# https://github.com/mikedh/trimesh
v -0.04061650 0.21711272 -0.01352091
v 0.09061256 0.20482682 0.02879869
v -0.01878338 -0.20340049 -0.09893463
v -0.02628769 0.20962404 -0.01356419
v 0.15221550 0.17846525 0.01720338
v 0.15598950 0.17795175 0.00792475
v -0.09757956 0.20399857 -0.03539069
v -0.05744625 -0.14924268 -0.10155994
v 0.00066587 0.21426919 -0.01368512
v -0.14739400 -0.20119400 0.08530200
v -0.08363563 -0.14144537 -0.10075037
v -0.06760298 -0.12244491 -0.10161142
v -0.07045103 -0.22189197 -0.04843100
v 0.04277825 0.21688500 0.01390438
v 0.15561050 0.17399563 0.00959388
v -0.06265687 -0.22136563 -0.04601281
v -0.09603944 0.19477472 -0.02769484
v -0.14747025 -0.19038950 0.08755000
v -0.02494550 0.20178263 -0.00336744
v -0.03318000 0.20351188 -0.00797975
v -0.06300094 -0.22470371 -0.05186037
v -0.04109944 0.20560038 -0.01110206
v -0.05172831 0.20640869 -0.01210475
v -0.10095338 0.21580900 -0.02295725
v -0.08405550 -0.22498649 -0.05396375
v 0.15656382 0.19151244 0.01785412
v -0.16601287 0.16164681 -0.07156778
v -0.16478500 0.16974600 -0.06868800
v -0.16225362 0.17466062 -0.06600738
v 0.04617600 0.22380519 0.00488788
v 0.04181000 0.22315276 0.00779325
v -0.03286525 -0.14877413 -0.10211381
v 0.16171999 0.19988924 0.01729725
v 0.02076425 0.22180556 0.01012250
v -0.15246406 -0.19434668 0.08505438
v 0.05193275 0.22211000 0.00991650
v 0.01611150 0.20019269 -0.00291125
v -0.05533687 -0.20243406 -0.09855562
v -0.09163831 0.21392006 -0.01511531
v 0.09519831 0.19988362 0.03513519
v 0.13298263 0.15701582 -0.08768475
v 0.04528300 0.18253650 0.00899800
v 0.10012750 -0.21992250 -0.08062550
v 0.04489072 0.19217247 0.01768219
v 0.13095100 0.14720900 -0.08960800
v 0.11101950 -0.21670200 -0.07189150
v -0.10075881 0.21779819 -0.01844622
v -0.10531281 0.22184531 -0.01404300
v 0.13941801 0.16331850 -0.08333175
v -0.09716365 0.21186487 -0.01828188
v 0.13046162 -0.21686999 -0.07134237
v 0.14065100 -0.21614613 -0.06625187
v 0.13862137 0.17541750 0.02086712
v 0.14943478 0.16687809 0.00796272
v 0.13515787 0.17632097 0.02351006
v 0.03348550 0.19873887 0.00792300
v 0.13783693 0.18016681 0.02250087
v 0.14569201 0.17896138 0.01981506
v 0.13272569 0.19081381 0.02621944
v 0.14268506 0.15937893 -0.08340637
v 0.13849249 0.18529101 0.02704350
v 0.14080775 0.18135087 0.02524025
v 0.14422300 0.18518224 0.02454112
v -0.16466875 0.17169601 -0.05850825
v -0.00804250 -0.15162200 -0.10427050
v -0.04415388 -0.09203438 -0.10247862
v -0.05693375 -0.10153625 -0.10305137
v -0.05545300 -0.09257125 -0.10259222
v -0.04778313 -0.07559319 -0.10033412
v -0.07229505 -0.02444715 -0.09903743
v -0.07107825 -0.06575925 -0.09898200
v 0.09819963 -0.22351569 -0.07164700
v 0.14073144 0.15334082 -0.08562325
v -0.13517331 0.20148487 -0.06252138
v -0.12662275 0.21224350 -0.05649750
v 0.16701643 -0.01930713 0.00068194
v 0.12659100 0.15575713 -0.08928262
v -0.05444925 0.21030200 -0.01415887
v 0.04435750 0.18072826 0.00722225
v 0.00602031 0.21865506 0.01290787
v 0.04141361 0.17681704 0.00478391
v 0.14115100 0.17493221 0.01763378
v 0.14290237 0.17513387 0.01519025
v -0.01111344 0.20307219 0.00734363
v 0.11123712 -0.21110913 -0.08338313
v 0.03538497 0.17616306 -0.00164041
v 0.02925222 0.17370369 -0.00270191
v 0.08171912 0.21651749 0.04315375
v 0.13196656 -0.21453300 -0.07623988
v -0.13004300 0.22044550 -0.00289550
v 0.02417663 0.17386603 0.00289122
v -0.13426900 0.21787401 -0.03673150
v 0.09052050 0.20286100 0.00174550
v 0.00625012 -0.14898494 -0.10192181
v 0.00405475 0.17228837 -0.00455587
v 0.16043681 -0.19074638 -0.06016206
v -0.13962749 0.10083698 -0.09305876
v -0.10498250 0.21601950 -0.05137675
v 0.00314000 0.17212000 -0.01251650
v 0.05160650 0.21521765 0.02808562
v -0.08734213 0.17430225 -0.00968137
v 0.05342273 0.21965843 0.01758284
v 0.04948341 0.21300586 0.01939720
v 0.14032300 0.14701800 -0.08618900
v -0.16756976 0.16506425 -0.06287375
v -0.09637647 0.18240525 -0.06546606
v 0.01055100 -0.15394250 -0.10405400
v -0.10826700 -0.12646188 -0.09456400
v -0.11102820 -0.12727311 -0.09484696
v -0.12961629 -0.20003085 0.08906015
v -0.11920109 -0.13406241 -0.09629966
v 0.02989556 0.22344944 -0.00451025
v -0.13663213 0.21493775 -0.03950500
v 0.05796331 0.22285275 -0.00874456
v 0.09415525 0.19900800 0.00169700
v -0.07495488 -0.03974501 -0.10107625
v 0.04102169 0.21361750 0.01445181
v 0.04671900 0.18893300 0.02805450
v 0.04562787 0.18119937 0.04518113
v -0.09358500 0.20370249 -0.01358750
v -0.09528387 0.20123063 -0.01534650
v 0.02664213 -0.15193719 -0.10292850
v 0.02727640 -0.14988770 -0.10124066
v -0.13718501 -0.19396700 0.08946100
v 0.10474550 -0.21938066 -0.04832994
v 0.09862050 -0.21994001 -0.04543012
v 0.09775600 -0.22380400 -0.05055000
v -0.14172900 -0.18869799 0.08906500
v 0.15300526 -0.21055162 -0.04017475
v 0.15720238 0.15858901 0.03796700
v 0.15425181 0.16259694 0.04057894
v 0.04543000 0.20237800 -0.01205300
v -0.15319662 -0.18607588 0.08508275
v 0.04295700 0.20213100 -0.01052300
v 0.14123896 0.04209142 0.08564219
v 0.14547400 0.14996487 -0.08269150
v -0.08305250 -0.08821025 -0.09827425
v -0.09324362 -0.08961294 -0.09984628
v -0.15549900 0.16130100 -0.08430500
v -0.09489018 -0.10506256 -0.09699193
v 0.10400319 0.19373563 -0.00338031
v 0.09706150 0.19686650 0.00196650
v 0.10638388 0.19234174 0.00803675
v 0.11614600 0.15267125 -0.09110063
v -0.09025578 0.19822666 -0.01291875
v 0.04495125 0.18177612 -0.01148838
v -0.06051100 -0.04343100 -0.09882800
v -0.05973350 -0.00064800 -0.09842913
v 0.07867250 0.21802613 0.04746800
v -0.09752050 -0.10091987 -0.09974025
v 0.07002900 0.22164454 0.04859809
v 0.07572650 0.21922737 0.04892956
v 0.06355700 0.22346900 0.04554100
v -0.05789044 -0.04182769 -0.09956887
v -0.04761100 0.21257100 0.01370500
v -0.04286978 0.21784231 0.01279791
v 0.12779137 -0.21025713 -0.08294000
v 0.13522993 -0.21110082 -0.08007000
v 0.14262487 -0.20979488 -0.07738700
v 0.14932150 -0.20250900 -0.07789150
v -0.02843431 0.20881125 0.01287875
v -0.14660825 0.14963099 -0.09066075
v 0.11528800 0.20246738 0.00776775
v -0.07162300 0.19943599 -0.00126000
v -0.08416875 0.19694613 -0.00770938
v 0.15359987 -0.19948900 -0.07408006
v -0.11269700 0.22355300 -0.00515000
v -0.13929813 0.13548388 -0.09312225
v -0.14890325 0.15574062 -0.08910950
v 0.15940462 0.15612562 0.00338894
v -0.03279850 0.20618375 0.01112525
v 0.15194350 0.17484599 0.01449275
v 0.12644900 0.16185100 -0.08668100
v -0.02889042 0.22269613 0.00755098
v 0.04892300 0.20320100 -0.01991050
v 0.10894900 0.12884019 -0.09341156
v 0.14910676 0.16973300 0.00608525
v 0.15525597 0.17232050 0.00206831
v 0.00443444 -0.07529163 -0.10324503
v 0.15545875 -0.20850176 -0.02149062
v -0.09558713 0.18237813 -0.02982891
v -0.09300230 0.17808315 -0.02812383
v -0.00204587 -0.08888722 -0.10238150
v 0.13954078 0.16840591 -0.07865303
v -0.05093187 0.17337362 0.00015475
v 0.15650550 -0.19170000 -0.07246450
v -0.07910794 -0.12721707 -0.10154262
v -0.06977642 -0.10267092 -0.09893261
v -0.08899450 -0.12973411 -0.09731980
v 0.15125300 0.17185925 0.00674288
v 0.05232550 0.21621537 -0.02168475
v 0.04982544 0.21717706 -0.01497572
v 0.10688706 -0.21851112 -0.07007031
v 0.05396244 0.22013862 -0.01484169
v -0.07488106 -0.11656617 -0.10100075
v 0.14294501 -0.20306499 -0.08301700
v 0.14399751 -0.19675450 -0.08474119
v 0.15120900 -0.19764212 -0.07837038
v 0.13476200 0.16566101 -0.08300600
v 0.15144600 -0.19209500 -0.07955000
v 0.05481198 -0.15236986 -0.10056678
v 0.04037600 0.21010900 0.01392400
v -0.14131163 -0.20468076 0.08512275
v 0.09349650 0.19790401 0.05970925
v -0.10817225 0.09898975 -0.09441150
v -0.10179425 0.09886000 -0.09512950
v -0.09327106 0.17501467 -0.07455362
v -0.09717422 0.18161097 -0.07036747
v -0.10168149 0.18150711 -0.07603131
v -0.10236713 0.19486900 -0.06590150
v 0.16595533 0.19839036 0.01224203
v 0.16759650 0.19978601 0.01616700
v 0.17123650 0.20335124 0.01409737
v 0.16750288 0.20812050 0.01518650
v 0.12624188 0.22268513 0.00476025
v 0.12712251 0.22413450 0.01318750
v 0.12524825 0.22543125 0.00521325
v 0.02840925 0.20369388 0.01074012
v 0.00928650 -0.07297600 -0.10261225
v 0.07334300 -0.14901251 -0.09727350
v 0.15687750 0.17686000 0.00244575
v 0.16227549 0.19403800 0.01154475
v -0.15541568 -0.20533025 0.07845806
v -0.08461200 0.19442600 -0.00044600
v 0.02500900 -0.08590950 -0.10290475
v -0.09884688 0.20686987 -0.02920050
v 0.02533863 -0.08862300 -0.10182625
v 0.15863951 -0.19172350 -0.06762000
v -0.03859353 0.02404259 -0.09909075
v -0.06634209 0.05400600 -0.09786825
v -0.15519118 -0.19910894 0.08209781
v -0.09657550 0.18474250 -0.04504775
v 0.14841798 0.16900359 -0.00766995
v 0.12496769 0.22175631 -0.00041212
v 0.06576178 -0.11107440 -0.09598984
v 0.06175497 -0.10303784 -0.09616359
v -0.15103033 -0.11045622 -0.08876225
v -0.14858250 -0.13940050 -0.09086700
v 0.03662425 -0.07117875 -0.09889000
v 0.02120388 -0.06924275 -0.09969975
v 0.14808850 0.16019787 -0.07867812
v 0.03776037 -0.05513875 -0.09912813
v -0.03688062 0.21518075 0.01376612
v -0.01439805 0.22199392 -0.00845406
v -0.07122508 0.21948177 0.01128572
v -0.10751403 0.12655750 -0.09821775
v -0.11279839 0.13769968 -0.09702054
v 0.04736469 0.22012281 0.01210537
v 0.11115915 -0.20003752 -0.09200819
v 0.10733481 -0.21907675 -0.05668306
v 0.15017650 0.14946100 -0.07809400
v 0.11429756 0.18866913 -0.01671806
v 0.10766750 0.19140038 -0.01752075
v 0.10961420 0.19421081 -0.01207233
v 0.10074541 0.16204506 -0.08898418
v -0.09634650 -0.14458050 -0.09874625
v 0.03551688 -0.07871663 -0.10223263
v -0.09727375 -0.15545200 -0.09942775
v -0.09199013 0.16838881 -0.08549206
v 0.09902438 0.15815675 -0.09119687
v -0.08481725 -0.21783350 -0.08676825
v 0.11504575 0.19700225 -0.01531325
v -0.14399976 0.20172074 -0.01395950
v -0.14304756 0.20440732 -0.00894400
v 0.15768465 -0.09934681 -0.06797856
v 0.14263293 0.10683000 -0.08444131
v -0.10245612 0.13735650 -0.09816850
v -0.01999700 -0.21279649 -0.09357850
v 0.04739087 0.18614826 -0.04325712
v 0.09786319 0.19771388 -0.03002213
v -0.08082194 0.20113263 0.00673806
v 0.15161125 -0.10817713 -0.07807937
v 0.15522476 -0.09564925 -0.07274425
v -0.15333074 0.19995537 -0.01399359
v 0.15100250 0.16550000 0.05948400
v -0.14967750 0.20648050 -0.01150675
v -0.15848701 0.20443900 -0.01390200
v -0.15146200 0.19219212 -0.01394675
v -0.14795031 0.19694331 -0.01505475
v -0.15071397 0.19092879 -0.01554469
v -0.06011510 0.16941021 -0.08240847
v 0.05714875 -0.22117475 -0.04404450
v 0.14445101 0.16926800 -0.01264100
v 0.10395900 -0.21194200 -0.08845000
v 0.12638715 0.18695687 -0.02114253
v 0.11732100 0.19056188 -0.01733637
v -0.08416200 -0.21462800 -0.09040500
v 0.06238750 0.21511500 0.05705250
v 0.08679482 -0.09900150 -0.09589560
v -0.06737425 0.09429388 -0.09951525
v -0.06596450 0.10007900 -0.10080625
v -0.09715431 0.14652622 -0.09755313
v -0.16846982 0.16399981 -0.03644875
v 0.11951400 0.19790800 -0.01663000
v 0.11640625 0.20011075 -0.01157500
v 0.12783800 0.21891987 -0.01295913
v 0.12796950 0.22303450 -0.01509875
v -0.00282520 0.00105461 -0.10221334
v 0.00060400 0.00383600 -0.10245200
v -0.00006252 -0.00173566 -0.10088953
v 0.01234187 -0.00314900 -0.10082650
v 0.03711113 0.17373337 0.03867925
v -0.08074000 -0.14842200 -0.10066700
v -0.07784000 0.09396750 -0.10056900
v -0.05320594 0.09672280 -0.09955315
v -0.09394234 0.15946770 -0.09350722
v -0.15756463 0.19765937 -0.01406969
v 0.12788118 0.18299487 -0.01876025
v 0.13702454 0.17559378 -0.01790812
v 0.13750675 0.17309500 -0.02037275
v -0.15819618 -0.17591944 0.08162256
v 0.06376872 -0.07219329 -0.09670361
v 0.09198100 -0.10087300 -0.09599300
v 0.07774219 -0.08131525 -0.09829088
v -0.17046669 0.15839244 -0.02213513
v -0.15895399 -0.19458200 0.08078150
v 0.15057983 0.21684602 -0.00740450
v 0.15242794 0.21151325 -0.00414425
v 0.15116112 0.21529922 -0.00428062
v -0.09254462 0.21615174 0.01257863
v -0.09509156 0.21011050 0.01385481
v 0.04396606 -0.04672888 -0.10124084
v 0.05083269 -0.04416163 -0.09817894
v -0.10166766 0.21945128 0.01329258
v -0.09738162 0.22083725 0.00969000
v -0.03565925 0.02756100 -0.10143800
v -0.03716400 0.03078550 -0.10223200
v -0.00210947 0.02611000 -0.10046078
v -0.01396414 0.02340864 -0.09917817
v -0.06665225 0.20703675 -0.01316850
v -0.03957669 0.03413587 -0.10204375
v -0.04030487 0.22050443 -0.01111456
v -0.14198938 -0.20900369 0.08183569
v 0.15491888 0.16245501 -0.02966562
v 0.13884775 0.17918400 -0.01879325
v 0.14952494 0.17309581 -0.01253878
v 0.14324901 0.22196388 -0.00973637
v 0.15517837 -0.06189458 -0.07165070
v -0.10724028 0.22271532 0.00924944
v 0.12829275 0.22537901 -0.01406163
v 0.13082451 0.21600901 -0.01746000
v 0.03762138 -0.01671244 -0.10115975
v -0.06779775 0.13207650 -0.09856025
v -0.08298100 -0.22061799 -0.08282600
v 0.15785950 0.18526350 -0.01173450
v -0.09900288 0.21119925 0.01688450
v -0.02420134 0.09945312 -0.10171030
v -0.10395913 0.21947394 0.01963541
v -0.13015175 0.22072551 -0.03886125
v -0.03289609 0.09738555 -0.09985330
v 0.03610644 0.16984938 -0.07854094
v 0.04127781 0.17435168 -0.04936308
v 0.04495406 0.17684719 -0.06462093
v 0.05467750 0.21928050 -0.04202700
v 0.05789450 0.22159450 -0.04230706
v -0.13291213 -0.20686625 -0.08964800
v 0.03742750 0.00203875 -0.10216700
v -0.12214100 0.22358701 -0.03538300
v 0.10279313 -0.22315487 -0.05402388
v -0.03818816 0.16763313 -0.08678316
v -0.02044744 0.16510969 -0.08965569
v 0.10002625 -0.22456200 -0.05781900
v -0.15067750 0.21072850 0.00070100
v -0.15334213 0.21129763 -0.00029838
v -0.14263010 0.20611966 0.00030112
v -0.15462759 0.18847603 -0.00827022
v 0.01550497 0.03502684 -0.10150175
v -0.10350675 0.21712600 0.03948625
v -0.12976000 0.22109775 -0.03468300
v 0.03084625 0.03721325 -0.10072950
v -0.12990950 0.22202675 0.03234325
v -0.05107425 0.13336447 -0.09817015
v 0.03012200 0.03012200 -0.10216600
v 0.02841250 0.02477813 -0.09950300
v 0.03546800 0.02734150 -0.09932175
v 0.04971228 0.04303305 -0.09814356
v 0.10044550 -0.20779750 -0.09208650
v 0.04894400 0.19433400 -0.05496200
v 0.04897325 0.18553212 -0.06586100
v 0.05212100 0.20987201 -0.05067375
v 0.01935034 -0.22190359 -0.04632800
v 0.04271425 -0.22221029 -0.04741666
v 0.10447387 -0.04015344 -0.09625047
v 0.10764477 -0.04859411 -0.09534010
v -0.01975112 -0.22499463 -0.05117438
v 0.00034506 0.09780969 -0.10043694
v -0.15855844 0.17442906 -0.07269156
v -0.00118244 0.09951937 -0.10221343
v -0.01640125 0.10310975 -0.10200675
v -0.02266316 0.10538206 -0.09940031
v -0.00278375 0.10542428 -0.09953585
v -0.00573250 0.16834050 -0.08589400
v -0.01828125 0.16979094 -0.08250606
v -0.08313000 0.17311825 0.00531775
v -0.09448650 0.17975950 0.00757850
v 0.05352625 0.19871491 -0.06277207
v 0.05572756 0.21221837 -0.05425150
v 0.05944925 0.21469450 -0.05461850
v 0.06229975 0.22074226 -0.04867163
v -0.02395175 0.15930375 -0.09441663
v 0.06743700 0.22333200 0.00227200
v 0.15115650 0.21377850 -0.02764550
v 0.14511700 0.21863700 -0.02575600
v 0.15040000 0.21614450 -0.02575100
v 0.15325400 0.20721599 -0.02677300
v 0.16311701 0.20750800 -0.02329100
v -0.15303788 -0.19984338 -0.08714637
v 0.13277420 0.08659264 -0.08913528
v -0.13899350 -0.20984975 -0.08631950
v -0.14744169 -0.20831412 -0.08487462
v 0.01649906 0.10596307 -0.09934138
v -0.00328269 0.09604993 -0.09979669
v 0.01916611 0.09901226 -0.10148501
v 0.03673956 0.16851406 -0.08374500
v 0.09363975 0.20047700 -0.04850775
v 0.08873212 0.20301975 -0.05474650
v 0.04720550 0.18467049 0.06824850
v 0.06180350 0.02291750 -0.09727650
v -0.04748725 0.20136075 -0.00100737
v 0.03298775 0.17024951 0.08049875
v 0.09211862 0.06969526 -0.09325879
v 0.04682531 0.05278938 -0.10150190
v 0.05891150 0.06413978 -0.10046159
v 0.09574175 0.19715950 -0.05680350
v 0.02426225 0.09618188 -0.09971725
v 0.09574400 -0.22179499 -0.07780200
v -0.10159750 0.22201701 -0.01101025
v 0.00162395 0.10294369 -0.10192750
v 0.01323059 0.10449609 -0.10007906
v 0.05538541 0.06944481 -0.09942159
v 0.05115031 0.18553153 -0.07057884
v 0.05595822 0.19406919 -0.06797672
v 0.07634269 0.03192800 -0.09917719
v 0.03754431 0.10069148 -0.10140187
v 0.03916414 0.09846079 -0.10037783
v 0.03395994 0.10323947 -0.10130147
v 0.04392106 0.10552137 -0.09882168
v 0.15824200 -0.20483300 -0.02865800
v -0.14030437 -0.21348962 -0.08117625
v 0.14142150 0.15097050 0.08707300
v 0.06282778 0.07324031 -0.10036062
v 0.07243107 0.07994837 -0.09832469
v -0.17370325 0.12768650 0.02760825
v 0.05934300 0.05983225 -0.09874500
v 0.06548350 0.06312563 -0.09656425
v 0.04823466 0.17493778 -0.07905334
v 0.06036931 0.18273091 -0.07689075
v 0.01774950 0.13407737 -0.09784637
v 0.05949900 0.09541000 -0.09872200
v 0.15548888 -0.12129450 0.07111900
v 0.15483981 0.03664078 -0.07111753
v 0.04555900 0.17989218 0.07060563
v 0.15600784 0.08792666 -0.06883422
v -0.08065400 -0.07151900 -0.10201500
v -0.10970200 0.22352301 0.00423500
v -0.07542219 -0.07157338 -0.10040356
v -0.10214075 -0.14310326 -0.09494975
v -0.14935538 -0.21025337 0.07777644
v 0.05850350 0.09850675 -0.09944362
v 0.12983724 -0.21908900 0.00422550
v -0.09409419 0.18025900 -0.01391300
v 0.11843975 -0.21848893 0.00229925
v 0.11504287 -0.21907981 -0.00236419
v 0.13014244 0.17580681 -0.07259475
v 0.06143044 0.09747756 -0.09966150
v -0.16321474 -0.19516137 0.07633175
v 0.08403026 0.08794664 -0.09394801
v 0.13836400 0.14981475 0.08884575
v 0.03637569 0.13353944 -0.09751059
v -0.14184099 0.20605101 0.00622700
v 0.06223900 0.10525850 -0.09953000
v 0.05865525 0.10790188 -0.09808750
v -0.08812747 0.17446335 -0.02790584
v 0.04034950 0.15870069 -0.09387031
v 0.04904244 0.18314406 0.07470531
v 0.08003600 0.09799400 -0.09804100
v 0.08969913 0.09947643 -0.09456550
v 0.09324919 0.10461525 -0.09566475
v 0.15607640 0.15545078 -0.06657416
v 0.14822100 0.16851699 -0.06120900
v -0.15111907 -0.04410081 -0.08722444
v 0.09535281 -0.22013916 -0.00324569
v 0.15196012 0.15603988 -0.07499331
v -0.14365549 -0.07135969 -0.09164892
v 0.15467513 0.14949462 -0.07141694
v -0.04577300 -0.04243400 -0.10167300
v 0.15859887 0.14429837 -0.06124413
v 0.15431499 0.16156025 -0.06487700
v -0.11599200 -0.21694106 -0.06773569
v -0.03692800 0.20373681 0.00792006
v -0.12291800 -0.21511400 -0.06688300
v 0.11029181 0.17872131 -0.07592259
v -0.12654443 -0.21715368 -0.07014600
v -0.13430950 -0.21572763 -0.07695688
v 0.07623890 0.15527304 -0.09402522
v -0.10030775 0.06832525 -0.09598985
v -0.08513594 0.04586350 -0.09719022
v 0.15475363 0.16116124 0.05798025
v 0.15704256 0.15545875 0.06038138
v -0.09523463 -0.22313988 -0.06086325
v -0.11709650 -0.21117437 -0.06473075
v -0.10647675 -0.21734300 -0.06313375
v -0.10031959 0.06297781 -0.09856705
v -0.11141250 0.08606450 -0.09408050
v 0.14959800 0.16576013 -0.06920975
v -0.12599997 -0.20948625 -0.06277228
v -0.17010063 -0.19636163 0.06279813
v -0.17111675 -0.19016901 0.06139100
v -0.11592900 -0.13411701 0.08969000
v -0.11011300 -0.14393812 0.09034888
v -0.10434500 -0.14281300 0.09114400
v -0.08692950 -0.13597076 0.09806500
v -0.10003699 -0.14571415 0.09503912
v -0.16403675 -0.20981312 0.05700600
v -0.16850266 -0.14361422 0.06725711
v 0.13810831 0.06746319 0.08771159
v -0.13609591 -0.21555552 0.05505056
v -0.12819044 -0.21390894 0.05933325
v -0.11708050 -0.21794300 0.06426097
v -0.08992588 0.17410837 0.04126031
v 0.07934263 -0.22484678 -0.05175759
v -0.11795631 -0.21603912 0.06180806
v -0.08623906 -0.12112781 0.09502656
v -0.09253692 -0.13172898 0.09410031
v 0.14420168 0.16818406 -0.07517406
v -0.10299366 -0.11401140 0.09289645
v -0.17106900 0.15890406 0.02026044
v -0.10025806 -0.09580837 0.09670494
v -0.09026556 -0.08689000 0.09778106
v -0.15979150 -0.20781925 -0.07423350
v 0.15057357 0.16214994 -0.07337812
v -0.16660029 -0.20020565 -0.07005916
v -0.12830940 -0.21427743 -0.06424619
v -0.06774080 -0.09957622 0.09828597
v -0.10466550 0.06398275 -0.09899875
v -0.00539891 -0.21871540 0.08658250
v -0.08269564 -0.08117770 0.09671593
v -0.08616005 -0.09028205 0.09560026
v 0.07359275 -0.22543301 -0.05558800
v -0.08042412 -0.07122375 0.09904113
v -0.08426300 -0.07003900 0.09913775
v -0.12694646 0.22023797 0.04395184
v -0.09149350 -0.22228324 -0.05028644
v -0.10027044 -0.21958682 -0.04946875
v -0.03360717 -0.13035896 0.10160025
v 0.11189569 0.12566350 -0.09434994
v -0.11831350 -0.20742950 -0.05757600
v -0.01863900 -0.13531300 0.10379200
v -0.02134722 -0.13348006 0.10352937
v -0.12635438 -0.20684913 -0.05626619
v -0.13826163 -0.21479943 0.04807950
v -0.13392487 -0.20826507 0.05032125
v -0.14279725 -0.21742022 0.05066141
v -0.16586362 -0.20903775 0.04468688
v 0.04160944 0.17062606 0.08501966
v -0.05015319 -0.08408038 0.10260312
v -0.05009837 -0.08981387 0.10275663
v -0.11550872 -0.13619334 -0.09474066
v -0.05467769 -0.08669294 0.10163069
v -0.04884188 -0.07313019 0.09957194
v -0.03933700 -0.07266850 0.10245300
v -0.10485300 0.20823950 0.05371750
v -0.10578538 0.21819612 0.04467788
v -0.11506416 -0.14237590 -0.09586025
v -0.04445425 -0.09012000 0.10137925
v -0.03703275 -0.08601525 0.10349825
v -0.01746000 -0.08872700 0.10237100
v 0.00797150 0.20696700 -0.01181700
v 0.01805300 -0.21536949 0.09053325
v 0.00752897 -0.13350897 0.10379910
v -0.13799600 -0.21214651 0.03521050
v -0.13561644 -0.20872819 0.04396563
v -0.13482074 -0.20887031 0.02702262
v -0.13099501 -0.20655200 0.04459600
v -0.10567050 -0.21683726 0.04607500
v -0.09456713 -0.22372475 0.05014006
v -0.08153275 -0.22582275 0.05286775
v -0.04287022 -0.07017478 0.10007431
v -0.10721400 0.20558800 0.05773400
v -0.11424000 0.21678500 0.05130600
v -0.10140100 0.21079300 0.03982600
v -0.14099228 -0.21725209 0.03183316
v -0.10057800 -0.21988600 0.04444800
v -0.07377778 -0.05901947 0.09714068
v -0.11155003 -0.14159435 -0.09394500
v -0.07406825 -0.02619809 0.09664175
v -0.01232363 -0.08584913 0.10428738
v -0.12042419 0.21994887 0.04730550
v -0.12772700 0.21198550 0.05333900
v -0.01225362 -0.07171749 0.10196195
v 0.14176425 0.17118025 -0.07179050
v -0.14438337 -0.21833538 0.03528612
v -0.14008775 -0.21764350 0.00547150
v -0.16524650 -0.21031626 0.03160000
v -0.15576750 -0.21491000 -0.05887850
v 0.13613001 -0.02540377 0.08865605
v -0.09781312 0.18392800 0.03868131
v -0.09488650 0.17753901 0.04504450
v -0.07849263 -0.02828931 0.09863888
v -0.08853219 -0.22089675 0.04412837
v -0.15710394 -0.21036913 0.07118013
v -0.05267019 -0.07431612 -0.09980819
v 0.07331888 -0.22208062 0.00635588
v 0.05688736 -0.22124739 0.00330222
v 0.03998750 -0.22215456 -0.00019119
v 0.01652809 -0.22255790 -0.00045337
v -0.11811250 -0.20812450 0.04976475
v 0.00675241 -0.08611213 0.10415484
v -0.13709851 -0.21523531 -0.05249034
v 0.16040801 0.20467500 0.02481100
v 0.16298901 0.20848700 0.02380000
v -0.17642251 0.04630875 0.01014888
v 0.00562400 -0.09047450 0.10242250
v 0.00312319 -0.22349162 -0.00623994
v -0.06612200 0.17091700 0.07805650
v -0.12058687 -0.20935623 0.01626419
v -0.09387584 -0.22019544 -0.04369034
v -0.11000538 0.22096799 -0.04837356
v -0.02624972 -0.04666608 0.10239911
v 0.10449119 0.08551715 0.09418663
v -0.00762683 -0.04991453 0.10267953
v -0.10202287 0.21486625 -0.04782888
v 0.10153000 0.08635300 0.09226400
v -0.10573019 0.22040887 -0.04501313
v -0.00252225 -0.04338000 0.10096650
v -0.04860400 -0.00407700 0.10109800
v -0.05616450 -0.00192737 0.10131831
v -0.07534684 0.01638548 0.09754192
v 0.05394334 -0.21699332 0.08803540
v 0.01698184 -0.22218721 -0.00285647
v -0.04610144 -0.22239518 0.04154469
v -0.04716539 -0.22272752 0.04578455
v 0.10995200 0.08933125 0.09422775
v -0.09631747 0.17804678 0.06659938
v 0.03614688 -0.09516087 0.10175575
v 0.02881511 -0.08661502 0.10362264
v 0.04793725 -0.10593455 0.10229714
v 0.02812050 -0.07635600 0.10353775
v 0.06217725 0.22145937 0.05008175
v -0.09571392 0.05514161 0.09524475
v -0.09355488 0.05641637 0.09429500
v 0.05809875 0.22139087 0.04765700
v 0.05415019 0.21870312 0.04668519
v 0.04799002 -0.09733358 0.10198253
v 0.03156738 -0.07435853 0.10202219
v 0.05025450 0.21210951 0.04225000
v 0.14737712 -0.21449363 0.03795509
v -0.01241103 0.00776322 0.10061781
v -0.03958336 0.01034180 0.09939022
v 0.08682394 0.20485394 0.05569638
v 0.09368900 -0.21914200 0.08341000
v 0.09096713 0.09729862 0.09333175
v 0.09956028 -0.21390159 0.08819069
v 0.02629019 0.19958594 -0.00521663
v -0.00503200 -0.05480000 0.10018700
v -0.09883525 0.18549612 0.05896438
v 0.03734900 0.19308300 -0.00390325
v -0.01548781 -0.05307425 0.10086019
v 0.03517075 -0.05269503 0.10109688
v 0.04464388 0.18382575 -0.00881050
v -0.11615869 0.08875950 0.09077062
v -0.14213052 -0.21800788 -0.05625981
v -0.06768116 0.06153034 0.10105031
v -0.08506189 0.08802073 0.09878553
v -0.07242188 0.07422163 0.10004150
v 0.06221863 -0.11908766 0.10081084
v -0.16767107 0.07600800 0.06648812
v -0.08454875 -0.20435224 -0.09670775
v -0.04035050 0.02951031 0.10269206
v -0.02789862 0.03314038 0.10334350
v 0.07726331 -0.22097875 -0.04016706
v -0.09853637 0.10041969 0.09604532
v -0.15963399 -0.21488500 -0.00779400
v 0.01369309 -0.22563004 0.05061980
v 0.02607625 -0.05562344 0.09996538
v 0.03740472 -0.07460822 0.09980072
v -0.16322766 0.10724019 0.07483334
v 0.06244669 0.12141900 0.10011500
v -0.05787894 0.05698881 0.10078825
v -0.07117675 0.08607788 0.09931450
v -0.14977950 0.10922997 -0.08892694
v 0.08518594 0.13874950 -0.09533275
v -0.10960100 0.18681499 0.07186913
v -0.00995694 -0.22303376 0.04673075
v -0.02623481 0.16872400 0.08641631
v 0.02462500 -0.04362200 0.10122900
v 0.08027945 0.04864981 0.09755033
v 0.09362650 0.06301312 0.09698938
v -0.01361000 0.02527475 0.10051550
v -0.03118400 0.02761300 0.10258950
v -0.01842631 0.03054406 0.10350756
v 0.11887975 0.11752562 -0.09193700
v 0.00831981 0.02818212 0.10303631
v 0.12798300 0.22011250 0.01246800
v -0.02370062 0.03613715 0.10188133
v 0.14617451 0.17003600 0.00844050
v -0.00636231 0.03314697 0.10352436
v 0.05592831 0.21561994 0.05404606
v -0.09965675 -0.22053625 0.02006275
v 0.03455263 -0.22604460 0.05239037
v 0.12665901 -0.20780900 0.08643900
v 0.10916712 -0.20013225 0.09288488
v 0.04248206 -0.05259194 0.09951903
v 0.04720363 -0.04516525 0.09908938
v 0.04425500 -0.03991975 0.10147800
v -0.14613406 0.15560275 0.08719881
v 0.12694362 0.10037988 -0.09043650
v -0.13271450 0.15363149 0.09036600
v -0.06913300 0.17338559 0.00531563
v 0.05542650 0.09956144 0.10107619
v 0.05795500 0.09567700 0.09987500
v 0.08554550 0.10132075 0.09748175
v 0.07210743 0.07683275 0.09654881
v 0.13086700 -0.19562800 0.09118600
v -0.13556461 -0.21125364 -0.03627791
v -0.16640779 0.11926860 0.07044943
v -0.14743200 -0.21918425 -0.02657025
v -0.08766343 0.20065519 0.00875469
v -0.04155156 0.10584206 0.10112500
v -0.14668700 0.20801388 -0.00592588
v -0.05886306 0.09754500 0.09976600
v -0.04047044 0.09843769 0.10104144
v -0.13969424 0.20851825 -0.00329650
v -0.07772600 0.02180600 -0.10116200
v 0.01386472 -0.00236431 0.10105953
v 0.00965341 0.00011575 0.10199568
v 0.03730012 0.00283069 0.10213181
v 0.03515100 -0.00363900 0.10123100
v -0.13076350 -0.19999775 -0.09322862
v 0.00607953 0.00479263 0.10224405
v -0.07506500 0.01971800 -0.10076800
v -0.12369037 -0.20873569 0.00392841
v -0.11528606 -0.21065481 0.00473362
v -0.10222375 -0.21950600 0.00621650
v 0.02869087 0.09746113 0.10121769
v 0.08371750 0.19629650 0.06798075
v -0.09928000 0.18166712 0.06871581
v 0.02618750 0.02392712 0.09981357
v 0.10037825 -0.21934356 0.04473637
v 0.10037728 0.10623578 0.09558015
v -0.00842900 0.10016700 0.10371500
v 0.14114766 0.16345681 0.08383188
v 0.05996680 0.07367478 0.10110950
v 0.05334078 0.05866225 0.10107322
v 0.14672175 0.15759125 0.08198038
v 0.05832594 0.07684588 0.10043706
v 0.03227760 -0.22264993 0.04705953
v 0.06691228 -0.22489229 0.05068619
v -0.14345451 -0.21952638 -0.00906200
v -0.13647607 -0.21277043 -0.00845337
v -0.13456368 -0.21069869 -0.01400356
v -0.13089478 -0.20946471 -0.00982097
v -0.12709425 -0.20740162 -0.00403656
v -0.11742800 -0.20839500 -0.00402000
v -0.11347900 -0.21035901 -0.00447750
v 0.14197400 -0.12283800 0.08650300
v -0.01074389 0.10598336 0.10199458
v -0.01413994 0.09775531 0.10142894
v -0.01106238 0.10208125 0.10393713
v 0.04239500 0.05361162 0.10124893
v -0.04157432 0.13470574 0.09860524
v 0.00875838 0.13750374 0.10112950
v 0.05963200 -0.02769363 0.09711438
v 0.06169831 -0.01075125 0.09742306
v 0.06472675 -0.00546513 0.09915288
v 0.06730834 -0.02692753 0.09950578
v -0.17043100 0.15835200 0.05747000
v -0.11933600 -0.20998637 -0.00949341
v -0.09915625 -0.21952750 -0.00327937
v -0.10323750 -0.21794212 -0.00205450
v 0.15508600 -0.19081426 0.07360400
v 0.09505075 -0.22460701 0.05294700
v 0.15490538 -0.19864869 0.07104825
v 0.10039750 -0.22401451 0.06713950
v 0.15153362 -0.20551825 0.07096212
v 0.13217600 -0.21888299 0.06069100
v 0.14106987 -0.20914975 0.07950275
v 0.10649637 -0.21875975 0.05285075
v 0.10206012 -0.21998781 0.05014231
v 0.00451475 -0.22557597 -0.05251177
v 0.00372550 0.09665700 0.10147200
v 0.00908050 0.10060350 0.10388113
v 0.00856200 0.10242000 0.10396500
v 0.04857706 0.20045319 0.05120056
v -0.14045873 -0.21859419 -0.02757884
v 0.06166038 0.02656169 0.09746425
v -0.14180441 -0.14344300 0.08895131
v 0.14758265 -0.21028504 0.07030847
v 0.04511269 0.19658960 -0.01612034
v 0.04438687 0.05199488 0.10225713
v 0.00435294 0.13468231 0.09970088
v -0.07914881 -0.22116643 0.00403319
v -0.15580425 0.15433787 -0.08506937
v -0.10836100 0.22261900 0.03902600
v -0.08729300 0.16800250 0.08422825
v -0.09924750 -0.20102274 0.09290688
v 0.10323669 -0.22145040 0.05476847
v -0.15523447 0.18952125 -0.00090537
v 0.07156482 -0.22140613 0.04621981
v -0.16182975 0.17742625 0.06255600
v 0.06409975 0.01941475 0.09921975
v 0.06092691 0.00845275 0.09740006
v 0.06791300 0.02357200 0.09979400
v 0.04432800 0.21837699 -0.01197700
v 0.04892819 0.22098963 -0.00997375
v 0.09472275 -0.22346576 0.05077200
v -0.09856600 -0.22064300 -0.00770000
v -0.11437237 -0.21201475 -0.01338744
v -0.10205112 0.19645712 0.05926913
v -0.17006326 0.15935312 -0.00134700
v -0.10252813 -0.21937862 -0.00860113
v -0.06504806 -0.22087649 -0.00405908
v -0.07059263 -0.22081999 -0.00164512
v 0.15033001 -0.21318750 -0.00316550
v 0.13068500 -0.09717600 0.09148600
v -0.10007444 0.17594163 0.07769407
v 0.14563285 -0.15964378 0.08426980
v -0.09089306 0.17608063 0.00667531
v -0.09410950 -0.22104025 -0.00922850
v 0.04714144 -0.22182865 0.04463167
v -0.10773125 0.22254901 0.02973313
v 0.13496625 -0.20491743 -0.08547056
v 0.01641325 0.09981962 0.10348062
v -0.15412100 -0.19058500 -0.08839700
v 0.00966187 0.10621450 0.10201713
v -0.13773462 -0.21622525 -0.03358500
v -0.06643131 -0.22065081 0.00155162
v -0.04584750 -0.22127925 0.00205613
v -0.14447594 -0.20204319 -0.08990275
v -0.04811962 -0.22299625 0.00606313
v 0.13995175 -0.21631488 0.06664450
v 0.14371875 -0.21309818 0.07063425
v -0.09471188 0.17115462 0.08110487
v -0.09665675 0.19075038 0.01842975
v 0.13867265 0.06583013 -0.08672172
v 0.14630000 -0.21569400 -0.00255400
v 0.12802701 -0.21942700 -0.00479000
v 0.14096650 -0.17192163 0.08748262
v 0.15207991 -0.10447658 0.07647072
v 0.13819462 -0.21449612 0.07386375
v -0.10507613 0.18374474 0.07292844
v 0.03774206 0.03743587 0.10200644
v -0.09213223 0.17303501 0.07448120
v 0.05045828 0.04888951 0.09891742
v 0.03721600 0.20231050 -0.01055750
v -0.13289972 -0.20927994 -0.03089994
v -0.14071549 0.19770400 0.06052200
v 0.03503000 0.10035700 0.10295100
v 0.10945925 0.19425473 0.00746331
v 0.14496818 -0.20148376 0.08233556
v 0.13855948 -0.20447779 0.08482090
v 0.13757899 -0.21817800 0.05914800
v 0.14570025 -0.21434587 0.06145569
v 0.15014538 -0.21128462 0.05804712
v 0.15260351 -0.20748200 0.06434950
v -0.05340213 0.17000262 0.08274187
v -0.13340500 0.21947950 0.02568800
v -0.01589837 0.15163399 0.09869000
v 0.05627800 0.13448501 0.09897400
v 0.09392525 0.10305400 0.09561219
v 0.03851025 0.13800725 0.10072025
v -0.00797512 -0.22233209 0.00304194
v 0.00065306 -0.22361459 0.00531237
v -0.11095925 0.20591050 0.05873025
v 0.05676225 0.10952019 0.10036569
v 0.05705200 0.10398700 0.10096750
v 0.04443400 -0.00481000 0.10115100
v 0.04776619 -0.00120650 0.09861894
v 0.03202512 0.01077500 0.09935863
v 0.11777475 0.18033107 -0.07230312
v -0.09962519 0.20077969 0.02847894
v -0.14064400 -0.21762800 -0.05282900
v -0.09778988 0.15982369 0.09130359
v -0.09714000 0.18605413 0.02045188
v -0.12989756 -0.20809850 -0.03824081
v -0.11958119 -0.20912918 -0.03668512
v -0.02823954 -0.22229560 -0.04733206
v 0.12830187 -0.21367712 0.07970863
v 0.10848212 -0.21761744 0.06950806
v 0.07400862 0.22198212 0.00134263
v -0.13105862 -0.20756562 -0.00205250
v -0.13494425 -0.20912275 -0.00486925
v -0.13853256 -0.21649362 -0.00801088
v -0.14848550 -0.21924600 -0.00718300
v 0.04980388 -0.02918445 0.09817798
v 0.07947625 0.21839450 0.00277150
v -0.06876225 0.13419600 0.09763200
v 0.05391900 0.15584400 0.09726100
v 0.05778056 0.13663213 0.09951375
v -0.11741875 -0.21845937 -0.07321100
v 0.08814812 0.11452700 0.09762825
v -0.12462050 0.22245775 -0.00031575
v -0.11584550 0.15630551 0.09182950
v 0.06159556 -0.05487900 0.09795511
v 0.09542244 -0.12186243 0.09317684
v 0.10096312 -0.13696937 0.09132650
v -0.09321889 0.04826495 -0.09998720
v 0.02960502 -0.22182904 0.00312603
v 0.02554828 -0.22354072 0.00629069
v -0.08208515 0.03435472 -0.10029989
v 0.06702450 -0.05236425 0.09992150
v 0.04301338 0.21038263 -0.01317863
v 0.06615300 -0.06905400 0.10004000
v -0.11572225 0.09645475 -0.09612231
v 0.05641187 -0.05951406 0.09814594
v -0.15994100 -0.21210350 -0.05988938
v -0.16230126 -0.19597726 -0.08095000
v -0.13420200 -0.20920250 -0.05305950
v -0.15798688 -0.20163275 -0.08251675
v -0.03440500 0.10074500 0.10328400
v -0.15463474 -0.20744425 -0.08091031
v -0.03876100 0.10352775 0.10257138
v 0.08098550 -0.09274900 0.09826650
v 0.13319935 0.03995050 0.08988357
v 0.10919025 -0.21012500 0.08583950
v -0.05387700 -0.04007200 -0.10235400
v -0.04472103 -0.04925916 -0.10268453
v -0.04533762 -0.04567175 -0.10273013
v 0.15610775 -0.20469263 0.05213100
v -0.10299850 0.21302649 0.04561800
v -0.05361894 0.10056519 0.10180356
v -0.05021775 -0.04342500 -0.10262400
v -0.16867763 0.11853728 0.06558550
v -0.15312637 -0.21360332 -0.07204837
v -0.13296124 -0.21653834 -0.06401309
v -0.14906010 -0.13784416 0.08652797
v 0.00256633 0.01078844 0.09966305
v -0.05949181 -0.22566848 -0.05419850
v 0.12210200 0.15188950 0.09289950
v -0.10972988 -0.21959275 -0.06801687
v -0.10198850 -0.22183350 -0.06867550
v 0.04252338 0.17549087 0.07396044
v -0.08523212 0.17329399 0.03440887
v -0.13203272 -0.20906037 0.00867037
v -0.14293253 -0.21790406 -0.00034675
v -0.14180675 -0.21453637 0.07481375
v 0.14268185 -0.14796561 -0.08592562
v -0.08608275 -0.08415050 -0.10104800
v -0.10788609 -0.17511210 0.09402309
v -0.15730400 0.16439401 0.07977325
v -0.15259551 0.15371899 0.08495350
v -0.17131500 0.15412800 -0.00308112
v -0.16833951 0.16308425 -0.00107300
v 0.13247351 0.11465528 0.09077641
v -0.10374988 -0.08758275 -0.10019700
v 0.03536187 0.16731113 0.08817650
v 0.07076240 0.22305854 -0.01517172
v -0.16249099 -0.18843275 0.07783800
v 0.00488180 -0.06222039 -0.09975126
v 0.00373969 -0.05219331 -0.10178331
v 0.07944400 0.21889400 -0.00503200
v -0.15334851 0.18945350 0.00310350
v -0.09518303 0.19499902 0.01461184
v 0.01498300 -0.05480025 -0.09990650
v 0.05942369 -0.10532469 0.09810027
v 0.09509800 -0.22320700 0.07528300
v -0.09679550 0.20157450 0.01366000
v -0.13664106 -0.21146981 0.01331638
v -0.03100413 0.00169431 0.10235506
v -0.11159950 -0.20604400 -0.09295950
v 0.08582700 -0.20465849 -0.09460262
v -0.11366113 0.09557925 0.09021837
v 0.13675550 0.16915549 0.08082750
v 0.06934600 -0.20897575 -0.09384350
v -0.15420143 -0.07532737 -0.08557641
v 0.10949719 0.10722084 -0.09336169
v -0.00226238 -0.22244468 0.04402719
v 0.10435712 0.11514475 -0.09427525
v -0.15431049 0.18500650 -0.00776500
v -0.16164801 0.19933131 -0.01273200
v 0.04968650 0.13785625 -0.09827094
v 0.06126288 0.13835196 -0.09713972
v 0.02363488 -0.06924748 0.10046011
v 0.08996675 0.19607051 0.06587150
v 0.05113400 0.20597599 0.05672100
v 0.00490250 0.16765150 0.08837750
v 0.05815850 0.13155951 -0.09657050
v -0.03625381 0.15376869 -0.09718537
v 0.09462775 -0.22179575 0.07869725
v 0.08256150 0.20269625 0.06243200
v 0.07106338 0.21692109 0.05467575
v 0.12642850 -0.20511726 -0.08745550
v -0.12023300 0.09840400 0.09235425
v -0.12002815 0.08635709 0.09239356
v -0.08904300 0.18037950 -0.00207950
v -0.09188161 0.18059659 -0.00628205
v -0.09049656 0.17616944 -0.00892350
v -0.08468058 0.17619540 -0.00342534
v -0.07963932 0.17509818 -0.00030319
v -0.16488530 0.06800644 0.07152686
v -0.07788288 0.22360931 0.00443356
v -0.10312075 0.22265388 0.00700488
v 0.10612100 -0.22008701 -0.00028900
v -0.03016155 -0.22583890 0.05046169
v -0.03308031 -0.00154769 0.10116813
v -0.12848744 -0.20827687 0.02199312
v 0.04205187 -0.22469063 -0.05065544
v -0.11507525 -0.21090876 0.03058963
v 0.02258400 -0.07279600 0.10281550
v -0.14632413 -0.21587850 -0.07234488
v -0.08211150 0.17305750 -0.00978150
v 0.09662775 0.19815925 0.04788788
v -0.07273875 0.19992176 -0.00587425
v 0.08135250 0.12369250 -0.09690869
v -0.09366800 0.18210500 -0.00882000
v -0.00249984 -0.04719263 0.10285197
v 0.03858975 0.17452499 0.00495075
v 0.04616838 0.18416093 0.02896250
v -0.01003700 -0.22639500 0.05475300
v -0.15034153 -0.21809225 0.03187756
v -0.15101001 -0.21724699 0.05737800
v -0.06996300 0.17295299 -0.00580600
v -0.02596650 0.17307550 0.00566800
v 0.03315650 0.17339188 0.02755588
v 0.05848188 0.14649613 -0.09679137
v -0.12650800 -0.20680051 0.05536650
v -0.12374650 -0.20666476 0.04994325
v -0.11354937 -0.21057163 0.05367931
v -0.02226147 0.22069858 0.01099827
v -0.11743963 -0.20875800 0.05429900
v -0.11488500 -0.21126325 0.05796400
v 0.06899900 0.22393700 0.04014800
v 0.07408863 0.22248524 0.04154237
v -0.07828487 0.20030837 -0.00857912
v -0.10475300 -0.15082251 -0.09819350
v -0.07979391 0.03125972 0.09760822
v -0.09933003 0.05532384 0.09632660
v -0.08629075 0.03360200 0.09846650
v 0.04834156 0.20070969 0.03040913
v -0.09790450 0.20266224 -0.02099100
v -0.04653788 -0.01854813 -0.10118650
v -0.05663813 -0.00251675 -0.09996900
v 0.05591575 -0.12941524 0.10026200
v -0.01699650 0.17214750 -0.01059800
v -0.11517369 -0.20917094 -0.06024088
v 0.05716600 -0.13360900 0.10120000
v -0.10126700 -0.10832200 -0.09895600
v -0.10858800 -0.11201100 -0.09882400
v -0.06102687 -0.00157100 0.09812700
v -0.16042399 0.19789600 0.00534500
v 0.01359997 -0.22224715 0.00313953
v -0.17484725 0.09045859 0.01328866
v -0.00817978 -0.22241803 -0.00351100
v 0.03246275 0.17312463 0.00845938
v 0.04805681 0.19992806 0.02364125
v 0.04925175 0.20606200 0.02113787
v -0.01524700 0.20203593 -0.00517225
v 0.01260681 0.20156901 0.00565456
v -0.02321162 -0.20835499 -0.09662037
v -0.07197575 -0.22479697 0.04877019
v -0.05488256 -0.02659653 0.10155787
v -0.05786062 -0.03944800 0.10083412
v -0.04890900 -0.02105100 0.10062300
v 0.14222150 0.17177875 -0.06706400
v 0.04122800 -0.22077399 0.08325700
v 0.00489538 -0.22216474 0.08067892
v 0.00128113 0.17326163 0.00037150
v 0.00785100 0.16981900 0.08456500
v -0.08492781 -0.22181319 0.07792481
v 0.04694750 0.20329425 0.01705112
v 0.04610113 0.21132424 0.01566744
v -0.09995475 -0.21587594 0.08316900
v -0.07448950 -0.00749400 0.09684050
v -0.08761300 -0.19752701 0.09475800
v -0.00434100 0.20143625 -0.00296750
v -0.02255400 0.20169231 0.00198594
v 0.00823562 0.20089357 0.00160719
v -0.16963406 -0.20373525 -0.02424806
v -0.04117966 0.22313115 -0.00496728
v -0.16427985 -0.21128806 0.00025634
v -0.16754612 -0.20766813 -0.00809800
v 0.00786600 -0.20881262 -0.09634312
v -0.12578875 0.22277500 -0.03488000
v -0.03306519 -0.07609615 0.10342156
v -0.16357744 -0.21111743 -0.02846206
v -0.10128550 0.21651250 -0.03775100
v -0.09481325 -0.18462950 0.09514100
v -0.06097106 -0.03413819 0.09824894
v -0.04820875 -0.15203525 -0.10347825
v 0.15822600 0.15546700 0.04810000
v -0.07830894 0.00529506 0.09889903
v -0.08002850 0.01786650 0.09924425
v 0.03795131 -0.20946294 -0.09514194
v 0.03742437 -0.21376798 -0.09193128
v 0.06095988 0.22358225 -0.00343525
v -0.09744200 0.19814301 -0.05170200
v 0.10282425 -0.22224513 -0.07186063
v -0.08150738 -0.04220350 0.09896400
v -0.08446591 0.16925332 -0.08148847
v -0.09225837 0.17522512 -0.06533975
v -0.10546700 0.22146012 -0.03899900
v -0.09082478 0.17119318 -0.08069260
v -0.04956306 -0.04696775 0.10210619
v -0.08335400 0.16495425 -0.08847138
v -0.05395250 -0.04780650 0.10156500
v 0.10598463 0.19416951 -0.00798981
v 0.11067162 0.19957063 -0.00598850
v 0.01600100 -0.20500462 -0.09812625
v -0.04996725 -0.00293250 -0.10220425
v -0.04583300 -0.00272150 -0.10119550
v 0.09889813 -0.21518324 -0.08682562
v -0.14166471 0.05815202 -0.09239248
v -0.12369463 0.21986088 -0.04895075
v -0.11953950 0.22205712 -0.04608425
v -0.11178050 0.22324088 -0.04249312
v 0.15141290 0.11090665 -0.07624912
v 0.04134462 0.18968481 -0.00694238
v -0.07593150 -0.04446235 0.09766760
v 0.16421776 -0.13660623 -0.03865869
v 0.16442981 -0.13264918 -0.04070325
v -0.16334331 0.14670056 -0.07710556
v -0.16208300 0.15975900 -0.07890700
v -0.16259262 0.16476856 -0.07652237
v 0.06055725 0.22350325 0.00534975
v -0.08265437 0.16999450 -0.07730750
v 0.11467428 0.19736934 0.01650475
v 0.11802569 0.19144125 0.01772197
v 0.11909853 0.18739191 0.01789444
v 0.12762100 0.18318422 0.02207184
v 0.10794703 -0.21351653 -0.08142678
v 0.11272687 -0.21432875 -0.07814662
v -0.09553206 0.18073806 -0.05173244
v -0.08619200 0.17205501 -0.05862537
v 0.08333875 -0.21273194 -0.09024619
v -0.11767887 0.21876737 -0.05181713
v -0.10772450 0.21588226 -0.05355100
v -0.10113725 -0.22017924 0.05535650
v -0.09928831 0.20708656 -0.04911581
v 0.12982050 0.20453550 0.02193950
v 0.14549351 0.19541299 0.02431150
v 0.14003937 0.19779375 0.02521125
v -0.07206550 -0.10219381 0.09726981
v 0.11377913 0.19037674 0.01397075
v -0.17042916 0.10298206 0.05897853
v 0.04436950 0.19015625 -0.01468175
v -0.16623250 -0.11396857 0.07058951
v -0.14784975 0.17551138 -0.08010775
v -0.16338025 -0.20943950 -0.05575150
v 0.16083582 0.14964144 0.02504294
v -0.16845238 -0.20483775 0.05227075
v -0.03386962 -0.22084035 0.08283441
v -0.17047150 -0.20068775 0.05310175
v -0.16472168 -0.20075753 0.07151932
v 0.00950763 0.21109846 -0.01345837
v -0.05264541 -0.09776444 0.10114953
v 0.15020837 0.21505013 0.02775137
v 0.14905401 0.20986888 0.02500550
v 0.15307191 0.21010682 0.02711284
v -0.07149525 -0.12304050 0.09939925
v -0.17075349 -0.20290725 0.02780600
v -0.17235337 -0.19922826 0.02720800
v -0.07277200 -0.11085481 0.09972094
v -0.15529412 0.16911487 -0.08104150
v -0.15357099 0.17513099 -0.07770100
v -0.14793788 0.16528387 -0.08622687
v -0.08252325 0.17307074 -0.02876775
v -0.04405900 -0.05200600 -0.10178400
v -0.00367175 -0.05422900 -0.10009050
v 0.14726050 -0.21045625 -0.07146013
v 0.15188375 -0.20573363 -0.07128125
v 0.15682681 -0.20023188 -0.06672675
v 0.15536350 0.20643125 0.02340600
v 0.15851744 0.21301062 0.02423462
v -0.08761050 -0.22396250 0.07174600
v -0.09891100 -0.22319700 0.06550200
v -0.08503031 0.07770175 -0.09662843
v -0.01948625 -0.08542525 -0.10373987
v 0.03781456 0.17394561 -0.02275483
v -0.09055437 0.17457300 -0.04844900
v 0.04143700 0.17728275 -0.00731800
v 0.04316900 0.17893200 -0.00781450
v -0.13768899 0.21607500 0.03441900
v -0.07751709 -0.04263803 -0.10164575
v -0.07059153 0.01929587 -0.09812603
v -0.06070947 -0.13372985 0.10106640
v -0.07190000 -0.13205925 0.09990150
v 0.11712875 0.20198600 0.01310775
v -0.00676737 0.02232925 0.09983025
v 0.02033441 0.03058356 0.10175231
v 0.02979500 0.03668000 0.10173300
v 0.01197784 0.03573725 0.10203347
v -0.11296869 -0.11711763 0.09413637
v -0.11274900 0.09133700 -0.09379200
v -0.10811800 -0.11498700 0.09437200
v -0.11683050 -0.12737730 0.09241437
v -0.05601253 -0.21538253 0.08868872
v 0.04674990 0.21051368 -0.01503134
v -0.16775613 -0.20363556 0.06108844
v -0.16449931 -0.20704176 0.06442381
v -0.11686513 -0.14106709 0.09032822
v 0.16135110 0.14860256 0.00448531
v 0.15567476 0.16182637 0.00195500
v -0.11606850 -0.15306368 0.09261644
v 0.16033119 -0.14126390 -0.06212519
v -0.16809399 -0.19890501 0.06698300
v 0.12935850 -0.19950788 -0.08968087
v 0.13594601 -0.19723025 -0.08862950
v 0.14273649 -0.19112600 -0.08654650
v -0.14708200 -0.21660131 0.06658787
v -0.15147600 -0.21391974 0.07094600
v 0.07465200 -0.14564900 -0.09704950
v 0.17142349 0.19749375 0.00650250
v 0.17096549 0.20507251 0.01363150
v 0.13523374 -0.18949850 -0.08984600
v -0.08382653 0.07920292 -0.09720769
v -0.08585859 0.08673006 -0.09937806
v 0.16603497 0.19416660 0.00486575
v -0.04562550 0.00169656 -0.10214862
v -0.09075150 0.05694025 0.09435675
v -0.04548625 0.01009637 -0.09890700
v -0.04437775 -0.03491297 0.10080782
v -0.03013781 -0.00221466 -0.10091103
v 0.04334262 -0.09537806 -0.10163993
v -0.08473481 -0.20679319 0.09242637
v 0.10165071 -0.14512523 -0.09090062
v 0.10993893 -0.14070672 -0.09135291
v -0.07216457 0.02800019 0.09734475
v -0.09271788 0.03372875 0.09796362
v -0.06427623 0.05954200 -0.10099744
v 0.04537072 0.18223634 -0.02369347
v 0.05456005 -0.10108539 -0.09971080
v 0.11083350 -0.15093650 -0.09169475
v 0.10469700 -0.13690643 -0.08907681
v 0.00229781 0.10938787 0.10199138
v -0.10506100 0.15547700 -0.09544600
v -0.00211475 0.10268375 0.10258838
v -0.04290675 0.00554500 -0.10184225
v -0.04232800 0.03025500 -0.10169100
v -0.05575030 0.05285870 -0.10160951
v -0.04505537 0.04262162 -0.10060775
v -0.08668925 -0.21199150 0.08928450
v -0.15359612 -0.13429791 0.08408353
v 0.17113157 0.19605650 -0.00068294
v 0.17296812 0.19721088 0.00061362
v 0.17447713 0.20118350 0.00056338
v 0.03088062 0.00648313 -0.10137437
v -0.00408363 0.00862619 -0.09955281
v -0.03756075 0.03589725 -0.10064525
v 0.14480700 0.17266250 -0.01120250
v 0.15165301 0.17438599 -0.01372300
v 0.15376151 0.09249986 -0.07286097
v 0.07179000 0.16305099 -0.09072600
v -0.04254656 0.15888415 0.09453181
v 0.14723779 0.06106360 -0.08059847
v -0.04302888 0.15521713 0.09643775
v 0.10840744 0.08784181 -0.09306744
v 0.10328338 0.10054237 -0.09312913
v -0.08221275 0.14528263 -0.09832925
v 0.06361272 0.12259978 -0.09852572
v 0.15895624 0.15136212 -0.05742488
v 0.15359238 -0.20903769 0.04344269
v 0.06834450 -0.20715250 0.09491050
v 0.15173575 0.16478175 -0.02396137
v 0.14673001 0.17982000 -0.02107250
v 0.15050051 0.17833063 -0.01777863
v 0.14236188 -0.10462187 -0.08590412
v 0.04993197 0.00021916 -0.09854950
v -0.03991862 0.10264862 -0.10156588
v -0.13215537 -0.21552093 0.07371882
v 0.14278699 0.17845900 -0.02148300
v 0.08738650 -0.06725625 -0.09810900
v 0.06984200 -0.06245263 -0.09958713
v 0.02907550 0.13742000 -0.09967600
v 0.05715331 0.15627350 -0.09498563
v 0.15455469 0.18938257 -0.01769231
v 0.12358350 0.19567700 -0.02037600
v 0.06720034 -0.02731020 -0.09933224
v 0.07042175 0.01916662 -0.09986950
v 0.06366394 -0.01149656 -0.09756646
v 0.03956437 -0.00329212 -0.10171913
v 0.15902799 0.15585674 -0.04587850
v 0.08049243 0.04372896 -0.09788976
v 0.04721600 0.18210401 -0.06083400
v 0.09035493 0.06115378 -0.09578797
v 0.16159165 0.19966991 -0.01739216
v 0.15722644 0.15783288 -0.05931138
v 0.00700509 0.13620238 -0.09957334
v 0.15149049 0.16600674 -0.05858175
v 0.15667300 0.16032501 -0.04772500
v 0.15996744 0.15473694 -0.01980044
v 0.13514188 0.21506774 -0.02158125
v 0.13221669 0.21986750 -0.02045163
v 0.13717400 0.21944600 -0.02454100
v 0.13218322 0.22489671 -0.01776756
v 0.13325299 0.22676368 -0.01442919
v 0.07239387 0.21892400 -0.05015412
v 0.06954262 0.21528463 -0.05466837
v 0.01817758 0.02813697 -0.10177545
v 0.08249763 0.21530101 -0.04339775
v 0.07371000 0.22233950 -0.03859375
v 0.15733331 -0.00016822 -0.06651436
v -0.03406003 0.13718429 -0.09981666
v 0.04135456 0.17230062 -0.07552275
v 0.15643637 0.17718875 -0.00381350
v 0.15761575 0.20247363 -0.02142088
v 0.14088550 0.21139100 -0.02364600
v 0.14671987 0.20880675 -0.02520350
v 0.14286700 0.21413550 -0.02696350
v -0.16623725 -0.19022612 0.07306337
v 0.13928300 0.22208075 -0.02338213
v 0.00594200 0.13854100 -0.10002300
v 0.15125000 0.17068800 -0.00228650
v 0.07648688 0.21979450 -0.04530862
v -0.02263637 0.13366278 -0.09800494
v 0.16275303 0.18956709 0.00278359
v 0.06683637 0.02103325 -0.09930663
v -0.00975950 0.13686100 -0.09994650
v 0.00170097 0.13450947 -0.09805688
v 0.03162550 0.16969050 -0.07848750
v 0.03674300 0.16604738 -0.08716950
v 0.10007072 -0.00093622 -0.09682883
v 0.10829400 0.00356800 -0.09804700
v 0.10153791 0.00474066 -0.09662044
v 0.15148662 0.18821537 0.02109869
v 0.15014262 0.18893218 -0.02045163
v 0.08412017 0.05907855 -0.09435318
v 0.06166556 -0.01699141 -0.09715239
v 0.03420762 0.17171088 -0.05414438
v -0.11395088 0.12158012 -0.09742356
v -0.17055900 0.16236974 0.04608400
v 0.04749450 -0.00616050 -0.10091150
v 0.04748775 -0.03905450 -0.10088125
v 0.04424250 -0.00234225 -0.10203125
v 0.16927050 0.19808850 -0.01366900
v 0.16785949 0.19763775 -0.01394325
v 0.16532044 0.19717281 -0.01157837
v 0.16703463 0.19600913 -0.00397075
v 0.10093825 0.06816825 -0.09548350
v 0.02327194 0.02256725 -0.09892631
v -0.00746250 0.03614300 -0.10053250
v 0.04073450 -0.04499550 -0.10217200
v 0.06321075 -0.05147300 -0.09727775
v 0.14226067 -0.06150064 0.08540889
v -0.12317469 0.13501281 -0.09583137
v -0.06894325 0.10391625 -0.10063500
v 0.06583487 -0.06728544 -0.09838507
v -0.16038400 -0.20649081 0.07243450
v -0.16012557 -0.20073318 0.07740494
v -0.16951001 -0.19089550 0.06667875
v -0.08180350 -0.21845999 0.08377050
v 0.12102200 0.18801600 -0.01588800
v 0.12717281 0.17998518 -0.02159669
v -0.12137225 -0.13835387 0.09174700
v -0.12478125 -0.21728399 0.07021875
v -0.02231100 0.16359875 0.09171825
v 0.15802050 0.21338150 0.00046300
v 0.15157250 0.21586050 0.00362000
v 0.15435749 0.21358857 -0.00052275
v 0.15357625 0.21051525 -0.00056575
v 0.14671975 0.21923169 -0.00114706
v 0.14410099 0.21551000 -0.00064000
v -0.07269500 -0.22384837 0.07416225
v -0.06644375 -0.22068082 0.08165862
v -0.07237200 0.07337300 -0.10113700
v -0.10323047 -0.22164118 0.06137338
v 0.06001300 0.22307999 -0.03841500
v -0.04354700 -0.13366824 0.10269538
v -0.05161606 -0.13061769 0.10072600
v 0.13054925 -0.18801551 0.09170675
v 0.14429025 -0.19495963 0.08506937
v 0.11052334 -0.13169609 -0.09168619
v 0.10460643 -0.13120157 -0.09012356
v 0.13547000 -0.16226780 0.08988966
v 0.04952862 0.20753862 -0.03516737
v 0.14087576 -0.19014007 0.08748731
v -0.05936106 0.06256390 -0.10008041
v -0.07849431 -0.06096969 0.09902919
v -0.16778663 0.15800412 0.06820475
v -0.16419400 0.16194212 0.07410412
v -0.16522850 0.15586650 0.07319125
v -0.16209225 0.14685838 0.07713150
v -0.16729750 0.16694793 0.06505816
v -0.16402650 0.17631450 0.05747050
v -0.00981191 -0.13031231 0.10230664
v 0.16018324 -0.09978329 -0.06038392
v -0.17742682 -0.00153019 -0.00139897
v -0.02867647 -0.22207706 -0.00331584
v -0.17751938 -0.00261769 -0.00666325
v -0.16865812 0.16677900 0.05646650
v -0.16796374 -0.03459613 0.06626286
v -0.01590734 -0.22384503 -0.00919141
v 0.00598087 -0.04676162 -0.10280200
v 0.00518837 -0.04287338 -0.10112600
v 0.00225500 -0.13461800 0.10413200
v 0.00988875 -0.13056275 0.10224275
v 0.14685865 -0.10387587 0.08241689
v 0.15538400 -0.14156388 -0.07410825
v 0.09395409 -0.14875765 -0.09429406
v 0.12047800 0.21345100 0.00055500
v 0.11496875 0.20176500 -0.00601875
v 0.06165237 0.09797800 0.10067800
v 0.13876750 -0.21822050 -0.05238350
v 0.14394701 -0.21674500 -0.04902400
v -0.04106775 -0.04344300 0.10098250
v 0.14525449 -0.21565300 -0.05671500
v -0.10366956 0.17296825 -0.08328912
v -0.11059147 0.10323665 -0.09726488
v -0.15155025 0.19047700 -0.05720162
v 0.10770766 0.09623584 -0.09282244
v -0.16529290 -0.00590080 0.07061309
v -0.15271588 0.18978900 -0.05300038
v 0.13783900 0.15879075 0.08795837
v 0.12142450 0.21341050 0.00540400
v 0.11361650 0.20245662 0.00104400
v -0.01561241 -0.06906656 0.10043350
v 0.15185601 0.15219951 0.07661100
v 0.14904700 0.16082768 0.07750925
v 0.14730294 0.14709209 0.08216731
v -0.00659944 -0.06902237 -0.10014306
v -0.05570338 -0.22631787 0.05414687
v 0.11916462 -0.21940263 0.03905850
v 0.01809664 -0.08877400 0.10234408
v 0.11190700 0.09203100 -0.09292200
v 0.15473901 0.15683819 0.06872669
v 0.15025724 0.16435225 0.07022450
v -0.10669488 0.06232363 0.09556575
v 0.12930062 -0.21939950 0.02656375
v -0.05437163 0.00762981 0.09887747
v -0.04889275 0.00407650 0.10202450
v 0.05006506 -0.11317543 0.10099562
v -0.15632300 0.20985600 0.00116650
v -0.15159950 0.20874825 -0.01048500
v 0.14457315 -0.00952877 0.08311450
v 0.04763113 0.19834556 -0.03065075
v 0.04639900 0.18660000 -0.02283800
v -0.15910563 0.20702544 -0.00730238
v -0.16184799 0.19692200 -0.01058850
v 0.10819813 0.19671600 -0.00166487
v -0.15198262 0.21088424 -0.00393825
v 0.05344394 -0.11442138 -0.09974575
v -0.15737450 0.20598800 0.00634250
v -0.08096413 0.17172500 -0.05520325
v -0.06603881 0.05233969 0.09844216
v -0.07591922 0.06346089 0.09686121
v -0.06171150 0.05155959 0.10117300
v 0.15806310 0.10143244 -0.06368591
v -0.05520038 0.03628706 0.09895263
v -0.05542095 0.04912326 0.10208043
v -0.04405738 0.03921087 0.10149656
v 0.10018300 -0.20593350 0.09330450
v 0.10760187 -0.19308300 0.09466913
v 0.07344328 -0.12858821 0.09822994
v -0.16128275 0.20343512 -0.00552250
v -0.06095463 -0.22254613 -0.01032050
v 0.08202250 -0.14652374 0.09814225
v -0.03569725 -0.07305537 -0.10295350
v -0.04180837 -0.07670163 -0.10319663
v -0.07436100 0.10457700 0.09970800
v -0.11427103 0.10200894 0.09290875
v -0.16362895 -0.14025033 0.07521684
v -0.10737475 0.10089038 0.09267275
v 0.08507922 -0.14617032 0.09730403
v 0.09622200 -0.15160550 0.09558588
v -0.15619850 0.19174850 0.00611400
v 0.16161400 -0.19044399 0.04180900
v -0.04937000 -0.05503950 -0.09959150
v -0.04139675 -0.06976919 -0.10014431
v -0.05220053 -0.04845813 -0.10134041
v 0.14134158 0.21367621 0.02390325
v 0.13638151 0.21917801 0.02416950
v -0.13376647 0.18837599 -0.07315747
v -0.09740063 0.10283563 -0.09895088
v -0.13497600 0.15737949 0.08924900
v 0.10925996 -0.21418479 0.07973213
v 0.07168831 -0.08708017 0.09672739
v -0.07381613 -0.20253494 0.09478944
v 0.00952750 0.03306875 0.10350425
v -0.04214112 -0.08692638 -0.10345250
v 0.09852100 -0.22329712 0.07341388
v 0.10606650 -0.21565600 0.07907419
v -0.10415819 0.11436044 -0.09874150
v 0.09588825 -0.22480650 0.06717850
v 0.10505337 -0.21896975 0.07121163
v 0.10403056 -0.13235193 0.09265512
v 0.10891916 -0.13408263 0.09367982
v 0.05648506 0.16298163 -0.09093618
v -0.15925013 0.20569737 0.00226013
v 0.09643350 -0.11122450 0.09644400
v 0.07747006 0.19072112 -0.07124625
v -0.07478550 0.12657154 0.09860456
v 0.03167775 0.00766937 0.10066125
v 0.04202375 -0.00405425 0.10197575
v 0.13241012 -0.20914149 0.08393925
v -0.01179175 -0.14968725 -0.10251400
v 0.13083676 0.18373699 0.02327000
v -0.16161887 0.16552712 0.07584237
v 0.11534900 0.18750837 0.01843037
v 0.14159563 0.04538612 -0.08500309
v -0.15923075 0.16813999 -0.07863050
v 0.07062400 0.17307200 -0.08409600
v -0.15207900 0.17328200 0.07687100
v 0.05190725 -0.20599025 -0.09636837
v 0.13488388 -0.21269862 0.07901087
v -0.02928291 -0.22177297 0.00229222
v -0.02164769 -0.22363269 0.00580150
v 0.12443225 0.19681887 0.02257375
v 0.12022100 0.19564150 0.02208300
v 0.12341700 0.18320112 0.02228625
v 0.02064819 0.17259382 -0.00526563
v 0.03103006 0.10624169 0.10171200
v -0.16397138 0.16960087 0.06987750
v -0.07536662 -0.07597594 -0.09885706
v 0.06314925 0.06320956 0.09734184
v 0.05726706 0.22231644 0.01331644
v -0.16640951 -0.20769300 -0.03774450
v 0.11502863 0.06970438 -0.09316106
v 0.03033800 -0.21610300 -0.08998750
v -0.12842941 -0.21603115 0.06265391
v -0.00417131 0.15377057 -0.09733325
v -0.17101042 -0.10553650 0.05872714
v 0.08461525 0.20330963 -0.05894862
v 0.17158400 0.20318800 -0.01270100
v -0.01901959 0.20693591 -0.01186541
v -0.14503124 -0.21772362 0.06042775
v -0.16955125 -0.06825185 0.06294807
v 0.04113600 0.01031550 -0.09859500
v -0.01267319 0.22345403 0.00343531
v 0.13570300 -0.10258547 0.08960931
v 0.07771559 0.05161816 0.09576772
v 0.07775931 -0.09354656 -0.09450156
v 0.07786225 0.22038700 0.04165050
v 0.11944200 0.19225051 -0.02073350
v -0.09474344 0.21925674 -0.01339663
v -0.09876625 -0.22065012 -0.02622800
v -0.10173325 -0.21998088 -0.01823512
v 0.12762775 0.22872788 -0.00519588
v 0.12817538 0.22979188 -0.00052237
v 0.02884675 0.15140362 0.09899113
v -0.11234087 0.15080437 -0.09592775
v -0.08494900 0.17045437 0.07775138
v 0.12507300 0.22455300 -0.00615400
v 0.12582301 0.22866900 -0.00030600
v 0.13911749 0.22521076 0.01699975
v 0.02756350 0.17266850 -0.03208800
v 0.03573475 -0.02248275 0.10105225
v -0.01145712 -0.22263050 -0.00055337
v 0.04150769 0.17643675 0.02578516
v 0.15906906 -0.19925763 0.04821850
v 0.13183625 0.22111949 0.01974950
v 0.14839725 0.21891925 0.02577850
v -0.16881262 -0.20295300 -0.04757838
v -0.15543212 -0.21654025 -0.02872463
v -0.13291700 -0.20785999 -0.04930400
v -0.15275766 0.10486047 -0.08694750
v -0.09064000 0.20670125 -0.01358850
v -0.09432353 0.19581072 -0.01885542
v 0.13084400 0.19444850 0.02474925
v -0.13470250 -0.13299949 0.09021825
v 0.00680331 0.20468825 0.01033031
v 0.10660888 0.09265438 0.09386700
v -0.15601391 -0.10084550 0.08159529
v 0.10311794 0.09374300 -0.09087812
v 0.09990625 0.09698300 0.09221100
v 0.02029500 0.20311324 -0.00890713
v 0.16611737 0.03356237 0.01250731
v -0.15824625 -0.21201301 -0.06751075
v -0.16610800 -0.20441000 -0.06420825
v -0.16881987 -0.19972850 -0.06131750
v -0.14745472 0.03831987 -0.08956721
v 0.03727062 -0.22330301 -0.00670950
v 0.03871431 0.17823701 -0.00010069
v -0.14430700 -0.01728431 -0.09096114
v -0.02346762 0.17358519 0.00209838
v 0.16541000 0.03667825 0.02714950
v -0.13081300 -0.20928650 -0.05902863
v -0.04860450 -0.21146700 -0.09418300
v -0.11531581 -0.21546756 0.07977156
v -0.07470100 -0.20837800 -0.09535800
v -0.15474194 0.05542837 -0.08469081
v -0.13584425 0.21686150 0.03850375
v -0.12278237 -0.20711476 -0.06027912
v -0.09260987 -0.22388124 -0.05537137
v 0.10975800 -0.21838699 0.05277900
v -0.09654737 0.18065597 0.03855169
v 0.09729013 -0.22092275 0.04850487
v 0.07229230 -0.22137111 -0.00378180
v 0.06745119 -0.22132507 0.00014125
v 0.07918397 -0.22039716 0.00310706
v -0.12155531 0.22279294 0.04159237
v -0.11401662 0.22295757 0.04189706
v 0.09680100 -0.21995956 0.00162213
v -0.16723438 -0.19413263 -0.07338500
v -0.16184443 -0.20283175 -0.07722819
v -0.14537671 -0.21393313 -0.07831085
v -0.14234875 -0.21717912 -0.06841800
v 0.01479437 -0.22174500 -0.08132503
v 0.04617747 0.17608944 0.07987597
v 0.05240300 0.18399049 0.07649750
v 0.14113438 -0.21768562 0.00178913
v 0.10461175 -0.21916400 0.00395525
v 0.12654801 -0.21964900 0.00867300
v 0.04621863 -0.22330099 -0.00902625
v 0.09821175 -0.22121607 -0.00968812
v 0.03895038 0.17306475 0.06739163
v 0.05437900 0.18007062 0.08027375
v -0.14190684 -0.15759538 -0.09327966
v -0.07795644 0.19864599 0.00093700
v -0.08612537 0.19787188 0.00635650
v -0.08811887 0.19003437 -0.00254437
v 0.14242050 0.11122066 0.08548769
v 0.14311700 0.16934501 0.07478500
v 0.14795788 0.16457650 0.07550888
v -0.10166400 0.21355399 0.03084200
v -0.04767919 0.17238988 -0.01473862
v -0.09448850 0.18953188 -0.01892387
v 0.03764225 0.15087925 -0.09725225
v 0.14686400 0.21483600 0.00458100
v -0.02266612 -0.22594038 -0.05584187
v 0.15207663 0.21741338 0.00891537
v -0.09107613 0.17989700 0.00254650
v 0.13439398 0.04526825 -0.08873393
v -0.14822450 -0.18836300 -0.09142800
v -0.14342612 0.20453949 0.00530250
v -0.05515675 0.17319150 0.00560800
v 0.15892850 -0.20410675 -0.00620025
v -0.09203222 0.19662669 0.01031234
v -0.08918375 0.17453450 0.01518094
v -0.09453113 0.18278974 0.00619450
v 0.15551551 -0.20821725 0.00967562
v -0.14268437 -0.11194287 -0.09267887
v 0.04690012 0.18529537 0.05217725
v 0.06572734 -0.12043197 -0.09906147
v 0.13818949 0.17132750 0.07658400
v 0.14204900 0.17127000 0.06964650
v 0.09746100 0.19617701 0.05813450
v 0.07748200 -0.13062781 -0.09645338
v -0.11323425 -0.19757782 -0.09609962
v 0.15764400 0.15010101 0.06307100
v -0.13447601 -0.18614550 -0.09456500
v -0.14000607 -0.19528925 -0.09310031
v -0.08489675 -0.21071200 -0.09333237
v 0.13557699 0.16569100 0.08488000
v -0.13004269 -0.21320257 -0.08293100
v -0.02298300 -0.22043800 -0.08442300
v 0.15930706 -0.20200087 0.02632344
v -0.09487300 0.22374950 -0.00577350
v 0.05474250 -0.22320344 0.01127231
v -0.15167044 0.20152469 0.00868875
v -0.15697300 0.20280699 0.00829950
v -0.15475513 0.19704334 0.00841728
v -0.15117213 0.19202738 0.00837263
v -0.10844582 -0.14663091 -0.09623975
v 0.10320625 0.16155000 0.09140650
v -0.15391088 -0.21101213 -0.07695750
v 0.15271676 -0.19544762 0.07653762
v 0.01385162 0.17351250 0.00713075
v -0.04408719 0.20169000 -0.00430244
v -0.05763131 0.20231076 -0.00713638
v 0.15030788 -0.20296524 0.07574225
v 0.05398450 0.21982776 0.03967625
v -0.10404794 -0.15572050 0.09483775
v 0.15974125 -0.19704069 -0.05736294
v -0.08486450 -0.16472144 0.09745350
v 0.03857331 0.17189126 0.08016981
v -0.11040487 0.22036281 0.04634719
v 0.03962444 0.16023082 0.09488706
v -0.16339588 -0.20694500 -0.06730400
v 0.08212900 0.19617625 -0.06674125
v -0.11680925 0.16035350 -0.09278550
v 0.13761750 -0.21846275 0.03200375
v 0.14946277 -0.11445402 0.07998832
v 0.15916650 -0.19081250 0.06113750
v -0.14872250 -0.21741199 -0.05624100
v 0.15404750 -0.20827875 -0.05738175
v -0.17200001 0.15410601 0.02614700
v 0.16228013 0.13220049 0.01603275
v 0.12953760 -0.02295876 0.09114648
v 0.13279700 -0.21876626 -0.05890825
v 0.14921875 -0.21338950 -0.05267275
v 0.14661101 0.21334399 -0.00287400
v -0.16010381 -0.21383156 -0.03013344
v 0.14885412 0.21734838 0.00262019
v 0.13621250 0.21648701 0.02187725
v -0.17169075 -0.19831556 -0.03333750
v -0.08979700 0.16648100 0.08591100
v 0.15245499 -0.16584539 0.07736539
v -0.05525075 0.00557637 -0.09867544
v 0.14908387 -0.21175988 -0.06434362
v 0.15364850 -0.20714749 -0.06477050
v 0.15758887 -0.19698738 0.06440800
v -0.03396073 -0.22217087 -0.00079972
v 0.03358100 0.14301300 -0.09885400
v -0.12348725 0.11003669 -0.09591331
v -0.13701637 0.16522112 -0.08833350
v -0.17297500 -0.19602013 0.03802300
v 0.04837953 -0.20269428 -0.09772369
v 0.07788550 -0.14172950 -0.09749450
v -0.11267200 0.21586899 -0.05471400
v 0.11101550 0.19896288 0.00898262
v 0.12144712 0.19969650 0.01877213
v 0.15129650 0.21247678 0.00396403
v -0.05658637 -0.21208175 0.09135637
v 0.14150982 -0.21341006 -0.07274637
v 0.08501822 -0.10249034 -0.09350325
v 0.00564425 0.13894451 0.10115400
v -0.14087375 0.14863375 0.08929425
v 0.14290050 0.20266224 -0.02442675
v 0.06116725 -0.22438100 0.07265063
v -0.00553828 -0.22499909 0.07014345
v 0.15766500 0.20345475 0.02154050
v -0.11088400 0.20396000 -0.06315800
v 0.16025788 0.20345278 -0.02363087
v 0.09638875 0.09817700 -0.09169575
v -0.16739506 0.02984481 0.06683978
v -0.06189250 -0.01461550 0.09767300
v -0.05023800 0.00370213 -0.10148225
v 0.15941575 -0.17036849 -0.06624150
v 0.15047200 0.16658707 -0.00251028
v 0.08849900 -0.14177200 -0.09245800
v 0.09405950 -0.14338313 -0.09086244
v 0.09841962 0.19661625 -0.05099363
v -0.15984148 -0.10674971 0.07840528
v -0.05336612 -0.20816837 0.09389119
v -0.08579075 -0.22512050 0.06554650
v -0.16440634 -0.05986265 0.07226744
v 0.14905606 -0.19841699 0.07991194
v 0.09076843 0.20389244 -0.01192437
v -0.11338519 -0.21818888 0.07517119
v -0.02829200 0.13884450 0.10033900
v 0.15771362 -0.15223438 -0.07006944
v -0.04651344 0.02803894 -0.09876825
v 0.03029600 0.03193700 0.10305600
v 0.03421875 0.02664962 0.09958509
v -0.09493051 -0.21916401 0.00142983
v 0.04146344 0.00775963 0.09912025
v 0.11937900 0.18679100 -0.01581500
v -0.09352581 0.15513407 0.09383775
v 0.00010813 -0.07901681 0.10412194
v 0.12932050 -0.21621899 0.07444394
v -0.10376588 -0.21647100 0.00103375
v -0.11253837 -0.21019325 0.00088775
v 0.08013052 -0.02195672 -0.09911762
v 0.05606737 0.22099063 -0.02409250
v -0.15842301 0.17330401 0.07321700
v -0.04458269 -0.19860759 0.09730081
v 0.15997937 0.01377094 -0.05838212
v -0.04044975 0.13731687 0.09972916
v 0.15106910 -0.05024188 -0.07726597
v 0.17378999 0.20331000 0.00082700
v 0.03584275 -0.05030900 -0.10185875
v 0.10815555 0.00522622 -0.09531409
v 0.08645850 -0.14099149 0.09412875
v -0.13417563 -0.21006057 -0.00005088
v -0.06903000 0.10752300 0.09944100
v 0.10649094 -0.14336106 0.09355694
v 0.10305000 -0.13926674 0.09151188
v -0.01088613 0.01290387 -0.09910212
v -0.07104756 0.12846869 -0.09972725
v 0.12358150 0.18151900 -0.02616750
v 0.13741601 -0.19832350 0.08810613
v 0.13107900 -0.20357025 0.08828612
v 0.12674375 0.19027838 -0.02418231
v 0.12872975 0.19221337 -0.02294700
v 0.13706025 0.18384326 -0.02515050
v 0.01193850 0.02551100 0.10080425
v 0.15126675 0.20416050 -0.02347000
v -0.14726426 0.16277926 0.08448087
v 0.04000575 0.17980550 -0.00280175
v 0.03798294 -0.03959138 0.10204025
v 0.04114769 0.02002575 -0.09859325
v 0.03990914 0.18915968 0.00242597
v 0.04117187 0.18385191 -0.00020175
v -0.13921793 -0.21642604 -0.00218194
v 0.03650425 0.03258612 -0.10139250
v 0.04258969 -0.02261738 0.10174831
v 0.03256000 0.19626001 0.00126950
v 0.10046413 -0.22022168 0.07957081
v -0.07071722 0.09799794 0.09980413
v 0.04740350 0.17855608 -0.07210733
v 0.08225262 0.20088337 -0.06274500
v -0.14241774 -0.21898063 0.00393587
v 0.09301050 0.19591206 -0.06251525
v -0.10295900 0.09874800 0.09226400
v -0.15243712 -0.21554287 0.06517687
v 0.04010181 0.19403444 0.00932788
v 0.10799681 -0.20497097 0.09067290
v 0.10989550 0.03087700 -0.09469338
v -0.10373969 0.10532425 0.09537906
v 0.02589200 0.20061751 0.00679350
v 0.10181600 -0.20013499 0.09479800
v -0.10838462 -0.14837757 0.09305494
v -0.06871767 -0.11005480 0.10085487
v -0.10716900 0.22319400 -0.00822900
v -0.08984122 0.19274044 -0.01079512
v -0.06916762 -0.16967919 0.09857981
v -0.15853909 -0.08376700 -0.08204895
v -0.08443350 -0.22538824 0.05071325
v -0.15577759 -0.13036656 -0.08611587
v -0.04403644 -0.22324701 -0.07695813
v -0.04836937 -0.05416631 0.09937456
v 0.02546525 -0.13093799 0.10197912
v -0.09036613 0.18501937 0.00014887
v 0.02680600 -0.13413800 0.10358500
v -0.10055950 0.19904774 0.05140000
v 0.12837450 0.13217901 0.09209925
v -0.16985862 0.00469631 0.06150388
v 0.06067438 -0.12372375 0.10088575
v 0.16572151 -0.15761974 0.01338125
v -0.10588778 0.07463350 0.09229397
v -0.17258200 -0.19300801 -0.04135900
v -0.03472763 0.02428981 0.10001037
v -0.07704644 0.07077675 0.09899909
v 0.03296525 -0.04933875 0.10272625
v 0.13350119 -0.21765637 0.06799931
v -0.09093634 0.08443184 0.09479935
v -0.05607812 -0.21578662 -0.09017206
v -0.03383300 -0.21776657 -0.08829575
v 0.03900150 -0.04937562 0.10198550
v 0.16171825 -0.19722025 -0.03137150
v -0.03506437 0.17231162 -0.00471225
v -0.04577475 0.03066625 0.10199275
v 0.14529587 -0.00061123 -0.08236697
v -0.07538900 -0.12510900 0.09985800
v -0.06936650 -0.12917300 0.09923150
v 0.06421162 -0.04110450 0.09914137
v -0.13632800 -0.21694849 0.06750087
v -0.01636069 0.01356931 0.09995681
v 0.05008400 0.20804401 -0.04193550
v 0.15838206 0.03535931 -0.06337881
v 0.14192012 -0.21674301 0.05726562
v -0.01284125 0.15718850 0.09680350
v 0.15615176 -0.20180669 0.06326962
v 0.04830690 0.17071672 -0.08398744
v 0.07148331 0.05261710 -0.09588909
v 0.13999200 0.17308851 -0.04421350
v 0.03985000 0.04803447 -0.10043622
v 0.15304843 0.01631966 -0.07396396
v -0.15240300 -0.21630950 -0.05944400
v -0.15913676 -0.21277726 0.06241050
v 0.13244000 0.18511100 -0.02477625
v 0.16078900 0.21147101 -0.00935150
v -0.13844512 0.14830287 -0.09299875
v 0.10725422 -0.03241519 -0.09548231
v 0.05310970 -0.22149353 -0.00232661
v -0.14122900 -0.10500300 0.08899900
v 0.03761100 -0.04176675 -0.10139650
v 0.17087676 0.20135100 -0.01392825
v 0.09311268 0.20165007 -0.03016588
v 0.05058209 0.00219666 -0.09821034
v 0.04125300 0.00457525 -0.10140450
v 0.03898538 0.00890412 -0.09916625
v 0.10015450 -0.05859850 -0.09667600
v -0.01948925 -0.22197124 -0.04485575
v -0.14890026 0.19737600 0.00936706
v -0.15512337 0.20628238 0.00677650
v 0.15801100 -0.04740663 -0.06536147
v -0.15485600 0.18388000 -0.00120200
v 0.03209200 0.17212600 0.05982700
v 0.08292900 0.21513000 -0.00911500
v 0.03945106 0.12373088 -0.09804481
v -0.14968912 0.20600063 0.00523287
v 0.07489075 -0.15131506 -0.09796962
v -0.09868300 0.20113701 0.01777900
v -0.08407287 0.20426700 0.00954388
v 0.12906957 0.02130772 -0.09044222
v -0.06946860 0.20763500 0.01151538
v -0.08916900 0.21140274 0.01242900
v 0.14083512 0.22373550 0.02202325
v -0.06755163 0.17415637 0.00076800
v 0.02099150 0.20725250 -0.01198550
v 0.10820962 -0.00766250 -0.09522513
v 0.01104800 0.15946400 -0.09404550
v -0.06577937 0.20107944 0.00292606
v 0.15711200 -0.20315824 -0.06054850
v 0.04470000 0.22391701 -0.00231900
v -0.00723744 -0.21577625 -0.09081288
v -0.08765987 0.22385068 0.00135756
v 0.04419925 0.19792394 0.01624531
v 0.03905781 0.20111576 0.01199769
v 0.10685475 -0.21892275 -0.04724800
v 0.04086875 0.20629938 0.01255987
v 0.05777200 -0.21978199 -0.08405000
v 0.03267800 0.17300600 -0.00795400
v -0.04336800 -0.21769275 0.08698775
v -0.08210550 0.20220025 -0.01144512
v -0.13242413 -0.21116126 0.05456613
v -0.03832000 0.17085551 0.08040825
v 0.08198100 0.21590699 0.00263600
v -0.00494400 -0.15367700 -0.10444400
v 0.13430426 0.18582775 0.02723150
v -0.03005688 -0.08876000 -0.10264938
v -0.11992762 -0.10793175 0.09347963
v 0.04287825 0.21502613 -0.01318737
v -0.04910150 -0.19043975 0.09802675
v -0.05664963 0.15053751 0.09699434
v -0.00548388 0.20458238 -0.00952375
v 0.10491706 -0.19719744 -0.09437656
v -0.13264050 0.21716675 -0.04380887
v -0.11317769 -0.21069132 -0.05008169
v -0.12914100 0.15820301 -0.09280413
v 0.14848475 -0.19036575 -0.08241975
v -0.16087319 0.05392450 0.07644766
v -0.16953237 0.14981601 -0.05689612
v -0.09778950 -0.22070850 0.00561300
v 0.04468272 -0.22320350 0.07756584
v 0.15020819 0.00757381 -0.07753625
v 0.11365175 -0.21802087 -0.06131037
v 0.06444800 -0.21151724 0.09256275
v -0.06319750 -0.15307800 -0.10266350
v -0.12143700 0.14631112 -0.09548587
v -0.16065088 -0.21349788 0.04705450
v -0.16589426 -0.18808401 -0.07679500
v -0.12203737 -0.20709375 0.00093738
v -0.16192852 -0.14007099 -0.08034817
v -0.15882015 -0.17399997 -0.08474969
v -0.13474275 0.21646225 -0.00028125
v 0.04658566 -0.08469828 -0.09820437
v 0.15261824 -0.15107025 -0.07803200
v -0.06925412 0.07512531 -0.10048106
v -0.08657925 0.17546006 0.00220500
v -0.12961000 -0.13433750 -0.09512900
v 0.15985897 -0.06518644 -0.06009906
v 0.16723575 0.20840187 0.00205962
v -0.13744141 -0.00934381 -0.09346122
v 0.13132037 0.17835499 -0.05107512
v 0.17076375 0.20510276 -0.00944875
v 0.12468169 0.19077325 0.02493681
v 0.06334725 0.22336724 -0.04080850
v 0.07946150 0.21916801 -0.03848938
v 0.06923075 0.22241400 -0.04478887
v 0.16287075 -0.19509424 -0.00869700
v -0.10158700 0.21470749 0.02118600
v 0.16145563 0.12298225 -0.04319512
v 0.04836325 0.19410175 0.04258275
v 0.13187200 0.15237263 0.09117437
v -0.15718025 -0.21503825 0.05685400
v -0.13073900 -0.20718201 0.05353500
v 0.13641119 -0.21874259 -0.00938519
v 0.10929269 -0.22025231 0.00667787
v -0.12376575 0.22373450 0.03132475
v -0.06516181 -0.04521131 0.09769475
v 0.07873862 -0.07551644 0.09937025
v 0.14897875 -0.01768684 0.07904059
v 0.14741150 -0.10149750 -0.08221550
v -0.03158950 -0.00834550 0.10060400
v 0.12686950 -0.21852200 0.06624150
v 0.14934200 -0.19278787 0.08112750
v -0.16952650 0.15665725 0.06347375
v 0.05931075 -0.22588418 0.05453838
v 0.09944560 -0.14608787 0.09299109
v 0.09251900 -0.14414901 0.09259300
v -0.16977391 0.05240488 0.06098787
v -0.15873849 0.15498100 0.08061300
v -0.06502975 0.13853399 0.09832650
v -0.17005837 -0.20408413 0.00181700
v -0.03992406 -0.20282038 0.09669394
v 0.15727438 -0.19387913 0.06775513
v 0.09027350 -0.15599106 -0.09571500
v -0.01229028 -0.22402659 0.00907009
v 0.08358781 0.03318562 0.09849169
v -0.11745425 0.19295700 0.06777175
v -0.12991001 0.21669701 0.04710650
v -0.06061900 -0.22252700 0.03728300
v 0.06330300 -0.20477900 0.09629800
v 0.14814837 0.11276937 0.08055063
v -0.03731256 -0.22495718 -0.06525978
v 0.16134287 -0.19922137 -0.00003013
v 0.10590425 -0.06159250 -0.09546175
v 0.05823650 0.22290500 0.04176350
v 0.15538900 0.14668199 0.07088000
v -0.16869199 0.16573575 0.02733725
v -0.17425387 -0.13638233 -0.03903231
v 0.08241225 0.21613662 0.03661950
v -0.17664425 -0.08466163 -0.02274187
v 0.01048950 -0.19835301 -0.10016650
v -0.17358975 -0.19294512 -0.02121869
v 0.13488349 0.17597251 0.03032250
v 0.03894631 0.19759819 -0.00970919
v -0.14935234 -0.06881430 0.08522426
v 0.16526800 -0.12479500 -0.03925800
v 0.16478878 -0.12072641 -0.03489053
v 0.16297354 -0.12735072 -0.04665409
v 0.06350762 0.21118625 -0.05787088
v 0.16275275 0.10550275 0.00226300
v 0.16053250 -0.17193350 -0.06191700
v 0.08897900 -0.21584375 0.08752025
v -0.06136300 -0.13825600 0.10113200
v -0.15705006 -0.21606626 0.02934694
v 0.15952162 0.07561619 -0.05877563
v 0.05718812 0.21876912 -0.04879575
v -0.12315263 -0.09436637 0.09294525
v 0.13910100 0.22284700 0.02382700
v 0.15404893 0.21642300 0.02362500
v 0.05419650 0.21599700 -0.04861150
v 0.13855575 -0.00708097 -0.08687350
v 0.13106550 0.21819375 0.01705050
v -0.14441650 0.15952675 -0.08979800
v 0.16061838 0.15132625 -0.03412775
v -0.07051228 0.16011597 -0.09313309
v -0.05595012 0.15719803 -0.09537528
v -0.02356000 -0.21292312 0.09214300
v 0.16548701 0.04213775 0.00174413
v 0.08935700 0.02170800 -0.09808400
v -0.15910810 0.12139423 -0.08174136
v 0.12894174 -0.19305626 -0.09108475
v 0.14960000 0.21217699 -0.00537400
v 0.15559700 -0.16863625 -0.07420800
v 0.07603425 -0.12201487 -0.09388225
v -0.15661635 -0.02345228 -0.08275688
v 0.02959731 -0.07377940 -0.10215944
v 0.10142300 -0.14194000 -0.08931600
v 0.16298044 -0.19142616 0.01732303
v 0.11516497 0.05037416 0.09409057
v -0.06507375 0.10593725 -0.09940200
v -0.09479100 0.14643900 0.09544700
v -0.13738012 0.15565249 -0.09242263
v 0.13504849 0.18854301 -0.02424550
v -0.11778175 0.08717562 -0.09666075
v -0.07557032 0.02971609 -0.09827941
v 0.13361987 -0.01694125 -0.08918706
v 0.12494600 -0.19271000 0.09260700
v 0.05000600 0.08247700 -0.09951200
v -0.04583800 -0.16921000 0.10013600
v 0.01203300 0.12337450 -0.09863325
v -0.12411025 -0.21588001 -0.07898612
v 0.08047200 0.12955500 0.09834000
v -0.13820313 0.21223550 -0.02168513
v 0.16124438 0.10241106 -0.04820309
v 0.16078725 0.14814450 -0.03968625
v -0.14113082 -0.07279774 0.08855544
v -0.16619800 0.15397900 -0.07214150
v -0.12119132 0.19554025 -0.06906175
v -0.05111125 -0.15281875 0.10108600
v -0.11436100 0.22425100 0.03414600
v -0.02773700 -0.20777901 0.09530800
v -0.04649800 0.03408300 0.10277050
v -0.17287840 -0.19734418 -0.00323294
v -0.06207800 -0.22549750 -0.06096800
v -0.13042550 0.16163175 0.08775300
v -0.04779200 0.02836325 0.09946263
v 0.13986014 -0.17172135 -0.08755487
v -0.11847775 0.07296056 -0.09742363
v 0.03408987 -0.19356312 -0.10000800
v 0.08216412 -0.19960013 -0.09620775
v 0.09003100 0.20401549 0.04826550
v 0.09721750 -0.22488751 0.05701300
v -0.05855137 0.20328701 0.00692387
v -0.14433651 0.18897501 0.06702100
v -0.09914125 0.19066425 0.03948575
v -0.16371433 0.06668598 -0.07433056
v -0.16106397 0.09171765 -0.07866959
v -0.17169200 -0.19285400 0.05787500
v 0.14351237 0.16693975 0.07880387
v 0.10219775 0.17876172 0.07912134
v -0.00770356 -0.09335443 0.10331094
v -0.16976900 -0.19373199 -0.06588100
v -0.14346625 0.20127624 -0.05294325
v -0.14571226 0.19413550 -0.06127400
v -0.15066023 0.00736173 0.08429953
v -0.14682281 -0.01122764 0.08616696
v -0.09365612 0.19053251 0.01044562
v -0.04507400 -0.22337900 -0.02266000
v 0.12968674 0.22698550 0.01417150
v -0.11132538 0.22364876 -0.03375962
v 0.16531044 -0.12820512 -0.03107337
v 0.14694700 0.21304099 0.02793300
v -0.01681000 -0.19424950 0.09901437
v -0.15394419 -0.21761174 -0.00176119
v -0.06696850 0.13703249 -0.09923450
v 0.05209875 0.21453650 -0.04035525
v -0.07807138 0.15086840 -0.09722134
v -0.05906144 -0.04935250 0.09841681
v 0.08380862 0.00012300 -0.09871863
v -0.11225775 -0.08198656 0.09506837
v -0.05017100 -0.05135900 0.10125400
v -0.05242675 -0.22273156 0.07842313
v 0.16440187 0.20871650 -0.01792713
v 0.12919338 -0.05649988 -0.09078200
v 0.11476750 0.18763851 -0.03850750
v 0.13127650 0.22860774 0.01219375
v -0.08594237 -0.10162137 0.09565200
v -0.01002400 -0.20105501 0.09824600
v -0.10148500 -0.07626325 0.09680325
v 0.15949087 -0.20142475 -0.04221813
v 0.06179325 0.15865000 0.09569450
v 0.07224812 0.15488274 0.09643800
v 0.07006600 0.16375799 0.09243400
v -0.03114000 0.14700650 -0.09881325
v 0.10405300 0.15713926 0.09350650
v 0.11979675 0.16160813 0.08976725
v 0.12774062 0.15824306 0.09071500
v -0.11478200 -0.14659475 -0.09657306
v 0.09595675 -0.02068762 -0.09726463
v -0.17204683 -0.14608787 0.05438525
v -0.17739750 -0.06739000 -0.01382550
v 0.10214637 -0.22056213 0.02874375
v 0.07628875 0.21772425 -0.04947975
v -0.00678050 0.07106350 -0.10034350
v 0.14390232 -0.05181447 -0.08403956
v 0.13902549 -0.04903622 -0.08705406
v 0.13314638 0.22801550 -0.00196525
v -0.01059300 0.09008800 -0.10007900
v 0.15049849 0.21681599 -0.02251850
v 0.06742350 0.21937650 -0.05114200
v -0.13988912 -0.01761225 0.08858706
v 0.02754900 -0.22328438 -0.03086562
v -0.00834244 -0.22402038 -0.01997675
v 0.02087625 -0.22395501 -0.01558312
v 0.15693818 0.01756297 0.06611809
v 0.15921612 0.02757900 0.05922662
v 0.15891588 -0.08848388 0.05920250
v -0.01354544 0.17355038 0.00694106
v 0.01152475 0.17260075 -0.02656800
v -0.17591275 -0.12884387 0.02778281
v -0.17402226 -0.16233662 0.04094575
v -0.01569350 -0.10285575 0.10295300
v -0.06063894 -0.22557218 0.06508444
v 0.02232300 -0.20506300 0.09715100
v 0.01745700 0.05197100 0.10228400
v 0.12389769 -0.13466981 0.09236594
v 0.12759098 -0.10766100 0.09209312
v -0.12904000 0.17561500 0.07885400
v -0.13798524 -0.04667425 0.08915300
v 0.00566400 -0.19155800 0.09963800
v 0.00755531 -0.16405843 0.10188732
v 0.05889100 -0.14889801 0.10083800
v 0.06732350 -0.16994150 0.09938200
v 0.08296500 -0.04809150 0.09889300
v 0.09389938 -0.01598763 0.09746350
v -0.07838500 0.05322275 0.09662475
v -0.17687875 -0.00558025 -0.02234900
v -0.17404963 -0.19327587 0.01603725
v -0.17334938 -0.19198462 0.04170262
v -0.17438149 -0.08986656 0.04293225
v -0.17279066 -0.06011153 0.05141106
v -0.16711818 -0.14314686 -0.07208966
v -0.16245675 -0.18960825 -0.08144875
v -0.17156063 -0.02316531 0.05662188
v -0.17549218 -0.02800050 0.03848847
v -0.17289335 -0.00236470 0.05070597
v -0.16976987 -0.16604812 -0.06604950
v -0.16945165 -0.13286209 -0.06453405
v -0.17618713 -0.15150593 0.01301900
v -0.17744100 -0.07913481 0.01769269
v -0.17638423 -0.12648225 -0.01585781
v -0.17423581 -0.17908381 0.03623200
v -0.17586750 -0.07319012 -0.03137987
v -0.17455851 -0.04790600 -0.04027088
v -0.17791994 -0.04671156 0.00582850
v -0.17787699 -0.02788250 0.01496800
v -0.17671300 0.03602950 0.01764800
v -0.17589413 0.03288212 0.02927875
v -0.16823463 0.14262463 -0.06555212
v -0.17478238 0.08134725 -0.02634213
v -0.17294675 0.03227738 -0.04534138
v -0.17083819 0.00414556 -0.05591581
v -0.17116413 -0.03902712 -0.05596125
v -0.17289996 0.08779347 -0.04194187
v -0.17094456 0.05140287 -0.05372788
v 0.16650669 -0.07601256 0.01758506
v 0.16524069 -0.05465556 0.02941263
v 0.15793569 -0.05983853 0.06293485
v -0.04661800 0.17418000 0.05438100
v -0.00683675 0.17497550 0.04378975
v 0.11429550 0.18843549 0.04747650
v 0.16654781 0.00507544 0.00099962
v 0.16587768 -0.04643731 -0.02806006
v 0.16438606 -0.03868744 -0.03801819
v 0.16380644 0.08492756 0.00262131
v 0.14730178 0.06665619 0.08084694
v 0.15122503 0.07291926 0.07648917
v 0.15479338 0.07957394 0.07078603
v 0.16154151 0.13455950 0.00032550
v 0.16398357 0.09158775 -0.01433237
v 0.16243351 0.12280450 0.03385100
v 0.16310900 0.09105419 0.03747875
v 0.16469775 -0.12728000 0.02963350
v 0.16341512 -0.11969788 0.03753925
v 0.16561000 0.05720500 0.01284100
v 0.16533388 0.05663400 0.02377225
v 0.16527700 0.06068800 -0.01847800
v 0.16351549 0.06719737 -0.03720437
v 0.16700800 -0.02511300 -0.01631375
v 0.16704249 -0.10255212 -0.01110931
v 0.16419700 -0.17269900 0.02599000
v 0.16284400 -0.00494887 -0.04629425
v 0.16291200 -0.17435551 -0.04413450
v 0.16364950 -0.18798350 -0.02549350
v 0.06664575 -0.22512975 0.06584775
v -0.01870513 -0.22561049 0.06239612
v 0.06994750 -0.22199149 0.03495450
v 0.04444900 -0.22360000 0.02439200
v -0.07634425 -0.22209750 0.02811850
v -0.05619100 -0.22247700 -0.03559400
v -0.03258200 -0.22401500 0.01722300
v -0.03585112 -0.22379000 0.02724750
v -0.01310269 -0.22451293 -0.07059081
v 0.05214012 -0.22442862 -0.06989288
v 0.04456350 -0.22342259 -0.07550234
v -0.09248500 0.12873900 -0.09934800
v 0.08633300 -0.18971699 -0.09674000
v -0.12361663 0.09574863 -0.09581100
v -0.04528525 -0.19133863 -0.10084250
v -0.08868600 -0.17045701 -0.10039900
v -0.06749500 -0.17064901 -0.10184000
v -0.09339000 -0.19392499 -0.09833700
v -0.09625700 0.01949100 -0.10065100
v -0.10691100 0.03395400 -0.09950800
v -0.01438675 -0.02888050 -0.10061700
v 0.13010150 -0.17526650 -0.09042250
v -0.11014535 -0.04231720 -0.09952550
v -0.00649775 -0.16991475 -0.10336325
v 0.12736188 0.04195525 0.09170488
v 0.11115800 0.12446600 0.09468800
v 0.15591948 -0.04958758 0.06848846
v 0.15322773 -0.06426017 0.07384382
v -0.17103282 -0.18382899 -0.05976788
v -0.17205757 0.14690556 0.04054100
v 0.10973313 0.06566275 0.09491113
v -0.17385197 -0.09995969 -0.04314244
v -0.17673001 0.03759000 -0.00311400
v 0.15775010 -0.10697081 0.06404869
v 0.15903600 -0.16299300 0.06219975
v -0.17380750 0.12567499 0.01046650
v 0.15784696 -0.15818202 0.06649080
v -0.08154500 0.17305125 0.04541088
v 0.06086250 0.16802549 0.08953500
v 0.00424825 0.17064525 0.08128825
v -0.16170822 -0.04776044 0.07542928
v 0.15615784 -0.17215678 0.07134687
v 0.08166150 0.14989050 0.09657900
v 0.12485981 0.09950744 0.09228937
v 0.12591700 0.14771600 0.09259300
v -0.17594007 -0.01328162 -0.03107275
v -0.17623837 0.02822063 -0.02351163
v -0.17375100 -0.17303713 -0.03864525
v -0.17515987 0.08490288 -0.00258050
v -0.17610499 0.05831787 -0.01252550
v -0.15868676 0.18304776 0.03008875
v -0.04932550 0.17323600 0.06198800
v -0.15558778 -0.04138852 0.08097572
v 0.07138700 -0.22247450 0.02415500
v -0.17664231 0.03377006 -0.01573419
v -0.17455187 0.07706725 0.02862862
v 0.01194425 0.17191026 0.07026650
v -0.17550787 -0.14205763 -0.02679519
v -0.02765463 -0.22340913 -0.03140562
v -0.00163000 -0.21098500 0.09412300
v -0.10656343 -0.04372750 0.09576737
v 0.03230300 0.12531824 0.10066825
v 0.10829975 -0.01907712 0.09536300
v 0.16118000 -0.19712099 0.03198700
v -0.04561162 -0.11382762 0.10167737
v -0.06944700 0.17359351 0.05382300
v 0.15181415 0.00503948 0.07550192
v -0.06210125 0.17467675 0.04078600
v -0.12769800 0.19175451 0.06787800
v -0.17746700 0.01650200 0.00738900
v -0.12244881 -0.03162678 0.09269747
v -0.17283875 0.13255057 -0.00230288
v 0.15444958 0.01816127 0.07139181
v 0.01296300 -0.22421500 0.01211400
v -0.17503400 -0.16965701 -0.02297100
v -0.13797675 0.18436199 0.07158300
v 0.16376901 -0.16495700 0.03325300
v -0.17191169 -0.08377709 -0.05312712
v -0.14572699 0.20305000 0.02368800
v -0.16870999 0.16750550 0.04655975
v -0.16894850 -0.17898050 -0.06985800
v -0.01239394 0.04951850 -0.10044722
v -0.17766775 -0.05003325 -0.00382175
v -0.00194150 -0.22363350 -0.03059400
v 0.02002400 0.14514275 0.10026650
v -0.17438599 0.00164275 -0.04013850
v 0.04871662 -0.22314650 -0.02463250
v -0.17491053 0.04242016 -0.03266066
v 0.15821022 -0.02234366 0.06257578
v 0.00831850 0.17376076 0.05606275
v -0.17405251 0.11316363 -0.01831850
v -0.16944303 -0.10037403 -0.06349672
v 0.06573950 0.18771000 0.07571625
v -0.08365688 -0.22480975 -0.06451500
v -0.17302731 -0.02760331 -0.04796413
v 0.16313376 -0.06462763 0.04052856
v -0.01587600 0.17068100 -0.07860800
v 0.07606750 -0.22232001 -0.01923650
v 0.04552100 0.01610300 0.09887400
v -0.00035000 -0.22416425 0.02569300
v -0.12040650 -0.21011662 -0.01615675
v 0.07431025 0.19388101 0.07115650
v 0.16113125 0.01431500 0.05193700
v 0.13451800 -0.09474050 -0.08943100
v -0.16502818 -0.11614747 -0.07481787
v -0.02502325 0.17517149 0.03487325
v 0.16286975 -0.01870150 0.04393275
v 0.04607800 -0.22277500 0.03684700
v 0.02414600 -0.22378400 0.02922675
v -0.17743476 0.00036875 0.01999875
v -0.16730797 -0.08594447 -0.06917810
v 0.03803050 0.07806125 0.10141975
v -0.07548300 -0.22436200 -0.07152500
v -0.16842549 -0.04085722 -0.06528509
v 0.08720350 0.20979001 -0.03436650
v -0.17287900 0.13483900 -0.02166500
v -0.17143118 0.15151675 -0.02439987
v -0.07585350 0.17197976 0.06590550
v 0.16535650 -0.14358537 0.02258431
v -0.06196262 0.17472100 0.02559038
v 0.10845400 -0.05837375 0.09560075
v -0.08201025 -0.22282800 -0.07716887
v 0.16172101 0.13227400 -0.03634450
v -0.17286400 0.12375400 0.04205900
v -0.17434426 -0.18753999 -0.01538475
v 0.03405900 -0.22230600 -0.03940500
v 0.00487725 0.12375325 0.10090025
v 0.15808296 0.06561887 0.06270809
v 0.07715987 0.00343381 0.09910963
v 0.01786463 0.17420188 0.04595862
v 0.15347531 0.12066557 0.07360556
v -0.17299287 0.11895225 -0.03517950
v 0.12740350 -0.21969400 -0.02240150
v -0.06454600 0.17426150 0.01661950
v 0.16477799 -0.17755175 0.00464013
v -0.01445838 0.17494887 0.02482988
v -0.17274968 0.08818018 0.04493169
v 0.10027637 -0.22063862 -0.03131450
v 0.15633406 0.10860410 0.06743550
v -0.17694315 -0.10322209 -0.00145187
v -0.16305976 -0.07183857 -0.07617253
v -0.16601177 -0.02147019 -0.07043461
v 0.16421625 -0.18537763 -0.00723025
v -0.02192250 0.12514450 0.10034050
v -0.17089374 0.09315612 -0.05287206
v 0.01062800 0.07752100 0.10232800
v 0.02707613 -0.22482243 -0.06446325
v 0.09545037 -0.06556763 0.09755650
v -0.11373900 0.17337701 0.08121150
v -0.16894107 0.04561919 -0.06182819
v 0.16311750 0.02589900 0.04302050
v 0.01241425 0.17492025 0.02876525
v -0.16111481 -0.02591909 -0.07795944
v -0.16757223 0.02043033 -0.06633073
v 0.16672000 -0.10952338 0.01056662
v 0.16071101 0.07028100 0.05248200
v 0.15780838 0.11753250 0.06308462
v 0.01871663 0.17185025 -0.06319725
v 0.16609500 -0.15683812 -0.00185650
v -0.10334800 -0.18221068 -0.09828088
v -0.17728281 -0.10094922 0.00586272
v -0.17553701 -0.16483600 -0.00681300
v -0.07379400 -0.22200125 0.00872850
v 0.16553450 -0.00702675 0.02895487
v -0.17159362 0.13997263 -0.04117625
v -0.17675300 -0.00930800 0.02966150
v -0.16344434 0.00914244 -0.07452840
v 0.16197950 0.08187950 0.04575875
v 0.12682438 -0.21939312 -0.03721913
v -0.16993563 0.15869038 -0.04451412
v -0.13625500 -0.10244600 -0.09434750
v 0.16718288 -0.10450763 -0.00091875
v 0.14654000 0.16881800 0.05918850
v -0.08572450 -0.19903800 -0.09813450
v 0.04543650 0.14846274 0.09914375
v -0.00448263 0.09005350 0.10187762
v 0.08163112 -0.04826081 -0.09878644
v -0.17089400 0.12518300 0.05761600
v 0.16705650 -0.06070900 0.01162575
v 0.16546699 -0.16630800 -0.01598850
v 0.00249150 -0.22346251 0.03522725
v -0.16659729 0.07121819 -0.06883468
v -0.16842984 0.09753494 -0.06399300
v -0.15554175 0.18572626 -0.03899337
v 0.13590799 0.17567225 0.04842100
v 0.16436550 0.05457575 0.03422550
v -0.15974946 0.02567659 -0.07933372
v -0.00563550 0.07083300 0.10241625
v -0.09515000 -0.03690800 0.09737800
v 0.01207425 0.17438325 0.01610650
v -0.11685150 -0.10310762 -0.09801812
v 0.10017000 -0.10161400 0.09655000
v -0.17355606 0.03558319 0.04514237
v 0.16655625 -0.00925175 0.01817575
v 0.16608100 -0.14673100 -0.01837200
v -0.17612538 -0.14194269 -0.00201462
v -0.04415500 0.11562800 0.10052000
v -0.06608912 -0.18772237 -0.10044950
v -0.06851725 0.17313363 -0.02470450
v 0.16077350 0.13258199 0.04542725
v 0.09086575 -0.22455175 -0.06725225
v -0.13098182 -0.05832825 -0.09520187
v -0.12018950 -0.08790800 -0.09771100
v -0.17655843 -0.06858181 0.02988969
v 0.11622250 -0.15135962 0.09297675
v 0.16695225 -0.01195475 0.01042175
v 0.13009626 -0.08754475 -0.09059825
v -0.16521107 0.11583677 -0.07288156
v 0.16748001 -0.04304700 -0.00344200
v 0.16406688 -0.17381437 -0.03223725
v 0.16047850 0.14416425 0.04175175
v -0.01806700 -0.19920599 -0.10023600
v -0.06569538 -0.07544675 0.09824812
v -0.05805050 -0.22315501 0.02353600
v -0.03188913 0.08401850 0.10164613
v 0.16661413 -0.08720075 -0.01980800
v 0.16737087 -0.06548513 -0.00943350
v 0.11242850 0.18980750 0.03794650
v -0.17539687 -0.16869463 0.00104050
v -0.05181800 -0.13594200 -0.10201100
v -0.12359688 -0.00960238 -0.09693438
v -0.02607800 0.05059600 0.10221700
v -0.08836613 0.12803362 0.09746600
v 0.16213050 -0.19070725 -0.04422000
v -0.17447543 -0.18926699 0.00547606
v -0.10990050 0.14752762 0.09374288
v -0.03175100 -0.17227399 -0.10312050
v -0.01760200 -0.19347900 -0.10111500
v -0.09646475 -0.06399050 -0.10114800
v 0.02029837 -0.19906938 0.09869038
v 0.16159700 0.14707500 -0.01812000
v 0.16288100 0.12165500 0.02664300
v 0.01359912 -0.01798962 0.10047550
v -0.04552250 0.07650150 0.10128275
v -0.04167050 0.17320000 -0.03845350
v 0.16409425 0.09420675 0.01588675
v -0.11689450 -0.00161850 -0.09833500
v -0.00570300 0.17257801 -0.06278669
v 0.06999087 -0.10118262 0.09684075
v -0.10330462 0.13311437 0.09548875
v 0.05566762 -0.08028263 0.09852700
v -0.02723438 -0.22381656 0.07594687
v 0.12800375 -0.21823050 -0.06567225
v -0.05926175 0.17303650 -0.05101450
v -0.12438531 0.03784887 -0.09662712
v -0.15591487 0.12360778 0.08233000
v 0.13558562 -0.21798275 -0.06387512
v 0.16669400 0.00959500 -0.01119650
v 0.09790237 0.19750001 0.01333962
v 0.09801818 -0.16514425 0.09589074
v 0.01490325 -0.03378400 0.10063338
v -0.09567231 -0.03056244 -0.10096475
v -0.13656338 0.04979169 -0.09389781
v -0.14787100 0.13503499 0.08706313
v -0.10510656 0.11752619 0.09552069
v -0.15954626 0.10648775 0.07895225
v -0.17615338 -0.14201312 0.02135250
v -0.10373587 -0.00226262 -0.10023050
v -0.04675100 0.17052101 -0.07909200
v -0.12236044 0.11257219 0.09236744
v -0.01241000 -0.11986100 0.10291800
v -0.14323987 0.10422087 0.08834913
v -0.01303688 -0.13111000 -0.10247225
v 0.15967281 -0.02467694 -0.06017869
v -0.00852625 -0.01675400 0.10024125
v 0.05743625 -0.19569325 -0.09853262
v 0.16586937 0.04204987 -0.00759088
v 0.00336900 -0.10163600 -0.10246500
v 0.03734300 -0.17507100 -0.10140600
v -0.09061775 0.06597025 0.09484875
v -0.03229450 -0.02210750 0.10022100
v -0.15239979 0.07035629 0.08389784
v 0.07926550 -0.16740493 0.09829532
v -0.17481548 -0.11540715 0.03839256
v -0.14015913 0.09782638 0.08915988
v -0.03282600 0.17339151 -0.04959000
v 0.16619675 0.02200425 -0.01852075
v 0.16272475 -0.06772825 -0.04720275
v -0.14741412 0.06561333 0.08651169
v 0.04545575 -0.15898888 -0.10154037
v -0.03056850 -0.03433000 0.10034950
v -0.00635300 0.17328601 -0.04925050
v 0.01533400 -0.12139300 -0.10209500
v -0.17441601 -0.18922301 0.02703700
v -0.12781075 0.07765587 0.09184706
v 0.16525306 0.00628569 -0.03123581
v -0.12930299 0.17449038 -0.08330725
v 0.03164950 -0.12987851 -0.10134800
v -0.15699182 0.02388882 0.07988262
v -0.14253722 0.07343841 0.08851500
v -0.06051588 0.17219238 -0.06375387
v 0.14234500 0.22348450 0.00907050
v 0.09157650 -0.07879550 -0.09703375
v 0.06978825 -0.19952574 0.09694375
v 0.13025101 -0.13190207 -0.08975188
v 0.12159888 -0.10927700 -0.09151550
v 0.05053500 -0.13246199 -0.09990200
v -0.11625966 0.16925968 -0.08702707
v 0.03228300 -0.12140025 0.10211375
v -0.13028112 0.05280381 0.09143537
v -0.11514450 0.04992350 0.09463950
v 0.09699550 -0.18467100 -0.09566325
v 0.01413200 -0.10755100 0.10305000
v 0.16342238 0.03847963 -0.04052575
v 0.06059488 -0.19196637 0.09830175
v 0.03426813 -0.21025200 0.09422675
v -0.01989275 -0.01585888 -0.10053100
v 0.11600075 -0.18773775 -0.09322325
v 0.02853950 -0.18488987 0.10004875
v -0.03245525 0.17303300 -0.06015925
v 0.01427700 0.17267875 -0.05201125
v -0.03186650 -0.06186800 0.10005000
v -0.13765053 0.02609572 0.08939294
v -0.10303516 0.01400434 0.09653512
v 0.02784800 -0.16052100 0.10204500
v 0.16472812 0.05632588 -0.02813637
v -0.09491950 0.00190750 0.09765275
v 0.04598475 -0.19629350 0.09846450
v 0.13187575 -0.15686899 -0.08952769
v 0.00001825 -0.11593325 0.10307900
v 0.13848147 -0.13140269 -0.08773028
v 0.00715100 -0.02548700 -0.10050100
f 49 173 199
f 15 6 5
f 49 41 173
f 1401 1398 29
f 1504 36 102
f 199 184 49
f 60 49 241
f 359 362 1087
f 193 359 1087
f 24 1076 48
f 1120 193 1087
f 316 466 1338
f 918 1382 917
f 62 57 58
f 59 1131 1547
f 63 59 61
f 181 461 182
f 1090 1122 182
f 44 1868 1775
f 45 104 408
f 1117 1116 1133
f 1048 1066 1067
f 1779 218 1549
f 124 110 796
f 145 121 120
f 141 142 143
f 141 143 849
f 1425 146 1135
f 682 144 176
f 1077 128 124
f 1159 159 160
f 1160 160 166
f 103 100 102
f 1717 93 115
f 1404 1689 163
f 158 196 159
f 175 789 132
f 479 485 483
f 1523 332 1
f 15 190 178
f 1878 886 1963
f 192 191 1187
f 140 138 137
f 1856 171 161
f 150 138 140
f 480 591 1054
f 197 198 160
f 208 209 210
f 201 220 1852
f 42 79 118
f 1231 1214 203
f 252 253 254
f 252 254 286
f 264 263 276
f 277 276 274
f 307 279 278
f 278 280 969
f 1711 1054 591
f 457 188 189
f 1854 271 1856
f 291 305 290
f 1335 291 304
f 312 314 289
f 320 325 324
f 234 297 296
f 348 324 339
f 1871 202 218
f 1682 1606 1015
f 296 297 341
f 1199 1816 1259
f 1682 1015 971
f 367 370 373
f 1488 1244 1812
f 1293 351 352
f 415 2293 1838
f 228 1720 1707
f 380 379 378
f 1915 480 1054
f 390 391 389
f 379 380 396
f 1980 398 397
f 398 1980 399
f 406 402 404
f 407 829 410
f 1711 424 415
f 428 436 388
f 418 1316 421
f 435 413 434
f 441 423 422
f 1253 1278 480
f 446 431 432
f 449 441 430
f 1823 414 446
f 993 463 462
f 157 249 982
f 1274 1246 1272
f 465 449 459
f 475 417 452
f 442 476 477
f 1343 1185 1182
f 1897 1870 250
f 1076 1091 48
f 1882 787 1548
f 479 488 1276
f 483 241 531
f 1106 1241 1827
f 1106 1827 1896
f 497 496 504
f 491 501 506
f 533 491 506
f 511 509 510
f 1182 1882 1548
f 1657 1583 530
f 1926 1829 1901
f 1582 532 2046
f 519 522 1021
f 1770 1772 1658
f 529 537 540
f 169 1832 162
f 556 560 559
f 1074 561 556
f 561 560 556
f 567 566 565
f 551 571 572
f 575 583 576
f 1787 577 576
f 579 562 580
f 589 542 1952
f 542 589 588
f 571 582 593
f 1700 211 610
f 512 1653 1176
f 1977 1653 1785
f 2054 1105 358
f 467 445 444
f 1006 619 621
f 509 511 526
f 544 617 1524
f 1953 631 600
f 635 636 1412
f 635 637 636
f 1772 1770 1511
f 638 636 644
f 638 644 645
f 28 1113 27
f 659 658 655
f 655 675 659
f 659 621 658
f 1438 665 663
f 1263 448 1277
f 846 715 1543
f 1022 880 401
f 1009 674 700
f 562 579 809
f 856 685 1058
f 1611 835 1985
f 2013 2023 1785
f 1009 700 1939
f 721 722 921
f 728 726 725
f 732 881 1903
f 1692 1186 1991
f 1713 1991 2025
f 910 741 759
f 910 759 912
f 712 743 744
f 883 749 785
f 5 58 172
f 753 752 768
f 1658 1287 1770
f 568 4 1144
f 447 1973 1479
f 773 771 1645
f 1939 772 2036
f 850 777 1649
f 790 1722 744
f 830 2341 792
f 111 558 564
f 802 765 801
f 1505 1075 1071
f 803 801 765
f 2073 2064 1882
f 1993 1268 433
f 2036 772 797
f 1896 1812 1244
f 827 828 830
f 819 812 807
f 188 602 69
f 826 883 785
f 717 785 749
f 1358 1814 1175
f 802 764 765
f 876 808 2279
f 762 859 861
f 866 678 865
f 785 872 609
f 609 826 785
f 1915 1711 270
f 841 579 864
f 579 737 809
f 12 67 66
f 861 859 889
f 749 883 1763
f 704 885 868
f 656 737 634
f 126 282 382
f 761 1944 887
f 2029 893 873
f 894 903 901
f 1357 1175 1977
f 609 1565 908
f 368 563 920
f 533 493 491
f 2079 2080 1643
f 681 162 1102
f 2127 907 1902
f 394 520 933
f 1771 935 593
f 1448 1480 2401
f 1615 1635 1619
f 940 941 706
f 365 264 720
f 21 928 780
f 395 597 1574
f 452 417 119
f 386 388 413
f 952 798 366
f 366 969 952
f 874 395 1618
f 953 834 2051
f 934 958 1743
f 745 1407 742
f 967 684 632
f 2087 1286 1303
f 1623 204 974
f 1537 302 1594
f 957 321 1853
f 1973 2094 1287
f 986 1792 985
f 639 698 288
f 997 127 382
f 999 638 645
f 2024 794 455
f 1410 994 1009
f 208 98 622
f 1023 151 152
f 222 211 33
f 210 1126 98
f 650 88 149
f 1028 1026 1027
f 1028 1027 1416
f 181 1005 461
f 943 293 810
f 916 1032 1099
f 1793 1036 1033
f 1045 1029 1046
f 147 148 154
f 1052 627 1039
f 409 829 356
f 406 1837 1702
f 403 2093 404
f 91 95 1057
f 1618 834 874
f 1273 378 379
f 20 1047 19
f 1065 1067 1066
f 268 1072 1084
f 999 1074 1728
f 81 1561 86
f 2260 2088 1826
f 190 172 58
f 58 83 190
f 578 561 590
f 2092 425 2088
f 1051 1052 1095
f 1512 406 2067
f 845 1554 1860
f 27 1112 1111
f 116 70 71
f 194 805 114
f 1917 1116 1117
f 36 1114 30
f 1133 1118 1117
f 1126 618 98
f 2059 2078 1292
f 618 1126 1688
f 1127 1021 1018
f 1355 1021 1127
f 208 622 1128
f 162 97 1102
f 696 82 53
f 146 660 1135
f 595 1542 1671
f 1137 74 1461
f 122 65 123
f 1153 1154 1155
f 1155 1154 1137
f 880 947 401
f 208 210 98
f 1163 1146 611
f 1344 1355 1165
f 1018 1021 1020
f 731 1173 724
f 2008 904 1183
f 96 228 1707
f 2192 904 2008
f 132 1187 191
f 1926 1774 1829
f 902 1187 134
f 1041 899 863
f 601 1189 1829
f 1145 2243 565
f 1920 399 1918
f 1200 601 1829
f 1197 1204 1198
f 877 1843 16
f 375 376 1760
f 227 225 1213
f 230 1219 1228
f 711 710 735
f 1622 257 1221
f 1530 856 615
f 1212 298 300
f 1233 1202 1207
f 328 329 229
f 453 1241 485
f 452 1587 475
f 1552 1247 1399
f 478 477 476
f 476 442 441
f 1258 2004 390
f 138 150 945
f 938 138 945
f 1198 1891 200
f 1280 1271 1279
f 1282 1284 1283
f 1285 1300 1284
f 2094 1286 1287
f 1764 444 376
f 1919 1303 1290
f 1306 1268 1267
f 1288 373 374
f 353 1273 379
f 1769 1293 353
f 1839 1841 1516
f 1281 1298 1297
f 1292 1307 1304
f 1300 1283 1284
f 2087 1303 416
f 692 966 546
f 1756 1315 2007
f 389 428 1258
f 1973 447 398
f 429 436 428
f 1309 2416 2336
f 616 998 607
f 1424 789 175
f 1325 1324 1233
f 2487 2115 2114
f 1328 1246 1413
f 1556 924 595
f 647 854 853
f 924 1000 1828
f 880 1919 1290
f 176 546 968
f 1978 1010 1926
f 1336 314 312
f 601 223 1337
f 1338 1337 223
f 458 223 601
f 1327 1326 1233
f 319 317 1350
f 1337 1189 601
f 313 289 314
f 262 1522 254
f 1342 1726 308
f 1343 509 1185
f 1344 1165 1164
f 114 1356 1733
f 1018 1020 607
f 584 2391 1931
f 526 538 537
f 1016 1017 1020
f 1366 1909 290
f 1354 290 1909
f 327 331 373
f 2474 2385 2473
f 592 582 553
f 1108 1367 584
f 1296 1753 1266
f 1206 1219 1205
f 1062 1059 1340
f 1059 1567 1718
f 1382 918 1383
f 561 1074 590
f 599 1081 1088
f 1093 1211 1051
f 1068 1071 1945
f 1211 1093 1394
f 1207 211 222
f 206 1462 1205
f 571 958 572
f 710 711 1391
f 1790 655 658
f 1097 1404 1390
f 2058 1010 1978
f 232 1086 17
f 1409 240 219
f 636 608 1412
f 995 626 1935
f 649 1419 648
f 789 1424 1135
f 486 1383 918
f 2493 2115 2487
f 1089 1094 1092
f 871 581 656
f 645 644 676
f 676 644 955
f 2479 2249 2239
f 1433 1434 1437
f 1437 1435 1433
f 653 1776 1440
f 1442 955 666
f 2123 1685 1142
f 1377 812 819
f 665 680 1448
f 1167 1881 1468
f 1841 1236 1237
f 1778 1449 1451
f 2492 2479 2239
f 1652 228 96
f 1156 473 1001
f 1512 1916 1739
f 1673 1129 1459
f 910 1448 921
f 1448 910 912
f 912 719 1448
f 695 1467 1181
f 244 112 805
f 1470 1767 1469
f 1472 1469 956
f 1470 1469 1473
f 1475 913 1474
f 2471 314 1262
f 1474 913 895
f 1475 1478 913
f 57 1485 53
f 2258 1961 1320
f 1739 1235 1512
f 1489 1113 28
f 622 624 1076
f 1495 1494 862
f 2136 2105 2104
f 65 1079 32
f 137 938 1502
f 783 825 1224
f 195 189 68
f 825 783 1500
f 739 799 820
f 1575 772 806
f 779 772 1575
f 778 1573 879
f 757 759 1226
f 1047 20 1513
f 1821 1243 1245
f 248 34 80
f 782 783 1224
f 1224 757 1226
f 31 30 174
f 1517 174 30
f 781 782 1226
f 1224 1226 782
f 688 687 803
f 1525 1524 807
f 256 189 195
f 2258 1373 1961
f 888 1821 858
f 38 2390 3
f 1252 1954 1898
f 1554 845 654
f 1567 936 1259
f 1377 1043 1536
f 1356 1085 1918
f 1505 1541 1557
f 1554 568 1860
f 359 250 125
f 111 1037 109
f 1278 334 1279
f 1315 1255 1254
f 898 605 604
f 171 1549 161
f 620 633 1550
f 323 312 1907
f 362 127 521
f 740 860 1553
f 1302 1240 1294
f 420 1058 946
f 1556 906 1657
f 906 1556 595
f 784 646 1029
f 925 1565 872
f 1595 1587 555
f 547 550 1571
f 547 1035 1889
f 371 857 1172
f 779 1575 739
f 1571 501 1035
f 547 1571 1035
f 1577 1576 1578
f 1930 371 1579
f 532 1582 907
f 911 530 1583
f 2125 2124 1510
f 1584 1585 1000
f 491 493 489
f 452 932 1587
f 993 1590 1581
f 180 814 129
f 1848 302 1014
f 783 866 1500
f 1294 1305 221
f 2473 1361 2474
f 395 1574 598
f 62 58 63
f 874 597 395
f 1672 1347 1607
f 1255 1315 1265
f 824 1612 407
f 394 818 1617
f 1613 365 1851
f 395 1610 1618
f 2190 267 292
f 1599 1005 1784
f 475 698 975
f 304 291 1354
f 264 723 263
f 280 279 263
f 739 1411 1573
f 279 274 263
f 276 263 274
f 257 1622 1213
f 975 698 643
f 178 1302 1294
f 1314 63 5
f 1019 174 245
f 63 58 5
f 1221 235 1626
f 942 810 315
f 639 153 642
f 650 149 152
f 1638 1845 1639
f 1074 999 590
f 1875 1024 165
f 1025 2082 1642
f 121 1030 50
f 47 48 427
f 292 1529 1225
f 516 1600 468
f 292 267 1529
f 530 911 1644
f 47 1523 50
f 1545 50 39
f 20 1648 22
f 20 1647 1648
f 19 1647 20
f 773 1645 1649
f 239 242 323
f 1371 1369 1370
f 1372 767 1368
f 34 174 1019
f 823 848 783
f 1654 555 1587
f 2258 1379 1373
f 17 1086 7
f 842 844 744
f 1144 39 9
f 2470 1350 337
f 1678 1395 52
f 603 1637 899
f 2470 337 2091
f 1066 419 19
f 1351 1607 1670
f 2075 1656 888
f 1664 1864 438
f 847 589 1952
f 2481 1412 2045
f 807 812 769
f 1349 1670 1691
f 1609 1346 1347
f 87 1873 1499
f 52 1395 1392
f 595 1671 906
f 53 55 54
f 265 1912 1375
f 858 1528 888
f 1536 862 1681
f 67 1447 1468
f 1138 906 1075
f 602 1457 69
f 1082 1081 628
f 662 872 785
f 2104 2435 2136
f 1154 1153 1489
f 89 158 1693
f 1446 1447 1457
f 1458 154 916
f 1694 1361 1362
f 745 1408 1406
f 1414 1415 1407
f 219 1446 1409
f 1446 1457 1409
f 1414 499 498
f 1428 849 1689
f 1414 1407 1406
f 326 1228 327
f 440 1402 468
f 1314 26 1700
f 1126 209 1701
f 715 751 826
f 1408 745 440
f 1716 1649 1645
f 801 803 786
f 1429 1422 1426
f 1706 1032 1677
f 1708 177 54
f 1100 1099 1208
f 1709 1710 1388
f 1166 1205 230
f 770 807 769
f 115 1838 1717
f 1427 798 1454
f 1206 1462 1354
f 1520 1694 1362
f 811 807 770
f 959 626 995
f 179 257 225
f 1894 1724 792
f 1221 1626 1622
f 262 295 294
f 1360 850 1716
f 1694 1520 312
f 234 215 217
f 1421 1429 1426
f 881 754 1903
f 753 754 881
f 752 753 881
f 883 750 882
f 1486 1734 1501
f 2006 1529 1900
f 322 242 1740
f 341 1266 294
f 758 722 721
f 895 896 1474
f 277 1426 1422
f 1745 1475 1474
f 1746 1745 1474
f 1746 1474 896
f 2467 2424 1892
f 1370 923 716
f 310 1749 1342
f 1332 1267 1336
f 1454 1040 1427
f 1522 1830 285
f 1266 1753 1752
f 1260 1754 1254
f 978 1225 1990
f 1258 390 389
f 1477 1421 1426
f 392 360 281
f 1431 1477 1443
f 1418 627 1419
f 627 959 1419
f 1804 831 840
f 1477 1431 1421
f 1463 1757 706
f 1757 940 706
f 958 1763 1743
f 970 1426 277
f 1443 1477 1426
f 443 2234 2302
f 979 1469 1767
f 956 1469 979
f 680 721 1768
f 1306 418 1272
f 379 1769 353
f 379 431 1769
f 2451 2116 2117
f 1677 1721 229
f 1452 1742 1442
f 436 471 434
f 962 1773 1451
f 471 436 437
f 437 472 471
f 459 434 471
f 664 1778 672
f 2091 2070 1533
f 1773 672 1451
f 1780 702 1441
f 1781 1190 1193
f 510 1190 1781
f 509 1343 1190
f 734 583 575
f 509 1184 1185
f 553 517 1508
f 1430 2466 227
f 1199 1514 1816
f 994 1410 1787
f 632 1050 600
f 1374 545 549
f 792 1724 827
f 566 587 1074
f 811 770 755
f 1253 283 1708
f 583 600 1050
f 755 768 808
f 576 583 1787
f 1033 1036 1797
f 1803 1006 621
f 666 644 637
f 663 1435 1438
f 1435 663 1802
f 661 984 1799
f 659 1803 621
f 672 1805 1802
f 1136 1715 1380
f 1163 1540 1146
f 1434 1802 1805
f 1532 217 2053
f 697 695 691
f 1088 541 1367
f 556 1782 557
f 690 1755 693
f 693 697 691
f 1763 593 935
f 2465 1659 1684
f 934 732 616
f 1363 838 756
f 1150 554 1140
f 1554 1886 568
f 557 1813 1149
f 727 1482 1725
f 1782 1152 513
f 1813 1814 1149
f 1734 1491 2038
f 764 1815 765
f 1815 766 765
f 1729 840 1493
f 1501 800 1372
f 1734 800 1501
f 803 765 766
f 1729 1936 1804
f 1804 840 1729
f 333 936 1567
f 792 827 830
f 2117 1780 2451
f 743 790 744
f 251 60 241
f 60 251 136
f 60 136 73
f 790 743 760
f 260 144 495
f 687 1519 786
f 788 854 855
f 785 717 662
f 795 1675 685
f 1772 424 464
f 713 844 1503
f 1949 862 863
f 620 687 688
f 688 633 620
f 163 1403 1389
f 976 1058 685
f 1268 1306 433
f 1043 630 606
f 1987 1684 2006
f 391 411 429
f 399 2094 398
f 1973 398 2094
f 220 123 2475
f 201 123 220
f 2093 403 1300
f 403 1283 1300
f 653 1440 1252
f 1702 1275 1295
f 1297 1295 1756
f 1172 1570 371
f 501 1571 506
f 2067 1916 1512
f 756 596 1518
f 1572 500 931
f 1572 544 500
f 347 386 350
f 928 21 25
f 357 1840 1323
f 1533 2470 2091
f 1257 1840 1839
f 1257 1321 1840
f 834 1618 2051
f 491 489 501
f 2120 2030 1437
f 1841 1839 1840
f 1840 357 1236
f 930 890 931
f 1638 1640 1844
f 410 409 439
f 1639 1845 1431
f 1905 824 907
f 1851 1638 1613
f 1935 2449 2443
f 969 1847 952
f 1294 345 1326
f 323 1322 1257
f 969 366 278
f 755 1903 754
f 377 249 284
f 961 2034 1887
f 1537 932 452
f 698 1588 288
f 254 1522 286
f 2191 1887 2034
f 1608 539 780
f 1616 224 1598
f 1869 56 1868
f 283 309 1239
f 352 1168 1170
f 867 868 1725
f 1002 2035 204
f 1462 206 1397
f 1696 2432 2440
f 171 490 84
f 171 84 1549
f 240 1409 949
f 160 198 166
f 126 127 359
f 125 126 359
f 1174 1677 148
f 127 362 359
f 250 1870 125
f 611 212 213
f 214 2470 1983
f 212 611 610
f 1858 2470 1533
f 934 573 958
f 1432 1115 1123
f 202 117 155
f 2070 2053 1982
f 40 2 2035
f 2445 2455 2171
f 1517 1867 174
f 97 1683 2192
f 1976 651 653
f 535 503 897
f 497 900 503
f 244 332 1783
f 1557 1657 1138
f 1069 244 1783
f 1161 1160 166
f 1160 1159 160
f 157 158 89
f 85 157 89
f 1120 284 85
f 23 78 4
f 23 4 22
f 2440 2438 1696
f 46 51 2421
f 1775 1761 44
f 71 1502 456
f 1982 1858 2070
f 1083 964 1084
f 1076 624 1091
f 1091 624 1105
f 1496 1497 59
f 57 62 1880
f 1880 62 61
f 1192 54 275
f 170 1139 1191
f 1484 94 65
f 622 98 624
f 618 624 98
f 1125 618 1688
f 758 741 722
f 1144 845 1860
f 660 1171 1758
f 332 804 1
f 1864 1652 2074
f 1104 618 1125
f 1103 1104 1125
f 75 1103 1125
f 886 951 880
f 886 1878 951
f 1441 2011 2428
f 1372 1369 1501
f 916 154 1032
f 139 1987 169
f 805 194 192
f 244 1069 112
f 1900 1529 247
f 1456 1157 1158
f 1305 1294 1327
f 716 677 1371
f 1065 1047 1886
f 1773 1805 672
f 272 1934 1738
f 1356 114 1085
f 139 169 793
f 1830 1522 1752
f 216 217 215
f 202 1061 117
f 734 1730 1894
f 86 91 1044
f 1029 100 103
f 1029 103 1046
f 1060 1045 1046
f 1731 1730 733
f 111 1038 150
f 1202 1235 213
f 17 181 232
f 474 1509 1862
f 1622 1687 1213
f 2163 1191 1666
f 305 347 350
f 1229 331 327
f 1238 331 1230
f 1230 331 1229
f 1491 1734 940
f 161 218 202
f 557 566 1074
f 10 231 223
f 2033 2447 2444
f 1767 653 651
f 1776 653 1470
f 296 295 1390
f 1369 1486 1501
f 1737 1944 761
f 1364 1818 1424
f 1361 1694 289
f 289 313 1361
f 513 511 1781
f 242 954 1740
f 2400 1439 695
f 1540 1982 1146
f 1342 308 309
f 1439 2400 2412
f 309 310 1342
f 144 77 45
f 480 505 591
f 262 1266 1752
f 668 38 1568
f 1168 351 1318
f 298 299 357
f 1492 961 964
f 357 299 1236
f 69 1457 1447
f 326 1288 328
f 1846 338 1291
f 68 69 1447
f 1288 327 373
f 1290 1918 947
f 1493 1483 878
f 283 310 309
f 1329 374 375
f 521 997 780
f 1873 1534 2103
f 328 1288 374
f 1919 1849 1289
f 1619 180 1615
f 882 752 881
f 1743 882 881
f 1452 1941 1742
f 1920 1286 399
f 1920 1303 1286
f 631 1953 2186
f 320 245 325
f 698 475 1588
f 849 1428 1096
f 1262 1261 2471
f 1422 1429 720
f 1764 422 423
f 1468 1881 66
f 971 977 469
f 749 1763 884
f 2056 1982 1460
f 1144 902 845
f 2417 955 1941
f 1188 1143 1195
f 1337 1143 1189
f 834 1853 871
f 1608 780 928
f 1340 1059 1353
f 511 513 524
f 1901 514 554
f 877 21 385
f 576 1355 1127
f 565 557 1145
f 689 1801 1817
f 21 877 13
f 924 1584 1000
f 1588 475 1587
f 1405 578 590
f 856 1058 1877
f 913 1478 1932
f 1579 542 588
f 1420 637 635
f 637 1420 1797
f 59 1130 1131
f 984 661 983
f 56 1779 1766
f 843 1530 933
f 875 846 1543
f 979 1767 651
f 1448 680 1768
f 690 689 1755
f 674 684 747
f 1489 1112 1113
f 1005 1605 1784
f 913 1465 895
f 1746 896 1940
f 1251 919 855
f 1181 1467 1179
f 1947 1680 1662
f 1494 1681 862
f 851 1483 777
f 1589 647 1820
f 1941 1940 896
f 1473 774 778
f 713 744 844
f 895 2417 1941
f 751 715 846
f 803 687 786
f 2015 344 2300
f 795 833 1675
f 1675 833 2327
f 833 816 2327
f 831 832 840
f 689 1178 1755
f 1745 1940 1453
f 1722 790 760
f 744 1722 842
f 1681 828 827
f 771 773 1947
f 1345 1243 1821
f 2441 32 66
f 516 468 914
f 778 879 1473
f 1282 1281 341
f 2397 2133 2339
f 1482 727 728
f 1470 879 1464
f 774 1473 1469
f 1070 1075 673
f 1762 1107 660
f 544 1524 1525
f 1467 697 693
f 695 697 1467
f 1102 1559 681
f 703 905 885
f 719 1744 1448
f 1742 955 1442
f 580 588 589
f 725 995 1935
f 726 995 725
f 695 1439 2026
f 630 1560 1834
f 708 2404 893
f 708 893 1463
f 13 16 617
f 1834 1560 1576
f 640 1027 1026
f 2169 1992 2159
f 501 489 930
f 502 930 500
f 794 821 455
f 638 999 1728
f 1121 46 193
f 363 364 1851
f 385 997 382
f 1843 381 282
f 1768 921 1448
f 1429 364 363
f 2405 1879 2202
f 37 1067 1065
f 344 1633 261
f 293 315 810
f 582 571 551
f 718 1854 1857
f 1857 320 321
f 2344 2129 2371
f 1625 1002 204
f 537 538 584
f 980 152 981
f 593 1763 958
f 558 585 564
f 585 558 108
f 1129 1496 1547
f 556 559 1152
f 1863 1003 419
f 2415 2399 2423
f 1761 1107 1762
f 85 89 1121
f 61 59 1880
f 275 498 131
f 1546 121 145
f 1917 1485 1880
f 1967 2351 54
f 1504 1650 1959
f 1521 1023 152
f 1666 2410 2414
f 1521 152 149
f 1190 510 509
f 81 1537 79
f 119 1008 79
f 1299 1450 1136
f 1914 2431 2423
f 1143 1337 1338
f 250 359 193
f 1084 1101 1507
f 184 525 241
f 525 531 241
f 1779 56 218
f 56 1869 218
f 1871 218 1869
f 1869 1868 1060
f 81 1007 1537
f 358 349 1073
f 1061 202 1871
f 1061 1871 1869
f 1061 1869 1060
f 91 86 87
f 1668 2425 1392
f 1470 653 1767
f 1122 232 181
f 423 441 442
f 469 448 1263
f 1462 1471 1354
f 2027 1674 1068
f 1114 36 1504
f 1117 1119 1917
f 1171 1170 1758
f 1144 1860 568
f 1996 1349 318
f 115 93 2
f 414 1310 392
f 422 1764 373
f 1690 1496 1129
f 66 67 1468
f 927 1481 869
f 1489 139 1112
f 1291 1827 451
f 397 396 380
f 1764 375 374
f 374 373 1764
f 1731 733 732
f 1751 702 1776
f 1090 106 1122
f 610 1148 1162
f 392 281 393
f 82 696 83
f 1982 1540 1858
f 748 700 674
f 1983 1540 1163
f 1116 1689 1133
f 2060 1984 380
f 1815 894 901
f 916 922 1458
f 85 284 249
f 208 1128 106
f 2055 1971 2394
f 902 1883 1187
f 192 1883 804
f 367 373 331
f 177 696 54
f 1057 1646 91
f 1733 1356 355
f 2192 1397 904
f 904 1397 205
f 206 1183 205
f 342 1331 1836
f 120 1545 145
f 1115 1089 1123
f 2102 1563 1013
f 1569 1544 1559
f 1887 1995 249
f 249 1995 1196
f 291 347 305
f 982 1196 822
f 1197 822 1196
f 668 1568 1631
f 15 178 221
f 194 114 1733
f 1475 2110 1478
f 1350 1996 319
f 1350 317 337
f 141 1096 253
f 1347 1346 1348
f 1424 175 1364
f 1944 1885 2005
f 950 917 1382
f 864 580 1951
f 1951 683 864
f 2363 2351 1967
f 1998 1710 1709
f 272 273 1387
f 1089 1092 207
f 2414 2410 2170
f 1721 326 229
f 326 1721 1228
f 1055 1056 1895
f 1919 880 951
f 2302 767 2208
f 1907 1221 239
f 273 1720 1387
f 1607 1351 1672
f 1609 1350 2470
f 1607 1691 1670
f 1281 1297 1296
f 2288 2140 2344
f 2396 2427 40
f 1229 1909 1366
f 1223 1216 2001
f 1223 2001 1362
f 1398 1401 113
f 1239 336 233
f 99 95 1499
f 1240 1302 336
f 1237 1236 1210
f 1745 2110 1475
f 2093 1300 1285
f 1094 259 1092
f 1948 1852 1687
f 1227 1208 1706
f 1210 1227 1706
f 207 259 209
f 1092 259 207
f 2375 2322 887
f 1100 1208 1212
f 2201 2407 945
f 1194 1707 1720
f 335 1260 336
f 580 2247 1951
f 1197 197 196
f 822 1197 196
f 323 322 1322
f 1330 331 1238
f 207 209 208
f 1089 281 360
f 1257 1322 1321
f 2005 1885 1727
f 1326 1325 1233
f 1324 1837 1234
f 1170 1171 352
f 168 1832 1900
f 1260 335 1830
f 297 340 1282
f 2375 719 1224
f 1332 1269 1267
f 1317 1269 1332
f 300 357 301
f 1094 360 361
f 2174 2394 2395
f 1754 1830 1752
f 1752 2007 1754
f 1866 268 1084
f 2007 1752 1753
f 187 256 195
f 146 1425 1220
f 190 15 172
f 2339 2318 2374
f 1919 1289 1303
f 2009 900 497
f 1580 2024 1930
f 122 201 2458
f 1318 351 1309
f 1140 514 1188
f 554 514 1140
f 1472 2179 1939
f 504 503 2008
f 1763 883 882
f 916 1099 922
f 1099 1031 922
f 1983 1163 214
f 1826 430 422
f 1286 1511 1770
f 2398 11 12
f 1 1883 9
f 1128 1086 106
f 163 1689 1116
f 1121 89 51
f 1864 1161 1652
f 601 1200 458
f 1971 1970 1972
f 419 1648 1647
f 1116 1497 1690
f 1690 1497 1496
f 1343 1193 1190
f 1299 1136 515
f 1514 1199 1011
f 1816 1508 1344
f 71 1173 116
f 36 30 31
f 1980 397 1984
f 526 537 1184
f 568 1886 1513
f 730 1419 959
f 519 1021 1355
f 540 1367 541
f 938 456 1502
f 1439 679 1438
f 8 1079 303
f 1899 303 1079
f 1063 586 1217
f 1513 22 4
f 1586 1872 426
f 473 1169 182
f 1797 1420 1033
f 80 34 1019
f 640 1799 984
f 1055 979 651
f 645 973 999
f 1801 1811 2030
f 1801 669 1811
f 1650 643 1959
f 664 2433 1778
f 2226 2207 1800
f 330 39 78
f 50 1030 24
f 17 1030 1546
f 38 3 1049
f 427 1783 332
f 1435 1811 2026
f 915 878 1483
f 1483 1751 701
f 2381 2201 2369
f 1755 1179 693
f 2026 1811 669
f 150 140 1037
f 905 894 763
f 2185 2278 2186
f 38 1566 1568
f 1002 2155 2396
f 101 1001 473
f 2396 40 1002
f 727 1725 1481
f 1731 732 1903
f 2165 2166 2170
f 642 1959 643
f 1723 1179 738
f 1179 1723 1722
f 842 1722 1723
f 764 894 1815
f 894 764 763
f 792 2341 1894
f 1650 646 643
f 1048 84 1066
f 768 754 753
f 1001 101 988
f 1372 800 1373
f 782 781 823
f 2388 2373 2358
f 1631 1568 287
f 820 799 747
f 275 1624 1415
f 786 802 801
f 639 642 698
f 643 646 975
f 2038 847 1734
f 806 799 1575
f 2327 841 683
f 245 320 156
f 161 1857 1856
f 325 992 324
f 382 282 381
f 879 1936 1729
f 394 989 1910
f 394 1910 818
f 818 1910 1610
f 775 1822 773
f 855 1822 775
f 1822 1680 773
f 737 841 816
f 1937 1360 1716
f 294 295 341
f 742 2043 963
f 866 865 1500
f 819 1381 1377
f 243 117 14
f 155 117 243
f 1570 1172 800
f 712 891 743
f 1041 898 899
f 1027 640 984
f 549 548 1384
f 872 662 925
f 906 1138 1657
f 2324 2290 735
f 1895 1698 956
f 605 1834 1577
f 617 544 543
f 13 617 543
f 1591 1929 462
f 2303 1800 1966
f 493 925 662
f 1556 1657 530
f 1834 1576 1577
f 2278 2185 1949
f 2377 1156 1001
f 1556 530 1644
f 1644 924 1556
f 907 1583 532
f 25 21 543
f 25 543 1572
f 909 911 1583
f 544 1572 543
f 1454 1640 1040
f 563 1655 562
f 462 463 460
f 675 703 659
f 625 619 1006
f 1588 1595 288
f 614 1560 630
f 17 1605 1005
f 1543 550 875
f 1553 652 623
f 1594 302 420
f 720 363 365
f 1187 132 134
f 1429 363 720
f 712 652 860
f 2043 1407 1602
f 745 1406 1407
f 2051 224 1616
f 923 1370 1368
f 597 634 1574
f 598 1574 634
f 164 1863 1597
f 981 151 639
f 461 986 987
f 986 461 1005
f 2279 752 875
f 2035 1963 88
f 1536 1043 606
f 2035 1002 40
f 302 1007 1014
f 863 899 1949
f 634 843 818
f 2278 1949 2252
f 121 50 120
f 50 1545 120
f 589 2038 2254
f 1674 1541 1068
f 1505 1138 1075
f 866 848 710
f 2288 2248 2140
f 1866 1084 1507
f 37 1779 1067
f 1779 37 1766
f 42 44 1761
f 362 72 1087
f 1398 113 2047
f 2047 113 1888
f 1820 853 831
f 813 812 1681
f 14 248 80
f 987 101 473
f 827 813 1681
f 193 46 250
f 46 1897 250
f 87 1499 91
f 657 1766 654
f 1766 657 1761
f 628 1063 1217
f 1970 2055 1109
f 1119 53 1485
f 131 130 1192
f 79 1537 119
f 53 82 57
f 57 83 58
f 1080 498 499
f 1791 1793 1033
f 1885 1245 1727
f 1049 1072 268
f 1110 1972 1970
f 330 78 23
f 1159 1679 1678
f 1459 1147 2056
f 1146 2056 1148
f 1458 1456 147
f 746 760 743
f 1679 1159 1160
f 1160 1161 1679
f 845 902 134
f 1 804 1883
f 746 711 2290
f 1894 1730 1724
f 1563 1810 185
f 1162 1700 610
f 610 611 1148
f 369 90 1073
f 917 922 918
f 210 209 1126
f 1563 185 1013
f 1386 1333 756
f 1179 1467 693
f 893 2029 1463
f 731 724 900
f 900 2009 731
f 1174 731 2009
f 900 724 897
f 820 747 967
f 1873 1168 1318
f 2035 88 650
f 1759 1482 1535
f 1482 1759 1765
f 1997 1720 186
f 185 1604 1012
f 1397 206 205
f 177 1708 1302
f 2377 1001 1012
f 1313 1741 1312
f 738 1755 1178
f 738 1178 927
f 1403 215 234
f 2337 2373 2350
f 684 967 747
f 224 1597 1598
f 1940 1452 1453
f 270 1838 115
f 1392 1393 1589
f 800 1172 1373
f 1620 484 2349
f 1230 1366 1238
f 1230 1229 1366
f 1624 2351 2363
f 1636 1783 167
f 1207 1305 1327
f 1207 1327 1233
f 1739 214 1203
f 214 1739 1913
f 336 1239 335
f 167 358 892
f 1331 1740 1382
f 2325 2187 2188
f 1911 111 1596
f 1531 340 297
f 2082 1596 111
f 2030 1811 1437
f 684 994 632
f 1240 336 1255
f 1784 1546 145
f 1030 7 226
f 2361 2328 2149
f 1255 336 1254
f 1047 1513 1886
f 1277 1307 1301
f 1332 312 1317
f 2332 2328 2360
f 343 1748 2059
f 1119 1485 1917
f 965 1999 481
f 2027 1966 1674
f 640 1026 1217
f 54 55 1967
f 1331 342 1270
f 608 636 638
f 2236 1962 2226
f 1258 347 291
f 1918 1290 1920
f 1787 1050 994
f 1269 1317 418
f 1295 1297 1702
f 1289 416 1303
f 415 416 1289
f 1095 1093 1051
f 437 436 411
f 1786 2331 1999
f 537 1367 540
f 1552 1246 421
f 1627 2338 2196
f 1142 1685 1151
f 41 77 173
f 1927 1017 1016
f 1017 1927 574
f 557 1782 1813
f 1149 1145 557
f 1798 2350 2333
f 1184 1182 1185
f 1813 1176 1814
f 513 512 1782
f 1351 1670 1350
f 1355 576 1165
f 515 1510 508
f 2065 658 1093
f 1012 1859 185
f 988 1859 1012
f 1293 446 414
f 1143 1299 1195
f 273 272 338
f 333 10 458
f 333 203 10
f 1141 2420 1056
f 554 1150 594
f 184 241 49
f 572 1927 552
f 1384 570 549
f 559 560 534
f 549 570 1374
f 1927 572 573
f 574 1927 573
f 478 1247 1703
f 1703 1247 1552
f 586 599 1108
f 2062 1078 1931
f 1281 1283 1298
f 2065 1093 1095
f 1088 1081 1082
f 425 435 459
f 1823 446 447
f 569 1055 629
f 2065 1095 2062
f 1790 2065 2062
f 1293 414 351
f 1956 2187 2325
f 309 308 1239
f 396 432 431
f 1309 351 414
f 1962 2207 2226
f 1705 1078 1039
f 1191 1280 170
f 934 996 574
f 1624 1625 1601
f 1039 627 1418
f 1624 1601 1602
f 1624 1602 1415
f 1418 1419 649
f 1771 593 582
f 2066 1141 1353
f 405 1702 1297
f 65 94 123
f 1968 132 789
f 1968 845 134
f 1283 403 1298
f 569 2238 1991
f 709 989 394
f 696 53 54
f 1697 1297 1756
f 2281 2329 2100
f 578 560 561
f 443 2208 1665
f 1440 702 1780
f 1802 663 664
f 672 1802 664
f 1968 657 654
f 691 669 690
f 2026 670 695
f 1623 1601 1625
f 1602 1407 1415
f 670 669 691
f 340 1284 1282
f 305 350 412
f 342 301 1270
f 357 1270 301
f 599 1367 1108
f 1817 649 648
f 1386 1423 1333
f 695 670 691
f 274 307 277
f 2150 2151 2167
f 2333 2150 2167
f 1742 1941 955
f 2442 1846 1291
f 1464 915 1776
f 703 1808 659
f 2332 2292 2146
f 308 285 335
f 861 2221 2353
f 285 286 1522
f 878 915 1464
f 705 867 1765
f 2317 1960 2309
f 913 903 1465
f 1465 894 905
f 913 1932 903
f 164 1003 1863
f 2000 239 257
f 671 2304 282
f 1221 257 239
f 2353 888 1528
f 881 934 1743
f 881 732 934
f 179 2000 257
f 1890 1225 1529
f 1789 2300 344
f 1623 2043 1601
f 1944 1480 887
f 1734 1486 940
f 1334 1900 247
f 1907 236 235
f 839 1933 1661
f 1221 1907 235
f 1661 1933 1386
f 1430 1213 1687
f 1622 1626 1388
f 1709 235 1998
f 759 719 912
f 261 356 287
f 2100 2334 2306
f 295 1097 1390
f 851 850 1750
f 2161 1955 2160
f 278 366 307
f 1737 1719 1944
f 1730 770 769
f 1612 1596 1629
f 1509 1264 1606
f 673 1542 2058
f 1724 813 827
f 1649 1716 850
f 1716 1645 1937
f 200 186 198
f 1032 148 1677
f 2168 2151 2274
f 1163 611 214
f 797 774 2036
f 777 788 1649
f 469 1263 971
f 1263 1682 971
f 731 1174 70
f 26 33 1700
f 762 1737 791
f 882 751 752
f 216 1986 1539
f 2330 2284 2154
f 917 1458 922
f 1881 1167 183
f 714 2011 702
f 1820 831 852
f 832 853 788
f 805 112 114
f 859 791 2240
f 1118 1133 1487
f 232 106 1086
f 55 53 1119
f 2146 2145 2149
f 1105 618 1104
f 74 1888 75
f 69 68 188
f 2096 671 2265
f 1513 4 568
f 28 387 1489
f 862 1536 606
f 1377 1381 614
f 1795 2222 944
f 943 810 1961
f 164 224 1024
f 64 28 105
f 742 963 1632
f 1561 81 79
f 888 2076 2075
f 1664 438 129
f 872 1565 609
f 908 1565 550
f 1827 338 1738
f 1959 1114 1504
f 258 11 303
f 2075 2076 2079
f 1523 427 332
f 818 520 1617
f 1545 39 330
f 271 2037 1856
f 775 788 855
f 156 14 80
f 14 156 243
f 1597 224 164
f 553 551 517
f 2081 2080 2079
f 911 1584 1644
f 410 439 1584
f 1040 1640 1639
f 1638 1639 1640
f 1641 1640 1454
f 108 558 109
f 1640 1641 1844
f 1641 470 1844
f 410 911 407
f 407 911 909
f 1905 907 2127
f 1402 2081 1925
f 346 1922 1853
f 111 564 2082
f 1845 1638 1851
f 165 1024 224
f 463 1593 837
f 96 1707 1975
f 1632 1402 742
f 339 455 821
f 490 171 2037
f 346 348 1922
f 346 324 348
f 1889 876 547
f 829 1612 1630
f 2037 171 1856
f 1758 1762 660
f 385 780 997
f 1034 1810 95
f 2099 2306 2162
f 1623 963 2043
f 2043 1602 1601
f 339 992 455
f 307 274 279
f 237 238 824
f 381 1843 877
f 1906 90 92
f 324 346 320
f 321 320 346
f 1621 784 1924
f 953 1616 957
f 986 985 987
f 2017 1906 92
f 498 275 1415
f 2194 258 303
f 877 382 381
f 650 204 2035
f 1809 1921 438
f 1845 364 1431
f 1784 165 1599
f 1642 2082 564
f 2291 1956 2272
f 642 153 1959
f 836 1669 814
f 845 1968 654
f 931 890 2015
f 1590 993 462
f 1848 2308 2268
f 182 987 473
f 1024 1875 330
f 1875 1545 330
f 1578 1576 1581
f 1581 1576 482
f 50 1523 39
f 1523 1 39
f 502 1035 501
f 88 1963 1521
f 108 1037 140
f 604 899 898
f 24 1030 226
f 47 24 48
f 1853 834 953
f 2080 2081 1632
f 1047 1065 1066
f 836 814 647
f 468 1402 1925
f 603 604 1578
f 1454 798 952
f 1124 964 377
f 92 349 113
f 92 369 349
f 1073 349 369
f 580 864 579
f 2289 2283 2126
f 603 899 604
f 606 605 898
f 908 1543 715
f 67 11 187
f 634 597 656
f 187 195 68
f 68 67 187
f 2055 1970 1971
f 1103 349 1104
f 87 1170 1873
f 86 1170 87
f 37 1886 1554
f 1872 1507 1101
f 976 685 1345
f 1917 1880 59
f 1917 59 1497
f 2184 1524 617
f 909 907 407
f 1967 1498 1487
f 43 1120 1087
f 1251 855 854
f 1593 463 993
f 1124 1084 964
f 1639 1431 1040
f 616 733 998
f 89 52 51
f 52 1693 1678
f 1679 1864 1664
f 1585 1663 1828
f 1125 1688 75
f 823 735 848
f 1011 1010 592
f 544 1889 500
f 1633 494 439
f 1459 1460 1673
f 190 177 178
f 1982 2056 1146
f 1146 1148 611
f 802 763 764
f 1673 1539 1986
f 2053 1539 1460
f 1460 1982 2053
f 1983 1858 1540
f 509 526 1184
f 1458 917 1157
f 130 170 1192
f 1925 2081 929
f 2223 1925 929
f 1858 1533 2070
f 1858 1983 2470
f 2223 1795 1925
f 228 166 186
f 923 1368 1938
f 901 766 1815
f 699 734 1894
f 733 1730 734
f 730 727 1481
f 493 2015 890
f 1183 904 205
f 439 494 1584
f 1584 911 410
f 207 208 1090
f 1090 1169 207
f 1089 1169 1123
f 2079 929 2081
f 1817 1178 689
f 722 741 910
f 2210 2131 1962
f 1053 1051 1211
f 1404 163 1389
f 2070 1532 2053
f 2269 2144 2228
f 1099 1032 1706
f 2132 2126 2259
f 1207 222 1305
f 6 1305 222
f 41 49 60
f 1411 2086 1417
f 1388 1710 1215
f 2001 1215 1710
f 230 1228 1721
f 1532 2070 1527
f 235 236 1998
f 2001 1216 1215
f 2006 1890 1529
f 2273 2256 2138
f 2425 52 1392
f 2048 1398 2047
f 234 217 1531
f 2091 1527 2070
f 1361 1223 1362
f 1350 1672 1351
f 1350 1609 1672
f 215 694 216
f 1526 1531 1532
f 1526 1532 1527
f 1304 1307 1308
f 605 630 1834
f 404 2067 406
f 406 1512 1837
f 1390 234 296
f 1670 1349 1996
f 637 644 636
f 340 1531 1526
f 857 1906 1172
f 1027 984 1416
f 1336 312 1332
f 340 1526 1284
f 1234 1512 1235
f 1836 1331 1383
f 1752 1522 262
f 308 1341 285
f 1266 262 294
f 252 1342 1749
f 1739 1916 1913
f 1285 1527 2091
f 959 627 626
f 2270 2132 2210
f 1336 1262 314
f 217 1532 1531
f 357 300 298
f 1081 1063 628
f 415 1838 270
f 326 327 1288
f 1093 621 619
f 2061 1225 978
f 589 2247 580
f 1259 1718 1567
f 37 1554 654
f 1791 570 1793
f 1052 1078 2062
f 354 1980 1984
f 1326 1275 1325
f 1322 1323 1321
f 372 1292 1304
f 399 1980 355
f 1837 1324 1325
f 1546 1030 121
f 1702 1837 1325
f 2216 2246 933
f 2093 2067 404
f 404 402 403
f 1580 1655 794
f 1251 1619 1635
f 534 1152 559
f 1859 988 989
f 1665 527 942
f 1020 1021 1016
f 1876 552 1927
f 1292 1301 1307
f 1308 1307 1277
f 555 420 946
f 2217 555 946
f 1291 451 453
f 1291 453 1819
f 2229 943 1961
f 523 524 534
f 433 1272 1328
f 424 1772 416
f 1358 1175 1357
f 1772 1511 416
f 1814 1176 1175
f 1427 970 307
f 1508 522 519
f 1591 1637 603
f 2037 1066 490
f 1328 1272 1246
f 472 977 1249
f 477 478 1703
f 2209 2003 2222
f 1455 2255 1662
f 488 505 1278
f 1278 505 480
f 479 487 485
f 531 488 479
f 505 488 531
f 251 485 1106
f 483 531 479
f 1143 466 1299
f 483 485 251
f 525 184 464
f 505 531 525
f 316 948 466
f 316 1338 231
f 2098 2097 2096
f 2306 2099 2100
f 970 1427 1443
f 366 798 1427
f 1443 1426 970
f 1429 1421 364
f 1443 1040 1431
f 1443 1427 1040
f 1431 364 1421
f 1415 1414 498
f 745 1402 440
f 1414 1406 1960
f 1628 499 1414
f 745 742 1402
f 2212 2101 2152
f 95 2102 1057
f 95 1563 2102
f 2102 1646 1057
f 95 1810 1563
f 74 1154 2048
f 1393 1395 1669
f 1395 1678 1669
f 1393 1392 1395
f 1669 836 1393
f 756 817 1386
f 1034 99 2103
f 767 1379 1320
f 1379 767 1372
f 1373 1379 1372
f 1368 1370 1369
f 1320 1379 2258
f 1938 1368 767
f 1365 1750 1360
f 838 1365 817
f 1365 1937 817
f 714 1750 1365
f 1363 1365 838
f 1363 1359 1365
f 1359 714 1365
f 1365 1360 1937
f 1375 1912 2456
f 1577 1578 604
f 2105 2084 2452
f 2105 2452 2104
f 2045 567 2106
f 613 608 2045
f 2045 608 587
f 603 1929 1591
f 26 1314 5
f 224 1599 165
f 1294 1240 345
f 1130 63 1314
f 222 26 5
f 222 5 6
f 345 1255 1265
f 2107 1699 1352
f 1278 1279 488
f 1279 1271 1276
f 1988 1271 1280
f 1279 1276 488
f 1961 810 527
f 1232 133 926
f 133 1232 311
f 333 1567 1062
f 563 562 920
f 2137 2224 2138
f 2111 2110 1363
f 550 547 876
f 1898 629 1976
f 944 2203 914
f 2077 2217 2075
f 2112 2254 2029
f 759 741 1226
f 1026 628 1217
f 628 1026 1082
f 1028 1218 1082
f 1026 1028 1082
f 2057 2115 548
f 2114 2115 2057
f 2118 2307 766
f 2118 2119 2307
f 2429 1759 1535
f 1759 2429 686
f 2120 1209 641
f 1660 1589 1820
f 2448 641 1209
f 1434 2448 2120
f 2120 2448 1209
f 1181 1179 1180
f 1180 1179 1722
f 2237 2262 2097
f 927 1178 1817
f 648 927 1817
f 2073 2367 2239
f 2073 2239 2064
f 1175 1176 1977
f 1945 1150 2027
f 1945 594 1150
f 1685 2122 1151
f 2027 1150 1151
f 1142 2042 2123
f 507 2042 1142
f 1188 1142 1140
f 2105 2042 2084
f 2042 2105 2136
f 508 2084 2042
f 716 923 667
f 1942 923 1134
f 2129 2382 2124
f 2124 2125 2129
f 1902 1904 2127
f 1905 2127 1904
f 79 1762 1561
f 2125 2130 2129
f 2125 2128 2130
f 2129 2130 2371
f 2075 2079 2077
f 2134 2133 2104
f 2133 2134 2339
f 1964 2137 1962
f 1964 1962 2236
f 2217 1656 2075
f 2210 2137 2138
f 2256 2210 2138
f 2288 2142 2141
f 2248 2288 2141
f 2141 2142 2234
f 493 662 1585
f 2143 2148 1893
f 2148 2310 1893
f 2147 2146 2292
f 2147 2273 2146
f 2145 2148 2149
f 2148 2323 2149
f 874 871 2039
f 871 656 2039
f 581 871 1603
f 874 834 871
f 2152 2274 2285
f 2285 2274 2151
f 2151 2150 2342
f 2342 2150 2372
f 2372 2150 2357
f 2297 1798 2333
f 2230 2268 2153
f 2153 2268 2154
f 2235 2268 2230
f 1251 647 814
f 2155 2363 2396
f 2363 1967 2396
f 1115 281 1089
f 1346 1831 317
f 1831 1346 1913
f 1831 1913 2067
f 2158 2157 1971
f 2159 2164 1974
f 2207 2046 1800
f 2162 2161 2251
f 2217 946 1656
f 2170 1564 1555
f 2169 1555 1992
f 1555 2169 2170
f 2494 2171 2455
f 2167 2213 1662
f 2167 2168 2213
f 2167 1662 2255
f 2297 2167 2255
f 1979 2172 2482
f 2442 2456 1912
f 1846 2442 1912
f 2456 2442 2158
f 1798 2175 2313
f 2002 2313 2175
f 265 1375 1194
f 1194 1720 265
f 1172 2229 1373
f 1720 273 265
f 1921 1809 2178
f 1762 42 1761
f 2055 2177 1109
f 1975 1707 1194
f 1068 1505 1071
f 1070 1071 1075
f 1231 1062 1340
f 1567 1059 1062
f 1055 569 536
f 1417 776 1411
f 1411 776 1573
f 1035 500 1889
f 502 500 1035
f 2182 2232 2181
f 2182 1637 2232
f 1020 1017 607
f 998 575 1018
f 1018 607 998
f 1487 1498 1118
f 553 1011 592
f 699 2183 583
f 1663 1585 662
f 1828 1000 1585
f 1828 595 924
f 16 2237 2184
f 2184 2237 2052
f 1333 1423 135
f 1118 1498 1119
f 996 934 616
f 482 993 1581
f 993 482 1593
f 157 982 822
f 249 1196 982
f 1291 338 1827
f 1738 1896 1827
f 1559 481 1999
f 2259 1902 2046
f 1989 361 400
f 400 978 1990
f 972 1015 682
f 971 972 977
f 971 1015 972
f 546 966 968
f 2190 246 267
f 1788 1786 965
f 1686 1492 1098
f 2032 2192 2008
f 2032 2008 535
f 97 2192 2032
f 2423 97 2032
f 2406 2193 2405
f 2194 2196 2338
f 2196 2195 2376
f 656 1794 737
f 2196 2194 2195
f 450 2212 2206
f 1824 445 1316
f 2436 2198 2197
f 2215 2212 450
f 2031 1204 2200
f 2031 1891 1198
f 1244 1488 266
f 1366 290 2092
f 1738 1934 1812
f 950 954 949
f 950 949 1158
f 16 1843 2237
f 596 1333 135
f 2202 1879 107
f 1031 2485 2199
f 2152 2101 2274
f 1165 577 1714
f 1205 1166 206
f 1609 214 1913
f 2485 1031 1100
f 2408 2072 2108
f 2097 1381 2052
f 246 1319 1334
f 247 246 1334
f 2152 2267 2205
f 1580 794 2024
f 1237 1210 1747
f 2243 1145 1149
f 1136 1515 515
f 1397 1471 1462
f 2488 2469 2454
f 2231 2467 2219
f 1849 951 1878
f 1998 1520 2001
f 1388 1215 1222
f 1216 1222 1215
f 1969 2231 1551
f 2214 1042 443
f 2437 2469 2275
f 2469 2488 2275
f 2460 2416 2488
f 1986 216 694
f 2244 2153 2246
f 1907 312 236
f 1714 1164 1165
f 2013 2057 548
f 1588 1587 1595
f 523 2071 526
f 950 1382 1740
f 1539 2053 216
f 2072 2057 1735
f 2072 1735 1946
f 2072 1946 2025
f 2271 1595 2217
f 548 2023 2013
f 1384 548 2115
f 1877 1058 2218
f 950 1740 954
f 1164 1352 1059
f 1882 2064 1981
f 1280 1191 1988
f 1835 1981 2020
f 511 524 523
f 528 1882 1182
f 297 234 1531
f 647 1251 854
f 1186 1340 1874
f 378 269 1425
f 253 2069 270
f 253 1749 2069
f 1774 1926 1011
f 1829 514 1901
f 2060 1818 1364
f 2499 2497 2282
f 1829 1189 514
f 1193 513 1781
f 1193 1651 513
f 374 1329 329
f 1261 1262 2355
f 1199 1259 936
f 372 2004 343
f 1774 1199 1200
f 1829 1774 1200
f 1189 1143 1188
f 2176 1736 2482
f 1331 1323 1322
f 2437 2275 393
f 2135 2261 2085
f 341 297 1282
f 2091 337 1285
f 1268 1262 1267
f 1366 2092 2088
f 939 787 128
f 2293 1289 1849
f 876 1889 808
f 2282 2090 1256
f 2409 2301 2019
f 694 215 1403
f 1736 1291 1819
f 2061 978 2078
f 1984 397 380
f 1825 2069 1749
f 1700 33 211
f 2014 372 1304
f 399 1286 2094
f 835 104 266
f 1812 1896 1738
f 966 478 968
f 487 1436 485
f 453 485 1436
f 1304 448 2014
f 1832 169 2006
f 1490 1479 255
f 1827 1241 451
f 199 492 1658
f 2014 1850 411
f 1202 1233 1234
f 1249 1004 471
f 471 1004 476
f 1276 1250 479
f 1250 487 479
f 447 1479 1490
f 1249 471 472
f 1310 474 1862
f 437 411 1850
f 1476 1823 447
f 1328 1506 1313
f 1777 1313 1506
f 614 1043 1377
f 474 1264 1509
f 442 477 444
f 1896 1244 1106
f 1444 2052 1381
f 1658 870 199
f 464 870 1772
f 1264 260 495
f 260 1264 1242
f 408 104 835
f 692 546 176
f 104 45 41
f 41 73 104
f 41 60 73
f 316 311 948
f 852 1660 1820
f 1466 796 1214
f 1466 1064 796
f 445 467 1316
f 1263 1277 1301
f 1271 1988 1250
f 1250 1988 2019
f 1785 1077 1064
f 2018 1250 1923
f 135 2160 1600
f 1551 311 1232
f 1884 1785 1064
f 1656 1821 888
f 1816 1344 1259
f 2063 1993 1311
f 2087 1511 1286
f 926 1969 1232
f 1835 1969 926
f 2209 2119 2003
f 2025 1946 1713
f 523 526 511
f 1591 462 460
f 2069 1915 270
f 2294 2269 2250
f 2013 1884 2057
f 2078 1301 1292
f 1538 1680 1822
f 1450 1715 1136
f 508 1510 2084
f 529 1184 537
f 1991 2238 2025
f 534 524 1152
f 2025 2238 2108
f 2108 2072 2025
f 2068 384 1833
f 2010 2090 2282
f 2068 2010 2282
f 541 529 540
f 553 1514 1011
f 551 553 582
f 1969 2050 2049
f 1969 2049 2231
f 2391 538 2071
f 494 2015 493
f 2238 2484 2108
f 1315 1295 1265
f 2439 2106 2243
f 1127 575 576
f 1127 1018 575
f 317 1831 337
f 1656 976 1345
f 933 2246 2298
f 1552 1399 1246
f 658 2065 1790
f 2471 1261 1842
f 436 429 411
f 1093 619 1394
f 1294 1326 1327
f 527 1320 1961
f 578 1405 2490
f 1320 1665 2208
f 2493 2483 2117
f 1330 1238 2260
f 436 434 388
f 2004 1258 1335
f 2045 1412 613
f 608 613 1412
f 1821 1656 1345
f 1957 2242 1635
f 313 2471 2474
f 2463 984 983
f 2457 2440 2432
f 1811 1435 1437
f 2438 2440 2453
f 2382 2104 2452
f 1441 2428 2451
f 1366 2260 1238
f 1802 1433 1435
f 612 2248 2141
f 290 1354 291
f 2115 2493 1384
f 645 676 973
f 2060 1364 191
f 648 1419 730
f 1471 2190 304
f 1471 246 2190
f 1526 1527 1285
f 1801 689 690
f 2428 1453 1445
f 1445 1453 1452
f 2500 2485 301
f 170 1280 1279
f 2171 2301 2164
f 1354 1229 1219
f 961 1887 377
f 1439 2412 679
f 1696 706 2432
f 259 306 1396
f 1354 1219 1206
f 1667 1518 596
f 1222 2497 2200
f 2497 2031 2200
f 1222 1216 2497
f 2011 1359 2428
f 2199 2500 1383
f 2276 1592 2265
f 940 1943 941
f 2383 1745 1453
f 1371 1370 716
f 1100 1212 2485
f 2397 2303 2403
f 935 884 1763
f 861 1695 762
f 211 1207 1202
f 1478 2370 1932
f 2404 2005 893
f 2005 1727 893
f 699 2341 2183
f 2344 2140 2382
f 2393 758 721
f 307 970 277
f 1302 1708 233
f 2095 2249 2491
f 2272 1956 2028
f 868 867 704
f 1729 878 1464
f 747 748 674
f 1376 2261 2139
f 869 1723 738
f 2139 2339 2134
f 2158 2464 2157
f 2140 2139 2134
f 777 1483 1493
f 869 1725 1723
f 1075 906 1671
f 1096 1428 1097
f 1359 1363 2110
f 1461 2022 2465
f 1169 1089 207
f 497 504 1166
f 2356 2315 1134
f 850 851 777
f 767 2302 2356
f 1938 767 2356
f 868 802 2277
f 769 813 1724
f 2208 767 1320
f 1180 760 2109
f 2032 535 2198
f 799 806 748
f 1302 178 177
f 806 772 748
f 377 964 961
f 922 1031 486
f 1972 1375 2456
f 819 1524 1444
f 2447 2191 2444
f 116 731 70
f 922 486 918
f 2326 2241 2119
f 9 1883 902
f 2248 2139 2140
f 1649 775 773
f 2295 942 315
f 1345 873 1243
f 2253 2135 2236
f 2302 2234 2315
f 856 1530 795
f 147 1456 1457
f 830 1494 1495
f 739 1573 778
f 2308 2154 2268
f 1131 1162 1147
f 2226 2253 2236
f 2248 1376 2139
f 2263 1528 858
f 852 776 1660
f 1461 74 75
f 1109 1972 1110
f 2056 1147 1148
f 2426 2445 2156
f 2136 2462 2123
f 1135 660 1107
f 862 606 1041
f 634 818 598
f 2203 2003 2241
f 2085 1378 2121
f 450 2206 839
f 1487 143 2427
f 609 908 715
f 1128 1076 7
f 1076 1128 622
f 618 1105 624
f 946 1058 976
f 2233 2121 1378
f 1966 1800 1674
f 454 2430 1173
f 1845 1851 364
f 1965 2406 2202
f 1873 2103 1499
f 942 2214 1665
f 2413 2422 2377
f 2016 891 2223
f 2387 2173 2426
f 2394 2173 2395
f 2210 2132 2131
f 2235 2230 2218
f 1933 2206 2245
f 1083 1098 1492
f 2076 2221 2079
f 795 1530 843
f 2222 2003 944
f 945 2407 938
f 82 83 57
f 1455 2002 2175
f 368 581 1603
f 2287 2182 2286
f 2242 2002 1455
f 2175 2255 1455
f 1965 3 2390
f 2169 2414 2170
f 2225 2144 2266
f 1604 2413 2377
f 2377 2422 1156
f 909 1583 907
f 871 1853 1603
f 303 2398 8
f 2028 1608 928
f 877 385 382
f 2395 2173 2387
f 1847 943 2257
f 407 907 824
f 1685 2462 2122
f 829 409 410
f 2265 2316 2276
f 2298 394 933
f 356 261 1633
f 346 1853 321
f 2316 2265 671
f 2387 76 2384
f 1632 963 736
f 140 188 457
f 287 356 960
f 1646 1044 91
f 167 2054 358
f 2146 2149 2328
f 288 2280 981
f 981 2280 736
f 1507 1872 1634
f 2328 2332 2146
f 1623 1625 204
f 1629 2082 258
f 2329 2346 2334
f 126 671 282
f 2102 1013 2314
f 1786 1999 965
f 268 1566 1049
f 902 1144 9
f 2333 2350 2150
f 498 130 131
f 457 585 108
f 2332 2360 2040
f 2040 2345 2332
f 2017 92 113
f 1066 84 490
f 2178 2358 2321
f 2379 362 539
f 1695 858 1719
f 2346 2364 2166
f 1866 1806 268
f 1937 1386 817
f 344 2015 1633
f 1044 1014 1007
f 1523 47 427
f 180 129 438
f 2135 2253 2340
f 2194 303 1899
f 2040 2365 2345
f 2454 2413 2103
f 113 1401 2362
f 362 521 539
f 1517 1069 1867
f 1080 2389 1139
f 1695 1719 762
f 718 321 957
f 2040 2360 2386
f 2384 1555 1564
f 174 34 31
f 1652 1809 2074
f 771 1676 1937
f 237 965 481
f 1937 1645 771
f 1029 1924 784
f 2378 2165 2389
f 1019 245 156
f 1561 1762 1758
f 2316 671 1870
f 127 126 382
f 95 91 1499
f 86 1044 1007
f 1931 1705 586
f 2390 2193 2406
f 2348 2343 2295
f 344 1807 1634
f 1401 29 64
f 1 9 39
f 237 484 238
f 2352 1627 2196
f 608 1728 587
f 78 39 1144
f 1960 2335 1628
f 957 1853 953
f 90 892 1073
f 2321 2337 2313
f 1893 2310 2343
f 2103 99 1499
f 1737 762 1719
f 2430 2407 2201
f 1544 793 681
f 72 426 43
f 1087 72 43
f 1086 1128 7
f 1139 2410 1191
f 2319 2320 2331
f 287 960 1631
f 52 2425 51
f 1109 2177 1975
f 2343 2310 2294
f 788 777 832
f 85 1121 1120
f 2423 2431 97
f 115 2427 142
f 147 1457 602
f 1901 594 673
f 65 107 1879
f 107 65 122
f 2291 1789 2187
f 709 394 2312
f 1865 114 112
f 114 1865 1085
f 1619 814 180
f 1928 837 2311
f 1904 2319 1786
f 654 1766 37
f 818 1610 395
f 1612 1629 1630
f 2430 2197 724
f 592 1771 582
f 1155 139 1153
f 1162 1131 1130
f 2162 2317 2309
f 2460 2454 2103
f 2446 2461 2441
f 157 822 158
f 822 196 158
f 196 160 159
f 2173 2157 2464
f 1461 2465 1684
f 1632 736 2044
f 897 724 2197
f 162 1832 168
f 2455 2173 2464
f 2426 2173 2455
f 1851 365 363
f 132 191 175
f 183 227 2446
f 197 200 198
f 2469 1115 1432
f 2298 2284 2314
f 214 1609 2470
f 201 1852 2480
f 2475 1201 220
f 1198 1204 2031
f 2305 2322 1224
f 2300 2291 2272
f 2015 2300 931
f 267 246 247
f 1402 1632 2081
f 2246 2284 2298
f 300 301 1212
f 1212 301 2485
f 2297 2175 1798
f 239 240 242
f 1216 1361 2473
f 2289 2126 2270
f 2132 2270 2126
f 30 1114 401
f 30 401 1865
f 401 1085 1865
f 1341 286 285
f 304 2190 1335
f 1643 2080 2044
f 1641 1847 2257
f 334 1253 1192
f 310 283 1253
f 1775 1868 56
f 2190 1748 1335
f 1996 318 319
f 2273 2147 2256
f 516 135 1600
f 374 329 328
f 1748 2190 1248
f 1260 1254 336
f 840 777 1493
f 96 1975 2177
f 2172 2018 1923
f 2060 380 1818
f 1094 361 1989
f 2355 1842 1261
f 1643 2077 2079
f 2310 2148 2144
f 1417 1928 1660
f 390 372 391
f 415 1289 2293
f 1571 1565 506
f 533 506 1565
f 2046 2131 2259
f 420 1848 2235
f 383 2083 1833
f 1766 1775 56
f 393 1309 414
f 2019 2301 1923
f 402 1702 405
f 1702 402 406
f 1580 1579 588
f 413 412 386
f 412 413 425
f 974 980 736
f 416 1511 2087
f 415 424 416
f 2203 944 2003
f 2244 2230 2153
f 2012 430 1826
f 418 1824 1316
f 2459 1211 1394
f 652 1553 860
f 769 1724 1730
f 453 451 1241
f 1777 1855 1861
f 2018 487 1250
f 1923 1250 2019
f 434 459 435
f 1761 1775 1766
f 1825 480 1915
f 449 465 441
f 1476 474 1310
f 1656 946 976
f 465 471 476
f 1719 1885 1944
f 977 1850 469
f 1777 408 1855
f 1048 1067 1779
f 1479 1658 492
f 1476 1242 474
f 2326 2118 1932
f 485 1241 1106
f 626 1051 1053
f 176 45 692
f 255 492 173
f 408 707 45
f 241 483 251
f 231 35 316
f 623 1503 1519
f 311 316 133
f 133 316 35
f 627 1052 1051
f 18 926 133
f 1538 1822 919
f 1692 1713 1231
f 1339 508 507
f 1391 743 2016
f 1785 1653 1077
f 1339 515 508
f 2181 2232 2086
f 1835 2020 1969
f 717 1663 662
f 443 1042 2234
f 1947 2215 2220
f 2213 2215 1947
f 1947 1662 2213
f 1184 529 528
f 528 529 541
f 541 2073 528
f 1016 522 518
f 1016 1021 522
f 1541 1505 1068
f 1132 523 534
f 2239 2249 1981
f 1714 1352 1164
f 1134 1938 2356
f 2086 739 2181
f 1500 865 2240
f 2296 1530 615
f 1750 850 1360
f 808 544 1525
f 2095 2050 2020
f 634 737 843
f 569 2484 2238
f 748 1939 700
f 2495 2239 2367
f 2208 443 2302
f 560 1790 2391
f 1790 2062 2391
f 2049 2467 2231
f 517 1876 518
f 586 1108 584
f 1082 2495 2367
f 2252 2182 2287
f 1063 599 586
f 1081 599 1063
f 958 573 572
f 2118 766 901
f 1345 1675 873
f 1629 1596 2082
f 996 1017 574
f 1359 2110 2383
f 2491 2478 2468
f 2305 791 2322
f 1107 657 1968
f 625 2459 1394
f 330 23 1024
f 626 627 1051
f 2303 1966 2027
f 858 1245 1885
f 2440 2457 2468
f 2453 2440 2468
f 1771 1010 884
f 594 1071 1070
f 782 823 783
f 2136 2133 2462
f 1942 1704 667
f 990 667 1704
f 962 983 661
f 1508 518 522
f 2393 2354 758
f 663 665 664
f 1438 679 665
f 2179 2180 1009
f 752 2279 768
f 680 665 679
f 2183 2186 1953
f 1924 1008 119
f 2434 1943 1371
f 2434 2424 1943
f 2411 725 2443
f 2419 703 676
f 690 693 691
f 1101 43 1872
f 1381 1560 614
f 1009 1939 2179
f 1723 844 842
f 868 763 802
f 1245 1243 873
f 1245 873 1727
f 2111 2299 2370
f 708 1463 706
f 986 1005 1599
f 714 702 1751
f 2393 2412 2400
f 878 1729 1493
f 726 728 727
f 1731 755 770
f 1903 755 1731
f 2324 2354 2366
f 2371 2315 2142
f 1478 2110 2370
f 2359 2286 967
f 2393 2366 2354
f 2109 1181 1180
f 2370 2110 2111
f 2142 2344 2371
f 1079 65 1879
f 1363 815 2111
f 754 768 755
f 2185 2392 2341
f 2400 2109 2366
f 1181 2109 2400
f 1542 717 2058
f 2287 2286 2359
f 728 1535 1482
f 1483 851 1751
f 2134 2382 2140
f 2185 2341 830
f 1486 1943 940
f 1943 1486 1369
f 2051 1616 953
f 1525 811 808
f 2051 1618 1792
f 1618 1610 1792
f 812 813 769
f 723 365 470
f 1698 1472 956
f 2179 1472 1698
f 2392 2183 2341
f 550 1543 908
f 869 738 927
f 2412 2393 721
f 2112 2247 2254
f 776 852 1804
f 831 1804 852
f 832 831 853
f 631 2186 967
f 1945 2027 1068
f 1937 1676 1386
f 2029 1757 1463
f 2419 1465 905
f 2359 967 2186
f 819 807 1524
f 1359 2011 714
f 2424 941 1943
f 1765 1759 705
f 848 735 710
f 596 756 1333
f 721 921 1768
f 744 713 712
f 1010 2058 884
f 701 1751 1776
f 2135 2085 1964
f 762 791 859
f 1696 2433 708
f 1949 899 2252
f 1391 678 866
f 1473 879 1470
f 973 703 675
f 676 703 973
f 17 1546 1605
f 847 1952 1570
f 733 616 732
f 1778 2433 1449
f 2433 2438 1449
f 2213 2212 2215
f 737 1794 809
f 1778 1451 672
f 839 2206 1933
f 2296 2230 2244
f 2218 2230 615
f 2251 2245 2206
f 2450 941 2424
f 13 543 21
f 955 644 666
f 1579 371 542
f 1604 1034 2413
f 967 632 631
f 2245 2160 1933
f 2434 677 1892
f 1892 677 990
f 925 493 533
f 2237 1843 2262
f 1569 1994 1544
f 1572 931 2272
f 2265 2098 2096
f 890 930 493
f 2462 2133 2403
f 930 931 500
f 2128 1796 2130
f 894 1465 903
f 1660 1928 1589
f 653 1252 1898
f 394 1617 520
f 942 2294 2250
f 2281 2099 2267
f 1925 944 468
f 780 385 21
f 973 1405 590
f 2152 2285 2267
f 1603 1853 1922
f 1603 1922 348
f 1400 1892 990
f 994 1050 632
f 2002 2242 1957
f 2418 2401 2404
f 2148 2266 2144
f 1218 1028 1416
f 608 638 1728
f 2306 2317 2162
f 829 1630 729
f 90 857 371
f 2479 2492 1218
f 1061 103 248
f 655 1790 2490
f 2049 2457 2450
f 2049 2450 2467
f 2329 2334 2100
f 2017 723 1906
f 86 1561 1758
f 729 1630 1627
f 779 797 772
f 969 293 943
f 518 1927 1016
f 1888 2048 2047
f 1876 1927 518
f 981 736 980
f 1788 965 237
f 2491 2457 2050
f 650 980 204
f 455 991 1867
f 2342 2329 2285
f 552 551 572
f 2321 2358 2337
f 1798 2337 2350
f 2368 2314 2330
f 521 127 997
f 2320 2332 2345
f 27 1111 2021
f 280 2362 969
f 1787 583 1050
f 1024 1003 164
f 2418 2404 708
f 237 481 484
f 560 578 2490
f 2490 1790 560
f 2491 2050 2095
f 151 1022 153
f 1806 1866 1807
f 151 1023 1022
f 1024 23 1648
f 258 1025 256
f 1025 457 256
f 189 256 457
f 2186 2183 2392
f 17 1005 181
f 484 2380 2349
f 358 1105 1104
f 1400 1380 1715
f 545 1374 2439
f 1103 1888 349
f 2381 2349 2380
f 2373 2394 2174
f 536 569 1991
f 187 11 258
f 708 706 1696
f 103 1061 1046
f 2177 2055 2388
f 1055 651 629
f 32 8 2398
f 1776 915 701
f 2219 1450 1712
f 2219 1715 1450
f 2249 2113 1981
f 1169 1090 182
f 1464 1776 1470
f 886 880 1521
f 2020 1981 2113
f 2 1878 1963
f 1091 2054 48
f 1105 2054 1091
f 524 513 1152
f 188 1502 602
f 2433 2401 2418
f 512 1176 1813
f 2401 2433 664
f 2 2427 115
f 508 2042 507
f 1970 1109 1110
f 1111 1112 1994
f 1344 1718 1259
f 1942 2371 2130
f 1299 515 1339
f 71 147 1502
f 1121 51 46
f 787 1343 1548
f 1123 1156 1432
f 66 1881 2441
f 2033 1965 2202
f 333 1231 203
f 2156 2445 1992
f 18 10 124
f 1459 1129 1547
f 124 10 110
f 35 10 18
f 1547 1147 1459
f 1147 1547 1131
f 10 203 110
f 1972 1109 1975
f 10 35 231
f 2330 1014 1044
f 136 104 73
f 255 173 260
f 870 464 184
f 142 2427 143
f 1242 255 260
f 1158 1457 1456
f 677 716 990
f 408 1506 707
f 1162 1130 1700
f 1686 2034 961
f 2469 1432 2422
f 2444 2191 2034
f 102 36 248
f 1777 1506 408
f 36 34 248
f 116 1173 731
f 2350 2357 2150
f 421 467 1703
f 1283 1281 1282
f 2446 1881 183
f 1609 1347 1672
f 1183 206 504
f 1976 653 1898
f 1006 686 625
f 2012 449 430
f 486 2199 1383
f 1509 1606 1301
f 168 1900 1334
f 1479 1973 1658
f 1741 1777 1861
f 1274 418 421
f 1274 1272 418
f 2342 2364 2329
f 446 1293 1769
f 1197 1196 1995
f 1197 1198 197
f 1201 2475 1430
f 1272 433 1306
f 2486 2200 1995
f 1204 1995 2200
f 1204 1197 1995
f 105 28 27
f 258 2082 1025
f 27 2021 2143
f 1862 400 361
f 299 298 1208
f 1227 299 1208
f 1298 402 1297
f 2053 217 216
f 370 1826 422
f 585 1642 564
f 1534 1318 2489
f 1235 1203 213
f 1609 1913 1346
f 2083 1861 1833
f 1213 225 257
f 392 393 414
f 392 1310 361
f 391 428 389
f 1279 334 1192
f 1258 428 388
f 1210 1236 1227
f 1891 1934 1908
f 740 2204 891
f 1229 327 1228
f 1833 384 383
f 2476 306 1659
f 306 2476 1396
f 1235 1202 1234
f 326 328 229
f 48 1783 427
f 2409 1988 1191
f 1934 272 1908
f 1296 1297 1697
f 360 1094 1089
f 1979 2018 2172
f 1747 329 1329
f 1256 937 2499
f 937 1256 1934
f 386 412 350
f 1321 1323 1840
f 285 1830 335
f 2061 2078 2059
f 661 1799 962
f 2059 1748 1248
f 1799 1773 962
f 1958 2385 2474
f 1323 1270 357
f 1236 1841 1840
f 750 751 882
f 1988 2409 2019
f 1265 1275 345
f 1275 1326 345
f 457 1642 585
f 558 111 109
f 301 342 2500
f 1281 1296 1266
f 2282 1256 2499
f 1330 370 367
f 2093 337 2067
f 384 2068 1958
f 664 665 1448
f 2275 2416 1309
f 1979 1736 1819
f 1325 1275 1702
f 1434 1433 1802
f 2063 2083 1732
f 370 2260 1826
f 973 675 655
f 373 370 422
f 202 155 161
f 322 323 242
f 1760 376 418
f 429 428 391
f 1342 252 1726
f 2092 412 425
f 1387 1908 272
f 1313 1312 1311
f 259 1094 306
f 1862 361 1310
f 413 435 425
f 674 994 684
f 1278 1253 334
f 432 398 447
f 1471 304 1354
f 1488 1812 1985
f 1349 1348 318
f 469 1850 2014
f 481 1562 484
f 2424 2434 1892
f 2176 2482 2464
f 1436 487 1979
f 1437 1434 2120
f 1520 1362 2001
f 476 441 465
f 240 954 242
f 930 489 493
f 1253 480 1825
f 1250 1276 1271
f 1915 1054 1711
f 1004 1249 682
f 977 972 1249
f 1015 1606 495
f 1264 495 1606
f 682 1249 972
f 1220 1425 269
f 1462 1206 1205
f 1810 1604 185
f 349 1888 113
f 176 1004 682
f 870 184 199
f 995 726 959
f 105 27 1893
f 2143 1893 27
f 796 1064 124
f 128 1077 939
f 124 1064 1077
f 1114 1959 153
f 1299 1339 1195
f 939 1193 787
f 939 1651 1193
f 512 1651 939
f 1835 18 787
f 209 1396 1701
f 1396 2476 1701
f 206 1166 504
f 2429 2443 2459
f 2459 2443 2449
f 512 513 1651
f 1713 1946 1466
f 1946 1735 1466
f 519 1355 1344
f 1182 1184 528
f 528 2073 1882
f 160 196 197
f 1177 694 1403
f 1350 1670 1996
f 1991 1874 536
f 497 503 496
f 1142 1151 1150
f 2120 641 1217
f 140 137 188
f 584 538 2391
f 649 2030 1418
f 2107 1714 577
f 599 1088 1367
f 1161 166 228
f 158 159 1693
f 1699 2180 2179
f 1954 2108 2484
f 2436 2197 2430
f 1080 1139 170
f 1945 1071 594
f 1410 2180 2107
f 2180 1699 2107
f 2423 2032 2198
f 673 594 1070
f 2420 1895 1056
f 587 567 2045
f 319 318 1348
f 616 607 1017
f 1461 75 2022
f 284 43 1101
f 1715 2467 1892
f 1400 1715 1892
f 1405 973 2490
f 1116 1690 1177
f 1901 673 1978
f 1780 2472 1954
f 2472 1780 2483
f 1380 1796 1515
f 1704 1796 1380
f 1346 319 1348
f 1346 317 319
f 1211 2449 1053
f 1053 2449 1935
f 107 2447 2202
f 1416 2463 2479
f 2202 2447 2033
f 32 2441 94
f 275 54 2351
f 83 177 190
f 1994 1112 793
f 1427 307 366
f 1121 193 1120
f 696 177 83
f 146 1171 660
f 2459 625 2429
f 1704 1942 1796
f 2432 941 2457
f 2457 941 2450
f 2481 1420 635
f 2124 2382 2452
f 1942 2130 1796
f 641 2448 1799
f 2201 2198 2436
f 2201 2415 2198
f 1776 702 1440
f 630 605 606
f 2398 66 32
f 983 1449 2438
f 2133 2397 2403
f 1779 1549 1048
f 1449 962 1451
f 2382 2134 2104
f 2433 1696 2438
f 2417 2419 955
f 2410 1139 2389
f 358 1104 349
f 2483 1780 2117
f 1673 1460 1539
f 72 2189 426
f 1083 1084 1072
f 895 1465 2417
f 938 137 138
f 1162 1148 1147
f 574 573 934
f 1932 901 903
f 1517 112 1069
f 1744 2375 887
f 719 2375 1744
f 2479 2463 2478
f 2406 1965 2390
f 2029 1491 1757
f 2110 1745 2383
f 2481 2477 1420
f 774 1469 1472
f 1049 3 1072
f 2374 2318 2340
f 1628 2389 1080
f 879 1729 1464
f 102 100 1650
f 1368 1369 1372
f 1060 1868 1045
f 72 362 2379
f 772 1939 748
f 2119 2118 2326
f 2369 945 1038
f 1518 815 1363
f 2387 2384 2357
f 781 735 823
f 1217 1705 1039
f 2261 2135 2318
f 1668 1392 2311
f 2254 2038 1491
f 108 140 457
f 979 1895 956
f 218 161 1549
f 752 751 846
f 778 797 779
f 1951 2327 683
f 791 761 2322
f 2290 711 735
f 1410 1009 2180
f 2347 1870 1897
f 2372 2357 2384
f 803 1950 688
f 2166 1628 2346
f 80 1019 156
f 2491 2468 2457
f 1695 861 2263
f 2331 2365 1999
f 1867 1069 1636
f 1800 2253 2226
f 717 1828 1663
f 2252 1637 2182
f 1676 450 839
f 1400 1704 1380
f 2352 2196 2376
f 861 2353 2263
f 151 981 152
f 987 182 461
f 743 891 2016
f 455 1867 1636
f 1636 167 455
f 1455 1680 1538
f 1662 1680 1455
f 1515 2128 2125
f 2252 899 1637
f 1634 1586 1789
f 2121 1964 2085
f 2384 1564 2372
f 1637 1591 2232
f 1530 2296 2216
f 2334 2346 2335
f 780 539 521
f 888 2353 2076
f 614 630 1043
f 2353 2221 2076
f 1559 1999 1569
f 2212 2205 2206
f 620 1550 623
f 2224 2137 2121
f 2281 2285 2329
f 1530 2216 933
f 740 1553 1550
f 1013 2312 2314
f 2395 2387 2350
f 2350 2387 2357
f 985 1910 988
f 980 974 204
f 1557 1558 532
f 2098 1592 1560
f 2325 539 1608
f 2212 2213 2168
f 2204 740 2222
f 533 1565 925
f 2017 113 2362
f 2178 2388 2358
f 2049 2050 2457
f 1455 1538 2242
f 1856 1857 1854
f 824 1788 237
f 365 723 264
f 2297 2333 2167
f 1956 2325 1608
f 167 892 1930
f 90 371 892
f 2098 2265 1592
f 2204 2222 1795
f 2170 2166 2364
f 1578 1581 603
f 1930 1579 1580
f 2126 1902 2259
f 942 2250 2214
f 1786 1788 1904
f 1023 880 1022
f 1582 1902 907
f 2227 2250 2269
f 1963 2035 2
f 417 1621 119
f 1585 1584 494
f 928 25 2028
f 2479 2478 2491
f 371 1930 892
f 1593 482 1576
f 2257 943 2229
f 2291 2187 1956
f 2077 1643 2280
f 417 784 1621
f 167 1783 2054
f 2162 2309 2161
f 2168 2274 2101
f 1902 2283 1904
f 1562 1914 484
f 2361 2386 2360
f 1545 1875 145
f 2310 2144 2269
f 1600 1408 440
f 829 407 1612
f 1843 282 2304
f 577 1787 1410
f 2096 2262 2304
f 1635 1615 1957
f 2300 2272 931
f 952 1847 1641
f 1537 1594 932
f 2320 2319 2283
f 2289 2320 2283
f 2289 2292 2320
f 135 516 596
f 417 975 784
f 1600 1955 1408
f 1904 2283 2319
f 2481 2045 2106
f 2294 2310 2269
f 2362 1401 64
f 2106 2498 2481
f 238 1612 824
f 1614 709 2312
f 1784 1605 1546
f 584 1931 586
f 1521 880 1023
f 1013 1614 2312
f 460 1928 1417
f 551 1876 517
f 2028 25 2272
f 1414 1960 1628
f 1791 2498 1385
f 2381 2369 2349
f 2245 2161 2160
f 1870 2347 2316
f 1928 1392 1589
f 2362 64 293
f 924 1644 1584
f 570 1384 1793
f 1791 1385 570
f 2365 2331 2345
f 2361 2360 2328
f 932 1654 1587
f 1654 932 1594
f 1928 2311 1392
f 1848 2268 2235
f 368 794 563
f 2225 2264 2224
f 2224 2264 2138
f 2342 1564 2364
f 1029 44 118
f 1045 44 1029
f 2352 38 668
f 1604 2377 1012
f 268 1806 1566
f 1863 419 1066
f 1999 2365 1569
f 2376 2193 2352
f 2352 2193 38
f 2388 2055 2373
f 1566 38 1049
f 258 256 187
f 2174 2350 2373
f 1634 1872 1586
f 588 580 1655
f 2074 1809 438
f 2378 2166 2165
f 1557 532 1657
f 2402 2388 2178
f 532 1558 2046
f 1550 633 2222
f 2209 2222 633
f 1550 1553 623
f 276 720 264
f 1555 2384 1992
f 2165 2410 2389
f 1038 945 150
f 2408 2496 2487
f 2381 2399 2415
f 2399 2380 1914
f 182 1122 181
f 1169 473 1123
f 473 1156 1123
f 2384 2156 1992
f 1521 1963 886
f 2396 1967 2427
f 2228 2233 1378
f 1510 1515 2125
f 1144 4 78
f 90 369 92
f 443 1665 2214
f 2405 2202 2406
f 2402 2177 2388
f 1994 2041 1111
f 2386 2021 1111
f 2178 1809 1652
f 818 843 520
f 1668 2421 2425
f 28 29 387
f 29 1398 387
f 2048 387 1398
f 544 808 1889
f 2365 2041 1569
f 1665 1320 527
f 1542 595 1828
f 1954 2496 2408
f 2241 1667 2203
f 539 2188 2379
f 59 1547 1496
f 2408 2108 1954
f 612 2211 2248
f 94 1484 32
f 2423 2198 2415
f 1961 1373 2229
f 1492 964 1083
f 348 794 368
f 865 859 2240
f 1385 1374 570
f 11 2398 303
f 863 862 1041
f 1177 163 1116
f 1686 961 1492
f 1112 139 793
f 1489 1153 139
f 1820 647 853
f 1699 2179 1698
f 2430 724 1173
f 2445 2159 1992
f 560 2391 1132
f 1690 694 1177
f 1877 615 856
f 985 988 987
f 882 1743 1763
f 2135 1964 2236
f 107 2458 2447
f 815 1667 2241
f 2426 2455 2445
f 816 843 737
f 2458 107 122
f 537 584 1367
f 2198 535 2197
f 566 557 565
f 186 200 1997
f 1683 1334 1319
f 2476 2022 1701
f 718 957 1616
f 2338 258 2194
f 54 1192 1708
f 1397 2192 1471
f 2111 815 2299
f 1974 2164 2163
f 1706 1208 1099
f 1910 989 988
f 1677 1210 1706
f 2112 2327 1951
f 1222 2200 2480
f 2261 2318 2339
f 873 1675 2327
f 115 141 270
f 233 336 1302
f 1910 985 1610
f 1388 1687 1622
f 227 1213 1430
f 1734 847 800
f 1783 48 2054
f 1212 1208 298
f 985 1792 1610
f 717 749 884
f 358 1073 892
f 1725 2277 1723
f 1725 868 2277
f 2409 1191 2163
f 2036 774 1472
f 1056 536 1141
f 265 1846 1912
f 738 1179 1755
f 1526 1285 1284
f 1382 1383 1331
f 2249 2095 2113
f 702 2011 1441
f 295 296 341
f 290 305 2092
f 1923 2494 2172
f 2301 2409 2164
f 1331 1322 322
f 44 1045 1868
f 1253 1749 310
f 2121 2233 2225
f 1934 1256 2089
f 2429 1535 2411
f 378 1818 380
f 354 1984 2060
f 355 1980 354
f 1708 283 233
f 1265 1295 1275
f 1958 1842 384
f 677 2434 1371
f 686 1803 1759
f 1803 1808 705
f 1262 1732 2355
f 1934 2089 1812
f 1989 400 1990
f 955 2419 676
f 1306 1267 1269
f 1510 515 1515
f 2088 425 1826
f 1452 1442 666
f 2098 1381 2097
f 2068 1833 1861
f 411 391 2014
f 1449 983 962
f 432 397 398
f 425 2012 1826
f 1861 1855 2068
f 2010 2068 1855
f 444 445 376
f 1277 448 1308
f 716 667 990
f 632 600 631
f 1682 1263 1301
f 118 44 42
f 459 471 465
f 1036 1793 2116
f 474 1242 1264
f 495 144 1015
f 223 231 1338
f 1052 1039 1078
f 787 18 128
f 2116 1793 2117
f 2117 1793 2493
f 2420 1698 1895
f 1699 1698 2420
f 1186 1692 1231
f 583 1953 600
f 1874 1141 536
f 1785 1884 2013
f 1353 1874 1340
f 518 1508 517
f 2484 1898 1954
f 1762 79 42
f 658 621 1093
f 2243 1149 1814
f 1358 2243 1814
f 1791 2481 2498
f 1357 2023 548
f 1357 1977 2023
f 664 1448 2401
f 2071 1132 2391
f 2124 2452 2084
f 1352 2420 2066
f 2496 2483 2493
f 1098 1072 3
f 1789 1586 2189
f 1055 536 1056
f 2239 1981 2064
f 1096 1097 254
f 2496 2493 2487
f 2391 2062 1931
f 68 189 188
f 2467 1715 2219
f 567 587 566
f 2462 2403 2122
f 1033 2477 1791
f 2106 567 565
f 1420 2477 1033
f 1418 2030 1039
f 1036 2116 1797
f 2030 2120 1039
f 1441 2451 1780
f 1438 1435 2026
f 2451 1445 1797
f 1817 2030 649
f 1817 1801 2030
f 37 1065 1886
f 2073 1088 2367
f 1803 686 1006
f 1596 2349 1911
f 2073 541 1088
f 1874 1353 1141
f 1689 1404 1428
f 1152 1782 556
f 1805 1773 1434
f 575 998 734
f 1357 545 1358
f 935 1771 884
f 2129 2344 2382
f 1808 703 704
f 704 705 1808
f 705 1759 1803
f 1186 1874 1991
f 1551 2231 1712
f 1901 554 594
f 1535 728 2411
f 2339 2374 2397
f 1751 851 1750
f 714 1751 1750
f 2418 708 2433
f 1718 1164 1059
f 699 1894 2341
f 1835 1882 1981
f 1932 2118 901
f 553 1508 1816
f 2195 1079 2405
f 1482 867 1725
f 1011 1926 1010
f 1214 1713 1466
f 1231 333 1062
f 333 458 936
f 2135 2340 2318
f 1977 1785 2023
f 129 1669 1664
f 2278 2287 2359
f 1977 1176 1653
f 758 2354 781
f 758 1226 741
f 64 29 28
f 1004 176 968
f 879 776 1936
f 2302 2315 2356
f 1106 1244 251
f 136 251 1244
f 1244 266 136
f 1413 966 707
f 811 1525 807
f 1413 1399 966
f 591 464 424
f 424 1711 591
f 2307 1950 803
f 768 2279 808
f 739 1575 799
f 833 843 816
f 1224 1500 2305
f 739 820 2181
f 787 1882 1835
f 2263 858 1695
f 846 875 752
f 875 876 2279
f 795 685 856
f 1675 1345 685
f 1377 1681 812
f 1301 1606 1682
f 1519 1503 786
f 855 919 1822
f 1985 835 1488
f 2119 2241 2003
f 1855 1611 2010
f 1378 2085 2261
f 1376 1378 2261
f 715 826 609
f 449 2012 425
f 1377 1536 1681
f 1979 487 2018
f 442 444 423
f 1519 687 620
f 2052 1444 1524
f 623 652 1503
f 469 2014 448
f 1312 1741 1861
f 1861 1311 1312
f 1973 1287 1658
f 1041 606 898
f 2063 1268 1993
f 1378 2211 2228
f 1541 1558 1557
f 1386 1933 1423
f 2069 1825 1915
f 2218 615 1877
f 1186 1231 1340
f 1735 1884 1064
f 1064 1466 1735
f 2083 2063 1311
f 1620 2349 1596
f 1712 311 1551
f 311 1712 948
f 1058 420 2218
f 814 1619 1251
f 2227 2228 2211
f 891 2204 2223
f 1599 1792 986
f 2131 2046 2207
f 703 2419 905
f 1571 550 1565
f 1273 353 1220
f 1293 352 353
f 2227 2269 2228
f 2168 2101 2212
f 2221 929 2079
f 1842 383 384
f 2083 383 1842
f 1239 233 283
f 2262 2096 2097
f 2089 1256 2090
f 1795 944 1925
f 1918 399 355
f 2153 2284 2246
f 2283 1902 2126
f 2273 2264 2146
f 1906 470 2257
f 2145 2146 2264
f 1843 2304 2262
f 1613 1638 1844
f 417 475 975
f 2292 2289 2270
f 302 1848 420
f 1854 718 271
f 348 339 821
f 2059 1292 372
f 1904 1788 1905
f 1905 1788 824
f 323 1257 1839
f 2298 2312 394
f 1839 1317 323
f 718 1598 271
f 718 1616 1598
f 974 963 1623
f 960 729 668
f 729 1627 668
f 1630 1629 1627
f 2332 2320 2292
f 77 41 45
f 224 1792 1599
f 224 2051 1792
f 2306 2334 2335
f 7 1076 24
f 1798 2313 2337
f 354 1733 355
f 1924 119 1621
f 1744 1480 1448
f 136 266 104
f 306 1989 1990
f 989 709 1859
f 1990 1225 306
f 1341 1726 286
f 2149 2323 2361
f 252 286 1726
f 174 325 245
f 180 438 1615
f 2178 2321 1921
f 492 199 173
f 1341 308 1726
f 836 1589 1393
f 969 2362 293
f 1516 1747 1329
f 1007 302 1537
f 1239 308 335
f 263 2017 280
f 2329 2364 2346
f 1066 2037 1863
f 1324 1234 1233
f 1844 470 1613
f 1015 144 682
f 100 1029 646
f 292 2061 1248
f 265 338 1846
f 2369 1911 2349
f 2482 2172 2494
f 1615 438 1957
f 499 1628 1080
f 306 1094 1989
f 1642 457 1025
f 1383 2500 1836
f 2323 2148 2143
f 293 105 2348
f 1754 1260 1830
f 2166 2378 1628
f 1747 1516 1237
f 1867 991 174
f 1919 951 1849
f 1911 2369 1038
f 880 1290 947
f 1037 108 109
f 1507 1634 1807
f 1807 1866 1507
f 2174 2395 2350
f 1628 2378 2389
f 2425 2421 51
f 1030 17 7
f 219 2000 179
f 234 1390 1389
f 320 155 243
f 102 1650 1504
f 150 1037 111
f 236 1520 1998
f 27 1113 1112
f 1952 542 1570
f 704 703 885
f 2399 2381 2380
f 1586 426 2189
f 1297 402 405
f 99 1034 95
f 2048 1154 387
f 246 1471 1319
f 293 64 105
f 1004 968 476
f 1998 2001 1710
f 325 174 992
f 2170 2410 2165
f 2176 2464 2158
f 1413 707 1506
f 1399 1413 1246
f 1852 1201 1687
f 1476 1490 1242
f 408 835 1611
f 57 1880 1485
f 2413 1034 2103
f 680 2412 721
f 2460 2488 2454
f 1876 551 552
f 387 1154 1489
f 1997 1387 1720
f 1887 2486 1995
f 581 920 1794
f 2480 2200 2486
f 1655 580 562
f 1887 2480 2486
f 1686 2033 2444
f 1166 230 497
f 1456 1458 1157
f 1688 1126 1701
f 2159 1974 1666
f 93 1717 1849
f 2006 1684 1890
f 148 1032 154
f 1174 148 147
f 94 2461 2466
f 1155 1987 139
f 1648 1003 1024
f 222 33 26
f 6 15 221
f 2476 2465 2022
f 1883 192 1187
f 228 186 1720
f 477 1703 467
f 947 1085 401
f 2199 486 1031
f 2460 2103 1534
f 287 1806 261
f 261 1806 344
f 1972 1194 1375
f 1987 2006 169
f 1552 421 1703
f 1097 1428 1404
f 503 535 2008
f 93 1849 1878
f 477 467 444
f 2009 497 1174
f 1158 949 1457
f 1409 1457 949
f 201 122 123
f 1403 163 1177
f 1888 74 2048
f 225 1167 179
f 225 227 183
f 1183 504 2008
f 1103 75 1888
f 2006 1900 1832
f 421 1246 1274
f 1203 611 213
f 1203 214 611
f 1677 229 1210
f 197 1198 200
f 2464 2494 2455
f 191 1364 175
f 191 192 194
f 2466 1430 2475
f 1684 1659 1890
f 2465 2476 1659
f 2447 2458 2191
f 1446 179 1167
f 1294 221 178
f 191 194 1733
f 949 954 240
f 723 2017 263
f 1388 1222 1948
f 1210 229 1747
f 1986 694 1690
f 2171 2494 2301
f 1167 1447 1446
f 2416 2275 2488
f 2497 2499 2031
f 1216 2473 2497
f 71 1174 147
f 146 1220 1171
f 1730 1731 770
f 1194 1972 1975
f 1425 1424 378
f 2319 2331 1786
f 2430 2201 2436
f 1691 1347 1348
f 1225 2061 292
f 1717 1838 2293
f 253 252 1749
f 433 1328 1993
f 2494 1923 2301
f 1331 322 1740
f 2338 1627 1629
f 2383 2428 1359
f 2060 191 354
f 354 191 1733
f 2282 2497 2473
f 1748 343 1335
f 419 1003 1648
f 1691 1348 1349
f 2157 2173 2394
f 2260 1366 2088
f 431 446 1769
f 96 2402 1652
f 2131 2207 1962
f 393 281 2437
f 804 332 805
f 1329 1760 1516
f 2431 1102 97
f 1972 2456 1971
f 331 1330 367
f 1993 1313 1311
f 355 1356 1918
f 602 1502 147
f 63 1130 59
f 2385 1958 2068
f 2068 2282 2385
f 1732 2083 2355
f 244 805 332
f 277 1422 276
f 1290 1303 1920
f 1664 1678 1679
f 392 361 360
f 1173 71 456
f 1173 456 454
f 415 270 1711
f 2177 2402 96
f 1669 1678 1664
f 279 280 278
f 32 1484 65
f 431 379 396
f 2394 1971 2157
f 1693 52 89
f 1436 1979 1819
f 1159 1678 1693
f 444 1764 423
f 34 36 31
f 418 445 1824
f 1864 1679 1161
f 1156 2422 1432
f 376 445 418
f 456 938 454
f 2284 2330 2314
f 1967 55 1498
f 1993 1328 1313
f 1967 1487 2427
f 467 421 1316
f 1559 1544 681
f 1502 188 137
f 1506 1328 1413
f 701 915 1483
f 692 707 966
f 1417 2232 1591
f 525 464 591
f 591 505 525
f 110 203 1214
f 1214 796 110
f 1199 936 1200
f 254 253 1096
f 102 248 103
f 1061 248 117
f 1188 514 1189
f 1142 1188 507
f 1774 1011 1199
f 1182 1548 1343
f 2193 2376 2405
f 1861 2083 1311
f 1569 2041 1994
f 1134 2315 2371
f 512 1813 1782
f 921 722 910
f 2057 1884 1735
f 1816 1514 553
f 1596 1612 238
f 1140 1142 1150
f 1712 2231 2219
f 1352 1714 2107
f 2400 2366 2393
f 545 2439 1358
f 2376 2195 2405
f 556 557 1074
f 2408 2487 2114
f 2462 1685 2123
f 1385 2498 2439
f 2492 2239 2495
f 2498 2106 2439
f 2189 2379 2188
f 2369 2201 945
f 2367 1088 1082
f 1705 1931 1078
f 2496 1954 2472
f 2496 2472 2483
f 2040 2041 2365
f 1394 619 625
f 2492 2495 1218
f 1515 1796 2128
f 2136 2435 2133
f 2481 635 1412
f 50 24 47
f 1053 1935 626
f 2453 2468 2478
f 1440 1954 1252
f 1780 1954 1440
f 1564 2170 2364
f 2463 1416 984
f 651 1976 629
f 2467 2450 2424
f 1895 979 1055
f 1306 1269 418
f 1797 666 637
f 1839 418 1317
f 2143 2361 2323
f 641 1799 640
f 983 2453 2463
f 2347 1668 2311
f 2347 1897 1668
f 983 2438 2453
f 849 1133 1689
f 1038 111 1911
f 725 1935 2443
f 2429 2411 2443
f 583 734 699
f 1810 1034 1604
f 849 143 1133
f 734 998 733
f 1624 2363 2155
f 2432 706 941
f 1940 1941 1452
f 2400 695 1181
f 1842 2355 2083
f 62 63 61
f 896 895 1941
f 293 2348 315
f 2348 1893 2343
f 1943 1369 1371
f 1481 927 648
f 730 1481 648
f 100 646 1650
f 1066 19 1047
f 2017 2362 280
f 1746 1940 1745
f 1930 2024 167
f 1932 2370 2326
f 1627 2352 668
f 2397 2340 2303
f 185 1614 1013
f 1012 1001 988
f 923 1938 1134
f 2007 1697 1756
f 1075 1671 673
f 1806 287 1566
f 1566 287 1568
f 1296 1697 2007
f 2299 2326 2370
f 885 763 868
f 238 484 1620
f 1624 275 2351
f 1722 760 1180
f 673 1671 1542
f 2058 717 884
f 960 668 1631
f 1226 758 781
f 356 729 960
f 642 643 698
f 1614 185 709
f 709 185 1859
f 2324 735 2354
f 2354 735 781
f 975 646 784
f 1828 717 1542
f 751 750 826
f 452 119 1537
f 750 883 826
f 825 1500 1224
f 1480 1944 2005
f 1620 1596 238
f 2422 2413 2454
f 795 843 833
f 320 243 156
f 2290 760 746
f 858 1821 1245
f 1806 1807 344
f 2335 1960 2317
f 2307 2119 1950
f 1494 830 828
f 739 778 779
f 1857 161 155
f 155 320 1857
f 1518 1667 815
f 1690 1129 1673
f 1690 1673 1986
f 2141 2234 1042
f 1916 2067 1913
f 2317 2306 2335
f 1800 2303 2253
f 1661 1386 1676
f 1494 828 1681
f 339 324 992
f 862 1949 1495
f 2311 2276 2316
f 1676 2220 450
f 864 683 841
f 2119 2209 1950
f 2248 2211 1376
f 2308 2330 2154
f 1061 1060 1046
f 2263 2353 1528
f 455 167 2024
f 1411 739 2086
f 1323 1331 1270
f 1950 2209 688
f 2043 742 1407
f 90 1906 857
f 1818 378 1424
f 847 2038 589
f 1315 1254 2007
f 1549 84 1048
f 1042 2227 612
f 1254 1754 2007
f 2016 2221 889
f 2210 1962 2137
f 914 2203 1667
f 2161 2309 1955
f 1296 2007 1753
f 2232 1417 2086
f 2059 1248 2061
f 162 681 793
f 1577 604 605
f 2212 2152 2205
f 2214 2227 1042
f 1921 2002 1957
f 617 16 2184
f 2205 2251 2206
f 2250 2227 2214
f 1794 656 581
f 2314 2312 2298
f 1933 2160 1423
f 603 1581 1929
f 1795 2223 2204
f 2266 2264 2225
f 2473 2385 2282
f 2205 2099 2251
f 2077 2271 2217
f 462 1929 1590
f 2039 597 874
f 930 502 501
f 2294 942 2295
f 368 1603 348
f 794 348 821
f 470 1641 2257
f 2015 494 1633
f 2245 2251 2161
f 2280 2271 2077
f 2256 2292 2270
f 2256 2147 2292
f 2099 2205 2267
f 1847 969 943
f 419 1647 19
f 395 598 818
f 2280 2044 736
f 1417 1591 460
f 2281 2100 2099
f 409 356 1633
f 2471 1958 2474
f 2028 1956 1608
f 470 1906 723
f 1595 2271 288
f 2280 288 2271
f 1593 2311 837
f 23 22 1648
f 2148 2145 2266
f 829 729 356
f 16 13 877
f 2309 1406 1955
f 1955 1406 1408
f 893 1727 873
f 2167 2151 2168
f 2304 671 2096
f 2256 2270 2210
f 963 974 736
f 929 2221 2016
f 718 1857 321
f 468 944 914
f 794 1655 563
f 581 368 920
f 1137 1461 1684
f 1422 720 276
f 2294 2295 2343
f 981 639 288
f 1625 1624 1002
f 992 174 991
f 2216 2244 2246
f 2159 2445 2164
f 1655 1580 588
f 1629 258 2338
f 2307 803 766
f 151 153 639
f 152 980 650
f 2325 2188 539
f 2337 2358 2373
f 1635 919 1251
f 2346 1628 2335
f 1870 126 125
f 562 809 920
f 1794 920 809
f 1381 2098 1560
f 2368 1646 2102
f 876 875 550
f 272 1738 338
f 1875 1784 145
f 1875 165 1784
f 314 2471 313
f 153 1022 1114
f 1521 149 88
f 2237 2097 2052
f 793 169 162
f 860 740 712
f 2368 1044 1646
f 484 1914 2380
f 1641 1454 952
f 1155 1137 1684
f 498 1080 130
f 2193 2390 38
f 2021 2386 2361
f 2361 2143 2021
f 345 1240 1255
f 79 1008 118
f 1863 2037 271
f 2216 2296 2244
f 933 520 843
f 271 1597 1863
f 1114 1022 401
f 2227 2211 612
f 2195 2194 1899
f 2189 72 2379
f 2040 2386 2041
f 1417 1660 776
f 1964 2121 2137
f 470 365 1613
f 1519 620 623
f 1652 2402 2178
f 271 1598 1597
f 889 2221 861
f 2220 2215 450
f 32 1079 8
f 1914 2423 2399
f 1865 112 1517
f 76 2426 2156
f 1674 1800 1558
f 24 226 7
f 1098 1083 1072
f 2016 678 1391
f 2426 76 2387
f 678 859 865
f 2 93 1878
f 40 2427 2
f 2466 123 94
f 1674 1558 1541
f 2405 1079 1879
f 2407 2430 454
f 343 2004 1335
f 1873 1170 1168
f 2254 2247 589
f 1124 1101 1084
f 841 737 579
f 67 68 1447
f 1676 839 1661
f 1042 612 2141
f 1994 793 1544
f 232 1122 106
f 786 1503 2277
f 2159 1666 2414
f 1120 43 284
f 2022 75 1688
f 2445 2171 2164
f 86 1007 81
f 1701 2022 1688
f 1691 1607 1347
f 854 788 853
f 1314 1700 1130
f 783 848 866
f 1881 2446 2441
f 377 1101 1124
f 284 1101 377
f 2278 2252 2287
f 830 1495 1949
f 657 1107 1761
f 170 130 1080
f 2281 2267 2285
f 275 131 1192
f 249 157 85
f 1503 1723 2277
f 2326 2299 2241
f 106 1090 208
f 838 817 756
f 760 2290 2109
f 168 97 162
f 1719 858 1885
f 804 805 192
f 791 1737 761
f 2266 2145 2264
f 273 338 265
f 2253 2303 2340
f 1155 1684 1987
f 2163 1666 1974
f 756 1518 1363
f 2324 2109 2290
f 1334 97 168
f 141 115 142
f 2458 201 2191
f 249 377 1887
f 820 967 2286
f 497 230 1677
f 409 1633 439
f 352 1171 353
f 353 1171 1220
f 947 1918 1085
f 183 1167 225
f 1683 1319 1471
f 917 950 1157
f 950 1158 1157
f 1201 1852 220
f 1997 200 1908
f 97 1334 1683
f 2109 2324 2366
f 2499 937 2031
f 759 757 719
f 2454 2469 2422
f 2154 2284 2153
f 1235 1739 1203
f 719 757 1224
f 2375 1224 2322
f 761 887 2322
f 295 262 1097
f 212 610 211
f 2489 2416 2460
f 1192 170 1279
f 2186 2278 2359
f 229 329 1747
f 2297 2255 2175
f 1223 1361 1216
f 1229 1354 1909
f 937 1934 1891
f 2469 2437 1115
f 2164 2409 2163
f 312 1520 236
f 299 1227 1236
f 2185 2186 2392
f 1115 2437 281
f 179 1446 219
f 1654 1594 420
f 313 2474 1361
f 2293 1849 1717
f 2416 2489 2336
f 2489 1318 2336
f 20 22 1513
f 1219 1229 1228
f 1836 2500 342
f 704 867 705
f 2403 2303 2027
f 1262 1336 1267
f 198 186 166
f 2401 2005 2404
f 1512 1234 1837
f 1317 312 323
f 667 923 1942
f 2417 1465 2419
f 1839 1516 1760
f 1330 2260 370
f 2336 1318 1309
f 1329 375 1760
f 2197 535 897
f 55 1119 1498
f 347 388 386
f 1891 2031 937
f 372 2014 391
f 2275 1309 393
f 727 730 959
f 727 959 726
f 1760 418 1839
f 1116 1917 1497
f 1725 869 1481
f 978 400 1509
f 448 1304 1308
f 679 2412 680
f 254 1097 262
f 1286 1770 1287
f 1819 453 1436
f 141 253 270
f 1600 440 468
f 430 441 422
f 2122 2403 2027
f 1205 1219 230
f 414 1823 1310
f 1476 1310 1823
f 200 1891 1908
f 437 1850 472
f 1434 1773 2448
f 666 1445 1452
f 1797 1445 666
f 447 1490 1476
f 1773 1799 2448
f 1687 1388 1948
f 1488 835 266
f 478 966 1247
f 1399 1247 966
f 1479 492 255
f 2451 2428 1445
f 1009 994 674
f 1151 2122 2027
f 2191 2480 1887
f 2466 2475 123
f 45 176 144
f 18 133 35
f 18 124 128
f 1192 1253 1708
f 466 948 1299
f 458 1200 936
f 1231 1713 1214
f 939 1077 1653
f 1343 787 1193
f 507 1195 1339
f 503 900 897
f 641 640 1217
f 571 593 958
f 519 1344 1508
f 1010 1771 592
f 2058 1978 673
f 1232 1969 1551
f 1059 1352 2066
f 1353 1059 2066
f 2136 2123 2042
f 526 2071 538
f 2142 2315 2234
f 2229 1172 2257
f 1211 2459 2449
f 548 549 1357
f 549 545 1357
f 234 1389 1403
f 1389 1390 1404
f 2020 2050 1969
f 2113 2095 2020
f 2460 1534 2489
f 2479 1218 1416
f 2408 2114 2072
f 576 577 1165
f 2439 2243 1358
f 1132 534 560
f 2420 1352 1699
f 2495 1082 1218
f 1677 230 1721
f 1793 1384 2493
f 1791 2477 2481
f 2461 227 2466
f 2446 227 2461
f 1705 1217 586
f 1425 1135 1424
f 629 1898 569
f 1898 2484 569
f 1953 583 2183
f 996 616 1017
f 577 1410 2107
f 2490 973 655
f 201 2480 2191
f 587 1728 1074
f 1491 2029 2254
f 1052 2062 1095
f 2478 2463 2453
f 2084 1510 2124
f 1400 990 1704
f 2249 2479 2491
f 2116 2451 1797
f 973 590 999
f 1592 1593 1576
f 1217 1039 2120
f 2112 873 2327
f 2276 1593 1592
f 212 1202 213
f 1374 1385 2439
f 686 2429 625
f 1801 690 669
f 1439 1438 2026
f 669 670 2026
f 2192 1683 1471
f 2106 565 2243
f 1808 1803 659
f 2435 2104 2133
f 1100 1031 1099
f 1585 494 493
f 1942 1134 2371
f 728 725 2411
f 1136 1380 1515
f 2428 2383 1453
f 1318 1534 1873
f 2066 2420 1141
f 2401 1480 2005
f 1480 1744 887
f 2114 2057 2072
f 1757 1491 940
f 2340 2397 2374
f 1174 497 1677
f 1482 1765 867
f 832 777 840
f 885 905 763
f 1926 1901 1978
f 420 555 1654
f 523 1132 2071
f 2029 873 2112
f 2480 1948 1222
f 141 849 1096
f 2142 2288 2344
f 802 786 2277
f 1572 2272 25
f 811 755 808
f 797 778 774
f 1692 1991 1713
f 1852 1948 2480
f 2139 2261 2339
f 504 496 503
f 1804 1936 776
f 1344 1164 1718
f 1997 1908 1387
f 776 879 1573
f 1649 788 775
f 1781 511 510
f 1951 2247 2112
f 841 2327 816
f 1653 512 939
f 830 1949 2185
f 1712 1450 948
f 2286 2181 820
f 1188 1195 507
f 926 18 1835
f 847 1570 800
f 2299 815 2241
f 1450 1299 948
f 2305 1500 2240
f 1143 1338 466
f 2305 2240 791
f 2182 2181 2286
f 223 458 10
f 773 1680 1947
f 6 221 1305
f 1947 2220 771
f 1676 771 2220
f 173 77 260
f 260 77 144
f 810 942 527
f 746 1391 711
f 1391 746 743
f 707 692 45
f 1391 866 710
f 1444 1381 819
f 1490 255 1242
f 1939 2036 1472
f 712 713 652
f 713 1503 652
f 688 2209 633
f 1118 1119 1117
f 968 478 476
f 615 2230 2296
f 678 889 859
f 889 678 2016
f 1138 1505 1557
f 2211 1378 1376
f 596 914 1667
f 1201 1430 1687
f 870 1658 1772
f 1524 2184 2052
f 472 1850 977
f 891 712 740
f 1558 1800 2046
f 94 2441 2461
f 1635 1538 919
f 596 516 914
f 1855 408 1611
f 2222 740 1550
f 2218 420 2235
f 425 459 449
f 656 597 2039
f 2016 2223 929
f 447 446 432
f 2228 2144 2233
f 2144 2225 2233
f 1985 2010 1611
f 1576 1560 1592
f 1906 2257 1172
f 1423 2160 135
f 413 388 434
f 1582 2046 1902
f 1313 1777 1741
f 1590 1929 1581
f 235 1709 1626
f 2131 2132 2259
f 2217 1595 555
f 2158 1971 2456
f 2264 2273 2138
f 2160 1955 1600
f 1626 1709 1388
f 2280 1643 2044
f 1301 2078 1509
f 2099 2162 2251
f 837 460 463
f 1928 460 837
f 647 1589 836
f 1509 400 1862
f 2080 1632 2044
f 388 347 1258
f 2321 2313 2002
f 2444 2034 1686
f 432 396 397
f 259 1396 209
f 1509 2078 978
f 2276 2311 1593
f 2089 1985 1812
f 2089 2090 1985
f 1468 1447 1167
f 1848 1014 2308
f 2300 1789 2291
f 1657 532 1583
f 2010 1985 2090
f 402 1298 403
f 344 1634 1789
f 1406 2309 1960
f 1014 2330 2308
f 1268 2063 1732
f 2002 1921 2321
f 159 1159 1693
f 2151 2342 2285
f 991 455 992
f 376 375 1764
f 2320 2345 2331
f 1789 2189 2187
f 2348 2295 315
f 70 1174 71
f 1137 1154 74
f 1756 1295 1315
f 1002 1624 2155
f 2316 2347 2311
f 101 987 988
f 1044 2368 2330
f 1732 1262 1268
f 2102 2314 2368
f 2067 337 1831
f 118 1008 1924
f 2093 1285 337
f 1749 1253 1825
f 1921 1957 438
f 747 799 748
f 228 1652 1161
f 126 1870 671
f 1202 212 211
f 1266 341 1281
f 1458 147 154
f 1979 2482 1736
f 1029 118 1924
f 305 412 2092
f 2187 2189 2188
f 2004 372 390
f 1783 1636 1069
f 15 5 172
f 2342 2372 1564
f 378 1273 269
f 269 1273 1220
f 481 1559 1562
f 1736 2442 1291
f 2471 1842 1958
f 1669 129 814
f 105 1893 2348
f 1460 1459 2056
f 372 343 2059
f 2394 2373 2055
f 1225 1890 1659
f 1335 1258 291
f 2156 2384 76
f 117 248 14
f 3 1965 1098
f 1135 1107 789
f 1516 1841 1237
f 2225 2224 2121
f 1899 1079 2195
f 1168 352 351
f 1562 1102 1914
f 2074 438 1864
f 1559 1102 1562
f 1517 30 1865
f 1968 134 132
f 2415 2201 2381
f 292 1248 2190
f 46 2421 1897
f 1897 2421 1668
f 2386 1111 2041
f 2442 1736 2176
f 1694 312 289
f 1487 1133 143
f 1914 1102 2431
f 1659 306 1225
f 323 1907 239
f 2407 454 938
f 1170 86 1758
f 11 67 12
f 2485 2500 2199
f 2398 12 66
f 43 426 1872
f 1538 1635 2242
f 247 1529 267
f 2169 2159 2414
f 2442 2176 2158
f 1965 1686 1098
f 1686 1965 2033
f 2494 2464 2482
f 2410 1666 1191
f 240 239 2000
f 2000 219 240
f 844 1723 1503
f 371 1570 542
f 1107 1968 789
