# https://github.com/mikedh/trimesh
v -0.01968175 0.01970950 0.16617650
v -0.03001825 0.01629212 0.17409937
v 0.05965500 0.02979976 -0.13368855
v 0.23428260 0.02818966 -0.04000356
v 0.23356856 0.02415211 -0.04454300
v 0.15823422 0.03385494 0.13229898
v 0.05995631 0.02979938 0.03832659
v -0.13198251 -0.00323400 0.18368700
v 0.15325791 0.03570628 -0.03834658
v 0.03172575 0.02864584 0.00536106
v -0.14676675 -0.04325200 0.03999425
v 0.12355922 0.03319964 -0.16554010
v 0.21345097 0.03241369 0.14372379
v 0.14612931 0.03312619 0.13661416
v -0.22592124 0.39292899 0.02869637
v -0.06736437 0.00271366 -0.19086975
v -0.22713538 0.39222813 -0.00670287
v 0.01942119 0.01549578 0.18107253
v 0.09903525 0.03163647 -0.16303344
v -0.02586567 0.02544981 0.03460127
v 0.21927121 0.03294541 -0.14717782
v 0.20867625 0.03772950 0.04527488
v -0.22162537 0.39386049 0.00448650
v -0.08136012 0.12421375 0.22322021
v 0.23057319 0.02791719 0.10967491
v 0.18185125 0.03625375 -0.15696999
v 0.18344353 0.03710858 0.04112666
v 0.14107719 -0.25510007 -0.18073350
v 0.17527907 0.03500422 -0.16931918
v 0.05236553 0.02926937 -0.13044162
v -0.20279047 0.38301644 -0.08179025
v -0.18829113 0.36097440 -0.16471578
v 0.07642134 0.03083672 0.03283294
v -0.11964449 0.01735445 -0.06091142
v 0.03919722 0.02896450 -0.02374841
v -0.18548757 0.35635582 -0.13850616
v 0.21503727 0.03536097 -0.13531187
v -0.01277959 0.02598059 0.06034541
v 0.16087314 0.03644756 -0.03402833
v 0.17836037 0.02674638 0.17834809
v 0.16530347 0.03464944 0.08834256
v 0.12174287 0.03188022 0.11384216
v 0.17702980 0.03539317 0.08790863
v 0.09323940 0.03235091 -0.02440559
v -0.07563094 0.00617794 -0.19097006
v -0.14635266 0.00280416 0.00366756
v -0.17015751 0.33428904 -0.18018441
v 0.18890750 0.03657778 0.09121672
v 0.20731650 0.03870013 -0.00227800
v 0.12681825 0.03203694 0.10686284
v 0.10207164 0.03080756 0.11284714
v 0.23303138 0.03001172 -0.05671659
v -0.19794562 0.37550989 -0.09304225
v 0.16341475 0.03196034 0.16036087
v -0.11697275 0.00231188 0.18457368
v 0.20341606 0.02817175 0.16816594
v -0.13588369 0.01052831 0.11688887
v 0.21117525 0.02727631 0.16443175
v -0.15802823 0.28062698 0.09736226
v -0.14687049 -0.03746200 -0.17995650
v 0.11293872 0.03237275 -0.16685131
v -0.17891538 0.33977088 0.18690357
v -0.20421252 0.37733981 -0.03575353
v -0.20828071 0.38532233 -0.03814463
v 0.16633639 0.03556539 -0.15660143
v 0.22835182 0.02716525 0.13163975
v -0.02192191 0.02555658 0.02147698
v -0.05921381 0.00220575 -0.19363287
v -0.20738247 0.38197500 -0.02615375
v -0.14607351 -0.00332950 0.14081150
v -0.08242743 0.02136622 -0.13042846
v -0.21010225 0.38635573 -0.01083931
v 0.19941406 0.03777578 0.04931416
v -0.12269078 0.00563009 0.17852619
v 0.16327150 0.03689544 -0.02044525
v 0.03204169 0.02906550 -0.00470281
v -0.20806843 0.38355255 0.00176875
v 0.03971836 0.02863447 -0.14229076
v -0.06496263 0.09406038 -0.22136512
v -0.04996969 0.02474591 -0.06881325
v 0.00985347 0.02628964 0.12293752
v 0.23541725 0.02092175 0.03540312
v 0.13729428 0.03243069 0.14969519
v 0.24300079 -0.01802606 0.00460787
v -0.20516978 0.37703305 0.00490272
v 0.23387788 0.02285787 0.03876512
v 0.08022875 0.03148369 -0.00604744
v 0.14590544 0.03530244 -0.04695747
v -0.05727850 0.06011250 -0.22916751
v -0.20712253 0.38141596 0.01654213
v 0.08207548 0.03158462 0.02328578
v 0.21894410 0.02995037 -0.16008325
v 0.17334318 0.01621000 0.18861544
v 0.23144156 0.03148366 0.03371450
v -0.14709701 -0.04349100 0.13390000
v -0.06771519 0.00919109 -0.19037022
v -0.16633475 0.32294005 0.19170019
v -0.17323440 0.32694712 -0.12334237
v -0.02729978 0.02566637 0.01040034
v -0.20381129 0.37633637 0.02484994
v -0.18424425 0.35392725 -0.17626750
v -0.17361693 0.30722180 -0.01333319
v 0.04015752 0.02935784 0.00007755
v 0.13533953 0.03486036 0.00289369
v -0.20684224 0.38187701 0.03016972
v -0.20431712 0.37822905 0.03808122
v 0.09260161 0.03004927 0.12539494
v 0.04052975 0.02905206 -0.03607780
v -0.14274862 -0.00568514 -0.14539811
v 0.07542568 0.03167325 -0.00285888
v 0.13926561 0.03094475 0.16086864
v 0.07039081 0.03147959 0.00145994
v -0.00386950 0.02616587 0.11235891
v 0.16941765 0.03729906 -0.01890047
v 0.16147947 0.03667285 -0.01211406
v -0.08689328 0.02168212 -0.09529078
v -0.19094796 0.36551255 -0.12674409
v -0.19398385 0.37056276 -0.11902691
v 0.08953103 0.03135160 -0.09146224
v -0.13508549 0.22615637 -0.18584862
v -0.19877100 0.37512916 -0.07917675
v 0.19680762 0.03668194 -0.15018669
v -0.18543462 0.35061380 0.10939581
v 0.17096452 0.03499084 0.11903937
v -0.13752794 0.00970356 -0.07713585
v 0.08560681 0.03112537 -0.05255994
v -0.16847429 0.30433145 0.08464247
v 0.23172350 0.02138288 0.13771762
v 0.22940278 0.03015366 -0.13279663
v 0.08046647 0.03116434 -0.07200794
v 0.13613135 0.03298531 0.09072150
v -0.19173218 0.36407655 -0.10447700
v 0.13252693 0.03448769 0.00973634
v -0.18485869 0.34519571 0.09380291
v -0.19112512 0.36028588 -0.09298294
v -0.04170483 0.02317514 0.13863511
v 0.23851299 0.01938650 0.13741350
v -0.14244550 -0.00597519 -0.08378337
v 0.10175584 0.03223285 -0.14667873
v 0.09525888 0.03190511 -0.12797049
v -0.19130616 0.35299733 -0.04905637
v -0.20100050 0.38167724 -0.09825762
v -0.08708096 0.02201144 -0.06613052
v 0.23355366 0.02372095 0.06945807
v -0.03850944 0.02520228 -0.08158228
v 0.07931070 0.03115789 -0.06168630
v 0.10097087 0.03243959 -0.04708391
v 0.09088869 0.02962784 -0.17343996
v -0.18797749 0.36137450 0.12874506
v -0.14602450 -0.00414550 0.08796000
v -0.18638225 0.35542637 0.11952594
v 0.06970631 0.03070888 -0.05769269
v -0.17331843 0.33569255 0.18060860
v 0.13897838 -0.24313988 0.14845525
v -0.18806249 0.34914279 0.07838774
v 0.13784091 0.01359625 0.19317688
v -0.18342453 0.33950096 0.08124827
v -0.19005428 0.36368197 0.11691516
v -0.11361095 -0.02441916 -0.20078069
v 0.17940228 0.03587853 0.07650017
v 0.22621900 -0.38637099 0.22368801
v 0.19028673 0.03681753 0.07652384
v 0.21999656 0.03491666 0.04996989
v -0.18594803 0.33688471 -0.00391566
v -0.19077413 0.36196387 0.10477950
v 0.16013429 0.03421684 0.10019575
v -0.10132506 0.02072662 -0.04359391
v 0.10668477 0.03322840 -0.01456053
v -0.10178844 0.01772658 -0.15223747
v -0.19270134 0.36444163 0.09844328
v -0.18379031 0.33598340 0.05472769
v 0.01199284 -0.01954688 -0.20083572
v -0.09577373 0.02172356 -0.02566944
v -0.18075490 0.33414194 0.08497003
v -0.11138378 0.01489961 0.15356334
v -0.01665880 0.02580598 0.00687880
v 0.05960064 0.03012594 -0.04523378
v 0.00062550 -0.03327700 -0.19993700
v -0.02019375 0.02061950 0.22657651
v 0.06586993 0.02983203 -0.10020185
v -0.14485499 0.00547075 -0.03501800
v 0.14192951 0.03445639 -0.05818453
v -0.19684583 0.36547172 -0.05101106
v -0.01244875 0.02467050 0.20269862
v 0.11607872 0.03369122 -0.01879725
v -0.14714806 0.00130250 0.09017287
v -0.18021928 0.33504710 0.09718306
v 0.05818056 0.02966570 -0.09618948
v 0.06367409 0.02950334 0.05250405
v -0.17719103 0.33148554 0.11207331
v -0.08966187 0.07069337 0.22549738
v -0.14389588 0.00699113 0.09234050
v -0.10899538 -0.01435150 -0.20305100
v -0.04018709 0.02533674 -0.12125774
v -0.10909584 0.01994916 -0.02801716
v -0.01611812 0.03254872 0.22503372
v -0.19136719 0.35028699 0.02472587
v -0.21337537 0.39371800 -0.08078507
v 0.03997913 0.02974119 -0.01249238
v -0.20180856 0.37851143 0.07768837
v -0.19361487 0.35516319 0.03268385
v 0.10052519 0.03080863 0.09547982
v -0.18115613 0.35152593 -0.16785556
v -0.18334247 0.35427013 -0.15787962
v 0.07670461 0.02860441 0.14715928
v 0.06937500 0.03105541 0.01232600
v 0.05382116 0.02949633 -0.10622092
v 0.06030600 0.02891169 0.07510469
v -0.14247949 -0.00738600 0.18783949
v -0.19665697 0.36061513 -0.01167928
v -0.13317294 0.25745663 -0.17597727
v 0.15208051 0.03301850 -0.17541157
v -0.08526137 0.07601094 -0.22214325
v -0.20948088 0.39053342 -0.10084997
v -0.13437825 -0.00398950 0.18864225
v 0.11775909 0.03158566 0.09951944
v -0.20272081 0.38446981 0.10979669
v 0.18844184 0.03840275 0.01358797
v 0.18200484 0.03777892 0.01234089
v -0.19570994 0.35960230 -0.02653050
v -0.11278202 0.01961373 -0.00078586
v 0.14776787 0.03376634 0.08289666
v -0.19930388 0.37291488 -0.05981147
v -0.20200169 0.37949607 -0.06523772
v 0.16354138 0.03543866 0.03819775
v -0.16803464 -0.23469888 -0.04576920
v 0.06262300 0.03069925 0.01005981
v 0.14292875 0.03317162 0.11841331
v -0.16994651 -0.23211800 -0.00928050
v -0.15788913 0.26494536 0.03762691
v 0.00801900 0.00646400 -0.18989199
v -0.15313791 0.26258084 0.08521197
v 0.16426997 0.03590884 0.02507572
v -0.01443072 0.02637259 -0.00445172
v -0.10502113 0.01441550 0.16017693
v -0.09009691 0.02108503 0.08522256
v 0.19944684 0.03727787 0.06689141
v 0.19025517 0.03782641 0.03386647
v 0.21996368 0.03189659 0.12577587
v -0.16546500 0.22505599 0.03004900
v -0.14306435 0.26737365 0.15730090
v 0.08803990 0.03087105 -0.10424917
v 0.04410272 0.02001134 0.17474693
v 0.07949518 0.03089741 -0.09402090
v -0.07500600 0.07425725 -0.22281300
v -0.14703588 -0.00272172 0.02140609
v 0.14170988 0.03335369 0.08372503
v 0.19826363 0.03812072 0.03831450
v -0.05336830 0.02427791 0.07218402
v -0.14162441 0.26970136 0.16942582
v 0.07552490 0.03054294 -0.08562809
v -0.11723731 0.01455675 -0.15807094
v -0.20541915 0.38554934 -0.12078994
v -0.01826178 0.02608959 -0.01834713
v -0.10642008 0.01855145 -0.11908001
v -0.17142938 0.33596045 -0.17172718
v 0.17153350 0.01602900 -0.19791549
v -0.02922900 0.02418700 0.22946499
v -0.04582373 0.01903428 0.16235152
v -0.16945943 0.30954111 -0.09069552
v 0.18541197 0.03322991 0.15932086
v -0.13747309 0.26525292 0.18226606
v -0.21298638 0.38865399 -0.12529312
v 0.17491756 0.03152113 0.16390201
v 0.12720403 0.03373445 -0.07491288
v 0.07372463 0.03036406 -0.07729059
v 0.06735006 0.03027794 -0.08125837
v -0.13915384 0.27164415 0.19399294
v 0.15600714 0.03274791 0.15397961
v 0.22203901 0.03198242 0.11067864
v 0.11846253 0.03281503 -0.10625287
v 0.13501810 0.03445916 -0.06207428
v -0.16558558 0.31344008 -0.13498458
v 0.04175125 0.02783556 0.09199440
v -0.21204284 0.38993564 0.05169047
v -0.19609341 0.37357074 -0.14093791
v 0.16430449 0.02256128 -0.19119084
v 0.06218462 0.03003562 -0.06939837
v -0.17566700 0.34303576 -0.17097950
v -0.05798858 0.02414798 -0.09417317
v -0.00901987 0.02665980 -0.01892552
v -0.05195553 0.02464405 -0.07968419
v 0.23364431 0.03007341 0.01699569
v 0.18178500 0.03299175 -0.17653805
v 0.16821975 0.01802650 -0.19130200
v -0.12281609 0.01446256 -0.13837178
v 0.17612116 0.03432345 0.14918312
v 0.22634590 0.03403183 0.01915495
v -0.09793100 -0.00158700 0.18831700
v 0.05726992 0.03006280 0.02472861
v 0.00480703 0.01664397 -0.18799472
v 0.08619400 0.03034319 0.07205806
v 0.03148053 0.02854853 0.01862397
v 0.14850408 0.01838230 -0.19129555
v 0.18601453 0.03485969 0.14491494
v -0.14593187 -0.00344137 -0.01741150
v -0.21293882 0.38962379 0.03471609
v 0.07206544 0.03051347 0.04006297
v 0.10860091 0.03290769 0.02406936
v 0.15790688 0.03522525 -0.13414943
v -0.05492191 0.00189103 0.18762162
v -0.10697600 0.01724700 0.14025202
v 0.00692583 0.02743722 -0.04420369
v 0.06402681 0.02211966 0.17255881
v 0.20374554 0.03869794 -0.02409394
v 0.20687440 0.03738680 0.05980916
v -0.16650094 0.30743071 -0.20704965
v -0.21837431 0.39302087 0.01771244
v 0.21558000 -0.39364624 -0.20994000
v -0.21432388 0.39102814 0.01097300
v 0.09638664 0.03312631 0.00538845
v 0.22070491 0.03512913 -0.09390053
v -0.15493201 -0.03928500 0.04845100
v -0.20543525 0.38699526 0.10231487
v 0.16811700 0.03571472 -0.12253361
v 0.07642484 0.02981309 0.06951981
v 0.20811310 0.03829819 -0.03161339
v -0.18802725 0.34242514 -0.02339263
v 0.11056437 0.03145463 0.08656481
v 0.19425218 0.03734840 -0.11765919
v -0.01580719 0.02618087 -0.03194994
v -0.06933706 0.02308467 -0.11575023
v 0.21267053 0.03657813 0.05596700
v -0.15810256 0.31444645 -0.19392465
v -0.15696630 0.31023780 -0.17871916
v 0.10424960 0.03066525 0.13639112
v -0.14836124 0.29140812 0.18894562
v -0.06971468 0.02320552 -0.09901634
v -0.09438075 0.02168003 0.02433050
v 0.17136902 0.03661327 -0.07033083
v -0.00000009 0.02672234 0.02403612
v -0.11098650 -0.03116094 -0.20279437
v -0.21325076 0.38969561 -0.00089925
v 0.20691600 0.02302000 -0.18039800
v 0.20013438 0.02665438 -0.18291968
v 0.19552362 0.02838172 0.17190784
v -0.18554556 0.34174201 0.06688488
v 0.10222375 0.03125622 0.06599584
v -0.09938619 -0.03765131 -0.19225381
v -0.21501553 0.39111990 -0.01830838
v 0.00240775 0.02651559 0.03557303
v 0.11519308 0.03299088 -0.08974909
v 0.18324244 0.03813425 -0.03493178
v 0.02017916 0.02677569 0.07769872
v -0.14693150 -0.04053975 0.17066275
v 0.10720508 0.03200885 0.04846713
v 0.23008800 -0.38619599 -0.20171501
v -0.11513739 0.01807992 0.07630300
v 0.13242775 0.03241053 0.13714647
v -0.07941125 0.10511150 0.21977849
v 0.12377094 0.03333922 -0.09098765
v 0.11581950 0.03234681 0.04093625
v 0.03737900 0.00921737 0.18592051
v 0.03223903 0.02863475 -0.03132856
v 0.07472911 0.03132516 -0.02210545
v -0.00620444 0.02649456 -0.03868774
v -0.14740671 0.22752579 0.13636659
v -0.07386316 0.02342452 0.01735484
v -0.00588762 0.02642725 0.03226116
v -0.04011085 0.00880287 0.18406975
v -0.21544594 0.39340425 -0.04353294
v -0.01151016 0.02578486 0.04641856
v 0.03831703 0.01037244 0.00332850
v -0.09264941 0.02118902 -0.07603648
v 0.04642487 0.02869875 0.03924663
v 0.14548755 0.03455105 0.03049170
v 0.13808650 -0.25141388 -0.00319250
v -0.21816006 0.39484224 -0.06258813
v -0.14209437 0.00292738 0.15262781
v -0.19908175 -0.37357676 -0.20828325
v -0.16817325 0.32063505 -0.13957125
v 0.21695803 0.03524341 0.06839103
v 0.14678836 0.02932433 0.16813028
v 0.21299155 0.03552786 0.08139316
v -0.02454022 0.02525912 0.06408375
v 0.20598772 0.03710416 -0.12889481
v -0.22000074 0.39275062 -0.09810662
v 0.20528765 0.03418216 0.14211150
v 0.21618050 0.02380688 -0.17086338
v -0.04945425 0.02466887 -0.09164503
v -0.04423656 0.00493919 -0.19039604
v 0.00877345 0.02649991 0.09696311
v 0.10709438 0.01050853 0.18693319
v -0.22211675 0.38520226 -0.13822100
v -0.15318368 0.30259869 -0.17912406
v -0.00490800 0.02671822 -0.05061719
v 0.05116253 0.02852930 0.06345520
v 0.23353891 0.02516011 0.04989173
v 0.10945205 0.03232602 -0.10078119
v -0.15298091 -0.03730712 -0.10255156
v 0.04138862 0.02834719 0.04984200
v 0.13663137 -0.24670087 0.19919126
v 0.23174463 0.02928794 0.06262803
v -0.09634614 0.01850628 0.13512383
v -0.08198344 0.00153550 -0.19111262
v -0.02984563 0.02146338 0.15751930
v 0.22450189 0.03306237 0.06613278
v -0.16568360 0.31862858 -0.15178227
v 0.20436358 0.03595031 0.11783443
v 0.14457059 -0.24059437 -0.20404275
v 0.13799749 -0.25314251 0.20388500
v -0.09405863 0.01930444 0.12249083
v -0.16795181 0.32772809 -0.16830021
v -0.18654750 0.34310231 0.05794606
v -0.05324247 0.02445306 -0.06020742
v -0.19067524 0.36550695 -0.14693876
v -0.08128759 0.02255419 0.04570260
v -0.17837299 0.34639701 -0.17799675
v 0.10154250 0.03217056 -0.13578425
v -0.01154594 0.02608138 0.02254763
v -0.18999833 0.36171034 -0.11342993
v 0.01592869 0.02653055 0.10979186
v -0.18915497 0.34690174 0.04827181
v -0.00971850 0.00438013 0.18762849
v 0.23353438 0.02482984 0.08969037
v 0.23366639 0.02491467 -0.02259627
v 0.20558633 0.03519809 0.12966824
v -0.19518362 0.36946660 -0.15591328
v 0.19326444 0.03721537 -0.10255081
v -0.16963272 0.32333824 0.14473403
v -0.18971582 0.35381442 -0.07389355
v 0.03779805 0.02778936 0.06060792
v 0.07289387 0.03112281 -0.03034194
v 0.04831619 0.00776956 0.18650243
v -0.18416281 0.35454375 -0.14820038
v -0.16040607 0.30346981 -0.13892537
v -0.06721516 0.02386884 -0.03939581
v 0.05362586 0.03005619 0.01396083
v -0.06454403 0.02413469 -0.02472572
v 0.03170036 0.02739400 0.07255414
v -0.17552546 0.34177235 -0.16196527
v 0.05118242 0.02881858 0.05111803
v -0.18460229 0.33405924 -0.01846253
v 0.09410378 0.03029503 0.10591315
v 0.22181886 0.02698739 0.15171589
v 0.15508081 0.03499528 0.03829312
v 0.16881278 0.03515191 0.07497019
v 0.03370847 0.02846292 -0.06070253
v 0.13287300 0.03364275 -0.12070090
v -0.12002650 -0.04105200 0.19230451
v 0.17312913 0.03604231 0.04471285
v 0.16966376 0.03225388 0.16087037
v -0.15322106 0.30161235 0.18295322
v -0.17700256 0.34248954 0.16857940
v -0.17859975 0.32627243 0.07193813
v -0.14529012 -0.00254459 -0.05731881
v 0.20721744 0.03798759 0.03646872
v 0.18564919 0.03570566 0.12224235
v -0.00436575 0.02658875 -0.07423209
v 0.02358297 0.02811687 0.00681094
v 0.01706168 0.02773264 -0.05224601
v -0.01375366 0.01381116 0.18169181
v -0.17779177 0.32754815 0.08942413
v -0.13014665 0.01482841 0.04711527
v -0.12484512 0.01648822 0.05534337
v -0.00284745 0.02623275 0.04891331
v 0.20736985 0.03811684 0.02478006
v 0.00608691 0.02710192 -0.07076928
v -0.17470993 0.32316920 0.09957728
v 0.13266812 0.03368130 -0.10893895
v 0.00233133 0.02158119 0.16403024
v 0.02447513 0.02721369 0.06746578
v 0.10778736 0.03101984 0.09756877
v 0.19364338 0.03609684 0.12256344
v -0.08111826 0.02110167 0.11226639
v -0.08762632 0.02221269 0.03330194
v 0.05246031 0.02942528 -0.06765253
v 0.14098020 0.03395980 -0.10688969
v 0.04716025 0.02912869 -0.07854753
v 0.11036132 0.03283406 -0.05466306
v 0.02395555 0.02645800 0.12439766
v 0.23389481 0.02839981 -0.00500191
v 0.10299677 0.03237906 -0.05844220
v 0.24030125 0.01864850 0.14040950
v 0.11308086 0.03333270 -0.02923405
v -0.17849387 0.34016111 -0.19366375
v 0.00098561 0.02683278 -0.08488476
v -0.20691459 0.38832507 0.11728115
v 0.15167503 0.03466350 -0.10695460
v 0.16069637 0.03521453 -0.10962183
v 0.14830764 0.03472197 -0.09056305
v -0.18378994 0.34623176 -0.10613862
v 0.00743258 0.02671964 0.04770506
v 0.03864903 0.02838406 0.03646062
v -0.16155143 0.31581768 0.19275887
v -0.20017238 0.38205609 0.12239909
v 0.11758553 0.03222691 0.05739078
v -0.15386157 0.27640474 0.11470588
v -0.09878253 0.00259303 0.18657778
v -0.06891897 0.02405831 -0.01553447
v 0.11152614 0.03221013 -0.10881843
v 0.08053932 0.02954131 0.11939422
v 0.11922461 0.03300895 -0.07969905
v 0.11429944 0.03305412 -0.07445087
v -0.13079788 -0.12416437 -0.22507057
v -0.16320762 0.31913832 0.17460778
v 0.01514675 -0.01552912 -0.20441337
v 0.13377443 0.03258420 0.12230076
v -0.15119199 0.22920400 -0.10537200
v -0.18555763 0.34777707 -0.09456962
v 0.15384927 0.03505431 -0.08202750
v -0.15886948 0.31079468 0.17447206
v -0.13727362 0.25916100 0.16904253
v -0.02352481 0.02599450 -0.00219419
v -0.19582513 0.37712181 0.13178276
v 0.00899550 0.02729555 -0.08857950
v -0.02446475 0.02416738 0.13970175
v -0.13053615 0.25398144 0.19169427
v 0.13411705 0.03399484 -0.08663597
v 0.03323041 0.02778084 0.04649128
v -0.18787150 0.36173111 -0.15327038
v -0.09737300 -0.00597325 0.19861475
v 0.21959880 0.03558072 0.03361323
v 0.16250569 0.03573585 -0.07728381
v 0.11765059 0.03348463 -0.04332125
v -0.17221537 0.33611739 -0.18957287
v -0.16607741 0.29297897 0.06071322
v 0.23596326 0.02139881 -0.00130469
v 0.13363865 0.03384728 0.03608260
v 0.06592775 0.02992247 -0.12894550
v -0.09065350 0.07695750 0.20640101
v -0.01327841 0.02659084 -0.04958081
v 0.03881006 0.02721308 0.12237545
v 0.08423034 0.03085272 -0.11189914
v -0.15133876 -0.03731050 -0.16732325
v 0.21927971 0.03364474 0.09316353
v -0.14519872 -0.00044700 -0.04918487
v 0.14580759 0.03451070 -0.13052787
v 0.15941601 0.03565055 -0.06432690
v 0.22686023 0.03298847 0.04090587
v -0.03519190 0.02505356 0.09019212
v -0.17144388 0.30117637 0.00284694
v 0.00021022 0.02687175 -0.09774658
v 0.08679062 0.03220128 0.00766203
v -0.10725839 -0.01047733 0.20159745
v -0.16160829 0.22957917 -0.00108539
v -0.18439434 0.34155539 -0.07627168
v 0.07681204 0.03043717 -0.10481463
v 0.23386800 0.02364497 0.00532044
v 0.21581772 0.03679977 0.01149980
v 0.13047135 0.02184653 0.18455969
v 0.16689152 0.03639298 -0.05709705
v -0.05024020 0.02473395 -0.10728397
v -0.18880056 0.34465557 0.03609656
v -0.03120522 0.02432647 0.13132119
v 0.02470312 0.02764759 0.04115909
v 0.10223641 0.03272178 -0.02776450
v -0.06428103 0.02156113 0.13490656
v 0.23389195 0.02592177 0.02154354
v 0.22156125 -0.38470787 -0.20148663
v 0.01121919 0.02736525 -0.10413159
v -0.05591241 0.02436253 -0.11761215
v 0.15515168 0.03574778 0.01365850
v 0.07494878 0.03144138 0.01513884
v -0.01153731 0.02559105 0.07381545
v 0.02906441 0.02812450 0.03174265
v 0.18371278 0.03653969 -0.13103236
v -0.03929720 0.02436705 0.12148435
v 0.23023149 0.02230932 -0.15933862
v -0.11446666 0.01633066 -0.14054801
v 0.12563531 0.03238734 0.07564525
v 0.22970515 0.02425144 -0.14707112
v 0.23419550 -0.38145050 0.20795400
v -0.18990803 0.35442290 0.08470281
v 0.17079319 0.03693469 -0.04719350
v 0.01097125 0.02745250 -0.11769725
v 0.21597324 -0.39390019 -0.21920507
v -0.14499156 -0.00391281 -0.11101431
v -0.20190403 0.37227380 -0.02620731
v 0.07436708 0.02566626 0.16324106
v -0.17616194 0.31573820 -0.03806937
v 0.17599481 0.03734703 -0.05424119
v -0.05479865 0.02133375 -0.16667743
v 0.12755699 0.01487150 0.18726319
v 0.00567909 0.02707947 -0.10872450
v 0.13556901 -0.24405375 0.20201150
v -0.06470712 0.02373398 -0.06764372
v 0.22154413 0.03574491 0.00581850
v -0.20455974 0.37665680 -0.01296019
v -0.14515702 0.00504453 0.11126062
v 0.17408441 0.03751538 -0.03788428
v -0.15346672 0.26278713 -0.06636503
v -0.10906625 -0.04232225 -0.19913825
v 0.13878550 -0.24818376 -0.13697675
v -0.13621125 0.22504100 0.18845025
v -0.20090488 0.36983800 0.00904044
v 0.22014078 0.03580853 -0.06524583
v -0.19957136 0.36866572 0.03580369
v -0.21376900 0.38034549 -0.14376076
v -0.01971678 0.02603339 -0.05977997
v -0.15711838 0.22883400 0.07817718
v 0.15198737 0.03543644 -0.07283953
v 0.02148584 0.02776630 0.02148916
v 0.15638240 0.03478872 0.05251975
v 0.24191409 -0.01759806 -0.11095840
v -0.19272350 -0.37603337 0.20656826
v 0.15254262 -0.28254199 -0.21289469
v 0.22523887 0.03445434 -0.05166058
v 0.24194080 -0.01759908 -0.07172603
v 0.11710905 0.03278759 -0.12097049
v 0.17694552 0.03797409 -0.02472841
v -0.05450828 0.02435891 0.03970356
v -0.17902887 0.32615906 -0.06134731
v 0.22690897 0.03420909 -0.02664297
v -0.19849677 0.36587977 -0.03412100
v -0.05928851 0.02408262 0.02689104
v -0.20057131 0.37235740 0.05024413
v 0.17648888 0.03678022 -0.07890147
v 0.15717863 0.03500397 -0.09925803
v -0.19065559 0.36601043 -0.13663147
v -0.06678560 0.02388331 0.03204203
v -0.18806452 0.35482153 -0.10287228
v 0.03659950 0.00887375 -0.18934575
v 0.13472134 0.03413556 -0.13765314
v 0.04056400 0.00851600 -0.19528100
v 0.03658425 0.01078975 -0.18895163
v 0.18889244 0.02555478 0.17916116
v 0.18339394 0.03821012 -0.01653712
v -0.03393094 0.00306642 0.18582487
v -0.07589287 0.01504803 0.16760340
v 0.04034703 0.02768820 0.07964434
v 0.11718972 0.03192761 0.07769145
v -0.00840252 0.00721008 0.18556748
v 0.21383125 -0.37570280 0.19976941
v -0.18581222 0.34216943 -0.06741947
v 0.06209644 0.02292937 -0.18489212
v 0.13279565 0.03409724 -0.16011818
v -0.18228312 0.32824773 0.00947237
v -0.15570162 0.25536874 0.02155228
v 0.15917565 0.03547825 -0.08905710
v -0.17682751 0.32023194 0.06118594
v 0.18994226 0.03881713 -0.02274662
v 0.10548400 0.02673550 0.16825125
v -0.13782744 0.25472480 0.21211663
v -0.14562801 -0.04441000 -0.13408101
v 0.22731203 0.03363438 -0.04048572
v -0.11396683 0.01920955 0.01867167
v -0.15374926 0.30284449 0.19679075
v -0.17346740 0.31658241 0.08505939
v -0.05048672 0.02506037 -0.00862809
v -0.09204334 0.02019162 0.10526729
v 0.07753415 0.02299628 -0.18658282
v 0.23338494 0.03052316 -0.02382156
v 0.01514119 0.02732638 0.04088712
v 0.17348093 0.03200611 -0.17986406
v 0.22665156 0.03120944 0.09705012
v -0.09745550 -0.00721913 -0.14545788
v -0.17128418 0.32090470 0.12172603
v 0.20036134 0.03899925 -0.00573475
v 0.13643688 0.03460712 -0.04470369
v 0.11083023 -0.21041152 -0.21673718
v -0.11248017 0.01790827 -0.10136070
v -0.10710119 0.01759388 -0.14306293
v -0.16384663 0.28764099 0.06398631
v 0.01362248 0.02779417 -0.13022648
v -0.13905400 0.22390200 -0.19092350
v 0.08363825 0.03094053 0.04037328
v 0.21509711 0.03698470 -0.07733671
v 0.04082787 0.01930388 -0.18737575
v -0.14712200 0.22861999 -0.12847351
v 0.02561052 0.02811870 -0.06197162
v -0.08392950 -0.00024869 0.18802913
v -0.18054549 0.34723186 -0.14610194
v -0.05627506 0.02463183 -0.01787763
v 0.02273762 -0.02206300 0.19961999
v -0.17037067 0.30832064 -0.07836028
v -0.16707253 0.29753995 -0.06602944
v 0.20651025 0.03851235 0.01161300
v -0.02456125 0.02349397 -0.22785844
v 0.16014500 0.03438612 0.09261762
v 0.20859475 -0.37999499 -0.21056575
v 0.01982909 0.00886803 0.18523499
v 0.01694959 0.02747172 -0.07364008
v 0.18970512 0.01983625 0.18517897
v -0.22050813 0.39407969 -0.03132631
v 0.22777151 -0.38524061 0.19935174
v -0.06744458 0.12874451 -0.20603110
v -0.14170274 0.23769858 0.11036605
v 0.01093888 -0.01272613 0.20313574
v 0.06620900 0.01076373 -0.18936391
v 0.17512955 0.01896714 0.18684545
v 0.23546150 0.02048956 0.11896956
v 0.12220264 0.03184048 0.13094009
v -0.14165373 0.25389847 0.13598414
v 0.16443899 -0.00943037 -0.19949937
v 0.21663649 0.01830950 0.17295299
v 0.00560891 0.02708148 0.01648103
v -0.00811627 0.02636000 0.01028980
v 0.11432281 0.03392534 -0.00971075
v -0.14022519 0.25806549 0.15109125
v -0.15983400 -0.21690400 -0.20538101
v 0.08897094 0.03136631 -0.06269313
v -0.12793350 -0.05670825 0.21076450
v 0.02042908 0.02768177 -0.08205814
v 0.21363644 0.03750194 0.01895700
v -0.15503365 0.26533195 0.07664055
v -0.03825800 0.01280520 -0.18917786
v 0.01561625 -0.03335575 -0.19785750
v -0.11042204 0.01860120 -0.08068931
v 0.01676272 0.02148156 0.16648878
v -0.14260469 0.00815475 0.01961562
v 0.18973507 0.03612469 0.10357650
v 0.02596091 0.02810653 -0.08857675
v 0.10010904 0.03180305 -0.11501093
v 0.18010160 0.03569952 0.10392162
v 0.02083092 0.02800509 -0.10360165
v 0.06203519 0.03105419 -0.00004806
v 0.04275444 0.02612956 0.15046510
v 0.14280975 -0.24003907 0.20081763
v -0.00334362 0.02612012 0.06886900
v -0.17410299 0.31709808 -0.07718136
v 0.08877258 0.03156731 -0.14755870
v 0.19324209 0.03520738 0.14328535
v -0.20191725 0.37975201 -0.13990726
v -0.16589437 0.32058537 -0.20207638
v -0.12339500 -0.00628900 -0.19889800
v -0.05894522 0.02294913 0.11643527
v 0.11928533 0.03339484 -0.15061979
v 0.17549969 0.03595414 0.06091528
v -0.10003931 0.02127942 0.00571164
v -0.05169525 0.02311747 0.12662943
v 0.03121178 0.02828481 -0.09866897
v 0.02231097 0.02796608 -0.15083764
v 0.09028485 0.03140469 -0.16243562
v -0.14608063 -0.00409425 -0.04820713
v 0.05211895 0.02486398 0.16145512
v -0.13079050 0.25850859 -0.19139634
v 0.03312273 0.02842895 -0.11386406
v -0.16209200 0.27777666 0.03498309
v -0.16950551 -0.22585300 0.16473749
v 0.23205949 0.02003850 0.15814900
v 0.12358503 0.03405495 -0.01612906
v 0.14956863 0.03383012 0.10304525
v 0.23316225 0.02420538 -0.00712700
v -0.16918524 0.31234214 -0.10338816
v 0.03593325 0.02865181 -0.12475082
v -0.14360172 0.00778488 0.03847115
v -0.04828932 0.02491265 -0.04389992
v -0.15915263 0.23002499 -0.04073469
v 0.21516900 0.03707991 -0.00285244
v -0.04070172 0.02508537 -0.06664794
v 0.09535022 0.02688903 0.16470265
v -0.13393350 -0.00967100 -0.16892549
v -0.20055424 0.37279812 -0.04662708
v 0.04394492 0.02892947 -0.11462840
v -0.13527294 0.23527656 -0.13360469
v -0.05950459 0.01670766 -0.17987891
v 0.21777444 0.01933331 0.16780081
v -0.16583937 0.32410625 0.18149337
v 0.20747977 0.03760406 -0.11206184
v -0.19753531 0.36602619 0.04599512
v -0.19997928 0.36732563 0.02239022
v -0.11591838 0.01672253 -0.12441509
v -0.13525000 -0.10597450 0.20147049
v 0.09807254 0.03013270 0.14592361
v -0.07232722 0.02312056 0.05499865
v -0.10256212 0.15877937 0.20629326
v 0.14278041 0.03523347 -0.03431442
v 0.23963469 0.02027087 -0.02034100
v 0.15076569 0.03587961 -0.02299850
v 0.07225822 0.03038809 -0.11811443
v -0.01729705 0.02606548 -0.07211068
v 0.11803950 0.03330194 0.02970544
v 0.19950290 0.03674389 0.09297072
v 0.00894556 0.02721081 0.03209781
v 0.04912183 0.02976995 -0.03851909
v -0.08667856 0.00578200 -0.19117500
v 0.04061703 0.02878525 -0.05273450
v 0.14273700 0.03518869 -0.02271537
v -0.07565551 0.02302344 0.03495691
v -0.12259581 0.01575672 -0.09333719
v 0.15370661 0.03502667 -0.11965069
v 0.12712650 0.03376481 0.02017850
v -0.02211781 0.02552759 0.12328122
v -0.01613789 0.02593589 0.03078374
v -0.06897258 0.02321334 0.06594608
v 0.04456884 0.02908744 -0.12771069
v -0.12310100 0.23999850 -0.18600488
v 0.20399088 0.03675187 -0.13968071
v -0.08453950 0.06453000 -0.20089200
v -0.18728147 0.35644308 -0.12222703
v -0.19536024 0.36065310 -0.04119603
v -0.18546177 0.35249645 -0.11748563
v 0.12142753 0.03388744 0.01227042
v -0.14728241 0.27705964 0.15588644
v -0.07308216 0.01953759 0.14812052
v -0.14995351 0.25900021 -0.08147202
v -0.14939313 0.27748513 0.14435825
v 0.05014431 0.03018094 0.00094453
v -0.10679138 0.02084056 0.21448481
v -0.15084028 0.27455240 0.12884720
v 0.12581925 0.02692434 0.17199862
v -0.10119581 0.02045331 -0.06577172
v 0.01583453 0.02770641 0.01211559
v 0.05625191 0.02959017 -0.14930472
v 0.13674958 0.03444789 0.02091850
v -0.18282309 0.33138236 0.19739525
v 0.05739447 0.03046914 -0.00464278
v -0.01092950 0.02452156 0.14307524
v -0.01287181 0.02524026 0.13369451
v 0.16426781 0.03660262 -0.04309991
v 0.23297399 -0.38188651 0.21743350
v -0.07088750 -0.03405600 -0.19297938
v 0.04965609 0.02952325 -0.05092619
v -0.16006425 0.28019270 0.07844411
v -0.16287409 0.27691263 -0.00411700
v 0.03762950 0.02312667 0.16494539
v -0.20169921 0.37574413 0.05818678
v -0.19771563 0.37644380 -0.13019125
v -0.15641178 0.27365640 0.08967306
v -0.08477600 0.07464400 0.22450000
v 0.12936336 0.02291911 -0.19010480
v 0.18665035 0.03662897 -0.15271921
v -0.08506100 0.07288600 0.22584650
v -0.16473675 0.28284720 0.00618744
v -0.14095269 0.00908344 0.00412962
v -0.08670850 0.07535625 0.22316299
v -0.19584163 0.36638790 -0.06713725
v 0.19083950 0.03689897 -0.13660869
v -0.17359357 0.31437099 0.07112123
v 0.12471141 0.03385747 -0.04355775
v 0.11346178 0.03289222 -0.06331451
v 0.13034987 0.03478288 -0.01310381
v -0.11786500 -0.03238131 0.20404238
v 0.16668828 0.03573831 -0.09891572
v -0.18417756 0.33362755 0.03106144
v -0.17080700 0.31364879 0.10006919
v 0.20344441 0.03814737 -0.08234756
v 0.10359656 0.02080913 0.18246563
v 0.13742241 0.03510350 -0.01008387
v 0.08728263 0.03019259 0.08317075
v -0.01963144 0.02612722 -0.07912713
v -0.06795266 0.00240359 0.18616487
v 0.20146865 0.03836913 -0.06356936
v -0.10085805 0.02117827 -0.01231197
v 0.20193852 0.03855816 -0.05242737
v 0.14072675 0.00949850 0.19860099
v 0.04727853 0.02991544 -0.01158673
v 0.00553150 -0.02792875 -0.19315200
v 0.06774228 0.03059716 -0.06724825
v -0.08263525 0.09968900 -0.20576499
v -0.16200952 0.28042161 -0.04344849
v 0.17220922 0.03641050 -0.09460966
v 0.05018728 0.02911137 -0.05922237
v -0.18744315 0.36169252 0.13876709
v -0.08212335 0.02283558 -0.03907245
v -0.18502444 0.35461324 0.12866868
v -0.00813159 0.02603150 0.08353215
v 0.18179835 0.03670628 -0.09257636
v -0.07323790 0.06658906 0.20782769
v 0.23203063 0.02975762 -0.10794213
v -0.13641703 0.25177881 0.15933865
v 0.11899199 0.03351697 -0.03232652
v 0.09055693 0.02945819 0.15029906
v -0.21218580 0.38918808 -0.02676206
v -0.16421893 0.32452768 -0.17897306
v 0.07800875 -0.15259568 -0.20957269
v -0.04844470 0.02453916 0.05241103
v 0.20003974 0.03469434 0.14449237
v -0.09223925 -0.01041100 0.21322975
v -0.16116685 0.31607485 -0.17279719
v -0.15111166 0.29636329 0.19998229
v -0.15801388 0.29903093 -0.14266488
v 0.23353279 0.02276322 0.10946072
v 0.18219678 0.03712944 -0.06842840
v -0.02606158 0.02577697 -0.01527262
v -0.10954669 0.01866172 0.08775398
v 0.14317197 0.01370253 0.18721576
v -0.18703672 0.33973515 0.01726548
v -0.15145850 0.28156650 -0.21131100
v -0.21968506 0.39403731 0.04460200
v -0.12912013 -0.04397275 -0.19229224
v 0.24471538 -0.00716416 -0.04092353
v -0.15237172 0.30412284 -0.19162209
v 0.09073588 0.03073650 0.06047019
v 0.23600787 0.02063663 0.07730950
v -0.07711021 0.01788336 -0.17147653
v 0.18992628 0.03789000 -0.06640678
v -0.16109787 0.31022182 -0.15395921
v 0.18603127 0.03801123 -0.05744384
v -0.06891881 0.02340517 -0.07841966
v 0.23454201 0.02480542 -0.05996814
v -0.12802173 0.01573553 -0.01192191
v 0.14693412 0.03519375 0.01585416
v -0.19748394 0.37583151 -0.10408330
v -0.21064663 0.39119324 0.10065750
v 0.19984716 0.03647503 0.10573994
v -0.08649381 0.00981372 0.18005157
v -0.10592700 0.00704175 -0.18915050
v 0.19377531 0.03834858 -0.05002370
v 0.22186600 -0.01616800 0.18221800
v -0.20171393 0.38264269 0.13447718
v 0.05048709 0.02807409 0.07874697
v -0.01250953 0.02580891 0.11923391
v -0.17008747 0.31550771 0.11346706
v 0.23489738 0.02167919 -0.03529475
v 0.06834078 0.03009294 -0.09221678
v 0.15372932 0.03623400 -0.00600441
v -0.18643600 0.33984950 -0.19613118
v -0.15057172 0.29372016 0.17672716
v -0.02754737 0.02537303 0.07899069
v -0.14265101 -0.00853000 -0.18975300
v -0.08942850 0.07766675 -0.20802949
v 0.19828913 0.03858589 -0.03783837
v -0.16066356 0.22917844 0.04209238
v 0.06979823 0.02913950 0.09597991
v 0.01427780 0.02709778 -0.06446163
v -0.18626367 0.33714443 0.00803727
v -0.17014053 0.29773110 -0.00482878
v 0.10336642 0.03337864 -0.00108011
v 0.18663000 -0.01999000 -0.19832399
v -0.19360600 0.33699101 -0.15995400
v -0.14595219 -0.04188575 -0.16165413
v 0.07731194 0.03094500 -0.13255744
v -0.06624538 0.04637769 0.23020181
v -0.05486206 0.02152867 0.14423840
v -0.18113743 0.33816573 -0.09869453
v -0.15230381 -0.00602213 0.00688781
v 0.04762516 0.02992631 -0.02407269
v 0.05263187 0.02931631 -0.09090944
v -0.15506056 0.28795299 0.13666306
v 0.17772831 0.03635334 -0.11792219
v -0.12418950 -0.03825463 -0.19347587
v -0.15295818 0.22784007 0.10534531
v 0.11513031 0.03312122 0.01924328
v 0.08042084 0.02946487 0.10314619
v -0.16430219 0.29648221 0.09675700
v -0.19520324 0.36426535 0.06859422
v 0.20787494 0.03784328 -0.07425290
v 0.20777513 0.03859144 -0.01803431
v 0.01650166 0.02749970 -0.09170016
v -0.14392084 -0.00420859 0.15939060
v 0.11438516 0.03111162 0.13614853
v 0.01485094 0.02780792 -0.03585475
v 0.23339491 0.02913409 -0.07906862
v 0.07015932 0.00916558 0.18548286
v -0.03888642 0.02516089 -0.02712641
v 0.21353656 0.03767794 -0.01370022
v -0.00929422 0.02611300 0.09944181
v -0.07795050 0.07303975 0.22455212
v -0.19903432 0.36504522 -0.00255025
v 0.23915300 0.01960625 0.09467050
v -0.18936215 0.35623029 0.09510597
v -0.15181337 0.23259450 0.04399506
v -0.15083900 -0.00474000 0.12967400
v -0.19843513 0.36429587 0.01138431
v -0.02942947 0.02557523 -0.02914239
v -0.19635911 0.35955247 0.01755526
v -0.03414753 0.02485305 0.06487051
v 0.14777957 0.03244069 0.15475863
v 0.07724813 0.03075259 -0.05075122
v -0.19735663 0.36332101 0.02973163
v -0.15304409 0.24531488 0.01558778
v 0.05684962 0.02987309 -0.03199997
v -0.19903532 0.37890249 -0.11838412
v -0.15268043 0.24478768 0.03095891
v -0.14578137 -0.00424288 -0.04354912
v -0.01922750 -0.03437600 -0.19325806
v -0.14259243 0.00542087 0.13921425
v 0.10152550 -0.02596250 0.19202450
v -0.14751300 -0.00400900 -0.00143900
v 0.15648542 0.03543336 0.02690530
v -0.15476137 0.23056275 -0.08110063
v 0.08943853 0.03159134 0.03564800
v 0.03954966 0.02889720 -0.09159213
v -0.14409500 -0.00521100 -0.01406900
v -0.14541499 -0.00458100 -0.00033200
v -0.14593200 -0.00361200 -0.00412500
v -0.20722431 0.38513994 0.06215569
v 0.20893155 0.03295983 -0.16488229
v -0.13672900 0.00836494 0.14276187
v 0.08776946 0.03219992 0.01460433
v -0.01856006 0.02324213 0.15138915
v -0.17690206 0.31523845 -0.00432363
v -0.19471222 0.36421293 0.07620653
v 0.22459178 0.03460131 -0.00287716
v -0.14821950 -0.00391650 -0.00867850
v 0.00217152 0.02444558 0.14962666
v -0.16201375 0.27605549 0.02632383
v -0.19609329 0.36407512 0.05568701
v 0.03463385 0.02840328 -0.07338592
v -0.05105866 0.02483386 0.00683680
v -0.14727025 0.24492925 -0.17464562
v -0.17091642 0.30214339 0.04114458
v 0.20626847 0.03684673 0.07411838
v -0.16709208 0.32480755 0.16773303
v 0.02178294 0.00555175 0.18585859
v 0.15992725 0.01326750 -0.08761100
v 0.11219681 0.03410194 -0.00257106
v 0.19657619 0.03863206 -0.02929284
v -0.05461735 0.02381091 0.10752303
v -0.17325777 0.31091216 0.05537277
v -0.16749778 0.32168224 0.15558958
v 0.09831300 0.03139475 0.05018022
v 0.23084863 0.03279806 0.00404056
v -0.07353131 0.10269523 0.22162448
v -0.16952631 0.30266994 0.06527719
v -0.09346323 0.02106844 0.06432199
v -0.13426597 0.01050237 0.12973140
v 0.07003878 0.01627800 -0.19010119
v -0.03144259 0.02508562 0.11179859
v -0.16775663 0.31211564 0.12287263
v 0.23618528 0.02139780 0.01873234
v -0.14405826 -0.00384300 -0.13469125
v 0.13244672 0.03464725 -0.02075566
v -0.16360940 0.30535543 0.13023515
v -0.13893062 0.24474169 0.13292825
v -0.14692156 -0.04098862 -0.00501163
v -0.09366006 0.00827378 -0.18891494
v -0.16693372 0.31488290 0.13683604
v 0.12731931 0.03429225 -0.02937747
v -0.02029003 0.02582175 -0.04117869
v -0.02347912 0.02555759 -0.04819878
v -0.14679900 -0.03969750 -0.02939100
v -0.12710850 0.01399334 0.12132493
v 0.14619797 0.03424056 -0.11484519
v 0.14296430 0.01907728 0.18708166
v -0.04132669 0.01752988 -0.18174937
v 0.16469291 0.02910597 -0.18624538
v -0.13084021 0.23083609 0.15761344
v -0.06916428 0.02197031 0.11917140
v -0.13315259 0.24098222 0.15545510
v -0.12739421 0.24473229 0.18599485
v -0.09805387 -0.02240250 -0.20040719
v -0.16571839 0.30236346 -0.09908155
v -0.17167319 0.31986538 -0.11343356
v 0.14084847 0.02665603 -0.18796970
v -0.08888596 0.02226930 -0.03519680
v 0.06670234 0.02637581 0.15966509
v 0.10522431 0.03224637 -0.08003738
v -0.20320401 0.38265926 -0.12591638
v -0.16678637 0.32739612 -0.19322106
v 0.00267361 0.02723328 -0.03233479
v 0.15364933 0.03522167 -0.16248509
v -0.14100578 0.00290378 -0.14712878
v 0.13079298 0.03408362 -0.04993231
v -0.15803742 0.27223045 0.07081947
v -0.15640526 0.29931137 0.20738350
v 0.20100562 -0.33836800 -0.20330624
v -0.15608776 0.29837325 -0.20844738
v 0.09226959 0.03201619 -0.04834306
v -0.14891177 0.29560292 -0.18669291
v -0.07713175 0.04676050 -0.21710725
v -0.05368775 0.07587944 -0.22167481
v -0.12460223 0.24648450 -0.19940792
v -0.10946529 0.00828417 0.17849740
v -0.14861800 0.24676199 0.17500700
v -0.17284687 0.33057681 0.14719500
v -0.14652696 0.28305960 0.17431469
v -0.17374057 0.32921183 0.13495494
v -0.12347206 0.19440262 -0.20973951
v 0.04707647 0.02892975 -0.09747969
v -0.14165875 0.22177488 0.18386863
v 0.00899975 -0.00468438 -0.20558375
v -0.19036204 0.36735433 0.13421100
v 0.10922763 0.03248269 -0.11950485
v 0.08674172 0.02982344 0.10955753
v 0.07696307 0.03085494 -0.14480108
v -0.11930006 0.01829313 -0.02967819
v -0.04707900 0.02482906 -0.02748230
v 0.01978381 -0.03363881 0.19484125
v -0.19332817 0.35952783 -0.06225456
v -0.18360773 0.33362836 0.04333733
v 0.06244556 0.03006463 -0.05743850
v -0.12276400 0.22778600 0.21102200
v 0.14454132 0.03537725 -0.00679798
v -0.16449849 0.32004657 -0.16665925
v -0.19568181 0.35906476 0.00383656
v -0.19284882 0.35270119 -0.00201438
v -0.04006512 0.02546584 -0.09776475
v -0.05692970 0.02392986 0.08858736
v 0.05112566 0.02743322 0.13853835
v 0.06623503 0.03038284 -0.04240106
v -0.06261909 0.02239800 -0.15251337
v 0.03124356 0.02759863 -0.16553563
v -0.11125606 0.01881487 -0.06794062
v -0.20695563 0.38606751 0.07652525
v -0.20418106 0.38095158 0.06757537
v -0.12661500 0.01573591 -0.04347156
v -0.19512506 0.36000195 0.04090975
v -0.19376825 0.35793063 0.05343881
v 0.09872331 0.03267684 0.01354375
v -0.14803706 0.28304574 0.20827475
v 0.05431544 0.03008769 -0.01362647
v 0.06006715 0.03034698 -0.02059175
v 0.06580979 0.03096858 -0.01068909
v 0.20430869 0.03772331 -0.10098547
v -0.20035692 0.37447727 0.06953017
v 0.12541249 0.03372094 0.03177675
v -0.14559121 -0.00378903 -0.06908105
v 0.16852060 0.03445463 -0.17159103
v 0.04219444 0.02927141 -0.06858081
v -0.17775275 0.32135329 -0.05141091
v 0.02713969 0.01603000 -0.18955062
v 0.07833450 0.03196025 0.00524275
v -0.04314628 0.02524472 0.01300709
v -0.19444147 0.36806101 -0.09186441
v 0.24217075 -0.01859023 0.04200422
v -0.16954356 0.29782331 0.02847072
v -0.11181457 0.01263033 -0.17454176
v 0.09195300 0.03166334 -0.11797109
v -0.12412488 0.22412947 0.18286453
v -0.21031000 0.38689506 0.02104419
v -0.16872369 0.29831567 0.05082734
v -0.16489138 0.22548588 -0.01433906
v 0.04162019 0.02670336 -0.17210306
v -0.03735459 0.02521778 0.01875647
v -0.16610944 0.29662886 0.07796275
v 0.24272561 -0.01791763 -0.03540761
v -0.11908100 0.00588300 -0.18681100
v -0.20964819 0.39064899 -0.07453912
v -0.03142644 0.02526059 0.02423781
v 0.19644238 0.03248941 0.15916075
v -0.08722425 0.02806375 0.20386074
v -0.00444694 0.00993858 -0.19018917
v -0.02570619 0.03660056 -0.23093268
v 0.10598153 0.03235031 -0.09136540
v -0.12377256 0.24157968 0.20047900
v -0.00849291 0.01838800 0.17216438
v -0.03801156 0.02524244 -0.03928931
v 0.09631448 0.03160017 -0.10326247
v 0.09700392 0.03075759 0.07714389
v -0.03887097 0.03620619 -0.22922362
v -0.14712100 0.00136931 0.04514066
v -0.15365103 -0.03694184 0.01307219
v 0.01849473 0.02676316 0.09230959
v -0.18473890 0.35797587 0.15815759
v -0.14602201 -0.00327162 0.00104838
v -0.12323722 0.01609984 0.09103606
v -0.07783734 0.02255377 -0.10047317
v -0.00161225 -0.02455000 0.19955593
v -0.14396977 0.00239859 -0.10608528
v 0.13200119 0.02495794 0.17838646
v -0.03475081 0.03823213 0.20816313
v -0.14725575 -0.00345000 0.02958375
v -0.01894964 0.00924166 -0.19047505
v -0.07871242 0.02252012 -0.08515620
v 0.00032597 0.02747817 -0.13397866
v 0.17042807 0.03756838 -0.00426756
v 0.02541816 0.02689106 0.10461512
v 0.18331274 -0.30646574 0.22122826
v -0.21600300 0.39276600 0.10886662
v -0.14670400 -0.04317400 0.04761850
v 0.05219872 0.02920978 0.03518219
v 0.17575000 0.01403900 -0.19903301
v -0.19040272 0.34723470 -0.01085541
v -0.14133422 0.00371506 -0.13260959
v -0.14260337 0.00333688 -0.12168088
v -0.02789938 0.01443863 -0.18814525
v -0.14583337 -0.00303937 0.00895237
v -0.14535800 -0.00450250 0.01013850
v 0.17588960 0.02794686 -0.18790482
v -0.08116614 0.02263505 -0.05209973
v -0.14922875 0.22484975 -0.13722976
v -0.06352487 0.02416934 0.01275122
v 0.23994000 -0.01960000 0.14836250
v -0.20891638 0.38518274 0.13804263
v -0.14344651 0.24846913 0.11713247
v -0.00996900 0.02249625 0.15901838
v 0.10965200 -0.02851600 0.19502400
v 0.07628900 0.03092300 0.00801300
v -0.04033586 0.02500056 -0.05378937
v -0.19001725 0.35184801 -0.18581299
v 0.09395619 0.03152581 0.04288675
v 0.10394780 0.03225054 0.03449291
v 0.04951975 0.02281513 -0.18367200
v -0.20031169 0.37724531 0.08704069
v -0.08460805 0.00297049 0.18624867
v -0.13931850 -0.03738100 -0.18926451
v -0.15514900 -0.17968300 0.20067801
v -0.02833580 0.02583788 -0.07552094
v -0.03111556 0.02553441 -0.06931912
v 0.13339162 0.03464063 -0.03215500
v 0.20686187 0.03583175 -0.15156306
v -0.14641701 -0.00400500 0.02746300
v 0.14464810 0.02533497 0.17974228
v -0.00008012 -0.00568211 -0.20042148
v 0.24254918 -0.01888978 0.08879659
v -0.14712854 -0.03970678 0.13816276
v 0.06526721 0.02843194 0.12539108
v -0.18238474 0.34860986 0.17641900
v -0.15983705 0.22469033 0.09193040
v -0.19205347 0.35204178 0.04174309
v 0.12597613 0.03266669 0.06120300
v 0.08629259 -0.17280631 0.21301316
v -0.17973518 0.32685968 0.05594681
v -0.13359612 0.25514612 0.20990312
v -0.15372244 -0.03724888 -0.06512931
v -0.07779950 0.06471100 -0.20117649
v 0.08890583 0.03234939 -0.01413278
v -0.02094716 0.02196742 -0.17435940
v 0.13965937 -0.24896325 -0.20053600
v 0.01058179 0.02668675 0.06301422
v -0.09935535 0.00897994 0.17964737
v 0.07039241 0.02880144 0.11494475
v -0.19376260 0.36486524 -0.08007066
v -0.21789075 -0.38006726 -0.22416088
v -0.14659452 -0.00347316 0.01848987
v 0.09414840 0.03197575 -0.06529728
v -0.17912528 0.34016377 -0.12630372
v -0.19545574 0.33595976 -0.14740112
v 0.09592774 0.03179772 -0.08005188
v -0.02689699 0.02553330 0.09719747
v 0.10367589 0.03227448 -0.07035313
v 0.12473013 0.03339615 -0.11336066
v -0.09629575 0.01950220 -0.13261524
v -0.12742837 -0.12053781 0.22032294
v 0.19750425 0.03823975 -0.07097007
v -0.19787151 0.37151039 0.08139150
v -0.15254134 0.23664822 0.00796244
v -0.15311714 0.28848016 0.14992127
v 0.17633878 0.03811297 -0.00769475
v -0.19235456 0.37008068 0.12540069
v -0.15780775 0.30627114 0.16847931
v 0.10883616 0.03299150 -0.04398456
v -0.09929858 0.01485203 -0.17437144
v 0.11396639 0.03342300 0.00647250
v -0.11986092 0.01430548 0.14555170
v -0.18314084 0.35232541 0.13961996
v 0.13582988 0.03321069 0.07117325
v 0.03118037 0.01787544 0.17866862
v -0.13618928 0.27045873 -0.19778937
v -0.12578809 0.01361912 0.13684231
v 0.16986956 0.03675565 0.01685934
v 0.12264650 -0.02462425 0.19262674
v -0.21502750 -0.37028599 -0.21301550
v -0.17654619 -0.29032105 -0.20736969
v 0.18947557 0.03599053 -0.16432853
v 0.11902537 0.03337631 -0.05486931
v -0.04577125 0.02451059 0.08862103
v 0.04671381 0.02908034 -0.15145540
v -0.05605739 0.00604028 -0.19051492
v -0.15234999 0.22506700 -0.12336400
v 0.10561122 0.03079753 -0.17210253
v -0.15253569 0.23356269 0.02515794
v -0.03113517 0.02542317 -0.04433728
v 0.20768382 0.03611040 0.10491215
v 0.12461041 0.03293516 0.04656194
v -0.09376086 0.02048661 -0.11259168
v -0.21437401 -0.36956251 -0.22277451
v -0.10252865 0.01963922 -0.10347907
v 0.09285053 0.03027370 0.08910854
v -0.16131356 -0.23546657 -0.07224200
v -0.07440350 0.10681300 -0.21773350
v -0.11238515 0.01914725 -0.04430113
v 0.07527025 0.02891944 0.13352381
v 0.00016564 0.02627952 0.09461933
v 0.24181612 -0.01691294 -0.14043544
v -0.14292334 0.22933479 0.10622253
v 0.21275462 0.03509684 0.10572978
v -0.05192219 0.01185297 -0.18900193
v -0.09695658 0.02049366 -0.09349401
v -0.14746919 -0.03880400 0.02764319
v 0.12595075 0.03308789 -0.09777575
v 0.19326910 0.03721928 0.05884864
v -0.15702578 0.26936245 -0.05752628
v -0.14605266 0.00332925 -0.02029681
v -0.08149865 0.02212655 0.07381858
v 0.16156043 0.03632313 0.00789113
v 0.13708115 0.03288389 0.10477374
v -0.20588206 0.38712257 -0.10998150
v 0.02461587 0.02600541 0.14184245
v -0.07650605 0.02344211 -0.02779862
v 0.11111406 0.03196900 0.06310768
v -0.09253970 0.01521386 0.16166495
v -0.14462388 0.00457956 -0.05538200
v 0.10045356 0.02506937 -0.18545444
v 0.19969174 0.01917050 -0.19107001
v 0.01026000 0.02723109 -0.15539828
v -0.15607876 -0.23034312 -0.20897487
v -0.19096078 0.34875056 0.00594759
v -0.15982272 -0.23448375 -0.19656341
v -0.00618894 0.02667109 -0.00667041
v 0.10612240 0.03135153 0.07864206
v 0.24482213 -0.01434219 -0.09179769
v -0.16346200 0.22573499 0.05651150
v -0.05955794 0.02409205 -0.05207639
v 0.15643112 0.01709344 0.18783575
v 0.24020900 -0.01870000 0.00948175
v -0.16467012 0.30424967 0.11862618
v -0.14694056 0.22362287 0.15793143
v -0.03269020 0.02587430 -0.09672389
v 0.24260800 0.01783300 -0.13371301
v -0.02503181 0.00680569 0.18540093
v -0.11172494 -0.03535997 0.19931793
v -0.09265092 0.02153969 0.04342970
v 0.23021050 -0.00298600 -0.17236586
v -0.08657253 0.01997375 -0.14894013
v -0.14955260 0.23972622 0.06726459
v 0.22254463 -0.00993950 -0.18121675
v -0.09554116 0.01744641 0.14854103
v 0.20872618 0.03644059 0.09161625
v 0.14930300 -0.24221450 0.20558800
v 0.00166925 0.02715237 -0.00144850
v 0.14948806 0.03566275 0.00488897
v 0.06826472 0.02954519 0.06064606
v -0.07054982 0.02344784 -0.04830456
v -0.13498831 0.00567791 0.16556928
v -0.13854292 0.25411656 -0.14400060
v -0.16212147 0.31482071 -0.16157821
v -0.02493983 0.02591524 -0.10005992
v -0.14955200 -0.04526800 0.03626200
v -0.11953525 -0.00234375 -0.19216900
v 0.14228575 0.03480026 -0.15749948
v 0.19194700 0.01605000 -0.19702099
v 0.19829550 0.03852656 0.00859766
v -0.15357634 0.27129856 -0.08881172
v 0.11111600 0.01300100 0.19353101
v 0.17511000 0.03694403 0.02953684
v 0.08169669 0.03208481 0.00369238
v 0.07943600 0.03231600 0.00762900
v 0.08004600 0.03309300 0.00747800
v 0.01557575 0.02812763 -0.01361728
v 0.06458428 0.03071488 -0.02988016
v 0.19901763 0.03825090 0.02518628
v 0.16739543 0.03608577 -0.08581548
v -0.02966453 0.02597316 -0.11122975
v 0.01928669 0.02568150 -0.17187363
v -0.10109837 -0.00896738 -0.20181450
v -0.12987688 0.01075527 0.14957622
v -0.12620032 0.01158344 -0.16052231
v -0.06492098 0.01908680 0.15555528
v -0.13025275 0.00551113 0.17386600
v -0.00972756 0.02671444 0.22227307
v -0.00437500 0.02671422 -0.02373637
v 0.00226050 -0.01226475 0.20043500
v 0.07381844 0.03084528 -0.04251244
v 0.07567050 0.01259000 -0.19134250
v -0.18748544 0.34136188 0.02547181
v -0.03039025 0.02625044 -0.12917994
v -0.14675863 -0.03977063 0.07146513
v 0.19955802 0.03503546 -0.16438635
v 0.04810937 0.01050925 -0.19235438
v 0.18957250 -0.31372276 0.20389099
v 0.11105710 0.03071825 0.14951544
v -0.16292199 -0.22228925 -0.01127550
v -0.19117093 0.35019374 -0.03097248
v -0.15246050 0.23819025 0.21778175
v -0.03965069 0.04929687 0.22152019
v -0.16446468 -0.22099638 0.19849463
v -0.16871187 0.32705683 -0.15808068
v 0.11241533 0.01896031 -0.19046134
v 0.05793236 0.02964580 -0.08001723
v -0.01800091 0.02679312 -0.12592170
v -0.08407414 0.01922092 0.14069599
v -0.08260643 0.15773569 -0.22175856
v 0.05817781 0.02852819 0.08859475
v -0.14406800 0.00656419 -0.01175944
v 0.11931597 0.02115159 -0.18986191
v -0.14469816 0.00344723 -0.07156422
v -0.02759650 0.03637800 0.22365113
v 0.16859713 -0.30140692 -0.22322594
v 0.00386133 0.02720911 -0.05594556
v -0.13084100 -0.14983501 -0.21291649
v 0.11866231 0.02770356 -0.18331100
v 0.05867175 0.01547622 -0.19004650
v 0.00705181 0.00677869 0.18562275
v -0.07703415 0.02293069 -0.06167813
v 0.22656432 0.02079225 0.15377468
v -0.17440222 0.33767635 -0.15471926
v 0.22201100 0.00245800 0.18004800
v 0.19223431 0.03273981 -0.17585285
v -0.14743863 0.25068149 -0.18042737
v 0.08357894 0.03119306 -0.12411918
v 0.16436513 0.02315263 0.18529294
v -0.14685500 -0.00388650 0.04612025
v -0.07331000 0.10679300 -0.21055900
v 0.16354394 0.03688062 -0.00146175
v 0.08239100 0.00557900 0.18155800
v -0.16567656 0.28540930 -0.00931100
v 0.06677469 0.03051875 0.02613359
v 0.19428237 0.03789987 -0.09124717
v -0.00855028 0.02646616 -0.08590762
v 0.18142356 0.03644244 0.05298369
v -0.14302710 0.00484269 -0.08674932
v 0.03118341 0.02870091 -0.01512600
v 0.05068363 0.01841300 -0.18932550
v -0.16210619 0.27946705 0.05015013
v 0.19164212 -0.34941763 -0.21194762
v 0.19752604 0.03715688 0.07803450
v -0.20504038 0.38040912 0.04888969
v 0.19150004 0.03738916 0.04800441
v -0.08486700 0.09985225 0.20744500
v 0.01748363 0.02831772 -0.02725231
v 0.14054869 -0.25479957 -0.12160738
v -0.12976238 -0.13723913 0.20408894
v 0.02602337 0.02207550 -0.18191044
v 0.14271328 -0.24343365 -0.13158216
v -0.21386081 0.36677757 0.09938264
v 0.18487269 0.02122306 -0.19008094
v 0.17204368 0.03448531 0.13916825
v -0.15841840 0.29005247 0.12049241
v 0.05604450 -0.02839450 0.19235100
v -0.07415736 0.02070745 -0.15767144
v -0.17104587 0.32875231 -0.14639610
v 0.05299250 0.02797369 0.11666600
v 0.06158923 0.02860995 0.10232027
v -0.19372712 0.35835513 0.17766963
v 0.00431647 0.02631056 0.11584184
v -0.13774700 0.01073594 -0.03025881
v -0.07779606 -0.03345788 0.19246894
v 0.08958306 0.02420181 -0.18626194
v 0.10331187 0.03253663 -0.03586600
v -0.15946962 0.29845205 0.13703394
v 0.13335943 0.03054103 -0.17907946
v 0.23997994 0.02116381 -0.00606644
v -0.10195594 -0.04035269 0.19792774
v -0.12873116 0.25095025 0.20176169
v -0.11914253 0.22760653 0.19789894
v 0.04818987 0.02741028 0.12849690
v -0.00686440 0.02691374 -0.14794557
v 0.14418408 -0.25183067 0.22333136
v -0.15019712 0.29308450 -0.17010288
v -0.13287662 0.25797725 0.20220293
v 0.16296919 0.03498131 0.07025313
v 0.02613002 0.02870220 -0.01599286
v -0.06543900 0.09494350 -0.20345750
v -0.18265700 -0.32258299 0.20058601
v -0.20884962 0.38754213 -0.04680956
v -0.17870718 0.34095401 0.13451900
v 0.15588175 0.02720700 -0.18930225
v -0.06138375 0.05623563 -0.22885463
v -0.21064900 0.39073136 -0.05586431
v 0.15822151 0.02938839 0.16928715
v 0.02082350 0.02804400 -0.11623400
v -0.01761317 0.02577027 0.08816709
v -0.01895128 0.02556753 0.06866106
v -0.16524437 0.28735003 0.03925156
v 0.01745013 -0.02949487 -0.20352162
v 0.21975225 -0.37115774 0.20070438
v -0.05797460 0.02377128 -0.13362482
v -0.20554550 0.37559250 -0.15631600
v 0.02368152 0.02833453 -0.02741389
v 0.07635334 0.02957291 0.08284278
v -0.06399400 0.08589987 -0.20701912
v -0.08073300 0.09774600 0.20238350
v 0.03414100 0.02587156 0.15228856
v 0.02487463 0.02836181 -0.13838500
v -0.10982750 -0.01502975 -0.22235949
v 0.02754556 0.02383781 0.16030154
v -0.14715756 0.00044612 0.07719962
v 0.14775489 0.03484620 -0.14481091
v -0.11812155 0.01851856 -0.01379372
v 0.15211657 -0.25265837 -0.18011594
v -0.11248188 -0.01744287 -0.20016825
v -0.19571410 0.37247780 -0.11107987
v -0.17700547 0.32190174 -0.06768262
v -0.16260123 0.30892631 0.14815441
v 0.22692169 0.03359319 -0.06952075
v -0.10758460 0.00165231 -0.19135578
v -0.18888290 0.34878191 -0.05942462
v -0.14452331 0.00696019 0.07063631
v 0.00691742 0.02752356 -0.02282002
v 0.22823663 0.01771688 0.16786337
v 0.20352344 0.03088081 -0.17500681
v 0.22107244 0.03484969 -0.11513027
v -0.16909565 0.29807481 -0.03850517
v -0.16957638 -0.23394126 -0.20677300
v 0.23343219 0.02564131 -0.12524231
v 0.08637694 0.01601031 0.18491171
v 0.07213075 0.01224262 0.18600163
v -0.04186550 0.02449244 0.06812106
v -0.17018658 0.30356380 -0.05662042
v -0.01952100 0.03619400 -0.22551800
v -0.08920281 0.02230988 -0.00406322
v 0.24295700 0.01846300 -0.13206100
v -0.01206650 0.03060338 -0.22519043
v -0.07963220 0.02328425 -0.00028025
v -0.16297759 0.28745210 0.07494991
v 0.23199394 0.02889369 0.08112550
v -0.07774400 0.09805450 0.22424637
v -0.16190541 0.28948894 0.09246906
v 0.11449236 0.03275909 -0.13967994
v 0.14955100 -0.25073817 0.18125719
v -0.14488250 0.00382762 0.13258162
v 0.01228375 0.00754550 -0.19041075
v 0.01143875 0.00653925 -0.18948326
v 0.01311850 0.00823325 -0.18909225
v 0.01712750 0.00712400 -0.18980449
v -0.14163856 0.00920400 0.05591762
v 0.01398950 0.00930350 -0.18984351
v 0.00551625 0.02152969 -0.18025163
v 0.01228303 0.02779816 0.00095241
v -0.06458997 0.02316091 0.09569743
v 0.20514454 0.01749736 0.18314557
v 0.19356456 0.03858891 0.01773800
v 0.02707441 0.02819225 -0.11255328
v 0.11434082 0.02828839 0.16528711
v -0.05327912 0.04133581 -0.22940144
v 0.16116562 0.03446187 -0.17054138
v 0.09869836 0.01782118 -0.18985975
v -0.15731850 -0.23128550 -0.04563250
v -0.17474468 0.33028138 0.12781231
v 0.10849947 0.02587125 -0.18454123
v -0.08455947 0.01771369 0.15234748
v -0.16033775 0.22604950 -0.06346400
v -0.09548938 -0.01638488 -0.20604600
v -0.13772231 0.01138831 0.04113481
v -0.00933056 0.02018012 0.22727159
v -0.16734050 0.24647750 -0.04524150
v -0.10744199 0.02013768 0.02572794
v -0.08681447 0.05979519 0.22559348
v -0.14713162 0.00328869 0.02734062
v -0.09785856 -0.02310594 0.20003100
v -0.13954353 0.00204047 -0.17038199
v 0.22367500 0.01485200 0.17778800
v -0.00826662 0.02703302 -0.12272936
v 0.21623440 0.03666956 -0.05044497
v 0.10034523 0.03152163 -0.09655947
v -0.15732594 0.28803599 0.21065401
v 0.17466153 0.03512894 0.09863166
v 0.20957172 0.03799751 -0.04826014
v 0.21398363 0.03738837 -0.03953087
v -0.00757550 0.02665191 -0.09968319
v -0.00772722 0.02680125 -0.10730038
v -0.14971872 0.26443857 -0.09919509
v 0.05305900 0.01049175 -0.18947776
v -0.14304627 0.28059554 0.19728866
v 0.17826700 0.01383700 0.19780800
v -0.12416800 0.23787859 0.18723306
v -0.16031784 0.26999599 0.00897400
v 0.07507309 0.03027934 -0.16449031
v -0.12366534 0.01698594 0.02942941
v -0.18527262 0.35525081 0.16950884
v 0.21378635 0.03031112 0.15447444
v 0.02965925 0.02730622 0.09132273
v 0.12627113 0.03352647 -0.13615000
v -0.04401609 0.02462975 0.03601797
v -0.12819625 0.01579850 0.02112606
v 0.21787500 -0.37457949 -0.22587401
v 0.19934341 0.03874684 -0.01711119
v -0.05046369 0.02480456 0.02291272
v -0.12155200 -0.00450800 0.18533400
v -0.19057518 0.32653069 0.14607100
v 0.02113381 0.02383281 0.15862826
v -0.17247219 0.32828575 0.19517601
v -0.18020968 0.32489750 0.03381494
v -0.17602800 -0.30230999 0.20176101
v 0.15676087 0.03582053 -0.05207116
v 0.18696281 0.01945506 -0.18909600
v 0.01166738 -0.02157787 0.19979687
v 0.01510538 0.02498331 0.14986894
v 0.02690419 0.02837931 -0.04242577
v -0.14449687 0.28316581 0.18911113
v -0.17664471 0.33092576 -0.11041772
v 0.02524817 0.02772412 -0.05088305
v -0.11534775 -0.04264925 -0.19497050
v -0.07636600 0.10516100 -0.20450801
v 0.07986912 0.02972906 0.09305543
v -0.14005645 0.27558196 -0.18333974
v -0.05012400 0.08950000 -0.20380101
v -0.20121591 0.38043708 0.09899025
v 0.22252551 0.01619400 -0.17941000
v 0.23271701 0.01798700 -0.16630051
v 0.01929600 -0.05655400 0.20941500
v -0.19612224 0.37151968 0.10126837
v -0.07016809 0.02241314 -0.13829768
v -0.19413084 0.36564648 0.08862963
v 0.18745275 0.02723419 -0.18695182
v -0.04096366 0.02524642 -0.01357702
v -0.20444825 -0.37248749 -0.20677675
v 0.04257950 0.00960850 -0.18959013
v 0.12516387 0.03362313 -0.06139594
v -0.13490006 -0.08646663 0.21635762
v -0.12065250 -0.00672250 0.19854850
v -0.14056174 -0.00448175 0.18827374
v -0.12249000 -0.00250225 0.19344600
v -0.08972113 0.01806916 -0.16451301
v 0.03518791 0.02880375 -0.04774697
v -0.14283270 0.23367250 0.22530621
v 0.10599118 0.03330062 0.00921281
v -0.16009276 0.30702960 0.15692884
v -0.20557652 0.38545701 -0.06374056
v -0.14700632 0.00189131 0.06233172
v 0.14650650 -0.24301600 -0.13621050
v -0.15896000 -0.22312000 -0.20248701
v 0.12090847 0.03206166 0.08977981
v 0.04483906 0.02883550 -0.08664034
v -0.07132700 0.09697600 -0.22360501
v -0.15258700 -0.04481900 0.05118000
v -0.14753075 -0.00447050 -0.03774050
v -0.15893544 0.29272383 -0.11593863
v -0.04493100 0.04894213 0.22897613
v -0.15097144 -0.00465400 -0.03347788
v -0.14100187 0.26409191 -0.15170024
v -0.15294100 -0.00571800 -0.07728200
v -0.14110881 0.26566982 -0.21235937
v -0.14010787 0.27839938 -0.20229550
v -0.15267800 -0.04415300 -0.13350500
v 0.00384778 0.02628420 0.06374919
v -0.15071000 -0.00411550 0.06482400
v 0.13731641 -0.24260512 -0.20416038
v -0.16130832 -0.25839463 -0.21458399
v 0.05267688 0.01379069 0.18438962
v 0.04465625 -0.07569350 -0.20327562
v -0.09592025 0.18515250 -0.21806838
v -0.14470662 -0.00180641 -0.09529997
v 0.00237100 -0.00029500 0.17804000
v 0.08089881 0.01670425 -0.19019569
v 0.22600847 0.03459163 -0.01185681
v 0.15162106 -0.25274536 -0.12754111
v -0.13673519 0.00669537 -0.15515572
v -0.02858125 0.02867112 -0.21591562
v 0.17990631 -0.33224458 0.20760544
v -0.03153331 0.02566509 -0.05810497
v 0.12359172 0.03171594 0.14742397
v 0.23822525 -0.01385656 -0.04245688
v 0.18781340 0.03761819 -0.08059853
v -0.13456203 0.22747469 0.14209069
v 0.09669191 0.03302992 -0.00570992
v 0.05464030 0.02960898 -0.11753169
v -0.13990031 0.27191675 -0.17602409
v -0.07949222 0.02318900 -0.01708311
v 0.13723350 -0.24784499 0.07280150
v -0.15106772 0.28910750 0.16379972
v 0.23828587 -0.01227550 -0.06180406
v -0.17731339 -0.27743953 0.19915158
v -0.06942275 0.05010900 0.22900350
v -0.16721991 0.30533847 0.10170928
v 0.20706333 0.01887825 0.17654134
v -0.17923298 0.33712390 -0.11429489
v -0.08547453 0.06289694 -0.22311519
v -0.22283472 0.39025819 0.11440937
v -0.17345887 0.30979729 -0.04614669
v -0.00240053 0.02567381 0.12798011
v 0.19956750 0.01609450 -0.19395950
v -0.04733038 0.01251231 0.17968000
v -0.03604750 0.02375569 -0.16073249
v -0.02677400 0.03838144 0.23055562
v 0.21828800 0.01767300 -0.18257450
v -0.15012474 -0.04534525 0.11103925
v -0.01932669 0.02619684 -0.08736420
v -0.17228019 0.30396962 0.19691907
v 0.20540108 0.03853359 -0.04329897
v -0.12281803 0.01609584 -0.07870619
v -0.18246533 0.34504285 -0.11682202
v 0.18454137 0.03782814 -0.04479980
v 0.22036751 -0.01546988 -0.18331288
v -0.06837456 0.09678744 0.20785694
v -0.16063863 -0.20631588 0.20032850
v -0.12565625 -0.06004037 -0.22088912
v -0.10565145 0.01997718 0.04575402
v -0.00152628 0.02589200 -0.16242440
v -0.01829583 0.02620703 -0.10241415
v 0.01213162 0.00099888 0.19887638
v -0.18154661 0.32591596 -0.00343758
v -0.15464169 0.29966873 0.16953181
v -0.13573538 0.26356119 0.19530521
v -0.01044600 0.01561850 -0.22494800
v 0.07454650 -0.14448924 0.20405212
v -0.18728875 0.34233305 -0.03926025
v -0.19663371 0.37615746 0.11483278
v -0.14752375 -0.00010575 0.11200875
v 0.22521900 0.01599072 -0.04925384
v -0.10954475 0.01747938 0.12623186
v 0.21912000 0.01411800 0.18157700
v -0.14718799 -0.00388050 0.09744597
v 0.21178649 -0.35210103 -0.20531362
v -0.14682266 -0.00031025 0.09872806
v -0.06254864 0.02440623 -0.00310787
v 0.18166400 0.03602194 0.06643294
v -0.15355425 0.24757938 0.00691087
v 0.18753882 0.02967237 0.16964707
v -0.16007003 0.25943723 -0.22336181
v -0.10620275 -0.01465000 0.22229500
v 0.16302095 0.03528051 0.05411461
v 0.22944300 -0.01757389 0.16167089
v -0.24443400 0.38076901 0.04024600
v 0.20539671 0.03218131 0.15497747
v -0.06591378 0.01198650 0.17821044
v -0.14394538 -0.00583375 -0.12671362
v -0.18529975 0.34492821 -0.08167712
v -0.12513100 -0.00657675 0.19701900
v 0.13825387 -0.25126505 -0.06335081
v -0.13307463 0.01071263 -0.11966763
v -0.19733934 0.37369925 0.09414212
v -0.10265050 -0.01835459 -0.20012103
v 0.14325212 0.03404641 -0.09795919
v 0.15195650 -0.24749075 -0.20237374
v 0.22684409 0.01608600 0.03384887
v -0.20562716 0.38339740 -0.05195316
v -0.03531619 0.02518445 0.03817992
v -0.08978875 0.07833050 -0.21584325
v -0.18351100 -0.30872300 0.19878100
v 0.18616308 -0.01680411 -0.19228035
v -0.14642949 -0.04184900 0.18337651
v -0.09499231 0.17380781 -0.22450322
v 0.06926893 0.00790103 0.18690690
v -0.16101922 -0.23549774 -0.10060613
v 0.22506462 0.01459409 0.10684513
v 0.08225456 0.03152550 -0.02992514
v 0.20784301 0.01260050 0.16583399
v -0.20559449 0.36669874 0.16753025
v -0.02760100 0.05420100 0.22379600
v -0.20492731 0.38461739 0.08933619
v -0.09997600 0.01976516 0.09651227
v -0.15279900 -0.00830850 0.17255449
v -0.01010569 0.02464695 -0.16694680
v 0.02194588 0.02721069 0.05208910
v 0.11360864 0.02275901 0.18010673
v 0.01710278 0.02692234 0.06041941
v -0.01669375 0.01593437 -0.18749650
v 0.15821075 -0.02381388 0.19299713
v -0.17351182 0.30850133 0.03426628
v -0.13588651 -0.00916300 -0.07874700
v -0.15053138 0.28453740 -0.14856009
v 0.01707031 0.02601750 0.13562416
v -0.15736724 0.28357118 -0.09902950
v 0.01406244 -0.01735225 0.22273162
v -0.15524319 0.30642134 0.18913344
v -0.15938696 0.31306031 0.18455032
v -0.17916456 0.33237964 -0.09104563
v 0.11172113 0.01498013 0.18653156
v -0.18994319 0.36383927 0.16375896
v -0.18711101 0.32324800 0.18177500
v 0.17914413 -0.02400525 0.19637087
v -0.12442459 0.01617241 0.07503619
v 0.14629331 -0.24280894 0.16352437
v -0.19458228 0.37423417 0.14298975
v 0.09595557 -0.02138612 -0.20095450
v -0.16034004 0.27117848 -0.01529955
v -0.08871106 0.01488994 -0.17742673
v 0.15538931 0.03396050 0.08435187
v -0.14557178 -0.00459272 0.13718131
v -0.14751624 0.25508726 0.10660573
v 0.03334456 0.01059069 -0.18972000
v -0.14818159 0.28427327 -0.16103734
v -0.18510157 0.33599910 -0.03788620
v 0.15077500 -0.25304687 -0.05690794
v -0.03193630 0.02558475 -0.00910456
v -0.07876031 0.01233884 -0.18569450
v 0.03642913 0.02860831 -0.15373306
v -0.14164245 0.28114393 -0.19047889
v -0.04110909 0.02473659 0.07971933
v -0.15838291 0.26802421 0.04680406
v 0.02245725 0.00800100 -0.19505712
v -0.21163450 -0.36949649 -0.21111800
v -0.14167000 -0.00401100 0.17220050
v -0.07151143 0.02369355 -0.00095452
v 0.24251312 0.01661975 -0.02885550
v -0.11311705 0.01881541 0.05818224
v 0.08501425 0.02952781 0.13559447
v -0.19464400 -0.37018126 0.21681926
v -0.08363019 0.02147416 0.09250225
v 0.11212713 0.01526125 -0.19317050
v 0.09872644 0.03273659 -0.01701589
v -0.14097862 0.00232487 0.16272387
v 0.14810683 0.02115223 -0.19120899
v -0.19412024 0.36426651 -0.17089599
v 0.21430799 0.01537200 -0.10259500
v 0.17612375 -0.31823826 0.22093876
v 0.20168537 0.01591088 -0.17411213
v -0.16293925 0.31335226 0.20207649
v -0.08089175 0.05437338 -0.22330463
v -0.13131200 0.22179800 -0.19947501
v -0.12378956 0.01488988 -0.11325334
v -0.16922462 -0.23313525 -0.13100675
v 0.24202722 -0.00911547 0.14414787
v 0.20103525 0.01970400 0.18068650
v 0.23597750 -0.01505525 0.16402175
v -0.12094087 0.01172131 -0.17107375
v -0.17010149 -0.23074999 -0.12434950
v -0.08290841 0.02214728 0.06255393
v -0.03218967 0.02242342 -0.17051497
v 0.05750850 0.02810488 -0.17125390
v -0.14594901 -0.03925300 -0.13308300
v 0.15184419 0.03522288 -0.06175309
v -0.19482650 0.33759651 0.17193750
v -0.18260731 0.34206378 0.10539525
v -0.17883518 0.32890898 -0.07871884
v -0.17919669 0.32185218 -0.02505363
v -0.15372750 -0.03699575 -0.02752025
v -0.17502093 0.31119063 0.02461231
v -0.02881669 -0.02659156 0.19897382
v 0.03842866 0.01152728 -0.00494081
v -0.15739666 0.30622721 -0.16717331
v -0.22541974 0.39290226 -0.06591313
v 0.15967694 0.00454356 0.19925819
v 0.02684819 0.02793456 -0.07405550
v 0.23514159 0.02446131 -0.08137775
v -0.18033791 0.34828079 0.15150122
v 0.08645703 0.03117306 -0.07889832
v -0.18018481 0.34885734 0.16310728
v 0.04261912 0.00496787 0.00135281
v -0.08003762 0.11386794 0.21639290
v 0.22565800 0.01657675 -0.07052575
v 0.09586894 0.03211550 0.02562847
v 0.14860432 0.03442935 0.04632863
v -0.15838853 0.27055877 -0.04572195
v -0.13369368 0.01212284 0.10097434
v -0.06151800 0.05630750 0.23086400
v 0.20622119 -0.37988925 0.21269219
v -0.15364271 0.28169215 -0.12031329
v -0.17213205 0.33308977 0.16316685
v -0.20593224 0.33314794 0.17971988
v -0.11725850 -0.03988350 0.20257024
v -0.11924622 0.01598334 0.12374459
v 0.24117500 0.01837300 -0.14478549
v -0.16951750 -0.22605775 -0.13493624
v 0.15688343 0.03658956 -0.02349406
v 0.23412025 0.01784400 -0.16294526
v -0.03269700 0.04288400 0.23053800
v 0.05255713 0.00864175 0.19519937
v -0.17582318 0.32438657 -0.08952581
v -0.13765419 0.24911006 -0.22453506
v -0.21039763 -0.38008812 -0.20691262
v -0.08286066 0.02152028 -0.11745097
v -0.00622881 0.02503888 -0.22691612
v -0.19067100 -0.29224399 0.21608700
v -0.15742925 0.29851532 0.15021016
v -0.13405979 0.01255830 0.08186346
v -0.14681591 -0.03992992 0.09644651
v 0.03261369 0.02852519 -0.08765481
v -0.21328327 0.34100538 0.17400505
v -0.13899931 -0.03744381 0.18462400
v -0.04193050 0.03039750 0.23054551
v -0.06659900 0.11050700 0.22541501
v -0.19066831 0.36859632 0.14830384
v -0.15108165 0.24082038 0.05052419
v 0.22678162 -0.02085094 0.17219763
v -0.20849700 0.32941401 0.19066601
v 0.18974988 0.01178094 0.14712894
v 0.22277474 0.01471631 0.06862006
v 0.03599747 0.02662794 0.13824481
v -0.20023581 0.36852729 -0.01695684
v -0.17138837 0.32656658 -0.13708504
v 0.03902613 0.02874350 -0.10338566
v -0.04557725 0.02461241 0.10382614
v -0.17162304 0.33385295 0.17433469
v -0.13669240 -0.04221831 0.18472099
v 0.05470600 0.01057550 -0.18981275
v 0.22428411 0.01417204 0.12880179
v -0.17246613 -0.29066488 0.21739100
v -0.18197462 0.33054161 -0.04630775
v 0.04596525 -0.03003300 -0.19426325
v -0.17935625 0.32128999 0.01503878
v -0.17716521 0.31872344 0.04355991
v -0.18883109 -0.28834125 0.20329037
v 0.05420050 0.00996825 -0.18882325
v -0.05734662 0.02467816 -0.03491350
v -0.09994450 -0.01450400 0.22134812
v -0.13938108 0.27116725 0.20356667
v -0.16882844 0.31116068 0.20567775
v 0.22591077 0.01593448 -0.00821661
v -0.14679404 0.29261869 -0.19156376
v -0.17415400 0.32512024 0.11284962
v -0.11777319 0.01808334 0.03958053
v -0.10422762 0.16260500 0.22293788
v -0.15636925 0.27200180 -0.07024366
v -0.15988749 -0.23802599 0.20131950
v 0.17359947 0.03724391 0.00782841
v -0.20067163 0.37869951 0.14907113
v -0.15316229 0.24723531 -0.00413294
v 0.02412959 0.02801781 -0.12636587
v 0.23825727 -0.01347384 -0.01918019
v 0.06797575 0.01112350 -0.19272350
v 0.00805859 0.01204953 -0.18968481
v 0.22058500 0.01485400 0.01213000
v 0.02288225 0.00976875 -0.18842176
v 0.02416912 0.00914881 -0.18965000
v -0.06454887 0.02377869 0.04668797
v -0.21211550 0.34696901 0.18911649
v 0.03054900 0.00837850 -0.18968950
v -0.05576383 0.02409256 0.05918206
v 0.23837733 -0.01239653 -0.08379699
v 0.03354450 0.00761150 -0.18849300
v 0.22209981 0.01382803 0.14769022
v 0.12466978 0.03178415 -0.17409168
v -0.22072294 0.39360631 -0.00993337
v -0.02176806 0.01260056 0.21416663
v -0.22230200 0.37919500 0.15246800
v -0.15142606 0.25337753 -0.05508919
v -0.15553944 0.25568071 -0.00587566
v 0.01114644 0.00876600 -0.18986906
v 0.23705600 0.02208750 -0.09625150
v -0.22471038 0.39288124 0.07077675
v 0.11981275 -0.02413275 -0.19309437
v 0.07505600 0.03225100 0.00802200
v 0.07552100 0.03212000 0.00790400
v 0.07521300 0.03244500 0.00797500
v 0.21715949 0.02144600 -0.17538799
v 0.01329200 0.01074750 -0.18870351
v 0.02284956 0.02856212 -0.00233681
v -0.04015569 0.02465450 0.04882025
v 0.01733369 0.01123831 -0.18974094
v 0.07522295 0.02774645 -0.17588821
v 0.00179078 0.02731537 -0.11807641
v 0.22464775 0.01658181 -0.11230144
v -0.16877550 -0.22497074 0.00029925
v 0.14636700 -0.25604901 0.20154200
v -0.10568750 -0.00153494 0.18689325
v -0.17954887 0.32990250 0.07590325
v -0.09792987 0.02030409 0.07841203
v -0.16930149 -0.23275498 -0.00229022
v 0.06267937 0.02999119 -0.11218891
v -0.09033438 0.00104675 0.20835263
v 0.15119225 -0.25260651 0.20284575
v -0.18397450 -0.33702251 0.20363300
v 0.21369691 0.03700475 -0.06148269
v -0.06750100 -0.02829650 0.19904700
v -0.16446400 -0.22209600 0.12091600
v 0.18971175 0.03854642 -0.03425136
v 0.22914518 0.03218244 -0.09056269
v -0.22372524 0.35380825 0.16335750
v -0.15557653 0.25540835 0.00455638
v 0.00650200 -0.03351525 0.19769000
v -0.13142063 0.00686850 -0.17343526
v -0.14333163 -0.00360263 -0.15988487
v 0.21972001 -0.39139301 0.19965801
v -0.14095087 0.27323726 0.18227059
v -0.00899719 0.00603644 -0.19084887
v -0.15677200 -0.22867800 -0.12876000
v -0.05401100 0.08174200 0.20378301
v -0.14532432 -0.00367219 -0.03878456
v -0.15321700 -0.03589200 -0.13672251
v 0.03985113 0.02736150 0.10471418
v 0.24385899 -0.01518100 0.13921601
v 0.13617294 0.03343522 0.05904062
v -0.14450607 0.28739655 -0.19970168
v -0.16266181 0.28688782 -0.06539656
v 0.02200350 0.00760800 -0.18963900
v -0.13839237 -0.13589437 0.20018694
v -0.14787351 -0.04419150 0.16474751
v 0.08622381 -0.01681956 -0.20025775
v -0.07448571 0.02223997 0.09599138
v -0.14479443 -0.00506569 -0.05673925
v -0.15487081 -0.18857799 -0.22665206
v 0.23784529 -0.01310741 0.08000188
v -0.15450332 0.25365591 0.03739470
v 0.07388531 0.03130575 -0.01473356
v 0.21755800 0.03683606 -0.02351203
v -0.23373312 0.36882737 0.13617462
v 0.06739644 0.02912088 0.08050200
v -0.15335591 0.25557983 -0.04209841
v -0.18275750 0.33024392 -0.02846456
v -0.18988444 0.31335774 -0.19428788
v 0.07993550 0.03274400 -0.00338350
v 0.08034275 0.03234925 -0.00181550
v 0.07977400 0.03208700 0.00041800
v -0.15395066 0.25160328 -0.01441531
v -0.14976537 0.29613787 -0.20240769
v -0.13609900 -0.00903600 0.10809600
v 0.15397735 0.03436258 0.06699636
v 0.06435184 0.03008869 -0.15827593
v -0.17006318 0.32098368 -0.12627862
v -0.15859215 0.26480666 -0.00289942
v -0.17592505 0.33915779 0.15500084
v 0.23790357 -0.01554100 0.13748118
v -0.14868499 -0.00444750 0.17091750
v -0.17070800 -0.23042500 -0.06837500
v -0.05633537 0.01840156 0.16168875
v -0.14525925 0.26514575 0.13967344
v 0.23644200 0.02192400 -0.07419200
v 0.12950544 0.03231316 0.09677500
v -0.15823653 0.26992315 0.06014672
v 0.03621000 0.00895400 -0.18908501
v 0.14580455 0.03375436 0.06488337
v -0.15477300 0.28152901 0.21920051
v -0.15181850 -0.04358750 -0.16898701
v -0.13588117 0.23791790 0.13769253
v 0.22580542 0.01661005 -0.09164348
v 0.21113124 0.01820050 0.18372551
v 0.03700200 0.00904700 -0.18886299
v 0.15035200 -0.24558900 -0.04645200
v -0.18479726 0.35796013 0.14755388
v -0.18525946 0.34031805 -0.05674503
v 0.23626275 0.02236212 -0.12973337
v -0.12092791 -0.04034644 -0.19925509
v -0.13718051 -0.00906500 0.13494550
v -0.13903050 0.24353024 -0.20498131
v 0.20765750 -0.37912425 0.20506175
v -0.10252694 -0.00551866 -0.19933787
v -0.09159675 0.07504150 0.21747625
v 0.13619800 0.01178650 0.19704050
v 0.11372550 -0.18255700 -0.22380650
v 0.20850663 -0.37149587 -0.20528550
v -0.15464522 0.25661144 0.05367561
v -0.08514062 0.07309841 0.20145801
v 0.08901200 0.01252650 -0.19009624
v 0.23043078 0.01952981 0.15364756
v 0.16703087 0.03708887 -0.03070044
v -0.12073550 0.23149450 0.20895688
v -0.14627428 -0.00500975 -0.16104116
v -0.05927287 0.04582775 -0.22837612
v -0.19322050 0.36954674 0.11108538
v 0.23799115 -0.01379988 0.00198962
v -0.13570769 0.00747431 0.15628006
v 0.07687750 0.03281750 0.00194300
v 0.07830450 0.03259200 0.00133400
v 0.07787700 0.03314700 0.00182400
v -0.14673682 -0.03925962 -0.09243106
v -0.15399200 -0.03570500 -0.00954500
v 0.08382060 0.03201051 -0.01932677
v -0.20548300 0.35567001 0.13469601
v -0.09983550 0.18425076 0.22212800
v -0.10401900 -0.02224788 -0.22318874
v -0.13186519 0.26195437 -0.19900800
v -0.19660750 0.34072199 0.16000301
v -0.13500600 -0.13963850 0.20087451
v 0.18363447 0.03731825 0.02703222
v 0.06455693 0.02817809 0.14078119
v -0.14721960 0.24772841 -0.07505172
v -0.01828000 0.02242300 0.20243700
v -0.16837035 0.29286638 0.00898541
v -0.14304225 0.22075325 -0.16027725
v -0.20502615 -0.37884763 0.19654985
v -0.08941150 0.06166800 0.22227150
v 0.04908975 0.02851438 -0.16638450
v -0.14678638 0.23966557 0.08526912
v -0.15081725 -0.00650200 -0.16896825
v -0.16745847 0.31016335 -0.11288078
v -0.19122681 -0.33592984 0.19904871
v 0.15079622 -0.28077567 0.21788572
v -0.09551600 -0.02602900 -0.21108550
v -0.10470125 -0.03606250 -0.20369537
v -0.15664200 -0.22889550 0.11877750
v -0.07758306 0.06191700 0.22609241
v 0.18804838 -0.31388876 0.22048549
v -0.13839374 -0.00351925 -0.17984100
v -0.05242125 -0.02751475 0.19908200
v 0.10590150 -0.19234926 -0.22389349
v -0.15120918 0.23497732 -0.02832139
v -0.16627829 0.29317987 -0.05699334
v -0.16488121 0.28325760 -0.01879901
v -0.01426150 0.01753175 -0.22788513
v 0.00435519 -0.03019644 0.19203962
v -0.15230985 0.25489849 0.07161053
v -0.15228452 0.24436657 -0.01883381
v -0.16112903 0.32007200 -0.18632779
v 0.23487575 -0.01218800 -0.16689324
v 0.08959122 0.00993259 0.18531559
v -0.06848575 0.09285300 0.22277249
v -0.08336900 0.06305213 0.20185213
v -0.20071700 0.36231950 -0.17304374
v -0.05515625 0.07464700 -0.21291199
v -0.10016500 -0.00593350 0.14521199
v 0.01489566 0.02731437 0.02653337
v 0.05869284 0.01940047 0.17897810
v -0.15402526 -0.03606925 0.03492225
v -0.15166806 0.24638385 -0.03147016
v -0.08738375 0.07140775 0.22298850
v -0.15211615 0.23574726 -0.01159658
v -0.14653169 0.28750795 0.19857700
v 0.03166275 0.02698650 0.11647619
v -0.16678463 -0.22314213 -0.20162401
v -0.15245694 0.26940376 0.10587701
v 0.22183187 -0.37020829 -0.20416504
v -0.18302047 0.33040217 0.02227341
v -0.07960400 0.03975700 0.21650200
v -0.18251707 0.33505920 0.06852294
v -0.14498088 0.26334679 -0.12730575
v -0.15144674 0.26274726 0.09707325
v -0.15334632 -0.03724013 -0.07990048
v -0.14776422 0.27509663 -0.13930047
v -0.15433028 -0.03562466 0.15012175
v -0.15328212 0.25296113 -0.03177669
v 0.02106900 -0.03000600 -0.20074500
v -0.12870675 0.24969700 -0.20992869
v 0.23946132 0.02059419 0.08428937
v -0.08635922 -0.03021253 -0.19993974
v -0.03584338 0.00322912 0.19486637
v -0.17286056 0.31825459 -0.09599412
v -0.11907769 0.23276213 -0.19637263
v 0.13898562 -0.24656425 -0.08632675
v 0.18169323 0.03801684 -0.00018872
v -0.14832300 -0.00827700 -0.18089700
v -0.19338432 -0.37566912 -0.22074562
v 0.08633418 0.02582991 0.16599403
v -0.07731710 0.05237131 0.20723797
v -0.15166563 0.24799281 0.05799703
v 0.03775175 -0.02134575 -0.20057313
v 0.14474000 -0.24302900 -0.20089050
v -0.21631175 0.38102874 0.14610100
v -0.14870000 0.26168320 0.11235306
v 0.14973199 -0.24031200 -0.20691200
v -0.15301660 0.28585541 -0.13823619
v -0.14920259 0.23277202 -0.04988512
v -0.15923122 0.27040237 -0.03116694
v -0.14430162 0.27909032 -0.20970906
v -0.13950317 0.23788956 -0.11445300
v 0.01186213 -0.01103650 0.20019338
v -0.15802050 -0.22326593 0.19869919
v 0.13932900 -0.25457424 0.14320275
v -0.10864773 0.01836069 0.10899448
v 0.19185100 -0.34062475 -0.20524675
v -0.13197365 0.01384169 0.06578518
v -0.17350288 -0.22666788 -0.21202913
v -0.14710034 0.28824762 -0.17617591
v -0.16361162 0.30537894 -0.12353994
v -0.21030687 0.38991526 0.08436800
v 0.24456738 -0.00601875 0.00424313
v -0.14689031 -0.00044869 0.12924457
v 0.22125749 0.01648481 -0.14610307
v -0.15200081 0.27301031 -0.10720939
v -0.08194491 0.06904603 -0.22510806
v -0.18072550 -0.32814649 -0.22004563
v -0.15505400 -0.00949000 0.07053400
v -0.12320000 0.21621013 0.20491788
v 0.24450757 -0.01526300 0.04318931
v -0.08073806 0.03599963 0.20869981
v -0.16153750 0.29371002 -0.10171568
v -0.17177987 -0.26854563 0.22065587
v -0.19756275 -0.37456450 0.19882050
v 0.05092425 -0.07257450 -0.22282225
v -0.08895600 0.06738900 -0.22038600
v -0.08738363 0.06921212 -0.22234525
v -0.20801468 0.38497731 0.04489912
v -0.11029556 -0.01577169 0.19944687
v -0.16899422 0.29559016 -0.01753641
v -0.17235041 0.30498701 -0.02864523
v -0.07921350 -0.00527575 0.17958875
v -0.17030400 -0.22805400 -0.20303500
v -0.16507663 0.28773636 -0.03797244
v 0.13754125 -0.25121874 0.05662225
v 0.13872710 -0.25389224 0.09146772
v -0.14957850 0.25355282 0.08986634
v -0.15644403 0.26082990 -0.02345712
v -0.11161200 0.19384862 0.22540912
v -0.14703894 0.23093607 0.08690307
v 0.24397331 -0.00640281 0.11631387
v 0.20866475 -0.02220625 0.18725450
v -0.13264225 0.22251637 0.19886363
v -0.14963894 0.24852231 0.07809582
v -0.12816757 0.20271878 0.22312625
v 0.24132700 0.01689250 0.13532250
v -0.13114563 -0.00576469 -0.18318468
v -0.19402725 -0.37509274 -0.21333300
v 0.04227422 0.02927694 0.01034047
v -0.06929650 0.07385325 -0.20415400
v -0.15722226 0.27761912 0.20253113
v -0.17014299 -0.23241225 0.22020100
v -0.16047455 0.28794232 -0.08899222
v -0.15443437 -0.23096262 0.20485137
v -0.01813078 0.02576175 -0.22517732
v -0.16955350 -0.22579250 0.12393950
v 0.01039487 -0.01785700 -0.22449112
v -0.10037025 0.02475375 0.20313101
v 0.15380469 0.02267481 0.18555969
v -0.07246375 0.07180250 0.22070324
v -0.17029050 -0.22707300 0.05308950
v -0.18005306 0.33871475 0.11073256
v 0.00226300 0.01177400 -0.20643000
v -0.14926650 -0.04590500 -0.16897251
v -0.18383549 0.30211765 0.19817418
v -0.21267350 0.39098531 0.06846938
v -0.18713112 -0.30294064 -0.22829063
v -0.14652288 0.26051000 0.12318234
v 0.22434619 -0.01426678 -0.17228423
v -0.02063700 0.01642125 0.22076975
v -0.16926301 -0.22484200 -0.01414600
v -0.09558675 0.03317200 0.20238625
v -0.14822586 0.24422693 -0.05868774
v -0.19337100 -0.36610901 -0.22492975
v 0.02585300 -0.03442050 -0.20431399
v -0.15432371 0.29908392 -0.16398025
v -0.23432900 0.39390075 0.09144875
v 0.00552175 -0.03094350 -0.21464001
v 0.17907301 0.01828400 -0.19768500
v -0.22697075 0.39337313 0.09060725
v 0.19319575 -0.02142769 0.19034931
v -0.16934150 -0.23277050 -0.18082950
v -0.00951050 0.00069550 -0.20711400
v 0.13135219 -0.01292378 -0.19987565
v -0.13748875 0.21527743 0.22131281
v -0.16938768 -0.22740704 0.18187265
v -0.17009525 0.29259026 0.19375025
v 0.01551450 -0.05078375 0.21691537
v -0.11927050 -0.04287225 0.19470949
v -0.17665525 0.31505725 0.00973006
v -0.16664900 -0.21828200 -0.20708400
v -0.13945250 -0.03402450 0.19001050
v 0.03008400 -0.04051200 0.20426300
v 0.14293081 0.03479031 -0.06712719
v -0.03548612 0.04915275 -0.20577362
v 0.09247138 0.02084719 0.18070000
v -0.14421138 0.27544516 -0.16073261
v -0.17141162 -0.23176250 0.20015319
v -0.14601199 0.24668728 0.09966425
v -0.14944869 0.24230590 -0.04395375
v 0.24176525 -0.01430575 -0.15036300
v -0.16939200 -0.21274699 0.20577000
v -0.00861350 0.00073075 -0.22219899
v -0.20854124 -0.37090126 -0.22873776
v -0.15377200 -0.04349500 0.10529675
v -0.14506750 0.25776118 0.20422874
v -0.12500100 -0.03551900 -0.19775400
v -0.15254951 -0.00579400 -0.09115950
v -0.00002787 -0.02279462 -0.20076987
v -0.06936150 0.06727850 -0.22645400
v -0.20518887 -0.34574586 0.21483213
v -0.08974019 0.16579656 0.20663750
v 0.03511100 0.00879500 -0.18922199
v -0.03567375 0.00370550 -0.19456349
v -0.19192000 -0.29033899 0.21155401
v -0.17419769 0.32978490 -0.13002622
v 0.23887675 -0.00856050 -0.15828325
v -0.13572200 -0.00743300 -0.19469599
v -0.00872312 -0.00186800 0.20554744
v 0.15097700 -0.25627950 -0.20420600
v -0.17602994 0.31391418 -0.02779437
v 0.15141800 -0.24871600 -0.03157000
v -0.16843399 -0.22433600 0.06754650
v -0.13963397 0.24528444 -0.12135581
v 0.15758397 0.03417603 0.11135231
v -0.10424650 -0.00672850 -0.14705725
v 0.23546176 0.02181744 -0.05455178
v -0.01281550 0.01538700 0.22398750
v 0.14024100 -0.24298701 0.05996450
v -0.16437601 -0.22209500 0.17779650
v 0.03232474 0.01049692 -0.00456598
v -0.09709506 0.14866932 -0.22056131
v -0.13871750 0.22786534 0.12446375
v -0.05609050 -0.02803013 -0.20016424
v 0.00736212 -0.01829937 0.22366969
v 0.11996550 0.02968541 0.16174650
v -0.12337006 0.22981712 -0.17767856
v -0.18077762 0.28906351 -0.21587525
v 0.21103975 -0.37851411 -0.22185124
v -0.07835900 0.07444137 -0.20022568
v 0.15015650 -0.25471976 -0.08744875
v -0.14595556 0.25101894 -0.22668281
v -0.17835410 0.34241003 0.14610590
v -0.18907790 0.35497430 -0.08644562
v -0.15546975 0.29729575 -0.15219881
v -0.13367482 0.25023189 0.16952367
v -0.02646950 0.02245262 -0.22948900
v 0.19282569 -0.35084271 -0.21792491
v -0.15156201 -0.01020200 -0.17648900
v -0.14845350 -0.00599750 -0.17865050
v 0.20540775 -0.00984763 -0.19257575
v 0.09666640 -0.01249328 0.19935265
v 0.23583993 0.02391225 -0.10273038
v -0.11571850 0.21562526 -0.22172475
v -0.15681937 0.25836626 0.01222719
v -0.12661515 0.24959765 -0.18848041
v -0.17236300 0.30418381 0.01563184
v -0.03060280 0.03742259 -0.22142655
v -0.16508634 0.29961163 -0.09078008
v -0.12330600 -0.00550100 -0.19832601
v 0.10520300 0.02942869 0.15801315
v 0.19110119 0.01668438 0.18430115
v -0.16296363 0.31543782 0.16361062
v 0.24482200 -0.00755400 -0.09001800
v 0.08205350 0.02834762 0.15611462
v -0.08220236 0.14745538 -0.22543730
v -0.24425000 0.38467100 0.05498800
v 0.17284118 -0.28672391 -0.22444384
v -0.14700982 -0.03856781 -0.11524231
v -0.14882550 -0.00818100 0.18238150
v -0.12923928 0.24177645 -0.16419372
v -0.12940562 0.22885463 -0.15575665
v 0.22150771 0.01638168 -0.13082521
v 0.24516700 -0.01245750 -0.13199000
v -0.15909100 -0.22413450 -0.11723400
v -0.15585688 0.26300132 0.06186050
v 0.22671537 0.02187563 -0.16904150
v -0.13032900 0.22658806 -0.20463794
v -0.16693102 0.29971841 -0.07633130
v -0.17285374 0.31023452 -0.05891177
v -0.15131187 -0.00540288 -0.15191662
v -0.14624050 -0.00402075 0.02089475
v -0.01550575 0.02530900 -0.20332518
v -0.00201350 0.01424300 0.20483750
v -0.04294188 0.08408237 0.20531912
v 0.23185800 0.01454300 0.16641000
v 0.13925837 -0.25383526 -0.03412588
v -0.20348200 0.36194801 -0.17902200
v 0.14324400 -0.24188200 0.07314700
v -0.11139462 -0.08001687 -0.21126325
v -0.13561518 0.26590565 -0.18323137
v -0.14604300 0.23664738 -0.06844413
v -0.20217501 0.32025650 0.19959100
v -0.14361256 0.23567832 -0.08722294
v -0.18210882 -0.32874569 -0.21268100
v -0.14349724 0.25549036 -0.11809725
v -0.09757119 -0.01745337 0.19878513
v -0.10492431 -0.03006512 0.19910388
v -0.04574900 0.09773800 0.21333000
v 0.03102062 0.01114031 0.00077181
v -0.08575350 0.07008050 -0.22191550
v -0.06756938 0.06042506 0.22881825
v 0.00608375 -0.02633125 -0.20736749
v -0.14509299 -0.13388050 -0.20681925
v -0.13466327 0.24475038 -0.14579371
v -0.15676901 -0.23095600 0.10364900
v 0.00957675 0.00673300 -0.19187500
v 0.03113700 -0.03083800 -0.21111000
v -0.14348063 0.24460675 -0.09591638
v 0.20869000 -0.37670437 0.21958750
v -0.14008589 0.26712820 -0.16387074
v -0.15193050 -0.04532200 -0.01545000
v -0.16361199 -0.22206400 -0.00095600
v -0.06854397 0.05210822 -0.22995719
v -0.22827850 0.39415124 -0.09218750
v -0.21853438 0.39415526 0.07612975
v 0.16621150 0.03580238 -0.14170237
v -0.15802893 0.26419806 0.02415006
v -0.10557106 0.19930750 -0.22093663
v -0.15615863 0.22318037 -0.09175563
v 0.14157832 -0.25673899 -0.20664838
v 0.21444325 -0.37492651 0.22301225
v -0.18778574 0.36357650 0.14879937
v -0.05979644 0.00694206 0.18466562
v -0.23342974 0.38818824 0.12027675
v -0.18789500 0.32150999 -0.14376549
v -0.22154900 0.37162101 -0.16401251
v 0.03757575 0.01025344 -0.00202562
v -0.02011650 -0.00298200 -0.20020400
v -0.15877418 0.29646090 -0.12829991
v -0.12021600 0.21807125 -0.20627825
v 0.10620869 -0.01563244 -0.20012538
v 0.23974963 0.01856100 -0.14747275
v 0.22639225 -0.36792350 -0.21805425
v -0.15392150 -0.03630031 0.07041100
v 0.22773975 -0.36834201 -0.21090125
v 0.14557301 -0.24223500 0.06408950
v -0.09844600 -0.02069700 -0.22131801
v -0.15679049 -0.22949401 0.03379750
v -0.15198100 -0.03758550 -0.15015250
v 0.14970632 -0.25532550 -0.10668394
v 0.02291700 0.00240400 0.19957000
v -0.15410700 -0.03623400 0.05198400
v -0.12697600 0.23953325 -0.21457700
v 0.03566075 0.01149100 -0.00175000
v 0.24453750 -0.00599913 0.02650513
v 0.05754187 -0.02500375 -0.19371313
v -0.17280000 0.31123701 0.21397400
v -0.06987700 0.09706475 0.20312925
v -0.20241600 -0.32755199 -0.21472800
v -0.16003124 0.28181621 -0.07212725
v -0.16099350 -0.22237350 0.11108000
v -0.07072000 0.10759400 0.22364500
v -0.08606075 0.01524550 0.20969325
v -0.10900150 -0.03304200 -0.19957475
v -0.10165250 -0.00694962 -0.19907287
v 0.20569675 -0.01816725 0.19280975
v -0.14672266 -0.03914250 -0.04808034
v -0.15139875 -0.00585875 -0.09393450
v -0.12238286 0.22286433 -0.18290985
v -0.07530400 0.10491500 0.20595901
v 0.03455975 0.00934300 -0.00335425
v -0.20349900 0.32688701 0.20160100
v -0.11391088 -0.01974381 0.20058481
v -0.12173600 0.20165551 0.20409849
v -0.16358000 0.28447339 0.22408526
v 0.13937962 -0.25422525 0.19240938
v -0.16476800 0.28339499 -0.19585700
v -0.10849000 -0.00669600 0.14390300
v -0.08692100 0.07591900 -0.20445400
v -0.13309900 -0.14400300 -0.20651250
v -0.19129363 -0.30054799 -0.22581637
v -0.18171750 -0.30676675 -0.22779912
v -0.15837200 -0.23347150 -0.13844550
v -0.15738074 -0.23071000 -0.11362200
v 0.21956575 -0.37185001 0.22224700
v -0.16874938 -0.21605043 -0.22392294
v 0.00386475 0.02754125 -0.01188144
v 0.24353200 0.00670900 -0.10125900
v -0.08562325 0.13661100 -0.22420076
v -0.14686209 -0.03919741 -0.07359328
v 0.17961416 -0.30104429 -0.20410657
v 0.02279400 -0.03073100 0.19977801
v 0.22518513 -0.36812800 0.21358350
v -0.19942425 -0.38929075 0.19864425
v -0.15318444 0.23193097 0.00161162
v -0.12451550 -0.03910650 0.19832075
v -0.20894100 -0.36102799 0.21596700
v -0.07413000 0.07380700 0.20286125
v -0.04509903 -0.03223184 -0.19300260
v 0.18927351 -0.02093000 -0.19556300
v 0.13653144 -0.24898669 0.12736456
v 0.23635897 -0.01318438 -0.14727406
v 0.23817487 -0.01410200 -0.13154812
v -0.14816625 -0.00356425 0.12488225
v -0.14781626 0.22356050 -0.14657325
v -0.15777688 -0.22587700 -0.03905012
v -0.01398800 0.00250125 -0.19929226
v -0.11788388 0.23058738 -0.20666800
v 0.19049975 0.01617375 0.19276249
v 0.20724112 -0.01445025 -0.18590425
v -0.12716250 -0.13660812 -0.21409887
v 0.00914300 0.00741200 -0.18965600
v -0.14332554 0.25733158 -0.20497072
v -0.19112094 -0.32545063 0.19863975
v -0.10131650 -0.04553975 -0.21607338
v -0.12367256 -0.05059700 -0.20725544
v -0.23476200 0.39474800 0.08230800
v -0.17079388 -0.28754613 -0.22310850
v -0.24067375 0.37696776 0.07984575
v -0.16338900 -0.22217201 -0.12308200
v -0.16350760 -0.26890889 0.20825410
v 0.18481700 0.01449900 -0.14199400
v -0.15713900 -0.22593001 0.10440900
v -0.19606350 0.37273139 0.15622482
v -0.14721550 -0.03916150 0.00779475
v -0.04309887 0.04888213 -0.22840388
v 0.11208600 0.01144700 0.19756500
v -0.06066390 0.09263743 -0.20603210
v -0.09115175 -0.03002850 0.19900407
v -0.13776019 -0.16472587 -0.22285800
v 0.20912044 -0.01852887 -0.18567812
v -0.12197100 -0.00830900 0.17935200
v -0.23263375 0.39213675 -0.10991975
v 0.18905200 0.01475700 -0.15132000
v -0.15889700 -0.22403499 -0.12420700
v 0.22652125 0.01664950 -0.03281800
v -0.07850425 0.00005050 0.19279125
v 0.00391500 -0.02413500 0.22148100
v 0.19154112 0.01383525 -0.14572844
v -0.06816162 0.07323512 -0.21443912
v 0.03310150 -0.03970150 0.21741176
v -0.15693900 -0.23069499 -0.03020900
v -0.14210825 0.23078300 -0.10212250
v -0.16345550 -0.22234750 -0.13288300
v 0.23013650 -0.01747625 -0.17098962
v 0.00802650 -0.02812500 0.20383149
v -0.13134375 0.23522387 -0.20440644
v -0.17017150 -0.23099400 0.14712800
v -0.14539500 -0.00416600 0.01138800
v -0.14518499 -0.00413400 0.01138650
v -0.14539000 -0.00416200 0.01136900
v -0.14581700 -0.00438400 0.01158100
v 0.24068099 0.02198950 -0.13620600
v -0.19643100 -0.38951212 -0.21536100
v 0.24340238 0.00975950 -0.11240750
v 0.01585800 -0.02955550 0.20239100
v -0.00211925 -0.02055625 0.21002375
v -0.17236950 0.27410451 0.21964049
v 0.22728238 0.01601587 0.08083275
v 0.18574600 0.01614900 0.18834400
v -0.15357700 -0.04161100 0.17054600
v -0.05085012 0.06901800 0.20654057
v 0.02694450 -0.02720350 0.21014249
v 0.12431463 -0.21197270 -0.22554319
v -0.08094700 0.10009100 -0.21992999
v -0.20050825 0.34549874 0.19634375
v 0.14061774 -0.25563014 0.11091500
v -0.08485500 0.07053400 0.22256100
v 0.11612650 0.00435375 0.19905050
v 0.10982597 -0.18279840 0.22276637
v 0.00272200 0.01308100 0.20886000
v -0.18310475 0.28966737 0.20907962
v -0.19387574 -0.30404800 0.21539575
v -0.10654937 -0.03791238 0.20212963
v -0.21326324 0.35698563 0.00035906
v 0.00740488 -0.01228625 -0.20092425
v 0.22425775 -0.37169626 -0.22404012
v -0.08316475 0.07236150 -0.22309224
v 0.23789400 0.01512350 0.15395100
v 0.23694250 0.01521450 0.15709250
v 0.07990100 0.03221300 -0.00022400
v -0.10420350 0.15490825 0.21344912
v -0.08510800 0.07064400 0.22242901
v -0.19756381 -0.35496438 0.19810937
v -0.08749000 0.06962900 0.22288100
v -0.08625200 0.07069750 0.22347251
v -0.11504206 -0.08023225 -0.20570606
v 0.09429453 -0.16111611 -0.20325999
v -0.15439300 -0.03525800 0.11734550
v -0.16547100 -0.22232400 0.16541100
v -0.15121099 -0.03738400 0.17401500
v 0.22554000 0.01498950 0.05141625
v 0.23796819 -0.01742731 0.05333328
v 0.22282800 -0.36817750 0.20500951
v -0.14598100 -0.04319100 -0.18307200
v -0.09406462 0.00072263 0.22059438
v -0.01304600 0.00387000 0.18893000
v 0.23823312 -0.01268413 0.11234663
v 0.16507803 -0.26444829 -0.22059737
v -0.00473800 -0.02538269 -0.20094062
v 0.18623038 -0.29893419 -0.21048097
v -0.18667249 0.32518551 0.21041276
v -0.01015450 0.02525550 -0.20425449
v 0.02129125 -0.02230125 -0.20090075
v 0.23921962 -0.01093791 -0.10802972
v -0.07276500 -0.00279200 0.08853050
v 0.03344400 -0.05250300 -0.22522651
v 0.19003101 -0.01984200 0.19854601
v 0.23618551 -0.01835250 0.14698000
v -0.22929350 0.38181174 -0.14115350
v 0.17605300 0.01364900 -0.18052000
v 0.06793100 -0.13791250 0.21896850
v -0.21147025 0.35583350 -0.00729250
v -0.20166600 -0.38897726 -0.20803313
v 0.20361775 -0.00615775 0.19276525
v 0.20671050 -0.01661700 -0.19247501
v -0.14905550 -0.00456550 -0.00026150
v -0.08081800 -0.00430600 0.12293800
v 0.18625949 0.01219650 0.14160851
v 0.24244300 0.01482000 0.13268200
v -0.01944325 -0.00052025 0.19952650
v 0.03431125 -0.03679650 -0.21757400
v -0.15881687 -0.23401976 0.06432725
v -0.09821550 -0.02752622 0.20644724
v 0.24474600 -0.00806950 -0.06800750
v 0.02510050 -0.02142050 -0.21071351
v -0.13878749 0.23742650 -0.18923700
v -0.16934849 -0.22540000 -0.12046250
v 0.14043126 -0.02463431 0.19261506
v 0.09022225 -0.13537750 -0.21998887
v -0.17031950 -0.23038200 0.06643300
v -0.24133600 0.37888500 -0.08991600
v 0.17818099 0.01520100 -0.19939800
v 0.14883900 -0.24434075 -0.03608650
v -0.15428500 -0.01067100 -0.16509201
v 0.18042290 -0.33463934 0.21336515
v 0.18939288 -0.33548531 0.20133269
v 0.17260350 0.01200525 0.08778950
v -0.16993187 -0.21110944 -0.21848932
v -0.12335125 -0.04306887 -0.21628687
v 0.07268350 -0.13571306 -0.20490819
v -0.06845800 -0.00193600 -0.09568100
v 0.13845800 0.00927900 0.12875199
v 0.05431375 -0.10100000 0.20195475
v -0.12056625 -0.11351400 0.20933175
v -0.12367163 -0.12193550 0.21526618
v -0.12325925 -0.07898787 -0.20309712
v -0.16793525 -0.20723963 0.21550025
v -0.24313200 0.38668200 -0.07988800
v -0.21904700 0.34880099 -0.17754400
v -0.09043212 0.13249025 0.21821976
v -0.16134000 0.24266000 -0.08444900
v -0.08435834 0.13802287 0.20371078
v -0.12256925 -0.06994900 -0.22457474
v 0.03819900 0.00317400 -0.19991800
v 0.14071099 -0.21901068 -0.21514994
v 0.09774866 -0.16614491 0.20183174
v 0.11042100 -0.16828200 -0.21028975
v 0.24497101 -0.00903787 0.05973862
v -0.20002399 -0.36831999 0.21949500
v -0.18671197 -0.30365106 0.22040831
v -0.16289675 -0.26404926 0.21480325
v -0.13290375 -0.12448113 0.22208962
v -0.11740488 -0.03412850 0.22040425
v -0.13624825 -0.11991781 0.22211693
v -0.21727300 0.36598399 0.17329299
v 0.16131026 -0.01966900 0.20020574
v -0.03988000 0.08533700 0.21868774
v -0.14826088 0.25774375 0.22563438
v -0.10102269 0.17586507 -0.20434324
v -0.12561400 0.20647438 -0.20560463
v 0.03395800 -0.03892600 0.21114799
v 0.10258650 -0.16194899 0.21949500
v 0.08952363 -0.13588250 0.21632650
v -0.11822800 0.22219700 -0.21007600
v -0.05259800 -0.00077200 -0.11284100
v 0.13192144 0.00734925 0.19906919
v -0.16743231 0.27946338 -0.22468469
v -0.15745200 -0.23245250 0.14609100
v -0.05317700 -0.00324050 -0.18094499
v -0.19496424 -0.30378976 0.20654175
v -0.16877884 -0.23357619 0.04330515
v -0.07094975 0.09443037 -0.20016976
v -0.14776950 0.23069850 0.21035799
v -0.13635699 -0.09847000 0.20369799
v 0.19031562 0.00190803 0.19700859
v 0.12554500 0.01324319 0.19434281
v -0.15467800 -0.01107850 -0.08542125
v -0.21028750 0.36581299 0.17378350
v -0.15512687 -0.03686425 0.12948400
v 0.12661994 -0.00311475 0.19921306
v 0.05378825 -0.10676388 0.22237788
v -0.15618300 -0.01009600 0.11526050
v -0.22862700 0.37053400 0.15606999
v 0.18544750 -0.30013525 0.21106325
v -0.07745600 0.05380450 0.21923751
v 0.02938250 -0.04511150 0.22314049
v -0.06109200 0.08276000 0.21899000
v 0.13748500 0.01112100 0.11200800
v 0.14995062 -0.25347263 -0.00207300
v -0.06855375 0.06396175 0.22939950
v 0.24236500 0.01305600 0.13365400
v 0.15712599 0.01237700 0.09591000
v -0.23740850 0.38229325 0.12108625
v -0.23796099 0.39306000 0.08460200
v 0.02440900 -0.03719100 0.20271200
v 0.24319699 0.00765925 0.03199987
v 0.07058375 -0.01546100 0.19942576
v -0.14867163 0.26840749 -0.22398837
v -0.15683100 0.27701849 -0.22492750
v -0.09869175 0.19099875 -0.21463124
v -0.15432800 -0.00592600 0.12449500
v -0.24368399 0.38015500 0.05424200
v -0.20933300 0.34540799 -0.19372500
v -0.15514299 -0.00845700 0.16350900
v 0.18208100 0.01120500 0.18100700
v -0.15974100 -0.22299001 0.04327500
v -0.16953425 0.29627550 -0.22214650
v -0.13512351 -0.08473325 -0.21224700
v -0.16736600 0.27794775 0.20390575
v -0.24411599 0.38719451 0.04101050
v 0.00294997 -0.02741550 0.20040537
v 0.08157991 -0.02246181 -0.19341187
v -0.24383600 0.37771499 0.01739900
v -0.15674400 -0.23059700 0.04852400
v -0.18796299 0.33642799 0.19980849
v -0.16938116 -0.23287937 0.08140522
v 0.14943150 -0.25319663 0.05583750
v -0.13107800 -0.14990801 -0.21860901
v 0.20594731 -0.35654467 -0.20348087
v -0.15589200 -0.00898600 0.16663200
v -0.23272100 0.39420274 0.00946175
v -0.17032351 -0.22777300 -0.08249500
v -0.16989550 -0.22626750 0.10914400
v -0.16873412 -0.23407038 -0.08984572
v -0.01030388 -0.02926013 -0.19343750
v 0.08890712 -0.13479050 0.20932887
v 0.01178200 0.00697600 -0.19071250
v -0.15580037 -0.02860288 0.12184363
v 0.07483475 -0.02477350 0.19306512
v 0.22706500 0.01001400 -0.17485200
v -0.04960550 0.05039613 -0.23014875
v 0.24461150 -0.00489125 -0.10444875
v 0.07123400 -0.14521775 0.20823450
v -0.01815275 0.01061625 -0.21198174
v 0.14011100 -0.25447187 -0.07998984
v -0.17087594 -0.25532237 0.19945638
v 0.09048125 -0.02299475 0.20052725
v -0.04291600 0.07061700 0.20276500
v 0.19362301 -0.01051775 -0.19668663
v 0.17751426 -0.00175975 0.19906425
v 0.23237084 -0.00882553 0.16799404
v -0.13082907 0.23553750 -0.22477125
v 0.00082650 0.00090275 -0.22488025
v 0.18695600 -0.30461949 0.21653651
v 0.18142061 -0.31589082 -0.20389444
v 0.23097250 0.00334837 0.16933624
v -0.16351825 0.29696751 -0.21931174
v 0.21193400 0.01696400 -0.18815000
v 0.09146600 -0.14642750 0.20390350
v 0.14897941 -0.25316975 0.11816778
v -0.18495651 0.31715149 -0.21541950
v 0.13897850 -0.02405050 0.19960999
v -0.04950050 -0.01207250 -0.19965450
v 0.08386537 -0.01430425 0.19941412
v -0.16640501 0.28322601 -0.16366801
v -0.01899300 -0.00055200 -0.13808300
v 0.08278050 0.00621137 0.19852525
v -0.11960900 -0.00860400 -0.18124500
v -0.13470313 0.22772206 0.20385112
v -0.19844800 0.33582151 -0.20369425
v 0.00702900 0.00060050 -0.19940899
v 0.05637912 -0.11353725 -0.22083637
v 0.01488000 -0.00935500 0.20037800
v -0.03698900 0.03678688 0.23002875
v -0.17264199 0.30091700 -0.18162800
v -0.18440451 0.30560976 -0.21789774
v -0.15608899 -0.01011900 0.05467600
v 0.22509563 -0.00810662 0.17760725
v -0.10447444 0.18576725 -0.22551619
v -0.15112440 0.25471178 0.20405191
v -0.12816812 0.22181438 -0.22608025
v 0.10706775 -0.01337162 0.19939713
v -0.11281244 0.17684776 -0.22211926
v -0.07271550 -0.03232375 -0.20076349
v -0.13468800 -0.00985450 0.19484501
v 0.01962900 -0.01424600 -0.20089750
v -0.16659850 0.27327701 -0.20661350
v -0.18201275 0.29301000 -0.20588724
v -0.15088950 0.25817549 0.18687050
v -0.03775850 0.03000375 0.22925262
v -0.08624000 -0.00512500 0.19837500
v -0.08983250 -0.00036400 0.21475500
v 0.14899650 -0.25351050 0.09178212
v -0.08550650 0.05757200 0.22334300
v 0.01763600 -0.01391500 -0.22228201
v -0.15529850 -0.03599700 0.11558900
v 0.07903500 0.03274400 -0.00008400
v -0.20021862 -0.32733217 0.20365828
v 0.03183737 -0.02716000 0.19297825
v -0.18285725 -0.25800449 0.20798925
v -0.14277519 0.22969306 -0.22340643
v 0.24304999 0.00904200 0.04456500
v 0.21368775 -0.00898925 0.18732138
v 0.15172599 -0.25304982 -0.15666471
v -0.09456700 -0.01362600 0.21780901
v -0.19556800 -0.39139175 0.20738675
v -0.14353350 -0.03619250 0.18787400
v -0.16539100 0.23680000 0.03279500
v -0.15362699 -0.00566500 0.04905800
v 0.19272025 -0.31287575 0.21137650
v -0.01659700 -0.02996938 0.19267499
v 0.15433943 -0.01658037 -0.19362181
v -0.15279725 0.28273526 -0.21801075
v -0.15441374 -0.04219850 0.14587300
v -0.10657337 -0.03639331 0.19190213
v -0.15547353 0.27849045 -0.20459113
v -0.05817750 -0.00175350 0.11357700
v -0.16827901 0.24855401 0.06331000
v -0.08258800 -0.03505500 0.19973999
v 0.00532400 0.00216175 0.20520225
v -0.16822524 0.24314199 -0.00708225
v -0.12202375 0.21106625 -0.22635187
v 0.02934750 -0.03163150 0.21630450
v -0.15289626 0.24073675 -0.21703787
v -0.14231551 -0.14367101 -0.20472901
v 0.00965100 0.00586425 -0.21210074
v -0.14538901 0.24018376 -0.16759175
v -0.14410700 0.22270849 0.21507950
v -0.03967400 0.04798050 0.20716751
v -0.17837700 0.32410601 -0.20847200
v -0.08616650 0.09539700 -0.21224600
v 0.24456137 -0.00328700 -0.11304063
v -0.08752800 0.09891600 0.21463700
v -0.12503450 -0.03353475 0.19722350
v 0.24155974 -0.01282650 0.14997575
v -0.04195181 -0.03173744 0.19252463
v -0.15540101 -0.01035700 -0.16224401
v 0.17572699 -0.30882499 0.22264551
v -0.17543900 0.29859999 0.15932600
v 0.14979376 -0.25316986 0.02624694
v -0.20243463 -0.35613301 -0.22853950
v -0.17225300 0.27438501 -0.21240500
v 0.24430537 -0.00446100 0.04270769
v 0.12667599 0.00759200 0.17387700
v 0.09829650 0.00782750 -0.18010449
v -0.16677751 0.27700251 0.22444876
v 0.19477250 0.01336400 0.19619600
v 0.19974925 0.01322650 0.19355001
v -0.16422200 -0.22193350 0.06363150
v -0.07504663 0.05057412 -0.21430662
v 0.20969650 0.01083950 0.18960050
v -0.20782100 0.35934201 -0.12415800
v 0.14915071 -0.25254551 0.14955124
v 0.04308081 -0.07873513 -0.22493863
v -0.16792400 -0.23457791 0.01961225
v 0.24385899 -0.00717100 -0.13867299
v -0.11410800 -0.00746600 -0.08566800
v 0.17591000 0.01236800 0.19991000
v 0.17863600 0.01647450 0.19593750
v 0.02069250 -0.04327400 0.22368801
v 0.09168000 -0.00225400 -0.19960900
v 0.23815300 -0.01308200 0.02620600
v -0.15825675 -0.23305400 0.19406325
v -0.06815228 0.08283112 0.20603110
v -0.13903899 -0.00928000 -0.19137500
v 0.10203900 -0.00284100 -0.19961500
v -0.03601900 -0.02536950 -0.20014650
v -0.16065125 -0.23531125 -0.16172375
v -0.17807400 0.30577701 0.21970300
v -0.12036013 0.19292074 -0.22393812
v -0.15391850 -0.04322450 0.03658200
v -0.18097600 -0.33272299 0.21096000
v -0.15403600 -0.03876800 -0.11947000
v 0.24467300 -0.00686369 -0.12263288
v 0.14956482 -0.00461806 0.19919787
v 0.00016925 -0.01486900 -0.22176100
v -0.18370050 0.31713900 -0.18535700
v -0.21441101 0.36693901 -0.08663800
v -0.01542300 0.00191600 0.00050100
v 0.00579300 0.00094800 0.18188199
v -0.18817775 0.33183926 -0.20704475
v -0.19129901 0.32328701 0.21136200
v -0.13097700 -0.13923600 -0.20716150
v -0.01794500 0.01227350 -0.21950901
v -0.13596626 -0.13103551 -0.20405374
v -0.12916200 -0.00423550 -0.19256200
v -0.07950900 0.09580750 -0.20094851
v 0.11696300 0.00780400 0.19981401
v -0.23646963 0.37261689 0.11098319
v 0.04783400 0.00609900 -0.06618150
v 0.24441762 -0.00617313 0.06034087
v 0.00084750 0.00052400 -0.18036599
v -0.13852319 -0.00811012 0.16462597
v -0.14884150 -0.00420525 0.17464051
v -0.15472056 0.26254398 -0.20483494
v -0.23515700 0.37344939 -0.09293444
v -0.17734601 0.28954500 0.20275900
v -0.04679800 -0.00187700 -0.12233200
v -0.13015831 0.20976113 -0.22406968
v -0.19816799 -0.39078599 0.21655899
v -0.10007500 -0.00731300 -0.17341299
v 0.14953488 -0.25258395 0.07509606
v -0.16013750 -0.23517750 0.17256975
v 0.21757001 -0.39162099 0.22159250
v 0.05319325 -0.02022612 0.19960313
v -0.19594850 0.31252924 0.19800276
v 0.07525788 -0.00145075 0.19910875
v -0.16849415 -0.23419371 -0.15579981
v -0.14709701 -0.00455200 -0.00411600
v -0.18866774 -0.30554375 -0.20707725
v -0.13615425 -0.03440525 0.19363175
v -0.19850574 0.32432225 -0.18827425
v -0.21700463 0.36780617 0.04416334
v -0.23841050 0.37717500 0.12001750
v -0.13439050 -0.04218350 -0.19401650
v -0.23875287 0.37370238 -0.02909359
v -0.15339699 -0.00532800 0.10983500
v -0.24044099 0.38860649 0.09460350
v 0.04483100 -0.02070850 0.19961350
v 0.00288200 -0.02456550 -0.21919049
v -0.17897753 0.29980350 -0.19982697
v -0.22020631 0.37066099 -0.02817119
v -0.24031450 0.37418538 -0.00067412
v -0.23713949 0.37385651 -0.05796250
v 0.24461450 -0.00633150 -0.01684150
v 0.02799975 0.00416050 -0.00698825
v -0.20265950 0.32781199 -0.20200050
v -0.08038250 0.14152300 0.20386875
v -0.22911483 0.36533228 -0.13731694
v -0.24417050 0.37918150 -0.02460750
v 0.24432637 -0.00607556 0.07727613
v -0.08978512 0.02002800 0.20348801
v 0.02135300 -0.03443750 0.22352000
v -0.15565600 -0.01071100 -0.08489700
v -0.15749800 0.24228600 0.12284800
v -0.19870999 0.34132001 0.13308001
v -0.17881413 0.31678206 -0.19258225
v 0.06648200 0.00564275 -0.11620425
v -0.16751625 0.29646114 -0.20101912
v -0.18889800 0.30355951 -0.21337549
v -0.20983601 0.35412499 0.06534000
v 0.04538900 0.00478050 -0.07490400
v -0.17454199 0.27264401 -0.08683500
v 0.18928750 -0.01633250 -0.19840349
v -0.23697776 0.39343026 -0.08508425
v -0.21077131 0.34442294 -0.16830687
v 0.13494501 0.00987100 0.00382000
v -0.15501300 0.23858900 -0.11517500
v -0.07115800 0.06824550 -0.20670700
v -0.18820475 0.30796126 0.21551725
v -0.23395500 0.37020701 -0.12417700
v -0.24202199 0.39117199 -0.02912200
v -0.21648800 0.36636600 0.00369200
v -0.21007100 0.36152050 -0.13989200
v -0.20018119 0.34787500 -0.16323169
v -0.24200000 0.39094901 0.04648500
v -0.22909750 0.37248701 -0.15279050
v -0.20151812 0.33239299 -0.18040712
v -0.15608300 -0.02984300 0.15078400
v 0.04956900 0.00411700 0.08146100
v -0.21004750 0.35237700 0.00244900
v -0.23531175 0.37452900 -0.13319725
v -0.23794125 0.38601300 -0.11452275
v 0.12388200 0.01152400 -0.10625500
v -0.14126062 0.23696525 0.18471844
v -0.14615625 -0.00349000 0.01032175
v -0.03634500 -0.00148700 0.12084900
v -0.21486799 0.37062201 -0.16867700
v -0.18119006 -0.26591888 0.20181912
v -0.22042049 0.36359000 -0.17200050
v -0.20684800 0.35279301 0.10432300
v 0.22286825 -0.38951150 -0.22614776
v -0.18815000 0.29339799 0.01860800
v -0.22107944 0.35438895 0.15459619
v -0.07637200 -0.00372900 -0.08644600
v -0.21533000 0.36767799 0.07745300
v -0.07914750 -0.00425650 -0.11112200
v -0.17476200 0.30395499 0.18081550
v -0.20543100 0.35625699 -0.18755500
v -0.02654000 0.00004800 0.00018300
v 0.10285700 0.00957400 -0.00102200
v 0.15081599 0.01299600 -0.11184250
v -0.22431301 0.38295701 0.14288600
v 0.05014800 0.00589300 0.06155400
v -0.16240101 0.23921999 0.08176000
v -0.07768300 -0.00478300 0.00808800
f 1981 1800 75
f 263 589 377
f 85 77 90
f 65 1091 1490
f 52 935 1449
f 2468 1928 1948
f 41 43 437
f 1788 1957 594
f 149 847 151
f 199 103 838
f 1892 174 453
f 181 1266 527
f 2041 817 1973
f 32 203 101
f 209 215 1673
f 650 88 182
f 112 227 206
f 726 243 2038
f 250 503 241
f 1135 246 2261
f 170 1985 165
f 1951 259 916
f 251 267 266
f 242 524 538
f 851 312 1903
f 360 301 619
f 2450 731 1506
f 308 1103 310
f 581 1637 572
f 9 1800 39
f 323 306 372
f 405 80 577
f 403 256 431
f 2783 2659 1936
f 724 19 148
f 2086 454 1480
f 434 51 202
f 2647 2811 2798
f 264 287 442
f 449 458 477
f 319 622 1274
f 344 430 462
f 1159 799 973
f 350 2340 1383
f 513 22 163
f 512 1567 1565
f 1414 508 1648
f 1889 2720 2292
f 578 288 995
f 556 546 510
f 155 564 134
f 572 565 581
f 100 106 588
f 594 1957 1943
f 607 106 1381
f 606 611 602
f 615 1956 1866
f 467 1064 278
f 615 1866 2192
f 2192 616 615
f 632 343 618
f 23 17 308
f 1496 739 963
f 560 1206 653
f 408 476 1163
f 587 658 1899
f 740 49 540
f 670 166 41
f 675 1869 340
f 1443 835 195
f 221 637 720
f 703 722 706
f 1549 926 1242
f 1865 1607 1616
f 1553 2629 2256
f 1221 18 353
f 501 481 592
f 635 1589 2143
f 913 2143 923
f 472 416 643
f 736 728 745
f 760 9 758
f 769 760 758
f 1788 1918 1957
f 766 768 108
f 16 45 96
f 1322 548 786
f 411 783 781
f 128 731 864
f 612 500 482
f 720 835 221
f 133 784 773
f 176 688 234
f 121 818 1196
f 814 2456 940
f 191 811 817
f 191 814 811
f 940 2456 191
f 94 388 86
f 939 1247 848
f 771 652 1756
f 1219 847 845
f 214 142 1261
f 32 204 203
f 784 133 104
f 170 165 943
f 513 288 695
f 878 865 880
f 35 199 838
f 217 886 478
f 475 185 853
f 2757 2010 2066
f 2736 2757 2066
f 2121 891 2336
f 54 269 1424
f 712 19 724
f 1611 3 30
f 2516 2515 860
f 900 327 1049
f 918 246 1366
f 1175 1366 246
f 913 60 525
f 913 923 60
f 831 292 1434
f 317 305 930
f 799 978 1625
f 13 417 378
f 1723 222 670
f 961 977 2487
f 1128 2487 977
f 966 977 2780
f 966 967 977
f 967 2780 968
f 1259 553 233
f 1082 311 972
f 992 1104 984
f 997 820 127
f 2375 660 656
f 1568 877 1722
f 991 1484 717
f 690 241 503
f 348 455 1717
f 250 1049 1910
f 459 187 190
f 903 2510 2589
f 1060 664 640
f 423 355 1691
f 1041 126 951
f 1069 210 1068
f 543 1070 1282
f 1140 1526 1126
f 798 1086 1085
f 519 796 1089
f 1089 796 773
f 257 1268 285
f 165 1985 158
f 361 855 64
f 1423 1111 368
f 368 1111 198
f 1060 1120 738
f 1122 338 875
f 244 119 242
f 918 1150 1128
f 1151 2837 1150
f 918 2837 1151
f 1371 7 298
f 266 267 840
f 158 149 151
f 1157 892 478
f 1589 2291 313
f 274 621 1526
f 1437 1262 1440
f 1571 299 925
f 1152 645 284
f 1434 292 316
f 456 1590 483
f 923 1169 60
f 10 450 293
f 1959 2143 1589
f 2001 1246 1180
f 1049 327 1544
f 972 91 1787
f 91 33 657
f 2536 2559 1871
f 822 470 1229
f 246 46 1198
f 171 404 337
f 430 1526 621
f 1610 311 910
f 1041 1199 692
f 46 1150 1198
f 1969 2111 2402
f 901 375 949
f 871 275 297
f 1255 162 237
f 1470 415 144
f 364 1252 699
f 364 699 793
f 1265 1291 235
f 473 470 822
f 281 1273 2357
f 709 1293 1718
f 1277 1297 427
f 1409 1118 1982
f 1787 1165 1082
f 1914 181 527
f 761 914 520
f 1317 1282 1301
f 1095 554 1312
f 1311 534 1312
f 1312 534 1310
f 1311 1095 534
f 825 1316 843
f 825 630 1316
f 1316 630 514
f 1547 583 698
f 809 117 276
f 1427 375 901
f 103 2128 789
f 288 578 540
f 1266 446 527
f 448 887 702
f 1458 1270 1272
f 1 973 396
f 483 1193 1701
f 1329 826 869
f 608 849 843
f 1729 1679 1964
f 958 1835 839
f 274 1347 893
f 2763 1866 1562
f 544 1183 413
f 680 1356 1000
f 1978 2137 521
f 1373 449 477
f 199 1376 76
f 654 1378 517
f 1933 1347 906
f 565 542 801
f 2481 2392 2835
f 1590 1193 483
f 1714 1398 1524
f 81 1399 1625
f 2026 1393 1061
f 1315 1486 238
f 626 1886 642
f 118 1446 132
f 1396 523 1410
f 1195 926 906
f 659 1094 1387
f 1433 1313 1416
f 220 569 1825
f 1027 1421 1748
f 360 1627 301
f 1556 170 1558
f 687 794 1483
f 549 283 94
f 7 1144 432
f 1101 1364 524
f 970 21 92
f 2161 2112 1458
f 807 1437 1440
f 1281 1053 585
f 1461 936 1460
f 833 301 2303
f 981 1578 965
f 955 809 1031
f 2423 562 1459
f 1479 1476 2608
f 1517 615 1839
f 1477 1476 1478
f 180 188 897
f 1481 1479 1478
f 1456 312 851
f 704 1101 242
f 2009 2123 2116
f 1245 167 34
f 1121 704 242
f 322 543 552
f 291 1387 1094
f 1384 1313 1433
f 1267 1494 1491
f 105 1103 297
f 1033 1453 934
f 1092 469 981
f 1480 454 1498
f 1449 587 598
f 1023 1408 1118
f 862 327 638
f 554 206 1371
f 1342 1491 1494
f 1073 1327 152
f 2625 2565 2544
f 1083 1842 1518
f 303 356 1033
f 517 1378 1428
f 1512 1513 1508
f 1503 1175 1135
f 2255 1955 696
f 1362 1455 335
f 1864 858 1861
f 858 602 1861
f 239 270 1250
f 514 630 501
f 1432 263 714
f 1124 1503 1135
f 416 5 4
f 1519 2379 2719
f 128 66 435
f 331 410 359
f 410 331 688
f 1384 934 1453
f 2502 2833 2822
f 73 1382 1255
f 1098 2479 2463
f 762 832 1172
f 2765 70 2582
f 351 271 342
f 507 973 799
f 342 389 1117
f 1540 2481 285
f 934 1543 451
f 1546 451 1543
f 2670 1393 2026
f 90 77 1103
f 1558 975 1209
f 494 822 1563
f 517 1428 1104
f 77 310 1103
f 966 2780 296
f 1404 1280 1006
f 809 955 118
f 354 1569 1543
f 513 695 457
f 457 447 513
f 1477 2763 231
f 1010 1448 1006
f 133 773 796
f 469 1578 981
f 502 1214 2242
f 188 1343 897
f 464 887 448
f 118 117 809
f 879 1300 398
f 2520 2817 2800
f 594 225 436
f 297 106 105
f 835 1443 221
f 947 1120 937
f 354 35 108
f 494 1030 1204
f 1220 247 1957
f 472 643 1600
f 821 1563 1229
f 699 1252 652
f 823 830 1005
f 1297 846 427
f 70 369 1475
f 1 2 452
f 1263 427 846
f 233 962 225
f 1174 21 970
f 141 782 1337
f 1003 518 759
f 1162 1236 1605
f 22 323 163
f 823 104 830
f 422 391 510
f 2038 1461 1460
f 432 422 387
f 1868 1355 1494
f 511 406 425
f 650 1036 821
f 119 1509 1121
f 201 1080 1183
f 878 1608 865
f 1183 1080 1081
f 145 741 1172
f 707 1086 798
f 762 449 1373
f 203 204 431
f 198 377 368
f 1402 1599 642
f 1195 1180 1246
f 1585 2290 2176
f 152 1064 1073
f 1142 2159 1623
f 1173 758 650
f 90 105 100
f 1103 105 90
f 1431 1557 552
f 1237 887 399
f 618 343 601
f 933 1606 683
f 84 2099 1098
f 242 119 1121
f 574 1017 541
f 2502 2822 2767
f 1302 2291 1589
f 755 742 2240
f 227 707 428
f 25 270 239
f 1842 1648 268
f 1540 285 1268
f 463 319 1274
f 1558 170 943
f 122 819 779
f 290 227 428
f 607 980 751
f 452 1284 623
f 1148 1675 1147
f 946 586 752
f 2827 2823 2591
f 1062 183 141
f 412 1399 81
f 305 317 904
f 875 994 1164
f 186 192 1441
f 589 263 1432
f 381 1251 697
f 948 1068 946
f 35 354 1376
f 892 486 478
f 732 823 1005
f 2520 2800 2833
f 1081 1080 980
f 1133 792 541
f 1204 1199 473
f 799 1625 800
f 1713 574 1700
f 553 1295 884
f 856 1067 861
f 907 661 673
f 883 1529 221
f 553 898 1295
f 895 1280 1619
f 1742 107 492
f 760 769 1066
f 274 1397 1347
f 1013 522 590
f 1095 1311 554
f 1161 972 534
f 1312 972 1161
f 1738 8 1323
f 898 760 1066
f 45 1731 96
f 1152 1019 645
f 645 1019 1091
f 2435 213 1683
f 943 564 1558
f 1106 1075 1732
f 272 265 1563
f 1016 479 772
f 47 279 256
f 1744 1258 236
f 1306 1315 457
f 47 1032 516
f 169 1288 1568
f 1271 197 869
f 1620 58 1759
f 994 338 346
f 753 652 255
f 1756 652 753
f 1405 812 1355
f 752 588 952
f 1100 1110 1761
f 91 972 554
f 1763 1286 998
f 554 1371 33
f 298 33 1371
f 346 352 1165
f 1286 466 329
f 352 763 1165
f 786 620 1322
f 981 1779 661
f 771 1635 699
f 205 1246 2001
f 1241 1239 255
f 1195 492 926
f 412 1140 1126
f 1475 999 57
f 1536 1843 1753
f 1368 898 1259
f 1332 1174 970
f 353 243 1221
f 2233 1805 2579
f 104 1066 830
f 7 189 298
f 2816 2834 2519
f 916 721 548
f 208 1347 1933
f 659 1562 1094
f 529 514 592
f 592 1767 529
f 650 758 88
f 1480 1498 737
f 1569 438 1546
f 901 1462 1734
f 949 1462 901
f 1173 1011 1005
f 1199 1202 1782
f 955 1261 885
f 1562 659 1377
f 432 387 189
f 299 1571 1082
f 2808 2810 2748
f 1164 1787 964
f 1215 1403 475
f 1031 809 714
f 1012 522 1013
f 663 425 36
f 1666 441 225
f 1377 1831 1517
f 2375 1154 660
f 419 1372 1087
f 2370 1835 698
f 233 1309 1224
f 1356 1839 1377
f 572 865 330
f 453 459 639
f 707 112 1086
f 1414 1408 508
f 721 136 558
f 1850 2734 2133
f 1052 1827 965
f 1028 1263 846
f 955 885 1446
f 1009 1216 1722
f 505 1213 1652
f 475 515 1215
f 114 601 1981
f 2197 902 2229
f 852 690 503
f 1448 993 2242
f 510 484 556
f 1863 1860 1866
f 539 86 1406
f 1827 1052 745
f 776 249 1864
f 1632 832 1373
f 251 119 244
f 1812 1631 1143
f 880 1637 890
f 169 653 1206
f 1092 467 469
f 1052 207 745
f 1830 345 1815
f 844 1064 467
f 113 1247 939
f 804 1064 844
f 2729 2718 2730
f 1744 641 465
f 569 63 69
f 840 278 1064
f 2780 2487 296
f 1879 1161 112
f 206 554 1878
f 1878 112 1161
f 112 1880 1095
f 1478 1874 1882
f 1879 1880 1161
f 1022 1020 1960
f 1857 1882 1481
f 85 90 586
f 1885 1882 1857
f 2823 2816 2519
f 1434 316 1933
f 181 1257 1400
f 1274 1122 1242
f 13 1669 1525
f 1681 1573 1423
f 628 1836 1646
f 745 1611 30
f 1186 1837 1537
f 1837 1186 631
f 1432 714 276
f 180 538 1895
f 1895 538 761
f 417 399 464
f 494 265 493
f 1238 1184 1918
f 931 694 703
f 177 1064 804
f 890 1637 904
f 509 1254 351
f 46 246 1503
f 1296 1933 316
f 638 327 443
f 246 1175 1503
f 3 1611 520
f 1983 1908 2019
f 965 722 1813
f 617 40 681
f 674 617 681
f 1426 901 1203
f 366 884 796
f 1587 2684 870
f 1736 1479 1921
f 845 847 149
f 617 1759 336
f 1479 615 1921
f 1860 1921 615
f 1860 1863 1921
f 1860 1479 1885
f 1859 1479 1860
f 208 189 387
f 56 336 1759
f 531 1230 1828
f 58 56 1759
f 462 1699 1701
f 1859 1860 1736
f 366 796 519
f 629 1929 956
f 848 1426 939
f 673 931 506
f 1359 435 58
f 333 77 72
f 1508 636 598
f 2481 1752 2093
f 87 1937 1938
f 2783 2829 2817
f 2668 110 2451
f 1937 2668 1939
f 2817 2520 2783
f 2003 2700 2432
f 187 453 174
f 1606 1335 2215
f 838 789 1084
f 995 288 283
f 1425 1487 1854
f 622 561 487
f 1947 444 1794
f 324 874 1941
f 1309 2000 219
f 1224 1309 219
f 487 346 1264
f 31 53 142
f 94 86 549
f 2184 313 1580
f 1963 1866 1956
f 613 1866 1963
f 1509 1202 1030
f 932 1738 1747
f 1612 2270 1550
f 18 1357 672
f 642 1000 626
f 613 1963 616
f 47 856 1032
f 767 1009 1731
f 304 570 1029
f 2826 912 2825
f 821 1036 1563
f 1027 812 1405
f 259 2 396
f 2027 1977 2255
f 767 1731 45
f 379 334 1455
f 303 1353 386
f 1325 356 321
f 321 281 1325
f 874 324 325
f 1988 1939 1989
f 110 1989 1939
f 1939 1938 110
f 87 1939 1310
f 177 766 954
f 1310 1988 1990
f 1989 1990 112
f 1990 1989 1310
f 1990 110 112
f 87 110 1937
f 281 254 1273
f 177 804 766
f 108 1569 354
f 1584 1581 957
f 555 1426 848
f 181 1914 1584
f 237 162 1380
f 471 81 1707
f 1581 1584 1914
f 1144 365 432
f 234 1273 254
f 844 1092 768
f 160 437 43
f 799 800 507
f 286 753 560
f 1085 954 919
f 2229 902 2228
f 636 643 4
f 47 408 279
f 575 1887 1515
f 1929 2297 230
f 853 185 732
f 1963 1726 616
f 2811 2520 2798
f 861 2029 856
f 303 386 356
f 1426 555 1427
f 2423 1459 2232
f 506 533 477
f 472 539 734
f 1427 901 1426
f 1910 1544 268
f 476 1032 899
f 1013 590 1605
f 1416 1313 1883
f 1148 1147 1004
f 543 328 280
f 262 508 503
f 2571 940 2017
f 399 1250 1237
f 2527 1650 2514
f 1996 1439 2317
f 1490 1019 1421
f 1419 1681 1423
f 710 38 555
f 462 430 1699
f 1032 2029 324
f 1277 577 1297
f 710 555 848
f 767 45 395
f 393 1470 144
f 645 1091 29
f 611 358 770
f 1217 989 1571
f 615 616 1726
f 593 2037 546
f 471 1824 523
f 1557 71 322
f 925 784 1217
f 893 208 387
f 210 1825 941
f 1559 1152 284
f 271 351 1254
f 256 403 47
f 1782 251 266
f 609 480 479
f 1556 1652 1985
f 523 1916 2044
f 317 1634 904
f 1539 529 1767
f 2410 245 79
f 826 1063 1537
f 526 374 1292
f 2263 2264 2278
f 1146 164 433
f 2050 157 1892
f 1558 1209 1676
f 2191 1065 2264
f 1071 1484 991
f 94 288 513
f 1611 1895 520
f 1184 1238 487
f 2046 810 59
f 794 450 1483
f 2138 1017 1278
f 2491 2061 512
f 253 263 1261
f 1851 2065 1212
f 461 1159 1119
f 578 976 740
f 971 1320 1223
f 610 36 406
f 2116 2123 232
f 2072 1679 2075
f 1783 1947 1781
f 1947 1783 444
f 200 1209 1088
f 391 365 484
f 1343 920 469
f 1367 1548 1417
f 2825 912 2723
f 422 1699 430
f 286 1147 1675
f 1692 1485 2586
f 1733 1919 1845
f 969 808 1381
f 355 1085 1086
f 2037 765 644
f 418 32 1749
f 1408 1187 1982
f 1398 797 62
f 1072 708 726
f 492 1057 926
f 1549 831 1434
f 975 1558 564
f 1621 1636 482
f 7 432 189
f 962 366 436
f 1437 1824 1262
f 107 1057 492
f 275 2145 969
f 761 538 524
f 2090 1695 1077
f 1836 628 2048
f 1537 1836 2048
f 667 2258 1463
f 471 1707 1262
f 925 299 763
f 779 37 21
f 212 1405 1034
f 1284 452 360
f 1676 1167 1552
f 1455 334 335
f 1647 1214 502
f 1892 445 2050
f 962 436 225
f 1362 284 1228
f 502 443 1647
f 165 158 123
f 717 721 991
f 546 1699 510
f 1804 2062 1712
f 1061 2168 440
f 1174 779 21
f 1699 422 510
f 1236 1120 947
f 1636 1621 1200
f 1078 200 1088
f 204 663 431
f 2050 171 337
f 1847 1523 454
f 924 1281 357
f 1730 504 866
f 821 1229 515
f 608 843 1316
f 268 1518 1842
f 2079 1919 1588
f 1483 1294 687
f 421 2223 1196
f 1622 2095 1754
f 1644 1514 1515
f 608 1316 514
f 2718 1962 2730
f 1828 1230 1071
f 1373 533 1514
f 972 1787 1082
f 2629 1390 334
f 16 96 1232
f 1009 889 1216
f 2855 2688 2797
f 958 2369 339
f 509 351 265
f 234 866 504
f 910 311 1571
f 940 811 814
f 1232 96 1251
f 1220 561 131
f 569 579 1825
f 413 1063 544
f 561 1577 131
f 462 1701 344
f 2638 1645 1974
f 1860 1094 1726
f 1852 892 1157
f 2173 272 182
f 1798 1554 2256
f 1538 1850 2391
f 911 2370 698
f 866 937 1560
f 251 1782 119
f 1262 1824 471
f 832 762 1373
f 985 374 372
f 1186 445 631
f 1488 2240 633
f 1322 1951 916
f 1542 1535 1262
f 2224 2076 1706
f 262 1910 268
f 1426 1203 939
f 937 1060 1560
f 808 607 1381
f 949 858 1462
f 517 997 1108
f 101 1749 32
f 858 949 1884
f 1404 1810 1211
f 570 205 1029
f 1714 1524 1127
f 1222 1588 1733
f 1029 205 2001
f 824 2137 535
f 2347 2497 2646
f 581 565 801
f 1480 1124 1574
f 115 1800 760
f 898 115 760
f 1270 691 1576
f 938 1931 930
f 1552 314 217
f 2749 2825 2723
f 1828 721 558
f 277 1152 1390
f 2048 908 869
f 546 644 1699
f 1771 974 102
f 1152 1559 1390
f 153 749 1829
f 2601 2560 2830
f 346 487 352
f 1908 1505 2019
f 1487 728 1854
f 1204 1030 1202
f 423 1073 1314
f 423 1327 1073
f 1202 1199 1204
f 692 126 1041
f 77 333 310
f 1179 95 1812
f 2022 2028 2042
f 1327 423 1691
f 684 2147 1952
f 1167 1695 1552
f 361 1423 368
f 2179 2040 2022
f 2094 2051 1793
f 1030 1117 1509
f 350 2704 1471
f 894 1625 113
f 854 1742 205
f 389 1509 1117
f 2 1627 360
f 1112 99 1107
f 428 798 789
f 854 205 2244
f 1321 1761 1907
f 2370 911 2486
f 23 1869 17
f 1147 286 1602
f 859 713 1113
f 2175 1460 829
f 1666 719 441
f 2075 1679 2199
f 1588 1919 1733
f 916 548 1322
f 836 890 904
f 904 1637 1902
f 494 1563 265
f 1410 1180 1396
f 2063 1045 778
f 930 49 938
f 1840 1277 427
f 445 820 631
f 649 1306 668
f 1368 1851 1139
f 324 715 1032
f 1746 547 44
f 1866 2763 1863
f 2432 2619 2003
f 1511 705 43
f 794 687 2037
f 1195 1397 1396
f 1851 1368 1259
f 2341 2324 2210
f 2324 2279 2210
f 261 287 264
f 1443 883 221
f 1642 1286 1501
f 1158 2147 684
f 1661 1374 719
f 1213 1719 1055
f 2022 2040 2028
f 1952 241 690
f 421 1672 2223
f 505 1719 1213
f 1918 1184 561
f 637 221 1529
f 1577 561 622
f 404 171 413
f 598 52 1449
f 1508 1513 636
f 560 252 286
f 2826 2748 912
f 801 9 39
f 1195 1396 1180
f 1838 2194 2671
f 2173 1767 592
f 1623 2156 2304
f 1542 978 700
f 810 2046 2052
f 1760 1156 2706
f 835 173 195
f 930 305 1531
f 2256 379 559
f 52 882 935
f 254 947 866
f 1196 2223 135
f 1083 634 1187
f 275 969 1381
f 1300 1776 325
f 1332 122 1174
f 1465 835 720
f 1358 1153 1297
f 146 951 126
f 1918 1220 1957
f 1005 1011 732
f 285 2716 1979
f 25 864 415
f 321 947 254
f 2110 1457 1624
f 935 1780 2232
f 1258 1744 1925
f 197 544 1329
f 321 1012 947
f 820 639 127
f 861 325 2029
f 1153 1358 143
f 684 690 852
f 1783 1127 1524
f 1347 208 893
f 1148 1004 1132
f 1945 98 1026
f 704 1121 1509
f 277 1421 1019
f 1129 867 1717
f 348 1717 867
f 1094 1885 291
f 1257 977 46
f 2031 1460 936
f 1212 114 1139
f 141 183 782
f 1636 783 482
f 1885 1857 291
f 661 438 981
f 1073 177 1314
f 1496 1233 2299
f 769 830 1066
f 1662 1905 2234
f 885 53 1097
f 398 1395 371
f 1977 1735 2255
f 244 538 897
f 1310 1095 1312
f 1460 1713 829
f 1702 1149 1191
f 109 2260 1004
f 1722 1216 1568
f 517 1104 997
f 1933 906 1434
f 18 1221 700
f 127 1108 997
f 2097 2322 2039
f 904 990 305
f 639 1619 127
f 2744 1959 1589
f 1122 875 292
f 292 831 1122
f 827 1619 639
f 680 2716 2763
f 1494 1349 1342
f 1381 2107 275
f 1723 1415 1943
f 1488 1335 2240
f 2172 2630 2576
f 2487 2780 961
f 2780 967 961
f 625 421 1451
f 929 1208 834
f 1194 489 888
f 2607 2630 2172
f 489 1168 888
f 982 1532 1096
f 2341 363 2279
f 2210 363 2341
f 132 135 612
f 1969 1942 2348
f 1716 2537 2633
f 351 342 493
f 1139 114 115
f 1957 222 1943
f 1770 1672 537
f 85 586 941
f 852 1022 684
f 1651 318 1728
f 1652 217 486
f 433 318 1146
f 314 1695 886
f 2242 496 502
f 2044 1140 471
f 717 1021 548
f 1581 2338 957
f 487 561 1184
f 2095 2106 2105
f 2280 2106 2448
f 2105 213 2280
f 2373 1248 595
f 1514 533 1515
f 2028 2040 2056
f 334 1390 335
f 1808 2025 1467
f 115 1368 1139
f 1159 978 799
f 1119 1 452
f 1218 1655 1797
f 1710 443 502
f 589 1432 2034
f 231 2286 2382
f 231 1857 1477
f 632 649 1531
f 1874 2608 1477
f 1857 1874 2382
f 1874 1478 1476
f 2065 1851 219
f 447 248 73
f 2010 1983 1671
f 917 1545 1621
f 1067 403 1300
f 1811 192 1790
f 2461 209 2171
f 726 708 807
f 711 1804 1770
f 225 1309 233
f 199 76 103
f 243 726 807
f 2277 2108 2276
f 2375 656 2005
f 1592 1192 400
f 2499 1160 1225
f 202 463 1274
f 2816 2294 2403
f 475 547 168
f 475 168 185
f 1280 1002 1006
f 855 340 72
f 493 265 351
f 534 972 311
f 2089 1582 2309
f 1256 2330 842
f 1138 1411 1507
f 685 1145 2163
f 1721 806 1946
f 806 1521 1946
f 1105 536 739
f 593 556 293
f 1029 726 304
f 1594 936 1461
f 1199 1782 692
f 1114 850 2069
f 568 1090 2338
f 1126 1526 344
f 1306 1486 1315
f 1763 998 1258
f 2179 1934 2040
f 1829 749 986
f 1374 441 719
f 1375 1090 1350
f 1714 1127 2302
f 418 1432 276
f 196 179 1499
f 515 470 1215
f 1492 2354 2376
f 1221 807 1440
f 1092 981 438
f 2692 536 2679
f 1652 486 505
f 862 2043 327
f 1415 41 437
f 1228 122 1332
f 874 1042 1845
f 1676 1556 1558
f 2811 2217 2520
f 1971 1604 2507
f 1084 789 798
f 2193 1736 2377
f 1812 1143 1331
f 1302 2742 2291
f 369 1298 1987
f 2805 2680 1584
f 1649 2182 2134
f 130 1782 266
f 1150 46 1128
f 1320 971 1987
f 538 180 897
f 2810 2687 2347
f 2086 455 454
f 2249 2431 1686
f 2048 628 908
f 1975 2469 2247
f 2246 2583 2389
f 573 747 877
f 104 133 796
f 1828 1001 531
f 2155 1413 385
f 1001 1203 531
f 2767 2795 2502
f 2288 2413 2080
f 1781 2222 1219
f 2389 2760 2785
f 1655 2084 1797
f 2475 2373 1865
f 256 279 431
f 1906 1407 2168
f 1002 895 648
f 1365 2138 1278
f 483 765 341
f 1826 371 1395
f 403 856 47
f 511 204 32
f 638 1753 1038
f 1481 1476 1479
f 997 1104 992
f 27 1382 238
f 2259 1463 666
f 951 1327 1691
f 1190 44 1993
f 1484 1021 717
f 125 1350 1266
f 704 491 1056
f 2821 2740 2753
f 1634 1513 1512
f 1181 62 153
f 1167 1209 200
f 1384 1453 1313
f 2068 2175 742
f 2324 2341 1775
f 908 628 164
f 1733 1550 1222
f 1085 1314 954
f 2209 1340 2082
f 207 1611 745
f 2195 1945 1826
f 67 775 410
f 1688 1598 1369
f 635 2143 913
f 1947 1794 993
f 1048 1947 993
f 711 1447 2259
f 1433 934 1384
f 606 1155 611
f 1543 934 1433
f 358 611 1155
f 1678 509 481
f 5 882 52
f 473 1041 147
f 711 2259 666
f 747 1251 96
f 2008 795 1944
f 1215 147 1403
f 764 1380 48
f 132 411 118
f 609 630 825
f 5 52 4
f 284 29 1228
f 162 48 1380
f 1548 2553 1417
f 2081 665 1541
f 1546 1543 1569
f 777 736 745
f 1609 1960 1020
f 722 1487 706
f 1242 926 434
f 67 410 176
f 1537 2048 826
f 1304 614 1442
f 202 51 463
f 1688 156 2467
f 601 1212 618
f 1788 436 366
f 2168 1830 440
f 646 270 25
f 742 854 2068
f 629 2234 2297
f 1343 188 920
f 242 1101 524
f 1325 1033 356
f 1198 1150 2420
f 97 485 749
f 2109 2024 2113
f 1653 580 1659
f 2379 1656 2719
f 1962 2718 2722
f 1222 2270 1997
f 609 825 480
f 2155 1776 879
f 1563 822 1229
f 985 306 237
f 1520 1118 1409
f 468 1678 479
f 1877 1835 2370
f 1173 650 821
f 267 278 840
f 335 1559 1362
f 1607 2373 599
f 200 1078 1077
f 271 600 491
f 879 863 2224
f 216 463 42
f 609 479 481
f 783 411 612
f 1485 2379 2430
f 515 853 821
f 458 506 477
f 2222 1947 1048
f 222 1260 733
f 2035 2237 1603
f 126 692 146
f 1661 160 1255
f 630 609 481
f 391 432 365
f 1186 1063 171
f 1940 2056 2117
f 1315 238 248
f 1196 135 1097
f 2133 2391 1850
f 207 1895 1611
f 2507 624 1971
f 956 1929 1819
f 1711 749 485
f 1232 1251 381
f 1509 389 704
f 1509 119 1202
f 2717 2740 2821
f 1587 1588 2058
f 1213 149 158
f 293 2128 10
f 49 649 668
f 2270 1222 1550
f 1119 1159 1
f 2827 2246 2575
f 328 1137 881
f 788 921 1211
f 1472 805 1469
f 1863 1479 1859
f 250 262 503
f 1532 1155 606
f 2388 1593 2096
f 1716 2160 2121
f 2345 2740 2717
f 1250 399 417
f 1332 1362 1228
f 2330 1256 1849
f 2324 2307 2279
f 1775 2307 2210
f 1452 1441 192
f 1155 1660 1739
f 1682 20 1112
f 2270 1612 2290
f 1501 637 1523
f 1256 1872 582
f 820 992 631
f 2169 1836 1773
f 380 543 280
f 99 1112 67
f 2203 2288 2080
f 286 252 1321
f 1781 1965 1783
f 1155 1739 358
f 1920 2330 667
f 450 593 293
f 2123 2027 232
f 99 176 504
f 103 10 2128
f 522 1012 321
f 109 1004 1147
f 1749 101 1163
f 1069 1271 164
f 2270 211 727
f 832 1632 1171
f 2092 1475 580
f 174 157 187
f 2043 1544 327
f 234 254 866
f 2122 2185 2166
f 1644 1301 1632
f 1402 1267 1491
f 1050 1493 1420
f 593 794 2037
f 2073 1693 1157
f 405 1162 80
f 2234 629 953
f 1783 1965 1127
f 241 788 785
f 1049 1615 900
f 1560 1060 640
f 177 954 1314
f 111 792 373
f 608 514 330
f 1046 489 1194
f 1300 1341 398
f 593 450 794
f 1457 1463 1624
f 1120 1236 1162
f 321 356 522
f 1385 1192 28
f 1106 1166 659
f 10 76 1883
f 756 407 1763
f 918 1151 2422
f 1531 305 990
f 741 1162 1605
f 1943 222 1723
f 522 356 386
f 421 625 1672
f 1926 725 446
f 2079 1040 1941
f 1919 1941 1845
f 185 689 732
f 997 992 820
f 1495 1345 394
f 2284 2250 1299
f 227 290 1371
f 770 466 407
f 424 1803 936
f 1670 833 2303
f 1929 1977 2070
f 1373 477 533
f 1929 2070 1819
f 956 1819 944
f 341 359 456
f 1317 1301 1644
f 934 451 303
f 1017 2138 1176
f 88 2173 182
f 55 1891 489
f 2119 1289 2009
f 235 1194 1265
f 1546 661 451
f 1165 1787 1164
f 429 1263 490
f 210 220 1825
f 1860 1885 1094
f 108 35 919
f 2192 1866 1726
f 1726 1963 1956
f 538 244 242
f 61 1234 19
f 1463 2023 667
f 429 427 1263
f 919 766 108
f 257 1856 615
f 88 1539 1767
f 1539 88 9
f 1210 1662 953
f 1840 738 1277
f 764 702 887
f 2057 1720 911
f 474 2490 2059
f 104 884 1295
f 1235 1210 956
f 1065 1982 634
f 104 1295 1066
f 1846 459 190
f 39 1981 801
f 1010 1050 420
f 1771 2200 571
f 1178 1917 1156
f 1230 1734 249
f 2181 1340 2177
f 2656 1566 2249
f 1277 738 405
f 2229 2260 1983
f 358 466 770
f 488 791 2046
f 466 358 329
f 385 1413 1042
f 2349 2219 903
f 1810 1448 1572
f 2183 1240 2712
f 529 330 514
f 1797 1223 1218
f 2137 1978 2151
f 2675 1679 1601
f 1647 1572 1214
f 643 636 604
f 2420 2261 2422
f 2419 1198 2421
f 1198 2419 2837
f 2420 2419 1151
f 2420 2421 1198
f 2422 2419 2421
f 2419 2422 1151
f 55 1046 74
f 2791 2747 2725
f 472 734 416
f 1873 1853 1940
f 1577 1954 131
f 1259 1224 1851
f 611 1861 602
f 541 792 1700
f 1448 1810 1006
f 1853 1905 1662
f 1853 1873 1905
f 1598 1688 2751
f 650 272 1036
f 236 998 1893
f 1061 1906 2168
f 327 900 443
f 2805 2648 2680
f 94 530 388
f 638 443 1710
f 1254 509 460
f 1133 373 792
f 1011 821 853
f 1648 262 268
f 388 530 393
f 137 2125 2449
f 801 1539 9
f 2449 2125 2572
f 727 211 2235
f 245 2095 213
f 1113 261 1663
f 1166 1377 659
f 982 1660 1155
f 858 1884 1528
f 2641 2850 2752
f 744 183 223
f 953 629 956
f 1291 302 235
f 640 1660 982
f 1660 640 664
f 394 302 1291
f 1299 2275 2284
f 817 2453 814
f 2438 2455 2456
f 2455 2438 2453
f 2455 2453 2007
f 2456 2007 2453
f 2123 2009 1289
f 930 649 49
f 2219 780 1189
f 918 2422 2261
f 392 2371 2346
f 83 111 950
f 286 1756 753
f 1876 2295 871
f 1571 311 1082
f 2590 2442 2768
f 1486 1306 218
f 117 781 36
f 303 451 1353
f 1811 1717 2086
f 402 394 1345
f 1022 1960 1007
f 2082 2133 2734
f 442 287 54
f 397 323 372
f 1037 805 810
f 1710 485 1753
f 2178 1725 1158
f 1278 681 1365
f 1002 1280 895
f 1624 1463 2259
f 1515 533 575
f 431 1360 1341
f 1837 984 1704
f 1690 1823 2429
f 1662 1210 1853
f 1210 2042 1853
f 1740 2572 2125
f 2204 166 733
f 979 729 1735
f 1735 230 979
f 964 91 657
f 2816 2575 2602
f 1827 745 728
f 1000 1356 626
f 2116 2052 1725
f 2046 2074 1725
f 513 447 22
f 2046 791 2147
f 382 412 1126
f 1161 554 1311
f 2106 2280 213
f 1631 2184 1580
f 2107 106 297
f 2044 1526 1140
f 2451 1938 1937
f 2451 1988 2668
f 251 897 267
f 2295 275 871
f 1991 635 2248
f 1033 1325 1453
f 1162 741 80
f 2371 1614 2115
f 394 1291 1495
f 2786 872 2143
f 1668 2519 2801
f 778 2216 2063
f 975 928 1209
f 1045 2235 778
f 2041 1973 2455
f 2456 817 2041
f 2453 817 2456
f 2013 2506 2289
f 2007 191 2455
f 59 810 805
f 378 1669 13
f 71 1557 1288
f 1137 1130 116
f 1949 2585 945
f 2002 2152 2271
f 1521 979 2297
f 71 1807 322
f 1070 145 1282
f 1106 1732 1231
f 2400 2317 2385
f 402 465 641
f 1771 433 1646
f 626 1377 1166
f 635 2337 1008
f 1137 143 1358
f 785 1211 1615
f 716 1972 159
f 1267 1402 148
f 1137 116 364
f 2024 2109 1370
f 1037 810 696
f 2084 867 1129
f 1599 1000 642
f 1370 2109 909
f 1977 230 1735
f 663 1360 431
f 1491 1599 1402
f 532 2236 2004
f 1861 776 1864
f 1662 2234 953
f 1800 115 75
f 2028 1940 1853
f 2042 2028 1853
f 1725 2178 2116
f 569 605 744
f 744 223 224
f 1473 139 409
f 842 2330 1920
f 603 1966 1834
f 1477 1478 1479
f 168 1610 910
f 1827 722 965
f 1581 1914 966
f 2594 2801 2794
f 2215 1335 1488
f 333 1869 23
f 756 1861 770
f 1638 2415 2401
f 2850 2839 2267
f 598 636 4
f 1358 577 881
f 1663 617 336
f 313 2291 2742
f 582 2002 787
f 772 528 1016
f 2330 1849 2132
f 402 1655 394
f 2483 2445 2824
f 502 496 1711
f 1818 2394 1714
f 1144 7 290
f 1512 836 1634
f 1852 2394 1719
f 459 895 827
f 478 1142 1157
f 1142 1623 1157
f 1845 2088 1733
f 986 2242 993
f 1206 255 1239
f 1731 747 96
f 2357 1273 1294
f 2502 2795 2787
f 119 1782 1202
f 877 747 1731
f 1467 1649 1808
f 1007 684 1022
f 129 851 1459
f 406 418 276
f 890 836 834
f 785 250 241
f 1955 1378 1037
f 187 1769 2141
f 2116 2178 2009
f 951 152 1327
f 703 1779 981
f 190 187 2141
f 1716 2633 1160
f 909 2004 1370
f 1982 1118 1408
f 865 608 330
f 162 160 43
f 162 43 48
f 946 752 948
f 1259 233 1224
f 1905 1873 1946
f 702 764 48
f 71 1206 1239
f 2225 1022 852
f 2056 1940 2028
f 397 393 163
f 1410 1824 1072
f 1038 862 638
f 931 703 706
f 1895 207 180
f 545 507 774
f 53 885 142
f 738 1162 405
f 1615 1211 1810
f 58 1669 56
f 444 153 1829
f 1706 2176 1727
f 2552 2140 1894
f 336 1113 1663
f 2324 1775 363
f 1663 40 617
f 1300 879 1776
f 238 1486 2000
f 423 1085 355
f 378 859 1669
f 1110 1450 1303
f 1263 1028 173
f 654 1469 805
f 599 595 1275
f 140 1056 409
f 1887 566 655
f 950 111 373
f 599 2373 595
f 1370 2004 815
f 1735 729 1378
f 648 895 1846
f 412 382 1399
f 44 1691 1993
f 1108 927 1472
f 1685 2401 2380
f 1085 919 1084
f 66 128 864
f 2222 1420 1219
f 707 227 112
f 124 166 2204
f 922 480 843
f 1997 727 1045
f 1503 1124 737
f 2479 1156 1820
f 1948 1928 2463
f 2370 2486 2401
f 2309 426 2089
f 22 447 73
f 166 670 733
f 1883 1313 1483
f 1801 2312 559
f 1178 1156 2479
f 151 123 158
f 1055 2302 845
f 2373 2372 1248
f 2148 1248 2372
f 1279 1607 599
f 991 721 1828
f 175 302 1218
f 1171 1632 1282
f 2197 1303 716
f 2481 1540 1752
f 768 1569 108
f 2075 2361 2471
f 1652 1213 1985
f 1392 1280 921
f 1279 2463 1986
f 1537 1773 1836
f 1678 481 479
f 1076 34 167
f 287 261 295
f 1019 1152 277
f 1262 1535 1440
f 793 699 1076
f 2409 2392 2404
f 764 1292 1380
f 557 922 320
f 1652 1552 217
f 1262 1707 1542
f 281 1453 1325
f 673 1779 694
f 679 2426 2362
f 542 529 1539
f 389 491 704
f 118 955 1446
f 655 566 1425
f 1106 1231 2008
f 2731 2214 2408
f 1480 737 1124
f 1571 989 910
f 2147 1725 2074
f 2503 2158 1305
f 776 756 1763
f 1771 1646 974
f 652 771 699
f 173 1465 1613
f 1166 1765 626
f 1869 675 17
f 325 324 2029
f 1849 582 787
f 9 760 1800
f 1508 587 1899
f 1093 603 1834
f 1234 1494 1267
f 578 740 540
f 2024 1370 1721
f 1370 806 1721
f 1557 1394 1288
f 601 581 1981
f 1681 63 744
f 418 406 511
f 1763 407 1286
f 2261 1175 1198
f 2077 2271 2152
f 900 1647 443
f 544 1063 1329
f 149 1213 1055
f 1738 1298 1747
f 1408 1023 508
f 1255 1374 1661
f 1195 1246 492
f 1335 1606 933
f 411 117 118
f 223 1062 818
f 713 448 295
f 716 1303 395
f 2801 2519 2502
f 1349 1494 1355
f 501 592 514
f 1160 2499 1703
f 2415 2148 2401
f 1208 929 828
f 456 483 341
f 41 1723 670
f 936 1308 2031
f 417 464 713
f 1575 2072 1388
f 1349 1355 812
f 2037 687 765
f 49 740 938
f 371 1826 1945
f 1710 1711 485
f 1195 906 1397
f 1703 1716 1160
f 343 1637 581
f 1769 187 134
f 1605 1236 1013
f 1255 306 73
f 148 1234 1267
f 379 562 559
f 252 1761 1321
f 1172 1605 590
f 496 986 749
f 1789 1256 842
f 1275 2253 2529
f 434 202 1242
f 145 1171 1282
f 42 498 50
f 1742 854 755
f 1877 2370 1685
f 1490 1034 65
f 620 1495 1265
f 337 155 157
f 252 1100 1761
f 64 855 69
f 1495 620 786
f 1840 427 429
f 2336 1716 2121
f 1461 2038 1594
f 1368 115 898
f 2094 1307 1516
f 1011 853 732
f 899 2701 2752
f 643 604 1600
f 121 1196 1097
f 664 1060 1840
f 1062 1196 818
f 424 936 1594
f 100 752 586
f 361 1419 1423
f 621 893 387
f 2833 2828 2520
f 1007 1960 678
f 34 1079 1245
f 1098 2463 1279
f 1736 1333 1328
f 2258 2238 666
f 678 1158 1007
f 1178 2479 1098
f 2260 2229 2228
f 1007 1158 684
f 1666 225 594
f 410 775 359
f 58 435 1525
f 1211 921 1404
f 1212 1139 1851
f 445 453 639
f 1935 1728 433
f 155 134 157
f 2701 307 2684
f 260 1025 735
f 1023 503 508
f 77 85 941
f 2132 1708 2101
f 728 736 1854
f 2505 525 2066
f 1832 1822 1823
f 1822 2508 1823
f 754 1796 1922
f 1227 1593 1270
f 1673 2705 209
f 2705 2171 209
f 871 308 15
f 2394 1693 1398
f 1398 1714 2394
f 563 2363 802
f 802 2363 2355
f 2355 161 802
f 691 2283 2170
f 2431 2601 2830
f 1737 1561 2781
f 1561 370 1227
f 1568 1100 169
f 1100 1568 1216
f 2798 2520 2584
f 2646 2636 2305
f 296 181 1584
f 1246 1742 492
f 2524 1996 495
f 2527 2630 1293
f 2450 1506 1760
f 1760 1506 891
f 2535 1665 2534
f 2436 2559 2536
f 2559 2436 1693
f 1862 2436 2536
f 2740 2472 2753
f 2436 2596 1693
f 2722 2718 2336
f 2336 2718 2478
f 1803 2321 2759
f 1566 2656 1565
f 701 883 816
f 883 701 1529
f 2717 2539 2345
f 2225 1520 1020
f 2225 1023 1520
f 2141 847 1219
f 151 2141 123
f 2141 1219 1420
f 1420 1493 2141
f 151 847 2141
f 31 142 214
f 214 1111 31
f 1392 59 1472
f 1392 488 2046
f 1392 2046 59
f 1200 783 1636
f 783 1200 36
f 781 783 36
f 975 337 404
f 1081 928 975
f 404 413 975
f 975 413 1081
f 1081 980 928
f 155 337 975
f 715 1941 1040
f 324 1941 715
f 1744 465 1925
f 979 1099 1428
f 1099 979 2004
f 2250 778 211
f 2235 211 778
f 1323 74 1046
f 1218 1320 175
f 1320 1323 175
f 1046 175 1323
f 1320 1298 1323
f 259 396 507
f 916 259 507
f 916 507 136
f 2411 2543 2544
f 461 1119 452
f 1357 18 452
f 461 452 18
f 2068 2244 570
f 2175 2068 570
f 304 2175 570
f 2175 304 2038
f 2175 2038 1460
f 264 442 40
f 40 442 1424
f 2138 40 1424
f 442 54 1424
f 40 2138 1365
f 726 1029 1072
f 1029 2001 1072
f 83 2215 792
f 83 1606 2215
f 83 792 111
f 6 1391 124
f 326 933 683
f 42 51 683
f 326 683 51
f 1553 2256 1554
f 627 1034 1405
f 1034 627 1304
f 1625 978 1707
f 1707 81 1625
f 1542 1707 978
f 1021 465 1345
f 548 1021 1345
f 1015 1797 1790
f 2084 1129 1790
f 2084 1790 1797
f 1015 1790 57
f 348 1893 1741
f 1893 348 867
f 1741 1893 998
f 1741 998 1642
f 1465 720 329
f 793 1028 143
f 1581 966 296
f 167 1028 793
f 1028 846 143
f 143 846 1153
f 776 1071 249
f 1258 1925 776
f 1071 776 1925
f 1925 1484 1071
f 504 1730 99
f 1096 1107 99
f 1730 1096 99
f 1730 1560 1096
f 939 1203 774
f 774 894 939
f 774 1203 1001
f 1396 1397 274
f 274 1916 1396
f 526 646 374
f 374 646 397
f 1470 397 646
f 397 372 374
f 710 1247 1590
f 1247 382 344
f 382 1126 344
f 344 1590 1247
f 1590 344 1193
f 875 657 298
f 298 1296 875
f 316 875 1296
f 1682 375 362
f 1427 362 375
f 20 1682 362
f 1682 949 375
f 1918 519 1238
f 1788 366 519
f 1918 1788 519
f 2128 293 428
f 293 484 1144
f 293 1144 428
f 290 428 1144
f 104 989 1217
f 104 823 989
f 732 989 823
f 1217 784 104
f 689 989 732
f 219 1306 2065
f 2065 649 632
f 618 2065 632
f 2065 618 1212
f 2065 1306 649
f 219 218 1306
f 547 1403 1041
f 44 1041 1691
f 44 547 1041
f 1041 1403 147
f 522 1353 590
f 449 590 1353
f 522 386 1353
f 590 449 762
f 449 1353 458
f 509 2173 481
f 2173 592 481
f 2173 509 265
f 265 272 2173
f 1087 828 658
f 658 312 1087
f 2029 1032 856
f 1364 914 761
f 1430 1890 1897
f 1231 30 795
f 2732 1145 2642
f 1039 1658 2471
f 2737 1145 2732
f 2315 2471 1658
f 1734 1230 531
f 761 524 1364
f 1976 2047 2600
f 2230 1290 1630
f 2496 1054 497
f 1796 754 2555
f 1044 2359 2237
f 1044 79 2359
f 217 478 486
f 1839 615 1377
f 138 1705 1926
f 1042 874 385
f 1671 109 743
f 1536 797 1843
f 400 2154 2458
f 822 494 1204
f 2131 2535 2534
f 3 520 1944
f 2263 2198 2003
f 1697 209 2461
f 312 658 1903
f 1172 832 1171
f 2304 2789 2574
f 1098 2099 1178
f 626 1356 1377
f 2476 2488 2857
f 658 929 834
f 1694 196 1324
f 334 2256 2629
f 830 769 1005
f 2609 2560 2563
f 28 1192 2300
f 2274 1227 370
f 1320 1218 1223
f 2050 337 157
f 145 1172 1171
f 849 922 843
f 134 187 157
f 1305 2486 2815
f 1724 1969 945
f 884 962 553
f 1645 1131 1774
f 1306 457 668
f 2729 2730 2557
f 709 392 576
f 1378 654 805
f 507 396 973
f 696 810 232
f 414 619 2061
f 2052 232 810
f 2577 2673 1740
f 370 2127 2274
f 376 1456 37
f 2243 2358 2613
f 441 1309 225
f 120 2497 1755
f 1803 1308 936
f 383 1688 1369
f 2738 2188 2634
f 2601 2563 2560
f 1602 1907 1505
f 1387 1318 1075
f 2369 803 339
f 705 48 43
f 17 15 308
f 1052 920 207
f 1912 2353 2739
f 1622 2105 2448
f 2347 1755 2497
f 1630 1268 1626
f 1159 973 1
f 2061 1891 1567
f 132 885 1097
f 1137 364 143
f 333 340 1869
f 526 1250 270
f 1914 1705 966
f 790 521 693
f 2675 1444 1679
f 2844 2749 2692
f 2329 2087 1240
f 921 1280 1404
f 2142 2545 677
f 526 270 646
f 701 1498 1529
f 349 683 1606
f 1570 2539 2717
f 193 2349 2386
f 2654 2211 2695
f 2844 2679 2689
f 535 512 1565
f 2472 2436 2753
f 253 955 1031
f 2189 2095 245
f 2027 2255 696
f 2198 2427 1870
f 1718 2268 154
f 47 516 408
f 2504 1293 2201
f 2525 2657 1177
f 2844 2692 2679
f 322 1807 328
f 476 408 516
f 797 1693 2596
f 1718 1293 2504
f 1310 110 1095
f 263 377 214
f 743 2639 2772
f 1974 2407 156
f 1694 1324 2538
f 14 83 950
f 29 1091 26
f 2748 2646 912
f 488 1392 791
f 1282 194 543
f 48 705 702
f 1205 439 1527
f 396 2 1
f 1261 263 214
f 64 69 63
f 73 306 22
f 775 67 20
f 2230 1626 2620
f 1472 59 805
f 121 53 31
f 39 1800 1981
f 103 76 10
f 131 1260 222
f 89 2293 2189
f 217 314 886
f 2535 2131 2531
f 2531 2102 2535
f 2741 2654 2770
f 647 2205 2772
f 1359 748 731
f 788 1952 791
f 71 1288 1206
f 788 241 1952
f 499 660 1233
f 1555 1185 2167
f 2276 1900 2399
f 1350 125 1375
f 107 326 51
f 99 67 176
f 1564 2181 2671
f 2134 2182 2755
f 1073 1064 177
f 1192 1385 1674
f 384 2480 2403
f 1413 1706 1727
f 2045 2112 1799
f 6 228 14
f 1484 1925 1021
f 180 207 188
f 1200 663 36
f 285 1856 257
f 1170 1922 1640
f 2127 370 2484
f 129 1456 851
f 192 1811 1452
f 2627 1361 1656
f 1100 252 169
f 253 714 263
f 739 1496 1105
f 2541 2766 2658
f 94 283 288
f 610 276 117
f 2645 1618 2281
f 1570 2118 2539
f 2269 2014 2457
f 704 140 1101
f 2014 2015 2457
f 2541 2257 1970
f 1103 308 297
f 175 235 302
f 905 591 2856
f 2249 2782 2656
f 2038 304 726
f 1656 2674 2719
f 1191 1149 1018
f 1296 189 208
f 2200 2110 571
f 2815 911 1720
f 1641 2105 1439
f 2227 1379 597
f 357 1281 585
f 359 362 456
f 1555 1650 2614
f 1972 2377 2308
f 1065 634 2278
f 1650 401 2614
f 2614 401 1185
f 2097 945 2585
f 1914 957 1705
f 1452 2086 1480
f 144 388 393
f 341 331 359
f 2340 1436 1383
f 1260 228 733
f 105 106 100
f 1922 2082 1640
f 1595 2154 1429
f 2433 2441 2694
f 634 1083 1510
f 2457 2754 2381
f 2695 1244 1367
f 2019 1505 1907
f 2217 2713 2659
f 2434 2021 2725
f 2444 1999 1922
f 2426 679 2433
f 1846 1493 648
f 473 147 470
f 101 203 408
f 2302 1965 845
f 510 391 484
f 419 849 1372
f 2515 2516 2391
f 2638 2231 2778
f 262 1648 508
f 1506 1962 2722
f 1361 2649 2674
f 1626 2230 1630
f 1023 2225 503
f 79 2211 2359
f 759 1953 1875
f 283 549 539
f 2656 2366 1565
f 2494 1386 2444
f 2444 1386 1999
f 2550 2763 2637
f 831 1549 1242
f 533 506 551
f 705 448 702
f 542 565 572
f 2181 693 2555
f 2208 2316 1388
f 2513 2715 2831
f 971 1223 999
f 891 2121 1820
f 1953 759 2206
f 1803 2491 2321
f 551 566 575
f 204 511 425
f 556 593 546
f 2219 2758 903
f 106 607 588
f 903 841 2702
f 1956 615 613
f 613 615 1562
f 1866 613 1562
f 2223 500 612
f 613 616 2192
f 1956 613 2192
f 384 377 589
f 289 2467 2407
f 1051 2695 1367
f 2261 1151 1175
f 170 1556 1985
f 255 652 1241
f 567 309 671
f 2673 2572 1740
f 457 695 668
f 2452 2699 2554
f 855 361 675
f 2262 1551 2398
f 673 661 1779
f 481 501 630
f 688 331 687
f 931 673 694
f 2528 2287 2154
f 2806 924 357
f 1595 1429 2282
f 2709 1141 1412
f 924 2856 591
f 448 713 464
f 1635 34 1076
f 1478 1882 1885
f 2517 2015 332
f 2700 2003 1134
f 2378 1045 2063
f 2391 2516 2532
f 1589 635 1302
f 759 2125 942
f 1881 1268 1630
f 228 6 2204
f 1645 2662 1673
f 349 498 683
f 651 2227 597
f 1474 2201 1293
f 150 1151 1942
f 2003 2619 184
f 100 588 752
f 994 875 338
f 377 384 2294
f 687 331 765
f 1079 34 125
f 1660 664 490
f 2802 2572 2762
f 1189 2820 2219
f 2798 2641 2647
f 1471 811 940
f 1366 150 918
f 2511 1595 2282
f 2842 2812 2689
f 219 2000 218
f 1539 801 542
f 2041 191 2456
f 122 813 819
f 193 2283 2517
f 2813 2835 2761
f 2820 1497 2014
f 2687 1755 2347
f 2687 2383 1755
f 2350 2696 691
f 1182 1281 924
f 827 639 459
f 2497 1363 2646
f 768 766 804
f 1826 1395 2195
f 1097 53 121
f 2478 2537 1716
f 841 1548 1244
f 841 1244 2702
f 2308 2470 2655
f 1833 2102 2530
f 2852 2573 2569
f 1650 2416 2514
f 1244 2435 2702
f 2183 1197 1240
f 1436 521 1383
f 855 675 340
f 2398 2541 1051
f 1475 2092 70
f 2689 2856 2842
f 1809 2443 2531
f 2643 2157 2791
f 651 857 2157
f 2249 2765 2601
f 325 385 874
f 2601 2765 2582
f 2211 79 1244
f 1326 2644 2491
f 2831 2715 1598
f 2496 2492 2697
f 945 2097 918
f 2801 2787 2794
f 2011 1026 735
f 2206 759 896
f 5 1406 882
f 897 1343 267
f 139 19 712
f 894 774 800
f 409 712 140
f 1816 1791 915
f 2642 257 615
f 1949 945 932
f 458 907 673
f 228 2204 733
f 2848 2846 2728
f 980 607 808
f 2680 1135 1198
f 923 2143 872
f 1160 1061 960
f 2851 2750 2476
f 2261 1198 1135
f 2856 2710 1534
f 918 2261 246
f 744 605 183
f 932 70 2765
f 946 941 586
f 2276 2399 2277
f 1841 2466 2665
f 954 766 919
f 948 752 952
f 1841 2665 1665
f 2420 1151 2261
f 1128 967 2487
f 1600 938 740
f 961 1128 46
f 971 959 369
f 977 961 968
f 2486 2629 1638
f 968 46 967
f 977 968 2780
f 1077 1078 969
f 2589 2087 2283
f 977 967 46
f 2569 2513 2831
f 2156 1623 2159
f 1268 1881 1540
f 209 1949 215
f 2698 120 2819
f 1564 2518 2534
f 976 578 995
f 2460 1901 2135
f 2646 2305 912
f 2181 754 1170
f 2390 2150 1336
f 1564 2671 2518
f 1228 29 26
f 2716 2809 2763
f 819 813 557
f 173 1028 167
f 1049 250 785
f 1630 2611 1801
f 2191 2098 1065
f 1033 934 303
f 2544 2542 2411
f 2661 1618 2645
f 2497 120 2698
f 1507 1887 1138
f 1290 2611 1630
f 1624 1093 571
f 2763 1477 1479
f 57 999 1015
f 873 2796 1740
f 1554 1798 2030
f 1553 1638 2629
f 1739 1660 490
f 516 1032 476
f 140 712 914
f 1337 605 220
f 2362 1160 2633
f 2633 2618 2362
f 1466 2253 1798
f 701 737 1498
f 1530 2843 2218
f 201 197 952
f 952 1080 201
f 1275 2529 2099
f 1586 725 1926
f 1401 440 2686
f 2327 2345 1958
f 66 239 13
f 1712 1672 1770
f 860 2676 2516
f 2259 603 1093
f 2683 1877 1685
f 1878 1095 1880
f 25 239 66
f 2539 2118 1995
f 2509 2356 2351
f 2030 1638 1553
f 937 1120 1060
f 1110 1100 889
f 27 441 1374
f 651 2218 2227
f 1801 1287 2196
f 1841 1665 1207
f 1164 964 657
f 2312 2196 2727
f 1665 2533 1207
f 1008 2395 1253
f 312 1456 1087
f 2385 2014 2269
f 1868 1234 61
f 2308 2655 1024
f 2533 1665 2535
f 1348 1257 46
f 1115 1136 1702
f 2715 2489 1822
f 2048 869 826
f 2529 1917 2099
f 2564 1871 2574
f 1702 1136 1149
f 1151 1150 967
f 478 886 1142
f 2421 2420 2422
f 395 1972 716
f 2837 918 1198
f 2408 2214 2207
f 1393 960 1061
f 1878 1879 206
f 1095 1878 1161
f 499 2522 2819
f 2770 2654 2672
f 1173 1005 769
f 493 342 494
f 2611 1287 1801
f 1187 634 1982
f 873 1740 2495
f 1824 1410 523
f 1176 373 1133
f 2459 2097 2055
f 573 1394 1074
f 975 564 155
f 204 425 663
f 344 1701 1193
f 2667 313 2184
f 2639 2550 2772
f 2749 2814 1500
f 2352 2146 1927
f 2274 2127 2096
f 891 2722 2336
f 584 1388 1192
f 2542 2607 2172
f 2338 2558 2010
f 1567 1891 8
f 813 122 1228
f 952 588 1080
f 1241 652 1252
f 2631 1474 2724
f 33 298 657
f 841 2758 1548
f 2398 1051 1367
f 11 1302 635
f 1252 1239 1241
f 1372 849 1608
f 2851 2728 2846
f 296 1257 181
f 212 1421 1027
f 1924 2732 2642
f 957 1926 1705
f 907 451 661
f 2629 1305 1390
f 141 1451 1062
f 228 498 14
f 723 1318 1269
f 2516 1833 2532
f 580 1790 192
f 2642 1145 257
f 591 905 1276
f 189 1296 298
f 2158 2503 2525
f 788 791 921
f 2719 2556 1519
f 446 725 527
f 2415 2030 2180
f 1697 2055 2585
f 2461 2055 1697
f 35 838 919
f 683 498 42
f 600 271 1205
f 739 536 1500
f 1693 1852 1157
f 1745 2158 1736
f 25 415 646
f 1284 360 619
f 299 1082 1165
f 2158 2525 1736
f 234 688 1273
f 1751 2482 2013
f 967 1705 1151
f 1412 2731 2562
f 1311 1312 1161
f 282 741 145
f 977 1584 2680
f 1270 1576 1912
f 1745 1736 1328
f 2487 967 918
f 1386 2515 2133
f 1627 1322 1670
f 116 1239 1252
f 1511 124 705
f 866 947 937
f 2633 2537 2618
f 1198 918 1128
f 1128 977 1198
f 507 800 774
f 2637 2772 2550
f 1513 1634 317
f 235 175 1046
f 771 1675 125
f 2698 1363 983
f 2596 2327 797
f 1337 1651 141
f 439 614 1527
f 714 253 1031
f 2427 1555 2167
f 1337 318 1651
f 1375 125 1675
f 1679 1575 1964
f 1575 1679 2072
f 1146 1069 164
f 1047 2710 2806
f 1972 2193 2377
f 2615 2035 1603
f 2407 1673 215
f 2099 1917 1178
f 1090 1266 1350
f 274 893 621
f 641 1696 2084
f 2150 2498 1950
f 138 1926 1090
f 1917 2706 1156
f 206 227 1371
f 1360 663 1200
f 2285 2595 2393
f 2695 2713 2217
f 1018 1251 747
f 1367 1244 1548
f 2472 2740 2327
f 1942 1705 2728
f 1079 1266 181
f 2398 2540 2541
f 198 214 377
f 179 196 258
f 2060 2335 1677
f 1397 906 1347
f 2554 2590 2344
f 1369 2715 2586
f 1345 465 402
f 1341 1360 1395
f 343 632 1902
f 79 1579 2435
f 460 1205 1254
f 1361 2674 1656
f 173 167 195
f 1527 600 1205
f 1035 1147 1602
f 2515 2391 2133
f 69 855 72
f 2366 2343 1565
f 18 700 461
f 2834 2480 2833
f 999 1475 971
f 1357 452 623
f 1747 369 932
f 24 1817 1848
f 212 1490 1421
f 460 439 1205
f 2537 2759 2618
f 2581 2323 2545
f 596 2771 2677
f 2525 2503 1720
f 2366 2656 2782
f 2610 960 1393
f 2818 1823 2508
f 2444 1922 1796
f 1364 1101 140
f 315 557 2296
f 1450 1110 889
f 1541 1131 2081
f 1194 888 1265
f 1411 1138 655
f 2591 2519 1668
f 2562 2167 2482
f 1750 1858 2818
f 1579 245 213
f 996 350 1471
f 1479 2286 615
f 1479 2608 2286
f 1705 1942 1151
f 1406 2232 882
f 2818 2852 988
f 2779 1757 2112
f 1874 1481 1882
f 2558 1188 2053
f 1249 2119 678
f 748 1620 1962
f 476 899 1163
f 2584 2641 2798
f 1958 1843 2327
f 2553 1548 2758
f 395 68 1972
f 701 46 1503
f 1675 1132 1375
f 2857 1942 2728
f 2488 1942 2857
f 2016 2734 2549
f 1907 1110 2019
f 1440 1535 700
f 1528 1884 1682
f 383 1369 2586
f 1506 731 1962
f 448 124 1391
f 2452 2521 1848
f 1440 700 1221
f 2013 2482 1185
f 1083 1038 1510
f 1737 2087 2329
f 1498 454 1529
f 987 414 424
f 2131 2534 2518
f 1362 1332 1455
f 2060 2213 2634
f 1521 2234 1946
f 454 1523 1529
f 280 328 881
f 27 1309 441
f 1506 2722 891
f 435 13 1525
f 239 1250 417
f 1010 1006 1002
f 1572 1448 1214
f 1858 1654 2406
f 2376 1336 2587
f 416 4 643
f 718 614 627
f 602 1528 606
f 1532 606 1528
f 2587 1336 2292
f 846 1297 1153
f 627 12 718
f 2601 2582 2563
f 988 2392 1750
f 1030 494 342
f 2388 2096 2153
f 1580 1143 1631
f 2666 1346 1596
f 1183 1081 413
f 1249 678 2212
f 817 1471 2704
f 2464 1430 1334
f 1983 743 109
f 2087 2509 1240
f 2590 2651 2344
f 2651 2640 2344
f 2332 1817 24
f 2127 2067 2096
f 54 287 1391
f 2842 2856 1534
f 1500 2814 2522
f 2558 2338 918
f 479 1016 468
f 2530 2102 2531
f 2646 2748 2347
f 547 475 1403
f 2504 2316 1718
f 2415 1638 2030
f 2351 1240 2509
f 1881 1630 559
f 2379 1485 1656
f 438 661 1546
f 1428 1099 1104
f 2097 2585 2055
f 1180 1072 2001
f 2574 2789 2246
f 2592 1326 2491
f 1088 928 980
f 1088 980 808
f 2071 1924 2642
f 724 148 1886
f 2364 2103 596
f 596 2677 2364
f 654 517 1469
f 348 1741 455
f 2219 2553 2758
f 2252 1888 1750
f 1092 844 467
f 1280 1392 1619
f 1390 1305 2158
f 2563 2667 2609
f 2563 2648 2667
f 231 2126 2757
f 1359 128 435
f 1954 1577 216
f 1972 2308 1024
f 376 819 320
f 1960 2212 678
f 184 2619 2264
f 2263 184 2264
f 320 819 557
f 2253 2180 1798
f 2278 2441 2263
f 69 579 569
f 178 2655 2470
f 1729 2220 2320
f 2718 2729 2478
f 88 758 9
f 1285 2343 2366
f 2108 2277 2705
f 718 1527 614
f 1411 1344 1507
f 1536 97 153
f 2819 2522 2814
f 693 1564 790
f 142 885 1261
f 2322 2097 2314
f 1016 528 468
f 266 146 130
f 266 840 146
f 2666 2104 2477
f 1146 210 1069
f 1069 1068 1271
f 541 1700 574
f 197 1271 948
f 1085 1084 798
f 840 152 146
f 1754 2317 1622
f 385 325 1776
f 456 710 1590
f 1303 2019 1110
f 291 1702 1482
f 1542 700 1535
f 2163 1145 2311
f 1921 1863 1859
f 576 1650 2527
f 1604 1971 1792
f 196 1694 1351
f 889 1009 1450
f 18 672 353
f 1645 1673 1974
f 1645 2020 2662
f 1867 1822 1832
f 1673 2407 1974
f 1962 93 2730
f 1621 98 1200
f 1760 891 1820
f 995 539 472
f 31 1111 224
f 354 1543 1433
f 2662 1900 2276
f 2459 2314 2097
f 698 958 1547
f 2105 1622 1439
f 2540 2257 2541
f 2833 2502 2834
f 903 1683 2510
f 2476 2750 2688
f 1326 679 2644
f 1627 2303 301
f 1406 734 539
f 1301 1282 1632
f 1551 2540 2398
f 649 930 1531
f 1637 343 1902
f 2648 2805 313
f 2466 2663 2566
f 317 930 1931
f 1522 724 1886
f 2228 902 2465
f 769 758 1173
f 1644 1507 1344
f 1344 1317 1644
f 1592 2458 2511
f 1600 740 976
f 2477 2434 2725
f 2007 2534 1665
f 833 662 301
f 2214 1709 1324
f 2563 2788 2648
f 998 1286 1642
f 719 437 1661
f 2725 2021 2643
f 779 819 376
f 2342 2428 2821
f 2059 415 864
f 693 521 824
f 1885 1481 1478
f 2819 120 660
f 2343 535 1565
f 1414 1187 1408
f 1806 1737 1226
f 2500 1975 2104
f 408 1163 101
f 1242 1122 831
f 988 1750 2818
f 1669 58 1525
f 2371 2115 2083
f 63 1681 64
f 2856 2806 2710
f 2504 1575 2316
f 1765 2008 1944
f 697 1251 1018
f 1686 2678 2249
f 1310 1989 110
f 2490 474 1917
f 2344 757 2554
f 2253 1466 2490
f 197 948 952
f 31 224 121
f 137 682 942
f 2321 2491 2644
f 581 801 1981
f 980 1080 751
f 559 1630 1801
f 2136 2477 2725
f 1030 342 1117
f 1035 1908 109
f 2303 1627 1670
f 941 946 1068
f 1545 917 1712
f 2498 1762 2603
f 545 774 1001
f 909 102 532
f 2788 1591 2648
f 1386 2082 1999
f 1319 1189 780
f 787 1307 1849
f 549 86 539
f 422 621 387
f 2262 2473 1551
f 2586 1822 1692
f 677 1551 2473
f 1372 828 1087
f 43 41 1511
f 1334 1897 1293
f 597 1379 2085
f 2697 1596 2581
f 269 54 6
f 1127 1965 2302
f 1737 2329 1226
f 2525 1177 2377
f 737 701 1503
f 1319 1497 1189
f 1459 562 129
f 8 2765 1567
f 1738 2765 8
f 1504 2690 512
f 1468 1465 358
f 2288 2203 2275
f 701 816 46
f 1013 1236 1012
f 1312 554 972
f 1094 1562 1726
f 1012 1236 947
f 1100 1216 889
f 358 1739 1468
f 2226 1116 1467
f 1764 1018 573
f 982 1155 1532
f 95 1631 1812
f 723 1732 1075
f 1973 817 2704
f 479 480 772
f 2832 2844 2812
f 2657 497 1177
f 1226 1240 1197
f 1917 474 2706
f 651 2021 1352
f 1323 1298 1738
f 425 406 36
f 1346 1467 2245
f 751 1080 588
f 1467 1464 2245
f 1748 812 1027
f 430 621 422
f 181 1400 1079
f 2326 1835 1877
f 1390 2158 294
f 1613 490 1263
f 1831 1839 1356
f 1683 2105 1641
f 1702 1191 1698
f 1923 95 1179
f 782 183 605
f 1620 748 58
f 2605 2603 1762
f 2240 1335 755
f 922 419 320
f 1561 1737 1806
f 1772 2097 1992
f 635 913 1766
f 340 333 72
f 33 91 554
f 1594 353 424
f 83 14 349
f 1709 2694 1324
f 379 2256 334
f 2505 2066 2010
f 2186 1445 2239
f 2278 634 1958
f 1244 79 2435
f 370 1561 2484
f 2017 191 1502
f 1833 2743 2532
f 1345 1495 786
f 2278 2264 1065
f 871 15 1876
f 498 1260 50
f 55 489 1046
f 536 2692 1500
f 2457 2381 2269
f 1351 1694 1817
f 1404 1006 1810
f 1850 1538 1617
f 1339 1351 2332
f 1332 970 1455
f 1018 1764 1191
f 2097 1772 2558
f 2217 2647 2548
f 402 2084 1655
f 2197 2786 902
f 280 881 282
f 2627 1656 2265
f 398 1341 1395
f 1057 107 434
f 2101 2238 2132
f 353 1594 243
f 2174 2398 2615
f 2386 2349 903
f 1003 759 942
f 2247 1530 2434
f 916 136 721
f 1608 878 1208
f 1691 1041 951
f 1799 2112 1757
f 750 320 1087
f 1003 942 876
f 1596 2298 2581
f 2436 2472 2596
f 116 1130 1239
f 1871 2304 2574
f 2049 2566 2663
f 1454 2265 1656
f 2534 2007 1973
f 2057 497 2657
f 738 1120 1162
f 1208 878 880
f 2350 1270 1354
f 2346 401 392
f 1527 1473 600
f 939 894 113
f 2707 2682 2026
f 2186 2239 2736
f 2260 2187 1597
f 1613 1465 1468
f 634 1510 1958
f 981 965 1813
f 813 1228 26
f 903 2758 841
f 1571 925 1217
f 2260 1597 1004
f 568 1004 1597
f 715 1040 307
f 8 74 1323
f 1645 2790 665
f 1420 2222 1050
f 2494 860 2515
f 2569 2831 2855
f 1050 2222 1048
f 1605 1172 741
f 414 1803 424
f 2485 2719 2674
f 888 620 1265
f 156 2407 2467
f 515 1229 470
f 2008 1231 795
f 699 1635 1076
f 400 2075 2154
f 1834 571 1093
f 2458 1595 2511
f 2430 383 2586
f 414 2061 1803
f 1967 1283 759
f 2507 1604 401
f 2254 1336 2376
f 1608 828 1372
f 1831 1377 615
f 2 259 1627
f 1719 505 892
f 1435 1417 2553
f 2707 2026 440
f 1786 1858 1961
f 749 153 97
f 195 167 1245
f 1736 2193 1911
f 1011 1173 821
f 1777 368 377
f 940 2032 1471
f 2217 2811 2647
f 428 707 798
f 1831 615 680
f 1773 1837 1704
f 678 2009 2178
f 182 272 650
f 706 1487 1425
f 291 1857 1115
f 1115 1857 231
f 1858 1786 1654
f 977 2680 1198
f 401 1604 1185
f 1185 1604 2506
f 125 34 1635
f 1726 1866 1860
f 763 352 1238
f 615 1726 1863
f 1906 2592 2690
f 1574 1441 1452
f 1645 665 2081
f 1362 1559 284
f 2342 2272 2428
f 899 1032 715
f 2708 2228 1959
f 1555 2614 1185
f 2305 2819 2814
f 338 1264 346
f 641 1744 236
f 2469 2526 2313
f 2589 2509 2087
f 114 75 115
f 1387 1106 659
f 2813 2637 2809
f 63 569 744
f 2067 2127 2424
f 2546 2769 2813
f 554 1161 1880
f 554 1880 112
f 112 206 1879
f 554 112 1878
f 1880 1879 1878
f 2629 2486 1305
f 2531 2131 1809
f 2433 679 2691
f 2085 1039 2626
f 1056 140 704
f 2408 2207 2149
f 1374 1382 27
f 1883 76 1416
f 1581 296 2487
f 1321 1907 1602
f 1376 199 35
f 148 1402 1886
f 2319 525 2505
f 1010 648 1050
f 2643 2021 651
f 1892 453 445
f 923 872 1547
f 187 459 453
f 2433 2691 2441
f 2491 1803 2061
f 1034 1304 1442
f 1758 2449 2572
f 2543 2440 1141
f 584 1192 1674
f 1584 977 296
f 2126 2639 743
f 1207 2516 2676
f 2239 1445 2335
f 2750 2797 2688
f 1158 1725 2147
f 1952 690 684
f 362 775 20
f 2848 2769 2546
f 2187 2260 2708
f 132 1446 885
f 2568 1339 2332
f 1182 591 1276
f 19 139 718
f 61 19 718
f 1425 1854 655
f 1827 728 722
f 2038 243 1594
f 2316 2268 1718
f 1835 958 698
f 2484 2424 2127
f 1109 599 1275
f 1247 710 848
f 1973 2704 521
f 1487 722 728
f 1720 2057 2657
f 125 1266 1079
f 2749 1500 2692
f 795 3 1944
f 566 551 706
f 2435 1579 213
f 2186 2736 1169
f 771 1756 1675
f 1602 1908 1035
f 622 319 1577
f 1086 1930 355
f 507 545 136
f 458 673 506
f 1999 2082 1922
f 1353 907 458
f 579 77 941
f 907 1353 451
f 1427 38 362
f 1734 531 901
f 2400 2599 2388
f 2149 1870 2167
f 2205 647 2848
f 2841 2828 2306
f 2102 1833 1207
f 154 1614 392
f 1931 1513 317
f 1816 1802 1791
f 2762 2572 2714
f 712 1522 1058
f 2604 1901 2202
f 1938 1939 87
f 110 1938 2451
f 26 65 557
f 159 1972 193
f 2704 1383 521
f 877 1394 573
f 1845 1941 874
f 622 487 1264
f 251 244 897
f 2238 1025 260
f 1442 65 1034
f 2694 2278 2538
f 1980 137 1454
f 1185 2506 2013
f 1324 2694 2538
f 1600 995 472
f 1973 521 790
f 2478 1716 2336
f 401 576 392
f 1696 641 236
f 137 2449 1454
f 622 1264 1274
f 2317 1439 1622
f 30 777 745
f 709 576 2527
f 2765 2249 1566
f 858 1864 249
f 927 127 1619
f 1175 1151 1366
f 2115 2437 2083
f 8 55 74
f 2265 2622 2627
f 2059 86 388
f 1645 1774 2020
f 942 2125 137
f 2081 1131 1645
f 995 283 539
f 2804 2694 1709
f 624 1909 1971
f 160 1661 437
f 978 1159 461
f 1722 1731 1009
f 2304 2156 2789
f 1926 2338 1090
f 1090 446 1266
f 1950 229 2150
f 46 816 1348
f 1145 685 2620
f 2804 1709 2214
f 1979 1599 1491
f 914 1058 520
f 1187 1414 1842
f 2116 232 2052
f 1648 1842 1414
f 1967 559 1283
f 626 1765 1886
f 1592 2511 2300
f 1123 1422 1984
f 1954 50 1260
f 1270 1912 1272
f 536 905 2679
f 905 536 240
f 912 2305 1201
f 1939 2668 1310
f 1988 1310 2668
f 1242 202 1274
f 110 2668 1937
f 1989 112 1988
f 1071 1230 249
f 804 844 768
f 2439 2653 2231
f 2797 2761 1784
f 17 2602 15
f 2664 1474 2631
f 152 951 146
f 72 579 69
f 2482 2167 1185
f 2409 2404 2093
f 971 1475 959
f 895 1619 827
f 1794 1829 986
f 258 196 1629
f 2032 940 2139
f 2418 730 2135
f 1784 2569 2855
f 718 139 1473
f 2386 2589 2283
f 269 373 1424
f 961 967 1128
f 575 533 551
f 117 36 610
f 21 562 92
f 276 610 406
f 1144 484 365
f 1181 444 1783
f 1132 568 1597
f 1942 2488 2036
f 1123 2396 1422
f 2763 2809 2637
f 450 10 1883
f 1823 2818 1858
f 2625 2544 2543
f 675 361 368
f 1406 2490 1466
f 1811 2086 1452
f 2642 615 2239
f 724 1522 712
f 377 2294 1777
f 2573 2852 2818
f 2569 2573 2513
f 2476 2857 2851
f 906 926 1549
f 1578 1052 965
f 1649 2624 2182
f 355 1930 1993
f 940 191 2017
f 82 1003 876
f 72 77 579
f 920 188 207
f 322 328 543
f 1467 2624 1649
f 751 588 607
f 2386 2283 193
f 700 978 461
f 1760 1820 1156
f 1406 2059 2490
f 407 756 770
f 2783 2217 2659
f 1380 1292 985
f 1656 1485 1454
f 1746 1610 168
f 2472 2327 2596
f 1111 214 198
f 1677 2335 1445
f 178 698 583
f 495 2400 2352
f 1040 2079 870
f 686 1980 1454
f 817 811 1471
f 1470 393 397
f 903 2702 1683
f 2450 2706 474
f 1641 1439 2524
f 2482 1751 2562
f 1071 991 1828
f 2044 1916 1526
f 2796 2091 1740
f 2474 2642 2446
f 2855 2797 1784
f 2393 2587 2331
f 1439 1996 2524
f 2666 1467 1346
f 506 931 551
f 763 1089 773
f 551 931 706
f 692 1782 130
f 1966 1728 1834
f 2573 2818 2508
f 359 775 362
f 2660 2836 2166
f 2496 2697 1054
f 2325 1740 2091
f 2641 2632 2647
f 1167 1676 1209
f 1206 1288 169
f 2717 2428 1570
f 2785 2574 2246
f 2142 677 2473
f 2161 2779 2112
f 1381 106 2107
f 2244 2068 854
f 1740 759 1283
f 2045 691 2170
f 2208 1388 2064
f 1789 842 2078
f 1563 1036 272
f 1751 1412 2562
f 253 1261 955
f 567 671 2218
f 1742 1246 205
f 309 1976 671
f 15 2602 1876
f 1746 168 547
f 550 1976 309
f 1797 1015 1223
f 1209 928 1088
f 633 2240 742
f 902 2786 2465
f 2400 2388 2352
f 2289 1792 2775
f 2736 2066 1169
f 1992 2097 2039
f 163 530 513
f 750 1456 376
f 2562 2731 2408
f 2502 2519 2834
f 1111 1423 1573
f 2071 2642 2474
f 1359 731 128
f 2450 474 731
f 2626 2199 2300
f 603 625 1966
f 2294 2816 2602
f 1275 84 1109
f 2848 2546 2512
f 2156 2575 2789
f 715 307 899
f 2457 2015 2517
f 2626 2361 2199
f 2525 1720 2657
f 600 1473 409
f 600 409 1056
f 154 709 1718
f 556 484 293
f 86 2059 1406
f 55 8 1891
f 881 1137 1358
f 1374 1255 1382
f 2234 1905 1946
f 2070 1977 2027
f 1181 1783 1524
f 1113 1669 859
f 2141 1769 123
f 853 515 475
f 490 664 429
f 2365 2042 1210
f 467 278 1343
f 1794 444 1829
f 1995 1958 2539
f 2489 2715 2513
f 2731 2440 2567
f 1663 261 40
f 1587 870 2079
f 1875 1967 759
f 264 40 261
f 1979 1856 285
f 1412 2440 2731
f 2214 2731 2804
f 1363 2819 2636
f 271 1254 1205
f 6 14 269
f 1386 2494 2515
f 2431 2830 2685
f 1729 1601 1679
f 809 276 714
f 2442 2590 2554
f 368 1777 675
f 2634 2335 2060
f 905 240 1276
f 1664 2217 2548
f 1817 1694 1570
f 2095 2189 1754
f 1694 2118 1570
f 1472 1469 1108
f 2199 2361 2075
f 1020 1520 1102
f 2830 2560 2685
f 2736 2239 2757
f 1680 2462 1823
f 2608 1476 1477
f 2460 2331 1901
f 2690 1407 1906
f 1167 200 1695
f 1077 1695 200
f 129 562 21
f 763 299 1165
f 1674 2064 584
f 1848 1570 2124
f 1848 2124 2164
f 2577 1740 2325
f 1556 1676 1552
f 1207 2676 1841
f 171 445 1186
f 171 2050 445
f 2777 2144 2442
f 925 773 784
f 1490 1091 1019
f 1959 2228 2465
f 2764 1969 2402
f 174 1892 157
f 2123 1289 2027
f 2087 2045 2170
f 2084 1696 867
f 1376 1416 76
f 504 176 234
f 161 2301 2775
f 999 1223 1015
f 367 2114 2064
f 2176 1550 1733
f 2750 2512 2797
f 1247 1399 382
f 1475 369 959
f 277 1748 1421
f 2745 2703 2425
f 2460 2135 730
f 1187 1842 1083
f 455 1847 454
f 658 828 929
f 1741 1847 455
f 908 164 1271
f 2702 2435 1683
f 2606 958 839
f 231 2639 2126
f 1998 1715 1768
f 716 159 1968
f 2197 716 1968
f 2450 1760 2706
f 2622 2449 1758
f 1778 2746 837
f 2622 2265 2449
f 1286 407 466
f 2536 2564 1862
f 2111 289 2402
f 1721 2117 2078
f 1227 1458 2781
f 1340 2165 2177
f 419 922 849
f 1798 2180 2030
f 1576 2414 2405
f 2036 2348 1942
f 559 2423 2256
f 61 718 12
f 2058 2323 1587
f 1427 555 38
f 1364 140 914
f 2312 2727 1283
f 62 1181 1398
f 125 1635 771
f 950 269 14
f 1560 1730 866
f 1843 1038 1753
f 1696 1893 867
f 1671 2338 2010
f 1270 1593 1354
f 2538 1958 1995
f 2278 1958 2538
f 1646 1836 2169
f 236 1893 1696
f 755 326 107
f 2476 2688 2488
f 1351 1817 2332
f 2030 1553 1554
f 2781 1458 1737
f 2078 2056 1934
f 2759 2397 1803
f 341 765 331
f 1737 1458 2087
f 1927 495 2352
f 193 2517 332
f 1586 1926 446
f 1489 2612 1116
f 829 633 742
f 875 1164 657
f 2425 1283 2745
f 1912 2739 1272
f 2681 2018 2363
f 2402 289 1533
f 911 698 2057
f 2391 2532 2743
f 1756 286 1675
f 843 480 825
f 813 26 557
f 536 1105 240
f 590 762 1172
f 2570 2201 2711
f 1248 1275 595
f 2162 2174 2615
f 2648 313 2667
f 2431 2249 2601
f 644 765 483
f 1818 1714 2302
f 308 871 297
f 1070 543 380
f 865 572 880
f 1641 2524 1927
f 1804 1712 1770
f 2634 2642 2335
f 786 548 1345
f 420 1050 1048
f 2090 1077 2145
f 2218 2843 567
f 2287 2492 2496
f 1759 617 674
f 294 2158 1745
f 2452 1785 2521
f 2452 1639 1785
f 297 275 2107
f 2214 1324 2207
f 544 197 1183
f 372 306 985
f 905 2856 2679
f 2243 2495 1740
f 2244 205 570
f 2689 2679 2856
f 1896 535 2803
f 420 1048 993
f 231 2763 2550
f 1761 1110 1907
f 2153 2096 2067
f 483 1701 644
f 868 2730 93
f 2379 1519 156
f 156 383 2379
f 421 1196 1062
f 1150 918 967
f 600 1056 491
f 2276 2108 2662
f 1089 763 1238
f 491 389 271
f 342 271 389
f 1297 577 1358
f 2723 2305 2814
f 113 1625 1399
f 1682 1112 1107
f 79 245 1579
f 2558 390 1915
f 2362 1061 1160
f 2628 2580 2588
f 2588 2580 2548
f 243 807 1221
f 273 371 1945
f 1060 738 1840
f 1519 837 156
f 720 1501 329
f 1817 1570 1848
f 2166 2836 2122
f 1293 2607 1334
f 325 861 1300
f 2082 2016 2331
f 2188 2446 2642
f 1460 2031 1713
f 660 499 2819
f 2371 2083 2346
f 2673 2714 2572
f 2352 2153 2712
f 1627 259 1951
f 1972 68 2193
f 1059 1079 1443
f 2744 2708 1959
f 1181 1524 1398
f 1899 834 836
f 899 2267 2034
f 883 1443 1079
f 1303 2197 2019
f 2522 739 1500
f 1809 2131 2518
f 2838 2488 2688
f 1809 2518 2194
f 255 560 753
f 2576 2527 2514
f 703 1813 722
f 2233 2693 2652
f 88 1767 2173
f 1795 1821 1814
f 2465 2143 1959
f 1693 797 1398
f 2386 903 2589
f 2251 2250 746
f 1862 1821 2342
f 1789 1934 1256
f 1253 11 1008
f 1471 2032 996
f 1910 1049 1544
f 107 51 434
f 2398 2035 2615
f 445 639 820
f 856 403 1067
f 1463 2258 666
f 1413 2155 2224
f 2208 2064 2114
f 863 879 426
f 1366 1151 150
f 1488 1700 792
f 2558 2505 2010
f 1926 957 527
f 1693 1871 2559
f 2082 1386 2133
f 2684 2580 2628
f 2341 2307 1775
f 962 233 553
f 1279 1986 1855
f 1652 1556 1552
f 2282 2157 857
f 1852 1719 892
f 1294 1273 687
f 1868 1494 1234
f 2721 245 2410
f 638 1710 1753
f 2541 1970 2766
f 1490 212 1034
f 262 250 1910
f 2310 2257 2540
f 1292 1237 1250
f 764 1237 1292
f 239 417 13
f 2376 2587 2318
f 319 463 216
f 1889 1894 2140
f 2835 988 2852
f 109 1671 1983
f 2408 2149 2167
f 2768 2442 2144
f 780 2219 2349
f 788 1211 785
f 2666 2477 2136
f 2331 2720 1901
f 1373 1514 1632
f 1644 1632 1514
f 1513 1931 636
f 2556 2719 2485
f 1488 633 1700
f 2428 1338 1570
f 2510 2356 2509
f 1701 1699 644
f 1062 1451 421
f 1486 218 2000
f 122 779 1174
f 787 1516 1307
f 1268 257 1145
f 2423 1798 2256
f 474 864 731
f 1749 1163 1432
f 2034 1432 1163
f 2094 1793 1708
f 2229 2019 2197
f 1769 943 123
f 2142 2697 2545
f 134 943 1769
f 2786 1968 872
f 2416 1555 2427
f 2554 1338 2442
f 2729 2557 2759
f 114 1981 75
f 455 2086 1717
f 37 1456 129
f 1309 27 2000
f 300 65 1442
f 1026 98 1545
f 2637 2848 2772
f 963 499 1496
f 1245 1059 195
f 1485 686 1454
f 73 248 1382
f 629 2297 1929
f 2488 2111 2036
f 2503 2815 1720
f 2363 2018 2355
f 2581 2233 2323
f 2082 2734 2016
f 2567 2440 2543
f 1496 499 1233
f 868 2557 2730
f 2312 1283 559
f 2024 1721 2078
f 2169 1773 2236
f 1803 2397 1308
f 328 1130 1137
f 2023 2113 842
f 1688 383 156
f 1519 2621 1778
f 1705 743 2728
f 211 2290 1585
f 743 2205 2728
f 1593 2274 2096
f 1087 1456 750
f 1657 1591 2788
f 2626 2300 2085
f 917 1621 482
f 2684 2579 2580
f 2232 1903 935
f 1962 731 748
f 615 2286 2239
f 1798 2423 1466
f 1388 2316 1575
f 1666 1415 719
f 2187 2708 2805
f 1321 1602 286
f 1106 1387 1075
f 114 1212 601
f 1898 2103 2012
f 2218 671 2227
f 1643 1269 1318
f 1552 1695 314
f 46 968 961
f 1674 367 2064
f 2288 2273 2413
f 320 419 1087
f 1876 2602 2387
f 97 1753 485
f 2329 1240 1226
f 1257 296 977
f 763 773 925
f 2249 2678 2782
f 2391 2743 1418
f 2465 2786 2143
f 1598 2467 289
f 1975 2500 2469
f 2618 2321 2362
f 2414 2045 1799
f 768 438 1569
f 1451 141 1651
f 2082 2460 2209
f 995 1600 976
f 2008 1765 1106
f 2526 2287 2528
f 1689 2354 1243
f 1765 1166 1106
f 144 415 2059
f 220 605 569
f 2791 2725 2643
f 499 963 2522
f 1418 2384 1684
f 1518 268 1544
f 941 1068 210
f 1402 642 1886
f 1382 248 238
f 1135 2680 1366
f 121 223 818
f 2157 2643 651
f 1161 534 1095
f 2232 1780 882
f 2113 1457 2109
f 401 1650 576
f 1084 919 838
f 1099 984 1104
f 2062 1545 1712
f 746 2250 2284
f 139 712 409
f 2260 109 1908
f 2328 1978 1436
f 2260 1908 1983
f 1466 2423 1406
f 335 1390 1559
f 1687 1596 1346
f 1078 808 969
f 1814 1821 1904
f 2181 2177 2671
f 2558 918 2097
f 2025 2226 1467
f 1651 1966 1451
f 2584 2841 2850
f 1697 2585 1949
f 2471 2361 1039
f 2098 2344 2640
f 1315 447 457
f 1114 2151 2033
f 380 280 282
f 651 1352 2218
f 135 2223 612
f 1587 2079 1588
f 2646 1363 2636
f 2688 2855 2831
f 525 60 2066
f 1949 209 1697
f 403 431 1341
f 890 1208 880
f 2838 2688 2831
f 2823 2827 2575
f 918 1581 2487
f 1299 2250 211
f 2160 1820 2121
f 581 601 343
f 2595 2285 2493
f 1192 1388 2072
f 2054 1585 2176
f 2753 2342 2821
f 2723 2814 2749
f 473 822 1204
f 2412 2376 2318
f 2253 1248 2180
f 553 1259 898
f 2080 746 2203
f 2352 2712 2146
f 2835 2853 988
f 1702 291 1115
f 2009 678 2119
f 2070 1289 1819
f 735 2062 260
f 1585 2054 2051
f 2591 2823 2519
f 349 14 498
f 1395 1200 2195
f 2233 2581 2298
f 2090 886 1695
f 2218 1352 1530
f 2752 2632 2641
f 1273 688 687
f 1329 869 197
f 2280 2448 2095
f 1059 1443 195
f 2756 2517 2283
f 2624 2136 2747
f 197 201 1183
f 2348 2036 2111
f 1008 2337 1014
f 2106 2095 1622
f 2095 2105 2280
f 671 1379 2227
f 1932 2845 1904
f 835 1465 173
f 1935 433 1771
f 1560 640 1096
f 1739 1613 1468
f 2480 2828 2833
f 496 749 1711
f 1823 1690 1832
f 2347 2748 2810
f 2565 2607 2544
f 1428 729 979
f 1596 2492 2666
f 2530 2531 2367
f 2289 1751 2013
f 379 970 92
f 1598 289 2111
f 1903 1449 935
f 121 224 223
f 2358 1740 2425
f 1283 2425 1740
f 1109 84 1279
f 2267 589 2034
f 2506 1792 2289
f 2701 2684 2628
f 447 1315 248
f 1477 2382 2286
f 2382 1477 1857
f 2286 1874 1477
f 2508 2513 2573
f 274 1526 1916
f 1447 1770 603
f 562 2423 559
f 1830 1815 440
f 2294 2602 1777
f 1224 219 1851
f 403 1341 1300
f 2039 1125 1992
f 1428 1378 729
f 2140 2720 1889
f 2801 2594 1668
f 495 1927 2524
f 1927 2356 1641
f 2088 1413 1727
f 2087 2170 2283
f 1248 2415 2180
f 1589 313 2744
f 589 2267 384
f 190 1493 1846
f 2530 1743 1833
f 1145 1626 1268
f 2417 1755 2383
f 635 2360 2337
f 1363 2698 2819
f 247 222 1957
f 2094 1708 1307
f 2064 1388 584
f 224 1573 1681
f 591 1182 924
f 1227 1270 1458
f 2752 2588 2632
f 1646 433 164
f 779 376 37
f 1740 2358 2243
f 459 1846 895
f 2289 2301 1751
f 2749 2844 2483
f 2350 691 1270
f 2297 979 230
f 2757 2286 231
f 1823 1858 1680
f 1887 1507 1515
f 1063 826 1329
f 50 1954 216
f 1024 2655 583
f 2054 1706 2076
f 2553 2219 2129
f 1573 224 1111
f 2761 2546 2813
f 235 1046 1194
f 645 29 284
f 2569 1784 2761
f 2851 2857 2728
f 1201 2305 2723
f 912 1201 2723
f 2088 1845 1042
f 2632 2588 2647
f 1863 2763 1479
f 2327 2740 2345
f 2572 2120 1758
f 2110 2200 102
f 2258 667 2330
f 2356 1927 2351
f 1766 2248 635
f 1955 1735 1378
f 625 1451 1966
f 2757 2239 2286
f 411 781 117
f 2284 2203 746
f 2464 563 1430
f 1395 1360 1200
f 2267 899 2850
f 2446 172 2474
f 1190 1746 44
f 563 676 1430
f 2301 2018 1751
f 1639 757 2523
f 1472 927 1392
f 2295 886 2090
f 1564 2534 790
f 653 169 252
f 1074 1394 1557
f 2153 2352 2388
f 693 2181 1564
f 1596 2650 2298
f 2578 1645 2778
f 2501 2604 2202
f 2554 1639 2452
f 2554 757 1639
f 647 2772 2848
f 2354 2254 2376
f 1227 2274 1593
f 2721 2014 2385
f 2721 2385 1043
f 149 1055 845
f 2550 2639 231
f 2578 2776 1645
f 1719 1818 1055
f 857 2511 2282
f 323 22 306
f 1694 2538 1995
f 2233 2684 2323
f 2759 2321 2618
f 2233 2579 2684
f 1430 676 624
f 1598 2488 2838
f 1638 2401 2486
f 373 269 950
f 1415 1723 41
f 2078 2113 2024
f 2103 2006 2454
f 2504 1964 1575
f 1291 1265 1495
f 438 768 1092
f 222 733 670
f 1164 994 1165
f 2400 2385 2381
f 548 721 717
f 2584 2850 2641
f 2427 2167 1870
f 2836 2660 1047
f 1713 1700 829
f 1258 776 1763
f 1340 2209 2165
f 2051 1299 1585
f 2077 2152 2179
f 998 236 1258
f 471 523 2044
f 2541 2658 1051
f 287 295 448
f 2448 213 2095
f 2717 2821 2428
f 1412 1141 2440
f 2537 2729 2759
f 2217 1664 2695
f 1298 369 1747
f 2164 2452 1848
f 224 1681 744
f 426 2309 863
f 2665 2466 2566
f 1445 2334 1677
f 302 394 1655
f 1942 1969 1724
f 2666 2136 2624
f 1536 62 797
f 164 628 1646
f 2447 2843 1530
f 558 1001 1828
f 467 1343 469
f 2305 2636 2819
f 1705 1671 743
f 2334 1445 2186
f 1482 1387 291
f 104 796 884
f 958 339 1547
f 2403 2834 2816
f 480 922 315
f 2360 635 1991
f 2728 2205 2848
f 1582 1708 1793
f 2132 1307 1708
f 1820 1667 2479
f 2238 260 666
f 2101 1708 1582
f 2750 2846 2512
f 814 2438 2456
f 2453 2438 814
f 1873 2117 1721
f 1873 1721 1946
f 2775 2301 2289
f 2850 2841 2839
f 2361 2626 1039
f 1038 1843 1510
f 2426 2514 2416
f 1735 1955 2255
f 2520 2828 2841
f 2684 307 870
f 2628 2752 2701
f 2505 1915 2319
f 160 162 1255
f 152 840 1064
f 2132 2238 2258
f 2378 2058 1045
f 2062 666 260
f 437 719 1415
f 1602 1505 1908
f 1601 1729 2320
f 2684 1587 2323
f 1674 1385 2616
f 2446 2188 172
f 1612 2176 2290
f 131 247 1220
f 2108 1673 2662
f 2239 2335 2642
f 1533 2407 215
f 1533 289 2407
f 465 1021 1925
f 2512 2546 2797
f 1042 1413 2088
f 981 1813 703
f 1645 2776 2790
f 2489 2513 2508
f 444 1181 153
f 1474 2773 2201
f 1861 611 770
f 2848 2512 2846
f 1987 971 369
f 1750 1888 1858
f 1868 61 12
f 2597 2604 2501
f 1474 2664 2773
f 2638 1974 2439
f 2072 2075 400
f 471 1140 412
f 1604 1792 2506
f 2355 2018 2301
f 604 1931 1600
f 153 62 1536
f 2528 2075 2471
f 1235 956 944
f 2526 2528 2471
f 1510 1843 1958
f 2558 1915 2505
f 2342 2753 2436
f 693 824 2555
f 1811 1790 1129
f 1163 899 2034
f 338 1274 1264
f 203 431 279
f 837 1519 1778
f 186 580 192
f 1607 1279 1855
f 1868 627 1405
f 1592 400 2458
f 1122 1274 338
f 2211 1244 2695
f 2469 2500 2526
f 917 500 1672
f 1407 2690 1504
f 2837 2419 2420
f 2734 2774 2549
f 2104 1975 2477
f 1588 1222 1997
f 2477 1975 2434
f 787 2002 2288
f 1847 1501 1523
f 545 558 136
f 456 38 710
f 176 410 688
f 2761 2835 2852
f 413 171 1063
f 625 603 1770
f 362 38 456
f 777 78 736
f 2216 2250 2251
f 426 879 273
f 2765 1738 932
f 2752 2628 2588
f 2765 1566 1567
f 2540 1551 677
f 594 436 1788
f 990 904 1902
f 2063 2216 2339
f 1578 469 920
f 1639 2523 1913
f 2188 2642 2634
f 2004 979 815
f 2379 383 2430
f 1022 2225 1020
f 1958 2345 2539
f 2331 2460 2082
f 2420 1150 2837
f 680 615 1856
f 2233 2652 2623
f 1877 2593 2326
f 2176 2088 1727
f 193 1319 780
f 486 892 505
f 637 1501 720
f 161 2355 2301
f 735 1545 2062
f 1026 1545 735
f 1307 2132 1849
f 1566 1565 1567
f 2155 879 2224
f 279 408 203
f 2803 2333 1896
f 2021 2434 1352
f 2113 2078 842
f 385 1776 2155
f 2809 2835 2813
f 430 344 1526
f 1132 1004 568
f 1912 1576 2405
f 1066 1295 898
f 2076 2309 1793
f 863 2309 2076
f 367 1674 2266
f 2490 2529 2253
f 1655 1218 302
f 882 1780 935
f 482 783 612
f 2242 1214 1448
f 2002 2273 2288
f 503 2225 852
f 1058 1944 520
f 793 1076 167
f 2769 2637 2813
f 98 1621 1545
f 2317 495 1996
f 2368 2328 2735
f 1518 2043 1083
f 790 2534 1973
f 355 1993 1691
f 667 2023 1920
f 974 1646 2169
f 422 432 391
f 2340 2328 1436
f 2167 2562 2408
f 1239 1807 71
f 2555 754 2181
f 2043 862 1083
f 1976 1379 671
f 2540 677 2310
f 1107 1528 1682
f 2090 2145 2295
f 677 2545 2310
f 2084 402 641
f 313 2805 2744
f 2635 2778 2231
f 1369 1598 2715
f 1592 2300 1192
f 2040 1934 2056
f 1939 1988 2451
f 1939 2451 1937
f 2054 2076 1793
f 360 452 2
f 1096 1532 1107
f 1872 1934 2179
f 1666 1943 1415
f 1872 2179 2152
f 1406 416 734
f 2191 2264 2799
f 2849 2710 2660
f 1532 1528 1107
f 2002 2271 2273
f 1825 579 941
f 415 1470 646
f 2786 2197 1968
f 696 232 2027
f 2823 2575 2816
f 1116 2226 1489
f 2483 2844 2832
f 1810 1572 1615
f 146 692 130
f 1017 1176 541
f 791 1392 921
f 541 1176 1133
f 1576 691 2045
f 1876 2387 2159
f 713 261 1113
f 668 695 540
f 21 37 129
f 2295 2145 275
f 706 1425 566
f 416 1406 5
f 1391 6 54
f 1449 658 587
f 326 1335 933
f 1292 374 985
f 1728 318 433
f 644 546 2037
f 1859 1736 1921
f 829 1700 633
f 2546 2761 2797
f 736 1438 1854
f 66 13 435
f 24 1848 2521
f 2592 512 2690
f 2592 2491 512
f 680 1856 1979
f 755 1335 326
f 384 2267 2839
f 2846 2750 2851
f 1947 2222 1781
f 2543 2411 2567
f 815 979 1521
f 1742 755 107
f 806 815 1521
f 2312 1801 2196
f 2553 2129 1435
f 1289 2070 2027
f 836 904 1634
f 1305 2815 2503
f 742 755 854
f 2620 1626 1145
f 949 1682 1884
f 2832 2812 2824
f 656 660 120
f 1642 1501 1847
f 1294 1483 1313
f 2385 2269 2381
f 620 1670 1322
f 2357 1294 1313
f 1899 1512 1508
f 1584 1586 2805
f 1207 1833 2516
f 2111 1969 2348
f 1275 2099 84
f 2492 1596 2697
f 2575 2246 2789
f 1585 1299 211
f 411 132 612
f 1606 83 349
f 1624 571 2110
f 2666 2624 1467
f 255 1206 560
f 148 19 1234
f 1895 761 520
f 1447 603 2259
f 1208 890 834
f 742 2175 829
f 2315 2047 347
f 1112 20 67
f 2847 2842 1389
f 2236 974 2169
f 1027 1405 212
f 1061 440 2026
f 2586 1485 2430
f 2536 1871 2564
f 1536 1753 97
f 1633 2166 2130
f 397 163 323
f 923 2186 1169
f 1158 678 2178
f 2061 301 662
f 2849 2660 2166
f 2317 2400 495
f 2254 2390 1336
f 25 66 864
f 2051 2094 1516
f 1643 1411 1269
f 1293 2630 2607
f 2547 2439 1974
f 2330 2132 2258
f 460 509 1678
f 637 1529 1523
f 2806 2856 924
f 2264 1913 2799
f 2840 1838 2671
f 2304 1871 2854
f 653 252 560
f 713 295 261
f 727 1997 2270
f 2103 2364 2006
f 216 1577 319
f 350 1383 2704
f 229 1950 226
f 1438 736 78
f 580 1475 57
f 91 964 1787
f 2141 1493 190
f 2850 899 2752
f 2709 1412 1751
f 982 1096 640
f 2434 1530 1352
f 373 1176 2138
f 806 1370 815
f 580 57 1790
f 1567 512 2061
f 2508 1822 2489
f 1872 1256 1934
f 899 307 2701
f 124 2204 6
f 2231 2638 2439
f 2166 2185 2130
f 1840 429 664
f 254 281 321
f 1405 1355 1868
f 2288 1516 787
f 2708 2744 2805
f 1516 2288 2275
f 166 1511 41
f 1671 1705 138
f 330 529 542
f 2507 1890 1430
f 521 1436 1978
f 2842 2847 2812
f 1750 2392 2252
f 1330 194 1317
f 1887 655 1138
f 1299 2051 2275
f 594 1943 1666
f 778 2250 2216
f 1574 1452 1480
f 1804 711 2062
f 1465 329 358
f 1811 1129 1717
f 2110 102 2109
f 1557 322 552
f 1568 1394 877
f 974 532 102
f 532 974 2236
f 1190 1993 87
f 1134 2198 1870
f 2351 2146 2712
f 648 1010 1002
f 1833 1743 2743
f 1169 2066 60
f 2047 1976 550
f 1773 1537 1837
f 2300 2511 857
f 1898 2743 596
f 2293 1754 2189
f 473 1199 1041
f 2502 2787 2801
f 1255 237 306
f 655 1269 1411
f 631 992 1837
f 1702 1698 1482
f 1337 782 605
f 1473 1527 718
f 2054 2176 1706
f 2051 2054 1793
f 1089 1238 519
f 1538 2391 1418
f 2416 1650 1555
f 651 597 857
f 1418 1684 1538
f 1043 2317 1754
f 938 1600 1931
f 316 292 875
f 2296 557 65
f 1410 1072 1180
f 2252 2409 2093
f 2394 1852 1693
f 2751 2467 1598
f 2012 2103 2454
f 1617 2617 1850
f 81 471 412
f 2564 1904 1821
f 2205 743 2772
f 1260 498 228
f 131 1954 1260
f 675 1777 17
f 880 572 1637
f 329 1501 1286
f 668 540 49
f 1097 135 132
f 694 1779 703
f 582 1849 1256
f 1998 2849 1715
f 1715 2849 2166
f 2159 2295 1876
f 2697 2581 2545
f 2367 2531 2190
f 970 379 1455
f 1765 1522 1886
f 1522 1765 1944
f 2458 2154 1595
f 1887 575 566
f 834 1899 658
f 2085 2300 597
f 2799 2523 2344
f 490 1613 1739
f 1694 1995 2118
f 1113 56 1669
f 2575 2387 2602
f 535 2343 824
f 2660 2710 1047
f 2522 963 739
f 2300 857 597
f 2712 1240 2351
f 1497 2820 1189
f 585 2122 2836
f 1348 816 883
f 1956 2192 1726
f 2707 440 1401
f 2354 1492 1243
f 2233 2623 1805
f 540 695 288
f 2481 2404 2392
f 2853 2392 988
f 390 2558 2053
f 347 2047 550
f 2721 2820 2014
f 1743 2771 596
f 1457 2110 2109
f 2315 1658 2047
f 1037 696 1955
f 2784 2812 2847
f 399 887 464
f 909 2109 102
f 193 1972 1319
f 1047 357 585
f 1419 64 1681
f 1165 994 346
f 681 40 1365
f 2385 2317 1043
f 193 780 2349
f 2190 2551 2669
f 352 487 1238
f 1210 953 956
f 2145 1077 969
f 2428 2442 1338
f 300 528 772
f 1247 113 1399
f 1941 1919 2079
f 183 1062 223
f 2176 1733 2088
f 648 1493 1050
f 2638 2778 1645
f 434 926 1057
f 883 1400 1348
f 1862 2564 1821
f 1079 1400 883
f 178 583 2655
f 1725 2052 2046
f 2802 2120 2572
f 2820 2721 2410
f 2777 2442 2272
f 1141 2625 2543
f 1987 1298 1320
f 2518 2671 2194
f 1348 1400 1257
f 2480 384 2839
f 2296 65 300
f 371 879 398
f 2306 2480 2839
f 1704 1099 2236
f 1994 1534 1998
f 1672 625 537
f 658 1449 1903
f 532 2004 909
f 468 439 460
f 836 1512 1899
f 2587 2292 2331
f 2113 2023 1457
f 1576 2045 2414
f 2292 2720 2331
f 320 750 376
f 1380 985 237
f 530 163 393
f 2828 2480 2306
f 757 2344 2523
f 1586 1584 957
f 632 990 1902
f 1318 1387 1482
f 417 713 859
f 1482 1698 1318
f 2296 300 315
f 1764 573 1628
f 669 1649 2134
f 2815 2486 911
f 2492 2500 2104
f 1633 1715 2166
f 80 741 282
f 1237 764 887
f 2658 2713 1051
f 1818 1719 2394
f 247 131 222
f 2428 2272 2442
f 2124 1570 2164
f 2607 2565 1334
f 2253 1275 1248
f 1463 1457 2023
f 401 1890 2507
f 1448 1010 420
f 2241 1962 1620
f 93 1962 2241
f 2806 357 1047
f 1108 127 927
f 184 2263 2003
f 2551 2190 2443
f 2469 2447 2247
f 301 2061 619
f 173 1613 1263
f 145 380 282
f 124 1511 166
f 2481 2809 2716
f 380 145 1070
f 2275 2051 1516
f 2447 2469 2313
f 792 2215 1488
f 1728 1966 1651
f 1149 697 1018
f 1918 561 1220
f 2098 2191 2799
f 2073 1157 1623
f 1568 1288 1394
f 2803 535 2137
f 315 772 480
f 1770 537 625
f 363 2307 2324
f 134 564 943
f 927 1619 1392
f 143 364 793
f 2302 1055 1818
f 2404 2481 2093
f 2799 1913 2523
f 602 858 1528
f 2490 1917 2529
f 230 1977 1929
f 463 51 42
f 267 1343 278
f 2328 2368 1978
f 1904 2564 1932
f 2526 2500 2492
f 1068 948 1271
f 2492 2287 2526
f 865 1608 608
f 2368 2033 1978
f 655 1854 1438
f 186 1659 580
f 2599 1593 2388
f 2401 1685 2370
f 32 418 511
f 1822 2586 2715
f 2747 2136 2725
f 901 531 1203
f 2104 2666 2492
f 315 300 772
f 2059 388 144
f 2338 1581 918
f 1951 1322 1627
f 2059 864 474
f 604 636 1931
f 2498 2150 2390
f 150 1942 945
f 1283 2727 2745
f 185 168 689
f 2045 1458 2112
f 26 1091 65
f 1047 585 2836
f 2455 191 2041
f 2464 2681 2363
f 2681 2464 1334
f 598 587 1508
f 993 1448 420
f 596 2743 1743
f 1458 2045 2087
f 1858 1888 1961
f 1722 877 1731
f 1300 861 1067
f 2527 1293 709
f 2164 2699 2452
f 1213 158 1985
f 530 94 513
f 1040 870 307
f 2853 2835 2392
f 1534 2710 2849
f 957 725 1586
f 1740 2125 759
f 2433 2576 2426
f 1518 1544 2043
f 2807 1534 1994
f 2236 1773 1704
f 1868 12 627
f 500 917 482
f 1615 1572 1647
f 1334 1430 1897
f 1109 1279 599
f 98 1945 2195
f 371 273 879
f 1837 992 984
f 1434 906 1549
f 2176 1612 1550
f 2595 2587 2393
f 2362 2321 2644
f 2510 1641 2356
f 2708 2260 2228
f 64 1419 361
f 2198 1134 2003
f 2436 1862 2342
f 2284 2275 2203
f 154 2268 1614
f 2403 2294 384
f 557 315 922
f 2100 1114 2069
f 1442 528 300
f 2389 2785 2246
f 2245 1464 2359
f 1507 1644 1515
f 2630 2527 2576
f 2074 2046 2147
f 2377 1736 2525
f 2531 2443 2190
f 851 2232 1459
f 862 1038 1083
f 1944 1058 1522
f 2221 2579 1805
f 2223 1672 500
f 1462 249 1734
f 1391 287 448
f 2237 2359 1464
f 2357 1313 1453
f 1710 502 1711
f 2056 2078 2117
f 2842 2807 1994
f 2295 2159 886
f 2159 1142 886
f 2644 679 2362
f 1534 2849 1998
f 116 1252 364
f 2761 2852 2569
f 2720 2202 1901
f 2224 863 2076
f 2510 1683 1641
f 1698 1643 1318
f 920 1052 1578
f 1469 517 1108
f 967 966 1705
f 2334 2060 1677
f 2749 2483 2824
f 1927 2146 2351
f 310 333 23
f 1973 2007 2456
f 2834 2403 2480
f 191 817 814
f 2455 1973 2456
f 747 573 1018
f 2137 824 521
f 2589 2510 2509
f 2409 2252 2392
f 2082 1340 1640
f 563 2464 2363
f 1698 1411 1643
f 2313 2471 2315
f 216 42 50
f 850 1114 2033
f 2147 791 1952
f 851 1903 2232
f 1844 1858 2406
f 2062 711 666
f 1965 1781 1219
f 1304 627 614
f 526 1292 1250
f 528 614 439
f 676 1909 624
f 2126 2010 2757
f 1898 596 2103
f 2058 1588 1997
f 1118 1520 1023
f 528 439 468
f 2262 2398 2174
f 2212 1960 1609
f 470 147 1215
f 98 2195 1200
f 2242 986 496
f 2023 842 1920
f 680 1839 1831
f 1059 1245 1079
f 680 1562 1839
f 2338 1671 568
f 680 2763 1562
f 800 1625 894
f 1317 194 1282
f 1147 1035 109
f 838 103 789
f 1772 1188 2558
f 807 708 1437
f 2102 2533 2535
f 373 2138 1424
f 1207 2533 2102
f 2711 2201 2598
f 2552 1894 2726
f 1099 2004 2236
f 1239 1130 1807
f 112 1095 1988
f 460 1678 468
f 2232 1406 2423
f 1692 1822 1867
f 1561 1227 2781
f 1664 2654 2695
f 2835 2809 2481
f 776 1861 756
f 908 1271 869
f 2311 1145 2737
f 2824 2445 2832
f 2033 2368 850
f 1608 849 608
f 2729 2537 2478
f 2201 2773 2598
f 2520 2841 2584
f 1997 1045 2058
f 2089 1945 1026
f 2011 2089 1026
f 281 2357 1453
f 1583 2645 2281
f 1847 1741 1642
f 2467 2751 1688
f 2547 2561 2439
f 2019 2229 1983
f 1231 1732 78
f 2716 285 2481
f 310 23 308
f 723 78 1732
f 1615 1049 785
f 542 572 330
f 1665 2665 2007
f 290 7 1371
f 1359 58 748
f 2528 2154 2075
f 2105 1683 213
f 4 52 598
f 1934 1789 2078
f 2713 2695 1051
f 392 1614 2371
f 378 417 859
f 2694 2441 2278
f 1438 78 723
f 2520 2217 2783
f 1615 1647 900
f 1296 208 1933
f 2514 2426 2576
f 691 2696 2283
f 845 1965 1219
f 1673 2108 2705
f 124 448 705
f 1777 2602 17
f 2479 1948 2463
f 1186 1537 1063
f 1986 2463 2733
f 70 2374 2582
f 1624 2259 1093
f 2151 1978 2033
f 2838 2831 1598
f 2200 1771 102
f 2484 1561 1806
f 1534 2807 2842
f 711 1770 1447
f 1749 1432 418
f 1375 1132 1597
f 1796 2555 824
f 2754 2457 2756
f 2756 2457 2517
f 2659 2792 1936
f 2854 1623 2304
f 945 918 150
f 2061 662 1891
f 1378 805 1037
f 2179 2022 2077
f 1623 2854 2073
f 2471 2313 2526
f 366 962 884
f 1389 2842 1994
f 1008 11 635
f 2599 1354 1593
f 2073 1871 1693
f 2162 2262 2174
f 2020 1900 2662
f 2142 2262 2162
f 2749 2824 2793
f 614 528 1442
f 1454 2449 2265
f 249 1462 858
f 2142 2473 2262
f 2769 2848 2637
f 1598 2111 2488
f 2089 426 273
f 1409 1102 1520
f 2373 1607 1865
f 1531 990 632
f 2290 211 2270
f 1932 2785 2760
f 1916 523 1396
f 2247 2434 1975
f 1873 1940 2117
f 1874 2286 2608
f 2333 2663 1896
f 2663 2333 2049
f 1675 1148 1132
f 2607 2542 2544
f 2128 428 789
f 795 30 3
f 2824 2812 2784
f 2785 2564 2574
f 2106 1622 2448
f 1058 914 712
f 1044 2237 2035
f 1192 2072 400
f 917 1672 1712
f 1824 1437 708
f 1979 2716 680
f 1664 2672 2654
f 2101 1025 2238
f 2047 1658 2600
f 56 1113 336
f 2844 2689 2812
f 1416 1376 354
f 354 1433 1416
f 709 154 392
f 2098 2799 2344
f 797 2327 1843
f 1170 754 1922
f 2415 1248 2148
f 2234 1521 2297
f 84 1098 1279
f 1923 345 1830
f 1085 423 1314
f 2647 2588 2548
f 708 1072 1824
f 808 1078 1088
f 1430 624 2507
f 727 2235 1045
f 1932 2564 2785
f 1413 2224 1706
f 194 552 543
f 2247 2447 1530
f 1208 828 1608
f 545 1001 558
f 562 379 92
f 1793 2309 1582
f 1099 1704 984
f 238 2000 27
f 2279 2307 2341
f 123 943 165

