# https://github.com/mikedh/trimesh
v 0.08428983 0.02317431 0.07152583
v 0.04574712 0.02199763 -0.05053912
v 0.12988022 -0.11189891 -0.18911579
v 0.05360472 -0.00558775 -0.09103090
v -0.00747600 -0.00767275 -0.02556575
v 0.06870925 -0.00468025 -0.10344075
v 0.06270593 0.00106806 -0.09863634
v 0.07343537 -0.00507216 -0.11385356
v 0.00289200 -0.00722200 -0.03691900
v 0.06647006 -0.00511341 -0.10534941
v 0.00542600 0.02488100 -0.00645800
v 0.12411572 0.00330994 -0.17016087
v 0.12457418 0.00736063 -0.16746131
v 0.10198358 0.02428978 -0.10841977
v 0.00854313 -0.00620727 -0.04230700
v -0.12108838 -0.00388256 -0.10188144
v 0.13069811 -0.08141404 -0.18745451
v 0.13220493 0.02578088 -0.17605694
v 0.14355400 0.02440900 -0.15210900
v 0.13688003 0.02488509 -0.14404672
v -0.19566412 0.33380306 0.11036794
v 0.08812475 0.00355737 -0.11317912
v 0.13140874 -0.09502025 -0.18790317
v -0.11990825 -0.00190525 -0.09486888
v 0.08723050 -0.00519647 -0.12222932
v 0.06644262 0.02164525 0.07426012
v 0.07075263 0.02106941 0.05687762
v -0.17598094 -0.13549501 0.14736401
v 0.04947219 0.02232125 0.05962800
v -0.17970300 -0.34159899 -0.18239300
v -0.19246553 -0.34728175 -0.16306856
v -0.19490725 -0.34233576 -0.16337524
v -0.19321150 0.33685401 0.11300050
v 0.13519578 -0.05420662 -0.16436519
v 0.03024309 0.02305345 0.04457595
v -0.11979412 -0.00743263 -0.10443350
v 0.13583869 -0.02092912 -0.16300100
v -0.11781741 -0.00715106 -0.11030784
v 0.13279800 -0.04112600 -0.18625350
v 0.05012894 0.02131178 0.03567741
v 0.12850085 -0.05212859 -0.17823391
v 0.03796063 0.02248075 0.04861850
v 0.13052155 -0.05481048 -0.16549434
v 0.14261650 -0.36067024 0.15478450
v 0.13078162 -0.12261660 -0.18739294
v 0.12742397 -0.06100541 -0.17771581
v -0.06473985 0.02606064 -0.07072829
v -0.18895650 -0.34265199 -0.17893951
v 0.12936576 -0.04047150 -0.16886000
v -0.17467350 -0.34565124 -0.17717700
v 0.02836300 0.02156062 0.04267538
v 0.12687474 -0.08909384 -0.17819737
v 0.03327569 0.02285000 0.02024369
v 0.13282855 -0.09790814 -0.16689022
v 0.12904234 -0.09984119 -0.17029631
v 0.13001969 -0.09940763 -0.16897835
v -0.17797637 -0.16432844 0.14923900
v 0.12959084 -0.10358719 -0.16789812
v -0.18943150 0.33376026 0.10488100
v 0.05716772 0.02420284 0.12212835
v -0.02124080 -0.00886806 -0.01002856
v 0.07784706 0.02133312 0.06540038
v -0.02862100 -0.00750813 -0.00327500
v 0.13067169 -0.00689081 -0.16488652
v -0.17644300 -0.17023988 0.14828518
v -0.02223586 -0.00566436 -0.01008705
v 0.09133669 -0.00688859 -0.11732281
v 0.09536300 -0.00897350 -0.11692700
v 0.09453312 0.02472500 0.08268175
v -0.19161651 0.33682999 0.10960200
v 0.05039775 0.01980937 0.14368628
v 0.06061575 0.00625863 -0.09923200
v 0.08996100 0.01926400 0.09968850
v 0.12915997 -0.12708479 -0.17047365
v 0.12807438 -0.13894475 -0.18024787
v 0.13388395 -0.12589595 -0.16742334
v 0.12923899 -0.00423700 -0.16969401
v 0.00420213 0.01267734 0.02121231
v 0.13058250 -0.14857313 -0.18688674
v 0.11467650 0.01702350 0.09644500
v 0.08255800 0.00170100 -0.10403000
v 0.08539200 0.00384100 -0.10451600
v 0.08379342 0.01935958 0.09122661
v 0.08561610 -0.00717122 -0.11689612
v 0.10013494 -0.01481297 0.08697259
v 0.09285969 -0.01379762 0.08683875
v 0.12835699 -0.16514049 -0.18311524
v 0.13282889 -0.15461445 -0.16853124
v 0.12240375 -0.00155581 -0.16497013
v 0.09394666 -0.01337275 0.09500475
v 0.14368451 -0.35931975 0.15751638
v 0.12464453 -0.00317272 -0.17014150
v 0.17328538 0.29804713 0.13224350
v 0.11053187 -0.00222206 -0.15228513
v 0.13271663 -0.17122026 -0.16951093
v 0.10555008 -0.00272287 -0.14934306
v 0.15303811 0.02410761 -0.18151295
v 0.15298846 0.02099625 -0.17623501
v 0.11433050 -0.01345969 0.09751156
v 0.01860700 0.02426713 0.00564625
v 0.09215284 0.02009287 0.07835847
v 0.12743124 -0.19998825 -0.18469150
v 0.14709200 -0.36114800 0.14590700
v 0.13270047 -0.18827938 -0.17009221
v 0.13205200 -0.18705624 -0.16925301
v 0.15126926 0.01242225 0.12864512
v 0.13238400 -0.20346574 -0.17082275
v 0.12872051 0.02493325 -0.16725425
v 0.13401450 -0.35799813 0.16162574
v 0.12728013 -0.21840669 -0.17328362
v 0.15915725 0.02132550 0.15794775
v 0.15590544 0.02326944 0.15865657
v 0.12945776 0.00804544 -0.18073763
v -0.17931205 -0.25162748 -0.15151508
v 0.12646174 -0.24553651 -0.19278599
v 0.03377238 -0.00540025 -0.06804875
v -0.18721700 -0.30995780 0.16931537
v 0.16674663 0.27736226 0.15093681
v 0.15650076 0.02651387 -0.19729422
v 0.11745202 0.00662495 -0.15988912
v 0.11557437 0.00939037 -0.16023175
v -0.08754978 0.02225147 0.14903663
v 0.01409305 -0.00695525 -0.04697445
v -0.18584675 0.33556226 0.10601775
v -0.01227538 0.00546353 0.00696175
v 0.00427700 0.02079662 -0.00872575
v 0.00348975 0.02330725 -0.00739800
v 0.12305234 -0.29423469 -0.18427700
v 0.12820871 -0.12360025 -0.18832563
v 0.12340189 -0.31055400 -0.18377659
v 0.12367744 -0.32371438 -0.19280863
v -0.02464362 -0.00402816 -0.00717834
v 0.14889050 -0.35900825 0.14728799
v 0.13005875 -0.34542024 -0.19343676
v 0.12151900 -0.34158999 -0.19063400
v 0.05345181 0.00262253 -0.09209600
v -0.01332950 -0.00436400 -0.02064850
v -0.09550681 0.02534594 -0.07392403
v 0.13385782 -0.20457193 0.13671175
v 0.13015544 -0.21874888 0.13984500
v 0.14062069 -0.21288963 0.13216224
v 0.03506137 0.02392909 -0.04115628
v 0.14013450 -0.24734332 0.13263665
v 0.13924700 -0.35497251 0.15995263
v 0.14127535 -0.25543079 0.13123028
v 0.13985357 -0.25148270 0.13245350
v 0.13857737 -0.24865837 0.13209288
v 0.02028675 0.02093369 -0.02424019
v 0.01467666 0.02290625 -0.02083366
v 0.01476038 0.02414669 -0.01900831
v 0.09979253 0.02538553 -0.13552296
v 0.13369450 -0.36022300 0.16044100
v -0.11573175 -0.01101144 0.09572738
v -0.11360406 -0.00771019 0.09524287
v -0.11032644 -0.00868978 0.09238191
v -0.06177402 -0.00661944 0.03126969
v 0.08674100 0.02589700 -0.12256300
v -0.14850625 -0.00618225 0.14924175
v -0.03907931 0.00052769 -0.02194456
v -0.18757859 0.02190144 -0.18273500
v -0.18146899 0.02599900 -0.17240500
v 0.10760947 0.02559697 -0.14498818
v -0.18370500 0.01953669 -0.18059437
v -0.18030350 0.02344400 -0.17962375
v -0.04209203 0.02232825 0.03705841
v -0.17435750 0.02652600 -0.14397424
v -0.15822349 0.02490162 -0.15721551
v 0.03379187 0.02494013 -0.06721912
v -0.11972400 -0.00570503 0.09037291
v -0.15543450 -0.00603531 0.12891187
v -0.20254250 0.02787300 -0.04322150
v -0.20120651 0.02938075 -0.03413425
v 0.09919900 0.02023312 0.08702925
v -0.11909369 0.02202827 0.11815266
v -0.11576619 0.02838831 -0.14816207
v -0.11146706 0.03057206 -0.14871712
v -0.13469650 0.02280375 0.13548274
v -0.13256356 0.02261541 0.13189681
v 0.10077000 0.02457150 0.08752800
v -0.02556222 0.00563772 -0.00634287
v -0.06519275 0.02100525 0.03362075
v -0.02864238 0.02490394 -0.01340756
v -0.09990400 0.03276100 -0.13374500
v -0.07116719 0.02021144 0.04068931
v -0.14749312 0.02302031 0.14688703
v -0.09425312 0.03535731 -0.13496475
v -0.07281544 0.02323538 0.04122838
v 0.12988190 -0.13749547 -0.18996450
v -0.10566186 0.04589102 -0.10615765
v -0.19611999 0.03490825 0.00000050
v -0.19443928 0.03475344 0.00576736
v -0.04953808 -0.00160720 -0.03240937
v -0.03405591 0.02392950 -0.01704706
v -0.09052490 0.02898059 -0.12621300
v -0.09024110 0.03269241 -0.12807825
v -0.15112247 0.02929538 0.14685664
v -0.03422500 0.02317475 -0.01534275
v -0.08130659 0.03111919 -0.12367112
v -0.04244425 0.02404944 -0.02317456
v -0.05729038 -0.00164300 -0.03991112
v -0.13350472 0.02247533 0.10297488
v -0.15638775 0.02188375 0.12749338
v -0.11427850 -0.00311225 -0.10324350
v -0.06395300 0.03014875 -0.10154475
v -0.06372284 -0.00125547 -0.04511872
v -0.17491573 -0.13078997 -0.14897811
v -0.18769269 -0.17273219 -0.15341906
v -0.06287284 0.02485084 -0.04562606
v -0.01331603 0.04646981 -0.07568153
v -0.19872038 0.33081013 0.11858150
v -0.07048611 -0.00162192 -0.04932366
v -0.06759162 0.02599850 -0.04519337
v 0.14644299 -0.34781399 0.15528101
v -0.05277925 0.02466125 -0.03690500
v -0.02229050 0.01097350 -0.01086300
v -0.16797775 0.02737588 0.13878299
v -0.16362669 0.03551403 0.13795613
v -0.01846794 0.04680506 -0.07605900
v -0.02790894 0.02544681 -0.03676250
v -0.07567088 0.02450344 -0.05437887
v -0.17643325 -0.17147182 -0.14983906
v 0.09616530 0.01755020 0.10477891
v -0.05117869 0.02521606 -0.02463388
v -0.15449625 0.03565775 0.14332125
v -0.17684448 -0.18108772 -0.14970642
v 0.06244786 0.01978981 0.14295293
v 0.04427138 0.02512188 -0.08143950
v -0.11590219 0.02257941 0.08610931
v 0.07061034 0.02570850 -0.14664169
v -0.05630600 0.03595313 -0.10527997
v -0.09723745 0.02350408 0.09512858
v -0.02552862 0.00201338 -0.00887294
v -0.18137249 0.33034900 0.10157200
v 0.12814926 -0.14708225 -0.18903506
v 0.03375481 0.02280987 -0.06618128
v 0.02238973 0.02399083 -0.05307439
v 0.21079551 0.30215049 0.11754550
v -0.06496338 0.02913250 -0.10615563
v -0.11748725 -0.00616700 0.10462075
v 0.08790659 0.02442706 -0.12320822
v -0.12392000 -0.00641500 0.09681800
v -0.18701056 -0.25056818 -0.15324187
v 0.07143569 0.01180324 -0.11132290
v 0.02649431 0.02367681 -0.03084975
v 0.02448125 0.02173850 -0.02984019
v -0.07848372 0.02544909 -0.08332884
v 0.00485684 0.02338956 -0.03390131
v 0.09086284 0.01032598 -0.13385105
v 0.04284850 0.02380794 -0.04960000
v 0.09168413 0.00962337 -0.13224313
v 0.02313492 -0.00090614 -0.05748630
v 0.01519656 -0.00345336 -0.04922181
v 0.06680664 0.00494692 -0.10581800
v -0.11529587 -0.00563987 -0.10915588
v 0.08249550 -0.00504600 -0.12419300
v 0.08210631 -0.00483206 -0.11820656
v 0.11042856 0.02447237 -0.11659781
v 0.13259241 -0.13999069 -0.16783641
v -0.00719463 0.02396950 -0.02093388
v 0.11474437 -0.00330113 -0.15876375
v -0.12135138 -0.00637394 -0.11092391
v 0.13204463 -0.00446769 -0.18433100
v 0.00143300 -0.00506900 -0.00548100
v 0.08946503 0.00276800 -0.10865106
v 0.10973128 0.01800631 0.09297055
v 0.13086297 0.00479672 -0.17867340
v -0.10526628 0.02523456 -0.08303497
v 0.09085275 -0.00847056 -0.12182056
v 0.14891200 -0.34708300 0.15049700
v 0.10917562 0.01571800 0.08987350
v -0.19123428 0.03315472 0.03327547
v 0.13483299 -0.00729050 -0.16112000
v 0.13417025 -0.00426325 -0.15875874
v -0.19174509 0.03532245 0.02298648
v -0.08579725 0.02985834 -0.11962660
v -0.11508775 0.02655488 -0.08982925
v -0.08587638 0.03255662 -0.12548113
v -0.18377407 -0.30085626 -0.15248694
v -0.19420019 0.03332225 0.01784863
v 0.12759019 -0.05218622 -0.17743203
v -0.12243931 0.02553869 -0.09831569
v 0.04298556 0.02235162 0.05655453
v 0.13562600 -0.04444700 -0.16423801
v -0.16238201 -0.09339000 0.17007975
v -0.09385063 0.03323875 -0.13019837
v -0.10163900 0.04346600 -0.11595006
v -0.10005900 0.04300100 -0.11326600
v 0.12722500 -0.07162488 -0.17570674
v 0.12829009 -0.06710788 -0.17404152
v -0.10326109 0.03021153 -0.13571610
v -0.11015888 0.04802900 -0.10469513
v 0.12797372 -0.07887301 -0.17891784
v 0.07350786 0.02031359 0.05968788
v 0.07158381 0.02161112 0.08038688
v 0.13432781 -0.07015586 -0.16504298
v -0.17540026 -0.14606650 0.14692450
v 0.17890599 0.29908288 0.13356049
v 0.17219281 0.15775768 0.13355081
v -0.15543981 -0.11787388 0.15810207
v 0.13188487 -0.23305818 0.13733298
v 0.13362938 -0.14723639 0.13996981
v 0.17685625 0.29660681 0.13664882
v 0.12691519 -0.24487343 -0.17512538
v -0.11720657 0.03001213 -0.15235668
v 0.12784988 -0.14055488 -0.18229975
v -0.15877259 -0.00271877 -0.13190250
v -0.10497450 0.02327700 0.10662200
v -0.10369875 0.04564219 -0.11367793
v -0.17292851 -0.17814824 0.14750290
v -0.19667220 0.02351378 -0.01191950
v -0.10517223 0.02220605 0.10305198
v -0.20452863 0.03007975 -0.04750063
v 0.13042147 -0.01667081 -0.16682881
v 0.11855450 0.02177100 0.10242650
v 0.12940697 -0.13066241 -0.16920367
v 0.06827047 0.00606753 -0.10871117
v 0.13041732 -0.14719887 -0.18357532
v -0.17985950 0.33720425 0.13097988
v 0.06574919 0.02736225 -0.14626813
v -0.17279369 -0.20044126 0.14842388
v -0.15121113 0.03390600 0.15265413
v 0.12779783 -0.16596235 -0.18919332
v -0.15550941 0.21926425 0.15552281
v -0.04056075 0.02478481 -0.02572919
v 0.12380987 0.02193305 0.10986719
v -0.04863225 0.02227219 0.01679275
v -0.04096399 0.02027381 0.00866506
v 0.12301362 0.01497762 0.10256188
v -0.03085463 0.02514100 -0.01089325
v -0.15386707 0.24226159 0.15252206
v -0.16141900 0.02722337 -0.16317300
v -0.18897951 0.02691050 -0.15828750
v 0.06951725 0.02535363 -0.10524938
v 0.07500228 0.02479716 -0.10975513
v 0.07579394 0.00896309 -0.11614634
v 0.14777400 -0.35870701 0.14157400
v 0.12876138 -0.24006476 -0.17430575
v 0.09646950 -0.01652450 0.08540125
v 0.12802282 -0.18556462 -0.17296031
v 0.16280100 0.29921550 0.14854300
v 0.13160688 -0.35081026 0.15945287
v 0.12919463 -0.01053178 -0.17226388
v 0.13136047 -0.21377049 -0.17162412
v 0.12878339 -0.09267329 -0.17722867
v 0.13598301 -0.01466750 0.14267550
v 0.13662829 -0.01162688 -0.16231528
v 0.12045000 0.01852850 0.10696712
v 0.14054476 -0.01538400 0.13772374
v 0.12845129 -0.17683454 -0.19114991
v -0.18223937 -0.31138325 0.15683362
v 0.12405518 -0.25492868 -0.19038488
v -0.18068081 -0.16966581 0.15193607
v -0.18772399 0.32610849 0.10183850
v -0.18041487 0.02190092 -0.17572197
v -0.20231600 0.32313299 0.11628700
v -0.06523694 0.00837878 -0.04496794
v -0.01921825 0.04763534 -0.07954356
v 0.13121709 -0.21255580 0.13822401
v -0.06202475 0.03318200 -0.10650550
v 0.13446675 -0.26774624 0.13209125
v 0.13121897 -0.27068135 0.13386557
v 0.13277389 -0.27791092 0.13290685
v -0.13698100 0.04669231 -0.12280107
v -0.14488199 0.02296450 0.14378449
v -0.13386221 0.04683341 -0.12234222
v -0.17748800 0.02261100 -0.17305300
v 0.12369489 -0.30622876 -0.19244397
v 0.12779599 -0.29704389 -0.19167632
v -0.19949318 0.03393134 -0.02350519
v 0.09883363 0.02150105 0.13966922
v -0.17819850 -0.34836963 0.17934887
v 0.12716842 0.01247450 -0.17334457
v -0.02401703 -0.00265725 -0.01046425
v 0.04656041 0.02360547 -0.07988400
v -0.16565301 -0.34717900 0.17996450
v 0.09670219 0.01221281 -0.13866994
v -0.07438163 -0.00227750 -0.05515362
v 0.13557000 -0.35049012 -0.17123887
v -0.18362100 -0.34132174 -0.15420125
v -0.19713719 0.02587097 -0.00846853
v 0.11684478 0.01804063 0.12156767
v 0.13112766 -0.22202581 -0.17186956
v -0.16670685 0.30749026 0.12793060
v -0.20087451 0.32526737 0.12041687
v 0.06441228 0.02020378 0.04903859
v -0.02518756 0.02103337 -0.00872413
v 0.12799038 -0.27176926 0.13982938
v 0.14895879 -0.26680982 0.13591564
v 0.14881824 -0.27502790 0.13638464
v 0.00350223 0.02327759 0.01999506
v 0.01573488 0.02358213 0.03272650
v 0.13772316 -0.24116932 0.13323791
v 0.13077424 -0.21257874 -0.17116626
v 0.13357794 -0.10936581 -0.16721632
v 0.05010616 0.02814925 0.12160578
v -0.15104149 0.02245012 0.15223993
v -0.15257800 0.02367100 0.14737700
v 0.12767114 -0.06641125 -0.17734811
v 0.13016525 -0.06464487 -0.17723818
v -0.19628781 0.03106916 0.00371030
v -0.12551850 -0.00397062 -0.10985713
v 0.14067775 -0.27131051 0.13111125
v 0.13779335 -0.27239296 0.13308078
v 0.12958950 -0.11424806 -0.16951512
v 0.09666476 -0.01495611 0.09224236
v 0.12759878 -0.20646875 -0.17313898
v 0.12842771 -0.20035225 -0.17206722
v -0.18817881 -0.02943031 -0.16668651
v -0.04528262 0.02436150 -0.02712837
v -0.04621400 0.02342200 -0.02843300
v -0.05564925 0.02425344 -0.03527800
v -0.07098763 0.01766889 -0.05004961
v -0.12023418 -0.00567541 -0.11286119
v -0.12016975 -0.00352850 -0.10844825
v 0.13012557 -0.03813078 -0.17608866
v -0.19399087 0.02891950 0.01691988
v 0.12804012 -0.07541638 -0.17569740
v -0.17465506 0.15754731 0.15247263
v -0.17450500 0.18174700 0.14206301
v 0.12900500 -0.18296131 -0.18987225
v -0.17493013 -0.19013122 -0.15078907
v 0.14238399 -0.34687799 0.15873951
v 0.12898324 -0.34841475 -0.17275649
v 0.12522775 -0.34801501 -0.17791826
v 0.13281812 -0.23379900 -0.16674612
v 0.12852262 -0.23991562 -0.17093050
v -0.16339125 -0.28549686 0.15731543
v 0.14322925 -0.07606184 -0.15786853
v 0.13555793 -0.23117387 0.13420425
v 0.10075100 0.30072182 0.17240459
v 0.01159638 0.29936114 0.20180300
v 0.05851006 0.02876906 -0.13698575
v -0.08436725 0.30464542 0.18585731
v -0.03354762 0.29936749 0.19089800
v -0.02023887 0.30115050 0.18779875
v 0.13865994 -0.07699981 0.13800848
v -0.17400549 -0.29282424 -0.15416625
v -0.10146950 0.02284950 0.06760550
v -0.13600300 0.02720350 -0.10633000
v -0.18433169 -0.13770756 -0.17527087
v -0.18061399 -0.04795000 -0.17408425
v 0.14650518 -0.09255920 -0.18526696
v -0.16359912 -0.14217487 -0.16056751
v 0.11944613 0.01883706 0.13259657
v 0.14231050 -0.31396511 -0.19586632
v 0.14085750 -0.02365750 -0.18234175
v 0.13278519 -0.02587444 -0.18377775
v 0.13366669 -0.01313650 -0.18161137
v 0.13424738 -0.01194175 -0.17928563
v 0.13132344 -0.01772394 -0.18388057
v 0.13822749 -0.36036551 0.13492900
v 0.13895200 -0.01255250 -0.18129051
v 0.13791418 -0.18007833 -0.18977994
v 0.15101564 -0.05993255 -0.18162523
v 0.09987772 -0.01061872 0.11064150
v -0.18070103 -0.02683844 0.15750937
v 0.12069700 0.01520000 0.12725601
v 0.12636743 -0.18202181 -0.18955974
v 0.12897114 -0.28755069 0.15526086
v 0.15278994 -0.24022643 -0.17394243
v 0.15528309 -0.04624219 -0.16382749
v 0.15284587 -0.05359291 -0.16100831
v 0.16307506 0.14601757 0.12949038
v 0.16180393 -0.10714972 0.14760979
v 0.14784460 -0.06732818 0.13160409
v 0.14267075 -0.05153206 0.13433437
v 0.16545537 -0.03636438 0.14113244
v 0.14615759 -0.14653990 0.13143533
v 0.16747175 0.01896900 0.15129875
v 0.12727888 -0.18962812 -0.18381312
v 0.13890301 0.01867900 0.12150800
v 0.14312488 -0.25695649 0.15993363
v 0.14671797 -0.20019363 0.15961082
v 0.12785956 -0.19603115 -0.19180281
v 0.14051038 -0.01305881 0.15010212
v 0.17050175 0.18592137 0.15353538
v -0.07578900 0.35600549 0.18229701
v -0.15756012 0.16926965 0.15949690
v -0.18229963 -0.15627909 -0.15036975
v -0.18392013 0.00803925 -0.14905113
v 0.15470840 0.13810846 0.15576012
v 0.12511729 -0.20678894 -0.18881981
v 0.17301215 0.10493597 0.14123866
v 0.16398637 0.11657781 0.13027325
v 0.10878875 0.33577037 0.15919313
v 0.11238043 -0.01224613 0.12177053
v 0.15549316 0.21636944 0.13339306
v -0.15391605 0.22993565 0.13319659
v 0.13897075 -0.16806024 0.15830500
v 0.10578678 0.00897350 -0.14956352
v 0.13331351 -0.15463118 0.13940901
v 0.10479237 0.00824544 -0.14596006
v 0.05591587 0.02202000 -0.06097494
v 0.14022937 -0.11009450 0.15699737
v 0.12272700 -0.35978600 0.14474900
v 0.13276257 -0.16478381 0.14109431
v -0.16093101 -0.34984699 0.17060500
v 0.14269841 -0.07456712 0.15714808
v 0.08289647 -0.00160897 -0.12027135
v 0.08572537 0.00157225 -0.12862125
v -0.18505175 -0.34969300 0.17565700
v 0.08462978 0.00604584 -0.11208072
v -0.16725862 -0.35051250 0.15782174
v 0.09176222 -0.00377403 -0.13452084
v 0.14884119 -0.04648038 0.15885969
v 0.12846678 -0.21013138 -0.18652722
v 0.12968497 -0.01172006 -0.17687735
v 0.15345933 -0.04965853 0.13112840
v 0.12430102 -0.26462662 -0.18173113
v 0.14617637 -0.03897550 0.13223125
v 0.12815575 -0.24522482 -0.18837444
v 0.12708825 -0.21134266 -0.19015890
v 0.12885256 -0.00295581 -0.16310087
v 0.15140656 -0.01547012 0.13020413
v -0.07243725 0.02207841 0.14839922
v -0.17329225 -0.32634026 0.15475588
v 0.13573611 -0.01499528 0.11709922
v 0.13187966 0.01989541 0.11447341
v 0.13253476 -0.16372301 -0.18661150
v 0.05809825 0.02417531 -0.06374159
v 0.16586031 0.11624016 0.15590402
v 0.09615650 -0.01634463 0.09471662
v -0.06557290 0.03209519 0.14913715
v -0.17569549 -0.21509762 0.14910007
v 0.12881669 -0.16068387 -0.16958888
v 0.12629087 -0.22411007 -0.19149244
v 0.14663625 0.01838375 0.04122663
v 0.12935343 -0.23139636 0.14046995
v 0.15554963 0.09122984 0.15745191
v -0.04794925 0.02522050 -0.02879113
v 0.13752072 -0.12145225 -0.16020276
v 0.12517582 -0.23764844 -0.19005522
v -0.18771468 -0.32107800 -0.15403743
v -0.18279114 -0.31808215 -0.15308993
v 0.08236963 0.00705891 -0.12388228
v 0.13258670 -0.11331500 -0.16667701
v 0.12794013 -0.22553258 -0.18697214
v 0.02971250 0.02703250 0.09368300
v 0.02704112 0.02785725 0.09577500
v 0.15930812 0.08194043 0.15787178
v -0.17263067 -0.11804452 0.14563259
v -0.18685025 -0.30816337 0.16472556
v -0.18435051 -0.16708256 0.15852994
v -0.18399575 -0.33262417 -0.15335804
v 0.09340500 0.02122688 0.07711863
v 0.13675350 -0.15250599 -0.18801650
v -0.17701380 -0.15234065 0.14850444
v -0.16942175 -0.34831586 -0.16469313
v 0.00622850 0.01866625 0.13974850
v 0.15884696 0.13168418 0.15706377
v -0.18980099 -0.34160376 -0.15564275
v 0.15046987 0.13509326 0.15287825
v 0.14640562 -0.25375712 0.13221206
v 0.14872216 -0.09462400 -0.16033606
v 0.16708000 0.04296200 -0.19454500
v 0.15239596 -0.10652272 -0.16393663
v 0.12845959 -0.04954216 -0.17413679
v 0.15038612 0.18849038 0.13719638
v 0.09427769 0.02855138 0.14227974
v 0.16803682 0.09067035 0.15392791
v 0.12647741 -0.14144771 -0.17655739
v 0.13086200 -0.27652723 0.15654473
v -0.03990500 0.03324150 0.14860900
v 0.17753100 0.29004526 0.14386225
v 0.13622725 -0.15185182 -0.16174263
v 0.15365663 -0.26555967 0.14852232
v 0.12937719 -0.15968506 -0.18707526
v 0.14986888 0.01857962 0.07607737
v 0.12688175 -0.17458224 -0.18290262
v 0.12550344 -0.35760120 0.15748601
v 0.13535000 0.02335350 0.13091500
v 0.14388831 -0.16706941 -0.16199034
v -0.15956269 -0.05140275 0.16677025
v 0.15466319 -0.15179631 -0.17158669
v -0.17633612 -0.24752960 0.15088062
v 0.16242135 0.03483606 0.13250509
v 0.12728700 -0.26713800 -0.18873000
v -0.18901549 -0.32225800 -0.17844863
v 0.12602450 -0.00138250 -0.16435650
v 0.12343522 -0.26572257 -0.18811060
v 0.15002312 0.01154819 0.15773538
v -0.10191819 0.02630828 -0.10545456
v 0.15368003 -0.23010844 -0.17972712
v 0.14564428 -0.25090215 -0.16688059
v -0.16082975 -0.31368911 0.17246462
v -0.03712175 -0.00653475 0.03376450
v 0.16362225 -0.05663444 0.15094829
v 0.05810687 -0.00493481 -0.09403107
v -0.18500875 -0.34918651 0.16035075
v -0.09360472 0.02863256 0.15063947
v 0.14680856 0.02218663 -0.17898606
v 0.16460487 -0.06142763 0.14572941
v 0.13972349 -0.11396056 0.13522543
v -0.17268187 -0.23010662 -0.15299176
v 0.15604866 -0.19974425 0.14000328
v 0.15685888 -0.20543687 0.14396951
v 0.13801455 -0.25780195 0.13165498
v 0.13831475 -0.25585651 0.13296275
v 0.06769150 0.00998750 -0.10682000
v 0.12889349 -0.35838574 0.13568975
v 0.12819450 -0.27694899 -0.19030750
v 0.12460875 -0.28074738 -0.19215050
v 0.14053600 -0.33885750 0.13461301
v 0.10587900 0.02341400 -0.15252900
v 0.08651625 0.02334425 -0.15229675
v -0.06674068 0.00775405 0.03581930
v 0.02064156 0.02509381 -0.05261600
v -0.16431175 -0.18777588 -0.16717525
v -0.14685038 0.02656919 -0.14754237
v -0.20042956 0.03813025 -0.04009512
v 0.16025269 0.30109850 0.15000357
v -0.10826062 0.02540712 -0.17391950
v 0.08883850 0.03865250 -0.20855150
v -0.20219606 0.03402656 -0.03161637
v -0.19019456 0.02087856 -0.02834644
v 0.12416075 -0.29561943 -0.19229543
v -0.16268601 0.02227900 0.13391399
v -0.13126393 0.01450947 -0.10508728
v -0.05115588 0.02288163 -0.18971388
v -0.16186474 0.32102799 0.11508625
v -0.00040313 0.04224569 -0.20417337
v -0.04306331 0.02592131 -0.05150381
v -0.02430750 0.02797100 -0.17663150
v -0.16994651 0.02863325 0.16570488
v -0.05018894 0.00650141 0.01873377
v 0.12275481 -0.29946151 -0.18983838
v 0.05496650 0.02931700 -0.20618440
v 0.07403897 0.31076905 0.17286848
v 0.06293482 0.32298052 0.20309207
v -0.15136150 0.10294341 0.15600638
v -0.16519850 -0.14385000 -0.15614100
v -0.17383794 0.13551421 0.15631722
v -0.15122087 0.05972638 0.15540913
v -0.15909249 0.11355522 0.16178559
v -0.16476971 -0.05448350 -0.16915530
v 0.19346513 0.31861863 0.10087088
v -0.19590674 0.02526850 -0.00179631
v -0.18053834 -0.04462069 -0.14765503
v -0.16125400 -0.00499300 -0.15955800
v -0.06113469 -0.00378638 -0.04424625
v -0.16858850 -0.00459600 0.13990650
v -0.16480631 0.00602444 0.13663663
v -0.18120550 0.01763650 -0.17210551
v 0.00181737 0.02478687 -0.03142056
v -0.02804544 0.35193688 0.17773706
v -0.19942924 0.02278288 -0.10693543
v -0.14732713 0.04854625 -0.15182750
v 0.06003966 0.02419466 -0.09419341
v -0.16346911 0.02379216 -0.18391129
v 0.11458562 0.02497444 -0.15090001
v -0.04593937 -0.00742800 0.01543344
v 0.12323438 0.02490350 -0.16066618
v 0.16233912 0.24494956 0.15235981
v 0.15369712 0.02275988 -0.19683500
v -0.13837700 0.32935500 0.17043100
v 0.06398431 0.00848744 -0.09933437
v 0.12782726 -0.33078489 -0.19369826
v 0.12311800 -0.35839701 0.14139675
v 0.00343462 0.00969337 -0.00546088
v 0.12175056 -0.33470187 -0.18880121
v 0.14177699 0.01600800 -0.18058249
v 0.16231206 0.02556787 -0.18112059
v 0.07703781 -0.00368791 -0.11665214
v 0.13797900 -0.24581800 0.13154900
v 0.15771900 -0.18626137 0.14769013
v 0.08751250 -0.00298563 -0.12784369
v 0.13678281 -0.20393637 0.15825769
v 0.15701824 0.02647675 -0.17715175
v 0.11072900 -0.00184100 -0.14812112
v -0.01227650 -0.00354025 0.00852350
v 0.13948900 -0.34750524 -0.19514249
v -0.15576357 -0.03880400 0.16250019
v 0.15762566 -0.08966915 0.13388716
v 0.12483156 -0.31306791 -0.17926465
v -0.20115644 0.31571338 0.11799738
v -0.16509925 -0.23692600 -0.16259925
v -0.16467872 -0.27476364 0.17722256
v 0.14313163 -0.35676676 0.13642401
v 0.13045853 -0.02866159 -0.18504335
v 0.12841401 -0.22379000 -0.17041001
v 0.12718384 -0.22469966 -0.17470756
v 0.12832300 -0.22199100 -0.17408200
v 0.17350775 0.03315625 -0.11877563
v 0.14878821 -0.17447323 -0.16465093
v 0.14773007 0.06204175 0.13369119
v -0.17925756 -0.11157791 0.14954284
v -0.16606700 -0.34261176 -0.16876499
v 0.15008900 -0.34259400 -0.19008049
v 0.13950156 -0.02069694 -0.15615769
v 0.12816612 -0.05804334 -0.17425890
v 0.12811901 -0.14640585 -0.17231938
v 0.17334363 0.03071094 -0.09361825
v 0.13191062 -0.05617712 -0.18380882
v 0.14740582 0.11145487 0.15053196
v 0.03357980 0.02455873 0.09592476
v -0.15651165 -0.15374172 0.16216116
v 0.15010950 -0.34974501 -0.17821500
v -0.17312506 -0.10316712 0.17163356
v 0.13124934 -0.09346034 -0.18522872
v -0.18219043 -0.16445024 0.15298687
v -0.17210184 -0.15293178 0.14662229
v 0.15193237 0.10756097 0.13185669
v 0.12611565 -0.11180192 -0.17932492
v 0.12857687 -0.10719887 -0.17780000
v 0.08838150 0.01710737 0.07080250
v 0.14277489 -0.18291011 0.13214307
v -0.16531350 -0.14532788 0.14653009
v 0.16316649 0.02188650 -0.10108000
v -0.17436799 0.02208325 -0.18118650
v 0.08243825 0.01894950 0.12274575
v 0.17130713 0.09375913 0.14894000
v 0.14359269 -0.18913300 0.13153769
v 0.16392601 0.07761388 0.13167524
v 0.08758555 -0.01154266 0.08930686
v 0.14118426 -0.19448912 0.13226700
v 0.14081199 -0.19522201 0.13168350
v 0.14184743 -0.19230856 0.13256963
v 0.14751725 -0.33733276 0.13911925
v -0.02242556 0.02053231 -0.01003019
v 0.16494638 0.01853044 0.07169125
v 0.16777110 0.06891019 0.13494532
v -0.17282437 -0.23760594 0.15014115
v 0.12772581 -0.03276756 -0.17750919
v 0.13541968 0.01720919 0.12198132
v 0.13228124 -0.02774631 -0.18032347
v -0.18487662 0.02663662 -0.15052700
v 0.15213150 0.22227575 0.14039825
v 0.13056888 -0.20575012 0.14070369
v 0.15191893 0.04828553 0.15749316
v 0.14382824 0.01382650 0.13322388
v -0.17282350 -0.25279638 0.15100881
v 0.15843099 0.29752025 0.14182550
v 0.17721476 0.26047263 0.14276224
v -0.19341125 0.31481686 0.10746350
v -0.15414950 -0.00492488 0.12648062
v -0.15760934 -0.05739894 0.14649688
v 0.09363575 -0.00580197 -0.12061038
v -0.10168250 0.31147000 0.16225925
v 0.15741988 0.02660375 -0.16301538
v 0.15412393 -0.07664600 0.13168532
v 0.14513694 -0.19376457 0.13130531
v 0.14192100 -0.19415100 0.13220701
v -0.16639049 -0.04080656 0.14144409
v -0.10136450 0.02250412 0.14918412
v -0.17127681 0.24531506 0.14154787
v -0.02153681 -0.00117731 -0.00907700
v -0.18777235 0.01487959 -0.15482301
v -0.14041243 -0.00511225 0.14065573
v -0.17978796 -0.20933028 -0.15038484
v -0.16304131 0.24823588 0.15342881
v 0.13742900 -0.24498375 0.13198251
v -0.15442194 0.02625031 -0.15417075
v 0.20126425 0.30251375 0.12720150
v -0.07360319 0.02174456 0.07067775
v -0.16442449 0.22097370 0.15555233
v -0.12232525 0.02964331 0.15078582
v -0.16551559 0.18358378 0.15856315
v -0.01447613 0.35862187 0.19509119
v 0.17922787 0.30538526 0.14687313
v -0.16478744 -0.04850075 -0.15244113
v 0.13749237 -0.25079370 0.13171187
v -0.16875963 0.33590376 0.11806463
v 0.13911051 -0.24702901 0.13119151
v 0.13802999 -0.24898900 0.13165900
v 0.19114999 0.30075151 0.10482250
v -0.17952000 0.02700588 -0.14497700
v -0.08961553 0.02242362 0.05799753
v -0.17689475 0.03237050 0.14376700
v -0.10418178 0.02167366 0.07357950
v -0.05474837 0.03365763 -0.20377181
v 0.05163856 0.35747445 0.18358248
v -0.15166341 0.14699894 0.15623406
v -0.18910401 -0.24861862 -0.17529400
v -0.16822362 0.01027813 0.13944288
v 0.13768700 -0.25254199 0.13136899
v 0.14244200 0.32459149 0.17449325
v -0.16461800 0.02477525 0.13691425
v -0.18655100 0.02157200 0.05501050
v -0.19255000 0.02935700 0.05552100
v -0.08973466 -0.00201212 -0.09362228
v 0.05329925 0.30908051 0.20326650
v -0.04436152 0.02451723 -0.05144450
v -0.16877612 -0.12956038 -0.15180451
v -0.15869400 0.01709950 0.01941600
v -0.17342259 0.09791272 0.15959997
v -0.18793011 -0.11111331 -0.15376428
v 0.00146463 0.29994285 0.18979372
v -0.15023856 0.13446274 0.15423994
v 0.12142950 0.03639050 -0.20912813
v -0.19026200 -0.09984569 -0.15938485
v -0.16734350 -0.08944600 -0.17247251
v -0.18979900 -0.08920344 -0.16624925
v 0.12256137 0.02932875 -0.20734887
v -0.17057937 -0.08569837 -0.17449363
v -0.01360434 0.29829085 0.19440675
v -0.03861472 -0.00166572 -0.02304503
v -0.09215225 0.03422312 -0.13334812
v -0.16844501 0.18124899 0.13391501
v -0.19891275 0.03104025 0.00113938
v -0.14919050 0.17804962 0.15245312
v -0.11839478 -0.00962806 0.09293418
v 0.14853124 -0.34988225 0.14363600
v -0.18390150 -0.05357644 -0.14954588
v -0.03080033 -0.00442942 -0.01786736
v -0.16583663 -0.20650825 -0.15816849
v 0.03275996 0.00345641 -0.06730306
v 0.17659512 0.26821899 0.13740863
v -0.11798488 0.02793637 -0.15166999
v 0.15922600 0.02228950 -0.19239450
v -0.07772288 0.31596324 0.19484399
v -0.20527624 0.02961402 -0.06383286
v -0.16619900 0.02441700 -0.12769499
v 0.08979463 -0.00336425 -0.12554975
v -0.16683000 0.02500300 -0.17041700
v -0.14498951 0.04910700 -0.09788275
v 0.15444572 0.24046344 0.13724019
v -0.15334843 0.26153246 0.15123494
v 0.08670650 -0.00934950 -0.11445100
v 0.01699813 0.02293800 0.03209113
v 0.14121474 0.00484212 -0.15110019
v -0.17028369 0.32984456 0.11092912
v 0.14837013 0.02443750 -0.10472900
v 0.12518322 -0.32308900 0.15318672
v 0.14216487 -0.19400388 0.13256338
v 0.14514533 -0.13582514 0.13181473
v 0.14316535 -0.28280097 -0.16735654
v 0.15114021 -0.12048025 0.13126238
v 0.13677950 -0.07692600 0.14977825
v 0.13571700 -0.02812375 -0.18105032
v -0.15325603 0.02669400 -0.12412857
v 0.16082263 -0.05078888 0.15537401
v 0.14917150 -0.01473150 0.12853099
v 0.14357281 -0.20270069 -0.16358894
v 0.15133403 -0.20375410 -0.16885343
v 0.17433900 0.17622150 0.14921699
v 0.16965565 0.03159319 0.14354554
v 0.17133600 0.03325500 -0.05907800
v 0.16181575 0.04376775 0.15731688
v 0.13063538 0.01830919 0.11101343
v 0.11742300 0.02865350 0.13865000
v 0.10257000 -0.01374037 0.09331263
v 0.12880474 -0.12395650 -0.17994522
v 0.10739738 0.01788037 0.11724650
v 0.15263237 0.05002438 0.13105963
v 0.14562790 0.10751400 0.14665624
v -0.17076579 -0.18196434 0.17547093
v 0.14397307 0.07953028 0.14193664
v 0.15915312 0.01700488 0.04414450
v 0.10174263 0.02187688 0.08728813
v -0.15730444 -0.20527175 0.16279994
v 0.16583499 0.02323200 0.13571800
v 0.14722872 -0.21827926 -0.16599034
v 0.13858637 -0.24092147 -0.16499104
v -0.18258438 -0.14690837 0.15338850
v 0.13763194 -0.05573538 0.14881293
v 0.14215869 -0.08086431 0.13397337
v -0.11052263 0.02281256 0.07851231
v -0.12397525 -0.00645975 -0.11255700
v 0.15816575 -0.13565215 0.13722844
v 0.15050210 0.15826288 0.13431922
v 0.13609050 -0.03118387 -0.16239651
v 0.13027744 -0.05054094 -0.18615425
v 0.15634824 0.17426300 0.13044800
v 0.14363712 -0.35364550 0.15626875
v -0.17620800 0.02503275 -0.18820851
v 0.14195062 -0.00368463 -0.15422250
v -0.16349225 0.02672325 -0.18530799
v -0.17672908 0.02042716 -0.17809613
v -0.18705200 0.32484701 0.13472800
v -0.16438846 0.02613458 -0.17170668
v -0.18163541 -0.28511786 -0.15226330
v 0.13052475 -0.01650675 -0.17503574
v -0.16947900 0.21843666 0.15230726
v -0.19304612 -0.30452025 -0.15931381
v -0.13440925 0.04700000 -0.12614501
v -0.16759144 0.30833456 0.13608856
v -0.05540925 0.02933231 -0.20314181
v -0.14473937 -0.00279763 -0.14262594
v 0.12299431 0.00937759 -0.16748585
v 0.04339981 0.35446918 0.17992413
v -0.00690301 0.31694961 0.20815952
v -0.01043800 0.01081637 0.00624325
v -0.03878988 -0.00859725 0.01003500
v -0.10703475 -0.00304750 -0.10724200
v -0.01015825 0.02198900 -0.02063975
v -0.15416700 -0.00684300 0.14734849
v -0.05929637 0.02236250 0.05615281
v 0.19536699 0.30917263 0.13692488
v -0.18205875 -0.13520369 -0.14962563
v -0.03369125 0.02227875 0.00064125
v 0.13437982 0.02920744 -0.20613106
v -0.05969700 0.02386600 0.02965500
v -0.05503044 0.02210863 0.02472156
v 0.08977838 0.30212638 0.19014947
v -0.18099400 -0.17074212 -0.17780788
v -0.19940799 0.03280347 -0.01654916
v 0.16045637 0.30822676 0.13050675
v 0.01081812 0.35081020 0.17941575
v -0.16751263 0.02969225 0.13666449
v 0.18006413 0.32578850 0.11599175
v 0.15042390 0.30612665 0.16500969
v 0.16870968 0.33328933 0.13307875
v -0.18435961 -0.19152391 -0.15129277
v -0.15134750 0.07356500 0.14442350
v -0.13854775 0.02873325 0.15003175
v -0.03454200 0.32701501 0.17391150
v 0.08012459 0.30282196 0.17601353
v -0.01163875 0.02497500 -0.02108900
v 0.09803175 0.30871677 0.16652444
v -0.15294138 0.02970675 0.15833488
v -0.16380137 0.34097430 0.13064556
v 0.06394512 0.30415788 0.19899188
v -0.18756725 0.02442013 0.08027000
v -0.17933100 0.32483074 0.09996725
v 0.06858338 -0.00149566 -0.10941278
v 0.01988338 0.02837797 -0.20546600
v -0.17339787 -0.06639275 0.14405388
v -0.17029987 0.02072731 0.01841719
v 0.08993910 -0.00712466 -0.11065559
v -0.06574884 0.02620953 0.15002219
v -0.18591353 -0.08557019 -0.15144934
v 0.14671350 0.00767931 -0.15421575
v 0.13027556 -0.02854227 -0.17506301
v -0.00221619 0.32248062 0.20872541
v -0.16302356 -0.06560919 -0.16575144
v -0.15580744 0.02575737 -0.12816721
v -0.10887387 0.04721637 -0.10781656
v 0.13136113 -0.06519953 -0.18655500
v -0.17483699 0.02262188 -0.05607788
v 0.03143450 0.02748537 0.09874313
v -0.16969427 -0.13723175 0.14558694
v -0.17258701 -0.00198650 -0.14331301
v -0.16941389 0.23421937 0.13564789
v -0.20767762 0.02730262 -0.09979500
v -0.16794275 -0.00263925 -0.14740150
v -0.15892200 -0.00226600 -0.15707000
v 0.16850637 0.03041713 0.03382625
v 0.12668949 0.30377933 0.15827997
v 0.11569537 0.02347562 0.13819663
v 0.12903249 0.01759362 0.12626094
v -0.18127599 0.31113151 0.10205250
v 0.15190600 -0.19672500 0.15721200
v 0.13368049 -0.35894650 0.13410150
v 0.13696621 -0.24099882 0.13231382
v 0.13931000 -0.24410000 0.13128150
v 0.16462976 0.02063500 0.15514900
v 0.15449356 -0.15628529 0.13435034
v -0.18615600 0.02614425 -0.16744725
v 0.13611788 -0.25823063 -0.16583763
v -0.16714363 -0.29552463 0.17903525
v 0.14833544 -0.27284926 -0.16987693
v -0.17422503 -0.30184513 0.18037672
v -0.14772500 0.17855150 0.14395200
v -0.14852700 0.22706901 0.14826225
v 0.15393682 -0.18481162 -0.17210825
v 0.17042068 0.06585820 0.13972506
v -0.12401378 0.31911153 0.17611572
v -0.21316600 0.03501059 -0.15988125
v -0.18259913 -0.23011494 0.15355344
v 0.14573884 0.06648547 0.15193124
v 0.13107949 0.01683662 0.11489650
v -0.21110900 0.03907000 -0.13868099
v 0.14500390 0.06417178 0.13680984
v 0.08734678 0.01999694 0.13976385
v -0.02886997 0.35814661 0.18180019
v -0.09164069 0.03081200 -0.20164844
v 0.06968000 0.02433400 0.14457300
v -0.17317513 0.21127850 0.14608812
v 0.15481706 -0.09844200 -0.16686863
v -0.16184950 -0.00717025 -0.15554225
v 0.17107022 0.02878341 -0.00395728
v 0.17148054 0.13995238 0.13426140
v -0.16219375 -0.05852525 -0.16048224
v -0.17095076 -0.34535849 -0.15771900
v -0.04476856 0.30566400 0.20014040
v -0.19482975 0.03589019 0.01757556
v -0.18718413 -0.34872013 -0.15788737
v -0.01820447 0.30954596 0.20599815
v -0.19106685 0.02326825 0.00765338
v -0.18454391 0.31574720 0.10065478
v 0.17111991 0.03740159 -0.10789762
v -0.03885269 0.02156069 0.14846981
v 0.05590387 0.30422682 0.18055062
v -0.10040525 -0.00220428 -0.07705272
v -0.10367075 0.00071975 -0.08099325
v -0.17504637 0.07785612 0.14120212
v -0.19319575 -0.29403701 -0.17156525
v 0.15504700 0.01592250 -0.17529050
v 0.12733859 -0.00960419 -0.17470782
v 0.12762000 -0.00297600 -0.17135701
v -0.13528268 0.02184006 0.10586563
v -0.18943347 -0.26190042 -0.15555097
v 0.15858625 0.29770026 0.13885325
v -0.08431350 0.02208425 0.05329775
v -0.17617676 -0.23773575 -0.15201862
v -0.10967934 -0.01084525 0.09695940
v -0.08147737 0.02315853 0.07803565
v 0.20925499 0.31129938 0.12464125
v -0.01151500 0.02429500 0.00643400
v 0.16835213 0.29811507 0.13123518
v -0.08780941 -0.00705259 0.06037770
v -0.19024350 -0.08054875 -0.15916251
v -0.04967991 -0.00850528 0.02386806
v -0.17858800 0.31594801 0.10046500
v 0.13249975 -0.14604200 0.14484026
v -0.05411925 0.03463813 0.14693950
v 0.00910275 -0.00514894 0.02737875
v -0.15554762 0.02832525 0.16168213
v -0.19749516 0.02594681 0.00604253
v -0.16666675 -0.31543601 -0.16250800
v 0.05477244 0.02462725 0.12027375
v 0.03755713 0.02788681 -0.20547844
v 0.16970608 0.02234292 0.00989919
v 0.13397218 -0.09087830 -0.16124304
v -0.18742800 -0.34331101 0.17128500
v -0.10879053 -0.00176141 -0.08512856
v -0.16332676 -0.11463075 -0.15911925
v 0.14593434 0.04443884 0.15360132
v 0.15090881 -0.14734319 -0.16504018
v 0.01777519 0.31155005 0.20751512
v 0.01919013 0.33113644 0.20859168
v 0.12314659 -0.34638411 0.15265003
v 0.15361494 -0.01195794 0.15881075
v 0.13826793 -0.29215807 -0.16710000
v 0.12561449 -0.31688657 -0.17640257
v 0.11075612 0.32065639 0.15514974
v 0.13411251 -0.16613169 0.15401313
v 0.14232838 -0.22398075 0.13113549
v -0.12679499 0.02707850 -0.10111750
v -0.17970237 0.33392900 0.13614087
v 0.13089100 -0.22338700 -0.16750900
v 0.14036225 0.01328225 0.14455675
v 0.00244175 0.35668176 0.18222819
v -0.16957900 0.19261694 0.15575249
v -0.19698331 0.04007363 -0.03395412
v -0.09387225 0.30608180 0.17000881
v -0.18909894 0.00421506 -0.15999259
v 0.12824050 -0.18734075 -0.17105649
v -0.19046962 0.02136075 -0.00931750
v -0.20020600 0.02856694 -0.16957757
v -0.15749164 0.30621791 0.14960548
v 0.12659675 -0.27321050 0.14355400
v 0.09166181 0.34793365 0.16952981
v 0.02157569 0.29996857 0.18856625
v 0.04797825 0.32978949 0.20588125
v 0.13575788 -0.13745162 0.15398584
v 0.14958268 -0.32293162 -0.17419256
v 0.16232026 -0.09864025 0.14951400
v 0.12352888 -0.33428088 -0.19207025
v -0.16304800 -0.34940726 0.17696050
v -0.16440751 0.01969650 0.08887200
v 0.13722920 -0.05676445 0.14376810
v 0.09736175 -0.01126725 0.08094350
v -0.08262450 0.02646800 -0.08825875
v -0.19043624 -0.17309351 -0.15726456
v -0.17690425 0.03237550 0.13014725
v -0.18046001 0.33015001 0.13881500
v 0.14221744 0.02577006 0.14012612
v 0.14317563 0.05865856 0.14679657
v -0.15778063 -0.20270106 0.15923475
v 0.10579900 0.01663600 0.11411650
v -0.16262500 -0.15606962 0.14843075
v -0.01185450 -0.00331525 -0.02167325
v 0.03214355 0.02064922 0.14482448
v 0.03668175 0.02008525 0.12857550
v -0.11454150 0.01989525 0.13654675
v 0.13103662 0.00961525 -0.17371750
v 0.13229194 -0.11005350 -0.18302324
v 0.09774537 -0.00268406 -0.13798982
v 0.12098200 -0.35808501 0.14994000
v 0.12669475 -0.07784400 -0.18013981
v -0.06234831 0.01994619 0.14249881
v -0.17464800 -0.34158999 -0.18115900
v 0.14811718 0.17183538 0.14271738
v -0.18795669 0.30878133 0.10620125
v 0.16729838 0.21364322 0.13028912
v -0.18680000 -0.28186539 -0.15325953
v 0.07676517 0.01866745 0.08679359
v 0.15888983 0.17890942 0.15564138
v 0.17566226 0.18937166 0.14023022
v -0.07280318 0.02454587 -0.05427406
v -0.17208837 -0.10554325 0.14483266
v -0.19130175 -0.32298425 -0.15665250
v -0.19494450 -0.34237599 -0.17056200
v -0.16593494 -0.10383499 0.14440793
v 0.01791825 0.02152413 0.14651875
v -0.16182728 -0.11997259 0.14690286
v 0.17567199 0.17664100 0.14488301
v 0.15861243 0.11710075 0.12958707
v 0.14067550 -0.09570425 -0.15857950
v 0.06845275 -0.00482000 -0.07556619
v -0.15988076 -0.05399025 0.14418456
v 0.12973744 -0.13455312 -0.16696925
v -0.18329225 -0.20243526 0.15408975
v -0.18518519 -0.21481037 0.15792388
v -0.17160369 -0.22967844 0.14954494
v 0.14714412 0.01672400 0.08991013
v 0.12854651 0.01379625 0.13398032
v 0.12711391 -0.22120900 -0.17466591
v 0.15563796 -0.00759956 0.13071349
v 0.05023788 -0.00384250 -0.08850575
v 0.12609200 -0.28471875 -0.17502999
v -0.09907556 0.03715672 0.14476618
v 0.15110224 -0.10511138 0.13116050
v -0.08088750 -0.00101125 -0.05999925
v 0.15030284 -0.14239560 0.13154428
v 0.12959553 -0.20668203 0.14664285
v 0.15433094 -0.18664247 0.13601981
v 0.03936656 0.01313923 -0.07334061
v -0.11081881 -0.00593963 0.10992325
v 0.14432000 -0.27477649 0.13372301
v -0.13186347 -0.00584241 0.13149053
v -0.19882099 0.31310400 0.11976000
v -0.14823756 0.34195033 0.13809507
v -0.17587075 -0.20599493 -0.17899325
v -0.05951172 0.35424706 0.17452478
v -0.06225787 0.30783054 0.17657031
v 0.19827449 0.31719026 0.13495150
v 0.00180281 0.02470619 -0.20033257
v -0.02347644 0.02430128 -0.03208184
v -0.02954488 0.02360287 -0.01623625
v 0.16752300 0.30428949 0.15307900
v -0.19101350 -0.20902750 -0.15753882
v -0.11885100 0.02655597 -0.12067965
v 0.09629150 0.02983763 -0.20565869
v -0.11666675 0.02544763 -0.09295613
v -0.17682900 0.03066050 0.16081250
v -0.12327114 0.01173820 -0.09778709
v -0.18930356 0.03464319 0.06710169
v 0.00116847 0.03412872 -0.20658731
v 0.04231247 0.32089549 0.20624781
v -0.17238125 0.02864306 0.14013225
v 0.13964212 0.31861407 0.13929804
v -0.16450006 0.03607256 0.16586331
v -0.18938440 -0.18334849 -0.15537307
v 0.03873137 0.29959580 0.18759738
v -0.17761144 0.07922857 0.14586231
v 0.09489588 -0.00588819 -0.11248144
v -0.13497525 0.03714850 0.14387526
v -0.17967574 0.02103500 0.07404500
v 0.14086391 0.03594975 -0.20740756
v -0.11507075 -0.01081613 0.09059775
v -0.17664576 0.13247325 0.14750175
v -0.17103975 -0.03991925 0.14201300
v 0.13772240 -0.31934214 0.16035406
v -0.09113675 0.03363672 0.14866960
v -0.16651700 0.25059330 0.15140182
v 0.17272812 0.03741400 -0.17486937
v -0.16567500 -0.04028222 0.16915894
v 0.17027719 0.04069563 -0.14626232
v -0.17074464 0.14812195 0.15842688
v 0.12827341 -0.33263814 0.15759137
v -0.16653250 -0.11797000 -0.17182650
v -0.13993491 -0.00103916 -0.11323366
v 0.14346226 -0.07944112 -0.18527994
v -0.18664831 -0.05203353 -0.15210953
v -0.01234219 0.02101706 0.14756331
v 0.14974655 -0.31705305 0.14162929
v -0.06320031 0.31658494 0.19944406
v 0.06451160 -0.00816225 0.07810287
v -0.09480950 0.02266050 -0.19048850
v 0.13119137 -0.03405950 -0.16649488
v -0.20232600 0.03011950 -0.04478950
v -0.11761553 0.02231106 0.14802237
v -0.17191738 -0.03097763 -0.17385507
v -0.20271200 0.02344200 -0.08900400
v -0.20763557 0.03022837 -0.08584862
v 0.13789688 -0.17682879 -0.16233087
v -0.13148412 0.03125919 -0.19816388
v -0.19558975 0.30909395 0.11458200
v 0.13246775 -0.01769456 -0.16339649
v 0.12786324 -0.08413825 -0.17415144
v 0.13034500 -0.03014200 -0.16534676
v 0.15592951 -0.18964572 0.15281996
v -0.15276951 0.31909001 0.12429881
v 0.12800875 -0.10494256 -0.17954019
v 0.13242885 -0.05503633 -0.16462857
v 0.12955353 -0.06053775 -0.16881996
v 0.12763999 -0.12106775 -0.18069850
v 0.12941051 -0.11748475 -0.16727200
v 0.12942016 -0.20653406 -0.17217594
v -0.02312050 0.00243612 -0.00839031
v -0.18535182 -0.02514950 -0.17021331
v -0.11926669 0.30854961 0.17190900
v -0.08646144 -0.00274719 -0.06398225
v -0.08298363 0.02682350 -0.06254550
v 0.17137478 0.26241985 0.15072428
v -0.00116358 0.00924677 0.01613873
v -0.00786684 0.00630331 0.01032047
v 0.12795238 -0.02365737 -0.17566000
v 0.13101669 -0.31498793 0.15870200
v 0.12887277 -0.04187227 -0.17397070
v 0.12792900 -0.04553169 -0.18175319
v -0.15427785 -0.06376675 0.15636216
v -0.20078662 0.02675419 -0.01751459
v -0.19815923 0.02386991 -0.02865009
v -0.19858088 0.02692712 -0.00859325
v -0.20210575 0.02574875 -0.03494975
v -0.17350525 0.15859166 0.13928235
v -0.20141463 0.02538800 -0.04172475
v 0.13047683 -0.07699647 -0.16499163
v 0.12786651 -0.08435850 -0.17032599
v 0.13070871 -0.07842495 -0.16765261
v -0.20251238 0.02592881 -0.04735148
v 0.12954594 -0.15762922 -0.17155688
v 0.06292500 -0.00615100 -0.09783500
v -0.16339231 -0.30996925 0.17668000
v -0.12248325 -0.00630375 0.12148150
v 0.14127444 -0.23992294 0.13107850
v 0.13423112 -0.23080313 0.13311763
v 0.15101135 -0.22884744 0.13488100
v 0.18605088 0.29904088 0.12474938
v 0.14056616 0.30196476 0.15405938
v 0.13567521 0.30062753 0.16081044
v 0.10589275 0.29911870 0.17548904
v 0.09904154 0.29961824 0.18340553
v 0.07206038 0.29767263 0.18722543
v -0.12917469 0.30891851 0.15386556
v -0.13564213 0.30855364 0.15933999
v -0.14549987 0.31114450 0.15808512
v -0.07579938 -0.00647400 0.04591791
v -0.05433725 0.30093125 0.19203469
v -0.05858441 0.30073026 0.18719225
v -0.05834337 0.30373988 0.18091963
v -0.01310416 0.02123272 0.00693813
v 0.14361700 -0.21136300 0.13119499
v -0.02293081 0.02138147 0.01860709
v -0.17028975 -0.28416488 -0.15614325
v 0.07679819 -0.01063794 0.06511700
v -0.02741013 -0.00891425 0.01633287
v 0.05464400 -0.00669000 -0.06382900
v 0.04909844 -0.00500050 -0.05781456
v 0.04265862 -0.00671875 -0.05048462
v -0.13338637 0.02391526 0.14920653
v -0.12070006 -0.00768063 0.09737863
v -0.18740501 -0.09639800 -0.17100200
v 0.15376912 0.04208013 -0.20523262
v 0.16766000 0.03999450 -0.19799399
v 0.16176400 0.03772950 -0.20367575
v 0.12536632 -0.14996937 -0.18232518
v 0.12610100 -0.13716938 -0.18500938
v 0.12824100 -0.01931638 -0.18049212
v 0.13907944 -0.26662576 -0.19415174
v 0.14455900 -0.22998700 -0.19159769
v -0.16423650 -0.11430837 -0.16817150
v -0.15961425 0.02589825 0.16477574
v -0.17644869 -0.24924363 0.17757376
v 0.15050875 -0.32366776 0.14803413
v -0.18589188 0.31896588 0.13489237
v -0.02594281 0.02418913 -0.00618756
v 0.15460844 -0.18141487 -0.17565396
v 0.15233637 -0.25484917 0.13896137
v 0.15118390 -0.24349771 0.13580593
v 0.16092232 -0.12362787 0.14238006
v 0.15036206 -0.16261962 0.13234581
v -0.18886934 -0.22038326 -0.15451707
v 0.16715585 -0.00925075 0.14741644
v 0.13569374 -0.26367101 0.15932500
v 0.14601296 -0.09311122 0.15907894
v 0.15675281 -0.08893113 0.15699956
v 0.17221850 0.17505650 0.15224250
v -0.16083656 -0.00587662 0.16658512
v -0.08382013 0.35591713 0.17603324
v -0.16778238 0.14564988 0.16015787
v -0.19222599 -0.15717600 -0.16229500
v -0.19062699 -0.13043299 -0.16748700
v -0.19185250 -0.19989200 -0.15893149
v 0.16266693 0.02835964 -0.19292456
v -0.18888164 -0.05694755 -0.15600614
v -0.19356400 -0.24721999 -0.16199800
v -0.19358300 -0.26092076 -0.16188274
v -0.19713925 0.33399764 0.11497337
v 0.15651828 0.22633128 0.15053897
v -0.17570525 0.13979524 0.14331125
v 0.17143124 0.10442957 0.13703775
v 0.16285616 0.25298813 0.13097718
v 0.00476494 0.36057755 0.18712994
v -0.15788075 0.25501198 0.13115297
v 0.13277362 -0.14646782 0.14918612
v 0.14287575 -0.14811018 0.15936574
v 0.13842450 -0.15259637 0.13468787
v 0.14267950 -0.34836599 -0.17027800
v 0.14755550 -0.34885800 -0.17378025
v 0.14859940 -0.14728378 0.15941259
v -0.15666698 0.27642679 0.15148619
v 0.16043200 -0.10843962 0.15262812
v 0.06750164 0.02379161 -0.07371281
v 0.12664901 -0.35001349 -0.17708451
v 0.13882338 -0.32702425 -0.16865888
v 0.13322750 -0.34806988 -0.19105588
v 0.12492888 -0.34915349 -0.18367325
v 0.14179032 -0.12297837 0.13323875
v 0.15240575 -0.32003099 -0.18052025
v 0.12299369 -0.34289494 -0.18445244
v -0.18827115 -0.15689650 -0.15406004
v 0.14553601 -0.12191150 0.13123301
v 0.14507569 -0.10969119 0.13205281
v 0.14593124 0.02730062 -0.18593375
v 0.14231582 -0.10082625 0.13363950
v -0.17642625 -0.35129362 0.17618001
v -0.16437700 -0.35118100 0.17697200
v 0.17005213 0.03113813 -0.18928112
v 0.17212400 0.03443500 -0.18675300
v 0.15116607 -0.29988682 -0.17550331
v -0.16209950 -0.34938112 0.16461462
v -0.18107925 -0.25668350 -0.15124775
v 0.15281582 -0.28565744 -0.18276399
v 0.15222324 -0.32536462 -0.18384349
v 0.14641084 -0.09228575 0.13168900
v 0.12764375 -0.31289038 -0.19242838
v -0.18339200 -0.35119700 0.16024800
v -0.17827950 -0.34797701 0.15617850
v 0.15544488 -0.14067601 0.15623763
v -0.02901950 -0.00835525 0.02272337
v -0.01117862 -0.00811859 0.00613638
v 0.15843965 -0.15143934 0.15141700
v 0.12438791 -0.27917469 -0.18105018
v 0.14929307 -0.18094403 0.13203663
v 0.12791400 -0.00093825 -0.17678250
v 0.15864250 -0.17267001 0.14814000
v 0.00291650 -0.00717000 -0.00746800
v 0.12630875 -0.26165897 -0.17573394
v 0.16896725 0.02745900 -0.18132325
v 0.00123100 -0.00891100 -0.00853300
v 0.15782925 0.02596550 -0.16758825
v 0.13892876 -0.02917766 0.14223622
v 0.13858394 -0.03290500 0.14746393
v -0.18311700 0.30806750 0.10556500
v -0.16923837 -0.07202213 0.14283837
v 0.15487900 0.02560750 -0.15834200
v 0.15460725 0.02584750 -0.15423851
v 0.12449457 -0.23342888 -0.18098243
v -0.16145459 -0.27534869 0.17393997
v 0.13978581 -0.00162766 0.14762454
v 0.13710737 -0.00505312 0.14343688
v -0.18744150 0.30708393 0.11628088
v 0.15028125 0.02414050 0.15770175
v -0.16282663 -0.07783125 0.14407712
v -0.18673688 -0.26207387 0.16338150
v -0.15879349 -0.24936725 0.16783249
v -0.15848787 -0.25092742 0.16355497
v 0.13253118 -0.22647338 -0.19010794
v 0.15848018 0.01995656 0.13152306
v -0.18623063 -0.25022775 0.15945363
v 0.15017612 0.02448856 0.13186131
v -0.16765000 -0.24745722 0.15167104
v 0.14255200 0.02287525 0.15000488
v 0.14153862 0.02393900 0.14513500
v -0.18243288 -0.25152749 0.15361750
v 0.17299500 0.03683825 -0.15607674
v 0.12435200 -0.20202363 -0.18405481
v 0.15635100 0.01652300 0.10815600
v 0.16024899 0.01875400 0.11032000
v -0.18167968 -0.27689403 -0.15170562
v -0.18531963 -0.24871238 0.16867213
v 0.14677063 0.02014712 0.12161694
v 0.13185015 0.01476822 0.12589915
v 0.14457312 0.01665625 0.10134038
v -0.16596082 -0.23291275 0.15148471
v 0.16359225 0.01856200 0.08766463
v 0.12295575 -0.33016261 0.14639400
v 0.16366474 0.03107625 0.10038400
v 0.09095000 -0.01125675 0.10156325
v -0.17778750 -0.23947932 0.15059669
v -0.06096750 0.02291531 0.14865950
v -0.17690800 -0.22825161 0.15008312
v 0.14682184 -0.13289505 -0.16137402
v 0.12510100 0.03269100 0.13584600
v 0.16743825 0.02210000 0.07652725
v 0.12563531 -0.18197760 -0.17836313
v -0.17163637 -0.22261913 0.14914775
v 0.14538756 -0.17053543 0.15976706
v 0.16876286 0.02579684 0.06873962
v 0.12766594 -0.17344931 -0.17307475
v 0.11812837 -0.00209272 -0.12701713
v -0.17985526 -0.09120850 0.14950025
v -0.17321925 -0.08986745 0.14483917
v 0.13707200 0.01549000 0.08677775
v -0.16405393 -0.20889406 0.15097725
v 0.15471038 -0.13029251 -0.16927588
v 0.14527801 0.00091150 -0.15237950
v 0.10797363 0.01927312 0.13764888
v -0.18589550 -0.22222725 0.16121575
v 0.15705401 0.01717887 0.08614300
v 0.12961066 -0.02683550 -0.16872309
v 0.12595150 -0.15954719 -0.17873394
v -0.17732619 -0.09740600 0.14743900
v 0.16723475 0.01853150 0.03701562
v 0.10622675 0.01754650 0.12424388
v 0.15137650 0.01790775 0.05237288
v -0.04746712 0.02131687 0.14709343
v -0.04787381 0.02290050 0.14903769
v 0.17044656 0.02631100 0.04107513
v 0.15486875 -0.00503175 -0.16031775
v 0.15047416 -0.00850841 -0.15693632
v 0.14927199 0.02058775 0.03789600
v 0.15583774 -0.11523400 -0.17272151
v 0.15707549 0.02371700 -0.09660000
v -0.16698319 -0.19957794 0.14876300
v 0.15654100 -0.20453300 0.15007700
v -0.11141994 0.02021056 0.14444062
v -0.17513670 -0.20632359 0.14926726
v 0.15155737 0.18275450 0.15038143
v 0.16162859 0.09574394 0.13035494
v 0.17207976 0.02596275 -0.12954950
v 0.17391326 0.02911475 -0.12245850
v 0.08520325 0.01794300 0.11332200
v 0.09593700 0.03419675 0.14071301
v 0.07777500 0.02175200 0.14271000
v -0.16770722 -0.17404990 0.14742573
v -0.18181010 -0.30401003 -0.15320110
v 0.15158775 -0.02408844 -0.15836978
v 0.14522615 -0.01874791 -0.15548100
v 0.07081886 0.01843422 0.13619225
v 0.15773675 0.01490275 -0.16998500
v 0.15756018 -0.00359063 -0.16602591
v 0.12733433 -0.12792887 -0.17538659
v 0.05031550 -0.00860150 0.04029975
v 0.06415553 0.03246390 0.14467093
v -0.18463050 -0.18480025 0.15727350
v -0.17660949 -0.18869688 0.14890540
v 0.15707606 -0.04841506 -0.17090942
v -0.01740913 0.03307425 0.14820676
v 0.17228685 0.02512714 -0.09382749
v 0.04912237 0.02419856 0.14635400
v -0.02349634 0.02201737 0.14853600
v -0.16649331 -0.08284250 0.17118213
v -0.15629788 -0.13976413 0.15590444
v 0.16708034 0.01962687 0.00020222
v -0.02034569 0.01889963 0.13996038
v 0.16964713 0.02108737 -0.01325675
v 0.06276575 0.02133700 0.12918951
v 0.05670550 0.02109350 0.12762000
v 0.17088881 0.12834728 0.13472241
v 0.06162750 0.01931700 0.07327100
v 0.12768948 -0.08340672 -0.18429306
v 0.13985425 -0.04392403 -0.15675525
v -0.17737006 -0.12609822 0.14766285
v 0.16698600 0.13130400 0.13112688
v -0.01977294 0.02603897 0.14974664
v 0.16922672 0.02256528 -0.07536453
v 0.14582850 0.12143397 0.14197990
v 0.03763738 0.03411397 0.14603540
v 0.02164116 0.02603656 0.14811715
v 0.14823331 -0.05262588 -0.15798549
v 0.13037051 -0.07596338 -0.17854300
v 0.16793388 0.15257765 0.13080569
v 0.16127209 0.14042619 0.12909269
v -0.17121075 -0.34934324 -0.16056125
v 0.13383663 -0.23829526 0.15757363
v 0.07065800 0.01746800 0.05469700
v 0.15442175 -0.22735114 0.14015983
v 0.14835462 -0.29912981 0.13783175
v 0.17109466 0.02338809 -0.05536325
v -0.18520075 -0.34891126 -0.17049851
v 0.00260238 0.02131375 0.14758974
v 0.13772462 -0.06716381 -0.15818393
v 0.01574112 0.03144553 0.14785799
v 0.03173050 -0.00598075 0.04822512
v -0.16384950 -0.12304763 0.17173225
v -0.15574375 -0.10842125 0.15357193
v 0.17259502 0.02727281 -0.06117078
v -0.18136469 -0.12382619 0.15193406
v 0.14511225 -0.03898812 -0.15645351
v -0.17289419 -0.16226298 0.14706440
v 0.17157251 0.02487825 -0.02634325
v 0.16799550 0.01939050 -0.02828050
v 0.15684421 -0.04254197 -0.16724229
v 0.07336356 -0.00854100 0.05889594
v 0.12718299 -0.11756051 -0.17548312
v 0.08781412 0.01727463 0.09749175
v -0.17737713 -0.17982966 0.14892571
v 0.16023982 0.01799281 0.01224487
v -0.18179044 -0.18012007 0.15298700
v 0.15087850 0.02104000 -0.00575262
v 0.14974651 0.02510250 -0.09732150
v 0.13078746 -0.26354784 0.15593278
v -0.18561700 -0.20299500 0.16135088
v -0.20499399 0.03170488 -0.05535462
v 0.12598687 -0.28645289 0.15102312
v 0.16609256 0.01847269 0.05073037
v -0.01041300 -0.00512500 0.00768100
v 0.09465000 -0.00320687 0.10575625
v 0.10680075 0.03262450 0.14012150
v -0.16688532 -0.22255351 0.15028925
v 0.10258900 -0.01221875 0.09789000
v -0.04673050 0.02037750 0.13118300
v -0.16476101 -0.20313451 0.17484900
v 0.17024906 0.02684706 -0.16414163
v 0.12752113 0.02082125 0.13322476
v 0.16485150 0.02726650 0.10406300
v 0.14867750 0.01976850 0.08058750
v 0.15418600 0.02917550 0.11943900
v -0.17108275 0.31575781 0.10884544
v 0.08610300 -0.00538800 -0.09669800
v -0.19049512 -0.27727190 -0.15603097
v 0.14016093 0.01388662 0.11978919
v 0.12292075 -0.01390825 0.13009575
v 0.16101262 0.03007038 0.11166575
v 0.15925831 0.02510625 0.11445881
v -0.17941131 -0.25717831 0.15249094
v 0.12572891 -0.20132323 -0.17813531
v 0.15425538 0.01161713 0.12950325
v 0.14487500 0.02289650 0.15349500
v 0.16575025 0.01663550 0.13628624
v -0.15982474 -0.25434926 0.16000700
v -0.15951949 -0.26342201 0.16157100
v 0.12353262 -0.23585047 -0.18612625
v -0.17966557 -0.26796731 -0.15211600
v -0.15941624 -0.29312262 0.16694687
v -0.17694087 -0.06269575 0.14618219
v 0.12273231 -0.28188699 -0.18873991
v -0.18539993 -0.31015432 0.17371944
v 0.12476493 -0.31331831 0.15159132
v -0.06250419 -0.00613106 0.05995956
v -0.18166469 -0.33136794 0.17928475
v 0.12524779 -0.29683241 -0.17816466
v 0.13283025 -0.28573650 -0.19364975
v -0.18610200 -0.33967286 0.17493963
v 0.16957974 0.04228525 -0.17891675
v 0.02233000 0.02419038 -0.00982875
v 0.12195563 -0.32286319 -0.18930544
v 0.08416675 0.02446738 -0.08923469
v 0.12961487 0.04970206 -0.11116637
v 0.12314500 0.05009219 -0.11830944
v 0.14416693 -0.17082754 0.13160056
v 0.16014881 -0.13644400 0.14899950
v 0.14931503 -0.17505319 0.15897506
v -0.17956409 -0.23312290 -0.15089838
v 0.13397782 -0.19568357 0.15585344
v -0.18404774 -0.26507512 0.15697201
v 0.12677675 -0.26381400 0.14899650
v 0.16453700 0.03066300 -0.20099001
v 0.13283928 -0.29416665 0.15881482
v 0.13727525 -0.28380570 0.16017756
v -0.17107999 0.31011531 0.11597700
v 0.14219150 0.02598600 -0.19709000
v 0.15842099 0.03132850 -0.20422401
v 0.00389400 0.02319613 -0.01128225
v -0.14116350 0.34580901 0.15023100
v -0.17283453 0.31329000 0.14129090
v -0.02801087 0.02174537 0.02476850
v -0.15413301 0.32771787 0.16057213
v -0.16908146 0.27062643 0.13707612
v -0.16365124 0.30475751 0.13131250
v -0.21313900 0.03852200 -0.17575200
v -0.13571168 0.31563804 0.16813460
v -0.16321550 0.27958113 0.15019096
v -0.15967537 0.29106200 0.15045862
v -0.12012031 0.34708244 0.15467556
v -0.11186525 0.32536900 0.14902450
v -0.10909206 0.03314019 0.14978306
v -0.20132215 0.02716458 -0.17558382
v -0.05799972 0.00402228 0.02683216
v -0.15337574 0.28477150 0.14946038
v -0.21173050 0.02924125 -0.13933025
v -0.19262488 0.02185112 -0.18058676
v -0.20390050 0.02663806 -0.16126806
v -0.11596403 0.31061590 0.15670244
v -0.18203551 0.02718000 -0.19148950
v -0.15301119 0.04247794 -0.19233738
v -0.21010450 0.02760137 -0.15592587
v -0.16918212 0.03126463 -0.19504687
v -0.17789243 -0.21970606 -0.15091175
v -0.15861535 0.26081523 0.15276428
v -0.11419582 0.32166064 0.18166712
v -0.15748188 0.02853088 -0.19318300
v -0.20226750 0.02422675 -0.13836269
v 0.20110953 0.29684904 0.11414465
v -0.15954025 -0.00670425 0.14110650
v -0.20312969 0.04122544 -0.09242544
v -0.01188400 0.01140300 -0.02025700
v -0.14968812 0.33194613 0.12822776
v -0.12909013 0.02023269 0.14398544
v -0.15602937 0.02717788 -0.18718487
v -0.20563163 0.02498469 -0.10802434
v -0.04286300 0.36005151 0.18454026
v 0.09182050 -0.01648312 0.08906250
v -0.14155100 0.02609400 -0.18510400
v -0.13980293 0.02724956 -0.17879306
v -0.18797299 -0.00496794 -0.15456250
v -0.20413534 0.02541969 -0.07214872
v -0.14882000 0.01478600 0.14905600
v -0.05886046 0.01914079 0.02732277
v -0.18920501 -0.01520250 -0.15805949
v -0.15853943 0.23472771 0.15501593
v -0.07953775 0.30443501 0.17575476
v -0.02545800 0.36089388 0.18937850
v -0.17702979 -0.19906551 -0.15050393
v 0.16696775 0.29908600 0.14999388
v -0.08039994 0.30275711 0.18226551
v -0.18788888 -0.03073309 -0.15430975
v -0.18952143 -0.03901841 -0.16046903
v -0.13587788 0.02676356 -0.13697091
v -0.20050976 0.02465850 -0.05889713
v -0.04895275 0.04120338 -0.20143975
v -0.20313568 0.02720261 -0.05611897
v -0.16800869 -0.20608619 -0.15539682
v -0.17725840 0.30753863 0.12282378
v -0.15946904 0.19834231 0.15802872
v -0.15271772 0.19884700 0.15540147
v 0.17386681 0.30183843 0.12829137
v 0.13230072 0.30083296 0.16786240
v -0.14346412 -0.00167638 -0.14315288
v -0.13147031 0.02321778 -0.13221075
v -0.19979587 0.02395281 -0.04890675
v -0.18992551 0.02635300 -0.06127050
v -0.04979850 0.31225476 0.20204575
v -0.18980372 -0.05563959 -0.16286375
v 0.15579624 0.30529344 0.13849343
v 0.16339950 0.30051699 0.13241801
v 0.10954981 0.03008000 -0.20702213
v -0.03352606 -0.00278513 -0.04156969
v 0.00802650 0.36053249 0.19316299
v 0.09120850 0.02913975 -0.18819900
v 0.12901950 -0.09692925 -0.16921850
v 0.18975849 0.30706999 0.10139200
v -0.13145566 0.02533231 -0.10606219
v -0.07026650 0.02572025 -0.19919574
v -0.06853125 0.02381875 -0.19305450
v -0.15206088 0.04278925 0.15687275
v -0.03073525 0.30022249 0.19784912
v -0.14842120 0.15498428 0.14977689
v -0.11089550 -0.00864244 0.10049606
v 0.17826176 0.31274849 0.11060225
v -0.17892988 0.30998024 0.13115625
v -0.11631325 -0.01058725 0.10041088
v 0.08342250 0.02731525 -0.20224126
v -0.04857406 -0.00263723 -0.02836864
v -0.05057600 0.02605350 -0.17790350
v -0.12807181 0.00137937 -0.10203606
v -0.19105816 -0.18972941 -0.15758507
v -0.15742625 0.03610912 0.13971999
v -0.18735912 -0.07461550 -0.15295713
v -0.19648963 0.02471912 0.00744200
v -0.18994884 -0.08781531 -0.15948693
v 0.12181900 0.32568601 0.18487100
v -0.18068363 -0.07459056 -0.14821106
v -0.18558800 0.02511550 0.00383900
v -0.09875550 0.02442475 -0.10230700
v -0.17841668 -0.06260087 -0.14751069
v -0.12966201 -0.00258000 -0.11425000
v 0.00610462 0.32957801 0.20897387
v -0.03873684 0.02623737 -0.20196825
v -0.12986225 -0.00276550 -0.10546250
v -0.07183462 -0.00225725 -0.05189613
v -0.07145963 -0.00336131 -0.05111812
v -0.06766938 0.00143725 -0.04995275
v 0.11692200 0.04203200 -0.20849299
v -0.03842612 0.02445412 -0.19869974
v -0.16751350 -0.06561150 -0.15036200
v -0.00496787 0.29920164 0.20017737
v -0.11727627 0.01410501 -0.09265290
v 0.14015056 0.34045392 0.15235281
v -0.19161862 0.02390788 0.03281600
v -0.19241093 0.02583481 0.04356762
v -0.17650232 0.02111206 0.00210431
v -0.18140550 0.02526550 0.12518150
v -0.18143301 0.02272500 0.12229700
v 0.00170052 0.30394080 0.18614428
v -0.01173594 0.02835312 -0.20512988
v -0.11268742 0.02002825 -0.08884208
v -0.18943571 -0.16551761 -0.15570182
v -0.17483544 -0.08156556 -0.14766929
v -0.09835125 0.02647725 -0.07334188
v -0.18264960 0.02334844 0.11280478
v -0.16388032 -0.15262057 -0.16657056
v -0.11377037 -0.00307525 -0.09144675
v -0.17318875 0.02344025 0.08793575
v 0.08997350 0.04527350 -0.20534974
v 0.00887650 0.02383650 -0.19486751
v -0.14863238 0.13186850 0.14968926
v 0.05760638 0.02663638 -0.20331612
v 0.08410825 0.32870424 0.19815999
v -0.19048750 -0.11846825 -0.16595700
v -0.19037825 -0.11306719 -0.15885718
v -0.16810925 -0.14995962 -0.17389688
v 0.00962575 0.29729775 0.19608700
v -0.18971688 0.02410219 0.06382853
v -0.18914682 -0.14503846 -0.15543319
v 0.10026600 0.33734000 0.18889643
v -0.08739075 -0.00368775 -0.06980275
v -0.18714462 -0.12309219 -0.15289506
v -0.15511174 0.31450713 0.12560688
v -0.18541059 0.02743916 0.10141878
v -0.18196701 -0.12095688 -0.14934775
v -0.18770343 0.03177956 0.08557881
v 0.04258150 0.04023300 -0.20774850
v -0.18632425 -0.13917686 -0.15211575
v -0.18992177 -0.13438469 -0.15712702
v -0.17516294 -0.11368081 -0.14849338
v -0.16304600 -0.12103700 -0.16398150
v -0.08755675 0.02584825 -0.06755025
v 0.03405512 0.29724374 0.19417207
v 0.04004800 0.30648801 0.20448600
v 0.03621741 0.29877368 0.19927147
v -0.19144356 -0.13025331 -0.16211119
v -0.13542962 0.32362887 0.13521688
v 0.08993300 0.32255599 0.16320875
v -0.18212900 0.03587650 0.10355550
v -0.14979544 0.08962063 0.14984025
v -0.15225625 0.34189051 0.15026025
v -0.18299775 0.03341100 0.11380100
v 0.08979566 0.35198268 0.17471451
v -0.11969750 0.00378506 0.11930794
v -0.15012938 0.09643375 0.15310512
v -0.05815900 0.03243450 -0.10228775
v -0.17149062 -0.08562919 -0.14885819
v -0.18336728 -0.09565906 -0.14978278
v 0.09995450 0.32749256 0.19334312
v -0.15942182 0.31288138 0.15190913
v 0.07371553 0.29865298 0.18284915
v -0.13098399 -0.00279512 -0.13092087
v -0.18767181 0.02195631 0.02568506
v 0.07228906 0.29888561 0.19193424
v -0.02976444 0.02282131 -0.19056481
v 0.02568855 0.30540976 0.18420357
v 0.06894712 0.03077881 -0.20685893
v -0.12518699 -0.00731300 -0.10852400
v -0.18844253 -0.09684718 -0.15442488
v 0.04252625 0.32529449 0.17448249
v -0.14623974 0.31129050 0.13701449
v -0.15447566 0.15168688 0.15860981
v -0.17328300 0.01984500 0.11335500
v -0.15049300 0.06651219 0.14895275
v -0.01898453 0.30143169 0.20169021
v -0.19012697 0.03809350 0.03250087
v -0.11790513 -0.00253738 -0.11829887
v -0.14958738 0.30921787 0.15029925
v -0.17387307 0.05424187 0.16218907
v -0.17170051 0.32670149 0.14773101
v -0.14740312 0.30880788 0.14363950
v 0.18960156 0.32852495 0.11530550
v -0.14892800 0.30402300 0.14233950
v 0.11843438 0.30278644 0.17881034
v 0.07824700 0.02799762 -0.18436900
v -0.02750888 0.30546114 0.18355650
v -0.01350650 0.33227661 0.20798475
v -0.17261669 -0.04928075 -0.14740969
v 0.20149675 0.32465249 0.10655850
v 0.20241900 0.32689974 0.10998537
v -0.16978556 -0.05158338 -0.17339362
v 0.08984537 0.02647137 -0.19634500
v -0.05954590 0.30306596 0.19405344
v -0.18853463 -0.20581125 -0.15402412
v -0.20761450 0.02906200 -0.18793499
v -0.17673637 0.02391562 -0.06182887
v 0.16045225 0.29896876 0.13495050
v -0.16059831 0.18415375 0.15925519
v 0.10688875 0.02666100 -0.18866099
v 0.17391613 0.30493939 0.12122250
v -0.04572628 -0.00403003 -0.03032719
v -0.13958800 0.03417750 0.14858600
v 0.19409250 0.29758313 0.11109763
v -0.20319672 0.02918975 -0.03491044
v 0.17247713 0.30150187 0.14940225
v 0.17484963 0.30353650 0.15122737
v -0.17130774 0.16456412 0.13644075
v -0.15164644 0.22868963 0.15266144
v -0.03097663 0.00627916 -0.01259916
v -0.17457975 -0.02429219 0.14319475
v 0.20355999 0.29784301 0.11848200
v -0.12383000 0.02451600 -0.17822801
v -0.17889363 -0.00103687 -0.14620607
v -0.16456699 -0.23015700 -0.16724300
v -0.03129337 0.00749119 -0.01454750
v -0.07747900 0.30708599 0.17340299
v -0.21269356 0.03114759 -0.17704578
v -0.05557837 0.02103450 0.05194306
v -0.18850476 -0.00121119 -0.16409494
v -0.04434750 0.02354800 0.04103650
v 0.11555100 0.01201100 -0.15837599
v -0.20708001 0.03391075 -0.07987025
v -0.09698581 0.04127656 -0.19837028
v -0.18427081 -0.22320794 -0.15151912
v -0.15266375 -0.00797125 0.15513287
v -0.13091625 0.03868831 -0.19780606
v -0.17395300 0.02012200 -0.17319500
v -0.16361544 0.25226131 0.13157034
v -0.21218824 0.03252938 -0.13128425
v -0.19384100 0.02525300 -0.15781200
v -0.17017287 0.02859312 -0.19296800
v -0.19045137 0.02626044 -0.16434588
v -0.06268275 -0.00811131 0.03474069
v -0.11409272 0.30628642 0.16519509
v -0.20845787 0.02581988 -0.13297588
v -0.19481599 0.02438500 -0.18241675
v -0.20881957 0.02834375 -0.17225018
v -0.18288037 0.04174900 -0.19227512
v -0.15214294 0.30231425 0.14715117
v -0.20925000 0.04216950 -0.17662500
v 0.17756337 0.28647950 0.13954151
v 0.15190469 -0.28351086 0.14143676
v -0.13530400 0.31154162 0.14536013
v 0.12924303 -0.25335261 0.15346985
v -0.11280400 -0.00671200 0.08591500
v 0.14967225 -0.21575962 0.13312475
v 0.15127909 -0.20218216 0.13396284
v 0.14116712 -0.19823851 0.15980075
v 0.15418588 -0.15876900 0.15649675
v 0.15707891 -0.17502522 0.15169831
v 0.13429350 -0.34825474 -0.16990475
v -0.19471225 -0.30027926 -0.16508199
v 0.08609800 -0.00465150 -0.10861700
v 0.12238919 -0.31384233 -0.18656699
v -0.17384425 -0.35140926 0.15698725
v -0.16745800 -0.32494900 0.18075299
v -0.17238826 -0.33591950 0.18193875
v -0.18245000 -0.08675300 0.15625700
v -0.05570600 0.02181100 0.12628751
v 0.09789175 -0.00402900 -0.12277400
v 0.15295881 -0.27914870 -0.17892057
v -0.15900581 -0.27357450 0.16722019
v 0.12450913 -0.24347202 -0.18084356
v 0.12474247 -0.21850544 -0.18049172
v -0.16616362 -0.30165458 -0.17181844
v 0.16259450 0.01948644 0.10295787
v 0.16446325 0.02256325 0.10184800
v 0.16789851 0.02286000 -0.11660500
v 0.17377301 0.30932149 0.15335076
v 0.11755900 0.01629100 0.13099900
v 0.12503678 -0.17535788 -0.18506312
v -0.18270163 -0.11538859 0.15546738
v 0.16742624 0.03234125 0.04890025
v 0.14258926 0.04693013 0.14142656
v 0.10481987 -0.01295400 0.08865362
v 0.10169406 0.01671869 0.13275781
v 0.03799344 -0.00780069 0.05232900
v -0.03822250 0.01955000 0.14084300
v 0.16676463 0.01837525 0.02352500
v 0.14126688 -0.13642953 -0.16038528
v 0.12877788 -0.14476490 -0.16971332
v 0.21165125 0.32054499 0.11572700
v -0.18258788 -0.10490925 0.15997726
v -0.16683251 -0.18276900 0.17489150
v -0.17291825 0.02387656 0.13162450
v 0.17053325 0.02488575 0.02608175
v 0.16842300 0.10067956 0.13353187
v -0.16511150 -0.14803450 0.17306319
v -0.15934575 -0.14515340 0.16835187
v 0.14751434 0.14932412 0.13927375
v -0.17622100 -0.34900299 -0.15615299
v 0.04683175 0.02957350 0.14689025
v -0.15681601 0.33402550 0.15550663
v 0.15393876 0.02175050 -0.00918300
v 0.15672700 0.01983100 0.00144900
v -0.19111188 -0.34610689 -0.17154625
v 0.16183813 0.01852300 -0.01395475
v -0.16618375 0.32039562 0.15127812
v -0.15702115 -0.17966577 0.15947987
v -0.16457975 -0.19047663 0.14966381
v -0.19091663 -0.12401219 -0.15944925
v 0.13046350 -0.27315986 0.13706112
v -0.15849750 -0.21149087 0.16789325
v -0.16851149 -0.21264838 0.14890587
v 0.18115550 0.30029988 0.13871087
v 0.10135556 -0.00394881 -0.11010094
v -0.19062079 -0.23297662 -0.15661921
v -0.16292718 -0.23809725 0.17468862
v 0.16787456 0.01949337 0.13984218
v 0.13723928 -0.21040735 -0.16386653
v 0.14861387 0.02532238 -0.15356013
v -0.15982474 -0.30619624 0.16674112
v -0.11073013 0.30580649 0.17175101
v 0.13766372 -0.09446956 0.15345207
v -0.17859700 -0.34160849 0.18111950
v -0.16429999 -0.35199600 0.16361400
v -0.18057694 -0.06144925 0.15120469
v 0.12784550 -0.25375369 0.14263962
v 0.08775594 0.02381981 -0.09421819
v 0.21188600 0.32056701 0.11833300
v -0.09356419 0.30407819 0.17539112
v -0.16602574 0.30745250 0.14445525
v 0.04430613 0.02446987 -0.04684900
v -0.14928751 0.30564249 0.13688350
v -0.11328450 0.35070401 0.16735175
v 0.13847400 0.02466100 -0.18363400
v -0.12027700 0.32992625 0.17983350
v -0.19424251 0.02687975 -0.18914124
v -0.16077369 0.04735131 -0.15486938
v -0.15028125 0.02746900 -0.17471100
v -0.05145525 0.35858575 0.18800700
v -0.16183606 0.01243466 -0.16377278
v -0.14664900 0.02526900 -0.15629900
v -0.13858400 0.02962400 -0.17535900
v -0.14628924 0.02678112 -0.17070775
v -0.11611075 0.05010075 -0.15761575
v 0.00926972 0.02097222 -0.04150022
v -0.17416787 -0.00535281 -0.14568181
v -0.07883038 0.02389663 0.07875387
v 0.17860284 0.29880866 0.14321426
v -0.12401163 0.03445731 0.14905675
v 0.19968738 0.29860064 0.10830664
v 0.12191475 0.04504375 -0.20568250
v -0.04647887 0.31794250 0.20367825
v -0.17392901 0.18386000 0.15084501
v -0.12507300 0.02304300 0.12641150
v -0.16339725 0.16968575 0.15996900
v -0.16220178 -0.03271747 0.14188562
v -0.16747425 -0.18790750 -0.17372863
v -0.07692835 0.04012737 0.13834000
v -0.17847174 0.02430687 0.00705113
v -0.18229231 -0.17422068 -0.15022862
v -0.05507900 -0.00381200 -0.05962000
v -0.15944199 0.02001850 0.11101625
v -0.01876800 0.02168500 -0.19259700
v -0.17946756 0.03046088 0.14977425
v 0.08069900 0.35437101 0.18190099
v -0.18104963 0.02008475 0.04126925
v 0.15269050 0.33859751 0.15251274
v -0.18087663 -0.10782088 -0.14907594
v 0.08292688 0.03032375 -0.20637350
v -0.17542182 -0.14306618 -0.14910337
v -0.17884976 0.03460800 0.12531476
v 0.13342537 0.34320712 0.15876649
v 0.05193150 0.29941949 0.19799501
v -0.18478109 0.02447273 0.09723184
v -0.16557024 -0.14705600 -0.17061201
v 0.06614787 0.02503700 -0.19684775
v -0.16478331 0.11921512 0.16224957
v -0.17908651 0.02777350 0.15675600
v 0.01731384 0.32213122 0.20840222
v 0.21314999 0.31209400 0.11741800
v 0.15444800 -0.25068551 0.14567199
v -0.17558572 -0.03439097 -0.14659953
v -0.19361162 -0.24356012 -0.16584322
v -0.17695600 -0.05208962 -0.17488199
v 0.12667900 0.01993900 -0.16381200
v -0.19519800 0.02402200 -0.06105000
v -0.15073372 0.21752837 0.15172462
v -0.12197250 0.02382750 -0.18729700
v -0.09635900 0.02728825 -0.19935113
v 0.17301859 0.03022914 -0.16690406
v -0.19884326 0.04008850 -0.19174574
v -0.20687650 0.03743350 -0.18918499
v -0.21204901 0.03733975 -0.18326825
v 0.16517150 0.02464587 -0.14711826
v -0.15574750 0.30796501 0.12868275
v -0.03210900 0.02268500 0.12604900
v -0.13266350 0.02622950 -0.19208750
v -0.19273825 -0.32620925 -0.17417037
v 0.12959619 -0.22852619 0.15180475
v 0.16388297 0.02073975 -0.06847550
v -0.16921949 -0.34251201 -0.17698750
v 0.14803731 0.15954278 0.14619675
v 0.16094734 -0.01216203 0.13320681
v -0.16765200 -0.34695899 -0.16201100
v -0.12717037 0.33341026 0.14300962
v 0.15015663 0.01746188 0.11064163
v 0.12984151 -0.09650600 -0.16891637
v -0.17087400 -0.19079299 0.14765382
v 0.13982150 0.01569987 0.06944681
v 0.15614200 -0.08679344 -0.16995256
v 0.04445538 0.03785825 0.14142488
v 0.02986388 0.04958437 -0.05335578
v 0.16852801 0.02008269 0.14765926
v 0.12359275 -0.32751074 -0.18329956
v 0.13631099 -0.16938500 0.13582700
v 0.15811887 -0.17064010 0.14155890
v 0.13704024 -0.19104606 0.13487981
v 0.13102813 -0.19334403 0.15130125
v 0.10718650 0.02582525 -0.19796801
v -0.15483075 -0.07411362 0.15312518
v -0.09591375 0.32142532 0.18920293
v -0.17368163 0.01189363 -0.14368100
v 0.16441400 0.02566000 -0.17225926
v -0.08181825 0.02062787 0.12931450
v -0.12657362 0.33998075 0.14669874
v -0.15851425 0.02510325 -0.06718625
v -0.02553916 0.32310563 0.20704067
v 0.15612824 0.30153450 0.14468300
v -0.09634350 -0.00679750 0.09278650
v 0.12312800 0.02325700 -0.17510800
v 0.04996537 0.04366925 -0.20612738
v -0.17278662 -0.10432350 -0.14877351
v -0.10162650 -0.00573050 0.07223800
v 0.17525187 0.27272576 0.14760287
v 0.12698175 0.02437000 -0.19655350
v -0.10672662 0.00575763 0.07673700
v -0.15788950 0.30452400 0.13020000
v -0.15136676 0.02183325 0.11912187
v 0.14090700 0.31816676 0.17525013
v 0.19010875 0.31704676 0.10091437
v -0.17704999 0.02106306 0.10086887
v -0.17817976 0.02276375 0.09102687
v -0.15222050 0.32181147 0.16085947
v -0.13437650 0.33966249 0.16673151
v 0.13516365 0.00756359 -0.17854044
v -0.00294056 0.02609934 -0.20315194
v -0.00867606 0.03885225 -0.20550813
v -0.01851906 0.04402950 -0.20034294
v 0.15547626 0.02463325 -0.13436387
v -0.01291125 0.02016925 0.13538475
v -0.16329724 0.09303769 0.13576846
v 0.16564800 0.17370901 0.15605851
v -0.07116587 0.03732513 -0.20240162
v 0.01271063 0.35837999 0.19592699
v -0.15331350 0.18375374 0.15696976
v -0.12828524 0.34510300 0.16539188
v 0.14849162 0.12010787 0.13486525
v -0.05455025 0.32715175 0.16989350
v -0.16303951 -0.17598969 0.14944600
v 0.14601526 0.10819069 0.13831037
v -0.17976201 -0.20191474 0.15047824
v -0.15918350 -0.17587700 0.15382750
v -0.14920700 0.26081425 0.14629474
v -0.16003150 -0.20448300 0.17089950
v 0.16357356 0.03264569 0.08105487
v -0.20436150 0.04176175 -0.18805826
v 0.14406891 -0.00462878 0.15436487
v 0.13966800 -0.24307300 0.13224600
v 0.13902700 -0.24470399 0.13223401
v 0.13971294 -0.05361256 0.15287815
v -0.15329325 0.30653974 0.13175026
v 0.13327900 -0.34329000 -0.19718599
v 0.15534268 -0.12152763 0.13350628
v 0.14481500 -0.34412500 -0.19600201
v 0.03387837 0.35978612 0.18925662
v 0.14646225 -0.35020399 -0.18276601
v -0.17779419 -0.29014510 0.15382950
v 0.14646000 0.01570275 0.13422400
v -0.20166500 0.03005737 -0.19090150
v 0.15272975 0.03255300 0.11826175
v -0.20546587 0.03784376 -0.08241386
v 0.15088947 0.09676053 0.15515625
v 0.14371075 0.01908350 0.02425725
v -0.15907843 -0.10633481 0.16741531
v -0.15139012 0.27558830 0.13401225
v -0.19525413 0.03063375 0.02968500
v -0.02297900 0.02553825 -0.18179162
v 0.06545375 0.32412663 0.17021950
v -0.16914204 0.27130154 0.14464316
v 0.14881399 0.01425550 -0.17986774
v 0.20716000 0.31637350 0.10983825
v -0.16592112 -0.23610938 -0.17187762
v 0.15578222 0.25849569 0.14445078
v 0.19810075 0.31844175 0.10278175
v -0.17721701 -0.34568799 -0.15443000
v -0.18368375 -0.14976625 0.16252249
v -0.16299599 -0.10847000 -0.16380700
v 0.12548301 -0.26044101 -0.19120450
v 0.13399956 -0.29133493 -0.16802002
v 0.06113850 0.35658374 0.18765688
v 0.15041369 -0.32092762 -0.18931951
v -0.00571281 0.32681814 0.17671107
v -0.19158749 0.04312075 -0.04392225
v -0.13543250 0.02774125 -0.17196050
v -0.10916625 0.02626175 -0.19689500
v -0.16898337 0.03710413 -0.19539049
v 0.03269725 0.35536200 0.19677737
v 0.13787000 -0.25139299 0.13149500
v 0.13625550 -0.32570726 -0.19686450
v -0.21043751 0.03202650 -0.18660137
v -0.19929349 0.04439875 -0.17306750
v 0.19491950 0.32464001 0.10469250
v 0.15412176 0.02959763 0.13068937
v 0.17663699 0.31953600 0.15341300
v -0.05980994 0.02374319 0.08199794
v 0.12124763 0.02693919 -0.20374037
v -0.10484400 0.34485999 0.17999899
v 0.07198500 0.01840300 0.13177501
v -0.15676925 -0.00948763 0.16369000
v -0.10820406 0.00549644 0.10748663
v 0.16867538 0.03462537 -0.00762419
v -0.10581959 0.33770972 0.15491800
v -0.15602100 -0.09827250 0.16223562
v -0.18439500 -0.26082912 -0.17928438
v -0.15794650 -0.10812150 0.14982450
v -0.18489675 -0.34135225 -0.18143775
v 0.15480731 0.02228650 -0.07397863
v 0.16113062 0.17527050 0.12930925
v -0.17742050 -0.31363750 -0.18168250
v -0.10252050 0.34899500 0.17759299
v 0.15827800 0.05124950 0.13064994
v 0.16371588 -0.02699023 0.13655397
v -0.17952731 -0.23347537 -0.17983313
v -0.00218878 0.30467245 0.20531219
v 0.13861200 -0.24967600 0.13209400
v -0.07215800 0.33263299 0.19757500
v 0.15460426 0.04501325 -0.19813076
v -0.18323675 0.04409850 -0.18537726
v 0.09195475 0.02733100 -0.17889425
v 0.01206591 0.02608322 -0.18148847
v 0.12966138 0.34377289 0.16609401
v 0.19430500 0.30723226 0.10172125
v -0.10660200 -0.00659400 0.08857200
v -0.17879479 -0.02548334 0.14758769
v 0.08891243 0.34995595 0.18466000
v -0.01097275 -0.00904275 -0.00481112
v -0.16014224 0.18347424 0.13212700
v 0.14355201 -0.03791306 0.15594131
v -0.08673300 0.34358376 0.16325025
v 0.12855637 -0.28453976 -0.17139088
v 0.07217888 -0.00533762 -0.09628225
v -0.16806006 -0.30366600 0.15503843
v -0.15815669 -0.14999469 0.15316038
v -0.06087625 0.02393100 -0.14195175
v -0.04878025 0.02410400 -0.14768450
v 0.01954675 0.30397975 0.20496000
v -0.10011481 0.31261393 0.18509194
v 0.13281851 -0.15495478 -0.16401175
v -0.10084637 0.02196994 0.04791031
v -0.14262994 0.02424663 -0.09327706
v 0.06801275 -0.01011600 0.06886475
v 0.05007112 0.02645688 -0.18471463
v 0.05297906 0.02672350 -0.17364381
v 0.11899600 0.01957875 0.02956950
v 0.12562349 0.01752000 0.04540725
v 0.11402650 -0.00401475 -0.14139874
v 0.04879837 0.00472969 -0.05461812
v -0.14305966 0.02279975 -0.05107953
v -0.07441437 0.00988888 -0.05561125
v -0.17267454 -0.21459156 -0.17822565
v -0.17652012 -0.10705775 -0.17650537
v -0.15038000 0.12418050 0.14228325
v -0.15318625 0.09777128 0.14031550
v -0.15168101 0.17997400 0.13608401
v -0.17194825 -0.31609637 -0.17943107
v -0.16834481 -0.28795376 -0.17574300
v -0.18146163 -0.30947900 -0.18168087
v 0.14824794 -0.20541497 -0.18877847
v 0.15209524 -0.16781443 -0.18396281
v -0.18025556 -0.09416669 0.16552410
v -0.17621237 -0.18009262 0.17418075
v -0.17770338 -0.14154699 0.17141663
v 0.15186456 -0.26776987 -0.18608876
v 0.17408951 0.19801188 0.13562863
v 0.20653699 0.32585499 0.11282200
v 0.15665001 0.33691701 0.15396699
v 0.15226859 -0.08449756 0.15913543
v 0.11980500 0.31574401 0.18475500
v 0.11634550 0.30809999 0.18381250
v 0.09893350 0.31515449 0.19261500
v 0.03239450 0.33745074 0.20572475
v -0.09235950 0.33148199 0.19113250
v -0.19009937 -0.21515287 -0.17271562
v -0.19242044 -0.23054001 -0.16944262
v -0.16927119 0.08878469 0.16272375
v 0.15363887 0.17193425 0.15368788
v 0.15251978 0.21610841 0.14587131
v -0.17658307 0.11182325 0.15334344
v 0.12702750 0.33940563 0.15464212
v 0.17309216 0.24015878 0.13331471
v -0.00409825 0.33936164 0.17745863
v 0.01838050 0.33907601 0.17741962
v -0.07781531 0.33683288 0.16429138
v -0.01926238 0.05023212 -0.08583992
v 0.12681150 0.04506700 0.06817850
v 0.15030850 0.04863300 -0.13628700
v 0.08173510 0.04853928 -0.03525747
v -0.07506547 0.04985050 -0.05141031
v -0.12840538 0.04636050 0.05426712
v -0.17210250 -0.03986650 0.16885500
v 0.03378419 0.04807225 0.02636087
v -0.04003606 0.04681700 0.09071313
v -0.09368013 0.04377800 0.12183762
v -0.07159125 0.04583462 0.10567050
v -0.02847919 0.04797250 0.05310412
v -0.00190312 0.04943022 -0.02852566
v -0.00167300 0.02282425 0.02532850
v 0.16014588 0.04626325 -0.17928626
v 0.15584050 0.04787812 -0.15976462
v 0.04770850 0.04874862 -0.01401263
v 0.10883675 0.02407125 -0.17343675
v -0.16958618 -0.22537144 -0.17654969
v -0.07839556 0.02055128 0.11328197
v 0.06272162 0.02466500 -0.12650925
v -0.01349775 0.04861322 0.01833025
v -0.17655787 -0.04785712 0.16673675
v 0.12825701 0.05031500 -0.17830899
v 0.13768224 0.04837375 -0.18985425
v -0.00312800 0.02142950 0.03769825
v 0.00545322 0.04701647 0.08049981
v 0.15861250 0.26818919 0.14779387
v 0.09368463 0.05053700 -0.11656387
v 0.12343900 0.04885387 -0.08622438
v 0.18262300 0.31334263 0.14846376
v -0.06751228 0.04796584 0.04587838
v -0.00344787 0.02542562 -0.04504750
v 0.09946269 0.04883381 -0.06544088
v 0.12406588 0.02406712 -0.18399525
v -0.07010100 0.02017100 0.11849325
v -0.01078750 0.02135463 0.04484538
v -0.11486400 0.04096800 0.13503100
v -0.05652687 0.02259094 0.09687444
v -0.03372000 0.02297800 0.06695100
v -0.03448003 0.04483831 0.11935366
v 0.20590200 0.30779901 0.10981100
v -0.09700081 0.04698331 0.06917650
v 0.05657394 0.04998259 -0.09195944
v -0.19788213 0.04549988 -0.15043662
v 0.13604712 0.05042588 -0.15678987
v -0.20682450 0.04323550 -0.15018176
v -0.07882881 0.34975824 0.16786601
v 0.10798025 0.05128750 -0.16236500
v 0.09668832 0.02531650 -0.17178375
v 0.16600144 0.04439994 -0.16615531
v 0.12752937 0.04743712 -0.19824375
v 0.02619719 0.02548184 -0.10086041
v 0.00911838 0.02527837 -0.07942762
v 0.04651400 0.00390900 -0.08338800
v 0.04580000 0.00505500 -0.08246900
v -0.20311700 0.04376950 -0.12572899
v -0.10508425 0.04451025 0.10889675
v 0.16259287 0.31665805 0.16275494
v 0.04251228 0.05067900 -0.12149125
v 0.05852325 0.02366463 -0.15128888
v 0.02972250 0.04758472 0.05407213
v -0.06733000 0.02162981 -0.00437419
v 0.18542600 0.32805401 0.13923700
v 0.14450100 0.31083900 0.17143001
v 0.17798650 0.32499000 0.14948650
v -0.14645851 0.03918150 0.13484401
v 0.06032950 0.02320100 -0.03077325
v -0.14919551 0.04060900 0.12440800
v -0.07046575 0.02340925 0.01077475
v -0.03130988 0.04309262 0.13010512
v 0.15656701 0.04678200 -0.12141000
v 0.16100812 0.32630676 0.16166075
v -0.08575238 0.02362919 0.01655550
v -0.07136550 0.02160250 -0.01380938
v 0.10428975 0.04713437 0.01745963
v -0.02044537 0.02235162 0.06811500
v -0.04487412 0.04919544 -0.00551437
v -0.12934326 0.02148275 0.08908500
v 0.15023451 0.04798250 -0.18250050
v 0.10777800 0.02359931 -0.08278344
v -0.01585531 0.02573825 -0.07349872
v 0.06240500 0.05115275 -0.15904400
v 0.08187387 0.05081950 -0.17918950
v -0.14637800 0.02036950 0.10908750
v 0.00912100 0.02402600 -0.12847900
v -0.13878500 0.01953875 0.09178275
v 0.16131400 0.04293038 -0.07759213
v 0.09676450 0.02321519 -0.05251106
v -0.01499150 0.02184500 0.10038575
v 0.16378002 0.20078520 0.15510890
v 0.10223431 0.04844237 -0.19632982
v -0.13424200 0.01791200 0.07472000
v 0.13895482 0.31039897 0.14501902
v 0.14353982 0.02351225 -0.12869374
v -0.12486275 0.01955787 0.05880275
v -0.11848300 0.01987100 0.03032800
v 0.05106925 0.02349662 0.01110950
v -0.02764975 0.02013050 0.10874425
v 0.13251124 0.02311325 -0.09551062
v -0.15433869 0.08213863 0.15981200
v 0.00530213 0.02062450 0.07626625
v 0.00455125 0.02413012 -0.14650600
v -0.12923375 0.04320975 0.09561937
v 0.09652112 0.02251956 -0.03941812
v -0.02974188 0.03944213 0.14058900
v 0.16372575 0.32310039 0.12522900
v 0.07473500 0.04741775 -0.20012850
v 0.12573569 0.04771506 -0.04932419
v -0.13919118 0.04204163 0.10650400
v -0.03406212 0.02010381 0.11747919
v 0.16622549 0.04173675 -0.10495944
v -0.15754563 0.09241787 0.13736431
v 0.11628950 0.33998600 0.18037251
v 0.07251756 0.02190512 -0.00594706
v 0.08602456 0.30597886 0.19394656
v -0.14929625 0.01641050 0.06883050
v 0.14396937 0.04700819 -0.06712781
v 0.14088026 0.33678451 0.16762000
v -0.10852725 0.02187213 -0.02565275
v 0.02817350 0.04519600 0.11715700
v 0.11970050 0.30835351 0.15767600
v -0.02956184 0.02501291 -0.12192888
v 0.15764606 0.33105230 0.13479938
v -0.13610600 0.04172100 0.09547100
v -0.00855700 0.02201500 0.09360650
v 0.14411762 0.32698232 0.13959774
v -0.16244826 0.03951837 0.11984900
v 0.04430150 0.04620950 0.09544350
v 0.01901200 0.02250800 0.06211400
v -0.10185275 0.02230100 -0.03195575
v 0.15233725 0.04546694 -0.05955325
v 0.09057100 0.04677041 0.04890319
v -0.14725851 0.01610200 0.04775600
v 0.13533668 0.04650306 -0.01078187
v -0.18117476 0.04597400 -0.17212576
v 0.07483172 0.31341037 0.19930463
v -0.17339151 0.03763025 0.11968925
v -0.14800601 0.04219875 0.08845800
v -0.11387800 0.02195100 0.01241000
v 0.03596725 0.02271450 0.06797650
v 0.02009887 0.02440662 -0.19125262
v 0.13093118 0.02236369 -0.06313344
v -0.16147900 0.01747900 0.06952300
v -0.08930463 0.04906375 -0.00560800
v -0.09766491 0.02493525 -0.04313859
v 0.01318188 0.04107778 0.13716365
v 0.04344075 0.04967175 -0.18825400
v -0.01204900 0.01971300 0.11339800
v 0.02122103 0.02575119 -0.16820601
v -0.10420100 0.02338550 0.00011800
v 0.06097350 0.02099450 0.03480050
v 0.02037831 0.04405669 0.12638400
v 0.04084450 0.03559875 -0.20805050
v 0.09075900 0.02198275 -0.00958550
v -0.07256300 0.02592000 -0.08617800
v 0.08466200 0.02213600 0.02321200
v 0.03971550 0.02010050 0.09160850
v -0.03469137 0.02567613 -0.09400412
v 0.11170200 0.34508350 0.17833351
v 0.12584101 0.32968351 0.15023100
v 0.14742100 0.02110400 -0.06193000
v 0.00963900 0.03645762 0.14447850
v 0.13458112 -0.04181775 -0.15925600
v -0.15889426 0.01718675 0.04394650
v -0.13501351 0.01849150 0.01431475
v 0.11321525 0.02034481 -0.00031450
v -0.15087937 0.01691950 0.01859875
v -0.12731962 0.04787787 0.02692975
v 0.03001837 0.05054687 -0.17586900
v 0.08435769 0.04556369 0.09305307
v 0.15463187 -0.12262187 -0.17870325
v 0.16754375 0.03826375 -0.06083912
v -0.16636075 0.01769163 0.05816125
v -0.05602700 0.05076100 -0.12008200
v -0.17311050 0.03924550 0.09749500
v -0.00102325 0.02479775 -0.17013524
v 0.08835450 0.02040600 0.03414000
v -0.15112650 0.04428500 0.05845400
v 0.02292875 0.02051625 0.10558475
v 0.08603975 0.34379938 0.19095513
v -0.13457225 0.02294100 -0.02585225
v 0.12947500 0.02075450 -0.01620925
v 0.14198838 0.02194425 -0.03758762
v 0.06499013 0.02146225 0.08354350
v 0.08869213 0.33696225 0.16576651
v -0.14468500 0.01907800 -0.00403500
v -0.00840138 0.05059212 -0.14495662
v -0.06782550 0.02667650 -0.10847600
v -0.14020300 0.02176350 -0.01244687
v 0.02889991 0.04685085 -0.19854009
v 0.15944424 0.04262200 -0.04105975
v 0.01513300 0.01886250 0.13226087
v -0.13089100 0.04861600 -0.00256487
v 0.07270725 0.34122500 0.19640376
v -0.00560650 0.04893712 -0.18657362
v 0.15558012 0.02078900 -0.03611062
v 0.12821987 0.04570987 0.04336913
v -0.16138500 0.04508525 -0.18263875
v 0.05440300 0.31508550 0.17561001
v 0.06377362 0.04467125 0.11597487
v 0.14177907 0.04525206 0.01976269
v 0.07142175 0.01912000 0.09911475
v 0.04777200 0.04324525 0.12811024
v 0.13912275 0.02092312 -0.01055613
v 0.15092075 0.04459113 -0.01188875
v 0.09095412 0.01933950 0.05601644
v -0.03393500 0.05025788 -0.16288169
v 0.05174925 0.33885899 0.20230900
v -0.02617138 0.02609475 -0.17136700
v -0.18307975 0.03929075 0.06142750
v 0.15927038 0.04157738 -0.00389750
v -0.03834950 0.02483250 -0.16512975
v 0.04993137 0.01901288 0.11258262
v -0.17555450 0.04281187 0.03691538
v 0.06477050 0.04136800 0.13204449
v 0.16472524 0.03874825 -0.01338538
v -0.16206700 0.01798800 -0.00808700
v -0.05065400 0.05082700 -0.14678350
v -0.08549625 0.02664063 -0.12159425
v 0.06641863 0.34917259 0.17419441
v 0.13869400 0.01839450 0.02860100
v 0.05946862 0.34882876 0.19618849
v 0.15185763 0.04333575 0.01757375
v 0.10638100 0.01846100 0.06710150
v 0.06324813 0.35300851 0.19184700
v -0.12217825 0.02560925 -0.06004100
v 0.03153100 0.31407151 0.17961600
v -0.17736225 0.01947300 -0.01176600
v -0.16655301 0.01905900 -0.01868300
v 0.10877350 0.04352250 0.10513075
v -0.15877700 0.04663000 0.01542300
v 0.08616138 0.04301662 0.12022413
v 0.05772525 0.01935500 0.11633400
v 0.11993538 0.01657338 0.05608112
v -0.12581125 0.02449575 -0.07527675
v 0.05069300 0.34692481 0.17548488
v -0.02670900 0.04989900 -0.17740899
v 0.15583099 0.04012075 0.03867325
v 0.03977587 0.34755874 0.20062150
v 0.00206450 0.31342125 0.18161437
v -0.11901850 0.00340200 -0.12128400
v 0.16182862 0.03650112 0.03643338
v -0.18267019 -0.21145518 0.17075357
v 0.15276200 0.04101500 0.05625275
v 0.13686600 0.04371700 0.07363000
v -0.10412750 0.02631087 -0.12969200
v 0.08880350 0.03983450 0.13165650
v -0.15012100 0.02232675 -0.04448225
v -0.02878019 0.04639156 -0.19450313
v -0.11639950 0.04975275 -0.05940725
v -0.08778875 0.32607824 0.15980187
v -0.18442450 -0.20495950 0.16670451
v -0.17875938 0.04746625 -0.14598538
v 0.10172100 0.00153200 0.08316300
v 0.12135944 0.01717650 0.07260037
v -0.16761875 0.02223725 -0.04400700
v 0.13410699 0.04139000 0.10015500
v 0.10205175 0.04085175 0.12411875
v 0.01419800 0.33997300 0.20627850
v 0.04153937 0.35741213 0.19288000
v 0.02213000 0.32610899 0.17671800
v 0.14900225 0.04123075 0.07113875
v -0.15616700 0.18115325 0.13316526
v -0.07726963 0.34970495 0.18815356
v 0.02144025 0.35249725 0.20024800
v 0.12614299 0.01711950 0.09602000
v -0.09139750 0.02416975 -0.14120875
v 0.10767125 0.03691363 0.13317651
v -0.08885075 0.02451800 -0.15767650
v 0.14376099 0.01634100 0.05183200
v 0.16145025 0.03664275 0.05823575
v -0.06526375 0.04790200 -0.18324350
v 0.12898199 0.03683250 0.12443450
v -0.07384925 0.02428338 -0.17475188
v 0.14689051 0.03884625 0.09800900
v -0.16462176 0.18064375 0.13246575
v -0.18697549 0.04218575 -0.00242875
v -0.18015912 -0.25052088 0.17573987
v -0.15168525 0.04863050 -0.04717188
v -0.19114250 0.02232450 -0.04952750
v -0.17298700 0.04567000 -0.00484900
v 0.15756901 0.03461300 0.10273550
v 0.14221101 0.03709400 0.11412150
v -0.09261563 0.02422112 -0.16596037
v -0.02565094 0.31575230 0.17896332
v 0.00178900 0.35220999 0.20121799
v -0.13680300 0.04910450 -0.06159900
v -0.14942101 0.17811701 0.13910700
v 0.12408131 -0.00170644 0.10457031
v -0.08686788 0.02238162 -0.18196437
v -0.10259075 0.02379200 -0.16087200
v -0.08363762 0.05064600 -0.15420775
v -0.01915025 0.34577012 0.20305587
v -0.19327500 0.04627200 -0.12365300
v 0.16118425 0.03194400 0.10791325
v -0.12425100 0.05062500 -0.11444300
v -0.17072400 0.02334500 -0.08455725
v -0.06784675 0.04400381 -0.19576225
v -0.04622412 0.31497288 0.17616987
v -0.18356000 0.04556381 -0.05564819
v -0.17087993 0.04809450 -0.08896494
v -0.08644100 0.34228551 0.18917800
v -0.04360600 0.33240163 0.20422637
v -0.09766700 0.04923100 -0.17512700
v -0.18299863 -0.28111926 0.17501774
v -0.18153450 0.02247525 -0.07703425
v -0.10716525 0.02288375 -0.17883500
v -0.16295138 -0.01413038 -0.16621201
v -0.16558456 -0.01920394 -0.16987744
v -0.15682000 0.02449375 -0.11356263
v -0.01922100 0.35362250 0.19915800
v -0.06754687 0.30678537 0.19467574
v -0.12365793 0.02450731 -0.16277926
v -0.16927850 -0.27189749 0.17885999
v -0.19382563 0.02284050 -0.07737462
v -0.05413900 0.34614500 0.19719850
v -0.12902750 0.05025050 -0.13451900
v -0.02558075 0.33961749 0.17571326
v -0.18774600 0.02195100 -0.12121700
v 0.14899762 -0.27476099 -0.19032656
v -0.04662525 0.35261613 0.19521876
v -0.09351650 0.04750050 -0.18513800
v -0.10393137 0.04428013 -0.19345026
v -0.03658500 0.35751301 0.19318187
v -0.04534300 0.33721399 0.17249100
v -0.07707713 0.31707376 0.16756526
v -0.12874500 0.04836075 -0.17216650
v 0.16094741 -0.09151234 0.13769457
v -0.05449425 0.34720650 0.17232725
v -0.18914650 0.02365200 -0.13509651
f 915 8 10
f 372 879 13
f 50 1455 30
f 31 1084 1847
f 725 39 447
f 58 1616 55
f 54 1616 56
f 990 89 989
f 1578 405 522
f 7 253 72
f 1099 681 110
f 336 678 718
f 145 2051 761
f 329 182 193
f 246 1054 47
f 914 1004 980
f 3 45 188
f 734 1170 675
f 173 101 69
f 1170 734 1075
f 538 539 695
f 1842 379 977
f 1075 980 941
f 620 1494 1004
f 346 37 1171
f 163 354 161
f 238 230 359
f 1494 1536 941
f 342 507 989
f 32 379 551
f 170 735 169
f 858 401 261
f 410 530 411
f 414 413 858
f 1536 1599 1328
f 1400 1174 213
f 585 1207 1050
f 554 428 1367
f 1336 1599 1626
f 983 907 1712
f 2100 1184 433
f 955 1019 684
f 556 969 461
f 465 508 740
f 946 1257 469
f 314 347 80
f 343 110 393
f 101 173 265
f 967 1425 71
f 698 2124 846
f 392 300 429
f 1 545 101
f 1535 472 1258
f 562 1535 1258
f 860 702 2000
f 701 1465 547
f 322 349 458
f 346 1171 272
f 1812 460 1304
f 665 595 1108
f 665 1400 596
f 388 389 1111
f 1166 1582 934
f 2077 1020 881
f 634 2247 1723
f 985 1016 984
f 1623 788 1672
f 1715 1216 894
f 1183 643 441
f 133 103 336
f 2087 1868 1907
f 553 1253 1252
f 1684 1938 383
f 657 1310 2015
f 1333 1854 1859
f 107 343 393
f 1058 963 2021
f 841 85 1826
f 284 573 1427
f 942 473 422
f 699 1179 45
f 829 1068 1446
f 1954 2309 1443
f 73 83 222
f 1821 1389 381
f 589 542 350
f 1516 1513 1519
f 1005 1052 301
f 712 741 824
f 1960 717 824
f 1769 165 1771
f 613 789 1612
f 782 47 622
f 1718 613 1912
f 978 1726 2077
f 1994 2410 2259
f 619 1716 2030
f 1739 638 1641
f 2050 2407 1997
f 145 1209 553
f 373 804 66
f 1185 1647 211
f 2041 511 577
f 580 351 2041
f 989 1319 1242
f 1155 2033 442
f 1541 1113 1626
f 715 824 741
f 580 2041 577
f 673 1104 740
f 1312 589 350
f 1531 1339 1344
f 58 55 56
f 1837 1393 1388
f 956 851 721
f 1544 745 876
f 1071 52 292
f 398 1071 288
f 857 769 228
f 357 218 209
f 124 911 762
f 38 261 413
f 359 204 238
f 1765 443 676
f 1149 1134 624
f 149 244 150
f 1101 10 1206
f 2009 1934 1935
f 657 1049 131
f 135 1049 657
f 557 415 399
f 1883 639 925
f 2053 1936 1935
f 1404 484 1838
f 1409 964 370
f 144 91 864
f 542 1531 350
f 1095 959 1344
f 612 2437 2421
f 715 712 716
f 715 716 1960
f 1261 835 564
f 1392 1365 1391
f 81 264 22
f 217 1056 899
f 1530 1942 1450
f 142 244 245
f 1899 743 641
f 1074 2140 727
f 530 199 223
f 751 664 763
f 1916 1715 912
f 761 147 764
f 598 761 597
f 597 761 775
f 775 761 2051
f 598 775 2051
f 2078 147 146
f 1015 542 589
f 497 1305 1863
f 147 761 598
f 1799 473 1372
f 1565 1147 750
f 1587 1036 1767
f 763 147 751
f 1733 900 902
f 1342 519 453
f 420 474 458
f 850 1506 1060
f 340 732 2174
f 1856 302 297
f 265 80 270
f 317 79 305
f 227 648 374
f 1879 1746 2022
f 804 137 66
f 895 2114 1115
f 1219 1729 1218
f 1509 1077 1354
f 1528 942 1800
f 36 414 38
f 463 2071 1076
f 551 379 544
f 957 655 1986
f 341 570 109
f 504 96 1069
f 120 121 1772
f 1934 1563 2022
f 745 1544 933
f 888 759 753
f 2067 440 895
f 1787 1746 1879
f 223 199 324
f 1146 523 1103
f 1555 1790 1549
f 277 195 194
f 286 308 287
f 34 295 1177
f 481 552 2025
f 195 275 194
f 1734 953 1875
f 1560 2022 1563
f 878 1604 1713
f 598 597 403
f 1800 1316 1313
f 373 132 804
f 1177 43 1173
f 41 1178 46
f 280 46 1178
f 46 690 399
f 990 989 507
f 1746 1787 1553
f 232 1182 373
f 1836 1659 1724
f 1789 2081 1561
f 198 194 275
f 277 194 198
f 272 1171 64
f 1192 723 415
f 49 415 723
f 1198 1196 1195
f 310 1195 1197
f 1200 1198 1163
f 1551 2065 2398
f 1201 1203 1202
f 1200 312 1204
f 1606 312 1597
f 1597 312 1479
f 1038 525 95
f 1560 1879 2022
f 35 51 42
f 425 1031 382
f 426 425 337
f 382 337 425
f 1027 1046 1279
f 1207 1807 1050
f 1428 1850 2096
f 1367 556 554
f 1210 944 429
f 1253 553 1211
f 1569 1762 1212
f 1603 611 1122
f 430 1214 1215
f 1219 1184 1220
f 1184 1864 433
f 434 1622 1223
f 435 1224 1737
f 716 741 1226
f 1029 439 1618
f 1742 2114 1927
f 1237 2080 555
f 322 1240 234
f 322 234 567
f 567 79 546
f 446 450 452
f 447 450 446
f 829 447 446
f 448 449 452
f 1031 681 682
f 1254 859 2475
f 1632 1265 1267
f 1295 479 1680
f 1926 1271 1270
f 355 1272 21
f 1095 1383 1478
f 484 1439 1838
f 688 1308 697
f 1313 1286 1260
f 1286 1527 464
f 992 1271 1496
f 1291 1294 135
f 674 1957 1025
f 95 1374 339
f 586 1314 1315
f 1242 1319 113
f 2089 1324 1315
f 706 1318 712
f 1106 827 2016
f 342 77 1067
f 262 450 1242
f 1507 1341 1813
f 2020 350 1501
f 1531 1501 350
f 506 1342 537
f 512 506 537
f 77 313 64
f 515 1365 920
f 1359 1346 731
f 470 569 519
f 1357 940 457
f 1366 722 1364
f 959 1364 1349
f 839 2413 1378
f 437 871 278
f 1059 847 1825
f 1061 381 843
f 1797 1798 1211
f 872 507 342
f 2007 1840 1835
f 1993 1430 1939
f 320 1951 1399
f 1376 686 1823
f 437 1411 534
f 534 1411 278
f 179 69 849
f 849 69 545
f 549 1430 1993
f 1559 1551 738
f 1469 1229 1418
f 763 945 1209
f 1089 1448 1439
f 1449 548 1947
f 96 260 94
f 554 462 1445
f 1172 1202 1203
f 845 1945 1442
f 1828 1160 1459
f 1 62 293
f 288 417 1172
f 2028 1875 2435
f 1083 32 551
f 930 539 538
f 46 289 690
f 1179 699 1176
f 928 1436 862
f 1441 1819 1405
f 1431 1013 1429
f 1415 1416 1422
f 135 657 134
f 37 861 1171
f 273 1171 1173
f 86 90 714
f 567 519 87
f 420 322 567
f 1393 1824 1373
f 840 1484 559
f 522 841 90
f 1490 939 444
f 51 391 819
f 518 724 961
f 1091 1231 1495
f 1497 724 1357
f 1500 1491 1499
f 1818 1491 1500
f 448 507 872
f 680 1038 407
f 1348 1058 730
f 1988 449 342
f 1871 998 1923
f 2093 1025 424
f 855 1052 828
f 501 1300 371
f 1523 520 1287
f 1189 882 125
f 18 97 591
f 136 4 72
f 1048 587 831
f 1576 1556 1786
f 1320 1527 1316
f 1624 2086 1110
f 137 5 61
f 1300 1867 1301
f 142 245 2
f 451 600 943
f 1533 1239 1238
f 562 459 1534
f 1191 1514 823
f 914 233 821
f 1235 801 1627
f 801 153 1627
f 1557 1553 1787
f 1782 1563 1169
f 607 236 247
f 867 1575 649
f 1778 366 814
f 1166 934 1576
f 1577 1588 1277
f 893 326 1584
f 1166 2462 1595
f 1204 171 1163
f 225 1903 903
f 287 308 286
f 774 216 777
f 1647 1646 1648
f 1646 1647 377
f 1648 377 640
f 414 1642 413
f 1902 1657 918
f 209 218 357
f 1676 1675 1852
f 1974 1688 621
f 253 316 915
f 1680 1689 1690
f 1265 1680 1697
f 1045 1131 629
f 206 1686 889
f 1016 1682 984
f 238 204 1707
f 627 1718 1673
f 36 16 1719
f 1940 1575 1567
f 1631 1645 24
f 217 216 1994
f 1645 1642 401
f 1729 1220 1711
f 1623 2115 953
f 324 530 214
f 795 1622 434
f 477 2411 2468
f 636 2085 1617
f 903 1589 225
f 1743 1125 1962
f 1745 1267 1123
f 223 182 329
f 182 324 1121
f 926 1618 830
f 905 185 1234
f 801 1796 155
f 1757 1590 1756
f 719 215 180
f 1590 1187 1756
f 891 1141 1538
f 887 1769 1771
f 648 227 333
f 1567 2048 1940
f 241 1235 239
f 22 264 502
f 740 508 673
f 165 1227 1542
f 747 332 1037
f 934 1780 1556
f 643 948 366
f 2006 954 1734
f 1659 1836 1658
f 886 158 1776
f 1562 1786 1556
f 1003 156 651
f 1003 1784 156
f 1040 1553 1557
f 1040 1788 1553
f 1934 1789 2049
f 1489 739 1966
f 1791 2009 1546
f 652 108 1928
f 620 1698 1175
f 248 376 490
f 376 248 250
f 675 384 355
f 33 21 1272
f 59 21 70
f 1070 658 495
f 1514 1361 823
f 403 362 402
f 402 553 388
f 1532 1042 1480
f 119 1268 809
f 801 1235 241
f 8 663 10
f 664 945 2012
f 358 140 1107
f 1325 97 668
f 94 1069 96
f 697 1283 378
f 424 1291 1288
f 135 134 1291
f 445 2052 1243
f 19 820 922
f 1138 68 737
f 465 466 510
f 510 508 465
f 1571 2046 2203
f 51 35 391
f 1814 681 1332
f 511 532 537
f 682 681 382
f 406 393 110
f 37 346 313
f 1995 476 1187
f 39 679 447
f 1347 1018 1348
f 1818 1500 1817
f 1817 1353 1352
f 1349 575 1501
f 1384 1817 1352
f 1937 1489 1819
f 1822 1370 1374
f 1393 1369 1388
f 36 1719 261
f 569 420 567
f 338 405 1578
f 541 1082 1085
f 261 1719 413
f 80 347 328
f 1402 524 2004
f 508 1946 673
f 414 858 261
f 1437 1464 689
f 413 1719 858
f 46 1071 398
f 1943 708 1819
f 1440 1426 1157
f 41 399 398
f 2093 2042 425
f 1180 1470 74
f 65 1465 1410
f 546 1068 446
f 1086 1444 1456
f 699 23 17
f 292 52 699
f 1466 1467 1454
f 164 868 160
f 972 1434 1439
f 700 57 352
f 687 548 1944
f 701 547 296
f 161 354 366
f 55 1950 1202
f 2024 1167 1773
f 395 1011 60
f 1891 564 302
f 855 2013 1327
f 288 1172 1203
f 1326 436 1052
f 1431 1467 1466
f 394 536 54
f 1579 1580 649
f 1881 649 1580
f 868 366 354
f 709 366 868
f 2061 1414 1432
f 561 703 1240
f 541 1438 1463
f 74 691 258
f 86 1053 85
f 1379 1855 1399
f 557 49 1192
f 291 927 189
f 1385 415 49
f 1371 1096 1366
f 381 457 940
f 1364 722 575
f 961 724 1497
f 99 832 517
f 393 105 107
f 1091 1495 1857
f 1857 1375 1091
f 1339 1531 542
f 682 382 1099
f 545 69 101
f 1271 1803 874
f 1326 475 348
f 303 337 1814
f 342 313 77
f 670 1482 1007
f 67 818 268
f 737 25 1811
f 1311 501 589
f 371 375 1808
f 131 1049 660
f 1308 1307 1293
f 1575 1579 649
f 1286 464 1048
f 717 742 824
f 1798 1318 1108
f 255 663 500
f 361 360 362
f 2476 645 2472
f 926 166 1965
f 347 325 961
f 1529 242 114
f 163 1557 160
f 2466 726 812
f 518 961 325
f 66 746 373
f 1973 18 108
f 1562 1556 1768
f 1794 1559 1218
f 373 1182 132
f 480 766 726
f 1001 1796 1976
f 802 269 133
f 1976 1221 1001
f 1877 1978 1537
f 966 2049 1777
f 830 166 926
f 237 1923 998
f 247 1888 885
f 1611 1276 487
f 337 303 426
f 754 997 231
f 719 180 386
f 1856 759 1891
f 2410 1278 488
f 641 170 1570
f 174 311 307
f 1605 1594 1124
f 892 181 184
f 641 774 642
f 1623 953 954
f 1753 196 905
f 1519 1015 501
f 688 697 671
f 200 205 159
f 1647 640 1629
f 1652 795 1678
f 409 411 199
f 1779 2423 798
f 903 1135 1632
f 24 16 203
f 1720 786 1709
f 777 1056 1836
f 1911 786 1686
f 1673 1718 1912
f 392 944 2012
f 2012 944 664
f 1131 1695 781
f 1915 1654 1704
f 633 1701 1706
f 220 411 212
f 206 889 1913
f 1685 1703 1687
f 965 645 1116
f 1055 1663 1265
f 1917 1685 913
f 1105 211 377
f 1185 377 1647
f 1701 633 1725
f 629 1674 1045
f 205 211 356
f 1679 1656 778
f 621 2337 1974
f 1981 2231 201
f 254 203 36
f 724 471 940
f 1356 940 471
f 1656 779 2029
f 345 348 475
f 1000 1602 93
f 2465 2472 645
f 276 1126 267
f 719 182 1121
f 1739 1641 1651
f 1820 1122 1757
f 1635 310 1039
f 1871 1923 1833
f 1890 231 997
f 416 191 400
f 279 400 274
f 1574 1164 364
f 1128 1029 1618
f 1197 380 310
f 1195 310 1009
f 1796 2086 155
f 155 1142 801
f 86 85 338
f 1277 1614 2018
f 883 651 63
f 418 1896 968
f 18 1988 1067
f 2459 433 1744
f 588 7 72
f 758 1588 2471
f 55 54 1950
f 666 499 813
f 255 25 256
f 668 662 1325
f 908 1120 219
f 84 256 25
f 1315 263 1482
f 739 1325 1966
f 1774 1561 2470
f 163 160 868
f 1091 2110 1231
f 1787 164 160
f 273 513 64
f 1555 1285 817
f 1169 966 1932
f 1868 1376 1809
f 1768 1788 1562
f 433 1872 1591
f 1333 1859 677
f 1746 1788 1768
f 1729 1041 1790
f 1406 1933 1350
f 1540 911 33
f 269 213 133
f 213 864 133
f 144 341 109
f 1117 2473 2446
f 288 1446 398
f 1927 643 1778
f 41 693 725
f 1424 1405 1406
f 681 1815 1332
f 825 1106 468
f 688 2044 1308
f 1854 1333 1340
f 1516 371 1866
f 1519 542 1015
f 1591 1587 1767
f 1052 855 1327
f 2059 1125 1612
f 514 508 510
f 1326 1327 475
f 581 1337 1504
f 1100 1343 1946
f 2462 1166 646
f 1504 1347 2010
f 1885 1763 612
f 1383 1344 1339
f 1497 106 328
f 104 95 339
f 58 1950 54
f 1360 1369 1818
f 1360 720 1369
f 1176 704 842
f 2331 83 73
f 309 65 1410
f 1471 83 1078
f 582 1640 1124
f 71 226 967
f 842 75 305
f 536 315 74
f 543 1420 1478
f 1408 1419 559
f 1410 1951 309
f 971 1837 1013
f 2463 2079 2450
f 849 265 173
f 1855 320 1399
f 705 265 270
f 347 314 325
f 705 101 265
f 1378 1358 839
f 842 704 1068
f 1359 1096 1485
f 352 543 700
f 352 57 65
f 2426 815 2448
f 1504 1018 1347
f 393 407 105
f 343 107 1181
f 1454 1467 1441
f 703 52 1436
f 52 1176 699
f 548 1455 50
f 946 111 1260
f 616 1512 602
f 826 951 584
f 43 1177 1201
f 699 928 693
f 321 1621 910
f 375 1300 1301
f 1508 1815 1351
f 769 857 438
f 424 1294 1291
f 1255 947 1318
f 1801 1800 1174
f 1372 473 1528
f 140 358 429
f 280 557 690
f 403 402 1111
f 562 1532 1480
f 765 1617 2085
f 1395 1413 1412
f 861 1162 283
f 864 213 422
f 932 1889 935
f 1249 1113 1541
f 1746 1768 2053
f 1387 1376 1377
f 1193 49 723
f 490 1772 121
f 1560 1563 1782
f 1930 323 1601
f 1381 820 866
f 1487 1810 1939
f 709 867 649
f 923 1190 725
f 725 1190 723
f 2024 1780 1167
f 1580 1885 1881
f 2047 1886 1881
f 917 1376 1511
f 1595 1597 811
f 739 1331 1330
f 590 920 523
f 97 1325 98
f 92 12 989
f 380 369 172
f 260 121 92
f 81 502 82
f 896 190 400
f 915 500 663
f 897 1611 993
f 1533 1303 1302
f 995 114 594
f 2018 1614 2407
f 637 380 1197
f 123 252 116
f 1126 1029 281
f 1635 1039 979
f 250 492 376
f 1238 555 1303
f 97 18 1298
f 1251 583 2318
f 16 401 1719
f 1877 1298 18
f 884 254 413
f 790 1676 786
f 228 201 2225
f 150 11 1539
f 158 886 1570
f 1703 1700 1687
f 1752 132 1629
f 185 364 1234
f 181 892 1584
f 892 893 1584
f 611 732 340
f 530 208 214
f 1123 1267 1270
f 530 223 212
f 1921 1907 456
f 312 1200 1755
f 1740 1741 2128
f 1198 1755 171
f 386 182 719
f 225 221 1903
f 2055 636 1983
f 1971 993 732
f 327 326 890
f 421 225 1589
f 1894 1237 1649
f 192 159 796
f 326 893 892
f 396 1583 185
f 2048 1932 1161
f 1931 2048 1161
f 1250 386 890
f 1974 1670 1649
f 997 754 887
f 374 235 168
f 801 169 1796
f 1858 1270 242
f 899 777 216
f 1223 1591 1224
f 1591 1222 433
f 744 1164 1401
f 9 5 15
f 1129 1687 1700
f 72 253 915
f 253 599 316
f 1110 1972 1515
f 9 15 123
f 1772 490 492
f 916 1119 1989
f 1911 1691 1975
f 786 1683 1686
f 1206 4 1101
f 530 410 208
f 2109 669 579
f 1323 1489 1966
f 792 1676 790
f 771 1908 1704
f 1804 1138 1857
f 1506 427 1379
f 2109 1857 1811
f 450 447 679
f 24 618 1631
f 1902 1639 1657
f 1405 1933 1406
f 1489 1933 1405
f 1192 49 1193
f 1392 1391 982
f 1192 415 557
f 172 369 1195
f 280 1436 46
f 1464 1445 1412
f 398 1446 292
f 1178 288 1203
f 2237 1079 550
f 1422 2318 1415
f 1755 1198 1195
f 28 296 854
f 1592 1593 1269
f 1842 2038 379
f 1163 171 1200
f 1198 312 1163
f 972 1447 298
f 936 1604 878
f 1607 1929 2462
f 55 344 52
f 707 701 931
f 55 1616 54
f 1950 1616 1202
f 1767 1224 1591
f 193 199 197
f 932 1764 1889
f 394 55 404
f 1996 966 1777
f 1036 1587 1872
f 1359 1379 427
f 315 1180 74
f 394 76 536
f 814 870 331
f 1566 957 2100
f 332 747 726
f 964 1409 1414
f 161 366 948
f 338 1578 86
f 1578 90 86
f 1787 865 164
f 11 127 1539
f 961 328 347
f 444 1821 381
f 1218 1729 1732
f 2009 1936 1546
f 1541 876 1873
f 724 940 1357
f 996 154 1142
f 102 470 519
f 153 154 996
f 1181 393 406
f 1860 1505 1343
f 403 361 362
f 598 403 392
f 832 514 517
f 1795 1942 1532
f 1450 1942 1795
f 2012 2011 392
f 143 2011 2012
f 966 1619 1932
f 143 2012 763
f 143 763 664
f 392 2011 1209
f 1209 945 143
f 143 945 2011
f 2011 945 944
f 1209 2011 944
f 1961 1107 1942
f 1526 1318 706
f 1293 697 1308
f 1806 1311 1312
f 367 368 1310
f 378 423 1288
f 947 2016 859
f 1281 1526 1958
f 1526 1255 1318
f 117 542 1519
f 1326 1052 1327
f 1031 680 681
f 1099 1815 681
f 1170 1113 675
f 2021 1345 1503
f 730 1503 106
f 1362 1491 1373
f 1498 486 1363
f 1038 95 105
f 189 927 291
f 518 314 839
f 518 325 314
f 757 1749 1600
f 1414 1827 964
f 167 331 752
f 2471 1588 1882
f 1206 588 4
f 830 812 166
f 965 1577 1277
f 1229 1469 1053
f 685 844 1345
f 1396 2026 1475
f 1479 811 1597
f 936 970 639
f 1163 1606 1204
f 1744 1222 1622
f 484 1404 1089
f 1196 172 1195
f 1165 1927 1778
f 25 666 813
f 56 394 54
f 757 1898 1749
f 45 23 699
f 176 175 304
f 1363 1160 1828
f 1947 974 1842
f 687 1947 548
f 974 2038 1842
f 87 519 569
f 1841 1442 1945
f 379 31 977
f 1622 795 1652
f 1944 50 1073
f 1458 2309 1423
f 1463 1438 28
f 771 880 1277
f 1178 690 289
f 401 858 1719
f 1764 803 638
f 1424 1406 692
f 261 401 36
f 1728 884 413
f 1413 1464 1412
f 862 693 928
f 1178 49 557
f 572 1831 1168
f 982 1440 1392
f 263 1469 1418
f 1683 1690 1689
f 916 1012 1119
f 1385 1162 37
f 1385 923 415
f 2084 1915 1908
f 313 1385 37
f 1077 874 1083
f 290 797 186
f 1699 1026 909
f 1985 1669 1051
f 919 84 818
f 1712 430 1215
f 256 84 1804
f 989 89 92
f 207 1903 479
f 1836 1056 1658
f 133 336 802
f 212 411 530
f 1325 662 1966
f 400 191 380
f 90 841 1486
f 81 22 502
f 120 13 12
f 255 256 663
f 1159 2459 975
f 1740 2037 636
f 1982 2205 776
f 1205 95 88
f 372 113 1319
f 770 877 966
f 555 1148 1303
f 251 806 116
f 759 1820 1757
f 1745 1256 1775
f 2086 1972 1110
f 732 727 2036
f 1752 804 132
f 169 1976 1796
f 1627 153 996
f 1366 959 524
f 1225 999 1227
f 1187 1977 1756
f 1538 1239 1533
f 159 1766 373
f 1624 1110 239
f 599 243 316
f 607 644 2179
f 127 11 100
f 644 259 908
f 1501 1531 1349
f 1481 1384 848
f 263 148 126
f 266 372 13
f 499 666 663
f 1583 364 185
f 121 120 12
f 765 1893 1754
f 1123 1270 1858
f 1602 1751 1212
f 1276 863 487
f 390 819 391
f 84 25 268
f 732 611 1971
f 1323 1933 1489
f 1303 1148 1933
f 448 872 449
f 922 820 1381
f 642 774 777
f 1088 733 564
f 530 324 409
f 2427 1607 929
f 1009 2029 799
f 578 2069 48
f 686 1082 541
f 1823 686 1463
f 1715 1217 1216
f 1618 618 1128
f 699 17 928
f 1950 58 56
f 1431 1429 1467
f 1186 1081 220
f 1697 1680 1690
f 1830 1429 1013
f 1832 258 88
f 1827 370 964
f 524 1855 1371
f 546 453 519
f 1053 1826 85
f 522 338 85
f 338 522 405
f 1492 1097 568
f 1690 1683 1852
f 1697 1690 1852
f 559 1409 370
f 939 1382 444
f 1368 2023 2420
f 1357 457 1098
f 1676 1683 786
f 961 1497 328
f 1499 1491 1362
f 204 230 1707
f 1353 1949 1352
f 1044 1678 787
f 1815 406 1502
f 1017 2040 973
f 1672 788 630
f 460 583 1251
f 792 1675 1676
f 602 368 616
f 1720 921 1636
f 1720 1636 790
f 351 532 115
f 780 1728 1713
f 979 1639 1902
f 1636 1002 792
f 281 1029 1653
f 1210 429 1028
f 399 289 398
f 1644 877 1661
f 944 392 429
f 562 1480 459
f 1540 318 1702
f 1619 877 1644
f 1550 1968 1114
f 1986 1543 1849
f 1768 1936 2053
f 896 1197 1195
f 1220 1729 1219
f 614 1755 799
f 1285 1549 1548
f 1830 1013 1388
f 747 1037 1581
f 166 1764 1965
f 1770 408 1585
f 1622 1652 1726
f 323 1759 1586
f 433 1222 1744
f 1759 954 330
f 176 808 175
f 1785 1036 1872
f 330 1565 1586
f 1778 643 366
f 1263 1882 1577
f 1576 934 1556
f 925 639 973
f 1548 1565 1285
f 477 1263 1876
f 1546 958 962
f 1604 2388 1713
f 1732 1722 1794
f 1041 1729 1711
f 1702 1876 1540
f 876 1545 1544
f 1634 1636 921
f 109 91 144
f 91 152 44
f 1739 1889 1925
f 678 336 103
f 103 451 678
f 495 152 1070
f 600 495 658
f 203 254 884
f 786 1720 790
f 360 402 362
f 360 597 402
f 1655 1009 1635
f 147 598 2051
f 145 147 2051
f 763 1209 145
f 775 598 145
f 147 143 751
f 139 429 358
f 716 742 741
f 937 1824 1393
f 715 717 712
f 712 1960 706
f 1802 378 1282
f 2019 671 697
f 1802 423 378
f 2019 1288 1290
f 1686 1683 889
f 134 1290 1291
f 671 1290 2015
f 2015 2017 671
f 1290 134 2015
f 206 1691 1686
f 445 2015 2052
f 1957 1522 660
f 503 1305 1867
f 1808 1866 371
f 131 660 1522
f 367 1310 131
f 1522 367 131
f 368 1518 1310
f 410 412 220
f 128 1805 130
f 1805 128 626
f 367 626 616
f 616 626 1512
f 2397 2321 2443
f 580 602 1512
f 1056 217 1914
f 1714 1655 1635
f 1814 337 681
f 532 511 115
f 532 351 1508
f 475 1335 345
f 1339 542 117
f 1725 1621 321
f 1725 633 1621
f 1345 2056 1343
f 439 830 1618
f 474 102 512
f 420 102 474
f 482 474 512
f 102 420 470
f 1490 1356 571
f 776 2205 2057
f 1818 1373 1491
f 455 1363 486
f 1371 1485 1096
f 1096 722 1366
f 1822 482 1351
f 561 1240 1386
f 229 432 319
f 1827 1382 370
f 1161 1620 619
f 302 93 297
f 546 519 567
f 178 177 364
f 524 1402 1855
f 956 1275 483
f 1822 322 458
f 1402 320 1855
f 170 641 642
f 1053 86 714
f 270 80 328
f 694 845 1059
f 79 317 546
f 1572 908 885
f 797 183 285
f 887 1890 997
f 79 234 188
f 1420 1095 1478
f 1164 1574 1401
f 2064 937 971
f 173 69 179
f 76 74 258
f 3 188 129
f 1142 155 996
f 1539 126 149
f 1063 5 137
f 66 63 132
f 61 63 66
f 63 61 883
f 65 57 1465
f 396 185 397
f 1904 884 780
f 251 116 252
f 492 120 1772
f 1068 317 75
f 296 931 701
f 1176 52 344
f 476 521 560
f 3 17 23
f 1071 1436 52
f 1862 20 19
f 24 1645 16
f 419 1199 1274
f 1306 1077 1509
f 1150 1350 1148
f 1143 419 1274
f 418 419 1143
f 262 448 450
f 448 262 266
f 315 536 258
f 27 1451 385
f 1456 1440 1157
f 931 28 1438
f 1073 50 30
f 1441 1943 1819
f 38 254 36
f 820 1375 866
f 1381 866 922
f 30 48 2069
f 1459 1007 1828
f 437 278 1411
f 929 2395 2403
f 1395 866 1413
f 1412 1394 1395
f 1177 1171 861
f 1489 1405 1819
f 899 216 217
f 282 35 42
f 1192 1193 41
f 533 544 534
f 48 1455 1847
f 30 1455 48
f 1084 31 32
f 41 398 292
f 1462 1424 692
f 417 292 1446
f 711 483 1088
f 306 878 1713
f 548 50 1944
f 700 854 547
f 1444 1086 1064
f 1616 58 1202
f 1950 56 1616
f 101 705 62
f 737 1857 1138
f 268 68 67
f 404 1470 1180
f 1415 1325 739
f 309 1951 1421
f 77 64 579
f 1846 1396 1475
f 258 536 76
f 556 1397 969
f 1061 843 222
f 525 1832 88
f 1397 1380 574
f 1378 1952 1097
f 939 840 559
f 1855 1485 1371
f 1168 1831 565
f 1344 1383 1095
f 19 257 14
f 2120 2076 1115
f 797 290 183
f 104 105 95
f 1498 345 486
f 1397 2318 1422
f 530 409 199
f 407 1181 107
f 1815 1508 1332
f 1099 110 682
f 1507 1506 1341
f 1523 1870 14
f 1668 1128 24
f 2140 2036 727
f 826 584 853
f 1517 1317 128
f 589 501 1015
f 4 2201 1101
f 1288 423 424
f 116 806 1109
f 665 1320 1801
f 942 1174 1800
f 595 665 596
f 999 1225 882
f 1452 1253 1211
f 2078 764 143
f 761 764 2078
f 763 761 2078
f 763 2078 146
f 764 763 146
f 143 764 146
f 143 147 2078
f 598 143 146
f 1795 1532 1477
f 882 1225 125
f 244 149 245
f 1534 1191 1535
f 384 210 355
f 1624 155 2086
f 1170 1075 1328
f 1221 1784 1001
f 1063 1572 885
f 962 2193 1546
f 1879 1560 865
f 2402 849 2371
f 1557 163 161
f 1537 1298 1877
f 1783 161 948
f 477 1882 1263
f 373 796 159
f 2111 929 1969
f 1582 1167 934
f 1577 1882 1588
f 1891 302 1856
f 758 1614 1588
f 312 171 1204
f 1893 1569 1754
f 756 1753 905
f 1277 880 1033
f 2383 2145 898
f 178 174 1897
f 2057 2177 1118
f 191 896 380
f 975 1744 1622
f 892 184 187
f 186 183 290
f 197 329 193
f 187 994 767
f 1619 1644 1650
f 2082 1750 2196
f 1738 978 881
f 223 324 182
f 199 193 324
f 1727 976 1129
f 1653 1128 1016
f 648 333 334
f 274 190 191
f 1852 1675 1697
f 1745 1123 1256
f 1668 1682 1016
f 354 163 868
f 212 1186 220
f 1217 1696 1694
f 889 1689 479
f 1295 1663 479
f 1295 1265 1663
f 782 622 219
f 324 410 409
f 1741 1740 2055
f 1741 2055 1733
f 132 1182 746
f 1754 1212 1751
f 1828 714 1363
f 181 1584 606
f 386 193 182
f 1757 1122 1590
f 1762 1569 237
f 230 238 1707
f 240 334 157
f 1792 564 733
f 66 137 61
f 230 204 359
f 142 2 249
f 1515 1972 1314
f 1969 2382 2373
f 97 654 809
f 1533 1302 1268
f 1101 915 10
f 879 12 13
f 6 499 256
f 38 413 254
f 264 82 502
f 1966 662 1323
f 1302 1933 1323
f 414 36 401
f 978 1608 975
f 715 1960 824
f 1608 978 1970
f 742 715 741
f 712 824 742
f 717 715 742
f 988 1325 1415
f 1714 1635 979
f 2002 1062 2005
f 1489 1937 739
f 919 68 1138
f 1651 1641 1664
f 2416 2431 2421
f 1639 979 1039
f 1192 41 723
f 195 277 275
f 1162 1385 49
f 274 400 190
f 1829 1430 1157
f 299 1963 1194
f 1436 928 17
f 289 399 1446
f 1623 800 772
f 924 1738 881
f 1034 1896 1151
f 2026 2351 1475
f 1102 1317 1517
f 545 1 293
f 83 294 1078
f 536 58 54
f 1846 1845 1848
f 966 877 1619
f 1200 171 1755
f 2362 2405 2379
f 417 1071 292
f 65 309 1472
f 352 1472 1474
f 1606 1163 312
f 1223 1222 1591
f 2397 2434 2426
f 965 1277 1033
f 75 317 305
f 1061 457 381
f 381 1389 843
f 1205 1386 1374
f 2114 441 1927
f 1169 1932 2048
f 192 200 159
f 1855 1379 1485
f 1486 841 1826
f 755 1147 873
f 107 105 104
f 2007 1488 1859
f 123 15 252
f 2021 1503 730
f 2364 2427 2376
f 191 416 274
f 1167 1780 934
f 1567 1782 1169
f 709 164 867
f 1782 867 1560
f 1643 2406 1738
f 677 950 1333
f 1055 1632 1135
f 471 518 839
f 2049 1789 1777
f 1805 674 130
f 2390 2123 2399
f 191 190 896
f 1746 2053 2022
f 491 496 1005
f 1935 2022 2053
f 1935 1934 2022
f 339 1374 1370
f 1936 2009 1935
f 1800 1801 1316
f 1938 1875 2014
f 1980 1938 2014
f 1980 1545 383
f 383 1938 1980
f 876 1541 1626
f 1536 383 1599
f 1599 1336 1328
f 1328 1336 1170
f 1075 941 1328
f 734 980 1075
f 914 980 353
f 59 233 914
f 59 914 353
f 275 277 198
f 1176 344 704
f 870 366 709
f 842 1179 1176
f 76 404 74
f 404 536 74
f 1252 388 553
f 1165 1742 1927
f 1105 985 1185
f 985 984 1185
f 1693 1665 138
f 340 653 118
f 1524 1525 2176
f 989 1190 313
f 1385 313 1190
f 1190 923 1385
f 400 279 416
f 2050 2412 2386
f 672 2066 1194
f 2066 672 2027
f 573 2027 672
f 380 1196 310
f 1457 1014 1090
f 1201 295 1203
f 55 1172 344
f 55 1202 1172
f 2419 2384 2342
f 525 88 95
f 1340 1341 850
f 1341 1506 850
f 1854 1340 850
f 2042 1024 949
f 1206 10 2094
f 6 2094 10
f 424 1025 1294
f 1294 1025 1957
f 382 681 337
f 2385 2358 2370
f 503 427 1305
f 1207 950 1807
f 44 152 103
f 91 44 103
f 152 495 103
f 103 495 451
f 2098 2097 2414
f 1090 531 428
f 1367 428 1831
f 428 531 1831
f 1797 1211 553
f 1209 944 1210
f 1028 1209 1210
f 1797 553 1209
f 1466 1454 1462
f 297 1762 753
f 297 753 1856
f 1212 1762 297
f 611 1214 1971
f 1971 1214 1213
f 1603 1214 611
f 1603 1215 1214
f 1603 1216 1215
f 1216 1603 1735
f 1020 2099 1695
f 2099 431 1696
f 1217 1136 1712
f 1217 1694 1136
f 1136 983 1712
f 1219 1218 1785
f 1864 1219 1785
f 1864 1785 1872
f 434 1223 435
f 1222 1223 1622
f 1223 1224 435
f 1168 2101 1861
f 1861 833 1168
f 1031 1861 2101
f 658 387 1853
f 139 1960 716
f 1226 139 716
f 1226 141 139
f 436 856 1299
f 1309 1299 856
f 805 1228 974
f 767 438 2102
f 2103 439 1029
f 2083 2105 2296
f 2106 2296 2105
f 1230 1314 883
f 1232 1231 2110
f 1233 1231 1232
f 2110 1233 1232
f 2395 929 2111
f 2112 377 1648
f 2326 2236 2272
f 2272 2248 2326
f 2114 2113 1115
f 794 1742 635
f 1329 1338 1085
f 1338 1092 736
f 1461 736 1963
f 1239 1237 1238
f 1237 555 1238
f 2072 2118 1073
f 2113 2118 2072
f 1240 1241 234
f 234 79 567
f 1660 435 1737
f 1242 450 679
f 988 2318 2122
f 2122 454 988
f 791 1153 794
f 2040 1245 925
f 791 925 1245
f 1153 791 1245
f 2062 1008 1246
f 1247 846 2124
f 1514 1191 459
f 1514 459 1480
f 2452 1516 2425
f 1516 1247 2425
f 583 460 1812
f 483 298 1080
f 483 972 298
f 955 684 834
f 1953 461 969
f 556 462 554
f 461 1953 1468
f 1452 1924 1253
f 1924 1252 1253
f 464 1527 1254
f 70 33 911
f 2128 2129 2210
f 1741 1733 902
f 465 1309 856
f 466 465 856
f 2475 2075 467
f 1255 468 1106
f 468 1526 1281
f 1255 1106 947
f 1526 468 1255
f 836 483 711
f 2066 299 1194
f 1258 472 1799
f 1477 1258 1450
f 505 1259 2130
f 2010 475 2091
f 581 2010 2091
f 581 505 1023
f 581 2091 505
f 1187 476 1261
f 2131 2133 2132
f 2131 1637 2133
f 2131 2132 2211
f 1262 573 672
f 1262 672 2062
f 2062 672 910
f 573 1262 1149
f 2386 2412 2134
f 2134 2412 2406
f 2134 1021 1045
f 1895 1970 2450
f 1895 1608 1970
f 2411 477 2073
f 1964 1878 1566
f 2135 1878 1964
f 2025 1018 729
f 960 1018 2025
f 729 529 2025
f 2339 1065 549
f 479 1913 889
f 1680 479 1689
f 1002 1609 792
f 1609 1002 1269
f 1269 1002 1634
f 288 289 1446
f 992 242 1270
f 992 1270 1271
f 2138 785 1730
f 624 1920 2138
f 480 803 1764
f 355 210 1272
f 59 353 21
f 355 21 353
f 2139 552 481
f 2140 1273 2036
f 2141 418 1143
f 959 1094 2004
f 1095 1094 959
f 1434 1838 1439
f 483 1275 1434
f 1434 1275 1838
f 1043 1704 2142
f 1043 2142 485
f 2143 1076 93
f 1093 315 1832
f 2081 2054 2282
f 815 2464 1880
f 1524 2264 2149
f 2154 2159 2168
f 685 702 844
f 1712 907 430
f 284 2027 573
f 2298 2244 2303
f 1682 377 1185
f 42 51 282
f 418 2141 632
f 2221 2209 2266
f 1840 2027 1460
f 2199 2228 2269
f 563 920 1440
f 2295 2245 2236
f 1663 207 479
f 1085 1377 1329
f 902 1654 1910
f 64 1171 273
f 2113 1677 1900
f 1133 2253 1625
f 923 725 829
f 223 890 2277
f 2281 2255 2150
f 1330 1395 1394
f 2313 2301 2214
f 2278 2218 2149
f 1459 819 1007
f 1905 1051 2231
f 871 437 1509
f 2172 2160 2276
f 412 356 1629
f 273 866 513
f 2213 2274 1633
f 1216 1735 894
f 1992 2241 1331
f 2106 2207 2249
f 1354 1077 871
f 2241 1862 1331
f 205 356 159
f 1150 2197 2258
f 202 1905 1981
f 1724 202 617
f 1213 1214 938
f 1919 1743 1615
f 1736 1919 1615
f 2102 2243 187
f 1127 624 1730
f 687 1816 1765
f 1125 613 1612
f 661 2033 446
f 446 452 661
f 922 1862 19
f 1338 1329 743
f 2085 636 2037
f 1810 1487 1967
f 224 1753 1633
f 1816 2119 2035
f 196 224 321
f 1603 901 1735
f 1995 118 2237
f 2210 1871 2128
f 1242 113 262
f 2198 2238 2170
f 1121 200 746
f 13 89 990
f 2362 2379 2350
f 12 1319 989
f 2379 2347 2350
f 1069 94 492
f 137 1752 640
f 2082 1615 1750
f 1323 662 1268
f 1077 1306 992
f 1751 765 1754
f 2211 901 1820
f 2162 2149 2218
f 990 507 266
f 749 1589 903
f 193 1766 410
f 1907 1868 1809
f 187 606 994
f 1820 2177 2205
f 1139 1753 1892
f 903 1745 1775
f 2087 1761 1511
f 1583 178 364
f 1276 1000 2071
f 2062 910 1008
f 2208 2168 2158
f 520 1874 249
f 719 1121 215
f 656 588 1109
f 1578 522 90
f 555 2161 2197
f 1515 586 754
f 237 1569 1893
f 1552 590 1146
f 2167 604 157
f 1748 816 993
f 1888 235 252
f 1539 149 150
f 1656 2029 1009
f 1525 2175 2176
f 1972 1796 1001
f 604 2196 2164
f 651 625 63
f 2155 2173 2158
f 2176 2175 2180
f 1237 1239 1538
f 891 1538 1537
f 1776 158 1583
f 2192 2162 2170
f 180 63 386
f 604 605 2196
f 748 1112 1705
f 158 1112 748
f 1978 2059 1537
f 910 1583 396
f 995 594 1564
f 251 252 1109
f 231 311 2063
f 2184 2187 2156
f 340 2174 653
f 1765 2035 608
f 652 650 162
f 364 177 1574
f 1584 1554 606
f 1120 908 1572
f 126 148 149
f 18 1067 108
f 2170 2195 2192
f 1858 1256 1123
f 244 142 1874
f 2263 2290 2320
f 2189 2155 2178
f 905 196 185
f 883 61 1230
f 908 219 2179
f 2154 2168 2208
f 2210 2212 1118
f 793 1612 789
f 1928 669 499
f 1904 137 640
f 2200 2199 227
f 669 813 499
f 725 693 39
f 2179 2228 2200
f 605 2232 2207
f 520 1523 2235
f 1971 1213 1610
f 1265 1926 1270
f 857 228 2239
f 1810 1967 2182
f 1231 588 2094
f 1315 1482 670
f 1230 1315 1314
f 2169 1127 2123
f 1912 1125 1628
f 1324 1231 1233
f 1621 633 1008
f 1981 1905 2231
f 452 1988 661
f 737 268 25
f 2225 2233 2239
f 1629 211 1647
f 2262 894 2132
f 1725 321 904
f 205 1646 211
f 221 1913 479
f 2256 2250 2271
f 2182 2257 1810
f 727 816 558
f 2231 2263 2233
f 2214 1874 2251
f 1331 1937 1992
f 1857 2109 866
f 391 2287 2276
f 2242 2239 2280
f 1072 1487 1829
f 2263 2231 2290
f 2246 2241 822
f 2279 2222 2154
f 263 659 1469
f 2220 2243 2286
f 631 783 1598
f 39 862 679
f 653 1273 1079
f 217 1994 2259
f 2178 2224 2291
f 2234 2218 2278
f 866 1395 922
f 1914 1703 1658
f 2304 2248 2276
f 2230 2316 2229
f 399 415 829
f 1674 2133 1710
f 2265 2084 2306
f 2305 622 2302
f 1010 676 805
f 1377 1085 1082
f 981 2258 2319
f 2263 2311 2280
f 1430 1829 1939
f 1945 2140 1074
f 2243 2312 2286
f 2269 2249 2232
f 1081 2112 208
f 693 862 39
f 1668 1904 1682
f 2317 2208 2275
f 1031 682 110
f 2308 2246 2070
f 410 411 409
f 2068 1087 1338
f 1338 736 2068
f 1461 2068 736
f 2319 2258 2234
f 2334 2321 2206
f 860 863 702
f 698 846 1427
f 1128 618 24
f 1683 1689 889
f 930 695 539
f 2336 2328 2297
f 1915 1704 1908
f 2304 2287 2349
f 2247 772 1723
f 977 31 1455
f 778 913 1679
f 2299 2347 2267
f 2323 2359 2356
f 1919 1671 1119
f 2096 1087 2068
f 1444 1440 1456
f 1462 1454 1424
f 1449 1455 548
f 779 1656 1679
f 2364 2376 2333
f 2363 2338 2358
f 2334 2354 2365
f 1089 702 863
f 1428 1461 299
f 696 2066 1840
f 463 1447 1448
f 1657 784 918
f 705 1451 293
f 1020 2077 2099
f 1990 621 1688
f 395 60 1011
f 1709 1664 1638
f 2360 1433 1065
f 1660 2387 1717
f 1054 582 2335
f 1020 924 881
f 1475 2351 2330
f 2366 2393 2097
f 2381 2353 2108
f 1954 1443 1419
f 634 1723 478
f 549 1065 1414
f 2368 2351 2026
f 352 1420 543
f 1414 1065 1433
f 84 268 818
f 1475 1845 1846
f 1467 1429 1848
f 2369 2050 2386
f 2326 2248 2304
f 771 2018 2043
f 1848 1473 1846
f 1631 1154 1645
f 1636 1634 1002
f 1843 967 1419
f 685 963 2000
f 2103 1029 276
f 281 1653 1126
f 1990 770 1996
f 844 1089 1404
f 74 1417 691
f 2357 2361 2424
f 1851 1399 1951
f 561 1386 691
f 619 1630 2421
f 1404 713 844
f 1389 710 843
f 615 310 1196
f 800 1623 954
f 1827 2061 1389
f 2430 2422 2404
f 296 547 854
f 80 2413 839
f 80 839 314
f 1506 2005 1060
f 1738 2450 1970
f 556 1019 1380
f 1481 720 1384
f 1969 929 1747
f 2321 2439 2443
f 1486 99 1363
f 1747 2444 1969
f 1053 2436 99
f 839 1358 1949
f 284 1427 1460
f 2056 844 2074
f 2425 2390 2452
f 380 172 1196
f 175 808 304
f 1098 730 1357
f 1815 1502 1351
f 2460 2438 1884
f 102 519 506
f 1994 2423 2090
f 419 418 968
f 2056 2074 576
f 760 970 935
f 1117 2446 1737
f 2443 815 2434
f 407 1502 406
f 2257 2295 1993
f 1503 1345 1343
f 2372 2043 2407
f 107 104 407
f 1488 2461 677
f 1854 2007 1859
f 946 838 111
f 1199 933 1758
f 99 348 1498
f 2463 2440 2468
f 1593 1585 408
f 1604 936 167
f 1814 1332 1508
f 117 1513 1355
f 469 1257 1956
f 925 791 635
f 853 833 1861
f 1398 708 2070
f 1508 580 1814
f 514 1100 508
f 521 476 1995
f 303 1814 1322
f 467 2075 1860
f 614 2024 1479
f 1586 755 323
f 755 873 1034
f 1579 1763 1885
f 2093 426 1322
f 425 426 2093
f 1305 427 1507
f 811 1773 1167
f 1863 1507 1510
f 1518 601 577
f 2464 1887 647
f 1519 1513 117
f 1579 1885 1580
f 2093 1322 1102
f 1069 666 504
f 505 2130 1023
f 2130 111 1023
f 2146 2472 2001
f 2091 2013 498
f 505 2091 498
f 2466 646 2477
f 2093 1102 1025
f 766 480 166
f 2473 2398 2001
f 1806 1300 1311
f 501 1311 1300
f 1898 634 478
f 423 2042 2093
f 2441 2448 2400
f 870 649 1881
f 2319 2338 2363
f 1576 1568 646
f 1050 497 585
f 379 2038 534
f 1047 1304 951
f 2477 1568 1781
f 1048 592 587
f 726 1781 332
f 1260 1048 831
f 1052 436 301
f 1560 867 865
f 2345 2282 1880
f 494 1046 1280
f 751 143 944
f 2016 947 1106
f 1550 1116 2194
f 1027 1279 1961
f 1313 1284 1800
f 2222 2344 2281
f 2146 2065 2092
f 496 1107 1005
f 2400 2282 2054
f 1878 2060 655
f 712 742 716
f 1873 2032 1147
f 1540 1577 1550
f 1226 741 1798
f 2065 1551 1948
f 1041 1549 1790
f 1711 1547 1986
f 1980 1779 1545
f 1875 1732 1734
f 472 473 1799
f 667 1450 1799
f 881 978 2077
f 1853 387 1869
f 1541 1873 1711
f 1948 1698 1573
f 1599 383 876
f 1849 1249 1541
f 762 911 1114
f 1534 1535 562
f 1514 1480 1042
f 233 124 762
f 210 318 1272
f 422 472 1145
f 459 1191 1534
f 144 422 1145
f 603 943 1111
f 1070 152 570
f 1453 389 1793
f 2283 629 781
f 869 1057 384
f 983 628 907
f 1057 869 1731
f 562 1258 1477
f 1993 2295 2339
f 943 392 403
f 553 402 145
f 597 360 403
f 1430 549 1157
f 145 402 597
f 1987 1999 1844
f 143 392 1209
f 876 2032 1873
f 2119 1816 1944
f 977 1449 1842
f 1543 1986 655
f 2060 2073 1987
f 2339 2326 1065
f 488 2014 2028
f 1559 1698 1551
f 1280 1284 1259
f 880 1043 2367
f 825 827 1106
f 27 293 1451
f 1789 1561 1777
f 1046 828 1279
f 771 1704 880
f 1704 1043 880
f 1293 1304 1047
f 1296 1292 1297
f 1558 1568 1562
f 2042 423 1802
f 1285 1565 817
f 1562 1568 1786
f 1068 829 446
f 2040 925 973
f 952 1866 1808
f 1767 738 2473
f 1638 921 1709
f 1183 948 643
f 2095 427 503
f 1102 1322 1317
f 954 2006 330
f 1884 331 2047
f 2400 2448 815
f 602 580 601
f 1864 1872 433
f 1160 282 1459
f 659 263 126
f 516 2020 731
f 508 1100 1946
f 1322 426 303
f 2283 1674 629
f 466 514 510
f 1508 351 580
f 2336 2403 2328
f 2041 351 115
f 115 511 2041
f 382 1031 110
f 2459 2100 433
f 1335 1334 1032
f 852 684 833
f 1946 1343 1505
f 1100 1503 1343
f 755 1600 323
f 323 1930 1759
f 1885 2460 2047
f 365 363 875
f 833 572 1168
f 2079 1159 1895
f 506 519 1342
f 1032 1348 730
f 2450 2079 1895
f 935 970 936
f 1352 1949 1358
f 963 685 2021
f 2446 906 2432
f 1358 1097 1384
f 1345 2021 685
f 926 932 1154
f 1608 1895 1159
f 1593 408 1609
f 458 482 1822
f 1997 1614 758
f 95 1205 1374
f 2008 1362 1824
f 457 1483 455
f 2352 2338 2278
f 1592 1156 803
f 1925 1764 638
f 1997 758 2433
f 1618 926 618
f 385 2298 27
f 1397 574 1251
f 714 90 1363
f 1742 2456 635
f 973 639 970
f 2061 710 1389
f 2381 2417 1952
f 2446 2432 1737
f 2045 2144 2145
f 1390 2417 527
f 531 2101 565
f 1393 1837 937
f 710 1407 843
f 2444 2382 1969
f 2378 2426 2448
f 2121 454 2122
f 2321 2365 2439
f 2409 2392 2404
f 1408 2394 1954
f 757 1151 1898
f 2148 2377 2404
f 1953 969 1397
f 1068 75 842
f 1156 1269 1638
f 2399 2039 543
f 1478 2399 543
f 2364 615 2427
f 687 1944 1816
f 383 1545 876
f 2391 2385 2370
f 2405 2362 2394
f 2348 2352 2281
f 1850 1428 696
f 2387 2045 2408
f 1954 2394 2362
f 2125 2123 2390
f 1180 58 404
f 1994 216 2423
f 216 798 2423
f 352 65 1472
f 1474 1420 352
f 1087 707 931
f 1029 1126 276
f 71 1064 549
f 2360 2349 2380
f 279 271 416
f 271 274 416
f 1137 1143 1274
f 2388 1640 780
f 2340 2426 2378
f 921 1638 1634
f 1641 1638 1664
f 972 1439 1448
f 846 1839 1460
f 1989 1650 1644
f 1435 1078 26
f 1444 1843 1443
f 918 979 1902
f 1845 2330 2343
f 556 461 462
f 1448 1447 972
f 921 1720 1709
f 1909 1714 979
f 1954 2362 2293
f 1716 1906 2030
f 2313 2107 2303
f 2317 2275 2347
f 1920 634 1898
f 2329 2289 2351
f 440 441 895
f 1443 2309 1458
f 543 2039 1834
f 2039 2123 1834
f 1721 2031 2346
f 2099 2077 431
f 1947 687 1010
f 1440 1444 1458
f 2310 1201 1014
f 2139 1403 552
f 1403 694 552
f 2292 2373 1186
f 1457 1437 2310
f 2323 2098 2359
f 34 1177 283
f 1640 246 780
f 533 1083 551
f 1550 1577 1116
f 2234 2278 2338
f 918 784 2311
f 1045 1674 2355
f 1699 2332 485
f 437 534 2038
f 785 2141 1127
f 2356 623 2083
f 2251 2235 2329
f 1426 982 1157
f 1695 1131 1020
f 1405 1424 1441
f 1140 778 1909
f 779 1685 1687
f 628 2346 2031
f 2214 2251 2313
f 1468 1394 461
f 1693 1081 1186
f 996 155 1624
f 689 2310 1437
f 1010 805 974
f 1423 563 1440
f 916 627 1012
f 485 1026 1699
f 2311 784 2280
f 417 1446 1172
f 2141 1143 1921
f 563 523 920
f 2275 2173 2267
f 2289 2227 2246
f 246 47 1613
f 1700 1703 1914
f 2173 2275 2208
f 51 819 1459
f 2298 53 2244
f 1406 1350 683
f 1715 1696 1217
f 1079 2237 653
f 1810 2257 1939
f 2284 1700 1914
f 622 47 2302
f 1954 2293 2309
f 1907 1137 768
f 1658 1685 1659
f 2247 633 1706
f 410 220 208
f 1375 14 1091
f 894 2262 912
f 1811 1857 737
f 819 78 1007
f 2347 2275 2267
f 2305 2228 622
f 2277 2292 223
f 2240 2268 1026
f 40 385 1451
f 208 2112 1648
f 2240 1026 1133
f 872 342 449
f 1233 1321 1324
f 1233 2110 1321
f 2153 698 1149
f 1783 948 332
f 1724 1051 1905
f 1201 1177 295
f 2274 2215 2256
f 813 669 2109
f 487 558 816
f 390 78 819
f 2245 2182 2166
f 2166 2185 2245
f 2268 2240 938
f 2105 1736 2106
f 462 1412 1445
f 1092 1338 743
f 903 1903 207
f 897 1133 1625
f 1315 670 586
f 1721 2383 2031
f 1182 215 746
f 13 120 89
f 2287 26 294
f 1496 1077 992
f 2331 2287 294
f 2222 2163 2154
f 586 1515 1314
f 2250 2256 2204
f 586 670 125
f 8 915 663
f 490 121 96
f 895 441 2114
f 1617 1625 1983
f 390 999 78
f 1401 1072 122
f 789 613 1649
f 744 1401 122
f 666 535 663
f 490 500 248
f 992 1306 242
f 26 29 1435
f 12 879 372
f 2037 1740 2034
f 61 5 1324
f 249 2 520
f 490 376 492
f 2212 2219 2057
f 653 2174 1273
f 199 1760 197
f 335 535 500
f 228 769 1979
f 2177 2057 2205
f 1874 142 249
f 326 892 2216
f 335 316 243
f 162 1928 151
f 1141 793 789
f 2156 2204 2215
f 2207 2196 605
f 1227 999 2160
f 2163 2150 1955
f 119 1537 1538
f 1262 1134 1149
f 606 1221 994
f 1769 754 586
f 1627 239 1235
f 2181 1978 1877
f 15 1888 252
f 746 796 373
f 1164 744 756
f 2185 307 2058
f 888 998 1118
f 756 1234 1164
f 2181 1973 2164
f 2180 2175 2190
f 2087 768 1761
f 1570 170 1208
f 2058 1890 887
f 1888 15 885
f 1066 174 2166
f 564 1891 1977
f 1613 1572 1063
f 333 157 334
f 1899 641 1570
f 174 307 2166
f 1775 1564 749
f 1092 1899 1570
f 1164 1234 364
f 1525 1524 2192
f 1182 232 180
f 1144 1761 641
f 1552 1103 1892
f 2063 311 174
f 1901 2184 1139
f 307 311 231
f 1979 1976 169
f 555 2080 2161
f 625 326 327
f 242 1529 1775
f 1766 193 386
f 693 292 699
f 1972 1001 1003
f 307 2185 2166
f 2226 2162 2161
f 644 908 2179
f 239 1110 1208
f 2190 2150 2180
f 1122 1820 901
f 611 1590 1122
f 2337 2254 1974
f 1893 765 2085
f 499 656 334
f 611 340 1590
f 1134 1262 1246
f 1979 735 991
f 807 1792 733
f 994 1979 767
f 1629 640 1752
f 887 2186 2058
f 2209 890 326
f 860 2000 1841
f 1446 344 1172
f 2110 2 148
f 2170 2230 2195
f 1324 2089 61
f 10 663 253
f 901 1603 1122
f 1069 250 666
f 2168 2159 2224
f 4 588 72
f 1194 886 1776
f 993 1610 897
f 504 500 96
f 1188 78 999
f 809 662 97
f 523 1146 590
f 1014 1457 2310
f 2233 2225 201
f 123 116 1231
f 1231 116 588
f 1066 1967 1072
f 2172 2248 2183
f 2027 1840 2066
f 225 421 221
f 1907 768 2087
f 2240 1213 938
f 1804 6 256
f 2210 2129 2212
f 2236 2185 2058
f 1148 1520 1150
f 1321 148 263
f 263 1315 1321
f 2055 1983 900
f 19 14 1375
f 1487 1072 1967
f 211 1629 356
f 207 1135 903
f 2204 2152 2250
f 782 1120 1613
f 2253 900 1983
f 443 608 1667
f 736 886 1963
f 452 449 1988
f 904 224 2116
f 640 1647 1648
f 900 2270 902
f 2083 2323 2356
f 211 1646 377
f 1730 624 2138
f 723 989 1242
f 723 1190 989
f 1495 1804 1857
f 2271 2250 2285
f 2236 2223 2272
f 2270 2253 2273
f 437 1228 594
f 2159 2151 2224
f 2133 1637 1710
f 902 2270 1654
f 866 2109 513
f 1673 1628 1919
f 874 1803 32
f 1010 687 676
f 2250 2152 2285
f 1395 1330 922
f 2230 2238 2294
f 1178 289 288
f 1666 1659 1685
f 1666 1984 1659
f 1076 2143 1447
f 1129 2029 779
f 1105 2112 985
f 2260 1681 1710
f 278 1083 533
f 632 2141 785
f 785 1151 632
f 1476 2246 822
f 1376 1387 686
f 1809 1823 1834
f 2189 2291 2315
f 2279 2154 2208
f 1193 280 41
f 2279 2208 2317
f 1074 558 1841
f 692 1406 683
f 1674 1681 2327
f 862 1436 1193
f 1436 1071 46
f 1706 1701 1672
f 41 46 399
f 1087 931 1085
f 829 1446 399
f 1089 863 1448
f 2326 2295 2236
f 543 1823 1463
f 1693 138 2112
f 1674 2341 2355
f 2279 2344 2222
f 201 991 202
f 2070 2343 2308
f 1449 977 1455
f 1678 1694 431
f 1700 2284 2357
f 2350 2347 2299
f 1461 2096 2068
f 784 2364 2314
f 2332 2367 1043
f 1655 1714 1909
f 2333 2376 2336
f 138 1665 267
f 916 1989 1661
f 707 1087 1062
f 2325 2152 2378
f 2340 2291 2151
f 787 1678 795
f 2367 2332 2383
f 760 631 1017
f 1898 1264 1920
f 1410 707 1062
f 1470 404 703
f 2356 1630 623
f 1661 1989 1644
f 849 545 2371
f 1093 1201 1180
f 2410 2117 2259
f 414 401 1642
f 561 1417 703
f 74 1470 1417
f 1433 1407 710
f 2414 2097 2393
f 1473 1848 1429
f 1419 1408 1954
f 1432 1433 710
f 1130 770 1990
f 317 1068 546
f 2098 2416 2359
f 1396 527 2026
f 1029 1128 1653
f 1846 1473 1396
f 978 975 1726
f 953 2115 2435
f 2115 2116 2435
f 270 2401 705
f 1638 803 1156
f 2363 2064 2319
f 1645 306 1713
f 540 550 529
f 2309 2293 2252
f 1183 441 440
f 2427 2403 2376
f 960 694 1059
f 2061 1827 1414
f 1850 696 1854
f 1850 1854 850
f 2402 1378 2413
f 1384 1390 848
f 568 1390 1384
f 2427 929 2403
f 956 721 1275
f 1086 549 1064
f 572 1367 1831
f 1363 90 1486
f 1378 1097 1358
f 880 898 1033
f 1019 1367 684
f 1739 935 1889
f 1243 442 1244
f 954 1930 800
f 1359 1485 1379
f 2457 439 2103
f 1368 571 1493
f 1370 1351 1502
f 369 896 1195
f 525 1038 680
f 2460 2431 2438
f 2427 1929 1607
f 328 832 2436
f 808 176 304
f 1018 1337 729
f 1337 1018 1504
f 757 1600 755
f 576 851 1343
f 469 1956 711
f 38 414 261
f 480 1592 803
f 2448 2447 2428
f 365 875 363
f 1763 1931 2454
f 1600 1601 323
f 2457 812 830
f 112 581 1023
f 348 514 466
f 2455 2456 1883
f 1814 509 1322
f 1257 467 1860
f 1758 933 798
f 1510 1813 1333
f 1579 1931 1763
f 2100 2459 810
f 1247 1516 952
f 1155 453 446
f 587 592 1257
f 2001 2446 2473
f 2451 2474 1887
f 1585 1037 1770
f 810 1159 2135
f 2423 1278 2090
f 1136 1044 1717
f 2046 2447 2441
f 1304 460 951
f 1517 674 1025
f 2464 647 1880
f 827 1104 673
f 2476 2472 2146
f 1880 2400 815
f 1575 1940 1579
f 2468 1882 477
f 1292 1281 593
f 1292 825 1281
f 2476 2146 2194
f 2049 1169 1563
f 1286 1316 1527
f 1959 947 859
f 1280 1372 1284
f 1528 1800 1284
f 1528 1284 1372
f 1801 1320 1316
f 1557 161 1783
f 1864 1184 1219
f 817 2006 1555
f 596 1452 595
f 2193 2203 2191
f 1258 1799 1450
f 554 1445 428
f 2191 2054 1791
f 388 1793 389
f 2073 1999 1987
f 655 2060 1987
f 1042 658 1361
f 387 658 1042
f 1248 1158 1924
f 1938 1684 1722
f 658 1853 600
f 678 1453 718
f 451 603 678
f 773 1236 440
f 821 762 1114
f 91 133 864
f 33 318 1540
f 1249 675 1113
f 869 675 1249
f 734 675 355
f 210 384 1057
f 21 33 70
f 2088 2372 2327
f 620 1175 1684
f 718 1158 802
f 1175 1698 1722
f 1548 1549 1041
f 1158 1793 1924
f 1793 1158 1453
f 603 389 1453
f 1361 1514 1042
f 2372 2369 2327
f 1722 1698 1794
f 2332 1699 2031
f 1547 957 1986
f 1469 1451 705
f 962 2203 2193
f 1869 1042 1532
f 1788 1040 1558
f 664 944 143
f 2081 2282 2345
f 738 1551 2398
f 1201 1202 58
f 2329 2313 2251
f 1942 1530 1961
f 1734 954 953
f 867 1567 1575
f 2006 817 330
f 2100 1964 1566
f 1959 859 1254
f 1316 1286 1313
f 1260 2130 1284
f 647 2474 2345
f 1286 1048 1260
f 933 419 745
f 593 301 436
f 1282 1047 826
f 494 1865 1046
f 828 1046 1865
f 2135 2079 2449
f 2042 1802 1289
f 1036 738 1767
f 1279 828 1052
f 1289 826 1024
f 1293 1307 1304
f 2017 445 2467
f 1957 674 1805
f 2044 2126 1308
f 375 1807 1808
f 740 1104 465
f 130 674 128
f 2047 1881 1885
f 853 949 826
f 1307 2126 583
f 602 601 368
f 812 2457 2466
f 1333 585 1510
f 1479 1773 811
f 2024 1773 1479
f 852 584 951
f 2472 906 2001
f 1996 1777 1774
f 1518 1342 2052
f 1410 1465 701
f 2466 2462 646
f 1498 348 345
f 1224 1767 1117
f 1045 1021 1131
f 966 1996 770
f 2451 1887 2439
f 2095 516 1346
f 1582 1595 811
f 946 469 560
f 2126 2122 2318
f 1604 609 1605
f 110 680 407
f 2444 2453 2457
f 2452 1355 1513
f 677 1859 1488
f 2461 1488 846
f 2451 2419 2469
f 2465 2045 906
f 1353 1817 1500
f 1531 1344 1349
f 1165 814 2456
f 1059 1825 1348
f 1825 1058 1348
f 1370 1502 339
f 1349 1364 575
f 2399 1383 1355
f 29 2287 282
f 2008 2429 1362
f 1608 1159 975
f 878 306 936
f 2430 2442 2422
f 2108 2353 2107
f 85 841 522
f 1393 1373 1369
f 836 956 483
f 2401 328 2436
f 2443 2434 2397
f 1243 453 442
f 971 1466 837
f 2424 1035 1727
f 1390 1952 2417
f 2116 2117 2435
f 632 1151 418
f 559 1484 1408
f 1264 1898 1151
f 258 1832 315
f 2402 2413 849
f 400 380 637
f 285 183 186
f 618 926 1631
f 1840 1839 1835
f 2391 2418 2385
f 1009 799 1195
f 615 1039 310
f 2412 2433 2406
f 1850 2005 2096
f 844 702 1089
f 978 1738 1970
f 898 880 2383
f 1433 1432 1414
f 975 1622 1726
f 2371 2381 2402
f 845 1442 847
f 1843 1444 1425
f 2337 2342 2294
f 1435 1160 1483
f 1417 1470 703
f 2043 2018 2407
f 1014 1201 1093
f 1124 1640 2388
f 2336 2376 2403
f 2103 276 1665
f 2370 2348 2391
f 619 1650 1716
f 1623 772 788
f 2368 2107 2313
f 1843 1419 1443
f 701 707 1410
f 2363 2358 2385
f 1848 1943 1467
f 2384 2316 2342
f 1468 1953 1422
f 1119 1906 1989
f 2326 2360 1065
f 2320 1909 979
f 2344 2348 2281
f 2353 293 27
f 2107 2324 2303
f 1441 1424 1454
f 1131 1922 1020
f 1021 1922 1131
f 2353 2298 2324
f 1911 1709 786
f 1911 1975 1664
f 1463 28 854
f 2321 2334 2365
f 2030 2083 623
f 2352 2278 2281
f 916 1130 2300
f 785 2138 1151
f 983 1136 1717
f 1694 1044 1136
f 544 533 551
f 1685 779 913
f 2315 2291 2340
f 630 788 2247
f 1847 1084 48
f 692 683 981
f 2249 2323 2296
f 280 1193 1436
f 1482 1828 1007
f 2243 2314 2312
f 1682 1185 984
f 1944 2118 2119
f 1907 1143 1137
f 1414 226 549
f 1265 1295 1680
f 1017 443 1692
f 708 1937 1819
f 2284 2274 2322
f 1392 1440 920
f 2245 2295 2257
f 2252 2293 2217
f 2293 2299 2217
f 679 862 1193
f 211 1105 1185
f 723 1242 1193
f 40 53 2298
f 672 1194 1776
f 377 2112 1105
f 2217 2299 2187
f 2278 2149 2264
f 313 346 64
f 2255 2180 2150
f 1633 2274 217
f 1055 207 1663
f 1080 2127 807
f 938 430 909
f 1912 1628 1673
f 2206 2147 2190
f 313 342 989
f 2033 988 454
f 2264 1524 2176
f 1955 2190 2147
f 1803 987 1084
f 897 2240 1133
f 2219 2212 2265
f 2219 2265 776
f 1007 1189 670
f 513 579 64
f 2033 1155 446
f 1741 902 1910
f 1613 1904 780
f 1008 2247 1246
f 1862 1330 1331
f 2255 2176 2180
f 2256 2215 2204
f 579 513 2109
f 2236 2058 2223
f 1610 2240 897
f 2211 1982 2131
f 1743 1919 1628
f 1150 1520 2197
f 92 89 260
f 1598 594 1228
f 123 1324 5
f 1261 1977 1187
f 20 257 19
f 1765 1816 2035
f 2165 1900 2119
f 411 1760 199
f 224 1633 217
f 492 94 120
f 2132 901 2211
f 1016 1128 1668
f 1139 1633 1753
f 769 438 767
f 999 882 1188
f 1189 1188 882
f 1511 1868 2087
f 1118 2212 2057
f 1649 1141 789
f 890 329 1250
f 659 40 1469
f 915 335 500
f 2405 2377 2379
f 1109 588 116
f 2128 1871 1833
f 2072 1115 2113
f 285 186 797
f 1602 1212 297
f 93 1602 297
f 2111 1969 2292
f 1538 1533 119
f 1979 169 735
f 2156 2157 2204
f 2179 168 607
f 604 652 162
f 652 604 108
f 63 180 132
f 1973 108 604
f 2166 2182 1066
f 998 1871 1118
f 1754 1569 1212
f 746 215 1121
f 756 905 1234
f 1662 138 267
f 93 302 2143
f 631 760 1651
f 908 259 885
f 2174 732 2036
f 2186 887 1771
f 1401 1574 1066
f 1066 178 1897
f 2372 2088 2043
f 1977 1891 1756
f 1554 625 156
f 2199 333 227
f 1421 1472 309
f 2164 1973 604
f 2187 2157 2156
f 2004 1474 1472
f 1574 178 1066
f 753 237 998
f 1583 910 1776
f 236 235 1888
f 1973 2181 18
f 1611 487 1748
f 749 594 1589
f 594 749 1564
f 1564 1529 995
f 1894 2080 1237
f 1542 1227 2172
f 1003 1001 1784
f 1893 2188 237
f 1705 178 1583
f 228 991 201
f 2171 2226 2080
f 240 499 334
f 1314 1972 1003
f 2198 2171 2080
f 703 1241 1240
f 227 168 2200
f 1471 222 83
f 1775 749 903
f 1250 329 386
f 746 200 796
f 493 1287 520
f 1760 232 197
f 591 661 18
f 656 7 588
f 6 253 7
f 2320 979 918
f 1871 2210 1118
f 2207 2082 2196
f 2035 1900 608
f 326 2216 2209
f 397 185 196
f 774 1761 768
f 1611 897 1000
f 662 668 97
f 2110 148 1321
f 622 2179 219
f 114 1509 437
f 260 96 121
f 89 120 94
f 2227 1523 14
f 1206 2094 588
f 1982 2211 2205
f 1103 523 1006
f 1006 1901 1103
f 2229 2206 2195
f 2238 2230 2170
f 2072 2120 1115
f 2118 2113 2119
f 1745 903 1632
f 2231 2233 201
f 515 122 1072
f 2242 2102 438
f 2254 2238 1894
f 2382 1665 1186
f 1910 2129 2128
f 886 1194 1963
f 2055 900 1733
f 1912 613 1125
f 2123 456 1834
f 1982 1637 2131
f 2239 2242 857
f 224 217 2259
f 863 1276 2071
f 2076 895 1115
f 1266 2136 2137
f 1391 1365 1072
f 1646 205 1648
f 1903 221 479
f 909 2268 938
f 871 1077 278
f 2159 2147 2151
f 1216 1217 1215
f 224 2259 2116
f 1350 1150 981
f 909 1026 2268
f 442 2033 454
f 2292 1969 2373
f 1667 1677 1918
f 1398 822 2241
f 2084 1910 1915
f 1910 1654 1915
f 2139 1079 1273
f 631 443 1017
f 1701 2115 1672
f 613 1688 1649
f 1171 1177 1173
f 558 487 860
f 283 1162 49
f 1394 1412 461
f 1649 1688 1974
f 1133 1026 2307
f 690 41 280
f 282 51 1459
f 690 1178 41
f 2274 2285 2322
f 2324 2298 2303
f 1917 1985 1984
f 2125 2169 2123
f 1697 1266 1265
f 2319 837 981
f 628 1699 909
f 2002 2005 1851
f 2112 1081 1693
f 283 1178 34
f 2342 2337 2396
f 2266 2277 2221
f 2415 2405 2394
f 1408 2415 2394
f 549 1993 2339
f 288 1071 417
f 541 931 1438
f 1691 206 1975
f 295 34 1178
f 1695 2099 1916
f 784 2314 2280
f 206 783 1975
f 2070 708 1943
f 1462 692 837
f 2314 2364 2333
f 2111 2292 2277
f 2096 1461 1428
f 1947 1842 1449
f 2360 2304 2349
f 1483 1061 1471
f 1943 1848 2343
f 1475 2330 1845
f 1656 1655 778
f 778 1655 1909
f 2377 2317 2347
f 294 26 1078
f 1090 428 1457
f 884 1728 780
f 1661 1130 916
f 1137 1199 986
f 1708 1651 1664
f 36 203 16
f 2325 2378 2361
f 484 1089 1439
f 2355 2386 2134
f 2315 2378 2152
f 1434 972 483
f 582 1054 1640
f 1020 1922 924
f 1643 924 1922
f 2380 2349 1407
f 1425 967 1843
f 1132 986 798
f 2409 2348 2392
f 2025 552 694
f 76 394 404
f 267 1126 1662
f 2374 2387 2408
f 2064 2389 937
f 2417 2108 527
f 2407 2050 2372
f 2372 2050 2369
f 795 435 787
f 2381 2108 2417
f 1402 1421 320
f 2422 2409 2404
f 1642 1645 1713
f 1838 713 1404
f 848 1473 1830
f 1952 1378 2402
f 531 565 1831
f 1662 1126 985
f 2045 2145 2408
f 2409 2422 2429
f 2418 2429 2008
f 847 963 1825
f 1641 638 803
f 87 569 567
f 1991 621 1596
f 1998 1723 772
f 772 800 1998
f 1236 1183 440
f 99 1826 1053
f 1389 1821 1827
f 444 1382 1821
f 2429 2422 2442
f 1620 1619 1650
f 1492 568 1384
f 939 571 840
f 381 940 444
f 937 2389 1824
f 1384 1097 1492
f 2101 525 680
f 2389 2418 1824
f 565 2101 1168
f 560 469 711
f 2032 745 968
f 153 801 1142
f 1723 1998 478
f 2437 1161 619
f 940 1356 1490
f 713 851 576
f 571 1500 1493
f 407 1038 105
f 614 976 610
f 2354 2451 2439
f 946 560 838
f 1032 730 1098
f 2354 2419 2451
f 112 540 729
f 112 729 1337
f 407 406 110
f 1347 1032 1334
f 540 111 838
f 2440 2463 2450
f 1334 2010 1347
f 846 1247 952
f 686 1387 1082
f 1946 1505 2075
f 2045 2465 2144
f 445 1244 2121
f 932 935 306
f 1407 222 843
f 610 2024 614
f 348 436 1326
f 445 1243 1244
f 527 1396 1390
f 873 2032 1896
f 856 436 466
f 954 1759 1930
f 126 1539 127
f 498 2013 1865
f 811 1167 1582
f 1865 2013 828
f 1571 610 2046
f 610 1571 2024
f 1872 1587 1591
f 1260 111 2130
f 2075 2475 673
f 2463 2449 2079
f 497 1301 1867
f 1104 1297 1309
f 1837 1388 1013
f 2469 2345 2474
f 827 825 1296
f 1296 825 1292
f 798 933 1779
f 2398 2146 2001
f 1047 1283 1293
f 301 1281 491
f 2476 2194 1116
f 366 870 814
f 330 817 1565
f 1254 1320 1959
f 1770 1037 332
f 647 2345 1880
f 1372 1280 489
f 665 1108 1959
f 533 534 278
f 2065 2146 2398
f 2092 2194 2146
f 1568 1558 1781
f 1557 1783 1040
f 1160 455 1483
f 1878 2449 2060
f 865 1787 1879
f 1540 1263 1577
f 2191 2400 2054
f 1924 566 1248
f 2092 2065 1550
f 1361 658 1070
f 1788 1746 1553
f 1152 1022 570
f 1768 958 1936
f 353 734 355
f 2028 2014 1875
f 1573 1114 1968
f 941 1004 1494
f 1328 941 1536
f 1731 869 1249
f 1536 620 1684
f 1030 1057 1844
f 1249 1849 1731
f 383 1536 1684
f 1004 914 620
f 1004 941 980
f 1844 1731 1543
f 2014 1278 1980
f 124 59 70
f 913 779 1679
f 269 802 1158
f 1070 570 1022
f 1789 1934 2009
f 1540 1876 1263
f 2065 1948 1968
f 1132 798 216
f 2191 1791 2193
f 1145 472 1535
f 1779 933 1545
f 1477 1532 562
f 2006 1790 1555
f 1285 1555 1549
f 1706 1672 630
f 566 1924 596
f 1924 1452 596
f 1780 958 1556
f 957 1566 655
f 667 1530 1450
f 850 1060 1850
f 1783 1558 1040
f 595 1211 1798
f 276 267 1665
f 2430 2404 2420
f 1780 2024 962
f 1174 665 1801
f 957 1547 1184
f 164 865 867
f 1116 1577 965
f 706 1958 1526
f 2411 2060 2449
f 2449 1878 2135
f 1770 332 948
f 2016 2475 859
f 1048 464 592
f 464 1254 592
f 1047 951 826
f 1294 660 135
f 660 1294 1957
f 747 480 726
f 1586 1565 750
f 755 1586 750
f 1183 1770 948
f 1957 1805 1522
f 2420 2415 1368
f 371 1516 501
f 966 1169 2049
f 331 1884 752
f 1896 2032 968
f 1307 583 1812
f 647 1887 2474
f 1257 592 467
f 587 946 831
f 814 1165 1778
f 1887 2464 2443
f 419 968 745
f 2443 2439 1887
f 1333 1813 1340
f 425 853 1861
f 1257 1860 1956
f 906 2472 2465
f 1342 511 537
f 312 614 1479
f 834 684 852
f 117 1355 1339
f 112 1337 581
f 1503 1100 832
f 2458 2468 2440
f 480 1581 1592
f 612 1763 2454
f 406 1815 1099
f 516 731 1346
f 1755 614 312
f 609 1884 2438
f 1147 1565 1548
f 1499 2023 1493
f 439 2457 830
f 1825 963 1058
f 1929 2427 1595
f 1606 1595 2427
f 2023 2430 2420
f 2114 1742 794
f 815 2426 2434
f 609 2414 1594
f 1362 1373 1824
f 415 923 829
f 1481 1388 1369
f 1738 2440 2450
f 1835 846 1488
f 2399 1478 1383
f 1620 1161 1619
f 1367 1019 556
f 721 1838 1275
f 1838 721 713
f 848 1390 1396
f 2401 270 328
f 1651 760 935
f 1399 1851 1379
f 2391 2409 2429
f 2318 1397 1251
f 2401 1053 1469
f 556 1380 1397
f 1409 559 967
f 2424 2428 2447
f 2385 2418 2389
f 638 1739 1925
f 2382 2444 2103
f 799 976 614
f 1830 1473 1429
f 711 835 560
f 937 1837 971
f 442 454 2121
f 1937 708 1398
f 1937 1398 1992
f 2361 2428 2424
f 1634 1638 1269
f 493 520 2
f 1422 1953 1397
f 305 45 1179
f 2108 2107 2368
f 1990 1996 621
f 2392 2344 2148
f 2392 2348 2344
f 1180 1201 58
f 2408 2145 1721
f 1737 2387 1660
f 1088 483 1080
f 1229 2104 1418
f 1840 1460 1839
f 435 1660 787
f 2277 2266 2111
f 1443 1458 1444
f 698 2125 2124
f 1656 1009 1655
f 1079 481 550
f 2368 2313 2329
f 1010 974 1947
f 2408 1721 2374
f 299 2066 696
f 1650 1989 1906
f 1995 2237 550
f 792 1236 1675
f 2298 2353 27
f 1427 846 1460
f 2151 2397 2340
f 1244 442 2121
f 2375 784 1657
f 2350 2299 2293
f 538 695 930
f 292 693 41
f 1264 1151 1920
f 809 654 119
f 1908 2043 2088
f 2346 2374 1721
f 2355 2369 2386
f 1079 2139 481
f 543 1834 1823
f 2346 1717 2374
f 298 2127 1080
f 1727 1700 2357
f 1700 1727 1129
f 2289 2308 2330
f 2298 385 40
f 2125 698 2153
f 1236 1266 1675
f 1463 686 541
f 783 1708 1975
f 273 1201 2310
f 1054 2335 2302
f 1841 558 860
f 2284 2361 2357
f 2114 794 2113
f 2281 2264 2255
f 1651 783 631
f 2147 2321 2151
f 981 683 1350
f 1643 1021 2406
f 399 690 557
f 2303 2244 2261
f 1044 1694 1678
f 983 1717 2346
f 2336 2312 2333
f 298 2143 2127
f 1447 2143 298
f 689 273 2310
f 1468 1416 1394
f 1043 485 2332
f 2318 988 1415
f 1130 1688 2300
f 1054 2302 47
f 2316 2294 2342
f 41 725 723
f 2346 628 983
f 794 1153 1677
f 1083 278 1077
f 2139 1273 1403
f 1391 1072 1829
f 2285 2325 2322
f 1380 1019 574
f 1193 1242 679
f 2255 2264 2176
f 733 1088 1080
f 1920 1134 634
f 2248 2272 2223
f 1427 1149 698
f 2300 1688 613
f 627 2300 1718
f 1685 1917 1666
f 2155 2187 2267
f 919 1138 1804
f 2273 2142 2270
f 1496 1271 874
f 2263 2280 2239
f 2248 2223 2183
f 2283 912 2262
f 1056 1914 1658
f 217 2284 1914
f 2129 2084 2265
f 19 1375 820
f 1630 619 2030
f 2228 2305 2269
f 100 53 127
f 1217 1712 1215
f 1067 1988 342
f 2163 2222 2150
f 1803 1926 987
f 1490 571 939
f 25 255 666
f 1135 207 1055
f 114 437 594
f 434 435 795
f 123 5 9
f 2208 2158 2173
f 2263 2239 2233
f 2110 1287 493
f 579 1928 77
f 93 1076 1000
f 591 97 98
f 1870 1523 1287
f 1916 2099 1696
f 2442 2430 2023
f 2223 2186 2183
f 777 1836 617
f 2230 2229 2195
f 1238 1303 1533
f 1809 456 1907
f 244 1874 2214
f 1926 1803 1271
f 1265 2137 1926
f 2216 892 2220
f 1139 2213 1633
f 816 1748 487
f 1121 324 200
f 1227 125 1225
f 410 324 193
f 202 642 617
f 119 1533 1268
f 1362 2429 2442
f 1521 11 150
f 329 890 223
f 1833 2034 1740
f 2132 1735 901
f 599 335 243
f 2172 1227 2160
f 2158 2168 2224
f 137 1613 1063
f 2059 1612 793
f 1349 1344 959
f 2123 1127 1921
f 240 157 151
f 154 153 1142
f 329 197 386
f 2159 2163 1955
f 2175 1525 2195
f 1276 1611 1000
f 326 625 1584
f 2034 1833 1923
f 181 606 184
f 2080 1894 2198
f 157 604 162
f 1368 1493 2023
f 444 940 1490
f 1978 2181 1962
f 1552 1892 756
f 227 374 168
f 1564 1775 1529
f 759 888 2177
f 2137 2136 773
f 2058 307 231
f 659 127 40
f 1888 247 236
f 805 676 443
f 237 2188 1923
f 2167 605 604
f 1792 302 564
f 118 1187 1590
f 177 178 1574
f 1103 1901 1139
f 241 170 169
f 644 247 259
f 247 885 259
f 607 247 644
f 231 1890 2058
f 753 998 888
f 2155 2158 2178
f 1208 170 241
f 2157 2155 2189
f 2226 2171 2170
f 955 1251 574
f 241 169 801
f 174 1705 2063
f 118 1590 340
f 1537 2059 891
f 237 753 1762
f 1141 1237 1538
f 993 816 727
f 727 732 993
f 1613 137 1904
f 1765 608 443
f 627 916 2300
f 1084 987 1941
f 1542 1771 165
f 1141 1649 1237
f 232 386 197
f 987 1926 2137
f 1627 1624 239
f 2211 1820 2205
f 2037 2034 2188
f 159 410 1766
f 2076 2067 895
f 1602 1000 897
f 590 756 744
f 806 251 1109
f 1110 2063 1208
f 910 1621 1008
f 1629 1760 411
f 2067 773 440
f 1751 1602 897
f 499 151 1928
f 1617 1751 1625
f 100 11 1521
f 1817 1384 1360
f 1681 2260 2327
f 1101 2201 136
f 2201 2202 136
f 214 208 324
f 2253 1133 2273
f 201 202 1981
f 1894 2238 2198
f 1741 1910 2128
f 2153 1149 624
f 2416 2421 2359
f 1363 99 1498
f 1983 636 1617
f 1610 1213 2240
f 915 316 335
f 242 1306 114
f 108 1067 77
f 410 159 356
f 990 266 13
f 615 2364 2375
f 1143 1907 1921
f 662 809 1268
f 1724 617 1836
f 2199 2269 2232
f 563 1006 523
f 82 264 81
f 1509 114 1306
f 590 122 920
f 640 1682 1904
f 2220 2297 2216
f 2286 2312 2336
f 1874 520 2235
f 1055 1265 1632
f 391 2160 390
f 1637 2260 1710
f 260 89 94
f 2286 2297 2220
f 1811 25 813
f 1523 2227 2235
f 2241 20 1862
f 1376 1868 1511
f 1495 1231 2094
f 733 1080 807
f 411 220 412
f 1133 2307 2273
f 1012 627 1673
f 67 68 818
f 443 1667 1692
f 1377 917 1329
f 2311 2263 2320
f 1377 1376 917
f 2441 2400 2191
f 2105 2083 2288
f 1667 1918 1692
f 1677 1153 1918
f 1140 1669 1985
f 2290 1669 1140
f 2147 2206 2321
f 920 1365 1392
f 739 1330 1416
f 1348 1018 1059
f 1904 1668 884
f 781 629 1131
f 2222 2281 2150
f 2305 2335 2269
f 2254 2337 2294
f 1088 564 835
f 2335 2305 2302
f 310 1635 1009
f 1245 2040 1017
f 861 37 1162
f 1691 1911 1686
f 1186 1665 1693
f 2229 2354 2334
f 783 1651 1708
f 30 2069 2120
f 2269 2335 2366
f 779 1687 1129
f 1084 1941 48
f 32 1803 1084
f 2322 2325 2361
f 2098 2269 2097
f 2084 1908 2306
f 2281 2278 2264
f 1502 407 339
f 1044 1660 1717
f 29 26 2287
f 1186 2373 2382
f 2234 2338 2319
f 621 1991 2337
f 1137 1274 1199
f 1672 2115 1623
f 400 637 1197
f 2043 1908 771
f 2378 2315 2340
f 1203 295 1178
f 2406 1021 2134
f 760 1017 970
f 296 28 931
f 2383 880 2367
f 2000 2003 1841
f 2317 2148 2279
f 1661 877 770
f 2353 2371 293
f 344 1068 704
f 1446 1068 344
f 1466 1462 837
f 2353 2324 2107
f 2421 1630 2359
f 1039 615 2375
f 696 1428 299
f 1444 1064 1425
f 2428 2361 2378
f 1436 129 1241
f 703 1436 1241
f 621 1996 1596
f 71 1425 1064
f 404 58 536
f 1013 1466 971
f 1828 2104 714
f 1605 1124 2388
f 2142 1704 1654
f 1609 408 792
f 1997 2433 2412
f 849 173 179
f 2404 2392 2148
f 1991 1596 2445
f 1727 1035 976
f 2026 527 2368
f 550 481 529
f 2144 898 2145
f 1180 315 1093
f 1093 2101 1014
f 2061 1432 710
f 226 1414 1409
f 561 691 1417
f 2125 2390 2124
f 2420 2404 2405
f 2387 2432 2045
f 320 1421 1951
f 1604 1605 2388
f 2402 2381 1952
f 1396 1473 848
f 2425 2124 2390
f 2424 2447 2046
f 1854 1840 2007
f 2420 2405 2415
f 540 838 521
f 975 2459 1744
f 1204 1606 1200
f 1198 171 312
f 1830 1388 848
f 1093 1832 525
f 691 88 258
f 2462 1747 1607
f 88 691 1205
f 1484 2415 1408
f 1060 2005 1850
f 1205 691 1386
f 1368 2415 1484
f 2443 2464 815
f 2460 1885 612
f 1374 1386 1822
f 1592 1585 1593
f 1581 1585 1592
f 393 1181 407
f 1166 1595 1582
f 1484 840 1368
f 1035 2046 610
f 609 752 1884
f 1604 752 609
f 167 752 1604
f 2470 2445 1774
f 1369 720 1481
f 572 833 684
f 2124 2425 1247
f 812 726 166
f 166 726 766
f 2466 2477 726
f 2287 391 35
f 839 1949 471
f 1019 955 574
f 645 2476 1116
f 731 722 1359
f 1493 1500 1499
f 870 709 649
f 2323 2083 2296
f 738 2398 2473
f 730 1497 1357
f 1356 1353 1500
f 1383 1339 1355
f 873 1147 2032
f 104 339 407
f 1218 1559 1785
f 2095 1359 427
f 343 406 1099
f 1181 406 343
f 1335 486 345
f 1561 2081 2345
f 1934 2049 1563
f 1860 836 1956
f 2073 477 1876
f 1504 2010 581
f 1980 1278 1779
f 2006 1734 1790
f 460 1251 955
f 955 834 460
f 2065 1968 1550
f 509 1814 580
f 833 584 852
f 1875 1938 1722
f 1844 1543 655
f 1550 911 1540
f 950 2461 952
f 950 677 2461
f 832 106 1503
f 620 1536 1494
f 911 124 70
f 834 951 460
f 734 353 980
f 233 762 821
f 466 436 348
f 269 1158 1248
f 802 336 718
f 570 341 1152
f 341 1145 1191
f 823 1361 1022
f 718 1453 1158
f 445 2121 2467
f 2214 2261 244
f 828 2013 855
f 1793 1252 1924
f 1793 388 1252
f 1807 950 952
f 1102 1517 1025
f 1517 128 674
f 2095 503 516
f 503 1312 516
f 387 1042 1869
f 1808 1807 952
f 392 143 598
f 751 945 664
f 503 1867 1806
f 1107 528 1532
f 681 680 110
f 343 1099 382
f 1028 429 141
f 1300 1806 1867
f 1798 1108 595
f 942 1528 473
f 1309 465 1104
f 665 1959 1320
f 1236 408 1183
f 1960 712 717
f 1305 497 1867
f 741 712 1318
f 947 1108 1318
f 1304 1307 1812
f 1005 1107 1279
f 1280 1046 489
f 1046 1027 489
f 491 1958 496
f 491 1281 1958
f 1280 1259 494
f 826 1289 1282
f 688 2017 2044
f 1290 1288 1291
f 1281 301 593
f 445 2017 2015
f 2475 2016 673
f 827 1296 1104
f 1292 593 1297
f 1259 1284 2130
f 1104 1296 1297
f 2042 1289 1024
f 491 1005 301
f 423 2093 424
f 375 1301 1050
f 1301 497 1050
f 1297 1299 1309
f 1226 1798 1797
f 140 528 1107
f 528 140 300
f 1400 665 1174
f 952 1516 1866
f 566 596 1400
f 1107 1532 1942
f 1869 300 1853
f 1510 585 1863
f 2020 516 1312
f 1450 1795 1477
f 475 1334 1335
f 1305 1507 1863
f 587 1257 946
f 422 473 472
f 1111 402 388
f 951 834 852
f 853 425 949
f 2467 2122 2126
f 2121 2122 2467
f 514 348 517
f 269 566 1400
f 1400 213 269
f 583 2126 2318
f 2075 1505 1860
f 475 2010 1334
f 603 1453 678
f 348 99 517
f 1030 210 1057
f 851 1860 1343
f 2366 582 1124
f 1030 1702 318
f 2095 1346 1359
f 731 2020 1501
f 1098 1335 1032
f 1098 455 1335
f 2056 576 1343
f 876 1626 1599
f 106 1497 730
f 575 731 1501
f 1711 1849 1541
f 1873 1041 1711
f 1674 2327 2341
f 471 1949 1356
f 1356 1949 1353
f 560 521 838
f 722 731 575
f 1791 2054 2009
f 2073 1876 1999
f 851 713 721
f 2442 2023 1499
f 1499 1362 2442
f 836 711 1956
f 1018 960 1059
f 470 420 569
f 1548 1873 1147
f 840 571 1368
f 871 1509 1354
f 568 1097 1952
f 2203 2441 2191
f 2060 2411 2073
f 1880 2282 2400
f 2292 1186 212
f 1053 2401 2436
f 524 959 2004
f 1390 568 1952
f 713 2074 844
f 2008 1824 2418
f 848 1388 1481
f 1379 1851 2005
f 2100 957 1184
f 868 164 709
f 1059 845 847
f 1559 738 1036
f 222 1471 1061
f 1730 785 1127
f 2101 531 1014
f 2004 1421 1402
f 2404 2377 2405
f 835 1261 560
f 1886 870 1881
f 2469 1561 2345
f 870 1886 331
f 2471 1882 2468
f 167 1883 331
f 559 1419 967
f 1581 480 747
f 2117 2028 2435
f 488 2028 2117
f 842 305 1179
f 2047 331 1886
f 1433 2380 1407
f 1166 1576 646
f 1090 1014 531
f 2112 138 985
f 2092 1550 2194
f 2470 2469 2445
f 394 56 55
f 2448 2441 2447
f 2377 2347 2379
f 2468 758 2471
f 1072 1365 515
f 1764 932 1965
f 1848 1845 2343
f 837 2064 971
f 550 540 1995
f 62 705 293
f 545 293 2371
f 2462 1929 1595
f 2465 645 2144
f 1774 1596 1996
f 1510 1507 1813
f 1991 2445 2396
f 1945 845 694
f 391 2276 2160
f 1159 810 2459
f 2344 2279 2148
f 2455 635 2456
f 2460 612 2431
f 1619 1161 1932
f 2410 488 2117
f 1943 2343 2070
f 1224 1117 1737
f 1774 2445 1596
f 2338 2352 2358
f 1086 1157 549
f 1747 2453 2444
f 1998 1601 1749
f 2330 2351 2289
f 1437 428 1464
f 1457 428 1437
f 1154 932 306
f 974 437 2038
f 2410 1994 2090
f 1154 1631 926
f 461 1412 462
f 896 369 380
f 31 379 32
f 478 1998 1749
f 1448 2071 463
f 31 1847 1455
f 1073 2118 1944
f 1440 1458 1423
f 2416 2438 2431
f 619 2421 2437
f 1645 1154 306
f 2329 2235 2289
f 1157 982 1391
f 1391 1829 1157
f 1468 1422 1416
f 1482 263 1418
f 2246 1476 2070
f 280 1178 557
f 35 282 2287
f 2359 1630 2356
f 43 273 1173
f 2375 1657 1039
f 790 1636 792
f 1017 973 970
f 2227 2289 2235
f 615 1196 1606
f 16 1645 401
f 2337 1991 2396
f 2299 2267 2187
f 2259 2117 2116
f 635 2455 925
f 1829 1487 1939
f 2030 623 1630
f 1150 2258 981
f 53 40 127
f 866 273 689
f 1126 1653 985
f 580 1512 1317
f 580 1317 509
f 1857 866 1375
f 2143 807 2127
f 1077 1496 874
f 884 1668 203
f 1518 368 601
f 1151 2138 1920
f 1671 2030 1906
f 2097 2269 2366
f 922 1330 1862
f 1708 1664 1975
f 1350 1933 1148
f 84 919 1804
f 2094 1804 1495
f 2327 2369 2341
f 949 425 2042
f 910 672 1776
f 1325 988 98
f 257 20 2246
f 2316 2354 2229
f 913 778 1140
f 2033 98 988
f 1140 1909 2320
f 2035 2119 1900
f 2186 2223 2058
f 2260 2088 2327
f 2098 2323 2249
f 737 68 268
f 609 2438 2414
f 1268 1302 1323
f 2113 794 1677
f 917 1144 1329
f 743 1329 1144
f 918 2311 2320
f 2217 2184 1901
f 2217 2187 2184
f 2290 1140 2320
f 1761 917 1511
f 661 591 2033
f 2328 2266 2297
f 1207 585 1333
f 1189 125 670
f 2110 493 2
f 2294 2316 2230
f 2089 1230 61
f 909 907 628
f 1916 912 1695
f 781 1695 912
f 7 656 499
f 2307 485 2142
f 266 113 372
f 1151 1896 418
f 1919 2288 1671
f 1685 1658 1703
f 555 2197 1520
f 1148 555 1520
f 1654 2270 2142
f 912 2283 781
f 1529 114 995
f 612 2454 2437
f 1003 651 883
f 148 2 245
f 1710 1681 1674
f 2149 2192 1524
f 2285 2152 2325
f 1024 826 949
f 1091 14 1870
f 1600 1749 1601
f 97 1298 1537
f 894 912 1715
f 2157 2187 2155
f 2160 999 390
f 2296 2106 2249
f 1624 1627 996
f 5 885 15
f 1132 768 986
f 1682 640 377
f 2063 1705 1208
f 586 1227 1769
f 157 162 151
f 2432 906 2045
f 1760 132 232
f 248 535 250
f 208 1648 200
f 158 1570 1112
f 2253 2270 900
f 2242 2243 2102
f 748 1583 158
f 1554 156 606
f 235 1109 252
f 1606 1196 1200
f 1103 1552 1146
f 2232 2249 2207
f 202 1724 1905
f 633 2247 1008
f 235 236 168
f 805 631 1598
f 2254 1894 1670
f 321 224 904
f 1670 1894 1649
f 2199 2232 2167
f 774 1132 216
f 2164 1750 2181
f 1667 608 1900
f 505 498 1259
f 333 2199 157
f 857 2242 438
f 1613 1120 1572
f 1891 1757 1756
f 1752 137 804
f 1743 1628 1125
f 585 497 1863
f 184 606 187
f 1740 2128 1833
f 1962 1750 1743
f 2232 605 2167
f 2123 1921 456
f 1132 774 768
f 2158 2224 2178
f 2085 2037 2188
f 910 396 321
f 396 397 321
f 2213 2184 2215
f 735 202 991
f 229 319 432
f 228 1979 991
f 2171 2198 2170
f 1979 769 767
f 765 1751 1617
f 2184 2156 2215
f 1139 2184 2213
f 2157 2189 2204
f 2085 2188 1893
f 2209 2221 890
f 993 1971 1610
f 1748 993 1611
f 793 1141 891
f 759 2177 1820
f 2113 1900 2165
f 642 735 170
f 1266 2137 1265
f 793 891 2059
f 1962 2059 1978
f 642 777 617
f 1188 1189 1007
f 994 1976 1979
f 2082 2106 1736
f 1750 1962 2181
f 157 2199 2167
f 232 1766 386
f 1891 759 1757
f 2207 2106 2082
f 631 805 443
f 2143 302 807
f 2129 2265 2212
f 607 168 236
f 221 421 1913
f 2262 2132 2133
f 1766 232 373
f 2258 2197 2234
f 1182 180 215
f 1208 1112 1570
f 1256 1858 242
f 1775 1256 242
f 126 127 659
f 2209 2216 2266
f 606 156 1221
f 1208 241 239
f 2283 2262 2133
f 2284 217 2274
f 1262 2062 1246
f 2288 1919 2105
f 776 2265 2260
f 2129 1910 2084
f 375 1050 1807
f 2080 2226 2161
f 1920 624 1134
f 782 1613 47
f 2044 2467 2126
f 1307 1308 2126
f 1724 1984 1051
f 180 232 132
f 2154 2163 2159
f 654 1537 119
f 2254 2294 2238
f 1732 1794 1218
f 783 206 1913
f 2152 2189 2315
f 131 1310 657
f 220 1081 208
f 746 66 132
f 986 768 1137
f 1110 754 2063
f 1696 1715 1916
f 2307 2142 2273
f 1771 2183 2186
f 904 1701 1725
f 2182 1967 1066
f 736 1092 886
f 1988 18 661
f 915 136 72
f 1127 2141 1921
f 1747 2462 2453
f 77 1928 108
f 2202 4 136
f 2280 2314 2243
f 2286 2336 2297
f 590 744 122
f 915 1101 136
f 2224 2151 2291
f 1673 1119 1012
f 535 666 250
f 2306 2088 2260
f 10 253 6
f 1066 1072 1401
f 1692 1245 1017
f 579 669 1928
f 7 499 6
f 2269 2098 2249
f 985 138 1662
f 904 2116 2115
f 1870 1287 2110
f 2033 591 98
f 2234 2197 2162
f 2162 2218 2234
f 1870 2110 1091
f 2136 1236 773
f 1076 2071 1000
f 1228 805 1598
f 1811 813 2109
f 628 2031 1699
f 431 1694 1696
f 448 266 507
f 788 772 2247
f 2322 2361 2284
f 2252 1901 1006
f 78 1188 1007
f 150 2261 1521
f 1852 1683 1676
f 2252 1006 563
f 1865 494 498
f 1640 1054 246
f 2341 2369 2355
f 1874 2235 2251
f 1045 2355 2134
f 739 1416 1415
f 2120 2069 2067
f 2328 2395 2266
f 2266 2395 2111
f 2077 1726 1652
f 2252 2217 1901
f 986 1199 1758
f 1758 798 986
f 2316 2384 2354
f 791 794 635
f 2283 2133 1674
f 2276 2248 2172
f 1642 1728 413
f 494 1259 498
f 1922 1021 1643
f 2403 2395 2328
f 1416 1330 1394
f 2426 2340 2397
f 1713 1728 1642
f 827 673 2016
f 1130 1661 770
f 924 1643 1738
f 1919 1119 1673
f 2098 2414 2416
f 1376 1823 1809
f 2029 976 799
f 2365 2354 2439
f 1638 1641 803
f 1595 1606 1597
f 2396 2419 2342
f 2289 2246 2308
f 2050 1997 2412
f 974 1228 437
f 32 1083 874
f 1398 1476 822
f 2438 2416 2414
f 2406 2433 2440
f 2406 2440 1738
f 2287 2304 2276
f 1749 1898 478
f 896 400 1197
f 689 1464 1413
f 2125 2153 2169
f 463 1076 1447
f 612 2421 2431
f 299 1461 1963
f 1403 1945 694
f 1593 1609 1269
f 2261 2301 2303
f 2144 645 898
f 398 289 46
f 757 1034 1151
f 1448 863 2071
f 1606 2427 615
f 929 1607 1747
f 1196 1198 1200
f 2455 1883 925
f 2454 1161 2437
f 2458 2440 2433
f 2458 2433 758
f 1889 1764 1925
f 1160 1435 282
f 471 724 518
f 1074 1841 1945
f 755 1034 757
f 306 935 936
f 1460 2027 284
f 2295 2326 2339
f 40 1451 1469
f 898 645 1033
f 1927 441 643
f 1614 1277 1588
f 1613 780 246
f 2446 2001 906
f 1047 1282 1283
f 2468 2458 758
f 1282 1289 1802
f 1157 1086 1456
f 64 346 272
f 1117 1767 2473
f 2370 2352 2348
f 2079 2135 1159
f 1943 1441 1467
f 837 2319 2064
f 453 546 446
f 1883 814 331
f 2468 2411 2463
f 2470 1561 2469
f 2290 1051 1669
f 1785 1559 1036
f 1482 1418 2104
f 1433 2360 2380
f 62 1 101
f 2389 2064 2363
f 1313 1260 1284
f 962 1571 2203
f 2353 2381 2371
f 226 71 549
f 962 958 1780
f 1220 1184 1547
f 1033 645 965
f 655 1566 1878
f 711 1088 835
f 1483 1078 1435
f 468 1281 825
f 846 1835 1839
f 2081 1789 2009
f 2009 2054 2081
f 958 1546 1936
f 1729 1790 1732
f 1734 1732 1790
f 1875 1722 1732
f 745 2032 876
f 222 2349 73
f 1407 2349 222
f 1543 1731 1849
f 2108 2368 527
f 620 1573 1698
f 1702 1030 1844
f 821 620 914
f 869 384 675
f 2409 2391 2348
f 2003 963 847
f 481 2025 529
f 59 124 233
f 109 152 91
f 422 144 864
f 926 1965 932
f 495 600 451
f 823 1022 1152
f 269 1248 566
f 1191 823 1152
f 1160 1363 455
f 1111 943 403
f 392 943 600
f 1093 525 2101
f 1853 392 600
f 1984 1985 1051
f 1666 1917 1984
f 360 361 403
f 1961 1279 1107
f 2419 2445 2469
f 1958 728 496
f 145 146 147
f 145 598 146
f 147 763 764
f 524 1371 1366
f 1853 300 392
f 939 370 1382
f 945 751 944
f 945 763 2012
f 1532 528 1869
f 300 1869 528
f 639 1883 936
f 1486 1826 99
f 1028 1797 1209
f 1452 1211 595
f 1028 1226 1797
f 1226 1028 141
f 429 300 140
f 429 139 141
f 358 1107 728
f 139 358 728
f 1799 489 667
f 1799 1372 489
f 1027 1530 489
f 1960 1958 706
f 1098 457 455
f 1303 1933 1302
f 1282 378 1283
f 1283 697 1293
f 697 378 2019
f 2019 378 1288
f 1817 1360 1818
f 2019 1290 671
f 688 671 2017
f 2452 2390 1355
f 2044 2017 2467
f 410 356 412
f 2101 680 1031
f 1032 1347 1348
f 1860 851 956
f 1860 956 836
f 515 920 122
f 1299 593 436
f 592 1254 467
f 1254 2475 467
f 1049 135 660
f 111 540 112
f 2052 1310 1518
f 2461 846 952
f 110 343 382
f 1507 427 1506
f 367 1522 1805
f 1340 1813 1341
f 1031 425 1861
f 1805 626 367
f 1100 514 832
f 367 616 368
f 853 584 833
f 831 946 1260
f 128 1512 626
f 950 1207 1333
f 1312 350 2020
f 673 1946 2075
f 2452 1513 1516
f 2300 613 1718
f 2013 2091 475
f 1317 1322 509
f 2013 475 1327
f 1317 1512 128
f 580 577 601
f 1518 577 1342
f 1243 2052 453
f 2052 1342 453
f 2227 14 257
f 577 511 1342
f 1023 111 112
f 1312 1311 589
f 1519 501 1516
f 503 1806 1312
f 2015 1310 2052
f 1300 375 371
f 532 526 537
f 593 1299 1297
f 657 2015 134
f 2265 2306 2260
f 1508 526 532
f 1279 1052 1005
f 512 537 526
f 1508 482 526
f 832 328 106
f 1351 482 1508
f 482 512 526
f 1335 455 486
f 213 1174 942
f 1320 1254 1527
f 1058 2021 730
f 506 512 102
f 1530 1027 1961
f 139 1958 1960
f 1958 139 728
f 1959 1108 947
f 1107 496 728
f 489 1530 667
f 1318 1798 741
f 1356 1500 571
f 1883 2456 814
f 123 1231 1324
f 1358 1384 1352
f 576 2074 713
f 1345 844 2056
f 145 761 763
f 729 540 529
f 145 597 775
f 1096 1359 722
f 1367 572 684
f 458 474 482
f 666 255 500
f 2090 1278 2410
f 1818 1369 1373
f 2436 832 99
f 504 666 500
f 499 663 256
f 1370 1822 1351
f 1384 720 1360
f 1355 2390 2399
f 1364 959 1366
f 458 349 420
f 1191 1145 1535
f 1022 1361 1070
f 341 144 1145
f 942 422 213
f 570 152 109
f 318 33 1272
f 1382 1827 1821
f 2007 1835 1488
f 603 1111 389
f 1336 1113 1170
f 559 370 939
f 1336 1626 1113
f 1379 2005 1506
f 1573 821 1114
f 1844 1057 1731
f 1948 1573 1968
f 322 420 349
f 1999 1702 1844
f 1711 1986 1849
f 1722 1684 1175
f 1999 1876 1702
f 1987 1844 655
f 1822 1386 1240
f 1041 1873 1548
f 1240 322 1822
f 1698 1948 1551
f 2418 2391 2429
f 1794 1698 1559
f 2193 1791 1546
f 80 265 2413
f 457 1061 1483
f 2451 2469 2474
f 1556 958 1768
f 1278 2014 488
f 1155 442 453
f 2025 694 960
f 714 2104 1053
f 2104 1229 1053
f 1562 1788 1558
f 160 1557 1787
f 1230 2089 1315
f 1783 1781 1558
f 1410 2002 1851
f 1851 1951 1410
f 1567 867 1782
f 1094 1095 1420
f 1409 967 226
f 265 849 2413
f 1781 1783 332
f 305 79 45
f 79 188 45
f 1420 1474 1094
f 1474 2004 1094
f 1241 188 234
f 188 1241 129
f 1278 2423 1779
f 1471 1078 1483
f 1777 1561 1774
f 1421 2004 1472
f 646 1568 2477
f 1469 705 2401
f 750 1147 755
f 1431 1466 1013
f 1442 2003 847
f 963 2003 2000
f 2463 2411 2449
f 2096 2005 1062
f 2435 1875 953
f 1410 1062 2002
f 696 1840 1854
f 2000 702 685
f 2148 2317 2377
f 2363 2385 2389
f 330 1586 1759
f 2135 1964 810
f 73 2349 2331
f 83 2331 294
f 540 521 1995
f 2399 2123 2039
f 1770 1183 408
f 166 480 1764
f 1884 2047 2460
f 404 55 703
f 1585 1581 1037
f 1931 1579 1940
f 448 452 450
f 1883 167 936
f 447 829 725
f 1931 1940 2048
f 700 547 57
f 57 547 1465
f 23 45 3
f 2104 1828 1482
f 2466 2457 2453
f 1062 1087 2096
f 700 543 854
f 1896 1034 873
f 3 129 1436
f 2358 2352 2370
f 1841 2003 1442
f 1199 419 933
f 2368 2329 2351
f 55 52 703
f 2462 2466 2453
f 609 1594 1605
f 1931 1161 2454
f 17 3 1436
f 1261 476 560
f 2444 2457 2103
f 2424 2046 1035
f 1051 2290 2231
f 2326 2304 2360
f 2362 2350 2293
f 2445 2419 2396
f 1165 2456 1742
f 534 544 379
f 1445 1464 428
f 1156 1592 1269
f 1463 854 543
f 1601 1998 1930
f 2313 2303 2301
f 2018 771 1277
f 1594 2414 2393
f 1124 1594 2393
f 2308 2343 2330
f 91 103 133
f 1755 1195 799
f 800 1930 1998
f 2287 2331 2349
f 610 976 1035
f 1964 2100 810
f 29 282 1435
f 1547 1711 1220
f 2366 1124 2393
f 2428 2378 2448
f 541 1085 931
f 1073 30 2072
f 1997 2407 1614
f 837 692 981
f 1651 935 1739
f 408 1236 792
f 1177 861 283
f 1476 1398 2070
f 273 43 1201
f 2387 1737 2432
f 982 1426 1440
f 1620 1650 619
f 283 49 1178
f 2072 30 2120
f 2424 1727 2357
f 2419 2354 2384
f 1338 1087 1085
f 1403 2140 1945
f 2309 2252 1423
f 578 48 1941
f 2383 1721 2145
f 487 863 860
f 1149 1427 573
f 1657 1639 1039
f 1387 1377 1082
f 274 271 279
f 2214 2301 2261
f 1713 2388 780
f 2103 1665 2382
f 1152 341 1191
f 1567 1169 2048
f 1939 2257 1993
f 1398 2241 1992
f 2374 1717 2387
f 558 1074 727
f 582 2366 2335
f 2321 2397 2151
f 1403 1273 2140
f 1413 866 689
f 1906 1716 1650
f 603 451 943
f 1423 2252 563
f 1129 976 2029
f 2332 2031 2383
f 1119 1671 1906
f 100 1521 2244
f 1521 2261 2244
f 1016 985 1653
f 1044 787 1660
f 24 203 1668
f 2077 1652 431
f 1652 1678 431
f 2067 2069 578
f 1130 1990 1688
f 1664 1709 1911
f 1977 1261 564
f 68 919 818
f 2236 2245 2185
f 1675 1266 1697
f 1331 739 1937
f 2375 2364 784
f 987 578 1941
f 2046 2441 2203
f 1671 2288 2030
f 1834 456 1809
f 2182 2245 2257
f 100 2244 53
f 687 1765 676
f 2246 2227 257
f 1236 2136 1266
f 244 2261 150
f 2241 2246 20
f 2083 2030 2288
f 430 907 909
f 2267 2173 2155
f 2306 1908 2088
f 904 2115 1701
f 1315 1324 1321
f 2333 2312 2314
f 1995 1187 118
f 743 1899 1092
f 2094 6 1804
f 2113 2165 2119
f 1918 1245 1692
f 2237 118 653
f 2067 2076 2120
f 913 1140 1985
f 1917 913 1985
f 318 210 1030
f 1153 1245 1918
f 92 121 12
f 2206 2229 2334
f 96 500 490
f 1026 485 2307
f 883 1314 1003
f 1273 2174 2036
f 2204 2189 2152
f 1706 630 2247
f 2254 1670 1974
f 2285 2274 2256
f 1319 12 372
f 578 987 773
f 2292 212 223
f 2162 2197 2161
f 1134 1246 634
f 620 821 1573
f 2202 2201 4
f 1144 917 1761
f 2477 1781 726
f 2271 2285 2256
f 535 248 500
f 2291 2189 2178
f 1659 1984 1724
f 773 2067 578
f 1515 754 1110
f 652 1928 650
f 650 1928 162
f 2297 2266 2216
f 2242 2280 2243
f 1092 1570 886
f 240 151 499
f 1542 2183 1771
f 783 1913 421
f 334 656 648
f 1667 1900 1677
f 1736 2105 1919
f 2147 2159 1955
f 1784 1221 156
f 890 2221 2277
f 1625 2253 1983
f 756 590 1552
f 165 1769 1227
f 1214 430 938
f 894 1735 2132
f 754 231 2063
f 911 1550 1114
f 754 1769 887
f 636 2055 1740
f 897 1625 1751
f 2225 2239 228
f 2057 2219 776
f 1525 2192 2195
f 113 266 262
f 1745 1632 1267
f 132 1760 1629
f 1736 1615 2082
f 1792 807 302
f 421 1598 783
f 386 625 327
f 1265 1270 1267
f 625 1554 1584
f 1786 1568 1576
f 1856 753 759
f 187 2220 892
f 1750 1615 1743
f 735 642 202
f 1221 1976 994
f 397 196 321
f 2196 1750 2164
f 2177 888 1118
f 1761 774 641
f 1125 2059 1962
f 1923 2188 2034
f 2169 2153 624
f 2206 2190 2175
f 200 192 796
f 1753 756 1892
f 2179 2200 168
f 2169 624 1127
f 594 421 1589
f 1598 421 594
f 1892 1103 1139
f 327 890 386
f 174 1066 1897
f 2206 2175 2195
f 1705 174 178
f 224 196 1753
f 748 1705 1583
f 625 386 63
f 743 1144 641
f 1109 235 374
f 2102 187 767
f 648 1109 374
f 1571 962 2024
f 2086 1796 1972
f 987 2137 773
f 2228 2179 622
f 1109 648 656
f 156 625 651
f 1208 1705 1112
f 2243 2220 187
f 782 219 1120
f 5 1063 885
f 2190 1955 2150
f 2181 1877 18
f 2226 2170 2162
f 1637 1982 776
f 2162 2192 2149
f 245 149 148
f 1537 654 97
f 205 200 1648
f 2200 2228 2199
f 1637 776 2260
f 1246 2247 634
f 1542 2172 2183
f 253 335 599
f 1056 777 899
f 411 412 1629
f 933 1544 1545
f 492 250 1069
f 324 208 200
f 2213 2215 2274
f 663 535 335
f 663 335 253
f 125 1227 586

