# https://github.com/mikedh/trimesh
v -0.16441651 -0.07529700 0.23958850
v -0.16059326 -0.08901937 0.23617500
v -0.17532437 -0.07131122 0.23764253
v 0.25364488 -0.26468062 0.24618176
v 0.24617538 -0.22667965 0.25235277
v 0.25774238 -0.28148013 0.25567782
v -0.21177951 -0.40663582 -0.24907544
v 0.19258676 -0.00420931 -0.23919247
v 0.19492003 0.00408309 -0.24683209
v -0.20592844 -0.41581556 -0.26167136
v 0.19764146 -0.01757947 -0.23290890
v -0.18809053 -0.15345569 0.24288447
v -0.03030938 -0.42579994 -0.25708470
v -0.00355200 -0.43333307 -0.24542594
v -0.05227636 -0.42757136 -0.25394440
v -0.03329253 -0.44377255 -0.24316578
v 0.24190618 -0.22715931 0.23909669
v 0.23241912 -0.22933468 0.23766150
v 0.22943300 -0.22073713 0.26000100
v 0.23930088 -0.20949544 0.25581607
v -0.20600031 -0.41890818 -0.25292993
v 0.22347465 -0.23264484 0.25125715
v 0.24333175 -0.24589525 0.26180449
v 0.22479229 -0.23121509 0.24280265
v 0.04871700 -0.44199294 0.26366457
v 0.03318784 -0.43346444 0.26124513
v 0.21895038 -0.20438738 0.25375855
v 0.23854554 -0.18856756 0.24413760
v 0.01450262 -0.42906931 0.24353503
v 0.01123144 -0.43880686 0.26214889
v 0.03324806 -0.42736253 0.25043538
v 0.22415037 -0.08883325 -0.00942838
v -0.21341331 -0.39652669 -0.26445931
v 0.22258197 -0.08936697 0.01804072
v 0.07504475 -0.42876050 0.25600874
v 0.22020775 -0.03189262 -0.23185387
v 0.21296662 -0.02460850 -0.22743388
v 0.06128319 -0.45474726 0.25150472
v 0.27423999 -0.05448750 0.17547674
v 0.20753872 -0.03645469 -0.22772025
v 0.08056682 -0.43031079 0.24598956
v 0.22343592 -0.09093516 0.04480608
v -0.11605325 -0.09997737 -0.11976288
v -0.12175637 -0.09724613 -0.11023313
v -0.13135967 -0.09720469 -0.12532295
v 0.23433416 -0.19194703 0.23737779
v 0.17006837 0.07939337 -0.24853350
v 0.15910612 0.10430112 -0.24664913
v 0.16626488 0.09304756 -0.25221381
v 0.17582600 0.09253300 -0.25071099
v -0.16503938 -0.11889419 0.22634162
v -0.17277250 -0.13226999 0.22071850
v 0.21231037 0.02012650 -0.24151775
v 0.20097050 0.05685125 -0.22749400
v 0.04504772 -0.45138371 0.25897700
v 0.19679269 0.02333225 -0.22486424
v 0.20999850 0.03461369 -0.23504013
v 0.20118538 0.05749663 -0.24418062
v -0.17304550 -0.14988887 0.22472025
v -0.17912771 -0.15933400 0.24195914
v -0.16808125 -0.13458475 0.23307700
v 0.22192219 -0.09254809 0.08260559
v 0.22210759 -0.09122425 0.10109507
v -0.14044026 -0.09869550 -0.20362826
v -0.15523332 -0.06353100 -0.25528505
v -0.14568301 -0.06808825 -0.25135300
v -0.15559450 -0.04432875 -0.25289300
v -0.18090825 -0.41646901 -0.26728725
v -0.20259476 -0.40210825 -0.26950601
v 0.22370800 -0.08780613 -0.25165787
v 0.26726401 -0.04526800 0.17762449
v -0.19652162 -0.16107291 0.22489250
v -0.20811050 -0.20563500 0.23338024
v -0.18792012 -0.13055125 0.22135262
v -0.18096849 -0.12809975 0.21811675
v 0.22981182 -0.09235478 -0.24993740
v 0.08006907 -0.44770449 -0.26544440
v 0.02056953 -0.45459929 -0.25379422
v 0.03495184 -0.45041126 -0.24539341
v 0.05514263 -0.45371833 -0.25917703
v 0.04738000 -0.43936950 -0.24296904
v 0.04600328 -0.42673659 -0.25817966
v 0.05971713 -0.42953113 -0.25052699
v 0.08437127 -0.44207400 -0.24149233
v 0.22881874 -0.06803793 -0.24414341
v 0.03062181 -0.42804626 -0.24952638
v 0.22567774 -0.04749575 -0.23823699
v 0.27441764 -0.04558225 0.11727175
v -0.17318700 -0.10493900 -0.09232100
v -0.16248125 -0.10968800 -0.07300875
v -0.17200024 -0.10623000 -0.07446425
v -0.17083399 -0.10602781 -0.11408445
v -0.16217653 -0.08264817 -0.22989555
v 0.27963501 -0.05398725 0.12464250
v -0.16531150 -0.10083187 -0.23527813
v -0.17792369 -0.17432366 0.23797950
v -0.18124375 -0.17376475 0.22251900
v -0.18648675 -0.22352649 0.23180450
v -0.19259501 -0.17747125 0.22018175
v -0.19743639 -0.21564782 0.24543208
v 0.18580949 -0.01717716 0.22909904
v 0.17826462 -0.00278962 0.23274601
v 0.17951521 -0.01132488 0.24189490
v 0.18733007 0.01095031 0.22490838
v 0.10343503 -0.44975492 -0.24325816
v -0.05318175 -0.43052042 0.23877700
v -0.08197813 -0.42795300 0.25190225
v -0.06875950 -0.42678726 0.24340925
v 0.11546600 -0.42856231 -0.25174457
v -0.04710125 -0.43260726 0.25792623
v 0.15532701 -0.43699676 -0.24301276
v -0.05586881 -0.44058198 0.23407881
v 0.00452637 -0.44449642 -0.24246544
v 0.09120644 -0.42656019 -0.25593343
v -0.16630401 -0.15043101 -0.23887099
v -0.17434350 -0.13904887 -0.23670900
v -0.17881319 -0.12888774 -0.25123781
v -0.17482013 -0.10185412 -0.24305275
v -0.16483475 -0.15995806 -0.24297425
v -0.16263475 -0.15830387 -0.24973349
v -0.17254387 -0.10559850 -0.23754825
v -0.20950375 -0.23059660 0.24190374
v -0.20719197 -0.21853019 0.22524922
v -0.19639489 -0.24785553 0.24377395
v -0.19739699 -0.24311900 0.22239301
v -0.19526672 -0.21711269 0.22390531
v -0.18852161 -0.22931476 0.23786688
v -0.20834450 -0.21252000 0.23889799
v 0.14874101 -0.45648399 -0.25330999
v 0.09733475 -0.45444801 -0.24824600
v -0.21508163 -0.26941648 0.24582037
v -0.21578272 -0.24316193 0.23207888
v -0.19655401 -0.26639253 0.23120135
v -0.20478325 -0.27889362 0.22460203
v 0.12612174 -0.44273263 -0.24078549
v -0.20626244 -0.30461258 0.24143869
v -0.20069399 -0.28677937 0.23811725
v -0.22114800 -0.26672301 0.23706400
v -0.03545110 -0.44979307 -0.26101056
v -0.03732041 -0.45446545 -0.25632381
v -0.01988275 -0.44953176 -0.26473799
v -0.03182713 -0.43128589 -0.26723012
v -0.05012812 -0.45157680 -0.24765743
v -0.02339525 -0.43829599 -0.26814076
v -0.18455800 -0.17102306 -0.23834725
v -0.17562450 -0.18383500 -0.25870275
v -0.17647175 -0.19895650 -0.23724750
v -0.16977288 -0.18875864 -0.24705876
v -0.18414287 -0.19826674 -0.23529288
v -0.17049634 -0.18694019 -0.25490490
v -0.22232668 -0.38364676 -0.25475287
v -0.19957750 -0.41495144 -0.26788533
v -0.18601818 -0.15628700 -0.24726793
v 0.20401278 -0.01733416 0.23550685
v 0.19566648 -0.02984261 0.22850206
v 0.19385956 0.02249975 0.22932000
v -0.22339649 -0.28822312 0.22811675
v -0.22221769 -0.29749653 0.24247313
v -0.21494509 -0.28393829 0.22353062
v -0.09298275 -0.44701293 -0.26811862
v -0.08380872 -0.45413285 -0.25369605
v -0.08898062 -0.09702688 -0.13643751
v -0.04987950 -0.44613487 -0.26718363
v -0.08994050 -0.43091825 -0.24759787
v -0.07394734 -0.09784622 -0.13454662
v -0.13094854 -0.42542604 -0.25653440
v -0.08015119 -0.42527819 -0.25838208
v -0.08456212 -0.09604375 -0.12762503
v -0.08947831 -0.44089755 -0.24325669
v -0.11148609 -0.42717469 -0.26457763
v -0.18444662 -0.23524199 -0.24321362
v -0.18791018 -0.23820969 -0.26132521
v -0.18228462 -0.23718190 -0.25381500
v -0.19687925 -0.22043018 -0.25633082
v -0.19178060 -0.23584090 -0.23897868
v -0.19719650 -0.27946088 -0.23927437
v -0.18523300 -0.27032301 -0.24915300
v -0.19867674 -0.24350038 -0.25946379
v 0.27453199 -0.08059600 0.18995801
v 0.26216701 -0.04563000 0.19011088
v -0.18739082 -0.25733438 -0.24066393
v -0.07455338 -0.09741700 -0.12462588
v -0.20304108 -0.23438884 -0.25066754
v -0.20005612 -0.23803750 -0.24084000
v -0.22073625 -0.35716987 0.24574549
v -0.21317141 -0.34635228 0.23825502
v -0.23005600 -0.35188156 0.24471706
v -0.23504549 -0.34605548 0.23515819
v -0.23567919 -0.36870649 0.24169643
v -0.22893800 -0.36344650 0.24991900
v -0.22571249 -0.32973176 0.24693000
v 0.26850876 -0.34567526 0.24738675
v -0.22964056 -0.31862751 0.23809072
v 0.25726637 -0.34410587 0.24235925
v -0.21318784 -0.29948336 0.24764422
v 0.26180795 -0.35904157 0.24837901
v -0.23499963 -0.37115014 0.23150113
v -0.14628650 -0.44349051 -0.26931599
v -0.08600315 -0.43336302 -0.26928467
v -0.15997525 -0.43180206 -0.27024570
v -0.13278125 -0.43185288 -0.26880324
v -0.18735850 -0.43110901 0.25419399
v -0.21465400 -0.40781599 0.25227800
v -0.21921125 -0.41676950 0.24220175
v -0.20735575 -0.42677939 0.24471074
v -0.10349550 -0.09746300 -0.12969100
v -0.11739750 -0.09760250 -0.13481675
v 0.22621749 -0.15994562 -0.23507263
v -0.19481638 -0.42307812 0.22880906
v -0.21469812 -0.42039093 0.23386100
v -0.22869074 -0.40058750 0.24006476
v -0.21668619 -0.41037408 0.22914994
v -0.19044600 -0.43303201 0.22793201
v -0.22437049 -0.38566476 0.22539550
v -0.22871751 -0.38556299 0.24794325
v -0.22922200 -0.39372250 0.23072650
v 0.21993443 -0.14686194 -0.23965700
v -0.21967788 -0.35874814 0.22810644
v -0.21122813 -0.30512595 -0.24216062
v -0.20664924 -0.31158695 -0.24315563
v -0.21533012 -0.29877639 -0.25073612
v 0.22103541 -0.15444112 -0.24675176
v -0.20054799 -0.27142674 -0.26311588
v -0.21176501 -0.28744751 -0.25956649
v -0.19889025 -0.28700703 -0.26188785
v -0.19488600 -0.30080950 -0.24939400
v -0.20675412 -0.32645774 -0.24810225
v -0.21449649 -0.34582886 -0.24287950
v -0.21081838 -0.27446112 -0.25430337
v -0.18959400 -0.28243399 -0.25639749
v -0.20506801 -0.30195600 -0.26474300
v 0.07447010 0.11236456 -0.24890615
v -0.21979515 -0.33279076 -0.24515490
v 0.06573831 0.10922794 -0.25262645
v -0.19937325 -0.31698826 -0.26077026
v 0.22690231 -0.09389506 -0.08152106
v -0.16806562 -0.43672988 -0.24289362
v -0.13173118 -0.09835378 -0.07136625
v -0.10973400 -0.09956600 -0.07457150
v -0.12133659 -0.09736393 -0.07007081
v -0.11734259 -0.09646266 -0.08819753
v -0.13451305 -0.09708197 -0.07147098
v -0.11508295 -0.09748130 -0.06687441
v -0.12840034 -0.09623731 -0.08552013
v 0.26332963 -0.05538800 0.20298681
v -0.09636138 -0.09902200 0.15252313
v -0.09129509 -0.10069439 0.14502880
v -0.11579300 -0.09300650 -0.11054650
v -0.13356219 -0.09711982 -0.09698275
v -0.20621918 -0.39055535 -0.26670280
v -0.22443412 -0.37523845 -0.25449580
v -0.21272962 -0.35457075 -0.26513514
v -0.22021607 -0.36510569 -0.25015232
v -0.21551850 -0.37103701 -0.24386050
v -0.21628113 -0.35349530 -0.26117343
v -0.21732301 -0.35475451 -0.26641974
v -0.20812251 -0.36816975 -0.24822851
v -0.21753301 -0.37849775 -0.26595187
v -0.19202401 -0.43212199 -0.26097000
v -0.19716862 -0.38788137 -0.25877401
v -0.21391863 -0.39267340 -0.25221294
v -0.12536769 -0.44746596 0.25510815
v -0.17688450 -0.44854549 0.24529500
v 0.21139850 -0.45146701 0.25558749
v 0.22986899 -0.44208500 0.26367599
v 0.22887987 -0.44268069 0.25291333
v 0.24712850 -0.22293350 -0.25858700
v -0.01419406 -0.45337930 0.25338924
v 0.25021487 -0.33222201 0.24608774
v -0.06368513 -0.44968447 0.25575826
v 0.23775993 -0.23132965 -0.25117475
v 0.04267924 -0.44638649 0.23954645
v 0.23521827 -0.18329403 -0.25611305
v -0.12629831 -0.44014862 0.23184101
v -0.10610662 -0.45197862 0.23775899
v 0.24419975 -0.24089350 -0.23657925
v -0.03140370 -0.45160827 0.24053021
v -0.12670800 -0.45411500 -0.26005599
v -0.12103225 -0.45240033 -0.25081262
v -0.14358550 -0.10100200 -0.18433487
v -0.12775400 -0.10258825 -0.20637076
v -0.12384112 -0.10108825 -0.19562875
v -0.18899341 -0.42870685 -0.24673800
v 0.17752901 -0.45362788 -0.24542050
v 0.18545686 -0.45558038 -0.25107610
v 0.16118212 -0.45348799 -0.26143062
v -0.17363825 -0.44397661 -0.25841686
v 0.26205075 -0.27349401 -0.23830950
v 0.27054411 -0.28505594 -0.25421518
v -0.14059250 -0.45446801 -0.26056200
v 0.26105499 -0.23922263 -0.25311545
v -0.16045751 -0.10942306 -0.15047325
v -0.15923101 -0.11097550 -0.18582501
v -0.16496025 -0.11139950 -0.18841074
v -0.08610694 -0.09598966 -0.07806025
v 0.26291850 -0.26106551 -0.25749150
v -0.09193017 -0.09468331 -0.08002997
v -0.16242881 -0.10379363 0.17620698
v -0.17715688 -0.10523187 0.19172750
v -0.16891262 -0.10697381 0.19546831
v -0.06323750 -0.03045900 -0.08622225
v -0.17722800 -0.10377569 0.15175088
v -0.05870750 -0.09711087 0.18007213
v -0.16595137 -0.10667028 0.04115703
v -0.16592400 -0.11055300 0.05811200
v 0.24917901 -0.26590574 -0.23816788
v 0.24761961 -0.24829566 -0.25785738
v -0.15903525 -0.10495975 0.04336975
v -0.13970426 -0.10048044 -0.05662113
v -0.12134381 -0.09820300 -0.00096392
v -0.13143256 -0.10137806 0.01174500
v -0.12860513 -0.10002238 -0.00305075
v -0.10943300 -0.10157700 0.02415800
v -0.11007550 -0.10159200 0.04135300
v -0.00636575 -0.09634148 -0.00228594
v -0.01231056 -0.09587426 0.01098852
v 0.10243537 -0.09454510 -0.20351857
v -0.10342488 -0.10337231 -0.15714200
v -0.10162912 -0.09789425 -0.14950025
v -0.04213575 -0.10036228 -0.12013278
v -0.05729394 -0.10136319 -0.12960678
v -0.20815356 -0.38974670 -0.24632312
v -0.20131318 -0.38733399 -0.24885337
v -0.21416555 0.28207922 0.21233858
v -0.20465666 0.24130587 0.21197091
v 0.21599101 -0.19304903 0.24291341
v 0.22393462 -0.18922387 0.23529100
v -0.11253259 0.07485178 -0.24946620
v -0.11697163 0.05713459 -0.24332738
v -0.12987234 0.04980322 -0.25071427
v -0.11697400 0.08088200 -0.24772200
v 0.25531963 -0.31606975 -0.25016594
v 0.26168534 -0.24334550 -0.24035904
v 0.25426388 -0.29257688 -0.24111113
v 0.22123650 -0.43684795 -0.24595875
v 0.20579262 -0.43090752 -0.25663602
v 0.23177093 -0.42258969 -0.25215900
v 0.20190525 -0.43325937 -0.24855626
v -0.00851300 -0.10411875 -0.16947424
v 0.21310231 -0.10582428 0.00156516
v 0.21922025 -0.10509256 0.03539363
v -0.24437594 0.37556309 -0.22707465
v -0.22052835 0.34176382 -0.22798607
v -0.05297591 0.09391759 0.23808700
v -0.10350022 0.10279340 0.21932387
v -0.12764095 0.07956908 0.21558604
v -0.12163956 0.06959715 0.21452127
v -0.06936587 0.08759050 0.22922812
v 0.03458488 0.09446931 -0.22194056
v 0.01026925 0.08890519 -0.22789262
v -0.22057706 0.33000463 -0.22832131
v -0.22908919 0.33582950 -0.22572950
v -0.05206411 0.10726791 0.24309060
v -0.20109895 0.27846184 -0.22643706
v -0.20099354 0.26441082 -0.22293870
v -0.25474054 0.41704962 -0.22187860
v -0.24657038 0.39571089 -0.22795975
v -0.25914776 0.41492325 -0.22208326
v 0.22029471 -0.42311096 0.26249030
v -0.24071907 0.40124074 -0.22149412
v 0.22103900 -0.43518299 0.27057001
v 0.21990725 -0.42205974 0.25536326
v 0.25646216 -0.09315575 -0.12259562
v 0.28102139 -0.08947463 -0.13095750
v -0.15472825 0.03581750 -0.22434475
v -0.13776450 0.03828150 -0.22498050
v -0.14517450 0.05992025 -0.22862050
v 0.26038399 -0.32728001 -0.24100700
v 0.26843461 -0.31026739 -0.23853150
v 0.23522250 -0.42349237 0.25151813
v 0.27232587 -0.36167362 -0.23963788
v 0.26212078 -0.31064093 -0.23769739
v 0.17257613 0.07110988 0.21655756
v 0.22567788 -0.42155343 0.25095236
v 0.17074449 0.08130969 0.21842694
v 0.24916650 -0.28310841 0.23957153
v 0.24264599 -0.29071549 0.23993050
v 0.17534663 0.03449313 0.22679837
v 0.17990249 0.04356712 0.22329725
v -0.15661250 -0.42925513 0.23562776
v -0.17125724 -0.43059286 0.23107763
v -0.21864894 -0.33138967 0.22437960
v -0.21273012 -0.33000487 0.22838366
v 0.24023725 -0.24533650 -0.24494550
v 0.24746850 -0.27699551 -0.25158101
v 0.20484722 -0.06042931 -0.23676369
v 0.21414800 -0.05147400 -0.22724099
v 0.20343788 -0.05955688 -0.24324687
v 0.19342722 -0.07325344 0.23839854
v 0.18965481 -0.06655544 0.24378043
v -0.03097650 -0.05762013 -0.22250275
v -0.19896300 0.29540500 -0.22755399
v -0.21344200 0.33997601 -0.22306550
v -0.16445599 0.20342501 -0.22782600
v -0.17783523 0.24715692 -0.22577804
v -0.15871604 0.16524906 -0.22649950
v -0.09962000 0.10693100 0.20944101
v 0.27409026 -0.38669500 -0.23909651
v -0.15381263 0.19138549 -0.22355093
v -0.14128500 0.12666699 -0.22645000
v -0.15611131 -0.12380744 -0.24626350
v -0.15503712 -0.10686612 -0.23450938
v -0.07100438 0.08451350 -0.23549625
v 0.28013101 -0.35983601 -0.24074601
v -0.03833056 0.09027363 -0.24542116
v -0.06188850 0.09487500 -0.24928094
v 0.15498900 -0.45001549 -0.26445049
v 0.28377199 -0.35810599 -0.24837901
v 0.17655949 -0.43881249 -0.26688376
v 0.27054420 -0.32633579 -0.26282689
v 0.26152089 -0.32735860 -0.25968343
v 0.28207400 -0.33346701 -0.25313401
v 0.24077603 -0.42380062 -0.25015917
v -0.19773450 -0.41271076 -0.24322100
v 0.23603550 -0.41909239 -0.25914174
v 0.26423401 -0.37173980 -0.25488231
v 0.25150394 -0.40152326 -0.25315133
v 0.27928701 -0.38642249 -0.25784501
v 0.01234381 -0.43429750 -0.26784894
v -0.15656397 0.13551569 -0.22259222
v 0.26470974 -0.40372699 -0.24310724
v -0.14863193 -0.42545894 -0.25287575
v -0.15383574 -0.42405364 -0.26268587
v -0.14998801 0.09170433 -0.22550283
v -0.14032775 0.08299500 -0.22733071
v 0.19655775 -0.45467699 -0.25987950
v -0.14313737 0.00421429 -0.25198036
v -0.13460615 -0.00090206 -0.25007585
v -0.08378444 0.10692744 -0.25384688
v -0.08949859 0.11067497 -0.24752465
v -0.06738275 -0.05843400 -0.22188950
v -0.02557959 -0.42765382 0.25160584
v 0.18619625 0.03654125 -0.24014103
v 0.23026481 -0.19097413 -0.25177136
v 0.22784938 -0.18668474 -0.24277806
v -0.02509300 -0.44638276 0.23654351
v 0.21917975 -0.02428925 -0.24688050
v 0.23188287 -0.10979484 -0.25230026
v -0.02072672 -0.43140391 0.24181819
v 0.10890625 -0.05154655 -0.22008279
v 0.23816586 -0.29603806 0.25842100
v 0.23961812 -0.30312300 0.24709338
v 0.24330412 -0.29395106 0.26378325
v 0.25991008 -0.30446193 0.26142913
v -0.19052950 -0.20472050 0.22101749
v -0.10639732 -0.09765130 -0.06844556
v 0.23895250 -0.09637450 -0.12119575
v -0.10723425 -0.09996256 0.00438244
v -0.12103543 -0.09993265 0.00968073
v -0.12583549 -0.10005350 0.15204351
v -0.13133994 -0.09944631 0.15055719
v 0.23387800 -0.18252200 -0.23298401
v 0.24338612 -0.21962672 -0.23508149
v 0.24129225 -0.16738412 -0.23263919
v 0.09690900 -0.43255264 0.26231441
v 0.21250118 -0.10513447 -0.06981000
v 0.22241381 -0.10585844 -0.15273541
v 0.09425262 -0.42895409 0.25090942
v 0.22326382 -0.10220625 0.00027506
v -0.12724718 0.05569885 0.23145069
v -0.13932738 0.07025625 0.23130025
v -0.12378538 0.07709475 0.23699100
v -0.14507151 0.04324150 0.23681100
v -0.17589819 -0.05284325 0.23043962
v -0.15730350 0.02642500 0.23281799
v -0.19551119 -0.40984544 0.23582119
v -0.20573799 -0.39501646 0.23962438
v -0.18244469 -0.42401019 0.25092170
v -0.18040518 -0.41878045 0.23895200
v 0.07258438 -0.44992206 0.26166919
v -0.13756731 0.03195006 0.23413976
v -0.15081722 0.00000853 0.23794425
v -0.15162601 -0.04126850 0.22412500
v -0.14925627 -0.03649431 0.23245478
v 0.08716500 -0.44398993 0.26496807
v -0.15253624 -0.06015175 0.23055300
v -0.15397522 -0.03619747 0.23756704
v 0.11431938 -0.45260069 0.26151744
v -0.15485349 -0.43206763 0.25290275
v -0.15955125 -0.42621970 0.24502365
v 0.00099456 0.09111222 -0.24593721
v -0.09660535 -0.43364283 0.25664896
v 0.24211168 -0.40319535 0.25551748
v 0.25820601 -0.03964200 0.17260000
v 0.24008282 -0.40659210 0.26556033
v 0.24364200 -0.39783001 0.25033700
v -0.00114473 0.10845985 -0.25334400
v 0.25509843 -0.35027936 0.26546624
v 0.24765749 -0.33289450 0.26239750
v 0.26426479 -0.35346279 0.26715818
v 0.20375088 -0.13861075 0.24674900
v 0.02689344 0.10509303 0.24573985
v -0.02814600 0.10045500 -0.25181931
v 0.21672462 -0.09301050 0.25022137
v -0.28266150 0.44436100 0.17292300
v 0.19678321 -0.04510444 0.25187439
v -0.27966699 0.45578101 0.13265300
v 0.21294665 -0.11057072 0.25448528
v 0.23284844 -0.27865288 0.25131115
v -0.28736526 0.45113060 0.11966072
v -0.28868493 0.44505167 0.11535615
v -0.28503025 0.45389825 0.09133450
v 0.23338200 -0.20770200 0.26015499
v 0.22918765 -0.15328932 0.25241992
v 0.25596949 -0.06207100 0.21052000
v 0.19675235 -0.01949880 0.25013453
v 0.18241800 0.00368300 0.24922100
v 0.14303406 0.07611719 0.23524162
v 0.17294025 0.06532725 0.25178814
v 0.16169100 0.06777488 0.24611500
v 0.18564226 0.05745450 0.25229925
v -0.17540316 0.20734487 0.20861351
v -0.19041789 0.23470972 0.21281675
v -0.17808156 0.19061655 0.21540426
v -0.28660011 0.44959363 0.06959513
v -0.26904911 0.45403689 0.05071335
v -0.07467218 -0.05024894 0.20356038
v 0.21195462 -0.11013575 -0.24297713
v 0.21528432 -0.11020725 -0.23650125
v 0.22434001 -0.10515350 -0.23040962
v 0.21788201 -0.12114200 -0.23327550
v -0.28795925 0.44682851 0.14708249
v 0.21971135 -0.13301319 -0.25070393
v -0.17513250 -0.10544825 0.09439675
v -0.16807701 -0.10978250 0.12704650
v 0.20436007 -0.09929756 0.08647731
v 0.21300276 -0.10630143 0.09648694
v -0.26854452 0.43934107 0.18347165
v 0.20702685 -0.10320475 0.06686098
v -0.27828026 0.45607826 0.07132787
v 0.20810249 -0.09896100 -0.07296750
v 0.20908538 -0.09937762 -0.05804634
v -0.17404765 -0.10280606 -0.01183434
v -0.17023912 -0.10684975 -0.01197225
v -0.17276800 -0.10605625 -0.02998100
v -0.19298050 -0.19168819 -0.24359068
v -0.26586100 0.45111999 0.08167800
v -0.27331600 0.44305500 -0.19452800
v -0.27650014 0.44723138 -0.17653537
v -0.27475101 0.45195100 0.15812300
v -0.27085176 0.42256099 -0.20031990
v 0.28098643 -0.04915750 0.05952731
v -0.17680137 -0.05598075 0.22308038
v -0.14043488 0.07126638 0.22125319
v -0.12123500 0.09205000 0.22229500
v -0.12235350 0.08578475 0.23403551
v -0.28339851 0.45411724 0.14640374
v -0.28246924 0.45359787 0.02309212
v 0.00453469 -0.04886769 -0.21452244
v 0.25246537 -0.18685867 -0.24312657
v 0.24613903 -0.15822394 -0.24655688
v 0.24416782 -0.17381887 -0.25416401
v -0.28460130 0.43978739 0.04091469
v 0.23705222 -0.10730410 -0.24542244
v 0.18866625 0.08328050 -0.24632025
v 0.28151122 -0.08737378 -0.17746584
v 0.28581300 -0.08666800 -0.08309200
v -0.28507599 0.43523699 0.17900400
v 0.28184611 -0.08693975 0.06409197
v 0.04766400 -0.03271775 0.10905975
v 0.17714700 0.08700875 -0.21733700
v 0.15831000 0.09823800 -0.21639700
v 0.17416875 0.08266938 -0.21803688
v 0.27165225 -0.04597000 -0.19074300
v 0.12184497 -0.03238569 -0.08394303
v 0.19977206 0.00742677 0.23900059
v 0.17049563 -0.42968726 -0.25473350
v 0.24850699 -0.04254600 0.19765200
v 0.25152975 -0.05071200 0.20830674
v 0.13506000 0.10305469 0.21501262
v 0.15621850 0.09696900 0.22378249
v -0.14970419 0.03441569 0.21266012
v -0.15662771 0.09465533 0.21625921
v -0.14878100 0.09951550 0.20753200
v 0.11384287 0.11117212 0.24280362
v 0.06298240 0.10814577 0.21177045
v 0.02331425 0.11249794 0.23692632
v -0.03178558 0.10585325 0.20798028
v 0.01629687 0.11055975 0.21529500
v -0.14844887 -0.09325650 -0.24331801
v -0.14319725 -0.07122419 -0.24609987
v 0.12669399 0.11185950 -0.22036850
v 0.02735806 0.11004375 -0.21910959
v -0.12924825 -0.00070625 -0.24070987
v -0.14105999 -0.04587000 -0.22672963
v -0.14554900 -0.08991900 -0.21284100
v -0.16130599 0.15159744 0.21377456
v -0.13211234 0.02209406 -0.21474728
v 0.06363350 -0.03379475 -0.05322637
v -0.01582344 -0.03226244 0.09397388
v -0.16151243 0.07169531 -0.00318875
v 0.28419986 -0.07158987 0.08065613
v 0.26880097 -0.09335547 0.15158366
v 0.25304800 -0.40367499 -0.26013899
v -0.09003972 0.10249297 -0.24490300
v -0.09140200 0.10569400 -0.25292999
v 0.27621663 -0.08617919 0.16546482
v 0.27681169 -0.08821622 0.11897293
v 0.26079684 -0.40555084 -0.26292160
v 0.25566295 -0.41696280 -0.25943345
v 0.19009399 0.05734900 0.23534749
v 0.24996218 -0.40911281 -0.24687243
v 0.27799264 -0.07975712 0.16567574
v -0.15594597 0.20380178 -0.21753153
v 0.28414187 -0.04874281 -0.09639137
v -0.03518238 -0.09698331 0.05384088
v 0.25158238 -0.27668267 -0.25645176
v -0.21710175 -0.32061350 -0.25002149
v -0.21885000 -0.35060626 -0.24496800
v -0.08954500 0.09230863 -0.22393949
v -0.09371284 0.10114594 -0.23101163
v -0.16091850 -0.42789724 -0.24714249
v -0.17205881 -0.41473094 -0.25900972
v 0.17974775 0.05117275 0.24848551
v 0.12833650 -0.43110076 0.24745750
v -0.14621294 0.06162175 0.21922100
v -0.21375400 -0.31748900 -0.26140100
v -0.14301912 -0.44824049 -0.24653538
v -0.17129356 0.14615531 0.05883275
v -0.13230337 -0.44179839 -0.24458075
v 0.19514525 -0.43865082 0.24551871
v -0.20029774 -0.30201924 -0.24110225
v -0.21380672 -0.28938240 -0.24686137
v 0.18435544 -0.44319355 0.26956069
v -0.20774950 -0.42567351 0.23776825
v 0.17434190 -0.43081194 0.25653908
v -0.07171225 -0.03263350 -0.11751550
v -0.08304287 -0.03438475 0.14179251
v 0.18513644 -0.43641225 0.26655838
v -0.22733025 -0.33518207 0.22552375
v -0.17566100 -0.44030899 0.22892700
v 0.19630075 -0.43838176 -0.26527587
v -0.19954599 -0.26566589 -0.23860869
v -0.23122950 -0.31815550 0.23194100
v -0.21779272 -0.34002462 0.24602309
v -0.15129051 -0.44909662 0.23219794
v -0.08143213 -0.04231187 0.19300450
v 0.14424700 0.10161425 0.24732301
v -0.28162625 0.45189664 -0.01735825
v -0.26278093 0.45028976 -0.02476881
v -0.26814687 0.45444331 -0.03048094
v -0.27706945 0.45461211 -0.04645453
v -0.17878850 -0.22402050 -0.25678551
v -0.06137550 -0.42780301 -0.25077200
v -0.28420356 0.44485188 -0.00208362
v 0.25874424 -0.09241518 0.11439219
v 0.28481376 -0.08783450 -0.04550600
v -0.00799978 -0.10052094 -0.14438157
v -0.11629650 -0.43398499 0.23296650
v -0.11466531 -0.44073141 0.25754145
v 0.11208265 -0.45333573 0.24768235
v 0.11459997 -0.44299838 0.24155168
v -0.08966025 -0.44568238 0.23345526
v -0.02339394 -0.42955780 -0.26584849
v -0.20431262 -0.23369175 0.22187950
v -0.15144962 0.05139331 0.22907506
v -0.16524525 -0.14235725 -0.25642401
v -0.27666482 0.45607659 0.01046194
v 0.16815013 0.04183675 0.23450375
v 0.12884966 -0.44095030 0.26677144
v 0.02260219 -0.44654343 -0.26632106
v -0.17017756 -0.10738213 -0.21126381
v -0.07908113 -0.03237600 0.06001662
v 0.01363269 -0.42621908 -0.25304949
v 0.01951094 -0.45217875 -0.26188356
v -0.17378300 -0.09363100 -0.17233950
v -0.16933222 -0.10653315 -0.17482129
v -0.17332950 -0.43969575 -0.26620725
v -0.16743851 -0.11196025 -0.22449100
v -0.16034825 -0.10898375 -0.21900113
v -0.17252851 -0.10118950 -0.22128651
v -0.15655163 -0.10922150 -0.20424549
v -0.17251141 -0.10086256 -0.13483481
v -0.13018243 0.04156056 0.22498913
v -0.16778000 -0.08332400 -0.23425201
v 0.11906675 -0.42928731 0.25614113
v -0.15044525 -0.10377412 -0.20351069
v -0.15852116 -0.07516166 -0.25410929
v -0.17624500 -0.09500950 -0.04143475
v -0.23734294 0.34354636 -0.21596853
v -0.15165600 -0.09845400 -0.14142901
v -0.17077430 0.14693232 0.00392531
v -0.16401026 -0.06387938 -0.23482919
v -0.15984654 -0.06657095 -0.23209417
v -0.15487963 -0.04507125 -0.22944188
v -0.14965993 -0.07904625 -0.23083794
v 0.20581600 -0.45217326 -0.24362850
v 0.18944675 -0.44226825 -0.24050675
v 0.20254622 -0.44412288 -0.26445180
v -0.17725812 -0.09697100 0.01170475
v -0.16192588 -0.10993662 -0.04899069
v -0.17496102 -0.10466603 0.03743678
v -0.14829737 -0.09501857 -0.19095001
v -0.15991625 -0.10849000 -0.01792925
v -0.14458619 -0.06928728 -0.23787315
v -0.14529163 0.03782975 -0.24025913
v -0.15894499 -0.03809300 -0.23337325
v -0.14773087 -0.09954619 -0.12003037
v -0.15257400 -0.09856603 -0.10601956
v -0.26987100 0.45546660 -0.10357215
v -0.14217000 -0.10119500 -0.09919250
v -0.27670813 0.45147088 -0.13604856
v -0.16611312 0.14860727 -0.06170648
v -0.15536200 -0.10030937 -0.02721581
v -0.26210535 0.45199776 -0.10625462
v 0.01444475 -0.43769801 0.23740712
v -0.15404537 -0.09871563 -0.06767700
v -0.15633588 -0.09954587 -0.00483181
v -0.09865850 0.07409650 -0.24079113
v -0.12017112 -0.09801888 -0.21605162
v -0.16660638 -0.06874525 -0.24922401
v -0.18318325 -0.10872800 0.20939074
v -0.18016274 -0.09793058 0.21978344
v -0.15434635 -0.01542128 -0.23448093
v -0.15023966 -0.01564244 -0.23430775
v 0.28121501 -0.07693250 0.13425601
v -0.07371025 -0.03175350 -0.05515350
v -0.15663978 -0.09969819 0.04362128
v -0.15928572 0.14682060 -0.11105330
v 0.08424337 -0.45544812 -0.25394762
v -0.15297119 -0.04422006 -0.13410744
v -0.14710385 -0.04356750 -0.17794782
v -0.14153856 -0.05409906 -0.19249712
v -0.14424238 -0.04871175 -0.17527200
v -0.12314994 -0.09745014 -0.14415386
v -0.12173200 -0.10183300 -0.12768450
v -0.17793563 -0.10989262 0.20159662
v -0.13561000 -0.02369300 -0.23133349
v -0.14228700 0.02027570 0.21499933
v -0.14775079 0.01930102 0.23564193
v -0.15040025 0.02249750 0.22911374
v -0.15694062 -0.09870013 0.06570838
v -0.15587838 0.03678306 0.21778567
v -0.15576400 -0.09886350 0.09390100
v -0.15816621 -0.04826575 -0.05409475
v -0.16047628 -0.04873994 -0.03898225
v -0.15772419 -0.05318256 -0.04665794
v -0.15869126 0.02918825 -0.22123575
v -0.14725894 -0.00249412 -0.22977594
v -0.12042803 -0.09875072 -0.14616385
v -0.26413938 0.45309138 -0.14652163
v -0.15950100 -0.05218950 -0.02248950
v -0.16254500 -0.04648269 -0.00631631
v 0.27544999 -0.09391375 -0.07717825
v -0.12320100 -0.06283500 -0.21894200
v -0.15783350 0.08102197 0.14139363
v 0.08302688 -0.43118930 -0.24651369
v -0.14556600 -0.10174000 0.06786800
v -0.07865044 -0.09127269 0.20398131
v -0.06956988 -0.09704888 0.19883700
v -0.15365632 -0.04375094 -0.04802813
v -0.02692550 -0.09676050 -0.22100849
v -0.16831675 -0.09821900 0.21797550
v -0.28065708 0.44271702 -0.10958447
v -0.09971431 -0.09696262 -0.12310831
v -0.13556750 -0.09678587 0.05907512
v 0.14712812 0.08009994 0.22238094
v -0.10839149 -0.09452551 -0.11452975
v -0.11413400 -0.09508150 -0.11062975
v -0.11129928 -0.09563281 -0.10025555
v -0.10308608 -0.09855877 -0.14300783
v -0.16204758 -0.04752686 0.02354419
v -0.13040386 -0.09887600 0.02233730
v -0.12653323 -0.09952290 0.01760722
v -0.15672556 -0.09729087 0.15402500
v 0.27381599 -0.08768488 -0.04276063
v -0.26049951 0.44843224 -0.17409275
v -0.15434782 -0.04206134 -0.01363570
v -0.12743112 -0.10142887 0.02513600
v -0.12771825 -0.10132656 0.02235306
v -0.12859000 -0.10018500 0.03045075
v -0.12825918 -0.10184931 0.02809575
v -0.12936500 -0.09936150 0.03216100
v -0.13016576 -0.09961050 0.03442238
v -0.12905297 -0.09993713 0.03699956
v -0.13208701 -0.10121625 0.04038575
v -0.13243675 -0.09911075 0.03675200
v -0.13855723 -0.09896422 0.04534687
v -0.27200356 0.45379025 -0.15042093
v -0.16289134 0.08004703 0.08720731
v -0.13024737 -0.09869812 0.03883313
v -0.13086650 -0.09954200 0.04250225
v -0.13015451 -0.09733425 0.04532925
v -0.13007075 -0.09905750 0.04663400
v 0.27425849 -0.06019550 -0.20842350
v -0.16093178 -0.04785244 0.07892659
v -0.16277450 -0.04890431 0.05512325
v -0.16105106 -0.04968712 0.06112928
v -0.15251175 -0.08009238 0.16644162
v -0.12531126 0.07546681 -0.23184462
v -0.10384188 -0.09537975 -0.09013712
v -0.16153274 -0.04477175 0.09145387
v -0.16907273 -0.04425845 0.21686894
v -0.17368156 -0.06870940 0.21697672
v -0.13702200 -0.09664325 0.11187550
v -0.09600700 -0.09789900 -0.14232349
v -0.09710750 -0.09701819 -0.13326512
v -0.09682600 -0.09662000 -0.13776200
v -0.09747800 -0.09778400 -0.13627800
v -0.09315075 -0.09894450 -0.13620062
v -0.28037697 0.44872057 -0.07855485
v -0.28094074 0.43783176 -0.06541587
v -0.15533543 -0.07461116 0.16494870
v -0.13575238 0.01855175 0.22586413
v -0.14413616 -0.01420537 0.22203359
v -0.09766606 -0.09400306 -0.12605487
v -0.09688600 -0.09495562 -0.11956237
v -0.10152456 -0.09321025 -0.11579553
v -0.10159312 -0.09422387 -0.11601194
v -0.10326000 -0.09662331 -0.10668959
v -0.15598425 -0.04165134 0.04224484
v -0.18429756 0.27011338 -0.22419776
v 0.11582750 -0.44503850 -0.26682150
v -0.13865881 -0.03818709 -0.09200275
v -0.09547100 -0.09557500 -0.12981300
v -0.11487150 0.05996625 -0.23436449
v -0.15852749 -0.05002850 0.11116750
v -0.17950425 0.26859424 -0.20806076
v -0.16990228 -0.06261975 0.23974714
v -0.11827825 0.06482238 0.22457938
v -0.11552531 0.07317472 0.23202634
v -0.16417550 -0.06580472 0.24127349
v -0.13194475 0.01713713 -0.25008187
v -0.13898517 0.02179330 -0.24707320
v -0.14289559 0.03753297 -0.24645685
v -0.08985825 -0.09861650 -0.14452726
v -0.09399075 -0.09538875 -0.12633212
v 0.28396076 -0.08318125 -0.18420576
v -0.15899301 -0.04451450 0.12726250
v -0.10056360 -0.09384263 -0.10660739
v -0.08350000 -0.03205400 0.09016100
v -0.16365175 -0.07157325 0.21608751
v -0.08446538 -0.09915375 -0.14577538
v -0.08878575 -0.09880850 -0.14306800
v -0.08402941 -0.10049328 -0.14158447
v -0.08946500 -0.10101400 -0.14586075
v -0.07870550 -0.10182350 -0.14696249
v -0.08473975 -0.10163425 0.12864324
v 0.20013900 -0.10192175 0.25138819
v -0.13030376 -0.09924675 0.14923100
v -0.13294500 -0.10110600 0.15010600
v -0.13494051 0.03453875 -0.25024650
v -0.09151550 -0.09513150 -0.12156500
v -0.08673500 -0.09618950 -0.11411100
v -0.09226350 -0.09607463 -0.11245200
v -0.08311081 -0.09472450 -0.11534225
v -0.09239325 -0.09392575 -0.11212250
v 0.08718131 -0.43987107 0.24101363
v -0.12481374 -0.09950875 0.14681837
v -0.15970716 0.00655172 -0.02424744
v -0.15561895 -0.04617567 0.12506276
v -0.15227109 -0.05700810 0.16090325
v -0.12662378 -0.09657622 0.11431222
v -0.13856350 0.05425850 -0.23367800
v -0.15139352 0.00977669 0.21330197
v -0.13993159 0.02856359 -0.23363049
v -0.08732075 -0.09459175 -0.10846600
v -0.08508662 -0.09538650 -0.11270275
v -0.08695850 -0.09664300 -0.10895250
v -0.08896200 -0.09619337 -0.10665575
v -0.08950150 -0.09451100 -0.09932200
v -0.08654300 -0.09633200 -0.10386000
v -0.12296850 -0.03373700 0.11555650
v -0.08658731 -0.09424794 -0.10248200
v -0.11113200 -0.09549100 0.09417850
v -0.14249307 0.08437846 -0.17029105
v 0.18665449 -0.03563000 0.23069200
v 0.21279484 -0.08818022 0.21407047
v -0.15713263 -0.07582950 0.22531669
v -0.07529037 -0.10031050 -0.14762349
v -0.07421131 -0.09993663 -0.14407578
v -0.07043750 -0.10330050 -0.14859350
v -0.07321475 -0.09979700 -0.14565074
v -0.08050384 -0.09917406 -0.14270863
v -0.07615600 -0.10059850 -0.14017650
v -0.07480138 -0.09973837 -0.13670713
v -0.07497875 -0.09867825 -0.13923563
v -0.07591400 -0.10013800 -0.13970500
v -0.07047481 -0.10071925 -0.13619731
v -0.17133944 -0.03318197 0.22312160
v -0.15799025 -0.03962031 0.21507500
v -0.13784251 -0.09615550 0.19345351
v -0.12634601 -0.09879687 0.19175126
v -0.09961607 -0.05216050 -0.21708626
v 0.07409767 -0.43092087 -0.26441997
v -0.12040618 -0.09909751 0.14008491
v -0.17104390 0.14082628 0.21577454
v -0.07858800 -0.09592737 -0.10860625
v -0.08078013 -0.09549294 -0.10715631
v -0.07770850 -0.09450750 -0.10101050
v -0.08133913 -0.09489188 -0.10127237
v -0.08147400 -0.09460513 -0.09845313
v -0.08012200 -0.09718250 -0.10510600
v -0.08369650 -0.09431175 -0.09810712
v -0.07836922 -0.09554497 -0.09294788
v -0.08194900 -0.09443700 -0.09560800
v -0.07885175 -0.09368575 -0.09277812
v -0.11957906 -0.09758506 0.18232407
v -0.12397225 0.03558600 -0.24605900
v 0.20505100 -0.06328400 0.22926500
v -0.10472275 -0.09530050 0.11028925
v -0.13144800 -0.06080900 0.19403300
v -0.05854800 -0.04016175 -0.19777726
v -0.15268900 -0.03748550 0.21763000
v -0.15400712 -0.01150542 0.21346428
v -0.26871300 0.42294851 -0.21087299
v -0.10305347 -0.09705431 0.04002034
v -0.11469200 -0.09794550 0.14417775
v -0.11287700 -0.09869800 0.14322300
v -0.11280150 -0.09926650 0.14660200
v -0.11200675 -0.09787325 0.14730024
v -0.11373100 -0.09824550 0.14805751
v -0.11324750 -0.09738425 0.15203625
v -0.11056850 -0.09904625 0.14794426
v -0.11181450 -0.10089200 0.14231350
v -0.11234200 -0.09931600 0.14812499
v -0.11179435 -0.10003166 0.14917894
v -0.11409450 -0.09811525 0.15091775
v -0.11501950 -0.09737850 0.15368401
v -0.11490100 -0.09737050 0.15414549
v -0.11524550 -0.09786750 0.15404625
v -0.14930475 -0.05851125 0.17304175
v -0.13346849 0.05194356 -0.22573818
v -0.13213937 0.05202700 -0.21986018
v -0.07712706 -0.09575606 -0.08348531
v -0.07807759 -0.09555769 -0.08223069
v -0.09798419 -0.10042272 0.14283103
v -0.09674803 -0.09919462 0.13850793
v -0.10090700 -0.09822450 0.14238600
v -0.09468600 -0.09852900 0.14353600
v -0.13589901 -0.05010606 0.18120688
v -0.25725299 0.43087801 -0.21161000
v -0.26471213 0.44579950 -0.19239688
v -0.06663188 -0.09542462 -0.10367900
v -0.07074100 -0.09653512 -0.10197838
v -0.07418463 -0.09649500 -0.10213125
v -0.07294825 -0.09526025 -0.09926550
v -0.07253700 -0.09484900 -0.09850900
v -0.07322434 -0.09561087 -0.09225991
v -0.09014700 -0.09547075 0.03698075
v 0.27548850 -0.09252700 -0.14092900
v -0.26470912 0.43001437 -0.21291763
v -0.17111425 0.00873800 0.21279387
v -0.16527534 -0.01712208 0.21782462
v -0.16417600 0.00684500 0.22227800
v -0.12031975 0.05474738 -0.23019919
v -0.13421412 0.04067662 -0.21381688
v 0.12728575 0.10357800 0.24969725
v -0.13738675 0.05821513 -0.24108237
v 0.27016976 -0.08773875 -0.19055650
v -0.06106325 -0.09906050 -0.12803088
v -0.06346950 -0.09720000 -0.11621725
v -0.06338406 -0.09674081 -0.11106744
v 0.27634612 -0.08287275 -0.20518850
v 0.14724794 -0.45017520 0.26517707
v -0.10975600 -0.10194100 0.13539900
v -0.10305510 -0.09899566 0.13809954
v -0.09908988 -0.09991556 0.13585749
v -0.09939200 -0.09881825 0.13859500
v -0.10183100 -0.09996088 0.13719532
v -0.10100000 -0.10080150 0.13983800
v 0.21927173 -0.09289308 0.24550867
v 0.01081775 -0.09881169 -0.21599512
v 0.22036526 -0.10300375 0.23701949
v 0.13661724 -0.45519611 0.25692812
v -0.10502817 -0.09800247 0.14612131
v -0.05975850 -0.09766528 -0.11083315
v -0.06515250 -0.09536900 -0.09272200
v -0.06603775 -0.09653400 -0.09401050
v -0.06435075 -0.09639963 -0.09174500
v -0.06414300 -0.09570800 -0.09088400
v -0.06566450 -0.09589037 -0.08953350
v -0.06421175 -0.09662825 -0.08874975
v -0.06364100 -0.09797700 -0.09096700
v -0.06305825 -0.09749275 -0.08786250
v -0.04078625 -0.10346625 -0.20111850
v 0.09380294 0.09620906 0.24380527
v -0.07157575 -0.09836050 -0.11196625
v -0.07070025 -0.09612913 -0.10747463
v -0.06778250 -0.09679950 -0.11311325
v -0.06796775 -0.09870950 -0.11395000
v -0.07029863 -0.09684113 -0.11503112
v -0.06733900 -0.09894650 -0.11597550
v -0.07043163 -0.09866275 -0.11660125
v -0.06771800 -0.09791300 -0.11676700
v 0.05743772 0.10825475 0.24686071
v -0.06671594 -0.09696631 -0.12038487
v -0.06816975 -0.09782050 -0.12204713
v 0.19583350 0.05846950 -0.21794400
v 0.14178428 -0.44760591 0.24366772
v -0.16053925 0.00716800 0.08277287
v -0.13444312 0.07669597 -0.21277368
v 0.27981326 -0.04485244 0.01978106
v 0.15138650 -0.43818444 0.24412028
v 0.11082986 0.08767111 0.23355529
v -0.11167149 0.07598253 -0.22754520
v -0.10142513 -0.09819900 0.17711225
v -0.05234119 -0.09817600 -0.09535538
v -0.05505000 -0.09713300 -0.09146200
v -0.05546688 -0.09630463 -0.09031112
v -0.05600987 -0.09641887 -0.09368450
v -0.05376750 -0.09716925 -0.09109025
v -0.05440000 -0.09773050 -0.09264550
v -0.05834625 -0.09525625 -0.06870450
v -0.16519177 0.03337198 0.21410744
v -0.07200994 -0.09737007 0.09262944
v -0.10990700 -0.09560500 0.12151600
v 0.22188056 -0.09222500 0.13633896
v 0.22159477 -0.09077086 0.11569677
v -0.07576681 0.08515281 -0.24167413
v 0.23585625 -0.09383025 0.10767613
v -0.09561625 -0.09637525 0.02519100
v -0.09756950 -0.09670250 0.00747100
v -0.10930700 0.08919612 -0.22887294
v 0.27028280 -0.03999375 0.08346687
v 0.21023019 -0.10641062 0.23277138
v -0.11624000 0.08667263 -0.24017900
v 0.21132287 -0.09495591 0.23168685
v -0.16241112 0.06810381 0.06334719
v -0.08847841 0.09267325 -0.25021529
v 0.28615925 -0.06101725 0.02174875
v -0.17677963 -0.05024831 0.21261388
v -0.13530527 0.09310900 -0.22142309
v -0.08432359 -0.09510107 -0.09946759
v -0.08484363 -0.09514650 -0.10642962
v -0.08362050 -0.09622450 -0.10808500
v -0.08113725 -0.09708875 -0.10842975
v -0.07875400 -0.09805675 -0.11226925
v 0.25143850 -0.09656125 -0.15376675
v 0.21673450 -0.11409350 0.23185150
v -0.08935612 -0.09357475 -0.09595063
v -0.08746538 -0.09564625 -0.09643100
v 0.20191363 -0.08865944 0.25252250
v -0.14097437 0.02140256 -0.22925541
v -0.08226100 -0.09968500 0.19157000
v -0.09655300 -0.09641400 -0.03632100
v 0.21977063 -0.10215087 0.15764412
v -0.13277601 -0.09839875 0.17738262
v -0.09042300 -0.09362300 -0.10361950
v 0.24099700 -0.09616200 0.03762650
v -0.12109288 0.03701256 -0.23179024
v -0.10418534 -0.09854553 -0.01752403
v -0.12042200 -0.10253200 -0.01257100
v -0.11509450 -0.10032250 0.04763550
v -0.11405425 -0.09784050 0.05168875
v -0.11624500 -0.10020600 0.04919400
v -0.11400762 -0.09806069 0.04714525
v -0.11502875 -0.09789425 0.15067250
v -0.09537237 -0.09531000 -0.10505813
v -0.09384850 -0.09457725 -0.09926388
v 0.12148550 0.09079307 -0.23899107
v -0.09378500 -0.09396500 -0.10692912
v -0.09447000 -0.09397825 -0.10825275
v -0.09508800 -0.09307000 -0.10869700
v -0.15362337 0.04276738 0.21509551
v -0.14186475 0.01532950 -0.18525225
v 0.12707125 0.08940125 -0.22962500
v -0.05207900 -0.09898725 0.09615500
v -0.15087110 0.15104492 -0.16603099
v -0.13688888 0.01196538 -0.21406899
v -0.14623238 0.02111269 -0.22692426
v -0.14602363 -0.09692125 0.17220438
v -0.15661375 -0.05354175 0.14950016
v -0.13692500 0.00124800 -0.21352200
v -0.15989113 -0.08652756 0.21104838
v 0.26179263 -0.27883062 -0.25750905
v -0.14993279 -0.03881959 0.03922516
v 0.25949499 -0.05772825 -0.21431337
v 0.21652412 -0.45300776 -0.24781688
v 0.25563264 -0.29346326 -0.26018950
v -0.11289275 -0.10233825 0.00536025
v -0.11287275 -0.10170900 -0.00632712
v 0.20305587 -0.08914007 0.21237357
v -0.18491757 0.27940324 -0.21902300
v -0.09520350 -0.09297800 -0.12567250
v 0.18564275 0.05594250 -0.24722876
v -0.12343913 -0.10034506 0.03483822
v -0.12125800 -0.10123388 0.02004100
v 0.22190054 -0.09010731 0.06440482
v 0.22927691 -0.09378831 -0.11262875
v -0.12179972 -0.09837610 0.04839947
v -0.12600584 -0.09751485 0.04811475
v -0.12321950 -0.10050400 0.04506550
v -0.12648812 -0.09969912 0.04479337
v -0.12699331 -0.09939944 0.04112519
v -0.12358025 -0.09969012 0.03884187
v -0.12135912 -0.10181097 0.03622366
v -0.11422025 -0.10077800 -0.05443900
v -0.16758575 -0.10987650 -0.23172525
v -0.14786375 -0.09152300 0.18042549
v 0.21643463 -0.44508108 -0.26020622
v -0.15077524 -0.09693031 -0.16746333
v -0.16765411 0.10069797 0.21351960
v -0.16160725 0.07219803 0.21693604
v -0.16086288 0.00320687 0.21608619
v -0.15731134 0.02751927 0.21751487
v -0.18191062 -0.42561176 -0.24825375
v -0.03715831 -0.09454115 0.20466569
v -0.18498409 0.21696182 0.04202702
v -0.16210650 -0.06086600 0.22128600
v -0.17138885 0.21689211 -0.14442031
v -0.16812424 -0.43282801 -0.24605624
v 0.20175569 -0.10075872 0.20578410
v -0.15006575 -0.09802025 0.10727063
v -0.04347450 -0.09720950 0.19664700
v -0.08476204 0.08490194 -0.22799873
v -0.19491750 -0.42736712 0.23875119
v 0.20400451 -0.10275264 0.15791363
v -0.12649675 -0.09807488 -0.05924350
v -0.12025471 -0.09672444 -0.06220833
v 0.23712835 -0.43232682 0.26581106
v -0.12338272 -0.09754991 -0.08866382
v -0.17688441 0.20994750 -0.07382244
v 0.24756625 -0.39913100 0.24893625
v 0.08453525 0.08745638 -0.23491168
v -0.15617891 -0.09299409 0.14829260
v 0.04993725 0.08708438 -0.23070800
v -0.08091900 -0.09724750 -0.09396225
v -0.12545718 -0.09662063 -0.04726577
v -0.00017600 0.09120000 0.23724800
v -0.18296964 0.21522933 -0.02260994
v -0.01125969 0.08665475 0.23027769
v -0.15396437 -0.09733669 0.12274775
v 0.26514900 -0.39044350 0.26248300
v 0.26506999 -0.37342855 0.26672569
v -0.11234052 -0.09879542 -0.14738233
v 0.22658876 -0.08950362 -0.06164525
v 0.22771981 -0.09120794 -0.01772081
v 0.22426516 -0.08991937 -0.02024797
v 0.26124749 -0.03679900 0.08239200
v -0.17644675 -0.21553124 -0.24403125
v -0.16065364 -0.04938602 -0.01007631
v 0.22895190 -0.05893891 -0.21870454
v 0.22376211 -0.43758026 -0.26620516
v 0.20527434 -0.09121165 0.13737784
v 0.21017963 -0.10541712 0.16178000
v 0.20083950 -0.09490175 0.17243950
v -0.21106012 -0.32675326 -0.25428975
v -0.21364312 -0.39085269 0.22905642
v -0.11860788 -0.09892993 -0.14542650
v -0.15584169 -0.04557301 -0.08328045
v -0.18673350 0.28467613 -0.21104163
v -0.13823900 -0.09661900 -0.02420100
v -0.11091025 -0.10283250 -0.18040100
v -0.12114750 -0.09819650 -0.15212700
v -0.15542056 -0.04543625 -0.10830050
v -0.21453132 -0.34650725 -0.24978794
v -0.17372100 -0.10817409 0.21727981
v 0.20875525 -0.14818689 0.23610045
v 0.20717837 -0.08839775 0.10919163
v -0.19765978 0.28097349 -0.07741830
v -0.18790177 0.19041647 0.21164973
v -0.16279288 -0.02138134 -0.22113609
v -0.18640088 -0.40646049 -0.25082064
v -0.16822100 -0.10931050 0.16343901
v -0.27112082 0.44953811 -0.18262056
v 0.10440262 0.11103669 0.21820094
v 0.20968778 -0.09295284 0.25491118
v 0.19054376 0.05298656 -0.22358482
v 0.08450563 -0.43803507 -0.26769492
v 0.21247250 -0.13223299 0.23147000
v -0.15333050 0.12430450 0.21177837
v -0.02912875 -0.09731000 0.17124337
v -0.14378101 -0.10339000 0.00357600
v -0.13809800 -0.06327650 -0.20601900
v 0.18232700 -0.03062600 0.11641700
v 0.20340137 -0.08949225 0.13986906
v 0.19534172 -0.03198434 0.01652319
v -0.15022700 -0.05015088 -0.15912232
v -0.16522425 -0.10741975 0.09634275
v 0.24334188 -0.42158464 -0.26510224
v -0.17801544 -0.10202412 0.12430469
v -0.00236525 -0.03605375 -0.16126426
v -0.17628884 0.14833026 0.20915271
v 0.22463948 -0.08944350 -0.04220787
v 0.22579500 -0.04577500 -0.21355601
v -0.00762981 -0.09556863 0.03077256
v -0.14394049 -0.09868900 -0.13040800
v -0.14926179 -0.04798150 -0.15207650
v 0.02084256 -0.09639000 -0.00439000
v 0.20693250 -0.09139400 0.05965150
v 0.06269481 0.09184925 0.21822006
v 0.18845512 0.02543419 -0.23127975
v 0.20222750 -0.04192787 -0.20951387
v -0.16763251 -0.10902175 0.02195287
v -0.08890650 0.10724900 -0.21937150
v -0.25256330 0.35163912 0.20305006
v -0.23843466 0.31278127 0.19988498
v -0.16192263 -0.04757178 0.03718478
v -0.16579711 -0.06549275 -0.22598572
v 0.21136619 -0.09014850 -0.04865931
v 0.23007302 -0.09057757 -0.20971057
v 0.21197732 -0.08909831 -0.10921884
v -0.15182824 -0.10762050 -0.22815076
v -0.05051175 -0.09836150 0.04329700
v -0.12553900 -0.09952950 0.08078900
v 0.24845649 -0.42389649 -0.25421149
v -0.22431648 0.34818631 0.02719633
v -0.20052849 0.27411485 0.07966468
v 0.22035475 -0.08454544 -0.22989357
v 0.22021538 -0.08500900 -0.21794719
v 0.20363025 -0.09591457 0.12553257
v 0.20955136 -0.09461319 -0.16900393
v 0.21676400 -0.10644444 -0.17228507
v 0.21534847 -0.09301800 -0.23282900
v -0.09317400 -0.09723800 -0.12677100
v -0.17148037 -0.10305382 -0.15961818
v -0.20115271 0.27722809 0.15761316
v 0.19918275 -0.09559650 -0.18740675
v -0.17012706 -0.10266669 -0.19693412
v -0.16865075 -0.11743157 -0.25618088
v -0.09080350 -0.09567225 -0.09882700
v 0.14958268 0.08217537 -0.23556119
v -0.00757150 -0.03349150 0.04695450
v -0.18079987 -0.13581625 -0.24040243
v 0.20585243 -0.09319738 0.08909075
v 0.03536900 0.08730838 -0.24204062
v -0.22581865 0.34676149 0.11275388
v -0.19672500 0.26558939 0.20433712
v 0.25663155 -0.39587563 0.26943311
v 0.24966399 -0.41583800 0.26493901
v 0.04585697 -0.04427256 0.20350829
v 0.15700319 -0.09491197 -0.14598051
v 0.13309263 -0.03632400 -0.19338575
v -0.21090296 0.29229110 0.21051177
v 0.00897506 -0.09269844 0.18927382
v 0.01447438 -0.09493950 0.19821775
v 0.20786072 -0.09397472 0.02134419
v 0.24813025 -0.38820076 0.26155525
v -0.24946797 0.37822643 0.20915778
v -0.24913675 0.35761949 0.20807660
v -0.20511165 -0.29891583 0.23096725
v -0.27612174 0.41185525 0.19750550
v -0.06552272 -0.09941259 -0.13565509
v -0.27680826 0.42450812 0.19600913
v -0.06649663 -0.09763500 -0.12520525
v 0.25901487 -0.39632988 0.25518426
v -0.19108100 -0.21666375 -0.25948685
v -0.06478650 -0.09910275 -0.13012324
v -0.13578901 -0.44680989 0.23286074
v -0.02040700 -0.05290975 0.20780125
v -0.11851913 -0.44559580 -0.24442650
v 0.24150206 -0.42659608 0.25827006
v 0.14065249 0.09418900 -0.24683274
v 0.24394076 -0.41883299 0.26939100
v -0.06623575 -0.43590480 -0.24424638
v -0.16427563 -0.44828051 0.25116575
v 0.00362061 -0.09168074 0.20725289
v 0.12868769 -0.09939806 -0.17266913
v -0.22589536 0.34229785 0.20259687
v 0.20332238 -0.44622913 0.24611762
v -0.15261149 -0.45453650 0.24296150
v 0.04966714 -0.09480168 -0.00200866
v -0.10366388 0.10086437 0.23168087
v -0.10058775 0.10781675 0.24086775
v -0.24637771 0.38466904 0.20559832
v -0.09758950 -0.10063475 0.14022438
v -0.09898275 -0.09936938 0.14057513
v 0.26819900 -0.40454161 -0.25848436
v 0.10246287 -0.04375181 -0.21286125
v 0.19220600 0.05487000 -0.24898900
v -0.06037275 -0.09634500 -0.09302225
v 0.11099730 -0.09676186 -0.13796647
v 0.12890042 -0.06189770 -0.22235245
v -0.21411628 -0.37237400 0.23792966
v 0.05958700 -0.05456225 -0.22116899
v -0.14937866 0.00999928 0.20554261
v -0.15760936 0.07461337 -0.06339942
v -0.05576919 -0.09664095 -0.09749097
v 0.20583875 -0.09792278 0.02734541
v -0.26002145 0.42664677 0.19145624
v 0.18145779 -0.44809246 -0.26338327
v 0.08301762 -0.09861500 -0.21191888
v -0.20859931 -0.43422496 0.23374122
v 0.05620526 -0.09341120 0.07223357
v -0.20333201 -0.32262900 -0.26372400
v 0.26501340 -0.38803440 -0.26212925
v 0.24888600 -0.09218494 0.18422794
v 0.03124825 -0.09611775 0.16813876
v 0.26050112 -0.08689850 0.20695113
v 0.03909506 -0.09423794 0.04773684
v 0.03853600 -0.09410800 0.20539300
v 0.22061600 -0.43970200 0.24617501
v -0.02798156 0.11090075 -0.25129882
v 0.22414537 -0.06339087 -0.23117931
v 0.27574396 -0.36880571 -0.26321909
v 0.06226826 -0.08830664 0.21145214
v 0.26431757 -0.35427734 -0.25811189
v 0.27269799 -0.08758800 0.03522700
v 0.26109853 -0.34967893 -0.25072911
v 0.23998100 -0.43207976 -0.26361451
v 0.17023912 0.08136250 0.25005275
v 0.03285697 0.09483003 -0.24826698
v -0.07368506 0.10147163 0.20638131
v -0.01826228 0.10164613 0.20847662
v -0.22277294 0.35009372 -0.03643119
v 0.17947650 0.07568550 0.24186151
v 0.27211037 -0.08905037 0.19031450
v 0.20847642 -0.08822133 -0.06602649
v 0.21292751 -0.09115338 -0.07291450
v 0.01115500 -0.03779350 -0.18249325
v 0.18773501 -0.45440000 0.25113600
v 0.21874818 -0.18001132 0.25748748
v -0.17013903 0.15352291 -0.00779541
v -0.21493846 0.34634870 -0.16641693
v 0.22427687 -0.43976530 -0.24951525
v 0.05995975 -0.03405025 0.02493075
v 0.25137812 -0.28358799 -0.24796587
v 0.27685800 -0.04037700 -0.04626800
v 0.28183499 -0.34156850 -0.24517700
v 0.04954706 -0.03893013 0.19066113
v 0.16686371 -0.09261764 0.19963324
v -0.01040255 0.10682248 -0.21727556
v 0.00243928 0.10402568 -0.21733432
v 0.09089827 -0.09524508 0.18631917
v 0.17151088 0.05098937 0.24537025
v 0.22176759 -0.09507225 0.18897413
v -0.01966366 -0.09576466 0.03389036
v 0.25739050 -0.08804950 0.19341925
v -0.16268857 0.21615268 -0.19427675
v -0.25581199 0.39232400 -0.22201350
v -0.02232450 -0.09580586 0.06584927
v -0.20816718 0.23543003 0.05888984
v -0.20565069 0.23283531 0.00120500
v -0.01980456 0.09214422 0.23822325
v 0.09008581 -0.09416300 0.20174649
v 0.16367178 0.06218541 0.22487406
v 0.13758527 -0.09332642 -0.21595457
v 0.22691450 -0.10199175 -0.14664625
v 0.22939789 -0.09333274 -0.15125227
v 0.22821963 -0.09625819 -0.16924119
v -0.06535750 -0.03056687 -0.01329388
v 0.26970300 -0.08538450 0.20006950
v 0.28371161 -0.05083006 -0.15005906
v 0.17530476 -0.09047975 0.21100563
v 0.14356935 -0.08577949 0.21469919
v 0.25853550 -0.09178525 0.04336581
v -0.21760400 0.35638499 -0.20787600
v 0.20443800 -0.03150650 0.22957100
v 0.13644950 0.09971075 0.21416301
v 0.13719276 0.10626769 0.22275038
v 0.00020806 0.08795887 0.22160506
v -0.16269299 -0.05106800 0.01284600
v -0.18800122 0.18507434 0.20154996
v 0.28760901 -0.08190600 -0.13439700
v 0.18324125 -0.09002084 -0.21487069
v 0.18219943 -0.09067119 -0.20309538
v -0.20221268 0.28195173 0.03406935
v -0.13506407 0.10251925 -0.20889775
v 0.26112157 -0.09063043 -0.18038274
v 0.21223301 -0.06219550 0.23455250
v -0.21957673 0.35060236 -0.12054729
v 0.18234999 0.07296750 0.23294900
v 0.12464856 -0.03212662 0.07132575
v 0.27151400 -0.35842463 0.26011276
v 0.21167934 -0.07678431 0.23696953
v -0.15628831 0.00641600 0.14226031
v 0.26998499 -0.08518750 -0.20900850
v -0.04857719 -0.09648637 -0.00193419
v -0.10823090 -0.09480419 -0.10631572
v -0.06912100 -0.09503000 -0.09399700
v 0.21989000 -0.09381000 0.20468700
v -0.07451800 -0.09511600 -0.08434600
v 0.21683456 -0.10099038 0.22897306
v 0.26899001 -0.08849925 -0.13204625
v -0.16042151 0.01327688 0.04277725
v -0.14330150 -0.10146550 0.13679950
v -0.06794428 -0.09961440 -0.13762556
v -0.07615300 -0.09622500 -0.09423200
v 0.06111444 0.08878694 0.23649944
v 0.02705244 0.09585578 0.24238007
v 0.26536044 -0.33167049 0.24863818
v -0.07643192 -0.09574778 -0.11373222
v -0.07274656 -0.09774456 -0.11865519
v 0.21809737 -0.10362762 0.17550713
v 0.20352265 -0.09065859 0.23252450
v -0.27129805 0.39507332 0.19568263
v 0.21853063 -0.10539162 -0.22753599
v 0.23312913 -0.25321487 0.23948462
v 0.21373776 -0.09033425 -0.22719425
v 0.23203801 -0.13932125 -0.23025262
v 0.12626262 0.10686125 -0.21652314
v 0.22112137 -0.09731378 -0.25418952
v 0.23702125 -0.09525125 0.05267250
v 0.17635900 -0.04698450 0.20926650
v 0.26464856 -0.31329575 0.25076836
v 0.25166276 -0.04984000 -0.21176501
v 0.21245088 -0.09222762 -0.15581650
v 0.10900874 0.09248092 -0.22454318
v 0.22604887 -0.10356238 -0.18066263
v 0.18462625 -0.03236875 0.14656350
v -0.11537325 -0.10003000 0.04551725
v -0.11547500 -0.09963200 0.03698700
v -0.27568799 0.43715876 0.18996525
v 0.23533244 -0.09454456 -0.01223013
v -0.09637650 -0.09631600 -0.13510275
v 0.21062607 -0.09331269 -0.09932106
v -0.26275453 0.43590242 0.17804612
v -0.12089584 -0.09956430 0.01783503
v 0.21703188 -0.10316044 0.16548806
v -0.26305100 0.43977299 0.15629549
v 0.21169662 -0.09304350 -0.12648687
v 0.03060100 -0.09709413 0.18446788
v -0.11610700 -0.08165400 0.20251399
v 0.18755338 -0.03123525 -0.03116113
v -0.11398900 -0.09577100 -0.11122500
v 0.07629150 -0.03690150 -0.18269099
v 0.14941917 -0.08633269 -0.21917224
v -0.12456875 -0.09881850 -0.05573050
v 0.20710932 -0.09773703 -0.02340362
v -0.14774029 0.01995739 -0.23559846
v 0.28253338 -0.35586849 -0.25531638
v 0.20789060 -0.09099219 0.09925912
v 0.05484800 -0.03583650 0.16708763
v 0.17702331 0.06224662 -0.22734869
v 0.22973543 -0.08980981 -0.23180249
v -0.01537738 -0.44362724 0.26119092
v 0.19207287 -0.09418950 0.19540988
v 0.25748363 -0.32880262 0.24445687
v 0.19779882 -0.03238247 -0.03531469
v 0.19920075 0.03485550 -0.24936950
v -0.16913851 -0.10767050 -0.15291300
v 0.11356013 -0.05152425 0.21187475
v 0.20695491 -0.08849325 0.05575572
v -0.08459563 -0.06486500 -0.22376825
v 0.20372406 -0.13859275 0.24126831
v 0.07924825 0.11129612 0.24353972
v 0.16250150 0.07591100 -0.22732399
v -0.08178475 -0.08746825 -0.22347374
v 0.28450066 -0.05096881 -0.00919106
v -0.14113475 -0.45301038 0.24797262
v -0.13892238 -0.45310396 0.24042159
v 0.20791969 -0.08805931 0.02108837
v -0.16158600 0.00755088 0.02697787
v -0.20065150 -0.43100426 0.24012625
v 0.07064078 0.08716353 0.22588982
v 0.20007759 -0.03231127 -0.11271592
v -0.20406200 -0.43467575 0.23979075
v 0.20105757 -0.03316034 -0.16504923
v 0.12060325 0.11351625 -0.24609224
v 0.12599050 0.10850088 -0.25206986
v 0.21019125 -0.08922167 -0.01321308
v 0.04608709 0.10325347 0.21050084
v 0.27061328 -0.08987869 -0.20368828
v 0.26293001 -0.09295800 -0.19758201
v 0.18112972 -0.04214516 0.20228510
v 0.19985253 -0.03524859 -0.18896769
v 0.20792387 -0.10233369 -0.01577000
v 0.22073163 -0.09382878 0.16082725
v 0.22062522 -0.09397040 0.17828891
v 0.19200057 -0.05819463 0.23113206
v 0.23188709 -0.05361781 0.20980550
v 0.22253400 -0.10897800 -0.17280200
v 0.12278462 0.08582287 0.22515613
v 0.26087990 -0.09378772 -0.01206162
v 0.21286900 -0.08751300 0.22723700
v 0.27483001 -0.04042000 -0.14000949
v 0.20325600 0.06115200 -0.22799100
v 0.20044769 0.05974750 -0.22015768
v 0.19832447 -0.08948877 -0.11162503
v 0.26921543 -0.03762244 -0.00654681
v 0.28371501 -0.07512200 -0.19199701
v 0.22433953 -0.04337956 0.20256372
v 0.21533200 -0.09254200 -0.25156301
v 0.11126275 -0.09284997 0.20902972
v 0.24369837 -0.08528206 0.21198894
v 0.17267676 0.02866275 0.24172463
v 0.21213457 -0.09182856 -0.19666900
v -0.11179738 -0.09903800 0.13917238
v 0.26936445 -0.33653450 0.25730956
v 0.11392169 -0.03835456 0.19139750
v 0.21184801 -0.08914175 -0.13759875
v 0.11553425 -0.04093663 0.20018300
v -0.07748000 -0.09476100 -0.09949100
v 0.27426794 -0.08820543 0.10867675
v 0.19315234 -0.07370172 -0.22087610
v 0.17856008 -0.05050003 -0.21714503
v 0.26267824 -0.09089150 0.19752163
v 0.11214437 -0.03394663 0.16090737
v -0.07027987 -0.09995725 0.13946187
v 0.02812438 0.08493137 0.22492263
v 0.11825450 -0.03150813 0.00480850
v 0.28207213 -0.08285013 0.10772137
v 0.17568350 -0.09540962 -0.19778538
v 0.18737900 0.05263100 0.24302600
v 0.09857775 -0.09116175 0.19480374
v 0.06096416 0.10575866 -0.21663563
v 0.24449712 -0.33187169 0.25222063
v -0.10689650 -0.09379975 -0.13895351
v 0.06077175 -0.03379800 -0.12157950
v -0.17632213 -0.44110787 -0.24978775
v 0.22780000 -0.10027950 -0.23022100
v -0.12962624 -0.09669231 0.10305525
v 0.25105375 -0.36191025 0.25573799
v 0.25418675 -0.36462212 0.24853550
v 0.21028398 -0.10031387 -0.15733232
v -0.07318150 -0.09604475 -0.07708600
v -0.07527441 0.08864415 0.21660593
v 0.21539044 -0.10466572 -0.20295137
v -0.10446131 -0.09748538 -0.04992700
v -0.00635506 0.11087112 0.24220601
v -0.11832587 -0.45442826 0.24532776
v -0.04307362 0.09367365 0.21182469
v -0.08233663 -0.09603400 -0.10352863
v -0.08318100 -0.09397200 -0.10198000
v 0.00325945 -0.09456296 0.17221729
v -0.07249200 -0.09942925 -0.12847312
v -0.10524975 -0.09937725 0.14176400
v -0.23347405 0.39097187 -0.21416262
v 0.02085231 -0.10108797 -0.14665407
v 0.06254657 -0.43276209 0.24188416
v -0.18096161 0.21203923 0.14943378
v -0.16912100 -0.12730375 -0.23291899
v -0.20726006 0.23319492 0.18187314
v -0.11082900 -0.04986500 0.19778749
v -0.17033456 0.18518700 -0.22009356
v 0.11051487 0.09600919 -0.24669838
v -0.15972155 0.08583973 -0.04549079
v 0.04226803 -0.43670458 -0.26773393
v -0.16111600 -0.11038600 -0.12666900
v -0.15794975 -0.10778325 -0.11360475
v -0.19607158 0.20395827 -0.01797937
v 0.00067562 -0.09167806 -0.22282997
v -0.16805838 0.05643794 0.20658681
v -0.05224075 -0.09630887 0.14427163
v 0.12302832 -0.03288675 0.12817912
v 0.15601662 -0.07997947 0.21590590
v -0.05804234 -0.09721428 -0.10456022
v -0.10732694 -0.09831806 0.14276125
v -0.10925700 -0.10012100 0.14845800
v -0.10979900 -0.09941294 0.14368118
v -0.11196725 -0.09940682 0.14119819
v -0.13102075 -0.10491000 -0.18104801
v -0.07587219 -0.09533800 -0.10398475
v -0.13946362 -0.05992275 -0.19649206
v 0.09847875 -0.09599406 -0.20984487
v 0.26470038 -0.37140638 -0.24688788
v 0.27176794 -0.39025047 -0.26414618
v -0.13279951 -0.06312600 -0.21296576
v -0.16114475 -0.10646562 0.12004550
v 0.01077862 -0.09562714 0.04304195
v 0.07116050 -0.04720469 -0.21530512
v -0.14593931 -0.10093369 -0.02252800
v -0.10605575 -0.10339700 -0.21315950
v -0.15782613 -0.04270538 -0.08519531
v -0.25044912 0.42740113 -0.20598650
v -0.25117186 0.40447935 0.19740833
v -0.12918749 -0.09613200 -0.05896725
v -0.09796325 -0.09787708 -0.21966895
v -0.16371100 -0.10642250 0.20947188
v -0.11158063 -0.09654562 -0.10969275
v -0.09276503 0.08155177 0.22542354
v -0.12878007 -0.09950531 0.04440831
v -0.12990850 -0.09783225 0.04251400
v -0.12706725 -0.09939150 0.03631525
v -0.10351924 -0.09471782 -0.12467722
v -0.09942559 -0.09850837 -0.14266172
v -0.01260725 -0.03400050 0.12543750
v -0.09975400 -0.09557600 -0.12237300
v -0.13000219 -0.10066294 0.10852688
v -0.09985512 0.08728012 0.21419144
v -0.10507956 0.09281831 0.21236287
v -0.10024916 0.10342278 0.20678394
v -0.26742074 0.39560974 0.20384850
v -0.14627574 -0.08159600 0.18317212
v -0.11635462 -0.10023050 0.04124125
v -0.11659850 -0.09962200 0.04294900
v -0.11780450 -0.10124525 0.04231150
v -0.11666400 -0.10069050 0.04457500
v -0.11923862 -0.09875131 0.04612156
v -0.11846275 -0.10002463 0.04506813
v -0.11764950 -0.10004800 0.04732800
v -0.09091100 -0.09672600 -0.11915375
v -0.09286600 -0.09685200 -0.12390100
v -0.09332850 -0.09605700 -0.11868225
v -0.01804525 -0.09615675 0.08752525
v -0.01092953 -0.09744441 0.19767816
v 0.18913400 0.05674900 0.22034700
v -0.18000509 0.22536941 0.19743034
v -0.18699530 0.22602463 -0.21860884
v -0.15409487 0.00853797 -0.09358869
v -0.15232269 0.02039931 -0.09756888
v -0.05569100 -0.09849200 -0.21899199
v -0.17891032 -0.08676669 0.04815144
v -0.09482325 -0.09661812 -0.01276206
v -0.01315275 -0.03176825 0.03317775
v -0.10792400 -0.09888850 0.06624200
v -0.07209000 -0.10093400 -0.13835301
v -0.07290550 -0.10003650 -0.13814150
v -0.06962675 -0.10046500 -0.13268812
v -0.11543925 -0.10010175 0.14022325
v -0.11286925 -0.09952775 0.13772200
v -0.11937950 -0.10040113 0.14171062
v -0.11480375 -0.09992425 0.14796425
v -0.17230301 -0.16019300 -0.23400000
v -0.16366437 -0.03387600 0.23829569
v 0.04672425 -0.06404575 -0.22420207
v -0.07070275 -0.09827000 -0.12022900
v -0.06886150 -0.09903850 -0.11990725
v -0.06964025 -0.09854425 -0.11940500
v -0.06980850 -0.09735750 -0.11801750
v -0.06988937 -0.09731150 -0.11177025
v -0.22685175 0.35139376 0.18899475
v -0.00148500 -0.03407662 -0.10332150
v -0.07118500 -0.09799150 -0.10296300
v -0.06406000 -0.09868900 -0.09869500
v -0.07317900 -0.09499600 -0.09448700
v -0.07319700 -0.09497400 -0.08936075
v -0.07297550 -0.09539350 -0.08875400
v -0.07074100 -0.09526600 -0.09177100
v 0.24747987 -0.03685863 0.16598588
v -0.06524406 -0.09691312 -0.08357462
v -0.07411625 -0.09507825 -0.08125300
v 0.05833280 -0.09123014 -0.22086374
v 0.13127874 -0.03371075 -0.10278088
v -0.20279731 -0.44304025 0.22956850
v -0.21624482 -0.42673138 0.22733362
v 0.15247250 0.09185225 0.25090688
v 0.04937328 -0.09414472 0.13602029
v 0.00511309 0.08724275 -0.23864447
v 0.17050025 -0.43179351 -0.26200601
v 0.27122501 -0.09310200 0.08815200
v -0.18341236 0.21321623 0.11273208
v -0.16376838 0.07918416 0.02048684
v 0.06286484 -0.05169113 0.21065857
v 0.28183100 -0.05815100 -0.18993001
v 0.20727301 -0.07886500 0.21639350
v -0.11321825 -0.05874925 0.20249350
v -0.07519281 -0.09995387 0.16000031
v 0.19878399 -0.09623800 0.23450901
v 0.13957450 -0.03343300 -0.15489601
v -0.13369550 0.04943838 0.21526837
v 0.21205032 -0.09751394 -0.22715643
v 0.01644875 -0.09917343 -0.20812444
v 0.16999350 -0.09383525 0.18002875
v 0.00064900 -0.09715900 -0.05647800
v 0.21681353 -0.44551864 -0.24118884
v 0.13147031 -0.04387306 -0.21162894
v 0.16614762 -0.09256044 0.15384756
v -0.03884112 -0.09599081 0.14413300
v -0.03574713 -0.09497687 0.16104187
v -0.08965700 0.10215725 -0.21814050
v 0.18809538 -0.09557950 0.16622625
v 0.00945412 -0.05731013 -0.22167288
v 0.12399769 -0.03309444 -0.14872763
v -0.02615894 -0.09885081 0.18516019
v -0.18303612 0.19241843 -0.14628355
v -0.03676358 0.09091540 -0.22566719
v 0.17848288 -0.03638862 0.18585525
v -0.00812475 -0.03281825 -0.11239700
v -0.16943631 0.14919034 0.11855156
v 0.05357987 -0.09718113 0.19695500
v 0.27159801 -0.09381400 0.01151500
v -0.16012000 0.16542800 0.20628700
v -0.23915966 0.38012883 0.19337207
v -0.00648319 -0.09655415 0.18342575
v -0.02941328 -0.09661338 -0.00081672
v 0.23964028 -0.43550181 0.25539994
v -0.03594669 0.08724456 0.21849087
v -0.28515401 0.43052101 0.17355900
v -0.05131688 -0.44065920 0.26112849
v -0.03384385 -0.09651447 -0.02879275
v 0.05609012 -0.03372012 0.11165250
v -0.09634168 0.08471613 0.23324494
v -0.26735249 0.40967000 0.20475049
v -0.26496643 0.42501068 0.19906907
v -0.10247000 0.09232100 0.23708600
v -0.05360550 -0.05477975 0.20771575
v 0.06422912 -0.09880906 -0.14358243
v -0.01975550 -0.05067037 -0.21729062
v 0.09534127 -0.09421320 -0.21729921
v -0.07217250 -0.03328050 0.14151099
v -0.14466950 -0.05055950 -0.19569375
v -0.09838662 -0.04389837 0.19317850
v -0.16320401 0.15599217 -0.08654300
v -0.13893700 0.14196225 -0.21754763
v 0.05930700 -0.03304400 0.14175850
v 0.07771747 0.09865668 -0.24940600
v 0.25790325 -0.32779676 -0.25718826
v -0.06998700 -0.10351650 -0.20797700
v 0.19369499 -0.09277881 -0.20535381
v -0.07407000 -0.09912400 -0.14352550
v 0.11366447 -0.03142590 0.09845650
v -0.07131250 -0.09865350 -0.13808750
v -0.07145687 -0.09840363 -0.13147363
v -0.06550200 -0.09850700 -0.12889650
v -0.06440000 -0.09903475 -0.12971000
v -0.15032454 0.08537964 -0.12315474
v 0.21031031 -0.09792200 -0.18675125
v -0.07000615 -0.09543315 -0.08783200
v -0.06102225 -0.09545238 -0.09179375
v -0.06032150 -0.09709700 -0.09436675
v 0.20941126 -0.10070708 -0.10824925
v -0.06831094 -0.09855594 -0.12976937
v -0.11241650 -0.10088950 0.14198275
v -0.14593451 -0.03751331 0.09970637
v -0.05812350 -0.09625100 -0.09245050
v -0.05912425 -0.09689150 -0.09213325
v -0.05735150 -0.09753250 -0.09584150
v -0.11802413 -0.09766850 0.15151663
v -0.05857150 -0.09878700 -0.09720300
v -0.05828475 -0.09729225 -0.09792375
v -0.05731300 -0.09877900 -0.09929200
v -0.05331085 -0.09970941 -0.10735044
v -0.06151200 -0.09607600 -0.10481700
v -0.08750850 -0.09617400 -0.10321050
v -0.08577800 -0.09396200 -0.09600200
v -0.07682450 -0.10032700 -0.14649899
v -0.07822600 -0.09988200 -0.14579225
v -0.08521634 -0.09937831 -0.14805077
v -0.17147250 0.03332050 0.20700800
v -0.09128790 -0.09520075 0.09030125
v -0.05597845 -0.10145269 -0.14343049
v -0.04849825 -0.10296675 -0.15003575
v -0.09722600 -0.09883700 -0.14039850
v 0.17997526 -0.09127800 0.19288325
v 0.22419313 -0.09837884 0.02591056
v -0.09276775 -0.09498050 0.06692375
v -0.06943175 -0.09505450 -0.09195300
v -0.06660637 -0.09673506 -0.10389150
v 0.14547582 0.10644400 -0.21862413
v 0.17369363 -0.05292606 0.21308194
v 0.19251882 -0.03191188 0.10732506
v -0.07285525 -0.09830975 -0.12129225
v -0.07141800 -0.09607300 -0.12095200
v -0.07204769 -0.09767700 -0.12639369
v -0.06639225 -0.10032275 -0.13025776
v -0.06923900 -0.10023500 -0.13128901
v -0.06930028 -0.09885147 -0.13308059
v -0.07192588 -0.09874213 -0.13571925
v -0.06938481 -0.10046800 -0.13769987
v -0.06967350 -0.09947000 -0.14026950
v -0.06989200 -0.09951600 -0.14346901
v -0.14101624 -0.04512975 0.16527300
v -0.14141475 0.14870350 -0.20648450
v 0.21849200 -0.09278625 0.22771899
v -0.12168700 -0.09727650 0.15215500
v -0.21261574 0.24664944 0.10110822
v -0.12328100 -0.09898100 0.15059000
v -0.12273600 -0.09930450 0.15037650
v -0.12623541 -0.10130097 0.14125416
v -0.01315175 -0.04191563 0.19591337
v -0.12485800 -0.10081700 0.14593500
v -0.12378050 -0.09912700 0.14753650
v 0.27930599 -0.09095962 0.00727750
v 0.06324600 -0.04292900 -0.20853400
v 0.27918372 -0.08842972 0.03954184
v -0.09229750 -0.09489600 -0.10390600
v -0.09162525 -0.09465750 -0.10684600
v 0.28879651 -0.07700300 -0.04580550
v -0.09521150 -0.09347075 -0.11049850
v -0.09340163 -0.09475425 -0.11674500
v -0.09430700 -0.09581500 -0.11302400
v -0.09148100 -0.09449500 -0.11549700
v -0.09522300 -0.09680250 -0.12907276
v 0.16134450 -0.09737900 -0.16911250
v 0.10182044 -0.45270863 -0.26181182
v -0.17826401 -0.44711900 0.23597451
v 0.12317575 -0.09927500 -0.19658925
v -0.12618300 -0.10112200 0.01854900
v -0.12520300 -0.10044300 0.01894750
v -0.18013775 -0.16030425 -0.25710824
v -0.23025392 0.34313002 0.20789844
v -0.26881525 0.45009500 0.13666862
v -0.15849137 -0.09403300 0.19190325
v -0.16315475 -0.04407987 0.03000950
v -0.15831526 -0.13769750 -0.24098775
v 0.00383400 -0.03258650 -0.09839100
v -0.13973838 -0.10097950 0.08782725
v 0.00205950 -0.04179925 -0.19397350
v -0.12598744 -0.05475862 -0.21201432
v -0.19204924 0.20638442 -0.09534100
v -0.18309850 -0.09324212 0.20980750
v -0.15649199 -0.10486050 -0.06159275
v 0.20877787 -0.10468812 0.17769131
v -0.17499231 -0.10579357 0.07221913
v 0.20042381 -0.09715682 0.22731750
v -0.13893788 -0.08231538 -0.20284438
v 0.19807932 0.06087419 -0.25307044
v -0.17955838 -0.09236200 0.12892587
v -0.16094862 -0.10500019 0.14919075
v -0.06214062 -0.09928450 -0.12956643
v -0.06169150 -0.09943500 -0.13163050
v -0.06932975 -0.09919725 -0.12231650
v 0.16531500 0.09136100 0.23827600
v -0.13099906 -0.09872212 0.14612044
v -0.09434000 -0.09578650 -0.10998550
v -0.12110335 -0.09944194 0.04019803
v -0.09642400 -0.10010950 -0.14535150
v -0.13216124 -0.09965800 0.03654600
v 0.28655270 -0.07797088 0.02473719
v -0.12428975 -0.10100713 0.01985700
v -0.12712000 -0.09970700 0.03241100
v -0.09859500 -0.09753900 -0.14161199
v -0.10366475 -0.09587000 -0.11385050
v -0.10325600 -0.09629000 -0.11369500
v -0.10366100 -0.09617900 -0.11366100
v -0.09371038 -0.09972812 -0.14693438
v -0.17931800 -0.08825275 0.18909501
v -0.12297825 -0.09837863 0.04482763
v -0.12407250 -0.10141800 0.04074050
v -0.12368297 -0.09739488 0.04521038
v -0.09227100 -0.09929400 -0.14663200
v -0.11861338 -0.10023575 0.04009013
v -0.11977600 -0.10028050 0.04070112
v -0.23325725 -0.35245150 0.22854400
v -0.00752100 -0.03353100 0.13500050
v -0.20818675 -0.40044612 0.24902087
v -0.09473000 -0.09490250 -0.10922050
v 0.28731558 -0.05909162 -0.05087094
v -0.11311600 -0.10115550 0.13929050
v -0.11366750 -0.10045950 0.14064600
v -0.14065900 -0.06202600 0.18608750
v -0.07134200 -0.09871100 -0.12473500
v -0.07170450 -0.09901750 -0.12173200
v -0.07338000 -0.09850300 -0.11581900
v 0.18664025 0.04820625 0.22599275
v -0.07399250 -0.09730875 -0.08621000
v -0.06168100 -0.09909175 -0.13083024
v -0.06288025 -0.09853650 -0.12895174
v -0.06353800 -0.09829300 -0.12839150
v 0.28012437 -0.08900825 -0.03786025
v -0.12594797 0.06432119 -0.22807041
v -0.06398175 -0.09731175 -0.10739963
v -0.06153300 -0.09685138 -0.10029288
v -0.07027150 -0.09896550 -0.13591699
v -0.13534698 -0.03529556 0.08300150
v 0.06023175 -0.09422050 0.03144423
v 0.20322250 0.05980650 -0.23809525
v -0.05600300 -0.09711975 -0.09459425
v -0.05557550 -0.09729838 -0.09195950
v -0.05866387 -0.09726975 -0.08825812
v -0.06167087 -0.04942131 -0.21397932
v 0.16855781 0.09899306 -0.22536112
v -0.07016725 -0.03632100 -0.16377850
v 0.20949601 -0.10900800 0.17050651
v 0.16669451 0.07042150 -0.23850362
v 0.23652799 -0.07868700 -0.21787199
v 0.13883112 -0.09666450 -0.21023825
v -0.02577878 0.08653881 -0.23374122
v -0.22187500 0.27132699 0.14916000
v 0.00678000 -0.03405650 -0.13952400
v 0.20950849 -0.09041475 -0.21138707
v -0.15179138 0.01385956 0.17367400
v -0.07059000 -0.09997300 -0.14154425
v -0.15029401 -0.04055900 0.12496800
v 0.02406912 -0.09285954 0.15443368
v -0.04794900 -0.08474950 0.20929176
v 0.01506378 0.09176731 0.21553531
v 0.03529700 -0.09906062 -0.21427557
v -0.17197007 -0.08668850 -0.19488551
v 0.07227457 -0.04152256 -0.20432700
v 0.06683663 -0.03696213 -0.17161325
v -0.27886000 0.43740389 -0.14055000
v 0.18652913 -0.09170475 -0.13966262
v 0.25056738 -0.29209575 -0.25132361
v 0.27393201 -0.09296200 -0.11026800
v 0.13871799 -0.09620925 0.19858851
v -0.01189663 -0.03755962 0.17765938
v -0.01984125 -0.03394300 0.14963187
v 0.25679499 -0.31670901 0.24068800
v -0.20009451 0.27797812 0.19271874
v 0.01159037 -0.09497912 0.12693413
v 0.02847409 -0.08146419 -0.22452606
v -0.17142625 0.15470056 0.06319594
v -0.11505750 -0.09883075 0.04892550
v -0.08241500 -0.09727900 -0.11036100
v 0.24066301 -0.09288400 0.19533250
v -0.09044450 -0.09514900 -0.11846900
v -0.15096256 0.11114558 -0.13181789
v -0.15581176 -0.07383000 0.20144600
v -0.13051000 -0.10042200 0.03294250
v -0.14041513 -0.09521688 0.04890194
v -0.05963275 -0.03546825 -0.17163825
v -0.14972150 0.06966150 -0.12069150
v -0.22100677 0.33825105 0.06494075
v 0.24110974 -0.09515550 -0.09812375
v -0.12402038 -0.09900431 -0.06026025
v -0.12705800 -0.09872200 -0.05706000
v -0.11057813 -0.09544563 -0.11246963
v -0.10964600 -0.09641725 -0.11215150
v -0.12038331 -0.10073406 0.00108419
v -0.14127100 -0.03821325 -0.05905750
v -0.18589441 0.17630252 -0.06694245
v -0.09552050 -0.09743750 -0.14047199
v -0.09974000 -0.09872300 -0.14178900
v -0.09784400 -0.09847400 -0.13922501
v -0.11959612 -0.09949400 0.04314075
v -0.18243299 0.13533500 0.06800787
v 0.14860913 0.10266087 0.23541163
v -0.02260050 -0.10152950 -0.21500300
v -0.07970393 -0.09930038 -0.14794526
v -0.07901100 -0.10029650 -0.14689749
v -0.07752750 -0.10161700 -0.14554250
v -0.07439350 -0.10148000 -0.14279050
v -0.07690300 -0.10226900 -0.14791401
v -0.08533625 -0.09495025 -0.09698025
v -0.11720247 -0.09946743 0.15486147
v -0.05429150 -0.09869300 -0.21066000
v -0.06694225 -0.04472163 -0.20811662
v -0.11749750 -0.09833500 0.15128849
v -0.11182038 -0.09845006 0.14177975
v -0.06872625 -0.09852750 -0.13534600
v -0.06728100 -0.09985700 -0.13313700
v -0.06781200 -0.09819000 -0.13333200
v -0.06538000 -0.10115550 -0.13376975
v -0.06708450 -0.10066350 -0.13282549
v -0.06766637 -0.09822062 -0.12841837
v -0.06894350 -0.09741825 -0.12764950
v -0.06887900 -0.10000600 -0.12652799
v -0.10885850 -0.10049175 0.14366975
v -0.10734650 -0.09997050 0.14620650
v -0.11086200 -0.09776600 0.15211500
v -0.05781550 -0.09782025 -0.09102488
v -0.10107925 -0.10013887 0.14284000
v -0.10325450 -0.10049675 0.14513375
v -0.09749100 -0.10013350 0.13833401
v -0.06247719 -0.09647468 -0.09503956
v -0.05970900 -0.09852400 -0.09516600
v -0.06045450 -0.09646650 -0.09066600
v -0.15442787 0.09205188 -0.21589500
v -0.10501200 -0.09997350 0.14363275
v -0.10511813 -0.09926850 0.14354225
v -0.10417500 -0.09886500 0.14076400
v -0.10368100 -0.10111125 0.13620000
v -0.06262250 -0.10023500 -0.13120325
v -0.06547800 -0.09809100 -0.12443537
v -0.06479163 -0.09868550 -0.13157675
v -0.16545297 0.14183491 -0.04866702
v -0.09984800 -0.09705100 0.00804900
v -0.10008200 -0.09838200 0.00793100
v -0.09911975 -0.09663425 0.00749225
v -0.09871825 -0.09718400 0.00819575
v -0.12674700 -0.09032138 -0.21592462
v -0.13109800 -0.10055500 0.14863500
v 0.23016700 -0.03567150 0.17131825
v -0.18935838 0.17444751 0.00108542
v -0.08816700 0.10946850 -0.22469850
v -0.22255875 -0.40511161 0.24791950
v -0.14731225 0.04274925 0.19723600
v 0.15962300 -0.43388349 0.24619950
v 0.18915525 0.08082750 -0.22408175
v -0.15355757 0.07427106 0.16826232
v 0.21058249 -0.03919550 0.19571701
v -0.06680675 -0.09916575 -0.12991625
v -0.06895100 -0.10000400 -0.12624501
v -0.06664650 -0.09828150 -0.12526725
v -0.18697970 0.15899721 0.04871340
v -0.06507325 -0.09882975 -0.11813950
v -0.06567950 -0.09883450 -0.11788100
v -0.06755950 -0.09797100 -0.10759525
v 0.25214374 -0.03528675 -0.01971575
v 0.23053044 -0.09139825 -0.18436819
v -0.07443100 -0.09533500 -0.08479350
v -0.07435450 -0.09733900 -0.10486350
v -0.07492550 -0.09763750 -0.10610900
v -0.07710250 -0.09525300 -0.11541850
v -0.07514200 -0.09859400 -0.11753500
v -0.16958749 0.14009149 0.03808950
v -0.11467850 -0.09891000 0.04122300
v 0.23276800 -0.09532250 0.15673950
v 0.25789031 -0.04291781 -0.19862838
v -0.13046600 -0.09885600 -0.03753700
v -0.12964825 -0.09858625 0.14718024
v -0.16635437 0.12370175 -0.00800750
v -0.13747700 -0.10240950 -0.15223975
v -0.17800887 -0.09946050 0.07600538
v -0.10729500 -0.09623400 -0.11173700
v -0.10549650 -0.09703500 -0.11459150
v -0.07837600 -0.09541100 -0.11606500
v -0.12591450 -0.10024550 0.04454000
v -0.16865137 0.13973741 0.09473225
v -0.11711200 -0.03514550 -0.12620775
v -0.14498462 0.02127838 -0.15748282
v -0.08037900 -0.09684869 -0.12181562
v -0.08314650 -0.09542200 -0.10984775
v -0.08350269 -0.09668200 -0.10573681
v -0.17974432 0.12435469 0.11801272
v -0.07781600 -0.09619100 -0.10730950
v -0.15905781 0.01414100 0.08988781
v -0.11210100 -0.09887100 0.14307800
v -0.11201375 -0.09789275 0.15074325
v -0.11290000 -0.09772300 0.15237901
v -0.06616900 -0.09514600 0.18881750
v -0.09770000 -0.10101000 0.13809501
v -0.07998400 -0.09610000 -0.11224400
v -0.07383000 -0.09886800 -0.12674700
v -0.10615700 -0.10047600 0.14369650
v -0.06957350 -0.09607150 -0.09239500
v -0.15064250 -0.01084294 0.19813706
v -0.17321706 0.08550756 0.15376826
v -0.04068434 0.11264656 -0.24076930
v -0.07535800 -0.09816275 -0.11688475
v -0.07721750 -0.09654950 -0.11669025
v -0.07356500 -0.09895600 -0.12241500
v -0.07394500 -0.09926200 -0.12647100
v -0.09985600 -0.09820075 0.00232450
v -0.08021700 -0.09679400 -0.11204100
v -0.08048200 -0.09783700 -0.11206800
v -0.07981800 -0.09614900 -0.11308000
v -0.06523900 -0.09901400 -0.11184600
v -0.06588050 -0.09892300 -0.11023950
v -0.06688862 -0.09754031 -0.11078019
v 0.04565375 -0.03524700 0.16432300
v -0.11944700 -0.09910000 -0.14992601
v 0.26794788 -0.03754788 -0.14353450
v 0.24111100 -0.03486675 0.10667175
v 0.14076075 0.11106487 -0.24483076
v -0.07754400 -0.09618725 -0.11987575
v -0.06979550 -0.09843050 -0.11266950
v 0.13677526 0.08750131 0.24497069
v -0.12324500 -0.09948600 0.15089799
v -0.07673200 -0.10127300 -0.14320099
v -0.14445800 -0.07268550 -0.22438300
v 0.24999025 -0.03765519 -0.18655419
v -0.11468150 -0.09559200 -0.11065600
v -0.09307950 -0.10035350 -0.14582349
v -0.11838750 -0.10039100 0.04672400
v -0.05893900 -0.09737100 -0.09304600
v 0.19506413 -0.45439994 0.26065549
v 0.00829500 -0.04169200 -0.20173299
v 0.19897576 -0.44628036 0.26903024
v -0.06100200 -0.03201575 -0.13595825
v 0.20639132 -0.43187630 0.26628682
v -0.15418112 0.04224700 0.15405713
v 0.25071356 -0.03434456 -0.11511394
v 0.07521616 0.11409935 -0.24092743
v -0.06546100 -0.09949600 -0.11756800
v -0.06549100 -0.10059925 -0.12907125
v -0.06612500 -0.09869200 -0.13213199
v -0.07088300 -0.09982700 -0.13935700
v 0.28809100 -0.06306100 -0.13170800
v -0.09410200 -0.09617500 -0.12530801
v -0.09274450 -0.09555700 -0.12584449
v -0.09452000 -0.09594675 -0.12646075
v -0.10033600 -0.09848250 0.00754650
v -0.14374800 -0.10337650 0.02872000
v -0.08223500 -0.09442900 -0.10023200
v -0.17381676 0.13113816 -0.09972026
v -0.17349428 0.15827352 -0.14943302
v -0.16839781 0.16751140 -0.20136641
v -0.15971266 0.14508422 0.17910947
v -0.15038624 0.11824750 0.20161000
v -0.25337863 0.43736213 -0.17493913
v -0.24858153 0.40482369 0.16144249
v -0.24552937 0.40120706 0.08257324
v -0.16303775 0.12219175 -0.17924382
v -0.16492419 0.09456344 -0.14337344
v -0.08939000 0.11160500 0.22985300
v -0.07637700 0.10974700 0.21537299
v -0.17432781 0.04242625 0.07834919
v -0.17183393 0.06584538 -0.04916128
v -0.17443527 0.10325190 -0.05267195
v -0.04517712 -0.08043712 -0.22462074
v -0.16282219 0.05757494 -0.15251382
v 0.16210125 -0.03821363 -0.20254950
v 0.26335999 -0.09369900 0.05471600
v -0.16522250 -0.02387775 -0.18187401
v 0.25553086 -0.09460588 0.14702275
v 0.09943350 -0.09699713 0.16318101
v 0.06590263 -0.09249587 0.09744950
v 0.07875300 -0.09595000 0.13384099
v -0.02325067 -0.09727350 -0.07164436
v -0.07383450 -0.10576400 -0.17295951
v 0.11713823 -0.09481487 -0.11054869
v -0.00553850 -0.10305775 -0.19935638
v 0.08326051 -0.09337901 0.01296805
v 0.07543300 -0.10181100 -0.16927350
v -0.14048213 0.11474333 -0.19090512
v 0.10544600 -0.07747400 -0.22397400
v 0.12356807 -0.09264930 0.06092800
v 0.03024766 -0.09678694 -0.06201900
v 0.11701038 -0.09658900 0.18439913
v 0.00564397 -0.09447625 0.09285467
v 0.12187070 -0.09421153 0.10168812
v 0.11506130 -0.09267538 -0.02019715
v 0.07862967 -0.09497814 -0.05998028
v 0.14249356 -0.09438119 0.12542425
v 0.17483744 -0.09011122 0.04462806
v 0.06454125 -0.09617987 0.17044725
v -0.00840725 -0.08116037 0.21108563
v 0.07735250 -0.07881575 0.21451062
v -0.03818538 -0.04461950 0.20135900
v -0.17478256 -0.02734197 0.01497947
v -0.17082475 -0.00501388 -0.06981919
v -0.17351393 -0.08187187 -0.13633706
v -0.17103137 0.05825900 0.17568156
v -0.17462239 0.11639781 0.17385174
v -0.17551337 0.07845075 0.02282163
v -0.18010412 0.12688565 -0.00262087
v -0.17608242 0.08342030 0.08376177
v -0.25489566 0.37634444 -0.11260353
v -0.20433103 0.26149884 -0.19121248
v -0.20451437 0.24293928 -0.08891612
v -0.18851756 0.16771862 0.10923095
v 0.28692925 -0.06822050 -0.15941800
v -0.22222099 0.29234582 -0.09902246
v -0.19395269 0.22683950 -0.15148281
v -0.19792271 0.20315646 0.04175861
v -0.20325987 0.21966159 0.13854432
v -0.24229003 0.32687199 0.10148314
v -0.24126320 0.33398858 -0.02641147
v -0.22334990 0.28345114 0.00548231
v -0.27143264 0.40410349 0.06473430
v 0.12020500 0.11171744 0.22903401
v 0.09952700 0.11377900 0.23209400
v -0.22064801 0.33347201 0.19313900
v -0.21387525 0.31553257 0.11746741
v -0.25651300 0.44337600 -0.07906400
v -0.23932469 0.40302780 -0.15131164
v -0.21792918 0.34311906 -0.07413494
v -0.20258369 0.28774118 -0.00129744
v -0.19748087 0.28795326 -0.10044166
v -0.14934476 0.18350187 -0.20731668
v -0.01073750 0.11229012 -0.22783563
v 0.13511337 -0.03231638 -0.04803763
v 0.12744375 0.11448875 -0.23448326
v 0.19209850 -0.03158725 -0.12589775
v -0.15549688 -0.04347987 0.17011237
v -0.11899775 -0.04150225 -0.18020976
v -0.13016738 -0.04505413 -0.18559188
v -0.14063275 0.00764775 -0.18908088
v 0.12329450 -0.03453750 0.16690600
v 0.07212100 -0.03267213 -0.08465488
v 0.05651200 -0.03262500 -0.04894600
v 0.05283775 -0.03237450 0.00319150
v -0.17000100 0.19771275 0.19778125
v -0.02136500 -0.03801650 0.18595800
v -0.06607475 -0.03888113 0.18652162
v -0.11604125 -0.03754688 0.15852851
v -0.16411346 0.11755431 0.11919191
v -0.16075450 0.06868300 0.09818200
v -0.07242600 -0.03112800 0.10004150
v -0.17997034 0.20719539 -0.02445764
v -0.19213544 0.27228114 -0.10314859
v -0.00323400 -0.04029000 -0.19745500
v -0.18197978 0.14730904 0.15189438
v -0.19541095 0.19291219 0.09191196
v -0.14824638 0.08456700 0.19708638
v -0.00542438 -0.09906606 -0.10739694
v -0.16125685 0.18755206 -0.15364185
v -0.18188199 0.20625050 0.06039750
v -0.02041800 -0.04390225 -0.20854500
v -0.12721676 -0.04299963 0.17520462
v 0.04039353 -0.10233644 -0.16854712
v -0.07184975 -0.09637319 0.00560788
v -0.17519829 0.22316413 -0.12364194
v -0.02967375 -0.03661375 -0.16774988
v -0.18318516 0.22216615 -0.03327588
v -0.05304050 -0.06764950 0.20962749
v -0.18990570 0.18185030 0.16725230
v -0.01040350 -0.03184325 -0.03950700
v 0.03541825 -0.10201294 -0.19807225
v -0.17271732 0.17453028 0.13378850
v -0.13020951 -0.03665775 -0.04447200
v -0.05246425 -0.10266113 -0.18358549
v -0.19833812 0.27145576 0.01434753
v -0.20461893 0.32545012 -0.19964594
v -0.13675100 -0.09018100 0.19519401
v -0.08836100 -0.03728000 0.17221101
v -0.17379838 0.02277938 0.12300031
v 0.26588124 -0.03912837 -0.17013612
v -0.13633150 -0.03618275 0.12442487
v -0.09740963 -0.03981856 -0.18305206
v -0.16279151 0.17407387 0.19723125
v -0.19349788 0.25752836 0.17402281
v 0.04523750 -0.09766912 -0.11006588
v -0.17274444 0.03205331 -0.01784681
v -0.15932681 0.01558813 -0.01402669
v -0.08996050 -0.04494638 -0.20696175
v -0.15709706 0.06022425 -0.20510925
v 0.08541400 -0.10259350 -0.17300700
v -0.00386900 -0.03206850 0.07977450
v -0.07996000 -0.09611000 -0.11224400
v -0.10012600 -0.09846400 0.00791600
v 0.01600087 -0.06129744 0.21121074
v 0.24600600 -0.03447200 -0.16849799
v -0.16398200 0.02162050 -0.15357649
v -0.10356000 -0.10427150 -0.19805451
v -0.12947126 -0.03730775 -0.13409451
v -0.11332175 -0.04671025 -0.20551787
v -0.17711206 -0.05187694 0.10521600
v 0.10207485 -0.09220822 0.04577288
v 0.08941275 -0.03505300 -0.16140975
v 0.06502175 -0.03205250 0.05554375
v -0.09683700 -0.09656600 -0.13714001
v -0.09564200 -0.09762900 -0.14125399
v 0.16968188 -0.09706488 -0.18532801
v 0.15781799 -0.09106697 -0.06286841
v -0.11024975 -0.08438200 -0.22300075
v 0.16722363 -0.09017597 -0.00035362
v -0.14188693 -0.04085669 -0.13668975
v 0.16126113 -0.09183919 0.14088157
v 0.17719275 -0.06364250 0.21524949
v 0.17853525 -0.09120037 0.07365900
v -0.17066863 -0.04161688 -0.10857537
v -0.17537050 -0.09150850 -0.08545300
v -0.17686950 -0.08443900 -0.02834050
v 0.15550013 0.10719912 -0.23219025
v 0.23194601 -0.03722863 -0.19437100
v 0.24374226 -0.09562300 -0.03877712
v 0.26029551 -0.09370700 -0.03943400
v 0.17843124 0.09413875 -0.23820899
v 0.19368075 0.07844075 -0.23825274
f 7 33 10
f 5 23 6
f 6 4 5
f 11 1183 8
f 24 18 1379
f 503 19 20
f 432 26 31
f 592 94 716
f 7 10 21
f 55 25 30
f 48 50 49
f 1159 56 54
f 31 41 29
f 61 2 60
f 179 245 1333
f 152 69 68
f 152 200 668
f 77 80 665
f 1519 77 661
f 79 84 81
f 92 90 91
f 89 92 91
f 61 96 98
f 78 140 665
f 1015 88 993
f 115 116 1595
f 120 150 657
f 655 123 126
f 414 322 7
f 105 135 84
f 145 153 536
f 119 148 120
f 109 135 111
f 147 148 149
f 154 155 156
f 867 101 155
f 511 1485 601
f 1856 1308 607
f 1246 164 169
f 167 166 164
f 178 183 174
f 171 181 177
f 173 172 643
f 176 177 181
f 185 1265 186
f 322 323 257
f 187 189 190
f 188 197 189
f 185 187 190
f 205 202 203
f 204 205 1939
f 210 216 212
f 230 231 225
f 622 219 220
f 109 747 135
f 623 183 229
f 229 223 224
f 617 608 221
f 622 235 226
f 227 235 622
f 258 250 33
f 255 253 254
f 251 253 256
f 162 877 165
f 1419 269 1861
f 286 285 129
f 192 196 194
f 1031 295 297
f 830 1031 297
f 299 298 300
f 1963 1143 309
f 310 311 312
f 200 613 423
f 338 337 336
f 335 337 338
f 1562 347 346
f 1562 346 345
f 1936 568 1611
f 357 1321 358
f 358 356 357
f 365 367 366
f 380 381 469
f 630 159 382
f 605 1430 1810
f 607 385 271
f 306 384 385
f 396 355 354
f 279 290 278
f 405 403 1010
f 409 407 813
f 594 416 1277
f 416 417 1537
f 1286 1277 416
f 1678 234 1441
f 1461 1309 1457
f 441 499 442
f 225 231 224
f 310 1072 448
f 494 566 1485
f 1737 450 1744
f 452 435 453
f 359 361 485
f 462 463 460
f 477 822 2
f 650 479 202
f 202 1247 650
f 455 624 629
f 624 455 660
f 483 485 486
f 2024 361 359
f 1283 374 370
f 637 1674 517
f 518 521 519
f 398 418 408
f 524 1170 525
f 292 293 681
f 1286 418 1538
f 535 534 533
f 694 534 535
f 1286 1412 418
f 461 545 544
f 408 418 1412
f 1254 545 546
f 823 899 1041
f 439 106 432
f 563 561 562
f 562 561 1834
f 568 1463 569
f 570 571 375
f 574 573 572
f 576 578 579
f 470 475 25
f 1298 597 179
f 257 254 322
f 668 200 198
f 204 211 210
f 633 622 176
f 1758 1438 213
f 230 226 231
f 166 167 170
f 175 181 171
f 493 481 405
f 131 138 158
f 14 1246 16
f 163 142 139
f 1246 14 15
f 143 79 16
f 380 108 106
f 107 482 110
f 1952 2007 1130
f 1010 709 328
f 1089 1767 401
f 1362 1280 1466
f 675 684 683
f 1194 586 677
f 697 118 683
f 1190 685 684
f 426 689 1091
f 697 696 118
f 698 701 699
f 699 701 707
f 495 522 558
f 436 439 706
f 26 432 110
f 727 712 299
f 572 733 616
f 616 733 656
f 715 714 697
f 732 308 718
f 1 100 60
f 84 747 81
f 735 736 737
f 1126 740 1140
f 652 848 41
f 735 737 751
f 753 1550 1065
f 207 755 43
f 757 508 1454
f 206 755 207
f 1880 758 43
f 102 103 659
f 763 449 311
f 449 763 764
f 771 1087 763
f 1792 769 770
f 772 771 1793
f 775 774 1872
f 782 775 776
f 781 776 775
f 781 777 776
f 781 1790 774
f 1555 781 774
f 781 1554 778
f 1554 781 782
f 775 782 1085
f 111 567 109
f 239 810 791
f 791 446 239
f 1022 794 793
f 1560 795 1493
f 962 566 494
f 29 1511 706
f 2187 1715 796
f 800 1885 796
f 1715 2187 800
f 1715 800 1887
f 1557 797 1396
f 799 1887 798
f 798 1557 2186
f 1396 799 2186
f 799 800 797
f 807 808 1559
f 806 815 1396
f 797 815 755
f 815 1755 755
f 824 823 427
f 1396 162 798
f 798 162 834
f 833 874 837
f 1964 1786 1741
f 450 451 1964
f 1964 1741 1935
f 1935 840 1964
f 840 841 450
f 451 841 840
f 1242 279 143
f 1975 843 1869
f 844 1975 1573
f 409 1272 407
f 409 813 1160
f 1041 588 1064
f 857 858 859
f 858 857 1025
f 859 862 860
f 857 864 860
f 901 853 1493
f 1892 873 1682
f 872 870 871
f 870 872 873
f 1896 871 873
f 871 2013 874
f 879 877 875
f 875 2013 879
f 878 879 876
f 832 881 1100
f 687 135 105
f 346 347 572
f 1505 891 1024
f 891 1505 890
f 894 891 2038
f 1027 893 1977
f 1979 893 889
f 1028 893 1979
f 892 1505 2038
f 892 891 894
f 897 895 894
f 895 892 896
f 894 896 1707
f 600 599 1259
f 991 1366 1980
f 910 1902 911
f 910 911 908
f 1700 911 1048
f 912 1048 911
f 912 913 1048
f 914 909 910
f 910 915 914
f 910 916 917
f 912 916 910
f 916 914 915
f 913 918 1048
f 912 1982 913
f 913 920 919
f 921 920 913
f 913 1983 921
f 925 895 1118
f 846 934 1534
f 938 1607 1474
f 897 1474 1607
f 1607 937 1369
f 939 925 897
f 1823 854 923
f 1583 1891 1899
f 872 1713 321
f 957 1916 966
f 1925 1985 958
f 958 960 959
f 961 959 960
f 465 945 464
f 960 958 957
f 959 929 957
f 970 1918 969
f 970 968 972
f 969 971 970
f 1690 968 971
f 971 972 1690
f 972 974 970
f 973 1612 972
f 970 974 973
f 975 1612 973
f 974 975 973
f 1720 978 1606
f 978 1951 1606
f 2010 2003 978
f 2003 1602 979
f 980 1602 2003
f 2010 980 982
f 1511 41 848
f 983 1950 2028
f 985 983 981
f 1599 321 983
f 987 988 985
f 750 882 883
f 1001 998 1000
f 1000 998 1002
f 999 1002 1001
f 1002 999 1000
f 1831 999 1001
f 1001 1003 998
f 1832 1002 998
f 1832 1004 1612
f 31 458 41
f 880 464 945
f 1065 905 881
f 1941 626 621
f 178 1238 172
f 1013 1012 1933
f 1016 1364 1018
f 901 865 1587
f 1504 1706 862
f 1026 1504 889
f 889 1867 1027
f 889 858 1867
f 844 1976 889
f 844 1867 1976
f 1931 1012 448
f 448 2175 1931
f 1931 2036 1997
f 997 1629 303
f 1455 1745 1653
f 1039 857 859
f 1455 1822 1745
f 1549 1429 1583
f 1045 1046 1866
f 1044 1866 1046
f 1866 314 1047
f 1571 1866 1047
f 1049 1212 1050
f 1748 1212 1049
f 1052 1049 1050
f 1052 1039 830
f 1049 845 860
f 1053 808 1052
f 808 1054 1052
f 1801 1804 1571
f 1804 1801 314
f 313 1555 1077
f 1072 1071 1043
f 1246 644 164
f 62 42 1079
f 352 354 355
f 1081 1971 1083
f 1971 1081 1800
f 1971 1801 1083
f 783 1802 1082
f 1087 1086 1555
f 1555 1086 1077
f 516 641 658
f 395 604 399
f 788 792 786
f 530 658 548
f 1110 239 240
f 346 572 616
f 644 167 164
f 1076 1261 433
f 1186 611 1642
f 38 651 965
f 1074 812 393
f 458 652 41
f 825 67 711
f 1489 207 725
f 1545 735 1141
f 725 740 2005
f 2005 1126 1145
f 1426 1630 1149
f 963 1614 1850
f 702 1156 539
f 80 77 1757
f 145 536 184
f 586 1194 2014
f 98 97 59
f 108 432 106
f 99 75 97
f 802 801 754
f 1210 671 1089
f 460 674 820
f 121 118 1215
f 530 515 502
f 460 820 821
f 526 1216 1181
f 153 183 536
f 158 191 195
f 1226 1403 1227
f 1546 932 933
f 2008 1441 1440
f 161 143 279
f 538 933 942
f 1537 417 602
f 537 516 1764
f 1764 516 497
f 1265 1808 467
f 630 214 1806
f 348 1667 1664
f 1806 214 197
f 236 1717 1080
f 189 211 215
f 56 11 40
f 198 160 278
f 617 231 1276
f 986 948 1427
f 1285 37 387
f 1015 484 88
f 1122 1498 1659
f 37 40 387
f 359 483 362
f 372 368 371
f 331 1020 328
f 1316 511 509
f 511 1316 614
f 456 457 341
f 899 823 824
f 1341 571 570
f 977 2011 948
f 385 607 1308
f 1341 570 1157
f 1476 1838 1201
f 1070 607 1066
f 1494 489 1488
f 1331 1330 1329
f 442 269 1488
f 479 482 107
f 954 1462 828
f 2106 575 2105
f 962 28 964
f 1402 1388 1496
f 388 9 523
f 520 1390 1204
f 1285 387 386
f 11 387 40
f 76 85 554
f 1300 1397 531
f 1838 1192 1201
f 617 1138 608
f 144 654 419
f 42 32 34
f 1149 327 326
f 1426 27 491
f 56 1183 11
f 1150 1413 1135
f 1382 562 1721
f 1182 1454 1436
f 1418 1335 1716
f 1137 1202 1108
f 437 85 76
f 1129 1128 32
f 529 1448 340
f 419 661 141
f 1193 1299 1460
f 1717 42 62
f 1030 964 46
f 491 390 1426
f 839 390 491
f 1073 1627 1336
f 986 1427 1501
f 1755 1206 1574
f 438 76 554
f 398 404 371
f 70 1261 1421
f 456 1448 1410
f 1961 1449 1008
f 192 1355 1124
f 1042 1585 1072
f 1356 964 1018
f 867 155 1451
f 564 785 1387
f 1434 1366 991
f 101 104 155
f 103 1467 659
f 1236 1908 1946
f 1909 988 1946
f 2026 2177 1437
f 508 1327 659
f 1686 1908 1687
f 555 2204 1829
f 1236 987 1725
f 1950 987 985
f 234 232 1441
f 2002 1606 1951
f 1868 1319 1280
f 1526 1354 1683
f 1111 1243 1221
f 1478 1298 1333
f 1280 1478 1333
f 1488 441 442
f 76 438 1383
f 323 322 414
f 283 1097 414
f 1157 2106 2105
f 613 612 422
f 219 623 221
f 211 204 1939
f 1029 950 556
f 1939 203 215
f 263 202 1438
f 190 203 185
f 1631 1224 1615
f 178 172 223
f 187 635 191
f 1689 1496 1203
f 185 186 635
f 1496 1499 1204
f 1779 555 1829
f 134 383 382
f 454 453 288
f 157 138 132
f 1496 1689 1499
f 1232 137 136
f 1282 1326 1465
f 141 665 140
f 73 132 128
f 271 307 607
f 1291 1306 1091
f 60 124 127
f 725 1145 1489
f 555 1779 50
f 1174 1093 887
f 93 1190 684
f 561 989 1459
f 1211 117 711
f 1134 415 1171
f 1526 1479 1471
f 1029 1350 950
f 1416 333 550
f 839 494 1158
f 1533 282 1144
f 1537 1290 416
f 1563 578 1294
f 439 29 706
f 1287 1248 1282
f 1190 739 685
f 672 294 662
f 722 724 1673
f 1771 1539 1165
f 652 651 272
f 365 1190 738
f 1411 696 714
f 242 244 238
f 1226 1847 1279
f 1450 1317 1375
f 1550 753 1148
f 1548 243 1110
f 207 1489 206
f 1954 1363 1497
f 1075 206 1489
f 1534 1474 936
f 807 1559 809
f 755 809 810
f 1993 1373 182
f 763 1399 313
f 365 2171 424
f 728 1041 1064
f 1090 1062 882
f 884 1425 745
f 1087 1393 314
f 1566 1804 313
f 1087 1960 1393
f 1393 1567 1568
f 1393 1568 1566
f 1568 1567 1569
f 1569 1567 1566
f 1571 1567 1888
f 432 108 107
f 1570 1572 1571
f 1572 1081 2018
f 833 835 836
f 2034 1573 843
f 1575 1574 827
f 1574 1573 827
f 843 1573 1575
f 1752 1869 1575
f 829 851 817
f 1081 1866 1571
f 843 182 2034
f 602 417 337
f 454 1381 452
f 1377 1188 1187
f 1566 1087 1804
f 217 518 222
f 1684 165 877
f 871 1845 873
f 1588 1895 1732
f 1589 1895 877
f 1589 1684 1588
f 879 1589 1588
f 1591 1592 886
f 1593 1594 886
f 1593 918 1594
f 886 918 1591
f 797 755 806
f 2 476 474
f 1815 1784 1599
f 979 1602 1534
f 809 1556 806
f 1605 935 1720
f 1606 1605 1720
f 937 935 938
f 1607 939 935
f 1610 939 1609
f 1612 1610 1118
f 1609 1690 1818
f 1818 1610 1609
f 1690 1610 1612
f 1690 1612 1818
f 1078 1399 1792
f 1761 1399 764
f 93 675 95
f 1497 1613 1954
f 1357 991 1980
f 329 816 899
f 424 1921 420
f 881 905 904
f 1551 1406 759
f 1495 1488 194
f 1552 1498 348
f 1110 1879 1109
f 514 325 887
f 1125 1220 1124
f 1306 1197 413
f 488 1494 1229
f 626 1941 615
f 729 855 572
f 396 1516 1580
f 1272 632 689
f 472 471 730
f 754 801 702
f 730 471 463
f 1632 804 805
f 194 196 1495
f 1520 1521 92
f 674 471 804
f 1749 1212 1039
f 1287 1465 1336
f 403 1648 1106
f 1346 1328 1408
f 1122 1120 1325
f 351 392 354
f 1614 963 752
f 595 430 596
f 1870 2069 1059
f 538 942 906
f 1040 42 34
f 415 1134 632
f 1162 587 573
f 538 539 1156
f 1656 1646 1163
f 1010 406 405
f 325 1152 887
f 546 461 462
f 1105 1098 750
f 622 226 177
f 821 1664 462
f 205 1435 202
f 820 1561 1552
f 856 923 854
f 334 372 288
f 1225 513 1219
f 1310 408 1412
f 354 395 394
f 1665 1235 1564
f 1665 1564 1230
f 1277 1538 599
f 1620 481 1217
f 371 368 1290
f 404 408 1310
f 368 372 334
f 607 307 1066
f 307 296 1066
f 1342 1122 1659
f 1220 1245 1221
f 344 348 1122
f 1503 1659 1498
f 1272 426 285
f 254 151 261
f 1681 1346 1843
f 889 1534 1979
f 895 1534 889
f 1633 1689 1468
f 523 518 388
f 1390 1953 1331
f 1594 908 909
f 1811 1532 1469
f 76 1383 70
f 1204 456 1496
f 1693 1496 456
f 937 936 1369
f 1697 1698 1691
f 1701 998 1699
f 1703 1269 1704
f 1701 1704 1269
f 1702 1703 1528
f 1528 1703 1701
f 1701 1703 998
f 1703 1702 1269
f 1269 1528 1701
f 897 1369 939
f 1448 1270 1410
f 1410 1270 1228
f 129 284 130
f 425 1023 924
f 308 304 694
f 1051 1115 1217
f 1824 953 2003
f 1540 1170 1104
f 1129 1717 1175
f 529 527 1136
f 1925 956 838
f 332 334 1856
f 1613 1497 295
f 1192 1358 1444
f 1076 1779 1261
f 1538 1277 1286
f 1551 1881 1968
f 437 58 53
f 1445 950 1350
f 1009 63 1011
f 1725 1995 1724
f 1727 1946 1507
f 1507 1685 1727
f 1685 162 1727
f 1590 1727 162
f 1685 1726 162
f 165 1726 1685
f 1730 879 1729
f 1730 1729 1826
f 165 1684 1729
f 1684 1732 2031
f 2031 1732 1731
f 964 1030 1016
f 1845 1733 877
f 1159 54 1459
f 1159 1459 989
f 478 470 55
f 922 1734 852
f 1376 1456 868
f 1736 868 1456
f 1144 2179 2064
f 820 347 1561
f 102 101 867
f 852 1734 1846
f 2197 679 2198
f 944 793 880
f 1257 1917 1258
f 1740 450 849
f 849 1741 1740
f 1258 929 1915
f 1915 929 959
f 835 1894 2013
f 1339 154 1351
f 1743 849 450
f 891 1504 1024
f 165 1996 1987
f 1507 1996 165
f 1542 1746 1852
f 378 659 1327
f 1031 830 1050
f 1039 1052 846
f 1560 1493 853
f 847 846 1054
f 1573 845 1575
f 1754 845 1039
f 1752 1039 845
f 1754 1753 1575
f 1753 1754 1752
f 1869 843 1075
f 39 94 88
f 259 668 287
f 815 797 168
f 233 608 609
f 1755 168 797
f 834 1885 798
f 1798 834 836
f 836 834 800
f 1803 1798 826
f 826 800 834
f 996 946 816
f 789 1090 1565
f 170 423 166
f 1969 755 1795
f 1091 1069 426
f 52 97 75
f 1432 1502 1431
f 1399 1761 1087
f 1087 1761 1760
f 1087 1760 311
f 134 1232 383
f 449 1792 311
f 1217 1517 1051
f 1240 274 275
f 139 140 163
f 1062 1123 1367
f 132 73 123
f 380 106 649
f 751 737 768
f 123 73 72
f 239 241 810
f 929 1529 1923
f 966 960 957
f 667 1422 1207
f 1530 917 914
f 294 292 1422
f 735 751 1141
f 1118 895 926
f 675 683 118
f 1979 1534 888
f 947 1056 588
f 78 130 79
f 1146 721 1545
f 859 844 1027
f 713 794 1773
f 1682 877 162
f 681 1178 292
f 292 1178 1520
f 693 280 1092
f 1443 576 570
f 1231 1187 325
f 1555 1802 781
f 1553 1085 783
f 1248 1848 1098
f 712 727 1148
f 713 1773 712
f 436 272 277
f 3 464 128
f 1963 1119 1878
f 281 710 1544
f 681 725 207
f 1778 64 693
f 83 81 747
f 1226 1506 1847
f 1439 2177 1447
f 692 690 533
f 1104 1170 734
f 1540 1104 1123
f 1116 1540 1123
f 765 1540 1116
f 1411 714 715
f 670 677 672
f 1194 677 670
f 93 671 1190
f 79 81 113
f 669 670 672
f 1807 1558 1859
f 711 117 118
f 1089 401 402
f 447 1330 1029
f 99 445 123
f 98 125 126
f 126 123 445
f 773 774 763
f 1872 771 763
f 774 1790 777
f 776 777 1790
f 1872 778 1790
f 1513 1215 116
f 125 98 133
f 241 760 1112
f 753 869 51
f 51 869 476
f 51 476 61
f 811 1189 787
f 1276 235 227
f 808 830 1360
f 1762 1238 174
f 1556 755 206
f 1795 809 1796
f 809 830 1797
f 1795 1797 830
f 1131 171 173
f 171 147 175
f 16 169 1242
f 193 191 158
f 469 480 380
f 1800 1801 1788
f 1800 1888 1083
f 1571 1788 1801
f 1083 1888 1788
f 1800 1081 1802
f 1803 826 1710
f 631 636 1758
f 1801 1087 314
f 1265 1139 218
f 1043 1500 1036
f 1575 830 1752
f 1787 830 1753
f 1054 1751 830
f 839 27 1303
f 847 1752 807
f 1753 847 807
f 1751 1753 807
f 1751 808 846
f 847 1787 1751
f 808 1751 1054
f 1053 1054 830
f 1052 1809 1787
f 1049 1787 845
f 830 1049 1052
f 840 1935 1786
f 228 220 219
f 252 257 260
f 68 200 152
f 256 250 258
f 2087 1093 1991
f 7 322 261
f 1621 885 114
f 1744 849 1737
f 886 1744 1740
f 603 179 597
f 1336 2082 1287
f 894 2038 1024
f 897 894 1024
f 848 272 706
f 1592 1591 1532
f 1812 1593 1592
f 1591 1593 1812
f 956 1695 1811
f 1812 1592 1532
f 1946 1784 1814
f 1814 1725 1815
f 982 1374 978
f 1816 1374 1373
f 1598 1601 984
f 1598 984 1815
f 1374 1816 984
f 978 1816 1373
f 1413 1424 1181
f 327 1030 46
f 1363 1954 895
f 895 1954 1609
f 925 1497 926
f 1926 1819 1782
f 951 1820 1819
f 951 1821 1820
f 330 329 899
f 1967 1780 1584
f 934 953 967
f 967 1824 934
f 1824 1528 953
f 1720 934 1824
f 1720 969 1918
f 1720 1918 1825
f 1378 1380 1205
f 1167 1639 2193
f 501 500 515
f 1313 1186 1642
f 1351 900 1339
f 996 1823 946
f 1158 506 496
f 1272 286 407
f 1660 522 501
f 1379 377 442
f 1830 1914 1001
f 1830 1831 1269
f 998 1003 1914
f 1003 1001 1002
f 1832 999 1003
f 1914 1000 1832
f 1632 729 572
f 208 521 217
f 391 1425 431
f 1424 1413 1150
f 562 1834 1721
f 1214 1586 590
f 1775 1108 1836
f 1526 2123 1166
f 433 1837 1076
f 433 1415 1837
f 1837 1415 1428
f 1428 1213 1837
f 700 642 641
f 757 1340 373
f 327 1149 1161
f 1675 703 719
f 1410 1191 532
f 456 340 1448
f 17 18 327
f 100 131 195
f 550 554 87
f 1472 1388 1402
f 1693 1397 1402
f 595 596 1020
f 1010 403 709
f 388 518 386
f 693 1535 1778
f 628 637 2129
f 581 585 695
f 273 1464 1383
f 1120 1481 1370
f 2037 776 718
f 521 208 1381
f 335 338 1637
f 541 538 906
f 358 942 356
f 1481 1120 1342
f 1792 1087 772
f 393 343 360
f 1494 1495 486
f 306 288 453
f 453 435 271
f 1299 1442 2191
f 1314 1487 1313
f 1117 349 350
f 1414 2004 1311
f 1162 1654 587
f 1239 1686 1821
f 957 1508 1925
f 1041 946 588
f 1701 1699 1919
f 1543 707 309
f 411 1288 1679
f 1982 966 914
f 1562 1561 347
f 1605 978 935
f 2124 1853 589
f 1428 562 1057
f 324 513 1225
f 321 1946 1910
f 1946 1908 1910
f 1731 1234 879
f 1303 19 503
f 909 914 1981
f 1594 917 1898
f 1850 1614 1671
f 1667 348 344
f 1700 886 1898
f 1737 1700 1740
f 908 1737 886
f 1547 1666 1256
f 897 1897 1707
f 345 1254 397
f 870 1896 1708
f 621 362 374
f 1398 528 1271
f 547 497 500
f 1859 1558 1860
f 545 1254 345
f 1853 1490 589
f 132 138 131
f 589 2125 2126
f 784 756 778
f 1360 1551 760
f 410 411 1070
f 1114 196 192
f 192 1237 1114
f 1229 485 1220
f 1586 1214 2152
f 1563 1294 1561
f 66 1211 678
f 741 700 705
f 148 147 1131
f 1291 1171 600
f 1131 173 643
f 1492 1381 454
f 645 639 801
f 386 1205 1285
f 1203 1496 1388
f 18 376 377
f 1331 1453 1390
f 1178 207 45
f 1385 1452 1463
f 1331 1329 1453
f 23 444 6
f 556 941 1029
f 767 1156 779
f 1191 1410 1442
f 36 1285 87
f 1424 1228 1181
f 1397 1299 1193
f 1192 1953 1390
f 1464 1261 70
f 389 1630 1426
f 192 1419 1372
f 1418 1137 1073
f 1376 1777 1016
f 1344 1152 1188
f 1008 1449 1717
f 1364 1317 1736
f 1456 1018 1364
f 1362 868 1736
f 1158 494 506
f 103 102 867
f 964 1356 962
f 101 102 659
f 744 647 1822
f 1051 1244 1213
f 507 506 614
f 638 948 1618
f 641 516 640
f 638 1618 1292
f 767 741 705
f 1617 1274 1616
f 229 224 221
f 176 181 633
f 635 186 136
f 136 195 635
f 1681 1209 1484
f 1959 1972 780
f 132 131 122
f 145 149 1595
f 132 122 128
f 619 682 1304
f 352 351 354
f 95 121 1089
f 581 584 728
f 92 1521 90
f 1614 752 1523
f 681 677 1092
f 1016 1777 1103
f 305 1170 524
f 723 1535 693
f 75 74 713
f 707 701 309
f 713 51 75
f 1416 1200 1201
f 1829 1459 54
f 924 946 1823
f 299 300 727
f 885 82 114
f 925 1363 895
f 330 899 842
f 1545 1141 1146
f 1957 1725 1373
f 1811 1812 1532
f 1109 1548 1119
f 760 248 249
f 1891 963 2066
f 2085 2196 2084
f 715 856 1411
f 696 825 711
f 1737 1743 886
f 1500 295 1036
f 1984 750 1035
f 758 1880 1881
f 760 1880 759
f 759 1880 1551
f 783 782 778
f 778 782 784
f 2136 1770 549
f 1584 2182 2084
f 1043 1882 312
f 463 656 465
f 1885 1794 1886
f 1789 800 796
f 1789 796 1715
f 1886 1794 1887
f 797 1887 799
f 1796 1797 755
f 786 811 788
f 1087 1802 1805
f 1555 1788 1802
f 1087 1805 1804
f 1788 1888 1805
f 1800 1570 1888
f 1053 1809 1054
f 1082 1802 1570
f 845 847 1753
f 449 448 1071
f 1063 851 829
f 468 479 480
f 1893 1709 1892
f 835 837 1893
f 1709 1894 835
f 1710 1709 835
f 1893 1894 1709
f 1708 871 870
f 1896 1894 1892
f 1895 871 1708
f 1894 1708 2013
f 2013 1708 874
f 1896 1895 1894
f 1152 1174 887
f 396 400 424
f 864 894 1897
f 1897 1024 864
f 894 1031 1897
f 295 1707 1032
f 1118 1024 1706
f 1118 897 1024
f 295 1024 1897
f 1706 1024 295
f 1741 956 1593
f 1433 2079 2191
f 1898 886 1741
f 1898 1740 1700
f 1048 921 919
f 921 1901 920
f 1900 884 2170
f 1902 1469 956
f 956 1532 1902
f 956 1469 1695
f 1695 1531 915
f 1532 1981 1902
f 1531 1469 1532
f 915 1531 956
f 1903 1368 1234
f 763 774 777
f 1234 1905 1903
f 1904 1906 1905
f 1905 1234 1904
f 1729 1904 1234
f 1904 1590 1906
f 1590 1904 1907
f 1694 1909 1905
f 1728 1907 1727
f 1909 1908 1236
f 1694 1726 1910
f 1694 1910 1908
f 1910 1727 321
f 1909 1726 1814
f 1910 1909 1727
f 1725 1909 1784
f 1815 1725 1784
f 321 1784 1946
f 985 988 1601
f 1601 988 1600
f 988 987 1599
f 982 984 2010
f 981 2010 984
f 978 984 1602
f 984 982 1602
f 1602 2010 978
f 1955 935 979
f 1508 1911 1988
f 1988 1911 956
f 1531 1912 1508
f 1911 1508 1912
f 1531 966 1912
f 1902 966 911
f 1531 1530 966
f 1911 1912 1530
f 1914 1698 1697
f 1830 1699 998
f 1699 1830 1269
f 473 904 474
f 105 130 284
f 1915 1916 960
f 1697 2019 1914
f 1698 1919 2019
f 1919 1698 1832
f 1914 1832 1698
f 1697 1001 2019
f 2019 1001 1692
f 1692 1001 1699
f 1919 1692 1702
f 1832 1612 1691
f 969 1361 1690
f 652 272 848
f 1257 930 929
f 1917 247 928
f 1704 1701 1606
f 1705 1691 968
f 969 968 1691
f 1918 970 1691
f 1262 1919 1918
f 974 1919 1262
f 376 4 1861
f 975 1832 1920
f 973 972 971
f 1825 1528 1824
f 1497 1612 1004
f 1925 1508 1922
f 1924 1508 1923
f 1923 1529 1924
f 1925 1916 957
f 957 1924 1529
f 1906 321 1782
f 1906 1783 1926
f 1906 872 321
f 987 1927 1784
f 1686 1927 1821
f 280 1533 681
f 1820 1687 1239
f 1820 1239 1782
f 1926 1687 1819
f 1819 1687 1928
f 1926 1727 1687
f 1926 1783 1928
f 922 1813 931
f 1530 1916 1898
f 1530 1913 917
f 733 1096 945
f 168 1909 1725
f 1727 1694 1729
f 1694 1728 1685
f 1728 1727 1729
f 165 1729 1909
f 1728 1590 1907
f 879 1906 1590
f 1731 872 1906
f 1906 1368 1731
f 1731 1826 1903
f 1903 1729 1731
f 1903 1684 1368
f 1933 1931 1930
f 1931 1933 2036
f 1930 1013 1933
f 1931 2175 1932
f 2175 2036 1932
f 1163 1646 303
f 420 1516 396
f 374 1283 621
f 585 686 695
f 1032 864 861
f 862 1706 864
f 285 687 284
f 1098 749 750
f 1938 430 611
f 1063 852 851
f 77 1519 1160
f 841 1935 450
f 450 1935 1741
f 1524 1094 1093
f 834 162 835
f 1892 162 1710
f 869 753 1100
f 1388 1472 1855
f 1255 1501 2049
f 172 146 643
f 1065 832 753
f 311 1761 764
f 311 764 1087
f 771 1555 1793
f 771 773 775
f 775 773 1793
f 769 1793 1087
f 1793 769 772
f 177 226 230
f 763 1087 764
f 1760 1792 770
f 311 1760 770
f 751 1883 814
f 581 66 428
f 1765 298 765
f 762 1766 1189
f 1798 836 826
f 168 1396 815
f 818 604 812
f 393 392 351
f 743 1132 742
f 88 71 39
f 611 1186 1938
f 1752 1754 1869
f 1052 1748 1749
f 1749 860 1212
f 1052 1050 1748
f 1740 1741 886
f 1543 1164 708
f 739 715 685
f 525 1781 302
f 887 573 514
f 704 1543 708
f 1995 1725 1726
f 887 1094 573
f 544 545 346
f 534 692 533
f 990 652 994
f 732 748 734
f 1288 1290 1679
f 1702 1699 1269
f 1422 673 1207
f 95 671 93
f 2019 1262 1698
f 654 82 419
f 741 779 700
f 619 1651 1972
f 119 1595 148
f 107 480 479
f 1762 153 117
f 417 415 337
f 411 1286 1288
f 2152 1214 1604
f 515 548 645
f 140 143 161
f 160 199 163
f 218 383 186
f 1758 636 1252
f 705 700 641
f 409 1621 632
f 599 1171 594
f 263 1758 1252
f 410 1286 411
f 208 435 452
f 821 1552 1664
f 397 579 578
f 1187 1564 1377
f 1237 1221 1243
f 546 1667 1254
f 1308 1856 334
f 1460 1299 2189
f 668 259 152
f 1498 1552 1561
f 1259 418 421
f 1667 1255 1254
f 1477 1133 1264
f 629 2024 626
f 1256 1763 1250
f 1750 557 1345
f 378 104 101
f 776 778 718
f 962 1351 154
f 335 1637 1069
f 1536 1759 317
f 687 1637 338
f 1658 266 1283
f 954 785 1462
f 1444 828 950
f 1310 369 404
f 389 390 867
f 578 1295 1294
f 1962 1387 1176
f 1229 1220 488
f 49 50 1779
f 1179 2121 724
f 935 937 1607
f 934 935 936
f 1955 979 1534
f 936 935 1955
f 984 1600 1599
f 276 306 453
f 37 54 56
f 1815 1599 1598
f 1598 1600 988
f 1179 2192 2121
f 1016 1103 1108
f 1443 1295 576
f 1310 550 333
f 882 1404 2159
f 550 1310 412
f 1682 162 1892
f 607 1070 1856
f 835 162 800
f 313 1393 1566
f 1071 1072 310
f 1413 1216 526
f 273 434 523
f 129 130 720
f 526 1181 529
f 217 521 518
f 1347 1681 1484
f 1270 529 1181
f 1538 418 1259
f 441 489 443
f 586 2014 585
f 444 23 490
f 90 691 91
f 1057 1115 1051
f 684 675 93
f 499 24 442
f 1207 673 666
f 1380 1633 1468
f 442 24 1379
f 148 1595 149
f 1843 1380 1468
f 22 326 24
f 2121 1771 723
f 1204 457 456
f 1693 1402 1496
f 24 327 18
f 11 388 387
f 1380 1843 1201
f 1381 1492 520
f 1622 559 1475
f 1192 1390 1416
f 1303 27 19
f 736 735 1545
f 17 4 376
f 1386 1470 1372
f 1716 1312 1635
f 1183 56 1415
f 410 1070 1066
f 437 87 85
f 1037 527 341
f 1033 1158 496
f 454 452 453
f 1016 1630 1376
f 1030 1630 1016
f 559 1791 1483
f 1503 1849 1659
f 1364 1016 1375
f 494 839 498
f 58 1829 57
f 1736 1317 1362
f 494 504 962
f 1868 1362 1317
f 556 950 828
f 1652 1326 1282
f 1125 1355 490
f 560 1307 2126
f 104 378 379
f 1849 1443 1182
f 605 993 1430
f 1485 511 614
f 601 156 1817
f 601 1817 1578
f 569 245 568
f 245 39 180
f 245 179 39
f 260 1154 613
f 693 677 586
f 350 1648 1840
f 173 177 230
f 184 633 175
f 635 195 191
f 1240 1432 1252
f 636 274 1240
f 275 1502 1432
f 654 199 170
f 157 158 138
f 653 274 649
f 654 144 142
f 654 13 82
f 14 664 13
f 1203 1484 1209
f 99 72 74
f 355 396 1580
f 789 922 852
f 719 1059 1675
f 691 694 535
f 1533 1966 681
f 105 84 79
f 889 1976 1026
f 1504 862 1977
f 524 302 1172
f 1682 873 1733
f 428 66 65
f 1799 299 712
f 1577 1248 1098
f 1602 980 2010
f 978 979 935
f 242 701 1112
f 1145 1126 319
f 300 1550 727
f 400 396 394
f 778 763 777
f 734 1493 1104
f 890 892 2038
f 1284 429 430
f 873 872 1895
f 758 808 248
f 1795 1796 1969
f 830 1969 1551
f 1968 1969 758
f 1968 830 1551
f 830 758 1969
f 1796 1551 1969
f 781 1802 1085
f 1802 1554 1085
f 1082 1085 1553
f 784 782 1553
f 861 864 857
f 862 1025 860
f 584 1041 728
f 1977 862 859
f 763 1077 1793
f 1087 1801 1086
f 1555 1085 1087
f 1801 776 1085
f 1084 1971 1085
f 1553 1084 1081
f 1385 1463 1446
f 1553 756 1082
f 1082 756 784
f 787 788 811
f 1788 1077 1086
f 1088 1963 1878
f 1082 1081 1084
f 880 793 543
f 1043 1963 1088
f 1615 1645 565
f 313 1399 1078
f 1087 313 1802
f 313 1804 1802
f 1802 1804 1047
f 834 1710 826
f 2115 582 2027
f 1572 1570 1081
f 851 786 817
f 829 817 792
f 858 1025 1976
f 859 1026 1976
f 859 1976 1025
f 889 1027 844
f 1026 859 1027
f 857 860 1025
f 859 1025 1977
f 1027 1977 1026
f 1026 1977 1025
f 1798 1557 796
f 1589 879 1895
f 869 1100 473
f 771 1872 773
f 748 1196 1769
f 895 891 892
f 1028 888 1956
f 1028 1534 1373
f 1028 978 1534
f 1979 1027 1028
f 893 1028 1956
f 772 770 771
f 896 894 895
f 892 897 896
f 865 1493 734
f 943 1022 793
f 956 1529 1532
f 1529 1531 1532
f 1529 1902 1531
f 1902 1529 966
f 1981 914 1902
f 914 1531 1902
f 917 1911 1531
f 914 911 1982
f 914 912 911
f 913 1982 1983
f 1913 1983 1982
f 1983 1913 1898
f 957 929 1924
f 929 1508 1924
f 1923 1922 929
f 1916 1923 966
f 1925 961 960
f 1850 1634 963
f 1705 1528 1269
f 1014 790 1823
f 965 478 38
f 628 2160 637
f 1017 595 331
f 1823 996 1014
f 1524 1005 1094
f 517 1674 1515
f 381 209 466
f 1628 1668 517
f 1035 303 1984
f 604 1676 399
f 1138 1147 609
f 338 336 111
f 338 111 688
f 505 569 1452
f 1891 752 963
f 1267 574 572
f 400 399 1676
f 377 269 442
f 1419 192 194
f 581 580 66
f 686 402 580
f 689 632 1134
f 1632 572 347
f 1642 611 610
f 1321 357 342
f 1120 1370 1371
f 392 393 812
f 1470 444 1355
f 474 805 804
f 1479 1526 1683
f 1177 316 315
f 1095 1096 1005
f 1004 1832 998
f 1540 525 1170
f 247 930 928
f 660 955 624
f 1156 767 933
f 1633 1499 1689
f 779 702 700
f 1152 1187 1188
f 331 949 790
f 1989 1690 1361
f 935 939 1361
f 518 1205 386
f 1808 468 467
f 1916 1530 1912
f 1988 1916 1912
f 956 1925 1988
f 461 463 462
f 920 1700 919
f 1700 1048 919
f 1028 1993 1816
f 2009 1957 1970
f 1373 1993 1994
f 1028 1958 1994
f 1994 1958 182
f 1994 1993 1028
f 1507 1946 1996
f 1996 1946 1995
f 1996 1995 162
f 1507 165 182
f 1932 1933 1997
f 1585 1013 1997
f 599 600 1171
f 1027 1999 1028
f 891 1977 893
f 888 858 889
f 1986 1998 1999
f 1986 1999 844
f 1999 1998 1028
f 2000 1970 2174
f 2000 844 1998
f 844 2000 2174
f 846 1975 858
f 846 168 1975
f 1986 2174 1970
f 870 873 1892
f 1833 1900 2143
f 865 1196 1587
f 1892 1708 1896
f 1892 837 870
f 1892 1894 837
f 1916 1915 927
f 927 246 1916
f 345 397 1563
f 966 1258 1915
f 961 1257 927
f 1985 1257 961
f 1258 1917 961
f 882 1062 883
f 1479 1683 1677
f 528 1666 1271
f 543 793 794
f 763 310 1399
f 1071 1882 449
f 856 739 1034
f 1792 1399 1087
f 745 1771 884
f 1969 1881 43
f 1984 303 1105
f 1873 778 756
f 1704 952 2003
f 2001 1704 2003
f 952 2001 953
f 2003 953 2001
f 2002 952 1704
f 768 1343 762
f 981 1704 2001
f 981 2001 2010
f 983 2028 1704
f 985 2003 952
f 952 1725 987
f 756 748 1873
f 865 734 1769
f 1109 1119 1409
f 1409 1119 1963
f 1110 1109 1409
f 240 239 238
f 67 825 427
f 825 949 331
f 241 243 244
f 2027 232 1284
f 1165 723 1771
f 224 223 225
f 233 221 608
f 1781 298 1155
f 318 1140 2005
f 1140 725 2005
f 318 2005 1145
f 1140 740 1145
f 318 1145 740
f 1934 1549 710
f 1117 1389 349
f 1615 1224 1645
f 1486 1465 1326
f 696 697 714
f 723 693 1673
f 543 74 72
f 583 1487 1382
f 139 142 141
f 1849 1436 1481
f 273 523 1464
f 681 293 672
f 24 326 327
f 1499 1633 1378
f 401 66 580
f 1633 1380 1378
f 1210 294 667
f 1030 327 1161
f 121 675 118
f 897 925 926
f 1767 1089 1513
f 937 1474 1534
f 14 13 15
f 1215 117 153
f 657 1238 1762
f 137 127 124
f 195 124 100
f 170 13 654
f 87 1416 550
f 167 13 170
f 456 1410 532
f 1232 186 383
f 46 17 327
f 1073 1336 1335
f 199 160 201
f 915 909 1981
f 1532 909 915
f 915 1594 1532
f 1594 1695 1532
f 1532 1695 1981
f 1811 1469 1592
f 1902 886 1592
f 1902 1592 1469
f 457 1329 459
f 1139 466 209
f 176 622 177
f 1191 1300 532
f 890 1474 892
f 1114 1495 196
f 1228 1270 1181
f 1228 1433 1442
f 2073 1315 2060
f 279 278 161
f 423 613 422
f 459 1329 1717
f 1127 1175 236
f 1717 236 1175
f 529 1108 526
f 253 251 254
f 69 33 250
f 48 1441 2008
f 1076 1837 47
f 1395 34 32
f 566 601 1485
f 1116 789 803
f 252 256 255
f 1167 1135 1137
f 1630 1030 1161
f 1079 63 62
f 1048 1594 1898
f 1073 1777 1376
f 506 1485 614
f 1791 559 647
f 572 1055 733
f 900 1356 389
f 1373 2000 1986
f 1994 1970 1957
f 1994 858 1970
f 858 1994 846
f 1995 1958 1028
f 2009 1975 168
f 744 1822 766
f 1237 483 1114
f 165 168 182
f 939 1369 895
f 839 103 390
f 1444 954 828
f 1131 643 148
f 1280 505 1466
f 1278 1298 1319
f 1478 1319 1298
f 962 504 28
f 1463 1452 569
f 379 373 1578
f 1400 1037 1449
f 115 119 1767
f 383 218 382
f 1333 1298 179
f 54 37 57
f 459 1717 1037
f 28 504 5
f 1128 1395 32
f 527 1037 1136
f 261 322 254
f 1441 48 49
f 1135 1413 1202
f 1097 283 1102
f 1154 414 1102
f 414 1097 1102
f 228 1147 227
f 1127 1395 1175
f 995 1436 1454
f 290 279 618
f 612 237 620
f 198 278 290
f 620 618 1242
f 1759 1839 1484
f 856 1034 923
f 204 210 1438
f 1758 263 1438
f 188 1806 197
f 922 1565 1813
f 1330 447 1080
f 450 1737 1898
f 1740 1739 1737
f 2012 1898 1737
f 1740 2012 450
f 1739 1740 1744
f 203 468 1808
f 1056 721 722
f 1293 1678 1217
f 466 469 381
f 147 171 1131
f 635 187 185
f 1252 1247 263
f 2013 876 835
f 835 876 874
f 876 2013 875
f 1416 87 1285
f 274 636 631
f 479 468 202
f 1708 1894 1895
f 5 20 23
f 842 825 330
f 1431 1247 1252
f 529 340 527
f 1431 1252 1432
f 142 163 199
f 1390 1492 1416
f 195 136 124
f 1428 1057 1213
f 1431 1502 268
f 657 146 1238
f 270 1431 268
f 457 1204 1453
f 270 650 262
f 478 55 38
f 270 1661 650
f 807 755 830
f 340 341 527
f 827 2035 2034
f 1575 1075 755
f 293 294 672
f 1417 1661 270
f 1034 1061 366
f 107 110 432
f 1222 1423 1473
f 858 1039 860
f 551 550 291
f 858 845 859
f 1749 1039 847
f 1419 194 269
f 1237 1124 1221
f 2031 1588 1684
f 1684 1589 1730
f 1729 1590 876
f 697 683 684
f 83 82 86
f 1967 1776 524
f 435 208 217
f 450 1964 840
f 585 2014 686
f 2030 1906 1907
f 1945 1928 1729
f 26 110 30
f 214 218 1139
f 1784 321 987
f 1160 1519 885
f 1926 1928 1727
f 1821 1236 1947
f 1236 1821 1927
f 987 1236 1927
f 100 1 12
f 987 1950 1949
f 981 2003 985
f 1325 492 344
f 1165 1535 723
f 80 1757 720
f 374 483 370
f 2004 1663 560
f 833 836 1710
f 240 1879 1110
f 1658 370 1243
f 930 1257 1258
f 77 1160 813
f 246 927 1258
f 759 44 2016
f 248 759 2016
f 318 319 761
f 758 44 759
f 416 1288 1286
f 81 83 86
f 485 361 1220
f 277 651 38
f 1836 1108 1136
f 449 1882 1078
f 1282 1248 1227
f 1075 806 1556
f 1559 1556 809
f 1795 810 809
f 1795 830 810
f 1798 2017 1710
f 2017 318 1710
f 2017 1798 1803
f 1803 836 2017
f 2017 836 1789
f 1789 836 800
f 798 1885 1557
f 1396 797 806
f 397 1255 2049
f 1552 348 1664
f 626 359 362
f 1960 1087 1566
f 1804 314 1568
f 1804 1888 1393
f 1888 2018 1571
f 1568 1570 1571
f 1665 1666 1235
f 1666 1394 1235
f 707 1543 704
f 1544 1583 1680
f 1047 1393 1960
f 1392 1047 1566
f 314 1569 1566
f 1569 314 1392
f 1047 1392 1044
f 1044 1571 1047
f 314 1044 1392
f 1775 1016 1108
f 821 820 1552
f 1314 1313 1642
f 1235 495 558
f 824 842 899
f 1039 861 857
f 861 1039 1031
f 1212 860 1706
f 1212 1706 1032
f 403 1106 709
f 1032 861 1212
f 234 1678 487
f 852 1846 851
f 1306 335 1069
f 558 1660 1233
f 25 55 470
f 854 949 696
f 814 1973 2180
f 1233 1377 1564
f 1091 1134 1291
f 924 947 588
f 1755 797 800
f 1946 1814 1995
f 1995 1814 1815
f 827 1573 2033
f 168 1725 1957
f 1724 1815 1374
f 1958 1993 182
f 1373 1374 182
f 984 1816 1958
f 1993 1958 1816
f 1994 1957 1373
f 1111 1221 1245
f 898 1038 997
f 1534 1602 1373
f 978 1955 1956
f 1956 1534 936
f 1605 1955 978
f 893 936 1605
f 895 890 1534
f 899 816 1041
f 331 330 825
f 1363 939 1608
f 1608 1613 1363
f 1609 1954 1608
f 1954 1613 1818
f 926 1497 1363
f 926 1363 1613
f 939 1610 1361
f 939 1607 1608
f 1610 1719 1608
f 2076 2077 2189
f 1608 1690 1609
f 1557 1715 1886
f 596 430 429
f 324 514 513
f 425 924 366
f 1361 968 1719
f 968 1690 1719
f 969 972 968
f 660 478 955
f 430 1992 1284
f 1017 331 790
f 1123 1062 1116
f 1187 1152 325
f 329 709 816
f 1041 816 946
f 1251 994 621
f 1055 1005 733
f 1343 743 1766
f 1361 1610 1607
f 1954 1118 1608
f 1613 1608 1118
f 965 2020 955
f 936 1474 1369
f 1724 1374 1725
f 162 1396 168
f 1995 1726 1374
f 298 1765 1550
f 111 336 567
f 1829 54 57
f 2034 1206 827
f 543 794 713
f 1022 1773 794
f 1206 2034 1574
f 800 1574 168
f 2033 2035 1574
f 2033 1573 2034
f 1569 1571 1044
f 1942 561 1459
f 573 1055 572
f 1075 830 755
f 807 1752 1075
f 483 359 485
f 1574 1575 755
f 342 352 1321
f 60 2 1
f 1803 318 836
f 2005 740 1126
f 1803 1710 318
f 342 343 351
f 1069 1637 687
f 1081 1046 2018
f 1571 1046 1081
f 357 343 342
f 395 812 604
f 1197 1306 1291
f 941 364 1365
f 626 676 629
f 1549 1544 710
f 651 990 1302
f 319 1126 761
f 2016 1406 1551
f 1406 43 758
f 932 356 942
f 248 44 758
f 1879 1409 1963
f 413 335 1306
f 1409 1879 1878
f 410 412 1286
f 728 585 581
f 43 726 207
f 1412 412 1310
f 1778 1535 1165
f 364 1345 557
f 220 227 622
f 709 1106 816
f 1267 572 855
f 632 1272 409
f 1664 1667 462
f 624 955 2022
f 65 678 711
f 730 731 465
f 445 98 126
f 548 515 530
f 1676 1023 400
f 2020 1302 264
f 2020 2022 955
f 1746 1542 549
f 692 1776 1967
f 328 709 329
f 707 1774 699
f 600 421 602
f 1737 1739 2012
f 265 2022 2020
f 1704 320 998
f 497 540 1764
f 1438 202 1435
f 1521 698 699
f 624 361 2024
f 1438 625 205
f 1438 1435 625
f 1273 1536 317
f 1251 1283 266
f 711 67 65
f 578 1563 397
f 425 424 400
f 882 749 1404
f 1005 1711 943
f 265 266 1658
f 265 1111 361
f 975 1919 1832
f 1919 1606 1825
f 975 1920 1262
f 1262 1691 975
f 1262 1918 1691
f 1825 1702 1528
f 1537 371 1290
f 1542 1260 440
f 1111 265 1658
f 929 246 966
f 1258 927 930
f 1985 247 1257
f 1671 1328 1839
f 1679 332 411
f 487 1284 234
f 1824 1951 1720
f 361 1111 1245
f 1237 370 483
f 885 1621 409
f 1720 2003 979
f 978 2003 1951
f 2010 2002 2003
f 1929 703 682
f 980 2003 981
f 2028 1949 321
f 1950 985 952
f 1949 952 987
f 370 1237 1243
f 1926 2029 1906
f 106 439 112
f 1927 988 1784
f 1947 1687 1821
f 1687 1947 1686
f 1687 2029 1239
f 1239 1928 1945
f 1928 1687 1908
f 1928 1239 1727
f 1114 483 486
f 946 924 588
f 361 1245 1220
f 419 82 885
f 1236 1725 988
f 1994 2009 846
f 1947 1946 988
f 1909 1236 988
f 2029 1686 1945
f 2029 321 1908
f 1908 321 1945
f 1908 1686 2029
f 321 1727 1945
f 1945 1727 2029
f 1729 2030 1945
f 1909 1928 1908
f 1694 1928 1909
f 1945 2030 1694
f 2030 1907 1904
f 2030 1904 1928
f 1729 1928 1904
f 879 1234 1368
f 1284 232 234
f 1487 583 1313
f 1373 1970 2000
f 888 1373 1986
f 1299 1191 1442
f 26 455 35
f 1898 1901 1048
f 907 313 1012
f 1590 1729 879
f 879 1730 876
f 1685 876 1730
f 1730 1589 165
f 1731 1732 1895
f 1845 2031 1731
f 1100 881 473
f 477 2 474
f 1371 1325 1120
f 1125 1124 1355
f 1125 490 1220
f 313 907 314
f 893 1956 936
f 66 401 120
f 492 986 353
f 1220 490 488
f 1502 275 277
f 213 209 631
f 78 665 80
f 141 661 665
f 1658 1283 370
f 1355 192 1470
f 2018 1046 1587
f 576 1295 578
f 275 653 277
f 830 1075 1752
f 1416 454 333
f 168 1206 800
f 2033 755 827
f 1574 2034 168
f 2035 2033 2034
f 1075 827 806
f 168 827 1206
f 162 168 1075
f 23 443 488
f 807 1075 808
f 1755 800 1206
f 2033 1574 755
f 827 755 2035
f 1513 115 1767
f 2035 1755 1574
f 1464 70 1383
f 1560 853 795
f 3 822 819
f 1051 1213 1057
f 531 1397 1693
f 584 581 428
f 1285 1200 1416
f 1411 854 696
f 1416 1201 1192
f 1441 232 1440
f 1146 1179 721
f 1193 1402 1397
f 2155 814 1883
f 1963 1043 1143
f 249 248 1360
f 1783 1782 951
f 1445 1953 1192
f 1141 751 814
f 1212 861 1031
f 133 137 1232
f 760 249 1112
f 1360 1881 1551
f 449 1078 1792
f 318 761 1126
f 1382 1721 582
f 146 172 1238
f 298 1550 300
f 654 142 199
f 1781 1540 765
f 1873 732 718
f 169 16 1246
f 1985 1917 958
f 958 928 957
f 957 928 959
f 484 1015 1130
f 1258 961 958
f 928 1258 959
f 1258 958 959
f 1917 1985 961
f 736 742 737
f 966 246 1258
f 780 1972 2131
f 1892 1709 1708
f 1986 858 888
f 504 498 503
f 182 1987 1507
f 165 1987 1726
f 910 1594 915
f 45 726 43
f 1159 1415 56
f 207 726 45
f 912 1594 918
f 1922 1988 1925
f 1912 1923 1988
f 734 1170 308
f 1610 1989 1719
f 1136 1400 1836
f 1375 1836 1400
f 1836 1375 1775
f 1252 636 1240
f 159 634 157
f 948 986 492
f 948 492 977
f 58 1261 1779
f 1158 1033 839
f 261 151 33
f 1134 1091 689
f 1521 1178 698
f 1779 1829 58
f 64 280 693
f 689 426 1272
f 1011 1961 1009
f 608 1138 609
f 91 535 679
f 228 233 609
f 269 194 1488
f 900 1351 1356
f 962 1356 1351
f 1923 1916 1922
f 1508 929 1922
f 1898 1982 918
f 669 402 1194
f 1530 1531 1911
f 155 1339 900
f 294 1210 662
f 1466 1627 868
f 606 1195 1657
f 183 178 223
f 864 1025 862
f 833 1710 834
f 1289 1653 1747
f 1280 1362 1868
f 15 644 1246
f 1082 1084 1085
f 158 157 634
f 190 215 203
f 783 784 1553
f 215 190 189
f 1554 783 1085
f 156 566 154
f 1750 1791 647
f 1828 1275 1281
f 382 218 214
f 214 212 216
f 205 204 1438
f 1120 1122 1342
f 216 210 211
f 1243 1111 1658
f 617 1276 1138
f 1483 597 598
f 1294 1503 1498
f 1112 810 241
f 257 323 260
f 242 1112 244
f 14 81 86
f 2168 2051 2089
f 2091 2089 2051
f 1863 1506 1163
f 1863 1163 1641
f 611 1017 1014
f 746 2042 2043
f 994 615 1941
f 933 932 942
f 741 767 779
f 754 702 539
f 704 1774 707
f 702 779 1156
f 652 458 615
f 615 458 676
f 642 639 658
f 658 639 548
f 1844 2025 1940
f 2045 2046 1401
f 567 336 1621
f 1660 558 522
f 1394 540 495
f 516 530 497
f 1394 528 540
f 487 481 493
f 1066 296 289
f 26 25 475
f 1628 2159 1404
f 838 956 901
f 421 418 398
f 2049 2050 397
f 1240 275 1432
f 420 1921 2047
f 1273 1671 1536
f 2161 1991 2051
f 1583 1429 2054
f 1990 2119 1357
f 440 1638 1477
f 2056 1638 1224
f 267 552 291
f 271 384 276
f 1271 1547 1655
f 1590 162 165
f 907 1587 314
f 129 720 407
f 135 747 84
f 720 1757 407
f 2182 2161 2084
f 2178 2168 2052
f 2085 2084 2168
f 1184 1176 1477
f 55 268 38
f 29 41 1511
f 1799 1022 2182
f 2178 738 1153
f 1 3 12
f 2178 2058 2085
f 8 433 9
f 19 23 20
f 20 5 504
f 26 35 31
f 36 87 57
f 44 1178 45
f 43 44 45
f 698 1178 44
f 248 1551 44
f 48 2203 50
f 753 51 1148
f 224 231 617
f 60 96 61
f 51 61 59
f 1539 1934 64
f 2058 2086 2196
f 665 661 77
f 720 78 80
f 82 664 86
f 1679 1290 332
f 445 99 97
f 59 61 98
f 128 122 12
f 112 649 106
f 113 81 14
f 1762 1211 657
f 1762 117 1211
f 655 126 125
f 157 132 123
f 134 133 1232
f 136 137 124
f 142 144 141
f 140 139 141
f 145 1215 153
f 150 120 148
f 155 154 1339
f 278 140 161
f 163 140 160
f 1342 1659 1849
f 166 422 164
f 171 177 173
f 178 174 1238
f 633 181 175
f 187 191 193
f 188 187 193
f 634 630 188
f 187 188 189
f 188 630 1806
f 1889 2095 1948
f 200 201 198
f 201 160 198
f 1939 205 203
f 203 202 468
f 213 210 212
f 213 212 209
f 2022 265 361
f 528 1394 1666
f 211 197 216
f 214 216 197
f 633 184 219
f 623 184 183
f 226 235 231
f 220 228 227
f 221 233 219
f 239 243 241
f 244 240 238
f 389 1376 1630
f 246 930 247
f 1916 246 997
f 591 2169 1582
f 997 246 1629
f 253 255 256
f 251 256 258
f 251 258 151
f 255 254 257
f 202 263 1247
f 265 264 266
f 435 222 434
f 264 265 2020
f 129 407 286
f 653 275 274
f 268 1502 38
f 1180 1541 1177
f 281 282 280
f 283 414 21
f 285 284 129
f 1491 287 290
f 287 668 290
f 294 293 292
f 1155 298 299
f 1619 1279 1847
f 305 304 308
f 692 304 305
f 311 310 763
f 1393 313 314
f 313 1077 763
f 1585 1042 1036
f 1128 1129 1175
f 1662 315 1657
f 316 1657 315
f 2179 1680 2064
f 1891 2066 976
f 1533 318 1966
f 1144 318 1533
f 1713 1714 320
f 320 321 1713
f 320 2140 998
f 328 330 331
f 1448 529 1270
f 357 356 360
f 1857 363 1365
f 624 2024 629
f 371 404 369
f 1327 757 373
f 379 378 1327
f 631 209 381
f 384 271 385
f 388 386 387
f 391 1670 1644
f 873 1845 1732
f 1895 872 1731
f 1588 877 1895
f 1732 1684 877
f 1732 1845 1588
f 2031 877 1588
f 2031 1845 877
f 1588 1845 1731
f 876 1685 1729
f 402 401 580
f 410 289 412
f 336 337 415
f 337 413 602
f 1685 1730 165
f 1731 879 1588
f 423 422 166
f 624 2022 361
f 1023 425 400
f 425 367 424
f 1020 429 406
f 1833 431 884
f 1068 1358 1838
f 1408 1476 1201
f 2143 1670 1833
f 49 1244 1441
f 1517 1678 1441
f 1644 1266 1597
f 1542 440 1266
f 1264 1597 440
f 1266 440 1597
f 552 438 554
f 444 1470 6
f 97 98 445
f 1088 446 1500
f 446 297 1500
f 2140 2072 1636
f 236 1080 1877
f 1877 1080 447
f 310 448 449
f 448 1997 2036
f 1997 448 1072
f 451 1898 841
f 451 450 1898
f 1038 841 1898
f 841 1038 1367
f 2076 2071 2183
f 1639 2073 2193
f 1180 1253 1281
f 2202 2201 1877
f 2075 2195 2078
f 1424 2078 2195
f 1525 1058 1322
f 1275 2183 2061
f 1622 1475 646
f 1040 1337 1384
f 1315 1652 2080
f 471 460 463
f 469 467 468
f 467 469 466
f 476 473 474
f 822 477 1596
f 676 455 629
f 485 1229 486
f 488 489 1494
f 441 22 499
f 540 497 547
f 20 504 503
f 1316 509 510
f 1848 1404 749
f 2150 1404 1848
f 2082 2194 1423
f 1216 1413 1181
f 1241 2083 1668
f 2150 1241 1668
f 517 1668 2083
f 520 519 521
f 524 525 302
f 1520 1422 292
f 1012 2146 940
f 1300 531 532
f 531 456 532
f 536 183 184
f 541 539 538
f 434 271 435
f 464 73 128
f 546 545 461
f 2053 2089 2090
f 1321 355 680
f 355 1321 352
f 926 895 897
f 2092 2097 2102
f 1978 2137 2095
f 2102 2104 2092
f 1522 1937 2099
f 1522 2099 1324
f 2102 2097 2103
f 2103 1738 2102
f 516 658 530
f 1626 2096 1462
f 554 550 551
f 555 2203 2204
f 364 556 1345
f 1750 2032 1810
f 1391 1649 1944
f 571 1785 1353
f 638 2105 575
f 575 948 638
f 1251 264 1302
f 2106 577 1427
f 2045 1401 1398
f 1398 1655 2045
f 1398 1271 1655
f 2050 2049 579
f 2045 1603 1218
f 2107 2108 1218
f 495 1235 1394
f 2046 2109 1401
f 2109 2044 767
f 705 2109 767
f 2109 2110 2044
f 1348 2112 1876
f 1992 430 1938
f 580 581 695
f 1735 1349 1676
f 1992 2115 2027
f 1021 542 94
f 1015 1309 1461
f 1015 993 1309
f 583 582 2115
f 1224 1852 1407
f 586 585 1064
f 850 736 1545
f 1581 850 1545
f 1766 743 1434
f 588 1056 1060
f 1649 1391 2123
f 1414 1471 1479
f 1354 1166 2116
f 1166 1405 2116
f 1512 1579 2127
f 2129 1672 628
f 1357 1844 1990
f 2042 746 2131
f 590 1860 1558
f 2130 863 2163
f 1865 2142 1512
f 1980 2132 2025
f 2132 780 746
f 590 2173 1214
f 780 1019 1624
f 619 1972 1959
f 1965 682 1959
f 1624 1518 1965
f 261 33 7
f 2149 2147 2135
f 1875 1688 1268
f 301 2023 627
f 1250 1219 1862
f 2136 2148 1173
f 2136 1173 1770
f 903 1874 2148
f 648 339 1510
f 2093 680 1580
f 1772 2094 2098
f 481 1293 1217
f 2054 1864 1523
f 579 397 2050
f 749 1098 1848
f 1117 1620 1217
f 1490 2125 589
f 492 353 344
f 1807 2004 560
f 2099 2095 2138
f 940 907 1012
f 301 2152 1650
f 371 1537 398
f 1324 2097 2094
f 940 1718 1587
f 616 656 461
f 1263 2065 1669
f 1640 1641 303
f 2069 1349 1735
f 1648 350 349
f 2063 2140 1636
f 2137 2088 1174
f 674 460 471
f 2040 1772 1647
f 838 1480 247
f 1324 1323 2103
f 539 1854 754
f 1651 2154 2042
f 1308 306 385
f 1035 997 303
f 1142 2135 818
f 2107 1250 1862
f 1305 2158 1338
f 1763 1230 1231
f 1142 2158 2113
f 1770 2021 549
f 1253 1828 1281
f 522 495 547
f 345 1563 1562
f 1562 1563 1561
f 1231 1230 1564
f 1233 1235 558
f 1509 1546 2044
f 2140 648 2072
f 1842 1301 1173
f 1604 1768 1173
f 1332 1586 2152
f 1876 1198 1218
f 1281 2074 1541
f 345 346 545
f 1842 1490 1301
f 990 651 652
f 2129 2083 2128
f 621 994 1941
f 1654 512 587
f 1208 2166 1199
f 1171 415 594
f 415 417 594
f 2104 1660 501
f 2030 1905 1906
f 642 658 641
f 2132 1019 780
f 1928 1694 2030
f 1239 1945 1686
f 1945 1694 1908
f 1218 2108 1876
f 1208 2108 2107
f 2150 2176 1241
f 2081 2176 2150
f 1746 2021 1852
f 1784 988 1599
f 321 1599 987
f 1275 1847 1863
f 1290 368 332
f 2104 2101 1377
f 548 639 645
f 642 700 702
f 1667 353 1255
f 553 645 802
f 549 2021 1746
f 1853 1407 1852
f 1286 412 1412
f 2184 1224 1407
f 1307 2185 589
f 1070 332 1856
f 1315 1326 1652
f 1663 1307 560
f 717 663 1332
f 2061 2071 2062
f 2043 1654 1162
f 271 434 273
f 410 1066 289
f 1677 2185 1663
f 276 384 306
f 304 692 1185
f 440 1260 1638
f 1482 565 2124
f 1503 1295 1849
f 1301 1853 1852
f 1348 1151 2112
f 1311 1471 1414
f 1839 1346 1484
f 360 1546 1509
f 1180 1177 315
f 296 267 291
f 1371 492 1325
f 1849 1295 1443
f 2156 648 1714
f 1638 2056 1184
f 1184 1477 1638
f 1482 1615 565
f 315 1636 2072
f 1389 1382 1487
f 1470 192 1372
f 2075 2079 2195
f 712 1148 713
f 22 441 27
f 1344 1174 1152
f 1727 1906 1687
f 1738 2101 2102
f 2029 1687 1906
f 1727 1239 2029
f 1427 577 1501
f 1686 1947 1927
f 1644 1597 391
f 1947 1236 1946
f 1142 2113 1151
f 1442 1433 2191
f 562 1389 1057
f 988 1927 1947
f 2151 1514 2100
f 2043 574 2139
f 1662 1585 1036
f 1423 2194 1722
f 526 1108 1202
f 898 997 1035
f 2143 2136 549
f 1149 1630 1161
f 1029 363 447
f 1418 1073 1335
f 1391 1723 1166
f 1857 744 1877
f 1640 1525 1576
f 515 500 502
f 2152 301 1332
f 866 992 1349
f 494 498 504
f 1349 992 1023
f 1391 1936 1723
f 2095 2100 2138
f 1942 1459 1458
f 505 1452 2194
f 1450 1449 1278
f 1857 1365 364
f 285 286 1272
f 1011 2059 1961
f 2149 1113 2147
f 2096 828 1462
f 828 2096 1345
f 2059 1278 1961
f 1628 902 2159
f 1750 1345 2096
f 2162 2006 1457
f 1278 1319 1868
f 1316 510 659
f 510 508 659
f 638 1890 1341
f 510 1618 2011
f 2053 2052 2089
f 373 379 1327
f 597 1298 593
f 2048 2053 2039
f 2088 1093 1174
f 1865 1304 2142
f 156 601 566
f 1611 484 1130
f 812 395 354
f 1058 606 1322
f 180 39 71
f 256 252 250
f 250 252 260
f 1368 1906 879
f 219 184 623
f 633 219 622
f 1435 1107 625
f 172 230 225
f 1950 983 321
f 952 2028 1950
f 2028 952 1949
f 174 183 153
f 321 1949 1950
f 1725 934 1373
f 2073 1858 1486
f 270 262 1431
f 149 145 184
f 395 399 394
f 1366 1019 2132
f 123 655 159
f 113 16 79
f 79 140 78
f 657 150 146
f 1782 321 1926
f 489 441 1488
f 2002 1951 1824
f 1923 1508 1988
f 2010 2001 2002
f 1988 1922 1916
f 1951 2003 1720
f 1824 2003 2002
f 1925 960 1916
f 966 1923 1912
f 1069 687 285
f 92 673 1422
f 92 1422 1520
f 1153 1190 671
f 354 394 396
f 1001 1691 1269
f 3 128 12
f 1354 1615 1482
f 1705 1824 967
f 1824 1705 1825
f 1675 1304 703
f 1521 1774 90
f 1774 704 691
f 998 2140 2063
f 1691 970 973
f 971 969 1691
f 1692 1918 974
f 1918 975 974
f 1919 975 1918
f 1917 1257 247
f 704 308 694
f 1823 790 854
f 927 1915 961
f 1647 1772 2098
f 1917 928 958
f 1516 2098 2093
f 1361 969 935
f 685 715 697
f 1516 2041 1647
f 1875 1268 1582
f 736 743 742
f 1914 1919 1699
f 1844 1940 1990
f 1670 391 431
f 760 43 1881
f 1881 1880 760
f 760 759 248
f 966 917 1913
f 917 966 1982
f 769 1792 772
f 773 1872 774
f 1872 1790 775
f 777 781 778
f 782 781 1085
f 782 783 1554
f 1802 778 1554
f 776 1553 782
f 1035 750 883
f 2172 2068 2153
f 1773 1022 1799
f 2146 1585 1359
f 2187 796 1794
f 800 2187 1885
f 2187 1794 1885
f 1886 1887 797
f 798 2186 799
f 798 1887 800
f 1396 2186 1557
f 768 811 1067
f 952 2002 2001
f 1871 803 2119
f 981 983 1704
f 321 1704 2028
f 1725 952 953
f 1782 1783 1906
f 1 822 3
f 815 827 1755
f 168 1755 827
f 755 1755 2035
f 328 329 330
f 1600 984 1601
f 428 427 823
f 885 409 1160
f 791 830 297
f 1067 811 786
f 567 1621 114
f 837 835 833
f 451 1786 1964
f 168 2034 182
f 1869 1754 844
f 1075 846 808
f 1869 1573 1975
f 1054 846 1052
f 1743 450 1741
f 1565 922 789
f 1268 1688 1518
f 1784 1909 1814
f 923 366 924
f 1718 901 1587
f 738 2171 365
f 860 864 1706
f 1493 865 901
f 853 1007 1123
f 1909 1910 1726
f 1920 1832 1691
f 1906 1727 1907
f 871 1896 872
f 1896 873 1895
f 874 875 871
f 871 875 877
f 878 875 874
f 876 875 878
f 877 879 878
f 874 877 878
f 879 2013 1895
f 1729 1694 1905
f 846 890 1505
f 1027 1979 888
f 893 1118 1504
f 892 894 1505
f 897 1707 896
f 992 947 924
f 1905 1909 1903
f 554 551 552
f 949 854 790
f 1714 872 2064
f 917 916 915
f 914 916 912
f 1531 914 917
f 918 1982 912
f 1983 918 919
f 1990 1267 1871
f 1974 1875 1582
f 1734 922 931
f 936 937 934
f 937 1534 934
f 938 1474 937
f 1605 1606 1118
f 1609 939 895
f 969 1720 935
f 1606 2002 1704
f 295 1497 1004
f 931 2144 1734
f 966 1915 960
f 2048 2047 1921
f 838 247 1985
f 1531 1695 1469
f 968 970 971
f 971 1691 973
f 974 972 1612
f 1607 1369 897
f 1955 1605 936
f 332 1070 411
f 1056 947 992
f 1724 1995 1815
f 1374 1815 1958
f 165 1909 168
f 1684 1730 1731
f 2048 2039 2047
f 1684 1903 1826
f 1733 1845 1682
f 1695 1591 1812
f 1594 1591 1695
f 1518 591 1268
f 1831 1914 1003
f 1832 1003 1002
f 940 1587 907
f 1476 1264 1133
f 2091 2090 2089
f 1532 1591 909
f 908 1902 909
f 877 874 876
f 877 1682 871
f 1425 391 2054
f 111 135 688
f 1369 1474 895
f 976 339 2156
f 897 892 1474
f 895 1474 890
f 949 825 696
f 1739 1744 450
f 1005 1524 1711
f 717 627 1973
f 2144 1674 637
f 1744 1743 1741
f 1741 849 1744
f 2169 1581 1582
f 1965 1518 1929
f 663 717 2155
f 1858 1643 1635
f 2169 850 1581
f 1846 2163 1696
f 2170 2181 2120
f 1041 584 823
f 883 1062 1038
f 1031 1050 1212
f 1050 1039 1748
f 1212 1748 1039
f 847 1052 1749
f 1004 1036 295
f 1978 1889 2091
f 2012 1740 1898
f 313 1071 448
f 1898 1741 1593
f 1766 991 792
f 1751 846 847
f 1753 1752 845
f 1754 1575 845
f 1752 847 1039
f 168 846 1075
f 1047 1045 1081
f 1042 1043 1036
f 746 1943 2132
f 884 2181 2170
f 842 824 825
f 908 1700 1737
f 1195 1359 1657
f 827 815 806
f 834 796 1885
f 836 835 826
f 800 826 835
f 1710 162 319
f 1522 1884 1937
f 1713 872 1714
f 2085 2168 2178
f 1069 285 426
f 1998 1986 2000
f 1897 1032 1707
f 2009 1970 846
f 2009 182 1975
f 1970 1373 846
f 162 1987 1996
f 1886 797 1557
f 1118 1706 1504
f 874 1708 1709
f 870 837 1896
f 1893 1892 1710
f 1761 311 1792
f 836 874 1710
f 463 461 656
f 831 628 663
f 750 1984 1105
f 1320 2114 604
f 544 616 461
f 351 352 342
f 596 429 1020
f 762 1343 1766
f 2137 2151 2095
f 1492 1390 520
f 2149 1121 1113
f 2138 1738 1323
f 1846 1696 851
f 2169 1434 850
f 162 1028 800
f 241 244 249
f 1539 1771 745
f 2013 871 1895
f 2178 1153 2058
f 818 2147 1320
f 1082 1047 1081
f 1570 1047 1082
f 1800 1802 1047
f 1585 1997 1072
f 1007 901 956
f 810 1112 701
f 2037 708 1164
f 2149 2157 1099
f 281 1544 282
f 1338 2158 1074
f 1539 745 1934
f 1043 1078 1882
f 1156 933 538
f 802 1854 2092
f 706 272 436
f 2042 1512 2165
f 1151 2157 2135
f 2044 2110 1338
f 694 304 1185
f 310 312 1882
f 692 305 1776
f 1199 2166 1623
f 514 587 512
f 1827 2155 1067
f 2198 690 1584
f 512 513 514
f 860 845 858
f 859 860 1039
f 844 859 845
f 1039 858 844
f 800 1028 1573
f 1768 1842 1173
f 533 690 2198
f 1863 1641 2074
f 1248 2081 1848
f 1007 956 1123
f 89 2197 2086
f 1510 1669 2167
f 553 515 645
f 1586 2133 590
f 2128 1860 1672
f 600 1197 1291
f 1198 1876 1296
f 662 669 672
f 95 1089 671
f 512 2127 1579
f 852 1063 803
f 1301 1852 2021
f 1513 1089 121
f 99 123 72
f 837 874 836
f 1219 512 1579
f 127 133 98
f 2077 1180 2072
f 107 108 480
f 1579 1862 1219
f 125 134 159
f 1 2 822
f 2068 1669 2145
f 1548 1109 240
f 1233 1564 1235
f 1879 240 1878
f 1281 1863 2074
f 1225 1219 1250
f 792 1357 829
f 1250 1218 1603
f 1635 1643 1716
f 626 2024 359
f 621 626 362
f 1265 467 1139
f 1446 1473 1385
f 2045 1655 1603
f 528 1398 540
f 1669 2172 1263
f 1766 792 787
f 2118 1437 1439
f 2125 1490 1768
f 1138 227 1147
f 1253 2067 1828
f 1071 313 1078
f 323 1154 260
f 2176 2081 2082
f 1948 2099 1937
f 724 722 1169
f 251 151 254
f 2070 1408 1671
f 542 1430 993
f 1430 542 1021
f 511 1297 1292
f 1297 511 601
f 1034 739 1061
f 245 1280 1333
f 1759 1756 1249
f 2185 1307 1663
f 2062 1315 2080
f 2188 1756 1759
f 1817 156 104
f 104 379 1817
f 1315 1486 1326
f 1316 659 1467
f 1484 2188 1759
f 1249 1756 1223
f 2007 1952 1168
f 2124 2185 1482
f 1461 2026 1952
f 156 155 104
f 2075 2073 2060
f 2078 2073 2075
f 222 523 434
f 1223 1756 1855
f 646 2059 1011
f 116 115 1513
f 267 273 552
f 2057 1622 1384
f 1203 1855 2188
f 1367 1123 956
f 523 222 518
f 1868 1450 1278
f 787 1189 1766
f 1450 1868 1317
f 1639 1643 2073
f 867 390 103
f 155 900 1451
f 1386 1372 1861
f 1336 1465 1335
f 1465 1858 1335
f 363 941 1365
f 443 23 19
f 1343 768 1132
f 1834 2203 2199
f 1877 363 1857
f 1132 768 742
f 1382 582 583
f 456 531 1693
f 941 363 1029
f 1962 2200 2015
f 1481 1436 1370
f 46 964 28
f 1258 928 929
f 2079 1424 2195
f 1723 1168 1405
f 929 928 1257
f 227 1138 1276
f 1167 1643 1639
f 2068 2145 2153
f 1391 1166 2123
f 1395 1127 236
f 1176 1184 2200
f 1244 49 47
f 1108 529 1136
f 1420 1405 1168
f 1029 1953 1350
f 2008 2199 48
f 2190 1429 1549
f 1423 1722 1385
f 1184 1447 2200
f 1376 868 1073
f 1433 1228 1424
f 36 37 1285
f 1627 1073 868
f 1371 1370 977
f 1961 1008 1009
f 2199 2008 2117
f 1459 1829 1458
f 76 1421 437
f 1033 496 839
f 744 766 2202
f 1410 1228 1442
f 1626 1462 785
f 557 744 364
f 757 1454 1340
f 8 9 388
f 22 27 326
f 507 1467 103
f 454 1416 1492
f 1340 570 373
f 598 646 1475
f 593 1298 1278
f 1341 1890 571
f 1611 1130 2007
f 559 598 1475
f 379 1578 1817
f 441 443 19
f 593 598 597
f 505 245 569
f 88 94 542
f 520 1205 519
f 152 259 10
f 69 250 68
f 1444 1445 1192
f 290 668 198
f 233 228 219
f 197 211 189
f 618 279 1242
f 1182 1436 1849
f 625 1107 205
f 311 2037 1164
f 312 311 1164
f 1164 1143 312
f 1527 2194 2082
f 193 634 188
f 173 230 172
f 1140 318 1126
f 382 159 134
f 2114 1735 1676
f 159 157 123
f 79 143 140
f 116 1215 145
f 1486 1858 1465
f 2076 2191 2071
f 277 653 112
f 1215 1513 121
f 1780 1799 2182
f 550 289 291
f 42 1717 32
f 2065 1855 1460
f 667 1207 666
f 127 96 60
f 1840 403 1620
f 74 75 99
f 397 1254 1255
f 701 44 810
f 1683 1482 2185
f 105 79 130
f 1194 686 2014
f 440 1477 1264
f 1124 1220 1221
f 1839 1328 1346
f 1691 1705 1269
f 974 1262 1692
f 2065 1263 1223
f 52 51 59
f 2084 2196 2197
f 1691 1612 975
f 1799 302 299
f 732 734 308
f 1153 738 1190
f 1701 1919 1702
f 1606 1702 1825
f 1919 1825 1692
f 721 1179 1169
f 1544 2179 282
f 1914 2019 1919
f 73 464 543
f 244 1112 249
f 1037 1400 1136
f 239 1878 238
f 2037 311 772
f 55 30 1417
f 728 1064 585
f 1765 1871 1550
f 1065 1550 1871
f 2192 814 2180
f 1619 2080 1279
f 1116 1062 1090
f 803 765 1116
f 439 432 29
f 2200 1962 1176
f 1673 1064 2122
f 1426 390 389
f 1883 1067 2155
f 2070 1597 1264
f 1568 314 1566
f 1566 1567 1392
f 1046 1571 1572
f 47 1779 1076
f 827 843 1575
f 1075 1575 1869
f 800 1573 1574
f 865 1769 1196
f 1401 1764 1398
f 1217 1115 1117
f 874 833 834
f 1764 540 1398
f 1296 2111 1352
f 2120 2164 2170
f 1313 583 1186
f 1666 1665 1256
f 1241 2176 1625
f 992 1974 1056
f 1507 1987 162
f 295 1118 926
f 271 276 453
f 706 1511 848
f 1725 1601 1598
f 978 1374 984
f 1600 1598 1599
f 1602 982 1373
f 473 881 904
f 1218 1250 2107
f 1818 1118 1610
f 1490 1853 1301
f 1807 2173 1558
f 1584 692 1967
f 1009 1008 63
f 1008 1717 63
f 925 1954 1818
f 1612 1497 1818
f 1718 1712 901
f 992 866 1974
f 1296 2109 2046
f 1069 1091 1306
f 2167 2077 2072
f 2163 863 1827
f 1980 1844 1357
f 2164 1900 2170
f 2164 1835 1900
f 1521 699 1774
f 2083 1742 2128
f 105 284 687
f 1214 2173 1768
f 2040 2041 2047
f 1577 1656 1227
f 733 945 465
f 478 475 470
f 325 324 1231
f 2104 501 553
f 1480 1629 247
f 501 515 553
f 2130 2144 637
f 1296 2110 2109
f 671 1851 1153
f 1654 2127 512
f 1991 1978 2091
f 637 2160 2130
f 91 2197 89
f 1055 1094 1005
f 990 1251 1302
f 602 1197 600
f 666 673 2086
f 1644 549 1266
f 863 2130 628
f 1541 1180 1281
f 324 325 514
f 688 687 338
f 463 731 730
f 301 1650 2023
f 1068 785 1358
f 994 1251 990
f 2133 1332 663
f 1865 1651 619
f 816 1106 996
f 1320 2147 1101
f 1962 2015 2162
f 1180 315 2072
f 649 112 653
f 1348 2157 1151
f 2074 1641 1640
f 1344 1514 2151
f 1099 1199 1623
f 1650 1173 2148
f 655 125 159
f 1322 1177 1541
f 2104 802 2092
f 1841 1514 1188
f 360 356 932
f 933 767 2044
f 1157 2105 1341
f 2111 1876 2112
f 590 1672 1860
f 2127 1654 2165
f 1186 583 1938
f 1338 1074 393
f 1914 1831 1000
f 1832 1000 999
f 1003 999 1831
f 1831 1001 1269
f 1214 1768 1604
f 1864 1614 1523
f 1098 1105 1646
f 1105 303 1646
f 172 225 223
f 1225 1763 324
f 1943 2043 2139
f 2128 1859 1860
f 1670 549 1644
f 185 1808 1265
f 951 1782 1821
f 1807 560 2173
f 391 1597 1864
f 1819 1820 1782
f 1819 1783 951
f 398 1537 602
f 1253 1180 2077
f 1745 1747 1653
f 1864 2070 1614
f 2067 1253 2077
f 1742 1222 1311
f 1812 1811 1695
f 2183 1275 2067
f 1593 1811 1592
f 541 680 2092
f 1301 2021 1770
f 1024 2038 1505
f 2071 2061 2183
f 894 864 1505
f 1154 612 613
f 1663 1414 1677
f 1101 2141 1320
f 2062 2060 1315
f 663 628 2133
f 1311 1473 1471
f 33 151 258
f 849 1743 1737
f 1678 1517 1217
f 614 1316 1467
f 1005 944 1095
f 1631 1447 1224
f 986 1501 353
f 273 438 552
f 603 39 179
f 1683 1354 1482
f 1861 269 377
f 2141 1059 2114
f 1468 1209 1843
f 1841 2100 1514
f 2123 1526 1471
f 1472 1460 1855
f 27 441 19
f 1200 1285 1205
f 2056 1447 1184
f 1051 1517 1244
f 1473 1649 1471
f 2098 2094 2093
f 1193 1460 1472
f 1991 1093 2088
f 1329 457 1453
f 2063 1662 1004
f 505 1280 245
f 1944 568 1936
f 1329 1330 1717
f 1717 1330 1080
f 1335 1312 1716
f 1350 1953 1445
f 1370 1436 995
f 1330 1331 1029
f 1274 1617 1616
f 1418 1643 1137
f 1627 1527 1336
f 437 1421 58
f 459 1037 341
f 451 840 1786
f 1527 1627 2194
f 1753 1751 1787
f 1787 847 845
f 1735 1059 2069
f 2025 2132 1943
f 1182 570 1454
f 1079 42 1384
f 2203 48 2199
f 1449 1037 1717
f 605 1309 993
f 2200 2177 2015
f 1049 830 1809
f 830 1787 1809
f 1653 1040 1395
f 807 830 1751
f 1575 1753 830
f 63 1384 1011
f 1785 1890 638
f 954 1358 785
f 1437 1952 2026
f 570 1340 1454
f 2041 2040 1647
f 2090 2091 1889
f 1805 1571 1804
f 378 101 659
f 375 1578 373
f 510 509 1618
f 593 646 598
f 1801 1800 1083
f 2105 638 1341
f 1087 1788 313
f 1789 1798 318
f 2066 339 976
f 1747 1622 2057
f 318 1798 319
f 1798 1710 319
f 1457 1309 605
f 647 557 1750
f 1466 505 1627
f 1280 1319 1478
f 1021 1791 1750
f 1890 1785 571
f 1750 1810 1021
f 1483 1791 592
f 1021 1810 1430
f 1297 601 1353
f 180 484 568
f 1021 94 592
f 716 39 603
f 2032 1334 605
f 424 420 396
f 2011 1618 948
f 474 471 477
f 613 200 68
f 1557 1794 796
f 559 1745 647
f 231 235 1276
f 1798 1789 1557
f 1785 1292 1297
f 1242 164 620
f 940 1006 1718
f 631 1758 213
f 1785 1297 1353
f 809 758 830
f 808 758 809
f 905 729 904
f 931 1515 2144
f 1334 2096 1626
f 1391 1944 1936
f 998 1914 1830
f 1702 1692 1699
f 1875 866 1688
f 1701 1702 1606
f 647 1745 1822
f 832 1100 753
f 1662 1036 1004
f 1210 666 1851
f 678 1211 711
f 94 39 716
f 669 1194 670
f 1705 934 1825
f 1528 967 953
f 1006 1712 1718
f 1872 763 778
f 78 720 130
f 856 715 739
f 419 885 1519
f 686 580 695
f 1529 929 966
f 2029 1926 321
f 360 932 1546
f 1687 1820 1821
f 1819 1928 1783
f 1239 1821 1782
f 1110 1878 1119
f 250 260 613
f 684 685 697
f 693 586 1673
f 708 308 704
f 337 335 413
f 868 1362 1466
f 367 425 366
f 1898 1913 1530
f 1982 1898 917
f 65 67 427
f 2156 1899 976
f 698 44 701
f 1773 1799 712
f 1814 1726 1725
f 1590 1728 1694
f 1507 1694 1685
f 1685 1728 1729
f 1590 1694 1727
f 1903 1909 1729
f 1731 1729 1234
f 1684 1826 1729
f 1169 1179 724
f 1934 745 2190
f 1427 948 575
f 873 1732 877
f 839 507 103
f 2169 1366 1434
f 1930 1931 1932
f 1997 1012 1931
f 1932 2036 1933
f 215 211 1939
f 1141 2192 1146
f 2192 1141 814
f 1157 570 576
f 1793 1077 1087
f 1067 1883 768
f 212 214 1139
f 206 1075 1556
f 1795 755 1797
f 1797 1796 809
f 1557 1789 1715
f 2204 1458 1829
f 2017 1789 318
f 1786 1935 841
f 841 1741 1786
f 1544 1549 1583
f 1788 1555 313
f 1085 1800 1086
f 1788 1086 1800
f 1083 1587 756
f 1571 1805 1568
f 2018 1083 1571
f 743 850 1434
f 803 1063 2119
f 1053 830 808
f 1049 1809 1053
f 830 1039 1050
f 2018 1587 1083
f 1680 2179 1544
f 449 1399 310
f 466 1139 467
f 1744 886 1743
f 2119 829 1357
f 2119 1063 829
f 1899 1680 1583
f 893 1504 891
f 160 140 278
f 771 775 1555
f 1555 774 1793
f 774 775 1793
f 773 763 1793
f 956 1811 1593
f 908 886 1902
f 1594 909 1591
f 771 770 1087
f 1761 1792 1760
f 1601 1725 1374
f 743 736 850
f 473 476 869
f 424 2171 1921
f 965 1302 2020
f 939 1363 925
f 1613 1118 1818
f 925 1118 1954
f 925 1818 1497
f 295 926 1613
f 1827 1696 2163
f 365 1061 739
f 1256 1665 1230
f 477 472 1596
f 2146 1013 1585
f 1900 1833 884
f 934 1720 1825
f 1190 365 739
f 1384 63 1079
f 158 634 193
f 778 1873 718
f 1023 992 924
f 1891 976 1899
f 1914 1699 1001
f 1000 1830 1001
f 1000 1831 1830
f 750 749 882
f 143 16 1242
f 724 723 1673
f 65 427 428
f 1095 945 1096
f 1762 174 153
f 1155 302 1781
f 1891 1583 752
f 1166 1723 1405
f 648 2140 1714
f 53 57 87
f 1502 277 38
f 131 158 195
f 90 1774 691
f 1662 1657 1359
f 405 481 1620
f 1103 1073 1137
f 940 1195 1058
f 533 2198 679
f 679 535 533
f 380 649 274
f 2197 91 679
f 2025 1943 1940
f 89 2086 673
f 89 673 92
f 563 1428 1415
f 1087 770 769
f 573 587 514
f 1874 2023 2148
f 1940 1943 2139
f 2093 2094 2097
f 1675 2134 1304
f 1068 1838 1133
f 339 2066 2145
f 1103 1137 1108
f 1595 116 145
f 674 804 1632
f 117 1215 118
f 133 127 137
f 480 108 380
f 1634 2153 2066
f 144 419 141
f 15 167 644
f 136 186 1232
f 380 274 381
f 1121 2134 1113
f 159 630 634
f 14 16 113
f 1473 1446 1649
f 2131 1972 2042
f 1321 906 358
f 214 630 382
f 100 12 122
f 2134 1121 1304
f 2092 1854 541
f 2135 2147 818
f 1767 120 401
f 2153 2145 2066
f 2083 637 517
f 393 360 1338
f 993 88 542
f 1353 601 1578
f 1869 845 1573
f 1578 375 1353
f 509 511 1292
f 1749 1748 860
f 1130 1461 1952
f 494 1485 506
f 588 1060 1064
f 1461 2006 2026
f 450 2012 1739
f 1352 1305 2110
f 1604 1173 1650
f 1850 1273 2153
f 639 642 801
f 564 1334 1626
f 487 493 429
f 429 493 406
f 294 1422 667
f 1018 1376 1356
f 326 1426 1149
f 557 647 744
f 2086 1851 666
f 1962 2162 564
f 877 1733 873
f 28 5 4
f 493 405 406
f 2108 1208 1348
f 1684 1731 1368
f 1730 1826 1731
f 1726 1507 162
f 1622 646 1011
f 1944 1649 1446
f 1374 1726 182
f 1512 2166 1579
f 2202 1822 1455
f 1722 1452 1385
f 500 501 522
f 1506 1863 1847
f 785 1068 1387
f 2109 705 640
f 1768 2173 2126
f 1473 1423 1385
f 1273 2172 2153
f 1451 389 867
f 560 2126 2173
f 954 1444 1358
f 50 2203 555
f 1420 1168 1952
f 376 18 17
f 47 49 1779
f 2042 2154 1512
f 1241 1222 1742
f 1135 1167 1150
f 1241 1625 1222
f 350 1840 1620
f 1721 1834 2199
f 353 1667 344
f 2080 1403 1279
f 1652 1403 2080
f 1133 1387 1068
f 1877 2201 236
f 1671 1408 1328
f 1443 570 1182
f 1167 1424 1150
f 2087 1991 2161
f 2184 1407 2124
f 433 1261 9
f 1167 1137 1643
f 487 1678 1293
f 1703 1704 998
f 9 1464 523
f 1413 526 1202
f 1001 1697 1691
f 2185 2124 589
f 1692 1262 2019
f 1920 1698 1262
f 1691 1698 1920
f 1837 1213 47
f 1223 1263 1249
f 1331 1953 1029
f 729 905 855
f 2065 2189 2077
f 1122 1325 344
f 1380 1200 1205
f 2184 1645 1224
f 1501 577 2049
f 2176 2082 1625
f 333 288 369
f 87 554 85
f 307 271 273
f 267 307 273
f 267 296 307
f 326 27 1426
f 2049 2106 579
f 1515 902 1628
f 577 2106 2049
f 1371 977 492
f 518 519 1205
f 692 534 1185
f 2073 1486 1315
f 1223 1855 2065
f 1471 1649 2123
f 1386 4 6
f 2116 1405 2118
f 1342 1849 1481
f 1380 1201 1200
f 490 1355 444
f 1092 280 681
f 1267 855 905
f 192 1124 1237
f 1855 1203 1388
f 499 22 24
f 1204 1499 1378
f 520 1204 1378
f 520 521 1381
f 6 1470 1386
f 2047 2039 2040
f 1424 2193 2078
f 1861 1372 1419
f 376 1861 377
f 1299 2191 2189
f 1383 438 273
f 232 2027 1440
f 334 332 368
f 2073 1643 1858
f 1347 1346 1681
f 1625 1423 1222
f 2116 1631 1615
f 1428 563 562
f 1157 579 2106
f 236 2201 1395
f 2071 2079 2075
f 1447 2177 2200
f 989 563 1415
f 602 413 1197
f 1016 1775 1375
f 454 288 333
f 2082 1423 1625
f 291 289 296
f 1375 1317 1364
f 1495 1114 486
f 1437 1420 1952
f 333 369 1310
f 1723 2007 1168
f 349 1487 1314
f 766 1822 2202
f 496 507 839
f 2162 1457 564
f 2096 2032 1750
f 1483 598 559
f 638 1292 1785
f 509 1292 1618
f 603 1483 716
f 603 597 1483
f 716 1483 592
f 308 1170 305
f 484 71 88
f 52 75 51
f 71 484 180
f 152 10 33
f 414 1154 323
f 1154 1102 612
f 2126 1307 589
f 1539 64 1165
f 2149 1099 1121
f 612 164 422
f 620 164 612
f 1294 1295 1503
f 1759 1671 1839
f 183 223 229
f 1134 1171 1291
f 469 468 480
f 1966 725 681
f 1542 1852 1260
f 2116 2118 1631
f 1992 2027 1284
f 487 1293 481
f 938 935 934
f 1759 2172 317
f 982 978 1373
f 1742 1311 1859
f 122 131 100
f 133 134 125
f 1601 1374 982
f 1273 317 2172
f 299 302 1155
f 1593 1591 918
f 120 1767 119
f 60 100 124
f 1203 2188 1484
f 1381 208 452
f 1287 2081 1248
f 1851 671 1210
f 667 666 1210
f 876 1589 877
f 1106 1642 610
f 1589 876 165
f 1682 1845 871
f 711 118 696
f 677 693 1092
f 1764 1401 537
f 2086 2058 1851
f 1851 2058 1153
f 1547 1256 1655
f 1603 1655 1250
f 1081 1045 1866
f 305 524 1776
f 710 281 64
f 827 1075 843
f 2197 2198 2084
f 1780 1172 302
f 1572 1569 1046
f 2018 1569 1572
f 1225 1250 1763
f 1218 2046 2045
f 1393 1888 1567
f 1143 1543 309
f 713 74 543
f 1248 1577 1227
f 2077 2167 2065
f 83 747 114
f 1669 2065 2167
f 1620 403 405
f 1549 1934 2190
f 807 809 755
f 755 1556 1559
f 810 44 1551
f 1109 1878 240
f 742 768 737
f 772 776 2037
f 2125 1768 2126
f 641 640 705
f 1377 1233 1660
f 1757 813 407
f 1969 43 755
f 248 808 1360
f 1871 1765 803
f 803 1765 765
f 1360 241 249
f 239 446 1088
f 2181 884 1771
f 1367 1038 1062
f 1886 1715 1885
f 1885 1887 1557
f 1885 1715 1887
f 1557 1887 1794
f 755 810 1796
f 1072 1043 1042
f 1087 1077 1788
f 1805 1802 1788
f 1788 1571 1083
f 1570 1802 1081
f 1570 1800 1047
f 1123 795 853
f 1367 956 1741
f 1550 1148 727
f 1711 2182 1022
f 1284 487 429
f 836 1896 837
f 2168 2084 2051
f 2052 2055 2178
f 1893 1710 835
f 1710 874 1709
f 1894 1893 837
f 1596 819 822
f 1707 1031 894
f 1707 295 1031
f 1118 295 897
f 1897 897 295
f 1594 1048 886
f 886 1048 918
f 1700 1901 886
f 1593 886 1901
f 1901 1898 1593
f 1425 884 431
f 486 1229 1494
f 915 956 1911
f 1911 917 915
f 915 1981 1695
f 1729 1905 2030
f 1694 1507 1726
f 1946 1727 1909
f 1725 1598 988
f 1373 934 846
f 1734 2163 1846
f 1531 1508 956
f 1530 914 966
f 474 904 805
f 1672 2129 2128
f 1705 1361 934
f 1606 974 1612
f 972 969 1690
f 1013 2146 1012
f 1251 621 1283
f 2062 2075 2060
f 1918 1692 1825
f 599 1538 1259
f 321 320 1704
f 802 645 801
f 1656 1577 1646
f 944 1005 943
f 2167 2072 648
f 1366 591 1019
f 2111 1305 1352
f 1624 1019 591
f 1408 2070 1476
f 765 298 1781
f 246 247 1629
f 565 1645 2124
f 2039 2053 2090
f 2183 2067 2076
f 1514 1344 1188
f 1870 866 2069
f 733 1005 1096
f 1305 2111 2113
f 1624 1959 780
f 465 472 730
f 2157 1199 1099
f 1017 790 1014
f 1004 998 2063
f 1058 838 1006
f 1480 838 1058
f 2090 1948 1937
f 1990 1940 1267
f 2040 1884 1772
f 2101 1738 1841
f 408 404 398
f 2110 1305 1338
f 240 244 243
f 2160 628 2130
f 1516 2093 1580
f 1305 2113 2158
f 1889 1978 2095
f 2100 2095 2151
f 1020 331 595
f 611 1014 610
f 1113 1675 2141
f 963 1634 2066
f 1632 347 674
f 1099 2142 1121
f 391 1864 2054
f 1074 2158 1142
f 1093 1094 887
f 2151 1174 1344
f 541 906 1321
f 316 1318 1657
f 539 541 1854
f 483 374 362
f 393 351 343
f 346 616 544
f 1142 818 1074
f 2122 722 1673
f 336 415 632
f 1323 1738 2103
f 360 343 357
f 1646 1577 1098
f 1338 360 1509
f 688 135 687
f 1853 2124 1407
f 1322 1576 1525
f 288 306 1308
f 2043 1162 574
f 1174 2151 2137
f 1308 334 288
f 2154 1651 1865
f 2112 1151 2113
f 818 1320 604
f 746 2043 1943
f 2121 2181 1771
f 1623 1512 2142
f 2042 1654 2043
f 1322 1541 2074
f 1576 1322 2074
f 1828 2067 1275
f 1173 1301 1770
f 2166 1512 1623
f 2044 1546 933
f 2180 2120 2192
f 1101 1113 2141
f 1296 1876 2111
f 1348 1208 1199
f 1876 2108 1348
f 2145 1669 1510
f 2093 2097 680
f 574 1940 2139
f 1859 1311 1807
f 1525 1640 303
f 1304 1865 619
f 513 512 1219
f 1198 2046 1218
f 205 1107 1435
f 1287 2082 2081
f 1208 1862 2166
f 1579 2166 1862
f 1948 2095 2099
f 640 537 2109
f 500 522 547
f 1281 1275 1863
f 590 1558 2173
f 1648 1314 1642
f 2114 1059 1735
f 394 399 400
f 573 1094 1055
f 780 2131 746
f 421 398 602
f 1561 1294 1498
f 1250 1655 1256
f 2068 2172 1669
f 594 1277 599
f 417 416 594
f 1304 682 703
f 1525 1480 1058
f 1249 2172 1759
f 1263 2172 1249
f 2156 339 648
f 2150 1628 1404
f 805 729 1632
f 463 465 731
f 1311 2004 1807
f 1287 1282 1465
f 458 35 676
f 2004 1414 1663
f 1085 1971 1800
f 1082 784 783
f 1083 756 1081
f 733 465 656
f 2121 2120 2181
f 2178 2171 738
f 289 550 412
f 719 1929 1518
f 719 1518 1870
f 537 1401 2109
f 1195 2146 1359
f 1965 1959 1624
f 1494 1488 1495
f 349 1314 1648
f 2188 1855 1756
f 540 547 495
f 552 551 291
f 1615 1354 2116
f 2146 1195 940
f 1071 1078 1043
f 2191 2079 2071
f 488 443 489
f 490 23 488
f 1870 1518 1688
f 1861 4 1386
f 1635 1312 1858
f 1006 838 1712
f 1464 9 1261
f 808 806 1559
f 809 806 808
f 2155 717 1973
f 1299 1397 1300
f 2117 2008 1440
f 459 341 457
f 2118 1405 1437
f 2132 1980 1366
f 17 46 28
f 2055 2052 2053
f 2053 2048 2055
f 1266 549 1542
f 582 1721 2117
f 1133 1838 1476
f 1424 1167 2193
f 1989 1610 1690
f 37 56 40
f 1437 1405 1420
f 1390 1453 1204
f 2199 2117 1721
f 956 1508 1529
f 2023 1874 627
f 957 1529 1508
f 627 1874 1835
f 1395 1128 1175
f 825 824 427
f 1376 389 1356
f 1056 722 2122
f 363 1877 447
f 921 1048 1901
f 920 1901 1700
f 1594 912 908
f 1700 908 911
f 1777 1073 1103
f 1421 1261 58
f 1192 1838 1358
f 1028 1816 978
f 1374 1958 1995
f 182 2009 1994
f 168 1957 2009
f 297 446 791
f 182 1726 1987
f 1205 520 1378
f 964 1016 1018
f 1932 1997 1013
f 1013 1930 1932
f 1012 1997 1933
f 561 1942 1834
f 889 1977 891
f 1834 1942 2203
f 1024 1504 1025
f 1504 1977 889
f 1504 1026 1025
f 2201 2202 1455
f 844 1028 1998
f 844 2174 1986
f 1970 858 1986
f 1456 1376 1018
f 1387 1962 564
f 977 995 2011
f 901 1007 853
f 1742 1859 2128
f 2177 2162 2015
f 1896 318 872
f 2064 872 318
f 1626 785 564
f 995 508 2011
f 1337 1289 2057
f 851 1696 786
f 1500 297 295
f 1457 1334 564
f 448 1012 313
f 566 962 154
f 2057 1289 1747
f 1334 2032 2096
f 1117 1057 1389
f 1115 1057 1117
f 882 2159 1565
f 2006 1461 1457
f 584 428 823
f 1090 882 1565
f 1936 1611 2007
f 830 791 810
f 180 568 245
f 222 435 217
f 617 221 224
f 310 1882 1071
f 164 1242 169
f 1056 1581 721
f 756 1196 748
f 762 811 768
f 1104 1493 795
f 1227 1656 1226
f 792 788 787
f 1969 1968 1881
f 1349 1023 1676
f 1881 1360 758
f 2 61 476
f 1429 2190 2054
f 1104 795 1123
f 1299 1300 1191
f 1087 776 772
f 1790 778 776
f 1060 2122 1064
f 1757 77 813
f 119 115 1595
f 1110 1119 1548
f 120 657 66
f 243 1548 240
f 662 1089 669
f 662 1210 1089
f 675 121 95
f 1179 1146 2192
f 748 1769 734
f 112 436 277
f 1498 1122 348
f 1489 1145 319
f 1873 748 732
f 535 91 691
f 1144 282 2179
f 255 257 252
f 1145 725 1140
f 1143 1164 1543
f 29 432 31
f 690 692 1584
f 2197 2196 2086
f 1052 1787 1053
f 1053 1787 1049
f 710 64 1934
f 701 238 309
f 525 1540 1781
f 83 114 82
f 2198 1584 2084
f 51 713 1148
f 1178 681 207
f 1584 1780 2182
f 1196 756 1587
f 302 1799 1780
f 1778 1165 64
f 209 212 1139
f 314 1046 1045
f 1587 1046 314
f 543 72 73
f 701 242 238
f 1974 1581 1056
f 1533 280 282
f 1963 309 238
f 1064 1673 586
f 721 1169 722
f 280 64 281
f 1259 421 600
f 1109 238 1878
f 238 1109 1879
f 1879 1963 238
f 1521 1520 1178
f 678 65 66
f 239 1088 1878
f 681 672 677
f 436 112 439
f 772 311 770
f 2120 2121 2192
f 96 127 98
f 114 747 109
f 402 669 1089
f 66 657 1211
f 1968 758 1360
f 1360 830 1968
f 1551 1796 810
f 664 14 86
f 1085 1555 775
f 13 664 82
f 1086 1801 1085
f 1087 1085 776
f 1802 783 778
f 1971 776 1801
f 776 1971 1084
f 1084 1553 776
f 1553 1081 756
f 745 1425 2190
f 2190 1425 2054
f 1043 1088 1500
f 1768 1490 1842
f 1393 1047 1804
f 13 167 15
f 1367 1741 841
f 643 146 150
f 1975 844 858
f 1028 844 1573
f 2171 2178 2055
f 149 175 147
f 175 149 184
f 318 1896 836
f 1675 1113 2134
f 186 1265 218
f 1582 1581 1974
f 1711 2161 2182
f 1045 1047 314
f 792 991 1357
f 182 843 1975
f 1065 1871 905
f 3 1596 465
f 1434 991 1766
f 1808 185 203
f 1038 898 883
f 832 1065 881
f 2159 1813 1565
f 201 170 199
f 464 3 465
f 165 876 1590
f 221 623 229
f 1028 162 1995
f 200 423 201
f 228 609 1147
f 880 945 944
f 2159 902 1813
f 891 895 889
f 888 1534 978
f 1956 888 978
f 1373 888 1028
f 680 2097 2092
f 68 250 613
f 152 33 69
f 2055 2048 2171
f 21 10 259
f 2169 591 1366
f 1067 1696 1827
f 1982 911 1913
f 1983 1898 918
f 966 1913 911
f 478 965 955
f 1021 592 1791
f 1268 591 1582
f 1916 997 1898
f 931 1813 902
f 838 1985 1925
f 2051 1991 2091
f 831 663 2155
f 923 1034 366
f 1648 1642 1106
f 605 1810 2032
f 944 945 1095
f 1712 838 901
f 1705 967 1528
f 883 898 1035
f 1031 1032 1897
f 472 477 471
f 1467 507 614
f 1524 2087 1711
f 403 1840 1648
f 1889 1948 2090
f 508 510 2011
f 1973 627 1835
f 1337 1653 1289
f 2175 448 2036
f 2177 2026 2006
f 2047 2041 420
f 866 1870 1688
f 1040 1653 1337
f 2144 1515 1674
f 1900 1874 903
f 1384 1337 2057
f 804 471 474
f 744 1857 364
f 1622 1011 1384
f 1999 1027 1867
f 1714 2140 320
f 1867 844 1999
f 1446 1463 1944
f 1505 1039 846
f 864 1039 1505
f 1025 864 1024
f 1458 2204 1942
f 1352 2110 1296
f 1427 575 2106
f 940 1058 1006
f 1455 1653 1395
f 627 717 301
f 1444 950 1445
f 1375 1400 1450
f 1400 1449 1450
f 628 831 863
f 1525 303 1629
f 42 1040 1384
f 1415 1159 989
f 606 1058 1195
f 1395 1040 34
f 36 57 37
f 574 1267 1940
f 2141 1675 1059
f 2088 2137 1978
f 2152 1604 1650
f 1437 2177 1439
f 801 642 702
f 995 977 1370
f 1202 1137 1135
f 1522 1324 2094
f 1183 1415 433
f 2150 1668 1628
f 903 2136 2143
f 1324 2103 2097
f 1110 243 239
f 1672 2133 628
f 433 8 1183
f 1424 2079 1433
f 1641 1163 303
f 430 595 611
f 1662 2063 1636
f 1074 818 812
f 1716 1643 1418
f 1586 1332 2133
f 906 942 358
f 2023 1650 2148
f 1477 1176 1133
f 651 1302 965
f 28 4 17
f 1662 1636 315
f 1841 1188 2101
f 2135 2157 2149
f 786 792 817
f 70 1421 76
f 1402 1193 1472
f 388 11 8
f 1738 2100 1841
f 637 2083 2129
f 754 1854 802
f 1441 1244 1517
f 2118 1439 1631
f 1858 1312 1335
f 1515 1628 517
f 1468 1689 1203
f 2127 2165 1512
f 1354 1526 1166
f 1510 2167 648
f 2112 2113 2111
f 903 2148 2136
f 1597 2070 1864
f 2104 553 802
f 2119 1990 1871
f 852 803 789
f 847 1809 1052
f 1054 1809 847
f 1049 860 1748
f 604 2114 1676
f 1960 1566 1047
f 2101 1188 1377
f 1866 1044 314
f 1014 996 610
f 864 1031 1039
f 546 462 1667
f 1706 295 1032
f 1198 1296 2046
f 1867 858 1976
f 1564 1187 1231
f 1656 1506 1226
f 1937 1884 2090
f 2101 2104 2102
f 1208 2107 1862
f 2083 1241 1742
f 1389 1487 349
f 1527 2082 1336
f 1226 1279 1403
f 1479 1677 1414
f 1271 1666 1547
f 1847 1275 1619
f 1227 1403 1652
f 1227 1652 1282
f 1264 1476 2070
f 1536 1671 1759
f 2062 2071 2075
f 611 595 1017
f 1010 328 1020
f 369 288 372
f 2076 2067 2077
f 2081 2150 1848
f 371 369 372
f 1260 1852 1224
f 985 1601 980
f 984 985 980
f 2124 1645 2184
f 353 1501 1255
f 978 1720 979
f 1222 1473 1311
f 1638 1260 1224
f 1117 350 1620
f 1606 1919 974
f 2191 2076 2189
f 2080 1619 2062
f 1677 1683 2185
f 1959 682 619
f 1347 1484 1346
f 2061 2062 1619
f 1460 2189 2065
f 1346 1408 1201
f 944 943 793
f 961 1915 959
f 1288 416 1290
f 958 961 1925
f 2061 1619 1275
f 1671 1614 2070
f 2078 2193 2073
f 1201 1843 1346
f 1843 1209 1681
f 2048 1921 2171
f 934 1725 953
f 1468 1203 1209
f 264 1251 266
f 1865 1512 2154
f 1772 1522 2094
f 1224 1447 2056
f 377 1379 18
f 1631 1439 1447
f 2117 1440 2027
f 582 2117 2027
f 1382 1389 562
f 1256 1230 1763
f 341 340 456
f 924 1823 923
f 1599 983 984
f 839 491 27
f 1244 47 1213
f 984 983 985
f 1257 928 927
f 980 1601 982
f 984 980 981
f 576 579 1157
f 1850 2153 1634
f 1129 32 1717
f 1176 1387 1133
f 1142 1151 2135
f 500 497 530
f 500 530 502
f 87 437 53
f 921 1983 919
f 919 918 913
f 1594 910 917
f 324 1763 1231
f 498 839 1303
f 503 498 1303
f 516 537 640
f 1717 62 63
f 908 912 910
f 2133 1672 590
f 910 909 1902
f 2201 1455 1395
f 888 893 1027
f 347 820 674
f 889 893 888
f 561 563 989
f 57 53 58
f 890 2038 891
f 900 389 1451
f 2204 2203 1942
f 2194 1452 1722
f 2194 1627 505
f 1877 744 2202
f 1736 1456 1364
f 1850 1671 1273
f 941 556 364
f 1454 508 995
f 1345 556 828
f 1961 1278 1449
f 2007 1723 1936
f 2177 2006 2162
f 506 507 496
f 757 1327 508
f 646 593 2059
f 1938 583 2115
f 2115 1992 1938
f 2059 593 1278
f 1334 1457 605
f 1622 1747 559
f 559 1747 1745
f 373 570 375
f 1463 568 1944
f 574 1162 573
f 1377 1660 2104
f 1130 1015 1461
f 375 571 1353
f 845 1869 844
f 1039 844 1754
f 484 1611 568
f 1647 2098 1516
f 21 414 7
f 259 283 21
f 283 259 1491
f 287 1491 259
f 1491 237 283
f 283 237 1102
f 1491 618 237
f 237 612 1102
f 290 618 1491
f 618 620 237
f 423 170 201
f 1438 210 213
f 835 874 834
f 381 274 631
f 1247 262 650
f 262 1247 1431
f 1772 1884 1522
f 650 482 479
f 2165 1654 2042
f 1711 2087 2161
f 148 643 150
f 1199 2157 1348
f 482 650 1661
f 806 755 1559
f 1506 1656 1163
f 482 1661 110
f 1519 661 419
f 800 1396 798
f 1396 800 799
f 1798 796 834
f 270 268 55
f 1661 1417 110
f 686 1194 402
f 270 55 1417
f 2044 1338 1509
f 1185 534 694
f 1417 30 110
f 52 59 97
f 615 676 626
f 704 694 691
f 1790 781 775
f 2138 2100 1738
f 524 1172 1967
f 1172 1780 1967
f 718 308 708
f 2085 2058 2196
f 1966 318 740
f 1966 740 725
f 2037 718 708
f 43 760 1551
f 1623 2142 1099
f 43 1551 1880
f 724 2121 723
f 1409 1878 1110
f 1143 1043 312
f 1132 743 1343
f 2016 44 1406
f 1551 248 2016
f 1576 2074 1640
f 462 460 821
f 758 759 1406
f 43 1406 44
f 1545 721 1581
f 751 768 1883
f 1090 789 1116
f 760 241 1360
f 762 1189 811
f 1399 449 764
f 2180 1973 2120
f 162 1489 319
f 162 1075 1489
f 1972 1651 2042
f 1805 1888 1568
f 1804 1568 1888
f 1570 1568 2018
f 2018 1568 1569
f 2018 1888 1570
f 1318 1177 1322
f 1177 1318 316
f 318 1144 2064
f 1596 3 819
f 2120 1973 2164
f 2084 2161 2051
f 1392 1571 1569
f 1392 1567 1571
f 1569 1044 1046
f 1056 2122 1060
f 1734 2144 2130
f 2142 1304 1121
f 365 366 1061
f 1696 1067 786
f 272 651 277
f 880 543 464
f 25 26 30
f 856 854 1411
f 2155 1973 814
f 1032 1031 864
f 365 424 367
f 1827 831 2155
f 682 1965 1929
f 1480 1525 1629
f 2143 549 1670
f 1899 2156 1680
f 2064 1680 2156
f 943 1711 1022
f 1510 339 2145
f 109 567 114
f 1958 1815 984
f 1038 1898 997
f 1956 1955 1534
f 890 846 1534
f 1118 893 1605
f 1321 680 541
f 1871 1267 905
f 1322 606 1318
f 2099 2138 1323
f 458 31 35
f 934 1361 938
f 1607 938 1361
f 1361 1719 1989
f 1606 1612 1118
f 1607 1610 1608
f 1690 1608 1719
f 2168 2089 2052
f 2114 1320 2141
f 996 1106 610
f 930 927 928
f 929 930 246
f 902 1515 931
f 866 1875 1974
f 968 1361 1705
f 2130 2163 1734
f 392 812 354
f 1113 1101 2147
f 1991 2088 1978
f 2156 1714 2064
f 863 831 1827
f 1010 1020 406
f 1973 1835 2164
f 1318 606 1657
f 2054 752 1583
f 591 1518 1624
f 660 26 475
f 1324 2099 1323
f 1833 1670 431
f 994 652 615
f 465 1596 472
f 26 660 455
f 1349 2069 866
f 904 729 805
f 1844 1980 2025
f 1835 1874 1900
f 1884 2039 2090
f 2039 1884 2040
f 2054 1523 752
f 1585 1662 1359
f 2041 1516 420
f 1332 301 717
f 355 1580 680
f 475 478 660
f 1524 1093 2087
f 719 1870 1059
f 676 35 455
f 703 1929 719
f 1900 903 2143
f 632 1621 336

