case_id	object_key	method	source_exp	retarget_variant_id	metric_standard_id	qpos_frames	qpos_path	scene_xml	trajectory	contact_mask	person_idx	euler_convention	roundtrip_position_error_cm_max	roundtrip_orientation_error_deg_max	contact_3mm_in_mask	raw_contact_in_mask	hand_object_penetration_3mm	lower_body_penetration	foot_slip_max_m	obj_speed_max	ankle_jerk_p95
box001_20231003_1_039_p1	box001	OmniRetarget	E173	omnirt_v1	core4d-e154-physics-contact-v1	126	workspace/core4d/analysis/E197_full_cem_omnirt_vs_prg_metrics/omni_converted_qpos/box001_20231003_1_039_p1_omnirt_scene_act_qpos.npz	example_datasets/processed/core4d/unitree_g1/humanoid_object/dcv3_omnirt_v1_ref_fk_box001_20231003_1_039_p1/scene_act_E173_rubberHull_PRG.xml	example_datasets/processed/core4d/unitree_g1/humanoid_object/dcv3_omnirt_v1_ref_fk_box001_20231003_1_039_p1/0/trajectory_kinematic.npz	/mnt/a0ccc676-9496-49f8-a861-f8a1797dec52/spider_workdirs/core4d/results/E173/s3_retarget/omnirt_v1/ref_fk/results/omnirt_v1_ref_fk/contact_masks/dcv3_omnirt_v1_ref_fk_box001_20231003_1_039_p1/raw_contact_mask_3cm.npz	0	XZY	7.021666937e-14	1.707547293e-06	0	0.9886363636	0.6984126984	0.007936507937	1.990374514	2.36336184	1571.100675
box001_20231003_1_039_p1	box001	PRG	E173	omnirt_v1	core4d-e154-physics-contact-v1	126	/mnt/a0ccc676-9496-49f8-a861-f8a1797dec52/spider_workdirs/core4d/results/E173/s6_downstream/cem/full/E173_box001_20231003_1_039_p1_PRG_outdir_full/trajectory_mjwp_act.npz	example_datasets/processed/core4d/unitree_g1/humanoid_object/dcv3_omnirt_v1_ref_fk_box001_20231003_1_039_p1/scene_act_E173_rubberHull_PRG.xml	example_datasets/processed/core4d/unitree_g1/humanoid_object/dcv3_omnirt_v1_ref_fk_box001_20231003_1_039_p1/0/trajectory_kinematic.npz	/mnt/a0ccc676-9496-49f8-a861-f8a1797dec52/spider_workdirs/core4d/results/E173/s3_retarget/omnirt_v1/ref_fk/results/omnirt_v1_ref_fk/contact_masks/dcv3_omnirt_v1_ref_fk_box001_20231003_1_039_p1/raw_contact_mask_3cm.npz	0				0.6136363636	0.8977272727	0.1984126984	0	0.7864476971	1.34044098	760.191483
box001_20231003_1_039_p2	box001	OmniRetarget	E173	omnirt_v1	core4d-e154-physics-contact-v1	125	workspace/core4d/analysis/E197_full_cem_omnirt_vs_prg_metrics/omni_converted_qpos/box001_20231003_1_039_p2_omnirt_scene_act_qpos.npz	example_datasets/processed/core4d/unitree_g1/humanoid_object/dcv3_omnirt_v1_ref_fk_box001_20231003_1_039_p2/scene_act_E173_rubberHull_PRG.xml	example_datasets/processed/core4d/unitree_g1/humanoid_object/dcv3_omnirt_v1_ref_fk_box001_20231003_1_039_p2/0/trajectory_kinematic.npz	/mnt/a0ccc676-9496-49f8-a861-f8a1797dec52/spider_workdirs/core4d/results/E173/s3_retarget/omnirt_v1/ref_fk/results/omnirt_v1_ref_fk/contact_masks/dcv3_omnirt_v1_ref_fk_box001_20231003_1_039_p2/raw_contact_mask_3cm.npz	1	XZY	4.577566799e-14	2.414836539e-06	0	1	0.648	0.032	1.895656809	2.385994076	1995.133234
box001_20231003_1_039_p2	box001	PRG	E173	omnirt_v1	core4d-e154-physics-contact-v1	125	/mnt/a0ccc676-9496-49f8-a861-f8a1797dec52/spider_workdirs/core4d/results/E173/s6_downstream/cem/full/E173_box001_20231003_1_039_p2_PRG_outdir_full/trajectory_mjwp_act.npz	example_datasets/processed/core4d/unitree_g1/humanoid_object/dcv3_omnirt_v1_ref_fk_box001_20231003_1_039_p2/scene_act_E173_rubberHull_PRG.xml	example_datasets/processed/core4d/unitree_g1/humanoid_object/dcv3_omnirt_v1_ref_fk_box001_20231003_1_039_p2/0/trajectory_kinematic.npz	/mnt/a0ccc676-9496-49f8-a861-f8a1797dec52/spider_workdirs/core4d/results/E173/s3_retarget/omnirt_v1/ref_fk/results/omnirt_v1_ref_fk/contact_masks/dcv3_omnirt_v1_ref_fk_box001_20231003_1_039_p2/raw_contact_mask_3cm.npz	1				0.6794871795	0.7435897436	0.04	0	1.53603724	1.531528116	782.0929713
box001_20231003_1_040_p1	box001	OmniRetarget	E173	omnirt_v1	core4d-e154-physics-contact-v1	130	workspace/core4d/analysis/E197_full_cem_omnirt_vs_prg_metrics/omni_converted_qpos/box001_20231003_1_040_p1_omnirt_scene_act_qpos.npz	example_datasets/processed/core4d/unitree_g1/humanoid_object/dcv3_omnirt_v1_ref_fk_box001_20231003_1_040_p1/scene_act_E173_rubberHull_PRG.xml	example_datasets/processed/core4d/unitree_g1/humanoid_object/dcv3_omnirt_v1_ref_fk_box001_20231003_1_040_p1/0/trajectory_kinematic.npz	/mnt/a0ccc676-9496-49f8-a861-f8a1797dec52/spider_workdirs/core4d/results/E173/s3_retarget/omnirt_v1/ref_fk/results/omnirt_v1_ref_fk/contact_masks/dcv3_omnirt_v1_ref_fk_box001_20231003_1_040_p1/raw_contact_mask_3cm.npz	0	ZYX	5.236911533e-14	2.414836539e-06	0	1	0.6	0.1153846154	1.719547408	1.808062128	1599.793209
box001_20231003_1_040_p1	box001	PRG	E173	omnirt_v1	core4d-e154-physics-contact-v1	130	/mnt/a0ccc676-9496-49f8-a861-f8a1797dec52/spider_workdirs/core4d/results/E173/s6_downstream/cem/full/E173_box001_20231003_1_040_p1_PRG_outdir_full/trajectory_mjwp_act.npz	example_datasets/processed/core4d/unitree_g1/humanoid_object/dcv3_omnirt_v1_ref_fk_box001_20231003_1_040_p1/scene_act_E173_rubberHull_PRG.xml	example_datasets/processed/core4d/unitree_g1/humanoid_object/dcv3_omnirt_v1_ref_fk_box001_20231003_1_040_p1/0/trajectory_kinematic.npz	/mnt/a0ccc676-9496-49f8-a861-f8a1797dec52/spider_workdirs/core4d/results/E173/s3_retarget/omnirt_v1/ref_fk/results/omnirt_v1_ref_fk/contact_masks/dcv3_omnirt_v1_ref_fk_box001_20231003_1_040_p1/raw_contact_mask_3cm.npz	0				0.4324324324	0.7702702703	0.1923076923	0.1461538462	1.211315369	1.786121038	847.4034532
box001_20231003_1_040_p2	box001	OmniRetarget	E173	omnirt_v2	core4d-e154-physics-contact-v1	128	workspace/core4d/analysis/E197_full_cem_omnirt_vs_prg_metrics/omni_converted_qpos/box001_20231003_1_040_p2_omnirt_scene_act_qpos.npz	example_datasets/processed/core4d/unitree_g1/humanoid_object/dcv3_omnirt_v2_ref_fk_box001_20231003_1_040_p2/scene_act_E173_rubberHull_PRG.xml	example_datasets/processed/core4d/unitree_g1/humanoid_object/dcv3_omnirt_v2_ref_fk_box001_20231003_1_040_p2/0/trajectory_kinematic.npz	/mnt/a0ccc676-9496-49f8-a861-f8a1797dec52/spider_workdirs/core4d/results/E173/s3_retarget/omnirt_v2/ref_fk/results/omnirt_v2_ref_fk/contact_masks/dcv3_omnirt_v2_ref_fk_box001_20231003_1_040_p2/raw_contact_mask_3cm.npz	1	ZYX	8.082545621e-14	2.414836539e-06	0.05479452055	1	0.5390625	0	1.940457545	1.825377091	1338.877219
box001_20231003_1_040_p2	box001	PRG	E173	omnirt_v2	core4d-e154-physics-contact-v1	128	/mnt/a0ccc676-9496-49f8-a861-f8a1797dec52/spider_workdirs/core4d/results/E173/s6_downstream/cem/full/E173_box001_20231003_1_040_p2_PRG_outdir_full/trajectory_mjwp_act.npz	example_datasets/processed/core4d/unitree_g1/humanoid_object/dcv3_omnirt_v2_ref_fk_box001_20231003_1_040_p2/scene_act_E173_rubberHull_PRG.xml	example_datasets/processed/core4d/unitree_g1/humanoid_object/dcv3_omnirt_v2_ref_fk_box001_20231003_1_040_p2/0/trajectory_kinematic.npz	/mnt/a0ccc676-9496-49f8-a861-f8a1797dec52/spider_workdirs/core4d/results/E173/s3_retarget/omnirt_v2/ref_fk/results/omnirt_v2_ref_fk/contact_masks/dcv3_omnirt_v2_ref_fk_box001_20231003_1_040_p2/raw_contact_mask_3cm.npz	1				0.2191780822	0.9178082192	0.4140625	0	0.5821039547	1.849028692	656.0980107
box001_20231003_1_041_p1	box001	OmniRetarget	E173	omnirt_v2	core4d-e154-physics-contact-v1	147	workspace/core4d/analysis/E197_full_cem_omnirt_vs_prg_metrics/omni_converted_qpos/box001_20231003_1_041_p1_omnirt_scene_act_qpos.npz	example_datasets/processed/core4d/unitree_g1/humanoid_object/dcv3_omnirt_v2_ref_fk_box001_20231003_1_041_p1/scene_act_E173_rubberHull_PRG.xml	example_datasets/processed/core4d/unitree_g1/humanoid_object/dcv3_omnirt_v2_ref_fk_box001_20231003_1_041_p1/0/trajectory_kinematic.npz	/mnt/a0ccc676-9496-49f8-a861-f8a1797dec52/spider_workdirs/core4d/results/E173/s3_retarget/omnirt_v2/ref_fk/results/omnirt_v2_ref_fk/contact_masks/dcv3_omnirt_v2_ref_fk_box001_20231003_1_041_p1/raw_contact_mask_3cm.npz	0	ZYX	8.082545621e-14	2.957558667e-06	0.01724137931	0.8275862069	0.7074829932	0.06802721088	2.143543782	4.084323376	1572.909304
box001_20231003_1_041_p1	box001	PRG	E173	omnirt_v2	core4d-e154-physics-contact-v1	147	/mnt/a0ccc676-9496-49f8-a861-f8a1797dec52/spider_workdirs/core4d/results/E173/s6_downstream/cem/full/E173_box001_20231003_1_041_p1_PRG_outdir_full/trajectory_mjwp_act.npz	example_datasets/processed/core4d/unitree_g1/humanoid_object/dcv3_omnirt_v2_ref_fk_box001_20231003_1_041_p1/scene_act_E173_rubberHull_PRG.xml	example_datasets/processed/core4d/unitree_g1/humanoid_object/dcv3_omnirt_v2_ref_fk_box001_20231003_1_041_p1/0/trajectory_kinematic.npz	/mnt/a0ccc676-9496-49f8-a861-f8a1797dec52/spider_workdirs/core4d/results/E173/s3_retarget/omnirt_v2/ref_fk/results/omnirt_v2_ref_fk/contact_masks/dcv3_omnirt_v2_ref_fk_box001_20231003_1_041_p1/raw_contact_mask_3cm.npz	0				0.3448275862	0.8965517241	0.4693877551	0	1.709945953	1.478975524	639.4227115
box001_20231003_1_041_p2	box001	OmniRetarget	E173	omnirt_v1	core4d-e154-physics-contact-v1	142	workspace/core4d/analysis/E197_full_cem_omnirt_vs_prg_metrics/omni_converted_qpos/box001_20231003_1_041_p2_omnirt_scene_act_qpos.npz	example_datasets/processed/core4d/unitree_g1/humanoid_object/dcv3_omnirt_v1_ref_fk_box001_20231003_1_041_p2/scene_act_E173_rubberHull_PRG.xml	example_datasets/processed/core4d/unitree_g1/humanoid_object/dcv3_omnirt_v1_ref_fk_box001_20231003_1_041_p2/0/trajectory_kinematic.npz	/mnt/a0ccc676-9496-49f8-a861-f8a1797dec52/spider_workdirs/core4d/results/E173/s3_retarget/omnirt_v1/ref_fk/results/omnirt_v1_ref_fk/contact_masks/dcv3_omnirt_v1_ref_fk_box001_20231003_1_041_p2/raw_contact_mask_3cm.npz	1	ZYX	5.438959822e-14	2.414836539e-06	0.05504587156	1	0.7394366197	0	1.73663662	4.123435561	1506.672842
box001_20231003_1_041_p2	box001	PRG	E173	omnirt_v1	core4d-e154-physics-contact-v1	142	/mnt/a0ccc676-9496-49f8-a861-f8a1797dec52/spider_workdirs/core4d/results/E173/s6_downstream/cem/full/E173_box001_20231003_1_041_p2_PRG_outdir_full/trajectory_mjwp_act.npz	example_datasets/processed/core4d/unitree_g1/humanoid_object/dcv3_omnirt_v1_ref_fk_box001_20231003_1_041_p2/scene_act_E173_rubberHull_PRG.xml	example_datasets/processed/core4d/unitree_g1/humanoid_object/dcv3_omnirt_v1_ref_fk_box001_20231003_1_041_p2/0/trajectory_kinematic.npz	/mnt/a0ccc676-9496-49f8-a861-f8a1797dec52/spider_workdirs/core4d/results/E173/s3_retarget/omnirt_v1/ref_fk/results/omnirt_v1_ref_fk/contact_masks/dcv3_omnirt_v1_ref_fk_box001_20231003_1_041_p2/raw_contact_mask_3cm.npz	1				0.5321100917	0.7798165138	0.1971830986	0.1126760563	1.060781118	1.358548589	592.0127376
box001_20231003_1_042_p1	box001	OmniRetarget	E173	omnirt_v1	core4d-e154-physics-contact-v1	109	workspace/core4d/analysis/E197_full_cem_omnirt_vs_prg_metrics/omni_converted_qpos/box001_20231003_1_042_p1_omnirt_scene_act_qpos.npz	example_datasets/processed/core4d/unitree_g1/humanoid_object/dcv3_omnirt_v1_ref_fk_box001_20231003_1_042_p1/scene_act_E173_rubberHull_PRG.xml	example_datasets/processed/core4d/unitree_g1/humanoid_object/dcv3_omnirt_v1_ref_fk_box001_20231003_1_042_p1/0/trajectory_kinematic.npz	/mnt/a0ccc676-9496-49f8-a861-f8a1797dec52/spider_workdirs/core4d/results/E173/s3_retarget/omnirt_v1/ref_fk/results/omnirt_v1_ref_fk/contact_masks/dcv3_omnirt_v1_ref_fk_box001_20231003_1_042_p1/raw_contact_mask_3cm.npz	0	XZY	4.652682299e-14	2.414836539e-06	0.01515151515	1	0.623853211	0	0.5821989197	4.328086818	1181.644471
box001_20231003_1_042_p1	box001	PRG	E173	omnirt_v1	core4d-e154-physics-contact-v1	109	/mnt/a0ccc676-9496-49f8-a861-f8a1797dec52/spider_workdirs/core4d/results/E173/s6_downstream/cem/full/E173_box001_20231003_1_042_p1_PRG_outdir_full/trajectory_mjwp_act.npz	example_datasets/processed/core4d/unitree_g1/humanoid_object/dcv3_omnirt_v1_ref_fk_box001_20231003_1_042_p1/scene_act_E173_rubberHull_PRG.xml	example_datasets/processed/core4d/unitree_g1/humanoid_object/dcv3_omnirt_v1_ref_fk_box001_20231003_1_042_p1/0/trajectory_kinematic.npz	/mnt/a0ccc676-9496-49f8-a861-f8a1797dec52/spider_workdirs/core4d/results/E173/s3_retarget/omnirt_v1/ref_fk/results/omnirt_v1_ref_fk/contact_masks/dcv3_omnirt_v1_ref_fk_box001_20231003_1_042_p1/raw_contact_mask_3cm.npz	0				0.5606060606	0.9393939394	0.3027522936	0	0.9343621088	0.8694193129	398.563334
box001_20231003_1_042_p2	box001	OmniRetarget	E173	omnirt_v1	core4d-e154-physics-contact-v1	122	workspace/core4d/analysis/E197_full_cem_omnirt_vs_prg_metrics/omni_converted_qpos/box001_20231003_1_042_p2_omnirt_scene_act_qpos.npz	example_datasets/processed/core4d/unitree_g1/humanoid_object/dcv3_omnirt_v1_ref_fk_box001_20231003_1_042_p2/scene_act_E173_rubberHull_PRG.xml	example_datasets/processed/core4d/unitree_g1/humanoid_object/dcv3_omnirt_v1_ref_fk_box001_20231003_1_042_p2/0/trajectory_kinematic.npz	/mnt/a0ccc676-9496-49f8-a861-f8a1797dec52/spider_workdirs/core4d/results/E173/s3_retarget/omnirt_v1/ref_fk/results/omnirt_v1_ref_fk/contact_masks/dcv3_omnirt_v1_ref_fk_box001_20231003_1_042_p2/raw_contact_mask_3cm.npz	1	XZY	3.642754084e-14	2.414836539e-06	0	1	0.5737704918	0	0.8482788192	4.369534523	1119.690837
box001_20231003_1_042_p2	box001	PRG	E173	omnirt_v1	core4d-e154-physics-contact-v1	122	/mnt/a0ccc676-9496-49f8-a861-f8a1797dec52/spider_workdirs/core4d/results/E173/s6_downstream/cem/full/E173_box001_20231003_1_042_p2_PRG_outdir_full/trajectory_mjwp_act.npz	example_datasets/processed/core4d/unitree_g1/humanoid_object/dcv3_omnirt_v1_ref_fk_box001_20231003_1_042_p2/scene_act_E173_rubberHull_PRG.xml	example_datasets/processed/core4d/unitree_g1/humanoid_object/dcv3_omnirt_v1_ref_fk_box001_20231003_1_042_p2/0/trajectory_kinematic.npz	/mnt/a0ccc676-9496-49f8-a861-f8a1797dec52/spider_workdirs/core4d/results/E173/s3_retarget/omnirt_v1/ref_fk/results/omnirt_v1_ref_fk/contact_masks/dcv3_omnirt_v1_ref_fk_box001_20231003_1_042_p2/raw_contact_mask_3cm.npz	1				0.1746031746	0.5714285714	0.2049180328	0	0.7031328883	1.064126105	673.6830931
box001_20231003_1_043_p2	box001	OmniRetarget	E173	omnirt_v1	core4d-e154-physics-contact-v1	119	workspace/core4d/analysis/E197_full_cem_omnirt_vs_prg_metrics/omni_converted_qpos/box001_20231003_1_043_p2_omnirt_scene_act_qpos.npz	example_datasets/processed/core4d/unitree_g1/humanoid_object/dcv3_omnirt_v1_ref_fk_box001_20231003_1_043_p2/scene_act_E173_rubberHull_PRG.xml	example_datasets/processed/core4d/unitree_g1/humanoid_object/dcv3_omnirt_v1_ref_fk_box001_20231003_1_043_p2/0/trajectory_kinematic.npz	/mnt/a0ccc676-9496-49f8-a861-f8a1797dec52/spider_workdirs/core4d/results/E173/s3_retarget/omnirt_v1/ref_fk/results/omnirt_v1_ref_fk/contact_masks/dcv3_omnirt_v1_ref_fk_box001_20231003_1_043_p2/raw_contact_mask_3cm.npz	1	ZYX	3.140184917e-14	2.957558667e-06	0	1	0.6134453782	0.01680672269	1.719843097	5.695547356	1517.879482
box001_20231003_1_043_p2	box001	PRG	E173	omnirt_v1	core4d-e154-physics-contact-v1	119	/mnt/a0ccc676-9496-49f8-a861-f8a1797dec52/spider_workdirs/core4d/results/E173/s6_downstream/cem/full/E173_box001_20231003_1_043_p2_PRG_outdir_full/trajectory_mjwp_act.npz	example_datasets/processed/core4d/unitree_g1/humanoid_object/dcv3_omnirt_v1_ref_fk_box001_20231003_1_043_p2/scene_act_E173_rubberHull_PRG.xml	example_datasets/processed/core4d/unitree_g1/humanoid_object/dcv3_omnirt_v1_ref_fk_box001_20231003_1_043_p2/0/trajectory_kinematic.npz	/mnt/a0ccc676-9496-49f8-a861-f8a1797dec52/spider_workdirs/core4d/results/E173/s3_retarget/omnirt_v1/ref_fk/results/omnirt_v1_ref_fk/contact_masks/dcv3_omnirt_v1_ref_fk_box001_20231003_1_043_p2/raw_contact_mask_3cm.npz	1				0.3188405797	0.6666666667	0.2268907563	0.02521008403	0.5706033693	1.871137954	1343.556156
box001_20231003_2_037_p1	box001	OmniRetarget	E173	omnirt_v1	core4d-e154-physics-contact-v1	110	workspace/core4d/analysis/E197_full_cem_omnirt_vs_prg_metrics/omni_converted_qpos/box001_20231003_2_037_p1_omnirt_scene_act_qpos.npz	example_datasets/processed/core4d/unitree_g1/humanoid_object/dcv3_omnirt_v1_ref_fk_box001_20231003_2_037_p1/scene_act_E173_rubberHull_PRG.xml	example_datasets/processed/core4d/unitree_g1/humanoid_object/dcv3_omnirt_v1_ref_fk_box001_20231003_2_037_p1/0/trajectory_kinematic.npz	/mnt/a0ccc676-9496-49f8-a861-f8a1797dec52/spider_workdirs/core4d/results/E173/s3_retarget/omnirt_v1/ref_fk/results/omnirt_v1_ref_fk/contact_masks/dcv3_omnirt_v1_ref_fk_box001_20231003_2_037_p1/raw_contact_mask_3cm.npz	0	XZY	2.719479911e-14	1.707547293e-06	0	0.975	0.7272727273	0.009090909091	1.579058349	2.819878374	1436.138859
box001_20231003_2_037_p1	box001	PRG	E173	omnirt_v1	core4d-e154-physics-contact-v1	110	/mnt/a0ccc676-9496-49f8-a861-f8a1797dec52/spider_workdirs/core4d/results/E173/s6_downstream/cem/full/E173_box001_20231003_2_037_p1_PRG_outdir_full/trajectory_mjwp_act.npz	example_datasets/processed/core4d/unitree_g1/humanoid_object/dcv3_omnirt_v1_ref_fk_box001_20231003_2_037_p1/scene_act_E173_rubberHull_PRG.xml	example_datasets/processed/core4d/unitree_g1/humanoid_object/dcv3_omnirt_v1_ref_fk_box001_20231003_2_037_p1/0/trajectory_kinematic.npz	/mnt/a0ccc676-9496-49f8-a861-f8a1797dec52/spider_workdirs/core4d/results/E173/s3_retarget/omnirt_v1/ref_fk/results/omnirt_v1_ref_fk/contact_masks/dcv3_omnirt_v1_ref_fk_box001_20231003_2_037_p1/raw_contact_mask_3cm.npz	0				0.3875	0.95	0.4090909091	0	0.8843357066	1.134807261	661.3123573
box001_20231003_2_037_p2	box001	OmniRetarget	E173	omnirt_v1	core4d-e154-physics-contact-v1	115	workspace/core4d/analysis/E197_full_cem_omnirt_vs_prg_metrics/omni_converted_qpos/box001_20231003_2_037_p2_omnirt_scene_act_qpos.npz	example_datasets/processed/core4d/unitree_g1/humanoid_object/dcv3_omnirt_v1_ref_fk_box001_20231003_2_037_p2/scene_act_E173_rubberHull_PRG.xml	example_datasets/processed/core4d/unitree_g1/humanoid_object/dcv3_omnirt_v1_ref_fk_box001_20231003_2_037_p2/0/trajectory_kinematic.npz	/mnt/a0ccc676-9496-49f8-a861-f8a1797dec52/spider_workdirs/core4d/results/E173/s3_retarget/omnirt_v1/ref_fk/results/omnirt_v1_ref_fk/contact_masks/dcv3_omnirt_v1_ref_fk_box001_20231003_2_037_p2/raw_contact_mask_3cm.npz	1	XZY	8.916411167e-14	2.414836539e-06	0.01149425287	1	0.7913043478	0.09565217391	1.430332872	2.837806652	1428.605965
box001_20231003_2_037_p2	box001	PRG	E173	omnirt_v1	core4d-e154-physics-contact-v1	115	/mnt/a0ccc676-9496-49f8-a861-f8a1797dec52/spider_workdirs/core4d/results/E173/s6_downstream/cem/full/E173_box001_20231003_2_037_p2_PRG_outdir_full/trajectory_mjwp_act.npz	example_datasets/processed/core4d/unitree_g1/humanoid_object/dcv3_omnirt_v1_ref_fk_box001_20231003_2_037_p2/scene_act_E173_rubberHull_PRG.xml	example_datasets/processed/core4d/unitree_g1/humanoid_object/dcv3_omnirt_v1_ref_fk_box001_20231003_2_037_p2/0/trajectory_kinematic.npz	/mnt/a0ccc676-9496-49f8-a861-f8a1797dec52/spider_workdirs/core4d/results/E173/s3_retarget/omnirt_v1/ref_fk/results/omnirt_v1_ref_fk/contact_masks/dcv3_omnirt_v1_ref_fk_box001_20231003_2_037_p2/raw_contact_mask_3cm.npz	1				0.5172413793	0.8390804598	0.2434782609	0.3826086957	1.354948086	1.540722589	1009.355319
box001_20231003_2_038_p1	box001	OmniRetarget	E173	omnirt_v1	core4d-e154-physics-contact-v1	109	workspace/core4d/analysis/E197_full_cem_omnirt_vs_prg_metrics/omni_converted_qpos/box001_20231003_2_038_p1_omnirt_scene_act_qpos.npz	example_datasets/processed/core4d/unitree_g1/humanoid_object/dcv3_omnirt_v1_ref_fk_box001_20231003_2_038_p1/scene_act_E173_rubberHull_PRG.xml	example_datasets/processed/core4d/unitree_g1/humanoid_object/dcv3_omnirt_v1_ref_fk_box001_20231003_2_038_p1/0/trajectory_kinematic.npz	/mnt/a0ccc676-9496-49f8-a861-f8a1797dec52/spider_workdirs/core4d/results/E173/s3_retarget/omnirt_v1/ref_fk/results/omnirt_v1_ref_fk/contact_masks/dcv3_omnirt_v1_ref_fk_box001_20231003_2_038_p1/raw_contact_mask_3cm.npz	0	XZY	4.871083752e-14	1.707547293e-06	0.06557377049	1	0.5321100917	0.119266055	0.7660987293	1.182332687	1236.494962
box001_20231003_2_038_p1	box001	PRG	E173	omnirt_v1	core4d-e154-physics-contact-v1	109	/mnt/a0ccc676-9496-49f8-a861-f8a1797dec52/spider_workdirs/core4d/results/E173/s6_downstream/cem/full/E173_box001_20231003_2_038_p1_PRG_outdir_full/trajectory_mjwp_act.npz	example_datasets/processed/core4d/unitree_g1/humanoid_object/dcv3_omnirt_v1_ref_fk_box001_20231003_2_038_p1/scene_act_E173_rubberHull_PRG.xml	example_datasets/processed/core4d/unitree_g1/humanoid_object/dcv3_omnirt_v1_ref_fk_box001_20231003_2_038_p1/0/trajectory_kinematic.npz	/mnt/a0ccc676-9496-49f8-a861-f8a1797dec52/spider_workdirs/core4d/results/E173/s3_retarget/omnirt_v1/ref_fk/results/omnirt_v1_ref_fk/contact_masks/dcv3_omnirt_v1_ref_fk_box001_20231003_2_038_p1/raw_contact_mask_3cm.npz	0				0.5409836066	0.7540983607	0.119266055	0	0.815605576	0.9044794109	612.3372145
box001_20231003_2_038_p2	box001	OmniRetarget	E173	omnirt_v1	core4d-e154-physics-contact-v1	110	workspace/core4d/analysis/E197_full_cem_omnirt_vs_prg_metrics/omni_converted_qpos/box001_20231003_2_038_p2_omnirt_scene_act_qpos.npz	example_datasets/processed/core4d/unitree_g1/humanoid_object/dcv3_omnirt_v1_ref_fk_box001_20231003_2_038_p2/scene_act_E173_rubberHull_PRG.xml	example_datasets/processed/core4d/unitree_g1/humanoid_object/dcv3_omnirt_v1_ref_fk_box001_20231003_2_038_p2/0/trajectory_kinematic.npz	/mnt/a0ccc676-9496-49f8-a861-f8a1797dec52/spider_workdirs/core4d/results/E173/s3_retarget/omnirt_v1/ref_fk/results/omnirt_v1_ref_fk/contact_masks/dcv3_omnirt_v1_ref_fk_box001_20231003_2_038_p2/raw_contact_mask_3cm.npz	1	XZY	5.266250203e-14	2.414836539e-06	0.03389830508	1	0.5727272727	0	0.8282033028	1.189853529	1454.974929
box001_20231003_2_038_p2	box001	PRG	E173	omnirt_v1	core4d-e154-physics-contact-v1	110	/mnt/a0ccc676-9496-49f8-a861-f8a1797dec52/spider_workdirs/core4d/results/E173/s6_downstream/cem/full/E173_box001_20231003_2_038_p2_PRG_outdir_full/trajectory_mjwp_act.npz	example_datasets/processed/core4d/unitree_g1/humanoid_object/dcv3_omnirt_v1_ref_fk_box001_20231003_2_038_p2/scene_act_E173_rubberHull_PRG.xml	example_datasets/processed/core4d/unitree_g1/humanoid_object/dcv3_omnirt_v1_ref_fk_box001_20231003_2_038_p2/0/trajectory_kinematic.npz	/mnt/a0ccc676-9496-49f8-a861-f8a1797dec52/spider_workdirs/core4d/results/E173/s3_retarget/omnirt_v1/ref_fk/results/omnirt_v1_ref_fk/contact_masks/dcv3_omnirt_v1_ref_fk_box001_20231003_2_038_p2/raw_contact_mask_3cm.npz	1				0.3728813559	0.8474576271	0.2727272727	0	0.8150237816	0.9270266548	600.1779427
box001_20231003_2_039_p1	box001	OmniRetarget	E173	omnirt_v2	core4d-e154-physics-contact-v1	100	workspace/core4d/analysis/E197_full_cem_omnirt_vs_prg_metrics/omni_converted_qpos/box001_20231003_2_039_p1_omnirt_scene_act_qpos.npz	example_datasets/processed/core4d/unitree_g1/humanoid_object/dcv3_omnirt_v2_ref_fk_box001_20231003_2_039_p1/scene_act_E173_rubberHull_PRG.xml	example_datasets/processed/core4d/unitree_g1/humanoid_object/dcv3_omnirt_v2_ref_fk_box001_20231003_2_039_p1/0/trajectory_kinematic.npz	/mnt/a0ccc676-9496-49f8-a861-f8a1797dec52/spider_workdirs/core4d/results/E173/s3_retarget/omnirt_v2/ref_fk/results/omnirt_v2_ref_fk/contact_masks/dcv3_omnirt_v2_ref_fk_box001_20231003_2_039_p1/raw_contact_mask_3cm.npz	0	XZY	2.543840524e-14	2.414836539e-06	0	1	0.67	0.01	0.6599132234	2.644874468	1207.223436
box001_20231003_2_039_p1	box001	PRG	E173	omnirt_v2	core4d-e154-physics-contact-v1	100	/mnt/a0ccc676-9496-49f8-a861-f8a1797dec52/spider_workdirs/core4d/results/E173/s6_downstream/cem/full/E173_box001_20231003_2_039_p1_PRG_outdir_full/trajectory_mjwp_act.npz	example_datasets/processed/core4d/unitree_g1/humanoid_object/dcv3_omnirt_v2_ref_fk_box001_20231003_2_039_p1/scene_act_E173_rubberHull_PRG.xml	example_datasets/processed/core4d/unitree_g1/humanoid_object/dcv3_omnirt_v2_ref_fk_box001_20231003_2_039_p1/0/trajectory_kinematic.npz	/mnt/a0ccc676-9496-49f8-a861-f8a1797dec52/spider_workdirs/core4d/results/E173/s3_retarget/omnirt_v2/ref_fk/results/omnirt_v2_ref_fk/contact_masks/dcv3_omnirt_v2_ref_fk_box001_20231003_2_039_p1/raw_contact_mask_3cm.npz	0				0.619047619	0.9841269841	0.26	0	0.6609560715	0.8578939035	284.1337667
box001_20231003_2_041_p1	box001	OmniRetarget	E173	omnirt_v1	core4d-e154-physics-contact-v1	157	workspace/core4d/analysis/E197_full_cem_omnirt_vs_prg_metrics/omni_converted_qpos/box001_20231003_2_041_p1_omnirt_scene_act_qpos.npz	example_datasets/processed/core4d/unitree_g1/humanoid_object/dcv3_omnirt_v1_ref_fk_box001_20231003_2_041_p1/scene_act_E173_rubberHull_PRG.xml	example_datasets/processed/core4d/unitree_g1/humanoid_object/dcv3_omnirt_v1_ref_fk_box001_20231003_2_041_p1/0/trajectory_kinematic.npz	/mnt/a0ccc676-9496-49f8-a861-f8a1797dec52/spider_workdirs/core4d/results/E173/s3_retarget/omnirt_v1/ref_fk/results/omnirt_v1_ref_fk/contact_masks/dcv3_omnirt_v1_ref_fk_box001_20231003_2_041_p1/raw_contact_mask_3cm.npz	0	XZY	6.690187733e-14	2.414836539e-06	0	0.9921259843	0.8598726115	0	1.524256643	2.231432483	1246.240048
box001_20231003_2_041_p1	box001	PRG	E173	omnirt_v1	core4d-e154-physics-contact-v1	157	/mnt/a0ccc676-9496-49f8-a861-f8a1797dec52/spider_workdirs/core4d/results/E173/s6_downstream/cem/full/E173_box001_20231003_2_041_p1_PRG_outdir_full/trajectory_mjwp_act.npz	example_datasets/processed/core4d/unitree_g1/humanoid_object/dcv3_omnirt_v1_ref_fk_box001_20231003_2_041_p1/scene_act_E173_rubberHull_PRG.xml	example_datasets/processed/core4d/unitree_g1/humanoid_object/dcv3_omnirt_v1_ref_fk_box001_20231003_2_041_p1/0/trajectory_kinematic.npz	/mnt/a0ccc676-9496-49f8-a861-f8a1797dec52/spider_workdirs/core4d/results/E173/s3_retarget/omnirt_v1/ref_fk/results/omnirt_v1_ref_fk/contact_masks/dcv3_omnirt_v1_ref_fk_box001_20231003_2_041_p1/raw_contact_mask_3cm.npz	0				0.811023622	0.8976377953	0.07643312102	0	1.471506716	0.7924944598	537.1482072
box001_20231020_010_p1	box001	OmniRetarget	E173	omnirt_v1	core4d-e154-physics-contact-v1	99	workspace/core4d/analysis/E197_full_cem_omnirt_vs_prg_metrics/omni_converted_qpos/box001_20231020_010_p1_omnirt_scene_act_qpos.npz	example_datasets/processed/core4d/unitree_g1/humanoid_object/dcv3_omnirt_v1_ref_fk_box001_20231020_010_p1/scene_act_E173_rubberHull_PRG.xml	example_datasets/processed/core4d/unitree_g1/humanoid_object/dcv3_omnirt_v1_ref_fk_box001_20231020_010_p1/0/trajectory_kinematic.npz	/mnt/a0ccc676-9496-49f8-a861-f8a1797dec52/spider_workdirs/core4d/results/E173/s3_retarget/omnirt_v1/ref_fk/results/omnirt_v1_ref_fk/contact_masks/dcv3_omnirt_v1_ref_fk_box001_20231020_010_p1/raw_contact_mask_3cm.npz	0	XZY	7.108895958e-14	2.414836539e-06	0	1	0.6767676768	0	0.7525984239	2.185485239	1566.953428
box001_20231020_010_p1	box001	PRG	E173	omnirt_v1	core4d-e154-physics-contact-v1	99	/mnt/a0ccc676-9496-49f8-a861-f8a1797dec52/spider_workdirs/core4d/results/E173/s6_downstream/cem/full/E173_box001_20231020_010_p1_PRG_outdir_full/trajectory_mjwp_act.npz	example_datasets/processed/core4d/unitree_g1/humanoid_object/dcv3_omnirt_v1_ref_fk_box001_20231020_010_p1/scene_act_E173_rubberHull_PRG.xml	example_datasets/processed/core4d/unitree_g1/humanoid_object/dcv3_omnirt_v1_ref_fk_box001_20231020_010_p1/0/trajectory_kinematic.npz	/mnt/a0ccc676-9496-49f8-a861-f8a1797dec52/spider_workdirs/core4d/results/E173/s3_retarget/omnirt_v1/ref_fk/results/omnirt_v1_ref_fk/contact_masks/dcv3_omnirt_v1_ref_fk_box001_20231020_010_p1/raw_contact_mask_3cm.npz	0				0.625	0.75	0.08080808081	0.1313131313	0.5236729153	1.727970291	642.4194494
box001_20231020_011_p1	box001	OmniRetarget	E173	omnirt_v1	core4d-e154-physics-contact-v1	102	workspace/core4d/analysis/E197_full_cem_omnirt_vs_prg_metrics/omni_converted_qpos/box001_20231020_011_p1_omnirt_scene_act_qpos.npz	example_datasets/processed/core4d/unitree_g1/humanoid_object/dcv3_omnirt_v1_ref_fk_box001_20231020_011_p1/scene_act_E173_rubberHull_PRG.xml	example_datasets/processed/core4d/unitree_g1/humanoid_object/dcv3_omnirt_v1_ref_fk_box001_20231020_011_p1/0/trajectory_kinematic.npz	/mnt/a0ccc676-9496-49f8-a861-f8a1797dec52/spider_workdirs/core4d/results/E173/s3_retarget/omnirt_v1/ref_fk/results/omnirt_v1_ref_fk/contact_masks/dcv3_omnirt_v1_ref_fk_box001_20231020_011_p1/raw_contact_mask_3cm.npz	0	ZYX	3.682193206e-14	2.414836539e-06	0	1	0.6470588235	0	0.7823335826	1.665779988	1518.180079
box001_20231020_011_p1	box001	PRG	E173	omnirt_v1	core4d-e154-physics-contact-v1	102	/mnt/a0ccc676-9496-49f8-a861-f8a1797dec52/spider_workdirs/core4d/results/E173/s6_downstream/cem/full/E173_box001_20231020_011_p1_PRG_outdir_full/trajectory_mjwp_act.npz	example_datasets/processed/core4d/unitree_g1/humanoid_object/dcv3_omnirt_v1_ref_fk_box001_20231020_011_p1/scene_act_E173_rubberHull_PRG.xml	example_datasets/processed/core4d/unitree_g1/humanoid_object/dcv3_omnirt_v1_ref_fk_box001_20231020_011_p1/0/trajectory_kinematic.npz	/mnt/a0ccc676-9496-49f8-a861-f8a1797dec52/spider_workdirs/core4d/results/E173/s3_retarget/omnirt_v1/ref_fk/results/omnirt_v1_ref_fk/contact_masks/dcv3_omnirt_v1_ref_fk_box001_20231020_011_p1/raw_contact_mask_3cm.npz	0				0.34375	0.921875	0.3725490196	0	0.4996458111	1.312395786	448.7037133
box001_20231020_011_p2	box001	OmniRetarget	E173	omnirt_v1	core4d-e154-physics-contact-v1	144	workspace/core4d/analysis/E197_full_cem_omnirt_vs_prg_metrics/omni_converted_qpos/box001_20231020_011_p2_omnirt_scene_act_qpos.npz	example_datasets/processed/core4d/unitree_g1/humanoid_object/dcv3_omnirt_v1_ref_fk_box001_20231020_011_p2/scene_act_E173_rubberHull_PRG.xml	example_datasets/processed/core4d/unitree_g1/humanoid_object/dcv3_omnirt_v1_ref_fk_box001_20231020_011_p2/0/trajectory_kinematic.npz	/mnt/a0ccc676-9496-49f8-a861-f8a1797dec52/spider_workdirs/core4d/results/E173/s3_retarget/omnirt_v1/ref_fk/results/omnirt_v1_ref_fk/contact_masks/dcv3_omnirt_v1_ref_fk_box001_20231020_011_p2/raw_contact_mask_3cm.npz	1	ZYX	3.59753377e-14	2.414836539e-06	0	1	0.8819444444	0.375	1.046489235	1.520336212	1504.231037
box001_20231020_011_p2	box001	PRG	E173	omnirt_v1	core4d-e154-physics-contact-v1	144	/mnt/a0ccc676-9496-49f8-a861-f8a1797dec52/spider_workdirs/core4d/results/E173/s6_downstream/cem/full/E173_box001_20231020_011_p2_PRG_outdir_full/trajectory_mjwp_act.npz	example_datasets/processed/core4d/unitree_g1/humanoid_object/dcv3_omnirt_v1_ref_fk_box001_20231020_011_p2/scene_act_E173_rubberHull_PRG.xml	example_datasets/processed/core4d/unitree_g1/humanoid_object/dcv3_omnirt_v1_ref_fk_box001_20231020_011_p2/0/trajectory_kinematic.npz	/mnt/a0ccc676-9496-49f8-a861-f8a1797dec52/spider_workdirs/core4d/results/E173/s3_retarget/omnirt_v1/ref_fk/results/omnirt_v1_ref_fk/contact_masks/dcv3_omnirt_v1_ref_fk_box001_20231020_011_p2/raw_contact_mask_3cm.npz	1				0.4925373134	0.552238806	0.1875	0.3541666667	1.120311252	1.272979874	584.9768274
box001_20231020_014_p1	box001	OmniRetarget	E173	omnirt_v1	core4d-e154-physics-contact-v1	115	workspace/core4d/analysis/E197_full_cem_omnirt_vs_prg_metrics/omni_converted_qpos/box001_20231020_014_p1_omnirt_scene_act_qpos.npz	example_datasets/processed/core4d/unitree_g1/humanoid_object/dcv3_omnirt_v1_ref_fk_box001_20231020_014_p1/scene_act_E173_rubberHull_PRG.xml	example_datasets/processed/core4d/unitree_g1/humanoid_object/dcv3_omnirt_v1_ref_fk_box001_20231020_014_p1/0/trajectory_kinematic.npz	/mnt/a0ccc676-9496-49f8-a861-f8a1797dec52/spider_workdirs/core4d/results/E173/s3_retarget/omnirt_v1/ref_fk/results/omnirt_v1_ref_fk/contact_masks/dcv3_omnirt_v1_ref_fk_box001_20231020_014_p1/raw_contact_mask_3cm.npz	0	XZY	4.871083752e-14	1.707547293e-06	0	1	0.6695652174	0.3913043478	0.9913845033	2.136516855	1478.182583
box001_20231020_014_p1	box001	PRG	E173	omnirt_v1	core4d-e154-physics-contact-v1	115	/mnt/a0ccc676-9496-49f8-a861-f8a1797dec52/spider_workdirs/core4d/results/E173/s6_downstream/cem/full/E173_box001_20231020_014_p1_PRG_outdir_full/trajectory_mjwp_act.npz	example_datasets/processed/core4d/unitree_g1/humanoid_object/dcv3_omnirt_v1_ref_fk_box001_20231020_014_p1/scene_act_E173_rubberHull_PRG.xml	example_datasets/processed/core4d/unitree_g1/humanoid_object/dcv3_omnirt_v1_ref_fk_box001_20231020_014_p1/0/trajectory_kinematic.npz	/mnt/a0ccc676-9496-49f8-a861-f8a1797dec52/spider_workdirs/core4d/results/E173/s3_retarget/omnirt_v1/ref_fk/results/omnirt_v1_ref_fk/contact_masks/dcv3_omnirt_v1_ref_fk_box001_20231020_014_p1/raw_contact_mask_3cm.npz	0				0.4605263158	0.8947368421	0.2869565217	0.3739130435	0.5892799699	1.406382482	643.0978554
box001_20231020_014_p2	box001	OmniRetarget	E173	omnirt_v2	core4d-e154-physics-contact-v1	117	workspace/core4d/analysis/E197_full_cem_omnirt_vs_prg_metrics/omni_converted_qpos/box001_20231020_014_p2_omnirt_scene_act_qpos.npz	example_datasets/processed/core4d/unitree_g1/humanoid_object/dcv3_omnirt_v2_ref_fk_box001_20231020_014_p2/scene_act_E173_rubberHull_PRG.xml	example_datasets/processed/core4d/unitree_g1/humanoid_object/dcv3_omnirt_v2_ref_fk_box001_20231020_014_p2/0/trajectory_kinematic.npz	/mnt/a0ccc676-9496-49f8-a861-f8a1797dec52/spider_workdirs/core4d/results/E173/s3_retarget/omnirt_v2/ref_fk/results/omnirt_v2_ref_fk/contact_masks/dcv3_omnirt_v2_ref_fk_box001_20231020_014_p2/raw_contact_mask_3cm.npz	1	XZY	9.694605783e-14	1.707547293e-06	0.0125	1	0.7264957265	0.4700854701	1.217638886	1.949971594	1504.586911
box001_20231020_014_p2	box001	PRG	E173	omnirt_v2	core4d-e154-physics-contact-v1	117	/mnt/a0ccc676-9496-49f8-a861-f8a1797dec52/spider_workdirs/core4d/results/E173/s6_downstream/cem/full/E173_box001_20231020_014_p2_PRG_outdir_full/trajectory_mjwp_act.npz	example_datasets/processed/core4d/unitree_g1/humanoid_object/dcv3_omnirt_v2_ref_fk_box001_20231020_014_p2/scene_act_E173_rubberHull_PRG.xml	example_datasets/processed/core4d/unitree_g1/humanoid_object/dcv3_omnirt_v2_ref_fk_box001_20231020_014_p2/0/trajectory_kinematic.npz	/mnt/a0ccc676-9496-49f8-a861-f8a1797dec52/spider_workdirs/core4d/results/E173/s3_retarget/omnirt_v2/ref_fk/results/omnirt_v2_ref_fk/contact_masks/dcv3_omnirt_v2_ref_fk_box001_20231020_014_p2/raw_contact_mask_3cm.npz	1				0.6875	0.725	0.02564102564	0.1538461538	0.9388504594	1.175985775	495.9855618
box001_20231023_107_p1	box001	OmniRetarget	E173	omnirt_v1	core4d-e154-physics-contact-v1	102	workspace/core4d/analysis/E197_full_cem_omnirt_vs_prg_metrics/omni_converted_qpos/box001_20231023_107_p1_omnirt_scene_act_qpos.npz	example_datasets/processed/core4d/unitree_g1/humanoid_object/dcv3_omnirt_v1_ref_fk_box001_20231023_107_p1/scene_act_E173_rubberHull_PRG.xml	example_datasets/processed/core4d/unitree_g1/humanoid_object/dcv3_omnirt_v1_ref_fk_box001_20231023_107_p1/0/trajectory_kinematic.npz	/mnt/a0ccc676-9496-49f8-a861-f8a1797dec52/spider_workdirs/core4d/results/E173/s3_retarget/omnirt_v1/ref_fk/results/omnirt_v1_ref_fk/contact_masks/dcv3_omnirt_v1_ref_fk_box001_20231023_107_p1/raw_contact_mask_3cm.npz	0	XZY	4.679511029e-14	1.707547293e-06	0.05194805195	1	0.7352941176	0.2647058824	1.479357394	1.575791841	1380.20302
box001_20231023_107_p1	box001	PRG	E173	omnirt_v1	core4d-e154-physics-contact-v1	102	/mnt/a0ccc676-9496-49f8-a861-f8a1797dec52/spider_workdirs/core4d/results/E173/s6_downstream/cem/full/E173_box001_20231023_107_p1_PRG_outdir_full/trajectory_mjwp_act.npz	example_datasets/processed/core4d/unitree_g1/humanoid_object/dcv3_omnirt_v1_ref_fk_box001_20231023_107_p1/scene_act_E173_rubberHull_PRG.xml	example_datasets/processed/core4d/unitree_g1/humanoid_object/dcv3_omnirt_v1_ref_fk_box001_20231023_107_p1/0/trajectory_kinematic.npz	/mnt/a0ccc676-9496-49f8-a861-f8a1797dec52/spider_workdirs/core4d/results/E173/s3_retarget/omnirt_v1/ref_fk/results/omnirt_v1_ref_fk/contact_masks/dcv3_omnirt_v1_ref_fk_box001_20231023_107_p1/raw_contact_mask_3cm.npz	0				0.5324675325	0.7922077922	0.1960784314	0.2450980392	1.369061746	1.452247148	791.7962735
box001_20231023_107_p2	box001	OmniRetarget	E173	omnirt_v1	core4d-e154-physics-contact-v1	97	workspace/core4d/analysis/E197_full_cem_omnirt_vs_prg_metrics/omni_converted_qpos/box001_20231023_107_p2_omnirt_scene_act_qpos.npz	example_datasets/processed/core4d/unitree_g1/humanoid_object/dcv3_omnirt_v1_ref_fk_box001_20231023_107_p2/scene_act_E173_rubberHull_PRG.xml	example_datasets/processed/core4d/unitree_g1/humanoid_object/dcv3_omnirt_v1_ref_fk_box001_20231023_107_p2/0/trajectory_kinematic.npz	/mnt/a0ccc676-9496-49f8-a861-f8a1797dec52/spider_workdirs/core4d/results/E173/s3_retarget/omnirt_v1/ref_fk/results/omnirt_v1_ref_fk/contact_masks/dcv3_omnirt_v1_ref_fk_box001_20231023_107_p2/raw_contact_mask_3cm.npz	1	XZY	5.034405433e-14	2.414836539e-06	0.02777777778	0.9444444444	0.6804123711	0.03092783505	1.384294995	1.582580071	1436.049229
box001_20231023_107_p2	box001	PRG	E173	omnirt_v1	core4d-e154-physics-contact-v1	97	/mnt/a0ccc676-9496-49f8-a861-f8a1797dec52/spider_workdirs/core4d/results/E173/s6_downstream/cem/full/E173_box001_20231023_107_p2_PRG_outdir_full/trajectory_mjwp_act.npz	example_datasets/processed/core4d/unitree_g1/humanoid_object/dcv3_omnirt_v1_ref_fk_box001_20231023_107_p2/scene_act_E173_rubberHull_PRG.xml	example_datasets/processed/core4d/unitree_g1/humanoid_object/dcv3_omnirt_v1_ref_fk_box001_20231023_107_p2/0/trajectory_kinematic.npz	/mnt/a0ccc676-9496-49f8-a861-f8a1797dec52/spider_workdirs/core4d/results/E173/s3_retarget/omnirt_v1/ref_fk/results/omnirt_v1_ref_fk/contact_masks/dcv3_omnirt_v1_ref_fk_box001_20231023_107_p2/raw_contact_mask_3cm.npz	1				0.6111111111	0.9305555556	0.2886597938	0.01030927835	0.5346895252	1.250414084	601.7822124
box001_20231023_108_p1	box001	OmniRetarget	E173	omnirt_v2	core4d-e154-physics-contact-v1	119	workspace/core4d/analysis/E197_full_cem_omnirt_vs_prg_metrics/omni_converted_qpos/box001_20231023_108_p1_omnirt_scene_act_qpos.npz	example_datasets/processed/core4d/unitree_g1/humanoid_object/dcv3_omnirt_v2_ref_fk_box001_20231023_108_p1/scene_act_E173_rubberHull_PRG.xml	example_datasets/processed/core4d/unitree_g1/humanoid_object/dcv3_omnirt_v2_ref_fk_box001_20231023_108_p1/0/trajectory_kinematic.npz	/mnt/a0ccc676-9496-49f8-a861-f8a1797dec52/spider_workdirs/core4d/results/E173/s3_retarget/omnirt_v2/ref_fk/results/omnirt_v2_ref_fk/contact_masks/dcv3_omnirt_v2_ref_fk_box001_20231023_108_p1/raw_contact_mask_3cm.npz	0	XZY	5.900916318e-14	2.414836539e-06	0.02380952381	0.9761904762	0.6722689076	0.1092436975	1.053914779	1.41916431	1250.55414
box001_20231023_108_p1	box001	PRG	E173	omnirt_v2	core4d-e154-physics-contact-v1	119	/mnt/a0ccc676-9496-49f8-a861-f8a1797dec52/spider_workdirs/core4d/results/E173/s6_downstream/cem/full/E173_box001_20231023_108_p1_PRG_outdir_full/trajectory_mjwp_act.npz	example_datasets/processed/core4d/unitree_g1/humanoid_object/dcv3_omnirt_v2_ref_fk_box001_20231023_108_p1/scene_act_E173_rubberHull_PRG.xml	example_datasets/processed/core4d/unitree_g1/humanoid_object/dcv3_omnirt_v2_ref_fk_box001_20231023_108_p1/0/trajectory_kinematic.npz	/mnt/a0ccc676-9496-49f8-a861-f8a1797dec52/spider_workdirs/core4d/results/E173/s3_retarget/omnirt_v2/ref_fk/results/omnirt_v2_ref_fk/contact_masks/dcv3_omnirt_v2_ref_fk_box001_20231023_108_p1/raw_contact_mask_3cm.npz	0				0.4404761905	0.8928571429	0.3193277311	0	0.6370532466	0.9285646748	511.6510918
box001_20231023_108_p2	box001	OmniRetarget	E173	omnirt_v1	core4d-e154-physics-contact-v1	107	workspace/core4d/analysis/E197_full_cem_omnirt_vs_prg_metrics/omni_converted_qpos/box001_20231023_108_p2_omnirt_scene_act_qpos.npz	example_datasets/processed/core4d/unitree_g1/humanoid_object/dcv3_omnirt_v1_ref_fk_box001_20231023_108_p2/scene_act_E173_rubberHull_PRG.xml	example_datasets/processed/core4d/unitree_g1/humanoid_object/dcv3_omnirt_v1_ref_fk_box001_20231023_108_p2/0/trajectory_kinematic.npz	/mnt/a0ccc676-9496-49f8-a861-f8a1797dec52/spider_workdirs/core4d/results/E173/s3_retarget/omnirt_v1/ref_fk/results/omnirt_v1_ref_fk/contact_masks/dcv3_omnirt_v1_ref_fk_box001_20231023_108_p2/raw_contact_mask_3cm.npz	1	XZY	2.543840524e-14	2.414836539e-06	0.01219512195	0.3048780488	0.2336448598	0.3551401869	1.194914757	1.425279043	1370.56884
box001_20231023_108_p2	box001	PRG	E173	omnirt_v1	core4d-e154-physics-contact-v1	107	/mnt/a0ccc676-9496-49f8-a861-f8a1797dec52/spider_workdirs/core4d/results/E173/s6_downstream/cem/full/E173_box001_20231023_108_p2_PRG_outdir_full/trajectory_mjwp_act.npz	example_datasets/processed/core4d/unitree_g1/humanoid_object/dcv3_omnirt_v1_ref_fk_box001_20231023_108_p2/scene_act_E173_rubberHull_PRG.xml	example_datasets/processed/core4d/unitree_g1/humanoid_object/dcv3_omnirt_v1_ref_fk_box001_20231023_108_p2/0/trajectory_kinematic.npz	/mnt/a0ccc676-9496-49f8-a861-f8a1797dec52/spider_workdirs/core4d/results/E173/s3_retarget/omnirt_v1/ref_fk/results/omnirt_v1_ref_fk/contact_masks/dcv3_omnirt_v1_ref_fk_box001_20231023_108_p2/raw_contact_mask_3cm.npz	1				0.6707317073	0.7195121951	0.03738317757	0.1121495327	1.20413247	1.353502124	534.667897
box001_20231023_109_p1	box001	OmniRetarget	E173	omnirt_v2	core4d-e154-physics-contact-v1	110	workspace/core4d/analysis/E197_full_cem_omnirt_vs_prg_metrics/omni_converted_qpos/box001_20231023_109_p1_omnirt_scene_act_qpos.npz	example_datasets/processed/core4d/unitree_g1/humanoid_object/dcv3_omnirt_v2_ref_fk_box001_20231023_109_p1/scene_act_E173_rubberHull_PRG.xml	example_datasets/processed/core4d/unitree_g1/humanoid_object/dcv3_omnirt_v2_ref_fk_box001_20231023_109_p1/0/trajectory_kinematic.npz	/mnt/a0ccc676-9496-49f8-a861-f8a1797dec52/spider_workdirs/core4d/results/E173/s3_retarget/omnirt_v2/ref_fk/results/omnirt_v2_ref_fk/contact_masks/dcv3_omnirt_v2_ref_fk_box001_20231023_109_p1/raw_contact_mask_3cm.npz	0	ZYX	2.347203303e-14	2.414836539e-06	0.01408450704	1	0.6818181818	0.4272727273	0.9777754447	1.502492638	1628.027093
box001_20231023_109_p1	box001	PRG	E173	omnirt_v2	core4d-e154-physics-contact-v1	110	/mnt/a0ccc676-9496-49f8-a861-f8a1797dec52/spider_workdirs/core4d/results/E173/s6_downstream/cem/full/E173_box001_20231023_109_p1_PRG_outdir_full/trajectory_mjwp_act.npz	example_datasets/processed/core4d/unitree_g1/humanoid_object/dcv3_omnirt_v2_ref_fk_box001_20231023_109_p1/scene_act_E173_rubberHull_PRG.xml	example_datasets/processed/core4d/unitree_g1/humanoid_object/dcv3_omnirt_v2_ref_fk_box001_20231023_109_p1/0/trajectory_kinematic.npz	/mnt/a0ccc676-9496-49f8-a861-f8a1797dec52/spider_workdirs/core4d/results/E173/s3_retarget/omnirt_v2/ref_fk/results/omnirt_v2_ref_fk/contact_masks/dcv3_omnirt_v2_ref_fk_box001_20231023_109_p1/raw_contact_mask_3cm.npz	0				0.4225352113	0.9014084507	0.3090909091	0	1.000519835	1.130519755	668.0989367
box001_20231023_109_p2	box001	OmniRetarget	E173	omnirt_v1	core4d-e154-physics-contact-v1	110	workspace/core4d/analysis/E197_full_cem_omnirt_vs_prg_metrics/omni_converted_qpos/box001_20231023_109_p2_omnirt_scene_act_qpos.npz	example_datasets/processed/core4d/unitree_g1/humanoid_object/dcv3_omnirt_v1_ref_fk_box001_20231023_109_p2/scene_act_E173_rubberHull_PRG.xml	example_datasets/processed/core4d/unitree_g1/humanoid_object/dcv3_omnirt_v1_ref_fk_box001_20231023_109_p2/0/trajectory_kinematic.npz	/mnt/a0ccc676-9496-49f8-a861-f8a1797dec52/spider_workdirs/core4d/results/E173/s3_retarget/omnirt_v1/ref_fk/results/omnirt_v1_ref_fk/contact_masks/dcv3_omnirt_v1_ref_fk_box001_20231023_109_p2/raw_contact_mask_3cm.npz	1	ZYX	4.447527879e-14	2.414836539e-06	0	0.9852941176	0.6363636364	0	1.090291613	1.508967285	1178.432124
box001_20231023_109_p2	box001	PRG	E173	omnirt_v1	core4d-e154-physics-contact-v1	110	/mnt/a0ccc676-9496-49f8-a861-f8a1797dec52/spider_workdirs/core4d/results/E173/s6_downstream/cem/full/E173_box001_20231023_109_p2_PRG_outdir_full/trajectory_mjwp_act.npz	example_datasets/processed/core4d/unitree_g1/humanoid_object/dcv3_omnirt_v1_ref_fk_box001_20231023_109_p2/scene_act_E173_rubberHull_PRG.xml	example_datasets/processed/core4d/unitree_g1/humanoid_object/dcv3_omnirt_v1_ref_fk_box001_20231023_109_p2/0/trajectory_kinematic.npz	/mnt/a0ccc676-9496-49f8-a861-f8a1797dec52/spider_workdirs/core4d/results/E173/s3_retarget/omnirt_v1/ref_fk/results/omnirt_v1_ref_fk/contact_masks/dcv3_omnirt_v1_ref_fk_box001_20231023_109_p2/raw_contact_mask_3cm.npz	1				0.6029411765	0.8382352941	0.1636363636	0	0.7903300851	0.8858965182	394.4701646
box001_20231023_110_p1	box001	OmniRetarget	E173	omnirt_v2	core4d-e154-physics-contact-v1	174	workspace/core4d/analysis/E197_full_cem_omnirt_vs_prg_metrics/omni_converted_qpos/box001_20231023_110_p1_omnirt_scene_act_qpos.npz	example_datasets/processed/core4d/unitree_g1/humanoid_object/dcv3_omnirt_v2_ref_fk_box001_20231023_110_p1/scene_act_E173_rubberHull_PRG.xml	example_datasets/processed/core4d/unitree_g1/humanoid_object/dcv3_omnirt_v2_ref_fk_box001_20231023_110_p1/0/trajectory_kinematic.npz	/mnt/a0ccc676-9496-49f8-a861-f8a1797dec52/spider_workdirs/core4d/results/E173/s3_retarget/omnirt_v2/ref_fk/results/omnirt_v2_ref_fk/contact_masks/dcv3_omnirt_v2_ref_fk_box001_20231023_110_p1/raw_contact_mask_3cm.npz	0	XZY	4.839349969e-14	2.414836539e-06	0.07954545455	0.9318181818	0.4367816092	0.2011494253	0.9124049398	1.300923082	3413.24251
box001_20231023_110_p1	box001	PRG	E173	omnirt_v2	core4d-e154-physics-contact-v1	174	/mnt/a0ccc676-9496-49f8-a861-f8a1797dec52/spider_workdirs/core4d/results/E173/s6_downstream/cem/full/E173_box001_20231023_110_p1_PRG_outdir_full/trajectory_mjwp_act.npz	example_datasets/processed/core4d/unitree_g1/humanoid_object/dcv3_omnirt_v2_ref_fk_box001_20231023_110_p1/scene_act_E173_rubberHull_PRG.xml	example_datasets/processed/core4d/unitree_g1/humanoid_object/dcv3_omnirt_v2_ref_fk_box001_20231023_110_p1/0/trajectory_kinematic.npz	/mnt/a0ccc676-9496-49f8-a861-f8a1797dec52/spider_workdirs/core4d/results/E173/s3_retarget/omnirt_v2/ref_fk/results/omnirt_v2_ref_fk/contact_masks/dcv3_omnirt_v2_ref_fk_box001_20231023_110_p1/raw_contact_mask_3cm.npz	0				0	0	0	0	0.4014287919	0.9355582604	1126.690968
box001_20231023_110_p2	box001	OmniRetarget	E173	omnirt_v1	core4d-e154-physics-contact-v1	190	workspace/core4d/analysis/E197_full_cem_omnirt_vs_prg_metrics/omni_converted_qpos/box001_20231023_110_p2_omnirt_scene_act_qpos.npz	example_datasets/processed/core4d/unitree_g1/humanoid_object/dcv3_omnirt_v1_ref_fk_box001_20231023_110_p2/scene_act_E173_rubberHull_PRG.xml	example_datasets/processed/core4d/unitree_g1/humanoid_object/dcv3_omnirt_v1_ref_fk_box001_20231023_110_p2/0/trajectory_kinematic.npz	/mnt/a0ccc676-9496-49f8-a861-f8a1797dec52/spider_workdirs/core4d/results/E173/s3_retarget/omnirt_v1/ref_fk/results/omnirt_v1_ref_fk/contact_masks/dcv3_omnirt_v1_ref_fk_box001_20231023_110_p2/raw_contact_mask_3cm.npz	1	XZY	3.764949454e-14	2.414836539e-06	0.09782608696	1	0.4526315789	0	1.945109569	1.306527262	1363.223563
box001_20231023_110_p2	box001	PRG	E173	omnirt_v1	core4d-e154-physics-contact-v1	190	/mnt/a0ccc676-9496-49f8-a861-f8a1797dec52/spider_workdirs/core4d/results/E173/s6_downstream/cem/full/E173_box001_20231023_110_p2_PRG_outdir_full/trajectory_mjwp_act.npz	example_datasets/processed/core4d/unitree_g1/humanoid_object/dcv3_omnirt_v1_ref_fk_box001_20231023_110_p2/scene_act_E173_rubberHull_PRG.xml	example_datasets/processed/core4d/unitree_g1/humanoid_object/dcv3_omnirt_v1_ref_fk_box001_20231023_110_p2/0/trajectory_kinematic.npz	/mnt/a0ccc676-9496-49f8-a861-f8a1797dec52/spider_workdirs/core4d/results/E173/s3_retarget/omnirt_v1/ref_fk/results/omnirt_v1_ref_fk/contact_masks/dcv3_omnirt_v1_ref_fk_box001_20231023_110_p2/raw_contact_mask_3cm.npz	1				0.6413043478	0.7065217391	0.04210526316	0	0.7736087286	1.105745776	566.4632476
box004_20231003_2_082_p1	box004	OmniRetarget	E172	omnirt_v1	core4d-e154-physics-contact-v1	109	workspace/core4d/analysis/E197_full_cem_omnirt_vs_prg_metrics/omni_converted_qpos/box004_20231003_2_082_p1_omnirt_scene_act_qpos.npz	example_datasets/processed/core4d/unitree_g1/humanoid_object/dcv3_omnirt_v1_ref_fk_box004_20231003_2_082_p1/scene_act_E172_rubberHull_PRG.xml	example_datasets/processed/core4d/unitree_g1/humanoid_object/dcv3_omnirt_v1_ref_fk_box004_20231003_2_082_p1/0/trajectory_kinematic.npz	/mnt/a0ccc676-9496-49f8-a861-f8a1797dec52/spider_workdirs/core4d/results/E172/s3_retarget/omnirt_v1/ref_fk/results/omnirt_v1_ref_fk/contact_masks/dcv3_omnirt_v1_ref_fk_box004_20231003_2_082_p1/raw_contact_mask_3cm.npz	0	YZX	5.661048867e-14	1.707547293e-06	0.09836065574	0.9016393443	0.4678899083	0	1.345057277	5.697912137	1488.44169
box004_20231003_2_082_p1	box004	PRG	E172	omnirt_v1	core4d-e154-physics-contact-v1	109	/mnt/a0ccc676-9496-49f8-a861-f8a1797dec52/spider_workdirs/core4d/results/E172/s6_downstream/cem/full/E172_box004_20231003_2_082_p1_PRG_outdir_full/trajectory_mjwp_act.npz	example_datasets/processed/core4d/unitree_g1/humanoid_object/dcv3_omnirt_v1_ref_fk_box004_20231003_2_082_p1/scene_act_E172_rubberHull_PRG.xml	example_datasets/processed/core4d/unitree_g1/humanoid_object/dcv3_omnirt_v1_ref_fk_box004_20231003_2_082_p1/0/trajectory_kinematic.npz	/mnt/a0ccc676-9496-49f8-a861-f8a1797dec52/spider_workdirs/core4d/results/E172/s3_retarget/omnirt_v1/ref_fk/results/omnirt_v1_ref_fk/contact_masks/dcv3_omnirt_v1_ref_fk_box004_20231003_2_082_p1/raw_contact_mask_3cm.npz	0				0.393442623	0.7213114754	0.2018348624	0	0.7695138447	1.986952745	686.603358
box004_20231003_2_082_p2	box004	OmniRetarget	E172	omnirt_v2	core4d-e154-physics-contact-v1	108	workspace/core4d/analysis/E197_full_cem_omnirt_vs_prg_metrics/omni_converted_qpos/box004_20231003_2_082_p2_omnirt_scene_act_qpos.npz	example_datasets/processed/core4d/unitree_g1/humanoid_object/dcv3_omnirt_v2_ref_fk_box004_20231003_2_082_p2/scene_act_E172_rubberHull_PRG.xml	example_datasets/processed/core4d/unitree_g1/humanoid_object/dcv3_omnirt_v2_ref_fk_box004_20231003_2_082_p2/0/trajectory_kinematic.npz	/mnt/a0ccc676-9496-49f8-a861-f8a1797dec52/spider_workdirs/core4d/results/E172/s3_retarget/omnirt_v2/ref_fk/results/omnirt_v2_ref_fk/contact_masks/dcv3_omnirt_v2_ref_fk_box004_20231003_2_082_p2/raw_contact_mask_3cm.npz	1	YZX	4.965068306e-14	2.414836539e-06	0	0.9841269841	0.5833333333	0	1.758424135	5.734148807	1687.113296
box004_20231003_2_082_p2	box004	PRG	E172	omnirt_v2	core4d-e154-physics-contact-v1	108	/mnt/a0ccc676-9496-49f8-a861-f8a1797dec52/spider_workdirs/core4d/results/E172/s6_downstream/cem/full/E172_box004_20231003_2_082_p2_PRG_outdir_full/trajectory_mjwp_act.npz	example_datasets/processed/core4d/unitree_g1/humanoid_object/dcv3_omnirt_v2_ref_fk_box004_20231003_2_082_p2/scene_act_E172_rubberHull_PRG.xml	example_datasets/processed/core4d/unitree_g1/humanoid_object/dcv3_omnirt_v2_ref_fk_box004_20231003_2_082_p2/0/trajectory_kinematic.npz	/mnt/a0ccc676-9496-49f8-a861-f8a1797dec52/spider_workdirs/core4d/results/E172/s3_retarget/omnirt_v2/ref_fk/results/omnirt_v2_ref_fk/contact_masks/dcv3_omnirt_v2_ref_fk_box004_20231003_2_082_p2/raw_contact_mask_3cm.npz	1				0.4761904762	0.7777777778	0.1851851852	0.06481481481	1.580105484	2.054315487	839.8249105
box004_20231003_2_083_p1	box004	OmniRetarget	E172	omnirt_v1	core4d-e154-physics-contact-v1	102	workspace/core4d/analysis/E197_full_cem_omnirt_vs_prg_metrics/omni_converted_qpos/box004_20231003_2_083_p1_omnirt_scene_act_qpos.npz	example_datasets/processed/core4d/unitree_g1/humanoid_object/dcv3_omnirt_v1_ref_fk_box004_20231003_2_083_p1/scene_act_E172_rubberHull_PRG.xml	example_datasets/processed/core4d/unitree_g1/humanoid_object/dcv3_omnirt_v1_ref_fk_box004_20231003_2_083_p1/0/trajectory_kinematic.npz	/mnt/a0ccc676-9496-49f8-a861-f8a1797dec52/spider_workdirs/core4d/results/E172/s3_retarget/omnirt_v1/ref_fk/results/omnirt_v1_ref_fk/contact_masks/dcv3_omnirt_v1_ref_fk_box004_20231003_2_083_p1/raw_contact_mask_3cm.npz	0	ZYX	6.004449064e-14	2.414836539e-06	0.07936507937	1	0.5784313725	0	1.033202832	2.402705612	1414.906318
box004_20231003_2_083_p1	box004	PRG	E172	omnirt_v1	core4d-e154-physics-contact-v1	102	/mnt/a0ccc676-9496-49f8-a861-f8a1797dec52/spider_workdirs/core4d/results/E172/s6_downstream/cem/full/E172_box004_20231003_2_083_p1_PRG_outdir_full/trajectory_mjwp_act.npz	example_datasets/processed/core4d/unitree_g1/humanoid_object/dcv3_omnirt_v1_ref_fk_box004_20231003_2_083_p1/scene_act_E172_rubberHull_PRG.xml	example_datasets/processed/core4d/unitree_g1/humanoid_object/dcv3_omnirt_v1_ref_fk_box004_20231003_2_083_p1/0/trajectory_kinematic.npz	/mnt/a0ccc676-9496-49f8-a861-f8a1797dec52/spider_workdirs/core4d/results/E172/s3_retarget/omnirt_v1/ref_fk/results/omnirt_v1_ref_fk/contact_masks/dcv3_omnirt_v1_ref_fk_box004_20231003_2_083_p1/raw_contact_mask_3cm.npz	0				0.5079365079	0.8253968254	0.2058823529	0	0.9963831512	1.206559988	647.5299104
box004_20231003_2_083_p2	box004	OmniRetarget	E172	omnirt_v1	core4d-e154-physics-contact-v1	105	workspace/core4d/analysis/E197_full_cem_omnirt_vs_prg_metrics/omni_converted_qpos/box004_20231003_2_083_p2_omnirt_scene_act_qpos.npz	example_datasets/processed/core4d/unitree_g1/humanoid_object/dcv3_omnirt_v1_ref_fk_box004_20231003_2_083_p2/scene_act_E172_rubberHull_PRG.xml	example_datasets/processed/core4d/unitree_g1/humanoid_object/dcv3_omnirt_v1_ref_fk_box004_20231003_2_083_p2/0/trajectory_kinematic.npz	/mnt/a0ccc676-9496-49f8-a861-f8a1797dec52/spider_workdirs/core4d/results/E172/s3_retarget/omnirt_v1/ref_fk/results/omnirt_v1_ref_fk/contact_masks/dcv3_omnirt_v1_ref_fk_box004_20231003_2_083_p2/raw_contact_mask_3cm.npz	1	ZYX	6.206335383e-14	2.414836539e-06	0.01388888889	0.9722222222	0.6666666667	0	1.007175352	2.417986045	1763.272556
box004_20231003_2_083_p2	box004	PRG	E172	omnirt_v1	core4d-e154-physics-contact-v1	105	/mnt/a0ccc676-9496-49f8-a861-f8a1797dec52/spider_workdirs/core4d/results/E172/s6_downstream/cem/full/E172_box004_20231003_2_083_p2_PRG_outdir_full/trajectory_mjwp_act.npz	example_datasets/processed/core4d/unitree_g1/humanoid_object/dcv3_omnirt_v1_ref_fk_box004_20231003_2_083_p2/scene_act_E172_rubberHull_PRG.xml	example_datasets/processed/core4d/unitree_g1/humanoid_object/dcv3_omnirt_v1_ref_fk_box004_20231003_2_083_p2/0/trajectory_kinematic.npz	/mnt/a0ccc676-9496-49f8-a861-f8a1797dec52/spider_workdirs/core4d/results/E172/s3_retarget/omnirt_v1/ref_fk/results/omnirt_v1_ref_fk/contact_masks/dcv3_omnirt_v1_ref_fk_box004_20231003_2_083_p2/raw_contact_mask_3cm.npz	1				0.5833333333	0.6111111111	0.01904761905	0	0.8359505635	1.150003086	522.413822
box004_20231003_2_086_p1	box004	OmniRetarget	E172	omnirt_v1	core4d-e154-physics-contact-v1	77	workspace/core4d/analysis/E197_full_cem_omnirt_vs_prg_metrics/omni_converted_qpos/box004_20231003_2_086_p1_omnirt_scene_act_qpos.npz	example_datasets/processed/core4d/unitree_g1/humanoid_object/dcv3_omnirt_v1_ref_fk_box004_20231003_2_086_p1/scene_act_E172_rubberHull_PRG.xml	example_datasets/processed/core4d/unitree_g1/humanoid_object/dcv3_omnirt_v1_ref_fk_box004_20231003_2_086_p1/0/trajectory_kinematic.npz	/mnt/a0ccc676-9496-49f8-a861-f8a1797dec52/spider_workdirs/core4d/results/E172/s3_retarget/omnirt_v1/ref_fk/results/omnirt_v1_ref_fk/contact_masks/dcv3_omnirt_v1_ref_fk_box004_20231003_2_086_p1/raw_contact_mask_3cm.npz	0	ZYX	4.744904746e-14	1.707547293e-06	0.1282051282	0.358974359	0.1168831169	0	0.6564599978	1.392295815	1499.13739
box004_20231003_2_086_p1	box004	PRG	E172	omnirt_v1	core4d-e154-physics-contact-v1	77	/mnt/a0ccc676-9496-49f8-a861-f8a1797dec52/spider_workdirs/core4d/results/E172/s6_downstream/cem/full/E172_box004_20231003_2_086_p1_PRG_outdir_full/trajectory_mjwp_act.npz	example_datasets/processed/core4d/unitree_g1/humanoid_object/dcv3_omnirt_v1_ref_fk_box004_20231003_2_086_p1/scene_act_E172_rubberHull_PRG.xml	example_datasets/processed/core4d/unitree_g1/humanoid_object/dcv3_omnirt_v1_ref_fk_box004_20231003_2_086_p1/0/trajectory_kinematic.npz	/mnt/a0ccc676-9496-49f8-a861-f8a1797dec52/spider_workdirs/core4d/results/E172/s3_retarget/omnirt_v1/ref_fk/results/omnirt_v1_ref_fk/contact_masks/dcv3_omnirt_v1_ref_fk_box004_20231003_2_086_p1/raw_contact_mask_3cm.npz	0				0.4102564103	0.5641025641	0.07792207792	0	0.8532331852	1.117387044	653.2520987
box004_20231003_2_086_p2	box004	OmniRetarget	E172	omnirt_v1	core4d-e154-physics-contact-v1	73	workspace/core4d/analysis/E197_full_cem_omnirt_vs_prg_metrics/omni_converted_qpos/box004_20231003_2_086_p2_omnirt_scene_act_qpos.npz	example_datasets/processed/core4d/unitree_g1/humanoid_object/dcv3_omnirt_v1_ref_fk_box004_20231003_2_086_p2/scene_act_E172_rubberHull_PRG.xml	example_datasets/processed/core4d/unitree_g1/humanoid_object/dcv3_omnirt_v1_ref_fk_box004_20231003_2_086_p2/0/trajectory_kinematic.npz	/mnt/a0ccc676-9496-49f8-a861-f8a1797dec52/spider_workdirs/core4d/results/E172/s3_retarget/omnirt_v1/ref_fk/results/omnirt_v1_ref_fk/contact_masks/dcv3_omnirt_v1_ref_fk_box004_20231003_2_086_p2/raw_contact_mask_3cm.npz	1	ZYX	4.783309287e-14	1.707547293e-06	0.07692307692	0.9230769231	0.4657534247	0.2465753425	0.7916952487	1.401148902	5122.140555
box004_20231003_2_086_p2	box004	PRG	E172	omnirt_v1	core4d-e154-physics-contact-v1	73	/mnt/a0ccc676-9496-49f8-a861-f8a1797dec52/spider_workdirs/core4d/results/E172/s6_downstream/cem/full/E172_box004_20231003_2_086_p2_PRG_outdir_full/trajectory_mjwp_act.npz	example_datasets/processed/core4d/unitree_g1/humanoid_object/dcv3_omnirt_v1_ref_fk_box004_20231003_2_086_p2/scene_act_E172_rubberHull_PRG.xml	example_datasets/processed/core4d/unitree_g1/humanoid_object/dcv3_omnirt_v1_ref_fk_box004_20231003_2_086_p2/0/trajectory_kinematic.npz	/mnt/a0ccc676-9496-49f8-a861-f8a1797dec52/spider_workdirs/core4d/results/E172/s3_retarget/omnirt_v1/ref_fk/results/omnirt_v1_ref_fk/contact_masks/dcv3_omnirt_v1_ref_fk_box004_20231003_2_086_p2/raw_contact_mask_3cm.npz	1				0.3333333333	0.6666666667	0.1917808219	0.2739726027	0.35452984	1.197431019	760.6524361
box021_20231011_034_p1	box021	OmniRetarget	E170	omnirt_v1	core4d-e154-physics-contact-v1	143	workspace/core4d/analysis/E197_full_cem_omnirt_vs_prg_metrics/omni_converted_qpos/box021_20231011_034_p1_omnirt_scene_act_qpos.npz	example_datasets/processed/core4d/unitree_g1/humanoid_object/dcv3_omnirt_v1_ref_fk_box021_20231011_034_p1/scene_act_E170_lowerbody_physics.xml	example_datasets/processed/core4d/unitree_g1/humanoid_object/dcv3_omnirt_v1_ref_fk_box021_20231011_034_p1/0/trajectory_kinematic.npz	/mnt/a0ccc676-9496-49f8-a861-f8a1797dec52/spider_workdirs/core4d/results/E168/s3_retarget/omnirt_v1/ref_fk/results/omnirt_v1_ref_fk/contact_masks/dcv3_omnirt_v1_ref_fk_box021_20231011_034_p1/raw_contact_mask_3cm.npz	0	ZYX	6.707437924e-14	2.957558667e-06	0.01724137931	1	0.8041958042	0.01398601399	2.404735224	4.207446236	1732.755155
box021_20231011_034_p1	box021	PRG	E170	omnirt_v1	core4d-e154-physics-contact-v1	143	/mnt/a0ccc676-9496-49f8-a861-f8a1797dec52/spider_workdirs/core4d/results/E170/s6_downstream/cem/full/E170_box021_20231011_034_p1_PRG_outdir_full/trajectory_mjwp_act.npz	example_datasets/processed/core4d/unitree_g1/humanoid_object/dcv3_omnirt_v1_ref_fk_box021_20231011_034_p1/scene_act_E170_lowerbody_physics.xml	example_datasets/processed/core4d/unitree_g1/humanoid_object/dcv3_omnirt_v1_ref_fk_box021_20231011_034_p1/0/trajectory_kinematic.npz	/mnt/a0ccc676-9496-49f8-a861-f8a1797dec52/spider_workdirs/core4d/results/E168/s3_retarget/omnirt_v1/ref_fk/results/omnirt_v1_ref_fk/contact_masks/dcv3_omnirt_v1_ref_fk_box021_20231011_034_p1/raw_contact_mask_3cm.npz	0				0.7068965517	0.8620689655	0.1258741259	0.1398601399	2.334419593	1.44271853	811.668148
box021_20231011_034_p2	box021	OmniRetarget	E170	omnirt_v2	core4d-e154-physics-contact-v1	149	workspace/core4d/analysis/E197_full_cem_omnirt_vs_prg_metrics/omni_converted_qpos/box021_20231011_034_p2_omnirt_scene_act_qpos.npz	example_datasets/processed/core4d/unitree_g1/humanoid_object/dcv3_omnirt_v2_ref_fk_box021_20231011_034_p2/scene_act_E170_lowerbody_physics.xml	example_datasets/processed/core4d/unitree_g1/humanoid_object/dcv3_omnirt_v2_ref_fk_box021_20231011_034_p2/0/trajectory_kinematic.npz	/mnt/a0ccc676-9496-49f8-a861-f8a1797dec52/spider_workdirs/core4d/results/E168/s3_retarget/omnirt_v2/ref_fk/results/omnirt_v2_ref_fk/contact_masks/dcv3_omnirt_v2_ref_fk_box021_20231011_034_p2/raw_contact_mask_3cm.npz	1	ZYX	1.139331726e-13	2.414836539e-06	0.128	1	0.7382550336	0.006711409396	2.361298804	4.275868666	1550.836098
box021_20231011_034_p2	box021	PRG	E170	omnirt_v2	core4d-e154-physics-contact-v1	149	/mnt/a0ccc676-9496-49f8-a861-f8a1797dec52/spider_workdirs/core4d/results/E170/s6_downstream/cem/full/E170_box021_20231011_034_p2_PRG_outdir_full/trajectory_mjwp_act.npz	example_datasets/processed/core4d/unitree_g1/humanoid_object/dcv3_omnirt_v2_ref_fk_box021_20231011_034_p2/scene_act_E170_lowerbody_physics.xml	example_datasets/processed/core4d/unitree_g1/humanoid_object/dcv3_omnirt_v2_ref_fk_box021_20231011_034_p2/0/trajectory_kinematic.npz	/mnt/a0ccc676-9496-49f8-a861-f8a1797dec52/spider_workdirs/core4d/results/E168/s3_retarget/omnirt_v2/ref_fk/results/omnirt_v2_ref_fk/contact_masks/dcv3_omnirt_v2_ref_fk_box021_20231011_034_p2/raw_contact_mask_3cm.npz	1				0.664	0.96	0.2483221477	0.05369127517	1.583066285	1.586919916	564.8490972
box021_20231011_036_p1	box021	OmniRetarget	E170	omnirt_v1	core4d-e154-physics-contact-v1	143	workspace/core4d/analysis/E197_full_cem_omnirt_vs_prg_metrics/omni_converted_qpos/box021_20231011_036_p1_omnirt_scene_act_qpos.npz	example_datasets/processed/core4d/unitree_g1/humanoid_object/dcv3_omnirt_v1_ref_fk_box021_20231011_036_p1/scene_act_E170_lowerbody_physics.xml	example_datasets/processed/core4d/unitree_g1/humanoid_object/dcv3_omnirt_v1_ref_fk_box021_20231011_036_p1/0/trajectory_kinematic.npz	/mnt/a0ccc676-9496-49f8-a861-f8a1797dec52/spider_workdirs/core4d/results/E168/s3_retarget/omnirt_v1/ref_fk/results/omnirt_v1_ref_fk/contact_masks/dcv3_omnirt_v1_ref_fk_box021_20231011_036_p1/raw_contact_mask_3cm.npz	0	ZYX	5.236911533e-14	2.414836539e-06	0.05737704918	1	0.8251748252	0.2937062937	1.60347225	2.775695849	1333.882403
box021_20231011_036_p1	box021	PRG	E170	omnirt_v1	core4d-e154-physics-contact-v1	143	/mnt/a0ccc676-9496-49f8-a861-f8a1797dec52/spider_workdirs/core4d/results/E170/s6_downstream/cem/full/E170_box021_20231011_036_p1_PRG_outdir_full/trajectory_mjwp_act.npz	example_datasets/processed/core4d/unitree_g1/humanoid_object/dcv3_omnirt_v1_ref_fk_box021_20231011_036_p1/scene_act_E170_lowerbody_physics.xml	example_datasets/processed/core4d/unitree_g1/humanoid_object/dcv3_omnirt_v1_ref_fk_box021_20231011_036_p1/0/trajectory_kinematic.npz	/mnt/a0ccc676-9496-49f8-a861-f8a1797dec52/spider_workdirs/core4d/results/E168/s3_retarget/omnirt_v1/ref_fk/results/omnirt_v1_ref_fk/contact_masks/dcv3_omnirt_v1_ref_fk_box021_20231011_036_p1/raw_contact_mask_3cm.npz	0				0.5737704918	0.8196721311	0.2097902098	0.1538461538	1.663572409	1.220922874	711.0872349
box021_20231011_036_p2	box021	OmniRetarget	E170	omnirt_v1	core4d-e154-physics-contact-v1	144	workspace/core4d/analysis/E197_full_cem_omnirt_vs_prg_metrics/omni_converted_qpos/box021_20231011_036_p2_omnirt_scene_act_qpos.npz	example_datasets/processed/core4d/unitree_g1/humanoid_object/dcv3_omnirt_v1_ref_fk_box021_20231011_036_p2/scene_act_E170_lowerbody_physics.xml	example_datasets/processed/core4d/unitree_g1/humanoid_object/dcv3_omnirt_v1_ref_fk_box021_20231011_036_p2/0/trajectory_kinematic.npz	/mnt/a0ccc676-9496-49f8-a861-f8a1797dec52/spider_workdirs/core4d/results/E168/s3_retarget/omnirt_v1/ref_fk/results/omnirt_v1_ref_fk/contact_masks/dcv3_omnirt_v1_ref_fk_box021_20231011_036_p2/raw_contact_mask_3cm.npz	1	ZYX	9.417487666e-14	1.707547293e-06	0.4201680672	1	0.4861111111	0	1.695044885	2.820834806	1485.966658
box021_20231011_036_p2	box021	PRG	E170	omnirt_v1	core4d-e154-physics-contact-v1	144	/mnt/a0ccc676-9496-49f8-a861-f8a1797dec52/spider_workdirs/core4d/results/E170/s6_downstream/cem/full/E170_box021_20231011_036_p2_PRG_outdir_full/trajectory_mjwp_act.npz	example_datasets/processed/core4d/unitree_g1/humanoid_object/dcv3_omnirt_v1_ref_fk_box021_20231011_036_p2/scene_act_E170_lowerbody_physics.xml	example_datasets/processed/core4d/unitree_g1/humanoid_object/dcv3_omnirt_v1_ref_fk_box021_20231011_036_p2/0/trajectory_kinematic.npz	/mnt/a0ccc676-9496-49f8-a861-f8a1797dec52/spider_workdirs/core4d/results/E168/s3_retarget/omnirt_v1/ref_fk/results/omnirt_v1_ref_fk/contact_masks/dcv3_omnirt_v1_ref_fk_box021_20231011_036_p2/raw_contact_mask_3cm.npz	1				0.5966386555	0.9411764706	0.2847222222	0	1.390907082	1.223215438	727.1999475
box021_20231011_037_p1	box021	OmniRetarget	E170	omnirt_v1	core4d-e154-physics-contact-v1	108	workspace/core4d/analysis/E197_full_cem_omnirt_vs_prg_metrics/omni_converted_qpos/box021_20231011_037_p1_omnirt_scene_act_qpos.npz	example_datasets/processed/core4d/unitree_g1/humanoid_object/dcv3_omnirt_v1_ref_fk_box021_20231011_037_p1/scene_act_E170_lowerbody_physics.xml	example_datasets/processed/core4d/unitree_g1/humanoid_object/dcv3_omnirt_v1_ref_fk_box021_20231011_037_p1/0/trajectory_kinematic.npz	/mnt/a0ccc676-9496-49f8-a861-f8a1797dec52/spider_workdirs/core4d/results/E168/s3_retarget/omnirt_v1/ref_fk/results/omnirt_v1_ref_fk/contact_masks/dcv3_omnirt_v1_ref_fk_box021_20231011_037_p1/raw_contact_mask_3cm.npz	0	ZYX	1.048852318e-13	2.414836539e-06	0.07291666667	0.90625	0.7407407407	0.02777777778	1.78714994	3.314949289	1976.827551
box021_20231011_037_p1	box021	PRG	E170	omnirt_v1	core4d-e154-physics-contact-v1	108	/mnt/a0ccc676-9496-49f8-a861-f8a1797dec52/spider_workdirs/core4d/results/E170/s6_downstream/cem/full/E170_box021_20231011_037_p1_PRG_outdir_full/trajectory_mjwp_act.npz	example_datasets/processed/core4d/unitree_g1/humanoid_object/dcv3_omnirt_v1_ref_fk_box021_20231011_037_p1/scene_act_E170_lowerbody_physics.xml	example_datasets/processed/core4d/unitree_g1/humanoid_object/dcv3_omnirt_v1_ref_fk_box021_20231011_037_p1/0/trajectory_kinematic.npz	/mnt/a0ccc676-9496-49f8-a861-f8a1797dec52/spider_workdirs/core4d/results/E168/s3_retarget/omnirt_v1/ref_fk/results/omnirt_v1_ref_fk/contact_masks/dcv3_omnirt_v1_ref_fk_box021_20231011_037_p1/raw_contact_mask_3cm.npz	0				0.6145833333	0.8958333333	0.2685185185	0	0.5408732627	1.172671225	736.2464604
box021_20231011_037_p2	box021	OmniRetarget	E170	omnirt_v1	core4d-e154-physics-contact-v1	124	workspace/core4d/analysis/E197_full_cem_omnirt_vs_prg_metrics/omni_converted_qpos/box021_20231011_037_p2_omnirt_scene_act_qpos.npz	example_datasets/processed/core4d/unitree_g1/humanoid_object/dcv3_omnirt_v1_ref_fk_box021_20231011_037_p2/scene_act_E170_lowerbody_physics.xml	example_datasets/processed/core4d/unitree_g1/humanoid_object/dcv3_omnirt_v1_ref_fk_box021_20231011_037_p2/0/trajectory_kinematic.npz	/mnt/a0ccc676-9496-49f8-a861-f8a1797dec52/spider_workdirs/core4d/results/E168/s3_retarget/omnirt_v1/ref_fk/results/omnirt_v1_ref_fk/contact_masks/dcv3_omnirt_v1_ref_fk_box021_20231011_037_p2/raw_contact_mask_3cm.npz	1	ZYX	4.440892099e-14	1.707547293e-06	0	0.009803921569	0.008064516129	0	1.639091118	3.368856776	2091.525955
box021_20231011_037_p2	box021	PRG	E170	omnirt_v1	core4d-e154-physics-contact-v1	124	/mnt/a0ccc676-9496-49f8-a861-f8a1797dec52/spider_workdirs/core4d/results/E170/s6_downstream/cem/full/E170_box021_20231011_037_p2_PRG_outdir_full/trajectory_mjwp_act.npz	example_datasets/processed/core4d/unitree_g1/humanoid_object/dcv3_omnirt_v1_ref_fk_box021_20231011_037_p2/scene_act_E170_lowerbody_physics.xml	example_datasets/processed/core4d/unitree_g1/humanoid_object/dcv3_omnirt_v1_ref_fk_box021_20231011_037_p2/0/trajectory_kinematic.npz	/mnt/a0ccc676-9496-49f8-a861-f8a1797dec52/spider_workdirs/core4d/results/E168/s3_retarget/omnirt_v1/ref_fk/results/omnirt_v1_ref_fk/contact_masks/dcv3_omnirt_v1_ref_fk_box021_20231011_037_p2/raw_contact_mask_3cm.npz	1				0.3333333333	0.5490196078	0.1774193548	0	1.783966649	1.099978799	779.9762014
box021_20231011_038_p1	box021	OmniRetarget	E170	omnirt_v1	core4d-e154-physics-contact-v1	114	workspace/core4d/analysis/E197_full_cem_omnirt_vs_prg_metrics/omni_converted_qpos/box021_20231011_038_p1_omnirt_scene_act_qpos.npz	example_datasets/processed/core4d/unitree_g1/humanoid_object/dcv3_omnirt_v1_ref_fk_box021_20231011_038_p1/scene_act_E170_lowerbody_physics.xml	example_datasets/processed/core4d/unitree_g1/humanoid_object/dcv3_omnirt_v1_ref_fk_box021_20231011_038_p1/0/trajectory_kinematic.npz	/mnt/a0ccc676-9496-49f8-a861-f8a1797dec52/spider_workdirs/core4d/results/E168/s3_retarget/omnirt_v1/ref_fk/results/omnirt_v1_ref_fk/contact_masks/dcv3_omnirt_v1_ref_fk_box021_20231011_038_p1/raw_contact_mask_3cm.npz	0	XZY	4.996003611e-14	2.957558667e-06	0.1279069767	1	0.6666666667	0	1.012963553	1.429072735	1417.59254
box021_20231011_038_p1	box021	PRG	E170	omnirt_v1	core4d-e154-physics-contact-v1	114	/mnt/a0ccc676-9496-49f8-a861-f8a1797dec52/spider_workdirs/core4d/results/E170/s6_downstream/cem/full/E170_box021_20231011_038_p1_PRG_outdir_full/trajectory_mjwp_act.npz	example_datasets/processed/core4d/unitree_g1/humanoid_object/dcv3_omnirt_v1_ref_fk_box021_20231011_038_p1/scene_act_E170_lowerbody_physics.xml	example_datasets/processed/core4d/unitree_g1/humanoid_object/dcv3_omnirt_v1_ref_fk_box021_20231011_038_p1/0/trajectory_kinematic.npz	/mnt/a0ccc676-9496-49f8-a861-f8a1797dec52/spider_workdirs/core4d/results/E168/s3_retarget/omnirt_v1/ref_fk/results/omnirt_v1_ref_fk/contact_masks/dcv3_omnirt_v1_ref_fk_box021_20231011_038_p1/raw_contact_mask_3cm.npz	0				0.8023255814	0.8604651163	0.05263157895	0	0.5680474277	1.074921048	621.8199423
box021_20231011_038_p2	box021	OmniRetarget	E170	omnirt_v1	core4d-e154-physics-contact-v1	117	workspace/core4d/analysis/E197_full_cem_omnirt_vs_prg_metrics/omni_converted_qpos/box021_20231011_038_p2_omnirt_scene_act_qpos.npz	example_datasets/processed/core4d/unitree_g1/humanoid_object/dcv3_omnirt_v1_ref_fk_box021_20231011_038_p2/scene_act_E170_lowerbody_physics.xml	example_datasets/processed/core4d/unitree_g1/humanoid_object/dcv3_omnirt_v1_ref_fk_box021_20231011_038_p2/0/trajectory_kinematic.npz	/mnt/a0ccc676-9496-49f8-a861-f8a1797dec52/spider_workdirs/core4d/results/E168/s3_retarget/omnirt_v1/ref_fk/results/omnirt_v1_ref_fk/contact_masks/dcv3_omnirt_v1_ref_fk_box021_20231011_038_p2/raw_contact_mask_3cm.npz	1	XZY	8.182012275e-14	2.414836539e-06	0.07954545455	0.9772727273	0.6752136752	0.04273504274	1.523379285	1.452312872	1392.294475
box021_20231011_038_p2	box021	PRG	E170	omnirt_v1	core4d-e154-physics-contact-v1	117	/mnt/a0ccc676-9496-49f8-a861-f8a1797dec52/spider_workdirs/core4d/results/E170/s6_downstream/cem/full/E170_box021_20231011_038_p2_PRG_outdir_full/trajectory_mjwp_act.npz	example_datasets/processed/core4d/unitree_g1/humanoid_object/dcv3_omnirt_v1_ref_fk_box021_20231011_038_p2/scene_act_E170_lowerbody_physics.xml	example_datasets/processed/core4d/unitree_g1/humanoid_object/dcv3_omnirt_v1_ref_fk_box021_20231011_038_p2/0/trajectory_kinematic.npz	/mnt/a0ccc676-9496-49f8-a861-f8a1797dec52/spider_workdirs/core4d/results/E168/s3_retarget/omnirt_v1/ref_fk/results/omnirt_v1_ref_fk/contact_masks/dcv3_omnirt_v1_ref_fk_box021_20231011_038_p2/raw_contact_mask_3cm.npz	1				0.4431818182	0.9204545455	0.358974359	0.6324786325	1.589869859	1.505185002	765.4799618
box021_20231018_028_p1	box021	OmniRetarget	E170	omnirt_v2	core4d-e154-physics-contact-v1	74	workspace/core4d/analysis/E197_full_cem_omnirt_vs_prg_metrics/omni_converted_qpos/box021_20231018_028_p1_omnirt_scene_act_qpos.npz	example_datasets/processed/core4d/unitree_g1/humanoid_object/dcv3_omnirt_v2_ref_fk_box021_20231018_028_p1/scene_act_E170_lowerbody_physics.xml	example_datasets/processed/core4d/unitree_g1/humanoid_object/dcv3_omnirt_v2_ref_fk_box021_20231018_028_p1/0/trajectory_kinematic.npz	/mnt/a0ccc676-9496-49f8-a861-f8a1797dec52/spider_workdirs/core4d/results/E168/s3_retarget/omnirt_v2/ref_fk/results/omnirt_v2_ref_fk/contact_masks/dcv3_omnirt_v2_ref_fk_box021_20231018_028_p1/raw_contact_mask_3cm.npz	0	ZYX	3.621544273e-14	2.414836539e-06	0.4473684211	1	0.2837837838	0.04054054054	1.636424826	5.566557638	4863.4005
box021_20231018_028_p1	box021	PRG	E170	omnirt_v2	core4d-e154-physics-contact-v1	74	/mnt/a0ccc676-9496-49f8-a861-f8a1797dec52/spider_workdirs/core4d/results/E170/s6_downstream/cem/full/E170_box021_20231018_028_p1_PRG_outdir_full/trajectory_mjwp_act.npz	example_datasets/processed/core4d/unitree_g1/humanoid_object/dcv3_omnirt_v2_ref_fk_box021_20231018_028_p1/scene_act_E170_lowerbody_physics.xml	example_datasets/processed/core4d/unitree_g1/humanoid_object/dcv3_omnirt_v2_ref_fk_box021_20231018_028_p1/0/trajectory_kinematic.npz	/mnt/a0ccc676-9496-49f8-a861-f8a1797dec52/spider_workdirs/core4d/results/E168/s3_retarget/omnirt_v2/ref_fk/results/omnirt_v2_ref_fk/contact_masks/dcv3_omnirt_v2_ref_fk_box021_20231018_028_p1/raw_contact_mask_3cm.npz	0				0.3947368421	0.8157894737	0.2432432432	0.09459459459	0.5770415971	3.378383497	1465.196241
box021_20231018_028_p2	box021	OmniRetarget	E170	omnirt_v1	core4d-e154-physics-contact-v1	93	workspace/core4d/analysis/E197_full_cem_omnirt_vs_prg_metrics/omni_converted_qpos/box021_20231018_028_p2_omnirt_scene_act_qpos.npz	example_datasets/processed/core4d/unitree_g1/humanoid_object/dcv3_omnirt_v1_ref_fk_box021_20231018_028_p2/scene_act_E170_lowerbody_physics.xml	example_datasets/processed/core4d/unitree_g1/humanoid_object/dcv3_omnirt_v1_ref_fk_box021_20231018_028_p2/0/trajectory_kinematic.npz	/mnt/a0ccc676-9496-49f8-a861-f8a1797dec52/spider_workdirs/core4d/results/E168/s3_retarget/omnirt_v1/ref_fk/results/omnirt_v1_ref_fk/contact_masks/dcv3_omnirt_v1_ref_fk_box021_20231018_028_p2/raw_contact_mask_3cm.npz	1	ZYX	7.005190574e-14	1.707547293e-06	0.2692307692	0.6153846154	0.1935483871	0.04301075269	1.035205372	5.342660952	2917.686465
box021_20231018_028_p2	box021	PRG	E170	omnirt_v1	core4d-e154-physics-contact-v1	93	/mnt/a0ccc676-9496-49f8-a861-f8a1797dec52/spider_workdirs/core4d/results/E170/s6_downstream/cem/full/E170_box021_20231018_028_p2_PRG_outdir_full/trajectory_mjwp_act.npz	example_datasets/processed/core4d/unitree_g1/humanoid_object/dcv3_omnirt_v1_ref_fk_box021_20231018_028_p2/scene_act_E170_lowerbody_physics.xml	example_datasets/processed/core4d/unitree_g1/humanoid_object/dcv3_omnirt_v1_ref_fk_box021_20231018_028_p2/0/trajectory_kinematic.npz	/mnt/a0ccc676-9496-49f8-a861-f8a1797dec52/spider_workdirs/core4d/results/E168/s3_retarget/omnirt_v1/ref_fk/results/omnirt_v1_ref_fk/contact_masks/dcv3_omnirt_v1_ref_fk_box021_20231018_028_p2/raw_contact_mask_3cm.npz	1				0.03846153846	0.4423076923	0.2795698925	0.2150537634	0.2987483776	2.649922979	1600.339912
box021_20231018_029_p1	box021	OmniRetarget	E170	omnirt_v1	core4d-e154-physics-contact-v1	71	workspace/core4d/analysis/E197_full_cem_omnirt_vs_prg_metrics/omni_converted_qpos/box021_20231018_029_p1_omnirt_scene_act_qpos.npz	example_datasets/processed/core4d/unitree_g1/humanoid_object/dcv3_omnirt_v1_ref_fk_box021_20231018_029_p1/scene_act_E170_lowerbody_physics.xml	example_datasets/processed/core4d/unitree_g1/humanoid_object/dcv3_omnirt_v1_ref_fk_box021_20231018_029_p1/0/trajectory_kinematic.npz	/mnt/a0ccc676-9496-49f8-a861-f8a1797dec52/spider_workdirs/core4d/results/E168/s3_retarget/omnirt_v1/ref_fk/results/omnirt_v1_ref_fk/contact_masks/dcv3_omnirt_v1_ref_fk_box021_20231018_029_p1/raw_contact_mask_3cm.npz	0	XYZ	4.611102535e-14	2.414836539e-06	0.6458333333	0.7083333333	0.04225352113	0	0.6692176823	4.684776733	2326.035025
box021_20231018_029_p1	box021	PRG	E170	omnirt_v1	core4d-e154-physics-contact-v1	71	/mnt/a0ccc676-9496-49f8-a861-f8a1797dec52/spider_workdirs/core4d/results/E170/s6_downstream/cem/full/E170_box021_20231018_029_p1_PRG_outdir_full/trajectory_mjwp_act.npz	example_datasets/processed/core4d/unitree_g1/humanoid_object/dcv3_omnirt_v1_ref_fk_box021_20231018_029_p1/scene_act_E170_lowerbody_physics.xml	example_datasets/processed/core4d/unitree_g1/humanoid_object/dcv3_omnirt_v1_ref_fk_box021_20231018_029_p1/0/trajectory_kinematic.npz	/mnt/a0ccc676-9496-49f8-a861-f8a1797dec52/spider_workdirs/core4d/results/E168/s3_retarget/omnirt_v1/ref_fk/results/omnirt_v1_ref_fk/contact_masks/dcv3_omnirt_v1_ref_fk_box021_20231018_029_p1/raw_contact_mask_3cm.npz	0				0.4791666667	0.7708333333	0.1971830986	0.01408450704	0.8076074228	1.810477872	881.8486547
box021_20231018_030_p1	box021	OmniRetarget	E170	omnirt_v1	core4d-e154-physics-contact-v1	88	workspace/core4d/analysis/E197_full_cem_omnirt_vs_prg_metrics/omni_converted_qpos/box021_20231018_030_p1_omnirt_scene_act_qpos.npz	example_datasets/processed/core4d/unitree_g1/humanoid_object/dcv3_omnirt_v1_ref_fk_box021_20231018_030_p1/scene_act_E170_lowerbody_physics.xml	example_datasets/processed/core4d/unitree_g1/humanoid_object/dcv3_omnirt_v1_ref_fk_box021_20231018_030_p1/0/trajectory_kinematic.npz	/mnt/a0ccc676-9496-49f8-a861-f8a1797dec52/spider_workdirs/core4d/results/E168/s3_retarget/omnirt_v1/ref_fk/results/omnirt_v1_ref_fk/contact_masks/dcv3_omnirt_v1_ref_fk_box021_20231018_030_p1/raw_contact_mask_3cm.npz	0	XZY	8.891536662e-14	1.707547293e-06	0.1666666667	1	0.6022727273	0	1.7996791	4.500627497	1689.20257
box021_20231018_030_p1	box021	PRG	E170	omnirt_v1	core4d-e154-physics-contact-v1	88	/mnt/a0ccc676-9496-49f8-a861-f8a1797dec52/spider_workdirs/core4d/results/E170/s6_downstream/cem/full/E170_box021_20231018_030_p1_PRG_outdir_full/trajectory_mjwp_act.npz	example_datasets/processed/core4d/unitree_g1/humanoid_object/dcv3_omnirt_v1_ref_fk_box021_20231018_030_p1/scene_act_E170_lowerbody_physics.xml	example_datasets/processed/core4d/unitree_g1/humanoid_object/dcv3_omnirt_v1_ref_fk_box021_20231018_030_p1/0/trajectory_kinematic.npz	/mnt/a0ccc676-9496-49f8-a861-f8a1797dec52/spider_workdirs/core4d/results/E168/s3_retarget/omnirt_v1/ref_fk/results/omnirt_v1_ref_fk/contact_masks/dcv3_omnirt_v1_ref_fk_box021_20231018_030_p1/raw_contact_mask_3cm.npz	0				0.4333333333	0.65	0.1931818182	0.3295454545	0.8978855427	2.403759596	958.5103455
box021_20231018_030_p2	box021	OmniRetarget	E170	omnirt_v1	core4d-e154-physics-contact-v1	88	workspace/core4d/analysis/E197_full_cem_omnirt_vs_prg_metrics/omni_converted_qpos/box021_20231018_030_p2_omnirt_scene_act_qpos.npz	example_datasets/processed/core4d/unitree_g1/humanoid_object/dcv3_omnirt_v1_ref_fk_box021_20231018_030_p2/scene_act_E170_lowerbody_physics.xml	example_datasets/processed/core4d/unitree_g1/humanoid_object/dcv3_omnirt_v1_ref_fk_box021_20231018_030_p2/0/trajectory_kinematic.npz	/mnt/a0ccc676-9496-49f8-a861-f8a1797dec52/spider_workdirs/core4d/results/E168/s3_retarget/omnirt_v1/ref_fk/results/omnirt_v1_ref_fk/contact_masks/dcv3_omnirt_v1_ref_fk_box021_20231018_030_p2/raw_contact_mask_3cm.npz	1	XZY	6.766044249e-14	1.707547293e-06	0.6666666667	0.9666666667	0.2159090909	0.07954545455	1.489982254	4.319604442	2012.821873
box021_20231018_030_p2	box021	PRG	E170	omnirt_v1	core4d-e154-physics-contact-v1	88	/mnt/a0ccc676-9496-49f8-a861-f8a1797dec52/spider_workdirs/core4d/results/E170/s6_downstream/cem/full/E170_box021_20231018_030_p2_PRG_outdir_full/trajectory_mjwp_act.npz	example_datasets/processed/core4d/unitree_g1/humanoid_object/dcv3_omnirt_v1_ref_fk_box021_20231018_030_p2/scene_act_E170_lowerbody_physics.xml	example_datasets/processed/core4d/unitree_g1/humanoid_object/dcv3_omnirt_v1_ref_fk_box021_20231018_030_p2/0/trajectory_kinematic.npz	/mnt/a0ccc676-9496-49f8-a861-f8a1797dec52/spider_workdirs/core4d/results/E168/s3_retarget/omnirt_v1/ref_fk/results/omnirt_v1_ref_fk/contact_masks/dcv3_omnirt_v1_ref_fk_box021_20231018_030_p2/raw_contact_mask_3cm.npz	1				0.2333333333	0.35	0.07954545455	0	0.8305302523	2.128777041	1290.859068
box021_20231018_031_p2	box021	OmniRetarget	E170	omnirt_v1	core4d-e154-physics-contact-v1	107	workspace/core4d/analysis/E197_full_cem_omnirt_vs_prg_metrics/omni_converted_qpos/box021_20231018_031_p2_omnirt_scene_act_qpos.npz	example_datasets/processed/core4d/unitree_g1/humanoid_object/dcv3_omnirt_v1_ref_fk_box021_20231018_031_p2/scene_act_E170_lowerbody_physics.xml	example_datasets/processed/core4d/unitree_g1/humanoid_object/dcv3_omnirt_v1_ref_fk_box021_20231018_031_p2/0/trajectory_kinematic.npz	/mnt/a0ccc676-9496-49f8-a861-f8a1797dec52/spider_workdirs/core4d/results/E168/s3_retarget/omnirt_v1/ref_fk/results/omnirt_v1_ref_fk/contact_masks/dcv3_omnirt_v1_ref_fk_box021_20231018_031_p2/raw_contact_mask_3cm.npz	1	XZY	5.900916318e-14	1.707547293e-06	0.1272727273	0.4727272727	0.1962616822	0	1.050310472	2.166139257	2030.194736
box021_20231018_031_p2	box021	PRG	E170	omnirt_v1	core4d-e154-physics-contact-v1	107	/mnt/a0ccc676-9496-49f8-a861-f8a1797dec52/spider_workdirs/core4d/results/E170/s6_downstream/cem/full/E170_box021_20231018_031_p2_PRG_outdir_full/trajectory_mjwp_act.npz	example_datasets/processed/core4d/unitree_g1/humanoid_object/dcv3_omnirt_v1_ref_fk_box021_20231018_031_p2/scene_act_E170_lowerbody_physics.xml	example_datasets/processed/core4d/unitree_g1/humanoid_object/dcv3_omnirt_v1_ref_fk_box021_20231018_031_p2/0/trajectory_kinematic.npz	/mnt/a0ccc676-9496-49f8-a861-f8a1797dec52/spider_workdirs/core4d/results/E168/s3_retarget/omnirt_v1/ref_fk/results/omnirt_v1_ref_fk/contact_masks/dcv3_omnirt_v1_ref_fk_box021_20231018_031_p2/raw_contact_mask_3cm.npz	1				0.2909090909	0.3272727273	0.01869158879	0.1588785047	1.08071548	1.705742873	744.9323077
box021_20231018_032_p1	box021	OmniRetarget	E170	omnirt_v1	core4d-e154-physics-contact-v1	82	workspace/core4d/analysis/E197_full_cem_omnirt_vs_prg_metrics/omni_converted_qpos/box021_20231018_032_p1_omnirt_scene_act_qpos.npz	example_datasets/processed/core4d/unitree_g1/humanoid_object/dcv3_omnirt_v1_ref_fk_box021_20231018_032_p1/scene_act_E169_lowerbody_physics.xml	example_datasets/processed/core4d/unitree_g1/humanoid_object/dcv3_omnirt_v1_ref_fk_box021_20231018_032_p1/0/trajectory_kinematic.npz	/mnt/a0ccc676-9496-49f8-a861-f8a1797dec52/spider_workdirs/core4d/results/E168/s3_retarget/omnirt_v1/ref_fk/results/omnirt_v1_ref_fk/contact_masks/dcv3_omnirt_v1_ref_fk_box021_20231018_032_p1/raw_contact_mask_3cm.npz	0	XZY	2.288783399e-14	1.707547293e-06	0.1951219512	0.9512195122	0.4024390244	0	1.009144607	5.156566688	2358.964739
box021_20231018_032_p1	box021	PRG	E170	omnirt_v1	core4d-e154-physics-contact-v1	82	/mnt/a0ccc676-9496-49f8-a861-f8a1797dec52/spider_workdirs/core4d/results/E169/cem/full/E169_box021_20231018_032_p1_PRG_outdir_full/trajectory_mjwp_act.npz	example_datasets/processed/core4d/unitree_g1/humanoid_object/dcv3_omnirt_v1_ref_fk_box021_20231018_032_p1/scene_act_E169_lowerbody_physics.xml	example_datasets/processed/core4d/unitree_g1/humanoid_object/dcv3_omnirt_v1_ref_fk_box021_20231018_032_p1/0/trajectory_kinematic.npz	/mnt/a0ccc676-9496-49f8-a861-f8a1797dec52/spider_workdirs/core4d/results/E168/s3_retarget/omnirt_v1/ref_fk/results/omnirt_v1_ref_fk/contact_masks/dcv3_omnirt_v1_ref_fk_box021_20231018_032_p1/raw_contact_mask_3cm.npz	0				0.2926829268	0.8048780488	0.3536585366	0	0.3236046861	2.555004282	974.5949542
box021_20231018_032_p2	box021	OmniRetarget	E170	omnirt_v1	core4d-e154-physics-contact-v1	76	workspace/core4d/analysis/E197_full_cem_omnirt_vs_prg_metrics/omni_converted_qpos/box021_20231018_032_p2_omnirt_scene_act_qpos.npz	example_datasets/processed/core4d/unitree_g1/humanoid_object/dcv3_omnirt_v1_ref_fk_box021_20231018_032_p2/scene_act_E170_lowerbody_physics.xml	example_datasets/processed/core4d/unitree_g1/humanoid_object/dcv3_omnirt_v1_ref_fk_box021_20231018_032_p2/0/trajectory_kinematic.npz	/mnt/a0ccc676-9496-49f8-a861-f8a1797dec52/spider_workdirs/core4d/results/E168/s3_retarget/omnirt_v1/ref_fk/results/omnirt_v1_ref_fk/contact_masks/dcv3_omnirt_v1_ref_fk_box021_20231018_032_p2/raw_contact_mask_3cm.npz	1	XZY	2.618455767e-14	1.707547293e-06	0.4318181818	0.9090909091	0.2763157895	0.1447368421	1.047924397	4.949161923	3830.44942
box021_20231018_032_p2	box021	PRG	E170	omnirt_v1	core4d-e154-physics-contact-v1	76	/mnt/a0ccc676-9496-49f8-a861-f8a1797dec52/spider_workdirs/core4d/results/E170/s6_downstream/cem/full/E170_box021_20231018_032_p2_PRG_outdir_full/trajectory_mjwp_act.npz	example_datasets/processed/core4d/unitree_g1/humanoid_object/dcv3_omnirt_v1_ref_fk_box021_20231018_032_p2/scene_act_E170_lowerbody_physics.xml	example_datasets/processed/core4d/unitree_g1/humanoid_object/dcv3_omnirt_v1_ref_fk_box021_20231018_032_p2/0/trajectory_kinematic.npz	/mnt/a0ccc676-9496-49f8-a861-f8a1797dec52/spider_workdirs/core4d/results/E168/s3_retarget/omnirt_v1/ref_fk/results/omnirt_v1_ref_fk/contact_masks/dcv3_omnirt_v1_ref_fk_box021_20231018_032_p2/raw_contact_mask_3cm.npz	1				0.2727272727	0.3409090909	0.03947368421	0	0.9110604689	1.829326579	905.8005978
box021_20231018_033_p1	box021	OmniRetarget	E170	omnirt_v1	core4d-e154-physics-contact-v1	86	workspace/core4d/analysis/E197_full_cem_omnirt_vs_prg_metrics/omni_converted_qpos/box021_20231018_033_p1_omnirt_scene_act_qpos.npz	example_datasets/processed/core4d/unitree_g1/humanoid_object/dcv3_omnirt_v1_ref_fk_box021_20231018_033_p1/scene_act_E169_lowerbody_physics.xml	example_datasets/processed/core4d/unitree_g1/humanoid_object/dcv3_omnirt_v1_ref_fk_box021_20231018_033_p1/0/trajectory_kinematic.npz	/mnt/a0ccc676-9496-49f8-a861-f8a1797dec52/spider_workdirs/core4d/results/E168/s3_retarget/omnirt_v1/ref_fk/results/omnirt_v1_ref_fk/contact_masks/dcv3_omnirt_v1_ref_fk_box021_20231018_033_p1/raw_contact_mask_3cm.npz	0	XZY	3.554447979e-14	2.414836539e-06	0.1666666667	0.9074074074	0.5	0.03488372093	1.494538355	3.116644734	2325.462083
box021_20231018_033_p1	box021	PRG	E170	omnirt_v1	core4d-e154-physics-contact-v1	86	/mnt/a0ccc676-9496-49f8-a861-f8a1797dec52/spider_workdirs/core4d/results/E169/cem/full/E169_box021_20231018_033_p1_PRG_outdir_full/trajectory_mjwp_act.npz	example_datasets/processed/core4d/unitree_g1/humanoid_object/dcv3_omnirt_v1_ref_fk_box021_20231018_033_p1/scene_act_E169_lowerbody_physics.xml	example_datasets/processed/core4d/unitree_g1/humanoid_object/dcv3_omnirt_v1_ref_fk_box021_20231018_033_p1/0/trajectory_kinematic.npz	/mnt/a0ccc676-9496-49f8-a861-f8a1797dec52/spider_workdirs/core4d/results/E168/s3_retarget/omnirt_v1/ref_fk/results/omnirt_v1_ref_fk/contact_masks/dcv3_omnirt_v1_ref_fk_box021_20231018_033_p1/raw_contact_mask_3cm.npz	0				0.07407407407	0.2407407407	0.1046511628	0.2558139535	0.4565109415	2.032342069	1387.98841
box021_20231018_033_p2	box021	OmniRetarget	E170	omnirt_v1	core4d-e154-physics-contact-v1	97	workspace/core4d/analysis/E197_full_cem_omnirt_vs_prg_metrics/omni_converted_qpos/box021_20231018_033_p2_omnirt_scene_act_qpos.npz	example_datasets/processed/core4d/unitree_g1/humanoid_object/dcv3_omnirt_v1_ref_fk_box021_20231018_033_p2/scene_act_E170_lowerbody_physics.xml	example_datasets/processed/core4d/unitree_g1/humanoid_object/dcv3_omnirt_v1_ref_fk_box021_20231018_033_p2/0/trajectory_kinematic.npz	/mnt/a0ccc676-9496-49f8-a861-f8a1797dec52/spider_workdirs/core4d/results/E168/s3_retarget/omnirt_v1/ref_fk/results/omnirt_v1_ref_fk/contact_masks/dcv3_omnirt_v1_ref_fk_box021_20231018_033_p2/raw_contact_mask_3cm.npz	1	XZY	5.236911533e-14	1.707547293e-06	0.56	0.9733333333	0.3298969072	0.1855670103	1.453697164	2.991288002	2248.636231
box021_20231018_033_p2	box021	PRG	E170	omnirt_v1	core4d-e154-physics-contact-v1	97	/mnt/a0ccc676-9496-49f8-a861-f8a1797dec52/spider_workdirs/core4d/results/E170/s6_downstream/cem/full/E170_box021_20231018_033_p2_PRG_outdir_full/trajectory_mjwp_act.npz	example_datasets/processed/core4d/unitree_g1/humanoid_object/dcv3_omnirt_v1_ref_fk_box021_20231018_033_p2/scene_act_E170_lowerbody_physics.xml	example_datasets/processed/core4d/unitree_g1/humanoid_object/dcv3_omnirt_v1_ref_fk_box021_20231018_033_p2/0/trajectory_kinematic.npz	/mnt/a0ccc676-9496-49f8-a861-f8a1797dec52/spider_workdirs/core4d/results/E168/s3_retarget/omnirt_v1/ref_fk/results/omnirt_v1_ref_fk/contact_masks/dcv3_omnirt_v1_ref_fk_box021_20231018_033_p2/raw_contact_mask_3cm.npz	1				0.2533333333	0.4266666667	0.1546391753	0.3092783505	1.230010515	1.942118143	772.9880708
box021_20231018_034_p2	box021	OmniRetarget	E170	omnirt_v1	core4d-e154-physics-contact-v1	97	workspace/core4d/analysis/E197_full_cem_omnirt_vs_prg_metrics/omni_converted_qpos/box021_20231018_034_p2_omnirt_scene_act_qpos.npz	example_datasets/processed/core4d/unitree_g1/humanoid_object/dcv3_omnirt_v1_ref_fk_box021_20231018_034_p2/scene_act_E170_lowerbody_physics.xml	example_datasets/processed/core4d/unitree_g1/humanoid_object/dcv3_omnirt_v1_ref_fk_box021_20231018_034_p2/0/trajectory_kinematic.npz	/mnt/a0ccc676-9496-49f8-a861-f8a1797dec52/spider_workdirs/core4d/results/E168/s3_retarget/omnirt_v1/ref_fk/results/omnirt_v1_ref_fk/contact_masks/dcv3_omnirt_v1_ref_fk_box021_20231018_034_p2/raw_contact_mask_3cm.npz	1	ZYX	4.996003611e-14	2.414836539e-06	0.3043478261	0.8913043478	0.2989690722	0.1030927835	0.6995846214	2.651841562	1839.841946
box021_20231018_034_p2	box021	PRG	E170	omnirt_v1	core4d-e154-physics-contact-v1	97	/mnt/a0ccc676-9496-49f8-a861-f8a1797dec52/spider_workdirs/core4d/results/E170/s6_downstream/cem/full/E170_box021_20231018_034_p2_PRG_outdir_full/trajectory_mjwp_act.npz	example_datasets/processed/core4d/unitree_g1/humanoid_object/dcv3_omnirt_v1_ref_fk_box021_20231018_034_p2/scene_act_E170_lowerbody_physics.xml	example_datasets/processed/core4d/unitree_g1/humanoid_object/dcv3_omnirt_v1_ref_fk_box021_20231018_034_p2/0/trajectory_kinematic.npz	/mnt/a0ccc676-9496-49f8-a861-f8a1797dec52/spider_workdirs/core4d/results/E168/s3_retarget/omnirt_v1/ref_fk/results/omnirt_v1_ref_fk/contact_masks/dcv3_omnirt_v1_ref_fk_box021_20231018_034_p2/raw_contact_mask_3cm.npz	1				0.3043478261	0.4130434783	0.05154639175	0	0.5534705555	1.613041744	739.8732116
box021_20231018_035_p2	box021	OmniRetarget	E170	omnirt_v1	core4d-e154-physics-contact-v1	94	workspace/core4d/analysis/E197_full_cem_omnirt_vs_prg_metrics/omni_converted_qpos/box021_20231018_035_p2_omnirt_scene_act_qpos.npz	example_datasets/processed/core4d/unitree_g1/humanoid_object/dcv3_omnirt_v1_ref_fk_box021_20231018_035_p2/scene_act_E170_lowerbody_physics.xml	example_datasets/processed/core4d/unitree_g1/humanoid_object/dcv3_omnirt_v1_ref_fk_box021_20231018_035_p2/0/trajectory_kinematic.npz	/mnt/a0ccc676-9496-49f8-a861-f8a1797dec52/spider_workdirs/core4d/results/E168/s3_retarget/omnirt_v1/ref_fk/results/omnirt_v1_ref_fk/contact_masks/dcv3_omnirt_v1_ref_fk_box021_20231018_035_p2/raw_contact_mask_3cm.npz	1	ZYX	4.520411122e-14	2.414836539e-06	0.1515151515	0.7424242424	0.4255319149	0.2127659574	0.9920672803	2.803595768	3002.335127
box021_20231018_035_p2	box021	PRG	E170	omnirt_v1	core4d-e154-physics-contact-v1	94	/mnt/a0ccc676-9496-49f8-a861-f8a1797dec52/spider_workdirs/core4d/results/E170/s6_downstream/cem/full/E170_box021_20231018_035_p2_PRG_outdir_full/trajectory_mjwp_act.npz	example_datasets/processed/core4d/unitree_g1/humanoid_object/dcv3_omnirt_v1_ref_fk_box021_20231018_035_p2/scene_act_E170_lowerbody_physics.xml	example_datasets/processed/core4d/unitree_g1/humanoid_object/dcv3_omnirt_v1_ref_fk_box021_20231018_035_p2/0/trajectory_kinematic.npz	/mnt/a0ccc676-9496-49f8-a861-f8a1797dec52/spider_workdirs/core4d/results/E168/s3_retarget/omnirt_v1/ref_fk/results/omnirt_v1_ref_fk/contact_masks/dcv3_omnirt_v1_ref_fk_box021_20231018_035_p2/raw_contact_mask_3cm.npz	1				0.303030303	0.4393939394	0.09574468085	0.3510638298	0.3906068133	3.216139133	1122.754137
box021_20231020_019_p1	box021	OmniRetarget	E170	omnirt_v2	core4d-e154-physics-contact-v1	97	workspace/core4d/analysis/E197_full_cem_omnirt_vs_prg_metrics/omni_converted_qpos/box021_20231020_019_p1_omnirt_scene_act_qpos.npz	example_datasets/processed/core4d/unitree_g1/humanoid_object/dcv3_omnirt_v2_ref_fk_box021_20231020_019_p1/scene_act_E170_lowerbody_physics.xml	example_datasets/processed/core4d/unitree_g1/humanoid_object/dcv3_omnirt_v2_ref_fk_box021_20231020_019_p1/0/trajectory_kinematic.npz	/mnt/a0ccc676-9496-49f8-a861-f8a1797dec52/spider_workdirs/core4d/results/E168/s3_retarget/omnirt_v2/ref_fk/results/omnirt_v2_ref_fk/contact_masks/dcv3_omnirt_v2_ref_fk_box021_20231020_019_p1/raw_contact_mask_3cm.npz	0	XZY	9.647807741e-14	2.957558667e-06	0.5245901639	0.9836065574	0.2886597938	0	1.618513484	5.024784116	1544.753381
box021_20231020_019_p1	box021	PRG	E170	omnirt_v2	core4d-e154-physics-contact-v1	97	/mnt/a0ccc676-9496-49f8-a861-f8a1797dec52/spider_workdirs/core4d/results/E170/s6_downstream/cem/full/E170_box021_20231020_019_p1_PRG_outdir_full/trajectory_mjwp_act.npz	example_datasets/processed/core4d/unitree_g1/humanoid_object/dcv3_omnirt_v2_ref_fk_box021_20231020_019_p1/scene_act_E170_lowerbody_physics.xml	example_datasets/processed/core4d/unitree_g1/humanoid_object/dcv3_omnirt_v2_ref_fk_box021_20231020_019_p1/0/trajectory_kinematic.npz	/mnt/a0ccc676-9496-49f8-a861-f8a1797dec52/spider_workdirs/core4d/results/E168/s3_retarget/omnirt_v2/ref_fk/results/omnirt_v2_ref_fk/contact_masks/dcv3_omnirt_v2_ref_fk_box021_20231020_019_p1/raw_contact_mask_3cm.npz	0				0.4754098361	0.6885245902	0.1546391753	0	0.4730222794	2.539744853	598.5937329
box021_20231020_019_p2	box021	OmniRetarget	E170	omnirt_v1	core4d-e154-physics-contact-v1	100	workspace/core4d/analysis/E197_full_cem_omnirt_vs_prg_metrics/omni_converted_qpos/box021_20231020_019_p2_omnirt_scene_act_qpos.npz	example_datasets/processed/core4d/unitree_g1/humanoid_object/dcv3_omnirt_v1_ref_fk_box021_20231020_019_p2/scene_act_E170_lowerbody_physics.xml	example_datasets/processed/core4d/unitree_g1/humanoid_object/dcv3_omnirt_v1_ref_fk_box021_20231020_019_p2/0/trajectory_kinematic.npz	/mnt/a0ccc676-9496-49f8-a861-f8a1797dec52/spider_workdirs/core4d/results/E168/s3_retarget/omnirt_v1/ref_fk/results/omnirt_v1_ref_fk/contact_masks/dcv3_omnirt_v1_ref_fk_box021_20231020_019_p2/raw_contact_mask_3cm.npz	1	XZY	6.101493737e-14	2.414836539e-06	0.0303030303	0.8333333333	0.54	0.03	1.480478612	4.586055369	2135.547441
box021_20231020_019_p2	box021	PRG	E170	omnirt_v1	core4d-e154-physics-contact-v1	100	/mnt/a0ccc676-9496-49f8-a861-f8a1797dec52/spider_workdirs/core4d/results/E170/s6_downstream/cem/full/E170_box021_20231020_019_p2_PRG_outdir_full/trajectory_mjwp_act.npz	example_datasets/processed/core4d/unitree_g1/humanoid_object/dcv3_omnirt_v1_ref_fk_box021_20231020_019_p2/scene_act_E170_lowerbody_physics.xml	example_datasets/processed/core4d/unitree_g1/humanoid_object/dcv3_omnirt_v1_ref_fk_box021_20231020_019_p2/0/trajectory_kinematic.npz	/mnt/a0ccc676-9496-49f8-a861-f8a1797dec52/spider_workdirs/core4d/results/E168/s3_retarget/omnirt_v1/ref_fk/results/omnirt_v1_ref_fk/contact_masks/dcv3_omnirt_v1_ref_fk_box021_20231020_019_p2/raw_contact_mask_3cm.npz	1				0.5	0.8787878788	0.25	0.18	0.8306807937	2.006668815	839.2044825
box021_20231020_020_p1	box021	OmniRetarget	E170	omnirt_v1	core4d-e154-physics-contact-v1	86	workspace/core4d/analysis/E197_full_cem_omnirt_vs_prg_metrics/omni_converted_qpos/box021_20231020_020_p1_omnirt_scene_act_qpos.npz	example_datasets/processed/core4d/unitree_g1/humanoid_object/dcv3_omnirt_v1_ref_fk_box021_20231020_020_p1/scene_act_E170_lowerbody_physics.xml	example_datasets/processed/core4d/unitree_g1/humanoid_object/dcv3_omnirt_v1_ref_fk_box021_20231020_020_p1/0/trajectory_kinematic.npz	/mnt/a0ccc676-9496-49f8-a861-f8a1797dec52/spider_workdirs/core4d/results/E168/s3_retarget/omnirt_v1/ref_fk/results/omnirt_v1_ref_fk/contact_masks/dcv3_omnirt_v1_ref_fk_box021_20231020_020_p1/raw_contact_mask_3cm.npz	0	ZYX	7.452772611e-14	2.414836539e-06	0.07352941176	1	0.7441860465	0	0.6892000158	4.078999998	1829.50284
box021_20231020_020_p1	box021	PRG	E170	omnirt_v1	core4d-e154-physics-contact-v1	86	/mnt/a0ccc676-9496-49f8-a861-f8a1797dec52/spider_workdirs/core4d/results/E170/s6_downstream/cem/full/E170_box021_20231020_020_p1_PRG_outdir_full/trajectory_mjwp_act.npz	example_datasets/processed/core4d/unitree_g1/humanoid_object/dcv3_omnirt_v1_ref_fk_box021_20231020_020_p1/scene_act_E170_lowerbody_physics.xml	example_datasets/processed/core4d/unitree_g1/humanoid_object/dcv3_omnirt_v1_ref_fk_box021_20231020_020_p1/0/trajectory_kinematic.npz	/mnt/a0ccc676-9496-49f8-a861-f8a1797dec52/spider_workdirs/core4d/results/E168/s3_retarget/omnirt_v1/ref_fk/results/omnirt_v1_ref_fk/contact_masks/dcv3_omnirt_v1_ref_fk_box021_20231020_020_p1/raw_contact_mask_3cm.npz	0				0.3970588235	0.6323529412	0.1860465116	0	0.4191837793	1.265138069	723.6337893
box021_20231020_020_p2	box021	OmniRetarget	E170	omnirt_v1	core4d-e154-physics-contact-v1	86	workspace/core4d/analysis/E197_full_cem_omnirt_vs_prg_metrics/omni_converted_qpos/box021_20231020_020_p2_omnirt_scene_act_qpos.npz	example_datasets/processed/core4d/unitree_g1/humanoid_object/dcv3_omnirt_v1_ref_fk_box021_20231020_020_p2/scene_act_E169_lowerbody_physics.xml	example_datasets/processed/core4d/unitree_g1/humanoid_object/dcv3_omnirt_v1_ref_fk_box021_20231020_020_p2/0/trajectory_kinematic.npz	/mnt/a0ccc676-9496-49f8-a861-f8a1797dec52/spider_workdirs/core4d/results/E168/s3_retarget/omnirt_v1/ref_fk/results/omnirt_v1_ref_fk/contact_masks/dcv3_omnirt_v1_ref_fk_box021_20231020_020_p2/raw_contact_mask_3cm.npz	1	ZYX	6.955527313e-14	2.414836539e-06	0.1142857143	1	0.7209302326	0	1.160680963	3.722850876	1669.309475
box021_20231020_020_p2	box021	PRG	E170	omnirt_v1	core4d-e154-physics-contact-v1	86	/mnt/a0ccc676-9496-49f8-a861-f8a1797dec52/spider_workdirs/core4d/results/E169/cem/full/E169_box021_20231020_020_p2_PRG_outdir_full/trajectory_mjwp_act.npz	example_datasets/processed/core4d/unitree_g1/humanoid_object/dcv3_omnirt_v1_ref_fk_box021_20231020_020_p2/scene_act_E169_lowerbody_physics.xml	example_datasets/processed/core4d/unitree_g1/humanoid_object/dcv3_omnirt_v1_ref_fk_box021_20231020_020_p2/0/trajectory_kinematic.npz	/mnt/a0ccc676-9496-49f8-a861-f8a1797dec52/spider_workdirs/core4d/results/E168/s3_retarget/omnirt_v1/ref_fk/results/omnirt_v1_ref_fk/contact_masks/dcv3_omnirt_v1_ref_fk_box021_20231020_020_p2/raw_contact_mask_3cm.npz	1				0.6571428571	0.9	0.1976744186	0	1.064998319	1.225785266	803.8697833
box021_20231020_022_p1	box021	OmniRetarget	E170	omnirt_v1	core4d-e154-physics-contact-v1	104	workspace/core4d/analysis/E197_full_cem_omnirt_vs_prg_metrics/omni_converted_qpos/box021_20231020_022_p1_omnirt_scene_act_qpos.npz	example_datasets/processed/core4d/unitree_g1/humanoid_object/dcv3_omnirt_v1_ref_fk_box021_20231020_022_p1/scene_act_E170_lowerbody_physics.xml	example_datasets/processed/core4d/unitree_g1/humanoid_object/dcv3_omnirt_v1_ref_fk_box021_20231020_022_p1/0/trajectory_kinematic.npz	/mnt/a0ccc676-9496-49f8-a861-f8a1797dec52/spider_workdirs/core4d/results/E168/s3_retarget/omnirt_v1/ref_fk/results/omnirt_v1_ref_fk/contact_masks/dcv3_omnirt_v1_ref_fk_box021_20231020_022_p1/raw_contact_mask_3cm.npz	0	XZY	5.721958498e-14	2.414836539e-06	0.09230769231	0.9538461538	0.5480769231	0.04807692308	0.304251085	4.350156367	1803.163173
box021_20231020_022_p1	box021	PRG	E170	omnirt_v1	core4d-e154-physics-contact-v1	104	/mnt/a0ccc676-9496-49f8-a861-f8a1797dec52/spider_workdirs/core4d/results/E170/s6_downstream/cem/full/E170_box021_20231020_022_p1_PRG_outdir_full/trajectory_mjwp_act.npz	example_datasets/processed/core4d/unitree_g1/humanoid_object/dcv3_omnirt_v1_ref_fk_box021_20231020_022_p1/scene_act_E170_lowerbody_physics.xml	example_datasets/processed/core4d/unitree_g1/humanoid_object/dcv3_omnirt_v1_ref_fk_box021_20231020_022_p1/0/trajectory_kinematic.npz	/mnt/a0ccc676-9496-49f8-a861-f8a1797dec52/spider_workdirs/core4d/results/E168/s3_retarget/omnirt_v1/ref_fk/results/omnirt_v1_ref_fk/contact_masks/dcv3_omnirt_v1_ref_fk_box021_20231020_022_p1/raw_contact_mask_3cm.npz	0				0.4615384615	0.6307692308	0.1346153846	0.01923076923	0.2263884686	1.480694327	756.1600996
box021_20231020_022_p2	box021	OmniRetarget	E170	omnirt_v1	core4d-e154-physics-contact-v1	105	workspace/core4d/analysis/E197_full_cem_omnirt_vs_prg_metrics/omni_converted_qpos/box021_20231020_022_p2_omnirt_scene_act_qpos.npz	example_datasets/processed/core4d/unitree_g1/humanoid_object/dcv3_omnirt_v1_ref_fk_box021_20231020_022_p2/scene_act_E170_lowerbody_physics.xml	example_datasets/processed/core4d/unitree_g1/humanoid_object/dcv3_omnirt_v1_ref_fk_box021_20231020_022_p2/0/trajectory_kinematic.npz	/mnt/a0ccc676-9496-49f8-a861-f8a1797dec52/spider_workdirs/core4d/results/E168/s3_retarget/omnirt_v1/ref_fk/results/omnirt_v1_ref_fk/contact_masks/dcv3_omnirt_v1_ref_fk_box021_20231020_022_p2/raw_contact_mask_3cm.npz	1	XZY	4.611102535e-14	2.414836539e-06	0.186440678	0.9830508475	0.4571428571	0	1.01397166	3.970332024	1654.928541
box021_20231020_022_p2	box021	PRG	E170	omnirt_v1	core4d-e154-physics-contact-v1	105	/mnt/a0ccc676-9496-49f8-a861-f8a1797dec52/spider_workdirs/core4d/results/E170/s6_downstream/cem/full/E170_box021_20231020_022_p2_PRG_outdir_full/trajectory_mjwp_act.npz	example_datasets/processed/core4d/unitree_g1/humanoid_object/dcv3_omnirt_v1_ref_fk_box021_20231020_022_p2/scene_act_E170_lowerbody_physics.xml	example_datasets/processed/core4d/unitree_g1/humanoid_object/dcv3_omnirt_v1_ref_fk_box021_20231020_022_p2/0/trajectory_kinematic.npz	/mnt/a0ccc676-9496-49f8-a861-f8a1797dec52/spider_workdirs/core4d/results/E168/s3_retarget/omnirt_v1/ref_fk/results/omnirt_v1_ref_fk/contact_masks/dcv3_omnirt_v1_ref_fk_box021_20231020_022_p2/raw_contact_mask_3cm.npz	1				0.4237288136	0.813559322	0.2285714286	0.3142857143	0.9747575432	1.135520566	645.6134475
box021_20231020_023_p1	box021	OmniRetarget	E170	omnirt_v1	core4d-e154-physics-contact-v1	107	workspace/core4d/analysis/E197_full_cem_omnirt_vs_prg_metrics/omni_converted_qpos/box021_20231020_023_p1_omnirt_scene_act_qpos.npz	example_datasets/processed/core4d/unitree_g1/humanoid_object/dcv3_omnirt_v1_ref_fk_box021_20231020_023_p1/scene_act_E170_lowerbody_physics.xml	example_datasets/processed/core4d/unitree_g1/humanoid_object/dcv3_omnirt_v1_ref_fk_box021_20231020_023_p1/0/trajectory_kinematic.npz	/mnt/a0ccc676-9496-49f8-a861-f8a1797dec52/spider_workdirs/core4d/results/E168/s3_retarget/omnirt_v1/ref_fk/results/omnirt_v1_ref_fk/contact_masks/dcv3_omnirt_v1_ref_fk_box021_20231020_023_p1/raw_contact_mask_3cm.npz	0	ZYX	4.847302891e-14	2.414836539e-06	0.1730769231	1	0.4112149533	0	0.7333267933	2.898727765	1127.450316
box021_20231020_023_p1	box021	PRG	E170	omnirt_v1	core4d-e154-physics-contact-v1	107	/mnt/a0ccc676-9496-49f8-a861-f8a1797dec52/spider_workdirs/core4d/results/E170/s6_downstream/cem/full/E170_box021_20231020_023_p1_PRG_outdir_full/trajectory_mjwp_act.npz	example_datasets/processed/core4d/unitree_g1/humanoid_object/dcv3_omnirt_v1_ref_fk_box021_20231020_023_p1/scene_act_E170_lowerbody_physics.xml	example_datasets/processed/core4d/unitree_g1/humanoid_object/dcv3_omnirt_v1_ref_fk_box021_20231020_023_p1/0/trajectory_kinematic.npz	/mnt/a0ccc676-9496-49f8-a861-f8a1797dec52/spider_workdirs/core4d/results/E168/s3_retarget/omnirt_v1/ref_fk/results/omnirt_v1_ref_fk/contact_masks/dcv3_omnirt_v1_ref_fk_box021_20231020_023_p1/raw_contact_mask_3cm.npz	0				0.5192307692	0.8269230769	0.1495327103	0.04672897196	0.6102408978	1.567702413	656.5264402
box021_20231020_023_p2	box021	OmniRetarget	E170	omnirt_v1	core4d-e154-physics-contact-v1	110	workspace/core4d/analysis/E197_full_cem_omnirt_vs_prg_metrics/omni_converted_qpos/box021_20231020_023_p2_omnirt_scene_act_qpos.npz	example_datasets/processed/core4d/unitree_g1/humanoid_object/dcv3_omnirt_v1_ref_fk_box021_20231020_023_p2/scene_act_E169_lowerbody_physics.xml	example_datasets/processed/core4d/unitree_g1/humanoid_object/dcv3_omnirt_v1_ref_fk_box021_20231020_023_p2/0/trajectory_kinematic.npz	/mnt/a0ccc676-9496-49f8-a861-f8a1797dec52/spider_workdirs/core4d/results/E168/s3_retarget/omnirt_v1/ref_fk/results/omnirt_v1_ref_fk/contact_masks/dcv3_omnirt_v1_ref_fk_box021_20231020_023_p2/raw_contact_mask_3cm.npz	1	ZYX	4.51828036e-14	1.707547293e-06	0.09615384615	1	0.4363636364	0	0.8863885156	2.645635986	1508.851728
box021_20231020_023_p2	box021	PRG	E170	omnirt_v1	core4d-e154-physics-contact-v1	110	/mnt/a0ccc676-9496-49f8-a861-f8a1797dec52/spider_workdirs/core4d/results/E169/cem/full/E169_box021_20231020_023_p2_PRG_outdir_full/trajectory_mjwp_act.npz	example_datasets/processed/core4d/unitree_g1/humanoid_object/dcv3_omnirt_v1_ref_fk_box021_20231020_023_p2/scene_act_E169_lowerbody_physics.xml	example_datasets/processed/core4d/unitree_g1/humanoid_object/dcv3_omnirt_v1_ref_fk_box021_20231020_023_p2/0/trajectory_kinematic.npz	/mnt/a0ccc676-9496-49f8-a861-f8a1797dec52/spider_workdirs/core4d/results/E168/s3_retarget/omnirt_v1/ref_fk/results/omnirt_v1_ref_fk/contact_masks/dcv3_omnirt_v1_ref_fk_box021_20231020_023_p2/raw_contact_mask_3cm.npz	1				0.3846153846	0.5769230769	0.09090909091	0.1	0.4078845321	1.372568001	546.353166
box023_20231008_045_p1	box023	OmniRetarget	E173	omnirt_v1	core4d-e154-physics-contact-v1	134	workspace/core4d/analysis/E197_full_cem_omnirt_vs_prg_metrics/omni_converted_qpos/box023_20231008_045_p1_omnirt_scene_act_qpos.npz	example_datasets/processed/core4d/unitree_g1/humanoid_object/dcv3_omnirt_v1_ref_fk_box023_20231008_045_p1/scene_act_E173_rubberHull_PRG.xml	example_datasets/processed/core4d/unitree_g1/humanoid_object/dcv3_omnirt_v1_ref_fk_box023_20231008_045_p1/0/trajectory_kinematic.npz	/mnt/a0ccc676-9496-49f8-a861-f8a1797dec52/spider_workdirs/core4d/results/E173/s3_retarget/omnirt_v1/ref_fk/results/omnirt_v1_ref_fk/contact_masks/dcv3_omnirt_v1_ref_fk_box023_20231008_045_p1/raw_contact_mask_3cm.npz	0	XZY	5.926969056e-14	1.707547293e-06	0.3174603175	1	0.3358208955	0	1.495638424	2.142852376	1293.326801
box023_20231008_045_p1	box023	PRG	E173	omnirt_v1	core4d-e154-physics-contact-v1	134	/mnt/a0ccc676-9496-49f8-a861-f8a1797dec52/spider_workdirs/core4d/results/E173/s6_downstream/cem/full/E173_box023_20231008_045_p1_PRG_outdir_full/trajectory_mjwp_act.npz	example_datasets/processed/core4d/unitree_g1/humanoid_object/dcv3_omnirt_v1_ref_fk_box023_20231008_045_p1/scene_act_E173_rubberHull_PRG.xml	example_datasets/processed/core4d/unitree_g1/humanoid_object/dcv3_omnirt_v1_ref_fk_box023_20231008_045_p1/0/trajectory_kinematic.npz	/mnt/a0ccc676-9496-49f8-a861-f8a1797dec52/spider_workdirs/core4d/results/E173/s3_retarget/omnirt_v1/ref_fk/results/omnirt_v1_ref_fk/contact_masks/dcv3_omnirt_v1_ref_fk_box023_20231008_045_p1/raw_contact_mask_3cm.npz	0				0.5396825397	0.7619047619	0.1119402985	0	0.176621999	1.797457651	775.394811
box023_20231008_045_p2	box023	OmniRetarget	E173	omnirt_v1	core4d-e154-physics-contact-v1	134	workspace/core4d/analysis/E197_full_cem_omnirt_vs_prg_metrics/omni_converted_qpos/box023_20231008_045_p2_omnirt_scene_act_qpos.npz	example_datasets/processed/core4d/unitree_g1/humanoid_object/dcv3_omnirt_v1_ref_fk_box023_20231008_045_p2/scene_act_E173_rubberHull_PRG.xml	example_datasets/processed/core4d/unitree_g1/humanoid_object/dcv3_omnirt_v1_ref_fk_box023_20231008_045_p2/0/trajectory_kinematic.npz	/mnt/a0ccc676-9496-49f8-a861-f8a1797dec52/spider_workdirs/core4d/results/E173/s3_retarget/omnirt_v1/ref_fk/results/omnirt_v1_ref_fk/contact_masks/dcv3_omnirt_v1_ref_fk_box023_20231008_045_p2/raw_contact_mask_3cm.npz	1	XZY	6.030054506e-14	1.707547293e-06	0.4615384615	1	0.2686567164	0	1.214800395	2.030466581	1581.394533
box023_20231008_045_p2	box023	PRG	E173	omnirt_v1	core4d-e154-physics-contact-v1	134	/mnt/a0ccc676-9496-49f8-a861-f8a1797dec52/spider_workdirs/core4d/results/E173/s6_downstream/cem/full/E173_box023_20231008_045_p2_PRG_outdir_full/trajectory_mjwp_act.npz	example_datasets/processed/core4d/unitree_g1/humanoid_object/dcv3_omnirt_v1_ref_fk_box023_20231008_045_p2/scene_act_E173_rubberHull_PRG.xml	example_datasets/processed/core4d/unitree_g1/humanoid_object/dcv3_omnirt_v1_ref_fk_box023_20231008_045_p2/0/trajectory_kinematic.npz	/mnt/a0ccc676-9496-49f8-a861-f8a1797dec52/spider_workdirs/core4d/results/E173/s3_retarget/omnirt_v1/ref_fk/results/omnirt_v1_ref_fk/contact_masks/dcv3_omnirt_v1_ref_fk_box023_20231008_045_p2/raw_contact_mask_3cm.npz	1				0.4	0.7384615385	0.1641791045	0	0.5159229861	1.884094758	1167.986499
box023_20231008_046_p1	box023	OmniRetarget	E173	omnirt_v1	core4d-e154-physics-contact-v1	79	workspace/core4d/analysis/E197_full_cem_omnirt_vs_prg_metrics/omni_converted_qpos/box023_20231008_046_p1_omnirt_scene_act_qpos.npz	example_datasets/processed/core4d/unitree_g1/humanoid_object/dcv3_omnirt_v1_ref_fk_box023_20231008_046_p1/scene_act_E173_rubberHull_PRG.xml	example_datasets/processed/core4d/unitree_g1/humanoid_object/dcv3_omnirt_v1_ref_fk_box023_20231008_046_p1/0/trajectory_kinematic.npz	/mnt/a0ccc676-9496-49f8-a861-f8a1797dec52/spider_workdirs/core4d/results/E173/s3_retarget/omnirt_v1/ref_fk/results/omnirt_v1_ref_fk/contact_masks/dcv3_omnirt_v1_ref_fk_box023_20231008_046_p1/raw_contact_mask_3cm.npz	0	XZY	1.665334537e-14	2.414836539e-06	0.2857142857	0.4285714286	0.08860759494	0	0.5388554462	1.872826681	1064.236914
box023_20231008_046_p1	box023	PRG	E173	omnirt_v1	core4d-e154-physics-contact-v1	79	/mnt/a0ccc676-9496-49f8-a861-f8a1797dec52/spider_workdirs/core4d/results/E173/s6_downstream/cem/full/E173_box023_20231008_046_p1_PRG_outdir_full/trajectory_mjwp_act.npz	example_datasets/processed/core4d/unitree_g1/humanoid_object/dcv3_omnirt_v1_ref_fk_box023_20231008_046_p1/scene_act_E173_rubberHull_PRG.xml	example_datasets/processed/core4d/unitree_g1/humanoid_object/dcv3_omnirt_v1_ref_fk_box023_20231008_046_p1/0/trajectory_kinematic.npz	/mnt/a0ccc676-9496-49f8-a861-f8a1797dec52/spider_workdirs/core4d/results/E173/s3_retarget/omnirt_v1/ref_fk/results/omnirt_v1_ref_fk/contact_masks/dcv3_omnirt_v1_ref_fk_box023_20231008_046_p1/raw_contact_mask_3cm.npz	0				0.693877551	0.7755102041	0.05063291139	0	0.5013240017	0.9779373576	682.5550446
box023_20231008_046_p2	box023	OmniRetarget	E173	omnirt_v1	core4d-e154-physics-contact-v1	78	workspace/core4d/analysis/E197_full_cem_omnirt_vs_prg_metrics/omni_converted_qpos/box023_20231008_046_p2_omnirt_scene_act_qpos.npz	example_datasets/processed/core4d/unitree_g1/humanoid_object/dcv3_omnirt_v1_ref_fk_box023_20231008_046_p2/scene_act_E173_rubberHull_PRG.xml	example_datasets/processed/core4d/unitree_g1/humanoid_object/dcv3_omnirt_v1_ref_fk_box023_20231008_046_p2/0/trajectory_kinematic.npz	/mnt/a0ccc676-9496-49f8-a861-f8a1797dec52/spider_workdirs/core4d/results/E173/s3_retarget/omnirt_v1/ref_fk/results/omnirt_v1_ref_fk/contact_masks/dcv3_omnirt_v1_ref_fk_box023_20231008_046_p2/raw_contact_mask_3cm.npz	1	XZY	1.359739956e-14	1.707547293e-06	0.2325581395	1	0.4230769231	0	0.662920044	1.774601628	1877.991974
box023_20231008_046_p2	box023	PRG	E173	omnirt_v1	core4d-e154-physics-contact-v1	78	/mnt/a0ccc676-9496-49f8-a861-f8a1797dec52/spider_workdirs/core4d/results/E173/s6_downstream/cem/full/E173_box023_20231008_046_p2_PRG_outdir_full/trajectory_mjwp_act.npz	example_datasets/processed/core4d/unitree_g1/humanoid_object/dcv3_omnirt_v1_ref_fk_box023_20231008_046_p2/scene_act_E173_rubberHull_PRG.xml	example_datasets/processed/core4d/unitree_g1/humanoid_object/dcv3_omnirt_v1_ref_fk_box023_20231008_046_p2/0/trajectory_kinematic.npz	/mnt/a0ccc676-9496-49f8-a861-f8a1797dec52/spider_workdirs/core4d/results/E173/s3_retarget/omnirt_v1/ref_fk/results/omnirt_v1_ref_fk/contact_masks/dcv3_omnirt_v1_ref_fk_box023_20231008_046_p2/raw_contact_mask_3cm.npz	1				0.4418604651	0.5348837209	0.07692307692	0	0.4810365429	0.9768133491	804.3557075
box023_20231011_018_p1	box023	OmniRetarget	E173	omnirt_v1	core4d-e154-physics-contact-v1	130	workspace/core4d/analysis/E197_full_cem_omnirt_vs_prg_metrics/omni_converted_qpos/box023_20231011_018_p1_omnirt_scene_act_qpos.npz	example_datasets/processed/core4d/unitree_g1/humanoid_object/dcv3_omnirt_v1_ref_fk_box023_20231011_018_p1/scene_act_E173_rubberHull_PRG.xml	example_datasets/processed/core4d/unitree_g1/humanoid_object/dcv3_omnirt_v1_ref_fk_box023_20231011_018_p1/0/trajectory_kinematic.npz	/mnt/a0ccc676-9496-49f8-a861-f8a1797dec52/spider_workdirs/core4d/results/E173/s3_retarget/omnirt_v1/ref_fk/results/omnirt_v1_ref_fk/contact_masks/dcv3_omnirt_v1_ref_fk_box023_20231011_018_p1/raw_contact_mask_3cm.npz	0	ZYX	6.758924343e-14	1.707547293e-06	0.1911764706	0.6911764706	0.2692307692	0.09230769231	1.592073561	4.846751022	1843.733759
box023_20231011_018_p1	box023	PRG	E173	omnirt_v1	core4d-e154-physics-contact-v1	130	/mnt/a0ccc676-9496-49f8-a861-f8a1797dec52/spider_workdirs/core4d/results/E173/s6_downstream/cem/full/E173_box023_20231011_018_p1_PRG_outdir_full/trajectory_mjwp_act.npz	example_datasets/processed/core4d/unitree_g1/humanoid_object/dcv3_omnirt_v1_ref_fk_box023_20231011_018_p1/scene_act_E173_rubberHull_PRG.xml	example_datasets/processed/core4d/unitree_g1/humanoid_object/dcv3_omnirt_v1_ref_fk_box023_20231011_018_p1/0/trajectory_kinematic.npz	/mnt/a0ccc676-9496-49f8-a861-f8a1797dec52/spider_workdirs/core4d/results/E173/s3_retarget/omnirt_v1/ref_fk/results/omnirt_v1_ref_fk/contact_masks/dcv3_omnirt_v1_ref_fk_box023_20231011_018_p1/raw_contact_mask_3cm.npz	0				0.3970588235	0.5588235294	0.1153846154	0	0.8675273431	2.623627582	937.3271784
box023_20231011_018_p2	box023	OmniRetarget	E173	omnirt_v2	core4d-e154-physics-contact-v1	116	workspace/core4d/analysis/E197_full_cem_omnirt_vs_prg_metrics/omni_converted_qpos/box023_20231011_018_p2_omnirt_scene_act_qpos.npz	example_datasets/processed/core4d/unitree_g1/humanoid_object/dcv3_omnirt_v2_ref_fk_box023_20231011_018_p2/scene_act_E173_rubberHull_PRG.xml	example_datasets/processed/core4d/unitree_g1/humanoid_object/dcv3_omnirt_v2_ref_fk_box023_20231011_018_p2/0/trajectory_kinematic.npz	/mnt/a0ccc676-9496-49f8-a861-f8a1797dec52/spider_workdirs/core4d/results/E173/s3_retarget/omnirt_v2/ref_fk/results/omnirt_v2_ref_fk/contact_masks/dcv3_omnirt_v2_ref_fk_box023_20231011_018_p2/raw_contact_mask_3cm.npz	1	ZYX	5.613217784e-14	1.707547293e-06	0.03333333333	0.9222222222	0.6896551724	0.25	1.093834692	4.925567769	5296.845401
box023_20231011_018_p2	box023	PRG	E173	omnirt_v2	core4d-e154-physics-contact-v1	116	/mnt/a0ccc676-9496-49f8-a861-f8a1797dec52/spider_workdirs/core4d/results/E173/s6_downstream/cem/full/E173_box023_20231011_018_p2_PRG_outdir_full/trajectory_mjwp_act.npz	example_datasets/processed/core4d/unitree_g1/humanoid_object/dcv3_omnirt_v2_ref_fk_box023_20231011_018_p2/scene_act_E173_rubberHull_PRG.xml	example_datasets/processed/core4d/unitree_g1/humanoid_object/dcv3_omnirt_v2_ref_fk_box023_20231011_018_p2/0/trajectory_kinematic.npz	/mnt/a0ccc676-9496-49f8-a861-f8a1797dec52/spider_workdirs/core4d/results/E173/s3_retarget/omnirt_v2/ref_fk/results/omnirt_v2_ref_fk/contact_masks/dcv3_omnirt_v2_ref_fk_box023_20231011_018_p2/raw_contact_mask_3cm.npz	1				0.2666666667	0.5333333333	0.224137931	0	0.4843321316	2.458549865	1026.557554
box023_20231011_019_p2	box023	OmniRetarget	E173	omnirt_v1	core4d-e154-physics-contact-v1	98	workspace/core4d/analysis/E197_full_cem_omnirt_vs_prg_metrics/omni_converted_qpos/box023_20231011_019_p2_omnirt_scene_act_qpos.npz	example_datasets/processed/core4d/unitree_g1/humanoid_object/dcv3_omnirt_v1_ref_fk_box023_20231011_019_p2/scene_act_E173_rubberHull_PRG.xml	example_datasets/processed/core4d/unitree_g1/humanoid_object/dcv3_omnirt_v1_ref_fk_box023_20231011_019_p2/0/trajectory_kinematic.npz	/mnt/a0ccc676-9496-49f8-a861-f8a1797dec52/spider_workdirs/core4d/results/E173/s3_retarget/omnirt_v1/ref_fk/results/omnirt_v1_ref_fk/contact_masks/dcv3_omnirt_v1_ref_fk_box023_20231011_019_p2/raw_contact_mask_3cm.npz	1	XZY	6.574029811e-14	1.707547293e-06	0.02173913043	0.8695652174	0.3979591837	0	1.489710604	5.680927274	14012.39406
box023_20231011_019_p2	box023	PRG	E173	omnirt_v1	core4d-e154-physics-contact-v1	98	/mnt/a0ccc676-9496-49f8-a861-f8a1797dec52/spider_workdirs/core4d/results/E173/s6_downstream/cem/full/E173_box023_20231011_019_p2_PRG_outdir_full/trajectory_mjwp_act.npz	example_datasets/processed/core4d/unitree_g1/humanoid_object/dcv3_omnirt_v1_ref_fk_box023_20231011_019_p2/scene_act_E173_rubberHull_PRG.xml	example_datasets/processed/core4d/unitree_g1/humanoid_object/dcv3_omnirt_v1_ref_fk_box023_20231011_019_p2/0/trajectory_kinematic.npz	/mnt/a0ccc676-9496-49f8-a861-f8a1797dec52/spider_workdirs/core4d/results/E173/s3_retarget/omnirt_v1/ref_fk/results/omnirt_v1_ref_fk/contact_masks/dcv3_omnirt_v1_ref_fk_box023_20231011_019_p2/raw_contact_mask_3cm.npz	1				0.3043478261	0.7391304348	0.2142857143	0.112244898	0.2909369731	2.891060562	1016.993117
box023_20231011_021_p1	box023	OmniRetarget	E173	omnirt_v1	core4d-e154-physics-contact-v1	130	workspace/core4d/analysis/E197_full_cem_omnirt_vs_prg_metrics/omni_converted_qpos/box023_20231011_021_p1_omnirt_scene_act_qpos.npz	example_datasets/processed/core4d/unitree_g1/humanoid_object/dcv3_omnirt_v1_ref_fk_box023_20231011_021_p1/scene_act_E173_rubberHull_PRG.xml	example_datasets/processed/core4d/unitree_g1/humanoid_object/dcv3_omnirt_v1_ref_fk_box023_20231011_021_p1/0/trajectory_kinematic.npz	/mnt/a0ccc676-9496-49f8-a861-f8a1797dec52/spider_workdirs/core4d/results/E173/s3_retarget/omnirt_v1/ref_fk/results/omnirt_v1_ref_fk/contact_masks/dcv3_omnirt_v1_ref_fk_box023_20231011_021_p1/raw_contact_mask_3cm.npz	0	ZYX	1.449946595e-13	1.707547293e-06	0.1612903226	0.6559139785	0.3538461538	0.007692307692	1.047096701	3.562178718	1387.191484
box023_20231011_021_p1	box023	PRG	E173	omnirt_v1	core4d-e154-physics-contact-v1	130	/mnt/a0ccc676-9496-49f8-a861-f8a1797dec52/spider_workdirs/core4d/results/E173/s6_downstream/cem/full/E173_box023_20231011_021_p1_PRG_outdir_full/trajectory_mjwp_act.npz	example_datasets/processed/core4d/unitree_g1/humanoid_object/dcv3_omnirt_v1_ref_fk_box023_20231011_021_p1/scene_act_E173_rubberHull_PRG.xml	example_datasets/processed/core4d/unitree_g1/humanoid_object/dcv3_omnirt_v1_ref_fk_box023_20231011_021_p1/0/trajectory_kinematic.npz	/mnt/a0ccc676-9496-49f8-a861-f8a1797dec52/spider_workdirs/core4d/results/E173/s3_retarget/omnirt_v1/ref_fk/results/omnirt_v1_ref_fk/contact_masks/dcv3_omnirt_v1_ref_fk_box023_20231011_021_p1/raw_contact_mask_3cm.npz	0				0.5913978495	0.688172043	0.06923076923	0	0.7429645614	1.619200935	720.7927926
box023_20231011_021_p2	box023	OmniRetarget	E173	omnirt_v1	core4d-e154-physics-contact-v1	129	workspace/core4d/analysis/E197_full_cem_omnirt_vs_prg_metrics/omni_converted_qpos/box023_20231011_021_p2_omnirt_scene_act_qpos.npz	example_datasets/processed/core4d/unitree_g1/humanoid_object/dcv3_omnirt_v1_ref_fk_box023_20231011_021_p2/scene_act_E173_rubberHull_PRG.xml	example_datasets/processed/core4d/unitree_g1/humanoid_object/dcv3_omnirt_v1_ref_fk_box023_20231011_021_p2/0/trajectory_kinematic.npz	/mnt/a0ccc676-9496-49f8-a861-f8a1797dec52/spider_workdirs/core4d/results/E173/s3_retarget/omnirt_v1/ref_fk/results/omnirt_v1_ref_fk/contact_masks/dcv3_omnirt_v1_ref_fk_box023_20231011_021_p2/raw_contact_mask_3cm.npz	1	ZYX	4.685680459e-14	2.414836539e-06	0.1797752809	0.8651685393	0.4728682171	0	1.806696071	3.620108184	2816.662763
box023_20231011_021_p2	box023	PRG	E173	omnirt_v1	core4d-e154-physics-contact-v1	129	/mnt/a0ccc676-9496-49f8-a861-f8a1797dec52/spider_workdirs/core4d/results/E173/s6_downstream/cem/full/E173_box023_20231011_021_p2_PRG_outdir_full/trajectory_mjwp_act.npz	example_datasets/processed/core4d/unitree_g1/humanoid_object/dcv3_omnirt_v1_ref_fk_box023_20231011_021_p2/scene_act_E173_rubberHull_PRG.xml	example_datasets/processed/core4d/unitree_g1/humanoid_object/dcv3_omnirt_v1_ref_fk_box023_20231011_021_p2/0/trajectory_kinematic.npz	/mnt/a0ccc676-9496-49f8-a861-f8a1797dec52/spider_workdirs/core4d/results/E173/s3_retarget/omnirt_v1/ref_fk/results/omnirt_v1_ref_fk/contact_masks/dcv3_omnirt_v1_ref_fk_box023_20231011_021_p2/raw_contact_mask_3cm.npz	1				0.5730337079	0.7752808989	0.1472868217	0	1.717747809	1.616903838	1015.684978
box023_20231020_039_p2	box023	OmniRetarget	E173	omnirt_v1	core4d-e154-physics-contact-v1	95	workspace/core4d/analysis/E197_full_cem_omnirt_vs_prg_metrics/omni_converted_qpos/box023_20231020_039_p2_omnirt_scene_act_qpos.npz	example_datasets/processed/core4d/unitree_g1/humanoid_object/dcv3_omnirt_v1_ref_fk_box023_20231020_039_p2/scene_act_E173_rubberHull_PRG.xml	example_datasets/processed/core4d/unitree_g1/humanoid_object/dcv3_omnirt_v1_ref_fk_box023_20231020_039_p2/0/trajectory_kinematic.npz	/mnt/a0ccc676-9496-49f8-a861-f8a1797dec52/spider_workdirs/core4d/results/E173/s3_retarget/omnirt_v1/ref_fk/results/omnirt_v1_ref_fk/contact_masks/dcv3_omnirt_v1_ref_fk_box023_20231020_039_p2/raw_contact_mask_3cm.npz	1	ZYX	3.040470972e-14	2.414836539e-06	0.03174603175	0.9682539683	0.6210526316	0.1368421053	1.377804413	2.810840493	1884.443081
box023_20231020_039_p2	box023	PRG	E173	omnirt_v1	core4d-e154-physics-contact-v1	95	/mnt/a0ccc676-9496-49f8-a861-f8a1797dec52/spider_workdirs/core4d/results/E173/s6_downstream/cem/full/E173_box023_20231020_039_p2_PRG_outdir_full/trajectory_mjwp_act.npz	example_datasets/processed/core4d/unitree_g1/humanoid_object/dcv3_omnirt_v1_ref_fk_box023_20231020_039_p2/scene_act_E173_rubberHull_PRG.xml	example_datasets/processed/core4d/unitree_g1/humanoid_object/dcv3_omnirt_v1_ref_fk_box023_20231020_039_p2/0/trajectory_kinematic.npz	/mnt/a0ccc676-9496-49f8-a861-f8a1797dec52/spider_workdirs/core4d/results/E173/s3_retarget/omnirt_v1/ref_fk/results/omnirt_v1_ref_fk/contact_masks/dcv3_omnirt_v1_ref_fk_box023_20231020_039_p2/raw_contact_mask_3cm.npz	1				0.5396825397	0.6984126984	0.1052631579	0.2736842105	0.8725000731	1.821515211	639.5917567
box023_20231020_040_p1	box023	OmniRetarget	E173	omnirt_v1	core4d-e154-physics-contact-v1	107	workspace/core4d/analysis/E197_full_cem_omnirt_vs_prg_metrics/omni_converted_qpos/box023_20231020_040_p1_omnirt_scene_act_qpos.npz	example_datasets/processed/core4d/unitree_g1/humanoid_object/dcv3_omnirt_v1_ref_fk_box023_20231020_040_p1/scene_act_E173_rubberHull_PRG.xml	example_datasets/processed/core4d/unitree_g1/humanoid_object/dcv3_omnirt_v1_ref_fk_box023_20231020_040_p1/0/trajectory_kinematic.npz	/mnt/a0ccc676-9496-49f8-a861-f8a1797dec52/spider_workdirs/core4d/results/E173/s3_retarget/omnirt_v1/ref_fk/results/omnirt_v1_ref_fk/contact_masks/dcv3_omnirt_v1_ref_fk_box023_20231020_040_p1/raw_contact_mask_3cm.npz	0	XZY	4.088651601e-14	2.414836539e-06	0.5272727273	1	0.261682243	0	0.9435812818	3.952480336	1442.188707
box023_20231020_040_p1	box023	PRG	E173	omnirt_v1	core4d-e154-physics-contact-v1	107	/mnt/a0ccc676-9496-49f8-a861-f8a1797dec52/spider_workdirs/core4d/results/E173/s6_downstream/cem/full/E173_box023_20231020_040_p1_PRG_outdir_full/trajectory_mjwp_act.npz	example_datasets/processed/core4d/unitree_g1/humanoid_object/dcv3_omnirt_v1_ref_fk_box023_20231020_040_p1/scene_act_E173_rubberHull_PRG.xml	example_datasets/processed/core4d/unitree_g1/humanoid_object/dcv3_omnirt_v1_ref_fk_box023_20231020_040_p1/0/trajectory_kinematic.npz	/mnt/a0ccc676-9496-49f8-a861-f8a1797dec52/spider_workdirs/core4d/results/E173/s3_retarget/omnirt_v1/ref_fk/results/omnirt_v1_ref_fk/contact_masks/dcv3_omnirt_v1_ref_fk_box023_20231020_040_p1/raw_contact_mask_3cm.npz	0				0.4181818182	0.7636363636	0.2523364486	0	0.4725833302	1.753754498	966.8620588
box023_20231020_040_p2	box023	OmniRetarget	E173	omnirt_v1	core4d-e154-physics-contact-v1	110	workspace/core4d/analysis/E197_full_cem_omnirt_vs_prg_metrics/omni_converted_qpos/box023_20231020_040_p2_omnirt_scene_act_qpos.npz	example_datasets/processed/core4d/unitree_g1/humanoid_object/dcv3_omnirt_v1_ref_fk_box023_20231020_040_p2/scene_act_E173_rubberHull_PRG.xml	example_datasets/processed/core4d/unitree_g1/humanoid_object/dcv3_omnirt_v1_ref_fk_box023_20231020_040_p2/0/trajectory_kinematic.npz	/mnt/a0ccc676-9496-49f8-a861-f8a1797dec52/spider_workdirs/core4d/results/E173/s3_retarget/omnirt_v1/ref_fk/results/omnirt_v1_ref_fk/contact_masks/dcv3_omnirt_v1_ref_fk_box023_20231020_040_p2/raw_contact_mask_3cm.npz	1	XZY	4.996003611e-14	2.414836539e-06	0.5322580645	0.9193548387	0.2272727273	0.009090909091	0.9386484945	3.607378951	2170.77993
box023_20231020_040_p2	box023	PRG	E173	omnirt_v1	core4d-e154-physics-contact-v1	110	/mnt/a0ccc676-9496-49f8-a861-f8a1797dec52/spider_workdirs/core4d/results/E173/s6_downstream/cem/full/E173_box023_20231020_040_p2_PRG_outdir_full/trajectory_mjwp_act.npz	example_datasets/processed/core4d/unitree_g1/humanoid_object/dcv3_omnirt_v1_ref_fk_box023_20231020_040_p2/scene_act_E173_rubberHull_PRG.xml	example_datasets/processed/core4d/unitree_g1/humanoid_object/dcv3_omnirt_v1_ref_fk_box023_20231020_040_p2/0/trajectory_kinematic.npz	/mnt/a0ccc676-9496-49f8-a861-f8a1797dec52/spider_workdirs/core4d/results/E173/s3_retarget/omnirt_v1/ref_fk/results/omnirt_v1_ref_fk/contact_masks/dcv3_omnirt_v1_ref_fk_box023_20231020_040_p2/raw_contact_mask_3cm.npz	1				0.5483870968	0.6774193548	0.07272727273	0	0.7421432527	1.272970923	615.5618307
box023_20231020_041_p1	box023	OmniRetarget	E173	omnirt_v1	core4d-e154-physics-contact-v1	112	workspace/core4d/analysis/E197_full_cem_omnirt_vs_prg_metrics/omni_converted_qpos/box023_20231020_041_p1_omnirt_scene_act_qpos.npz	example_datasets/processed/core4d/unitree_g1/humanoid_object/dcv3_omnirt_v1_ref_fk_box023_20231020_041_p1/scene_act_E173_rubberHull_PRG.xml	example_datasets/processed/core4d/unitree_g1/humanoid_object/dcv3_omnirt_v1_ref_fk_box023_20231020_041_p1/0/trajectory_kinematic.npz	/mnt/a0ccc676-9496-49f8-a861-f8a1797dec52/spider_workdirs/core4d/results/E173/s3_retarget/omnirt_v1/ref_fk/results/omnirt_v1_ref_fk/contact_masks/dcv3_omnirt_v1_ref_fk_box023_20231020_041_p1/raw_contact_mask_3cm.npz	0	XZY	6.690187733e-14	2.414836539e-06	0.3582089552	1	0.3839285714	0	1.277573453	2.987312484	1312.467036
box023_20231020_041_p1	box023	PRG	E173	omnirt_v1	core4d-e154-physics-contact-v1	112	/mnt/a0ccc676-9496-49f8-a861-f8a1797dec52/spider_workdirs/core4d/results/E173/s6_downstream/cem/full/E173_box023_20231020_041_p1_PRG_outdir_full/trajectory_mjwp_act.npz	example_datasets/processed/core4d/unitree_g1/humanoid_object/dcv3_omnirt_v1_ref_fk_box023_20231020_041_p1/scene_act_E173_rubberHull_PRG.xml	example_datasets/processed/core4d/unitree_g1/humanoid_object/dcv3_omnirt_v1_ref_fk_box023_20231020_041_p1/0/trajectory_kinematic.npz	/mnt/a0ccc676-9496-49f8-a861-f8a1797dec52/spider_workdirs/core4d/results/E173/s3_retarget/omnirt_v1/ref_fk/results/omnirt_v1_ref_fk/contact_masks/dcv3_omnirt_v1_ref_fk_box023_20231020_041_p1/raw_contact_mask_3cm.npz	0				0.4328358209	0.6865671642	0.1607142857	0	0.5961672183	1.342638378	679.6651824
box023_20231020_041_p2	box023	OmniRetarget	E173	omnirt_v1	core4d-e154-physics-contact-v1	113	workspace/core4d/analysis/E197_full_cem_omnirt_vs_prg_metrics/omni_converted_qpos/box023_20231020_041_p2_omnirt_scene_act_qpos.npz	example_datasets/processed/core4d/unitree_g1/humanoid_object/dcv3_omnirt_v1_ref_fk_box023_20231020_041_p2/scene_act_E173_rubberHull_PRG.xml	example_datasets/processed/core4d/unitree_g1/humanoid_object/dcv3_omnirt_v1_ref_fk_box023_20231020_041_p2/0/trajectory_kinematic.npz	/mnt/a0ccc676-9496-49f8-a861-f8a1797dec52/spider_workdirs/core4d/results/E173/s3_retarget/omnirt_v1/ref_fk/results/omnirt_v1_ref_fk/contact_masks/dcv3_omnirt_v1_ref_fk_box023_20231020_041_p2/raw_contact_mask_3cm.npz	1	XZY	4.552252871e-14	2.414836539e-06	0	0.9846153846	0.5840707965	0	1.133302007	2.726481698	1515.479423
box023_20231020_041_p2	box023	PRG	E173	omnirt_v1	core4d-e154-physics-contact-v1	113	/mnt/a0ccc676-9496-49f8-a861-f8a1797dec52/spider_workdirs/core4d/results/E173/s6_downstream/cem/full/E173_box023_20231020_041_p2_PRG_outdir_full/trajectory_mjwp_act.npz	example_datasets/processed/core4d/unitree_g1/humanoid_object/dcv3_omnirt_v1_ref_fk_box023_20231020_041_p2/scene_act_E173_rubberHull_PRG.xml	example_datasets/processed/core4d/unitree_g1/humanoid_object/dcv3_omnirt_v1_ref_fk_box023_20231020_041_p2/0/trajectory_kinematic.npz	/mnt/a0ccc676-9496-49f8-a861-f8a1797dec52/spider_workdirs/core4d/results/E173/s3_retarget/omnirt_v1/ref_fk/results/omnirt_v1_ref_fk/contact_masks/dcv3_omnirt_v1_ref_fk_box023_20231020_041_p2/raw_contact_mask_3cm.npz	1				0.3538461538	0.8307692308	0.2831858407	0.0796460177	1.09694237	1.310707838	766.3849768
box023_20231020_042_p1	box023	OmniRetarget	E173	omnirt_v1	core4d-e154-physics-contact-v1	105	workspace/core4d/analysis/E197_full_cem_omnirt_vs_prg_metrics/omni_converted_qpos/box023_20231020_042_p1_omnirt_scene_act_qpos.npz	example_datasets/processed/core4d/unitree_g1/humanoid_object/dcv3_omnirt_v1_ref_fk_box023_20231020_042_p1/scene_act_E173_rubberHull_PRG.xml	example_datasets/processed/core4d/unitree_g1/humanoid_object/dcv3_omnirt_v1_ref_fk_box023_20231020_042_p1/0/trajectory_kinematic.npz	/mnt/a0ccc676-9496-49f8-a861-f8a1797dec52/spider_workdirs/core4d/results/E173/s3_retarget/omnirt_v1/ref_fk/results/omnirt_v1_ref_fk/contact_masks/dcv3_omnirt_v1_ref_fk_box023_20231020_042_p1/raw_contact_mask_3cm.npz	0	XZY	9.159339953e-14	2.414836539e-06	0.5178571429	0.9285714286	0.2380952381	0	1.248745424	3.876189392	2119.725639
box023_20231020_042_p1	box023	PRG	E173	omnirt_v1	core4d-e154-physics-contact-v1	105	/mnt/a0ccc676-9496-49f8-a861-f8a1797dec52/spider_workdirs/core4d/results/E173/s6_downstream/cem/full/E173_box023_20231020_042_p1_PRG_outdir_full/trajectory_mjwp_act.npz	example_datasets/processed/core4d/unitree_g1/humanoid_object/dcv3_omnirt_v1_ref_fk_box023_20231020_042_p1/scene_act_E173_rubberHull_PRG.xml	example_datasets/processed/core4d/unitree_g1/humanoid_object/dcv3_omnirt_v1_ref_fk_box023_20231020_042_p1/0/trajectory_kinematic.npz	/mnt/a0ccc676-9496-49f8-a861-f8a1797dec52/spider_workdirs/core4d/results/E173/s3_retarget/omnirt_v1/ref_fk/results/omnirt_v1_ref_fk/contact_masks/dcv3_omnirt_v1_ref_fk_box023_20231020_042_p1/raw_contact_mask_3cm.npz	0				0.4821428571	0.8214285714	0.1904761905	0.0380952381	1.484878662	2.374262883	883.0215547
box023_20231020_042_p2	box023	OmniRetarget	E173	omnirt_v1	core4d-e154-physics-contact-v1	107	workspace/core4d/analysis/E197_full_cem_omnirt_vs_prg_metrics/omni_converted_qpos/box023_20231020_042_p2_omnirt_scene_act_qpos.npz	example_datasets/processed/core4d/unitree_g1/humanoid_object/dcv3_omnirt_v1_ref_fk_box023_20231020_042_p2/scene_act_E173_rubberHull_PRG.xml	example_datasets/processed/core4d/unitree_g1/humanoid_object/dcv3_omnirt_v1_ref_fk_box023_20231020_042_p2/0/trajectory_kinematic.npz	/mnt/a0ccc676-9496-49f8-a861-f8a1797dec52/spider_workdirs/core4d/results/E173/s3_retarget/omnirt_v1/ref_fk/results/omnirt_v1_ref_fk/contact_masks/dcv3_omnirt_v1_ref_fk_box023_20231020_042_p2/raw_contact_mask_3cm.npz	1	XZY	8.177303203e-14	2.414836539e-06	0.1290322581	0.9838709677	0.4953271028	0	1.630448458	3.537746592	2156.633737
box023_20231020_042_p2	box023	PRG	E173	omnirt_v1	core4d-e154-physics-contact-v1	107	/mnt/a0ccc676-9496-49f8-a861-f8a1797dec52/spider_workdirs/core4d/results/E173/s6_downstream/cem/full/E173_box023_20231020_042_p2_PRG_outdir_full/trajectory_mjwp_act.npz	example_datasets/processed/core4d/unitree_g1/humanoid_object/dcv3_omnirt_v1_ref_fk_box023_20231020_042_p2/scene_act_E173_rubberHull_PRG.xml	example_datasets/processed/core4d/unitree_g1/humanoid_object/dcv3_omnirt_v1_ref_fk_box023_20231020_042_p2/0/trajectory_kinematic.npz	/mnt/a0ccc676-9496-49f8-a861-f8a1797dec52/spider_workdirs/core4d/results/E173/s3_retarget/omnirt_v1/ref_fk/results/omnirt_v1_ref_fk/contact_masks/dcv3_omnirt_v1_ref_fk_box023_20231020_042_p2/raw_contact_mask_3cm.npz	1				0.5806451613	0.8064516129	0.1308411215	0	0.6871128107	1.954041349	820.2226879
box024_20231011_026_p1	box024	OmniRetarget	E173	omnirt_v1	core4d-e154-physics-contact-v1	119	workspace/core4d/analysis/E197_full_cem_omnirt_vs_prg_metrics/omni_converted_qpos/box024_20231011_026_p1_omnirt_scene_act_qpos.npz	example_datasets/processed/core4d/unitree_g1/humanoid_object/dcv3_omnirt_v1_ref_fk_box024_20231011_026_p1/scene_act_E173_rubberHull_PRG.xml	example_datasets/processed/core4d/unitree_g1/humanoid_object/dcv3_omnirt_v1_ref_fk_box024_20231011_026_p1/0/trajectory_kinematic.npz	/mnt/a0ccc676-9496-49f8-a861-f8a1797dec52/spider_workdirs/core4d/results/E173/s3_retarget/omnirt_v1/ref_fk/results/omnirt_v1_ref_fk/contact_masks/dcv3_omnirt_v1_ref_fk_box024_20231011_026_p1/raw_contact_mask_3cm.npz	0	ZYX	5.688200336e-14	2.414836539e-06	0	1	0.8067226891	0.3361344538	1.806961225	1.401126365	1526.30726
box024_20231011_026_p1	box024	PRG	E173	omnirt_v1	core4d-e154-physics-contact-v1	119	/mnt/a0ccc676-9496-49f8-a861-f8a1797dec52/spider_workdirs/core4d/results/E173/s6_downstream/cem/full/E173_box024_20231011_026_p1_PRG_outdir_full/trajectory_mjwp_act.npz	example_datasets/processed/core4d/unitree_g1/humanoid_object/dcv3_omnirt_v1_ref_fk_box024_20231011_026_p1/scene_act_E173_rubberHull_PRG.xml	example_datasets/processed/core4d/unitree_g1/humanoid_object/dcv3_omnirt_v1_ref_fk_box024_20231011_026_p1/0/trajectory_kinematic.npz	/mnt/a0ccc676-9496-49f8-a861-f8a1797dec52/spider_workdirs/core4d/results/E173/s3_retarget/omnirt_v1/ref_fk/results/omnirt_v1_ref_fk/contact_masks/dcv3_omnirt_v1_ref_fk_box024_20231011_026_p1/raw_contact_mask_3cm.npz	0				0.1630434783	0.8369565217	0.5210084034	0	0.8922127435	1.260814382	681.2105651
box024_20231011_026_p2	box024	OmniRetarget	E173	omnirt_v2	core4d-e154-physics-contact-v1	115	workspace/core4d/analysis/E197_full_cem_omnirt_vs_prg_metrics/omni_converted_qpos/box024_20231011_026_p2_omnirt_scene_act_qpos.npz	example_datasets/processed/core4d/unitree_g1/humanoid_object/dcv3_omnirt_v2_ref_fk_box024_20231011_026_p2/scene_act_E173_rubberHull_PRG.xml	example_datasets/processed/core4d/unitree_g1/humanoid_object/dcv3_omnirt_v2_ref_fk_box024_20231011_026_p2/0/trajectory_kinematic.npz	/mnt/a0ccc676-9496-49f8-a861-f8a1797dec52/spider_workdirs/core4d/results/E173/s3_retarget/omnirt_v2/ref_fk/results/omnirt_v2_ref_fk/contact_masks/dcv3_omnirt_v2_ref_fk_box024_20231011_026_p2/raw_contact_mask_3cm.npz	1	ZYX	6.707437924e-14	2.414836539e-06	0	1	0.7913043478	0.08695652174	1.913610824	1.423912957	1376.047708
box024_20231011_026_p2	box024	PRG	E173	omnirt_v2	core4d-e154-physics-contact-v1	115	/mnt/a0ccc676-9496-49f8-a861-f8a1797dec52/spider_workdirs/core4d/results/E173/s6_downstream/cem/full/E173_box024_20231011_026_p2_PRG_outdir_full/trajectory_mjwp_act.npz	example_datasets/processed/core4d/unitree_g1/humanoid_object/dcv3_omnirt_v2_ref_fk_box024_20231011_026_p2/scene_act_E173_rubberHull_PRG.xml	example_datasets/processed/core4d/unitree_g1/humanoid_object/dcv3_omnirt_v2_ref_fk_box024_20231011_026_p2/0/trajectory_kinematic.npz	/mnt/a0ccc676-9496-49f8-a861-f8a1797dec52/spider_workdirs/core4d/results/E173/s3_retarget/omnirt_v2/ref_fk/results/omnirt_v2_ref_fk/contact_masks/dcv3_omnirt_v2_ref_fk_box024_20231011_026_p2/raw_contact_mask_3cm.npz	1				0.3370786517	0.9213483146	0.452173913	0	0.6944748973	1.319671981	642.3773727
box024_20231011_027_p1	box024	OmniRetarget	E173	omnirt_v2	core4d-e154-physics-contact-v1	132	workspace/core4d/analysis/E197_full_cem_omnirt_vs_prg_metrics/omni_converted_qpos/box024_20231011_027_p1_omnirt_scene_act_qpos.npz	example_datasets/processed/core4d/unitree_g1/humanoid_object/dcv3_omnirt_v2_ref_fk_box024_20231011_027_p1/scene_act_E173_rubberHull_PRG.xml	example_datasets/processed/core4d/unitree_g1/humanoid_object/dcv3_omnirt_v2_ref_fk_box024_20231011_027_p1/0/trajectory_kinematic.npz	/mnt/a0ccc676-9496-49f8-a861-f8a1797dec52/spider_workdirs/core4d/results/E173/s3_retarget/omnirt_v2/ref_fk/results/omnirt_v2_ref_fk/contact_masks/dcv3_omnirt_v2_ref_fk_box024_20231011_027_p1/raw_contact_mask_3cm.npz	0	XZY	4.775249788e-14	2.414836539e-06	0	1	0.75	0.2727272727	1.287080334	1.523895127	2906.467117
box024_20231011_027_p1	box024	PRG	E173	omnirt_v2	core4d-e154-physics-contact-v1	132	/mnt/a0ccc676-9496-49f8-a861-f8a1797dec52/spider_workdirs/core4d/results/E173/s6_downstream/cem/full/E173_box024_20231011_027_p1_PRG_outdir_full/trajectory_mjwp_act.npz	example_datasets/processed/core4d/unitree_g1/humanoid_object/dcv3_omnirt_v2_ref_fk_box024_20231011_027_p1/scene_act_E173_rubberHull_PRG.xml	example_datasets/processed/core4d/unitree_g1/humanoid_object/dcv3_omnirt_v2_ref_fk_box024_20231011_027_p1/0/trajectory_kinematic.npz	/mnt/a0ccc676-9496-49f8-a861-f8a1797dec52/spider_workdirs/core4d/results/E173/s3_retarget/omnirt_v2/ref_fk/results/omnirt_v2_ref_fk/contact_masks/dcv3_omnirt_v2_ref_fk_box024_20231011_027_p1/raw_contact_mask_3cm.npz	0				0.6063829787	0.8723404255	0.1893939394	0	0.3914981722	1.045805747	616.3075132
box024_20231011_027_p2	box024	OmniRetarget	E173	omnirt_v2	core4d-e154-physics-contact-v1	124	workspace/core4d/analysis/E197_full_cem_omnirt_vs_prg_metrics/omni_converted_qpos/box024_20231011_027_p2_omnirt_scene_act_qpos.npz	example_datasets/processed/core4d/unitree_g1/humanoid_object/dcv3_omnirt_v2_ref_fk_box024_20231011_027_p2/scene_act_E173_rubberHull_PRG.xml	example_datasets/processed/core4d/unitree_g1/humanoid_object/dcv3_omnirt_v2_ref_fk_box024_20231011_027_p2/0/trajectory_kinematic.npz	/mnt/a0ccc676-9496-49f8-a861-f8a1797dec52/spider_workdirs/core4d/results/E173/s3_retarget/omnirt_v2/ref_fk/results/omnirt_v2_ref_fk/contact_masks/dcv3_omnirt_v2_ref_fk_box024_20231011_027_p2/raw_contact_mask_3cm.npz	1	XZY	3.682193206e-14	2.414836539e-06	0	1	0.6935483871	0.185483871	1.015989111	1.548677626	1300.051707
box024_20231011_027_p2	box024	PRG	E173	omnirt_v2	core4d-e154-physics-contact-v1	124	/mnt/a0ccc676-9496-49f8-a861-f8a1797dec52/spider_workdirs/core4d/results/E173/s6_downstream/cem/full/E173_box024_20231011_027_p2_PRG_outdir_full/trajectory_mjwp_act.npz	example_datasets/processed/core4d/unitree_g1/humanoid_object/dcv3_omnirt_v2_ref_fk_box024_20231011_027_p2/scene_act_E173_rubberHull_PRG.xml	example_datasets/processed/core4d/unitree_g1/humanoid_object/dcv3_omnirt_v2_ref_fk_box024_20231011_027_p2/0/trajectory_kinematic.npz	/mnt/a0ccc676-9496-49f8-a861-f8a1797dec52/spider_workdirs/core4d/results/E173/s3_retarget/omnirt_v2/ref_fk/results/omnirt_v2_ref_fk/contact_masks/dcv3_omnirt_v2_ref_fk_box024_20231011_027_p2/raw_contact_mask_3cm.npz	1				0.6341463415	0.7317073171	0.06451612903	0	1.059020378	1.050430539	431.9906811
box024_20231011_028_p1	box024	OmniRetarget	E173	omnirt_v1	core4d-e154-physics-contact-v1	144	workspace/core4d/analysis/E197_full_cem_omnirt_vs_prg_metrics/omni_converted_qpos/box024_20231011_028_p1_omnirt_scene_act_qpos.npz	example_datasets/processed/core4d/unitree_g1/humanoid_object/dcv3_omnirt_v1_ref_fk_box024_20231011_028_p1/scene_act_E173_rubberHull_PRG.xml	example_datasets/processed/core4d/unitree_g1/humanoid_object/dcv3_omnirt_v1_ref_fk_box024_20231011_028_p1/0/trajectory_kinematic.npz	/mnt/a0ccc676-9496-49f8-a861-f8a1797dec52/spider_workdirs/core4d/results/E173/s3_retarget/omnirt_v1/ref_fk/results/omnirt_v1_ref_fk/contact_masks/dcv3_omnirt_v1_ref_fk_box024_20231011_028_p1/raw_contact_mask_3cm.npz	0	ZYX	4.577566799e-14	1.707547293e-06	0.01	0.99	0.7013888889	0.25	0.6938535055	4.661092648	3393.505708
box024_20231011_028_p1	box024	PRG	E173	omnirt_v1	core4d-e154-physics-contact-v1	144	/mnt/a0ccc676-9496-49f8-a861-f8a1797dec52/spider_workdirs/core4d/results/E173/s6_downstream/cem/full/E173_box024_20231011_028_p1_PRG_outdir_full/trajectory_mjwp_act.npz	example_datasets/processed/core4d/unitree_g1/humanoid_object/dcv3_omnirt_v1_ref_fk_box024_20231011_028_p1/scene_act_E173_rubberHull_PRG.xml	example_datasets/processed/core4d/unitree_g1/humanoid_object/dcv3_omnirt_v1_ref_fk_box024_20231011_028_p1/0/trajectory_kinematic.npz	/mnt/a0ccc676-9496-49f8-a861-f8a1797dec52/spider_workdirs/core4d/results/E173/s3_retarget/omnirt_v1/ref_fk/results/omnirt_v1_ref_fk/contact_masks/dcv3_omnirt_v1_ref_fk_box024_20231011_028_p1/raw_contact_mask_3cm.npz	0				0.16	0.81	0.4583333333	0.125	0.3781373902	1.951937619	1104.316531
box024_20231011_028_p2	box024	OmniRetarget	E173	omnirt_v1	core4d-e154-physics-contact-v1	135	workspace/core4d/analysis/E197_full_cem_omnirt_vs_prg_metrics/omni_converted_qpos/box024_20231011_028_p2_omnirt_scene_act_qpos.npz	example_datasets/processed/core4d/unitree_g1/humanoid_object/dcv3_omnirt_v1_ref_fk_box024_20231011_028_p2/scene_act_E173_rubberHull_PRG.xml	example_datasets/processed/core4d/unitree_g1/humanoid_object/dcv3_omnirt_v1_ref_fk_box024_20231011_028_p2/0/trajectory_kinematic.npz	/mnt/a0ccc676-9496-49f8-a861-f8a1797dec52/spider_workdirs/core4d/results/E173/s3_retarget/omnirt_v1/ref_fk/results/omnirt_v1_ref_fk/contact_masks/dcv3_omnirt_v1_ref_fk_box024_20231011_028_p2/raw_contact_mask_3cm.npz	1	ZYX	8.082545621e-14	1.707547293e-06	0	1	0.7111111111	0.08148148148	1.384141127	4.736892304	2244.855262
box024_20231011_028_p2	box024	PRG	E173	omnirt_v1	core4d-e154-physics-contact-v1	135	/mnt/a0ccc676-9496-49f8-a861-f8a1797dec52/spider_workdirs/core4d/results/E173/s6_downstream/cem/full/E173_box024_20231011_028_p2_PRG_outdir_full/trajectory_mjwp_act.npz	example_datasets/processed/core4d/unitree_g1/humanoid_object/dcv3_omnirt_v1_ref_fk_box024_20231011_028_p2/scene_act_E173_rubberHull_PRG.xml	example_datasets/processed/core4d/unitree_g1/humanoid_object/dcv3_omnirt_v1_ref_fk_box024_20231011_028_p2/0/trajectory_kinematic.npz	/mnt/a0ccc676-9496-49f8-a861-f8a1797dec52/spider_workdirs/core4d/results/E173/s3_retarget/omnirt_v1/ref_fk/results/omnirt_v1_ref_fk/contact_masks/dcv3_omnirt_v1_ref_fk_box024_20231011_028_p2/raw_contact_mask_3cm.npz	1				0.5483870968	0.7956989247	0.1703703704	0.07407407407	1.425195417	2.092088153	664.9193807
box024_20231011_030_p1	box024	OmniRetarget	E173	omnirt_v1	core4d-e154-physics-contact-v1	102	workspace/core4d/analysis/E197_full_cem_omnirt_vs_prg_metrics/omni_converted_qpos/box024_20231011_030_p1_omnirt_scene_act_qpos.npz	example_datasets/processed/core4d/unitree_g1/humanoid_object/dcv3_omnirt_v1_ref_fk_box024_20231011_030_p1/scene_act_E173_rubberHull_PRG.xml	example_datasets/processed/core4d/unitree_g1/humanoid_object/dcv3_omnirt_v1_ref_fk_box024_20231011_030_p1/0/trajectory_kinematic.npz	/mnt/a0ccc676-9496-49f8-a861-f8a1797dec52/spider_workdirs/core4d/results/E173/s3_retarget/omnirt_v1/ref_fk/results/omnirt_v1_ref_fk/contact_masks/dcv3_omnirt_v1_ref_fk_box024_20231011_030_p1/raw_contact_mask_3cm.npz	0	ZYX	5.453105385e-14	2.414836539e-06	0	1	0.7058823529	0.2058823529	1.065689509	2.450142558	2069.466962
box024_20231011_030_p1	box024	PRG	E173	omnirt_v1	core4d-e154-physics-contact-v1	102	/mnt/a0ccc676-9496-49f8-a861-f8a1797dec52/spider_workdirs/core4d/results/E173/s6_downstream/cem/full/E173_box024_20231011_030_p1_PRG_outdir_full/trajectory_mjwp_act.npz	example_datasets/processed/core4d/unitree_g1/humanoid_object/dcv3_omnirt_v1_ref_fk_box024_20231011_030_p1/scene_act_E173_rubberHull_PRG.xml	example_datasets/processed/core4d/unitree_g1/humanoid_object/dcv3_omnirt_v1_ref_fk_box024_20231011_030_p1/0/trajectory_kinematic.npz	/mnt/a0ccc676-9496-49f8-a861-f8a1797dec52/spider_workdirs/core4d/results/E173/s3_retarget/omnirt_v1/ref_fk/results/omnirt_v1_ref_fk/contact_masks/dcv3_omnirt_v1_ref_fk_box024_20231011_030_p1/raw_contact_mask_3cm.npz	0				0.1111111111	0.8888888889	0.5490196078	0	0.7263307651	1.455180552	721.1773835
box024_20231011_031_p1	box024	OmniRetarget	E173	omnirt_v2	core4d-e154-physics-contact-v1	68	workspace/core4d/analysis/E197_full_cem_omnirt_vs_prg_metrics/omni_converted_qpos/box024_20231011_031_p1_omnirt_scene_act_qpos.npz	example_datasets/processed/core4d/unitree_g1/humanoid_object/dcv3_omnirt_v2_ref_fk_box024_20231011_031_p1/scene_act_E173_rubberHull_PRG.xml	example_datasets/processed/core4d/unitree_g1/humanoid_object/dcv3_omnirt_v2_ref_fk_box024_20231011_031_p1/0/trajectory_kinematic.npz	/mnt/a0ccc676-9496-49f8-a861-f8a1797dec52/spider_workdirs/core4d/results/E173/s3_retarget/omnirt_v2/ref_fk/results/omnirt_v2_ref_fk/contact_masks/dcv3_omnirt_v2_ref_fk_box024_20231011_031_p1/raw_contact_mask_3cm.npz	0	XZY	3.72380123e-14	2.414836539e-06	0	1	0.7794117647	0.2794117647	1.184741112	5.502583781	2308.965123
box024_20231011_031_p1	box024	PRG	E173	omnirt_v2	core4d-e154-physics-contact-v1	68	/mnt/a0ccc676-9496-49f8-a861-f8a1797dec52/spider_workdirs/core4d/results/E173/s6_downstream/cem/full/E173_box024_20231011_031_p1_PRG_outdir_full/trajectory_mjwp_act.npz	example_datasets/processed/core4d/unitree_g1/humanoid_object/dcv3_omnirt_v2_ref_fk_box024_20231011_031_p1/scene_act_E173_rubberHull_PRG.xml	example_datasets/processed/core4d/unitree_g1/humanoid_object/dcv3_omnirt_v2_ref_fk_box024_20231011_031_p1/0/trajectory_kinematic.npz	/mnt/a0ccc676-9496-49f8-a861-f8a1797dec52/spider_workdirs/core4d/results/E173/s3_retarget/omnirt_v2/ref_fk/results/omnirt_v2_ref_fk/contact_masks/dcv3_omnirt_v2_ref_fk_box024_20231011_031_p1/raw_contact_mask_3cm.npz	0				0.137254902	0.8823529412	0.5882352941	0	0.3493721082	2.227055277	657.4215297
box024_20231011_031_p2	box024	OmniRetarget	E173	omnirt_v1	core4d-e154-physics-contact-v1	74	workspace/core4d/analysis/E197_full_cem_omnirt_vs_prg_metrics/omni_converted_qpos/box024_20231011_031_p2_omnirt_scene_act_qpos.npz	example_datasets/processed/core4d/unitree_g1/humanoid_object/dcv3_omnirt_v1_ref_fk_box024_20231011_031_p2/scene_act_E173_rubberHull_PRG.xml	example_datasets/processed/core4d/unitree_g1/humanoid_object/dcv3_omnirt_v1_ref_fk_box024_20231011_031_p2/0/trajectory_kinematic.npz	/mnt/a0ccc676-9496-49f8-a861-f8a1797dec52/spider_workdirs/core4d/results/E173/s3_retarget/omnirt_v1/ref_fk/results/omnirt_v1_ref_fk/contact_masks/dcv3_omnirt_v1_ref_fk_box024_20231011_031_p2/raw_contact_mask_3cm.npz	1	XZY	2.482534153e-14	2.414836539e-06	0	1	0.7837837838	0.3243243243	1.0827358	5.592068639	4236.771219
box024_20231011_031_p2	box024	PRG	E173	omnirt_v1	core4d-e154-physics-contact-v1	74	/mnt/a0ccc676-9496-49f8-a861-f8a1797dec52/spider_workdirs/core4d/results/E173/s6_downstream/cem/full/E173_box024_20231011_031_p2_PRG_outdir_full/trajectory_mjwp_act.npz	example_datasets/processed/core4d/unitree_g1/humanoid_object/dcv3_omnirt_v1_ref_fk_box024_20231011_031_p2/scene_act_E173_rubberHull_PRG.xml	example_datasets/processed/core4d/unitree_g1/humanoid_object/dcv3_omnirt_v1_ref_fk_box024_20231011_031_p2/0/trajectory_kinematic.npz	/mnt/a0ccc676-9496-49f8-a861-f8a1797dec52/spider_workdirs/core4d/results/E173/s3_retarget/omnirt_v1/ref_fk/results/omnirt_v1_ref_fk/contact_masks/dcv3_omnirt_v1_ref_fk_box024_20231011_031_p2/raw_contact_mask_3cm.npz	1				0.07407407407	0.6296296296	0.4054054054	0.1486486486	0.1972575633	1.490128857	1498.973703
