ordinal	row_id	manifest_exp_id	source_exp_id	source_method_id	canonical_method_id	method_display	case_id	short_case_id	variant	qpos_path	scene_xml	video_path	contact_mask_path	kin_ref_path	person_idx	hand_collision_variant_id	object_key	object_category	expected_quality	baseline_method_id	baseline_source_exp_id	baseline_variant	baseline_qpos_path	baseline_scene_xml	baseline_contact_mask_path	baseline_kin_ref_path	baseline_status	row_status	notes
1	E162_0001_E147_spider_rubberhand_box004_083_p1	E147	E147	spider-rubberhand	E147_spider_rubberhand	spider-rubberhand	e091_box004_20231003_2_083_p1	box004_083_p1	E147_e091_box004_20231003_2_083_p1_rubber_hull	workspace/core4d/results/E147/rubber_hand_collision/cem/full/E147_e091_box004_20231003_2_083_p1_rubber_hull_outdir_full/trajectory_mjwp_act.npz	example_datasets/processed/core4d/unitree_g1/humanoid_object/e091_box004_20231003_2_083_p1_e096b_mask_cem/scene_act_E147_rubber_hull.xml	workspace/core4d/results/E147/rubber_hand_collision/cem/full/E147_e091_box004_20231003_2_083_p1_rubber_hull_full.mp4	workspace/core4d/results/E143/contact_masks/box004_083_p1/raw_contact_mask_3cm.npz	example_datasets/processed/core4d/unitree_g1/humanoid_object/e091_box004_20231003_2_083_p1_e096b_mask_cem/0/trajectory_kinematic.npz	0	rubber_hull	box004	box	pass	E147_spider_rubberhand	E147	E147_e091_box004_20231003_2_083_p1_rubber_hull	workspace/core4d/results/E147/rubber_hand_collision/cem/full/E147_e091_box004_20231003_2_083_p1_rubber_hull_outdir_full/trajectory_mjwp_act.npz	example_datasets/processed/core4d/unitree_g1/humanoid_object/e091_box004_20231003_2_083_p1_e096b_mask_cem/scene_act_E147_rubber_hull.xml	workspace/core4d/results/E143/contact_masks/box004_083_p1/raw_contact_mask_3cm.npz	example_datasets/processed/core4d/unitree_g1/humanoid_object/e091_box004_20231003_2_083_p1_e096b_mask_cem/0/trajectory_kinematic.npz	ok	ok	
2	E162_0002_E147_spider_rubberhand_box004_082_p1	E147	E147	spider-rubberhand	E147_spider_rubberhand	spider-rubberhand	e091_box004_20231003_2_082_p1	box004_082_p1	E147_e091_box004_20231003_2_082_p1_rubber_hull	workspace/core4d/results/E147/rubber_hand_collision/cem/full/E147_e091_box004_20231003_2_082_p1_rubber_hull_outdir_full/trajectory_mjwp_act.npz	example_datasets/processed/core4d/unitree_g1/humanoid_object/e091_box004_20231003_2_082_p1_e096b_mask_cem/scene_act_E147_rubber_hull.xml	workspace/core4d/results/E147/rubber_hand_collision/cem/full/E147_e091_box004_20231003_2_082_p1_rubber_hull_full.mp4	workspace/core4d/results/E143/contact_masks/box004_082_p1/raw_contact_mask_3cm.npz	example_datasets/processed/core4d/unitree_g1/humanoid_object/e091_box004_20231003_2_082_p1_e096b_mask_cem/0/trajectory_kinematic.npz	0	rubber_hull	box004	box	pass	E147_spider_rubberhand	E147	E147_e091_box004_20231003_2_082_p1_rubber_hull	workspace/core4d/results/E147/rubber_hand_collision/cem/full/E147_e091_box004_20231003_2_082_p1_rubber_hull_outdir_full/trajectory_mjwp_act.npz	example_datasets/processed/core4d/unitree_g1/humanoid_object/e091_box004_20231003_2_082_p1_e096b_mask_cem/scene_act_E147_rubber_hull.xml	workspace/core4d/results/E143/contact_masks/box004_082_p1/raw_contact_mask_3cm.npz	example_datasets/processed/core4d/unitree_g1/humanoid_object/e091_box004_20231003_2_082_p1_e096b_mask_cem/0/trajectory_kinematic.npz	ok	ok	
3	E162_0003_E147_spider_rubberhand_box021_035_p1	E147	E147	spider-rubberhand	E147_spider_rubberhand	spider-rubberhand	d003_box021_20231011_035_p1	box021_035_p1	E147_d003_box021_20231011_035_p1_rubber_hull	workspace/core4d/results/E147/rubber_hand_collision/cem/full/E147_d003_box021_20231011_035_p1_rubber_hull_outdir_full/trajectory_mjwp_act.npz	example_datasets/processed/core4d/unitree_g1/humanoid_object/d003_box021_20231011_035_p1_e107_clean/scene_act_E147_rubber_hull.xml	workspace/core4d/results/E147/rubber_hand_collision/cem/full/E147_d003_box021_20231011_035_p1_rubber_hull_full.mp4	workspace/core4d/results/E143/contact_masks/box021_035_p1/raw_contact_mask_3cm.npz	example_datasets/processed/core4d/unitree_g1/humanoid_object/d003_box021_20231011_035_p1_e107_clean/0/trajectory_kinematic.npz	0	rubber_hull	box021	box	pass	E147_spider_rubberhand	E147	E147_d003_box021_20231011_035_p1_rubber_hull	workspace/core4d/results/E147/rubber_hand_collision/cem/full/E147_d003_box021_20231011_035_p1_rubber_hull_outdir_full/trajectory_mjwp_act.npz	example_datasets/processed/core4d/unitree_g1/humanoid_object/d003_box021_20231011_035_p1_e107_clean/scene_act_E147_rubber_hull.xml	workspace/core4d/results/E143/contact_masks/box021_035_p1/raw_contact_mask_3cm.npz	example_datasets/processed/core4d/unitree_g1/humanoid_object/d003_box021_20231011_035_p1_e107_clean/0/trajectory_kinematic.npz	ok	ok	
4	E162_0004_E147_spider_rubberhand_box021_035_p2	E147	E147	spider-rubberhand	E147_spider_rubberhand	spider-rubberhand	d003_box021_20231011_035_p2	box021_035_p2	E147_d003_box021_20231011_035_p2_rubber_hull	workspace/core4d/results/E147/rubber_hand_collision/cem/full/E147_d003_box021_20231011_035_p2_rubber_hull_outdir_full/trajectory_mjwp_act.npz	example_datasets/processed/core4d/unitree_g1/humanoid_object/d003_box021_20231011_035_p2_e107_clean/scene_act_E147_rubber_hull.xml	workspace/core4d/results/E147/rubber_hand_collision/cem/full/E147_d003_box021_20231011_035_p2_rubber_hull_full.mp4	workspace/core4d/results/E143/contact_masks/box021_035_p2/raw_contact_mask_3cm.npz	example_datasets/processed/core4d/unitree_g1/humanoid_object/d003_box021_20231011_035_p2_e107_clean/0/trajectory_kinematic.npz	1	rubber_hull	box021	box	fail	E147_spider_rubberhand	E147	E147_d003_box021_20231011_035_p2_rubber_hull	workspace/core4d/results/E147/rubber_hand_collision/cem/full/E147_d003_box021_20231011_035_p2_rubber_hull_outdir_full/trajectory_mjwp_act.npz	example_datasets/processed/core4d/unitree_g1/humanoid_object/d003_box021_20231011_035_p2_e107_clean/scene_act_E147_rubber_hull.xml	workspace/core4d/results/E143/contact_masks/box021_035_p2/raw_contact_mask_3cm.npz	example_datasets/processed/core4d/unitree_g1/humanoid_object/d003_box021_20231011_035_p2_e107_clean/0/trajectory_kinematic.npz	ok	ok	
5	E162_0005_E147_spider_rubberhand_box023_person2	E147	E147	spider-rubberhand	E147_spider_rubberhand	spider-rubberhand	box023_person2	box023_person2	E147_box023_person2_rubber_hull	workspace/core4d/results/E147/rubber_hand_collision/cem/full/E147_box023_person2_rubber_hull_outdir_full/trajectory_mjwp_act.npz	example_datasets/processed/core4d/unitree_g1/humanoid_object/box023_person2_legobj/scene_act_E147_rubber_hull.xml	workspace/core4d/results/E147/rubber_hand_collision/cem/full/E147_box023_person2_rubber_hull_full.mp4	workspace/core4d/results/E143/contact_masks/box023_person2/raw_contact_mask_3cm.npz	example_datasets/processed/core4d/unitree_g1/humanoid_object/box023_person2_legobj/0/trajectory_kinematic.npz	1	rubber_hull	box023	box	pass	E147_spider_rubberhand	E147	E147_box023_person2_rubber_hull	workspace/core4d/results/E147/rubber_hand_collision/cem/full/E147_box023_person2_rubber_hull_outdir_full/trajectory_mjwp_act.npz	example_datasets/processed/core4d/unitree_g1/humanoid_object/box023_person2_legobj/scene_act_E147_rubber_hull.xml	workspace/core4d/results/E143/contact_masks/box023_person2/raw_contact_mask_3cm.npz	example_datasets/processed/core4d/unitree_g1/humanoid_object/box023_person2_legobj/0/trajectory_kinematic.npz	ok	ok	
6	E162_0006_E147_spider_rubberhand_box023_person1	E147	E147	spider-rubberhand	E147_spider_rubberhand	spider-rubberhand	box023_person1	box023_person1	E147_box023_person1_rubber_hull	workspace/core4d/results/E147/rubber_hand_collision/cem/full/E147_box023_person1_rubber_hull_outdir_full/trajectory_mjwp_act.npz	example_datasets/processed/core4d/unitree_g1/humanoid_object/box023_person1/scene_act_E147_rubber_hull.xml	workspace/core4d/results/E147/rubber_hand_collision/cem/full/E147_box023_person1_rubber_hull_full.mp4	workspace/core4d/results/E143/contact_masks/box023_person1/raw_contact_mask_3cm.npz	example_datasets/processed/core4d/unitree_g1/humanoid_object/box023_person1/0/trajectory_kinematic.npz	0	rubber_hull	box023	box	fail	E147_spider_rubberhand	E147	E147_box023_person1_rubber_hull	workspace/core4d/results/E147/rubber_hand_collision/cem/full/E147_box023_person1_rubber_hull_outdir_full/trajectory_mjwp_act.npz	example_datasets/processed/core4d/unitree_g1/humanoid_object/box023_person1/scene_act_E147_rubber_hull.xml	workspace/core4d/results/E143/contact_masks/box023_person1/raw_contact_mask_3cm.npz	example_datasets/processed/core4d/unitree_g1/humanoid_object/box023_person1/0/trajectory_kinematic.npz	missing_e147_contact_mask	missing_contact_mask	
7	E162_0007_E147_spider_rubberhand_box026_134_p1	E147	E147	spider-rubberhand	E147_spider_rubberhand	spider-rubberhand	e091_box026_20231020_134_p1	box026_134_p1	E147_e091_box026_20231020_134_p1_rubber_hull	workspace/core4d/results/E147/rubber_hand_collision/cem/full/E147_e091_box026_20231020_134_p1_rubber_hull_outdir_full/trajectory_mjwp_act.npz	example_datasets/processed/core4d/unitree_g1/humanoid_object/e091_box026_20231020_134_p1_e106_clean/scene_act_E147_rubber_hull.xml	workspace/core4d/results/E147/rubber_hand_collision/cem/full/E147_e091_box026_20231020_134_p1_rubber_hull_full.mp4	workspace/core4d/results/E143/contact_masks/box026_134_p1/raw_contact_mask_3cm.npz	example_datasets/processed/core4d/unitree_g1/humanoid_object/e091_box026_20231020_134_p1_e106_clean/0/trajectory_kinematic.npz	0	rubber_hull	box026	box	pass	E147_spider_rubberhand	E147	E147_e091_box026_20231020_134_p1_rubber_hull	workspace/core4d/results/E147/rubber_hand_collision/cem/full/E147_e091_box026_20231020_134_p1_rubber_hull_outdir_full/trajectory_mjwp_act.npz	example_datasets/processed/core4d/unitree_g1/humanoid_object/e091_box026_20231020_134_p1_e106_clean/scene_act_E147_rubber_hull.xml	workspace/core4d/results/E143/contact_masks/box026_134_p1/raw_contact_mask_3cm.npz	example_datasets/processed/core4d/unitree_g1/humanoid_object/e091_box026_20231020_134_p1_e106_clean/0/trajectory_kinematic.npz	ok	ok	
8	E162_0008_E147_spider_rubberhand_box026_134_p2	E147	E147	spider-rubberhand	E147_spider_rubberhand	spider-rubberhand	e091_box026_20231020_134_p2	box026_134_p2	E147_e091_box026_20231020_134_p2_rubber_hull	workspace/core4d/results/E147/rubber_hand_collision/cem/full/E147_e091_box026_20231020_134_p2_rubber_hull_outdir_full/trajectory_mjwp_act.npz	example_datasets/processed/core4d/unitree_g1/humanoid_object/e091_box026_20231020_134_p2_e106_clean/scene_act_E147_rubber_hull.xml	workspace/core4d/results/E147/rubber_hand_collision/cem/full/E147_e091_box026_20231020_134_p2_rubber_hull_full.mp4	workspace/core4d/results/E143/contact_masks/box026_134_p2/raw_contact_mask_3cm.npz	example_datasets/processed/core4d/unitree_g1/humanoid_object/e091_box026_20231020_134_p2_e106_clean/0/trajectory_kinematic.npz	1	rubber_hull	box026	box	fail	E147_spider_rubberhand	E147	E147_e091_box026_20231020_134_p2_rubber_hull	workspace/core4d/results/E147/rubber_hand_collision/cem/full/E147_e091_box026_20231020_134_p2_rubber_hull_outdir_full/trajectory_mjwp_act.npz	example_datasets/processed/core4d/unitree_g1/humanoid_object/e091_box026_20231020_134_p2_e106_clean/scene_act_E147_rubber_hull.xml	workspace/core4d/results/E143/contact_masks/box026_134_p2/raw_contact_mask_3cm.npz	example_datasets/processed/core4d/unitree_g1/humanoid_object/e091_box026_20231020_134_p2_e106_clean/0/trajectory_kinematic.npz	ok	ok	
9	E162_0009_E147_spider_rubberhand_bucket004_20231003_1_012_p1	E147	E147	spider-rubberhand	E147_spider_rubberhand	spider-rubberhand	bucket004_20231003_1_012_p1	bucket004_20231003_1_012_p1	E147_bucket004_20231003_1_012_p1_rubber_hull	workspace/core4d/results/E147/rubber_hand_collision/cem/full/E147_bucket004_20231003_1_012_p1_rubber_hull_outdir_full/trajectory_mjwp_act.npz	example_datasets/processed/core4d/unitree_g1/humanoid_object/dcv3_omnirt_v1_ref_fk_bucket004_20231003_1_012_p1/scene_act_E147_rubber_hull.xml	workspace/core4d/results/E147/rubber_hand_collision/cem/full/E147_bucket004_20231003_1_012_p1_rubber_hull_full.mp4	workspace/core4d/results/E143/contact_masks/bucket004_20231003_1_012_p1/raw_contact_mask_3cm.npz	example_datasets/processed/core4d/unitree_g1/humanoid_object/dcv3_omnirt_v1_ref_fk_bucket004_20231003_1_012_p1/0/trajectory_kinematic.npz	0	rubber_hull	bucket004	bucket	pass	E147_spider_rubberhand	E147	E147_bucket004_20231003_1_012_p1_rubber_hull	workspace/core4d/results/E147/rubber_hand_collision/cem/full/E147_bucket004_20231003_1_012_p1_rubber_hull_outdir_full/trajectory_mjwp_act.npz	example_datasets/processed/core4d/unitree_g1/humanoid_object/dcv3_omnirt_v1_ref_fk_bucket004_20231003_1_012_p1/scene_act_E147_rubber_hull.xml	workspace/core4d/results/E143/contact_masks/bucket004_20231003_1_012_p1/raw_contact_mask_3cm.npz	example_datasets/processed/core4d/unitree_g1/humanoid_object/dcv3_omnirt_v1_ref_fk_bucket004_20231003_1_012_p1/0/trajectory_kinematic.npz	ok	ok	
10	E162_0010_E147_spider_rubberhand_bucket004_20231002_021_p1	E147	E147	spider-rubberhand	E147_spider_rubberhand	spider-rubberhand	bucket004_20231002_021_p1	bucket004_20231002_021_p1	E147_bucket004_20231002_021_p1_rubber_hull	workspace/core4d/results/E147/rubber_hand_collision/cem/full/E147_bucket004_20231002_021_p1_rubber_hull_outdir_full/trajectory_mjwp_act.npz	example_datasets/processed/core4d/unitree_g1/humanoid_object/dcv3_omnirt_v1_ref_fk_bucket004_20231002_021_p1/scene_act_E147_rubber_hull.xml	workspace/core4d/results/E147/rubber_hand_collision/cem/full/E147_bucket004_20231002_021_p1_rubber_hull_full.mp4	workspace/core4d/results/E143/contact_masks/bucket004_20231002_021_p1/raw_contact_mask_3cm.npz	example_datasets/processed/core4d/unitree_g1/humanoid_object/dcv3_omnirt_v1_ref_fk_bucket004_20231002_021_p1/0/trajectory_kinematic.npz	0	rubber_hull	bucket004	bucket	fail	E147_spider_rubberhand	E147	E147_bucket004_20231002_021_p1_rubber_hull	workspace/core4d/results/E147/rubber_hand_collision/cem/full/E147_bucket004_20231002_021_p1_rubber_hull_outdir_full/trajectory_mjwp_act.npz	example_datasets/processed/core4d/unitree_g1/humanoid_object/dcv3_omnirt_v1_ref_fk_bucket004_20231002_021_p1/scene_act_E147_rubber_hull.xml	workspace/core4d/results/E143/contact_masks/bucket004_20231002_021_p1/raw_contact_mask_3cm.npz	example_datasets/processed/core4d/unitree_g1/humanoid_object/dcv3_omnirt_v1_ref_fk_bucket004_20231002_021_p1/0/trajectory_kinematic.npz	missing_e147_contact_mask	missing_contact_mask	
11	E162_0011_E148_spiderrubberhand_box023_person2	E148	E147	spider-rubberhand	E148_spiderrubberhand	spider-rubberhand	box023_person2	box023_person2	E148_box023_person2_rubber_hull	workspace/core4d/results/E147/rubber_hand_collision/cem/full/E147_box023_person2_rubber_hull_outdir_full/trajectory_mjwp_act.npz	example_datasets/processed/core4d/unitree_g1/humanoid_object/box023_person2_legobj/scene_act_E147_rubber_hull.xml	workspace/core4d/results/E147/rubber_hand_collision/cem/full/E147_box023_person2_rubber_hull_full.mp4	workspace/core4d/results/E143/contact_masks/box023_person2/raw_contact_mask_3cm.npz	example_datasets/processed/core4d/unitree_g1/humanoid_object/box023_person2_legobj_e026_e081/0/trajectory_kinematic.npz	1	rubber_hull	box023	box	review	E147_spider_rubberhand	E147	E147_box023_person2_rubber_hull	workspace/core4d/results/E147/rubber_hand_collision/cem/full/E147_box023_person2_rubber_hull_outdir_full/trajectory_mjwp_act.npz	example_datasets/processed/core4d/unitree_g1/humanoid_object/box023_person2_legobj/scene_act_E147_rubber_hull.xml	workspace/core4d/results/E143/contact_masks/box023_person2/raw_contact_mask_3cm.npz	example_datasets/processed/core4d/unitree_g1/humanoid_object/box023_person2_legobj/0/trajectory_kinematic.npz	ok	ok	
12	E162_0012_E148_spiderrubberhand_bucket004_20231002_022_p1	E148	E148	spider-rubberhand	E148_spiderrubberhand	spider-rubberhand	bucket004_20231002_022_p1	bucket004_20231002_022_p1	E148_bucket004_20231002_022_p1_rubber_hull	workspace/core4d/results/E148/e143_24case_rubber_hand_collision/cem/full/E148_bucket004_20231002_022_p1_rubber_hull_outdir_full/trajectory_mjwp_act.npz	example_datasets/processed/core4d/unitree_g1/humanoid_object/dcv3_omnirt_v1_ref_fk_bucket004_20231002_022_p1/scene_act_E148_rubber_hull.xml	workspace/core4d/results/E148/e143_24case_rubber_hand_collision/cem/full/E148_bucket004_20231002_022_p1_rubber_hull_full.mp4	workspace/core4d/results/E143/contact_masks/bucket004_20231002_022_p1/raw_contact_mask_3cm.npz	example_datasets/processed/core4d/unitree_g1/humanoid_object/dcv3_omnirt_v1_ref_fk_bucket004_20231002_022_p1/0/trajectory_kinematic.npz	0	rubber_hull	bucket004	bucket	review	E147_spider_rubberhand							missing_e147_case	ok	
13	E162_0013_E148_spiderrubberhand_bucket004_20231003_1_012_p1	E148	E147	spider-rubberhand	E148_spiderrubberhand	spider-rubberhand	bucket004_20231003_1_012_p1	bucket004_20231003_1_012_p1	E148_bucket004_20231003_1_012_p1_rubber_hull	workspace/core4d/results/E147/rubber_hand_collision/cem/full/E147_bucket004_20231003_1_012_p1_rubber_hull_outdir_full/trajectory_mjwp_act.npz	example_datasets/processed/core4d/unitree_g1/humanoid_object/dcv3_omnirt_v1_ref_fk_bucket004_20231003_1_012_p1/scene_act_E147_rubber_hull.xml	workspace/core4d/results/E147/rubber_hand_collision/cem/full/E147_bucket004_20231003_1_012_p1_rubber_hull_full.mp4	workspace/core4d/results/E143/contact_masks/bucket004_20231003_1_012_p1/raw_contact_mask_3cm.npz	example_datasets/processed/core4d/unitree_g1/humanoid_object/dcv3_omnirt_v1_ref_fk_bucket004_20231003_1_012_p1/0/trajectory_kinematic.npz	0	rubber_hull	bucket004	bucket	known_visual_fail	E147_spider_rubberhand	E147	E147_bucket004_20231003_1_012_p1_rubber_hull	workspace/core4d/results/E147/rubber_hand_collision/cem/full/E147_bucket004_20231003_1_012_p1_rubber_hull_outdir_full/trajectory_mjwp_act.npz	example_datasets/processed/core4d/unitree_g1/humanoid_object/dcv3_omnirt_v1_ref_fk_bucket004_20231003_1_012_p1/scene_act_E147_rubber_hull.xml	workspace/core4d/results/E143/contact_masks/bucket004_20231003_1_012_p1/raw_contact_mask_3cm.npz	example_datasets/processed/core4d/unitree_g1/humanoid_object/dcv3_omnirt_v1_ref_fk_bucket004_20231003_1_012_p1/0/trajectory_kinematic.npz	ok	ok	
14	E162_0014_E148_spiderrubberhand_box021_035_p1	E148	E147	spider-rubberhand	E148_spiderrubberhand	spider-rubberhand	d003_box021_20231011_035_p1	box021_035_p1	E148_box021_035_p1_rubber_hull	workspace/core4d/results/E147/rubber_hand_collision/cem/full/E147_d003_box021_20231011_035_p1_rubber_hull_outdir_full/trajectory_mjwp_act.npz	example_datasets/processed/core4d/unitree_g1/humanoid_object/d003_box021_20231011_035_p1_e107_clean/scene_act_E147_rubber_hull.xml	workspace/core4d/results/E147/rubber_hand_collision/cem/full/E147_d003_box021_20231011_035_p1_rubber_hull_full.mp4	workspace/core4d/results/E143/contact_masks/box021_035_p1/raw_contact_mask_3cm.npz	example_datasets/processed/core4d/unitree_g1/humanoid_object/d003_box021_20231011_035_p1_e107_clean/0/trajectory_kinematic.npz	0	rubber_hull	box021	box	review	E147_spider_rubberhand	E147	E147_d003_box021_20231011_035_p1_rubber_hull	workspace/core4d/results/E147/rubber_hand_collision/cem/full/E147_d003_box021_20231011_035_p1_rubber_hull_outdir_full/trajectory_mjwp_act.npz	example_datasets/processed/core4d/unitree_g1/humanoid_object/d003_box021_20231011_035_p1_e107_clean/scene_act_E147_rubber_hull.xml	workspace/core4d/results/E143/contact_masks/box021_035_p1/raw_contact_mask_3cm.npz	example_datasets/processed/core4d/unitree_g1/humanoid_object/d003_box021_20231011_035_p1_e107_clean/0/trajectory_kinematic.npz	ok	ok	
15	E162_0015_E148_spiderrubberhand_box021_035_p2	E148	E147	spider-rubberhand	E148_spiderrubberhand	spider-rubberhand	d003_box021_20231011_035_p2	box021_035_p2	E148_box021_035_p2_rubber_hull	workspace/core4d/results/E147/rubber_hand_collision/cem/full/E147_d003_box021_20231011_035_p2_rubber_hull_outdir_full/trajectory_mjwp_act.npz	example_datasets/processed/core4d/unitree_g1/humanoid_object/d003_box021_20231011_035_p2_e107_clean/scene_act_E147_rubber_hull.xml	workspace/core4d/results/E147/rubber_hand_collision/cem/full/E147_d003_box021_20231011_035_p2_rubber_hull_full.mp4	workspace/core4d/results/E143/contact_masks/box021_035_p2/raw_contact_mask_3cm.npz	example_datasets/processed/core4d/unitree_g1/humanoid_object/d003_box021_20231011_035_p2_e107_clean/0/trajectory_kinematic.npz	1	rubber_hull	box021	box	review	E147_spider_rubberhand	E147	E147_d003_box021_20231011_035_p2_rubber_hull	workspace/core4d/results/E147/rubber_hand_collision/cem/full/E147_d003_box021_20231011_035_p2_rubber_hull_outdir_full/trajectory_mjwp_act.npz	example_datasets/processed/core4d/unitree_g1/humanoid_object/d003_box021_20231011_035_p2_e107_clean/scene_act_E147_rubber_hull.xml	workspace/core4d/results/E143/contact_masks/box021_035_p2/raw_contact_mask_3cm.npz	example_datasets/processed/core4d/unitree_g1/humanoid_object/d003_box021_20231011_035_p2_e107_clean/0/trajectory_kinematic.npz	ok	ok	
16	E162_0016_E148_spiderrubberhand_box021_029_p2	E148	E148	spider-rubberhand	E148_spiderrubberhand	spider-rubberhand	d003_box021_20231018_029_p2	box021_029_p2	E148_box021_029_p2_rubber_hull	workspace/core4d/results/E148/e143_24case_rubber_hand_collision/cem/full/E148_box021_029_p2_rubber_hull_outdir_full/trajectory_mjwp_act.npz	example_datasets/processed/core4d/unitree_g1/humanoid_object/d003_box021_20231018_029_p2_e107_clean/scene_act_E148_rubber_hull.xml	workspace/core4d/results/E148/e143_24case_rubber_hand_collision/cem/full/E148_box021_029_p2_rubber_hull_full.mp4	workspace/core4d/results/E143/contact_masks/box021_029_p2/raw_contact_mask_3cm.npz	example_datasets/processed/core4d/unitree_g1/humanoid_object/d003_box021_20231018_029_p2_e107_clean/0/trajectory_kinematic.npz	1	rubber_hull	box021	box	review	E147_spider_rubberhand							missing_e147_case	ok	
17	E162_0017_E148_spiderrubberhand_box004_082_p1	E148	E147	spider-rubberhand	E148_spiderrubberhand	spider-rubberhand	e091_box004_20231003_2_082_p1	box004_082_p1	E148_box004_082_p1_rubber_hull	workspace/core4d/results/E147/rubber_hand_collision/cem/full/E147_e091_box004_20231003_2_082_p1_rubber_hull_outdir_full/trajectory_mjwp_act.npz	example_datasets/processed/core4d/unitree_g1/humanoid_object/e091_box004_20231003_2_082_p1_e096b_mask_cem/scene_act_E147_rubber_hull.xml	workspace/core4d/results/E147/rubber_hand_collision/cem/full/E147_e091_box004_20231003_2_082_p1_rubber_hull_full.mp4	workspace/core4d/results/E143/contact_masks/box004_082_p1/raw_contact_mask_3cm.npz	example_datasets/processed/core4d/unitree_g1/humanoid_object/e091_box004_20231003_2_082_p1_e096b_mask_cem/0/trajectory_kinematic.npz	0	rubber_hull	box004	box	review	E147_spider_rubberhand	E147	E147_e091_box004_20231003_2_082_p1_rubber_hull	workspace/core4d/results/E147/rubber_hand_collision/cem/full/E147_e091_box004_20231003_2_082_p1_rubber_hull_outdir_full/trajectory_mjwp_act.npz	example_datasets/processed/core4d/unitree_g1/humanoid_object/e091_box004_20231003_2_082_p1_e096b_mask_cem/scene_act_E147_rubber_hull.xml	workspace/core4d/results/E143/contact_masks/box004_082_p1/raw_contact_mask_3cm.npz	example_datasets/processed/core4d/unitree_g1/humanoid_object/e091_box004_20231003_2_082_p1_e096b_mask_cem/0/trajectory_kinematic.npz	ok	ok	
18	E162_0018_E148_spiderrubberhand_box004_083_p1	E148	E147	spider-rubberhand	E148_spiderrubberhand	spider-rubberhand	e091_box004_20231003_2_083_p1	box004_083_p1	E148_box004_083_p1_rubber_hull	workspace/core4d/results/E147/rubber_hand_collision/cem/full/E147_e091_box004_20231003_2_083_p1_rubber_hull_outdir_full/trajectory_mjwp_act.npz	example_datasets/processed/core4d/unitree_g1/humanoid_object/e091_box004_20231003_2_083_p1_e096b_mask_cem/scene_act_E147_rubber_hull.xml	workspace/core4d/results/E147/rubber_hand_collision/cem/full/E147_e091_box004_20231003_2_083_p1_rubber_hull_full.mp4	workspace/core4d/results/E143/contact_masks/box004_083_p1/raw_contact_mask_3cm.npz	example_datasets/processed/core4d/unitree_g1/humanoid_object/e091_box004_20231003_2_083_p1_e096b_mask_cem/0/trajectory_kinematic.npz	0	rubber_hull	box004	box	review	E147_spider_rubberhand	E147	E147_e091_box004_20231003_2_083_p1_rubber_hull	workspace/core4d/results/E147/rubber_hand_collision/cem/full/E147_e091_box004_20231003_2_083_p1_rubber_hull_outdir_full/trajectory_mjwp_act.npz	example_datasets/processed/core4d/unitree_g1/humanoid_object/e091_box004_20231003_2_083_p1_e096b_mask_cem/scene_act_E147_rubber_hull.xml	workspace/core4d/results/E143/contact_masks/box004_083_p1/raw_contact_mask_3cm.npz	example_datasets/processed/core4d/unitree_g1/humanoid_object/e091_box004_20231003_2_083_p1_e096b_mask_cem/0/trajectory_kinematic.npz	ok	ok	
19	E162_0019_E148_spiderrubberhand_box004_083_p2	E148	E148	spider-rubberhand	E148_spiderrubberhand	spider-rubberhand	e091_box004_20231003_2_083_p2	box004_083_p2	E148_box004_083_p2_rubber_hull	workspace/core4d/results/E148/e143_24case_rubber_hand_collision/cem/full/E148_box004_083_p2_rubber_hull_outdir_full/trajectory_mjwp_act.npz	example_datasets/processed/core4d/unitree_g1/humanoid_object/e091_box004_20231003_2_083_p2_e092_dyn/scene_act_E148_rubber_hull.xml	workspace/core4d/results/E148/e143_24case_rubber_hand_collision/cem/full/E148_box004_083_p2_rubber_hull_full.mp4	workspace/core4d/results/E143/contact_masks/box004_083_p2/raw_contact_mask_3cm.npz	example_datasets/processed/core4d/unitree_g1/humanoid_object/e091_box004_20231003_2_083_p2_e092_dyn/0/trajectory_kinematic.npz	1	rubber_hull	box004	box	review	E147_spider_rubberhand							missing_e147_case	ok	
20	E162_0020_E148_spiderrubberhand_box026_039_p1	E148	E148	spider-rubberhand	E148_spiderrubberhand	spider-rubberhand	e091_box026_20231018_039_p1	box026_039_p1	E148_box026_039_p1_rubber_hull	workspace/core4d/results/E148/e143_24case_rubber_hand_collision/cem/full/E148_box026_039_p1_rubber_hull_outdir_full/trajectory_mjwp_act.npz	example_datasets/processed/core4d/unitree_g1/humanoid_object/e091_box026_20231018_039_p1_e106_clean/scene_act_E148_rubber_hull.xml	workspace/core4d/results/E148/e143_24case_rubber_hand_collision/cem/full/E148_box026_039_p1_rubber_hull_full.mp4	workspace/core4d/results/E143/contact_masks/box026_039_p1/raw_contact_mask_3cm.npz	example_datasets/processed/core4d/unitree_g1/humanoid_object/e091_box026_20231018_039_p1_e106_clean/0/trajectory_kinematic.npz	0	rubber_hull	box026	box	review	E147_spider_rubberhand							missing_e147_case	ok	
21	E162_0021_E148_spiderrubberhand_box026_039_p2	E148	E148	spider-rubberhand	E148_spiderrubberhand	spider-rubberhand	e091_box026_20231018_039_p2	box026_039_p2	E148_box026_039_p2_rubber_hull	workspace/core4d/results/E148/e143_24case_rubber_hand_collision/cem/full/E148_box026_039_p2_rubber_hull_outdir_full/trajectory_mjwp_act.npz	example_datasets/processed/core4d/unitree_g1/humanoid_object/e091_box026_20231018_039_p2_e106_clean/scene_act_E148_rubber_hull.xml	workspace/core4d/results/E148/e143_24case_rubber_hand_collision/cem/full/E148_box026_039_p2_rubber_hull_full.mp4	workspace/core4d/results/E143/contact_masks/box026_039_p2/raw_contact_mask_3cm.npz	example_datasets/processed/core4d/unitree_g1/humanoid_object/e091_box026_20231018_039_p2_e106_clean/0/trajectory_kinematic.npz	1	rubber_hull	box026	box	review	E147_spider_rubberhand							missing_e147_case	ok	
22	E162_0022_E148_spiderrubberhand_box026_133_p1	E148	E148	spider-rubberhand	E148_spiderrubberhand	spider-rubberhand	e091_box026_20231020_133_p1	box026_133_p1	E148_box026_133_p1_rubber_hull	workspace/core4d/results/E148/e143_24case_rubber_hand_collision/cem/full/E148_box026_133_p1_rubber_hull_outdir_full/trajectory_mjwp_act.npz	example_datasets/processed/core4d/unitree_g1/humanoid_object/e091_box026_20231020_133_p1_e106_clean/scene_act_E148_rubber_hull.xml	workspace/core4d/results/E148/e143_24case_rubber_hand_collision/cem/full/E148_box026_133_p1_rubber_hull_full.mp4	workspace/core4d/results/E143/contact_masks/box026_133_p1/raw_contact_mask_3cm.npz	example_datasets/processed/core4d/unitree_g1/humanoid_object/e091_box026_20231020_133_p1_e106_clean/0/trajectory_kinematic.npz	0	rubber_hull	box026	box	review	E147_spider_rubberhand							missing_e147_case	ok	
23	E162_0023_E148_spiderrubberhand_box026_133_p2	E148	E148	spider-rubberhand	E148_spiderrubberhand	spider-rubberhand	e091_box026_20231020_133_p2	box026_133_p2	E148_box026_133_p2_rubber_hull	workspace/core4d/results/E148/e143_24case_rubber_hand_collision/cem/full/E148_box026_133_p2_rubber_hull_outdir_full/trajectory_mjwp_act.npz	example_datasets/processed/core4d/unitree_g1/humanoid_object/e091_box026_20231020_133_p2_e106_clean/scene_act_E148_rubber_hull.xml	workspace/core4d/results/E148/e143_24case_rubber_hand_collision/cem/full/E148_box026_133_p2_rubber_hull_full.mp4	workspace/core4d/results/E143/contact_masks/box026_133_p2/raw_contact_mask_3cm.npz	example_datasets/processed/core4d/unitree_g1/humanoid_object/e091_box026_20231020_133_p2_e106_clean/0/trajectory_kinematic.npz	1	rubber_hull	box026	box	review	E147_spider_rubberhand							missing_e147_case	ok	
24	E162_0024_E148_spiderrubberhand_box026_134_p1	E148	E147	spider-rubberhand	E148_spiderrubberhand	spider-rubberhand	e091_box026_20231020_134_p1	box026_134_p1	E148_box026_134_p1_rubber_hull	workspace/core4d/results/E147/rubber_hand_collision/cem/full/E147_e091_box026_20231020_134_p1_rubber_hull_outdir_full/trajectory_mjwp_act.npz	example_datasets/processed/core4d/unitree_g1/humanoid_object/e091_box026_20231020_134_p1_e106_clean/scene_act_E147_rubber_hull.xml	workspace/core4d/results/E147/rubber_hand_collision/cem/full/E147_e091_box026_20231020_134_p1_rubber_hull_full.mp4	workspace/core4d/results/E143/contact_masks/box026_134_p1/raw_contact_mask_3cm.npz	example_datasets/processed/core4d/unitree_g1/humanoid_object/e091_box026_20231020_134_p1_e106_clean/0/trajectory_kinematic.npz	0	rubber_hull	box026	box	review	E147_spider_rubberhand	E147	E147_e091_box026_20231020_134_p1_rubber_hull	workspace/core4d/results/E147/rubber_hand_collision/cem/full/E147_e091_box026_20231020_134_p1_rubber_hull_outdir_full/trajectory_mjwp_act.npz	example_datasets/processed/core4d/unitree_g1/humanoid_object/e091_box026_20231020_134_p1_e106_clean/scene_act_E147_rubber_hull.xml	workspace/core4d/results/E143/contact_masks/box026_134_p1/raw_contact_mask_3cm.npz	example_datasets/processed/core4d/unitree_g1/humanoid_object/e091_box026_20231020_134_p1_e106_clean/0/trajectory_kinematic.npz	ok	ok	
25	E162_0025_E148_spiderrubberhand_box026_134_p2	E148	E147	spider-rubberhand	E148_spiderrubberhand	spider-rubberhand	e091_box026_20231020_134_p2	box026_134_p2	E148_box026_134_p2_rubber_hull	workspace/core4d/results/E147/rubber_hand_collision/cem/full/E147_e091_box026_20231020_134_p2_rubber_hull_outdir_full/trajectory_mjwp_act.npz	example_datasets/processed/core4d/unitree_g1/humanoid_object/e091_box026_20231020_134_p2_e106_clean/scene_act_E147_rubber_hull.xml	workspace/core4d/results/E147/rubber_hand_collision/cem/full/E147_e091_box026_20231020_134_p2_rubber_hull_full.mp4	workspace/core4d/results/E143/contact_masks/box026_134_p2/raw_contact_mask_3cm.npz	example_datasets/processed/core4d/unitree_g1/humanoid_object/e091_box026_20231020_134_p2_e106_clean/0/trajectory_kinematic.npz	1	rubber_hull	box026	box	review	E147_spider_rubberhand	E147	E147_e091_box026_20231020_134_p2_rubber_hull	workspace/core4d/results/E147/rubber_hand_collision/cem/full/E147_e091_box026_20231020_134_p2_rubber_hull_outdir_full/trajectory_mjwp_act.npz	example_datasets/processed/core4d/unitree_g1/humanoid_object/e091_box026_20231020_134_p2_e106_clean/scene_act_E147_rubber_hull.xml	workspace/core4d/results/E143/contact_masks/box026_134_p2/raw_contact_mask_3cm.npz	example_datasets/processed/core4d/unitree_g1/humanoid_object/e091_box026_20231020_134_p2_e106_clean/0/trajectory_kinematic.npz	ok	ok	
26	E162_0026_E148_spiderrubberhand_box026_135_p1	E148	E148	spider-rubberhand	E148_spiderrubberhand	spider-rubberhand	e091_box026_20231020_135_p1	box026_135_p1	E148_box026_135_p1_rubber_hull	workspace/core4d/results/E148/e143_24case_rubber_hand_collision/cem/full/E148_box026_135_p1_rubber_hull_outdir_full/trajectory_mjwp_act.npz	example_datasets/processed/core4d/unitree_g1/humanoid_object/e091_box026_20231020_135_p1_e106_clean/scene_act_E148_rubber_hull.xml	workspace/core4d/results/E148/e143_24case_rubber_hand_collision/cem/full/E148_box026_135_p1_rubber_hull_full.mp4	workspace/core4d/results/E143/contact_masks/box026_135_p1/raw_contact_mask_3cm.npz	example_datasets/processed/core4d/unitree_g1/humanoid_object/e091_box026_20231020_135_p1_e106_clean/0/trajectory_kinematic.npz	0	rubber_hull	box026	box	review	E147_spider_rubberhand							missing_e147_case	ok	
27	E162_0027_E148_spiderrubberhand_box026_135_p2	E148	E148	spider-rubberhand	E148_spiderrubberhand	spider-rubberhand	e091_box026_20231020_135_p2	box026_135_p2	E148_box026_135_p2_rubber_hull	workspace/core4d/results/E148/e143_24case_rubber_hand_collision/cem/full/E148_box026_135_p2_rubber_hull_outdir_full/trajectory_mjwp_act.npz	example_datasets/processed/core4d/unitree_g1/humanoid_object/e091_box026_20231020_135_p2_e106_clean/scene_act_E148_rubber_hull.xml	workspace/core4d/results/E148/e143_24case_rubber_hand_collision/cem/full/E148_box026_135_p2_rubber_hull_full.mp4	workspace/core4d/results/E143/contact_masks/box026_135_p2/raw_contact_mask_3cm.npz	example_datasets/processed/core4d/unitree_g1/humanoid_object/e091_box026_20231020_135_p2_e106_clean/0/trajectory_kinematic.npz	1	rubber_hull	box026	box	review	E147_spider_rubberhand							missing_e147_case	ok	
28	E162_0028_E148_spiderrubberhand_box026_138_p2	E148	E148	spider-rubberhand	E148_spiderrubberhand	spider-rubberhand	e091_box026_20231020_138_p2	box026_138_p2	E148_box026_138_p2_rubber_hull	workspace/core4d/results/E148/e143_24case_rubber_hand_collision/cem/full/E148_box026_138_p2_rubber_hull_outdir_full/trajectory_mjwp_act.npz	example_datasets/processed/core4d/unitree_g1/humanoid_object/e091_box026_20231020_138_p2_e106_clean/scene_act_E148_rubber_hull.xml	workspace/core4d/results/E148/e143_24case_rubber_hand_collision/cem/full/E148_box026_138_p2_rubber_hull_full.mp4	workspace/core4d/results/E143/contact_masks/box026_138_p2/raw_contact_mask_3cm.npz	example_datasets/processed/core4d/unitree_g1/humanoid_object/e091_box026_20231020_138_p2_e106_clean/0/trajectory_kinematic.npz	1	rubber_hull	box026	box	review	E147_spider_rubberhand							missing_e147_case	ok	
29	E162_0029_E148_spiderrubberhand_box026_20231020_139_p2	E148	E148	spider-rubberhand	E148_spiderrubberhand	spider-rubberhand	e091_box026_20231020_139_p2	box026_20231020_139_p2	E148_box026_20231020_139_p2_rubber_hull	workspace/core4d/results/E148/e143_24case_rubber_hand_collision/cem/full/E148_box026_20231020_139_p2_rubber_hull_outdir_full/trajectory_mjwp_act.npz	example_datasets/processed/core4d/unitree_g1/humanoid_object/e091_box026_20231020_139_p2_e106_clean/scene_act_E148_rubber_hull.xml	workspace/core4d/results/E148/e143_24case_rubber_hand_collision/cem/full/E148_box026_20231020_139_p2_rubber_hull_full.mp4	workspace/core4d/results/E143/contact_masks/box026_20231020_139_p2/raw_contact_mask_3cm.npz	example_datasets/processed/core4d/unitree_g1/humanoid_object/e091_box026_20231020_139_p2_e106_clean/0/trajectory_kinematic.npz	1	rubber_hull	box026	box	review	E147_spider_rubberhand							missing_e147_case	ok	
30	E162_0030_E148_spiderrubberhand_box026_141_p1	E148	E148	spider-rubberhand	E148_spiderrubberhand	spider-rubberhand	e091_box026_20231020_141_p1	box026_141_p1	E148_box026_141_p1_rubber_hull	workspace/core4d/results/E148/e143_24case_rubber_hand_collision/cem/full/E148_box026_141_p1_rubber_hull_outdir_full/trajectory_mjwp_act.npz	example_datasets/processed/core4d/unitree_g1/humanoid_object/e091_box026_20231020_141_p1_e106_clean/scene_act_E148_rubber_hull.xml	workspace/core4d/results/E148/e143_24case_rubber_hand_collision/cem/full/E148_box026_141_p1_rubber_hull_full.mp4	workspace/core4d/results/E143/contact_masks/box026_141_p1/raw_contact_mask_3cm.npz	example_datasets/processed/core4d/unitree_g1/humanoid_object/e091_box026_20231020_141_p1_e106_clean/0/trajectory_kinematic.npz	0	rubber_hull	box026	box	review	E147_spider_rubberhand							missing_e147_case	ok	
31	E162_0031_E148_spiderrubberhand_box026_141_p2	E148	E148	spider-rubberhand	E148_spiderrubberhand	spider-rubberhand	e091_box026_20231020_141_p2	box026_141_p2	E148_box026_141_p2_rubber_hull	workspace/core4d/results/E148/e143_24case_rubber_hand_collision/cem/full/E148_box026_141_p2_rubber_hull_outdir_full/trajectory_mjwp_act.npz	example_datasets/processed/core4d/unitree_g1/humanoid_object/e091_box026_20231020_141_p2_e106_clean/scene_act_E148_rubber_hull.xml	workspace/core4d/results/E148/e143_24case_rubber_hand_collision/cem/full/E148_box026_141_p2_rubber_hull_full.mp4	workspace/core4d/results/E143/contact_masks/box026_141_p2/raw_contact_mask_3cm.npz	example_datasets/processed/core4d/unitree_g1/humanoid_object/e091_box026_20231020_141_p2_e106_clean/0/trajectory_kinematic.npz	1	rubber_hull	box026	box	review	E147_spider_rubberhand							missing_e147_case	ok	
32	E162_0032_E148_spiderrubberhand_box026_137_p1	E148	E148	spider-rubberhand	E148_spiderrubberhand	spider-rubberhand	e091_box026_20231023_137_p1	box026_137_p1	E148_box026_137_p1_rubber_hull	workspace/core4d/results/E148/e143_24case_rubber_hand_collision/cem/full/E148_box026_137_p1_rubber_hull_outdir_full/trajectory_mjwp_act.npz	example_datasets/processed/core4d/unitree_g1/humanoid_object/e091_box026_20231023_137_p1_e106_clean/scene_act_E148_rubber_hull.xml	workspace/core4d/results/E148/e143_24case_rubber_hand_collision/cem/full/E148_box026_137_p1_rubber_hull_full.mp4	workspace/core4d/results/E143/contact_masks/box026_137_p1/raw_contact_mask_3cm.npz	example_datasets/processed/core4d/unitree_g1/humanoid_object/e091_box026_20231023_137_p1_e106_clean/0/trajectory_kinematic.npz	0	rubber_hull	box026	box	review	E147_spider_rubberhand							missing_e147_case	ok	
33	E162_0033_E148_spiderrubberhand_box026_139_p1	E148	E148	spider-rubberhand	E148_spiderrubberhand	spider-rubberhand	e091_box026_20231023_139_p1	box026_139_p1	E148_box026_139_p1_rubber_hull	workspace/core4d/results/E148/e143_24case_rubber_hand_collision/cem/full/E148_box026_139_p1_rubber_hull_outdir_full/trajectory_mjwp_act.npz	example_datasets/processed/core4d/unitree_g1/humanoid_object/e091_box026_20231023_139_p1_e106_clean/scene_act_E148_rubber_hull.xml	workspace/core4d/results/E148/e143_24case_rubber_hand_collision/cem/full/E148_box026_139_p1_rubber_hull_full.mp4	workspace/core4d/results/E143/contact_masks/box026_139_p1/raw_contact_mask_3cm.npz	example_datasets/processed/core4d/unitree_g1/humanoid_object/e091_box026_20231023_139_p1_e106_clean/0/trajectory_kinematic.npz	0	rubber_hull	box026	box	review	E147_spider_rubberhand							missing_e147_case	ok	
34	E162_0034_E148_spiderrubberhand_box026_20231023_139_p2	E148	E148	spider-rubberhand	E148_spiderrubberhand	spider-rubberhand	e091_box026_20231023_139_p2	box026_20231023_139_p2	E148_box026_20231023_139_p2_rubber_hull	workspace/core4d/results/E148/e143_24case_rubber_hand_collision/cem/full/E148_box026_20231023_139_p2_rubber_hull_outdir_full/trajectory_mjwp_act.npz	example_datasets/processed/core4d/unitree_g1/humanoid_object/e091_box026_20231023_139_p2_e106_clean/scene_act_E148_rubber_hull.xml	workspace/core4d/results/E148/e143_24case_rubber_hand_collision/cem/full/E148_box026_20231023_139_p2_rubber_hull_full.mp4	workspace/core4d/results/E143/contact_masks/box026_20231023_139_p2/raw_contact_mask_3cm.npz	example_datasets/processed/core4d/unitree_g1/humanoid_object/e091_box026_20231023_139_p2_e106_clean/0/trajectory_kinematic.npz	1	rubber_hull	box026	box	review	E147_spider_rubberhand							missing_e147_case	ok	
35	E162_0035_E150_off05_box021_035_p2	E150	E147	off05	E150_off05	off05	d003_box021_20231011_035_p2	box021_035_p2	E150_box021_035_p2_off05	workspace/core4d/results/E147/rubber_hand_collision/cem/full/E147_d003_box021_20231011_035_p2_rubber_hull_outdir_full/trajectory_mjwp_act.npz	example_datasets/processed/core4d/unitree_g1/humanoid_object/d003_box021_20231011_035_p2_e107_clean/scene_act_E147_rubber_hull.xml	workspace/core4d/results/E147/rubber_hand_collision/cem/full/E147_d003_box021_20231011_035_p2_rubber_hull_full.mp4	workspace/core4d/results/E143/contact_masks/box021_035_p2/raw_contact_mask_3cm.npz	example_datasets/processed/core4d/unitree_g1/humanoid_object/d003_box021_20231011_035_p2_e107_clean/0/trajectory_kinematic.npz	1	rubber_hull	box021	box	review	E147_spider_rubberhand	E147	E147_d003_box021_20231011_035_p2_rubber_hull	workspace/core4d/results/E147/rubber_hand_collision/cem/full/E147_d003_box021_20231011_035_p2_rubber_hull_outdir_full/trajectory_mjwp_act.npz	example_datasets/processed/core4d/unitree_g1/humanoid_object/d003_box021_20231011_035_p2_e107_clean/scene_act_E147_rubber_hull.xml	workspace/core4d/results/E143/contact_masks/box021_035_p2/raw_contact_mask_3cm.npz	example_datasets/processed/core4d/unitree_g1/humanoid_object/d003_box021_20231011_035_p2_e107_clean/0/trajectory_kinematic.npz	ok	ok	
36	E162_0036_E150_off08_box021_035_p2	E150	E150	off08	E150_off08	off08	d003_box021_20231011_035_p2	box021_035_p2	E150_box021_035_p2_off08	workspace/core4d/results/E150/contact_anchor_eef_offset_sweep/cem/full/E150_box021_035_p2_off08_outdir_full/trajectory_mjwp_act.npz	example_datasets/processed/core4d/unitree_g1/humanoid_object/d003_box021_20231011_035_p2_e107_clean/scene_act_E147_rubber_hull.xml	workspace/core4d/results/E150/contact_anchor_eef_offset_sweep/cem/full/E150_box021_035_p2_off08_full.mp4	workspace/core4d/results/E143/contact_masks/box021_035_p2/raw_contact_mask_3cm.npz	example_datasets/processed/core4d/unitree_g1/humanoid_object/d003_box021_20231011_035_p2_e107_clean/0/trajectory_kinematic.npz	1	rubber_hull	box021	box	review	E147_spider_rubberhand	E147	E147_d003_box021_20231011_035_p2_rubber_hull	workspace/core4d/results/E147/rubber_hand_collision/cem/full/E147_d003_box021_20231011_035_p2_rubber_hull_outdir_full/trajectory_mjwp_act.npz	example_datasets/processed/core4d/unitree_g1/humanoid_object/d003_box021_20231011_035_p2_e107_clean/scene_act_E147_rubber_hull.xml	workspace/core4d/results/E143/contact_masks/box021_035_p2/raw_contact_mask_3cm.npz	example_datasets/processed/core4d/unitree_g1/humanoid_object/d003_box021_20231011_035_p2_e107_clean/0/trajectory_kinematic.npz	ok	ok	
37	E162_0037_E150_off11_box021_035_p2	E150	E150	off11	E150_off11	off11	d003_box021_20231011_035_p2	box021_035_p2	E150_box021_035_p2_off11	workspace/core4d/results/E150/contact_anchor_eef_offset_sweep/cem/full/E150_box021_035_p2_off11_outdir_full/trajectory_mjwp_act.npz	example_datasets/processed/core4d/unitree_g1/humanoid_object/d003_box021_20231011_035_p2_e107_clean/scene_act_E147_rubber_hull.xml	workspace/core4d/results/E150/contact_anchor_eef_offset_sweep/cem/full/E150_box021_035_p2_off11_full.mp4	workspace/core4d/results/E143/contact_masks/box021_035_p2/raw_contact_mask_3cm.npz	example_datasets/processed/core4d/unitree_g1/humanoid_object/d003_box021_20231011_035_p2_e107_clean/0/trajectory_kinematic.npz	1	rubber_hull	box021	box	review	E147_spider_rubberhand	E147	E147_d003_box021_20231011_035_p2_rubber_hull	workspace/core4d/results/E147/rubber_hand_collision/cem/full/E147_d003_box021_20231011_035_p2_rubber_hull_outdir_full/trajectory_mjwp_act.npz	example_datasets/processed/core4d/unitree_g1/humanoid_object/d003_box021_20231011_035_p2_e107_clean/scene_act_E147_rubber_hull.xml	workspace/core4d/results/E143/contact_masks/box021_035_p2/raw_contact_mask_3cm.npz	example_datasets/processed/core4d/unitree_g1/humanoid_object/d003_box021_20231011_035_p2_e107_clean/0/trajectory_kinematic.npz	ok	ok	
38	E162_0038_E150_off05_box023_person2	E150	E147	off05	E150_off05	off05	box023_person2	box023_person2	E150_box023_person2_off05	workspace/core4d/results/E147/rubber_hand_collision/cem/full/E147_box023_person2_rubber_hull_outdir_full/trajectory_mjwp_act.npz	example_datasets/processed/core4d/unitree_g1/humanoid_object/box023_person2_legobj/scene_act_E147_rubber_hull.xml	workspace/core4d/results/E147/rubber_hand_collision/cem/full/E147_box023_person2_rubber_hull_full.mp4	workspace/core4d/results/E143/contact_masks/box023_person2/raw_contact_mask_3cm.npz	example_datasets/processed/core4d/unitree_g1/humanoid_object/box023_person2_legobj/0/trajectory_kinematic.npz	1	rubber_hull	box023	box	review	E147_spider_rubberhand	E147	E147_box023_person2_rubber_hull	workspace/core4d/results/E147/rubber_hand_collision/cem/full/E147_box023_person2_rubber_hull_outdir_full/trajectory_mjwp_act.npz	example_datasets/processed/core4d/unitree_g1/humanoid_object/box023_person2_legobj/scene_act_E147_rubber_hull.xml	workspace/core4d/results/E143/contact_masks/box023_person2/raw_contact_mask_3cm.npz	example_datasets/processed/core4d/unitree_g1/humanoid_object/box023_person2_legobj/0/trajectory_kinematic.npz	ok	ok	
39	E162_0039_E150_off08_box023_person2	E150	E150	off08	E150_off08	off08	box023_person2	box023_person2	E150_box023_person2_off08	workspace/core4d/results/E150/contact_anchor_eef_offset_sweep/cem/full/E150_box023_person2_off08_outdir_full/trajectory_mjwp_act.npz	example_datasets/processed/core4d/unitree_g1/humanoid_object/box023_person2_legobj/scene_act_E147_rubber_hull.xml	workspace/core4d/results/E150/contact_anchor_eef_offset_sweep/cem/full/E150_box023_person2_off08_full.mp4	workspace/core4d/results/E143/contact_masks/box023_person2/raw_contact_mask_3cm.npz	example_datasets/processed/core4d/unitree_g1/humanoid_object/box023_person2_legobj/0/trajectory_kinematic.npz	1	rubber_hull	box023	box	review	E147_spider_rubberhand	E147	E147_box023_person2_rubber_hull	workspace/core4d/results/E147/rubber_hand_collision/cem/full/E147_box023_person2_rubber_hull_outdir_full/trajectory_mjwp_act.npz	example_datasets/processed/core4d/unitree_g1/humanoid_object/box023_person2_legobj/scene_act_E147_rubber_hull.xml	workspace/core4d/results/E143/contact_masks/box023_person2/raw_contact_mask_3cm.npz	example_datasets/processed/core4d/unitree_g1/humanoid_object/box023_person2_legobj/0/trajectory_kinematic.npz	ok	ok	
40	E162_0040_E150_off11_box023_person2	E150	E150	off11	E150_off11	off11	box023_person2	box023_person2	E150_box023_person2_off11	workspace/core4d/results/E150/contact_anchor_eef_offset_sweep/cem/full/E150_box023_person2_off11_outdir_full/trajectory_mjwp_act.npz	example_datasets/processed/core4d/unitree_g1/humanoid_object/box023_person2_legobj/scene_act_E147_rubber_hull.xml	workspace/core4d/results/E150/contact_anchor_eef_offset_sweep/cem/full/E150_box023_person2_off11_full.mp4	workspace/core4d/results/E143/contact_masks/box023_person2/raw_contact_mask_3cm.npz	example_datasets/processed/core4d/unitree_g1/humanoid_object/box023_person2_legobj/0/trajectory_kinematic.npz	1	rubber_hull	box023	box	review	E147_spider_rubberhand	E147	E147_box023_person2_rubber_hull	workspace/core4d/results/E147/rubber_hand_collision/cem/full/E147_box023_person2_rubber_hull_outdir_full/trajectory_mjwp_act.npz	example_datasets/processed/core4d/unitree_g1/humanoid_object/box023_person2_legobj/scene_act_E147_rubber_hull.xml	workspace/core4d/results/E143/contact_masks/box023_person2/raw_contact_mask_3cm.npz	example_datasets/processed/core4d/unitree_g1/humanoid_object/box023_person2_legobj/0/trajectory_kinematic.npz	ok	ok	
41	E162_0041_E150_off05_box021_029_p2	E150	E148	off05	E150_off05	off05	d003_box021_20231018_029_p2	box021_029_p2	E150_box021_029_p2_off05	workspace/core4d/results/E148/e143_24case_rubber_hand_collision/cem/full/E148_box021_029_p2_rubber_hull_outdir_full/trajectory_mjwp_act.npz	example_datasets/processed/core4d/unitree_g1/humanoid_object/d003_box021_20231018_029_p2_e107_clean/scene_act_E148_rubber_hull.xml	workspace/core4d/results/E148/e143_24case_rubber_hand_collision/cem/full/E148_box021_029_p2_rubber_hull_full.mp4	workspace/core4d/results/E143/contact_masks/box021_029_p2/raw_contact_mask_3cm.npz	example_datasets/processed/core4d/unitree_g1/humanoid_object/d003_box021_20231018_029_p2_e107_clean/0/trajectory_kinematic.npz	1	rubber_hull	box021	box	review	E147_spider_rubberhand							missing_e147_case	ok	
42	E162_0042_E150_off08_box021_029_p2	E150	E150	off08	E150_off08	off08	d003_box021_20231018_029_p2	box021_029_p2	E150_box021_029_p2_off08	workspace/core4d/results/E150/contact_anchor_eef_offset_sweep/cem/full/E150_box021_029_p2_off08_outdir_full/trajectory_mjwp_act.npz	example_datasets/processed/core4d/unitree_g1/humanoid_object/d003_box021_20231018_029_p2_e107_clean/scene_act_E148_rubber_hull.xml	workspace/core4d/results/E150/contact_anchor_eef_offset_sweep/cem/full/E150_box021_029_p2_off08_full.mp4	workspace/core4d/results/E143/contact_masks/box021_029_p2/raw_contact_mask_3cm.npz	example_datasets/processed/core4d/unitree_g1/humanoid_object/d003_box021_20231018_029_p2_e107_clean/0/trajectory_kinematic.npz	1	rubber_hull	box021	box	review	E147_spider_rubberhand							missing_e147_case	ok	
43	E162_0043_E150_off11_box021_029_p2	E150	E150	off11	E150_off11	off11	d003_box021_20231018_029_p2	box021_029_p2	E150_box021_029_p2_off11	workspace/core4d/results/E150/contact_anchor_eef_offset_sweep/cem/full/E150_box021_029_p2_off11_outdir_full/trajectory_mjwp_act.npz	example_datasets/processed/core4d/unitree_g1/humanoid_object/d003_box021_20231018_029_p2_e107_clean/scene_act_E148_rubber_hull.xml	workspace/core4d/results/E150/contact_anchor_eef_offset_sweep/cem/full/E150_box021_029_p2_off11_full.mp4	workspace/core4d/results/E143/contact_masks/box021_029_p2/raw_contact_mask_3cm.npz	example_datasets/processed/core4d/unitree_g1/humanoid_object/d003_box021_20231018_029_p2_e107_clean/0/trajectory_kinematic.npz	1	rubber_hull	box021	box	review	E147_spider_rubberhand							missing_e147_case	ok	
44	E162_0044_E150_off05_box004_082_p1	E150	E147	off05	E150_off05	off05	e091_box004_20231003_2_082_p1	box004_082_p1	E150_box004_082_p1_off05	workspace/core4d/results/E147/rubber_hand_collision/cem/full/E147_e091_box004_20231003_2_082_p1_rubber_hull_outdir_full/trajectory_mjwp_act.npz	example_datasets/processed/core4d/unitree_g1/humanoid_object/e091_box004_20231003_2_082_p1_e096b_mask_cem/scene_act_E147_rubber_hull.xml	workspace/core4d/results/E147/rubber_hand_collision/cem/full/E147_e091_box004_20231003_2_082_p1_rubber_hull_full.mp4	workspace/core4d/results/E143/contact_masks/box004_082_p1/raw_contact_mask_3cm.npz	example_datasets/processed/core4d/unitree_g1/humanoid_object/e091_box004_20231003_2_082_p1_e096b_mask_cem/0/trajectory_kinematic.npz	0	rubber_hull	box004	box	review	E147_spider_rubberhand	E147	E147_e091_box004_20231003_2_082_p1_rubber_hull	workspace/core4d/results/E147/rubber_hand_collision/cem/full/E147_e091_box004_20231003_2_082_p1_rubber_hull_outdir_full/trajectory_mjwp_act.npz	example_datasets/processed/core4d/unitree_g1/humanoid_object/e091_box004_20231003_2_082_p1_e096b_mask_cem/scene_act_E147_rubber_hull.xml	workspace/core4d/results/E143/contact_masks/box004_082_p1/raw_contact_mask_3cm.npz	example_datasets/processed/core4d/unitree_g1/humanoid_object/e091_box004_20231003_2_082_p1_e096b_mask_cem/0/trajectory_kinematic.npz	ok	ok	
45	E162_0045_E150_off08_box004_082_p1	E150	E150	off08	E150_off08	off08	e091_box004_20231003_2_082_p1	box004_082_p1	E150_box004_082_p1_off08	workspace/core4d/results/E150/contact_anchor_eef_offset_sweep/cem/full/E150_box004_082_p1_off08_outdir_full/trajectory_mjwp_act.npz	example_datasets/processed/core4d/unitree_g1/humanoid_object/e091_box004_20231003_2_082_p1_e096b_mask_cem/scene_act_E147_rubber_hull.xml	workspace/core4d/results/E150/contact_anchor_eef_offset_sweep/cem/full/E150_box004_082_p1_off08_full.mp4	workspace/core4d/results/E143/contact_masks/box004_082_p1/raw_contact_mask_3cm.npz	example_datasets/processed/core4d/unitree_g1/humanoid_object/e091_box004_20231003_2_082_p1_e096b_mask_cem/0/trajectory_kinematic.npz	0	rubber_hull	box004	box	review	E147_spider_rubberhand	E147	E147_e091_box004_20231003_2_082_p1_rubber_hull	workspace/core4d/results/E147/rubber_hand_collision/cem/full/E147_e091_box004_20231003_2_082_p1_rubber_hull_outdir_full/trajectory_mjwp_act.npz	example_datasets/processed/core4d/unitree_g1/humanoid_object/e091_box004_20231003_2_082_p1_e096b_mask_cem/scene_act_E147_rubber_hull.xml	workspace/core4d/results/E143/contact_masks/box004_082_p1/raw_contact_mask_3cm.npz	example_datasets/processed/core4d/unitree_g1/humanoid_object/e091_box004_20231003_2_082_p1_e096b_mask_cem/0/trajectory_kinematic.npz	ok	ok	
46	E162_0046_E150_off11_box004_082_p1	E150	E150	off11	E150_off11	off11	e091_box004_20231003_2_082_p1	box004_082_p1	E150_box004_082_p1_off11	workspace/core4d/results/E150/contact_anchor_eef_offset_sweep/cem/full/E150_box004_082_p1_off11_outdir_full/trajectory_mjwp_act.npz	example_datasets/processed/core4d/unitree_g1/humanoid_object/e091_box004_20231003_2_082_p1_e096b_mask_cem/scene_act_E147_rubber_hull.xml	workspace/core4d/results/E150/contact_anchor_eef_offset_sweep/cem/full/E150_box004_082_p1_off11_full.mp4	workspace/core4d/results/E143/contact_masks/box004_082_p1/raw_contact_mask_3cm.npz	example_datasets/processed/core4d/unitree_g1/humanoid_object/e091_box004_20231003_2_082_p1_e096b_mask_cem/0/trajectory_kinematic.npz	0	rubber_hull	box004	box	review	E147_spider_rubberhand	E147	E147_e091_box004_20231003_2_082_p1_rubber_hull	workspace/core4d/results/E147/rubber_hand_collision/cem/full/E147_e091_box004_20231003_2_082_p1_rubber_hull_outdir_full/trajectory_mjwp_act.npz	example_datasets/processed/core4d/unitree_g1/humanoid_object/e091_box004_20231003_2_082_p1_e096b_mask_cem/scene_act_E147_rubber_hull.xml	workspace/core4d/results/E143/contact_masks/box004_082_p1/raw_contact_mask_3cm.npz	example_datasets/processed/core4d/unitree_g1/humanoid_object/e091_box004_20231003_2_082_p1_e096b_mask_cem/0/trajectory_kinematic.npz	ok	ok	
47	E162_0047_E150_off05_box004_083_p2	E150	E148	off05	E150_off05	off05	e091_box004_20231003_2_083_p2	box004_083_p2	E150_box004_083_p2_off05	workspace/core4d/results/E148/e143_24case_rubber_hand_collision/cem/full/E148_box004_083_p2_rubber_hull_outdir_full/trajectory_mjwp_act.npz	example_datasets/processed/core4d/unitree_g1/humanoid_object/e091_box004_20231003_2_083_p2_e092_dyn/scene_act_E148_rubber_hull.xml	workspace/core4d/results/E148/e143_24case_rubber_hand_collision/cem/full/E148_box004_083_p2_rubber_hull_full.mp4	workspace/core4d/results/E143/contact_masks/box004_083_p2/raw_contact_mask_3cm.npz	example_datasets/processed/core4d/unitree_g1/humanoid_object/e091_box004_20231003_2_083_p2_e092_dyn/0/trajectory_kinematic.npz	1	rubber_hull	box004	box	review	E147_spider_rubberhand							missing_e147_case	ok	
48	E162_0048_E150_off08_box004_083_p2	E150	E150	off08	E150_off08	off08	e091_box004_20231003_2_083_p2	box004_083_p2	E150_box004_083_p2_off08	workspace/core4d/results/E150/contact_anchor_eef_offset_sweep/cem/full/E150_box004_083_p2_off08_outdir_full/trajectory_mjwp_act.npz	example_datasets/processed/core4d/unitree_g1/humanoid_object/e091_box004_20231003_2_083_p2_e092_dyn/scene_act_E148_rubber_hull.xml	workspace/core4d/results/E150/contact_anchor_eef_offset_sweep/cem/full/E150_box004_083_p2_off08_full.mp4	workspace/core4d/results/E143/contact_masks/box004_083_p2/raw_contact_mask_3cm.npz	example_datasets/processed/core4d/unitree_g1/humanoid_object/e091_box004_20231003_2_083_p2_e092_dyn/0/trajectory_kinematic.npz	1	rubber_hull	box004	box	review	E147_spider_rubberhand							missing_e147_case	ok	
49	E162_0049_E150_off11_box004_083_p2	E150	E150	off11	E150_off11	off11	e091_box004_20231003_2_083_p2	box004_083_p2	E150_box004_083_p2_off11	workspace/core4d/results/E150/contact_anchor_eef_offset_sweep/cem/full/E150_box004_083_p2_off11_outdir_full/trajectory_mjwp_act.npz	example_datasets/processed/core4d/unitree_g1/humanoid_object/e091_box004_20231003_2_083_p2_e092_dyn/scene_act_E148_rubber_hull.xml	workspace/core4d/results/E150/contact_anchor_eef_offset_sweep/cem/full/E150_box004_083_p2_off11_full.mp4	workspace/core4d/results/E143/contact_masks/box004_083_p2/raw_contact_mask_3cm.npz	example_datasets/processed/core4d/unitree_g1/humanoid_object/e091_box004_20231003_2_083_p2_e092_dyn/0/trajectory_kinematic.npz	1	rubber_hull	box004	box	review	E147_spider_rubberhand							missing_e147_case	ok	
50	E162_0050_E150_off05_box021_035_p1	E150	E147	off05	E150_off05	off05	d003_box021_20231011_035_p1	box021_035_p1	E150_box021_035_p1_off05	workspace/core4d/results/E147/rubber_hand_collision/cem/full/E147_d003_box021_20231011_035_p1_rubber_hull_outdir_full/trajectory_mjwp_act.npz	example_datasets/processed/core4d/unitree_g1/humanoid_object/d003_box021_20231011_035_p1_e107_clean/scene_act_E147_rubber_hull.xml	workspace/core4d/results/E147/rubber_hand_collision/cem/full/E147_d003_box021_20231011_035_p1_rubber_hull_full.mp4	workspace/core4d/results/E143/contact_masks/box021_035_p1/raw_contact_mask_3cm.npz	example_datasets/processed/core4d/unitree_g1/humanoid_object/d003_box021_20231011_035_p1_e107_clean/0/trajectory_kinematic.npz	0	rubber_hull	box021	box	review	E147_spider_rubberhand	E147	E147_d003_box021_20231011_035_p1_rubber_hull	workspace/core4d/results/E147/rubber_hand_collision/cem/full/E147_d003_box021_20231011_035_p1_rubber_hull_outdir_full/trajectory_mjwp_act.npz	example_datasets/processed/core4d/unitree_g1/humanoid_object/d003_box021_20231011_035_p1_e107_clean/scene_act_E147_rubber_hull.xml	workspace/core4d/results/E143/contact_masks/box021_035_p1/raw_contact_mask_3cm.npz	example_datasets/processed/core4d/unitree_g1/humanoid_object/d003_box021_20231011_035_p1_e107_clean/0/trajectory_kinematic.npz	ok	ok	
51	E162_0051_E150_off08_box021_035_p1	E150	E150	off08	E150_off08	off08	d003_box021_20231011_035_p1	box021_035_p1	E150_box021_035_p1_off08	workspace/core4d/results/E150/contact_anchor_eef_offset_sweep/cem/full/E150_box021_035_p1_off08_outdir_full/trajectory_mjwp_act.npz	example_datasets/processed/core4d/unitree_g1/humanoid_object/d003_box021_20231011_035_p1_e107_clean/scene_act_E147_rubber_hull.xml	workspace/core4d/results/E150/contact_anchor_eef_offset_sweep/cem/full/E150_box021_035_p1_off08_full.mp4	workspace/core4d/results/E143/contact_masks/box021_035_p1/raw_contact_mask_3cm.npz	example_datasets/processed/core4d/unitree_g1/humanoid_object/d003_box021_20231011_035_p1_e107_clean/0/trajectory_kinematic.npz	0	rubber_hull	box021	box	review	E147_spider_rubberhand	E147	E147_d003_box021_20231011_035_p1_rubber_hull	workspace/core4d/results/E147/rubber_hand_collision/cem/full/E147_d003_box021_20231011_035_p1_rubber_hull_outdir_full/trajectory_mjwp_act.npz	example_datasets/processed/core4d/unitree_g1/humanoid_object/d003_box021_20231011_035_p1_e107_clean/scene_act_E147_rubber_hull.xml	workspace/core4d/results/E143/contact_masks/box021_035_p1/raw_contact_mask_3cm.npz	example_datasets/processed/core4d/unitree_g1/humanoid_object/d003_box021_20231011_035_p1_e107_clean/0/trajectory_kinematic.npz	ok	ok	
52	E162_0052_E150_off11_box021_035_p1	E150	E150	off11	E150_off11	off11	d003_box021_20231011_035_p1	box021_035_p1	E150_box021_035_p1_off11	workspace/core4d/results/E150/contact_anchor_eef_offset_sweep/cem/full/E150_box021_035_p1_off11_outdir_full/trajectory_mjwp_act.npz	example_datasets/processed/core4d/unitree_g1/humanoid_object/d003_box021_20231011_035_p1_e107_clean/scene_act_E147_rubber_hull.xml	workspace/core4d/results/E150/contact_anchor_eef_offset_sweep/cem/full/E150_box021_035_p1_off11_full.mp4	workspace/core4d/results/E143/contact_masks/box021_035_p1/raw_contact_mask_3cm.npz	example_datasets/processed/core4d/unitree_g1/humanoid_object/d003_box021_20231011_035_p1_e107_clean/0/trajectory_kinematic.npz	0	rubber_hull	box021	box	review	E147_spider_rubberhand	E147	E147_d003_box021_20231011_035_p1_rubber_hull	workspace/core4d/results/E147/rubber_hand_collision/cem/full/E147_d003_box021_20231011_035_p1_rubber_hull_outdir_full/trajectory_mjwp_act.npz	example_datasets/processed/core4d/unitree_g1/humanoid_object/d003_box021_20231011_035_p1_e107_clean/scene_act_E147_rubber_hull.xml	workspace/core4d/results/E143/contact_masks/box021_035_p1/raw_contact_mask_3cm.npz	example_datasets/processed/core4d/unitree_g1/humanoid_object/d003_box021_20231011_035_p1_e107_clean/0/trajectory_kinematic.npz	ok	ok	
53	E162_0053_E150_off05_box026_139_p1	E150	E148	off05	E150_off05	off05	e091_box026_20231023_139_p1	box026_139_p1	E150_box026_139_p1_off05	workspace/core4d/results/E148/e143_24case_rubber_hand_collision/cem/full/E148_box026_139_p1_rubber_hull_outdir_full/trajectory_mjwp_act.npz	example_datasets/processed/core4d/unitree_g1/humanoid_object/e091_box026_20231023_139_p1_e106_clean/scene_act_E148_rubber_hull.xml	workspace/core4d/results/E148/e143_24case_rubber_hand_collision/cem/full/E148_box026_139_p1_rubber_hull_full.mp4	workspace/core4d/results/E143/contact_masks/box026_139_p1/raw_contact_mask_3cm.npz	example_datasets/processed/core4d/unitree_g1/humanoid_object/e091_box026_20231023_139_p1_e106_clean/0/trajectory_kinematic.npz	0	rubber_hull	box026	box	review	E147_spider_rubberhand							missing_e147_case	ok	
54	E162_0054_E150_off08_box026_139_p1	E150	E150	off08	E150_off08	off08	e091_box026_20231023_139_p1	box026_139_p1	E150_box026_139_p1_off08	workspace/core4d/results/E150/contact_anchor_eef_offset_sweep/cem/full/E150_box026_139_p1_off08_outdir_full/trajectory_mjwp_act.npz	example_datasets/processed/core4d/unitree_g1/humanoid_object/e091_box026_20231023_139_p1_e106_clean/scene_act_E148_rubber_hull.xml	workspace/core4d/results/E150/contact_anchor_eef_offset_sweep/cem/full/E150_box026_139_p1_off08_full.mp4	workspace/core4d/results/E143/contact_masks/box026_139_p1/raw_contact_mask_3cm.npz	example_datasets/processed/core4d/unitree_g1/humanoid_object/e091_box026_20231023_139_p1_e106_clean/0/trajectory_kinematic.npz	0	rubber_hull	box026	box	review	E147_spider_rubberhand							missing_e147_case	ok	
55	E162_0055_E150_off11_box026_139_p1	E150	E150	off11	E150_off11	off11	e091_box026_20231023_139_p1	box026_139_p1	E150_box026_139_p1_off11	workspace/core4d/results/E150/contact_anchor_eef_offset_sweep/cem/full/E150_box026_139_p1_off11_outdir_full/trajectory_mjwp_act.npz	example_datasets/processed/core4d/unitree_g1/humanoid_object/e091_box026_20231023_139_p1_e106_clean/scene_act_E148_rubber_hull.xml	workspace/core4d/results/E150/contact_anchor_eef_offset_sweep/cem/full/E150_box026_139_p1_off11_full.mp4	workspace/core4d/results/E143/contact_masks/box026_139_p1/raw_contact_mask_3cm.npz	example_datasets/processed/core4d/unitree_g1/humanoid_object/e091_box026_20231023_139_p1_e106_clean/0/trajectory_kinematic.npz	0	rubber_hull	box026	box	review	E147_spider_rubberhand							missing_e147_case	ok	
56	E162_0056_E150_off05_box004_083_p1	E150	E147	off05	E150_off05	off05	e091_box004_20231003_2_083_p1	box004_083_p1	E150_box004_083_p1_off05	workspace/core4d/results/E147/rubber_hand_collision/cem/full/E147_e091_box004_20231003_2_083_p1_rubber_hull_outdir_full/trajectory_mjwp_act.npz	example_datasets/processed/core4d/unitree_g1/humanoid_object/e091_box004_20231003_2_083_p1_e096b_mask_cem/scene_act_E147_rubber_hull.xml	workspace/core4d/results/E147/rubber_hand_collision/cem/full/E147_e091_box004_20231003_2_083_p1_rubber_hull_full.mp4	workspace/core4d/results/E143/contact_masks/box004_083_p1/raw_contact_mask_3cm.npz	example_datasets/processed/core4d/unitree_g1/humanoid_object/e091_box004_20231003_2_083_p1_e096b_mask_cem/0/trajectory_kinematic.npz	0	rubber_hull	box004	box	review	E147_spider_rubberhand	E147	E147_e091_box004_20231003_2_083_p1_rubber_hull	workspace/core4d/results/E147/rubber_hand_collision/cem/full/E147_e091_box004_20231003_2_083_p1_rubber_hull_outdir_full/trajectory_mjwp_act.npz	example_datasets/processed/core4d/unitree_g1/humanoid_object/e091_box004_20231003_2_083_p1_e096b_mask_cem/scene_act_E147_rubber_hull.xml	workspace/core4d/results/E143/contact_masks/box004_083_p1/raw_contact_mask_3cm.npz	example_datasets/processed/core4d/unitree_g1/humanoid_object/e091_box004_20231003_2_083_p1_e096b_mask_cem/0/trajectory_kinematic.npz	ok	ok	
57	E162_0057_E150_off08_box004_083_p1	E150	E150	off08	E150_off08	off08	e091_box004_20231003_2_083_p1	box004_083_p1	E150_box004_083_p1_off08	workspace/core4d/results/E150/contact_anchor_eef_offset_sweep/cem/full/E150_box004_083_p1_off08_outdir_full/trajectory_mjwp_act.npz	example_datasets/processed/core4d/unitree_g1/humanoid_object/e091_box004_20231003_2_083_p1_e096b_mask_cem/scene_act_E147_rubber_hull.xml	workspace/core4d/results/E150/contact_anchor_eef_offset_sweep/cem/full/E150_box004_083_p1_off08_full.mp4	workspace/core4d/results/E143/contact_masks/box004_083_p1/raw_contact_mask_3cm.npz	example_datasets/processed/core4d/unitree_g1/humanoid_object/e091_box004_20231003_2_083_p1_e096b_mask_cem/0/trajectory_kinematic.npz	0	rubber_hull	box004	box	review	E147_spider_rubberhand	E147	E147_e091_box004_20231003_2_083_p1_rubber_hull	workspace/core4d/results/E147/rubber_hand_collision/cem/full/E147_e091_box004_20231003_2_083_p1_rubber_hull_outdir_full/trajectory_mjwp_act.npz	example_datasets/processed/core4d/unitree_g1/humanoid_object/e091_box004_20231003_2_083_p1_e096b_mask_cem/scene_act_E147_rubber_hull.xml	workspace/core4d/results/E143/contact_masks/box004_083_p1/raw_contact_mask_3cm.npz	example_datasets/processed/core4d/unitree_g1/humanoid_object/e091_box004_20231003_2_083_p1_e096b_mask_cem/0/trajectory_kinematic.npz	ok	ok	
58	E162_0058_E150_off11_box004_083_p1	E150	E150	off11	E150_off11	off11	e091_box004_20231003_2_083_p1	box004_083_p1	E150_box004_083_p1_off11	workspace/core4d/results/E150/contact_anchor_eef_offset_sweep/cem/full/E150_box004_083_p1_off11_outdir_full/trajectory_mjwp_act.npz	example_datasets/processed/core4d/unitree_g1/humanoid_object/e091_box004_20231003_2_083_p1_e096b_mask_cem/scene_act_E147_rubber_hull.xml	workspace/core4d/results/E150/contact_anchor_eef_offset_sweep/cem/full/E150_box004_083_p1_off11_full.mp4	workspace/core4d/results/E143/contact_masks/box004_083_p1/raw_contact_mask_3cm.npz	example_datasets/processed/core4d/unitree_g1/humanoid_object/e091_box004_20231003_2_083_p1_e096b_mask_cem/0/trajectory_kinematic.npz	0	rubber_hull	box004	box	review	E147_spider_rubberhand	E147	E147_e091_box004_20231003_2_083_p1_rubber_hull	workspace/core4d/results/E147/rubber_hand_collision/cem/full/E147_e091_box004_20231003_2_083_p1_rubber_hull_outdir_full/trajectory_mjwp_act.npz	example_datasets/processed/core4d/unitree_g1/humanoid_object/e091_box004_20231003_2_083_p1_e096b_mask_cem/scene_act_E147_rubber_hull.xml	workspace/core4d/results/E143/contact_masks/box004_083_p1/raw_contact_mask_3cm.npz	example_datasets/processed/core4d/unitree_g1/humanoid_object/e091_box004_20231003_2_083_p1_e096b_mask_cem/0/trajectory_kinematic.npz	ok	ok	
59	E162_0059_E151_baseline_box021_029_p2	E151	E148	baseline	E151_baseline	baseline	d003_box021_20231018_029_p2	box021_029_p2	E151_box021_029_p2_baseline	workspace/core4d/results/E148/e143_24case_rubber_hand_collision/cem/full/E148_box021_029_p2_rubber_hull_outdir_full/trajectory_mjwp_act.npz	example_datasets/processed/core4d/unitree_g1/humanoid_object/d003_box021_20231018_029_p2_e107_clean/scene_act_E148_rubber_hull.xml	workspace/core4d/results/E148/e143_24case_rubber_hand_collision/cem/full/E148_box021_029_p2_rubber_hull_full.mp4	workspace/core4d/results/E143/contact_masks/box021_029_p2/raw_contact_mask_3cm.npz	example_datasets/processed/core4d/unitree_g1/humanoid_object/d003_box021_20231018_029_p2_e107_clean/0/trajectory_kinematic.npz	1	rubber_hull	box021	box	review	E147_spider_rubberhand							missing_e147_case	ok	
60	E162_0060_E151_b2_sup_box021_029_p2	E151	E151	b2_sup	E151_b2_sup	b2_sup	d003_box021_20231018_029_p2	box021_029_p2	E151_box021_029_p2_b2_sup	workspace/core4d/results/E151/route_b_hand_surface_contact/cem/full/E151_box021_029_p2_b2_sup_outdir_full/trajectory_mjwp_act.npz	example_datasets/processed/core4d/unitree_g1/humanoid_object/d003_box021_20231018_029_p2_e107_clean/scene_act_E148_rubber_hull.xml	workspace/core4d/results/E151/route_b_hand_surface_contact/cem/full/E151_box021_029_p2_b2_sup_full.mp4	workspace/core4d/results/E143/contact_masks/box021_029_p2/raw_contact_mask_3cm.npz	example_datasets/processed/core4d/unitree_g1/humanoid_object/d003_box021_20231018_029_p2_e107_clean/0/trajectory_kinematic.npz	1	rubber_hull	box021	box	review	E147_spider_rubberhand							missing_e147_case	ok	
61	E162_0061_E151_b2_tip_box021_029_p2	E151	E151	b2_tip	E151_b2_tip	b2_tip	d003_box021_20231018_029_p2	box021_029_p2	E151_box021_029_p2_b2_tip	workspace/core4d/results/E151/route_b_hand_surface_contact/cem/full/E151_box021_029_p2_b2_tip_outdir_full/trajectory_mjwp_act.npz	example_datasets/processed/core4d/unitree_g1/humanoid_object/d003_box021_20231018_029_p2_e107_clean/scene_act_E148_rubber_hull.xml	workspace/core4d/results/E151/route_b_hand_surface_contact/cem/full/E151_box021_029_p2_b2_tip_full.mp4	workspace/core4d/results/E143/contact_masks/box021_029_p2/raw_contact_mask_3cm.npz	example_datasets/processed/core4d/unitree_g1/humanoid_object/d003_box021_20231018_029_p2_e107_clean/0/trajectory_kinematic.npz	1	rubber_hull	box021	box	review	E147_spider_rubberhand							missing_e147_case	ok	
62	E162_0062_E151_b1_mesh_box021_029_p2	E151	E151	b1_mesh	E151_b1_mesh	b1_mesh	d003_box021_20231018_029_p2	box021_029_p2	E151_box021_029_p2_b1_mesh	workspace/core4d/results/E151/route_b_hand_surface_contact/cem/full/E151_box021_029_p2_b1_mesh_outdir_full/trajectory_mjwp_act.npz	example_datasets/processed/core4d/unitree_g1/humanoid_object/d003_box021_20231018_029_p2_e107_clean/scene_act_E148_rubber_hull.xml	workspace/core4d/results/E151/route_b_hand_surface_contact/cem/full/E151_box021_029_p2_b1_mesh_full.mp4	workspace/core4d/results/E143/contact_masks/box021_029_p2/raw_contact_mask_3cm.npz	example_datasets/processed/core4d/unitree_g1/humanoid_object/d003_box021_20231018_029_p2_e107_clean/0/trajectory_kinematic.npz	1	rubber_hull	box021	box	review	E147_spider_rubberhand							missing_e147_case	ok	
63	E162_0063_E151_baseline_box004_083_p2	E151	E148	baseline	E151_baseline	baseline	e091_box004_20231003_2_083_p2	box004_083_p2	E151_box004_083_p2_baseline	workspace/core4d/results/E148/e143_24case_rubber_hand_collision/cem/full/E148_box004_083_p2_rubber_hull_outdir_full/trajectory_mjwp_act.npz	example_datasets/processed/core4d/unitree_g1/humanoid_object/e091_box004_20231003_2_083_p2_e092_dyn/scene_act_E148_rubber_hull.xml	workspace/core4d/results/E148/e143_24case_rubber_hand_collision/cem/full/E148_box004_083_p2_rubber_hull_full.mp4	workspace/core4d/results/E143/contact_masks/box004_083_p2/raw_contact_mask_3cm.npz	example_datasets/processed/core4d/unitree_g1/humanoid_object/e091_box004_20231003_2_083_p2_e092_dyn/0/trajectory_kinematic.npz	1	rubber_hull	box004	box	review	E147_spider_rubberhand							missing_e147_case	ok	
64	E162_0064_E151_b2_sup_box004_083_p2	E151	E151	b2_sup	E151_b2_sup	b2_sup	e091_box004_20231003_2_083_p2	box004_083_p2	E151_box004_083_p2_b2_sup	workspace/core4d/results/E151/route_b_hand_surface_contact/cem/full/E151_box004_083_p2_b2_sup_outdir_full/trajectory_mjwp_act.npz	example_datasets/processed/core4d/unitree_g1/humanoid_object/e091_box004_20231003_2_083_p2_e092_dyn/scene_act_E148_rubber_hull.xml	workspace/core4d/results/E151/route_b_hand_surface_contact/cem/full/E151_box004_083_p2_b2_sup_full.mp4	workspace/core4d/results/E143/contact_masks/box004_083_p2/raw_contact_mask_3cm.npz	example_datasets/processed/core4d/unitree_g1/humanoid_object/e091_box004_20231003_2_083_p2_e092_dyn/0/trajectory_kinematic.npz	1	rubber_hull	box004	box	review	E147_spider_rubberhand							missing_e147_case	ok	
65	E162_0065_E151_b2_tip_box004_083_p2	E151	E151	b2_tip	E151_b2_tip	b2_tip	e091_box004_20231003_2_083_p2	box004_083_p2	E151_box004_083_p2_b2_tip	workspace/core4d/results/E151/route_b_hand_surface_contact/cem/full/E151_box004_083_p2_b2_tip_outdir_full/trajectory_mjwp_act.npz	example_datasets/processed/core4d/unitree_g1/humanoid_object/e091_box004_20231003_2_083_p2_e092_dyn/scene_act_E148_rubber_hull.xml	workspace/core4d/results/E151/route_b_hand_surface_contact/cem/full/E151_box004_083_p2_b2_tip_full.mp4	workspace/core4d/results/E143/contact_masks/box004_083_p2/raw_contact_mask_3cm.npz	example_datasets/processed/core4d/unitree_g1/humanoid_object/e091_box004_20231003_2_083_p2_e092_dyn/0/trajectory_kinematic.npz	1	rubber_hull	box004	box	review	E147_spider_rubberhand							missing_e147_case	ok	
66	E162_0066_E151_b1_mesh_box004_083_p2	E151	E151	b1_mesh	E151_b1_mesh	b1_mesh	e091_box004_20231003_2_083_p2	box004_083_p2	E151_box004_083_p2_b1_mesh	workspace/core4d/results/E151/route_b_hand_surface_contact/cem/full/E151_box004_083_p2_b1_mesh_outdir_full/trajectory_mjwp_act.npz	example_datasets/processed/core4d/unitree_g1/humanoid_object/e091_box004_20231003_2_083_p2_e092_dyn/scene_act_E148_rubber_hull.xml	workspace/core4d/results/E151/route_b_hand_surface_contact/cem/full/E151_box004_083_p2_b1_mesh_full.mp4	workspace/core4d/results/E143/contact_masks/box004_083_p2/raw_contact_mask_3cm.npz	example_datasets/processed/core4d/unitree_g1/humanoid_object/e091_box004_20231003_2_083_p2_e092_dyn/0/trajectory_kinematic.npz	1	rubber_hull	box004	box	review	E147_spider_rubberhand							missing_e147_case	ok	
67	E162_0067_E151_baseline_box023_person2	E151	E147	baseline	E151_baseline	baseline	box023_person2	box023_person2	E151_box023_person2_baseline	workspace/core4d/results/E147/rubber_hand_collision/cem/full/E147_box023_person2_rubber_hull_outdir_full/trajectory_mjwp_act.npz	example_datasets/processed/core4d/unitree_g1/humanoid_object/box023_person2_legobj/scene_act_E147_rubber_hull.xml	workspace/core4d/results/E147/rubber_hand_collision/cem/full/E147_box023_person2_rubber_hull_full.mp4	workspace/core4d/results/E143/contact_masks/box023_person2/raw_contact_mask_3cm.npz	example_datasets/processed/core4d/unitree_g1/humanoid_object/box023_person2_legobj/0/trajectory_kinematic.npz	1	rubber_hull	box023	box	review	E147_spider_rubberhand	E147	E147_box023_person2_rubber_hull	workspace/core4d/results/E147/rubber_hand_collision/cem/full/E147_box023_person2_rubber_hull_outdir_full/trajectory_mjwp_act.npz	example_datasets/processed/core4d/unitree_g1/humanoid_object/box023_person2_legobj/scene_act_E147_rubber_hull.xml	workspace/core4d/results/E143/contact_masks/box023_person2/raw_contact_mask_3cm.npz	example_datasets/processed/core4d/unitree_g1/humanoid_object/box023_person2_legobj/0/trajectory_kinematic.npz	ok	ok	
68	E162_0068_E151_b2_sup_box023_person2	E151	E151	b2_sup	E151_b2_sup	b2_sup	box023_person2	box023_person2	E151_box023_person2_b2_sup	workspace/core4d/results/E151/route_b_hand_surface_contact/cem/full/E151_box023_person2_b2_sup_outdir_full/trajectory_mjwp_act.npz	example_datasets/processed/core4d/unitree_g1/humanoid_object/box023_person2_legobj/scene_act_E147_rubber_hull.xml	workspace/core4d/results/E151/route_b_hand_surface_contact/cem/full/E151_box023_person2_b2_sup_full.mp4	workspace/core4d/results/E143/contact_masks/box023_person2/raw_contact_mask_3cm.npz	example_datasets/processed/core4d/unitree_g1/humanoid_object/box023_person2_legobj/0/trajectory_kinematic.npz	1	rubber_hull	box023	box	review	E147_spider_rubberhand	E147	E147_box023_person2_rubber_hull	workspace/core4d/results/E147/rubber_hand_collision/cem/full/E147_box023_person2_rubber_hull_outdir_full/trajectory_mjwp_act.npz	example_datasets/processed/core4d/unitree_g1/humanoid_object/box023_person2_legobj/scene_act_E147_rubber_hull.xml	workspace/core4d/results/E143/contact_masks/box023_person2/raw_contact_mask_3cm.npz	example_datasets/processed/core4d/unitree_g1/humanoid_object/box023_person2_legobj/0/trajectory_kinematic.npz	ok	ok	
69	E162_0069_E151_b2_tip_box023_person2	E151	E151	b2_tip	E151_b2_tip	b2_tip	box023_person2	box023_person2	E151_box023_person2_b2_tip	workspace/core4d/results/E151/route_b_hand_surface_contact/cem/full/E151_box023_person2_b2_tip_outdir_full/trajectory_mjwp_act.npz	example_datasets/processed/core4d/unitree_g1/humanoid_object/box023_person2_legobj/scene_act_E147_rubber_hull.xml	workspace/core4d/results/E151/route_b_hand_surface_contact/cem/full/E151_box023_person2_b2_tip_full.mp4	workspace/core4d/results/E143/contact_masks/box023_person2/raw_contact_mask_3cm.npz	example_datasets/processed/core4d/unitree_g1/humanoid_object/box023_person2_legobj/0/trajectory_kinematic.npz	1	rubber_hull	box023	box	review	E147_spider_rubberhand	E147	E147_box023_person2_rubber_hull	workspace/core4d/results/E147/rubber_hand_collision/cem/full/E147_box023_person2_rubber_hull_outdir_full/trajectory_mjwp_act.npz	example_datasets/processed/core4d/unitree_g1/humanoid_object/box023_person2_legobj/scene_act_E147_rubber_hull.xml	workspace/core4d/results/E143/contact_masks/box023_person2/raw_contact_mask_3cm.npz	example_datasets/processed/core4d/unitree_g1/humanoid_object/box023_person2_legobj/0/trajectory_kinematic.npz	ok	ok	
70	E162_0070_E151_b1_mesh_box023_person2	E151	E151	b1_mesh	E151_b1_mesh	b1_mesh	box023_person2	box023_person2	E151_box023_person2_b1_mesh	workspace/core4d/results/E151/route_b_hand_surface_contact/cem/full/E151_box023_person2_b1_mesh_outdir_full/trajectory_mjwp_act.npz	example_datasets/processed/core4d/unitree_g1/humanoid_object/box023_person2_legobj/scene_act_E147_rubber_hull.xml	workspace/core4d/results/E151/route_b_hand_surface_contact/cem/full/E151_box023_person2_b1_mesh_full.mp4	workspace/core4d/results/E143/contact_masks/box023_person2/raw_contact_mask_3cm.npz	example_datasets/processed/core4d/unitree_g1/humanoid_object/box023_person2_legobj/0/trajectory_kinematic.npz	1	rubber_hull	box023	box	review	E147_spider_rubberhand	E147	E147_box023_person2_rubber_hull	workspace/core4d/results/E147/rubber_hand_collision/cem/full/E147_box023_person2_rubber_hull_outdir_full/trajectory_mjwp_act.npz	example_datasets/processed/core4d/unitree_g1/humanoid_object/box023_person2_legobj/scene_act_E147_rubber_hull.xml	workspace/core4d/results/E143/contact_masks/box023_person2/raw_contact_mask_3cm.npz	example_datasets/processed/core4d/unitree_g1/humanoid_object/box023_person2_legobj/0/trajectory_kinematic.npz	ok	ok	
71	E162_0071_E152_baseline_box021_029_p2	E152	E148	baseline	E152_baseline	baseline	d003_box021_20231018_029_p2	box021_029_p2	E152_box021_029_p2_baseline	workspace/core4d/results/E148/e143_24case_rubber_hand_collision/cem/full/E148_box021_029_p2_rubber_hull_outdir_full/trajectory_mjwp_act.npz	example_datasets/processed/core4d/unitree_g1/humanoid_object/d003_box021_20231018_029_p2_e107_clean/scene_act_E148_rubber_hull.xml	workspace/core4d/results/E148/e143_24case_rubber_hand_collision/cem/full/E148_box021_029_p2_rubber_hull_full.mp4	workspace/core4d/results/E143/contact_masks/box021_029_p2/raw_contact_mask_3cm.npz	example_datasets/processed/core4d/unitree_g1/humanoid_object/d003_box021_20231018_029_p2_e107_clean/0/trajectory_kinematic.npz	1	rubber_hull	box021	box	review	E147_spider_rubberhand							missing_e147_case	ok	
72	E162_0072_E152_gateA_box021_029_p2	E152	E152	gateA	E152_gateA	gateA	d003_box021_20231018_029_p2	box021_029_p2	E152_box021_029_p2_gateA	workspace/core4d/results/E152/axis1_hand_object_physics_gate/cem/full/E152_box021_029_p2_gateA_outdir_full/trajectory_mjwp_act.npz	example_datasets/processed/core4d/unitree_g1/humanoid_object/d003_box021_20231018_029_p2_e107_clean/scene_act_E148_rubber_hull.xml	workspace/core4d/results/E152/axis1_hand_object_physics_gate/cem/full/E152_box021_029_p2_gateA_full.mp4	workspace/core4d/results/E143/contact_masks/box021_029_p2/raw_contact_mask_3cm.npz	example_datasets/processed/core4d/unitree_g1/humanoid_object/d003_box021_20231018_029_p2_e107_clean/0/trajectory_kinematic.npz	1	rubber_hull	box021	box	review	E147_spider_rubberhand							missing_e147_case	ok	
73	E162_0073_E152_b1_box021_029_p2	E152	E151	b1	E152_b1	b1	d003_box021_20231018_029_p2	box021_029_p2	E152_box021_029_p2_b1	workspace/core4d/results/E151/route_b_hand_surface_contact/cem/full/E151_box021_029_p2_b1_mesh_outdir_full/trajectory_mjwp_act.npz	example_datasets/processed/core4d/unitree_g1/humanoid_object/d003_box021_20231018_029_p2_e107_clean/scene_act_E148_rubber_hull.xml	workspace/core4d/results/E151/route_b_hand_surface_contact/cem/full/E151_box021_029_p2_b1_mesh_full.mp4	workspace/core4d/results/E143/contact_masks/box021_029_p2/raw_contact_mask_3cm.npz	example_datasets/processed/core4d/unitree_g1/humanoid_object/d003_box021_20231018_029_p2_e107_clean/0/trajectory_kinematic.npz	1	rubber_hull	box021	box	review	E147_spider_rubberhand							missing_e147_case	ok	
74	E162_0074_E152_gateA_b1_box021_029_p2	E152	E152	gateA_b1	E152_gateA_b1	gateA_b1	d003_box021_20231018_029_p2	box021_029_p2	E152_box021_029_p2_gateA_b1	workspace/core4d/results/E152/axis1_hand_object_physics_gate/cem/full/E152_box021_029_p2_gateA_b1_outdir_full/trajectory_mjwp_act.npz	example_datasets/processed/core4d/unitree_g1/humanoid_object/d003_box021_20231018_029_p2_e107_clean/scene_act_E148_rubber_hull.xml	workspace/core4d/results/E152/axis1_hand_object_physics_gate/cem/full/E152_box021_029_p2_gateA_b1_full.mp4	workspace/core4d/results/E143/contact_masks/box021_029_p2/raw_contact_mask_3cm.npz	example_datasets/processed/core4d/unitree_g1/humanoid_object/d003_box021_20231018_029_p2_e107_clean/0/trajectory_kinematic.npz	1	rubber_hull	box021	box	review	E147_spider_rubberhand							missing_e147_case	ok	
75	E162_0075_E152_baseline_box004_083_p2	E152	E148	baseline	E152_baseline	baseline	e091_box004_20231003_2_083_p2	box004_083_p2	E152_box004_083_p2_baseline	workspace/core4d/results/E148/e143_24case_rubber_hand_collision/cem/full/E148_box004_083_p2_rubber_hull_outdir_full/trajectory_mjwp_act.npz	example_datasets/processed/core4d/unitree_g1/humanoid_object/e091_box004_20231003_2_083_p2_e092_dyn/scene_act_E148_rubber_hull.xml	workspace/core4d/results/E148/e143_24case_rubber_hand_collision/cem/full/E148_box004_083_p2_rubber_hull_full.mp4	workspace/core4d/results/E143/contact_masks/box004_083_p2/raw_contact_mask_3cm.npz	example_datasets/processed/core4d/unitree_g1/humanoid_object/e091_box004_20231003_2_083_p2_e092_dyn/0/trajectory_kinematic.npz	1	rubber_hull	box004	box	review	E147_spider_rubberhand							missing_e147_case	ok	
76	E162_0076_E152_gateA_box004_083_p2	E152	E152	gateA	E152_gateA	gateA	e091_box004_20231003_2_083_p2	box004_083_p2	E152_box004_083_p2_gateA	workspace/core4d/results/E152/axis1_hand_object_physics_gate/cem/full/E152_box004_083_p2_gateA_outdir_full/trajectory_mjwp_act.npz	example_datasets/processed/core4d/unitree_g1/humanoid_object/e091_box004_20231003_2_083_p2_e092_dyn/scene_act_E148_rubber_hull.xml	workspace/core4d/results/E152/axis1_hand_object_physics_gate/cem/full/E152_box004_083_p2_gateA_full.mp4	workspace/core4d/results/E143/contact_masks/box004_083_p2/raw_contact_mask_3cm.npz	example_datasets/processed/core4d/unitree_g1/humanoid_object/e091_box004_20231003_2_083_p2_e092_dyn/0/trajectory_kinematic.npz	1	rubber_hull	box004	box	review	E147_spider_rubberhand							missing_e147_case	ok	
77	E162_0077_E152_b1_box004_083_p2	E152	E151	b1	E152_b1	b1	e091_box004_20231003_2_083_p2	box004_083_p2	E152_box004_083_p2_b1	workspace/core4d/results/E151/route_b_hand_surface_contact/cem/full/E151_box004_083_p2_b1_mesh_outdir_full/trajectory_mjwp_act.npz	example_datasets/processed/core4d/unitree_g1/humanoid_object/e091_box004_20231003_2_083_p2_e092_dyn/scene_act_E148_rubber_hull.xml	workspace/core4d/results/E151/route_b_hand_surface_contact/cem/full/E151_box004_083_p2_b1_mesh_full.mp4	workspace/core4d/results/E143/contact_masks/box004_083_p2/raw_contact_mask_3cm.npz	example_datasets/processed/core4d/unitree_g1/humanoid_object/e091_box004_20231003_2_083_p2_e092_dyn/0/trajectory_kinematic.npz	1	rubber_hull	box004	box	review	E147_spider_rubberhand							missing_e147_case	ok	
78	E162_0078_E152_gateA_b1_box004_083_p2	E152	E152	gateA_b1	E152_gateA_b1	gateA_b1	e091_box004_20231003_2_083_p2	box004_083_p2	E152_box004_083_p2_gateA_b1	workspace/core4d/results/E152/axis1_hand_object_physics_gate/cem/full/E152_box004_083_p2_gateA_b1_outdir_full/trajectory_mjwp_act.npz	example_datasets/processed/core4d/unitree_g1/humanoid_object/e091_box004_20231003_2_083_p2_e092_dyn/scene_act_E148_rubber_hull.xml	workspace/core4d/results/E152/axis1_hand_object_physics_gate/cem/full/E152_box004_083_p2_gateA_b1_full.mp4	workspace/core4d/results/E143/contact_masks/box004_083_p2/raw_contact_mask_3cm.npz	example_datasets/processed/core4d/unitree_g1/humanoid_object/e091_box004_20231003_2_083_p2_e092_dyn/0/trajectory_kinematic.npz	1	rubber_hull	box004	box	review	E147_spider_rubberhand							missing_e147_case	ok	
79	E162_0079_E152_baseline_box023_person2	E152	E147	baseline	E152_baseline	baseline	box023_person2	box023_person2	E152_box023_person2_baseline	workspace/core4d/results/E147/rubber_hand_collision/cem/full/E147_box023_person2_rubber_hull_outdir_full/trajectory_mjwp_act.npz	example_datasets/processed/core4d/unitree_g1/humanoid_object/box023_person2_legobj/scene_act_E147_rubber_hull.xml	workspace/core4d/results/E147/rubber_hand_collision/cem/full/E147_box023_person2_rubber_hull_full.mp4	workspace/core4d/results/E143/contact_masks/box023_person2/raw_contact_mask_3cm.npz	example_datasets/processed/core4d/unitree_g1/humanoid_object/box023_person2_legobj/0/trajectory_kinematic.npz	1	rubber_hull	box023	box	review	E147_spider_rubberhand	E147	E147_box023_person2_rubber_hull	workspace/core4d/results/E147/rubber_hand_collision/cem/full/E147_box023_person2_rubber_hull_outdir_full/trajectory_mjwp_act.npz	example_datasets/processed/core4d/unitree_g1/humanoid_object/box023_person2_legobj/scene_act_E147_rubber_hull.xml	workspace/core4d/results/E143/contact_masks/box023_person2/raw_contact_mask_3cm.npz	example_datasets/processed/core4d/unitree_g1/humanoid_object/box023_person2_legobj/0/trajectory_kinematic.npz	ok	ok	
80	E162_0080_E152_gateA_box023_person2	E152	E152	gateA	E152_gateA	gateA	box023_person2	box023_person2	E152_box023_person2_gateA	workspace/core4d/results/E152/axis1_hand_object_physics_gate/cem/full/E152_box023_person2_gateA_outdir_full/trajectory_mjwp_act.npz	example_datasets/processed/core4d/unitree_g1/humanoid_object/box023_person2_legobj/scene_act_E147_rubber_hull.xml	workspace/core4d/results/E152/axis1_hand_object_physics_gate/cem/full/E152_box023_person2_gateA_full.mp4	workspace/core4d/results/E143/contact_masks/box023_person2/raw_contact_mask_3cm.npz	example_datasets/processed/core4d/unitree_g1/humanoid_object/box023_person2_legobj/0/trajectory_kinematic.npz	1	rubber_hull	box023	box	review	E147_spider_rubberhand	E147	E147_box023_person2_rubber_hull	workspace/core4d/results/E147/rubber_hand_collision/cem/full/E147_box023_person2_rubber_hull_outdir_full/trajectory_mjwp_act.npz	example_datasets/processed/core4d/unitree_g1/humanoid_object/box023_person2_legobj/scene_act_E147_rubber_hull.xml	workspace/core4d/results/E143/contact_masks/box023_person2/raw_contact_mask_3cm.npz	example_datasets/processed/core4d/unitree_g1/humanoid_object/box023_person2_legobj/0/trajectory_kinematic.npz	ok	ok	
81	E162_0081_E152_b1_box023_person2	E152	E151	b1	E152_b1	b1	box023_person2	box023_person2	E152_box023_person2_b1	workspace/core4d/results/E151/route_b_hand_surface_contact/cem/full/E151_box023_person2_b1_mesh_outdir_full/trajectory_mjwp_act.npz	example_datasets/processed/core4d/unitree_g1/humanoid_object/box023_person2_legobj/scene_act_E147_rubber_hull.xml	workspace/core4d/results/E151/route_b_hand_surface_contact/cem/full/E151_box023_person2_b1_mesh_full.mp4	workspace/core4d/results/E143/contact_masks/box023_person2/raw_contact_mask_3cm.npz	example_datasets/processed/core4d/unitree_g1/humanoid_object/box023_person2_legobj/0/trajectory_kinematic.npz	1	rubber_hull	box023	box	review	E147_spider_rubberhand	E147	E147_box023_person2_rubber_hull	workspace/core4d/results/E147/rubber_hand_collision/cem/full/E147_box023_person2_rubber_hull_outdir_full/trajectory_mjwp_act.npz	example_datasets/processed/core4d/unitree_g1/humanoid_object/box023_person2_legobj/scene_act_E147_rubber_hull.xml	workspace/core4d/results/E143/contact_masks/box023_person2/raw_contact_mask_3cm.npz	example_datasets/processed/core4d/unitree_g1/humanoid_object/box023_person2_legobj/0/trajectory_kinematic.npz	ok	ok	
82	E162_0082_E152_gateA_b1_box023_person2	E152	E152	gateA_b1	E152_gateA_b1	gateA_b1	box023_person2	box023_person2	E152_box023_person2_gateA_b1	workspace/core4d/results/E152/axis1_hand_object_physics_gate/cem/full/E152_box023_person2_gateA_b1_outdir_full/trajectory_mjwp_act.npz	example_datasets/processed/core4d/unitree_g1/humanoid_object/box023_person2_legobj/scene_act_E147_rubber_hull.xml	workspace/core4d/results/E152/axis1_hand_object_physics_gate/cem/full/E152_box023_person2_gateA_b1_full.mp4	workspace/core4d/results/E143/contact_masks/box023_person2/raw_contact_mask_3cm.npz	example_datasets/processed/core4d/unitree_g1/humanoid_object/box023_person2_legobj/0/trajectory_kinematic.npz	1	rubber_hull	box023	box	review	E147_spider_rubberhand	E147	E147_box023_person2_rubber_hull	workspace/core4d/results/E147/rubber_hand_collision/cem/full/E147_box023_person2_rubber_hull_outdir_full/trajectory_mjwp_act.npz	example_datasets/processed/core4d/unitree_g1/humanoid_object/box023_person2_legobj/scene_act_E147_rubber_hull.xml	workspace/core4d/results/E143/contact_masks/box023_person2/raw_contact_mask_3cm.npz	example_datasets/processed/core4d/unitree_g1/humanoid_object/box023_person2_legobj/0/trajectory_kinematic.npz	ok	ok	
83	E162_0083_E156_spiderrubberhand_box021_035_p1	E156	E147	spider-rubberhand	E156_spiderrubberhand	spider-rubberhand	d003_box021_20231011_035_p1	box021_035_p1	E156_box021_035_p1_spider_rubberhand	workspace/core4d/results/E147/rubber_hand_collision/cem/full/E147_d003_box021_20231011_035_p1_rubber_hull_outdir_full/trajectory_mjwp_act.npz	example_datasets/processed/core4d/unitree_g1/humanoid_object/d003_box021_20231011_035_p1_e107_clean/scene_act_E147_rubber_hull.xml	workspace/core4d/results/E147/rubber_hand_collision/cem/full/E147_d003_box021_20231011_035_p1_rubber_hull_full.mp4	workspace/core4d/results/E143/contact_masks/box021_035_p1/raw_contact_mask_3cm.npz	example_datasets/processed/core4d/unitree_g1/humanoid_object/d003_box021_20231011_035_p1_e107_clean/0/trajectory_kinematic.npz	0	rubber_hull	box021	box	review	E147_spider_rubberhand	E147	E147_d003_box021_20231011_035_p1_rubber_hull	workspace/core4d/results/E147/rubber_hand_collision/cem/full/E147_d003_box021_20231011_035_p1_rubber_hull_outdir_full/trajectory_mjwp_act.npz	example_datasets/processed/core4d/unitree_g1/humanoid_object/d003_box021_20231011_035_p1_e107_clean/scene_act_E147_rubber_hull.xml	workspace/core4d/results/E143/contact_masks/box021_035_p1/raw_contact_mask_3cm.npz	example_datasets/processed/core4d/unitree_g1/humanoid_object/d003_box021_20231011_035_p1_e107_clean/0/trajectory_kinematic.npz	ok	ok	
84	E162_0084_E156_gateA_box021_035_p1	E156	E156	+gateA	E156_gateA	+gateA	d003_box021_20231011_035_p1	box021_035_p1	E156_box021_035_p1_gateA	workspace/core4d/results/E156/clean8_gate_decay/cem/full/E156_box021_035_p1_gateA_outdir_full/trajectory_mjwp_act.npz	example_datasets/processed/core4d/unitree_g1/humanoid_object/d003_box021_20231011_035_p1_e107_clean/scene_act_E147_rubber_hull.xml	workspace/core4d/results/E156/clean8_gate_decay/cem/full/E156_box021_035_p1_gateA_full.mp4	workspace/core4d/results/E143/contact_masks/box021_035_p1/raw_contact_mask_3cm.npz	example_datasets/processed/core4d/unitree_g1/humanoid_object/d003_box021_20231011_035_p1_e107_clean/0/trajectory_kinematic.npz	0	rubber_hull	box021	box	review	E147_spider_rubberhand	E147	E147_d003_box021_20231011_035_p1_rubber_hull	workspace/core4d/results/E147/rubber_hand_collision/cem/full/E147_d003_box021_20231011_035_p1_rubber_hull_outdir_full/trajectory_mjwp_act.npz	example_datasets/processed/core4d/unitree_g1/humanoid_object/d003_box021_20231011_035_p1_e107_clean/scene_act_E147_rubber_hull.xml	workspace/core4d/results/E143/contact_masks/box021_035_p1/raw_contact_mask_3cm.npz	example_datasets/processed/core4d/unitree_g1/humanoid_object/d003_box021_20231011_035_p1_e107_clean/0/trajectory_kinematic.npz	ok	ok	
85	E162_0085_E156_E155_decay_box021_035_p1	E156	E156	E155_decay	E156_E155_decay	E155_decay	d003_box021_20231011_035_p1	box021_035_p1	E156_box021_035_p1_decay	workspace/core4d/results/E156/clean8_gate_decay/cem/full/E156_box021_035_p1_decay_outdir_full/trajectory_mjwp_act.npz	example_datasets/processed/core4d/unitree_g1/humanoid_object/d003_box021_20231011_035_p1_e107_clean/scene_act_E147_rubber_hull.xml	workspace/core4d/results/E156/clean8_gate_decay/cem/full/E156_box021_035_p1_decay_full.mp4	workspace/core4d/results/E143/contact_masks/box021_035_p1/raw_contact_mask_3cm.npz	example_datasets/processed/core4d/unitree_g1/humanoid_object/d003_box021_20231011_035_p1_e107_clean/0/trajectory_kinematic.npz	0	rubber_hull	box021	box	review	E147_spider_rubberhand	E147	E147_d003_box021_20231011_035_p1_rubber_hull	workspace/core4d/results/E147/rubber_hand_collision/cem/full/E147_d003_box021_20231011_035_p1_rubber_hull_outdir_full/trajectory_mjwp_act.npz	example_datasets/processed/core4d/unitree_g1/humanoid_object/d003_box021_20231011_035_p1_e107_clean/scene_act_E147_rubber_hull.xml	workspace/core4d/results/E143/contact_masks/box021_035_p1/raw_contact_mask_3cm.npz	example_datasets/processed/core4d/unitree_g1/humanoid_object/d003_box021_20231011_035_p1_e107_clean/0/trajectory_kinematic.npz	ok	ok	
86	E162_0086_E156_spiderrubberhand_box021_035_p2	E156	E147	spider-rubberhand	E156_spiderrubberhand	spider-rubberhand	d003_box021_20231011_035_p2	box021_035_p2	E156_box021_035_p2_spider_rubberhand	workspace/core4d/results/E147/rubber_hand_collision/cem/full/E147_d003_box021_20231011_035_p2_rubber_hull_outdir_full/trajectory_mjwp_act.npz	example_datasets/processed/core4d/unitree_g1/humanoid_object/d003_box021_20231011_035_p2_e107_clean/scene_act_E147_rubber_hull.xml	workspace/core4d/results/E147/rubber_hand_collision/cem/full/E147_d003_box021_20231011_035_p2_rubber_hull_full.mp4	workspace/core4d/results/E143/contact_masks/box021_035_p2/raw_contact_mask_3cm.npz	example_datasets/processed/core4d/unitree_g1/humanoid_object/d003_box021_20231011_035_p2_e107_clean/0/trajectory_kinematic.npz	1	rubber_hull	box021	box	review	E147_spider_rubberhand	E147	E147_d003_box021_20231011_035_p2_rubber_hull	workspace/core4d/results/E147/rubber_hand_collision/cem/full/E147_d003_box021_20231011_035_p2_rubber_hull_outdir_full/trajectory_mjwp_act.npz	example_datasets/processed/core4d/unitree_g1/humanoid_object/d003_box021_20231011_035_p2_e107_clean/scene_act_E147_rubber_hull.xml	workspace/core4d/results/E143/contact_masks/box021_035_p2/raw_contact_mask_3cm.npz	example_datasets/processed/core4d/unitree_g1/humanoid_object/d003_box021_20231011_035_p2_e107_clean/0/trajectory_kinematic.npz	ok	ok	
87	E162_0087_E156_gateA_box021_035_p2	E156	E156	+gateA	E156_gateA	+gateA	d003_box021_20231011_035_p2	box021_035_p2	E156_box021_035_p2_gateA	workspace/core4d/results/E156/clean8_gate_decay/cem/full/E156_box021_035_p2_gateA_outdir_full/trajectory_mjwp_act.npz	example_datasets/processed/core4d/unitree_g1/humanoid_object/d003_box021_20231011_035_p2_e107_clean/scene_act_E147_rubber_hull.xml	workspace/core4d/results/E156/clean8_gate_decay/cem/full/E156_box021_035_p2_gateA_full.mp4	workspace/core4d/results/E143/contact_masks/box021_035_p2/raw_contact_mask_3cm.npz	example_datasets/processed/core4d/unitree_g1/humanoid_object/d003_box021_20231011_035_p2_e107_clean/0/trajectory_kinematic.npz	1	rubber_hull	box021	box	review	E147_spider_rubberhand	E147	E147_d003_box021_20231011_035_p2_rubber_hull	workspace/core4d/results/E147/rubber_hand_collision/cem/full/E147_d003_box021_20231011_035_p2_rubber_hull_outdir_full/trajectory_mjwp_act.npz	example_datasets/processed/core4d/unitree_g1/humanoid_object/d003_box021_20231011_035_p2_e107_clean/scene_act_E147_rubber_hull.xml	workspace/core4d/results/E143/contact_masks/box021_035_p2/raw_contact_mask_3cm.npz	example_datasets/processed/core4d/unitree_g1/humanoid_object/d003_box021_20231011_035_p2_e107_clean/0/trajectory_kinematic.npz	ok	ok	
88	E162_0088_E156_E155_decay_box021_035_p2	E156	E156	E155_decay	E156_E155_decay	E155_decay	d003_box021_20231011_035_p2	box021_035_p2	E156_box021_035_p2_decay	workspace/core4d/results/E156/clean8_gate_decay/cem/full/E156_box021_035_p2_decay_outdir_full/trajectory_mjwp_act.npz	example_datasets/processed/core4d/unitree_g1/humanoid_object/d003_box021_20231011_035_p2_e107_clean/scene_act_E147_rubber_hull.xml	workspace/core4d/results/E156/clean8_gate_decay/cem/full/E156_box021_035_p2_decay_full.mp4	workspace/core4d/results/E143/contact_masks/box021_035_p2/raw_contact_mask_3cm.npz	example_datasets/processed/core4d/unitree_g1/humanoid_object/d003_box021_20231011_035_p2_e107_clean/0/trajectory_kinematic.npz	1	rubber_hull	box021	box	review	E147_spider_rubberhand	E147	E147_d003_box021_20231011_035_p2_rubber_hull	workspace/core4d/results/E147/rubber_hand_collision/cem/full/E147_d003_box021_20231011_035_p2_rubber_hull_outdir_full/trajectory_mjwp_act.npz	example_datasets/processed/core4d/unitree_g1/humanoid_object/d003_box021_20231011_035_p2_e107_clean/scene_act_E147_rubber_hull.xml	workspace/core4d/results/E143/contact_masks/box021_035_p2/raw_contact_mask_3cm.npz	example_datasets/processed/core4d/unitree_g1/humanoid_object/d003_box021_20231011_035_p2_e107_clean/0/trajectory_kinematic.npz	ok	ok	
89	E162_0089_E156_spiderrubberhand_box021_029_p2	E156	E148	spider-rubberhand	E156_spiderrubberhand	spider-rubberhand	d003_box021_20231018_029_p2	box021_029_p2	E156_box021_029_p2_spider_rubberhand	workspace/core4d/results/E148/e143_24case_rubber_hand_collision/cem/full/E148_box021_029_p2_rubber_hull_outdir_full/trajectory_mjwp_act.npz	example_datasets/processed/core4d/unitree_g1/humanoid_object/d003_box021_20231018_029_p2_e107_clean/scene_act_E148_rubber_hull.xml	workspace/core4d/results/E148/e143_24case_rubber_hand_collision/cem/full/E148_box021_029_p2_rubber_hull_full.mp4	workspace/core4d/results/E143/contact_masks/box021_029_p2/raw_contact_mask_3cm.npz	example_datasets/processed/core4d/unitree_g1/humanoid_object/d003_box021_20231018_029_p2_e107_clean/0/trajectory_kinematic.npz	1	rubber_hull	box021	box	review	E147_spider_rubberhand							missing_e147_case	ok	
90	E162_0090_E156_gateA_box021_029_p2	E156	E156	+gateA	E156_gateA	+gateA	d003_box021_20231018_029_p2	box021_029_p2	E156_box021_029_p2_gateA	workspace/core4d/results/E156/clean8_gate_decay/cem/full/E156_box021_029_p2_gateA_outdir_full/trajectory_mjwp_act.npz	example_datasets/processed/core4d/unitree_g1/humanoid_object/d003_box021_20231018_029_p2_e107_clean/scene_act_E148_rubber_hull.xml	workspace/core4d/results/E156/clean8_gate_decay/cem/full/E156_box021_029_p2_gateA_full.mp4	workspace/core4d/results/E143/contact_masks/box021_029_p2/raw_contact_mask_3cm.npz	example_datasets/processed/core4d/unitree_g1/humanoid_object/d003_box021_20231018_029_p2_e107_clean/0/trajectory_kinematic.npz	1	rubber_hull	box021	box	review	E147_spider_rubberhand							missing_e147_case	ok	
91	E162_0091_E156_E155_decay_box021_029_p2	E156	E155	E155_decay	E156_E155_decay	E155_decay	d003_box021_20231018_029_p2	box021_029_p2	E156_box021_029_p2_decay	workspace/core4d/results/E155/cem/full/E155_box021_029_p2_decay_outdir_full/trajectory_mjwp_act.npz	example_datasets/processed/core4d/unitree_g1/humanoid_object/d003_box021_20231018_029_p2_e107_clean/scene_act_E148_rubber_hull.xml	workspace/core4d/results/E155/cem/full/E155_box021_029_p2_decay_full.mp4	workspace/core4d/results/E143/contact_masks/box021_029_p2/raw_contact_mask_3cm.npz	example_datasets/processed/core4d/unitree_g1/humanoid_object/d003_box021_20231018_029_p2_e107_clean/0/trajectory_kinematic.npz	1	rubber_hull	box021	box	review	E147_spider_rubberhand							missing_e147_case	ok	
92	E162_0092_E156_spiderrubberhand_box004_083_p1	E156	E147	spider-rubberhand	E156_spiderrubberhand	spider-rubberhand	e091_box004_20231003_2_083_p1	box004_083_p1	E156_box004_083_p1_spider_rubberhand	workspace/core4d/results/E147/rubber_hand_collision/cem/full/E147_e091_box004_20231003_2_083_p1_rubber_hull_outdir_full/trajectory_mjwp_act.npz	example_datasets/processed/core4d/unitree_g1/humanoid_object/e091_box004_20231003_2_083_p1_e096b_mask_cem/scene_act_E147_rubber_hull.xml	workspace/core4d/results/E147/rubber_hand_collision/cem/full/E147_e091_box004_20231003_2_083_p1_rubber_hull_full.mp4	workspace/core4d/results/E143/contact_masks/box004_083_p1/raw_contact_mask_3cm.npz	example_datasets/processed/core4d/unitree_g1/humanoid_object/e091_box004_20231003_2_083_p1_e096b_mask_cem/0/trajectory_kinematic.npz	0	rubber_hull	box004	box	review	E147_spider_rubberhand	E147	E147_e091_box004_20231003_2_083_p1_rubber_hull	workspace/core4d/results/E147/rubber_hand_collision/cem/full/E147_e091_box004_20231003_2_083_p1_rubber_hull_outdir_full/trajectory_mjwp_act.npz	example_datasets/processed/core4d/unitree_g1/humanoid_object/e091_box004_20231003_2_083_p1_e096b_mask_cem/scene_act_E147_rubber_hull.xml	workspace/core4d/results/E143/contact_masks/box004_083_p1/raw_contact_mask_3cm.npz	example_datasets/processed/core4d/unitree_g1/humanoid_object/e091_box004_20231003_2_083_p1_e096b_mask_cem/0/trajectory_kinematic.npz	ok	ok	
93	E162_0093_E156_gateA_box004_083_p1	E156	E156	+gateA	E156_gateA	+gateA	e091_box004_20231003_2_083_p1	box004_083_p1	E156_box004_083_p1_gateA	workspace/core4d/results/E156/clean8_gate_decay/cem/full/E156_box004_083_p1_gateA_outdir_full/trajectory_mjwp_act.npz	example_datasets/processed/core4d/unitree_g1/humanoid_object/e091_box004_20231003_2_083_p1_e096b_mask_cem/scene_act_E147_rubber_hull.xml	workspace/core4d/results/E156/clean8_gate_decay/cem/full/E156_box004_083_p1_gateA_full.mp4	workspace/core4d/results/E143/contact_masks/box004_083_p1/raw_contact_mask_3cm.npz	example_datasets/processed/core4d/unitree_g1/humanoid_object/e091_box004_20231003_2_083_p1_e096b_mask_cem/0/trajectory_kinematic.npz	0	rubber_hull	box004	box	review	E147_spider_rubberhand	E147	E147_e091_box004_20231003_2_083_p1_rubber_hull	workspace/core4d/results/E147/rubber_hand_collision/cem/full/E147_e091_box004_20231003_2_083_p1_rubber_hull_outdir_full/trajectory_mjwp_act.npz	example_datasets/processed/core4d/unitree_g1/humanoid_object/e091_box004_20231003_2_083_p1_e096b_mask_cem/scene_act_E147_rubber_hull.xml	workspace/core4d/results/E143/contact_masks/box004_083_p1/raw_contact_mask_3cm.npz	example_datasets/processed/core4d/unitree_g1/humanoid_object/e091_box004_20231003_2_083_p1_e096b_mask_cem/0/trajectory_kinematic.npz	ok	ok	
94	E162_0094_E156_E155_decay_box004_083_p1	E156	E156	E155_decay	E156_E155_decay	E155_decay	e091_box004_20231003_2_083_p1	box004_083_p1	E156_box004_083_p1_decay	workspace/core4d/results/E156/clean8_gate_decay/cem/full/E156_box004_083_p1_decay_outdir_full/trajectory_mjwp_act.npz	example_datasets/processed/core4d/unitree_g1/humanoid_object/e091_box004_20231003_2_083_p1_e096b_mask_cem/scene_act_E147_rubber_hull.xml	workspace/core4d/results/E156/clean8_gate_decay/cem/full/E156_box004_083_p1_decay_full.mp4	workspace/core4d/results/E143/contact_masks/box004_083_p1/raw_contact_mask_3cm.npz	example_datasets/processed/core4d/unitree_g1/humanoid_object/e091_box004_20231003_2_083_p1_e096b_mask_cem/0/trajectory_kinematic.npz	0	rubber_hull	box004	box	review	E147_spider_rubberhand	E147	E147_e091_box004_20231003_2_083_p1_rubber_hull	workspace/core4d/results/E147/rubber_hand_collision/cem/full/E147_e091_box004_20231003_2_083_p1_rubber_hull_outdir_full/trajectory_mjwp_act.npz	example_datasets/processed/core4d/unitree_g1/humanoid_object/e091_box004_20231003_2_083_p1_e096b_mask_cem/scene_act_E147_rubber_hull.xml	workspace/core4d/results/E143/contact_masks/box004_083_p1/raw_contact_mask_3cm.npz	example_datasets/processed/core4d/unitree_g1/humanoid_object/e091_box004_20231003_2_083_p1_e096b_mask_cem/0/trajectory_kinematic.npz	ok	ok	
95	E162_0095_E156_spiderrubberhand_box004_083_p2	E156	E148	spider-rubberhand	E156_spiderrubberhand	spider-rubberhand	e091_box004_20231003_2_083_p2	box004_083_p2	E156_box004_083_p2_spider_rubberhand	workspace/core4d/results/E148/e143_24case_rubber_hand_collision/cem/full/E148_box004_083_p2_rubber_hull_outdir_full/trajectory_mjwp_act.npz	example_datasets/processed/core4d/unitree_g1/humanoid_object/e091_box004_20231003_2_083_p2_e092_dyn/scene_act_E148_rubber_hull.xml	workspace/core4d/results/E148/e143_24case_rubber_hand_collision/cem/full/E148_box004_083_p2_rubber_hull_full.mp4	workspace/core4d/results/E143/contact_masks/box004_083_p2/raw_contact_mask_3cm.npz	example_datasets/processed/core4d/unitree_g1/humanoid_object/e091_box004_20231003_2_083_p2_e092_dyn/0/trajectory_kinematic.npz	1	rubber_hull	box004	box	review	E147_spider_rubberhand							missing_e147_case	ok	
96	E162_0096_E156_gateA_box004_083_p2	E156	E156	+gateA	E156_gateA	+gateA	e091_box004_20231003_2_083_p2	box004_083_p2	E156_box004_083_p2_gateA	workspace/core4d/results/E156/clean8_gate_decay/cem/full/E156_box004_083_p2_gateA_outdir_full/trajectory_mjwp_act.npz	example_datasets/processed/core4d/unitree_g1/humanoid_object/e091_box004_20231003_2_083_p2_e092_dyn/scene_act_E148_rubber_hull.xml	workspace/core4d/results/E156/clean8_gate_decay/cem/full/E156_box004_083_p2_gateA_full.mp4	workspace/core4d/results/E143/contact_masks/box004_083_p2/raw_contact_mask_3cm.npz	example_datasets/processed/core4d/unitree_g1/humanoid_object/e091_box004_20231003_2_083_p2_e092_dyn/0/trajectory_kinematic.npz	1	rubber_hull	box004	box	review	E147_spider_rubberhand							missing_e147_case	ok	
97	E162_0097_E156_E155_decay_box004_083_p2	E156	E155	E155_decay	E156_E155_decay	E155_decay	e091_box004_20231003_2_083_p2	box004_083_p2	E156_box004_083_p2_decay	workspace/core4d/results/E155/cem/full/E155_box004_083_p2_decay_outdir_full/trajectory_mjwp_act.npz	example_datasets/processed/core4d/unitree_g1/humanoid_object/e091_box004_20231003_2_083_p2_e092_dyn/scene_act_E148_rubber_hull.xml	workspace/core4d/results/E155/cem/full/E155_box004_083_p2_decay_full.mp4	workspace/core4d/results/E143/contact_masks/box004_083_p2/raw_contact_mask_3cm.npz	example_datasets/processed/core4d/unitree_g1/humanoid_object/e091_box004_20231003_2_083_p2_e092_dyn/0/trajectory_kinematic.npz	1	rubber_hull	box004	box	review	E147_spider_rubberhand							missing_e147_case	ok	
98	E162_0098_E156_spiderrubberhand_box023_person2	E156	E147	spider-rubberhand	E156_spiderrubberhand	spider-rubberhand	box023_person2	box023_person2	E156_box023_person2_spider_rubberhand	workspace/core4d/results/E147/rubber_hand_collision/cem/full/E147_box023_person2_rubber_hull_outdir_full/trajectory_mjwp_act.npz	example_datasets/processed/core4d/unitree_g1/humanoid_object/box023_person2_legobj/scene_act_E147_rubber_hull.xml	workspace/core4d/results/E147/rubber_hand_collision/cem/full/E147_box023_person2_rubber_hull_full.mp4	workspace/core4d/results/E143/contact_masks/box023_person2/raw_contact_mask_3cm.npz	example_datasets/processed/core4d/unitree_g1/humanoid_object/box023_person2_legobj/0/trajectory_kinematic.npz	1	rubber_hull	box023	box	review	E147_spider_rubberhand	E147	E147_box023_person2_rubber_hull	workspace/core4d/results/E147/rubber_hand_collision/cem/full/E147_box023_person2_rubber_hull_outdir_full/trajectory_mjwp_act.npz	example_datasets/processed/core4d/unitree_g1/humanoid_object/box023_person2_legobj/scene_act_E147_rubber_hull.xml	workspace/core4d/results/E143/contact_masks/box023_person2/raw_contact_mask_3cm.npz	example_datasets/processed/core4d/unitree_g1/humanoid_object/box023_person2_legobj/0/trajectory_kinematic.npz	ok	ok	
99	E162_0099_E156_gateA_box023_person2	E156	E156	+gateA	E156_gateA	+gateA	box023_person2	box023_person2	E156_box023_person2_gateA	workspace/core4d/results/E156/clean8_gate_decay/cem/full/E156_box023_person2_gateA_outdir_full/trajectory_mjwp_act.npz	example_datasets/processed/core4d/unitree_g1/humanoid_object/box023_person2_legobj/scene_act_E147_rubber_hull.xml	workspace/core4d/results/E156/clean8_gate_decay/cem/full/E156_box023_person2_gateA_full.mp4	workspace/core4d/results/E143/contact_masks/box023_person2/raw_contact_mask_3cm.npz	example_datasets/processed/core4d/unitree_g1/humanoid_object/box023_person2_legobj/0/trajectory_kinematic.npz	1	rubber_hull	box023	box	review	E147_spider_rubberhand	E147	E147_box023_person2_rubber_hull	workspace/core4d/results/E147/rubber_hand_collision/cem/full/E147_box023_person2_rubber_hull_outdir_full/trajectory_mjwp_act.npz	example_datasets/processed/core4d/unitree_g1/humanoid_object/box023_person2_legobj/scene_act_E147_rubber_hull.xml	workspace/core4d/results/E143/contact_masks/box023_person2/raw_contact_mask_3cm.npz	example_datasets/processed/core4d/unitree_g1/humanoid_object/box023_person2_legobj/0/trajectory_kinematic.npz	ok	ok	
100	E162_0100_E156_E155_decay_box023_person2	E156	E155	E155_decay	E156_E155_decay	E155_decay	box023_person2	box023_person2	E156_box023_person2_decay	workspace/core4d/results/E155/cem/full/E155_box023_person2_decay_outdir_full/trajectory_mjwp_act.npz	example_datasets/processed/core4d/unitree_g1/humanoid_object/box023_person2_legobj/scene_act_E147_rubber_hull.xml	workspace/core4d/results/E155/cem/full/E155_box023_person2_decay_full.mp4	workspace/core4d/results/E143/contact_masks/box023_person2/raw_contact_mask_3cm.npz	example_datasets/processed/core4d/unitree_g1/humanoid_object/box023_person2_legobj/0/trajectory_kinematic.npz	1	rubber_hull	box023	box	review	E147_spider_rubberhand	E147	E147_box023_person2_rubber_hull	workspace/core4d/results/E147/rubber_hand_collision/cem/full/E147_box023_person2_rubber_hull_outdir_full/trajectory_mjwp_act.npz	example_datasets/processed/core4d/unitree_g1/humanoid_object/box023_person2_legobj/scene_act_E147_rubber_hull.xml	workspace/core4d/results/E143/contact_masks/box023_person2/raw_contact_mask_3cm.npz	example_datasets/processed/core4d/unitree_g1/humanoid_object/box023_person2_legobj/0/trajectory_kinematic.npz	ok	ok	
101	E162_0101_E156_spiderrubberhand_box004_082_p1	E156	E147	spider-rubberhand	E156_spiderrubberhand	spider-rubberhand	e091_box004_20231003_2_082_p1	box004_082_p1	E156_box004_082_p1_spider_rubberhand	workspace/core4d/results/E147/rubber_hand_collision/cem/full/E147_e091_box004_20231003_2_082_p1_rubber_hull_outdir_full/trajectory_mjwp_act.npz	example_datasets/processed/core4d/unitree_g1/humanoid_object/e091_box004_20231003_2_082_p1_e096b_mask_cem/scene_act_E147_rubber_hull.xml	workspace/core4d/results/E147/rubber_hand_collision/cem/full/E147_e091_box004_20231003_2_082_p1_rubber_hull_full.mp4	workspace/core4d/results/E143/contact_masks/box004_082_p1/raw_contact_mask_3cm.npz	example_datasets/processed/core4d/unitree_g1/humanoid_object/e091_box004_20231003_2_082_p1_e096b_mask_cem/0/trajectory_kinematic.npz	0	rubber_hull	box004	box	review	E147_spider_rubberhand	E147	E147_e091_box004_20231003_2_082_p1_rubber_hull	workspace/core4d/results/E147/rubber_hand_collision/cem/full/E147_e091_box004_20231003_2_082_p1_rubber_hull_outdir_full/trajectory_mjwp_act.npz	example_datasets/processed/core4d/unitree_g1/humanoid_object/e091_box004_20231003_2_082_p1_e096b_mask_cem/scene_act_E147_rubber_hull.xml	workspace/core4d/results/E143/contact_masks/box004_082_p1/raw_contact_mask_3cm.npz	example_datasets/processed/core4d/unitree_g1/humanoid_object/e091_box004_20231003_2_082_p1_e096b_mask_cem/0/trajectory_kinematic.npz	ok	ok	
102	E162_0102_E156_gateA_box004_082_p1	E156	E156	+gateA	E156_gateA	+gateA	e091_box004_20231003_2_082_p1	box004_082_p1	E156_box004_082_p1_gateA	workspace/core4d/results/E156/clean8_gate_decay/cem/full/E156_box004_082_p1_gateA_outdir_full/trajectory_mjwp_act.npz	example_datasets/processed/core4d/unitree_g1/humanoid_object/e091_box004_20231003_2_082_p1_e096b_mask_cem/scene_act_E147_rubber_hull.xml	workspace/core4d/results/E156/clean8_gate_decay/cem/full/E156_box004_082_p1_gateA_full.mp4	workspace/core4d/results/E143/contact_masks/box004_082_p1/raw_contact_mask_3cm.npz	example_datasets/processed/core4d/unitree_g1/humanoid_object/e091_box004_20231003_2_082_p1_e096b_mask_cem/0/trajectory_kinematic.npz	0	rubber_hull	box004	box	review	E147_spider_rubberhand	E147	E147_e091_box004_20231003_2_082_p1_rubber_hull	workspace/core4d/results/E147/rubber_hand_collision/cem/full/E147_e091_box004_20231003_2_082_p1_rubber_hull_outdir_full/trajectory_mjwp_act.npz	example_datasets/processed/core4d/unitree_g1/humanoid_object/e091_box004_20231003_2_082_p1_e096b_mask_cem/scene_act_E147_rubber_hull.xml	workspace/core4d/results/E143/contact_masks/box004_082_p1/raw_contact_mask_3cm.npz	example_datasets/processed/core4d/unitree_g1/humanoid_object/e091_box004_20231003_2_082_p1_e096b_mask_cem/0/trajectory_kinematic.npz	ok	ok	
103	E162_0103_E156_E155_decay_box004_082_p1	E156	E156	E155_decay	E156_E155_decay	E155_decay	e091_box004_20231003_2_082_p1	box004_082_p1	E156_box004_082_p1_decay	workspace/core4d/results/E156/clean8_gate_decay/cem/full/E156_box004_082_p1_decay_outdir_full/trajectory_mjwp_act.npz	example_datasets/processed/core4d/unitree_g1/humanoid_object/e091_box004_20231003_2_082_p1_e096b_mask_cem/scene_act_E147_rubber_hull.xml	workspace/core4d/results/E156/clean8_gate_decay/cem/full/E156_box004_082_p1_decay_full.mp4	workspace/core4d/results/E143/contact_masks/box004_082_p1/raw_contact_mask_3cm.npz	example_datasets/processed/core4d/unitree_g1/humanoid_object/e091_box004_20231003_2_082_p1_e096b_mask_cem/0/trajectory_kinematic.npz	0	rubber_hull	box004	box	review	E147_spider_rubberhand	E147	E147_e091_box004_20231003_2_082_p1_rubber_hull	workspace/core4d/results/E147/rubber_hand_collision/cem/full/E147_e091_box004_20231003_2_082_p1_rubber_hull_outdir_full/trajectory_mjwp_act.npz	example_datasets/processed/core4d/unitree_g1/humanoid_object/e091_box004_20231003_2_082_p1_e096b_mask_cem/scene_act_E147_rubber_hull.xml	workspace/core4d/results/E143/contact_masks/box004_082_p1/raw_contact_mask_3cm.npz	example_datasets/processed/core4d/unitree_g1/humanoid_object/e091_box004_20231003_2_082_p1_e096b_mask_cem/0/trajectory_kinematic.npz	ok	ok	
104	E162_0104_E156_spiderrubberhand_box026_139_p1	E156	E148	spider-rubberhand	E156_spiderrubberhand	spider-rubberhand	e091_box026_20231023_139_p1	box026_139_p1	E156_box026_139_p1_spider_rubberhand	workspace/core4d/results/E148/e143_24case_rubber_hand_collision/cem/full/E148_box026_139_p1_rubber_hull_outdir_full/trajectory_mjwp_act.npz	example_datasets/processed/core4d/unitree_g1/humanoid_object/e091_box026_20231023_139_p1_e106_clean/scene_act_E148_rubber_hull.xml	workspace/core4d/results/E148/e143_24case_rubber_hand_collision/cem/full/E148_box026_139_p1_rubber_hull_full.mp4	workspace/core4d/results/E143/contact_masks/box026_139_p1/raw_contact_mask_3cm.npz	example_datasets/processed/core4d/unitree_g1/humanoid_object/e091_box026_20231023_139_p1_e106_clean/0/trajectory_kinematic.npz	0	rubber_hull	box026	box	review	E147_spider_rubberhand							missing_e147_case	ok	
105	E162_0105_E156_gateA_box026_139_p1	E156	E156	+gateA	E156_gateA	+gateA	e091_box026_20231023_139_p1	box026_139_p1	E156_box026_139_p1_gateA	workspace/core4d/results/E156/clean8_gate_decay/cem/full/E156_box026_139_p1_gateA_outdir_full/trajectory_mjwp_act.npz	example_datasets/processed/core4d/unitree_g1/humanoid_object/e091_box026_20231023_139_p1_e106_clean/scene_act_E148_rubber_hull.xml	workspace/core4d/results/E156/clean8_gate_decay/cem/full/E156_box026_139_p1_gateA_full.mp4	workspace/core4d/results/E143/contact_masks/box026_139_p1/raw_contact_mask_3cm.npz	example_datasets/processed/core4d/unitree_g1/humanoid_object/e091_box026_20231023_139_p1_e106_clean/0/trajectory_kinematic.npz	0	rubber_hull	box026	box	review	E147_spider_rubberhand							missing_e147_case	ok	
106	E162_0106_E156_E155_decay_box026_139_p1	E156	E156	E155_decay	E156_E155_decay	E155_decay	e091_box026_20231023_139_p1	box026_139_p1	E156_box026_139_p1_decay	workspace/core4d/results/E156/clean8_gate_decay/cem/full/E156_box026_139_p1_decay_outdir_full/trajectory_mjwp_act.npz	example_datasets/processed/core4d/unitree_g1/humanoid_object/e091_box026_20231023_139_p1_e106_clean/scene_act_E148_rubber_hull.xml	workspace/core4d/results/E156/clean8_gate_decay/cem/full/E156_box026_139_p1_decay_full.mp4	workspace/core4d/results/E143/contact_masks/box026_139_p1/raw_contact_mask_3cm.npz	example_datasets/processed/core4d/unitree_g1/humanoid_object/e091_box026_20231023_139_p1_e106_clean/0/trajectory_kinematic.npz	0	rubber_hull	box026	box	review	E147_spider_rubberhand							missing_e147_case	ok	
107	E162_0107_E158_gateA_surfaceBandA_box021_035_p1	E158	E158	gateA+surfaceBand-A	E158_gateA_surfaceBandA	gateA+surfaceBand-A	d003_box021_20231011_035_p1	box021_035_p1	E158_box021_035_p1_gateA_surfaceBandA	workspace/core4d/results/E158/gate_surface_band/cem/full/E158_box021_035_p1_gateA_surfaceBandA_outdir_full/trajectory_mjwp_act.npz	example_datasets/processed/core4d/unitree_g1/humanoid_object/d003_box021_20231011_035_p1_e107_clean/scene_act_E147_rubber_hull.xml	workspace/core4d/results/E158/gate_surface_band/cem/full/E158_box021_035_p1_gateA_surfaceBandA_full.mp4	workspace/core4d/results/E143/contact_masks/box021_035_p1/raw_contact_mask_3cm.npz	example_datasets/processed/core4d/unitree_g1/humanoid_object/d003_box021_20231011_035_p1_e107_clean/0/trajectory_kinematic.npz	0	rubber_hull	box021	box	review	E147_spider_rubberhand	E147	E147_d003_box021_20231011_035_p1_rubber_hull	workspace/core4d/results/E147/rubber_hand_collision/cem/full/E147_d003_box021_20231011_035_p1_rubber_hull_outdir_full/trajectory_mjwp_act.npz	example_datasets/processed/core4d/unitree_g1/humanoid_object/d003_box021_20231011_035_p1_e107_clean/scene_act_E147_rubber_hull.xml	workspace/core4d/results/E143/contact_masks/box021_035_p1/raw_contact_mask_3cm.npz	example_datasets/processed/core4d/unitree_g1/humanoid_object/d003_box021_20231011_035_p1_e107_clean/0/trajectory_kinematic.npz	ok	ok	
108	E162_0108_E158_gateA_surfaceBandA_box021_035_p2	E158	E158	gateA+surfaceBand-A	E158_gateA_surfaceBandA	gateA+surfaceBand-A	d003_box021_20231011_035_p2	box021_035_p2	E158_box021_035_p2_gateA_surfaceBandA	workspace/core4d/results/E158/gate_surface_band/cem/full/E158_box021_035_p2_gateA_surfaceBandA_outdir_full/trajectory_mjwp_act.npz	example_datasets/processed/core4d/unitree_g1/humanoid_object/d003_box021_20231011_035_p2_e107_clean/scene_act_E147_rubber_hull.xml	workspace/core4d/results/E158/gate_surface_band/cem/full/E158_box021_035_p2_gateA_surfaceBandA_full.mp4	workspace/core4d/results/E143/contact_masks/box021_035_p2/raw_contact_mask_3cm.npz	example_datasets/processed/core4d/unitree_g1/humanoid_object/d003_box021_20231011_035_p2_e107_clean/0/trajectory_kinematic.npz	1	rubber_hull	box021	box	review	E147_spider_rubberhand	E147	E147_d003_box021_20231011_035_p2_rubber_hull	workspace/core4d/results/E147/rubber_hand_collision/cem/full/E147_d003_box021_20231011_035_p2_rubber_hull_outdir_full/trajectory_mjwp_act.npz	example_datasets/processed/core4d/unitree_g1/humanoid_object/d003_box021_20231011_035_p2_e107_clean/scene_act_E147_rubber_hull.xml	workspace/core4d/results/E143/contact_masks/box021_035_p2/raw_contact_mask_3cm.npz	example_datasets/processed/core4d/unitree_g1/humanoid_object/d003_box021_20231011_035_p2_e107_clean/0/trajectory_kinematic.npz	ok	ok	
109	E162_0109_E158_gateA_surfaceBandA_box021_029_p2	E158	E158	gateA+surfaceBand-A	E158_gateA_surfaceBandA	gateA+surfaceBand-A	d003_box021_20231018_029_p2	box021_029_p2	E158_box021_029_p2_gateA_surfaceBandA	workspace/core4d/results/E158/gate_surface_band/cem/full/E158_box021_029_p2_gateA_surfaceBandA_outdir_full/trajectory_mjwp_act.npz	example_datasets/processed/core4d/unitree_g1/humanoid_object/d003_box021_20231018_029_p2_e107_clean/scene_act_E148_rubber_hull.xml	workspace/core4d/results/E158/gate_surface_band/cem/full/E158_box021_029_p2_gateA_surfaceBandA_full.mp4	workspace/core4d/results/E143/contact_masks/box021_029_p2/raw_contact_mask_3cm.npz	example_datasets/processed/core4d/unitree_g1/humanoid_object/d003_box021_20231018_029_p2_e107_clean/0/trajectory_kinematic.npz	1	rubber_hull	box021	box	review	E147_spider_rubberhand							missing_e147_case	ok	
110	E162_0110_E158_gateA_surfaceBandA_box004_083_p1	E158	E158	gateA+surfaceBand-A	E158_gateA_surfaceBandA	gateA+surfaceBand-A	e091_box004_20231003_2_083_p1	box004_083_p1	E158_box004_083_p1_gateA_surfaceBandA	workspace/core4d/results/E158/gate_surface_band/cem/full/E158_box004_083_p1_gateA_surfaceBandA_outdir_full/trajectory_mjwp_act.npz	example_datasets/processed/core4d/unitree_g1/humanoid_object/e091_box004_20231003_2_083_p1_e096b_mask_cem/scene_act_E147_rubber_hull.xml	workspace/core4d/results/E158/gate_surface_band/cem/full/E158_box004_083_p1_gateA_surfaceBandA_full.mp4	workspace/core4d/results/E143/contact_masks/box004_083_p1/raw_contact_mask_3cm.npz	example_datasets/processed/core4d/unitree_g1/humanoid_object/e091_box004_20231003_2_083_p1_e096b_mask_cem/0/trajectory_kinematic.npz	0	rubber_hull	box004	box	review	E147_spider_rubberhand	E147	E147_e091_box004_20231003_2_083_p1_rubber_hull	workspace/core4d/results/E147/rubber_hand_collision/cem/full/E147_e091_box004_20231003_2_083_p1_rubber_hull_outdir_full/trajectory_mjwp_act.npz	example_datasets/processed/core4d/unitree_g1/humanoid_object/e091_box004_20231003_2_083_p1_e096b_mask_cem/scene_act_E147_rubber_hull.xml	workspace/core4d/results/E143/contact_masks/box004_083_p1/raw_contact_mask_3cm.npz	example_datasets/processed/core4d/unitree_g1/humanoid_object/e091_box004_20231003_2_083_p1_e096b_mask_cem/0/trajectory_kinematic.npz	ok	ok	
111	E162_0111_E158_gateA_surfaceBandA_box004_083_p2	E158	E158	gateA+surfaceBand-A	E158_gateA_surfaceBandA	gateA+surfaceBand-A	e091_box004_20231003_2_083_p2	box004_083_p2	E158_box004_083_p2_gateA_surfaceBandA	workspace/core4d/results/E158/gate_surface_band/cem/full/E158_box004_083_p2_gateA_surfaceBandA_outdir_full/trajectory_mjwp_act.npz	example_datasets/processed/core4d/unitree_g1/humanoid_object/e091_box004_20231003_2_083_p2_e092_dyn/scene_act_E148_rubber_hull.xml	workspace/core4d/results/E158/gate_surface_band/cem/full/E158_box004_083_p2_gateA_surfaceBandA_full.mp4	workspace/core4d/results/E143/contact_masks/box004_083_p2/raw_contact_mask_3cm.npz	example_datasets/processed/core4d/unitree_g1/humanoid_object/e091_box004_20231003_2_083_p2_e092_dyn/0/trajectory_kinematic.npz	1	rubber_hull	box004	box	review	E147_spider_rubberhand							missing_e147_case	ok	
112	E162_0112_E158_gateA_surfaceBandA_box023_person2	E158	E158	gateA+surfaceBand-A	E158_gateA_surfaceBandA	gateA+surfaceBand-A	box023_person2	box023_person2	E158_box023_person2_gateA_surfaceBandA	workspace/core4d/results/E158/gate_surface_band/cem/full/E158_box023_person2_gateA_surfaceBandA_outdir_full/trajectory_mjwp_act.npz	example_datasets/processed/core4d/unitree_g1/humanoid_object/box023_person2_legobj/scene_act_E147_rubber_hull.xml	workspace/core4d/results/E158/gate_surface_band/cem/full/E158_box023_person2_gateA_surfaceBandA_full.mp4	workspace/core4d/results/E143/contact_masks/box023_person2/raw_contact_mask_3cm.npz	example_datasets/processed/core4d/unitree_g1/humanoid_object/box023_person2_legobj/0/trajectory_kinematic.npz	1	rubber_hull	box023	box	review	E147_spider_rubberhand	E147	E147_box023_person2_rubber_hull	workspace/core4d/results/E147/rubber_hand_collision/cem/full/E147_box023_person2_rubber_hull_outdir_full/trajectory_mjwp_act.npz	example_datasets/processed/core4d/unitree_g1/humanoid_object/box023_person2_legobj/scene_act_E147_rubber_hull.xml	workspace/core4d/results/E143/contact_masks/box023_person2/raw_contact_mask_3cm.npz	example_datasets/processed/core4d/unitree_g1/humanoid_object/box023_person2_legobj/0/trajectory_kinematic.npz	ok	ok	
113	E162_0113_E159_gateA_surfaceBandA2_box021_035_p1	E159	E159	gateA+surfaceBand-A2	E159_gateA_surfaceBandA2	gateA+surfaceBand-A2	d003_box021_20231011_035_p1	box021_035_p1	E159_box021_035_p1_gateA_surfaceBandA2	workspace/core4d/results/E159/gate_surface_band_A2/cem/full/E159_box021_035_p1_gateA_surfaceBandA2_outdir_full/trajectory_mjwp_act.npz	example_datasets/processed/core4d/unitree_g1/humanoid_object/d003_box021_20231011_035_p1_e107_clean/scene_act_E147_rubber_hull.xml	workspace/core4d/results/E159/gate_surface_band_A2/cem/full/E159_box021_035_p1_gateA_surfaceBandA2_full.mp4	workspace/core4d/results/E143/contact_masks/box021_035_p1/raw_contact_mask_3cm.npz	example_datasets/processed/core4d/unitree_g1/humanoid_object/d003_box021_20231011_035_p1_e107_clean/0/trajectory_kinematic.npz	0	rubber_hull	box021	box	review	E147_spider_rubberhand	E147	E147_d003_box021_20231011_035_p1_rubber_hull	workspace/core4d/results/E147/rubber_hand_collision/cem/full/E147_d003_box021_20231011_035_p1_rubber_hull_outdir_full/trajectory_mjwp_act.npz	example_datasets/processed/core4d/unitree_g1/humanoid_object/d003_box021_20231011_035_p1_e107_clean/scene_act_E147_rubber_hull.xml	workspace/core4d/results/E143/contact_masks/box021_035_p1/raw_contact_mask_3cm.npz	example_datasets/processed/core4d/unitree_g1/humanoid_object/d003_box021_20231011_035_p1_e107_clean/0/trajectory_kinematic.npz	ok	ok	
114	E162_0114_E159_gateA_surfaceBandA2_box021_035_p2	E159	E159	gateA+surfaceBand-A2	E159_gateA_surfaceBandA2	gateA+surfaceBand-A2	d003_box021_20231011_035_p2	box021_035_p2	E159_box021_035_p2_gateA_surfaceBandA2	workspace/core4d/results/E159/gate_surface_band_A2/cem/full/E159_box021_035_p2_gateA_surfaceBandA2_outdir_full/trajectory_mjwp_act.npz	example_datasets/processed/core4d/unitree_g1/humanoid_object/d003_box021_20231011_035_p2_e107_clean/scene_act_E147_rubber_hull.xml	workspace/core4d/results/E159/gate_surface_band_A2/cem/full/E159_box021_035_p2_gateA_surfaceBandA2_full.mp4	workspace/core4d/results/E143/contact_masks/box021_035_p2/raw_contact_mask_3cm.npz	example_datasets/processed/core4d/unitree_g1/humanoid_object/d003_box021_20231011_035_p2_e107_clean/0/trajectory_kinematic.npz	1	rubber_hull	box021	box	review	E147_spider_rubberhand	E147	E147_d003_box021_20231011_035_p2_rubber_hull	workspace/core4d/results/E147/rubber_hand_collision/cem/full/E147_d003_box021_20231011_035_p2_rubber_hull_outdir_full/trajectory_mjwp_act.npz	example_datasets/processed/core4d/unitree_g1/humanoid_object/d003_box021_20231011_035_p2_e107_clean/scene_act_E147_rubber_hull.xml	workspace/core4d/results/E143/contact_masks/box021_035_p2/raw_contact_mask_3cm.npz	example_datasets/processed/core4d/unitree_g1/humanoid_object/d003_box021_20231011_035_p2_e107_clean/0/trajectory_kinematic.npz	ok	ok	
115	E162_0115_E159_gateA_surfaceBandA2_box021_029_p2	E159	E159	gateA+surfaceBand-A2	E159_gateA_surfaceBandA2	gateA+surfaceBand-A2	d003_box021_20231018_029_p2	box021_029_p2	E159_box021_029_p2_gateA_surfaceBandA2	workspace/core4d/results/E159/gate_surface_band_A2/cem/full/E159_box021_029_p2_gateA_surfaceBandA2_outdir_full/trajectory_mjwp_act.npz	example_datasets/processed/core4d/unitree_g1/humanoid_object/d003_box021_20231018_029_p2_e107_clean/scene_act_E148_rubber_hull.xml	workspace/core4d/results/E159/gate_surface_band_A2/cem/full/E159_box021_029_p2_gateA_surfaceBandA2_full.mp4	workspace/core4d/results/E143/contact_masks/box021_029_p2/raw_contact_mask_3cm.npz	example_datasets/processed/core4d/unitree_g1/humanoid_object/d003_box021_20231018_029_p2_e107_clean/0/trajectory_kinematic.npz	1	rubber_hull	box021	box	review	E147_spider_rubberhand							missing_e147_case	ok	
116	E162_0116_E159_gateA_surfaceBandA2_box004_083_p1	E159	E159	gateA+surfaceBand-A2	E159_gateA_surfaceBandA2	gateA+surfaceBand-A2	e091_box004_20231003_2_083_p1	box004_083_p1	E159_box004_083_p1_gateA_surfaceBandA2	workspace/core4d/results/E159/gate_surface_band_A2/cem/full/E159_box004_083_p1_gateA_surfaceBandA2_outdir_full/trajectory_mjwp_act.npz	example_datasets/processed/core4d/unitree_g1/humanoid_object/e091_box004_20231003_2_083_p1_e096b_mask_cem/scene_act_E147_rubber_hull.xml	workspace/core4d/results/E159/gate_surface_band_A2/cem/full/E159_box004_083_p1_gateA_surfaceBandA2_full.mp4	workspace/core4d/results/E143/contact_masks/box004_083_p1/raw_contact_mask_3cm.npz	example_datasets/processed/core4d/unitree_g1/humanoid_object/e091_box004_20231003_2_083_p1_e096b_mask_cem/0/trajectory_kinematic.npz	0	rubber_hull	box004	box	review	E147_spider_rubberhand	E147	E147_e091_box004_20231003_2_083_p1_rubber_hull	workspace/core4d/results/E147/rubber_hand_collision/cem/full/E147_e091_box004_20231003_2_083_p1_rubber_hull_outdir_full/trajectory_mjwp_act.npz	example_datasets/processed/core4d/unitree_g1/humanoid_object/e091_box004_20231003_2_083_p1_e096b_mask_cem/scene_act_E147_rubber_hull.xml	workspace/core4d/results/E143/contact_masks/box004_083_p1/raw_contact_mask_3cm.npz	example_datasets/processed/core4d/unitree_g1/humanoid_object/e091_box004_20231003_2_083_p1_e096b_mask_cem/0/trajectory_kinematic.npz	ok	ok	
117	E162_0117_E159_gateA_surfaceBandA2_box004_083_p2	E159	E159	gateA+surfaceBand-A2	E159_gateA_surfaceBandA2	gateA+surfaceBand-A2	e091_box004_20231003_2_083_p2	box004_083_p2	E159_box004_083_p2_gateA_surfaceBandA2	workspace/core4d/results/E159/gate_surface_band_A2/cem/full/E159_box004_083_p2_gateA_surfaceBandA2_outdir_full/trajectory_mjwp_act.npz	example_datasets/processed/core4d/unitree_g1/humanoid_object/e091_box004_20231003_2_083_p2_e092_dyn/scene_act_E148_rubber_hull.xml	workspace/core4d/results/E159/gate_surface_band_A2/cem/full/E159_box004_083_p2_gateA_surfaceBandA2_full.mp4	workspace/core4d/results/E143/contact_masks/box004_083_p2/raw_contact_mask_3cm.npz	example_datasets/processed/core4d/unitree_g1/humanoid_object/e091_box004_20231003_2_083_p2_e092_dyn/0/trajectory_kinematic.npz	1	rubber_hull	box004	box	review	E147_spider_rubberhand							missing_e147_case	ok	
118	E162_0118_E159_gateA_surfaceBandA2_box023_person2	E159	E159	gateA+surfaceBand-A2	E159_gateA_surfaceBandA2	gateA+surfaceBand-A2	box023_person2	box023_person2	E159_box023_person2_gateA_surfaceBandA2	workspace/core4d/results/E159/gate_surface_band_A2/cem/full/E159_box023_person2_gateA_surfaceBandA2_outdir_full/trajectory_mjwp_act.npz	example_datasets/processed/core4d/unitree_g1/humanoid_object/box023_person2_legobj/scene_act_E147_rubber_hull.xml	workspace/core4d/results/E159/gate_surface_band_A2/cem/full/E159_box023_person2_gateA_surfaceBandA2_full.mp4	workspace/core4d/results/E143/contact_masks/box023_person2/raw_contact_mask_3cm.npz	example_datasets/processed/core4d/unitree_g1/humanoid_object/box023_person2_legobj/0/trajectory_kinematic.npz	1	rubber_hull	box023	box	review	E147_spider_rubberhand	E147	E147_box023_person2_rubber_hull	workspace/core4d/results/E147/rubber_hand_collision/cem/full/E147_box023_person2_rubber_hull_outdir_full/trajectory_mjwp_act.npz	example_datasets/processed/core4d/unitree_g1/humanoid_object/box023_person2_legobj/scene_act_E147_rubber_hull.xml	workspace/core4d/results/E143/contact_masks/box023_person2/raw_contact_mask_3cm.npz	example_datasets/processed/core4d/unitree_g1/humanoid_object/box023_person2_legobj/0/trajectory_kinematic.npz	ok	ok	
119	E162_0119_E160_gateA_surfaceBandA2_postureRerankA_box021_029_p2	E160	E160	gateA+surfaceBand-A2+postureRerankA	E160_gateA_surfaceBandA2_postureRerankA	gateA+surfaceBand-A2+postureRerankA	d003_box021_20231018_029_p2	box021_029_p2	E160_box021_029_p2_gateA_postureRerankA	workspace/core4d/results/E160/posture_rerank/cem/full/E160_box021_029_p2_gateA_postureRerankA_outdir_full/trajectory_mjwp_act.npz	example_datasets/processed/core4d/unitree_g1/humanoid_object/d003_box021_20231018_029_p2_e107_clean/scene_act_E148_rubber_hull.xml	workspace/core4d/results/E160/posture_rerank/cem/full/E160_box021_029_p2_gateA_postureRerankA_full.mp4	workspace/core4d/results/E143/contact_masks/box021_029_p2/raw_contact_mask_3cm.npz	example_datasets/processed/core4d/unitree_g1/humanoid_object/d003_box021_20231018_029_p2_e107_clean/0/trajectory_kinematic.npz	1	rubber_hull	box021	box	review	E147_spider_rubberhand							missing_e147_case	ok	
120	E162_0120_E160_gateA_surfaceBandA2_postureRerankA_box004_083_p2	E160	E160	gateA+surfaceBand-A2+postureRerankA	E160_gateA_surfaceBandA2_postureRerankA	gateA+surfaceBand-A2+postureRerankA	e091_box004_20231003_2_083_p2	box004_083_p2	E160_box004_083_p2_gateA_postureRerankA	workspace/core4d/results/E160/posture_rerank/cem/full/E160_box004_083_p2_gateA_postureRerankA_outdir_full/trajectory_mjwp_act.npz	example_datasets/processed/core4d/unitree_g1/humanoid_object/e091_box004_20231003_2_083_p2_e092_dyn/scene_act_E148_rubber_hull.xml	workspace/core4d/results/E160/posture_rerank/cem/full/E160_box004_083_p2_gateA_postureRerankA_full.mp4	workspace/core4d/results/E143/contact_masks/box004_083_p2/raw_contact_mask_3cm.npz	example_datasets/processed/core4d/unitree_g1/humanoid_object/e091_box004_20231003_2_083_p2_e092_dyn/0/trajectory_kinematic.npz	1	rubber_hull	box004	box	review	E147_spider_rubberhand							missing_e147_case	ok	
121	E162_0121_E160_gateA_surfaceBandA2_postureRerankA_box023_person2	E160	E160	gateA+surfaceBand-A2+postureRerankA	E160_gateA_surfaceBandA2_postureRerankA	gateA+surfaceBand-A2+postureRerankA	box023_person2	box023_person2	E160_box023_person2_gateA_postureRerankA	workspace/core4d/results/E160/posture_rerank/cem/full/E160_box023_person2_gateA_postureRerankA_outdir_full/trajectory_mjwp_act.npz	example_datasets/processed/core4d/unitree_g1/humanoid_object/box023_person2_legobj/scene_act_E147_rubber_hull.xml	workspace/core4d/results/E160/posture_rerank/cem/full/E160_box023_person2_gateA_postureRerankA_full.mp4	workspace/core4d/results/E143/contact_masks/box023_person2/raw_contact_mask_3cm.npz	example_datasets/processed/core4d/unitree_g1/humanoid_object/box023_person2_legobj/0/trajectory_kinematic.npz	1	rubber_hull	box023	box	review	E147_spider_rubberhand	E147	E147_box023_person2_rubber_hull	workspace/core4d/results/E147/rubber_hand_collision/cem/full/E147_box023_person2_rubber_hull_outdir_full/trajectory_mjwp_act.npz	example_datasets/processed/core4d/unitree_g1/humanoid_object/box023_person2_legobj/scene_act_E147_rubber_hull.xml	workspace/core4d/results/E143/contact_masks/box023_person2/raw_contact_mask_3cm.npz	example_datasets/processed/core4d/unitree_g1/humanoid_object/box023_person2_legobj/0/trajectory_kinematic.npz	ok	ok	
122	E162_0122_E161_gateA_surfaceBandA2_postureRerankA_box021_035_p1	E161	E161	gateA+surfaceBand-A2+postureRerankA	E161_gateA_surfaceBandA2_postureRerankA	gateA+surfaceBand-A2+postureRerankA	d003_box021_20231011_035_p1	box021_035_p1	E161_box021_035_p1_postureRerankA	workspace/core4d/results/E161/surface_release_ablation/cem/full/E161_box021_035_p1_postureRerankA_outdir_full/trajectory_mjwp_act.npz	example_datasets/processed/core4d/unitree_g1/humanoid_object/d003_box021_20231011_035_p1_e107_clean/scene_act_E147_rubber_hull.xml	workspace/core4d/results/E161/surface_release_ablation/cem/full/E161_box021_035_p1_postureRerankA_full.mp4	workspace/core4d/results/E143/contact_masks/box021_035_p1/raw_contact_mask_3cm.npz	example_datasets/processed/core4d/unitree_g1/humanoid_object/d003_box021_20231011_035_p1_e107_clean/0/trajectory_kinematic.npz	0	rubber_hull	box021	box	review	E147_spider_rubberhand	E147	E147_d003_box021_20231011_035_p1_rubber_hull	workspace/core4d/results/E147/rubber_hand_collision/cem/full/E147_d003_box021_20231011_035_p1_rubber_hull_outdir_full/trajectory_mjwp_act.npz	example_datasets/processed/core4d/unitree_g1/humanoid_object/d003_box021_20231011_035_p1_e107_clean/scene_act_E147_rubber_hull.xml	workspace/core4d/results/E143/contact_masks/box021_035_p1/raw_contact_mask_3cm.npz	example_datasets/processed/core4d/unitree_g1/humanoid_object/d003_box021_20231011_035_p1_e107_clean/0/trajectory_kinematic.npz	ok	ok	
123	E162_0123_E161_gateA_surfaceBandA2_postureRerankA_box021_035_p2	E161	E161	gateA+surfaceBand-A2+postureRerankA	E161_gateA_surfaceBandA2_postureRerankA	gateA+surfaceBand-A2+postureRerankA	d003_box021_20231011_035_p2	box021_035_p2	E161_box021_035_p2_postureRerankA	workspace/core4d/results/E161/surface_release_ablation/cem/full/E161_box021_035_p2_postureRerankA_outdir_full/trajectory_mjwp_act.npz	example_datasets/processed/core4d/unitree_g1/humanoid_object/d003_box021_20231011_035_p2_e107_clean/scene_act_E147_rubber_hull.xml	workspace/core4d/results/E161/surface_release_ablation/cem/full/E161_box021_035_p2_postureRerankA_full.mp4	workspace/core4d/results/E143/contact_masks/box021_035_p2/raw_contact_mask_3cm.npz	example_datasets/processed/core4d/unitree_g1/humanoid_object/d003_box021_20231011_035_p2_e107_clean/0/trajectory_kinematic.npz	1	rubber_hull	box021	box	review	E147_spider_rubberhand	E147	E147_d003_box021_20231011_035_p2_rubber_hull	workspace/core4d/results/E147/rubber_hand_collision/cem/full/E147_d003_box021_20231011_035_p2_rubber_hull_outdir_full/trajectory_mjwp_act.npz	example_datasets/processed/core4d/unitree_g1/humanoid_object/d003_box021_20231011_035_p2_e107_clean/scene_act_E147_rubber_hull.xml	workspace/core4d/results/E143/contact_masks/box021_035_p2/raw_contact_mask_3cm.npz	example_datasets/processed/core4d/unitree_g1/humanoid_object/d003_box021_20231011_035_p2_e107_clean/0/trajectory_kinematic.npz	ok	ok	
124	E162_0124_E161_gateA_surfaceBandA2_postureRerankA_box021_029_p2	E161	E160	gateA+surfaceBand-A2+postureRerankA	E161_gateA_surfaceBandA2_postureRerankA	gateA+surfaceBand-A2+postureRerankA	d003_box021_20231018_029_p2	box021_029_p2	E161_box021_029_p2_postureRerankA	workspace/core4d/results/E160/posture_rerank/cem/full/E160_box021_029_p2_gateA_postureRerankA_outdir_full/trajectory_mjwp_act.npz	example_datasets/processed/core4d/unitree_g1/humanoid_object/d003_box021_20231018_029_p2_e107_clean/scene_act_E148_rubber_hull.xml	workspace/core4d/results/E160/posture_rerank/cem/full/E160_box021_029_p2_gateA_postureRerankA_full.mp4	workspace/core4d/results/E143/contact_masks/box021_029_p2/raw_contact_mask_3cm.npz	example_datasets/processed/core4d/unitree_g1/humanoid_object/d003_box021_20231018_029_p2_e107_clean/0/trajectory_kinematic.npz	1	rubber_hull	box021	box	review	E147_spider_rubberhand							missing_e147_case	ok	
125	E162_0125_E161_gateA_surfaceBandA2_postureRerankA_box004_083_p1	E161	E161	gateA+surfaceBand-A2+postureRerankA	E161_gateA_surfaceBandA2_postureRerankA	gateA+surfaceBand-A2+postureRerankA	e091_box004_20231003_2_083_p1	box004_083_p1	E161_box004_083_p1_postureRerankA	workspace/core4d/results/E161/surface_release_ablation/cem/full/E161_box004_083_p1_postureRerankA_outdir_full/trajectory_mjwp_act.npz	example_datasets/processed/core4d/unitree_g1/humanoid_object/e091_box004_20231003_2_083_p1_e096b_mask_cem/scene_act_E147_rubber_hull.xml	workspace/core4d/results/E161/surface_release_ablation/cem/full/E161_box004_083_p1_postureRerankA_full.mp4	workspace/core4d/results/E143/contact_masks/box004_083_p1/raw_contact_mask_3cm.npz	example_datasets/processed/core4d/unitree_g1/humanoid_object/e091_box004_20231003_2_083_p1_e096b_mask_cem/0/trajectory_kinematic.npz	0	rubber_hull	box004	box	review	E147_spider_rubberhand	E147	E147_e091_box004_20231003_2_083_p1_rubber_hull	workspace/core4d/results/E147/rubber_hand_collision/cem/full/E147_e091_box004_20231003_2_083_p1_rubber_hull_outdir_full/trajectory_mjwp_act.npz	example_datasets/processed/core4d/unitree_g1/humanoid_object/e091_box004_20231003_2_083_p1_e096b_mask_cem/scene_act_E147_rubber_hull.xml	workspace/core4d/results/E143/contact_masks/box004_083_p1/raw_contact_mask_3cm.npz	example_datasets/processed/core4d/unitree_g1/humanoid_object/e091_box004_20231003_2_083_p1_e096b_mask_cem/0/trajectory_kinematic.npz	ok	ok	
126	E162_0126_E161_gateA_surfaceBandA2_postureRerankA_box004_083_p2	E161	E160	gateA+surfaceBand-A2+postureRerankA	E161_gateA_surfaceBandA2_postureRerankA	gateA+surfaceBand-A2+postureRerankA	e091_box004_20231003_2_083_p2	box004_083_p2	E161_box004_083_p2_postureRerankA	workspace/core4d/results/E160/posture_rerank/cem/full/E160_box004_083_p2_gateA_postureRerankA_outdir_full/trajectory_mjwp_act.npz	example_datasets/processed/core4d/unitree_g1/humanoid_object/e091_box004_20231003_2_083_p2_e092_dyn/scene_act_E148_rubber_hull.xml	workspace/core4d/results/E160/posture_rerank/cem/full/E160_box004_083_p2_gateA_postureRerankA_full.mp4	workspace/core4d/results/E143/contact_masks/box004_083_p2/raw_contact_mask_3cm.npz	example_datasets/processed/core4d/unitree_g1/humanoid_object/e091_box004_20231003_2_083_p2_e092_dyn/0/trajectory_kinematic.npz	1	rubber_hull	box004	box	review	E147_spider_rubberhand							missing_e147_case	ok	
127	E162_0127_E161_gateA_surfaceBandA2_postureRerankA_box023_person2	E161	E160	gateA+surfaceBand-A2+postureRerankA	E161_gateA_surfaceBandA2_postureRerankA	gateA+surfaceBand-A2+postureRerankA	box023_person2	box023_person2	E161_box023_person2_postureRerankA	workspace/core4d/results/E160/posture_rerank/cem/full/E160_box023_person2_gateA_postureRerankA_outdir_full/trajectory_mjwp_act.npz	example_datasets/processed/core4d/unitree_g1/humanoid_object/box023_person2_legobj/scene_act_E147_rubber_hull.xml	workspace/core4d/results/E160/posture_rerank/cem/full/E160_box023_person2_gateA_postureRerankA_full.mp4	workspace/core4d/results/E143/contact_masks/box023_person2/raw_contact_mask_3cm.npz	example_datasets/processed/core4d/unitree_g1/humanoid_object/box023_person2_legobj/0/trajectory_kinematic.npz	1	rubber_hull	box023	box	review	E147_spider_rubberhand	E147	E147_box023_person2_rubber_hull	workspace/core4d/results/E147/rubber_hand_collision/cem/full/E147_box023_person2_rubber_hull_outdir_full/trajectory_mjwp_act.npz	example_datasets/processed/core4d/unitree_g1/humanoid_object/box023_person2_legobj/scene_act_E147_rubber_hull.xml	workspace/core4d/results/E143/contact_masks/box023_person2/raw_contact_mask_3cm.npz	example_datasets/processed/core4d/unitree_g1/humanoid_object/box023_person2_legobj/0/trajectory_kinematic.npz	ok	ok	
128	E162_0128_E161_gateA_surfaceBandA2_postureRerankA_box004_082_p1	E161	E161	gateA+surfaceBand-A2+postureRerankA	E161_gateA_surfaceBandA2_postureRerankA	gateA+surfaceBand-A2+postureRerankA	e091_box004_20231003_2_082_p1	box004_082_p1	E161_box004_082_p1_postureRerankA	workspace/core4d/results/E161/surface_release_ablation/cem/full/E161_box004_082_p1_postureRerankA_outdir_full/trajectory_mjwp_act.npz	example_datasets/processed/core4d/unitree_g1/humanoid_object/e091_box004_20231003_2_082_p1_e096b_mask_cem/scene_act_E147_rubber_hull.xml	workspace/core4d/results/E161/surface_release_ablation/cem/full/E161_box004_082_p1_postureRerankA_full.mp4	workspace/core4d/results/E143/contact_masks/box004_082_p1/raw_contact_mask_3cm.npz	example_datasets/processed/core4d/unitree_g1/humanoid_object/e091_box004_20231003_2_082_p1_e096b_mask_cem/0/trajectory_kinematic.npz	0	rubber_hull	box004	box	review	E147_spider_rubberhand	E147	E147_e091_box004_20231003_2_082_p1_rubber_hull	workspace/core4d/results/E147/rubber_hand_collision/cem/full/E147_e091_box004_20231003_2_082_p1_rubber_hull_outdir_full/trajectory_mjwp_act.npz	example_datasets/processed/core4d/unitree_g1/humanoid_object/e091_box004_20231003_2_082_p1_e096b_mask_cem/scene_act_E147_rubber_hull.xml	workspace/core4d/results/E143/contact_masks/box004_082_p1/raw_contact_mask_3cm.npz	example_datasets/processed/core4d/unitree_g1/humanoid_object/e091_box004_20231003_2_082_p1_e096b_mask_cem/0/trajectory_kinematic.npz	ok	ok	
129	E162_0129_E161_gateA_surfaceBandA2_postureRerankA_box026_139_p1	E161	E161	gateA+surfaceBand-A2+postureRerankA	E161_gateA_surfaceBandA2_postureRerankA	gateA+surfaceBand-A2+postureRerankA	e091_box026_20231023_139_p1	box026_139_p1	E161_box026_139_p1_postureRerankA	workspace/core4d/results/E161/surface_release_ablation/cem/full/E161_box026_139_p1_postureRerankA_outdir_full/trajectory_mjwp_act.npz	example_datasets/processed/core4d/unitree_g1/humanoid_object/e091_box026_20231023_139_p1_e106_clean/scene_act_E148_rubber_hull.xml	workspace/core4d/results/E161/surface_release_ablation/cem/full/E161_box026_139_p1_postureRerankA_full.mp4	workspace/core4d/results/E143/contact_masks/box026_139_p1/raw_contact_mask_3cm.npz	example_datasets/processed/core4d/unitree_g1/humanoid_object/e091_box026_20231023_139_p1_e106_clean/0/trajectory_kinematic.npz	0	rubber_hull	box026	box	review	E147_spider_rubberhand							missing_e147_case	ok	
130	E162_0130_E161_gateA_surfaceBandA2_postureRerankA_surfaceBandReleaseDecay_box021_035_p1	E161	E161	gateA+surfaceBand-A2+postureRerankA+surfaceBandReleaseDecay	E161_gateA_surfaceBandA2_postureRerankA_surfaceBandReleaseDecay	gateA+surfaceBand-A2+postureRerankA+surfaceBandReleaseDecay	d003_box021_20231011_035_p1	box021_035_p1	E161_box021_035_p1_releaseDecay	workspace/core4d/results/E161/surface_release_ablation/cem/full/E161_box021_035_p1_releaseDecay_outdir_full/trajectory_mjwp_act.npz	example_datasets/processed/core4d/unitree_g1/humanoid_object/d003_box021_20231011_035_p1_e107_clean/scene_act_E147_rubber_hull.xml	workspace/core4d/results/E161/surface_release_ablation/cem/full/E161_box021_035_p1_releaseDecay_full.mp4	workspace/core4d/results/E143/contact_masks/box021_035_p1/raw_contact_mask_3cm.npz	example_datasets/processed/core4d/unitree_g1/humanoid_object/d003_box021_20231011_035_p1_e107_clean/0/trajectory_kinematic.npz	0	rubber_hull	box021	box	review	E147_spider_rubberhand	E147	E147_d003_box021_20231011_035_p1_rubber_hull	workspace/core4d/results/E147/rubber_hand_collision/cem/full/E147_d003_box021_20231011_035_p1_rubber_hull_outdir_full/trajectory_mjwp_act.npz	example_datasets/processed/core4d/unitree_g1/humanoid_object/d003_box021_20231011_035_p1_e107_clean/scene_act_E147_rubber_hull.xml	workspace/core4d/results/E143/contact_masks/box021_035_p1/raw_contact_mask_3cm.npz	example_datasets/processed/core4d/unitree_g1/humanoid_object/d003_box021_20231011_035_p1_e107_clean/0/trajectory_kinematic.npz	ok	ok	
131	E162_0131_E161_gateA_surfaceBandA2_postureRerankA_surfaceBandReleaseDecay_box021_035_p2	E161	E161	gateA+surfaceBand-A2+postureRerankA+surfaceBandReleaseDecay	E161_gateA_surfaceBandA2_postureRerankA_surfaceBandReleaseDecay	gateA+surfaceBand-A2+postureRerankA+surfaceBandReleaseDecay	d003_box021_20231011_035_p2	box021_035_p2	E161_box021_035_p2_releaseDecay	workspace/core4d/results/E161/surface_release_ablation/cem/full/E161_box021_035_p2_releaseDecay_outdir_full/trajectory_mjwp_act.npz	example_datasets/processed/core4d/unitree_g1/humanoid_object/d003_box021_20231011_035_p2_e107_clean/scene_act_E147_rubber_hull.xml	workspace/core4d/results/E161/surface_release_ablation/cem/full/E161_box021_035_p2_releaseDecay_full.mp4	workspace/core4d/results/E143/contact_masks/box021_035_p2/raw_contact_mask_3cm.npz	example_datasets/processed/core4d/unitree_g1/humanoid_object/d003_box021_20231011_035_p2_e107_clean/0/trajectory_kinematic.npz	1	rubber_hull	box021	box	review	E147_spider_rubberhand	E147	E147_d003_box021_20231011_035_p2_rubber_hull	workspace/core4d/results/E147/rubber_hand_collision/cem/full/E147_d003_box021_20231011_035_p2_rubber_hull_outdir_full/trajectory_mjwp_act.npz	example_datasets/processed/core4d/unitree_g1/humanoid_object/d003_box021_20231011_035_p2_e107_clean/scene_act_E147_rubber_hull.xml	workspace/core4d/results/E143/contact_masks/box021_035_p2/raw_contact_mask_3cm.npz	example_datasets/processed/core4d/unitree_g1/humanoid_object/d003_box021_20231011_035_p2_e107_clean/0/trajectory_kinematic.npz	ok	ok	
132	E162_0132_E161_gateA_surfaceBandA2_postureRerankA_surfaceBandReleaseDecay_box021_029_p2	E161	E161	gateA+surfaceBand-A2+postureRerankA+surfaceBandReleaseDecay	E161_gateA_surfaceBandA2_postureRerankA_surfaceBandReleaseDecay	gateA+surfaceBand-A2+postureRerankA+surfaceBandReleaseDecay	d003_box021_20231018_029_p2	box021_029_p2	E161_box021_029_p2_releaseDecay	workspace/core4d/results/E161/surface_release_ablation/cem/full/E161_box021_029_p2_releaseDecay_outdir_full/trajectory_mjwp_act.npz	example_datasets/processed/core4d/unitree_g1/humanoid_object/d003_box021_20231018_029_p2_e107_clean/scene_act_E148_rubber_hull.xml	workspace/core4d/results/E161/surface_release_ablation/cem/full/E161_box021_029_p2_releaseDecay_full.mp4	workspace/core4d/results/E143/contact_masks/box021_029_p2/raw_contact_mask_3cm.npz	example_datasets/processed/core4d/unitree_g1/humanoid_object/d003_box021_20231018_029_p2_e107_clean/0/trajectory_kinematic.npz	1	rubber_hull	box021	box	review	E147_spider_rubberhand							missing_e147_case	ok	
133	E162_0133_E161_gateA_surfaceBandA2_postureRerankA_surfaceBandReleaseDecay_box004_083_p1	E161	E161	gateA+surfaceBand-A2+postureRerankA+surfaceBandReleaseDecay	E161_gateA_surfaceBandA2_postureRerankA_surfaceBandReleaseDecay	gateA+surfaceBand-A2+postureRerankA+surfaceBandReleaseDecay	e091_box004_20231003_2_083_p1	box004_083_p1	E161_box004_083_p1_releaseDecay	workspace/core4d/results/E161/surface_release_ablation/cem/full/E161_box004_083_p1_releaseDecay_outdir_full/trajectory_mjwp_act.npz	example_datasets/processed/core4d/unitree_g1/humanoid_object/e091_box004_20231003_2_083_p1_e096b_mask_cem/scene_act_E147_rubber_hull.xml	workspace/core4d/results/E161/surface_release_ablation/cem/full/E161_box004_083_p1_releaseDecay_full.mp4	workspace/core4d/results/E143/contact_masks/box004_083_p1/raw_contact_mask_3cm.npz	example_datasets/processed/core4d/unitree_g1/humanoid_object/e091_box004_20231003_2_083_p1_e096b_mask_cem/0/trajectory_kinematic.npz	0	rubber_hull	box004	box	review	E147_spider_rubberhand	E147	E147_e091_box004_20231003_2_083_p1_rubber_hull	workspace/core4d/results/E147/rubber_hand_collision/cem/full/E147_e091_box004_20231003_2_083_p1_rubber_hull_outdir_full/trajectory_mjwp_act.npz	example_datasets/processed/core4d/unitree_g1/humanoid_object/e091_box004_20231003_2_083_p1_e096b_mask_cem/scene_act_E147_rubber_hull.xml	workspace/core4d/results/E143/contact_masks/box004_083_p1/raw_contact_mask_3cm.npz	example_datasets/processed/core4d/unitree_g1/humanoid_object/e091_box004_20231003_2_083_p1_e096b_mask_cem/0/trajectory_kinematic.npz	ok	ok	
134	E162_0134_E161_gateA_surfaceBandA2_postureRerankA_surfaceBandReleaseDecay_box004_083_p2	E161	E161	gateA+surfaceBand-A2+postureRerankA+surfaceBandReleaseDecay	E161_gateA_surfaceBandA2_postureRerankA_surfaceBandReleaseDecay	gateA+surfaceBand-A2+postureRerankA+surfaceBandReleaseDecay	e091_box004_20231003_2_083_p2	box004_083_p2	E161_box004_083_p2_releaseDecay	workspace/core4d/results/E161/surface_release_ablation/cem/full/E161_box004_083_p2_releaseDecay_outdir_full/trajectory_mjwp_act.npz	example_datasets/processed/core4d/unitree_g1/humanoid_object/e091_box004_20231003_2_083_p2_e092_dyn/scene_act_E148_rubber_hull.xml	workspace/core4d/results/E161/surface_release_ablation/cem/full/E161_box004_083_p2_releaseDecay_full.mp4	workspace/core4d/results/E143/contact_masks/box004_083_p2/raw_contact_mask_3cm.npz	example_datasets/processed/core4d/unitree_g1/humanoid_object/e091_box004_20231003_2_083_p2_e092_dyn/0/trajectory_kinematic.npz	1	rubber_hull	box004	box	review	E147_spider_rubberhand							missing_e147_case	ok	
135	E162_0135_E161_gateA_surfaceBandA2_postureRerankA_surfaceBandReleaseDecay_box023_person2	E161	E161	gateA+surfaceBand-A2+postureRerankA+surfaceBandReleaseDecay	E161_gateA_surfaceBandA2_postureRerankA_surfaceBandReleaseDecay	gateA+surfaceBand-A2+postureRerankA+surfaceBandReleaseDecay	box023_person2	box023_person2	E161_box023_person2_releaseDecay	workspace/core4d/results/E161/surface_release_ablation/cem/full/E161_box023_person2_releaseDecay_outdir_full/trajectory_mjwp_act.npz	example_datasets/processed/core4d/unitree_g1/humanoid_object/box023_person2_legobj/scene_act_E147_rubber_hull.xml	workspace/core4d/results/E161/surface_release_ablation/cem/full/E161_box023_person2_releaseDecay_full.mp4	workspace/core4d/results/E143/contact_masks/box023_person2/raw_contact_mask_3cm.npz	example_datasets/processed/core4d/unitree_g1/humanoid_object/box023_person2_legobj/0/trajectory_kinematic.npz	1	rubber_hull	box023	box	review	E147_spider_rubberhand	E147	E147_box023_person2_rubber_hull	workspace/core4d/results/E147/rubber_hand_collision/cem/full/E147_box023_person2_rubber_hull_outdir_full/trajectory_mjwp_act.npz	example_datasets/processed/core4d/unitree_g1/humanoid_object/box023_person2_legobj/scene_act_E147_rubber_hull.xml	workspace/core4d/results/E143/contact_masks/box023_person2/raw_contact_mask_3cm.npz	example_datasets/processed/core4d/unitree_g1/humanoid_object/box023_person2_legobj/0/trajectory_kinematic.npz	ok	ok	
136	E162_0136_E161_gateA_surfaceBandA2_postureRerankA_surfaceBandReleaseDecay_box004_082_p1	E161	E161	gateA+surfaceBand-A2+postureRerankA+surfaceBandReleaseDecay	E161_gateA_surfaceBandA2_postureRerankA_surfaceBandReleaseDecay	gateA+surfaceBand-A2+postureRerankA+surfaceBandReleaseDecay	e091_box004_20231003_2_082_p1	box004_082_p1	E161_box004_082_p1_releaseDecay	workspace/core4d/results/E161/surface_release_ablation/cem/full/E161_box004_082_p1_releaseDecay_outdir_full/trajectory_mjwp_act.npz	example_datasets/processed/core4d/unitree_g1/humanoid_object/e091_box004_20231003_2_082_p1_e096b_mask_cem/scene_act_E147_rubber_hull.xml	workspace/core4d/results/E161/surface_release_ablation/cem/full/E161_box004_082_p1_releaseDecay_full.mp4	workspace/core4d/results/E143/contact_masks/box004_082_p1/raw_contact_mask_3cm.npz	example_datasets/processed/core4d/unitree_g1/humanoid_object/e091_box004_20231003_2_082_p1_e096b_mask_cem/0/trajectory_kinematic.npz	0	rubber_hull	box004	box	review	E147_spider_rubberhand	E147	E147_e091_box004_20231003_2_082_p1_rubber_hull	workspace/core4d/results/E147/rubber_hand_collision/cem/full/E147_e091_box004_20231003_2_082_p1_rubber_hull_outdir_full/trajectory_mjwp_act.npz	example_datasets/processed/core4d/unitree_g1/humanoid_object/e091_box004_20231003_2_082_p1_e096b_mask_cem/scene_act_E147_rubber_hull.xml	workspace/core4d/results/E143/contact_masks/box004_082_p1/raw_contact_mask_3cm.npz	example_datasets/processed/core4d/unitree_g1/humanoid_object/e091_box004_20231003_2_082_p1_e096b_mask_cem/0/trajectory_kinematic.npz	ok	ok	
137	E162_0137_E161_gateA_surfaceBandA2_postureRerankA_surfaceBandReleaseDecay_box026_139_p1	E161	E161	gateA+surfaceBand-A2+postureRerankA+surfaceBandReleaseDecay	E161_gateA_surfaceBandA2_postureRerankA_surfaceBandReleaseDecay	gateA+surfaceBand-A2+postureRerankA+surfaceBandReleaseDecay	e091_box026_20231023_139_p1	box026_139_p1	E161_box026_139_p1_releaseDecay	workspace/core4d/results/E161/surface_release_ablation/cem/full/E161_box026_139_p1_releaseDecay_outdir_full/trajectory_mjwp_act.npz	example_datasets/processed/core4d/unitree_g1/humanoid_object/e091_box026_20231023_139_p1_e106_clean/scene_act_E148_rubber_hull.xml	workspace/core4d/results/E161/surface_release_ablation/cem/full/E161_box026_139_p1_releaseDecay_full.mp4	workspace/core4d/results/E143/contact_masks/box026_139_p1/raw_contact_mask_3cm.npz	example_datasets/processed/core4d/unitree_g1/humanoid_object/e091_box026_20231023_139_p1_e106_clean/0/trajectory_kinematic.npz	0	rubber_hull	box026	box	review	E147_spider_rubberhand							missing_e147_case	ok	
138	E162_0138_E161_gateA_surfaceBandA2_postureRerankA_surfaceBandStrictMask_box021_035_p1	E161	E161	gateA+surfaceBand-A2+postureRerankA+surfaceBandStrictMask	E161_gateA_surfaceBandA2_postureRerankA_surfaceBandStrictMask	gateA+surfaceBand-A2+postureRerankA+surfaceBandStrictMask	d003_box021_20231011_035_p1	box021_035_p1	E161_box021_035_p1_strictMask	workspace/core4d/results/E161/surface_release_ablation/cem/full/E161_box021_035_p1_strictMask_outdir_full/trajectory_mjwp_act.npz	example_datasets/processed/core4d/unitree_g1/humanoid_object/d003_box021_20231011_035_p1_e107_clean/scene_act_E147_rubber_hull.xml	workspace/core4d/results/E161/surface_release_ablation/cem/full/E161_box021_035_p1_strictMask_full.mp4	workspace/core4d/results/E143/contact_masks/box021_035_p1/raw_contact_mask_3cm.npz	example_datasets/processed/core4d/unitree_g1/humanoid_object/d003_box021_20231011_035_p1_e107_clean/0/trajectory_kinematic.npz	0	rubber_hull	box021	box	review	E147_spider_rubberhand	E147	E147_d003_box021_20231011_035_p1_rubber_hull	workspace/core4d/results/E147/rubber_hand_collision/cem/full/E147_d003_box021_20231011_035_p1_rubber_hull_outdir_full/trajectory_mjwp_act.npz	example_datasets/processed/core4d/unitree_g1/humanoid_object/d003_box021_20231011_035_p1_e107_clean/scene_act_E147_rubber_hull.xml	workspace/core4d/results/E143/contact_masks/box021_035_p1/raw_contact_mask_3cm.npz	example_datasets/processed/core4d/unitree_g1/humanoid_object/d003_box021_20231011_035_p1_e107_clean/0/trajectory_kinematic.npz	ok	ok	
139	E162_0139_E161_gateA_surfaceBandA2_postureRerankA_surfaceBandStrictMask_box021_035_p2	E161	E161	gateA+surfaceBand-A2+postureRerankA+surfaceBandStrictMask	E161_gateA_surfaceBandA2_postureRerankA_surfaceBandStrictMask	gateA+surfaceBand-A2+postureRerankA+surfaceBandStrictMask	d003_box021_20231011_035_p2	box021_035_p2	E161_box021_035_p2_strictMask	workspace/core4d/results/E161/surface_release_ablation/cem/full/E161_box021_035_p2_strictMask_outdir_full/trajectory_mjwp_act.npz	example_datasets/processed/core4d/unitree_g1/humanoid_object/d003_box021_20231011_035_p2_e107_clean/scene_act_E147_rubber_hull.xml	workspace/core4d/results/E161/surface_release_ablation/cem/full/E161_box021_035_p2_strictMask_full.mp4	workspace/core4d/results/E143/contact_masks/box021_035_p2/raw_contact_mask_3cm.npz	example_datasets/processed/core4d/unitree_g1/humanoid_object/d003_box021_20231011_035_p2_e107_clean/0/trajectory_kinematic.npz	1	rubber_hull	box021	box	review	E147_spider_rubberhand	E147	E147_d003_box021_20231011_035_p2_rubber_hull	workspace/core4d/results/E147/rubber_hand_collision/cem/full/E147_d003_box021_20231011_035_p2_rubber_hull_outdir_full/trajectory_mjwp_act.npz	example_datasets/processed/core4d/unitree_g1/humanoid_object/d003_box021_20231011_035_p2_e107_clean/scene_act_E147_rubber_hull.xml	workspace/core4d/results/E143/contact_masks/box021_035_p2/raw_contact_mask_3cm.npz	example_datasets/processed/core4d/unitree_g1/humanoid_object/d003_box021_20231011_035_p2_e107_clean/0/trajectory_kinematic.npz	ok	ok	
140	E162_0140_E161_gateA_surfaceBandA2_postureRerankA_surfaceBandStrictMask_box021_029_p2	E161	E161	gateA+surfaceBand-A2+postureRerankA+surfaceBandStrictMask	E161_gateA_surfaceBandA2_postureRerankA_surfaceBandStrictMask	gateA+surfaceBand-A2+postureRerankA+surfaceBandStrictMask	d003_box021_20231018_029_p2	box021_029_p2	E161_box021_029_p2_strictMask	workspace/core4d/results/E161/surface_release_ablation/cem/full/E161_box021_029_p2_strictMask_outdir_full/trajectory_mjwp_act.npz	example_datasets/processed/core4d/unitree_g1/humanoid_object/d003_box021_20231018_029_p2_e107_clean/scene_act_E148_rubber_hull.xml	workspace/core4d/results/E161/surface_release_ablation/cem/full/E161_box021_029_p2_strictMask_full.mp4	workspace/core4d/results/E143/contact_masks/box021_029_p2/raw_contact_mask_3cm.npz	example_datasets/processed/core4d/unitree_g1/humanoid_object/d003_box021_20231018_029_p2_e107_clean/0/trajectory_kinematic.npz	1	rubber_hull	box021	box	review	E147_spider_rubberhand							missing_e147_case	ok	
141	E162_0141_E161_gateA_surfaceBandA2_postureRerankA_surfaceBandStrictMask_box004_083_p1	E161	E161	gateA+surfaceBand-A2+postureRerankA+surfaceBandStrictMask	E161_gateA_surfaceBandA2_postureRerankA_surfaceBandStrictMask	gateA+surfaceBand-A2+postureRerankA+surfaceBandStrictMask	e091_box004_20231003_2_083_p1	box004_083_p1	E161_box004_083_p1_strictMask	workspace/core4d/results/E161/surface_release_ablation/cem/full/E161_box004_083_p1_strictMask_outdir_full/trajectory_mjwp_act.npz	example_datasets/processed/core4d/unitree_g1/humanoid_object/e091_box004_20231003_2_083_p1_e096b_mask_cem/scene_act_E147_rubber_hull.xml	workspace/core4d/results/E161/surface_release_ablation/cem/full/E161_box004_083_p1_strictMask_full.mp4	workspace/core4d/results/E143/contact_masks/box004_083_p1/raw_contact_mask_3cm.npz	example_datasets/processed/core4d/unitree_g1/humanoid_object/e091_box004_20231003_2_083_p1_e096b_mask_cem/0/trajectory_kinematic.npz	0	rubber_hull	box004	box	review	E147_spider_rubberhand	E147	E147_e091_box004_20231003_2_083_p1_rubber_hull	workspace/core4d/results/E147/rubber_hand_collision/cem/full/E147_e091_box004_20231003_2_083_p1_rubber_hull_outdir_full/trajectory_mjwp_act.npz	example_datasets/processed/core4d/unitree_g1/humanoid_object/e091_box004_20231003_2_083_p1_e096b_mask_cem/scene_act_E147_rubber_hull.xml	workspace/core4d/results/E143/contact_masks/box004_083_p1/raw_contact_mask_3cm.npz	example_datasets/processed/core4d/unitree_g1/humanoid_object/e091_box004_20231003_2_083_p1_e096b_mask_cem/0/trajectory_kinematic.npz	ok	ok	
142	E162_0142_E161_gateA_surfaceBandA2_postureRerankA_surfaceBandStrictMask_box004_083_p2	E161	E161	gateA+surfaceBand-A2+postureRerankA+surfaceBandStrictMask	E161_gateA_surfaceBandA2_postureRerankA_surfaceBandStrictMask	gateA+surfaceBand-A2+postureRerankA+surfaceBandStrictMask	e091_box004_20231003_2_083_p2	box004_083_p2	E161_box004_083_p2_strictMask	workspace/core4d/results/E161/surface_release_ablation/cem/full/E161_box004_083_p2_strictMask_outdir_full/trajectory_mjwp_act.npz	example_datasets/processed/core4d/unitree_g1/humanoid_object/e091_box004_20231003_2_083_p2_e092_dyn/scene_act_E148_rubber_hull.xml	workspace/core4d/results/E161/surface_release_ablation/cem/full/E161_box004_083_p2_strictMask_full.mp4	workspace/core4d/results/E143/contact_masks/box004_083_p2/raw_contact_mask_3cm.npz	example_datasets/processed/core4d/unitree_g1/humanoid_object/e091_box004_20231003_2_083_p2_e092_dyn/0/trajectory_kinematic.npz	1	rubber_hull	box004	box	review	E147_spider_rubberhand							missing_e147_case	ok	
143	E162_0143_E161_gateA_surfaceBandA2_postureRerankA_surfaceBandStrictMask_box023_person2	E161	E161	gateA+surfaceBand-A2+postureRerankA+surfaceBandStrictMask	E161_gateA_surfaceBandA2_postureRerankA_surfaceBandStrictMask	gateA+surfaceBand-A2+postureRerankA+surfaceBandStrictMask	box023_person2	box023_person2	E161_box023_person2_strictMask	workspace/core4d/results/E161/surface_release_ablation/cem/full/E161_box023_person2_strictMask_outdir_full/trajectory_mjwp_act.npz	example_datasets/processed/core4d/unitree_g1/humanoid_object/box023_person2_legobj/scene_act_E147_rubber_hull.xml	workspace/core4d/results/E161/surface_release_ablation/cem/full/E161_box023_person2_strictMask_full.mp4	workspace/core4d/results/E143/contact_masks/box023_person2/raw_contact_mask_3cm.npz	example_datasets/processed/core4d/unitree_g1/humanoid_object/box023_person2_legobj/0/trajectory_kinematic.npz	1	rubber_hull	box023	box	review	E147_spider_rubberhand	E147	E147_box023_person2_rubber_hull	workspace/core4d/results/E147/rubber_hand_collision/cem/full/E147_box023_person2_rubber_hull_outdir_full/trajectory_mjwp_act.npz	example_datasets/processed/core4d/unitree_g1/humanoid_object/box023_person2_legobj/scene_act_E147_rubber_hull.xml	workspace/core4d/results/E143/contact_masks/box023_person2/raw_contact_mask_3cm.npz	example_datasets/processed/core4d/unitree_g1/humanoid_object/box023_person2_legobj/0/trajectory_kinematic.npz	ok	ok	
144	E162_0144_E161_gateA_surfaceBandA2_postureRerankA_surfaceBandStrictMask_box004_082_p1	E161	E161	gateA+surfaceBand-A2+postureRerankA+surfaceBandStrictMask	E161_gateA_surfaceBandA2_postureRerankA_surfaceBandStrictMask	gateA+surfaceBand-A2+postureRerankA+surfaceBandStrictMask	e091_box004_20231003_2_082_p1	box004_082_p1	E161_box004_082_p1_strictMask	workspace/core4d/results/E161/surface_release_ablation/cem/full/E161_box004_082_p1_strictMask_outdir_full/trajectory_mjwp_act.npz	example_datasets/processed/core4d/unitree_g1/humanoid_object/e091_box004_20231003_2_082_p1_e096b_mask_cem/scene_act_E147_rubber_hull.xml	workspace/core4d/results/E161/surface_release_ablation/cem/full/E161_box004_082_p1_strictMask_full.mp4	workspace/core4d/results/E143/contact_masks/box004_082_p1/raw_contact_mask_3cm.npz	example_datasets/processed/core4d/unitree_g1/humanoid_object/e091_box004_20231003_2_082_p1_e096b_mask_cem/0/trajectory_kinematic.npz	0	rubber_hull	box004	box	review	E147_spider_rubberhand	E147	E147_e091_box004_20231003_2_082_p1_rubber_hull	workspace/core4d/results/E147/rubber_hand_collision/cem/full/E147_e091_box004_20231003_2_082_p1_rubber_hull_outdir_full/trajectory_mjwp_act.npz	example_datasets/processed/core4d/unitree_g1/humanoid_object/e091_box004_20231003_2_082_p1_e096b_mask_cem/scene_act_E147_rubber_hull.xml	workspace/core4d/results/E143/contact_masks/box004_082_p1/raw_contact_mask_3cm.npz	example_datasets/processed/core4d/unitree_g1/humanoid_object/e091_box004_20231003_2_082_p1_e096b_mask_cem/0/trajectory_kinematic.npz	ok	ok	
145	E162_0145_E161_gateA_surfaceBandA2_postureRerankA_surfaceBandStrictMask_box026_139_p1	E161	E161	gateA+surfaceBand-A2+postureRerankA+surfaceBandStrictMask	E161_gateA_surfaceBandA2_postureRerankA_surfaceBandStrictMask	gateA+surfaceBand-A2+postureRerankA+surfaceBandStrictMask	e091_box026_20231023_139_p1	box026_139_p1	E161_box026_139_p1_strictMask	workspace/core4d/results/E161/surface_release_ablation/cem/full/E161_box026_139_p1_strictMask_outdir_full/trajectory_mjwp_act.npz	example_datasets/processed/core4d/unitree_g1/humanoid_object/e091_box026_20231023_139_p1_e106_clean/scene_act_E148_rubber_hull.xml	workspace/core4d/results/E161/surface_release_ablation/cem/full/E161_box026_139_p1_strictMask_full.mp4	workspace/core4d/results/E143/contact_masks/box026_139_p1/raw_contact_mask_3cm.npz	example_datasets/processed/core4d/unitree_g1/humanoid_object/e091_box026_20231023_139_p1_e106_clean/0/trajectory_kinematic.npz	0	rubber_hull	box026	box	review	E147_spider_rubberhand							missing_e147_case	ok	
146	E162_0146_E153_baseline_box021_029_p2	E153	E148	baseline	E153_baseline	baseline	d003_box021_20231018_029_p2	box021_029_p2	E153_box021_029_p2_baseline	workspace/core4d/results/E148/e143_24case_rubber_hand_collision/cem/full/E148_box021_029_p2_rubber_hull_outdir_full/trajectory_mjwp_act.npz	example_datasets/processed/core4d/unitree_g1/humanoid_object/d003_box021_20231018_029_p2_e107_clean/scene_act_E148_rubber_hull.xml		workspace/core4d/results/E143/contact_masks/box021_029_p2/raw_contact_mask_3cm.npz	example_datasets/processed/core4d/unitree_g1/humanoid_object/d003_box021_20231018_029_p2_e107_clean/0/trajectory_kinematic.npz	1	rubber_hull	box021	box		E147_spider_rubberhand							missing_e147_case	ok	reconstructed_from_E153_evaluator
147	E162_0147_E153_b1_box021_029_p2	E153	E151	b1	E153_b1	b1	d003_box021_20231018_029_p2	box021_029_p2	E153_box021_029_p2_b1	workspace/core4d/results/E151/route_b_hand_surface_contact/cem/full/E151_box021_029_p2_b1_mesh_outdir_full/trajectory_mjwp_act.npz	example_datasets/processed/core4d/unitree_g1/humanoid_object/d003_box021_20231018_029_p2_e107_clean/scene_act_E148_rubber_hull.xml		workspace/core4d/results/E143/contact_masks/box021_029_p2/raw_contact_mask_3cm.npz	example_datasets/processed/core4d/unitree_g1/humanoid_object/d003_box021_20231018_029_p2_e107_clean/0/trajectory_kinematic.npz	1	rubber_hull	box021	box		E147_spider_rubberhand							missing_e147_case	ok	reconstructed_from_E153_evaluator
148	E162_0148_E153_gateA_b1_sdf005_v05_box021_029_p2	E153	E153	gateA_b1_sdf005_v05	E153_gateA_b1_sdf005_v05	gateA_b1_sdf005_v05	d003_box021_20231018_029_p2	box021_029_p2	E153_box021_029_p2_gateA_b1_sdf005_v05	workspace/core4d/results/E153/gate_threshold_sweep/cem/full/E153_box021_029_p2_gateA_b1_sdf005_v05_outdir_full/trajectory_mjwp_act.npz	example_datasets/processed/core4d/unitree_g1/humanoid_object/d003_box021_20231018_029_p2_e107_clean/scene_act_E148_rubber_hull.xml	workspace/core4d/results/E153/gate_threshold_sweep/cem/full/E153_box021_029_p2_gateA_b1_sdf005_v05_full.mp4	workspace/core4d/results/E143/contact_masks/box021_029_p2/raw_contact_mask_3cm.npz	example_datasets/processed/core4d/unitree_g1/humanoid_object/d003_box021_20231018_029_p2_e107_clean/0/trajectory_kinematic.npz	1	rubber_hull	box021	box		E147_spider_rubberhand							missing_e147_case	ok	reconstructed_from_E153_grid
149	E162_0149_E153_gateA_b1_sdf005_v10_box021_029_p2	E153	E153	gateA_b1_sdf005_v10	E153_gateA_b1_sdf005_v10	gateA_b1_sdf005_v10	d003_box021_20231018_029_p2	box021_029_p2	E153_box021_029_p2_gateA_b1_sdf005_v10	workspace/core4d/results/E153/gate_threshold_sweep/cem/full/E153_box021_029_p2_gateA_b1_sdf005_v10_outdir_full/trajectory_mjwp_act.npz	example_datasets/processed/core4d/unitree_g1/humanoid_object/d003_box021_20231018_029_p2_e107_clean/scene_act_E148_rubber_hull.xml	workspace/core4d/results/E153/gate_threshold_sweep/cem/full/E153_box021_029_p2_gateA_b1_sdf005_v10_full.mp4	workspace/core4d/results/E143/contact_masks/box021_029_p2/raw_contact_mask_3cm.npz	example_datasets/processed/core4d/unitree_g1/humanoid_object/d003_box021_20231018_029_p2_e107_clean/0/trajectory_kinematic.npz	1	rubber_hull	box021	box		E147_spider_rubberhand							missing_e147_case	ok	reconstructed_from_E153_grid
150	E162_0150_E153_gateA_b1_sdf010_v05_box021_029_p2	E153	E153	gateA_b1_sdf010_v05	E153_gateA_b1_sdf010_v05	gateA_b1_sdf010_v05	d003_box021_20231018_029_p2	box021_029_p2	E153_box021_029_p2_gateA_b1_sdf010_v05	workspace/core4d/results/E153/gate_threshold_sweep/cem/full/E153_box021_029_p2_gateA_b1_sdf010_v05_outdir_full/trajectory_mjwp_act.npz	example_datasets/processed/core4d/unitree_g1/humanoid_object/d003_box021_20231018_029_p2_e107_clean/scene_act_E148_rubber_hull.xml	workspace/core4d/results/E153/gate_threshold_sweep/cem/full/E153_box021_029_p2_gateA_b1_sdf010_v05_full.mp4	workspace/core4d/results/E143/contact_masks/box021_029_p2/raw_contact_mask_3cm.npz	example_datasets/processed/core4d/unitree_g1/humanoid_object/d003_box021_20231018_029_p2_e107_clean/0/trajectory_kinematic.npz	1	rubber_hull	box021	box		E147_spider_rubberhand							missing_e147_case	ok	reconstructed_from_E153_grid
151	E162_0151_E153_gateA_b1_sdf010_v10_box021_029_p2	E153	E153	gateA_b1_sdf010_v10	E153_gateA_b1_sdf010_v10	gateA_b1_sdf010_v10	d003_box021_20231018_029_p2	box021_029_p2	E153_box021_029_p2_gateA_b1_sdf010_v10	workspace/core4d/results/E153/gate_threshold_sweep/cem/full/E153_box021_029_p2_gateA_b1_sdf010_v10_outdir_full/trajectory_mjwp_act.npz	example_datasets/processed/core4d/unitree_g1/humanoid_object/d003_box021_20231018_029_p2_e107_clean/scene_act_E148_rubber_hull.xml	workspace/core4d/results/E153/gate_threshold_sweep/cem/full/E153_box021_029_p2_gateA_b1_sdf010_v10_full.mp4	workspace/core4d/results/E143/contact_masks/box021_029_p2/raw_contact_mask_3cm.npz	example_datasets/processed/core4d/unitree_g1/humanoid_object/d003_box021_20231018_029_p2_e107_clean/0/trajectory_kinematic.npz	1	rubber_hull	box021	box		E147_spider_rubberhand							missing_e147_case	ok	reconstructed_from_E153_grid
152	E162_0152_E153_gateA_b1_sdf015_v05_box021_029_p2	E153	E153	gateA_b1_sdf015_v05	E153_gateA_b1_sdf015_v05	gateA_b1_sdf015_v05	d003_box021_20231018_029_p2	box021_029_p2	E153_box021_029_p2_gateA_b1_sdf015_v05	workspace/core4d/results/E153/gate_threshold_sweep/cem/full/E153_box021_029_p2_gateA_b1_sdf015_v05_outdir_full/trajectory_mjwp_act.npz	example_datasets/processed/core4d/unitree_g1/humanoid_object/d003_box021_20231018_029_p2_e107_clean/scene_act_E148_rubber_hull.xml	workspace/core4d/results/E153/gate_threshold_sweep/cem/full/E153_box021_029_p2_gateA_b1_sdf015_v05_full.mp4	workspace/core4d/results/E143/contact_masks/box021_029_p2/raw_contact_mask_3cm.npz	example_datasets/processed/core4d/unitree_g1/humanoid_object/d003_box021_20231018_029_p2_e107_clean/0/trajectory_kinematic.npz	1	rubber_hull	box021	box		E147_spider_rubberhand							missing_e147_case	ok	reconstructed_from_E153_grid
153	E162_0153_E153_gateA_b1_sdf015_v10_box021_029_p2	E153	E153	gateA_b1_sdf015_v10	E153_gateA_b1_sdf015_v10	gateA_b1_sdf015_v10	d003_box021_20231018_029_p2	box021_029_p2	E153_box021_029_p2_gateA_b1_sdf015_v10	workspace/core4d/results/E153/gate_threshold_sweep/cem/full/E153_box021_029_p2_gateA_b1_sdf015_v10_outdir_full/trajectory_mjwp_act.npz	example_datasets/processed/core4d/unitree_g1/humanoid_object/d003_box021_20231018_029_p2_e107_clean/scene_act_E148_rubber_hull.xml	workspace/core4d/results/E153/gate_threshold_sweep/cem/full/E153_box021_029_p2_gateA_b1_sdf015_v10_full.mp4	workspace/core4d/results/E143/contact_masks/box021_029_p2/raw_contact_mask_3cm.npz	example_datasets/processed/core4d/unitree_g1/humanoid_object/d003_box021_20231018_029_p2_e107_clean/0/trajectory_kinematic.npz	1	rubber_hull	box021	box		E147_spider_rubberhand							missing_e147_case	ok	reconstructed_from_E153_grid
154	E162_0154_E153_baseline_box004_083_p2	E153	E148	baseline	E153_baseline	baseline	e091_box004_20231003_2_083_p2	box004_083_p2	E153_box004_083_p2_baseline	workspace/core4d/results/E148/e143_24case_rubber_hand_collision/cem/full/E148_box004_083_p2_rubber_hull_outdir_full/trajectory_mjwp_act.npz	example_datasets/processed/core4d/unitree_g1/humanoid_object/e091_box004_20231003_2_083_p2_e092_dyn/scene_act_E148_rubber_hull.xml		workspace/core4d/results/E143/contact_masks/box004_083_p2/raw_contact_mask_3cm.npz	example_datasets/processed/core4d/unitree_g1/humanoid_object/e091_box004_20231003_2_083_p2_e092_dyn/0/trajectory_kinematic.npz	1	rubber_hull	box004	box		E147_spider_rubberhand							missing_e147_case	ok	reconstructed_from_E153_evaluator
155	E162_0155_E153_b1_box004_083_p2	E153	E151	b1	E153_b1	b1	e091_box004_20231003_2_083_p2	box004_083_p2	E153_box004_083_p2_b1	workspace/core4d/results/E151/route_b_hand_surface_contact/cem/full/E151_box004_083_p2_b1_mesh_outdir_full/trajectory_mjwp_act.npz	example_datasets/processed/core4d/unitree_g1/humanoid_object/e091_box004_20231003_2_083_p2_e092_dyn/scene_act_E148_rubber_hull.xml		workspace/core4d/results/E143/contact_masks/box004_083_p2/raw_contact_mask_3cm.npz	example_datasets/processed/core4d/unitree_g1/humanoid_object/e091_box004_20231003_2_083_p2_e092_dyn/0/trajectory_kinematic.npz	1	rubber_hull	box004	box		E147_spider_rubberhand							missing_e147_case	ok	reconstructed_from_E153_evaluator
156	E162_0156_E153_gateA_b1_sdf005_v05_box004_083_p2	E153	E153	gateA_b1_sdf005_v05	E153_gateA_b1_sdf005_v05	gateA_b1_sdf005_v05	e091_box004_20231003_2_083_p2	box004_083_p2	E153_box004_083_p2_gateA_b1_sdf005_v05	workspace/core4d/results/E153/gate_threshold_sweep/cem/full/E153_box004_083_p2_gateA_b1_sdf005_v05_outdir_full/trajectory_mjwp_act.npz	example_datasets/processed/core4d/unitree_g1/humanoid_object/e091_box004_20231003_2_083_p2_e092_dyn/scene_act_E148_rubber_hull.xml	workspace/core4d/results/E153/gate_threshold_sweep/cem/full/E153_box004_083_p2_gateA_b1_sdf005_v05_full.mp4	workspace/core4d/results/E143/contact_masks/box004_083_p2/raw_contact_mask_3cm.npz	example_datasets/processed/core4d/unitree_g1/humanoid_object/e091_box004_20231003_2_083_p2_e092_dyn/0/trajectory_kinematic.npz	1	rubber_hull	box004	box		E147_spider_rubberhand							missing_e147_case	ok	reconstructed_from_E153_grid
157	E162_0157_E153_gateA_b1_sdf005_v10_box004_083_p2	E153	E153	gateA_b1_sdf005_v10	E153_gateA_b1_sdf005_v10	gateA_b1_sdf005_v10	e091_box004_20231003_2_083_p2	box004_083_p2	E153_box004_083_p2_gateA_b1_sdf005_v10	workspace/core4d/results/E153/gate_threshold_sweep/cem/full/E153_box004_083_p2_gateA_b1_sdf005_v10_outdir_full/trajectory_mjwp_act.npz	example_datasets/processed/core4d/unitree_g1/humanoid_object/e091_box004_20231003_2_083_p2_e092_dyn/scene_act_E148_rubber_hull.xml	workspace/core4d/results/E153/gate_threshold_sweep/cem/full/E153_box004_083_p2_gateA_b1_sdf005_v10_full.mp4	workspace/core4d/results/E143/contact_masks/box004_083_p2/raw_contact_mask_3cm.npz	example_datasets/processed/core4d/unitree_g1/humanoid_object/e091_box004_20231003_2_083_p2_e092_dyn/0/trajectory_kinematic.npz	1	rubber_hull	box004	box		E147_spider_rubberhand							missing_e147_case	ok	reconstructed_from_E153_grid
158	E162_0158_E153_gateA_b1_sdf010_v05_box004_083_p2	E153	E153	gateA_b1_sdf010_v05	E153_gateA_b1_sdf010_v05	gateA_b1_sdf010_v05	e091_box004_20231003_2_083_p2	box004_083_p2	E153_box004_083_p2_gateA_b1_sdf010_v05	workspace/core4d/results/E153/gate_threshold_sweep/cem/full/E153_box004_083_p2_gateA_b1_sdf010_v05_outdir_full/trajectory_mjwp_act.npz	example_datasets/processed/core4d/unitree_g1/humanoid_object/e091_box004_20231003_2_083_p2_e092_dyn/scene_act_E148_rubber_hull.xml	workspace/core4d/results/E153/gate_threshold_sweep/cem/full/E153_box004_083_p2_gateA_b1_sdf010_v05_full.mp4	workspace/core4d/results/E143/contact_masks/box004_083_p2/raw_contact_mask_3cm.npz	example_datasets/processed/core4d/unitree_g1/humanoid_object/e091_box004_20231003_2_083_p2_e092_dyn/0/trajectory_kinematic.npz	1	rubber_hull	box004	box		E147_spider_rubberhand							missing_e147_case	ok	reconstructed_from_E153_grid
159	E162_0159_E153_gateA_b1_sdf010_v10_box004_083_p2	E153	E153	gateA_b1_sdf010_v10	E153_gateA_b1_sdf010_v10	gateA_b1_sdf010_v10	e091_box004_20231003_2_083_p2	box004_083_p2	E153_box004_083_p2_gateA_b1_sdf010_v10	workspace/core4d/results/E153/gate_threshold_sweep/cem/full/E153_box004_083_p2_gateA_b1_sdf010_v10_outdir_full/trajectory_mjwp_act.npz	example_datasets/processed/core4d/unitree_g1/humanoid_object/e091_box004_20231003_2_083_p2_e092_dyn/scene_act_E148_rubber_hull.xml	workspace/core4d/results/E153/gate_threshold_sweep/cem/full/E153_box004_083_p2_gateA_b1_sdf010_v10_full.mp4	workspace/core4d/results/E143/contact_masks/box004_083_p2/raw_contact_mask_3cm.npz	example_datasets/processed/core4d/unitree_g1/humanoid_object/e091_box004_20231003_2_083_p2_e092_dyn/0/trajectory_kinematic.npz	1	rubber_hull	box004	box		E147_spider_rubberhand							missing_e147_case	ok	reconstructed_from_E153_grid
160	E162_0160_E153_gateA_b1_sdf015_v05_box004_083_p2	E153	E153	gateA_b1_sdf015_v05	E153_gateA_b1_sdf015_v05	gateA_b1_sdf015_v05	e091_box004_20231003_2_083_p2	box004_083_p2	E153_box004_083_p2_gateA_b1_sdf015_v05	workspace/core4d/results/E153/gate_threshold_sweep/cem/full/E153_box004_083_p2_gateA_b1_sdf015_v05_outdir_full/trajectory_mjwp_act.npz	example_datasets/processed/core4d/unitree_g1/humanoid_object/e091_box004_20231003_2_083_p2_e092_dyn/scene_act_E148_rubber_hull.xml	workspace/core4d/results/E153/gate_threshold_sweep/cem/full/E153_box004_083_p2_gateA_b1_sdf015_v05_full.mp4	workspace/core4d/results/E143/contact_masks/box004_083_p2/raw_contact_mask_3cm.npz	example_datasets/processed/core4d/unitree_g1/humanoid_object/e091_box004_20231003_2_083_p2_e092_dyn/0/trajectory_kinematic.npz	1	rubber_hull	box004	box		E147_spider_rubberhand							missing_e147_case	ok	reconstructed_from_E153_grid
161	E162_0161_E153_gateA_b1_sdf015_v10_box004_083_p2	E153	E153	gateA_b1_sdf015_v10	E153_gateA_b1_sdf015_v10	gateA_b1_sdf015_v10	e091_box004_20231003_2_083_p2	box004_083_p2	E153_box004_083_p2_gateA_b1_sdf015_v10	workspace/core4d/results/E153/gate_threshold_sweep/cem/full/E153_box004_083_p2_gateA_b1_sdf015_v10_outdir_full/trajectory_mjwp_act.npz	example_datasets/processed/core4d/unitree_g1/humanoid_object/e091_box004_20231003_2_083_p2_e092_dyn/scene_act_E148_rubber_hull.xml	workspace/core4d/results/E153/gate_threshold_sweep/cem/full/E153_box004_083_p2_gateA_b1_sdf015_v10_full.mp4	workspace/core4d/results/E143/contact_masks/box004_083_p2/raw_contact_mask_3cm.npz	example_datasets/processed/core4d/unitree_g1/humanoid_object/e091_box004_20231003_2_083_p2_e092_dyn/0/trajectory_kinematic.npz	1	rubber_hull	box004	box		E147_spider_rubberhand							missing_e147_case	ok	reconstructed_from_E153_grid
162	E162_0162_E153_baseline_box023_person2	E153	E147	baseline	E153_baseline	baseline	box023_person2	box023_person2	E153_box023_person2_baseline	workspace/core4d/results/E147/rubber_hand_collision/cem/full/E147_box023_person2_rubber_hull_outdir_full/trajectory_mjwp_act.npz	example_datasets/processed/core4d/unitree_g1/humanoid_object/box023_person2_legobj/scene_act_E147_rubber_hull.xml		workspace/core4d/results/E143/contact_masks/box023_person2/raw_contact_mask_3cm.npz	example_datasets/processed/core4d/unitree_g1/humanoid_object/box023_person2_legobj/0/trajectory_kinematic.npz	1	rubber_hull	box023	box		E147_spider_rubberhand	E147	E147_box023_person2_rubber_hull	workspace/core4d/results/E147/rubber_hand_collision/cem/full/E147_box023_person2_rubber_hull_outdir_full/trajectory_mjwp_act.npz	example_datasets/processed/core4d/unitree_g1/humanoid_object/box023_person2_legobj/scene_act_E147_rubber_hull.xml	workspace/core4d/results/E143/contact_masks/box023_person2/raw_contact_mask_3cm.npz	example_datasets/processed/core4d/unitree_g1/humanoid_object/box023_person2_legobj/0/trajectory_kinematic.npz	ok	ok	reconstructed_from_E153_evaluator
163	E162_0163_E153_b1_box023_person2	E153	E151	b1	E153_b1	b1	box023_person2	box023_person2	E153_box023_person2_b1	workspace/core4d/results/E151/route_b_hand_surface_contact/cem/full/E151_box023_person2_b1_mesh_outdir_full/trajectory_mjwp_act.npz	example_datasets/processed/core4d/unitree_g1/humanoid_object/box023_person2_legobj/scene_act_E147_rubber_hull.xml		workspace/core4d/results/E143/contact_masks/box023_person2/raw_contact_mask_3cm.npz	example_datasets/processed/core4d/unitree_g1/humanoid_object/box023_person2_legobj/0/trajectory_kinematic.npz	1	rubber_hull	box023	box		E147_spider_rubberhand	E147	E147_box023_person2_rubber_hull	workspace/core4d/results/E147/rubber_hand_collision/cem/full/E147_box023_person2_rubber_hull_outdir_full/trajectory_mjwp_act.npz	example_datasets/processed/core4d/unitree_g1/humanoid_object/box023_person2_legobj/scene_act_E147_rubber_hull.xml	workspace/core4d/results/E143/contact_masks/box023_person2/raw_contact_mask_3cm.npz	example_datasets/processed/core4d/unitree_g1/humanoid_object/box023_person2_legobj/0/trajectory_kinematic.npz	ok	ok	reconstructed_from_E153_evaluator
164	E162_0164_E153_gateA_b1_sdf005_v05_box023_person2	E153	E153	gateA_b1_sdf005_v05	E153_gateA_b1_sdf005_v05	gateA_b1_sdf005_v05	box023_person2	box023_person2	E153_box023_person2_gateA_b1_sdf005_v05	workspace/core4d/results/E153/gate_threshold_sweep/cem/full/E153_box023_person2_gateA_b1_sdf005_v05_outdir_full/trajectory_mjwp_act.npz	example_datasets/processed/core4d/unitree_g1/humanoid_object/box023_person2_legobj/scene_act_E147_rubber_hull.xml	workspace/core4d/results/E153/gate_threshold_sweep/cem/full/E153_box023_person2_gateA_b1_sdf005_v05_full.mp4	workspace/core4d/results/E143/contact_masks/box023_person2/raw_contact_mask_3cm.npz	example_datasets/processed/core4d/unitree_g1/humanoid_object/box023_person2_legobj/0/trajectory_kinematic.npz	1	rubber_hull	box023	box		E147_spider_rubberhand	E147	E147_box023_person2_rubber_hull	workspace/core4d/results/E147/rubber_hand_collision/cem/full/E147_box023_person2_rubber_hull_outdir_full/trajectory_mjwp_act.npz	example_datasets/processed/core4d/unitree_g1/humanoid_object/box023_person2_legobj/scene_act_E147_rubber_hull.xml	workspace/core4d/results/E143/contact_masks/box023_person2/raw_contact_mask_3cm.npz	example_datasets/processed/core4d/unitree_g1/humanoid_object/box023_person2_legobj/0/trajectory_kinematic.npz	ok	ok	reconstructed_from_E153_grid
165	E162_0165_E153_gateA_b1_sdf005_v10_box023_person2	E153	E153	gateA_b1_sdf005_v10	E153_gateA_b1_sdf005_v10	gateA_b1_sdf005_v10	box023_person2	box023_person2	E153_box023_person2_gateA_b1_sdf005_v10	workspace/core4d/results/E153/gate_threshold_sweep/cem/full/E153_box023_person2_gateA_b1_sdf005_v10_outdir_full/trajectory_mjwp_act.npz	example_datasets/processed/core4d/unitree_g1/humanoid_object/box023_person2_legobj/scene_act_E147_rubber_hull.xml	workspace/core4d/results/E153/gate_threshold_sweep/cem/full/E153_box023_person2_gateA_b1_sdf005_v10_full.mp4	workspace/core4d/results/E143/contact_masks/box023_person2/raw_contact_mask_3cm.npz	example_datasets/processed/core4d/unitree_g1/humanoid_object/box023_person2_legobj/0/trajectory_kinematic.npz	1	rubber_hull	box023	box		E147_spider_rubberhand	E147	E147_box023_person2_rubber_hull	workspace/core4d/results/E147/rubber_hand_collision/cem/full/E147_box023_person2_rubber_hull_outdir_full/trajectory_mjwp_act.npz	example_datasets/processed/core4d/unitree_g1/humanoid_object/box023_person2_legobj/scene_act_E147_rubber_hull.xml	workspace/core4d/results/E143/contact_masks/box023_person2/raw_contact_mask_3cm.npz	example_datasets/processed/core4d/unitree_g1/humanoid_object/box023_person2_legobj/0/trajectory_kinematic.npz	ok	ok	reconstructed_from_E153_grid
166	E162_0166_E153_gateA_b1_sdf010_v05_box023_person2	E153	E153	gateA_b1_sdf010_v05	E153_gateA_b1_sdf010_v05	gateA_b1_sdf010_v05	box023_person2	box023_person2	E153_box023_person2_gateA_b1_sdf010_v05	workspace/core4d/results/E153/gate_threshold_sweep/cem/full/E153_box023_person2_gateA_b1_sdf010_v05_outdir_full/trajectory_mjwp_act.npz	example_datasets/processed/core4d/unitree_g1/humanoid_object/box023_person2_legobj/scene_act_E147_rubber_hull.xml	workspace/core4d/results/E153/gate_threshold_sweep/cem/full/E153_box023_person2_gateA_b1_sdf010_v05_full.mp4	workspace/core4d/results/E143/contact_masks/box023_person2/raw_contact_mask_3cm.npz	example_datasets/processed/core4d/unitree_g1/humanoid_object/box023_person2_legobj/0/trajectory_kinematic.npz	1	rubber_hull	box023	box		E147_spider_rubberhand	E147	E147_box023_person2_rubber_hull	workspace/core4d/results/E147/rubber_hand_collision/cem/full/E147_box023_person2_rubber_hull_outdir_full/trajectory_mjwp_act.npz	example_datasets/processed/core4d/unitree_g1/humanoid_object/box023_person2_legobj/scene_act_E147_rubber_hull.xml	workspace/core4d/results/E143/contact_masks/box023_person2/raw_contact_mask_3cm.npz	example_datasets/processed/core4d/unitree_g1/humanoid_object/box023_person2_legobj/0/trajectory_kinematic.npz	ok	ok	reconstructed_from_E153_grid
167	E162_0167_E153_gateA_b1_sdf010_v10_box023_person2	E153	E153	gateA_b1_sdf010_v10	E153_gateA_b1_sdf010_v10	gateA_b1_sdf010_v10	box023_person2	box023_person2	E153_box023_person2_gateA_b1_sdf010_v10	workspace/core4d/results/E153/gate_threshold_sweep/cem/full/E153_box023_person2_gateA_b1_sdf010_v10_outdir_full/trajectory_mjwp_act.npz	example_datasets/processed/core4d/unitree_g1/humanoid_object/box023_person2_legobj/scene_act_E147_rubber_hull.xml	workspace/core4d/results/E153/gate_threshold_sweep/cem/full/E153_box023_person2_gateA_b1_sdf010_v10_full.mp4	workspace/core4d/results/E143/contact_masks/box023_person2/raw_contact_mask_3cm.npz	example_datasets/processed/core4d/unitree_g1/humanoid_object/box023_person2_legobj/0/trajectory_kinematic.npz	1	rubber_hull	box023	box		E147_spider_rubberhand	E147	E147_box023_person2_rubber_hull	workspace/core4d/results/E147/rubber_hand_collision/cem/full/E147_box023_person2_rubber_hull_outdir_full/trajectory_mjwp_act.npz	example_datasets/processed/core4d/unitree_g1/humanoid_object/box023_person2_legobj/scene_act_E147_rubber_hull.xml	workspace/core4d/results/E143/contact_masks/box023_person2/raw_contact_mask_3cm.npz	example_datasets/processed/core4d/unitree_g1/humanoid_object/box023_person2_legobj/0/trajectory_kinematic.npz	ok	ok	reconstructed_from_E153_grid
168	E162_0168_E153_gateA_b1_sdf015_v05_box023_person2	E153	E153	gateA_b1_sdf015_v05	E153_gateA_b1_sdf015_v05	gateA_b1_sdf015_v05	box023_person2	box023_person2	E153_box023_person2_gateA_b1_sdf015_v05	workspace/core4d/results/E153/gate_threshold_sweep/cem/full/E153_box023_person2_gateA_b1_sdf015_v05_outdir_full/trajectory_mjwp_act.npz	example_datasets/processed/core4d/unitree_g1/humanoid_object/box023_person2_legobj/scene_act_E147_rubber_hull.xml	workspace/core4d/results/E153/gate_threshold_sweep/cem/full/E153_box023_person2_gateA_b1_sdf015_v05_full.mp4	workspace/core4d/results/E143/contact_masks/box023_person2/raw_contact_mask_3cm.npz	example_datasets/processed/core4d/unitree_g1/humanoid_object/box023_person2_legobj/0/trajectory_kinematic.npz	1	rubber_hull	box023	box		E147_spider_rubberhand	E147	E147_box023_person2_rubber_hull	workspace/core4d/results/E147/rubber_hand_collision/cem/full/E147_box023_person2_rubber_hull_outdir_full/trajectory_mjwp_act.npz	example_datasets/processed/core4d/unitree_g1/humanoid_object/box023_person2_legobj/scene_act_E147_rubber_hull.xml	workspace/core4d/results/E143/contact_masks/box023_person2/raw_contact_mask_3cm.npz	example_datasets/processed/core4d/unitree_g1/humanoid_object/box023_person2_legobj/0/trajectory_kinematic.npz	ok	ok	reconstructed_from_E153_grid
169	E162_0169_E153_gateA_b1_sdf015_v10_box023_person2	E153	E153	gateA_b1_sdf015_v10	E153_gateA_b1_sdf015_v10	gateA_b1_sdf015_v10	box023_person2	box023_person2	E153_box023_person2_gateA_b1_sdf015_v10	workspace/core4d/results/E153/gate_threshold_sweep/cem/full/E153_box023_person2_gateA_b1_sdf015_v10_outdir_full/trajectory_mjwp_act.npz	example_datasets/processed/core4d/unitree_g1/humanoid_object/box023_person2_legobj/scene_act_E147_rubber_hull.xml	workspace/core4d/results/E153/gate_threshold_sweep/cem/full/E153_box023_person2_gateA_b1_sdf015_v10_full.mp4	workspace/core4d/results/E143/contact_masks/box023_person2/raw_contact_mask_3cm.npz	example_datasets/processed/core4d/unitree_g1/humanoid_object/box023_person2_legobj/0/trajectory_kinematic.npz	1	rubber_hull	box023	box		E147_spider_rubberhand	E147	E147_box023_person2_rubber_hull	workspace/core4d/results/E147/rubber_hand_collision/cem/full/E147_box023_person2_rubber_hull_outdir_full/trajectory_mjwp_act.npz	example_datasets/processed/core4d/unitree_g1/humanoid_object/box023_person2_legobj/scene_act_E147_rubber_hull.xml	workspace/core4d/results/E143/contact_masks/box023_person2/raw_contact_mask_3cm.npz	example_datasets/processed/core4d/unitree_g1/humanoid_object/box023_person2_legobj/0/trajectory_kinematic.npz	ok	ok	reconstructed_from_E153_grid
170	E162_0170_E155_ramp5_box021_029_p2	E155	E155	ramp5	E155_ramp5	ramp5	d003_box021_20231018_029_p2	box021_029_p2	E155_box021_029_p2_ramp5	workspace/core4d/results/E155/cem/full/E155_box021_029_p2_ramp5_outdir_full/trajectory_mjwp_act.npz	example_datasets/processed/core4d/unitree_g1/humanoid_object/d003_box021_20231018_029_p2_e107_clean/scene_act_E148_rubber_hull.xml	workspace/core4d/results/E155/cem/full/E155_box021_029_p2_ramp5_full.mp4	workspace/core4d/results/E143/contact_masks/box021_029_p2/raw_contact_mask_3cm.npz	example_datasets/processed/core4d/unitree_g1/humanoid_object/d003_box021_20231018_029_p2_e107_clean/0/trajectory_kinematic.npz	1	rubber_hull	box021	box		E147_spider_rubberhand							missing_e147_case	ok	reconstructed_from_E155_results
171	E162_0171_E155_ramp10_box021_029_p2	E155	E155	ramp10	E155_ramp10	ramp10	d003_box021_20231018_029_p2	box021_029_p2	E155_box021_029_p2_ramp10	workspace/core4d/results/E155/cem/full/E155_box021_029_p2_ramp10_outdir_full/trajectory_mjwp_act.npz	example_datasets/processed/core4d/unitree_g1/humanoid_object/d003_box021_20231018_029_p2_e107_clean/scene_act_E148_rubber_hull.xml	workspace/core4d/results/E155/cem/full/E155_box021_029_p2_ramp10_full.mp4	workspace/core4d/results/E143/contact_masks/box021_029_p2/raw_contact_mask_3cm.npz	example_datasets/processed/core4d/unitree_g1/humanoid_object/d003_box021_20231018_029_p2_e107_clean/0/trajectory_kinematic.npz	1	rubber_hull	box021	box		E147_spider_rubberhand							missing_e147_case	ok	reconstructed_from_E155_results
172	E162_0172_E155_decay_box021_029_p2	E155	E155	decay	E155_decay	decay	d003_box021_20231018_029_p2	box021_029_p2	E155_box021_029_p2_decay	workspace/core4d/results/E155/cem/full/E155_box021_029_p2_decay_outdir_full/trajectory_mjwp_act.npz	example_datasets/processed/core4d/unitree_g1/humanoid_object/d003_box021_20231018_029_p2_e107_clean/scene_act_E148_rubber_hull.xml	workspace/core4d/results/E155/cem/full/E155_box021_029_p2_decay_full.mp4	workspace/core4d/results/E143/contact_masks/box021_029_p2/raw_contact_mask_3cm.npz	example_datasets/processed/core4d/unitree_g1/humanoid_object/d003_box021_20231018_029_p2_e107_clean/0/trajectory_kinematic.npz	1	rubber_hull	box021	box		E147_spider_rubberhand							missing_e147_case	ok	reconstructed_from_E155_results
173	E162_0173_E155_neutral_box021_029_p2	E155	E155	neutral	E155_neutral	neutral	d003_box021_20231018_029_p2	box021_029_p2	E155_box021_029_p2_neutral	workspace/core4d/results/E155/cem/full/E155_box021_029_p2_neutral_outdir_full/trajectory_mjwp_act.npz	example_datasets/processed/core4d/unitree_g1/humanoid_object/d003_box021_20231018_029_p2_e107_clean/scene_act_E148_rubber_hull.xml	workspace/core4d/results/E155/cem/full/E155_box021_029_p2_neutral_full.mp4	workspace/core4d/results/E143/contact_masks/box021_029_p2/raw_contact_mask_3cm.npz	example_datasets/processed/core4d/unitree_g1/humanoid_object/d003_box021_20231018_029_p2_e107_clean/0/trajectory_kinematic.npz	1	rubber_hull	box021	box		E147_spider_rubberhand							missing_e147_case	ok	reconstructed_from_E155_results
174	E162_0174_E155_ramp5_box004_083_p2	E155	E155	ramp5	E155_ramp5	ramp5	e091_box004_20231003_2_083_p2	box004_083_p2	E155_box004_083_p2_ramp5	workspace/core4d/results/E155/cem/full/E155_box004_083_p2_ramp5_outdir_full/trajectory_mjwp_act.npz	example_datasets/processed/core4d/unitree_g1/humanoid_object/e091_box004_20231003_2_083_p2_e092_dyn/scene_act_E148_rubber_hull.xml	workspace/core4d/results/E155/cem/full/E155_box004_083_p2_ramp5_full.mp4	workspace/core4d/results/E143/contact_masks/box004_083_p2/raw_contact_mask_3cm.npz	example_datasets/processed/core4d/unitree_g1/humanoid_object/e091_box004_20231003_2_083_p2_e092_dyn/0/trajectory_kinematic.npz	1	rubber_hull	box004	box		E147_spider_rubberhand							missing_e147_case	ok	reconstructed_from_E155_results
175	E162_0175_E155_ramp10_box004_083_p2	E155	E155	ramp10	E155_ramp10	ramp10	e091_box004_20231003_2_083_p2	box004_083_p2	E155_box004_083_p2_ramp10	workspace/core4d/results/E155/cem/full/E155_box004_083_p2_ramp10_outdir_full/trajectory_mjwp_act.npz	example_datasets/processed/core4d/unitree_g1/humanoid_object/e091_box004_20231003_2_083_p2_e092_dyn/scene_act_E148_rubber_hull.xml	workspace/core4d/results/E155/cem/full/E155_box004_083_p2_ramp10_full.mp4	workspace/core4d/results/E143/contact_masks/box004_083_p2/raw_contact_mask_3cm.npz	example_datasets/processed/core4d/unitree_g1/humanoid_object/e091_box004_20231003_2_083_p2_e092_dyn/0/trajectory_kinematic.npz	1	rubber_hull	box004	box		E147_spider_rubberhand							missing_e147_case	ok	reconstructed_from_E155_results
176	E162_0176_E155_decay_box004_083_p2	E155	E155	decay	E155_decay	decay	e091_box004_20231003_2_083_p2	box004_083_p2	E155_box004_083_p2_decay	workspace/core4d/results/E155/cem/full/E155_box004_083_p2_decay_outdir_full/trajectory_mjwp_act.npz	example_datasets/processed/core4d/unitree_g1/humanoid_object/e091_box004_20231003_2_083_p2_e092_dyn/scene_act_E148_rubber_hull.xml	workspace/core4d/results/E155/cem/full/E155_box004_083_p2_decay_full.mp4	workspace/core4d/results/E143/contact_masks/box004_083_p2/raw_contact_mask_3cm.npz	example_datasets/processed/core4d/unitree_g1/humanoid_object/e091_box004_20231003_2_083_p2_e092_dyn/0/trajectory_kinematic.npz	1	rubber_hull	box004	box		E147_spider_rubberhand							missing_e147_case	ok	reconstructed_from_E155_results
177	E162_0177_E155_neutral_box004_083_p2	E155	E155	neutral	E155_neutral	neutral	e091_box004_20231003_2_083_p2	box004_083_p2	E155_box004_083_p2_neutral	workspace/core4d/results/E155/cem/full/E155_box004_083_p2_neutral_outdir_full/trajectory_mjwp_act.npz	example_datasets/processed/core4d/unitree_g1/humanoid_object/e091_box004_20231003_2_083_p2_e092_dyn/scene_act_E148_rubber_hull.xml	workspace/core4d/results/E155/cem/full/E155_box004_083_p2_neutral_full.mp4	workspace/core4d/results/E143/contact_masks/box004_083_p2/raw_contact_mask_3cm.npz	example_datasets/processed/core4d/unitree_g1/humanoid_object/e091_box004_20231003_2_083_p2_e092_dyn/0/trajectory_kinematic.npz	1	rubber_hull	box004	box		E147_spider_rubberhand							missing_e147_case	ok	reconstructed_from_E155_results
178	E162_0178_E155_ramp5_box023_person2	E155	E155	ramp5	E155_ramp5	ramp5	box023_person2	box023_person2	E155_box023_person2_ramp5	workspace/core4d/results/E155/cem/full/E155_box023_person2_ramp5_outdir_full/trajectory_mjwp_act.npz	example_datasets/processed/core4d/unitree_g1/humanoid_object/box023_person2_legobj/scene_act_E147_rubber_hull.xml	workspace/core4d/results/E155/cem/full/E155_box023_person2_ramp5_full.mp4	workspace/core4d/results/E143/contact_masks/box023_person2/raw_contact_mask_3cm.npz	example_datasets/processed/core4d/unitree_g1/humanoid_object/box023_person2_legobj/0/trajectory_kinematic.npz	1	rubber_hull	box023	box		E147_spider_rubberhand	E147	E147_box023_person2_rubber_hull	workspace/core4d/results/E147/rubber_hand_collision/cem/full/E147_box023_person2_rubber_hull_outdir_full/trajectory_mjwp_act.npz	example_datasets/processed/core4d/unitree_g1/humanoid_object/box023_person2_legobj/scene_act_E147_rubber_hull.xml	workspace/core4d/results/E143/contact_masks/box023_person2/raw_contact_mask_3cm.npz	example_datasets/processed/core4d/unitree_g1/humanoid_object/box023_person2_legobj/0/trajectory_kinematic.npz	ok	ok	reconstructed_from_E155_results
179	E162_0179_E155_ramp10_box023_person2	E155	E155	ramp10	E155_ramp10	ramp10	box023_person2	box023_person2	E155_box023_person2_ramp10	workspace/core4d/results/E155/cem/full/E155_box023_person2_ramp10_outdir_full/trajectory_mjwp_act.npz	example_datasets/processed/core4d/unitree_g1/humanoid_object/box023_person2_legobj/scene_act_E147_rubber_hull.xml	workspace/core4d/results/E155/cem/full/E155_box023_person2_ramp10_full.mp4	workspace/core4d/results/E143/contact_masks/box023_person2/raw_contact_mask_3cm.npz	example_datasets/processed/core4d/unitree_g1/humanoid_object/box023_person2_legobj/0/trajectory_kinematic.npz	1	rubber_hull	box023	box		E147_spider_rubberhand	E147	E147_box023_person2_rubber_hull	workspace/core4d/results/E147/rubber_hand_collision/cem/full/E147_box023_person2_rubber_hull_outdir_full/trajectory_mjwp_act.npz	example_datasets/processed/core4d/unitree_g1/humanoid_object/box023_person2_legobj/scene_act_E147_rubber_hull.xml	workspace/core4d/results/E143/contact_masks/box023_person2/raw_contact_mask_3cm.npz	example_datasets/processed/core4d/unitree_g1/humanoid_object/box023_person2_legobj/0/trajectory_kinematic.npz	ok	ok	reconstructed_from_E155_results
180	E162_0180_E155_decay_box023_person2	E155	E155	decay	E155_decay	decay	box023_person2	box023_person2	E155_box023_person2_decay	workspace/core4d/results/E155/cem/full/E155_box023_person2_decay_outdir_full/trajectory_mjwp_act.npz	example_datasets/processed/core4d/unitree_g1/humanoid_object/box023_person2_legobj/scene_act_E147_rubber_hull.xml	workspace/core4d/results/E155/cem/full/E155_box023_person2_decay_full.mp4	workspace/core4d/results/E143/contact_masks/box023_person2/raw_contact_mask_3cm.npz	example_datasets/processed/core4d/unitree_g1/humanoid_object/box023_person2_legobj/0/trajectory_kinematic.npz	1	rubber_hull	box023	box		E147_spider_rubberhand	E147	E147_box023_person2_rubber_hull	workspace/core4d/results/E147/rubber_hand_collision/cem/full/E147_box023_person2_rubber_hull_outdir_full/trajectory_mjwp_act.npz	example_datasets/processed/core4d/unitree_g1/humanoid_object/box023_person2_legobj/scene_act_E147_rubber_hull.xml	workspace/core4d/results/E143/contact_masks/box023_person2/raw_contact_mask_3cm.npz	example_datasets/processed/core4d/unitree_g1/humanoid_object/box023_person2_legobj/0/trajectory_kinematic.npz	ok	ok	reconstructed_from_E155_results
181	E162_0181_E155_neutral_box023_person2	E155	E155	neutral	E155_neutral	neutral	box023_person2	box023_person2	E155_box023_person2_neutral	workspace/core4d/results/E155/cem/full/E155_box023_person2_neutral_outdir_full/trajectory_mjwp_act.npz	example_datasets/processed/core4d/unitree_g1/humanoid_object/box023_person2_legobj/scene_act_E147_rubber_hull.xml	workspace/core4d/results/E155/cem/full/E155_box023_person2_neutral_full.mp4	workspace/core4d/results/E143/contact_masks/box023_person2/raw_contact_mask_3cm.npz	example_datasets/processed/core4d/unitree_g1/humanoid_object/box023_person2_legobj/0/trajectory_kinematic.npz	1	rubber_hull	box023	box		E147_spider_rubberhand	E147	E147_box023_person2_rubber_hull	workspace/core4d/results/E147/rubber_hand_collision/cem/full/E147_box023_person2_rubber_hull_outdir_full/trajectory_mjwp_act.npz	example_datasets/processed/core4d/unitree_g1/humanoid_object/box023_person2_legobj/scene_act_E147_rubber_hull.xml	workspace/core4d/results/E143/contact_masks/box023_person2/raw_contact_mask_3cm.npz	example_datasets/processed/core4d/unitree_g1/humanoid_object/box023_person2_legobj/0/trajectory_kinematic.npz	ok	ok	reconstructed_from_E155_results
