# https://github.com/mikedh/trimesh
v -0.21756688 0.33737531 0.16525087
v -0.24330001 0.35194150 -0.14897101
v -0.06695063 0.29268470 -0.22655323
v -0.09953325 0.29362026 0.20971800
v -0.09093669 0.29208726 0.22681081
v -0.04811622 0.29054385 -0.22397675
v -0.11570278 0.31721359 0.20692481
v -0.13807376 0.31575194 0.20416687
v -0.10088175 0.29906264 0.20658259
v -0.12388750 0.31652501 -0.21252300
v -0.16618222 0.32128739 0.21125112
v -0.10114494 0.30453724 -0.21140949
v -0.06964044 0.29461557 0.22181712
v -0.22160131 0.34280461 -0.15443544
v -0.01861800 0.29184100 -0.22071500
v -0.27108651 0.35956499 0.17151250
v -0.23169924 0.37295875 0.16786174
v -0.23237824 0.36329624 0.16682750
v -0.10470900 0.31327301 0.20614350
v -0.06660288 0.29886901 0.21851225
v -0.19428250 0.32105687 0.19911163
v -0.04030339 0.29102111 0.22466032
v -0.05249200 0.31738225 0.22891074
v 0.16010700 -0.27087900 0.11694300
v -0.09617613 0.31660101 0.21138519
v -0.08191975 0.31620437 0.20718588
v -0.13061576 0.32047716 0.21824920
v -0.20858479 0.36327404 0.16623648
v -0.20678550 0.37714231 -0.16004007
v -0.12295950 -0.37872025 -0.14875850
v 0.09566575 0.25740713 -0.20902838
v -0.17215656 0.36720526 -0.15931882
v -0.27722064 0.35205626 0.08696825
v -0.05732875 0.31558847 -0.21263769
v -0.05615578 0.31658846 -0.20640789
v 0.09411415 0.26367882 -0.20512128
v -0.12522350 -0.37535650 -0.12557600
v 0.09752890 0.25042358 -0.20256819
v -0.01260156 0.29949012 -0.21447313
v -0.01129925 0.30927551 -0.20750625
v -0.27378207 0.35314530 0.00335856
v -0.18645184 0.36649242 -0.16511294
v 0.00056800 0.29557800 0.20626201
v -0.17047125 0.37748599 -0.16163725
v -0.10994618 -0.38110068 -0.15304799
v -0.04214119 0.31570908 0.20781672
v 0.04815047 0.29158273 -0.22045691
v 0.00401416 0.29912609 0.21024038
v 0.00822900 0.29630300 0.21907200
v -0.09922736 0.27644101 0.20704590
v -0.01204009 0.30621246 0.21551378
v 0.00122387 0.30315843 0.21038701
v -0.01425688 0.31499857 0.21016300
v -0.17647225 0.31701875 -0.21220300
v 0.00206925 0.31012037 0.21216118
v 0.01168363 0.30244288 0.21593294
v -0.17235294 0.37441900 -0.15595028
v -0.15265501 0.36781612 0.15936862
v 0.15763150 0.24903750 -0.19598401
v 0.16479893 0.25525656 -0.19964351
v 0.16292313 0.24205750 -0.19257188
v 0.16329400 0.25154600 -0.19558300
v -0.00225950 0.31596324 -0.20887400
v 0.16498549 0.24994650 0.19230650
v -0.14508204 0.37637624 0.15040262
v 0.16984425 0.25068450 0.19053350
v -0.11807469 -0.37024418 -0.15669538
v 0.09339250 0.28670901 -0.22635750
v 0.17272501 0.25297475 0.19436499
v 0.16324782 -0.20699517 0.11409026
v 0.12833138 0.28350112 -0.22392400
v -0.11454200 0.37147701 0.11633700
v 0.09974394 0.29729408 -0.21388225
v 0.09565150 0.29254788 -0.20730875
v 0.21354379 0.35977265 -0.01946928
v 0.00555650 0.31579199 0.20870550
v 0.02766850 0.31593901 0.21482649
v 0.00550375 0.31519449 0.21404500
v 0.08628912 0.29593813 -0.21783806
v 0.20488399 0.36188540 0.11398078
v -0.19394194 0.32117027 -0.19538453
v -0.10945600 0.37196511 0.11669275
v 0.09371475 0.29736519 -0.21210501
v 0.20940475 0.36314726 0.00256550
v 0.10528656 0.29953051 -0.21799369
v -0.14409387 0.29408595 0.22425488
v 0.09487925 0.30886114 -0.20862637
v 0.16822501 0.28979099 0.19449601
v -0.25249088 0.34471089 -0.15186225
v 0.10339735 0.28985837 0.22868994
v 0.09381387 0.30847964 -0.21246099
v 0.10090600 0.31416824 -0.21665975
v -0.22227751 0.32807025 0.17043450
v -0.28562349 0.35477325 -0.15931250
v 0.12568362 0.29128000 -0.21940500
v -0.22466925 0.32739025 0.16712575
v -0.23944500 0.32840651 0.16565324
v -0.25609449 0.33007699 0.17103550
v -0.25340709 0.33589745 0.13790934
v -0.25293601 0.33946401 -0.15586400
v -0.20287150 0.31725213 0.09652343
v 0.18705687 0.29485762 -0.00339862
v -0.20885324 0.31752461 0.10227188
v 0.10022450 0.31483251 -0.20738287
v 0.19938937 0.27758089 -0.00705331
v 0.19437966 0.26710165 -0.00382464
v 0.09916875 0.30765101 0.20405775
v -0.20433563 0.31780976 0.05613800
v 0.10644963 0.31423312 0.20509388
v 0.08864200 0.31514800 0.21165900
v 0.10636600 0.30653250 0.22372051
v 0.19358538 0.28029862 -0.21915001
v 0.20742249 0.27735001 0.10899375
v 0.20635247 0.27637735 0.10266006
v 0.10982961 0.31556609 -0.21523145
v 0.11818197 0.31904593 -0.22127484
v 0.21350700 0.35923737 0.06124038
v 0.20171575 0.28092024 0.22827663
v 0.22348376 0.27517787 -0.10258088
v 0.13941687 -0.37359837 0.10869762
v -0.22196913 0.32220364 0.14018750
v -0.22422569 0.31896007 0.11688813
v 0.19343509 0.27914596 0.22453275
v 0.14324391 -0.37412298 -0.12777562
v 0.21471839 0.27846515 -0.00392431
v -0.20750000 0.31508651 0.11916600
v 0.20962563 0.28090143 -0.10134093
v 0.21408124 0.28390476 -0.09084500
v -0.21418038 0.31733549 0.03330138
v -0.20379600 0.31632999 0.00615700
v -0.20722350 0.31634343 0.01305169
v 0.22391413 0.27614674 0.00233837
v 0.21959238 0.28023624 0.03280050
v 0.22500999 0.27547875 0.04487475
v -0.20451100 0.31474599 -0.01316500
v 0.22278163 0.27688593 -0.19432357
v 0.23009349 0.27786401 -0.15951425
v -0.20478100 0.31618801 -0.02534050
v 0.22664094 0.29043868 -0.12084088
v 0.23066451 0.27817711 -0.18969750
v 0.23576599 0.27796674 -0.19941750
v 0.18458600 0.29657701 0.00157900
v 0.11870100 -0.37091899 0.07804050
v 0.10910700 -0.37065250 0.08853850
v 0.18971001 0.29661900 0.10695800
v 0.12667225 -0.37335750 -0.09782625
v -0.20811900 0.31798100 -0.02507300
v 0.19525056 0.29157913 -0.00341906
v 0.24107131 0.27576530 0.01199919
v 0.24306467 0.27532429 0.05248342
v 0.20337822 0.36366794 0.05361572
v 0.24066250 0.27674875 0.05184025
v -0.10616288 0.28045732 -0.20092544
v -0.10739372 0.26917750 -0.20506275
v 0.23864788 0.27663374 -0.05276262
v 0.24247506 0.27581301 -0.02203641
v 0.23154287 0.28311950 -0.17570162
v 0.23240200 0.28275400 -0.16419999
v 0.18644850 0.30009061 -0.00237475
v 0.22775300 0.27943626 0.11021175
v 0.23597662 0.28323874 -0.04636237
v 0.23324201 0.27841711 -0.00301112
v 0.23662150 0.27907199 -0.16487449
v 0.21656813 0.28984851 -0.00024762
v -0.20989150 0.31765324 0.00937925
v 0.23370731 0.27839431 0.16068649
v -0.29240850 0.34467900 -0.15804701
v -0.15002500 -0.26624501 -0.12844300
v 0.23229063 0.28337130 -0.09624984
v -0.12984119 0.29140332 -0.22568154
v -0.17876101 0.31447825 -0.21471176
v 0.13828038 -0.38237426 0.01019613
v 0.13924313 -0.38245413 -0.00449300
v 0.23486137 0.27829850 0.10835662
v 0.24064475 0.27746725 0.10677825
v 0.24525733 0.27646020 0.11582005
v -0.21841501 0.31678301 -0.08740950
v -0.21181825 0.31710076 -0.15858762
v -0.20895900 0.31458399 -0.15951800
v -0.22235645 0.32339841 -0.16451028
v 0.21010375 0.29753000 -0.05147012
v -0.16709875 -0.26475874 0.12961000
v -0.24180025 0.32724899 0.02553500
v 0.22391462 0.27828676 -0.01911775
v 0.21530207 0.29791781 -0.06052063
v -0.21724693 0.31483239 -0.09979787
v 0.20645575 0.29038876 0.11040025
v -0.09139662 -0.03831477 0.18140519
v 0.24575537 0.27636725 0.18180799
v -0.26203707 0.32985306 0.13280700
v -0.19115774 0.31065351 -0.20976500
v 0.24260463 0.27978417 0.19146712
v 0.19437800 0.30434501 -0.05561500
v -0.10204931 0.28054234 0.20980944
v 0.23548438 0.28440464 0.10121300
v 0.16832951 0.30676174 0.19588301
v 0.18860246 0.30624497 -0.20819876
v 0.19560787 0.30740663 -0.20433563
v 0.24124300 0.28403699 0.09264800
v -0.11969650 -0.37737650 0.15735462
v -0.24360099 0.32556051 -0.15672600
v 0.24346550 0.28261200 0.11086700
v 0.23913750 0.28064400 0.18229350
v 0.24837901 0.27764899 0.18248899
v 0.06163963 0.35762987 -0.17550112
v 0.17898406 0.31506857 -0.20378944
v 0.17451382 0.31332943 -0.18716206
v -0.26220024 0.32862413 -0.16208912
v 0.24176213 0.28424713 -0.18112685
v 0.23838900 0.28931862 -0.00617662
v 0.20298150 0.30266199 0.04961950
v 0.18956600 0.30521587 0.05516200
v 0.21200137 0.30430701 -0.03900175
v 0.12005675 -0.22485755 0.17806509
v 0.21426301 0.29690999 -0.01900000
v 0.21686500 0.29241526 -0.06732925
v 0.20511757 0.30283242 -0.05221797
v -0.16994426 -0.26635662 0.11126825
v -0.12671769 -0.37482449 -0.15295537
v -0.16239449 -0.27432024 -0.08261175
v -0.16088200 -0.26591575 -0.07361450
v -0.16603400 -0.26444301 -0.08777700
v 0.05758425 0.36100930 -0.17040309
v 0.23961350 0.29117101 -0.18543576
v 0.19015948 0.30541581 -0.11286714
v 0.06793950 0.36360300 -0.17981000
v -0.15841456 -0.27835137 0.13672644
v -0.15041187 -0.28526106 0.07963100
v -0.10314700 0.25179699 -0.19801700
v -0.15466256 -0.28153864 0.07543569
v 0.19150725 0.31032848 0.20977594
v 0.20014200 0.29505950 0.21922250
v 0.06978675 0.36598501 -0.17220113
v 0.19950138 0.30541649 0.20132375
v 0.20384462 0.30412087 0.05426850
v 0.19066900 0.31466499 -0.21113500
v 0.20082325 0.31515601 -0.10976075
v -0.21257587 0.31143600 -0.13260187
v -0.15871200 -0.28115776 -0.07698400
v -0.21045563 0.30508986 -0.14971925
v 0.15971811 -0.19339219 0.01930184
v 0.18644850 0.31420350 -0.10948725
v 0.15484436 -0.29064092 0.15094674
v 0.18661687 0.31519276 -0.10485987
v 0.15805264 -0.22493884 0.10490357
v 0.18685600 0.31539100 0.00320900
v 0.18500075 0.31342050 0.00272450
v 0.24480356 0.29050806 0.07059912
v 0.06398375 0.36042863 0.16987513
v 0.06817575 0.36166307 0.17172082
v -0.22133750 0.30326393 0.03178806
v -0.16565350 -0.28849149 0.12964900
v 0.18584000 0.31429100 0.04804300
v 0.18903200 0.31320199 0.05200500
v -0.08578356 -0.38166124 -0.15797250
v 0.22997600 0.30410638 0.16151412
v -0.21517625 0.30023444 0.13413200
v -0.21909125 0.30959076 -0.12447375
v 0.21122999 0.31162688 -0.01278925
v 0.21635588 0.30040613 -0.01075334
v 0.22035575 0.30725113 -0.00675800
v -0.12004900 -0.37429300 -0.15029199
v 0.05952975 0.37064201 -0.18769987
v 0.06203525 -0.38195670 0.16163413
v -0.27487350 0.32804501 -0.01381525
v 0.19275200 0.31572601 0.11527400
v 0.15195072 -0.17369157 0.16809095
v 0.19562200 0.31399250 0.11178450
v 0.21408699 0.31515199 0.00144600
v 0.21480900 0.30373350 0.00591150
v 0.21733300 0.30234075 0.15630925
v 0.06156500 0.37085599 -0.16936150
v 0.22260100 0.31422263 -0.17076938
v 0.20952088 0.31149837 -0.00267625
v -0.17234050 -0.28262150 -0.13777199
v 0.19149600 0.31554651 0.15051199
v 0.22318788 0.31151500 -0.06152537
v 0.21672618 0.31075707 0.03482937
v 0.21297112 0.30260125 0.04023888
v -0.21743725 0.30473676 -0.02709125
v -0.17135157 -0.29859179 -0.13326444
v -0.18041000 -0.29041600 0.08080750
v -0.22832575 0.30465850 0.17010562
v 0.22545850 0.31484199 0.12672450
v 0.21746325 0.31474707 0.05771694
v -0.27798724 0.32747799 -0.15210150
v -0.24489819 0.30813336 0.18781406
v 0.07526162 0.37268561 -0.17000325
v 0.21926400 0.31407151 -0.03092113
v 0.21817656 0.31305107 -0.03864063
v 0.09637694 0.36847362 -0.17193843
v 0.10877556 0.36539575 -0.17773938
v -0.17560025 -0.30350426 0.14549363
v 0.00697037 -0.37230605 -0.15762125
v -0.18791012 0.29521194 -0.21195456
v -0.16286738 -0.31446463 0.07918738
v -0.16883600 -0.31391349 0.07631900
v -0.20778719 0.30486906 -0.19542050
v -0.16592351 -0.31335601 0.14065149
v 0.00183800 -0.37140226 -0.15130475
v -0.17008078 -0.31121579 0.14434047
v 0.22302541 0.31928098 -0.05590281
v 0.23066650 0.31576699 -0.03392700
v 0.02146150 -0.38168475 -0.16158675
v -0.09735990 -0.37365583 0.06491447
v 0.10546187 0.36877275 0.16949213
v 0.09764000 0.36831024 0.17693150
v 0.23210225 0.29977128 0.12841816
v -0.27672863 0.31236482 -0.02009200
v 0.19945738 0.31402889 -0.05712938
v 0.18539651 0.30219501 0.05125600
v 0.19009250 0.30321524 0.16019624
v -0.04775975 -0.37163681 0.15655500
v -0.10850600 -0.38152725 0.15927900
v 0.09997050 0.37364474 0.18745887
v 0.18965772 0.27884510 -0.00293444
v 0.11534700 0.36517799 0.17693099
v -0.22524300 0.30023500 0.14133599
v -0.23180403 0.30102953 -0.01543850
v -0.00155737 0.31050876 0.20825063
v -0.10881387 0.29689893 -0.20849849
v -0.21227300 0.30546799 -0.15076999
v -0.01443069 -0.38165051 -0.15894750
v 0.11853322 0.37110084 0.16942662
v -0.24927475 0.36869574 -0.16083451
v -0.09582000 -0.37323099 0.13330799
v -0.09482338 -0.37200174 0.12683937
v -0.09713087 -0.37109837 -0.06793488
v -0.10263000 -0.37126699 -0.06481400
v -0.09937281 -0.37359563 -0.03632606
v 0.14308237 0.36044636 -0.17250073
v 0.14807674 0.36571988 -0.18943687
v 0.15263738 0.36269611 -0.17399988
v 0.18623450 0.26526776 -0.11419800
v 0.18764324 0.26401776 -0.11621975
v 0.18259700 0.25486350 -0.11919500
v 0.12880754 0.37333599 0.18797533
v 0.09502525 0.36930549 -0.18822750
v 0.20702063 0.31094313 0.05308963
v 0.20231099 0.30856100 0.05011750
v -0.23381500 0.30444849 -0.17368101
v 0.18757625 0.31271836 0.05548538
v 0.23822175 0.28952274 0.11214375
v -0.04908400 -0.38141200 0.15994900
v 0.23685287 0.28912151 -0.15986937
v 0.23452957 0.28808838 -0.12122653
v 0.23249575 0.28527451 -0.06755900
v 0.23719200 0.28757164 -0.06194938
v -0.21823099 0.29545450 0.08314250
v 0.20397037 0.30301031 -0.00254006
v 0.19451794 0.29783526 -0.00243175
v 0.23721889 0.28817877 0.12133830
v 0.21192603 0.30128512 -0.00404506
v 0.21246800 0.30019051 -0.00147925
v 0.20043038 0.31314126 -0.20606175
v 0.14515799 0.37331757 -0.17364082
v 0.20102225 0.31480226 -0.20172612
v 0.18969300 0.25891301 0.11033700
v -0.00489612 0.30896538 -0.20813818
v -0.09691834 -0.37368101 0.09449378
v -0.23278366 0.32308823 -0.01577812
v -0.11277700 -0.36663687 0.16711238
v -0.24160284 0.29779908 0.17917259
v 0.12970343 -0.37842989 0.08822987
v -0.10240025 -0.37344274 -0.15113975
v 0.23457412 0.29620486 0.13285613
v 0.23634000 0.29284999 0.13181375
v 0.23252362 0.29289663 0.12275638
v 0.23329251 0.29672176 0.13270475
v 0.23067673 0.29229906 -0.18170734
v 0.21236774 0.30036688 0.04838506
v 0.20466663 0.30058545 0.10963750
v -0.08446425 -0.38173851 0.16217813
v 0.18772000 0.28976300 -0.11484100
v -0.21139975 0.31609082 -0.20046900
v -0.23145869 0.29317656 0.15089318
v 0.04308019 -0.37673816 0.15813385
v 0.14734252 0.31454560 0.22189578
v -0.22342725 0.30633393 -0.17419313
v 0.24485800 0.28154024 0.17403001
v -0.22284625 0.29817763 -0.17905687
v -0.10473100 -0.37094101 0.12788850
v 0.22026394 0.31408945 -0.15184456
v -0.23868309 0.29841676 0.14760156
v -0.25571707 0.31082311 0.14889026
v -0.10467025 -0.37169325 -0.12756225
v -0.28338182 0.32112399 -0.13351400
v -0.24637325 0.30198351 0.16995326
v -0.09729700 -0.37272874 0.15631838
v -0.20741907 0.31059676 0.12803251
v -0.20532949 0.30601051 0.13920350
v -0.17536600 -0.26503026 -0.10670000
v -0.15995987 -0.27991006 0.08002156
v 0.23157474 0.27801949 -0.11702950
v 0.19553238 0.31515476 0.04894375
v 0.23622125 0.27799064 0.15059462
v -0.21236500 0.29691201 0.02394950
v 0.10500687 0.27989912 0.20882863
v 0.13256870 0.37398437 0.17021096
v -0.22839269 0.29737887 0.16982450
v 0.14035037 -0.37900925 0.02066137
v 0.14112200 -0.37353501 0.04930650
v 0.17844550 0.29106489 0.20669587
v 0.17005250 0.29269269 0.20331581
v -0.15270466 -0.29522756 -0.13597706
v 0.01781625 -0.37481788 -0.16067438
v 0.20687000 0.31549099 0.02875425
v 0.21389361 0.30951443 0.02630422
v -0.10332575 0.29764876 -0.20163999
v 0.18510500 0.31583899 -0.16995700
v 0.19823050 0.31258774 -0.16556244
v 0.21244819 0.31466669 -0.18719688
v 0.20709500 0.31445000 -0.03565700
v 0.20719457 0.31340963 0.18158904
v -0.16729693 -0.28344631 0.08221406
v -0.20588399 0.30362201 0.02412650
v 0.13326319 -0.37242693 0.15546088
v -0.16801450 -0.26376599 0.10747000
v -0.08948325 -0.37064326 0.00470075
v -0.15974644 -0.27902949 0.14391300
v -0.15438688 -0.27798524 0.14535099
v 0.11735200 -0.37830800 0.08314000
v -0.12234400 -0.36375126 -0.11872800
v 0.11861300 0.36857662 -0.17627224
v 0.11806776 0.37269726 -0.18254177
v 0.14666311 -0.18830833 -0.16947867
v -0.15960351 -0.30268657 0.07681043
v -0.14791849 -0.29692826 0.08018775
v -0.25806299 0.34566149 -0.15467650
v 0.24663125 0.28437051 0.10181550
v 0.22921975 0.29489613 -0.13735962
v 0.21248831 0.35288405 0.12347019
v -0.22395369 0.29554713 -0.11712619
v -0.24317287 0.31213889 0.14230751
v -0.23382226 0.29542550 -0.18108925
v -0.16345337 0.37974063 0.16608569
v -0.26110399 0.35371163 0.16200712
v 0.08424412 0.37429649 -0.18924813
v 0.10212800 0.37412900 0.17030124
v -0.17401651 -0.26425126 0.08236375
v -0.14018500 -0.28272799 -0.14077801
v -0.17215601 -0.26489601 -0.12350775
v 0.08629788 -0.38249406 0.15675700
v -0.20206547 0.16972688 0.12508518
v -0.14907913 -0.29588905 0.14546412
v -0.14864987 -0.28519699 0.13935976
v -0.22823299 0.29600075 0.01891325
v -0.28070024 0.32012475 -0.01519875
v -0.16217400 -0.27923599 0.12644300
v -0.17199700 -0.28195500 -0.06746900
v 0.04959334 -0.36674106 0.02723656
v -0.19525668 0.08404986 0.10202795
v -0.27353138 0.31016561 0.14507350
v -0.16948244 -0.28899181 0.14574800
v -0.25161275 0.30943599 -0.15721850
v 0.02601247 -0.37333182 0.15308701
v -0.13448350 -0.31587875 -0.07260475
v -0.21415025 0.25421199 -0.01770325
v -0.20921797 0.25380200 -0.15410034
v -0.21623950 0.26204100 -0.13412300
v -0.20387563 0.25365713 0.03146469
v -0.20323412 0.25240526 0.02521700
v -0.21118926 0.25485250 0.14544125
v -0.21532072 0.26158094 -0.02148319
v -0.21116163 0.25962663 0.14255756
v -0.21177663 0.26262751 0.16531475
v -0.26455674 0.29751426 0.03011050
v -0.25272727 0.28920242 -0.02114208
v -0.27647701 0.31278500 0.02607800
v -0.03572650 -0.38164926 0.16296200
v -0.21002907 0.27866945 0.14710450
v -0.25191244 0.30888131 -0.16926256
v -0.22797716 0.29337743 -0.08545887
v -0.22875024 0.29762501 -0.07691400
v -0.22509015 0.29338929 0.06853475
v -0.22858401 0.29486176 -0.00994225
v -0.20383406 0.28028870 0.15197344
v -0.20352601 0.28218800 0.15937600
v 0.13752200 -0.38266075 -0.07210650
v -0.27374506 0.31576082 0.14719212
v 0.12789699 -0.38196599 -0.09260900
v -0.23019899 0.29763886 0.18208162
v -0.22389349 0.29701701 0.02308600
v -0.24716499 0.31017700 0.16660351
v -0.23320113 0.30640611 0.18388075
v -0.28006750 0.32861450 0.16718450
v -0.16313826 0.29664251 -0.21528512
v -0.22572516 0.30867869 0.18337378
v -0.20428494 0.30468586 0.19875237
v -0.12278650 -0.35841149 0.16377950
v -0.19100863 0.30299887 -0.20762876
v -0.26516244 0.32530156 -0.15710737
v -0.22975776 0.31846374 -0.13289300
v -0.26304337 0.33134374 -0.01375838
v -0.23520000 0.31955850 -0.15737399
v -0.27873805 0.33264351 0.14214081
v -0.09613150 -0.37089899 -0.01717100
v -0.24200600 0.29717699 0.16661800
v -0.09819456 -0.37721622 0.13013391
v -0.23061737 0.32064512 -0.15396075
v -0.11828575 -0.36739412 -0.14881788
v -0.24504572 0.32729110 -0.13345790
v -0.23276626 0.32349420 -0.02147938
v -0.09961506 -0.37667894 -0.12515956
v -0.28588524 0.32476830 -0.15690912
v -0.24026218 0.32649681 0.03057606
v -0.23040400 0.32295182 0.02996856
v -0.22611088 0.32278401 0.00416087
v 0.20364100 0.36399800 -0.03379000
v -0.19161876 0.31637999 -0.21448188
v -0.21727143 0.32589412 0.17277206
v -0.23634581 0.34475732 0.16318326
v 0.17805359 0.36356610 0.06160722
v -0.27715313 0.31535849 0.03116625
v 0.21160325 0.34098336 -0.12104800
v -0.26053742 0.35004321 0.05854003
v 0.15778796 0.36289266 0.16999303
v -0.27517524 0.35606000 0.16602050
v -0.10916512 0.29676813 -0.21980418
v -0.12404275 0.30494750 -0.21334375
v 0.19115700 0.35415399 -0.18103100
v -0.20779875 0.32962400 0.18453175
v -0.21524538 0.36148176 -0.15797774
v -0.10099213 0.31333199 0.20917626
v -0.20697537 0.36625776 -0.15806788
v 0.00121247 0.29677498 -0.22849563
v -0.06176309 0.31686142 0.21185185
v 0.22523731 0.31881201 -0.02843144
v -0.23229225 0.31692299 -0.15978976
v 0.06025931 0.29281721 0.22825831
v 0.22422400 0.31488588 0.16274138
v -0.23696101 0.29827350 -0.15854150
v 0.21631525 0.31467351 0.17719924
v 0.13448951 -0.38250336 0.07900763
v -0.22311050 0.29263437 0.12007600
v 0.02623381 0.31524476 -0.21587075
v 0.21522643 0.31357205 -0.18917739
v 0.18222000 0.25216150 -0.00278850
v 0.02919688 0.31459850 0.20756100
v 0.13525081 0.28744960 -0.23049772
v 0.09169800 0.31636500 0.20697699
v 0.20890822 0.31029296 -0.19107312
v 0.13537237 0.31128043 0.21489769
v -0.24345760 0.30132318 -0.17249006
v 0.22892900 0.27831450 -0.00558200
v -0.20639913 0.28489774 0.15319775
v 0.19237074 0.28528905 0.11048768
v -0.22981475 0.29339024 -0.01596375
v 0.18921350 0.31571600 -0.11976550
v 0.23665126 0.27664551 -0.15235899
v 0.23997051 0.27626324 -0.15746026
v 0.20719124 0.31081444 0.04398669
v -0.10435985 0.02321998 -0.18497129
v 0.23533849 0.27735850 0.19181406
v 0.21493922 0.29454187 0.06864665
v 0.24268250 0.27755019 -0.14934537
v 0.23523350 0.28420374 0.04788875
v 0.23592925 0.28372350 -0.08119375
v 0.19147025 0.29753026 0.11106675
v 0.23584756 0.28589875 -0.03348503
v 0.15786584 0.31580025 0.20031312
v 0.18359275 0.30179974 -0.16366576
v 0.17122000 0.31555200 0.20466299
v 0.07982650 0.34894150 0.20499150
v 0.23066397 0.29257941 -0.12795037
v 0.24773057 0.27760559 0.11619591
v 0.05472300 0.36089101 -0.20691399
v 0.21281263 0.29413489 -0.16012882
v 0.21264932 0.30365968 -0.15046769
v 0.18626094 0.31441656 0.08568600
v 0.19186613 0.30942538 0.10662037
v 0.20987144 0.30504900 -0.09243912
v 0.20053631 0.31306243 0.09671475
v 0.18885601 0.31387001 0.11644900
v 0.23342051 0.28412700 -0.05405000
v 0.08119844 0.34560874 -0.17664018
v -0.25602570 0.30794999 -0.13992187
v 0.23605800 0.28467250 0.00285200
v 0.20486937 0.31187806 -0.16598919
v 0.13551626 0.31462088 0.21924487
v -0.25125700 0.29712638 -0.14861563
v 0.24178864 0.27588996 -0.10500106
v 0.16855100 0.31463149 -0.21044099
v 0.21828949 0.31473675 0.14967425
v 0.06619200 0.37457576 -0.18799475
v 0.22133462 0.31782937 -0.12623525
v 0.22836401 0.31581488 -0.11507650
v 0.22084825 0.27855387 -0.04078150
v -0.23588926 0.29685414 -0.17475438
v 0.13944900 0.34873837 0.17871587
v 0.12750663 0.31344724 -0.21405900
v 0.22076763 0.33243901 -0.03370012
v 0.12088947 0.37362701 -0.19144610
v 0.09801921 -0.02345908 0.18530904
v 0.15288638 0.36178237 -0.19375449
v 0.15221600 0.36010149 0.16792075
v 0.15345012 0.36592743 0.17721057
v 0.10195000 0.30982301 0.20787001
v -0.26297373 0.29537362 -0.13295731
v 0.15656687 0.36296332 0.18735576
v -0.10105050 -0.37123275 -0.00090600
v -0.09861200 -0.37229276 0.01080787
v -0.09814137 -0.37322038 0.01686450
v -0.25306350 0.29749349 -0.16824751
v -0.25384513 0.29658899 -0.17653137
v -0.26635087 0.29523811 -0.15365382
v -0.12394437 -0.35470212 0.15761681
v 0.10662700 0.29313850 0.22789900
v -0.17072500 -0.31475499 -0.13350700
v -0.24322475 0.28403193 0.14650472
v -0.17926200 -0.30491924 0.07905625
v -0.16609922 -0.30325952 -0.13662915
v 0.02221256 -0.38114524 0.15513051
v 0.02681912 -0.38248712 0.16226125
v -0.24154612 0.28501707 0.14137641
v -0.18005550 -0.29105699 -0.12985100
v -0.18230850 -0.29165712 -0.07352475
v 0.02145500 -0.36619201 0.00238400
v -0.17585762 -0.29153913 0.13953713
v -0.13576800 -0.27980301 0.08249600
v -0.21024124 0.28049299 -0.13914999
v 0.09909600 0.25036201 0.20050099
v 0.11004900 -0.38219914 0.15094826
v 0.09214775 -0.38161251 0.15213449
v 0.10781525 -0.38219926 0.15465675
v -0.17186312 -0.26637575 -0.11397813
v -0.16780750 -0.27998450 0.07563600
v -0.13583750 0.37264276 -0.12976743
v -0.16902700 -0.26414999 -0.12989300
v 0.13207750 -0.38247561 -0.09077450
v -0.25502902 0.28946966 -0.15215637
v -0.13492100 -0.28066999 0.13622400
v -0.15947901 -0.26408800 -0.07463750
v -0.15658875 0.37561426 -0.15089287
v -0.24064280 0.27888039 -0.15631993
v -0.14604056 -0.27156499 -0.07303288
v -0.14336225 -0.26833099 0.08281800
v 0.13362662 -0.37225318 -0.00045850
v 0.12955962 -0.37256137 0.09128263
v -0.14656575 -0.26250386 -0.17148863
v -0.21460424 0.26311001 0.03036575
v -0.00397606 0.29697844 0.21763863
v 0.13799851 -0.35724500 -0.16179712
v -0.17872682 -0.17389348 0.16579291
v -0.11101931 -0.18626150 -0.17663801
v -0.17796150 -0.25477049 -0.15859450
v -0.21615282 0.26294875 0.02690975
v -0.08162400 0.31257176 0.21568400
v -0.09631319 -0.17899460 0.17749290
v -0.22589500 0.36085001 -0.02708400
v 0.14277975 -0.25796649 -0.16707863
v -0.20573300 0.25370464 -0.02189763
v 0.15413068 -0.23741011 -0.15358864
v -0.10949138 0.32001576 -0.21608976
v -0.05890911 0.29283652 0.22934116
v -0.26652125 0.35664800 0.16462401
v -0.13896012 0.31019101 0.21721449
v -0.25427416 0.28827432 -0.13719954
v -0.25275978 0.34090909 0.02548172
v -0.25649750 0.33965299 0.02127500
v -0.25707576 0.34755689 -0.01836406
v -0.18916000 0.31556699 -0.22087200
v 0.10009964 -0.17194486 0.17952299
v -0.09676137 0.01283374 -0.18102819
v -0.18673579 0.03871217 0.17369695
v -0.20115863 0.31690794 0.20333412
v -0.28113669 0.34811538 0.06236775
v -0.20605899 0.31784099 -0.09033300
v -0.22592150 0.31812975 0.18076563
v -0.21047150 0.31677499 -0.14617451
v -0.22644524 0.31679025 0.03201400
v -0.13511337 0.29497901 -0.21530776
v -0.20901801 0.25316763 -0.13364699
v -0.21214800 0.31653401 -0.15201326
v -0.26279137 0.33470050 -0.16598138
v -0.14337327 0.29173544 0.22817649
v -0.18081963 0.29417044 0.22034788
v -0.26562300 0.32947400 0.03197500
v -0.20700151 0.31557000 -0.02240800
v -0.22745900 0.30915201 0.17096300
v -0.22229931 0.30359465 0.18064746
v -0.21530975 0.25828549 -0.13719276
v -0.28093925 0.32782713 0.16346313
v -0.20479250 0.29245275 0.21564025
v 0.15871477 -0.00203268 -0.17486605
v -0.26056713 0.31232101 0.15355350
v -0.23320387 0.29904377 0.03136503
v -0.23434275 0.29456699 -0.15756325
v 0.09776908 0.12150285 0.19291666
v 0.16754256 0.21979144 -0.18648969
v -0.20536856 0.25322920 -0.01750094
v -0.06305400 0.19645500 0.19508401
v -0.25407940 0.29111105 0.16528875
v -0.22773881 0.28696501 -0.14850937
v -0.24996606 0.29648507 -0.15910751
v -0.25428101 0.29493651 -0.15657750
v -0.21548888 0.27539736 0.16124812
v -0.25173929 0.28948364 0.02511306
v -0.21256846 0.25493556 -0.15675816
v -0.24633873 0.28520581 0.03071547
v -0.22845000 0.29476801 0.16602400
v -0.23077038 0.29579887 0.17167862
v -0.21575899 0.30066288 0.01915325
v -0.21655856 0.26581287 0.16172300
v -0.22131249 0.29968649 -0.01556550
v -0.21410525 0.27019912 0.02473038
v -0.26946676 0.32252774 -0.15171725
v -0.28399351 0.33493611 -0.01417312
v -0.20110750 0.25094900 0.16625351
v -0.10155796 -0.13193706 0.18166509
v -0.20424372 0.25394791 0.16218773
v -0.26489487 0.32565463 0.16681001
v -0.21070637 0.31356701 -0.12789488
v -0.20783199 0.25229001 -0.13976149
v -0.23072401 0.31570300 -0.17099400
v -0.22236550 0.31665713 -0.18736912
v -0.26577914 0.33162150 -0.13106394
v -0.22750019 0.31788474 0.16858400
v -0.21191113 0.30966887 0.10688812
v -0.20835581 0.31138793 0.10665487
v -0.11518000 -0.36848649 -0.11962400
v 0.18783875 0.25774726 0.10809662
v -0.24696350 0.33052850 0.14102450
v -0.22779387 0.32240337 -0.13497075
v -0.23260094 0.32495099 0.02381125
v -0.26762649 0.33434513 0.13501738
v -0.22714950 0.32164124 -0.07879838
v -0.20903718 0.31791395 0.08320494
v -0.21392375 0.31603274 -0.01042675
v -0.22910269 0.32962281 0.10743462
v -0.23236924 0.32973143 -0.09990793
v -0.20381200 0.31592301 0.03274400
v 0.10377092 -0.17544609 0.18024065
v -0.25708795 0.34282324 0.03272387
v -0.14244901 0.30119601 -0.21173500
v -0.26318225 0.35171625 -0.16255200
v -0.14745849 0.31671000 0.21934751
v -0.26177800 0.35632300 0.17521749
v -0.23296550 0.34833199 -0.15163501
v -0.24025163 0.36904389 -0.16375212
v -0.23234403 0.34900796 0.16562285
v -0.11632944 0.31866145 -0.22366619
v -0.21294700 0.36207700 -0.16372000
v -0.08468319 0.31648582 -0.21188700
v -0.00470125 0.29679075 -0.20538200
v 0.10271212 0.25249410 0.20198093
v 0.16289859 -0.20649378 0.14387518
v -0.02162100 0.31506300 -0.20655800
v -0.15608899 0.36606801 -0.15937249
v -0.19243537 0.37904218 0.17011344
v -0.11722050 0.36412299 -0.11813900
v 0.05792444 0.29083413 0.22358769
v -0.21793950 0.26208588 -0.15581276
v -0.11389575 0.37091076 -0.11286475
v -0.09308244 0.12772821 -0.18738736
v -0.09846000 0.17496188 -0.19416413
v 0.13546799 -0.37888321 0.04545756
v 0.16834800 0.28135151 0.21644799
v 0.11535769 0.30041066 0.21757966
v 0.17555575 0.31409138 0.18912338
v 0.17439906 0.29036129 0.19829272
v 0.21906912 0.28100887 -0.06675713
v 0.22194324 0.27778700 0.19882238
v 0.09548242 -0.18668383 0.17641129
v 0.14791100 0.31237751 0.20088650
v 0.24141151 0.27664626 -0.00447575
v 0.21454081 0.28887200 -0.17571263
v 0.19890991 0.29686528 0.10648216
v 0.16687536 -0.03847874 -0.10413850
v -0.00135687 0.37215126 -0.11248662
v 0.07284675 0.34809875 -0.18048675
v 0.16252573 -0.09998239 0.16310142
v 0.17613900 0.01504500 0.11191800
v -0.23768061 0.27912083 -0.01570763
v 0.23769300 0.28406224 0.03119325
v 0.24408901 0.28254500 0.15285000
v 0.10579590 0.31913787 0.22270472
v 0.23742688 0.28917399 -0.02723775
v 0.22203600 0.29630187 -0.00055287
v 0.19614300 0.30955100 0.05397675
v 0.08721350 0.34662062 0.20617776
v 0.18206000 0.31294799 -0.09737200
v -0.23393016 0.27704743 0.16179328
v 0.22098762 0.30591512 -0.17322813
v 0.23908688 0.29269549 -0.01274725
v 0.21190956 0.30537650 0.10518488
v 0.21414031 0.30029625 0.10933569
v 0.18881600 0.31136939 -0.00382425
v 0.23311400 0.29547200 0.05480100
v 0.20743600 0.31345412 -0.09272650
v 0.21416099 0.30550751 0.05573763
v -0.11804000 -0.36769199 -0.12728976
v 0.19006650 0.31442201 0.14978850
v 0.13290150 0.34664801 0.19538125
v 0.21511215 0.31310931 -0.00575447
v 0.22072187 0.31411201 -0.08562500
v 0.08228862 0.36565819 0.17448394
v 0.21513376 0.32003036 -0.12620787
v 0.23129213 0.31210950 -0.03340137
v 0.15677266 -0.02779119 0.17624030
v -0.19949323 0.07685839 0.11380122
v 0.12218772 0.36743766 0.18632236
v 0.14181075 0.36577275 -0.18954943
v 0.14594901 0.35957500 -0.18077099
v 0.13449387 0.36359259 0.18038914
v 0.14521037 0.36461043 0.18838488
v 0.17520849 0.36355853 -0.02571738
v 0.20178150 0.35105500 0.16867051
v 0.20056812 0.36314812 -0.09987094
v -0.09089200 -0.38117000 0.15739100
v -0.10152937 -0.37188488 -0.12190238
v -0.11230500 -0.37048799 0.15690638
v -0.26525050 0.29970849 0.14256975
v -0.26467881 0.30516231 0.13990925
v -0.09718075 -0.37098524 0.00782250
v -0.24829376 0.29965726 -0.13765438
v -0.01110222 -0.38148230 0.16167763
v -0.07237450 -0.38134351 -0.15823600
v -0.13680713 -0.31504375 -0.13369150
v 0.01580931 -0.38019937 0.16094056
v -0.19745862 0.07017537 -0.09748925
v -0.19365509 -0.08190656 0.11832055
v -0.13251200 -0.31373799 0.14007300
v -0.13190700 -0.31486425 0.14398275
v 0.01293887 -0.37289461 0.16008499
v -0.24842425 0.29574174 0.16640125
v -0.15076087 -0.28887361 -0.07400581
v -0.15010175 -0.29802069 0.14026837
v 0.06988500 -0.37795150 -0.15725151
v -0.16924626 -0.28688526 0.14002737
v 0.14781980 -0.04676064 0.18026191
v 0.06281150 -0.37281051 0.15773199
v -0.15286000 -0.28545499 -0.06819950
v -0.13516225 -0.29057381 0.14595881
v -0.13548151 -0.27823400 0.14986175
v -0.14648475 -0.26786026 -0.08087450
v 0.12858100 -0.37373900 -0.08878000
v -0.15379700 -0.26375249 0.13743649
v -0.16688831 -0.25822544 -0.16522981
v 0.15113412 -0.36965632 0.13571562
v 0.08822891 -0.15094599 -0.17815968
v -0.23218775 0.29737949 -0.02206488
v 0.15534747 -0.29323277 -0.11758378
v -0.19290282 -0.07894223 -0.10177279
v 0.15216599 -0.27650425 0.15758926
v 0.13528600 -0.36404100 0.16513875
v -0.10502529 -0.11426990 -0.17841496
v -0.18986325 -0.14146931 -0.09921487
v -0.24488699 0.29676700 0.18928300
v -0.18898310 -0.07565188 -0.16083044
v 0.16628367 -0.11582814 -0.11515387
v 0.08483148 -0.11770011 -0.17866173
v -0.22869276 0.29458925 -0.13232875
v 0.16139647 -0.05438858 0.16954714
v 0.14717524 -0.07064307 -0.17836425
v -0.09701046 -0.27634639 0.17470118
v 0.17527249 0.01176825 0.10816200
v -0.20187241 0.16930571 0.10938370
v -0.12795350 -0.24709851 0.05697000
v -0.22127825 0.29407787 0.05401475
v 0.15761752 -0.24571413 0.10847622
v 0.15008201 -0.36485299 -0.11639700
v 0.14755313 -0.36825931 -0.13843362
v -0.21043350 0.25501949 0.16356400
v 0.14418000 -0.35275400 -0.15498599
v 0.14759825 -0.37035194 0.02894712
v 0.20816723 0.35813272 0.13273001
v -0.25933388 0.29273251 -0.01613925
v 0.13660219 -0.37375525 0.13025828
v -0.21530013 0.28186744 0.15443206
v -0.25512099 0.29992399 -0.15221000
v 0.12473750 -0.37423250 0.14864750
v -0.22614001 0.29576114 0.13704237
v -0.28371695 0.33179712 -0.13776600
v 0.12432050 -0.37837049 -0.09091150
v -0.17691299 0.29145449 -0.21919000
v -0.28898999 0.34067151 -0.13427800
v -0.27201405 0.32674831 0.16066213
v -0.26420900 0.33081824 0.02334725
v -0.21533807 0.31567875 -0.14809081
v -0.24111700 0.32844099 0.14366899
v -0.28299174 0.35038000 -0.09690075
v -0.21554238 0.31725624 0.19224082
v -0.20173350 0.31591550 0.08655850
v -0.15525162 0.29382300 0.23277956
v -0.25908676 0.35104936 0.14310925
v 0.10423163 -0.38264713 -0.15611374
v -0.26236564 0.35034189 -0.07103938
v -0.15049325 -0.28913900 -0.13304675
v -0.10180432 0.29591674 -0.21521063
v -0.13098900 -0.31637201 0.08036350
v -0.15741219 0.31440151 0.21693219
v -0.11524503 0.29379559 0.23210925
v -0.26448300 0.36095899 0.16623400
v 0.08656450 -0.38139999 -0.15320775
v -0.08135759 0.31989005 -0.21965760
v -0.21118581 0.37068605 -0.05341256
v -0.13144037 -0.31453538 0.07470363
v 0.04717037 0.28942880 -0.22589956
v 0.03342300 -0.37480575 -0.16141050
v -0.21045426 0.29574925 -0.14156425
v 0.10305425 0.25275025 0.20641275
v -0.02106887 0.31536287 -0.21154438
v -0.20381075 0.37709525 0.16574199
v -0.17206925 -0.31025374 0.08076550
v -0.13372600 0.35977000 0.00720500
v -0.13747433 0.36504358 -0.13143820
v 0.09625375 0.28061324 -0.20993075
v 0.09636769 0.28146324 -0.20570976
v -0.03085800 -0.38193801 -0.16437399
v 0.09142925 0.28279600 -0.20435275
v 0.10289922 0.29372486 0.20934716
v 0.11784960 0.28425267 -0.22854619
v -0.11371300 0.37633201 0.10339200
v 0.19133337 0.26473063 -0.11445950
v -0.10893050 0.25377688 -0.20349112
v -0.09966744 -0.37345925 -0.07408975
v -0.21482207 0.30715236 -0.01461019
v 0.20145448 0.35937285 0.15712246
v 0.20475647 0.27864006 -0.22843494
v 0.21620625 0.35046074 0.08968850
v 0.19186351 0.27727538 -0.22992650
v 0.21749175 0.35253099 -0.02039375
v 0.19118451 0.29433224 -0.22440250
v 0.10699575 0.31573901 0.20767400
v 0.21869950 0.28039101 0.07011487
v -0.28201801 0.33071569 -0.13198957
v 0.23723112 0.27659801 -0.18252525
v 0.23316801 0.28245726 -0.11010250
v 0.21348646 0.29500437 -0.08261178
v -0.21899074 0.31097087 -0.07074188
v 0.24105918 0.27566299 -0.06289475
v 0.23446000 0.28493100 -0.13955900
v 0.23144799 0.27808726 0.18141425
v 0.19917101 0.29112762 0.21110350
v -0.01085200 0.37499714 -0.10833750
v 0.23170775 0.27825412 -0.05966431
v 0.24545963 0.27678403 0.02725006
v 0.24152088 0.27713206 0.08575494
v 0.24476156 0.27544606 0.08984040
v 0.07958875 0.34666014 -0.20487387
v 0.21720400 0.35421801 0.04562200
v 0.18770419 0.30256611 -0.16522163
v 0.24571538 0.27642113 0.14958732
v 0.20168544 0.29751888 -0.10376875
v 0.23306769 0.28951180 0.14346063
v 0.19575325 0.30363324 -0.16209950
v 0.23767877 0.28165856 0.16104418
v -0.26806000 0.32957000 -0.02180450
v 0.23149700 0.31325001 0.16333200
v 0.20524900 0.30422875 -0.18947925
v 0.06845150 0.35720900 0.17938399
v 0.23364663 0.29308495 0.01322244
v 0.19549400 0.31548500 0.15409701
v 0.18927100 0.31590199 0.09802600
v 0.22370313 0.30864999 0.14757450
v 0.20913650 0.31295076 0.22311100
v 0.21731400 0.31140974 0.07551400
v 0.21499738 0.31448913 0.03890325
v 0.22920972 0.30788723 0.13571635
v 0.13097012 0.34609801 0.17161825
v 0.21033850 0.30452681 0.08275475
v 0.21106476 0.30925438 -0.03018337
v 0.21006384 0.31298858 -0.04528228
v 0.23600151 0.29312187 0.16218019
v 0.22705112 0.31860676 0.00258925
v 0.18578801 0.31301200 -0.12027000
v 0.12932563 0.36562049 -0.17854457
v 0.14894822 0.36056229 0.17236887
v 0.09314775 0.37306598 0.16846062
v 0.24225982 0.28819463 -0.10168590
v 0.14679524 0.36030599 -0.19231275
v 0.12827638 0.37454587 -0.17309238
v 0.14908800 0.36151400 -0.01696400
v 0.23616660 0.28451231 0.08073150
v 0.19490087 0.35985038 -0.16495825
v 0.17456135 0.36332828 0.01614691
v 0.14831699 0.37492400 0.18777999
v 0.17214894 0.36366686 0.10293321
v -0.10011312 -0.37342507 -0.09966150
v 0.11855966 -0.37301341 0.09708197
v 0.23349901 0.28778175 0.18333931
v 0.19612867 0.29341406 0.21893641
v 0.18515444 0.29760155 0.20623074
v 0.15610209 0.31362087 -0.21370278
v 0.23429824 0.28070450 0.05288969
v 0.23139268 0.28481036 -0.13317138
v 0.18810400 0.30224001 -0.22003700
v 0.06000750 0.36144751 -0.12047350
v -0.12738800 -0.34811899 0.07817100
v -0.02314050 -0.38099074 0.16725449
v -0.21513376 0.31762230 -0.12101819
v -0.22666401 0.32124799 -0.02498900
v 0.18540788 0.28694639 -0.11194925
v 0.01384875 -0.36924681 -0.11287963
v -0.18270350 -0.29013351 -0.13304600
v 0.05068263 -0.38269898 -0.15985550
v 0.01962144 -0.36653674 -0.03262050
v -0.14775200 -0.30301675 -0.13842174
v 0.17582463 0.29456112 -0.20870088
v 0.07518744 -0.37690425 0.15607119
v 0.04426325 -0.37166724 0.15510425
v -0.17216925 -0.27824262 -0.13113612
v 0.08619450 0.31591749 0.22769000
v -0.14057600 -0.27391800 0.08049500
v 0.13274850 -0.38260251 -0.12509400
v 0.13676618 -0.38238963 -0.04674550
v 0.13395387 -0.38169006 -0.04606913
v -0.13864000 -0.27675149 0.07402950
v -0.15699962 -0.26379451 -0.09974112
v -0.13504988 -0.27403101 -0.06091437
v 0.13851824 -0.37913975 -0.02061031
v 0.12489400 -0.37253299 0.13705000
v 0.14395931 -0.37266049 -0.02168478
v 0.17030762 0.28031638 -0.22281550
v -0.22679037 0.31915730 -0.01243256
v 0.15269224 0.28489774 -0.21850325
v 0.07450788 0.31899011 -0.22438425
v -0.08432875 0.36552519 0.20321293
v 0.13170086 -0.34100789 -0.16826968
v -0.10880103 -0.29117405 -0.17221659
v 0.03380750 0.31443575 -0.20732801
v 0.07844375 0.31455475 -0.20699362
v 0.14662500 -0.36525425 -0.11018300
v -0.13013101 0.36425000 0.13238899
v -0.00262225 0.31456175 -0.21289475
v -0.23652226 0.32457474 0.16542450
v 0.14521550 -0.29544598 0.16347866
v 0.04204450 0.29710749 -0.22796550
v -0.00212441 0.29358906 0.22987553
v 0.15361564 -0.25368017 -0.10602350
v -0.03525725 0.31368074 -0.21343575
v -0.17172050 0.36476037 -0.19219825
v -0.18334900 0.35571975 -0.19611876
v -0.21901900 0.32155037 0.16687644
v -0.16778401 0.31963399 0.22815900
v 0.09142071 -0.00799014 -0.18654850
v -0.11171162 0.31636426 -0.20302325
v -0.18917690 0.05217840 -0.17097068
v -0.17295726 0.31687349 0.20144050
v -0.18312497 0.13954829 0.18451183
v -0.18866438 0.33010662 -0.19570237
v -0.27739814 0.35221338 0.06680988
v -0.26967049 0.35416383 -0.07641381
v -0.28107336 0.35094526 0.16555700
v -0.22445901 0.33581501 -0.15761100
v -0.15247700 0.31464070 -0.21398671
v -0.25816500 0.34280449 -0.01431200
v -0.26098770 0.35171387 0.03353481
v 0.16910622 -0.02904314 0.10164082
v -0.19836625 0.24435250 -0.17539938
v -0.17140506 0.30329224 -0.21358025
v -0.07960000 0.20028588 -0.19652675
v -0.21310763 0.25469324 0.02524925
v -0.26453450 0.32926825 0.17649300
v -0.20346799 0.25393513 0.14401449
v -0.22530250 0.32172376 0.03881125
v -0.18951212 -0.07349031 0.10524406
v -0.21737251 0.28612512 -0.14307013
v -0.24802350 0.29617599 0.18163100
v -0.26461750 0.29909149 0.16135450
v -0.22841924 0.29450551 -0.02577225
v -0.23121850 0.29478851 0.14256056
v -0.22237988 0.29486486 0.18616575
v -0.26797569 0.32106969 0.15693624
v -0.20713925 0.29529336 -0.20045863
v -0.19905475 0.31729299 -0.20621650
v -0.27366599 0.32696301 -0.13729049
v -0.19652399 0.29799151 0.22293462
v -0.21266481 0.32064724 -0.18039832
v -0.22891819 0.32582018 -0.16082337
v -0.27204213 0.30863437 0.16570337
v -0.20671874 0.31633401 0.03068750
v -0.23046513 0.29481050 -0.12602638
v -0.21704400 0.31688949 -0.03559350
v -0.22526388 0.32147044 0.05770912
v -0.23156226 0.32720250 -0.15608200
v 0.19276300 0.36219701 0.16325100
v -0.24167649 0.29293901 -0.15153763
v -0.23336600 0.33429399 0.04873550
v -0.17647313 0.31576213 -0.22039425
v -0.17419584 0.32065883 -0.20383126
v -0.11117727 0.31133455 -0.21112071
v -0.10105050 0.31513500 -0.20235850
v -0.08791400 0.33004439 -0.21638168
v -0.20455299 0.37137401 -0.15888950
v 0.19831499 0.36160100 -0.14703800
v -0.20707512 0.36218324 0.17136250
v -0.01356366 0.29123858 -0.22727622
v -0.20036200 0.36853501 0.16655549
v -0.18691461 0.21879698 0.18676762
v 0.17273675 0.23509538 -0.18203838
v -0.00070650 0.29764074 0.22897799
v -0.19145921 0.20350273 -0.17970130
v -0.11690075 0.37120149 -0.11006900
v 0.10560063 0.28967014 0.20492087
v 0.16523425 0.29545286 -0.21337900
v 0.18660647 0.28623313 -0.21923107
v 0.19898437 0.27771387 -0.10808475
v 0.19020650 0.28277674 -0.11548631
v 0.11219600 0.31187862 0.21289425
v 0.18302500 0.30750400 0.17976899
v 0.23926607 0.27692094 -0.11681738
v 0.21846375 0.29296118 0.00378294
v 0.23164874 0.27981311 0.12338462
v 0.23304288 0.27776068 0.11864750
v 0.23749150 0.28217164 0.12642318
v 0.20279326 0.29460651 -0.19566850
v 0.16279469 0.31827107 -0.21368393
v 0.24524938 0.27838030 -0.02122928
v 0.18363012 0.31405476 -0.16902325
v 0.23799200 0.28507200 0.05495900
v -0.28153825 0.34773436 0.17532150
v 0.23262542 0.29248822 -0.05605933
v 0.20047525 0.28169674 -0.23089762
v 0.18786350 0.31084174 0.09951025
v 0.23187275 0.29571137 0.18758106
v 0.19253150 0.31400049 0.16203600
v 0.20181875 0.31431499 0.19567512
v 0.18760575 0.31439838 0.16826038
v -0.27816355 0.35574731 -0.16405362
v 0.20177668 0.31472874 0.08487100
v 0.20321526 0.31554526 -0.05026925
v 0.22323900 0.31281912 -0.20774674
v 0.23178025 0.30773726 0.17618187
v 0.22251675 0.31521425 -0.06523475
v 0.22408925 0.32112449 0.07093325
v -0.26825613 0.35380924 0.01283912
v 0.14928301 0.36348400 -0.12240300
v 0.17358112 0.36352226 -0.06268125
v 0.13680263 -0.37468964 0.08945262
v -0.05492606 -0.38183555 0.16412012
v -0.01767475 -0.37172899 -0.15600200
v -0.18099213 -0.30656487 -0.07145788
v -0.16960850 -0.31367975 -0.07246600
v -0.17077500 -0.31483999 -0.06911400
v -0.18037599 -0.30719399 -0.13748200
v 0.02034606 -0.37419438 0.15958312
v -0.16329329 -0.30139291 0.14152078
v -0.14012863 -0.28406736 -0.07304525
v -0.14689563 -0.29476175 0.07523625
v 0.06843625 -0.37254199 0.16428450
v 0.13186075 -0.37374225 0.08381775
v -0.16584837 -0.28354675 0.10644537
v -0.16719624 -0.27620101 0.10537725
v 0.12675563 -0.37237114 0.08299612
v -0.17285812 -0.26671568 0.10014200
v 0.10489544 -0.37389338 0.15702921
v 0.13352451 -0.38262531 0.10642069
v 0.13796000 -0.37404549 -0.02826675
v 0.13770862 -0.37264851 0.01818663
v -0.19587193 -0.10453588 -0.11013737
v -0.14049350 -0.26970324 0.14850250
v -0.18638425 -0.25295749 0.12120425
v -0.12176700 -0.37283099 0.13135700
v -0.15285812 -0.26408318 0.14882100
v 0.10400513 -0.36503425 0.17287113
v -0.14492100 -0.26609600 0.13681699
v -0.17751315 -0.02655809 0.17763044
v -0.17842141 -0.18461080 -0.16372757
v 0.15438224 -0.36476251 0.11660600
v 0.08166288 0.01676619 -0.18363084
v 0.09189786 -0.25521144 0.17344321
v -0.18367949 -0.20824373 0.10710475
v -0.19548194 0.31639633 0.18460743
v -0.18513273 0.22195151 -0.18557867
v 0.15042549 -0.36336300 -0.00911700
v -0.23009443 0.27186620 -0.15288618
v -0.22942469 0.27572986 0.14213863
v -0.20351100 0.25006199 -0.01491700
v 0.13309413 -0.37210670 0.04522400
v 0.11922800 -0.37151724 -0.07977675
v -0.23661685 0.28577751 0.15647247
v -0.22820950 0.29585624 0.03650750
v -0.11037300 0.25100249 -0.19751850
v 0.13233350 -0.38203907 0.12420634
v -0.28090751 0.32375163 -0.15672225
v 0.13705350 -0.38264951 0.11674950
v -0.23164606 0.30968389 -0.18001175
v -0.28890163 0.33627388 -0.16434525
v -0.10137650 0.25044751 0.20178300
v -0.20546125 0.29680988 0.20200706
v -0.28263426 0.32654426 0.02994200
v -0.28389025 0.33963326 0.02510900
v -0.26651150 0.32749999 0.14976200
v -0.28378901 0.34209099 0.14427000
v -0.18240425 0.31561974 0.22793938
v -0.22731701 0.32457986 -0.15201224
v -0.24672125 0.33091757 -0.01517531
v -0.18360800 -0.26386499 -0.13690950
v -0.17327900 0.30497801 0.21646450
v 0.05360500 -0.37388325 -0.16297038
v 0.08875025 -0.37502524 0.15764076
v -0.18245000 -0.26279899 -0.06671500
v -0.22164588 0.32868725 0.16029687
v -0.14380500 -0.27245101 -0.06771300
v -0.27011895 0.35385051 -0.11251988
v 0.06965362 -0.37302426 -0.15507531
v -0.26372501 0.35311395 0.11968356
v -0.15484834 0.31658822 -0.19839619
v -0.08193038 0.31285372 -0.21356562
v 0.03879965 -0.38089603 0.15720816
v -0.14458100 -0.27459800 -0.13319799
v -0.17892700 -0.29083800 0.08261900
v -0.19219007 0.35895899 0.19219169
v 0.01592400 -0.37088200 0.14103749
v -0.00274000 -0.36864099 0.09919050
v 0.03514350 -0.38032100 -0.15655775
v -0.19474643 0.37673932 -0.16353256
v -0.12464687 -0.34956574 0.07375400
v 0.04203300 0.29790851 -0.21744050
v -0.02215263 -0.37128970 0.16872257
v -0.02598600 -0.37420899 0.16364899
v -0.15226100 0.37009656 0.16402538
v -0.02776300 0.35834199 -0.12623399
v 0.18282551 0.26221299 0.00140000
v -0.12444125 -0.35643825 0.12822200
v -0.09892900 -0.37100101 -0.14904000
v 0.17043000 0.28604800 -0.21773826
v 0.19478975 0.27708149 0.10804656
v 0.21826963 0.27738586 -0.09562688
v 0.12453100 0.31542775 -0.20633675
v 0.17393813 0.36355075 0.08065250
v 0.21460176 0.27859774 0.22238187
v -0.27868187 0.35657576 0.16916563
v 0.11368263 0.37258199 0.18251513
v -0.25598949 0.35200301 0.17156675
v 0.24658050 0.27994299 0.08389900
v -0.14445101 -0.27112699 -0.13133501
v 0.23783000 0.28410226 0.17347850
v 0.20505776 0.30371514 -0.16101913
v -0.14388201 -0.27207300 -0.14022700
v -0.10701050 -0.37012699 -0.16164875
v 0.23402612 0.29484707 0.11288419
v 0.24717376 0.28929025 0.16894975
v 0.18659812 0.31591505 -0.03974594
v 0.01009078 0.37245089 0.11227416
v 0.23308241 0.29749110 0.16015637
v 0.23533593 0.29351908 0.19198699
v 0.20619431 0.31310692 -0.15828957
v 0.11919350 0.36000749 -0.05405050
v 0.20279050 0.32082549 0.17820400
v 0.21041299 0.31776074 -0.21482575
v 0.07238500 0.37258586 0.16975525
v 0.20528106 0.31385976 -0.06084881
v 0.07076381 0.36819774 0.18480325
v 0.06340050 0.36194757 0.18470669
v 0.23124525 0.30746001 0.14837213
v 0.22397950 0.30782878 0.17542806
v 0.12971087 -0.38242537 -0.11876637
v 0.13171750 0.34785351 -0.15528300
v 0.12835576 0.33325788 -0.21608169
v 0.23459551 0.30550075 0.13074026
v 0.13065365 0.36704111 -0.18768072
v -0.24383375 0.36471245 -0.15421425
v 0.14235538 0.37432694 -0.18921669
v 0.17300522 0.36373076 -0.07919980
v 0.22553487 0.29384437 -0.00550050
v 0.21641588 0.29157662 -0.00466900
v -0.09911225 -0.37139151 0.10764625
v 0.08676000 0.34281000 0.13645899
v 0.21531551 0.29799050 -0.16653299
v -0.05318650 -0.37008849 0.10306150
v -0.00920800 -0.37162700 0.15850100
v 0.20716500 0.35435474 0.15297538
v 0.14577197 0.31128931 0.21576782
v 0.18518312 0.30097175 -0.21154210
v 0.18792780 0.30696487 -0.11684529
v 0.02684975 -0.36640462 0.04402538
v 0.22532862 0.27855226 -0.11655000
v -0.16010979 -0.28100687 -0.13792281
v -0.16713224 -0.27674076 0.08167575
v 0.10005587 -0.37928480 -0.15332606
v 0.22818901 0.27390099 0.07375600
v 0.12647600 -0.38185474 -0.14099450
v 0.21119413 0.28500363 0.09098425
v -0.17572525 -0.26019037 0.07033238
v 0.14159250 -0.38276750 -0.02164800
v 0.07302875 0.32378176 0.22354575
v 0.13925600 -0.37358701 -0.04933450
v -0.13877606 -0.27537087 0.13945356
v 0.13488978 -0.37230062 -0.02904312
v -0.14155139 -0.26793626 0.17227781
v -0.12711087 -0.27433664 0.17907888
v -0.13566375 -0.24824512 -0.05797700
v -0.17283083 -0.16359282 0.17227896
v -0.16718632 -0.27571297 -0.10262275
v 0.05506226 0.29029292 -0.22882602
v 0.00103262 0.29734999 0.20878799
v -0.16341500 0.36829424 0.17062187
v -0.19820413 0.36743161 0.17250951
v -0.19573891 -0.01016770 0.11340299
v -0.17780276 -0.26375476 0.14591250
v -0.00552150 0.29047051 -0.22513101
v -0.10357800 0.31676099 -0.20407800
v 0.13883251 -0.05039502 -0.18364373
v 0.17185165 -0.00713309 -0.11002503
v -0.16205850 0.31543213 -0.22237025
v -0.26900142 0.35420987 -0.03904894
v -0.26763725 0.35440525 -0.15522200
v -0.27054724 0.35121375 0.00913850
v -0.26372299 0.33048749 0.10942300
v 0.09086642 0.12424608 0.18993320
v -0.21218625 0.26267225 0.14616799
v -0.20988652 0.28321093 -0.15219943
v 0.08370262 -0.37611479 -0.15915713
v -0.20666382 0.28211728 0.14234975
v -0.20366301 0.25134200 -0.02459400
v -0.26844451 0.32837051 -0.14880975
v -0.09596200 0.31537300 0.20655350
v -0.22137800 0.29341999 0.14151363
v -0.24607500 0.30842212 0.17940338
v -0.23419625 0.29514426 0.02489700
v -0.26330638 0.32927981 0.14170040
v -0.22542851 0.29275319 -0.05400462
v -0.21815400 0.32025400 -0.19341651
v -0.21189287 0.31818026 -0.10030275
v -0.26905024 0.34828213 -0.16692325
v -0.17497300 0.31703100 0.21528301
v -0.16878650 0.32948849 -0.20337950
v -0.07732775 0.30266774 -0.21366100
v -0.05851400 0.29815000 -0.21548299
v -0.13163081 0.31624156 0.21327810
v -0.08741637 0.32030904 0.22331406
v 0.00063100 0.29811764 -0.21800044
v -0.12639344 0.36242291 -0.01320659
v -0.14783962 0.37757468 0.15816362
v 0.16391522 0.28034335 -0.23025729
v 0.16371912 0.29064900 0.21026863
v 0.16811931 0.28672728 -0.20187476
v 0.12812351 0.29366201 0.21639825
v 0.18912700 0.29144001 0.11429300
v 0.10563587 0.31080788 0.21077837
v -0.12197725 -0.37354851 0.16047125
v 0.20462100 0.27988100 0.21125500
v 0.22076012 0.27553555 0.09235644
v -0.16644175 -0.28457919 -0.08588056
v 0.22690125 0.27474374 0.10058400
v 0.17283277 0.30026478 -0.21317282
v 0.22170819 0.27948076 0.00005825
v 0.19657162 0.28825775 0.10751762
v 0.23869576 0.27611336 -0.08406588
v 0.16765600 0.31400201 -0.19729801
v 0.21831806 0.29398605 -0.00927400
v 0.23457612 0.28448451 0.02434737
v 0.05519225 0.36089575 -0.18662275
v 0.06025300 0.36070064 -0.18922925
v 0.19146749 0.30652449 0.16226850
v 0.18408801 0.31424549 -0.05501450
v -0.18434726 -0.26275501 -0.06897525
v 0.20195556 0.31133541 -0.19624190
v 0.20148875 0.28533351 0.20871150
v 0.22222275 0.30194476 -0.06172550
v -0.17754018 -0.28668812 0.14100650
v 0.20278318 0.31481457 -0.00934331
v 0.22261649 0.31450275 -0.13305837
v 0.22149950 0.31498501 -0.12021900
v 0.10152663 0.36984143 0.18659544
v 0.21298350 0.35757557 -0.06097363
v 0.23441949 0.31500801 0.19076350
v 0.10201163 0.37326363 -0.17128900
v 0.13911450 0.35318401 -0.16995750
v 0.14199263 0.35399771 0.18164438
v -0.10263125 -0.37224507 -0.14125012
v -0.05030900 -0.37124288 -0.15133575
v -0.10567200 -0.36267000 -0.16679700
v -0.17904276 -0.30814150 -0.13273250
v 0.00955512 -0.37818012 -0.15768775
v -0.16918540 -0.29905418 -0.06869563
v -0.17333588 -0.28887588 -0.07464837
v -0.17296213 -0.28860000 -0.13005425
v -0.17973806 -0.29469693 0.07614207
v -0.15442701 -0.29855525 -0.06778250
v 0.07248494 -0.37266669 0.15434100
v -0.18600599 -0.25431550 -0.06827100
v 0.12441050 -0.37262800 -0.12720700
v 0.14067662 -0.37358844 -0.06879538
v 0.13252699 -0.37214100 -0.06562100
v -0.17013550 -0.25404400 0.16812800
v -0.17936115 -0.24081856 -0.05161122
v -0.13551401 -0.24134700 -0.04899200
v 0.10107864 -0.32024863 -0.17621447
v 0.15181750 -0.34953144 0.03139725
v 0.09535117 -0.25483012 -0.17744710
v 0.13664947 -0.22108051 -0.17413002
v 0.14330025 -0.36426449 0.15770787
v 0.08888628 -0.07613503 0.17975213
v 0.16236337 -0.11414169 -0.10406084
v 0.16740018 -0.13944760 0.12240303
v 0.13668799 -0.38180149 0.03672662
v -0.15777187 -0.26435751 -0.14167413
v 0.09675062 -0.37067562 0.16566263
v 0.13544101 -0.38109499 -0.00619500
v 0.10861625 -0.37142482 -0.09364188
v 0.05864800 -0.38220301 -0.16292299
v 0.00707100 0.31112650 -0.21548750
v -0.27070001 0.29981312 -0.13460125
v 0.02517637 -0.37167662 0.16772625
v 0.01189950 -0.37130675 -0.14152175
v -0.22673462 0.31974939 0.02312125
v -0.28453219 0.33664119 -0.02156719
v -0.28563851 0.35110849 -0.15526301
v -0.22637494 0.31925955 0.14313237
v -0.21478926 0.31294349 0.04419425
v -0.20340863 0.31745774 0.16996124
v -0.28549901 0.34698051 0.17043249
v -0.09694900 -0.37077901 0.01871900
v -0.17729750 -0.31026888 -0.06778525
v -0.22339100 0.34144101 0.16616581
v 0.14766900 0.37553051 0.16962600
v 0.17412341 0.36338738 0.03816300
v -0.24717213 0.35955399 0.16165125
v 0.17971300 0.36344001 -0.01027100
v -0.23586303 0.36386561 0.16320838
v 0.16885200 0.35822600 -0.19726400
v 0.18000500 0.35453501 -0.19292800
v 0.14010906 0.36774382 -0.17312594
v -0.01826463 0.31937417 -0.22369619
v -0.12496975 0.36380100 -0.10761675
v -0.11916000 0.37243351 -0.03740400
v 0.22100925 0.31892264 -0.08307675
v 0.07690100 0.29281601 0.21823700
v 0.21843381 0.31382713 0.11302494
v -0.17482550 -0.30493039 0.14063425
v 0.08518250 0.36544451 -0.17765374
v 0.14510688 0.28289074 0.22255537
v 0.20277900 0.27407601 -0.11161200
v 0.07023725 0.31487975 0.20544937
v -0.16850455 -0.12429534 0.17746098
v -0.09576362 -0.37325087 -0.15753013
v 0.19762431 0.27038676 -0.00124575
v 0.18698813 0.31501612 -0.16141337
v 0.17849050 0.29445651 -0.21856800
v 0.21445251 0.29578850 -0.17570651
v 0.20747800 0.28579149 -0.19480363
v 0.19267149 0.28925899 -0.21422200
v 0.16729538 0.30271801 0.20256725
v 0.23240325 0.27541125 0.07328725
v 0.23819612 0.28350714 0.14792438
v 0.23216331 0.29469693 -0.00435481
v 0.17382701 0.30850825 0.19265887
v 0.18517162 0.31588814 -0.07593625
v 0.24186350 0.29124123 -0.04459925
v 0.23439887 0.29414162 0.13917300
v 0.06476025 0.36095601 0.18891326
v 0.19149663 0.28008375 0.21694313
v 0.13852444 0.34394145 0.20777149
v 0.22926749 0.29319462 -0.19573237
v 0.06609650 0.36823699 0.16886237
v 0.18561988 0.32083100 0.19641700
v 0.10854300 0.35775000 0.12144900
v 0.00416400 -0.38233501 -0.16179501
v -0.10767550 0.38004699 0.10335700
v 0.17398848 0.36389685 -0.10499920
v 0.18359619 0.25773856 -0.11233269
v -0.04411400 -0.37368912 -0.15710457
v -0.08682475 -0.37056401 -0.12421600
v -0.15808412 0.37663439 -0.15637000
v -0.09455775 -0.37120813 0.08424888
v -0.02364700 0.31541261 0.21587512
v -0.13777800 -0.31375799 -0.13830200
v -0.15914115 -0.30166253 -0.07219578
v -0.05280650 -0.37659651 -0.15574250
v -0.19749799 0.35522276 -0.18668900
v -0.18432906 -0.26117268 -0.10716325
v -0.13367300 -0.27177724 -0.17274575
v -0.26659849 0.36097449 -0.15666699
v 0.13564825 -0.38188350 0.09415725
v 0.13503826 -0.37656349 -0.07145300
v 0.14106950 -0.38183701 0.05996350
v -0.21249200 0.33206400 -0.17673025
v -0.11528850 -0.36613551 0.13399775
v -0.23367457 0.32789087 -0.03623248
v -0.20876700 0.31421649 -0.01654250
v -0.20616500 0.30603799 0.10763650
v 0.07771600 0.18827900 0.19369000
v -0.27215701 0.31244400 0.15905625
v 0.14381336 -0.21681689 0.17107175
v 0.15722682 -0.25714400 -0.13252042
v -0.22357149 0.29335001 0.01018850
v 0.16799420 0.15886068 0.18283744
v -0.25437713 0.29119325 0.14317150
v 0.09926300 0.27095351 -0.20332950
v -0.09091543 0.08458023 0.18885991
v -0.09474250 -0.37109599 0.05962950
v 0.08781800 0.16030975 -0.19574250
v -0.20782299 0.23430701 -0.10302400
v 0.17382650 0.01605800 -0.11306250
v -0.20678937 0.25127801 -0.15726675
v 0.17054495 0.03856819 -0.10251813
v -0.27593020 0.31754369 0.14304468
v -0.22110300 0.29663000 -0.03380000
v 0.17544000 0.17603925 0.17622174
v -0.20478100 0.31629699 -0.09112300
v -0.10058196 -0.01775576 0.18604144
v -0.12266675 -0.36274001 -0.16415025
v -0.17698900 0.31492376 -0.22474200
v -0.22524062 0.33506975 0.12645425
v -0.11006406 0.29033244 -0.22305113
v -0.27375486 0.35534087 -0.01446256
v 0.18108974 0.19989875 -0.10943000
v -0.10241450 0.31387526 0.23139600
v -0.21879150 0.37525988 0.16756700
v -0.18827811 -0.11694437 0.11003381
v -0.12178072 0.36455661 0.12325285
v 0.09985738 0.28814307 0.22711903
v -0.12940875 -0.35823849 -0.14955750
v -0.11125000 0.37670699 0.04024300
v -0.11541309 0.37521413 -0.00096919
v 0.06681725 0.31455249 -0.21682388
v 0.14976269 0.28532401 0.22684006
v -0.05396816 0.36296573 0.12184681
v -0.11304775 -0.36831251 -0.06156250
v 0.21389496 0.27845129 -0.21977644
v 0.13579351 -0.37285349 0.06247900
v 0.22096100 0.27905911 -0.16828825
v 0.22440025 0.27678001 -0.13898200
v 0.21728000 0.28638351 -0.02482700
v -0.17251512 -0.26450056 0.07495419
v 0.07685175 0.34897450 0.16902950
v 0.08651550 0.34514225 0.16972350
v 0.21606424 0.31500900 0.07596950
v 0.21990550 0.31524295 0.12321794
v 0.03902019 -0.37598106 0.16212162
v -0.11217650 -0.35460049 -0.17043824
v -0.04491606 -0.37434113 0.15973863
v -0.09577875 -0.37118626 0.03843500
v 0.17543972 0.36350673 -0.04456330
v -0.09633500 -0.37097999 -0.03538800
v -0.18654574 0.30854395 0.21027818
v -0.17879400 0.31808549 0.20535900
v 0.23395775 0.28527537 -0.01466481
v 0.00604800 -0.37961900 -0.14764500
v 0.01334587 -0.37317705 -0.16567084
v 0.01738700 -0.37983501 -0.14676100
v 0.21496825 0.31450000 0.01621625
v 0.20688824 0.28585500 -0.00701512
v 0.13635828 -0.20588510 0.17558646
v 0.20778288 0.30239314 -0.16587113
v 0.20253775 0.31507900 -0.18331350
v 0.07605387 -0.38023606 -0.15990099
v 0.10416634 -0.37389684 -0.15775654
v -0.05551988 -0.38210589 -0.15792012
v -0.03356206 -0.37200713 -0.16479744
v -0.03746875 -0.38187751 -0.15957876
v -0.12852401 -0.35978100 -0.15692300
v 0.14048362 0.30547500 -0.21667750
v 0.14973000 0.31576049 -0.20432650
v -0.17150937 -0.28909612 0.07652200
v -0.17195863 -0.29124439 0.08020475
v -0.16381250 -0.26620618 -0.09829434
v 0.05556475 -0.36754638 0.17085919
v -0.27378130 0.32938951 -0.07981319
v -0.26933855 0.32950437 -0.09754068
v -0.27158651 0.32930675 0.10087737
v -0.26425132 0.33061343 0.07286312
v -0.11418487 -0.36653939 0.12307300
v -0.13164675 -0.30732149 0.14743824
v 0.12347362 -0.37171450 0.16486500
v -0.09718637 -0.37291276 0.00120987
v 0.12350325 -0.38085961 0.09198125
v 0.11467262 -0.37799174 0.09285612
v 0.11137450 -0.38102174 -0.09226050
v 0.11335494 -0.38016653 -0.08535394
v 0.11712863 -0.37248001 -0.10190700
v 0.02190512 -0.37975049 0.14779362
v 0.00605750 -0.37139750 0.15377825
v -0.13163900 -0.34891999 -0.12364300
v 0.16616738 0.30280825 -0.20415249
v -0.16260400 -0.30323875 0.08057425
v 0.22471949 0.32114276 0.04064750
v -0.28657019 0.34065619 -0.10960575
v -0.28428030 0.33549231 -0.08078275
v -0.16173474 0.31557414 -0.22619337
v 0.24436744 0.28688100 -0.02067294
v 0.13209319 -0.13099724 0.18061760
v 0.19193375 0.28272250 -0.23297450
v -0.22491325 0.30785826 0.18926525
v -0.24537624 0.30145362 -0.18089412
v -0.17280000 0.36789700 0.16593100
v -0.26322699 0.35402775 0.14264050
v -0.27110216 0.35561162 0.03103016
v -0.03601200 0.35995001 -0.12166800
v 0.10179375 0.37333426 -0.18755101
v -0.13494726 -0.27984124 0.17056075
v 0.13076988 -0.38191038 0.13914450
v 0.12517400 -0.38210100 0.14069812
v -0.19109300 -0.25196499 -0.12849200
v -0.14170618 -0.27190945 0.14625324
v -0.15806350 -0.26881951 0.13908049
v 0.11445013 -0.38205424 -0.15278175
v -0.13987900 -0.28003100 -0.12399000
v 0.22068100 0.31225100 -0.11768850
v -0.20516711 0.17592041 -0.10129514
v -0.19823408 -0.00646587 -0.10423273
v 0.09218772 0.00794534 0.18389879
v -0.14151444 -0.27564681 -0.16664925
v 0.17299244 0.02793894 0.10374406
v 0.11144537 -0.38218924 -0.14975287
v 0.08835100 -0.37226450 -0.15123650
v -0.19847418 0.16416094 0.10459708
v 0.06070325 -0.38131574 0.15798813
v -0.11470200 -0.36350301 0.07039500
v 0.04955244 -0.38125044 -0.15738644
v 0.03334050 -0.37176099 -0.15405799
v -0.07028675 -0.38146076 -0.16177949
v -0.08326769 0.18253280 0.19658206
v -0.13504700 -0.31349674 -0.06787500
v -0.10753575 -0.37068099 -0.00376825
v 0.18295850 0.26233900 -0.10592525
v -0.02335100 0.20655026 -0.19752149
v 0.22050400 0.28080699 -0.14003301
v 0.19029275 0.28662539 0.21237038
v -0.22530450 0.28295350 -0.15268962
v -0.02851275 -0.37340975 -0.16023150
v -0.23341143 0.29405606 -0.17241406
v -0.04856600 -0.37280399 0.16516200
v 0.19534875 0.35530350 0.17620049
v -0.21703824 0.29530486 -0.20491363
v -0.26045150 0.31142288 -0.15129325
v -0.19577549 0.29477862 -0.21981275
v -0.18587101 0.29129201 -0.22152300
v -0.22544375 0.29955199 0.08656450
v -0.26839411 0.32319263 0.14734837
v -0.26052025 0.31226251 0.14268599
v -0.10089538 0.25337413 0.20793626
v -0.06353450 -0.37753600 0.16268051
v -0.07129900 -0.38074499 0.16672450
v 0.16606700 0.31466049 0.19656050
v -0.09452587 -0.37134263 0.10819575
v -0.11358375 -0.36661100 0.15337600
v -0.21541050 0.31473899 0.00020000
v -0.26393300 0.32913226 -0.13278550
v -0.27872750 0.33078551 -0.04575075
v 0.22897001 0.27654949 -0.01530575
v -0.23242319 0.30185381 0.16673100
v -0.26702362 0.33047113 -0.12164263
v -0.26557669 0.33094126 -0.07095934
v -0.20464800 0.30881801 0.02178600
v -0.18651025 0.29256436 0.22594212
v -0.21271488 0.31313932 0.08345400
v -0.11037950 -0.36912099 0.07035750
v -0.28537649 0.34140849 0.02888850
v -0.27792501 0.33077225 0.03212825
v 0.22733612 0.27585974 -0.04121463
v -0.18005438 0.29821250 -0.22407137
v 0.20486826 0.30297488 -0.05969950
v -0.25887451 0.33874249 -0.02538350
v -0.16554999 0.29799199 -0.22609600
v -0.20635749 0.31519800 -0.21137150
v -0.24407224 0.32813737 -0.02119287
v -0.28325751 0.33979738 0.03397712
v -0.20993100 0.31643099 -0.10016500
v -0.26171225 0.33243412 0.04129575
v -0.25948650 0.33378759 0.08891194
v -0.21921137 0.31969658 0.19145988
v -0.23397675 0.32841676 -0.00070125
v -0.28363660 0.34687078 -0.02223591
v -0.16270450 0.30902243 -0.21686518
v -0.25571615 0.34034625 0.11286328
v -0.23207600 0.32859099 0.07441100
v -0.19778912 0.31902975 -0.21385975
v -0.25968638 0.34525326 -0.13229574
v -0.25971800 0.34007099 -0.12272400
v -0.28208989 0.35050568 -0.05580312
v -0.23196687 0.32797599 0.04750112
v -0.10204513 0.25291038 0.20340237
v -0.27989000 0.34856400 0.14132500
v 0.20806774 0.35657257 -0.11822663
v 0.21433251 0.35198101 -0.07673550
v -0.26363906 0.35239169 -0.01443763
v -0.27234411 0.35463801 0.13777649
v -0.26777470 0.35487619 -0.02289525
v -0.27804136 0.35391524 -0.02059456
v -0.26463124 0.35335949 0.08684606
v -0.25882125 0.34891710 0.10733531
v -0.26311278 0.35293472 0.02521700
v 0.15392999 0.36220205 0.12299481
v -0.15775000 0.31890100 0.23064800
v 0.16781078 -0.11639455 0.11050320
v -0.15401375 0.31581026 0.23252524
v -0.11115500 0.31669399 0.21208701
v -0.20027307 0.36253068 -0.17774782
v 0.14808388 0.36172274 -0.14997788
v -0.21273801 0.37649900 -0.15904400
v -0.21898806 0.36920232 0.00055087
v -0.22937000 0.37239099 0.17197300
v -0.00501000 0.29558751 -0.22302151
v -0.19754037 0.36404163 0.18231812
v 0.21588901 0.32081899 0.14734900
v -0.04838688 0.31360611 0.21536724
v -0.16246399 0.36133301 -0.19986700
v -0.06495479 0.32206976 0.22534715
v -0.15709500 0.36499199 -0.15069801
v 0.06729475 0.37310451 0.18626925
v -0.12954287 0.36373812 -0.20142950
v -0.12272175 0.35534576 -0.20838888
v 0.11462300 0.36451301 0.10599300
v 0.14410518 0.31455338 0.21011050
v 0.22563276 0.31711674 -0.19536325
v -0.03527269 0.32053035 0.22657278
v 0.19900100 0.31755900 0.22344799
v 0.21448125 0.29047400 0.19227225
v 0.20826237 0.31825063 -0.16702856
v 0.04642425 0.31057400 -0.21567775
v 0.09567650 0.29297799 -0.23003951
v 0.09816850 0.31671849 -0.22886249
v 0.07487825 0.30026412 0.21584238
v -0.10750800 0.37939200 -0.10433600
v 0.18557650 0.30977401 0.09540400
v 0.09985437 0.29900262 0.21551688
v 0.22210969 0.30284855 0.11135156
v -0.09692875 -0.06169939 0.18334749
v -0.03483300 0.35892549 0.12794350
v 0.19937675 0.31556976 -0.16207950
v -0.09650300 -0.12825800 -0.17450400
v 0.22887924 0.29560575 0.11401050
v 0.18377100 0.19952925 0.10398825
v 0.06717356 0.35889158 0.20515300
v 0.06107200 0.36151600 0.20588000
v 0.18383326 0.28418276 -0.00615413
v 0.22468325 0.27636689 -0.06903975
v 0.15858325 0.31346050 -0.19974500
v 0.16710956 0.32072431 0.20769306
v 0.23995462 0.27730888 -0.19262312
v 0.19986662 0.31627500 -0.22751337
v 0.15759088 0.31348175 0.22778074
v 0.18019600 0.31631976 0.22631525
v 0.17734174 0.30853036 -0.20893525
v 0.06057800 0.35689101 0.21326999
v 0.01917600 0.36230126 0.20992100
v 0.18500437 0.31441188 -0.14549987
v 0.18793800 0.31286600 -0.23222800
v 0.23419026 0.27615806 0.19651638
v 0.22354800 0.29165599 -0.20918199
v 0.23739563 0.29239887 -0.12693638
v 0.14473337 0.32119688 0.21461675
v 0.15563582 0.31845286 0.21382344
v 0.24401399 0.28122199 0.14219899
v 0.06033075 0.35857549 -0.20724975
v 0.23653138 0.28972799 -0.19469251
v 0.05828400 0.35892251 0.12205575
v 0.05612225 0.35874599 -0.12350325
v 0.18623100 0.31612200 0.17799300
v 0.24405649 0.29203999 0.09209425
v 0.10545088 0.29728514 0.21627063
v 0.24362500 0.29234901 0.17879900
v 0.11790300 0.32260299 0.21864250
v -0.12963262 -0.35566637 -0.12744713
v 0.06951900 0.34820700 -0.13437700
v 0.18939599 0.31536901 0.20309700
v 0.06303988 0.36853230 -0.18804900
v 0.08634000 0.31437549 -0.21315800
v 0.07976319 0.34366107 -0.21366669
v 0.00894006 0.35915557 -0.21284856
v 0.09593600 0.37857401 0.10592500
v 0.22011606 0.31627506 -0.20911169
v -0.19496605 0.00375325 0.15317763
v -0.03977612 0.36334586 -0.20643175
v 0.02020063 0.35488763 -0.21614601
v 0.10764000 0.28848600 0.22268975
v 0.20164201 0.28355175 0.10185825
v 0.11882500 0.35950601 0.04919200
v 0.17292450 0.36351401 0.15794900
v -0.11355338 0.36377770 0.12721513
v 0.05913500 0.29398325 0.21977012
v 0.15006135 0.35974634 0.19029194
v 0.14188875 0.35004899 0.19430338
v 0.21110837 0.27942687 -0.19935501
v 0.15566000 0.35686001 -0.20486300
v 0.15827724 0.35966364 0.19693388
v 0.09673000 -0.36453199 -0.17406499
v 0.17759424 0.35943395 0.18857224
v 0.15767869 0.36310732 -0.08302131
v 0.10019650 -0.36654201 -0.17413375
v 0.20473425 0.35369751 -0.15078700
v 0.13002950 -0.37674439 -0.11454050
v -0.09798100 -0.37138900 -0.08450000
v -0.03360750 0.35504425 -0.21626601
v 0.06023213 0.31331056 0.21491387
v -0.08710800 -0.37436324 0.16272375
v -0.12937026 -0.35090375 -0.07196625
v -0.12354300 -0.36159599 -0.07130000
v -0.08376900 -0.37093624 0.13057275
v -0.12080650 -0.34825251 0.17516799
v -0.10558425 -0.35768500 0.17627625
v -0.10072350 -0.36375299 0.17245451
v -0.05614925 0.35906675 -0.21302450
v -0.00687400 -0.37404299 -0.16269074
v 0.01448541 0.31869873 0.22687928
v 0.01555575 0.32320225 0.22730850
v -0.10398900 0.37715599 0.11301575
v 0.01633675 -0.38124725 0.16539675
v -0.06141525 0.35436699 0.21837525
v -0.11504800 -0.36334699 -0.06042600
v -0.00349200 -0.36736149 0.00198000
v -0.00189000 -0.36632401 0.00728300
v -0.10653603 -0.26558027 0.17882404
v 0.05001238 0.31574696 -0.21277153
v -0.13012913 -0.34820926 -0.16585113
v 0.18735024 0.35269925 0.18684626
v -0.11916150 -0.36106500 -0.06576600
v 0.09096725 -0.36773062 -0.17009938
v 0.05364050 0.29946399 -0.21549700
v -0.25502801 0.33842900 0.17603600
v 0.11141300 -0.37309024 -0.14778519
v -0.12688500 0.36286950 0.10508150
v -0.11534800 -0.36308050 -0.16879050
v -0.09744400 -0.37146249 -0.12782350
v -0.14941113 -0.26132375 -0.06073087
v -0.17331287 -0.26061451 0.16050600
v -0.18605900 -0.25476050 -0.10465875
v -0.26109064 0.34548855 -0.16530450
v -0.13935900 -0.27797949 -0.07676700
v -0.20665500 0.31652099 0.16593400
v -0.02548759 0.31337231 -0.22758560
v -0.23502874 0.33236399 -0.05254450
v -0.12678100 0.36269900 -0.11698700
v 0.14285675 -0.37368187 0.00957450
v -0.13683952 -0.26929867 0.06805553
v -0.17508300 -0.24642235 0.06708500
v -0.20551050 0.30770400 0.12662449
v -0.18165649 -0.23860213 0.06221969
v -0.18231937 -0.24380438 0.07082803
v -0.17440157 -0.24247181 0.06370188
v 0.14200144 -0.37004849 0.15482982
v -0.17632300 -0.24089076 0.05922800
v -0.18418574 -0.23291038 0.06678063
v -0.18581791 -0.23296094 -0.00749912
v 0.14852275 -0.37100989 0.11428214
v 0.15046200 -0.36469251 0.10904400
v -0.13386001 -0.24908300 0.06545000
v -0.15727600 0.35598299 0.20925200
v -0.17188887 0.35880262 0.20440413
v 0.00061542 0.29155770 0.22613156
v -0.17864087 0.36335906 0.19782169
v -0.13120399 -0.24479650 -0.04997775
v 0.08817430 -0.30215800 -0.17271860
v -0.13280900 -0.24139801 0.05692800
v 0.18235300 0.36251700 -0.17175400
v -0.03323537 0.30155975 0.21650074
v -0.18163000 -0.25441799 0.11161300
v 0.08749252 -0.24186483 -0.17452030
v -0.05181178 0.31671697 -0.22637744
v -0.18621330 -0.17514077 0.11280838
v -0.16861400 0.35492051 -0.20171650
v -0.09291688 -0.19690806 0.17577569
v -0.21399112 0.36928076 -0.09138513
v -0.22818963 0.30637851 0.02436887
v 0.15402177 -0.25813037 -0.10995708
v -0.22269781 0.36606118 -0.02645038
v -0.03416475 0.29923007 -0.21650057
v -0.09126301 0.29654643 0.23134905
v -0.19055624 -0.25498649 -0.11165350
v -0.24606200 0.36833200 0.16558500
v -0.19219007 -0.02994191 0.10960278
v -0.10192909 -0.19461192 -0.17293325
v 0.15823671 -0.24133058 -0.11552308
v 0.16339435 -0.12374102 -0.10944876
v -0.23005299 0.29322201 0.03078900
v 0.09763668 -0.18083595 -0.18085712
v -0.26898721 0.35421664 -0.05603569
v -0.26485899 0.35291401 -0.13444225
v -0.25811601 0.34125301 -0.04633100
v -0.23570150 0.29530025 -0.13340250
v -0.27927488 0.35034618 0.11104006
v -0.23534438 0.33242711 -0.00200175
v -0.27950075 0.35302100 -0.11903013
v -0.16693375 0.29471400 -0.22709174
v -0.27955446 0.35158828 0.03775553
v -0.27977026 0.35140088 0.02350731
v 0.10364912 -0.37495294 0.15150863
v -0.26761475 0.29763600 -0.15621001
v -0.23315625 0.32845438 -0.07617331
v -0.20779900 0.24848200 -0.13055000
v -0.20538113 0.31615236 -0.17056012
v -0.28192326 0.34233400 0.14122275
v -0.09403750 -0.01494388 -0.17894281
v 0.07615925 0.19730049 0.19798213
v -0.26153249 0.33387825 -0.03706825
v -0.27963626 0.33307824 0.17588225
v 0.09582245 -0.03076981 -0.18633839
v -0.22172301 0.31510225 -0.19565850
v -0.26900399 0.32897601 0.05353938
v -0.27125743 0.32933667 -0.04852419
v -0.21836101 0.29854700 -0.02265500
v -0.09958872 0.06769338 0.19026907
v -0.27968645 0.33073807 -0.08545744
v -0.21430750 0.29390699 -0.14448100
v -0.21888113 0.30257961 -0.07745513
v -0.22695699 0.30041200 0.03285200
v 0.12184113 -0.38168287 0.14908263
v -0.05673895 0.20714800 0.20011021
v -0.08977300 0.17557950 -0.19105899
v -0.05306300 0.20932651 -0.19858775
v -0.05517875 0.19971976 -0.19360937
v -0.20166574 0.22228369 0.15739550
v -0.27910775 0.31232950 -0.15166113
v -0.24019299 0.29942450 0.14241301
v 0.17143221 0.04611866 -0.10508094
v -0.20632350 0.27393851 -0.01638750
v -0.03049000 0.20261063 0.19653849
v -0.21560900 0.28650624 -0.15017587
v 0.07530750 0.18077625 -0.19396549
v 0.01977600 0.20211799 0.19632900
v -0.21310174 0.29265675 -0.20382850
v -0.22988100 0.30015600 -0.13165399
v -0.22040550 0.29739076 0.04324300
v -0.21310775 0.29724950 -0.01613262
v -0.21554200 0.29379249 0.20637900
v -0.00112900 0.21202675 0.20150475
v -0.27282530 0.32789201 0.02570944
v -0.20485149 0.25365326 0.11055025
v -0.07555500 -0.37099600 -0.15319800
v -0.06308125 -0.37237975 -0.16227250
v -0.09331500 -0.37141901 0.15517800
v -0.22897699 0.31682050 -0.18257250
v -0.27621201 0.33118236 0.12392450
v -0.28625500 0.34139150 -0.01772750
v -0.28341231 0.34121132 0.16268624
v -0.22794038 0.31636888 -0.06788925
v -0.28009593 0.33443874 0.06624169
v 0.17786950 0.14894401 0.09839950
v -0.11174400 0.31001499 -0.20088200
v -0.28516066 0.34912166 -0.13077678
v -0.25984001 0.33834651 -0.10653350
v -0.22506151 0.31678376 0.16653450
v -0.10786800 0.29795149 -0.22678350
v -0.27835461 0.35541025 -0.15490575
v -0.27619708 0.35469306 -0.13227457
v -0.27656236 0.35412082 -0.08663137
v 0.22378775 0.30872551 -0.12046200
v -0.27700904 0.35387543 -0.04414453
v -0.25902149 0.34698215 0.00736844
v -0.28158537 0.34922999 0.00588525
v -0.23119538 0.33250651 0.08671488
v -0.26583526 0.35301986 -0.00007350
v -0.26142401 0.35053775 -0.03721850
v -0.11731450 0.30047199 0.22140101
v -0.15325025 0.32443130 0.21385682
v -0.10418000 0.31478199 -0.21258301
v -0.10861710 0.31367576 -0.22690563
v -0.14934444 -0.26428512 0.16819981
v -0.23186000 0.36662000 -0.15314500
v -0.19230588 0.36116725 -0.18711588
v -0.13203099 -0.34957701 -0.15703200
v 0.18603951 0.31442651 -0.00827913
v 0.10692900 0.24972899 0.20006301
v -0.15533525 0.36287999 0.20562400
v -0.10774075 0.35642174 0.21444912
v -0.20330007 0.22516292 -0.09460776
v -0.12014900 0.36280099 -0.12179400
v -0.08195888 0.13303308 0.19009112
v -0.16282400 0.37840500 0.16768850
v -0.11007500 0.37959999 -0.09932400
v -0.09078038 0.18289338 0.19790262
v -0.07685244 0.36094168 0.21371450
v 0.08199790 0.09554861 -0.18806933
v -0.10484300 0.37623999 -0.10962000
v -0.01063400 0.35523200 0.21890999
v -0.01700200 0.37489849 0.10912700
v 0.16296551 0.30538163 0.20751575
v 0.14301351 0.31545800 -0.21465150
v 0.18318924 0.30211049 -0.05840200
v 0.22272819 0.27553231 0.20683131
v 0.22419369 0.28763095 0.19023751
v 0.08380200 0.33783650 0.21766099
v -0.17980421 -0.07198261 -0.17039534
v 0.18817475 0.32004032 -0.19450718
v 0.23120025 0.27566800 0.01218112
v 0.24384475 0.28997701 0.18603188
v 0.19780150 0.31790438 -0.18774424
v 0.19526149 0.31586599 0.05744150
v 0.12723531 0.34804156 -0.13212250
v 0.14057000 0.35291401 -0.13368000
v 0.22770162 0.31746501 -0.06456462
v 0.23260200 0.31398001 0.05415300
v 0.11325525 0.36281925 -0.11501625
v 0.14876325 0.30116051 0.21231650
v 0.23084050 0.31773701 0.13220824
v 0.11582150 0.36280349 0.11216600
v 0.16279849 0.35498899 0.20143551
v -0.12859100 -0.35616401 -0.12041250
v -0.08119488 -0.37247488 -0.16186300
v -0.07845700 -0.37275100 -0.15699150
v -0.11093700 -0.36422199 0.17357400
v -0.07336500 -0.37073901 0.16842200
v -0.12756200 -0.34761399 -0.06700600
v -0.12723000 -0.34268001 0.16756900
v -0.11229100 -0.36499500 0.06528100
v -0.12998575 -0.31922662 0.13711900
v 0.12896906 -0.37317076 -0.14219713
v 0.11957850 -0.37491000 -0.14371850
v -0.17615944 -0.26109013 -0.15456612
v -0.13822350 -0.27872375 -0.06502100
v -0.18501300 -0.25487301 0.14288600
v -0.18052150 -0.25514850 0.15468401
v 0.12514950 -0.36615950 -0.16960751
v 0.13506937 -0.37260062 -0.15385588
v 0.13449199 -0.37416038 -0.12420169
v 0.11725300 -0.37211499 0.14433800
v 0.11644200 -0.36331499 -0.17316550
v 0.14067157 -0.37228400 -0.11065456
v -0.15172400 -0.25441200 0.17787600
v 0.14785799 -0.37309700 0.13150100
v -0.12995100 -0.24896450 -0.05249350
v 0.11719750 -0.36365500 0.17234500
v 0.15396522 -0.29864076 0.09564412
v 0.09730444 -0.36336231 0.16999257
v 0.09474752 0.07915936 -0.19164202
v 0.16609800 0.36409700 -0.14846000
v -0.13821299 -0.24321800 -0.05582000
v 0.14594699 -0.36555901 -0.14840125
v -0.18462197 -0.23790506 -0.05480903
v 0.13836138 -0.36880118 -0.15698132
v 0.08676650 0.17961450 -0.19812050
v -0.17779168 -0.24767107 -0.05917556
v -0.14620025 -0.26046813 0.06732100
v -0.16325700 -0.25417000 0.17311200
v 0.09479600 0.17713299 0.19664000
v 0.13354550 -0.37438124 0.11714800
v -0.20405351 0.28152400 0.16619775
v -0.15277600 -0.26389351 0.08293000
v 0.08930057 -0.35426801 -0.17139900
v 0.10068450 -0.37180099 -0.16971651
v -0.28371274 0.34866193 -0.07744125
v -0.20058376 0.26632449 0.09949825
v -0.20840438 0.32168719 0.18485682
v -0.22349800 0.33585000 -0.15040700
v -0.25923201 0.34685701 -0.02272050
v -0.19816799 0.31669500 0.21986701
v -0.27182674 0.35382852 0.11094227
v -0.13279600 0.31546900 -0.19963300
v -0.21991874 0.36431962 -0.10248325
v -0.22259125 0.36060324 -0.09363025
v -0.10584025 0.32900351 0.21992962
v -0.17277250 -0.29796174 -0.07269300
v -0.21323501 0.37106651 0.05499350
v -0.19606975 0.36650425 -0.15797099
v 0.02274550 -0.37151501 -0.15071949
v -0.17893600 0.36743626 0.18849719
v -0.17077367 -0.15043162 -0.17106955
v -0.01761088 -0.36754832 -0.17011026
v -0.16159400 0.36622301 0.20030101
v -0.11582450 0.37694100 -0.09782750
v 0.16049750 0.27958849 -0.19802649
v 0.00353050 0.31182724 0.22911499
v 0.13654062 0.28645101 0.21886137
v 0.15812451 0.29548874 0.19774650
v 0.05660650 0.35555151 -0.21394925
v 0.21771625 0.29878825 -0.13428150
v 0.14352500 0.35147601 0.12951399
v 0.11659788 0.35947350 -0.01350200
v 0.14080419 0.36624005 0.17238601
v 0.05691950 0.35821801 0.12574451
v 0.06109800 0.36170501 0.11872900
v 0.21545488 0.30349350 0.01385237
v 0.20253050 0.31778651 0.18442200
v 0.23476000 0.31372201 0.16238800
v 0.13034825 0.34219912 -0.21188313
v 0.20319501 0.32063049 -0.17394100
v 0.12454875 0.34614801 -0.20302451
v 0.23019850 0.28960049 0.20370600
v 0.09403700 0.37806949 -0.10892200
v 0.14504901 0.35898599 0.12113400
v -0.15953273 -0.04910973 -0.17934000
v 0.08547263 0.34520161 0.13044837
v -0.17694499 0.04220298 -0.17916009
v -0.16374244 -0.26036355 0.16945562
v 0.20603725 0.29454875 -0.00176275
v 0.22232801 0.33195499 0.01903700
v 0.05338000 0.37752199 -0.10749300
v -0.07192600 -0.37140900 0.16054299
v -0.01959625 0.37536687 -0.08212613
v -0.00213600 -0.36351100 0.17421600
v 0.03400800 -0.36208001 0.17346101
v 0.09125163 -0.37104863 -0.16725349
v -0.18235324 -0.25765201 -0.06287900
v -0.15762176 -0.26401126 -0.16230676
v 0.14540344 -0.36871055 -0.11053825
v -0.12808250 -0.24902751 0.06042100
v 0.14895375 -0.36759529 -0.01595259
v 0.15491900 -0.36408600 0.13017000
v 0.09042356 0.31020781 -0.20731710
v 0.10778650 0.27941450 0.20173250
v -0.13393299 0.35998100 -0.02910400
v -0.20893399 0.37019050 -0.08387875
v -0.21401601 0.36658251 0.11924850
v -0.05232400 0.29768801 0.22900601
v 0.13878575 -0.38236400 0.07531775
v 0.14416738 -0.37231421 0.06564606
v -0.05344000 0.29760399 -0.22606100
v -0.19680500 0.32010901 0.21663100
v -0.28917825 0.34030449 -0.15185174
v -0.17544425 0.31748882 -0.19613481
v -0.19570200 0.31622738 -0.18403526
v -0.25195169 0.30911776 -0.17805344
v 0.08764606 0.09385913 0.18763644
v -0.14851674 -0.26765275 -0.16449074
v -0.23014300 0.31630000 -0.15771100
v 0.13427663 -0.37356588 -0.09465138
v -0.21699224 0.29917499 0.20384900
v -0.27248299 0.32590100 -0.16578300
v -0.28371900 0.32848349 -0.16472550
v -0.21529500 0.30201301 0.07644450
v -0.27523816 0.33044219 0.05898872
v -0.26862049 0.33043113 0.13098250
v -0.17276099 0.29492101 0.23252900
v 0.08903600 0.20930463 0.19890288
v -0.17284694 0.30019319 0.23100063
v -0.23015650 0.33003601 -0.12320200
v -0.27835461 0.31184986 -0.13662663
v -0.19609100 0.31772599 -0.18683900
v -0.28162324 0.35103825 -0.01470350
v -0.26494837 0.35163033 -0.09453228
v -0.17280050 0.31931850 -0.22177400
v 0.10739825 0.36732301 -0.18817900
v 0.12206878 -0.22838441 -0.17878459
v 0.17931250 0.25168899 -0.10153550
v -0.14864600 0.36745399 0.16455200
v 0.20230600 0.27742150 -0.11607600
v 0.23180901 0.27557051 0.03834950
v 0.06409225 0.34370574 -0.21813899
v 0.16716550 0.31036350 -0.19483350
v 0.14852300 0.36162901 0.03042300
v 0.20872401 0.32789800 -0.15381600
v 0.13214874 0.34615901 0.13323225
v 0.13605715 0.34901437 -0.20333241
v 0.21484619 0.31847587 0.16080250
v 0.22927569 0.31754351 0.05011350
v 0.10142500 0.37864700 0.09765500
v 0.14821699 0.36371300 0.11459100
v -0.03215275 -0.36372000 -0.17105974
v -0.03132750 -0.36786893 0.17218406
v 0.21845038 0.33036587 0.11487750
v 0.17901251 0.35126999 0.19473851
v -0.18852051 -0.26009601 -0.11332400
v -0.18031187 -0.26054224 0.11521912
v -0.18556100 -0.25490901 -0.14848800
v 0.21165100 0.32158801 0.16200900
v 0.01205381 -0.10693707 -0.17795099
v 0.15325500 -0.36348599 0.14064901
v -0.18229112 -0.25766689 0.07677225
v 0.06162750 0.20708100 -0.20042349
v 0.12685187 -0.37665325 -0.13209763
v -0.17653200 -0.25906801 -0.06059300
v -0.27730057 0.33188462 0.15465131
v -0.13144450 -0.27825201 0.17708249
v -0.25683901 0.33505350 0.12514925
v -0.18496013 0.31645226 0.19486763
v -0.26932946 0.35434785 0.07740816
v -0.22458149 0.36222851 0.02946750
v -0.21340175 0.36044326 0.14869750
v -0.21997075 0.36282849 0.09171762
v -0.15074675 -0.30299449 -0.13345000
v -0.06991700 0.35436800 -0.21461900
v 0.18730401 0.25644401 0.11442950
v -0.12482700 -0.35550299 0.07883400
v -0.12525401 -0.35249901 0.13441999
v 0.00014563 -0.37330511 0.16511001
v 0.14363299 0.36260799 0.08214200
v 0.16145626 0.35335776 -0.20450900
v 0.08571050 0.34323001 -0.13685600
v 0.14880213 0.32961226 -0.21397325
v 0.07524900 0.34680900 0.13525400
v 0.14083250 0.36015999 -0.12293750
v 0.22422700 0.31883875 0.09197600
v -0.11920750 -0.36309150 0.07904150
v 0.11163700 0.36405599 -0.10866800
v 0.15811737 -0.20469457 -0.05240552
v 0.22862400 0.31273299 -0.19210801
v 0.23356649 0.29910699 0.13914900
v 0.23365600 0.29944700 0.13859899
v 0.10230900 0.37698999 -0.10257000
v -0.12322800 -0.35207599 -0.17004400
v 0.15076743 -0.36429495 0.06249981
v 0.03096038 0.30646387 0.21680388
v -0.15797375 0.36402574 -0.13824700
v -0.21837513 0.36729038 0.07373688
v -0.09053323 0.08924551 -0.18476458
v 0.13192993 -0.12623119 -0.18164006
v 0.06096625 0.20385724 -0.19954100
v -0.07634700 -0.37034199 -0.08608500
v 0.04631700 0.20114601 -0.19567500
v -0.27791974 0.32990551 -0.11945850
v -0.15957016 -0.08674147 0.18259551
v 0.00283075 0.20173800 -0.19560325
v -0.21249600 0.31652999 0.20683950
v 0.17806450 0.23417650 -0.09891800
v 0.11282881 -0.23994727 -0.17902562
v 0.09678912 0.31358138 -0.23011437
v 0.05564000 -0.37190399 -0.15592000
v 0.12568650 0.34583449 -0.13849650
v 0.09802000 0.37955901 -0.10257300
v 0.19984300 0.35384700 -0.16653401
v -0.10080400 -0.28495926 -0.16945250
v -0.03066700 -0.37181801 0.16028599
v 0.16019487 -0.18728991 -0.14537181
v 0.08637400 -0.37169501 0.14962900
v 0.21186943 0.27551839 -0.21483700
v 0.16091016 -0.19748691 -0.12790550
v -0.19412921 -0.01724597 -0.03435766
v -0.20931600 0.29992601 -0.13097800
v 0.04088650 0.36253151 0.20388350
v 0.17355751 0.32612374 -0.20418325
v 0.10149400 0.35874274 -0.12324900
v -0.17443743 -0.29063669 -0.10666550
v 0.10579450 -0.36978975 0.17039175
v 0.05988250 0.19973150 0.19521900
v 0.05887550 0.20920750 0.20024550
v -0.27033299 0.30430701 -0.01476250
v -0.27865636 0.34109324 -0.16695538
v -0.19355799 -0.02621700 0.03894100
v -0.22197600 0.29410601 -0.04943400
v 0.10549950 0.37574100 0.09861100
v -0.05360475 -0.36950824 -0.08611575
v 0.19879450 0.28464499 0.22742650
v -0.13781001 -0.27349249 0.13674575
v 0.19645050 0.31275249 0.22727650
v 0.22483550 0.31725749 0.20512450
v 0.23008899 0.31403700 0.20318000
v 0.23134001 0.31773901 0.19108300
v 0.06428872 -0.36784038 -0.05363660
v -0.00693450 -0.36949176 -0.11503075
v 0.15670398 -0.11807168 -0.16532822
v -0.11959100 -0.32495901 -0.03349900
v -0.19235672 -0.19160010 -0.13864753
v -0.19363099 -0.09457925 -0.15011206
v -0.18971010 -0.13557485 0.14810050
v -0.19176856 -0.11263119 0.13978525
v -0.20301868 0.22974543 -0.06458225
v 0.11693463 -0.30415666 -0.17563735
v -0.16879207 -0.00863521 -0.17953414
v -0.16199401 0.08265926 -0.18519078
v 0.13908255 0.03440734 -0.18827188
v 0.15971681 -0.27690423 0.13614094
v 0.16714400 -0.14266838 0.14049087
v 0.15568042 -0.27701133 0.00961191
v 0.16066669 -0.17519177 0.07256134
v 0.17693500 0.11926500 -0.01043300
v 0.22927313 0.31207249 -0.13847250
v 0.10750493 -0.33093143 0.17466663
v -0.15296818 -0.07932839 0.18391392
v 0.15930425 0.11474458 0.18560973
v 0.08929750 0.34763524 -0.13024575
v -0.17164962 0.36595151 0.12840150
v 0.10539200 0.37195301 -0.00907500
v -0.02915525 0.37653524 -0.03575100
v -0.19573224 -0.11427372 -0.13578109
v -0.19543532 0.03815272 -0.16158119
v -0.20082816 0.04216650 -0.14655516
v 0.16431023 -0.14035982 0.15396279
v 0.16000400 -0.14038236 -0.15622456
v 0.16164576 -0.14096799 -0.06354458
v -0.18498382 -0.15352224 0.15863545
v -0.19161662 -0.05062825 0.07667375
v -0.08367001 -0.08747768 0.17884070
v -0.19172126 0.07024773 0.16952659
v -0.13519232 -0.12898082 -0.17764200
v -0.01354763 -0.12968388 0.17772450
v 0.12378300 -0.10651003 -0.18381368
v -0.19026656 -0.12293837 -0.03411194
v 0.04296334 -0.18278074 0.17642528
v -0.16576995 -0.08506420 0.18078057
v -0.15176550 0.01365475 0.18765800
v 0.13942380 -0.11086915 -0.17980926
v 0.02415995 -0.07754008 0.17981319
v -0.19706124 0.03014586 0.14058004
v 0.10136100 0.37509701 0.02803600
v -0.19413583 0.05063552 0.16266865
v -0.14186423 0.01671463 -0.18351047
v 0.16664453 -0.09400349 -0.13773601
v -0.20326488 0.10199303 -0.14342056
v 0.16829474 -0.04935994 -0.14826551
v 0.16411027 -0.11093619 0.01205006
v -0.03213522 -0.17175616 -0.17511390
v 0.16427621 -0.11231597 0.07454561
v -0.19519909 0.03443610 0.05146987
v -0.16725202 0.06213673 0.18781394
v 0.15663737 -0.25652897 0.04226087
v -0.08740881 0.01338856 0.18310225
v 0.02213188 -0.21843678 -0.17537194
v 0.15385498 -0.26471528 -0.08049670
v 0.12511873 -0.27143511 0.17538728
v -0.01502225 -0.02882425 -0.18052150
v -0.20114265 0.11978403 -0.15834190
v -0.17650774 0.06412059 0.18402253
v 0.17268650 -0.04440944 0.14201356
v 0.10282609 -0.00780157 0.18685085
v -0.18419330 0.08246128 -0.17737135
v -0.00649653 0.01639778 -0.18304825
v 0.15573139 -0.26180139 -0.03339506
v -0.18781100 -0.16976599 0.05020400
v 0.07860163 -0.02688650 -0.18161350
v 0.05548387 -0.23779762 0.17500000
v -0.15515187 0.13041849 0.19320400
v 0.13329375 -0.01739284 0.18568701
v 0.14414516 0.06812733 0.18852355
v 0.12479747 -0.31579500 -0.17340100
v -0.20044288 0.14866149 -0.04738000
v 0.15527031 -0.26366168 -0.14541487
v -0.19925144 0.14119281 0.03916400
v 0.16945229 -0.02441563 0.05337887
v 0.03644125 0.02116300 0.18440087
v -0.16220878 -0.16996504 -0.17327259
v -0.19924144 0.13682237 0.15686850
v 0.16850030 -0.03285491 -0.00604594
v 0.15476808 -0.29018530 -0.01430304
v -0.10515612 0.08798350 -0.18857200
v 0.16784544 0.02602273 -0.16564174
v 0.17025086 0.00529769 -0.15569355
v -0.04573475 0.07737312 0.18722662
v 0.13229263 0.04289331 -0.18962944
v 0.17734700 0.06669000 0.15595800
v -0.15285006 -0.17783312 -0.17468750
v -0.17221825 0.15556031 -0.18702625
v 0.10035700 0.37490800 -0.02047500
v -0.14587438 -0.25019586 0.17889437
v 0.15611435 0.07392934 -0.18348713
v -0.00113744 0.13696538 -0.19105019
v -0.14811578 0.16641347 -0.19039468
v 0.17229497 0.03528817 -0.02810286
v 0.17979762 0.09485925 0.14841093
v 0.00790025 0.07698950 -0.18695837
v -0.17759584 0.24921972 0.19509333
v -0.17182213 0.25806573 0.19784103
v 0.15464099 -0.29762468 0.04042042
v 0.15300748 -0.29956192 -0.05321050
v -0.20250700 0.23549600 0.04187000
v 0.13148780 -0.31542590 0.17098382
v 0.17617700 0.10684600 -0.15436301
v 0.05122362 0.08625450 0.18809512
v -0.20282599 0.22594200 0.01158600
v 0.00790600 0.10898350 0.19012301
v 0.15460154 0.14937006 0.19026200
v 0.17553000 0.07941500 0.02623900
v 0.04334397 0.13561869 -0.19112723
v -0.16565850 0.26300901 0.19961400
v 0.17437400 0.10281600 -0.16212600
v -0.17758307 0.24817821 -0.19061966
v 0.15174775 -0.35226399 -0.12799850
v 0.15357448 -0.30953777 0.08035181
v 0.14173025 0.13679475 0.19246638
v 0.18181856 0.21582247 0.16991375
v -0.08429387 0.21199356 -0.19732387
v -0.04664703 -0.26581353 -0.17268550
v 0.17206974 0.12476400 -0.17060225
v -0.19847013 0.26790276 0.17522381
v 0.13804200 0.17645675 -0.19672775
v -0.15013500 0.22896101 0.19903301
v -0.00807050 -0.32130975 0.17512950
v -0.17067188 0.27985513 -0.19396888
v -0.06843250 -0.27883250 0.17474250
v 0.17783751 0.13152225 -0.14128549
v 0.03873250 -0.34739399 -0.17312600
v 0.15109050 -0.34289327 -0.03475506
v 0.15000150 -0.35183999 -0.14134701
v -0.18654437 -0.23087338 -0.06387313
v -0.18604399 -0.25241700 0.13596250
v 0.14906225 -0.33600524 -0.08924975
v 0.18017800 0.23289301 -0.04857650
v -0.05356200 0.23382200 0.20256899
v -0.01388400 0.21277700 -0.20059951
v -0.02166125 -0.36709714 -0.02090950
v -0.16836312 -0.24051906 -0.16697431
v -0.04525775 0.26581150 -0.20259075
v 0.00154100 -0.34272501 -0.17341401
v -0.03539100 -0.36823249 0.05472350
v -0.15700200 -0.25349250 -0.17091849
v -0.28071612 0.33562163 0.11152731
v 0.00373000 0.23616999 -0.20252500
v 0.18095849 0.23234300 -0.16001301
v 0.17843226 0.25783199 -0.17479606
v 0.18218900 0.23280662 0.03854675
v -0.27102500 0.34178951 0.17747350
v -0.03155450 -0.36728749 0.00765950
v 0.15088750 0.26549801 -0.19973844
v -0.23086213 0.33918387 -0.07626262
v -0.10048500 0.29726401 -0.20086400
v -0.12627475 -0.27248499 -0.01072625
v 0.06609750 0.24188700 -0.20255600
v -0.18122675 0.33535674 0.20393488
v 0.05667125 0.25895005 0.20316006
v 0.18654650 0.23918951 0.15507275
v 0.18305200 0.19495849 0.16215900
v 0.23315500 0.31571901 0.10937400
v -0.16620199 0.34141049 0.20878100
v 0.14080663 0.27376851 -0.20199987
v 0.14925037 0.23829788 0.19675750
v -0.20644949 0.37094951 0.09013150
v 0.09958175 -0.36927551 0.04198750
v 0.08982150 -0.36832824 0.01994275
v -0.18717951 0.36810926 -0.05375575
v -0.18984374 0.36875862 0.02342281
v 0.08560300 -0.36803201 -0.00064100
v -0.14864776 0.36340275 -0.08893725
v -0.11565162 0.36527449 -0.19870663
v -0.12724175 0.36659250 -0.18372349
v -0.11943800 0.36643600 -0.16899900
v -0.15376012 0.36448038 0.08337875
v 0.09632850 -0.36937451 -0.05172700
v -0.03269725 0.33133101 0.22480150
v -0.13618851 0.36789501 0.17914300
v -0.00311050 0.32861626 -0.22219551
v -0.12438600 0.36668700 0.16270700
v 0.06813288 -0.36788768 0.06923088
v 0.04406837 -0.36326462 -0.17206125
v -0.10014900 0.37579075 0.00156850
v 0.10145400 0.31379750 0.22803500
v 0.08854250 -0.36850399 -0.01726000
v -0.08559150 0.37824801 0.07155700
v 0.06089250 -0.36708525 -0.02111475
v -0.03328850 0.36249274 -0.17683113
v -0.05199900 0.37667650 -0.01516950
v -0.04582100 0.36330050 0.17614651
v 0.04161600 0.33098200 0.22330976
v 0.07329200 -0.36943975 -0.10212100
v 0.05803200 0.37826449 -0.08601600
v -0.03714750 0.36273575 0.21230900
v 0.05663525 -0.36895025 0.10494025
v -0.03805450 0.37642801 0.02288750
v 0.15386400 0.28893301 0.22600000
v -0.02148800 0.37620401 0.05254800
v 0.04849550 -0.36833674 -0.08974550
v 0.04335950 -0.36960399 0.12198200
v 0.03456700 0.36082050 -0.17437200
v 0.01988800 0.35769701 0.12658700
v 0.02390588 0.35391387 0.21780901
v -0.05568325 -0.36187774 0.17382675
v 0.00399100 0.37486300 0.08388800
v 0.00842975 0.37613001 0.04866450
v 0.02777775 -0.36789399 -0.08520600
v -0.06160200 -0.35263699 -0.17030799
v 0.00524925 0.37636000 -0.04887075
v 0.02376725 0.37619326 -0.00538275
v 0.01443725 -0.36699224 0.06493175
v 0.01915538 -0.36968574 0.11852463
v 0.00832500 -0.36614501 0.01093600
v 0.11328900 0.34600875 -0.17162888
v 0.20678000 0.31336200 -0.22522750
v -0.00162600 -0.36659250 -0.02734550
v 0.05962600 0.37607300 0.03042400
v -0.01579800 -0.36733738 0.05880588
v -0.01795775 -0.36923626 -0.10572700
v 0.04670200 0.37700924 0.04936575
v 0.12108000 0.35855800 0.00580000
v 0.15461700 0.34394699 0.20811000
v 0.05429050 0.37779549 -0.05277500
v 0.13331400 0.34823599 0.12792200
v 0.09085300 0.37624201 -0.11199400
v 0.07764800 0.37433401 -0.01176600
v 0.08972100 0.37523600 0.11012000
f 1467 89 2
f 2 1255 1467
f 743 180 1071
f 26 25 1310
f 655 22 1835
f 2032 1866 1672
f 53 55 51
f 56 55 78
f 1510 1799 1705
f 91 79 83
f 91 83 74
f 92 73 85
f 92 74 73
f 1436 1098 112
f 100 2 89
f 930 945 128
f 128 945 127
f 127 1221 128
f 1517 1612 767
f 133 1340 132
f 137 551 550
f 351 102 159
f 142 148 354
f 575 155 161
f 166 1105 1106
f 396 1106 1107
f 173 172 1393
f 184 1344 260
f 215 184 260
f 152 939 1112
f 195 175 174
f 410 207 1343
f 131 165 130
f 181 215 213
f 215 963 213
f 221 636 1140
f 220 221 1140
f 679 147 138
f 1141 228 230
f 250 952 249
f 226 1425 233
f 1971 1235 1747
f 977 151 1413
f 959 408 278
f 278 279 959
f 616 281 1371
f 256 1238 950
f 1558 824 1991
f 76 55 320
f 917 328 329
f 2011 809 1840
f 1932 1593 1357
f 163 345 158
f 350 353 351
f 353 350 354
f 1783 1988 1782
f 1078 1773 1801
f 992 1317 186
f 369 368 366
f 339 235 211
f 371 211 340
f 211 371 339
f 99 1314 190
f 391 390 1822
f 1052 171 191
f 703 397 483
f 283 400 702
f 509 1130 1528
f 404 1437 88
f 304 406 1534
f 411 410 579
f 895 1395 1541
f 1306 887 895
f 1549 627 393
f 1785 1786 1284
f 828 1139 445
f 2211 548 319
f 416 397 1639
f 860 475 1860
f 498 484 388
f 1776 1669 515
f 681 669 489
f 208 201 492
f 1652 1183 1644
f 1657 361 1016
f 1298 54 1081
f 52 43 76
f 796 790 572
f 1717 1712 160
f 238 258 853
f 189 204 192
f 2195 521 976
f 781 1521 564
f 964 193 217
f 568 2051 569
f 1449 250 249
f 2183 1778 811
f 1536 269 2057
f 1115 922 1577
f 1778 980 811
f 112 1098 1015
f 1452 1368 323
f 634 628 754
f 221 633 636
f 1546 1800 1496
f 1801 1773 1982
f 1877 1668 1866
f 661 1189 1651
f 1317 992 1653
f 671 1057 507
f 675 1813 208
f 319 548 476
f 853 1074 1865
f 1062 1886 842
f 702 701 482
f 464 691 774
f 1081 171 1659
f 1313 1849 447
f 25 527 648
f 515 2126 1776
f 56 52 55
f 91 2084 1753
f 1221 1722 762
f 547 1341 1762
f 158 157 928
f 149 152 775
f 204 189 944
f 353 354 274
f 270 779 1104
f 1248 271 956
f 802 805 806
f 974 1413 807
f 504 386 1364
f 1138 456 1002
f 182 838 1590
f 974 807 1528
f 845 267 1028
f 2015 865 2013
f 2015 643 865
f 704 711 864
f 868 468 464
f 120 869 1178
f 391 1311 257
f 626 629 392
f 1632 729 165
f 1400 725 508
f 834 1558 835
f 1047 1659 735
f 900 997 304
f 1452 323 910
f 382 1260 327
f 602 815 419
f 387 1397 599
f 722 145 1220
f 923 1670 1359
f 181 216 762
f 118 2219 2217
f 1266 378 1699
f 396 1439 1739
f 1351 198 951
f 412 542 1351
f 796 1126 790
f 753 631 606
f 1684 1975 1129
f 306 317 307
f 1345 775 557
f 1606 1543 255
f 777 1004 1728
f 699 1489 459
f 1398 2160 1793
f 714 673 682
f 2133 2407 2043
f 997 1395 1604
f 924 1433 1219
f 222 220 1287
f 220 1140 239
f 228 1005 393
f 393 1005 1272
f 1153 1283 1156
f 1799 1023 63
f 598 622 746
f 1835 49 752
f 50 9 4
f 1668 1672 1866
f 461 641 1054
f 2100 529 178
f 1168 631 753
f 298 1066 295
f 491 1052 191
f 731 2111 724
f 1113 738 1225
f 657 737 1323
f 1129 2011 333
f 1682 25 648
f 460 682 673
f 1295 35 1084
f 524 9 1310
f 642 13 1841
f 1397 658 599
f 1218 2216 1457
f 547 1762 1220
f 1103 933 550
f 150 938 940
f 826 498 388
f 311 253 254
f 1710 570 1116
f 367 1444 965
f 291 338 2117
f 291 2117 292
f 2126 515 798
f 1609 1513 721
f 419 1407 602
f 297 611 1372
f 1461 441 819
f 450 1370 1337
f 2218 632 1281
f 1054 641 647
f 2014 2358 1375
f 363 482 1064
f 701 1064 482
f 681 1182 1064
f 1651 1189 361
f 1060 849 287
f 13 648 20
f 1910 1069 2102
f 684 1069 1910
f 34 744 1201
f 903 35 34
f 1065 1477 878
f 389 1631 1472
f 1722 1221 119
f 938 1228 940
f 331 333 356
f 574 559 268
f 139 1593 1932
f 355 537 357
f 790 1126 1442
f 1253 2173 366
f 2130 1127 2167
f 968 1254 803
f 331 968 803
f 670 240 880
f 255 1543 818
f 1112 986 152
f 946 1105 166
f 1267 988 197
f 1762 1341 1276
f 1287 1371 442
f 181 588 1518
f 1331 2048 1761
f 74 83 908
f 465 1304 610
f 447 1849 1400
f 901 1889 322
f 471 376 384
f 108 1073 732
f 512 97 894
f 463 1304 465
f 524 19 9
f 748 40 745
f 750 436 904
f 1214 82 1327
f 1216 538 106
f 371 555 791
f 370 1448 431
f 1114 431 1440
f 1240 569 383
f 806 1768 1767
f 445 446 828
f 1158 1281 838
f 1278 1008 1007
f 1094 1039 1051
f 295 1066 1622
f 905 282 611
f 322 240 901
f 674 880 322
f 1468 1178 1149
f 892 1191 1319
f 636 836 1814
f 331 356 1417
f 68 1288 913
f 218 1147 418
f 1508 2408 1509
f 369 366 946
f 335 334 1100
f 15 1322 890
f 1699 1962 1979
f 396 1107 1439
f 578 775 1345
f 411 947 943
f 1343 1729 206
f 133 926 555
f 211 254 395
f 312 793 954
f 1108 1436 1435
f 1855 894 1225
f 1119 414 234
f 148 105 316
f 290 963 289
f 1244 1449 249
f 1357 383 1356
f 2058 2222 2129
f 1365 1914 1463
f 299 823 824
f 1021 645 847
f 1551 1287 392
f 1047 54 1298
f 3 1499 170
f 885 676 893
f 122 730 1076
f 727 1473 1874
f 1027 718 1035
f 1145 1272 440
f 783 466 693
f 1784 327 2368
f 895 887 1273
f 1397 387 2112
f 546 471 477
f 1185 878 2147
f 1077 180 1188
f 1144 1550 415
f 93 97 96
f 2039 1694 32
f 48 1289 43
f 51 52 642
f 49 48 56
f 51 55 52
f 60 62 59
f 1360 2386 1980
f 74 92 91
f 1014 1819 173
f 132 134 133
f 1270 139 1612
f 181 1518 215
f 1561 981 1562
f 181 213 217
f 228 393 230
f 790 237 572
f 247 788 246
f 247 246 253
f 2219 1702 1728
f 301 299 824
f 334 335 336
f 1472 607 2159
f 974 977 1413
f 432 1265 1690
f 1319 1530 1531
f 1136 457 1608
f 88 1437 196
f 404 88 761
f 612 405 999
f 1535 1533 1368
f 1368 1452 1534
f 408 959 407
f 105 148 1537
f 321 409 153
f 12 321 890
f 409 321 12
f 1539 1231 579
f 1540 542 412
f 1540 357 1351
f 1306 895 1541
f 1503 750 904
f 2446 2125 974
f 1915 1543 1606
f 219 67 45
f 2247 2215 1698
f 115 591 1222
f 591 1547 1963
f 1744 533 414
f 1744 414 1119
f 1550 427 1549
f 1549 393 415
f 222 1287 1551
f 264 1142 1524
f 1524 1202 264
f 499 1155 1557
f 1617 470 1212
f 344 470 1132
f 1781 362 314
f 200 314 1334
f 1559 417 1826
f 815 1560 419
f 2117 438 593
f 421 446 445
f 364 1561 422
f 1563 875 1564
f 1566 1567 1206
f 1566 820 1567
f 1568 37 1983
f 721 423 37
f 2046 1723 1330
f 428 1141 1570
f 428 228 1141
f 430 1228 248
f 1228 430 566
f 1578 849 1064
f 1482 814 434
f 2097 1179 1579
f 435 605 1579
f 605 2097 1579
f 1668 1186 1045
f 1186 1920 1045
f 1580 436 58
f 2245 1974 2163
f 297 296 905
f 2269 2247 2317
f 1892 1587 1586
f 823 1281 632
f 1006 1591 1275
f 1993 1599 1591
f 49 1766 752
f 887 1306 1542
f 827 833 239
f 2081 1990 1603
f 909 911 908
f 1526 1213 344
f 1208 1604 1605
f 1264 1567 825
f 1489 1305 459
f 691 464 458
f 1534 1544 2043
f 693 466 2022
f 1133 1456 1615
f 467 469 698
f 813 814 1482
f 1315 433 2214
f 898 1210 990
f 1233 1366 2043
f 871 1620 707
f 341 1179 544
f 30 219 45
f 1309 286 707
f 674 1305 240
f 1182 681 489
f 1334 490 607
f 1990 1642 1603
f 1637 927 717
f 1455 915 334
f 1639 462 416
f 922 1015 71
f 1643 1183 1652
f 360 1260 305
f 503 1651 361
f 1430 67 1233
f 1076 671 122
f 30 45 818
f 45 255 818
f 798 1421 586
f 183 506 507
f 1657 1016 508
f 1661 730 1936
f 1656 2188 2093
f 886 99 1660
f 511 93 96
f 512 96 97
f 1936 1080 1661
f 1934 1671 1937
f 1778 2364 328
f 1247 1445 1695
f 2195 976 1776
f 194 9 1667
f 1117 1249 1125
f 9 19 1181
f 1310 9 50
f 735 520 10
f 5 676 86
f 13 5 86
f 600 978 806
f 1582 1049 1677
f 738 16 1225
f 2110 1036 1187
f 1499 6 890
f 9 194 4
f 1412 512 894
f 27 1940 11
f 2052 2132 2065
f 439 337 1226
f 1851 2152 2179
f 1688 39 15
f 28 904 1090
f 1119 234 1751
f 1690 2167 2135
f 23 1693 1324
f 1978 2166 2206
f 528 966 303
f 784 1262 273
f 2053 2169 1698
f 2117 338 438
f 1270 1612 1517
f 1289 52 320
f 1692 1696 1697
f 749 751 1952
f 2086 1326 1419
f 1974 1129 1975
f 2134 1617 1212
f 53 1460 527
f 270 1104 2057
f 598 746 902
f 310 193 964
f 902 1096 398
f 2085 1096 1948
f 1214 1327 1954
f 1327 436 1954
f 58 65 72
f 2448 2194 2418
f 782 244 1442
f 797 1246 250
f 1095 1709 754
f 2045 1955 1095
f 1525 1021 1366
f 1215 1952 1583
f 79 1753 1510
f 79 91 1753
f 1959 754 1709
f 71 1328 922
f 563 1629 196
f 339 1973 395
f 964 1123 310
f 1957 1794 1960
f 92 85 115
f 95 115 85
f 1428 107 541
f 1514 2200 920
f 784 537 542
f 234 232 231
f 1742 2056 1714
f 1349 1123 1236
f 187 787 786
f 310 1349 1245
f 953 368 1745
f 953 1234 368
f 1754 2123 2050
f 549 967 1732
f 1974 2193 2163
f 1635 1645 937
f 157 158 137
f 209 556 1725
f 235 339 340
f 926 1276 555
f 1723 583 1569
f 1707 1726 1733
f 1735 1741 141
f 176 566 944
f 353 260 1259
f 566 940 1228
f 430 204 566
f 563 1699 561
f 938 766 156
f 1741 1735 1448
f 947 1432 562
f 1966 1703 1249
f 346 933 1103
f 181 1647 185
f 1523 954 266
f 411 943 410
f 944 1739 176
f 1437 563 196
f 563 1437 1962
f 1736 1114 1443
f 1258 1344 184
f 1740 2050 567
f 2051 568 1612
f 580 1699 378
f 573 955 1122
f 1715 579 1240
f 166 396 948
f 781 1447 794
f 551 345 163
f 1423 1717 1523
f 2123 1754 1252
f 2440 1757 1124
f 580 1266 543
f 944 566 204
f 559 547 145
f 960 284 1523
f 1757 1700 2171
f 137 158 345
f 1019 1731 2204
f 279 1340 133
f 1340 279 1104
f 944 189 380
f 1645 588 1722
f 1977 2130 2386
f 935 232 234
f 1980 2222 1360
f 331 1684 333
f 1771 1767 1768
f 1004 777 1279
f 1770 595 1415
f 1699 1979 1266
f 117 84 151
f 1749 792 37
f 1407 815 601
f 815 602 601
f 1780 77 110
f 1506 1426 1511
f 344 817 470
f 148 142 102
f 2206 1974 2245
f 334 994 1455
f 1367 609 819
f 1426 1506 1761
f 1570 427 1550
f 1274 2122 986
f 536 1799 63
f 2177 1780 1708
f 1370 617 2207
f 752 1761 1506
f 1857 1366 1021
f 550 551 1103
f 252 1550 1144
f 239 450 1337
f 1347 1346 263
f 65 58 436
f 79 1804 47
f 1997 1293 1811
f 630 479 481
f 1258 1259 1344
f 1991 891 2159
f 1962 1437 404
f 836 636 633
f 422 1146 364
f 364 1149 639
f 49 56 2177
f 2160 1212 991
f 839 2369 640
f 1824 1825 1821
f 417 840 1826
f 1386 1559 1826
f 1352 1335 1613
f 1828 1823 1824
f 1769 1516 1435
f 1108 1435 1434
f 1161 840 1830
f 74 911 87
f 340 780 235
f 1948 746 622
f 1732 1432 1715
f 32 525 2039
f 32 1086 525
f 2452 1756 1237
f 2364 2376 497
f 102 1216 316
f 1499 3 6
f 657 1191 892
f 229 153 2379
f 1868 882 1931
f 963 290 213
f 667 1870 1652
f 1402 94 167
f 1815 1405 1927
f 1608 1782 1988
f 1874 1473 1817
f 9 1181 1667
f 1652 1877 667
f 1425 291 233
f 1400 508 1016
f 730 1661 1076
f 962 1522 958
f 880 674 670
f 179 178 1876
f 121 318 1403
f 122 318 121
f 1076 1057 671
f 764 1596 1387
f 1473 727 993
f 491 295 1052
f 2056 1451 2452
f 681 488 669
f 280 679 1886
f 488 287 1578
f 2189 1490 1900
f 916 321 154
f 68 71 95
f 85 68 95
f 795 261 274
f 2185 1888 1573
f 186 1890 258
f 73 74 909
f 684 677 1640
f 752 1766 1422
f 1954 436 750
f 1480 447 476
f 577 1620 581
f 63 359 1026
f 1616 381 688
f 1896 1895 1611
f 238 460 673
f 35 903 748
f 704 783 1173
f 1079 631 1614
f 1079 694 581
f 581 871 631
f 1694 634 32
f 2112 658 1397
f 1417 424 968
f 473 433 1315
f 1417 968 331
f 701 498 826
f 1860 1174 687
f 1905 2210 1902
f 2057 269 270
f 969 805 2054
f 805 969 1363
f 1480 483 447
f 860 349 535
f 860 1860 1908
f 873 1311 1063
f 1890 1492 2214
f 1063 1403 318
f 266 276 574
f 40 39 745
f 286 874 2094
f 1640 1069 684
f 927 877 387
f 1401 1634 949
f 463 465 1056
f 517 596 969
f 1185 1065 878
f 712 1055 486
f 1918 2370 1555
f 1406 1920 683
f 1646 1649 1869
f 1402 2094 877
f 893 676 5
f 657 892 737
f 881 434 723
f 103 1641 728
f 147 679 1075
f 1655 1660 2149
f 101 1475 103
f 1050 1923 1598
f 1402 1930 1929
f 1665 1931 2026
f 1049 734 506
f 520 672 1499
f 1665 1933 1931
f 1498 1936 730
f 1813 1318 736
f 1862 1931 1933
f 1677 659 660
f 725 507 1057
f 1500 41 1937
f 1675 1199 1676
f 1467 1300 429
f 1672 656 1581
f 1928 2092 3
f 1116 1718 1923
f 1321 1201 1941
f 1940 27 2036
f 1324 27 1679
f 1689 1088 1205
f 1188 500 724
f 2041 1689 1836
f 1691 1460 1841
f 1325 1026 359
f 899 68 47
f 49 2177 1766
f 167 2094 1402
f 59 2046 60
f 1418 1707 1816
f 66 69 64
f 915 336 335
f 1667 1626 194
f 1264 1213 2197
f 1219 1017 1015
f 403 404 761
f 608 90 2422
f 920 2200 922
f 92 115 104
f 874 387 877
f 1709 936 1959
f 1959 936 770
f 1339 1000 1330
f 782 2119 244
f 1742 1714 2427
f 134 926 133
f 257 349 719
f 394 1517 137
f 777 1748 1279
f 394 929 169
f 162 575 1532
f 403 761 984
f 1742 2427 2055
f 162 578 1345
f 475 535 873
f 1723 1548 583
f 554 1734 1117
f 560 155 778
f 1734 1966 1117
f 2100 688 529
f 770 936 2072
f 226 1347 1752
f 1462 2037 1369
f 212 780 342
f 1715 549 1732
f 542 951 784
f 2057 279 408
f 279 278 408
f 857 1680 1598
f 1744 1751 760
f 1243 1726 1109
f 236 355 357
f 253 246 395
f 955 571 1116
f 777 1702 1738
f 555 285 791
f 584 312 954
f 2219 118 957
f 1932 1356 569
f 1248 1238 256
f 1975 1251 1974
f 2221 957 1224
f 1702 957 2220
f 307 797 306
f 1140 827 239
f 1976 1421 302
f 1272 1145 1144
f 1976 303 587
f 315 1695 1358
f 393 627 230
f 966 528 2071
f 1447 2447 1982
f 1447 1771 1768
f 2064 2072 2194
f 1278 1012 1008
f 332 333 595
f 1393 1012 1278
f 2204 1720 1445
f 332 1256 356
f 432 867 1265
f 1359 1669 1087
f 219 30 1507
f 1143 364 1146
f 499 326 1155
f 917 980 1778
f 1819 172 173
f 365 1985 1218
f 1986 490 362
f 1781 1986 362
f 1210 1642 2158
f 327 1784 499
f 841 852 1037
f 300 1368 1533
f 2441 998 2364
f 1989 1785 1585
f 1988 1011 1608
f 1991 824 823
f 1206 456 1566
f 227 1590 446
f 1346 272 263
f 1337 1371 1287
f 833 450 239
f 1996 1293 1997
f 620 637 1005
f 2018 1519 1277
f 1148 1892 872
f 1376 1777 146
f 1462 1373 827
f 838 1281 1590
f 1151 1393 401
f 1515 534 1143
f 124 2003 2000
f 1369 2037 1370
f 1283 1284 2004
f 2003 2080 1377
f 1462 1369 1373
f 609 1367 1137
f 1989 490 1785
f 1365 1463 1456
f 1463 1914 1985
f 1713 649 188
f 1217 1155 2159
f 852 1162 1037
f 1362 331 804
f 821 1951 1595
f 998 618 1796
f 861 1831 2008
f 1037 1958 1486
f 1358 797 307
f 1736 1443 224
f 950 1249 533
f 1522 285 958
f 1356 1932 1357
f 1718 857 1598
f 2193 2439 2163
f 261 795 259
f 773 857 1718
f 1355 259 795
f 709 864 711
f 2014 1823 1829
f 340 339 395
f 709 2022 466
f 552 340 395
f 376 471 870
f 435 1906 1616
f 814 813 453
f 757 1515 1171
f 679 138 652
f 435 1619 1906
f 1907 1865 1074
f 1074 474 1907
f 2000 2003 2101
f 1312 485 363
f 637 2023 440
f 178 179 699
f 702 488 718
f 1772 1382 1775
f 946 1444 368
f 135 1474 1901
f 295 876 487
f 1890 177 931
f 251 1404 1908
f 372 187 786
f 1812 1854 2137
f 1632 918 729
f 1917 1316 1883
f 782 1442 1349
f 1009 1820 1210
f 503 993 842
f 1912 879 659
f 687 671 507
f 50 194 1626
f 1919 708 1184
f 2370 1877 1652
f 1663 1664 717
f 882 1572 2026
f 1556 1654 1655
f 212 211 235
f 660 659 879
f 1657 508 725
f 1654 678 734
f 724 2111 1188
f 1868 1925 882
f 503 361 1473
f 431 1448 2241
f 370 431 565
f 1817 731 1874
f 728 108 101
f 661 1048 1189
f 1048 1934 660
f 735 1659 487
f 1498 730 1195
f 887 1599 1273
f 886 881 99
f 888 2115 1044
f 1939 1191 657
f 1871 1677 1128
f 1871 1582 1677
f 2032 2151 33
f 97 437 894
f 2032 1199 1675
f 519 520 1499
f 552 279 371
f 894 437 656
f 86 1939 13
f 1227 16 738
f 202 1739 1107
f 523 739 14
f 1685 2 739
f 1084 2379 409
f 1409 28 1
f 1944 2 1685
f 564 1521 1520
f 1414 1855 17
f 619 293 1354
f 1370 450 1369
f 353 102 351
f 616 2207 617
f 1686 2179 2038
f 2088 28 1090
f 996 281 616
f 2038 1090 2390
f 558 347 169
f 1834 1836 1205
f 1137 281 612
f 304 997 1604
f 1262 767 568
f 49 1835 642
f 617 1134 1350
f 31 36 1483
f 1434 767 1262
f 32 634 57
f 634 1694 907
f 2062 576 2439
f 905 611 297
f 44 634 1458
f 2120 1214 1290
f 224 1448 370
f 1366 2133 2043
f 72 1505 58
f 184 545 1258
f 1765 1214 2120
f 73 909 908
f 1093 530 608
f 1151 638 1393
f 226 205 1347
f 313 1627 2073
f 403 983 1613
f 1543 1545 1463
f 1507 1749 1946
f 911 2084 87
f 932 1342 582
f 1718 145 722
f 305 1485 1459
f 1721 316 538
f 1096 1746 912
f 1218 1809 1364
f 1808 1496 2175
f 722 1220 358
f 1087 509 84
f 1097 1219 1433
f 1446 123 758
f 1788 1759 1755
f 2054 399 517
f 977 2125 1411
f 534 1515 757
f 399 2054 324
f 1019 2419 1731
f 1415 595 1840
f 582 929 394
f 929 582 1342
f 1358 337 315
f 184 1645 1635
f 2123 1760 2050
f 1267 1000 988
f 924 988 1000
f 1729 1000 1267
f 404 1329 1962
f 768 1341 547
f 427 1141 898
f 1221 762 128
f 166 1106 396
f 1342 348 558
f 1966 1734 763
f 935 983 232
f 169 347 937
f 758 404 403
f 1110 938 156
f 905 428 1570
f 940 176 175
f 2060 1252 1754
f 109 925 1333
f 187 768 547
f 891 428 905
f 1738 1737 777
f 1343 207 2124
f 1755 567 2050
f 2220 2221 1360
f 2220 1360 2222
f 1269 2436 2438
f 562 943 947
f 1978 1129 2166
f 142 159 247
f 306 797 1449
f 1329 758 2048
f 2169 2053 1978
f 587 303 799
f 198 355 197
f 1647 310 1245
f 185 1647 1353
f 1761 111 759
f 95 71 1017
f 1629 563 561
f 964 289 413
f 1932 569 2051
f 1246 797 1358
f 281 1003 1371
f 1444 367 366
f 242 237 244
f 355 542 537
f 1715 411 579
f 254 253 395
f 1973 955 342
f 777 1728 1702
f 1126 1349 1442
f 1245 1349 1126
f 956 312 584
f 250 1246 1445
f 383 569 1356
f 1724 1738 1450
f 2060 2062 2128
f 1757 1243 1700
f 1447 1768 794
f 1700 586 587
f 291 1361 288
f 424 291 292
f 338 226 1752
f 1129 1974 2166
f 642 22 13
f 290 964 213
f 1451 1981 1756
f 802 1358 317
f 2064 2194 2174
f 2131 1756 1981
f 2215 1981 1698
f 2132 2052 1678
f 600 806 1767
f 2054 517 969
f 1439 1107 1739
f 738 1805 1227
f 117 942 923
f 1717 160 368
f 504 721 37
f 1233 67 1496
f 176 202 174
f 1195 1035 96
f 813 1482 610
f 607 812 200
f 1808 1525 1366
f 1627 373 810
f 2175 1496 1800
f 818 1543 1463
f 986 174 1438
f 162 986 2122
f 313 1526 1627
f 470 1617 1132
f 1317 1653 1494
f 174 160 1338
f 394 169 937
f 929 1342 558
f 561 1699 925
f 1653 992 713
f 1615 294 1133
f 119 394 937
f 1368 406 2040
f 2040 1535 1368
f 1203 889 2155
f 819 1203 2155
f 127 945 374
f 885 2108 676
f 1803 1192 1534
f 829 1395 895
f 264 624 443
f 142 1216 102
f 832 1374 1001
f 1600 895 1273
f 1563 1394 1565
f 1563 1564 1394
f 282 2143 1372
f 624 1872 623
f 2439 576 2163
f 441 1461 1232
f 280 1075 679
f 1591 1006 1250
f 1511 2422 90
f 1753 2084 1023
f 1803 2024 1772
f 1011 1810 1196
f 1427 334 915
f 1312 363 1060
f 835 1283 1153
f 2021 1149 1176
f 1790 2409 1004
f 1775 2002 1998
f 869 872 1586
f 1176 1587 1013
f 1020 643 1998
f 2419 2044 1957
f 1019 2044 2419
f 476 1016 319
f 840 2142 1826
f 2104 2103 1177
f 174 352 1107
f 352 174 343
f 343 174 202
f 73 79 85
f 768 187 372
f 913 1706 540
f 862 843 1858
f 83 73 908
f 1701 1790 1791
f 1804 1705 1211
f 1396 536 1026
f 1818 2086 1419
f 36 911 1483
f 1062 474 473
f 473 1315 1062
f 1836 2044 2041
f 904 28 1503
f 710 1713 1495
f 1093 655 1030
f 527 25 26
f 1686 2038 897
f 1851 1686 1848
f 703 1632 165
f 1682 7 524
f 460 658 682
f 764 663 594
f 1322 1852 1201
f 1388 1859 769
f 1484 1495 1713
f 1071 1077 201
f 1121 325 740
f 2108 893 1853
f 118 1224 957
f 512 1409 96
f 14 1046 2029
f 361 1657 1473
f 881 723 99
f 659 1049 506
f 734 1660 1655
f 2180 755 1894
f 1655 1654 734
f 1641 1404 728
f 1665 2026 1658
f 1321 890 1322
f 101 2027 1475
f 1475 720 103
f 1295 409 1941
f 1302 1555 1556
f 725 1400 1849
f 1650 1883 1316
f 1075 931 177
f 1918 496 2370
f 1877 2370 496
f 678 1654 1884
f 1308 1170 691
f 1885 1880 949
f 486 1881 1406
f 471 463 1056
f 1639 397 703
f 703 131 1639
f 1182 489 677
f 1069 1640 2108
f 1055 1881 486
f 486 1406 683
f 750 17 1687
f 2106 1884 1555
f 2185 1554 1888
f 694 816 581
f 816 694 1059
f 505 1873 606
f 57 44 29
f 2091 120 1131
f 853 258 433
f 1910 2102 1578
f 398 1096 912
f 1177 2103 492
f 1062 1492 280
f 1064 400 681
f 488 702 482
f 1886 1062 280
f 2012 1285 2006
f 1927 718 680
f 2421 2431 2435
f 1153 1156 1589
f 1589 1156 1293
f 1282 1378 1008
f 683 2147 878
f 50 1626 1181
f 837 1172 875
f 1885 1638 1880
f 814 1625 434
f 1884 1654 1556
f 1648 949 1880
f 1762 1276 114
f 853 433 1074
f 114 1276 1336
f 615 1899 1063
f 693 826 1072
f 697 870 478
f 2 201 1077
f 1057 1076 1666
f 1661 1666 1076
f 723 1314 99
f 1482 1899 615
f 1336 134 1274
f 2217 1727 2422
f 183 659 506
f 1598 1923 1718
f 1188 2029 1046
f 1657 725 1080
f 1875 2203 673
f 2028 511 1035
f 510 171 54
f 174 1106 160
f 661 1651 2030
f 1664 2115 888
f 1271 889 1003
f 1048 1671 1934
f 1266 1979 543
f 2030 1938 1673
f 2030 1673 661
f 1049 1582 516
f 1934 1937 1677
f 1673 1671 661
f 519 1083 520
f 753 459 1168
f 1323 1939 657
f 1038 1924 2033
f 17 1225 16
f 1685 325 1255
f 743 1683 1464
f 1594 1653 1487
f 1848 2034 1851
f 1032 34 1201
f 988 1436 197
f 39 1688 1325
f 1693 2036 1324
f 1291 1689 2041
f 1580 1090 904
f 1032 903 34
f 451 618 2392
f 1835 752 530
f 1029 1288 526
f 530 1030 1835
f 1418 1816 1844
f 912 902 398
f 754 628 1095
f 902 912 598
f 1422 1761 752
f 149 938 150
f 150 152 149
f 316 106 538
f 1799 1753 1023
f 540 1577 1328
f 1792 1961 1453
f 2048 758 1426
f 1707 1018 116
f 106 105 125
f 234 1352 935
f 1136 1135 457
f 985 1547 1097
f 394 119 1427
f 1743 2163 1750
f 986 162 557
f 987 933 346
f 948 1230 554
f 2049 196 1629
f 559 1332 547
f 568 1231 1539
f 159 1721 1947
f 161 560 575
f 2051 1612 139
f 2062 1754 941
f 2051 139 1932
f 962 1341 573
f 1262 568 1539
f 1737 1738 1724
f 504 1364 1809
f 955 1116 570
f 314 810 373
f 1352 414 1703
f 1122 962 573
f 552 395 407
f 1450 1738 2058
f 408 1536 2057
f 273 412 537
f 2061 2126 1704
f 796 1353 277
f 2450 2072 2064
f 1246 1695 1445
f 945 237 225
f 794 1768 590
f 1449 970 306
f 332 356 333
f 306 970 324
f 30 262 1507
f 1808 1366 1233
f 274 270 269
f 338 1425 226
f 360 1630 327
f 1627 810 2073
f 1137 1461 609
f 2172 965 2173
f 1253 965 2172
f 1248 369 2173
f 1421 1976 586
f 891 898 990
f 141 1725 928
f 830 1424 619
f 277 1126 796
f 1245 1126 277
f 832 1001 1602
f 264 1001 624
f 264 443 1142
f 844 821 1595
f 1148 1142 1193
f 1142 1148 1392
f 221 220 222
f 636 1814 1140
f 1005 228 428
f 308 960 1717
f 218 418 182
f 1468 534 2090
f 364 534 1149
f 1994 646 839
f 124 1999 863
f 2069 2004 2019
f 2017 1380 2014
f 124 862 2080
f 1832 1603 1820
f 1444 946 965
f 271 312 956
f 276 954 793
f 968 292 1254
f 2117 1254 292
f 840 2083 2142
f 1381 2006 1837
f 2414 2421 2248
f 1827 1839 1825
f 971 209 224
f 784 951 1434
f 1861 1384 841
f 1504 822 1292
f 1858 2201 851
f 944 776 396
f 664 1857 847
f 1713 710 649
f 1230 948 380
f 861 70 1161
f 847 1857 1021
f 1512 2056 1237
f 155 560 161
f 1951 821 2231
f 137 1517 1516
f 137 933 987
f 1441 66 760
f 939 150 940
f 596 517 1678
f 1830 1831 1161
f 1434 1435 767
f 461 1054 462
f 699 753 635
f 647 698 706
f 402 2091 2090
f 1169 610 615
f 870 704 1173
f 870 697 704
f 1099 127 374
f 1377 2101 2003
f 127 119 1221
f 1174 1860 475
f 127 1099 119
f 1064 1060 363
f 1427 119 1099
f 835 1585 1283
f 1842 1996 1154
f 374 1100 1099
f 577 1068 1309
f 703 705 918
f 322 1305 674
f 842 993 1062
f 860 1908 2105
f 1277 1519 2143
f 1011 1196 1995
f 2212 2104 1180
f 2184 2144 2182
f 481 146 1250
f 1565 146 875
f 488 485 1312
f 2145 1591 1250
f 186 177 1890
f 1573 1572 927
f 329 328 330
f 1890 931 280
f 1404 1641 2105
f 2146 2078 1194
f 1194 2078 1350
f 1600 1273 1806
f 1527 305 1260
f 722 773 1718
f 677 489 1530
f 916 1175 321
f 717 1638 1554
f 683 1920 2147
f 1711 1746 1761
f 1881 1113 1406
f 1433 1000 1339
f 1302 2149 190
f 1542 1306 2077
f 1188 1046 1077
f 830 420 454
f 888 1938 1864
f 50 4 194
f 1531 2150 1040
f 518 894 656
f 1604 829 1198
f 22 655 5
f 264 1202 1602
f 377 832 1202
f 2089 1853 655
f 832 1602 1202
f 2179 2154 2088
f 2089 655 1093
f 1337 2207 1371
f 1291 1088 1689
f 1701 1693 23
f 1414 1412 1855
f 13 22 5
f 1682 648 13
f 2014 1829 2358
f 2192 1604 1198
f 904 436 1580
f 1709 2074 936
f 325 94 1467
f 1952 751 1583
f 59 1723 2046
f 625 443 623
f 2158 990 1210
f 1328 913 540
f 62 60 1330
f 2168 2158 1642
f 1984 1430 1233
f 87 104 1483
f 2121 915 335
f 1546 219 1946
f 110 1711 1780
f 75 84 117
f 117 432 921
f 1427 2121 1270
f 726 1314 496
f 114 1220 1762
f 2119 1610 244
f 2419 1960 1731
f 561 109 765
f 985 1097 583
f 1250 630 481
f 1224 1965 1734
f 2124 62 1343
f 978 1226 337
f 162 766 578
f 88 196 2049
f 137 345 551
f 1276 1341 962
f 1770 1415 2162
f 347 348 937
f 2131 2215 2269
f 1825 1832 1821
f 1629 561 765
f 1742 2165 2067
f 1739 202 176
f 569 1231 568
f 2247 2269 2215
f 207 410 1111
f 1182 684 1064
f 2052 2065 2449
f 1719 1730 1967
f 1309 707 577
f 1114 785 1443
f 453 480 1491
f 2090 534 757
f 2090 757 1390
f 1390 1470 2090
f 1102 1120 760
f 1898 2094 505
f 1947 1349 1236
f 2167 1980 2130
f 1620 577 707
f 1690 2129 2167
f 1947 1355 788
f 2140 1242 2129
f 916 229 1175
f 1712 1717 1423
f 385 376 686
f 357 537 412
f 788 274 269
f 438 338 1752
f 1248 960 308
f 1974 1251 2193
f 1240 383 1357
f 1248 956 960
f 412 273 410
f 2128 1251 1362
f 1973 339 285
f 2446 1241 2053
f 544 589 341
f 1248 1253 2172
f 366 2173 965
f 1253 1248 2173
f 1248 308 369
f 1449 1244 970
f 274 1355 795
f 424 292 968
f 391 1056 1307
f 1768 1363 590
f 1763 1698 1981
f 804 331 803
f 1249 1703 414
f 324 970 439
f 2422 1511 2217
f 1792 1512 1237
f 449 1145 218
f 803 1256 332
f 652 691 458
f 1232 1461 1271
f 84 75 1087
f 1832 1839 2081
f 1282 1150 638
f 810 314 200
f 1258 545 1259
f 944 380 776
f 1008 479 1007
f 2165 1261 2067
f 1916 2073 389
f 1741 209 141
f 1627 1526 344
f 1132 1617 1987
f 938 1110 1228
f 1729 197 206
f 1213 817 344
f 294 1615 323
f 174 975 195
f 1408 1136 1608
f 1699 580 543
f 1960 2428 1730
f 301 293 1424
f 1730 1731 1960
f 817 1264 825
f 1144 227 252
f 1567 820 825
f 2411 2423 2421
f 454 1139 830
f 378 1266 580
f 445 1139 454
f 377 1002 832
f 1003 442 1371
f 137 136 140
f 136 137 1516
f 891 296 297
f 1995 1196 1608
f 1336 926 134
f 1769 136 1516
f 623 1587 1892
f 2025 1998 1999
f 1777 1250 146
f 2146 2017 2078
f 1012 1150 1008
f 1586 872 1892
f 2359 1154 1996
f 1559 1392 417
f 1008 1150 1282
f 1997 1811 1379
f 1960 2419 1957
f 1007 1377 1280
f 1158 2218 1281
f 373 1132 1628
f 1470 402 2090
f 1280 1377 1014
f 598 1711 110
f 2199 1001 1374
f 329 980 917
f 866 1819 1014
f 1827 1825 1823
f 607 200 1334
f 598 912 1711
f 2054 805 306
f 324 2054 306
f 2048 1426 1761
f 2386 1360 2059
f 2130 1571 1127
f 1216 106 1431
f 1845 1154 822
f 1766 2177 1708
f 1291 1290 1954
f 2044 1019 2041
f 542 1540 951
f 642 52 1289
f 1378 2412 2401
f 664 1716 1857
f 1685 1086 29
f 316 105 106
f 2038 2179 1090
f 522 1205 1088
f 952 250 1445
f 2414 2248 1709
f 1852 1322 15
f 1084 409 1295
f 894 1855 1412
f 1680 857 773
f 571 573 768
f 1941 12 1321
f 951 1540 1351
f 198 1351 355
f 1859 1900 769
f 755 664 553
f 2012 1381 1380
f 516 1676 1660
f 1582 1871 1870
f 41 1871 1128
f 986 1112 975
f 2114 1935 1500
f 1933 1658 1674
f 1810 2146 1194
f 893 2108 885
f 33 1043 667
f 1648 1864 2030
f 202 1107 352
f 1668 1877 1186
f 138 147 668
f 178 2113 1876
f 1876 2113 2096
f 1314 726 190
f 1474 729 918
f 1108 1434 951
f 130 1639 131
f 1108 951 198
f 1895 1896 1053
f 711 1897 709
f 709 466 864
f 1106 174 1107
f 1401 708 1919
f 582 1110 156
f 1056 465 1307
f 1111 943 562
f 467 647 700
f 1553 1885 1634
f 1885 1553 1638
f 1634 1888 1553
f 1105 368 160
f 1610 1488 1501
f 1621 1646 1869
f 160 1106 1105
f 2211 868 774
f 164 1340 1104
f 480 453 610
f 467 514 469
f 514 467 700
f 198 197 1108
f 2103 208 492
f 208 2103 675
f 1906 381 1616
f 1889 1903 322
f 1889 901 1059
f 1066 1906 1622
f 1906 1066 381
f 548 705 1480
f 1636 702 400
f 916 153 229
f 379 688 381
f 1180 2104 505
f 349 1641 719
f 1340 125 132
f 298 491 191
f 1637 1554 2185
f 1613 1335 1446
f 1644 1183 514
f 1644 1884 2106
f 877 2094 874
f 726 1918 2107
f 98 1055 712
f 1316 1917 495
f 1427 915 2121
f 1316 495 500
f 1832 2081 1603
f 1069 2108 2110
f 422 1562 144
f 2210 2209 1879
f 677 86 676
f 1547 95 1097
f 1071 201 208
f 1658 2026 1572
f 1643 1871 1184
f 112 1015 922
f 1316 2116 1662
f 1919 2114 1658
f 1903 1614 1305
f 1594 1494 1653
f 1077 739 2
f 511 96 1035
f 1870 1871 1643
f 1870 1643 1652
f 2031 2093 2188
f 1405 1165 1531
f 1574 1497 662
f 1673 1933 1674
f 2139 646 1994
f 2093 2031 1187
f 1937 41 1301
f 1047 735 10
f 409 2379 153
f 1671 1673 1500
f 737 892 1319
f 10 520 1083
f 741 512 1414
f 1409 741 18
f 1508 2411 2421
f 1941 744 1295
f 1681 23 1679
f 1201 744 1941
f 1944 1685 1255
f 1086 523 525
f 524 1310 25
f 526 1089 3
f 6 1089 1294
f 648 527 1691
f 1033 1692 1034
f 750 1088 1291
f 1595 1152 1854
f 1894 1053 1896
f 459 753 699
f 65 436 1327
f 93 511 1088
f 1682 13 1939
f 858 1475 1601
f 78 77 2177
f 1331 1761 759
f 334 1427 1099
f 12 890 1321
f 2048 1331 1329
f 758 403 1446
f 761 69 1441
f 1499 890 519
f 1331 543 1979
f 547 1220 145
f 1329 1979 1962
f 1613 1446 403
f 762 588 181
f 1703 763 1352
f 1335 1352 763
f 1338 113 1336
f 1274 1338 1336
f 1339 1569 583
f 1433 1339 1097
f 134 2122 1274
f 125 1340 164
f 140 157 137
f 545 162 132
f 1342 932 348
f 1176 1178 1587
f 1657 1867 1473
f 175 199 939
f 232 983 984
f 1532 560 778
f 1229 168 1203
f 1004 1727 1728
f 139 1270 1593
f 1075 177 147
f 1432 1732 562
f 686 1173 1061
f 192 1239 2063
f 1992 2000 1275
f 1352 234 414
f 500 1188 180
f 1006 1275 2000
f 1235 248 1745
f 430 248 1235
f 433 473 1074
f 312 271 256
f 1239 1971 1747
f 573 571 955
f 2107 190 726
f 790 1442 237
f 272 585 263
f 1726 1243 1757
f 413 1123 964
f 259 1355 413
f 201 500 495
f 424 1361 291
f 425 1584 1361
f 1363 806 805
f 973 1417 356
f 597 978 600
f 337 806 978
f 976 1087 1776
f 705 703 1480
f 485 482 363
f 1359 75 923
f 1087 809 509
f 75 117 923
f 365 501 262
f 1183 1184 469
f 602 1407 1560
f 1560 815 603
f 283 1636 1927
f 1064 1910 1578
f 718 283 702
f 360 305 1459
f 1946 1800 1546
f 1914 1218 1985
f 384 376 385
f 1986 1786 1785
f 2197 1526 313
f 1526 2197 1213
f 1533 1399 300
f 457 1782 1608
f 686 1477 1065
f 2155 612 281
f 612 2155 405
f 1208 1605 406
f 613 456 1138
f 820 1138 614
f 617 1370 2037
f 1010 629 168
f 898 1009 1210
f 1366 1857 2196
f 1050 1680 245
f 442 392 1287
f 851 1859 1858
f 535 1311 873
f 1599 1806 1273
f 887 1542 1591
f 449 1590 227
f 2077 1775 2025
f 1588 2139 1190
f 478 870 546
f 834 835 1589
f 2078 1375 1350
f 626 442 629
f 392 1010 1551
f 1586 1587 1178
f 1806 1993 1376
f 1492 1062 2214
f 1062 1315 2214
f 1872 2001 623
f 630 2101 1377
f 1005 637 440
f 1798 1786 856
f 2049 765 2389
f 2389 765 1948
f 107 1428 539
f 862 1024 2080
f 1616 688 532
f 1616 532 589
f 2176 1830 866
f 1059 1903 1889
f 1059 694 1903
f 1059 621 816
f 868 309 468
f 2081 1839 859
f 1839 1832 1825
f 1845 1842 1154
f 1847 2257 188
f 2009 764 1163
f 1504 1164 1845
f 856 649 1798
f 1308 691 652
f 2138 1842 2143
f 666 489 669
f 1583 751 1959
f 1031 1850 1859
f 487 672 735
f 103 720 719
f 1388 1031 1859
f 862 1858 1024
f 1861 1037 1882
f 861 1161 1831
f 1714 2405 2415
f 1822 390 126
f 2012 1380 2017
f 1045 1406 1225
f 2080 1014 1377
f 2069 1283 2004
f 124 2080 2003
f 2021 1176 1013
f 96 1409 1
f 402 1470 1390
f 2145 1376 1993
f 15 6 1294
f 2145 1250 1777
f 1597 2099 640
f 640 1466 1597
f 440 418 1147
f 1564 875 1172
f 47 1325 1294
f 655 1835 1030
f 215 413 963
f 1374 832 1002
f 1198 895 1600
f 415 1272 1144
f 1597 1466 1800
f 2016 2010 1486
f 107 622 598
f 1875 673 714
f 1550 619 1204
f 610 1169 465
f 1002 1202 614
f 1711 912 1746
f 1898 631 871
f 783 693 1061
f 635 1873 696
f 694 1614 1903
f 1586 1178 869
f 472 604 544
f 901 621 1059
f 453 1491 814
f 1535 2040 1399
f 1006 630 1250
f 381 1066 379
f 1408 1350 1134
f 1927 1636 400
f 1329 1331 1979
f 1461 819 609
f 1305 901 240
f 170 876 1869
f 167 505 2094
f 1095 1955 1709
f 1491 496 1314
f 1378 2401 1172
f 1573 1634 1401
f 1556 1555 1884
f 1219 1098 924
f 1408 1134 1136
f 2107 1302 190
f 1879 2209 1476
f 319 1016 361
f 883 666 669
f 666 1530 489
f 1435 1436 112
f 1919 1658 1401
f 889 1271 405
f 1822 126 720
f 126 390 719
f 503 1473 993
f 264 1602 1001
f 1494 138 668
f 725 1057 1666
f 1930 1402 1925
f 1557 1155 1217
f 121 1195 122
f 1990 1795 1513
f 603 601 602
f 330 328 1529
f 603 602 1560
f 1048 661 1671
f 1660 734 516
f 734 1049 516
f 2115 1931 1044
f 898 891 297
f 1047 1298 1659
f 1359 1670 1669
f 978 597 1410
f 1410 597 517
f 1410 517 399
f 2189 1900 2119
f 1137 1367 996
f 87 1483 74
f 1725 556 551
f 1201 1321 1322
f 351 159 142
f 1034 1945 1033
f 1033 1945 1683
f 1969 1416 521
f 1963 1222 591
f 1325 47 1211
f 57 29 1086
f 1254 593 803
f 424 1417 973
f 593 1584 425
f 1694 2178 907
f 1451 1756 2452
f 903 40 748
f 2044 1836 1949
f 593 438 1584
f 1030 530 1093
f 359 63 1022
f 359 1022 745
f 55 53 320
f 1095 907 1818
f 1818 1419 1095
f 966 2130 1977
f 966 1977 303
f 628 907 1095
f 1288 1029 1706
f 82 1214 1765
f 2221 2220 957
f 1512 82 1765
f 2241 587 799
f 1780 2177 77
f 1453 1508 1509
f 956 284 960
f 233 291 288
f 2046 1330 60
f 2085 109 1096
f 566 176 940
f 946 2173 369
f 2173 946 2172
f 1973 780 395
f 975 939 199
f 310 1123 1349
f 412 1351 357
f 541 110 77
f 334 1099 1100
f 104 91 92
f 1445 1720 1719
f 1647 193 310
f 249 1445 1247
f 759 543 1331
f 930 1353 572
f 930 216 1353
f 1435 1516 767
f 1335 1965 123
f 1965 1335 763
f 132 125 545
f 1965 1224 123
f 1235 204 430
f 972 804 803
f 568 767 1612
f 983 935 1613
f 967 1268 336
f 1635 937 162
f 596 1363 969
f 778 155 156
f 778 156 766
f 2191 1707 1733
f 102 1721 159
f 2070 354 148
f 776 948 396
f 351 354 350
f 192 1224 1734
f 1105 946 368
f 371 279 133
f 1267 197 1729
f 558 169 929
f 1743 2245 2163
f 307 317 1358
f 396 1739 944
f 578 149 775
f 987 346 394
f 164 1104 779
f 578 766 149
f 166 554 934
f 1259 260 1344
f 763 1734 1965
f 779 2070 164
f 184 1635 545
f 1441 1751 231
f 924 1000 1433
f 211 780 340
f 395 780 211
f 780 212 235
f 353 261 260
f 2127 2067 1261
f 1971 1239 192
f 1236 1355 1947
f 788 269 246
f 1120 1744 760
f 234 231 1751
f 115 1222 104
f 574 268 266
f 770 2072 2450
f 276 793 574
f 259 260 261
f 358 1220 114
f 922 1328 1577
f 284 956 584
f 590 961 794
f 1770 2162 1252
f 369 308 367
f 368 1234 308
f 76 541 77
f 2065 2132 1981
f 2065 1981 1451
f 593 1254 2117
f 425 424 973
f 803 593 1256
f 71 1015 1017
f 72 82 1792
f 336 915 1455
f 1618 808 919
f 1441 760 1751
f 784 1434 1262
f 373 1781 314
f 1506 90 530
f 1348 1120 312
f 1260 603 1527
f 1816 2191 526
f 1457 811 504
f 536 1705 1799
f 603 1407 1527
f 382 327 499
f 1288 1706 913
f 1784 1916 326
f 1459 1630 360
f 1802 1988 1783
f 1984 1915 1606
f 320 52 76
f 1787 1987 2134
f 2134 1987 1617
f 1214 1954 1290
f 195 199 175
f 1615 1456 1545
f 48 43 52
f 1289 320 43
f 1424 299 301
f 690 61 2124
f 817 825 820
f 1946 1597 1800
f 2075 1787 2134
f 1368 300 294
f 899 47 1294
f 293 619 1424
f 1086 32 57
f 1991 823 632
f 2134 1398 1552
f 899 1089 1288
f 945 930 572
f 743 42 1683
f 1003 629 442
f 2076 1552 2009
f 1145 1147 218
f 1190 1465 2137
f 891 620 1005
f 440 1147 1145
f 2137 1854 1588
f 1772 1775 1803
f 933 137 550
f 481 875 146
f 890 6 15
f 1203 168 629
f 1998 2025 1775
f 1047 10 54
f 512 741 1409
f 582 156 932
f 1392 2208 1157
f 1392 1157 2009
f 1008 1378 1469
f 2069 1379 1811
f 937 932 155
f 638 1150 1012
f 14 739 1046
f 2091 1131 2090
f 1225 518 1045
f 1559 2007 2208
f 2208 2007 1157
f 1043 33 2151
f 1933 1299 1862
f 1672 1668 1045
f 1934 1677 660
f 2091 1830 120
f 1830 2005 120
f 2007 1559 846
f 181 185 216
f 128 762 930
f 216 930 762
f 1380 1823 2014
f 394 1103 582
f 1722 937 1645
f 1274 1438 1338
f 225 994 374
f 1285 2012 2017
f 1336 1276 926
f 522 511 2028
f 1943 1283 2069
f 2030 1864 1938
f 1335 123 1446
f 1658 2114 1674
f 758 1329 404
f 114 113 358
f 2149 1660 99
f 1655 2149 1302
f 1067 191 510
f 1316 1662 1650
f 1880 1864 1648
f 1864 1880 1926
f 186 1317 177
f 717 1926 1638
f 1652 1922 2370
f 2106 1555 1922
f 497 1560 601
f 2107 1918 1555
f 1746 111 1761
f 1024 1850 1031
f 1885 949 1634
f 1858 1850 1024
f 918 1909 1474
f 913 1328 71
f 910 323 1545
f 873 1623 1174
f 1474 1909 1901
f 1636 701 702
f 74 908 911
f 548 1480 476
f 78 55 76
f 711 704 697
f 1173 783 1061
f 769 2307 2275
f 635 753 606
f 1861 841 1037
f 820 614 1793
f 756 1053 1894
f 1607 1953 692
f 1953 1607 1956
f 1208 304 1604
f 2402 1693 1701
f 39 40 903
f 1596 1303 2098
f 642 1841 51
f 769 1900 1490
f 1495 1484 1887
f 1354 1204 619
f 188 1953 1484
f 619 252 830
f 1951 1494 1594
f 1900 1297 1610
f 1170 1901 691
f 477 471 1056
f 1303 1476 2098
f 589 604 435
f 816 577 581
f 604 472 605
f 1061 1072 1477
f 2211 448 309
f 2184 2187 1611
f 505 1177 1873
f 701 1636 498
f 483 1480 703
f 1906 1619 1622
f 2097 605 472
f 2214 433 1890
f 1579 1179 435
f 1179 2097 472
f 472 544 1179
f 874 2112 387
f 298 379 1066
f 1622 876 295
f 318 873 1063
f 1311 391 1307
f 708 1401 448
f 486 683 1072
f 400 283 680
f 878 1477 683
f 283 1927 680
f 927 1637 2185
f 1573 927 2185
f 496 1491 1186
f 240 322 880
f 2147 1186 480
f 1624 2147 480
f 2147 1624 1185
f 2105 1908 1404
f 719 390 257
f 1554 1637 717
f 1302 2107 1555
f 1922 1652 1644
f 1925 877 1572
f 881 1403 434
f 1638 1926 1880
f 1590 449 182
f 57 634 44
f 183 507 725
f 97 98 712
f 97 712 1027
f 98 1805 1055
f 321 153 154
f 135 729 1474
f 129 1073 108
f 1920 1406 1045
f 94 1121 167
f 1121 2212 167
f 1701 23 1790
f 101 103 728
f 1933 1665 1658
f 2212 1121 1318
f 1929 94 1402
f 715 379 298
f 221 222 633
f 2116 662 1662
f 1664 888 1864
f 837 875 481
f 1659 1298 1081
f 1924 1038 1175
f 120 2005 869
f 1128 1937 1301
f 96 1 1195
f 659 1677 1049
f 1939 86 1191
f 1199 1672 1581
f 1681 1679 1036
f 7 1040 8
f 325 1467 1255
f 19 7 8
f 257 535 349
f 648 1691 20
f 1848 525 2034
f 2153 2088 2154
f 28 2088 2153
f 1848 1686 897
f 1090 2179 2088
f 22 642 1835
f 1324 1679 23
f 36 31 38
f 903 1852 39
f 471 546 870
f 1460 1691 527
f 56 48 52
f 2047 1790 1502
f 1458 749 44
f 53 46 320
f 53 51 1460
f 1505 1025 58
f 71 68 913
f 909 74 1483
f 2156 1788 1779
f 95 1017 1097
f 64 69 761
f 1453 1509 914
f 2119 782 2189
f 1441 69 66
f 1428 76 539
f 639 1149 2021
f 123 1511 1426
f 1779 1755 1760
f 316 1721 102
f 2200 1769 112
f 62 1330 1343
f 2082 866 1014
f 2080 2082 1014
f 2217 1511 118
f 1511 123 118
f 136 1769 2200
f 218 182 449
f 1229 1203 819
f 113 1338 160
f 1569 1339 1330
f 1517 767 1516
f 132 1970 134
f 134 1970 2122
f 1821 2018 1277
f 118 123 1224
f 1587 2001 1013
f 1519 2018 1009
f 2018 1820 1009
f 374 945 225
f 837 1469 1378
f 1172 837 1378
f 924 1436 988
f 2148 1283 1585
f 155 932 156
f 575 937 155
f 143 422 144
f 1008 1469 481
f 144 1562 981
f 354 351 142
f 174 175 176
f 173 1393 1278
f 192 1734 189
f 1112 939 975
f 1343 206 410
f 210 162 1532
f 311 212 342
f 2025 1542 2077
f 1647 217 193
f 1741 1448 224
f 224 209 1741
f 820 1793 817
f 1969 1109 2205
f 236 206 197
f 1736 224 370
f 1793 991 817
f 1961 1237 1756
f 233 205 226
f 223 205 233
f 360 327 1260
f 1337 220 239
f 233 272 223
f 1337 1287 220
f 225 237 242
f 204 1235 1971
f 66 1493 760
f 1102 760 1493
f 1348 312 256
f 66 64 1481
f 585 1752 263
f 261 353 274
f 273 1262 579
f 252 619 1550
f 2067 2127 2449
f 2219 1728 1727
f 281 275 1003
f 279 552 959
f 2219 957 1702
f 2128 1770 2060
f 1534 1192 900
f 1371 2207 616
f 552 407 959
f 614 1202 1524
f 964 290 289
f 2040 406 1605
f 802 317 805
f 905 296 891
f 294 300 1133
f 1534 1789 1544
f 293 301 824
f 1800 1466 2175
f 798 586 1704
f 2386 2130 1980
f 805 317 306
f 171 1081 54
f 962 1122 1522
f 104 87 91
f 1425 338 291
f 1982 2136 1801
f 368 1444 366
f 368 369 367
f 340 552 371
f 203 1230 380
f 1507 1946 219
f 1773 1078 600
f 330 601 329
f 1802 1513 1795
f 1265 919 808
f 1802 1783 1513
f 501 1364 386
f 339 371 791
f 811 721 504
f 666 1531 1530
f 866 401 1819
f 757 1151 401
f 1390 401 866
f 866 402 1390
f 172 1819 401
f 1441 231 984
f 1441 984 761
f 1796 618 2438
f 999 405 1271
f 2155 889 405
f 2087 2396 2039
f 1368 1534 406
f 1536 408 407
f 353 148 102
f 353 1537 148
f 1270 2121 1593
f 1268 1593 2121
f 1262 1539 579
f 1544 1543 1915
f 910 1545 1543
f 549 1715 1357
f 963 413 289
f 1548 1222 1963
f 415 393 1272
f 1549 415 1550
f 1010 222 1551
f 1552 1524 1142
f 375 1067 2113
f 716 375 2113
f 2389 2335 64
f 1554 1638 1553
f 1093 1502 2089
f 1302 1556 1655
f 499 1557 382
f 445 824 834
f 1558 834 824
f 2005 417 869
f 417 872 869
f 1148 872 417
f 418 2023 838
f 419 1560 497
f 227 830 252
f 830 227 420
f 1156 1283 1943
f 422 1561 1562
f 1565 875 1563
f 1916 1784 1263
f 1566 613 820
f 2401 2412 2223
f 1983 37 423
f 1318 2103 2212
f 2375 738 1113
f 1860 700 641
f 934 982 1238
f 166 934 1238
f 107 2383 622
f 1242 2140 808
f 1265 808 2140
f 1330 1723 1569
f 2381 1022 1023
f 468 1886 464
f 1886 652 464
f 427 1570 1141
f 1989 1585 1558
f 452 2278 2256
f 474 1921 493
f 372 786 787
f 100 429 1863
f 2367 2282 2355
f 2232 1382 2190
f 1649 1497 1574
f 2319 855 2235
f 2363 2366 2371
f 2016 2349 2313
f 540 2191 1733
f 2059 965 1253
f 2061 521 2195
f 432 2135 921
f 1284 1798 2318
f 2284 2242 2007
f 1847 2263 2260
f 1088 1687 1227
f 287 849 1578
f 1069 2110 1187
f 2062 941 576
f 1045 518 1672
f 437 886 1581
f 1582 1043 2151
f 1870 1043 1582
f 667 1043 1870
f 927 599 1633
f 1361 438 288
f 1361 1584 438
f 439 970 315
f 315 337 439
f 324 439 1226
f 514 1183 469
f 2027 1601 1475
f 341 532 495
f 493 502 599
f 529 688 379
f 1174 1623 1891
f 1890 433 258
f 816 1068 577
f 2209 2210 1905
f 1553 1888 1554
f 1240 579 1231
f 1888 1634 1573
f 494 1912 265
f 2340 1166 2095
f 1027 712 484
f 1636 1027 484
f 214 1576 733
f 1902 2210 1893
f 1646 1497 1649
f 33 667 1877
f 1035 121 1403
f 1070 81 1316
f 1048 494 1189
f 437 97 881
f 731 1817 2378
f 1862 1044 1931
f 1040 2338 8
f 1225 894 518
f 553 2259 2271
f 2029 2378 2035
f 1471 180 743
f 2153 2154 1498
f 1414 18 741
f 1471 743 1464
f 1911 43 320
f 1841 20 1691
f 28 18 1503
f 2362 46 26
f 2089 1502 1853
f 1160 850 1039
f 1846 1697 1085
f 354 270 274
f 911 36 38
f 2246 2400 2390
f 1025 1807 2246
f 526 2191 1029
f 59 2377 1723
f 1693 2402 1794
f 1160 1039 1968
f 90 608 530
f 1022 63 1023
f 2409 1790 2047
f 994 1610 1455
f 1858 1479 2201
f 374 336 1268
f 598 541 107
f 1343 1330 1000
f 1163 2263 2295
f 241 2280 2238
f 2123 1018 1760
f 2118 2190 2261
f 588 1645 184
f 160 187 113
f 967 336 1732
f 2428 2416 1967
f 1279 1967 2416
f 312 2384 793
f 2384 312 2385
f 312 1120 2385
f 2170 2308 2292
f 2421 2435 2248
f 2074 2434 2072
f 571 145 1116
f 1332 559 574
f 574 793 1332
f 984 231 232
f 2434 2418 2072
f 1443 971 224
f 1833 1834 2387
f 248 1443 785
f 1745 368 367
f 1695 249 1247
f 1704 1700 1972
f 1523 266 1423
f 2052 2127 590
f 1068 816 2112
f 950 531 256
f 557 775 152
f 2064 1978 2450
f 2064 2174 1978
f 2276 2282 2346
f 515 302 1421
f 2162 1416 2205
f 2301 2357 2013
f 2132 1678 979
f 1415 521 1416
f 1413 509 807
f 923 942 2071
f 2359 1996 2230
f 1546 67 219
f 2259 645 1466
f 30 365 262
f 2315 2259 1466
f 386 504 37
f 200 389 810
f 721 1513 423
f 812 389 200
f 497 601 330
f 382 1557 1642
f 158 928 163
f 1628 1132 1987
f 2342 2176 2327
f 1916 1263 2073
f 911 38 2381
f 1843 1384 1772
f 2224 1133 300
f 1566 456 613
f 1550 282 905
f 695 532 688
f 1990 2081 859
f 1204 282 1550
f 1269 2438 451
f 1284 2148 1785
f 1164 1842 1845
f 2176 2008 1831
f 2424 2192 1198
f 833 1194 450
f 2395 2392 618
f 446 1590 1281
f 1814 1229 1592
f 1275 1591 1992
f 2407 2355 2024
f 421 1293 454
f 1994 839 640
f 640 2079 1994
f 2395 2410 1282
f 859 1837 2006
f 1293 1156 1943
f 1293 1943 1811
f 1293 421 1589
f 1587 623 2001
f 839 646 2365
f 1588 2227 2139
f 1795 2006 1802
f 2009 1163 2076
f 556 582 551
f 2038 2390 897
f 863 2013 2357
f 1284 2318 2004
f 215 1518 184
f 643 2015 1998
f 1020 1998 2299
f 2299 1998 2002
f 1382 1772 1384
f 1379 2069 2019
f 2282 2367 2346
f 1285 2017 2146
f 2391 1515 143
f 1277 1824 1821
f 1014 173 1278
f 843 2341 1479
f 1992 1542 1999
f 2025 1999 1542
f 1375 1812 1465
f 2190 1382 1861
f 1591 1542 1992
f 2079 1391 1190
f 1465 1812 2137
f 1846 1034 1692
f 451 2392 2391
f 2256 2213 2293
f 1140 1814 457
f 2198 2201 1479
f 2412 2410 2395
f 2213 2202 2262
f 1352 1613 935
f 1386 2142 845
f 454 1293 293
f 2042 2068 2233
f 1281 823 446
f 1549 1372 627
f 1271 1461 999
f 1003 275 1271
f 2190 1861 2261
f 1058 452 2256
f 891 1005 428
f 898 1141 1009
f 2257 2281 188
f 1595 1594 1152
f 2141 1878 2285
f 450 1408 1369
f 1605 995 2040
f 1968 2290 2068
f 1159 1041 665
f 1816 526 2092
f 2289 594 733
f 281 996 1367
f 995 2441 2224
f 1292 1601 1856
f 1856 1601 452
f 2368 1797 2443
f 1208 406 304
f 1462 1134 2037
f 764 594 1596
f 1381 1827 1380
f 2289 733 2297
f 420 227 421
f 2197 1207 1264
f 2433 2367 2133
f 2235 2261 2313
f 588 762 1722
f 1365 2444 2441
f 990 2159 891
f 2010 2313 1882
f 1615 1545 323
f 990 1217 2159
f 1487 2273 1152
f 2288 773 2323
f 1631 607 1472
f 690 2319 61
f 2333 2231 2300
f 1457 504 1809
f 2316 1166 2340
f 106 125 1431
f 1078 919 80
f 867 80 919
f 421 227 446
f 919 1265 867
f 1078 1618 919
f 2316 2352 2321
f 2286 1489 1876
f 1487 1875 1489
f 1242 808 1801
f 682 621 714
f 2333 462 1170
f 2125 977 974
f 2011 1129 1454
f 595 333 1840
f 2071 528 592
f 2343 2020 689
f 2329 732 461
f 111 1101 759
f 424 425 1361
f 714 901 1305
f 714 621 901
f 1904 2337 2184
f 2200 112 922
f 471 384 610
f 687 700 1860
f 706 1313 397
f 2363 2345 2366
f 1307 1169 1311
f 1873 492 455
f 2211 494 448
f 2211 319 494
f 178 699 688
f 1909 548 774
f 874 1068 2112
f 2449 2065 1451
f 154 153 916
f 2129 2222 1980
f 1625 1491 1314
f 385 686 1624
f 178 688 2100
f 2182 1904 2184
f 1314 434 1625
f 87 2084 91
f 1883 1650 1619
f 1621 1619 1650
f 1621 1650 662
f 1184 1183 1643
f 1253 1234 2386
f 2350 1181 8
f 1476 2020 1879
f 2109 1879 2020
f 2343 2109 2020
f 2131 2442 2445
f 1573 1401 1572
f 23 1681 1502
f 191 375 298
f 502 1663 1633
f 669 488 1578
f 724 727 731
f 1252 2060 1770
f 2442 2269 2435
f 1578 1656 669
f 1191 677 1530
f 1440 1977 789
f 1405 883 718
f 1531 883 1405
f 1251 2128 2062
f 288 272 233
f 1080 725 1666
f 666 883 1531
f 1925 1868 1930
f 1712 268 372
f 1197 1868 1931
f 19 8 1181
f 372 787 1712
f 1675 1676 516
f 516 1582 2151
f 656 1672 518
f 965 1239 1747
f 1973 342 780
f 1471 1464 1070
f 1867 1080 650
f 2371 2381 2144
f 2374 1923 2336
f 650 2035 2378
f 1082 1320 654
f 799 1440 431
f 2434 2435 2448
f 1683 1945 1464
f 2152 2154 2179
f 1911 46 2362
f 789 953 1440
f 1117 982 554
f 1503 18 17
f 1325 1688 1294
f 564 1520 952
f 897 2393 2087
f 311 254 211
f 42 2398 1033
f 2393 906 2086
f 2400 906 2394
f 23 1502 1790
f 2399 42 749
f 478 1897 711
f 1693 1950 1833
f 212 311 211
f 1952 2399 749
f 1326 906 1807
f 1807 1505 1326
f 53 527 46
f 63 1026 536
f 343 202 352
f 2372 336 1501
f 15 1294 1688
f 2120 2405 1765
f 1120 1102 2344
f 1816 1707 2191
f 336 1455 1501
f 1610 1501 1455
f 247 253 142
f 2399 1759 2398
f 512 1412 1414
f 582 556 1110
f 987 394 137
f 562 2373 1111
f 1343 1000 1729
f 1746 1096 1333
f 763 1703 1966
f 2204 1714 2415
f 1453 2423 2411
f 551 163 928
f 148 316 2070
f 1431 125 2070
f 1101 543 759
f 162 545 1635
f 551 928 1725
f 1100 374 1268
f 2123 1252 1018
f 1346 567 2426
f 941 1754 1740
f 706 416 462
f 1725 141 209
f 152 986 557
f 2426 223 1346
f 2426 1743 223
f 209 971 556
f 203 380 189
f 114 1336 113
f 2085 765 109
f 2428 1967 1730
f 195 975 199
f 567 1347 1740
f 565 1736 370
f 217 1647 181
f 1736 565 1114
f 2165 1742 952
f 112 1769 1435
f 781 564 1719
f 1353 216 185
f 116 1109 1726
f 953 1114 1440
f 952 1742 249
f 1447 781 1967
f 1109 1972 1243
f 1540 206 236
f 1235 1745 1747
f 2070 316 1431
f 537 784 273
f 2062 2439 1251
f 789 1977 2386
f 410 273 579
f 1234 1253 308
f 2162 2164 1252
f 407 269 1536
f 268 1423 266
f 672 520 735
f 1450 2058 1242
f 586 1700 1704
f 2171 587 2241
f 1700 587 2171
f 1695 1246 1358
f 1125 1249 950
f 2450 1978 2206
f 2247 1698 2169
f 1684 331 1975
f 336 374 334
f 2446 974 1241
f 590 596 2052
f 596 590 1363
f 2135 2167 1127
f 2451 2317 2194
f 2402 1791 2416
f 2402 2416 1960
f 782 1964 2189
f 528 302 592
f 1358 802 337
f 1508 2421 2408
f 2061 2195 2126
f 595 1770 972
f 1711 1708 1780
f 302 1670 592
f 597 600 517
f 2161 1223 513
f 1840 1087 976
f 79 73 83
f 509 1528 807
f 1764 600 1078
f 1413 151 509
f 67 1430 45
f 1984 1606 255
f 65 82 72
f 911 2381 1023
f 1783 1782 1983
f 1525 1808 2175
f 1418 1018 1707
f 1018 1418 2404
f 1946 1749 1568
f 914 1420 1505
f 1959 751 754
f 165 135 130
f 2364 2183 2216
f 1797 1485 2376
f 1264 817 1213
f 1373 1369 1408
f 536 1396 1211
f 876 1499 672
f 856 1786 1787
f 1796 1797 2364
f 1807 1025 1505
f 2441 2364 1914
f 614 1524 1793
f 746 1948 1096
f 1054 706 462
f 1568 819 1946
f 1570 1550 905
f 645 1525 2175
f 61 59 62
f 450 1194 1408
f 827 1140 1462
f 1140 457 1462
f 2429 2075 2351
f 1524 1552 1398
f 1196 833 1373
f 1306 1192 2077
f 2396 1818 2178
f 2223 2417 1376
f 451 144 2406
f 625 1193 443
f 1519 1009 627
f 441 1232 1597
f 1836 1834 1949
f 2099 1391 2079
f 2099 1232 1391
f 1810 1194 1196
f 2069 1811 1943
f 172 401 1393
f 479 1377 1007
f 1283 2148 1284
f 1999 124 1992
f 1090 2246 2390
f 981 364 639
f 839 2365 2369
f 1011 1285 1810
f 1825 1824 1823
f 1559 1386 846
f 1823 1380 1827
f 1024 2356 1167
f 2176 1167 1383
f 191 1067 375
f 1958 2337 1904
f 1839 1827 1381
f 1379 1286 644
f 2076 1163 2295
f 34 35 744
f 1588 2249 2227
f 1848 2087 525
f 1852 1032 1201
f 2036 1833 2387
f 1383 2327 2176
f 3 2092 526
f 2358 2293 2262
f 1464 1945 1034
f 2299 651 1020
f 653 2301 2013
f 2342 2327 2008
f 243 2236 2252
f 409 12 1941
f 2280 2327 2238
f 1816 2092 1928
f 2371 1022 2381
f 2371 745 1022
f 722 2384 2323
f 2349 2381 38
f 2335 2389 2298
f 2379 1084 2366
f 7 1323 737
f 1936 2154 2152
f 1080 1936 2152
f 1082 654 2116
f 321 519 890
f 2228 2250 850
f 740 743 1071
f 1758 2268 2230
f 2263 2267 2260
f 1862 888 1044
f 2229 2270 1758
f 2267 2263 1387
f 662 2116 1574
f 1863 429 1300
f 93 1227 98
f 1657 1080 1867
f 801 1292 822
f 81 2116 1316
f 2028 1035 1656
f 1935 2114 1919
f 2294 2285 2291
f 2096 2095 1166
f 800 831 267
f 1040 7 737
f 135 165 729
f 1389 2288 2237
f 1292 801 858
f 1296 855 2266
f 1387 2304 2267
f 108 728 1404
f 773 1389 1680
f 1713 188 1484
f 2180 2320 2291
f 2109 2343 1948
f 1069 2031 2102
f 2031 2188 2102
f 725 659 183
f 1318 675 2103
f 931 1075 280
f 1162 2324 1958
f 1639 130 462
f 506 678 687
f 130 135 462
f 1170 462 135
f 2379 2366 2345
f 131 703 165
f 1913 1897 1056
f 2287 2325 1041
f 2098 2332 2304
f 1641 103 719
f 2337 1958 2324
f 495 1917 341
f 2180 1896 2320
f 2182 2016 1904
f 2334 1902 2312
f 2335 831 2244
f 1917 1883 435
f 462 2329 461
f 462 2333 2329
f 1902 692 1953
f 1905 1902 2334
f 238 853 460
f 2320 1896 2187
f 1036 27 11
f 871 286 1898
f 1622 1619 1621
f 1170 1308 2231
f 713 992 258
f 480 610 384
f 1956 1893 2362
f 1611 2144 2184
f 692 1902 1893
f 1476 2209 2098
f 1173 376 870
f 138 1308 652
f 455 696 1873
f 594 663 733
f 1913 1475 858
f 1653 2203 1487
f 1487 2203 1875
f 483 397 1313
f 1051 1876 2096
f 179 1489 699
f 1907 493 1865
f 714 1489 1875
f 1311 535 257
f 1312 1060 287
f 448 1401 309
f 712 826 484
f 658 621 682
f 1909 918 705
f 447 1016 476
f 529 379 715
f 927 1633 717
f 488 681 680
f 1912 494 879
f 716 715 375
f 138 1494 1308
f 698 1912 659
f 659 725 698
f 1313 698 725
f 1313 725 1849
f 722 2323 773
f 2010 2016 2313
f 662 1497 1646
f 1925 1402 877
f 238 713 258
f 258 992 186
f 993 727 1921
f 1091 2325 2150
f 507 506 687
f 1316 500 1070
f 1401 1658 1572
f 494 660 879
f 718 1927 1405
f 1633 1663 717
f 1184 1871 1935
f 686 1065 1185
f 692 1893 1607
f 882 2026 1931
f 1666 1661 1080
f 2111 2029 1188
f 81 1082 2116
f 81 1070 1042
f 1581 886 1199
f 1200 2095 54
f 1121 740 736
f 1490 2240 2322
f 2321 2352 1175
f 2316 2340 2352
f 10 1200 54
f 1038 1083 519
f 2388 2377 2349
f 1498 1 2153
f 2314 2323 2384
f 2314 2384 2385
f 2344 2314 2385
f 2035 523 2029
f 1942 1816 1928
f 1320 1085 654
f 1085 896 654
f 1844 742 896
f 704 466 783
f 2244 1481 64
f 2335 2244 64
f 1084 35 748
f 1896 2180 1894
f 2235 59 2319
f 51 1841 1460
f 2400 2394 2390
f 1949 1833 1950
f 1116 1923 1710
f 452 2027 2329
f 2399 2398 42
f 452 1601 2027
f 1804 1211 47
f 1681 1036 2110
f 1788 1697 1696
f 1788 2156 1697
f 2045 1095 1419
f 77 78 76
f 107 539 2383
f 608 2409 1093
f 1510 1804 79
f 538 2361 1964
f 1711 1761 1422
f 2399 1215 2413
f 1902 1953 2312
f 1050 2336 1923
f 1279 2416 1791
f 2296 2338 2326
f 1583 1959 770
f 2279 2326 2325
f 1453 1961 2423
f 1714 2204 2427
f 2409 1727 1004
f 244 1610 994
f 1548 1723 2377
f 1270 1517 394
f 2345 1053 756
f 635 606 1873
f 142 311 2374
f 311 1710 2374
f 1332 793 2157
f 1748 1967 1279
f 2300 2231 821
f 207 1111 2373
f 2440 1735 920
f 575 560 1532
f 1750 771 205
f 447 483 1313
f 2209 1905 2334
f 1124 1448 1735
f 2055 249 1742
f 1956 2350 2296
f 1249 1117 1966
f 2431 2430 1756
f 1039 1094 2290
f 2447 1737 1724
f 2447 1748 1737
f 1726 2440 1733
f 1488 1297 851
f 2059 1239 965
f 2205 2164 2162
f 1239 2221 2063
f 285 555 958
f 962 958 555
f 1973 1122 955
f 256 271 1248
f 1125 1238 982
f 1117 1125 982
f 1240 1357 1715
f 2435 2451 2448
f 2237 2323 2314
f 2323 2237 2288
f 2291 2324 1162
f 1125 950 1238
f 2098 2304 1387
f 2431 1756 2445
f 686 376 1173
f 586 1976 587
f 2129 1690 2140
f 2269 2317 2451
f 1672 1199 2032
f 1771 1447 1982
f 2071 2135 1127
f 1981 2215 2131
f 2071 921 2135
f 972 803 332
f 356 1256 973
f 2316 2233 2068
f 513 1411 2125
f 600 1771 1773
f 1928 1574 1942
f 1078 151 979
f 980 329 811
f 1628 1781 373
f 1642 1210 1603
f 2093 1187 1036
f 1079 581 631
f 419 497 2376
f 2444 1365 1133
f 610 453 813
f 2368 1263 1784
f 2441 1914 1365
f 1793 2160 991
f 1534 1452 1789
f 1134 1462 1135
f 612 999 1461
f 2155 281 1367
f 2368 2443 1263
f 2441 2444 2224
f 2275 2303 2277
f 1567 2437 1206
f 996 617 1465
f 1011 1995 1608
f 1795 2226 2006
f 632 891 1991
f 1002 456 1206
f 1350 1465 617
f 688 696 695
f 833 827 1373
f 1293 2138 1354
f 1293 1354 293
f 2420 2199 1374
f 143 144 451
f 1600 1806 2417
f 1614 694 1079
f 1565 1394 1376
f 1005 440 1272
f 417 1392 1148
f 633 168 836
f 1999 1998 2015
f 1007 1014 1278
f 856 1787 2353
f 1681 2110 2108
f 2391 2392 1171
f 757 1171 1151
f 2279 2287 2264
f 1820 2018 1832
f 2287 1159 2264
f 855 685 426
f 840 417 2005
f 2006 1285 1802
f 1828 1829 1823
f 2267 2281 2257
f 2228 2286 2250
f 1997 2255 1996
f 644 2255 1997
f 2330 2284 2007
f 2142 2083 2236
f 466 704 864
f 651 643 1020
f 2254 2275 241
f 1838 2355 1843
f 2356 2292 2308
f 2042 1160 1968
f 24 2236 2083
f 1382 1384 1861
f 847 553 664
f 1301 41 1128
f 651 1385 426
f 426 653 651
f 1286 1429 1159
f 1197 1663 1930
f 848 2262 2202
f 1663 1863 1930
f 1758 2230 2229
f 2259 553 645
f 1058 1504 1856
f 2170 2254 241
f 2066 2271 2259
f 764 1387 1163
f 1163 1387 2263
f 2293 1829 1828
f 2268 801 822
f 2225 2253 653
f 2180 1878 664
f 2008 2176 2342
f 1181 2362 1310
f 1181 1310 50
f 1162 852 2294
f 1039 2250 1051
f 2297 1576 2298
f 1656 2093 21
f 2306 444 2268
f 2213 2262 2293
f 841 1384 1843
f 2260 2257 1847
f 241 2238 2170
f 852 841 1843
f 1843 2282 852
f 2019 1286 1379
f 2316 2234 2233
f 2234 2321 2309
f 2004 2264 2019
f 2306 1897 444
f 665 1165 2258
f 756 553 2309
f 2331 2272 2274
f 2280 245 2008
f 2068 1166 2316
f 553 756 755
f 2310 685 1092
f 2311 2310 2339
f 1037 1486 2010
f 2297 689 2289
f 747 2252 2236
f 653 2013 865
f 594 689 1303
f 865 651 653
f 687 1174 1891
f 696 699 635
f 2361 2240 1490
f 709 2348 2022
f 2243 2186 2318
f 1073 641 461
f 1181 2350 2362
f 2263 1847 2353
f 1073 461 732
f 435 1616 589
f 455 695 696
f 2020 1476 1303
f 1815 1927 701
f 502 1633 599
f 1492 1890 280
f 2142 2236 243
f 135 1901 1170
f 1182 677 684
f 1812 844 1854
f 1854 1152 1588
f 1016 447 1400
f 2314 2252 747
f 491 298 295
f 2144 2349 2016
f 1027 1636 718
f 1926 717 1664
f 2113 178 716
f 480 1186 1491
f 1864 1926 1664
f 884 101 108
f 488 680 718
f 1656 21 2028
f 1863 502 100
f 1663 502 1863
f 881 886 437
f 1200 2352 2095
f 740 1071 208
f 1300 1929 1930
f 1930 1863 1300
f 886 1660 1676
f 2032 1675 2151
f 11 21 1036
f 656 437 1581
f 1531 1040 737
f 2 1944 1255
f 650 2378 1867
f 2263 2353 2351
f 1502 1681 2108
f 2108 1853 1502
f 1685 739 523
f 1855 1225 17
f 1942 742 1844
f 1844 1816 1942
f 1851 2034 2035
f 654 896 742
f 1046 739 1077
f 529 715 716
f 39 1852 15
f 1837 859 1839
f 29 1209 740
f 1834 1205 2382
f 1710 1923 2374
f 897 2087 1848
f 1032 1852 903
f 1842 1164 1828
f 2036 1693 1833
f 1697 1846 1692
f 840 2005 1830
f 1024 2082 2080
f 1957 1949 1950
f 43 539 76
f 2076 2295 2075
f 2295 2351 2075
f 2021 1013 639
f 1708 1422 1766
f 1420 914 1509
f 1420 1509 2045
f 719 720 126
f 2156 1779 1418
f 2395 1151 2392
f 2395 638 1151
f 2023 637 1158
f 72 1792 914
f 1955 1509 1709
f 1023 2084 911
f 336 2372 1732
f 837 481 1469
f 834 1589 421
f 2404 1779 1760
f 1010 633 222
f 364 981 1561
f 207 1092 690
f 1993 1591 2145
f 2248 2074 1709
f 2409 608 1727
f 1759 2413 567
f 925 1101 1333
f 2022 1405 1815
f 989 1583 770
f 883 669 718
f 136 141 140
f 140 141 928
f 2346 2367 2433
f 1338 1438 174
f 1210 1820 1603
f 1229 819 1592
f 772 854 267
f 207 2373 1092
f 920 1735 1514
f 443 1193 1142
f 2050 1760 1755
f 1872 624 1001
f 1755 1759 567
f 985 1548 1963
f 348 932 937
f 175 939 940
f 936 2074 2072
f 941 1740 771
f 1115 2440 920
f 765 2049 1629
f 1737 1748 777
f 1817 1473 1867
f 1726 1707 116
f 1111 410 943
f 768 559 571
f 559 372 268
f 1541 1395 1306
f 1395 1192 1306
f 2063 2221 1224
f 2056 1742 2067
f 998 2412 618
f 1946 441 1597
f 259 215 260
f 1202 1002 377
f 1593 1268 549
f 1803 1534 2043
f 2407 1803 2043
f 2442 2435 2445
f 2067 1451 2056
f 444 1897 1913
f 2241 1448 2171
f 246 269 407
f 1207 2437 1567
f 1207 2197 2438
f 2061 1704 1972
f 1194 1350 1408
f 2438 2197 2443
f 2206 2166 1974
f 2435 2269 2451
f 590 2127 961
f 1946 819 441
f 2127 2052 2449
f 1241 1774 1978
f 2310 1092 2347
f 2159 1989 1991
f 690 1092 685
f 17 16 1687
f 1544 1233 2043
f 1670 923 592
f 1544 1915 1233
f 13 20 1841
f 1454 1774 1257
f 1257 1130 509
f 1454 1257 509
f 1454 809 2011
f 867 432 117
f 1472 2159 1155
f 326 1472 1155
f 1987 1787 1986
f 1783 423 1513
f 1334 314 490
f 2343 2297 2298
f 812 607 1631
f 1557 1217 2168
f 373 1627 1132
f 389 326 1916
f 46 527 26
f 1631 389 812
f 990 2158 1217
f 1609 382 1642
f 1795 1990 2226
f 1782 457 1568
f 1430 1984 255
f 2433 2133 1366
f 910 1789 1452
f 30 818 365
f 819 2155 1367
f 1991 1989 1558
f 736 208 1813
f 513 151 1411
f 995 2224 1399
f 1669 1776 1087
f 2438 1797 1796
f 2140 1690 1265
f 1192 1395 997
f 1241 1528 1130
f 2425 2437 2436
f 1605 1604 2192
f 1785 2148 1585
f 1840 333 2011
f 1269 2425 2436
f 1223 2161 2132
f 2412 2395 618
f 973 1256 425
f 1226 978 324
f 1129 1774 1454
f 2367 2355 2407
f 1415 1416 2162
f 1203 1003 889
f 1591 1599 887
f 1578 2188 1656
f 1141 230 1009
f 1814 1592 457
f 627 1009 230
f 1203 629 1003
f 1148 1193 625
f 2417 1806 1376
f 2375 1113 1881
f 2001 1872 2199
f 1146 422 143
f 640 2099 2079
f 144 981 2406
f 2406 981 1013
f 1828 1824 2143
f 638 1012 1393
f 2129 1980 2167
f 638 2395 1282
f 2391 1171 1515
f 2445 1756 2131
f 2247 2169 2174
f 2205 1416 1969
f 798 1704 2126
f 2053 1763 2446
f 2142 1386 1826
f 840 1161 2083
f 2355 1838 2024
f 1523 584 954
f 285 339 791
f 285 1122 1973
f 1857 1716 2196
f 2356 2360 2328
f 1423 268 1712
f 1248 946 1238
f 308 1253 366
f 1024 1031 2360
f 2301 2341 2357
f 191 171 510
f 2230 822 1154
f 2359 2230 1154
f 733 2242 214
f 1164 2293 1828
f 1123 413 1236
f 651 2299 1385
f 1346 223 272
f 1712 787 187
f 243 772 845
f 1961 1756 2430
f 565 431 1114
f 1077 1071 180
f 426 2225 653
f 781 1719 1967
f 1520 1521 2165
f 772 243 2252
f 68 79 47
f 2165 1521 1261
f 1110 556 971
f 1159 665 644
f 782 1349 1964
f 174 986 975
f 443 624 623
f 1878 1716 664
f 1754 2050 1740
f 994 242 244
f 225 242 994
f 769 2275 2254
f 2212 1180 167
f 2268 1758 2306
f 543 1101 1699
f 1137 275 281
f 2296 2279 2243
f 1101 925 1699
f 184 1518 588
f 1252 116 1018
f 2271 2234 2309
f 2287 2279 2325
f 2281 2312 1953
f 2404 1760 1018
f 115 95 1547
f 109 1333 1096
f 2302 452 2329
f 851 2331 1488
f 1017 1219 1097
f 594 1303 1596
f 2258 1165 2348
f 772 2252 2344
f 2314 2344 2252
f 2408 2414 1509
f 1765 2405 1714
f 1488 2331 2354
f 858 444 1913
f 820 613 1138
f 2345 2321 1175
f 1904 1486 1958
f 2322 2240 2336
f 1714 1512 1765
f 714 1305 1489
f 850 1160 646
f 1093 2409 2047
f 1896 1611 2187
f 1791 2402 1701
f 1327 82 65
f 1420 2045 1326
f 229 2345 1175
f 2338 1040 2326
f 2326 1040 2325
f 1311 1169 1063
f 493 599 1865
f 68 899 1288
f 1913 1822 1475
f 2403 1290 1019
f 684 1910 1064
f 993 474 1062
f 2104 1177 505
f 1636 484 498
f 470 817 991
f 1483 2388 38
f 911 909 1483
f 1403 1063 1899
f 1622 1621 1869
f 1641 349 2105
f 400 680 681
f 1185 1624 686
f 1644 687 678
f 298 375 715
f 677 676 1640
f 2352 2340 2095
f 2349 2377 2235
f 59 2235 2377
f 2016 2182 2144
f 1640 676 2108
f 1925 1572 882
f 2264 2318 2186
f 2 100 201
f 1418 1844 896
f 1874 731 727
f 1219 1015 1098
f 1318 1813 675
f 1209 44 42
f 1035 1195 121
f 510 54 1067
f 2039 2178 1694
f 1319 1191 1530
f 502 493 500
f 1817 1867 2378
f 815 1407 603
f 917 1778 328
f 1088 1227 93
f 738 2375 1805
f 17 750 1503
f 2394 2393 897
f 429 89 1467
f 655 893 5
f 1200 1038 2033
f 2152 650 1080
f 1948 2343 2389
f 2298 2389 2343
f 2109 1948 622
f 1323 1682 1939
f 2366 1084 748
f 10 1083 1038
f 622 2383 2109
f 37 1568 1749
f 3 1089 6
f 2036 27 1324
f 1034 1846 1042
f 2152 1851 650
f 1115 920 922
f 2382 1205 21
f 1102 1493 2344
f 743 740 1209
f 1205 522 21
f 39 1325 745
f 748 745 2366
f 897 2390 2394
f 750 1687 1088
f 598 110 541
f 2393 2396 2087
f 2039 2396 2178
f 1697 2156 1085
f 2383 539 43
f 1682 1323 7
f 907 628 634
f 1458 754 749
f 749 754 751
f 716 178 529
f 10 1038 1200
f 2373 2372 2339
f 2347 1092 2373
f 752 1506 530
f 1326 1505 1420
f 972 332 595
f 893 655 1853
f 2210 2109 2383
f 2366 745 2371
f 1779 2404 1418
f 142 2374 1216
f 2403 1019 2405
f 1019 2415 2405
f 2372 2373 562
f 562 1732 2372
f 538 1964 1721
f 64 761 88
f 11 2382 21
f 1755 1779 1788
f 522 2028 21
f 1790 1004 1279
f 2022 2348 1405
f 1333 1101 111
f 2151 1675 516
f 1500 1937 1671
f 2426 2413 1215
f 1 1498 1195
f 145 1718 1116
f 1299 1673 1938
f 394 1427 1270
f 1722 119 937
f 164 2070 125
f 2093 1036 21
f 122 671 1623
f 888 1862 1938
f 736 740 208
f 1891 1623 671
f 884 732 2329
f 1436 1108 197
f 2423 2430 2431
f 1961 2430 2423
f 1935 1871 41
f 2248 2435 2434
f 125 353 1259
f 545 125 1259
f 583 1548 985
f 1731 1720 2204
f 924 1098 1436
f 2378 2111 731
f 54 2095 2113
f 2113 1067 54
f 971 1575 1110
f 1104 279 2057
f 768 573 1341
f 2164 2205 1109
f 1947 1721 1349
f 572 237 945
f 1866 33 1877
f 1443 1575 971
f 1575 248 1228
f 2440 1115 1733
f 668 147 177
f 1656 1035 669
f 506 734 678
f 949 1648 2030
f 1935 1919 1184
f 2452 1237 2056
f 1744 1120 1118
f 246 407 395
f 1118 531 1744
f 438 1752 585
f 272 288 585
f 585 288 438
f 720 1475 1822
f 1073 129 251
f 799 1977 1440
f 531 533 1744
f 950 533 531
f 2053 1241 1978
f 1977 799 303
f 302 528 303
f 201 502 500
f 2059 1253 2386
f 1646 1621 662
f 798 515 1421
f 2442 2131 2269
f 496 1918 726
f 1869 876 1622
f 2052 596 1678
f 712 486 1072
f 2132 979 1223
f 1840 976 521
f 494 319 1189
f 495 532 455
f 2071 942 921
f 151 513 1223
f 2105 349 860
f 1911 1893 2210
f 318 1623 873
f 678 1884 1644
f 501 1507 262
f 811 1609 721
f 1364 365 1218
f 1783 1983 423
f 1642 1557 2168
f 1457 1809 1218
f 1457 2183 811
f 1873 1177 492
f 251 1908 1860
f 429 100 89
f 1911 2362 1893
f 1072 683 1477
f 1986 1787 1786
f 2368 327 1630
f 1989 2159 607
f 701 2022 1815
f 1876 1489 179
f 849 1060 1064
f 313 2443 2197
f 1486 1904 2016
f 1914 2364 2216
f 2376 2364 1797
f 1408 1608 1373
f 1895 2363 1611
f 1534 900 304
f 898 297 427
f 1865 460 853
f 998 1796 2364
f 282 1372 611
f 1797 2438 2443
f 2175 1466 645
f 1605 2192 2432
f 673 2203 238
f 446 823 828
f 2412 998 2223
f 391 1913 1056
f 610 1304 471
f 1169 1307 465
f 699 696 688
f 710 1798 649
f 2112 816 658
f 1094 1051 2096
f 1094 2096 1166
f 2420 1002 2425
f 2199 2420 1269
f 960 1523 1717
f 471 1304 463
f 445 834 421
f 1001 2199 1872
f 1190 2137 1588
f 891 632 620
f 1232 1190 1391
f 1196 1194 833
f 1564 1172 1394
f 460 599 658
f 143 451 2391
f 1148 625 1892
f 1597 1232 2099
f 1814 836 1229
f 1468 1149 534
f 640 2369 1466
f 863 1999 2015
f 863 862 124
f 1073 251 641
f 2341 843 862
f 2009 1157 764
f 1184 708 1912
f 1996 2255 2229
f 1429 2019 2264
f 2098 2209 2332
f 2310 2347 2339
f 646 2139 850
f 2227 2228 2139
f 2328 2292 2356
f 643 651 865
f 1847 649 856
f 1812 848 844
f 848 2358 2262
f 2306 709 1897
f 1487 1489 2273
f 2280 2008 2327
f 554 166 948
f 390 391 257
f 2259 2315 2066
f 2292 2283 2170
f 245 2280 241
f 1887 1956 2296
f 2255 644 2258
f 2141 852 2282
f 861 1680 70
f 772 267 845
f 934 554 982
f 2229 2255 2270
f 2255 2258 2270
f 2258 2348 2270
f 2270 2348 709
f 821 844 848
f 1968 2068 2042
f 1031 1388 2170
f 1389 2236 70
f 2237 2236 1389
f 2139 2228 850
f 1179 341 1917
f 2118 2261 2181
f 2198 2272 2201
f 1878 2141 1716
f 245 2239 2277
f 2243 2279 2186
f 2316 2321 2234
f 2278 2202 2213
f 852 2285 2294
f 201 495 455
f 492 201 455
f 851 1297 1859
f 1050 1598 1680
f 2180 2285 1878
f 1601 1292 858
f 2278 2302 2333
f 747 2237 2314
f 788 1355 274
f 2310 2311 2253
f 1900 1859 1297
f 687 1644 514
f 1166 2068 2290
f 2010 1882 1037
f 2300 2278 2333
f 2289 689 594
f 2322 2336 2303
f 286 2094 1898
f 1488 1610 1297
f 2329 2333 2302
f 755 756 1894
f 2297 2343 689
f 826 712 1072
f 434 1403 1899
f 2231 2333 1170
f 1893 1956 1607
f 458 464 652
f 468 842 1886
f 2361 1490 2189
f 478 711 697
f 455 532 695
f 606 1898 505
f 927 387 599
f 652 1886 679
f 1063 1169 615
f 641 251 1860
f 686 1061 1477
f 322 1903 1305
f 435 1883 1619
f 2212 2103 2104
f 474 493 1907
f 708 265 1912
f 287 488 1312
f 1572 877 927
f 2287 1041 1159
f 1200 2033 2352
f 1175 2352 2033
f 842 468 1651
f 1651 503 842
f 59 61 2319
f 1165 1091 2150
f 949 2030 468
f 468 2030 1651
f 1920 1186 2147
f 1187 2031 1069
f 1040 2150 2325
f 1347 263 1752
f 1879 2109 2210
f 201 100 502
f 190 2149 99
f 86 677 1191
f 217 213 964
f 2381 2349 2144
f 1866 2032 33
f 1388 769 2254
f 1531 1165 2150
f 1931 2115 1197
f 1184 1912 469
f 2116 742 1574
f 1042 1320 1082
f 354 2070 779
f 14 2029 523
f 1936 1498 2154
f 1034 1042 1464
f 1851 2035 650
f 1401 949 468
f 1685 523 1086
f 523 2034 525
f 1940 2036 2387
f 1209 42 743
f 17 18 1414
f 29 740 325
f 1685 29 325
f 525 2087 2039
f 1205 1836 1689
f 372 559 768
f 1090 1025 2246
f 2156 1418 1085
f 1680 1389 70
f 2400 1807 906
f 1290 2403 2120
f 1211 1705 536
f 2120 2403 2405
f 1419 1326 2045
f 722 2157 2384
f 1957 1950 1794
f 1955 2045 1509
f 358 2157 722
f 2361 2189 1964
f 2399 2413 1759
f 1510 1753 1799
f 2239 2275 2277
f 1548 2388 1483
f 608 2422 1727
f 1100 2121 335
f 1547 591 115
f 690 2124 207
f 2049 64 88
f 2272 851 2201
f 2388 1548 2377
f 109 561 925
f 2121 1100 1268
f 1179 1917 435
f 1274 986 1438
f 1743 1583 989
f 939 152 150
f 2413 2426 567
f 1349 1721 1964
f 1750 205 1743
f 1743 989 2245
f 948 776 380
f 1740 1347 771
f 394 346 1103
f 2440 1124 1735
f 311 570 1710
f 2219 1727 2217
f 1719 564 952
f 663 764 1157
f 785 1745 248
f 434 1899 1482
f 1234 789 2386
f 794 961 1521
f 385 1624 480
f 1695 1244 249
f 954 276 266
f 2304 2334 2312
f 2221 1239 1360
f 2448 2451 2194
f 1975 1362 1251
f 558 348 347
f 2227 2249 2251
f 1702 2220 2222
f 2418 2194 2072
f 2169 1978 2174
f 1286 1159 644
f 804 972 2128
f 2317 2247 2174
f 593 425 1256
f 1130 1257 1774
f 2125 2161 513
f 1767 1771 600
f 2195 1776 2126
f 1771 1982 1773
f 1764 517 600
f 1840 809 1087
f 921 942 117
f 792 501 386
f 329 1609 811
f 1609 1260 382
f 2042 2233 2305
f 1595 1854 844
f 2364 1529 328
f 2364 1778 2183
f 991 1212 470
f 555 1276 962
f 1133 2224 2444
f 2196 2433 1366
f 1535 1399 1533
f 1462 457 1135
f 1802 1011 1988
f 1567 1264 1207
f 900 1192 997
f 998 2441 995
f 454 293 445
f 828 299 1139
f 1524 1398 1793
f 1568 1592 819
f 2353 1787 2429
f 2429 2351 2353
f 1990 2380 2226
f 1990 859 2380
f 1190 1271 275
f 1198 1600 2424
f 371 133 555
f 2420 1374 1002
f 1802 1285 1011
f 1172 2223 1394
f 2401 2223 1172
f 733 663 1157
f 392 629 1010
f 2143 1824 1277
f 1143 534 364
f 1996 2229 2230
f 2380 2006 2226
f 1131 120 1468
f 120 1178 1468
f 2078 2017 2014
f 1810 1285 2146
f 2308 2238 1167
f 2328 2360 2283
f 1031 2283 2360
f 859 2006 2380
f 1772 2024 1838
f 2356 1024 2360
f 2353 1847 856
f 2358 1829 2293
f 2318 2264 2004
f 1167 2356 2308
f 24 2083 1161
f 286 871 707
f 1716 2276 2346
f 2008 245 861
f 2301 1479 2341
f 2305 2369 2042
f 384 385 480
f 2369 2315 1466
f 2305 2315 2369
f 2305 2233 2066
f 2118 2181 2299
f 2181 1385 2299
f 188 649 1847
f 1240 1231 569
f 70 2236 24
f 1997 1379 644
f 644 665 2258
f 2018 1821 1832
f 2181 2266 1385
f 2202 821 848
f 553 847 645
f 2260 2267 2257
f 2014 1375 2078
f 1515 1143 1146
f 1171 2392 1151
f 838 2023 1158
f 2090 1131 1468
f 1280 1014 1007
f 401 1390 757
f 1901 1909 774
f 838 182 418
f 1010 168 633
f 2233 2234 2066
f 146 1565 1376
f 2000 630 1006
f 2281 2267 2304
f 2307 2303 2275
f 1585 835 1558
f 2223 1376 1394
f 1389 773 2288
f 2412 1378 2410
f 685 855 2319
f 1912 698 469
f 140 928 157
f 1350 1375 1465
f 1372 1519 627
f 2406 2199 1269
f 2286 2251 1489
f 895 1198 829
f 1958 1037 1162
f 1094 1166 2290
f 589 532 341
f 1190 996 1465
f 1204 1354 2138
f 1165 665 1091
f 665 1041 1091
f 2332 2334 2304
f 967 549 1268
f 451 2406 1269
f 2424 2432 2192
f 1190 275 1137
f 451 2438 618
f 1604 1395 829
f 685 2319 690
f 2349 2235 2313
f 2432 995 1605
f 2436 1207 2438
f 995 1399 2040
f 2334 2332 2209
f 617 2037 1134
f 2344 1493 772
f 299 828 823
f 1549 427 1372
f 297 1372 427
f 1399 2224 300
f 698 647 467
f 2345 2363 1895
f 548 2211 774
f 435 604 605
f 604 589 544
f 497 1529 2364
f 484 826 388
f 1064 701 400
f 548 1909 705
f 1927 400 701
f 1136 1134 1135
f 2363 2144 1611
f 2073 2443 313
f 708 448 265
f 1180 505 167
f 2371 2144 2363
f 361 1189 319
f 2347 2373 2339
f 2331 2339 2372
f 2331 2372 2354
f 1628 1987 1781
f 687 1891 671
f 8 2338 2350
f 129 1404 251
f 2216 2183 1457
f 1987 1986 1781
f 2361 2374 2240
f 660 494 1048
f 362 490 314
f 1990 1513 1642
f 1662 662 1650
f 668 1317 1494
f 668 177 1317
f 1260 1609 601
f 93 98 97
f 141 2200 1514
f 1749 501 792
f 45 1430 255
f 1869 1928 3
f 1869 3 170
f 151 80 117
f 1195 730 122
f 308 1717 368
f 1078 80 151
f 1121 94 325
f 2114 1500 1674
f 1715 1432 411
f 801 444 858
f 1764 1078 979
f 94 1300 1467
f 1500 1673 1674
f 1038 519 321
f 1320 1042 1846
f 2372 1501 2354
f 28 2153 1
f 592 923 2071
f 1409 18 28
f 1942 1574 742
f 1764 979 517
f 2362 26 1310
f 1840 521 1415
f 1493 66 1481
f 744 35 1295
f 1036 1679 27
f 517 979 1678
f 1320 1846 1085
f 309 1401 468
f 324 978 399
f 366 367 308
f 974 1528 1241
f 1483 38 31
f 745 1325 359
f 337 802 806
f 1981 2132 2161
f 749 42 44
f 906 2393 2394
f 1290 1291 2041
f 1129 333 1684
f 1818 907 2178
f 1096 902 746
f 754 1458 634
f 2071 1127 1571
f 806 1363 1768
f 2049 2389 64
f 2191 1706 1029
f 1711 1422 1708
f 1244 315 970
f 1706 2191 540
f 1571 2130 966
f 994 334 374
f 1362 804 2128
f 547 358 113
f 972 1770 2128
f 1215 1743 2426
f 1583 1743 1215
f 125 105 1537
f 414 533 1249
f 2415 1019 2204
f 132 162 1970
f 984 983 403
f 1252 2164 116
f 2172 946 1248
f 366 965 946
f 2431 2421 2423
f 189 1734 203
f 1734 554 203
f 203 554 1230
f 570 342 955
f 1504 1058 1164
f 1238 946 166
f 355 1351 542
f 2418 2434 2448
f 1445 1719 952
f 277 1353 1647
f 1245 277 1647
f 237 1442 244
f 1347 567 1346
f 2431 2445 2435
f 2165 952 1520
f 1209 29 44
f 2331 851 2272
f 197 355 236
f 2204 1445 249
f 270 354 779
f 953 785 1114
f 572 1353 796
f 410 206 1540
f 1731 1719 1720
f 1730 1719 1731
f 1745 785 953
f 953 789 1234
f 2060 1754 2062
f 799 431 2241
f 1748 1447 1967
f 1355 1236 413
f 1744 1119 1751
f 531 1118 256
f 571 559 145
f 2061 1972 1969
f 1757 2440 1726
f 788 247 159
f 781 794 1521
f 989 2450 2245
f 2067 2449 1451
f 2447 1447 1748
f 1700 1243 1972
f 2171 1448 1124
f 1357 1593 549
f 160 1712 187
f 285 1522 1122
f 1360 1239 2059
f 1976 302 303
f 1969 521 2061
f 788 159 1947
f 223 1743 205
f 2125 2446 1763
f 1763 2161 2125
f 19 524 7
f 162 210 766
f 1981 2161 1763
f 2194 2317 2174
f 524 25 1682
f 253 311 142
f 1514 1735 141
f 771 576 941
f 149 766 938
f 353 125 1537
f 1410 399 978
f 575 162 937
f 309 868 2211
f 2122 1970 162
f 1087 75 1359
f 84 509 151
f 80 867 117
f 792 386 37
f 1985 365 818
f 601 1560 1407
f 1496 67 1546
f 1463 1985 818
f 113 187 547
f 490 1986 1785
f 2216 1218 1914
f 1797 1459 1485
f 1630 1459 1797
f 607 490 1989
f 2443 2073 1263
f 1733 1115 1577
f 1456 1133 1365
f 1544 1789 910
f 136 2200 141
f 1792 1237 1961
f 1120 2344 2385
f 2384 2157 793
f 824 445 293
f 2432 998 995
f 1548 104 1222
f 1002 1206 2437
f 457 1592 1568
f 2424 998 2432
f 540 1733 1577
f 358 1332 2157
f 2420 2425 1269
f 2223 998 2417
f 123 1426 758
f 1600 2417 2424
f 1332 358 547
f 1021 1525 645
f 454 420 421
f 1190 2139 1994
f 1994 2079 1190
f 1803 1775 2077
f 541 76 1428
f 1599 1993 1806
f 1803 2407 2024
f 1013 2001 2406
f 2023 418 440
f 1431 316 1216
f 2410 1378 1282
f 1376 2145 1777
f 630 2000 2101
f 90 1506 1511
f 1798 1284 1786
f 1792 1453 914
f 1897 478 477
f 1056 1897 477
f 1842 1828 2143
f 2013 863 2015
f 2414 1709 1509
f 1167 2082 1024
f 2337 2187 2184
f 1831 1830 2176
f 2176 2082 1167
f 646 1160 2365
f 82 1512 1792
f 460 1865 599
f 621 658 816
f 108 732 884
f 2365 2042 2369
f 1839 1381 1837
f 1759 1696 2397
f 1788 1696 1759
f 2374 538 1216
f 1382 2232 2002
f 2299 2002 2232
f 2399 1952 1215
f 1843 1772 1838
f 1052 487 1659
f 56 78 2177
f 610 1482 615
f 2282 1843 2355
f 710 2318 1798
f 846 1028 1478
f 2190 2118 2232
f 2299 2232 2118
f 171 1052 1659
f 1504 1845 822
f 2263 2351 2295
f 24 1161 70
f 1164 2256 2293
f 2086 906 1326
f 2396 2086 1818
f 1479 1858 843
f 2170 2238 2308
f 1396 1026 1325
f 2301 653 2198
f 1479 2301 2198
f 1580 1025 1090
f 245 241 2239
f 1859 1850 1858
f 1495 2265 2243
f 1834 1833 1949
f 1325 1211 1396
f 1033 1696 1692
f 1429 2264 1159
f 241 2275 2239
f 2198 2253 2274
f 899 1294 1089
f 1089 526 1288
f 1882 2261 1861
f 2387 1834 2382
f 2234 2271 2066
f 2277 1050 245
f 2228 2251 2286
f 2225 426 685
f 2285 852 2141
f 320 46 1911
f 706 698 1313
f 522 1088 511
f 1039 850 2250
f 2181 2261 1296
f 733 1576 2297
f 854 800 267
f 523 2035 2034
f 2235 1296 2261
f 2291 2285 2180
f 2291 1162 2294
f 2349 38 2388
f 1042 1070 1464
f 1296 2235 855
f 2180 664 755
f 2296 2326 2279
f 1956 1887 1484
f 2383 43 2210
f 1876 1051 2250
f 2286 1876 2250
f 2322 2303 2307
f 2321 756 2309
f 886 1676 1199
f 1042 1082 81
f 1128 1677 1937
f 1956 1484 1953
f 1299 1938 1862
f 2311 2339 2331
f 2274 2311 2331
f 1038 321 1175
f 1929 1300 94
f 1121 736 1318
f 1574 1928 1649
f 2350 2338 2296
f 1406 1113 1225
f 41 1500 1935
f 1070 180 1471
f 1165 1405 2348
f 459 1614 1168
f 459 1305 1614
f 1956 2362 2350
f 464 774 868
f 631 1168 1614
f 706 1054 647
f 606 631 1898
f 101 884 2027
f 108 1404 129
f 647 641 700
f 718 669 1035
f 514 700 687
f 501 365 1364
f 416 706 397
f 1625 814 1491
f 448 494 265
f 1499 876 170
f 2210 43 1911
f 1309 1068 286
f 874 286 1068
f 1881 1055 2375
f 993 1921 474
f 283 718 1636
f 240 670 674
f 318 122 1623
f 2027 884 2329
f 1555 2370 1922
f 229 2379 2345
f 1610 2119 1900
f 723 434 1314
f 2188 1578 2102
f 2240 2374 2336
f 713 238 2203
f 2203 1653 713
f 1922 1644 2106
f 2033 1924 1175
f 724 493 727
f 727 493 1921
f 1529 497 330
f 1877 496 1186
f 500 493 724
f 180 1070 500
f 881 97 1027
f 881 1027 1403
f 1027 1035 1403
f 1869 1649 1928
f 1805 2375 1055
f 1632 703 918
f 1372 2143 1519
f 2095 2096 2113
f 487 876 672
f 1664 1663 2115
f 1052 295 487
f 1868 1197 1930
f 1805 98 1227
f 2115 1663 1197
f 2378 2029 2111
f 1299 1933 1673
f 737 1319 1531
f 654 742 2116
f 1687 16 1227
f 2387 2382 11
f 1940 2387 11
f 391 1822 1913
f 1527 1485 305
f 2361 538 2374
f 1851 2179 1686
f 42 1033 1683
f 2345 1895 1053
f 475 860 535
f 1033 2397 1696
f 1033 2398 2397
f 2393 2086 2396
f 642 1289 49
f 48 49 1289
f 1085 1418 896
f 1620 871 581
f 2047 1502 1093
f 689 2020 1303
f 1954 750 1291
f 1025 1580 58
f 1019 1290 2041
f 1807 2400 2246
f 701 826 693
f 1957 2044 1949
f 2022 701 693
f 693 1072 1061
f 1693 1794 1950
f 72 914 1505
f 1705 1804 1510
f 85 79 68
f 2354 1501 1488
f 1759 2397 2398
f 2124 61 62
f 1478 1028 267
f 2231 1308 1494
f 1008 481 479
f 2402 1960 1794
f 1508 1453 2411
f 1627 344 1132
f 2085 1948 765
f 1901 774 691
f 1181 1626 1667
f 1746 1333 111
f 2421 2414 2408
f 1960 2416 2428
f 1791 1790 1279
f 104 1548 1483
f 488 482 485
f 1714 2056 1512
f 985 1963 1547
f 2187 2337 2320
f 1339 583 1097
f 582 1103 551
f 766 210 778
f 2074 2248 2434
f 771 1750 576
f 1750 2163 576
f 2204 2055 2427
f 1699 563 1962
f 2164 1109 116
f 162 1345 557
f 778 210 1532
f 205 771 1347
f 2063 1224 192
f 1110 1575 1228
f 989 770 2450
f 1521 961 1261
f 192 204 1971
f 411 1432 947
f 2450 2206 2245
f 249 2055 2204
f 477 478 546
f 311 342 570
f 1348 1118 1120
f 873 1174 475
f 248 1575 1443
f 1109 1969 1972
f 357 1540 236
f 367 1747 1745
f 1747 367 965
f 1348 256 1118
f 215 259 413
f 1251 2439 2193
f 412 410 1540
f 1449 797 250
f 1261 961 2127
f 2058 1738 2222
f 2222 1738 1702
f 2171 1124 1757
f 2058 2129 1242
f 772 1493 854
f 2324 2320 2337
f 1763 2053 1698
f 584 1523 284
f 331 1362 1975
f 1978 1774 1129
f 1695 315 1244
f 2447 1724 1982
f 1724 2136 1982
f 1450 1801 2136
f 1450 2136 1724
f 1074 473 474
f 2071 1571 966
f 1242 1801 1450
f 1670 302 515
f 432 1690 2135
f 1774 1241 1130
f 1618 1801 808
f 515 1669 1670
f 1801 1618 1078
f 1411 151 977
f 979 151 1223
f 809 1454 509
f 1808 1233 1496
f 601 1609 329
f 501 1749 1507
f 1609 1642 1513
f 389 2073 810
f 603 1260 601
f 499 1784 326
f 1472 326 389
f 1984 1233 1915
f 1782 1568 1983
f 2158 2168 1217
f 1050 2303 2336
f 910 1543 1544
f 1456 1463 1545
f 2376 1407 419
f 2376 1527 1407
f 2324 2291 2320
f 2376 1485 1527
f 294 323 1368
f 612 1461 1137
f 2368 1630 1797
f 2075 2429 1787
f 1398 1212 2160
f 1212 1398 2134
f 1424 1139 299
f 1139 1424 830
f 1207 2436 2437
f 2133 2367 2407
f 2075 2134 1552
f 2196 2346 2433
f 2281 1953 188
f 2437 2425 1002
f 1190 1137 996
f 1803 2077 1192
f 2424 2417 998
f 2322 2307 769
f 2138 282 1204
f 1552 2076 2075
f 1608 1196 1373
f 1392 1552 1142
f 2138 2143 282
f 2001 2199 2406
f 1190 1232 1271
f 1996 1842 2138
f 2138 1293 1996
f 1552 1392 2009
f 620 632 2218
f 1149 1178 1176
f 168 1229 836
f 835 1153 1589
f 2208 1392 1559
f 637 2218 1158
f 2218 637 620
f 1596 2098 1387
f 2358 848 1812
f 1375 2358 1812
f 1377 479 630
f 1594 1487 1152
f 1992 124 2000
f 1515 1146 143
f 639 1013 981
f 616 617 996
f 1382 2002 1775
f 1157 2007 2242
f 866 2091 402
f 2091 866 1830
f 2176 866 2082
f 846 2330 2007
f 862 863 2341
f 1882 2313 2261
f 2357 2341 863
f 2304 2312 2281
f 2012 2006 1381
f 1002 614 1138
f 1028 846 1386
f 2300 821 2202
f 2271 2309 553
f 1386 845 1028
f 2142 243 845
f 2327 1383 1167
f 1370 2207 1337
f 1160 2042 2365
f 1286 2019 1429
f 2242 733 1157
f 2253 2225 2310
f 2196 1716 2346
f 1167 2238 2327
f 2284 214 2242
f 2278 2300 2202
f 2249 1588 1152
f 1538 2284 2330
f 846 1478 2330
f 2283 2292 2328
f 1538 2330 1478
f 1495 1887 2265
f 1164 1058 2256
f 710 2243 2318
f 1576 214 2284
f 2243 710 1495
f 1538 1576 2284
f 2276 2141 2282
f 653 2253 2198
f 1493 1481 854
f 2325 1091 1041
f 2066 2315 2305
f 1856 1504 1292
f 2231 1494 1951
f 2227 2251 2228
f 2249 2273 2251
f 2230 2268 822
f 1538 1478 831
f 1478 267 831
f 1058 1856 452
f 2186 2279 2264
f 2273 2249 1152
f 1144 1145 449
f 1039 2290 1968
f 1576 1538 831
f 2278 2213 2256
f 449 227 1144
f 2266 2181 1296
f 2198 2274 2272
f 1388 2254 2170
f 2265 2296 2243
f 452 2302 2278
f 1887 2296 2265
f 2298 1576 831
f 2266 855 1385
f 2253 2311 2274
f 2277 2303 1050
f 1758 709 2306
f 2270 709 1758
f 392 442 626
f 855 426 1385
f 2268 444 801
f 2273 1489 2251
f 1680 861 245
f 2276 1716 2141
f 1490 2322 769
f 1951 1594 1595
f 623 1892 625
f 831 2335 2298
f 831 800 2244
f 2225 685 2310
f 2170 2283 1031
f 747 2236 2237
f 854 1481 800
f 2345 756 2321
f 1481 2244 800

