# https://github.com/mikedh/trimesh
v -0.14415900 -0.36636001 -0.33463451
v -0.14391600 -0.36755601 -0.33161300
v -0.15985243 0.19196081 -0.03998381
v 0.16213512 0.21687157 0.22186323
v 0.12315481 0.07628457 -0.33719301
v -0.07522450 0.23574451 0.33496651
v 0.13663612 0.19064169 -0.05597944
v 0.16177000 0.21484022 0.22353356
v 0.13536978 0.19209550 -0.02871563
v 0.19909097 0.36950147 0.22489515
v 0.18260285 0.21524872 -0.14974368
v 0.16850300 -0.36374599 0.35554501
v 0.08059237 0.35177025 -0.31746274
v -0.03783737 0.21448225 -0.33617318
v 0.17117962 0.05441200 -0.33663151
v 0.09994100 0.26273149 0.33213001
v -0.02184700 0.22998706 -0.33739606
v 0.16852824 -0.36388299 0.37269801
v 0.17049100 0.16555150 -0.38549200
v 0.18222050 0.23175812 -0.23479700
v -0.15699887 -0.36403906 -0.38315269
v 0.09497713 0.23130338 -0.31906199
v -0.19544549 -0.02102425 -0.33482313
v -0.14655282 -0.24674563 -0.33355543
v -0.14213200 -0.36720851 -0.33930099
v -0.14586601 0.00514550 0.33850151
v -0.14602950 -0.19747756 -0.22945075
v 0.17171837 0.25340661 -0.38414589
v -0.03144512 0.23292537 0.33405924
v -0.03766956 0.23135249 0.33441189
v -0.14696221 -0.19569536 -0.10009770
v 0.02637900 0.36724600 -0.39915699
v -0.16908000 0.29450050 -0.31759700
v -0.10527100 0.23423649 0.34735149
v -0.15865697 0.19365606 0.08032562
v -0.11019959 0.23440582 0.34111717
v -0.09749750 0.32894751 0.33697426
v 0.18357328 0.23208691 0.01128144
v -0.18351056 0.19327709 -0.16308257
v 0.18429296 0.23111697 -0.01479856
v 0.18145369 0.21519856 -0.31677502
v 0.18142475 0.21499237 -0.29374239
v -0.03590075 0.21554776 -0.33429426
v -0.08043431 0.23354819 0.33538720
v 0.19839950 0.35098588 -0.16813987
v 0.07533028 0.22961022 -0.20108460
v -0.14744887 -0.19644688 -0.26051125
v -0.19576487 0.09993125 -0.38233075
v 0.13498397 0.21486109 -0.13048400
v -0.10948050 0.23465843 0.35203737
v 0.13707587 0.21433724 0.21196912
v -0.14451399 -0.36320400 -0.38159600
v 0.16162072 0.21419784 0.20245582
v 0.13368763 0.18992825 -0.33559212
v -0.19454125 -0.19499625 0.27070951
v -0.14588144 -0.18717968 0.38399789
v -0.08807769 0.37052569 0.39891630
v -0.14849301 0.23090300 -0.38342500
v -0.15889312 0.21385944 -0.05063069
v 0.12499375 0.23179124 0.38271600
v 0.11849825 -0.36250326 0.34688574
v 0.19984381 0.35301927 0.18788387
v -0.14533500 -0.19538732 0.14896387
v 0.17126516 0.08332325 -0.33658326
v -0.14809600 0.30919999 -0.38348100
v 0.16937500 -0.24907175 0.38197225
v -0.17578401 0.19511150 -0.38257301
v 0.16004950 0.21309926 -0.07372662
v -0.15981905 0.21518667 0.29226607
v 0.20033975 0.36803624 0.19507276
v 0.13586429 0.19226401 0.03594075
v 0.12329812 0.05864187 -0.38553774
v 0.12331956 -0.32232863 -0.33829600
v 0.03021038 0.32819128 -0.33410895
v 0.12449325 0.04767288 0.38332725
v 0.13647254 0.19305706 0.12867875
v 0.13461480 0.21367685 -0.19047733
v 0.13331015 0.21530700 -0.18374152
v 0.18593919 0.25406268 0.31733274
v -0.19735651 0.35099849 -0.38282099
v 0.00833188 0.23280700 0.33429164
v 0.09465387 0.23412375 -0.31626463
v 0.19820610 0.35194027 -0.07917059
v -0.16020675 0.21550906 -0.10282250
v 0.16042763 0.19177175 -0.00649688
v -0.14577746 -0.10125178 -0.38209087
v 0.18471244 0.23303404 0.21722829
v 0.12399937 0.26081026 -0.38493025
v 0.16119869 0.21606356 0.04992206
v 0.18263669 0.23165153 -0.13636038
v 0.18367694 0.23075038 -0.12306350
v 0.11877697 0.32614368 -0.33753046
v 0.19977425 0.36719936 -0.10804588
v 0.19873050 0.36837450 -0.09960000
v 0.18456848 0.23147756 0.04820295
v -0.12752825 0.35102776 -0.39785725
v -0.19394524 -0.27186999 0.38531026
v 0.17361018 0.29893789 0.33306634
v -0.02510950 0.22780688 -0.33616599
v 0.18216300 0.23167150 -0.31933501
v 0.11619191 -0.36503071 0.34373364
v 0.16109875 0.21598950 0.03069000
v 0.15897718 0.21492968 0.04244538
v 0.15756200 -0.36399701 0.38265049
v 0.16537067 -0.36571726 0.38397753
v -0.14483000 0.32748711 0.35493851
v 0.00479841 0.35384107 0.38294563
v 0.01691225 0.35337901 0.38280049
v -0.14674875 0.08315500 -0.38200775
v 0.19901706 0.35292870 0.16271250
v -0.10279740 0.23427550 0.35111740
v -0.19969834 0.36795753 -0.26007116
v -0.15949593 0.21584037 -0.08270872
v 0.17184313 -0.16421588 -0.33871210
v 0.03891831 0.23261169 0.35653862
v -0.01597750 0.30649388 -0.33757731
v 0.17329718 -0.36535069 -0.34890661
v 0.20030504 0.35419172 0.21204382
v -0.14465369 -0.27554968 -0.33627921
v -0.14543988 0.18453337 0.37257212
v -0.14413475 0.18487275 0.36334124
v -0.17938800 0.35141599 -0.38374999
v 0.19922784 0.36861187 0.03516228
v -0.14575706 0.24165431 0.33503130
v 0.17130294 -0.03896512 -0.38513082
v -0.19557409 -0.35717720 0.37300590
v 0.15931812 0.21258612 -0.18801475
v 0.16002791 0.21566665 -0.09301316
v -0.14733712 -0.01921687 -0.33406374
v -0.15874626 0.19368087 0.17794999
v -0.14605901 -0.01861600 -0.33543399
v -0.15979713 0.21502925 -0.23932275
v 0.18191212 0.23050512 -0.33568400
v -0.19821826 -0.36593431 0.35689881
v -0.15915975 0.21315324 0.28924587
v 0.07712125 0.23173475 0.33459449
v -0.17468224 0.19037275 -0.33496249
v -0.14727500 -0.24448951 0.33621326
v -0.17161800 0.19698276 0.38273150
v -0.14744562 -0.23453625 0.38509026
v -0.17970750 0.20240100 0.38290849
v 0.14263734 -0.36444667 0.33167392
v -0.18327382 0.21615149 -0.30334151
v 0.15932950 0.21523112 -0.19690175
v -0.14589688 -0.23232344 0.38375619
v -0.15756550 -0.36586526 -0.33377776
v -0.19479106 -0.00037362 0.38390076
v -0.16846550 0.23367794 -0.02668834
v 0.17031001 -0.36578700 -0.39004999
v -0.07219438 0.21540099 -0.33488348
v -0.14681138 -0.19521774 0.00058912
v -0.00574612 0.22772788 -0.33667770
v 0.16153763 0.19360697 0.12856035
v -0.05015150 0.22641237 -0.33651865
v 0.15045725 -0.36588582 -0.33746290
v -0.19501249 -0.36428800 0.33382225
v 0.12304562 0.01669613 -0.33793643
v 0.05612160 0.32578388 -0.38382488
v 0.15845956 0.21310732 -0.32621387
v -0.15837425 0.19359362 -0.07690525
v 0.11965800 -0.28032899 0.38253701
v -0.19517973 -0.17931627 0.38396937
v -0.14570665 -0.34006175 -0.33385921
v 0.20013601 0.35472199 0.29930100
v 0.16169576 0.21493246 0.24703877
v 0.16019163 0.19129913 0.16516787
v -0.19994424 0.36733499 -0.22897451
v 0.13351506 0.21243425 -0.29188475
v 0.13412458 0.21501282 -0.29936469
v 0.19506800 0.35446101 0.39800963
v 0.12290619 -0.20085447 -0.33842570
v -0.15841325 0.19370131 -0.02556894
v -0.20029549 0.36712500 -0.36345449
v -0.18370061 0.19312222 0.06920586
v 0.17060181 -0.14550979 -0.33736554
v -0.14563629 -0.19633804 -0.02350714
v -0.19349606 -0.15648593 -0.38251287
v 0.13425019 0.21394612 -0.15343527
v 0.12310603 0.09850950 -0.33748904
v 0.17189562 0.00814888 0.38146207
v 0.10462222 0.23294647 -0.31564394
v 0.13791253 0.21563566 0.30466974
v 0.12422025 0.08752200 -0.33625430
v 0.12297484 -0.25409970 -0.33863741
v -0.04396863 0.21605501 -0.33776012
v 0.18438816 0.21672703 0.18538059
v 0.17436731 0.29580429 0.33447906
v 0.12404775 0.18873376 -0.33593574
v 0.07318275 0.32730550 0.38240001
v 0.03229950 0.32906875 0.38422474
v 0.15944199 0.19123350 -0.20061199
v -0.18340907 0.19251013 -0.33450913
v -0.14703238 0.16122200 -0.33525586
v -0.19444200 -0.19616337 0.31775361
v -0.19560669 -0.30277213 0.33713266
v -0.07269700 0.34893900 -0.38454100
v -0.10145757 0.23396400 0.35695222
v -0.04320218 0.23351820 0.37871662
v -0.04238700 0.35222501 -0.39934450
v -0.09482288 0.21456712 -0.33525568
v -0.18375900 0.19270851 0.10419450
v -0.18260807 0.19166437 0.10301269
v 0.19934459 0.36923313 0.17119469
v -0.03763350 0.23376137 0.37482551
v 0.19911200 0.36990651 0.39922899
v -0.10986300 0.23381725 0.33546975
v -0.19880600 0.36984000 0.35794750
v -0.19842869 -0.36502019 0.34091863
v 0.16058515 0.21598332 0.07328978
v 0.18580256 0.23213781 0.22664756
v -0.19569212 -0.36331064 0.33702624
v -0.06998750 0.32734725 -0.33413151
v -0.19921869 0.35372669 0.17803362
v -0.14588100 0.32846200 0.38432801
v 0.06691225 0.21711425 0.33314562
v 0.11095650 0.21659151 0.33398849
v 0.18220475 0.23169725 -0.17454100
v 0.19983400 0.36851215 0.12107103
v -0.14768794 -0.31657413 0.33633819
v 0.00683475 0.36952376 0.39975089
v 0.13393538 0.21520956 -0.26461831
v 0.03603150 0.23344763 0.31803563
v -0.19953676 0.36767945 -0.07606981
v -0.08869012 0.21559063 -0.33435851
v 0.20003974 0.36892328 0.28865987
v 0.13708527 0.19308184 0.20759471
v 0.13464156 0.21561974 -0.06355087
v 0.16019906 0.21577238 -0.03768019
v 0.15824388 0.21405753 -0.16794631
v 0.15851606 0.21382813 -0.17834786
v 0.12197356 -0.05795581 0.38237262
v -0.19407618 -0.19632906 -0.21470718
v 0.17230213 0.09122413 -0.33772781
v -0.11686150 0.32686651 -0.38461474
v -0.19514763 -0.19715488 -0.16591509
v 0.07637353 0.32765260 0.33629903
v -0.19860306 0.36913463 0.08366456
v -0.01478119 0.18522063 0.33418280
v 0.12342950 0.12806650 -0.38543862
v -0.20000950 0.35216001 -0.39861250
v -0.19944912 0.36761686 0.07662925
v -0.14667362 -0.19539447 -0.04565300
v 0.12090925 -0.19223700 0.33525801
v -0.01316300 0.22966000 -0.33541700
v -0.01347858 0.22768733 -0.33718047
v -0.20006500 0.35315600 -0.30790299
v 0.17235000 0.26740551 -0.33706549
v -0.10915978 0.23397253 0.35895628
v -0.11818950 0.32642251 -0.33649999
v 0.16887382 -0.18402475 0.33421212
v -0.18385135 0.21509525 -0.12766719
v 0.13551062 0.19011475 -0.19797750
v 0.16271822 0.21690503 0.26091373
v 0.18578562 0.21803437 0.23710337
v -0.19871600 0.36892700 -0.01160800
v -0.09481000 0.30998400 0.33477649
v 0.15703325 0.18878651 -0.33639550
v -0.11318128 0.23419572 0.35458624
v 0.15862300 0.19087601 -0.30283251
v -0.14668700 0.12011006 0.33560300
v -0.09384394 0.26875669 0.33214456
v 0.16239859 0.19330224 0.27703136
v -0.15918578 0.21619162 0.05777975
v 0.15874325 0.21524040 -0.04854409
v 0.16037551 0.21280169 -0.03787019
v 0.15838949 0.19041450 -0.33627850
v 0.10005900 0.35197401 -0.39948401
v 0.12364500 0.32639399 -0.33403301
v 0.12126482 0.32505101 -0.35991895
v 0.18294089 0.21566677 -0.18610027
v -0.14939550 0.21526900 -0.33441451
v -0.18222350 0.19123849 -0.33174801
v 0.14553213 0.18877850 -0.33619863
v 0.14788482 0.19487882 -0.38384420
v -0.14761773 0.27949345 -0.33706984
v -0.17942038 0.35122105 -0.39786181
v -0.14584249 -0.06877450 -0.33529899
v 0.06173756 0.32837632 0.33648282
v -0.19394888 -0.07223812 -0.33434275
v 0.19914909 0.36697128 -0.37161666
v 0.02242387 0.23264638 0.37437686
v 0.15846799 0.21516453 -0.23258963
v -0.16085294 0.21585782 0.26084039
v -0.14523444 0.16564982 0.38352549
v 0.00043162 0.23292007 0.37817636
v 0.20036726 0.35469636 -0.05440600
v -0.09088950 0.27176899 0.33476701
v -0.16036862 0.21691029 0.25160989
v -0.07465719 0.22843981 -0.33501095
v 0.17117250 0.05870000 0.38300699
v 0.01089025 0.23314650 0.37580404
v -0.19524021 -0.19735575 -0.22306384
v 0.16995719 -0.32922080 -0.38712007
v -0.06703589 0.22787847 -0.33538407
v 0.17402013 0.31214288 0.38268849
v 0.17516340 0.31858593 0.38150528
v -0.14497125 0.26914299 0.33528101
v -0.15882617 0.21605429 -0.29139656
v -0.14701441 -0.10157815 0.33602035
v -0.13556938 0.35446987 0.39886200
v -0.19640100 0.31961200 -0.38317499
v -0.01048344 0.23100150 -0.33767757
v -0.07549550 0.23398100 0.33634800
v -0.11697300 0.32855126 0.38402286
v -0.06576681 0.36869955 -0.05911550
v -0.15231375 -0.36506352 0.38761315
v 0.18479545 0.23343733 0.28007263
v 0.06101644 0.23052631 -0.33509162
v 0.16057847 0.21613644 0.09565344
v 0.12205344 -0.16301849 -0.38518530
v -0.18268612 0.19179937 0.27516934
v -0.04318200 0.21280900 -0.33512199
v 0.05478409 0.32782149 0.33574602
v -0.09761506 0.18473700 0.38281518
v 0.05742500 0.32753900 0.33667701
v -0.04933069 0.21497363 -0.33657563
v 0.05691200 0.32883474 0.33630976
v 0.05732500 0.32767901 0.33674300
v 0.04839547 0.21515322 -0.23979907
v 0.19994774 0.36920545 0.25744030
v 0.13383825 0.19165450 -0.23251125
v 0.01862475 0.18310513 -0.38548774
v 0.12274650 -0.22784349 -0.33822924
v 0.15889813 0.19055900 0.01353213
v 0.19987288 0.35429639 0.34545800
v -0.19320525 0.03467300 0.33611876
v -0.03250542 0.32849902 0.33648232
v -0.18424100 0.21606424 0.32947400
v -0.14643544 0.06311641 0.38490042
v -0.19473299 0.04810850 0.38354900
v -0.19329691 0.03094763 0.38511610
v 0.18503103 0.23140222 0.09425172
v 0.18395664 0.23229875 0.07137930
v 0.15185188 0.19234493 0.25851738
v 0.13427900 0.19185124 -0.17498650
v -0.19338638 -0.19562656 -0.03571806
v -0.19409150 -0.24279225 -0.33403650
v 0.17258087 0.22407025 -0.33594814
v -0.04742325 0.32958776 0.38480714
v -0.19824278 0.36958238 0.21357188
v 0.01600294 0.23306756 0.38000453
v -0.19930841 0.36866483 0.21584028
v -0.04055575 0.35430226 0.39897001
v 0.18534032 0.23155287 0.14508681
v -0.14711475 0.34816226 0.38424450
v 0.18419254 0.21634685 0.10095053
v -0.10155713 0.35138789 0.38521475
v 0.14751208 0.36837578 -0.08067892
v -0.19499281 -0.19693215 -0.10202325
v -0.19357948 -0.19530018 0.02034375
v -0.19485074 -0.19606775 0.03361025
v -0.09956475 0.35448101 0.38391101
v 0.16226840 0.21438971 0.26412877
v -0.19837962 0.36896229 0.02663923
v -0.16875863 -0.36342737 0.33349589
v -0.19487606 -0.19734959 -0.02399144
v 0.05506600 0.23269941 0.38239995
v 0.18202782 0.23162225 -0.29263937
v -0.19958650 0.36788961 0.01541056
v 0.12435362 -0.15337887 -0.33701918
v -0.19459525 -0.36396074 -0.36261338
v -0.01210044 0.30904242 0.34101763
v 0.18632950 0.25490150 0.33236551
v 0.15838701 0.18984069 -0.17661782
v -0.19516057 -0.13992107 0.38407701
v -0.02380303 0.32594797 -0.33760515
v -0.14638038 0.27067363 0.38459301
v -0.18098900 0.37056199 0.38695401
v 0.12440200 0.00476244 -0.33661357
v 0.16173565 0.19265260 0.20348372
v 0.19986938 0.35296124 -0.10452125
v -0.05546400 0.35485101 0.39963201
v -0.11874013 0.23421519 0.34549832
v 0.16008306 0.19138056 -0.08168956
v -0.17061549 -0.21457450 0.38618401
v -0.18343146 0.19249763 -0.12274837
v -0.18370937 0.19311012 -0.06286088
v 0.13636050 0.21670863 0.22656412
v -0.19322100 -0.24568100 -0.38242999
v -0.19419324 -0.04993950 -0.38259974
v -0.19421799 -0.24471000 -0.38157099
v -0.14600362 0.09644144 0.33676144
v -0.00116000 0.32885149 0.33431649
v 0.08394492 0.23241453 0.37804863
v 0.08858813 0.32806900 -0.33462989
v 0.02766312 0.35256800 0.38210031
v -0.20023550 0.36734000 -0.34827650
v 0.18407306 0.23261268 0.11398087
v 0.18514501 0.21763401 0.11434500
v 0.13398381 0.21519357 -0.31250086
v 0.17106381 0.03163500 0.33377606
v 0.11957175 0.35433325 0.39867976
v -0.14611749 -0.14231300 0.33715287
v 0.04301950 0.35102299 -0.38401636
v 0.16010544 0.21527359 0.12886791
v -0.14515713 -0.19509925 0.21966051
v -0.18313469 0.21629675 -0.25304508
v 0.13557450 0.19221468 0.00351156
v -0.19295600 -0.25012049 -0.33354849
v -0.15885319 0.19392106 0.28506976
v -0.16801475 -0.20928174 0.38263851
v -0.19942094 0.36840376 0.14178319
v -0.02692300 0.35428151 0.38348001
v 0.16954662 -0.21107037 0.38258693
v 0.16028337 0.21563987 0.06040475
v -0.19270162 -0.36397088 -0.38208750
v 0.16892050 -0.17247425 0.38344163
v -0.00206350 0.31805351 0.33721676
v 0.16070013 0.21621375 0.23260018
v -0.18302262 0.21667451 -0.32322150
v -0.15332937 0.35550389 0.39994776
v -0.18218316 0.19170959 0.17920569
v -0.14620499 0.18643700 0.33551350
v 0.17219976 0.21499363 -0.33601201
v 0.16047241 0.21334350 -0.00953816
v 0.16015781 0.21539199 0.00084631
v 0.02287009 0.23281589 0.38055488
v -0.14707644 -0.19613107 -0.20453300
v 0.15851566 0.21549396 -0.16126300
v -0.09117500 0.35124001 -0.39869401
v -0.11662075 0.34960744 -0.38273218
v -0.12318987 0.35160267 -0.38318038
v 0.12225150 0.10780400 -0.38446051
v -0.19518812 0.14031662 -0.38285643
v 0.12250257 -0.00816556 0.38234282
v -0.18361194 0.19313057 0.02383247
v 0.17341456 -0.36537048 -0.37326059
v 0.06554725 0.18341719 0.38224101
v -0.14641525 -0.19432363 0.16889974
v -0.14583631 -0.32707217 -0.38285887
v -0.04641059 0.23303355 0.33482334
v 0.18363599 0.21644500 -0.11800618
v -0.04956650 0.18429975 0.38251176
v -0.09409262 0.18167900 -0.33636075
v 0.18453315 0.37016734 -0.14742963
v 0.12431762 -0.05750088 -0.33658889
v -0.01482325 0.37042826 0.39888981
v 0.12654451 -0.36457801 0.38368699
v 0.05658988 0.23067038 -0.33768964
v 0.18243577 0.21577191 -0.00316863
v 0.20009950 0.36792761 0.08277931
v -0.17419350 0.19156151 0.25560725
v 0.13509244 0.18981574 -0.26864561
v 0.02818091 0.23061650 -0.33514470
v -0.07089850 0.32809091 0.33711174
v 0.17161575 0.35141724 -0.38466901
v 0.17078812 0.32594326 -0.38504276
v 0.05176350 0.23293237 0.31603283
v -0.16047224 0.19220600 0.26594776
v -0.18290325 0.21601462 -0.33162659
v -0.00927475 0.23161525 -0.33440024
v 0.15948218 0.20283125 -0.33624181
v -0.19253433 0.13275014 0.33593017
v -0.06945775 0.32900375 0.33444449
v -0.08757400 0.36961699 0.39987350
v -0.19991915 0.36759278 -0.18048781
v 0.19904160 0.36843628 -0.01806828
v 0.15584899 0.21528475 -0.33102250
v 0.19985224 0.36718151 -0.06329900
v 0.01223813 0.22921513 -0.33497038
v -0.07986137 0.21488363 -0.33482030
v -0.19473150 0.12172025 0.33674750
v -0.05175675 0.32885799 0.33676201
v -0.00992700 0.35136300 -0.38383874
v -0.14590275 -0.36283231 0.38474461
v -0.19605762 -0.15614501 0.35223538
v 0.19769350 0.35265750 0.07658100
v 0.12093175 -0.27283269 0.33475932
v 0.15222250 0.21153750 0.38091099
v -0.14625312 -0.00642806 0.38488451
v -0.19957703 0.36809912 -0.04520119
v 0.17156938 0.15068144 -0.38410649
v 0.17048575 0.11606600 -0.38571924
v -0.04139800 0.35136399 -0.38417199
v 0.16136837 0.21668606 0.17837019
v -0.19503793 -0.09635209 0.38395211
v 0.17022900 0.07268500 -0.38583201
v 0.10127956 0.32582411 -0.38374898
v 0.13446040 0.21542978 -0.11247950
v 0.13591586 0.21566369 0.05038197
v -0.18504581 0.34997526 -0.33342394
v -0.14804612 0.13878812 -0.38325462
v 0.18258224 0.25503963 -0.33519062
v 0.15831731 0.21551879 -0.13274580
v 0.15924914 0.21361926 -0.12499765
v 0.17561500 0.30889499 0.33303601
v 0.17446007 0.31569755 0.33312568
v 0.17230746 0.31235588 0.33349293
v -0.00305225 0.22982247 -0.33745521
v 0.05313450 0.18314913 0.33481914
v 0.18420476 0.23367125 -0.33330649
v 0.01966034 0.23466615 0.37417278
v -0.00142903 0.30961007 0.33430338
v -0.15990941 0.21544901 0.04444636
v 0.18171425 0.36968225 -0.17126025
v -0.19469000 -0.19656128 0.22250892
v -0.18261170 0.19183016 0.24016640
v 0.18570475 0.21823674 0.33275974
v -0.03459356 0.22683226 -0.33648643
v -0.14555891 -0.04017556 0.38351646
v -0.14453749 -0.24174000 0.33482599
v 0.12237269 -0.19651325 0.38371661
v 0.19881500 0.37033725 0.36276612
v -0.14682761 -0.07886948 -0.33403960
v -0.05759452 0.23300369 0.33467913
v 0.13806100 0.21645001 0.33459976
v -0.14813106 0.08535156 -0.38330543
v 0.17343381 0.19553906 0.38210124
v -0.17590754 -0.21255256 0.38290641
v 0.13817525 0.19164288 0.13559437
v 0.01775150 0.23104925 -0.33795500
v 0.07841181 0.23260644 -0.31902301
v 0.08265287 0.23114069 -0.31472114
v 0.16242975 0.36824900 -0.14575200
v 0.19784097 0.35166734 -0.23594597
v -0.19878606 0.36856875 -0.18194650
v -0.19285525 0.36843175 -0.23806050
v -0.15988800 0.19166000 -0.15015700
v 0.17340624 0.14757425 0.38182324
v 0.17434475 0.24142499 0.38174799
v 0.11470988 0.23303325 -0.31907263
v -0.15881675 0.19415200 0.31511638
v 0.10821033 0.23129347 -0.33522698
v -0.04274428 0.23087110 -0.33875513
v -0.15876450 0.21622550 -0.15161701
v -0.15971172 0.21522023 0.13858904
v 0.14910650 0.20971274 0.38358137
v 0.12102550 -0.14771201 0.38263050
v -0.15978068 0.21619181 0.11666437
v 0.13388221 0.21518435 -0.21613190
v -0.15871881 0.21222472 -0.19351415
v -0.14625131 -0.19377887 0.26800492
v 0.03979750 0.23113200 -0.31895199
v 0.16164938 0.21675088 0.19290225
v -0.15941465 0.21618479 0.07375458
v 0.18476374 0.21657443 0.16136037
v 0.19997045 0.35311261 -0.00499687
v -0.14540200 0.28725299 0.33554450
v -0.18391424 0.19366500 0.29995325
v -0.15874100 0.19207551 -0.33446199
v 0.13067394 -0.36767435 -0.33667174
v -0.09419575 0.23430026 0.33693701
v -0.19656262 -0.36476895 0.36960018
v 0.15870525 0.20323950 0.38103124
v 0.17032300 0.00750512 -0.38602912
v -0.19311813 0.25029626 0.38490888
v 0.02185412 0.35449499 0.38332269
v 0.19943462 0.36681214 -0.33117062
v 0.00333734 0.22983785 -0.33488941
v -0.17150913 -0.19269063 0.33613256
v -0.19426718 0.31070665 0.38379034
v 0.16116625 0.21369475 0.08830375
v -0.19388913 -0.11714750 -0.38252664
v -0.14679225 0.11286987 -0.38148662
v -0.14725199 0.18099500 -0.38222200
v 0.17462325 0.26196924 0.33314225
v 0.17051050 -0.07470425 -0.33701101
v -0.19532010 -0.36377612 0.37753376
v -0.19710544 -0.36589387 0.37823668
v -0.16939300 0.32196838 -0.18730782
v -0.14570813 -0.09787037 0.38356301
v 0.19956644 0.36696231 -0.25209138
v 0.19862226 0.36794242 -0.27358720
v -0.19387975 -0.02493700 -0.33359176
v 0.16173899 0.21707928 0.24642102
v -0.19549900 -0.19774599 -0.33255401
v -0.10857482 0.35154396 -0.38321415
v -0.08621500 0.31707400 0.33470199
v -0.16952059 0.21166731 0.38275120
v -0.19698375 0.29032099 -0.33509624
v -0.16012757 0.21561609 -0.00591588
v 0.00603516 0.21439657 -0.33557263
v -0.14453191 -0.31946206 -0.38104516
v 0.06151700 0.32675424 -0.38471612
v 0.13412218 0.21362343 -0.25414443
v 0.13473937 0.21455112 -0.28517511
v -0.14586075 0.18517625 -0.33475301
v -0.16846450 0.31635776 0.18465075
v -0.05137666 0.23039514 -0.33782130
v 0.09769875 0.35113749 -0.39750499
v -0.15986772 0.21504998 0.12583238
v -0.14544347 0.26610929 0.33906466
v 0.16066626 0.21647635 0.14645684
v -0.14608151 0.18567050 0.38442799
v -0.05776550 0.21538900 -0.33599526
v -0.05833094 0.21606150 -0.33775836
v -0.13684587 0.18534613 0.38339013
v 0.17045200 -0.28007680 -0.33794525
v -0.14631687 -0.34916687 0.38424885
v 0.13609549 0.19040100 -0.12730888
v -0.16726166 0.28165117 0.31968698
v 0.19809200 0.36601400 -0.39983100
v -0.05550825 0.21487474 -0.33615425
v -0.19469126 -0.19407199 0.33649924
v 0.18542531 0.21765831 0.15705726
v 0.14329447 0.35079893 -0.31827468
v -0.19445282 -0.20370343 -0.38102075
v 0.13881876 0.19230950 0.30165824
v -0.15901232 0.21287212 -0.01819162
v -0.19573094 -0.36215016 0.38416535
v 0.12557290 0.14890051 0.38306934
v 0.02935237 0.23109287 -0.33781499
v -0.16752781 0.29478589 0.31948924
v -0.04634269 0.35183862 0.38448924
v -0.18232137 0.19151349 -0.04900013
v -0.19326450 0.08375788 0.38509649
v 0.17440374 0.33240345 0.33328950
v 0.19860344 0.36824322 -0.14416656
v 0.19968334 0.36711520 -0.15393463
v -0.19461513 0.07694662 0.38397676
v 0.19857603 0.35211062 -0.01290350
v -0.13033888 0.35184675 0.38474801
v 0.05677400 0.23313700 0.31850001
v -0.14701299 -0.09039900 0.38511100
v 0.11352397 0.35096902 -0.38581008
v 0.12377700 -0.22442825 -0.33736551
v -0.19505700 -0.24538000 -0.31996199
v -0.15923619 0.21476431 0.15172769
v -0.16056794 0.21643637 0.14417493
v -0.19777125 -0.35681024 0.37362874
v -0.17264625 0.32240501 -0.19553000
v -0.18009600 0.31240901 -0.19707800
v -0.12258987 0.23472925 0.33560675
v 0.07354298 0.22765057 -0.20277111
v 0.12419675 -0.03144750 -0.33664086
v 0.19954075 0.35593551 0.39882401
v -0.08185787 0.32872987 0.33686399
v 0.07817525 0.23316488 0.33377889
v 0.17171675 0.30283901 -0.38411650
v -0.15957116 0.21626247 -0.04411785
v 0.12257050 0.18197000 -0.33831850
v 0.12216175 -0.09095900 -0.38504049
v 0.12280500 -0.29495400 -0.33814001
v 0.18201847 0.21520431 -0.24098225
v 0.16159099 0.21715462 0.28701553
v 0.20026119 0.36843684 0.22734168
v -0.17959699 0.32043955 -0.19673082
v -0.19533551 0.23437850 -0.33387336
v -0.06427150 0.18324025 -0.38477999
v 0.17165200 0.22384875 -0.38425824
v 0.17051637 0.21675213 -0.38533726
v 0.05130356 0.18187732 -0.38459605
v 0.13764781 0.19350532 0.30425581
v -0.18345843 0.21494569 -0.26851419
v -0.19555075 0.17030574 -0.38293600
v -0.19153115 -0.06229987 0.33614418
v 0.12196100 0.32780674 0.33705026
v 0.17159356 -0.36419076 -0.37181988
v 0.18496725 0.21695462 0.22607256
v -0.14633751 -0.19407871 0.22127844
v -0.13667972 0.35401827 0.38406140
v -0.14713091 -0.15457319 0.33607200
v -0.00287409 0.30456915 0.33751735
v 0.15919308 0.21522427 -0.01797513
v -0.18533650 0.34957451 -0.31305900
v -0.14212863 0.35053676 0.38572863
v 0.16071187 0.19166963 0.26320219
v 0.12299219 -0.05428531 -0.33876425
v 0.12209794 -0.33229873 -0.38580954
v -0.19445388 0.21673962 0.38371980
v 0.17156725 0.10348812 -0.38443989
v 0.12582199 0.32838836 0.33393976
v -0.01111300 0.30755201 0.33974701
v -0.00794987 0.30728850 0.33914688
v -0.01156238 0.30581701 0.33825600
v -0.17463274 -0.22228549 0.38522926
v 0.13737166 0.21698999 0.26600546
v -0.01003050 0.29902950 0.33772099
v -0.17429200 -0.22646999 0.38278049
v -0.01009362 0.30808145 0.33565080
v 0.16164775 0.21358162 0.13842475
v 0.12714125 0.31087250 0.38308075
v -0.16949062 0.31888330 -0.19838287
v 0.04332619 0.23248944 0.33416030
v -0.19544549 -0.15512687 0.33728388
v -0.14601600 -0.27318251 -0.38291201
v 0.15875003 0.21292765 -0.27839372
v 0.15293974 0.36844391 -0.07400496
v 0.15767907 0.21518400 -0.26427600
v 0.15778938 0.21422587 -0.26937288
v -0.14568025 0.04377100 0.33675814
v -0.00193219 0.35433862 0.38254967
v -0.14776519 0.23100343 -0.36098245
v 0.17166568 -0.35309768 -0.33949181
v -0.16872793 0.23365051 -0.30245700
v -0.09766125 0.32681292 -0.33458456
v 0.12377994 0.25942576 -0.33630651
v 0.01731809 0.23336913 0.37634432
v 0.12276050 0.24650151 -0.33495450
v -0.15966481 0.21546535 -0.20602098
v -0.19371200 -0.19677800 -0.33196899
v -0.19456249 -0.24246749 0.16229001
v 0.19811635 0.36751533 -0.21602160
v -0.15964863 0.21528487 -0.31373361
v -0.17612512 0.20451012 0.38597849
v 0.15842175 0.21530703 -0.25183424
v -0.16682273 0.24575964 0.31989878
v 0.14089350 0.35167575 0.38254049
v -0.20007882 0.36729345 -0.27485693
v -0.19466899 -0.36444992 0.38246024
v 0.12247244 0.16658568 -0.38421857
v -0.15915513 0.21365237 -0.03437613
v 0.08857900 0.35548425 0.39968750
v -0.14583197 -0.19711463 -0.15855466
v -0.15827413 0.19338544 -0.22315562
v -0.08960422 0.23065887 -0.33809844
v 0.13644645 0.21599728 0.07448945
v 0.13724115 0.19104162 0.03635865
v -0.19587000 -0.27638751 0.33777201
v 0.14147122 -0.36953813 -0.33518988
v -0.14846700 0.30494800 -0.33378100
v 0.17243725 0.17115524 0.38272437
v -0.15881705 0.21633863 -0.01777339
v -0.16655201 0.27149999 -0.31776026
v -0.19305500 -0.26576200 -0.38244000
v 0.17231050 0.35115024 -0.35752100
v -0.19653951 -0.36539000 -0.37827674
v -0.15941085 0.21483803 -0.09406590
v 0.18160243 0.21521337 -0.26862583
v -0.00860975 0.23283406 0.37654456
v 0.10791900 0.36736500 -0.39898801
v -0.16010156 0.21662450 0.17914872
v 0.15926653 0.19044422 -0.03054384
v 0.16034099 0.19153582 -0.03308594
v -0.15957275 0.21735375 0.29032445
v 0.17197806 0.04508013 0.38231742
v -0.14473499 0.33018550 0.33498299
v 0.03682550 0.23267975 0.38225874
v 0.16145401 0.21312900 0.10127200
v 0.12284525 0.29166099 -0.33466613
v -0.02654025 0.32788825 -0.33428976
v -0.02266241 0.32054296 -0.33453375
v -0.15898176 -0.36175963 0.33580187
v 0.16409650 0.23349901 0.31626800
v -0.17174225 0.35265386 0.38406575
v 0.12149200 -0.18490225 0.33474374
v -0.14510800 0.23477051 0.38401750
v 0.11901947 -0.34262121 0.38246053
v 0.01837597 0.32801238 0.33722022
v -0.18194753 0.19119665 -0.26190156
v 0.12372225 0.11702237 0.38201132
v 0.03953250 0.21451850 -0.33582163
v 0.10688150 0.32779056 0.33672336
v 0.12175619 -0.24465519 0.38379976
v -0.18746677 -0.36524227 0.38660204
v 0.11342444 0.23291412 -0.31158641
v -0.19504724 0.05204425 -0.38264689
v 0.12295644 -0.03012275 -0.33786449
v 0.17272325 0.06225775 0.38038251
v -0.14612199 -0.19419301 0.33731800
v 0.17101268 -0.36421412 0.34440076
v 0.17123123 0.12591815 -0.33638379
v -0.15783174 0.21437076 -0.33480099
v 0.18494526 0.29153088 0.31629825
v -0.05383687 0.32978714 0.33437937
v -0.15832800 0.19337200 -0.14403699
v -0.06238156 0.32924005 0.33663240
v 0.01901200 0.32606024 -0.33742276
v -0.02885650 0.23137894 -0.38325301
v 0.18290700 0.23061962 -0.27297994
v -0.00662975 0.23137926 -0.31794274
v 0.18378353 0.21649094 0.13507853
v 0.18564603 0.23168132 0.19138731
v -0.14741747 0.03312347 -0.33415258
v -0.15986481 0.21705085 0.20743778
v -0.18201800 0.19130225 -0.13460325
v -0.15986469 0.21525587 0.21633038
v -0.16771850 0.26651600 0.20145500
v -0.14579688 -0.15530932 0.38401207
v 0.18368597 0.21624263 0.06839368
v 0.18482062 0.21718763 0.07008075
v 0.16916125 -0.13768525 0.33504993
v -0.06889313 0.23115012 -0.33801326
v -0.19407788 -0.29055107 -0.38041106
v 0.02701613 0.23426321 0.34711120
v 0.15796889 0.21530591 -0.27386391
v -0.19812502 0.36988276 0.27138042
v -0.14657171 0.25877181 0.33531630
v 0.18394426 0.33074024 -0.33456224
v 0.07497244 0.32767874 -0.33430037
v -0.18329000 0.19233194 -0.27453023
v -0.12224875 0.23420250 0.38300225
v 0.03561923 0.21681780 -0.24375430
v -0.14743650 -0.36162174 0.33690950
v 0.12526500 0.23166899 0.33431700
v -0.01268600 0.30527800 0.34003875
v -0.12448300 0.32995749 0.38540551
v 0.18589550 0.21793288 0.28137225
v -0.13687037 0.35143289 -0.38284445
v -0.02998175 0.23198675 -0.31837451
v 0.15929700 0.36811167 -0.19247085
v 0.13749351 0.19295050 0.33491501
v 0.12294275 -0.13935500 -0.33790863
v 0.12338400 0.23088825 -0.33659849
v -0.15962912 0.21733187 0.30514181
v 0.04096150 0.21522100 -0.33482549
v -0.06050294 0.21525268 -0.33490613
v 0.19989906 0.35407224 0.25464132
v -0.14416356 -0.36365601 0.34076214
v -0.14627138 -0.25888851 0.33800787
v 0.17165475 0.07102825 -0.38400251
v 0.13617331 0.21579762 0.02919194
v -0.00874925 0.30997050 0.33736849
v 0.12287185 -0.11286459 -0.33844519
v 0.00840162 0.21701713 0.33376712
v 0.08361884 0.23054393 -0.33815700
v 0.19947875 0.35242814 -0.37132075
v 0.18457974 0.23274143 0.16939935
v 0.04170361 0.21762212 -0.24044077
v 0.10307243 0.35111073 -0.38500422
v -0.14651400 -0.36084175 0.34631875
v 0.16838656 -0.36350149 0.34410143
v -0.19819725 0.37058726 0.39152649
v -0.15871786 0.21421365 0.20012429
v 0.12657875 0.32108000 0.33400863
v -0.16070440 0.21601112 0.19325182
v 0.13666494 0.21661818 0.17736803
v -0.18169475 0.19110499 -0.21339512
v 0.15778668 0.21528225 -0.28652945
v -0.14469975 0.24811825 0.33908474
v 0.19842747 0.36770135 -0.34990913
v 0.18525256 0.21730219 0.20251781
v 0.09870812 0.36865133 0.39980876
v 0.18195941 0.36974353 -0.14385498
v 0.18321529 0.36821026 -0.14909504
v -0.14627919 -0.00221194 -0.38198963
v -0.14750531 -0.00277019 -0.38321149
v -0.19611600 0.22386800 -0.38301751
v -0.19346499 -0.19461387 0.16542706
v -0.05291200 0.32706350 -0.33419451
v -0.01381406 0.32491237 -0.33828875
v -0.15991125 0.19198024 0.33657625
v 0.06195650 0.35056049 -0.31820175
v 0.15814944 0.21382958 -0.23723568
v -0.18053631 0.31599200 -0.19117719
v 0.12212731 -0.14348732 0.33455926
v -0.16513617 -0.36766070 -0.33152106
v -0.14539599 0.15258500 0.33658549
v -0.03272812 0.23090912 -0.33776286
v 0.14427206 0.19046231 -0.25936031
v -0.00396050 0.35065600 0.38452101
v -0.15964732 0.21582900 -0.22389112
v 0.12436900 0.18249050 0.38229051
v 0.18316562 0.23063369 -0.21566699
v 0.18222928 0.36842602 -0.13642181
v 0.11931688 -0.30133274 0.38242444
v 0.19883800 0.35083300 -0.39820600
v -0.01243259 0.30413625 -0.34028602
v 0.17322700 -0.36634776 -0.33774549
v -0.04468837 0.18214551 -0.38415661
v 0.07540200 0.23185501 0.37862751
v 0.08302153 0.23260060 0.38157737
v 0.09218894 0.22850394 -0.33714095
v -0.14799926 -0.34603325 0.33641499
v 0.16091949 0.19225048 0.06900836
v 0.19921681 0.35330093 0.23494072
v 0.08749744 0.32788494 0.33609468
v -0.14664787 -0.34835649 0.33762419
v -0.14540122 0.35003954 -0.38326132
v -0.01156450 0.30736575 0.33958650
v 0.19758007 0.35124081 -0.37532985
v 0.11854900 -0.36471155 0.33223537
v 0.12449144 0.04644275 -0.33638918
v -0.01354375 0.31036675 0.34041825
v -0.14756089 0.24746986 -0.33724412
v -0.00761300 0.29889601 0.33426401
v -0.03061025 0.35115725 -0.39834887
v 0.12537700 0.29102799 0.33652550
v 0.05910978 0.32698002 -0.33638737
v -0.14469425 -0.19586626 0.33531025
v 0.14962450 0.35048524 -0.38476175
v -0.18189231 0.19192438 0.30222175
v -0.05383803 0.35094133 -0.38357684
v 0.17111425 -0.36459750 -0.33911625
v -0.20005569 0.35243168 -0.34504238
v -0.16878250 0.26191849 0.19629288
v -0.15996063 0.19203056 0.06888750
v 0.13403501 0.21260400 -0.21212199
v -0.18735443 -0.36620674 -0.38499644
v -0.19447300 -0.19748950 -0.33480799
v -0.19669788 0.17416075 -0.38142675
v 0.18223700 0.21586899 -0.33564150
v 0.15973710 0.19099732 0.08419325
v 0.06255053 0.23153831 -0.31866387
v -0.16894665 0.23256791 -0.28123662
v -0.14863300 0.18258899 -0.38325551
v -0.19358650 -0.11527925 -0.33355024
v -0.14605087 -0.36259264 0.33445600
v 0.07832438 0.23091131 -0.33507031
v -0.19362450 -0.36961201 -0.33103800
v -0.18379669 0.19288012 0.22893463
v 0.13722037 0.21693194 0.24927062
v -0.05748475 0.32812199 0.38341850
v -0.14526768 0.11088003 0.38379651
v 0.16862907 -0.32605147 0.33726412
v -0.15987833 0.21499924 0.10476685
v 0.12280537 -0.17124462 -0.33807638
v -0.14746225 0.22988300 -0.33744875
v -0.16018274 0.21747100 0.32871649
v 0.13607137 0.21403749 0.05663880
v -0.18363300 0.19276400 0.14390001
v -0.19909000 0.36994901 0.37063199
v 0.11898950 0.23329300 0.31646925
v -0.18398647 0.23306178 0.01338697
v 0.17169601 0.11638900 0.38295501
v 0.16989382 -0.18636884 0.33515501
v -0.14652812 0.07614250 -0.33689839
v -0.19225962 -0.30739638 -0.33345288
v 0.12302175 0.04963450 -0.33783874
v 0.15596844 0.35186908 0.38196063
v 0.12473400 0.29981899 0.33340800
v 0.05138747 0.32784173 0.33701438
v -0.19464076 0.00171175 -0.38259211
v -0.19560450 -0.01176087 -0.38140464
v 0.16603200 0.35172275 -0.31697175
v 0.01651800 0.23132713 -0.31807011
v -0.17201456 -0.19099763 0.33719605
v 0.15268300 0.19901700 -0.38614500
v 0.14287788 0.20583688 0.38105586
v 0.12237650 0.25889575 -0.38353449
v 0.04515800 0.35163739 0.38345134
v -0.14431000 -0.36489463 -0.35121301
v -0.16940212 0.30925038 -0.18753093
v -0.18438201 0.35455099 0.39899251
v 0.19899738 0.35348687 0.26993695
v 0.07054563 0.23107301 -0.33813801
v -0.19616599 0.08501025 -0.37919250
v -0.19254625 -0.32012394 -0.38231769
v 0.08424837 0.23123513 -0.38426712
v 0.17015575 -0.02854300 0.38319501
v -0.14715338 -0.16262011 0.38510507
v -0.19884101 0.36915851 0.12144750
v -0.09052550 0.22825000 -0.33469224
v 0.15908435 0.19031712 -0.06262141
v 0.12497475 0.04087025 0.33427650
v -0.06072538 0.22795266 -0.33630374
v -0.18176199 0.19169401 0.12558600
v 0.00272700 0.35221550 -0.19161050
v -0.06164687 0.35447380 0.38326016
v -0.06790450 0.35115549 0.38501599
v 0.12336050 -0.21993300 -0.38650700
v 0.12216812 -0.04870725 -0.38462612
v -0.15844457 0.19294213 -0.18379125
v -0.19907987 0.36913037 0.29039112
v -0.15969132 0.21666329 0.10655503
v -0.16057031 0.19201510 0.12579553
v 0.16060813 -0.36733332 -0.33536968
v -0.16717850 0.26263601 0.31908250
v 0.13666534 0.21584956 0.10937037
v 0.13685791 0.21455128 0.13364713
v 0.17281787 0.24114788 -0.33509538
v 0.17233175 0.23790525 -0.33727351
v -0.14587162 -0.02756750 0.33693564
v -0.14795449 0.32520151 -0.38226950
v 0.16245425 0.21426727 0.28323415
v -0.19315800 0.34587100 0.38514501
v -0.08792000 0.18307069 -0.33521289
v 0.12522274 -0.36600649 0.38644850
v 0.12450153 -0.10978100 -0.33683407
v 0.12598050 0.32481250 0.38134450
v 0.16671827 -0.35111952 0.38347194
v -0.19327325 -0.20573349 -0.38242799
v 0.18272600 0.28944936 -0.33522218
v 0.12291956 -0.08353931 -0.33798587
v 0.18710931 0.37005669 0.39874408
v -0.08575925 0.35430688 0.38368487
v -0.14637497 -0.19505487 0.06111027
v -0.14749800 -0.19656500 -0.33316451
v 0.18297175 0.21623613 -0.25047514
v -0.19631940 -0.36711738 -0.34600988
v -0.19448274 -0.32018051 0.33647361
v 0.12312350 -0.01301381 -0.33801875
v -0.14529981 -0.18166469 -0.38192120
v 0.16884924 -0.13107350 0.38317174
v 0.18258888 0.21578813 -0.02723369
v -0.15888743 0.21340862 -0.17175750
v -0.16080882 0.21541876 0.15895262
v 0.12506150 -0.03103650 0.38345101
v -0.08819650 0.31768051 -0.33412424
v -0.18506999 0.21685269 -0.24852937
v -0.17297654 -0.36337170 0.38589597
v -0.19386762 -0.19424856 0.27361524
v -0.19469987 -0.19611643 -0.00226756
v 0.19900112 0.36884454 0.08471775
v 0.17228600 0.02066600 -0.33833501
v 0.17362368 0.16091213 0.33482319
v -0.17032112 0.18919174 -0.26190367
v 0.18279865 0.23181678 -0.08848941
v 0.17449050 0.24728949 0.33561850
v 0.15616751 0.21545000 -0.20330162
v -0.02449006 0.21473907 -0.33558869
v -0.14785443 0.28700000 -0.33406794
v 0.17147438 0.01302262 -0.38496786
v -0.18731356 -0.36554280 -0.33120736
v 0.18363893 0.23136707 -0.06247553
v 0.15842637 0.21224290 -0.31197795
v -0.08494800 0.32721826 -0.33450750
v 0.07066731 0.35429832 0.38010892
v -0.09908300 0.32610700 -0.38450801
v 0.12519801 0.26763701 0.33353299
v 0.17462374 0.34343836 0.33327821
v 0.17178750 0.07707188 0.33374751
v -0.17349200 0.19932725 -0.38496289
v 0.17065796 -0.22533706 -0.33775488
v 0.16979812 0.23159763 -0.31851301
v 0.17208281 -0.05590719 -0.33870587
v 0.11431710 0.23405813 -0.31640643
v -0.03831263 0.32849020 -0.33412582
v -0.19963001 0.36673599 -0.39896500
v 0.14317037 -0.36589906 0.38585880
v 0.16831712 -0.34589088 0.33544576
v 0.16113323 0.21627679 0.11609208
v -0.15991215 0.21530996 -0.16637756
v -0.19381650 -0.32149425 0.38545501
v -0.03802600 0.36565751 -0.39978200
v 0.17174400 -0.27083874 -0.33917126
v 0.19949107 0.36690792 -0.29533806
v 0.12341212 -0.14080587 0.38366175
v 0.16258851 0.19180350 0.33475950
v 0.17143537 -0.03777963 0.38191938
v 0.00292738 0.23305762 0.38265049
v 0.18605700 0.23254350 0.28992850
v 0.17018750 0.26823500 -0.38526100
v -0.17016275 0.26409155 -0.18790525
v 0.12394403 0.01230697 -0.38571945
v -0.14874350 0.08233625 0.33572799
v 0.14605901 -0.36593732 -0.38921812
v 0.07753825 0.35132626 -0.38517025
v 0.12271919 -0.30506518 -0.34556395
v -0.01823225 0.36725125 -0.39891374
v -0.14490800 0.32712999 0.38119251
v -0.19402200 -0.27348861 -0.33478600
v 0.03726313 0.21481350 -0.24359456
v 0.14827424 0.37044981 0.39866757
v 0.19958475 0.35285807 0.13909894
v -0.15871949 0.21655449 -0.32821050
v 0.09835400 0.35021299 0.38372001
v -0.14504012 0.30734962 0.33518088
v 0.03373300 0.21528050 -0.24408300
v 0.17360225 -0.36681950 -0.38682899
v -0.14445424 -0.32859924 -0.33487648
v -0.14638050 -0.28800899 -0.33383399
v 0.16077547 0.21309078 0.01629112
v 0.18449900 0.21656600 0.03242400
v 0.12488537 0.12844737 0.33430099
v -0.19976898 0.36771291 -0.10515778
v 0.11996710 -0.25134581 0.33676276
v 0.12143622 -0.22236060 0.33466461
v 0.01503525 0.23441149 0.31820112
v 0.07522613 0.23026650 -0.38536075
v -0.04378137 0.23233651 0.16591312
v 0.16001566 0.21588150 0.01313906
v -0.19793300 0.36884126 -0.09435300
v -0.10535475 0.23067901 -0.33720788
v 0.01834725 0.23425888 0.34879136
v -0.14660449 -0.15919450 -0.38310051
v -0.14617850 -0.32118401 0.38459849
v 0.16091387 0.21578787 -0.06711637
v 0.15880509 0.21468678 -0.06681844
v -0.19388600 -0.23279181 0.38512662
v 0.02224900 0.18491200 0.38336301
v 0.00934087 0.18376738 0.38217887
v 0.09212819 0.18189181 -0.38533837
v -0.14359821 -0.36300036 0.35984269
v -0.14612068 -0.36206701 0.36483607
v -0.09014400 0.26315400 -0.33445799
v 0.12186225 0.18174775 -0.38400149
v -0.15891109 0.21356659 -0.21840516
v -0.18544924 0.35073856 -0.01631281
v 0.13517289 0.21631341 0.09892123
v 0.12122113 -0.25004539 0.33475301
v 0.20028612 0.36800340 0.15502113
v 0.12898669 0.35413751 0.38125607
v 0.17263649 0.18393050 -0.33772400
v -0.19301800 0.14459750 0.38507199
v 0.03429887 0.21513587 -0.24848901
v 0.12319350 0.15108649 -0.33766949
v 0.16683801 -0.36448851 -0.38747451
v 0.16896397 -0.28327820 0.33553800
v 0.19705944 0.35387757 0.32836562
v -0.16738747 0.19740760 -0.38414317
v -0.17549001 0.21036801 0.38565600
v -0.17550403 0.21034312 0.38265604
v 0.19816449 0.35212037 -0.05112362
v -0.14242876 -0.36632499 -0.35723451
v -0.08635875 0.35442549 0.39892226
v -0.15957431 0.19217406 0.01068962
v 0.12138025 -0.12891150 0.33590099
v -0.11606938 0.22777806 -0.33426237
v -0.16830750 0.21072200 0.38521799
v -0.14388600 0.32836699 0.34832501
v 0.17306025 0.31582645 -0.33513013
v -0.14535038 -0.19596906 0.07391938
v 0.20029125 0.35372305 0.07676943
v -0.18383594 0.19285706 0.32285056
v -0.16926825 0.27201676 0.19765575
v -0.19560350 -0.30530599 0.38430950
v 0.17180741 -0.22191694 -0.33911774
v 0.12041106 -0.34258521 0.38380828
v -0.05882950 0.21274063 -0.33503076
v -0.19455360 -0.19541295 0.18050037
v -0.18355262 0.21512806 -0.31815442
v -0.19371350 -0.14855075 0.38522393
v -0.15824206 0.19352525 -0.28405625
v -0.15921843 0.21591115 -0.19289824
v -0.18349637 0.21481846 -0.27822569
v 0.07066950 0.23121326 0.38365099
v 0.14837275 0.35146374 -0.38574076
v 0.05584978 0.23268658 0.37932813
v 0.13479057 0.21473868 -0.17315604
v 0.19879875 0.35144749 -0.11708575
v 0.14880151 -0.36497349 0.38313258
v 0.18607394 0.23219262 0.26588649
v -0.18533087 0.21722938 -0.26728424
v -0.14487828 -0.26035824 -0.38162908
v -0.16027750 0.19207793 0.19859782
v 0.17103140 -0.31775099 -0.38601741
v 0.01487819 0.23540987 0.34504595
v 0.12336750 0.18142800 -0.33706951
v -0.09306144 0.32923031 0.33457601
v -0.12155325 0.35439524 0.38419643
v 0.12266256 0.26368019 -0.33487490
v 0.19942525 0.35363650 0.30831775
v 0.16778900 -0.31654924 0.33448139
v 0.14508912 -0.36336675 -0.38726568
v 0.19843251 0.36844450 -0.06207212
v 0.05226600 0.35094801 -0.38394499
v 0.12466950 0.25547308 0.33371049
v 0.17304556 0.10546194 0.33486280
v -0.00647575 0.18213512 -0.38448232
v 0.12424050 0.16127776 0.33524901
v 0.15848382 0.21540000 -0.18748043
v -0.19469519 -0.24568126 -0.28599250
v -0.08280225 0.33074543 0.33408105
v 0.02845163 0.32655901 -0.33740038
v 0.17975900 0.35522574 0.39951050
v -0.16905384 0.28888416 -0.10308634
v 0.13526775 0.21402909 -0.08180997
v 0.12444250 0.08287575 0.33423001
v 0.16546015 0.36820328 -0.13475256
v 0.12562881 0.35107255 0.38299233
v -0.10781837 0.21580237 -0.33447462
v 0.13692272 0.21497369 0.15789746
v 0.18423632 0.28012908 -0.33436576
v 0.15968674 0.35438874 0.39858776
v 0.12364850 0.18216801 0.33555400
v -0.19266963 -0.29361388 -0.38232324
v 0.06131088 0.35126525 0.38376439
v 0.16776772 -0.26460257 0.33426836
v 0.18443300 0.34862599 -0.31928200
v -0.17332663 0.19098926 -0.25808361
v 0.12240450 0.32562301 -0.38405100
v 0.15884276 0.19009157 -0.10477231
v 0.15997888 0.19134650 -0.11433244
v -0.19283825 0.20481101 0.38491175
v -0.19996700 0.36734101 -0.39412701
v 0.15772703 0.21551366 -0.15051231
v -0.18529212 0.21714887 -0.28462106
v 0.16032065 0.19147913 0.13794522
v 0.12415557 -0.17868175 -0.33718169
v 0.12202319 -0.30514812 -0.38574755
v 0.18276069 0.21550469 -0.06426347
v -0.10097672 0.23144834 -0.38268089
v 0.17292316 0.37093851 0.39871806
v 0.16898988 -0.36413375 0.33300763
v 0.16155787 0.21408437 0.18265288
v 0.19796947 0.35159388 -0.26631445
v 0.11411400 0.32926011 0.33335388
v -0.16846438 -0.22492200 -0.38494363
v -0.19359063 -0.34139425 -0.38085425
v 0.12160850 0.21719600 0.33346549
v -0.15880232 0.21673068 0.13020056
v -0.15913947 0.21638884 0.02144194
v 0.16692281 0.21733972 0.33057225
v 0.02643506 0.23349556 0.31837061
v -0.11593034 0.18237819 -0.36186656
v 0.16138244 0.21664128 0.16399147
v -0.14525300 -0.35025951 -0.38266149
v 0.11131591 0.35146844 -0.31804776
v 0.06303534 0.23236232 0.37890118
v 0.16709600 -0.36232501 0.33435801
v -0.19651000 0.27132300 -0.38307500
v -0.01897550 0.30349451 0.33795550
v 0.16926281 -0.24593490 0.33522671
v 0.12412050 -0.33841699 -0.33784401
v -0.14715394 -0.04911325 0.33586055
v 0.10341062 0.23060974 -0.33809522
v -0.15925100 0.21411775 0.23548575
v -0.11241825 0.23060675 -0.38412264
v -0.18063550 0.35219899 -0.39919651
v -0.16680087 0.20214938 0.38550526
v 0.19778918 0.35142505 -0.33907205
v -0.18441825 0.35118449 -0.32381999
v -0.04905900 0.32553300 -0.38351801
v -0.01515695 0.23332927 0.37747601
v -0.19465269 -0.19578238 0.13200162
v 0.17070140 0.20966335 0.33391449
v -0.19114301 -0.10880900 0.33612201
v 0.06886200 0.36728999 -0.39933199
v 0.16869231 -0.35005537 0.37475350
v 0.00605338 0.18311387 -0.33610687
v -0.06949563 0.23384582 -0.33476388
v 0.14459901 0.19794187 0.38116762
v 0.15880550 0.21540076 -0.10835600
v -0.19626750 0.37027499 0.32929525
v 0.15798043 0.21517742 -0.11392167
v -0.16935119 0.34386194 -0.31686074
v 0.12203884 -0.23074734 -0.38442335
v -0.16933049 0.33142850 -0.31759551
v -0.16848600 0.23247400 -0.31746101
v -0.16837518 0.25385594 -0.31785247
v -0.00116219 0.36989763 0.31113899
v 0.07040612 0.32597163 -0.33632055
v 0.04475566 0.35461608 0.38215563
v 0.06379725 0.32926849 -0.33400664
v 0.18371551 0.26362649 -0.31896988
v 0.00144944 0.36967894 0.27406117
v 0.17195612 0.25258416 -0.33635476
v 0.15947019 0.21649303 0.02748138
v 0.17130250 -0.14227951 -0.38544250
v -0.14558044 0.02238650 0.38401657
v -0.14147598 0.22934294 -0.34161121
v 0.12310200 -0.05619525 -0.38591251
v 0.15996350 0.21299900 -0.09238937
v 0.16832663 -0.34511399 0.38050699
v 0.14964800 0.21112350 -0.38370350
v -0.17602375 -0.22115774 -0.38432124
v 0.13580056 0.21638578 0.13613728
v 0.14789450 0.20803276 -0.38683674
v -0.14288551 0.23483451 0.37132049
v -0.19528712 -0.24077438 -0.33012351
v 0.16212925 0.21711913 0.29872999
v 0.14660834 0.20101026 -0.38553751
v -0.14746000 0.23244700 -0.38227999
v -0.16696949 0.19102450 -0.25588301
v -0.14567593 -0.19679466 -0.08413482
v -0.19531102 -0.25571960 0.38410166
v -0.19486150 -0.12087750 -0.33472013
v 0.17595063 0.36826998 -0.13029954
v 0.14003059 -0.36214477 0.33376431
v -0.12632160 0.18228972 -0.38066044
v 0.17077188 -0.32969755 -0.33821437
v 0.17472075 0.28063899 0.33306375
v 0.15761848 0.21435198 -0.24743356
v 0.12070797 -0.30101928 0.38373047
v 0.15506551 0.35312974 -0.39976224
v 0.15855400 0.21532153 -0.17798616
v -0.16621763 -0.21722287 -0.38418001
v -0.12945315 0.32901642 0.33782443
v -0.14795925 0.25847203 -0.33572900
v 0.01992637 0.18185344 -0.33757624
v 0.02982825 0.32816976 0.33611763
v -0.18575326 0.22064713 -0.33466563
v -0.09136200 0.31862900 -0.33257636
v -0.14614891 -0.17169790 0.33728185
v -0.14686801 0.24759600 -0.33418599
v 0.15449080 0.36845303 -0.10393473
v 0.20019050 0.35498926 0.32505274
v -0.18538848 0.21728416 -0.31478426
v 0.17628613 0.23508599 0.31675938
v 0.20011880 0.35358825 0.12494644
v 0.04992344 0.36828110 -0.16269770
v 0.19907500 0.35429725 0.36201125
v -0.15831588 0.21612875 -0.13171899
v 0.19903393 0.36987936 0.28698081
v -0.15896188 0.21368837 -0.12878662
v -0.15935309 0.21587631 -0.11313784
v 0.17052625 -0.04044825 -0.33689925
v 0.15915225 0.19094938 -0.23332524
v 0.19910577 0.35269222 0.10160450
v -0.18815900 0.26233000 -0.33402449
v 0.10485853 0.32603997 -0.33732942
v -0.00536400 0.30210000 -0.33819100
v -0.15917698 0.21400587 0.25654039
v -0.14547606 -0.16369550 -0.33517411
v 0.00782388 0.23091112 -0.33701211
v -0.05317300 0.36724100 -0.39944801
v -0.19474575 0.16436049 -0.33386499
v 0.12287690 -0.36567196 -0.35101810
v 0.19991653 0.35295919 0.04565116
v 0.05060090 0.23064540 -0.33707026
v 0.13524085 0.21578763 -0.03199661
v -0.14811881 0.27586350 -0.33392626
v 0.13396128 0.21514000 -0.23821753
v 0.13602419 0.19301419 0.08609900
v -0.14660306 -0.31208137 0.33741161
v 0.01895675 0.23036787 -0.38498488
v -0.16440575 0.20515250 0.38265049
v -0.18362582 0.19293202 -0.02442191
v -0.18190296 0.19161917 0.03047084
v -0.18543178 0.34063348 -0.33433062
v 0.19917175 0.35316399 0.21336487
v -0.15931168 0.21714801 0.22457369
v -0.16841675 0.35180399 0.27608576
v -0.04450831 0.22648531 -0.33711356
v 0.19884713 0.36793238 -0.30089861
v 0.13594510 0.21496701 0.01190406
v -0.14706737 -0.19589138 -0.15281337
v 0.17057100 -0.12700075 0.38130051
v 0.01365575 0.23470512 0.34171724
v 0.11996987 -0.36707026 -0.36614764
v 0.12386362 0.11575788 0.33494237
v 0.12017862 -0.22662362 0.38291362
v -0.19548713 0.26546574 -0.33392736
v 0.19755700 0.36751199 -0.39906901
v 0.18640800 0.23367649 0.31699100
v 0.12257525 0.23180050 -0.38468674
v 0.18412119 0.21654925 -0.03479287
v -0.19455412 0.16934113 0.38361987
v 0.08397356 0.35241926 0.38231543
v 0.12019019 -0.36307850 0.33485100
v -0.06080037 0.32632974 -0.33656189
v -0.18494162 0.23219706 -0.33387476
v 0.17216925 0.14166550 0.33365425
v 0.13759600 0.21612781 0.23302069
v 0.17167163 -0.31110701 -0.33927211
v -0.19983387 0.36788118 -0.14294200
v -0.13560100 0.23537600 0.33534300
v 0.07664318 0.22970712 -0.33734748
v -0.17034151 -0.19553950 -0.08834050
v -0.19191851 -0.36254850 -0.33352250
v -0.17001250 -0.21294250 -0.38149726
v -0.15863450 0.19310300 0.13489187
v -0.16038050 0.21678799 0.15844101
v 0.11897300 -0.34179875 0.33746025
v 0.12319262 -0.33838573 -0.38692534
v -0.18491161 0.35018045 0.18959884
v -0.11618000 0.18520731 0.33564425
v 0.12603600 0.18238799 0.33395600
v -0.13504912 0.32645914 -0.33692336
v 0.02048506 0.23469013 0.34305507
v -0.14672650 0.18141600 -0.33564600
v -0.19420224 0.02313050 -0.33367124
v 0.05894770 0.35406923 0.38299888
v -0.18383466 0.21426134 -0.19117671
v 0.20029497 0.35391724 0.16609178
v 0.12322625 0.07126869 0.38190076
v -0.14826301 -0.36553299 -0.38568950
v -0.03175400 0.32497749 -0.33618000
v -0.03271919 0.32682422 -0.33736023
v 0.00813828 0.23558703 0.34148908
v -0.14559831 -0.12056675 -0.33498925
v -0.03200825 0.23023075 -0.38468450
v 0.12201000 -0.36583900 -0.38429999
v -0.13082100 0.18344100 -0.33474499
v -0.19390838 0.33892524 -0.33418638
v 0.04372481 0.23022631 -0.33724406
v -0.19751263 0.34675586 -0.33639050
v 0.00471313 0.32873464 0.33629832
v -0.15846662 0.19379750 0.02674925
v -0.19495051 -0.19682963 -0.05130138
v -0.16990493 0.35457975 0.38412368
v -0.14809787 0.15415637 -0.33425912
v 0.03891138 0.32807574 0.33698574
v -0.18477362 0.35106188 0.21216050
v -0.15198100 0.36736801 -0.39930499
v 0.12312825 0.25139874 -0.33721399
v 0.01577750 0.23258075 -0.31889126
v 0.12218025 -0.28557599 -0.38598800
v 0.18664750 0.29054737 0.31759512
v 0.18320407 0.32240245 -0.31849808
v 0.13524400 0.21577688 -0.00974138
v -0.14544922 -0.19639684 0.01956591
v -0.00457319 0.32700056 -0.33555737
v -0.14702618 -0.17981544 0.33617425
v 0.08222600 0.21429238 -0.33601299
v -0.19560775 -0.18649951 0.33721501
v -0.19523600 -0.07588375 -0.38123351
v 0.17466587 0.30839974 0.33452213
v 0.02342287 0.35131299 -0.38437364
v 0.02884150 0.34868151 -0.38488349
v 0.13935965 0.20520106 -0.38406286
v -0.02168337 0.33066425 0.33354637
v 0.16916238 -0.25898799 -0.38704151
v 0.04977300 0.35183069 -0.31822151
v 0.19296187 0.35195550 -0.16753624
v 0.00603375 0.36563924 -0.39955899
v 0.12172875 0.23220238 -0.37004238
v -0.16969547 0.27028373 0.19013615
v -0.19615801 0.10498300 -0.33528149
v 0.13239224 0.23318037 -0.31495449
v 0.19960725 0.35266143 -0.24927451
v 0.18927772 0.36794585 -0.17310593
v 0.10175700 0.37042513 0.39870489
v -0.14665638 -0.04149716 0.38500240
v -0.16015910 0.21709065 0.31851855
v -0.16887325 0.25892976 -0.19219124
v -0.19669956 0.36978912 0.24554519
v 0.16795149 -0.27020100 0.38356501
v 0.16178900 0.21704476 0.20488513
v -0.18596600 0.20169576 -0.33431351
v 0.19973326 0.35291436 -0.17635225
v -0.16448507 -0.22320007 -0.38162774
v 0.19881332 0.35154939 -0.21864407
v -0.19362594 -0.03553867 0.38506582
v -0.14525682 0.28333375 0.38370442
v 0.17750181 0.36818975 -0.17207628
v 0.15440075 0.20298475 -0.38383251
v 0.12158475 0.18187863 -0.36354136
v 0.15540412 0.36848289 -0.08640920
v 0.12286425 0.18110324 -0.37083974
v -0.19845074 0.36885387 -0.04907031
v -0.19939800 0.36850700 -0.01963100
v -0.14600100 -0.09030500 0.33731726
v -0.14620624 0.18202150 -0.35751638
v -0.15838850 0.21623725 -0.26562026
v -0.15859850 0.21364750 -0.27595124
v -0.17317569 -0.36656809 -0.33090538
v 0.06815773 0.22872202 -0.19285467
v -0.03119925 0.23343000 0.36338812
v -0.01549900 0.30746949 -0.34224674
v 0.06551988 0.22695243 -0.19868188
v 0.18802024 0.35171151 -0.39954326
v 0.19956499 0.36726600 -0.20158800
v 0.17174976 0.27629787 -0.33501238
v -0.15909131 0.21470088 0.32840464
v 0.13659196 0.21650632 0.20438206
v 0.15860873 0.18999054 -0.14560883
v 0.17350900 0.25899699 0.38275501
v 0.12327403 -0.35502818 -0.33812755
v -0.16004600 0.21787162 0.33588162
v -0.04477200 0.23165700 -0.06133400
v -0.19324100 -0.19562300 -0.33370599
v -0.07152887 0.35418800 0.38461012
v 0.08177175 0.18437400 0.38298976
v 0.12177825 -0.08710850 0.33585337
v -0.14654376 -0.21273887 -0.38301924
v 0.18642700 0.35118100 0.33209500
v -0.02167736 0.23292999 0.37724003
v 0.10251275 0.22887094 -0.33744699
v 0.12404350 0.23209675 0.37092626
v -0.19499500 -0.24544750 -0.26901999
v -0.13740587 0.22827138 -0.33389500
v -0.03567988 0.23205812 0.38389951
v -0.02493350 0.23337001 0.36037675
v -0.02705812 0.23349825 0.35439864
v 0.18472631 0.21712878 0.26234421
v 0.06208119 0.35183936 -0.31543767
v -0.16625184 -0.22266534 0.38560230
v -0.16891521 0.31126401 -0.31770581
v -0.18969637 0.36966687 0.39958838
v 0.08467014 0.22927713 -0.18741728
v -0.19903435 0.36934829 0.31509009
v -0.19803487 0.37012526 0.30488387
v 0.12570181 0.23146075 -0.31853059
v 0.16812597 -0.24332559 0.38351399
v 0.17012499 -0.11528525 -0.38647339
v -0.02324081 0.23122218 -0.14192194
v -0.03209700 0.23348500 0.35471100
v 0.15900907 0.21324632 -0.22337119
v 0.17156775 -0.03093375 0.33539411
v 0.16256687 0.21707387 0.27435151
v -0.14624400 -0.03722150 -0.38227549
v -0.16021787 0.21656455 0.24032633
v 0.13505419 0.19203563 -0.06862994
v 0.11849650 -0.36353838 0.37431112
v -0.03934075 0.23009631 -0.33719212
v 0.15844300 0.21547963 -0.32315174
v -0.14687400 -0.11977200 -0.38311699
v -0.16468801 -0.21401200 0.38533649
v 0.12619519 0.23284857 -0.31089851
v 0.17306399 0.23258600 -0.33555189
v -0.19398704 -0.19591317 -0.10027580
v -0.17039426 -0.21870551 0.38411364
v -0.00522450 0.31643549 -0.33737499
v 0.19731057 0.35208806 -0.11499619
v 0.12315562 -0.13881212 -0.38614124
v -0.17623875 -0.22792424 -0.38163126
v -0.18402424 -0.36220500 0.33596426
v -0.16133194 -0.36540031 -0.38517687
v 0.17126825 -0.08977807 -0.38534918
v -0.18339212 0.19214313 0.33689013
v 0.19862318 0.35245943 0.03130881
v 0.12385281 -0.27729574 -0.33762443
v 0.12274731 -0.27565280 -0.33898410
v 0.12020325 -0.36826050 -0.34897208
v 0.14532350 0.23339656 -0.31909794
v 0.14397025 0.23143175 -0.31829801
v -0.18328997 0.21557616 -0.23913257
v -0.17581193 0.20745544 -0.38483694
v -0.05588408 0.23375961 0.37755963
v 0.02822950 0.23273949 0.34359199
v 0.15483259 -0.36563298 0.33174181
v -0.16713187 0.31543806 -0.31747574
v -0.09880700 0.26508000 -0.33287600
v 0.18142068 0.21518497 -0.20689151
v 0.03527080 0.35186851 -0.31750384
v -0.16862200 0.26081949 0.18920350
v 0.16120750 0.21482082 0.15731460
v 0.17100927 -0.25555682 -0.38567847
v -0.16876897 0.27637914 -0.31791949
v -0.19608200 0.05618100 -0.38076100
v -0.15877751 0.19385363 0.24573788
v -0.15930524 0.21419975 0.17399681
v -0.19811857 0.35073525 -0.34727749
v -0.12107287 0.35199568 0.38535464
v 0.12269100 0.23396701 -0.33516499
v 0.17950387 0.35149249 -0.34226799
v 0.01414663 0.35023570 -0.31818289
v -0.19542976 -0.19773450 -0.29317549
v -0.14607100 -0.29619801 0.38459200
v 0.12383468 0.18776537 0.38318363
v -0.15986462 0.21615724 -0.06246037
v -0.19872713 0.36879125 -0.12637988
v -0.04186506 0.32635182 -0.33685258
v -0.18500701 0.21750900 -0.19715901
v 0.17034912 -0.02846413 0.33387461
v -0.14564362 0.08624203 0.33801365
v 0.19998300 0.36942181 0.35785443
v -0.02873628 0.23331322 0.37035543
v -0.15972812 0.21704225 0.28121874
v -0.14740981 -0.32333776 0.38532951
v 0.16412188 0.35128087 -0.39780039
v 0.07792360 0.22960532 -0.18607232
v 0.15734600 0.21468700 -0.33635300
v -0.18391100 0.21342100 -0.24804699
v 0.08920050 0.35099101 -0.31848624
v 0.04706800 0.23256700 0.37176701
v -0.15940467 0.21427873 0.30909997
v -0.05167056 0.23375373 0.35736138
v -0.15981750 0.19159375 -0.21478356
v -0.14687225 0.32662964 -0.34354845
v -0.04428909 0.23366892 0.35602090
v -0.16763376 0.30778149 0.31912649
v -0.19849572 0.36941731 0.17523102
v 0.13542464 0.21492648 -0.32223463
v 0.13427031 0.21304557 -0.32409704
v -0.19473951 0.15310600 0.33729601
v -0.10601300 0.32884449 -0.33385450
v -0.18528906 0.34990439 -0.26742205
v -0.15939985 0.21415485 -0.14514345
v -0.01645481 0.35385403 0.38338262
v -0.03824925 0.23418275 0.36069933
v -0.18549925 0.34988487 -0.21694644
v 0.05152570 0.35396296 0.38343102
v -0.19333801 -0.36476550 -0.33412549
v 0.18212350 0.21544319 -0.09296788
v 0.12777121 0.23148485 -0.13676406
v 0.03464619 0.21596563 0.33446294
v -0.19885875 0.35474786 0.38536963
v 0.17050993 0.00908487 -0.33675176
v -0.19063337 -0.24702975 -0.33274981
v 0.12236950 -0.36440650 -0.38654050
v 0.16376400 0.21725675 0.31498799
v -0.19247000 -0.19401374 0.32139349
v 0.12282450 0.02976212 0.38197163
v -0.19984706 0.35263807 -0.22065787
v -0.02017800 0.32018849 0.33431849
v -0.19370525 -0.31626499 -0.33472025
v -0.19468226 0.11043250 0.38373899
v 0.17326251 0.36905399 0.39964774
v -0.19368026 -0.19646899 -0.25695699
v 0.15748143 0.21370144 -0.28984043
v 0.09472413 0.18309663 -0.33699074
v -0.14350601 0.23499012 0.33631524
v 0.15469944 0.20021796 0.38372833
v -0.14627925 0.03752569 -0.33614308
v -0.19517900 -0.36551201 -0.33281374
v 0.11932375 -0.32049674 0.33681551
v 0.12211800 -0.03122700 0.38231900
v 0.04643250 0.23136488 -0.35135686
v 0.12205506 -0.20046988 -0.38533956
v -0.16543093 0.19798863 -0.38253051
v 0.13383219 0.21502028 -0.33042127
v 0.15855135 0.18989781 -0.21977441
v 0.16948999 -0.22913900 0.38262150
v 0.19659200 0.36755899 -0.37322399
v 0.15735593 0.18951231 -0.30439037
v -0.02066544 0.21594788 0.33472750
v 0.18476112 0.23243563 0.33330324
v -0.03732817 0.35429478 0.38437331
v -0.13344000 0.18760251 0.33480200
v -0.12911960 0.18199822 -0.34921470
v 0.13856700 0.19212200 0.25978401
v 0.12271837 0.23318513 -0.36384213
v -0.14642413 0.14479181 0.38479492
v 0.12086969 -0.31484905 0.33479062
v 0.02392500 0.35433301 0.39880401
v -0.01546100 0.23326738 0.33441725
v -0.05143950 0.21425749 -0.33516401
v -0.15939337 0.21571106 -0.17922831
v -0.19520675 0.21755324 -0.33392012
v 0.17076544 0.30018499 -0.38517225
v -0.14423300 -0.22823000 0.33525199
v -0.16900025 0.26801026 -0.18411499
v -0.14738087 0.00497237 0.33599964
v -0.10103225 0.35148126 -0.38454950
v -0.04556700 0.21553300 -0.33502200
v -0.00144275 0.23278999 0.25940651
v -0.04926512 0.21425726 -0.33656174
v -0.19903307 0.36816806 -0.28973019
v -0.05580900 0.23358600 0.38285300
v 0.12315468 -0.27394518 -0.38667619
v 0.13320750 0.19081549 -0.31536299
v -0.16904950 0.26844400 -0.19826850
v -0.19427000 0.12121700 -0.33380401
v -0.14660850 0.03214425 -0.38118151
v -0.18547900 0.34962249 -0.25099751
v -0.11155287 0.32998857 0.33467758
v -0.15969540 0.21500510 -0.25277832
v -0.02826275 0.35101295 -0.38388756
v 0.03708962 0.32606119 -0.33749157
v -0.14761950 0.32558700 -0.35164100
v -0.11435125 0.32891980 0.33786663
v 0.08230913 0.22924356 -0.19558263
v 0.03946650 0.35184100 -0.26367101
v 0.14470351 0.20018625 0.38341799
v 0.19951138 0.35270149 -0.33615899
v 0.11665750 -0.36515889 0.38303274
v -0.19431247 0.26360685 0.38394919
v -0.02034050 0.34891501 -0.38455200
v 0.18410254 0.21631019 0.01114759
v -0.16340975 0.26682675 0.31941801
v 0.14353099 0.36738899 -0.39945599
v -0.08997618 0.35061145 -0.38296282
v -0.19473600 -0.19587606 0.09540944
v -0.19340405 -0.19485418 0.10496150
v 0.17133112 0.18930043 -0.33626920
v -0.19526038 0.28318411 -0.33389750
v -0.01218100 0.30999351 0.33880150
v 0.11284850 0.18358099 0.37475899
v -0.14545725 0.23637874 0.36321825
v 0.12260200 -0.10260000 0.33446500
v -0.18435857 0.35180056 0.20156081
v -0.16988578 0.31951067 0.19203684
v -0.18372734 0.21506840 -0.21684965
v 0.12283859 -0.33195865 -0.34111422
v -0.19495857 -0.11735647 -0.38082471
v 0.16478941 -0.28520310 0.38352042
v 0.07682537 0.22822057 -0.18878306
v 0.16875094 -0.29300839 0.38018006
v 0.16412850 0.20586701 0.33457351
v 0.12328450 0.21469200 -0.33630350
v -0.19469000 -0.28507826 0.33650824
v -0.02906431 0.23444726 0.35545224
v -0.09303900 0.27322599 -0.33442050
v 0.17438050 0.21814750 0.33375201
v 0.12213900 -0.12545624 -0.38484776
v -0.14738625 -0.28443125 0.33626887
v -0.19495450 0.06022900 0.33722499
v -0.16426168 0.33045745 0.31904301
v 0.07526819 0.22833331 -0.19413032
v -0.19262224 0.04948750 0.33597124
v -0.18151049 -0.36250401 -0.33329025
v -0.19506800 0.02881500 0.33715999
v 0.15374032 0.23522700 0.31744820
v -0.17133281 0.20514025 0.38430482
v -0.14609575 -0.19738075 -0.33364326
v -0.13277683 0.23056021 -0.33906525
v -0.19888200 0.35486838 0.36461186
v 0.12312250 0.31359899 -0.33682799
v -0.16874249 -0.24740174 -0.33425799
v -0.02317641 0.23134781 -0.15051644
v -0.09174450 0.32394150 0.33310524
v -0.05440031 0.36870933 -0.08645669
v -0.14615449 -0.19772862 -0.28342533
v -0.19354300 0.15608925 0.33596775
v -0.01323162 0.30797613 0.33851638
v 0.12622587 0.02889831 0.33422950
v 0.12279750 0.02545800 0.33572239
v -0.19463325 0.17681324 0.33693576
v -0.16224663 -0.21897525 0.38293189
v -0.15432701 0.36985576 0.39996800
v -0.15100124 0.37050563 0.39928076
v 0.10795255 0.36970904 0.27186432
v 0.01718200 0.36725399 -0.39856300
v -0.18323000 0.21526025 -0.29093912
v -0.01409550 0.30837163 0.33744293
v 0.11989900 -0.36641824 -0.38689950
v -0.19273925 0.10915094 0.33598024
v 0.12223800 0.06204925 -0.38373074
v -0.03905850 0.23357500 0.33671099
v -0.19648375 0.13616750 -0.38102624
v -0.14812849 0.30183873 -0.33640891
v 0.17527150 0.34932399 0.38240600
v -0.01103800 0.30798200 -0.34087744
v 0.17114337 -0.07240150 0.33527139
v -0.01396262 0.30663049 -0.33845949
v 0.18428375 0.35174650 -0.32322499
v 0.02121025 0.23271838 0.34905601
v -0.19675800 0.22649500 -0.33517674
v 0.13309100 0.21436000 -0.33629799
v -0.18338156 0.20042656 -0.33516681
v 0.17535782 0.34747699 0.33313999
v -0.14498501 -0.24228799 0.21940325
v 0.12518901 0.23409200 0.33349901
v -0.14802600 0.28303099 -0.37454000
v 0.06516775 0.23243950 0.37225199
v 0.12092187 -0.16328862 0.33604664
v -0.05312525 0.21627524 -0.33729574
v 0.15887113 0.21538369 -0.21523206
v 0.15040541 0.20428798 0.38151956
v 0.12035100 -0.21506900 0.33630201
v -0.01314006 0.21525919 -0.33489907
v -0.11124600 0.21728849 0.33425251
v -0.14036199 0.21631600 -0.33331299
v -0.01840537 0.31083319 0.33486274
v -0.02138791 0.32799572 0.33682528
v -0.19273488 -0.12919660 0.33621094
v -0.19167797 -0.34118709 -0.38230398
v -0.02057175 0.30787688 0.33425719
v 0.18299057 0.30988607 -0.33507979
v -0.19491568 -0.05084287 0.38385037
v 0.17236000 0.28583026 -0.33673701
v 0.12132200 -0.10190500 0.38217375
v 0.17230549 0.32441801 -0.33734250
v -0.10238875 0.18498600 -0.38460076
v -0.12070443 0.32920486 0.33470884
v -0.19898112 0.35970318 0.37863714
v -0.19265266 -0.19508569 -0.01659969
v -0.19651251 0.17089599 -0.33508900
v -0.17276637 0.20343125 -0.38438389
v -0.09749313 0.18213238 -0.38331836
v 0.13822900 0.19180851 0.19298024
v -0.19775425 0.37029400 0.33969924
v 0.02309356 0.32808357 0.33402488
v -0.12253475 0.18211831 -0.35328612
v -0.12339663 0.18133600 -0.35621899
v 0.14831294 0.20428863 0.38391268
v -0.19243249 -0.03450900 -0.38273549
v -0.16969950 0.31237438 -0.19801851
v -0.18903150 0.13136800 0.33597600
v 0.15900938 0.21305075 -0.21150675
v 0.19947299 0.35343099 0.29042900
v -0.19417056 0.34924194 0.38354757
v -0.14834650 0.23311600 -0.33400500
v -0.16874900 0.23359700 -0.15338001
v -0.09368156 0.18588443 0.38403761
v -0.09087063 0.36870044 -0.12588476
v 0.12364800 0.10362950 0.33540800
v -0.19823250 0.36944574 0.23649813
v 0.10431200 0.32712549 0.38171151
v -0.07647318 0.23244712 0.38403374
v 0.05420094 0.35340494 0.23862785
v -0.15877162 0.21621400 -0.25101250
v 0.15585300 0.21515638 -0.29485351
v 0.18633650 0.27340251 0.31751850
v 0.12312334 -0.36964926 -0.33571801
v 0.09153475 0.26951736 0.33318087
v -0.13127625 0.18174388 -0.35069999
v 0.12270300 -0.36750299 -0.33829501
v 0.17202049 0.00755863 0.33489081
v -0.10066587 0.23422387 0.36740738
v 0.13467693 0.19202644 -0.12166381
v -0.13658024 0.23219137 0.37108800
v -0.15887649 0.21330351 -0.06161700
v 0.19794369 0.35172868 -0.19257559
v -0.04000862 0.23359326 0.36566299
v -0.18427253 0.21618359 -0.09864409
v -0.04757309 0.23369560 0.36837018
v -0.17313662 -0.36353275 -0.38303101
v 0.19969250 0.36775237 -0.04394600
v 0.11263544 0.32744524 -0.33444351
v -0.14641275 -0.19462100 0.10747650
v 0.10949866 0.23472594 0.31773683
v -0.14688900 -0.05438000 -0.38321200
v 0.19812812 0.35155311 -0.28590113
v 0.13788518 0.21625781 0.28280631
v -0.19537856 -0.33887181 0.33710319
v 0.15887874 0.21528803 -0.14235753
v -0.14654125 -0.15175788 -0.33393186
v 0.09604794 0.23275581 -0.31183568
v -0.02522400 0.23329200 0.38242099
v 0.01705500 0.23179650 0.38376650
v -0.20013225 0.36668351 -0.31412736
v -0.19289801 0.28144974 0.38508424
v 0.10332125 0.21519651 -0.33518913
v 0.01836538 0.32886526 -0.33425412
v -0.03963688 0.18607856 0.38384476
v 0.18524100 0.21699250 0.28808150
v -0.10159568 0.22815232 -0.33434236
v -0.19497976 -0.16955650 0.33627638
v -0.06226363 0.18453412 0.33573249
v -0.19694801 0.22483800 -0.38018700
v -0.19608700 -0.36285982 0.35433850
v -0.14644600 0.10129000 0.38491800
v -0.16957891 0.35062394 -0.21120490
v -0.16920525 0.30984452 -0.13120659
v 0.17082538 0.16379488 -0.33616838
v 0.08728206 0.23333301 0.31699818
v -0.19358025 -0.09620975 0.38520226
v 0.17104900 0.23149450 -0.23490600
v 0.11970425 -0.28158650 0.33596137
v 0.15944307 0.21309938 -0.15246300
v -0.14540388 -0.19557862 0.11942331
v -0.18387225 0.19310600 0.26520926
v 0.20005751 0.35557425 0.36549324
v -0.11876520 0.36875916 -0.08122019
v 0.12353563 0.01709763 0.33471712
v 0.11945700 0.18408599 -0.38637549
v -0.01608831 0.30403212 0.33441669
v -0.09308681 0.23292425 0.33394256
v -0.00592350 0.31644574 -0.33444974
v 0.12312707 -0.34445187 -0.33864218
v 0.10430300 0.31763214 0.33322537
v -0.19427399 -0.04908900 0.33645049
v 0.09115525 0.32721475 -0.33618000
v -0.15257007 0.35418418 0.38447082
v 0.18447563 0.26933089 -0.31980538
v -0.10063300 0.32106426 -0.33259475
v 0.12352950 0.08893687 0.33515638
v -0.13587700 0.23462300 0.37125999
v -0.14756268 -0.29043394 0.38530082
v -0.01612381 0.30468220 -0.34084225
v 0.12737763 -0.36794481 -0.38910747
v 0.19902626 0.35168087 -0.30863386
v -0.18749313 -0.19346049 0.33615837
v -0.20013100 0.35226151 -0.37388426
v 0.06786975 0.32747927 0.33651772
v -0.19937199 0.36840501 0.17655174
v 0.12626700 0.32718799 0.38268900
v 0.13546400 0.21706501 0.28365499
v 0.12397625 0.15623525 0.38124374
v 0.17411400 0.26452801 -0.33499700
v 0.18390068 0.35370824 0.29501525
v 0.19955638 0.37009561 0.39131650
v -0.05017050 0.21556675 -0.33470526
v -0.01896000 0.30261001 0.33429801
v -0.16314951 0.30189899 0.31922850
v -0.14769299 0.26369050 -0.38185701
v -0.08621600 0.22944801 -0.38453400
v -0.15787338 0.21641825 -0.31033957
v -0.16183107 0.24468669 0.31944919
v -0.19398837 0.19355075 0.33670613
v -0.10342400 0.34844401 -0.38433400
v -0.05039503 0.23129031 -0.25746027
v 0.16890851 -0.07185900 0.33394325
v 0.17215037 -0.02638950 -0.33891225
v -0.20035712 0.36667311 -0.38558850
v 0.12032819 -0.34745049 0.33480600
v -0.03062537 0.32674250 -0.38467187
v 0.17141400 0.21826226 0.38253349
v 0.00958750 0.23288625 0.34268275
v 0.05364200 0.35420749 0.39826450
v -0.01498463 0.29926705 -0.33919656
v 0.17000701 -0.04947738 -0.38619500
v 0.18621637 0.30461562 0.31693488
v -0.15887444 0.21284008 -0.11255749
v 0.07667256 0.32628298 -0.33792013
v -0.06208387 0.23123924 -0.33857101
v 0.03609325 0.35543501 0.39974764
v 0.07248431 0.32901120 0.33380699
v -0.14583944 -0.24547251 -0.30787542
v 0.11525963 0.35171300 0.38304099
v 0.04990987 0.32608375 -0.33835995
v 0.00036381 0.32628831 -0.33744183
v -0.16586626 0.20480025 -0.38511699
v -0.04274547 0.23124456 -0.21222632
v -0.09584981 0.36863017 -0.16282706
v -0.00841906 0.34271237 0.31799001
v -0.19476184 -0.19609843 0.06104281
v 0.17218100 0.00235200 -0.33858499
v -0.14794575 -0.04413475 -0.38228825
v -0.06946300 0.35561162 0.39895287
v -0.17393000 -0.21326301 -0.38366699
v -0.18325444 0.19233687 -0.20991682
v 0.18525413 0.27394700 0.33320051
v -0.19859201 0.37008774 0.39898300
v 0.15126149 0.19463900 0.38087326
v 0.12474650 0.18525150 -0.38530201
v -0.17098750 0.20959149 -0.38260499
v -0.16829912 0.23379050 0.01876587
v 0.12285013 -0.15585800 -0.33821800
v 0.17264262 0.07153675 0.33520576
v 0.19872656 0.36798713 -0.24387419
v 0.02399888 0.32760438 0.38271436
v -0.17315793 -0.19492866 -0.33413646
v -0.07478943 0.35125843 -0.38446936
v -0.02027550 0.23152626 -0.05920650
v -0.19770850 0.35531050 0.39973399
v 0.16889849 -0.12438050 0.33394000
v 0.13368894 -0.36150548 -0.33718500
v 0.18287849 0.21514888 -0.11159813
v 0.15752393 0.18961684 -0.26881975
v 0.20024399 0.35420075 0.23718575
v -0.19974950 0.36800501 -0.24128000
v 0.12495700 0.15098500 -0.33608499
v -0.07728200 0.18637425 0.33449575
v -0.18297926 0.21852601 0.28075051
v -0.17707038 0.37063950 0.39562300
v -0.06136000 0.35260051 0.03370525
v 0.18640450 0.35029399 0.31782901
v -0.18377151 0.21079050 -0.33428049
v 0.13294275 0.19704349 -0.33473849
v -0.16953377 0.35071772 -0.14374521
v 0.12523350 0.23398200 0.36099499
v 0.17041850 0.24238625 -0.38532826
v -0.18488066 0.35120437 0.17286418
v -0.15919125 -0.36276749 0.38547626
v 0.18205678 0.23156928 -0.25709546
v 0.06835056 0.35210663 0.38273543
v 0.15059163 0.35428700 0.37936476
v 0.13849650 0.23578937 0.31741461
v -0.15737888 -0.19400142 0.19053371
v 0.16911162 -0.35391557 -0.33822238
v -0.19309865 -0.00853050 0.33601224
v 0.12344500 0.31081301 -0.38478500
v 0.14069074 0.35166886 -0.31707662
v -0.16950659 0.34970045 -0.16473968
v 0.02981600 0.23135599 -0.38350251
v -0.08218800 0.36525899 -0.39937001
v 0.14092299 0.20533974 -0.38649288
v 0.12476100 0.18330149 0.37509251
v -0.14356899 0.32666600 -0.38437301
v 0.13731888 0.19346456 0.26558843
v -0.10244712 0.31828344 0.33445862
v -0.01469300 0.23194399 -0.31883699
v -0.19534506 -0.21238844 0.38373399
v -0.05211950 0.32714024 -0.33629376
v 0.00193725 0.32876450 -0.33377451
v 0.12261250 -0.08919700 0.38351300
v -0.14310700 0.32576701 -0.36364400
v -0.16851600 0.35092101 0.24449500
v 0.13202500 0.23447438 -0.31544837
v -0.19382088 -0.35322511 0.38552856
v 0.05036681 0.32823098 -0.33425471
v -0.09311600 0.23022212 -0.33421656
v 0.12436631 0.18201232 0.35846043
v -0.18438968 0.21597281 -0.15602800
v -0.02404103 0.30698329 -0.33934137
v -0.13954125 0.23336118 0.37313205
v -0.17915151 -0.21781351 -0.38152850
v -0.17809400 0.19845600 -0.38542449
v -0.02544900 0.31961650 -0.33752450
v 0.15341800 0.36587501 -0.40000150
v 0.20002837 0.36747125 0.01116475
v -0.19662151 0.20476450 -0.38278049
v 0.17045425 -0.12528124 0.33522150
v -0.13797738 0.23364100 0.37155524
v -0.13785362 0.23472275 0.37220812
v -0.14123197 0.23251285 0.37321025
v 0.17201625 -0.08913525 -0.33914375
v -0.10109518 0.33100480 0.33432096
v 0.13366838 0.35108751 -0.39783451
v 0.18590599 0.32926250 0.33255601
v -0.14629450 -0.23433450 0.33809501
v -0.14251062 -0.36596176 -0.36917138
v 0.15813488 0.18963718 -0.24455725
v 0.17239743 0.30183256 -0.33658525
v -0.08772375 0.35191724 0.38517851
v -0.14476575 0.27952626 0.33887324
v -0.19645332 -0.36724588 -0.36716118
v -0.19372338 -0.19579756 0.38512293
v -0.19888100 0.36801600 -0.32396650
v 0.01889013 0.23281932 0.34327894
v 0.12215753 -0.04792450 0.33627391
v -0.18447800 0.24150576 -0.33355126
v -0.13775600 0.21693926 0.33473462
v -0.19898550 0.35557199 0.33618501
v -0.12859701 0.35213101 -0.39914799
v -0.10202800 0.31268749 -0.33407649
v 0.12179025 0.23186637 -0.35353413
v -0.13072024 0.32696900 -0.33375275
v -0.14666837 -0.19350518 0.30160555
v 0.12226368 0.02374619 -0.38445306
v 0.02051052 0.35191342 -0.26391822
v 0.13306350 0.19336900 -0.28988501
v -0.15821213 0.20519274 0.33623475
v -0.14538693 0.06038931 0.38387525
v -0.19481000 -0.07673800 -0.33422199
v -0.19341218 -0.19591124 -0.15124644
v 0.18792200 0.36935019 -0.15407351
v -0.02889300 0.23341949 0.34845251
v -0.14495450 -0.23708300 -0.33397651
v -0.06000350 0.35255149 0.02880100
v -0.05280075 0.23146650 -0.33414850
v 0.12666474 0.26912925 0.38302174
v -0.10045519 0.26997182 0.33463544
v 0.09064725 0.31371012 -0.33424687
v 0.17119600 -0.18233825 -0.38515800
v -0.15030999 0.04036600 -0.38323751
v -0.13110650 0.34897375 -0.38443249
v 0.09714600 0.30910999 0.33353001
v 0.12321175 0.05535550 0.33573350
v -0.19574051 -0.25832799 0.33698851
v -0.19573288 0.29679337 -0.33401650
v -0.14521991 -0.21629091 -0.06534931
v 0.17524700 0.33518535 0.33525997
v 0.16997799 -0.18316226 -0.38670349
v -0.19475900 -0.24465200 -0.12964299
v 0.05302937 0.23558313 0.31805813
v -0.19663300 0.37044501 0.36808300
v 0.12520775 0.27914375 0.38108525
v -0.19342700 -0.19426399 0.23566800
v -0.14507450 -0.22059093 0.04540962
v 0.18342131 0.23066106 -0.16852063
v -0.05068050 0.35300949 0.15430750
v -0.14978650 0.25764850 -0.38341400
v -0.09335762 0.21572176 0.33490124
v -0.18501475 0.35076949 0.13745475
v 0.02045350 0.23305200 0.30423301
v -0.01086700 0.32810000 0.33875200
v 0.14574599 0.19149999 0.33411300
v -0.00112500 0.32693851 0.33690149
v -0.12055950 0.36755049 -0.39732701
v -0.15983275 0.19168375 -0.27025476
v 0.08412863 0.23602088 0.31784549
v 0.12323600 -0.06169100 0.33439800
v 0.15935925 0.20050301 -0.25203776
v 0.10147275 0.31749776 -0.33304399
v 0.18625706 0.23462881 0.33215839
v -0.07387569 0.23260531 -0.31860700
v -0.16885015 0.35135597 0.18756694
v -0.18467493 0.34900200 0.24658094
v 0.09692881 0.32468116 -0.33423224
v 0.06522850 0.18436512 0.33356699
v -0.07742408 0.36890942 0.08150683
v 0.19183457 0.36959350 -0.14763987
v 0.16223538 0.36819261 -0.16478112
v 0.09347725 0.23111875 -0.33928862
v 0.12214150 -0.25246918 -0.37881345
v -0.19324200 0.00489300 0.33604300
v -0.19545950 -0.13692901 0.33740899
v -0.19482300 -0.02206087 0.33675775
v -0.19686350 0.33086449 -0.33486551
v -0.04093513 0.32975224 0.33427975
v 0.15530388 0.21522306 -0.30947655
v 0.13526650 0.21328412 -0.04873075
v 0.17220201 0.33917150 -0.33684874
v -0.19314325 -0.33477467 0.33660799
v -0.00720000 0.30376899 -0.33470601
v -0.17315710 0.19160512 0.26371154
v -0.19084901 -0.09152950 -0.38288549
v -0.19813631 0.34956288 -0.36785781
v 0.07361100 0.36529049 -0.40020949
v 0.12468700 0.32667601 0.36425599
v -0.18534681 0.34969717 -0.29153788
v 0.02602700 0.31705099 0.31795299
v 0.09607850 0.31145501 -0.33309826
v 0.14114450 -0.18809050 0.33424249
v 0.13180432 0.21524619 -0.15291606
v -0.01097547 0.21532544 -0.32066974
v -0.15339138 -0.19469425 0.06573962
v -0.19637474 -0.20174950 0.37668124
v -0.19412850 0.31288299 -0.38257551
v -0.19754951 0.31811151 -0.37917700
v -0.18268481 0.19454819 0.13368088
v -0.18407309 0.21575460 -0.00109278
v -0.18354659 0.23246557 0.07463507
v 0.16242850 0.34776649 -0.38560489
v -0.00466700 0.23181300 0.01128500
v -0.14790650 0.07595725 -0.33419025
v -0.19157675 0.08345700 -0.38283724
v 0.04745300 0.34167451 -0.38458401
v -0.14585425 0.35342449 -0.39935949
v 0.06915325 0.35221076 -0.39953601
v 0.17219350 0.35035849 -0.31835899
v 0.19942001 0.36268374 -0.21452674
v 0.17664000 0.23189776 -0.04044925
v -0.16800524 0.23461975 0.08697200
v 0.17465851 0.21353537 0.37358907
v 0.16903025 0.01132225 0.38321424
v -0.19507606 0.09951050 0.36385620
v -0.18414925 -0.02791550 0.38512900
v -0.15331975 -0.00426450 0.38532588
v 0.10448950 0.32975450 0.38384449
v -0.18395346 0.21547264 0.08767918
v -0.19968826 0.35323980 -0.13155849
v -0.16834524 0.31539026 0.20080750
v -0.09291100 0.30935401 -0.33412001
v -0.18867213 0.30182517 -0.33414704
v 0.12211467 -0.32832661 -0.37867185
v 0.12241407 -0.31457543 -0.35355690
v -0.14590526 0.28049976 -0.31784201
v -0.16954738 0.35008481 -0.19155800
v -0.17922759 -0.26785010 0.33667305
v 0.05913303 0.36873618 -0.17136632
v -0.16884628 0.28023428 -0.05267898
v 0.00749500 0.34217450 0.31791651
v -0.16831601 0.30852199 0.19230500
v 0.03158656 0.23268682 0.37244105
v 0.09164287 0.32955024 0.33361074
v 0.12236594 -0.29450655 -0.35653806
v -0.18406691 0.21543294 0.03168380
v 0.18395287 0.34653687 -0.33469388
v -0.18555515 0.35051781 -0.07226662
v -0.14503644 -0.24150087 0.28055501
v 0.04720537 0.33941826 0.31771064
v -0.18466051 0.23320886 -0.18881917
v 0.08923175 0.31598699 0.33358175
v 0.09688469 0.31709063 0.33247250
v -0.18843076 0.27583688 -0.33405799
v 0.16851400 0.35371000 0.29839501
v -0.04200881 0.23128150 -0.19947334
v -0.14506400 -0.24216101 0.17787200
v -0.19530731 -0.05589881 0.33834794
v -0.18975709 -0.27664882 0.33650881
v 0.17712000 0.23149963 -0.21859385
v 0.13762513 0.21714613 0.31690612
v -0.18508150 0.34982601 0.15425800
v 0.08692238 0.35353601 0.27285758
v 0.12266600 0.00779925 0.33649701
v -0.18420100 0.23474200 0.06749500
v -0.10373350 0.27107200 -0.33433300
v 0.13754162 -0.28572449 -0.33745924
v -0.03699438 0.35038114 -0.31805375
v -0.14500982 0.35144663 0.31873143
v -0.01666500 0.23196401 0.06068500
v -0.16766775 0.19113649 -0.26149049
v 0.14047788 0.36849651 -0.04804831
v 0.16847919 -0.31830251 0.37917638
v 0.16264237 0.21430606 0.29764342
v -0.16868560 0.26804525 -0.03008405
v -0.19951412 0.35374099 0.04516663
v -0.11776900 0.23075350 -0.33840650
v -0.18507312 0.35105637 0.12138775
v 0.12238462 -0.25733817 -0.35343099
v -0.16843341 0.25232184 -0.00145961
v -0.14515799 -0.24207599 0.09037700
v -0.19950426 0.35330924 0.01231437
v -0.19625600 0.34849399 -0.33445600
v 0.12236072 -0.23307650 -0.35729098
v -0.18386367 0.21572985 0.12845184
v -0.14780737 0.31363037 -0.34224576
v -0.16881774 0.23367076 -0.24183750
v -0.16882674 0.23415388 -0.21863601
v -0.18418694 0.21529369 0.30824125
v -0.18257400 0.23214950 0.32439274
v -0.14335801 -0.36746800 0.38243800
v -0.16866337 0.23349987 -0.07561925
v -0.16947626 0.35037324 -0.25790575
v -0.18382119 0.21600232 0.16180068
v -0.19977126 0.35356712 -0.16159187
v -0.20003501 0.35248101 -0.32599199
v 0.14505900 0.19023401 0.33505800
v -0.18333000 0.26938400 0.33167800
v -0.19423300 0.26614201 0.33701900
v -0.19521050 -0.20576750 -0.36712149
v -0.18492338 0.31199408 -0.33419707
v -0.16942225 0.33415338 -0.21382825
v 0.15163237 -0.34037927 -0.33761570
v 0.01308200 0.23337901 -0.33507699
v -0.18817055 0.31792474 -0.33415535
v -0.17616050 -0.06861800 0.33578399
v -0.16692550 0.23430499 0.31833962
v -0.16897212 0.23293576 -0.19049813
v -0.16863050 0.23351875 -0.05238225
v -0.19517213 0.34779799 0.36635399
v -0.17999201 0.36876050 0.39991000
v 0.17514087 0.36829132 -0.15938494
v 0.12019925 0.33940074 -0.38460800
v -0.18536763 0.35026094 -0.23740779
v 0.12122250 0.20810150 -0.38525850
v -0.19551556 0.35127568 0.35453713
v 0.16262975 0.21491137 0.31035188
v 0.12104300 0.36797526 -0.25807476
v -0.16918230 0.30545875 -0.11666475
v 0.16656959 -0.29655138 0.38361996
v -0.19934687 0.35379049 0.13371637
v -0.18426450 0.23229000 -0.09850725
v -0.18324968 0.23274556 0.14688891
v -0.16657825 -0.36697650 0.33361474
v 0.12604199 -0.18939100 0.33451551
v -0.19949403 0.35950863 0.08373600
v 0.12193106 0.23443912 -0.31089145
v -0.16995962 -0.33518499 -0.38286850
v -0.19984412 0.35326099 -0.19343163
v 0.18075626 0.36826438 -0.11373500
v -0.01265700 0.21521799 -0.24129049
v -0.16905032 0.31815150 -0.02129067
v -0.19056900 0.33236551 -0.33422700
v 0.15169349 0.36808324 -0.21849275
v -0.17001043 0.31904888 0.19739206
v 0.04394400 0.35176051 -0.29476649
v -0.19507150 -0.24492750 -0.29926249
v -0.01090106 0.23161712 -0.04169231
v -0.00448600 0.23136613 -0.30876186
v 0.11139150 0.28109449 0.31752950
v -0.16884437 0.27318150 -0.06825382
v -0.18145463 -0.24714875 -0.33387500
v 0.17389350 0.29982555 -0.33472699
v -0.14808325 0.31502950 -0.37451562
v 0.13043025 0.31346449 0.31731799
v -0.18271700 0.20508701 -0.38264799
v -0.19998850 0.35317874 -0.26796350
v -0.18295451 0.23445500 0.33116850
v 0.10456022 0.23133534 -0.17214353
v -0.16935299 0.34903401 -0.28145799
v 0.08061450 0.35330299 0.23048800
v -0.16849460 0.24948193 -0.01724197
v 0.07613144 0.23211606 0.37387201
v 0.11614470 -0.36789653 0.36262864
v 0.04856037 0.36841106 -0.11641932
v -0.14516416 -0.24195084 0.11499041
v -0.18274200 0.21831900 0.31480300
v 0.05698188 0.36845538 -0.13073225
v 0.17215410 0.23148248 -0.30347669
v 0.09465138 0.26030093 -0.33501551
v -0.18467100 0.23438600 -0.09764500
v -0.14994137 0.20556387 -0.33410874
v 0.03266550 0.34962326 -0.31817651
v 0.12233090 -0.18845041 -0.35768166
v -0.18480650 0.27852276 -0.33438087
v 0.15907624 0.20993625 -0.25421199
v -0.15263584 0.34574667 -0.31726819
v -0.19933350 0.35342801 0.15880400
v 0.10678200 0.23130000 -0.30979699
v -0.16890673 0.29126692 -0.03775080
v -0.19550499 -0.11793300 0.33773401
v -0.19967900 0.35338899 -0.06473100
v -0.15024163 0.23699394 0.31940737
v 0.06520624 0.35177696 -0.30320650
v -0.19338925 0.35312501 0.33878112
v -0.16872549 0.25944939 -0.05288735
v -0.14584351 -0.24464500 -0.28937450
v -0.15893613 0.21073069 0.04216981
v -0.16950250 0.35040224 -0.09090375
v 0.12519725 0.15892787 0.33405939
v -0.14536551 -0.24257649 -0.05197750
v 0.17103350 0.12825900 0.38302800
v 0.13854741 0.23342653 0.31437171
v -0.14757100 0.17768499 -0.37240100
v -0.16893187 0.35174868 0.15894388
v -0.03446525 0.23169576 -0.33430699
v -0.18431450 0.33954850 0.33321276
v -0.14715324 0.19540900 -0.38395724
v -0.01895706 0.35344830 0.24387832
v 0.05671875 0.35180375 -0.27684426
v 0.06539150 0.36833000 -0.17862800
v 0.12238992 -0.12440008 -0.35571858
v -0.18417251 0.21637127 -0.03693527
v -0.06880300 0.32837951 0.33866251
v -0.14846012 0.33773524 -0.38357070
v -0.16933542 0.32327127 -0.16393527
v -0.03609413 0.23132284 -0.29443192
v -0.19480087 -0.24496563 -0.17581193
v 0.17465888 0.28907236 0.31719038
v 0.02279800 0.35201299 -0.25273299
v -0.16884600 0.23282801 -0.17746300
v -0.15656801 0.21615100 -0.08534500
v -0.16690551 0.19088700 -0.33057949
v 0.12257250 -0.00890250 0.33606100
v 0.17523625 0.35425568 0.37883186
v 0.16558699 0.35425600 0.37849024
v -0.19490950 -0.24353901 0.33581600
v -0.12705040 0.23079260 -0.35174894
v -0.18563391 0.34990796 -0.14738056
v -0.16757324 0.23422825 0.18202776
v 0.02017063 0.22820900 -0.33618513
v -0.16701600 0.23392674 0.30202749
v 0.07118893 0.35349950 0.26549250
v 0.12613800 -0.01647800 0.38343900
v 0.13911481 0.36768761 -0.35154569
v 0.12218628 -0.30629623 -0.37285855
v -0.16107225 -0.25370112 0.33673906
v 0.12013100 0.23059499 0.38350099
v -0.14507475 -0.24201532 0.24303456
v -0.18389587 0.23452863 0.13608544
v -0.19448926 0.22639818 0.33712226
v 0.15907501 0.36822701 -0.14863101
v -0.15896487 0.21210794 0.00206288
v 0.15928601 0.20331050 -0.26609501
v 0.09631475 0.32402799 0.33276501
v 0.17699450 0.32727799 -0.33446524
v 0.15908556 0.19319731 -0.26489374
v -0.17345925 0.19092625 -0.21243200
v -0.19451569 -0.24246700 0.30362070
v -0.16797675 0.27583325 0.19210225
v -0.16909091 0.29093519 -0.12986478
v 0.12273063 -0.35811976 -0.35714573
v -0.18538526 0.35089800 0.04005700
v -0.18765569 0.25063083 -0.33401883
v -0.18550725 0.35026270 -0.19080138
v -0.14545463 -0.19460475 0.35933799
v -0.18459675 0.23363906 -0.26853982
v 0.09465513 0.35362056 0.28359121
v 0.10225257 0.31536782 0.31746501
v 0.14314017 0.09230294 -0.33608833
v -0.18872175 0.29224101 -0.33402324
v -0.16946051 0.35079581 -0.05881175
v -0.18458912 0.34775424 0.26256970
v -0.19962925 0.35308951 -0.08835625
v -0.13744199 0.23472799 0.37004399
v 0.15983863 0.19363987 -0.13954288
v -0.16963291 -0.36873263 -0.38519028
v -0.19500719 -0.24113107 -0.24191231
v -0.08694800 0.35178900 0.31836700
v 0.19437681 0.35398680 0.33803076
v 0.10139650 0.27524400 0.33363500
v 0.16064066 0.20072909 -0.04583628
v 0.13391116 0.36797249 -0.26035792
v -0.18445937 0.23559637 -0.00039637
v -0.07642036 0.36871615 -0.08704849
v 0.05789037 0.35174450 -0.30059692
v -0.18371449 0.21793725 0.06496100
v 0.10928138 0.23443538 -0.31080961
v 0.17036150 -0.12552249 0.34978500
v -0.14513201 -0.24220487 0.15536062
v 0.13436399 0.35200000 -0.39954501
v -0.19353350 -0.17883600 0.33638376
v -0.18429600 0.21458100 0.21069400
v -0.10062063 0.36872575 -0.06238881
v 0.16983774 0.35367575 0.28821564
v -0.18526381 0.35046220 0.08244538
v 0.00318138 0.35315949 0.19570787
v 0.15657400 -0.36869201 -0.38976249
v -0.16370174 0.33515850 -0.31723750
v -0.05693150 0.21761425 -0.38450849
v -0.00006000 0.35339963 0.23726888
v -0.19100375 -0.07592513 0.33605900
v 0.16734318 -0.31293049 0.38352132
v -0.03755600 0.33899364 0.31815574
v 0.05223175 0.23243213 0.34572113
v -0.16849899 0.32699299 0.19364800
v -0.16944943 0.33866149 -0.24292988
v 0.19233292 0.36794555 -0.15414988
v -0.17146057 -0.29558700 0.33626795
v -0.19924849 0.35348499 0.19773351
v -0.16901726 0.28187266 -0.09478144
v -0.18402863 0.32286647 0.33236885
v -0.00932487 0.23279469 0.26121125
v 0.09318350 0.26128650 0.33375400
v -0.02150338 0.30824068 -0.33456382
v -0.13029400 0.33017799 0.33482549
v -0.07159900 0.25312057 0.31886399
v -0.16907904 0.35110274 0.12391400
v 0.06345706 0.31618667 0.31768596
v -0.16938713 0.35049185 0.00681912
v 0.18646476 0.33660725 0.31793150
v -0.14582799 0.21978401 -0.38433701
v -0.14457300 -0.33470076 -0.34294599
v -0.18350075 0.23460737 0.21695563
v -0.18305913 0.23280437 0.20235150
v -0.14473601 -0.21512900 0.26805601
v -0.17580301 0.19137400 0.33587399
v -0.18439600 0.35121951 0.31748751
v 0.04802100 0.35165900 -0.31229699
v 0.06537850 0.35324162 0.21626100
v -0.19907425 0.35455713 0.28637713
v -0.16903569 0.30342382 -0.07066531
v -0.19477500 -0.24432249 -0.09576750
v -0.18428250 0.21491112 0.25186461
v -0.18452400 0.25573099 -0.33394501
v -0.16833563 0.23376888 -0.00394187
v -0.02816712 0.23222537 0.14134838
v -0.14172500 0.20149951 0.33601701
v 0.10640500 0.26157200 0.33366501
v -0.12016575 0.23224699 -0.33378524
v 0.12216050 -0.02575350 0.37341201
v -0.14573050 -0.24472176 -0.25344786
v 0.12275950 0.32248950 -0.36015049
v -0.18531488 0.35076913 0.05855325
v -0.08925375 0.23532525 0.31896624
v -0.12616156 0.34789339 -0.31750232
v -0.16787475 0.23364826 0.15509675
v 0.12214276 -0.34476918 -0.37598309
v -0.18396004 0.21490251 -0.06871522
v -0.19516300 -0.00677700 0.33767599
v -0.14758700 0.28137299 -0.38252601
v -0.16865915 0.28480253 0.02139991
v -0.18488400 0.29742751 -0.33369151
v 0.18763974 0.35382450 0.31661600
v -0.18555500 0.34904200 -0.05070450
v -0.18551250 0.35055399 -0.04599450
v 0.09174309 0.35203204 -0.20196919
v -0.16043100 -0.17022094 0.33645782
v 0.12027475 0.19044849 -0.33713099
v -0.18376713 0.30168986 0.33252463
v -0.19080800 -0.25385126 -0.38244101
v 0.12376250 -0.03762550 0.33444101
v -0.16900291 0.28869709 -0.08526286
v -0.13683385 0.36855465 -0.20163165
v -0.18517549 0.23154899 -0.28087488
v -0.19426394 -0.33350241 -0.36509892
v -0.16792651 0.26878449 0.18444112
v 0.12236488 -0.07832181 -0.35937488
v 0.12366413 -0.01522863 0.33435518
v 0.16645475 -0.33605450 0.38355899
v -0.14795449 0.31468174 -0.36009201
v 0.18924250 0.35413101 0.34621364
v -0.16941816 0.35050395 -0.02122269
v -0.06934600 0.29382300 0.33468699
v -0.16235594 -0.19338822 0.32525775
v 0.05246450 0.32508326 0.31769150
v -0.14531250 -0.24292500 -0.01216450
v -0.18352506 0.28228205 0.33259708
v -0.14554925 -0.22234625 -0.31791726
v -0.18538344 0.35066274 0.00490381
v 0.04612200 0.23253450 0.15453596
v -0.18562375 0.34933451 -0.16775863
v -0.14742413 0.21298406 0.33564326
v -0.14594200 -0.24487600 -0.32881299
v -0.16912524 0.35084662 0.09950450
v 0.19199200 0.36804006 -0.19325168
v -0.18560851 0.34994176 -0.09090769
v -0.16754387 0.23408954 0.21357122
v -0.19473675 -0.24408825 -0.05691125
v 0.06109137 0.33044699 0.31764126
v -0.14757624 0.32638100 -0.33357051
v 0.15883975 0.20686375 -0.30171645
v -0.14521213 -0.24208787 0.05929688
v 0.04157850 0.23169450 -0.01855250
v -0.14375862 0.21595988 -0.19468625
v -0.09964562 0.35163736 0.31849599
v -0.18443400 0.20403101 0.33269900
v -0.00389444 0.35225439 -0.17547517
v 0.11996325 0.22303425 -0.38433525
v -0.14678171 0.21639803 0.07009328
v -0.19996449 0.35484651 -0.23871949
v -0.19468793 -0.24316713 0.05272387
v -0.14511469 -0.24042206 0.14716600
v 0.05744900 0.18203475 -0.35294926
v -0.16980563 0.36881724 -0.07590538
v -0.14561050 -0.24383850 -0.16868700
v -0.14452299 0.20902500 0.38466299
v -0.19474749 -0.24241149 -0.07210400
v -0.05904463 0.23492076 0.31878275
v 0.12450500 0.22570750 -0.38523349
v -0.16719575 0.23365925 0.26699799
v 0.15674441 0.36834481 -0.06361462
v 0.10596200 0.35422900 0.38012201
v -0.05524750 0.23161501 -0.06658250
v -0.16740032 0.23995875 0.23149274
v 0.12579063 0.21534994 0.38302913
v -0.19467326 -0.24480550 -0.11225675
v 0.01762700 0.22068150 -0.38483751
v -0.18310057 0.21783693 0.25204870
v -0.18783237 -0.08094037 -0.33364701
v -0.19502087 -0.24222837 -0.25644636
v -0.13819350 0.23033738 -0.35293826
v 0.12232600 -0.20713122 -0.35760382
v -0.01778987 0.23202787 0.07137800
v -0.16814919 0.23385707 0.06562600
v 0.07758643 0.35336268 0.24100812
v 0.16884950 -0.26716462 0.34765488
v -0.19472378 -0.24176653 -0.08470313
v 0.05200494 0.32840687 0.33376744
v -0.16941351 0.35025150 -0.03755650
v 0.04383400 0.23170425 -0.02774375
v -0.08922750 0.35748899 0.40034851
v -0.04495622 0.35240024 -0.08859297
v 0.12312200 -0.08950800 0.33442301
v -0.08958450 0.34945837 -0.31766433
v 0.13142200 -0.18057300 0.33438700
v -0.16157615 0.35045949 0.31880614
v 0.16304225 0.20987438 0.33129576
v 0.05283450 0.33233088 0.31768379
v -0.18331206 0.21750438 0.18548869
v -0.16937563 0.27412963 -0.19114663
v -0.14702851 0.22640000 0.38468701
v -0.03588400 0.23134600 -0.28312099
v 0.12479900 0.20504038 0.33420551
v -0.19486275 -0.15830325 -0.37923774
v -0.09841500 0.25788450 -0.33443350
v -0.19492300 -0.24482851 -0.21967925
v 0.07663125 0.35337374 0.25124380
v -0.14477350 0.34391275 0.38560799
v 0.18947193 0.36799908 -0.20924950
v -0.14565501 -0.24410249 -0.21211050
v -0.16792062 0.33049074 0.31989905
v -0.16706450 0.23414150 0.28555599
v -0.19454525 -0.24310410 0.18639050
v 0.18290751 0.26201800 0.31719950
v -0.16887625 0.23336200 -0.11272450
v 0.14489990 0.35365263 0.28982651
v 0.13341375 0.35368374 0.29860801
v -0.02951925 0.23139000 -0.13072288
v -0.19910724 0.35447749 0.26614550
v 0.12428628 0.04995963 0.33427683
v -0.04560183 0.23152412 -0.08646036
v 0.13623300 -0.14115800 0.33423099
v 0.01693831 0.35334331 0.23107269
v -0.18558300 0.35010719 -0.10623494
v -0.16937450 0.35131222 0.03346628
v 0.15585500 0.30055001 0.31724200
v 0.14740375 0.19080119 0.07842500
v 0.17739600 0.36836761 -0.08125300
v 0.16011950 0.20321150 -0.12787300
v -0.19916287 0.35525063 0.24933912
v 0.00745425 0.32917625 0.33394536
v -0.16927397 0.35097191 0.06440097
v 0.03936100 0.35339299 0.24176200
v -0.19336624 -0.14847587 0.33625674
v -0.16884226 0.23372063 -0.13074026
v 0.03723150 0.35188150 -0.27255800
v -0.14489500 -0.22509150 0.15539099
v -0.19458725 -0.24323262 0.11288487
v 0.18976156 0.35374525 0.29993331
v -0.04836687 0.23137812 -0.23654544
v -0.04674544 0.23162119 -0.07197200
v -0.09270225 0.20341025 -0.33471501
v -0.04606150 0.23137225 -0.14719437
v -0.01831339 0.35244286 -0.05047370
v -0.02450300 0.23467749 0.31852514
v 0.08052012 0.35323745 0.21711431
v -0.19903000 0.36595926 0.32650599
v -0.02468975 0.23132400 -0.16349812
v -0.19473276 -0.24278325 0.02565625
v -0.05865325 0.35254139 0.00705744
v 0.06131231 0.35331476 0.23090494
v -0.19486250 -0.24494749 -0.19718049
v -0.18516301 0.35108986 0.09964925
v -0.11785500 0.23496249 0.31918225
v 0.16705924 -0.36742100 0.33183801
v -0.06070150 0.35047126 -0.31795600
v 0.12374700 0.00212488 0.33435863
v -0.19458981 -0.24531512 -0.15347569
v -0.14497700 -0.24161451 0.31502250
v 0.17568035 0.36828607 -0.14701724
v 0.12043900 -0.18165500 0.34924400
v 0.17207563 0.33763936 -0.35085350
v 0.08941112 0.35426599 0.37994161
v -0.09821200 0.26331350 0.33376250
v 0.05156612 0.35176688 -0.28439668
v 0.03835075 0.35170388 -0.30621761
v -0.18150599 -0.07638500 0.33584201
v -0.14551525 -0.24397613 -0.11933175
v 0.10284600 0.31161401 -0.33457100
v -0.06242387 0.35251379 -0.00871141
v 0.17524987 0.35099748 0.34796545
v -0.14547588 -0.24371874 -0.09423462
v -0.16815600 0.35185799 0.31923199
v -0.19469981 -0.24341981 -0.01546169
v -0.18545850 0.35037351 0.01902500
v -0.19384475 -0.35279775 -0.38013425
v -0.01057650 0.35236400 -0.11207625
v 0.06080350 0.35350001 0.26131049
v -0.18564156 0.34968632 -0.12414969
v -0.00492000 0.35230401 -0.15013200
v 0.03872375 0.32946107 0.33387926
v -0.05138350 0.23167962 -0.04555112
v -0.16950850 0.35070649 -0.23345500
v -0.19292031 -0.09975500 0.33615518
v -0.19951537 0.35289830 -0.03858644
v -0.16730806 0.23539551 0.24432862
v 0.06045722 0.36843082 -0.09383659
v 0.16158275 0.21542425 -0.12380412
v -0.16861650 0.23376000 -0.09041950
v 0.12286850 0.03821969 0.34435526
v -0.03124838 0.23135744 -0.30612901
v -0.16949862 0.35140774 -0.17798349
v -0.14528975 -0.24271318 0.03346131
v -0.19941238 0.35346150 0.10694862
v -0.06036812 0.35278213 0.09459487
v 0.07978475 0.23140851 -0.19154800
v 0.04723500 0.31224200 0.33382300
v 0.03199775 0.35179776 -0.31177124
v -0.19905999 0.35567349 0.32609349
v -0.14580306 0.03489609 0.36850831
v 0.16944225 0.33891150 0.38243961
v 0.05961166 0.23231141 0.13740581
v -0.01693550 0.23138100 -0.11812337
v -0.14541513 -0.24317488 -0.07285287
v -0.19449276 -0.23813890 0.20935485
v -0.19240488 -0.02778563 0.33602801
v -0.00788700 0.23133799 -0.13789549
v -0.19507250 -0.14302900 -0.37256151
v 0.08379075 0.35173076 -0.29578575
v -0.19899943 0.35556540 0.35013315
v 0.11028600 0.35366470 0.29382414
v -0.18441032 0.35146487 0.29286695
v -0.00884678 0.35262686 0.04907513
v -0.19958450 0.35557783 -0.02075350
v -0.16814075 -0.12212325 0.38498601
v -0.19990218 0.35679474 -0.23141146
v -0.19469900 0.33888799 0.37521100
v 0.08763200 0.35334700 0.23650450
v -0.19953325 0.35660663 -0.00876188
v -0.01068375 0.23168337 -0.02687550
v 0.00987712 0.35198262 -0.24114594
v -0.06273262 0.23170738 -0.05690950
v 0.18310106 0.35413730 0.36089563
v -0.05880575 0.23180024 -0.04887600
v -0.19918454 0.35662121 0.23565400
v -0.16830400 0.35180300 0.30130899
v -0.03049306 0.23136200 -0.19168319
v -0.16376249 0.31749099 0.31911951
v -0.01798700 0.23134163 -0.13088743
v -0.16881138 0.23330112 -0.26244524
v -0.16400725 0.33934599 0.31893176
v -0.16958074 0.35001299 -0.12653024
v -0.01154900 0.23157050 -0.07249600
v -0.19503194 0.31297186 0.35253400
v -0.19047293 0.14906444 0.33589017
v -0.04856838 0.35136387 0.31817049
v -0.14731801 0.32545400 -0.36973500
v -0.01522312 0.29944462 -0.33456188
v -0.02829217 0.36935750 0.20792679
v -0.02317900 0.23191963 0.03639862
v -0.19952312 0.35827100 0.06952769
v -0.03328528 0.23122144 -0.23965245
v -0.07637225 0.34963137 -0.31784824
v -0.05327350 0.35242799 -0.10457275
v 0.00306216 0.23296741 0.28225562
v -0.18845962 0.19837263 0.33656162
v -0.19531150 -0.08042450 0.33731100
v -0.04465525 0.35092700 -0.31808549
v -0.09521200 0.26096475 0.33505851
v -0.03007600 0.23363100 0.35650700
v -0.19475000 -0.25789601 -0.37090600
v -0.19445471 0.30638057 0.34265807
v 0.17723188 0.35363549 0.28966624
v -0.04830188 0.35245338 -0.04567700
v -0.17052124 -0.12024744 0.33600295
v -0.16788775 0.23360850 0.11875975
v -0.19460225 -0.24300949 0.13146350
v 0.18640637 0.32291237 0.31977475
v 0.08837800 0.35350263 0.26384774
v 0.08828200 0.23278700 0.22879100
v 0.06094100 0.23124400 -0.22824401
v 0.14853288 0.19002169 -0.09041631
v -0.17239188 0.19136575 0.01412750
v -0.16328774 0.16839226 0.33617750
v -0.07813600 0.19927400 0.33484301
v 0.15408581 -0.32004943 0.33421737
v 0.11928275 -0.28553474 0.36156899
v -0.18409325 -0.19532625 -0.01697150
v -0.19440700 -0.20677900 0.21612900
v -0.16663532 -0.19602981 -0.21859466
v -0.19497700 -0.20768251 -0.34791851
v -0.19577976 -0.01864275 -0.36470076
v -0.19709951 0.18008301 -0.35832551
v -0.18404625 0.20259599 0.12799326
v -0.14488088 -0.29659224 -0.35706788
v 0.13413700 0.02229050 -0.38553450
v 0.14312451 0.25433475 -0.38457626
v -0.14669700 0.03704350 -0.34801450
v -0.16909736 0.28552005 -0.27340898
v 0.16097599 0.20319375 0.02777500
v -0.12196600 0.36752000 -0.38055000
v -0.09405481 0.36851880 -0.21390849
v -0.14511837 -0.21578212 0.00071900
v 0.17218401 0.05792200 0.36899549
v 0.08198632 0.23226009 0.11728178
v 0.17464826 0.28381875 0.34901401
v 0.04616559 0.36972159 0.28072104
v -0.14534669 -0.22955613 0.36457157
v -0.14601797 -0.06491759 0.36310399
v 0.12123138 -0.10748062 0.35665300
v 0.12526651 0.27856800 0.37015250
v 0.13546149 0.14756200 0.38291800
v -0.16321500 0.26984099 0.38419399
v -0.07375825 0.21587275 0.38440800
v 0.09397990 0.23262578 0.19473948
v 0.03827606 0.23186728 0.02547916
v 0.01718812 0.21560000 -0.02363644
v -0.06636428 0.36876985 0.02375745
v -0.17920400 -0.07408300 -0.33377901
v -0.03557600 0.35306275 0.16702825
v -0.18447162 0.33576837 0.25771913
v -0.13298741 0.36861074 -0.17837459
v -0.13861901 0.27508476 -0.31793174
v -0.02681066 0.21599838 0.10359787
v -0.02141163 0.23208287 0.09298825
v -0.02957300 0.23224799 0.14852500
v -0.05694642 0.36984682 0.29920334
v -0.01444903 0.23183650 0.01472697
v 0.16009000 0.20189799 -0.14317000
v -0.15982200 -0.28810900 0.38491100
v -0.05336387 0.35283214 0.11411987
v -0.19471925 -0.23098950 -0.08216525
v -0.01215375 0.23170975 -0.00959450
v 0.14198318 0.23305997 0.25826025
v -0.14565971 -0.24437103 -0.18992212
v 0.14170450 -0.11406859 -0.33666950
v -0.04632300 0.35251799 -0.03687000
v -0.13998294 0.36870649 -0.13016374
v -0.02110100 0.35283700 0.11717800
v -0.14501813 -0.21304922 0.12014422
v -0.16842343 0.27959111 0.07868080
v 0.00324700 0.23149274 -0.36353850
v -0.19540812 -0.04020575 0.36394489
v 0.00903562 0.35323605 0.20961362
v -0.19144000 0.09636750 0.33593950
v -0.19923051 0.35420799 0.21592250
v 0.13515000 0.02942450 0.33400151
v -0.19458337 -0.22686575 0.01318888
v 0.09001312 0.31682232 0.31756106
v -0.03224963 0.23242618 0.18553218
v 0.12246875 0.04444125 -0.35671949
v -0.00487250 0.18350375 0.36189374
v -0.16821413 0.23389050 0.03823575
v 0.15979356 0.20472163 -0.18191531
v -0.00207150 0.35228711 -0.16132376
v -0.14531200 -0.24274550 0.00451900
v -0.04211278 0.35240898 -0.10780340
v -0.16939400 0.33970651 -0.11964400
v 0.00094350 0.36938399 0.20829900
v 0.09527500 0.29146600 0.31760600
v -0.14610587 -0.08892775 -0.36557338
v 0.14021499 0.10711900 0.33387500
v -0.12316150 0.21666400 0.20232099
v 0.04293125 0.31900850 0.31776351
v 0.07775237 0.23198581 0.05403681
v -0.05816975 0.35281149 0.10452188
v 0.14633200 0.18954851 -0.21924250
v 0.13758226 -0.26504949 0.33435825
v -0.00164475 0.23136675 -0.16862525
v -0.00332075 0.35226625 -0.16741075
v -0.08318200 0.18425700 0.36289999
v 0.01757862 0.35310438 0.17966226
v -0.12433100 0.36872849 -0.10839587
v -0.02024550 0.21622124 0.17332625
v 0.11466888 0.28420839 0.31749806
v -0.04400947 0.35303229 0.16297437
v 0.00041323 0.23154962 -0.07359917
v 0.05786900 0.21611100 0.12628999
v -0.19449900 0.32234901 0.34314400
v 0.00410750 0.35214800 -0.21746200
v 0.12230337 -0.02687762 0.33655462
v 0.17141837 -0.32104513 -0.35397524
v 0.13455875 -0.02519925 0.38334951
v -0.19584800 0.19454201 0.36766949
v 0.05780725 0.21607700 0.11645100
v 0.12201500 -0.04024425 0.37245250
v 0.15481800 -0.29596400 0.38369900
v -0.06082850 0.35274851 0.08592025
v -0.01873394 0.23217988 0.12402032
v -0.03206047 0.36898038 0.11728813
v -0.19202925 0.19830400 -0.38288599
v 0.01517262 0.21528962 -0.13728625
v -0.00672500 0.23289400 0.27906501
v -0.01104600 0.23158200 -0.05996200
v -0.19526900 0.27477250 0.36454737
v 0.12015000 0.27727050 0.31749851
v 0.10554850 0.28541601 0.31755251
v -0.19688600 -0.21204901 0.36127400
v -0.19513901 -0.15182650 -0.36580500
v -0.14562838 -0.21786100 -0.25265524
v -0.06741194 0.35265094 0.05626250
v -0.07762400 0.21550725 -0.24167550
v -0.18683350 0.19069999 -0.38275099
v -0.14705372 0.36847857 -0.23948357
v -0.16891260 0.31703654 0.04156004
v 0.17541450 0.33512449 0.36947650
v -0.00337175 0.35324892 0.21060793
v 0.00349931 0.36924419 0.17804743
v 0.15007950 0.19157450 0.24090751
v 0.14498435 0.02474209 -0.33627895
v -0.19471925 -0.24085025 0.00528813
v 0.04358850 0.35329688 0.22300388
v -0.02483500 0.23230450 0.16583049
v -0.14569549 0.09515550 0.34885600
v -0.04495750 0.35245299 -0.08139250
v 0.12178725 -0.05917100 0.34742951
v -0.01015400 0.32578301 -0.35156900
v 0.13510631 0.23317569 0.28670713
v -0.06593800 0.35274199 0.07874350
v 0.16220675 0.20488025 0.18809900
v -0.08956100 0.21565650 -0.12354850
v 0.17547774 0.34457850 0.35904488
v -0.15803801 0.09093425 0.33572099
v -0.19527601 -0.08323725 -0.34946874
v -0.15876888 0.20635587 0.08796731
v -0.19441999 -0.22952700 0.22282401
v -0.16787225 0.23423775 0.13667212
v -0.01006238 0.35317487 0.18878426
v -0.19534101 -0.07009600 -0.34744999
v -0.02403856 0.23207088 0.10151956
v -0.19497125 -0.23175925 -0.25383976
v -0.19595550 0.20442250 0.35390601
v -0.19625400 -0.29312801 0.35407901
v 0.05366981 0.35327557 0.22038907
v 0.13605601 0.11588100 0.33396250
v -0.04968994 0.35240275 -0.09775131
v -0.19474763 -0.24365893 -0.03729875
v 0.03412037 0.35333076 0.22727172
v 0.15885088 0.35370487 0.29954213
v 0.08563356 0.21595162 0.07150716
v 0.01406425 0.32735449 0.35212374
v -0.02682200 0.23203300 0.08368500
v 0.12346100 0.11232400 0.34914801
v -0.19472300 -0.24301299 0.07998800
v 0.14863403 0.35230839 -0.04340297
v 0.04958800 0.21611699 0.12945600
v -0.19462615 -0.23500459 0.01839172
v -0.17664513 -0.03432375 -0.38308787
v 0.13272603 0.28271013 0.31739235
v -0.08437800 0.24292500 0.31894901
v -0.02274675 0.35315225 0.18875401
v 0.13669600 -0.28809500 -0.38652301
v -0.19467901 -0.23465800 -0.06946200
v 0.16230400 0.20544188 0.19900750
v -0.01373475 0.23181926 0.00164250
v -0.14516924 -0.19633338 -0.33529976
v -0.16150001 0.26162699 -0.38347200
v -0.12082500 0.23218550 -0.31831199
v -0.01409600 0.35327500 0.21459700
v 0.15107749 -0.15661800 -0.38617086
v 0.14020900 0.03358800 0.33393499
v -0.07756662 0.23767388 0.31893799
v 0.02392400 0.23297951 0.29198724
v -0.06932382 0.35269874 0.07193525
v -0.06915600 0.24622500 0.31887701
v -0.18136531 -0.31361845 0.38523331
v -0.05908309 0.35258904 0.02052406
v -0.16877100 0.35193026 0.21148326
v -0.01519900 0.23127450 -0.18099900
v 0.07423338 0.31744650 0.31762236
v -0.03435425 0.35315812 0.18952663
v -0.19509250 -0.22239050 -0.30799550
v -0.04723025 0.35244599 -0.06935750
v 0.01796625 0.35202557 -0.25117525
v -0.19731000 0.29823300 -0.38308200
v -0.02444163 0.23272488 0.24836875
v -0.01814887 0.23190787 0.02584200
v 0.02462000 0.35318649 0.20300800
v 0.04211300 0.21600500 0.11185200
v -0.02723213 0.35307699 0.17388768
v -0.16941850 0.34700650 -0.11124300
v -0.02851700 0.23121600 -0.25443399
v -0.14545138 -0.21044068 -0.14490575
v -0.02047856 0.23180775 -0.00326412
v -0.19456325 -0.24279150 0.25664800
v -0.19383749 0.33455250 0.33741999
v -0.19456543 -0.24266538 0.22689256
v -0.05820762 0.35284826 0.12238412
v -0.09989900 0.33955801 -0.31783000
v -0.16744851 0.25073150 0.24004000
v -0.12513100 0.27970901 -0.31805599
v -0.17487200 0.09258425 -0.38319725
v 0.14040500 0.15503851 -0.38496700
v 0.01338600 0.35208300 -0.23385550
v 0.15901606 0.34071818 0.38221982
v -0.11900825 0.34808925 -0.31752476
v -0.06501300 0.25002599 0.31883001
v 0.12181100 -0.07231375 0.33886650
v -0.04395162 0.35319230 0.19109488
v -0.01300250 0.35321900 0.20340151
v 0.03672412 0.31905863 0.33387625
v -0.01927700 0.23279329 0.26078364
v -0.00990000 0.23187099 0.02078200
v -0.10375650 0.34997475 -0.31762826
v -0.02899350 0.32614449 -0.37183550
v -0.14565875 0.10872000 0.34572375
v 0.01735288 0.32724914 0.36938787
v -0.03840613 0.23142549 -0.13806587
v 0.03965700 0.23238200 0.15933099
v 0.15866975 0.19654638 -0.31425926
v 0.15382950 -0.28329849 0.38366199
v -0.02270750 0.35324794 0.20901462
v -0.18662301 -0.06651850 -0.33369026
v 0.05701825 0.32588676 -0.35568950
v -0.00500588 0.35316476 0.19533087
v -0.05217350 0.35246751 -0.03780550
v -0.05486088 0.35250774 -0.02087431
v -0.19542463 0.15243387 0.35334051
v -0.19186600 0.08479700 0.33591476
v -0.03113950 0.23254906 0.21618657
v -0.17240512 -0.19657950 -0.31280413
v -0.17967901 0.29426301 -0.38350201
v -0.17752400 0.36158624 0.39993912
v -0.03875425 0.35234350 -0.12503751
v -0.03884275 0.35236150 -0.11544538
v -0.01684625 0.35272649 0.10869144
v -0.01862600 0.23177512 -0.02119887
v 0.13281900 -0.19524975 0.33437675
v 0.17234600 0.21035101 -0.37057701
v -0.08307775 0.32780674 0.36251274
v -0.01939225 0.23220062 0.13435687
v -0.05937900 0.23237000 0.16397101
v 0.09742000 0.23304000 0.26987699
v 0.12349650 0.10341850 0.34307450
v -0.18288051 -0.06120200 0.33587500
v -0.06540900 0.23389500 0.37103450
v -0.19448538 -0.23857924 0.27100649
v -0.02424950 0.23123513 -0.24184924
v -0.06542175 0.35268086 0.06519425
v 0.12120200 0.18251000 0.36084399
v 0.16842200 -0.33408225 0.38067776
v 0.03217487 0.35325158 0.21164106
v -0.05236181 0.35249770 -0.03018106
v -0.01970325 0.34414500 0.31801149
v 0.00693088 0.35214862 -0.20910038
v -0.01272600 0.23150931 -0.08376638
v -0.14572275 -0.24467050 -0.22985475
v -0.19440700 -0.22901200 0.28243199
v -0.18412222 0.20513259 0.03581775
v 0.13173100 0.10186100 0.33403850
v 0.17483351 0.20029075 0.35479224
v -0.05455500 0.35251901 -0.00569250
v -0.12250163 0.35126662 0.31858876
v -0.02986900 0.35310999 0.18148801
v -0.05133725 0.35243288 -0.05894613
v -0.19751900 0.33309063 -0.34685013
v -0.00388600 0.35230201 -0.13758700
v -0.15634400 0.19170950 0.38399649
v 0.04382800 0.23243000 0.16103700
v -0.14566401 0.10306300 0.35480699
v 0.09983000 0.29326901 0.31758451
v -0.05400262 0.35305461 0.16125950
v -0.14443976 -0.21673475 0.31706750
v -0.02854500 0.23198301 0.05050200
v 0.16846400 -0.32000199 0.36713800
v 0.09970600 0.20902200 0.38375801
v -0.06428563 0.35291636 0.13126737
v -0.00484784 0.35235903 -0.12334150
v -0.16114500 0.26644400 -0.38346899
v -0.19453394 -0.22360575 0.08744194
v 0.14540850 0.25835100 0.38271451
v -0.03277400 0.23231199 0.16392250
v -0.13629963 0.34554511 -0.31742236
v 0.02925513 0.35177761 -0.28568375
v -0.01629912 0.23132132 -0.14888132
v -0.02000575 0.23176837 -0.01201125
v 0.17176300 0.00995450 0.34575900
v -0.01719700 0.23212001 0.11525150
v 0.00392800 0.35232800 -0.12809500
v 0.13462999 0.04443050 0.33400801
v -0.08408800 0.24996400 0.31894499
v -0.03229263 0.23248838 0.20332925
v 0.04673650 0.21598551 0.10089450
v 0.02946900 0.31437650 0.31793049
v 0.12330197 -0.07449584 0.33444458
v -0.06504150 0.35264850 0.04686600
v 0.05558975 0.21602650 0.10475625
v 0.13900299 -0.08120600 0.33413449
v 0.14350250 0.05443200 -0.38544476
v 0.07814125 0.32242027 0.31758323
v -0.04518900 0.35241801 -0.05361900
v 0.15011050 0.29201788 0.31730363
v 0.12326612 0.35369775 0.29877025
v -0.03159050 0.35232949 -0.12030050
v -0.03693062 0.23149388 -0.08496975
v 0.04308750 0.23260650 0.36602300
v -0.01986362 0.23122275 -0.19037449
v -0.06606212 0.35173014 0.31829005
v -0.04060350 0.23130050 -0.26105899
v -0.14796899 0.26784700 -0.37437400
v 0.13534775 -0.09085125 0.33418801
v 0.14093700 -0.07260500 0.33404800
v 0.01455219 0.35331097 0.22477871
v -0.02054388 0.35234949 -0.11723825
v 0.01923650 0.35328174 0.21075401
v -0.02955600 0.23261388 0.22894426
v 0.01978800 0.31134301 0.31792799
v -0.19436701 -0.22542600 0.21319699
v 0.08107300 0.21833500 -0.38505349
v 0.15261672 0.31176347 0.31721571
v 0.00467888 0.35201713 -0.24944299
v 0.16861375 -0.30529499 0.37762326
v -0.05496725 0.35248575 -0.01222575
v 0.02861000 0.35202801 -0.24309599
v -0.02242050 0.23213850 0.11374650
v 0.16848449 -0.30546874 0.36550349
v -0.05743350 0.35264775 0.04936969
v -0.02634850 0.23195250 0.05890450
v -0.05064650 0.35273701 0.08765500
v -0.19671200 -0.20361200 0.34993300
v 0.03744375 0.33816937 0.31774300
v 0.02788075 0.33448949 0.31779411
v -0.03930356 0.23130837 -0.18381529
v -0.04469731 0.23133375 -0.17720482
v -0.06035750 0.23128401 -0.25094101
v -0.04514725 0.23133475 -0.16051875
v 0.01466778 0.33045107 0.31790385
v 0.13316651 -0.07689200 0.33421299
v -0.05238150 0.35295349 0.13979550
v -0.08707350 0.32661149 -0.35559374
v -0.14557800 -0.24398682 -0.14785156
v -0.00221837 0.35334587 0.23223238
v -0.13356476 0.28876725 -0.31791449
v 0.12291800 -0.07018800 0.33443001
v -0.19097012 0.06995262 0.33591968
v -0.04826450 0.23210651 -0.31866151
v -0.17564000 0.14223149 0.38441700
v 0.04620925 0.35181150 -0.28094450
v 0.17785850 0.35378051 0.30779749
v 0.00461044 0.35216793 -0.20064381
v 0.00753050 0.23295240 0.29048410
v -0.05271288 0.23229393 0.15196413
v -0.00442838 0.35220775 -0.22360700
v -0.01508338 0.35339889 0.23752426
v 0.13256900 0.30109400 0.31733525
v 0.04449775 0.21606675 0.12252875
v 0.02146000 0.35204449 -0.24455750
v -0.03906325 0.23158975 -0.05900400
v -0.04908000 0.35260701 0.02311800
v -0.08370700 0.32611799 -0.37794200
v 0.00345838 0.35212886 -0.22699912
v 0.06935538 0.35336730 0.23792237
v -0.19452199 -0.24138400 0.28507501
v 0.04651500 0.36783299 -0.30604601
v 0.00448056 0.33280924 0.31800100
v 0.07091200 0.35336468 0.23016831
v 0.01332563 0.35202482 -0.25724080
v -0.01466738 0.23146126 -0.09971137
v 0.11404963 0.31432524 0.31745636
v -0.15158574 0.23248924 -0.31804425
v -0.19756401 0.31330699 -0.35899299
v -0.14806500 0.31481200 -0.33368599
v -0.05065662 0.23123963 -0.24438800
v -0.19907901 0.35499501 0.30480900
v 0.00766750 0.35221899 -0.18177301
v 0.00512834 0.35201025 -0.25809044
v -0.04689712 0.23124288 -0.22915900
v -0.15684000 0.08345100 0.33570099
v -0.09744050 0.23253100 -0.31843001
v 0.01505813 0.35348901 0.25759774
v 0.12454300 0.28345999 0.31749949
v -0.14580050 -0.24537250 -0.27385050
v -0.02667200 0.35278600 0.11053400
v 0.14035250 0.30182451 0.31730601
v -0.04835863 0.23171534 -0.03665847
v -0.02646559 0.23159000 -0.05782387
v -0.01182413 0.23137400 -0.30958426
v -0.02161300 0.23151626 -0.07273175
v -0.04049588 0.23124693 -0.24902369
v -0.02997550 0.23127550 -0.18668251
v -0.03935476 0.23129550 -0.27356854
v -0.03091937 0.23128985 -0.17489919
v -0.04827112 0.23134275 -0.16721438
v 0.04464925 0.35344574 0.24804576
v -0.19067325 0.37058049 0.39124650
v 0.02752450 0.35347199 0.25581074
v -0.01542200 0.23181775 0.01161425
v -0.00327975 0.35236025 -0.11188400
v -0.15757801 0.25629300 -0.38346201
f 1260 79 1306
f 628 674 136
f 2932 2871 2509
f 1007 181 2286
f 192 137 272
f 96 276 1190
f 1156 387 1944
f 793 959 804
f 111 50 197
f 881 645 424
f 1657 1528 1661
f 1968 261 287
f 233 15 985
f 268 92 269
f 57 455 437
f 313 278 315
f 318 315 278
f 318 313 317
f 318 278 313
f 188 257 273
f 292 235 232
f 1 2 25
f 54 188 273
f 381 962 379
f 1857 363 1935
f 369 863 157
f 1984 1101 496
f 1340 366 1339
f 1259 450 410
f 897 360 1863
f 1288 1090 1191
f 220 823 1384
f 1836 1471 1447
f 625 748 436
f 168 221 576
f 1018 528 502
f 157 972 369
f 571 713 1173
f 517 167 516
f 1994 1992 1698
f 1172 529 945
f 889 1497 523
f 1552 566 1500
f 543 559 558
f 202 937 201
f 502 528 1303
f 211 1469 156
f 563 562 1017
f 421 567 1825
f 157 863 909
f 1098 588 1016
f 522 832 400
f 1764 417 341
f 1324 618 619
f 1404 1186 953
f 211 156 208
f 1690 797 593
f 593 586 1690
f 665 664 786
f 1204 128 1224
f 1249 1708 1604
f 1757 1806 1382
f 1877 179 183
f 129 1557 764
f 664 665 663
f 729 552 309
f 748 658 436
f 956 551 1766
f 444 308 1347
f 1384 437 220
f 265 264 228
f 407 1299 974
f 598 643 1905
f 1147 774 715
f 1019 657 262
f 230 229 127
f 2 146 837
f 786 664 362
f 1451 1677 1507
f 1077 188 1119
f 884 513 512
f 664 653 803
f 664 803 362
f 1620 670 664
f 95 40 38
f 168 169 390
f 590 335 252
f 365 162 1103
f 1453 827 826
f 824 825 435
f 1904 234 954
f 193 1332 1353
f 824 435 845
f 1527 390 1526
f 1637 556 989
f 860 864 786
f 2231 137 540
f 239 72 423
f 153 883 855
f 1243 98 187
f 613 1997 1780
f 1060 1908 1237
f 1732 1811 2056
f 1995 1277 1901
f 2775 1761 1648
f 984 218 441
f 1186 1586 953
f 1740 1332 1405
f 1873 11 432
f 2214 451 99
f 1027 1805 1125
f 133 491 100
f 1011 1181 1124
f 518 160 3
f 969 719 42
f 744 502 1303
f 492 417 688
f 1129 1864 1002
f 762 346 389
f 1014 1097 600
f 601 1337 75
f 749 519 905
f 1664 1663 57
f 1062 1769 433
f 1073 698 1892
f 149 427 1040
f 1039 783 1033
f 1509 225 503
f 412 497 891
f 1219 1043 1052
f 1395 331 147
f 661 801 477
f 1039 1076 783
f 1363 967 1093
f 1384 823 1034
f 1711 1278 1582
f 960 647 662
f 1471 1220 1447
f 1096 2258 768
f 91 988 995
f 595 822 186
f 277 131 504
f 1668 668 665
f 1419 520 296
f 388 808 344
f 1871 1827 1677
f 1146 1131 1918
f 1874 2255 1938
f 1065 589 465
f 399 1032 908
f 1329 2208 1146
f 1183 668 1668
f 1160 171 616
f 1403 1402 471
f 1314 1197 986
f 1203 1859 1607
f 792 643 598
f 329 1959 894
f 1847 1480 1861
f 452 266 257
f 1013 976 1581
f 1857 2001 363
f 2210 519 712
f 1979 1447 1220
f 288 283 1274
f 275 1283 1250
f 349 336 1463
f 498 1770 788
f 2447 656 345
f 302 451 489
f 1731 340 342
f 136 785 628
f 61 1325 1311
f 1563 67 1081
f 703 392 1145
f 1353 907 193
f 1338 21 52
f 1270 467 1094
f 906 250 772
f 1932 557 114
f 1245 161 846
f 777 944 1444
f 1539 215 216
f 2680 86 1453
f 769 931 56
f 1382 1394 515
f 490 2006 1329
f 1617 1196 829
f 1831 574 1194
f 158 1194 574
f 1399 1067 1401
f 1404 299 1186
f 185 1588 312
f 1209 1440 1484
f 1642 1412 1409
f 1411 848 1804
f 1349 1992 1994
f 1107 357 728
f 2075 1498 1679
f 1308 40 1612
f 254 1437 649
f 163 1041 1042
f 841 403 604
f 2010 806 853
f 1180 357 1107
f 1443 1205 1444
f 1477 1445 1478
f 1284 878 530
f 1304 570 638
f 670 668 664
f 664 668 653
f 1332 1345 577
f 469 919 527
f 1479 980 1516
f 13 1517 1179
f 189 190 1866
f 1058 68 128
f 1562 310 1467
f 1812 1758 182
f 980 397 1516
f 800 1286 1639
f 332 333 388
f 1281 1347 308
f 1184 1079 1149
f 48 1673 424
f 1228 949 950
f 51 378 1417
f 2026 647 960
f 843 1425 428
f 1546 425 75
f 681 1586 1026
f 1025 1955 72
f 1645 2012 2348
f 934 1153 374
f 1050 929 1307
f 242 176 1236
f 1034 823 1551
f 396 650 532
f 1328 413 1572
f 295 296 1675
f 1580 316 593
f 593 1100 1580
f 1776 894 1576
f 717 361 406
f 636 203 10
f 1588 1590 1580
f 1793 1364 1910
f 889 853 806
f 781 192 272
f 584 587 1728
f 480 802 900
f 796 1366 1767
f 723 934 724
f 1860 1067 1790
f 1150 915 2047
f 464 1611 1601
f 1259 1253 450
f 2001 1570 498
f 1668 1620 803
f 1206 1224 485
f 1713 1241 1707
f 1668 670 1620
f 665 670 1658
f 668 670 665
f 786 1668 665
f 79 2453 1737
f 339 787 893
f 1066 2094 1636
f 1395 147 1703
f 588 1316 1016
f 220 437 455
f 522 400 1519
f 1779 752 1074
f 786 1658 1668
f 1628 553 177
f 138 1936 800
f 710 947 155
f 868 911 1000
f 2365 1379 1488
f 1668 1658 670
f 864 1620 1658
f 431 1672 30
f 1680 775 1945
f 1468 1922 1227
f 1461 1007 1381
f 1170 928 1700
f 1960 1238 887
f 1801 1139 1974
f 488 486 487
f 1970 1979 1220
f 1144 483 963
f 698 1073 1141
f 1096 768 876
f 1600 1406 1735
f 1550 1075 1309
f 122 789 859
f 449 1116 1493
f 1597 826 827
f 654 265 228
f 792 1993 2125
f 1648 1867 968
f 1047 1071 468
f 805 1569 1989
f 353 565 253
f 581 529 1172
f 1733 1434 1592
f 708 9 7
f 321 443 252
f 691 1867 1423
f 883 153 1159
f 590 1455 1744
f 45 371 1111
f 1756 1453 86
f 833 13 1438
f 448 1981 613
f 1031 214 1396
f 1317 1046 1504
f 1542 1231 337
f 1853 1453 1756
f 143 1158 1259
f 615 1108 871
f 473 661 477
f 1610 546 1766
f 1405 555 886
f 573 676 1115
f 260 413 838
f 2443 962 597
f 606 1075 1550
f 2700 2735 2339
f 346 771 389
f 1321 908 1549
f 1416 1421 1958
f 1943 1103 162
f 308 439 1281
f 617 1231 1542
f 1631 1389 1629
f 1283 1256 1250
f 1780 1997 1755
f 597 962 381
f 2969 954 999
f 208 1775 211
f 1638 1467 310
f 2439 1585 1024
f 621 673 560
f 1071 1047 1048
f 1934 267 2289
f 644 397 1114
f 967 1785 1093
f 496 55 982
f 217 1986 844
f 1802 1929 1930
f 605 1290 1289
f 167 456 516
f 1669 1543 1805
f 1811 2026 960
f 1006 1268 557
f 1718 1176 1717
f 920 88 1307
f 1750 1748 1533
f 449 1493 400
f 1791 1183 1818
f 1183 1701 1818
f 1415 1814 247
f 703 1145 1136
f 1822 298 694
f 447 629 1583
f 1823 697 948
f 1905 226 1574
f 967 1754 1785
f 1218 951 952
f 1841 1834 703
f 1804 848 1835
f 1531 1264 1266
f 1900 1050 1287
f 116 1678 1835
f 1825 567 1587
f 926 1319 806
f 1511 725 135
f 135 725 69
f 1402 223 471
f 1446 66 1566
f 686 997 979
f 243 1048 1693
f 1300 1118 1945
f 1502 843 601
f 280 821 548
f 1824 1657 1661
f 23 1333 1380
f 291 285 1021
f 2359 379 1468
f 287 261 2503
f 641 640 19
f 1897 88 1152
f 1201 1251 1554
f 1833 1341 1300
f 373 258 50
f 60 852 1107
f 199 867 420
f 1053 1504 1046
f 1728 314 433
f 413 2381 2336
f 303 1672 505
f 410 1102 1259
f 1098 1004 588
f 1163 1821 1189
f 740 818 1856
f 1261 1270 1094
f 1296 1017 548
f 566 691 1423
f 118 856 1292
f 1804 1676 116
f 116 1920 1804
f 411 924 300
f 354 2007 2637
f 1877 1077 179
f 863 5 909
f 626 1136 170
f 608 609 1414
f 1806 1192 1608
f 430 676 573
f 478 574 1152
f 1019 2125 1993
f 1292 62 118
f 1567 821 280
f 1664 1880 2139
f 641 28 640
f 2824 2833 2736
f 1639 1286 219
f 1644 837 146
f 1702 1144 963
f 1646 2211 1893
f 991 312 1694
f 176 151 1363
f 1161 1593 1326
f 2208 1045 1131
f 1221 329 470
f 555 1405 1332
f 709 1634 195
f 1310 1148 1037
f 2211 1646 734
f 1120 1906 1654
f 1574 598 1905
f 1161 1359 1593
f 757 2222 445
f 1390 53 534
f 1731 1388 340
f 189 1732 2056
f 558 559 700
f 1847 1003 1712
f 174 202 201
f 468 1783 1047
f 642 1790 1063
f 166 1159 370
f 140 1501 145
f 2230 113 718
f 1416 899 1421
f 274 918 1398
f 1230 737 1930
f 2031 178 49
f 1106 644 1114
f 2617 826 1597
f 259 2255 1874
f 1667 1106 1158
f 1541 985 15
f 1938 1269 1565
f 1581 976 1105
f 78 77 1110
f 886 555 482
f 846 738 1245
f 769 614 931
f 161 1245 744
f 982 194 1545
f 1385 614 500
f 2273 1745 1802
f 476 365 1781
f 1032 1549 908
f 1118 1833 1945
f 51 1417 817
f 1280 1473 537
f 1285 708 510
f 354 241 237
f 966 940 1424
f 361 970 1536
f 2414 1967 60
f 1306 1022 307
f 1929 1802 1921
f 1578 1834 1841
f 1813 601 843
f 958 1010 1112
f 1812 182 2089
f 523 1430 889
f 919 1607 527
f 361 1942 970
f 1805 1543 1125
f 1773 1878 238
f 1424 940 939
f 966 1940 940
f 399 1542 337
f 873 196 1868
f 198 1434 1763
f 1057 1501 1512
f 870 1954 750
f 336 356 1710
f 1751 1470 879
f 879 1470 2275
f 23 279 564
f 922 1085 52
f 769 561 614
f 389 595 762
f 1328 1572 1878
f 1462 338 952
f 1773 1328 1878
f 1817 1590 316
f 1130 322 642
f 1082 695 1647
f 1148 1310 1891
f 1336 118 62
f 891 901 412
f 235 349 1463
f 1463 1961 235
f 1254 1800 686
f 264 1059 1058
f 1060 1237 97
f 1521 943 518
f 1724 925 164
f 639 1713 1707
f 1154 1418 2274
f 1483 142 1240
f 1701 1697 1548
f 1299 1020 930
f 5 863 183
f 652 393 1255
f 1865 562 563
f 798 164 925
f 1087 3 172
f 1382 1392 1394
f 986 1129 1314
f 1182 828 1774
f 244 245 99
f 322 1130 639
f 921 1535 1214
f 906 1184 250
f 214 304 787
f 618 1324 977
f 745 600 700
f 1494 618 977
f 492 281 417
f 1374 1979 1490
f 495 1383 1397
f 794 1497 689
f 849 874 947
f 1301 1344 1669
f 735 1798 1352
f 1915 1014 600
f 238 490 1773
f 129 131 1557
f 1178 430 573
f 309 552 209
f 346 770 771
f 114 1004 1098
f 488 1369 486
f 1303 161 744
f 1996 540 1104
f 93 609 608
f 1936 138 501
f 795 1519 69
f 1821 759 1343
f 1360 1737 754
f 413 121 120
f 1160 2655 360
f 1521 1104 705
f 291 492 688
f 1565 191 364
f 760 1890 20
f 507 109 1971
f 134 1775 208
f 371 286 83
f 155 947 874
f 752 64 233
f 1389 66 1446
f 331 610 330
f 17 245 302
f 360 959 793
f 215 1171 216
f 871 1108 2040
f 793 1863 360
f 367 737 1396
f 1460 401 375
f 1820 58 1988
f 63 429 396
f 1570 2001 1857
f 78 530 77
f 1764 341 1021
f 626 1263 1787
f 760 100 358
f 1121 651 612
f 1521 705 943
f 1061 1062 428
f 964 959 436
f 732 731 366
f 245 244 302
f 1492 927 747
f 764 907 2042
f 1959 329 1221
f 31 704 1298
f 854 1286 858
f 1877 188 1077
f 493 383 408
f 2235 594 194
f 1138 227 479
f 262 657 370
f 497 1786 891
f 786 362 663
f 969 42 882
f 785 1128 1686
f 651 656 612
f 1526 1564 1527
f 130 1116 946
f 1466 1111 83
f 1111 371 83
f 994 1558 890
f 26 1586 681
f 2348 1896 2014
f 601 741 1337
f 1059 68 1058
f 1931 2273 1230
f 2717 162 365
f 1575 1952 794
f 244 451 302
f 373 36 623
f 723 724 85
f 1460 1662 401
f 1560 231 978
f 1079 1124 1149
f 1124 1079 895
f 1103 1781 365
f 2100 2727 123
f 1255 1365 652
f 984 441 123
f 1234 683 58
f 989 556 1243
f 274 1233 918
f 1551 965 1164
f 1950 96 2045
f 742 1366 796
f 1075 1155 1309
f 944 1443 1444
f 2111 1348 1346
f 394 1371 1370
f 1693 1048 1047
f 1903 843 1621
f 408 383 1994
f 1139 1801 1730
f 125 993 1828
f 1711 1582 1681
f 1418 1154 1153
f 1025 942 1955
f 1728 587 314
f 369 972 625
f 8 409 165
f 1523 1750 1533
f 1163 1189 58
f 63 1785 429
f 747 927 2043
f 1201 434 1251
f 278 1809 912
f 184 616 323
f 1094 467 1280
f 1898 1179 596
f 929 1050 1900
f 580 867 2046
f 738 1456 1609
f 803 864 362
f 803 1620 864
f 1623 836 1088
f 663 665 1658
f 1002 1314 1129
f 1789 1660 1659
f 1185 73 1627
f 1813 741 601
f 1658 860 663
f 862 1240 142
f 2000 2005 2508
f 526 581 1172
f 1658 786 864
f 1419 296 295
f 638 1681 1582
f 1162 432 1308
f 914 1492 913
f 293 1374 1490
f 1709 813 902
f 1525 402 1810
f 128 68 1224
f 1470 21 1338
f 632 1467 1638
f 590 7 1455
f 344 808 763
f 1309 1155 660
f 1118 1300 1341
f 939 940 604
f 2443 177 962
f 250 1184 1149
f 1097 97 1237
f 1831 1194 999
f 1034 1551 1164
f 1449 1635 1963
f 1633 1682 1767
f 132 1600 1735
f 2018 1282 227
f 1492 747 913
f 607 1001 1978
f 1029 73 633
f 1012 729 309
f 1208 941 1593
f 231 1911 978
f 944 777 1388
f 1064 1065 465
f 53 1390 4
f 730 268 1651
f 1563 1847 1861
f 354 255 359
f 1507 1677 1827
f 210 87 1113
f 903 1755 1893
f 1457 839 524
f 218 203 1072
f 684 117 648
f 912 317 278
f 1201 957 434
f 859 789 1972
f 1267 84 1838
f 1475 633 1474
f 1365 1255 750
f 1828 1541 1268
f 60 1886 1431
f 802 1297 398
f 178 2031 1110
f 2287 772 1928
f 356 336 1351
f 983 2607 1710
f 162 2034 1908
f 2611 1720 380
f 2611 914 1720
f 2036 301 2035
f 2035 2794 2036
f 2024 173 1808
f 875 173 2024
f 1335 1506 1626
f 901 2613 2037
f 201 2037 2613
f 201 937 2037
f 1233 1372 1902
f 1902 1229 1233
f 2194 834 1450
f 2040 1108 446
f 2043 927 48
f 1127 2044 394
f 1371 394 2044
f 1277 1015 199
f 1023 1583 629
f 1152 871 1897
f 2289 1246 1513
f 1376 1747 45
f 2048 693 1414
f 1894 396 429
f 1263 325 1787
f 1832 2051 520
f 1832 508 2051
f 953 1586 26
f 1234 58 1820
f 1854 1086 1424
f 1017 1608 548
f 965 1551 205
f 905 519 2210
f 1086 1854 2430
f 959 964 804
f 997 686 1312
f 426 1290 174
f 1541 1828 1852
f 1035 1270 1261
f 530 878 77
f 419 1784 229
f 1248 1855 1322
f 125 1836 545
f 2080 2081 2253
f 1004 114 175
f 812 1181 1011
f 1920 1411 1804
f 585 1100 593
f 593 797 585
f 2455 2550 2266
f 774 2590 715
f 979 2060 1254
f 875 1495 1348
f 550 750 2373
f 1936 501 1584
f 1045 1302 1131
f 1839 1272 1797
f 1386 899 1416
f 1312 1505 1909
f 552 405 209
f 1181 812 1165
f 139 695 141
f 1165 812 751
f 1548 1183 1698
f 198 204 1481
f 299 1404 393
f 1460 375 1464
f 807 1608 1192
f 1160 897 171
f 130 1493 1116
f 822 254 649
f 848 1678 1465
f 708 71 398
f 376 605 377
f 1465 1678 1411
f 1804 1678 1676
f 1065 1064 811
f 1741 541 1872
f 1557 907 764
f 1607 1719 527
f 1027 1125 1078
f 420 422 96
f 1359 1208 1593
f 281 291 688
f 1319 926 889
f 276 240 1190
f 1409 1442 1514
f 1644 1536 994
f 1839 780 1213
f 1451 1507 1742
f 204 1748 1750
f 335 1110 77
f 798 856 1875
f 961 104 105
f 934 723 2601
f 1617 1851 1616
f 1714 226 510
f 827 1453 1853
f 102 1219 1052
f 2093 904 2039
f 95 38 333
f 1332 577 1353
f 2015 1976 2161
f 1535 921 1148
f 880 1238 2128
f 2208 1131 1146
f 1273 1835 848
f 104 1112 1010
f 707 949 1070
f 841 682 1532
f 851 1180 852
f 1373 1548 1698
f 2194 1244 834
f 1442 1605 1630
f 203 218 984
f 721 2025 1199
f 1445 1477 521
f 888 355 784
f 355 733 784
f 1296 548 821
f 1532 403 841
f 159 452 1515
f 1439 1464 666
f 212 979 997
f 1 146 2
f 1540 735 1352
f 1435 1410 1510
f 1596 1380 1333
f 1884 54 1594
f 955 2773 353
f 778 820 124
f 752 233 1074
f 686 1951 1529
f 192 1391 1582
f 1704 1415 247
f 1972 789 422
f 694 1036 1822
f 555 1332 2212
f 288 725 1511
f 1105 976 531
f 1934 580 267
f 1981 1997 613
f 39 766 376
f 1611 474 1601
f 1679 1498 1192
f 2029 1969 2005
f 1879 2117 2185
f 2811 48 424
f 204 1750 1481
f 2518 2385 2463
f 1783 1577 1559
f 1617 350 1851
f 1592 1434 198
f 2232 2496 2367
f 801 545 477
f 1356 1009 1156
f 799 888 784
f 1847 1712 1480
f 89 209 405
f 1783 2606 1047
f 2259 1778 2147
f 1584 870 750
f 339 893 1866
f 1398 1229 1226
f 2048 562 693
f 2383 2724 2471
f 1180 1109 357
f 1536 1549 2364
f 1821 1163 759
f 1912 1522 1603
f 1903 1621 1918
f 1517 13 833
f 1926 537 1752
f 882 133 100
f 973 1115 1427
f 1719 1607 1556
f 1588 1817 316
f 1817 1580 1590
f 631 2357 1554
f 1454 1274 1188
f 350 351 1851
f 1313 2262 638
f 293 149 1078
f 1639 138 800
f 1906 1120 1599
f 1344 1279 2260
f 1455 7 9
f 745 981 1915
f 446 629 447
f 1765 1944 387
f 1615 1825 1587
f 427 149 648
f 2527 485 484
f 1582 1313 638
f 831 1364 1465
f 1929 1921 2273
f 212 997 1312
f 143 1259 1102
f 767 1293 1188
f 1081 67 1003
f 325 1080 1258
f 636 10 320
f 1510 204 1429
f 252 335 321
f 772 2287 906
f 1007 2286 2155
f 516 1317 1504
f 915 1898 596
f 778 582 820
f 1721 673 637
f 2337 2279 16
f 1929 1745 1930
f 1230 1930 1931
f 429 1785 1754
f 1895 1242 2131
f 336 1710 2607
f 631 1251 2402
f 2061 1976 2269
f 2338 1433 1726
f 650 396 1894
f 507 554 109
f 347 1940 352
f 1634 2087 2066
f 172 3 160
f 2117 328 2185
f 684 1242 1895
f 562 1865 693
f 1637 1174 498
f 1748 1410 1533
f 1612 975 1308
f 1828 1268 1006
f 1908 1060 1943
f 1486 969 270
f 2260 1794 1627
f 339 1866 190
f 341 417 281
f 1229 1902 1226
f 592 1925 1614
f 584 1576 284
f 145 56 140
f 2018 9 1282
f 139 1191 695
f 1647 1191 1082
f 2118 2176 2322
f 1633 1767 1366
f 1336 110 1035
f 1095 2325 1472
f 1725 956 1540
f 124 297 778
f 134 543 1775
f 603 1613 591
f 648 117 427
f 324 723 85
f 1254 1951 1800
f 133 483 491
f 290 2052 726
f 1062 1061 1769
f 238 1878 2604
f 1771 1089 2338
f 1408 890 837
f 337 1032 399
f 558 620 543
f 4 8 53
f 1427 1056 973
f 1855 1922 1322
f 832 1958 413
f 718 1267 2230
f 1609 1099 738
f 1173 2251 571
f 714 2642 2064
f 1928 1871 1677
f 284 120 584
f 571 599 713
f 1610 1766 551
f 2193 2265 2351
f 1001 1684 1978
f 1018 1705 528
f 2026 236 857
f 2606 846 161
f 1112 438 958
f 266 1568 257
f 558 600 126
f 1159 153 370
f 206 1792 44
f 1648 968 1656
f 1717 1573 1718
f 1950 1901 420
f 1311 1325 1830
f 2341 268 269
f 763 808 87
f 861 446 847
f 607 1935 1001
f 1236 31 242
f 81 1833 1300
f 1269 191 1565
f 1021 720 1195
f 1765 699 1591
f 28 1887 1023
f 90 91 1986
f 239 701 1860
f 704 418 1298
f 960 1983 672
f 1149 2687 2030
f 1887 28 641
f 1578 372 343
f 1361 1216 1799
f 1311 101 61
f 890 1408 994
f 1254 686 979
f 242 151 176
f 1239 845 2499
f 1697 1183 1548
f 1511 1274 283
f 1099 1609 438
f 737 1592 782
f 1739 2312 16
f 1556 527 1692
f 188 1633 2357
f 2039 2151 2248
f 2223 954 65
f 1761 2775 1275
f 863 2268 183
f 288 1274 1454
f 1026 1508 681
f 1013 2393 525
f 1265 503 225
f 775 1055 1331
f 585 586 1100
f 205 1816 965
f 1181 1165 1483
f 1838 1266 1267
f 760 358 1890
f 1558 1536 970
f 126 543 620
f 702 630 713
f 1068 132 842
f 1536 1558 994
f 834 634 282
f 1191 1647 695
f 1074 414 1618
f 1739 2536 2312
f 1375 2327 1487
f 2060 1951 1254
f 583 671 395
f 1429 1195 720
f 1142 2481 200
f 1756 86 1459
f 1307 2408 2397
f 1030 1015 1277
f 1115 676 1427
f 1372 1226 1902
f 1087 1350 877
f 2710 645 1927
f 1402 1403 255
f 384 852 60
f 1895 155 874
f 1160 360 897
f 1166 1489 475
f 2364 1032 2610
f 490 238 2006
f 737 367 2440
f 451 1202 2132
f 543 126 1775
f 1506 980 1626
f 2206 1173 494
f 2008 435 1962
f 191 2274 1418
f 832 522 1958
f 1922 1855 1227
f 639 850 1713
f 684 1316 1242
f 907 1353 2042
f 594 1545 194
f 1399 1401 1119
f 1461 746 1007
f 1974 1139 2459
f 702 59 630
f 1584 750 1936
f 436 658 964
f 333 332 95
f 324 85 855
f 2150 904 2282
f 921 108 841
f 817 1228 1143
f 893 787 304
f 1833 1118 1055
f 674 81 2303
f 1324 619 2398
f 2601 1418 1153
f 911 662 815
f 263 2206 494
f 917 1365 750
f 1893 2211 903
f 1211 714 1491
f 1802 1745 1921
f 1931 1745 1929
f 2238 876 768
f 1245 738 1099
f 1301 1279 1344
f 1395 476 1781
f 16 2279 1739
f 895 1011 1124
f 1142 200 224
f 554 507 482
f 1382 1806 1608
f 1114 397 980
f 844 760 20
f 1872 541 155
f 2246 2414 60
f 2111 1291 481
f 355 156 1469
f 1347 602 444
f 1013 525 976
f 2074 2057 2285
f 1726 1202 2338
f 922 25 1085
f 297 538 1941
f 1056 1459 86
f 178 479 49
f 1251 631 1554
f 341 291 1021
f 294 289 1966
f 38 40 2049
f 423 701 239
f 2439 1024 1387
f 1006 557 1932
f 1091 1031 106
f 1350 1087 172
f 34 206 36
f 2919 1250 865
f 303 44 542
f 1931 1930 1921
f 1836 1447 2779
f 2273 1931 1929
f 489 1276 511
f 1202 451 2214
f 1434 1021 1763
f 41 882 42
f 1316 588 1242
f 2023 1368 380
f 80 2024 1808
f 1030 1377 1015
f 89 103 102
f 433 1769 1728
f 874 117 684
f 390 1564 1526
f 1926 123 441
f 1155 546 660
f 1491 714 33
f 1305 280 592
f 2332 1879 2417
f 2094 1066 1485
f 194 982 55
f 804 2220 793
f 36 206 623
f 1387 1595 2439
f 1113 87 307
f 94 93 608
f 9 398 1362
f 1247 419 229
f 243 2153 1048
f 1763 204 198
f 872 539 311
f 456 1317 516
f 2063 2062 2346
f 2531 1899 2065
f 99 451 244
f 1622 1396 737
f 478 158 574
f 605 766 2256
f 1994 383 1349
f 397 644 1516
f 678 1400 348
f 418 704 27
f 426 1289 1290
f 63 396 2659
f 1042 1041 119
f 241 354 359
f 930 974 1299
f 785 1431 1886
f 2052 180 726
f 473 19 472
f 168 575 221
f 1622 1555 124
f 1230 1555 1622
f 2278 325 2370
f 487 1369 488
f 50 248 197
f 547 107 108
f 1735 842 132
f 1926 457 123
f 2265 1313 2363
f 1924 366 1920
f 2588 1968 44
f 290 749 905
f 1992 1349 2760
f 1975 1367 594
f 797 586 585
f 1120 568 2372
f 595 186 536
f 892 378 1315
f 2760 1349 739
f 1202 2214 1966
f 2618 33 1440
f 160 518 756
f 118 1875 856
f 1923 1003 67
f 914 913 1720
f 2018 227 1138
f 94 459 93
f 1072 203 70
f 1850 2302 2863
f 217 844 20
f 476 1395 1703
f 64 15 233
f 1884 1527 1682
f 1968 2503 261
f 509 666 375
f 1795 1168 2253
f 673 621 637
f 972 748 625
f 626 1816 205
f 1981 448 222
f 874 684 1895
f 794 689 1357
f 1930 1745 2273
f 90 988 91
f 1569 805 1539
f 470 1385 500
f 302 839 17
f 1501 1803 1512
f 848 1411 1676
f 845 435 825
f 1450 834 282
f 1379 876 1488
f 663 860 786
f 2070 578 1625
f 1096 876 1379
f 1423 887 1238
f 147 331 330
f 29 431 30
f 2322 2248 2151
f 1003 1923 1712
f 1194 158 2824
f 1794 2260 1420
f 825 2306 1383
f 2381 1421 1948
f 1191 139 1288
f 845 825 2499
f 361 717 1942
f 512 513 22
f 1216 100 1799
f 881 424 1673
f 690 531 1068
f 1874 1568 259
f 43 14 991
f 71 708 1285
f 858 784 854
f 2338 1089 1433
f 536 762 595
f 197 248 1743
f 622 637 835
f 1445 521 22
f 845 1239 2158
f 1024 1585 1387
f 861 847 807
f 520 1419 1832
f 1695 1989 1948
f 1795 2081 1973
f 2214 99 499
f 1187 794 1952
f 2824 1505 1312
f 60 1107 2246
f 946 1116 442
f 1304 1619 570
f 2223 122 859
f 1055 1118 1331
f 2785 97 1014
f 1014 97 1097
f 2099 1235 987
f 2842 924 411
f 504 131 129
f 1235 1151 987
f 223 1402 1053
f 1082 1083 141
f 932 237 241
f 829 1101 1984
f 2062 659 2346
f 289 933 1966
f 87 210 763
f 1904 954 2223
f 605 376 766
f 693 2448 1414
f 1825 1615 196
f 1951 686 1800
f 1208 1562 941
f 563 1017 1296
f 866 1791 1818
f 1188 1293 1454
f 1604 37 2222
f 704 31 1236
f 1210 714 1211
f 166 370 657
f 1106 1114 1158
f 722 1494 977
f 2425 1079 1184
f 2031 49 479
f 1761 1275 1342
f 2336 1572 413
f 443 1957 1594
f 1702 779 1144
f 591 1613 948
f 2540 295 1675
f 1260 1306 734
f 1266 1264 1267
f 349 1351 336
f 483 1144 491
f 2072 2080 2253
f 1692 1719 1556
f 1731 342 2564
f 96 1190 2045
f 1090 1082 1191
f 299 393 652
f 745 1915 600
f 2009 2140 1397
f 2163 2304 2059
f 1342 504 1761
f 1326 659 1161
f 480 900 707
f 1346 1291 2111
f 14 1588 185
f 43 1588 14
f 114 557 175
f 1229 1398 918
f 1807 594 1367
f 2980 1681 570
f 1002 1864 391
f 1162 1537 432
f 350 983 351
f 945 896 535
f 311 1786 2022
f 1378 1575 1307
f 464 1370 1371
f 89 405 103
f 523 1187 1430
f 140 1803 1501
f 2118 2322 2323
f 1642 624 1412
f 1279 1301 1476
f 1029 2063 73
f 125 545 993
f 549 451 2132
f 342 340 1525
f 1109 1180 1518
f 80 122 301
f 52 21 1178
f 2187 358 100
f 1654 568 1120
f 168 576 169
f 106 727 1091
f 2304 1625 578
f 604 403 1571
f 1810 342 1525
f 33 1484 1440
f 981 306 1889
f 1295 154 2214
f 2773 8 165
f 2312 2337 16
f 2312 628 2337
f 395 1012 583
f 1787 1509 1816
f 2015 2875 2980
f 1996 1104 1521
f 1763 1021 1429
f 1943 162 1908
f 457 1926 1752
f 1512 1889 589
f 1442 1409 1605
f 1187 523 794
f 3004 368 1982
f 1922 379 962
f 2384 1383 608
f 915 1150 1679
f 2291 2438 2122
f 784 811 799
f 409 8 4
f 1199 2046 32
f 1900 1287 759
f 1081 1847 1563
f 2304 2163 1625
f 1817 797 1690
f 1566 407 1446
f 404 407 1566
f 1197 1174 1637
f 934 374 724
f 81 1579 1672
f 1240 1181 1483
f 636 70 203
f 778 297 582
f 1531 525 1264
f 1485 1066 2444
f 481 655 1193
f 195 971 1759
f 1682 1633 54
f 54 1884 1682
f 2112 323 616
f 1248 1393 1169
f 1917 1966 933
f 1920 1465 1411
f 535 896 263
f 1363 151 967
f 803 1994 1668
f 1620 362 860
f 518 943 756
f 1770 1437 788
f 816 1494 722
f 39 1856 818
f 1635 1449 1436
f 1436 1449 1435
f 1620 664 663
f 1620 663 362
f 1078 149 1027
f 2024 1495 875
f 750 1954 2373
f 1475 1474 184
f 1838 84 718
f 550 917 750
f 837 1644 1408
f 2360 1998 1946
f 1642 1409 1630
f 2619 1219 102
f 101 1456 61
f 1052 1043 416
f 1435 1963 1436
f 1550 610 606
f 915 596 2047
f 862 1311 1240
f 1066 1636 2060
f 1 1041 163
f 605 1289 377
f 1482 1945 1331
f 860 362 864
f 1620 860 1658
f 603 591 2451
f 1591 699 112
f 1795 2253 2081
f 1358 916 533
f 81 1945 1482
f 1945 775 1331
f 775 1680 1482
f 440 975 1612
f 853 889 1430
f 803 653 408
f 785 1686 628
f 565 165 409
f 770 1044 771
f 214 1031 1091
f 1917 1202 1966
f 576 221 169
f 1914 1381 1007
f 311 539 1786
f 1783 468 1577
f 736 1689 836
f 1705 1018 1911
f 2325 832 1472
f 1714 1574 226
f 80 301 2036
f 1779 1074 1618
f 709 2717 2939
f 645 881 1927
f 267 580 2046
f 444 2132 308
f 1222 2420 898
f 795 69 725
f 80 1808 240
f 867 199 2046
f 1265 225 320
f 2341 269 1152
f 1931 1921 1745
f 2026 857 743
f 6 505 431
f 1218 247 1814
f 27 47 418
f 119 24 1042
f 1845 1213 869
f 308 889 926
f 296 2725 1675
f 1462 952 951
f 951 133 1462
f 2648 191 2673
f 143 1667 1158
f 1059 265 68
f 265 1059 264
f 1176 1718 1740
f 34 50 111
f 689 1122 687
f 1218 1814 951
f 989 1243 2625
f 1293 767 765
f 469 527 544
f 2449 2866 2719
f 2361 2309 1137
f 572 742 796
f 1021 285 720
f 1470 1751 21
f 1676 1678 848
f 2381 1958 1421
f 2589 1635 1435
f 1718 1573 1740
f 2338 1917 1771
f 1790 2143 1860
f 1369 607 1978
f 271 1036 753
f 609 371 1392
f 1344 1543 1669
f 767 814 765
f 537 611 1084
f 256 568 1654
f 549 2132 460
f 544 1556 1859
f 2252 677 680
f 2478 164 1123
f 1126 1752 459
f 465 2119 1064
f 1755 903 1780
f 2172 65 954
f 1196 1101 829
f 2029 2508 1969
f 1594 54 443
f 1321 1549 1536
f 1119 631 1399
f 2877 1576 584
f 1747 515 1394
f 774 1147 928
f 1791 1701 1183
f 1156 173 387
f 726 749 290
f 1172 619 526
f 472 19 640
f 474 196 873
f 196 474 1611
f 2370 1263 2562
f 1424 939 1571
f 936 294 1966
f 47 1656 968
f 1592 198 1481
f 569 1090 1288
f 1180 1107 852
f 345 656 651
f 1369 187 98
f 317 315 318
f 631 1119 188
f 306 465 1889
f 188 2357 631
f 260 838 382
f 321 1957 443
f 2588 287 2503
f 431 505 1672
f 2347 2221 1749
f 599 702 713
f 1742 1507 391
f 794 523 1497
f 1979 1970 1490
f 425 2242 75
f 2068 2204 2169
f 1460 1439 1662
f 2000 2508 2029
f 356 983 1710
f 2481 224 200
f 1406 1600 1407
f 629 28 1023
f 700 600 558
f 1823 2302 2315
f 51 1315 378
f 1282 9 1362
f 2548 2355 1606
f 540 2099 2231
f 740 2231 2099
f 178 1110 335
f 2366 2220 804
f 804 964 2366
f 1863 793 310
f 1863 310 2192
f 1562 1208 2421
f 2421 1208 2112
f 1359 2073 2107
f 2346 2260 1627
f 1344 2260 2346
f 1117 2701 684
f 985 1541 1852
f 801 233 993
f 1564 1076 1767
f 557 2655 175
f 1366 742 1201
f 957 2481 1345
f 2481 957 150
f 2268 2729 64
f 1586 2987 1026
f 2134 1896 2987
f 2134 2545 1896
f 1586 2134 2987
f 917 1807 2290
f 2290 2356 917
f 2307 2020 971
f 2307 219 2020
f 1871 1928 772
f 2461 1871 772
f 1314 2208 2125
f 31 1320 242
f 1851 2889 1616
f 829 2033 1617
f 330 610 2053
f 2053 2837 1640
f 1761 2638 1867
f 337 566 2610
f 880 2610 566
f 1353 1596 2042
f 1596 1353 1278
f 1335 1626 1516
f 2117 539 1095
f 2117 1095 328
f 901 2037 937
f 2038 2868 2074
f 2039 2074 2285
f 2438 2291 2323
f 1977 2404 2802
f 2449 2719 2404
f 2404 2719 2802
f 1115 1964 2614
f 2719 2377 1656
f 553 1628 1368
f 1368 2023 553
f 1233 274 1372
f 2721 2740 2393
f 2402 1130 642
f 1916 780 74
f 2132 74 780
f 2040 446 447
f 482 2811 645
f 1707 2216 1189
f 2132 780 889
f 2841 1182 2794
f 2132 1202 2313
f 1202 1256 2444
f 1952 1575 1378
f 277 2680 2617
f 2025 2046 1199
f 1614 1925 1246
f 1900 2661 929
f 257 188 1779
f 1517 833 1179
f 1179 833 596
f 1294 2565 2059
f 1294 2059 1913
f 2724 2160 2464
f 2464 2160 2318
f 2305 2618 2178
f 2180 148 2103
f 685 2569 885
f 2569 685 2618
f 2619 1043 1219
f 270 844 1986
f 578 2660 2383
f 2723 2620 1944
f 2692 1729 1849
f 932 2007 237
f 2007 932 1525
f 2219 2621 1849
f 1567 2281 1296
f 821 1567 1296
f 90 1538 988
f 1382 2048 1392
f 2048 1414 1392
f 459 1752 286
f 982 1984 496
f 906 2287 2425
f 2287 404 2425
f 2425 1184 906
f 1677 2896 2287
f 726 2623 749
f 2737 1306 307
f 1243 187 2625
f 798 1875 320
f 1875 636 320
f 1787 325 1509
f 1388 2578 2007
f 1388 777 1205
f 1230 258 373
f 782 1743 248
f 1665 10 203
f 1435 1833 81
f 1435 720 1680
f 1435 1680 1833
f 2303 1688 2181
f 2181 136 2303
f 2368 2706 1099
f 2368 1099 1112
f 1936 2264 2627
f 561 769 1255
f 1337 2762 2529
f 2859 428 2671
f 372 1854 1424
f 1214 1535 1834
f 1834 1535 1334
f 1662 2649 140
f 205 1551 1136
f 626 205 1136
f 214 735 2632
f 455 2430 1854
f 2632 569 2440
f 2447 347 1496
f 2372 6 1579
f 2711 2740 2721
f 2781 2343 2769
f 2764 2483 2355
f 2591 2714 2573
f 1501 858 1286
f 1369 1978 2510
f 463 2222 757
f 1123 164 1258
f 691 2840 968
f 2391 2532 1985
f 2094 711 2981
f 2100 457 1126
f 2769 2343 2900
f 682 1578 1532
f 211 1759 1469
f 968 1867 691
f 667 1812 378
f 2026 2760 912
f 1472 1657 1824
f 2210 1859 1203
f 2480 2914 2460
f 129 764 1333
f 2808 2582 2433
f 1429 720 1510
f 193 2212 1332
f 942 748 972
f 2885 1107 1764
f 2133 1976 2061
f 1784 2673 229
f 2808 2495 2582
f 1764 1434 2885
f 1919 1506 1335
f 1872 2131 1185
f 667 378 892
f 356 2667 983
f 2775 973 2680
f 1359 2011 1208
f 2101 2860 2884
f 2693 805 1695
f 1870 1441 1858
f 925 2293 856
f 3003 2472 1734
f 2896 1451 1742
f 1035 2485 1270
f 2700 2339 2092
f 1362 398 1297
f 1695 1386 795
f 1502 2885 1425
f 263 494 2398
f 625 2729 369
f 2995 1869 2997
f 2837 2751 1661
f 1632 1197 1019
f 2052 290 905
f 603 2302 1613
f 2436 955 2102
f 2472 3005 2989
f 2187 100 1005
f 2658 2799 2639
f 3005 2472 3003
f 2451 2525 2809
f 1785 2659 1093
f 1496 347 352
f 58 1861 2174
f 2632 2440 367
f 2232 2700 2092
f 1518 1180 1688
f 1161 2244 1359
f 2529 2762 1801
f 894 2733 2879
f 2941 2903 2028
f 494 1173 2398
f 1185 1741 1872
f 2658 1987 2948
f 2772 2387 356
f 1228 950 1143
f 1547 2157 456
f 1140 2499 514
f 168 1957 575
f 1149 1124 2605
f 517 516 2641
f 2579 2822 2796
f 1860 701 1067
f 2451 2809 2059
f 2079 1919 1749
f 13 2548 1438
f 1866 2826 189
f 1041 2321 2614
f 522 1519 1416
f 2219 791 2162
f 2965 2643 2798
f 1977 1236 176
f 632 2220 2366
f 453 462 1528
f 2210 1203 2631
f 2916 2857 2581
f 8 2773 53
f 122 276 96
f 1890 2187 1478
f 310 793 2220
f 871 1152 2141
f 2878 2541 2379
f 1475 184 2073
f 519 2051 508
f 791 2448 1865
f 2252 2390 1553
f 1463 1320 1961
f 1701 1548 2372
f 2224 560 2065
f 2752 1097 2717
f 2382 1964 2377
f 1332 1573 434
f 1971 827 2767
f 24 1964 2382
f 833 1375 2191
f 247 2848 28
f 611 1473 2764
f 141 546 1155
f 1080 2352 1123
f 467 2658 2845
f 1270 2485 467
f 141 1083 546
f 2107 184 323
f 2870 989 2625
f 2751 2703 2714
f 515 1376 2355
f 957 1580 1100
f 26 681 2733
f 1794 1185 1627
f 1104 540 753
f 1744 1138 479
f 52 1085 1937
f 393 1404 2628
f 2287 2896 1299
f 221 319 1076
f 319 221 530
f 1898 2548 13
f 1545 1954 1984
f 90 217 2177
f 791 1865 2162
f 2268 752 1779
f 856 2293 2455
f 2134 1186 2506
f 1802 248 258
f 1307 2397 2928
f 125 1006 1932
f 2642 2777 2988
f 268 730 2188
f 2748 23 1368
f 217 2088 2177
f 517 2723 1591
f 999 954 234
f 1758 643 182
f 2703 1309 660
f 742 572 1201
f 1502 2414 2885
f 2387 2756 356
f 2658 2881 1987
f 1049 2679 1981
f 1528 2837 1661
f 1641 2277 1819
f 1695 899 1386
f 1323 130 946
f 1336 1261 1072
f 707 1070 2759
f 1825 1611 999
f 1427 1322 1056
f 2032 2721 43
f 2663 2726 2819
f 2199 466 2086
f 2663 2819 2295
f 570 1681 638
f 2759 2906 2902
f 638 2262 1304
f 1637 1857 556
f 1054 706 2661
f 2643 2636 2759
f 762 583 1012
f 982 1545 1984
f 2575 2302 2917
f 1692 527 1719
f 2918 2801 3000
f 634 1244 696
f 2681 2459 1139
f 2013 466 2199
f 2305 2178 2121
f 922 52 2321
f 764 2042 1333
f 1644 1321 1536
f 675 466 2013
f 342 2665 2564
f 969 634 719
f 1318 297 124
f 1531 976 525
f 1738 541 1741
f 589 858 1501
f 2737 307 2653
f 1905 643 1758
f 2673 1269 2194
f 486 1369 98
f 2065 2130 1777
f 1450 1723 2194
f 1093 1985 2622
f 2392 2635 1538
f 2779 1223 2615
f 2236 1163 2420
f 1047 2606 1303
f 2377 1648 1656
f 292 232 1552
f 2740 2711 2636
f 2093 2294 2342
f 980 1479 1626
f 769 2264 1255
f 343 403 1532
f 1602 1135 2833
f 2060 2094 1951
f 1104 694 1407
f 2147 2800 2207
f 1257 2158 1239
f 2939 2717 466
f 2135 2451 697
f 2072 1842 2427
f 1606 2218 2548
f 2880 2679 2668
f 1897 2616 88
f 2099 1151 740
f 2933 2699 2970
f 1417 378 817
f 2766 1851 2667
f 2670 909 5
f 759 2661 1900
f 2782 448 2852
f 506 792 2442
f 2788 2894 2688
f 1899 2224 2065
f 114 2701 1490
f 76 510 226
f 2556 551 956
f 907 2212 193
f 2483 2836 2862
f 389 771 332
f 469 1419 2890
f 2661 1840 579
f 1798 924 1352
f 1212 2626 1217
f 2894 2788 2487
f 1585 2229 2136
f 1622 582 1941
f 871 2616 1897
f 1503 1746 113
f 1612 102 440
f 2958 2083 2592
f 580 810 1028
f 1702 1092 2254
f 2975 2971 1734
f 672 1811 960
f 1639 1634 2245
f 2189 2282 2353
f 1621 2859 1918
f 588 1004 2095
f 2968 2786 2489
f 2860 1225 2884
f 648 149 1117
f 1238 1960 2743
f 703 823 1841
f 138 1639 2245
f 1964 1115 973
f 319 1033 1076
f 1063 2402 642
f 1477 1478 1005
f 2979 714 1210
f 1982 1205 1715
f 1187 1952 2010
f 455 57 1663
f 1130 1251 434
f 2529 1546 1337
f 1287 2928 2416
f 2140 2499 1383
f 1318 256 297
f 672 698 1811
f 2526 1257 2250
f 788 254 1113
f 1315 667 892
f 1104 1036 694
f 2107 2073 184
f 1939 629 2501
f 538 1038 1941
f 2846 2895 2652
f 223 1053 1046
f 683 1234 2919
f 2155 1914 1007
f 1469 219 854
f 20 1782 2088
f 1104 753 1036
f 1575 920 1307
f 1038 1599 1708
f 840 443 1874
f 131 2617 1557
f 2536 2072 2427
f 2559 2696 2166
f 149 293 1117
f 1971 109 1597
f 1072 1261 218
f 1674 2369 2114
f 1511 283 288
f 779 1702 2254
f 1354 739 1252
f 2730 2667 2756
f 2252 259 2390
f 2867 2257 2235
f 1836 2779 2615
f 2196 1810 2149
f 1021 1434 1764
f 2964 2694 2716
f 414 338 133
f 2956 139 1075
f 685 1211 1491
f 2548 2284 2202
f 405 2619 103
f 1107 728 1764
f 2973 1199 32
f 1876 517 112
f 2745 2608 2927
f 1682 1564 1767
f 2690 587 121
f 2552 467 2685
f 2398 619 1172
f 1418 364 191
f 984 123 2727
f 1948 2604 2336
f 1266 976 1531
f 2870 1637 989
f 1362 2759 1282
f 2686 443 1938
f 2973 32 1666
f 1542 399 2170
f 432 11 270
f 2719 2340 2991
f 633 2095 1474
f 1905 1758 667
f 1989 2604 1948
f 792 182 643
f 2303 136 674
f 2478 2352 2958
f 113 1746 718
f 1345 2190 577
f 2231 740 272
f 1396 106 1031
f 467 2691 2658
f 1242 588 2131
f 2481 1696 2190
f 1808 1829 240
f 1264 525 2740
f 1076 2159 2032
f 884 2600 513
f 1694 2032 43
f 2053 610 1550
f 1103 2554 1781
f 1455 2018 1744
f 2771 1326 1593
f 771 95 332
f 326 2987 2012
f 2012 1645 326
f 1389 2830 1629
f 1696 1036 271
f 2083 2758 2293
f 1312 686 2949
f 1614 1305 592
f 2921 2907 2947
f 2409 2525 2451
f 788 1437 254
f 2659 1985 1093
f 183 179 5
f 2308 2665 342
f 1425 843 1502
f 2773 370 2739
f 924 1870 1540
f 2197 1478 1445
f 782 248 1802
f 2532 2622 1985
f 737 2405 1733
f 2560 2930 2976
f 1696 1822 1036
f 2381 413 1958
f 1167 515 915
f 1171 2442 216
f 1061 428 1425
f 2578 2709 2007
f 2466 708 7
f 2190 1696 271
f 1360 1837 1935
f 2716 2168 1997
f 683 2420 58
f 489 511 302
f 155 541 710
f 97 2785 669
f 2011 1359 2107
f 1603 2114 2369
f 2675 2375 2622
f 224 1406 1142
f 2442 792 1329
f 2372 1548 2016
f 1161 659 2062
f 2615 1223 1025
f 2601 252 2686
f 1540 956 735
f 2772 356 1351
f 878 335 77
f 2200 2524 471
f 1810 213 342
f 2442 1329 216
f 1356 2620 1995
f 657 2728 166
f 1850 2974 2816
f 1608 807 280
f 222 448 1175
f 479 2636 2711
f 214 367 1396
f 1901 1950 2045
f 1177 1489 583
f 483 951 1814
f 1673 2612 881
f 57 1212 2646
f 564 129 1333
f 2685 2938 2552
f 1128 1000 2337
f 416 654 975
f 1424 1086 966
f 472 661 473
f 2817 2705 2735
f 2763 2889 2400
f 1471 1836 125
f 2848 472 640
f 873 1868 867
f 1044 1612 95
f 1874 1938 840
f 2780 2360 2367
f 353 165 565
f 925 1724 2592
f 44 6 2588
f 2315 2900 1823
f 2536 2820 493
f 2840 1552 2609
f 2209 2543 1977
f 1285 510 76
f 2052 930 180
f 612 656 2447
f 503 1384 1034
f 976 943 705
f 790 2530 1907
f 1907 2530 2996
f 1958 522 1416
f 1131 1813 1903
f 2384 2448 791
f 924 1540 1352
f 915 2355 2548
f 2804 2856 2608
f 1236 2802 704
f 1856 781 740
f 961 2368 104
f 1507 2360 2780
f 2590 2610 2128
f 454 1120 2372
f 1487 2191 1375
f 867 464 1601
f 2623 1864 519
f 2302 603 1819
f 126 620 558
f 1883 450 1253
f 2609 1961 1298
f 1948 899 1695
f 2812 274 19
f 1975 2939 1367
f 2717 365 476
f 2366 658 942
f 432 91 995
f 2182 1456 101
f 2712 2852 1589
f 2064 1484 714
f 2468 1154 2274
f 1606 2933 2228
f 1110 2031 78
f 734 1306 2737
f 2211 734 2737
f 940 339 604
f 2313 979 212
f 1518 1688 2303
f 2736 366 1505
f 1456 2182 1609
f 2775 1964 973
f 2276 349 292
f 1370 464 867
f 2039 2248 2093
f 1907 761 1358
f 1634 2307 195
f 2263 1534 2380
f 2832 129 279
f 1387 2116 1595
f 2929 2993 2964
f 2929 2964 2173
f 199 420 1277
f 2320 886 1563
f 1856 1516 781
f 2053 1309 2703
f 1907 1358 2002
f 2167 916 761
f 1595 2618 2130
f 211 1775 1759
f 1489 1177 475
f 1830 1240 1311
f 250 1149 2030
f 1323 529 581
f 44 623 206
f 976 1266 1838
f 312 572 1694
f 1273 848 1465
f 2699 2962 2970
f 2461 2434 736
f 2767 913 2811
f 2634 808 2624
f 195 2307 971
f 287 2372 256
f 1562 2421 2192
f 1099 2706 1245
f 2533 402 932
f 1156 240 1829
f 789 122 96
f 2095 175 2655
f 631 2402 1399
f 1975 594 2235
f 2682 765 722
f 1798 345 651
f 1811 1732 2026
f 317 912 315
f 215 805 2693
f 2228 2793 1956
f 1529 2094 1953
f 1559 2606 1783
f 1034 1164 503
f 1466 2764 2355
f 297 1906 1038
f 2513 2730 2756
f 2920 836 1623
f 1818 2372 1579
f 1973 2080 2536
f 2586 2199 2086
f 2141 574 2044
f 2001 498 788
f 2770 2691 2747
f 377 1749 251
f 339 1940 2447
f 816 814 1494
f 1670 462 1722
f 2809 2413 768
f 119 1964 24
f 305 2637 1655
f 2064 2952 1484
f 1556 1607 1859
f 2485 2328 467
f 2621 2219 2973
f 1044 89 1612
f 1392 1747 1394
f 2108 2180 2103
f 1845 1602 2833
f 2691 2770 2873
f 2208 1329 2125
f 517 2362 2723
f 2363 1506 2079
f 2250 514 2009
f 1094 1280 441
f 517 1591 112
f 460 444 2239
f 691 566 1552
f 2227 1737 2453
f 765 816 722
f 2662 1703 147
f 1743 2855 303
f 1469 1759 2020
f 41 1458 414
f 871 1023 2616
f 2002 2810 2642
f 969 1486 634
f 1313 2265 1947
f 1215 780 1916
f 336 1320 1463
f 946 442 937
f 998 1834 1334
f 1203 919 2414
f 1163 2236 2661
f 975 1162 1308
f 2946 2941 2816
f 1573 1332 1740
f 2934 2897 2644
f 150 1406 224
f 1001 1428 1684
f 93 371 609
f 1890 358 2187
f 519 986 2870
f 2223 234 1904
f 811 858 589
f 2728 334 1574
f 2477 2596 692
f 2001 788 1306
f 2877 2405 2440
f 2023 177 553
f 2407 2784 2816
f 2649 2785 1803
f 440 1052 416
f 1834 1578 1214
f 1365 917 2356
f 2878 2634 2541
f 1645 2053 1640
f 2140 1383 495
f 928 2364 774
f 331 1776 606
f 2749 2934 2644
f 355 2152 156
f 977 1324 722
f 2351 1530 2027
f 2614 573 1115
f 847 1413 592
f 2094 2444 1256
f 856 2557 1292
f 1202 1066 2060
f 23 564 1333
f 1402 1788 2403
f 15 64 2729
f 447 1583 871
f 2191 1499 2096
f 908 1652 399
f 2921 2947 2904
f 390 1076 1564
f 1521 1151 1235
f 1271 2082 1304
f 2393 842 1735
f 2746 2050 578
f 1817 1588 43
f 225 798 320
f 226 51 76
f 1262 2219 1849
f 2067 2219 1262
f 616 2095 2655
f 343 372 1424
f 2854 1796 2545
f 1156 1944 1356
f 894 2879 2825
f 2250 791 2219
f 2945 1653 2487
f 1930 782 1802
f 2598 2446 2424
f 2160 2330 2270
f 1488 2238 2365
f 2265 2363 2079
f 18 2884 1200
f 2598 2241 2446
f 1075 141 1155
f 1308 432 995
f 1726 1433 898
f 976 705 531
f 2436 2773 955
f 877 1350 35
f 2974 2946 2816
f 2496 2780 2367
f 434 1573 1717
f 905 2210 601
f 2350 2103 2198
f 1480 1712 1923
f 172 702 599
f 1275 2680 1342
f 2073 633 1475
f 1661 2751 1824
f 2776 828 2841
f 2084 2566 2916
f 1260 2453 79
f 325 1263 2370
f 2351 1598 1530
f 2276 1980 349
f 1188 814 767
f 372 1841 220
f 1954 532 1984
f 654 416 415
f 2105 2236 1649
f 913 2767 1720
f 455 1663 411
f 160 756 1746
f 442 497 412
f 2671 2690 1773
f 1287 2416 1343
f 962 1322 1922
f 1981 222 1049
f 2763 2477 2889
f 1755 1997 1893
f 2141 1152 574
f 72 239 2908
f 2491 2226 2276
f 2273 1921 1930
f 35 1350 2744
f 856 2598 2557
f 2302 1819 2277
f 1622 820 582
f 561 2628 500
f 2476 2085 2288
f 2650 2685 2658
f 1832 1419 469
f 2072 2253 1168
f 1672 1579 29
f 2161 1976 2133
f 1617 2033 350
f 2684 2049 1538
f 2033 967 151
f 546 1083 2632
f 1470 1338 2275
f 831 1920 366
f 2618 685 1491
f 2869 2681 1139
f 363 79 1737
f 963 1415 2171
f 2603 1722 2574
f 2126 2326 2551
f 637 622 1721
f 2938 2738 2858
f 1772 1367 466
f 2964 2716 2978
f 1936 750 2264
f 2218 1606 2957
f 255 2292 1402
f 1080 325 2278
f 404 66 2425
f 2063 2346 1627
f 1849 2621 2641
f 1368 2611 380
f 217 20 2088
f 2048 1382 562
f 297 1038 538
f 2250 2009 791
f 1096 1379 2258
f 2274 191 2648
f 2507 2950 2404
f 1347 1281 1561
f 2128 1238 2718
f 1887 641 1226
f 2054 2055 1776
f 58 2174 828
f 1259 2363 1253
f 2684 2635 2422
f 1761 504 2638
f 2186 1262 1849
f 2972 2257 2867
f 1699 1198 2594
f 2829 266 996
f 448 613 2852
f 2668 2317 2789
f 2251 172 599
f 2706 2830 1245
f 2759 2697 2704
f 206 34 542
f 2650 2658 2807
f 2680 826 2617
f 1178 1751 2156
f 2592 2293 925
f 1345 2481 2190
f 987 1151 2099
f 1269 1999 2194
f 854 784 733
f 2889 1196 1616
f 2592 2083 2293
f 2779 1374 2771
f 392 1834 2411
f 2411 1073 392
f 737 1733 1592
f 2824 2949 2969
f 361 1536 2364
f 1152 88 920
f 1504 2641 516
f 2230 1267 1264
f 2002 2191 2096
f 381 2590 2128
f 181 746 1762
f 2721 2393 1735
f 2923 2844 2913
f 1665 203 2727
f 832 2325 2022
f 1142 1406 1696
f 1350 172 2251
f 584 120 587
f 2485 2557 2179
f 2801 2600 916
f 433 314 2690
f 855 2619 671
f 2098 2422 2822
f 366 1340 1505
f 325 1258 1509
f 2599 2878 2828
f 349 235 292
f 473 477 2812
f 1886 60 2630
f 1484 33 714
f 1634 1639 2307
f 854 219 1286
f 1259 1158 2363
f 2673 2194 1723
f 1644 163 1321
f 1390 186 822
f 2506 2523 2300
f 1250 2919 275
f 128 1537 1058
f 711 2094 992
f 251 1749 1919
f 2735 2705 2339
f 2951 2299 2217
f 2973 2146 1567
f 1744 479 178
f 438 1112 1099
f 470 2055 2054
f 2157 2123 456
f 329 1776 2055
f 374 1154 2468
f 2238 1488 876
f 1953 2981 2389
f 1441 1870 924
f 1225 1200 2884
f 2900 2493 1823
f 2729 1268 1541
f 1997 2715 2768
f 191 1269 2673
f 1610 660 546
f 660 1610 2703
f 1695 725 2682
f 2613 1786 2291
f 2660 2672 2350
f 1162 228 1058
f 1519 135 69
f 1630 1605 1642
f 1746 1838 718
f 2867 2235 194
f 1455 9 2018
f 334 657 1574
f 2301 2148 2706
f 2293 2758 2455
f 2524 2553 1403
f 2740 1503 2230
f 2791 1500 566
f 1473 2552 2483
f 1372 2143 2408
f 763 595 344
f 327 2222 463
f 1284 530 221
f 2816 2315 2302
f 1622 737 1230
f 2320 1189 2216
f 2793 2560 2976
f 2247 2085 2324
f 2112 171 2421
f 1746 756 1838
f 552 2619 405
f 925 856 798
f 1327 1355 1624
f 1652 2170 399
f 1280 537 1926
f 2165 1133 2791
f 2123 2058 1317
f 321 878 1284
f 1281 439 1561
f 2410 2100 1126
f 2852 2599 1589
f 2760 2849 2222
f 1051 2891 2645
f 1951 2094 1529
f 1000 1886 2630
f 367 214 2632
f 2811 507 1971
f 2351 2265 1534
f 792 506 2089
f 710 541 1738
f 433 2671 1062
f 2736 831 366
f 1041 2614 119
f 2351 1534 2142
f 1690 1580 1817
f 1963 1672 1449
f 1832 469 544
f 2667 351 983
f 2330 2361 2147
f 1608 280 548
f 1941 1038 106
f 868 2630 960
f 2026 189 2826
f 1288 2877 2440
f 1879 2185 2118
f 336 242 1320
f 1706 2501 2019
f 2659 2324 2476
f 1316 2701 1016
f 634 696 719
f 467 2552 1473
f 898 683 865
f 182 792 2089
f 163 1042 1321
f 324 2601 723
f 2267 2978 2880
f 204 1510 1410
f 2126 2358 2310
f 2126 2376 2358
f 2150 2221 904
f 1774 1927 2980
f 871 2141 615
f 808 388 2624
f 2969 1194 2824
f 2865 2696 2977
f 2536 911 1973
f 2726 2778 2831
f 545 2908 477
f 2872 1641 2097
f 2188 1497 889
f 2648 2673 1784
f 1205 2646 1388
f 2791 2750 292
f 1468 379 1922
f 2953 1998 2921
f 1868 1587 867
f 2492 2294 2106
f 236 2026 1809
f 2355 2876 2519
f 1056 1322 962
f 2238 2746 578
f 2816 2484 2407
f 1561 1378 929
f 2748 279 23
f 2880 2978 2716
f 2532 2675 2622
f 1216 1361 596
f 2693 378 215
f 2657 1849 2641
f 233 801 661
f 2405 2633 1733
f 220 455 372
f 1901 2045 1356
f 1770 1232 635
f 2500 1705 2629
f 2295 2691 2663
f 1938 2255 1269
f 2309 2528 1137
f 2516 2676 2923
f 1760 2648 1784
f 1212 503 2626
f 1263 170 2233
f 2467 1126 2158
f 1727 1585 1778
f 339 940 1940
f 861 1192 446
f 1518 2303 2915
f 2923 2676 2844
f 2051 2870 520
f 197 542 111
f 881 2612 1927
f 293 1078 2771
f 2644 2624 2684
f 2103 148 2137
f 2355 915 515
f 2132 1768 74
f 1407 694 298
f 174 2613 2868
f 2797 2663 2691
f 985 1852 233
f 2980 2875 1495
f 2160 2724 2350
f 2115 2569 2116
f 1117 293 1490
f 2393 690 842
f 2633 2405 584
f 1918 2859 1146
f 981 1889 2785
f 400 135 1519
f 299 652 2594
f 45 1747 1392
f 2691 2799 2658
f 2244 2063 2073
f 2096 2495 2808
f 2616 1372 2408
f 11 1760 1157
f 2851 1051 2645
f 2605 1577 468
f 81 674 1579
f 2990 2694 2964
f 1403 471 2524
f 2100 348 2526
f 195 2752 709
f 1799 1150 1361
f 1374 293 2771
f 1812 667 1758
f 659 1326 1543
f 2108 2103 2350
f 2346 659 1543
f 1889 1512 2785
f 2837 2703 2751
f 256 1654 1906
f 58 2320 1861
f 1756 2767 1853
f 2762 1813 1131
f 140 56 931
f 2070 2059 2258
f 11 1157 419
f 1695 2682 2643
f 948 697 2451
f 1986 432 270
f 2679 2716 1997
f 819 1736 2017
f 2055 470 329
f 847 446 1413
f 718 84 1267
f 845 608 2306
f 2545 2014 1896
f 1559 1325 2606
f 2680 1453 826
f 2767 2023 380
f 2068 2169 2330
f 2282 2093 2353
f 346 762 1012
f 2767 380 1720
f 344 332 388
f 1650 1709 902
f 429 1754 1894
f 1857 1935 607
f 2044 574 1371
f 2857 2688 2600
f 2742 2987 2664
f 2929 2465 2993
f 2921 2461 2907
f 1780 2852 613
f 2393 1105 690
f 2337 628 1128
f 1084 83 286
f 1967 295 672
f 2666 2496 1789
f 2823 2808 2433
f 712 1859 2210
f 2657 2641 1053
f 2301 2706 2368
f 80 2036 2024
f 1245 2830 1389
f 403 343 1571
f 1127 2141 2044
f 2184 2109 2659
f 2666 1789 1659
f 259 266 2829
f 81 1300 1945
f 1994 1698 1183
f 2090 1327 1888
f 2875 1348 1495
f 110 2485 1035
f 2714 551 2556
f 2573 2138 2698
f 2896 391 1864
f 2899 935 2459
f 2292 2637 305
f 2576 954 1912
f 30 1672 29
f 2082 2269 1619
f 2058 1046 1317
f 1884 390 1527
f 509 375 401
f 27 2719 1656
f 2062 2244 1161
f 428 1062 2671
f 824 845 2306
f 1509 1258 225
f 806 2010 1952
f 999 234 1825
f 482 507 2811
f 1512 589 1057
f 2728 1714 2466
f 2896 1742 391
f 60 1431 2181
f 337 1231 566
f 483 133 951
f 2421 171 2192
f 2375 2209 2622
f 1095 2395 328
f 2124 246 1765
f 246 699 1765
f 1095 1472 2395
f 2858 2720 2936
f 1688 851 2181
f 2385 2353 2076
f 785 1886 1000
f 1744 335 590
f 600 1097 126
f 2230 1264 2740
f 2398 945 535
f 2628 1404 953
f 2605 1830 1577
f 2095 1004 175
f 2861 2462 2922
f 1356 2045 1190
f 377 2347 1749
f 508 712 519
f 2717 2034 162
f 272 740 781
f 1054 2661 2105
f 828 2174 1927
f 2528 2454 1137
f 87 808 2653
f 242 2607 151
f 1743 782 1592
f 2447 1496 612
f 963 2171 1702
f 1590 1588 316
f 1984 1894 829
f 1846 1364 2736
f 817 378 1228
f 329 894 1776
f 1567 280 1305
f 118 1336 70
f 2092 1546 1660
f 1140 514 2250
f 2108 1862 2334
f 1547 167 2555
f 2146 2973 2219
f 2605 1240 1830
f 1257 1140 2250
f 503 1164 1816
f 1130 1176 850
f 439 926 1561
f 1741 1185 1420
f 2938 2707 2738
f 268 2188 2508
f 127 2673 144
f 2090 1990 2106
f 649 253 565
f 1389 502 744
f 335 1744 178
f 2785 2649 669
f 1932 1220 1471
f 2858 2936 2552
f 316 1580 1690
f 1523 1449 1672
f 1622 106 1396
f 344 389 332
f 533 512 1358
f 569 2632 1083
f 2688 2857 2916
f 2526 2250 2186
f 364 2686 1565
f 2290 1807 1367
f 2483 2755 2676
f 233 661 472
f 2552 2936 2905
f 1578 343 1532
f 1151 2256 740
f 2256 818 740
f 2198 2068 2330
f 737 782 1930
f 1614 1246 2289
f 1893 1997 2768
f 1042 24 1652
f 71 707 900
f 875 2124 1765
f 783 809 1033
f 1043 85 2280
f 1000 2630 868
f 218 1094 441
f 1986 217 90
f 587 120 121
f 732 2313 731
f 1368 23 2611
f 411 300 1086
f 1399 1063 1067
f 1857 607 487
f 2979 2777 2642
f 2604 1572 2336
f 339 841 604
f 2602 1290 605
f 641 274 1398
f 1765 1591 1944
f 1694 43 991
f 1061 1425 2885
f 352 1086 1121
f 2558 2110 359
f 2753 2861 2691
f 1092 1939 1706
f 1644 994 1408
f 1883 1253 1582
f 2832 2638 129
f 1817 43 797
f 2094 2981 1953
f 57 2646 1205
f 1588 1580 957
f 2408 88 2616
f 2883 2822 2579
f 911 815 1168
f 1753 2508 2005
f 2633 1434 1733
f 1180 851 1688
f 1836 2615 2908
f 2411 1834 2502
f 2359 1468 715
f 465 589 1889
f 1512 1803 2785
f 537 286 1752
f 530 2711 319
f 2026 2826 2760
f 1994 803 408
f 449 2022 1116
f 2949 1522 1912
f 2373 1954 1545
f 2819 2726 2831
f 2808 2892 2297
f 2687 2605 468
f 2764 1473 2483
f 1791 1697 1701
f 1782 1890 1478
f 2682 722 2398
f 1527 1564 1682
f 2609 418 47
f 2732 2669 2828
f 1406 1407 298
f 228 264 1058
f 469 2890 2414
f 1674 275 2369
f 1726 898 865
f 2347 377 2221
f 348 2100 678
f 1520 1523 1672
f 2600 1478 2197
f 711 992 1674
f 1228 2697 1070
f 1721 1595 2130
f 2398 722 1324
f 1524 603 2451
f 628 1686 1128
f 729 2619 552
f 2077 2247 2324
f 776 819 719
f 1996 2099 540
f 1357 687 2341
f 78 2031 530
f 1223 632 942
f 2744 2206 263
f 369 2729 863
f 1100 586 797
f 1799 1144 779
f 1350 2251 2206
f 1053 2641 1504
f 702 172 59
f 2750 2276 292
f 493 408 653
f 2797 2861 2924
f 2652 2696 2559
f 2565 2451 2059
f 2848 640 28
f 47 27 1656
f 515 1167 1382
f 2630 60 1983
f 2885 2414 2246
f 490 2671 1773
f 411 1086 2430
f 135 1274 1511
f 2868 2613 2057
f 2036 2980 2024
f 401 2554 509
f 2638 504 129
f 1587 567 420
f 2353 2378 1069
f 188 54 1633
f 896 2744 263
f 2558 359 255
f 1653 2894 2487
f 1247 270 419
f 1469 733 355
f 1185 2131 73
f 368 57 1982
f 2945 2482 1653
f 2110 2104 359
f 500 614 561
f 98 1857 486
f 1839 1213 1845
f 1182 2841 828
f 2033 829 1894
f 1372 274 1860
f 1533 1449 1523
f 2600 2801 2857
f 1419 295 2890
f 270 1247 1486
f 1358 596 2191
f 657 1993 1574
f 901 1786 2613
f 2192 897 1863
f 2089 1171 215
f 1598 2351 2142
f 1268 2729 2655
f 2644 2684 2422
f 2760 2222 327
f 790 2002 2955
f 2920 2907 2461
f 2206 2251 1173
f 2413 2386 768
f 108 386 547
f 1150 779 2075
f 1202 1726 1256
f 1563 645 67
f 1752 1126 457
f 946 35 1323
f 2684 38 2049
f 2461 836 2920
f 1565 2686 1938
f 2812 239 1860
f 2620 1277 1995
f 780 2188 889
f 915 2548 1898
f 2355 2483 2898
f 1772 466 675
f 2625 1369 296
f 2653 307 87
f 2054 1395 470
f 2173 2964 2978
f 1402 2403 2657
f 2321 52 2614
f 676 2156 715
f 2702 2052 2242
f 2140 495 1397
f 1807 2373 1545
f 2410 2467 678
f 560 673 2065
f 1881 1965 2968
f 2968 1965 2786
f 422 420 567
f 260 2664 1722
f 1413 446 1513
f 1957 321 1284
f 2109 1985 2659
f 521 596 512
f 2372 755 454
f 2417 1879 2118
f 2917 2302 2277
f 1390 534 186
f 1280 467 1473
f 1265 320 10
f 2255 259 2252
f 1506 1919 2079
f 1607 919 1203
f 912 2760 1354
f 1819 1524 2567
f 2534 2938 2685
f 254 822 210
f 518 2256 1521
f 2316 578 2383
f 407 974 1018
f 850 1176 1713
f 602 1347 1561
f 500 2628 2539
f 2175 2399 112
f 381 2128 597
f 346 309 770
f 174 201 2613
f 2692 1849 2657
f 2198 2330 2160
f 7 590 2601
f 1243 556 1857
f 2283 2292 305
f 2662 330 2053
f 2721 1735 1406
f 2541 2897 2850
f 2679 1997 1981
f 1949 207 1715
f 601 2631 1502
f 1655 2100 2526
f 2050 2423 2672
f 1662 140 401
f 2660 2350 2724
f 257 1618 452
f 1148 2056 1037
f 2640 2126 2271
f 1361 1150 2047
f 1367 2939 466
f 830 2313 212
f 1150 2075 1679
f 2394 2277 1641
f 377 2038 2221
f 1122 1497 2188
f 2279 911 2536
f 2279 2536 1739
f 1501 800 2627
f 247 629 1704
f 247 28 629
f 232 1961 2609
f 1611 1831 999
f 1393 1248 1322
f 938 2959 2355
f 1371 574 1611
f 2711 1033 319
f 2249 2751 2127
f 519 1864 986
f 2444 2094 1485
f 2394 1641 2872
f 2364 928 1170
f 944 2486 1443
f 942 632 2366
f 1616 1196 1617
f 1389 1631 66
f 2160 2371 2318
f 273 443 54
f 2922 2299 2951
f 2462 2299 2922
f 1395 1781 2554
f 2833 2824 158
f 2949 1912 2969
f 1019 1314 2125
f 2380 2353 2385
f 1490 1970 114
f 2177 2535 2688
f 1113 254 210
f 2137 2120 2204
f 1984 650 1894
f 1567 1305 1614
f 2320 1563 1861
f 2542 2546 2568
f 2059 768 2258
f 760 882 100
f 2542 2696 2546
f 1257 1239 1140
f 2247 1685 2085
f 2762 1337 741
f 2806 2804 2608
f 2496 2666 2780
f 41 414 882
f 2150 2282 2189
f 1707 1189 1821
f 249 1330 1522
f 398 71 802
f 2670 5 179
f 1643 1645 1640
f 2500 528 1705
f 2258 578 2070
f 1605 624 1642
f 1489 671 583
f 2762 741 1813
f 634 834 1244
f 190 2056 339
f 1959 1221 2539
f 1747 1376 515
f 2655 557 1268
f 674 2536 1579
f 145 2627 56
f 1645 2662 2053
f 1307 929 1378
f 2696 2429 1538
f 649 4 822
f 592 1246 1925
f 2181 785 136
f 2280 2468 1224
f 2937 2098 2883
f 2883 2098 2822
f 1813 843 1903
f 1850 2816 2302
f 1137 2259 2147
f 2397 2143 2928
f 1335 39 1919
f 1539 238 1569
f 1481 1743 1592
f 2627 800 1936
f 1136 1551 703
f 2202 1438 2548
f 1227 1855 1248
f 2415 2331 2651
f 1698 2760 327
f 1009 1190 240
f 350 2607 983
f 2711 2159 1033
f 1915 2785 1014
f 2059 2304 2003
f 1290 202 174
f 1971 2767 2811
f 894 2825 284
f 1428 2319 1882
f 1823 2493 2201
f 1898 13 1179
f 493 2470 383
f 442 901 937
f 122 2841 301
f 1314 1002 2681
f 2668 2679 2317
f 2094 1283 992
f 29 1579 431
f 192 781 1516
f 2688 2916 2788
f 2355 2519 2674
f 1166 2739 1489
f 2429 2696 2392
f 146 1 163
f 2174 2710 1927
f 11 1873 2527
f 2602 202 1290
f 2337 1000 911
f 2645 2891 2541
f 1223 942 1025
f 2372 1818 1701
f 445 2222 627
f 887 2418 1960
f 1779 1877 183
f 500 2539 1221
f 482 645 886
f 2965 2693 2643
f 1304 2082 1619
f 1368 2743 2748
f 1959 2539 894
f 1437 253 649
f 2332 1786 2117
f 2661 579 524
f 1327 2126 2640
f 2656 2483 2862
f 1181 1240 2605
f 1127 580 1028
f 2453 734 1646
f 343 1424 1571
f 2510 1978 1684
f 2960 2782 2852
f 2854 646 1796
f 2949 249 1522
f 2325 872 2022
f 1130 434 1176
f 988 1538 2049
f 378 2697 1228
f 1443 2486 1205
f 2682 725 288
f 2343 2493 2900
f 2896 2623 180
f 1342 277 504
f 839 302 2661
f 1201 572 312
f 1775 126 1097
f 2369 275 65
f 436 2729 625
f 2483 2734 2431
f 2355 2864 2933
f 2494 1483 1165
f 1217 1665 2727
f 1291 2129 481
f 2771 1078 1326
f 1680 1945 1833
f 2034 1237 1908
f 440 416 975
f 708 398 9
f 1196 2608 1101
f 2129 2351 655
f 2548 2218 2284
f 1935 2319 1428
f 554 1597 109
f 2600 2088 1782
f 2761 2644 2422
f 1622 1941 106
f 2176 2126 2322
f 2419 2750 2791
f 141 695 1082
f 2086 2662 2348
f 1706 1939 2501
f 1644 146 163
f 949 1228 1070
f 107 1578 682
f 2280 85 724
f 1269 2255 1999
f 1757 1167 915
f 150 224 461
f 2403 1788 2657
f 2002 2096 2808
f 114 1220 1932
f 1486 1132 144
f 391 2780 2899
f 2791 292 1500
f 2795 1589 2925
f 2132 2313 2577
f 1503 113 2230
f 1137 1727 2259
f 1743 542 197
f 942 2670 1955
f 1639 219 2307
f 2635 2684 1538
f 931 2554 401
f 1957 1284 575
f 152 451 549
f 2052 905 75
f 1721 2130 673
f 436 2655 2729
f 2683 2317 2903
f 1778 2224 1885
f 437 1384 1212
f 1194 2969 999
f 41 719 819
f 746 181 1007
f 1589 2599 2828
f 1377 32 199
f 2272 223 1046
f 116 1835 1920
f 1768 1793 1910
f 1913 2003 2787
f 47 968 2840
f 652 2356 2473
f 2864 2355 2959
f 1753 268 2508
f 2515 406 361
f 386 108 921
f 1911 930 2052
f 2660 2724 2383
f 378 2693 2697
f 1478 2600 1782
f 67 645 2722
f 1561 1952 1378
f 2156 1700 928
f 2355 2933 1606
f 2435 2097 2570
f 2687 1071 1048
f 2689 2396 2984
f 589 1065 811
f 150 461 2481
f 456 2123 1317
f 946 2602 877
f 219 1469 2020
f 1516 1106 1667
f 1612 89 102
f 2186 2250 1262
f 715 2156 1147
f 459 371 93
f 1186 2594 2506
f 2670 942 972
f 531 705 1068
f 2896 1677 1451
f 2951 2217 2963
f 1047 2500 1693
f 2473 2356 2290
f 1804 1835 1678
f 2049 40 995
f 1218 2848 247
f 269 92 1272
f 2448 693 1865
f 2392 2041 2635
f 1356 1190 1009
f 468 1071 2687
f 975 228 1162
f 609 1392 1414
f 1231 617 2791
f 464 1371 1611
f 115 2915 2303
f 879 406 1751
f 35 946 877
f 2028 2816 2941
f 1196 2927 2608
f 684 648 1117
f 297 256 1906
f 2093 2248 2126
f 295 698 672
f 65 1687 2349
f 2533 932 241
f 818 766 39
f 705 1600 132
f 973 86 2680
f 72 1671 423
f 884 512 533
f 2280 374 2468
f 2093 2126 1327
f 1256 1283 2094
f 502 1446 407
f 1323 35 2744
f 952 2848 1218
f 1230 373 1318
f 801 993 545
f 2058 2272 1046
f 2823 2815 2808
f 2258 2365 578
f 1035 1261 1336
f 1539 805 215
f 2038 904 2221
f 2298 1821 1343
f 2869 1139 1730
f 339 921 841
f 2610 880 2128
f 1839 1845 2833
f 2393 1013 1581
f 589 1501 1057
f 2526 348 1257
f 213 1810 2196
f 1323 2744 529
f 360 2655 959
f 1162 1058 1537
f 115 2303 1680
f 1884 1594 168
f 1368 2547 1238
f 2632 735 1766
f 2903 2317 2926
f 2945 2487 3001
f 2511 2507 2404
f 2268 1779 183
f 1322 1427 1393
f 259 1568 266
f 2810 2808 2952
f 1788 2692 2657
f 1584 501 2498
f 1133 1432 2791
f 792 598 1993
f 2120 2309 2169
f 331 606 610
f 2756 2667 356
f 2980 1711 1681
f 2613 2291 2122
f 811 1064 799
f 2910 2792 2483
f 2009 1397 2384
f 204 1763 1429
f 1976 570 1619
f 487 607 1369
f 2501 446 716
f 1353 540 137
f 1364 831 2736
f 2285 2057 2039
f 2744 1350 2206
f 2384 1414 2448
f 2608 496 1101
f 2466 7 2601
f 2986 2581 2479
f 1578 107 547
f 36 373 50
f 770 209 1044
f 1780 2737 2852
f 1100 797 150
f 2696 2652 2392
f 6 2372 2588
f 1907 2002 790
f 422 789 96
f 2377 2775 1648
f 2852 2653 2599
f 2292 2283 1788
f 2233 1145 2234
f 2331 2426 2651
f 2422 2635 2822
f 1056 962 177
f 822 763 210
f 2399 1876 112
f 832 2022 449
f 415 416 1043
f 2481 461 224
f 701 1077 1119
f 2222 1091 1604
f 1539 2006 238
f 1578 1841 372
f 2987 1643 2954
f 957 1100 150
f 63 2659 1785
f 2909 2668 2789
f 2412 1422 2480
f 276 122 240
f 1992 2760 1698
f 338 414 2848
f 1637 986 1197
f 2711 2721 2159
f 114 1970 1220
f 185 312 316
f 2484 2679 1049
f 2043 2811 747
f 407 1018 502
f 2063 1029 2073
f 2884 18 12
f 2273 1802 258
f 1696 1406 1822
f 2656 2910 2483
f 2601 590 252
f 353 2773 165
f 2610 1032 337
f 1306 788 1022
f 2073 1029 633
f 2933 2560 2966
f 43 1406 150
f 1640 2837 462
f 2910 2656 2593
f 1906 1599 1038
f 265 654 415
f 1411 116 1676
f 2533 2149 402
f 1010 105 104
f 1664 2139 1663
f 2341 730 1651
f 715 1468 676
f 1702 2171 1092
f 116 1411 1678
f 2093 1327 2090
f 108 107 841
f 414 458 1515
f 1482 2303 81
f 2197 22 513
f 875 1765 387
f 2386 2238 768
f 2871 2483 2489
f 2766 2889 1851
f 1192 861 807
f 312 991 14
f 2380 2385 2518
f 2320 2216 886
f 256 2372 568
f 216 2006 1539
f 2542 2568 2457
f 2405 737 2440
f 1148 1334 1535
f 1749 2221 2150
f 2151 2122 2438
f 1226 1372 2616
f 95 771 1044
f 172 1746 59
f 2189 2353 2380
f 1770 1174 1544
f 2827 2457 1448
f 1002 2899 2681
f 2651 2772 349
f 2833 1846 2736
f 601 2210 2631
f 1123 1258 1080
f 673 2130 2065
f 2146 2162 2281
f 346 1012 309
f 1660 1546 2529
f 2007 2709 2637
f 2355 2689 2984
f 385 1969 780
f 2168 2715 1997
f 2357 1633 1554
f 2779 2771 941
f 2612 1711 2980
f 2593 2656 2835
f 2384 608 1414
f 147 330 2662
f 118 70 636
f 2987 1896 2012
f 891 1786 901
f 2714 1610 551
f 2673 127 229
f 2600 2197 513
f 2915 115 2071
f 907 2617 554
f 1459 2023 1756
f 1671 72 1955
f 773 1840 2661
f 2130 2618 2305
f 592 1413 1246
f 812 1011 895
f 1397 1383 2384
f 527 1556 544
f 491 1799 100
f 117 874 849
f 2005 1969 385
f 454 1134 1120
f 493 1716 2470
f 514 2499 2009
f 1766 546 2632
f 2132 2021 1768
f 1796 2086 2014
f 2304 2316 2213
f 2885 1434 2633
f 2731 2757 2861
f 1949 2549 207
f 2219 2162 2146
f 2237 2380 2518
f 2613 2113 2057
f 2100 123 457
f 2506 2594 1198
f 1258 164 225
f 2585 1472 1824
f 255 354 2292
f 2759 2704 2906
f 1098 1016 2701
f 2280 415 1043
f 2265 2380 1534
f 1821 2298 639
f 2954 1643 1640
f 2552 1881 2968
f 1492 2611 1380
f 1776 1576 2956
f 878 321 335
f 1779 188 1877
f 2126 2310 2326
f 61 1456 738
f 1911 2702 978
f 975 654 228
f 2771 1593 941
f 2530 2167 2996
f 2218 2504 2284
f 260 1722 2603
f 2547 1368 1628
f 478 2833 158
f 1020 2896 180
f 2225 2167 2530
f 1401 701 1119
f 872 311 2022
f 476 1703 2662
f 1501 2627 145
f 2701 1117 1490
f 592 280 847
f 2476 2401 2659
f 1856 1335 1516
f 709 2752 2717
f 237 2007 354
f 1852 993 233
f 1262 2250 2067
f 2238 2345 2746
f 97 669 1060
f 2093 2090 2106
f 2631 1203 1502
f 291 281 1680
f 1493 814 1188
f 2270 2147 2207
f 1182 1774 2794
f 2096 2587 2495
f 719 679 776
f 1422 2967 2480
f 2687 1149 2605
f 1790 322 2928
f 2146 2281 1567
f 2621 2973 2723
f 2847 2030 1048
f 2626 1665 1217
f 1224 2468 485
f 2474 1727 1137
f 2997 2967 2995
f 275 1687 65
f 1109 1518 728
f 1369 2510 2741
f 2619 85 1043
f 1189 2320 58
f 1236 1977 2802
f 2612 1380 1711
f 1811 1141 2056
f 813 3004 1982
f 2014 2086 2348
f 1628 177 2547
f 981 2785 1915
f 920 1357 2341
f 2138 2714 2556
f 2287 1928 1677
f 1972 1825 2223
f 2902 2798 2643
f 725 1695 795
f 1342 2680 277
f 2828 2379 2541
f 1786 2332 2291
f 262 370 2773
f 1241 1405 886
f 2724 2464 2471
f 2725 1369 2741
f 2297 1209 1484
f 1008 2313 830
f 1384 503 1212
f 2498 2077 2882
f 731 2313 1008
f 3 605 2256
f 2759 2902 2643
f 927 2612 48
f 1977 2511 2404
f 1127 394 580
f 2068 2103 2204
f 2682 288 1293
f 1947 2265 2333
f 578 2316 2304
f 1864 1129 986
f 422 421 1972
f 2541 2634 2624
f 1336 1072 70
f 2039 2057 2151
f 2698 2138 2144
f 1477 596 521
f 2768 2990 2964
f 561 393 2628
f 1585 2439 923
f 1255 393 561
f 159 266 452
f 2116 2618 1595
f 260 2742 2664
f 2290 1772 2473
f 511 1561 2661
f 2105 2661 2236
f 2681 2899 2459
f 1431 785 2181
f 2693 2965 2765
f 2736 1505 2824
f 1382 1608 1017
f 110 62 2485
f 41 819 2017
f 1707 886 2216
f 2967 2914 2480
f 1359 2244 2073
f 2366 964 658
f 480 2759 802
f 2280 265 415
f 1788 2283 1729
f 584 2405 2877
f 2733 681 1508
f 916 2600 884
f 420 96 1950
f 1078 1125 1326
f 2652 2559 2846
f 2414 2890 1967
f 82 181 1762
f 2436 2102 2145
f 151 2607 2033
f 2398 535 263
f 2535 2177 2600
f 1123 2352 2478
f 2604 1878 1572
f 56 2264 769
f 2453 1260 734
f 2093 2106 2294
f 1212 1217 2646
f 699 2175 112
f 333 38 2684
f 1382 1017 562
f 828 1988 58
f 1789 2092 1660
f 532 870 396
f 2805 2698 2144
f 2617 1597 554
f 845 94 608
f 2200 471 223
f 2227 2453 1893
f 2136 2116 1387
f 1325 846 2606
f 2889 692 1196
f 671 2619 729
f 1277 420 1901
f 754 1737 2227
f 510 708 2466
f 1807 917 550
f 2410 1126 2467
f 133 882 414
f 441 1280 1926
f 482 555 554
f 2041 2652 2774
f 1769 2885 2633
f 898 2420 683
f 1435 81 1963
f 324 2466 2601
f 785 1000 1128
f 1388 2007 340
f 2095 2131 588
f 119 2614 1964
f 1938 443 840
f 2603 2574 1657
f 1838 756 976
f 65 2888 2841
f 1552 2840 691
f 275 2919 1687
f 2894 2546 2688
f 2158 1126 94
f 2678 2727 2578
f 2250 2219 2067
f 2552 2905 1881
f 2697 2693 2765
f 2079 2150 2189
f 310 2220 1638
f 2355 2674 2689
f 2598 2266 2091
f 1114 980 2363
f 2224 1899 1885
f 1243 1857 98
f 377 251 39
f 1538 2177 2688
f 233 472 1074
f 2795 2821 1589
f 926 1952 1561
f 1764 728 417
f 348 1400 1257
f 1175 1049 222
f 1808 173 1829
f 911 1795 1973
f 2283 1655 1729
f 1263 626 170
f 413 2603 832
f 2483 2871 2932
f 376 377 39
f 2573 2714 2138
f 2837 2053 2703
f 2522 2305 2121
f 1368 1238 2743
f 2608 194 55
f 703 1551 823
f 462 2837 1528
f 908 1042 1652
f 2488 2400 2766
f 850 639 1130
f 2147 1778 2800
f 1605 1409 46
f 1774 2980 2794
f 996 266 159
f 2002 2808 2810
f 1102 1516 143
f 1039 1033 2159
f 1935 1837 2597
f 2156 430 1178
f 2677 1778 2571
f 314 587 2690
f 411 1663 2842
f 911 960 662
f 1622 124 820
f 227 1282 2636
f 1282 2759 2636
f 2439 1595 923
f 1091 1249 1604
f 2670 179 701
f 2417 2118 2323
f 231 1560 2705
f 509 669 666
f 1168 815 662
f 2280 68 265
f 2107 323 2112
f 2980 570 2015
f 1135 758 2833
f 2002 2642 2988
f 916 884 533
f 536 1177 583
f 2817 231 2705
f 196 1611 1825
f 720 291 1680
f 363 1737 1360
f 1241 1176 1740
f 536 583 762
f 2135 2240 2451
f 2355 2984 938
f 1524 2565 2450
f 2608 2867 194
f 1766 735 956
f 52 1178 573
f 1502 1203 2414
f 2630 1983 960
f 413 120 838
f 1070 2697 2759
f 2646 2678 2578
f 948 2451 591
f 1041 922 2321
f 1700 2156 406
f 2811 2043 48
f 747 2811 913
f 1935 1428 1001
f 521 512 22
f 2502 1834 998
f 1885 2571 1778
f 550 2373 1807
f 685 1210 1211
f 2926 2679 2484
f 139 2956 1576
f 2280 1224 68
f 2891 2732 2541
f 1152 269 478
f 2916 1848 2084
f 2500 1303 528
f 2973 1666 1030
f 1285 949 707
f 76 949 1285
f 1867 2638 1423
f 2364 1549 1032
f 1376 1466 2355
f 2618 1440 2178
f 2329 2486 944
f 2329 2983 2486
f 1439 1460 1464
f 322 1790 642
f 2397 2408 2143
f 2779 941 1467
f 2840 2609 47
f 204 1410 1748
f 2416 639 2298
f 446 1108 1513
f 1934 615 580
f 2323 2322 2151
f 2599 808 2634
f 2723 1944 1591
f 721 2289 267
f 1980 2651 349
f 817 1143 51
f 2001 1306 79
f 1122 2188 730
f 1680 2303 1482
f 1760 1784 1157
f 682 841 107
f 2729 2268 863
f 2382 2377 2205
f 580 615 810
f 1056 86 973
f 1801 2762 2853
f 1516 1667 143
f 1803 140 2649
f 677 2252 1553
f 246 2175 699
f 2516 2483 2676
f 726 180 2623
f 1728 1769 2633
f 1680 2071 115
f 2755 2483 2431
f 390 169 1076
f 281 2071 1680
f 2181 851 384
f 75 905 601
f 303 1520 1672
f 1704 629 1939
f 870 2324 396
f 401 140 931
f 2198 2103 2068
f 22 2197 1445
f 920 2341 1152
f 2732 2828 2541
f 2500 1689 736
f 1329 1146 490
f 645 2811 424
f 1491 33 2618
f 1948 1421 899
f 76 1143 950
f 880 1423 1238
f 2455 2598 856
f 2078 2437 2941
f 2081 2080 1973
f 1353 577 540
f 657 334 2728
f 525 2393 2740
f 1537 128 1204
f 1278 137 192
f 467 2845 2685
f 2640 1355 1327
f 2050 2672 2660
f 2681 2754 2208
f 1120 1933 1599
f 1968 1318 44
f 2243 1567 1614
f 626 1787 1816
f 529 2744 896
f 1982 902 813
f 477 2908 2812
f 2270 2330 2147
f 1585 923 2224
f 2723 2973 2620
f 72 2615 1025
f 2398 2643 2682
f 1493 130 814
f 2850 2897 2708
f 945 529 896
f 1587 420 867
f 133 338 1462
f 805 1989 1695
f 484 1760 11
f 1041 1 922
f 2452 2544 2927
f 164 798 225
f 372 455 1854
f 378 1812 215
f 2001 79 363
f 2475 2893 2957
f 2753 2731 2861
f 512 596 1358
f 923 1595 1721
f 2032 2159 2721
f 273 1568 1874
f 1012 395 671
f 1655 2183 2186
f 1459 1056 2023
f 1609 958 438
f 1084 2764 83
f 2131 2095 633
f 1579 493 866
f 1204 2527 1873
f 1088 2629 1426
f 2478 2958 1815
f 1231 2791 566
f 2755 2583 2676
f 2062 2063 2244
f 1437 1452 253
f 1828 993 1852
f 2077 2324 2882
f 100 1216 1477
f 2825 382 838
f 1223 2779 1467
f 2686 252 443
f 1579 2536 493
f 2607 242 336
f 1272 1839 2833
f 2166 2696 2713
f 1818 1579 866
f 2466 1714 510
f 707 2759 480
f 1666 1377 1030
f 1963 81 1672
f 245 451 152
f 1683 1102 1883
f 688 341 281
f 226 1315 51
f 2572 2696 2865
f 1363 1093 2622
f 1948 2336 2381
f 2059 2003 1913
f 284 2825 120
f 2079 2380 2265
f 1585 2136 1387
f 1621 428 2859
f 2515 2364 1170
f 2069 2974 1850
f 2191 2002 1358
f 1050 1307 2928
f 1313 1582 1253
f 1524 2451 2565
f 1278 192 1582
f 2718 1238 2547
f 56 2627 2264
f 402 1525 932
f 787 339 2447
f 2861 2757 2462
f 94 1126 459
f 2842 1663 2139
f 2227 1893 2768
f 2436 262 2773
f 873 867 474
f 1884 168 390
f 203 984 2727
f 1087 2602 3
f 2658 2948 2807
f 139 2877 1288
f 1801 2853 1730
f 216 1329 2006
f 57 437 1212
f 214 787 2447
f 2484 2816 2926
f 1140 1239 2499
f 2856 2867 2608
f 1728 2633 584
f 2450 2565 2512
f 774 2364 2590
f 2361 1137 2147
f 1003 1847 1081
f 1829 173 1156
f 2212 554 555
f 1168 1795 911
f 545 1836 2908
f 331 1395 2054
f 2365 2238 578
f 2143 1790 2928
f 2682 1293 765
f 1302 2762 1131
f 509 1103 1943
f 391 1507 2780
f 282 634 1691
f 1582 1391 1883
f 2113 2151 2057
f 25 922 1
f 2481 1142 1696
f 796 2032 1694
f 274 2812 1860
f 2754 1302 1045
f 569 1082 1090
f 1086 300 1121
f 894 2539 2733
f 2897 2541 2644
f 2859 2671 490
f 2536 674 628
f 1566 66 404
f 1806 1679 1192
f 1178 21 1751
f 1045 2208 2754
f 71 1285 707
f 75 2242 2052
f 103 2619 102
f 2850 2335 2645
f 2046 199 32
f 1689 2500 2629
f 1974 2529 1801
f 676 430 2156
f 1163 2661 759
f 2223 2841 122
f 1806 915 1679
f 279 129 564
f 1363 2622 176
f 1689 2629 1088
f 1143 76 51
f 519 2870 2051
f 1272 2833 269
f 1005 100 1477
f 1638 2220 632
f 1770 1544 1232
f 2690 121 1328
f 633 73 2131
f 1373 2016 1548
f 1122 689 1497
f 2526 2183 1655
f 1972 2223 859
f 176 2209 1977
f 439 308 926
f 447 871 2040
f 2976 2930 2985
f 493 2520 1716
f 1060 509 1943
f 2764 1466 83
f 1919 39 251
f 1775 1097 2752
f 822 4 1390
f 2693 1695 2643
f 493 2820 2520
f 2552 2938 2858
f 2703 1610 2714
f 1979 2779 1447
f 930 1018 974
f 1754 967 2033
f 43 150 797
f 1012 671 729
f 1102 192 1516
f 615 2141 810
f 269 2833 478
f 2685 2845 2992
f 1108 2289 1513
f 2382 2205 1843
f 1993 598 1574
f 1477 1216 596
f 1944 2620 1356
f 2925 1589 2828
f 2339 425 2092
f 2844 2843 2913
f 1197 1314 1019
f 1354 2760 739
f 2740 2398 713
f 1773 2690 1328
f 713 2398 1173
f 186 534 475
f 582 297 1941
f 2192 171 897
f 1444 1205 777
f 2647 2635 2041
f 1164 965 1816
f 865 683 2919
f 36 50 34
f 678 2467 1400
f 2679 2880 2716
f 423 1671 701
f 532 1954 870
f 1525 340 2007
f 2943 2945 3001
f 2935 2884 895
f 491 1144 1799
f 2009 2384 791
f 2024 2980 1495
f 802 71 900
f 2454 2474 1137
f 2177 2088 2600
f 2620 1030 1277
f 2912 2550 2455
f 539 872 1095
f 2127 2751 2591
f 2372 2016 755
f 1289 426 2868
f 2416 2298 1343
f 2092 425 1546
f 2670 157 909
f 807 847 280
f 1088 836 1689
f 2523 2506 1198
f 1019 2436 1632
f 2097 1641 2570
f 669 2649 1662
f 679 719 696
f 285 291 720
f 2629 231 2817
f 854 733 1469
f 721 1614 2289
f 2624 333 2684
f 1811 698 1141
f 1740 1405 1241
f 2942 3001 2999
f 1432 2419 2791
f 2214 499 1295
f 2884 812 895
f 2834 2747 2691
f 391 2899 1002
f 506 1171 2089
f 1413 1513 1246
f 687 730 2341
f 2882 2324 870
f 2620 2973 1030
f 2987 2954 2664
f 2156 1751 406
f 686 249 2949
f 1521 2256 1151
f 520 2870 2625
f 2588 2372 287
f 2059 2809 768
f 286 371 459
f 2910 2874 2792
f 130 1323 1494
f 1749 2150 2079
f 2353 2093 2342
f 363 1360 1935
f 2243 1614 721
f 1275 2775 2680
f 2021 2132 2577
f 2209 176 2622
f 2031 2711 530
f 2640 2004 1355
f 2049 995 988
f 2574 1722 453
f 1056 177 2023
f 2908 239 2812
f 1230 1318 1555
f 537 1084 286
f 1969 2188 780
f 2992 2658 2685
f 1176 434 1717
f 2536 2080 2072
f 2514 2342 2261
f 1786 539 2117
f 2314 1038 1708
f 511 602 1561
f 2717 1237 2034
f 712 544 1859
f 1664 57 368
f 1521 1235 1996
f 1235 2099 1996
f 2847 1048 2153
f 2282 904 2093
f 1788 1729 2692
f 1568 273 257
f 2035 2841 2794
f 1865 563 2281
f 2400 2889 2766
f 2739 671 1489
f 2838 2664 2954
f 2638 2418 887
f 2056 1148 339
f 1815 2958 2592
f 759 1287 1343
f 1946 2735 2700
f 1613 1823 948
f 518 3 2256
f 2223 65 2841
f 2898 2876 2355
f 489 451 245
f 2885 2246 1107
f 2898 3007 2887
f 2406 2387 2772
f 1389 1446 502
f 2928 322 2416
f 1175 448 2782
f 788 1113 1022
f 2038 2074 904
f 2442 1171 506
f 3 2602 605
f 2671 433 2690
f 1541 15 2729
f 676 1468 1393
f 641 19 274
f 2849 2760 2826
f 339 1148 921
f 578 2050 2660
f 2535 2600 2688
f 2129 655 481
f 1336 62 110
f 2337 911 2279
f 2613 2122 2113
f 2324 2659 396
f 361 2364 2515
f 1075 139 141
f 1047 1303 2500
f 2599 2634 2878
f 1063 1790 1067
f 827 1971 1597
f 2162 1865 2281
f 517 2641 2362
f 404 2287 1299
f 540 577 2190
f 2952 2808 1484
f 2629 1705 231
f 31 1298 1961
f 1345 1332 434
f 2866 2340 2719
f 214 2447 345
f 2624 388 333
f 540 2190 753
f 2377 1964 2775
f 1874 443 273
f 2317 2374 2388
f 250 2030 2461
f 617 2165 2791
f 52 573 2614
f 1510 720 1435
f 655 2351 2027
f 1153 934 2601
f 2158 94 845
f 2594 652 2473
f 1538 90 2177
f 2827 1448 1653
f 2827 1653 2482
f 1729 1655 1849
f 2637 2709 2100
f 1486 144 990
f 2554 614 1395
f 627 2222 37
f 1423 2638 887
f 844 969 760
f 1988 828 3008
f 1206 2527 1204
f 1297 802 1362
f 918 1233 1229
f 2826 1866 2849
f 1799 779 1150
f 1386 1416 1519
f 12 812 2884
f 1777 2130 2305
f 1516 644 1106
f 442 412 901
f 1984 532 650
f 1554 1633 1366
f 1911 1018 930
f 2369 65 2172
f 2821 2311 1589
f 1858 1441 3004
f 1858 3004 813
f 2611 23 1380
f 1724 1815 2592
f 1074 472 2848
f 1825 234 2223
f 2313 1202 2060
f 1426 2629 2817
f 1288 2440 569
f 1772 675 2473
f 104 2368 1112
f 394 1370 867
f 2023 2767 1756
f 2276 2226 1980
f 466 2717 476
f 972 157 2670
f 2841 2035 301
f 446 1498 716
f 1562 2192 310
f 2181 384 60
f 705 1104 1407
f 2167 2801 916
f 189 2056 190
f 2356 652 1365
f 1388 2646 2578
f 135 1493 1274
f 1141 1844 1037
f 2117 1879 2332
f 2645 2541 2850
f 2325 1095 872
f 630 1503 2740
f 2719 2991 2205
f 2420 1163 58
f 2306 825 824
f 883 1159 2466
f 1263 2233 2562
f 2438 2323 2151
f 2814 910 698
f 345 1798 214
f 2295 2834 2691
f 2003 2304 2213
f 796 1694 572
f 1615 1868 196
f 2231 272 137
f 580 394 867
f 1856 39 1335
f 1141 1037 2056
f 413 260 2603
f 2776 3008 828
f 2461 2030 2434
f 2933 2864 2699
f 1991 1175 2782
f 2341 1651 268
f 1465 1920 831
f 373 623 1318
f 1871 2461 1827
f 986 1637 2870
f 1318 124 1555
f 2483 2552 2489
f 2054 1776 331
f 1587 1868 1615
f 2204 2120 2169
f 963 483 1814
f 963 1814 1415
f 434 957 1345
f 2289 1108 1934
f 153 671 2739
f 1361 2047 596
f 1467 632 1223
f 2167 2225 2441
f 498 1174 1770
f 1385 470 1395
f 2695 2658 2639
f 2982 2581 2998
f 893 304 1091
f 2683 2374 2317
f 690 1068 842
f 1927 1774 828
f 1563 886 645
f 1038 727 106
f 1438 1375 833
f 1050 2928 1287
f 1061 2885 1769
f 2292 1788 1402
f 2803 2774 2652
f 811 784 858
f 1777 2305 2522
f 1400 2467 2158
f 758 1846 2833
f 43 2721 1406
f 1727 2229 1585
f 2028 2926 2816
f 1449 2589 1435
f 2323 2291 2417
f 2417 2291 2332
f 2113 2122 2151
f 2190 271 753
f 357 1109 728
f 2100 2410 678
f 2458 2329 944
f 2653 808 2599
f 1665 1265 10
f 705 132 1068
f 2911 2227 2768
f 1146 2859 490
f 2398 1172 945
f 1321 1042 908
f 160 1746 172
f 1487 2164 2505
f 2169 2309 2361
f 2722 645 2710
f 180 930 1020
f 1241 886 1707
f 1304 2262 1271
f 296 1369 2725
f 2543 2511 1977
f 1028 2141 1127
f 2160 2270 2428
f 2154 2533 241
f 2540 2814 295
f 1743 1481 2855
f 1516 1626 1479
f 1400 2158 1257
f 350 2033 2607
f 2943 3001 2942
f 48 2612 1673
f 304 214 1091
f 2590 2364 2610
f 1932 1471 125
f 2973 721 1199
f 432 1986 91
f 2334 148 2180
f 1631 2425 66
f 475 1177 536
f 2944 2982 1826
f 1588 957 312
f 1019 1993 657
f 192 1102 1683
f 1315 1905 667
f 2998 2918 1826
f 2456 2912 2455
f 1980 2415 2651
f 614 1385 1395
f 1006 125 1828
f 3000 2801 2167
f 2251 599 571
f 1779 1618 257
f 1570 1857 1637
f 2855 1520 303
f 2626 503 1665
f 1496 352 1121
f 2214 154 1966
f 536 186 475
f 2104 2580 359
f 1320 31 1961
f 470 500 1221
f 3006 2041 2774
f 2327 2284 2164
f 2998 2801 2918
f 2226 2497 1980
f 359 2580 241
f 213 2308 342
f 839 2661 524
f 941 1562 1467
f 322 639 2416
f 1389 744 1245
f 2156 928 1147
f 355 888 2152
f 2256 766 818
f 2977 2696 2542
f 2776 2841 2888
f 2727 2100 2709
f 1866 893 2849
f 1278 1711 1596
f 1793 1768 2021
f 721 2973 2243
f 1543 1344 2346
f 1744 2018 1138
f 1021 1195 1429
f 1546 75 1337
f 2264 750 1255
f 877 2602 1087
f 2890 295 1967
f 2772 1351 349
f 2549 1650 902
f 832 449 400
f 2501 629 446
f 1039 2159 1076
f 2839 2925 2828
f 575 1284 221
f 2987 326 1643
f 2273 258 1230
f 1261 1094 218
f 770 309 209
f 1097 1237 2717
f 227 2636 479
f 1328 121 413
f 2483 2516 3007
f 2350 2198 2160
f 2945 2943 3002
f 2713 2696 2572
f 2679 2926 2317
f 2469 2458 944
f 2461 736 836
f 1807 1545 594
f 761 916 1358
f 1537 1873 432
f 2669 2901 2828
f 2552 2968 2489
f 2709 2578 2727
f 2314 727 1038
f 2079 2189 2380
f 2603 1657 1472
f 2858 2738 2783
f 1318 1968 256
f 1995 1901 1356
f 1217 2678 2646
f 946 937 2602
f 1379 2365 2258
f 2691 2873 2799
f 1586 1186 2134
f 2695 2881 2658
f 1887 1226 1023
f 370 153 2739
f 2078 2941 2940
f 651 300 1798
f 2539 2628 26
f 1253 2363 1313
f 2623 2896 1864
f 298 1822 1406
f 2446 2241 2517
f 2800 1778 2677
f 1743 303 542
f 2452 2927 692
f 167 1547 456
f 414 1458 458
f 2447 1940 347
f 144 2673 1723
f 2164 2284 2504
f 623 44 1318
f 2554 931 614
f 2131 1872 155
f 814 130 1494
f 120 2825 838
f 2327 2164 1487
f 1125 1543 1326
f 2362 2641 2621
f 1982 57 1205
f 2276 2445 2491
f 2360 2921 1998
f 1492 1380 2612
f 701 1401 1067
f 169 221 1076
f 2120 2528 2309
f 1086 352 966
f 2546 2696 2688
f 170 1136 1145
f 730 687 1122
f 949 76 950
f 2973 1567 2243
f 969 882 760
f 2432 2920 1623
f 2132 444 460
f 231 1705 1911
f 245 152 489
f 713 630 2740
f 154 936 1966
f 1201 1554 1366
f 1507 1827 2921
f 2052 2702 1911
f 1176 1241 1713
f 976 756 943
f 2483 3007 2898
f 1418 2601 2686
f 64 752 2268
f 2933 2813 2560
f 2719 2205 2377
f 669 509 1060
f 1507 2921 2360
f 2805 2144 2203
f 2041 2392 2652
f 2412 2561 1422
f 2000 2029 2005
f 1249 1091 727
f 1655 2186 1849
f 2628 953 26
f 616 171 2112
f 2637 2292 354
f 618 1323 526
f 2966 2560 2793
f 1074 2848 414
f 903 2211 2737
f 2956 606 1776
f 1075 606 2956
f 300 924 1798
f 2228 1956 1606
f 1732 189 2026
f 721 267 2025
f 1693 2500 243
f 1369 2625 187
f 2313 2060 979
f 1314 2681 2208
f 2911 2768 2964
f 1192 1498 446
f 2483 2932 2836
f 292 1552 1500
f 2160 2428 2371
f 2588 2503 1968
f 149 2296 1027
f 724 374 2280
f 1955 2670 1671
f 88 2408 1307
f 1325 61 738
f 2281 563 1296
f 2392 1538 2429
f 179 1077 701
f 2594 2473 1699
f 2770 2790 2873
f 2868 2057 2074
f 95 1612 40
f 2085 2476 2324
f 2727 2678 1217
f 1824 2751 2249
f 1436 1963 1635
f 498 1570 1637
f 1494 1323 618
f 2245 1634 2066
f 2916 2581 1848
f 1422 2561 2563
f 2479 2581 2982
f 1486 1247 1132
f 1584 2498 2882
f 2328 2753 2691
f 2483 2792 2734
f 2935 895 2425
f 2521 2995 2967
f 1121 300 651
f 267 2046 2025
f 1674 992 275
f 1869 2713 2572
f 2643 2740 2636
f 937 202 2602
f 1770 635 1437
f 2272 2200 223
f 822 595 763
f 2549 902 207
f 2861 2797 2691
f 313 315 912
f 2701 114 1098
f 1594 1957 168
f 2404 2654 2449
f 2349 2888 65
f 1474 2095 184
f 2169 2361 2330
f 1557 2617 907
f 2109 2391 1985
f 324 883 2466
f 214 1798 735
f 1875 118 636
f 1362 802 2759
f 2354 2353 1069
f 1448 2457 2568
f 1418 2686 364
f 60 1967 1983
f 1827 2461 2921
f 2126 2551 2271
f 2790 2818 2873
f 2919 1234 1820
f 139 1576 2877
f 2344 2808 2815
f 1466 1376 45
f 595 389 344
f 2185 328 2118
f 232 2609 1552
f 1666 32 1377
f 907 554 2212
f 249 686 1529
f 2514 2353 2342
f 2224 923 560
f 832 2603 1472
f 2584 2960 2852
f 703 1834 392
f 2187 1005 1478
f 2997 1869 2572
f 2266 2598 2455
f 628 2312 2536
f 131 277 2617
f 1627 73 2063
f 1848 2581 2986
f 772 250 2461
f 2557 2598 2424
f 2302 1823 1613
f 1019 262 2436
f 1437 635 1452
f 1759 1775 195
f 195 1775 2752
f 2026 912 1809
f 4 565 409
f 2994 2995 2521
f 2683 2941 2437
f 2957 1606 2475
f 1206 485 2527
f 827 1853 2767
f 611 2764 1084
f 1722 2664 1670
f 1427 676 1393
f 1584 2882 870
f 566 1423 880
f 2605 1124 1181
f 1641 1819 2567
f 41 2017 1458
f 653 668 866
f 1623 1088 1426
f 1561 929 2661
f 833 2191 596
f 1537 1204 1873
f 260 382 2742
f 792 2125 1329
f 226 1905 1315
f 1621 843 428
f 1596 1711 1380
f 450 1102 410
f 1484 2808 2297
f 1066 1202 2444
f 616 184 2095
f 166 2466 1159
f 2089 215 1812
f 2901 2839 2828
f 426 174 2868
f 1671 2670 701
f 2933 2970 2813
f 1601 474 867
f 2892 2808 2344
f 2672 1862 2350
f 649 565 4
f 1292 2557 2485
f 2979 2642 714
f 911 868 960
f 2033 1894 1754
f 377 2868 2038
f 2541 2624 2644
f 2086 466 2662
f 2584 2852 2712
f 1204 1224 1206
f 2982 2998 1826
f 1209 1207 2178
f 288 1454 1293
f 2662 1645 2348
f 1618 414 452
f 2477 692 2889
f 377 1289 2868
f 111 542 34
f 2469 944 1388
f 308 2132 889
f 2793 2976 1956
f 894 284 1576
f 351 2667 1851
f 1493 1188 1274
f 1153 1154 374
f 1575 794 1357
f 2402 1251 1130
f 1585 2224 1778
f 574 1831 1611
f 161 1303 2606
f 122 80 240
f 402 2149 1810
f 980 1506 2363
f 2011 2107 2112
f 2728 1574 1714
f 1880 1664 368
f 2908 2615 72
f 509 2554 1103
f 2430 455 411
f 2137 2204 2103
f 1208 2011 2112
f 2807 2948 2886
f 810 2141 1028
f 407 404 1299
f 1780 903 2737
f 1111 1466 45
f 2334 2180 2108
f 102 1052 440
f 170 1145 2233
f 2353 2514 2378
f 1382 1167 1757
f 1867 1648 1761
f 299 2594 1186
f 1383 2306 608
f 1492 2612 927
f 50 258 248
f 2746 2595 2050
f 1825 1972 421
f 1757 915 1806
f 1569 2604 1989
f 40 1308 995
f 806 1952 926
f 302 511 2661
f 209 89 1044
f 207 1982 1715
f 1975 709 2939
f 2824 1312 2949
f 2393 1581 1105
f 2060 1636 2094
f 2178 1440 1209
f 658 748 942
f 1076 2032 796
f 2333 2265 2193
f 1794 1420 1185
f 647 2026 743
f 11 419 270
f 1183 1668 1994
f 2362 2621 2723
f 1298 418 2609
f 706 773 2661
f 1158 1114 2363
f 166 2728 2466
f 2234 1145 1892
f 1509 503 1816
f 1202 1917 2338
f 2608 55 496
f 2222 2849 1091
f 2983 2538 2486
f 235 1961 232
f 749 2623 519
f 1316 684 2701
f 1583 1023 871
f 19 473 2812
f 173 875 387
f 2505 2537 1487
f 45 1392 371
f 616 2655 1160
f 2659 2401 2184
f 270 969 844
f 2183 2526 2186
f 1353 137 1278
f 62 1292 2485
f 2499 2140 2009
f 1857 487 486
f 2802 2719 704
f 2931 2935 1631
f 466 476 2662
f 639 1707 1821
f 2967 2997 2914
f 2508 2188 1969
f 1399 2402 1063
f 1145 392 1892
f 2425 895 1079
f 3000 2167 2441
f 467 2328 2691
f 641 1398 1226
f 914 2611 1492
f 155 1895 2131
f 295 2814 698
f 1967 672 1983
f 1892 392 1073
f 1214 1578 547
f 220 1841 823
f 479 2711 2031
f 2070 2163 2059
f 990 1691 1486
f 2070 1625 2163
f 305 1655 2283
f 256 1968 287
f 2852 2737 2653
f 2643 2398 2740
f 2116 2569 2618
f 919 469 2414
f 2053 1550 1309
f 2134 2854 2545
f 2267 2880 2668
f 2310 2215 2326
f 2074 2039 904
f 431 1579 6
f 2794 2980 2036
f 2851 2645 2961
f 2259 1727 1778
f 1372 1860 2143
f 957 1201 312
f 20 1890 1782
f 2539 26 2733
f 1631 2935 2425
f 497 442 1786
f 2612 2980 1927
f 1473 611 537
f 520 2625 296
f 1767 1076 796
f 414 1515 452
f 2751 2714 2591
f 27 704 2719
f 1569 238 2604
f 1020 1299 2896
f 893 1091 2849
f 738 846 1325
f 597 2128 2718
f 2745 2806 2608
f 2647 2822 2635
f 1048 2030 2687
f 692 2927 1196
f 1226 2616 1023
f 1976 1619 2269
f 712 508 1832
f 2443 597 2718
f 503 1265 1665
f 712 1832 544
f 570 1976 2015
f 338 2848 952
f 436 959 2655
f 1108 615 1934
f 2969 1912 954
f 705 1407 1600
f 1575 1357 920
f 1734 2490 2975
f 1402 2657 1053
f 2637 2100 1655
f 1862 2108 2350
f 153 855 671
f 1501 1286 800
f 1383 2499 825
f 1979 1374 2779
f 855 883 324
f 2297 2892 2195
f 2248 2322 2126
f 1333 2042 1596
f 1377 199 1015
f 307 1022 1113
f 1323 581 526
f 1116 2022 442
f 1131 1903 1918
f 2903 2941 2683
f 2453 1646 1893
f 1691 634 1486
f 1538 2688 2696
f 450 1883 1102
f 2527 484 11
f 400 1493 135
f 855 85 2619
f 42 719 41

