variant,case,frame,eval_time_s,npz_time_s,opt_step,obj_err_m,pelvis_err_m,pelvis_z_qpos_m,sim_pelvis_z_m,ref_pelvis_z_m,sim_left_sdf_m,sim_right_sdf_m,sim_min_hand_sdf_m,ref_left_sdf_m,ref_right_sdf_m,ref_min_hand_sdf_m,sim_left_contact_count,sim_right_contact_count,sim_total_contact_count,ref_left_contact_count,ref_right_contact_count,ref_total_contact_count,sim_left_foot_z_m,sim_right_foot_z_m,sim_right_foot_xy_step_m,ref_right_foot_xy_step_m,right_hip_pitch_ctrl_diff,robot_ctrl_linf,robot_ctrl_l2,object_ctrl_linf,object_ctrl_l2,qpos_max_abs_diff_vs_ref,qvel_max_abs
E081_box023_p2_legobj,box023_person2_legobj,0,0.0,0.0166667,0,0.006571253894812281,0.0016145480589380681,0.7536531686782837,0.7536531686782837,0.7544032335281372,0.3687770726916873,0.3569287848941138,0.3569287848941138,0.3761916065702559,0.36276445988991585,0.36276445988991585,0,0,0,0,0,0,0.014464095158215014,-0.0029565145983835167,0.0,0.0,0.0,0.0,0.0,0.0,0.0,0.0064497812527406495,0.19553345441818237
E081_box023_p2_legobj,box023_person2_legobj,1,0.02,0.0333334,0,0.009277095174753915,0.003139328495648347,0.7532581686973572,0.7532581686973572,0.7549949884414673,0.36579540341992334,0.3545106716910497,0.3545106716910497,0.3836797322086255,0.36130310273396155,0.36130310273396155,0,0,0,0,0,0,0.014379729643849003,-0.002918141230129276,8.223236232125965e-05,2.5862999155720858e-05,0.0,0.0,0.0,0.0,0.0,0.07432970404624939,0.38146206736564636
E081_box023_p2_legobj,box023_person2_legobj,2,0.04,0.0500001,0,0.01132503220230109,0.0057528700050690044,0.7529218196868896,0.7529218196868896,0.7555868029594421,0.36420300248729687,0.35259263533112045,0.35259263533112045,0.3936810912097819,0.35986471099444384,0.35986471099444384,0,0,0,0,0,0,0.014438799506115912,-0.0028443977967272938,0.00017186392730469675,4.697946161996343e-05,0.0,0.0,0.0,0.0,0.0,0.13936646282672882,0.9454869031906128
E081_box023_p2_legobj,box023_person2_legobj,3,0.06,0.0666668,0,0.012830252542760703,0.006879935410894071,0.7526416182518005,0.7526416182518005,0.7568924427032471,0.36389330320662094,0.35118755074634894,0.35118755074634894,0.40043905308288474,0.362019281671111,0.362019281671111,0,0,0,0,0,0,0.014617561127673564,-0.0027884939444428047,0.0002672264298115352,0.0006960533784630645,0.0,0.0,0.0,0.0,0.0,0.18005025386810303,1.5030288696289062
E081_box023_p2_legobj,box023_person2_legobj,4,0.08,0.0833335,0,0.013922671292307873,0.008984454685847413,0.7524275183677673,0.7524275183677673,0.7582033276557922,0.3648090235967916,0.3502418413669426,0.3502418413669426,0.4077037395217993,0.3642649144848355,0.3642649144848355,0,0,0,0,0,0,0.014881584704090484,-0.0027623169711465667,0.0003052274182192702,0.0007074954935686903,0.0,0.0,0.0,0.0,0.0,0.21212846040725708,2.012620687484741
E081_box023_p2_legobj,box023_person2_legobj,5,0.1,0.10000020000000001,0,0.014699628762600224,0.009637826892945366,0.7522623538970947,0.7522623538970947,0.7589491009712219,0.36669608399615417,0.3495980427978321,0.3495980427978321,0.4129853509248627,0.366003980863005,0.366003980863005,0,0,0,0,0,0,0.015138896853630242,-0.002770768887890032,0.0003247748596692144,0.0007051313814102414,0.0,0.0,0.0,0.0,0.0,0.21961894631385803,2.3669891357421875
E081_box023_p2_legobj,box023_person2_legobj,6,0.12,0.11666690000000002,0,0.015252387917962809,0.011943216152784217,0.7521445155143738,0.7521445155143738,0.7596863508224487,0.3693354185115197,0.3491411821481205,0.3491411821481205,0.4185681219752911,0.36773950085862467,0.36773950085862467,0,0,0,0,0,0,0.015337094614510813,-0.002794292044637131,0.00031136736512674286,0.0007013574998013105,0.0,0.0,0.0,0.0,0.0,0.22288718819618225,2.603469133377075
E081_box023_p2_legobj,box023_person2_legobj,7,0.14,0.13333360000000002,0,0.01565830735673477,0.01572600414138911,0.7521213889122009,0.7521213889122009,0.7613980174064636,0.37216072771158076,0.34880739189862886,0.34880739189862886,0.4162767723568762,0.36878177693484077,0.36878177693484077,0,0,0,0,0,0,0.015497332344471402,-0.0028004012266180517,0.00025960600681344906,0.00071245653741744,0.0,0.0,0.0,0.0,0.0,0.2130623757839203,2.7023093700408936
E081_box023_p2_legobj,box023_person2_legobj,8,0.16,0.15000030000000003,0,0.015946944511075777,0.019640382864243078,0.7519956231117249,0.7519956231117249,0.7631317973136902,0.37446362235203895,0.3484620374372448,0.3484620374372448,0.41397324438913696,0.369875636649964,0.369875636649964,0,0,0,0,0,0,0.014602734693553197,-0.002908176104454707,0.00025318838462293485,0.0006845776910615281,0.0,0.0,0.0,0.0,0.0,0.2028128206729889,2.7121829986572266
E081_box023_p2_legobj,box023_person2_legobj,9,0.18,0.16666700000000004,0,0.01614728754278819,0.025412472492347273,0.7522367238998413,0.7522367238998413,0.7652416825294495,0.37619023520538275,0.34829343312924144,0.34829343312924144,0.4097223709789406,0.3709158598057209,0.3709158598057209,0,0,0,0,0,0,0.014624712759791748,-0.0027807112574952594,0.00044375018274763346,0.0008083294769843062,0.0,0.0,0.0,0.0,0.0,0.17836743593215942,2.5954315662384033
E081_box023_p2_legobj,box023_person2_legobj,10,0.2,0.18333370000000004,0,0.0162781001843891,0.031235339789753958,0.7524533271789551,0.7524533271789551,0.7673630118370056,0.3766846992346623,0.3479988096717952,0.3479988096717952,0.40555159774291544,0.3718865408398003,0.3718865408398003,0,0,0,0,0,0,0.013849549956392454,-0.0028053686152044663,0.00021208289404767508,0.0006107613312359743,0.0,0.0,0.0,0.0,0.0,0.18210852146148682,2.4110865592956543
E081_box023_p2_legobj,box023_person2_legobj,11,0.22,0.20000040000000005,0,0.016353988632176866,0.036117399184636786,0.7527470588684082,0.7527470588684082,0.7696512937545776,0.3759050257102777,0.3476911139166383,0.3476911139166383,0.40113359657990255,0.3722431326771105,0.3722431326771105,0,0,0,0,0,0,0.012563021220887406,-0.002827657616954908,0.00021538369786599788,0.0007230349858266751,0.0,0.0,0.0,0.0,0.0,0.21760737895965576,2.158571481704712
E081_box023_p2_legobj,box023_person2_legobj,12,0.24,0.21666710000000006,32,0.016406647229860887,0.0398974030935228,0.7543817758560181,0.7543817758560181,0.7719459533691406,0.37579303639837275,0.34675410732112727,0.34675410732112727,0.3967338013075882,0.37252577978695167,0.37252577978695167,0,0,0,0,0,0,0.01368024130863773,-0.0020935095791011424,0.0007192161051720872,0.0006012345786277983,-0.01833707094192505,0.13652165979146957,0.2537205239310526,0.010000000645959517,0.01732050789648369,0.2502327561378479,1.906061053276062
E081_box023_p2_legobj,box023_person2_legobj,13,0.26,0.23333380000000006,32,0.01645083946563548,0.04506467343451803,0.7567701935768127,0.7567701935768127,0.7739120125770569,0.3757360878372634,0.3453608502136485,0.3453608502136485,0.39219323715763044,0.37088263760773044,0.37088263760773044,0,0,0,0,0,0,0.016111469456212765,-0.0012505568242362347,0.0006977997391026591,0.0007358965683907969,-0.030558064579963684,0.1299624964594841,0.23369652742951144,0.010000003348068276,0.01732050873611422,0.2750162184238434,2.1581759452819824
E081_box023_p2_legobj,box023_person2_legobj,14,0.28,0.25000050000000007,32,0.016482495140374316,0.04955020113658624,0.759838879108429,0.759838879108429,0.7758627533912659,0.3762454906556504,0.3429620160325534,0.3429620160325534,0.38758371372445005,0.36918824245905246,0.36918824245905246,0,0,0,0,0,0,0.020406868135861032,-0.0004399818248557244,0.001083238112060393,0.0006453920015469152,-0.0692271739244461,0.18713757395744324,0.31722413889465334,0.009999999085266609,0.017320502767155833,0.2957342267036438,2.3924789428710938
E081_box023_p2_legobj,box023_person2_legobj,15,0.3,0.26666720000000005,32,0.016502862564383672,0.059117921684808054,0.7633975744247437,0.7633975744247437,0.7781062722206116,0.3764519104181541,0.34009083968621995,0.34009083968621995,0.38405279539250775,0.3665074481557333,0.3665074481557333,0,0,0,0,0,0,0.02601670521036476,0.00025096876765696996,0.001058173683713211,0.000969273448670873,-0.09042696678079665,0.16771531105041504,0.29561429148811086,0.009999999943829607,0.017320506380003535,0.32442473820992745,2.6256144046783447
E081_box023_p2_legobj,box023_person2_legobj,16,0.32,0.2833339,32,0.01651807554903969,0.0690279331718159,0.767202615737915,0.767202615737915,0.7803657650947571,0.37601456061285116,0.3362252282946306,0.3362252282946306,0.38048798459614225,0.36330685447205396,0.36330685447205396,0,0,0,0,0,0,0.03267087448137103,0.0007694931719149298,0.0009884973763158293,0.00046152309739797443,-0.110690638422966,0.17542164027690887,0.31121660145006613,0.010000002737797331,0.017320510788718067,0.35004574060440063,2.8486995697021484
E081_box023_p2_legobj,box023_person2_legobj,17,0.34,0.3000006,32,0.016481295506347932,0.07303483827639003,0.7708851099014282,0.7708851099014282,0.7810449004173279,0.37414747616639205,0.3315856993202375,0.3315856993202375,0.37068426870718735,0.3559974045140549,0.3559974045140549,0,0,0,0,0,0,0.03974983372107166,0.0010868924854879752,0.0006946509659989058,0.0007607270945123243,-0.13557568937540054,0.15302149951457977,0.29531785530586524,0.010000003830100468,0.01732051148657216,0.35999874770641327,3.1753993034362793
E081_box023_p2_legobj,box023_person2_legobj,18,0.36,0.3166673,32,0.016440663615174305,0.07650053005707838,0.7741966247558594,0.7741966247558594,0.781624436378479,0.3704725869717,0.3257494995831361,0.3257494995831361,0.3606298490139962,0.34825917981815935,0.34825917981815935,0,0,0,0,0,0,0.04708427567437075,0.0012245868602569557,0.0005431962454870193,0.0005813248130583707,-0.1670614406466484,0.1670614406466484,0.3206756422675462,0.010000007088819984,0.017320512308875154,0.3682052344083786,3.4975945949554443
E081_box023_p2_legobj,box023_person2_legobj,19,0.38,0.33333399999999996,32,0.01640038275267523,0.08442507348702045,0.7770518064498901,0.7770518064498901,0.7826681137084961,0.36467193877859255,0.3190871011501185,0.3190871011501185,0.35020580222358744,0.34145683378141467,0.34145683378141467,0,0,0,0,0,0,0.05414484685522271,0.0012369319430859324,0.00020208551291466624,0.008846836012936399,-0.19096077978610992,0.19096077978610992,0.31040356531468977,0.010000004913308658,0.01732051279248847,0.39158670604228973,3.8248472213745117
E081_box023_p2_legobj,box023_person2_legobj,20,0.4,0.35000069999999994,32,0.016360340551982558,0.0924971059393679,0.7794325947761536,0.7794325947761536,0.7837449908256531,0.3570540266630166,0.3114164216436488,0.3114164216436488,0.33951815849990863,0.3349547473216062,0.3349547473216062,0,0,0,0,0,0,0.06100367152914013,0.0011999257919431128,7.634783421922394e-05,0.009569402650821143,-0.2148151695728302,0.2148151695728302,0.322100762976807,0.010000000640502549,0.0173205052090374,0.4141436666250229,4.146816730499268
E081_box023_p2_legobj,box023_person2_legobj,21,0.42,0.3666673999999999,32,0.016367058517641867,0.09506787457082673,0.7811899781227112,0.7811899781227112,0.7827108502388,0.34741920758878736,0.3027587317962001,0.3027587317962001,0.32205918720160254,0.31633647503550916,0.31633647503550916,0,0,0,0,0,0,0.06708309906211757,0.0011450634273510243,0.00030656282305138916,0.0005752282243312671,-0.227078378200531,0.227078378200531,0.31171796533080814,0.01000000014755642,0.0173205048309676,0.43465591594576836,4.487469673156738
E081_box023_p2_legobj,box023_person2_legobj,22,0.44,0.3833340999999999,32,0.016377516562333338,0.09842788325607335,0.7822392582893372,0.7822392582893372,0.7815078496932983,0.3361059877680913,0.29284547349584406,0.29284547349584406,0.30394218976319315,0.29659002200317314,0.29659002200317314,0,0,0,0,0,0,0.07232988606279687,0.0011381167226801603,0.00046177640885844466,0.00023760013010489645,-0.24545148015022278,0.24545148015022278,0.3219770100589149,0.010000004884204827,0.017320511530155423,0.45296183601021767,4.830682277679443
E081_box023_p2_legobj,box023_person2_legobj,23,0.46,0.4000007999999999,32,0.01639872418484003,0.10608910540400529,0.7825039625167847,0.7825039625167847,0.7787862420082092,0.3231641955659225,0.2816483081943515,0.2816483081943515,0.288610909335576,0.2758109237759014,0.2758109237759014,0,0,0,0,0,0,0.07633197903376093,0.0011888334780238083,0.000837037231540432,0.0008365260762776862,-0.2456563115119934,0.2456563115119934,0.30940906869352497,0.010000001930166036,0.017320508637920867,0.47406938672065735,5.151119232177734
E081_box023_p2_legobj,box023_person2_legobj,24,0.48,0.41666749999999986,32,0.016420950520980436,0.1141123780870844,0.7820638418197632,0.7820638418197632,0.775929868221283,0.30905328098413165,0.26881386275790714,0.26881386275790714,0.27370923220434035,0.25474696327950125,0.25474696327950125,0,0,0,0,0,0,0.07928254657839641,0.0014289762619023177,0.0011589436645373671,0.0005605364091886585,-0.25987428426742554,0.25987428426742554,0.32796328798557434,0.010000002990636858,0.01732051072465648,0.49247899651527405,5.4641923904418945
E081_box023_p2_legobj,box023_person2_legobj,25,0.5,0.43333419999999984,32,0.01638929654705566,0.11979343769592875,0.7807556986808777,0.7807556986808777,0.7707924246788025,0.2938234737498561,0.25446371502917475,0.25446371502917475,0.25295913523814145,0.22823223290417421,0.22823223290417421,0,0,0,0,0,0,0.08083055544153467,0.00175400257650421,0.0014097978132111126,0.0007419742653711036,-0.2544823884963989,0.2544823884963989,0.3211657561370502,0.010000001784646884,0.01732051037704198,0.5138247013092041,5.7015299797058105
E081_box023_p2_legobj,box023_person2_legobj,26,0.52,0.4500008999999998,32,0.016352543841434506,0.1259270360431104,0.7786350846290588,0.7786350846290588,0.7654324769973755,0.2782273528799392,0.23817991677150702,0.23817991677150702,0.23278710544571032,0.20155666727918264,0.20155666727918264,0,0,0,0,0,0,0.08124326018194789,0.0021987070736420866,0.001532717119108566,0.0007654605788215073,-0.24659013748168945,0.24659013748168945,0.32836978396719313,0.009999999791034497,0.01732050507566265,0.5323867797851562,5.870459079742432
E081_box023_p2_legobj,box023_person2_legobj,27,0.54,0.4666675999999998,32,0.016341898126526373,0.12375023314428252,0.7755827903747559,0.7755827903747559,0.7575854659080505,0.26250910886935297,0.2202644364952896,0.2202644364952896,0.21041665891001482,0.16787702803556023,0.16787702803556023,0,0,0,0,0,0,0.08040927077922277,0.0026461243354360536,0.0015939556323036352,0.0009312991628526816,-0.2360774278640747,0.2360774278640747,0.33045183562276503,0.009999997993872967,0.01732050301308151,0.5552418231964111,6.010726451873779
E081_box023_p2_legobj,box023_person2_legobj,28,0.56,0.4833342999999998,32,0.01633402485021572,0.12196356116076391,0.7716450095176697,0.7716450095176697,0.7494733929634094,0.24699144703294618,0.2010066735492459,0.2010066735492459,0.19161241682874705,0.13474535723577488,0.13474535723577488,0,0,0,0,0,0,0.078496927988982,0.003118993196321973,0.0015815666990238438,0.0004197808363797042,-0.22982048988342285,0.22982048988342285,0.3437359776932761,0.010000002395827323,0.01732051088953666,0.5749562382698059,6.134768962860107
E081_box023_p2_legobj,box023_person2_legobj,29,0.58,0.5000009999999998,32,0.016322583915606703,0.12165606227176255,0.7669951915740967,0.7669951915740967,0.7432520985603333,0.2317035595877428,0.18072697285000955,0.18072697285000955,0.17489020131310562,0.1068412527616492,0.1068412527616492,0,0,0,0,0,0,0.07575777149593357,0.0037160564959289877,0.0016117766780455556,0.0005593577036061781,-0.21276402473449707,0.21276402473449707,0.3581965814757749,0.01000000374915544,0.017320510578679525,0.5771382451057434,6.189248561859131
E081_box023_p2_legobj,box023_person2_legobj,30,0.6,0.5166676999999998,32,0.016311282231198057,0.1223541815297748,0.7618153691291809,0.7618153691291809,0.7372496128082275,0.21684603914866343,0.15967986720824234,0.15967986720824234,0.1613410510068655,0.08167325709258332,0.08167325709258332,0,0,0,0,0,0,0.0725666134226283,0.0045253627844463115,0.0015681097738364368,0.0005410892869301896,-0.19947075843811035,0.19947075843811035,0.39746996894486325,0.010000002337619662,0.017320510620687072,0.5746750235557556,6.200434684753418
E081_box023_p2_legobj,box023_person2_legobj,31,0.62,0.5333343999999999,32,0.01632862678472622,0.12024830802695105,0.7563436627388,0.7563436627388,0.7318674325942993,0.20226648317712867,0.13867751164929965,0.13867751164929965,0.1477714909320113,0.059108466498514194,0.059108466498514194,0,0,0,0,0,0,0.0689419146966366,0.005627636531141421,0.0016087198526272136,0.0005697316495594342,-0.17379522323608398,0.21641963720321655,0.4244572009706959,0.0100000016100239,0.01732051031823109,0.5701459646224976,6.125518321990967
E081_box023_p2_legobj,box023_person2_legobj,32,0.64,0.5500010999999999,32,0.01634962200725609,0.11810772561773787,0.750837504863739,0.750837504863739,0.7265628576278687,0.18778057207424215,0.11826173623606459,0.11826173623606459,0.136887412322271,0.04370359306882716,0.04370359306882716,0,0,0,0,1,1,0.06506201681344875,0.00713011004441947,0.0016443926126336673,0.0008420789426232406,-0.15044963359832764,0.2662397474050522,0.47418722303352884,0.01000000280328095,0.017320507570924036,0.5632697343826294,6.004055976867676
E081_box023_p2_legobj,box023_person2_legobj,33,0.66,0.5666677999999999,32,0.016619522560064784,0.12345815076082332,0.7453833818435669,0.7453833818435669,0.718214213848114,0.1731191654967773,0.0999174127204249,0.0999174127204249,0.12163494836196873,0.03417460368935033,0.03417460368935033,0,0,0,0,1,1,0.06073887834279255,0.00893616545344686,0.0018048673188899335,0.012225049770218691,-0.1139833927154541,0.2867773473262787,0.498934803880482,0.009999999590945663,0.017320506987015646,0.5478891134262085,5.772119522094727
E081_box023_p2_legobj,box023_person2_legobj,34,0.68,0.5833345,32,0.016942530922199432,0.13059219329524036,0.7400141358375549,0.7400141358375549,0.7094562649726868,0.1584270995717563,0.08472133202950581,0.08472133202950581,0.1076762273929017,0.02712362234735169,0.02712362234735169,0,0,0,0,1,1,0.05596597388938382,0.011005737257875542,0.0019636577591074546,0.014299161151169052,-0.08766710758209229,0.31578195095062256,0.5539784355316293,0.00999999840860255,0.01732050463038033,0.5307598114013672,5.603854179382324
E081_box023_p2_legobj,box023_person2_legobj,35,0.7,0.6000012,32,0.01674299329229287,0.13528971059298334,0.7347299456596375,0.7347299456596375,0.708635151386261,0.14337662658337655,0.0715924044331813,0.0715924044331813,0.09440325315478335,0.024044690915358345,0.024044690915358345,0,0,0,0,1,1,0.05041922593615116,0.013293941031055218,0.002171679589179409,0.0018041397778245155,-0.057854294776916504,0.31623637676239014,0.5780891587223267,0.010000001319895091,0.01732050950380568,0.5013757944107056,5.564373016357422
E081_box023_p2_legobj,box023_person2_legobj,36,0.72,0.6166679,32,0.016495469421464088,0.13967435921228646,0.7297057509422302,0.7297057509422302,0.7089574933052063,0.12895406267556794,0.05820841701555715,0.05820841701555715,0.081234340040691,0.023019049816707965,0.023019049816707965,0,0,0,0,1,1,0.04409091575209178,0.015883684716062586,0.002431994652111272,0.000600007307258899,-0.041632652282714844,0.3258267045021057,0.6285636420069441,0.009999999791034497,0.017320506760698868,0.4716625213623047,5.472506999969482
E081_box023_p2_legobj,box023_person2_legobj,37,0.74,0.6333346000000001,32,0.016466956484362895,0.1411123468827677,0.7247540354728699,0.7247540354728699,0.7071471214294434,0.1140964563473886,0.043242843868039116,0.043242843868039116,0.07735210215358737,0.021337115209333214,0.021337115209333214,0,1,1,0,1,1,0.03716700889245696,0.018649504957958023,0.0025626624964410188,0.009548251122459377,-0.026919841766357422,0.33844542782753706,0.6564403376865576,0.01000000222120434,0.017320508686229818,0.434722900390625,5.36596155166626
E081_box023_p2_legobj,box023_person2_legobj,38,0.76,0.6500013000000001,32,0.01703613456440435,0.14195694344116952,0.7205561995506287,0.7205561995506287,0.7050085663795471,0.10359993325629864,0.0372419153840535,0.0372419153840535,0.07620939633105292,0.019973082225058076,0.019973082225058076,0,1,1,0,1,1,0.03118018228916509,0.02216471319960807,0.002657776813842019,0.010935969883778006,-0.017695069313049316,0.3677604105323553,0.7005819529947626,0.00999999832129106,0.01732050330923629,0.3979722261428833,5.393374919891357
E081_box023_p2_legobj,box023_person2_legobj,39,0.78,0.6666680000000001,32,0.0170895212477499,0.13785945196097119,0.71638023853302,0.71638023853302,0.700198769569397,0.09737367939462602,0.03576423406704088,0.03576423406704088,0.07515680522922955,0.019712268933304987,0.019712268933304987,0,1,1,0,1,1,0.025798894643911996,0.025528257985746636,0.0023242074234309214,0.0019766947325231695,-0.017307519912719727,0.3887776406481862,0.7127070790161063,0.00999999832129106,0.01732050330923629,0.3535435199737549,5.370706081390381
E081_box023_p2_legobj,box023_person2_legobj,40,0.8,0.6833347000000002,32,0.01832944380550149,0.13279356041185825,0.7118417024612427,0.7118417024612427,0.6949513554573059,0.09486405545245294,0.03800445919383588,0.03800445919383588,0.07474448433579364,0.01959898204858138,0.01959898204858138,0,1,1,0,1,1,0.020883003597533895,0.02825339503508939,0.002003381787631112,0.0006446684198401021,-0.025760293006896973,0.40088986326009035,0.7173928289289607,0.00999999832129106,0.01732050384693557,0.31167399883270264,5.359689712524414
E081_box023_p2_legobj,box023_person2_legobj,41,0.82,0.7000014000000002,32,0.02080710355702739,0.12877034292774486,0.7076196074485779,0.7076196074485779,0.6907243132591248,0.0920646433063387,0.04058696147805688,0.04058696147805688,0.07401625099481582,0.01943236266448679,0.01943236266448679,0,1,1,0,1,1,0.017244762944947208,0.030765266293748317,0.0015327827677439915,0.0006700891257096117,-0.023319482803344727,0.40646260883659124,0.704913001241256,0.010000000009313226,0.017320504637206694,0.2965819537639618,5.068342685699463
E081_box023_p2_legobj,box023_person2_legobj,42,0.84,0.7166681000000003,32,0.022544965760575353,0.12448964874980571,0.7036826610565186,0.7036826610565186,0.6866747140884399,0.08946751519399068,0.04395953073896933,0.04395953073896933,0.0735790625831351,0.019159450430516832,0.019159450430516832,0,1,1,0,1,1,0.014725016752768771,0.03275158132591218,0.001351718411237304,0.0006535019153482667,0.001941084861755371,0.41489515267312527,0.6837271036418829,0.010000001006119419,0.017320504274102824,0.2944381386041641,4.607166290283203
E081_box023_p2_legobj,box023_person2_legobj,43,0.86,0.7333348000000003,32,0.02347060754416078,0.12025083292247435,0.6999279260635376,0.6999279260635376,0.6838997602462769,0.0866601623206065,0.04723427323473564,0.04723427323473564,0.07303904059647495,0.019493984499112098,0.019493984499112098,0,1,1,0,1,1,0.01304222217462326,0.034081418581575665,0.0012322407420108181,0.0006266001698448006,0.025542259216308594,0.40439340099692345,0.6553405162136521,0.009999997855629772,0.017320501723443328,0.2875799536705017,3.9777073860168457
E081_box023_p2_legobj,box023_person2_legobj,44,0.88,0.7500015000000003,32,0.0235227136691579,0.11563239775782691,0.696428656578064,0.696428656578064,0.6813596487045288,0.08359483685117494,0.04998641736096074,0.04998641736096074,0.07258450275257913,0.019930751359521076,0.019930751359521076,0,1,1,0,1,1,0.012184506819811383,0.03470405916154608,0.0013070728451203366,0.0006118086150701975,0.0589524507522583,0.3789157532155514,0.6004184568027114,0.009999999485444278,0.01578279963025536,0.27906500920653343,3.3643360137939453
E081_box023_p2_legobj,box023_person2_legobj,45,0.9,0.7666682000000004,32,0.022786881315869374,0.11110214758246702,0.6933397650718689,0.6933397650718689,0.6800723075866699,0.08184018628034864,0.052457782185700456,0.052457782185700456,0.07261481041162923,0.020240997619869694,0.020240997619869694,0,1,1,0,1,1,0.012005025399778248,0.03474096013683762,0.001259638135094525,3.88940194794413e-05,0.09820342063903809,0.35132037848234177,0.569983132680648,0.010000001871958375,0.015782802078049857,0.2866675481200218,2.898254871368408
E081_box023_p2_legobj,box023_person2_legobj,46,0.92,0.7833349000000004,32,0.022106650790876523,0.10640976296860878,0.6907966136932373,0.6907966136932373,0.6790288090705872,0.08131524324886011,0.054226884566238684,0.054226884566238684,0.07256606912296557,0.0203797238107897,0.0203797238107897,0,1,1,0,1,1,0.012390363511394158,0.034220287505004617,0.0013400414318402048,8.753656143119007e-05,0.16706085205078125,0.3190837651491165,0.5397836475065623,0.010000003967434168,0.01732051138522842,0.28752027451992035,2.459185838699341
E081_box023_p2_legobj,box023_person2_legobj,47,0.94,0.8000016000000004,32,0.022244681865297076,0.1015070193382283,0.6886479258537292,0.6886479258537292,0.6822161674499512,0.08112068252430868,0.05474005551377492,0.05474005551377492,0.07320677050008675,0.020818823277583443,0.020818823277583443,0,1,1,0,1,1,0.013001235620938703,0.03310422943975659,0.0013438805728014538,0.00012669044850121747,0.2255396842956543,0.273905448615551,0.5141338961733541,0.01000000350177288,0.017320511586865747,0.28399094194173813,2.260239362716675
E081_box023_p2_legobj,box023_person2_legobj,48,0.96,0.8166683000000005,32,0.024976708393312723,0.09739594048272004,0.6867642402648926,0.6867642402648926,0.6862722635269165,0.0811201194092395,0.053903665697595804,0.053903665697595804,0.07387247203036465,0.021547350955825967,0.021547350955825967,0,1,1,0,1,1,0.013495029014245985,0.03147063803747717,0.0014126957128075812,0.00010939534723965674,0.2812451124191284,0.2812451124191284,0.4972371739914774,0.010000001173466444,0.01732050876394488,0.2727981209754944,1.958839774131775
E081_box023_p2_legobj,box023_person2_legobj,49,0.98,0.8333350000000005,32,0.028106799565347916,0.09332107735093217,0.6851174831390381,0.6851174831390381,0.6884740591049194,0.08212116123907862,0.05266585743806773,0.05266585743806773,0.07425362810017508,0.02114848392901708,0.02114848392901708,0,1,1,0,1,1,0.013774092140628039,0.029454481769591243,0.0014384182486870943,0.0002120950349097476,0.3197476863861084,0.3197476863861084,0.49440279821214406,0.01000000024214387,0.017320502445979043,0.24015317484736443,1.5848668813705444
E081_box023_p2_legobj,box023_person2_legobj,50,1.0,0.8500017000000005,32,0.03216347042692208,0.08922583914634674,0.683685839176178,0.683685839176178,0.6902748942375183,0.08418703957783799,0.051737415687468265,0.051737415687468265,0.07466614647155781,0.020423096348719555,0.020423096348719555,0,1,1,0,1,1,0.013474437731683275,0.027244791540374153,0.001450885517221869,0.0002696675832041808,0.3554995059967041,0.3554995059967041,0.5139218427513179,0.010000020265579224,0.017320519854015573,0.20013123005628586,1.5632941722869873
E081_box023_p2_legobj,box023_person2_legobj,51,1.02,0.8666684000000006,32,0.04622778216692303,0.08736488816490949,0.6825571656227112,0.6825571656227112,0.690987229347229,0.08717210696629749,0.05116872565595855,0.05116872565595855,0.07511826961865811,0.022034069563211245,0.022034069563211245,0,1,1,0,1,1,0.012560936702012075,0.024860787128840163,0.0011858697425747397,0.0004501634606646493,0.4065682888031006,0.4065682888031006,0.5603539850717381,0.010000031441450119,0.017320525079778964,0.24557822942733765,1.962491512298584
E081_box023_p2_legobj,box023_person2_legobj,52,1.04,0.8833351000000006,32,0.06418067826339435,0.08564655275685874,0.6816105842590332,0.6816105842590332,0.691452145576477,0.09036037247600395,0.051038934578072195,0.051038934578072195,0.07556472382033155,0.024114820951532556,0.024114820951532556,0,1,1,0,1,1,0.010972276134847733,0.022230848959324777,0.0009017147342854225,0.00045460730394704125,0.44213783740997314,0.44213783740997314,0.6065079446335787,0.009999999310821295,0.01732049236413596,0.3063730001449585,2.293226718902588
E081_box023_p2_legobj,box023_person2_legobj,53,1.06,0.9000018000000006,32,0.07659473002819284,0.08378604489524731,0.6807826161384583,0.6807826161384583,0.6940555572509766,0.0933469525730303,0.05182606039293201,0.05182606039293201,0.07615572036760346,0.02383014493354177,0.02383014493354177,0,1,1,0,1,1,0.008431544201036478,0.019397583560679964,0.0009119790525594022,0.002763735415190085,0.46421611309051514,0.46421611309051514,0.6469337826145256,0.01000002771615982,0.017320521668745516,0.35285651683807373,2.511235475540161
E081_box023_p2_legobj,box023_person2_legobj,54,1.08,0.9166685000000007,32,0.08675654061028913,0.08159319040219769,0.6797930002212524,0.6797930002212524,0.6971690654754639,0.09551735088578914,0.053335047044633405,0.053335047044633405,0.07754561959630027,0.022967590669657076,0.022967590669657076,0,1,1,0,1,1,0.004489173591894852,0.016249140319226488,0.001010245670892948,0.0032715529383792108,0.4777747392654419,0.4777747392654419,0.6877187428147022,0.010000020265579224,0.01732051548543563,0.3939517140388489,2.615802526473999
E081_box023_p2_legobj,box023_person2_legobj,55,1.1,0.9333352000000007,32,0.10472719666071657,0.07720095620829394,0.6790238618850708,0.6790238618850708,0.700278103351593,0.09681379293404915,0.055597917433035916,0.055597917433035916,0.07904422891114662,0.021654203786330813,0.021654203786330813,0,1,1,0,1,1,-0.00032982877847036185,0.01329617369637083,0.0008690692727238272,0.007161275230654466,0.4786480665206909,0.4786480665206909,0.7128994231231588,0.010000050067901611,0.017320529196610222,0.4353012144565582,2.6261301040649414
E081_box023_p2_legobj,box023_person2_legobj,56,1.12,0.9500019000000007,32,0.12320609535613536,0.07228738824905222,0.6806720495223999,0.6806720495223999,0.7033860683441162,0.09899643382401427,0.05799468037546541,0.05799468037546541,0.08092292423807548,0.02043533346130913,0.02043533346130913,0,1,1,0,1,1,-0.0019119395626554722,0.01203923674585116,0.000808474916922076,0.008685962573471148,0.47929298877716064,0.47929298877716064,0.7351114151238085,0.01000000536441803,0.017320502311563343,0.4744068682193756,2.635322332382202
E081_box023_p2_legobj,box023_person2_legobj,57,1.14,0.9666686000000008,32,0.1440653410939574,0.06885743173795389,0.6830114722251892,0.6830114722251892,0.7080674171447754,0.1010157956473122,0.06019833768958374,0.06019833768958374,0.08144819807199957,0.02193808461168445,0.02193808461168445,0,1,1,0,1,1,-0.0025989566423985783,0.010937708543149377,0.0015705292476510505,0.008431775460535662,0.4514474868774414,0.4514474868774414,0.742945994456789,0.010000109672546387,0.01732057328809004,0.5053147077560425,2.5953481197357178
E081_box023_p2_legobj,box023_person2_legobj,58,1.16,0.9833353000000008,32,0.1645194993977434,0.06808888745618774,0.6852443814277649,0.6852443814277649,0.7131604552268982,0.10339963882112244,0.06260401140180297,0.06260401140180297,0.08352831076305353,0.023736691426176015,0.023736691426176015,0,1,1,0,1,1,-0.0036021674563673917,0.008161164867496795,0.01200991484499756,0.00852444895216219,0.4192160367965698,0.4192160367965698,0.75482084551283,0.01000000536441803,0.01732050446236043,0.5328772515058517,2.8431553840637207
E081_box023_p2_legobj,box023_person2_legobj,59,1.18,1.0000020000000007,32,0.17392520106071155,0.06482270003239515,0.6881371140480042,0.6881371140480042,0.7186964750289917,0.10591609562541107,0.06373756320164212,0.06373756320164212,0.08513358975354327,0.024352807856570263,0.024352807856570263,0,1,1,0,1,1,-0.0033374080926686783,0.007232415790014039,0.004343468854334097,0.019908586385035704,0.3719048500061035,0.3719048500061035,0.7532575341155848,0.010000035166740417,0.017320521668828914,0.5419671833515167,2.4647629261016846
E081_box023_p2_legobj,box023_person2_legobj,60,1.2,1.0166687000000008,32,0.17965620373600363,0.061414829577853436,0.6910499930381775,0.6910499930381775,0.7243537306785583,0.10920083422136193,0.06489734062975507,0.06489734062975507,0.08728500623577731,0.024733852035404874,0.024733852035404874,0,1,1,0,1,1,-0.002823827936686431,0.006890847099122091,0.002246002201717842,0.022977384420353318,0.29855620861053467,0.34341416507959366,0.7379876521926626,0.010000064969062805,0.01732056038315367,0.5455583706498146,2.435450553894043
E081_box023_p2_legobj,box023_person2_legobj,61,1.22,1.0333354000000008,32,0.17979197332007363,0.05918826192805877,0.6937474608421326,0.6937474608421326,0.7273430228233337,0.11214001460743209,0.06542443889687413,0.06542443889687413,0.0889413740691016,0.024640315624328307,0.024640315624328307,0,1,1,0,1,1,-0.002356018087228892,0.006772642647238883,0.0016395602008900442,0.036005265559735086,0.259407639503479,0.37220607697963715,0.7669867303896315,0.01000000536441803,0.017320489407035598,0.5403503626585007,2.360283613204956
E081_box023_p2_legobj,box023_person2_legobj,62,1.24,1.0500021000000008,32,0.17866916928382623,0.05916552246380823,0.6952551603317261,0.6952551603317261,0.7295700907707214,0.11614834031998025,0.06517115126917745,0.06517115126917745,0.09203511093276476,0.02461513867385942,0.02461513867385942,0,1,1,0,1,1,-0.0026256682106128304,0.004751737233404087,0.00885191845601143,0.03963906404331655,0.20316004753112793,0.36400823667645454,0.72257216223985,0.010000139474868774,0.017320590494668036,0.5334037728607655,2.291771411895752
E081_box023_p2_legobj,box023_person2_legobj,63,1.26,1.0666688000000009,32,0.19265077625788582,0.057344463615320786,0.6972813010215759,0.6972813010215759,0.7300159931182861,0.12057560678861576,0.06565240268770857,0.06565240268770857,0.09337178677082095,0.027845105592868097,0.027845105592868097,0,1,1,0,1,1,-0.002492794920434603,0.004746804787111196,0.0029892888169571114,0.0346881278132359,0.1723994016647339,0.38160266214981675,0.7465335684044242,0.010000020265579224,0.01732049155761355,0.5390735440887511,2.1006131172180176
E081_box023_p2_legobj,box023_person2_legobj,64,1.28,1.083335500000001,32,0.21066300160161044,0.05689095071337453,0.6996389031410217,0.6996389031410217,0.7299309372901917,0.1250341224750228,0.06630254474324486,0.06630254474324486,0.09546582995467626,0.03270607868861519,0.03270607868861519,0,1,1,0,1,1,-0.002303221122933137,0.005734650248327103,0.0032511246155138398,0.032969993199188675,0.11813342571258545,0.37993063405156136,0.7408118634401656,0.010000020265579224,0.01732049585920093,0.5482492037117481,2.0835134983062744
E081_box023_p2_legobj,box023_person2_legobj,65,1.3,1.100002200000001,32,0.21965886744396462,0.06130996258686526,0.7012957334518433,0.7012957334518433,0.7291261553764343,0.12856191904419353,0.06604999514286865,0.06604999514286865,0.0960878161213197,0.03399518281292738,0.03399518281292738,0,1,1,0,1,1,-0.0024452245068969855,0.005106252235663279,0.011584589674125439,0.034759475182130205,0.09420764446258545,0.3841932751238346,0.7509869805373018,0.009999997913837433,0.017320465748142718,0.5345621146261692,2.187037706375122
E081_box023_p2_legobj,box023_person2_legobj,66,1.32,1.116668900000001,32,0.22553857570771166,0.0682804179077042,0.702433168888092,0.702433168888092,0.7280977368354797,0.13044117340993036,0.06619263019272263,0.06619263019272263,0.09654933637219906,0.03432258389533793,0.03432258389533793,0,1,1,0,1,1,-0.0026433232251488747,0.0034504956839002746,0.018527407123887663,0.034979445761894115,0.08537697792053223,0.39197055995464325,0.7715849454542932,0.009999990463256836,0.01732047865281108,0.5162360221147537,2.466249465942383
E081_box023_p2_legobj,box023_person2_legobj,67,1.34,1.133335600000001,32,0.23042755323843847,0.075130628633117,0.7032654881477356,0.7032654881477356,0.7279718518257141,0.13068722342155278,0.066734549220538,0.066734549220538,0.09702490972447089,0.034837887155574926,0.034837887155574926,0,1,1,0,1,1,-0.002754486699407359,0.0015181964234079748,0.023504928625696482,0.034957316240286966,0.06938385963439941,0.3850516080856323,0.7640052475275514,0.009999997913837433,0.01732045284344842,0.4997819662094116,2.710059404373169
E081_box023_p2_legobj,box023_person2_legobj,68,1.36,1.150002300000001,32,0.2348599063844702,0.08059979394362068,0.7060769200325012,0.7060769200325012,0.7281380295753479,0.1283380120326155,0.06993626670830834,0.06993626670830834,0.0980500670041082,0.035620774721866894,0.035620774721866894,0,0,0,0,1,1,-0.002015632055341443,0.00301283683425433,0.007793897662135877,0.034650463991772136,0.07412678003311157,0.3930584415793419,0.7492314161844273,0.01000000536441803,0.017320465748094545,0.4861842319369316,2.6753525733947754
E081_box023_p2_legobj,box023_person2_legobj,69,1.38,1.166669000000001,32,0.24092647460683211,0.08962050736772716,0.7080234289169312,0.7080234289169312,0.7268609404563904,0.12448982274233847,0.06991371312948401,0.06991371312948401,0.09917796626095507,0.03758716688036656,0.03758716688036656,0,0,0,0,1,1,-0.001774791867475721,0.0028143207892728714,0.014214138976102894,0.011485739715310965,0.06377530097961426,0.3659066706895828,0.7161330782806483,0.010000079870223999,0.017320577589569775,0.46623291075229645,2.9995954036712646
E081_box023_p2_legobj,box023_person2_legobj,70,1.4,1.183335700000001,32,0.24763958890776985,0.1009528561865431,0.7094976902008057,0.7094976902008057,0.7250980138778687,0.12039961241687172,0.06874183980711016,0.06874183980711016,0.10249220539593704,0.03982554778740116,0.03982554778740116,0,0,0,0,1,1,-0.00136747418089056,0.002046506712077109,0.017478219398238154,0.0066525494087086474,0.07011914253234863,0.3258527144789696,0.6783825388011153,0.01000000536441803,0.01433765357120374,0.4433712288737297,3.2298693656921387
E081_box023_p2_legobj,box023_person2_legobj,71,1.42,1.2000024000000011,32,0.251535837012503,0.1117803642484833,0.7103336453437805,0.7103336453437805,0.7277852296829224,0.11726987496596661,0.06712452464601999,0.06712452464601999,0.1029169994351106,0.04042307597101724,0.04042307597101724,0,0,0,0,1,1,-0.0007625449532051298,0.0005974846103201023,0.01774398985031898,0.004651094019874156,0.06955915689468384,0.2931671515107155,0.6451755938085001,0.010000035166740417,0.014337705536254363,0.4124458059668541,3.314453601837158
E081_box023_p2_legobj,box023_person2_legobj,72,1.44,1.2166691000000012,32,0.25446876730717044,0.12142398215140139,0.7117179036140442,0.7117179036140442,0.732029914855957,0.11544743391632148,0.06730801405079534,0.06730801405079534,0.1024189088337498,0.04055210967064976,0.04055210967064976,0,0,0,0,1,1,0.0006272253046336954,-0.0007591987372062292,0.004183431178327467,0.003844846178967962,0.06353390216827393,0.3055188059806824,0.627472331148259,0.009999960660934448,0.017320405525696313,0.37889014184474945,3.1112148761749268
E081_box023_p2_legobj,box023_person2_legobj,73,1.46,1.2333358000000012,32,0.25769489507138604,0.128929974952336,0.7133631706237793,0.7133631706237793,0.7377729415893555,0.11583481064227849,0.0676341827734026,0.0676341827734026,0.10162028465239917,0.04108963970419793,0.04108963970419793,0,0,0,0,1,1,0.0027310305336912186,-0.0021237545656337814,0.0014272502308872858,0.001249145361007592,0.07116734981536865,0.3129865601658821,0.621022573922818,0.009999990463256836,0.017320328097925726,0.340549573302269,3.228348731994629
E081_box023_p2_legobj,box023_person2_legobj,74,1.48,1.2500025000000012,32,0.26094552676548993,0.13581636026228733,0.7164689302444458,0.7164689302444458,0.744060754776001,0.11851102234888375,0.06808837554345294,0.06808837554345294,0.10070310027029719,0.04201560339700372,0.04201560339700372,0,0,0,0,1,1,0.006194896688852043,-0.0021322537487696164,0.0009335980785726064,0.000883508280415677,0.08823680877685547,0.31265565007925034,0.6142324861367375,0.010000079870223999,0.017320620605486996,0.3130727931857109,3.248300313949585
E081_box023_p2_legobj,box023_person2_legobj,75,1.5,1.2666692000000013,32,0.2619408489537302,0.1430902056376088,0.7201332449913025,0.7201332449913025,0.7512635588645935,0.12311163237107162,0.06695858326857458,0.06695858326857458,0.10127829119140944,0.04259411691121004,0.04259411691121004,0,0,0,0,1,1,0.010005405601153483,-0.002085255259048152,0.0005165213651949554,0.0006655689620849049,0.0978357195854187,0.3022421821951866,0.6123416928454609,0.010000094771385193,0.017320568986559957,0.31506962329149246,3.1204445362091064
E081_box023_p2_legobj,box023_person2_legobj,76,1.52,1.2833359000000013,32,0.26204257852859686,0.15048995538624207,0.7242819666862488,0.7242819666862488,0.758811891078949,0.12874737666609112,0.06354937667165293,0.06354937667165293,0.1025150219915483,0.043258337678735354,0.043258337678735354,0,0,0,0,1,1,0.013050392245170385,-0.0021647336525908653,0.0006777514322276717,0.0005861581202717909,0.11368101835250854,0.31129856407642365,0.6217623416375377,0.010000109672546387,0.017320620605725763,0.3165938928723335,2.830831289291382
E081_box023_p2_legobj,box023_person2_legobj,77,1.54,1.3000026000000013,32,0.2643601696606649,0.15696500288789678,0.7288599014282227,0.7288599014282227,0.764575183391571,0.13444440057446236,0.05837904177826318,0.05837904177826318,0.10417780992821121,0.04431667667547509,0.04431667667547509,0,0,0,0,1,1,0.014956478528914081,-0.002417395120648279,0.0009294341931390297,0.004098638267546003,0.12278801202774048,0.3346594348549843,0.620361232978406,0.01000012457370758,0.017320551780449785,0.3176601454615593,2.512101173400879
E081_box023_p2_legobj,box023_person2_legobj,78,1.56,1.3166693000000014,32,0.267483346346141,0.1628526317141326,0.7339581847190857,0.7339581847190857,0.769639253616333,0.1384985292950606,0.05284163998651931,0.05284163998651931,0.10660196518670098,0.04592888383602778,0.04592888383602778,0,1,1,0,1,1,0.01545481911683743,-0.002704934224001143,0.0007355138830650078,0.00514421011636377,0.12132865190505981,0.3600447215139866,0.6298619885815295,0.010000109672546387,0.01732050876452669,0.316833920776844,2.3237860202789307
E081_box023_p2_legobj,box023_person2_legobj,79,1.58,1.3333360000000014,32,0.270397506765458,0.1649146466819356,0.7399676442146301,0.7399676442146301,0.7723785042762756,0.14111024806693348,0.051036396475209925,0.051036396475209925,0.1084987926975908,0.04685847274599292,0.04685847274599292,0,1,1,0,1,1,0.015573035335244428,-0.0022764825594071697,0.0004307337809343554,0.006000983075509891,0.12405771017074585,0.37004401814192533,0.635599843898346,0.010000020265579224,0.017320422732324755,0.314267098903656,2.3510310649871826
E081_box023_p2_legobj,box023_person2_legobj,80,1.6,1.3500027000000014,32,0.27302462710623865,0.16522139375599837,0.7464073300361633,0.7464073300361633,0.7741732597351074,0.14088197445829856,0.05061660853657554,0.05061660853657554,0.11050011639884169,0.04773970248257184,0.04773970248257184,0,1,1,0,1,1,0.015109648720842896,-0.001628369805696847,0.0004995605640324861,0.007327912119769997,0.10767638683319092,0.3684579748660326,0.6163494261204971,0.010000079870223999,0.017320560383411662,0.3096058964729309,2.4711265563964844
E081_box023_p2_legobj,box023_person2_legobj,81,1.62,1.3666694000000015,32,0.2770304270245243,0.16953595983301817,0.7528836727142334,0.7528836727142334,0.7748715877532959,0.1380542088296887,0.05077935581730328,0.05077935581730328,0.11241189820994077,0.04593910930309783,0.04593910930309783,0,1,1,0,1,1,0.014529898262509618,-0.0009469758079084095,0.001524813168716086,0.01126128086572845,0.09664860367774963,0.3635985404253006,0.6359178568616707,0.010000050067901611,0.017320422732592367,0.3055756762623787,2.538084030151367
E081_box023_p2_legobj,box023_person2_legobj,82,1.64,1.3833361000000015,32,0.28160655549581437,0.17518893063173638,0.7588521242141724,0.7588521242141724,0.7751083374023438,0.13174909264956655,0.0513775089733559,0.0513775089733559,0.11460759903196197,0.04317336571413677,0.04317336571413677,0,1,1,0,1,1,0.013539469888297427,-0.00037553051621019157,0.002878825962870754,0.013284785182252989,0.07893151044845581,0.3206879124045372,0.6657538158822027,0.01000019907951355,0.017320560384591076,0.30302833765745163,2.5367612838745117
E081_box023_p2_legobj,box023_person2_legobj,83,1.66,1.4000028000000015,32,0.28054376416332344,0.17970396353160384,0.7640548944473267,0.7640548944473267,0.7745996713638306,0.12370086324672622,0.051879975943341386,0.051879975943341386,0.11504838307732138,0.041448801554324705,0.041448801554324705,0,0,0,0,1,1,0.012882918678284457,1.0902028729893598e-05,0.004037298081926445,0.004203696592609117,0.06348824501037598,0.3148982673883438,0.686036493250326,0.009999990463256836,0.017320422732746206,0.3022426888346672,2.6719422340393066
E081_box023_p2_legobj,box023_person2_legobj,84,1.68,1.4166695000000016,32,0.27710050460688823,0.18327634877443327,0.7682769298553467,0.7682769298553467,0.7737659215927124,0.11524185957528396,0.052095391670088434,0.052095391670088434,0.116903077676796,0.04066389350355107,0.04066389350355107,0,0,0,0,1,1,0.012640827952454324,0.00037464527218718235,0.00486626924316727,0.006023492393485553,0.023835718631744385,0.3158525750041008,0.7010059110580826,0.010000020265579224,0.017320405526341714,0.30336344987154007,2.6532840728759766
E081_box023_p2_legobj,box023_person2_legobj,85,1.7,1.4333362000000016,32,0.27811881696093754,0.1890062878043689,0.7715587019920349,0.7715587019920349,0.7734153270721436,0.10701713137149207,0.05185170408692475,0.05185170408692475,0.0928171559666067,0.04053889838578978,0.04053889838578978,0,1,1,0,1,1,0.013046008511693283,0.0007826254745522607,0.005322602359821472,0.008876264084116623,0.017207860946655273,0.3427126333117485,0.7003600995419688,0.00999993085861206,0.017320285081390614,0.3068908080458641,2.503133773803711
E081_box023_p2_legobj,box023_person2_legobj,86,1.72,1.4500029000000016,32,0.28108062680586837,0.1955329104315949,0.7739474177360535,0.7739474177360535,0.7732828259468079,0.09759428253499716,0.05283893334899928,0.05283893334899928,0.05967463066328882,0.040379710210853986,0.040379710210853986,0,0,0,1,1,2,0.01354929150243362,0.0015253433527443322,0.005997885547384453,0.011227849515381694,-0.016645491123199463,0.34971237927675247,0.6850781041766999,0.010000139474868774,0.01732066362153094,0.3118582144379616,2.4549753665924072
E081_box023_p2_legobj,box023_person2_legobj,87,1.74,1.4666696000000017,32,0.28090298328091484,0.20474404690340284,0.7755181193351746,0.7755181193351746,0.7737512588500977,0.08874394550332299,0.05369524819087768,0.05369524819087768,0.04912094554127908,0.03937126455324138,0.03937126455324138,0,0,0,1,1,2,0.01389765348400291,0.002573660481438693,0.006114621359300499,0.016377362530616748,-0.010076463222503662,0.3433656692504883,0.671198853098725,0.010000109672546387,0.017320646415134998,0.31338879466056824,2.5487172603607178
E081_box023_p2_legobj,box023_person2_legobj,88,1.76,1.4833363000000017,32,0.2792788211368102,0.2149392992733997,0.7760970592498779,0.7760970592498779,0.7745006084442139,0.08136001874938152,0.05391734676785453,0.05391734676785453,0.04676538424284164,0.039402285616456395,0.039402285616456395,0,0,0,1,1,2,0.013402477135915573,0.003954585219984631,0.006418010340145526,0.021078605454911033,0.005903005599975586,0.29761502146720886,0.6363213222114087,0.010000139474868774,0.01732052597148083,0.3108169734477997,2.9694700241088867
E081_box023_p2_legobj,box023_person2_legobj,89,1.78,1.5000030000000018,32,0.28040401794507963,0.22043775168600907,0.7756378054618835,0.7756378054618835,0.7749725580215454,0.07616551556237351,0.05356096917889685,0.05356096917889685,0.04849909261383255,0.040237463696214885,0.040237463696214885,0,0,0,1,1,2,0.011722572946538216,0.005738238237276726,0.006655736823256869,0.03398473989490862,0.020910680294036865,0.26359035819768906,0.5975478894492618,0.010000139474868774,0.017320663621761694,0.3024160638451576,3.346658706665039
E081_box023_p2_legobj,box023_person2_legobj,90,1.8,1.5166697000000018,32,0.28284754915059973,0.22351331381324094,0.7742633819580078,0.7742633819580078,0.7753103971481323,0.07230318243202964,0.0531409429009083,0.0531409429009083,0.05202382107155953,0.040921652066714505,0.040921652066714505,0,0,0,1,1,2,0.008540956019253747,0.008278798784631107,0.007136984593320259,0.041775777585093425,0.04549765586853027,0.23747673630714417,0.5685646727965367,0.010000169277191162,0.017320698034918945,0.2894941121339798,3.6573750972747803
E081_box023_p2_legobj,box023_person2_legobj,91,1.82,1.5333364000000018,32,0.28547223156452595,0.22785260865986565,0.7715577483177185,0.7715577483177185,0.7742791771888733,0.0687871544571362,0.05230865764978861,0.05230865764978861,0.052061505625697134,0.041990124768807646,0.041990124768807646,0,1,1,1,1,2,0.0035931972353003064,0.011262260941733514,0.007397778603875528,0.04354827647914037,0.053728580474853516,0.2075284719467163,0.5281891626947949,0.010000079870223999,0.017320508764704565,0.2752171456813812,3.9240331649780273
E081_box023_p2_legobj,box023_person2_legobj,92,1.84,1.5500031000000019,32,0.288555745726924,0.23282649473297362,0.7671627998352051,0.7671627998352051,0.7725633978843689,0.06432016626731524,0.05264412560966849,0.05264412560966849,0.05058354320943745,0.0441044927946537,0.0441044927946537,0,0,0,1,1,2,-0.003267884152850717,0.014399923553150382,0.0073216880622514555,0.04526452771286115,0.05954253673553467,0.16342589631676674,0.46505768125840485,0.010000109672546387,0.017320560383821893,0.25731203705072403,4.06820011138916
E081_box023_p2_legobj,box023_person2_legobj,93,1.86,1.5666698000000019,32,0.29300438637817744,0.24207613308824047,0.7672838568687439,0.7672838568687439,0.7692834138870239,0.060162910245210977,0.05205220691801456,0.05205220691801456,0.05109970653816405,0.04647934528453809,0.04647934528453809,1,0,1,1,1,2,-0.0032872617322748376,0.0206065425837517,0.0028605337025298027,0.0588785279258745,0.05414301156997681,0.17908986285328865,0.42146002658820736,0.010000079870223999,0.017320405526522795,0.2540411353111267,4.248562812805176
E081_box023_p2_legobj,box023_person2_legobj,94,1.88,1.583336500000002,32,0.2986578420278388,0.25418695288180543,0.7674310207366943,0.7674310207366943,0.7651948928833008,0.05889504194569133,0.05108539734778021,0.05108539734778021,0.0527935415700193,0.048801593792699466,0.048801593792699466,1,1,2,1,1,2,-0.0020713828031134404,0.023957764163211652,0.009590494922453079,0.06638670395041019,0.09747070074081421,0.1929636485874653,0.4063544437130991,0.010000050067901611,0.01732042273333111,0.309342660009861,4.129950046539307
E081_box023_p2_legobj,box023_person2_legobj,95,1.9,1.600003200000002,32,0.2993023290849024,0.25587621144503286,0.7672210931777954,0.7672210931777954,0.759303629398346,0.0593141702472159,0.05062288781829926,0.05062288781829926,0.05300200026270342,0.05056305786732551,0.05056305786732551,1,1,2,1,0,1,-0.0005164887990323982,0.024838627924663306,0.01784146842764157,0.05864052663845631,0.09124815464019775,0.20131321623921394,0.41419809600433205,0.010000050067901611,0.01732045714569781,0.3597145900130272,3.7854573726654053
E081_box023_p2_legobj,box023_person2_legobj,96,1.92,1.616669900000002,32,0.2984736130851862,0.2506528018248155,0.7688650488853455,0.7688650488853455,0.7524494528770447,0.05895355418119849,0.052528865589875594,0.052528865589875594,0.05289567671444575,0.0521615986393931,0.0521615986393931,1,0,1,1,0,1,0.0016902773172616098,0.03283254506780755,0.008305629945569602,0.053210350607402895,0.06573253870010376,0.2114788182079792,0.4379538620011302,0.010000109672546387,0.017320353908487143,0.41354408860206604,3.698138475418091
E081_box023_p2_legobj,box023_person2_legobj,97,1.94,1.633336600000002,32,0.3023749018944249,0.2508899031987146,0.7695068120956421,0.7695068120956421,0.7456859350204468,0.06025366849166886,0.05339100855556808,0.05339100855556808,0.05160116412678125,0.05306121896847299,0.05160116412678125,1,0,1,1,0,1,0.0036203582688462063,0.03569075132876806,0.021107892629220353,0.05342908638611477,0.04847830533981323,0.24254301935434341,0.46852221825863233,0.010000109672546387,0.017320457145877287,0.44881290197372437,3.1302738189697266
E081_box023_p2_legobj,box023_person2_legobj,98,1.96,1.650003300000002,32,0.309157751754672,0.2540971694533413,0.7692931294441223,0.7692931294441223,0.7389724850654602,0.06195490304772231,0.05405539984185196,0.05405539984185196,0.049667724396130306,0.0533787955230238,0.049667724396130306,1,0,1,1,0,1,0.005033830077713429,0.034272354928516754,0.03284792332490468,0.053670135116047735,0.01852339506149292,0.2985738143324852,0.488145468736142,0.010000228881835938,0.01732073244756715,0.4707382321357727,3.1893391609191895
E081_box023_p2_legobj,box023_person2_legobj,99,1.98,1.666670000000002,32,0.3138107647393697,0.2586489474277224,0.768902063369751,0.768902063369751,0.7335761189460754,0.06375123133710411,0.05405449038777738,0.05405449038777738,0.049425302913203815,0.05490938134077003,0.049425302913203815,1,0,1,1,0,1,0.0064885331874660265,0.03016833984583462,0.04383874789695371,0.05195457278288128,-2.5033950805664062e-05,0.34389220364391804,0.5299617760406775,0.010000288486480713,0.017320560386201552,0.4734192043542862,3.567204713821411
E081_box023_p2_legobj,box023_person2_legobj,100,2.0,1.6833367000000021,32,0.3169071712673578,0.2638592214638749,0.7681958079338074,0.7681958079338074,0.7289301753044128,0.06526616020414808,0.0536314183629806,0.0536314183629806,0.05012073816400379,0.05703479144620094,0.05012073816400379,1,0,1,1,0,1,0.007514102532947653,0.024843049153692717,0.05336353065223421,0.050844950356267564,-0.021445631980895996,0.3669248907826841,0.564291023037068,0.010000169277191162,0.01732069803440616,0.46493154764175415,3.7947490215301514
E081_box023_p2_legobj,box023_person2_legobj,101,2.02,1.7000034000000022,32,0.31690969044561995,0.26911933810430727,0.7669517397880554,0.7669517397880554,0.7245224118232727,0.06638585398594038,0.052272117284281244,0.052272117284281244,0.05005566566545576,0.05705516359715959,0.05005566566545576,1,0,1,1,0,1,0.007825548386619773,0.01935549144480196,0.061800422707906984,0.04970855376311283,-0.042485177516937256,0.3835667558014393,0.5792710892090374,0.009999990463256836,0.017320474351269016,0.44050315767526627,3.818753242492676
E081_box023_p2_legobj,box023_person2_legobj,102,2.04,1.7166701000000022,32,0.31446047909759894,0.27423773785157823,0.7648078203201294,0.7648078203201294,0.7202547192573547,0.06684177353646166,0.05100460147850628,0.05100460147850628,0.04957869320961171,0.05592199612101856,0.04957869320961171,0,0,0,1,0,1,0.00711881344259533,0.014618644814473954,0.06880238853143508,0.048789948641682374,-0.07689696550369263,0.37862107157707214,0.5543392259210534,0.010000109672546387,0.016932101917607818,0.41001958027482033,3.6335816383361816
E081_box023_p2_legobj,box023_person2_legobj,103,2.06,1.7333368000000022,32,0.3122041220702711,0.28163289279523335,0.7616876363754272,0.7616876363754272,0.717529833316803,0.06512712184572528,0.04951139621601531,0.04951139621601531,0.04684388046556317,0.056470456401817665,0.04684388046556317,1,1,2,1,0,1,0.005302364642877949,0.011748652406037355,0.07404947331191307,0.044311841951514344,-0.08803737163543701,0.373621329665184,0.5537619003084563,0.010000109672546387,0.016932180221184687,0.3826896399259567,3.4008126258850098
E081_box023_p2_legobj,box023_person2_legobj,104,2.08,1.7500035000000023,32,0.3097991120600788,0.2903441364091639,0.7573970556259155,0.7573970556259155,0.7157418131828308,0.0640516067009613,0.049933913430317056,0.049933913430317056,0.04303439787971887,0.057950031217153225,0.04303439787971887,1,1,2,1,0,1,0.002468386517258267,0.011496205211029176,0.07813865921161654,0.04189072137985408,-0.11337012052536011,0.3568848967552185,0.5593191362711297,0.010000109672546387,0.01549812182896139,0.39407601952552795,3.230907678604126
E081_box023_p2_legobj,box023_person2_legobj,105,2.1,1.7666702000000023,32,0.30858537192503355,0.29812904478442753,0.7516224384307861,0.7516224384307861,0.7143363356590271,0.06332815929779531,0.051109244193810965,0.051109244193810965,0.04036008405674089,0.058479098029413173,0.04036008405674089,1,0,1,1,0,1,-0.0013710695984600688,0.013831438815120382,0.07865742224950058,0.03738585559208081,-0.09942001104354858,0.3203681632876396,0.5300145164755773,0.010000050067901611,0.0154982578171878,0.40159114450216293,2.9619579315185547
E081_box023_p2_legobj,box023_person2_legobj,106,2.12,1.7833369000000023,32,0.30852823274872704,0.304425565896169,0.7505481243133545,0.7505481243133545,0.7131706476211548,0.05861630915063151,0.056608079052966415,0.056608079052966415,0.038582468761694605,0.05845852337353344,0.038582468761694605,1,0,1,1,0,1,0.00019775272630159768,0.017524096662135974,0.02741355241088609,0.034771942449170395,-0.047860682010650635,0.30037452280521393,0.5068982914071181,0.010000228881835938,0.017320594797390978,0.3954945355653763,1.9886618852615356
E081_box023_p2_legobj,box023_person2_legobj,107,2.14,1.8000036000000024,32,0.3074200912346871,0.30747042539463076,0.7508241534233093,0.7508241534233093,0.7144646644592285,0.05831303254777542,0.059267655721958246,0.05831303254777542,0.039198637301039126,0.058276356165647886,0.039198637301039126,1,0,1,1,0,1,0.003630685958032273,0.021096061182575093,0.03545889579258629,0.02726706088346013,-0.01720726490020752,0.26260411739349365,0.507216759872941,0.010000348091125488,0.017320594799844345,0.3820444196462631,1.5445793867111206
E081_box023_p2_legobj,box023_person2_legobj,108,2.16,1.8166703000000024,32,0.30518826403287874,0.3081222708992675,0.7515577673912048,0.7515577673912048,0.7173485159873962,0.05952307980038571,0.061189155957236493,0.05952307980038571,0.04173987901517243,0.058040100232710334,0.04173987901517243,1,0,1,1,0,1,0.008490686625019603,0.024202621168686267,0.03839668625667043,0.02240479289023845,0.028578102588653564,0.23586705327033997,0.5321585755259433,0.010000258684158325,0.017320784066460135,0.3632659763097763,1.7975633144378662
E081_box023_p2_legobj,box023_person2_legobj,109,2.18,1.8333370000000024,32,0.3013203643451287,0.3100437065251119,0.7518841028213501,0.7518841028213501,0.7215477824211121,0.061681046797541994,0.06192372880448368,0.061681046797541994,0.04330390165727559,0.05789604953665936,0.04330390165727559,1,0,1,1,0,1,0.014147628567732481,0.025520828529826546,0.03643285349345192,0.01185816627928071,0.08439803123474121,0.2162291258573532,0.5528314513716193,0.010000139474868774,0.01732068082791941,0.34743161499500275,2.1600582599639893
E081_box023_p2_legobj,box023_person2_legobj,110,2.2,1.8500037000000025,32,0.296429768304356,0.31286557807746945,0.751197874546051,0.751197874546051,0.7266240119934082,0.06437278555523054,0.0611782191945396,0.0611782191945396,0.04396156325100671,0.057887432987526966,0.04396156325100671,1,0,1,1,0,1,0.02001176442997961,0.023815012548227647,0.031463764462941086,0.00782111494021685,0.12079894542694092,0.186846312135458,0.5456808545403597,0.010000288486480713,0.017320835685717278,0.3314964324235916,2.498061418533325
E081_box023_p2_legobj,box023_person2_legobj,111,2.22,1.8666704000000025,32,0.2932043286525146,0.31373660570274997,0.7493399977684021,0.7493399977684021,0.7327454090118408,0.06682326701286523,0.0588163213229825,0.0588163213229825,0.04423052543257434,0.057567303529007685,0.04423052543257434,0,0,0,1,0,1,0.025740947368518396,0.018633500355725474,0.02531426993752583,0.0028183850562107453,0.1564037799835205,0.18426105380058289,0.5497711984997863,0.009999990463256836,0.017320319494783975,0.291621595621109,2.9218862056732178
E081_box023_p2_legobj,box023_person2_legobj,112,2.24,1.8833371000000025,32,0.2911438370196208,0.31359322268373496,0.7462268471717834,0.7462268471717834,0.7395853996276855,0.0684615601730851,0.056386023806979525,0.056386023806979525,0.04436469830395753,0.057073623705217735,0.04436469830395753,0,0,0,1,0,1,0.031218351032332073,0.010365379839737537,0.021384250132006025,0.00044689402736576306,0.1799626350402832,0.24083486199378967,0.5616829951791155,0.010000228881835938,0.015426982640005762,0.24026837199926376,3.4381067752838135
E081_box023_p2_legobj,box023_person2_legobj,113,2.26,1.9000038000000026,32,0.28592100079104793,0.3142925136698785,0.7417553067207336,0.7417553067207336,0.7476035356521606,0.06855875085445028,0.05374996580149306,0.05374996580149306,0.04582296109777314,0.05643381992966082,0.04582296109777314,0,0,0,1,0,1,0.036305524970093386,-0.00044727762732636733,0.019798385601729206,0.00520397158535185,0.18694502115249634,0.2704527974128723,0.5421470864710238,0.010000407695770264,0.015427276911226896,0.25488388538360596,3.9621903896331787
E081_box023_p2_legobj,box023_person2_legobj,114,2.28,1.9166705000000026,32,0.27882677173572606,0.3158676639355791,0.7408561706542969,0.7408561706542969,0.7564568519592285,0.06909305211993101,0.05017642840771302,0.05017642840771302,0.04853986881607774,0.055576758141318766,0.04853986881607774,0,1,1,1,0,1,0.04368917043900593,-0.005118108952651489,0.005623886082728636,0.009580310254717325,0.19454634189605713,0.22024783492088318,0.5180177216086778,0.010000169277191162,0.01641550387645277,0.2977880537509918,4.381882190704346
E081_box023_p2_legobj,box023_person2_legobj,115,2.3,1.9333372000000026,32,0.2768609210975961,0.31990621999577645,0.7430912256240845,0.7430912256240845,0.7616429328918457,0.06789973350259774,0.04931558900748652,0.04931558900748652,0.04941774392583696,0.05493785444262089,0.04941774392583696,0,1,1,1,0,1,0.04999180591971743,-0.005278955015183495,0.001236535934162084,0.004262678716435047,0.17821836471557617,0.23802334070205688,0.4982521967786941,0.010000050067901611,0.016415316252127676,0.2747671604156494,4.241786003112793
E081_box023_p2_legobj,box023_person2_legobj,116,2.32,1.9500039000000027,32,0.27936341442766693,0.3251826930369348,0.7460858225822449,0.7460858225822449,0.7641490697860718,0.06509347553777303,0.04968958445538757,0.04968958445538757,0.04882313091694111,0.05456794452366526,0.04882313091694111,0,1,1,1,0,1,0.05196641338041075,-0.004269152956606306,0.0019488012936992453,0.0004069019454700919,0.19299763441085815,0.2823219895362854,0.4973843610129103,0.010000050067901611,0.017320267876612117,0.2923471946269274,3.7130963802337646
E081_box023_p2_legobj,box023_person2_legobj,117,2.34,1.9666706000000027,32,0.28204177193155905,0.33524866987498025,0.7495988011360168,0.7495988011360168,0.7665465474128723,0.06200852949460596,0.050541502646565484,0.050541502646565484,0.04873964981186545,0.05394066478605253,0.04873964981186545,0,1,1,1,0,1,0.04976324055579985,-0.00278671915086183,0.0028733829413993654,0.00040991200007046725,0.1634311079978943,0.28524744510650635,0.5018871425214075,0.00999993085861206,0.01732025066897691,0.32051314786076546,3.1840691566467285
E081_box023_p2_legobj,box023_person2_legobj,118,2.36,1.9833373000000027,32,0.28428459498797415,0.34888017163491314,0.7535738348960876,0.7535738348960876,0.7688621282577515,0.06016066332848119,0.051488640576907926,0.051488640576907926,0.04981911521420412,0.05335097565090069,0.04981911521420412,0,1,1,1,0,1,0.04430121209069497,-0.0010518254554789247,0.0038686536782730064,0.0008551725629055636,0.1333833932876587,0.26255643367767334,0.525322018646336,0.010000169277191162,0.014142706795144308,0.3268040418624878,3.1691884994506836
E081_box023_p2_legobj,box023_person2_legobj,119,2.38,2.000004000000003,32,0.2825670741810779,0.35531291877823357,0.7576819658279419,0.7576819658279419,0.769055962562561,0.05995329122421394,0.053192715757043964,0.053192715757043964,0.05093038833612218,0.05282344548676421,0.05093038833612218,0,1,1,1,0,1,0.03706119536116968,0.00044779021689923815,0.004405550057718196,0.0030785330656292035,0.10695105791091919,0.2516653537750244,0.5409171338859624,0.010000050067901611,0.014142642617245587,0.3123539090156555,3.2041354179382324
E081_box023_p2_legobj,box023_person2_legobj,120,2.4,2.016670700000003,32,0.27785309517399254,0.3558265514651535,0.7617698311805725,0.7617698311805725,0.7676027417182922,0.06135421576377831,0.05453176617662,0.05453176617662,0.05146991150371117,0.052224277644505435,0.05146991150371117,0,0,0,1,0,1,0.029901672744615464,0.0016995950130277993,0.0039933809196131,0.005059221408584605,0.07019317150115967,0.2461528778076172,0.551126205140388,0.010000050067901611,0.01732028508378994,0.28138504922389984,3.4445009231567383
E081_box023_p2_legobj,box023_person2_legobj,121,2.42,2.033337400000003,32,0.27170813732002785,0.3613949639215038,0.7653956413269043,0.7653956413269043,0.7643077969551086,0.06401426271007729,0.053435672342192445,0.053435672342192445,0.05137829568805494,0.05068506107592638,0.05068506107592638,0,1,1,1,0,1,0.024694643739407128,0.0024181630359571896,0.00366721112986816,0.004470187407511215,0.04204005002975464,0.2646266222000122,0.5783669871859047,0.009999960660934448,0.017320302287756113,0.2732507213950157,3.5928966999053955
E081_box023_p2_legobj,box023_person2_legobj,122,2.44,2.050004100000003,32,0.26425479728979884,0.3707163302524166,0.768285870552063,0.768285870552063,0.7595395445823669,0.06688779725212574,0.05257898913086088,0.05257898913086088,0.05119444930250355,0.048874335139362984,0.048874335139362984,0,1,1,1,1,2,0.02293165855259243,0.002571244273413646,0.0035451280467803607,0.005282157401505221,0.03521806001663208,0.29118233919143677,0.5844127049107933,0.010000467300415039,0.017320715245748068,0.28123684972524643,3.7872402667999268
E081_box023_p2_legobj,box023_person2_legobj,123,2.46,2.066670800000003,32,0.25430658529825934,0.37180332981481595,0.7696179151535034,0.7696179151535034,0.7564696073532104,0.06974331946914802,0.05200923856751549,0.05200923856751549,0.052617803727147895,0.04793186048007181,0.04793186048007181,0,1,1,1,1,2,0.0247940604698279,0.0016993896861603325,0.003188315307898292,0.0026858563264983083,0.01973104476928711,0.28220778703689575,0.5882008757888552,0.010000228881835938,0.017320663622250546,0.28068506717681885,3.8735339641571045
E081_box023_p2_legobj,box023_person2_legobj,124,2.48,2.083337500000003,32,0.24290707015531698,0.3661889003854297,0.7688851952552795,0.7688851952552795,0.7547996044158936,0.07295343017343317,0.05183182161542738,0.05183182161542738,0.05498407736119794,0.04787258550510523,0.04787258550510523,0,1,1,1,1,2,0.029709554899863235,-0.0004591561041423775,0.0028316792691203347,0.0005241029879488287,-0.005110502243041992,0.2679140269756317,0.5742467985321197,0.010000348091125488,0.017320698036939336,0.2732015550136566,3.8796188831329346
E081_box023_p2_legobj,box023_person2_legobj,125,2.5,2.100004200000003,32,0.23241723031350459,0.36280950362692443,0.765741765499115,0.765741765499115,0.7536574602127075,0.07638800802960424,0.051625924753985294,0.051625924753985294,0.056750537699832515,0.047466706473748316,0.047466706473748316,0,1,1,1,1,2,0.03617575273671232,-0.0037910726070330275,0.0025281724616636244,0.007474163418757137,-0.022483408451080322,0.2517326809465885,0.5605089087934274,0.010000050067901611,0.01732025067131655,0.26820921897888184,3.655022382736206
E081_box023_p2_legobj,box023_person2_legobj,126,2.52,2.116670900000003,32,0.22317303831260554,0.3605634756496768,0.7659504413604736,0.7659504413604736,0.7529636025428772,0.079603233637046,0.052438721746941724,0.052438721746941724,0.05781282459300509,0.04729924551043313,0.04729924551043313,0,1,1,1,1,2,0.04580413950516916,-0.0008336889597327368,0.005368650937792983,0.013353371744480454,-0.03316706418991089,0.19212694466114044,0.5356667382446402,0.009999960660934448,0.017320336700315745,0.26517196744680405,3.3019750118255615
E081_box023_p2_legobj,box023_person2_legobj,127,2.54,2.133337600000003,32,0.21327126221835907,0.350466382565443,0.7667039036750793,0.7667039036750793,0.7528492212295532,0.08212422803784938,0.052863908610809085,0.052863908610809085,0.060379515903855235,0.048282342398364264,0.048282342398364264,0,1,1,1,1,2,0.054257496639019256,0.004556465262971605,0.005679274710958544,0.014330003060770683,-0.06203252077102661,0.21924064680933952,0.5159777356877012,0.010000228881835938,0.01732066362224406,0.2560793086886406,3.207904815673828
E081_box023_p2_legobj,box023_person2_legobj,128,2.56,2.150004300000003,32,0.2029181295131476,0.33362071523625564,0.7668038606643677,0.7668038606643677,0.7532418966293335,0.08351340389837694,0.05297106783170351,0.05297106783170351,0.0642145803376493,0.04988415940030949,0.04988415940030949,0,1,1,0,1,1,0.05871578894850167,0.010761021842191146,0.006635817261305432,0.015623534499626642,-0.08262914419174194,0.23174721747636795,0.5198767084169469,0.010000050067901611,0.017320457145350472,0.24816635996103287,3.154024839401245
E081_box023_p2_legobj,box023_person2_legobj,129,2.58,2.166671000000003,32,0.19627799594677858,0.3233951488328577,0.7653917670249939,0.7653917670249939,0.7540678977966309,0.08231279382548823,0.053183741587185626,0.053183741587185626,0.06484456837915552,0.050058038264835486,0.050058038264835486,0,1,1,0,1,1,0.05752145309077339,0.016917251545492812,0.007820994117805033,0.023810310178196882,-0.12224119901657104,0.23087523877620697,0.5230575044182152,0.010000467300415039,0.01732064642180765,0.26686158776283264,3.2811405658721924
E081_box023_p2_legobj,box023_person2_legobj,130,2.6,2.183337700000003,32,0.19371115072613893,0.319093202708233,0.7625877857208252,0.7625877857208252,0.7552843689918518,0.0783576757413162,0.0539240560882948,0.0539240560882948,0.06221182379575177,0.049606565910962505,0.049606565910962505,0,1,1,0,1,1,0.05019412609410146,0.02317426522704294,0.009058537255496223,0.03143987468582965,-0.1712646484375,0.23790737614035606,0.547943170408902,0.010000467300415039,0.01732056899505264,0.28849000856280327,3.679401397705078
E081_box023_p2_legobj,box023_person2_legobj,131,2.62,2.200004400000003,32,0.1891259298386231,0.3116572542729666,0.7574807405471802,0.7574807405471802,0.7554725408554077,0.07264178362599867,0.05388662473107539,0.05388662473107539,0.05953813587291182,0.04956703320990863,0.04956703320990863,0,1,1,1,1,2,0.038214031021206255,0.025306635285092416,0.015898436095741413,0.03415605239150912,-0.21447253227233887,0.21447253227233887,0.5730353416038562,0.010000526905059814,0.017320706644904232,0.30403992533683777,3.6854283809661865
E081_box023_p2_legobj,box023_person2_legobj,132,2.64,2.2166711000000032,32,0.18256639385257006,0.3013254500221801,0.7500419020652771,0.7500419020652771,0.7547057867050171,0.06624981365050779,0.053471190122379525,0.053471190122379525,0.056761927965361586,0.04963455313067875,0.04963455313067875,0,1,1,1,1,2,0.022842504963645212,0.02386795506564065,0.022816487854500987,0.0358997496343304,-0.2192072868347168,0.2192072868347168,0.5878341877831743,0.010000020265579224,0.017320233464095423,0.31249014660716057,3.905705451965332
E081_box023_p2_legobj,box023_person2_legobj,133,2.66,2.2333378000000033,32,0.17461928856882783,0.29242234554403146,0.7513501048088074,0.7513501048088074,0.7536435127258301,0.06309267098070127,0.053649117672859556,0.053649117672859556,0.05263188349543624,0.04890231479733886,0.04890231479733886,0,0,0,1,1,2,0.01669084660859435,0.0323171709001192,0.02205534946306972,0.03698148221487711,-0.24858129024505615,0.24858129024505615,0.6197130735498843,0.010000035166740417,0.017320276479743855,0.34635502099990845,4.606543064117432
E081_box023_p2_legobj,box023_person2_legobj,134,2.68,2.2500045000000033,32,0.16540791409521038,0.28324299857261165,0.7532113790512085,0.7532113790512085,0.7522984743118286,0.06042502234207847,0.05005236030845186,0.05005236030845186,0.048137042588458516,0.047938893291936575,0.047938893291936575,0,1,1,1,1,2,0.013824520335841264,0.037815609667878766,0.032513514208517176,0.0382262265079605,-0.2661658525466919,0.28646135330200195,0.669605244270409,0.01000000536441803,0.017320500160790824,0.3620924651622772,5.256650924682617
E081_box023_p2_legobj,box023_person2_legobj,135,2.7,2.2666712000000033,32,0.15663021173048397,0.2709857673132032,0.7539060711860657,0.7539060711860657,0.7517616152763367,0.05747760536996068,0.0485129993112209,0.0485129993112209,0.04425359746182838,0.04628823458862767,0.04425359746182838,1,1,2,1,1,2,0.011355830439714332,0.04104243483116077,0.03904554382296837,0.03241290370614012,-0.268091082572937,0.30519866943359375,0.7116242771373184,0.010000109672546387,0.017320482955214808,0.3673953488469124,5.640981197357178
E081_box023_p2_legobj,box023_person2_legobj,136,2.72,2.2833379000000034,32,0.1490556725239245,0.2561538768042556,0.7528925538063049,0.7528925538063049,0.7520210146903992,0.05621454054355805,0.048122725212656536,0.048122725212656536,0.04197018371603025,0.0440250797041063,0.04197018371603025,1,1,2,1,1,2,0.008804607206352483,0.04223456865383149,0.0432192736631633,0.027173300265767787,-0.2600756883621216,0.30001378059387207,0.7170775246864097,0.010000109672546387,0.017320319498549817,0.36727896705269814,5.72804594039917
E081_box023_p2_legobj,box023_person2_legobj,137,2.74,2.3000046000000034,32,0.1412640643527873,0.23728845881451857,0.750039279460907,0.750039279460907,0.7508051991462708,0.05551100491164025,0.0484961992164554,0.0484961992164554,0.04159418894016681,0.0428916834458249,0.04159418894016681,1,1,2,1,1,2,0.005774424892723125,0.04206101452298544,0.045212656087102905,0.02251199508912236,-0.2650284767150879,0.3504936657845974,0.7622653869335467,0.01000070571899414,0.017320663642043963,0.3657010346651077,5.693902969360352
E081_box023_p2_legobj,box023_person2_legobj,138,2.76,2.3166713000000034,32,0.13312510792345938,0.21382926032218394,0.7456566095352173,0.7456566095352173,0.7480921149253845,0.055577497380404205,0.0494246588615439,0.0494246588615439,0.04311633801135551,0.042529716864372284,0.042529716864372284,1,1,2,1,1,2,0.0024115271416770626,0.040979006752049796,0.04657378977191099,0.018007966127735118,-0.2469041347503662,0.4052651869133115,0.7737969072553994,0.010000050067901611,0.017320521668852524,0.3637700378894806,5.591432094573975
E081_box023_p2_legobj,box023_person2_legobj,139,2.78,2.3333380000000035,32,0.12492741915127423,0.19359603749741935,0.7397880554199219,0.7397880554199219,0.7441850304603577,0.05558831564608272,0.0504156677568773,0.0504156677568773,0.04315513628943292,0.04201834595703205,0.04201834595703205,1,1,2,1,1,2,-0.0015835486390170378,0.03934038265042258,0.04610903833775726,0.008056072776065092,-0.24717020988464355,0.45683737099170685,0.8047577936079018,0.010000050067901611,0.01732018185037522,0.333473764359951,5.38271951675415
E081_box023_p2_legobj,box023_person2_legobj,140,2.8,2.3500047000000035,32,0.11726587953096478,0.1771801100950865,0.7344210147857666,0.7344210147857666,0.7390294671058655,0.05616618035157052,0.05188479939348157,0.05188479939348157,0.04036181546635382,0.04104549810618295,0.04036181546635382,1,1,2,1,1,2,-0.0034271540058247937,0.03859663877496538,0.04651608529649507,0.0002802559871166508,-0.24475181102752686,0.5009049326181412,0.8144473841097933,0.010000228881835938,0.017320573289765013,0.32182759791612625,5.03203821182251
E081_box023_p2_legobj,box023_person2_legobj,141,2.82,2.3666714000000035,32,0.1110541800322948,0.16544634381275314,0.730499267578125,0.730499267578125,0.7332314848899841,0.05730994202532796,0.05272184678620142,0.05272184678620142,0.03904048198798124,0.04105547318547394,0.03904048198798124,1,0,1,1,1,2,-0.0020930896127342377,0.03960480158713823,0.0462378551309579,2.739751016994173e-05,-0.24847400188446045,0.5368166118860245,0.8283089173409471,0.010000109672546387,0.01732055608186716,0.3470376953482628,4.76170539855957
E081_box023_p2_legobj,box023_person2_legobj,142,2.84,2.3833381000000036,32,0.1058972359433536,0.1581780217116283,0.7268301844596863,0.7268301844596863,0.7267415523529053,0.05829423497315549,0.04891033405772797,0.04891033405772797,0.039916506500604916,0.04236564485775327,0.039916506500604916,1,1,2,1,1,2,0.00035482976452657494,0.041106057743589205,0.04385238888784859,0.00033400604361832995,-0.24351263046264648,0.563003234565258,0.8142415693404671,0.010000109672546387,0.017320433488029124,0.3717145249247551,4.700379371643066
E081_box023_p2_legobj,box023_person2_legobj,143,2.86,2.4000048000000036,32,0.10093708475732024,0.14993835853640824,0.7231918573379517,0.7231918573379517,0.7214332222938538,0.05941192983515414,0.04831972072144286,0.04831972072144286,0.04093216733891778,0.042539368683404896,0.04093216733891778,1,1,2,1,1,2,0.0030392709069388124,0.04291044078129808,0.040225994729350976,0.00021239769992559117,-0.23159754276275635,0.5765657722949982,0.8022548644894432,0.010000348091125488,0.01732056253912511,0.38740096241235733,4.482437610626221
E081_box023_p2_legobj,box023_person2_legobj,144,2.88,2.4166715000000036,32,0.09619480222456961,0.14045197663569234,0.7196527719497681,0.7196527719497681,0.7174358367919922,0.06075834215925669,0.04901450797533164,0.04901450797533164,0.04166028009095618,0.040567356958346214,0.040567356958346214,1,1,2,1,1,2,0.005854966848517648,0.04434858392500464,0.03753457142622872,0.0004058132776307195,-0.20274150371551514,0.5666950792074203,0.7694606461209714,0.010000109672546387,0.017320531347845454,0.3926987424492836,4.163834095001221
E081_box023_p2_legobj,box023_person2_legobj,145,2.9,2.4333382000000037,32,0.09247659427874554,0.13010648921979714,0.716108500957489,0.716108500957489,0.7143505811691284,0.06129360019500101,0.050093530157941324,0.050093530157941324,0.04180041984457738,0.03820793082738127,0.03820793082738127,1,1,2,1,1,2,0.0083771374188343,0.04517730298263106,0.03395968193567818,0.00036212100701700083,-0.1862623691558838,0.5490403473377228,0.7335446628372916,0.010000109672546387,0.017320605549993727,0.39389846846461296,3.7593612670898438
E081_box023_p2_legobj,box023_person2_legobj,146,2.92,2.4500049000000037,32,0.08966481944662874,0.1187715579856469,0.7127590775489807,0.7127590775489807,0.7123078107833862,0.06142527387998484,0.051500738224195736,0.051500738224195736,0.04111087401678882,0.035727517613488226,0.035727517613488226,1,1,2,1,1,2,0.010651772462756198,0.04542327648182137,0.029673032479435205,0.00025754889054284316,-0.1767284870147705,0.5231830030679703,0.6948452690857568,0.010000109672546387,0.01732039477441247,0.390052180737257,3.2463507652282715
E081_box023_p2_legobj,box023_person2_legobj,147,2.94,2.4666716000000037,32,0.08875551854360733,0.10762008871643788,0.7096107602119446,0.7096107602119446,0.7103421092033386,0.06103753178361344,0.05284754673738308,0.05284754673738308,0.04091438747573212,0.03400349495152088,0.03400349495152088,1,0,1,1,1,2,0.0125936670641133,0.0449081894519193,0.02489764978864742,0.0003188075046254096,-0.16203391551971436,0.474510096013546,0.6357835272494062,0.01000058650970459,0.017320634061308245,0.3803870342671871,2.756626605987549
E081_box023_p2_legobj,box023_person2_legobj,148,2.96,2.4833383000000038,32,0.08851549717454692,0.09711955480816972,0.7069518566131592,0.7069518566131592,0.7084671854972839,0.05897350318774808,0.046947373738057394,0.046947373738057394,0.04140938696282046,0.03244616740021698,0.03244616740021698,1,1,2,1,1,2,0.014478835746997723,0.04330910855489471,0.021821099601428893,0.00043406763882576887,-0.12672603130340576,0.4257940649986267,0.5938148336016452,0.010000050067901611,0.017320394773168723,0.3642321527004242,2.8412973880767822
E081_box023_p2_legobj,box023_person2_legobj,149,2.98,2.500005000000004,32,0.08908456341486733,0.08605449760959875,0.7043753266334534,0.7043753266334534,0.7063778638839722,0.05638169154374268,0.0445359123721201,0.0445359123721201,0.04088901512346571,0.03216196488461414,0.03216196488461414,1,1,2,1,1,2,0.015510024488260367,0.04074654437586313,0.017914865103620073,0.00041802142318260227,-0.12567579746246338,0.3618042767047882,0.5296942802733797,0.010000228881835938,0.017320600174249853,0.34127530828118324,2.4872212409973145
E081_box023_p2_legobj,box023_person2_legobj,150,3.0,2.516671700000004,32,0.08968105499478485,0.07457928341584448,0.7029333114624023,0.7029333114624023,0.7040284872055054,0.05474491768385604,0.0440448096309663,0.0440448096309663,0.03895705262878417,0.033152697218813254,0.033152697218813254,1,1,2,1,1,2,0.01695435502220676,0.038678999007163754,0.016132062843312284,0.00036975659734856824,-0.13085544109344482,0.3361092284321785,0.5488248471528241,0.010000467300415039,0.017320771703222555,0.31336989998817444,2.2293331623077393
E081_box023_p2_legobj,box023_person2_legobj,151,3.02,2.533338400000004,32,0.09034588321272335,0.06319071879041531,0.701934278011322,0.701934278011322,0.7016337513923645,0.05385358783056976,0.04454542007397944,0.04454542007397944,0.037835711523516634,0.03479118556052929,0.03479118556052929,1,1,2,1,1,2,0.018237072838988205,0.0369615183083521,0.014596868050633137,0.0003181354968634912,-0.12834346294403076,0.2831103578209877,0.5005033613872927,0.010000228881835938,0.017320532156390126,0.283222921192646,1.9680758714675903
E081_box023_p2_legobj,box023_person2_legobj,152,3.04,2.550005100000004,32,0.09131907999456812,0.05210807062398021,0.7015703320503235,0.7015703320503235,0.6991825103759766,0.0532783372331617,0.04507090453646843,0.04507090453646843,0.03777900005773675,0.03706804873177652,0.03706804873177652,1,1,2,1,1,2,0.019598809143983403,0.035804705957490024,0.013453134059132064,0.0003251722625923001,-0.07520580291748047,0.31757235899567604,0.6094179952799358,0.010000109672546387,0.017320531347787865,0.2532724440097809,1.701697826385498
E081_box023_p2_legobj,box023_person2_legobj,153,3.06,2.566671800000004,32,0.09183214847355392,0.04588932257334886,0.7016463279724121,0.7016463279724121,0.6974292993545532,0.053209839951163365,0.04554731617760645,0.04554731617760645,0.03749104995525687,0.03843220862944416,0.03749104995525687,1,1,2,1,1,2,0.021129805274965767,0.035422043347840125,0.012410495558972428,0.00041378563048863315,-0.06291830539703369,0.2949095331132412,0.5805897238243951,0.010000002104789019,0.01732015415492395,0.2265908345580101,1.50166654586792
E081_box023_p2_legobj,box023_person2_legobj,154,3.08,2.583338500000004,32,0.09173197704553704,0.045461208464836866,0.7019844055175781,0.7019844055175781,0.6965751647949219,0.053126575001886174,0.04594794978335527,0.04594794978335527,0.03754794087551338,0.038166945707599376,0.03754794087551338,1,1,2,1,1,2,0.022757000756613965,0.035614485124131935,0.010835767764577604,0.00039516208024420024,-0.04444992542266846,0.315037552267313,0.6262284785639651,0.010000288486480713,0.017320533099039505,0.20498967170715332,1.489048719406128
E081_box023_p2_legobj,box023_person2_legobj,155,3.1,2.600005200000004,32,0.09017314092166502,0.044550980449026584,0.7024560570716858,0.7024560570716858,0.6960622668266296,0.052992082125652325,0.0456451309357787,0.0456451309357787,0.038658057160978795,0.03821044837181708,0.03821044837181708,1,1,2,1,1,2,0.024509338648697476,0.03626930247981456,0.009462482270487207,0.00031430694564033794,-0.023800253868103027,0.3283908418379724,0.6409246301497553,0.010000050067901611,0.01732039389940952,0.19058635830879211,1.4276131391525269
E081_box023_p2_legobj,box023_person2_legobj,156,3.12,2.616671900000004,32,0.08764855834097121,0.04355590201044533,0.7031933069229126,0.7031933069229126,0.6960023641586304,0.054351251609514366,0.045047884282258366,0.045047884282258366,0.040798941217485445,0.03857546346091758,0.03857546346091758,1,1,2,1,1,2,0.026525333165659387,0.03724316588776052,0.007905339803905747,0.0001802967493135352,0.01406407356262207,0.36109791696071625,0.7148016655646368,0.01000058650970459,0.017320498366612928,0.18391232192516327,1.9056717157363892
E081_box023_p2_legobj,box023_person2_legobj,157,3.14,2.633338600000004,32,0.08576910986478872,0.04462603096033576,0.7039308547973633,0.7039308547973633,0.6965780258178711,0.057826011491266475,0.044398222659040046,0.044398222659040046,0.04349545646578343,0.039406422988546776,0.039406422988546776,1,1,2,1,1,2,0.02860048434564063,0.03802415875993627,0.006965404583101575,0.00039132092573797105,0.04197096824645996,0.38405841588974,0.7704482653042366,0.010000407695770264,0.017320326099616506,0.18072716891765594,2.4080889225006104
E081_box023_p2_legobj,box023_person2_legobj,158,3.16,2.650005300000004,32,0.08375097749442222,0.04714926969513208,0.7047498822212219,0.7047498822212219,0.6980233788490295,0.06411381271745271,0.043636126684604544,0.043636126684604544,0.046851293653365655,0.040832903432226994,0.040832903432226994,1,1,2,1,1,2,0.030770188130590466,0.03827018785790452,0.00708888881635071,0.000625647132543102,0.09699797630310059,0.39727696776390076,0.8643646381578226,0.009999997448176146,0.017320461177630267,0.17878995090723038,2.8920695781707764
E081_box023_p2_legobj,box023_person2_legobj,159,3.18,2.666672000000004,32,0.08169039485548679,0.04980549782682972,0.7056291103363037,0.7056291103363037,0.699303150177002,0.0732901081182463,0.04379583082891612,0.04379583082891612,0.051460927276998775,0.04216993290857019,0.04216993290857019,0,1,1,1,1,2,0.03292065870945325,0.03789421646503784,0.008017833303494327,0.0006615629031487204,0.13226354122161865,0.41270938515663147,0.9346319318949774,0.010000169277191162,0.017320668864375957,0.18725396320223808,3.2457470893859863
E081_box023_p2_legobj,box023_person2_legobj,160,3.2,2.683338700000004,32,0.07822944146172102,0.0529177475855326,0.7063825726509094,0.7063825726509094,0.7003493905067444,0.08033398492356611,0.04685924716178446,0.04685924716178446,0.057778552157394775,0.04357328873641653,0.04357328873641653,0,1,1,0,1,1,0.034736690763778055,0.03663552664759734,0.008152720950151163,0.0007005441361157476,0.19760656356811523,0.4540131688117981,1.0287565896458457,0.010000228881835938,0.01732008494559198,0.21128882467746735,3.5174357891082764
E081_box023_p2_legobj,box023_person2_legobj,161,3.22,2.700005400000004,32,0.07424455421174628,0.05875780940099376,0.7073944807052612,0.7073944807052612,0.701036810874939,0.08391040946809528,0.05314868192831544,0.05314868192831544,0.06070205291221916,0.04527314048568681,0.04527314048568681,0,0,0,0,1,1,0.0363803711325662,0.034914756648574984,0.008566035574170317,0.00042460139140576797,0.22861742973327637,0.4570537507534027,1.088243144317514,0.010000109672546387,0.01732056770948316,0.21809119544923306,3.62917423248291
E081_box023_p2_legobj,box023_person2_legobj,162,3.24,2.7166721000000043,32,0.07031495935817154,0.0669452043569231,0.7084997296333313,0.7084997296333313,0.7012023329734802,0.08321541106388745,0.0571354920719035,0.0571354920719035,0.07186509301833863,0.04782457385150882,0.04782457385150882,0,0,0,0,1,1,0.037918263704125085,0.03222068120460882,0.009166151004522064,0.0004983146866233773,0.23776841163635254,0.4588822089135647,1.08956924506429,0.009999997913837433,0.017320254972040015,0.19957144558429718,3.542266845703125
E081_box023_p2_legobj,box023_person2_legobj,163,3.26,2.7333388000000043,32,0.06680204276045887,0.07459701930337861,0.7098692655563354,0.7098692655563354,0.701282262802124,0.08979836219791903,0.06520205784102227,0.06520205784102227,0.08043372853725109,0.05059998013946204,0.05059998013946204,0,0,0,0,1,1,0.0393183295984165,0.02905441075397689,0.009403749935915898,0.0005508595879467341,0.2664235830307007,0.4584335833787918,1.1167429508502462,0.010000109672546387,0.017320361303519737,0.20507249608635902,3.410865068435669
E081_box023_p2_legobj,box023_person2_legobj,164,3.28,2.7500055000000043,32,0.06383405713347257,0.0811139259498166,0.7117821574211121,0.7117821574211121,0.7012339234352112,0.10961981749129542,0.07913563710554836,0.07913563710554836,0.07960972398072287,0.05329339687822912,0.05329339687822912,0,0,0,0,0,0,0.040526919696850426,0.026229143712949377,0.010186312555339005,0.0005936681159325619,0.26084744930267334,0.4379771947860718,1.083291522490342,0.010000109672546387,0.01732049720423235,0.22053679823875427,3.086169481277466
E081_box023_p2_legobj,box023_person2_legobj,165,3.3,2.7666722000000044,32,0.061399062726818755,0.08525616041902295,0.7142012119293213,0.7142012119293213,0.703363299369812,0.14200393105175976,0.09795738690211447,0.09795738690211447,0.07672412371171786,0.05925195086648011,0.05925195086648011,0,0,0,0,0,0,0.04148406021136905,0.023873595632528055,0.010819321370941869,0.0004607070269791836,0.2828565835952759,0.46869468688964844,1.091893286710176,0.009999999543651938,0.017320015030177206,0.23638206720352173,3.1287553310394287
E081_box023_p2_legobj,box023_person2_legobj,166,3.32,2.7833389000000044,32,0.059442668335579256,0.08599830746169722,0.7170553207397461,0.7170553207397461,0.7088620066642761,0.18408375513814101,0.1196587630948628,0.1196587630948628,0.08692269930259577,0.07008740366615175,0.07008740366615175,0,0,0,0,0,0,0.04228346510237687,0.0220814061159242,0.013325156146709033,0.00035816034516749837,0.27888500690460205,0.5157210826873779,1.0996446535572042,0.00999999966006726,0.017320393629754273,0.24449211359024048,3.3676350116729736
E081_box023_p2_legobj,box023_person2_legobj,167,3.34,2.8000056000000044,32,0.05748743158179853,0.08803646033709654,0.7204313278198242,0.7204313278198242,0.7136726379394531,0.23253218471965517,0.1437876617725361,0.1437876617725361,0.11826632094542407,0.08602516437657104,0.08602516437657104,0,0,0,0,0,0,0.04293623982055084,0.02115485793997124,0.014910377942730597,0.003362804577620158,0.2976795434951782,0.5274673700332642,1.0755805481513345,0.010000467300415039,0.01732063439157657,0.24903596937656403,3.8002021312713623
E081_box023_p2_legobj,box023_person2_legobj,168,3.36,2.8166723000000045,32,0.05550832042047343,0.09182775184197751,0.7243692874908447,0.7243692874908447,0.7173850536346436,0.2847552402287431,0.1688746667580519,0.1688746667580519,0.15988704134567308,0.10356080736645791,0.10356080736645791,0,0,0,0,0,0,0.04331583587000441,0.021407831106037077,0.016756625906247546,0.007906265955107707,0.30150461196899414,0.5669835805892944,1.051629032284131,0.010000109672546387,0.017320357875688034,0.24752415716648102,4.14586067199707
E081_box023_p2_legobj,box023_person2_legobj,169,3.38,2.8333390000000045,32,0.053691479007160585,0.09474182381026322,0.7289050221443176,0.7289050221443176,0.7230326533317566,0.3385156427267074,0.19494625534215881,0.19494625534215881,0.20984226074254725,0.12400368250846606,0.12400368250846606,0,0,0,0,0,0,0.043431056439319056,0.022871961860269102,0.017379170858245592,0.001768325584600675,0.3220313787460327,0.5717933177947998,1.0200089524020213,0.010000348091125488,0.017320597286993804,0.24773672223091125,4.374746799468994
E081_box023_p2_legobj,box023_person2_legobj,170,3.4,2.8500057000000045,32,0.052006919296900427,0.09722219759147352,0.7341862916946411,0.7341862916946411,0.7318679094314575,0.39176596174359796,0.22256630548966663,0.22256630548966663,0.26678106523226364,0.147512551170611,0.147512551170611,0,0,0,0,0,0,0.0435322397214865,0.02529282455660141,0.017140863863540863,0.011062385003940004,0.3543987274169922,0.5808892250061035,1.012970230373261,0.01000058650970459,0.017320771035224718,0.2766392230987549,4.516623497009277
E081_box023_p2_legobj,box023_person2_legobj,171,3.42,2.8666724000000046,32,0.05047040893863615,0.09796426597562452,0.7401400208473206,0.7401400208473206,0.7411879897117615,0.44383624894577106,0.25097883064530463,0.25097883064530463,0.3251132613337734,0.1737617070925401,0.1737617070925401,0,0,0,0,0,0,0.04354113288812854,0.028308665314315848,0.016390488551533113,0.007163271617152107,0.3940768241882324,0.5863192081451416,0.9955444798787959,0.010000228881835938,0.01732063472107732,0.29581886529922485,4.5343337059021
E081_box023_p2_legobj,box023_person2_legobj,172,3.44,2.8833391000000046,32,0.04909494586903827,0.09487825341592089,0.7467134594917297,0.7467134594917297,0.7513324618339539,0.49331982044506745,0.2789661118055246,0.2789661118055246,0.38398187534280975,0.20293270332273877,0.20293270332273877,0,0,0,0,0,0,0.04346516123003944,0.03163299445093396,0.015831543031978736,0.0006475956749157528,0.437225341796875,0.6153111457824707,0.9726947934773105,0.010000348091125488,0.017320224006704986,0.29638993740081787,4.387618541717529
E081_box023_p2_legobj,box023_person2_legobj,173,3.46,2.9000058000000046,32,0.04783004604173585,0.08861001935454312,0.7536914348602295,0.7536914348602295,0.7620729207992554,0.5403671581265281,0.3055104855831362,0.3055104855831362,0.4414019969974557,0.23261060753722526,0.23261060753722526,0,0,0,0,0,0,0.04327147159244006,0.034834638223996614,0.015393359935568167,0.0003609483704875734,0.48111939430236816,0.6178725957870483,0.9720172438763577,0.010000288486480713,0.017320329184447612,0.2863582968711853,4.211001873016357
E081_box023_p2_legobj,box023_person2_legobj,174,3.48,2.9166725000000047,32,0.04768463086056339,0.07693575311688387,0.7609175443649292,0.7609175443649292,0.7738592624664307,0.5820745815981487,0.3288751352658648,0.3288751352658648,0.49490168445581745,0.2617246084735431,0.2617246084735431,0,0,0,0,0,0,0.04301476515727029,0.03784360352309522,0.015419181751295015,0.0003773059156051425,0.49387121200561523,0.6002535223960876,0.9409946466893926,0.010000228881835938,0.017320704218404287,0.2581603527069092,3.8016648292541504
E081_box023_p2_legobj,box023_person2_legobj,175,3.5,2.9333392000000047,32,0.047913528704425015,0.06444123424753494,0.768329381942749,0.768329381942749,0.7819727063179016,0.6202921790873863,0.3499871597276647,0.3499871597276647,0.5440353675664957,0.28910334501222984,0.28910334501222984,0,0,0,0,0,0,0.042708779255526755,0.04051546954839296,0.015340353971399677,0.003077065595842093,0.5236132740974426,0.6005114316940308,0.9521667621708543,0.010000109672546387,0.017320427640505967,0.22911539673805237,4.062465190887451
E081_box023_p2_legobj,box023_person2_legobj,176,3.52,2.9500059000000047,32,0.048099032130194945,0.049635830756133086,0.7756332755088806,0.7756332755088806,0.7834287881851196,0.653884372458506,0.36761200273363465,0.36761200273363465,0.584435072275689,0.3128060260100393,0.3128060260100393,0,0,0,0,0,0,0.04224752492906661,0.042814878786408134,0.014588109145936947,0.007824987536127894,0.5248239040374756,0.6145405769348145,0.9741822455072049,0.010000467300415039,0.017320738164848946,0.19443336129188538,4.323960781097412
E081_box023_p2_legobj,box023_person2_legobj,177,3.54,2.9666726000000048,32,0.04825810827363609,0.03661417474117904,0.782674252986908,0.782674252986908,0.7873684167861938,0.6840646526727652,0.3828479372054295,0.3828479372054295,0.6248788150284901,0.336231391935618,0.336231391935618,0,0,0,0,0,0,0.04163093165835882,0.04459604422695583,0.013611096594188087,0.005194880026006347,0.537103533744812,0.6040036082267761,0.9770645699186307,0.010000109672546387,0.017320496666550556,0.1801334023475647,4.575148105621338
E081_box023_p2_legobj,box023_person2_legobj,178,3.56,2.983339300000005,32,0.0483457957348716,0.02736128626337989,0.7893010377883911,0.7893010377883911,0.7959581017494202,0.711415537440278,0.39603868838207934,0.39603868838207934,0.6662587072013173,0.3592755534569564,0.3592755534569564,0,0,0,0,0,0,0.04082754388658015,0.0459969430082451,0.012150708267813578,0.0002647297860980271,0.5200528502464294,0.6268135905265808,0.998478711854345,0.010000228881835938,0.017320634721066448,0.18626654148101807,4.768220901489258
E081_box023_p2_legobj,box023_person2_legobj,179,3.58,3.000006000000005,32,0.04842342798558278,0.017887391485842605,0.7953479886054993,0.7953479886054993,0.8009400367736816,0.7365013395144471,0.40780384349280413,0.40780384349280413,0.7017357146732086,0.3779541732762414,0.3779541732762414,0,0,0,0,0,0,0.039832376391408436,0.04686976122326342,0.010748746968299111,0.00026297035268113794,0.5114181637763977,0.6101317405700684,0.9834142371724863,0.010000288486480713,0.01732059957056092,0.18367642164230347,4.892321586608887
E081_box023_p2_legobj,box023_person2_legobj,180,3.6,3.016672700000005,32,0.04852042383608278,0.008039096164180798,0.8004300594329834,0.8004300594329834,0.7989418506622314,0.7594770803389593,0.4195048077814205,0.4195048077814205,0.7280716981649362,0.3911469187801623,0.3911469187801623,0,0,0,0,0,0,0.03840669487861827,0.04712586180083069,0.009529913213158062,0.00044289250221301826,0.45965105295181274,0.603413999080658,0.9700238559189577,0.010000228881835938,0.01732070193320638,0.16472262144088745,4.854335784912109
E081_box023_p2_legobj,box023_person2_legobj,181,3.62,3.033339400000005,32,0.0485908553158851,0.013467163995996779,0.8045594692230225,0.8045594692230225,0.7959193587303162,0.7808717714942052,0.43118232200760803,0.43118232200760803,0.7536741698459046,0.4020003104995224,0.4020003104995224,0,0,0,0,0,0,0.03657315122290151,0.04662788974460441,0.008852353497309885,0.0022022282793851995,0.45967423915863037,0.5978987067937851,0.9632196022645196,0.010000467300415039,0.0173206012570148,0.1576094776391983,4.915672779083252
E081_box023_p2_legobj,box023_person2_legobj,182,3.64,3.050006100000005,32,0.04863603226650076,0.026604832021239918,0.8074985146522522,0.8074985146522522,0.7908478379249573,0.7997690963845555,0.4432203681199093,0.4432203681199093,0.7754144716999471,0.4103804584640792,0.4103804584640792,0,0,0,0,0,0,0.034246795518438664,0.04561144366106293,0.009195599500018628,0.006805357442975993,0.42836862802505493,0.557106614112854,0.9313392854473153,0.010000109672546387,0.017320496599318943,0.20320333167910576,4.772749900817871
E081_box023_p2_legobj,box023_person2_legobj,183,3.66,3.066672800000005,32,0.04862646886859315,0.038061256807316035,0.8093916177749634,0.8093916177749634,0.7873795628547668,0.8161928897019795,0.4553021301836188,0.4553021301836188,0.7953914055953445,0.42111477411401765,0.42111477411401765,0,0,0,0,0,0,0.031430859656485684,0.044159429762338935,0.009779686388092563,0.005129924477425224,0.42123256623744965,0.5463905930519104,0.930624229011427,0.010000169277191162,0.017320531483079576,0.23157428950071335,4.655094146728516
E081_box023_p2_legobj,box023_person2_legobj,184,3.68,3.083339500000005,32,0.04854601653740516,0.04505761539612623,0.8106228709220886,0.8106228709220886,0.7872267365455627,0.8294383900451014,0.46690924108366705,0.46690924108366705,0.8097341159601268,0.43637608175412923,0.43637608175412923,0,0,0,0,0,0,0.028429370624891807,0.0423783688658568,0.010668351954298116,0.00016008876128640332,0.4416469633579254,0.5203284323215485,0.9338320325812152,0.010000109672546387,0.017320393564574977,0.2340497523546219,4.494078159332275
E081_box023_p2_legobj,box023_person2_legobj,185,3.7,3.100006200000005,32,0.04843164506508413,0.052025347341846474,0.811119794845581,0.811119794845581,0.7871770262718201,0.8398367991112557,0.47723587804139,0.47723587804139,0.8237903408238271,0.44907789303123025,0.44907789303123025,0,0,0,0,0,0,0.025202553598314435,0.04020768284186323,0.011675910008690588,0.00014022823188129997,0.44431357085704803,0.5135024134069681,0.9410427770817391,0.010000228881835938,0.017320357678129634,0.2294647991657257,4.348863124847412
E081_box023_p2_legobj,box023_person2_legobj,186,3.72,3.116672900000005,32,0.04827918281401162,0.05802917711249188,0.8106752634048462,0.8106752634048462,0.7873477935791016,0.8471706127266817,0.48528488808903036,0.48528488808903036,0.8361288237924511,0.4573722779549158,0.4573722779549158,0,0,0,0,0,0,0.021711820201029908,0.03747944102058998,0.011650346930900463,0.000182379055261503,0.41251567751169205,0.4971036836504936,0.9118787388622823,0.010000348091125488,0.01732049774851362,0.21119996905326843,4.154127597808838
E081_box023_p2_legobj,box023_person2_legobj,187,3.74,3.133339600000005,32,0.048176565585927277,0.06414067173297922,0.8090354204177856,0.8090354204177856,0.7875192165374756,0.8521789809679615,0.49048530643721494,0.49048530643721494,0.8467566999165579,0.4656626708803097,0.4656626708803097,0,0,0,0,0,0,0.017862830338861352,0.03389110220616508,0.01176845943756702,0.00011696946390821765,0.4045013543218374,0.4734455645084381,0.885076288520629,0.010000109672546387,0.017320221977140133,0.191229909658432,3.9515676498413086
E081_box023_p2_legobj,box023_person2_legobj,188,3.76,3.150006300000005,32,0.04819118509878026,0.07034848415683832,0.8058409094810486,0.8058409094810486,0.7876919507980347,0.8550217460462364,0.4921710534747818,0.4921710534747818,0.8539683471650524,0.4743667086068224,0.4743667086068224,0,0,0,0,0,0,0.01351816722643439,0.028883326005150325,0.01171290227754189,0.00023619522141617454,0.3778352104127407,0.4528902620077133,0.8208882005229409,0.010000467300415039,0.017320806317131024,0.21338707953691483,3.7555007934570312
E081_box023_p2_legobj,box023_person2_legobj,189,3.78,3.166673000000005,32,0.048178662109079895,0.07669416503126547,0.8011000156402588,0.8011000156402588,0.7880445718765259,0.8560230417424001,0.4911518408833411,0.4911518408833411,0.8596949117415854,0.48171267504715765,0.48171267504715765,0,0,0,0,0,0,0.008783474412182149,0.022499887189381097,0.011751925730559061,1.9820179300409762e-05,0.3548092981800437,0.40849243104457855,0.7622116272180876,0.010000228881835938,0.017320670343421645,0.22832481563091278,3.4786760807037354
E081_box023_p2_legobj,box023_person2_legobj,190,3.8,3.183339700000005,32,0.04809832148164046,0.08443982250673703,0.7949055433273315,0.7949055433273315,0.7888094782829285,0.8547918943622087,0.48826454893655363,0.48826454893655363,0.8623324561303165,0.4867083600762486,0.4867083600762486,0,0,0,0,0,0,0.0037820808168127842,0.014679370649935533,0.01175153486382836,0.0006574436386897265,0.34965671971440315,0.35354065895080566,0.687260825724202,0.010000228881835938,0.017320531484262096,0.2335532009601593,3.1527090072631836
E081_box023_p2_legobj,box023_person2_legobj,191,3.82,3.2000064000000052,32,0.04801486628916017,0.09145052112729499,0.7878656387329102,0.7878656387329102,0.7893044948577881,0.8522075279029974,0.48448162874106165,0.48448162874106165,0.865072221101263,0.48997035442195763,0.48997035442195763,0,0,0,0,0,0,-0.0009065258416889876,0.006117353168868439,0.011408073342670211,0.0004589617146732995,0.31494391337037086,0.3182222545146942,0.6409019453853761,0.010000001871958375,0.01732029166873765,0.22497159242630005,2.827160358428955
E081_box023_p2_legobj,box023_person2_legobj,192,3.84,3.2166731000000053,32,0.04791501281932546,0.09554866752555373,0.7837989926338196,0.7837989926338196,0.7891583442687988,0.8524387388729052,0.48320543347646305,0.48320543347646305,0.8682398461260276,0.4891423422120703,0.4891423422120703,0,0,0,0,0,0,-0.0025541700774739176,0.0019327211455954924,0.0038117897325841764,0.0005619612543718801,0.2470656461082399,0.25476696342229843,0.5710320809207791,0.009999996982514858,0.017320288845784605,0.2029089480638504,2.4699995517730713
E081_box023_p2_legobj,box023_person2_legobj,193,3.86,3.2333398000000053,32,0.04784170167367333,0.09725227556419445,0.7844215035438538,0.7844215035438538,0.7890772819519043,0.8573991022944567,0.48467213977625045,0.48467213977625045,0.8705272753979106,0.4888333935062133,0.4888333935062133,0,0,0,0,0,0,0.0003914981901576367,0.002454768004351328,0.0010801024327597452,0.0003408113893864736,0.20667845098068938,0.23727361112833023,0.543665908224568,0.010000228881835938,0.017320428248688496,0.16763009130954742,2.254601240158081
E081_box023_p2_legobj,box023_person2_legobj,194,3.88,3.2500065000000053,32,0.04782732153998022,0.09757504378698036,0.7855885028839111,0.7855885028839111,0.7891561985015869,0.8631502104728812,0.48761881972269705,0.48761881972269705,0.871049464616737,0.4899539574847789,0.4899539574847789,0,0,0,0,0,0,0.003470721538423975,0.004135757870682273,0.0010537130504631909,0.0006429154889665775,0.15018086321651936,0.2259959988296032,0.512405824924429,0.010000467300415039,0.017320632778487707,0.1264784038066864,2.0480024814605713
E081_box023_p2_legobj,box023_person2_legobj,195,3.9,3.2666732000000054,32,0.0478196432517578,0.09668598236769992,0.78687983751297,0.78687983751297,0.7888959050178528,0.8690167524314744,0.4917912644032969,0.4917912644032969,0.8715974422647338,0.4898126756009079,0.4898126756009079,0,0,0,0,0,0,0.006164722014738437,0.006454661035293553,0.0014390875001589452,0.0005647470141205296,0.111162468791008,0.21185348462313414,0.49858391685635406,0.010000001639127731,0.01732039477234705,0.10747169330716133,2.257481098175049
E081_box023_p2_legobj,box023_person2_legobj,196,3.92,3.2833399000000054,32,0.04782642356764869,0.09380416750075758,0.7881267070770264,0.7881267070770264,0.7877697348594666,0.8748237356997683,0.49667103133811935,0.49667103133811935,0.8723634001280874,0.48654644221277504,0.48654644221277504,0,0,0,0,0,0,0.00813940843264456,0.009076418961431847,0.001446736329558586,0.0006751441728922026,0.10138224810361862,0.20205553248524666,0.4821270811775306,0.010000348091125488,0.017320357482271977,0.10238736495375633,2.2802982330322266
E081_box023_p2_legobj,box023_person2_legobj,197,3.94,3.3000066000000055,32,0.04780242825170584,0.09103178245156898,0.7891371846199036,0.7891371846199036,0.7867124080657959,0.8803846041742753,0.5011705073821805,0.5011705073821805,0.8730027040370836,0.48273424566980616,0.48273424566980616,0,0,0,0,0,0,0.009113869804285357,0.011752644743695417,0.0014627304266264635,0.000551061628059853,0.07969147525727749,0.20564073137938976,0.4624311710850756,0.010000526905059814,0.017320669276245954,0.09233598783612251,2.090676784515381
E081_box023_p2_legobj,box023_person2_legobj,198,3.96,3.3166733000000055,32,0.04769732260384273,0.08851037027646237,0.7898256778717041,0.7898256778717041,0.7858371138572693,0.8848793044102268,0.5045606788261771,0.5045606788261771,0.8734363059522551,0.47747005842000245,0.47747005842000245,0,0,0,0,0,0,0.009148116207441763,0.01426284221744445,0.0010067781916099229,0.0006298330797123026,0.08044469729065895,0.19759291037917137,0.3995967388212975,0.010000001289881766,0.0173204289831089,0.10219898447394371,1.7201292514801025
E081_box023_p2_legobj,box023_person2_legobj,199,3.98,3.3333400000000055,32,0.04759926954505395,0.08638418352969134,0.7900387644767761,0.7900387644767761,0.7849376797676086,0.8882906799739755,0.5058300350812746,0.5058300350812746,0.8746197988871119,0.47189217499122404,0.47189217499122404,0,0,0,0,0,0,0.008117093748691927,0.016457035411569634,0.0007310441361652758,0.0005484187558961982,0.06569213047623634,0.18479076027870178,0.3571967080308951,0.009999998030252755,0.017320014153089782,0.11534495651721954,1.270026445388794
E081_box023_p2_legobj,box023_person2_legobj,200,4.0,3.3500067000000056,32,0.047521959690148385,0.08504754455038303,0.7897477149963379,0.7897477149963379,0.7839716672897339,0.891044335544472,0.504433224444696,0.504433224444696,0.8778964711661821,0.46530833959000695,0.46530833959000695,0,0,0,0,0,0,0.006104512105458676,0.018368415041620744,0.000490483997512888,0.0006526576955185497,0.059203523909673095,0.18584496155381203,0.34076418526694574,0.010000467300415039,0.01732056469481378,0.1332625038921833,0.9807243347167969
E081_box023_p2_legobj,box023_person2_legobj,201,4.02,3.3666734000000056,32,0.04744617346615325,0.08362846412628071,0.788899838924408,0.788899838924408,0.783204972743988,0.8927850979854405,0.5002859721797203,0.5002859721797203,0.8805360620085565,0.45917555010567784,0.45917555010567784,0,0,0,0,0,0,0.0032365584928955166,0.019749488066955957,0.00018975439510144384,0.0006174799135035661,0.05906388349831104,0.1604663081234321,0.3167839700006676,0.01000000024214387,0.017320428378231875,0.14735324680805206,1.2046817541122437
E081_box023_p2_legobj,box023_person2_legobj,202,4.04,3.3833401000000056,32,0.04737670050617511,0.08209499430930142,0.7874212861061096,0.7874212861061096,0.7830077409744263,0.8927129104005459,0.4940003318592138,0.4940003318592138,0.8816001092264848,0.4542054684580653,0.4542054684580653,0,0,0,0,0,0,-0.0005489795459065194,0.020396827036038203,0.0005218613761265978,0.0007042269435036585,0.056200986728072166,0.19578858721069992,0.2925597070289744,0.010000228881835938,0.017320703680711192,0.15751240029931068,1.4408550262451172
E081_box023_p2_legobj,box023_person2_legobj,203,4.06,3.4000068000000057,32,0.04731671338051927,0.08083640315644032,0.7861593961715698,0.7861593961715698,0.7830144762992859,0.8910846931441361,0.48667628555802955,0.48667628555802955,0.882520547046929,0.44912463961835314,0.44912463961835314,0,0,0,0,0,0,-0.0038002707306285313,0.021435180447222153,0.0016606359438857757,0.000641005524930964,0.032597081270068884,0.21217676252126694,0.28863756191803625,0.010000109672546387,0.017320460641159895,0.15799711644649506,1.0966215133666992
E081_box023_p2_legobj,box023_person2_legobj,204,4.08,3.4166735000000057,32,0.04728499182147326,0.08004472430262251,0.7874518632888794,0.7874518632888794,0.7836271524429321,0.8897047893830385,0.4807071001448181,0.4807071001448181,0.8830271585885264,0.44263362533420114,0.44263362533420114,0,0,0,0,0,0,-0.004017417426829227,0.024485894338884172,0.0009477478860958145,0.0006682849768617228,0.005300963297486305,0.23797307489439845,0.33104145559822973,0.010000467300415039,0.01732042637822009,0.1439325325191021,0.9956552982330322
E081_box023_p2_legobj,box023_person2_legobj,205,4.1,3.4333402000000057,32,0.047246516906291586,0.07966279024624728,0.7891210913658142,0.7891210913658142,0.7841455340385437,0.886022089198659,0.4756471537401695,0.4756471537401695,0.882813747311295,0.43738634864894915,0.43738634864894915,0,0,0,0,0,0,-0.0037023014669723825,0.027529811196485173,0.001937381827202739,0.0006718511376813132,-0.023120801895856857,0.2184095955453813,0.37341725601559445,0.009999994188547134,0.017320321645494803,0.12432491034269333,1.3533164262771606
E081_box023_p2_legobj,box023_person2_legobj,206,4.12,3.4500069000000058,32,0.04718747554004821,0.07983094772988011,0.7904199957847595,0.7904199957847595,0.7843724489212036,0.879068353964384,0.47136233097493635,0.47136233097493635,0.8804727698071926,0.43465440653611526,0.43465440653611526,0,0,0,0,0,0,-0.0034576489509284616,0.029555832892846225,0.0025259649187302315,0.0006995118100413182,-0.042563410475850105,0.28087329864501953,0.39898657418758554,0.010000288486480713,0.017320599705009366,0.10190233588218689,1.9476062059402466
E081_box023_p2_legobj,box023_person2_legobj,207,4.14,3.466673600000006,32,0.04712863556585997,0.079970239465994,0.7912018299102783,0.7912018299102783,0.7846577763557434,0.8680144861445855,0.4679727435249968,0.4679727435249968,0.8772583727463652,0.43257549208465984,0.43257549208465984,0,0,0,0,0,0,-0.003315665834456999,0.030407148414425766,0.002661571927523384,0.000708055910842773,-0.07394058257341385,0.37360867857933044,0.4764869501399785,0.01000000024214387,0.017320462790735573,0.08477187156677246,2.625270128250122
E081_box023_p2_legobj,box023_person2_legobj,208,4.16,3.483340300000006,32,0.04707013104135635,0.07962677726616127,0.7913778424263,0.7913778424263,0.7851313352584839,0.8522298847828572,0.465884103501822,0.465884103501822,0.8711527976689318,0.4320656754814433,0.4320656754814433,0,0,0,0,0,0,-0.0032738137966338843,0.030116063757430304,0.0020681678024536934,0.0006916019686332667,-0.08532975986599922,0.43905898928642273,0.5387229923502564,0.010000944137573242,0.01732073597475588,0.10923135280609131,3.2419683933258057
E081_box023_p2_legobj,box023_person2_legobj,209,4.18,3.500007000000006,32,0.04701765344337147,0.077843652093893,0.7909911870956421,0.7909911870956421,0.7857348918914795,0.8308647851301383,0.4645960772379789,0.4645960772379789,0.8632073681286269,0.43218235018056794,0.43218235018056794,0,0,0,0,0,0,-0.00327126570457921,0.02876862764930939,0.0017432038667979223,0.0006462633080248201,-0.0987066961824894,0.5227887630462646,0.641393181139839,0.009999994654208422,0.017320253089245168,0.13794445991516113,3.8905675411224365
E081_box023_p2_legobj,box023_person2_legobj,210,4.2,3.516673700000006,32,0.046984796626433636,0.0714088777289337,0.7901306748390198,0.7901306748390198,0.7867746353149414,0.8020160385100508,0.4644833823104439,0.4644833823104439,0.8493582062670425,0.43405505075555406,0.43405505075555406,0,0,0,0,0,0,-0.0033029512353726642,0.026595267488211546,0.002285485777356075,0.0005759617626508843,-0.12354489415884018,0.60997574031353,0.7711107640285969,0.010000348091125488,0.017320738094788308,0.1567651629447937,4.616814136505127
E081_box023_p2_legobj,box023_person2_legobj,211,4.22,3.533340400000006,32,0.046941795228210965,0.06553004509245333,0.7888175249099731,0.7888175249099731,0.7874683737754822,0.7653507375359199,0.4650914856093476,0.4650914856093476,0.8318942254736563,0.4361285619809474,0.4361285619809474,0,0,0,0,0,0,-0.003374150394753153,0.023652998860229528,0.0036928053371994194,0.0005603395233712721,-0.11330308020114899,0.6672663018107414,0.863535999741482,0.010000228881835938,0.017320565896460804,0.17699775099754333,5.244403839111328
E081_box023_p2_legobj,box023_person2_legobj,212,4.24,3.550007100000006,32,0.0468630017621482,0.06141477580793908,0.7871042490005493,0.7871042490005493,0.7869510650634766,0.7213352748289581,0.4661315366848425,0.4661315366848425,0.8044303812946788,0.4388799929306909,0.4388799929306909,0,0,0,0,0,0,-0.003483230831258455,0.020139999750711214,0.0040450748220787975,0.000636802631298274,-0.09983111172914505,0.6949233114719391,0.9219738940803336,0.010000348091125488,0.01732070287582482,0.17445304989814758,5.7780609130859375
E081_box023_p2_legobj,box023_person2_legobj,213,4.26,3.566673800000006,32,0.04679013346841759,0.05701276358401426,0.7851271033287048,0.7851271033287048,0.7861357927322388,0.6713602638936177,0.4674460733571963,0.4674460733571963,0.7734500981903337,0.44160431130901895,0.44160431130901895,0,0,0,0,0,0,-0.003573033485861736,0.016237618096325172,0.004530760269910355,0.0023291745897245585,-0.0788482278585434,0.7047902643680573,0.9699323116346361,0.010000001406297088,0.017320291399888,0.17533518373966217,6.1489386558532715
E081_box023_p2_legobj,box023_person2_legobj,214,4.28,3.583340500000006,32,0.04673907934046398,0.05171781379208564,0.7830528020858765,0.7830528020858765,0.7842314839363098,0.6175025658183945,0.4685164643540924,0.4685164643540924,0.7351514488040809,0.4439940237616717,0.4439940237616717,0,0,0,0,0,0,-0.0035434213716180607,0.012009265643934307,0.005140116535459195,0.008536620535614575,-0.024608999490737915,0.7102924287319183,1.0250473852058524,0.010000228881835938,0.01732070354628605,0.22932088375091553,6.424885272979736
E081_box023_p2_legobj,box023_person2_legobj,215,4.3,3.600007200000006,32,0.04668190226942697,0.046866514063933065,0.781269907951355,0.781269907951355,0.7825844287872314,0.5635564062901809,0.4697667421060413,0.4697667421060413,0.6914848662967407,0.4472687390378379,0.4472687390378379,0,0,0,0,0,0,-0.0031993559288219925,0.00783086964046071,0.006036145530011352,0.006964347549299427,-0.005143165588378906,0.6857181191444397,1.0403939487702023,0.009999999892897904,0.01732042817655241,0.26999884843826294,6.489853382110596
E081_box023_p2_legobj,box023_person2_legobj,216,4.32,3.616673900000006,32,0.046601202327731836,0.04338832089679703,0.7807630896568298,0.7807630896568298,0.7819206118583679,0.5134483479495928,0.4732125448501015,0.4732125448501015,0.6309550207901364,0.4542492746242716,0.4542492746242716,0,0,0,0,0,0,-0.002183758201177985,0.007100163409002179,0.0010505466172415674,0.0004929067785440694,0.02130923420190811,0.6405131816864014,1.0145198160237927,0.009999998030252755,0.017320117388273257,0.251914381980896,6.237488746643066
E081_box023_p2_legobj,box023_person2_legobj,217,4.34,3.633340600000006,32,0.046525261129121295,0.04172395780654968,0.780438244342804,0.780438244342804,0.7811890840530396,0.46964301174397133,0.4772985162316353,0.46964301174397133,0.565501784828047,0.4598892244488155,0.4598892244488155,0,0,0,0,0,0,-0.0014072109859551221,0.0071332032504454745,0.00016457335698543706,0.0006332770117208269,0.028282396495342255,0.6359040886163712,0.9885507278534409,0.010000228881835938,0.01732056643409217,0.22590840607881546,5.801859378814697
E081_box023_p2_legobj,box023_person2_legobj,218,4.36,3.650007300000006,32,0.046468687953935904,0.03885322310427995,0.7802055478096008,0.7802055478096008,0.7801865935325623,0.4349671518334167,0.48159592809769874,0.4349671518334167,0.4931582084463207,0.4594684650382867,0.4594684650382867,0,0,0,0,0,0,-0.0009224292304469417,0.007537155930761881,0.0005422053206889198,0.0005545186671862351,0.027481593191623688,0.6359680891036987,0.9466327704092407,0.010000050067901611,0.01732039282399302,0.15677203983068466,5.662911891937256
E081_box023_p2_legobj,box023_person2_legobj,219,4.38,3.666674000000006,32,0.04641041851633682,0.03583837884509257,0.7800112962722778,0.7800112962722778,0.7791852355003357,0.4131714061382145,0.48593351757488784,0.4131714061382145,0.4358400275104416,0.45974295122222203,0.4358400275104416,0,0,0,0,0,0,-0.0006359777469345448,0.008093603741026092,0.0011644831191626375,0.00044442128904854066,0.017958566546440125,0.6022997349500656,0.8953095373936132,0.010000348091125488,0.017320291685147815,0.09654609858989716,6.1314520835876465
E081_box023_p2_legobj,box023_person2_legobj,220,4.4,3.6833407000000062,32,0.0463449360015268,0.03063119259298441,0.7797794342041016,0.7797794342041016,0.7781888246536255,0.40641029694543207,0.4897825033852544,0.40641029694543207,0.40219555228790715,0.4622506366899981,0.40219555228790715,0,0,0,0,0,0,-0.000518862988403021,0.008630789826620848,0.0016716195915536314,0.0006410924446083804,0.007197923958301544,0.5490141212940216,0.8119144907079953,0.010000288486480713,0.01732073943816559,0.08121618628501892,6.410368919372559
E081_box023_p2_legobj,box023_person2_legobj,221,4.42,3.7000074000000063,32,0.04628325282617873,0.027645756680528457,0.7792616486549377,0.7792616486549377,0.7772700786590576,0.4130779611619158,0.49275775805607064,0.4130779611619158,0.38723498795106204,0.4653329562342648,0.38723498795106204,0,0,0,0,0,0,-0.0006375678224220041,0.008503289681172553,0.003139556110923857,0.00026941425380314977,-0.006315730512142181,0.49187907576560974,0.7353419525361837,0.009999999892897904,0.017320187290973964,0.07568100839853287,6.49904727935791
E081_box023_p2_legobj,box023_person2_legobj,222,4.44,3.7166741000000063,32,0.04624166588610293,0.025712775512497506,0.778379499912262,0.778379499912262,0.7766934037208557,0.42837436067277496,0.49421072210616446,0.42837436067277496,0.38942315893138435,0.47012975900312737,0.38942315893138435,0,0,0,0,0,0,-0.0009059150302185362,0.007573386986838057,0.004385386361407256,0.0003192503638256586,-0.023545287549495697,0.4173564314842224,0.6567871662684703,0.010000228881835938,0.015085027294110964,0.07228191196918488,6.223208904266357
E081_box023_p2_legobj,box023_person2_legobj,223,4.46,3.7333408000000063,32,0.046207235142743074,0.024312703602597147,0.7772199511528015,0.7772199511528015,0.7762390375137329,0.44703364643586524,0.494024165985814,0.44703364643586524,0.4029708385375581,0.47563057901051575,0.4029708385375581,0,0,0,0,0,0,-0.0012150229801859147,0.005954882759480355,0.005836257448369747,0.001273057904339228,-0.03574415296316147,0.3820798993110657,0.5808076412678126,0.01000058650970459,0.015085348342787911,0.06973841786384583,5.7657623291015625
E081_box023_p2_legobj,box023_person2_legobj,224,4.48,3.7500075000000064,32,0.046214412382549495,0.02766065646519686,0.7757636308670044,0.7757636308670044,0.7763503193855286,0.464692672420541,0.492480092663232,0.464692672420541,0.42194955340079376,0.48360378091770606,0.42194955340079376,0,0,0,0,0,0,-0.0017030167204167626,0.0037848316032917037,0.007225634202965744,0.008072288502939869,-0.06173628568649292,0.346264123916626,0.4998829050743112,0.010000001173466444,0.017320188028257195,0.07593166828155518,4.942074775695801
E081_box023_p2_legobj,box023_person2_legobj,225,4.5,3.7666742000000064,32,0.04620615673686103,0.032721914153240425,0.7750296592712402,0.7750296592712402,0.7764092087745667,0.4792473253977252,0.4915271567701493,0.4792473253977252,0.44256912790052133,0.4902721596713584,0.44256912790052133,0,0,0,0,0,0,-0.0017701422077849513,0.003394532331819272,0.000850184560583304,0.0066817855256739046,-0.06461198627948761,0.30941513180732727,0.4352757646271444,0.009999998612329364,0.01732025537533658,0.07712569832801819,4.006471633911133
E081_box023_p2_legobj,box023_person2_legobj,226,4.52,3.7833409000000064,32,0.04610916654731594,0.03105180933104855,0.7742593288421631,0.7742593288421631,0.776212751865387,0.48865112309137393,0.48987054105212013,0.48865112309137393,0.4549478129758846,0.4903805870004837,0.4549478129758846,0,0,0,0,0,0,-0.002175935930039466,0.0032229328933626317,0.00016866992540690012,0.0006627196224780396,-0.07094120234251022,0.24738293886184692,0.3636775082641948,0.010000407695770264,0.017320874805198627,0.07584965229034424,3.227792739868164
E081_box023_p2_legobj,box023_person2_legobj,227,4.54,3.8000076000000065,32,0.04602489674033549,0.028367990326204743,0.7734140157699585,0.7734140157699585,0.7759771943092346,0.4933775467890638,0.48732582054543905,0.48732582054543905,0.466526457692691,0.48971108772952565,0.466526457692691,0,0,0,0,0,0,-0.002796595588481547,0.003095706490063306,0.00018020486160984765,0.0015381594000958105,-0.05625877529382706,0.20481085777282715,0.32441918544926773,0.010000348091125488,0.01732090975558382,0.06784510612487793,2.705190420150757
E081_box023_p2_legobj,box023_person2_legobj,228,4.56,3.8166743000000065,32,0.046008091101644624,0.022689807418219167,0.7724515795707703,0.7724515795707703,0.7755408883094788,0.4932967893406966,0.48342604449345655,0.48342604449345655,0.4688528019347193,0.4850001382188859,0.4688528019347193,0,0,0,0,0,0,-0.0035937484072258233,0.003043710805721557,0.00017168232385579167,0.006963371999239585,-0.04058239609003067,0.17114895582199097,0.3061048059595767,0.01000000478234142,0.017320155699205104,0.06132632493972778,2.1836414337158203
E081_box023_p2_legobj,box023_person2_legobj,229,4.58,3.8333410000000065,32,0.045988754222204616,0.017812099303854568,0.772519588470459,0.772519588470459,0.7751048803329468,0.4898575652459197,0.4785176537205572,0.4785176537205572,0.47017380049133384,0.48014857802530936,0.47017380049133384,0,0,0,0,0,0,-0.0034230223291093764,0.003814663012919453,0.0011866274016860542,0.00597350052508392,-0.01509740948677063,0.18074476718902588,0.3039450134978929,0.00999999896157533,0.017320255576156074,0.0491756796836853,1.7475296258926392
E081_box023_p2_legobj,box023_person2_legobj,230,4.6,3.8500077000000066,32,0.04595765127143559,0.016784408355970882,0.7729906439781189,0.7729906439781189,0.7746701836585999,0.4832544028662144,0.4736901074391987,0.4736901074391987,0.4650427423729538,0.47417793084268534,0.4650427423729538,0,0,0,0,0,0,-0.0031446603678770835,0.00534938839120256,0.0006468833470741589,0.0006683958837646991,0.04991352558135986,0.19425982236862183,0.33116862130475816,0.010000228881835938,0.017320735472294967,0.04256126284599304,1.6220999956130981
E081_box023_p2_legobj,box023_person2_legobj,231,4.62,3.8666744000000066,32,0.04592760169053157,0.01664400003301349,0.773496687412262,0.773496687412262,0.7742584943771362,0.4743632800627991,0.4687408454846557,0.4687408454846557,0.45975181979605123,0.46791606730963936,0.45975181979605123,0,0,0,0,0,0,-0.0029937145365784568,0.007171382092683941,0.0023568017083702626,0.0005412074482619436,0.0834125392138958,0.20344586670398712,0.34541444916130976,0.010000467300415039,0.017320768880344856,0.05107507109642029,1.7296568155288696
E081_box023_p2_legobj,box023_person2_legobj,232,4.64,3.8833411000000067,32,0.045908163412332254,0.01749983203240921,0.7738884687423706,0.7738884687423706,0.7739791870117188,0.4640696797770523,0.4635828698214209,0.4635828698214209,0.45337939372581354,0.459631535373761,0.45337939372581354,0,0,0,0,0,0,-0.0029593417424510216,0.009149014102198746,0.00410315031633128,0.00036556246232158054,0.10607418790459633,0.19830083847045898,0.3452571215490603,0.010000169277191162,0.017320667856180607,0.055961161851882935,1.7530713081359863
E081_box023_p2_legobj,box023_person2_legobj,233,4.66,3.9000078000000067,32,0.04588469138392305,0.018463102363460274,0.7741629481315613,0.7741629481315613,0.773608386516571,0.4530446817878332,0.45823459661156984,0.4530446817878332,0.4465071798878825,0.4515640051866394,0.4465071798878825,0,0,0,0,0,0,-0.0029273044957534716,0.01115281857715679,0.005217421494058465,0.00030055043247892665,0.12217653566040099,0.19894316792488098,0.3502756435214821,0.010000228881835938,0.017320599636541038,0.06001847982406616,1.755163550376892
E081_box023_p2_legobj,box023_person2_legobj,234,4.68,3.9166745000000067,32,0.04583817183859394,0.02005688818927648,0.7742819786071777,0.7742819786071777,0.772678554058075,0.44235111682960854,0.45262944273712236,0.44235111682960854,0.4351028959050001,0.44435055712079813,0.4351028959050001,0,0,0,0,0,0,-0.002892657135139795,0.012974909624214659,0.005763148071815398,0.0004853428508053221,0.14350341446697712,0.17538471519947052,0.33879559289632283,0.009999999077990651,0.01732049653130507,0.057324498891830444,1.666481375694275
E081_box023_p2_legobj,box023_person2_legobj,235,4.7,3.9333412000000068,32,0.04579136537024875,0.021954717235836644,0.774317741394043,0.774317741394043,0.7717069983482361,0.43208206639148544,0.44701172987100546,0.43208206639148544,0.4233653623936841,0.4369206706178128,0.4233653623936841,0,0,0,0,0,0,-0.0027594778986475693,0.014706584453443389,0.005752174983418059,0.0003637692796985262,0.13370462134480476,0.17738953232765198,0.340811366676349,0.010000003152526915,0.01732039564569862,0.0537838339805603,1.63546621799469
E081_box023_p2_legobj,box023_person2_legobj,236,4.72,3.950007900000007,32,0.045743365927675125,0.026013894917615042,0.7742494940757751,0.7742494940757751,0.770463764667511,0.4226142610044889,0.44225317780542,0.4226142610044889,0.4069903269997372,0.42681962059657785,0.4069903269997372,0,0,0,0,0,0,-0.0026588169053603297,0.01618362972296572,0.004693332203424768,0.0002073960140473624,0.10255967639386654,0.1504610776901245,0.305410096644612,0.010000348091125488,0.01732083844272183,0.04623571038246155,1.5236587524414062
E081_box023_p2_legobj,box023_person2_legobj,237,4.74,3.966674600000007,32,0.04569497244906664,0.0310069226821858,0.7740635275840759,0.7740635275840759,0.7693121433258057,0.4138857230489495,0.4381698932003697,0.4138857230489495,0.3924377170296534,0.4175575842584394,0.3924377170296534,0,0,0,0,0,0,-0.0026262488070757234,0.017363602298412953,0.0034774492242031457,0.00031469228358511984,0.06957967765629292,0.14527934789657593,0.3007886806390417,0.01000058650970459,0.017321011181810307,0.0383915901184082,1.4644131660461426
E081_box023_p2_legobj,box023_person2_legobj,238,4.76,3.983341300000007,32,0.04564357873162123,0.033229656178213406,0.7738313674926758,0.7738313674926758,0.7687963247299194,0.4063430848424272,0.43539934297201843,0.4063430848424272,0.3825594076238764,0.4117816688296406,0.3825594076238764,0,0,0,0,0,0,-0.0026396480779201786,0.018429636852553333,0.001950476499230278,0.000682749219775715,0.00824834406375885,0.12375830858945847,0.25931048522108074,0.010000288486480713,0.017320393637927905,0.03715221583843231,1.352923035621643
E081_box023_p2_legobj,box023_person2_legobj,239,4.78,4.0000080000000064,32,0.045586365607298764,0.03559565000329662,0.7736561298370361,0.7736561298370361,0.7683423757553101,0.3998969485768016,0.4337137325422767,0.3998969485768016,0.37394324640257764,0.4064783733485332,0.37394324640257764,0,0,0,0,0,0,-0.0026466505382894898,0.0193926891409475,0.0006705639194013168,0.0006751660647020661,-0.025059901177883148,0.13350903987884521,0.2571470542659286,0.009999998612329364,0.017320427437222365,0.04300369322299957,1.2694200277328491
E081_box023_p2_legobj,box023_person2_legobj,240,4.8,4.0166747000000065,32,0.04548450196721763,0.0365923677161756,0.7736847996711731,0.7736847996711731,0.7683483958244324,0.394825972337257,0.433306628474174,0.394825972337257,0.3673608298147121,0.4035017408504186,0.3673608298147121,0,0,0,0,0,0,-0.0025126753191697104,0.020349280110591318,0.0002999845604292791,0.0006735347589106334,-0.0668368823826313,0.16717743128538132,0.25237749964078093,0.009999990463256836,0.016660541638588357,0.047095686197280884,1.0849837064743042
E081_box023_p2_legobj,box023_person2_legobj,241,4.82,4.0333414000000065,32,0.04539035969793158,0.037546718799287254,0.7738680243492126,0.7738680243492126,0.7684337496757507,0.39095780932689383,0.43373630869226787,0.39095780932689383,0.36213057158754314,0.4011155869520626,0.36213057158754314,0,0,0,0,0,0,-0.0022766681194321334,0.021123134489966035,0.0010509871923078916,0.0006497748222496879,-0.09101571328938007,0.18528755009174347,0.25175430444327696,0.010000288486480713,0.016660862453644263,0.05381667613983154,0.8990004062652588
E081_box023_p2_legobj,box023_person2_legobj,242,4.84,4.0500081000000066,32,0.04535481818926641,0.03648006365488521,0.7741323709487915,0.7741323709487915,0.7691534161567688,0.38867340451374,0.43521287754348087,0.38867340451374,0.36032582196737034,0.40194315930338015,0.36032582196737034,0,0,0,0,0,0,-0.0020029641716196728,0.02144208275873321,0.001368171310764813,0.0006640153298663636,-0.09330788627266884,0.18641991913318634,0.23934142022841848,0.010000467300415039,0.01732101151664,0.057399898767471313,0.571744441986084
E081_box023_p2_legobj,box023_person2_legobj,243,4.86,4.066674800000007,32,0.045319481094727755,0.03577423832296233,0.7744877338409424,0.7744877338409424,0.769804835319519,0.38776553118331547,0.43746950261053297,0.38776553118331547,0.35870624962489916,0.40279237190165856,0.35870624962489916,0,0,0,0,0,0,-0.0016511882142883003,0.02130682597920156,0.0019708620711603743,0.0006909453284200607,-0.09803881123661995,0.20032230764627457,0.25648443904740753,0.010000348091125488,0.017320770759815907,0.06318128108978271,0.6471565961837769
E081_box023_p2_legobj,box023_person2_legobj,244,4.88,4.083341500000007,32,0.04528226858375881,0.0358819604847044,0.7747483849525452,0.7747483849525452,0.7698659300804138,0.3880788898483479,0.44038322771732585,0.3880788898483479,0.35744387330179195,0.40363933550975356,0.35744387330179195,0,0,0,0,0,0,-0.0012960304294217032,0.020734120568823927,0.0019029034314281931,0.0006546774463534145,-0.09044788032770157,0.19881737232208252,0.28191282309991195,0.010000169277191162,0.01732060097996234,0.07166026532649994,0.680393636226654
E081_box023_p2_legobj,box023_person2_legobj,245,4.9,4.100008200000007,32,0.04524853100829814,0.0359464227044904,0.7749913930892944,0.7749913930892944,0.7699001431465149,0.38961291453011376,0.44379592725592354,0.38961291453011376,0.35646849616756954,0.4047585587672244,0.35646849616756954,0,0,0,0,0,0,-0.0008576482345389047,0.01987668187549301,0.0022381220503157715,0.0006310569855957094,-0.09692315757274628,0.2116367444396019,0.3144045666772304,0.009999999543651938,0.017320359149434604,0.08049994707107544,0.741317629814148
E081_box023_p2_legobj,box023_person2_legobj,246,4.92,4.116674900000007,32,0.04523845127509039,0.034249156717570145,0.7749978303909302,0.7749978303909302,0.769682765007019,0.3920254346129405,0.44790648639672725,0.3920254346129405,0.35743291903584984,0.4082742204785346,0.35743291903584984,0,0,0,0,0,0,-0.0005020505687505852,0.018737919985263113,0.00242214164830819,0.00021638823919614895,-0.10386280715465546,0.19178904592990875,0.31896928460088037,0.010000348091125488,0.01732083992136268,0.08569422364234924,0.8444437980651855
E081_box023_p2_legobj,box023_person2_legobj,247,4.94,4.133341600000007,32,0.04522711375211206,0.032454326986965036,0.7748643755912781,0.7748643755912781,0.7695019841194153,0.39535138874026304,0.45275716599947025,0.39535138874026304,0.3587021445490433,0.4121237954898724,0.3587021445490433,0,0,0,0,0,0,-0.00012620173102327603,0.017320707055225128,0.0029047719061755938,0.0001233923224673742,-0.11803247779607773,0.19799865782260895,0.3442791083623696,0.010000228881835938,0.01732049525754518,0.08963567018508911,0.8973026275634766
E081_box023_p2_legobj,box023_person2_legobj,248,4.96,4.150008300000007,32,0.045203524719423016,0.029373761065680015,0.7745505571365356,0.7745505571365356,0.769695520401001,0.3991458559626294,0.4584039831878395,0.3991458559626294,0.3623409009591228,0.41740032865024956,0.3623409009591228,0,0,0,0,0,0,0.00013189388897694165,0.015711631462239903,0.0028147574715790672,0.0005331137976720626,-0.11701059341430664,0.16683761775493622,0.333259489128133,0.010000109672546387,0.017320358547784957,0.08651848137378693,0.9932569265365601
E081_box023_p2_legobj,box023_person2_legobj,249,4.98,4.166675000000007,32,0.04517732570067376,0.02622593877418143,0.7741705775260925,0.7741705775260925,0.7699095606803894,0.40337895360297177,0.4648361475870362,0.40337895360297177,0.3666351277273531,0.4232155632615759,0.3666351277273531,0,0,0,0,0,0,0.0003460993356562761,0.014091738421671454,0.002738708655006384,0.0005483506407077264,-0.13955900818109512,0.16615937650203705,0.34428849856215826,0.010000109672546387,0.017320496733746835,0.08143110573291779,1.1080318689346313
E081_box023_p2_legobj,box023_person2_legobj,250,5.0,4.183341700000007,32,0.04512128304167433,0.02070331481139144,0.7737311720848083,0.7737311720848083,0.770354151725769,0.4076279961938835,0.4715725092301469,0.4076279961938835,0.3748700522053817,0.43182576117774185,0.3748700522053817,0,0,0,0,0,0,0.00043073294992856254,0.01264240707099648,0.0029412819855749958,0.000467445195884674,-0.16284850239753723,0.16284850239753723,0.3412460254264977,0.010000228881835938,0.017320429929006283,0.07014989852905273,1.242432713508606
E081_box023_p2_legobj,box023_person2_legobj,251,5.02,4.200008400000007,32,0.04506945630267217,0.01559998003967972,0.7731940746307373,0.7731940746307373,0.7707817554473877,0.41191617341966397,0.4784008413435049,0.41191617341966397,0.38379936178683777,0.44088490243635736,0.38379936178683777,0,0,0,0,0,0,0.00039249313388260015,0.011330873085866097,0.0031158899154855105,0.0005079048759437455,-0.18739809095859528,0.18739809095859528,0.3498016808210588,0.010000169277191162,0.017320602257000654,0.05821138620376587,1.3349453210830688
E081_box023_p2_legobj,box023_person2_legobj,252,5.04,4.216675100000007,32,0.04507159133048159,0.011601608590192857,0.7723926901817322,0.7723926901817322,0.770997166633606,0.41585144422664105,0.4844578960153227,0.41585144422664105,0.38935143532229605,0.4503564445948383,0.38935143532229605,0,0,0,0,0,0,0.00012226566350762025,0.010022178679331167,0.00251369864975332,0.000492376753207775,-0.18605464696884155,0.18605464696884155,0.33080739260162073,0.009999997564591467,0.017320495657527135,0.0476127564907074,1.4218382835388184
E081_box023_p2_legobj,box023_person2_legobj,253,5.06,4.233341800000007,32,0.045066333762881605,0.00845248775104825,0.7714027166366577,0.7714027166366577,0.771161675453186,0.4195384054753112,0.4896923430097837,0.4195384054753112,0.3948095963255128,0.45987135888449626,0.3948095963255128,0,0,0,0,0,0,-0.00027779340265418617,0.008720610942813393,0.0020808766393262297,0.0005116105372805587,-0.20337337255477905,0.20337337255477905,0.333987888455247,0.010000228881835938,0.01732070408398069,0.0366593599319458,1.4952794313430786
E081_box023_p2_legobj,box023_person2_legobj,254,5.08,4.250008500000007,32,0.044957217600670604,0.01224501687739186,0.7702382206916809,0.7702382206916809,0.7706137299537659,0.4222536888372925,0.4940722138264673,0.4222536888372925,0.3945970192292467,0.4644762004675733,0.3945970192292467,0,0,0,0,0,0,-0.0008255552454061454,0.007437125125348852,0.0007683709265106798,0.0007166183273700855,-0.20083346962928772,0.20083346962928772,0.32116886001197364,0.010000109672546387,0.017320431337200418,0.045073628425598145,1.4762539863586426
E081_box023_p2_legobj,box023_person2_legobj,255,5.1,4.266675200000007,32,0.04485738939053567,0.016092543055607762,0.7689732313156128,0.7689732313156128,0.7700597047805786,0.42442806549763346,0.49756744155866134,0.42442806549763346,0.394531598329868,0.4692869687724327,0.394531598329868,0,0,0,0,0,0,-0.0014499583390980147,0.006113130674187506,0.0013256535386750314,0.0006985533573576403,-0.20772606134414673,0.20772606134414673,0.3210856218837877,0.01000000222120434,0.017320016581015105,0.05482888221740723,1.4424207210540771
E081_box023_p2_legobj,box023_person2_legobj,256,5.12,4.283341900000007,32,0.044905373889366204,0.017913258588278833,0.7681035399436951,0.7681035399436951,0.769409716129303,0.4266231955334455,0.4999466805709225,0.4266231955334455,0.39662685623877186,0.47392902156713185,0.39662685623877186,0,0,0,0,0,0,-0.0017716190716904959,0.005624015801588007,0.0005533608083434501,0.0007737932581604196,-0.17673653364181519,0.17673653364181519,0.28968753816356485,0.01000070571899414,0.017321081891521904,0.04354989528656006,1.4385372400283813
E081_box023_p2_legobj,box023_person2_legobj,257,5.14,4.300008600000007,32,0.04494776070867942,0.019280899329451165,0.7676450610160828,0.7676450610160828,0.7687789797782898,0.4291162533503072,0.501509834726805,0.4291162533503072,0.3989520412085895,0.47853763131166266,0.3989520412085895,0,0,0,0,0,0,-0.0018161861546017039,0.005716135543072626,0.00048101736082272845,0.0006011050660850027,-0.18135139346122742,0.18135139346122742,0.2909936666790778,0.010000228881835938,0.017320635460445963,0.03315231204032898,1.4684358835220337
E081_box023_p2_legobj,box023_person2_legobj,258,5.16,4.316675300000007,32,0.04488808040865904,0.01920234370899999,0.7672311663627625,0.7672311663627625,0.7685006856918335,0.43194068886362313,0.501536987044557,0.43194068886362313,0.40114223573318375,0.47905975242968496,0.40114223573318375,0,0,0,0,0,0,-0.0019309202239492368,0.005960533981299997,0.00044184250168895266,0.0007616667745207971,-0.1492268145084381,0.1492268145084381,0.2831530537379544,0.010000467300415039,0.017320909823596062,0.03232908248901367,1.4105381965637207
E081_box023_p2_legobj,box023_person2_legobj,259,5.18,4.333342000000007,32,0.04483035067541341,0.018921444864400654,0.7668490409851074,0.7668490409851074,0.7682285308837891,0.43507776316980246,0.500308345905035,0.43507776316980246,0.40356156025562245,0.47954803570839216,0.40356156025562245,0,0,0,0,0,0,-0.002102602877810174,0.006355754421698036,0.00032114313045268595,0.0006076239782152237,-0.15994104743003845,0.15994104743003845,0.29093261028935846,0.010000944137573242,0.017321114968185076,0.03229248523712158,1.4052350521087646
E081_box023_p2_legobj,box023_person2_legobj,260,5.2,4.350008700000007,32,0.04481282851528191,0.018203288030804413,0.7663317918777466,0.7663317918777466,0.7680884003639221,0.43788352530034924,0.4984183118967665,0.43788352530034924,0.40728576029371927,0.4790866168381677,0.40728576029371927,0,0,0,0,0,0,-0.002491602368763002,0.006914521920356374,0.00038991304153101965,0.0006890796692197336,-0.141483873128891,0.141483873128891,0.27256514498555695,0.010000228881835938,0.017320632704708884,0.03256077691912651,1.3307511806488037
E081_box023_p2_legobj,box023_person2_legobj,261,5.22,4.366675400000007,32,0.0447938590565456,0.017741164847064752,0.7657556533813477,0.7657556533813477,0.767948567867279,0.44054339351193605,0.4961626101000842,0.44054339351193605,0.41096607770772603,0.4784986842311091,0.41096607770772603,0,0,0,0,0,0,-0.0029963525912883315,0.00758398231690334,0.0003487830568033017,0.0006363620577701508,-0.1557636260986328,0.1557636260986328,0.2802613939307724,0.010000109672546387,0.01732053208712789,0.032947152853012085,1.3379155397415161
E081_box023_p2_legobj,box023_person2_legobj,262,5.24,4.383342100000007,32,0.0447352775478435,0.02080846555051222,0.7658662796020508,0.7658662796020508,0.7678160667419434,0.4426054520177683,0.49375308494501485,0.4426054520177683,0.4108827318782948,0.4740692771414529,0.4108827318782948,0,0,0,0,0,0,-0.0029459213264717843,0.009125671970339463,0.0006619133723705688,0.0004948474216032218,-0.1601771116256714,0.1601771116256714,0.28506478731828944,0.010000228881835938,0.017320428248694272,0.032815299928188324,1.2436257600784302
E081_box023_p2_legobj,box023_person2_legobj,263,5.26,4.400008800000007,32,0.04467701987644112,0.023825573878036015,0.766230046749115,0.766230046749115,0.7676954865455627,0.4438852739921408,0.4911277949871152,0.4438852739921408,0.41080314310144,0.46971133643992613,0.41080314310144,0,0,0,0,0,0,-0.002831377982260269,0.011346940097226685,0.0009019742551405995,0.0005073869312240733,-0.17484897375106812,0.17484897375106812,0.30537449758053953,0.010000228881835938,0.017320703747922852,0.039736807346343994,1.2112479209899902
E081_box023_p2_legobj,box023_person2_legobj,264,5.28,4.416675500000007,32,0.04462519103843082,0.024641487310094835,0.766762375831604,0.766762375831604,0.7679641246795654,0.44468303682957894,0.48906085270601796,0.44468303682957894,0.4106683716058362,0.4668095593666274,0.4106683716058362,0,0,0,0,0,0,-0.002749919406129349,0.01414708265507162,0.0015926490902907825,0.0005885409954437099,-0.1786157488822937,0.1786157488822937,0.3079519308122408,0.01000070571899414,0.017321048218283223,0.04103472828865051,1.1923701763153076
E081_box023_p2_legobj,box023_person2_legobj,265,5.3,4.433342200000007,32,0.04457490082700023,0.02544192817981881,0.7673863172531128,0.7673863172531128,0.7682297229766846,0.44490872524426534,0.4872067048979632,0.44490872524426534,0.4105851787255844,0.4639703977844942,0.4105851787255844,0,0,0,0,0,0,-0.0027372471627676795,0.01724385598110148,0.0017194392425061136,0.00057903300869145,-0.18546655774116516,0.18546655774116516,0.31834704160168553,0.010000228881835938,0.01732073648044824,0.042452722787857056,1.2027490139007568
E081_box023_p2_legobj,box023_person2_legobj,266,5.32,4.450008900000007,32,0.044586199740750655,0.02467529091983763,0.7681152820587158,0.7681152820587158,0.7683625817298889,0.4451405368076961,0.48656147485336376,0.4451405368076961,0.41275074657343386,0.4636978866922944,0.41275074657343386,0,0,0,0,0,0,-0.0027422361281516927,0.02045975949521757,0.001987660574091275,0.0002463818074269163,-0.1740776002407074,0.1740776002407074,0.31768326410911424,0.009999999194405973,0.017320118062875294,0.04139736294746399,1.1941324472427368
E081_box023_p2_legobj,box023_person2_legobj,267,5.34,4.466675600000007,32,0.04459600861513097,0.02400806525309067,0.7688128352165222,0.7688128352165222,0.768503725528717,0.44533737789082123,0.48671629229996655,0.44533737789082123,0.4149581362251157,0.46342645897785306,0.4149581362251157,0,0,0,0,0,0,-0.00278979448988851,0.023440497894060386,0.0018347133158864248,0.00023304738162433425,-0.16416078805923462,0.16416078805923462,0.2997965240415166,0.010000001871958375,0.017320188431530777,0.039531588554382324,1.1476612091064453
E081_box023_p2_legobj,box023_person2_legobj,268,5.36,4.483342300000007,32,0.044496661068599834,0.021183455225320894,0.7694365382194519,0.7694365382194519,0.7691980600357056,0.4453429751879183,0.4869854709546835,0.4453429751879183,0.41701560165704105,0.46411085060883195,0.41701560165704105,0,0,0,0,0,0,-0.0028594634640707467,0.025997314790364046,0.0019035417982249845,0.00028981634013955056,-0.1323103904724121,0.1323103904724121,0.25898088291485966,0.010000109672546387,0.01732052912977933,0.043555863201618195,1.002825379371643
E081_box023_p2_legobj,box023_person2_legobj,269,5.38,4.5000090000000075,32,0.044400585636086815,0.018346852907968517,0.7699337601661682,0.7699337601661682,0.7698948383331299,0.44504412084150047,0.48715658019750235,0.44504412084150047,0.41904423918084543,0.46472443883074327,0.41904423918084543,0,0,0,0,0,0,-0.0029366018569992325,0.028060853290903298,0.0015199699703663664,0.00040194935858472666,-0.11490833759307861,0.11490833759307861,0.22427676398528423,0.01000058650970459,0.017320873867935578,0.047002315521240234,0.879170835018158
E081_box023_p2_legobj,box023_person2_legobj,270,5.4,4.5166757000000075,32,0.04481202432958635,0.014656364215792871,0.7703536152839661,0.7703536152839661,0.7709242701530457,0.4444569040882057,0.4875358168580679,0.4444569040882057,0.41789622453130104,0.4644196614216813,0.41789622453130104,0,0,0,0,0,0,-0.0029867085528962264,0.02939920211292483,0.0011434565987984272,0.007096327789439689,-0.08444660902023315,0.08444660902023315,0.1820654198528608,0.010000109672546387,0.017320223523043028,0.04096609726548195,0.8298664689064026
E081_box023_p2_legobj,box023_person2_legobj,271,5.42,4.5333424000000075,32,0.045386918676764205,0.011586716496299254,0.770695686340332,0.770695686340332,0.7719537019729614,0.44354862585009547,0.48782064607211334,0.44354862585009547,0.4167523729437224,0.464259234128394,0.4167523729437224,0,0,0,0,0,0,-0.003009418189606365,0.030024611662579963,0.0014284433855097326,0.00663192304999445,-0.06221187114715576,0.06581003963947296,0.15142932114219612,0.010000001289881766,0.017320256920407933,0.04975205287337303,0.9081506729125977
