variant,case,frame,eval_time_s,npz_time_s,opt_step,obj_err_m,pelvis_err_m,pelvis_z_qpos_m,sim_pelvis_z_m,ref_pelvis_z_m,sim_left_sdf_m,sim_right_sdf_m,sim_min_hand_sdf_m,ref_left_sdf_m,ref_right_sdf_m,ref_min_hand_sdf_m,sim_left_contact_count,sim_right_contact_count,sim_total_contact_count,ref_left_contact_count,ref_right_contact_count,ref_total_contact_count,sim_left_foot_z_m,sim_right_foot_z_m,sim_right_foot_xy_step_m,ref_right_foot_xy_step_m,right_hip_pitch_ctrl_diff,robot_ctrl_linf,robot_ctrl_l2,object_ctrl_linf,object_ctrl_l2,qpos_max_abs_diff_vs_ref,qvel_max_abs
E081_box025_p2_legobj,box025_person2_legobj,0,0.0,0.0166667,0,0.026743888827126656,0.003629887562955838,0.7928758263587952,0.7928758263587952,0.7962945699691772,0.07435735531658533,0.09149279156800277,0.07435735531658533,0.07301628211984718,0.09267621168963686,0.07301628211984718,0,0,0,0,0,0,-0.0005335788432086416,0.005516654328317612,0.0,0.0,0.0,0.0,0.0,0.0,0.0,0.026725230214651674,0.8104629516601562
E081_box025_p2_legobj,box025_person2_legobj,1,0.02,0.0333334,0,0.037686225997199695,0.004977449254766604,0.7920224666595459,0.7920224666595459,0.7967427372932434,0.07533516403935175,0.09198591635833792,0.07533516403935175,0.07269859224935954,0.09400410311357371,0.07269859224935954,0,0,0,0,0,0,-0.0009934055749275875,0.004791663251978613,0.00044135201637461477,0.0006954182399838535,0.0,0.0,0.0,0.0,0.0,0.037656334636267275,0.6560419797897339
E081_box025_p2_legobj,box025_person2_legobj,2,0.04,0.0500001,0,0.045934844030048945,0.006141548396277525,0.7914615273475647,0.7914615273475647,0.7971909642219543,0.0763795730885019,0.09301111138487977,0.0763795730885019,0.07238035483491628,0.0953275879851932,0.07238035483491628,0,0,0,0,0,0,-0.0012865420806011524,0.004444736103658552,0.0001234133870735513,0.0006950024502011583,0.0,0.0,0.0,0.0,0.0,0.045894188282545656,0.4944455623626709
E081_box025_p2_legobj,box025_person2_legobj,3,0.06,0.0666668,0,0.05198797936729445,0.007932739276924073,0.7909342646598816,0.7909342646598816,0.7970979809761047,0.0774384506565417,0.09437937758513565,0.0774384506565417,0.06999610167011966,0.09446385443811073,0.06999610167011966,0,0,0,0,0,0,-0.0016402640306565977,0.004148526985222396,5.906634347618521e-05,0.00022679167420374058,0.0,0.0,0.0,0.0,0.0,0.05193855002289638,0.36283454298973083
E081_box025_p2_legobj,box025_person2_legobj,4,0.08,0.0833335,0,0.056382133015367084,0.010317809258791824,0.7904467582702637,0.7904467582702637,0.797000527381897,0.07858348438062507,0.09596791542698097,0.07858348438062507,0.06759389665375554,0.09357885468798405,0.06759389665375554,0,0,0,0,0,0,-0.001991812055954348,0.003867663180906332,0.00011036349139796572,0.00022133869661407335,0.0,0.0,0.0,0.0,0.0,0.05632610380416736,0.3208039402961731
E081_box025_p2_legobj,box025_person2_legobj,5,0.1,0.10000020000000001,0,0.05957027146699608,0.01330656182278822,0.7899953126907349,0.7899953126907349,0.7973270416259766,0.07980704999235927,0.09772642207558352,0.07980704999235927,0.06563165653889841,0.0925415424915979,0.06563165653889841,0,0,0,0,0,0,-0.0023319389380163855,0.0035830470652193427,0.0001454784886521818,0.0005367993256959545,0.0,0.0,0.0,0.0,0.0,0.05950801580911502,0.28888270258903503
E081_box025_p2_legobj,box025_person2_legobj,6,0.12,0.11666690000000002,0,0.06187256193197932,0.016363177157785094,0.7897344827651978,0.7897344827651978,0.7976605296134949,0.08105134295899324,0.09951702581148952,0.08105134295899324,0.06368001272473595,0.09149984229425184,0.06368001272473595,0,0,0,0,0,0,-0.002494971508521876,0.0033970156416422564,0.00018883511372626733,0.0005396606117594175,0.0,0.0,0.0,0.0,0.0,0.06180638208752498,0.23512259125709534
E081_box025_p2_legobj,box025_person2_legobj,7,0.14,0.13333360000000002,0,0.06351713977297622,0.01883341471301532,0.7895877361297607,0.7895877361297607,0.7981078624725342,0.08232380007440493,0.10131865392507783,0.08232380007440493,0.06295747324992745,0.09092020296526554,0.06295747324992745,0,0,0,0,0,0,-0.0025851025943222847,0.0032606281020081743,0.00020528917920538487,9.921823861073429e-05,0.0,0.0,0.0,0.0,0.0,0.0634506544447504,0.19692513346672058
E081_box025_p2_legobj,box025_person2_legobj,8,0.16,0.15000030000000003,0,0.06469869062733868,0.02132662014665446,0.7895665168762207,0.7895665168762207,0.7985579967498779,0.08362668342528562,0.10309149330663264,0.08362668342528562,0.062267423395403754,0.0903507646581248,0.062267423395403754,0,0,0,0,0,0,-0.002595217445638065,0.003191723193899841,0.0002370532923851437,0.00011068743408598857,0.0,0.0,0.0,0.0,0.0,0.0646335533238016,0.17645831406116486
E081_box025_p2_legobj,box025_person2_legobj,9,0.18,0.16666700000000004,0,0.06555151820405036,0.023028674581343483,0.7895761728286743,0.7895761728286743,0.7985709309577942,0.0850168762214682,0.10482661445340719,0.0850168762214682,0.0630692637547417,0.09017133832728569,0.0630692637547417,0,0,0,0,0,0,-0.0026085574463935862,0.003121538054143509,0.00023591387087236993,0.00027501921382884964,0.0,0.0,0.0,0.0,0.0,0.06548905133968219,0.19356434047222137
E081_box025_p2_legobj,box025_person2_legobj,10,0.2,0.18333370000000004,0,0.06616431209040995,0.024768135769260544,0.789600670337677,0.789600670337677,0.7985690832138062,0.08652936447533183,0.10652592223975271,0.08652936447533183,0.06392105597423986,0.09000423971552624,0.06392105597423986,0,0,0,0,0,0,-0.002627842343765993,0.003052220114999192,0.00023368674539808154,0.0002844234780108888,0.0,0.0,0.0,0.0,0.0,0.06610515475040302,0.2126694917678833
E081_box025_p2_legobj,box025_person2_legobj,11,0.22,0.20000040000000005,0,0.06660642042654762,0.024993346340350043,0.7895749807357788,0.7895749807357788,0.7977531552314758,0.08812733990369931,0.10816364282597041,0.08812733990369931,0.06508472205946408,0.09098310653728064,0.06508472205946408,0,0,0,0,0,0,-0.0026710569300913978,0.002920868057796261,0.00025784326468454214,0.00028477246522453823,0.0,0.0,0.0,0.0,0.0,0.06655008852249011,0.24011607468128204
E081_box025_p2_legobj,box025_person2_legobj,12,0.24,0.21666710000000006,32,0.06692700733387717,0.025092177872908503,0.7895320057868958,0.7895320057868958,0.7969026565551758,0.08943701779685315,0.1102469592119179,0.08943701779685315,0.06625714280159384,0.09200858306713872,0.06625714280159384,0,0,0,0,0,0,-0.002616255348054812,0.00275667839456864,0.0002919930748303907,0.0002962620681323584,-0.024263620376586914,0.05072074383497238,0.07942312622659767,0.009999999892897904,0.015083303951345462,0.06687330960994586,0.20240764319896698
E081_box025_p2_legobj,box025_person2_legobj,13,0.26,0.23333380000000006,32,0.06716290952066145,0.024807832164795145,0.7894216775894165,0.7894216775894165,0.7958301901817322,0.09057998845126852,0.11242187745918958,0.09057998845126852,0.06889535153420318,0.09262914603974731,0.06889535153420318,0,0,0,0,0,0,-0.0024967573457904887,0.0025092262560220888,0.0004078713987704604,0.0004933882648709599,-0.02658519148826599,0.04684007167816162,0.07218669124140152,0.009999998030252755,0.015083303679227772,0.06711207091575488,0.16756795346736908
E081_box025_p2_legobj,box025_person2_legobj,14,0.28,0.25000050000000007,32,0.06732851002674935,0.024510249737466534,0.7891549468040466,0.7891549468040466,0.7947463393211365,0.09137781339454581,0.11422396933313556,0.09137781339454581,0.07160608102041893,0.0932243547945964,0.07160608102041893,0,0,0,0,0,0,-0.0023175784414857167,0.0020935355125980756,0.0005940441407062575,0.0005114384683754808,-0.03841106593608856,0.05840337462723255,0.0987951699992406,0.010000001755543053,0.01461271063268896,0.0672803646302782,0.24104009568691254
E081_box025_p2_legobj,box025_person2_legobj,15,0.3,0.26666720000000005,32,0.0674311408998774,0.02522979572839231,0.7887575030326843,0.7887575030326843,0.7938370108604431,0.09193281732553654,0.11580332987976955,0.09193281732553654,0.07323217537073418,0.09419738269677008,0.07323217537073418,0,0,0,0,0,0,-0.0021399927259359505,0.0015671845460391576,0.0005899233103586842,0.0004199218215985335,-0.04126821458339691,0.05108283460140228,0.0987580417883,0.010000005480833352,0.014612715700136489,0.06738481431966648,0.37115222215652466
E081_box025_p2_legobj,box025_person2_legobj,16,0.32,0.2833339,32,0.06749506423700354,0.02617983059821193,0.788189709186554,0.788189709186554,0.7929381728172302,0.09258496608435512,0.11679323499783906,0.09258496608435512,0.07479129296779324,0.09520464549855961,0.07479129296779324,0,0,0,0,0,0,-0.0019169305286762597,0.0008444126758781756,0.0006571296098023735,0.00041404809589540455,-0.04171879589557648,0.07309714145958424,0.13059155299445277,0.010000003618188202,0.014640600859493874,0.06745008885627612,0.5464731454849243
E081_box025_p2_legobj,box025_person2_legobj,17,0.34,0.3000006,32,0.06753853756044181,0.02806237537191878,0.7875050902366638,0.7875050902366638,0.7926426529884338,0.09334979573545016,0.11736397545250149,0.09334979573545016,0.07659919737364135,0.09318773961003596,0.07659919737364135,0,0,0,0,0,0,-0.0017272926601879166,4.018758128738337e-05,0.00046603829279917195,0.0005278069317786741,-0.046640023589134216,0.07737647369503975,0.1404100613763618,0.010000002977903932,0.014640600739019814,0.06749478488927707,0.6444658637046814
E081_box025_p2_legobj,box025_person2_legobj,18,0.36,0.3166673,32,0.06756524984154874,0.030060367991836798,0.7866784334182739,0.7866784334182739,0.7923890352249146,0.09419276870081367,0.11722049481377222,0.09419276870081367,0.07841878750136538,0.09094718790679096,0.07841878750136538,0,0,0,0,0,0,-0.0016809941227346331,-0.0008388246745497166,0.00026329232203108207,0.0005622617466214877,-0.047973766922950745,0.0900032571516931,0.16423629149430163,0.010000001755543053,0.014143119142809597,0.06752206146484241,0.7292205691337585
E081_box025_p2_legobj,box025_person2_legobj,19,0.38,0.33333399999999996,32,0.06758136742883405,0.032216301324732924,0.7858135104179382,0.7858135104179382,0.7915423512458801,0.09515087985722687,0.11664616892717589,0.09515087985722687,0.07840256282134189,0.08889785060865835,0.07840256282134189,0,0,0,0,0,0,-0.0016848687348967953,-0.0016939231944666164,0.00012532236478103557,0.0006318649277199374,-0.05297228693962097,0.0923510855063796,0.17761078414497886,0.009999999892897904,0.014143117172592454,0.06753845274215564,0.7625124454498291
E081_box025_p2_legobj,box025_person2_legobj,20,0.4,0.35000069999999994,32,0.0675916669699046,0.0339812253934298,0.7856497168540955,0.7856497168540955,0.7906488180160522,0.09601550136855724,0.115128814664398,0.09601550136855724,0.07818866786870898,0.08691077429178146,0.07818866786870898,0,0,0,0,0,0,-0.0012710721833654945,-0.001674489462487265,0.0003604424965293804,0.000671548104759609,-0.051209017634391785,0.09342857822775841,0.18833747294358966,0.00999999896157533,0.015588972453137614,0.06754851102596149,0.5708068013191223
E081_box025_p2_legobj,box025_person2_legobj,21,0.42,0.3666673999999999,32,0.06758899261663752,0.03464001248458201,0.7855613827705383,0.7855613827705383,0.7902243733406067,0.09673251834814195,0.11285877285991358,0.09673251834814195,0.07743771932816818,0.08187356703837073,0.07743771932816818,0,0,0,0,0,0,-0.0009263123685381569,-0.0015175563722942612,0.0003236819662433747,0.000697649927779822,-0.05367472767829895,0.11063876748085022,0.19654553389990004,0.009999998030252755,0.015588973011596712,0.06754524022107944,0.565506100654602
E081_box025_p2_legobj,box025_person2_legobj,22,0.44,0.3833340999999999,32,0.06758380386763461,0.03524450194364412,0.7853980660438538,0.7853980660438538,0.78984135389328,0.0969921072051036,0.10975680660454751,0.0969921072051036,0.0766139956485849,0.07650548336520718,0.07650548336520718,0,0,0,0,0,0,-0.000678718537855276,-0.001450238331429446,0.0002859446236121461,0.0006953857880660914,-0.07300744950771332,0.13438823819160461,0.21377279922135978,0.009999999543651938,0.016851430558580526,0.06753919780021533,0.7048519849777222
E081_box025_p2_legobj,box025_person2_legobj,23,0.46,0.4000007999999999,32,0.06758470164942255,0.03397321910072302,0.7851284146308899,0.7851284146308899,0.7893426418304443,0.09691594933686659,0.10610605056181971,0.09691594933686659,0.07367764866895937,0.07186246469646723,0.07186246469646723,0,0,0,0,0,0,-0.0005231242726030788,-0.001475057039917349,0.0004175978862687203,0.000492661194420229,-0.07840551435947418,0.15710285305976868,0.23547896916740113,0.009999999892897904,0.016851431109982145,0.06753908604150638,0.8016853332519531
E081_box025_p2_legobj,box025_person2_legobj,24,0.48,0.41666749999999986,32,0.06758629423196422,0.032487085999062866,0.784755527973175,0.784755527973175,0.7888324856758118,0.09616761693786718,0.10203894464932933,0.09616761693786718,0.07055488900178647,0.06710699457744035,0.06710699457744035,0,0,0,0,0,0,-0.00043533686371108327,-0.0015488773718750695,0.0005152620909898828,0.00045222073343604674,-0.095701664686203,0.1814364194869995,0.27649540132046674,0.010000004200264812,0.017320510020501716,0.06753965228563175,0.9090436697006226
E081_box025_p2_legobj,box025_person2_legobj,25,0.5,0.43333419999999984,32,0.06760701951981703,0.03265874117248283,0.7842909097671509,0.7842909097671509,0.7885124087333679,0.09526244375324372,0.09761005604124079,0.09526244375324372,0.06589688904047447,0.06020840268099431,0.06020840268099431,0,0,0,0,0,0,-0.0003600057882875013,-0.0016067233917393606,0.0005901180027309547,0.00036805489056772106,-0.10090035200119019,0.2099645733833313,0.30700777951722263,0.010000005480833352,0.017320512696691152,0.0675586587167345,1.0075883865356445
E081_box025_p2_legobj,box025_person2_legobj,26,0.52,0.4500008999999998,32,0.06762958122983548,0.03295002257416135,0.7836477160453796,0.7836477160453796,0.7882128953933716,0.0943333635917421,0.09236049724329282,0.09236049724329282,0.06102251633222505,0.05297896259203766,0.05297896259203766,0,0,0,0,0,0,-0.0004337107606396731,-0.0016540782377569702,0.0006761788009053526,0.0003461591183440495,-0.13923639059066772,0.2124670147895813,0.33180000939244,0.010000002046581358,0.017320510011476175,0.0675794756389223,1.1571853160858154
E081_box025_p2_legobj,box025_person2_legobj,27,0.54,0.4666675999999998,32,0.06761334717771122,0.03292174716374444,0.7828882336616516,0.7828882336616516,0.787022590637207,0.09319299915766793,0.08641512299292159,0.08641512299292159,0.05630046393155225,0.03957302636757393,0.03957302636757393,0,0,0,0,1,1,-0.000527298007213281,-0.001637838254428127,0.0006695683648810803,0.0006295467718749245,-0.15665870904922485,0.22421056032180786,0.34329976973970816,0.010000002046581358,0.017320508940179943,0.0675639784312807,1.3152093887329102
E081_box025_p2_legobj,box025_person2_legobj,28,0.56,0.4833342999999998,32,0.06759245707809357,0.03289866121686016,0.7819725871086121,0.7819725871086121,0.7857270240783691,0.0917174310241074,0.07977362609119593,0.07977362609119593,0.05173086077617334,0.025039535347532893,0.025039535347532893,0,0,0,1,1,2,-0.0006458611446104531,-0.00157654621459382,0.0006758632445061998,0.0005842827596422699,-0.1793939173221588,0.2330838441848755,0.35500140580043266,0.009999999252613634,0.017320504642277103,0.07144241034984589,1.4688196182250977
E081_box025_p2_legobj,box025_person2_legobj,29,0.58,0.5000009999999998,32,0.06758837990084317,0.033856147528673525,0.7809078693389893,0.7809078693389893,0.7847061157226562,0.0899686343633605,0.07287861341343499,0.07287861341343499,0.04542664668835944,0.017663304538134694,0.017663304538134694,0,0,0,1,1,2,-0.0007611793003786324,-0.0014971204756377143,0.000571251912391724,0.0006100863667435415,-0.1953980028629303,0.24119076132774353,0.36426367271426535,0.010000000183936208,0.01732050410293777,0.07123686373233795,1.6043299436569214
E081_box025_p2_legobj,box025_person2_legobj,30,0.6,0.5166676999999998,32,0.06758644233558257,0.034856504583495096,0.7796667218208313,0.7796667218208313,0.7837204933166504,0.08768714182992693,0.06591001524397228,0.06591001524397228,0.03885389939304956,0.011267803949411515,0.011267803949411515,0,0,0,1,1,2,-0.0009141404977097908,-0.0014340691363424266,0.00047504957891912803,0.0007338817378790188,-0.21868467330932617,0.2485487163066864,0.3799533037781983,0.010000001755543053,0.017320510009426058,0.0686972439289093,1.7354027032852173
E081_box025_p2_legobj,box025_person2_legobj,31,0.62,0.5333343999999999,32,0.06759660518325897,0.03460257365246232,0.7783377766609192,0.7783377766609192,0.7827585339546204,0.08527194477971672,0.05870659093251368,0.05870659093251368,0.03651578424393537,0.004421799206937971,0.004421799206937971,0,0,0,1,1,2,-0.0009706982064630401,-0.0013984537096582914,0.0004362842722387896,0.0006394973819825887,-0.2299117147922516,0.24641457200050354,0.3790296986093508,0.010000002046581358,0.017320508932795565,0.07014906406402588,1.8231691122055054
E081_box025_p2_legobj,box025_person2_legobj,32,0.64,0.5500010999999999,32,0.06760835846336823,0.033926416250522985,0.7768430113792419,0.7768430113792419,0.7817999124526978,0.08307270758608404,0.051008382207448244,0.051008382207448244,0.03477245128057632,0.0,0.0,0,0,0,1,1,2,-0.0010446892520593887,-0.0014969922888407663,0.0004347626579250998,0.0007162020129855414,-0.250562459230423,0.250562459230423,0.3914555583034455,0.009999996167607605,0.01732049926651448,0.07081104815006256,1.880746841430664
E081_box025_p2_legobj,box025_person2_legobj,33,0.66,0.5666677999999999,32,0.06760028640545773,0.0322361388704312,0.7753622531890869,0.7753622531890869,0.7806809544563293,0.08101080952738066,0.04364274950699959,0.04364274950699959,0.03351714793567867,0.0,0.0,0,1,1,1,1,2,-0.001123917375879073,-0.0013919346323671977,0.0001812586322489664,0.0004249623468953451,-0.24498537182807922,0.24498537182807922,0.38121960736697064,0.009999996749684215,0.01732050035381068,0.07222577929496765,1.8890489339828491
E081_box025_p2_legobj,box025_person2_legobj,34,0.68,0.5833345,32,0.06785723126328157,0.030324248648811267,0.7741518616676331,0.7741518616676331,0.7795379161834717,0.07916204406108757,0.04175856729689681,0.04175856729689681,0.03252680649967371,0.0,0.0,0,1,1,1,1,2,-0.0011781866357604767,-0.000694846656699187,9.312415865865174e-05,0.0005618430683158084,-0.2482483983039856,0.2482483983039856,0.3929955698884222,0.009999997389968485,0.017320500353810282,0.07691717147827148,1.9973533153533936
E081_box025_p2_legobj,box025_person2_legobj,35,0.7,0.6000012,32,0.06686197779457621,0.028651641299090442,0.7730705738067627,0.7730705738067627,0.779123842716217,0.07524197874515176,0.041332823218514,0.041332823218514,0.032513570447948836,0.0,0.0,0,1,1,1,1,2,-0.0014616295622011388,0.0002845194679656701,0.0006855688993744762,0.010154978951295662,-0.23486405611038208,0.23486405611038208,0.38803854533577864,0.009999999252613634,0.017320504117705478,0.08369238674640656,2.03324294090271
E081_box025_p2_legobj,box025_person2_legobj,36,0.72,0.6166679,32,0.06671573689590038,0.027064858629802048,0.771953821182251,0.771953821182251,0.7788267135620117,0.0729431180294427,0.042253227685344064,0.042253227685344064,0.03312400980759406,0.0,0.0,0,1,1,1,1,2,-0.002114538600223058,0.0013407044538431487,0.0010863329435633184,0.011635643274702465,-0.22909462451934814,0.22909462451934814,0.39689046517548215,0.009999998030252755,0.017320503554981617,0.09133346378803253,1.9976484775543213
E081_box025_p2_legobj,box025_person2_legobj,37,0.74,0.6333346000000001,32,0.06686036487719227,0.02475518167364627,0.7712361812591553,0.7712361812591553,0.7778027653694153,0.07203922900398646,0.043161541494239064,0.043161541494239064,0.03264505339474616,0.0,0.0,0,1,1,1,1,2,-0.0023495773132384268,0.002678668253032264,0.0010065123379846702,0.0014424209414125619,-0.20847302675247192,0.20847302675247192,0.3901038169092981,0.010000000474974513,0.017320504096373507,0.10231691598892212,1.8904341459274292
E081_box025_p2_legobj,box025_person2_legobj,38,0.76,0.6500013000000001,32,0.06706820316770629,0.022615391624338316,0.7708120942115784,0.7708120942115784,0.7766541838645935,0.07195766904366035,0.04398083493352495,0.04398083493352495,0.032154725432314735,0.0,0.0,0,1,1,1,1,2,-0.0023010528501601624,0.004223166425667162,0.0007633487134481909,0.0005708387266995904,-0.19923657178878784,0.19923657178878784,0.3868361551980656,0.009999999543651938,0.01732050517628484,0.11548939347267151,1.7602763175964355
E081_box025_p2_legobj,box025_person2_legobj,39,0.78,0.6666680000000001,32,0.06724502857967883,0.023914356809525934,0.7705374360084534,0.7705374360084534,0.7772466540336609,0.07142134104071246,0.044582544351399356,0.044582544351399356,0.030420158999084734,0.0,0.0,0,1,1,1,1,2,-0.0021601859698148,0.005745293653243749,0.0006142374733657925,9.970666157352445e-05,-0.17585378885269165,0.17585378885269165,0.39135779962868306,0.010000000183936208,0.017320506243888603,0.12803417444229126,1.5948553085327148
E081_box025_p2_legobj,box025_person2_legobj,40,0.8,0.6833347000000002,32,0.06735689338439788,0.02579653433493828,0.7700581550598145,0.7700581550598145,0.7781571745872498,0.0696056532469867,0.04562925627253972,0.04562925627253972,0.028347925291753284,0.0,0.0,0,1,1,1,1,2,-0.0021128694899543513,0.006443110318626995,0.00513827009846878,0.00012826318907319852,-0.14633888006210327,0.17122004926204681,0.3976788728125033,0.010000000824220479,0.017320504658277124,0.14349550008773804,1.3377336263656616
E081_box025_p2_legobj,box025_person2_legobj,41,0.82,0.7000014000000002,32,0.06737326628539947,0.02614011148252099,0.769834041595459,0.769834041595459,0.7780633568763733,0.06591287475978108,0.04607532658695962,0.04607532658695962,0.024152286304625292,0.0,0.0,0,1,1,1,1,2,-0.00198295102182567,0.007576883985122629,0.0009676170237272783,8.676284974226911e-05,-0.11672019958496094,0.2035549357533455,0.41783154964250163,0.010000004200264812,0.017320508395917658,0.16056057810783386,1.196926236152649
E081_box025_p2_legobj,box025_person2_legobj,42,0.84,0.7166681000000003,32,0.06736559202559687,0.026299236423330978,0.7696827054023743,0.7696827054023743,0.7777745723724365,0.060268117055523984,0.04624064626926877,0.04624064626926877,0.019319954036701226,0.0,0.0,0,1,1,1,1,2,-0.0018384884317548741,0.008538145829004105,0.000372995604719119,6.606436211650071e-05,-0.07303273677825928,0.23634950071573257,0.45226676529938953,0.010000001755543053,0.01732050893730817,0.18101739883422852,1.0604826211929321
E081_box025_p2_legobj,box025_person2_legobj,43,0.86,0.7333348000000003,32,0.06736031129146769,0.0224663119497518,0.7695280909538269,0.7695280909538269,0.7763704657554626,0.05261926607601092,0.04696868719753017,0.04696868719753017,0.01542299767202887,0.0,0.0,0,1,1,1,1,2,-0.001712366000454324,0.009165773269491792,0.0005521912881943102,0.00019382807743616477,-0.043566763401031494,0.2685321569442749,0.4892880215660342,0.010000004200264812,0.017320510019271027,0.18363527953624725,1.1104998588562012
E081_box025_p2_legobj,box025_person2_legobj,44,0.88,0.7500015000000003,32,0.06734896899143064,0.020430222498714807,0.769284188747406,0.769284188747406,0.7747368216514587,0.0433306096971216,0.04877328969834355,0.0433306096971216,0.011579355662837132,0.0,0.0,1,1,2,1,1,2,-0.0015912781734058606,0.009432334747581879,0.00045209793536319954,0.00015627831859945802,-0.017827391624450684,0.2983434796333313,0.5292716793079845,0.010000005480833352,0.01732051108687584,0.18579337000846863,1.4596664905548096
E081_box025_p2_legobj,box025_person2_legobj,45,0.9,0.7666682000000004,32,0.06809502961889091,0.017841485879805972,0.7689415812492371,0.7689415812492371,0.7719078660011292,0.04013668868360837,0.0506459432497956,0.04013668868360837,0.011696197385102358,0.0,0.0,1,0,1,1,1,2,-0.0012316097653465655,0.009326373646449525,0.0002896562705703276,0.0006435319536241601,0.0024320483207702637,0.3322165906429291,0.5643008382735991,0.010000002686865628,0.01732050893238584,0.2158028781414032,1.5274722576141357
E081_box025_p2_legobj,box025_person2_legobj,46,0.92,0.7833349000000004,32,0.06848945696102418,0.015787848553127662,0.7685233354568481,0.7685233354568481,0.7688184976577759,0.03965721949991213,0.049912636864046955,0.03965721949991213,0.012821850373689214,0.0040217504004770865,0.0040217504004770865,1,0,1,1,1,2,-0.000611624187530975,0.008919263600170486,0.0004411936663449548,0.000611788100028594,0.02256220579147339,0.36121995747089386,0.5889053253861747,0.010000000474974513,0.017320507858217243,0.2490786612033844,1.3952561616897583
E081_box025_p2_legobj,box025_person2_legobj,47,0.94,0.8000016000000004,32,0.06585772957797884,0.013570366395277315,0.7680787444114685,0.7680787444114685,0.7691552042961121,0.04003571953827384,0.048861410437563146,0.04003571953827384,0.014863865270366317,0.004974333632768557,0.004974333632768557,1,1,2,1,1,2,6.248878973588029e-05,0.00836027084854949,0.0006692646608785074,0.000404271162637074,0.03439384698867798,0.37461237609386444,0.5984733264270032,0.010000001755543053,0.01732050785821775,0.2670871466398239,1.259287714958191
E081_box025_p2_legobj,box025_person2_legobj,48,0.96,0.8166683000000005,32,0.06587408993778593,0.011248841648339983,0.7675657272338867,0.7675657272338867,0.7702798843383789,0.04051953661134172,0.04814530786158849,0.04051953661134172,0.0170371339143931,0.005027637835341103,0.005027637835341103,1,1,2,1,1,2,0.0006971863914336032,0.0077827199844292885,0.0007554292167196367,0.0005135331920627517,0.0277138352394104,0.3784303516149521,0.6012740384195557,0.01000000792555511,0.01732051705079639,0.2802002280950546,1.2918566465377808
E081_box025_p2_legobj,box025_person2_legobj,49,0.98,0.8333350000000005,32,0.06636899374285915,0.010123208107005397,0.766955554485321,0.766955554485321,0.7702298164367676,0.04100947409243,0.047633407277134776,0.04100947409243,0.017831206858839987,0.004407320203879184,0.004407320203879184,1,1,2,1,1,2,0.0011792260356642686,0.007157469114501408,0.0005598418105545034,0.0005736241571407516,0.0294572114944458,0.38067854940891266,0.601609338605455,0.0100000073434785,0.017320517581521283,0.2843718081712723,1.3230881690979004
E081_box025_p2_legobj,box025_person2_legobj,50,1.0,0.8500017000000005,32,0.06686957840681325,0.008913451890469331,0.7661993503570557,0.7661993503570557,0.7698950171470642,0.04142672148397547,0.04722119309361278,0.04142672148397547,0.018273088575490315,0.003619583383939695,0.003619583383939695,1,1,2,1,1,2,0.0013335234245391361,0.006479553499897331,0.0002916632090235569,0.0007432290331538767,0.03631860017776489,0.38200773298740387,0.6015193484862414,0.010000001115258783,0.0173205067877416,0.28436486423015594,1.3944240808486938
E081_box025_p2_legobj,box025_person2_legobj,51,1.02,0.8666684000000006,32,0.06738489442018311,0.0073675715993529655,0.7654842734336853,0.7654842734336853,0.7659544944763184,0.041832708166602284,0.04680502855206786,0.041832708166602284,0.018291963536009204,0.0023868668498235324,0.0023868668498235324,1,1,2,1,1,2,0.0013513452997406805,0.005899191300308949,0.00029732233129011235,0.01806908429220265,0.05886363983154297,0.3918265402317047,0.61139932454085,0.010000003618188202,0.017320508935667504,0.28930163383483887,1.3945343494415283
E081_box025_p2_legobj,box025_person2_legobj,52,1.04,0.8833351000000006,32,0.06788329275740046,0.007522463551698222,0.7648372650146484,0.7648372650146484,0.7610942125320435,0.04222357419785211,0.046428446711482774,0.04222357419785211,0.018199688268912828,0.001031381424078992,0.001031381424078992,1,1,2,1,1,2,0.0012895803929986877,0.005404318024649628,0.00028886457406985107,0.022442137182855208,0.09006249904632568,0.39596347510814667,0.6236272462375636,0.010000001755543053,0.01732050947500753,0.3021216541528702,1.4344546794891357
E081_box025_p2_legobj,box025_person2_legobj,53,1.06,0.9000018000000006,32,0.06846065566236371,0.008933734156079096,0.7644371390342712,0.7644371390342712,0.7572552561759949,0.042610223678670234,0.04610685029143108,0.042610223678670234,0.017828770731314225,2.8092578393146272e-05,2.8092578393146272e-05,1,1,2,1,1,2,0.0012699421946950618,0.005137508592584952,0.00014688279413992584,0.011197454682026514,0.1177757978439331,0.40770429372787476,0.6461929014004575,0.010000001755543053,0.017320505709882042,0.3138341009616852,1.4167144298553467
E081_box025_p2_legobj,box025_person2_legobj,54,1.08,0.9166685000000007,32,0.06883724287353848,0.011493382468650393,0.7643184065818787,0.7643184065818787,0.7536901235580444,0.04337204522062715,0.046004038190437135,0.04337204522062715,0.017437380299323457,0.0,0.0,1,1,2,1,1,2,0.001333810385701531,0.005128916226268987,0.0004447151958215849,0.008160592381856034,0.15740126371383667,0.4093780219554901,0.6772420748187412,0.010000004840549082,0.017320513237672464,0.3250223770737648,1.3737952709197998
E081_box025_p2_legobj,box025_person2_legobj,55,1.1,0.9333352000000007,32,0.06899606571370026,0.013802539504440377,0.7645456194877625,0.7645456194877625,0.7515958547592163,0.04433237791718364,0.046234100737783834,0.04433237791718364,0.017205466292028238,0.0,0.0,1,1,2,1,1,2,0.0015801954951727495,0.005384927114481124,0.0007670328795223404,0.002120925723121344,0.18716764450073242,0.41153934597969055,0.6984609164779401,0.010000004200264812,0.017320511627856177,0.3260725140571594,1.3169249296188354
E081_box025_p2_legobj,box025_person2_legobj,56,1.12,0.9500019000000007,32,0.06913183909622445,0.016347235933385672,0.7651863694190979,0.7651863694190979,0.749915361404419,0.045335787031939134,0.046631723318825424,0.045335787031939134,0.017034528353467582,0.0,0.0,1,1,2,1,1,2,0.002176311639554021,0.005953029763318456,0.0010639314476863062,0.000594667323136849,0.21644306182861328,0.4179799258708954,0.7207865249102078,0.010000004840549082,0.017320513241775016,0.3246566355228424,1.2852689027786255
E081_box025_p2_legobj,box025_person2_legobj,57,1.14,0.9666686000000008,32,0.06925147433299793,0.018614994451257635,0.7660353183746338,0.7660353183746338,0.7489787340164185,0.04624386260399732,0.04746285498504749,0.04624386260399732,0.017395009200388334,0.0,0.0,1,1,2,1,1,2,0.0029174395584280755,0.006636713530583198,0.0012043790825064203,0.0006943572776896906,0.23985058069229126,0.41038401424884796,0.7359822728448923,0.01000000606290996,0.0173205148569238,0.3204251006245613,1.2195452451705933
E081_box025_p2_legobj,box025_person2_legobj,58,1.16,0.9833353000000008,32,0.06906202236236407,0.02085392675858111,0.7669419646263123,0.7669419646263123,0.7482615113258362,0.04685839112944551,0.048419717431930465,0.04685839112944551,0.017897036198072702,0.0,0.0,1,1,2,1,1,2,0.003712558917999556,0.007306194852634458,0.001118579548180977,0.0007039851939851495,0.2483019232749939,0.41371650993824005,0.7324914022027714,0.009999998030252755,0.017320501411569055,0.31606408953666687,1.1248772144317627
E081_box025_p2_legobj,box025_person2_legobj,59,1.18,1.0000020000000007,32,0.06906396112599497,0.022648449540097274,0.7678473591804504,0.7678473591804504,0.7480885982513428,0.04728475371180113,0.04908938888741582,0.04728475371180113,0.018225178623519744,0.0,0.0,1,1,2,1,1,2,0.004589003170129197,0.007873669272440056,0.000997201346171477,0.0005578954950387209,0.2403782606124878,0.38085155189037323,0.6959298651112901,0.009999998030252755,0.017320501411569055,0.3057456612586975,1.0178165435791016
E081_box025_p2_legobj,box025_person2_legobj,60,1.2,1.0166687000000008,32,0.06868663309203916,0.023997582432047224,0.7687020897865295,0.7687020897865295,0.7480837106704712,0.047297654647439236,0.049593888927786434,0.047297654647439236,0.018573373265312887,0.0,0.0,1,1,2,1,1,2,0.005741812707251548,0.008282918336058438,0.0010022163014651126,0.0007018094771553016,0.19940423965454102,0.30967867374420166,0.628121896870473,0.010000001755543053,0.017320507866832483,0.290462002158165,0.8416123390197754
E081_box025_p2_legobj,box025_person2_legobj,61,1.22,1.0333354000000008,32,0.0642638195843385,0.02302597425006499,0.7690912485122681,0.7690912485122681,0.7490290999412537,0.04686235383269982,0.04950263831637819,0.04686235383269982,0.017523768340898582,0.0,0.0,1,0,1,1,1,2,0.006857803855690209,0.008041483469778093,0.0008249319746366202,0.0006728656067020425,0.1879144310951233,0.27031417191028595,0.5756339689275392,0.010000000474974513,0.017320506277494988,0.2627076953649521,0.7791288495063782
E081_box025_p2_legobj,box025_person2_legobj,62,1.24,1.0500021000000008,32,0.057832309927294503,0.020910218886306165,0.7688771486282349,0.7688771486282349,0.750281035900116,0.04659367609974768,0.04633117835352257,0.04633117835352257,0.01624094461720399,0.0006624534004901483,0.0006624534004901483,1,1,2,1,1,2,0.007692922644106877,0.007073589160027961,0.0010451003820723332,0.0007187792318208475,0.1833590269088745,0.21933506429195404,0.5246972732153707,0.010000002337619662,0.017320506547986097,0.22963868081569672,0.9425308108329773
E081_box025_p2_legobj,box025_person2_legobj,63,1.26,1.0666688000000009,32,0.04995431805773324,0.01728438948127628,0.7680849432945251,0.7680849432945251,0.7520003318786621,0.04737898285007175,0.04571236059342648,0.04571236059342648,0.01555054835055275,0.0012947731844452082,0.0012947731844452082,0,1,1,1,1,2,0.007962363076201677,0.005607535683842507,0.001234916372294138,0.000685616555047292,0.1724492907524109,0.17836344242095947,0.489692043644027,0.010000003618188202,0.017320507091018473,0.20209776610136032,1.145273208618164
E081_box025_p2_legobj,box025_person2_legobj,64,1.28,1.083335500000001,32,0.041401337505314766,0.01353371695965599,0.7661766409873962,0.7661766409873962,0.7538771033287048,0.04566079953347263,0.046533131570405895,0.04566079953347263,0.015069810451467214,0.0017913891798492787,0.0017913891798492787,1,1,2,1,1,2,0.006953972958737564,0.003405593041293571,0.0012638264913269702,0.0007008721100386939,0.14290672540664673,0.20398143120110035,0.484332192471016,0.010000000474974513,0.017320506045944584,0.17544648423790932,1.607610821723938
E081_box025_p2_legobj,box025_person2_legobj,65,1.3,1.100002200000001,32,0.03077207042733481,0.011592870501920595,0.7634607553482056,0.7634607553482056,0.7580827474594116,0.0459752463528455,0.048227693464298615,0.0459752463528455,0.015402897688993111,0.003156814726232471,0.003156814726232471,1,0,1,1,1,2,0.0049306312292757976,0.000733083607466184,0.0009130643935608731,0.009563724174334357,0.1597578525543213,0.23054766561836004,0.5057554921778525,0.010000016540288925,0.017320515727409842,0.1551969349384308,1.9405581951141357
E081_box025_p2_legobj,box025_person2_legobj,66,1.32,1.116668900000001,32,0.019927328070973263,0.01591193706445583,0.7616164684295654,0.7616164684295654,0.763107419013977,0.04734817130598651,0.046570065549067674,0.046570065549067674,0.015968865170333912,0.00480192871449131,0.00480192871449131,0,1,1,1,1,2,0.0040485606191050655,-0.0011965618858343352,8.993104160744881e-05,0.012803268224941516,0.20199763774871826,0.2536846259608865,0.5337289561925401,0.010000003618188202,0.017320508174211314,0.159630686044693,2.037848711013794
E081_box025_p2_legobj,box025_person2_legobj,67,1.34,1.133335600000001,32,0.011531558074286293,0.02148317001716634,0.7604372501373291,0.7604372501373291,0.7677619457244873,0.045980662946898454,0.04604902240870096,0.045980662946898454,0.015692461964991855,0.005517322445346917,0.005517322445346917,1,1,2,1,1,2,0.003573387017419556,-0.002548132346308532,0.0004139547387074246,0.009259025777470552,0.2422471046447754,0.27494483441114426,0.5789248096010482,0.010000009089708328,0.017320511974979892,0.1908022090792656,2.044344902038574
E081_box025_p2_legobj,box025_person2_legobj,68,1.36,1.150002300000001,32,0.010743352275877655,0.026647834456283666,0.7619820833206177,0.7619820833206177,0.7722806930541992,0.04484400175940623,0.045067050032718436,0.04484400175940623,0.015067436731641959,0.005876146054671405,0.005876146054671405,1,1,2,1,1,2,0.004844330497615144,-0.0007843356314165481,0.001077271135690567,0.008013152236368521,0.26749318838119507,0.298068281263113,0.6343879203807775,0.0100000009406358,0.015053211855924918,0.22390204295516014,1.7985780239105225
E081_box025_p2_legobj,box025_person2_legobj,69,1.38,1.166669000000001,32,0.018038577838844046,0.028136243583663796,0.7644777894020081,0.7644777894020081,0.7746158838272095,0.04409882658448344,0.04373812100371294,0.04373812100371294,0.014782123204599984,0.005471785369631332,0.005471785369631332,1,1,2,1,1,2,0.006559587440825569,0.0016999126923499322,0.0006174953491210535,0.002598170801341708,0.3084070384502411,0.31370384618639946,0.66662148209916,0.0100000009406358,0.015053199771214797,0.24833716079592705,1.603265404701233
E081_box025_p2_legobj,box025_person2_legobj,70,1.4,1.183335700000001,32,0.027775013857608517,0.028079671220841648,0.7669773697853088,0.7669773697853088,0.7761168479919434,0.04389660764445441,0.042888686122320385,0.042888686122320385,0.014598416244233858,0.004760094243499935,0.004760094243499935,1,1,2,1,1,2,0.007958222262388862,0.00379558010295393,0.0004643734054493535,0.0006958817774882836,0.34979692101478577,0.34979692101478577,0.6988409911966059,0.010000003734603524,0.017320497630492385,0.2684432342648506,1.4150375127792358
E081_box025_p2_legobj,box025_person2_legobj,71,1.42,1.2000024000000011,32,0.03700645121939295,0.028326881087725717,0.7694037556648254,0.7694037556648254,0.7787802219390869,0.04374893619894643,0.04232126012365206,0.04232126012365206,0.014859133510437605,0.005307872482492371,0.005307872482492371,1,1,2,1,1,2,0.009124513307086954,0.005166643314742585,0.0005063707024465274,0.0006910746168335995,0.3758039176464081,0.3758039176464081,0.7153608459397912,0.010000003268942237,0.017320496297327587,0.2702600620687008,1.5701913833618164
E081_box025_p2_legobj,box025_person2_legobj,72,1.44,1.2166691000000012,32,0.04540826063689089,0.028652930234230736,0.7716350555419922,0.7716350555419922,0.7819058895111084,0.04383399358254697,0.04144064370301753,0.04144064370301753,0.015307408772370135,0.00648595343902858,0.00648595343902858,1,1,2,1,1,2,0.010115223895490348,0.005916700744505371,0.0004539227467394272,0.0007079629305666497,0.35399365425109863,0.35399365425109863,0.6964883140681276,0.010000001871958375,0.017320495187458394,0.2620074078440666,1.7435145378112793
E081_box025_p2_legobj,box025_person2_legobj,73,1.46,1.2333358000000012,32,0.051884491696662774,0.027784914073194347,0.7735669016838074,0.7735669016838074,0.7846104502677917,0.04432336752170557,0.040754499425531165,0.040754499425531165,0.01533391325465877,0.0071736293690027875,0.0071736293690027875,1,1,2,1,1,2,0.010818253544602481,0.005934213629455537,0.0005021126111616496,0.000717878445499041,0.3489754796028137,0.3489754796028137,0.6900370593035663,0.01000000536441803,0.017320507925431387,0.25347618386149406,1.89886474609375
E081_box025_p2_legobj,box025_person2_legobj,74,1.48,1.2500025000000012,32,0.05783736291044498,0.026266517841947928,0.7752416133880615,0.7752416133880615,0.7871407866477966,0.045160236866010506,0.04047618749268839,0.04047618749268839,0.015210607444840929,0.007691530202712016,0.007691530202712016,1,1,2,1,1,2,0.011348155423294252,0.005445756570469307,0.00048034578731676384,0.0007085540322632946,0.32493525743484497,0.32493525743484497,0.6706756075596908,0.010000000824220479,0.017320494367413848,0.24419991113245487,2.0277202129364014
E081_box025_p2_legobj,box025_person2_legobj,75,1.5,1.2666692000000013,32,0.06417657673837782,0.02495364135894157,0.7764869928359985,0.7764869928359985,0.7892218828201294,0.0456581062806351,0.040826059408171356,0.040826059408171356,0.01623996694604718,0.0083248139914055,0.0083248139914055,1,1,2,1,1,2,0.011480927847163376,0.004434846277052311,0.0005331587982975436,0.0007135720659157763,0.31667613983154297,0.31667613983154297,0.6587984605657884,0.010000020265579224,0.017320515758149222,0.24307702109217644,2.0811378955841064
E081_box025_p2_legobj,box025_person2_legobj,76,1.52,1.2833359000000013,32,0.07104573930620013,0.023838763452898877,0.7772716879844666,0.7772716879844666,0.7911097407341003,0.04641071352621179,0.041659445126678685,0.041659445126678685,0.017648200765381705,0.009050886601412123,0.009050886601412123,1,1,2,1,1,2,0.011043020068255423,0.0031107478190367105,0.000991517613083182,0.0007135698528246977,0.2916032671928406,0.2916032671928406,0.6376031245032855,0.010000079870223999,0.017320555550883163,0.2438030019402504,2.071530342102051
E081_box025_p2_legobj,box025_person2_legobj,77,1.54,1.3000026000000013,32,0.07601682519763571,0.021582472181011614,0.7774691581726074,0.7774691581726074,0.7916765213012695,0.04703418944918719,0.0424396177682142,0.0424396177682142,0.01822796868156018,0.0095198896510032,0.0095198896510032,1,1,2,1,1,2,0.009861533228056545,0.0014275513249144417,0.0013065752187274222,0.00017238305673551388,0.29154127836227417,0.29154127836227417,0.6259059049719253,0.009999997913837433,0.0173204969366141,0.2475636713206768,2.035583972930908
E081_box025_p2_legobj,box025_person2_legobj,78,1.56,1.3166693000000014,32,0.08127553272448831,0.01921243188845117,0.7770351767539978,0.7770351767539978,0.7916526794433594,0.047812243412460875,0.042722594406864156,0.042722594406864156,0.01850184817955991,0.009890758661960153,0.009890758661960153,1,1,2,1,1,2,0.007725527446412965,-0.0005349473068232274,0.0018036294686493307,0.00024331682328581234,0.2753376066684723,0.2753376066684723,0.6131092824632455,0.010000007227063179,0.017320451791811093,0.25133709236979485,1.98141348361969
E081_box025_p2_legobj,box025_person2_legobj,79,1.58,1.3333360000000014,32,0.08495273513949532,0.019091205146511556,0.7759661674499512,0.7759661674499512,0.7919444441795349,0.04848135045436569,0.043236705099892914,0.043236705099892914,0.019150344162265354,0.008790064878989146,0.008790064878989146,1,1,2,1,1,2,0.00465715390677935,-0.0027196754652485736,0.0019303366570634704,0.0015078800727885025,0.2794938385486603,0.2794938385486603,0.6237867752951427,0.010000007227063179,0.017320471173097672,0.25366995856165886,1.9403942823410034
E081_box025_p2_legobj,box025_person2_legobj,80,1.6,1.3500027000000014,32,0.08853781680380939,0.0196623575527416,0.7757230401039124,0.7757230401039124,0.7923827767372131,0.04875991528682816,0.04530048002922499,0.04530048002922499,0.019876062029442032,0.006863766350576839,0.006863766350576839,1,1,2,1,1,2,0.0020748059300078267,-0.0030797657290508804,0.0014272335763717606,0.0019196137321281033,0.27065610885620117,0.27065610885620117,0.6246538306555676,0.01000002771615982,0.01732050663001643,0.2549673430621624,1.902159571647644
E081_box025_p2_legobj,box025_person2_legobj,81,1.62,1.3666694000000015,32,0.0927763055178431,0.017786984219403532,0.7771053314208984,0.7771053314208984,0.7907493114471436,0.04951111974761452,0.04594349347561183,0.04594349347561183,0.020589504040394446,0.0056761738925650285,0.0056761738925650285,1,1,2,1,1,2,0.0013691874875888105,-0.0020592535847938492,0.001016519525072026,0.0055102336634654725,0.26848524808883667,0.26848524808883667,0.6464605624854712,0.01000000536441803,0.017320478665979293,0.25565166398882866,1.7697811126708984
E081_box025_p2_legobj,box025_person2_legobj,82,1.64,1.3833361000000015,32,0.09764925015410779,0.017310404628618322,0.7788570523262024,0.7788570523262024,0.7881174683570862,0.05003328947926772,0.04738091653265092,0.04738091653265092,0.021391790354623796,0.0049357302505564915,0.0049357302505564915,1,0,1,1,1,2,0.0011540756019951942,-0.00047449616109741105,0.001194786760027478,0.007744354893424802,0.2073412835597992,0.25791192054748535,0.6373182346112974,0.010000009089708328,0.01732048080405489,0.2563769929111004,1.6366528272628784
E081_box025_p2_legobj,box025_person2_legobj,83,1.66,1.4000028000000015,32,0.10316147261056861,0.019133652458705304,0.78066086769104,0.78066086769104,0.7847680449485779,0.04997221215703124,0.04602815644888064,0.04602815644888064,0.02228043594718171,0.0040309257704541634,0.0040309257704541634,1,1,2,1,1,2,0.0012346674632421131,0.0013060091185505898,0.0011071445265612068,0.011680972783123631,0.1785072237253189,0.28782495856285095,0.6483259384618719,0.010000020265579224,0.017320492097368474,0.25725673139095306,1.5903384685516357
E081_box025_p2_legobj,box025_person2_legobj,84,1.68,1.4166695000000016,32,0.10894731524109684,0.022866399451580827,0.7822952270507812,0.7822952270507812,0.7810599207878113,0.049925114283918826,0.04692084649762002,0.04692084649762002,0.023314803672818962,0.003009861467956787,0.003009861467956787,1,1,2,1,1,2,0.0012619211581950673,0.0031187392539925238,0.0007692496567355487,0.014524522664606417,0.09446898102760315,0.31020763516426086,0.6417352525710828,0.010000020265579224,0.017320489428201028,0.25851914659142494,1.6021108627319336
E081_box025_p2_legobj,box025_person2_legobj,85,1.7,1.4333362000000016,32,0.11417695512752833,0.027591986878390866,0.7835354804992676,0.7835354804992676,0.7794091105461121,0.04962366542980284,0.04812276329934834,0.04812276329934834,0.024116700633697363,0.0029572490271350116,0.0029572490271350116,1,0,1,1,1,2,0.0012101301518421398,0.0041782121199489125,0.005264391921341238,0.00994744866740151,0.0484045147895813,0.3384403884410858,0.6596200593292199,0.010000035166740417,0.017320528126479055,0.2603343278169632,1.6583470106124878
E081_box025_p2_legobj,box025_person2_legobj,86,1.72,1.4500029000000016,32,0.1189681513504272,0.0319555787851518,0.7845314145088196,0.7845314145088196,0.7788251638412476,0.048840267161993134,0.04896173501474127,0.048840267161993134,0.0246813673095862,0.0033633525996909497,0.0033633525996909497,1,0,1,1,1,2,0.0011449565846988613,0.004634163793203555,0.01106613799637614,0.008249718600896948,-0.01157882809638977,0.37364785373210907,0.6923254481452579,0.010000109672546387,0.017320541061178422,0.2628895901143551,1.7254042625427246
E081_box025_p2_legobj,box025_person2_legobj,87,1.74,1.4666696000000017,32,0.12700505757755953,0.03988575678697945,0.7852469086647034,0.7852469086647034,0.779753565788269,0.04822468510164607,0.049579350272602574,0.04822468510164607,0.024773256931181598,0.004201587394213113,0.004201587394213113,1,0,1,1,1,2,0.0010157515797885527,0.004517765212679027,0.017490542164765054,0.01061129812647459,-0.06099417805671692,0.3773719221353531,0.7061786141857396,0.010000020265579224,0.01732051844787833,0.26586754247546196,1.77179753780365
E081_box025_p2_legobj,box025_person2_legobj,88,1.76,1.4833363000000017,32,0.1366271450089856,0.04968435788477945,0.7855814099311829,0.7855814099311829,0.7814949154853821,0.04840824787088355,0.05008945113911828,0.04840824787088355,0.024565135451305675,0.005429021506651532,0.005429021506651532,1,0,1,1,1,2,0.0008309201349779513,0.0038388325359126896,0.02358095269651042,0.016771307788231472,-0.11731579899787903,0.35060548782348633,0.7020161432582022,0.009999990463256836,0.014158806114583904,0.2674112431704998,1.7389209270477295
E081_box025_p2_legobj,box025_person2_legobj,89,1.78,1.5000030000000018,32,0.14697411879276245,0.05769948408054177,0.7855470776557922,0.7855470776557922,0.7823446989059448,0.04953001169675747,0.04952954321347919,0.04952954321347919,0.024838703268557638,0.006527844216822787,0.006527844216822787,1,0,1,1,1,2,0.0006767214718774867,0.002728805000144295,0.028782414278933938,0.02722031100741879,-0.14320556819438934,0.33558303117752075,0.7093999781212056,0.010000035166740417,0.014158847757136677,0.26708919927477837,2.0252139568328857
E081_box025_p2_legobj,box025_person2_legobj,90,1.8,1.5166697000000018,32,0.15750599388758346,0.06508811935100133,0.785088300704956,0.785088300704956,0.782697856426239,0.05108736005189657,0.04832886118753704,0.04832886118753704,0.025303584494466125,0.007849043199314287,0.007849043199314287,1,0,1,1,1,2,0.0004282689570116738,0.0012321453980824668,0.03310874517403701,0.03409361161352403,-0.1681220978498459,0.30454862117767334,0.6852296644308841,0.010000079870223999,0.01732055715905115,0.2666109651327133,2.384883165359497
E081_box025_p2_legobj,box025_person2_legobj,91,1.82,1.5333364000000018,32,0.16427364640425396,0.07353819901385125,0.7844504714012146,0.7844504714012146,0.7836017608642578,0.05272724994513894,0.045913373530047374,0.045913373530047374,0.024743344771147147,0.00909237650765754,0.00909237650765754,1,1,2,1,1,2,0.00025827606627096267,-0.00019129435175858217,0.03637468500533276,0.0429972643906205,-0.18013709783554077,0.26499348878860474,0.6604148923292776,0.010000079870223999,0.017320544254316644,0.2650047689676285,2.7202768325805664
E081_box025_p2_legobj,box025_person2_legobj,92,1.84,1.5500031000000019,32,0.16862786211760575,0.0829670134473097,0.7842286825180054,0.7842286825180054,0.7848233580589294,0.05390682172877731,0.0449649436501291,0.0449649436501291,0.023669605403657923,0.010153430718886969,0.010153430718886969,1,1,2,1,1,2,0.0005787404858440259,-0.0005677600641235472,0.0380287020016973,0.04934573513289837,-0.21286103129386902,0.22932536900043488,0.6148520851992522,0.010000020265579224,0.01732050554806626,0.2615613490343094,2.4174246788024902
E081_box025_p2_legobj,box025_person2_legobj,93,1.86,1.5666698000000019,32,0.17451896393883495,0.09001172399915237,0.7859107851982117,0.7859107851982117,0.7846624851226807,0.0533343382695069,0.04774409555072617,0.04774409555072617,0.02415419445508482,0.010815559002024744,0.010815559002024744,1,1,2,1,1,2,0.0024060952101418315,0.001363407347418133,0.01343341981882061,0.052164643600341835,-0.21214324235916138,0.21214324235916138,0.5799049812289986,0.010000035166740417,0.017320520604047294,0.25572173297405243,1.4918951988220215
E081_box025_p2_legobj,box025_person2_legobj,94,1.88,1.583336500000002,32,0.1817005390367668,0.09660443421996087,0.7860599756240845,0.7860599756240845,0.783675491809845,0.053167121636694514,0.050075609852033576,0.050075609852033576,0.025423977540197984,0.01114172507678901,0.01114172507678901,1,0,1,1,1,2,0.003091666570991587,0.0018100718899047574,0.019612539121119304,0.054796750819097385,-0.19567275047302246,0.19567275047302246,0.5299902967934892,0.010000079870223999,0.016998498807039013,0.24707088991999626,1.5114891529083252
E081_box025_p2_legobj,box025_person2_legobj,95,1.9,1.600003200000002,32,0.1955026217020214,0.1104079098643014,0.7855607271194458,0.7855607271194458,0.7817389369010925,0.05309061359456474,0.05098500234627085,0.05098500234627085,0.02616703022437028,0.010934282101183246,0.010934282101183246,1,0,1,1,1,2,0.0032523077985763954,0.0017518202002817854,0.025102410807306547,0.07027655222003958,-0.20206180214881897,0.20206180214881897,0.49838268234922184,0.010000094771385193,0.016998499299068087,0.23611954972147942,1.480254054069519
E081_box025_p2_legobj,box025_person2_legobj,96,1.92,1.616669900000002,32,0.21383030573344958,0.1290831770726072,0.7849875092506409,0.7849875092506409,0.7792151570320129,0.053005588282507954,0.05146985400573717,0.05146985400573717,0.026849486070423034,0.010450176915623333,0.010450176915623333,1,0,1,1,1,2,0.0032833052335797877,0.002141285329670957,0.030038849027223254,0.07940144058695088,-0.20228219032287598,0.20228219032287598,0.47745702971899096,0.010000109672546387,0.016093337548060353,0.22328047081828117,1.6618998050689697
E081_box025_p2_legobj,box025_person2_legobj,97,1.94,1.633336600000002,32,0.22487028014696198,0.1396828537992565,0.7844768762588501,0.7844768762588501,0.775235652923584,0.052954486876441165,0.05112426908790696,0.05112426908790696,0.027479029800109522,0.010137231521555434,0.010137231521555434,1,0,1,1,1,2,0.003327503709473323,0.0034246567206522305,0.0342404313453976,0.06394368553281218,-0.20106753706932068,0.20106753706932068,0.4686869308879861,0.01000019907951355,0.016093414271873992,0.20951829478144646,1.8568074703216553
E081_box025_p2_legobj,box025_person2_legobj,98,1.96,1.650003300000002,32,0.23039583853728307,0.14494361138146403,0.7839958071708679,0.7839958071708679,0.7703245878219604,0.052597977846148225,0.050372185629261435,0.050372185629261435,0.02807201830264522,0.009971267358876323,0.009971267358876323,1,0,1,1,1,2,0.00349025199269741,0.005936444072788462,0.03770273701127534,0.05419398392918984,-0.20168346166610718,0.20168346166610718,0.4627457861632515,0.010000009089708328,0.014442984172516693,0.19885529577732086,1.9567300081253052
E081_box025_p2_legobj,box025_person2_legobj,99,1.98,1.666670000000002,32,0.23894901707547364,0.1561261491439792,0.7835044860839844,0.7835044860839844,0.7649564743041992,0.05224170882641571,0.04793839240636072,0.04793839240636072,0.02735965216850278,0.010179361601138748,0.010179361601138748,1,1,2,1,1,2,0.003766906839626126,0.00975500948888814,0.03974207495926713,0.052980553736449956,-0.186934232711792,0.186934232711792,0.4521284238896536,0.009999990463256836,0.014442849953230431,0.2102666199207306,2.130594253540039
E081_box025_p2_legobj,box025_person2_legobj,100,2.0,1.6833367000000021,32,0.24778590451733046,0.17082911433064193,0.7823672294616699,0.7823672294616699,0.7592856884002686,0.05480685669308344,0.049433287324653186,0.049433287324653186,0.025821096286261613,0.010641273534564788,0.010641273534564788,0,0,0,1,1,2,0.004009239385861965,0.011781947798070395,0.03327052135169172,0.05200413535981055,-0.12906551361083984,0.18054915219545364,0.4211262667551134,0.009999994188547134,0.015716477222977882,0.22174476087093353,2.198984146118164
E081_box025_p2_legobj,box025_person2_legobj,101,2.02,1.7000034000000022,32,0.24834566002194108,0.18007217306263387,0.7808766961097717,0.7808766961097717,0.7549152374267578,0.05611742992177898,0.04638776050673871,0.04638776050673871,0.024348708289248955,0.012021267876683395,0.012021267876683395,0,1,1,1,1,2,0.004284159891507822,0.013099130480888267,0.03023455366634378,0.036834948892689935,-0.09436744451522827,0.20434878766536713,0.42009794234984554,0.010000139474868774,0.015716618836024824,0.22320793569087982,2.0658016204833984
E081_box025_p2_legobj,box025_person2_legobj,102,2.04,1.7166701000000022,32,0.2433003872015854,0.1849630439635562,0.7790915966033936,0.7790915966033936,0.7514354586601257,0.056552838283534024,0.04473030566990416,0.04473030566990416,0.022861972234802297,0.013948972825212791,0.013948972825212791,0,1,1,1,1,2,0.004647511697525843,0.013688729510234407,0.025071273485403476,0.026776829406239377,-0.010821163654327393,0.20955485105514526,0.4066142915359263,0.009999990463256836,0.017320461453389932,0.21738417446613312,1.7500171661376953
E081_box025_p2_legobj,box025_person2_legobj,103,2.06,1.7333368000000022,32,0.244735579284071,0.18535327440333255,0.7767884135246277,0.7767884135246277,0.7490512728691101,0.05525346843869744,0.04327121190479449,0.04327121190479449,0.021960991348084213,0.011766275975299445,0.011766275975299445,0,1,1,1,1,2,0.004852793953641327,0.012820981894551157,0.020026961557772203,0.01857558356077787,0.04476958513259888,0.2479255497455597,0.4291973762138828,0.010000050067901611,0.017320496951178148,0.21813026070594788,1.6396657228469849
E081_box025_p2_legobj,box025_person2_legobj,104,2.08,1.7500035000000023,32,0.25081229228447166,0.18231769285341554,0.7734583616256714,0.7734583616256714,0.7474430799484253,0.05284004285522875,0.042418123219710335,0.042418123219710335,0.02161000829029336,0.00672811315665689,0.00672811315665689,1,1,2,1,1,2,0.004474471208401304,0.009556760020958649,0.015211116388553445,0.013329785126437569,0.10299289226531982,0.255710244178772,0.4454702136194942,0.010000139474868774,0.017320615254980715,0.22370801866054535,1.7918524742126465
E081_box025_p2_legobj,box025_person2_legobj,105,2.1,1.7666702000000023,32,0.25117741400280075,0.18464027338819286,0.7691770792007446,0.7691770792007446,0.7462932467460632,0.051787478818178745,0.04265275725483536,0.04265275725483536,0.019262077416343948,0.00761677964675217,0.00761677964675217,1,1,2,1,1,2,0.0036544084102974675,0.0037098255413538644,0.010819236883891378,0.01284074777482154,0.14952495694160461,0.2795989215373993,0.48189852845562264,0.010000169277191162,0.017320679779423715,0.22246089577674866,1.9808528423309326
E081_box025_p2_legobj,box025_person2_legobj,106,2.12,1.7833369000000023,32,0.24734857175108024,0.19067859591936662,0.7638867497444153,0.7638867497444153,0.7454790472984314,0.052368160052303436,0.04401813327768872,0.04401813327768872,0.014653216146686299,0.012589430982191396,0.012589430982191396,0,1,1,1,1,2,0.002359368474354945,-0.004993215909584233,0.008925888730231235,0.012623907361327241,0.21145474910736084,0.29042285680770874,0.5237393746072558,0.010000050067901611,0.017320514143110866,0.21628370881080627,2.1426873207092285
E081_box025_p2_legobj,box025_person2_legobj,107,2.14,1.8000036000000024,32,0.2481345132148791,0.19211422214900986,0.7645437717437744,0.7645437717437744,0.7485062479972839,0.04704275245657602,0.0485531995897453,0.04704275245657602,0.013768871077252387,0.013998043742586397,0.013768871077252387,1,1,2,1,1,2,0.005351281105758381,-0.00524449407587738,0.0005860768633882177,0.005458315612385821,0.23700761795043945,0.2962508201599121,0.5531792872323795,0.010000169277191162,0.0173206044823735,0.2168196141719818,1.9063270092010498
E081_box025_p2_legobj,box025_person2_legobj,108,2.16,1.8166703000000024,32,0.2534653066306073,0.19022769288684532,0.766717791557312,0.766717791557312,0.7544418573379517,0.04439631153874907,0.05142785288928692,0.04439631153874907,0.016198488648561327,0.013074642564126215,0.013074642564126215,1,0,1,1,1,2,0.008626494043694005,-0.003730345289101697,0.001739959962351953,0.0005765648675981514,0.25131839513778687,0.29123273491859436,0.5595704320278004,0.009999999776482582,0.017320419516378763,0.22298160195350647,1.7983750104904175
E081_box025_p2_legobj,box025_person2_legobj,109,2.18,1.8333370000000024,32,0.2566955795378495,0.18811520678890886,0.7693045735359192,0.7693045735359192,0.7603273987770081,0.04353751307470494,0.051674833372302886,0.04353751307470494,0.017313687950194168,0.011749194480199676,0.011749194480199676,1,0,1,1,1,2,0.010964990710485477,-0.0021115793913806316,0.0026744874969052974,0.010344898954400824,0.24003562331199646,0.28102049976587296,0.5537754318389504,0.009999984875321388,0.017320393701868452,0.22714713215827942,1.7753747701644897
E081_box025_p2_legobj,box025_person2_legobj,110,2.2,1.8500037000000025,32,0.2580274010055482,0.18571309991854673,0.7719783782958984,0.7719783782958984,0.766173779964447,0.04414160674284967,0.04945891746409209,0.04414160674284967,0.017511343577146288,0.010133944622977065,0.010133944622977065,1,0,1,1,1,2,0.012284304416844853,-0.0010464880974773091,0.004242119450460207,0.018461520220336963,0.2371399998664856,0.2523910254240036,0.5230268118072628,0.010000050067901611,0.01732049266321846,0.22956374287605286,1.886877417564392
E081_box025_p2_legobj,box025_person2_legobj,111,2.22,1.8666704000000025,32,0.26034354495284423,0.19036419122765325,0.774671733379364,0.774671733379364,0.7723978161811829,0.04566588062499516,0.04449973132809276,0.04449973132809276,0.017011977891073005,0.009745300616688435,0.009745300616688435,1,1,2,1,1,2,0.012668208929379969,-0.00028828753805939383,0.004692523901976735,0.011198275504996365,0.20259052515029907,0.2367075327783823,0.4971422258152841,0.009999983012676239,0.017320297993575047,0.23319289088249207,2.189718723297119
E081_box025_p2_legobj,box025_person2_legobj,112,2.24,1.8833371000000025,32,0.2630983909507762,0.20087116009987177,0.7773097157478333,0.7773097157478333,0.7789271473884583,0.04754223840910948,0.042088341531122564,0.042088341531122564,0.015872258276484252,0.010187330439405007,0.010187330439405007,1,1,2,1,1,2,0.012548279175345012,0.00047502912663324737,0.0042125271214171435,0.00922805896669336,0.1539231240749359,0.21395853185094893,0.4761428396686688,0.009999990463256836,0.0158636284604029,0.23704278469085693,2.4716286659240723
E081_box025_p2_legobj,box025_person2_legobj,113,2.26,1.9000038000000026,32,0.2647506322358274,0.20970538050773901,0.7796280980110168,0.7796280980110168,0.7826437950134277,0.04909405860621502,0.041195327780649216,0.041195327780649216,0.015257153948738833,0.008185439064129885,0.008185439064129885,1,1,2,1,1,2,0.011888041120065106,0.0011837583866981805,0.003803681041116529,0.0040522209615560835,0.11615249514579773,0.198994018137455,0.46464299086737276,0.009999983012676239,0.015863599695410752,0.23943093419075012,2.611233711242676
E081_box025_p2_legobj,box025_person2_legobj,114,2.28,1.9166705000000026,32,0.2657566280479715,0.2167894711315533,0.7815056443214417,0.7815056443214417,0.7840093374252319,0.05114326645538875,0.04188168093465855,0.04188168093465855,0.015077913766188722,0.004316476899607069,0.004316476899607069,0,1,1,1,1,2,0.010930998075161139,0.00197397214201199,0.0032061977893257368,0.0005869265952209937,0.052462756633758545,0.192033588886261,0.45968577056556925,0.009999983012676239,0.014161424874227509,0.24090462923049927,2.6616263389587402
E081_box025_p2_legobj,box025_person2_legobj,115,2.3,1.9333372000000026,32,0.26330523928649685,0.22186686313938336,0.7828618288040161,0.7828618288040161,0.7835981845855713,0.052292286150561085,0.04366624545009773,0.04366624545009773,0.015085363627504678,0.0034086762924719904,0.0034086762924719904,0,1,1,1,1,2,0.010129247857678339,0.0027276724155032434,0.002765798141698918,0.007659537792435617,0.025722414255142212,0.1827099323272705,0.4628206515910967,0.009999986737966537,0.014161426720387687,0.23885801434516907,2.5861575603485107
E081_box025_p2_legobj,box025_person2_legobj,116,2.32,1.9500039000000027,32,0.2578585006393562,0.22482785078695558,0.7838489413261414,0.7838489413261414,0.781652569770813,0.0530252618132841,0.046437063213312924,0.046437063213312924,0.015281400320312999,0.004950386423955677,0.004950386423955677,0,1,1,1,1,2,0.010163991667038658,0.0036355002816937515,0.0024099758328761734,0.014642691413773676,-0.0028648078441619873,0.1988489329814911,0.44677335171631105,0.009999692440032959,0.012452463486922413,0.23376888036727905,2.4477503299713135
E081_box025_p2_legobj,box025_person2_legobj,117,2.34,1.9666706000000027,32,0.25340806139307753,0.2281818801752498,0.7845466136932373,0.7845466136932373,0.7792596817016602,0.05256442419856161,0.04923708927115006,0.04923708927115006,0.01541993479562781,0.006093275683239863,0.006093275683239863,0,0,0,1,1,2,0.011367651480865285,0.004657853825504085,0.0021387133337357794,0.007004369829825642,-0.008904308080673218,0.19821599125862122,0.4324681682123059,0.009999454021453857,0.012452269910105432,0.2301090955734253,2.543325185775757
E081_box025_p2_legobj,box025_person2_legobj,118,2.36,1.9833373000000027,32,0.24935503376949836,0.2320062476568346,0.7848923802375793,0.7848923802375793,0.7764676213264465,0.050091265717628064,0.04833603589241314,0.04833603589241314,0.01549225439725782,0.006860081451587063,0.006860081451587063,0,0,0,1,1,2,0.013669858757010954,0.005614934826882155,0.0015099090436772908,0.0004899938307581759,0.012942284345626831,0.18835079297423363,0.39982332053223624,0.010000288486480713,0.01058638575474932,0.2281094193458557,2.5854949951171875
E081_box025_p2_legobj,box025_person2_legobj,119,2.38,2.000004000000003,32,0.2404178696344879,0.2347093431896611,0.784773051738739,0.784773051738739,0.7733232378959656,0.04563694301899607,0.04795953521750679,0.04563694301899607,0.012999507742772753,0.008600647371526882,0.008600647371526882,1,0,1,1,1,2,0.01683025326032237,0.006072450324821947,0.001260410441256461,0.006428580119286228,0.03001973032951355,0.1726142056286335,0.373752075902911,0.00999993085861206,0.010586034712312701,0.23055994510650635,2.593921184539795
E081_box025_p2_legobj,box025_person2_legobj,120,2.4,2.016670700000003,32,0.22806495432155593,0.23634378706309567,0.784032940864563,0.784032940864563,0.7698540687561035,0.04407552469355519,0.048595856174095176,0.04407552469355519,0.0079259035813658,0.011176418503798413,0.0079259035813658,1,0,1,1,1,2,0.02042605134321253,0.005612174956106046,0.0015852806736688326,0.012211142327013378,0.02029058337211609,0.1406572014093399,0.3443086275276308,0.010000169277191162,0.014268543825875325,0.23172873258590698,2.597154140472412
E081_box025_p2_legobj,box025_person2_legobj,121,2.42,2.033337400000003,32,0.22618364312222766,0.23546429064435204,0.7826758027076721,0.7826758027076721,0.7675095200538635,0.04398182385352706,0.04891433831902531,0.04398182385352706,0.00907765060727933,0.011649760064367243,0.00907765060727933,1,0,1,1,1,2,0.023838514656072986,0.004328062210066895,0.0016175046883065204,0.013067223914973062,0.05356517434120178,0.16374774277210236,0.3562757299355248,0.010000050067901611,0.014268472707129255,0.2306135892868042,2.4202053546905518
E081_box025_p2_legobj,box025_person2_legobj,122,2.44,2.050004100000003,32,0.2340774570499666,0.23205821419037523,0.7807168960571289,0.7807168960571289,0.7662361264228821,0.04455815029575955,0.048977089672227525,0.04455815029575955,0.0160378263558123,0.010207262324289867,0.010207262324289867,1,0,1,1,1,2,0.026625324074284307,0.002486491307921411,0.0016132507284814085,0.015084625508191072,0.09068626165390015,0.20542168617248535,0.3939883616929621,0.009999975562095642,0.015654350922747525,0.2271854281425476,2.0269157886505127
E081_box025_p2_legobj,box025_person2_legobj,123,2.46,2.066670800000003,32,0.23991386290539254,0.23270230915412324,0.7778659462928772,0.7778659462928772,0.766021728515625,0.04527217443157755,0.04528430428996327,0.04527217443157755,0.019263132501423308,0.009244437141731343,0.009244437141731343,1,1,2,1,1,2,0.027709749398215543,6.371186294630571e-05,0.0016233119551328035,0.022805622705548246,0.1416929066181183,0.20961694419384003,0.43976766537290785,0.009999945759773254,0.01565422007879441,0.22773176431655884,1.9212982654571533
E081_box025_p2_legobj,box025_person2_legobj,124,2.48,2.083337500000003,32,0.24313206247883384,0.23744264375687815,0.7737820744514465,0.7737820744514465,0.7668492794036865,0.04550362280385195,0.0440221232308437,0.0440221232308437,0.019167160717322163,0.008744364104834201,0.008744364104834201,1,1,2,1,1,2,0.025359903515659823,-0.002885235690950526,0.0011135932201993433,0.03079202541524748,0.1484927535057068,0.2153766369447112,0.4770929714854539,0.010000035166740417,0.01732045284446098,0.2322993278503418,1.9311697483062744
E081_box025_p2_legobj,box025_person2_legobj,125,2.5,2.100004200000003,32,0.24527897783355015,0.24013763672241625,0.7719201445579529,0.7719201445579529,0.7677327990531921,0.04483555893906649,0.045487187174944765,0.04483555893906649,0.019170769521819786,0.00815571881882482,0.00815571881882482,1,1,2,1,1,2,0.02098994672115955,-0.0005478317071562072,0.0016179259518350588,0.03140368150891495,0.16992059350013733,0.25619111210107803,0.5095848645023668,0.010000001639127731,0.017320429186590918,0.2347337007522583,2.112273693084717
E081_box025_p2_legobj,box025_person2_legobj,126,2.52,2.116670900000003,32,0.24661855993644238,0.24146637398343873,0.7697724103927612,0.7697724103927612,0.768673300743103,0.04461712073766405,0.047132889907104125,0.04461712073766405,0.019306588892458232,0.00753100952481589,0.00753100952481589,1,0,1,1,1,2,0.013622257305660225,0.0032761878367055172,0.0007472196800854523,0.03244809378501386,0.15628689527511597,0.2688808813691139,0.5468586167916413,0.010000109672546387,0.014640412742006385,0.23574727773666382,2.5558974742889404
E081_box025_p2_legobj,box025_person2_legobj,127,2.54,2.133337600000003,32,0.24920327996097769,0.24217423954356845,0.7663623094558716,0.7663623094558716,0.7706919312477112,0.044614051634649654,0.04885042113728272,0.044614051634649654,0.01939200235508215,0.007060066618858107,0.007060066618858107,1,0,1,1,1,2,0.003239344414481822,0.007533633236844195,0.00017499306194482822,0.040076806445889075,0.16690295934677124,0.2949545830488205,0.569377090637232,0.010000050067901611,0.014640369486133883,0.23626327514648438,3.0078957080841064
E081_box025_p2_legobj,box025_person2_legobj,128,2.56,2.150004300000003,32,0.2527726122294054,0.24402619125350614,0.7682374119758606,0.7682374119758606,0.7738426327705383,0.04536869164524565,0.0487901763973711,0.04536869164524565,0.019368194228163105,0.006716148120366694,0.006716148120366694,1,0,1,1,1,2,-5.5322791527992465e-05,0.01575031839349117,0.006941832690986091,0.048780235132096665,0.12937027215957642,0.2794385850429535,0.5629490576926552,0.009999994188547134,0.014377977076868022,0.2379276156425476,3.254265308380127
E081_box025_p2_legobj,box025_person2_legobj,129,2.58,2.166671000000003,32,0.2467216689038984,0.24862198176302275,0.7710559368133545,0.7710559368133545,0.7758113145828247,0.046155057224440965,0.044379256199615635,0.044379256199615635,0.014074268483475316,0.009442466909679093,0.009442466909679093,1,1,2,1,1,2,-0.0007081146718359368,0.020846373849579616,0.01964783816081658,0.0522375620116705,0.11200582981109619,0.27614626288414,0.5705072093891211,0.010000646114349365,0.014378473243386402,0.24682533740997314,3.224445343017578
E081_box025_p2_legobj,box025_person2_legobj,130,2.6,2.183337700000003,32,0.22949780376554776,0.2556848152003368,0.7737529873847961,0.7737529873847961,0.7764979004859924,0.04858700752119677,0.04339551220157273,0.04339551220157273,0.0029249279632456715,0.015154960746628754,0.0029249279632456715,1,1,2,1,1,2,-0.0006702886036943079,0.02275083129125919,0.029993915477702426,0.05543057926943637,0.08193868398666382,0.2826050128787756,0.5835969973926073,0.010000001639127731,0.014328901094541666,0.2726348042488098,2.873142957687378
E081_box025_p2_legobj,box025_person2_legobj,131,2.62,2.200004400000003,32,0.22815638115242498,0.25603900271492164,0.7759132981300354,0.7759132981300354,0.7763200402259827,0.052376160843081776,0.04436764495148021,0.04436764495148021,0.003478256453188888,0.015218991983506014,0.003478256453188888,0,1,1,1,1,2,-0.0004429569122854776,0.021824275537981892,0.03868875237696333,0.05234340598491105,0.05967289209365845,0.3141030101105571,0.5965455842620251,0.009999997913837433,0.014328817697624296,0.2853078544139862,2.3977277278900146
E081_box025_p2_legobj,box025_person2_legobj,132,2.64,2.2166711000000032,32,0.24532324584399623,0.24875226833501407,0.7778911590576172,0.7778911590576172,0.7751734852790833,0.05037336114678953,0.04546414475617194,0.04546414475617194,0.01644324310014106,0.00881642875353772,0.00881642875353772,1,1,2,1,1,2,0.0004805042408501589,0.018842625392851746,0.04732879010499722,0.048893521999447104,0.037396907806396484,0.32526008784770966,0.5665303777704963,0.01000000536441803,0.014339020625562839,0.28217223286628723,2.1359071731567383
E081_box025_p2_legobj,box025_person2_legobj,133,2.66,2.2333378000000033,32,0.2593866994599305,0.24920760957449492,0.7792112827301025,0.7792112827301025,0.7722133994102478,0.05104313915400999,0.046732095444366684,0.046732095444366684,0.02320691966196653,0.006157535497527344,0.006157535497527344,1,1,2,1,1,2,0.0014725376714548183,0.014741194683787776,0.05386151221183266,0.05403320054990691,0.02408766746520996,0.3273343965411186,0.5670286628420956,0.010000467300415039,0.014339440214780013,0.29888173192739487,2.496819496154785
E081_box025_p2_legobj,box025_person2_legobj,134,2.68,2.2500045000000033,32,0.26815028069502683,0.2586369996009956,0.7798478603363037,0.7798478603363037,0.767153263092041,0.05147513418431421,0.04755455580296225,0.04755455580296225,0.023782894402919863,0.00838661221159226,0.00838661221159226,1,1,2,1,1,2,0.002068948581837121,0.010445229454549468,0.05923766653049367,0.06007522413874744,0.011257410049438477,0.30737780034542084,0.5700841149495678,0.010000348091125488,0.015507588432881046,0.33171282708644867,2.75758695602417
E081_box025_p2_legobj,box025_person2_legobj,135,2.7,2.2666712000000033,32,0.2709930028783483,0.26202325592002207,0.7795406579971313,0.7795406579971313,0.7632375955581665,0.050858925655025755,0.04842538965083493,0.04842538965083493,0.02420535980568428,0.009650216767793485,0.009650216767793485,1,1,2,1,1,2,0.0019115116042633176,0.006411916737922456,0.06361113100594752,0.047815786744654844,0.0008858442306518555,0.2838788777589798,0.5593339110508908,0.009999990463256836,0.01550733356995402,0.35509060323238373,2.7982447147369385
E081_box025_p2_legobj,box025_person2_legobj,136,2.72,2.2833379000000034,32,0.26750949690119025,0.2580493659582737,0.7779532074928284,0.7779532074928284,0.7606912851333618,0.05009913842640018,0.049179282253254575,0.049179282253254575,0.02440523042517445,0.009769399868507556,0.009769399868507556,1,0,1,1,1,2,0.0005553920789930777,0.0029957956463357444,0.06678986548503948,0.03332824711905141,0.011486351490020752,0.28380344808101654,0.5575778225136658,0.010000348091125488,0.017320745375082,0.37076951563358307,2.7114744186401367
E081_box025_p2_legobj,box025_person2_legobj,137,2.74,2.3000046000000034,32,0.26438057324886893,0.2545661558726518,0.7748609781265259,0.7748609781265259,0.7578434944152832,0.049112761607204736,0.048213640108865585,0.048213640108865585,0.02453904094912457,0.009890236546541142,0.009890236546541142,1,1,2,1,1,2,-0.0021463124444346046,0.0003945191014893962,0.06888978094395731,0.03091850950736741,0.01118159294128418,0.24959541112184525,0.5463043675248097,0.010000467300415039,0.017320779790403567,0.3671858608722687,2.5202159881591797
E081_box025_p2_legobj,box025_person2_legobj,138,2.76,2.3166713000000034,32,0.2624490389430611,0.2517591723396359,0.7764226198196411,0.7764226198196411,0.7546231150627136,0.047079297132911646,0.04896490415554183,0.047079297132911646,0.024562828641754963,0.010006047887700986,0.010006047887700986,1,0,1,1,1,2,-0.0004854778520332892,0.0034287904542457115,0.020187817066525872,0.028065130869896,0.004832744598388672,0.2107965350151062,0.5008573894299814,0.010000009089708328,0.017320433498257726,0.3316643089056015,1.9760653972625732
E081_box025_p2_legobj,box025_person2_legobj,139,2.78,2.3333380000000035,32,0.2607500276195891,0.2489724882178658,0.7782080173492432,0.7782080173492432,0.7518353462219238,0.04701303191859335,0.04742258329375909,0.04701303191859335,0.02464226314601292,0.00945879726774057,0.00945879726774057,1,1,2,1,1,2,0.0030608201036565683,0.00550635565497104,0.03448374861194671,0.030572379534196028,0.011034727096557617,0.24127887189388275,0.5135477271603275,0.010000016540288925,0.01732048942322856,0.2982821613550186,2.088273763656616
E081_box025_p2_legobj,box025_person2_legobj,140,2.8,2.3500047000000035,32,0.25879194861157717,0.2453621927528427,0.7796670198440552,0.7796670198440552,0.7496002912521362,0.04694738193162623,0.04752974529622506,0.04694738193162623,0.024817800680271784,0.007958363763916121,0.007958363763916121,1,1,2,1,1,2,0.0076747138236581,0.007285767770989042,0.046010832197285606,0.03368196434524027,-0.0017781853675842285,0.2803734093904495,0.5506323086641772,0.010000348091125488,0.017320698043971194,0.2697300314903259,2.2666289806365967
E081_box025_p2_legobj,box025_person2_legobj,141,2.82,2.3666714000000035,32,0.2562883760880935,0.24091375165572776,0.780566930770874,0.780566930770874,0.748786985874176,0.046786776571881294,0.04765741788780581,0.046786776571881294,0.024484792662987864,0.007013206965414354,0.007013206965414354,1,1,2,1,1,2,0.013295134867773006,0.009358750742794505,0.052160941780903455,0.024904737999901477,0.025635182857513428,0.3037712126970291,0.5635317951309218,0.010000228881835938,0.017320663627577004,0.24536865949630737,2.7210772037506104
E081_box025_p2_legobj,box025_person2_legobj,142,2.84,2.3833381000000036,32,0.253301682254934,0.2353352056716481,0.7802014350891113,0.7802014350891113,0.749851644039154,0.0463208117799751,0.047515804084336255,0.0463208117799751,0.02349344909834894,0.006955034025421969,0.006955034025421969,1,1,2,1,1,2,0.019523983420413504,0.011060710301515002,0.05311439832847729,0.01434794395242575,0.0559428334236145,0.30056360363960266,0.5393516114009029,0.010000012814998627,0.017320160350105952,0.24297171831130981,3.0875940322875977
E081_box025_p2_legobj,box025_person2_legobj,143,2.86,2.4000048000000036,32,0.2498743180976871,0.2300821420131935,0.7784504294395447,0.7784504294395447,0.7513056397438049,0.04595861081222813,0.047716231824177,0.04595861081222813,0.022041711739898384,0.00722270787814433,0.00722270787814433,1,1,2,1,1,2,0.026280184371961703,0.011854631706867132,0.049689018959911936,0.012680175263532814,0.09441298246383667,0.30767814069986343,0.5385176593784478,0.010000012814998627,0.01732009154614326,0.23977160453796387,3.3006539344787598
E081_box025_p2_legobj,box025_person2_legobj,144,2.88,2.4166715000000036,32,0.24624836959047006,0.22585173089284225,0.7748340368270874,0.7748340368270874,0.7532914876937866,0.04600369674194599,0.047814161413776424,0.04600369674194599,0.01994852157347543,0.007944033485291824,0.007944033485291824,1,1,2,1,1,2,0.03297744357598417,0.010529042763717758,0.04344040515607391,0.011533435723533781,0.13207590579986572,0.2907654941082001,0.5284476179553558,0.01000000536441803,0.01732007001506262,0.23595499992370605,3.489962100982666
E081_box025_p2_legobj,box025_person2_legobj,145,2.9,2.4333382000000037,32,0.24347796335052574,0.22173162014384,0.7696654796600342,0.7696654796600342,0.7568159699440002,0.046228945325230086,0.047914803820813756,0.046228945325230086,0.018195866030362107,0.008344942772279651,0.008344942772279651,1,1,2,1,1,2,0.03951111862505313,0.00634605066824262,0.03397410417799026,0.006829549858548168,0.170964777469635,0.25197333097457886,0.509382112438152,0.01000000536441803,0.017320345311374337,0.23279857635498047,3.4542717933654785
E081_box025_p2_legobj,box025_person2_legobj,146,2.92,2.4500049000000037,32,0.24227321305639538,0.21861427448088444,0.7622852325439453,0.7622852325439453,0.7625129818916321,0.047279752008939024,0.04807738987427196,0.047279752008939024,0.01686705622123369,0.008315515276804464,0.008315515276804464,1,1,2,1,1,2,0.04065869397429216,-0.0021178530796336706,0.02531958399205645,0.0007408754632782958,0.2155625820159912,0.2155625820159912,0.5007193741378728,0.010000001639127731,0.017320429186794432,0.2311171293258667,2.9113752841949463
E081_box025_p2_legobj,box025_person2_legobj,147,2.94,2.4666716000000037,32,0.23896949595344905,0.21494384396782093,0.7640377283096313,0.7640377283096313,0.7681259512901306,0.0467939800097002,0.05110146862284132,0.0467939800097002,0.015610086286406422,0.007765283854760829,0.007765283854760829,1,0,1,1,1,2,0.05188069335213741,-0.0039980848530006205,0.0020787642011760566,0.0023223643862950154,0.24090349674224854,0.24164868891239166,0.5157448262041563,0.010000109672546387,0.017320594803453087,0.2272357940673828,2.495222330093384
E081_box025_p2_legobj,box025_person2_legobj,148,2.96,2.4833383000000038,32,0.23252607693164173,0.20812020320739982,0.767427384853363,0.767427384853363,0.7736160755157471,0.04600321036776317,0.05154941247776074,0.04600321036776317,0.014552016752252483,0.006377199670152767,0.006377199670152767,1,0,1,1,1,2,0.058793439390952384,-0.003830429098776879,0.0022679806660275774,0.006527469483917154,0.25955402851104736,0.3121455740183592,0.5600108405393257,0.009999997913837433,0.014201065116172518,0.22962043806910515,2.280583620071411
E081_box025_p2_legobj,box025_person2_legobj,149,2.98,2.500005000000004,32,0.22838832493455105,0.20309085853955977,0.7716793417930603,0.7716793417930603,0.7783746123313904,0.04694686700138101,0.05066869320012185,0.04694686700138101,0.013780901091275,0.006027454234258711,0.006027454234258711,1,0,1,1,1,2,0.06043029719606689,-0.0027095220187608807,0.0027197634900974115,0.004098370822937617,0.25212860107421875,0.3462172597646713,0.5781897359031106,0.010000009089708328,0.014200906453004685,0.2559215761721134,2.7455852031707764
E081_box025_p2_legobj,box025_person2_legobj,150,3.0,2.516671700000004,32,0.22633749508105458,0.20041798437543618,0.7761017084121704,0.7761017084121704,0.7820281982421875,0.0479703127808177,0.048079728652613285,0.0479703127808177,0.012957008883794807,0.006835639766170187,0.006835639766170187,0,0,0,1,1,2,0.056519749497372276,-0.0013917652080930529,0.0033253695277702913,7.601382109467158e-05,0.24976688623428345,0.37802161276340485,0.6112359362809344,0.009999997913837433,0.014678008802962553,0.2581074396148324,3.207165002822876
E081_box025_p2_legobj,box025_person2_legobj,151,3.02,2.533338400000004,32,0.2234302368724401,0.19485288007613813,0.7796457409858704,0.7796457409858704,0.7843475341796875,0.04685472708792099,0.04391773868542975,0.04391773868542975,0.012155613136290544,0.005858715239751178,0.005858715239751178,1,1,2,1,1,2,0.0485682797270734,-0.0011796164128213202,0.004681832903069648,0.003905958759754185,0.21666064858436584,0.3695122003555298,0.6045146553487871,0.010000109672546387,0.014678155275362138,0.25058356299996376,3.425100326538086
E081_box025_p2_legobj,box025_person2_legobj,152,3.04,2.550005100000004,32,0.21768990569786079,0.18449026045647593,0.7820435166358948,0.7820435166358948,0.7845821976661682,0.04754552682867014,0.043576395843211435,0.043576395843211435,0.011812826859184056,0.002832172906017949,0.002832172906017949,1,1,2,1,1,2,0.039331318146925226,-0.0020001506615934667,0.0036373015515986235,0.009478577509015698,0.13292190432548523,0.35888734459877014,0.5788245816222523,0.009999997913837433,0.014555494759635386,0.23359444364905357,3.3671681880950928
E081_box025_p2_legobj,box025_person2_legobj,153,3.06,2.566671800000004,32,0.21091818319093475,0.1755981174848671,0.7844704389572144,0.7844704389572144,0.784514844417572,0.04752829304880252,0.045133385566574924,0.045133385566574924,0.011443053861541708,0.0008523248501773328,0.0008523248501773328,1,1,2,1,1,2,0.03244381876433812,-0.0021620512791088523,0.001323463480052207,0.006045885682950992,0.09318605065345764,0.31999237835407257,0.5531955679144316,0.010000001639127731,0.014555098431006108,0.2022995576262474,2.978200912475586
E081_box025_p2_legobj,box025_person2_legobj,154,3.08,2.583338500000004,32,0.2030754498773192,0.16941410479263555,0.7866418957710266,0.7866418957710266,0.7839590907096863,0.04783948158780721,0.0474090456779242,0.0474090456779242,0.011411962744611592,0.0004118029175996796,0.0004118029175996796,1,1,2,1,1,2,0.02912198201463944,-0.0017842831710695034,0.00170935572193186,0.0006666697287399447,0.006818890571594238,0.2565167620778084,0.4724358162299663,0.010000228881835938,0.014162232647036893,0.19045567512512207,3.2103941440582275
E081_box025_p2_legobj,box025_person2_legobj,155,3.1,2.600005200000004,32,0.19624057125084776,0.1620198751562564,0.7885806560516357,0.7885806560516357,0.7834461331367493,0.04884836831420786,0.049163838794090975,0.04884836831420786,0.011321665682092141,0.00045180189626276013,0.00045180189626276013,0,0,0,1,1,2,0.0291468299985087,-0.0007993012659974416,0.002535785291645427,0.00034545617671471427,-0.023466825485229492,0.2177291288971901,0.4580426391837418,0.009999997913837433,0.01416189361200093,0.18410134315490723,3.2694363594055176
E081_box025_p2_legobj,box025_person2_legobj,156,3.12,2.616671900000004,32,0.18725395835350706,0.15301507996412242,0.7902155518531799,0.7902155518531799,0.7830047011375427,0.04569881696688677,0.048236750841026244,0.04569881696688677,0.011326305836294293,0.001059332414736991,0.001059332414736991,1,0,1,1,1,2,0.03132562038474071,0.0007594415314669464,0.0037198655196166927,0.0004062131569613767,-0.05257290601730347,0.2514159008860588,0.4776002872656493,0.009999997913837433,0.01505155342888012,0.17551922798156738,3.2849628925323486
E081_box025_p2_legobj,box025_person2_legobj,157,3.14,2.633338600000004,32,0.1804878468568009,0.15175830365612267,0.7914882898330688,0.7914882898330688,0.7816030979156494,0.043978351516855196,0.04589226318135281,0.043978351516855196,0.010765516294411026,0.001350322599725784,0.001350322599725784,1,1,2,1,1,2,0.034418462160367064,0.0026971169328005792,0.004947758962413349,0.004179320961266571,-0.05807828903198242,0.25523024052381516,0.4976914474898856,0.009999997913837433,0.015051236652468264,0.17034733295440674,3.136190891265869
E081_box025_p2_legobj,box025_person2_legobj,158,3.16,2.650005300000004,32,0.17774029838347255,0.16435079188554338,0.7919917702674866,0.7919917702674866,0.7785372734069824,0.0432120816126787,0.047749432205843545,0.0432120816126787,0.009966585344748036,0.002503420557552871,0.002503420557552871,1,1,2,1,1,2,0.03647895166933764,0.004803659405085786,0.0059063102791501705,0.011151309837732371,-0.06299662590026855,0.2379341721534729,0.49403177090603556,0.010000109672546387,0.01732054102842362,0.1709376573562622,3.067122220993042
E081_box025_p2_legobj,box025_person2_legobj,159,3.18,2.666672000000004,32,0.17386212405351525,0.16734377969983114,0.7913117408752441,0.7913117408752441,0.7757329940795898,0.042745379392759186,0.051128110489980394,0.042745379392759186,0.00999683559353376,0.0037433963189233976,0.0037433963189233976,1,0,1,1,1,2,0.03617877322594534,0.006705594975154973,0.006534860297620491,0.009461306509696258,-0.05377238988876343,0.2559233754873276,0.52257962822214,0.01000002771615982,0.017320229181731615,0.16920971870422363,3.3959097862243652
E081_box025_p2_legobj,box025_person2_legobj,160,3.2,2.683338700000004,32,0.16542611043912353,0.15403687237157618,0.7893118262290955,0.7893118262290955,0.7733983993530273,0.04173316186404313,0.05453427251875137,0.04173316186404313,0.010499476764208981,0.0041646979615460045,0.0041646979615460045,1,0,1,1,1,2,0.03315810898233141,0.008321859780070856,0.006364143646925189,0.011261471454124788,-0.06012320518493652,0.28218882717192173,0.5532479319263084,0.010000348091125488,0.01732071954758595,0.16163015365600586,3.4691689014434814
E081_box025_p2_legobj,box025_person2_legobj,161,3.22,2.700005400000004,32,0.15735069376180888,0.14012191059388326,0.7858691811561584,0.7858691811561584,0.7716553807258606,0.040481831312065675,0.05536419712815638,0.040481831312065675,0.010904415273731316,0.004092066011279538,0.004092066011279538,1,0,1,1,1,2,0.026967776417790947,0.00952183650662037,0.006059575089690528,0.008978498512937428,-0.039191365242004395,0.30733076483011246,0.5730635415784614,0.010000109672546387,0.017320581896704334,0.15436899662017822,3.382197141647339
E081_box025_p2_legobj,box025_person2_legobj,162,3.24,2.7166721000000043,32,0.14775980789946971,0.1304390293698959,0.7886368036270142,0.7886368036270142,0.7710131406784058,0.040878622536885845,0.052111371391894534,0.040878622536885845,0.011443710401756124,0.003656463842283131,0.003656463842283131,1,0,1,1,1,2,0.025981979748742855,0.01655120611954665,0.009232933532563175,0.008483574618292206,-0.022769451141357422,0.3203025236725807,0.573443506609295,0.010000020265579224,0.01732050016160648,0.15545088052749634,2.288951873779297
E081_box025_p2_legobj,box025_person2_legobj,163,3.26,2.7333388000000043,32,0.13855353242744894,0.12251134924651633,0.7930034399032593,0.7930034399032593,0.7707452774047852,0.04258416503317669,0.05237948178370805,0.04258416503317669,0.011694119850357787,0.003235296553086353,0.003235296553086353,1,0,1,1,1,2,0.02697961412892967,0.023953352616344917,0.014264056099320854,0.008460726490589085,-0.004609644412994385,0.3297134302556515,0.5834929592467155,0.01000058650970459,0.017320822789134424,0.16674700006842613,2.0849900245666504
E081_box025_p2_legobj,box025_person2_legobj,164,3.28,2.7500055000000043,32,0.12974469078932416,0.11456588457265894,0.7969943284988403,0.7969943284988403,0.7711991667747498,0.04351526564859359,0.048999803668496156,0.04351526564859359,0.011471857385040807,0.0030135784717604808,0.0030135784717604808,1,1,2,1,1,2,0.028131197226056726,0.030147387138549572,0.01780456708016235,0.009851171678877066,-0.02885979413986206,0.3138767145574093,0.559619502996914,0.010000348091125488,0.01732069803862862,0.18341122195124626,1.9834421873092651
E081_box025_p2_legobj,box025_person2_legobj,165,3.3,2.7666722000000044,32,0.12181860906583895,0.10697012926474159,0.8002156615257263,0.8002156615257263,0.7719060778617859,0.04438822779046586,0.047857037088387344,0.04438822779046586,0.011220536389316804,0.0029512694317396226,0.0029512694317396226,1,1,2,1,1,2,0.029088721517154054,0.034882352111465266,0.021075824976259455,0.011584224734819744,-0.01589369773864746,0.3234243094921112,0.5580022372114597,0.009999997913837433,0.017320267904826478,0.19877539575099945,1.8064090013504028
E081_box025_p2_legobj,box025_person2_legobj,166,3.32,2.7833389000000044,32,0.1142312491139911,0.09893505439053495,0.8023713231086731,0.8023713231086731,0.7731188535690308,0.04493650498031493,0.048807662952599695,0.04493650498031493,0.010884826569761197,0.003289889884280417,0.003289889884280417,1,1,2,1,1,2,0.029623481601654927,0.03802172771883142,0.024266090600505035,0.015490973528825643,-0.031524658203125,0.3239341750741005,0.5389970258150424,0.010000035166740417,0.01732045288384188,0.21468047052621841,1.6108943223953247
E081_box025_p2_legobj,box025_person2_legobj,167,3.34,2.8000056000000044,32,0.10786983818004722,0.09185440023138361,0.8041608929634094,0.8041608929634094,0.7736714482307434,0.04556677753844435,0.0506978574238493,0.04556677753844435,0.010702363635886447,0.0034266155190119663,0.0034266155190119663,1,0,1,1,1,2,0.030506478272105224,0.040507489723665205,0.026641684650109965,0.015096152343554523,-0.04209238290786743,0.33097754791378975,0.5438522200968939,0.010000467300415039,0.017320773317137668,0.22879645600914955,1.5791034698486328
E081_box025_p2_legobj,box025_person2_legobj,168,3.36,2.8166723000000045,32,0.10422204244540394,0.0854157794579504,0.8052572011947632,0.8052572011947632,0.7728539705276489,0.04584716270504047,0.05269589096236299,0.04584716270504047,0.011228787671520524,0.003306573621244757,0.003306573621244757,1,0,1,1,1,2,0.031044435507740546,0.0425848253818478,0.026713269578959007,0.017653207114912934,-0.0624881386756897,0.3275095894932747,0.513967376683885,0.010000467300415039,0.017320790526532313,0.23989709466695786,1.4793599843978882
E081_box025_p2_legobj,box025_person2_legobj,169,3.38,2.8333390000000045,32,0.10313938499947221,0.07810163312796359,0.805680513381958,0.805680513381958,0.7724190950393677,0.04610669355172231,0.05021302568985925,0.04610669355172231,0.011779468895144252,0.0020802369349584016,0.0020802369349584016,1,1,2,1,1,2,0.0313004072129289,0.04433774595370968,0.025679676308475098,0.016389307737050603,-0.07578104734420776,0.3382040038704872,0.5222502297728504,0.010000467300415039,0.017320781949319033,0.24713008850812912,1.3810408115386963
E081_box025_p2_legobj,box025_person2_legobj,170,3.4,2.8500057000000045,32,0.1027129629442747,0.06783566338694152,0.8059327602386475,0.8059327602386475,0.772808313369751,0.04661402425947342,0.04998922016626345,0.04661402425947342,0.012380823735839597,0.0,0.0,1,1,2,1,1,2,0.03142037412646517,0.04654255675439224,0.02172404015125847,0.014629985384617794,-0.09969490766525269,0.3645807355642319,0.5465397851691906,0.010000050067901611,0.017320459304293434,0.25057870149612427,1.2891795635223389
E081_box025_p2_legobj,box025_person2_legobj,171,3.42,2.8666724000000046,32,0.10263298686511163,0.06017772358583547,0.8061127662658691,0.8061127662658691,0.7725696563720703,0.04675444672712031,0.0491528485106813,0.04675444672712031,0.013264133670567613,0.0,0.0,1,1,2,1,1,2,0.031540485816983474,0.04896079171526663,0.017131623809777338,0.013048484463316183,-0.10330623388290405,0.36788956820964813,0.5491249607155908,0.010000012814998627,0.01732009045220133,0.2543511986732483,1.2115064859390259
E081_box025_p2_legobj,box025_person2_legobj,172,3.44,2.8833391000000046,32,0.09805731660970028,0.055753486814730475,0.8061113357543945,0.8061113357543945,0.7709261775016785,0.0463416196161191,0.04892163818728262,0.0463416196161191,0.014201419100151713,2.57883747014076e-05,2.57883747014076e-05,1,1,2,1,1,2,0.031506868347103076,0.051328594355009666,0.012277381917400118,0.009828864562450497,-0.1261535882949829,0.36422011256217957,0.5396182233323202,0.009999992325901985,0.016837066905402594,0.2610236257314682,1.1985814571380615
E081_box025_p2_legobj,box025_person2_legobj,173,3.46,2.9000058000000046,32,0.09483783656698115,0.05184685463685303,0.8058818578720093,0.8058818578720093,0.7702100872993469,0.04573723439605065,0.049526802243275714,0.04573723439605065,0.01518782464602525,0.0025834867682071327,0.0025834867682071327,1,1,2,1,1,2,0.03137645778393014,0.05335740582329847,0.008287761723785932,0.009111290307020124,-0.1204146146774292,0.37107032909989357,0.5396378091408824,0.009999999776482582,0.016836862970313636,0.26506753638386726,1.1598005294799805
E081_box025_p2_legobj,box025_person2_legobj,174,3.48,2.9166725000000047,32,0.09220918222358819,0.04804600140203169,0.8054059743881226,0.8054059743881226,0.7716491222381592,0.04673840553039782,0.05286171370921283,0.04673840553039782,0.016158389634211012,0.001965544860986601,0.001965544860986601,1,0,1,1,1,2,0.03115008843405885,0.054582156561154116,0.005819641876965149,0.007858225249863342,-0.09710860252380371,0.3279358148574829,0.5061204836630127,0.009999998845160007,0.01568958405048318,0.26347266137599945,1.1470822095870972
E081_box025_p2_legobj,box025_person2_legobj,175,3.5,2.9333392000000047,32,0.09084576434204365,0.046116876969068535,0.8046181797981262,0.8046181797981262,0.7729009389877319,0.04731884506285583,0.052454349310618265,0.04731884506285583,0.016970674365981153,0.0015516187158485795,0.0015516187158485795,1,0,1,1,1,2,0.030817470914500593,0.054814594915062895,0.0044915208135073445,0.005545449354481762,-0.0756790041923523,0.332434993237257,0.501291936457497,0.009999996982514858,0.015689665285307335,0.26029882952570915,1.0561068058013916
E081_box025_p2_legobj,box025_person2_legobj,176,3.52,2.9500059000000047,32,0.09030567743457218,0.046467899984966136,0.8033232092857361,0.8033232092857361,0.7737002372741699,0.047428200033460655,0.05025061093749922,0.047428200033460655,0.017248342314021725,0.0015551360379439383,0.0015551360379439383,1,1,2,1,1,2,0.030171724108274615,0.05376246508379846,0.0038407823413880208,0.0005017412176634208,-0.03978300094604492,0.3474598191678524,0.5033797505812941,0.009999999310821295,0.01634777564390227,0.2570427469909191,0.9809896945953369
E081_box025_p2_legobj,box025_person2_legobj,177,3.54,2.9666726000000048,32,0.08702132274085556,0.04812657925596076,0.8017206788063049,0.8017206788063049,0.7740203738212585,0.047256396845147985,0.0492101260972882,0.047256396845147985,0.01726463953114421,0.0023960289000271584,0.0023960289000271584,1,1,2,1,1,2,0.029330066032969296,0.0519802504561967,0.003671151157528517,0.001447645617126074,-0.024690210819244385,0.3586382083594799,0.5006277185076021,0.010000228881835938,0.016348078528580837,0.2576795481145382,0.9198201894760132
E081_box025_p2_legobj,box025_person2_legobj,178,3.56,2.983339300000005,32,0.08849609465316215,0.05016976964605014,0.7999612092971802,0.7999612092971802,0.7731354832649231,0.04841180849415877,0.050224190274686886,0.04841180849415877,0.016599063627096178,0.005267341042210882,0.005267341042210882,1,1,2,1,1,2,0.028320537133778356,0.05008914391260848,0.003782896340819383,0.004798864113462898,-0.02683955430984497,0.35517868399620056,0.48240928035959696,0.010000228881835938,0.0173206176566546,0.26483339071273804,0.9572755694389343
E081_box025_p2_legobj,box025_person2_legobj,179,3.58,3.000006000000005,32,0.08871627368225665,0.052703631694071156,0.7978898882865906,0.7978898882865906,0.7724593281745911,0.049577740656767955,0.05066752250583412,0.049577740656767955,0.01611403775333231,0.007243141013594412,0.007243141013594412,1,1,2,1,1,2,0.02707554585577341,0.04789540174138901,0.004697142871296323,0.005107361356897825,-0.013819277286529541,0.37207525223493576,0.4953011728990315,0.01000070571899414,0.017320906402821645,0.2729185149073601,0.9945618510246277
E081_box025_p2_legobj,box025_person2_legobj,180,3.6,3.016672700000005,32,0.087355779885151,0.05497043794308455,0.7956443428993225,0.7956443428993225,0.7723294496536255,0.05060328822235188,0.05066351614695347,0.05060328822235188,0.01592076023508915,0.007052229833598156,0.007052229833598156,1,1,2,1,1,2,0.025599113983515685,0.04568940161199281,0.0053688137357696996,0.006093130883313095,-0.021255314350128174,0.34886305034160614,0.4597318971358918,0.01000000536441803,0.017320230539089407,0.2803175300359726,0.9716686606407166
E081_box025_p2_legobj,box025_person2_legobj,181,3.62,3.033339400000005,32,0.08582583857446315,0.05790718916333588,0.7933818101882935,0.7933818101882935,0.7720109224319458,0.051513010600937215,0.05022456931998959,0.05022456931998959,0.015077236267437621,0.006905827169533252,0.006905827169533252,1,1,2,1,1,2,0.02408912375483655,0.04361593536248573,0.006235067912963383,0.004568769903113043,-0.012622535228729248,0.3741299510002136,0.47743876637673927,0.010000012814998627,0.01732044103100379,0.2869521975517273,0.9426148533821106
E081_box025_p2_legobj,box025_person2_legobj,182,3.64,3.050006100000005,32,0.08221367852224448,0.06105083948913065,0.7915132641792297,0.7915132641792297,0.7711778879165649,0.05308688632252728,0.05086109836579894,0.05086109836579894,0.01239447744133465,0.006980888864414614,0.006980888864414614,0,1,1,1,1,2,0.02276520880773973,0.042063517307924826,0.006083073699560854,0.0006130778214617324,-0.035594046115875244,0.39312341809272766,0.5256186777562007,0.010000109672546387,0.01732056979715953,0.29246628284454346,0.9431436657905579
E081_box025_p2_legobj,box025_person2_legobj,183,3.66,3.066672800000005,32,0.08146322826932813,0.06444749080626877,0.7901439666748047,0.7901439666748047,0.7704305648803711,0.0522171884711386,0.05068088960699252,0.05068088960699252,0.010265374353630674,0.006923411174583949,0.006923411174583949,1,1,2,1,1,2,0.021821877138671057,0.041056562894128,0.006280331643539236,0.0006278803367945788,-0.01122671365737915,0.41777465865015984,0.547616925228102,0.009999999310821295,0.017320496672684652,0.2994026653468609,0.8533086776733398
E081_box025_p2_legobj,box025_person2_legobj,184,3.68,3.083339500000005,32,0.08154481982504902,0.06836238793761182,0.7893452644348145,0.7893452644348145,0.7699268460273743,0.05140169938489042,0.050579153084859885,0.050579153084859885,0.009850975267017725,0.006538112047281219,0.006538112047281219,1,1,2,1,1,2,0.021147445895535813,0.040470754288719185,0.005844060248376069,0.0006648718551575631,-0.027563750743865967,0.4284975118935108,0.6023701761308906,0.010000035166740417,0.01732031497377107,0.3059638626873493,0.897323727607727
E081_box025_p2_legobj,box025_person2_legobj,185,3.7,3.100006200000005,32,0.08203638451630296,0.07184221745878086,0.7889217734336853,0.7889217734336853,0.7695699334144592,0.05143374051993094,0.05054757977934882,0.05054757977934882,0.009122702086180878,0.006306916939687102,0.006306916939687102,1,1,2,1,1,2,0.020668247188058597,0.03997776286783387,0.005270399928168696,0.0005378825569672556,0.012207567691802979,0.4552339129149914,0.6265374983777043,0.010000079870223999,0.017320066020570526,0.31288547441363335,0.8695730566978455
E081_box025_p2_legobj,box025_person2_legobj,186,3.72,3.116672900000005,32,0.08229150705124874,0.0744711469625497,0.7888996601104736,0.7888996601104736,0.7696484923362732,0.05272409330681632,0.05096277157126977,0.05096277157126977,0.007427731293032813,0.006546519582788346,0.006546519582788346,1,1,2,1,1,2,0.020481016959146246,0.03928823211182716,0.0064087077931051055,0.0006678227957724417,-0.005301058292388916,0.4410582296550274,0.6875408600324217,0.010000001173466444,0.016377026980788256,0.31736279651522636,0.9765666127204895
E081_box025_p2_legobj,box025_person2_legobj,187,3.74,3.133339600000005,32,0.08250250776106698,0.07718277784030861,0.7891752123832703,0.7891752123832703,0.7697097063064575,0.054267861696011443,0.05175923122907394,0.05175923122907394,0.005845374941167214,0.006718878961206487,0.005845374941167214,0,1,1,1,1,2,0.020533140102953436,0.038494435040178895,0.006783146515238372,0.0006804837737129977,0.032196223735809326,0.4583868570625782,0.7024719885797059,0.010000944137573242,0.01637791923469627,0.321017611771822,0.9977555871009827
E081_box025_p2_legobj,box025_person2_legobj,188,3.76,3.150006300000005,32,0.08185497297448296,0.0807367113282955,0.7896926403045654,0.7896926403045654,0.7697174549102783,0.05270105976502898,0.05331473594138375,0.05270105976502898,0.00478023163888408,0.006705024241344559,0.00478023163888408,1,0,1,1,1,2,0.020833497107929866,0.03756761266310301,0.008610176704480077,0.0006995306077249942,0.030839622020721436,0.44950572587549686,0.7374634171355217,0.010000228881835938,0.016610579055819263,0.3199328575283289,0.9790516495704651
E081_box025_p2_legobj,box025_person2_legobj,189,3.78,3.166673000000005,32,0.08172948929944393,0.08450761105453825,0.7903141975402832,0.7903141975402832,0.7698874473571777,0.05437740413159292,0.05320945836139018,0.05320945836139018,0.004300623878568222,0.006572750753963796,0.004300623878568222,0,0,0,1,1,2,0.02128962755259657,0.036483174141249075,0.009456692944439727,0.000694505621223983,0.05935537815093994,0.4581256378442049,0.7424588554563645,0.010000228881835938,0.01661058098937768,0.31878782995045185,1.0800725221633911
E081_box025_p2_legobj,box025_person2_legobj,190,3.8,3.183339700000005,32,0.07915454948215125,0.08937549367170199,0.7912425994873047,0.7912425994873047,0.7705838084220886,0.05347213479448082,0.04998549859293705,0.04998549859293705,0.005667417723226709,0.006032193667089125,0.005667417723226709,1,1,2,1,1,2,0.021955613349149104,0.035725583587382606,0.011788051254857473,0.0006891648195289648,0.013972222805023193,0.4704280106816441,0.8152066531719994,0.009999999776482582,0.017320501236564815,0.31636570976115763,1.2638365030288696
E081_box025_p2_legobj,box025_person2_legobj,191,3.82,3.2000064000000052,32,0.0789564861628793,0.09324734827796412,0.7924604415893555,0.7924604415893555,0.771837592124939,0.05612907027925024,0.05034397198177326,0.05034397198177326,0.007412549134092672,0.0062865699369045736,0.0062865699369045736,0,1,1,1,1,2,0.022813771176369173,0.035477753169265616,0.011865796559642016,0.0006007905222680243,0.04485052824020386,0.47281067073345184,0.8018454563226757,0.01000000536441803,0.017320505284080454,0.31362394988536835,1.2881232500076294
E081_box025_p2_legobj,box025_person2_legobj,192,3.84,3.2166731000000053,32,0.07926738431518626,0.093387094273627,0.7940470576286316,0.7940470576286316,0.774982750415802,0.057714699595822594,0.053087552824168605,0.053087552824168605,0.010444158320417452,0.009180972384724928,0.009180972384724928,0,1,1,1,1,2,0.02377655421205288,0.036386436033230184,0.01244843514348034,0.0005093631005345365,-0.006193876266479492,0.48308056220412254,0.8094897667707922,0.009999999310821295,0.017320277294146202,0.30999767407774925,1.2965707778930664
E081_box025_p2_legobj,box025_person2_legobj,193,3.86,3.2333398000000053,32,0.07966369829805187,0.09399200513751402,0.7962191700935364,0.7962191700935364,0.7777000069618225,0.058310630295855204,0.056973512520294756,0.056973512520294756,0.014991382706004253,0.01185682734568122,0.01185682734568122,0,0,0,1,1,2,0.024967948113534172,0.038167598006483956,0.010799195942349939,0.000552803856891824,0.03467625379562378,0.4753517508506775,0.787086810761446,0.010000000707805157,0.017320488870718638,0.3075006604194641,1.3090378046035767
E081_box025_p2_legobj,box025_person2_legobj,194,3.88,3.2500065000000053,32,0.0787030868699687,0.09595242201768145,0.7990467548370361,0.7990467548370361,0.7788954377174377,0.061785373515576836,0.06193362848621614,0.061785373515576836,0.024302148908029286,0.013316987606184438,0.013316987606184438,0,0,0,1,1,2,0.02618550319299439,0.04087317460523037,0.007497733564107017,0.0007224267437220815,0.06614857912063599,0.4576495736837387,0.7466465940699619,0.010000109672546387,0.017320587275210114,0.3063615411520004,1.3702826499938965
E081_box025_p2_legobj,box025_person2_legobj,195,3.9,3.2666732000000054,32,0.07905629084697124,0.09782198436899882,0.8024675846099854,0.8024675846099854,0.7806985378265381,0.06535765853851833,0.06535995085814578,0.06535765853851833,0.03169693109646693,0.014989338335465396,0.014989338335465396,0,0,0,1,1,2,0.027433604949234393,0.04388616584561166,0.004081012409918369,0.0005529562206303,0.11323624849319458,0.4429037570953369,0.7357299571406491,0.010000348091125488,0.017320712289543388,0.30773091316223145,1.5525622367858887
E081_box025_p2_legobj,box025_person2_legobj,196,3.92,3.2833399000000054,32,0.07945611508560094,0.09957171705191659,0.8062978982925415,0.8062978982925415,0.7847687005996704,0.07005240411446262,0.06829503471823534,0.06829503471823534,0.03465443325628942,0.016720930386651234,0.016720930386651234,0,0,0,1,1,2,0.028823314193669645,0.04662215097416526,0.0038357103472933924,0.0005356539805558143,0.15471190214157104,0.43749215453863144,0.7408972150078202,0.010000228881835938,0.017320643459432856,0.3189200386404991,1.740445613861084
E081_box025_p2_legobj,box025_person2_legobj,197,3.94,3.3000066000000055,32,0.07976289607237254,0.1006975684177135,0.8103621006011963,0.8103621006011963,0.7887597680091858,0.07556460177881569,0.07148209066608363,0.07148209066608363,0.03928176428670288,0.02006303824741379,0.02006303824741379,0,0,0,1,1,2,0.03016999167837789,0.0487053741004428,0.007901397892499768,0.0004440803181609676,0.21493393182754517,0.4155760034918785,0.750338937477289,0.010000348091125488,0.01732071175472308,0.32930558174848557,1.8483482599258423
E081_box025_p2_legobj,box025_person2_legobj,198,3.96,3.3166733000000055,32,0.0795751518192542,0.09974783906524463,0.8143957257270813,0.8143957257270813,0.7924413084983826,0.08177860987651159,0.07445542791625487,0.07445542791625487,0.051013780372423045,0.02915421923291156,0.02915421923291156,0,0,0,0,1,1,0.03143666715289332,0.04989251507180738,0.012224090287610965,0.0005220146603941754,0.29487669467926025,0.3979429230093956,0.7600537741403031,0.010000467300415039,0.017320772241322686,0.34060948342084885,2.1219534873962402
E081_box025_p2_legobj,box025_person2_legobj,199,3.98,3.3333400000000055,32,0.07912123368114982,0.09877294810395902,0.8183391690254211,0.8183391690254211,0.7961828708648682,0.08888508725846161,0.0784952786450081,0.0784952786450081,0.062262759760554454,0.038857113031969315,0.038857113031969315,0,0,0,0,1,1,0.03258327734032327,0.05045269207087804,0.016017178325874407,0.0005269044335957359,0.3461797833442688,0.3739696592092514,0.7928841583026003,0.010000348091125488,0.017320703414324092,0.3497736304998398,2.5754828453063965
E081_box025_p2_legobj,box025_person2_legobj,200,4.0,3.3500067000000056,32,0.07903263423065673,0.09777523783439028,0.8219397068023682,0.8219397068023682,0.8001723885536194,0.09769202144438455,0.08437379075101287,0.08437379075101287,0.07233995629104245,0.05028830272578527,0.05028830272578527,0,0,0,0,0,0,0.03352923037809617,0.050647933056050747,0.018231359490004484,0.0005307029414962318,0.3689890503883362,0.3825969025492668,0.8303945348607232,0.010000228881835938,0.014813638153716027,0.3636050149798393,2.8986966609954834
E081_box025_p2_legobj,box025_person2_legobj,201,4.02,3.3666734000000056,32,0.07908587595879561,0.0977538556658258,0.8252074122428894,0.8252074122428894,0.8038613200187683,0.10725866296572922,0.09190101633530162,0.09190101633530162,0.08184188166961531,0.061373354743509856,0.061373354743509856,0,0,0,0,0,0,0.034275780699237784,0.05069353004781411,0.019740902020454316,0.0005257797751972528,0.40752196311950684,0.40752196311950684,0.8654401817399382,0.00999999837949872,0.014813404033470189,0.37334512174129486,3.1880602836608887
E081_box025_p2_legobj,box025_person2_legobj,202,4.04,3.3833401000000056,32,0.07926113379132019,0.10237101282685859,0.8282116651535034,0.8282116651535034,0.8062432408332825,0.11797379174144623,0.10027853491561073,0.10027853491561073,0.090044670890077,0.07021443382010745,0.07021443382010745,0,0,0,0,0,0,0.03485094566191396,0.050894857079135464,0.02073234079899143,0.0006260053070999438,0.45330606400966644,0.45330606400966644,0.8724271826432292,0.010000348091125488,0.014569517907363718,0.3720943555235863,3.4716012477874756
E081_box025_p2_legobj,box025_person2_legobj,203,4.06,3.4000068000000057,32,0.07941889508214829,0.10602174298495032,0.8309867978096008,0.8309867978096008,0.8084085583686829,0.1283870918809828,0.10963450104319977,0.10963450104319977,0.09901405311728567,0.07956785333069,0.07956785333069,0,0,0,0,0,0,0.035400328988698285,0.05147438736178986,0.021307828602793785,0.0004433651493487228,0.4722108244895935,0.4722108244895935,0.8664120244057013,0.010000109672546387,0.014569369185978866,0.36723320186138153,3.604527235031128
E081_box025_p2_legobj,box025_person2_legobj,204,4.08,3.4166735000000057,32,0.07960634281845033,0.1045484528370729,0.8332815170288086,0.8332815170288086,0.8095793128013611,0.13802548079107907,0.11895550104659164,0.11895550104659164,0.11185686262336131,0.09114350411909283,0.09114350411909283,0,0,0,0,0,0,0.03584907853383776,0.05215611892765423,0.02200869886221973,0.0006947974283374898,0.4820222854614258,0.4820222854614258,0.830797011296029,0.01000058650970459,0.014696704018818953,0.3550570160150528,3.596226930618286
E081_box025_p2_legobj,box025_person2_legobj,205,4.1,3.4333402000000057,32,0.0797617505489174,0.10310924224644309,0.8347620964050293,0.8347620964050293,0.8102846145629883,0.14601996942558387,0.12735769257038415,0.12735769257038415,0.12486048072236516,0.10282490976401332,0.10282490976401332,0,0,0,0,0,0,0.03586808122881279,0.05275512384112671,0.022569720137744144,0.0014320246902653022,0.4716143310070038,0.4716143310070038,0.7909785000144761,0.010000228881835938,0.014696462377399381,0.34526921063661575,3.446528911590576
E081_box025_p2_legobj,box025_person2_legobj,206,4.12,3.4500069000000058,32,0.07977888240033826,0.10150898593209284,0.8349812030792236,0.8349812030792236,0.8087291717529297,0.1527210154205732,0.13287751543647436,0.13287751543647436,0.1383219763035866,0.11438678121835039,0.11438678121835039,0,0,0,0,0,0,0.03501588261678695,0.053018615802963104,0.023659878075804587,0.005322058187100344,0.47625667974352837,0.47625667974352837,0.7553601905561766,0.010000467300415039,0.014226826995503514,0.3418763428926468,3.250088691711426
E081_box025_p2_legobj,box025_person2_legobj,207,4.14,3.466673600000006,32,0.07979021216674022,0.10031231885931001,0.8336106538772583,0.8336106538772583,0.8072590231895447,0.15766850350330536,0.13541195830305058,0.13541195830305058,0.15103863903432563,0.1254918199540354,0.1254918199540354,0,0,0,0,0,0,0.03308107580822288,0.05264742592758788,0.02456865570724356,0.0045455410506467404,0.4600289650261402,0.4600289650261402,0.7303285302672117,0.010000824928283691,0.014227074829110889,0.34162234514951706,2.987335681915283
E081_box025_p2_legobj,box025_person2_legobj,208,4.16,3.483340300000006,32,0.07982375184934963,0.10110770399090069,0.8302674293518066,0.8302674293518066,0.8062283992767334,0.1611188007635886,0.13444835984822728,0.13444835984822728,0.1594630134255926,0.13369170008769443,0.13369170008769443,0,0,0,0,0,0,0.029988187320068645,0.05119028197399642,0.025490748978101357,0.0004893681747874976,0.4326768945902586,0.4326768945902586,0.7241109296114893,0.009999999310821295,0.014383515738915633,0.34678342193365097,2.6353635787963867
E081_box025_p2_legobj,box025_person2_legobj,209,4.18,3.500007000000006,32,0.07987217632852364,0.10314733744025767,0.8251037001609802,0.8251037001609802,0.8050546646118164,0.16260747880543597,0.13054547367577934,0.13054547367577934,0.16679075098661428,0.14087699713593788,0.14087699713593788,0,0,0,0,0,0,0.02588939226945619,0.04864766953899839,0.0254067204656727,0.00043567752470811223,0.3896465636789799,0.4177382215857506,0.7452518180171426,0.01000000024214387,0.014383767728777239,0.35458412021398544,2.438964605331421
E081_box025_p2_legobj,box025_person2_legobj,210,4.2,3.516673700000006,32,0.07992723300803509,0.11074796076869942,0.81812983751297,0.81812983751297,0.8030971884727478,0.162129753177843,0.12400488980120278,0.12400488980120278,0.167981610886138,0.14211145137941378,0.14211145137941378,0,0,0,0,0,0,0.02081546228721081,0.04449458422183944,0.023656151757400035,0.0005186749655328564,0.3433045372366905,0.40527286380529404,0.7833522218436928,0.010000228881835938,0.014454339761975528,0.3623235151171684,3.2045583724975586
E081_box025_p2_legobj,box025_person2_legobj,211,4.22,3.533340400000006,32,0.07995037543775166,0.11928485058693607,0.8097934126853943,0.8097934126853943,0.801159679889679,0.16016425862842326,0.11592365208353633,0.11592365208353633,0.16868582880690514,0.14223626697222763,0.14223626697222763,0,0,0,0,0,0,0.015115489854064197,0.038780980645131066,0.021232837067881392,0.0004051503047481227,0.3008934259414673,0.41662391275167465,0.8171323873453334,0.010000348091125488,0.014454429948272224,0.3699924871325493,3.796222686767578
E081_box025_p2_legobj,box025_person2_legobj,212,4.24,3.550007100000006,32,0.07993377247981805,0.12699422419208528,0.8054165244102478,0.8054165244102478,0.7993389368057251,0.15725993280920464,0.10412999656112815,0.10412999656112815,0.16611770153498512,0.13583879156750206,0.13583879156750206,0,0,0,0,0,0,0.013275792373683176,0.03517484275436665,0.006535817806533251,0.0005000154842237899,0.28332678228616714,0.4262101873755455,0.8810277866802123,0.010000001173466444,0.01454825951819668,0.3761588856577873,3.9907095432281494
E081_box025_p2_legobj,box025_person2_legobj,213,4.26,3.566673800000006,32,0.0799041936957178,0.13452514701369175,0.8021443486213684,0.8021443486213684,0.7974836230278015,0.1544202858290457,0.0908330136195113,0.0908330136195113,0.16365570762182585,0.12867514014652665,0.12867514014652665,0,0,0,0,0,0,0.012651166713585106,0.032226121236306436,0.002934219164404152,0.00047716952068453,0.24969704449176788,0.42857708781957626,0.8689736826979513,0.010000348091125488,0.014548500567934573,0.3820331320166588,3.8932101726531982
E081_box025_p2_legobj,box025_person2_legobj,214,4.28,3.583340500000006,32,0.07986883941935337,0.14237577454043024,0.799035906791687,0.799035906791687,0.7954130172729492,0.15356896558566907,0.07988861359933092,0.07988861359933092,0.16155912342732442,0.11652504837320238,0.11652504837320238,0,0,0,0,0,0,0.012019040224456684,0.02948721469835213,0.0029226037619276457,0.0004236447108782727,0.144516721367836,0.3771229013800621,0.7367029937837418,0.009999999310821295,0.017320221371389243,0.3860753998160362,3.4507806301116943
E081_box025_p2_legobj,box025_person2_legobj,215,4.3,3.600007200000006,32,0.0798392766647549,0.1499027654057619,0.7957203984260559,0.7957203984260559,0.7935150861740112,0.1540172097502362,0.07119919451188234,0.07119919451188234,0.1596943048829948,0.10455161750759273,0.10455161750759273,0,0,0,0,0,0,0.010703039784333734,0.026555353003417118,0.0028336799638305783,0.0004068836757371259,0.13760046660900116,0.3841986283659935,0.7146957154192122,0.01000000536441803,0.017320091791961794,0.3889113590121269,2.888619899749756
E081_box025_p2_legobj,box025_person2_legobj,216,4.32,3.616673900000006,32,0.0798637231189633,0.15616551248276722,0.7920016646385193,0.7920016646385193,0.7927711606025696,0.15518807616740066,0.06564207471008981,0.06564207471008981,0.1591119441111199,0.09411309162062537,0.09411309162062537,0,0,0,0,0,0,0.008471578675769385,0.0233660246206968,0.0025542884883765172,0.00022697102196813168,0.16165639460086823,0.371308833360672,0.680771473104374,0.010000000707805157,0.017320497474311386,0.3898995816707611,2.469053030014038
E081_box025_p2_legobj,box025_person2_legobj,217,4.34,3.633340600000006,32,0.07988510946807581,0.162051284937905,0.7880384922027588,0.7880384922027588,0.7921194434165955,0.1571769584687352,0.06313188219733251,0.06313188219733251,0.15866196841831298,0.08437361735339816,0.08437361735339816,0,1,1,0,0,0,0.005564858474426414,0.020108163525126038,0.00215057594064647,0.0002552660530924592,0.16558575630187988,0.3664698153734207,0.6546704113392771,0.009999999310821295,0.017320135339195613,0.38943450152873993,2.357717752456665
E081_box025_p2_legobj,box025_person2_legobj,218,4.36,3.650007300000006,32,0.07985070396546973,0.1671498863860838,0.7845031023025513,0.7845031023025513,0.7921313047409058,0.15890264067455656,0.0652590501443206,0.0652590501443206,0.15925819326636131,0.07985690484471736,0.07985690484471736,0,0,0,0,0,0,0.0026063974670587076,0.01720244540362774,0.0016155260149674623,0.0005638985018141587,0.1828448846936226,0.3460177257657051,0.6129352415647384,0.010000000707805157,0.017320497494002236,0.3865426853299141,2.076235294342041
E081_box025_p2_legobj,box025_person2_legobj,219,4.38,3.666674000000006,32,0.07982569495135622,0.17059530027069178,0.7843787670135498,0.7843787670135498,0.792087972164154,0.16044547455324593,0.06923618462246656,0.06923618462246656,0.15980247405374276,0.07642859158792631,0.07642859158792631,0,0,0,0,0,0,0.00244634709511303,0.017135804581022117,0.0029297037132469316,0.0005276357415889063,0.17991292476654053,0.34801163524389267,0.604172143739236,0.01000000024214387,0.017320432691700343,0.3814125284552574,1.493198037147522
E081_box025_p2_legobj,box025_person2_legobj,220,4.4,3.6833407000000062,32,0.07971096015836311,0.1693027324374912,0.7850643396377563,0.7850643396377563,0.7916145324707031,0.16101109225283533,0.07450414171926328,0.07450414171926328,0.16042457133762272,0.08118364144044748,0.08118364144044748,0,0,0,0,0,0,0.002647673497299219,0.017585371889493266,0.0038061850251927556,0.0005731262987857924,0.17865388095378876,0.3335619643330574,0.6031021101579342,0.010000020265579224,0.01732010039988195,0.3783682957291603,1.0443496704101562
E081_box025_p2_legobj,box025_person2_legobj,221,4.42,3.7000074000000063,32,0.07961130619527151,0.16756888437451714,0.7857794761657715,0.7857794761657715,0.7910606861114502,0.1603331773495717,0.08006811520779239,0.08006811520779239,0.16130761604830252,0.08558486031783402,0.08558486031783402,0,0,0,0,0,0,0.0025056443386671443,0.017584147960754977,0.005884967086011055,0.000626913937936934,0.17035642266273499,0.3349911868572235,0.6067501362239951,0.01000002771615982,0.017320036154332894,0.37467771768569946,0.9222928881645203
E081_box025_p2_legobj,box025_person2_legobj,222,4.44,3.7166741000000063,32,0.07960281650196904,0.1653211877213309,0.7863457798957825,0.7863457798957825,0.789826512336731,0.1591625086352218,0.08553128317281061,0.08553128317281061,0.16376906450494283,0.08977376937708498,0.08977376937708498,0,0,0,0,0,0,0.002013271096436356,0.017133386809125593,0.006830456334673552,0.000504412548859551,0.1584552824497223,0.31667812913656235,0.583748541449763,0.01000000536441803,0.017320299065886696,0.36911653727293015,0.8259838223457336
E081_box025_p2_legobj,box025_person2_legobj,223,4.46,3.7333408000000063,32,0.079593950941327,0.16317110457079834,0.7867002487182617,0.7867002487182617,0.7887943387031555,0.15713561741573384,0.09040710792094003,0.09040710792094003,0.16598574311062125,0.09390281573292553,0.09390281573292553,0,0,0,0,0,0,0.001210707020021691,0.016196981455996698,0.008201779387014402,0.0004894265908044681,0.12497913837432861,0.32435743510723114,0.5859876037847193,0.010000020265579224,0.017320446394485545,0.36347074061632156,0.8888469338417053
E081_box025_p2_legobj,box025_person2_legobj,224,4.48,3.7500075000000064,32,0.07957231877726945,0.1641494708705363,0.7868355512619019,0.7868355512619019,0.7896303534507751,0.15392204722729336,0.09415146774541178,0.09415146774541178,0.16455393283681835,0.0991392294657078,0.0991392294657078,0,0,0,0,0,0,0.00025569339161346516,0.014821593721064528,0.009597568205858433,0.0006664450235495815,0.0811166763305664,0.35729479789733887,0.6093130748267296,0.010000012814998627,0.017320372996113668,0.35583895444869995,1.0072309970855713
E081_box025_p2_legobj,box025_person2_legobj,225,4.5,3.7666742000000064,32,0.07954652081312885,0.16478337827769352,0.7868821024894714,0.7868821024894714,0.7904491424560547,0.14930076946666665,0.09664237429713946,0.09664237429713946,0.16317075381689566,0.10431206695850898,0.10431206695850898,0,0,0,0,0,0,-0.0007275739159758113,0.013206972712718638,0.01116277384825807,0.0006638292458726704,0.04802316427230835,0.3747957646846771,0.6372959926647577,0.010000020265579224,0.017320238578876077,0.35003218054771423,1.0831354856491089
E081_box025_p2_legobj,box025_person2_legobj,226,4.52,3.7833409000000064,32,0.07948344263820545,0.1649738566750564,0.7869658470153809,0.7869658470153809,0.7910932302474976,0.14477730093597313,0.09839227004469658,0.09839227004469658,0.1618544154785227,0.10930675105875037,0.10930675105875037,0,0,0,0,0,0,-0.001515636131404402,0.011658008704829997,0.012016261774102656,0.0006874001723718642,0.023308128118515015,0.3749455288052559,0.6447272209762251,0.009999999310821295,0.01732041923768251,0.34549015015363693,1.016640067100525
E081_box025_p2_legobj,box025_person2_legobj,227,4.54,3.8000076000000065,32,0.07942704234120458,0.1651559530074118,0.7872335910797119,0.7872335910797119,0.7917311787605286,0.1405239476395766,0.0999929834494872,0.0999929834494872,0.16027395168484487,0.11409712533069322,0.11409712533069322,0,0,0,0,0,0,-0.0019946677390507497,0.010420261206393548,0.012941536396145037,0.0006682760400667951,8.305907249450684e-05,0.37033606320619583,0.6420994955428113,0.01000002771615982,0.01732003641087906,0.3398153930902481,1.0207773447036743
E081_box025_p2_legobj,box025_person2_legobj,228,4.56,3.8166743000000065,32,0.079459927082856,0.16727510696457148,0.7877498269081116,0.7877498269081116,0.7923011183738708,0.13689435751540918,0.10178003238807648,0.10178003238807648,0.156190001898796,0.11674985257074072,0.11674985257074072,0,0,0,0,0,0,-0.002098131655606565,0.009565592265142524,0.013837440246980926,0.0004520596039999507,-0.005718022584915161,0.35878419876098633,0.6183248706309031,0.009999998845160007,0.015134334061204534,0.32982584834098816,1.02847158908844
E081_box025_p2_legobj,box025_person2_legobj,229,4.58,3.8333410000000065,32,0.07948912237651634,0.16914279848522096,0.788561999797821,0.788561999797821,0.7928305864334106,0.13476145077424934,0.10530882442770667,0.10530882442770667,0.15215209194578588,0.1193902486211777,0.1193902486211777,0,0,0,0,0,0,-0.0018011274526511245,0.009192041567284863,0.014994780300207792,0.00043002632705216613,-0.025933772325515747,0.32932673394680023,0.5674099387416932,0.010000109672546387,0.015134411391734994,0.3302912563085556,1.0223064422607422
E081_box025_p2_legobj,box025_person2_legobj,230,4.6,3.8500077000000066,32,0.07948390907772095,0.17015682932605733,0.7896440029144287,0.7896440029144287,0.7928472757339478,0.13532657398801767,0.11119796541920085,0.11119796541920085,0.148559676066586,0.12201493333016938,0.12201493333016938,0,0,0,0,0,0,-0.0012119993241748728,0.009375947125642596,0.015318140312468668,0.0006690597033439131,-0.01648387312889099,0.281489834189415,0.4944688367755021,0.00999999837949872,0.016200243557062486,0.32703249156475067,1.079258680343628
E081_box025_p2_legobj,box025_person2_legobj,231,4.62,3.8666744000000066,32,0.07947754462216114,0.17079006940187624,0.7908435463905334,0.7908435463905334,0.7928890585899353,0.1397021898982292,0.12055231527385396,0.12055231527385396,0.14508198356734386,0.12462943329230264,0.12462943329230264,0,0,0,0,0,0,-0.00045810915341957387,0.009971770446201088,0.015541457683764508,0.0006658384878117055,-0.025596827268600464,0.21966403722763062,0.40649257808824585,0.009999997913837433,0.016200246935478144,0.3165961354970932,1.224626064300537
E081_box025_p2_legobj,box025_person2_legobj,232,4.64,3.8833411000000067,32,0.07945830934731718,0.1695646503309437,0.7919069528579712,0.7919069528579712,0.7932906150817871,0.14978240691949812,0.1344114121724545,0.1344114121724545,0.14337255777648034,0.12685587813034843,0.12685587813034843,0,0,0,0,0,0,0.0002816706986405945,0.010655468877709191,0.015071784793697187,0.0006526479864254518,-0.025905489921569824,0.1788628175854683,0.28653058445169977,0.010000348091125488,0.017320703154917603,0.2956019639968872,1.7843931913375854
E081_box025_p2_legobj,box025_person2_legobj,233,4.66,3.9000078000000067,32,0.07943889261550553,0.16799373734626855,0.7927181124687195,0.7927181124687195,0.7936756014823914,0.16523005460593748,0.1525513552768924,0.1525513552768924,0.1417001237003917,0.12915584734989122,0.12915584734989122,0,0,0,0,0,0,0.000882563393205367,0.011204815296492789,0.013828563749351933,0.0006438566367535887,-0.03140643239021301,0.1653551384806633,0.23821617540911832,0.01000000536441803,0.017320505810703293,0.2655503451824188,2.2475686073303223
E081_box025_p2_legobj,box025_person2_legobj,234,4.68,3.9166745000000067,32,0.07942083952795677,0.16599860674780129,0.7930734157562256,0.7930734157562256,0.7937862873077393,0.18661764525134855,0.17492955435213958,0.17492955435213958,0.14082699081571398,0.1325365051648572,0.1325365051648572,0,0,0,0,0,0,0.001075153236226624,0.011310604289998749,0.0113652578745529,0.0003032578273343173,-0.008581340312957764,0.12469165772199631,0.21502664706968233,0.010000228881835938,0.01516750449801314,0.22689471393823624,2.650611639022827
E081_box025_p2_legobj,box025_person2_legobj,235,4.7,3.9333412000000068,32,0.07940249874433399,0.16372579618486674,0.7928616404533386,0.7928616404533386,0.7939167022705078,0.2124073414553203,0.19946069071970413,0.19946069071970413,0.1400112095322153,0.1358753812741223,0.1358753812741223,0,0,0,0,0,0,0.0008656277276587465,0.01061360318443489,0.008139324245353078,0.00026213582699749526,0.005030840635299683,0.11247573979198933,0.2191145561646842,0.010000109672546387,0.015167435432405191,0.18288883566856384,2.785524368286133
E081_box025_p2_legobj,box025_person2_legobj,236,4.72,3.950007900000007,32,0.07938128813752958,0.16159632368394702,0.7921011447906494,0.7921011447906494,0.7944323420524597,0.2397112420224355,0.2225740377275855,0.2225740377275855,0.14015742082094423,0.13838015188162384,0.13838015188162384,0,0,0,0,0,0,0.0004522759999806211,0.008911741296506362,0.004693433297941793,0.0006337805776881404,0.024777203798294067,0.10016338154673576,0.2227863779014666,0.01000002771615982,0.017320311174134604,0.1609286665916443,2.6576995849609375
E081_box025_p2_legobj,box025_person2_legobj,237,4.74,3.966674600000007,32,0.07935968810181251,0.15924840702247378,0.7906955480575562,0.7906955480575562,0.794940173625946,0.2661484914698025,0.24227599329542465,0.24227599329542465,0.1403159206005155,0.140802707298384,0.1403159206005155,0,0,0,0,0,0,-0.0002426189403983009,0.006095463938077458,0.0022996750604187474,0.0006271290544737441,0.04454877972602844,0.09747110307216644,0.20872585713213382,0.010000064969062805,0.0173205402297058,0.15798741579055786,2.592597246170044
E081_box025_p2_legobj,box025_person2_legobj,238,4.76,3.983341300000007,32,0.07934012253669583,0.15786785741903092,0.7906190156936646,0.7906190156936646,0.7952647805213928,0.28789520836885957,0.2589870267494168,0.2589870267494168,0.14072757097014904,0.14131223437341106,0.14072757097014904,0,0,0,0,0,0,-0.0002579251634713467,0.0055974345578871515,0.00025393931028097237,0.00045878242938981214,0.0719480812549591,0.0719480812549591,0.18487864796438438,0.01000000536441803,0.015239740008346934,0.15604424476623535,2.2574362754821777
E081_box025_p2_legobj,box025_person2_legobj,239,4.78,4.0000080000000064,32,0.07932787347964679,0.15672243615534137,0.7910647392272949,0.7910647392272949,0.7955754995346069,0.30427866573220336,0.27091356283565576,0.27091356283565576,0.1411612837236324,0.14174792190304536,0.1411612837236324,0,0,0,0,0,0,-1.0075449260453506e-05,0.005847840597379472,0.0004114610071066128,0.0004330708243404868,0.08965897560119629,0.08965897560119629,0.17788178598519067,0.009999997913837433,0.015239969748979466,0.1543390154838562,1.7999361753463745
E081_box025_p2_legobj,box025_person2_legobj,240,4.8,4.0166747000000065,32,0.07951072843608709,0.15470256390104292,0.7918088436126709,0.7918088436126709,0.7954735159873962,0.31551744119284714,0.2772506695454033,0.2772506695454033,0.14235096288690757,0.14000017515291102,0.14000017515291102,0,0,0,0,0,0,0.0004795618295441659,0.006314463552581535,0.0006160631798995584,0.0006913110208423539,0.11263453960418701,0.11263453960418701,0.18196784120750883,0.01000070571899414,0.015488808282935399,0.15205633640289307,1.44968581199646
E081_box025_p2_legobj,box025_person2_legobj,241,4.82,4.0333414000000065,32,0.07968759680093555,0.15273581605414552,0.7925614714622498,0.7925614714622498,0.7953855395317078,0.32176408643811555,0.2788161330404156,0.2788161330404156,0.14348286106494917,0.1382399778727333,0.1382399778727333,0,0,0,0,0,0,0.0007602068491934788,0.006815195898836918,0.001104009590832095,0.0006732150584709621,0.11964148283004761,0.11964148283004761,0.1916185649521803,0.010000109672546387,0.015488423454563378,0.14987725019454956,1.1735615730285645
E081_box025_p2_legobj,box025_person2_legobj,242,4.84,4.0500081000000066,32,0.07944459442341821,0.15155512974468419,0.7933670282363892,0.7933670282363892,0.7958564162254333,0.32310972291526313,0.2761456648118244,0.2761456648118244,0.14271751776408187,0.13616677090211055,0.13616677090211055,0,0,0,0,0,0,0.0009313804119643193,0.007388767011805131,0.0009984848086094155,0.0006268517320402521,0.10373386740684509,0.10373386740684509,0.19481608618264656,0.01000070571899414,0.01563232742847309,0.14866703748703003,0.7968196868896484
E081_box025_p2_legobj,box025_person2_legobj,243,4.86,4.066674800000007,32,0.07921022551633927,0.1502809243321854,0.7942025661468506,0.7942025661468506,0.7963215112686157,0.32083395434281653,0.27097421347582357,0.27097421347582357,0.14195306289527604,0.13410863118994704,0.13410863118994704,0,0,0,0,0,0,0.0010844563989796385,0.007984181702434735,0.0008033721170451232,0.0006178649516352523,0.10112002491950989,0.10112002491950989,0.20106518147824715,0.009999968111515045,0.015631770145168644,0.1474263072013855,0.7465251684188843
E081_box025_p2_legobj,box025_person2_legobj,244,4.88,4.083341500000007,32,0.0791964392061495,0.14818607515877827,0.7950204014778137,0.7950204014778137,0.7964349389076233,0.31627822097573316,0.2652666242707253,0.2652666242707253,0.14134721043362058,0.13298755276657676,0.13298755276657676,0,0,0,0,0,0,0.001207888871286554,0.008575616746111604,0.0004969074953143061,0.0006787656315297427,0.08774492144584656,0.10321222245693207,0.19545765656156233,0.010001540184020996,0.015150802081606709,0.14506107568740845,0.7653229832649231
E081_box025_p2_legobj,box025_person2_legobj,245,4.9,4.100008200000007,32,0.07918312288234677,0.1459731407024371,0.795795738697052,0.795795738697052,0.7965472936630249,0.31077449789482464,0.2600994325457076,0.2600994325457076,0.1407481879231875,0.13186733513206844,0.13186733513206844,0,0,0,0,0,0,0.0013598240602113731,0.009116022554409069,0.0002137005058794643,0.0006723719859120198,0.08021876215934753,0.10248732566833496,0.19214620545680342,0.010001420974731445,0.015150757061119595,0.14265012741088867,0.747037947177887
E081_box025_p2_legobj,box025_person2_legobj,246,4.92,4.116674900000007,32,0.07915992948098535,0.14374944683868446,0.7966204881668091,0.7966204881668091,0.79653000831604,0.3058077798128314,0.2555964365413404,0.2555964365413404,0.14087899549220967,0.13074669358649288,0.13074669358649288,0,0,0,0,0,0,0.0018567812208289958,0.009640842854284376,0.00034339480729514774,0.0004772622433769509,0.06318514049053192,0.09678199887275696,0.16813360828163504,0.010000012814998627,0.014961853347910474,0.1398451328277588,0.6270241141319275
E081_box025_p2_legobj,box025_person2_legobj,247,4.94,4.133341600000007,32,0.07913666613373063,0.14159485723600673,0.7974427342414856,0.7974427342414856,0.7965127825737,0.30164331505862824,0.25215995734424895,0.25215995734424895,0.1410158515502215,0.12961879945577987,0.12961879945577987,0,0,0,0,0,0,0.0024446156431913793,0.010185936395285422,0.0003301589364885805,0.00047801457512793,0.061766207218170166,0.09322112798690796,0.16529231752120138,0.010000012814998627,0.014961773359704474,0.13715440034866333,0.5251874327659607
