case_id	object_group	task	role	frame	raw_frame	hand	raw_active	filled	raw_local_x	raw_local_y	raw_local_z	old_wrist5_local_x	old_wrist5_local_y	old_wrist5_local_z	support_patch_local_x	support_patch_local_y	support_patch_local_z	reward_target_local_x	reward_target_local_y	reward_target_local_z	handbox_closest_local_x	handbox_closest_local_y	handbox_closest_local_z	old_wrist5_to_raw_m	support_patch_to_raw_m	reward_delta_m	handbox_gap_to_patch_m	old_wrist5_face	support_patch_face	reward_target_face	old_wrist5_support	support_patch_support	reward_target_support	old_wrist5_inside	support_patch_inside	reward_target_inside
box023_p2	box023	box023_person2	known_guard	0	42	left	False	False	nan	nan	nan	-0.04613284552250266	0.5015968213926488	0.3882872140752714	-0.04613284552250266	0.5015968213926488	0.3882872140752714	-0.04613284552250266	0.5015968213926488	0.3882872140752714	-0.04613284552250266	0.5015968213926488	0.3882872140752714	nan	nan	0.0	0.0	+y	+y	+y	True	True	True	False	False	False
box023_p2	box023	box023_person2	known_guard	1	43	left	False	False	nan	nan	nan	-0.05842776141598645	0.49618641298973426	0.4218227367816848	-0.05842776141598645	0.49618641298973426	0.4218227367816848	-0.05842776141598645	0.49618641298973426	0.4218227367816848	-0.05842776141598645	0.49618641298973426	0.4218227367816848	nan	nan	0.0	0.0	+y	+y	+y	True	True	True	False	False	False
box023_p2	box023	box023_person2	known_guard	2	44	left	False	False	nan	nan	nan	-0.06525102572815389	0.49708233985716316	0.4402232974095874	-0.06525102572815389	0.49708233985716316	0.4402232974095874	-0.06525102572815389	0.49708233985716316	0.4402232974095874	-0.06525102572815389	0.49708233985716316	0.4402232974095874	nan	nan	0.0	0.0	+y	+y	+y	True	True	True	False	False	False
box023_p2	box023	box023_person2	known_guard	3	45	left	False	False	nan	nan	nan	-0.06894489201958831	0.4984170592893474	0.45345197383006886	-0.06894489201958831	0.4984170592893474	0.45345197383006886	-0.06894489201958831	0.4984170592893474	0.45345197383006886	-0.06894489201958831	0.4984170592893474	0.45345197383006886	nan	nan	0.0	0.0	+y	+y	+y	True	True	True	False	False	False
box023_p2	box023	box023_person2	known_guard	4	46	left	False	False	nan	nan	nan	-0.07154883005052878	0.5018882990205359	0.44230233571446465	-0.07154883005052878	0.5018882990205359	0.44230233571446465	-0.07154883005052878	0.5018882990205359	0.44230233571446465	-0.07154883005052878	0.5018882990205359	0.44230233571446465	nan	nan	0.0	0.0	+y	+y	+y	True	True	True	False	False	False
box023_p2	box023	box023_person2	known_guard	5	47	left	False	False	nan	nan	nan	-0.06701278401304622	0.499555513434214	0.4325209326908361	-0.06701278401304622	0.499555513434214	0.4325209326908361	-0.06701278401304622	0.499555513434214	0.4325209326908361	-0.06701278401304622	0.499555513434214	0.4325209326908361	nan	nan	0.0	0.0	+y	+y	+y	True	True	True	False	False	False
box023_p2	box023	box023_person2	known_guard	6	48	left	False	False	nan	nan	nan	-0.059794179454778086	0.5009836556522114	0.417196401324954	-0.059794179454778086	0.5009836556522114	0.417196401324954	-0.059794179454778086	0.5009836556522114	0.417196401324954	-0.059794179454778086	0.5009836556522114	0.417196401324954	nan	nan	0.0	0.0	+y	+y	+y	True	True	True	False	False	False
box023_p2	box023	box023_person2	known_guard	7	49	left	False	False	nan	nan	nan	-0.05129812346354335	0.4958221255441326	0.4091122689426983	-0.05129812346354335	0.4958221255441326	0.4091122689426983	-0.05129812346354335	0.4958221255441326	0.4091122689426983	-0.05129812346354335	0.4958221255441326	0.4091122689426983	nan	nan	0.0	0.0	+y	+y	+y	True	True	True	False	False	False
box023_p2	box023	box023_person2	known_guard	8	50	left	False	False	nan	nan	nan	-0.05378749877773732	0.49256774809056353	0.40372645533311113	-0.05378749877773732	0.49256774809056353	0.40372645533311113	-0.05378749877773732	0.49256774809056353	0.40372645533311113	-0.05378749877773732	0.49256774809056353	0.40372645533311113	nan	nan	0.0	0.0	+y	+y	+y	True	True	True	False	False	False
box023_p2	box023	box023_person2	known_guard	9	51	left	False	False	nan	nan	nan	-0.048586702061236046	0.4805284765390174	0.3878900696381342	-0.048586702061236046	0.4805284765390174	0.3878900696381342	-0.048586702061236046	0.4805284765390174	0.3878900696381342	-0.048586702061236046	0.4805284765390174	0.3878900696381342	nan	nan	0.0	0.0	+y	+y	+y	True	True	True	False	False	False
box023_p2	box023	box023_person2	known_guard	10	52	left	False	False	nan	nan	nan	-0.05036199730216569	0.4656656433115096	0.37398514067045424	-0.05036199730216569	0.4656656433115096	0.37398514067045424	-0.05036199730216569	0.4656656433115096	0.37398514067045424	-0.05036199730216569	0.4656656433115096	0.37398514067045424	nan	nan	0.0	0.0	+y	+y	+y	True	True	True	False	False	False
box023_p2	box023	box023_person2	known_guard	11	53	left	False	False	nan	nan	nan	-0.06353327929621483	0.4339426378905506	0.3561632382898559	-0.06353327929621483	0.4339426378905506	0.3561632382898559	-0.06353327929621483	0.4339426378905506	0.3561632382898559	-0.06353327929621483	0.4339426378905506	0.3561632382898559	nan	nan	0.0	0.0	+y	+y	+y	True	True	True	False	False	False
box023_p2	box023	box023_person2	known_guard	12	54	left	False	False	nan	nan	nan	-0.07134404551307384	0.40158007413031505	0.34997950476438944	-0.07134404551307384	0.40158007413031505	0.34997950476438944	-0.07134404551307384	0.40158007413031505	0.34997950476438944	-0.07134404551307384	0.40158007413031505	0.34997950476438944	nan	nan	0.0	0.0	+y	+y	+y	True	True	True	False	False	False
box023_p2	box023	box023_person2	known_guard	13	55	left	False	False	nan	nan	nan	-0.07904723057068463	0.3548187589335215	0.34097296780965747	-0.07904723057068463	0.3548187589335215	0.34097296780965747	-0.07904723057068463	0.3548187589335215	0.34097296780965747	-0.07904723057068463	0.3548187589335215	0.34097296780965747	nan	nan	0.0	0.0	+y	+y	+y	True	True	True	False	False	False
box023_p2	box023	box023_person2	known_guard	14	56	left	False	False	nan	nan	nan	-0.08501192836011173	0.29477846342075	0.3372508838687945	-0.08501192836011173	0.29477846342075	0.3372508838687945	-0.08501192836011173	0.29477846342075	0.3372508838687945	-0.08501192836011173	0.29477846342075	0.3372508838687945	nan	nan	0.0	0.0	+z	+z	+z	True	True	True	False	False	False
box023_p2	box023	box023_person2	known_guard	15	57	left	False	False	nan	nan	nan	-0.09463438198098188	0.2458737643744611	0.3294312165336193	-0.09463438198098188	0.2458737643744611	0.3294312165336193	-0.09463438198098188	0.2458737643744611	0.3294312165336193	-0.09463438198098188	0.2458737643744611	0.3294312165336193	nan	nan	0.0	0.0	+z	+z	+z	True	True	True	False	False	False
box023_p2	box023	box023_person2	known_guard	16	58	left	False	False	nan	nan	nan	-0.107105996742867	0.20471493024956228	0.3167772590055165	-0.107105996742867	0.20471493024956228	0.3167772590055165	-0.107105996742867	0.20471493024956228	0.3167772590055165	-0.107105996742867	0.20471493024956228	0.3167772590055165	nan	nan	0.0	0.0	+z	+z	+z	True	True	True	False	False	False
box023_p2	box023	box023_person2	known_guard	17	59	left	False	False	nan	nan	nan	-0.128736675738267	0.15707463489431628	0.28946786934482444	-0.128736675738267	0.15707463489431628	0.28946786934482444	-0.128736675738267	0.15707463489431628	0.28946786934482444	-0.128736675738267	0.15707463489431628	0.28946786934482444	nan	nan	0.0	0.0	+z	+z	+z	True	True	True	False	False	False
box023_p2	box023	box023_person2	known_guard	18	60	left	False	False	nan	nan	nan	-0.14569633077185662	0.12303231946362865	0.26619007600067973	-0.14569633077185662	0.12303231946362865	0.26619007600067973	-0.14569633077185662	0.12303231946362865	0.26619007600067973	-0.14569633077185662	0.12303231946362865	0.26619007600067973	nan	nan	0.0	0.0	+z	+z	+z	True	True	True	False	False	False
box023_p2	box023	box023_person2	known_guard	19	61	left	True	False	0.13623957252219024	0.11584584238878838	0.1766	-0.13605395165358794	0.10138798535459112	0.264734167256407	0.13623957252219024	0.1568	0.16160000000000002	-0.13605395165358794	0.10138798535459112	0.264734167256407	-0.0470388524975283	0.08036737758210208	0.21408016340045766	0.28656661420351587	0.04361471111498919	0.0	0.20539497169581408	+z	+y	+z	True	True	True	False	False	False
box023_p2	box023	box023_person2	known_guard	20	62	left	True	False	0.14107603187007986	0.11232116678336701	0.1766	-0.12228443607862079	0.08715612714181012	0.2647317438302107	0.1381	0.1568	0.16160000000000002	-0.12228443607862079	0.08715612714181012	0.2647317438302107	-0.026706562130367845	0.06622744905781033	0.21368754000581733	0.27885340157307315	0.04703427866997414	0.0	0.19513508584891634	+z	+y	+z	True	True	True	False	False	False
box023_p2	box023	box023_person2	known_guard	21	63	left	True	False	0.13766430857747927	0.11032725250218117	0.1766	-0.11431594533956846	0.08088471443615812	0.2642203695236601	0.13766430857747927	0.1568	0.16160000000000002	-0.11431594533956846	0.08088471443615812	0.2642203695236601	-0.01199083156550207	0.0579092400015626	0.21174844128179157	0.2683994049310315	0.048833556700244814	0.0	0.18625495845017717	+z	+y	+z	True	True	True	False	False	False
box023_p2	box023	box023_person2	known_guard	22	64	left	True	False	0.1380122184722357	0.1077631593162515	0.1766	-0.10780081083278305	0.08451201864268525	0.2632672905977263	0.1380122184722357	0.1568	0.16160000000000002	-0.10780081083278305	0.08451201864268525	0.2632672905977263	-0.0009457456607986762	0.058128946884158164	0.2099255682925449	0.2616789639582875	0.051279740095317675	0.0	0.1771458525333979	+z	+y	+z	True	True	True	False	False	False
box023_p2	box023	box023_person2	known_guard	23	65	left	True	False	0.14184392268038215	0.10732504171680247	0.1766	-0.10449968094396908	0.09023710165106097	0.2632532156283922	0.1381	0.1568	0.16160000000000002	-0.10449968094396908	0.09023710165106097	0.2632532156283922	0.005588149698755774	0.06034824365284424	0.20628522473137698	0.26169820121862225	0.05183424017153926	0.0	0.16987966647602099	+z	+y	+z	True	True	True	False	False	False
box023_p2	box023	box023_person2	known_guard	24	66	left	True	False	0.13721469438379502	0.10906338385657427	0.1766	-0.10772515773202868	0.07984725879417229	0.2648784687261405	0.13721469438379502	0.1568	0.16160000000000002	-0.10772515773202868	0.07984725879417229	0.2648784687261405	-0.0035897242753721243	0.05735048475665424	0.20825875114841372	0.26199656707448604	0.050037830896480444	0.0	0.17858647612518724	+z	+y	+z	True	True	True	False	False	False
box023_p2	box023	box023_person2	known_guard	25	67	left	True	False	0.14076525513820987	0.1090175899281847	0.1766	-0.11222979423545376	0.08205684474502872	0.2654135116034258	0.1381	0.1568	0.16160000000000002	-0.11222979423545376	0.08205684474502872	0.2654135116034258	-0.013146554655925038	0.06124620078019938	0.20941853795161247	0.269483239983019	0.05015239074284365	0.0	0.18518277839058223	+z	+y	+z	True	True	True	False	False	False
box023_p2	box023	box023_person2	known_guard	26	68	left	True	False	0.12864576434966005	0.1156312515870146	0.1766	-0.11793715822611056	0.06286978707983182	0.26650878874488415	0.12864576434966005	0.1568	0.16160000000000002	-0.11793715822611056	0.06286978707983182	0.26650878874488415	-0.030558182080316874	0.06116981033103572	0.21963646835015582	0.2677134664833344	0.04381627375635321	0.0	0.19457456512494042	+z	+y	+z	True	True	True	False	False	False
box023_p2	box023	box023_person2	known_guard	27	69	left	True	False	0.13913410667903484	0.11451206744757923	0.1766	-0.12075695094660263	0.07478434781570012	0.26894926253913	0.1381	0.1568	0.16160000000000002	-0.12075695094660263	0.07478434781570012	0.26894926253913	-0.03417029274732283	0.06662167503524084	0.21517312436794567	0.27865756733389235	0.04488138384878202	0.0	0.20169101048693613	+z	+y	+z	True	True	True	False	False	False
box023_p2	box023	box023_person2	known_guard	28	70	left	True	False	0.12612258185153533	0.11154709413818803	0.1766	-0.11398546880174178	0.06465582023845817	0.27179908988836204	0.12612258185153533	0.1568	0.16160000000000002	-0.11398546880174178	0.06465582023845817	0.27179908988836204	-0.038604846516597166	0.07701678102907014	0.22530406076023482	0.2625138744371973	0.047674159551459476	0.0	0.1938006580058108	+z	+y	+z	True	True	True	False	False	False
box023_p2	box023	box023_person2	known_guard	29	71	left	True	False	0.12458761728678394	0.10720601821027537	0.1766	-0.10842584917203396	0.06199599530292042	0.2753231427241689	0.12458761728678394	0.1568	0.16160000000000002	-0.10842584917203396	0.06199599530292042	0.2753231427241689	-0.03747676245064847	0.08121642760687395	0.22862343268660792	0.2570709641942762	0.05181276898371228	0.0	0.1909708881596404	+z	+y	+z	True	True	True	False	False	False
box023_p2	box023	box023_person2	known_guard	30	72	left	True	False	0.12622972494820525	0.10734916421029331	0.1766	-0.10642877778385199	0.07041189451163696	0.27823682227343655	0.12622972494820525	0.1568	0.16160000000000002	-0.10642877778385199	0.07041189451163696	0.27823682227343655	-0.04124642534381952	0.09642406918892901	0.23019975611585594	0.25656263256397277	0.051675769566601866	0.0	0.19078637392931136	+z	+y	+z	True	True	True	False	False	False
box023_p2	box023	box023_person2	known_guard	31	73	left	True	False	0.15000249681056002	0.1132938501578813	0.1766	-0.11959057266785132	0.08648374312948678	0.2845447616956876	0.1381	0.1568	0.16160000000000002	-0.11959057266785132	0.08648374312948678	0.2845447616956876	-0.05925555564786625	0.10980619727888988	0.22901042520418116	0.29163552000262977	0.047533719656789694	0.0	0.2137797891884945	+z	+y	+z	True	True	True	False	False	False
box023_p2	box023	box023_person2	known_guard	32	74	left	True	False	0.12264672274208444	0.11157283855122972	0.1766	-0.11037127299718807	0.06389790742120845	0.2893791608417479	0.12264672274208444	0.1568	0.16160000000000002	-0.11037127299718807	0.06389790742120845	0.2893791608417479	-0.053891490633868916	0.10371323655112692	0.2400543531259324	0.2632288443859615	0.04764972332252446	0.0	0.2003472753991397	+z	+y	+z	True	True	True	False	False	False
box023_p2	box023	box023_person2	known_guard	33	75	left	True	False	0.12127265829319385	0.11070473182792943	0.1766	-0.10724797160079355	0.05062469481454068	0.29196376340516644	0.12127265829319385	0.1568	0.16160000000000002	-0.10724797160079355	0.05062469481454068	0.29196376340516644	-0.051739943030025895	0.08748809581799412	0.2393497834283774	0.2629450266532496	0.04847446490529937	0.0	0.20194684721758477	+z	+y	+z	True	True	True	False	False	False
box023_p2	box023	box023_person2	known_guard	34	76	left	True	False	0.1163442393083229	0.10431807896172719	0.1766	-0.10274106412740343	0.039880287448780825	0.2953090998707842	0.1163442393083229	0.1568	0.16160000000000002	-0.10274106412740343	0.039880287448780825	0.2953090998707842	-0.04386621056207301	0.07000811154203791	0.2385139360045474	0.25737608581358534	0.05458344104091919	0.0	0.19777758644873178	+z	+y	+z	True	True	True	False	False	False
box023_p2	box023	box023_person2	known_guard	35	77	left	True	False	0.11976200055964505	0.09966273161684094	0.1766	-0.09369446072903242	0.04287959844068622	0.3040476048189939	0.11976200055964505	0.1568	0.16160000000000002	-0.09369446072903242	0.04287959844068622	0.3040476048189939	-0.030632867087214768	0.05768920654811175	0.22290444904026407	0.25501152337352134	0.05907340720061055	0.0	0.19026245311492665	+z	+y	+z	True	True	True	False	False	False
box023_p2	box023	box023_person2	known_guard	36	78	left	True	False	0.12189149836475321	0.09565388244429109	0.1766	-0.08716847669680995	0.053938846902833765	0.30349619138965145	0.12189149836475321	0.1568	0.16160000000000002	-0.08716847669680995	0.053938846902833765	0.30349619138965145	-0.014554369307284369	0.05819114970628606	0.20643863209987343	0.24809042857830188	0.06295909538848675	0.0	0.17421734439949163	+z	+y	+z	True	True	True	False	False	False
box023_p2	box023	box023_person2	known_guard	37	79	left	True	False	0.11758701384615496	0.09104220124198151	0.1766	-0.08091469262356961	0.05052447532325933	0.30125471213197774	0.11758701384615496	0.1568	0.16160000000000002	-0.08091469262356961	0.05052447532325933	0.30125471213197774	-0.0049367411100911425	0.05438818370098375	0.21063889672296493	0.23787267779575616	0.06744692800639668	0.0	0.1670480889984896	+z	+y	+z	True	True	True	False	False	False
box023_p2	box023	box023_person2	known_guard	38	80	left	True	False	0.11747228457154213	0.0955509794252841	0.1766	-0.08097071348259736	0.05512063543848469	0.3044369478184893	0.11747228457154213	0.1568	0.16160000000000002	-0.08097071348259736	0.05512063543848469	0.3044369478184893	-0.00802874376610736	0.059367699737184705	0.2068900422735244	0.2394922157798731	0.06305903996543216	0.0	0.16521122594257487	+z	+y	+z	True	True	True	False	False	False
box023_p2	box023	box023_person2	known_guard	39	81	left	True	False	0.11874340861538579	0.09958533017953485	0.1766	-0.08748849968842796	0.05399017382675576	0.3097994730803808	0.11874340861538579	0.1568	0.16160000000000002	-0.08748849968842796	0.05399017382675576	0.3097994730803808	-0.025258379182427865	0.06506493602279041	0.21151440276472616	0.24970506185169358	0.059148275060772866	0.0	0.17788559372593551	+z	+y	+z	True	True	True	False	False	False
box023_p2	box023	box023_person2	known_guard	40	82	left	True	False	0.12120725623566903	0.1006239683039189	0.1766	-0.0942274628561561	0.05164395137336296	0.31361950227497193	0.12120725623566903	0.1568	0.16160000000000002	-0.0942274628561561	0.05164395137336296	0.31361950227497193	-0.043764792647186884	0.07319884863422231	0.22214312780457535	0.259972122067679	0.05814418747492399	0.0	0.19460318534559554	+z	+y	+z	True	True	True	False	False	False
box023_p2	box023	box023_person2	known_guard	41	83	left	True	False	0.11990381628357333	0.10714173145768566	0.1766	-0.10353995735858139	0.04749854927762048	0.317611781025637	0.11990381628357333	0.1568	0.16160000000000002	-0.10353995735858139	0.04749854927762048	0.317611781025637	-0.07076184378637664	0.08161562624433612	0.22734291990783376	0.27086666747319266	0.05187430611218433	0.0	0.21523990221366696	+z	+y	+z	True	True	True	False	False	False
box023_p2	box023	box023_person2	known_guard	42	84	left	True	False	0.12459225119121886	0.1042932705533735	0.1766	-0.12997447303561926	0.05917854309487653	0.31836513798678956	0.12459225119121886	0.1568	0.16160000000000002	-0.12997447303561926	0.05917854309487653	0.31836513798678956	-0.10112753316853264	0.1145059661692731	0.2846289107671982	0.29485065722438364	0.05460729472498371	0.0	0.26052700288770564	+z	+y	+z	True	True	True	False	False	False
box023_p2	box023	box023_person2	known_guard	43	85	left	True	False	0.12578247947189658	0.09487442998909044	0.1766	-0.155610353134986	0.10733664091215868	0.2507680189966946	0.12578247947189658	0.1568	0.16160000000000002	-0.155610353134986	0.10733664091215868	0.2507680189966946	-0.09471352637416801	0.08755308786585725	0.2438442893655807	0.2912698542340249	0.0637163732581827	0.0	0.24531152962596522	+z	+y	+z	True	True	True	False	False	False
box023_p2	box023	box023_person2	known_guard	44	86	left	True	False	0.12173956167891192	0.10060298552776899	0.1766	-0.15909003404849534	0.10275849075107842	0.2449383470068781	0.12173956167891192	0.1568	0.16160000000000002	-0.15909003404849534	0.10275849075107842	0.2449383470068781	-0.09335204756235829	0.07769106341714692	0.23948105009897216	0.2890329353392433	0.05816446024499962	0.0	0.24204975145161325	+z	+y	+z	True	True	True	False	False	False
box023_p2	box023	box023_person2	known_guard	45	87	left	True	False	0.11974315169405239	0.09905431526514391	0.1766	-0.15543656659990726	0.09050639888001596	0.2526590048202236	0.11974315169405239	0.1568	0.16160000000000002	-0.15543656659990726	0.09050639888001596	0.2526590048202236	-0.08888312133097608	0.06952681288659399	0.24216439838098522	0.28562548284267797	0.059662082644652885	0.0	0.24006697663721968	+z	+y	+z	True	True	True	False	False	False
box023_p2	box023	box023_person2	known_guard	46	88	left	True	False	0.11595446299594621	0.08663853892562778	0.1766	-0.1513942395054055	0.09250243450909629	0.24999624700498557	0.11595446299594621	0.1568	0.16160000000000002	-0.1513942395054055	0.09250243450909629	0.24999624700498557	-0.08640330655556161	0.06960289555108125	0.23478340309749232	0.277302583967382	0.07174699032078381	0.0	0.2321805599335716	+z	+y	+z	True	True	True	False	False	False
box023_p2	box023	box023_person2	known_guard	47	89	left	True	False	0.11875381272072172	0.09089781678424122	0.1766	-0.14713852209015504	0.09072935124899174	0.25385661886265426	0.11875381272072172	0.1568	0.16160000000000002	-0.14713852209015504	0.09072935124899174	0.25385661886265426	-0.08332835864362233	0.06876185606985143	0.2332330142694769	0.27688869108344855	0.06758770415248204	0.0	0.23177404406733026	+z	+y	+z	True	True	True	False	False	False
box023_p2	box023	box023_person2	known_guard	48	90	left	True	False	0.12207843795601657	0.09311056407746927	0.1766	-0.14472768098046918	0.09475290088134564	0.25305819828226006	0.12207843795601657	0.1568	0.16160000000000002	-0.14472768098046918	0.09475290088134564	0.25305819828226006	-0.08204639149775385	0.07471965369679279	0.22757554092551738	0.27755010080469605	0.06543198184473817	0.0	0.2296887050971377	+z	+y	+z	True	True	True	False	False	False
box023_p2	box023	box023_person2	known_guard	49	91	left	True	False	0.12289479821077294	0.0866015238891941	0.1766	-0.14439145027019673	0.09579080602835839	0.2486179166394575	0.12289479821077294	0.1568	0.16160000000000002	-0.14439145027019673	0.09579080602835839	0.2486179166394575	-0.08295046666338	0.07408109458962692	0.2215377609418182	0.27697104875844275	0.07178318778292996	0.0	0.22979822795252136	+z	+y	+z	True	True	True	False	False	False
box023_p2	box023	box023_person2	known_guard	50	92	left	True	False	0.12051001271296442	0.0838876248109119	0.1766	-0.14272857290898958	0.09023662924388283	0.24994336431819886	0.12051001271296442	0.1568	0.16160000000000002	-0.14272857290898958	0.09023662924388283	0.24994336431819886	-0.08203961060160764	0.06735493490805196	0.22214194729839062	0.27333882253907643	0.07443933406280814	0.0	0.22954759192128102	+z	+y	+z	True	True	True	False	False	False
box023_p2	box023	box023_person2	known_guard	51	93	left	True	False	0.11862029655182746	0.0917232330912337	0.1766	-0.1430876314212072	0.08693642648643973	0.24900123591567072	0.11862029655182746	0.1568	0.16160000000000002	-0.1430876314212072	0.08693642648643973	0.24900123591567072	-0.0856844511886934	0.07012478061119155	0.2234895110729803	0.27158036019478177	0.06678312355152236	0.0	0.2303982100326921	+z	+y	+z	True	True	True	False	False	False
box023_p2	box023	box023_person2	known_guard	52	94	left	True	False	0.11843824820541038	0.09433355342450453	0.1766	-0.1467290096107645	0.08998255533632069	0.2410416223703218	0.11843824820541038	0.1568	0.16160000000000002	-0.1467290096107645	0.08998255533632069	0.2410416223703218	-0.09400780979594918	0.08368192816631946	0.22050131928219013	0.2729200038396459	0.0642421742142125	0.0	0.23226912279115966	+z	+y	+z	True	True	True	False	False	False
box023_p2	box023	box023_person2	known_guard	53	95	left	True	False	0.11910111396057489	0.09815252219319048	0.1766	-0.1475101077390605	0.09089813094713534	0.23692999812321022	0.11910111396057489	0.1568	0.16160000000000002	-0.1475101077390605	0.09089813094713534	0.23692999812321022	-0.09816981757224347	0.09358913261964155	0.21795669629585998	0.2734481274429751	0.060535333922430906	0.0	0.2331916565006126	+z	+y	+z	True	True	True	False	False	False
box023_p2	box023	box023_person2	known_guard	54	96	left	True	False	0.1192276583465822	0.09978789027355714	0.1766	-0.14442655366667895	0.08197847936327621	0.24196338007948523	0.1192276583465822	0.1568	0.16160000000000002	-0.14442655366667895	0.08197847936327621	0.24196338007948523	-0.09868825373786212	0.09430615883933526	0.2212521904539148	0.2722188275720842	0.05895235920181617	0.0	0.23441674161322135	+z	+y	+z	True	True	True	False	False	False
box023_p2	box023	box023_person2	known_guard	55	97	left	True	False	0.11896824076436359	0.09590228924146162	0.1766	-0.14430034510902567	0.0829582796105313	0.24311980487073287	0.11896824076436359	0.1568	0.16160000000000002	-0.14430034510902567	0.0829582796105313	0.24311980487073287	-0.09667895350818179	0.0891558955574875	0.222444843390426	0.2718506577758092	0.06271786966750864	0.0	0.23405454969014364	+z	+y	+z	True	True	True	False	False	False
box023_p2	box023	box023_person2	known_guard	56	98	left	True	False	0.11902969035515881	0.09356016888547442	0.1766	-0.14425462659301205	0.08946105181666075	0.24325159215749476	0.11902969035515881	0.1568	0.16160000000000002	-0.14425462659301205	0.08946105181666075	0.24325159215749476	-0.09381532381919287	0.08718734591169675	0.2225084333742632	0.2716208185112801	0.06499443237227107	0.0	0.2320748993842393	+z	+y	+z	True	True	True	False	False	False
box023_p2	box023	box023_person2	known_guard	57	99	left	True	False	0.11824530828766486	0.09999210131057665	0.1766	-0.14437463097118858	0.08099966256749425	0.24891196498271445	0.11824530828766486	0.1568	0.16160000000000002	-0.14437463097118858	0.08099966256749425	0.24891196498271445	-0.09477557813237515	0.08335450318159308	0.22930058020614777	0.27305487636260023	0.058754892166591424	0.0	0.23527751191801408	+z	+y	+z	True	True	True	False	False	False
box023_p2	box023	box023_person2	known_guard	58	100	left	True	False	0.122428284592965	0.09532232614449825	0.1766	-0.14570591443212652	0.08786840730433237	0.24779554503527562	0.122428284592965	0.1568	0.16160000000000002	-0.14570591443212652	0.08786840730433237	0.24779554503527562	-0.09332155653126752	0.0834182422684928	0.22953141280909345	0.2775253415920303	0.06328115345569676	0.0	0.23779729426369983	+z	+y	+z	True	True	True	False	False	False
box023_p2	box023	box023_person2	known_guard	59	101	left	True	False	0.12512272144016548	0.095153834283788	0.1766	-0.14869057785709505	0.09287402103624444	0.24914935441579883	0.12512272144016548	0.1568	0.16160000000000002	-0.14869057785709505	0.09287402103624444	0.24914935441579883	-0.08990480485361053	0.0770612865423346	0.23527827241331833	0.2832707701946038	0.06344485595783689	0.0	0.24088085709270332	+z	+y	+z	True	True	True	False	False	False
box023_p2	box023	box023_person2	known_guard	60	102	left	True	False	0.13288033506917973	0.08556733790071033	0.1766	-0.14801674857256314	0.11149201764422131	0.24964967921099973	0.13288033506917973	0.1568	0.16160000000000002	-0.14801674857256314	0.11149201764422131	0.24964967921099973	-0.0836657436627146	0.08518063358807326	0.23755422113463717	0.29139580685224326	0.07279486348466888	0.0	0.24039671704824708	+z	+y	+z	True	True	True	False	False	False
box023_p2	box023	box023_person2	known_guard	61	103	left	True	False	0.13228215301232374	0.09405054370493508	0.1766	-0.1531130124834993	0.10670352669316496	0.24850851339009133	0.13228215301232374	0.1568	0.16160000000000002	-0.1531130124834993	0.10670352669316496	0.24850851339009133	-0.08720377010177424	0.08275496956718559	0.2406294747313958	0.2945867151873308	0.06451739505998565	0.0	0.2447496575142945	+z	+y	+z	True	True	True	False	False	False
box023_p2	box023	box023_person2	known_guard	62	104	left	True	False	0.13128146128697668	0.09885870864141959	0.1766	-0.15296584908372432	0.10655641354983386	0.25337464121667785	0.13128146128697668	0.1568	0.16160000000000002	-0.15296584908372432	0.10655641354983386	0.25337464121667785	-0.0870832544180179	0.08175210706668568	0.24848884855439834	0.2945337563807997	0.05985142641825593	0.0	0.24670834461315344	+z	+y	+z	True	True	True	False	False	False
box023_p2	box023	box023_person2	known_guard	63	105	left	True	False	0.12960856043048077	0.1026104004526984	0.1766	-0.15417727412740542	0.10760551494477873	0.2555911454084984	0.12960856043048077	0.1568	0.16160000000000002	-0.15417727412740542	0.10760551494477873	0.2555911454084984	-0.09498562614206915	0.09382101222459983	0.2502643890421847	0.29461661887519425	0.05622733053504238	0.0	0.24954012789053234	+z	+y	+z	True	True	True	False	False	False
box023_p2	box023	box023_person2	known_guard	64	106	left	True	False	0.1287118499306055	0.10094638029136054	0.1766	-0.14867188673890622	0.10230677753077848	0.2634434773411747	0.1287118499306055	0.1568	0.16160000000000002	-0.14867188673890622	0.10230677753077848	0.2634434773411747	-0.09963513308927827	0.10871655293693788	0.24772196370208402	0.2906636847046723	0.057832748806859575	0.0	0.24873953278007993	+z	+y	+z	True	True	True	False	False	False
box023_p2	box023	box023_person2	known_guard	65	107	left	True	False	0.13378717488097233	0.09764740609353072	0.1766	-0.15019073448653295	0.10592841982139635	0.25764730084466575	0.13378717488097233	0.1568	0.16160000000000002	-0.15019073448653295	0.10592841982139635	0.25764730084466575	-0.10429809311895527	0.12186654872665524	0.23704275852981171	0.2954330603898384	0.061024825815922376	0.0	0.25218356542616327	+z	+y	+z	True	True	True	False	False	False
box023_p2	box023	box023_person2	known_guard	66	108	left	True	False	0.1380777356986543	0.0895905579888451	0.1766	-0.14980897254541525	0.11174723943763777	0.2516470350854177	0.1380777356986543	0.1568	0.16160000000000002	-0.14980897254541525	0.11174723943763777	0.2516470350854177	-0.1057437933093897	0.13885416113531204	0.22203981858020397	0.2983315819546118	0.06886297332711384	0.0	0.2518411459837049	+z	+y	+z	True	True	True	False	False	False
box023_p2	box023	box023_person2	known_guard	67	109	left	True	False	0.13572938836128723	0.09982625989548266	0.1766	-0.15259499887629735	0.10199920827013872	0.2418382699910692	0.13572938836128723	0.1568	0.16160000000000002	-0.15259499887629735	0.10199920827013872	0.2418382699910692	-0.10915764807799187	0.14172575128195566	0.20119766393051425	0.2956208819620075	0.058915253215929456	0.0	0.2485253881984298	+z	+y	+z	True	True	True	False	False	False
box023_p2	box023	box023_person2	known_guard	68	110	left	True	False	0.13448102933017492	0.1052619127021493	0.1766	-0.15644547166152428	0.09226567971158067	0.23487810552866575	0.13448102933017492	0.1568	0.16160000000000002	-0.15644547166152428	0.09226567971158067	0.23487810552866575	-0.11233354281924376	0.13829660467802005	0.18230965317925396	0.2969906877921067	0.05367657256495499	0.0	0.24837209665851567	+z	+y	+z	True	True	True	False	False	False
box023_p2	box023	box023_person2	known_guard	69	111	left	True	False	0.13890577278103627	0.11188106426364515	0.1766	-0.15536332679427084	0.08811349646169	0.23710961554774596	0.1381	0.1568	0.16160000000000002	-0.15536332679427084	0.08811349646169	0.23710961554774596	-0.11228760371203292	0.13103967144622572	0.18247524456315556	0.30136458620385137	0.04736412204888247	0.0	0.2525734001343451	+z	+y	+z	True	True	True	False	False	False
box023_p2	box023	box023_person2	known_guard	70	112	left	True	False	0.14355139996952254	0.11217728849711041	0.1766	-0.15882109913557702	0.09583679846741591	0.2311402849799455	0.1381	0.1568	0.16160000000000002	-0.15882109913557702	0.09583679846741591	0.2311402849799455	-0.11360178430297423	0.13936248253911987	0.17984764206766227	0.3076861753721926	0.04739097111790203	0.0	0.252964091676129	+z	+y	+z	True	True	True	False	False	False
box023_p2	box023	box023_person2	known_guard	71	113	left	True	False	0.1427858186651752	0.10766504746941216	0.1766	-0.1594422895740722	0.09217554955908235	0.2333740447767325	0.1381	0.1568	0.16160000000000002	-0.1594422895740722	0.09217554955908235	0.2333740447767325	-0.11539022011454503	0.13599839408830602	0.18468401060513204	0.3079042807687135	0.05158682444913647	0.0	0.2553876857795688	+z	+y	+z	True	True	True	False	False	False
box023_p2	box023	box023_person2	known_guard	72	114	left	True	False	0.14377799269592617	0.1075175696816702	0.1766	-0.16022837298736317	0.091970032060456	0.23548709150678604	0.1381	0.1568	0.16160000000000002	-0.16022837298736317	0.091970032060456	0.23548709150678604	-0.11712818762751087	0.13120187603814537	0.19612699210575726	0.31004723164088	0.051826610338088115	0.0	0.25882195597333196	+z	+y	+z	True	True	True	False	False	False
box023_p2	box023	box023_person2	known_guard	73	115	left	True	False	0.14440365600618263	0.10866651269624622	0.1766	-0.16239364424843347	0.08934333446065464	0.23365326889031726	0.1381	0.1568	0.16160000000000002	-0.16239364424843347	0.08934333446065464	0.23365326889031726	-0.11926461673076369	0.12471610250972537	0.20068446976150756	0.31265483228588736	0.0508091397197877	0.0	0.26228518486501967	+z	+y	+z	True	True	True	False	False	False
box023_p2	box023	box023_person2	known_guard	74	116	left	True	False	0.14388712730973482	0.10909597560393033	0.1766	-0.17081479797042637	0.08927742834652853	0.23108819970954947	0.1381	0.1568	0.16160000000000002	-0.17081479797042637	0.08927742834652853	0.23108819970954947	-0.1266230533376747	0.13774919388192375	0.18559777352611923	0.319998500774647	0.050340488536364913	0.0	0.26649037753056076	+z	+y	+z	True	True	True	False	False	False
box023_p2	box023	box023_person2	known_guard	75	117	left	True	False	0.14557482625359888	0.10673431303467956	0.1766	-0.17093327657130195	0.0950780753045202	0.22622733661527197	0.1381	0.1568	0.16160000000000002	-0.17093327657130195	0.0950780753045202	0.22622733661527197	-0.12141028505260987	0.14548379358682487	0.1775961601929499	0.3205871481693636	0.05279626917530203	0.0	0.2602489610288405	+z	+y	+z	True	True	True	False	False	False
box023_p2	box023	box023_person2	known_guard	76	118	left	True	False	0.1461632607284248	0.09868338439410175	0.1766	-0.16824776533198826	0.10133378352866391	0.22606804196039182	0.1381	0.1568	0.16160000000000002	-0.16824776533198826	0.10133378352866391	0.22606804196039182	-0.11238019288290248	0.14397826028261035	0.17688961787255858	0.3182898130624499	0.06056035983263551	0.0	0.25127374803334585	+z	+y	+z	True	True	True	False	False	False
box023_p2	box023	box023_person2	known_guard	77	119	left	True	False	0.14319923259718917	0.10108772386391743	0.1766	-0.1751582714164796	0.09641566174970118	0.22001364802552653	0.1381	0.1568	0.16160000000000002	-0.1751582714164796	0.09641566174970118	0.22001364802552653	-0.11161760496169135	0.13217174089478867	0.17482138148150247	0.32133794261041837	0.05792115231366993	0.0	0.25127721405379394	+z	+y	+z	True	True	True	False	False	False
box023_p2	box023	box023_person2	known_guard	78	120	left	True	False	0.1451517280493134	0.10304107044793104	0.1766	-0.17920946367537047	0.09759347411311296	0.2208648255061373	0.1381	0.1568	0.16160000000000002	-0.17920946367537047	0.09759347411311296	0.2208648255061373	-0.10994828796458377	0.12616824368606702	0.17909609883477917	0.3274129407643703	0.056256105224817915	0.0	0.25054415006436215	+z	+y	+z	True	True	True	False	False	False
box023_p2	box023	box023_person2	known_guard	79	121	left	True	False	0.1499843172387933	0.10147258027176344	0.1766	-0.17984400090334715	0.10884364426911956	0.22783865898973496	0.1381	0.1568	0.16160000000000002	-0.17984400090334715	0.10884364426911956	0.22783865898973496	-0.10877186296243531	0.1328713287398705	0.18624928495962312	0.33386591950660743	0.058543662082387184	0.0	0.24925064750134446	+z	+y	+z	True	True	True	False	False	False
box023_p2	box023	box023_person2	known_guard	80	122	left	False	False	nan	nan	nan	-0.17963492574506096	0.130030187653942	0.24101821195161488	-0.17963492574506096	0.130030187653942	0.24101821195161488	-0.17963492574506096	0.130030187653942	0.24101821195161488	-0.17963492574506096	0.130030187653942	0.24101821195161488	nan	nan	0.0	0.0	+z	+z	+z	True	True	True	False	False	False
box023_p2	box023	box023_person2	known_guard	81	123	left	False	False	nan	nan	nan	-0.11518639824342994	0.15252897729570072	0.26661636687698487	-0.11518639824342994	0.15252897729570072	0.26661636687698487	-0.11518639824342994	0.15252897729570072	0.26661636687698487	-0.11518639824342994	0.15252897729570072	0.26661636687698487	nan	nan	0.0	0.0	+z	+z	+z	True	True	True	False	False	False
box023_p2	box023	box023_person2	known_guard	82	124	left	False	False	nan	nan	nan	-0.08761343276275317	0.1993144308100103	0.2665478856781631	-0.08761343276275317	0.1993144308100103	0.2665478856781631	-0.08761343276275317	0.1993144308100103	0.2665478856781631	-0.08761343276275317	0.1993144308100103	0.2665478856781631	nan	nan	0.0	0.0	+z	+z	+z	True	True	True	False	False	False
box023_p2	box023	box023_person2	known_guard	83	125	left	False	False	nan	nan	nan	-0.0500063134371469	0.27760369060160206	0.2319114856420122	-0.0500063134371469	0.27760369060160206	0.2319114856420122	-0.0500063134371469	0.27760369060160206	0.2319114856420122	-0.0500063134371469	0.27760369060160206	0.2319114856420122	nan	nan	0.0	0.0	+y	+y	+y	True	True	True	False	False	False
box023_p2	box023	box023_person2	known_guard	84	126	left	False	False	nan	nan	nan	-0.037391478812298554	0.36112076594698517	0.19528785931026033	-0.037391478812298554	0.36112076594698517	0.19528785931026033	-0.037391478812298554	0.36112076594698517	0.19528785931026033	-0.037391478812298554	0.36112076594698517	0.19528785931026033	nan	nan	0.0	0.0	+y	+y	+y	True	True	True	False	False	False
box023_p2	box023	box023_person2	known_guard	85	127	left	False	False	nan	nan	nan	-0.02211024474385682	0.467933750357701	0.17070532232813684	-0.02211024474385682	0.467933750357701	0.17070532232813684	-0.02211024474385682	0.467933750357701	0.17070532232813684	-0.02211024474385682	0.467933750357701	0.17070532232813684	nan	nan	0.0	0.0	+y	+y	+y	True	True	True	False	False	False
box023_p2	box023	box023_person2	known_guard	86	128	left	False	False	nan	nan	nan	-0.011211773200504361	0.577429316695459	0.15549786289107445	-0.011211773200504361	0.577429316695459	0.15549786289107445	-0.011211773200504361	0.577429316695459	0.15549786289107445	-0.011211773200504361	0.577429316695459	0.15549786289107445	nan	nan	0.0	0.0	+y	+y	+y	True	True	True	False	False	False
box023_p2	box023	box023_person2	known_guard	87	129	left	False	False	nan	nan	nan	-0.004776160822546698	0.6766919929299685	0.15503236150320432	-0.004776160822546698	0.6766919929299685	0.15503236150320432	-0.004776160822546698	0.6766919929299685	0.15503236150320432	-0.004776160822546698	0.6766919929299685	0.15503236150320432	nan	nan	0.0	0.0	+y	+y	+y	True	True	True	False	False	False
box023_p2	box023	box023_person2	known_guard	88	130	left	False	False	nan	nan	nan	-0.007586252040836724	0.7505835410935836	0.1607230324679349	-0.007586252040836724	0.7505835410935836	0.1607230324679349	-0.007586252040836724	0.7505835410935836	0.1607230324679349	-0.007586252040836724	0.7505835410935836	0.1607230324679349	nan	nan	0.0	0.0	+y	+y	+y	True	True	True	False	False	False
box023_p2	box023	box023_person2	known_guard	89	131	left	False	False	nan	nan	nan	0.0006695939723768348	0.8294503816467856	0.16564415301667143	0.0006695939723768348	0.8294503816467856	0.16564415301667143	0.0006695939723768348	0.8294503816467856	0.16564415301667143	0.0006695939723768348	0.8294503816467856	0.16564415301667143	nan	nan	0.0	0.0	+y	+y	+y	True	True	True	False	False	False
box023_p2	box023	box023_person2	known_guard	90	132	left	False	False	nan	nan	nan	0.0019114964795213503	0.8819552971486253	0.1761195981242244	0.0019114964795213503	0.8819552971486253	0.1761195981242244	0.0019114964795213503	0.8819552971486253	0.1761195981242244	0.0019114964795213503	0.8819552971486253	0.1761195981242244	nan	nan	0.0	0.0	+y	+y	+y	True	True	True	False	False	False
box023_p2	box023	box023_person2	known_guard	91	133	left	False	False	nan	nan	nan	-0.00021161008105293895	0.9250179281275757	0.19224781632796384	-0.00021161008105293895	0.9250179281275757	0.19224781632796384	-0.00021161008105293895	0.9250179281275757	0.19224781632796384	-0.00021161008105293895	0.9250179281275757	0.19224781632796384	nan	nan	0.0	0.0	+y	+y	+y	True	True	True	False	False	False
box023_p2	box023	box023_person2	known_guard	92	134	left	False	False	nan	nan	nan	0.0006297128334199465	0.9535095468152132	0.2010557152706973	0.0006297128334199465	0.9535095468152132	0.2010557152706973	0.0006297128334199465	0.9535095468152132	0.2010557152706973	0.0006297128334199465	0.9535095468152132	0.2010557152706973	nan	nan	0.0	0.0	+y	+y	+y	True	True	True	False	False	False
box023_p2	box023	box023_person2	known_guard	93	135	left	False	False	nan	nan	nan	0.008150615571568627	0.977056342109941	0.2137222378261868	0.008150615571568627	0.977056342109941	0.2137222378261868	0.008150615571568627	0.977056342109941	0.2137222378261868	0.008150615571568627	0.977056342109941	0.2137222378261868	nan	nan	0.0	0.0	+y	+y	+y	True	True	True	False	False	False
box023_p2	box023	box023_person2	known_guard	94	136	left	False	False	nan	nan	nan	0.01099732323717178	0.9904183408294903	0.22500547364080664	0.01099732323717178	0.9904183408294903	0.22500547364080664	0.01099732323717178	0.9904183408294903	0.22500547364080664	0.01099732323717178	0.9904183408294903	0.22500547364080664	nan	nan	0.0	0.0	+y	+y	+y	True	True	True	False	False	False
box023_p2	box023	box023_person2	known_guard	95	137	left	False	False	nan	nan	nan	0.00920111666427642	0.9952765912329545	0.23575599387307475	0.00920111666427642	0.9952765912329545	0.23575599387307475	0.00920111666427642	0.9952765912329545	0.23575599387307475	0.00920111666427642	0.9952765912329545	0.23575599387307475	nan	nan	0.0	0.0	+y	+y	+y	True	True	True	False	False	False
box023_p2	box023	box023_person2	known_guard	96	138	left	False	False	nan	nan	nan	0.00881577439063892	1.000649225746299	0.24880387744687707	0.00881577439063892	1.000649225746299	0.24880387744687707	0.00881577439063892	1.000649225746299	0.24880387744687707	0.00881577439063892	1.000649225746299	0.24880387744687707	nan	nan	0.0	0.0	+y	+y	+y	True	True	True	False	False	False
box023_p2	box023	box023_person2	known_guard	97	139	left	False	False	nan	nan	nan	-0.0005782231652216816	1.0013447613018016	0.2516409543500804	-0.0005782231652216816	1.0013447613018016	0.2516409543500804	-0.0005782231652216816	1.0013447613018016	0.2516409543500804	-0.0005782231652216816	1.0013447613018016	0.2516409543500804	nan	nan	0.0	0.0	+y	+y	+y	True	True	True	False	False	False
box023_p2	box023	box023_person2	known_guard	98	140	left	False	False	nan	nan	nan	-0.005041768677567215	1.0022423079457827	0.2559847768847282	-0.005041768677567215	1.0022423079457827	0.2559847768847282	-0.005041768677567215	1.0022423079457827	0.2559847768847282	-0.005041768677567215	1.0022423079457827	0.2559847768847282	nan	nan	0.0	0.0	+y	+y	+y	True	True	True	False	False	False
box023_p2	box023	box023_person2	known_guard	99	141	left	False	False	nan	nan	nan	-0.007426859008628683	1.0025740488317192	0.2606741081023445	-0.007426859008628683	1.0025740488317192	0.2606741081023445	-0.007426859008628683	1.0025740488317192	0.2606741081023445	-0.007426859008628683	1.0025740488317192	0.2606741081023445	nan	nan	0.0	0.0	+y	+y	+y	True	True	True	False	False	False
box023_p2	box023	box023_person2	known_guard	100	142	left	False	False	nan	nan	nan	-0.011895269919518487	1.0075533967994252	0.27195983184562195	-0.011895269919518487	1.0075533967994252	0.27195983184562195	-0.011895269919518487	1.0075533967994252	0.27195983184562195	-0.011895269919518487	1.0075533967994252	0.27195983184562195	nan	nan	0.0	0.0	+y	+y	+y	True	True	True	False	False	False
box023_p2	box023	box023_person2	known_guard	101	143	left	False	False	nan	nan	nan	-0.016053008312409585	1.0088579994673859	0.2797543931200104	-0.016053008312409585	1.0088579994673859	0.2797543931200104	-0.016053008312409585	1.0088579994673859	0.2797543931200104	-0.016053008312409585	1.0088579994673859	0.2797543931200104	nan	nan	0.0	0.0	+y	+y	+y	True	True	True	False	False	False
box023_p2	box023	box023_person2	known_guard	102	144	left	False	False	nan	nan	nan	-0.020018355956627192	1.0099484817007383	0.28170665976709497	-0.020018355956627192	1.0099484817007383	0.28170665976709497	-0.020018355956627192	1.0099484817007383	0.28170665976709497	-0.020018355956627192	1.0099484817007383	0.28170665976709497	nan	nan	0.0	0.0	+y	+y	+y	True	True	True	False	False	False
box023_p2	box023	box023_person2	known_guard	103	145	left	False	False	nan	nan	nan	-0.027046973015368733	1.0056455953213	0.27945693188042325	-0.027046973015368733	1.0056455953213	0.27945693188042325	-0.027046973015368733	1.0056455953213	0.27945693188042325	-0.027046973015368733	1.0056455953213	0.27945693188042325	nan	nan	0.0	0.0	+y	+y	+y	True	True	True	False	False	False
box023_p2	box023	box023_person2	known_guard	104	146	left	False	False	nan	nan	nan	-0.03957838409010859	0.9942829359174379	0.2733391893576087	-0.03957838409010859	0.9942829359174379	0.2733391893576087	-0.03957838409010859	0.9942829359174379	0.2733391893576087	-0.03957838409010859	0.9942829359174379	0.2733391893576087	nan	nan	0.0	0.0	+y	+y	+y	True	True	True	False	False	False
box023_p2	box023	box023_person2	known_guard	105	147	left	False	False	nan	nan	nan	-0.045139803726552095	0.969019110503908	0.2545838985761965	-0.045139803726552095	0.969019110503908	0.2545838985761965	-0.045139803726552095	0.969019110503908	0.2545838985761965	-0.045139803726552095	0.969019110503908	0.2545838985761965	nan	nan	0.0	0.0	+y	+y	+y	True	True	True	False	False	False
box023_p2	box023	box023_person2	known_guard	106	148	left	False	False	nan	nan	nan	-0.06561622897627727	0.9169613626097426	0.23514213189870978	-0.06561622897627727	0.9169613626097426	0.23514213189870978	-0.06561622897627727	0.9169613626097426	0.23514213189870978	-0.06561622897627727	0.9169613626097426	0.23514213189870978	nan	nan	0.0	0.0	+y	+y	+y	True	True	True	False	False	False
box023_p2	box023	box023_person2	known_guard	107	149	left	False	False	nan	nan	nan	-0.08064770686895494	0.8448066824435659	0.2258123764902524	-0.08064770686895494	0.8448066824435659	0.2258123764902524	-0.08064770686895494	0.8448066824435659	0.2258123764902524	-0.08064770686895494	0.8448066824435659	0.2258123764902524	nan	nan	0.0	0.0	+y	+y	+y	True	True	True	False	False	False
box023_p2	box023	box023_person2	known_guard	108	150	left	False	False	nan	nan	nan	-0.0999801726402158	0.7352004268373431	0.23231997894408613	-0.0999801726402158	0.7352004268373431	0.23231997894408613	-0.0999801726402158	0.7352004268373431	0.23231997894408613	-0.0999801726402158	0.7352004268373431	0.23231997894408613	nan	nan	0.0	0.0	+y	+y	+y	True	True	True	False	False	False
box023_p2	box023	box023_person2	known_guard	109	151	left	False	False	nan	nan	nan	-0.13741817208581622	0.6109960577506458	0.27787311949512666	-0.13741817208581622	0.6109960577506458	0.27787311949512666	-0.13741817208581622	0.6109960577506458	0.27787311949512666	-0.13741817208581622	0.6109960577506458	0.27787311949512666	nan	nan	0.0	0.0	+y	+y	+y	True	True	True	False	False	False
box023_p2	box023	box023_person2	known_guard	110	152	left	False	False	nan	nan	nan	-0.14833280574137858	0.5377799307623079	0.34853978887561876	-0.14833280574137858	0.5377799307623079	0.34853978887561876	-0.14833280574137858	0.5377799307623079	0.34853978887561876	-0.14833280574137858	0.5377799307623079	0.34853978887561876	nan	nan	0.0	0.0	+y	+y	+y	True	True	True	False	False	False
box023_p2	box023	box023_person2	known_guard	111	153	left	False	False	nan	nan	nan	-0.1628725564402261	0.5033423607342874	0.42571612776985174	-0.1628725564402261	0.5033423607342874	0.42571612776985174	-0.1628725564402261	0.5033423607342874	0.42571612776985174	-0.1628725564402261	0.5033423607342874	0.42571612776985174	nan	nan	0.0	0.0	+y	+y	+y	True	True	True	False	False	False
box023_p2	box023	box023_person2	known_guard	112	154	left	False	False	nan	nan	nan	-0.1682261836604066	0.49083264441567337	0.49579716126475165	-0.1682261836604066	0.49083264441567337	0.49579716126475165	-0.1682261836604066	0.49083264441567337	0.49579716126475165	-0.1682261836604066	0.49083264441567337	0.49579716126475165	nan	nan	0.0	0.0	+y	+y	+y	True	True	True	False	False	False
box023_p2	box023	box023_person2	known_guard	113	155	left	False	False	nan	nan	nan	-0.16585009964781192	0.4901313174547762	0.5274098272692317	-0.16585009964781192	0.4901313174547762	0.5274098272692317	-0.16585009964781192	0.4901313174547762	0.5274098272692317	-0.16585009964781192	0.4901313174547762	0.5274098272692317	nan	nan	0.0	0.0	+y	+y	+y	True	True	True	False	False	False
box023_p2	box023	box023_person2	known_guard	114	156	left	False	False	nan	nan	nan	-0.1547974726821433	0.4866032456212746	0.535311394623006	-0.1547974726821433	0.4866032456212746	0.535311394623006	-0.1547974726821433	0.4866032456212746	0.535311394623006	-0.1547974726821433	0.4866032456212746	0.535311394623006	nan	nan	0.0	0.0	+y	+y	+y	True	True	True	False	False	False
box023_p2	box023	box023_person2	known_guard	115	157	left	False	False	nan	nan	nan	-0.15383237171781142	0.48512175787777423	0.523517406918945	-0.15383237171781142	0.48512175787777423	0.523517406918945	-0.15383237171781142	0.48512175787777423	0.523517406918945	-0.15383237171781142	0.48512175787777423	0.523517406918945	nan	nan	0.0	0.0	+y	+y	+y	True	True	True	False	False	False
box023_p2	box023	box023_person2	known_guard	116	158	left	False	False	nan	nan	nan	-0.15677465762601683	0.4868968733753943	0.5072841581715268	-0.15677465762601683	0.4868968733753943	0.5072841581715268	-0.15677465762601683	0.4868968733753943	0.5072841581715268	-0.15677465762601683	0.4868968733753943	0.5072841581715268	nan	nan	0.0	0.0	+y	+y	+y	True	True	True	False	False	False
box023_p2	box023	box023_person2	known_guard	117	159	left	False	False	nan	nan	nan	-0.16189999426960397	0.483066608832917	0.4824248353958868	-0.16189999426960397	0.483066608832917	0.4824248353958868	-0.16189999426960397	0.483066608832917	0.4824248353958868	-0.16189999426960397	0.483066608832917	0.4824248353958868	nan	nan	0.0	0.0	+y	+y	+y	True	True	True	False	False	False
box023_p2	box023	box023_person2	known_guard	118	160	left	False	False	nan	nan	nan	-0.17061554708936114	0.48205479265961315	0.4393620686766278	-0.17061554708936114	0.48205479265961315	0.4393620686766278	-0.17061554708936114	0.48205479265961315	0.4393620686766278	-0.17061554708936114	0.48205479265961315	0.4393620686766278	nan	nan	0.0	0.0	+y	+y	+y	True	True	True	False	False	False
box023_p2	box023	box023_person2	known_guard	119	161	left	False	False	nan	nan	nan	-0.17232443400545666	0.4857702763428261	0.4066148270163825	-0.17232443400545666	0.4857702763428261	0.4066148270163825	-0.17232443400545666	0.4857702763428261	0.4066148270163825	-0.17232443400545666	0.4857702763428261	0.4066148270163825	nan	nan	0.0	0.0	+y	+y	+y	True	True	True	False	False	False
box023_p2	box023	box023_person2	known_guard	120	162	left	False	False	nan	nan	nan	-0.17397748050723266	0.4911047344369709	0.37829644081770464	-0.17397748050723266	0.4911047344369709	0.37829644081770464	-0.17397748050723266	0.4911047344369709	0.37829644081770464	-0.17397748050723266	0.4911047344369709	0.37829644081770464	nan	nan	0.0	0.0	+y	+y	+y	True	True	True	False	False	False
box023_p2	box023	box023_person2	known_guard	121	163	left	False	False	nan	nan	nan	-0.1741508047930097	0.4948772733031365	0.36581892332786686	-0.1741508047930097	0.4948772733031365	0.36581892332786686	-0.1741508047930097	0.4948772733031365	0.36581892332786686	-0.1741508047930097	0.4948772733031365	0.36581892332786686	nan	nan	0.0	0.0	+y	+y	+y	True	True	True	False	False	False
box023_p2	box023	box023_person2	known_guard	122	164	left	False	False	nan	nan	nan	-0.17049017847336356	0.4968952212478276	0.3580578515179129	-0.17049017847336356	0.4968952212478276	0.3580578515179129	-0.17049017847336356	0.4968952212478276	0.3580578515179129	-0.17049017847336356	0.4968952212478276	0.3580578515179129	nan	nan	0.0	0.0	+y	+y	+y	True	True	True	False	False	False
box023_p2	box023	box023_person2	known_guard	123	165	left	False	False	nan	nan	nan	-0.16336317535176137	0.49629309495270596	0.3638575091407679	-0.16336317535176137	0.49629309495270596	0.3638575091407679	-0.16336317535176137	0.49629309495270596	0.3638575091407679	-0.16336317535176137	0.49629309495270596	0.3638575091407679	nan	nan	0.0	0.0	+y	+y	+y	True	True	True	False	False	False
box023_p2	box023	box023_person2	known_guard	124	166	left	False	False	nan	nan	nan	-0.15443206556766909	0.49375670900571467	0.38273899300980835	-0.15443206556766909	0.49375670900571467	0.38273899300980835	-0.15443206556766909	0.49375670900571467	0.38273899300980835	-0.15443206556766909	0.49375670900571467	0.38273899300980835	nan	nan	0.0	0.0	+y	+y	+y	True	True	True	False	False	False
box023_p2	box023	box023_person2	known_guard	125	167	left	False	False	nan	nan	nan	-0.14672276954170257	0.491029825238013	0.415773864531205	-0.14672276954170257	0.491029825238013	0.415773864531205	-0.14672276954170257	0.491029825238013	0.415773864531205	-0.14672276954170257	0.491029825238013	0.415773864531205	nan	nan	0.0	0.0	+y	+y	+y	True	True	True	False	False	False
box023_p2	box023	box023_person2	known_guard	126	168	left	False	False	nan	nan	nan	-0.1394703936998912	0.4898519355864383	0.4346863316506351	-0.1394703936998912	0.4898519355864383	0.4346863316506351	-0.1394703936998912	0.4898519355864383	0.4346863316506351	-0.1394703936998912	0.4898519355864383	0.4346863316506351	nan	nan	0.0	0.0	+y	+y	+y	True	True	True	False	False	False
box023_p2	box023	box023_person2	known_guard	127	169	left	False	False	nan	nan	nan	-0.14671789199097413	0.48890435974141155	0.4347040001669959	-0.14671789199097413	0.48890435974141155	0.4347040001669959	-0.14671789199097413	0.48890435974141155	0.4347040001669959	-0.14671789199097413	0.48890435974141155	0.4347040001669959	nan	nan	0.0	0.0	+y	+y	+y	True	True	True	False	False	False
box023_p2	box023	box023_person2	known_guard	128	170	left	False	False	nan	nan	nan	-0.16374915691709824	0.48771223879766773	0.44137270125701233	-0.16374915691709824	0.48771223879766773	0.44137270125701233	-0.16374915691709824	0.48771223879766773	0.44137270125701233	-0.16374915691709824	0.48771223879766773	0.44137270125701233	nan	nan	0.0	0.0	+y	+y	+y	True	True	True	False	False	False
box023_p2	box023	box023_person2	known_guard	129	171	left	False	False	nan	nan	nan	-0.17557919136661385	0.48797731852273485	0.44663620049872094	-0.17557919136661385	0.48797731852273485	0.44663620049872094	-0.17557919136661385	0.48797731852273485	0.44663620049872094	-0.17557919136661385	0.48797731852273485	0.44663620049872094	nan	nan	0.0	0.0	+y	+y	+y	True	True	True	False	False	False
box023_p2	box023	box023_person2	known_guard	130	172	left	False	False	nan	nan	nan	-0.1803529645772755	0.4876130698209624	0.45722417347181776	-0.1803529645772755	0.4876130698209624	0.45722417347181776	-0.1803529645772755	0.4876130698209624	0.45722417347181776	-0.1803529645772755	0.4876130698209624	0.45722417347181776	nan	nan	0.0	0.0	+y	+y	+y	True	True	True	False	False	False
box023_p2	box023	box023_person2	known_guard	131	173	left	False	False	nan	nan	nan	-0.1788581452131187	0.4875710014825614	0.4569486589571652	-0.1788581452131187	0.4875710014825614	0.4569486589571652	-0.1788581452131187	0.4875710014825614	0.4569486589571652	-0.1788581452131187	0.4875710014825614	0.4569486589571652	nan	nan	0.0	0.0	+y	+y	+y	True	True	True	False	False	False
box023_p2	box023	box023_person2	known_guard	132	174	left	False	False	nan	nan	nan	-0.17762235869099022	0.4867210357007962	0.45756635245613825	-0.17762235869099022	0.4867210357007962	0.45756635245613825	-0.17762235869099022	0.4867210357007962	0.45756635245613825	-0.17762235869099022	0.4867210357007962	0.45756635245613825	nan	nan	0.0	0.0	+y	+y	+y	True	True	True	False	False	False
box023_p2	box023	box023_person2	known_guard	133	175	left	False	False	nan	nan	nan	-0.17527506839362647	0.485528038422963	0.46522614720075056	-0.17527506839362647	0.485528038422963	0.46522614720075056	-0.17527506839362647	0.485528038422963	0.46522614720075056	-0.17527506839362647	0.485528038422963	0.46522614720075056	nan	nan	0.0	0.0	+y	+y	+y	True	True	True	False	False	False
box023_p2	box023	box023_person2	known_guard	134	176	left	False	False	nan	nan	nan	-0.1743871263113732	0.4855480051558733	0.47106543536148576	-0.1743871263113732	0.4855480051558733	0.47106543536148576	-0.1743871263113732	0.4855480051558733	0.47106543536148576	-0.1743871263113732	0.4855480051558733	0.47106543536148576	nan	nan	0.0	0.0	+y	+y	+y	True	True	True	False	False	False
box023_p2	box023	box023_person2	known_guard	135	177	left	False	False	nan	nan	nan	-0.17374790526503173	0.4689799881051286	0.48529192596984005	-0.17374790526503173	0.4689799881051286	0.48529192596984005	-0.17374790526503173	0.4689799881051286	0.48529192596984005	-0.17374790526503173	0.4689799881051286	0.48529192596984005	nan	nan	0.0	0.0	+y	+y	+y	True	True	True	False	False	False
box023_p2	box023	box023_person2	known_guard	0	42	right	False	False	nan	nan	nan	0.2804146490939957	0.478225036022774	0.35428020348357203	0.2804146490939957	0.478225036022774	0.35428020348357203	0.2804146490939957	0.478225036022774	0.35428020348357203	0.2804146490939957	0.478225036022774	0.35428020348357203	nan	nan	0.0	0.0	+y	+y	+y	True	True	True	False	False	False
box023_p2	box023	box023_person2	known_guard	1	43	right	False	False	nan	nan	nan	0.28410643496018506	0.4762596464867879	0.347855878320104	0.28410643496018506	0.4762596464867879	0.347855878320104	0.28410643496018506	0.4762596464867879	0.347855878320104	0.28410643496018506	0.4762596464867879	0.347855878320104	nan	nan	0.0	0.0	+y	+y	+y	True	True	True	False	False	False
box023_p2	box023	box023_person2	known_guard	2	44	right	False	False	nan	nan	nan	0.28697389968686515	0.47771510593355165	0.3517038670758907	0.28697389968686515	0.47771510593355165	0.3517038670758907	0.28697389968686515	0.47771510593355165	0.3517038670758907	0.28697389968686515	0.47771510593355165	0.3517038670758907	nan	nan	0.0	0.0	+y	+y	+y	True	True	True	False	False	False
box023_p2	box023	box023_person2	known_guard	3	45	right	False	False	nan	nan	nan	0.2896121574673536	0.4777343411953089	0.3563618162805816	0.2896121574673536	0.4777343411953089	0.3563618162805816	0.2896121574673536	0.4777343411953089	0.3563618162805816	0.2896121574673536	0.4777343411953089	0.3563618162805816	nan	nan	0.0	0.0	+y	+y	+y	True	True	True	False	False	False
box023_p2	box023	box023_person2	known_guard	4	46	right	False	False	nan	nan	nan	0.2875163163005536	0.4778429246470145	0.3616239636176625	0.2875163163005536	0.4778429246470145	0.3616239636176625	0.2875163163005536	0.4778429246470145	0.3616239636176625	0.2875163163005536	0.4778429246470145	0.3616239636176625	nan	nan	0.0	0.0	+y	+y	+y	True	True	True	False	False	False
box023_p2	box023	box023_person2	known_guard	5	47	right	False	False	nan	nan	nan	0.2836778566094722	0.4791317935194003	0.3654159285997576	0.2836778566094722	0.4791317935194003	0.3654159285997576	0.2836778566094722	0.4791317935194003	0.3654159285997576	0.2836778566094722	0.4791317935194003	0.3654159285997576	nan	nan	0.0	0.0	+y	+y	+y	True	True	True	False	False	False
box023_p2	box023	box023_person2	known_guard	6	48	right	False	False	nan	nan	nan	0.2863140372715672	0.47602272733858475	0.3683527925197667	0.2863140372715672	0.47602272733858475	0.3683527925197667	0.2863140372715672	0.47602272733858475	0.3683527925197667	0.2863140372715672	0.47602272733858475	0.3683527925197667	nan	nan	0.0	0.0	+y	+y	+y	True	True	True	False	False	False
box023_p2	box023	box023_person2	known_guard	7	49	right	False	False	nan	nan	nan	0.27725533704339206	0.4727054473694223	0.37148717600273795	0.27725533704339206	0.4727054473694223	0.37148717600273795	0.27725533704339206	0.4727054473694223	0.37148717600273795	0.27725533704339206	0.4727054473694223	0.37148717600273795	nan	nan	0.0	0.0	+y	+y	+y	True	True	True	False	False	False
box023_p2	box023	box023_person2	known_guard	8	50	right	False	False	nan	nan	nan	0.28075894284405456	0.4668905428655276	0.3670257885011654	0.28075894284405456	0.4668905428655276	0.3670257885011654	0.28075894284405456	0.4668905428655276	0.3670257885011654	0.28075894284405456	0.4668905428655276	0.3670257885011654	nan	nan	0.0	0.0	+y	+y	+y	True	True	True	False	False	False
box023_p2	box023	box023_person2	known_guard	9	51	right	False	False	nan	nan	nan	0.26895209957451305	0.4597288894487541	0.35715200548391024	0.26895209957451305	0.4597288894487541	0.35715200548391024	0.26895209957451305	0.4597288894487541	0.35715200548391024	0.26895209957451305	0.4597288894487541	0.35715200548391024	nan	nan	0.0	0.0	+y	+y	+y	True	True	True	False	False	False
box023_p2	box023	box023_person2	known_guard	10	52	right	False	False	nan	nan	nan	0.2632197895058205	0.449857577828557	0.35107175209019587	0.2632197895058205	0.449857577828557	0.35107175209019587	0.2632197895058205	0.449857577828557	0.35107175209019587	0.2632197895058205	0.449857577828557	0.35107175209019587	nan	nan	0.0	0.0	+y	+y	+y	True	True	True	False	False	False
box023_p2	box023	box023_person2	known_guard	11	53	right	False	False	nan	nan	nan	0.24659301263043015	0.4218777562940112	0.3276790667927529	0.24659301263043015	0.4218777562940112	0.3276790667927529	0.24659301263043015	0.4218777562940112	0.3276790667927529	0.24659301263043015	0.4218777562940112	0.3276790667927529	nan	nan	0.0	0.0	+y	+y	+y	True	True	True	False	False	False
box023_p2	box023	box023_person2	known_guard	12	54	right	False	False	nan	nan	nan	0.23141002922884954	0.38716626918823177	0.31061761864726034	0.23141002922884954	0.38716626918823177	0.31061761864726034	0.23141002922884954	0.38716626918823177	0.31061761864726034	0.23141002922884954	0.38716626918823177	0.31061761864726034	nan	nan	0.0	0.0	+y	+y	+y	True	True	True	False	False	False
box023_p2	box023	box023_person2	known_guard	13	55	right	False	False	nan	nan	nan	0.2156094532507963	0.3391631904845109	0.29083413648245365	0.2156094532507963	0.3391631904845109	0.29083413648245365	0.2156094532507963	0.3391631904845109	0.29083413648245365	0.2156094532507963	0.3391631904845109	0.29083413648245365	nan	nan	0.0	0.0	+y	+y	+y	True	True	True	False	False	False
box023_p2	box023	box023_person2	known_guard	14	56	right	False	False	nan	nan	nan	0.20251619601730536	0.274663813222531	0.2648783343217307	0.20251619601730536	0.274663813222531	0.2648783343217307	0.20251619601730536	0.274663813222531	0.2648783343217307	0.20251619601730536	0.274663813222531	0.2648783343217307	nan	nan	0.0	0.0	+y	+y	+y	True	True	True	False	False	False
box023_p2	box023	box023_person2	known_guard	15	57	right	False	False	nan	nan	nan	0.19176206856428568	0.22360683810341347	0.2413791521108894	0.19176206856428568	0.22360683810341347	0.2413791521108894	0.19176206856428568	0.22360683810341347	0.2413791521108894	0.19176206856428568	0.22360683810341347	0.2413791521108894	nan	nan	0.0	0.0	+y	+y	+y	True	True	True	False	False	False
box023_p2	box023	box023_person2	known_guard	16	58	right	False	False	nan	nan	nan	0.1816589985518534	0.17720349547348027	0.21805895793063673	0.1816589985518534	0.17720349547348027	0.21805895793063673	0.1816589985518534	0.17720349547348027	0.21805895793063673	0.1816589985518534	0.17720349547348027	0.21805895793063673	nan	nan	0.0	0.0	+z	+z	+z	True	True	True	False	False	False
box023_p2	box023	box023_person2	known_guard	17	59	right	True	False	0.11589336520422838	-0.1568	0.1766	0.17077273208358207	0.14083825599311636	0.20404457603367443	0.11589336520422838	0.1568	0.16160000000000002	0.17077273208358207	0.14083825599311636	0.20404457603367443	0.1252475841353633	0.15784627023742046	0.16330067256507774	0.3038971554545562	0.31395853229367726	0.0	0.009564955849083819	+z	+y	+z	True	True	True	False	False	False
box023_p2	box023	box023_person2	known_guard	18	60	right	True	False	0.11348484362398181	-0.15416750431444123	0.1766	0.16750374136372448	0.1276742878263208	0.20217881374109894	0.11348484362398181	0.1568	0.16160000000000002	0.16750374136372448	0.1276742878263208	0.20217881374109894	0.12059713928666002	0.1577624682507344	0.16319825369523172	0.28810955003702166	0.31132906825343504	0.0	0.0073529252411094715	+z	+y	+z	True	True	True	False	False	False
box023_p2	box023	box023_person2	known_guard	19	61	right	True	False	0.11262195330101425	-0.15117930352992323	0.1766	0.16465693340864498	0.12433158891613387	0.20017971875086238	0.11262195330101425	0.1568	0.16160000000000002	0.16465693340864498	0.12433158891613387	0.20017971875086238	0.11812042896016241	0.15750817731088418	0.16303951057935284	0.2813714522612309	0.3083443714465639	0.0	0.0057277343152388445	+z	+y	+z	True	True	True	False	False	False
box023_p2	box023	box023_person2	known_guard	20	62	right	True	False	0.10914299679718806	-0.15049779026645926	0.1766	0.16435209875886284	0.11788599681848724	0.20135119364602116	0.10914299679718806	0.1568	0.16160000000000002	0.16435209875886284	0.11788599681848724	0.20135119364602116	0.11823517197596009	0.15779252561839627	0.1641172617596524	0.2751191081992949	0.3076636668549746	0.0	0.00948627236332899	+z	+y	+z	True	True	True	False	False	False
box023_p2	box023	box023_person2	known_guard	21	63	right	True	False	0.10890618795784494	-0.14976692050075247	0.1766	0.1641489684080529	0.11777682449197874	0.2002227217239996	0.10890618795784494	0.1568	0.16160000000000002	0.1641489684080529	0.11777682449197874	0.2002227217239996	0.11771460205036312	0.15773880090441214	0.16398031355152728	0.27420695333680906	0.30693366831501995	0.0	0.009172535013123808	+z	+y	+z	True	True	True	False	False	False
box023_p2	box023	box023_person2	known_guard	22	64	right	True	False	0.10688550490068245	-0.1534686950286517	0.1766	0.1654341263310995	0.11814093953050422	0.19897529227646266	0.10688550490068245	0.1568	0.16160000000000002	0.1654341263310995	0.11814093953050422	0.19897529227646266	0.11880798680525416	0.1579230682847634	0.16469268109289362	0.2787478939135104	0.31063107235880716	0.0	0.012368166132431387	+z	+y	+z	True	True	True	False	False	False
box023_p2	box023	box023_person2	known_guard	23	65	right	True	False	0.1081634830974292	-0.15676748299246554	0.1766	0.16665613460247286	0.12011534745033163	0.1977596526159724	0.1081634830974292	0.1568	0.16160000000000002	0.16665613460247286	0.12011534745033163	0.1977596526159724	0.11941003993241253	0.15782433383085073	0.164117758522092	0.28378376093944113	0.3139260524235447	0.0	0.011570367687117925	+z	+y	+z	True	True	True	False	False	False
box023_p2	box023	box023_person2	known_guard	24	66	right	True	False	0.10243184415349753	-0.1568	0.1766	0.16859245788201108	0.10816222018670799	0.19845119045771398	0.10243184415349753	0.1568	0.16160000000000002	0.16859245788201108	0.10816222018670799	0.19845119045771398	0.11950810598443434	0.1568786153037272	0.16286374819328306	0.273970216373281	0.31395853229367726	0.0	0.017123141008025245	+z	+y	+z	True	True	True	False	False	False
box023_p2	box023	box023_person2	known_guard	25	67	right	True	False	0.10256144070962413	-0.1568	0.1766	0.1673810213902966	0.10756614137236042	0.19877507629673452	0.10256144070962413	0.1568	0.16160000000000002	0.1673810213902966	0.10756614137236042	0.19877507629673452	0.1214168985919881	0.15600930411738206	0.16357100485399723	0.2730984598134802	0.31395853229367726	0.0	0.018974676599796673	+z	+y	+z	True	True	True	False	False	False
box023_p2	box023	box023_person2	known_guard	26	68	right	True	False	0.08738650321679113	-0.15586316795716257	0.1766	0.17198318940752205	0.08449101252942597	0.19616320168683732	0.08738650321679113	0.1568	0.16160000000000002	0.17198318940752205	0.08449101252942597	0.19616320168683732	0.12268466657202161	0.14197254556698716	0.1558670068835604	0.2555571369617222	0.31302277328815686	0.0	0.03871280087114277	+x	+y	+x	False	True	False	False	False	False
box023_p2	box023	box023_person2	known_guard	27	69	right	True	False	0.09698250251394842	-0.1559914058349176	0.1766	0.16950275630859302	0.09501983518942227	0.20489983366324635	0.09698250251394842	0.1568	0.16160000000000002	0.16950275630859302	0.09501983518942227	0.20489983366324635	0.11837860847183783	0.1516046010907977	0.16562210351515394	0.26280546211292166	0.31315086390457897	0.0	0.022382199102715182	+z	+y	+z	True	True	True	False	False	False
box023_p2	box023	box023_person2	known_guard	28	70	right	True	False	0.08182949413784807	-0.15593570320262246	0.1766	0.16726601736359978	0.08063318307736592	0.19680778147013453	0.08182949413784807	0.1568	0.16160000000000002	0.16726601736359978	0.08063318307736592	0.19680778147013453	0.12220539300828853	0.14107873407713228	0.15589165009413056	0.2523342859949935	0.3130952252233157	0.0	0.04370305104293517	+z	+y	+z	True	True	True	False	False	False
box023_p2	box023	box023_person2	known_guard	29	71	right	True	False	0.08221999063807099	-0.15678948674388443	0.1766	0.1714318766866238	0.08501374901066659	0.19184643394618006	0.08221999063807099	0.1568	0.16160000000000002	0.1714318766866238	0.08501374901066659	0.19184643394618006	0.12257772784006843	0.14645439539070423	0.15725491153654883	0.258186016627133	0.3139480310438224	0.0	0.04188864142643667	+x	+y	+x	False	True	False	False	False	False
box023_p2	box023	box023_person2	known_guard	30	72	right	True	False	0.08417627684006423	-0.15570897039575043	0.1766	0.17255421968694704	0.09229519442672049	0.18999506185501178	0.08417627684006423	0.1568	0.16160000000000002	0.17255421968694704	0.09229519442672049	0.18999506185501178	0.1250463736414765	0.14992159837697142	0.15597038896595652	0.26362123251596753	0.3128687529585082	0.0	0.04182546762247991	+x	+y	+x	False	True	False	False	False	False
box023_p2	box023	box023_person2	known_guard	31	73	right	True	False	0.10474679433923165	-0.14806727956956633	0.1766	0.17305172509977768	0.11235194483302438	0.18931986155285668	0.10474679433923165	0.1568	0.16160000000000002	0.17305172509977768	0.11235194483302438	0.18931986155285668	0.125387459676982	0.1573384439508232	0.16516332117971735	0.2695283489404662	0.3052360695464219	0.0	0.020952905414357438	+x	+y	+x	False	True	False	False	False	False
box023_p2	box023	box023_person2	known_guard	32	74	right	True	False	0.08647034598335193	-0.1568	0.1766	0.18435150337652176	0.09795306383815434	0.17393007914255268	0.08647034598335193	0.1568	0.16160000000000002	0.18435150337652176	0.09795306383815434	0.17393007914255268	0.1329273454478598	0.15217025440898627	0.15281012320094806	0.2729230165906464	0.31395853229367726	0.0	0.047507360246863944	+x	+y	+x	False	True	False	False	False	False
box023_p2	box023	box023_person2	known_guard	33	75	right	True	False	0.09096346568658456	-0.1568	0.1766	0.18504391389030422	0.10162656182985834	0.17589143444732616	0.09096346568658456	0.1568	0.16160000000000002	0.18504391389030422	0.10162656182985834	0.17589143444732616	0.13307905959310135	0.1559208096258081	0.15813534946895988	0.2750198550260632	0.31395853229367726	0.0	0.04226700875523299	+x	+y	+x	False	True	False	False	False	False
box023_p2	box023	box023_person2	known_guard	34	76	right	True	False	0.08870417201579865	-0.1568	0.1761166838324381	0.18697944503671496	0.0986173767839685	0.17591048347268012	0.08870417201579865	0.1568	0.16160000000000002	0.18697944503671496	0.0986173767839685	0.17591048347268012	0.1354102790686591	0.15653324130612056	0.1594531314471809	0.2736715333554583	0.31393581208503585	0.0	0.04675618291538675	+x	+y	+x	False	True	False	False	False	False
box023_p2	box023	box023_person2	known_guard	35	77	right	True	False	0.095520647764812	-0.14956271947940591	0.1766	0.19272705364721568	0.10030864437679073	0.17756806824930546	0.095520647764812	0.1568	0.16160000000000002	0.19272705364721568	0.10030864437679073	0.17756806824930546	0.13752854777849033	0.16031651629684404	0.1613570584171786	0.2681151263469962	0.3067297114510056	0.0	0.042155528356762756	+x	+y	+x	False	True	False	False	False	False
box023_p2	box023	box023_person2	known_guard	36	78	right	True	False	0.09593111188042917	-0.14560058107127435	0.1766	0.19296576096576848	0.09911779595497593	0.1828547136737744	0.09593111188042917	0.1568	0.16160000000000002	0.19296576096576848	0.09911779595497593	0.1828547136737744	0.1392761933719885	0.15943923997348194	0.16156305439554366	0.2633285564093226	0.30277237560953996	0.0	0.04342537325257241	+x	+y	+x	False	True	False	False	False	False
box023_p2	box023	box023_person2	known_guard	37	79	right	True	False	0.08915463306329437	-0.15225197968401816	0.1766	0.1953328315147444	0.09419419837344979	0.18275958934822775	0.08915463306329437	0.1568	0.16160000000000002	0.1953328315147444	0.09419419837344979	0.18275958934822775	0.14199823479359588	0.15752791330533183	0.16138760889906653	0.2684165960712331	0.30941578199343805	0.0	0.05284904172821453	+x	+y	+x	False	True	False	False	False	False
box023_p2	box023	box023_person2	known_guard	38	80	right	True	False	0.09170848302749542	-0.14910310998953805	0.1766	0.1968112395547983	0.09313378705578446	0.1889635212875997	0.09170848302749542	0.1568	0.16160000000000002	0.1968112395547983	0.09313378705578446	0.1889635212875997	0.1429228660504294	0.1540319918793704	0.16296357888089866	0.2643447755837301	0.3062706526934493	0.0	0.05130725333459288	+x	+y	+x	False	True	False	False	False	False
box023_p2	box023	box023_person2	known_guard	39	81	right	True	False	0.08808750982396917	-0.1568	0.1766	0.2004393245735178	0.08897228503156786	0.18963757575758292	0.08808750982396917	0.1568	0.16160000000000002	0.2004393245735178	0.08897228503156786	0.18963757575758292	0.14425992117832492	0.14872496294349818	0.16523869029296512	0.2705493018819118	0.31395853229367726	0.0	0.056866388032606324	+x	+y	+x	False	True	False	False	False	False
box023_p2	box023	box023_person2	known_guard	40	82	right	True	False	0.08866583772803882	-0.1568	0.1752296346955778	0.20220550746548197	0.09454112002359621	0.1817793677082367	0.08866583772803882	0.1568	0.16160000000000002	0.20220550746548197	0.09454112002359621	0.1817793677082367	0.14341883531633334	0.15330386121073705	0.16058215714798013	0.27587409124696827	0.313896044801356	0.0	0.05487394404823644	+x	+y	+x	False	True	False	False	False	False
box023_p2	box023	box023_person2	known_guard	41	83	right	True	False	0.101919667030558	-0.15580089826193322	0.1766	0.1938921307552621	0.11727879915138198	0.19175325058884765	0.101919667030558	0.1568	0.16160000000000002	0.1938921307552621	0.11727879915138198	0.19175325058884765	0.13039937535350218	0.16275887548964088	0.15914642070175744	0.28854995447296156	0.3129605751435275	0.0	0.029199692372245695	+x	+y	+x	False	True	False	False	False	False
box023_p2	box023	box023_person2	known_guard	42	84	right	True	False	0.0979691043224615	-0.15483983165830303	0.1766	0.1913887084790598	0.11090365223189658	0.19819404599411958	0.0979691043224615	0.1568	0.16160000000000002	0.1913887084790598	0.11090365223189658	0.19819404599411958	0.1273886892510484	0.15594261042699406	0.16510773239975368	0.28251216698272036	0.31200061646736443	0.0	0.029640365733885916	+x	+y	+x	False	True	False	False	False	False
box023_p2	box023	box023_person2	known_guard	43	85	right	True	False	0.09058168511012857	-0.1568	0.1766	0.19112843842869617	0.10428056959939414	0.19387101908717555	0.09058168511012857	0.1568	0.16160000000000002	0.19112843842869617	0.10428056959939414	0.19387101908717555	0.12710972461178155	0.15318128289243935	0.16439935760714375	0.2803051935401101	0.31395853229367726	0.0	0.03681343757857375	+x	+y	+x	False	True	False	False	False	False
box023_p2	box023	box023_person2	known_guard	44	86	right	True	False	0.09002516987014596	-0.1568	0.1766	0.18759204542772595	0.09360069555746357	0.21154288215658554	0.09002516987014596	0.1568	0.16160000000000002	0.18759204542772595	0.09360069555746357	0.21154288215658554	0.12224592330585553	0.1383824989121506	0.17863803871872727	0.27099964678046884	0.31395853229367726	0.0	0.04083718968864744	+x	+y	+x	False	True	False	False	False	False
box023_p2	box023	box023_person2	known_guard	45	87	right	True	False	0.09233301788948305	-0.15621938016331174	0.1766	0.1895099131506903	0.09206845361873109	0.21063853043097064	0.09233301788948305	0.1568	0.16160000000000002	0.1895099131506903	0.09206845361873109	0.21063853043097064	0.12175977723883696	0.13497422879072027	0.18018745737023362	0.26879140412350816	0.3133785767371852	0.0	0.04108274608853288	+x	+y	+x	False	True	False	False	False	False
box023_p2	box023	box023_person2	known_guard	46	88	right	True	False	0.08940142928873247	-0.1568	0.1766	0.1967066016094626	0.08854816301956428	0.19702146424092404	0.08940142928873247	0.1568	0.16160000000000002	0.1967066016094626	0.08854816301956428	0.19702146424092404	0.12707045102676515	0.13282636710472703	0.1736013556854367	0.2685649964265627	0.31395853229367726	0.0	0.04623551460929201	+x	+y	+x	False	True	False	False	False	False
box023_p2	box023	box023_person2	known_guard	47	89	right	True	False	0.08889454085661662	-0.1568	0.1766	0.20252425756901407	0.07840959802991425	0.19828275990591626	0.08889454085661662	0.1568	0.16160000000000002	0.20252425756901407	0.07840959802991425	0.19828275990591626	0.12937010438120683	0.12023099786995915	0.18222988799687262	0.2621171676992393	0.31395853229367726	0.0	0.058319425907527395	+x	+y	+x	False	True	False	False	False	False
box023_p2	box023	box023_person2	known_guard	48	90	right	True	False	0.08999095547456883	-0.1568	0.1766	0.20644396949441723	0.07611115273784208	0.19294592574434216	0.08999095547456883	0.1568	0.16160000000000002	0.20644396949441723	0.07611115273784208	0.19294592574434216	0.12850801349488647	0.11099284718094857	0.18472957223739117	0.2609139682585372	0.31395853229367726	0.0	0.06416257569497302	+x	+y	+x	False	True	False	False	False	False
box023_p2	box023	box023_person2	known_guard	49	91	right	True	False	0.09356541958724099	-0.1568	0.1766	0.20845361935871667	0.08478521209961253	0.18242663060488173	0.09356541958724099	0.1568	0.16160000000000002	0.20845361935871667	0.08478521209961253	0.18242663060488173	0.13110287566669881	0.12161269350605662	0.17808458347432157	0.26757552723698597	0.31395853229367726	0.0	0.05402729531947542	+x	+y	+x	False	True	False	False	False	False
box023_p2	box023	box023_person2	known_guard	50	92	right	True	False	0.09456735439256185	-0.1568	0.1766	0.21322347709312725	0.08439344936246859	0.18068560466716319	0.09456735439256185	0.1568	0.16160000000000002	0.21322347709312725	0.08439344936246859	0.18068560466716319	0.1337510428698356	0.11667505360144802	0.18121902393633618	0.26883126238440663	0.31395853229367726	0.0	0.05941614987850725	+x	+y	+x	False	True	False	False	False	False
box023_p2	box023	box023_person2	known_guard	51	93	right	True	False	0.09641125298457554	-0.1568	0.1766	0.21158545131642256	0.0840717738656656	0.18359021067971254	0.09641125298457554	0.1568	0.16160000000000002	0.21158545131642256	0.0840717738656656	0.18359021067971254	0.13442253562015335	0.12152436213263428	0.18238921813618644	0.2670827033933923	0.31395853229367726	0.0	0.05586966820435977	+x	+y	+x	False	True	False	False	False	False
box023_p2	box023	box023_person2	known_guard	52	94	right	True	False	0.09523034625971165	-0.1568	0.1766	0.21433800574215692	0.08754260649609252	0.1833852085226051	0.09523034625971165	0.1568	0.16160000000000002	0.21433800574215692	0.08754260649609252	0.1833852085226051	0.13569621527143813	0.12180224889821116	0.18338715088121074	0.2719117190401798	0.31395853229367726	0.0	0.057766851052983736	+x	+y	+x	False	True	False	False	False	False
box023_p2	box023	box023_person2	known_guard	53	95	right	True	False	0.09258700891300899	-0.1568	0.1766	0.2142969402162798	0.09073907770877207	0.17806572535180354	0.09258700891300899	0.1568	0.16160000000000002	0.2142969402162798	0.09073907770877207	0.17806572535180354	0.1343212060614635	0.12175070179115415	0.17871026232157602	0.27584606345127227	0.31395853229367726	0.0	0.05712230381621366	+x	+y	+x	False	True	False	False	False	False
box023_p2	box023	box023_person2	known_guard	54	96	right	True	False	0.09328729289333582	-0.1568	0.1766	0.21421173818998726	0.09281570012635716	0.1779734991787941	0.09328729289333582	0.1568	0.16160000000000002	0.21421173818998726	0.09281570012635716	0.1779734991787941	0.13518964485431123	0.126053499235749	0.174971535663752	0.27736727586337295	0.31395853229367726	0.0	0.053665187739488425	+x	+y	+x	False	True	False	False	False	False
box023_p2	box023	box023_person2	known_guard	55	97	right	True	False	0.0936626966823928	-0.1568	0.1766	0.21365893434074967	0.09696277586609028	0.18091512741658328	0.0936626966823928	0.1568	0.16160000000000002	0.21365893434074967	0.09696277586609028	0.18091512741658328	0.13301004228734656	0.1261353418699633	0.17919120368206934	0.280737001109661	0.31395853229367726	0.0	0.052895985777483605	+x	+y	+x	False	True	False	False	False	False
box023_p2	box023	box023_person2	known_guard	56	98	right	True	False	0.09729043461587371	-0.1568	0.1766	0.21245649463102514	0.10016577765473957	0.1855184175200956	0.09729043461587371	0.1568	0.16160000000000002	0.21245649463102514	0.10016577765473957	0.1855184175200956	0.13180352157509495	0.126536138340855	0.18524722494793466	0.2817342194980604	0.31395853229367726	0.0	0.051635702200288285	+x	+y	+x	False	True	False	False	False	False
box023_p2	box023	box023_person2	known_guard	57	99	right	True	False	0.1023731838131068	-0.15194679923281923	0.1766	0.2099032390526835	0.10565180113959104	0.19194930283035583	0.1023731838131068	0.1568	0.16160000000000002	0.2099032390526835	0.10565180113959104	0.19194930283035583	0.12951182264461344	0.13448654474042268	0.18394730063635414	0.2795627886379536	0.3091109607188182	0.0	0.04163889826808236	+x	+y	+x	False	True	False	False	False	False
box023_p2	box023	box023_person2	known_guard	58	100	right	True	False	0.09919900199498295	-0.1568	0.1766	0.20910443576036125	0.10816044485839382	0.18479286418691138	0.09919900199498295	0.1568	0.16160000000000002	0.20910443576036125	0.10816044485839382	0.18479286418691138	0.1273653112366565	0.1339165608313802	0.18110608757059646	0.28696753254383867	0.31395853229367726	0.0	0.0412004880649888	+x	+y	+x	False	True	False	False	False	False
box023_p2	box023	box023_person2	known_guard	59	101	right	True	False	0.09623971724830935	-0.1568	0.1766	0.20686640471857223	0.11455783350589033	0.18154324519400616	0.09623971724830935	0.1568	0.16160000000000002	0.20686640471857223	0.11455783350589033	0.18154324519400616	0.12611080280339027	0.14131754660654414	0.17055667048568224	0.29308321934000553	0.31395853229367726	0.0	0.03481680716993716	+x	+y	+x	False	True	False	False	False	False
box023_p2	box023	box023_person2	known_guard	60	102	right	True	False	0.09588750201965689	-0.1568	0.1752020314529261	0.20557450001847888	0.11740579471860554	0.17225094261401286	0.09588750201965689	0.1568	0.16160000000000002	0.20557450001847888	0.11740579471860554	0.17225094261401286	0.12571261957284796	0.14512768923677413	0.15769653002725686	0.29534516131568966	0.3138948474563518	0.0	0.03226480363248926	+x	+y	+x	False	True	False	False	False	False
box023_p2	box023	box023_person2	known_guard	61	103	right	True	False	0.09448101639576491	-0.1568	0.1766	0.20075951545922135	0.11785566274754379	0.18553595199001138	0.09448101639576491	0.1568	0.16160000000000002	0.20075951545922135	0.11785566274754379	0.18553595199001138	0.1215505805559682	0.14458753546322606	0.1663108142183598	0.29463656202250493	0.31395853229367726	0.0	0.030068211860455284	+x	+y	+x	False	True	False	False	False	False
box023_p2	box023	box023_person2	known_guard	62	104	right	True	False	0.09392737381994053	-0.1568	0.1766	0.20059832213276543	0.11733137324228994	0.18595670116079902	0.09392737381994053	0.1568	0.16160000000000002	0.20059832213276543	0.11733137324228994	0.18595670116079902	0.1225645270614781	0.1459339132452687	0.16472286396907662	0.2943029882047981	0.31395853229367726	0.0	0.030788157894067164	+x	+y	+x	False	True	False	False	False	False
box023_p2	box023	box023_person2	known_guard	63	105	right	True	False	0.09500535621355306	-0.1568	0.1766	0.20016082572746507	0.12283168507950896	0.19054240351134596	0.09500535621355306	0.1568	0.16160000000000002	0.20016082572746507	0.12283168507950896	0.19054240351134596	0.12449456192432115	0.15463408843562243	0.16561294357771852	0.29907514554835574	0.31395853229367726	0.0	0.02983970748038013	+x	+y	+x	False	True	False	False	False	False
box023_p2	box023	box023_person2	known_guard	64	106	right	True	False	0.09233899836388844	-0.1568	0.1766	0.20446872063088595	0.1181728124074035	0.18901319007359896	0.09233899836388844	0.1568	0.16160000000000002	0.20446872063088595	0.1181728124074035	0.18901319007359896	0.1289784242343491	0.15101584096954915	0.1649132951658752	0.29721576248024667	0.31395853229367726	0.0	0.03724086396235646	+x	+y	+x	False	True	False	False	False	False
box023_p2	box023	box023_person2	known_guard	65	107	right	True	False	0.09842622634635124	-0.1568	0.1766	0.2031487398955303	0.12872857382381983	0.19367280194665423	0.09842622634635124	0.1568	0.16160000000000002	0.09842622634635124	0.15680000000000002	0.16160000000000002	0.1275952999903278	0.1550909689443701	0.16444189305673154	0.3046060601502081	0.31395853229367726	0.11306402803868273	0.0293569753302811	+x	+y	+y	False	True	True	False	False	False
box023_p2	box023	box023_person2	known_guard	66	108	right	True	False	0.10263700109429952	-0.1568	0.1766	0.20340820862306894	0.13595870356426443	0.1925919016714054	0.10263700109429952	0.1568	0.16160000000000002	0.10263700109429949	0.15679999999999988	0.16159999999999994	0.13013903890774037	0.15887450504812742	0.15653508292652168	0.3100294110217659	0.31395853229367726	0.1074695020605315	0.02804138085130347	+x	+y	+y	False	True	True	False	False	False
box023_p2	box023	box023_person2	known_guard	67	109	right	True	False	0.10134695544350407	-0.1568	0.1766	0.19991766031485247	0.13308259557598026	0.1957650525119819	0.10134695544350407	0.1568	0.16160000000000002	0.10134695544350407	0.15680000000000002	0.16160000000000002	0.1275833750866697	0.15870528691460586	0.15800605741264395	0.3067823370314674	0.31395853229367726	0.10698574645528001	0.026549882433646806	+x	+y	+y	False	True	True	False	False	False
box023_p2	box023	box023_person2	known_guard	68	110	right	True	False	0.10124086097061047	-0.1568	0.1766	0.1933843564637473	0.13304795857151644	0.19370918934849535	0.10124086097061047	0.1568	0.16160000000000002	0.1012408609706105	0.15680000000000008	0.16160000000000008	0.12353063891812505	0.15209987151553112	0.15238638610165017	0.30462269647866347	0.31395853229367726	0.10042700470656112	0.02457266956982673	+x	+y	+y	False	True	True	False	False	False
box023_p2	box023	box023_person2	known_guard	69	111	right	True	False	0.09995479430588244	-0.1568	0.1766	0.19150436205762972	0.12675894812791313	0.19432101629746878	0.09995479430588244	0.1568	0.16160000000000002	0.19150436205762972	0.12675894812791313	0.19432101629746878	0.12350784165399145	0.14175399051865856	0.15172366785607513	0.2984979645450794	0.31395853229367726	0.0	0.029642374690837525	+x	+y	+x	False	True	False	False	False	False
box023_p2	box023	box023_person2	known_guard	70	112	right	True	False	0.10412689489033727	-0.1568	0.1766	0.1901019264177123	0.12983083445038282	0.19239841134566163	0.10412689489033727	0.1568	0.16160000000000002	0.1901019264177123	0.12983083445038282	0.19239841134566163	0.1257017556920219	0.14516082656466645	0.15351825992209717	0.2996640303821976	0.31395853229367726	0.0	0.02581200301326156	+x	+y	+x	False	True	False	False	False	False
box023_p2	box023	box023_person2	known_guard	71	113	right	True	False	0.10135665561678413	-0.1568	0.1766	0.18822241891886837	0.12190118082180175	0.2038022649132513	0.10135665561678413	0.1568	0.16160000000000002	0.18822241891886837	0.12190118082180175	0.2038022649132513	0.12360758201995474	0.13899498885982606	0.15332496833343937	0.29318931126821635	0.31395853229367726	0.0	0.029674876521792213	+x	+y	+x	False	True	False	False	False	False
box023_p2	box023	box023_person2	known_guard	72	114	right	True	False	0.10355825475396842	-0.1568	0.1766	0.18628500646894922	0.12182844519421894	0.2007684258415126	0.10355825475396842	0.1568	0.16160000000000002	0.18628500646894922	0.12182844519421894	0.2007684258415126	0.12487460837807796	0.14225043730531253	0.15371534554398456	0.2916532851320496	0.31395853229367726	0.0	0.02698600530507421	+x	+y	+x	False	True	False	False	False	False
box023_p2	box023	box023_person2	known_guard	73	115	right	True	False	0.10392683487527334	-0.1568	0.1766	0.18428727213735027	0.12353281110858753	0.1917386820135667	0.10392683487527334	0.1568	0.16160000000000002	0.18428727213735027	0.12353281110858753	0.1917386820135667	0.12686978621644884	0.14510199014821015	0.154086456576924	0.29201620597854344	0.31395853229367726	0.0	0.026826773669350705	+x	+y	+x	False	True	False	False	False	False
box023_p2	box023	box023_person2	known_guard	74	116	right	True	False	0.10523711941965513	-0.1568	0.1766	0.18129199230785203	0.12542102277673453	0.19134039480447762	0.10523711941965513	0.1568	0.16160000000000002	0.18129199230785203	0.12542102277673453	0.19134039480447762	0.1278616959224308	0.14954060716382367	0.15690232775379856	0.2926607739793254	0.31395853229367726	0.0	0.024220618712423682	+x	+y	+x	False	True	False	False	False	False
box023_p2	box023	box023_person2	known_guard	75	117	right	True	False	0.10544064542727906	-0.1568	0.1766	0.1843636487235897	0.12340101559481281	0.1867096081840566	0.10544064542727906	0.1568	0.16160000000000002	0.1843636487235897	0.12340101559481281	0.1867096081840566	0.13310423306282557	0.14980401241184893	0.15746339056488512	0.2912793397536274	0.31395853229367726	0.0	0.028832784479162033	+x	+y	+x	False	True	False	False	False	False
box023_p2	box023	box023_person2	known_guard	76	118	right	True	False	0.10372817044387528	-0.1568	0.1766	0.1907067351295576	0.11773416391520274	0.18406581471796293	0.10372817044387528	0.1568	0.16160000000000002	0.1907067351295576	0.11773416391520274	0.18406581471796293	0.14272889899714966	0.1472417853831318	0.1587528190686497	0.28807987826435183	0.31395853229367726	0.0	0.040255716781646675	+x	+y	+x	False	True	False	False	False	False
box023_p2	box023	box023_person2	known_guard	77	119	right	True	False	0.09988815607950903	-0.1568	0.1766	0.19056082473250122	0.1117408713674286	0.19554961109221994	0.09988815607950903	0.1568	0.16160000000000002	0.19056082473250122	0.1117408713674286	0.19554961109221994	0.14306657554962066	0.149279046073649	0.15961143138262973	0.28406833719367514	0.31395853229367726	0.0	0.04387362603028383	+x	+y	+x	False	True	False	False	False	False
box023_p2	box023	box023_person2	known_guard	78	120	right	True	False	0.10049970489753633	-0.1568	0.1766	0.19098390325507741	0.1128825556193463	0.2016899359601318	0.10049970489753633	0.1568	0.16160000000000002	0.19098390325507741	0.1128825556193463	0.2016899359601318	0.14161422257689485	0.15504236650427214	0.16090867010150012	0.28556185992578237	0.31395853229367726	0.0	0.04115787623942893	+x	+y	+x	False	True	False	False	False	False
box023_p2	box023	box023_person2	known_guard	79	121	right	True	False	0.10712725274618254	-0.1568	0.1766	0.19437271904457482	0.12299037946153175	0.19773571416816793	0.10712725274618254	0.1568	0.16160000000000002	0.19437271904457482	0.12299037946153175	0.19773571416816793	0.1444598652883607	0.1569160242026457	0.16170264479618948	0.2938386398046559	0.31395853229367726	0.0	0.037332933943023845	+x	+y	+x	False	True	False	False	False	False
box023_p2	box023	box023_person2	known_guard	80	122	right	True	False	0.11276616047572802	-0.1568	0.1766	0.19873160209329266	0.13661527760184272	0.19356320299461036	0.11276616047572802	0.1568	0.16160000000000002	0.11276616047572802	0.15680000000000008	0.16160000000000005	0.14776784372396692	0.156193068054528	0.16018542783279655	0.306219418944171	0.31395853229367726	0.09391020453852848	0.03503551356855939	+x	+y	+y	False	True	True	False	False	False
box023_p2	box023	box023_person2	known_guard	81	123	right	True	False	0.11400329270473834	-0.1568	0.1766	0.20487497842894706	0.145936828949279	0.19427520730114822	0.11400329270473834	0.1568	0.16160000000000002	0.11400329270473829	0.1567999999999999	0.1615999999999999	0.14984478118759276	0.1561799615480013	0.15692544533331085	0.31657489449064485	0.31395853229367726	0.0971768538480723	0.03615035554016597	+x	+y	+y	False	True	True	False	False	False
box023_p2	box023	box023_person2	known_guard	82	124	right	False	False	nan	nan	nan	0.21181397003455382	0.16555128443162664	0.18397080929083892	0.21181397003455382	0.16555128443162664	0.18397080929083892	0.21181397003455382	0.16555128443162664	0.18397080929083892	0.21181397003455382	0.16555128443162664	0.18397080929083892	nan	nan	0.0	0.0	+x	+x	+x	False	False	False	False	False	False
box023_p2	box023	box023_person2	known_guard	83	125	right	False	False	nan	nan	nan	0.2320340393662109	0.21096507946182713	0.1756549659595128	0.2320340393662109	0.21096507946182713	0.1756549659595128	0.2320340393662109	0.21096507946182713	0.1756549659595128	0.2320340393662109	0.21096507946182713	0.1756549659595128	nan	nan	0.0	0.0	+x	+x	+x	False	False	False	False	False	False
box023_p2	box023	box023_person2	known_guard	84	126	right	False	False	nan	nan	nan	0.25169233031609667	0.24964428200043828	0.1829675430575486	0.25169233031609667	0.24964428200043828	0.1829675430575486	0.25169233031609667	0.24964428200043828	0.1829675430575486	0.25169233031609667	0.24964428200043828	0.1829675430575486	nan	nan	0.0	0.0	+x	+x	+x	False	False	False	False	False	False
box023_p2	box023	box023_person2	known_guard	85	127	right	False	False	nan	nan	nan	0.2712090121601675	0.2999896892049095	0.19157801049647982	0.2712090121601675	0.2999896892049095	0.19157801049647982	0.2712090121601675	0.2999896892049095	0.19157801049647982	0.2712090121601675	0.2999896892049095	0.19157801049647982	nan	nan	0.0	0.0	+y	+y	+y	True	True	True	False	False	False
box023_p2	box023	box023_person2	known_guard	86	128	right	False	False	nan	nan	nan	0.2894597922209381	0.3592679663465644	0.21011761381005312	0.2894597922209381	0.3592679663465644	0.21011761381005312	0.2894597922209381	0.3592679663465644	0.21011761381005312	0.2894597922209381	0.3592679663465644	0.21011761381005312	nan	nan	0.0	0.0	+y	+y	+y	True	True	True	False	False	False
box023_p2	box023	box023_person2	known_guard	87	129	right	False	False	nan	nan	nan	0.2996375987282377	0.4171033194883048	0.24023904092742074	0.2996375987282377	0.4171033194883048	0.24023904092742074	0.2996375987282377	0.4171033194883048	0.24023904092742074	0.2996375987282377	0.4171033194883048	0.24023904092742074	nan	nan	0.0	0.0	+y	+y	+y	True	True	True	False	False	False
box023_p2	box023	box023_person2	known_guard	88	130	right	False	False	nan	nan	nan	0.3050986562008865	0.4597548674275225	0.27116264231202836	0.3050986562008865	0.4597548674275225	0.27116264231202836	0.3050986562008865	0.4597548674275225	0.27116264231202836	0.3050986562008865	0.4597548674275225	0.27116264231202836	nan	nan	0.0	0.0	+y	+y	+y	True	True	True	False	False	False
box023_p2	box023	box023_person2	known_guard	89	131	right	False	False	nan	nan	nan	0.3092373472357318	0.499293094353034	0.302437468948009	0.3092373472357318	0.499293094353034	0.302437468948009	0.3092373472357318	0.499293094353034	0.302437468948009	0.3092373472357318	0.499293094353034	0.302437468948009	nan	nan	0.0	0.0	+y	+y	+y	True	True	True	False	False	False
box023_p2	box023	box023_person2	known_guard	90	132	right	False	False	nan	nan	nan	0.30621233103091533	0.5152979214401228	0.3390526640367862	0.30621233103091533	0.5152979214401228	0.3390526640367862	0.30621233103091533	0.5152979214401228	0.3390526640367862	0.30621233103091533	0.5152979214401228	0.3390526640367862	nan	nan	0.0	0.0	+y	+y	+y	True	True	True	False	False	False
box023_p2	box023	box023_person2	known_guard	91	133	right	False	False	nan	nan	nan	0.30027036357620035	0.5210503452020785	0.37141845099444	0.30027036357620035	0.5210503452020785	0.37141845099444	0.30027036357620035	0.5210503452020785	0.37141845099444	0.30027036357620035	0.5210503452020785	0.37141845099444	nan	nan	0.0	0.0	+y	+y	+y	True	True	True	False	False	False
box023_p2	box023	box023_person2	known_guard	92	134	right	False	False	nan	nan	nan	0.2925783046350806	0.5331803678028149	0.41635017251182327	0.2925783046350806	0.5331803678028149	0.41635017251182327	0.2925783046350806	0.5331803678028149	0.41635017251182327	0.2925783046350806	0.5331803678028149	0.41635017251182327	nan	nan	0.0	0.0	+y	+y	+y	True	True	True	False	False	False
box023_p2	box023	box023_person2	known_guard	93	135	right	False	False	nan	nan	nan	0.27614496844096204	0.5357102444759722	0.45029438350638334	0.27614496844096204	0.5357102444759722	0.45029438350638334	0.27614496844096204	0.5357102444759722	0.45029438350638334	0.27614496844096204	0.5357102444759722	0.45029438350638334	nan	nan	0.0	0.0	+y	+y	+y	True	True	True	False	False	False
box023_p2	box023	box023_person2	known_guard	94	136	right	False	False	nan	nan	nan	0.2520018049526241	0.5387269404542859	0.48343470184017456	0.2520018049526241	0.5387269404542859	0.48343470184017456	0.2520018049526241	0.5387269404542859	0.48343470184017456	0.2520018049526241	0.5387269404542859	0.48343470184017456	nan	nan	0.0	0.0	+y	+y	+y	True	True	True	False	False	False
box023_p2	box023	box023_person2	known_guard	95	137	right	False	False	nan	nan	nan	0.2279799550702369	0.5414507926441322	0.5024439424122541	0.2279799550702369	0.5414507926441322	0.5024439424122541	0.2279799550702369	0.5414507926441322	0.5024439424122541	0.2279799550702369	0.5414507926441322	0.5024439424122541	nan	nan	0.0	0.0	+y	+y	+y	True	True	True	False	False	False
box023_p2	box023	box023_person2	known_guard	96	138	right	False	False	nan	nan	nan	0.21093241727246262	0.5387175741903125	0.5073319471730091	0.21093241727246262	0.5387175741903125	0.5073319471730091	0.21093241727246262	0.5387175741903125	0.5073319471730091	0.21093241727246262	0.5387175741903125	0.5073319471730091	nan	nan	0.0	0.0	+y	+y	+y	True	True	True	False	False	False
box023_p2	box023	box023_person2	known_guard	97	139	right	False	False	nan	nan	nan	0.19919476198188787	0.5392792929717065	0.5120325633241561	0.19919476198188787	0.5392792929717065	0.5120325633241561	0.19919476198188787	0.5392792929717065	0.5120325633241561	0.19919476198188787	0.5392792929717065	0.5120325633241561	nan	nan	0.0	0.0	+y	+y	+y	True	True	True	False	False	False
box023_p2	box023	box023_person2	known_guard	98	140	right	False	False	nan	nan	nan	0.20021166190217185	0.5359532142284412	0.5063992189393581	0.20021166190217185	0.5359532142284412	0.5063992189393581	0.20021166190217185	0.5359532142284412	0.5063992189393581	0.20021166190217185	0.5359532142284412	0.5063992189393581	nan	nan	0.0	0.0	+y	+y	+y	True	True	True	False	False	False
box023_p2	box023	box023_person2	known_guard	99	141	right	False	False	nan	nan	nan	0.20219416346660266	0.5317945001295399	0.49598985377058014	0.20219416346660266	0.5317945001295399	0.49598985377058014	0.20219416346660266	0.5317945001295399	0.49598985377058014	0.20219416346660266	0.5317945001295399	0.49598985377058014	nan	nan	0.0	0.0	+y	+y	+y	True	True	True	False	False	False
box023_p2	box023	box023_person2	known_guard	100	142	right	False	False	nan	nan	nan	0.20012172243879478	0.5277258548369841	0.4825647098422502	0.20012172243879478	0.5277258548369841	0.4825647098422502	0.20012172243879478	0.5277258548369841	0.4825647098422502	0.20012172243879478	0.5277258548369841	0.4825647098422502	nan	nan	0.0	0.0	+y	+y	+y	True	True	True	False	False	False
box023_p2	box023	box023_person2	known_guard	101	143	right	False	False	nan	nan	nan	0.20578472620114108	0.5289930139750867	0.466274185025241	0.20578472620114108	0.5289930139750867	0.466274185025241	0.20578472620114108	0.5289930139750867	0.466274185025241	0.20578472620114108	0.5289930139750867	0.466274185025241	nan	nan	0.0	0.0	+y	+y	+y	True	True	True	False	False	False
box023_p2	box023	box023_person2	known_guard	102	144	right	False	False	nan	nan	nan	0.2046005691905474	0.5318121616690041	0.4438033709820891	0.2046005691905474	0.5318121616690041	0.4438033709820891	0.2046005691905474	0.5318121616690041	0.4438033709820891	0.2046005691905474	0.5318121616690041	0.4438033709820891	nan	nan	0.0	0.0	+y	+y	+y	True	True	True	False	False	False
box023_p2	box023	box023_person2	known_guard	103	145	right	False	False	nan	nan	nan	0.20035385636117617	0.5353921735864507	0.4315034287802436	0.20035385636117617	0.5353921735864507	0.4315034287802436	0.20035385636117617	0.5353921735864507	0.4315034287802436	0.20035385636117617	0.5353921735864507	0.4315034287802436	nan	nan	0.0	0.0	+y	+y	+y	True	True	True	False	False	False
box023_p2	box023	box023_person2	known_guard	104	146	right	False	False	nan	nan	nan	0.18941818451652256	0.5380367830278254	0.4290333834743633	0.18941818451652256	0.5380367830278254	0.4290333834743633	0.18941818451652256	0.5380367830278254	0.4290333834743633	0.18941818451652256	0.5380367830278254	0.4290333834743633	nan	nan	0.0	0.0	+y	+y	+y	True	True	True	False	False	False
box023_p2	box023	box023_person2	known_guard	105	147	right	False	False	nan	nan	nan	0.18841241988451024	0.5399705867092583	0.43358589936844577	0.18841241988451024	0.5399705867092583	0.43358589936844577	0.18841241988451024	0.5399705867092583	0.43358589936844577	0.18841241988451024	0.5399705867092583	0.43358589936844577	nan	nan	0.0	0.0	+y	+y	+y	True	True	True	False	False	False
box023_p2	box023	box023_person2	known_guard	106	148	right	False	False	nan	nan	nan	0.1828899362499878	0.5405254423599986	0.44313327643921907	0.1828899362499878	0.5405254423599986	0.44313327643921907	0.1828899362499878	0.5405254423599986	0.44313327643921907	0.1828899362499878	0.5405254423599986	0.44313327643921907	nan	nan	0.0	0.0	+y	+y	+y	True	True	True	False	False	False
box023_p2	box023	box023_person2	known_guard	107	149	right	False	False	nan	nan	nan	0.18084815276863916	0.5398319221116353	0.4517835748229674	0.18084815276863916	0.5398319221116353	0.4517835748229674	0.18084815276863916	0.5398319221116353	0.4517835748229674	0.18084815276863916	0.5398319221116353	0.4517835748229674	nan	nan	0.0	0.0	+y	+y	+y	True	True	True	False	False	False
box023_p2	box023	box023_person2	known_guard	108	150	right	False	False	nan	nan	nan	0.18658719311014862	0.5397770236744001	0.47314330264490284	0.18658719311014862	0.5397770236744001	0.47314330264490284	0.18658719311014862	0.5397770236744001	0.47314330264490284	0.18658719311014862	0.5397770236744001	0.47314330264490284	nan	nan	0.0	0.0	+y	+y	+y	True	True	True	False	False	False
box023_p2	box023	box023_person2	known_guard	109	151	right	False	False	nan	nan	nan	0.19567305345977948	0.533396990093201	0.47691067808932375	0.19567305345977948	0.533396990093201	0.47691067808932375	0.19567305345977948	0.533396990093201	0.47691067808932375	0.19567305345977948	0.533396990093201	0.47691067808932375	nan	nan	0.0	0.0	+y	+y	+y	True	True	True	False	False	False
box023_p2	box023	box023_person2	known_guard	110	152	right	False	False	nan	nan	nan	0.21162885482058041	0.5330145496269871	0.4805495841197108	0.21162885482058041	0.5330145496269871	0.4805495841197108	0.21162885482058041	0.5330145496269871	0.4805495841197108	0.21162885482058041	0.5330145496269871	0.4805495841197108	nan	nan	0.0	0.0	+y	+y	+y	True	True	True	False	False	False
box023_p2	box023	box023_person2	known_guard	111	153	right	False	False	nan	nan	nan	0.22167496729360467	0.5389366437751142	0.4849691360726561	0.22167496729360467	0.5389366437751142	0.4849691360726561	0.22167496729360467	0.5389366437751142	0.4849691360726561	0.22167496729360467	0.5389366437751142	0.4849691360726561	nan	nan	0.0	0.0	+y	+y	+y	True	True	True	False	False	False
box023_p2	box023	box023_person2	known_guard	112	154	right	False	False	nan	nan	nan	0.2177520336493724	0.5470329360747332	0.5008346309750827	0.2177520336493724	0.5470329360747332	0.5008346309750827	0.2177520336493724	0.5470329360747332	0.5008346309750827	0.2177520336493724	0.5470329360747332	0.5008346309750827	nan	nan	0.0	0.0	+y	+y	+y	True	True	True	False	False	False
box023_p2	box023	box023_person2	known_guard	113	155	right	False	False	nan	nan	nan	0.21790905748207295	0.5527077863808134	0.4940036231514405	0.21790905748207295	0.5527077863808134	0.4940036231514405	0.21790905748207295	0.5527077863808134	0.4940036231514405	0.21790905748207295	0.5527077863808134	0.4940036231514405	nan	nan	0.0	0.0	+y	+y	+y	True	True	True	False	False	False
box023_p2	box023	box023_person2	known_guard	114	156	right	False	False	nan	nan	nan	0.21956374159269654	0.5499390539290185	0.4825225992448659	0.21956374159269654	0.5499390539290185	0.4825225992448659	0.21956374159269654	0.5499390539290185	0.4825225992448659	0.21956374159269654	0.5499390539290185	0.4825225992448659	nan	nan	0.0	0.0	+y	+y	+y	True	True	True	False	False	False
box023_p2	box023	box023_person2	known_guard	115	157	right	False	False	nan	nan	nan	0.2121950468118951	0.5470037213717033	0.46968869978129413	0.2121950468118951	0.5470037213717033	0.46968869978129413	0.2121950468118951	0.5470037213717033	0.46968869978129413	0.2121950468118951	0.5470037213717033	0.46968869978129413	nan	nan	0.0	0.0	+y	+y	+y	True	True	True	False	False	False
box023_p2	box023	box023_person2	known_guard	116	158	right	False	False	nan	nan	nan	0.20274071085748513	0.5409763515930455	0.45416284310052174	0.20274071085748513	0.5409763515930455	0.45416284310052174	0.20274071085748513	0.5409763515930455	0.45416284310052174	0.20274071085748513	0.5409763515930455	0.45416284310052174	nan	nan	0.0	0.0	+y	+y	+y	True	True	True	False	False	False
box023_p2	box023	box023_person2	known_guard	117	159	right	False	False	nan	nan	nan	0.191890792968936	0.5378996193886044	0.43761693511308586	0.191890792968936	0.5378996193886044	0.43761693511308586	0.191890792968936	0.5378996193886044	0.43761693511308586	0.191890792968936	0.5378996193886044	0.43761693511308586	nan	nan	0.0	0.0	+y	+y	+y	True	True	True	False	False	False
box023_p2	box023	box023_person2	known_guard	118	160	right	False	False	nan	nan	nan	0.1774636586348593	0.5317696074443107	0.4148085643724386	0.1774636586348593	0.5317696074443107	0.4148085643724386	0.1774636586348593	0.5317696074443107	0.4148085643724386	0.1774636586348593	0.5317696074443107	0.4148085643724386	nan	nan	0.0	0.0	+y	+y	+y	True	True	True	False	False	False
box023_p2	box023	box023_person2	known_guard	119	161	right	False	False	nan	nan	nan	0.16686932795248707	0.5268523967420564	0.403668575133977	0.16686932795248707	0.5268523967420564	0.403668575133977	0.16686932795248707	0.5268523967420564	0.403668575133977	0.16686932795248707	0.5268523967420564	0.403668575133977	nan	nan	0.0	0.0	+y	+y	+y	True	True	True	False	False	False
box023_p2	box023	box023_person2	known_guard	120	162	right	False	False	nan	nan	nan	0.15827164264727786	0.5251201104892634	0.3969402944974419	0.15827164264727786	0.5251201104892634	0.3969402944974419	0.15827164264727786	0.5251201104892634	0.3969402944974419	0.15827164264727786	0.5251201104892634	0.3969402944974419	nan	nan	0.0	0.0	+y	+y	+y	True	True	True	False	False	False
box023_p2	box023	box023_person2	known_guard	121	163	right	False	False	nan	nan	nan	0.1556946267797329	0.5247629056542878	0.4009863147945451	0.1556946267797329	0.5247629056542878	0.4009863147945451	0.1556946267797329	0.5247629056542878	0.4009863147945451	0.1556946267797329	0.5247629056542878	0.4009863147945451	nan	nan	0.0	0.0	+y	+y	+y	True	True	True	False	False	False
box023_p2	box023	box023_person2	known_guard	122	164	right	False	False	nan	nan	nan	0.15405535358311762	0.5234519187110642	0.4062245434843933	0.15405535358311762	0.5234519187110642	0.4062245434843933	0.15405535358311762	0.5234519187110642	0.4062245434843933	0.15405535358311762	0.5234519187110642	0.4062245434843933	nan	nan	0.0	0.0	+y	+y	+y	True	True	True	False	False	False
box023_p2	box023	box023_person2	known_guard	123	165	right	False	False	nan	nan	nan	0.15907740032288478	0.520989110096325	0.42196348755589763	0.15907740032288478	0.520989110096325	0.42196348755589763	0.15907740032288478	0.520989110096325	0.42196348755589763	0.15907740032288478	0.520989110096325	0.42196348755589763	nan	nan	0.0	0.0	+y	+y	+y	True	True	True	False	False	False
box023_p2	box023	box023_person2	known_guard	124	166	right	False	False	nan	nan	nan	0.16445359674584337	0.5194523661212175	0.44112183747657163	0.16445359674584337	0.5194523661212175	0.44112183747657163	0.16445359674584337	0.5194523661212175	0.44112183747657163	0.16445359674584337	0.5194523661212175	0.44112183747657163	nan	nan	0.0	0.0	+y	+y	+y	True	True	True	False	False	False
box023_p2	box023	box023_person2	known_guard	125	167	right	False	False	nan	nan	nan	0.1701099370276521	0.5189974658140495	0.46792599538545554	0.1701099370276521	0.5189974658140495	0.46792599538545554	0.1701099370276521	0.5189974658140495	0.46792599538545554	0.1701099370276521	0.5189974658140495	0.46792599538545554	nan	nan	0.0	0.0	+y	+y	+y	True	True	True	False	False	False
box023_p2	box023	box023_person2	known_guard	126	168	right	False	False	nan	nan	nan	0.17523474536146025	0.5190629580239319	0.4946733716631477	0.17523474536146025	0.5190629580239319	0.4946733716631477	0.17523474536146025	0.5190629580239319	0.4946733716631477	0.17523474536146025	0.5190629580239319	0.4946733716631477	nan	nan	0.0	0.0	+y	+y	+y	True	True	True	False	False	False
box023_p2	box023	box023_person2	known_guard	127	169	right	False	False	nan	nan	nan	0.1756225707865538	0.5183767636240032	0.5072273944517521	0.1756225707865538	0.5183767636240032	0.5072273944517521	0.1756225707865538	0.5183767636240032	0.5072273944517521	0.1756225707865538	0.5183767636240032	0.5072273944517521	nan	nan	0.0	0.0	+y	+y	+y	True	True	True	False	False	False
box023_p2	box023	box023_person2	known_guard	128	170	right	False	False	nan	nan	nan	0.17386131597233032	0.5181253781194229	0.5195088142965631	0.17386131597233032	0.5181253781194229	0.5195088142965631	0.17386131597233032	0.5181253781194229	0.5195088142965631	0.17386131597233032	0.5181253781194229	0.5195088142965631	nan	nan	0.0	0.0	+y	+y	+y	True	True	True	False	False	False
box023_p2	box023	box023_person2	known_guard	129	171	right	False	False	nan	nan	nan	0.1715921502646891	0.517128787847127	0.5219386888052527	0.1715921502646891	0.517128787847127	0.5219386888052527	0.1715921502646891	0.517128787847127	0.5219386888052527	0.1715921502646891	0.517128787847127	0.5219386888052527	nan	nan	0.0	0.0	+y	+y	+y	True	True	True	False	False	False
box023_p2	box023	box023_person2	known_guard	130	172	right	False	False	nan	nan	nan	0.16681951525602146	0.515800470307065	0.5224964221497014	0.16681951525602146	0.515800470307065	0.5224964221497014	0.16681951525602146	0.515800470307065	0.5224964221497014	0.16681951525602146	0.515800470307065	0.5224964221497014	nan	nan	0.0	0.0	+y	+y	+y	True	True	True	False	False	False
box023_p2	box023	box023_person2	known_guard	131	173	right	False	False	nan	nan	nan	0.164247344160348	0.5137360064464032	0.5128286118947721	0.164247344160348	0.5137360064464032	0.5128286118947721	0.164247344160348	0.5137360064464032	0.5128286118947721	0.164247344160348	0.5137360064464032	0.5128286118947721	nan	nan	0.0	0.0	+y	+y	+y	True	True	True	False	False	False
box023_p2	box023	box023_person2	known_guard	132	174	right	False	False	nan	nan	nan	0.1648167210503867	0.514086943123772	0.504755045553105	0.1648167210503867	0.514086943123772	0.504755045553105	0.1648167210503867	0.514086943123772	0.504755045553105	0.1648167210503867	0.514086943123772	0.504755045553105	nan	nan	0.0	0.0	+y	+y	+y	True	True	True	False	False	False
box023_p2	box023	box023_person2	known_guard	133	175	right	False	False	nan	nan	nan	0.1687467495308921	0.5144658277234511	0.5035776904453135	0.1687467495308921	0.5144658277234511	0.5035776904453135	0.1687467495308921	0.5144658277234511	0.5035776904453135	0.1687467495308921	0.5144658277234511	0.5035776904453135	nan	nan	0.0	0.0	+y	+y	+y	True	True	True	False	False	False
box023_p2	box023	box023_person2	known_guard	134	176	right	False	False	nan	nan	nan	0.17336020375242012	0.5163456229546727	0.5032624176949612	0.17336020375242012	0.5163456229546727	0.5032624176949612	0.17336020375242012	0.5163456229546727	0.5032624176949612	0.17336020375242012	0.5163456229546727	0.5032624176949612	nan	nan	0.0	0.0	+y	+y	+y	True	True	True	False	False	False
box023_p2	box023	box023_person2	known_guard	135	177	right	False	False	nan	nan	nan	0.1760347086422663	0.494263528846651	0.5250547265038478	0.1760347086422663	0.494263528846651	0.5250547265038478	0.1760347086422663	0.494263528846651	0.5250547265038478	0.1760347086422663	0.494263528846651	0.5250547265038478	nan	nan	0.0	0.0	+y	+y	+y	True	True	True	False	False	False
box004_083_p2	box004	e091_box004_20231003_2_083_p2	E092_C1_WORK	0	16	left	False	False	nan	nan	nan	0.09608581927596069	0.9194479422446276	-0.36094539234779827	0.09608581927596069	0.9194479422446276	-0.36094539234779827	0.09608581927596069	0.9194479422446276	-0.36094539234779827	0.09608581927596069	0.9194479422446276	-0.36094539234779827	nan	nan	0.0	0.0	+y	+y	+y	True	True	True	False	False	False
box004_083_p2	box004	e091_box004_20231003_2_083_p2	E092_C1_WORK	1	17	left	False	False	nan	nan	nan	0.09439808489219166	0.9181574173955177	-0.35891591366614484	0.09439808489219166	0.9181574173955177	-0.35891591366614484	0.09439808489219166	0.9181574173955177	-0.35891591366614484	0.09439808489219166	0.9181574173955177	-0.35891591366614484	nan	nan	0.0	0.0	+y	+y	+y	True	True	True	False	False	False
box004_083_p2	box004	e091_box004_20231003_2_083_p2	E092_C1_WORK	2	18	left	False	False	nan	nan	nan	0.0931504841930593	0.9146557696574932	-0.3592830544270322	0.0931504841930593	0.9146557696574932	-0.3592830544270322	0.0931504841930593	0.9146557696574932	-0.3592830544270322	0.0931504841930593	0.9146557696574932	-0.3592830544270322	nan	nan	0.0	0.0	+y	+y	+y	True	True	True	False	False	False
box004_083_p2	box004	e091_box004_20231003_2_083_p2	E092_C1_WORK	3	19	left	False	False	nan	nan	nan	0.09308796789942801	0.9112673875702518	-0.35738909047497375	0.09308796789942801	0.9112673875702518	-0.35738909047497375	0.09308796789942801	0.9112673875702518	-0.35738909047497375	0.09308796789942801	0.9112673875702518	-0.35738909047497375	nan	nan	0.0	0.0	+y	+y	+y	True	True	True	False	False	False
box004_083_p2	box004	e091_box004_20231003_2_083_p2	E092_C1_WORK	4	20	left	False	False	nan	nan	nan	0.08831977614840161	0.9078296405809452	-0.3564702978663567	0.08831977614840161	0.9078296405809452	-0.3564702978663567	0.08831977614840161	0.9078296405809452	-0.3564702978663567	0.08831977614840161	0.9078296405809452	-0.3564702978663567	nan	nan	0.0	0.0	+y	+y	+y	True	True	True	False	False	False
box004_083_p2	box004	e091_box004_20231003_2_083_p2	E092_C1_WORK	5	21	left	False	False	nan	nan	nan	0.08964388530600838	0.8973840707472194	-0.3423429606203985	0.08964388530600838	0.8973840707472194	-0.3423429606203985	0.08964388530600838	0.8973840707472194	-0.3423429606203985	0.08964388530600838	0.8973840707472194	-0.3423429606203985	nan	nan	0.0	0.0	+y	+y	+y	True	True	True	False	False	False
box004_083_p2	box004	e091_box004_20231003_2_083_p2	E092_C1_WORK	6	22	left	False	False	nan	nan	nan	0.09145172147887508	0.8828134937404367	-0.33257849944074813	0.09145172147887508	0.8828134937404367	-0.33257849944074813	0.09145172147887508	0.8828134937404367	-0.33257849944074813	0.09145172147887508	0.8828134937404367	-0.33257849944074813	nan	nan	0.0	0.0	+y	+y	+y	True	True	True	False	False	False
box004_083_p2	box004	e091_box004_20231003_2_083_p2	E092_C1_WORK	7	23	left	False	False	nan	nan	nan	0.09175357630747773	0.8505315505805533	-0.31248322656041105	0.09175357630747773	0.8505315505805533	-0.31248322656041105	0.09175357630747773	0.8505315505805533	-0.31248322656041105	0.09175357630747773	0.8505315505805533	-0.31248322656041105	nan	nan	0.0	0.0	+y	+y	+y	True	True	True	False	False	False
box004_083_p2	box004	e091_box004_20231003_2_083_p2	E092_C1_WORK	8	24	left	False	False	nan	nan	nan	0.09854230039661868	0.8109781999219927	-0.3094257435983061	0.09854230039661868	0.8109781999219927	-0.3094257435983061	0.09854230039661868	0.8109781999219927	-0.3094257435983061	0.09854230039661868	0.8109781999219927	-0.3094257435983061	nan	nan	0.0	0.0	+y	+y	+y	True	True	True	False	False	False
box004_083_p2	box004	e091_box004_20231003_2_083_p2	E092_C1_WORK	9	25	left	False	False	nan	nan	nan	0.11298005042808837	0.7321848499905101	-0.2879149601693037	0.11298005042808837	0.7321848499905101	-0.2879149601693037	0.11298005042808837	0.7321848499905101	-0.2879149601693037	0.11298005042808837	0.7321848499905101	-0.2879149601693037	nan	nan	0.0	0.0	+y	+y	+y	True	True	True	False	False	False
box004_083_p2	box004	e091_box004_20231003_2_083_p2	E092_C1_WORK	10	26	left	False	False	nan	nan	nan	0.14695358375050036	0.5748129013299447	-0.2443176664785249	0.14695358375050036	0.5748129013299447	-0.2443176664785249	0.14695358375050036	0.5748129013299447	-0.2443176664785249	0.14695358375050036	0.5748129013299447	-0.2443176664785249	nan	nan	0.0	0.0	+y	+y	+y	True	True	True	False	False	False
box004_083_p2	box004	e091_box004_20231003_2_083_p2	E092_C1_WORK	11	27	left	False	False	nan	nan	nan	0.19097646283001687	0.45128013798562316	-0.25228947972679994	0.19097646283001687	0.45128013798562316	-0.25228947972679994	0.19097646283001687	0.45128013798562316	-0.25228947972679994	0.19097646283001687	0.45128013798562316	-0.25228947972679994	nan	nan	0.0	0.0	+y	+y	+y	True	True	True	False	False	False
box004_083_p2	box004	e091_box004_20231003_2_083_p2	E092_C1_WORK	12	28	left	False	False	nan	nan	nan	0.2094734227107522	0.3637314703627981	-0.2470195940371222	0.2094734227107522	0.3637314703627981	-0.2470195940371222	0.2094734227107522	0.3637314703627981	-0.2470195940371222	0.2094734227107522	0.3637314703627981	-0.2470195940371222	nan	nan	0.0	0.0	+y	+y	+y	True	True	True	False	False	False
box004_083_p2	box004	e091_box004_20231003_2_083_p2	E092_C1_WORK	13	29	left	False	False	nan	nan	nan	0.2169539556548635	0.293637157849638	-0.2359682766391592	0.2169539556548635	0.293637157849638	-0.2359682766391592	0.2169539556548635	0.293637157849638	-0.2359682766391592	0.2169539556548635	0.293637157849638	-0.2359682766391592	nan	nan	0.0	0.0	+y	+y	+y	True	True	True	False	False	False
box004_083_p2	box004	e091_box004_20231003_2_083_p2	E092_C1_WORK	14	30	left	False	False	nan	nan	nan	0.20884726687388921	0.2354090068722699	-0.22084618524769487	0.20884726687388921	0.2354090068722699	-0.22084618524769487	0.20884726687388921	0.2354090068722699	-0.22084618524769487	0.20884726687388921	0.2354090068722699	-0.22084618524769487	nan	nan	0.0	0.0	+y	+y	+y	True	True	True	False	False	False
box004_083_p2	box004	e091_box004_20231003_2_083_p2	E092_C1_WORK	15	31	left	True	False	0.1008063006639968	-0.131777	-0.16769069334477382	0.2087605391847126	0.171114196476369	-0.20153988048242855	0.1008063006639968	0.131777	-0.16769069334477382	0.2087605391847126	0.171114196476369	-0.20153988048242855	0.1376267369028378	0.13946884521868075	-0.15239402536807464	0.32333104086578807	0.263554	0.0	0.04060661348691949	+y	+y	+y	True	True	True	False	False	False
box004_083_p2	box004	e091_box004_20231003_2_083_p2	E092_C1_WORK	16	32	left	True	False	0.08535114619442413	-0.131777	-0.1620648739158261	0.20650161927944868	0.14014051054631105	-0.20648019884870478	0.08535114619442413	0.131777	-0.1620648739158261	0.08535114619442409	0.13177699999999992	-0.16206487391582597	0.1334335587606734	0.13628119088753013	-0.16324005931556881	0.3009805488056025	0.263554	0.12930625091725742	0.04830721679486496	+x	+y	+y	False	True	True	False	False	False
box004_083_p2	box004	e091_box004_20231003_2_083_p2	E092_C1_WORK	17	33	left	True	False	0.07647173726282469	-0.131777	-0.16136975616325377	0.20650727052148474	0.12201162003988564	-0.20875079978491845	0.07647173726282469	0.131777	-0.16136975616325377	0.20650727052148474	0.12201162003988564	-0.20875079978491845	0.1334932860862594	0.13555756803026633	-0.1668852272260245	0.28907242494968566	0.263554	0.0	0.05741228218682028	+x	+y	+x	False	True	False	False	False	False
box004_083_p2	box004	e091_box004_20231003_2_083_p2	E092_C1_WORK	18	34	left	True	False	0.07213744132921897	-0.131777	-0.16099273999449365	0.20490304807145462	0.1141059128625904	-0.20700927017692858	0.07213744132921897	0.131777	-0.16099273999449365	0.20490304807145462	0.1141059128625904	-0.20700927017692858	0.13247298042418237	0.1314103970304131	-0.1644335191790698	0.28320069601160436	0.263554	0.0	0.060434680747185054	+x	+y	+x	False	True	False	False	False	False
box004_083_p2	box004	e091_box004_20231003_2_083_p2	E092_C1_WORK	19	35	left	True	False	0.0753753470096666	-0.131777	-0.15611715912534385	0.20063964252143035	0.11477249761591657	-0.20247925760546148	0.0753753470096666	0.131777	-0.15611715912534385	0.20063964252143035	0.11477249761591657	-0.20247925760546148	0.13266300355491228	0.13449578609463206	-0.15401872839729552	0.280405496879429	0.263554	0.0	0.0573905114264964	+x	+y	+x	False	True	False	False	False	False
box004_083_p2	box004	e091_box004_20231003_2_083_p2	E092_C1_WORK	20	36	left	True	False	0.07536953906226977	-0.131777	-0.1553683225638064	0.19885948143789486	0.11690028422645841	-0.2045668385227036	0.07536953906226977	0.131777	-0.1553683225638064	0.19885948143789486	0.11690028422645841	-0.2045668385227036	0.1311084769991144	0.13517528795384987	-0.15523044140014639	0.2819763315080538	0.263554	0.0	0.0558426053704516	+x	+y	+x	False	True	False	False	False	False
box004_083_p2	box004	e091_box004_20231003_2_083_p2	E092_C1_WORK	21	37	left	True	False	0.07042720451328273	-0.131777	-0.16281837135082075	0.196625119137606	0.11328427440596298	-0.20871802052980257	0.07042720451328273	0.131777	-0.16281837135082075	0.196625119137606	0.11328427440596298	-0.20871802052980257	0.1300884212254537	0.1332402494470387	-0.1583902813014063	0.2794418001369091	0.263554	0.0	0.05984321064253329	+x	+y	+x	False	True	False	False	False	False
box004_083_p2	box004	e091_box004_20231003_2_083_p2	E092_C1_WORK	22	38	left	True	False	0.06526834675969637	-0.131777	-0.16420333926550723	0.1967893861910065	0.10746151506097261	-0.20942334111805108	0.06526834675969637	0.131777	-0.16420333926550723	0.1967893861910065	0.10746151506097261	-0.20942334111805108	0.1307522573605041	0.13048878665770236	-0.15975346268686738	0.2767267595828338	0.263554	0.0	0.06564756996839244	+x	+y	+x	False	True	False	False	False	False
box004_083_p2	box004	e091_box004_20231003_2_083_p2	E092_C1_WORK	23	39	left	True	False	0.06757492130073657	-0.131777	-0.16132431521429644	0.19584781353553402	0.10800909801302322	-0.20734751517485556	0.06757492130073657	0.131777	-0.16132431521429644	0.19584781353553402	0.10800909801302322	-0.20734751517485556	0.13003462334404053	0.1328487936531617	-0.15825710916657204	0.27580689370862493	0.263554	0.0	0.06254415139653319	+x	+y	+x	False	True	False	False	False	False
box004_083_p2	box004	e091_box004_20231003_2_083_p2	E092_C1_WORK	24	40	left	True	False	0.06786911163897931	-0.131777	-0.15877413586078443	0.19691786858286794	0.10770356946127255	-0.20124895752503458	0.06786911163897931	0.131777	-0.15877413586078443	0.19691786858286794	0.10770356946127255	-0.20124895752503458	0.13042225633246748	0.1342688944123381	-0.15401685502659432	0.27533367991160845	0.263554	0.0	0.06278325548856209	+x	+y	+x	False	True	False	False	False	False
box004_083_p2	box004	e091_box004_20231003_2_083_p2	E092_C1_WORK	25	41	left	True	False	0.068848146275294	-0.131777	-0.15670037305491058	0.195490333297455	0.10674421341574061	-0.19971419853682956	0.068848146275294	0.131777	-0.15670037305491058	0.195490333297455	0.10674421341574061	-0.19971419853682956	0.12805585460020594	0.1333467683393513	-0.15385408951928548	0.273460786888472	0.263554	0.0	0.05929686524338574	+x	+y	+x	False	True	False	False	False	False
box004_083_p2	box004	e091_box004_20231003_2_083_p2	E092_C1_WORK	26	42	left	True	False	0.06492992023695349	-0.131777	-0.15061027017373046	0.19651833136671945	0.09769807691485546	-0.1957682247793243	0.06492992023695349	0.131777	-0.15061027017373046	0.19651833136671945	0.09769807691485546	-0.1957682247793243	0.12944486797327223	0.12741002794991518	-0.15130919961195674	0.26835342690730823	0.263554	0.0	0.06466635468824403	+x	+y	+x	False	True	False	False	False	False
box004_083_p2	box004	e091_box004_20231003_2_083_p2	E092_C1_WORK	27	43	left	True	False	0.06312542186908622	-0.131777	-0.1531318969527474	0.19713708322650997	0.09777926453596791	-0.1959597424105139	0.06312542186908622	0.131777	-0.1531318969527474	0.19713708322650997	0.09777926453596791	-0.1959597424105139	0.12990771188189423	0.12681775257496095	-0.15129171933190055	0.26923860851304077	0.263554	0.0	0.06699145205213736	+x	+y	+x	False	True	False	False	False	False
box004_083_p2	box004	e091_box004_20231003_2_083_p2	E092_C1_WORK	28	44	left	True	False	0.0660622807486598	-0.131777	-0.15340429486571125	0.19678607526830721	0.09677726288127289	-0.19836528890711233	0.0660622807486598	0.131777	-0.15340429486571125	0.19678607526830721	0.09677726288127289	-0.19836528890711233	0.1286805696817056	0.1237175388018128	-0.15370976196079733	0.2671090648405776	0.263554	0.0	0.06313555522725424	+x	+y	+x	False	True	False	False	False	False
box004_083_p2	box004	e091_box004_20231003_2_083_p2	E092_C1_WORK	29	45	left	True	False	0.06431633905973748	-0.131777	-0.15685616208417202	0.19530776203271236	0.09674066101030218	-0.20293505188769803	0.06431633905973748	0.131777	-0.15685616208417202	0.19530776203271236	0.09674066101030218	-0.20293505188769803	0.12609186817943388	0.12138073865419981	-0.1586599905491872	0.26739921161370256	0.263554	0.0	0.06267018465841502	+x	+y	+x	False	True	False	False	False	False
box004_083_p2	box004	e091_box004_20231003_2_083_p2	E092_C1_WORK	30	46	left	True	False	0.06580506323497365	-0.131777	-0.15229633780356877	0.19610441930297948	0.10253755405515251	-0.19464989799642407	0.06580506323497365	0.131777	-0.15229633780356877	0.19610441930297948	0.10253755405515251	-0.19464989799642407	0.12589282398940263	0.12628512971616343	-0.15146843231400925	0.27143149503108843	0.263554	0.0	0.060343889990583356	+x	+y	+x	False	True	False	False	False	False
box004_083_p2	box004	e091_box004_20231003_2_083_p2	E092_C1_WORK	31	47	left	True	False	0.05726013741651747	-0.131777	-0.16193043234944676	0.19440239540207768	0.09337264615717526	-0.21288826488165696	0.05726013741651747	0.131777	-0.16193043234944676	0.19440239540207768	0.09337264615717526	-0.21288826488165696	0.12488170804275725	0.11640102857371493	-0.16822483378753125	0.26850896220882453	0.263554	0.0	0.06963272794257905	+x	+y	+x	False	True	False	False	False	False
box004_083_p2	box004	e091_box004_20231003_2_083_p2	E092_C1_WORK	32	48	left	True	False	0.06015757501227633	-0.131777	-0.16307949131812868	0.19186829323501395	0.10184222653799352	-0.20627099025097215	0.06015757501227633	0.131777	-0.16307949131812868	0.19186829323501395	0.10184222653799352	-0.20627099025097215	0.12286442240131787	0.12522699153810085	-0.16099546683499338	0.2716452868779901	0.263554	0.0	0.06308244191825331	+x	+y	+x	False	True	False	False	False	False
box004_083_p2	box004	e091_box004_20231003_2_083_p2	E092_C1_WORK	33	49	left	True	False	0.0631291123143068	-0.131777	-0.1624130329410865	0.19155805791283295	0.1017841012343421	-0.20810778744757377	0.0631291123143068	0.131777	-0.1624130329410865	0.19155805791283295	0.1017841012343421	-0.20810778744757377	0.12387128216283265	0.1281979010298677	-0.1625110110958888	0.2704307539218791	0.263554	0.0	0.06084760264023541	+x	+y	+x	False	True	False	False	False	False
box004_083_p2	box004	e091_box004_20231003_2_083_p2	E092_C1_WORK	34	50	left	True	False	0.056543265479649725	-0.131777	-0.1608845777303982	0.19166250662647036	0.09579703651098684	-0.21535807732763554	0.056543265479649725	0.131777	-0.1608845777303982	0.19166250662647036	0.09579703651098684	-0.21535807732763554	0.1248478262178342	0.12280375023293874	-0.16883184450606642	0.2702119789727444	0.263554	0.0	0.06934833291595435	+x	+y	+x	False	True	False	False	False	False
box004_083_p2	box004	e091_box004_20231003_2_083_p2	E092_C1_WORK	35	51	left	True	False	0.06417112532548794	-0.131777	-0.15968535497983158	0.19064873590431827	0.10520857645254816	-0.21059635692758233	0.06417112532548794	0.131777	-0.15968535497983158	0.19064873590431827	0.10520857645254816	-0.21059635692758233	0.12592931133757274	0.13392222375930657	-0.16216932948600873	0.27340570503118744	0.263554	0.0	0.061845336556834246	+x	+y	+x	False	True	False	False	False	False
box004_083_p2	box004	e091_box004_20231003_2_083_p2	E092_C1_WORK	36	52	left	True	False	0.06767654653186143	-0.131777	-0.15955328252534853	0.19065140522091267	0.10923318848949289	-0.2121639360845521	0.06767654653186143	0.131777	-0.15955328252534853	0.19065140522091267	0.10923318848949289	-0.2121639360845521	0.12711635618094996	0.13947328945767098	-0.1631018500948753	0.27563854536922	0.263554	0.0	0.06004095414241543	+x	+y	+x	False	True	False	False	False	False
box004_083_p2	box004	e091_box004_20231003_2_083_p2	E092_C1_WORK	37	53	left	True	False	0.0654042184276366	-0.131777	-0.1663619101305518	0.1876352245052636	0.1056209510784972	-0.2265454729317525	0.0654042184276366	0.131777	-0.1663619101305518	0.1876352245052636	0.1056209510784972	-0.2265454729317525	0.125663509774267	0.13627965615089319	-0.17577338590237845	0.2737156686316359	0.263554	0.0	0.06115580088769127	+x	+y	+x	False	True	False	False	False	False
box004_083_p2	box004	e091_box004_20231003_2_083_p2	E092_C1_WORK	38	54	left	True	False	0.06844897417135798	-0.131777	-0.1642283088419588	0.18862529220197458	0.10949124397297963	-0.22240376969441067	0.06844897417135798	0.131777	-0.1642283088419588	0.18862529220197458	0.10949124397297963	-0.22240376969441067	0.12876608687559402	0.1390466473827327	-0.16853719274993184	0.2757482496963422	0.263554	0.0	0.06090622577846351	+x	+y	+x	False	True	False	False	False	False
box004_083_p2	box004	e091_box004_20231003_2_083_p2	E092_C1_WORK	39	55	left	True	False	0.06945369594931103	-0.131777	-0.16545702583743638	0.18829781412094193	0.11535295188305336	-0.2158819113490816	0.06945369594931103	0.131777	-0.16545702583743638	0.18829781412094193	0.11535295188305336	-0.2158819113490816	0.13011927570373724	0.14221299152218211	-0.16349746501546306	0.278818590880478	0.263554	0.0	0.06158784266888001	+x	+y	+x	False	True	False	False	False	False
box004_083_p2	box004	e091_box004_20231003_2_083_p2	E092_C1_WORK	40	56	left	True	False	0.07055325359282259	-0.131777	-0.16705213177738867	0.17874732472901103	0.12037135180332555	-0.22396885440809927	0.07055325359282259	0.131777	-0.16705213177738867	0.17874732472901103	0.12037135180332555	-0.22396885440809927	0.12338880097533168	0.14569080583267438	-0.17024029332709836	0.280221807968576	0.263554	0.0	0.054729822163293876	+x	+y	+x	False	True	False	False	False	False
box004_083_p2	box004	e091_box004_20231003_2_083_p2	E092_C1_WORK	41	57	left	True	False	0.07308104753052871	-0.131777	-0.16747821648344471	0.1754530997103174	0.12412020330982393	-0.22122340929446016	0.07308104753052871	0.131777	-0.16747821648344471	0.1754530997103174	0.12412020330982393	-0.22122340929446016	0.1226092316122327	0.14434360985141104	-0.17204622944930992	0.28080591425321505	0.263554	0.0	0.05130133959308518	+x	+y	+x	False	True	False	False	False	False
box004_083_p2	box004	e091_box004_20231003_2_083_p2	E092_C1_WORK	42	58	left	True	False	0.07222468986132993	-0.131777	-0.17031086652370295	0.17612177363952625	0.12208205664471493	-0.22635590972685124	0.07222468986132993	0.131777	-0.17031086652370295	0.17612177363952625	0.12208205664471493	-0.22635590972685124	0.1239894211219381	0.14421672580753728	-0.17553035397996333	0.27996441117720816	0.263554	0.0	0.05349371205997722	+x	+y	+x	False	True	False	False	False	False
box004_083_p2	box004	e091_box004_20231003_2_083_p2	E092_C1_WORK	43	59	left	True	False	0.07387702702754233	-0.131777	-0.1673882357088837	0.17431495326924953	0.12805010744390957	-0.22090845501086095	0.07387702702754233	0.131777	-0.1673882357088837	0.17431495326924953	0.12805010744390957	-0.22090845501086095	0.12489101567078494	0.1456565407021928	-0.17676250364129253	0.28365880325583986	0.263554	0.0	0.05369306832976954	+x	+y	+x	False	True	False	False	False	False
box004_083_p2	box004	e091_box004_20231003_2_083_p2	E092_C1_WORK	44	60	left	True	False	0.07208488973172487	-0.131777	-0.16710231908001466	0.17412772226262033	0.12312815649304878	-0.2219273347567373	0.07208488973172487	0.131777	-0.16710231908001466	0.17412772226262033	0.12312815649304878	-0.2219273347567373	0.12684681345269944	0.14078740201768744	-0.17748257085848243	0.27999135847669826	0.263554	0.0	0.05646065232643496	+x	+y	+x	False	True	False	False	False	False
box004_083_p2	box004	e091_box004_20231003_2_083_p2	E092_C1_WORK	45	61	left	True	False	0.07208702497204475	-0.131777	-0.16572940242113454	0.174041040859553	0.12338459288320547	-0.22159745589755497	0.07208702497204475	0.131777	-0.16572940242113454	0.174041040859553	0.12338459288320547	-0.22159745589755497	0.1274209388898798	0.14118848555175395	-0.17774370400837938	0.28039846511264854	0.263554	0.0	0.057400013348313135	+x	+y	+x	False	True	False	False	False	False
box004_083_p2	box004	e091_box004_20231003_2_083_p2	E092_C1_WORK	46	62	left	True	False	0.07360364672582213	-0.131777	-0.16632741946048374	0.17358897892226952	0.12180099747255231	-0.22369813748199113	0.07360364672582213	0.131777	-0.16632741946048374	0.17358897892226952	0.12180099747255231	-0.22369813748199113	0.12758189325139457	0.14109059576583857	-0.1790561620429018	0.2785502948175195	0.263554	0.0	0.0562353541092646	-z	+y	-z	False	True	False	False	False	False
box004_083_p2	box004	e091_box004_20231003_2_083_p2	E092_C1_WORK	47	63	left	True	False	0.07368407103913333	-0.131777	-0.1596954641240523	0.17455080905903272	0.12336899148107003	-0.21917328451313406	0.07368407103913333	0.131777	-0.1596954641240523	0.17455080905903272	0.12336899148107003	-0.21917328451313406	0.12765558706597363	0.14531005902116215	-0.17332574432387568	0.2807333021318795	0.263554	0.0	0.0572874573273368	+x	+y	+x	False	True	False	False	False	False
box004_083_p2	box004	e091_box004_20231003_2_083_p2	E092_C1_WORK	48	64	left	True	False	0.07557605703107337	-0.131777	-0.16340374328972285	0.17460394137081567	0.13268137710452435	-0.2164911193322785	0.07557605703107337	0.131777	-0.16340374328972285	0.17460394137081567	0.13268137710452435	-0.2164911193322785	0.12739204704200593	0.1465739086135075	-0.17745315155998226	0.28733782311531475	0.263554	0.0	0.05568869901581459	+y	+y	+y	True	True	True	False	False	False
box004_083_p2	box004	e091_box004_20231003_2_083_p2	E092_C1_WORK	49	65	left	True	False	0.07448055546768692	-0.131777	-0.16469264231081657	0.1747655558983946	0.1346103841977373	-0.21314668902413286	0.07448055546768692	0.131777	-0.16469264231081657	0.1747655558983946	0.1346103841977373	-0.21314668902413286	0.12687183786706052	0.144406976204294	-0.17544758752573816	0.2887336392144085	0.263554	0.0	0.05495481432002033	+y	+y	+y	True	True	True	False	False	False
box004_083_p2	box004	e091_box004_20231003_2_083_p2	E092_C1_WORK	50	66	left	True	False	0.07659077867138733	-0.131777	-0.16612472898042852	0.17370410653250234	0.14385490688159858	-0.20580845368585327	0.07659077867138733	0.131777	-0.16612472898042852	0.17370410653250234	0.14385490688159858	-0.20580845368585327	0.12409063003624264	0.1470772056782157	-0.173372344340724	0.2949215905049045	0.263554	0.0	0.050426779610538694	+y	+y	+y	True	True	True	False	False	False
box004_083_p2	box004	e091_box004_20231003_2_083_p2	E092_C1_WORK	51	67	left	True	False	0.07952846685825886	-0.131777	-0.16768128307419317	0.1719983129766428	0.15199022645116253	-0.20345589499769734	0.07952846685825886	0.131777	-0.16768128307419317	0.1719983129766428	0.15199022645116253	-0.20345589499769734	0.12241201285061498	0.14872405716531648	-0.1717223672379052	0.3005899767244748	0.263554	0.0	0.046287488856722736	+y	+y	+y	True	True	True	False	False	False
box004_083_p2	box004	e091_box004_20231003_2_083_p2	E092_C1_WORK	52	68	left	True	False	0.0845607852351704	-0.131777	-0.16535483104039952	0.17396677964106702	0.15170653892905903	-0.19874022654785067	0.0845607852351704	0.131777	-0.16535483104039952	0.17396677964106702	0.15170653892905903	-0.19874022654785067	0.12387954456605024	0.1462908980170488	-0.16675763965769075	0.29911692247788235	0.263554	0.0	0.04193549740954184	+y	+y	+y	True	True	True	False	False	False
box004_083_p2	box004	e091_box004_20231003_2_083_p2	E092_C1_WORK	53	69	left	True	False	0.08674500206388559	-0.131777	-0.1699261667522657	0.17410744081279414	0.1513965620843383	-0.20472718907811174	0.08674500206388559	0.131777	-0.1699261667522657	0.17410744081279414	0.1513965620843383	-0.20472718907811174	0.12303092855876521	0.14521622126445408	-0.16977448101269943	0.2983799140736746	0.263554	0.0	0.038695014386227446	+y	+y	+y	True	True	True	False	False	False
box004_083_p2	box004	e091_box004_20231003_2_083_p2	E092_C1_WORK	54	70	left	True	False	0.08475269156556064	-0.131777	-0.16941716812446986	0.1757350124471939	0.15114984858860897	-0.20241010470930612	0.08475269156556064	0.131777	-0.16941716812446986	0.1757350124471939	0.15114984858860897	-0.20241010470930612	0.12273448359678538	0.14500170990239442	-0.1670487718402509	0.29902160161062136	0.263554	0.0	0.04028794830795926	+y	+y	+y	True	True	True	False	False	False
box004_083_p2	box004	e091_box004_20231003_2_083_p2	E092_C1_WORK	55	71	left	True	False	0.08354136163103489	-0.131777	-0.1710845300913008	0.1759332847189833	0.14837284784618046	-0.20478830184284483	0.08354136163103489	0.131777	-0.1710845300913008	0.1759332847189833	0.14837284784618046	-0.20478830184284483	0.12044853665568005	0.14459448870758215	-0.1674000280416171	0.29691101180388646	0.263554	0.0	0.039242873753369684	+y	+y	+y	True	True	True	False	False	False
box004_083_p2	box004	e091_box004_20231003_2_083_p2	E092_C1_WORK	56	72	left	True	False	0.07988434980164283	-0.131777	-0.17066425025092	0.17583441259057295	0.14317271631907894	-0.2069984643406969	0.07988434980164283	0.131777	-0.17066425025092	0.17583441259057295	0.14317271631907894	-0.2069984643406969	0.11893510869827263	0.13977557459661535	-0.16601249852995265	0.2934687993069508	0.263554	0.0	0.04013200418685634	+y	+y	+y	True	True	True	False	False	False
box004_083_p2	box004	e091_box004_20231003_2_083_p2	E092_C1_WORK	57	73	left	True	False	0.0790395390882581	-0.131777	-0.17165129531797807	0.17663352289144996	0.13873423265803447	-0.20968303737150779	0.0790395390882581	0.131777	-0.17165129531797807	0.17663352289144996	0.13873423265803447	-0.20968303737150779	0.11852577905883925	0.13708734217037238	-0.16633256554107287	0.2900815852003935	0.263554	0.0	0.04019517094652657	+y	+y	+y	True	True	True	False	False	False
box004_083_p2	box004	e091_box004_20231003_2_083_p2	E092_C1_WORK	58	74	left	True	False	0.07845562944393458	-0.131777	-0.16860274992499028	0.1780145797121348	0.13415423752920025	-0.21494966050877826	0.07845562944393458	0.131777	-0.16860274992499028	0.1780145797121348	0.13415423752920025	-0.21494966050877826	0.11829332207468657	0.13637348065605337	-0.163143569501835	0.2877141703027147	0.263554	0.0	0.04047186725932355	+x	+y	+x	False	True	False	False	False	False
box004_083_p2	box004	e091_box004_20231003_2_083_p2	E092_C1_WORK	59	75	left	True	False	0.07357128338289358	-0.131777	-0.17297990887686618	0.17718384156742462	0.1264590222497486	-0.22547434109290726	0.07357128338289358	0.131777	-0.17297990887686618	0.17718384156742462	0.1264590222497486	-0.22547434109290726	0.11936060083892423	0.1320735164828186	-0.16830723009016102	0.2831555593920063	0.263554	0.0	0.04602807232719464	+x	+y	+x	False	True	False	False	False	False
box004_083_p2	box004	e091_box004_20231003_2_083_p2	E092_C1_WORK	60	76	left	True	False	0.07087816114179911	-0.131777	-0.16865648549629206	0.18025733597222038	0.11743787892436663	-0.22548582202984802	0.07087816114179911	0.131777	-0.16865648549629206	0.18025733597222038	0.11743787892436663	-0.22548582202984802	0.12248853540259282	0.1310726252240486	-0.1636350723114737	0.2780313530066614	0.263554	0.0	0.051858861012722426	+x	+y	+x	False	True	False	False	False	False
box004_083_p2	box004	e091_box004_20231003_2_083_p2	E092_C1_WORK	61	77	left	True	False	0.06830368771591115	-0.131777	-0.1679488468762639	0.1858043362595452	0.11291265911732307	-0.22511151481636535	0.06830368771591115	0.131777	-0.1679488468762639	0.1858043362595452	0.11291265911732307	-0.22511151481636535	0.1273693483514129	0.13425084084371053	-0.1660497790348749	0.2773932268335993	0.263554	0.0	0.059147938370618366	+x	+y	+x	False	True	False	False	False	False
box004_083_p2	box004	e091_box004_20231003_2_083_p2	E092_C1_WORK	62	78	left	True	False	0.06559565555844138	-0.131777	-0.16404731700652125	0.19147558518213312	0.10287324059284703	-0.2172724850536024	0.06559565555844138	0.131777	-0.16404731700652125	0.19147558518213312	0.10287324059284703	-0.2172724850536024	0.13264958675208	0.13052753004767773	-0.16129930729683806	0.27155001492540304	0.263554	0.0	0.0671218475687871	+x	+y	+x	False	True	False	False	False	False
box004_083_p2	box004	e091_box004_20231003_2_083_p2	E092_C1_WORK	63	79	left	True	False	0.06371802156703119	-0.131777	-0.16236341250957242	0.1947192137278667	0.1014966111620301	-0.21724884206955938	0.06371802156703119	0.131777	-0.16236341250957242	0.1947192137278667	0.1014966111620301	-0.21724884206955938	0.1347694049182612	0.1317572677587541	-0.16387686879929886	0.2731122487002706	0.263554	0.0	0.07106750323056032	+x	+y	+x	False	True	False	False	False	False
box004_083_p2	box004	e091_box004_20231003_2_083_p2	E092_C1_WORK	64	80	left	True	False	0.06736468507778051	-0.131777	-0.15916392403903942	0.19982395061251934	0.10305666472456267	-0.2141579918494839	0.06736468507778051	0.131777	-0.15916392403903942	0.19982395061251934	0.10305666472456267	-0.2141579918494839	0.13711029866547253	0.13539661090716026	-0.16537910107585257	0.2751665942811927	0.263554	0.0	0.07011548062619133	+x	+y	+x	False	True	False	False	False	False
box004_083_p2	box004	e091_box004_20231003_2_083_p2	E092_C1_WORK	65	81	left	True	False	0.06589140758621732	-0.131777	-0.15792576882842993	0.2027522782158931	0.10129321329780097	-0.21055527960495715	0.06589140758621732	0.131777	-0.15792576882842993	0.2027522782158931	0.10129321329780097	-0.21055527960495715	0.13713980343681245	0.13367102614799692	-0.1657787809350444	0.27535883432490754	0.263554	0.0	0.07170488857448305	+x	+y	+x	False	True	False	False	False	False
box004_083_p2	box004	e091_box004_20231003_2_083_p2	E092_C1_WORK	66	82	left	True	False	0.06648352137432036	-0.131777	-0.15781529654700405	0.20208716112066194	0.1032204983245555	-0.2096514828432704	0.06648352137432036	0.131777	-0.15781529654700405	0.20208716112066194	0.1032204983245555	-0.2096514828432704	0.13471804552123237	0.1343278075655019	-0.16661670597765468	0.27622302862179376	0.263554	0.0	0.06884708935574319	+x	+y	+x	False	True	False	False	False	False
box004_083_p2	box004	e091_box004_20231003_2_083_p2	E092_C1_WORK	67	83	left	True	False	0.0660742512884913	-0.131777	-0.1582652487136806	0.1999081522289462	0.10763790387083881	-0.2079718889234774	0.0660742512884913	0.131777	-0.1582652487136806	0.1999081522289462	0.10763790387083881	-0.2079718889234774	0.13417493154542862	0.13867167682651424	-0.16242737136711194	0.2787503530354153	0.263554	0.0	0.06857523229987551	+x	+y	+x	False	True	False	False	False	False
box004_083_p2	box004	e091_box004_20231003_2_083_p2	E092_C1_WORK	68	84	left	True	False	0.06766187577502489	-0.131777	-0.15610664667920723	0.19709608621241664	0.10907344703862445	-0.21077267697056318	0.06766187577502489	0.131777	-0.15610664667920723	0.19709608621241664	0.10907344703862445	-0.21077267697056318	0.13412967989649288	0.14043370674729622	-0.1620983873374147	0.2788378158321997	0.263554	0.0	0.06729642273222061	+x	+y	+x	False	True	False	False	False	False
box004_083_p2	box004	e091_box004_20231003_2_083_p2	E092_C1_WORK	69	85	left	True	False	0.06648072773584213	-0.131777	-0.1553806463204339	0.19680932749535873	0.10793581549824702	-0.2060343904848852	0.06648072773584213	0.131777	-0.1553806463204339	0.19680932749535873	0.10793581549824702	-0.2060343904848852	0.13501778678872656	0.14335824924718046	-0.1585864126222289	0.2775132062213447	0.263554	0.0	0.06958254619748842	+x	+y	+x	False	True	False	False	False	False
box004_083_p2	box004	e091_box004_20231003_2_083_p2	E092_C1_WORK	70	86	left	True	False	0.06501441041856586	-0.131777	-0.1598515586381618	0.19551533905820848	0.10537038175969755	-0.2085114180008615	0.06501441041856586	0.131777	-0.1598515586381618	0.19551533905820848	0.10537038175969755	-0.2085114180008615	0.13663020876696955	0.14311092651271415	-0.15884807984217666	0.2750220990474885	0.263554	0.0	0.07251404990047665	+x	+y	+x	False	True	False	False	False	False
box004_083_p2	box004	e091_box004_20231003_2_083_p2	E092_C1_WORK	71	87	left	True	False	0.06890078731157073	-0.131777	-0.1594720578515004	0.19587360921095492	0.11529732066325094	-0.19913352324136155	0.06890078731157073	0.131777	-0.1594720578515004	0.19587360921095492	0.11529732066325094	-0.19913352324136155	0.14056166490910102	0.14446007885014717	-0.16046518642592675	0.2806079992964756	0.263554	0.0	0.0727813724213319	+x	+y	+x	False	True	False	False	False	False
box004_083_p2	box004	e091_box004_20231003_2_083_p2	E092_C1_WORK	72	88	left	True	False	0.06631853760032128	-0.131777	-0.1588706754768232	0.19683339363316807	0.11610116133858174	-0.19071668124740837	0.06631853760032128	0.131777	-0.1588706754768232	0.19683339363316807	0.11610116133858174	-0.19071668124740837	0.1438594883873445	0.1405925440054234	-0.16025021524141866	0.28194304140625787	0.263554	0.0	0.07805264886619297	+x	+y	+x	False	True	False	False	False	False
box004_083_p2	box004	e091_box004_20231003_2_083_p2	E092_C1_WORK	73	89	left	True	False	0.06797481245547898	-0.131777	-0.15962436619560838	0.1976565959718339	0.1210241105618858	-0.18708271904915053	0.06797481245547898	0.131777	-0.15962436619560838	0.1976565959718339	0.1210241105618858	-0.18708271904915053	0.14594187027668276	0.14111287894281968	-0.1632110793044414	0.28544654073702697	0.263554	0.0	0.07860588560569107	+x	+y	+x	False	True	False	False	False	False
box004_083_p2	box004	e091_box004_20231003_2_083_p2	E092_C1_WORK	74	90	left	True	False	0.06919750145349893	-0.131777	-0.1601317191415168	0.1962247970146836	0.1253447450306787	-0.1859899993552197	0.06919750145349893	0.131777	-0.1601317191415168	0.1962247970146836	0.1253447450306787	-0.1859899993552197	0.14560479308413607	0.14053736641057246	-0.1657534015109443	0.2879516908108377	0.263554	0.0	0.07711304394614085	+x	+y	+x	False	True	False	False	False	False
box004_083_p2	box004	e091_box004_20231003_2_083_p2	E092_C1_WORK	75	91	left	True	False	0.060976056295208164	-0.131777	-0.16179491015666275	0.19902924783112577	0.12084026472229238	-0.17928053756183562	0.060976056295208164	0.131777	-0.16179491015666275	0.19902924783112577	0.12084026472229238	-0.17928053756183562	0.1487777506986774	0.13458615915998526	-0.16819527949663732	0.28840928087490186	0.263554	0.0	0.0880794734486669	+x	+y	+x	False	True	False	False	False	False
box004_083_p2	box004	e091_box004_20231003_2_083_p2	E092_C1_WORK	76	92	left	True	False	0.05878924901942053	-0.131777	-0.1575861822754838	0.19809977936328937	0.12258526325123628	-0.17331223835694948	0.05878924901942053	0.131777	-0.1575861822754838	0.19809977936328937	0.12258526325123628	-0.17331223835694948	0.14723161883692984	0.13623883266633738	-0.1615515852575181	0.2904391393577295	0.263554	0.0	0.08864358493703536	+x	+y	+x	False	True	False	False	False	False
box004_083_p2	box004	e091_box004_20231003_2_083_p2	E092_C1_WORK	77	93	left	True	False	0.059365817523496026	-0.131777	-0.15096605308551198	0.19804178545959927	0.1251934495494198	-0.16806264888719122	0.059365817523496026	0.131777	-0.15096605308551198	0.19804178545959927	0.1251934495494198	-0.16806264888719122	0.14729052550858807	0.1382109658354078	-0.15681453247005797	0.2925015036075064	0.263554	0.0	0.08835357888476483	+x	+y	+x	False	True	False	False	False	False
box004_083_p2	box004	e091_box004_20231003_2_083_p2	E092_C1_WORK	78	94	left	True	False	0.061627399501832526	-0.131777	-0.14694525353939766	0.1983754107077429	0.1267555087799403	-0.163602697603973	0.061627399501832526	0.131777	-0.14694525353939766	0.1983754107077429	0.1267555087799403	-0.163602697603973	0.14739453452116713	0.13967938368030838	-0.15177722962905904	0.29294461440276753	0.263554	0.0	0.08626585135606463	+x	+y	+x	False	True	False	False	False	False
box004_083_p2	box004	e091_box004_20231003_2_083_p2	E092_C1_WORK	79	95	left	True	False	0.06341632585198162	-0.131777	-0.14184015547361845	0.1984153790046656	0.12599952927268088	-0.15802747839773118	0.06341632585198162	0.131777	-0.14184015547361845	0.1984153790046656	0.12599952927268088	-0.15802747839773118	0.14714482886014593	0.13925761176983517	-0.14488459214747937	0.2914369791557688	0.263554	0.0	0.08411712288886446	+x	+y	+x	False	True	False	False	False	False
box004_083_p2	box004	e091_box004_20231003_2_083_p2	E092_C1_WORK	80	96	left	True	False	0.06306130946810769	-0.131777	-0.1422838791395863	0.19644854189425237	0.12637070210860119	-0.16296479657623228	0.06306130946810769	0.131777	-0.1422838791395863	0.19644854189425237	0.12637070210860119	-0.16296479657623228	0.1455669210609047	0.1403591928349032	-0.14852591728342285	0.29130755263857955	0.263554	0.0	0.08318529328160151	+x	+y	+x	False	True	False	False	False	False
box004_083_p2	box004	e091_box004_20231003_2_083_p2	E092_C1_WORK	81	97	left	True	False	0.06272814225020722	-0.131777	-0.14940244635781688	0.19343571134826304	0.13436530595326715	-0.16217738644882906	0.06272814225020722	0.131777	-0.14940244635781688	0.19343571134826304	0.13436530595326715	-0.16217738644882906	0.14231107001694265	0.13970811896163463	-0.16137828345136132	0.29678172910739375	0.263554	0.0	0.0808688179337385	+x	+y	+x	False	True	False	False	False	False
box004_083_p2	box004	e091_box004_20231003_2_083_p2	E092_C1_WORK	82	98	left	True	False	0.06862013569156909	-0.131777	-0.13718907252233228	0.1946026214366422	0.13200770186447608	-0.1523524156214452	0.06862013569156909	0.131777	-0.13718907252233228	0.1946026214366422	0.13200770186447608	-0.1523524156214452	0.1436977834715077	0.14099748810524929	-0.14522132477681562	0.29271809412159594	0.263554	0.0	0.07606699463858958	+x	+y	+x	False	True	False	False	False	False
box004_083_p2	box004	e091_box004_20231003_2_083_p2	E092_C1_WORK	83	99	left	True	False	0.06598646976240256	-0.131777	-0.13739112161437386	0.19512585285581038	0.12812582514656976	-0.14966193422542487	0.06598646976240256	0.131777	-0.13739112161437386	0.19512585285581038	0.12812582514656976	-0.14966193422542487	0.14413730819669643	0.1372924784670568	-0.14358021524083656	0.2904772480368297	0.263554	0.0	0.07858930544686593	+x	+y	+x	False	True	False	False	False	False
box004_083_p2	box004	e091_box004_20231003_2_083_p2	E092_C1_WORK	84	100	left	True	False	0.08667148123808188	-0.131777	-0.13047643752927499	0.20436776669681733	0.12808198325742987	-0.16542687332422432	0.08667148123808188	0.131777	-0.13047643752927499	0.20436776669681733	0.12808198325742987	-0.16542687332422432	0.15311313099819623	0.14020090811006938	-0.13164702151110907	0.2874032702538825	0.263554	0.0	0.06698376906050542	+x	+y	+x	False	True	False	False	False	False
box004_083_p2	box004	e091_box004_20231003_2_083_p2	E092_C1_WORK	85	101	left	True	False	0.11032189860946622	-0.131777	-0.12843653414927175	0.22163726313762483	0.13302425329306883	-0.1689730488098182	0.11032189860946622	0.131777	-0.12843653414927175	0.22163726313762483	0.13302425329306883	-0.1689730488098182	0.1643139185977903	0.13922894264718672	-0.12187469321007706	0.29009312840265883	0.263554	0.0	0.05489742642554238	+x	+y	+x	False	True	False	False	False	False
box004_083_p2	box004	e091_box004_20231003_2_083_p2	E092_C1_WORK	86	102	left	False	False	nan	nan	nan	0.16610119009257113	0.2391290063821119	-0.16351907440627056	0.16610119009257113	0.2391290063821119	-0.16351907440627056	0.16610119009257113	0.2391290063821119	-0.16351907440627056	0.16610119009257113	0.2391290063821119	-0.16351907440627056	nan	nan	0.0	0.0	+y	+y	+y	True	True	True	False	False	False
box004_083_p2	box004	e091_box004_20231003_2_083_p2	E092_C1_WORK	87	103	left	False	False	nan	nan	nan	0.14331825802238424	0.31332390128649834	-0.1876173443709173	0.14331825802238424	0.31332390128649834	-0.1876173443709173	0.14331825802238424	0.31332390128649834	-0.1876173443709173	0.14331825802238424	0.31332390128649834	-0.1876173443709173	nan	nan	0.0	0.0	+y	+y	+y	True	True	True	False	False	False
box004_083_p2	box004	e091_box004_20231003_2_083_p2	E092_C1_WORK	88	104	left	False	False	nan	nan	nan	0.12959401146704114	0.35806193017743754	-0.20019121615396065	0.12959401146704114	0.35806193017743754	-0.20019121615396065	0.12959401146704114	0.35806193017743754	-0.20019121615396065	0.12959401146704114	0.35806193017743754	-0.20019121615396065	nan	nan	0.0	0.0	+y	+y	+y	True	True	True	False	False	False
box004_083_p2	box004	e091_box004_20231003_2_083_p2	E092_C1_WORK	89	105	left	False	False	nan	nan	nan	0.11794014519117199	0.40086832918087506	-0.21503161396336887	0.11794014519117199	0.40086832918087506	-0.21503161396336887	0.11794014519117199	0.40086832918087506	-0.21503161396336887	0.11794014519117199	0.40086832918087506	-0.21503161396336887	nan	nan	0.0	0.0	+y	+y	+y	True	True	True	False	False	False
box004_083_p2	box004	e091_box004_20231003_2_083_p2	E092_C1_WORK	90	106	left	False	False	nan	nan	nan	0.10352019173069758	0.44322640568206895	-0.22017416456590855	0.10352019173069758	0.44322640568206895	-0.22017416456590855	0.10352019173069758	0.44322640568206895	-0.22017416456590855	0.10352019173069758	0.44322640568206895	-0.22017416456590855	nan	nan	0.0	0.0	+y	+y	+y	True	True	True	False	False	False
box004_083_p2	box004	e091_box004_20231003_2_083_p2	E092_C1_WORK	91	107	left	False	False	nan	nan	nan	0.10520482608662456	0.47513004613350374	-0.21633702872914842	0.10520482608662456	0.47513004613350374	-0.21633702872914842	0.10520482608662456	0.47513004613350374	-0.21633702872914842	0.10520482608662456	0.47513004613350374	-0.21633702872914842	nan	nan	0.0	0.0	+y	+y	+y	True	True	True	False	False	False
box004_083_p2	box004	e091_box004_20231003_2_083_p2	E092_C1_WORK	92	108	left	False	False	nan	nan	nan	0.10544832066440733	0.5154965233506671	-0.20983933517768616	0.10544832066440733	0.5154965233506671	-0.20983933517768616	0.10544832066440733	0.5154965233506671	-0.20983933517768616	0.10544832066440733	0.5154965233506671	-0.20983933517768616	nan	nan	0.0	0.0	+y	+y	+y	True	True	True	False	False	False
box004_083_p2	box004	e091_box004_20231003_2_083_p2	E092_C1_WORK	93	109	left	False	False	nan	nan	nan	0.1037542348128213	0.5539935019819546	-0.20534018621013334	0.1037542348128213	0.5539935019819546	-0.20534018621013334	0.1037542348128213	0.5539935019819546	-0.20534018621013334	0.1037542348128213	0.5539935019819546	-0.20534018621013334	nan	nan	0.0	0.0	+y	+y	+y	True	True	True	False	False	False
box004_083_p2	box004	e091_box004_20231003_2_083_p2	E092_C1_WORK	94	110	left	False	False	nan	nan	nan	0.10403165725522599	0.5987188228186344	-0.20026674787065585	0.10403165725522599	0.5987188228186344	-0.20026674787065585	0.10403165725522599	0.5987188228186344	-0.20026674787065585	0.10403165725522599	0.5987188228186344	-0.20026674787065585	nan	nan	0.0	0.0	+y	+y	+y	True	True	True	False	False	False
box004_083_p2	box004	e091_box004_20231003_2_083_p2	E092_C1_WORK	95	111	left	False	False	nan	nan	nan	0.10674150696355468	0.6465008826360028	-0.2058679876446003	0.10674150696355468	0.6465008826360028	-0.2058679876446003	0.10674150696355468	0.6465008826360028	-0.2058679876446003	0.10674150696355468	0.6465008826360028	-0.2058679876446003	nan	nan	0.0	0.0	+y	+y	+y	True	True	True	False	False	False
box004_083_p2	box004	e091_box004_20231003_2_083_p2	E092_C1_WORK	96	112	left	False	False	nan	nan	nan	0.11455240724512149	0.6945931514257053	-0.2153056539512963	0.11455240724512149	0.6945931514257053	-0.2153056539512963	0.11455240724512149	0.6945931514257053	-0.2153056539512963	0.11455240724512149	0.6945931514257053	-0.2153056539512963	nan	nan	0.0	0.0	+y	+y	+y	True	True	True	False	False	False
box004_083_p2	box004	e091_box004_20231003_2_083_p2	E092_C1_WORK	97	113	left	False	False	nan	nan	nan	0.11975215574286548	0.7294816254072852	-0.2208372284452999	0.11975215574286548	0.7294816254072852	-0.2208372284452999	0.11975215574286548	0.7294816254072852	-0.2208372284452999	0.11975215574286548	0.7294816254072852	-0.2208372284452999	nan	nan	0.0	0.0	+y	+y	+y	True	True	True	False	False	False
box004_083_p2	box004	e091_box004_20231003_2_083_p2	E092_C1_WORK	98	114	left	False	False	nan	nan	nan	0.1310233696908162	0.7772545082081393	-0.23162742807212247	0.1310233696908162	0.7772545082081393	-0.23162742807212247	0.1310233696908162	0.7772545082081393	-0.23162742807212247	0.1310233696908162	0.7772545082081393	-0.23162742807212247	nan	nan	0.0	0.0	+y	+y	+y	True	True	True	False	False	False
box004_083_p2	box004	e091_box004_20231003_2_083_p2	E092_C1_WORK	99	115	left	False	False	nan	nan	nan	0.13441106888603074	0.8041437679138287	-0.23816933636738302	0.13441106888603074	0.8041437679138287	-0.23816933636738302	0.13441106888603074	0.8041437679138287	-0.23816933636738302	0.13441106888603074	0.8041437679138287	-0.23816933636738302	nan	nan	0.0	0.0	+y	+y	+y	True	True	True	False	False	False
box004_083_p2	box004	e091_box004_20231003_2_083_p2	E092_C1_WORK	100	116	left	False	False	nan	nan	nan	0.1387485647610796	0.8323828852325272	-0.25386022658570384	0.1387485647610796	0.8323828852325272	-0.25386022658570384	0.1387485647610796	0.8323828852325272	-0.25386022658570384	0.1387485647610796	0.8323828852325272	-0.25386022658570384	nan	nan	0.0	0.0	+y	+y	+y	True	True	True	False	False	False
box004_083_p2	box004	e091_box004_20231003_2_083_p2	E092_C1_WORK	101	117	left	False	False	nan	nan	nan	0.1397180001593028	0.8549648503513902	-0.2705980965375232	0.1397180001593028	0.8549648503513902	-0.2705980965375232	0.1397180001593028	0.8549648503513902	-0.2705980965375232	0.1397180001593028	0.8549648503513902	-0.2705980965375232	nan	nan	0.0	0.0	+y	+y	+y	True	True	True	False	False	False
box004_083_p2	box004	e091_box004_20231003_2_083_p2	E092_C1_WORK	102	118	left	False	False	nan	nan	nan	0.14106896329374405	0.8699356920553631	-0.2766128448176242	0.14106896329374405	0.8699356920553631	-0.2766128448176242	0.14106896329374405	0.8699356920553631	-0.2766128448176242	0.14106896329374405	0.8699356920553631	-0.2766128448176242	nan	nan	0.0	0.0	+y	+y	+y	True	True	True	False	False	False
box004_083_p2	box004	e091_box004_20231003_2_083_p2	E092_C1_WORK	103	119	left	False	False	nan	nan	nan	0.14043032046662718	0.8859581451860723	-0.29228469740876073	0.14043032046662718	0.8859581451860723	-0.29228469740876073	0.14043032046662718	0.8859581451860723	-0.29228469740876073	0.14043032046662718	0.8859581451860723	-0.29228469740876073	nan	nan	0.0	0.0	+y	+y	+y	True	True	True	False	False	False
box004_083_p2	box004	e091_box004_20231003_2_083_p2	E092_C1_WORK	104	120	left	False	False	nan	nan	nan	0.1391994977541224	0.8917564000719145	-0.3176576143891932	0.1391994977541224	0.8917564000719145	-0.3176576143891932	0.1391994977541224	0.8917564000719145	-0.3176576143891932	0.1391994977541224	0.8917564000719145	-0.3176576143891932	nan	nan	0.0	0.0	+y	+y	+y	True	True	True	False	False	False
box004_083_p2	box004	e091_box004_20231003_2_083_p2	E092_C1_WORK	0	16	right	False	False	nan	nan	nan	-0.19635789005126592	0.5470635465343185	-0.5869310380823756	-0.19635789005126592	0.5470635465343185	-0.5869310380823756	-0.19635789005126592	0.5470635465343185	-0.5869310380823756	-0.19635789005126592	0.5470635465343185	-0.5869310380823756	nan	nan	0.0	0.0	+y	+y	+y	True	True	True	False	False	False
box004_083_p2	box004	e091_box004_20231003_2_083_p2	E092_C1_WORK	1	17	right	False	False	nan	nan	nan	-0.19827646366778026	0.5466900555048712	-0.5849623929378427	-0.19827646366778026	0.5466900555048712	-0.5849623929378427	-0.19827646366778026	0.5466900555048712	-0.5849623929378427	-0.19827646366778026	0.5466900555048712	-0.5849623929378427	nan	nan	0.0	0.0	+y	+y	+y	True	True	True	False	False	False
box004_083_p2	box004	e091_box004_20231003_2_083_p2	E092_C1_WORK	2	18	right	False	False	nan	nan	nan	-0.1977469916394966	0.5461273242183822	-0.5821246206757784	-0.1977469916394966	0.5461273242183822	-0.5821246206757784	-0.1977469916394966	0.5461273242183822	-0.5821246206757784	-0.1977469916394966	0.5461273242183822	-0.5821246206757784	nan	nan	0.0	0.0	+y	+y	+y	True	True	True	False	False	False
box004_083_p2	box004	e091_box004_20231003_2_083_p2	E092_C1_WORK	3	19	right	False	False	nan	nan	nan	-0.19917350213300927	0.5456547086123236	-0.5789198392827128	-0.19917350213300927	0.5456547086123236	-0.5789198392827128	-0.19917350213300927	0.5456547086123236	-0.5789198392827128	-0.19917350213300927	0.5456547086123236	-0.5789198392827128	nan	nan	0.0	0.0	+y	+y	+y	True	True	True	False	False	False
box004_083_p2	box004	e091_box004_20231003_2_083_p2	E092_C1_WORK	4	20	right	False	False	nan	nan	nan	-0.20164968180600396	0.5410760537617703	-0.5789728529140571	-0.20164968180600396	0.5410760537617703	-0.5789728529140571	-0.20164968180600396	0.5410760537617703	-0.5789728529140571	-0.20164968180600396	0.5410760537617703	-0.5789728529140571	nan	nan	0.0	0.0	+y	+y	+y	True	True	True	False	False	False
box004_083_p2	box004	e091_box004_20231003_2_083_p2	E092_C1_WORK	5	21	right	False	False	nan	nan	nan	-0.1941325750403183	0.5374759194965001	-0.5768459494203819	-0.1941325750403183	0.5374759194965001	-0.5768459494203819	-0.1941325750403183	0.5374759194965001	-0.5768459494203819	-0.1941325750403183	0.5374759194965001	-0.5768459494203819	nan	nan	0.0	0.0	+y	+y	+y	True	True	True	False	False	False
box004_083_p2	box004	e091_box004_20231003_2_083_p2	E092_C1_WORK	6	22	right	False	False	nan	nan	nan	-0.1952655887269581	0.5352080136261602	-0.5735106190662723	-0.1952655887269581	0.5352080136261602	-0.5735106190662723	-0.1952655887269581	0.5352080136261602	-0.5735106190662723	-0.1952655887269581	0.5352080136261602	-0.5735106190662723	nan	nan	0.0	0.0	+y	+y	+y	True	True	True	False	False	False
box004_083_p2	box004	e091_box004_20231003_2_083_p2	E092_C1_WORK	7	23	right	False	False	nan	nan	nan	-0.18939173501264833	0.5270117148464107	-0.5717825321830866	-0.18939173501264833	0.5270117148464107	-0.5717825321830866	-0.18939173501264833	0.5270117148464107	-0.5717825321830866	-0.18939173501264833	0.5270117148464107	-0.5717825321830866	nan	nan	0.0	0.0	+y	+y	+y	True	True	True	False	False	False
box004_083_p2	box004	e091_box004_20231003_2_083_p2	E092_C1_WORK	8	24	right	False	False	nan	nan	nan	-0.18853660556904045	0.5223464172281751	-0.5681891153282864	-0.18853660556904045	0.5223464172281751	-0.5681891153282864	-0.18853660556904045	0.5223464172281751	-0.5681891153282864	-0.18853660556904045	0.5223464172281751	-0.5681891153282864	nan	nan	0.0	0.0	+y	+y	+y	True	True	True	False	False	False
box004_083_p2	box004	e091_box004_20231003_2_083_p2	E092_C1_WORK	9	25	right	False	False	nan	nan	nan	-0.1794373296342006	0.49983111338980013	-0.5420228852871506	-0.1794373296342006	0.49983111338980013	-0.5420228852871506	-0.1794373296342006	0.49983111338980013	-0.5420228852871506	-0.1794373296342006	0.49983111338980013	-0.5420228852871506	nan	nan	0.0	0.0	+y	+y	+y	True	True	True	False	False	False
box004_083_p2	box004	e091_box004_20231003_2_083_p2	E092_C1_WORK	10	26	right	False	False	nan	nan	nan	-0.14148884358508662	0.4085741649068014	-0.49739595108034046	-0.14148884358508662	0.4085741649068014	-0.49739595108034046	-0.14148884358508662	0.4085741649068014	-0.49739595108034046	-0.14148884358508662	0.4085741649068014	-0.49739595108034046	nan	nan	0.0	0.0	+y	+y	+y	True	True	True	False	False	False
box004_083_p2	box004	e091_box004_20231003_2_083_p2	E092_C1_WORK	11	27	right	False	False	nan	nan	nan	-0.13181351920107195	0.3386781231269645	-0.44234672356704785	-0.13181351920107195	0.3386781231269645	-0.44234672356704785	-0.13181351920107195	0.3386781231269645	-0.44234672356704785	-0.13181351920107195	0.3386781231269645	-0.44234672356704785	nan	nan	0.0	0.0	+y	+y	+y	True	True	True	False	False	False
box004_083_p2	box004	e091_box004_20231003_2_083_p2	E092_C1_WORK	12	28	right	False	False	nan	nan	nan	-0.1319359041699945	0.276479191483828	-0.3943300323164622	-0.1319359041699945	0.276479191483828	-0.3943300323164622	-0.1319359041699945	0.276479191483828	-0.3943300323164622	-0.1319359041699945	0.276479191483828	-0.3943300323164622	nan	nan	0.0	0.0	+y	+y	+y	True	True	True	False	False	False
box004_083_p2	box004	e091_box004_20231003_2_083_p2	E092_C1_WORK	13	29	right	False	False	nan	nan	nan	-0.12848698266004155	0.2206597943664858	-0.35134556071984124	-0.12848698266004155	0.2206597943664858	-0.35134556071984124	-0.12848698266004155	0.2206597943664858	-0.35134556071984124	-0.12848698266004155	0.2206597943664858	-0.35134556071984124	nan	nan	0.0	0.0	+y	+y	+y	True	True	True	False	False	False
box004_083_p2	box004	e091_box004_20231003_2_083_p2	E092_C1_WORK	14	30	right	False	False	nan	nan	nan	-0.11608975424887755	0.16844309719705983	-0.32000103940300306	-0.11608975424887755	0.16844309719705983	-0.32000103940300306	-0.11608975424887755	0.16844309719705983	-0.32000103940300306	-0.11608975424887755	0.16844309719705983	-0.32000103940300306	nan	nan	0.0	0.0	-z	-z	-z	False	False	False	False	False	False
box004_083_p2	box004	e091_box004_20231003_2_083_p2	E092_C1_WORK	15	31	right	True	False	0.0776191154513534	0.131777	-0.20574006950263893	-0.12488657155813751	0.12021003148659869	-0.2939721655619149	0.0776191154513534	0.131777	-0.20574006950263893	-0.12488657155813751	0.12021003148659869	-0.2939721655619149	-0.05452101292956366	0.12420550521854283	-0.2974888407867126	0.22119505149706495	0.0	0.0	0.1610471300392781	-z	+y	-z	False	True	False	False	False	False
box004_083_p2	box004	e091_box004_20231003_2_083_p2	E092_C1_WORK	16	32	right	True	False	0.057824815830260834	0.131777	-0.1992123973055814	-0.1252287563374795	0.09810759643218495	-0.2895601840386497	0.057824815830260834	0.131777	-0.1992123973055814	-0.1252287563374795	0.09810759643218495	-0.2895601840386497	-0.05470287340737296	0.09849154312852366	-0.28719479232607825	0.20689359967757948	0.0	0.0	0.14666732532451507	-z	+y	-z	False	True	False	False	False	False
box004_083_p2	box004	e091_box004_20231003_2_083_p2	E092_C1_WORK	17	33	right	True	False	0.05017213395416135	0.131777	-0.1960139942630273	-0.11605107767665293	0.08653230127755757	-0.2876476087959088	0.05017213395416135	0.131777	-0.1960139942630273	-0.11605107767665293	0.08653230127755757	-0.2876476087959088	-0.04584246083236995	0.08742193222444491	-0.28060478736684774	0.19512549336185614	0.0	0.0	0.13543181578687205	-z	+y	-z	False	True	False	False	False	False
box004_083_p2	box004	e091_box004_20231003_2_083_p2	E092_C1_WORK	18	34	right	True	False	0.04814532142523597	0.131777	-0.19479750393125903	-0.1149003016388579	0.08036703273659944	-0.2854689586165293	0.04814532142523597	0.131777	-0.19479750393125903	-0.1149003016388579	0.08036703273659944	-0.2854689586165293	-0.04477177510667016	0.08228131419364162	-0.2778552900515012	0.19351530334608041	0.0	0.0	0.1340970006247612	-z	+y	-z	False	True	False	False	False	False
box004_083_p2	box004	e091_box004_20231003_2_083_p2	E092_C1_WORK	19	35	right	True	False	0.047898993889715885	0.131777	-0.19321372067161033	-0.12154535408619035	0.07816969882742758	-0.2836543545301969	0.047898993889715885	0.131777	-0.19321372067161033	-0.12154535408619035	0.07816969882742758	-0.2836543545301969	-0.05143058120430359	0.08025753530371713	-0.2759600567285558	0.1994107270252275	0.0	0.0	0.13916743822388533	-z	+y	-z	False	True	False	False	False	False
box004_083_p2	box004	e091_box004_20231003_2_083_p2	E092_C1_WORK	20	36	right	True	False	0.041688230838124785	0.131777	-0.19197185929967245	-0.12506807364720823	0.06977008138557013	-0.2829754850010991	0.041688230838124785	0.131777	-0.19197185929967245	-0.12506807364720823	0.06977008138557013	-0.2829754850010991	-0.055057284214342764	0.07452012316077584	-0.27552101505271237	0.1998353895896995	0.0	0.0	0.14006607746058655	-z	+y	-z	False	True	False	False	False	False
box004_083_p2	box004	e091_box004_20231003_2_083_p2	E092_C1_WORK	21	37	right	True	False	0.0403622495698557	0.131777	-0.19042858302666157	-0.12607766691819108	0.06208809304415016	-0.28306203320499873	0.0403622495698557	0.131777	-0.19042858302666157	-0.12607766691819108	0.06208809304415016	-0.28306203320499873	-0.05639114580436013	0.06903067131990807	-0.27438839279123983	0.20282935104464433	0.0	0.0	0.14264491205428123	-z	+y	-z	False	True	False	False	False	False
box004_083_p2	box004	e091_box004_20231003_2_083_p2	E092_C1_WORK	22	38	right	True	False	0.037117531877282554	0.131777	-0.18879949088290995	-0.12447452690129063	0.0566765920683876	-0.2838677197359467	0.037117531877282554	0.131777	-0.18879949088290995	-0.12447452690129063	0.0566765920683876	-0.2838677197359467	-0.055109013367325176	0.06462566499190657	-0.27362660515224685	0.20196542493467987	0.0	0.0	0.14216425977153332	-z	+y	-z	False	True	False	False	False	False
box004_083_p2	box004	e091_box004_20231003_2_083_p2	E092_C1_WORK	23	39	right	True	False	0.03649737428120783	0.131777	-0.18812977962489136	-0.12061936425458003	0.051433372939206655	-0.2860581156700065	0.03649737428120783	0.131777	-0.18812977962489136	-0.12061936425458003	0.051433372939206655	-0.2860581156700065	-0.05113935519988476	0.060875710919854435	-0.27812002702668015	0.20181854953886666	0.0	0.0	0.14424088801308638	-z	+y	-z	False	True	False	False	False	False
box004_083_p2	box004	e091_box004_20231003_2_083_p2	E092_C1_WORK	24	40	right	True	False	0.03659253238600842	0.131777	-0.18908729699746457	-0.11823825169413255	0.04804674422209264	-0.2870431479510016	0.03659253238600842	0.131777	-0.18908729699746457	-0.11823825169413255	0.04804674422209264	-0.2870431479510016	-0.05039508917389909	0.057982308541769	-0.27904677338246925	0.2014414956446079	0.0	0.0	0.14527632354767728	-z	+y	-z	False	True	False	False	False	False
box004_083_p2	box004	e091_box004_20231003_2_083_p2	E092_C1_WORK	25	41	right	True	False	0.03224143212705404	0.131777	-0.18934646314667117	-0.11390418115967758	0.038402943107952774	-0.28848239973957535	0.03224143212705404	0.131777	-0.18934646314667117	-0.11390418115967758	0.038402943107952774	-0.28848239973957535	-0.052817197906541595	0.05177933655085039	-0.2761241260120377	0.1997628311463033	0.0	0.0	0.14548181835848326	-z	+y	-z	False	True	False	False	False	False
box004_083_p2	box004	e091_box004_20231003_2_083_p2	E092_C1_WORK	26	42	right	True	False	0.030969724964588607	0.131777	-0.18682118660598832	-0.1146332479849839	0.02766556470044417	-0.2901886384773261	0.030969724964588607	0.131777	-0.18682118660598832	-0.1146332479849839	0.02766556470044417	-0.2901886384773261	-0.05923563144934145	0.042015001197463944	-0.2737403456314335	0.20669844411185315	0.0	0.0	0.15410763433549055	-z	+y	-z	False	True	False	False	False	False
box004_083_p2	box004	e091_box004_20231003_2_083_p2	E092_C1_WORK	27	43	right	True	False	0.03290518917483006	0.131777	-0.1882283851802773	-0.11383676588115946	0.02767349417515773	-0.2886239027539348	0.03290518917483006	0.131777	-0.1882283851802773	-0.11383676588115946	0.02767349417515773	-0.2886239027539348	-0.05619441183949403	0.041194253501235796	-0.27389738260567265	0.206033980807923	0.0	0.0	0.1532421286201791	-z	+y	-z	False	True	False	False	False	False
box004_083_p2	box004	e091_box004_20231003_2_083_p2	E092_C1_WORK	28	44	right	True	False	0.03518385825925522	0.131777	-0.18899701364125462	-0.11135722903699516	0.029946483089138463	-0.2871063468982534	0.03518385825925522	0.131777	-0.18899701364125462	-0.11135722903699516	0.029946483089138463	-0.2871063468982534	-0.047691191585201194	0.043606911182394924	-0.2759983124243293	0.20363984313594768	0.0	0.0	0.14903511142937875	-z	+y	-z	False	True	False	False	False	False
box004_083_p2	box004	e091_box004_20231003_2_083_p2	E092_C1_WORK	29	45	right	True	False	0.030545771867869217	0.131777	-0.19138100084470602	-0.10912913986022357	0.028112066570098224	-0.2885629675756192	0.030545771867869217	0.131777	-0.19138100084470602	-0.10912913986022357	0.028112066570098224	-0.2885629675756192	-0.052163593715282355	0.04383582503496022	-0.273948292221372	0.19924817200407335	0.0	0.0	0.14625951939849394	-z	+y	-z	False	True	False	False	False	False
box004_083_p2	box004	e091_box004_20231003_2_083_p2	E092_C1_WORK	30	46	right	True	False	0.0339743090356037	0.131777	-0.19239619245052905	-0.10752775398513899	0.03215426485818792	-0.28704974220908314	0.0339743090356037	0.131777	-0.19239619245052905	-0.10752775398513899	0.03215426485818792	-0.28704974220908314	-0.04543722094300456	0.04779878018795196	-0.27613473836448515	0.19724811197615288	0.0	0.0	0.1427258791114204	-z	+y	-z	False	True	False	False	False	False
box004_083_p2	box004	e091_box004_20231003_2_083_p2	E092_C1_WORK	31	47	right	True	False	0.0338369595018804	0.131777	-0.1912607315588792	-0.11358734059847322	0.029383886590460817	-0.2872375901676423	0.0338369595018804	0.131777	-0.1912607315588792	-0.11358734059847322	0.029383886590460817	-0.2872375901676423	-0.05636594914200817	0.04513260278801334	-0.2748901076448115	0.20354319276798322	0.0	0.0	0.15045826278595845	-z	+y	-z	False	True	False	False	False	False
box004_083_p2	box004	e091_box004_20231003_2_083_p2	E092_C1_WORK	32	48	right	True	False	0.0336010508401944	0.131777	-0.19144360066781	-0.11503997852265803	0.030802770035719455	-0.28861983548711956	0.0336010508401944	0.131777	-0.19144360066781	-0.11503997852265803	0.030802770035719455	-0.28861983548711956	-0.0571495537911242	0.04770721711878524	-0.2774834751095826	0.20428698279769408	0.0	0.0	0.15068596692658706	-z	+y	-z	False	True	False	False	False	False
box004_083_p2	box004	e091_box004_20231003_2_083_p2	E092_C1_WORK	33	49	right	True	False	0.03282457804429765	0.131777	-0.19178423685932178	-0.11385092470341948	0.028046216502446	-0.2907173503902981	0.03282457804429765	0.131777	-0.19178423685932178	-0.11385092470341948	0.028046216502446	-0.2907173503902981	-0.0588736672349014	0.046180812012635415	-0.27749507232726633	0.20508910137851072	0.0	0.0	0.1519263732926758	-z	+y	-z	False	True	False	False	False	False
box004_083_p2	box004	e091_box004_20231003_2_083_p2	E092_C1_WORK	34	50	right	True	False	0.025447407023662376	0.131777	-0.1938784151592835	-0.11042478656845468	0.022407790613181124	-0.2923541750978943	0.025447407023662376	0.131777	-0.1938784151592835	-0.11042478656845468	0.022407790613181124	-0.2923541750978943	-0.06447067578654422	0.04209606078671256	-0.2715371390813469	0.20030065463926588	0.0	0.0	0.14885835507503029	-z	+y	-z	False	True	False	False	False	False
box004_083_p2	box004	e091_box004_20231003_2_083_p2	E092_C1_WORK	35	51	right	True	False	0.035373972639540494	0.131777	-0.19431996849631814	-0.11279144371192057	0.02937474944122392	-0.2930396684199786	0.035373972639540494	0.131777	-0.19431996849631814	-0.11279144371192057	0.02937474944122392	-0.2930396684199786	-0.061876997661222115	0.04767637003983057	-0.27716084972079363	0.20538936358809268	0.0	0.0	0.1529486148553978	-z	+y	-z	False	True	False	False	False	False
box004_083_p2	box004	e091_box004_20231003_2_083_p2	E092_C1_WORK	36	52	right	True	False	0.039067639852636574	0.131777	-0.19506680128928164	-0.10652480836298689	0.0315396397617202	-0.29538937486787614	0.039067639852636574	0.131777	-0.19506680128928164	-0.10652480836298689	0.0315396397617202	-0.29538937486787614	-0.05930650029182201	0.05103995559282453	-0.2765998486395635	0.2032469142063175	0.0	0.0	0.15114092628732664	-z	+y	-z	False	True	False	False	False	False
box004_083_p2	box004	e091_box004_20231003_2_083_p2	E092_C1_WORK	37	53	right	True	False	0.03569588395246111	0.131777	-0.19714073150736325	-0.09612605254207085	0.026851612478355387	-0.2989325312923513	0.03569588395246111	0.131777	-0.19714073150736325	-0.09612605254207085	0.026851612478355387	-0.2989325312923513	-0.05855898330376887	0.05043885214257389	-0.2721453202836572	0.1968449399685011	0.0	0.0	0.14534635405082236	-z	+y	-z	False	True	False	False	False	False
box004_083_p2	box004	e091_box004_20231003_2_083_p2	E092_C1_WORK	38	54	right	True	False	0.04055055072933612	0.131777	-0.19291798645267666	-0.09338043119565088	0.03176748825837947	-0.2962731509037745	0.04055055072933612	0.131777	-0.19291798645267666	-0.09338043119565088	0.03176748825837947	-0.2962731509037745	-0.05402275112560218	0.0546955014802776	-0.2710243098796124	0.1965240452893793	0.0	0.0	0.144866368067486	-z	+y	-z	False	True	False	False	False	False
box004_083_p2	box004	e091_box004_20231003_2_083_p2	E092_C1_WORK	39	55	right	True	False	0.04469500155256553	0.131777	-0.19128682631994148	-0.09486531365895913	0.03741503212281256	-0.29378431644909314	0.04469500155256553	0.131777	-0.19128682631994148	-0.09486531365895913	0.03741503212281256	-0.29378431644909314	-0.04977324141600933	0.059304229950237236	-0.2739972943561384	0.19719786521758045	0.0	0.0	0.14497438687927683	-z	+y	-z	False	True	False	False	False	False
box004_083_p2	box004	e091_box004_20231003_2_083_p2	E092_C1_WORK	40	56	right	True	False	0.043587482767900816	0.131777	-0.1932732389425392	-0.0925980888821181	0.041677328172552514	-0.29296210489474867	0.043587482767900816	0.131777	-0.1932732389425392	-0.0925980888821181	0.041677328172552514	-0.29296210489474867	-0.04676715196985584	0.06505732856532581	-0.2748729513186192	0.19131735620140103	0.0	0.0	0.13883078777707517	-z	+y	-z	False	True	False	False	False	False
box004_083_p2	box004	e091_box004_20231003_2_083_p2	E092_C1_WORK	41	57	right	True	False	0.04214518914471616	0.131777	-0.19505594200208237	-0.08970530339550385	0.042403553173015134	-0.2910018898320652	0.04214518914471616	0.131777	-0.19505594200208237	-0.08970530339550385	0.042403553173015134	-0.2910018898320652	-0.03835669658881603	0.06696705055801704	-0.27755486054628703	0.18595104271239862	0.0	0.0	0.13223824981558996	-z	+y	-z	False	True	False	False	False	False
box004_083_p2	box004	e091_box004_20231003_2_083_p2	E092_C1_WORK	42	58	right	True	False	0.04640905353349966	0.131777	-0.19947663693560574	-0.09080244787515164	0.05408926137058599	-0.29134562159631855	0.04640905353349966	0.131777	-0.19947663693560574	-0.09080244787515164	0.05408926137058599	-0.29134562159631855	-0.030152757608179148	0.07783094082911578	-0.28426396735623954	0.18248915363593188	0.0	0.0	0.1263359791398332	-z	+y	-z	False	True	False	False	False	False
box004_083_p2	box004	e091_box004_20231003_2_083_p2	E092_C1_WORK	43	59	right	True	False	0.042271793711283076	0.131777	-0.19699312255913481	-0.09280794689679674	0.05074413542213111	-0.28797707925878213	0.042271793711283076	0.131777	-0.19699312255913481	-0.09280794689679674	0.05074413542213111	-0.28797707925878213	-0.03330904121230352	0.07635911816429543	-0.2809765779426406	0.18190915821135742	0.0	0.0	0.125844447684655	-z	+y	-z	False	True	False	False	False	False
box004_083_p2	box004	e091_box004_20231003_2_083_p2	E092_C1_WORK	44	60	right	True	False	0.03935195949822111	0.131777	-0.1958493747870257	-0.09792322683705533	0.046303699059967035	-0.28616504160846407	0.03935195949822111	0.131777	-0.1958493747870257	-0.09792322683705533	0.046303699059967035	-0.28616504160846407	-0.03256434827993722	0.07258303814445903	-0.2824720631600937	0.1852217093927474	0.0	0.0	0.12719815480413108	-z	+y	-z	False	True	False	False	False	False
box004_083_p2	box004	e091_box004_20231003_2_083_p2	E092_C1_WORK	45	61	right	True	False	0.03739325623238655	0.131777	-0.1950828333901214	-0.10346458209100941	0.044543162825452384	-0.2846110683718839	0.03739325623238655	0.131777	-0.1950828333901214	-0.10346458209100941	0.044543162825452384	-0.2846110683718839	-0.03849627027482111	0.07105740761079668	-0.27714407839546074	0.18832412969209528	0.0	0.0	0.12720116770385995	-z	+y	-z	False	True	False	False	False	False
box004_083_p2	box004	e091_box004_20231003_2_083_p2	E092_C1_WORK	46	62	right	True	False	0.04640136031940815	0.131777	-0.19675254581107468	-0.10188981904468274	0.0493698187336633	-0.28618443863305487	0.04640136031940815	0.131777	-0.19675254581107468	-0.10188981904468274	0.0493698187336633	-0.28618443863305487	-0.03679599627147925	0.07552734454242442	-0.27855418723317266	0.19177925032489307	0.0	0.0	0.12952734237278526	-z	+y	-z	False	True	False	False	False	False
box004_083_p2	box004	e091_box004_20231003_2_083_p2	E092_C1_WORK	47	63	right	True	False	0.051559174679960205	0.131777	-0.1989131232459481	-0.0964727445455519	0.06091759957751336	-0.28904701948012007	0.051559174679960205	0.131777	-0.1989131232459481	-0.0964727445455519	0.06091759957751336	-0.28904701948012007	-0.03143710533258028	0.08633256266195914	-0.27884466976708394	0.18723948031378246	0.0	0.0	0.12386537655919694	-z	+y	-z	False	True	False	False	False	False
box004_083_p2	box004	e091_box004_20231003_2_083_p2	E092_C1_WORK	48	64	right	True	False	0.05975612630373524	0.131777	-0.19539958513143776	-0.09656528679944372	0.07096362828156458	-0.28297276060037985	0.05975612630373524	0.131777	-0.19539958513143776	-0.09656528679944372	0.07096362828156458	-0.28297276060037985	-0.03180060633902409	0.0969010112182674	-0.27236941266941	0.1892186868045898	0.0	0.0	0.12459263315680602	-z	+y	-z	False	True	False	False	False	False
box004_083_p2	box004	e091_box004_20231003_2_083_p2	E092_C1_WORK	49	65	right	True	False	0.06416807970920568	0.131777	-0.19687539009969562	-0.09377546149677105	0.08315680285967776	-0.27832013240838244	0.06416807970920568	0.131777	-0.19687539009969562	-0.09377546149677105	0.08315680285967776	-0.27832013240838244	-0.029236036844400088	0.10843544568249693	-0.2650802102534794	0.18423716190925288	0.0	0.0	0.11798751899809787	-z	+y	-z	False	True	False	False	False	False
box004_083_p2	box004	e091_box004_20231003_2_083_p2	E092_C1_WORK	50	66	right	True	False	0.06439733964342308	0.131777	-0.19702523691976156	-0.09730796205011887	0.09143982844693463	-0.27117374822016266	0.06439733964342308	0.131777	-0.19702523691976156	-0.09730796205011887	0.09143982844693463	-0.27117374822016266	-0.033105337626071374	0.11468972454133769	-0.2546126786974316	0.18241078293995275	0.0	0.0	0.11452100465773049	-z	+y	-z	False	True	False	False	False	False
box004_083_p2	box004	e091_box004_20231003_2_083_p2	E092_C1_WORK	51	67	right	True	False	0.06369355742628476	0.131777	-0.1949507161484248	-0.09689424329623098	0.09713529129803643	-0.2665609491154795	0.06369355742628476	0.131777	-0.1949507161484248	-0.09689424329623098	0.09713529129803643	-0.2665609491154795	-0.0323066982355119	0.11629352019787645	-0.24876863190373397	0.17921081214112605	0.0	0.0	0.11114025054029096	-z	+y	-z	False	True	False	False	False	False
box004_083_p2	box004	e091_box004_20231003_2_083_p2	E092_C1_WORK	52	68	right	True	False	0.07078666912350653	0.131777	-0.19956159777198187	-0.09311165953206356	0.10445418779634327	-0.2650808117867201	0.07078666912350653	0.131777	-0.19956159777198187	-0.09311165953206356	0.10445418779634327	-0.2650808117867201	-0.027236222749919957	0.11876165182805283	-0.2486688687538594	0.17861121355590925	0.0	0.0	0.11040566417785828	-z	+y	-z	False	True	False	False	False	False
box004_083_p2	box004	e091_box004_20231003_2_083_p2	E092_C1_WORK	53	69	right	True	False	0.06955546716451634	0.131777	-0.1984184242570773	-0.10135476026739285	0.09662223893277665	-0.27410135881104347	0.06955546716451634	0.131777	-0.1984184242570773	-0.10135476026739285	0.09662223893277665	-0.27410135881104347	-0.03593453618818492	0.11904392834409155	-0.26006195777469643	0.19019482024813508	0.0	0.0	0.12284216355016406	-z	+y	-z	False	True	False	False	False	False
box004_083_p2	box004	e091_box004_20231003_2_083_p2	E092_C1_WORK	54	70	right	True	False	0.07226751799269433	0.131777	-0.1978175835364054	-0.10516851617530998	0.09906989193823147	-0.27528592389468787	0.07226751799269433	0.131777	-0.1978175835364054	-0.10516851617530998	0.09906989193823147	-0.27528592389468787	-0.038646849923526315	0.11992364728149787	-0.26434830700342116	0.19635336741930373	0.0	0.0	0.12988008371558935	-z	+y	-z	False	True	False	False	False	False
box004_083_p2	box004	e091_box004_20231003_2_083_p2	E092_C1_WORK	55	71	right	True	False	0.07155178788399799	0.131777	-0.1965451311525919	-0.10816688154788788	0.09491814090629316	-0.27498382545137545	0.07155178788399799	0.131777	-0.1965451311525919	-0.10816688154788788	0.09491814090629316	-0.27498382545137545	-0.04121245064966905	0.11585805028422562	-0.26735054080908455	0.19952444561846358	0.0	0.0	0.13409918899365073	-z	+y	-z	False	True	False	False	False	False
box004_083_p2	box004	e091_box004_20231003_2_083_p2	E092_C1_WORK	56	72	right	True	False	0.06629623231372694	0.131777	-0.19496603856426784	-0.12348934601354222	0.08437733309892338	-0.27438478064570826	0.06629623231372694	0.131777	-0.19496603856426784	-0.12348934601354222	0.08437733309892338	-0.27438478064570826	-0.05574895286115683	0.1040073965672399	-0.2720305504359038	0.2111223123147987	0.0	0.0	0.14698679222704994	-z	+y	-z	False	True	False	False	False	False
box004_083_p2	box004	e091_box004_20231003_2_083_p2	E092_C1_WORK	57	73	right	True	False	0.06537477633099281	0.131777	-0.1941726361743867	-0.12441074848737606	0.08154030355183392	-0.27565999916721146	0.06537477633099281	0.131777	-0.1941726361743867	-0.12441074848737606	0.08154030355183392	-0.27565999916721146	-0.056844304073756804	0.10163937629190567	-0.27889195219614366	0.21256166500131973	0.0	0.0	0.15173378821128689	-z	+y	-z	False	True	False	False	False	False
box004_083_p2	box004	e091_box004_20231003_2_083_p2	E092_C1_WORK	58	74	right	True	False	0.06532756231215135	0.131777	-0.19608934576781123	-0.11654568658954613	0.07827517882977397	-0.28009110123921127	0.06532756231215135	0.131777	-0.19608934576781123	-0.11654568658954613	0.07827517882977397	-0.28009110123921127	-0.052081118975766554	0.09890514847430941	-0.2854484273437073	0.20735625974844968	0.0	0.0	0.15116349600542645	-z	+y	-z	False	True	False	False	False	False
box004_083_p2	box004	e091_box004_20231003_2_083_p2	E092_C1_WORK	59	75	right	True	False	0.055512790418081846	0.131777	-0.1949080982828392	-0.11853428851543726	0.07064889058118617	-0.2827696841825169	0.055512790418081846	0.131777	-0.1949080982828392	-0.11853428851543726	0.07064889058118617	-0.2827696841825169	-0.07040294543243407	0.08930708920186999	-0.2692911131169076	0.2043249610870281	0.0	0.0	0.15228689619853464	-z	+y	-z	False	True	False	False	False	False
box004_083_p2	box004	e091_box004_20231003_2_083_p2	E092_C1_WORK	60	76	right	True	False	0.05852770939819773	0.131777	-0.19285427985161369	-0.12121341050187913	0.06708120593074074	-0.2865635242198122	0.05852770939819773	0.131777	-0.19285427985161369	-0.12121341050187913	0.06708120593074074	-0.2865635242198122	-0.0809187455987843	0.08480491547058028	-0.25811259687037463	0.2127764987803976	0.0	0.0	0.16096688627287722	-z	+y	-z	False	True	False	False	False	False
box004_083_p2	box004	e091_box004_20231003_2_083_p2	E092_C1_WORK	61	77	right	True	False	0.05786937215555416	0.131777	-0.19531253399822976	-0.11911145622057354	0.06510690274348675	-0.2913580303741573	0.05786937215555416	0.131777	-0.19531253399822976	-0.11911145622057354	0.06510690274348675	-0.2913580303741573	-0.0839700408572055	0.08452474449029174	-0.24816444475690608	0.2121128304817783	0.0	0.0	0.15857023429825048	-z	+y	-z	False	True	False	False	False	False
box004_083_p2	box004	e091_box004_20231003_2_083_p2	E092_C1_WORK	62	78	right	True	False	0.05660888629886516	0.131777	-0.19496433832079615	-0.12029588462050333	0.060999555687734006	-0.29372219060334726	0.05660888629886516	0.131777	-0.19496433832079615	-0.12029588462050333	0.060999555687734006	-0.29372219060334726	-0.08757719028287182	0.08283090706591498	-0.2348094390479314	0.21461094563155986	0.0	0.0	0.15739433517602266	-z	+y	-z	False	True	False	False	False	False
box004_083_p2	box004	e091_box004_20231003_2_083_p2	E092_C1_WORK	63	79	right	True	False	0.05438408435305335	0.131777	-0.19388550542392322	-0.1224076476774095	0.059963496795896874	-0.2956342701680885	0.05438408435305335	0.131777	-0.19388550542392322	-0.1224076476774095	0.059963496795896874	-0.2956342701680885	-0.09000054347337592	0.0853964835736142	-0.22313461040737695	0.2162528771686985	0.0	0.0	0.15444605271384515	-z	+y	-z	False	True	False	False	False	False
box004_083_p2	box004	e091_box004_20231003_2_083_p2	E092_C1_WORK	64	80	right	True	False	0.044791835683231494	0.131777	-0.1938304472268668	-0.11020912249634719	0.055233932274640914	-0.2977033160176887	0.044791835683231494	0.131777	-0.1938304472268668	-0.11020912249634719	0.055233932274640914	-0.2977033160176887	-0.07715431730640579	0.08372789598296825	-0.22385395450536563	0.2016772449341564	0.0	0.0	0.1344655778075327	-z	+y	-z	False	True	False	False	False	False
box004_083_p2	box004	e091_box004_20231003_2_083_p2	E092_C1_WORK	65	81	right	True	False	0.04156236515595431	0.131777	-0.1927549428560742	-0.11132887440376617	0.05353447987598726	-0.29919112866812675	0.04156236515595431	0.131777	-0.1927549428560742	-0.11132887440376617	0.05353447987598726	-0.29919112866812675	-0.0767649356459349	0.08314869325717253	-0.22648221028054008	0.202055152717475	0.0	0.0	0.13230113718202396	-z	+y	-z	False	True	False	False	False	False
box004_083_p2	box004	e091_box004_20231003_2_083_p2	E092_C1_WORK	66	82	right	True	False	0.04403161599303618	0.131777	-0.1930864073136539	-0.11287007974253932	0.05603301244555926	-0.3002315074120444	0.04403161599303618	0.131777	-0.1930864073136539	-0.11287007974253932	0.05603301244555926	-0.3002315074120444	-0.07671867542423133	0.08663815479689796	-0.2287146874519627	0.2045369557083524	0.0	0.0	0.13374424312559566	-z	+y	-z	False	True	False	False	False	False
box004_083_p2	box004	e091_box004_20231003_2_083_p2	E092_C1_WORK	67	83	right	True	False	0.051562702136014923	0.131777	-0.19416325710165963	-0.11359796271796377	0.06747566959821547	-0.29806875190196175	0.051562702136014923	0.131777	-0.19416325710165963	-0.11359796271796377	0.06747566959821547	-0.29806875190196175	-0.07305613436404201	0.09566488450558032	-0.22792616407999888	0.2054484318658659	0.0	0.0	0.134066674396504	-z	+y	-z	False	True	False	False	False	False
box004_083_p2	box004	e091_box004_20231003_2_083_p2	E092_C1_WORK	68	84	right	True	False	0.049251199731911874	0.131777	-0.19596672184528205	-0.11335651368661924	0.07254657922422422	-0.29737419223484757	0.049251199731911874	0.131777	-0.19596672184528205	-0.11335651368661924	0.07254657922422422	-0.29737419223484757	-0.06808502827399776	0.10068199374627015	-0.2301644803775448	0.20058161994382537	0.0	0.0	0.12611176196217885	-z	+y	-z	False	True	False	False	False	False
box004_083_p2	box004	e091_box004_20231003_2_083_p2	E092_C1_WORK	69	85	right	True	False	0.04800215213135359	0.131777	-0.19518379832218255	-0.12009396068673066	0.06979370618659209	-0.2989047645380942	0.04800215213135359	0.131777	-0.19518379832218255	-0.12009396068673066	0.06979370618659209	-0.2989047645380942	-0.07296576003829354	0.09849490698745592	-0.23322807090965877	0.2070175613064545	0.0	0.0	0.1311041577017651	-z	+y	-z	False	True	False	False	False	False
box004_083_p2	box004	e091_box004_20231003_2_083_p2	E092_C1_WORK	70	86	right	True	False	0.05599980513311519	0.131777	-0.1950933626156204	-0.13297100616587126	0.07601416729866997	-0.2961534084079624	0.05599980513311519	0.131777	-0.1950933626156204	-0.13297100616587126	0.07601416729866997	-0.2961534084079624	-0.08288819076621079	0.09901273104713958	-0.23041885146197438	0.2214330460645473	0.0	0.0	0.14700769669367808	-z	+y	-z	False	True	False	False	False	False
box004_083_p2	box004	e091_box004_20231003_2_083_p2	E092_C1_WORK	71	87	right	True	False	0.05603663587227754	0.131777	-0.19662301689678352	-0.13302524370385263	0.08891362307066221	-0.2919120729247765	0.05603663587227754	0.131777	-0.19662301689678352	-0.13302524370385263	0.08891362307066221	-0.2919120729247765	-0.08128959754896853	0.10676542297487995	-0.22585913607219876	0.2160131190213956	0.0	0.0	0.14261424906154768	-z	+y	-z	False	True	False	False	False	False
box004_083_p2	box004	e091_box004_20231003_2_083_p2	E092_C1_WORK	72	88	right	True	False	0.05093701606466167	0.131777	-0.19826407270494925	-0.13405892989554397	0.09319284043816295	-0.2884336485797487	0.05093701606466167	0.131777	-0.19826407270494925	-0.13405892989554397	0.09319284043816295	-0.2884336485797487	-0.07982091933265922	0.10694913172782304	-0.22341628959102428	0.20938669920567027	0.0	0.0	0.135449971305256	-z	+y	-z	False	True	False	False	False	False
box004_083_p2	box004	e091_box004_20231003_2_083_p2	E092_C1_WORK	73	89	right	True	False	0.05588296904572978	0.131777	-0.20082229560061288	-0.1352418834684819	0.10497313860166049	-0.2846762558394388	0.05588296904572978	0.131777	-0.20082229560061288	-0.1352418834684819	0.10497313860166049	-0.2846762558394388	-0.07836411454089554	0.11419428425861715	-0.22112986188724423	0.21042491031761226	0.0	0.0	0.13690810272895673	-z	+y	-z	False	True	False	False	False	False
box004_083_p2	box004	e091_box004_20231003_2_083_p2	E092_C1_WORK	74	90	right	True	False	0.06318984518686581	0.131777	-0.1984982536154768	-0.1531183245828434	0.11306269209104526	-0.27958713782114625	0.06318984518686581	0.131777	-0.1984982536154768	-0.1531183245828434	0.11306269209104526	-0.27958713782114625	-0.09278968711982397	0.1156875758886876	-0.21866243185846904	0.23176465815855743	0.0	0.0	0.1580983179893528	-z	+y	-z	False	True	False	False	False	False
box004_083_p2	box004	e091_box004_20231003_2_083_p2	E092_C1_WORK	75	91	right	True	False	0.0734992311213268	0.131777	-0.1961299502802216	-0.1662423794455489	0.12221846507772025	-0.27424479419832115	0.0734992311213268	0.131777	-0.1961299502802216	-0.1662423794455489	0.12221846507772025	-0.27424479419832115	-0.10061321929312983	0.11583995645883563	-0.21937784353381667	0.2523278309410379	0.0	0.0	0.17637913506673666	-z	+y	-z	False	True	False	False	False	False
box004_083_p2	box004	e091_box004_20231003_2_083_p2	E092_C1_WORK	76	92	right	True	False	0.06571269439250119	0.131777	-0.19652413625862108	-0.1865977719769849	0.12338841260264803	-0.22577374870718603	0.06571269439250119	0.131777	-0.19652413625862108	-0.1865977719769849	0.12338841260264803	-0.22577374870718603	-0.12167008702466672	0.12584365671712963	-0.1697681970823243	0.2541387016306289	0.0	0.0	0.18937632274218497	-x	+y	-x	False	True	False	False	False	False
box004_083_p2	box004	e091_box004_20231003_2_083_p2	E092_C1_WORK	77	93	right	True	False	0.06468436883064443	0.131777	-0.19897539358171362	-0.18670292357967508	0.12387958748853654	-0.2160411891348034	0.06468436883064443	0.131777	-0.19897539358171362	-0.18670292357967508	0.12387958748853654	-0.2160411891348034	-0.12324345729422886	0.12853956356038268	-0.1615425869865075	0.2520896294725897	0.0	0.0	0.1916469771123857	-x	+y	-x	False	True	False	False	False	False
box004_083_p2	box004	e091_box004_20231003_2_083_p2	E092_C1_WORK	78	94	right	True	False	0.06763691947816063	0.131777	-0.20088650221746085	-0.18734030751243635	0.12585910432230632	-0.21240754165435266	0.06763691947816063	0.131777	-0.20088650221746085	-0.18734030751243635	0.12585910432230632	-0.21240754165435266	-0.1279907230350082	0.13158436151058409	-0.1692267082620408	0.2553059774521014	0.0	0.0	0.1981730409973754	-x	+y	-x	False	True	False	False	False	False
box004_083_p2	box004	e091_box004_20231003_2_083_p2	E092_C1_WORK	79	95	right	True	False	0.06296144604142836	0.131777	-0.20252037740705098	-0.18740335362588842	0.12450094051574752	-0.2087804697935584	0.06296144604142836	0.131777	-0.20252037740705098	-0.18740335362588842	0.12450094051574752	-0.2087804697935584	-0.13244274509117177	0.13000401294779124	-0.18121927403473034	0.25054872322716326	0.0	0.0	0.1965697799768604	-x	+y	-x	False	True	False	False	False	False
box004_083_p2	box004	e091_box004_20231003_2_083_p2	E092_C1_WORK	80	96	right	True	False	0.06098668283436994	0.131777	-0.1973954273505982	-0.1902699781270611	0.12438575834132079	-0.20302416144245988	0.06098668283436994	0.131777	-0.1973954273505982	-0.1902699781270611	0.12438575834132079	-0.20302416144245988	-0.13673452798953178	0.13130467241230126	-0.18170938000082798	0.2514283651027095	0.0	0.0	0.19834301697937118	-x	+y	-x	False	True	False	False	False	False
box004_083_p2	box004	e091_box004_20231003_2_083_p2	E092_C1_WORK	81	97	right	True	False	0.07487849354160732	0.131777	-0.19015793484801471	-0.1912532976354339	0.129227443248044	-0.1941172466015805	0.07487849354160732	0.131777	-0.19015793484801471	-0.1912532976354339	0.129227443248044	-0.1941172466015805	-0.13834729862069606	0.13598303450527768	-0.17721769206954474	0.266173452215456	0.0	0.0	0.213659493242559	-x	+y	-x	False	True	False	False	False	False
box004_083_p2	box004	e091_box004_20231003_2_083_p2	E092_C1_WORK	82	98	right	True	False	0.07005825397969119	0.131777	-0.1968835601476806	-0.18865374617142278	0.1297705946766634	-0.19361666125345245	0.07005825397969119	0.131777	-0.1968835601476806	-0.18865374617142278	0.1297705946766634	-0.19361666125345245	-0.13701960891616316	0.13183456475499822	-0.19552884619180508	0.25874040525765707	0.0	0.0	0.20708230215331658	-x	+y	-x	False	True	False	False	False	False
box004_083_p2	box004	e091_box004_20231003_2_083_p2	E092_C1_WORK	83	99	right	True	False	0.08076586632861592	0.131777	-0.19729558265269095	-0.19200877516018552	0.1327374553068847	-0.19296601018844045	0.08076586632861592	0.131777	-0.19729558265269095	-0.19200877516018552	0.1327374553068847	-0.19296601018844045	-0.14018971368822947	0.1324989688193862	-0.20124265541551745	0.2728106902441029	0.0	0.0	0.22099201108400227	-x	+y	-x	False	True	False	False	False	False
box004_083_p2	box004	e091_box004_20231003_2_083_p2	E092_C1_WORK	84	100	right	True	False	0.08251352555563063	0.131777	-0.20843963889982897	-0.19519071196001994	0.12206952361871012	-0.20857514621480833	0.08251352555563063	0.131777	-0.20843963889982897	-0.19519071196001994	0.12206952361871012	-0.20857514621480833	-0.14321767651720307	0.12130633906957682	-0.21482176716359436	0.2778738868517057	0.0	0.0	0.22606402166364625	-x	+y	-x	False	True	False	False	False	False
box004_083_p2	box004	e091_box004_20231003_2_083_p2	E092_C1_WORK	85	101	right	True	False	0.05493990582410625	0.131777	-0.19861060930520552	-0.19780735471917338	0.11441311468850826	-0.2063228838970459	0.05493990582410625	0.131777	-0.19861060930520552	-0.19780735471917338	0.11441311468850826	-0.2063228838970459	-0.145954927593294	0.11259604441419233	-0.2069815211978009	0.25346037442689745	0.0	0.0	0.2019819678013444	-x	+y	-x	False	True	False	False	False	False
box004_083_p2	box004	e091_box004_20231003_2_083_p2	E092_C1_WORK	86	102	right	True	False	0.11862835178767511	0.131777	-0.21974220796800487	-0.21975879142693655	0.15758075066447674	-0.23304697853030468	0.11862835178767511	0.131777	-0.20859499999999997	0.1186283517876752	0.131777	-0.20859500000000009	-0.16667558750410874	0.15281830909251717	-0.24378552021338726	0.33963025360090643	0.01114720796800489	0.34024930785432483	0.2882350554263405	-x	+y	+y	False	True	True	False	False	False
box004_083_p2	box004	e091_box004_20231003_2_083_p2	E092_C1_WORK	87	103	right	False	False	nan	nan	nan	-0.22668835699492734	0.16938313035906769	-0.3024037230112658	-0.22668835699492734	0.16938313035906769	-0.3024037230112658	-0.22668835699492734	0.16938313035906769	-0.3024037230112658	-0.22668835699492734	0.16938313035906769	-0.3024037230112658	nan	nan	0.0	0.0	-z	-z	-z	False	False	False	False	False	False
box004_083_p2	box004	e091_box004_20231003_2_083_p2	E092_C1_WORK	88	104	right	False	False	nan	nan	nan	-0.22624443309823278	0.16819186770199346	-0.36038830866849353	-0.22624443309823278	0.16819186770199346	-0.36038830866849353	-0.22624443309823278	0.16819186770199346	-0.36038830866849353	-0.22624443309823278	0.16819186770199346	-0.36038830866849353	nan	nan	0.0	0.0	-z	-z	-z	False	False	False	False	False	False
box004_083_p2	box004	e091_box004_20231003_2_083_p2	E092_C1_WORK	89	105	right	False	False	nan	nan	nan	-0.22699635633526694	0.17710116438667256	-0.4242524983898198	-0.22699635633526694	0.17710116438667256	-0.4242524983898198	-0.22699635633526694	0.17710116438667256	-0.4242524983898198	-0.22699635633526694	0.17710116438667256	-0.4242524983898198	nan	nan	0.0	0.0	-z	-z	-z	False	False	False	False	False	False
box004_083_p2	box004	e091_box004_20231003_2_083_p2	E092_C1_WORK	90	106	right	False	False	nan	nan	nan	-0.2320501740686233	0.20472986395740167	-0.47767700140415736	-0.2320501740686233	0.20472986395740167	-0.47767700140415736	-0.2320501740686233	0.20472986395740167	-0.47767700140415736	-0.2320501740686233	0.20472986395740167	-0.47767700140415736	nan	nan	0.0	0.0	-z	-z	-z	False	False	False	False	False	False
box004_083_p2	box004	e091_box004_20231003_2_083_p2	E092_C1_WORK	91	107	right	False	False	nan	nan	nan	-0.22285502443743369	0.2410429240303073	-0.5145801658303759	-0.22285502443743369	0.2410429240303073	-0.5145801658303759	-0.22285502443743369	0.2410429240303073	-0.5145801658303759	-0.22285502443743369	0.2410429240303073	-0.5145801658303759	nan	nan	0.0	0.0	-z	-z	-z	False	False	False	False	False	False
box004_083_p2	box004	e091_box004_20231003_2_083_p2	E092_C1_WORK	92	108	right	False	False	nan	nan	nan	-0.21271489237315327	0.2950644363611195	-0.5420670774411469	-0.21271489237315327	0.2950644363611195	-0.5420670774411469	-0.21271489237315327	0.2950644363611195	-0.5420670774411469	-0.21271489237315327	0.2950644363611195	-0.5420670774411469	nan	nan	0.0	0.0	-z	-z	-z	False	False	False	False	False	False
box004_083_p2	box004	e091_box004_20231003_2_083_p2	E092_C1_WORK	93	109	right	False	False	nan	nan	nan	-0.20603087805691753	0.34844586937820454	-0.5588501649436258	-0.20603087805691753	0.34844586937820454	-0.5588501649436258	-0.20603087805691753	0.34844586937820454	-0.5588501649436258	-0.20603087805691753	0.34844586937820454	-0.5588501649436258	nan	nan	0.0	0.0	+y	+y	+y	True	True	True	False	False	False
box004_083_p2	box004	e091_box004_20231003_2_083_p2	E092_C1_WORK	94	110	right	False	False	nan	nan	nan	-0.20226881182125495	0.39899895015075804	-0.5657032599228448	-0.20226881182125495	0.39899895015075804	-0.5657032599228448	-0.20226881182125495	0.39899895015075804	-0.5657032599228448	-0.20226881182125495	0.39899895015075804	-0.5657032599228448	nan	nan	0.0	0.0	+y	+y	+y	True	True	True	False	False	False
box004_083_p2	box004	e091_box004_20231003_2_083_p2	E092_C1_WORK	95	111	right	False	False	nan	nan	nan	-0.20322147879745486	0.4396539660803094	-0.5702863110569726	-0.20322147879745486	0.4396539660803094	-0.5702863110569726	-0.20322147879745486	0.4396539660803094	-0.5702863110569726	-0.20322147879745486	0.4396539660803094	-0.5702863110569726	nan	nan	0.0	0.0	+y	+y	+y	True	True	True	False	False	False
box004_083_p2	box004	e091_box004_20231003_2_083_p2	E092_C1_WORK	96	112	right	False	False	nan	nan	nan	-0.20488618297046896	0.47501813407185406	-0.5668658301456302	-0.20488618297046896	0.47501813407185406	-0.5668658301456302	-0.20488618297046896	0.47501813407185406	-0.5668658301456302	-0.20488618297046896	0.47501813407185406	-0.5668658301456302	nan	nan	0.0	0.0	+y	+y	+y	True	True	True	False	False	False
box004_083_p2	box004	e091_box004_20231003_2_083_p2	E092_C1_WORK	97	113	right	False	False	nan	nan	nan	-0.20290788760042086	0.5028060253205479	-0.5654219279441677	-0.20290788760042086	0.5028060253205479	-0.5654219279441677	-0.20290788760042086	0.5028060253205479	-0.5654219279441677	-0.20290788760042086	0.5028060253205479	-0.5654219279441677	nan	nan	0.0	0.0	+y	+y	+y	True	True	True	False	False	False
box004_083_p2	box004	e091_box004_20231003_2_083_p2	E092_C1_WORK	98	114	right	False	False	nan	nan	nan	-0.19424104408879578	0.5395206960676864	-0.5650053630769667	-0.19424104408879578	0.5395206960676864	-0.5650053630769667	-0.19424104408879578	0.5395206960676864	-0.5650053630769667	-0.19424104408879578	0.5395206960676864	-0.5650053630769667	nan	nan	0.0	0.0	+y	+y	+y	True	True	True	False	False	False
box004_083_p2	box004	e091_box004_20231003_2_083_p2	E092_C1_WORK	99	115	right	False	False	nan	nan	nan	-0.1889974950986426	0.5592543774795541	-0.5669047747996969	-0.1889974950986426	0.5592543774795541	-0.5669047747996969	-0.1889974950986426	0.5592543774795541	-0.5669047747996969	-0.1889974950986426	0.5592543774795541	-0.5669047747996969	nan	nan	0.0	0.0	+y	+y	+y	True	True	True	False	False	False
box004_083_p2	box004	e091_box004_20231003_2_083_p2	E092_C1_WORK	100	116	right	False	False	nan	nan	nan	-0.1798169402605988	0.5718528458306418	-0.5734639819778027	-0.1798169402605988	0.5718528458306418	-0.5734639819778027	-0.1798169402605988	0.5718528458306418	-0.5734639819778027	-0.1798169402605988	0.5718528458306418	-0.5734639819778027	nan	nan	0.0	0.0	+y	+y	+y	True	True	True	False	False	False
box004_083_p2	box004	e091_box004_20231003_2_083_p2	E092_C1_WORK	101	117	right	False	False	nan	nan	nan	-0.16752611103664028	0.5846672613088455	-0.6004308132207834	-0.16752611103664028	0.5846672613088455	-0.6004308132207834	-0.16752611103664028	0.5846672613088455	-0.6004308132207834	-0.16752611103664028	0.5846672613088455	-0.6004308132207834	nan	nan	0.0	0.0	+y	+y	+y	True	True	True	False	False	False
box004_083_p2	box004	e091_box004_20231003_2_083_p2	E092_C1_WORK	102	118	right	False	False	nan	nan	nan	-0.16040188222487295	0.5923092203563206	-0.6059080711380855	-0.16040188222487295	0.5923092203563206	-0.6059080711380855	-0.16040188222487295	0.5923092203563206	-0.6059080711380855	-0.16040188222487295	0.5923092203563206	-0.6059080711380855	nan	nan	0.0	0.0	+y	+y	+y	True	True	True	False	False	False
box004_083_p2	box004	e091_box004_20231003_2_083_p2	E092_C1_WORK	103	119	right	False	False	nan	nan	nan	-0.15583995482486604	0.5923682938421221	-0.6180310993299041	-0.15583995482486604	0.5923682938421221	-0.6180310993299041	-0.15583995482486604	0.5923682938421221	-0.6180310993299041	-0.15583995482486604	0.5923682938421221	-0.6180310993299041	nan	nan	0.0	0.0	+y	+y	+y	True	True	True	False	False	False
box004_083_p2	box004	e091_box004_20231003_2_083_p2	E092_C1_WORK	104	120	right	False	False	nan	nan	nan	-0.15578479239162188	0.5848842943198934	-0.6374013994370331	-0.15578479239162188	0.5848842943198934	-0.6374013994370331	-0.15578479239162188	0.5848842943198934	-0.6374013994370331	-0.15578479239162188	0.5848842943198934	-0.6374013994370331	nan	nan	0.0	0.0	+y	+y	+y	True	True	True	False	False	False
box021_d003_029_p2	box021	d003_box021_20231018_029_p2	known_D003_fail	0	59	left	False	False	nan	nan	nan	-0.35978318024276923	0.4904612351915644	-0.2559643166144309	-0.35978318024276923	0.4904612351915644	-0.2559643166144309	-0.35978318024276923	0.4904612351915644	-0.2559643166144309	-0.35978318024276923	0.4904612351915644	-0.2559643166144309	nan	nan	0.0	0.0	+y	+y	+y	True	True	True	False	False	False
box021_d003_029_p2	box021	d003_box021_20231018_029_p2	known_D003_fail	1	60	left	False	False	nan	nan	nan	-0.3621667142209067	0.4939626032896875	-0.25054795733667656	-0.3621667142209067	0.4939626032896875	-0.25054795733667656	-0.3621667142209067	0.4939626032896875	-0.25054795733667656	-0.3621667142209067	0.4939626032896875	-0.25054795733667656	nan	nan	0.0	0.0	+y	+y	+y	True	True	True	False	False	False
box021_d003_029_p2	box021	d003_box021_20231018_029_p2	known_D003_fail	2	61	left	False	False	nan	nan	nan	-0.3720975775398007	0.49156725502191567	-0.24904583460196958	-0.3720975775398007	0.49156725502191567	-0.24904583460196958	-0.3720975775398007	0.49156725502191567	-0.24904583460196958	-0.3720975775398007	0.49156725502191567	-0.24904583460196958	nan	nan	0.0	0.0	+y	+y	+y	True	True	True	False	False	False
box021_d003_029_p2	box021	d003_box021_20231018_029_p2	known_D003_fail	3	62	left	False	False	nan	nan	nan	-0.38574838510287196	0.49190839043767526	-0.24457776662794073	-0.38574838510287196	0.49190839043767526	-0.24457776662794073	-0.38574838510287196	0.49190839043767526	-0.24457776662794073	-0.38574838510287196	0.49190839043767526	-0.24457776662794073	nan	nan	0.0	0.0	-x	-x	-x	False	False	False	False	False	False
box021_d003_029_p2	box021	d003_box021_20231018_029_p2	known_D003_fail	4	63	left	False	False	nan	nan	nan	-0.39128854223914583	0.4896103889556638	-0.24382093396784402	-0.39128854223914583	0.4896103889556638	-0.24382093396784402	-0.39128854223914583	0.4896103889556638	-0.24382093396784402	-0.39128854223914583	0.4896103889556638	-0.24382093396784402	nan	nan	0.0	0.0	-x	-x	-x	False	False	False	False	False	False
box021_d003_029_p2	box021	d003_box021_20231018_029_p2	known_D003_fail	5	64	left	False	False	nan	nan	nan	-0.3902955398991373	0.48758328299592385	-0.2452610427520378	-0.3902955398991373	0.48758328299592385	-0.2452610427520378	-0.3902955398991373	0.48758328299592385	-0.2452610427520378	-0.3902955398991373	0.48758328299592385	-0.2452610427520378	nan	nan	0.0	0.0	-x	-x	-x	False	False	False	False	False	False
box021_d003_029_p2	box021	d003_box021_20231018_029_p2	known_D003_fail	6	65	left	False	False	nan	nan	nan	-0.3919199745975248	0.4813704719262862	-0.25019304646666807	-0.3919199745975248	0.4813704719262862	-0.25019304646666807	-0.3919199745975248	0.4813704719262862	-0.25019304646666807	-0.3919199745975248	0.4813704719262862	-0.25019304646666807	nan	nan	0.0	0.0	-x	-x	-x	False	False	False	False	False	False
box021_d003_029_p2	box021	d003_box021_20231018_029_p2	known_D003_fail	7	66	left	False	False	nan	nan	nan	-0.38628917605864205	0.4779152156788146	-0.24964409278430552	-0.38628917605864205	0.4779152156788146	-0.24964409278430552	-0.38628917605864205	0.4779152156788146	-0.24964409278430552	-0.38628917605864205	0.4779152156788146	-0.24964409278430552	nan	nan	0.0	0.0	-x	-x	-x	False	False	False	False	False	False
box021_d003_029_p2	box021	d003_box021_20231018_029_p2	known_D003_fail	8	67	left	False	False	nan	nan	nan	-0.3773233289296535	0.4740151863564875	-0.24888961411201962	-0.3773233289296535	0.4740151863564875	-0.24888961411201962	-0.3773233289296535	0.4740151863564875	-0.24888961411201962	-0.3773233289296535	0.4740151863564875	-0.24888961411201962	nan	nan	0.0	0.0	-x	-x	-x	False	False	False	False	False	False
box021_d003_029_p2	box021	d003_box021_20231018_029_p2	known_D003_fail	9	68	left	False	False	nan	nan	nan	-0.3528815551546218	0.46931182986885905	-0.2471997225256499	-0.3528815551546218	0.46931182986885905	-0.2471997225256499	-0.3528815551546218	0.46931182986885905	-0.2471997225256499	-0.3528815551546218	0.46931182986885905	-0.2471997225256499	nan	nan	0.0	0.0	+y	+y	+y	True	True	True	False	False	False
box021_d003_029_p2	box021	d003_box021_20231018_029_p2	known_D003_fail	10	69	left	False	False	nan	nan	nan	-0.3357674562318908	0.46728415721546845	-0.2492561085326633	-0.3357674562318908	0.46728415721546845	-0.2492561085326633	-0.3357674562318908	0.46728415721546845	-0.2492561085326633	-0.3357674562318908	0.46728415721546845	-0.2492561085326633	nan	nan	0.0	0.0	+y	+y	+y	True	True	True	False	False	False
box021_d003_029_p2	box021	d003_box021_20231018_029_p2	known_D003_fail	11	70	left	False	False	nan	nan	nan	-0.32701889826083136	0.45269996846044247	-0.2584192727060746	-0.32701889826083136	0.45269996846044247	-0.2584192727060746	-0.32701889826083136	0.45269996846044247	-0.2584192727060746	-0.32701889826083136	0.45269996846044247	-0.2584192727060746	nan	nan	0.0	0.0	+y	+y	+y	True	True	True	False	False	False
box021_d003_029_p2	box021	d003_box021_20231018_029_p2	known_D003_fail	12	71	left	False	False	nan	nan	nan	-0.3213932761316769	0.4259648304906139	-0.2663431093726344	-0.3213932761316769	0.4259648304906139	-0.2663431093726344	-0.3213932761316769	0.4259648304906139	-0.2663431093726344	-0.3213932761316769	0.4259648304906139	-0.2663431093726344	nan	nan	0.0	0.0	+y	+y	+y	True	True	True	False	False	False
box021_d003_029_p2	box021	d003_box021_20231018_029_p2	known_D003_fail	13	72	left	False	False	nan	nan	nan	-0.30670288285720476	0.36087738953076487	-0.2726341310255005	-0.30670288285720476	0.36087738953076487	-0.2726341310255005	-0.30670288285720476	0.36087738953076487	-0.2726341310255005	-0.30670288285720476	0.36087738953076487	-0.2726341310255005	nan	nan	0.0	0.0	-x	-x	-x	False	False	False	False	False	False
box021_d003_029_p2	box021	d003_box021_20231018_029_p2	known_D003_fail	14	73	left	False	False	nan	nan	nan	-0.28939844734188214	0.28907396726237955	-0.27976539525732863	-0.28939844734188214	0.28907396726237955	-0.27976539525732863	-0.28939844734188214	0.28907396726237955	-0.27976539525732863	-0.28939844734188214	0.28907396726237955	-0.27976539525732863	nan	nan	0.0	0.0	-x	-x	-x	False	False	False	False	False	False
box021_d003_029_p2	box021	d003_box021_20231018_029_p2	known_D003_fail	15	74	left	False	False	nan	nan	nan	-0.25593216353997916	0.21988125064126204	-0.2855967982672707	-0.25593216353997916	0.21988125064126204	-0.2855967982672707	-0.25593216353997916	0.21988125064126204	-0.2855967982672707	-0.25593216353997916	0.21988125064126204	-0.2855967982672707	nan	nan	0.0	0.0	-x	-x	-x	False	False	False	False	False	False
box021_d003_029_p2	box021	d003_box021_20231018_029_p2	known_D003_fail	16	75	left	True	False	0.1596	0.19529137832388474	-0.2367688243523442	-0.2045627677635581	0.15649826445990492	-0.2938244413458795	0.1446	0.2089	-0.2367688243523442	0.14459999999999998	0.20889999999999997	-0.23676882435234411	-0.1305744029633897	0.1556810679456049	-0.28206316822582916	0.3706410265189107	0.02025326106886577	0.3576533569120182	0.2839098173050692	-x	+y	+y	False	True	True	False	False	False
box021_d003_029_p2	box021	d003_box021_20231018_029_p2	known_D003_fail	17	76	left	True	False	0.114505064270534	0.2089	-0.23845057909218506	-0.17702112174192602	0.11877179791041485	-0.2931006913986044	0.114505064270534	0.2089	-0.23845057909218506	0.11450506427053396	0.20890000000000003	-0.23845057909218506	-0.11080366358713424	0.14831569695973104	-0.27520244369991836	0.3099955559648828	0.0	0.30999555596488276	0.23618886547816162	-x	+y	+y	False	True	True	False	False	False
box021_d003_029_p2	box021	d003_box021_20231018_029_p2	known_D003_fail	18	77	left	True	False	0.09776091062420289	0.2089	-0.231587172409642	-0.18502353773881663	0.10434289757727461	-0.28864244375861337	0.09776091062420289	0.2089	-0.231587172409642	0.09776091062420286	0.2089	-0.23158717240964194	-0.11844696799549476	0.13195705507560326	-0.2690730882998507	0.3068461110910782	0.0	0.3068461110910782	0.2325322718269369	-x	+y	+y	False	True	True	False	False	False
box021_d003_029_p2	box021	d003_box021_20231018_029_p2	known_D003_fail	19	78	left	True	False	0.10168339704744243	0.2089	-0.22788592027325208	-0.17262853425448602	0.10314627072674985	-0.29051006202132723	0.10168339704744243	0.2089	-0.22788592027325208	0.10168339704744243	0.20890000000000006	-0.22788592027325208	-0.10691508892057595	0.13189984939089072	-0.2697034327279127	0.3005872087090148	0.0	0.3005872087090148	0.22625440523859588	-z	+y	+y	False	True	True	False	False	False
box021_d003_029_p2	box021	d003_box021_20231018_029_p2	known_D003_fail	20	79	left	True	False	0.10054103127204032	0.2089	-0.22568833449585735	-0.17389480516804356	0.09787234934467968	-0.291023353791846	0.10054103127204032	0.2089	-0.22568833449585735	0.10054103127204038	0.20890000000000017	-0.22568833449585754	-0.10964158172050936	0.12886600796733322	-0.2689132337563291	0.303167993493732	0.0	0.30316799349373214	0.2290208780900528	-z	+y	+y	False	True	True	False	False	False
box021_d003_029_p2	box021	d003_box021_20231018_029_p2	known_D003_fail	21	80	left	True	False	0.09634519059597219	0.2089	-0.2256930977454087	-0.17568840031779412	0.08362398322155169	-0.29028971202132575	0.09634519059597219	0.2089	-0.2256930977454087	0.09634519059597219	0.20890000000000003	-0.2256930977454088	-0.11468026280209818	0.11928729312998716	-0.26612203754813507	0.3063806089510628	0.0	0.3063806089510628	0.23280180065455786	-x	+y	+y	False	True	True	False	False	False
box021_d003_029_p2	box021	d003_box021_20231018_029_p2	known_D003_fail	22	81	left	True	False	0.09560048810479836	0.1702208832756273	-0.2647	-0.1632395734271898	0.08326979923085681	-0.29237905409180426	0.09560048810479836	0.2089	-0.24969999999999998	-0.1632395734271898	0.08326979923085681	-0.29237905409180426	-0.09213184340413842	0.09934516363118254	-0.27141715919313386	0.27445363635022435	0.04148582975640778	0.0	0.2184429570139528	-z	+y	-z	False	True	False	False	False	False
box021_d003_029_p2	box021	d003_box021_20231018_029_p2	known_D003_fail	23	82	left	True	False	0.09530238640007105	0.16595646502001687	-0.2647	-0.1522112236599644	0.07608819696109624	-0.2935794144194275	0.09530238640007105	0.2089	-0.24969999999999998	-0.1522112236599644	0.07608819696109624	-0.2935794144194275	-0.07057823798963477	0.083275930800897	-0.2747418586251088	0.26490246006043494	0.04548787966675337	0.0	0.20958264000975754	-z	+y	-z	False	True	False	False	False	False
box021_d003_029_p2	box021	d003_box021_20231018_029_p2	known_D003_fail	24	83	left	True	False	0.11385971660695667	0.18267995545392862	-0.2647	-0.16272990018350542	0.08784571759921837	-0.2957519664139175	0.11385971660695667	0.2089	-0.24969999999999998	-0.16272990018350542	0.08784571759921837	-0.2957519664139175	-0.06890246545840877	0.07719614382530698	-0.27939036234537673	0.29404008808995663	0.030207461594744568	0.0	0.22722112256737437	-z	+y	-z	False	True	False	False	False	False
box021_d003_029_p2	box021	d003_box021_20231018_029_p2	known_D003_fail	25	84	left	True	False	0.09952057707387515	0.16911359303779835	-0.2647	-0.1582559548222637	0.08121130272094396	-0.29455675118759117	0.09952057707387515	0.2089	-0.24969999999999998	-0.1582559548222637	0.08121130272094396	-0.29455675118759117	-0.09759953494891324	0.11150311415870322	-0.26593032166168623	0.27398353715292345	0.0425200914740541	0.0	0.22046749256228465	-z	+y	-z	False	True	False	False	False	False
box021_d003_029_p2	box021	d003_box021_20231018_029_p2	known_D003_fail	26	85	left	True	False	0.09899465605015764	0.2089	-0.22780894029556892	-0.18148883570173252	0.07823407862851074	-0.2916941464230037	0.09899465605015764	0.2089	-0.22780894029556892	0.09899465605015766	0.2089	-0.2278089402955689	-0.11690778141235696	0.10499472868698777	-0.26540544083444784	0.31595235671717603	0.0	0.31595235671717614	0.2425359040671208	-x	+y	+y	False	True	True	False	False	False
box021_d003_029_p2	box021	d003_box021_20231018_029_p2	known_D003_fail	27	86	left	True	False	0.08792171126564303	0.2089	-0.22960667351877953	-0.197007959970052	0.07340988982529968	-0.2854775091453298	0.08792171126564303	0.2089	-0.22960667351877953	0.08792171126564306	0.20890000000000006	-0.22960667351877956	-0.1282897846082205	0.09725458925877563	-0.2685310142254632	0.3204122934271447	0.0	0.3204122934271448	0.24642892076020703	-x	+y	+y	False	True	True	False	False	False
box021_d003_029_p2	box021	d003_box021_20231018_029_p2	known_D003_fail	28	87	left	True	False	0.09308797561922016	0.2089	-0.23258319071149294	-0.20695788054479738	0.07659601953098708	-0.27742463702593867	0.09308797561922016	0.2089	-0.23258319071149294	0.09308797561922014	0.20890000000000003	-0.23258319071149297	-0.13792866736514386	0.10422421221798699	-0.27038249936403125	0.3309722259596938	0.0	0.3309722259596937	0.2564263980524626	-x	+y	+y	False	True	True	False	False	False
box021_d003_029_p2	box021	d003_box021_20231018_029_p2	known_D003_fail	29	88	left	True	False	0.09207509061205493	0.2089	-0.23261350204518058	-0.21502484788792842	0.0857182302490744	-0.26857253138433446	0.09207509061205493	0.2089	-0.23261350204518058	0.09207509061205492	0.2089	-0.23261350204518058	-0.1460779035688469	0.11423078189007668	-0.2719332268751453	0.3328320483617492	0.0	0.3328320483617492	0.25927813300696423	-x	+y	+y	False	True	True	False	False	False
box021_d003_029_p2	box021	d003_box021_20231018_029_p2	known_D003_fail	30	89	left	True	False	0.08647804266787248	0.2089	-0.22796408129667198	-0.2178475023746101	0.08966365746214518	-0.26324835535353663	0.08647804266787248	0.2089	-0.22796408129667198	0.08647804266787247	0.20890000000000009	-0.22796408129667195	-0.15026161840631228	0.11996083622811694	-0.27284888936200935	0.3287496353502596	0.0	0.32874963535025964	0.2568472074464192	-x	+y	+y	False	True	True	False	False	False
box021_d003_029_p2	box021	d003_box021_20231018_029_p2	known_D003_fail	31	90	left	True	False	0.09209818824065627	0.2089	-0.23167216545257976	-0.21749286430816622	0.10160142070164185	-0.26127239734294533	0.09209818824065627	0.2089	-0.23167216545257976	0.0920981882406563	0.2089000000000001	-0.23167216545257988	-0.15378562489022513	0.1276268437871545	-0.2472704028453447	0.3289920647457887	0.0	0.3289920647457888	0.25943685260644994	-x	+y	+y	False	True	True	False	False	False
box021_d003_029_p2	box021	d003_box021_20231018_029_p2	known_D003_fail	32	91	left	True	False	0.08855109507242719	0.16849229295843143	-0.2647	-0.21803702319193316	0.10006143966983021	-0.25794922143300764	0.08855109507242719	0.2089	-0.24969999999999998	0.08855109507242723	0.20889999999999995	-0.24969999999999995	-0.14795628880008463	0.12067293095165724	-0.22472379363125214	0.31420475641522044	0.04310200445869346	0.3254384060461768	0.25366034223672995	-x	+y	+y	False	True	True	False	False	False
box021_d003_029_p2	box021	d003_box021_20231018_029_p2	known_D003_fail	33	92	left	True	False	0.09902526507070922	0.2089	-0.2313874418261953	-0.22014643870527015	0.11464177783918462	-0.2528686057290932	0.09902526507070922	0.2089	-0.2313874418261953	0.09902526507070923	0.20890000000000006	-0.2313874418261953	-0.12781718825523675	0.11081631469749798	-0.24711465854940073	0.33349157311512734	0.0	0.33349157311512734	0.24763936136913473	-x	+y	+y	False	True	True	False	False	False
box021_d003_029_p2	box021	d003_box021_20231018_029_p2	known_D003_fail	34	93	left	True	False	0.10412584293838907	0.16650532749884006	-0.2647	-0.20399127200369738	0.13746993403367555	-0.25967404354735074	0.10412584293838907	0.2089	-0.24969999999999998	0.10412584293838915	0.20890000000000009	-0.2497000000000001	-0.09901937455397328	0.11384601576877271	-0.26926321636453526	0.30952297302813525	0.044970081793127836	0.31644571791837045	0.22513542311856488	-x	+y	+y	False	True	True	False	False	False
box021_d003_029_p2	box021	d003_box021_20231018_029_p2	known_D003_fail	35	94	left	True	False	0.10220876199356146	0.16704614988960778	-0.2647	-0.20763253892104727	0.13512048056146603	-0.2582985485606743	0.10220876199356146	0.2089	-0.24969999999999998	0.10220876199356144	0.2089	-0.24970000000000003	-0.1064940974656443	0.1158109128228607	-0.2659629010993882	0.3115475223702429	0.044460597938660015	0.3186204392037466	0.22910029168486562	-x	+y	+y	False	True	True	False	False	False
box021_d003_029_p2	box021	d003_box021_20231018_029_p2	known_D003_fail	36	95	left	True	False	0.10286089049392622	0.17000910020074106	-0.2647	-0.21002859579617175	0.1370970234901006	-0.25057959188336665	0.10286089049392622	0.2089	-0.24969999999999998	0.10286089049392623	0.20890000000000017	-0.24970000000000012	-0.10658487534123012	0.11026217966665806	-0.25738476561202417	0.3149324075887852	0.04168335503766461	0.3210237868888284	0.23163765680238507	-x	+y	+y	False	True	True	False	False	False
box021_d003_029_p2	box021	d003_box021_20231018_029_p2	known_D003_fail	37	96	left	True	False	0.10493143244846775	0.16922500841683125	-0.2647	-0.2188464621546774	0.13982475681142043	-0.25103122907891234	0.10493143244846775	0.2089	-0.24969999999999998	0.10493143244846774	0.20889999999999992	-0.24969999999999992	-0.12160050405509375	0.12200953706485564	-0.26041804079165876	0.3253971959415139	0.0424158573781612	0.33106689116561827	0.24286116857898257	-x	+y	+y	False	True	True	False	False	False
box021_d003_029_p2	box021	d003_box021_20231018_029_p2	known_D003_fail	38	97	left	True	False	0.0993744116278204	0.17221269217792828	-0.2647	-0.22054375196444015	0.13396054909554214	-0.24898290243229623	0.0993744116278204	0.2089	-0.24969999999999998	0.09937441162782032	0.2088999999999999	-0.24969999999999984	-0.133411992678491	0.1369818590356828	-0.24916084563785235	0.3225800443341039	0.039635319542441504	0.3285788595254228	0.24364322218574253	-x	+y	+y	False	True	True	False	False	False
box021_d003_029_p2	box021	d003_box021_20231018_029_p2	known_D003_fail	39	98	left	True	False	0.09465808379551852	0.2089	-0.22185249935970447	-0.22739268695878428	0.13305966405109626	-0.2395312600327417	0.09465808379551852	0.2089	-0.22185249935970447	0.09465808379551854	0.20890000000000003	-0.22185249935970458	-0.14517554328514892	0.157022281828852	-0.23459277037288606	0.3313321506875202	0.0	0.33133215068752025	0.24571076660741392	-x	+y	+y	False	True	True	False	False	False
box021_d003_029_p2	box021	d003_box021_20231018_029_p2	known_D003_fail	40	99	left	True	False	0.0933551429129824	0.2089	-0.22310558629985885	-0.22574748346623813	0.13004342461980975	-0.24030379300263072	0.0933551429129824	0.2089	-0.22310558629985885	0.09335514291298239	0.20890000000000003	-0.22310558629985888	-0.14269700814623235	0.1509059863008468	-0.2352415292836462	0.32915136936765027	0.0	0.32915136936765016	0.24337461814397499	-x	+y	+y	False	True	True	False	False	False
box021_d003_029_p2	box021	d003_box021_20231018_029_p2	known_D003_fail	41	100	left	True	False	0.092877639230738	0.2089	-0.224064085198361	-0.22003334639347208	0.12717013214798306	-0.24642990166436518	0.092877639230738	0.2089	-0.224064085198361	0.09287763923073801	0.20889999999999997	-0.22406408519836093	-0.13847659893897651	0.15293737919679176	-0.23988770257661302	0.3241809463395616	0.0	0.3241809463395617	0.23855185036630083	-x	+y	+y	False	True	True	False	False	False
box021_d003_029_p2	box021	d003_box021_20231018_029_p2	known_D003_fail	42	101	left	True	False	0.09448362650244321	0.2089	-0.2259608801167414	-0.22007185181383526	0.12641363318487886	-0.24651712582894744	0.09448362650244321	0.2089	-0.2259608801167414	0.09448362650244316	0.20889999999999995	-0.22596088011674126	-0.13991224300692628	0.15639010772824982	-0.2406773882827512	0.3258400050437669	0.0	0.3258400050437668	0.24065595368086037	-x	+y	+y	False	True	True	False	False	False
box021_d003_029_p2	box021	d003_box021_20231018_029_p2	known_D003_fail	43	102	left	True	False	0.10061460103589531	0.2089	-0.22743927485353266	-0.22305771113787146	0.13632782807359545	-0.24223098158091116	0.10061460103589531	0.2089	-0.22743927485353266	0.10061460103589533	0.20889999999999997	-0.2274392748535326	-0.14162687103023497	0.16287402734062797	-0.23747997867899345	0.33203807069963637	0.0	0.33203807069963637	0.24677953051523066	-x	+y	+y	False	True	True	False	False	False
box021_d003_029_p2	box021	d003_box021_20231018_029_p2	known_D003_fail	44	103	left	True	False	0.10374660545859637	0.2089	-0.2267886417238055	-0.22171504003616846	0.14258156022960414	-0.24374265639514342	0.10374660545859637	0.2089	-0.2267886417238055	0.1037466054585963	0.2088999999999998	-0.22678864172380533	-0.13941617156543218	0.1653353139325754	-0.23553184732444463	0.33258210528411714	0.0	0.33258210528411697	0.24718912121362813	-x	+y	+y	False	True	True	False	False	False
box021_d003_029_p2	box021	d003_box021_20231018_029_p2	known_D003_fail	45	104	left	True	False	0.10887843460841844	0.2089	-0.2269354661568316	-0.22018007956696664	0.14371186523615345	-0.24657417835986067	0.10887843460841844	0.2089	-0.2269354661568316	0.10887843460841845	0.20890000000000009	-0.2269354661568317	-0.13834970092650742	0.1655995200148167	-0.23726648621217172	0.3360277930205996	0.0	0.33602779302059965	0.25120392620818405	-x	+y	+y	False	True	True	False	False	False
box021_d003_029_p2	box021	d003_box021_20231018_029_p2	known_D003_fail	46	105	left	True	False	0.11026814747638639	0.2089	-0.2250823439992559	-0.22109152806878363	0.1452829637994489	-0.24657656005595294	0.11026814747638639	0.2089	-0.2250823439992559	0.11026814747638644	0.20890000000000006	-0.22508234399925597	-0.1384066500754861	0.16236389812039556	-0.23921834341888207	0.33809519842232977	0.0	0.3380951984223299	0.2533862470522135	-x	+y	+y	False	True	True	False	False	False
box021_d003_029_p2	box021	d003_box021_20231018_029_p2	known_D003_fail	47	106	left	True	False	0.09550453436361826	0.17859696557712618	-0.2647	-0.20155213306101075	0.14162024134455978	-0.25808967647953407	0.09550453436361826	0.2089	-0.24969999999999998	-0.20155213306101075	0.14162024134455978	-0.25808967647953407	-0.11178531131441853	0.1392882495712425	-0.2589734434584208	0.29942217381724273	0.03381233347809459	0.0	0.21886267994465491	-x	+y	-x	False	True	False	False	False	False
box021_d003_029_p2	box021	d003_box021_20231018_029_p2	known_D003_fail	48	107	left	True	False	0.13153313764985056	0.17239609768289815	-0.2647	-0.1777729180565672	0.09410016624998709	-0.2903805528926833	0.13153313764985056	0.2089	-0.24969999999999998	0.13153313764985053	0.20889999999999992	-0.24969999999999992	-0.10030932911464946	0.12336712883293295	-0.2722453274566887	0.3200937046748696	0.03946561648291477	0.33242163784769874	0.24814329174019537	-x	+y	+y	False	True	True	False	False	False
box021_d003_029_p2	box021	d003_box021_20231018_029_p2	known_D003_fail	49	108	left	False	False	nan	nan	nan	-0.16031377378620149	0.07274981697746619	-0.3204019663429465	-0.16031377378620149	0.07274981697746619	-0.3204019663429465	-0.16031377378620149	0.07274981697746619	-0.3204019663429465	-0.16031377378620149	0.07274981697746619	-0.3204019663429465	nan	nan	0.0	0.0	-z	-z	-z	False	False	False	False	False	False
box021_d003_029_p2	box021	d003_box021_20231018_029_p2	known_D003_fail	50	109	left	False	False	nan	nan	nan	-0.13784492232023365	0.07266998404586773	-0.3496629088876728	-0.13784492232023365	0.07266998404586773	-0.3496629088876728	-0.13784492232023365	0.07266998404586773	-0.3496629088876728	-0.13784492232023365	0.07266998404586773	-0.3496629088876728	nan	nan	0.0	0.0	-z	-z	-z	False	False	False	False	False	False
box021_d003_029_p2	box021	d003_box021_20231018_029_p2	known_D003_fail	51	110	left	False	False	nan	nan	nan	-0.12685195643235941	0.07198312020099401	-0.35851549848766406	-0.12685195643235941	0.07198312020099401	-0.35851549848766406	-0.12685195643235941	0.07198312020099401	-0.35851549848766406	-0.12685195643235941	0.07198312020099401	-0.35851549848766406	nan	nan	0.0	0.0	-z	-z	-z	False	False	False	False	False	False
box021_d003_029_p2	box021	d003_box021_20231018_029_p2	known_D003_fail	52	111	left	False	False	nan	nan	nan	-0.12372709050574998	0.050289094417314724	-0.354177912308573	-0.12372709050574998	0.050289094417314724	-0.354177912308573	-0.12372709050574998	0.050289094417314724	-0.354177912308573	-0.12372709050574998	0.050289094417314724	-0.354177912308573	nan	nan	0.0	0.0	-z	-z	-z	False	False	False	False	False	False
box021_d003_029_p2	box021	d003_box021_20231018_029_p2	known_D003_fail	53	112	left	True	False	0.11556606726857963	0.17755491304947144	-0.2647	-0.1863974316375332	0.14582341901580134	-0.25442556653379117	0.11556606726857963	0.2089	-0.24969999999999998	0.11556606726857957	0.2088999999999999	-0.24969999999999984	-0.10083564310813016	0.11855364378125201	-0.2496556959495273	0.3037999446482543	0.03474930899940597	0.30851732644916946	0.23450408588939167	-x	+y	+y	False	True	True	False	False	False
box021_d003_029_p2	box021	d003_box021_20231018_029_p2	known_D003_fail	54	113	left	True	False	0.11523646323737899	0.1799352989912796	-0.2647	-0.1840840071128726	0.14564683143299323	-0.2636516933607541	0.11523646323737899	0.2089	-0.24969999999999998	0.11523646323737888	0.20889999999999978	-0.24969999999999973	-0.09406252173718975	0.11401559443639357	-0.2672951354212613	0.3012798398914228	0.03261830627921334	0.3062488482461516	0.23047495378247984	-x	+y	+y	False	True	True	False	False	False
box021_d003_029_p2	box021	d003_box021_20231018_029_p2	known_D003_fail	55	114	left	True	False	0.10995789333566122	0.17876910404063887	-0.2647	-0.17391483203700073	0.1360522978074409	-0.276067807728244	0.10995789333566122	0.2089	-0.24969999999999998	-0.17391483203700073	0.1360522978074409	-0.276067807728244	-0.09357663562052286	0.13223776313405905	-0.29439158106610946	0.2872937117268905	0.0336581474729945	0.0	0.22203770053054955	-x	+y	-x	False	True	False	False	False	False
box021_d003_029_p2	box021	d003_box021_20231018_029_p2	known_D003_fail	56	115	left	True	False	0.10567280127600319	0.2089	-0.23643400432252082	-0.1827638220969683	0.12379547396476931	-0.2792150673284401	0.10567280127600319	0.2089	-0.23643400432252082	0.1056728012760032	0.20890000000000006	-0.23643400432252087	-0.11561689541273826	0.15644391177804884	-0.28103461436448046	0.30375760962714843	0.0	0.30375760962714843	0.231754148761698	-x	+y	+y	False	True	True	False	False	False
box021_d003_029_p2	box021	d003_box021_20231018_029_p2	known_D003_fail	57	116	left	True	False	0.10603701650435092	0.2089	-0.2257463832375212	-0.18880964244337844	0.11669139430846143	-0.2807528074951214	0.10603701650435092	0.2089	-0.2257463832375212	0.10603701650435088	0.2088999999999999	-0.2257463832375211	-0.11975273219050395	0.14496906911976123	-0.2776775416864284	0.31378764469912357	0.0	0.31378764469912346	0.24034354527788981	-x	+y	+y	False	True	True	False	False	False
box021_d003_029_p2	box021	d003_box021_20231018_029_p2	known_D003_fail	58	117	left	True	False	0.10465083416478632	0.2089	-0.21917844364200154	-0.19364713777499346	0.11012254751898926	-0.2822013616597341	0.10465083416478632	0.2089	-0.21917844364200154	0.10465083416478635	0.20890000000000006	-0.21917844364200162	-0.1241632802563179	0.13725124615189943	-0.27846394798040486	0.3204848723067812	0.0	0.3204848723067812	0.24699031137062588	-x	+y	+y	False	True	True	False	False	False
box021_d003_029_p2	box021	d003_box021_20231018_029_p2	known_D003_fail	59	118	left	True	False	0.1064494717398679	0.2089	-0.21787233833401565	-0.19565802664174484	0.10442790216813676	-0.28192544937957187	0.1064494717398679	0.2089	-0.21787233833401565	0.10644947173986795	0.20890000000000003	-0.2178723383340157	-0.1260219889545751	0.13104975350217285	-0.2774488107990207	0.3260155837355032	0.0	0.3260155837355032	0.2522954557429719	-x	+y	+y	False	True	True	False	False	False
box021_d003_029_p2	box021	d003_box021_20231018_029_p2	known_D003_fail	60	119	left	True	False	0.10966954090086625	0.2089	-0.22410675689612963	-0.1788625293359333	0.1148481825190477	-0.28397550039286235	0.10966954090086625	0.2089	-0.22410675689612963	0.10966954090086632	0.20890000000000006	-0.22410675689612974	-0.11030396734117179	0.14355553033972576	-0.2766575249546443	0.3093230776623066	0.0	0.30932307766230666	0.23541416114378566	-x	+y	+y	False	True	True	False	False	False
box021_d003_029_p2	box021	d003_box021_20231018_029_p2	known_D003_fail	61	120	left	True	False	0.10836792375383342	0.2089	-0.22782335740618453	-0.17302210276581445	0.1131151277578155	-0.2859238161881285	0.10836792375383342	0.2089	-0.22782335740618453	0.10836792375383338	0.20889999999999992	-0.2278233574061845	-0.10419053889365724	0.13998098983167184	-0.2750434542390495	0.30287085050537976	0.0	0.30287085050537976	0.22838710022799438	-x	+y	+y	False	True	True	False	False	False
box021_d003_029_p2	box021	d003_box021_20231018_029_p2	known_D003_fail	62	121	left	True	False	0.10957553575603048	0.2089	-0.2310031602381051	-0.1731979598565317	0.11043273033347835	-0.28690839199195706	0.10957553575603048	0.2089	-0.2310031602381051	0.10957553575603045	0.20889999999999995	-0.231003160238105	-0.10367086824591883	0.1352723922585532	-0.27564270364997234	0.3046014575703457	0.0	0.3046014575703457	0.2299733512333786	-x	+y	+y	False	True	True	False	False	False
box021_d003_029_p2	box021	d003_box021_20231018_029_p2	known_D003_fail	63	122	left	True	False	0.10534409065340572	0.2089	-0.23367219900131045	-0.17950389823519894	0.10109699212546153	-0.28885771157277373	0.10534409065340572	0.2089	-0.23367219900131045	0.10534409065340568	0.2088999999999999	-0.2336721990013103	-0.11023953865069004	0.12549047806968633	-0.2752434785411974	0.3095243222728314	0.0	0.30952432227283133	0.2348651120433869	-x	+y	+y	False	True	True	False	False	False
box021_d003_029_p2	box021	d003_box021_20231018_029_p2	known_D003_fail	64	123	left	True	False	0.1033192561641013	0.2089	-0.23443765917333934	-0.18024920188018673	0.09920661907280383	-0.28921454059517243	0.1033192561641013	0.2089	-0.23443765917333934	0.10331925616410126	0.20889999999999995	-0.23443765917333925	-0.11110005663718274	0.12300709871428021	-0.2740529480930998	0.3089404715396733	0.0	0.3089404715396732	0.23435571960088664	-x	+y	+y	False	True	True	False	False	False
box021_d003_029_p2	box021	d003_box021_20231018_029_p2	known_D003_fail	65	124	left	True	False	0.10408430960909429	0.2089	-0.23404774128455783	-0.18008669788869935	0.09965162688768357	-0.2893803312700559	0.10408430960909429	0.2089	-0.23404774128455783	0.10408430960909427	0.20890000000000006	-0.23404774128455785	-0.11093453220517675	0.12242191506220679	-0.27272401223105097	0.30943507242150536	0.0	0.30943507242150525	0.23496258307225268	-x	+y	+y	False	True	True	False	False	False
box021_d003_029_p2	box021	d003_box021_20231018_029_p2	known_D003_fail	66	125	left	True	False	0.10331456113344827	0.2089	-0.23173996962374255	-0.18402935223513184	0.09937618551711501	-0.2893124115075048	0.10331456113344827	0.2089	-0.23173996962374255	0.10331456113344824	0.20889999999999995	-0.23173996962374252	-0.1150634182639918	0.12076692977236156	-0.27023160916860156	0.31285232387391765	0.0	0.3128523238739176	0.23861681891331543	-x	+y	+y	False	True	True	False	False	False
box021_d003_029_p2	box021	d003_box021_20231018_029_p2	known_D003_fail	67	126	left	True	False	0.10372523678807131	0.2089	-0.22416221295186572	-0.18428626669563572	0.10173846800547348	-0.2894622527085424	0.10372523678807131	0.2089	-0.22416221295186572	0.10372523678807123	0.20889999999999992	-0.22416221295186559	-0.11557391644641324	0.12162836981734716	-0.26799260587065743	0.31416288016024885	0.0	0.3141628801602488	0.2400615741586215	-x	+y	+y	False	True	True	False	False	False
box021_d003_029_p2	box021	d003_box021_20231018_029_p2	known_D003_fail	68	127	left	True	False	0.10609177530691333	0.2089	-0.2232037791035548	-0.1844057894143221	0.10450914994083867	-0.28936188591571377	0.10609177530691333	0.2089	-0.2232037791035548	0.10609177530691333	0.20889999999999997	-0.2232037791035548	-0.11522274565956481	0.12135836826983402	-0.26682854828609254	0.3156947572925653	0.0	0.3156947572925653	0.24196440846296255	-x	+y	+y	False	True	True	False	False	False
box021_d003_029_p2	box021	d003_box021_20231018_029_p2	known_D003_fail	69	128	left	True	False	0.12024555242494805	0.2089	-0.22810594874179319	-0.1820227575033105	0.11693278234351469	-0.28852976779742756	0.12024555242494805	0.2089	-0.22810594874179319	0.12024555242494808	0.20890000000000006	-0.2281059487417933	-0.11147492420527239	0.1311724619818726	-0.2685754262410029	0.3216755169726617	0.0	0.3216755169726617	0.24773721574514196	-x	+y	+y	False	True	True	False	False	False
box021_d003_029_p2	box021	d003_box021_20231018_029_p2	known_D003_fail	70	129	left	True	False	0.14322280800648302	0.2089	-0.23785147281606311	-0.198404905164931	0.15286243607311384	-0.2893942840641041	0.14322280800648302	0.2089	-0.23785147281606311	0.143222808006483	0.2089	-0.23785147281606311	-0.12737868567960337	0.16504487196705944	-0.26977782649620313	0.3500090918375421	0.0	0.35000909183754203	0.27598502259948104	-x	+y	+y	False	True	True	False	False	False
box021_d003_029_p2	box021	d003_box021_20231018_029_p2	known_D003_fail	71	130	left	False	False	nan	nan	nan	-0.2214283185187219	0.20434997180597836	-0.29160310236885445	-0.2214283185187219	0.20434997180597836	-0.29160310236885445	-0.2214283185187219	0.20434997180597836	-0.29160310236885445	-0.2214283185187219	0.20434997180597836	-0.29160310236885445	nan	nan	0.0	0.0	-x	-x	-x	False	False	False	False	False	False
box021_d003_029_p2	box021	d003_box021_20231018_029_p2	known_D003_fail	72	131	left	False	False	nan	nan	nan	-0.2854315148254611	0.2764203820479495	-0.3010007796114589	-0.2854315148254611	0.2764203820479495	-0.3010007796114589	-0.2854315148254611	0.2764203820479495	-0.3010007796114589	-0.2854315148254611	0.2764203820479495	-0.3010007796114589	nan	nan	0.0	0.0	-x	-x	-x	False	False	False	False	False	False
box021_d003_029_p2	box021	d003_box021_20231018_029_p2	known_D003_fail	73	132	left	False	False	nan	nan	nan	-0.3303126169200723	0.33807030752395406	-0.3061059367753791	-0.3303126169200723	0.33807030752395406	-0.3061059367753791	-0.3303126169200723	0.33807030752395406	-0.3061059367753791	-0.3303126169200723	0.33807030752395406	-0.3061059367753791	nan	nan	0.0	0.0	-x	-x	-x	False	False	False	False	False	False
box021_d003_029_p2	box021	d003_box021_20231018_029_p2	known_D003_fail	74	133	left	False	False	nan	nan	nan	-0.35889866982839347	0.40386461219298236	-0.27133196172507973	-0.35889866982839347	0.40386461219298236	-0.27133196172507973	-0.35889866982839347	0.40386461219298236	-0.27133196172507973	-0.35889866982839347	0.40386461219298236	-0.27133196172507973	nan	nan	0.0	0.0	-x	-x	-x	False	False	False	False	False	False
box021_d003_029_p2	box021	d003_box021_20231018_029_p2	known_D003_fail	0	59	right	False	False	nan	nan	nan	-0.4338118245093001	0.5109215616920858	0.11781801956279127	-0.4338118245093001	0.5109215616920858	0.11781801956279127	-0.4338118245093001	0.5109215616920858	0.11781801956279127	-0.4338118245093001	0.5109215616920858	0.11781801956279127	nan	nan	0.0	0.0	-x	-x	-x	False	False	False	False	False	False
box021_d003_029_p2	box021	d003_box021_20231018_029_p2	known_D003_fail	1	60	right	False	False	nan	nan	nan	-0.41538560929043983	0.5024435498346644	0.1216368014602976	-0.41538560929043983	0.5024435498346644	0.1216368014602976	-0.41538560929043983	0.5024435498346644	0.1216368014602976	-0.41538560929043983	0.5024435498346644	0.1216368014602976	nan	nan	0.0	0.0	-x	-x	-x	False	False	False	False	False	False
box021_d003_029_p2	box021	d003_box021_20231018_029_p2	known_D003_fail	2	61	right	False	False	nan	nan	nan	-0.397125235212128	0.4978282735963156	0.12593002195441003	-0.397125235212128	0.4978282735963156	0.12593002195441003	-0.397125235212128	0.4978282735963156	0.12593002195441003	-0.397125235212128	0.4978282735963156	0.12593002195441003	nan	nan	0.0	0.0	-x	-x	-x	False	False	False	False	False	False
box021_d003_029_p2	box021	d003_box021_20231018_029_p2	known_D003_fail	3	62	right	False	False	nan	nan	nan	-0.37861709550087347	0.49337803668399527	0.13103258944144294	-0.37861709550087347	0.49337803668399527	0.13103258944144294	-0.37861709550087347	0.49337803668399527	0.13103258944144294	-0.37861709550087347	0.49337803668399527	0.13103258944144294	nan	nan	0.0	0.0	-x	-x	-x	False	False	False	False	False	False
box021_d003_029_p2	box021	d003_box021_20231018_029_p2	known_D003_fail	4	63	right	False	False	nan	nan	nan	-0.36485786445546337	0.48723130347474003	0.1377862439361898	-0.36485786445546337	0.48723130347474003	0.1377862439361898	-0.36485786445546337	0.48723130347474003	0.1377862439361898	-0.36485786445546337	0.48723130347474003	0.1377862439361898	nan	nan	0.0	0.0	+y	+y	+y	True	True	True	False	False	False
box021_d003_029_p2	box021	d003_box021_20231018_029_p2	known_D003_fail	5	64	right	False	False	nan	nan	nan	-0.35396234037721325	0.48638218777570646	0.13958455217406746	-0.35396234037721325	0.48638218777570646	0.13958455217406746	-0.35396234037721325	0.48638218777570646	0.13958455217406746	-0.35396234037721325	0.48638218777570646	0.13958455217406746	nan	nan	0.0	0.0	+y	+y	+y	True	True	True	False	False	False
box021_d003_029_p2	box021	d003_box021_20231018_029_p2	known_D003_fail	6	65	right	False	False	nan	nan	nan	-0.34622477918208555	0.48867507681393546	0.14266932335457816	-0.34622477918208555	0.48867507681393546	0.14266932335457816	-0.34622477918208555	0.48867507681393546	0.14266932335457816	-0.34622477918208555	0.48867507681393546	0.14266932335457816	nan	nan	0.0	0.0	+y	+y	+y	True	True	True	False	False	False
box021_d003_029_p2	box021	d003_box021_20231018_029_p2	known_D003_fail	7	66	right	False	False	nan	nan	nan	-0.33761388979112456	0.4869397228474148	0.14357844189888078	-0.33761388979112456	0.4869397228474148	0.14357844189888078	-0.33761388979112456	0.4869397228474148	0.14357844189888078	-0.33761388979112456	0.4869397228474148	0.14357844189888078	nan	nan	0.0	0.0	+y	+y	+y	True	True	True	False	False	False
box021_d003_029_p2	box021	d003_box021_20231018_029_p2	known_D003_fail	8	67	right	False	False	nan	nan	nan	-0.33250655712738675	0.4854668334871613	0.1398943317428978	-0.33250655712738675	0.4854668334871613	0.1398943317428978	-0.33250655712738675	0.4854668334871613	0.1398943317428978	-0.33250655712738675	0.4854668334871613	0.1398943317428978	nan	nan	0.0	0.0	+y	+y	+y	True	True	True	False	False	False
box021_d003_029_p2	box021	d003_box021_20231018_029_p2	known_D003_fail	9	68	right	False	False	nan	nan	nan	-0.32957768788552144	0.4844712846943473	0.13189958590239403	-0.32957768788552144	0.4844712846943473	0.13189958590239403	-0.32957768788552144	0.4844712846943473	0.13189958590239403	-0.32957768788552144	0.4844712846943473	0.13189958590239403	nan	nan	0.0	0.0	+y	+y	+y	True	True	True	False	False	False
box021_d003_029_p2	box021	d003_box021_20231018_029_p2	known_D003_fail	10	69	right	False	False	nan	nan	nan	-0.32905879971538543	0.48143686424785864	0.13104999345946017	-0.32905879971538543	0.48143686424785864	0.13104999345946017	-0.32905879971538543	0.48143686424785864	0.13104999345946017	-0.32905879971538543	0.48143686424785864	0.13104999345946017	nan	nan	0.0	0.0	+y	+y	+y	True	True	True	False	False	False
box021_d003_029_p2	box021	d003_box021_20231018_029_p2	known_D003_fail	11	70	right	False	False	nan	nan	nan	-0.32436440510581865	0.463898184582084	0.1347176423857227	-0.32436440510581865	0.463898184582084	0.1347176423857227	-0.32436440510581865	0.463898184582084	0.1347176423857227	-0.32436440510581865	0.463898184582084	0.1347176423857227	nan	nan	0.0	0.0	+y	+y	+y	True	True	True	False	False	False
box021_d003_029_p2	box021	d003_box021_20231018_029_p2	known_D003_fail	12	71	right	False	False	nan	nan	nan	-0.304238271324916	0.43222794118382335	0.16015898534926265	-0.304238271324916	0.43222794118382335	0.16015898534926265	-0.304238271324916	0.43222794118382335	0.16015898534926265	-0.304238271324916	0.43222794118382335	0.16015898534926265	nan	nan	0.0	0.0	+y	+y	+y	True	True	True	False	False	False
box021_d003_029_p2	box021	d003_box021_20231018_029_p2	known_D003_fail	13	72	right	False	False	nan	nan	nan	-0.2837455779462143	0.36519052464883933	0.20145475276799885	-0.2837455779462143	0.36519052464883933	0.20145475276799885	-0.2837455779462143	0.36519052464883933	0.20145475276799885	-0.2837455779462143	0.36519052464883933	0.20145475276799885	nan	nan	0.0	0.0	-x	-x	-x	False	False	False	False	False	False
box021_d003_029_p2	box021	d003_box021_20231018_029_p2	known_D003_fail	14	73	right	False	False	nan	nan	nan	-0.2557921335034421	0.3099178820282686	0.23895059424712664	-0.2557921335034421	0.3099178820282686	0.23895059424712664	-0.2557921335034421	0.3099178820282686	0.23895059424712664	-0.2557921335034421	0.3099178820282686	0.23895059424712664	nan	nan	0.0	0.0	-x	-x	-x	False	False	False	False	False	False
box021_d003_029_p2	box021	d003_box021_20231018_029_p2	known_D003_fail	15	74	right	False	False	nan	nan	nan	-0.21679304630194127	0.23129301078176642	0.26076339681529287	-0.21679304630194127	0.23129301078176642	0.26076339681529287	-0.21679304630194127	0.23129301078176642	0.26076339681529287	-0.21679304630194127	0.23129301078176642	0.26076339681529287	nan	nan	0.0	0.0	-x	-x	-x	False	False	False	False	False	False
box021_d003_029_p2	box021	d003_box021_20231018_029_p2	known_D003_fail	16	75	right	True	False	0.13786622447782262	0.18032019250408568	0.2647	-0.18328775270360784	0.17089808824468977	0.2628960065598304	0.13786622447782262	0.2089	0.24969999999999998	0.1378662244778226	0.20889999999999995	0.24969999999999984	-0.1032181846464926	0.1548237565626452	0.2771754067164222	0.32129722610140576	0.0322770103402332	0.323663647859373	0.24859772806956437	-x	+y	+y	False	True	True	False	False	False
box021_d003_029_p2	box021	d003_box021_20231018_029_p2	known_D003_fail	17	76	right	True	False	0.10007712961185689	0.17382961035766156	0.2647	-0.16567995782712033	0.1440481269881424	0.26864754707979743	0.10007712961185689	0.2089	0.24969999999999998	-0.16567995782712033	0.1440481269881424	0.26864754707979743	-0.08911816701992555	0.14781448335141759	0.2709727379729521	0.2674497137850111	0.03814357389738722	0.0	0.19994706797719805	-x	+y	-x	False	True	False	False	False	False
box021_d003_029_p2	box021	d003_box021_20231018_029_p2	known_D003_fail	18	77	right	True	False	0.08915810225378691	0.17068401347246548	0.2647	-0.16260140824722172	0.12557166436113254	0.2783776261087394	0.08915810225378691	0.2089	0.24969999999999998	-0.16260140824722172	0.12557166436113254	0.2783776261087394	-0.08962197596633156	0.1412800507626915	0.27715779166944476	0.2561348329025569	0.041054374021201455	0.0	0.19310283329513964	+z	+y	+z	True	True	True	False	False	False
box021_d003_029_p2	box021	d003_box021_20231018_029_p2	known_D003_fail	19	78	right	True	False	0.09952237712768956	0.16394745238383548	0.2647	-0.15151329440606143	0.1318608013904429	0.27781317639203856	0.09952237712768956	0.2089	0.24969999999999998	-0.15151329440606143	0.1318608013904429	0.27781317639203856	-0.07330026803876961	0.13733226808447366	0.2786534162394433	0.2534174756197011	0.04738914999431345	0.0	0.18928261210633945	+z	+y	+z	True	True	True	False	False	False
box021_d003_029_p2	box021	d003_box021_20231018_029_p2	known_D003_fail	20	79	right	True	False	0.10411333145964088	0.16062613205484896	0.2647	-0.14786857818804874	0.13130600212150392	0.2791992564340403	0.10411333145964088	0.2089	0.24969999999999998	-0.14786857818804874	0.13130600212150392	0.2791992564340403	-0.06819930208462643	0.13318341713203177	0.2761118895883102	0.2540960079303583	0.05055063131540378	0.0	0.1900584976047847	+z	+y	+z	True	True	True	False	False	False
box021_d003_029_p2	box021	d003_box021_20231018_029_p2	known_D003_fail	21	80	right	True	False	0.10542006755758081	0.161079591497124	0.2647	-0.14589733545152	0.13140492851427504	0.2804150500075235	0.10542006755758081	0.2089	0.24969999999999998	-0.14589733545152	0.13140492851427504	0.2804150500075235	-0.0584307298687077	0.12318497463369121	0.27827890380259773	0.2535507552249124	0.05011777598199999	0.0	0.1871120069192133	+z	+y	+z	True	True	True	False	False	False
box021_d003_029_p2	box021	d003_box021_20231018_029_p2	known_D003_fail	22	81	right	True	False	0.10348889759651289	0.15910873751530305	0.2647	-0.1408746561109473	0.13361850361069152	0.2800175059958801	0.10348889759651289	0.2089	0.24969999999999998	-0.1408746561109473	0.13361850361069152	0.2800175059958801	-0.038119825058451594	0.11500876274806311	0.2833888166684138	0.2461664566812148	0.052001632857247765	0.0	0.17321527396043385	+z	+y	+z	True	True	True	False	False	False
box021_d003_029_p2	box021	d003_box021_20231018_029_p2	known_D003_fail	23	82	right	True	False	0.11303400619476532	0.15808873807255192	0.2647	-0.1422339787237604	0.12325154018000584	0.29125273900767934	0.11303400619476532	0.2089	0.24969999999999998	-0.1422339787237604	0.12325154018000584	0.29125273900767934	-0.03277732377355964	0.10272612295392718	0.2946749266382304	0.25899888499794554	0.05297909341107807	0.0	0.1858940024321402	+z	+y	+z	True	True	True	False	False	False
box021_d003_029_p2	box021	d003_box021_20231018_029_p2	known_D003_fail	24	83	right	True	False	0.11220127088008748	0.1716831508848131	0.2647	-0.1684295396593272	0.13555313025824622	0.2788942136597533	0.11220127088008748	0.2089	0.24969999999999998	-0.1684295396593272	0.13555313025824622	0.2788942136597533	-0.04963697635258778	0.0997637329516159	0.29330037735286363	0.2833028519374694	0.04012597485498127	0.0	0.20000833972090473	-x	+y	-x	False	True	False	False	False	False
box021_d003_029_p2	box021	d003_box021_20231018_029_p2	known_D003_fail	25	84	right	True	False	0.0962982499131926	0.16163038353046283	0.2647	-0.14706969867338543	0.12758095923920396	0.2814621231185104	0.0962982499131926	0.2089	0.24969999999999998	-0.14706969867338543	0.12758095923920396	0.2814621231185104	-0.055168880280968544	0.11998263429878703	0.28445202215577553	0.24630933897285653	0.04959250589733433	0.0	0.1790427113747268	+z	+y	+z	True	True	True	False	False	False
box021_d003_029_p2	box021	d003_box021_20231018_029_p2	known_D003_fail	26	85	right	True	False	0.0958219626125521	0.1667136250281548	0.2647	-0.15575641650754302	0.12638216098234198	0.277395209077985	0.0958219626125521	0.2089	0.24969999999999998	-0.15575641650754302	0.12638216098234198	0.277395209077985	-0.07875980995085784	0.13449522436871533	0.27697013239638646	0.25510679364984923	0.04477376724450523	0.0	0.191725131553066	+z	+y	+z	True	True	True	False	False	False
box021_d003_029_p2	box021	d003_box021_20231018_029_p2	known_D003_fail	27	86	right	True	False	0.09378039638093197	0.1647766527899569	0.2647	-0.14502948922055015	0.12565045356857624	0.2761914188794732	0.09378039638093197	0.2089	0.24969999999999998	-0.14502948922055015	0.12565045356857624	0.2761914188794732	-0.07100300014877933	0.14047779115669165	0.2792763793334057	0.24226653428479894	0.04660332358338854	0.0	0.1808588638948583	+z	+y	+z	True	True	True	False	False	False
box021_d003_029_p2	box021	d003_box021_20231018_029_p2	known_D003_fail	28	87	right	True	False	0.091392534212232	0.16507709452433178	0.2647	-0.14524423533002342	0.12037825286477591	0.28042517424103136	0.091392534212232	0.2089	0.24969999999999998	-0.14524423533002342	0.12037825286477591	0.28042517424103136	-0.06911819264024012	0.1331826806896084	0.2942881369185738	0.24133426663035515	0.046318970674329024	0.0	0.1829888188718923	+z	+y	+z	True	True	True	False	False	False
box021_d003_029_p2	box021	d003_box021_20231018_029_p2	known_D003_fail	29	88	right	True	False	0.09069874988119848	0.16527396950137513	0.2647	-0.1451412503547682	0.11995274934806326	0.28152300199179126	0.09069874988119848	0.2089	0.24969999999999998	-0.1451412503547682	0.11995274934806326	0.28152300199179126	-0.06628752474205327	0.11803768076086048	0.26444320282882927	0.24074370625937772	0.04613274907337463	0.0	0.181983552848202	+z	+y	+z	True	True	True	False	False	False
box021_d003_029_p2	box021	d003_box021_20231018_029_p2	known_D003_fail	30	89	right	True	False	0.0942976602390246	0.16666214287683898	0.2647	-0.144144349954305	0.12099744164422947	0.2861341132485219	0.0942976602390246	0.2089	0.24969999999999998	-0.144144349954305	0.12099744164422947	0.2861341132485219	-0.054795148140543905	0.10940040345902341	0.2528134670560379	0.24371967170183423	0.04482227765694828	0.0	0.17927222009958177	+z	+y	+z	True	True	True	False	False	False
box021_d003_029_p2	box021	d003_box021_20231018_029_p2	known_D003_fail	31	90	right	True	False	0.10623877143715187	0.16335386959736486	0.2647	-0.1424011210187393	0.1438955431033577	0.2746239626615682	0.10623877143715187	0.2089	0.24969999999999998	-0.1424011210187393	0.1438955431033577	0.2746239626615682	-0.02155021599912867	0.11044294539981507	0.2624428807319867	0.24959749122403596	0.047952580688153223	0.0	0.16182150017807675	+z	+y	+z	True	True	True	False	False	False
box021_d003_029_p2	box021	d003_box021_20231018_029_p2	known_D003_fail	32	91	right	True	False	0.11069619895382954	0.1657595416911035	0.2647	-0.1405580664858739	0.14420819540624527	0.27696798758705965	0.11069619895382954	0.2089	0.24969999999999998	-0.1405580664858739	0.14420819540624527	0.27696798758705965	-0.019573090351793627	0.11452066222209115	0.2730054205684771	0.252475087776539	0.04567383433763404	0.0	0.16254442396914867	+z	+y	+z	True	True	True	False	False	False
box021_d003_029_p2	box021	d003_box021_20231018_029_p2	known_D003_fail	33	92	right	True	False	0.11455345775291692	0.1490866321465472	0.2647	-0.13747107614813894	0.16338461591333117	0.2581765367626579	0.11455345775291692	0.2089	0.24969999999999998	0.11455345775291693	0.20890000000000003	0.2497	0.008873799817052745	0.11619073322742991	0.25803202590944985	0.252514066143747	0.061665541220137385	0.2562418146050526	0.1408283384220114	+z	+y	+y	True	True	True	True	False	False
box021_d003_029_p2	box021	d003_box021_20231018_029_p2	known_D003_fail	34	93	right	True	False	0.11307862281227607	0.1562256602536287	0.2647	-0.14269878331679878	0.16186120747299812	0.2587647155957966	0.11307862281227607	0.2089	0.24969999999999998	0.11307862281227611	0.20890000000000017	0.24970000000000014	-0.0029538008018177523	0.11626501334520942	0.26325413099593764	0.25590832045781203	0.0547684769526792	0.2602247078148974	0.14909218138235414	+z	+y	+y	True	True	True	True	False	False
box021_d003_029_p2	box021	d003_box021_20231018_029_p2	known_D003_fail	35	94	right	True	False	0.11177702355294457	0.1559322897648954	0.2647	-0.14537628186752719	0.1604334874593753	0.2590209994250467	0.11177702355294457	0.2089	0.24969999999999998	0.11177702355294457	0.2089	0.2497	-0.015869817964636292	0.11673006185153446	0.26004121435791383	0.25725538734279124	0.05505068871095079	0.2618467230209435	0.15778451876563393	+z	+y	+y	True	True	True	True	False	False
box021_d003_029_p2	box021	d003_box021_20231018_029_p2	known_D003_fail	36	95	right	True	False	0.1123599954945643	0.15533086946834873	0.2647	-0.147552451024369	0.15949159098751253	0.2594140057233051	0.1123599954945643	0.2089	0.24969999999999998	0.11235999549456435	0.2089000000000001	0.2497000000000001	-0.02412779605480081	0.11814054207294117	0.25981894330252564	0.2599994869120142	0.05562959415560294	0.26474522213591517	0.16422116020414737	+z	+y	+y	True	True	True	True	False	False
box021_d003_029_p2	box021	d003_box021_20231018_029_p2	known_D003_fail	37	96	right	True	False	0.10905930676721155	0.15385463748266023	0.2647	-0.15037069533701664	0.15830102243329397	0.25950512996459124	0.10905930676721155	0.2089	0.24969999999999998	0.10905930676721153	0.2089	0.2496999999999999	-0.03557697821562369	0.12126506595074227	0.25665879163084576	0.25952010135173315	0.05705253661902645	0.2645001381780705	0.16925708664754693	+z	+y	+y	True	True	True	True	False	False
box021_d003_029_p2	box021	d003_box021_20231018_029_p2	known_D003_fail	38	97	right	True	False	0.10598867583386065	0.15529643856566716	0.2647	-0.15371727584050773	0.15879132249236186	0.2594456579208692	0.10598867583386065	0.2089	0.24969999999999998	0.10598867583386057	0.20889999999999986	0.24969999999999976	-0.049545490734544256	0.12855726794495237	0.2538678101502793	0.25978260846221973	0.055662750546880954	0.2646753459333989	0.17510911514152047	+z	+y	+y	True	True	True	True	False	False
box021_d003_029_p2	box021	d003_box021_20231018_029_p2	known_D003_fail	39	98	right	True	False	0.10858231623410383	0.15035687502382772	0.2647	-0.1371003104889924	0.1584749810065278	0.25905866217751716	0.10858231623410383	0.2089	0.24969999999999998	0.10858231623410389	0.20890000000000014	0.24970000000000014	-0.0485282494675534	0.14291930638637657	0.23863890352801354	0.24588143771080803	0.06043424097294288	0.25097852532000664	0.1707616164130341	+z	+y	+y	True	True	True	True	False	False
box021_d003_029_p2	box021	d003_box021_20231018_029_p2	known_D003_fail	40	99	right	True	False	0.10715930849706115	0.15423461637911434	0.2647	-0.1419469319780922	0.15861565186201862	0.25922151933999166	0.10715930849706115	0.2089	0.24969999999999998	0.10715930849706116	0.20890000000000006	0.24969999999999998	-0.053491125416286256	0.14576210384043864	0.24169996172099995	0.24920498844507402	0.056686013851907024	0.25430905222163935	0.1727974434430898	+z	+y	+y	True	True	True	True	False	False
box021_d003_029_p2	box021	d003_box021_20231018_029_p2	known_D003_fail	41	100	right	True	False	0.11800797515669388	0.15721388419900023	0.2647	-0.1469913330412148	0.1624410632711603	0.25894127840810355	0.11800797515669388	0.2089	0.24969999999999998	0.11800797515669388	0.20890000000000003	0.24969999999999992	-0.050190143186357165	0.1371857099590761	0.2512677392116829	0.2651134089796206	0.05381871948118386	0.2691996793719499	0.18285514544702483	+z	+y	+y	True	True	True	True	False	False
box021_d003_029_p2	box021	d003_box021_20231018_029_p2	known_D003_fail	42	101	right	True	False	0.1203739346484286	0.15445183709290247	0.2647	-0.14232303945302524	0.16171253158410132	0.25908170112638246	0.1203739346484286	0.2089	0.24969999999999998	0.12037393464842853	0.2089	0.24969999999999984	-0.03945581330603171	0.131720221716852	0.25514563095203235	0.26285734376042785	0.056476565440524366	0.26706623465647256	0.17757229908825287	+z	+y	+y	True	True	True	True	False	False
box021_d003_029_p2	box021	d003_box021_20231018_029_p2	known_D003_fail	43	102	right	True	False	0.11185078369600683	0.14799848794332493	0.2647	-0.13592179520552325	0.1559947746730176	0.25971501720365364	0.11185078369600683	0.2089	0.24969999999999998	0.1118507836960068	0.20889999999999992	0.24969999999999992	-0.03879019762941905	0.13653697218409888	0.24963256076920928	0.24795169188867877	0.06272156065332989	0.2535557419819224	0.1671200694034742	+z	+y	+y	True	True	True	True	False	False
box021_d003_029_p2	box021	d003_box021_20231018_029_p2	known_D003_fail	44	103	right	True	False	0.10984699834397985	0.15443537664454343	0.2647	-0.14335965704504786	0.15622213318389114	0.25993431996645466	0.10984699834397985	0.2089	0.24969999999999998	0.10984699834397982	0.20889999999999984	0.24969999999999978	-0.04294781243139662	0.13499679590846383	0.255183505953002	0.2532578025222735	0.056492434867438185	0.2588306575558028	0.169817568621197	+z	+y	+y	True	True	True	True	False	False
box021_d003_029_p2	box021	d003_box021_20231018_029_p2	known_D003_fail	45	104	right	True	False	0.10791210573912065	0.1539082838948033	0.2647	-0.14692628040000227	0.1575673262864277	0.2597312403140217	0.10791210573912065	0.2089	0.24969999999999998	0.10791210573912068	0.20890000000000009	0.24970000000000006	-0.0377956422218384	0.12838289767686784	0.25888724368444715	0.25491308364623694	0.05700077929462501	0.26015047995883933	0.16672779321062675	+z	+y	+y	True	True	True	True	False	False
box021_d003_029_p2	box021	d003_box021_20231018_029_p2	known_D003_fail	46	105	right	True	False	0.10915875816795009	0.15449128443241256	0.2647	-0.14761570435683413	0.15825407672315045	0.2596201111223884	0.10915875816795009	0.2089	0.24969999999999998	0.10915875816795012	0.20890000000000003	0.24970000000000012	-0.03513647411174507	0.12546960873616272	0.2595006179379356	0.25685226976167436	0.05643853585729021	0.26190941707799836	0.16696645278933592	+z	+y	+y	True	True	True	True	False	False
box021_d003_029_p2	box021	d003_box021_20231018_029_p2	known_D003_fail	47	106	right	True	False	0.10567123065636015	0.1521552063489694	0.2647	-0.15600325710382554	0.1642294360298458	0.25787412618636835	0.10567123065636015	0.2089	0.24969999999999998	0.10567123065636017	0.20890000000000003	0.2496999999999999	-0.04455980969437352	0.12924517034754515	0.26641476525511193	0.26204182322725084	0.058693880485942006	0.2655857924831031	0.1708614665433926	-x	+y	+y	False	True	True	True	False	False
box021_d003_029_p2	box021	d003_box021_20231018_029_p2	known_D003_fail	48	107	right	True	False	0.10594218166732666	0.2089	0.19072759771321696	-0.16559678681052525	0.1890863223657224	0.24272100121568374	0.10594218166732666	0.2089	0.19072759771321696	-0.16559678681052525	0.1890863223657224	0.24272100121568374	-0.06002745913604432	0.16906978954486684	0.25941422128942015	0.2771810008481484	0.0	0.0	0.1839842916979578	-x	+y	-x	False	True	False	False	False	False
box021_d003_029_p2	box021	d003_box021_20231018_029_p2	known_D003_fail	49	108	right	True	False	0.09910261637763573	0.2089	0.12836153582279652	-0.14763286999823322	0.21017313575442972	0.21636780755761462	0.09910261637763573	0.2089	0.12836153582279652	-0.14763286999823322	0.21017313575442972	0.21636780755761462	-0.053142006218874334	0.2171148677450125	0.2198426074798062	0.2619639764861735	0.0	0.0	0.1778052182393328	+y	+y	+y	True	True	True	False	False	False
box021_d003_029_p2	box021	d003_box021_20231018_029_p2	known_D003_fail	50	109	right	True	False	0.1033455638669243	0.2089	0.08251704937543444	-0.12804515046026524	0.2232784481731864	0.18333339052051234	0.1033455638669243	0.2089	0.08251704937543444	-0.12804515046026524	0.2232784481731864	0.18333339052051234	-0.04834679596827039	0.2586073798084146	0.17742861424029488	0.2528088944056296	0.0	0.0	0.18571376035416648	+y	+y	+y	True	True	True	False	False	False
box021_d003_029_p2	box021	d003_box021_20231018_029_p2	known_D003_fail	51	110	right	True	False	0.1596	0.15802896833813654	0.05323649242115295	-0.0836033957559319	0.21487486857630522	0.12225466450100583	0.1446	0.2089	0.05323649242115295	-0.0836033957559319	0.21487486857630522	0.12225466450100583	0.030030207433357447	0.20419856961238442	0.16605156871542495	0.25911938591766626	0.0530364201501413	0.0	0.16085888926551592	+y	+y	+y	True	True	True	False	False	False
box021_d003_029_p2	box021	d003_box021_20231018_029_p2	known_D003_fail	52	111	right	True	False	0.10806555859979393	0.2089	0.03211504264851939	-0.057985955550795984	0.20505900618908726	0.11398578639143328	0.10806555859979393	0.2089	0.03211504264851939	0.10806555859979394	0.20889999999999992	0.03211504264851938	0.041583847195977484	0.20429226801331105	0.12421877632497771	0.18517742104850932	0.0	0.18517742104850934	0.11368441802808976	+y	+y	+y	True	True	True	True	False	False
box021_d003_029_p2	box021	d003_box021_20231018_029_p2	known_D003_fail	53	112	right	True	False	0.11595719094963289	0.15805834565007945	0.2647	-0.14310158050109717	0.17327416958008351	0.2570977749658149	0.11595719094963289	0.2089	0.24969999999999998	0.11595719094963283	0.20889999999999997	0.2496999999999998	-0.0013924228119163529	0.1397187183041977	0.3000396206659766	0.259616567631769	0.053008242915954074	0.2616015556779337	0.14522761099685266	+z	+y	+y	True	True	True	True	False	False
box021_d003_029_p2	box021	d003_box021_20231018_029_p2	known_D003_fail	54	113	right	True	False	0.11959389321727813	0.15657794172043507	0.2647	-0.14153819656420835	0.16092945438440798	0.2595418274862362	0.11959389321727813	0.2089	0.24969999999999998	0.11959389321727804	0.2088999999999998	0.24969999999999973	-0.012386729395955705	0.12179063683781154	0.2733721638853934	0.261219277083053	0.054429750896087974	0.26568402874198643	0.1598977712130967	+z	+y	+y	True	True	True	True	False	False
box021_d003_029_p2	box021	d003_box021_20231018_029_p2	known_D003_fail	55	114	right	True	False	0.12724556659642167	0.1665101763848663	0.2647	-0.14758905669401054	0.15654614643428844	0.25877258977170675	0.12724556659642167	0.2089	0.24969999999999998	0.1272455665964217	0.2089	0.24970000000000003	-0.03572280235861886	0.11421889835689744	0.24955973985269422	0.27507905453535403	0.044965510628949254	0.27992375395371405	0.18847604612026073	+z	+y	+y	True	True	True	True	False	False
box021_d003_029_p2	box021	d003_box021_20231018_029_p2	known_D003_fail	56	115	right	True	False	0.11818813576656058	0.1622810920586998	0.2647	-0.15118889488545495	0.15265718089698435	0.258092817991873	0.11818813576656058	0.2089	0.24969999999999998	0.11818813576656058	0.20890000000000009	0.24970000000000003	-0.06527834532492842	0.12869076913037591	0.2420239480612751	0.26962985584507143	0.048972671742916196	0.27531378232372633	0.20038061825974177	+z	+y	+y	True	True	True	True	False	False
box021_d003_029_p2	box021	d003_box021_20231018_029_p2	known_D003_fail	57	116	right	True	False	0.11104999783254053	0.16622233947425014	0.2647	-0.15071548467079887	0.14978226141277215	0.26205771325699484	0.11104999783254053	0.2089	0.24969999999999998	0.11104999783254049	0.20889999999999995	0.24969999999999987	-0.07688514481391115	0.14701711223852817	0.26780417713713783	0.26229453992812324	0.045236961745359835	0.26864249091090553	0.19868787297933893	+z	+y	+y	True	True	True	True	False	False
box021_d003_029_p2	box021	d003_box021_20231018_029_p2	known_D003_fail	58	117	right	True	False	0.11167203121394155	0.16448351967114613	0.2647	-0.14512853774913226	0.14928627915939016	0.26160734099342325	0.11167203121394155	0.2089	0.24969999999999998	0.11167203121394159	0.20890000000000009	0.2497000000000001	-0.0719459380403518	0.15815755102333964	0.27872384266414624	0.2572684451670308	0.04688095268660251	0.2638979209879348	0.19269856824640064	+z	+y	+y	True	True	True	True	False	False
box021_d003_029_p2	box021	d003_box021_20231018_029_p2	known_D003_fail	59	118	right	True	False	0.11261625782881667	0.1610974933761401	0.2647	-0.1428253528075555	0.15047733524160392	0.2600982940518683	0.11261625782881667	0.2089	0.24969999999999998	0.11261625782881671	0.20890000000000003	0.24970000000000003	-0.06820825669526687	0.15683717964067248	0.2756975864543875	0.25570369551678285	0.050100695000410624	0.26224368194708725	0.18995767112199358	+z	+y	+y	True	True	True	True	False	False
box021_d003_029_p2	box021	d003_box021_20231018_029_p2	known_D003_fail	60	119	right	True	False	0.11355464523620189	0.16041860402278726	0.2647	-0.14256177261927883	0.15130991009979203	0.2599240459624509	0.11355464523620189	0.2089	0.24969999999999998	0.11355464523620193	0.20890000000000003	0.2497000000000001	-0.06638430691200851	0.1544147067966105	0.27615387513178985	0.2563228385007368	0.050748849798781644	0.26271042816317663	0.1898591087758067	+z	+y	+y	True	True	True	True	False	False
box021_d003_029_p2	box021	d003_box021_20231018_029_p2	known_D003_fail	61	120	right	True	False	0.11332523083830069	0.1630287354301823	0.2647	-0.1443558095832548	0.13878772896147798	0.273641409414421	0.11332523083830069	0.2089	0.24969999999999998	-0.1443558095832548	0.13878772896147798	0.273641409414421	-0.07418852948392989	0.1571540618030142	0.2878033560324245	0.25897315264263854	0.04826150550111563	0.0	0.19821936880891058	+z	+y	+z	True	True	True	False	False	False
box021_d003_029_p2	box021	d003_box021_20231018_029_p2	known_D003_fail	62	121	right	True	False	0.11900685248391983	0.1617454937850548	0.2647	-0.13977610744034485	0.14128198319834565	0.27315372515634345	0.11900685248391983	0.2089	0.24969999999999998	-0.13977610744034485	0.14128198319834565	0.27315372515634345	-0.06946188109912314	0.15551568772359742	0.28448076623830176	0.25972839868161307	0.04948279960122817	0.0	0.19894735493527904	+z	+y	+z	True	True	True	False	False	False
box021_d003_029_p2	box021	d003_box021_20231018_029_p2	known_D003_fail	63	122	right	True	False	0.11568592935075761	0.16457868442411924	0.2647	-0.14452772546417186	0.13788485788293905	0.2745916390498595	0.11568592935075761	0.2089	0.24969999999999998	-0.14452772546417186	0.13788485788293905	0.2745916390498595	-0.07371628736871332	0.14678790823420748	0.28000716822237465	0.2617662144942441	0.04679080053148066	0.0	0.2016175490562044	+z	+y	+z	True	True	True	False	False	False
box021_d003_029_p2	box021	d003_box021_20231018_029_p2	known_D003_fail	64	123	right	True	False	0.11574815166514933	0.1646329161746833	0.2647	-0.14359270699915927	0.13656536965969707	0.27506714031246765	0.11574815166514933	0.2089	0.24969999999999998	-0.14359270699915927	0.13656536965969707	0.27506714031246765	-0.07341412268397601	0.1458005778350084	0.2777183199713476	0.2610611915593166	0.046739434211355346	0.0	0.20136764727360357	+z	+y	+z	True	True	True	False	False	False
box021_d003_029_p2	box021	d003_box021_20231018_029_p2	known_D003_fail	65	124	right	True	False	0.11514025069793514	0.1628750801238951	0.2647	-0.1409647758569153	0.13594343958795554	0.27536803654575714	0.11514025069793514	0.2089	0.24969999999999998	-0.1409647758569153	0.13594343958795554	0.27536803654575714	-0.07196424764044092	0.14815862106327357	0.27734614668019414	0.25773805480052675	0.048407574299915886	0.0	0.1986502399692816	+z	+y	+z	True	True	True	False	False	False
box021_d003_029_p2	box021	d003_box021_20231018_029_p2	known_D003_fail	66	125	right	True	False	0.11480081944696961	0.16177550841606816	0.2647	-0.14035215162620415	0.13600200453310235	0.27542484805373907	0.11480081944696961	0.2089	0.24969999999999998	-0.14035215162620415	0.13600200453310235	0.27542484805373907	-0.07165585908226234	0.148752485305977	0.27680738979653324	0.2566755432752581	0.04945419807300552	0.0	0.197784294304685	+z	+y	+z	True	True	True	False	False	False
box021_d003_029_p2	box021	d003_box021_20231018_029_p2	known_D003_fail	67	126	right	True	False	0.1129112919572509	0.16146345921692618	0.2647	-0.1413795830750487	0.13526189873124414	0.27547598901715636	0.1129112919572509	0.2089	0.24969999999999998	-0.1413795830750487	0.13526189873124414	0.27547598901715636	-0.07408151739064009	0.1523586202836483	0.27719237316854906	0.25586420780538127	0.04975163717370743	0.0	0.19727916501872195	+z	+y	+z	True	True	True	False	False	False
box021_d003_029_p2	box021	d003_box021_20231018_029_p2	known_D003_fail	68	127	right	True	False	0.11121543658522651	0.16740494250279037	0.2647	-0.15302788047989574	0.13889231278319822	0.2746063801937904	0.11121543658522651	0.2089	0.24969999999999998	-0.15302788047989574	0.13889231278319822	0.2746063801937904	-0.08757444046635394	0.1628863502045473	0.27590173734276363	0.2659617209969307	0.044123007566310955	0.0	0.2057211759286346	+z	+y	+z	True	True	True	False	False	False
box021_d003_029_p2	box021	d003_box021_20231018_029_p2	known_D003_fail	69	128	right	True	False	0.12159850696810746	0.17130900291747103	0.2647	-0.15403544741153072	0.15041600439387948	0.2593133219234874	0.12159850696810746	0.2089	0.24969999999999998	0.1215985069681075	0.20890000000000009	0.2497000000000001	-0.08589104198231871	0.1787723879690021	0.26905914951610854	0.2764771428074358	0.040473238833316785	0.2819341598803129	0.2105572667953511	+z	+y	+y	True	True	True	True	False	False
box021_d003_029_p2	box021	d003_box021_20231018_029_p2	known_D003_fail	70	129	right	True	False	0.1596	0.18874590439708677	0.24697618924271358	-0.18240639324870928	0.18508009416935145	0.2576901187839306	0.1446	0.2089	0.24697618924271358	0.14459999999999995	0.20889999999999997	0.24697618924271358	-0.11105721064593996	0.20010489163514508	0.2686395872209116	0.3421938039676211	0.025123446610116333	0.32804779747092433	0.25672410502010484	-x	+y	+y	False	True	True	False	False	False
box021_d003_029_p2	box021	d003_box021_20231018_029_p2	known_D003_fail	71	130	right	False	False	nan	nan	nan	-0.22962088038171996	0.2465315560972457	0.2574352366507132	-0.22962088038171996	0.2465315560972457	0.2574352366507132	-0.22962088038171996	0.2465315560972457	0.2574352366507132	-0.22962088038171996	0.2465315560972457	0.2574352366507132	nan	nan	0.0	0.0	-x	-x	-x	False	False	False	False	False	False
box021_d003_029_p2	box021	d003_box021_20231018_029_p2	known_D003_fail	72	131	right	False	False	nan	nan	nan	-0.3069496942554019	0.33592871899080484	0.2459541236197747	-0.3069496942554019	0.33592871899080484	0.2459541236197747	-0.3069496942554019	0.33592871899080484	0.2459541236197747	-0.3069496942554019	0.33592871899080484	0.2459541236197747	nan	nan	0.0	0.0	-x	-x	-x	False	False	False	False	False	False
box021_d003_029_p2	box021	d003_box021_20231018_029_p2	known_D003_fail	73	132	right	False	False	nan	nan	nan	-0.37572311687036114	0.4195416036105651	0.2319671130455558	-0.37572311687036114	0.4195416036105651	0.2319671130455558	-0.37572311687036114	0.4195416036105651	0.2319671130455558	-0.37572311687036114	0.4195416036105651	0.2319671130455558	nan	nan	0.0	0.0	-x	-x	-x	False	False	False	False	False	False
box021_d003_029_p2	box021	d003_box021_20231018_029_p2	known_D003_fail	74	133	right	False	False	nan	nan	nan	-0.42077915580094705	0.48264078978679187	0.18816405511113532	-0.42077915580094705	0.48264078978679187	0.18816405511113532	-0.42077915580094705	0.48264078978679187	0.18816405511113532	-0.42077915580094705	0.48264078978679187	0.18816405511113532	nan	nan	0.0	0.0	-x	-x	-x	False	False	False	False	False	False
box026_039_p2	box026	e091_box026_20231018_039_p2	E092_C2_FAIL_low_support	0	19	left	False	False	nan	nan	nan	0.5828887793364524	0.5266612693870253	-0.37456408975707367	0.5828887793364524	0.5266612693870253	-0.37456408975707367	0.5828887793364524	0.5266612693870253	-0.37456408975707367	0.5828887793364524	0.5266612693870253	-0.37456408975707367	nan	nan	0.0	0.0	+y	+y	+y	True	True	True	False	False	False
box026_039_p2	box026	e091_box026_20231018_039_p2	E092_C2_FAIL_low_support	1	20	left	False	False	nan	nan	nan	0.5545750792898549	0.5309835132925887	-0.40145361264484514	0.5545750792898549	0.5309835132925887	-0.40145361264484514	0.5545750792898549	0.5309835132925887	-0.40145361264484514	0.5545750792898549	0.5309835132925887	-0.40145361264484514	nan	nan	0.0	0.0	+y	+y	+y	True	True	True	False	False	False
box026_039_p2	box026	e091_box026_20231018_039_p2	E092_C2_FAIL_low_support	2	21	left	False	False	nan	nan	nan	0.5306180996522402	0.5313084343060829	-0.4326240252581531	0.5306180996522402	0.5313084343060829	-0.4326240252581531	0.5306180996522402	0.5313084343060829	-0.4326240252581531	0.5306180996522402	0.5313084343060829	-0.4326240252581531	nan	nan	0.0	0.0	+y	+y	+y	True	True	True	False	False	False
box026_039_p2	box026	e091_box026_20231018_039_p2	E092_C2_FAIL_low_support	3	22	left	False	False	nan	nan	nan	0.5010599046651368	0.5224929963463972	-0.45158712938388923	0.5010599046651368	0.5224929963463972	-0.45158712938388923	0.5010599046651368	0.5224929963463972	-0.45158712938388923	0.5010599046651368	0.5224929963463972	-0.45158712938388923	nan	nan	0.0	0.0	+y	+y	+y	True	True	True	False	False	False
box026_039_p2	box026	e091_box026_20231018_039_p2	E092_C2_FAIL_low_support	4	23	left	False	False	nan	nan	nan	0.4698685613894483	0.5100320897796695	-0.44176763597668417	0.4698685613894483	0.5100320897796695	-0.44176763597668417	0.4698685613894483	0.5100320897796695	-0.44176763597668417	0.4698685613894483	0.5100320897796695	-0.44176763597668417	nan	nan	0.0	0.0	+y	+y	+y	True	True	True	False	False	False
box026_039_p2	box026	e091_box026_20231018_039_p2	E092_C2_FAIL_low_support	5	24	left	False	False	nan	nan	nan	0.43330077308191123	0.4922384301644206	-0.4042558688202851	0.43330077308191123	0.4922384301644206	-0.4042558688202851	0.43330077308191123	0.4922384301644206	-0.4042558688202851	0.43330077308191123	0.4922384301644206	-0.4042558688202851	nan	nan	0.0	0.0	+y	+y	+y	True	True	True	False	False	False
box026_039_p2	box026	e091_box026_20231018_039_p2	E092_C2_FAIL_low_support	6	25	left	False	False	nan	nan	nan	0.39178681977436486	0.4867942875878597	-0.3462229783442266	0.39178681977436486	0.4867942875878597	-0.3462229783442266	0.39178681977436486	0.4867942875878597	-0.3462229783442266	0.39178681977436486	0.4867942875878597	-0.3462229783442266	nan	nan	0.0	0.0	+y	+y	+y	True	True	True	False	False	False
box026_039_p2	box026	e091_box026_20231018_039_p2	E092_C2_FAIL_low_support	7	26	left	False	False	nan	nan	nan	0.3253159439749089	0.5006794517641402	-0.2776392491928994	0.3253159439749089	0.5006794517641402	-0.2776392491928994	0.3253159439749089	0.5006794517641402	-0.2776392491928994	0.3253159439749089	0.5006794517641402	-0.2776392491928994	nan	nan	0.0	0.0	+y	+y	+y	True	True	True	False	False	False
box026_039_p2	box026	e091_box026_20231018_039_p2	E092_C2_FAIL_low_support	8	27	left	False	False	nan	nan	nan	0.26975905052645294	0.511107510153667	-0.23298608076831692	0.26975905052645294	0.511107510153667	-0.23298608076831692	0.26975905052645294	0.511107510153667	-0.23298608076831692	0.26975905052645294	0.511107510153667	-0.23298608076831692	nan	nan	0.0	0.0	+y	+y	+y	True	True	True	False	False	False
box026_039_p2	box026	e091_box026_20231018_039_p2	E092_C2_FAIL_low_support	9	28	left	False	False	nan	nan	nan	0.2490693409353395	0.5112448715478333	-0.21347668269582662	0.2490693409353395	0.5112448715478333	-0.21347668269582662	0.2490693409353395	0.5112448715478333	-0.21347668269582662	0.2490693409353395	0.5112448715478333	-0.21347668269582662	nan	nan	0.0	0.0	+y	+y	+y	True	True	True	False	False	False
box026_039_p2	box026	e091_box026_20231018_039_p2	E092_C2_FAIL_low_support	10	29	left	False	False	nan	nan	nan	0.2674734355056884	0.51564438140636	-0.25072385076402975	0.2674734355056884	0.51564438140636	-0.25072385076402975	0.2674734355056884	0.51564438140636	-0.25072385076402975	0.2674734355056884	0.51564438140636	-0.25072385076402975	nan	nan	0.0	0.0	+y	+y	+y	True	True	True	False	False	False
box026_039_p2	box026	e091_box026_20231018_039_p2	E092_C2_FAIL_low_support	11	30	left	False	False	nan	nan	nan	0.27855402413474456	0.5227260513666911	-0.30425746180351815	0.27855402413474456	0.5227260513666911	-0.30425746180351815	0.27855402413474456	0.5227260513666911	-0.30425746180351815	0.27855402413474456	0.5227260513666911	-0.30425746180351815	nan	nan	0.0	0.0	+y	+y	+y	True	True	True	False	False	False
box026_039_p2	box026	e091_box026_20231018_039_p2	E092_C2_FAIL_low_support	12	31	left	False	False	nan	nan	nan	0.26265832061211747	0.5184636929029892	-0.3479653101814585	0.26265832061211747	0.5184636929029892	-0.3479653101814585	0.26265832061211747	0.5184636929029892	-0.3479653101814585	0.26265832061211747	0.5184636929029892	-0.3479653101814585	nan	nan	0.0	0.0	+y	+y	+y	True	True	True	False	False	False
box026_039_p2	box026	e091_box026_20231018_039_p2	E092_C2_FAIL_low_support	13	32	left	False	False	nan	nan	nan	0.24473064162930483	0.49106687337388605	-0.3452386725023355	0.24473064162930483	0.49106687337388605	-0.3452386725023355	0.24473064162930483	0.49106687337388605	-0.3452386725023355	0.24473064162930483	0.49106687337388605	-0.3452386725023355	nan	nan	0.0	0.0	+y	+y	+y	True	True	True	False	False	False
box026_039_p2	box026	e091_box026_20231018_039_p2	E092_C2_FAIL_low_support	14	33	left	False	False	nan	nan	nan	0.22661891994257916	0.4300268759667468	-0.30453457121292254	0.22661891994257916	0.4300268759667468	-0.30453457121292254	0.22661891994257916	0.4300268759667468	-0.30453457121292254	0.22661891994257916	0.4300268759667468	-0.30453457121292254	nan	nan	0.0	0.0	+y	+y	+y	True	True	True	False	False	False
box026_039_p2	box026	e091_box026_20231018_039_p2	E092_C2_FAIL_low_support	15	34	left	False	False	nan	nan	nan	0.21356057616174182	0.36249069586992355	-0.2616918367622109	0.21356057616174182	0.36249069586992355	-0.2616918367622109	0.21356057616174182	0.36249069586992355	-0.2616918367622109	0.21356057616174182	0.36249069586992355	-0.2616918367622109	nan	nan	0.0	0.0	+y	+y	+y	True	True	True	False	False	False
box026_039_p2	box026	e091_box026_20231018_039_p2	E092_C2_FAIL_low_support	16	35	left	False	False	nan	nan	nan	0.20646127973456121	0.30615905035954066	-0.24107345309271183	0.20646127973456121	0.30615905035954066	-0.24107345309271183	0.20646127973456121	0.30615905035954066	-0.24107345309271183	0.20646127973456121	0.30615905035954066	-0.24107345309271183	nan	nan	0.0	0.0	+y	+y	+y	True	True	True	False	False	False
box026_039_p2	box026	e091_box026_20231018_039_p2	E092_C2_FAIL_low_support	17	36	left	True	False	0.14320650436915297	-0.197247	0.22353658720831227	0.2032898835274121	0.2619682002056434	-0.2662332296292263	0.14320650436915297	0.197247	0.21948499999999999	0.2032898835274121	0.2619682002056434	-0.2662332296292263	0.19352788055912973	0.19617631542140654	-0.19355811135809325	0.6740646007884262	0.39451480503893205	0.0	0.41609854494758114	+y	+y	+y	True	True	True	False	False	False
box026_039_p2	box026	e091_box026_20231018_039_p2	E092_C2_FAIL_low_support	18	37	left	True	False	0.14417438202777152	-0.197247	0.2008524147682853	0.21927157543824863	0.22339919938154895	-0.27038219516209455	0.14417438202777152	0.197247	0.2008524147682853	0.14417438202777147	0.19724700000000003	0.20085241476828525	0.19462362721917226	0.20704908145817272	-0.20172734533394904	0.6361170262683665	0.394494	0.47789704287310686	0.40584685582774604	-z	+y	+y	False	True	True	False	False	False
box026_039_p2	box026	e091_box026_20231018_039_p2	E092_C2_FAIL_low_support	19	38	left	True	False	0.14405356288364832	-0.197247	0.2048275063976544	0.2192774807077215	0.21076858575452573	-0.2673332511717967	0.14405356288364832	0.197247	0.2048275063976544	0.14405356288364837	0.19724700000000006	0.20482750639765437	0.1896606732699411	0.2050902464376709	-0.20022234314881251	0.6285468455254307	0.394494	0.4783066506778657	0.4076848116499866	-z	+y	+y	False	True	True	False	False	False
box026_039_p2	box026	e091_box026_20231018_039_p2	E092_C2_FAIL_low_support	20	39	left	True	False	0.14394010868105728	-0.197247	0.20738490498518727	0.2263177132000236	0.2090951053380826	-0.2669526488809044	0.14394010868105728	0.197247	0.20738490498518727	0.1439401086810573	0.19724699999999998	0.20738490498518725	0.19411310303347143	0.1960459141972711	-0.20087497634319135	0.6299968978531053	0.394494	0.4815833908411428	0.41133307996276536	-z	+y	+y	False	True	True	False	False	False
box026_039_p2	box026	e091_box026_20231018_039_p2	E092_C2_FAIL_low_support	21	40	left	True	False	0.14419106739785248	-0.197247	0.2082733516213161	0.22702110097237174	0.20280476373252587	-0.26697212719045205	0.14419106739785248	0.197247	0.2082733516213161	0.14419106739785245	0.197247	0.20827335162131608	0.19367319017987486	0.18531268094718498	-0.20078839533662834	0.626706066077621	0.394494	0.4824416735012527	0.4122164737981185	-z	+y	+y	False	True	True	False	False	False
box026_039_p2	box026	e091_box026_20231018_039_p2	E092_C2_FAIL_low_support	22	41	left	True	False	0.1416696219506442	-0.197247	0.20535395055700514	0.2276202347227286	0.20074668704411475	-0.2666292471119628	0.1416696219506442	0.197247	0.20535395055700514	0.14166962195064417	0.19724699999999995	0.205353950557005	0.1935928963316544	0.18300615027581588	-0.2006753108085037	0.6233414968094853	0.394494	0.4797581625435126	0.4095834338792686	-z	+y	+y	False	True	True	False	False	False
box026_039_p2	box026	e091_box026_20231018_039_p2	E092_C2_FAIL_low_support	23	42	left	True	False	0.14376064108559802	-0.197247	0.2026172544554521	0.22691919096084712	0.20204688944165522	-0.26686724177311877	0.14376064108559802	0.197247	0.2026172544554521	0.14376064108559808	0.19724700000000003	0.20261725445545217	0.19280104297653852	0.18528074523357033	-0.20099102813449046	0.6219056574447559	0.394494	0.4768166057878033	0.4067527480496757	-z	+y	+y	False	True	True	False	False	False
box026_039_p2	box026	e091_box026_20231018_039_p2	E092_C2_FAIL_low_support	24	43	left	True	False	0.1458789941984649	-0.197247	0.19999558785238541	0.22006031831081518	0.21230768252003315	-0.2648909949685806	0.1458789941984649	0.197247	0.19999558785238541	0.14587899419846484	0.19724699999999987	0.19999558785238533	0.1862705970585088	0.21321616231332682	-0.19963430740876678	0.623985129396608	0.394494	0.47100873441156654	0.40198326944418017	-z	+y	+y	False	True	True	False	False	False
box026_039_p2	box026	e091_box026_20231018_039_p2	E092_C2_FAIL_low_support	25	44	left	True	False	0.14581629371931573	-0.197247	0.19887463179238574	0.2142807059333067	0.21118193013382	-0.2631727271258038	0.14581629371931573	0.197247	0.19887463179238574	0.14581629371931576	0.197247	0.19887463179238574	0.18158032569601332	0.22050079430669525	-0.19667622414207367	0.6204750829754071	0.394494	0.46730003199327513	0.3978445482388464	-z	+y	+y	False	True	True	False	False	False
box026_039_p2	box026	e091_box026_20231018_039_p2	E092_C2_FAIL_low_support	26	45	left	True	False	0.14361930563774464	-0.197247	0.20192936057322655	0.2110761830213165	0.20862792117327775	-0.2624092633721115	0.14361930563774464	0.197247	0.20192936057322655	0.14361930563774464	0.197247	0.20192936057322655	0.17737072973122747	0.21719729095611504	-0.19631501758447947	0.62039925824521	0.394494	0.46935094903552155	0.40016966085872846	-z	+y	+y	False	True	True	False	False	False
box026_039_p2	box026	e091_box026_20231018_039_p2	E092_C2_FAIL_low_support	27	46	left	True	False	0.1416351057130253	-0.197247	0.20437191770305174	0.20665556825934864	0.20432648490682348	-0.2631211210279995	0.1416351057130253	0.197247	0.20437191770305174	0.14163510571302526	0.197247	0.20437191770305171	0.1724674993720642	0.2137785250556232	-0.19739611901974488	0.619708532773223	0.394494	0.4720461004163427	0.4032883374851064	-z	+y	+y	False	True	True	False	False	False
box026_039_p2	box026	e091_box026_20231018_039_p2	E092_C2_FAIL_low_support	28	47	left	True	False	0.138983372663961	-0.197247	0.20426533817034004	0.1978949830295913	0.20218063945520048	-0.26447172148261033	0.138983372663961	0.197247	0.20426533817034004	0.13898337266396094	0.197247	0.20426533817034004	0.16467434957922686	0.20062929519143038	-0.1989692875049023	0.6186496973964499	0.394494	0.4724503674739171	0.40406636776534066	-z	+y	+y	False	True	True	False	False	False
box026_039_p2	box026	e091_box026_20231018_039_p2	E092_C2_FAIL_low_support	29	48	left	True	False	0.13842054075277646	-0.197247	0.2043831923366879	0.19507268434462047	0.20025792738563503	-0.26760739883441786	0.13842054075277646	0.197247	0.2043831923366879	0.1384205407527764	0.19724699999999998	0.20438319233668786	0.16471150325005957	0.17211215449054804	-0.20004325383611643	0.6196730999676037	0.394494	0.47538789342106974	0.40605877103170884	-z	+y	+y	False	True	True	False	False	False
box026_039_p2	box026	e091_box026_20231018_039_p2	E092_C2_FAIL_low_support	30	49	left	True	False	0.13758237990116645	-0.197247	0.1971724660053224	0.1897496051418675	0.19811268072512334	-0.27210752984491926	0.13758237990116645	0.197247	0.1971724660053224	0.13758237990116656	0.19724700000000012	0.1971724660053225	0.16157692642733892	0.1410660936939173	-0.1977417545146196	0.6158363508575865	0.394494	0.4721714554032622	0.3996114038228174	-z	+y	+y	False	True	True	False	False	False
box026_039_p2	box026	e091_box026_20231018_039_p2	E092_C2_FAIL_low_support	31	50	left	True	False	0.12864567003888	-0.197247	0.22035208212014756	0.205122181575446	0.19844163952255303	-0.27577656530579436	0.12864567003888	0.197247	0.21948499999999999	0.12864567003888003	0.197247	0.21948499999999999	0.18792644618518947	0.13944188041481115	-0.19772513748687212	0.639188384641575	0.39449495290485415	0.5011328187711687	0.42534684798712397	-z	+y	+y	False	True	True	False	False	False
box026_039_p2	box026	e091_box026_20231018_039_p2	E092_C2_FAIL_low_support	32	51	left	True	False	0.12579031947776287	-0.197247	0.21543150015312382	0.20549719205822098	0.19569676477336906	-0.2823791300969643	0.12579031947776287	0.197247	0.21543150015312382	0.12579031947776287	0.19724699999999992	0.21543150015312376	0.20146949765194908	0.1270231848026104	-0.19625549724887054	0.6391974744950234	0.394494	0.504153758644925	0.4244348077854443	-z	+y	+y	False	True	True	False	False	False
box026_039_p2	box026	e091_box026_20231018_039_p2	E092_C2_FAIL_low_support	33	52	left	True	False	0.12584390671741447	-0.197247	0.21158403468949233	0.20538659529883121	0.192687425188911	-0.2939948758244226	0.12584390671741447	0.197247	0.21158403468949233	0.12584390671741455	0.19724700000000014	0.2115840346894925	0.22429542197828367	0.1034585977716548	-0.19132548136757643	0.6434173839822823	0.394494	0.5118181940744735	0.42523528002630306	-z	+y	+y	False	True	True	False	False	False
box026_039_p2	box026	e091_box026_20231018_039_p2	E092_C2_FAIL_low_support	34	53	left	True	False	0.12646747407758208	-0.197247	0.2104094650547163	0.21197395963206328	0.19525671670228362	-0.2973373522620788	0.12646747407758208	0.197247	0.2104094650547163	0.12646747407758202	0.19724700000000003	0.2104094650547163	0.24203314233568343	0.11974372860316658	-0.19943258520978022	0.6474390760467893	0.394494	0.5149001367205284	0.4328194622728498	-z	+y	+y	False	True	True	False	False	False
box026_039_p2	box026	e091_box026_20231018_039_p2	E092_C2_FAIL_low_support	35	54	left	True	False	0.12694072520124144	-0.197247	0.21170185827900317	0.2172585838255698	0.191860137075284	-0.30282947273618255	0.12694072520124144	0.197247	0.21170185827900317	0.12694072520124147	0.19724700000000012	0.21170185827900323	0.25637914458884836	0.10577536467566725	-0.19784087835473635	0.6513863448873232	0.394494	0.5224259033345423	0.43914304914449265	-z	+y	+y	False	True	True	False	False	False
box026_039_p2	box026	e091_box026_20231018_039_p2	E092_C2_FAIL_low_support	36	55	left	True	False	0.1278677819406381	-0.197247	0.21027746797960442	0.22140914681296392	0.18904211069452811	-0.30898863903241297	0.1278677819406381	0.197247	0.21027746797960442	0.12786778194063803	0.19724699999999992	0.2102774679796043	0.22446049630910314	0.08540397917371488	-0.20219559700233075	0.6539163202388841	0.394494	0.5276879731831192	0.43814728472536313	-z	+y	+y	False	True	True	False	False	False
box026_039_p2	box026	e091_box026_20231018_039_p2	E092_C2_FAIL_low_support	37	56	left	True	False	0.12574014575129636	-0.197247	0.21011841665736103	0.2307732140160379	0.19055915340185384	-0.3103916867171224	0.12574014575129636	0.197247	0.21011841665736103	0.12574014575129633	0.19724700000000003	0.21011841665736103	0.22797358433619236	0.0839445401115394	-0.1996220518311639	0.6575380793234438	0.394494	0.5310437274237797	0.4372372066726068	-z	+y	+y	False	True	True	False	False	False
box026_039_p2	box026	e091_box026_20231018_039_p2	E092_C2_FAIL_low_support	38	57	left	True	False	0.12363037457562225	-0.197247	0.21127848025815418	0.2404050698598851	0.18134526647495114	-0.3058476552534454	0.12363037457562225	0.197247	0.21127848025815418	0.12363037457562219	0.19724699999999987	0.21127848025815404	0.24166293753829549	0.09156474014411874	-0.19968802630763463	0.6514505919273803	0.394494	0.530385364256024	0.44044738106460796	-z	+y	+y	False	True	True	False	False	False
box026_039_p2	box026	e091_box026_20231018_039_p2	E092_C2_FAIL_low_support	39	58	left	True	False	0.12269557143998534	-0.197247	0.21081649438549832	0.24956319871432084	0.17970692222512052	-0.3006615341291334	0.12269557143998534	0.197247	0.21081649438549832	0.12269557143998537	0.19724700000000003	0.21081649438549835	0.25891503003380373	0.10347010881034187	-0.1917096951851695	0.6479193066920728	0.394494	0.5272692128616869	0.43517488382381536	-z	+y	+y	False	True	True	False	False	False
box026_039_p2	box026	e091_box026_20231018_039_p2	E092_C2_FAIL_low_support	40	59	left	True	False	0.12490542902713762	-0.197247	0.211616968707376	0.25728598762876403	0.1862650281976624	-0.29383095516881225	0.12490542902713762	0.197247	0.211616968707376	0.12490542902713765	0.19724699999999998	0.21161696870737604	0.27453354459059337	0.1135683390930819	-0.18066109939069167	0.6481386362644278	0.394494	0.522611538096027	0.4281036953461136	-z	+y	+y	False	True	True	False	False	False
box026_039_p2	box026	e091_box026_20231018_039_p2	E092_C2_FAIL_low_support	41	60	left	True	False	0.12605763393931574	-0.197247	0.2158350718186831	0.2566752295957534	0.19248880148656017	-0.29239248671297147	0.12605763393931574	0.197247	0.2158350718186831	0.12605763393931577	0.19724700000000003	0.21583507181868314	0.28659531006909095	0.1189300718524225	-0.17203993206759505	0.653643788700303	0.394494	0.524765517159053	0.42702799127387625	-z	+y	+y	False	True	True	False	False	False
box026_039_p2	box026	e091_box026_20231018_039_p2	E092_C2_FAIL_low_support	42	61	left	True	False	0.12554131758373321	-0.197247	0.22087697024702777	0.2575233882143607	0.19232104788158827	-0.2916397720997409	0.12554131758373321	0.197247	0.21948499999999999	0.12554131758373316	0.197247	0.21948500000000004	0.2978957287876784	0.11906751061936352	-0.16261101909731884	0.6571574712988992	0.39449645577263254	0.5279129328082738	0.4263982216558769	-z	+y	+y	False	True	True	False	False	False
box026_039_p2	box026	e091_box026_20231018_039_p2	E092_C2_FAIL_low_support	43	62	left	True	False	0.12410767448655402	-0.197247	0.21614086260650295	0.26462597814141875	0.20228389499404875	-0.2836236628344108	0.12410767448655402	0.197247	0.21614086260650295	0.12410767448655402	0.19724699999999984	0.21614086260650286	0.3069465412228528	0.13358959917798385	-0.15272488755762917	0.6550838958530183	0.394494	0.5191679351254308	0.41658643462428874	-z	+y	+y	False	True	True	False	False	False
box026_039_p2	box026	e091_box026_20231018_039_p2	E092_C2_FAIL_low_support	44	63	left	True	False	0.12645436711887426	-0.197247	0.20764280871662683	0.26441103063536664	0.2090569003092899	-0.28113035104054296	0.12645436711887426	0.197247	0.20764280871662683	0.12645436711887428	0.197247	0.2076428087166269	0.30879871052250446	0.14302405920868502	-0.14954834818082274	0.6503953429370107	0.394494	0.5080066106390014	0.4046913755506755	-z	+y	+y	False	True	True	False	False	False
box026_039_p2	box026	e091_box026_20231018_039_p2	E092_C2_FAIL_low_support	45	64	left	True	False	0.12854052312859796	-0.197247	0.20892473817097929	0.26220074472600846	0.21429000510609017	-0.28009500327918824	0.12854052312859796	0.197247	0.20892473817097929	0.12854052312859804	0.1972470000000002	0.20892473817097942	0.3089035673954786	0.14742722417515103	-0.14973918029056452	0.6529686584646676	0.394494	0.5072433601226377	0.40454004030088775	-z	+y	+y	False	True	True	False	False	False
box026_039_p2	box026	e091_box026_20231018_039_p2	E092_C2_FAIL_low_support	46	65	left	True	False	0.13083493802141674	-0.197247	0.2085338172800258	0.25864463142810973	0.21689028628256862	-0.2814406018079041	0.13083493802141674	0.197247	0.2085338172800258	0.13083493802141677	0.19724699999999987	0.2085338172800258	0.3079978275335409	0.1478271259510037	-0.1533484145411937	0.654155899597915	0.394494	0.5067505380216643	0.40594059057848675	-z	+y	+y	False	True	True	False	False	False
box026_039_p2	box026	e091_box026_20231018_039_p2	E092_C2_FAIL_low_support	47	66	left	True	False	0.13110999849909308	-0.197247	0.20781577319983885	0.25528369768162185	0.21893087445914963	-0.28283244380349293	0.13110999849909308	0.197247	0.20781577319983885	0.13110999849909305	0.19724700000000003	0.20781577319983885	0.3007520090858548	0.15221303321676544	-0.1607967827086589	0.6552547623684679	0.394494	0.5065816526768235	0.4082666852604408	-z	+y	+y	False	True	True	False	False	False
box026_039_p2	box026	e091_box026_20231018_039_p2	E092_C2_FAIL_low_support	48	67	left	True	False	0.13052334437753738	-0.197247	0.2095372821697609	0.2525411294443456	0.2154876006886102	-0.284490917581427	0.13052334437753738	0.197247	0.2095372821697609	0.1305233443775374	0.19724699999999992	0.20953728216976084	0.29701235108188684	0.1487673711462169	-0.16438921792839506	0.6552114564227308	0.394494	0.5092002764487571	0.41217701445235605	-z	+y	+y	False	True	True	False	False	False
box026_039_p2	box026	e091_box026_20231018_039_p2	E092_C2_FAIL_low_support	49	68	left	True	False	0.12950765797893848	-0.197247	0.21098008115776912	0.24816665303542207	0.2090569408826527	-0.28647526114900973	0.12950765797893848	0.197247	0.21098008115776912	0.1295076579789385	0.197247	0.21098008115776912	0.29379296473606387	0.1422441978257303	-0.16705104042301788	0.6531651147100122	0.394494	0.5115478955103039	0.41583951128642455	-z	+y	+y	False	True	True	False	False	False
box026_039_p2	box026	e091_box026_20231018_039_p2	E092_C2_FAIL_low_support	50	69	left	True	False	0.12918496046988684	-0.197247	0.21256026444817752	0.2477049540169375	0.20191652832657733	-0.2805225512189192	0.12918496046988684	0.197247	0.21256026444817752	0.1291849604698868	0.19724699999999998	0.2125602644481775	0.28863010183740206	0.14492206595934157	-0.16786665035617557	0.6453752197928794	0.394494	0.507148357457044	0.4157947682879436	-z	+y	+y	False	True	True	False	False	False
box026_039_p2	box026	e091_box026_20231018_039_p2	E092_C2_FAIL_low_support	51	70	left	True	False	0.12807838322475548	-0.197247	0.21585955235619725	0.2487851175250494	0.1916556493343151	-0.2766671449299682	0.12807838322475548	0.197247	0.21585955235619725	0.12807838322475548	0.197247	0.21585955235619722	0.2899266224016684	0.13755972540122535	-0.1634153782951039	0.6390601958378483	0.394494	0.5071330461006524	0.41666160885573084	-z	+y	+y	False	True	True	False	False	False
box026_039_p2	box026	e091_box026_20231018_039_p2	E092_C2_FAIL_low_support	52	71	left	True	False	0.1255443324640844	-0.197247	0.21482065478725712	0.2485548023009497	0.1880712672792538	-0.27784510964960446	0.1255443324640844	0.197247	0.21482065478725712	0.12554433246408442	0.197247	0.21482065478725712	0.29166697066348485	0.13327459160589308	-0.16239874964953552	0.6374333676838153	0.394494	0.5078733357921108	0.4171135085821602	-z	+y	+y	False	True	True	False	False	False
box026_039_p2	box026	e091_box026_20231018_039_p2	E092_C2_FAIL_low_support	53	72	left	True	False	0.12667372929950185	-0.197247	0.21715595648998834	0.24992324577176056	0.19223639626383954	-0.28001267563856325	0.12667372929950185	0.197247	0.21715595648998834	0.1266737292995018	0.1972469999999999	0.21715595648998828	0.29821948031549544	0.12855093809667464	-0.15828242226308473	0.6434783664183557	0.394494	0.5122423237424075	0.4184507974104037	-z	+y	+y	False	True	True	False	False	False
box026_039_p2	box026	e091_box026_20231018_039_p2	E092_C2_FAIL_low_support	54	73	left	True	False	0.12860902395641854	-0.197247	0.21862679717546762	0.2508787561859375	0.20281192690529698	-0.2806498468169482	0.12860902395641854	0.197247	0.21862679717546762	0.12860902395641852	0.19724699999999992	0.21862679717546757	0.3012399491526917	0.13218421991503523	-0.1569535973333404	0.6513633391989647	0.394494	0.5140603301824301	0.41844382469561864	-z	+y	+y	False	True	True	False	False	False
box026_039_p2	box026	e091_box026_20231018_039_p2	E092_C2_FAIL_low_support	55	74	left	True	False	0.13019242402246442	-0.197247	0.21095161252837144	0.2468203832533614	0.21316335883886073	-0.28357220876003536	0.13019242402246442	0.197247	0.21095161252837144	0.13019242402246436	0.19724699999999992	0.21095161252837136	0.2917028806201947	0.14821364228856945	-0.1686270177512374	0.6531405310791042	0.394494	0.508339671061328	0.4154152552853691	-z	+y	+y	False	True	True	False	False	False
box026_039_p2	box026	e091_box026_20231018_039_p2	E092_C2_FAIL_low_support	56	75	left	True	False	0.13011036529530517	-0.197247	0.20374068822292776	0.2431845087605852	0.21737664570061496	-0.28461411720120106	0.13011036529530517	0.197247	0.20374068822292776	0.13011036529530515	0.19724699999999992	0.20374068822292776	0.28059764109368335	0.1627507686161058	-0.1780227000138133	0.6505297421911733	0.394494	0.5016785629636548	0.41180055215468686	-z	+y	+y	False	True	True	False	False	False
box026_039_p2	box026	e091_box026_20231018_039_p2	E092_C2_FAIL_low_support	57	76	left	True	False	0.13741444185488344	-0.197247	0.18450602124850662	0.22207128145097152	0.21538278910252065	-0.29793100624617497	0.13741444185488344	0.197247	0.18450602124850662	0.13741444185488347	0.19724699999999998	0.18450602124850665	0.26066177783319255	0.16004779553694287	-0.19386389263541484	0.6404495365312498	0.394494	0.4901440327441242	0.39967171324846185	-z	+y	+y	False	True	True	False	False	False
box026_039_p2	box026	e091_box026_20231018_039_p2	E092_C2_FAIL_low_support	58	77	left	True	False	0.13643443549833004	-0.197247	0.17004115865585548	0.2038705075129044	0.21252663973703814	-0.3037100923284536	0.13643443549833004	0.197247	0.17004115865585548	0.1364344354983301	0.19724699999999992	0.17004115865585553	0.24074644696964848	0.15827946847679283	-0.2018859407753406	0.6300018312999515	0.394494	0.47877065387139844	0.3882386270600949	-z	+y	+y	False	True	True	False	False	False
box026_039_p2	box026	e091_box026_20231018_039_p2	E092_C2_FAIL_low_support	59	78	left	True	False	0.13336825969755686	-0.197247	0.21271445906463346	0.24687796800937423	0.22963571535729096	-0.27727505605639935	0.13336825969755686	0.197247	0.21271445906463346	0.13336825969755692	0.19724700000000006	0.21271445906463352	0.2762302585809746	0.18161574357836874	-0.17766551988244425	0.6596991977260489	0.394494	0.504007150437446	0.4159932870431989	-z	+y	+y	False	True	True	False	False	False
box026_039_p2	box026	e091_box026_20231018_039_p2	E092_C2_FAIL_low_support	60	79	left	True	False	0.1324351056716203	-0.197247	0.21084183860310188	0.24513503158008784	0.22902559759181124	-0.27779009023006573	0.1324351056716203	0.197247	0.21084183860310188	0.13243510567162034	0.19724700000000003	0.21084183860310185	0.27401772984170614	0.18449725213262233	-0.17965140763860152	0.6581570957094257	0.394494	0.5024662321389349	0.41556367851143233	-z	+y	+y	False	True	True	False	False	False
box026_039_p2	box026	e091_box026_20231018_039_p2	E092_C2_FAIL_low_support	61	80	left	True	False	0.13324964923907073	-0.197247	0.21178165646889371	0.2453061271228378	0.22976129650276145	-0.2772038697875107	0.13324964923907073	0.197247	0.21178165646889371	0.13324964923907076	0.19724700000000003	0.21178165646889374	0.27495367382006763	0.18534918883245227	-0.17926498808957553	0.6587864482563057	0.394494	0.5027133165145294	0.41609982782196414	-z	+y	+y	False	True	True	False	False	False
box026_039_p2	box026	e091_box026_20231018_039_p2	E092_C2_FAIL_low_support	62	81	left	True	False	0.13304099489226662	-0.197247	0.21093667105480884	0.24601888676333578	0.2303740645366271	-0.27575938150161217	0.13304099489226662	0.197247	0.21093667105480884	0.1330409948922666	0.19724699999999995	0.21093667105480873	0.2749609879547502	0.1881052806774199	-0.17869954301190544	0.6576449090969014	0.394494	0.5007339153986349	0.41477853702339834	-z	+y	+y	False	True	True	False	False	False
box026_039_p2	box026	e091_box026_20231018_039_p2	E092_C2_FAIL_low_support	63	82	left	True	False	0.13462173391994087	-0.197247	0.20839953626731542	0.24636965959928597	0.22912331758874177	-0.2754515931440593	0.13462173391994087	0.197247	0.20839953626731542	0.1346217339199409	0.197247	0.2083995362673154	0.2764212287806131	0.18660910045517248	-0.178081678750138	0.6545159753948133	0.394494	0.49760990137789424	0.4118106254224564	-z	+y	+y	False	True	True	False	False	False
box026_039_p2	box026	e091_box026_20231018_039_p2	E092_C2_FAIL_low_support	64	83	left	True	False	0.13690721012764198	-0.197247	0.20671507310861212	0.24548272213845565	0.22781007549147222	-0.2751590054204601	0.13690721012764198	0.197247	0.20671507310861212	0.136907210127642	0.19724700000000003	0.20671507310861215	0.2745558703084752	0.18806465689725663	-0.17899667003334171	0.6516630930105034	0.394494	0.49489935436424876	0.4096401077434186	-z	+y	+y	False	True	True	False	False	False
box026_039_p2	box026	e091_box026_20231018_039_p2	E092_C2_FAIL_low_support	65	84	left	True	False	0.1376893054410186	-0.197247	0.2113817568517726	0.2544250383267029	0.2225346688347583	-0.26763764270556584	0.1376893054410186	0.197247	0.2113817568517726	0.13768930544101854	0.19724699999999992	0.21138175685177255	0.27874912458560086	0.18510572300304143	-0.17220853117409876	0.6475364591853694	0.394494	0.4936864214050527	0.4088848153844675	-z	+y	+y	False	True	True	False	False	False
box026_039_p2	box026	e091_box026_20231018_039_p2	E092_C2_FAIL_low_support	66	85	left	True	False	0.13466386372634054	-0.197247	0.21540246435741156	0.2594955763218329	0.20470334062922815	-0.2648677497988713	0.13466386372634054	0.197247	0.21540246435741156	0.13466386372634054	0.19724699999999998	0.21540246435741153	0.28391928260362137	0.16387706489567883	-0.16614950194812667	0.6385972998746534	0.394494	0.49628422510777476	0.4110628122619726	-z	+y	+y	False	True	True	False	False	False
box026_039_p2	box026	e091_box026_20231018_039_p2	E092_C2_FAIL_low_support	67	86	left	True	False	0.1347845132376344	-0.197247	0.21478547668315373	0.2632040032458995	0.19375188594719542	-0.26673404199270784	0.1347845132376344	0.197247	0.21478547668315373	0.13478451323763452	0.19724700000000012	0.21478547668315381	0.2886100917023538	0.1463802785948342	-0.1641571835796428	0.6334293497239959	0.394494	0.4983621455348093	0.4121253106805763	-z	+y	+y	False	True	True	False	False	False
box026_039_p2	box026	e091_box026_20231018_039_p2	E092_C2_FAIL_low_support	68	87	left	True	False	0.13246678102096157	-0.197247	0.21675839360626115	0.26457506168763745	0.188653011088613	-0.2684537937748117	0.13246678102096157	0.197247	0.21675839360626115	0.13246678102096154	0.19724699999999998	0.21675839360626115	0.2987587130957214	0.1283134851044222	-0.1564770712764507	0.6338787606175349	0.394494	0.5029486268489454	0.41437850860684056	-z	+y	+y	False	True	True	False	False	False
box026_039_p2	box026	e091_box026_20231018_039_p2	E092_C2_FAIL_low_support	69	88	left	True	False	0.13324231508541062	-0.197247	0.2181820576019322	0.26559644043447195	0.1935212955237962	-0.2695824425320824	0.13324231508541062	0.197247	0.2181820576019322	0.1332423150854106	0.19724699999999992	0.21818205760193213	0.308142010948108	0.12266962220712938	-0.14922141960564617	0.6388518473593647	0.394494	0.5054163659417293	0.4136870845887555	-z	+y	+y	False	True	True	False	False	False
box026_039_p2	box026	e091_box026_20231018_039_p2	E092_C2_FAIL_low_support	70	89	left	True	False	0.13682125986894247	-0.197247	0.22018241169019448	0.26672460835083794	0.21167944885036122	-0.2709641394615509	0.13682125986894247	0.197247	0.21948499999999999	0.13682125986894247	0.19724700000000003	0.21948499999999999	0.31372571660115406	0.13354032673794292	-0.1471513811331027	0.65216612548064	0.39449461646398376	0.507566285252678	0.41203878822292345	-z	+y	+y	False	True	True	False	False	False
box026_039_p2	box026	e091_box026_20231018_039_p2	E092_C2_FAIL_low_support	71	90	left	True	False	0.13609262027914898	-0.197247	0.22329894951573223	0.2699801376811916	0.2146325132061882	-0.26790125196049597	0.13609262027914898	0.197247	0.21948499999999999	0.13609262027914895	0.197247	0.219485	0.31664562814380615	0.13960492508781305	-0.14205365076293952	0.6548650537670613	0.39451243611185255	0.5057405283202295	0.40820606737852866	-z	+y	+y	False	True	True	False	False	False
box026_039_p2	box026	e091_box026_20231018_039_p2	E092_C2_FAIL_low_support	72	91	left	True	False	0.12612542225268283	-0.197247	0.21901692164634992	0.27059355436656196	0.20390066365462486	-0.26615075501534424	0.12612542225268283	0.197247	0.21901692164634992	0.12612542225268272	0.19724699999999984	0.21901692164634978	0.3164548958099943	0.13161054732316935	-0.13841938788905986	0.6458933067692709	0.394494	0.5062637523206734	0.4102367216606705	-z	+y	+y	False	True	True	False	False	False
box026_039_p2	box026	e091_box026_20231018_039_p2	E092_C2_FAIL_low_support	73	92	left	True	False	0.12109011300469674	-0.197247	0.2177595505858257	0.2708249056457972	0.19096710126841693	-0.26591923703151404	0.12109011300469674	0.197247	0.2177595505858257	0.12109011300469676	0.197247	0.21775955058582563	0.31606380803749956	0.1198096501279838	-0.1373327503241349	0.6380249729766835	0.394494	0.5063646066287926	0.4124340275431641	-z	+y	+y	False	True	True	False	False	False
box026_039_p2	box026	e091_box026_20231018_039_p2	E092_C2_FAIL_low_support	74	93	left	True	False	0.1206729622224405	-0.197247	0.2148401987803626	0.2643898198739476	0.17831333778883054	-0.27043208373937	0.1206729622224405	0.197247	0.2148401987803626	0.12067296222244045	0.19724700000000003	0.2148401987803625	0.31311437004732545	0.11278371812265543	-0.14539704120344765	0.6302295539525223	0.394494	0.5064604692568427	0.4170594807725497	-z	+y	+y	False	True	True	False	False	False
box026_039_p2	box026	e091_box026_20231018_039_p2	E092_C2_FAIL_low_support	75	94	left	True	False	0.11554164202724096	-0.197247	0.21479886820945654	0.2636771859679573	0.17566112406022988	-0.2679770930608185	0.11554164202724096	0.197247	0.21479886820945654	0.11554164202724099	0.19724700000000003	0.21479886820945657	0.3112725397808153	0.11829716685212299	-0.1485810527900212	0.6277557145491945	0.394494	0.5054529831736452	0.4202244965195205	-z	+y	+y	False	True	True	False	False	False
box026_039_p2	box026	e091_box026_20231018_039_p2	E092_C2_FAIL_low_support	76	95	left	True	False	0.11044651389525573	-0.197247	0.21774837391548504	0.26585712025346525	0.16955388611336994	-0.26284876426960563	0.11044651389525573	0.197247	0.21774837391548504	0.11044651389525569	0.19724699999999987	0.21774837391548493	0.3142301019770111	0.11961777229191865	-0.14501778715881247	0.6242346961310936	0.394494	0.5058586505705553	0.4232650887878787	-z	+y	+y	False	True	True	False	False	False
box026_039_p2	box026	e091_box026_20231018_039_p2	E092_C2_FAIL_low_support	77	96	left	True	False	0.10851463947116563	-0.197247	0.22217737172611615	0.26749947739439	0.16438484755876015	-0.26331223965302825	0.10851463947116563	0.197247	0.21948499999999999	0.10851463947116563	0.197247	0.21948499999999999	0.3230236414707061	0.11051717329197748	-0.13832063494142033	0.625902496092889	0.3945031874415105	0.5093616341747077	0.42609980893621086	-z	+y	+y	False	True	True	False	False	False
box026_039_p2	box026	e091_box026_20231018_039_p2	E092_C2_FAIL_low_support	78	97	left	True	False	0.10515252895477978	-0.197247	0.21932956814974788	0.269692814532421	0.1616244842586476	-0.27029557877327304	0.10515252895477978	0.197247	0.21932956814974788	0.10515252895477982	0.19724699999999998	0.2193295681497478	0.33265394856981806	0.11447076490709462	-0.13817121289704257	0.628963458629646	0.394494	0.5177598417269385	0.4317587398907854	-z	+y	+y	False	True	True	False	False	False
box026_039_p2	box026	e091_box026_20231018_039_p2	E092_C2_FAIL_low_support	79	98	left	True	False	0.10145037374470024	-0.197247	0.22506882244078313	0.2801577245151569	0.15678695100931017	-0.26848136934262534	0.10145037374470024	0.197247	0.21948499999999999	0.10145037374470024	0.197247	0.2194849999999999	0.3464050700006237	0.11495430647549955	-0.13617209236782973	0.6331414908976484	0.39453351582476515	0.521233642806321	0.43962126652027206	-z	+y	+y	False	True	True	False	False	False
box026_039_p2	box026	e091_box026_20231018_039_p2	E092_C2_FAIL_low_support	80	99	left	True	False	0.09954438756479686	-0.197247	0.2272160795764909	0.28386533413937215	0.15141377672073447	-0.26813577706997976	0.09954438756479686	0.197247	0.21948499999999999	0.09954438756479687	0.19724699999999992	0.21948499999999996	0.3367848206055675	0.09494700698597659	-0.1462360300552999	0.6331761290926553	0.39456974748125084	0.5233057595064718	0.4477724684086229	-z	+y	+y	False	True	True	False	False	False
box026_039_p2	box026	e091_box026_20231018_039_p2	E092_C2_FAIL_low_support	81	100	left	True	False	0.10181894238148186	-0.197247	0.22905728042913195	0.2869470447958519	0.14804657677963123	-0.2629476662854743	0.10181894238148186	0.197247	0.21948499999999999	0.10181894238148188	0.19724699999999998	0.21948499999999996	0.32941977139674616	0.07775760738816856	-0.149341261631305	0.6289427128606063	0.3946101171898839	0.5190706825162837	0.4495694202057162	-z	+y	+y	False	True	True	False	False	False
box026_039_p2	box026	e091_box026_20231018_039_p2	E092_C2_FAIL_low_support	82	101	left	True	False	0.10484283977337909	-0.197247	0.2322940778550918	0.2863768279951333	0.14958841030844963	-0.262095454223569	0.10484283977337909	0.197247	0.21948499999999999	0.10484283977337905	0.19724699999999998	0.21948499999999999	0.31528685422104374	0.07028926804091036	-0.1600892747033586	0.6306111322776373	0.3947018982871729	0.5168613585297924	0.4521963942112162	-z	+y	+y	False	True	True	False	False	False
box026_039_p2	box026	e091_box026_20231018_039_p2	E092_C2_FAIL_low_support	83	102	left	True	False	0.10356378431652283	-0.197247	0.22915566130855186	0.28182647315245885	0.1475150677164688	-0.2638703891234713	0.10356378431652283	0.197247	0.21948499999999999	0.10356378431652287	0.197247	0.21948500000000007	0.28319238609311	0.06737858915250194	-0.1801456758676513	0.6274656611893217	0.3946125159268833	0.5175744231647985	0.45698677859069625	-z	+y	+y	False	True	True	False	False	False
box026_039_p2	box026	e091_box026_20231018_039_p2	E092_C2_FAIL_low_support	84	103	left	True	False	0.10305797905655172	-0.197247	0.22510499664001563	0.2824542232745958	0.14600775063624277	-0.26891838304379795	0.10305797905655172	0.197247	0.21948499999999999	0.10305797905655165	0.19724699999999992	0.21948499999999999	0.2717795079228984	0.05637246237256811	-0.1817820844963301	0.6277467132117115	0.3945340294552978	0.5228253414702928	0.4575236198874601	-z	+y	+y	False	True	True	False	False	False
box026_039_p2	box026	e091_box026_20231018_039_p2	E092_C2_FAIL_low_support	85	104	left	True	False	0.10031492762742635	-0.197247	0.23229396128750598	0.2923125085269852	0.14322217610423085	-0.2673277195339749	0.10031492762742635	0.197247	0.21948499999999999	0.10031492762742632	0.197247	0.219485	0.2869337454051822	0.054990683767507514	-0.17195709174385887	0.6343533360007324	0.3947018945042763	0.5260878030978441	0.4563883804892646	-z	+y	+y	False	True	True	False	False	False
box026_039_p2	box026	e091_box026_20231018_039_p2	E092_C2_FAIL_low_support	86	105	left	True	False	0.10258130251030771	-0.197247	0.234485	0.29575443063112505	0.14458889975097883	-0.26544259056088215	0.10258130251030771	0.197247	0.21948499999999999	0.10258130251030768	0.19724699999999998	0.21948499999999999	0.29652170737011674	0.05273334300496756	-0.1619407274194069	0.6356848555617414	0.39477907243925686	0.5246365418430174	0.4516443990936766	-z	+y	+y	False	True	True	False	False	False
box026_039_p2	box026	e091_box026_20231018_039_p2	E092_C2_FAIL_low_support	87	106	left	True	False	0.10523618192120697	-0.197247	0.22998173901543123	0.290354995597547	0.14559211359297378	-0.2659681011450971	0.10523618192120697	0.197247	0.21948499999999999	0.10523618192120701	0.19724700000000012	0.21948500000000007	0.29709911535747646	0.057420262415868076	-0.15001098131184948	0.6306931717891079	0.39463362447459804	0.5221129340267776	0.43919264790726936	-z	+y	+y	False	True	True	False	False	False
box026_039_p2	box026	e091_box026_20231018_039_p2	E092_C2_FAIL_low_support	88	107	left	True	False	0.10598067790859352	-0.197247	0.2287681259902889	0.28696898782898195	0.13298118395299566	-0.27428781606696756	0.10598067790859352	0.197247	0.21948499999999999	0.10598067790859349	0.19724699999999998	0.21948499999999993	0.30133362847475514	0.058648751200650225	-0.14965171105886016	0.6283889739992625	0.3946032088872968	0.5298098312854616	0.4400388179655337	-z	+y	+y	False	True	True	False	False	False
box026_039_p2	box026	e091_box026_20231018_039_p2	E092_C2_FAIL_low_support	89	108	left	True	False	0.107470171907066	-0.197247	0.22513997034999195	0.29014152724556946	0.1385121806823253	-0.25734694777193057	0.107470171907066	0.197247	0.21948499999999999	0.10747017190706598	0.19724699999999998	0.21948499999999996	0.2982403521674741	0.076441904704242	-0.12563703164468898	0.615545837149812	0.3945345291931484	0.5139915461147768	0.412427386884726	-z	+y	+y	False	True	True	False	False	False
box026_039_p2	box026	e091_box026_20231018_039_p2	E092_C2_FAIL_low_support	90	109	left	True	False	0.10729299801754033	-0.197247	0.2265303884563247	0.29551497715178565	0.14502864742715008	-0.24542197298644688	0.10729299801754033	0.197247	0.21948499999999999	0.1072929980175403	0.19724699999999998	0.2194849999999999	0.3017423554109856	0.0778571465647442	-0.11613538681732882	0.6126329763588437	0.39455690785297437	0.5042744920239923	0.40583929546241465	-z	+y	+y	False	True	True	False	False	False
box026_039_p2	box026	e091_box026_20231018_039_p2	E092_C2_FAIL_low_support	91	110	left	True	False	0.11172870135053835	-0.197247	0.22805426194748912	0.2916370549707333	0.14731189921145935	-0.24307757526394308	0.11172870135053835	0.197247	0.21948499999999999	0.11172870135053833	0.1972470000000001	0.21948499999999996	0.3010244352844345	0.06548686985508934	-0.12273492366846242	0.610780696127801	0.39458706046489245	0.4988232813611468	0.4126839988865869	-z	+y	+y	False	True	True	False	False	False
box026_039_p2	box026	e091_box026_20231018_039_p2	E092_C2_FAIL_low_support	92	111	left	True	False	0.10827877681871603	-0.197247	0.22297475799266012	0.29210955468472954	0.14662138735964955	-0.2302768900279694	0.10827877681871603	0.197247	0.21948499999999999	0.10827877681871602	0.19724700000000006	0.21948499999999996	0.32420032614761607	0.07073590478256442	-0.11865859809252913	0.5978932004543672	0.3945094351810199	0.48851045563791734	0.42067596271794466	-z	+y	+y	False	True	True	True	False	False
box026_039_p2	box026	e091_box026_20231018_039_p2	E092_C2_FAIL_low_support	93	112	left	True	False	0.10929237536998539	-0.197247	0.22257481843537588	0.28459978252754703	0.14166668088304699	-0.24939283443137045	0.10929237536998539	0.197247	0.21948499999999999	0.10929237536998546	0.1972470000000001	0.2194850000000001	0.303957143900638	0.08207806623251483	-0.16369729007667155	0.6069173217552358	0.3945061000972781	0.5036549240288445	0.4449572146180286	-z	+y	+y	False	True	True	False	False	False
box026_039_p2	box026	e091_box026_20231018_039_p2	E092_C2_FAIL_low_support	94	113	left	True	False	0.10398959358100986	-0.197247	0.22655205916925028	0.2847323122913079	0.1419713951580603	-0.24268796587527572	0.10398959358100986	0.197247	0.21948499999999999	0.10398959358100987	0.19724700000000012	0.21948499999999996	0.30986771015265635	0.08916540223170405	-0.15486917349753287	0.6065667738049846	0.3945572954100604	0.4993267199373382	0.440690909679627	-z	+y	+y	False	True	True	False	False	False
box026_039_p2	box026	e091_box026_20231018_039_p2	E092_C2_FAIL_low_support	95	114	left	True	False	0.1086908885818288	-0.197247	0.23021926293089395	0.2863616256452217	0.15540432501814808	-0.24943575356096367	0.1086908885818288	0.197247	0.21948499999999999	0.10869088858182879	0.19724699999999998	0.2194849999999999	0.3248854880494953	0.11146809246069228	-0.1588815664449168	0.6212880030159194	0.3946400137298163	0.5031941706523121	0.4441389246856635	-z	+y	+y	False	True	True	False	False	False
box026_039_p2	box026	e091_box026_20231018_039_p2	E092_C2_FAIL_low_support	96	115	left	True	False	0.10461068138926435	-0.197247	0.23241833409525436	0.2894271079347031	0.1492247332741553	-0.25769405600459644	0.10461068138926435	0.197247	0.21948499999999999	0.10461068138926438	0.19724700000000003	0.21948499999999999	0.3328971513543403	0.11801447187405127	-0.16672677964771665	0.6280206432979821	0.3947059502551481	0.5139679961942685	0.4555788017686965	-z	+y	+y	False	True	True	False	False	False
box026_039_p2	box026	e091_box026_20231018_039_p2	E092_C2_FAIL_low_support	97	116	left	True	False	0.10726703284373908	-0.197247	0.22882878917172078	0.28079451113198	0.16026949269416366	-0.2491399288023977	0.10726703284373908	0.197247	0.21948499999999999	0.107267032843739	0.19724699999999987	0.21948499999999982	0.34952145528820705	0.13400748053291756	-0.13391655079746245	0.6215978793651361	0.39460464066212597	0.5010872635207178	0.43310402690621763	-z	+y	+y	False	True	True	False	False	False
box026_039_p2	box026	e091_box026_20231018_039_p2	E092_C2_FAIL_low_support	98	117	left	True	False	0.11623025639350659	-0.197247	0.2246769500640289	0.273900370236445	0.16965223305973914	-0.2544160983925985	0.11623025639350659	0.197247	0.21948499999999999	0.1162302563935066	0.197247	0.21948499999999999	0.34789920932302676	0.134455924236274	-0.12430146675880575	0.6237027024941725	0.39452816424365367	0.5002035455886371	0.4192879173951113	-z	+y	+y	False	True	True	False	False	False
box026_039_p2	box026	e091_box026_20231018_039_p2	E092_C2_FAIL_low_support	99	118	left	True	False	0.11792270436836552	-0.197247	0.2265100284820609	0.2730485782734042	0.17108824624314034	-0.2619185556725783	0.11792270436836552	0.197247	0.21948499999999999	0.11792270436836542	0.19724699999999992	0.21948499999999987	0.3370519451746955	0.13703930333995193	-0.12631374669210663	0.631108051128412	0.39455654482111147	0.5064560203681214	0.4137866166604457	-z	+y	+y	False	True	True	False	False	False
box026_039_p2	box026	e091_box026_20231018_039_p2	E092_C2_FAIL_low_support	100	119	left	True	False	0.1251945955135669	-0.197247	0.222147267171352	0.2669657760285199	0.17004729962127657	-0.26966130111543457	0.1251945955135669	0.197247	0.21948499999999999	0.1251945955135669	0.19724699999999998	0.21948499999999999	0.3237889848376621	0.12423025951765834	-0.1343233999830018	0.6299839982088324	0.3945029831350983	0.5100029364819453	0.41225181595744087	-z	+y	+y	False	True	True	False	False	False
box026_039_p2	box026	e091_box026_20231018_039_p2	E092_C2_FAIL_low_support	101	120	left	True	False	0.13444938663646527	-0.197247	0.21604439101761452	0.2653025399319977	0.1698781547745143	-0.26003565375693805	0.13444938663646527	0.197247	0.21604439101761452	0.13444938663646527	0.197247	0.21604439101761452	0.30070500144777323	0.11750080216639698	-0.14231515724144986	0.6152687510577269	0.394494	0.49449348878311905	0.4030160683566386	-z	+y	+y	False	True	True	False	False	False
box026_039_p2	box026	e091_box026_20231018_039_p2	E092_C2_FAIL_low_support	102	121	left	True	False	0.1303390960862877	-0.197247	0.2167775766242463	0.2661874040082853	0.1676776720119183	-0.25369980722338054	0.1303390960862877	0.197247	0.2167775766242463	0.13033909608628763	0.1972469999999999	0.21677757662424624	0.26374253520464686	0.15441715365315214	-0.16396997062673815	0.6107157667199884	0.394494	0.49058951949164564	0.4057087231553458	-z	+y	+y	False	True	True	False	False	False
box026_039_p2	box026	e091_box026_20231018_039_p2	E092_C2_FAIL_low_support	103	122	left	True	False	0.13769214398725013	-0.197247	0.22095209674418265	0.26579729104313293	0.17334950146616626	-0.2620758745193089	0.13769214398725013	0.197247	0.21948499999999999	0.13769214398725008	0.19724699999999987	0.2194849999999999	0.24821109714670644	0.16240664540625557	-0.17780709394537864	0.6221484683129068	0.3944967280077957	0.49888164428668397	0.41384694903693986	-z	+y	+y	False	True	True	False	False	False
box026_039_p2	box026	e091_box026_20231018_039_p2	E092_C2_FAIL_low_support	104	123	left	True	False	0.13937770309777675	-0.197247	0.2195560270432451	0.26790064928911783	0.18498506009660454	-0.2654390043065187	0.13937770309777675	0.197247	0.21948499999999999	0.13937770309777678	0.19724700000000012	0.2194850000000001	0.22992195367475873	0.18584953006442506	-0.18940309609383113	0.6307453336310582	0.39449400639406534	0.5018164931731175	0.41894825308230815	-z	+y	+y	False	True	True	False	False	False
box026_039_p2	box026	e091_box026_20231018_039_p2	E092_C2_FAIL_low_support	105	124	left	True	False	0.14246899018271572	-0.197247	0.2146428900872256	0.25720068017259107	0.18766510661700303	-0.2756361214955365	0.14246899018271572	0.197247	0.2146428900872256	0.14246899018271567	0.19724700000000003	0.2146428900872256	0.20894608136589038	0.18663066230348577	-0.20472294878622171	0.6337934992620563	0.394494	0.503615609932125	0.42473476087117323	-z	+y	+y	False	True	True	False	False	False
box026_039_p2	box026	e091_box026_20231018_039_p2	E092_C2_FAIL_low_support	106	125	left	True	False	0.1443216391809504	-0.197247	0.20905585096253393	0.25724446552119723	0.19699195474809061	-0.2754188999821161	0.1443216391809504	0.197247	0.20905585096253393	0.14432163918095037	0.19724699999999998	0.20905585096253393	0.20125828175847346	0.19015870531670137	-0.21078834703206425	0.6347375067320484	0.394494	0.49746096737294954	0.42374659382612767	-z	+y	+y	False	True	True	False	False	False
box026_039_p2	box026	e091_box026_20231018_039_p2	E092_C2_FAIL_low_support	107	126	left	True	False	0.14220644693755813	-0.197247	0.2068856112946517	0.25267740386260285	0.1881993360310979	-0.27421920294069413	0.14220644693755813	0.197247	0.2068856112946517	0.14220644693755807	0.19724699999999998	0.20688561129465163	0.2280892825607879	0.19359153951050537	-0.20856213937743343	0.6262863183593904	0.394494	0.49370794486989555	0.42424763686386274	-z	+y	+y	False	True	True	False	False	False
box026_039_p2	box026	e091_box026_20231018_039_p2	E092_C2_FAIL_low_support	108	127	left	True	False	0.14198975917415457	-0.197247	0.209998855525537	0.24693194388958817	0.19180090094797816	-0.26947322363209153	0.14198975917415457	0.197247	0.209998855525537	0.14198975917415455	0.19724700000000003	0.20999885552553707	0.24908750939025529	0.2008332451740326	-0.19536714222607124	0.6263103113127032	0.394494	0.4908523167098958	0.41929033066475	-z	+y	+y	False	True	True	False	False	False
box026_039_p2	box026	e091_box026_20231018_039_p2	E092_C2_FAIL_low_support	109	128	left	True	False	0.14014187717064255	-0.197247	0.20981719457195325	0.24551599531375357	0.1846882897613237	-0.2666828038847671	0.14014187717064255	0.197247	0.20981719457195325	0.14014187717064253	0.19724699999999998	0.20981719457195325	0.24579304564036283	0.19132462770333028	-0.19229313210139853	0.6197019597102781	0.394494	0.4881738158756078	0.41580038324896634	-z	+y	+y	False	True	True	False	False	False
box026_039_p2	box026	e091_box026_20231018_039_p2	E092_C2_FAIL_low_support	110	129	left	True	False	0.14096622054361982	-0.197247	0.216044203680958	0.24666718521523426	0.1897767677253738	-0.2691799451401292	0.14096622054361982	0.197247	0.216044203680958	0.1409662205436199	0.19724700000000003	0.216044203680958	0.24957430472424155	0.1987822284543081	-0.19509626718458178	0.629605086793303	0.394494	0.4966598160732307	0.425246469308482	-z	+y	+y	False	True	True	False	False	False
box026_039_p2	box026	e091_box026_20231018_039_p2	E092_C2_FAIL_low_support	111	130	left	True	False	0.14136764568352972	-0.197247	0.21780214589857563	0.24756749517364646	0.19180298675374496	-0.26646531024141856	0.14136764568352972	0.197247	0.21780214589857563	0.14136764568352972	0.19724699999999995	0.21780214589857558	0.2502613399518636	0.1978519914657203	-0.1920738204827998	0.6302009753254225	0.394494	0.4958054198859165	0.4240949309802528	-z	+y	+y	False	True	True	False	False	False
box026_039_p2	box026	e091_box026_20231018_039_p2	E092_C2_FAIL_low_support	112	131	left	True	False	0.13985938205155937	-0.197247	0.21506811382040364	0.2453607898928265	0.19236274905787693	-0.2667030323067573	0.13985938205155937	0.197247	0.21506811382040364	0.1398593820515593	0.197247	0.21506811382040356	0.24920114027647336	0.19804187461846653	-0.1923327408726156	0.6285139146097798	0.394494	0.493211760002165	0.4218195210299983	-z	+y	+y	False	True	True	False	False	False
box026_039_p2	box026	e091_box026_20231018_039_p2	E092_C2_FAIL_low_support	113	132	left	True	False	0.1395975849155635	-0.197247	0.209569146739045	0.24113029030753336	0.19244838747944715	-0.2673679157696305	0.1395975849155635	0.197247	0.209569146739045	0.1395975849155635	0.19724699999999995	0.20956914673904495	0.2457551697667529	0.19782138827246537	-0.1930195307255206	0.6242117804730806	0.394494	0.48764831440366846	0.4163501002353585	-z	+y	+y	False	True	True	False	False	False
box026_039_p2	box026	e091_box026_20231018_039_p2	E092_C2_FAIL_low_support	114	133	left	True	False	0.1397561463872743	-0.197247	0.20336074881110297	0.23670704713738483	0.194283042456115	-0.26780255539647363	0.1397561463872743	0.197247	0.20336074881110297	0.1397561463872742	0.19724699999999998	0.20336074881110291	0.2424129944414763	0.19881731805415517	-0.19347339882675846	0.6202339159815	0.394494	0.48104378328004727	0.4099002745579499	-z	+y	+y	False	True	True	False	False	False
box026_039_p2	box026	e091_box026_20231018_039_p2	E092_C2_FAIL_low_support	115	134	left	True	False	0.1406881428838746	-0.197247	0.1978514756411699	0.22909335918112794	0.2030290926512389	-0.26933795910757896	0.1406881428838746	0.197247	0.1978514756411699	0.14068814288387463	0.197247	0.1978514756411698	0.23709363316420434	0.20655430255953053	-0.19516579776992138	0.62153230049416	0.394494	0.4755153865069426	0.40477552005601064	-z	+y	+y	False	True	True	False	False	False
box026_039_p2	box026	e091_box026_20231018_039_p2	E092_C2_FAIL_low_support	116	135	left	True	False	0.14609833390354585	-0.197247	0.18839139609128183	0.2257104555294596	0.2176474584172858	-0.2711779971078386	0.14609833390354585	0.197247	0.18839139609128183	0.14609833390354585	0.19724699999999995	0.1883913960912818	0.23146055405468802	0.21983064903027696	-0.19825295571465312	0.6242431647207359	0.394494	0.4668600387469701	0.39659877031590296	-z	+y	+y	False	True	True	False	False	False
box026_039_p2	box026	e091_box026_20231018_039_p2	E092_C2_FAIL_low_support	117	136	left	False	False	nan	nan	nan	0.20031746189783114	0.2690410420163363	-0.2726691836902659	0.20031746189783114	0.2690410420163363	-0.2726691836902659	0.20031746189783114	0.2690410420163363	-0.2726691836902659	0.20031746189783114	0.2690410420163363	-0.2726691836902659	nan	nan	0.0	0.0	+y	+y	+y	True	True	True	False	False	False
box026_039_p2	box026	e091_box026_20231018_039_p2	E092_C2_FAIL_low_support	118	137	left	False	False	nan	nan	nan	0.19158607442541814	0.33379934673141964	-0.2613532199424097	0.19158607442541814	0.33379934673141964	-0.2613532199424097	0.19158607442541814	0.33379934673141964	-0.2613532199424097	0.19158607442541814	0.33379934673141964	-0.2613532199424097	nan	nan	0.0	0.0	+y	+y	+y	True	True	True	False	False	False
box026_039_p2	box026	e091_box026_20231018_039_p2	E092_C2_FAIL_low_support	119	138	left	False	False	nan	nan	nan	0.1819628805877631	0.4005442062427364	-0.24710532771795068	0.1819628805877631	0.4005442062427364	-0.24710532771795068	0.1819628805877631	0.4005442062427364	-0.24710532771795068	0.1819628805877631	0.4005442062427364	-0.24710532771795068	nan	nan	0.0	0.0	+y	+y	+y	True	True	True	False	False	False
box026_039_p2	box026	e091_box026_20231018_039_p2	E092_C2_FAIL_low_support	120	139	left	False	False	nan	nan	nan	0.17475830600706274	0.4535618330774449	-0.199745548813175	0.17475830600706274	0.4535618330774449	-0.199745548813175	0.17475830600706274	0.4535618330774449	-0.199745548813175	0.17475830600706274	0.4535618330774449	-0.199745548813175	nan	nan	0.0	0.0	+y	+y	+y	True	True	True	False	False	False
box026_039_p2	box026	e091_box026_20231018_039_p2	E092_C2_FAIL_low_support	121	140	left	False	False	nan	nan	nan	0.13760733625577695	0.49328467081929067	-0.1629282391419959	0.13760733625577695	0.49328467081929067	-0.1629282391419959	0.13760733625577695	0.49328467081929067	-0.1629282391419959	0.13760733625577695	0.49328467081929067	-0.1629282391419959	nan	nan	0.0	0.0	+y	+y	+y	True	True	True	False	False	False
box026_039_p2	box026	e091_box026_20231018_039_p2	E092_C2_FAIL_low_support	122	141	left	False	False	nan	nan	nan	0.08300010288388461	0.5220412622788045	-0.16528184993675954	0.08300010288388461	0.5220412622788045	-0.16528184993675954	0.08300010288388461	0.5220412622788045	-0.16528184993675954	0.08300010288388461	0.5220412622788045	-0.16528184993675954	nan	nan	0.0	0.0	+y	+y	+y	True	True	True	False	False	False
box026_039_p2	box026	e091_box026_20231018_039_p2	E092_C2_FAIL_low_support	0	19	right	False	False	nan	nan	nan	0.21643420263740423	0.515496984496525	-0.6086179186439579	0.21643420263740423	0.515496984496525	-0.6086179186439579	0.21643420263740423	0.515496984496525	-0.6086179186439579	0.21643420263740423	0.515496984496525	-0.6086179186439579	nan	nan	0.0	0.0	+y	+y	+y	True	True	True	False	False	False
box026_039_p2	box026	e091_box026_20231018_039_p2	E092_C2_FAIL_low_support	1	20	right	False	False	nan	nan	nan	0.19053101331845568	0.5088155959581193	-0.6382737829816945	0.19053101331845568	0.5088155959581193	-0.6382737829816945	0.19053101331845568	0.5088155959581193	-0.6382737829816945	0.19053101331845568	0.5088155959581193	-0.6382737829816945	nan	nan	0.0	0.0	-z	-z	-z	False	False	False	False	False	False
box026_039_p2	box026	e091_box026_20231018_039_p2	E092_C2_FAIL_low_support	2	21	right	False	False	nan	nan	nan	0.15622341959480082	0.4997087809214551	-0.6589274515955598	0.15622341959480082	0.4997087809214551	-0.6589274515955598	0.15622341959480082	0.4997087809214551	-0.6589274515955598	0.15622341959480082	0.4997087809214551	-0.6589274515955598	nan	nan	0.0	0.0	-z	-z	-z	False	False	False	False	False	False
box026_039_p2	box026	e091_box026_20231018_039_p2	E092_C2_FAIL_low_support	3	22	right	False	False	nan	nan	nan	0.1266686042241116	0.4871351227881423	-0.6517373552214282	0.1266686042241116	0.4871351227881423	-0.6517373552214282	0.1266686042241116	0.4871351227881423	-0.6517373552214282	0.1266686042241116	0.4871351227881423	-0.6517373552214282	nan	nan	0.0	0.0	-z	-z	-z	False	False	False	False	False	False
box026_039_p2	box026	e091_box026_20231018_039_p2	E092_C2_FAIL_low_support	4	23	right	False	False	nan	nan	nan	0.08422250608249437	0.4793010023207427	-0.617834518642422	0.08422250608249437	0.4793010023207427	-0.617834518642422	0.08422250608249437	0.4793010023207427	-0.617834518642422	0.08422250608249437	0.4793010023207427	-0.617834518642422	nan	nan	0.0	0.0	-z	-z	-z	False	False	False	False	False	False
box026_039_p2	box026	e091_box026_20231018_039_p2	E092_C2_FAIL_low_support	5	24	right	False	False	nan	nan	nan	0.051710733039639245	0.4792673166814377	-0.5793345341261702	0.051710733039639245	0.4792673166814377	-0.5793345341261702	0.051710733039639245	0.4792673166814377	-0.5793345341261702	0.051710733039639245	0.4792673166814377	-0.5793345341261702	nan	nan	0.0	0.0	-z	-z	-z	False	False	False	False	False	False
box026_039_p2	box026	e091_box026_20231018_039_p2	E092_C2_FAIL_low_support	6	25	right	False	False	nan	nan	nan	0.013818962025687406	0.4912445587454809	-0.5311300796423747	0.013818962025687406	0.4912445587454809	-0.5311300796423747	0.013818962025687406	0.4912445587454809	-0.5311300796423747	0.013818962025687406	0.4912445587454809	-0.5311300796423747	nan	nan	0.0	0.0	+y	+y	+y	True	True	True	False	False	False
box026_039_p2	box026	e091_box026_20231018_039_p2	E092_C2_FAIL_low_support	7	26	right	False	False	nan	nan	nan	-0.04085428300935282	0.5129235085379495	-0.4907328906597716	-0.04085428300935282	0.5129235085379495	-0.4907328906597716	-0.04085428300935282	0.5129235085379495	-0.4907328906597716	-0.04085428300935282	0.5129235085379495	-0.4907328906597716	nan	nan	0.0	0.0	+y	+y	+y	True	True	True	False	False	False
box026_039_p2	box026	e091_box026_20231018_039_p2	E092_C2_FAIL_low_support	8	27	right	False	False	nan	nan	nan	-0.08322662326064402	0.5291238544515584	-0.4512733523677586	-0.08322662326064402	0.5291238544515584	-0.4512733523677586	-0.08322662326064402	0.5291238544515584	-0.4512733523677586	-0.08322662326064402	0.5291238544515584	-0.4512733523677586	nan	nan	0.0	0.0	+y	+y	+y	True	True	True	False	False	False
box026_039_p2	box026	e091_box026_20231018_039_p2	E092_C2_FAIL_low_support	9	28	right	False	False	nan	nan	nan	-0.11532416668382739	0.5226142921478363	-0.4152650500328907	-0.11532416668382739	0.5226142921478363	-0.4152650500328907	-0.11532416668382739	0.5226142921478363	-0.4152650500328907	-0.11532416668382739	0.5226142921478363	-0.4152650500328907	nan	nan	0.0	0.0	+y	+y	+y	True	True	True	False	False	False
box026_039_p2	box026	e091_box026_20231018_039_p2	E092_C2_FAIL_low_support	10	29	right	False	False	nan	nan	nan	-0.13054622003549124	0.5015151955865019	-0.39479961064629915	-0.13054622003549124	0.5015151955865019	-0.39479961064629915	-0.13054622003549124	0.5015151955865019	-0.39479961064629915	-0.13054622003549124	0.5015151955865019	-0.39479961064629915	nan	nan	0.0	0.0	+y	+y	+y	True	True	True	False	False	False
box026_039_p2	box026	e091_box026_20231018_039_p2	E092_C2_FAIL_low_support	11	30	right	False	False	nan	nan	nan	-0.1401452430927756	0.46324643035884205	-0.3816204391175613	-0.1401452430927756	0.46324643035884205	-0.3816204391175613	-0.1401452430927756	0.46324643035884205	-0.3816204391175613	-0.1401452430927756	0.46324643035884205	-0.3816204391175613	nan	nan	0.0	0.0	+y	+y	+y	True	True	True	False	False	False
box026_039_p2	box026	e091_box026_20231018_039_p2	E092_C2_FAIL_low_support	12	31	right	False	False	nan	nan	nan	-0.1623352540054806	0.42362830024617254	-0.3551082392870398	-0.1623352540054806	0.42362830024617254	-0.3551082392870398	-0.1623352540054806	0.42362830024617254	-0.3551082392870398	-0.1623352540054806	0.42362830024617254	-0.3551082392870398	nan	nan	0.0	0.0	+y	+y	+y	True	True	True	False	False	False
box026_039_p2	box026	e091_box026_20231018_039_p2	E092_C2_FAIL_low_support	13	32	right	False	False	nan	nan	nan	-0.18328776386619283	0.37783508220985657	-0.3149565124364414	-0.18328776386619283	0.37783508220985657	-0.3149565124364414	-0.18328776386619283	0.37783508220985657	-0.3149565124364414	-0.18328776386619283	0.37783508220985657	-0.3149565124364414	nan	nan	0.0	0.0	+y	+y	+y	True	True	True	False	False	False
box026_039_p2	box026	e091_box026_20231018_039_p2	E092_C2_FAIL_low_support	14	33	right	False	False	nan	nan	nan	-0.18755560188930567	0.31919125104620905	-0.27227296908165294	-0.18755560188930567	0.31919125104620905	-0.27227296908165294	-0.18755560188930567	0.31919125104620905	-0.27227296908165294	-0.18755560188930567	0.31919125104620905	-0.27227296908165294	nan	nan	0.0	0.0	+y	+y	+y	True	True	True	False	False	False
box026_039_p2	box026	e091_box026_20231018_039_p2	E092_C2_FAIL_low_support	15	34	right	False	False	nan	nan	nan	-0.17510357170450977	0.29231960301453086	-0.24905710542087142	-0.17510357170450977	0.29231960301453086	-0.24905710542087142	-0.17510357170450977	0.29231960301453086	-0.24905710542087142	-0.17510357170450977	0.29231960301453086	-0.24905710542087142	nan	nan	0.0	0.0	+y	+y	+y	True	True	True	False	False	False
box026_039_p2	box026	e091_box026_20231018_039_p2	E092_C2_FAIL_low_support	16	35	right	True	False	0.15139507518040005	-0.197247	-0.234485	-0.13462660921392505	0.27919571723626074	-0.2412673159700582	0.15139507518040005	0.197247	-0.21948499999999999	-0.13462660921392505	0.27919571723626074	-0.2412673159700582	-0.03976182240802445	0.18794660785149891	-0.2008547028057815	0.5557446055169192	0.39477907243925686	0.0	0.19228766149519896	+y	+y	+y	True	True	True	False	False	False
box026_039_p2	box026	e091_box026_20231018_039_p2	E092_C2_FAIL_low_support	17	36	right	True	False	0.1436078930844742	-0.197247	-0.22156297617688064	-0.1098777063994514	0.25816200464937766	-0.26237146035043135	0.1436078930844742	0.197247	-0.21948499999999999	-0.1098777063994514	0.25816200464937766	-0.26237146035043135	0.009091805440005754	0.20455747455189396	-0.19657767072449361	0.5227978988500288	0.39449947277657	0.0	0.1366483318884086	+y	+y	+y	True	True	True	False	False	False
box026_039_p2	box026	e091_box026_20231018_039_p2	E092_C2_FAIL_low_support	18	37	right	True	False	0.1361999478647377	-0.197247	-0.22332337271949518	-0.1220653483303571	0.20934029257816633	-0.2894038946415276	0.1361999478647377	0.197247	-0.21948499999999999	0.13619994786473766	0.197247	-0.21948499999999993	0.006882800679628262	0.1511156659464052	-0.22918451330864412	0.48619011207784935	0.3945126729791247	0.26783551439645603	0.1376412187394611	-z	+y	+y	False	True	True	False	False	False
box026_039_p2	box026	e091_box026_20231018_039_p2	E092_C2_FAIL_low_support	19	38	right	True	False	0.13258231702417053	-0.197247	-0.22788629188587156	-0.11350231946312422	0.20581233949956004	-0.28851677548231863	0.13258231702417053	0.197247	-0.21948499999999999	0.13258231702417056	0.19724700000000006	-0.219485	0.019606736596054806	0.15490154739202483	-0.23077444603812075	0.47612029468826955	0.3945834483874756	0.2557271971888559	0.12117784748662422	-z	+y	+y	False	True	True	False	False	False
box026_039_p2	box026	e091_box026_20231018_039_p2	E092_C2_FAIL_low_support	20	39	right	True	False	0.1405242130159966	-0.197247	-0.23261723397499534	-0.1108420861680629	0.2035581967662347	-0.29091064052715376	0.1405242130159966	0.197247	-0.21948499999999999	0.14052421301599652	0.19724699999999998	-0.21948499999999996	0.021264715370166686	0.15430462217542157	-0.22954302247829456	0.4766843225529506	0.3947125176697263	0.26139332373805263	0.12715360556483812	-z	+y	+y	False	True	True	False	False	False
box026_039_p2	box026	e091_box026_20231018_039_p2	E092_C2_FAIL_low_support	21	40	right	True	False	0.141629764108085	-0.197247	-0.234485	-0.11287156626612083	0.201670505988564	-0.2921136458636392	0.141629764108085	0.197247	-0.21948499999999999	0.14162976410808498	0.19724699999999992	-0.21948499999999996	0.01901294901734226	0.1532295829131209	-0.22963118618358475	0.47668350566225115	0.39477907243925686	0.26469872452933624	0.13067272647369702	-z	+y	+y	False	True	True	False	False	False
box026_039_p2	box026	e091_box026_20231018_039_p2	E092_C2_FAIL_low_support	22	41	right	True	False	0.14086540151018564	-0.197247	-0.234485	-0.11228842737438592	0.19927700781682986	-0.29335906968070286	0.14086540151018564	0.197247	-0.21948499999999999	0.14086540151018556	0.19724699999999995	-0.21948499999999985	0.019964449204792088	0.15369824567763127	-0.229516613227214	0.47411423300171923	0.39477907243925686	0.2637202308922178	0.12889595624115402	-z	+y	+y	False	True	True	False	False	False
box026_039_p2	box026	e091_box026_20231018_039_p2	E092_C2_FAIL_low_support	23	42	right	True	False	0.14053558709823089	-0.197247	-0.2303358834230857	-0.11117444633430512	0.19919713555023014	-0.29354361184209166	0.14053558709823089	0.197247	-0.21948499999999999	0.1405355870982309	0.19724700000000003	-0.21948500000000004	0.021094787183321948	0.15340854669204051	-0.22988545319247525	0.4738365862559248	0.39464320304176204	0.2623860170574078	0.1276561165763565	-z	+y	+y	False	True	True	False	False	False
box026_039_p2	box026	e091_box026_20231018_039_p2	E092_C2_FAIL_low_support	24	43	right	True	False	0.13499652136034127	-0.197247	-0.21911443487206572	-0.10993114282901051	0.20201854352540652	-0.2934618142938591	0.13499652136034127	0.197247	-0.21911443487206572	0.13499652136034124	0.19724699999999992	-0.21911443487206567	0.021133165547009905	0.15418149817180657	-0.22882536691795774	0.47426792824180963	0.394494	0.2560075411775107	0.12212208418622475	-z	+y	+y	False	True	True	False	False	False
box026_039_p2	box026	e091_box026_20231018_039_p2	E092_C2_FAIL_low_support	25	44	right	True	False	0.1355522848239233	-0.197247	-0.22531668666934537	-0.12811713386091766	0.15718056202814984	-0.2931697122442688	0.1355522848239233	0.197247	-0.21948499999999999	0.13555228482392337	0.197247	-0.219485	-0.034590338919265703	0.1261624819439592	-0.23799376256064295	0.4469278377484347	0.3945371016842515	0.27668812518768277	0.18532159996342099	-z	+y	+y	False	True	True	False	False	False
box026_039_p2	box026	e091_box026_20231018_039_p2	E092_C2_FAIL_low_support	26	45	right	True	False	0.13021575321582143	-0.197247	-0.23037763058511648	-0.14027150756038698	0.14076335174528176	-0.2919485176491611	0.13021575321582143	0.197247	-0.21948499999999999	0.1302157532158215	0.19724699999999995	-0.21948499999999996	-0.0678097838903484	0.1416279203347112	-0.23904706943697884	0.43727031715294723	0.3946443531042397	0.28566540244220967	0.20661623830100567	-z	+y	+y	False	True	True	False	False	False
box026_039_p2	box026	e091_box026_20231018_039_p2	E092_C2_FAIL_low_support	27	46	right	True	False	0.12890419572304	-0.197247	-0.2323034519213675	-0.14798260577946928	0.13158090373073017	-0.2921972167255712	0.12890419572304	0.197247	-0.21948499999999999	0.12890419572304	0.197247	-0.21948499999999996	-0.08711598498349324	0.15503781022190746	-0.23814215427293656	0.434029208902647	0.3947022026106016	0.29370972661231604	0.22089459834901	-z	+y	+y	False	True	True	False	False	False
box026_039_p2	box026	e091_box026_20231018_039_p2	E092_C2_FAIL_low_support	28	47	right	True	False	0.12216911969556545	-0.197247	-0.22486621286081493	-0.15560688853180935	0.12664941032030488	-0.2972930672970487	0.12216911969556545	0.197247	-0.21948499999999999	0.12216911969556545	0.19724700000000006	-0.21948499999999999	-0.10275792598574934	0.16406780107413568	-0.24114195322811444	0.4327979258368058	0.39453070031095605	0.2969808508167138	0.22839014589822187	-z	+y	+y	False	True	True	False	False	False
box026_039_p2	box026	e091_box026_20231018_039_p2	E092_C2_FAIL_low_support	29	48	right	True	False	0.11880315050421587	-0.197247	-0.22061192662474208	-0.1624560317375313	0.12467106919539594	-0.30381738696220195	0.11880315050421587	0.197247	-0.21948499999999999	0.11880315050421583	0.19724700000000003	-0.21948499999999996	-0.11691986938356316	0.16399147559156876	-0.24267314873285514	0.4355009982764181	0.39449560960753105	0.30246643585395316	0.2391839506537825	-z	+y	+y	False	True	True	False	False	False
box026_039_p2	box026	e091_box026_20231018_039_p2	E092_C2_FAIL_low_support	30	49	right	True	False	0.12087947193164221	-0.197247	-0.2184548303809079	-0.1684444448663733	0.1267997640462658	-0.3092325094985622	0.12087947193164221	0.197247	-0.2184548303809079	0.12087947193164232	0.19724700000000012	-0.2184548303809081	-0.12850129139394428	0.1566654660607454	-0.26271498956269385	0.443796373516266	0.394494	0.3113064871005003	0.2565084554249861	-z	+y	+y	False	True	True	False	False	False
box026_039_p2	box026	e091_box026_20231018_039_p2	E092_C2_FAIL_low_support	31	50	right	True	False	0.11674269206539606	-0.197247	-0.234485	-0.20476886211851036	0.12912114377541067	-0.307331478940758	0.11674269206539606	0.197247	-0.21948499999999999	0.11674269206539604	0.19724700000000003	-0.21948499999999993	-0.15485174600978946	0.13394450320327936	-0.29421985767567665	0.46388840709725054	0.39477907243925686	0.34018791222260303	0.28871446767676584	-z	+y	+y	False	True	True	False	False	False
box026_039_p2	box026	e091_box026_20231018_039_p2	E092_C2_FAIL_low_support	32	51	right	True	False	0.11288692350530895	-0.197247	-0.22870072371487982	-0.2271177796673369	0.13423303735729739	-0.30068389460320827	0.11288692350530895	0.197247	-0.21948499999999999	0.11288692350530898	0.19724699999999995	-0.21948499999999996	-0.16048969798510151	0.11388812031637906	-0.3119278146506892	0.4802747028910148	0.3946016289875005	0.35520025077727335	0.3003816805002616	-z	+y	+y	False	True	True	False	False	False
box026_039_p2	box026	e091_box026_20231018_039_p2	E092_C2_FAIL_low_support	33	52	right	True	False	0.1135844265841303	-0.197247	-0.22247945896746554	-0.24039780763320212	0.1405806778022714	-0.2947321393137346	0.1135844265841303	0.197247	-0.21948499999999999	0.11358442658413037	0.19724700000000012	-0.21948500000000018	-0.17323943110435408	0.11893398879033105	-0.2956354515080725	0.4946224942802236	0.3945053647550409	0.3663012778954119	0.30691976855346575	-z	+y	+y	False	True	True	False	False	False
box026_039_p2	box026	e091_box026_20231018_039_p2	E092_C2_FAIL_low_support	34	53	right	True	False	0.11564520210259988	-0.197247	-0.2194404785580791	-0.24978839560816637	0.1531284820733173	-0.28127217377612584	0.11564520210259988	0.197247	-0.2194404785580791	0.11564520210259988	0.19724699999999995	-0.21944047855807908	-0.18323094049323807	0.12994133883014977	-0.27779306283570315	0.5100273044724969	0.394494	0.37324431207108644	0.3118686017064808	-z	+y	+y	False	True	True	False	False	False
box026_039_p2	box026	e091_box026_20231018_039_p2	E092_C2_FAIL_low_support	35	54	right	True	False	0.11428384610086736	-0.197247	-0.21788991843108063	-0.24668382918577303	0.15354568672421093	-0.285409788984239	0.11428384610086736	0.197247	-0.21788991843108063	0.1142838461008674	0.1972470000000001	-0.21788991843108063	-0.1798917605476783	0.1318040894504359	-0.2786447929665277	0.5078504746286521	0.394494	0.3698194158009898	0.3074300194646841	-z	+y	+y	False	True	True	False	False	False
box026_039_p2	box026	e091_box026_20231018_039_p2	E092_C2_FAIL_low_support	36	55	right	True	False	0.11606899576817982	-0.197247	-0.21642943982863544	-0.24900314987521704	0.16146059337521357	-0.2878810138390771	0.11606899576817982	0.197247	-0.21642943982863544	0.11606899576817975	0.19724699999999995	-0.21642943982863533	-0.18271792046066326	0.13948424446767813	-0.2777345313823402	0.5167728093643092	0.394494	0.3737160230072531	0.31043271652104676	-z	+y	+y	False	True	True	False	False	False
box026_039_p2	box026	e091_box026_20231018_039_p2	E092_C2_FAIL_low_support	37	56	right	True	False	0.12073798004649672	-0.197247	-0.21584074358394542	-0.24492553839180028	0.16807937786735955	-0.2909383624851703	0.12073798004649672	0.197247	-0.21584074358394542	0.12073798004649669	0.19724699999999992	-0.21584074358394545	-0.17879830914818734	0.1464632934970936	-0.279124087003752	0.5223148700228561	0.394494	0.37443318664640407	0.31033168537080436	-z	+y	+y	False	True	True	False	False	False
box026_039_p2	box026	e091_box026_20231018_039_p2	E092_C2_FAIL_low_support	38	57	right	True	False	0.1185345446518015	-0.197247	-0.21113880658037112	-0.24049178022677928	0.16683048414627397	-0.28864442595268175	0.1185345446518015	0.197247	-0.21113880658037112	0.11853454465180141	0.19724699999999992	-0.21113880658037099	-0.17470883008342836	0.14542027305257238	-0.27472145976543577	0.5171648068579164	0.394494	0.3685541851977612	0.30450031237790526	-z	+y	+y	False	True	True	False	False	False
box026_039_p2	box026	e091_box026_20231018_039_p2	E092_C2_FAIL_low_support	39	58	right	True	False	0.11906542418189403	-0.197247	-0.20801601727461638	-0.23547129653846507	0.16408383565976006	-0.29047365942300035	0.11906542418189403	0.197247	-0.20801601727461638	0.11906542418189407	0.197247	-0.2080160172746164	-0.1696788061783496	0.14338150126726898	-0.2755604364646245	0.5128893856246173	0.394494	0.3655069692316066	0.30139172364842876	-z	+y	+y	False	True	True	False	False	False
box026_039_p2	box026	e091_box026_20231018_039_p2	E092_C2_FAIL_low_support	40	59	right	True	False	0.11868232408275615	-0.197247	-0.21038591239266052	-0.23414051427401103	0.1659542938189348	-0.29011223870534747	0.11868232408275615	0.197247	-0.21038591239266052	0.11868232408275615	0.19724699999999995	-0.21038591239266052	-0.16846335010339517	0.1455422233366117	-0.2743166652361359	0.5125967442397491	0.394494	0.36306951928463643	0.2986857266304565	-z	+y	+y	False	True	True	False	False	False
box026_039_p2	box026	e091_box026_20231018_039_p2	E092_C2_FAIL_low_support	41	60	right	True	False	0.11900910555303795	-0.197247	-0.2134901087129469	-0.23767788693741645	0.16465879974951425	-0.28859623018478914	0.11900910555303795	0.197247	-0.2134901087129469	0.11900910555303802	0.197247	-0.2134901087129469	-0.17198858433995862	0.14388510959904077	-0.27333150031877546	0.5136558653288835	0.394494	0.3659624719694554	0.301841248041991	-z	+y	+y	False	True	True	False	False	False
box026_039_p2	box026	e091_box026_20231018_039_p2	E092_C2_FAIL_low_support	42	61	right	True	False	0.1184310688621179	-0.197247	-0.21230525573286355	-0.23674584350940744	0.1558487909611561	-0.2911807475784176	0.1184310688621179	0.197247	-0.21230525573286355	0.11843106886211786	0.19724700000000003	-0.21230525573286357	-0.17136076933697794	0.13667857288332183	-0.27282489100878854	0.5069996251380594	0.394494	0.3661772712871077	0.3021762235916821	-z	+y	+y	False	True	True	False	False	False
box026_039_p2	box026	e091_box026_20231018_039_p2	E092_C2_FAIL_low_support	43	62	right	True	False	0.11962246131709599	-0.197247	-0.2153108266912619	-0.23654786464269342	0.1572916335803403	-0.2925041937581727	0.11962246131709599	0.197247	-0.2153108266912619	0.11962246131709592	0.19724699999999992	-0.21531082669126178	-0.17257562137535837	0.1398015260177709	-0.2683942189575787	0.5084424841753925	0.394494	0.3666231693703477	0.30248561708730715	-z	+y	+y	False	True	True	False	False	False
box026_039_p2	box026	e091_box026_20231018_039_p2	E092_C2_FAIL_low_support	44	63	right	True	False	0.11503088853021294	-0.197247	-0.21587539123047236	-0.231292992387832	0.14889487202152601	-0.29673113221039726	0.11503088853021294	0.197247	-0.21587539123047236	0.11503088853021291	0.19724700000000012	-0.21587539123047245	-0.16737461927025624	0.13380044210374042	-0.27091946005321116	0.4962782253032218	0.394494	0.3589091941196207	0.2946322895703841	-z	+y	+y	False	True	True	False	False	False
box026_039_p2	box026	e091_box026_20231018_039_p2	E092_C2_FAIL_low_support	45	64	right	True	False	0.11223298915344444	-0.197247	-0.21147814479739657	-0.2309727268061076	0.14662777672082858	-0.2970581883203552	0.11223298915344444	0.197247	-0.21147814479739657	0.11223298915344451	0.19724700000000017	-0.21147814479739674	-0.16742394891135462	0.13160870713412	-0.2703070568877672	0.49331933813859347	0.394494	0.35731836376274706	0.2932187398442713	-z	+y	+y	False	True	True	False	False	False
box026_039_p2	box026	e091_box026_20231018_039_p2	E092_C2_FAIL_low_support	46	65	right	True	False	0.11109148447318201	-0.197247	-0.21160985204788896	-0.23677434631934677	0.15285818853986963	-0.29230223272019845	0.11109148447318201	0.197247	-0.21160985204788896	0.11109148447318204	0.19724699999999998	-0.21160985204788893	-0.17441836695684262	0.13808512776919257	-0.2627534396940956	0.5000955304480122	0.394494	0.3598503343257919	0.2960264666322495	-z	+y	+y	False	True	True	False	False	False
box026_039_p2	box026	e091_box026_20231018_039_p2	E092_C2_FAIL_low_support	47	66	right	True	False	0.11199947804048167	-0.197247	-0.21290898470412586	-0.23402505506018756	0.15791172150190508	-0.2918635103774045	0.11199947804048167	0.197247	-0.21290898470412586	0.11199947804048165	0.19724700000000003	-0.21290898470412586	-0.1712452180950318	0.1416074536411812	-0.2640695258439691	0.5021001016636985	0.394494	0.3570911070950259	0.2931564735386822	-z	+y	+y	False	True	True	False	False	False
box026_039_p2	box026	e091_box026_20231018_039_p2	E092_C2_FAIL_low_support	48	67	right	True	False	0.11696441250885696	-0.197247	-0.21813007857965583	-0.23389774822974596	0.16910726742696028	-0.2910084561600896	0.11696441250885696	0.197247	-0.21813007857965583	0.11696441250885695	0.19724700000000003	-0.2181300785796558	-0.17059327321146803	0.15088588142289738	-0.265706930695371	0.5124753291806955	0.394494	0.3594542506442227	0.29513104341934276	-z	+y	+y	False	True	True	False	False	False
box026_039_p2	box026	e091_box026_20231018_039_p2	E092_C2_FAIL_low_support	49	68	right	True	False	0.11951817737410173	-0.197247	-0.21863347629672075	-0.22975081508630268	0.17413016883240232	-0.29113563700995493	0.11951817737410173	0.197247	-0.21863347629672075	0.11951817737410173	0.19724700000000003	-0.2186334762967208	-0.16517812495654163	0.15505796187441837	-0.27001074015225845	0.5149430977616501	0.394494	0.3574629775034401	0.29235513120173623	-z	+y	+y	False	True	True	False	False	False
box026_039_p2	box026	e091_box026_20231018_039_p2	E092_C2_FAIL_low_support	50	69	right	True	False	0.12052505772689814	-0.197247	-0.21667380371369868	-0.23195013413217808	0.17919208661492672	-0.2833323312028004	0.12052505772689814	0.197247	-0.21667380371369868	0.12052505772689816	0.19724699999999995	-0.2166738037136987	-0.16725105965342688	0.15852514251632016	-0.264186839845598	0.5199889480504256	0.394494	0.3591769759609466	0.29423114142447976	-z	+y	+y	False	True	True	False	False	False
box026_039_p2	box026	e091_box026_20231018_039_p2	E092_C2_FAIL_low_support	51	70	right	True	False	0.12241311915690208	-0.197247	-0.21573765375495604	-0.2220709657434784	0.17132939951115458	-0.28561188209933147	0.12241311915690208	0.197247	-0.21573765375495604	0.12241311915690205	0.19724699999999998	-0.21573765375495602	-0.1565093760260072	0.15172625429995254	-0.2683771117893707	0.5093135132833024	0.394494	0.3524534218183643	0.28747314509412064	-z	+y	+y	False	True	True	False	False	False
box026_039_p2	box026	e091_box026_20231018_039_p2	E092_C2_FAIL_low_support	52	71	right	True	False	0.12514111743096043	-0.197247	-0.21515455813475343	-0.2212396930432686	0.16816607787848253	-0.2870666084565892	0.12514111743096043	0.197247	-0.21515455813475343	0.12514111743096046	0.19724699999999992	-0.21515455813475348	-0.15504168366630067	0.1489722806114544	-0.2719317362374486	0.5086037026319215	0.394494	0.35496015111236334	0.289924987740028	-z	+y	+y	False	True	True	False	False	False
box026_039_p2	box026	e091_box026_20231018_039_p2	E092_C2_FAIL_low_support	53	72	right	True	False	0.12626872388469715	-0.197247	-0.21315838590268485	-0.22069485180892176	0.1693434755504008	-0.2899751450856135	0.12626872388469715	0.197247	-0.21315838590268485	0.12626872388469712	0.197247	-0.21315838590268485	-0.15427703044808122	0.15084906160122025	-0.27493279439011165	0.5105615674076327	0.394494	0.35645917581986725	0.2909892893317142	-z	+y	+y	False	True	True	False	False	False
box026_039_p2	box026	e091_box026_20231018_039_p2	E092_C2_FAIL_low_support	54	73	right	True	False	0.1267148744919761	-0.197247	-0.21063060752273727	-0.21696195421238898	0.17214556645006066	-0.2935121739600876	0.1267148744919761	0.197247	-0.21063060752273727	0.12671487449197605	0.19724699999999995	-0.21063060752273718	-0.15010600563914028	0.15530471331102857	-0.2784685553125913	0.5113061556366801	0.394494	0.35441952346006617	0.28808148543355705	-z	+y	+y	False	True	True	False	False	False
box026_039_p2	box026	e091_box026_20231018_039_p2	E092_C2_FAIL_low_support	55	74	right	True	False	0.12469611361227871	-0.197247	-0.21125570014985112	-0.21093937428323298	0.16625113490798388	-0.29576805405013495	0.12469611361227871	0.197247	-0.21125570014985112	0.12469611361227863	0.197247	-0.21125570014985107	-0.14274269091745523	0.15261815845679308	-0.283809919284221	0.5019207235990638	0.394494	0.34749714005934984	0.2806766153066195	-z	+y	+y	False	True	True	False	False	False
box026_039_p2	box026	e091_box026_20231018_039_p2	E092_C2_FAIL_low_support	56	75	right	True	False	0.12501782371918255	-0.197247	-0.21512639750991588	-0.22275513449612727	0.1628133114893112	-0.290488476813813	0.12501782371918255	0.197247	-0.21512639750991588	0.12501782371918252	0.197247	-0.21512639750991586	-0.15488923140496935	0.1499678982086887	-0.27603658381108837	0.5062300873838045	0.394494	0.35750685639199375	0.2903331255122497	-z	+y	+y	False	True	True	False	False	False
box026_039_p2	box026	e091_box026_20231018_039_p2	E092_C2_FAIL_low_support	57	76	right	True	False	0.11989241974663267	-0.197247	-0.22298560194376962	-0.23408203539389882	0.15754821199287983	-0.28751186780588517	0.11989241974663267	0.197247	-0.21948499999999999	0.11989241974663267	0.19724700000000006	-0.21948499999999999	-0.16559885469352914	0.1466201920010673	-0.27446292162967295	0.5053129686948645	0.39450953125364246	0.36263144293448935	0.2951116963733343	-z	+y	+y	False	True	True	False	False	False
box026_039_p2	box026	e091_box026_20231018_039_p2	E092_C2_FAIL_low_support	58	77	right	True	False	0.11971710388489491	-0.197247	-0.2306594518503693	-0.25758405628578973	0.16387760430249837	-0.27336788456526795	0.11971710388489491	0.197247	-0.21948499999999999	0.11971710388489488	0.197247	-0.21948500000000007	-0.18935284560857518	0.14753128667311058	-0.265821862727812	0.5240144611780706	0.3946522322376452	0.38258730674766905	0.31645377336817093	-z	+y	+y	False	True	True	False	False	False
box026_039_p2	box026	e091_box026_20231018_039_p2	E092_C2_FAIL_low_support	59	78	right	True	False	0.11907633526377735	-0.197247	-0.2099385986603961	-0.22296081913136476	0.15905958965681483	-0.2873188654187697	0.11907633526377735	0.197247	-0.2099385986603961	0.11907633526377738	0.19724700000000003	-0.20993859866039613	-0.15561854823167123	0.1446261218194268	-0.2719456350376818	0.4999315018111913	0.394494	0.35275402050018106	0.2864805550109236	-z	+y	+y	False	True	True	False	False	False
box026_039_p2	box026	e091_box026_20231018_039_p2	E092_C2_FAIL_low_support	60	79	right	True	False	0.12010427175477825	-0.197247	-0.21303659925898727	-0.2260301096286695	0.16202549644479047	-0.2853649651620741	0.12010427175477825	0.197247	-0.21303659925898727	0.1201042717547783	0.1972470000000001	-0.21303659925898732	-0.1590743150355322	0.1471403474124977	-0.2687819447864409	0.5041003165954023	0.394494	0.3553603196793398	0.2890655695577299	-z	+y	+y	False	True	True	False	False	False
box026_039_p2	box026	e091_box026_20231018_039_p2	E092_C2_FAIL_low_support	61	80	right	True	False	0.12001785250794053	-0.197247	-0.21298127687495708	-0.2243544204340257	0.1631316230962335	-0.2861390704121147	0.12001785250794053	0.197247	-0.21298127687495708	0.12001785250794055	0.19724700000000012	-0.21298127687495708	-0.15767287732903748	0.14896464965222048	-0.26790417724914634	0.5038026172135062	0.394494	0.3537063528800798	0.2871582347382926	-z	+y	+y	False	True	True	False	False	False
box026_039_p2	box026	e091_box026_20231018_039_p2	E092_C2_FAIL_low_support	62	81	right	True	False	0.1188079242903969	-0.197247	-0.213735635195301	-0.22520146148863143	0.16395045216812199	-0.28514335874494606	0.1188079242903969	0.197247	-0.213735635195301	0.11880792429039694	0.19724699999999995	-0.21373563519530095	-0.15857974384891063	0.14974517176962795	-0.26672056298468977	0.503889987933229	0.394494	0.3529166765457924	0.28636994376826125	-z	+y	+y	False	True	True	False	False	False
box026_039_p2	box026	e091_box026_20231018_039_p2	E092_C2_FAIL_low_support	63	82	right	True	False	0.11866070266846647	-0.197247	-0.21228025825803176	-0.22341274621255033	0.16219235860821765	-0.2853774829142258	0.11866070266846647	0.197247	-0.21228025825803176	0.11866070266846646	0.19724699999999998	-0.2122802582580318	-0.15659121986933638	0.14770556150775543	-0.2679229997358603	0.5015516934459284	0.394494	0.35154839860949183	0.28515625482848156	-z	+y	+y	False	True	True	False	False	False
box026_039_p2	box026	e091_box026_20231018_039_p2	E092_C2_FAIL_low_support	64	83	right	True	False	0.11613874546220537	-0.197247	-0.2114900335632947	-0.22157127696534187	0.16091645402523075	-0.28506491680611573	0.11613874546220537	0.197247	-0.2114900335632947	0.11613874546220546	0.19724700000000006	-0.2114900335632947	-0.15421315688989368	0.14678914622929268	-0.2694782080312988	0.4977372625105466	0.394494	0.34753594240457214	0.28106720635939847	-z	+y	+y	False	True	True	False	False	False
box026_039_p2	box026	e091_box026_20231018_039_p2	E092_C2_FAIL_low_support	65	84	right	True	False	0.1187951429083604	-0.197247	-0.21396694448297787	-0.2152239341788494	0.1702014879982867	-0.2838813314559572	0.1187951429083604	0.197247	-0.21396694448297787	0.11879514290836042	0.19724699999999995	-0.21396694448297787	-0.14845216259001157	0.15372415516732738	-0.26808036067070196	0.5014729870055075	0.394494	0.3423276574912313	0.27612247668376233	-z	+y	+y	False	True	True	False	False	False
box026_039_p2	box026	e091_box026_20231018_039_p2	E092_C2_FAIL_low_support	66	85	right	True	False	0.1225146959155841	-0.197247	-0.21599690532981278	-0.21077389838579896	0.17603185861647128	-0.28314134957087667	0.1225146959155841	0.197247	-0.21599690532981278	0.1225146959155841	0.197247	-0.21599690532981278	-0.14422949728940876	0.15632535531981254	-0.2703687591275817	0.5049027329831448	0.394494	0.3406460710293843	0.2752877478154813	-z	+y	+y	False	True	True	False	False	False
box026_039_p2	box026	e091_box026_20231018_039_p2	E092_C2_FAIL_low_support	67	86	right	True	False	0.1268565419367732	-0.197247	-0.21354057945229832	-0.199662743136195	0.18406154196057897	-0.2822258043624316	0.1268565419367732	0.197247	-0.21354057945229832	0.1268565419367733	0.1972470000000001	-0.21354057945229846	-0.1334493830458368	0.1660115150688357	-0.2658053862544009	0.5066840315399929	0.394494	0.333925680278153	0.26733207837818174	-z	+y	+y	False	True	True	False	False	False
box026_039_p2	box026	e091_box026_20231018_039_p2	E092_C2_FAIL_low_support	68	87	right	True	False	0.12785031040417208	-0.197247	-0.21241115264034724	-0.19870843587703282	0.18974217803044774	-0.2854848756682398	0.12785031040417208	0.197247	-0.21241115264034724	0.12785031040417205	0.19724699999999998	-0.21241115264034727	-0.13213441206114587	0.169861815109301	-0.27314335310512633	0.51160630144926	0.394494	0.33471884638111454	0.26838480664925923	-z	+y	+y	False	True	True	False	False	False
box026_039_p2	box026	e091_box026_20231018_039_p2	E092_C2_FAIL_low_support	69	88	right	True	False	0.12939292928444798	-0.197247	-0.21368462167764618	-0.19834064552577546	0.19291096092709722	-0.2880200042819057	0.12939292928444798	0.197247	-0.21368462167764618	0.12939292928444798	0.19724699999999992	-0.21368462167764607	-0.13149206316298578	0.17321939634271338	-0.27692261826559567	0.5149352188767052	0.394494	0.3360860699280048	0.26951317079925197	-z	+y	+y	False	True	True	False	False	False
box026_039_p2	box026	e091_box026_20231018_039_p2	E092_C2_FAIL_low_support	70	89	right	True	False	0.12861525485797376	-0.197247	-0.21416470934873638	-0.1815653198010587	0.19114438210927526	-0.2914247164990463	0.12861525485797376	0.197247	-0.21416470934873638	0.12861525485797382	0.19724699999999998	-0.21416470934873635	-0.11304432258230374	0.17604447892907246	-0.2839075015768489	0.5030198438406049	0.394494	0.3197160295415195	0.2524142534330228	-z	+y	+y	False	True	True	False	False	False
box026_039_p2	box026	e091_box026_20231018_039_p2	E092_C2_FAIL_low_support	71	90	right	True	False	0.12212758786991564	-0.197247	-0.21363734319848232	-0.17519629168239734	0.17077290908765652	-0.29210697704286315	0.12212758786991564	0.197247	-0.21363734319848232	0.12212758786991565	0.19724699999999995	-0.21363734319848235	-0.10582180212923804	0.1587552712759123	-0.2873741938495464	0.47958067754299327	0.394494	0.30864194510361764	0.24265131511098872	-z	+y	+y	False	True	True	False	False	False
box026_039_p2	box026	e091_box026_20231018_039_p2	E092_C2_FAIL_low_support	72	91	right	True	False	0.10529730208749773	-0.197247	-0.21163237336565233	-0.17521345908967526	0.15023664990531713	-0.29267859077877917	0.10529730208749773	0.197247	-0.21163237336565233	0.10529730208749762	0.19724699999999995	-0.21163237336565227	-0.10581224852187035	0.14152781197542746	-0.2833367082209246	0.453871857956289	0.394494	0.29574439894814136	0.22981162266004745	-z	+y	+y	False	True	True	False	False	False
box026_039_p2	box026	e091_box026_20231018_039_p2	E092_C2_FAIL_low_support	73	92	right	True	False	0.0984822612940091	-0.197247	-0.20439922908351102	-0.17540713485626905	0.15186822334344582	-0.2939785220993595	0.0984822612940091	0.197247	-0.20439922908351102	0.0984822612940091	0.19724699999999995	-0.20439922908351096	-0.10600541890242844	0.14135499117507702	-0.28673170016646643	0.45268232816283793	0.394494	0.29171747364809786	0.227415399208654	-z	+y	+y	False	True	True	False	False	False
box026_039_p2	box026	e091_box026_20231018_039_p2	E092_C2_FAIL_low_support	74	93	right	True	False	0.10129472747062179	-0.197247	-0.20373719915069669	-0.18194772588288738	0.16045260733668973	-0.2937461607984119	0.10129472747062179	0.197247	-0.20373719915069669	0.10129472747062185	0.19724700000000006	-0.20373719915069663	-0.11258775936637325	0.1482961754628589	-0.28915716689826765	0.46505581347558345	0.394494	0.29946907668418216	0.23545375828055792	-z	+y	+y	False	True	True	False	False	False
box026_039_p2	box026	e091_box026_20231018_039_p2	E092_C2_FAIL_low_support	75	94	right	True	False	0.10424127573288709	-0.197247	-0.2057617493896106	-0.18127585137492364	0.16361663278805916	-0.2926649868612582	0.10424127573288709	0.197247	-0.2057617493896106	0.10424127573288709	0.19724700000000003	-0.20576174938961067	-0.11174843424429168	0.15155106798531606	-0.2926095862789274	0.4682891884551111	0.394494	0.3003384826387743	0.2372387400722525	-z	+y	+y	False	True	True	False	False	False
box026_039_p2	box026	e091_box026_20231018_039_p2	E092_C2_FAIL_low_support	76	95	right	True	False	0.10936724398328392	-0.197247	-0.21210530765790642	-0.1766865734354679	0.15788826472576206	-0.2918459349606635	0.10936724398328392	0.197247	-0.21210530765790642	0.1093672439832839	0.19724699999999992	-0.2121053076579064	-0.10702895052149058	0.14692174246322273	-0.2945280265940765	0.4629324036555606	0.394494	0.2995571133271005	0.23696719000554073	-z	+y	+y	False	True	True	False	False	False
box026_039_p2	box026	e091_box026_20231018_039_p2	E092_C2_FAIL_low_support	77	96	right	True	False	0.10293202295847767	-0.197247	-0.2124909310123185	-0.17759935973991797	0.15133383563558991	-0.2941343200096355	0.10293202295847767	0.197247	-0.2124909310123185	0.10293202295847764	0.197247	-0.2124909310123185	-0.10857275873143005	0.13943324216324893	-0.30269859956554207	0.4548319454678256	0.394494	0.2957558423896209	0.23709518497580304	-z	+y	+y	False	True	True	False	False	False
box026_039_p2	box026	e091_box026_20231018_039_p2	E092_C2_FAIL_low_support	78	97	right	True	False	0.10606536654679549	-0.197247	-0.22000650331461505	-0.18779638056890066	0.1496730925533436	-0.299977948332774	0.10606536654679549	0.197247	-0.21948499999999999	0.10606536654679553	0.19724699999999995	-0.2194849999999999	-0.12047340967139675	0.1328545180685786	-0.3127996408078281	0.46163157285155687	0.3944943447018058	0.30837820581055175	0.2533255436169409	-z	+y	+y	False	True	True	False	False	False
box026_039_p2	box026	e091_box026_20231018_039_p2	E092_C2_FAIL_low_support	79	98	right	True	False	0.11105802775506785	-0.197247	-0.21288039289599833	-0.18300853642175985	0.14799891002096155	-0.30207909933037896	0.11105802775506785	0.197247	-0.21288039289599833	0.11105802775506778	0.19724699999999998	-0.21288039289599836	-0.12948653814588176	0.14004189555292204	-0.29477906588286856	0.4621972433740091	0.394494	0.3112184566553124	0.26046401823723697	-z	+y	+y	False	True	True	False	False	False
box026_039_p2	box026	e091_box026_20231018_039_p2	E092_C2_FAIL_low_support	80	99	right	True	False	0.1107613010666651	-0.197247	-0.20713917717866578	-0.1795927113134795	0.15165662474879277	-0.3030788420653287	0.1107613010666651	0.197247	-0.20713917717866578	0.11076130106666507	0.19724699999999995	-0.20713917717866576	-0.1354251133778803	0.15234986167958106	-0.2734642528413576	0.4639435430811175	0.394494	0.3091736633663356	0.2588870783721855	-z	+y	+y	False	True	True	False	False	False
box026_039_p2	box026	e091_box026_20231018_039_p2	E092_C2_FAIL_low_support	81	100	right	True	False	0.12592602848308623	-0.197247	-0.21209841982699054	-0.183388749947843	0.16554094525679156	-0.300805811454716	0.12592602848308623	0.197247	-0.21209841982699054	0.1259260284830862	0.19724699999999998	-0.2120984198269905	-0.13936594704653643	0.16274932331277808	-0.2677448476623605	0.484932703278315	0.394494	0.3233417810808693	0.2732516183082235	-z	+y	+y	False	True	True	False	False	False
box026_039_p2	box026	e091_box026_20231018_039_p2	E092_C2_FAIL_low_support	82	101	right	True	False	0.12159929922508456	-0.197247	-0.215494626966967	-0.1821038703140407	0.1719344886565415	-0.29749250486135326	0.12159929922508456	0.197247	-0.215494626966967	0.12159929922508453	0.197247	-0.21549462696696695	-0.13858176268307695	0.1691592134583235	-0.25127790592583216	0.48503014208804945	0.394494	0.3155946615483317	0.2641279079944361	-z	+y	+y	False	True	True	False	False	False
box026_039_p2	box026	e091_box026_20231018_039_p2	E092_C2_FAIL_low_support	83	102	right	True	False	0.12332406277051708	-0.197247	-0.2185915812760226	-0.18179003240047517	0.17501857475395147	-0.2909306790790401	0.12332406277051708	0.197247	-0.2185915812760226	0.12332406277051709	0.19724699999999995	-0.21859158127602263	-0.13435888174355684	0.16804507506716546	-0.22621403924103592	0.48673320647954327	0.394494	0.31435912430194707	0.25944431806970564	-z	+y	+y	False	True	True	False	False	False
box026_039_p2	box026	e091_box026_20231018_039_p2	E092_C2_FAIL_low_support	84	103	right	True	False	0.12734248858050368	-0.197247	-0.2154190206275055	-0.18163638099768417	0.18528815609147414	-0.28759023189290367	0.12734248858050368	0.197247	-0.2154190206275055	0.1273424885805036	0.197247	-0.21541902062750548	-0.12506223901312602	0.17034225147837312	-0.22486670597366545	0.49700077588194774	0.394494	0.31752108517224176	0.25401037530586507	-z	+y	+y	False	True	True	False	False	False
box026_039_p2	box026	e091_box026_20231018_039_p2	E092_C2_FAIL_low_support	85	104	right	True	False	0.12681836233491087	-0.197247	-0.20665063969386832	-0.17019415967908688	0.18471952113179613	-0.28434177198970667	0.12681836233491087	0.197247	-0.20665063969386832	0.12681836233491087	0.19724700000000006	-0.20665063969386832	-0.10677023073456632	0.16585267025427722	-0.22975512998875477	0.4900518069919259	0.394494	0.30726094447117464	0.2368186061612294	-z	+y	+y	False	True	True	False	False	False
box026_039_p2	box026	e091_box026_20231018_039_p2	E092_C2_FAIL_low_support	86	105	right	True	False	0.126734132404004	-0.197247	-0.20618668181700647	-0.16742040588581636	0.18443426982452762	-0.2807120087996352	0.126734132404004	0.197247	-0.20618668181700647	0.12673413240400394	0.19724699999999998	-0.20618668181700653	-0.09909891379089691	0.16331205463853954	-0.23333817579770355	0.48760794547795155	0.394494	0.30371875610985	0.22997684425988932	-z	+y	+y	False	True	True	False	False	False
box026_039_p2	box026	e091_box026_20231018_039_p2	E092_C2_FAIL_low_support	87	106	right	True	False	0.11922506425879219	-0.197247	-0.21125008945711368	-0.17107351691078143	0.17395367489606878	-0.2816111666535775	0.11922506425879219	0.197247	-0.21125008945711368	0.11922506425879223	0.19724700000000006	-0.21125008945711382	-0.09941842470696148	0.15635523099241735	-0.23786077416200876	0.47645974484379183	0.394494	0.2996106246575907	0.2240206253454143	-z	+y	+y	False	True	True	False	False	False
box026_039_p2	box026	e091_box026_20231018_039_p2	E092_C2_FAIL_low_support	88	107	right	True	False	0.10935413712023262	-0.197247	-0.20382600047505822	-0.1760867433823881	0.16366321906690443	-0.2829601386943458	0.10935413712023262	0.197247	-0.20382600047505822	0.10935413712023259	0.19724700000000003	-0.20382600047505822	-0.1014122261915901	0.14629952121649398	-0.2444832262790399	0.4668992335833736	0.394494	0.29810497888425624	0.22061531113719873	-z	+y	+y	False	True	True	False	False	False
box026_039_p2	box026	e091_box026_20231018_039_p2	E092_C2_FAIL_low_support	89	108	right	True	False	0.11780923601059222	-0.197247	-0.20257735783861613	-0.17146442533507522	0.160952757744675	-0.2925531107329025	0.11780923601059222	0.197247	-0.20257735783861613	0.11780923601059219	0.19724699999999998	-0.20257735783861602	-0.09863545680603512	0.15091750349243513	-0.2483548152360939	0.46912893079148876	0.394494	0.30511007731327033	0.22603164137108442	-z	+y	+y	False	True	True	False	False	False
box026_039_p2	box026	e091_box026_20231018_039_p2	E092_C2_FAIL_low_support	90	109	right	True	False	0.1242641207793436	-0.197247	-0.2066069114618292	-0.17142232106077337	0.16611428796929897	-0.29700209420360857	0.1242641207793436	0.197247	-0.2066069114618292	0.12426412077934358	0.19724699999999998	-0.2066069114618291	-0.1018440840693934	0.16008418404530517	-0.24719485483450265	0.4771091977165148	0.394494	0.310758759666361	0.2327087801025657	-z	+y	+y	False	True	True	False	False	False
box026_039_p2	box026	e091_box026_20231018_039_p2	E092_C2_FAIL_low_support	91	110	right	True	False	0.12258481167420361	-0.197247	-0.20832218838376054	-0.17634151715325236	0.17262174482815096	-0.2927088133621058	0.12258481167420361	0.197247	-0.20832218838376054	0.12258481167420363	0.19724700000000006	-0.20832218838376057	-0.10830348286017079	0.16454827606486375	-0.24109583726698103	0.4829916572180601	0.394494	0.3115837860572576	0.23548401890807558	-z	+y	+y	False	True	True	False	False	False
box026_039_p2	box026	e091_box026_20231018_039_p2	E092_C2_FAIL_low_support	92	111	right	True	False	0.1263997818367207	-0.197247	-0.21806571429621077	-0.17991953649981757	0.17925961005497196	-0.2888285574081239	0.1263997818367207	0.197247	-0.21806571429621077	0.1263997818367207	0.197247	-0.21806571429621077	-0.11679886309853918	0.16938520217113526	-0.23158756712976653	0.4905059960556338	0.394494	0.3149007001397062	0.2451626015130682	-z	+y	+y	False	True	True	False	False	False
box026_039_p2	box026	e091_box026_20231018_039_p2	E092_C2_FAIL_low_support	93	112	right	True	False	0.1234340794879031	-0.197247	-0.20773464367106945	-0.17593200707174522	0.1890030268287822	-0.2788140463974893	0.1234340794879031	0.197247	-0.20773464367106945	0.12343407948790318	0.19724700000000017	-0.2077346436710695	-0.1086078353862461	0.16988430202386762	-0.22921379863168037	0.4938232664620192	0.394494	0.3077991201540889	0.23463486867219221	-z	+y	+y	False	True	True	False	False	False
box026_039_p2	box026	e091_box026_20231018_039_p2	E092_C2_FAIL_low_support	94	113	right	True	False	0.1255586280957171	-0.197247	-0.21093252085697892	-0.1655268511583138	0.18457164617881225	-0.2788516767919472	0.1255586280957171	0.197247	-0.21093252085697892	0.12555862809571713	0.197247	-0.21093252085697886	-0.10008423910798726	0.1677911634737621	-0.22599399770981013	0.48490127505017805	0.394494	0.29917291416496866	0.22805525188067338	-z	+y	+y	False	True	True	False	False	False
box026_039_p2	box026	e091_box026_20231018_039_p2	E092_C2_FAIL_low_support	95	114	right	True	False	0.12510222583269512	-0.197247	-0.2134169989523369	-0.16066563199727224	0.1900014281744504	-0.27846713884782515	0.12510222583269512	0.197247	-0.2134169989523369	0.12510222583269512	0.19724699999999992	-0.21341699895233684	-0.0957774590403361	0.17404615930263478	-0.2246785832316623	0.485650218153697	0.394494	0.29316767826660267	0.22238016431137567	-z	+y	+y	False	True	True	False	False	False
box026_039_p2	box026	e091_box026_20231018_039_p2	E092_C2_FAIL_low_support	96	115	right	True	False	0.1237644612755434	-0.197247	-0.2097004134747682	-0.15786970461939687	0.19322568597415885	-0.2792592929035482	0.1237644612755434	0.197247	-0.2097004134747682	0.12376446127554332	0.19724699999999998	-0.20970041347476817	-0.09337510827256186	0.1770685613226394	-0.22505921287788488	0.48644132184529754	0.394494	0.2901248215393172	0.21861531229558834	-z	+y	+y	False	True	True	False	False	False
box026_039_p2	box026	e091_box026_20231018_039_p2	E092_C2_FAIL_low_support	97	116	right	True	False	0.12531864993128464	-0.197247	-0.21595366171767094	-0.16843442163758865	0.19713826558210645	-0.2802610196599854	0.12531864993128464	0.197247	-0.21595366171767094	0.1253186499312846	0.1972469999999999	-0.21595366171767075	-0.10561668425132145	0.18400734365799118	-0.223342085474365	0.4959496355981494	0.394494	0.30070968585139085	0.2314325082603888	-z	+y	+y	False	True	True	False	False	False
box026_039_p2	box026	e091_box026_20231018_039_p2	E092_C2_FAIL_low_support	98	117	right	True	False	0.1218634963379499	-0.197247	-0.2123012577331725	-0.1692231017439994	0.18638426850217774	-0.28373341564905596	0.1218634963379499	0.197247	-0.2123012577331725	0.12186349633794995	0.19724700000000003	-0.21230125773317252	-0.10648437095018667	0.1815356642029056	-0.22543592852941416	0.4868335556841086	0.394494	0.29991992215095653	0.2292642888556679	-z	+y	+y	False	True	True	False	False	False
box026_039_p2	box026	e091_box026_20231018_039_p2	E092_C2_FAIL_low_support	99	118	right	True	False	0.12159625597311675	-0.197247	-0.19903563482811612	-0.1543174870141842	0.18048047316021687	-0.28622268676841706	0.12159625597311675	0.197247	-0.19903563482811612	0.1215962559731167	0.19724699999999992	-0.19903563482811606	-0.09032115335241427	0.1820740013471474	-0.2291246635495431	0.47582351725750743	0.394494	0.2898466698404042	0.2145799569222694	-z	+y	+y	False	True	True	False	False	False
box026_039_p2	box026	e091_box026_20231018_039_p2	E092_C2_FAIL_low_support	100	119	right	True	False	0.11788150919019069	-0.197247	-0.18978657111217842	-0.14335465343008036	0.1789140364068412	-0.27799621565922245	0.11788150919019069	0.197247	-0.18978657111217842	0.11788150919019065	0.19724699999999998	-0.1897865711121784	-0.07403098222629557	0.17966044274062	-0.22747962632315716	0.46639296667332947	0.394494	0.2763356140742424	0.19636816893034945	-z	+y	+y	False	True	True	False	False	False
box026_039_p2	box026	e091_box026_20231018_039_p2	E092_C2_FAIL_low_support	101	120	right	True	False	0.1237034274529651	-0.197247	-0.1929271643004571	-0.14630070804590284	0.18642304795955666	-0.26793350291893114	0.1237034274529651	0.197247	-0.1929271643004571	0.12370342745296511	0.19724699999999992	-0.19292716430045706	-0.07654512307491955	0.1800772670841222	-0.21841437792493384	0.4751114497891297	0.394494	0.28043776842147	0.2025928917194803	-z	+y	+y	False	True	True	False	False	False
box026_039_p2	box026	e091_box026_20231018_039_p2	E092_C2_FAIL_low_support	102	121	right	True	False	0.12401983721902388	-0.197247	-0.20123245525278072	-0.14718670858462254	0.1834736909082827	-0.2618763807567128	0.12401983721902388	0.197247	-0.20123245525278072	0.1240198372190238	0.19724699999999987	-0.2012324552527806	-0.07964184112165247	0.17253785043871478	-0.210142904337974	0.47135859032476746	0.394494	0.27824518006716265	0.20534852665525238	-z	+y	+y	False	True	True	False	False	False
box026_039_p2	box026	e091_box026_20231018_039_p2	E092_C2_FAIL_low_support	103	122	right	True	False	0.12507893621216754	-0.197247	-0.20355638034621013	-0.14918817929424397	0.17916091979560184	-0.26378096070070783	0.12507893621216754	0.197247	-0.20355638034621013	0.12507893621216745	0.19724699999999992	-0.20355638034621001	-0.08408856689434703	0.17194021902265916	-0.20839002050770294	0.4696087443946661	0.394494	0.2813832920133008	0.21074828966437587	-z	+y	+y	False	True	True	False	False	False
box026_039_p2	box026	e091_box026_20231018_039_p2	E092_C2_FAIL_low_support	104	123	right	True	False	0.12273083648593396	-0.197247	-0.2027677070003031	-0.15168284107716065	0.17349776787698923	-0.26474097305044314	0.12273083648593396	0.197247	-0.2027677070003031	0.12273083648593408	0.19724700000000014	-0.20276770700030325	-0.08817055991990007	0.17092822212601094	-0.20714026223391818	0.46539793193221873	0.394494	0.2823253055697562	0.21258221071854091	-z	+y	+y	False	True	True	False	False	False
box026_039_p2	box026	e091_box026_20231018_039_p2	E092_C2_FAIL_low_support	105	124	right	True	False	0.12094789174217163	-0.197247	-0.19952020212883936	-0.15247043708859134	0.162286683731256	-0.2669745780734591	0.12094789174217163	0.197247	-0.19952020212883936	0.12094789174217169	0.19724700000000003	-0.1995202021288393	-0.09096125359950512	0.16671752255636188	-0.20734872526156142	0.4566969948576979	0.394494	0.2837779045103687	0.2142401004640846	-z	+y	+y	False	True	True	False	False	False
box026_039_p2	box026	e091_box026_20231018_039_p2	E092_C2_FAIL_low_support	106	125	right	True	False	0.12349313972150126	-0.197247	-0.19501704159619834	-0.15060761005372383	0.1611595817978064	-0.2715423263204302	0.12349313972150126	0.197247	-0.19501704159619834	0.12349313972150128	0.197247	-0.19501704159619834	-0.09059899076145138	0.17296715162735318	-0.21139416579087034	0.4576490119135547	0.394494	0.2868617122969975	0.21608600502720218	-z	+y	+y	False	True	True	False	False	False
box026_039_p2	box026	e091_box026_20231018_039_p2	E092_C2_FAIL_low_support	107	126	right	True	False	0.12424227743012142	-0.197247	-0.1913287300731827	-0.1463421148332539	0.15660449018647082	-0.27562722468426865	0.12424227743012142	0.197247	-0.1913287300731827	0.12424227743012141	0.19724699999999998	-0.19132873007318268	-0.0876558751159498	0.1705396545563299	-0.21531653174683502	0.45335750422533155	0.394494	0.2863109553163802	0.21491748179759615	-z	+y	+y	False	True	True	False	False	False
box026_039_p2	box026	e091_box026_20231018_039_p2	E092_C2_FAIL_low_support	108	127	right	True	False	0.12735872738879886	-0.197247	-0.19670402027743475	-0.13994342747905453	0.15462995665929796	-0.2774179958124077	0.12735872738879886	0.197247	-0.19670402027743475	0.12735872738879883	0.197247	-0.19670402027743483	-0.08375084169887559	0.1586004714298264	-0.2140905113916128	0.44920215991407203	0.394494	0.28245601467619935	0.21532091028084624	-z	+y	+y	False	True	True	False	False	False
box026_039_p2	box026	e091_box026_20231018_039_p2	E092_C2_FAIL_low_support	109	128	right	True	False	0.1326951009172973	-0.197247	-0.20464807321391135	-0.14830276873251183	0.15514485729876779	-0.27624552633025196	0.1326951009172973	0.197247	-0.20464807321391135	0.1326951009172973	0.19724699999999998	-0.20464807321391126	-0.09440273809469697	0.16588230793860498	-0.2113033801832055	0.4563617196160879	0.394494	0.2930163621037444	0.22935009374944526	-z	+y	+y	False	True	True	False	False	False
box026_039_p2	box026	e091_box026_20231018_039_p2	E092_C2_FAIL_low_support	110	129	right	True	False	0.12532434639717538	-0.197247	-0.20618982764255378	-0.15923513371256004	0.15776442577360766	-0.27137513636307803	0.12532434639717538	0.197247	-0.20618982764255378	0.12532434639717543	0.197247	-0.2061898276425538	-0.10135683941673947	0.17042244944252904	-0.2093418243771971	0.4596262988810831	0.394494	0.2945880103820513	0.22828458467016144	-z	+y	+y	False	True	True	False	False	False
box026_039_p2	box026	e091_box026_20231018_039_p2	E092_C2_FAIL_low_support	111	130	right	True	False	0.13015614253176092	-0.197247	-0.2112604611277128	-0.15980998019287787	0.16129319048430205	-0.26940554608200634	0.13015614253176092	0.197247	-0.2112604611277128	0.13015614253176086	0.197247	-0.2112604611277128	-0.10303717870341579	0.16975409063615104	-0.20565982866198815	0.4647712033084902	0.394494	0.2979158935857457	0.23487518433839977	-z	+y	+y	False	True	True	False	False	False
box026_039_p2	box026	e091_box026_20231018_039_p2	E092_C2_FAIL_low_support	112	131	right	True	False	0.13358188395117493	-0.197247	-0.20800706150808815	-0.1583128805476961	0.16526202931776834	-0.26823883203164917	0.13358188395117493	0.197247	-0.20800706150808815	0.13358188395117496	0.19724699999999995	-0.20800706150808812	-0.10105529929024151	0.17188751888133727	-0.20470988912903784	0.4693007735548333	0.394494	0.29975566395282266	0.23602665609581266	-z	+y	+y	False	True	True	False	False	False
box026_039_p2	box026	e091_box026_20231018_039_p2	E092_C2_FAIL_low_support	113	132	right	True	False	0.13421127402825497	-0.197247	-0.20203522891657708	-0.1516241375691257	0.1674396608404314	-0.26822801170443106	0.13421127402825497	0.197247	-0.20203522891657708	0.13421127402825495	0.19724699999999998	-0.20203522891657708	-0.09441390613910694	0.1747819706882566	-0.20473522301503375	0.46805953425946567	0.394494	0.2949098921433759	0.2297421174200932	-z	+y	+y	False	True	True	False	False	False
box026_039_p2	box026	e091_box026_20231018_039_p2	E092_C2_FAIL_low_support	114	133	right	True	False	0.13327515211127772	-0.197247	-0.19619408721001452	-0.14918681372502174	0.17280064411488955	-0.2674297002990534	0.13327515211127772	0.197247	-0.19619408721001452	0.13327515211127774	0.19724699999999998	-0.19619408721001455	-0.09044953149015249	0.17489619959858121	-0.20583662411298473	0.4709506700613749	0.394494	0.29233011995403335	0.22504504182289656	-z	+y	+y	False	True	True	False	False	False
box026_039_p2	box026	e091_box026_20231018_039_p2	E092_C2_FAIL_low_support	115	134	right	True	False	0.13572647218899797	-0.197247	-0.1975994918085491	-0.15543946257762747	0.18003051955856897	-0.26602257380023164	0.13572647218899797	0.197247	-0.1975994918085491	0.13572647218899797	0.19724699999999998	-0.197599491808549	-0.09474432602229955	0.1757678365279977	-0.20697470996207182	0.4814536805156127	0.394494	0.2995926015717903	0.2316593145268192	-z	+y	+y	False	True	True	False	False	False
box026_039_p2	box026	e091_box026_20231018_039_p2	E092_C2_FAIL_low_support	116	135	right	True	False	0.1434491817667071	-0.197247	-0.21090381428766683	-0.16162190009312652	0.19562874477682932	-0.26732927351647406	0.1434491817667071	0.197247	-0.21090381428766683	0.14344918176670698	0.19724699999999995	-0.21090381428766683	-0.10038493596027108	0.17796788321744672	-0.21093946037871994	0.5006031844387921	0.394494	0.3102496030396789	0.24459509926049822	-z	+y	+y	False	True	True	False	False	False
box026_039_p2	box026	e091_box026_20231018_039_p2	E092_C2_FAIL_low_support	117	136	right	False	False	nan	nan	nan	-0.168761332047653	0.24536516014071116	-0.2689082643785422	-0.168761332047653	0.24536516014071116	-0.2689082643785422	-0.168761332047653	0.24536516014071116	-0.2689082643785422	-0.168761332047653	0.24536516014071116	-0.2689082643785422	nan	nan	0.0	0.0	+y	+y	+y	True	True	True	False	False	False
box026_039_p2	box026	e091_box026_20231018_039_p2	E092_C2_FAIL_low_support	118	137	right	False	False	nan	nan	nan	-0.19245876349443375	0.3035468395791209	-0.22232359150238243	-0.19245876349443375	0.3035468395791209	-0.22232359150238243	-0.19245876349443375	0.3035468395791209	-0.22232359150238243	-0.19245876349443375	0.3035468395791209	-0.22232359150238243	nan	nan	0.0	0.0	+y	+y	+y	True	True	True	False	False	False
box026_039_p2	box026	e091_box026_20231018_039_p2	E092_C2_FAIL_low_support	119	138	right	False	False	nan	nan	nan	-0.22299255285708464	0.37596588149097226	-0.21380396914573008	-0.22299255285708464	0.37596588149097226	-0.21380396914573008	-0.22299255285708464	0.37596588149097226	-0.21380396914573008	-0.22299255285708464	0.37596588149097226	-0.21380396914573008	nan	nan	0.0	0.0	+y	+y	+y	True	True	True	False	False	False
box026_039_p2	box026	e091_box026_20231018_039_p2	E092_C2_FAIL_low_support	120	139	right	False	False	nan	nan	nan	-0.2522143408764699	0.43646991727967566	-0.20328579366116928	-0.2522143408764699	0.43646991727967566	-0.20328579366116928	-0.2522143408764699	0.43646991727967566	-0.20328579366116928	-0.2522143408764699	0.43646991727967566	-0.20328579366116928	nan	nan	0.0	0.0	+y	+y	+y	True	True	True	False	False	False
box026_039_p2	box026	e091_box026_20231018_039_p2	E092_C2_FAIL_low_support	121	140	right	False	False	nan	nan	nan	-0.29269645641948355	0.47261488363076726	-0.200969670034042	-0.29269645641948355	0.47261488363076726	-0.200969670034042	-0.29269645641948355	0.47261488363076726	-0.200969670034042	-0.29269645641948355	0.47261488363076726	-0.200969670034042	nan	nan	0.0	0.0	+y	+y	+y	True	True	True	False	False	False
box026_039_p2	box026	e091_box026_20231018_039_p2	E092_C2_FAIL_low_support	122	141	right	False	False	nan	nan	nan	-0.33102170912641377	0.4887126786754068	-0.21558542676378428	-0.33102170912641377	0.4887126786754068	-0.21558542676378428	-0.33102170912641377	0.4887126786754068	-0.21558542676378428	-0.33102170912641377	0.4887126786754068	-0.21558542676378428	nan	nan	0.0	0.0	+y	+y	+y	True	True	True	False	False	False
box026_135_p2	box026	e091_box026_20231020_135_p2	E092_C3_FAIL_inside_risk	0	34	left	False	False	nan	nan	nan	-0.32966779959032283	0.5024848683002562	-0.16732370596050092	-0.32966779959032283	0.5024848683002562	-0.16732370596050092	-0.32966779959032283	0.5024848683002562	-0.16732370596050092	-0.32966779959032283	0.5024848683002562	-0.16732370596050092	nan	nan	0.0	0.0	+y	+y	+y	True	True	True	False	False	False
box026_135_p2	box026	e091_box026_20231020_135_p2	E092_C3_FAIL_inside_risk	1	35	left	False	False	nan	nan	nan	-0.3299614771814861	0.5020436845184902	-0.16690004615953513	-0.3299614771814861	0.5020436845184902	-0.16690004615953513	-0.3299614771814861	0.5020436845184902	-0.16690004615953513	-0.3299614771814861	0.5020436845184902	-0.16690004615953513	nan	nan	0.0	0.0	+y	+y	+y	True	True	True	False	False	False
box026_135_p2	box026	e091_box026_20231020_135_p2	E092_C3_FAIL_inside_risk	2	36	left	False	False	nan	nan	nan	-0.33105811285970443	0.5028769550739737	-0.16667594864764373	-0.33105811285970443	0.5028769550739737	-0.16667594864764373	-0.33105811285970443	0.5028769550739737	-0.16667594864764373	-0.33105811285970443	0.5028769550739737	-0.16667594864764373	nan	nan	0.0	0.0	+y	+y	+y	True	True	True	False	False	False
box026_135_p2	box026	e091_box026_20231020_135_p2	E092_C3_FAIL_inside_risk	3	37	left	False	False	nan	nan	nan	-0.33187871760957977	0.503504528695989	-0.1627943582220042	-0.33187871760957977	0.503504528695989	-0.1627943582220042	-0.33187871760957977	0.503504528695989	-0.1627943582220042	-0.33187871760957977	0.503504528695989	-0.1627943582220042	nan	nan	0.0	0.0	+y	+y	+y	True	True	True	False	False	False
box026_135_p2	box026	e091_box026_20231020_135_p2	E092_C3_FAIL_inside_risk	4	38	left	False	False	nan	nan	nan	-0.3332242238222762	0.503517198920356	-0.16261967174093755	-0.3332242238222762	0.503517198920356	-0.16261967174093755	-0.3332242238222762	0.503517198920356	-0.16261967174093755	-0.3332242238222762	0.503517198920356	-0.16261967174093755	nan	nan	0.0	0.0	+y	+y	+y	True	True	True	False	False	False
box026_135_p2	box026	e091_box026_20231020_135_p2	E092_C3_FAIL_inside_risk	5	39	left	False	False	nan	nan	nan	-0.3344225229529289	0.5031265367171058	-0.1631570029924578	-0.3344225229529289	0.5031265367171058	-0.1631570029924578	-0.3344225229529289	0.5031265367171058	-0.1631570029924578	-0.3344225229529289	0.5031265367171058	-0.1631570029924578	nan	nan	0.0	0.0	+y	+y	+y	True	True	True	False	False	False
box026_135_p2	box026	e091_box026_20231020_135_p2	E092_C3_FAIL_inside_risk	6	40	left	False	False	nan	nan	nan	-0.33459382066307847	0.5013025842158215	-0.16626746781927854	-0.33459382066307847	0.5013025842158215	-0.16626746781927854	-0.33459382066307847	0.5013025842158215	-0.16626746781927854	-0.33459382066307847	0.5013025842158215	-0.16626746781927854	nan	nan	0.0	0.0	+y	+y	+y	True	True	True	False	False	False
box026_135_p2	box026	e091_box026_20231020_135_p2	E092_C3_FAIL_inside_risk	7	41	left	False	False	nan	nan	nan	-0.33943744009031845	0.4991808349629423	-0.17341314849687986	-0.33943744009031845	0.4991808349629423	-0.17341314849687986	-0.33943744009031845	0.4991808349629423	-0.17341314849687986	-0.33943744009031845	0.4991808349629423	-0.17341314849687986	nan	nan	0.0	0.0	+y	+y	+y	True	True	True	False	False	False
box026_135_p2	box026	e091_box026_20231020_135_p2	E092_C3_FAIL_inside_risk	8	42	left	False	False	nan	nan	nan	-0.34578163765939	0.4933750930333427	-0.1752686765694235	-0.34578163765939	0.4933750930333427	-0.1752686765694235	-0.34578163765939	0.4933750930333427	-0.1752686765694235	-0.34578163765939	0.4933750930333427	-0.1752686765694235	nan	nan	0.0	0.0	+y	+y	+y	True	True	True	False	False	False
box026_135_p2	box026	e091_box026_20231020_135_p2	E092_C3_FAIL_inside_risk	9	43	left	False	False	nan	nan	nan	-0.3415854901069328	0.4892980810903932	-0.17683233131111895	-0.3415854901069328	0.4892980810903932	-0.17683233131111895	-0.3415854901069328	0.4892980810903932	-0.17683233131111895	-0.3415854901069328	0.4892980810903932	-0.17683233131111895	nan	nan	0.0	0.0	+y	+y	+y	True	True	True	False	False	False
box026_135_p2	box026	e091_box026_20231020_135_p2	E092_C3_FAIL_inside_risk	10	44	left	False	False	nan	nan	nan	-0.33642362407103754	0.48019316817765945	-0.1834403249646517	-0.33642362407103754	0.48019316817765945	-0.1834403249646517	-0.33642362407103754	0.48019316817765945	-0.1834403249646517	-0.33642362407103754	0.48019316817765945	-0.1834403249646517	nan	nan	0.0	0.0	+y	+y	+y	True	True	True	False	False	False
box026_135_p2	box026	e091_box026_20231020_135_p2	E092_C3_FAIL_inside_risk	11	45	left	False	False	nan	nan	nan	-0.32994097442613013	0.4648734509852452	-0.19208218874327204	-0.32994097442613013	0.4648734509852452	-0.19208218874327204	-0.32994097442613013	0.4648734509852452	-0.19208218874327204	-0.32994097442613013	0.4648734509852452	-0.19208218874327204	nan	nan	0.0	0.0	+y	+y	+y	True	True	True	False	False	False
box026_135_p2	box026	e091_box026_20231020_135_p2	E092_C3_FAIL_inside_risk	12	46	left	False	False	nan	nan	nan	-0.32336745517197213	0.4417613023600771	-0.19995293693497335	-0.32336745517197213	0.4417613023600771	-0.19995293693497335	-0.32336745517197213	0.4417613023600771	-0.19995293693497335	-0.32336745517197213	0.4417613023600771	-0.19995293693497335	nan	nan	0.0	0.0	+y	+y	+y	True	True	True	False	False	False
box026_135_p2	box026	e091_box026_20231020_135_p2	E092_C3_FAIL_inside_risk	13	47	left	False	False	nan	nan	nan	-0.32160980013071805	0.4020436391894708	-0.21052992727605346	-0.32160980013071805	0.4020436391894708	-0.21052992727605346	-0.32160980013071805	0.4020436391894708	-0.21052992727605346	-0.32160980013071805	0.4020436391894708	-0.21052992727605346	nan	nan	0.0	0.0	+y	+y	+y	True	True	True	False	False	False
box026_135_p2	box026	e091_box026_20231020_135_p2	E092_C3_FAIL_inside_risk	14	48	left	False	False	nan	nan	nan	-0.3103322319385261	0.33795668695912606	-0.2130353906726035	-0.3103322319385261	0.33795668695912606	-0.2130353906726035	-0.3103322319385261	0.33795668695912606	-0.2130353906726035	-0.3103322319385261	0.33795668695912606	-0.2130353906726035	nan	nan	0.0	0.0	+y	+y	+y	True	True	True	False	False	False
box026_135_p2	box026	e091_box026_20231020_135_p2	E092_C3_FAIL_inside_risk	15	49	left	False	False	nan	nan	nan	-0.3255092069841074	0.2859517368187973	-0.18244454614633335	-0.3255092069841074	0.2859517368187973	-0.18244454614633335	-0.3255092069841074	0.2859517368187973	-0.18244454614633335	-0.3255092069841074	0.2859517368187973	-0.18244454614633335	nan	nan	0.0	0.0	+y	+y	+y	True	True	True	False	False	False
box026_135_p2	box026	e091_box026_20231020_135_p2	E092_C3_FAIL_inside_risk	16	50	left	True	False	0.14809671998256566	-0.15553600823635466	-0.234485	-0.3479799589009283	0.23967028401404303	-0.17316827941400428	0.14809671998256566	0.197247	-0.21948499999999999	-0.3479799589009283	0.23967028401404303	-0.17316827941400428	-0.2735338998546143	0.2354167758303611	-0.1773674420454542	0.6372125430261123	0.35310175714699	0.0	0.42544470858065575	+y	+y	+y	True	True	True	False	False	False
box026_135_p2	box026	e091_box026_20231020_135_p2	E092_C3_FAIL_inside_risk	17	51	left	True	False	0.14294580101945267	-0.15632765612008287	-0.234485	-0.3447925725715545	0.18877735111220584	-0.16693452002375087	0.14294580101945267	0.197247	-0.21948499999999999	0.14294580101945265	0.19724699999999995	-0.21948499999999996	-0.27017720102524073	0.1880154675449257	-0.16378700217046174	0.601289659344829	0.3538926919991918	0.49063429249413204	0.41696295155817875	-x	+y	+y	False	True	True	False	False	False
box026_135_p2	box026	e091_box026_20231020_135_p2	E092_C3_FAIL_inside_risk	18	52	left	True	False	0.13595813134839244	-0.1511904255292666	-0.234485	-0.34365297084263047	0.16868313730866422	-0.16174283456792002	0.13595813134839244	0.197247	-0.21948499999999999	0.13595813134839246	0.19724699999999998	-0.21948500000000004	-0.2692122349408068	0.17071062517244628	-0.15605010784354154	0.5810656831884563	0.34876014610253736	0.4839182382030285	0.41096373374157213	-x	+y	+y	False	True	True	False	False	False
box026_135_p2	box026	e091_box026_20231020_135_p2	E092_C3_FAIL_inside_risk	19	53	left	True	False	0.13700191057101	-0.14853375700935836	-0.234485	-0.34450411853676965	0.16336822110808455	-0.16578858929345583	0.13700191057101	0.197247	-0.21948499999999999	0.13700191057101002	0.19724699999999987	-0.2194849999999999	-0.2701903817048792	0.1675820853608135	-0.15965239565721773	0.5777976262193174	0.3461059547565817	0.4856738949636012	0.4126324158277962	-x	+y	+y	False	True	True	False	False	False
box026_135_p2	box026	e091_box026_20231020_135_p2	E092_C3_FAIL_inside_risk	20	54	left	True	False	0.14012294347511983	-0.15113528019933506	-0.234485	-0.34329040195468596	0.16844270135662176	-0.17000044822384502	0.14012294347511983	0.197247	-0.21948499999999999	0.14012294347511983	0.19724699999999998	-0.21948499999999996	-0.26925432424341617	0.1717414782761272	-0.16074203182753477	0.5830753006711807	0.3487050518086711	0.4867924311495205	0.4143561454507609	-x	+y	+y	False	True	True	False	False	False
box026_135_p2	box026	e091_box026_20231020_135_p2	E092_C3_FAIL_inside_risk	21	55	left	True	False	0.1422013959922283	-0.1522061145264565	-0.234485	-0.34344231383918283	0.17135136238964316	-0.17376097583218034	0.1422013959922283	0.197247	-0.21948499999999999	0.14220139599222825	0.197247	-0.21948499999999996	-0.2701456078989779	0.17619076250266982	-0.16026600969430202	0.5867083269208493	0.34977489797331185	0.48847833455759543	0.4171094647312918	-x	+y	+y	False	True	True	False	False	False
box026_135_p2	box026	e091_box026_20231020_135_p2	E092_C3_FAIL_inside_risk	22	56	left	True	False	0.14135833965441602	-0.1540531197688146	-0.234485	-0.34103233841261804	0.16898911368664396	-0.16594197762155183	0.14135833965441602	0.197247	-0.21948499999999999	0.14135833965441594	0.19724699999999992	-0.21948499999999985	-0.2694623138265487	0.17441562476159794	-0.14529674658617361	0.584598320899604	0.351620212942293	0.48617499901814193	0.41808943775991014	-x	+y	+y	False	True	True	False	False	False
box026_135_p2	box026	e091_box026_20231020_135_p2	E092_C3_FAIL_inside_risk	23	57	left	True	False	0.14020889687942062	-0.1526903158082801	-0.234485	-0.33952777480496554	0.17112713512279001	-0.16382486793343687	0.14020889687942062	0.197247	-0.21948499999999999	0.14020889687942062	0.19724699999999998	-0.21948499999999999	-0.2698526941407651	0.17589581487320124	-0.13735632369548356	0.5830933629788395	0.35025865441856535	0.48366059566775077	0.4187499265765392	-x	+y	+y	False	True	True	False	False	False
box026_135_p2	box026	e091_box026_20231020_135_p2	E092_C3_FAIL_inside_risk	24	58	left	True	False	0.1391492189414127	-0.1525970153520798	-0.234485	-0.33849177996502483	0.1732080592224794	-0.1631137802611208	0.1391492189414127	0.197247	-0.21948499999999999	0.13914921894141272	0.197247	-0.21948500000000004	-0.2711193653387778	0.17785516291688472	-0.13121858970072764	0.5825664953135298	0.3501654395820157	0.48155634034336375	0.4201039321166244	-x	+y	+y	False	True	True	False	False	False
box026_135_p2	box026	e091_box026_20231020_135_p2	E092_C3_FAIL_inside_risk	25	59	left	True	False	0.1387013062038082	-0.1546373018572462	-0.234485	-0.3389190944960386	0.18298693850540243	-0.1596254932902968	0.1387013062038082	0.197247	-0.21948499999999999	0.1387013062038082	0.197247	-0.21948499999999999	-0.27392748838621156	0.18796539826000094	-0.12316665238801021	0.5896739103860351	0.3522038641093558	0.48156801914375597	0.42382295164652983	-x	+y	+y	False	True	True	False	False	False
box026_135_p2	box026	e091_box026_20231020_135_p2	E092_C3_FAIL_inside_risk	26	60	left	True	False	0.13682051604348777	-0.15183442068721364	-0.234485	-0.33833232350553955	0.18199128655477823	-0.16185179629615848	0.13682051604348777	0.197247	-0.21948499999999999	0.13682051604348772	0.19724699999999992	-0.21948499999999987	-0.27543451483865317	0.18902191483325226	-0.12219858788731756	0.5852225269309133	0.34940354644594473	0.4788784228730658	0.4236584809671511	-x	+y	+y	False	True	True	False	False	False
box026_135_p2	box026	e091_box026_20231020_135_p2	E092_C3_FAIL_inside_risk	27	61	left	True	False	0.13420826104127812	-0.14947255366200488	-0.234485	-0.3374877782505382	0.17750726788116145	-0.1625850144777478	0.13420826104127812	0.197247	-0.21948499999999999	0.13420826104127817	0.19724699999999998	-0.2194850000000001	-0.27593171030333474	0.1854084817712424	-0.12103549794453457	0.5784311239016169	0.34704387171016277	0.4755254134745511	0.42195645635939927	-x	+y	+y	False	True	True	False	False	False
box026_135_p2	box026	e091_box026_20231020_135_p2	E092_C3_FAIL_inside_risk	28	62	left	True	False	0.12728295765620481	-0.14980671330975018	-0.234485	-0.33522303762263156	0.172505817644454	-0.16490062816483256	0.12728295765620481	0.197247	-0.21948499999999999	0.1272829576562047	0.1972469999999999	-0.21948499999999982	-0.2759144179313843	0.18014539289617715	-0.12015618128598995	0.5680133344232922	0.34737771938062795	0.46637257147248395	0.41560414203106016	-x	+y	+y	False	True	True	False	False	False
box026_135_p2	box026	e091_box026_20231020_135_p2	E092_C3_FAIL_inside_risk	29	63	left	True	False	0.12519284854329055	-0.15177555913091367	-0.234485	-0.33317872164541235	0.17467539850708327	-0.16786555092271294	0.12519284854329055	0.197247	-0.21948499999999999	0.1251928485432905	0.19724699999999995	-0.2194849999999999	-0.2756928133759664	0.17863915384280937	-0.12035134251852454	0.5666682231212401	0.3493447391650433	0.46182089718228925	0.4133800284444145	-x	+y	+y	False	True	True	False	False	False
box026_135_p2	box026	e091_box026_20231020_135_p2	E092_C3_FAIL_inside_risk	30	64	left	True	False	0.13114181991410936	-0.15058599893159694	-0.234485	-0.33315546811663277	0.17909755894456542	-0.1666449947892914	0.13114181991410936	0.197247	-0.21948499999999999	0.13114181991410928	0.19724699999999998	-0.21948499999999985	-0.27738390853891953	0.18280180035018664	-0.11710962617170889	0.5734679470672931	0.34815627977353547	0.4676467042907436	0.42140556684443936	-x	+y	+y	False	True	True	False	False	False
box026_135_p2	box026	e091_box026_20231020_135_p2	E092_C3_FAIL_inside_risk	31	65	left	True	False	0.13382614592405803	-0.1543853388565087	-0.234485	-0.33387395557572996	0.17710239932960706	-0.1644189088516139	0.13382614592405803	0.197247	-0.21948499999999999	0.1338261459240581	0.197247	-0.21948500000000004	-0.2770398804258968	0.1828787846216098	-0.11631005019727918	0.5775264172654553	0.35195212988373653	0.4713612884756702	0.4238660254001912	-x	+y	+y	False	True	True	False	False	False
box026_135_p2	box026	e091_box026_20231020_135_p2	E092_C3_FAIL_inside_risk	32	66	left	True	False	0.1355588235301961	-0.15596763668926578	-0.234485	-0.33531106483830947	0.17188940956185234	-0.16168819744544982	0.1355588235301961	0.197247	-0.21948499999999999	0.13555882353019605	0.1972469999999999	-0.21948499999999993	-0.27621535770607186	0.18086148024201623	-0.1169094038880945	0.5783667253662186	0.35353299643955444	0.47508097157277024	0.4246742451671056	-x	+y	+y	False	True	True	False	False	False
box026_135_p2	box026	e091_box026_20231020_135_p2	E092_C3_FAIL_inside_risk	33	67	left	True	False	0.13449779715283114	-0.15317514073164976	-0.234485	-0.3357364283503861	0.16379082169436254	-0.1587398911869596	0.13449779715283114	0.197247	-0.21948499999999999	0.13449779715283122	0.1972470000000002	-0.21948500000000015	-0.27466586078886274	0.17518955936017375	-0.11728635619245348	0.5721232119747967	0.35074303516242794	0.4753204297588495	0.4223103035256287	-x	+y	+y	False	True	True	False	False	False
box026_135_p2	box026	e091_box026_20231020_135_p2	E092_C3_FAIL_inside_risk	34	68	left	True	False	0.133868925187096	-0.15158858227367794	-0.234485	-0.3369712734888243	0.15875597138633418	-0.15603703184430168	0.133868925187096	0.197247	-0.21948499999999999	0.13386892518709603	0.197247	-0.21948499999999999	-0.27451699953888253	0.1727291817220334	-0.11753827778003055	0.5693490303700971	0.3491579348378266	0.4766525953312377	0.42163173635152235	-x	+y	+y	False	True	True	False	False	False
box026_135_p2	box026	e091_box026_20231020_135_p2	E092_C3_FAIL_inside_risk	35	69	left	True	False	0.136326391109097	-0.1546718537983971	-0.234485	-0.3378719730336557	0.15842874806184537	-0.15660280898901016	0.136326391109097	0.197247	-0.21948499999999999	0.13632639110909708	0.19724700000000012	-0.21948500000000007	-0.27471183547288325	0.1732580449576473	-0.11960510658626934	0.5735518382130608	0.3522383847038502	0.47992198864559166	0.4236789902556198	-x	+y	+y	False	True	True	False	False	False
box026_135_p2	box026	e091_box026_20231020_135_p2	E092_C3_FAIL_inside_risk	36	70	left	True	False	0.13741111601537234	-0.16390268712056788	-0.234485	-0.3357914615574768	0.1606316540095418	-0.16247856576474626	0.13741111601537234	0.197247	-0.21948499999999999	0.1374111160153724	0.19724700000000003	-0.219485	-0.2728795726907777	0.17329332840161643	-0.12427231958673898	0.5782976262839219	0.36146105807857654	0.47802834280804696	0.42187401215705134	-x	+y	+y	False	True	True	False	False	False
box026_135_p2	box026	e091_box026_20231020_135_p2	E092_C3_FAIL_inside_risk	37	71	left	True	False	0.13910247857403035	-0.16564139928860103	-0.234485	-0.33435950716145985	0.17062712127454954	-0.17076957959603278	0.13910247857403035	0.197247	-0.21948499999999999	0.13910247857403035	0.19724699999999992	-0.2194849999999999	-0.2723661961512938	0.17699055696225643	-0.12960798241557175	0.5842109419170253	0.3631982796465908	0.4767054248328694	0.42165705502769374	-x	+y	+y	False	True	True	False	False	False
box026_135_p2	box026	e091_box026_20231020_135_p2	E092_C3_FAIL_inside_risk	38	72	left	True	False	0.14137614441336002	-0.15921692995617323	-0.234485	-0.3310703277867474	0.19288000202684968	-0.16891753124159847	0.14137614441336002	0.197247	-0.21948499999999999	0.14137614441336002	0.19724699999999998	-0.21948499999999996	-0.2723136942183851	0.19117846290491064	-0.12284472166229202	0.59285496672084	0.356779390323768	0.47516503308035646	0.4248711017789083	-x	+y	+y	False	True	True	False	False	False
box026_135_p2	box026	e091_box026_20231020_135_p2	E092_C3_FAIL_inside_risk	39	73	left	True	False	0.14147884660972423	-0.16441579482492877	-0.234485	-0.3290947628431025	0.19882457869441172	-0.1676640694607952	0.14147884660972423	0.197247	-0.21948499999999999	0.1414788466097242	0.19724699999999998	-0.21948499999999993	-0.26979485924585106	0.19406950112411706	-0.12251042423852705	0.5982040852635969	0.36197372440631453	0.4734209749366283	0.4225638720612568	-x	+y	+y	False	True	True	False	False	False
box026_135_p2	box026	e091_box026_20231020_135_p2	E092_C3_FAIL_inside_risk	40	74	left	True	False	0.14276169822742577	-0.1662663237791557	-0.234485	-0.32502180447152484	0.21234046349835936	-0.1790244879761307	0.14276169822742577	0.197247	-0.21948499999999999	-0.32502180447152484	0.21234046349835936	-0.1790244879761307	-0.2656316407039669	0.2037267153381487	-0.13456604899660257	0.6043512001840076	0.3638226718677236	0.0	0.4171790194076305	+y	+y	+y	True	True	True	False	False	False
box026_135_p2	box026	e091_box026_20231020_135_p2	E092_C3_FAIL_inside_risk	41	75	left	True	False	0.14235710300811574	-0.16749323406762617	-0.234485	-0.32624970215299093	0.21438870388867157	-0.17516698197158204	0.14235710300811574	0.197247	-0.21948499999999999	-0.32624970215299093	0.21438870388867157	-0.17516698197158204	-0.26518088434987114	0.20584502511398145	-0.1330297531670492	0.6074082479217554	0.3650485424538862	0.0	0.4166961085498709	+y	+y	+y	True	True	True	False	False	False
box026_135_p2	box026	e091_box026_20231020_135_p2	E092_C3_FAIL_inside_risk	42	76	left	True	False	0.1430282051495855	-0.17565871174496353	-0.234485	-0.3213012797470408	0.21856155125927915	-0.1859937237384143	0.1430282051495855	0.197247	-0.21948499999999999	-0.3213012797470408	0.21856155125927915	-0.1859937237384143	-0.26079724391889547	0.20680412627152892	-0.14381593796953787	0.6110342790555846	0.37320727465045195	0.0	0.4109648877051422	+y	+y	+y	True	True	True	False	False	False
box026_135_p2	box026	e091_box026_20231020_135_p2	E092_C3_FAIL_inside_risk	43	77	left	True	False	0.14219189007373476	-0.16420858423033213	-0.234485	-0.32265918195715027	0.21925785666100955	-0.1707225286647199	0.14219189007373476	0.197247	-0.21948499999999999	-0.32265918195715027	0.21925785666100955	-0.1707225286647199	-0.2609802345630938	0.20571019771294594	-0.1308463529254459	0.6059692097862055	0.3617666919041756	0.0	0.4128876330854561	+y	+y	+y	True	True	True	False	False	False
box026_135_p2	box026	e091_box026_20231020_135_p2	E092_C3_FAIL_inside_risk	44	78	left	True	False	0.14340028422647175	-0.1694668142969599	-0.234485	-0.323985451180028	0.22038297566527423	-0.1760228178933046	0.14340028422647175	0.197247	-0.21948499999999999	-0.323985451180028	0.22038297566527423	-0.1760228178933046	-0.2592243173273097	0.20593375129434918	-0.14174226271416138	0.6114328345221158	0.3670204648193684	0.0	0.4101535841914417	+y	+y	+y	True	True	True	False	False	False
box026_135_p2	box026	e091_box026_20231020_135_p2	E092_C3_FAIL_inside_risk	45	79	left	True	False	0.14474183106624422	-0.17338098498911278	-0.234485	-0.32290844808372704	0.22371328675280858	-0.18261725434602122	0.14474183106624422	0.197247	-0.21948499999999999	-0.32290844808372704	0.22371328675280858	-0.18261725434602122	-0.2563991771789138	0.20544089188938955	-0.1539715308280725	0.6156873453941689	0.37093139966453365	0.0	0.4065381445856932	+y	+y	+y	True	True	True	False	False	False
box026_135_p2	box026	e091_box026_20231020_135_p2	E092_C3_FAIL_inside_risk	46	80	left	True	False	0.1460918817089721	-0.1809060195230203	-0.234485	-0.32282132887759446	0.2244805247074401	-0.18959985840741522	0.1460918817089721	0.197247	-0.21948499999999999	-0.32282132887759446	0.2244805247074401	-0.18959985840741522	-0.2549392844846742	0.20285340044583036	-0.16718922362363953	0.621476085816263	0.3784504012078435	0.0	0.4044654202912794	+y	+y	+y	True	True	True	False	False	False
box026_135_p2	box026	e091_box026_20231020_135_p2	E092_C3_FAIL_inside_risk	47	81	left	True	False	0.14529285579500834	-0.17438897976904358	-0.234485	-0.32851390899906496	0.21893903283586816	-0.18203714234080604	0.14529285579500834	0.197247	-0.21948499999999999	-0.32851390899906496	0.21893903283586816	-0.18203714234080604	-0.2585417026598457	0.1973344887482629	-0.1673717060707947	0.6180214831519977	0.37193857215795323	0.0	0.4071831942269471	+y	+y	+y	True	True	True	False	False	False
box026_135_p2	box026	e091_box026_20231020_135_p2	E092_C3_FAIL_inside_risk	48	82	left	True	False	0.1458693703265407	-0.18039580596370908	-0.234485	-0.32632217616736225	0.21584822547919777	-0.1943388238234471	0.1458693703265407	0.197247	-0.21948499999999999	-0.32632217616736225	0.21584822547919777	-0.1943388238234471	-0.2558994744791743	0.19300270790606286	-0.18450691556750115	0.6177263993840881	0.3779405891091133	0.0	0.4033109037237457	+y	+y	+y	True	True	True	False	False	False
box026_135_p2	box026	e091_box026_20231020_135_p2	E092_C3_FAIL_inside_risk	49	83	left	True	False	0.14627706065343907	-0.18072658117177565	-0.234485	-0.32542649235076904	0.2166503139620112	-0.19652480931072755	0.14627706065343907	0.197247	-0.21948499999999999	-0.32542649235076904	0.2166503139620112	-0.19652480931072755	-0.25501938070767294	0.19255458838292205	-0.19018638323676126	0.6179430514053283	0.37827110392391444	0.0	0.4023919252670406	+y	+y	+y	True	True	True	False	False	False
box026_135_p2	box026	e091_box026_20231020_135_p2	E092_C3_FAIL_inside_risk	50	84	left	True	False	0.14561826385477286	-0.1774459421026511	-0.234485	-0.33023742382416665	0.20928929095192822	-0.19240442931149992	0.14561826385477286	0.197247	-0.21948499999999999	-0.33023742382416665	0.20928929095192822	-0.19240442931149992	-0.25843861670797075	0.1888854218066825	-0.18984426783294378	0.614632858226475	0.3749930677513128	0.0	0.4052288880662105	+y	+y	+y	True	True	True	False	False	False
box026_135_p2	box026	e091_box026_20231020_135_p2	E092_C3_FAIL_inside_risk	51	85	left	True	False	0.14685493455045442	-0.17438494713112276	-0.234485	-0.33623216853620336	0.207074155184711	-0.1823741472915164	0.14685493455045442	0.197247	-0.21948499999999999	0.1468549345504544	0.1972470000000001	-0.219485	-0.263616281894089	0.19007761783443716	-0.18637311359315736	0.6177375954871664	0.3719345428008397	0.48461008814967343	0.41186698895580204	-x	+y	+y	False	True	True	False	False	False
box026_135_p2	box026	e091_box026_20231020_135_p2	E092_C3_FAIL_inside_risk	52	86	left	True	False	0.14717926038601434	-0.17437778716404143	-0.234485	-0.33768117004451625	0.20153927297150062	-0.18030738124435544	0.14717926038601434	0.197247	-0.21948499999999999	0.14717926038601437	0.1972470000000001	-0.219485	-0.26516829091262023	0.1870486519240177	-0.19078809056494112	0.6159046090688558	0.37192738865902186	0.48645960409462974	0.4134707026822855	-x	+y	+y	False	True	True	False	False	False
box026_135_p2	box026	e091_box026_20231020_135_p2	E092_C3_FAIL_inside_risk	53	87	left	True	False	0.14731478286649363	-0.17324660058810093	-0.234485	-0.33859059583342055	0.19855148119186367	-0.17997814156513436	0.14731478286649363	0.197247	-0.21948499999999999	0.14731478286649358	0.19724699999999992	-0.21948499999999993	-0.2667355991679269	0.18790918616042218	-0.19734310677866	0.614254709612557	0.3707971252271723	0.4875105440747712	0.41474712424027416	-x	+y	+y	False	True	True	False	False	False
box026_135_p2	box026	e091_box026_20231020_135_p2	E092_C3_FAIL_inside_risk	54	88	left	True	False	0.14783508173678678	-0.17787849470348396	-0.234485	-0.33671708608791506	0.200906557084672	-0.18723311731021575	0.14783508173678678	0.197247	-0.21948499999999999	0.14783508173678675	0.19724700000000003	-0.21948499999999999	-0.2654839142770756	0.19111185899245955	-0.20742816940846845	0.616848165450383	0.37542527455744584	0.4856381159245118	0.4135403240132726	-x	+y	+y	False	True	True	False	False	False
box026_135_p2	box026	e091_box026_20231020_135_p2	E092_C3_FAIL_inside_risk	55	89	left	True	False	0.14841517019000933	-0.17668445896871912	-0.234485	-0.3393756331692116	0.2055535228222584	-0.1826149936935432	0.14841517019000933	0.197247	-0.21948499999999999	0.14841517019000938	0.19724699999999995	-0.21948499999999993	-0.2678934706413202	0.19605428674304806	-0.2020573690743663	0.6218812106179971	0.37423219530991036	0.48925276036857374	0.41667496842913704	-x	+y	+y	False	True	True	False	False	False
box026_135_p2	box026	e091_box026_20231020_135_p2	E092_C3_FAIL_inside_risk	56	90	left	True	False	0.1476905077037748	-0.17758095398937443	-0.234485	-0.33975153714891404	0.20675637547603354	-0.1830926496129924	0.1476905077037748	0.197247	-0.21948499999999999	0.1476905077037748	0.19724700000000006	-0.21948499999999996	-0.26752541701494026	0.19712028426265324	-0.19947783568827201	0.6228612233789107	0.3751279716201667	0.4888911724287989	0.41569768681181307	-x	+y	+y	False	True	True	False	False	False
box026_135_p2	box026	e091_box026_20231020_135_p2	E092_C3_FAIL_inside_risk	57	91	left	True	False	0.1481974574476293	-0.17320792017063372	-0.234485	-0.34238390924824275	0.20743904023158088	-0.1777546727207015	0.1481974574476293	0.197247	-0.21948499999999999	0.14819745744762938	0.19724700000000012	-0.21948500000000007	-0.26948688298160567	0.1981219805880714	-0.19106470530074637	0.6235226666656563	0.3707584764757653	0.4924585010415693	0.4186510324621533	-x	+y	+y	False	True	True	False	False	False
box026_135_p2	box026	e091_box026_20231020_135_p2	E092_C3_FAIL_inside_risk	58	92	left	True	False	0.1488706869681661	-0.16910944681381754	-0.234485	-0.34219773851141944	0.21167960738187572	-0.17972874449878926	0.1488706869681661	0.197247	-0.21948499999999999	0.14887068696816622	0.1972470000000001	-0.21948500000000012	-0.26858274131084503	0.20182535482370725	-0.18758157200743678	0.623816278895288	0.3666633962124465	0.4928864560021063	0.41869577837908506	-x	+y	+y	False	True	True	False	False	False
box026_135_p2	box026	e091_box026_20231020_135_p2	E092_C3_FAIL_inside_risk	59	93	left	True	False	0.1486948977889677	-0.16501131000505015	-0.234485	-0.34326980057531	0.21672348825762774	-0.17254778956462127	0.1486948977889677	0.197247	-0.21948499999999999	-0.34326980057531	0.21672348825762774	-0.17254778956462127	-0.2697153879372957	0.20460171268062483	-0.17710321979005655	0.6257690777577768	0.3625687288883516	0.0	0.42061558969433344	+y	+y	+y	True	True	True	False	False	False
box026_135_p2	box026	e091_box026_20231020_135_p2	E092_C3_FAIL_inside_risk	60	94	left	True	False	0.1479670855716249	-0.16173159288412267	-0.234485	-0.3429488589147956	0.21632556475293518	-0.16420506431913787	0.1479670855716249	0.197247	-0.21948499999999999	-0.3429488589147956	0.21632556475293518	-0.16420506431913787	-0.26924277609644953	0.20429923936963754	-0.1633554411370901	0.6235903690331591	0.35929184536956127	0.0	0.42102770708275883	+y	+y	+y	True	True	True	False	False	False
box026_135_p2	box026	e091_box026_20231020_135_p2	E092_C3_FAIL_inside_risk	61	95	left	True	False	0.14752857437604808	-0.1633912845647906	-0.234485	-0.3418358152388087	0.218525653005529	-0.16071411021027926	0.14752857437604808	0.197247	-0.21948499999999999	-0.3418358152388087	0.218525653005529	-0.16071411021027926	-0.26833578142806686	0.20579543738389544	-0.15702254600958848	0.6251241454355926	0.3609500966807391	0.0	0.4206159725552302	+y	+y	+y	True	True	True	False	False	False
box026_135_p2	box026	e091_box026_20231020_135_p2	E092_C3_FAIL_inside_risk	62	96	left	True	False	0.14698834618712664	-0.16597035148109557	-0.234485	-0.34086497608198607	0.2198963128667034	-0.15941373535299438	0.14698834618712664	0.197247	-0.21948499999999999	-0.34086497608198607	0.2198963128667034	-0.15941373535299438	-0.2675501280650821	0.2069327329862108	-0.15351291649950582	0.6265218603365794	0.3635269514313096	0.0	0.4198669740051311	+y	+y	+y	True	True	True	False	False	False
box026_135_p2	box026	e091_box026_20231020_135_p2	E092_C3_FAIL_inside_risk	63	97	left	True	False	0.14622114997887634	-0.17392414673114318	-0.234485	-0.33709219003729857	0.22141978357465128	-0.16792167416177917	0.14622114997887634	0.197247	-0.21948499999999999	-0.33709219003729857	0.22141978357465128	-0.16792167416177917	-0.26463496017854654	0.20764430557131738	-0.15616892753909778	0.6279484725786573	0.3714741177601904	0.0	0.4158362324866677	+y	+y	+y	True	True	True	False	False	False
box026_135_p2	box026	e091_box026_20231020_135_p2	E092_C3_FAIL_inside_risk	64	98	left	True	False	0.14674587574779493	-0.1840002186887084	-0.234485	-0.33526403856273884	0.23003809476414505	-0.17626736547885202	0.14674587574779493	0.197247	-0.21948499999999999	-0.33526403856273884	0.23003809476414505	-0.17626736547885202	-0.2632937818820237	0.21891961688782685	-0.15969622764142147	0.6380835176289773	0.38154218869985507	0.0	0.4149420687904413	+y	+y	+y	True	True	True	False	False	False
box026_135_p2	box026	e091_box026_20231020_135_p2	E092_C3_FAIL_inside_risk	65	99	left	True	False	0.15305064896783455	-0.19073164929699085	-0.234485	-0.3086369428338832	0.27275492264791656	-0.19484810761466348	0.15305064896783455	0.197247	-0.21948499999999999	-0.3086369428338832	0.27275492264791656	-0.19484810761466348	-0.23701128172325583	0.2701775232067334	-0.17384661507752547	0.6553978318814292	0.38826850543189495	0.0	0.3994371454534503	+y	+y	+y	True	True	True	False	False	False
box026_135_p2	box026	e091_box026_20231020_135_p2	E092_C3_FAIL_inside_risk	66	100	left	False	False	nan	nan	nan	-0.24372515530417918	0.31655922022139005	-0.20865835556210172	-0.24372515530417918	0.31655922022139005	-0.20865835556210172	-0.24372515530417918	0.31655922022139005	-0.20865835556210172	-0.24372515530417918	0.31655922022139005	-0.20865835556210172	nan	nan	0.0	0.0	+y	+y	+y	True	True	True	False	False	False
box026_135_p2	box026	e091_box026_20231020_135_p2	E092_C3_FAIL_inside_risk	67	101	left	False	False	nan	nan	nan	-0.21479133825719293	0.3764074762604594	-0.22304606500261367	-0.21479133825719293	0.3764074762604594	-0.22304606500261367	-0.21479133825719293	0.3764074762604594	-0.22304606500261367	-0.21479133825719293	0.3764074762604594	-0.22304606500261367	nan	nan	0.0	0.0	+y	+y	+y	True	True	True	False	False	False
box026_135_p2	box026	e091_box026_20231020_135_p2	E092_C3_FAIL_inside_risk	68	102	left	False	False	nan	nan	nan	-0.19568019282210616	0.4435176123854178	-0.23893002894157944	-0.19568019282210616	0.4435176123854178	-0.23893002894157944	-0.19568019282210616	0.4435176123854178	-0.23893002894157944	-0.19568019282210616	0.4435176123854178	-0.23893002894157944	nan	nan	0.0	0.0	+y	+y	+y	True	True	True	False	False	False
box026_135_p2	box026	e091_box026_20231020_135_p2	E092_C3_FAIL_inside_risk	69	103	left	False	False	nan	nan	nan	-0.1938775801766119	0.490881676670963	-0.2576199139875506	-0.1938775801766119	0.490881676670963	-0.2576199139875506	-0.1938775801766119	0.490881676670963	-0.2576199139875506	-0.1938775801766119	0.490881676670963	-0.2576199139875506	nan	nan	0.0	0.0	+y	+y	+y	True	True	True	False	False	False
box026_135_p2	box026	e091_box026_20231020_135_p2	E092_C3_FAIL_inside_risk	70	104	left	False	False	nan	nan	nan	-0.22628052966287118	0.5386718737506014	-0.27147111522900785	-0.22628052966287118	0.5386718737506014	-0.27147111522900785	-0.22628052966287118	0.5386718737506014	-0.27147111522900785	-0.22628052966287118	0.5386718737506014	-0.27147111522900785	nan	nan	0.0	0.0	+y	+y	+y	True	True	True	False	False	False
box026_135_p2	box026	e091_box026_20231020_135_p2	E092_C3_FAIL_inside_risk	71	105	left	False	False	nan	nan	nan	-0.25097955104112407	0.5557986711432303	-0.2773176756127928	-0.25097955104112407	0.5557986711432303	-0.2773176756127928	-0.25097955104112407	0.5557986711432303	-0.2773176756127928	-0.25097955104112407	0.5557986711432303	-0.2773176756127928	nan	nan	0.0	0.0	+y	+y	+y	True	True	True	False	False	False
box026_135_p2	box026	e091_box026_20231020_135_p2	E092_C3_FAIL_inside_risk	72	106	left	False	False	nan	nan	nan	-0.2746919577861697	0.5580300106511692	-0.26951972155034637	-0.2746919577861697	0.5580300106511692	-0.26951972155034637	-0.2746919577861697	0.5580300106511692	-0.26951972155034637	-0.2746919577861697	0.5580300106511692	-0.26951972155034637	nan	nan	0.0	0.0	+y	+y	+y	True	True	True	False	False	False
box026_135_p2	box026	e091_box026_20231020_135_p2	E092_C3_FAIL_inside_risk	73	107	left	False	False	nan	nan	nan	-0.34319212348544936	0.5474573763546926	-0.24835806027965665	-0.34319212348544936	0.5474573763546926	-0.24835806027965665	-0.34319212348544936	0.5474573763546926	-0.24835806027965665	-0.34319212348544936	0.5474573763546926	-0.24835806027965665	nan	nan	0.0	0.0	+y	+y	+y	True	True	True	False	False	False
box026_135_p2	box026	e091_box026_20231020_135_p2	E092_C3_FAIL_inside_risk	74	108	left	False	False	nan	nan	nan	-0.4026267277937831	0.5336857312970027	-0.21084915369520366	-0.4026267277937831	0.5336857312970027	-0.21084915369520366	-0.4026267277937831	0.5336857312970027	-0.21084915369520366	-0.4026267277937831	0.5336857312970027	-0.21084915369520366	nan	nan	0.0	0.0	+y	+y	+y	True	True	True	False	False	False
box026_135_p2	box026	e091_box026_20231020_135_p2	E092_C3_FAIL_inside_risk	75	109	left	False	False	nan	nan	nan	-0.44499624032014146	0.5255880663618366	-0.1630261292986288	-0.44499624032014146	0.5255880663618366	-0.1630261292986288	-0.44499624032014146	0.5255880663618366	-0.1630261292986288	-0.44499624032014146	0.5255880663618366	-0.1630261292986288	nan	nan	0.0	0.0	+y	+y	+y	True	True	True	False	False	False
box026_135_p2	box026	e091_box026_20231020_135_p2	E092_C3_FAIL_inside_risk	76	110	left	False	False	nan	nan	nan	-0.47269466850563296	0.5211121509094453	-0.15319240062142594	-0.47269466850563296	0.5211121509094453	-0.15319240062142594	-0.47269466850563296	0.5211121509094453	-0.15319240062142594	-0.47269466850563296	0.5211121509094453	-0.15319240062142594	nan	nan	0.0	0.0	+y	+y	+y	True	True	True	False	False	False
box026_135_p2	box026	e091_box026_20231020_135_p2	E092_C3_FAIL_inside_risk	77	111	left	False	False	nan	nan	nan	-0.48731066152239483	0.5190133970065174	-0.1691178613953858	-0.48731066152239483	0.5190133970065174	-0.1691178613953858	-0.48731066152239483	0.5190133970065174	-0.1691178613953858	-0.48731066152239483	0.5190133970065174	-0.1691178613953858	nan	nan	0.0	0.0	+y	+y	+y	True	True	True	False	False	False
box026_135_p2	box026	e091_box026_20231020_135_p2	E092_C3_FAIL_inside_risk	78	112	left	False	False	nan	nan	nan	-0.4752836336406978	0.5167839061700161	-0.18413370599941675	-0.4752836336406978	0.5167839061700161	-0.18413370599941675	-0.4752836336406978	0.5167839061700161	-0.18413370599941675	-0.4752836336406978	0.5167839061700161	-0.18413370599941675	nan	nan	0.0	0.0	+y	+y	+y	True	True	True	False	False	False
box026_135_p2	box026	e091_box026_20231020_135_p2	E092_C3_FAIL_inside_risk	79	113	left	False	False	nan	nan	nan	-0.45358369535844695	0.5168742469034973	-0.19988416422368746	-0.45358369535844695	0.5168742469034973	-0.19988416422368746	-0.45358369535844695	0.5168742469034973	-0.19988416422368746	-0.45358369535844695	0.5168742469034973	-0.19988416422368746	nan	nan	0.0	0.0	+y	+y	+y	True	True	True	False	False	False
box026_135_p2	box026	e091_box026_20231020_135_p2	E092_C3_FAIL_inside_risk	80	114	left	False	False	nan	nan	nan	-0.4363666228285441	0.5195082835184894	-0.2109129532148746	-0.4363666228285441	0.5195082835184894	-0.2109129532148746	-0.4363666228285441	0.5195082835184894	-0.2109129532148746	-0.4363666228285441	0.5195082835184894	-0.2109129532148746	nan	nan	0.0	0.0	+y	+y	+y	True	True	True	False	False	False
box026_135_p2	box026	e091_box026_20231020_135_p2	E092_C3_FAIL_inside_risk	81	115	left	False	False	nan	nan	nan	-0.42431157373411293	0.5226416646024495	-0.22337126940317467	-0.42431157373411293	0.5226416646024495	-0.22337126940317467	-0.42431157373411293	0.5226416646024495	-0.22337126940317467	-0.42431157373411293	0.5226416646024495	-0.22337126940317467	nan	nan	0.0	0.0	+y	+y	+y	True	True	True	False	False	False
box026_135_p2	box026	e091_box026_20231020_135_p2	E092_C3_FAIL_inside_risk	0	34	right	False	False	nan	nan	nan	-0.3378210848352996	0.4929548074189342	0.1470094328697641	-0.3378210848352996	0.4929548074189342	0.1470094328697641	-0.3378210848352996	0.4929548074189342	0.1470094328697641	-0.3378210848352996	0.4929548074189342	0.1470094328697641	nan	nan	0.0	0.0	+y	+y	+y	True	True	True	False	False	False
box026_135_p2	box026	e091_box026_20231020_135_p2	E092_C3_FAIL_inside_risk	1	35	right	False	False	nan	nan	nan	-0.3383916178011242	0.4928048430591138	0.1479087112905845	-0.3383916178011242	0.4928048430591138	0.1479087112905845	-0.3383916178011242	0.4928048430591138	0.1479087112905845	-0.3383916178011242	0.4928048430591138	0.1479087112905845	nan	nan	0.0	0.0	+y	+y	+y	True	True	True	False	False	False
box026_135_p2	box026	e091_box026_20231020_135_p2	E092_C3_FAIL_inside_risk	2	36	right	False	False	nan	nan	nan	-0.3375897933280894	0.4932738269366536	0.14848319207840768	-0.3375897933280894	0.4932738269366536	0.14848319207840768	-0.3375897933280894	0.4932738269366536	0.14848319207840768	-0.3375897933280894	0.4932738269366536	0.14848319207840768	nan	nan	0.0	0.0	+y	+y	+y	True	True	True	False	False	False
box026_135_p2	box026	e091_box026_20231020_135_p2	E092_C3_FAIL_inside_risk	3	37	right	False	False	nan	nan	nan	-0.33676693552556897	0.4949618345222681	0.14954172959071935	-0.33676693552556897	0.4949618345222681	0.14954172959071935	-0.33676693552556897	0.4949618345222681	0.14954172959071935	-0.33676693552556897	0.4949618345222681	0.14954172959071935	nan	nan	0.0	0.0	+y	+y	+y	True	True	True	False	False	False
box026_135_p2	box026	e091_box026_20231020_135_p2	E092_C3_FAIL_inside_risk	4	38	right	False	False	nan	nan	nan	-0.33610837188143894	0.494125639681085	0.14983759295592117	-0.33610837188143894	0.494125639681085	0.14983759295592117	-0.33610837188143894	0.494125639681085	0.14983759295592117	-0.33610837188143894	0.494125639681085	0.14983759295592117	nan	nan	0.0	0.0	+y	+y	+y	True	True	True	False	False	False
box026_135_p2	box026	e091_box026_20231020_135_p2	E092_C3_FAIL_inside_risk	5	39	right	False	False	nan	nan	nan	-0.33769202669839776	0.49408555559129036	0.1512989746806326	-0.33769202669839776	0.49408555559129036	0.1512989746806326	-0.33769202669839776	0.49408555559129036	0.1512989746806326	-0.33769202669839776	0.49408555559129036	0.1512989746806326	nan	nan	0.0	0.0	+y	+y	+y	True	True	True	False	False	False
box026_135_p2	box026	e091_box026_20231020_135_p2	E092_C3_FAIL_inside_risk	6	40	right	False	False	nan	nan	nan	-0.34340881960416425	0.4908468803434289	0.1520954346803138	-0.34340881960416425	0.4908468803434289	0.1520954346803138	-0.34340881960416425	0.4908468803434289	0.1520954346803138	-0.34340881960416425	0.4908468803434289	0.1520954346803138	nan	nan	0.0	0.0	+y	+y	+y	True	True	True	False	False	False
box026_135_p2	box026	e091_box026_20231020_135_p2	E092_C3_FAIL_inside_risk	7	41	right	False	False	nan	nan	nan	-0.34655753969023906	0.48905830405087886	0.15119648061747362	-0.34655753969023906	0.48905830405087886	0.15119648061747362	-0.34655753969023906	0.48905830405087886	0.15119648061747362	-0.34655753969023906	0.48905830405087886	0.15119648061747362	nan	nan	0.0	0.0	+y	+y	+y	True	True	True	False	False	False
box026_135_p2	box026	e091_box026_20231020_135_p2	E092_C3_FAIL_inside_risk	8	42	right	False	False	nan	nan	nan	-0.3486062509235934	0.4858120801176241	0.15455008722740274	-0.3486062509235934	0.4858120801176241	0.15455008722740274	-0.3486062509235934	0.4858120801176241	0.15455008722740274	-0.3486062509235934	0.4858120801176241	0.15455008722740274	nan	nan	0.0	0.0	+y	+y	+y	True	True	True	False	False	False
box026_135_p2	box026	e091_box026_20231020_135_p2	E092_C3_FAIL_inside_risk	9	43	right	False	False	nan	nan	nan	-0.3530047198203018	0.48172341362892096	0.1605910784827778	-0.3530047198203018	0.48172341362892096	0.1605910784827778	-0.3530047198203018	0.48172341362892096	0.1605910784827778	-0.3530047198203018	0.48172341362892096	0.1605910784827778	nan	nan	0.0	0.0	+y	+y	+y	True	True	True	False	False	False
box026_135_p2	box026	e091_box026_20231020_135_p2	E092_C3_FAIL_inside_risk	10	44	right	False	False	nan	nan	nan	-0.35097389143132873	0.4741634063102852	0.16287938488273337	-0.35097389143132873	0.4741634063102852	0.16287938488273337	-0.35097389143132873	0.4741634063102852	0.16287938488273337	-0.35097389143132873	0.4741634063102852	0.16287938488273337	nan	nan	0.0	0.0	+y	+y	+y	True	True	True	False	False	False
box026_135_p2	box026	e091_box026_20231020_135_p2	E092_C3_FAIL_inside_risk	11	45	right	False	False	nan	nan	nan	-0.3466407641112223	0.46360224134658556	0.1647451806041454	-0.3466407641112223	0.46360224134658556	0.1647451806041454	-0.3466407641112223	0.46360224134658556	0.1647451806041454	-0.3466407641112223	0.46360224134658556	0.1647451806041454	nan	nan	0.0	0.0	+y	+y	+y	True	True	True	False	False	False
box026_135_p2	box026	e091_box026_20231020_135_p2	E092_C3_FAIL_inside_risk	12	46	right	False	False	nan	nan	nan	-0.3412351519448924	0.44080451374308993	0.16992871023626127	-0.3412351519448924	0.44080451374308993	0.16992871023626127	-0.3412351519448924	0.44080451374308993	0.16992871023626127	-0.3412351519448924	0.44080451374308993	0.16992871023626127	nan	nan	0.0	0.0	+y	+y	+y	True	True	True	False	False	False
box026_135_p2	box026	e091_box026_20231020_135_p2	E092_C3_FAIL_inside_risk	13	47	right	False	False	nan	nan	nan	-0.33423949561617833	0.40899202491428466	0.17408221605998767	-0.33423949561617833	0.40899202491428466	0.17408221605998767	-0.33423949561617833	0.40899202491428466	0.17408221605998767	-0.33423949561617833	0.40899202491428466	0.17408221605998767	nan	nan	0.0	0.0	+y	+y	+y	True	True	True	False	False	False
box026_135_p2	box026	e091_box026_20231020_135_p2	E092_C3_FAIL_inside_risk	14	48	right	False	False	nan	nan	nan	-0.326172632970963	0.35109554811173105	0.17643537094356151	-0.326172632970963	0.35109554811173105	0.17643537094356151	-0.326172632970963	0.35109554811173105	0.17643537094356151	-0.326172632970963	0.35109554811173105	0.17643537094356151	nan	nan	0.0	0.0	+y	+y	+y	True	True	True	False	False	False
box026_135_p2	box026	e091_box026_20231020_135_p2	E092_C3_FAIL_inside_risk	15	49	right	False	False	nan	nan	nan	-0.33066510173343516	0.30009032300430377	0.1645547898672199	-0.33066510173343516	0.30009032300430377	0.1645547898672199	-0.33066510173343516	0.30009032300430377	0.1645547898672199	-0.33066510173343516	0.30009032300430377	0.1645547898672199	nan	nan	0.0	0.0	+y	+y	+y	True	True	True	False	False	False
box026_135_p2	box026	e091_box026_20231020_135_p2	E092_C3_FAIL_inside_risk	16	50	right	True	False	0.14701121869894962	0.12464018657293151	-0.234485	-0.339262323451786	0.2548468401993377	0.1749435000536132	0.14701121869894962	0.197247	-0.21948499999999999	-0.339262323451786	0.2548468401993377	0.1749435000536132	-0.25455899345628363	0.24834854321024322	0.1630534902281852	0.6488816741907276	0.07414006579463721	0.0	0.5569611292674981	+y	+y	+y	True	True	True	False	False	False
box026_135_p2	box026	e091_box026_20231020_135_p2	E092_C3_FAIL_inside_risk	17	51	right	True	False	0.13702089047561833	0.13523014941514294	-0.234485	-0.3245932189989274	0.20669740273726286	0.19705522373137566	0.13702089047561833	0.197247	-0.21948499999999999	-0.3245932189989274	0.20669740273726286	0.19705522373137566	-0.24055320570728697	0.21030690632664203	0.18024742912549732	0.6359419148487633	0.06380509193210591	0.0	0.5500170671498924	+y	+y	+y	True	True	True	False	False	False
box026_135_p2	box026	e091_box026_20231020_135_p2	E092_C3_FAIL_inside_risk	18	52	right	True	False	0.12279603017747433	0.12864209545560928	-0.234485	-0.319556306297034	0.17909130426682482	0.20006135685487478	0.12279603017747433	0.197247	-0.21948499999999999	0.12279603017747433	0.19724700000000006	-0.219485	-0.23619293376292516	0.18862002666066655	0.18222863751612198	0.6221344296130688	0.07022558598933129	0.6099380004739909	0.5388147617376804	-x	+y	+y	False	True	True	False	False	False
box026_135_p2	box026	e091_box026_20231020_135_p2	E092_C3_FAIL_inside_risk	19	53	right	True	False	0.12341530478483159	0.13055444172551245	-0.234485	-0.3110425912173767	0.17141492099400404	0.20800675699151985	0.12341530478483159	0.197247	-0.21948499999999999	0.12341530478483158	0.1972469999999999	-0.21948499999999987	-0.22914051312513967	0.18816572326533781	0.1887787946144499	0.6214677764535815	0.06835859367479644	0.6100575071254629	0.5394973589576598	-x	+y	+y	False	True	True	True	False	False
box026_135_p2	box026	e091_box026_20231020_135_p2	E092_C3_FAIL_inside_risk	20	54	right	True	False	0.1298852045554576	0.1343938421792403	-0.234485	-0.3107333670938176	0.1700023872318199	0.21232500183113542	0.1298852045554576	0.197247	-0.21948499999999999	0.12988520455545757	0.19724699999999995	-0.21948499999999999	-0.229523934637814	0.19266933864477198	0.19652969545389481	0.6285315202114754	0.06461825940120429	0.6175328916653272	0.5497855137712601	-x	+y	+y	False	True	True	True	False	False
box026_135_p2	box026	e091_box026_20231020_135_p2	E092_C3_FAIL_inside_risk	21	55	right	True	False	0.13436202243972162	0.13583224183857429	-0.234485	-0.31400846903765905	0.16649432565531064	0.2196264107015005	0.13436202243972162	0.197247	-0.21948499999999999	0.13436202243972156	0.19724699999999998	-0.21948499999999993	-0.2345997559043289	0.19655073883609306	0.20741483361462154	0.6389001755681081	0.06322003258482557	0.6283316446075911	0.5642488339364151	-x	+y	+y	False	True	True	True	False	False
box026_135_p2	box026	e091_box026_20231020_135_p2	E092_C3_FAIL_inside_risk	22	56	right	True	False	0.13243932144800083	0.13226349879662216	-0.234485	-0.32151039012663785	0.1581026299362961	0.21917147777867046	0.13243932144800083	0.197247	-0.21948499999999999	0.13243932144800075	0.19724699999999992	-0.21948499999999987	-0.24462670261495903	0.1957376029288825	0.2136251535735726	0.642294481657207	0.0666922441416497	0.6324730253880958	0.5742520961308636	-x	+y	+y	False	True	True	False	False	False
box026_135_p2	box026	e091_box026_20231020_135_p2	E092_C3_FAIL_inside_risk	23	57	right	True	False	0.132553924543005	0.130889863238593	-0.234485	-0.32679278906446396	0.15406360308473227	0.22081003101187455	0.132553924543005	0.197247	-0.21948499999999999	0.132553924543005	0.19724699999999995	-0.21948499999999996	-0.26019448718865834	0.1878989010772492	0.21223988010315398	0.647170758598179	0.06803138686791614	0.6377491069416492	0.5837166041593269	-x	+y	+y	False	True	True	False	False	False
box026_135_p2	box026	e091_box026_20231020_135_p2	E092_C3_FAIL_inside_risk	24	58	right	True	False	0.1329103934837883	0.13279624757981992	-0.234485	-0.33453989634943054	0.15087740100074712	0.2207868520186658	0.1329103934837883	0.197247	-0.21948499999999999	0.1329103934837883	0.19724700000000006	-0.219485	-0.2898910572740349	0.16139622472126286	0.1933394195020142	0.6527703737262418	0.0661732535661301	0.6438161359087374	0.5920053599319701	-x	+y	+y	False	True	True	False	False	False
box026_135_p2	box026	e091_box026_20231020_135_p2	E092_C3_FAIL_inside_risk	25	59	right	True	False	0.1338234690407247	0.13608287513616538	-0.234485	-0.3341038450178813	0.1500515568025814	0.22512700505529887	0.1338234690407247	0.197247	-0.21948499999999999	0.1338234690407247	0.197247	-0.21948499999999993	-0.3091256319115741	0.13053644589118168	0.17152505632859613	0.6560444272307715	0.06297658430209402	0.6471964277868004	0.5945948773863152	-x	+y	+y	False	True	True	False	False	False
box026_135_p2	box026	e091_box026_20231020_135_p2	E092_C3_FAIL_inside_risk	26	60	right	True	False	0.1361182164805464	0.13878144015602614	-0.234485	-0.325228306848118	0.15763574175182882	0.2255839437461986	0.1361182164805464	0.197247	-0.21948499999999999	0.1361182164805463	0.1972469999999999	-0.2194849999999998	-0.3044369576144873	0.12929811756297796	0.16439291900835581	0.6518124977904721	0.060359106089050804	0.642258539106181	0.5882755891149415	-x	+y	+y	False	True	True	False	False	False
box026_135_p2	box026	e091_box026_20231020_135_p2	E092_C3_FAIL_inside_risk	27	61	right	True	False	0.13748754814843733	0.1356094510059234	-0.234485	-0.3169312592619427	0.16471638135973535	0.22837449038890784	0.13748754814843733	0.197247	-0.21948499999999999	0.13748754814843736	0.19724699999999995	-0.21948500000000007	-0.2977719179465385	0.13651073643481004	0.16659258453598427	0.6492939039956969	0.0634364835563668	0.6388527348370693	0.5849748693903728	-x	+y	+y	False	True	True	False	False	False
box026_135_p2	box026	e091_box026_20231020_135_p2	E092_C3_FAIL_inside_risk	28	62	right	True	False	0.13878379655572062	0.1250550460817837	-0.234485	-0.30814160995476153	0.16686353972242118	0.22433259044670484	0.13878379655572062	0.197247	-0.21948499999999999	0.1387837965557205	0.1972469999999999	-0.21948499999999982	-0.2899134967676576	0.13989557727723848	0.16172182821460954	0.6418752608010213	0.0737338335537348	0.6305866532308765	0.5765320466969363	-x	+y	+y	False	True	True	True	False	False
box026_135_p2	box026	e091_box026_20231020_135_p2	E092_C3_FAIL_inside_risk	29	63	right	True	False	0.13606304431951896	0.11785240066837899	-0.234485	-0.31099497157942907	0.15782836571143707	0.21529282660929247	0.13606304431951896	0.197247	-0.21948499999999999	0.13606304431951885	0.1972469999999999	-0.2194849999999999	-0.29381803735589995	0.1338533922661101	0.15118513412962944	0.6354203653251969	0.08079914852910665	0.6248571491307268	0.5711504549762908	-x	+y	+y	False	True	True	True	False	False
box026_135_p2	box026	e091_box026_20231020_135_p2	E092_C3_FAIL_inside_risk	30	64	right	True	False	0.13713026234832543	0.12021031080307344	-0.234485	-0.3159043589636794	0.15456195397674163	0.2112792425253547	0.13713026234832543	0.197247	-0.21948499999999999	0.13713026234832532	0.19724699999999998	-0.2194849999999999	-0.29721799368665375	0.1328763265333317	0.14677966135454543	0.636495218686084	0.07848344718744114	0.6265941380987871	0.5717969860714028	-x	+y	+y	False	True	True	False	False	False
box026_135_p2	box026	e091_box026_20231020_135_p2	E092_C3_FAIL_inside_risk	31	65	right	True	False	0.1369557190538181	0.12412705608302434	-0.234485	-0.30921103716924386	0.16273268095949223	0.2125666686058001	0.1369557190538181	0.197247	-0.21948499999999999	0.13695571905381812	0.197247	-0.21948499999999999	-0.2891635723933857	0.13883990137904942	0.1492667721124272	0.6327798693336742	0.07464265669455815	0.622032681554993	0.5665394153532831	-x	+y	+y	False	True	True	True	False	False
box026_135_p2	box026	e091_box026_20231020_135_p2	E092_C3_FAIL_inside_risk	32	66	right	True	False	0.1365247062909932	0.13164599127275842	-0.234485	-0.312412385651464	0.16667214032028502	0.2162922282924664	0.1365247062909932	0.197247	-0.21948499999999999	0.13652470629099314	0.19724699999999992	-0.21948499999999993	-0.2913685318317594	0.13960087808801308	0.15461609325096837	0.637158891632133	0.06729407363231645	0.6264033263516796	0.571285678600677	-x	+y	+y	False	True	True	True	False	False
box026_135_p2	box026	e091_box026_20231020_135_p2	E092_C3_FAIL_inside_risk	33	67	right	True	False	0.1350085395036751	0.13268284859144416	-0.234485	-0.3155814056819415	0.16679240106611476	0.2185017501514536	0.1350085395036751	0.197247	-0.21948499999999999	0.13500853950367528	0.1972470000000002	-0.21948500000000015	-0.29368497930266146	0.13676292282498173	0.15851492155989752	0.6398372887579894	0.06628370574362091	0.6291193643553129	0.5747350671027138	-x	+y	+y	False	True	True	False	False	False
box026_135_p2	box026	e091_box026_20231020_135_p2	E092_C3_FAIL_inside_risk	34	68	right	True	False	0.1336658924368102	0.12488793754526153	-0.234485	-0.31314018129561866	0.16650204852972733	0.2168451042884528	0.1336658924368102	0.197247	-0.21948499999999999	0.13366589243681024	0.19724699999999995	-0.21948499999999996	-0.2913369054966558	0.137688960741767	0.15865122819050645	0.6364481634777822	0.0738974554320292	0.6252718444592481	0.5719803714828879	-x	+y	+y	False	True	True	True	False	False
box026_135_p2	box026	e091_box026_20231020_135_p2	E092_C3_FAIL_inside_risk	35	69	right	True	False	0.13371952617947286	0.1168478082990082	-0.234485	-0.3124719460113308	0.1610626145103199	0.21037419289602188	0.13371952617947286	0.197247	-0.21948499999999999	0.13371952617947291	0.19724700000000006	-0.21948500000000007	-0.2872216723796688	0.14372537397259877	0.15844230028424156	0.6316181444893747	0.0817864904869553	0.6206247379264558	0.5682297962947376	-x	+y	+y	False	True	True	True	False	False
box026_135_p2	box026	e091_box026_20231020_135_p2	E092_C3_FAIL_inside_risk	36	70	right	True	False	0.13531393156502486	0.10988819700588762	-0.234485	-0.3123045284238833	0.16019040924731942	0.20684394814548523	0.13531393156502486	0.197247	-0.21948499999999999	0.13531393156502494	0.19724700000000006	-0.219485	-0.28323074071859966	0.15028955843350617	0.1605662359409585	0.6306059298408351	0.08863724082215184	0.619267186816716	0.567294972616299	-x	+y	+y	False	True	True	True	False	False
box026_135_p2	box026	e091_box026_20231020_135_p2	E092_C3_FAIL_inside_risk	37	71	right	True	False	0.13550911679924635	0.10997219005687511	-0.234485	-0.3168987915697181	0.15946630930258887	0.19730760702989722	0.13550911679924635	0.197247	-0.21948499999999999	0.13550911679924632	0.19724699999999998	-0.21948499999999987	-0.2901609399079975	0.1428302830788709	0.1463039078923412	0.6273495348530718	0.08855446036540775	0.6162924414749325	0.563877381524294	-x	+y	+y	False	True	True	False	False	False
box026_135_p2	box026	e091_box026_20231020_135_p2	E092_C3_FAIL_inside_risk	38	72	right	True	False	0.1342709717415837	0.11838374200663762	-0.234485	-0.33179911104167803	0.15816704922002084	0.19595350506070744	0.1342709717415837	0.197247	-0.21948499999999999	0.13427097174158364	0.19724699999999992	-0.21948499999999993	-0.30903506167691414	0.13009193741813896	0.13534633708594523	0.6356739260323075	0.08027710421613149	0.6255699130438078	0.5717825805966947	-x	+y	+y	False	True	True	False	False	False
box026_135_p2	box026	e091_box026_20231020_135_p2	E092_C3_FAIL_inside_risk	39	73	right	True	False	0.1328349183312106	0.12228424487100005	-0.234485	-0.33360739815301715	0.16171722262335747	0.19560317495683388	0.1328349183312106	0.197247	-0.21948499999999999	0.13283491833121058	0.19724700000000003	-0.21948499999999993	-0.3101212602327312	0.13181825662841415	0.1364603180951785	0.6356879993985183	0.07644877145206723	0.6254030641726992	0.57200364165015	-x	+y	+y	False	True	True	False	False	False
box026_135_p2	box026	e091_box026_20231020_135_p2	E092_C3_FAIL_inside_risk	40	74	right	True	False	0.135439773310982	0.12651171890274931	-0.234485	-0.33065761572002705	0.16764027570814397	0.1968622665807035	0.135439773310982	0.197247	-0.21948499999999999	0.13543977331098192	0.19724699999999992	-0.21948499999999996	-0.3043199857283107	0.14305215410006777	0.14378404210458093	0.636395159184184	0.07230822907461551	0.6256743406709604	0.5729660757357227	-x	+y	+y	False	True	True	False	False	False
box026_135_p2	box026	e091_box026_20231020_135_p2	E092_C3_FAIL_inside_risk	41	75	right	True	False	0.13439004504236726	0.12560210588507745	-0.234485	-0.33124009175916486	0.16552283978670837	0.19535431608946993	0.13439004504236726	0.197247	-0.21948499999999999	0.1343900450423672	0.19724699999999992	-0.21948499999999993	-0.29774416151850813	0.15563963139519824	0.15389945381443482	0.6349542715419131	0.07319829815465975	0.6244273414998988	0.5726142645381068	-x	+y	+y	False	True	True	False	False	False
box026_135_p2	box026	e091_box026_20231020_135_p2	E092_C3_FAIL_inside_risk	42	76	right	True	False	0.13565661812216528	0.11513969104132224	-0.234485	-0.33094112609567516	0.16431980032204188	0.1799497523689092	0.13565661812216528	0.197247	-0.21948499999999999	0.13565661812216526	0.19724700000000003	-0.21948499999999999	-0.2841001586516229	0.17353858678111195	0.15545628096048775	0.6260098258247389	0.08346622181718642	0.6150981846728384	0.5633283275969431	-x	+y	+y	False	True	True	False	False	False
box026_135_p2	box026	e091_box026_20231020_135_p2	E092_C3_FAIL_inside_risk	43	77	right	True	False	0.1291899596730064	0.12189929819959108	-0.234485	-0.3402985300397897	0.16293202958065553	0.18569101902506843	0.1291899596730064	0.197247	-0.21948499999999999	0.12918995967300634	0.19724699999999992	-0.21948499999999985	-0.2714033513628421	0.19535695698098213	0.18179925930549543	0.6313881642707182	0.07682627263250083	0.62109948121109	0.5670164282237666	-x	+y	+y	False	True	True	False	False	False
box026_135_p2	box026	e091_box026_20231020_135_p2	E092_C3_FAIL_inside_risk	44	78	right	True	False	0.1292086916408371	0.1184952067420725	-0.234485	-0.3391631205123334	0.1627201592003811	0.174436981121756	0.1292086916408371	0.197247	-0.21948499999999999	0.129208691640837	0.19724699999999998	-0.21948499999999999	-0.26079146715293916	0.19751545847096197	0.17210773057278372	0.6233339293541835	0.08016760531124374	0.6129753537999191	0.552670844686573	-x	+y	+y	False	True	True	False	False	False
box026_135_p2	box026	e091_box026_20231020_135_p2	E092_C3_FAIL_inside_risk	45	79	right	True	False	0.1302050047030755	0.12098925950988614	-0.234485	-0.3363224011816719	0.16403424964158073	0.16776611779298917	0.1302050047030755	0.197247	-0.21948499999999999	0.13020500470307553	0.19724699999999995	-0.2194849999999999	-0.25594960454318455	0.1930499527422098	0.16024568935979794	0.6175003266255806	0.07771900015219929	0.607218523646835	0.5415980002635564	-x	+y	+y	False	True	True	False	False	False
box026_135_p2	box026	e091_box026_20231020_135_p2	E092_C3_FAIL_inside_risk	46	80	right	True	False	0.13162199701036384	0.12027935961789891	-0.234485	-0.33652203304449074	0.16666317020626653	0.16946674217000038	0.13162199701036384	0.197247	-0.21948499999999999	0.1316219970103638	0.19724699999999995	-0.2194849999999999	-0.25441255281213454	0.1881840404715701	0.15709177919104614	0.620070399844144	0.07841567232376725	0.6094076314405088	0.5393652579819865	-x	+y	+y	False	True	True	False	False	False
box026_135_p2	box026	e091_box026_20231020_135_p2	E092_C3_FAIL_inside_risk	47	81	right	True	False	0.12927669123212288	0.12970702549922578	-0.234485	-0.34031278158553563	0.16921418507249342	0.17362042355163465	0.12927669123212288	0.197247	-0.21948499999999999	0.12927669123212296	0.19724700000000003	-0.21948499999999996	-0.2585509961794594	0.18741188447980794	0.1551242484544427	0.6233980472948027	0.06918560656354206	0.6130513728225689	0.5392950339544338	-x	+y	+y	False	True	True	False	False	False
box026_135_p2	box026	e091_box026_20231020_135_p2	E092_C3_FAIL_inside_risk	48	82	right	True	False	0.12982248567038732	0.12760814403268392	-0.234485	-0.33547380514364356	0.16917748077491224	0.17810695998762102	0.12982248567038732	0.197247	-0.21948499999999999	0.12982248567038726	0.19724699999999995	-0.21948499999999999	-0.25387628746414714	0.1835762935108384	0.15590845530657987	0.6232662139478689	0.07123601799958076	0.612672753434997	0.5369654393048708	-x	+y	+y	False	True	True	False	False	False
box026_135_p2	box026	e091_box026_20231020_135_p2	E092_C3_FAIL_inside_risk	49	83	right	True	False	0.13344200341296034	0.12903435333154215	-0.234485	-0.33472747910145173	0.17181035475171655	0.1794834592136889	0.13344200341296034	0.197247	-0.21948499999999999	0.13344200341296025	0.19724699999999987	-0.21948499999999987	-0.2529086624739869	0.18142854090555313	0.15557893975552586	0.6264042910765113	0.06984243098228952	0.6156342410284245	0.5386928805770008	-x	+y	+y	False	True	True	False	False	False
box026_135_p2	box026	e091_box026_20231020_135_p2	E092_C3_FAIL_inside_risk	50	84	right	True	False	0.13134322969222978	0.13032268226141122	-0.234485	-0.33714418811805535	0.1709289098553705	0.17999273469894586	0.13134322969222978	0.197247	-0.21948499999999999	0.13134322969222972	0.19724699999999992	-0.21948499999999993	-0.2565199364797153	0.17897568053671212	0.15182832738947558	0.6268342036991367	0.06858472355251999	0.6162431038442627	0.5372571673648471	-x	+y	+y	False	True	True	False	False	False
box026_135_p2	box026	e091_box026_20231020_135_p2	E092_C3_FAIL_inside_risk	51	85	right	True	False	0.13055015784320662	0.13326686111031016	-0.234485	-0.33487552479228755	0.17095857518579438	0.18675496006933248	0.13055015784320662	0.197247	-0.21948499999999999	0.13055015784320673	0.19724700000000006	-0.2194850000000001	-0.2560591297164468	0.17671549673913295	0.15339198611298507	0.6288758504871026	0.06571497677351794	0.6183389462851753	0.5375179351670388	-x	+y	+y	False	True	True	False	False	False
box026_135_p2	box026	e091_box026_20231020_135_p2	E092_C3_FAIL_inside_risk	52	86	right	True	False	0.13051998996872097	0.1335249732649327	-0.234485	-0.3309757316532661	0.17189197838829118	0.1939389722460731	0.13051998996872097	0.197247	-0.21948499999999999	0.13051998996872102	0.1972470000000001	-0.21948500000000004	-0.2545379169858995	0.173455618628974	0.1550407739869087	0.6308703734941421	0.06546370514433653	0.6201133436913374	0.5376850164513679	-x	+y	+y	False	True	True	False	False	False
box026_135_p2	box026	e091_box026_20231020_135_p2	E092_C3_FAIL_inside_risk	53	87	right	True	False	0.13063335421146477	0.13528291215583474	-0.234485	-0.33319139314283697	0.17071430923930997	0.19224645092476544	0.13063335421146477	0.197247	-0.21948499999999999	0.13063335421146466	0.1972469999999999	-0.21948499999999987	-0.25825972817703224	0.16849504861307885	0.15055023074284146	0.6312594643773067	0.06375380915960575	0.6207738457907973	0.5375784372806355	-x	+y	+y	False	True	True	False	False	False
box026_135_p2	box026	e091_box026_20231020_135_p2	E092_C3_FAIL_inside_risk	54	88	right	True	False	0.1325497480757589	0.13383868300184845	-0.234485	-0.33383710150013146	0.17750752525975452	0.19044821932040132	0.1325497480757589	0.197247	-0.21948499999999999	0.13254974807575887	0.19724700000000006	-0.21948499999999999	-0.26029902085298456	0.16829665787445477	0.14725603337805315	0.6324491300677632	0.06515838138365682	0.6212500178050163	0.5382074536098674	-x	+y	+y	False	True	True	False	False	False
box026_135_p2	box026	e091_box026_20231020_135_p2	E092_C3_FAIL_inside_risk	55	89	right	True	False	0.13007594639527265	0.13614401880109156	-0.234485	-0.3364370495200729	0.1708976240671692	0.1882655392065841	0.13007594639527265	0.197247	-0.21948499999999999	0.13007594639527256	0.19724699999999995	-0.21948499999999993	-0.2639080963560699	0.16270810915652428	0.14320183864619512	0.6305237559651176	0.06291720203087674	0.6201525354243267	0.5366172787476755	-x	+y	+y	False	True	True	False	False	False
box026_135_p2	box026	e091_box026_20231020_135_p2	E092_C3_FAIL_inside_risk	56	90	right	True	False	0.12881443347497226	0.1341109951072573	-0.234485	-0.3461618723118799	0.16253784859721063	0.17481408606343682	0.12881443347497226	0.197247	-0.21948499999999999	0.12881443347497237	0.19724700000000006	-0.21948499999999999	-0.2727476621818138	0.1554134599214368	0.13102080864887014	0.6276434648035691	0.06489341348562604	0.6182871384077859	0.5346554812590748	-x	+y	+y	False	True	True	False	False	False
box026_135_p2	box026	e091_box026_20231020_135_p2	E092_C3_FAIL_inside_risk	57	91	right	True	False	0.13009251250944492	0.13481069925281944	-0.234485	-0.35710087461426576	0.1563581144661164	0.16651324864356126	0.13009251250944492	0.197247	-0.21948499999999999	0.13009251250944492	0.19724700000000012	-0.21948500000000004	-0.28237134766969735	0.15048068484671723	0.1248094366661859	0.6313646196728571	0.06421286203707463	0.6229156807892811	0.5393071326305461	-x	+y	+y	False	True	True	False	False	False
box026_135_p2	box026	e091_box026_20231020_135_p2	E092_C3_FAIL_inside_risk	58	92	right	True	False	0.1307939250188478	0.12899197137825175	-0.234485	-0.36015703673782673	0.1530231286349039	0.1580524964932436	0.1307939250188478	0.197247	-0.21948499999999999	0.13079392501884773	0.19724700000000003	-0.21948500000000004	-0.2838105563074007	0.14904155037284594	0.11914727486215815	0.6290437421372864	0.06988382453869904	0.6209051126433943	0.5374871709053937	-x	+y	+y	False	True	True	False	False	False
box026_135_p2	box026	e091_box026_20231020_135_p2	E092_C3_FAIL_inside_risk	59	93	right	True	False	0.13064839421616517	0.12502937343610832	-0.234485	-0.36464073687399223	0.15424773226305652	0.14713158051136851	0.13064839421616517	0.197247	-0.21948499999999999	0.1306483942161652	0.19724699999999995	-0.21948499999999996	-0.2865921333750079	0.15004032620915697	0.11179084571580761	0.6259362989871838	0.07375896953267252	0.6177118887538148	0.5348474678538537	-x	+y	+y	False	True	True	False	False	False
box026_135_p2	box026	e091_box026_20231020_135_p2	E092_C3_FAIL_inside_risk	60	94	right	True	False	0.12724833522969015	0.128377828645604	-0.234485	-0.37277445976251355	0.1450292903538828	0.14126141846157875	0.12724833522969015	0.197247	-0.21948499999999999	0.1272483352296902	0.19724700000000006	-0.21948500000000004	-0.2929991771102627	0.14251324758228506	0.10983168546463451	0.625687971496609	0.0704837765946261	0.6187790099424496	0.5367059107249104	-x	+y	+y	False	True	True	False	False	False
box026_135_p2	box026	e091_box026_20231020_135_p2	E092_C3_FAIL_inside_risk	61	95	right	True	False	0.12887093319877677	0.13418951316966812	-0.234485	-0.3769968544199695	0.1418885628447988	0.14011196751651556	0.12887093319877677	0.197247	-0.21948499999999999	0.12887093319877688	0.19724699999999998	-0.21948499999999993	-0.29678467185592466	0.13822684341937477	0.10993164464057456	0.6295112246725665	0.06481702434821796	0.6231185715107722	0.5414622782461767	-x	+y	+y	False	True	True	False	False	False
box026_135_p2	box026	e091_box026_20231020_135_p2	E092_C3_FAIL_inside_risk	62	96	right	True	False	0.12970042265365947	0.1406686777092374	-0.234485	-0.3797155092293743	0.14021242331368977	0.14052956546064488	0.12970042265365947	0.197247	-0.21948499999999999	0.12970042265365955	0.19724700000000006	-0.21948500000000007	-0.2995134723617495	0.13535399436958895	0.11049153522872897	0.6325667744451723	0.05853295271244569	0.6263928654908701	0.5449218527659	-x	+y	+y	False	True	True	False	False	False
box026_135_p2	box026	e091_box026_20231020_135_p2	E092_C3_FAIL_inside_risk	63	97	right	True	False	0.13329087513470128	0.1446634420338593	-0.234485	-0.383311873509327	0.14183058442626828	0.13771770645969567	0.13329087513470128	0.197247	-0.21948499999999999	0.13329087513470134	0.19724699999999995	-0.21948499999999996	-0.30230752115469417	0.1365972795901083	0.10998394130181338	0.6367270056191369	0.05468117197334453	0.6305102318945642	0.549521732707842	-x	+y	+y	False	True	True	False	False	False
box026_135_p2	box026	e091_box026_20231020_135_p2	E092_C3_FAIL_inside_risk	64	98	right	True	False	0.14079660058727775	0.15341594184941093	-0.234485	-0.3890381895219801	0.15251650636568487	0.1382572370507422	0.14079660058727775	0.197247	-0.21948499999999999	0.14079660058727775	0.19724699999999998	-0.21948499999999987	-0.30721033494260647	0.1482515683642082	0.1128748252560635	0.6478136221753155	0.04632668408811839	0.6408628792814888	0.5599766245552545	-x	+y	+y	False	True	True	False	False	False
box026_135_p2	box026	e091_box026_20231020_135_p2	E092_C3_FAIL_inside_risk	65	99	right	True	False	0.1579866245553702	0.15900019911767566	-0.234485	-0.38146345343070154	0.19097431578410223	0.13723298156934055	0.1579866245553702	0.197247	-0.21948499999999999	0.1579866245553702	0.19724699999999998	-0.219485	-0.2983749903862549	0.19053897787003837	0.11591697585658069	0.6558986115229714	0.04108305949819423	0.6467560989904584	0.5663968631282508	-x	+y	+y	False	True	True	False	False	False
box026_135_p2	box026	e091_box026_20231020_135_p2	E092_C3_FAIL_inside_risk	66	100	right	False	False	nan	nan	nan	-0.3675553287123294	0.2553516030973035	0.1322740288305193	-0.3675553287123294	0.2553516030973035	0.1322740288305193	-0.3675553287123294	0.2553516030973035	0.1322740288305193	-0.3675553287123294	0.2553516030973035	0.1322740288305193	nan	nan	0.0	0.0	+y	+y	+y	True	True	True	False	False	False
box026_135_p2	box026	e091_box026_20231020_135_p2	E092_C3_FAIL_inside_risk	67	101	right	False	False	nan	nan	nan	-0.3546166816901749	0.3158228709532864	0.12750696159252647	-0.3546166816901749	0.3158228709532864	0.12750696159252647	-0.3546166816901749	0.3158228709532864	0.12750696159252647	-0.3546166816901749	0.3158228709532864	0.12750696159252647	nan	nan	0.0	0.0	+y	+y	+y	True	True	True	False	False	False
box026_135_p2	box026	e091_box026_20231020_135_p2	E092_C3_FAIL_inside_risk	68	102	right	False	False	nan	nan	nan	-0.3398402515692988	0.37027773544487474	0.12182999127074717	-0.3398402515692988	0.37027773544487474	0.12182999127074717	-0.3398402515692988	0.37027773544487474	0.12182999127074717	-0.3398402515692988	0.37027773544487474	0.12182999127074717	nan	nan	0.0	0.0	+y	+y	+y	True	True	True	False	False	False
box026_135_p2	box026	e091_box026_20231020_135_p2	E092_C3_FAIL_inside_risk	69	103	right	False	False	nan	nan	nan	-0.33190686063474956	0.40803751590364934	0.12175209159844445	-0.33190686063474956	0.40803751590364934	0.12175209159844445	-0.33190686063474956	0.40803751590364934	0.12175209159844445	-0.33190686063474956	0.40803751590364934	0.12175209159844445	nan	nan	0.0	0.0	+y	+y	+y	True	True	True	False	False	False
box026_135_p2	box026	e091_box026_20231020_135_p2	E092_C3_FAIL_inside_risk	70	104	right	False	False	nan	nan	nan	-0.3078280116770915	0.4303450440183483	0.12408435424439397	-0.3078280116770915	0.4303450440183483	0.12408435424439397	-0.3078280116770915	0.4303450440183483	0.12408435424439397	-0.3078280116770915	0.4303450440183483	0.12408435424439397	nan	nan	0.0	0.0	+y	+y	+y	True	True	True	False	False	False
box026_135_p2	box026	e091_box026_20231020_135_p2	E092_C3_FAIL_inside_risk	71	105	right	False	False	nan	nan	nan	-0.2993596845417073	0.4535316684343726	0.12030852665438833	-0.2993596845417073	0.4535316684343726	0.12030852665438833	-0.2993596845417073	0.4535316684343726	0.12030852665438833	-0.2993596845417073	0.4535316684343726	0.12030852665438833	nan	nan	0.0	0.0	+y	+y	+y	True	True	True	False	False	False
box026_135_p2	box026	e091_box026_20231020_135_p2	E092_C3_FAIL_inside_risk	72	106	right	False	False	nan	nan	nan	-0.306073850664806	0.468804140437338	0.11116590553144105	-0.306073850664806	0.468804140437338	0.11116590553144105	-0.306073850664806	0.468804140437338	0.11116590553144105	-0.306073850664806	0.468804140437338	0.11116590553144105	nan	nan	0.0	0.0	+y	+y	+y	True	True	True	False	False	False
box026_135_p2	box026	e091_box026_20231020_135_p2	E092_C3_FAIL_inside_risk	73	107	right	False	False	nan	nan	nan	-0.3232924808165298	0.47693378797903213	0.1086116862735394	-0.3232924808165298	0.47693378797903213	0.1086116862735394	-0.3232924808165298	0.47693378797903213	0.1086116862735394	-0.3232924808165298	0.47693378797903213	0.1086116862735394	nan	nan	0.0	0.0	+y	+y	+y	True	True	True	False	False	False
box026_135_p2	box026	e091_box026_20231020_135_p2	E092_C3_FAIL_inside_risk	74	108	right	False	False	nan	nan	nan	-0.3458033785667243	0.47710186810558985	0.09850316100004844	-0.3458033785667243	0.47710186810558985	0.09850316100004844	-0.3458033785667243	0.47710186810558985	0.09850316100004844	-0.3458033785667243	0.47710186810558985	0.09850316100004844	nan	nan	0.0	0.0	+y	+y	+y	True	True	True	False	False	False
box026_135_p2	box026	e091_box026_20231020_135_p2	E092_C3_FAIL_inside_risk	75	109	right	False	False	nan	nan	nan	-0.37739244278839074	0.4830749299799346	0.11672527470149745	-0.37739244278839074	0.4830749299799346	0.11672527470149745	-0.37739244278839074	0.4830749299799346	0.11672527470149745	-0.37739244278839074	0.4830749299799346	0.11672527470149745	nan	nan	0.0	0.0	+y	+y	+y	True	True	True	False	False	False
box026_135_p2	box026	e091_box026_20231020_135_p2	E092_C3_FAIL_inside_risk	76	110	right	False	False	nan	nan	nan	-0.3965655718577724	0.48190791991454696	0.10537870829613842	-0.3965655718577724	0.48190791991454696	0.10537870829613842	-0.3965655718577724	0.48190791991454696	0.10537870829613842	-0.3965655718577724	0.48190791991454696	0.10537870829613842	nan	nan	0.0	0.0	+y	+y	+y	True	True	True	False	False	False
box026_135_p2	box026	e091_box026_20231020_135_p2	E092_C3_FAIL_inside_risk	77	111	right	False	False	nan	nan	nan	-0.4121981027624354	0.48275665179362764	0.07884818911117344	-0.4121981027624354	0.48275665179362764	0.07884818911117344	-0.4121981027624354	0.48275665179362764	0.07884818911117344	-0.4121981027624354	0.48275665179362764	0.07884818911117344	nan	nan	0.0	0.0	+y	+y	+y	True	True	True	False	False	False
box026_135_p2	box026	e091_box026_20231020_135_p2	E092_C3_FAIL_inside_risk	78	112	right	False	False	nan	nan	nan	-0.3973702099816082	0.4805703266419212	0.0652024085139906	-0.3973702099816082	0.4805703266419212	0.0652024085139906	-0.3973702099816082	0.4805703266419212	0.0652024085139906	-0.3973702099816082	0.4805703266419212	0.0652024085139906	nan	nan	0.0	0.0	+y	+y	+y	True	True	True	False	False	False
box026_135_p2	box026	e091_box026_20231020_135_p2	E092_C3_FAIL_inside_risk	79	113	right	False	False	nan	nan	nan	-0.3603308806622371	0.4805735714539449	0.04465339645112723	-0.3603308806622371	0.4805735714539449	0.04465339645112723	-0.3603308806622371	0.4805735714539449	0.04465339645112723	-0.3603308806622371	0.4805735714539449	0.04465339645112723	nan	nan	0.0	0.0	+y	+y	+y	True	True	True	False	False	False
box026_135_p2	box026	e091_box026_20231020_135_p2	E092_C3_FAIL_inside_risk	80	114	right	False	False	nan	nan	nan	-0.321038891376935	0.48239269293859566	0.033814402909358984	-0.321038891376935	0.48239269293859566	0.033814402909358984	-0.321038891376935	0.48239269293859566	0.033814402909358984	-0.321038891376935	0.48239269293859566	0.033814402909358984	nan	nan	0.0	0.0	+y	+y	+y	True	True	True	False	False	False
box026_135_p2	box026	e091_box026_20231020_135_p2	E092_C3_FAIL_inside_risk	81	115	right	False	False	nan	nan	nan	-0.2997669760921925	0.48446672224542797	0.032023260392924975	-0.2997669760921925	0.48446672224542797	0.032023260392924975	-0.2997669760921925	0.48446672224542797	0.032023260392924975	-0.2997669760921925	0.48446672224542797	0.032023260392924975	nan	nan	0.0	0.0	+y	+y	+y	True	True	True	False	False	False
