# https://github.com/mikedh/trimesh
v 0.19163182 -0.33482161 0.29442087
v 0.21127340 -0.32165173 0.30549809
v 0.20447369 -0.31786689 0.30784559
v 0.19553170 -0.32028186 0.30073062
v 0.19156738 -0.31894225 0.30477113
v 0.21603100 -0.33515400 0.30325750
v 0.20802687 -0.32068801 0.31134418
v -0.20146847 0.34127274 -0.28916073
v 0.18166700 -0.34491801 0.32492599
v 0.17497875 -0.33499199 0.31776026
v 0.20874791 -0.32877111 0.32613596
v 0.18815419 -0.33378029 0.29651555
v -0.16442050 -0.12357850 -0.30071199
v 0.18816650 -0.31041905 0.30363199
v 0.19164312 -0.30907375 0.31349549
v 0.19093588 -0.31516400 0.31408238
v 0.18555337 -0.31471249 0.31716526
v 0.20316519 -0.31876105 0.32450899
v 0.19879684 0.33843249 -0.07552044
v -0.11139037 0.32789612 -0.31564713
v -0.10294385 0.33057472 -0.31177524
v -0.17695224 -0.12376700 -0.30061564
v -0.07407853 0.33019477 -0.30943140
v 0.19894674 0.33269575 -0.21326950
v 0.19867629 0.32927269 -0.06928175
v -0.05098031 0.33067629 -0.30953875
v -0.20151250 0.33089501 -0.27609500
v -0.16882224 -0.12233650 -0.05893425
v 0.21149200 -0.33699700 0.31924501
v -0.16807351 -0.12297900 0.05621000
v 0.21203303 -0.32966843 0.30990723
v -0.06779947 0.32918015 -0.32467932
v -0.20020941 0.34162617 -0.26130906
v -0.07592097 0.32032359 -0.32883826
v -0.01174108 0.32961625 -0.30923709
v 0.18827662 -0.32778764 0.29446006
v -0.17673919 -0.12146038 0.09213413
v -0.03850761 0.33042961 -0.32344985
v 0.19309519 -0.32377550 0.29648274
v -0.06528413 0.30584925 -0.32105151
v -0.06038425 0.30595374 -0.31811774
v -0.19377001 0.32565200 0.39744601
v -0.18011586 -0.12360875 -0.08803925
v -0.18705475 0.33353913 -0.39938301
v -0.20154500 0.32986975 -0.22010276
v -0.18011613 -0.12344330 0.03110891
v -0.16471352 0.33350933 -0.39963418
v -0.20284341 0.17122072 -0.31011850
v -0.20700088 0.16642350 -0.30980963
v -0.20117250 0.17023125 -0.30391201
v 0.05236325 0.33198464 -0.30874664
v 0.19472726 -0.32049426 0.29620087
v 0.20268264 -0.31820291 0.30013263
v -0.19983985 0.16104497 -0.31723630
v -0.20076981 0.34054220 -0.22511713
v -0.18420890 0.17947547 -0.31181410
v 0.19867250 0.32777745 -0.04883906
v 0.19875985 0.33352458 -0.25003466
v -0.20075400 0.13510500 -0.30083501
v -0.16069925 0.18150049 -0.30753800
v -0.15606676 0.17906491 -0.31453472
v 0.09034400 -0.27889100 0.32304576
v 0.21132381 -0.33748132 0.31512868
v -0.20847613 0.16697188 -0.32291988
v -0.19933097 0.15377972 -0.30719805
v 0.04061916 0.33073202 -0.32414070
v 0.20484981 -0.30784824 0.29364589
v 0.19858529 0.32749435 -0.02767655
v -0.20137881 0.13897453 -0.31189400
v 0.20173027 -0.32427156 0.30283386
v -0.11141953 0.33347398 -0.39968356
v -0.20224565 0.16296519 -0.32988065
v -0.19731046 0.14626272 -0.32038510
v -0.19122140 0.15014081 -0.31406650
v -0.19567853 0.15271959 -0.32043046
v -0.18583250 0.17865250 -0.33095601
v -0.20402700 0.15244937 -0.32660511
v -0.20262419 0.14790951 -0.33022687
v 0.08155800 0.33041638 -0.32446939
v -0.20123537 0.13629438 -0.31919974
v -0.15580747 0.13008900 -0.30375206
v -0.15435500 0.17779200 -0.32996899
v -0.07962838 0.33442807 -0.40031949
v 0.19000769 -0.34439981 0.31394231
v 0.19892418 -0.34612638 0.31886530
v 0.08600550 0.30907074 -0.32016149
v -0.00920837 0.33410838 -0.39932889
v 0.20583326 -0.34132764 0.30675831
v -0.17559069 -0.33047464 0.30167228
v -0.17961934 -0.33914238 0.30703977
v 0.18150450 -0.34034437 -0.32564813
v -0.18513694 -0.33993307 0.30588305
v -0.18062675 -0.33769774 0.30247074
v -0.17943574 -0.33555675 0.30385238
v -0.18531756 -0.34237394 0.30523381
v -0.18516147 -0.34543708 0.31019619
v -0.17717631 -0.32299626 0.30481476
v -0.17055476 -0.33047062 0.30984870
v -0.16460963 -0.32950199 0.31755075
v 0.20311925 -0.30903676 0.29559124
v -0.16317651 -0.33545974 0.31572074
v -0.16618931 -0.33770782 0.31819326
v -0.16794100 -0.34079745 0.32331055
v 0.19847207 0.33604345 -0.36337504
v 0.20576419 -0.33929312 0.32224587
v -0.09471500 -0.27850899 0.31112599
v -0.09533050 -0.27697799 0.31230924
v 0.18980668 -0.34336725 0.30010945
v -0.09749800 -0.27808475 0.31121001
v -0.17005700 -0.33948851 0.31571850
v -0.17532963 -0.34576949 0.32263538
v -0.16751900 -0.34493351 0.32403624
v -0.18727812 -0.33991268 0.31883782
v -0.19465899 -0.30804300 0.29987401
v 0.19734350 0.33744389 0.01273150
v -0.16777594 -0.12276744 -0.22150844
v 0.19777988 0.33720186 -0.38814038
v -0.17837313 -0.31836799 0.31411350
v -0.18158329 -0.31828585 0.30488700
v -0.15553164 -0.02033006 -0.32909188
v -0.11363850 -0.27398875 0.31278151
v -0.11305350 -0.27350551 0.31213099
v -0.11306500 -0.27228549 0.31197700
v -0.11220600 -0.27423650 0.31279501
v -0.11208569 -0.27926996 0.32699150
v -0.12328225 -0.27739525 0.31176001
v -0.12921450 -0.27877599 0.31152400
v -0.19446924 -0.31654850 0.31192601
v -0.13027100 -0.27551699 0.31204924
v -0.16705881 -0.23979725 -0.19551975
v 0.18252607 -0.34184188 0.31435993
v -0.13866900 -0.27627599 0.31284001
v -0.13978299 -0.27282900 0.31213501
v -0.14019050 -0.27379599 0.31294200
v -0.13844749 -0.27355951 0.31300601
v -0.14166801 -0.27441201 0.31240600
v -0.14160600 -0.27375299 0.31261799
v -0.14161600 -0.27289101 0.31234199
v -0.20060305 0.33205944 -0.32305825
v -0.14623995 -0.27649185 0.31236109
v -0.14723501 -0.27471301 0.31289601
v -0.14598775 -0.27011687 0.31214139
v -0.15084501 -0.27569801 0.31202000
v -0.14985700 -0.27555650 0.31290251
v -0.15023500 -0.27637699 0.31286499
v -0.18257700 -0.31470299 0.32957301
v -0.16622634 -0.12351774 -0.27319053
v -0.19538875 -0.28068087 0.30075824
v -0.20077075 -0.33075151 0.33088675
v 0.20426975 -0.27964851 0.29334426
v -0.19418301 -0.27817100 0.30122900
v -0.18458438 -0.27776301 0.31623769
v -0.14988101 -0.26095900 0.31313199
v -0.15110488 -0.26182249 0.31310451
v -0.15421000 -0.27911374 0.32827750
v -0.20715469 -0.32264674 0.33096144
v -0.17684850 -0.18237938 -0.29982361
v -0.16523544 -0.17162150 -0.29989207
v -0.14784588 -0.24872668 0.31293568
v -0.16487251 -0.21017715 -0.29982644
v -0.16474600 -0.24142300 -0.29677799
v -0.16593550 -0.24055550 -0.29970649
v -0.15456800 -0.24816801 -0.31515750
v -0.14490600 -0.24107100 -0.31531799
v -0.14401500 -0.23988999 -0.31645250
v -0.14385550 -0.24238950 -0.31534749
v -0.14507100 -0.24447800 -0.31634501
v -0.09870650 -0.27272001 -0.31528726
v -0.14345150 -0.24423601 -0.31630099
v -0.14374200 -0.24472700 -0.31528100
v -0.14553800 -0.24596301 -0.31542999
v -0.14257351 -0.24620800 -0.31523550
v -0.14230800 -0.24368000 -0.31625199
v -0.14722462 -0.24920644 -0.31556714
v -0.14441000 -0.25002149 -0.31618100
v -0.15480250 -0.26370299 -0.31429800
v -0.13558900 -0.24856099 -0.31610799
v -0.19509751 -0.28044751 -0.32907125
v -0.14426351 -0.26049650 -0.31511500
v -0.14304100 -0.25996500 -0.31588399
v -0.14645749 -0.26348200 -0.31560600
v -0.14322101 -0.26188400 -0.31585699
v -0.16577725 -0.24046175 0.29902199
v -0.14885187 -0.27660012 -0.31539732
v -0.15136300 -0.27559000 -0.31446099
v -0.15177526 -0.27307951 -0.31542426
v -0.14761250 -0.27318975 -0.31469175
v -0.14648350 -0.26925626 -0.31535289
v -0.15281776 -0.27683651 -0.31521949
v -0.14625224 -0.27657101 -0.31463388
v 0.17054912 -0.27889335 0.29513520
v -0.17410713 0.27171731 -0.31812140
v -0.14263150 -0.27478251 -0.31460199
v -0.17485300 -0.31262025 -0.31519449
v -0.20901962 -0.32953513 -0.31714034
v -0.20724100 -0.32971913 -0.30963811
v -0.18580826 -0.33937576 -0.30164599
v -0.19384050 -0.33712801 -0.30512151
v -0.19107200 -0.34675401 -0.29923999
v -0.12154450 -0.27892250 -0.31564599
v -0.20034963 0.32551175 0.38366368
v -0.11885550 -0.27964050 -0.31400001
v -0.11855725 -0.27850774 -0.31502751
v -0.11461700 -0.27242750 -0.31575450
v -0.11346400 -0.27381501 -0.31477299
v -0.18268888 -0.31716013 -0.31984013
v -0.18540700 -0.33866173 -0.30830136
v -0.19136649 -0.33871996 -0.31195834
v -0.19249463 -0.34756601 -0.30842894
v -0.19924687 -0.34218949 -0.31741101
v -0.09606700 -0.27625549 -0.31490588
v -0.07191812 -0.28005362 -0.30047688
v -0.03245719 -0.28330049 -0.29867664
v -0.20297463 -0.33381161 -0.32738712
v -0.20144799 -0.33145800 -0.33215901
v -0.16798893 -0.24031349 0.14786835
v -0.18696763 -0.34619811 -0.32703638
v -0.18272288 -0.33782449 -0.33023986
v -0.18262300 -0.34560925 -0.32695886
v -0.17670874 -0.34039688 -0.32399800
v -0.17911719 -0.34029520 -0.32806975
v -0.18177450 -0.33989775 -0.33087301
v 0.00626869 -0.28091118 -0.29888213
v 0.12632594 -0.27900812 -0.30024692
v -0.07123866 0.30611184 -0.31694475
v 0.19831932 0.32263109 0.13060302
v -0.20085400 0.33717000 -0.10434000
v -0.17692679 -0.22214055 0.29913589
v -0.05298825 -0.30932814 0.29919299
v 0.00234200 -0.31102061 -0.32607880
v 0.20250399 -0.27948901 -0.29722974
v 0.16187613 -0.33160782 -0.29391095
v -0.21110900 0.16899100 -0.30784801
v -0.16435625 -0.15594475 0.29837406
v 0.17060481 -0.32514620 -0.30174768
v 0.15847775 -0.32418287 -0.30936626
v 0.15950812 -0.33906764 -0.29497713
v 0.15767200 -0.32289624 -0.31895751
v 0.18657225 -0.31231776 -0.31824601
v 0.17958288 -0.34623718 -0.30840406
v 0.18694293 -0.33004194 -0.32217032
v 0.18631475 -0.33994699 -0.32271063
v 0.18499587 -0.33354726 -0.32225701
v 0.19075763 -0.33760875 -0.31855038
v -0.18760826 0.31886518 0.39953840
v -0.20095199 0.31510749 0.38937801
v -0.11089146 0.31326360 0.39974234
v -0.16866925 0.18087301 -0.30397549
v 0.01351186 0.33002049 -0.32443431
v -0.17609431 -0.14751728 0.29917786
v 0.19758381 0.33347580 0.16238788
v 0.00256831 0.31464466 0.40068555
v -0.20060568 0.32255355 0.00152212
v -0.17564988 -0.12173788 0.29939961
v 0.03084988 0.31374061 0.40020600
v -0.15655150 -0.13650025 0.32895601
v 0.19890900 0.33214399 0.17840762
v -0.20045930 0.32758111 0.27468526
v -0.10630512 0.30864382 0.31700233
v -0.10660513 0.31181344 0.31396401
v -0.09018308 0.31452754 0.30847839
v -0.20165756 0.32598841 -0.03880884
v -0.05944902 0.31305170 0.32259822
v -0.20158693 0.16900063 -0.31601980
v -0.15455469 -0.12635760 0.32708937
v 0.19807017 0.32085150 0.18927330
v -0.03871794 0.30681631 0.32516885
v -0.20556749 0.16202587 -0.31404725
v -0.19983175 0.15880100 -0.30954799
v -0.16224131 0.32484704 0.40051278
v -0.20000310 0.32900262 0.22008164
v -0.20004176 0.33413294 0.01412569
v -0.02567312 0.31370962 0.32406515
v 0.17446524 0.31607917 0.40077254
v 0.14579588 0.31489664 0.39942077
v -0.04650977 0.31248161 0.30738705
v -0.06871951 0.28853932 0.31169406
v -0.06100300 0.29062301 0.31063199
v -0.16792481 -0.23983750 0.10631275
v -0.02560347 0.31530952 0.30633521
v -0.18396337 -0.06888856 0.29993424
v -0.18427637 0.17992038 0.32961226
v -0.20131706 0.32971355 0.06354363
v -0.21369700 0.16496301 0.31478900
v -0.16395532 0.18161699 0.32548302
v -0.15627700 0.17896099 0.32963401
v -0.18229918 0.18055481 0.31674394
v -0.20496000 0.15655699 0.32513300
v -0.20088425 0.15260801 0.33228680
v -0.21104118 0.17193726 0.31209508
v -0.18540050 0.18078475 0.31355751
v 0.00202414 0.31291714 0.30777180
v 0.19865488 0.32035044 0.22222544
v 0.05244244 0.31533551 0.32740498
v -0.20218487 0.14770424 0.32410049
v -0.20301279 0.17054655 0.31162360
v 0.02165041 0.31284019 0.30766481
v 0.02661063 0.31558251 0.30588758
v -0.20183647 0.13929625 0.32824451
v -0.21272075 0.16645876 0.30255425
v 0.06120500 0.31371424 0.32514662
v -0.20608699 0.13848500 0.32701850
v 0.01285500 0.30408487 0.30389312
v -0.20357899 0.16798700 0.30201650
v -0.18345925 -0.01517337 0.29976901
v -0.18015185 0.18079187 0.30656078
v -0.20142899 0.14025050 0.31664276
v 0.05062076 0.31343627 0.30767727
v -0.13602568 0.33340526 -0.39807644
v -0.19523484 0.15222666 0.31718421
v -0.19865496 0.14778604 0.30858529
v -0.19178183 0.15183455 0.30967695
v -0.16869332 0.17859319 0.29953581
v -0.20495413 0.13981304 0.31009671
v -0.20753796 0.14571451 0.30775926
v -0.19981450 0.31977826 0.10458025
v -0.14239737 0.33619937 -0.40048701
v -0.20433700 0.13771801 0.29990399
v -0.20330325 0.15207809 0.30065680
v 0.06252094 0.30721769 0.30408508
v 0.19873871 0.32908621 0.29070163
v 0.19745125 0.32975084 0.30780521
v -0.18511650 0.17837000 0.29995099
v 0.19787779 0.31756258 0.31498662
v -0.15612389 0.02486342 0.30051672
v -0.20110530 0.32094839 0.15027779
v -0.20100801 0.32837150 0.19344872
v -0.21444750 0.14098725 0.31312549
v 0.08639475 0.31524426 0.31500101
v -0.20269100 0.13150850 0.31740749
v -0.17729159 0.18050037 0.29964751
v -0.20279500 0.16252600 0.30958700
v -0.20367913 0.15302782 0.30661038
v -0.19625688 0.15519275 0.31232288
v 0.08425284 0.33270106 -0.32070795
v -0.20695999 0.14388350 0.32042101
v -0.20029444 0.16194038 0.33399850
v 0.19097050 0.31587499 0.39694324
v -0.01962800 0.31341451 0.30879399
v 0.19453099 -0.33825561 -0.31940138
v -0.15527400 -0.04200925 0.30170575
v -0.20961387 0.16128488 0.33526638
v -0.19276592 0.31418329 0.39662334
v 0.18422800 0.32632899 0.40036550
v -0.09493463 0.31193995 0.31957176
v -0.20129848 0.31877691 0.23216282
v 0.18445100 0.34858999 -0.39993849
v 0.04538263 0.32456651 0.40070075
v -0.17122461 0.18027936 -0.33014286
v -0.16266806 0.18071471 -0.32692328
v 0.05504900 0.31454590 0.40078613
v 0.04880000 0.33248070 -0.32699341
v -0.18405449 0.14319250 -0.30265051
v 0.01443231 0.32624435 0.39903569
v 0.06010406 0.30662313 -0.31223962
v -0.17606750 -0.12194775 0.25323901
v -0.17646207 -0.17709787 0.29918301
v -0.05035713 0.31405351 0.40046749
v 0.05727925 0.30717149 -0.31905574
v -0.13966575 0.32393974 0.40020111
v -0.19992097 0.31386063 0.38280261
v 0.18420589 -0.34082606 -0.31881559
v 0.17270069 -0.34134689 -0.31679645
v 0.17131862 -0.33609262 -0.32311442
v 0.18965556 -0.32878989 -0.31499714
v 0.17695737 -0.31959775 -0.32354224
v 0.16882275 -0.33861649 -0.31993726
v 0.19505857 -0.32412243 -0.31623119
v 0.19346300 -0.33762249 -0.30191049
v 0.19696175 -0.34719700 -0.29644400
v -0.17775628 -0.17784782 -0.30079556
v 0.19548762 -0.32145974 -0.30858925
v 0.19612931 -0.33184001 -0.30214107
v 0.16758925 -0.32128757 -0.32267365
v 0.20015563 -0.32282463 -0.30178037
v 0.19252400 -0.32748601 -0.29702500
v 0.20207974 -0.27894789 -0.32522863
v 0.18344325 -0.31313425 -0.29911676
v 0.18507163 -0.31809586 -0.30313939
v 0.17882749 -0.31124401 -0.31686750
v 0.01559038 -0.30913401 -0.32836199
v 0.06490900 0.30822849 -0.32103750
v 0.11249331 -0.28115264 -0.29784682
v -0.04685644 -0.30906332 -0.32866618
v -0.17023450 -0.24149451 -0.12427006
v 0.19844516 0.32586020 0.07959162
v -0.15305950 -0.25906599 0.31266749
v -0.15149049 -0.25975299 0.31241450
v -0.15008201 -0.25786999 0.31315300
v -0.14958425 -0.25962475 0.31232974
v -0.19513637 -0.32931432 0.33613649
v -0.15033412 -0.26678088 0.31305125
v -0.14902900 -0.26502249 0.31227550
v -0.14752451 -0.26533750 0.31256300
v -0.18259856 -0.34098414 -0.32943624
v -0.18183392 -0.34325340 -0.32934111
v -0.15544200 0.16063000 -0.33074901
v -0.00937655 -0.27956840 0.32536697
v -0.19014393 -0.33949086 -0.32024643
v -0.18579331 -0.34459880 -0.32026526
v -0.18888099 -0.32242700 -0.33127150
v -0.18902500 -0.32362601 -0.33209100
v -0.19325250 -0.33338875 -0.33489075
v -0.14502600 -0.27469701 0.31201801
v -0.14478950 -0.27422300 0.31255099
v -0.20063113 -0.33725101 -0.33015013
v -0.14288799 -0.27236599 0.31244776
v -0.14262500 -0.27302000 0.31252399
v -0.14067613 -0.27186313 0.31306612
v -0.17671525 -0.34201482 -0.30566975
v -0.03039675 0.33383101 -0.39953449
v -0.20778513 -0.33656600 -0.31991836
v -0.17307350 -0.33065262 -0.30582151
v -0.17316400 -0.33554050 -0.30500826
v -0.17561799 -0.33897200 -0.30080399
v -0.20146075 -0.32760492 0.32645968
v -0.17394325 -0.32929751 -0.30681214
v -0.17085350 -0.33380800 -0.30346501
v -0.11562900 -0.27973300 -0.31647000
v -0.11156950 -0.27770650 -0.31401849
v -0.17469084 -0.31108099 0.31996953
v -0.13701300 -0.27330300 0.31215301
v -0.11706225 -0.27811274 -0.31528899
v -0.13670850 -0.27315000 0.31278399
v -0.19884719 -0.33962071 -0.31141368
v -0.15311800 -0.27861401 0.31119299
v -0.11227800 -0.27105200 -0.31581300
v -0.11346425 -0.27180025 -0.31551024
v -0.20644300 -0.32371026 -0.32260674
v -0.11410100 -0.27092299 -0.31475201
v -0.18553679 0.04632796 -0.30350384
v -0.11708300 -0.27201399 -0.31553900
v -0.13960449 -0.27869701 0.31349251
v -0.13717100 -0.27690601 0.31282201
v -0.13623875 -0.27719200 0.31164175
v -0.13580300 -0.27456149 0.31206650
v -0.11931100 -0.27398300 -0.31480050
v -0.14022972 -0.27849078 -0.31436673
v -0.17828600 -0.31337899 0.31398800
v -0.14300200 -0.27499801 -0.31542850
v -0.14459163 -0.27098751 -0.31418800
v -0.14928100 -0.27137649 -0.31547099
v -0.20212075 -0.32085925 0.31238550
v -0.12323819 -0.27195099 0.31255445
v -0.11677900 -0.27216500 0.31286651
v -0.11898325 -0.27206001 0.31291476
v -0.11628250 -0.27089199 0.31298199
v -0.11395675 -0.26929826 0.31210324
v -0.19078091 -0.31454346 -0.30357188
v -0.15545624 -0.28024364 -0.30133551
v -0.18528301 -0.27975249 -0.32868400
v -0.17251088 -0.33278337 0.30570588
v -0.15351000 -0.26047400 -0.31499800
v -0.15509249 -0.26761100 -0.31633550
v -0.15181100 -0.25636500 -0.31507400
v -0.15324426 -0.25507349 -0.31508049
v -0.15280038 -0.25103599 -0.31548539
v -0.15383950 -0.24448475 -0.31561801
v -0.17401101 -0.22963600 -0.33017999
v -0.17317718 -0.34630698 0.32956916
v -0.15486328 -0.22322892 -0.31584075
v -0.17686599 -0.24190000 -0.30045500
v -0.17090397 -0.33866957 0.31022674
v -0.11270638 -0.27858436 0.31108612
v -0.18093075 -0.32353002 0.30488548
v 0.10653768 0.33624989 -0.40058944
v -0.05289152 -0.27910018 0.32520869
v -0.17749444 -0.13304344 -0.27914119
v -0.18518065 -0.11403504 -0.30231142
v -0.17831588 -0.12416075 -0.23830213
v -0.15726200 0.07620700 -0.33140799
v 0.08140691 0.33560193 -0.40001830
v 0.13122648 0.33680576 -0.40039897
v 0.02362481 -0.27923378 0.32447135
v 0.19831167 0.33565158 -0.33884108
v 0.05259484 0.33670899 -0.40063083
v -0.18593100 -0.34474999 0.32331899
v -0.17733750 -0.12279350 -0.21736351
v -0.16780999 -0.24070700 0.18792599
v -0.06444106 -0.28215155 0.29765663
v 0.00517519 0.33763769 -0.40079662
v 0.01947200 0.33455494 -0.39862126
v -0.20482175 -0.33386201 0.31261200
v -0.18536380 0.09760179 -0.33062381
v -0.15558004 0.13407388 -0.33046207
v -0.09727475 -0.27162501 0.31189024
v -0.20205399 0.13758449 -0.33243749
v 0.19800512 0.33377206 -0.27755588
v 0.12173728 -0.27890772 0.32255146
v 0.06743844 0.30769625 -0.31297588
v 0.19844900 0.34327599 -0.22444651
v -0.21298790 0.15535809 -0.33348435
v 0.16343497 -0.28012717 0.32317036
v -0.16777726 -0.12374300 -0.15280899
v 0.06111838 0.31756517 -0.30370858
v -0.10683913 -0.27169126 0.31202564
v -0.19999363 0.14727224 -0.29957849
v -0.19712950 -0.32327530 0.31047800
v -0.16852476 -0.24005018 -0.01157469
v 0.19754051 0.33157536 -0.20666194
v -0.20960428 0.14872850 -0.29958805
v 0.00373069 0.33178812 -0.32552433
v -0.18559025 0.17806000 -0.30332449
v -0.11059878 -0.27872774 0.31655830
v 0.04635675 0.32998627 -0.30883098
v 0.02533334 0.33032551 -0.30916491
v 0.18631612 -0.34641874 0.32179675
v -0.11369325 -0.26431736 0.31279647
v 0.15672369 -0.30913907 0.29602188
v -0.11899400 -0.26647401 0.31221300
v -0.17695872 -0.24194060 -0.19268529
v 0.12722337 -0.30721748 0.29453471
v -0.12342075 -0.25910974 0.31289724
v -0.09383642 0.32613426 -0.14114146
v 0.20401999 -0.30661801 0.32289001
v -0.19899601 -0.32126200 0.32123801
v -0.19559647 -0.32559234 0.31363469
v -0.06224216 0.30656207 -0.31179726
v -0.06850844 0.30412680 -0.31229082
v 0.18417899 -0.32461151 0.32186651
v -0.17141876 -0.12175387 0.00561312
v -0.03310937 0.33089831 -0.30928183
v 0.16871300 -0.34817550 -0.32201001
v 0.17394513 -0.32519162 0.31053600
v 0.17548406 -0.34212375 0.31742913
v -0.13823050 -0.27042550 0.31217799
v 0.19101401 -0.34231800 -0.31572449
v -0.08669636 0.33027968 -0.32176566
v 0.17339300 -0.33706751 0.30919501
v -0.14259300 -0.27204749 0.31290150
v -0.11382250 0.32481962 -0.32284063
v -0.14234450 -0.27327251 0.31290749
v 0.19891709 -0.33654976 0.29820082
v 0.19893312 0.33144602 -0.17058133
v -0.14453825 -0.27269951 0.31302175
v 0.19194078 -0.33760494 0.29742640
v -0.14441299 -0.27246913 0.31212950
v 0.18472187 -0.31928289 0.30484244
v 0.19810390 0.33077598 -0.14368860
v -0.13513750 0.28748924 -0.31587926
v -0.15076506 -0.27405614 0.31269914
v -0.15353763 -0.27064174 0.31321150
v 0.20586812 -0.30065438 0.32166162
v 0.20417950 -0.27827850 0.32075101
v -0.16600868 -0.23999740 -0.24075675
v -0.16537975 -0.15112412 -0.29950938
v -0.17576125 -0.13402100 -0.33034801
v 0.07990050 0.33207500 -0.30920050
v -0.15999381 0.17730331 -0.30175850
v -0.18379900 -0.28102550 -0.30043000
v -0.21038350 0.14476350 -0.30828789
v -0.20022260 0.32951054 -0.26412880
v -0.17808913 -0.12202525 -0.06570525
v -0.14687499 -0.25174949 0.31378299
v -0.21266113 0.13908125 -0.31362307
v -0.14917450 -0.25012049 0.31342399
v -0.20352501 0.16584000 -0.33412001
v -0.19710650 -0.28073099 -0.30102101
v 0.19796143 0.32835045 -0.08551963
v -0.17957824 -0.12296563 0.10596938
v 0.19827503 0.33451504 -0.30548793
v -0.19675300 -0.30913201 -0.30044401
v -0.19778650 -0.31974801 -0.29843801
v 0.19111300 -0.32634562 0.29629824
v 0.19337720 -0.32852668 0.29529265
v -0.11421400 0.33795100 -0.13790800
v 0.19484966 -0.32260165 0.29528642
v 0.19841363 0.32633245 -0.00487613
v -0.16743487 -0.24078825 0.23651862
v -0.20026857 0.33932951 -0.18143640
v 0.18563201 0.33805901 -0.40034750
v -0.14394525 -0.27769426 -0.31492749
v -0.17896859 -0.34099269 0.30746812
v -0.18074974 -0.33867276 0.30356124
v -0.18074800 -0.33926499 0.30389801
v -0.16840272 -0.33497310 0.31416705
v -0.17288674 -0.32591125 0.30823725
v 0.19842358 0.32596847 0.02458480
v -0.16920587 -0.12222850 -0.15473813
v -0.10796413 -0.27653912 0.31317475
v -0.15549247 -0.12178194 -0.32909405
v -0.09527825 -0.27881455 0.31652457
v -0.19925275 -0.33717725 -0.29842076
v 0.19881931 0.33583403 0.00598262
v -0.14216700 -0.25633800 -0.31606099
v -0.15297174 -0.26784074 -0.31503826
v -0.15182850 -0.26445949 -0.31563699
v -0.15198800 -0.26697999 -0.31544799
v -0.15031250 -0.26620549 -0.31518900
v -0.14894450 -0.26778400 -0.31468749
v -0.11901300 -0.26785651 0.31305400
v -0.19527826 -0.31906688 0.31737143
v -0.17578575 -0.12152225 0.17614651
v -0.11837875 -0.26324901 0.31332350
v -0.21392632 -0.32295907 -0.31868762
v -0.10734800 -0.26815999 -0.31583050
v -0.10790013 -0.26738411 -0.31507263
v -0.10566100 -0.27099901 -0.31474000
v -0.10586100 -0.27078599 -0.31480199
v -0.17310250 -0.33037800 -0.30444551
v -0.10827550 -0.27658299 -0.31474400
v -0.10832350 -0.27395701 -0.31472200
v -0.17176650 -0.33353001 -0.30501601
v -0.19062901 -0.34570700 -0.30950800
v -0.19352050 -0.32147449 -0.32866299
v -0.14947200 -0.27156436 0.31250638
v -0.19529338 -0.33299014 -0.33285487
v -0.20011251 -0.32381299 0.32801700
v -0.19280545 -0.34069055 -0.33046672
v -0.17367400 -0.33702999 -0.32552251
v -0.14642088 -0.26448825 0.31308562
v -0.14791900 -0.26331201 0.31234899
v -0.14590275 -0.26664501 0.31283176
v -0.14836550 -0.26229474 0.31229249
v -0.14725100 -0.26170450 0.31324351
v -0.14942101 -0.26141700 0.31318900
v -0.15205625 -0.26099750 0.31252587
v -0.15114100 -0.26424599 0.31236801
v 0.05347750 -0.28083178 -0.29833186
v -0.19446650 -0.30918899 0.32770151
v -0.17637500 -0.24045099 0.29968700
v 0.11699110 -0.31096256 -0.29931203
v -0.19759300 -0.30862999 -0.32895100
v 0.17261438 -0.31946388 -0.31601849
v 0.17502213 -0.31997189 -0.31447726
v 0.20183900 -0.33082226 -0.29381576
v -0.15392254 -0.23803499 0.31358725
v 0.19901721 -0.31163603 -0.31493852
v 0.17957625 -0.32188964 -0.31961614
v -0.18290950 -0.27998000 0.32932150
v 0.20320401 -0.31027475 -0.32639849
v 0.18987501 -0.34135124 -0.31491089
v -0.17799063 -0.12350138 0.21159469
v -0.11784077 0.32514551 0.40034589
v -0.16368288 -0.18287903 0.29934677
v -0.17380925 -0.23130557 0.32937205
v 0.04775137 0.32629424 0.39817038
v 0.11582475 0.32678440 0.39897844
v -0.18465400 -0.34751901 -0.30121651
v 0.07311266 0.31403223 0.39934635
v 0.09204160 0.31557164 0.40069869
v 0.19829004 0.34104022 -0.14852940
v 0.15004079 0.31588435 0.40075257
v 0.12365589 0.31627917 0.40018502
v 0.19871031 0.32220379 0.16042425
v -0.20753106 0.16553774 0.32263494
v 0.02665034 0.31160146 0.32517388
v -0.17648277 0.18160458 0.32475099
v -0.18783979 0.15058406 0.32264376
v 0.08440088 0.29843351 0.32694575
v -0.16846725 -0.23877876 0.02773775
v 0.08358800 0.31530562 0.30858189
v 0.06149396 0.29315862 0.30817318
v 0.08467169 0.29132786 0.31787118
v 0.08522300 0.29197049 0.31035799
v 0.19651601 0.33159307 0.23500086
v -0.19985563 0.33183438 0.10848638
v 0.19837984 0.31841171 0.28023997
v -0.07766350 -0.28170499 -0.29935449
v 0.19838093 0.31907612 0.25711092
v 0.19817878 0.31671423 0.35150355
v 0.06566191 0.28926042 0.31282943
v -0.17004725 -0.13261375 0.33049700
v -0.17263800 -0.12883550 0.32910874
v 0.05654237 0.29101214 0.31203187
v 0.06378750 0.29000589 0.31933194
v -0.10189900 -0.27757499 -0.31490099
v 0.07587975 0.31597126 0.30597025
v -0.10032600 -0.27728400 -0.31581300
v -0.15838456 0.18257657 0.31045255
v -0.15557489 0.17981282 0.32043174
v -0.16497375 -0.12200400 0.25508150
v -0.15997800 0.18257800 0.32223499
v -0.20034957 0.16117574 0.31769618
v -0.19709624 -0.32429150 -0.33210176
v -0.16547625 -0.22590894 0.32870200
v -0.00756606 0.31392881 0.32408220
v 0.00469419 0.30916938 0.32583430
v -0.06148937 0.28842974 0.31464437
v 0.19852374 0.32403851 0.09856169
v -0.20084259 0.32551321 -0.10963041
v -0.15178190 -0.25630447 0.31316319
v -0.08461369 0.31399769 0.32198250
v 0.18484125 -0.32608780 -0.32489768
v -0.15239613 -0.27019477 0.31223440
v -0.15036450 -0.27147651 0.31290200
v -0.14943500 -0.27645701 0.31288201
v -0.14858900 -0.27413750 0.31207049
v -0.14623500 -0.27422601 0.31261200
v -0.14623600 -0.27405801 0.31270549
v -0.14613600 -0.27410400 0.31277299
v -0.14664701 -0.27411300 0.31225699
v -0.11480625 -0.28167975 0.32846400
v -0.19262999 -0.30871999 -0.33024001
v -0.14407650 -0.27825624 0.31214201
v -0.14050250 -0.27722949 0.31204399
v -0.13581599 -0.27410501 0.31297600
v -0.13545200 -0.27599600 0.31281200
v -0.13946749 -0.27791500 0.31278300
v -0.13807800 -0.27683100 0.31205699
v -0.11445750 -0.26787499 0.31214899
v -0.02805816 0.31366444 0.40022269
v -0.01791756 0.32587814 0.39834580
v -0.17517562 -0.32970786 -0.32815889
v -0.19067831 -0.31750807 0.31143737
v -0.20035200 0.32671899 0.33767599
v -0.20154300 0.32654300 -0.12384750
v -0.14938428 0.31326249 0.39956194
v -0.18406400 -0.32818899 0.30330700
v -0.15664575 -0.23324800 -0.32996961
v 0.17374100 -0.34779599 -0.32359549
v 0.15509625 -0.33809450 -0.31075051
v 0.16049363 -0.34333837 -0.30875099
v 0.19025525 -0.31093800 -0.31436625
v 0.15648881 -0.33057263 -0.30140349
v 0.20361100 -0.31046700 -0.29867101
v 0.17752813 -0.31648514 -0.30104262
v -0.09874400 -0.31064451 -0.32720849
v -0.19592381 -0.34358171 -0.32957977
v -0.20284513 -0.33947587 -0.32421601
v -0.10622900 -0.27438575 -0.31573525
v -0.10491550 -0.27583301 -0.31475449
v -0.10375000 -0.27719799 -0.31493199
v -0.10249325 -0.27720225 -0.31481850
v -0.10639900 -0.27953750 -0.31412199
v -0.10616000 -0.27965501 -0.31635401
v 0.17296256 -0.33842301 -0.29872683
v -0.11298875 -0.26964101 -0.31571901
v 0.19851200 -0.33992150 -0.29231700
v -0.11368500 -0.26593199 -0.31577700
v -0.10898600 -0.26731601 -0.31555325
v -0.11403600 -0.27013800 -0.31540200
v -0.11491650 -0.26916051 -0.31506050
v -0.11861700 -0.27195200 -0.31586099
v 0.05835003 -0.27890271 0.32123667
v -0.20509763 -0.33848426 -0.30738586
v -0.20357913 -0.33064300 -0.29740313
v -0.13622200 -0.26611000 -0.31542650
v -0.14948800 -0.26964900 -0.31551301
v -0.14979300 -0.27097699 -0.31477800
v -0.14235125 -0.26434425 -0.31413382
v -0.14355850 -0.26299700 -0.31496501
v -0.14342050 -0.26463124 -0.31538799
v -0.15068650 -0.26500949 -0.31577349
v -0.15128487 -0.27068999 -0.31460762
v -0.14884999 -0.26301301 -0.31543601
v -0.15063350 -0.26210600 -0.31491601
v -0.15370250 -0.26613575 -0.31530663
v -0.14901200 -0.25815800 -0.31488600
v -0.14971700 -0.25820401 -0.31554499
v -0.15197550 -0.25677750 -0.31576550
v -0.15246999 -0.25656000 -0.31598100
v -0.15402000 -0.25829774 -0.31546301
v -0.15147100 -0.25534049 -0.31597400
v -0.15040575 -0.24677825 -0.31608075
v -0.14944150 -0.24505650 -0.31540701
v -0.15201201 -0.24707200 -0.31533900
v -0.15306500 -0.24211951 -0.31550801
v -0.16685475 -0.23109281 -0.32980910
v -0.19476426 -0.28172299 -0.29983425
v -0.18523072 -0.24501978 -0.30232438
v -0.17777675 -0.24033138 -0.24945238
v -0.15673763 -0.14048913 -0.30092391
v 0.18288225 -0.32884151 -0.32501850
v 0.12202550 -0.27930656 0.29516461
v -0.17928700 -0.24059972 -0.17220879
v -0.17591763 -0.12299562 -0.28047636
v -0.16747050 -0.24030082 -0.16835843
v 0.17767431 0.34926900 -0.39954105
v 0.20562924 -0.28037226 0.32226700
v 0.11687800 0.34781599 -0.40042999
v -0.18010141 -0.24089313 -0.11184503
v 0.18435638 -0.30997899 0.30339557
v -0.18386051 -0.14428830 0.29996845
v 0.19767100 0.34676999 -0.32203099
v -0.15671550 0.17866924 -0.33209750
v -0.17728713 -0.24220100 -0.05640937
v 0.19728801 0.34415451 -0.22476600
v -0.20302425 0.13092200 -0.32514489
v -0.20335363 0.15731050 -0.33621442
v -0.16178399 -0.12106750 0.29935250
v -0.17995350 0.17720513 -0.33249375
v -0.09846659 0.33315444 -0.39039394
v 0.19744501 0.34662801 -0.30739301
v -0.21278250 0.16341025 -0.33397651
v 0.08487269 0.31730729 -0.30440369
v -0.19878750 0.15300725 -0.32452875
v -0.16849613 -0.23958288 -0.04886487
v 0.00790413 0.33042124 -0.30926418
v -0.20079288 0.15563962 -0.30368388
v -0.20955575 0.16439125 -0.30079225
v -0.16835800 -0.12299100 -0.07635000
v -0.17990497 -0.24173184 0.00326878
v -0.18452561 -0.11809192 0.32695082
v -0.21348575 0.14095224 -0.32949176
v -0.20894051 0.14009701 -0.29651701
v 0.18610500 0.32771000 0.39907601
v -0.20130794 0.14301613 -0.30627084
v -0.18061109 -0.24086840 -0.03026981
v 0.08603688 0.31823662 -0.32587862
v -0.20182700 0.34436899 -0.38723201
v -0.17958599 -0.12354500 -0.15805601
v -0.05536187 0.33829218 -0.40078568
v -0.15727200 0.10893950 -0.33156076
v 0.09717875 0.34770063 -0.40019986
v -0.17829503 -0.24184656 0.03415338
v -0.19994400 0.34391424 -0.33874926
v 0.16608384 0.33654684 -0.39776927
v -0.17888100 -0.24154601 0.08454200
v 0.19897375 -0.34602925 0.30103225
v 0.20127800 -0.34671950 0.29917049
v -0.18240091 -0.05432553 0.32951310
v -0.16816540 -0.13726166 -0.33057749
v 0.19768301 0.31714499 0.39028299
v -0.19837075 0.15396300 0.32313326
v -0.16909280 -0.24083339 0.06610817
v -0.18500097 -0.02217225 0.32685745
v -0.18565600 -0.27956450 -0.31500700
v -0.15132825 -0.25995451 -0.31585875
v -0.13750131 -0.27596933 -0.31264049
v -0.18983050 -0.31261280 -0.31731012
v -0.13544600 -0.27990499 -0.31668699
v 0.19819190 0.32949176 -0.10897194
v -0.18648000 0.17986700 0.30256301
v -0.21402387 0.15715981 0.30535820
v 0.10652280 -0.30835596 -0.32770264
v -0.20896301 0.13979851 0.29685888
v -0.15781082 0.11604030 0.29942870
v 0.20403349 -0.27929401 -0.31980863
v 0.19371237 -0.32978299 -0.29441476
v 0.11568015 -0.28100371 0.29464245
v 0.18749700 -0.32739449 -0.31952792
v -0.20033300 0.33085600 0.14550699
v 0.08509706 0.30541787 0.30349487
v -0.07802994 0.31366885 0.40036231
v 0.07428469 0.29977545 0.30372649
v -0.09456275 0.30769825 0.32544425
v -0.20443313 0.14761674 0.29442963
v -0.08499546 0.31104988 0.30757385
v -0.06371350 0.31476292 0.30661598
v -0.17827161 -0.24150819 0.16446656
v 0.19062513 -0.34817600 -0.30668044
v -0.03115424 0.30387199 0.30303195
v 0.01659997 0.31481233 0.32503015
v -0.15626626 0.17849550 0.30112624
v 0.08592800 0.31223801 0.32375500
v 0.08460325 0.31569299 0.32250026
v -0.18938665 0.15656815 0.31630102
v -0.05915488 -0.30748874 0.29778662
v -0.18803188 0.14254206 0.31253657
v 0.03593162 -0.28099275 0.32568562
v 0.07659819 0.30652812 0.32855508
v -0.15723579 0.10404317 0.32885364
v -0.18203762 0.17984250 0.31052113
v -0.18153700 -0.33871400 0.30102700
v 0.19899262 0.32676288 0.37327650
v -0.19140534 -0.34618929 0.30780432
v -0.16815172 -0.12176119 0.14957784
v -0.13403800 0.32547900 0.39587599
v -0.10657387 -0.27873361 0.31091574
v -0.10287100 -0.27563301 0.31263101
v -0.10552400 -0.27857500 0.31268799
v -0.10128400 -0.27333301 0.31186500
v -0.10201450 -0.27300850 0.31281951
v -0.18191500 -0.34060749 0.32551700
v -0.10296500 -0.27201551 0.31193900
v -0.10257900 -0.27250999 0.31284401
v -0.10427700 -0.27264449 0.31186950
v -0.10411000 -0.27349201 0.31230700
v -0.10420200 -0.27333999 0.31207201
v -0.10379800 -0.27347401 0.31277201
v -0.10491350 -0.27390850 0.31271625
v -0.11376738 -0.27541763 0.31187299
v -0.11438550 -0.27696699 0.31268200
v -0.11601475 -0.27794826 0.31277326
v -0.11555400 -0.27781701 0.31171799
v -0.11650387 -0.27877074 0.31084076
v -0.20005199 -0.34031114 0.31973687
v -0.11673850 -0.27439401 0.31287599
v -0.11697800 -0.27553299 0.31184599
v -0.11833300 -0.27637199 0.31189451
v -0.11954050 -0.27869999 0.31326449
v -0.11897050 -0.27680951 0.31264549
v -0.12088400 -0.27790099 0.31253499
v -0.10776100 -0.26787001 0.31207901
v -0.11013600 -0.27152199 0.31194901
v -0.11153900 -0.27216601 0.31289050
v -0.10698050 -0.26855174 0.31292275
v -0.10992987 -0.26592624 0.31228024
v -0.10946200 -0.26962951 0.31300151
v -0.11096375 -0.26892701 0.31302050
v -0.11229300 -0.26911950 0.31216675
v -0.15424275 -0.28037074 0.29932576
v -0.11494300 -0.26777399 0.31312501
v -0.14029588 -0.27854788 0.31126300
v -0.14041699 -0.27726901 0.31277251
v -0.14138500 -0.27755699 0.31239301
v -0.16739300 -0.12173300 0.18363100
v -0.19612250 -0.31777650 0.31719500
v -0.19335550 -0.31653500 0.32023549
v -0.19722225 -0.31956699 0.31936425
v -0.14452900 -0.27716899 0.31256399
v -0.14616725 -0.27645701 0.31276163
v -0.14919651 -0.27648050 0.31209299
v -0.15027000 -0.27779499 0.31241700
v -0.15296100 -0.27854601 0.31607199
v -0.20418456 -0.33010432 0.32341555
v -0.19669625 -0.33681649 0.33559674
v -0.20317538 -0.32599369 0.32589361
v -0.20068325 -0.32602051 0.33086494
v -0.20111503 0.33429632 -0.04335203
v -0.15180312 -0.26589638 0.31251287
v -0.15404600 -0.26605299 0.31147400
v -0.16926850 -0.24090050 0.02895675
v -0.15033588 -0.25380474 0.31239405
v -0.14998700 -0.25558501 0.31285501
v -0.14792299 -0.25404200 0.31256601
v -0.15138000 -0.25540701 0.31244400
v -0.15237787 -0.25710350 0.31233025
v -0.18283799 -0.21808900 0.29975286
v -0.19230349 -0.30729824 0.32970226
v -0.19471800 -0.27904400 0.32935461
v -0.14506350 -0.26078051 0.31326351
v -0.20097908 0.32424149 -0.06035012
v -0.15157451 -0.26868901 0.31286350
v -0.14980350 -0.26765937 0.31225887
v -0.15195225 -0.26799300 0.31217799
v -0.14783201 -0.26742199 0.31304300
v -0.14742400 -0.26556399 0.31315449
v -0.14192200 -0.27691776 0.31260401
v -0.14083450 -0.27395800 0.31236300
v -0.13983163 -0.27544063 0.31240124
v -0.13812800 -0.27562901 0.31291300
v -0.13893200 -0.27305251 0.31219500
v -0.11784300 -0.26777399 0.31217799
v -0.12035150 -0.27463850 0.31258100
v -0.16762225 -0.32651964 0.31375939
v -0.17435125 -0.32684675 0.30802599
v -0.17895575 -0.33881801 0.30275649
v -0.18371239 -0.18858948 0.32810271
v -0.20045343 0.32770449 -0.19847456
v -0.15738611 -0.04807506 0.29925025
v -0.19901738 0.33307949 0.05238162
v -0.15076600 -0.25720799 -0.31503400
v -0.14992000 -0.25729826 -0.31500274
v -0.15097950 -0.25612751 -0.31592599
v 0.17763551 -0.30903751 0.32156301
v -0.20123537 0.32201362 0.06326075
v 0.18229575 -0.31608856 0.31277987
v -0.17883074 -0.12215200 0.00428800
v -0.19823240 0.31865162 0.15323706
v -0.18526371 0.07552370 0.32742199
v -0.05232266 0.33153921 -0.32638687
v -0.19682762 0.33257720 -0.37622136
v -0.18305431 0.03478544 0.32952943
v -0.13908823 0.34388855 -0.40025526
v -0.19005832 0.15437363 -0.32059899
v -0.17241649 0.18205576 0.30186200
v 0.02521900 0.30665201 0.30308399
v -0.21250337 0.13265049 -0.32814962
v 0.19740625 -0.33698174 -0.30774674
v -0.21070249 0.13141350 0.32572651
v 0.05989994 0.30626374 0.32762024
v 0.17311400 -0.33311900 -0.32672599
v -0.18562016 0.11055356 -0.30406284
v -0.21175151 0.13735050 0.32914951
v -0.21308599 0.14598700 0.32667100
v 0.19797903 0.34782302 -0.37194461
v 0.15130050 -0.32504275 -0.30832350
v -0.16751900 -0.24113500 -0.20263900
v -0.15448526 -0.27246299 -0.31426251
v 0.12463575 0.32459813 0.40076891
v -0.18351676 -0.18095438 -0.33057326
v -0.14926299 -0.24427600 -0.31633800
v -0.14479899 -0.24375100 -0.31633201
v -0.14356700 -0.24302000 -0.31534001
v -0.20003660 0.31571549 0.29959679
v -0.15421849 -0.27902824 -0.31088799
v -0.15374950 -0.27941176 -0.31593624
v -0.20123550 0.31719750 0.29952019
v -0.12010250 -0.26633400 -0.31583050
v -0.12239550 -0.26042399 -0.31563801
v -0.12680350 -0.26317751 -0.31533501
v -0.11943400 -0.26345250 -0.31508899
v -0.11762850 -0.26572201 -0.31485549
v -0.17344600 -0.33161801 -0.30356401
v -0.20878147 -0.32755300 -0.32341644
v -0.10712700 -0.27199000 -0.31474900
v -0.19367100 -0.32370299 -0.33013201
v -0.19450156 -0.33251461 -0.32968324
v -0.14504611 -0.22907320 -0.31624162
v -0.00366800 0.33144170 -0.30861619
v 0.10789020 -0.30427256 -0.29769552
v -0.15478900 -0.23787862 -0.31420001
v -0.17457950 -0.32990500 -0.30274099
v 0.10114719 -0.28313032 0.32497600
v -0.19521038 -0.33440837 0.30975312
v -0.18536784 -0.33309057 -0.29730040
v -0.19191182 0.34574863 -0.39801845
v 0.19917682 -0.32517076 0.29715276
v -0.16552657 -0.23894493 0.27874681
v -0.02857650 0.29038149 0.31851768
v -0.11971891 0.31069800 -0.30410346
v -0.18106753 0.23627910 -0.31369200
v -0.16460925 0.22363956 -0.30528921
v -0.19945288 0.32108650 0.05209513
v 0.19863950 0.33117449 0.23048900
v 0.19878612 0.33471736 0.08385663
v 0.10694525 0.31445375 0.40040675
v -0.13659850 -0.26894599 0.31268200
v -0.13925999 -0.27098000 0.31247801
v -0.19808650 -0.32116750 0.32057801
v -0.08229733 0.32329607 -0.03223640
v -0.07393587 0.30254507 0.30253083
v -0.14692999 -0.26398101 0.31228000
v -0.15277931 -0.26392561 0.31259838
v -0.15103900 -0.25763699 0.31317699
v -0.15157300 -0.25834599 0.31242099
v -0.15033300 -0.25126350 0.31242275
v -0.15130600 -0.25226149 0.31321949
v 0.11126027 0.32307556 0.04884651
v 0.15953612 0.32242513 0.10436638
v 0.09355568 0.32220528 0.07214916
v 0.03720095 0.32190919 0.05596552
v 0.16309777 0.32355234 0.06530464
v -0.16797026 -0.12136419 0.25969574
v -0.15617234 -0.16274844 0.29944801
v 0.11662721 0.32164052 0.10703154
v -0.07062563 0.32147816 0.04022295
v -0.00421032 0.32057807 0.09242386
v -0.12786418 0.32154003 0.03266736
v 0.02355269 0.31994450 0.12732553
v -0.15252723 0.31496456 0.29961970
v 0.17125727 0.31905270 0.23997810
v 0.00506530 0.31899953 0.15796854
v 0.11823447 0.31828943 0.23685728
v -0.08829500 0.31996408 0.09709866
v 0.15376022 0.31961390 0.20701820
v -0.12660477 0.32052267 0.07206012
v -0.18478200 -0.33663300 0.33539200
v -0.12472175 0.30278775 0.32210726
v -0.13658907 0.32240608 -0.00307752
v -0.11939150 -0.27775851 0.31203601
v -0.11640700 -0.27691501 0.31276000
v -0.11715400 -0.27751800 0.31199399
v -0.11385050 -0.27521801 0.31271100
v 0.04173605 0.32099789 0.09370133
v -0.11076250 -0.27347150 0.31187275
v -0.12703051 -0.27924249 -0.31453276
v -0.17159849 0.24752675 0.32441074
v -0.07119966 0.29007429 0.31844825
v -0.03518956 0.31457472 0.32605597
v -0.15409650 -0.24839801 0.31407300
v -0.15337975 -0.25383049 0.31226775
v -0.15186438 -0.25208926 0.31251138
v -0.14848100 -0.25353524 0.31307474
v -0.14931799 -0.25365600 0.31315500
v -0.14769749 -0.26301649 0.31328449
v -0.17726025 -0.22590224 0.27682200
v -0.14267600 -0.27040899 0.31304500
v -0.14528300 -0.26892176 0.31300336
v -0.03867226 0.32452902 -0.07032902
v -0.13090704 0.31424749 0.32878965
v -0.13518000 -0.27002600 0.31274301
v -0.00138863 0.31353641 0.39905530
v -0.13690400 -0.27210161 0.31295088
v -0.00541587 0.32326201 0.40067664
v 0.02518535 0.32313952 0.00333710
v -0.12694851 -0.27752325 0.31234524
v -0.18337651 -0.30919349 0.31572601
v -0.10474700 -0.26748899 0.31194401
v -0.17912234 -0.32368198 -0.30067703
v 0.17404610 0.32466075 0.03113130
v -0.09847025 -0.27391174 0.31197149
v 0.15680404 0.32551032 -0.01236925
v -0.17406037 -0.34005788 -0.30860463
v -0.19837250 -0.32278100 -0.32840401
v 0.01878357 0.32538822 -0.08476596
v -0.11615600 -0.27110201 -0.31483299
v -0.11843300 -0.27059001 -0.31478775
v -0.12073325 0.31442299 0.31663468
v -0.14025100 -0.24124201 -0.31627500
v -0.15291075 -0.24347013 -0.31610325
v -0.14979149 -0.24258050 -0.31538051
v 0.10358104 0.32539374 -0.04345153
v -0.16340825 -0.12876175 -0.33027300
v -0.18350400 -0.11942200 -0.30114099
v 0.17882143 0.32580611 -0.00716468
v -0.18518709 -0.10611831 -0.32960787
v -0.17803952 -0.24117801 0.20061713
v 0.00701032 0.32662702 -0.13439499
v 0.07667127 0.32434294 -0.01872266
v 0.05809905 0.32707843 -0.12962572
v 0.07364394 -0.27924994 0.29672709
v 0.11266696 0.32736459 -0.11071263
v -0.04219284 0.33329222 -0.38137248
v 0.08477788 0.33012587 -0.31298888
v -0.15841775 0.20119907 -0.32205433
v -0.13174938 0.33074984 -0.31496108
v -0.11851013 0.32038814 -0.32562244
v -0.10874321 0.33196771 -0.35170931
v 0.16029033 0.32875338 -0.12973425
v -0.18606862 0.16325113 -0.31714514
v -0.19676100 0.14683875 -0.31076649
v 0.07180572 -0.30768591 0.32471389
v 0.06502839 0.32532158 -0.06137769
v 0.08762026 0.33463740 -0.38093683
v 0.13665047 0.33544770 -0.38303182
v -0.10629800 -0.27349201 0.31190801
v -0.13851237 -0.26901901 0.31312686
v -0.14810599 -0.26816726 0.31308025
v -0.14853400 -0.26976350 0.31217849
v -0.14834350 -0.26994300 0.31306100
v -0.14945400 -0.26843199 0.31284899
v -0.14286900 -0.25854999 -0.31489101
v -0.15587203 -0.23390073 0.29933518
v -0.17365950 -0.32335049 -0.30342749
v -0.13967749 -0.27912951 -0.31480399
v -0.10059600 -0.27814099 -0.31578499
v -0.00339850 -0.28389350 -0.32870626
v -0.10262443 0.31333977 0.37944382
v -0.05229353 0.31356403 0.38103968
v -0.07925809 0.31361243 0.37135610
v -0.00268171 0.31414363 0.36801791
v -0.17512150 0.31459951 0.32472661
v -0.04496538 0.31989026 0.10823326
v 0.19760001 0.32802099 0.38865399
v -0.20167750 0.13157874 0.32563251
v 0.05483280 0.31786320 0.22296081
v -0.15539657 0.03248900 0.32710126
v -0.21358387 0.14510313 0.29565075
v 0.06523156 0.31915927 0.17638941
v 0.11268938 0.32032880 0.15511034
v 0.07847426 0.32056397 0.12770319
v -0.11589175 0.30616701 0.30775434
v -0.20102388 0.32654306 0.29584974
v 0.14494485 0.32610053 -0.04322224
v -0.13653119 0.31321773 0.38259003
v -0.01579724 0.32306442 -0.00896262
v 0.03779084 -0.31077307 -0.29998353
v 0.15899819 -0.28185576 -0.29748741
v -0.17896688 -0.34388363 -0.32820624
v -0.19065151 -0.31692550 -0.32511926
v -0.11681400 -0.27199051 -0.31533700
v -0.11611575 -0.27249950 -0.31478474
v -0.14779200 -0.27469701 -0.31512800
v -0.15235969 -0.27371800 -0.31492481
v -0.14707850 -0.25528151 -0.31506801
v -0.14800499 -0.25389051 -0.31601700
v -0.12762800 -0.27868599 0.31332299
v -0.11008050 -0.27308199 0.31279901
v -0.10892100 -0.27069899 0.31235501
v -0.14412799 -0.26045200 -0.31589800
v -0.10884850 -0.27058750 0.31227800
v -0.14322500 -0.26009700 -0.31523600
v 0.19592600 0.34935200 -0.39177901
v -0.14422400 -0.25934201 -0.31498700
v 0.04537950 0.34715724 -0.39973524
v -0.16813956 -0.23972225 -0.11205763
v 0.06537253 0.33360454 -0.35682318
v -0.05451019 0.33396414 -0.39817140
v -0.18420419 0.15628649 -0.33183467
v -0.14858350 -0.26343799 -0.31511351
v 0.08643000 0.30952001 -0.30980551
v -0.02608252 0.33267751 -0.35652435
v 0.04500411 -0.27916890 0.29736072
v 0.00488569 0.30754700 -0.31153280
v 0.09717820 0.32636005 -0.08284215
v -0.07467104 0.33231080 -0.35749951
v -0.20172088 0.33368006 -0.36593974
v -0.18064438 -0.24015824 0.03934731
v -0.13931212 0.33169064 -0.34661999
v -0.18560475 -0.32831126 -0.33158436
v -0.15260801 -0.24679250 -0.31620201
v -0.20976400 0.13481000 -0.30395201
v -0.16653650 -0.23985291 0.21805491
v 0.01389012 0.33284837 -0.35057014
v -0.04820428 -0.27954566 0.29843202
v -0.19686094 -0.32816640 -0.32841569
v -0.19000900 -0.32419062 -0.32923824
v -0.01431315 0.33345899 -0.37868673
v -0.15472437 -0.25163811 -0.31618926
v -0.18543319 0.13599575 -0.32815051
v -0.10149975 -0.27571750 0.31176412
v -0.10184200 -0.27749300 0.31168601
v -0.10484550 -0.27643350 0.31173399
v -0.09962500 -0.27352199 0.31272799
v -0.10188000 -0.27337599 0.31179500
v -0.10049000 -0.27421600 0.31193200
v 0.12378515 0.32410148 0.01848419
v 0.16327070 0.33513042 -0.35636875
v 0.14007214 0.32685798 -0.07456529
v -0.11359400 -0.27086699 0.31297699
v -0.11539100 -0.27151549 0.31201801
v -0.11819100 -0.27069101 0.31210101
v -0.11953000 -0.26101449 0.31255949
v -0.15554065 0.02932392 -0.32944569
v -0.12125750 -0.27723449 -0.31571150
v -0.15406200 -0.27510151 0.31020451
v -0.16644745 -0.17291357 -0.23907448
v -0.14963926 0.32410613 -0.06884231
v -0.01239043 0.32228968 0.02291830
v 0.07051598 0.32262954 0.04363975
v -0.15691361 -0.21681760 -0.30044943
v -0.05277727 0.32244927 0.00577543
v -0.15191676 -0.24303225 -0.31533101
v -0.14849162 -0.27866012 -0.31514126
v -0.15488499 -0.28008300 -0.32841250
v -0.09970947 0.32252902 -0.00587045
v 0.14897341 0.32130754 0.14010297
v -0.15869816 0.31316236 0.38756084
v -0.10129578 0.31393662 0.34977904
v -0.09098037 0.31505725 0.29865324
v 0.17113055 0.32689598 -0.05348479
v 0.04461747 0.30485341 0.30335245
v -0.16067450 0.25356713 0.32714975
v -0.15543425 0.27075076 0.30265275
v -0.14701408 0.31360742 0.36460009
v 0.07670171 0.32155165 0.08864875
v 0.13077031 0.32263008 0.07780624
v -0.17625669 -0.13211338 0.27817225
v -0.17874426 -0.31014374 -0.32164326
v -0.16463037 -0.19431975 0.29782575
v 0.19798444 0.32425216 0.06398056
v -0.14800350 -0.27406749 0.31287050
v -0.18407866 -0.06341600 -0.33089450
v 0.07432327 0.32328302 0.02050092
v -0.11867950 -0.26812899 -0.31510276
v 0.11049134 0.33444694 -0.36389089
v -0.11882950 -0.26705450 -0.31588000
v 0.00742884 -0.27933216 0.29783636
v -0.18143937 0.17985275 -0.32316849
v -0.11413200 -0.26545399 -0.31455800
v 0.20090225 -0.33060074 -0.30690414
v -0.17689112 -0.12210169 0.21083809
v -0.15032497 0.27201715 -0.32380131
v 0.11047257 -0.27877352 0.30491883
v 0.12899058 0.33261678 -0.29125169
v 0.00107274 -0.27890933 0.31321180
v -0.15549138 0.08558363 -0.32990262
v 0.12215596 0.32511237 -0.02131861
v -0.12670299 -0.27605399 -0.31532899
v 0.17121300 -0.33332399 -0.31677800
v -0.14137401 -0.27605075 0.31219649
v -0.14032200 -0.27302301 0.31227499
v -0.14295501 -0.27466550 0.31293750
v -0.14996050 -0.27441299 0.31210500
v -0.15208200 -0.24389200 -0.31626001
v -0.14031400 -0.24225700 -0.31523201
v -0.14367799 -0.27443001 -0.31468499
v -0.10333900 -0.27852201 -0.31571499
v -0.17872050 -0.32119101 -0.32672051
v -0.00701170 0.32144728 0.05755656
v -0.12434465 0.31377539 0.35542464
v -0.09328925 0.30060199 0.32795551
v -0.14272863 -0.27170762 0.31218886
v -0.11575500 -0.27304801 -0.31477600
v -0.13589799 -0.27608299 0.31286100
v -0.11960025 -0.27462775 -0.31564400
v -0.12468700 -0.27622899 -0.31478900
v -0.14250875 -0.27753574 -0.31540549
v -0.14404701 -0.27991700 -0.31622201
v -0.11372650 -0.26880601 0.31303501
v -0.14923000 -0.25937301 -0.31482849
v -0.15485938 -0.25384575 -0.31425261
v -0.10438500 -0.27181900 0.31283200
v -0.15498824 -0.24538100 -0.31835574
v -0.07335969 -0.27895200 0.30051649
v -0.16684800 -0.12454775 -0.21448424
v -0.18581912 -0.03062775 -0.30412450
v -0.08259509 0.33292633 -0.37952641
v -0.12454100 -0.27972099 -0.31654599
v -0.17524324 0.18172200 -0.30517399
v -0.12252500 -0.27859601 -0.31524351
v -0.06833965 0.31750622 -0.30375201
v -0.17539750 0.33141333 -0.33594868
v -0.09077031 0.33114544 -0.32508355
v -0.17269480 0.33291826 -0.38730758
v 0.19751428 0.33966476 -0.06851425
v 0.17243432 0.32778743 -0.08521169
v -0.16908115 -0.12188710 0.09591278
v 0.04672269 0.33485237 -0.39796633
v -0.14797850 -0.26140624 -0.31509224
v -0.14366850 -0.25678501 -0.31591851
v -0.15038700 -0.26584101 -0.31506699
v -0.17284524 -0.31844601 0.32611418
v -0.14539000 -0.26313099 0.31232801
v -0.14855525 -0.26077801 0.31253350
v 0.18295775 0.32355869 0.08000944
v -0.13370200 0.30145800 0.31321901
v 0.17307876 0.32103607 0.16657127
v -0.14857022 0.31974915 0.10348600
v 0.20140013 -0.34204638 -0.29466575
v -0.15547507 -0.21420994 0.32858774
v 0.17826656 0.32229516 0.12324436
v -0.19950938 0.33202055 -0.35234201
v -0.10174412 0.30122775 0.30254424
v -0.20009856 0.31709918 0.22008713
v -0.14626800 -0.27403501 0.31248400
v -0.12058600 -0.26165199 0.31220400
v 0.15684825 -0.33895975 -0.31892926
v -0.13765225 -0.26807550 0.31224450
v -0.19856051 -0.34591275 -0.30781475
v -0.19397300 -0.34440401 -0.29839799
v -0.11388300 -0.26996201 -0.31582299
v -0.14943451 -0.26394001 -0.31511751
v -0.14893299 -0.25572699 -0.31601101
v -0.15365750 -0.25560224 -0.31554449
v -0.17500637 -0.24213500 -0.25640965
v -0.11117700 -0.27421799 -0.31475899
v 0.20132150 -0.30908000 0.32137200
v -0.17888725 -0.24188749 -0.12310525
v -0.19761653 0.33094394 -0.31808397
v -0.11326081 0.31596687 -0.32913142
v -0.11936900 -0.26157999 0.31245500
v -0.17136973 0.33211276 -0.35989159
v -0.12638000 -0.26342425 0.31316838
v 0.20142256 -0.34632412 0.30791938
v -0.15441200 -0.24871799 -0.31621999
v -0.15509394 -0.22173578 -0.32819071
v -0.14268000 -0.27893350 -0.31502301
v -0.18037499 -0.23979454 0.08361891
v 0.15377775 -0.33309901 -0.31733751
v -0.06449310 0.31780070 0.18858053
v -0.20091100 0.32667601 -0.16062599
v -0.19419850 -0.34654775 0.31920099
v -0.09981400 -0.27227500 0.31189901
v -0.18185151 -0.34674439 0.33090875
v -0.10518200 -0.27340701 0.31184900
v -0.10411100 -0.27344501 0.31216401
v -0.11699500 -0.27575800 0.31259701
v -0.12239144 -0.27864376 0.31118119
v -0.14133850 -0.27785099 0.31228101
v -0.19602600 -0.31788701 0.32003450
v -0.04647464 0.33474267 -0.00832980
v -0.14986700 -0.25619000 0.31307951
v -0.14976674 -0.26915449 0.31300950
v -0.14795899 -0.26636401 0.31232500
v -0.12058750 -0.26989251 0.31231526
v -0.16703588 -0.32647774 0.32401726
v -0.11557400 -0.27247700 0.31210151
v -0.17051999 0.24467701 -0.32958001
v -0.18246125 -0.13714275 0.32940486
v -0.11860100 -0.27252150 0.31226501
v -0.13495550 0.29358003 -0.32613775
v -0.17988783 0.24435818 -0.32210118
v -0.16744737 -0.12323109 0.11349178
v -0.18363863 0.13820031 0.32940388
v -0.11815000 -0.27078801 0.31276301
v -0.11731700 -0.27082574 0.31200826
v -0.11814800 -0.27063900 0.31202501
v -0.16958666 -0.24124622 -0.06954791
v -0.11841500 -0.26820499 0.31220001
v -0.11806600 -0.27070799 0.31245500
v -0.18403874 0.06634950 -0.30207837
v -0.15597463 0.02032688 -0.30501163
v -0.11974700 -0.26451799 -0.31535801
v -0.11858900 -0.26458400 -0.31600201
v -0.10117350 -0.26827151 0.31217301
v 0.16506150 -0.34007424 -0.32377651
v -0.11670800 -0.27322024 0.31204700
v -0.11863600 -0.27465701 0.31197599
v 0.19948301 -0.34304750 0.32576701
v -0.11597400 -0.27315000 0.31287649
v -0.05770125 0.34610987 -0.39797911
v 0.00573588 0.34574717 -0.40011919
v -0.13367000 -0.27977899 -0.30899349
v -0.13298450 0.34586099 -0.39829499
v -0.10693500 -0.27704549 -0.31490049
v -0.17051250 -0.33182549 -0.30693799
v -0.17621250 -0.31989050 -0.31014401
v -0.17578438 -0.32252276 -0.31868950
v -0.19963500 -0.33933976 0.32736799
v -0.15164119 -0.23157918 -0.31943426
v 0.05646800 -0.28421038 -0.32829851
v 0.04311428 -0.28034836 -0.32739380
v -0.14853400 -0.25773400 0.31346500
v -0.14314701 -0.26202399 0.31264701
v -0.14181300 -0.24825700 0.31254199
v -0.14184925 -0.25441924 0.31291711
v -0.14114100 -0.24984799 0.31276801
v -0.14339299 -0.26277801 0.31257600
v -0.14143001 -0.24778400 0.31256500
v -0.12775400 -0.27684301 0.31227601
v -0.13781200 -0.26537201 0.31327000
v -0.13595600 -0.26605201 0.31279701
v -0.09794500 -0.27400100 0.31272000
v -0.00362525 0.30453059 0.32761326
v -0.02568984 0.29972979 0.32778123
v -0.19451649 0.34277174 -0.39816824
v -0.20141700 0.33444399 -0.38912499
v -0.20194125 0.33609924 -0.33724567
v -0.10346550 -0.27723625 0.31162351
v -0.09952700 -0.27679101 0.31156200
v -0.16661102 -0.24134384 -0.25588289
v 0.05945419 0.29687458 0.32618964
v -0.11101594 0.29749218 0.32751000
v 0.20624794 -0.32602689 0.29796425
v 0.20074250 -0.33930236 0.29580501
v -0.13617650 -0.30754149 0.32866099
v 0.00077312 -0.30706868 0.32591918
v 0.08270500 0.32145849 -0.32922950
v -0.17527707 -0.24147922 0.25638238
v -0.17860532 -0.23972094 0.21639276
v -0.16646500 -0.24079800 0.27098599
v -0.19511651 -0.32380250 -0.32866749
v -0.19343200 -0.32365400 -0.32879800
v -0.21177125 0.13213874 -0.32112700
v -0.09456500 -0.27961349 -0.31598449
v -0.00240328 0.29404336 0.32430184
v 0.05796569 0.29095319 0.31837443
v -0.14723250 0.25982851 0.32110757
v -0.15129875 0.24986918 0.31765208
v -0.16841325 -0.12402425 0.00674675
v 0.02654416 0.32370266 -0.30466062
v 0.03120912 0.31691620 -0.30427057
v 0.04969425 0.31152353 -0.30677745
v -0.01217950 0.31865144 -0.30397832
v -0.03166106 0.32307777 -0.30490580
v -0.04349968 0.31155261 -0.30626157
v -0.09819684 0.31232959 -0.30532038
v -0.10108400 0.32253999 -0.30582201
v -0.15301025 0.28583539 -0.30414501
v -0.13972625 0.29526499 -0.30509651
v -0.14052284 0.28699112 -0.30813468
v -0.14537703 0.30420581 -0.30752805
v -0.15905100 0.01527562 -0.30135712
v -0.18107712 -0.25172383 0.32974756
v -0.05845800 0.29822513 0.30333719
v -0.11698678 0.28571588 0.30933136
v -0.12985356 0.29192820 0.30258062
v -0.13856424 0.27682999 0.30404025
v 0.12803325 -0.27924824 -0.32494399
v -0.16821320 0.23548564 0.30207038
v -0.15834306 0.22894913 -0.32177868
v -0.08255838 -0.28202149 -0.32900086
v -0.11851634 0.30017468 -0.31306759
v 0.19258025 0.34168899 -0.39727876
v 0.06637491 0.31910887 -0.32915992
v -0.04473884 0.31500900 -0.32861292
v -0.17965232 -0.24025832 0.14427003
v -0.03623237 0.32067999 -0.32908863
v -0.02314544 0.30913892 -0.32466856
v -0.14198044 0.29681987 -0.32931888
v -0.14164585 0.30596790 -0.32676804
v 0.19522412 -0.33382174 0.32693276
v -0.17890444 0.25539088 -0.31380725
v -0.18086468 0.20350154 -0.31172302
v -0.18139969 0.20911500 -0.32129428
v -0.16768625 0.25288606 -0.30431825
v -0.15962484 0.25878519 -0.30610681
v -0.19739901 0.34007451 -0.20969650
v -0.20159969 0.33025324 -0.17533481
v -0.20112485 0.33596084 -0.11669056
v -0.19786049 0.33560026 -0.04655725
v -0.16619544 -0.12317016 0.19623494
v 0.18839838 -0.34043425 0.30219606
v -0.17073300 0.22798251 0.32730249
v 0.19105563 -0.34159374 0.29513663
v -0.07344513 0.32446206 0.40041050
v -0.05577375 -0.30865654 -0.29914424
v -0.15592681 0.10714175 0.30494419
v 0.19852550 0.31688201 0.37062651
v 0.19932863 0.32227439 0.28249511
v 0.19733512 0.33561867 0.07921313
v 0.19773738 0.34511849 -0.31044337
v -0.17934594 0.23453481 0.31850442
v -0.05895025 0.29967326 0.32812700
v -0.18333963 -0.27875364 0.30012113
v -0.19734100 -0.31996250 0.31880599
v -0.07050561 0.29370907 0.32424104
v -0.13587700 -0.26896799 0.31215200
v -0.13525350 -0.26822400 0.31310901
v -0.13669400 -0.26924849 0.31271049
v -0.13804500 -0.27108899 0.31311649
v -0.19134700 -0.30940300 0.30173701
v -0.19574051 -0.30834800 0.30122951
v -0.14716725 -0.26569676 0.31227249
v 0.14460878 0.32374388 0.04537811
v -0.15670051 0.23141338 0.31315726
v -0.19267800 -0.31903300 0.33362901
v -0.17643476 -0.22916976 0.28303126
v -0.14988551 -0.25657001 0.31256726
v -0.15022150 -0.25723550 0.31236401
v -0.15092675 -0.25840524 0.31319299
v -0.16201444 0.22672588 0.30493799
v -0.14298800 -0.24758901 0.31246901
v -0.18639199 0.16259375 0.32041150
v 0.03613828 0.29977229 0.32785106
v -0.13737062 0.29534155 0.30687436
v -0.02856900 0.29700100 0.30367801
v -0.16601987 0.27081600 0.31195331
v -0.01113134 0.30710387 0.30366907
v -0.10516956 0.28983876 0.32138151
v -0.12854429 0.28050235 0.32287577
v 0.02091195 0.29540926 0.30571467
v -0.13232000 -0.27581999 0.31189999
v 0.16623500 -0.30826312 -0.32720888
v -0.18655160 0.14711456 0.30367887
v 0.19585600 -0.30499950 -0.32714751
v -0.12060200 -0.26834401 0.31219101
v -0.11544700 -0.26830301 0.31215400
v -0.11711800 -0.26785401 0.31309450
v -0.11830100 -0.26852599 0.31321701
v -0.18579122 0.07133650 0.30160680
v -0.18537788 -0.03894556 0.30175066
v -0.15743007 -0.00137769 0.32903957
v -0.17736900 -0.23770012 0.27495739
v -0.18448199 -0.21072200 0.30104899
v -0.11590950 -0.27660251 0.31222549
v -0.11661950 -0.27500150 0.31189451
v -0.11378400 -0.27441499 0.31188500
v -0.18659250 0.16107900 0.30706701
v 0.00239542 0.29926059 0.30343622
v -0.15744713 0.23350425 0.31923637
v -0.15371919 0.25737613 0.30410206
v -0.09058262 0.29312301 0.30707407
v -0.09125011 0.29011214 0.31490347
v -0.10379750 -0.27568549 0.31267601
v -0.14929250 -0.25497350 0.31323451
v -0.05982681 0.30846581 0.32648507
v -0.14299700 -0.26101500 0.31246999
v -0.14980200 -0.26227400 0.31231701
v -0.15241487 0.28307825 0.30683669
v -0.14804401 -0.26324150 0.31242800
v -0.14640650 -0.26243299 0.31272301
v -0.14604600 -0.26315349 0.31288850
v -0.10848400 -0.27061799 0.31272799
v -0.10903600 -0.27062699 0.31217399
v -0.10875200 -0.27041200 0.31196299
v -0.14971088 0.28880674 0.31963745
v -0.15342313 0.27969271 0.32439929
v -0.14562701 -0.27239200 0.31305400
v -0.14623500 -0.27245700 0.31219351
v -0.14424875 -0.27087674 0.31286901
v -0.15136750 0.27174601 0.32771200
v -0.14924972 -0.30923876 0.32724833
v -0.13816801 -0.27195701 0.31303200
v -0.13783599 -0.27180099 0.31215250
v -0.13524875 -0.27158076 0.31294200
v -0.13450162 -0.27257901 0.31223100
v -0.13426951 -0.27493700 0.31262249
v -0.13297801 -0.27518201 0.31253701
v -0.13397799 -0.27443701 0.31260401
v -0.16341713 0.31402570 0.34768602
v -0.11728450 -0.27531049 0.31282151
v -0.11575600 -0.27375501 0.31192899
v -0.11597500 -0.27361900 0.31226799
v -0.11577300 -0.27352801 0.31197599
v -0.13037200 -0.27676299 0.31185749
v -0.13458049 -0.27925187 0.30039901
v -0.10985000 -0.27441150 0.31178251
v -0.11042050 -0.27453101 0.31225151
v -0.11097000 -0.27529201 0.31185299
v -0.10871700 -0.27346399 0.31191999
v -0.10632600 -0.27279499 0.31273100
v -0.10559225 -0.27215424 0.31275499
v -0.10461900 -0.27161601 0.31202900
v -0.10524300 -0.27150950 0.31241599
v -0.10568350 -0.27179000 0.31205049
v -0.14952450 0.29079449 0.31429899
v -0.09922650 -0.27545649 0.31264701
v -0.09772400 -0.27548200 0.31168601
v -0.09894700 -0.27743900 0.31205800
v -0.09848750 -0.27728701 0.31204349
v 0.19445950 -0.30721250 -0.29683149
v 0.16807562 -0.31083363 -0.29831088
v 0.12349918 -0.28165033 -0.32715234
v -0.10083082 -0.27974075 0.29896924
v 0.03410203 -0.30781677 -0.29837537
v -0.14880300 -0.25455999 -0.31502700
v -0.14900400 -0.25436899 -0.31583899
v -0.14902100 -0.25423300 -0.31599101
v -0.12100900 0.30242100 0.32511801
v -0.14669500 -0.25322700 -0.31497100
v -0.13863900 -0.25281599 -0.31523699
v -0.12091950 -0.30954751 0.30052999
v -0.19721088 -0.34587875 -0.32089913
v -0.19099250 -0.32342151 -0.33169299
v -0.19208600 -0.32304275 -0.33189175
v -0.19312599 -0.32277599 -0.33082300
v -0.09594000 -0.27963701 -0.31364101
v -0.06464063 -0.30704907 0.32743624
v -0.11621500 -0.27019700 -0.31476000
v -0.14858100 -0.27449900 -0.31473699
v -0.18349101 -0.28126001 -0.32999900
v -0.13878000 -0.25229800 -0.31606600
v -0.13400149 -0.25037500 -0.31477699
v -0.14467700 -0.24151351 -0.31638750
v -0.14584699 -0.24269500 -0.31536201
v -0.14527375 -0.24316651 -0.31559274
v -0.14634299 -0.24284400 -0.31643701
v -0.14836700 -0.24175650 -0.31648150
v -0.15112925 -0.24304925 -0.31563351
v -0.15189600 -0.24394600 -0.31607801
v -0.15095600 -0.24672000 -0.31528199
v 0.00241825 -0.30941749 0.32244149
v -0.18495558 -0.19582568 -0.32944834
v -0.15557012 -0.17956656 -0.30207983
v -0.15602024 -0.03228067 -0.30281979
v -0.15791924 -0.07427081 -0.30097336
v -0.11714500 -0.27201501 -0.31553301
v -0.11720300 -0.27197501 -0.31567299
v 0.18614888 0.33661219 -0.39374611
v -0.11716600 -0.27194700 -0.31574401
v -0.11608400 -0.27063799 -0.31579500
v 0.17662266 0.33629581 -0.38293159
v -0.18361337 -0.03986331 -0.30147231
v 0.15491484 0.33582324 -0.38529536
v 0.12704372 0.33506054 -0.37533256
v 0.06229643 0.33450985 -0.38652766
v 0.13392571 -0.27858654 0.31171262
v 0.04128270 0.33415523 -0.38387352
v 0.00930352 0.33372277 -0.38027087
v -0.15603456 0.09996297 -0.30345559
v 0.02775699 0.33354354 -0.36851084
v -0.15832987 0.13311125 -0.30187124
v -0.11279500 -0.27630600 -0.31561700
v -0.11578300 -0.27757800 -0.31568301
v 0.06129387 0.32395217 -0.32891470
v -0.06453664 0.33322039 -0.38496369
v -0.15596074 0.15572532 -0.30362713
v -0.18611938 0.14078012 -0.31546950
v 0.08273475 0.32542601 -0.30503899
v 0.01979725 0.32166025 -0.32916349
v -0.18587913 0.15187894 -0.30517912
v -0.11726180 0.33261701 -0.37775671
v -0.18215741 0.18915932 -0.31674263
v -0.15737969 0.19856925 -0.31504360
v -0.17866710 0.19531718 -0.32572153
v -0.16668449 0.21919675 -0.32901412
v -0.17603804 0.22362925 -0.32781765
v -0.15085645 0.33287480 -0.38552353
v 0.00604163 0.31445095 -0.30472195
v -0.15709551 0.23466082 -0.31567132
v -0.09660800 -0.27727199 -0.31560400
v -0.15829450 0.24375565 -0.31083542
v -0.09587085 0.31046394 -0.32622147
v -0.09989853 0.30545586 -0.31503919
v -0.14686655 0.33229810 -0.36711568
v -0.11645388 0.30201700 -0.32333076
v -0.17769805 0.23332877 -0.30790970
v -0.15125246 0.26599985 -0.31203064
v -0.17044400 0.27592474 -0.32385024
v -0.16378744 0.29082707 -0.32011873
v -0.16808863 0.28265858 -0.31144717
v -0.13090400 0.31525299 -0.30772799
v -0.13637125 0.31599924 -0.31365350
v -0.17286989 0.26479459 -0.30830705
v -0.15915015 0.28357956 -0.32810745
v -0.15561301 0.25375259 -0.32062700
v -0.19306201 0.32726026 0.31553274
v -0.16154988 0.25523287 -0.32784426
v -0.18144447 0.22789516 -0.32120964
v -0.16008459 0.19940297 -0.30906981
v -0.18578966 0.17233576 -0.31409985
v -0.19853681 0.13954756 -0.30142513
v -0.19026050 0.14687800 -0.32162550
v -0.18392099 0.08863825 -0.33179525
v 0.10630582 0.33517173 -0.38917595
v -0.18543006 0.02965750 -0.33022594
v -0.10322700 -0.27163300 0.31285700
v -0.09939950 -0.26948300 0.31289050
v -0.10214600 -0.27204400 0.31285301
v -0.10704300 -0.27235401 0.31192800
v -0.10791200 -0.27425799 0.31198999
v -0.10908650 -0.27441925 0.31277251
v -0.10811500 -0.27446601 0.31214800
v -0.15690801 -0.10092400 -0.33052900
v -0.16959649 -0.30947801 0.31268576
v -0.13449000 -0.27359700 0.31254700
v -0.13514701 -0.27294099 0.31231901
v -0.17704654 -0.23119567 -0.27807298
v -0.13528700 -0.26694900 0.31265801
v -0.14783899 -0.26793900 0.31229699
v -0.14934801 -0.26845399 0.31288999
v -0.14913000 -0.26845300 0.31311500
v -0.14934400 -0.26844299 0.31287500
v -0.15071250 -0.26836300 0.31244501
v 0.20270188 -0.28230575 -0.32650951
v -0.14939800 -0.26836801 0.31259701
v -0.14954799 -0.26846600 0.31283700
v -0.14940625 -0.26133126 -0.31570825
v -0.14814900 -0.25857800 -0.31588599
v -0.14909001 -0.25883001 -0.31571400
v -0.14804100 -0.25751001 -0.31486401
v -0.14662850 -0.25897351 -0.31499749
v -0.14549750 -0.25744000 -0.31495851
v -0.14547725 -0.25828925 -0.31567401
v -0.14276551 -0.25332776 -0.31606826
v -0.16443150 -0.30867425 -0.29992625
v -0.11489100 -0.27018401 -0.31578499
v -0.11433150 -0.26954901 -0.31484801
v -0.11468900 -0.26905599 -0.31513599
v -0.17035550 -0.33574650 -0.30496600
v -0.10032900 -0.27643499 -0.31577301
v -0.09924900 -0.27769250 -0.31574649
v -0.10010100 -0.27765599 -0.31508401
v -0.18828550 -0.34529650 -0.33091474
v 0.17828947 -0.29766929 -0.29706016
v 0.13506350 -0.31132525 -0.32563356
v -0.18226495 -0.20718919 0.32917130
v -0.16971196 0.26271978 0.31983063
v -0.13012694 0.27597091 0.31290677
v -0.15103094 0.25281039 0.30892006
v -0.17736600 0.24730475 0.31441224
v -0.02271466 -0.27962086 -0.32658559
v -0.14837550 -0.31034049 -0.32789549
v -0.11476600 -0.27076200 -0.31484699
v -0.11676300 -0.27195099 -0.31512401
v -0.11700500 -0.27203801 -0.31547701
v -0.14926350 -0.26921099 0.31212050
v -0.14860600 -0.27234051 -0.31539050
v -0.14979801 -0.27171701 -0.31462401
v -0.15498149 -0.27515900 -0.31396151
v -0.18787999 -0.30981100 -0.30073401
v -0.14826350 -0.25585350 -0.31503099
v -0.14903100 -0.25426501 -0.31599599
v -0.14999001 -0.25549099 -0.31511101
v -0.14997500 -0.25523201 -0.31596500
v -0.13125101 -0.27598301 0.31189099
v -0.12968300 -0.27566099 0.31227851
v -0.11054100 -0.27170399 0.31193399
v -0.11065300 -0.27142900 0.31192899
v -0.10903338 -0.27159238 0.31288162
v -0.10920400 -0.27042300 0.31197000
v -0.10916100 -0.27042100 0.31196100
v 0.08282700 0.31108299 -0.32521099
v 0.19548550 0.34195501 -0.14999950
v -0.15759137 0.29910213 -0.31502926
v 0.05334483 0.33860895 -0.11605026
v 0.02653550 -0.28159949 0.29613000
v -0.03804175 0.32504049 -0.32757524
v -0.19426601 -0.32218099 -0.33147299
v -0.09979100 -0.27894849 -0.31476700
v -0.09838300 -0.27462399 0.31194800
v -0.09885213 -0.27615100 0.31255299
v -0.09891200 -0.27551699 0.31175300
v -0.10109400 -0.27771899 0.31251800
v -0.10196000 -0.27761501 0.31241500
v -0.10111250 -0.27511850 0.31265250
v -0.10251700 -0.27626401 0.31169599
v -0.10238900 -0.27772501 0.31246999
v -0.10397700 -0.27763700 0.31254900
v -0.09889800 -0.27298501 0.31267899
v -0.10743600 -0.27677399 -0.31558201
v -0.10873300 -0.27624100 -0.31562501
v -0.11858600 -0.27374700 0.31280801
v -0.11753900 -0.27440301 0.31287500
v -0.11814100 -0.27079600 0.31279501
v -0.13433300 -0.26740199 0.31233001
v -0.11011900 -0.27366999 -0.31490600
v -0.11436950 -0.27679700 -0.31482849
v -0.13613801 -0.26666650 0.31294200
v -0.12356850 -0.27605051 -0.31553999
v -0.11916100 -0.26707101 -0.31484300
v -0.15484101 -0.15595651 0.30129001
v -0.18350175 -0.24000426 -0.33034676
v -0.15460201 -0.24532500 -0.31630400
v -0.15355650 -0.24497201 -0.31599101
v -0.14603400 -0.26000401 -0.31524700
v -0.14414901 -0.25894201 -0.31569499
v -0.14332099 -0.27835000 -0.31463599
v -0.12177700 -0.27685300 -0.31547499
v -0.12175300 -0.27680299 -0.31518599
v -0.12177900 -0.27683899 -0.31547299
v -0.12171200 -0.27678901 -0.31520101
v -0.12199000 -0.27129701 -0.31592301
v -0.15679000 -0.28167099 -0.32972401
v -0.14917500 -0.25621501 -0.31547001
v -0.14975099 -0.25664800 -0.31509200
v -0.14953300 -0.25708601 -0.31584999
v -0.15065899 -0.25727400 -0.31583899
v -0.14941300 -0.26840299 0.31238499
v -0.14506450 -0.26560250 0.31218424
v -0.16949800 0.25382099 0.30461699
v -0.14410400 -0.26279500 0.31235799
v -0.15806100 -0.27024099 -0.29991701
v -0.17646100 0.21678650 0.30388874
v -0.17936943 0.23080732 0.30894843
v -0.16086431 0.22766857 0.32372594
v -0.10650400 -0.27343050 0.31273100
v -0.10080550 -0.27706900 -0.31481901
v -0.10218300 -0.27657899 -0.31577900
v -0.14335650 -0.27592951 -0.31550851
v -0.14355700 -0.27610499 -0.31475100
v -0.14624575 -0.25080851 0.31253201
v -0.14920400 -0.25069800 0.31346101
v -0.14842600 -0.27226299 0.31236300
v -0.14876050 -0.27317750 0.31296301
v -0.11922650 -0.26612201 0.31311050
v -0.12015800 -0.26715201 0.31222600
v -0.11998550 -0.26550701 0.31213999
v -0.00998600 0.34660050 -0.39777851
v -0.06105200 0.34481901 -0.40035099
v -0.21213225 0.15150450 -0.30588150
v -0.16205779 0.28326008 -0.30668718
v -0.13629700 0.31630301 -0.32145399
v -0.11394300 -0.27280650 0.31257999
v -0.17271826 -0.33400711 0.32969838
v -0.12613501 -0.27732950 0.31179550
v -0.13089700 -0.27549601 0.31212100
v -0.13106300 -0.27598301 0.31192601
v -0.13102800 -0.27608499 0.31196001
v -0.13870400 -0.27208999 0.31302601
v -0.14175600 -0.27396300 0.31279850
v -0.14414150 -0.27482250 0.31225601
v -0.14364450 -0.27499050 0.31240401
v -0.13529000 -0.26687601 0.31264201
v -0.13608401 -0.26652500 0.31271800
v -0.14610000 -0.27384701 0.31302401
v -0.14741425 -0.27364874 0.31230250
v -0.14953050 -0.27457449 0.31240401
v -0.14943451 -0.27453700 0.31294999
v -0.15037701 -0.27525201 0.31301701
v -0.15222150 -0.27539051 0.31220999
v -0.14540100 -0.24133600 -0.31570199
v -0.14560300 -0.24103899 -0.31552801
v -0.14390500 -0.24482501 -0.31582600
v -0.14501700 -0.24947400 -0.31480199
v -0.14343201 -0.24758101 -0.31580999
v -0.14556500 -0.26074100 -0.31524599
v -0.14451800 -0.26171401 -0.31511399
v -0.14448500 -0.26126200 -0.31546199
v -0.14330000 -0.26036999 -0.31562001
v -0.14370701 -0.26219100 -0.31545499
v -0.15280201 -0.27535400 -0.31527451
v -0.15068351 -0.27441201 -0.31497949
v -0.15015399 -0.27438301 -0.31454101
v -0.14406700 -0.27569199 -0.31470501
v -0.09615600 -0.31037599 -0.30102900
v -0.20250601 -0.31913799 -0.32116300
v -0.11500500 -0.27704501 -0.31476599
v -0.11104725 -0.27436176 -0.31575701
v -0.10906100 -0.27338400 -0.31574300
v -0.11064100 -0.27504149 -0.31471300
v -0.10897300 -0.27300000 -0.31537199
v -0.10845850 -0.27244851 -0.31559950
v 0.19806001 -0.34865701 -0.30616951
v -0.15036599 -0.25887299 0.31266001
v -0.11123800 -0.27641201 -0.31555799
v -0.13677201 -0.27410701 0.31262600
v -0.13476600 -0.27308899 0.31281501
v -0.11551300 -0.27168199 -0.31573999
v -0.11616400 -0.27301800 -0.31566900
v -0.13506401 -0.27548626 0.31192049
v -0.11721900 -0.27160400 0.31243700
v -0.11555800 -0.27071801 0.31209999
v -0.14968599 -0.25826299 -0.31500700
v -0.15270300 -0.26057851 -0.31554151
v -0.15158500 -0.25964999 -0.31481600
v -0.15303899 -0.26032600 -0.31567901
v -0.14591800 -0.24302000 -0.31636599
v -0.14335699 -0.24571100 -0.31627899
v -0.14629699 -0.26451999 -0.31491601
v -0.15366487 0.30092600 -0.32294229
v -0.09504375 0.33037075 -0.29646674
v -0.09763100 -0.27823600 -0.31548601
v -0.19039275 -0.34519425 0.31124625
v -0.14708599 -0.25920799 -0.31571200
v -0.14818600 -0.26395801 -0.31543699
v -0.15038200 -0.26480600 -0.31479099
v -0.14874700 -0.26867700 -0.31577599
v -0.14853600 -0.27173901 -0.31462300
v -0.11987300 -0.26746699 0.31256849
v -0.10700200 -0.27119899 -0.31472600
v -0.14794950 -0.26147649 0.31255901
v -0.14897950 -0.26243401 0.31290051
v -0.14806700 -0.27502999 0.31207299
v -0.14821500 -0.27516600 0.31242800
v -0.14647400 -0.27405700 0.31229201
v -0.19918500 -0.32026151 0.31992999
v -0.11478800 -0.26860201 0.31307101
v -0.13402650 -0.27656800 0.31276649
v -0.13788299 -0.27325401 0.31211799
v -0.13527399 -0.27001399 0.31267399
v -0.13534001 -0.27008000 0.31258801
v -0.13704599 -0.27164000 0.31268701
v -0.10362200 -0.27728400 -0.31562200
v -0.14610501 -0.27231899 0.31296799
v -0.10577600 -0.27080500 -0.31582099
v -0.11259000 -0.27060500 -0.31488100
v -0.11248200 -0.26944101 -0.31482449
v -0.11042900 -0.26735201 -0.31476301
v -0.11088450 -0.26805300 -0.31547549
v -0.14866249 -0.25718150 -0.31565151
v -0.14857700 -0.25722399 -0.31571299
v -0.15084450 -0.25582799 -0.31512901
v -0.14879000 -0.24493350 -0.31582251
v -0.18560137 -0.12983012 -0.30986780
v -0.14670800 -0.26233399 0.31244600
v -0.11306000 -0.27611101 0.31268701
v -0.11416650 -0.27620199 0.31183451
v -0.15293600 -0.26173249 -0.31533349
v -0.14995500 -0.26008701 -0.31511000
v -0.15350799 -0.27039099 -0.31558201
v -0.12861800 -0.27761099 -0.31546500
v -0.12686400 -0.27691799 -0.31538901
v -0.12688400 -0.27671000 -0.31546500
v -0.12705800 -0.27680001 -0.31542999
v -0.12685300 -0.27666301 -0.31539500
v -0.12771200 -0.27846000 -0.31533200
v -0.12751400 -0.27732599 -0.31540900
v -0.12773100 -0.27788001 -0.31529200
v -0.12397600 -0.27753451 0.31251800
v -0.10159900 -0.27738801 0.31155899
v -0.10478600 -0.27526200 0.31173000
v -0.10540900 -0.27549401 0.31170100
v -0.09965000 -0.27245200 0.31262100
v -0.10005100 -0.27236399 0.31277099
v -0.10045800 -0.27275699 0.31192699
v -0.10113500 -0.27306801 0.31267500
v -0.11204500 -0.27566901 0.31211600
v -0.11143000 -0.26952800 0.31204799
v -0.11398000 -0.26671699 0.31291801
v -0.11393200 -0.26660401 0.31238401
v -0.11399000 -0.26660800 0.31228000
v -0.11402300 -0.26670200 0.31262001
v -0.11644900 -0.26717001 0.31214401
v -0.15096100 -0.25762400 0.31304201
v -0.13576201 -0.26644501 0.31299299
v -0.14796700 -0.26038900 0.31238699
v -0.11484600 -0.27298900 0.31205201
v -0.18439269 -0.23822844 0.31729099
v -0.13924500 -0.27096301 0.31228900
v -0.17852449 0.22098425 0.32258999
v -0.14503001 -0.24379499 -0.31584799
v -0.14509401 -0.24382800 -0.31629899
v -0.14384399 -0.24273400 -0.31633899
v -0.14315800 -0.24379700 -0.31530300
v -0.11987100 -0.26432601 -0.31560400
v -0.10576100 -0.27078500 -0.31552300
v -0.10575600 -0.27077201 -0.31552300
v -0.16875400 -0.31028000 -0.31483999
v -0.14300901 -0.26257899 0.31251800
v -0.14265300 -0.26092300 0.31263500
v -0.18593550 0.12101988 0.31677824
v -0.09850602 0.32726467 0.30261028
v -0.15562017 0.33035737 0.16397749
v 0.15943426 0.32991406 0.27680323
v -0.04897326 0.33027795 0.17470723
v 0.01205019 0.33016223 0.19679624
v 0.07757758 0.33101657 0.18755183
v -0.08334012 0.34265083 -0.29285604
v -0.01980618 0.33304557 0.06621130
v 0.09831505 0.34130868 -0.18839653
v 0.01262758 0.33973613 -0.17205569
v -0.16847675 -0.22302559 0.06426910
v 0.06139515 0.33458698 0.03693487
v -0.10272800 -0.27540800 0.31177700
v -0.10664000 -0.27232999 0.31197301
v -0.11464000 -0.27575499 0.31277600
v -0.11193900 -0.27567801 0.31268701
v -0.11398500 -0.26759401 0.31305051
v -0.11639800 -0.26894301 0.31310701
v -0.13453200 -0.27406001 0.31244999
v -0.13491000 -0.26998299 0.31303701
v -0.14798500 -0.27211699 0.31294399
v 0.05097845 0.34387782 -0.29559645
v -0.13674200 -0.26640999 0.31307700
v -0.15007301 -0.27034000 0.31244099
v -0.14918000 -0.26831701 0.31264901
v -0.14538699 -0.26314601 0.31232101
v -0.14001399 -0.24992099 0.31261301
v -0.13844100 -0.24789099 0.31245199
v -0.14028201 -0.24759500 0.31251401
v -0.14032200 -0.24732700 0.31249499
v -0.14038400 -0.24756600 0.31252801
v -0.14135700 -0.24766700 0.31252900
v -0.13928100 -0.24688099 0.31243199
v -0.13955900 -0.24722600 0.31246600
v -0.13954499 -0.24728900 0.31246999
v -0.13920800 -0.24913700 0.31250399
v -0.13939901 -0.24729800 0.31245899
v -0.15014400 -0.25543600 0.31305999
v -0.14004700 -0.24717100 0.31247601
v -0.14105301 -0.24711400 0.31248000
v -0.14109001 -0.24719800 0.31249699
v -0.14260900 -0.24774300 0.31258100
v -0.14088900 -0.24722099 0.31250000
v -0.14343201 -0.24741000 0.31253499
v -0.14060000 -0.24608500 0.31238201
v 0.14622582 0.33236796 0.17001906
v -0.16846916 -0.20823154 -0.09034047
v -0.13641645 0.33194575 0.09638905
v 0.05413523 0.32903126 0.26092142
v -0.12549581 0.32868788 0.23357637
v -0.15075400 -0.24631301 -0.31637201
v -0.14432600 -0.24194300 -0.31579000
v -0.14518100 -0.24395400 -0.31591901
v -0.15114200 -0.26382899 -0.31482899
v -0.14529100 -0.26084501 -0.31555700
v -0.14821599 -0.26476100 -0.31496701
v -0.14696550 -0.26155451 -0.31563249
v -0.11966900 -0.26735500 -0.31566799
v -0.12752201 -0.27786699 -0.31527501
v -0.12675500 -0.27682301 -0.31548300
v -0.12612300 -0.27728900 -0.31529900
v -0.10566600 -0.27080601 -0.31520900
v -0.10713000 -0.27579099 -0.31571001
v -0.10029000 -0.27773699 -0.31492499
v -0.19395299 -0.32222301 -0.33129501
f 14 15 17
f 4 52 5
f 41 518 519
f 91 711 964
f 565 536 12
f 802 478 470
f 90 574 94
f 94 93 92
f 575 90 92
f 574 92 855
f 1476 114 1577
f 89 97 577
f 98 576 99
f 98 938 97
f 103 112 101
f 109 1563 106
f 110 111 865
f 123 1048 887
f 122 1799 121
f 121 124 122
f 693 467 125
f 1801 126 1069
f 696 932 895
f 1539 133 1256
f 409 133 135
f 931 134 133
f 1805 409 135
f 1256 1245 138
f 1245 931 138
f 931 136 1806
f 1246 137 532
f 532 137 1806
f 138 537 408
f 1244 537 136
f 1244 1246 1807
f 140 404 1807
f 1811 535 1533
f 1199 142 1247
f 1199 143 1816
f 143 905 1816
f 144 145 904
f 541 145 144
f 693 125 882
f 1817 165 1589
f 1817 164 165
f 165 164 1818
f 1819 169 1854
f 975 169 167
f 170 172 1930
f 171 1819 167
f 1249 169 172
f 173 1854 1249
f 173 1082 1854
f 174 1820 171
f 171 1821 172
f 1163 1993 1855
f 1825 1153 1155
f 1155 1153 180
f 1855 742 1823
f 181 1824 1153
f 185 1715 189
f 1827 186 184
f 186 1828 184
f 186 1713 1828
f 1829 1828 1713
f 187 1713 188
f 195 196 429
f 1836 1310 420
f 1834 420 204
f 420 1834 205
f 420 1310 204
f 1834 204 428
f 723 1251 726
f 667 724 726
f 168 1582 1409
f 441 187 190
f 384 381 230
f 292 339 280
f 297 292 298
f 299 295 289
f 304 300 290
f 312 311 334
f 308 297 298
f 302 307 336
f 278 679 277
f 348 637 354
f 527 842 362
f 375 372 376
f 830 375 376
f 375 830 626
f 388 154 1485
f 542 685 925
f 927 913 542
f 927 542 392
f 927 392 912
f 394 393 392
f 929 394 392
f 611 393 1015
f 396 220 221
f 904 404 140
f 1246 532 903
f 532 409 138
f 408 1256 409
f 1076 414 603
f 1836 1841 419
f 51 505 548
f 1841 1836 420
f 1539 1541 436
f 1671 1544 1843
f 1259 1619 423
f 204 430 428
f 1605 1602 1603
f 1844 1845 1605
f 1605 1845 734
f 1145 1259 1845
f 1145 1257 1259
f 434 700 435
f 699 700 434
f 1874 435 1258
f 1258 435 436
f 1846 698 1258
f 698 1846 1874
f 1260 437 1755
f 1274 437 1260
f 1541 1497 1543
f 1262 820 1763
f 1261 820 1262
f 572 1261 1262
f 1786 820 440
f 820 1786 572
f 435 1550 127
f 1069 1905 444
f 447 446 1847
f 1848 1194 1350
f 1848 1350 1193
f 1350 1502 448
f 818 451 178
f 1773 1772 819
f 747 453 1894
f 1894 453 176
f 994 163 458
f 465 97 118
f 851 474 398
f 476 1282 482
f 64 264 54
f 497 796 59
f 957 54 269
f 957 75 54
f 18 3 16
f 520 949 10
f 32 528 953
f 11 105 29
f 14 16 5
f 1311 515 17
f 503 549 248
f 564 565 36
f 564 4 565
f 564 39 4
f 779 487 80
f 93 573 939
f 573 575 95
f 95 575 92
f 92 574 95
f 89 90 94
f 550 469 761
f 465 709 119
f 994 1267 758
f 457 755 456
f 705 498 128
f 1115 1575 1688
f 745 590 589
f 1285 589 588
f 1285 1861 1862
f 588 1861 1285
f 588 744 1861
f 186 442 1713
f 510 1865 1792
f 1792 1791 1501
f 1791 1792 1865
f 444 513 1339
f 978 438 1207
f 227 570 1454
f 198 208 207
f 417 986 415
f 423 419 200
f 1841 601 1747
f 410 603 414
f 211 1858 1582
f 1061 142 613
f 613 142 1775
f 1522 1777 1287
f 611 1963 1527
f 614 612 1525
f 1478 613 611
f 1058 615 616
f 614 1523 390
f 1523 1058 1868
f 1523 618 617
f 1523 393 618
f 1056 1520 554
f 1243 367 624
f 351 640 641
f 272 1455 911
f 336 295 302
f 1493 303 1514
f 654 655 650
f 256 664 663
f 666 665 662
f 673 671 670
f 288 815 674
f 1574 259 1041
f 606 686 685
f 1337 685 686
f 685 1712 1112
f 687 906 140
f 904 687 144
f 903 141 140
f 1813 904 143
f 903 535 141
f 404 1871 1812
f 1812 1871 688
f 689 691 1299
f 1299 690 1871
f 690 1811 689
f 690 691 141
f 692 1299 1871
f 1300 513 1196
f 896 930 433
f 930 140 696
f 699 434 697
f 933 700 697
f 132 697 700
f 699 433 895
f 421 1070 439
f 1263 447 1848
f 114 1476 1477
f 727 232 237
f 448 1263 1193
f 1793 1300 510
f 594 1793 510
f 694 384 718
f 526 1060 1110
f 408 530 532
f 1256 407 535
f 719 214 406
f 532 537 535
f 210 399 720
f 535 537 1256
f 723 724 721
f 725 721 1879
f 725 1746 721
f 726 1747 725
f 604 198 197
f 1304 425 198
f 198 199 1304
f 1885 731 596
f 428 1844 1692
f 1692 732 428
f 1584 733 1233
f 734 1228 730
f 583 737 736
f 1250 193 441
f 190 1830 441
f 441 745 740
f 739 740 186
f 740 739 442
f 741 742 743
f 1855 743 742
f 743 1855 441
f 1861 746 1994
f 1306 744 1683
f 1862 590 1993
f 1283 746 1683
f 1991 587 454
f 588 1862 176
f 588 176 587
f 1895 1685 1683
f 1283 747 746
f 1683 454 819
f 1307 1684 1887
f 1887 1886 1307
f 1887 1686 1886
f 945 749 1717
f 945 1849 750
f 752 944 751
f 753 752 819
f 753 1267 1308
f 1888 174 456
f 456 1308 754
f 1596 755 756
f 1596 757 174
f 1596 174 755
f 361 246 980
f 554 1787 1788
f 159 1787 1019
f 39 52 36
f 36 565 39
f 1020 554 1788
f 481 87 411
f 246 706 980
f 59 69 1657
f 32 953 38
f 500 488 58
f 798 65 497
f 50 269 48
f 50 65 269
f 1273 56 248
f 1261 572 188
f 572 184 188
f 190 184 572
f 790 50 791
f 190 572 1786
f 1785 188 440
f 193 1785 440
f 803 1161 83
f 528 531 20
f 437 1768 734
f 1171 806 809
f 108 1459 811
f 809 1322 1171
f 1000 70 53
f 53 29 31
f 53 70 29
f 1182 1267 1174
f 174 175 755
f 752 754 946
f 1719 946 1888
f 946 754 174
f 755 1720 754
f 1720 1307 946
f 454 176 747
f 819 454 747
f 819 1894 1850
f 1894 819 747
f 1685 1895 1283
f 1147 1896 186
f 186 1896 588
f 454 971 189
f 1763 1321 1262
f 1901 1898 1998
f 1998 1898 1900
f 1998 1242 1901
f 1242 1998 1260
f 738 1998 1997
f 1260 1049 1274
f 624 235 717
f 379 235 376
f 243 629 364
f 244 632 362
f 340 244 362
f 420 725 601
f 602 1836 601
f 639 410 415
f 296 674 332
f 290 296 304
f 327 271 833
f 724 667 1251
f 229 114 849
f 114 229 1577
f 1188 1187 1189
f 1744 1743 1519
f 1912 1519 1187
f 1188 1912 864
f 1188 864 863
f 1188 1184 868
f 866 867 868
f 864 868 867
f 872 869 867
f 1329 870 1907
f 1329 871 867
f 1554 464 1048
f 876 875 504
f 876 877 1045
f 477 113 865
f 1663 1359 888
f 1549 1341 1547
f 1547 1341 1923
f 1923 873 1547
f 880 1511 1044
f 1362 880 881
f 504 875 882
f 882 883 1043
f 1043 883 881
f 1332 883 884
f 1724 123 1914
f 886 891 885
f 889 890 886
f 890 891 886
f 1725 885 891
f 594 894 1954
f 1873 894 1503
f 897 895 896
f 930 897 1333
f 1334 498 899
f 1470 498 592
f 416 901 592
f 930 1246 902
f 905 140 426
f 695 902 903
f 906 695 903
f 906 903 905
f 909 149 910
f 912 392 154
f 912 913 1016
f 542 913 912
f 156 907 910
f 608 156 910
f 1975 916 1520
f 1975 682 1336
f 919 682 918
f 1377 917 1484
f 926 392 925
f 392 926 1679
f 1337 1679 925
f 1337 392 1679
f 926 927 912
f 392 928 1061
f 426 140 695
f 930 931 932
f 931 930 136
f 134 136 930
f 1244 136 932
f 933 931 934
f 931 933 135
f 934 932 135
f 1702 630 1428
f 1865 510 1501
f 1799 887 1193
f 119 705 118
f 937 99 101
f 707 1325 681
f 54 268 269
f 16 17 18
f 410 414 415
f 564 36 12
f 1460 1938 634
f 235 379 717
f 378 717 379
f 249 38 502
f 497 59 1657
f 76 56 1232
f 64 54 72
f 652 320 308
f 1128 962 330
f 768 1159 385
f 1928 975 1990
f 1930 1591 975
f 976 1082 975
f 978 1715 450
f 240 729 727
f 1357 1358 981
f 1357 981 1931
f 983 1931 984
f 1931 983 1357
f 1233 982 984
f 450 659 212
f 986 417 600
f 418 1117 995
f 413 600 1117
f 1179 1180 1407
f 406 1179 989
f 48 64 233
f 396 221 704
f 604 639 198
f 406 990 609
f 231 224 1141
f 527 373 961
f 684 764 366
f 1142 220 219
f 103 101 99
f 859 360 634
f 1701 826 631
f 374 624 366
f 244 365 632
f 201 246 42
f 241 764 242
f 830 727 729
f 764 684 242
f 102 110 103
f 998 563 1304
f 1470 899 901
f 1302 1751 1472
f 1475 1925 1539
f 1925 1475 1110
f 608 1334 1470
f 517 1012 516
f 416 517 516
f 1816 426 1199
f 613 1015 929
f 929 1015 1478
f 693 882 155
f 618 542 154
f 1483 389 1484
f 1484 389 1377
f 1484 1017 1920
f 1017 389 682
f 288 337 289
f 434 1150 1874
f 1502 1353 1919
f 1510 1952 879
f 873 1046 1952
f 124 1892 1953
f 122 1048 1512
f 285 282 286
f 1908 872 580
f 1057 1520 917
f 1525 1058 154
f 611 1527 1058
f 537 1534 1533
f 1535 1060 1061
f 516 1012 608
f 934 1066 1538
f 934 133 1805
f 1876 1473 1877
f 1957 1064 1540
f 127 1384 1801
f 444 881 884
f 1151 1667 1048
f 110 865 113
f 717 380 625
f 1563 1074 486
f 1125 1545 977
f 221 395 704
f 403 401 1173
f 1697 1636 211
f 1697 1735 1858
f 1584 1079 1709
f 1606 1079 1584
f 1082 165 991
f 171 1591 1084
f 974 755 1889
f 974 1083 1593
f 860 109 106
f 808 571 1604
f 593 560 633
f 54 49 268
f 255 252 1065
f 67 543 100
f 1669 120 581
f 1109 1666 1782
f 1556 1109 872
f 1665 1666 496
f 1541 1672 1843
f 436 1672 1846
f 899 705 900
f 1386 1754 1302
f 142 1533 1225
f 1112 1337 142
f 1113 1961 685
f 1961 1113 1337
f 393 1338 926
f 1676 1114 1681
f 1114 1682 1678
f 1264 1687 1683
f 1575 1115 1284
f 194 449 1371
f 669 1119 1784
f 1578 210 720
f 261 839 260
f 301 294 647
f 364 624 367
f 1879 723 725
f 423 1753 1833
f 1619 203 202
f 202 420 423
f 600 417 995
f 1145 1710 1144
f 1080 1710 1079
f 1711 432 1144
f 1710 1711 1144
f 1145 1144 1080
f 1679 1712 685
f 188 1146 187
f 740 745 186
f 1717 1573 1149
f 1573 1717 1572
f 1717 1149 1307
f 1720 174 754
f 1550 1150 1069
f 1722 1550 1069
f 882 884 1150
f 887 1048 122
f 1530 1727 1529
f 890 1725 1152
f 1154 1528 1529
f 93 89 855
f 619 383 224
f 1122 358 1123
f 406 989 1180
f 1077 605 989
f 965 431 1355
f 486 106 1563
f 1393 1184 1906
f 1743 1906 1185
f 486 1745 1327
f 1074 1189 1741
f 1741 1189 1519
f 2000 721 1369
f 1369 721 1746
f 1341 1361 1364
f 1349 1195 1354
f 1750 1350 1349
f 594 1317 444
f 143 904 145
f 163 1206 1760
f 174 1265 457
f 1994 1689 1992
f 190 1207 184
f 987 595 429
f 370 240 842
f 1851 753 453
f 972 344 797
f 840 276 839
f 319 318 838
f 292 297 303
f 1536 1050 1216
f 631 826 1498
f 1376 1120 1436
f 824 331 323
f 554 556 1787
f 541 1814 1790
f 1790 1225 1533
f 407 530 535
f 1256 1061 526
f 508 513 594
f 510 1792 444
f 1793 1792 1300
f 1140 622 993
f 98 89 94
f 1161 803 411
f 358 702 1067
f 269 74 957
f 48 264 64
f 31 2 7
f 525 9 10
f 72 557 64
f 574 90 575
f 98 937 101
f 1799 122 123
f 1150 1905 1332
f 1150 1721 1802
f 699 1244 932
f 896 696 1244
f 134 1245 409
f 932 532 1806
f 1199 1247 143
f 834 652 329
f 1819 1854 167
f 1930 171 167
f 171 172 170
f 1819 170 169
f 169 173 1930
f 1930 173 1249
f 1994 1992 181
f 1825 1155 741
f 182 1153 1825
f 590 1855 188
f 181 1993 1861
f 1310 205 204
f 1837 1835 428
f 218 704 222
f 395 396 222
f 296 332 319
f 238 624 374
f 1680 377 829
f 392 393 611
f 704 395 222
f 537 407 408
f 138 408 532
f 1256 138 409
f 1539 1256 1011
f 409 1475 1011
f 418 410 1695
f 1841 1618 1834
f 419 203 1619
f 1875 422 1842
f 1842 422 697
f 1843 436 424
f 1540 424 436
f 1540 1541 1843
f 1079 1692 1844
f 1844 204 1845
f 1257 1845 204
f 436 1846 1258
f 1542 1874 1543
f 437 1259 1755
f 820 1261 1321
f 1321 438 820
f 1848 1193 1263
f 1182 457 1265
f 460 112 103
f 1159 788 1352
f 1175 796 555
f 29 88 31
f 789 992 35
f 333 332 311
f 492 785 780
f 52 567 565
f 93 575 573
f 1554 1552 860
f 580 1151 887
f 550 558 760
f 589 590 1862
f 1117 1072 417
f 995 986 418
f 1747 601 722
f 603 410 418
f 393 612 1015
f 618 154 617
f 830 729 626
f 1022 1289 680
f 727 237 240
f 961 373 372
f 369 373 527
f 1290 1561 1531
f 665 653 662
f 1488 282 291
f 1531 1532 1574
f 687 145 906
f 140 1814 144
f 688 1299 692
f 141 535 690
f 933 435 700
f 699 895 700
f 219 1699 1142
f 604 410 209
f 1879 1251 723
f 168 1784 721
f 1746 1747 2000
f 168 721 1881
f 430 1310 728
f 730 597 731
f 730 1692 1606
f 1250 441 1830
f 1320 1267 1208
f 1862 1993 1163
f 746 1306 1683
f 587 1683 744
f 586 1862 588
f 1163 746 747
f 1163 747 1306
f 747 1862 1306
f 1991 454 1683
f 587 176 748
f 1685 750 1849
f 1685 1849 749
f 1772 750 819
f 1283 1687 1264
f 819 751 946
f 751 819 752
f 753 456 752
f 1182 1308 1267
f 453 753 1265
f 1308 1182 755
f 646 296 290
f 485 1240 804
f 12 36 1459
f 1894 176 454
f 1049 1260 1998
f 236 969 715
f 376 235 830
f 372 368 832
f 1135 1290 1041
f 678 273 1388
f 280 276 840
f 1909 1910 1745
f 1745 1910 1187
f 868 864 1664
f 871 1329 869
f 1330 867 869
f 1892 874 873
f 882 1043 884
f 705 128 118
f 1873 1503 1955
f 498 900 592
f 904 140 906
f 906 905 904
f 913 685 1199
f 912 1016 618
f 389 1336 682
f 926 912 393
f 140 930 902
f 934 931 133
f 446 591 444
f 446 1504 591
f 1353 1503 935
f 936 444 1905
f 940 1343 794
f 225 40 519
f 261 840 839
f 649 848 310
f 674 646 288
f 294 844 647
f 1536 1532 1050
f 758 1084 994
f 1854 171 755
f 974 1854 755
f 1931 1358 984
f 730 1233 597
f 413 1117 417
f 1838 1835 602
f 406 1077 1179
f 199 198 639
f 425 639 604
f 217 720 395
f 764 241 243
f 190 1146 1585
f 439 1670 421
f 1301 1360 523
f 453 1265 176
f 1363 1446 9
f 792 553 28
f 945 944 753
f 1849 945 1851
f 944 946 1773
f 354 1067 348
f 1588 738 177
f 820 1242 738
f 741 441 820
f 820 1367 1897
f 820 1996 1903
f 1903 1900 820
f 47 317 309
f 1370 1076 610
f 194 1372 1222
f 194 1222 1934
f 709 997 517
f 1326 1373 878
f 498 517 997
f 709 94 92
f 1326 1328 1373
f 93 855 92
f 498 483 443
f 461 1374 1267
f 998 1304 199
f 1377 554 1520
f 1378 923 1777
f 1381 1379 1979
f 1382 1378 1522
f 1378 1936 1380
f 159 554 1381
f 1386 1473 1317
f 129 1722 1802
f 444 1317 1473
f 513 1384 1722
f 1722 1069 513
f 1069 444 1384
f 1473 1386 1921
f 1543 1150 1802
f 1843 1544 1540
f 1957 444 1473
f 1388 1389 1410
f 1389 267 1468
f 801 999 1390
f 1391 1390 44
f 1390 1391 801
f 1396 963 1489
f 773 949 17
f 538 14 5
f 565 4 70
f 1 533 1399
f 565 70 1000
f 565 533 536
f 279 809 816
f 841 479 1090
f 1404 841 1090
f 1403 1404 1090
f 621 1403 1405
f 990 406 1180
f 768 511 970
f 236 232 235
f 1410 1411 1396
f 468 767 22
f 743 738 741
f 1003 1421 1422
f 1423 1003 1426
f 1514 303 1496
f 297 959 303
f 983 1768 437
f 1259 1198 1766
f 1637 1629 1635
f 1755 1272 1998
f 1272 1049 1998
f 34 1440 1638
f 1207 1763 572
f 707 227 1454
f 1115 180 1284
f 1155 1115 179
f 1823 179 1822
f 1860 1689 1994
f 1683 1163 1283
f 1683 1994 1163
f 1456 858 898
f 1267 163 1760
f 1083 1759 1267
f 1759 163 1267
f 1083 458 758
f 1458 1926 648
f 356 1026 672
f 1080 981 1230
f 1228 981 1080
f 1233 730 1358
f 1009 275 644
f 839 1135 260
f 151 1469 148
f 899 592 1334
f 592 899 1470
f 1302 1674 1751
f 1474 526 1010
f 526 1539 1925
f 1925 1110 1011
f 1538 1475 1805
f 1477 1476 620
f 899 1872 901
f 517 608 901
f 1378 1777 1522
f 1777 1382 611
f 1382 1522 611
f 923 611 1522
f 929 1478 611
f 394 613 1478
f 200 1274 202
f 906 155 882
f 154 542 912
f 1483 919 917
f 1483 917 1377
f 389 1483 1336
f 919 1483 1484
f 1017 1484 1485
f 919 1485 1018
f 1755 1274 1272
f 1920 682 1485
f 387 1018 682
f 1198 203 1274
f 682 1053 387
f 554 159 556
f 556 159 1020
f 288 646 337
f 1488 291 824
f 848 649 1488
f 319 304 296
f 963 846 301
f 850 310 312
f 845 670 671
f 1455 227 911
f 1846 1497 1150
f 1497 1721 1150
f 1497 1802 1803
f 905 143 145
f 653 655 662
f 687 905 145
f 323 1505 1499
f 1310 1752 1838
f 1757 1027 942
f 114 1477 148
f 1955 1504 447
f 1135 259 260
f 1350 1503 1504
f 1955 1503 1350
f 1502 1504 1955
f 1249 177 1082
f 1317 1315 513
f 513 1315 594
f 508 1300 1315
f 942 325 341
f 1800 1040 460
f 460 1040 1328
f 884 936 1905
f 883 936 126
f 875 877 882
f 1045 877 875
f 881 882 877
f 1045 1044 882
f 1045 875 1044
f 1510 879 881
f 881 1893 1510
f 1510 876 1044
f 874 1952 1510
f 1893 1046 873
f 1511 1046 1893
f 1046 121 1952
f 124 1046 1892
f 124 873 1512
f 1512 1046 124
f 1048 124 121
f 873 124 1048
f 1490 1524 1561
f 936 446 1339
f 1339 1344 936
f 877 1551 1332
f 447 1504 1750
f 1354 446 1349
f 1354 1195 1350
f 1351 1350 1339
f 1353 1195 1351
f 1353 1339 1501
f 1349 1351 1195
f 1350 1750 446
f 446 1354 1350
f 1955 447 1263
f 448 1193 508
f 508 891 890
f 1139 1205 1013
f 467 504 125
f 936 1344 1362
f 1361 1362 883
f 1194 1361 1344
f 1217 1516 1434
f 1193 445 1361
f 1908 580 1186
f 1361 1194 1193
f 872 1908 1907
f 1186 1519 872
f 580 1519 1186
f 1329 1907 1908
f 1193 1341 1364
f 121 1193 1364
f 1341 1193 1194
f 643 344 972
f 682 919 1053
f 1055 554 915
f 1019 915 1020
f 1019 554 1055
f 554 1019 682
f 1057 917 915
f 923 1377 153
f 1484 917 1522
f 207 604 197
f 154 1523 153
f 153 390 616
f 617 153 1523
f 154 616 390
f 1523 154 390
f 390 923 1288
f 923 390 1922
f 151 152 1469
f 641 640 1009
f 154 392 611
f 612 611 1525
f 393 1525 154
f 612 154 611
f 615 1058 1527
f 1287 1526 1522
f 1527 614 1891
f 1891 1522 1526
f 1522 1891 614
f 615 1527 1891
f 259 837 345
f 1303 209 639
f 1880 1533 1534
f 1534 142 1880
f 1535 142 1060
f 537 142 1535
f 1256 1533 1060
f 142 1256 1060
f 1061 1256 142
f 409 1060 535
f 516 608 1872
f 1805 1066 934
f 1541 1539 1878
f 1878 1539 526
f 1474 1472 526
f 1877 1473 1064
f 1877 526 1876
f 1877 1472 1541
f 1472 1751 1541
f 725 1747 1746
f 135 1066 1805
f 424 1875 1539
f 422 424 1539
f 1875 1066 422
f 601 1746 722
f 444 1540 1544
f 1543 1874 1150
f 1544 1542 1541
f 1541 1542 1846
f 433 1150 434
f 722 2000 1369
f 1286 1800 1340
f 883 126 444
f 883 1332 881
f 1749 1546 1362
f 1362 1361 879
f 1361 1511 879
f 1549 1364 1548
f 1511 1361 1548
f 1511 1548 1547
f 1547 121 1364
f 1549 1547 1364
f 121 1547 879
f 879 1547 1548
f 1071 888 1359
f 1554 580 1552
f 1552 1553 1048
f 580 1554 1151
f 1667 1553 580
f 1552 1667 1555
f 1555 1725 1048
f 1725 1555 1667
f 886 1555 1048
f 1666 886 496
f 1725 580 1782
f 1725 1782 1556
f 496 1725 1556
f 1557 1725 496
f 1951 496 1560
f 1556 1557 1951
f 1951 1557 496
f 1559 1558 1557
f 1559 1266 888
f 1559 1560 496
f 1559 888 1560
f 1189 1074 1184
f 362 711 91
f 1074 1188 863
f 863 1911 1074
f 1187 1911 1745
f 107 486 1663
f 625 380 239
f 969 236 712
f 1736 1562 1563
f 1741 1736 1387
f 1736 1074 1387
f 1387 1074 1562
f 1074 1563 1562
f 582 1744 862
f 1739 1562 1741
f 1564 1394 1565
f 1565 1394 1563
f 1563 1394 1738
f 582 1743 1744
f 1906 1184 1185
f 106 486 107
f 463 89 452
f 1831 1140 1461
f 1579 402 1173
f 1580 401 1579
f 607 1580 1579
f 1581 607 1579
f 607 1581 215
f 1406 605 1179
f 1858 1409 1697
f 736 425 1303
f 597 596 731
f 597 1310 1866
f 971 186 1827
f 441 188 743
f 1690 1576 738
f 1082 177 1854
f 1929 1589 165
f 1590 166 1989
f 164 1989 166
f 1249 166 1930
f 164 1589 1929
f 1853 164 1929
f 1853 1989 164
f 1853 1591 1593
f 1591 1590 1592
f 1590 1084 1592
f 1853 1592 1084
f 1592 1593 1591
f 1084 1591 1853
f 974 1593 1592
f 1889 1084 974
f 171 1889 756
f 1760 1083 1174
f 1174 1083 1248
f 1818 991 1084
f 1084 1590 1818
f 1248 1596 1594
f 1594 1206 1595
f 1595 1083 974
f 1596 1595 1206
f 1594 974 1248
f 939 89 463
f 479 1176 569
f 640 351 255
f 1279 584 19
f 1077 989 1406
f 1407 1406 989
f 482 481 476
f 831 1094 765
f 803 481 411
f 938 463 94
f 78 487 795
f 947 515 1105
f 43 553 802
f 75 787 54
f 77 54 787
f 798 69 551
f 61 1098 1629
f 215 401 1580
f 783 1627 71
f 1450 1273 248
f 1627 1640 1633
f 90 96 92
f 44 954 1391
f 84 131 1457
f 1391 954 1170
f 551 65 798
f 1170 1296 139
f 1392 1170 139
f 46 553 43
f 1421 1437 1639
f 28 521 1414
f 500 24 534
f 1637 1643 1451
f 507 9 525
f 17 949 520
f 1651 1635 1435
f 51 992 506
f 1420 1167 1634
f 56 503 248
f 503 1626 353
f 786 1624 495
f 1439 1728 1440
f 555 80 69
f 1104 69 80
f 349 782 76
f 1166 1094 831
f 557 78 780
f 831 1732 1166
f 1183 1162 484
f 1987 258 1652
f 1282 472 1611
f 1661 484 1659
f 473 1609 1108
f 1178 480 1569
f 1607 808 1604
f 1583 1537 1597
f 403 218 222
f 346 977 980
f 463 452 94
f 110 112 111
f 213 223 212
f 1859 477 1326
f 512 67 229
f 1176 1001 1405
f 477 1328 1326
f 705 119 709
f 866 1663 1071
f 1663 1266 1558
f 866 1662 1663
f 1662 866 1558
f 1662 1266 867
f 872 867 1266
f 868 872 1266
f 868 1266 1557
f 868 1329 872
f 1109 1560 1329
f 1109 1556 1560
f 1666 1556 1782
f 580 1668 1667
f 860 1668 580
f 577 118 1286
f 881 1332 126
f 1332 884 1043
f 1224 578 386
f 899 128 443
f 1671 1541 1956
f 1541 1671 1672
f 1671 1843 697
f 697 1542 1956
f 1843 1672 436
f 899 498 705
f 1179 214 990
f 949 524 10
f 990 720 987
f 1810 1674 1302
f 1674 1810 1809
f 1473 1674 1754
f 1473 1754 1110
f 1010 1473 1110
f 1010 1110 1474
f 1533 1535 1061
f 1958 1790 1533
f 1775 142 1338
f 142 1675 1338
f 1111 142 1113
f 1111 1113 1061
f 606 1061 1113
f 1712 1337 1112
f 1712 142 1111
f 142 1337 1113
f 606 1113 686
f 1961 1337 686
f 1112 686 1113
f 458 1206 758
f 1083 1594 1593
f 1084 1593 1594
f 1777 611 1775
f 611 613 1775
f 1111 1675 926
f 1675 1061 928
f 1679 1681 1675
f 1682 1676 1678
f 1677 1676 1682
f 1676 1677 1337
f 1681 1678 1676
f 1114 1676 1337
f 1774 1114 1679
f 1337 1682 1114
f 1111 1682 1337
f 1712 1679 1675
f 991 164 1249
f 1481 608 910
f 1686 1683 1687
f 1684 1685 1772
f 1687 1684 1860
f 1688 1148 1689
f 1690 1284 1687
f 1689 1687 1284
f 1687 1689 1148
f 821 562 1222
f 675 401 2002
f 1716 194 1934
f 1080 1584 1768
f 215 1581 2002
f 1079 1606 734
f 730 1080 1079
f 1305 733 1694
f 730 733 1305
f 733 728 1233
f 1305 1692 730
f 728 1305 1694
f 1233 1694 1693
f 410 207 1076
f 410 1076 1695
f 2001 1735 211
f 1119 669 2001
f 1697 2001 669
f 1696 1697 669
f 1119 1698 1697
f 1698 2001 1697
f 1119 211 1698
f 1769 1707 1436
f 399 400 220
f 610 704 1370
f 152 922 630
f 212 223 224
f 1375 1120 1376
f 53 52 4
f 1567 1700 993
f 91 243 362
f 91 764 243
f 774 920 1509
f 631 716 628
f 380 631 239
f 340 362 832
f 241 242 684
f 245 343 708
f 362 1243 832
f 70 3 7
f 1561 1492 1531
f 1531 1492 1703
f 1471 1468 1255
f 1042 1031 1006
f 1489 1388 1410
f 843 1514 1491
f 299 302 295
f 334 674 310
f 1128 307 299
f 625 1243 624
f 838 825 319
f 325 942 828
f 415 414 1370
f 658 1464 324
f 838 318 827
f 1131 838 827
f 825 838 1131
f 314 328 318
f 311 307 314
f 315 311 314
f 958 1434 313
f 670 313 1486
f 307 302 299
f 674 815 310
f 1493 339 292
f 273 1389 1388
f 1780 854 1467
f 267 273 263
f 1703 1050 1532
f 1521 267 263
f 664 1343 663
f 1705 1704 1412
f 1703 1706 1467
f 1050 1458 1216
f 399 425 736
f 1490 1561 1290
f 1255 837 1397
f 260 345 1081
f 256 1294 265
f 317 71 309
f 1626 957 74
f 1465 251 1008
f 372 375 368
f 369 376 373
f 1027 1757 893
f 381 826 1701
f 1707 1208 822
f 1707 1433 1376
f 704 220 1142
f 1055 627 1053
f 403 1699 719
f 1141 224 383
f 388 617 387
f 1840 390 617
f 209 1303 425
f 725 420 202
f 196 195 412
f 430 1693 1709
f 430 1709 1692
f 430 1692 1079
f 1606 1709 1844
f 1710 1145 1079
f 1711 734 1602
f 1710 734 1711
f 1603 734 1844
f 1080 734 1710
f 1080 1144 734
f 1080 437 1257
f 623 1222 562
f 738 438 1261
f 927 685 913
f 685 1337 925
f 1146 1713 1585
f 979 189 978
f 1864 187 441
f 442 1714 740
f 1820 1690 1588
f 1690 1587 1588
f 1587 1576 1588
f 1576 1690 1820
f 1307 1690 1689
f 1575 175 1148
f 1149 175 1575
f 1149 1148 1690
f 1720 1573 1718
f 1573 1720 755
f 1572 1571 1718
f 1717 174 1572
f 1307 1718 1717
f 946 1719 1720
f 174 1720 1719
f 1571 174 1771
f 1771 174 1719
f 994 1265 163
f 818 550 761
f 1881 1932 596
f 1881 1933 1932
f 161 462 162
f 1881 596 168
f 1881 599 1933
f 596 599 721
f 599 1866 1999
f 1838 988 1866
f 1722 1721 1550
f 596 721 988
f 1550 129 513
f 1838 1866 721
f 1150 884 1905
f 1224 1073 578
f 1151 886 887
f 1724 1725 887
f 886 1151 1724
f 1724 887 1723
f 1723 886 1048
f 1725 1724 1151
f 398 467 693
f 886 1724 1914
f 1152 1725 1154
f 1530 1726 885
f 1530 496 1727
f 1725 1528 1154
f 582 862 504
f 103 1800 460
f 465 118 938
f 1583 1400 1537
f 98 94 452
f 1660 472 466
f 95 855 939
f 1832 821 1143
f 1282 1613 482
f 485 397 81
f 1096 1161 411
f 957 1103 1162
f 110 102 101
f 1630 1628 1449
f 1655 1005 60
f 1005 248 60
f 349 1342 1631
f 38 953 502
f 1529 1727 1726
f 1726 1727 496
f 1726 1154 1529
f 1154 1530 1152
f 1530 1154 1726
f 1723 1048 123
f 1314 32 34
f 1450 1642 1273
f 540 1236 1345
f 1332 127 1801
f 1644 192 1645
f 1648 20 531
f 1798 1648 531
f 100 515 1311
f 1233 1884 597
f 525 131 507
f 70 7 29
f 435 1150 1550
f 552 139 1313
f 7 2 18
f 567 52 1000
f 16 14 17
f 811 6 88
f 139 552 27
f 1445 1856 1798
f 218 609 395
f 1100 528 32
f 30 1281 1347
f 1643 1651 1236
f 1718 1571 1717
f 1573 1572 1718
f 1571 1572 174
f 985 1233 984
f 1718 1307 1720
f 1573 755 1149
f 1149 174 1148
f 1347 1281 858
f 1449 1628 1448
f 210 1578 400
f 1714 745 1829
f 1714 186 745
f 1178 1239 1231
f 61 60 549
f 982 1358 1931
f 984 1358 1357
f 184 978 1585
f 1756 985 983
f 190 1585 978
f 1585 189 184
f 1581 401 675
f 1232 1630 349
f 1580 1734 215
f 1581 1734 2002
f 2002 1734 1580
f 1734 1581 675
f 1146 188 184
f 74 1104 73
f 1146 190 187
f 1621 1271 83
f 685 927 1679
f 1763 820 572
f 1050 1703 1467
f 605 1180 989
f 1179 1407 989
f 1179 1077 1406
f 1622 81 397
f 359 382 355
f 406 214 1077
f 593 858 560
f 569 1176 1405
f 109 1565 1563
f 1394 1564 109
f 1611 1160 1613
f 1738 107 1563
f 1394 1184 1737
f 1562 1394 1737
f 1562 1739 1184
f 1737 1739 582
f 1740 1743 1185
f 1906 1743 109
f 582 1739 1743
f 1184 1074 1738
f 1563 107 1387
f 1737 1563 1387
f 1562 1737 1387
f 1080 1257 1145
f 1740 1739 1741
f 1739 1740 109
f 1742 1950 1184
f 1742 1393 1907
f 1742 861 1743
f 1393 1742 1743
f 1742 1184 1740
f 1603 1844 1605
f 734 1603 1602
f 1393 1744 1186
f 1711 1602 432
f 734 432 1605
f 1393 862 1744
f 734 1606 1844
f 1745 486 1387
f 1387 486 1187
f 1745 1911 1327
f 1074 1911 486
f 1187 486 1911
f 1079 1145 430
f 1187 1519 1189
f 430 1882 1883
f 1369 1746 601
f 1070 1670 439
f 448 1194 1848
f 1364 445 879
f 1749 1362 879
f 1361 883 1748
f 1749 879 445
f 1748 1749 445
f 883 1749 1748
f 1748 1344 1361
f 883 1362 1344
f 1660 1610 1229
f 888 889 508
f 1263 892 508
f 892 1263 889
f 891 508 1193
f 1286 1340 577
f 447 1349 446
f 1750 1349 447
f 1351 1339 1353
f 592 705 517
f 1117 600 995
f 146 118 128
f 1315 1196 508
f 1315 1300 594
f 594 1300 1196
f 1196 1317 594
f 415 199 639
f 541 905 426
f 1259 205 1833
f 1110 1754 1960
f 429 1832 1143
f 1274 1755 1198
f 808 1609 473
f 202 203 200
f 1537 921 620
f 1380 1379 1964
f 1964 1379 1973
f 471 1197 120
f 423 203 419
f 202 423 1619
f 1089 1661 1226
f 1072 415 995
f 1230 1228 985
f 730 985 1756
f 1358 1230 981
f 1753 1618 1619
f 1228 1230 1756
f 1833 1619 1259
f 1080 1230 1995
f 1756 1995 1228
f 1080 1995 1756
f 1768 981 1995
f 1995 1230 1768
f 1192 1168 1095
f 163 1759 458
f 458 1759 1760
f 1760 1174 1267
f 1596 1206 163
f 1319 457 1182
f 457 1319 1174
f 755 457 1174
f 1689 1761 1992
f 1761 1689 179
f 1283 1994 1684
f 179 1115 1157
f 820 1115 1155
f 1689 1157 1115
f 1689 1762 1157
f 1689 1284 1762
f 1762 1115 1687
f 1115 1762 1153
f 1284 180 1762
f 1115 585 180
f 1861 188 589
f 982 983 984
f 1118 1262 1321
f 438 738 822
f 1049 1272 822
f 1049 202 1274
f 1765 1764 1766
f 1274 203 1765
f 1765 203 437
f 1767 1274 1765
f 1274 1767 437
f 1764 1755 1259
f 1259 1766 1764
f 1198 437 1767
f 1198 1767 1766
f 986 600 413
f 1769 1208 1707
f 1372 1252 206
f 195 987 412
f 1369 725 722
f 725 723 722
f 1578 720 217
f 400 217 220
f 388 387 154
f 1077 214 605
f 1409 1251 1119
f 794 1924 940
f 1409 1858 1636
f 1636 1858 211
f 377 1568 1433
f 586 588 748
f 737 563 196
f 971 586 748
f 454 748 588
f 1293 370 1839
f 1586 451 1758
f 201 706 246
f 1343 256 663
f 945 1717 1770
f 1307 1772 945
f 945 1770 1307
f 1771 1307 1770
f 945 1771 1773
f 946 1772 1773
f 1773 1771 944
f 1773 819 945
f 281 1506 305
f 1054 627 1055
f 1053 1020 1055
f 1854 974 167
f 174 171 1854
f 839 276 1014
f 677 273 678
f 284 646 290
f 1488 649 282
f 1142 396 704
f 1002 1411 1410
f 307 815 295
f 665 278 1496
f 301 847 294
f 1513 312 848
f 323 1499 824
f 562 760 558
f 329 652 847
f 322 856 321
f 834 655 836
f 305 1505 323
f 1128 330 307
f 304 319 825
f 846 847 301
f 1493 1514 843
f 1430 1297 1517
f 1490 1135 1297
f 1494 1495 1704
f 345 683 1081
f 1343 940 1702
f 629 624 364
f 366 764 964
f 365 376 369
f 1234 626 1293
f 729 240 370
f 715 712 237
f 237 232 715
f 356 633 254
f 231 1566 716
f 1566 231 1700
f 1708 694 718
f 1294 676 155
f 168 1697 1696
f 1783 211 1784
f 1783 1696 722
f 211 1696 669
f 669 1784 211
f 1119 1783 724
f 1251 1879 1784
f 1783 1251 667
f 419 1841 1747
f 1618 1259 204
f 1691 1831 1461
f 425 208 198
f 1027 893 1116
f 595 195 429
f 694 623 178
f 1756 437 1080
f 196 736 737
f 190 1785 1261
f 1830 188 1786
f 188 1785 1786
f 188 1830 190
f 188 190 1261
f 1207 438 1763
f 194 1716 449
f 1778 550 450
f 1021 1479 1220
f 556 1020 1788
f 915 1019 1788
f 1787 915 1788
f 910 391 1481
f 1309 1395 970
f 1926 1050 1467
f 947 1105 1597
f 542 541 1199
f 1790 1199 1789
f 1790 1789 606
f 1789 1958 606
f 1199 1790 1958
f 404 1812 1534
f 468 470 767
f 535 405 532
f 532 407 537
f 530 407 532
f 409 530 408
f 526 1061 1060
f 1373 149 416
f 1317 1751 1386
f 510 1791 594
f 448 889 1263
f 1082 1930 166
f 1930 976 1591
f 381 1701 230
f 887 124 580
f 123 1724 1723
f 167 1927 975
f 1725 1557 888
f 496 1530 885
f 111 1328 477
f 1704 1495 1412
f 1569 877 860
f 1240 471 804
f 113 96 573
f 101 463 98
f 1282 1611 1613
f 98 465 89
f 90 463 573
f 1365 1794 1366
f 80 487 78
f 411 1181 1096
f 659 550 760
f 659 760 1691
f 759 1758 459
f 277 679 1051
f 77 72 54
f 76 1232 349
f 349 1630 1632
f 1630 1232 1628
f 50 48 791
f 1442 34 1733
f 1390 999 956
f 1348 282 649
f 1084 461 994
f 493 770 544
f 1421 1639 518
f 1856 1650 1645
f 1421 1003 1424
f 1648 1426 1647
f 642 491 778
f 801 1392 807
f 6 2 31
f 29 105 85
f 84 1318 85
f 1398 52 53
f 1 565 12
f 5 39 564
f 6 31 63
f 84 1457 1318
f 1318 1457 536
f 31 7 53
f 7 3 53
f 1399 1459 1
f 6 1399 1398
f 810 533 1
f 7 11 29
f 1087 22 13
f 191 150 831
f 543 770 515
f 522 992 26
f 1204 162 1778
f 1443 41 40
f 1435 1098 1631
f 1098 1435 1629
f 1624 505 1415
f 503 1656 1626
f 60 61 1655
f 65 1104 269
f 495 1164 786
f 326 951 1298
f 350 349 1631
f 72 77 78
f 1567 380 717
f 792 494 579
f 77 80 78
f 81 1622 1617
f 1567 717 378
f 1231 480 1178
f 1325 1453 941
f 804 776 485
f 95 90 573
f 95 96 90
f 97 465 98
f 112 110 101
f 98 99 937
f 102 99 576
f 107 582 106
f 771 769 347
f 1893 504 464
f 464 877 876
f 887 1799 123
f 887 122 124
f 1512 123 122
f 126 1905 1069
f 1801 1069 1332
f 1150 1332 1069
f 129 1802 513
f 1497 513 1802
f 1550 1803 1804
f 1803 1721 1497
f 1803 1802 1804
f 1804 1722 129
f 1722 1804 1721
f 1721 1804 1802
f 435 933 932
f 700 895 932
f 132 699 697
f 132 1244 699
f 699 696 896
f 133 134 135
f 1256 133 1245
f 1245 134 931
f 409 932 134
f 136 138 137
f 1246 136 137
f 136 1246 1806
f 1806 1246 932
f 537 138 136
f 930 932 1246
f 1808 902 1246
f 1807 537 1244
f 1808 1246 1244
f 1807 1808 140
f 1809 1386 1751
f 1809 1751 1921
f 1386 1809 1810
f 141 1811 1533
f 1533 1812 141
f 142 1958 1789
f 142 1225 688
f 1812 688 1225
f 688 1814 1247
f 904 1813 688
f 1813 1247 1790
f 1814 1225 1247
f 315 318 319
f 541 144 143
f 462 550 1778
f 1814 1815 144
f 1247 1815 541
f 541 1815 1814
f 144 1247 1813
f 1247 541 143
f 140 144 687
f 763 1599 1600
f 416 608 1012
f 1522 1380 1936
f 621 1001 183
f 1016 617 154
f 154 387 1016
f 387 542 1016
f 387 1053 542
f 1598 1089 973
f 1599 763 1204
f 159 1981 1787
f 450 461 1599
f 151 148 922
f 1174 1248 1988
f 1988 1248 974
f 164 1817 1590
f 1589 1593 1817
f 1593 1818 1817
f 1593 1589 1853
f 165 1818 1593
f 164 166 1249
f 169 170 167
f 170 1930 167
f 169 1249 1854
f 173 169 1082
f 1820 175 1821
f 175 1820 172
f 1821 1854 172
f 1854 1821 174
f 1820 1821 171
f 172 1854 175
f 1588 172 1820
f 1588 177 172
f 1283 1163 1855
f 1823 1283 1855
f 1994 1822 1861
f 1823 181 1283
f 181 1822 1283
f 181 1992 1824
f 1823 741 1824
f 179 1824 741
f 1824 1992 1823
f 179 1823 1992
f 1153 1824 179
f 179 741 1155
f 1825 741 820
f 820 180 1825
f 1762 180 1153
f 1855 1993 181
f 1861 1822 181
f 181 1826 743
f 1826 1823 742
f 741 1823 1826
f 741 1826 181
f 1153 182 181
f 182 742 741
f 742 182 1826
f 1072 449 998
f 185 1827 1715
f 184 1147 1715
f 1715 1827 184
f 189 1147 184
f 185 1828 1147
f 189 1585 185
f 187 1829 1585
f 1585 1829 185
f 184 1829 1713
f 1713 187 1585
f 1208 454 979
f 193 1830 1786
f 738 440 1830
f 193 738 1830
f 1250 1830 440
f 738 193 1250
f 441 193 820
f 417 1072 995
f 200 1272 1274
f 200 203 1198
f 420 1753 423
f 205 1259 1753
f 205 1834 1618
f 1836 602 1752
f 1836 1834 1310
f 428 1310 1834
f 1310 428 1752
f 1834 1836 1752
f 1837 428 1838
f 1837 1838 1752
f 209 410 639
f 726 725 1735
f 726 1735 667
f 667 1735 1783
f 1582 168 211
f 719 990 214
f 1252 1372 704
f 403 215 675
f 396 219 220
f 222 396 1699
f 234 635 1223
f 841 1441 809
f 1680 1568 377
f 366 629 684
f 244 961 372
f 523 1360 711
f 360 859 270
f 1138 247 708
f 1123 1121 1212
f 972 638 348
f 774 1506 281
f 281 254 774
f 1776 1492 1524
f 514 1091 1062
f 1297 839 1014
f 257 251 656
f 277 1517 278
f 1429 276 843
f 371 550 462
f 943 272 283
f 1491 1496 1517
f 712 1323 1301
f 1006 316 948
f 654 650 666
f 647 677 678
f 654 662 655
f 833 283 326
f 326 948 316
f 668 847 652
f 1499 1513 824
f 334 332 674
f 295 815 288
f 339 1493 843
f 1781 1458 285
f 274 643 275
f 638 972 797
f 1413 1705 1412
f 1412 1781 1515
f 1008 251 257
f 1839 370 842
f 239 714 832
f 629 241 684
f 714 239 631
f 236 238 1323
f 372 373 376
f 388 682 1018
f 1485 682 388
f 388 1018 1840
f 1485 1377 1840
f 1840 1377 390
f 389 1840 1018
f 1377 389 390
f 1484 390 1018
f 1787 1380 1522
f 929 611 394
f 400 399 210
f 215 406 607
f 403 1580 402
f 1252 1180 1143
f 404 405 903
f 532 405 1807
f 404 537 405
f 532 1807 404
f 537 1807 405
f 532 932 409
f 1011 1256 526
f 1695 1076 415
f 694 1708 623
f 1252 1143 206
f 415 418 417
f 1841 1834 1835
f 419 601 1836
f 601 419 420
f 1618 204 205
f 1618 420 419
f 1618 1841 420
f 1619 1618 419
f 697 435 1875
f 697 1875 135
f 1842 135 1875
f 135 1842 424
f 697 424 1842
f 435 697 422
f 422 1539 436
f 1833 205 423
f 1310 430 205
f 430 1844 205
f 430 204 1844
f 204 1259 1257
f 428 430 1145
f 428 1845 1257
f 734 1144 432
f 1145 1845 428
f 734 1845 1259
f 205 1257 437
f 433 434 895
f 1846 435 1874
f 1874 1542 698
f 1542 1258 698
f 1846 1543 1497
f 1541 513 1497
f 1118 1321 1261
f 738 1261 440
f 1261 1785 193
f 440 820 193
f 440 1261 1786
f 1069 127 513
f 513 1801 1384
f 741 738 441
f 498 443 128
f 1339 1350 1344
f 446 883 1344
f 1847 446 1194
f 1847 1350 445
f 1350 1847 1344
f 1194 1344 1847
f 1193 447 445
f 1350 447 1193
f 447 1350 448
f 447 448 1848
f 1851 819 1850
f 753 819 1852
f 753 454 1267
f 819 453 1852
f 1850 747 1851
f 747 1850 453
f 1850 1852 453
f 753 1308 1265
f 527 244 340
f 1559 496 1558
f 994 458 1267
f 1758 1598 973
f 367 363 364
f 362 842 240
f 157 22 371
f 473 1660 466
f 473 1108 1610
f 1660 473 1610
f 45 941 1453
f 1052 677 844
f 431 1270 1608
f 1608 1355 431
f 2 3 18
f 1617 1615 81
f 1623 1162 1183
f 82 397 776
f 79 1097 800
f 795 492 78
f 1098 61 350
f 1623 353 1626
f 493 544 489
f 1103 957 1626
f 1617 1622 549
f 1417 1167 355
f 778 491 784
f 544 770 150
f 579 494 116
f 37 950 46
f 35 992 522
f 914 499 651
f 11 1446 1363
f 1650 1445 1444
f 1447 1642 1649
f 1730 1856 1645
f 1459 108 12
f 1797 1426 1730
f 21 20 1648
f 529 12 536
f 2 1398 53
f 105 1363 85
f 14 773 15
f 1311 17 15
f 1449 1654 1632
f 56 76 503
f 1104 65 551
f 1783 1735 2001
f 1251 1409 726
f 1167 359 355
f 965 353 1623
f 557 780 785
f 61 82 776
f 1658 75 957
f 960 487 779
f 1355 353 965
f 1732 1231 1166
f 565 567 39
f 567 1000 4
f 1356 1427 1600
f 1312 766 511
f 1178 1569 1268
f 1600 1601 763
f 574 93 95
f 95 93 94
f 94 855 95
f 93 574 575
f 90 939 463
f 13 546 158
f 577 98 452
f 1551 877 1569
f 1087 469 550
f 893 1551 1569
f 119 118 97
f 862 580 504
f 1884 1233 1883
f 1584 1709 1693
f 1233 728 1694
f 1606 1584 730
f 456 1182 1265
f 451 1598 1758
f 1684 1994 1683
f 1684 1687 1283
f 1684 1689 1860
f 1860 1761 1687
f 1761 1860 1283
f 1687 1761 179
f 1687 179 1157
f 1687 1115 1688
f 585 1576 1284
f 1576 585 1115
f 588 587 744
f 589 1285 745
f 1862 1861 589
f 1855 181 188
f 188 1861 1993
f 441 590 1863
f 745 441 739
f 590 739 588
f 1230 730 1768
f 971 1715 186
f 1715 1147 186
f 1829 1147 1828
f 1714 1829 187
f 1584 1228 734
f 1864 1714 187
f 1864 188 1713
f 1864 1713 1714
f 441 1714 1713
f 1080 1768 1228
f 591 1503 1791
f 734 1768 1584
f 1865 591 1791
f 442 441 1713
f 188 1864 442
f 444 1865 1501
f 998 199 415
f 1310 1838 602
f 1866 1310 602
f 599 597 1866
f 598 1999 1866
f 598 597 599
f 598 168 597
f 1117 418 1370
f 200 419 1272
f 1841 602 601
f 2000 1747 602
f 413 417 603
f 417 1076 603
f 413 603 415
f 415 603 418
f 1697 168 1636
f 1880 1061 1958
f 1061 606 1958
f 606 142 541
f 1112 142 606
f 1261 438 1118
f 1180 1252 704
f 1769 1436 694
f 217 400 1578
f 1527 923 1526
f 923 1527 1287
f 1287 1527 1015
f 1963 1015 1527
f 1963 611 923
f 1015 614 1287
f 614 1015 612
f 394 611 1015
f 614 923 616
f 1288 1522 1867
f 1522 616 1867
f 615 614 1867
f 614 1288 1867
f 154 614 1868
f 1868 1058 616
f 1058 614 154
f 614 393 1868
f 1868 393 1523
f 614 1058 1523
f 1787 1056 915
f 1520 1056 917
f 1086 547 1669
f 617 1016 913
f 1147 971 454
f 635 183 1223
f 362 632 527
f 1284 1576 1575
f 1685 1264 1683
f 1264 1685 1686
f 1683 1686 1684
f 1531 1574 1041
f 1255 1397 1495
f 926 1675 1774
f 1114 1774 1681
f 1962 1114 1678
f 1774 1675 1681
f 643 644 275
f 1776 1217 1434
f 1389 1471 1410
f 267 1389 273
f 928 1338 1675
f 1111 1338 928
f 1775 1338 1478
f 1593 1084 1374
f 1083 1374 1084
f 758 1374 1083
f 686 1112 1961
f 963 301 647
f 1675 142 1712
f 1496 959 1215
f 1533 1880 1958
f 537 1533 1061
f 161 162 160
f 325 828 1462
f 321 656 322
f 305 1506 1505
f 657 943 283
f 87 481 482
f 341 1757 942
f 318 328 827
f 328 1131 827
f 315 314 318
f 526 1110 1302
f 312 1499 850
f 1475 1474 1110
f 1473 1474 1475
f 1302 1754 1810
f 1513 848 1488
f 962 1128 299
f 705 592 900
f 291 282 648
f 274 275 338
f 1672 697 1846
f 636 1428 676
f 697 1672 1671
f 1846 697 1541
f 287 1926 1467
f 1518 1494 1430
f 1456 898 672
f 683 345 263
f 1081 1213 261
f 1552 1666 1668
f 1725 1668 1666
f 1667 1668 1725
f 1560 1666 1951
f 1782 580 872
f 1109 1782 872
f 1329 1560 1557
f 1560 1558 868
f 146 900 1481
f 1405 1001 621
f 1664 1663 1662
f 1662 867 1664
f 1397 1574 1536
f 1309 511 762
f 1112 606 1961
f 1961 606 685
f 1869 404 904
f 1869 140 141
f 404 141 1870
f 141 1225 1870
f 688 1870 1869
f 688 404 1870
f 1299 688 689
f 1871 690 688
f 1299 691 690
f 690 535 1811
f 1811 691 689
f 140 1244 696
f 930 132 134
f 896 132 930
f 132 896 1244
f 134 132 933
f 700 932 132
f 434 1258 697
f 701 1873 1263
f 1502 1954 1873
f 1502 1873 448
f 701 1954 1502
f 1263 508 1954
f 1403 1508 1404
f 467 582 504
f 523 713 1301
f 238 1360 1301
f 713 712 1301
f 969 712 715
f 713 237 712
f 1401 1583 1597
f 103 110 576
f 452 89 577
f 396 1142 1699
f 396 395 609
f 719 1699 219
f 219 396 719
f 215 403 719
f 607 406 609
f 215 719 406
f 571 808 473
f 1879 721 724
f 723 726 724
f 1879 724 722
f 1369 601 725
f 419 1747 726
f 1835 1838 721
f 721 2000 1835
f 1732 480 1231
f 1304 1303 639
f 596 427 728
f 1305 728 428
f 1310 1883 1882
f 1882 427 428
f 728 1882 428
f 430 427 1882
f 428 205 1844
f 583 1303 1304
f 1885 597 1884
f 728 1884 1883
f 1884 731 1885
f 728 1883 1885
f 1883 732 430
f 1883 1693 1305
f 428 1883 1305
f 1692 1305 732
f 732 1305 1693
f 732 1693 430
f 1709 1606 1692
f 1118 822 1262
f 979 1207 1262
f 188 441 738
f 763 13 158
f 451 1586 178
f 583 1304 737
f 1863 188 739
f 186 588 739
f 188 181 743
f 1861 1306 746
f 1163 1861 744
f 1163 1306 1861
f 1163 744 1862
f 590 188 1993
f 1163 1994 746
f 1683 747 1991
f 1991 1862 587
f 587 747 1683
f 454 587 748
f 176 971 748
f 747 176 1991
f 1686 1687 1148
f 1307 1886 1772
f 1717 1772 1886
f 1148 1886 1686
f 1887 1772 1686
f 1772 1685 749
f 749 1264 1686
f 749 750 1772
f 749 945 750
f 1849 1851 1264
f 1264 749 1849
f 1888 944 1771
f 751 1888 455
f 455 752 946
f 455 944 752
f 944 1888 751
f 753 455 456
f 1888 456 455
f 1308 755 754
f 1308 456 1265
f 1084 756 1988
f 756 1889 1988
f 755 1988 1889
f 1988 974 1084
f 1988 1596 1174
f 1988 755 757
f 1596 1988 757
f 991 1818 164
f 161 1395 1309
f 1309 762 462
f 1601 1600 1427
f 847 1009 294
f 571 473 347
f 17 947 773
f 775 968 1156
f 1159 1352 385
f 5 16 3
f 4 5 3
f 1466 775 784
f 1 36 52
f 1312 799 772
f 777 799 1312
f 1 1459 36
f 397 485 776
f 63 88 6
f 335 548 1097
f 782 1162 76
f 783 71 83
f 1097 1624 786
f 1658 74 75
f 289 337 342
f 71 317 83
f 69 59 1175
f 502 1165 1177
f 956 1368 1795
f 61 1629 1655
f 48 54 264
f 48 269 49
f 1620 1625 1733
f 799 777 793
f 268 49 269
f 1638 1440 1443
f 1415 505 506
f 47 309 1633
f 468 22 157
f 1625 1442 1733
f 992 789 506
f 1443 359 41
f 495 1624 1415
f 549 60 248
f 382 359 1443
f 1634 1418 1420
f 1164 495 1417
f 1626 74 1623
f 32 38 1733
f 1733 34 32
f 515 100 543
f 73 80 77
f 77 787 73
f 75 73 787
f 86 1728 800
f 80 1408 779
f 1466 784 491
f 1161 1621 83
f 801 807 999
f 1646 1649 1797
f 475 1191 104
f 1615 1427 1356
f 1648 1647 21
f 471 1240 1197
f 769 771 805
f 808 1607 1609
f 500 534 539
f 478 767 470
f 968 117 1156
f 108 1 12
f 810 1 108
f 816 651 279
f 371 22 1087
f 371 462 157
f 1599 1204 450
f 1204 1778 450
f 342 284 967
f 163 1265 1319
f 174 1182 1174
f 1182 163 1319
f 174 1174 1319
f 163 1182 174
f 1319 1265 174
f 757 755 1174
f 1174 163 757
f 1307 1149 1690
f 1894 454 753
f 1894 753 1852
f 819 1685 1283
f 819 1895 1683
f 1896 1147 454
f 586 971 1896
f 454 586 1896
f 586 454 745
f 745 588 1896
f 745 1896 971
f 589 188 588
f 441 1863 739
f 1049 1902 1367
f 1897 1367 822
f 1897 1904 820
f 1996 820 1904
f 1899 738 1901
f 738 1899 1900
f 1900 1898 820
f 820 1901 1242
f 738 1997 1901
f 1260 1755 738
f 822 1902 1049
f 1904 1903 1902
f 1367 1904 822
f 1996 1902 1903
f 738 1755 1998
f 1900 1997 1998
f 821 1222 206
f 704 990 1180
f 609 218 1173
f 17 520 18
f 1140 993 1570
f 830 235 727
f 1701 631 380
f 629 243 241
f 1218 1211 1545
f 1136 706 1652
f 1490 1290 1135
f 263 345 1521
f 1432 1430 1704
f 479 841 216
f 1518 1517 277
f 277 1051 1518
f 4 1000 53
f 342 337 646
f 648 282 285
f 648 287 291
f 841 1404 1441
f 338 275 1009
f 958 331 306
f 330 314 307
f 225 519 518
f 893 1569 480
f 857 95 939
f 939 96 857
f 1007 656 321
f 762 157 1673
f 1013 514 1062
f 96 1859 92
f 96 95 857
f 256 1130 1507
f 1394 109 1184
f 1393 1906 109
f 1139 1062 1078
f 1187 1188 1074
f 1950 861 1741
f 1519 1184 1741
f 1950 1519 861
f 1184 1950 1741
f 1740 1741 861
f 1519 860 1744
f 862 860 1519
f 1908 1186 860
f 1387 1663 1745
f 1327 1909 1663
f 1663 1909 1745
f 1909 1327 1911
f 1359 1327 1910
f 1188 1911 1912
f 864 1519 863
f 1519 1912 863
f 1907 868 1184
f 878 997 1859
f 1910 1327 1663
f 1912 1910 1663
f 1663 864 1912
f 1071 1359 866
f 1663 1664 864
f 1359 1188 868
f 866 1359 1664
f 1664 1359 868
f 864 871 1519
f 871 864 867
f 1558 866 868
f 1519 871 872
f 868 869 1329
f 870 1330 868
f 869 872 871
f 1908 860 1329
f 1666 1109 1329
f 1666 1329 860
f 860 1552 1668
f 464 873 1953
f 580 464 1953
f 464 580 1913
f 1913 580 124
f 580 1953 504
f 1892 504 1953
f 873 464 504
f 874 1893 873
f 1892 873 504
f 1510 1893 876
f 874 464 876
f 875 464 874
f 876 504 874
f 876 1045 881
f 1663 888 1266
f 1362 1511 880
f 1546 1044 879
f 1331 1044 1511
f 1044 1546 880
f 881 880 1331
f 1546 882 1331
f 1362 881 444
f 888 890 1528
f 1528 1725 888
f 885 889 888
f 886 1914 889
f 890 889 885
f 885 1725 890
f 448 508 892
f 1725 891 1914
f 1725 1914 1193
f 1914 891 892
f 1193 123 892
f 878 1373 483
f 1656 76 1103
f 594 1954 1918
f 1915 1954 508
f 1917 1916 1954
f 889 448 701
f 701 1916 1917
f 889 1917 508
f 1918 1917 1915
f 1918 508 1917
f 508 1918 701
f 701 1918 1916
f 1918 1954 1916
f 594 701 1502
f 1873 1954 894
f 1919 508 701
f 1919 1503 1502
f 508 594 1915
f 517 498 1470
f 593 633 1235
f 426 695 895
f 909 443 907
f 896 895 1333
f 699 1333 433
f 896 433 897
f 1333 897 433
f 1465 584 115
f 902 1807 903
f 226 1291 1295
f 1872 416 516
f 1008 584 1465
f 1386 1385 1921
f 1960 1921 1385
f 1110 1960 1385
f 1373 908 391
f 910 416 909
f 909 608 149
f 156 909 907
f 618 393 912
f 156 608 909
f 1509 1469 152
f 923 153 1288
f 1377 1485 153
f 1336 1520 919
f 1483 1377 1336
f 915 916 918
f 919 1520 916
f 916 1975 918
f 915 919 916
f 919 918 1975
f 1975 1336 919
f 917 919 915
f 682 1920 1017
f 627 1054 913
f 1969 1379 1383
f 620 921 922
f 463 102 576
f 923 1922 616
f 1922 1288 153
f 927 925 1679
f 925 927 926
f 1388 1489 678
f 1677 1111 392
f 1111 928 392
f 392 1061 1338
f 1478 1061 393
f 929 392 1338
f 426 542 906
f 541 542 1816
f 1816 542 426
f 921 1537 1400
f 1872 909 416
f 463 576 110
f 140 902 695
f 931 1806 137
f 931 135 932
f 933 934 134
f 510 591 1504
f 510 1919 935
f 935 1503 510
f 1504 1503 1353
f 1503 594 1791
f 121 1923 1193
f 123 1341 1194
f 121 1799 1341
f 1193 1923 1799
f 1341 123 121
f 121 123 1923
f 448 123 1194
f 892 123 448
f 940 1924 1702
f 1702 1924 630
f 576 1340 103
f 576 98 577
f 1088 578 1073
f 262 924 253
f 69 798 1657
f 55 570 1452
f 115 584 1279
f 1597 1105 1401
f 785 64 557
f 37 46 560
f 232 727 235
f 1343 812 794
f 1280 1192 1095
f 664 812 1343
f 283 262 253
f 257 656 1007
f 817 794 812
f 84 85 131
f 955 817 812
f 782 349 776
f 21 1857 1099
f 651 816 914
f 952 817 955
f 1627 309 71
f 192 1649 1646
f 661 324 1464
f 1643 1425 1451
f 1643 540 1425
f 528 1100 531
f 1419 522 26
f 1346 1004 1447
f 1638 1639 1641
f 1342 1650 1653
f 1444 1653 1650
f 225 1638 40
f 327 833 326
f 48 233 791
f 1273 1448 1628
f 1005 1450 248
f 836 320 834
f 1657 798 497
f 790 497 65
f 1104 74 269
f 666 1411 665
f 329 847 846
f 79 352 335
f 349 350 776
f 72 78 557
f 330 328 314
f 328 967 284
f 958 313 331
f 962 328 330
f 474 851 735
f 1615 1617 1427
f 671 673 285
f 1496 1491 1514
f 1434 958 1779
f 292 303 1493
f 814 338 1463
f 966 962 299
f 973 1089 1226
f 646 284 342
f 342 967 289
f 1206 1084 758
f 1818 1590 1817
f 174 757 163
f 1590 1589 164
f 1853 1589 1590
f 991 1249 1082
f 1297 1135 839
f 1284 1690 585
f 1271 1169 1627
f 346 1298 977
f 974 1592 1928
f 975 1927 171
f 1591 171 1927
f 1928 1990 1927
f 1591 1990 975
f 975 1928 1592
f 1928 167 974
f 1853 975 1592
f 975 171 1930
f 1927 1990 1591
f 1927 167 1928
f 1929 975 1853
f 976 1929 166
f 976 975 1929
f 1082 166 1929
f 1930 1082 976
f 1082 1929 165
f 710 1320 1208
f 562 821 449
f 985 1357 983
f 1233 1358 982
f 982 1931 981
f 998 415 1072
f 987 195 595
f 1883 1233 1693
f 1835 1837 602
f 988 721 602
f 596 988 1838
f 1866 722 598
f 722 1866 988
f 1866 602 721
f 596 1932 599
f 598 1932 1933
f 1933 1999 598
f 1999 1933 599
f 1143 821 206
f 1796 790 791
f 215 2002 401
f 1436 1707 1376
f 1371 449 1117
f 1208 1769 710
f 1055 1020 159
f 617 913 387
f 903 140 905
f 1663 486 1359
f 977 361 980
f 1567 378 1566
f 716 1566 378
f 714 365 832
f 361 343 246
f 670 1486 1480
f 42 246 343
f 734 1259 437
f 10 529 525
f 1360 374 964
f 1966 1980 1968
f 1080 730 1584
f 118 577 938
f 489 1237 62
f 62 996 489
f 520 1446 18
f 507 85 1363
f 520 9 1446
f 803 1795 1365
f 843 1491 1429
f 1115 820 1576
f 820 738 1588
f 820 1588 1576
f 194 1371 1372
f 1372 1370 704
f 1173 607 609
f 1328 1040 908
f 709 517 705
f 483 498 997
f 483 907 443
f 908 1373 1328
f 997 709 92
f 909 1872 443
f 165 1374 991
f 1593 1374 165
f 991 1374 461
f 1374 758 1267
f 604 209 425
f 923 554 1377
f 554 1380 1381
f 1973 1965 1964
f 1378 1380 923
f 1380 1964 1381
f 1381 1964 1965
f 1380 554 923
f 1936 1382 1935
f 1935 1382 923
f 1383 1979 1487
f 1381 1383 1379
f 1979 1981 159
f 1526 923 615
f 1809 1921 1674
f 1473 1921 1751
f 444 1544 1722
f 1802 1722 1543
f 1722 1544 1543
f 1501 1791 444
f 1722 1384 444
f 1957 1540 444
f 1921 1754 1674
f 1810 1960 1386
f 716 631 829
f 1680 1500 1568
f 1498 1568 1500
f 139 1296 1313
f 1296 1276 1313
f 403 1173 218
f 403 675 1580
f 1292 1039 1037
f 963 1396 852
f 650 852 1396
f 1397 259 1574
f 949 773 538
f 773 14 538
f 1000 1398 565
f 533 565 1398
f 1000 52 1398
f 1398 1399 533
f 720 990 395
f 395 990 218
f 914 806 793
f 768 970 130
f 1352 788 777
f 230 1140 718
f 718 384 230
f 1640 1316 1633
f 1316 1278 1633
f 1545 1211 361
f 800 1097 1164
f 786 1164 1097
f 800 1164 86
f 1471 1002 1410
f 1127 797 338
f 1127 338 814
f 1009 640 294
f 1291 1133 1210
f 1291 1038 1133
f 605 214 1179
f 1406 1407 605
f 846 655 329
f 655 834 329
f 1133 1132 1134
f 1126 1035 1324
f 795 555 1796
f 605 1407 1180
f 495 1416 1417
f 1416 495 1415
f 1418 1419 1275
f 1275 1420 1418
f 1421 1275 1422
f 518 1420 1421
f 1424 1003 1423
f 549 353 1617
f 1087 1601 1608
f 659 1691 213
f 1691 1461 213
f 1570 223 213
f 582 467 1268
f 106 582 1268
f 106 1268 1569
f 693 921 1400
f 735 1239 474
f 1166 1239 735
f 467 1239 1178
f 1491 1517 1429
f 1297 1430 1432
f 1173 401 1581
f 1297 1432 1431
f 1217 1524 1431
f 1432 1217 1431
f 37 560 1281
f 623 562 558
f 766 470 157
f 607 1173 1580
f 1469 183 1116
f 1469 1116 893
f 893 1757 627
f 402 1579 401
f 1223 672 234
f 216 1347 1456
f 1707 1409 224
f 813 973 547
f 710 973 813
f 973 710 759
f 1586 1769 694
f 710 1758 759
f 1769 1586 1758
f 1758 710 1769
f 981 1768 983
f 981 983 982
f 1599 461 581
f 1669 1226 471
f 1629 1435 1635
f 1637 1655 1629
f 1005 1655 1637
f 1047 1030 1253
f 1088 1073 1190
f 1203 1023 1219
f 403 402 401
f 359 1167 41
f 1202 1139 1068
f 1168 1192 1137
f 1085 1168 1137
f 1093 1106 1078
f 514 992 1091
f 1101 1640 1627
f 1101 1172 1640
f 1191 1609 1607
f 104 1191 1607
f 1160 1107 1229
f 571 1438 117
f 1438 347 1156
f 1438 571 347
f 1156 117 1438
f 117 1604 571
f 1621 1165 1169
f 1439 1625 1620
f 1644 1342 1346
f 192 1346 1447
f 1644 1346 192
f 1162 782 776
f 805 466 472
f 466 805 771
f 1654 1449 1448
f 1004 1654 1448
f 1004 1448 1642
f 1642 1450 1649
f 1450 1005 1451
f 1453 1325 570
f 681 227 707
f 966 299 967
f 898 858 593
f 1006 948 283
f 825 328 284
f 313 1434 1486
f 271 327 346
f 287 648 1926
f 1507 955 812
f 1348 955 853
f 1507 853 955
f 1462 341 325
f 341 1462 1130
f 1008 680 386
f 680 1289 386
f 775 1466 561
f 775 561 475
f 58 491 24
f 24 500 58
f 938 577 97
f 534 642 539
f 584 578 568
f 19 57 25
f 119 97 89
f 25 57 559
f 252 1067 702
f 348 255 351
f 972 1009 644
f 634 360 247
f 247 360 708
f 42 859 706
f 706 201 42
f 833 271 1939
f 322 1940 1986
f 1943 1942 1986
f 566 1731 1947
f 655 653 836
f 856 1463 661
f 666 1396 1411
f 310 850 649
f 147 1269 1200
f 815 311 310
f 291 331 824
f 306 331 291
f 1669 471 120
f 307 295 336
f 814 1463 1127
f 647 678 963
f 1489 963 678
f 1395 545 970
f 854 1780 1779
f 1087 550 371
f 1051 1471 1518
f 451 761 1598
f 1778 162 462
f 1320 710 581
f 1524 1490 1431
f 1776 1706 1492
f 1206 1594 1083
f 1820 1575 1576
f 1587 1690 177
f 1686 1685 1684
f 1689 1684 1307
f 1688 1575 1148
f 1688 1690 1687
f 1690 1688 1689
f 177 738 1587
f 1135 1041 259
f 979 978 184
f 1207 979 184
f 1207 190 978
f 1208 979 822
f 1737 1565 107
f 1768 730 1228
f 1233 1228 1584
f 1584 1693 733
f 733 1693 1694
f 733 730 728
f 731 728 730
f 683 1052 1123
f 207 410 604
f 211 1735 1697
f 211 1119 2001
f 725 1582 1735
f 1698 1783 2001
f 1698 211 1783
f 1158 481 1366
f 1570 619 223
f 1067 703 1460
f 952 1937 1505
f 993 383 619
f 1138 1121 247
f 1568 1376 1433
f 764 91 964
f 243 364 362
f 362 363 1243
f 238 1301 1323
f 624 629 366
f 369 527 632
f 477 865 111
f 826 1375 1568
f 244 372 365
f 711 1360 964
f 1568 1375 1376
f 236 235 624
f 1138 1254 1121
f 859 1652 706
f 624 717 625
f 218 990 704
f 1065 702 1122
f 1065 1122 1124
f 1734 675 215
f 2002 1580 675
f 1180 1179 1143
f 683 1212 1063
f 1838 428 596
f 428 427 596
f 1619 1833 1753
f 1367 202 1049
f 1242 1260 738
f 1897 822 738
f 1228 1233 985
f 985 730 1230
f 730 1756 1358
f 1230 1358 1756
f 1995 981 1228
f 1213 1081 1033
f 1208 1267 454
f 945 1772 1771
f 1686 1717 749
f 946 1307 1771
f 819 944 945
f 1851 945 753
f 176 450 971
f 450 550 659
f 1492 1706 1703
f 1521 345 837
f 1395 161 545
f 763 158 1204
f 1216 1781 1412
f 1776 1524 1217
f 1124 1052 844
f 1601 13 763
f 261 1213 840
f 130 1159 768
f 1427 1608 1601
f 1427 1355 1608
f 677 647 844
f 784 1156 769
f 1191 1610 1108
f 962 966 967
f 475 561 1191
f 311 815 307
f 87 482 1614
f 431 965 1183
f 1616 1614 482
f 772 43 802
f 649 850 1937
f 298 668 308
f 845 828 313
f 1984 788 1159
f 1229 1238 1160
f 779 1408 960
f 1096 1621 1161
f 320 836 1215
f 1622 397 82
f 494 792 1984
f 79 1620 66
f 795 233 492
f 490 1417 355
f 1293 729 370
f 1462 828 845
f 796 497 501
f 1442 1625 1440
f 549 503 353
f 1191 1238 1229
f 1986 1940 1943
f 321 661 1464
f 1418 1415 1419
f 1948 651 499
f 192 1447 1649
f 192 1730 1645
f 192 1646 1730
f 1425 1424 1423
f 43 799 46
f 21 1647 1422
f 328 962 967
f 265 341 1130
f 1647 1426 1003
f 1507 664 256
f 1942 1945 1941
f 1948 279 651
f 1414 30 1948
f 12 524 538
f 1037 1039 1029
f 773 509 100
f 11 1363 105
f 100 15 773
f 250 774 254
f 950 37 30
f 672 781 234
f 941 552 1099
f 560 46 1171
f 1026 356 254
f 1042 1201 1013
f 680 226 1295
f 1428 155 676
f 1227 1024 1068
f 1091 1093 1078
f 1439 1620 1402
f 57 68 1214
f 1732 849 480
f 1469 920 621
f 388 1840 617
f 1922 390 1522
f 568 68 584
f 270 42 245
f 900 1334 608
f 433 906 882
f 1507 1130 853
f 569 1403 1090
f 148 1469 114
f 1557 1266 1559
f 1949 115 1731
f 936 884 126
f 884 881 126
f 1725 1666 580
f 693 851 398
f 1583 851 693
f 886 1666 1555
f 1152 1530 1529
f 886 885 1726
f 1152 1528 890
f 1726 496 886
f 1152 1529 1528
f 103 1340 1800
f 1554 1553 1151
f 98 463 938
f 514 1013 1201
f 121 1046 1512
f 1512 1048 121
f 1511 1952 1892
f 1952 1511 873
f 1511 1892 1046
f 1511 1893 881
f 879 1044 881
f 1045 882 881
f 877 1332 1043
f 570 227 566
f 898 593 1235
f 1353 1955 1350
f 1353 935 1919
f 1502 1955 1353
f 1504 1502 1350
f 446 1750 1504
f 435 1846 1150
f 1088 1190 1075
f 1300 1792 1501
f 1800 1286 1040
f 1456 1347 858
f 1227 1068 1092
f 1334 901 1872
f 1010 1302 1472
f 1473 1472 1474
f 1473 1010 1472
f 1110 409 1011
f 1040 1286 146
f 426 906 145
f 1936 1378 1382
f 923 1382 1777
f 923 1522 1935
f 1963 1777 1015
f 1016 542 618
f 398 474 1239
f 1485 389 1017
f 1485 919 1920
f 919 1018 387
f 1976 1971 1970
f 1982 1967 1977
f 1970 1980 1976
f 1967 1980 1977
f 1980 1981 1977
f 1980 1969 1487
f 1381 1980 1383
f 1487 1978 1980
f 1981 1383 1978
f 1978 1977 1981
f 1978 1487 1977
f 1978 1383 1980
f 1383 1981 1979
f 1487 1969 1383
f 1487 1979 1379
f 1787 1981 1487
f 1085 1137 1241
f 1201 924 681
f 630 922 921
f 1223 183 1001
f 672 1235 356
f 228 357 1059
f 1116 635 1027
f 996 851 1401
f 1013 1209 1042
f 996 1401 1105
f 1281 560 858
f 676 1702 636
f 1209 1205 1029
f 1168 1106 1093
f 1253 1029 1202
f 1322 1404 560
f 1094 1166 735
f 1042 253 924
f 493 489 996
f 512 1732 831
f 658 1034 660
f 1134 1047 1219
f 1347 216 30
f 45 8 27
f 266 1038 1291
f 765 191 831
f 1507 812 664
f 885 888 496
f 660 1034 293
f 520 10 9
f 19 642 1729
f 1129 1035 1132
f 1038 1034 1036
f 53 3 2
f 1361 1341 1549
f 1313 1276 1099
f 771 347 473
f 948 326 283
f 21 1099 20
f 1099 1276 1172
f 1324 298 1213
f 1505 1937 1499
f 784 1959 1946
f 1421 1420 1275
f 883 882 1749
f 847 668 1036
f 654 666 662
f 322 1127 856
f 1937 850 1499
f 1100 32 1314
f 1639 1437 1641
f 444 884 883
f 1131 328 825
f 1130 671 286
f 817 1505 1506
f 308 1215 959
f 1292 1324 1033
f 1794 1365 1944
f 1941 1938 1986
f 291 854 306
f 1463 338 661
f 47 1278 44
f 825 284 300
f 289 295 288
f 505 51 506
f 1781 285 673
f 317 47 956
f 280 840 1213
f 1796 501 790
f 50 790 65
f 1002 1471 679
f 127 895 435
f 1389 1468 1471
f 1776 1780 1706
f 637 1986 354
f 83 317 956
f 1495 1216 1412
f 1096 1165 1621
f 492 233 785
f 491 58 488
f 1408 80 555
f 960 1408 555
f 555 795 960
f 490 355 382
f 1218 1545 1254
f 354 703 1067
f 835 358 1460
f 1659 484 1162
f 482 1613 1616
f 375 1234 368
f 1066 424 1540
f 424 422 135
f 1875 424 1066
f 1064 1957 1876
f 1472 1064 526
f 1876 1957 1473
f 1064 1876 526
f 1540 1064 1473
f 1541 1066 526
f 1878 1066 1541
f 1540 1475 526
f 526 1475 1878
f 526 1066 1540
f 1066 1878 1475
f 1538 1066 1475
f 1538 1539 934
f 1805 1539 1538
f 548 1624 1097
f 1539 1805 133
f 1120 384 1436
f 472 1158 805
f 384 694 1436
f 718 1831 1708
f 1173 1581 1579
f 1580 1173 402
f 412 987 720
f 1079 734 730
f 429 563 1832
f 563 429 196
f 189 971 1827
f 738 743 182
f 968 104 117
f 738 1576 1587
f 177 1690 175
f 1820 174 1575
f 1691 562 1716
f 1717 1148 174
f 755 175 1149
f 1591 976 166
f 1590 1989 1853
f 166 1590 1591
f 1084 1889 171
f 756 755 171
f 769 1156 347
f 974 1594 1595
f 1595 1596 1248
f 1596 1084 1594
f 1083 1595 1248
f 1596 756 1084
f 1083 1084 1206
f 1256 537 1535
f 813 1086 710
f 1533 535 1060
f 1007 660 293
f 1880 537 1061
f 545 1200 130
f 1890 1270 1089
f 1599 581 120
f 1356 1599 120
f 1271 1621 1169
f 104 1607 117
f 547 973 1226
f 766 802 470
f 469 1890 761
f 1197 1240 1356
f 1238 51 548
f 1107 472 1660
f 1158 472 476
f 462 161 1309
f 450 994 461
f 994 450 1265
f 1759 1083 1760
f 458 1760 1206
f 1265 450 176
f 1822 179 1689
f 1860 1994 1283
f 1992 1761 1153
f 180 820 1155
f 1157 1762 1687
f 1115 1153 1689
f 585 738 180
f 738 585 1690
f 590 441 1855
f 1117 449 1072
f 1270 431 1183
f 438 1321 1763
f 1262 1207 572
f 449 821 1832
f 1162 804 1659
f 736 196 412
f 1766 1767 1765
f 1790 606 541
f 1765 1198 1764
f 437 1198 1765
f 1755 1764 1198
f 249 502 352
f 1945 1985 1941
f 1158 1959 805
f 1238 561 488
f 1427 1617 1355
f 1959 784 805
f 381 384 1120
f 1701 622 230
f 1238 488 500
f 350 1631 1098
f 233 64 785
f 1440 1728 1443
f 499 777 788
f 714 628 378
f 859 42 270
f 56 1273 1628
f 1063 1545 1033
f 1368 1944 1365
f 522 1419 35
f 1444 1236 1653
f 1495 1397 1536
f 1986 703 354
f 1987 271 258
f 1515 1413 1412
f 643 972 644
f 1422 23 21
f 615 1891 1526
f 1432 1516 1217
f 1480 1705 1413
f 673 1515 1781
f 992 1857 26
f 46 950 553
f 88 810 811
f 533 810 88
f 1271 1627 783
f 846 963 852
f 153 617 390
f 1348 649 952
f 311 332 334
f 333 319 332
f 1034 1038 266
f 845 313 670
f 539 823 1102
f 1091 992 51
f 650 1396 666
f 521 30 1414
f 642 19 823
f 807 33 1452
f 25 823 19
f 191 765 1612
f 1948 216 279
f 45 27 552
f 1946 1279 1729
f 951 326 316
f 515 493 996
f 1985 657 1939
f 515 996 1105
f 828 305 323
f 19 584 68
f 1056 1057 915
f 1127 322 638
f 1085 1106 1168
f 1006 283 253
f 1577 229 1597
f 480 114 893
f 633 560 1404
f 1054 915 682
f 709 465 94
f 707 1454 570
f 272 1335 1455
f 554 1057 1056
f 1558 1266 1662
f 1558 1071 1663
f 1557 1560 868
f 1558 496 1071
f 1557 872 1329
f 682 1057 554
f 872 1557 1556
f 1666 1552 1555
f 1666 860 580
f 1666 1665 1951
f 1435 1631 1653
f 1956 1542 1544
f 1956 1541 697
f 1501 1339 513
f 1501 513 1300
f 128 899 900
f 1291 1210 1295
f 1019 1020 682
f 1541 1751 1317
f 645 1291 226
f 1674 1473 1751
f 1110 1386 1302
f 1110 1385 1386
f 1110 1060 409
f 1026 781 672
f 1675 1111 1061
f 1337 1712 1111
f 1209 1031 1042
f 1775 1478 1015
f 1338 1111 926
f 1114 1962 1679
f 1682 1111 1677
f 1678 1681 1962
f 1679 1962 1681
f 1774 1679 926
f 682 1020 1054
f 1477 620 148
f 1295 1210 1022
f 1020 1053 1054
f 228 1508 621
f 1062 1139 1013
f 1456 672 216
f 1294 155 265
f 627 265 155
f 1509 920 1469
f 633 357 250
f 1455 1335 566
f 1116 183 635
f 915 1054 1055
f 1059 357 633
f 1021 1220 1023
f 1945 1949 1335
f 1465 1949 1983
f 1219 1023 1028
f 1224 386 1289
f 1031 1209 1029
f 250 254 1221
f 1019 556 1788
f 1787 556 1019
f 1487 1981 1982
f 1980 1982 1981
f 1977 1487 1982
f 1980 1970 1982
f 391 910 149
f 1481 391 146
f 1508 1403 621
f 1373 391 149
f 391 908 1040
f 1199 541 1789
f 142 1789 541
f 1958 142 1199
f 404 903 532
f 409 535 530
f 1186 872 1907
f 1253 1030 1126
f 513 508 1196
f 510 444 1791
f 1792 1793 444
f 508 510 1300
f 1793 594 444
f 893 114 1469
f 887 886 1723
f 580 862 1519
f 1400 1583 693
f 464 860 877
f 1068 1078 1092
f 1859 997 92
f 463 113 573
f 1052 263 273
f 281 305 942
f 1031 316 1006
f 1085 1241 1092
f 467 1178 1268
f 251 1940 656
f 660 1464 658
f 568 1088 68
f 735 62 1094
f 1192 1214 1137
f 652 834 320
f 55 8 45
f 1237 765 1094
f 653 665 1496
f 828 323 313
f 765 1237 1612
f 1939 271 1987
f 311 315 333
f 848 312 334
f 825 300 304
f 19 1729 1279
f 951 1292 1298
f 1419 1415 35
f 285 1458 648
f 1452 566 807
f 1486 1516 1705
f 1434 1516 1486
f 1099 1857 514
f 139 27 8
f 1127 638 797
f 294 255 1124
f 770 543 150
f 1052 683 263
f 150 543 67
f 1492 1561 1524
f 525 529 131
f 139 8 1392
f 1081 1063 1033
f 29 85 1318
f 1136 1652 258
f 1959 1947 1946
f 343 361 708
f 365 372 832
f 714 631 628
f 363 367 1243
f 374 1360 238
f 729 1293 626
f 365 714 379
f 1680 631 1500
f 829 377 231
f 380 1567 1701
f 1433 231 377
f 1701 1567 622
f 826 381 1375
f 383 993 1141
f 1797 1649 1423
f 619 1570 993
f 44 1278 954
f 1101 1277 1099
f 854 291 287
f 1345 1641 540
f 540 1641 1437
f 1636 168 1409
f 212 1409 1582
f 1119 1697 1409
f 1076 207 208
f 722 211 168
f 1696 1784 168
f 1783 722 724
f 1784 1879 722
f 429 1143 1179
f 1949 1943 1983
f 1272 1707 822
f 725 212 1582
f 732 1883 428
f 1605 432 1602
f 202 450 725
f 694 178 1586
f 1278 1316 954
f 1146 184 1713
f 978 189 1715
f 178 623 558
f 1716 1831 1691
f 1832 563 449
f 1148 175 1690
f 174 1149 1575
f 174 1888 946
f 178 558 818
f 550 818 558
f 1635 1651 1643
f 1204 160 162
f 581 461 1320
f 1654 1004 1346
f 581 710 1086
f 158 160 1204
f 1089 1598 1890
f 1169 953 1101
f 1440 34 1442
f 511 1309 970
f 511 766 762
f 147 22 767
f 1420 518 1167
f 470 468 157
f 1443 40 1638
f 47 44 956
f 117 1607 1604
f 473 466 771
f 1733 249 1620
f 56 1628 1232
f 1158 1794 1959
f 1622 61 549
f 1158 476 481
f 1795 83 956
f 579 478 802
f 1366 1794 1158
f 352 1177 1160
f 776 350 61
f 1181 411 87
f 772 799 43
f 491 488 1466
f 800 1402 79
f 256 1343 1294
f 1658 957 1162
f 1616 1160 1177
f 1728 382 1443
f 481 803 1366
f 555 69 1175
f 66 352 79
f 1352 1312 385
f 1165 502 953
f 968 775 475
f 1661 1270 1183
f 484 1661 1183
f 1660 1229 1107
f 478 579 116
f 519 40 41
f 1159 130 1984
f 34 1638 1314
f 540 1643 1236
f 1422 26 23
f 1392 801 1170
f 1414 792 28
f 778 1946 1729
f 1134 1219 1028
f 22 147 13
f 539 1102 500
f 28 553 950
f 1102 1095 500
f 536 1457 529
f 1047 1253 1024
f 170 1819 171
f 172 169 1930
f 1082 169 975
f 175 174 1821
f 175 1854 177
f 172 177 1249
f 100 509 67
f 971 450 1715
f 1994 1823 1822
f 181 1823 1994
f 1153 179 1992
f 1825 180 182
f 225 518 1639
f 182 741 181
f 182 743 1826
f 438 978 450
f 1827 185 1147
f 1828 185 184
f 189 1827 1147
f 184 185 1829
f 454 189 979
f 642 823 539
f 440 188 1250
f 188 738 1250
f 1831 1716 1934
f 773 947 509
f 415 986 995
f 1618 1753 1259
f 420 205 1753
f 1835 1752 428
f 1752 1835 1834
f 1837 1752 602
f 1784 1119 724
f 1708 1934 1222
f 1076 208 220
f 221 220 217
f 491 534 24
f 229 67 509
f 704 610 220
f 1699 403 222
f 515 947 17
f 650 846 852
f 559 1280 823
f 231 716 829
f 716 378 628
f 236 624 238
f 237 713 240
f 1234 1839 340
f 340 368 1234
f 245 42 343
f 1652 859 1938
f 255 1067 252
f 348 1067 255
f 1122 1123 1052
f 1137 1214 1088
f 627 1757 265
f 345 260 259
f 1081 261 260
f 1494 1704 1430
f 1494 1518 1471
f 1946 1731 115
f 849 114 480
f 844 294 1124
f 1085 1092 1106
f 338 797 344
f 276 1429 1014
f 344 274 338
f 1106 1092 1078
f 1348 286 282
f 1480 1515 670
f 1028 1022 1210
f 1201 681 1325
f 113 463 110
f 1515 673 670
f 1564 582 109
f 873 123 1512
f 1292 1033 1298
f 873 1511 1547
f 1074 1736 1738
f 1738 1737 107
f 1737 1736 1563
f 1738 1562 1184
f 1562 1738 1394
f 109 1743 1739
f 1185 1184 109
f 1393 1743 1184
f 1213 1033 1324
f 1002 665 1411
f 1737 1738 1736
f 1907 1950 1742
f 1740 1184 1743
f 1185 109 1740
f 1393 860 862
f 860 1186 1744
f 1731 1335 1949
f 1912 1187 1910
f 1741 1187 1074
f 1189 1184 1188
f 958 306 1779
f 1068 1139 1078
f 1952 874 1892
f 1044 874 1510
f 875 874 1044
f 298 280 1213
f 1364 1361 445
f 445 446 1748
f 446 936 883
f 446 1344 1748
f 1362 444 936
f 315 319 333
f 508 890 888
f 1349 1350 1351
f 1195 1353 1350
f 1224 1025 1073
f 1199 426 893
f 324 338 847
f 1317 1196 1315
f 1286 118 146
f 1215 836 653
f 620 1070 421
f 1921 1810 1754
f 1386 1960 1754
f 913 1199 893
f 146 391 1040
f 155 1053 627
f 1324 1292 1037
f 1205 1202 1029
f 227 924 911
f 656 1940 322
f 1028 1023 1220
f 262 911 924
f 942 305 828
f 1027 635 781
f 1465 1983 251
f 1221 254 633
f 657 283 833
f 251 1983 1943
f 1134 1028 1133
f 1509 1506 774
f 1924 1506 1509
f 283 272 262
f 1945 1335 1985
f 266 257 293
f 272 943 1985
f 1032 1132 1035
f 1035 1126 1030
f 341 265 1757
f 1985 943 657
f 1292 316 1039
f 645 266 1291
f 1029 1126 1037
f 1941 1985 1939
f 920 774 357
f 1941 1939 1987
f 681 924 227
f 1129 668 298
f 1036 324 847
f 1332 1905 126
f 152 151 922
f 1482 228 1059
f 1496 303 959
f 1379 1380 1787
f 1973 1974 1965
f 847 338 1009
f 913 893 627
f 1396 1489 1410
f 1485 154 153
f 389 1018 390
f 925 392 542
f 1478 393 394
f 646 674 296
f 1941 1987 1938
f 404 692 1871
f 140 1808 1244
f 404 1534 537
f 535 903 405
f 407 1256 408
f 1011 1475 1539
f 135 933 697
f 424 697 1843
f 422 436 435
f 1544 1671 1956
f 697 1258 1542
f 434 1874 1258
f 1479 1190 1073
f 1779 1776 1434
f 1779 1780 1776
f 1550 513 127
f 513 444 1801
f 1801 444 126
f 1515 1480 1413
f 445 447 1847
f 445 1194 446
f 1350 1194 445
f 701 448 1873
f 1551 895 127
f 1432 1704 1516
f 1704 1705 1516
f 1008 226 680
f 1223 1001 1176
f 1926 1458 1050
f 1297 1431 1490
f 112 460 111
f 1987 1652 1938
f 510 1353 1501
f 1938 859 634
f 1211 1218 1138
f 1339 446 444
f 1137 1075 1241
f 363 362 364
f 244 527 961
f 369 632 365
f 832 1243 625
f 631 1680 829
f 365 379 376
f 1568 1498 826
f 236 715 232
f 1453 55 45
f 1140 230 622
f 514 1201 1099
f 1279 1946 115
f 1708 1831 1934
f 722 1696 211
f 1783 1784 1696
f 1251 1783 1119
f 724 1251 1784
f 399 208 425
f 1372 206 1222
f 851 996 62
f 203 205 437
f 822 979 1262
f 1785 190 1786
f 1367 438 450
f 451 818 761
f 459 973 759
f 566 1452 570
f 1669 581 1086
f 13 1601 1087
f 766 157 762
f 1192 1280 1214
f 469 1270 1890
f 1612 1237 489
f 30 37 1281
f 1356 1600 1599
f 849 1732 512
f 1226 1661 1659
f 1280 1095 1102
f 1610 1191 1229
f 485 1615 1240
f 804 1162 776
f 1613 1160 1616
f 1181 87 1614
f 561 1466 488
f 382 1728 86
f 1160 335 352
f 1348 952 955
f 67 512 831
f 82 61 1622
f 490 1164 1417
f 352 502 1177
f 249 352 66
f 233 795 1796
f 796 1796 555
f 524 529 10
f 1944 807 566
f 18 11 7
f 956 44 1390
f 1959 1794 1944
f 1984 1414 499
f 1637 1635 1643
f 1314 1445 1100
f 778 1729 642
f 500 1095 1238
f 799 1171 46
f 1100 1798 531
f 1730 1426 1648
f 1459 1399 811
f 1437 1424 1425
f 1227 1203 1024
f 1425 1423 1451
f 1296 954 1316
f 1170 954 1296
f 1316 1640 1172
f 6 1398 2
f 807 1944 1368
f 63 31 88
f 5 52 39
f 538 5 564
f 1314 1638 1444
f 1641 1444 1638
f 67 831 150
f 312 310 311
f 191 544 150
f 1415 1418 1634
f 47 1633 1278
f 1416 1634 1417
f 1095 1168 1093
f 1322 560 1171
f 33 8 55
f 788 1984 499
f 1104 551 69
f 335 1097 79
f 19 68 57
f 1177 1181 1614
f 490 86 1164
f 1623 1658 1162
f 960 795 487
f 803 1365 1366
f 1137 1088 1075
f 1453 570 55
f 578 1088 568
f 1611 472 1107
f 1282 476 472
f 574 855 94
f 89 465 119
f 569 1405 1403
f 102 103 99
f 1226 1659 471
f 494 1984 130
f 1663 1387 107
f 860 464 1554
f 385 1312 511
f 116 1269 147
f 147 767 116
f 873 1923 123
f 1670 1577 1537
f 1803 1550 1721
f 1804 129 1550
f 132 932 933
f 897 696 895
f 133 409 1245
f 137 138 931
f 903 1807 1246
f 688 1247 142
f 1812 1533 142
f 1812 142 1534
f 1814 1813 1790
f 1814 688 1813
f 1813 143 144
f 1815 1247 144
f 1816 905 541
f 1021 1203 1227
f 546 13 147
f 152 1924 1509
f 155 542 1053
f 672 1223 216
f 160 545 161
f 115 1949 1465
f 991 461 1084
f 755 1182 456
f 1822 1761 1283
f 449 1716 562
f 1862 745 1285
f 188 1863 588
f 8 807 1392
f 1147 1829 745
f 1864 441 442
f 1139 1202 1205
f 596 597 168
f 1932 598 599
f 1372 1117 1370
f 1371 1117 1372
f 2000 1841 1835
f 1747 722 602
f 602 1841 2000
f 1508 228 1482
f 1076 417 418
f 1179 987 429
f 1582 1858 1735
f 920 357 228
f 399 220 208
f 1707 726 1409
f 990 719 609
f 1022 1028 1220
f 635 234 781
f 1024 1219 1047
f 1141 1700 231
f 224 231 1433
f 1054 1053 919
f 1700 1567 1566
f 915 554 1020
f 626 1234 375
f 286 671 285
f 1457 131 529
f 1234 1293 1839
f 1343 1702 1294
f 842 340 1839
f 527 340 842
f 708 270 245
f 298 292 280
f 915 918 682
f 1975 1520 682
f 1520 1057 682
f 1787 917 1056
f 772 802 766
f 1067 1460 358
f 835 1121 1123
f 1254 1212 1121
f 281 942 254
f 1545 1125 1033
f 683 1123 1212
f 1574 1532 1536
f 641 348 351
f 1290 1531 1041
f 1035 1030 1032
f 1397 837 259
f 1522 390 1484
f 1522 917 1787
f 1133 1038 1036
f 1521 1468 267
f 271 346 258
f 1429 1297 1014
f 344 643 274
f 1705 1480 1486
f 1007 321 660
f 1496 278 1517
f 967 299 289
f 542 155 906
f 616 154 1868
f 153 616 1922
f 310 848 334
f 346 327 326
f 630 921 693
f 1939 657 833
f 322 1986 638
f 1499 312 1513
f 1476 1070 620
f 614 1525 393
f 1058 1525 611
f 612 393 154
f 615 1867 616
f 614 1527 1526
f 630 693 155
f 653 1496 1215
f 1462 845 671
f 661 338 324
f 959 297 308
f 331 313 323
f 1002 278 665
f 316 1292 951
f 1055 159 1019
f 1129 298 1324
f 339 843 276
f 1517 1297 1429
f 1430 1517 1518
f 1706 1780 1467
f 1458 1781 1216
f 1508 1482 1059
f 1521 837 1255
f 1255 1494 1471
f 1464 660 321
f 1125 977 1298
f 255 294 640
f 387 913 919
f 348 641 972
f 346 1136 258
f 346 980 1136
f 1532 1531 1703
f 683 1063 1081
f 638 637 348
f 706 1136 980
f 1138 1218 1254
f 247 1121 835
f 361 977 1545
f 634 247 835
f 708 361 1211
f 832 368 340
f 1498 1500 631
f 1018 1485 1484
f 1484 1920 919
f 1130 256 265
f 1485 1840 389
f 379 714 378
f 316 1031 1039
f 293 1034 266
f 1375 381 1120
f 1945 1942 1943
f 223 619 224
f 213 1461 1570
f 100 1311 15
f 1707 1272 419
f 399 736 720
f 1479 1021 1190
f 1076 1370 414
f 418 1695 1370
f 413 415 1076
f 418 986 413
f 1076 418 413
f 623 1708 1222
f 203 423 205
f 608 416 149
f 1079 1844 1709
f 428 1257 205
f 141 1812 1225
f 1880 142 537
f 437 1756 983
f 1533 1256 1535
f 1118 438 1367
f 1261 193 1786
f 998 449 563
f 819 946 944
f 750 1685 819
f 1264 1851 1895
f 453 819 1851
f 1267 458 1083
f 1758 973 459
f 813 547 1086
f 1226 1669 547
f 158 546 1200
f 160 1200 545
f 545 130 970
f 147 1200 546
f 1356 120 1197
f 676 1294 1702
f 805 784 769
f 636 1702 1428
f 81 1615 485
f 1875 934 1539
f 1877 1064 1472
f 526 1877 1541
f 18 1446 11
f 356 1235 633
f 1061 613 929
f 146 128 900
f 613 394 1015
f 1402 1620 79
f 422 1066 135
f 1777 1775 1015
f 1177 1165 1181
f 1368 1365 1795
f 1235 672 898
f 1289 1025 1224
f 1971 1972 1965
f 1971 1976 1982
f 1970 1971 1965
f 1974 1982 1970
f 1974 1970 1965
f 900 608 1481
f 501 497 790
f 76 1656 503
f 1112 1113 685
f 513 1541 1317
f 687 904 905
f 1790 1247 1225
f 1225 140 1870
f 1870 140 1869
f 141 404 1869
f 1869 904 688
f 404 688 692
f 688 690 689
f 691 1811 141
f 1630 1449 1632
f 930 695 433
f 934 1875 435
f 566 227 1455
f 1073 1025 1479
f 699 932 696
f 895 434 435
f 1627 1169 1101
f 421 1670 1537
f 1167 518 41
f 1404 1059 633
f 789 35 1415
f 1435 1653 1651
f 1263 1954 701
f 426 145 541
f 784 1946 778
f 1368 999 807
f 1328 111 460
f 1444 1345 1236
f 1543 1544 1541
f 1542 1543 1846
f 106 1569 860
f 499 1414 1948
f 1170 801 1391
f 1241 1075 1190
f 901 416 1012
f 608 517 1872
f 1334 1872 517
f 1334 517 1470
f 1470 901 608
f 409 1805 1475
f 1316 1276 1296
f 816 806 914
f 1925 1011 526
f 1648 1798 1730
f 467 398 1239
f 1150 433 882
f 1399 6 811
f 569 1090 479
f 851 1583 1401
f 1475 1540 1473
f 895 1551 426
f 1010 526 1302
f 1404 1508 1059
f 1946 1947 1731
f 517 901 1012
f 216 1948 30
f 901 1334 592
f 498 1334 900
f 509 947 1597
f 1069 1384 127
f 1280 559 57
f 770 493 515
f 823 25 559
f 1214 68 1088
f 1099 1201 1325
f 62 735 851
f 1749 882 1546
f 879 1511 1546
f 1362 1546 1511
f 1548 1361 1549
f 1364 879 1548
f 879 1952 121
f 521 950 30
f 524 12 529
f 1313 1099 552
f 1959 1944 1947
f 507 131 85
f 1071 496 888
f 90 93 939
f 89 93 90
f 567 4 39
f 52 565 1
f 94 465 938
f 477 1859 96
f 1065 252 702
f 1919 510 508
f 1865 444 591
f 421 1537 620
f 1553 1554 1048
f 1552 580 1553
f 1553 1667 1151
f 1048 1667 1552
f 1725 1151 1048
f 1556 1951 1665
f 1560 1556 1666
f 1556 1665 496
f 1558 1560 888
f 888 1557 1558
f 923 1287 1963
f 1777 1963 1287
f 614 1526 1287
f 26 1857 23
f 1288 1922 1522
f 614 615 923
f 614 390 1288
f 1093 51 1238
f 183 1469 621
f 1423 1450 1451
f 584 386 578
f 1316 1172 1276
f 1101 1099 1172
f 1479 1025 1220
f 630 155 1428
f 1289 1022 1025
f 1419 26 1275
f 1004 1642 1447
f 953 528 1277
f 1024 1202 1068
f 924 1201 1042
f 1205 1209 1013
f 1332 1551 127
f 1653 1236 1651
f 1253 1202 1024
f 1342 1632 1346
f 250 357 774
f 1342 1653 1631
f 576 577 1340
f 1210 1133 1028
f 257 266 645
f 942 781 254
f 54 48 49
f 1134 1032 1047
f 1387 1187 1741
f 1736 1741 1562
f 1032 1030 1047
f 1440 1625 1439
f 1620 249 66
f 262 272 911
f 335 1238 548
f 83 1271 783
f 1132 1032 1134
f 1104 80 73
f 74 1658 1623
f 1506 794 817
f 803 83 1795
f 1617 353 1355
f 800 1728 1402
f 1191 561 1238
f 1190 1092 1241
f 1129 1132 1036
f 582 1564 1737
f 1737 1564 1565
f 1739 1737 1184
f 107 1565 582
f 1107 1160 1611
f 582 1565 109
f 1108 1609 1191
f 113 477 96
f 478 116 767
f 1200 494 130
f 1269 494 1200
f 1661 1089 1270
f 671 1130 1462
f 191 1612 544
f 652 308 668
f 160 158 1200
f 326 1298 346
f 1130 286 853
f 638 1986 637
f 1673 157 462
f 1488 824 1513
f 761 1890 1598
f 286 1348 853
f 1267 1320 461
f 163 1174 1596
f 455 946 751
f 754 752 456
f 1771 1770 1717
f 300 284 290
f 1850 1894 1852
f 747 1283 1851
f 1283 1895 1851
f 1895 819 1264
f 819 1283 1264
f 180 738 182
f 971 1147 745
f 588 745 454
f 740 1714 441
f 590 745 739
f 588 1863 590
f 854 1779 306
f 202 1367 450
f 1903 1904 1897
f 1904 1367 1996
f 1903 1897 738
f 1997 820 1898
f 1898 1901 1997
f 1901 820 1899
f 1997 1899 820
f 1997 1900 1899
f 822 1904 1902
f 1902 1996 1367
f 1903 738 1900
f 198 207 197
f 200 1198 1259
f 1259 423 200
f 276 280 339
f 990 987 1179
f 726 1707 419
f 287 1467 854
f 1051 679 1471
f 1052 273 677
f 1468 1521 1255
f 707 570 1325
f 1494 1255 1495
f 1009 972 641
f 993 622 1567
f 1700 1141 993
f 255 1065 1124
f 964 374 366
f 1212 1254 1063
f 1211 1138 708
f 835 1123 358
f 703 1938 1460
f 1460 634 835
f 702 358 1122
f 708 360 270
f 240 711 362
f 240 523 711
f 523 240 713
f 1063 1254 1545
f 625 239 832
f 1323 712 236
f 1124 1122 1052
f 1433 1707 224
f 1216 1495 1536
f 949 538 524
f 1140 1570 1461
f 1986 1938 703
f 224 1409 212
f 1140 1831 718
f 217 395 221
f 719 396 609
f 213 212 659
f 1125 1298 1033
f 412 720 736
f 723 721 722
f 1784 722 721
f 1746 2000 722
f 168 598 722
f 721 599 1881
f 988 602 722
f 427 430 728
f 1310 1882 728
f 597 1883 1310
f 736 1303 583
f 731 1884 728
f 597 1885 1883
f 728 1885 596
f 212 725 450
f 188 442 739
f 186 1714 442
f 1381 1979 159
f 1304 563 737
f 278 1002 679
f 744 1306 1862
f 745 1862 586
f 1862 747 587
f 176 1862 1991
f 1935 1522 1936
f 1772 1717 1686
f 1772 1887 1684
f 1717 1886 1148
f 946 1771 1772
f 1771 1717 1571
f 1888 1771 1719
f 753 944 455
f 456 174 457
f 1691 760 562
f 462 762 1673
f 639 425 1304
f 1127 1463 856
f 469 1087 1608
f 385 511 768
f 1937 952 649
f 1608 1270 469
f 1215 308 320
f 772 766 1312
f 650 655 846
f 968 475 104
f 1269 116 494
f 1615 1356 1240
f 1156 784 775
f 1659 804 471
f 1941 1986 1942
f 777 1312 1352
f 321 856 661
f 1129 1036 668
f 1439 1402 1728
f 1616 1177 1614
f 382 86 490
f 965 1623 1183
f 492 780 78
f 463 101 102
f 579 802 553
f 579 553 792
f 1091 1078 1062
f 335 1160 1238
f 324 1034 658
f 548 505 1624
f 1126 1324 1037
f 1167 1417 1634
f 777 499 793
f 1984 792 1414
f 38 249 1733
f 914 793 499
f 483 997 878
f 225 1639 1638
f 953 1277 1101
f 1644 1650 1342
f 293 257 1007
f 1637 1451 1005
f 799 793 1171
f 1444 1445 1314
f 1335 272 1985
f 1171 793 806
f 1275 26 1422
f 1425 540 1437
f 1423 1649 1450
f 1924 794 1506
f 1042 1006 253
f 76 1162 1103
f 1422 1647 1003
f 257 645 1008
f 1253 1126 1029
f 816 809 806
f 28 950 521
f 108 811 810
f 1318 88 29
f 633 250 1221
f 51 1093 1091
f 841 809 279
f 1441 1322 809
f 1021 1023 1203
f 680 1295 1022
f 621 920 228
f 614 616 1522
f 1227 1190 1021
f 1337 1677 392
f 929 1338 393
f 393 1061 929
f 1478 1338 1061
f 542 1199 685
f 897 930 696
f 1807 902 1808
f 134 932 136
f 134 934 135
f 435 932 934
f 510 1503 591
f 1504 1353 510
f 1176 479 216
f 1799 1923 1341
f 229 509 1597
f 1070 1476 1670
f 1577 1670 1476
f 1373 416 907
f 1280 57 1214
f 216 1223 1176
f 939 855 89
f 96 939 573
f 415 1370 1695
f 220 610 1076
f 1231 1239 1166
f 1597 1537 1577
f 45 552 941
f 860 1393 109
f 878 1859 1326
f 1519 1950 1907
f 1743 861 1519
f 1184 1519 1907
f 1742 1740 861
f 1907 1393 1186
f 1237 1094 62
f 1441 1404 1322
f 1359 486 1327
f 1909 1911 1910
f 1910 1911 1359
f 1188 1359 1911
f 1912 1911 863
f 941 1099 1325
f 1664 867 866
f 1329 867 1330
f 868 1907 870
f 869 868 1330
f 1329 1330 870
f 566 1335 1731
f 1913 124 1953
f 1913 1048 464
f 1913 1953 873
f 1048 1913 873
f 1893 874 504
f 875 1893 464
f 875 876 1893
f 881 1044 876
f 881 877 1043
f 880 1546 1331
f 1331 882 1044
f 881 1331 1511
f 1914 123 1193
f 1193 887 1725
f 892 891 1193
f 889 1914 892
f 1551 893 426
f 544 1612 489
f 1915 1917 1954
f 1917 889 701
f 594 1919 701
f 594 1503 1919
f 594 1918 1915
f 1873 1955 1263
f 1373 907 483
f 512 229 849
f 882 125 504
f 1333 699 896
f 895 930 1333
f 695 930 895
f 1190 1227 1092
f 899 443 1872
f 416 592 517
f 433 695 906
f 140 1225 1814
f 584 1008 386
f 1960 1810 1921
f 907 416 910
f 822 820 438
f 820 822 1118
f 1336 1377 1520
f 1054 919 913
f 216 841 279
f 1965 1972 1381
f 1974 1971 1982
f 1976 1967 1982
f 1973 1976 1972
f 1972 1974 1973
f 1971 1974 1972
f 1972 1976 1381
f 1967 1973 1966
f 1973 1967 1976
f 1966 1973 1381
f 1976 1966 1381
f 1980 1966 1976
f 1379 1967 1968
f 1967 1379 1980
f 1966 1968 1967
f 1968 1980 1381
f 1381 1973 1968
f 1379 1968 1973
f 1379 1969 1980
f 1379 1787 1487
f 1367 820 1118
f 620 922 148
f 1102 823 1280
f 152 630 1924
f 1036 1034 324
f 1944 566 1947
f 1025 1022 1220
f 1857 992 514
f 807 8 33
f 1219 1024 1203
f 70 4 3
f 538 564 12
f 226 1008 645
f 75 74 73
f 88 1318 533
f 533 1318 536
f 642 534 491
f 781 942 1027
f 1026 254 781
f 1095 1093 1238
f 23 1857 21
f 1423 1426 1797
f 1730 1646 1797
f 1856 1730 1798
f 1421 1424 1437
f 1943 1949 1945
f 1029 1039 1031
f 1099 1277 20
f 20 1277 528
f 1165 1096 1181
f 1100 1445 1798
f 507 1363 9
f 1856 1445 1650
f 1650 1644 1645
f 33 55 1452
f 1444 1641 1345
f 1642 1448 1273
f 1132 1133 1036
f 1654 1346 1632
f 1165 953 1169
f 1415 506 789
f 1342 349 1632
f 1368 956 999
f 309 1627 1633
f 1634 1416 1415
f 233 1796 791
f 796 501 1796
f 796 1175 59
f 251 1943 1940
f 1656 1103 1626
f 952 1505 817
f 1129 1324 1035
f 1541 1540 436
f 594 1502 894
f 1502 1503 894
f 985 984 1357
f 1822 1153 1761
f 1822 1689 1153

