# https://github.com/mikedh/trimesh
v 0.11048722 -0.01518981 -0.00629153
v 0.11586628 -0.01622709 -0.00214441
v 0.11140887 -0.01575994 -0.00456712
v 0.10668431 -0.01200056 0.01073125
v -0.20753010 0.00692519 0.01534041
v -0.52778500 -0.01299000 0.05707000
v 0.10120306 -0.01465650 -0.00754100
v 0.53172100 0.01353400 -0.00418600
v 0.52908450 0.01378950 -0.00485800
v 0.53277522 0.01295475 -0.00379475
v 0.10541000 -0.01384700 -0.00903113
v 0.53019249 0.01354075 0.00408100
v -0.20847856 0.00307281 0.01633078
v 0.02174661 0.01682578 0.00236506
v 0.09868025 -0.01223969 -0.01116175
v 0.11292650 -0.01609575 0.00233337
v 0.04128888 0.01636000 0.00401463
v -0.22133812 0.00990772 0.01387297
v 0.53010201 0.01260000 -0.00694100
v 0.02007194 0.01620144 -0.00507163
v 0.53154558 -0.01263950 0.00018650
v 0.11402985 -0.01536994 0.00504434
v 0.04505700 0.01523913 0.00710903
v 0.03815300 0.01291322 -0.01073109
v -0.52585948 -0.01389750 0.05721150
v 0.53213179 0.01157119 0.00620356
v 0.04345400 0.01684869 -0.00143675
v 0.52983928 0.01233813 0.00770412
v 0.17557906 0.00732919 -0.01478888
v 0.53186297 0.01112450 -0.00848700
v -0.21649703 0.01084194 -0.01270772
v 0.04585022 0.01540634 -0.00684944
v 0.17984875 0.01044747 -0.01287687
v 0.53320432 0.01156875 -0.00138619
v 0.53389817 -0.01142244 -0.00366856
v 0.16126850 0.01178312 -0.01170956
v -0.52925903 -0.01274400 0.05605900
v -0.52372277 -0.01578750 0.04716125
v -0.19530362 -0.01218128 -0.01066000
v -0.52704489 -0.01471325 0.03020613
v -0.52553099 -0.01569900 0.01657000
v -0.52602297 -0.01533900 0.02965250
v -0.52011752 -0.01628225 0.04542125
v -0.19754812 -0.00876413 -0.01372831
v 0.53379750 -0.01193250 -0.00002450
v -0.33119261 -0.00343069 -0.01564628
v -0.52870500 -0.01331575 0.03796175
v 0.04145681 0.01441244 -0.00871342
v -0.52659369 -0.01463919 0.04711700
v 0.10592587 -0.01632150 0.00015037
v -0.52582598 -0.01522300 0.05579000
v -0.31270069 -0.01182556 0.01064519
v -0.51808900 -0.01590187 0.05566575
v 0.10488941 -0.01389756 0.00811731
v -0.49860263 -0.00921875 -0.01657131
v 0.53258640 -0.01216700 0.00286887
v -0.52325243 -0.01599725 0.05424412
v -0.52312040 -0.01602000 0.03171575
v 0.04801025 0.01643241 -0.00394480
v 0.08035672 0.00069966 0.01617453
v -0.32825086 -0.01004717 0.01243634
v 0.04496581 0.01423078 0.00881506
v 0.01144250 0.01694975 -0.00150775
v 0.29090571 -0.01320659 -0.00930770
v -0.29778191 -0.01022950 0.01227567
v 0.05006278 0.01157656 0.01193000
v 0.05857031 0.00729828 0.01473663
v 0.06160356 0.00512375 0.01553919
v 0.07518694 -0.00077697 0.01611103
v 0.51671624 -0.00744000 -0.01208719
v 0.06811425 0.00300375 0.01599975
v 0.51734835 0.01499706 -0.00304456
v 0.53308702 0.00951300 -0.00937300
v 0.02194100 0.01702450 0.00036650
v 0.08641212 -0.00937522 -0.01373744
v 0.51584727 -0.00475875 -0.01355413
v 0.09943025 -0.00980850 0.01265950
v 0.08822262 -0.01077583 0.01181189
v 0.50464088 -0.00480011 -0.01398742
v 0.27599066 -0.00559377 -0.01516705
v 0.21550463 -0.01256838 0.01001306
v -0.19968128 0.01007184 0.01365622
v 0.07944272 -0.00675853 -0.01517884
v 0.53370476 0.00945725 -0.00742325
v 0.53302115 0.01015238 0.00562412
v -0.52778798 -0.01115550 0.05763850
v -0.20272434 0.01233717 0.01183355
v -0.20903003 -0.00643803 -0.01498600
v 0.07047125 0.00222363 -0.01649644
v 0.52540123 0.01428331 0.00508231
v 0.07682487 -0.00033591 -0.01662719
v 0.51583040 0.01410119 0.00736344
v -0.21258737 0.01163369 0.01256613
v 0.20745631 -0.01036019 0.01232275
v 0.50873971 0.01456214 -0.00538239
v 0.52710950 0.01191213 0.00933650
v -0.31758207 -0.00235012 -0.01593200
v -0.33521399 0.00261437 0.01671450
v 0.52486700 0.01501500 -0.00129000
v 0.53130788 -0.01161431 -0.00520469
v 0.52743614 0.00992913 -0.00995062
v 0.52625823 -0.00958650 -0.00918250
v 0.52010071 0.01532128 0.00223469
v -0.30941427 -0.00415144 -0.01552741
v 0.31175977 -0.01191362 0.01104434
v 0.18576494 -0.00371994 -0.01603694
v -0.52071351 -0.01479600 0.05711300
v 0.30465907 -0.01156284 -0.01124559
v -0.19191378 0.00796388 0.01482594
v 0.50635028 0.01325316 -0.00794291
v -0.19258519 -0.01123028 0.01121056
v -0.19346884 0.00585347 0.01568659
v 0.15915579 0.01348577 -0.00976797
v 0.26298401 0.01067450 0.01312550
v -0.51551098 -0.01631375 0.05249350
v -0.52320099 -0.01614100 0.01439500
v -0.53122801 -0.01034500 0.05624200
v 0.25575852 0.00824144 0.01465553
v -0.51624531 -0.01632188 0.04658106
v 0.19368337 -0.01384116 -0.00883019
v -0.51444638 -0.01674375 0.01730900
v -0.52957940 -0.01274347 0.02531088
v 0.05352367 0.00394737 -0.01620950
v -0.30387315 -0.00628472 -0.01475747
v 0.51180685 -0.00213652 -0.01442592
v 0.49608439 -0.00157625 -0.01476084
v 0.19261768 -0.01168447 -0.01159069
v 0.25923797 0.01347584 0.01028137
v -0.14058404 -0.00776066 -0.01443122
v -0.36010709 0.00194084 -0.01598099
v -0.53125191 -0.01066309 0.03783431
v -0.14099562 -0.00975600 -0.01312719
v 0.32192007 -0.01474516 -0.00650478
v -0.53157401 -0.01027675 0.05409125
v 0.31344283 -0.01029066 0.01262831
v -0.53053987 -0.01190137 0.00997794
v 0.05675406 0.00720881 -0.01507014
v 0.10334162 -0.01072056 -0.01265597
v 0.08444188 -0.00795875 0.01389544
v 0.33868974 -0.01135109 0.01173844
v -0.52509892 -0.01547606 0.00074187
v -0.52201432 -0.01615844 0.00042394
v -0.52822089 -0.01394100 0.01061056
v 0.09835000 -0.00817995 -0.01446978
v -0.12313212 -0.01144166 0.01098995
v -0.52785301 -0.01433800 -0.00762900
v 0.33617201 -0.01305500 0.00973500
v 0.17446631 -0.01173325 -0.01161487
v -0.52526999 -0.01567819 -0.00713487
v -0.12587550 -0.00670813 -0.01502778
v -0.12185041 -0.01026078 -0.01275919
v -0.38197309 0.00937244 -0.01337647
v 0.53112000 0.00778000 -0.01144500
v 0.12132481 0.01355903 0.00974603
v 0.09454375 -0.00547695 0.01507578
v -0.37936312 0.01170669 -0.01158969
v -0.25304678 0.00906503 0.01447706
v -0.16699848 0.01359431 0.01039359
v -0.22874865 -0.01089228 -0.01190331
v 0.27031431 0.01135334 -0.01190381
v 0.16818069 -0.01358050 -0.00934581
v -0.24123047 -0.00671220 -0.01475758
v -0.08914975 -0.01135694 -0.01189787
v -0.08380687 -0.01311553 -0.00982141
v -0.52417803 -0.01598575 -0.01450125
v -0.52511007 -0.01564144 -0.01871350
v 0.08229794 -0.00248294 -0.01644225
v 0.04454456 0.00899941 -0.01411700
v 0.15261377 -0.01228134 -0.01104937
v -0.37088126 0.01371997 -0.00953284
v 0.10340165 0.01314672 -0.01024116
v 0.10388691 0.01257572 0.01094703
v 0.14896217 -0.01314008 0.00931689
v -0.14954494 0.01258516 -0.01111966
v 0.05708419 0.00924106 0.01371856
v -0.52981567 -0.01260781 -0.00327931
v 0.07182693 0.00537741 -0.01577566
v -0.12897764 0.00952523 -0.01370213
v 0.09938394 0.01111988 0.01236084
v -0.07249797 -0.00794637 -0.01452244
v 0.53318048 0.00520875 -0.01218725
v -0.08064228 -0.01053241 -0.01268847
v 0.28567070 0.01065475 0.01317359
v 0.09856416 0.00908844 0.01383397
v 0.05674249 0.01042403 -0.01309494
v -0.51340598 -0.01525100 0.05665100
v -0.27757293 0.00993255 0.01402295
v -0.28036481 0.01249066 0.01200613
v -0.33647978 0.01628403 0.00641837
v -0.33785662 0.01527216 0.00869459
v -0.05794948 -0.01226380 -0.01104048
v -0.49915010 -0.00739400 -0.01853209
v -0.49191034 -0.00795128 -0.01359453
v 0.53222853 0.00807100 0.01125150
v 0.53387618 0.00504250 -0.00384306
v 0.30497870 0.00554050 0.01595169
v 0.13285893 -0.01077966 -0.01253316
v 0.11467625 -0.00890025 -0.01400437
v 0.53064799 0.01043700 0.01009650
v 0.52958798 0.00956200 0.01120950
v 0.29870209 0.00980731 0.01389778
v -0.25737095 -0.00676219 -0.01474375
v 0.38164851 -0.01313263 -0.00918213
v 0.49218249 0.01702025 0.00137575
v -0.28343084 0.00820233 -0.01433319
v -0.35677776 0.01674777 0.00491734
v -0.49457443 -0.00928019 -0.01325319
v -0.30487451 0.00892416 -0.01388375
v -0.29043522 0.01011569 -0.01308553
v -0.12504810 0.01225169 -0.01147653
v -0.53342003 -0.00459500 0.05744700
v -0.29688501 0.01193378 -0.01149525
v -0.31478614 0.01107480 -0.01232264
v -0.39107496 0.01360534 0.01121016
v -0.52828503 -0.00902000 0.05792200
v -0.27076539 -0.00675362 -0.01468041
v 0.11968493 -0.01260200 -0.01070528
v 0.11877450 -0.01075113 -0.01260213
v 0.53374189 0.00328600 0.00631859
v 0.39042062 -0.01091150 0.01229181
v -0.05019262 -0.00878934 0.01321584
v 0.06846897 0.01128791 0.01218906
v 0.39771271 -0.01283047 0.01020967
v 0.35563374 0.00254900 0.01671553
v 0.36117044 0.00465994 0.01634147
v 0.34790072 0.01254914 -0.01035798
v 0.53324699 0.00398500 0.01182900
v 0.07827214 0.00672090 0.01501864
v 0.40883419 -0.01119900 0.01210994
v 0.05978975 0.01362875 0.00967050
v 0.52954900 0.00801150 0.01221550
v 0.50216979 0.01625575 0.00392450
v 0.41586307 -0.00840725 0.01437862
v -0.05120281 -0.00856213 -0.01424125
v -0.51349998 -0.01379600 0.05744900
v 0.45677638 0.00957927 -0.01248038
v -0.32291716 0.00900206 -0.01382194
v 0.50128710 0.01526456 0.00720250
v 0.06082650 -0.00104266 -0.01662922
v 0.41630986 -0.01303728 0.00998225
v -0.04261160 -0.00726550 -0.01496994
v 0.49351189 0.01673662 -0.00088575
v -0.30342138 -0.00161538 -0.01605881
v 0.51416564 0.01059038 -0.01016775
v -0.51344037 -0.01599737 0.05385762
v -0.53200513 -0.01008419 0.01575675
v 0.06030016 -0.00291469 -0.01636253
v -0.51720440 -0.01637487 0.03152975
v -0.33283788 0.01109659 -0.01229216
v 0.45759362 0.01234845 -0.01015227
v -0.52309197 -0.01605400 -0.02590700
v -0.27637058 -0.01294309 -0.00933200
v 0.42076662 -0.01187869 -0.01052613
v -0.52474880 -0.01536319 -0.02967519
v 0.40432104 -0.00762952 -0.01385234
v 0.41653296 -0.00994778 -0.01232152
v 0.00684731 -0.01191306 0.01046150
v 0.03974447 0.01006937 0.01316131
v -0.52723515 -0.01388381 -0.03164856
v 0.37190089 0.01135409 -0.01147413
v -0.51627964 -0.01639300 -0.00092062
v -0.53359646 -0.00705450 0.04044828
v 0.04091405 0.00696498 0.01486314
v -0.28611565 -0.00623008 -0.01487992
v 0.02177984 0.01050963 -0.01315019
v -0.32483307 -0.00685225 -0.01440806
v 0.00947372 0.00930741 -0.01399097
v 0.00431606 0.01231644 -0.01149875
v -0.07454605 0.01311364 -0.01058680
v -0.31529707 -0.01244894 -0.00982906
v 0.43507051 -0.01086750 -0.01143687
v -0.00919691 -0.00762061 0.01394683
v 0.06675969 -0.01408469 0.00767625
v 0.04843535 -0.01330472 0.00880209
v 0.05567025 -0.00955581 0.01273912
v 0.08053219 -0.00418000 -0.01609075
v -0.32438210 -0.01047056 -0.01196875
v 0.49661300 -0.01227500 -0.00884725
v -0.33471054 -0.01204450 -0.01019730
v 0.45019040 -0.00941031 0.01384372
v 0.43666944 -0.01259706 0.01066425
v -0.52006048 -0.01650000 0.03965350
v -0.51420528 -0.01604369 0.03601431
v -0.01584698 0.00484131 0.01559270
v 0.07321850 -0.00547169 0.01506906
v -0.53214270 -0.00988506 0.00418288
v -0.04320222 0.01297675 0.01065828
v 0.40244830 0.00635486 0.01600339
v 0.04724377 -0.01145103 0.01103303
v -0.49630749 -0.00343319 -0.01681487
v -0.39838263 0.01320550 -0.01006669
v 0.02470013 -0.01251850 -0.01068662
v 0.02043813 -0.00369512 -0.01623412
v 0.02092609 -0.01045922 -0.01287981
v 0.03819394 -0.00966650 0.01264244
v -0.52747065 -0.01434738 0.00193175
v -0.28107652 -0.00739934 0.01430303
v -0.52971876 -0.01256200 -0.01204887
v 0.50141448 -0.01416350 -0.00516575
v 0.41441154 0.01361969 0.01072663
v -0.33597693 -0.01227884 0.01000978
v 0.07115081 -0.00319464 0.01574612
v 0.41244671 0.00839637 0.01511863
v -0.01003244 0.00902794 -0.01422413
v 0.40650180 0.01072247 0.01356941
v -0.04455925 0.01329012 -0.01041825
v -0.01566062 0.00725397 0.01479378
v 0.42387259 0.00986120 0.01431152
v -0.01586703 0.01343059 0.01000375
v -0.01478384 0.01134250 0.01224703
v 0.03349081 -0.01613850 -0.00151506
v 0.05798100 -0.01170300 -0.01173300
v 0.41934365 0.01211684 0.01246187
v 0.06774218 -0.01043150 0.01208306
v 0.07228600 -0.01151094 0.01103531
v 0.02330469 -0.01287019 0.00931319
v 0.40405658 0.01351319 -0.00902012
v 0.06615928 -0.00874875 -0.01397075
v 0.41892692 0.01137297 -0.01125612
v -0.36436552 -0.01146422 0.01100434
v -0.35227734 -0.01015050 0.01235269
v 0.08225937 -0.01294309 -0.01027731
v -0.04393588 0.00873319 0.01412659
v -0.04224185 0.01069959 0.01282687
v 0.53529924 -0.00223850 0.00303675
v 0.43810698 0.01108406 -0.01142630
v 0.44311669 0.00929847 -0.01272091
v -0.50899303 -0.01425350 0.05445300
v 0.52988303 0.00371575 -0.01351625
v 0.50207776 0.01263062 0.01122500
v 0.49418825 0.01443125 0.00974400
v 0.03595125 0.01123600 -0.01250437
v 0.05144088 0.00375600 0.01585494
v 0.49540663 0.01589938 -0.00396087
v -0.27298295 -0.01009214 0.01233050
v -0.41501743 0.01212541 -0.01120041
v -0.00532956 -0.00885453 -0.01405094
v 0.48868412 -0.00971100 0.01391300
v -0.00794412 -0.00704181 -0.01508638
v 0.48839536 -0.01156875 0.01214588
v 0.50952780 0.01134625 0.01175300
v 0.49762350 0.01258425 -0.00943475
v -0.41640347 0.01069756 0.01402672
v 0.53417563 -0.00676675 0.00926850
v -0.25294107 -0.01167847 0.01077044
v -0.06725071 0.00921088 0.01392128
v 0.52146369 0.00437606 -0.01370806
v 0.53161448 0.00417650 0.01338100
v 0.52200240 0.00486594 0.01406156
v 0.43394777 0.01316353 -0.00932169
v 0.53377903 0.00117500 -0.01211900
v 0.51361769 0.00949084 0.01279606
v -0.06646064 0.01317953 0.01050067
v 0.06215606 0.01239663 -0.01130312
v 0.53279012 0.00267137 -0.01325450
v 0.49365750 0.01513125 -0.00590850
v -0.42503738 0.01300563 0.01212900
v -0.41942346 0.01439177 0.01039028
v -0.51289397 -0.01546050 0.04277138
v 0.08095359 0.01315591 0.01024637
v -0.02057572 -0.00877000 -0.01408063
v -0.51347786 -0.01651062 0.02505087
v -0.25345275 -0.00992731 0.01249387
v -0.49916801 -0.00281472 -0.01905631
v 0.13019888 -0.01090081 0.01180550
v 0.51182902 -0.00979880 0.01094123
v -0.10188013 0.01385062 -0.00958913
v -0.53342581 -0.00760778 0.02618122
v 0.51909298 -0.01261306 -0.00537281
v 0.50957924 -0.00938575 -0.01117263
v 0.15472306 -0.01113425 0.01163050
v -0.43476614 0.01007847 0.01458069
v -0.53049314 -0.01093744 -0.02517806
v -0.52965462 -0.01149275 -0.03540681
v -0.04888250 -0.01090150 0.01156150
v -0.43471476 0.01381969 -0.00934863
v -0.43100074 0.01182584 0.01324644
v -0.37305111 -0.00708436 -0.01410536
v -0.36615413 -0.01057769 -0.01167219
v -0.06637997 -0.00976438 -0.01335531
v -0.52476448 -0.01504816 -0.04036506
v -0.38272437 -0.01227459 0.01006413
v -0.52179998 -0.01599000 -0.04438000
v -0.39764497 -0.01081934 0.01172272
v 0.49925992 0.01065769 0.01345656
v -0.12627903 0.00819795 0.01464631
v 0.50159132 0.00862813 0.01454062
v 0.49507001 -0.01359200 -0.00713800
v -0.11981212 0.01017103 0.01344531
v 0.17902122 -0.01131944 0.01143347
v 0.51518565 0.00262138 0.01507575
v 0.47750974 -0.01287528 -0.00851775
v 0.47549200 -0.01118763 -0.01045384
v -0.08868431 -0.01242575 0.00984100
v -0.10146025 -0.00995313 0.01241219
v -0.51947713 -0.01607025 -0.04499975
v -0.52691901 -0.01399175 -0.03869250
v -0.52517086 -0.01428394 -0.05528550
v -0.52169073 -0.01582375 -0.05557100
v -0.53385103 -0.00670600 0.05439800
v -0.51074618 -0.01629491 0.02093137
v -0.37438425 -0.01266837 -0.00910809
v 0.22245108 -0.01160202 -0.01156441
v -0.51292354 -0.01734931 0.01177862
v -0.52881694 -0.01219338 -0.04225069
v -0.10963438 -0.01438481 -0.00750919
v 0.20667112 -0.00803519 -0.01433494
v 0.21194813 -0.01057494 -0.01256269
v -0.39848632 -0.01346819 -0.00764325
v 0.22896375 -0.01135706 0.01137600
v -0.41646984 -0.01080775 -0.01112241
v -0.41855359 -0.01221631 -0.00942284
v -0.10587238 -0.01266856 -0.01027866
v -0.52170068 -0.01571712 -0.03771697
v -0.27624857 0.00063991 -0.01629506
v -0.42402089 -0.00919678 -0.01250487
v -0.51476711 -0.01618800 -0.02103694
v 0.01460691 0.01540284 -0.00704984
v -0.12204050 -0.01280856 -0.01005112
v -0.17494614 0.00966161 -0.01360716
v -0.52809900 -0.01216300 -0.05646400
v -0.42826304 -0.00748991 -0.01365022
v -0.53412527 -0.00648275 0.01364363
v -0.53127050 -0.01117500 -0.00437900
v -0.18461062 0.01176050 -0.01192944
v 0.17655441 0.01290275 -0.01051078
v -0.43553263 -0.00588463 -0.01445806
v 0.26207900 -0.01396113 -0.00835272
v -0.53478146 -0.00492581 0.00717587
v 0.24254368 -0.00777547 -0.01437012
v -0.51556498 -0.01530200 -0.05685900
v 0.25130290 -0.01094903 -0.01213709
v -0.41514951 -0.01386537 -0.00679987
v -0.50810552 -0.01700500 0.01350850
v 0.08027575 -0.01546244 0.00478525
v 0.49258474 0.01643050 0.00566775
v 0.18973701 0.01391800 -0.00925400
v -0.50928718 -0.01434492 0.02816044
v -0.13508321 -0.01050425 0.01193772
v -0.53480303 -0.00442266 0.02254703
v -0.14365497 -0.00883078 0.01327762
v 0.26613835 -0.01201403 -0.01095448
v -0.50690752 -0.01708800 0.01046250
v -0.31280026 0.01316188 -0.01026628
v 0.08048963 -0.01600344 -0.00347137
v -0.50571603 -0.00970200 0.05697100
v 0.23173268 0.00799462 0.01470362
v -0.13626406 -0.01307075 0.00897587
v 0.53153253 0.00191950 -0.01379650
v -0.50681651 -0.01234450 0.05528650
v -0.50811797 -0.01222300 0.05690000
v -0.53472239 -0.00386637 0.05629912
v -0.51063055 -0.01421509 0.03631741
v 0.23765703 0.00982181 0.01365616
v -0.16413638 -0.01259034 -0.01025003
v -0.52867001 -0.01020700 -0.05799300
v -0.52294201 -0.01462725 -0.05742725
v 0.53217947 0.00066625 0.01342581
v -0.23243338 0.01235241 -0.01127325
v -0.16092296 -0.01363153 -0.00872167
v -0.53513592 -0.00324656 0.04353962
v -0.53249598 -0.00093700 0.05804500
v -0.23781474 -0.01057369 0.01171189
v 0.27610698 -0.00905773 0.01341722
v 0.27909851 -0.01153272 0.01128700
v 0.30368555 -0.01488966 -0.00625187
v -0.53358650 0.00374750 -0.05720650
v -0.52140915 -0.01415213 -0.05801462
v 0.48916063 0.01693038 0.00374275
v 0.47280931 -0.00747606 -0.01319694
v -0.38780132 -0.00513097 -0.01489556
v -0.22191422 -0.00836777 -0.01389392
v -0.21811518 -0.01207875 -0.01071356
v -0.21093257 -0.01356062 -0.00856353
v -0.53529662 -0.00286575 0.03144113
v -0.21452875 -0.01240941 0.00984787
v 0.25710669 0.00605600 0.01558950
v -0.53228325 -0.00839050 -0.02531025
v -0.44994491 -0.00024944 0.01700581
v 0.47767913 -0.01444975 -0.00591331
v 0.30799744 -0.00821227 0.01414752
v -0.47335786 0.00026794 0.01706316
v 0.02319063 0.01521075 0.00727350
v -0.24226825 -0.00881403 -0.01353603
v -0.45582837 0.00239513 0.01711562
v -0.53343803 -0.00491750 -0.04440200
v -0.53220952 -0.00697050 -0.05573950
v -0.43457443 -0.00951653 0.01299041
v 0.53316951 -0.00023700 0.01246200
v -0.27670440 0.00448028 0.01628247
v -0.53374177 -0.00336225 -0.05546775
v -0.29652795 0.00898311 0.01468389
v -0.53114402 -0.00859400 -0.05634000
v -0.53193802 -0.00667800 -0.05748000
v -0.53451002 -0.00003100 -0.05604900
v -0.50001580 -0.01347162 0.00819819
v -0.53350085 -0.00766800 -0.00356181
v -0.26618269 -0.01177916 -0.01085413
v -0.53368652 -0.00655744 -0.01553000
v -0.52962315 -0.00700312 -0.05823375
v 0.53333157 -0.00393787 -0.00963391
v 0.27414531 0.01308587 -0.01009797
v 0.52983350 0.00004300 0.01364400
v -0.50825113 -0.01634906 0.00008906
v -0.50430626 -0.01522713 -0.01320100
v 0.31351957 -0.00130689 -0.01596078
v -0.33320865 0.01275050 -0.01074341
v -0.51978397 -0.01616500 -0.05529000
v -0.33930761 0.01458723 -0.00838309
v -0.50308293 -0.01539356 -0.00598694
v -0.51546335 -0.01598309 -0.02753462
v 0.29308400 0.01386900 -0.00899500
v -0.29759556 -0.01255131 0.00969788
v -0.45336682 -0.00420898 -0.01495089
v -0.38471594 -0.00249659 -0.01565331
v 0.29272601 0.01270200 -0.01042400
v -0.51698363 -0.01559350 -0.04300650
v 0.28850871 0.01111053 -0.01197878
v -0.50800985 -0.01466362 -0.02150913
v 0.34441525 -0.00967794 0.01324475
v -0.53471726 -0.00268470 -0.02189517
v -0.53565347 -0.00133900 0.05486200
v -0.44385037 -0.01012088 -0.01162113
v 0.36070064 -0.01312563 0.00970581
v 0.32645208 0.01347962 -0.00937094
v 0.32489154 0.01218938 -0.01083641
v -0.53435397 -0.00202000 -0.03116350
v -0.53459150 -0.00058650 0.05726750
v 0.48130324 0.01713325 0.00176300
v 0.39826807 -0.00882109 0.01400256
v 0.45930812 -0.01070544 -0.01132925
v -0.36341000 -0.01429700 -0.00629800
v 0.48344356 0.01625069 -0.00365112
v -0.50625914 -0.01454294 0.02038581
v 0.45409262 -0.01210872 -0.00997725
v -0.38595068 -0.01064919 -0.01144131
v 0.34504011 0.00852687 0.01479294
v 0.36218575 0.00352730 -0.01553933
v -0.50364500 -0.00751950 0.05622750
v 0.53235751 -0.00821300 -0.00824525
v 0.52577060 -0.00108263 -0.01387425
v 0.45219269 -0.00758434 -0.01351072
v -0.34981665 -0.00943259 -0.01270613
v -0.37044209 -0.00328806 -0.01556091
v -0.36122894 -0.01319137 0.00871812
v -0.50350112 -0.00739538 0.05199300
v -0.50386238 -0.00861200 0.05514063
v -0.51375473 -0.01459503 -0.04462331
v 0.35487726 0.01119894 0.01278294
v 0.35679057 0.00807981 0.01497163
v -0.50526756 -0.00979431 0.02845537
v 0.36892653 0.00660347 0.01576578
v -0.51251900 -0.01434537 -0.05413762
v -0.36186782 -0.00856641 -0.01322681
v -0.50838500 -0.01062200 0.05758200
v -0.50267243 0.00707300 0.05617231
v -0.51924700 -0.01338600 -0.05848200
v 0.50527078 0.00849937 -0.01227563
v 0.49892455 0.01062650 -0.01110694
v -0.49956939 0.01005462 -0.01295288
v -0.51610136 -0.01555500 -0.05359281
v 0.50762290 0.00566588 0.01518428
v -0.51835674 -0.01543713 -0.05739506
v 0.38633817 -0.00167809 -0.01567888
v -0.53488940 -0.00411800 -0.00608838
v 0.48011124 0.01689500 -0.00137700
v -0.36250219 -0.00757100 0.01431544
v 0.42519844 -0.01439372 -0.00694300
v -0.50890386 -0.01718988 0.00497088
v 0.48067167 0.01419922 -0.00767103
v 0.37169370 0.01592550 0.00653884
v 0.36692101 0.01359962 0.01053581
v -0.43645623 0.01217605 -0.01113074
v -0.51538450 -0.01423050 -0.05820100
v -0.50519198 -0.01599800 -0.01069400
v 0.48661849 0.01479737 0.00963063
v 0.44506681 -0.00972962 -0.01226194
v 0.45202801 -0.01427403 -0.00689491
v 0.38096699 0.01302800 -0.00976900
v 0.39353150 0.01057531 -0.01204253
v -0.39700294 -0.00655911 -0.01425103
v -0.50239098 0.01210950 -0.01539150
v 0.45177418 -0.00449706 -0.01475900
v -0.46476048 0.01374816 0.01153219
v -0.53244305 -0.00709800 -0.03162744
v -0.45947903 0.00954689 0.01500966
v 0.51865101 -0.00069600 0.01474400
v -0.51184392 -0.01568094 -0.02437756
v 0.52922577 -0.00560950 -0.01127700
v 0.52255261 0.00130775 -0.01426600
v 0.46138588 -0.01098366 0.01258103
v 0.46784949 -0.01212627 0.01138122
v -0.50235623 -0.00394425 0.05610425
v -0.53236049 -0.00734500 -0.04465600
v 0.02511741 0.01348016 0.00987619
v 0.06213006 0.00001712 0.01610472
v -0.50157088 0.01123531 -0.01317500
v 0.46521434 -0.00857250 0.01451644
v -0.50005466 0.01284619 -0.01060191
v -0.53504848 0.00148600 0.05645200
v -0.46717003 0.01061950 -0.01245694
v 0.10507362 -0.00815928 0.01380713
v -0.46105066 0.01268319 -0.01065588
v -0.50475401 -0.01612700 0.01245500
v -0.50331300 -0.01477800 0.01291100
v -0.46243542 0.01446553 -0.00851552
v -0.50365669 -0.01556294 0.00712241
v -0.45490253 0.00662469 0.01630375
v 0.53482199 -0.00657700 -0.00602700
v -0.47445783 0.01661241 0.00676372
v -0.44515020 0.01416756 0.01092897
v -0.53551507 -0.00227237 0.00980284
v -0.53419220 -0.00236244 -0.05215938
v 0.53531575 -0.00429744 0.00479219
v -0.41591331 -0.01112891 0.01143166
v 0.44052452 0.01230975 0.01236506
v 0.48891512 0.01320125 0.01180500
v -0.51207203 -0.01469941 -0.03210134
v -0.53373498 -0.00058300 -0.05723300
v -0.43984318 -0.01105916 0.01150944
v -0.48540193 -0.01083922 0.01169402
v 0.47725239 0.01530409 0.00849794
v 0.38694471 0.01347084 0.01075037
v -0.52703458 -0.00386194 -0.05805925
v -0.51234508 0.01492213 0.02378775
v 0.49944210 -0.00919953 -0.01172700
v -0.47687399 0.00697700 0.01632200
v -0.53561193 0.00095647 0.04296488
v -0.47957200 0.00805300 0.01620400
v -0.38322130 -0.00999612 0.01253850
v -0.50953978 0.01333594 0.02385744
v -0.50791210 -0.01173881 0.03603250
v 0.47588062 0.01683425 0.00327525
v -0.44057220 -0.01410981 -0.00597306
v -0.51227498 0.01547125 0.03001000
v -0.44563919 -0.01176975 -0.00977900
v -0.51333076 0.01576713 -0.03682863
v -0.51251698 0.01621700 -0.03173200
v -0.48013401 -0.01240400 -0.00886200
v 0.52687824 -0.01100650 -0.00725125
v -0.51025653 0.01439000 0.03069200
v -0.49214977 -0.00266322 -0.01581041
v -0.48402837 0.00305584 0.01723244
v -0.50383556 -0.01589869 0.00304500
v -0.50648624 0.01029075 -0.05750925
v -0.50910300 0.01336350 -0.05739462
v -0.50707901 0.01260600 -0.05643150
v 0.50739390 0.00415777 -0.01416970
v -0.51239097 0.01553400 -0.05723700
v 0.09333865 -0.00184525 0.01601606
v -0.52469498 0.01630450 -0.05626150
v 0.53033727 -0.00297634 0.01322131
v -0.52466750 0.01668150 -0.05483100
v -0.50654268 0.01143114 -0.04254409
v -0.50672340 -0.01175600 0.02897587
v 0.47958726 0.01226475 0.01278087
v -0.47643521 -0.00730844 -0.01357430
v 0.08385969 -0.01631844 -0.00061081
v -0.53567469 0.00046338 0.03016813
v -0.48206118 -0.00254750 -0.01536650
v -0.51002401 -0.01319700 -0.05150600
v -0.49277699 -0.00518331 -0.01530919
v -0.50537503 0.01176100 0.05381800
v 0.50675267 0.00085984 -0.01472369
v -0.50527084 0.01062687 0.04803256
v -0.49971163 -0.01202312 -0.01334425
v -0.50390148 -0.01426550 0.01668550
v -0.50079590 -0.01362575 -0.00853338
v -0.51181322 -0.01032250 -0.05846975
v 0.53399801 -0.01083200 0.00514700
v -0.51224852 -0.01291600 -0.05800750
v -0.53548127 -0.00135350 -0.01055675
v 0.08488487 -0.01616044 0.00196731
v -0.50300413 -0.01382038 0.01065962
v 0.47112912 0.01679119 0.00091569
v -0.50055951 -0.01494875 0.00414650
v -0.52881199 -0.00134725 0.05814800
v -0.51070601 0.01588600 -0.05619900
v -0.52445686 0.01696537 -0.04227012
v -0.47001708 -0.01314131 0.00867413
v 0.52655727 -0.00492009 0.01277625
v 0.53224826 -0.00637675 0.01145987
v 0.53306150 -0.00758750 0.01032800
v -0.21392643 -0.01067578 0.01178425
v 0.47085586 0.01605375 0.00620400
v -0.52804250 0.01591850 -0.01526600
v 0.47274175 0.01630375 -0.00300200
v 0.50292653 0.00299544 0.01627119
v 0.47961849 0.01253675 -0.00967287
v -0.52574974 0.01607856 -0.02323519
v 0.48423254 0.01030894 -0.01155527
v -0.51265872 0.01521509 0.03693728
v 0.02013253 0.01245131 -0.01132162
v 0.00688106 0.01637794 0.00453456
v 0.49997243 0.00630750 -0.01352656
v -0.44133300 0.00717931 -0.01447922
v 0.01732900 0.01421950 -0.00913081
v 0.49386820 0.00836425 -0.01264356
v 0.53299600 -0.00466000 0.01208100
v -0.00520775 0.01595487 0.00572963
v 0.08333025 -0.01104006 -0.01238956
v -0.49804026 0.00479575 -0.01527500
v -0.50002146 0.00480088 -0.01564275
v -0.50233227 0.00617900 -0.01777425
v -0.53572869 0.00158813 -0.00499600
v -0.53502047 0.00649150 0.05433600
v -0.53461546 -0.00087469 -0.04147337
v -0.51031679 -0.01317700 -0.03944362
v -0.50021547 0.00619300 0.01576700
v -0.53587103 0.00093600 0.01032800
v -0.49451694 0.00124731 0.01716125
v -0.49608037 0.00420563 0.01672900
v 0.49083087 0.01065413 0.01414112
v -0.53512943 0.00046706 -0.02180663
v -0.49977630 0.00156600 0.01735912
v -0.53556412 0.00183850 0.02178138
v -0.53021652 0.01061800 -0.05711100
v -0.53184777 0.00364613 0.05795525
v 0.05553525 0.00138438 -0.01661750
v -0.50203472 0.00722187 -0.01607425
v -0.50290102 -0.01153000 0.01974500
v -0.52480012 0.01640962 0.02583000
v -0.52717000 0.01644450 0.02387250
v -0.51050460 -0.01267475 -0.05640375
v -0.50260699 -0.01115525 0.01204575
v -0.53121555 0.01324302 0.01487848
v 0.39905119 0.00797481 -0.01373119
v -0.50199950 -0.01353750 0.00884850
v -0.52936244 0.01512447 0.01404062
v -0.50983101 -0.00958700 -0.05826200
v 0.47032571 0.01522434 -0.00601478
v -0.52493489 0.01655688 0.03705375
v -0.50000149 -0.01444263 -0.00424925
v -0.51367801 0.01449300 0.05817000
v -0.39837962 -0.01153663 -0.01040762
v -0.50445551 -0.01210400 -0.02222637
v 0.53545791 -0.00828025 0.00370575
v -0.40834036 -0.00788156 -0.01350206
v -0.48412195 -0.01290419 0.00897019
v -0.52380162 0.01663388 0.04556762
v -0.50089127 -0.01519200 0.00176650
v 0.53420001 -0.01014000 -0.00531700
v 0.49497318 0.00614737 0.01620650
v -0.41463038 -0.00414191 -0.01519594
v -0.53581148 0.00241969 0.00269544
v 0.03211512 0.01141494 0.01207744
v -0.49828139 0.01315641 0.01198466
v -0.53276598 0.00303650 -0.05757475
v -0.50278175 -0.01177431 0.01599294
v -0.50680548 -0.01227550 0.05193800
v -0.52740169 0.01609075 0.04428088
v -0.53443903 0.00442000 -0.05581200
v 0.51974148 -0.00316875 0.01416800
v -0.23755300 0.00627919 0.01569891
v -0.53371000 0.00199300 0.05744600
v -0.49190488 0.00799400 0.01597062
v -0.50506812 0.01522975 0.01092212
v -0.53516775 0.00521600 0.02619125
v -0.50728148 0.01189150 0.05803100
v -0.53520763 0.00246337 -0.01832262
v -0.51354760 -0.00082306 0.05778775
v -0.52501124 0.00342575 0.05795550
v -0.53483874 0.00318000 -0.05465150
v -0.53525555 0.00472834 0.04226659
v -0.48312956 0.01137938 -0.01189234
v 0.46894234 0.01341600 0.01137269
v -0.52845174 0.01594288 0.02805700
v 0.38056111 0.00947537 -0.01290941
v -0.48817262 -0.01495100 -0.00190700
v 0.53480899 -0.00991500 0.00486800
v 0.49023888 0.00828325 0.01564387
v 0.07872350 -0.01478275 -0.00726100
v -0.23840572 0.01070809 -0.01277159
v -0.53540379 0.00421725 0.01142331
v -0.53467298 0.00695500 0.05648700
v -0.50329202 -0.01006500 0.01441900
v 0.08059506 -0.01301106 0.00929403
v -0.53506756 0.00317147 -0.03371275
v 0.53508663 -0.00963306 -0.00311238
v -0.45553955 -0.00174181 -0.01551625
v -0.52808797 0.01614300 0.03666950
v -0.44758391 -0.00843700 0.01380587
v -0.53511155 0.00359088 -0.04321900
v 0.08628158 0.00155691 -0.01650214
v 0.51016539 -0.00048213 0.01558375
v -0.23343056 0.00921994 -0.01385387
v -0.49105072 -0.01421866 -0.00481491
v -0.49764925 -0.01174137 0.01083887
v 0.52977252 -0.01105512 0.00644575
v 0.53255868 -0.01027294 -0.00637756
v -0.49792513 -0.01242519 -0.00995644
v 0.52680665 -0.00954300 0.00914188
v -0.50398976 -0.00421275 0.05770525
v 0.35103878 0.01402866 -0.00853647
v -0.53274101 0.00728900 0.05806900
v 0.52113265 -0.00686738 0.01231863
v -0.53506464 0.00554581 -0.00548381
v -0.50291198 -0.00867050 0.02195700
v -0.50224286 -0.00746241 0.01726525
v 0.49255952 0.00158544 -0.01479766
v -0.53525454 0.00424831 -0.01102056
v -0.50105000 -0.00955500 0.01311700
v 0.10238923 -0.00616055 -0.01538730
v 0.48570991 0.00359781 -0.01459531
v -0.53155601 0.01254525 -0.01748300
v 0.47801197 0.00584512 -0.01410097
v -0.50218517 -0.01016463 -0.02131719
v -0.53476149 0.00441837 -0.02416419
v -0.19281475 -0.01047619 -0.01243300
v 0.03098294 0.00752919 -0.01498809
v 0.50343996 0.00118238 0.01642156
v -0.49378201 -0.01279444 -0.00807262
v -0.48465887 -0.01418094 0.00645569
v 0.48103195 0.00966919 0.01486334
v -0.47851089 -0.01501372 0.00367362
v -0.49697000 -0.01052350 -0.01331250
v -0.41419756 -0.01282138 0.00930856
v -0.49970517 -0.00255203 0.01713822
v -0.53480959 0.00663656 0.01403487
v -0.42196131 -0.00781844 0.01422612
v 0.45097932 0.01567469 -0.00520409
v 0.08016122 0.00477219 0.01564459
v -0.48877504 -0.01129591 -0.00992944
v -0.43351245 -0.01401791 0.00704119
v -0.46557346 -0.01162719 0.01081122
v -0.43220124 -0.01494837 0.00452687
v -0.50124049 -0.00701000 0.01509600
v -0.50208527 -0.00293250 0.05258950
v 0.46233276 0.01620925 0.00631513
v 0.44858876 0.01704988 0.00171750
v 0.46454617 0.01679900 0.00358631
v -0.43683946 -0.01539328 -0.00051894
v -0.47265056 -0.00862606 0.01370131
v -0.53441250 0.00802750 0.04530641
v -0.46166807 -0.00977528 0.01274328
v -0.43746319 -0.01530175 0.00241706
v -0.52746314 0.01616372 0.05295278
v -0.29101965 -0.00945991 -0.01290484
v -0.29755735 -0.01359281 -0.00807541
v -0.50339425 0.00647850 0.05796000
v -0.50850391 0.00804263 0.05815744
v 0.48113400 0.00845250 -0.01275400
v 0.11716900 -0.01265862 0.00992369
v -0.50181597 0.00430400 0.05675300
v -0.31085217 -0.00860356 -0.01349544
v -0.53302503 0.01126300 0.05678400
v -0.53440672 0.00760737 -0.00432763
v -0.53152716 0.01248863 0.05765612
v -0.53434402 0.00807394 0.02545025
v -0.50641149 0.01200150 0.05702150
v -0.51956743 0.01354569 0.05819225
v -0.29457545 -0.01147336 -0.01101514
v 0.51350486 -0.00490338 0.01391600
v -0.53466707 0.00739031 -0.04244944
v -0.53353232 0.01029844 0.05127531
v -0.52826411 0.01539825 -0.03499706
v -0.53313345 0.00963887 -0.02798975
v 0.50792140 -0.00748550 0.01335181
v 0.47477049 0.00042248 -0.01524142
v 0.47233000 0.00369300 -0.01514500
v -0.20570529 0.01248584 -0.01121125
v -0.46375504 -0.01071894 -0.01083853
v 0.46705309 -0.00204150 -0.01514562
v -0.53457099 0.00746300 -0.05219000
v -0.50686848 -0.00167000 -0.05830300
v -0.50361753 0.00223975 0.05805300
v -0.36738935 -0.01554984 0.00169097
v -0.35277313 -0.01540937 0.00297800
v -0.35525540 -0.01551437 -0.00187887
v 0.39769304 -0.00967591 -0.01263075
v -0.00124472 0.01648044 -0.00404747
v -0.37018812 -0.00886252 0.01343947
v 0.47830632 -0.00991275 0.01373548
v -0.50575167 0.01038163 -0.03323238
v -0.27903250 -0.01375303 0.00778028
v -0.28047088 -0.01172653 0.01065359
v -0.21094641 0.01423116 0.00975975
v -0.24856760 -0.00824544 0.01374119
v -0.48133481 0.00069966 -0.01576000
v -0.23342325 -0.01500744 0.00498731
v -0.23317388 -0.01265819 0.00940406
v -0.47972924 0.00609050 0.01693025
v -0.47685319 -0.01367962 -0.00661728
v -0.15789016 -0.00840816 -0.01405387
v -0.47374195 -0.01457144 -0.00447231
v 0.36222869 0.01201225 0.01227237
v -0.50200510 0.01487944 -0.00855437
v -0.50055164 0.01495125 -0.00792188
v 0.45422012 0.01698600 -0.00019944
v -0.50229335 0.01388844 -0.01158212
v -0.23713815 -0.00718525 0.01428566
v -0.52965999 0.01292200 0.05827300
v -0.14021808 -0.01133136 -0.01175780
v -0.51124382 0.01624737 -0.01929813
v -0.49449968 -0.00583683 0.01543181
v 0.08937722 0.00225687 0.01611525
v 0.40870893 -0.01160781 -0.01089781
v -0.50359797 0.01477550 -0.01379800
v -0.48671365 -0.00803269 0.01411816
v -0.24306275 -0.01341700 0.00842900
v 0.45156309 0.01672637 0.00432259
v -0.17786135 -0.00683006 0.01445461
v -0.53372723 0.00939787 0.00862369
v -0.17095079 -0.01019359 0.01220519
v -0.45388690 -0.00711747 -0.01368559
v -0.46588850 -0.00012606 -0.01562597
v -0.16410422 -0.01245628 0.00974203
v 0.35688889 0.01025669 -0.01240536
v -0.17762916 -0.00738495 -0.01460056
v -0.51649702 0.01286300 -0.05793300
v -0.17922272 -0.00930213 -0.01340953
v -0.17230971 -0.01072591 -0.01226037
v -0.47779319 0.00852094 -0.01379597
v -0.08157875 -0.01107619 0.01133262
v -0.08830828 -0.00841813 0.01348700
v -0.08396384 -0.00635528 0.01465434
v 0.40626231 -0.01353183 -0.00849184
v 0.32962793 0.01007131 -0.01264269
v -0.08594900 -0.01480184 0.00580403
v -0.49201199 0.01735800 -0.00115600
v 0.44955593 0.01625169 -0.00369675
v 0.34538874 0.00927013 -0.01316325
v 0.00639822 0.00025195 0.01610017
v 0.01340628 -0.00646666 0.01457120
v 0.39537871 -0.01491706 -0.00600269
v 0.31927338 0.01024956 0.01366500
v 0.11063650 -0.00497528 0.01525956
v 0.04654164 0.00156691 0.01611547
v 0.51954490 -0.01362475 -0.00096256
v -0.53400838 0.00954981 -0.04349131
v -0.17606375 0.00588009 0.01568575
v -0.41083938 -0.00917262 0.01327556
v 0.11416913 -0.01087988 0.01184200
v 0.12357637 -0.00862058 0.01353661
v 0.37810099 -0.01235538 0.01075256
v 0.51925993 -0.01331113 -0.00328506
v 0.37893364 -0.01210038 -0.01043450
v 0.45866492 0.01479000 0.00930325
v 0.48894137 0.00561550 0.01678637
v 0.36537448 -0.01161778 -0.01103944
v 0.50808048 -0.00272338 0.01548313
v 0.32417428 0.00708055 0.01546752
v 0.10995881 -0.00011706 0.01621453
v 0.24974358 -0.01318488 0.00915227
v 0.50982749 -0.00664600 -0.01312150
v 0.24687219 -0.01482995 0.00625278
v -0.53195840 0.01309212 0.05574000
v 0.24996144 -0.01105672 0.01160306
v -0.42346585 0.00255823 0.01697183
v 0.25069499 -0.00854825 0.01365181
v 0.47145849 0.00994300 -0.01243050
v 0.32132012 -0.00399678 -0.01548034
v -0.50221902 0.00057000 0.05733600
v 0.30838633 -0.01346163 0.00904148
v 0.31278443 -0.01577244 0.00376631
v 0.32451156 -0.01474222 0.00673245
v 0.25231576 0.01076594 -0.01251912
v 0.25074303 0.01282406 -0.01052591
v 0.33271819 -0.01549394 0.00471156
v -0.53230417 0.01140587 -0.02176781
v 0.32202366 -0.00654853 0.01509869
v -0.52778947 0.01190350 -0.05740975
v -0.02400059 -0.00326297 -0.01632600
v -0.02107753 -0.00597625 -0.01548072
v 0.25353718 0.01447453 -0.00832487
v -0.39234114 0.01064098 0.01398005
v -0.02108569 -0.01038956 -0.01290950
v -0.53229713 0.01189619 0.03591475
v -0.40104350 0.00894981 0.01508384
v -0.08452700 -0.00354244 -0.01619925
v -0.37538078 0.00348109 0.01675024
v -0.09701931 -0.00216600 -0.01637287
v 0.48122063 0.00675509 0.01639581
v -0.09407356 -0.00758694 -0.01464844
v -0.34453544 -0.00653000 0.01487581
v 0.20351157 0.00124291 -0.01636988
v -0.50581622 -0.00475912 -0.05747462
v 0.29928711 -0.00964681 -0.01296631
v 0.19620310 -0.00527597 -0.01556784
v 0.18810582 -0.00858317 -0.01406039
v 0.18372603 -0.00133484 -0.01640991
v 0.28212607 -0.00936262 -0.01322272
v 0.13629113 -0.01447919 -0.00790856
v 0.13408606 -0.01616062 0.00200878
v 0.26244810 -0.00285556 -0.01599584
v -0.33825555 -0.00579169 -0.01485531
v 0.28406343 -0.01096838 -0.01195769
v 0.51912379 -0.01310213 0.00408344
v 0.26583281 -0.00992769 -0.01289936
v 0.19124421 0.01214219 -0.01135603
v -0.46874511 -0.01420987 0.00646619
v -0.46298018 -0.01508100 -0.00257531
v 0.22968388 -0.00046269 -0.01633959
v -0.46688980 -0.01535219 0.00024931
v 0.38497880 -0.01035719 -0.01203512
v -0.18574010 0.01329641 0.01077644
v 0.07948825 -0.01435250 0.00708900
v -0.36003336 0.01215905 -0.01127655
v -0.35497698 0.01057308 -0.01266313
v 0.00263531 0.01475169 0.00811600
v 0.38605505 -0.00693294 -0.01413928
v 0.19172876 0.01232700 0.01135581
v 0.43487948 -0.00737872 0.01506500
v 0.43322647 -0.01124772 0.01216269
v -0.01917986 0.01144141 -0.01236295
v 0.42819202 -0.01431272 0.00787450
v 0.43718550 -0.01560841 0.00473000
v 0.42950308 -0.00979473 0.01344092
v -0.53225076 0.01178731 -0.00091106
v -0.29544312 -0.00836494 0.01372444
v 0.50090563 -0.00605503 0.01513338
v -0.00616588 0.01701500 0.00111069
v -0.53170246 0.01212325 -0.02957037
v 0.14034294 0.00873517 -0.01407989
v 0.14056684 0.01049698 -0.01285920
v -0.24790150 -0.01141838 -0.01133412
v -0.49316931 -0.00204669 0.01675303
v -0.48925182 -0.00415556 0.01616956
v -0.50490177 -0.00555750 -0.05614925
v 0.13027893 0.01257413 -0.01092041
v 0.51603293 -0.01191016 0.00751800
v 0.13923186 0.01302147 0.01040023
v 0.11501957 0.01110519 -0.01238228
v 0.11632350 0.01093375 0.01253637
v 0.17328775 -0.01306456 0.00945819
v -0.50474900 -0.00042975 -0.05777400
v -0.27490050 0.01264325 -0.01084900
v 0.06910594 -0.00872575 0.01340194
v 0.16221666 -0.00826644 0.01380462
v 0.05460658 -0.00737103 0.01417173
v -0.25930676 0.01209491 -0.01143969
v -0.33103544 -0.00600172 0.01510813
v -0.26053455 0.00691113 0.01550862
v 0.03946103 0.00178778 -0.01657828
v 0.03403506 0.00446200 -0.01613775
v 0.13373107 -0.01443930 0.00721431
v 0.03463528 0.00337347 0.01587809
v -0.24847756 0.00744462 -0.01482194
v -0.50134403 0.00166175 0.05486500
v -0.13509212 -0.00573862 0.01502325
v -0.20930097 -0.01053100 -0.01230125
v -0.25603193 0.01286217 0.01157241
v -0.11932600 0.00185566 0.01633441
v -0.12569800 -0.00435863 0.01552738
v -0.14008024 -0.01546844 0.00372538
v -0.23784415 0.00979941 0.01397003
v -0.13676466 -0.01585825 -0.00245147
v -0.13862684 -0.01514869 -0.00550575
v -0.13987249 -0.01592612 0.00101556
v -0.13906994 -0.01426331 -0.00770069
v -0.03765334 -0.00676075 0.01429853
v 0.07023437 0.01467831 0.00809981
v 0.09277278 0.00459647 0.01569208
v -0.18999313 -0.00964838 0.01266916
v -0.03907238 -0.01315047 0.00879325
v -0.03773369 -0.01081713 0.01140144
v -0.18984756 -0.01244825 0.00981294
v -0.04405228 -0.01448922 0.00651944
v 0.18932857 0.00172431 0.01624731
v 0.19155279 -0.00698303 0.01454716
v 0.18300669 -0.00947781 0.01303900
v 0.19698061 -0.00135833 0.01617667
v 0.17680347 -0.00494381 0.01540022
v -0.50289053 -0.00131500 -0.05499125
v 0.27889395 -0.00548375 0.01536919
v 0.28446949 -0.00770550 0.01437028
v 0.28718936 0.00104319 0.01657427
v 0.28038862 -0.00321788 0.01607119
v 0.13488550 -0.01634662 -0.00014619
v -0.53221709 0.01248981 -0.04129219
v -0.48778963 -0.00847225 -0.01271400
v 0.40194860 0.00036889 0.01693828
v 0.04516637 -0.00037750 -0.01666750
v 0.39083707 -0.00476481 0.01602362
v 0.45452151 0.01365012 -0.00860175
v -0.53289998 0.01187000 -0.04780450
v -0.11360478 -0.00819259 -0.01427172
v -0.10765593 -0.01034966 -0.01270844
v 0.39903507 0.00385753 0.01663497
v 0.46300304 0.00572342 0.01655714
v 0.45437315 0.00135375 0.01721066
v -0.01607437 0.01492300 0.00750413
v 0.46145743 -0.00079475 0.01723078
v -0.20660785 0.00918272 -0.01394234
v 0.48102432 -0.00572384 0.01621847
v 0.49276513 -0.00765025 0.01516613
v 0.03432000 -0.01570172 -0.00399466
v -0.53074902 0.01390850 0.04350250
v 0.49285787 -0.00448394 0.01649738
v 0.49899307 -0.00246031 0.01652588
v -0.42369395 -0.00026620 -0.01584888
v -0.40420660 -0.00229991 -0.01562609
v -0.15761319 0.01033819 0.01339809
v -0.40520447 0.00718522 -0.01455131
v -0.41705927 0.00533903 -0.01522844
v 0.02529509 -0.00155341 -0.01653522
v 0.50411099 -0.01484944 0.00220753
v 0.03216759 -0.01193662 0.01049741
v -0.46972674 -0.00476572 -0.01469016
v 0.03230375 -0.01368912 -0.00866912
v -0.47809860 0.00604306 -0.01486731
v -0.22749475 0.00086138 -0.01638056
v -0.23526075 -0.00372584 -0.01586525
v -0.01681453 0.00934344 0.01373395
v -0.22495218 -0.00568873 -0.01524327
v -0.23750569 0.00299875 -0.01617494
v 0.01592619 -0.01039956 0.01200756
v -0.52858901 0.01530100 0.05720000
v -0.53009135 0.01490325 0.05632187
v -0.15252666 -0.00191472 -0.01634834
v -0.14782119 0.00866522 -0.01425628
v -0.15116154 0.00136194 -0.01645984
v 0.05507800 -0.00805387 -0.01457900
v -0.46651942 -0.00886864 -0.01248867
v -0.15877350 0.00756706 -0.01483281
v -0.16996190 0.01228233 -0.01145745
v -0.15894943 0.01053512 -0.01300994
v -0.14871587 0.00426756 -0.01606066
v 0.13626450 0.00055950 -0.01659050
v 0.47066626 0.00807200 -0.01369350
v -0.00991763 -0.00429391 -0.01607466
v 0.12984852 0.00422069 -0.01602809
v -0.09220263 -0.01361925 0.00817837
v 0.07168744 0.00996912 -0.01338253
v 0.13418303 0.00682294 -0.01510844
v -0.00853997 -0.01083575 0.01157341
v 0.08024722 0.00768856 -0.01476381
v 0.31593132 -0.00650342 -0.01465037
v 0.46765405 0.00824441 0.01557269
v -0.00149256 -0.01137872 -0.01203094
v 0.02061531 0.00905047 0.01383647
v 0.31891304 0.00435672 -0.01542753
v -0.10659956 -0.00533150 -0.01559094
v -0.52940625 0.01527544 0.04690687
v 0.05240656 -0.01014669 -0.01314959
v 0.31871790 0.00107591 -0.01593488
v -0.07725644 0.01180169 0.01199737
v -0.52078152 0.01486000 0.05793850
v -0.10079657 0.00078141 -0.01651387
v -0.06278292 0.00000431 -0.01666353
v 0.29845208 0.00788066 0.01499941
v -0.12510507 0.00105284 -0.01650831
v 0.28185987 0.00766644 -0.01433294
v 0.28680459 0.00326219 -0.01580784
v 0.34247389 0.00121548 -0.01588622
v -0.06498665 -0.01154284 0.01090528
v 0.42074761 -0.00615034 -0.01441581
v -0.09429203 0.00463108 0.01586019
v 0.41300619 -0.00459519 -0.01498494
v -0.11129625 0.00969131 -0.01357884
v -0.08941001 0.00779445 0.01472947
v 0.45805326 0.01247375 0.01233806
v -0.10882619 0.01249709 -0.01118747
v 0.42659074 0.01680564 -0.00154830
v -0.07395139 -0.00563917 -0.01558706
v 0.42487863 -0.00087088 -0.01554491
v 0.43179801 -0.00474575 -0.01484725
v -0.08361084 -0.00123466 -0.01655872
v 0.35513911 0.01629912 0.00511706
v 0.36006260 -0.00644216 0.01531475
v 0.32978913 -0.01219525 -0.01048625
v 0.08747038 0.00438206 -0.01604706
v 0.35538363 0.01317087 0.01076137
v -0.08938567 0.01484223 0.00826455
v -0.13661622 0.01244553 0.01157295
v -0.48556110 -0.00536203 -0.01455981
v -0.50149351 0.00402450 0.05500100
v -0.53031659 0.01401800 -0.03582137
v -0.53546339 -0.00149537 0.01959438
v 0.08051085 0.00868838 0.01405816
v 0.06570262 -0.01103313 -0.01214238
v -0.05370862 -0.00443691 -0.01603103
v 0.48810875 0.00292687 0.01734575
v -0.13997081 0.01091512 -0.01269275
v 0.10902531 -0.00263234 0.01590769
v 0.05358198 -0.00494570 0.01523859
v 0.05076437 -0.00152759 0.01597284
v -0.03236875 -0.01200159 -0.01137691
v 0.46044913 0.01044800 0.01415475
v -0.47737241 -0.00279809 0.01657600
v -0.47277179 -0.00554700 0.01555725
v -0.53066087 0.01267369 -0.05511150
v -0.04032431 -0.01005997 -0.01316409
v 0.14715403 -0.01624911 -0.00194294
v -0.50225121 0.00236231 0.01899919
v 0.04769558 -0.00521828 -0.01582664
v -0.14719100 0.01151791 0.01246444
v 0.35774469 -0.00016475 0.01684269
v 0.32885095 -0.00841809 -0.01363369
v -0.52994680 0.01445375 -0.00935681
v -0.50226361 -0.00342087 -0.04962956
v -0.50254655 -0.00614044 -0.02742312
v -0.44573802 0.01636163 -0.00491412
v -0.10517716 -0.01278466 0.00935537
v -0.35334393 0.01447888 0.00992234
v -0.32238001 0.00652544 -0.01498487
v -0.49717674 0.00124731 -0.01627544
v 0.13505012 -0.01588369 -0.00417000
v -0.05968956 0.01484650 0.00808925
v -0.45431164 -0.01528094 0.00231225
v -0.06002081 0.01193987 -0.01189213
v -0.06335944 0.01659206 0.00376631
v 0.50848740 -0.01147275 -0.00893787
v -0.06333519 0.01705716 -0.00038766
v -0.04244681 0.01166562 -0.01216094
v -0.50248092 -0.00405278 -0.03059634
v -0.03389778 0.00695006 0.01493872
v -0.17917350 0.00957900 0.01395722
v 0.00518822 -0.00962488 -0.01354278
v -0.13956954 -0.00515391 -0.01558578
v -0.44342053 -0.01481303 -0.00396597
v -0.12609263 0.01620200 0.00548875
v -0.12446193 0.01493631 0.00829806
v -0.45365149 -0.01472588 0.00507394
v -0.26741591 0.01625322 0.00621472
v -0.26663026 0.01550250 0.00798775
v -0.13808729 -0.01275053 -0.01009672
v -0.45292658 -0.01536063 -0.00064731
v -0.27074131 0.01437675 0.00980163
v -0.27043912 0.01723313 -0.00047175
v -0.26954243 0.01720900 0.00201628
v 0.01582484 0.01042159 0.01292441
v -0.03439013 0.01218687 0.01153000
v -0.52760202 0.01618550 0.01019375
v 0.28021544 0.00710959 0.01524844
v 0.01150694 -0.00764472 -0.01477281
v 0.43092585 0.01678747 0.00379056
v 0.44400060 0.01424013 0.01002441
v 0.43948019 0.01497250 -0.00666919
v -0.52944136 0.01443281 -0.02251319
v 0.00191200 0.01298447 0.01055378
v -0.50320739 0.00138238 -0.05594075
v -0.50926697 0.01178000 0.05855000
v 0.03097834 -0.00677444 -0.01514916
v 0.09349653 0.01682305 -0.00119161
v 0.09459225 0.01629444 0.00406987
v -0.50499690 0.01190175 -0.02136537
v 0.07955790 0.01582422 0.00577550
v 0.09062412 0.01683356 0.00118269
v -0.50178283 -0.00248419 -0.04514419
v 0.08768069 0.01475900 0.00794544
v 0.10947257 0.01504481 0.00742409
v 0.14343189 0.01496592 0.00751006
v 0.14064941 0.01683966 -0.00099952
v 0.13885158 0.01597025 -0.00512648
v -0.22105294 0.00531963 0.01593656
v -0.50187248 0.00150369 -0.02268769
v 0.04169344 -0.00835750 -0.01439412
v -0.00285641 0.01573528 -0.00626925
v 0.05158169 -0.01448250 -0.00774869
v 0.14525947 0.01646147 0.00358925
v 0.14171112 0.01680923 0.00144703
v -0.50159776 0.01035987 0.01514375
v 0.21433713 0.01367675 0.00984769
v 0.21771832 0.01597067 0.00571328
v 0.47030023 0.00337775 0.01720044
v 0.22968425 0.01434494 0.00890906
v 0.21669897 0.01697922 -0.00031981
v 0.22679222 0.01693813 0.00151766
v 0.23412259 0.01616797 0.00525756
v 0.17016925 0.01535600 0.00692412
v 0.18210863 0.01659425 0.00335587
v 0.18586363 0.01626756 -0.00435744
v 0.02457984 0.00700806 0.01485694
v -0.24778537 0.00000031 -0.01635319
v -0.52145386 0.01586862 0.05646819
v 0.19389087 0.01685369 0.00189756
v 0.19302624 0.01693131 -0.00067931
v 0.19572945 0.01552442 0.00673094
v 0.30023924 0.01586289 0.00648536
v 0.32407585 -0.01351163 -0.00874787
v 0.30511257 0.01702156 0.00098000
v -0.45712411 -0.01307719 -0.00777513
v 0.30110630 0.01666462 0.00408541
v -0.52636403 0.01573700 -0.05600500
v 0.00934375 0.01164650 0.01191659
v -0.52550900 0.01529900 -0.05712400
v 0.26157594 0.01687738 0.00219297
v -0.52992100 0.01496425 -0.04482800
v 0.25404200 0.01582825 0.00642675
v -0.18982573 0.00845373 -0.01439908
v -0.18460369 0.00359284 -0.01615753
v -0.49356499 0.00184388 -0.01577425
v -0.04770191 0.00240237 -0.01652203
v 0.48765919 -0.00046181 0.01744719
v -0.05425863 -0.00148137 -0.01656869
v -0.50601602 0.00749800 -0.05786500
v -0.25320274 -0.01008069 -0.01257544
v -0.27579778 -0.00894659 -0.01337586
v -0.49030226 0.00482763 0.01697600
v -0.48355737 0.00070375 0.01716406
v -0.50415051 -0.00648900 -0.05331000
v -0.04293650 -0.00145441 -0.01660197
v -0.52747589 0.01624688 -0.00796887
v 0.10304923 -0.00072087 -0.01655178
v 0.10784278 -0.00385920 -0.01610724
v 0.10123066 0.00157636 -0.01647659
v 0.10627656 0.00460600 -0.01594344
v 0.42688259 0.01699669 0.00148344
v -0.34356856 0.00947530 0.01457248
v 0.43251294 0.01606289 0.00644141
v -0.50155151 0.00121425 -0.04624525
v -0.35729375 0.01170331 0.01304181
v -0.50245506 0.00145750 -0.03137562
v -0.51858592 0.01627338 0.05022087
v -0.44937688 -0.01382487 0.00745584
v 0.23344006 -0.00580687 -0.01527363
v -0.30811131 -0.01041069 -0.01210613
v 0.47336257 0.00134009 0.01743972
v 0.42416826 0.01607319 -0.00436356
v -0.50342435 0.00896175 0.05356387
v 0.45962122 0.00683978 -0.01408000
v 0.07154503 0.01364920 -0.00972692
v 0.48026943 -0.00335216 -0.01466300
v 0.08480275 0.01090131 -0.01262506
v 0.39996457 0.01650528 -0.00300541
v -0.07244725 -0.01301475 0.00910669
v -0.51607627 0.01591937 0.03340650
v 0.39052007 0.01636156 0.00544625
v 0.40904143 0.01589594 0.00669794
v 0.41568190 0.01483572 0.00892425
v 0.09000988 0.01214712 -0.01143088
v 0.10423253 0.00978987 -0.01342784
v 0.09512025 0.00797019 -0.01458703
v 0.40922549 0.01702103 0.00131244
v 0.40495744 0.01674033 0.00379191
v -0.39416626 0.01491225 0.00942762
v 0.11819091 0.00512259 0.01559472
v 0.11614975 0.00867863 0.01412631
v 0.52796000 0.01447500 0.00287900
v -0.45969319 -0.00683588 0.01484744
v 0.15615331 -0.00756094 -0.01468113
v 0.49579474 -0.01545337 -0.00135050
v -0.41288587 0.01420525 -0.00882712
v -0.52702725 0.01630381 -0.04140494
v 0.49736801 -0.01331100 0.00881500
v 0.53023648 0.01419950 -0.00272750
v -0.00467886 0.01404528 -0.00926542
v 0.42263481 0.01471862 -0.00719697
v 0.19280256 -0.01295763 0.00955787
v -0.10291649 0.01569942 0.00665452
v 0.49679413 -0.01175188 0.01111387
v 0.48215306 -0.00364172 0.01692591
v 0.47679579 -0.00161528 0.01727600
v 0.49418125 -0.00967212 0.01357550
v 0.13390465 -0.01354287 -0.00945931
v -0.52858651 0.01572750 -0.04876900
v -0.42558420 -0.00258619 -0.01554581
v 0.49003300 -0.00659919 -0.01340081
v -0.45251885 0.01057534 -0.01246006
v -0.52620250 0.01641400 0.00504400
v 0.02067281 0.00648400 -0.01549922
v -0.52524346 0.01676347 0.01454403
v 0.04982163 0.01685737 0.00130575
v -0.52297699 0.01641300 -0.00477188
v -0.49709049 0.01734100 -0.00180750
v -0.52305228 0.01672950 0.02260475
v -0.51242501 0.01527100 0.05712400
v 0.13261375 -0.01536875 -0.00598175
v 0.50086665 -0.01434338 0.00581294
v -0.50453299 0.01009750 -0.04964400
v 0.22960304 0.01215983 0.01163620
v -0.05374287 -0.01089719 -0.01243362
v -0.44707882 -0.01229513 0.00996500
v 0.06164687 0.01692819 -0.00033887
v -0.08116897 0.00311922 0.01609600
v 0.16445172 0.01209722 0.01152356
v -0.49935645 0.00064041 -0.01761806
v 0.22985384 -0.00935816 0.01310691
v 0.03416300 -0.00307825 -0.01645675
v 0.13909766 -0.01533453 0.00512200
v 0.44676763 0.00972638 0.01454600
v 0.02344844 0.00490175 0.01555234
v 0.47717023 -0.00527409 -0.01409500
v 0.48613974 -0.00892256 -0.01209262
v 0.24305682 -0.00990725 -0.01304006
v 0.46256906 0.00260347 -0.01525172
v 0.45785707 0.00438988 -0.01490769
v -0.50394017 0.00781581 -0.04055138
v 0.53572500 -0.00712100 -0.00232900
v 0.24129656 -0.01231044 -0.01073081
v -0.07022639 0.00703994 0.01503017
v -0.50677246 -0.00955006 -0.05480744
v -0.49919224 0.00792800 -0.01408900
v 0.53508753 -0.01052475 -0.00013213
v -0.50237042 0.00263606 -0.05332419
v 0.06642169 -0.00610569 -0.01529269
v 0.48959494 -0.01072644 -0.01067488
v 0.21505867 0.01202395 -0.01144681
v 0.44651923 0.00769444 0.01563531
v -0.51112777 0.01226000 -0.05778325
v -0.51545447 0.01577300 0.02487625
v 0.21892466 0.01377767 -0.00940766
v -0.52532738 0.01664638 -0.01591850
v -0.52469730 0.01653687 -0.03291950
v -0.00973875 0.01695981 -0.00184475
v -0.51744568 0.01620637 0.00598563
v -0.52213711 0.01657406 -0.02311556
v -0.50828397 0.01375194 0.05609763
v -0.50867182 0.01378275 0.04835669
v 0.46253142 0.00040100 -0.01538644
v -0.51257271 0.01558681 0.04978469
v 0.44549045 0.00624672 -0.01427437
v 0.52630699 -0.00821000 -0.01044100
v 0.52777898 -0.00287769 -0.01295569
v 0.26824662 -0.01251106 0.01014244
v -0.50896853 0.01314275 0.03852094
v -0.01245756 0.01663550 0.00306625
v -0.52185625 0.01705850 -0.01361700
v -0.43596074 -0.01321181 -0.00777206
v 0.03910325 -0.00075169 0.01608256
v -0.52136564 0.01707925 -0.01744500
v -0.50545454 -0.00983494 -0.03507569
v -0.50244451 0.00488019 -0.04560872
v -0.49771401 0.00851062 0.01518063
v -0.46087641 -0.00189016 0.01675631
v 0.48109406 -0.00762056 0.01532456
v 0.07067388 0.01669662 -0.00254481
v 0.53576112 -0.00472625 -0.00022050
v -0.00325537 -0.01343837 -0.00951050
v -0.50937700 0.01466100 0.05489000
v 0.01686019 0.00455447 -0.01611503
v -0.50360572 0.00838600 -0.05001650
v -0.51761347 0.01652800 -0.03392350
v 0.06803759 0.01497241 -0.00764709
v 0.49095026 -0.01546619 0.00442750
v 0.06525569 0.01650037 0.00357606
v 0.52903944 -0.00830181 -0.00957069
v 0.06997500 -0.01527150 0.00551081
v 0.49118724 -0.01343537 0.00944625
v 0.06600634 -0.01392234 -0.00882003
v 0.12238093 -0.00654850 -0.01519569
v 0.03483453 -0.00341247 0.01568333
v -0.49996808 0.01203772 0.01346322
v -0.49390212 0.01040338 0.01452138
v -0.48192880 0.00373141 -0.01548353
v 0.44978470 0.00414122 0.01684097
v 0.43172318 0.01114381 0.01342306
v 0.33425364 -0.00564944 -0.01490542
v 0.34376702 -0.00863609 -0.01342406
v -0.45007867 -0.00478870 0.01584008
v 0.35141909 -0.01107397 -0.01159778
v 0.49024174 -0.01562750 -0.00188825
v -0.51279163 0.01623188 -0.00394200
v -0.02284488 0.01457387 -0.00859575
v -0.03159722 0.01078175 -0.01292928
v 0.30368221 0.01146066 0.01261866
v -0.51582164 0.01640825 -0.05638362
v -0.51299173 0.01657300 -0.05510000
v -0.50671369 0.01353350 -0.02268531
v 0.48899299 -0.01464600 0.00740200
v -0.51453918 0.01636875 -0.02468506
v 0.31053025 0.01306181 0.01098553
v -0.51011527 0.01585478 0.01152113
v 0.35672793 -0.00833313 0.01424312
v -0.50472301 0.00995075 -0.05389350
v 0.43301421 0.00645581 0.01609616
v 0.37379250 -0.00903494 -0.01310187
v 0.34369856 0.00550320 0.01607720
v 0.39578810 0.01157369 0.01282769
v 0.45740518 -0.01525569 -0.00449094
v 0.39335376 -0.01155838 -0.01101363
v 0.06277284 -0.01543428 0.00453250
v 0.39793035 -0.00539706 -0.01482981
v 0.48627144 -0.01516525 -0.00394012
v 0.06349113 -0.01577912 -0.00462600
v -0.01501163 0.01295694 -0.01078388
v 0.36813495 0.00969269 0.01416681
v 0.46318388 -0.00432353 0.01655516
v 0.43078420 0.00905931 -0.01296825
v 0.46022359 -0.00572669 -0.01425794
v 0.36468792 0.00112186 -0.01583442
v 0.04332887 -0.01322800 -0.00982688
v 0.37802723 0.01115672 0.01313369
v 0.45254657 -0.00127269 -0.01535203
v 0.49043694 -0.01587044 0.00134225
v 0.37484333 -0.00969048 0.01332448
v 0.48194125 -0.01312887 0.01019744
v 0.00086528 0.00891200 0.01395009
v 0.31090242 0.01110506 -0.01189077
v 0.40219536 0.01176150 -0.01097306
v -0.50993711 0.01418213 -0.03738062
v -0.50821924 0.01306175 -0.03455100
v 0.35692358 -0.00955819 -0.01283794
v -0.50992620 -0.01398344 0.04625338
v -0.50683951 -0.01016106 0.04297350
v 0.36027828 -0.01146716 0.01168750
v -0.50675780 0.01616250 -0.00843556
v -0.51062477 0.01482805 -0.04456484
v -0.51729304 0.01680259 -0.04171216
v 0.28121743 0.01624506 0.00542775
v 0.28383765 0.01291678 0.01107088
v -0.50760615 0.01355350 -0.05245638
v -0.50298250 0.00407450 0.04388450
v 0.44756135 0.00169609 -0.01536588
v 0.35431644 -0.01308406 -0.00928850
v -0.50446755 0.00866244 0.04451956
v 0.46898511 -0.00939322 -0.01213259
v 0.32806760 -0.01063247 -0.01203908
v -0.50270361 0.00660188 0.04953000
v 0.40046582 0.01694812 -0.00044416
v -0.50168771 0.00261706 0.05020931
v 0.10020958 0.00667775 0.01502983
v 0.27804840 0.00984750 -0.01307953
v -0.50995016 0.01548297 -0.02310356
v -0.50318539 -0.00032931 0.04052725
v -0.02400042 0.01569298 -0.00648556
v -0.50623071 -0.00975750 0.03443206
v -0.01523984 0.01660756 -0.00389297
v 0.06464250 -0.01632063 0.00079556
v 0.12634704 -0.00513903 0.01523452
v -0.50175053 -0.00375438 0.01877450
v 0.08701325 0.01076672 0.01264562
v -0.50410610 0.01612850 0.00174437
v 0.21799834 0.00824725 0.01452847
v 0.21797282 0.01071544 0.01293069
v -0.50418180 0.01302622 0.01411175
v -0.53479463 0.00619825 -0.03485062
v -0.51296443 0.01658481 -0.05188875
v -0.50209212 0.01569975 0.00856725
v -0.50354689 0.01600113 0.00685637
v 0.06254331 -0.01628375 -0.00198938
v 0.21178193 0.01227681 0.01148600
v -0.51048201 0.01601100 -0.05406850
v 0.20756741 -0.00841294 0.01376522
v -0.50511426 0.00958494 0.01906769
v 0.02752834 -0.00111631 0.01604156
v 0.20552593 0.00909700 0.01401994
v -0.48754501 0.01216100 0.01339700
v 0.19999997 0.01097769 0.01267447
v 0.20683622 0.00587441 0.01550253
v 0.39236897 0.01576822 -0.00525000
v 0.45641971 -0.00654406 0.01560175
v 0.01977569 0.00099616 0.01608800
v -0.50330836 0.01590887 -0.00468000
v -0.46715960 0.00449656 0.01684144
v 0.43475315 0.00421656 -0.01502559
v -0.50047803 0.01701400 0.00480900
v 0.42471671 0.00710731 -0.01405734
v 0.43510401 0.00402094 0.01681462
v -0.50638080 0.00963312 0.02333525
v -0.42217594 -0.01548206 0.00115963
v -0.41810668 -0.01536216 -0.00197966
v -0.49080449 0.01375100 0.01175000
v 0.47800371 -0.01449712 0.00775662
v 0.22525160 -0.00886378 -0.01376638
v -0.46823886 0.00746581 0.01600506
v 0.47403127 -0.01545766 0.00510700
v -0.46215075 0.00533631 -0.01506537
v -0.00425441 0.01061769 -0.01316138
v 0.16953762 0.01401205 0.00921023
v 0.47491685 -0.01571134 -0.00216369
v 0.47024414 -0.01598400 -0.00036781
v -0.50711524 0.01279141 0.01770841
v 0.46632275 -0.01591188 0.00298134
v 0.19903064 -0.01160064 0.01113825
v -0.50428200 0.01026912 0.01710437
v -0.49951500 0.01683300 -0.00367900
v -0.41125366 -0.01538213 0.00267159
v -0.41765100 -0.01478287 -0.00446950
v -0.49893036 0.01645862 0.00702900
v 0.03633409 -0.00641825 0.01462641
v 0.00836219 0.00655169 0.01506581
v -0.43374956 -0.00650819 0.01503831
v -0.47806168 0.01155425 0.01365441
v 0.44705310 -0.00271612 0.01681825
v 0.44047719 0.00005869 0.01713719
v -0.46692473 0.00308825 -0.01554141
v -0.45255062 0.00123375 -0.01573575
v -0.50958347 0.01420250 0.01807150
v -0.48964950 0.01538500 0.00943025
v 0.10274394 0.00664925 -0.01522284
v 0.14653462 -0.00068412 0.01620694
v -0.41460362 -0.01458756 0.00580213
v -0.49042588 0.01582231 -0.00632412
v -0.52181542 0.01691606 0.01616575
v -0.44194576 -0.00257069 -0.01546809
v 0.43211243 0.00166644 -0.01547828
v 0.44074053 -0.00202347 -0.01533275
v -0.43792215 -0.00219397 0.01666016
v -0.48171756 0.01350928 -0.00978419
v -0.48871097 0.01717069 0.00482500
v 0.08299413 0.01604844 -0.00503037
v -0.50411117 -0.00573584 0.04439353
v -0.45382163 0.00442088 0.01687775
v -0.50554264 0.00810037 0.03404144
v -0.45862415 0.00757319 -0.01424675
v -0.50325191 -0.00363066 0.02469325
v -0.44132444 0.00007484 -0.01579328
v -0.42304793 -0.00386150 0.01613733
v 0.41155371 0.00878762 -0.01319175
v -0.50668126 0.01048500 0.03659925
v -0.48812351 0.01756738 0.00186000
v -0.50334436 0.00100831 0.02305275
v -0.41251662 -0.01557600 -0.00004588
v -0.53323883 0.01080531 -0.05160731
v 0.38460055 0.01466350 -0.00744400
v 0.45595503 -0.01378155 0.00902830
v 0.02375925 0.00226306 -0.01657106
v -0.50399977 0.00522663 0.02110331
v -0.46837014 0.01177263 0.01355619
v -0.47229779 0.01556105 0.00898852
v -0.51633960 0.01624113 0.04340487
v 0.44461879 -0.00555584 0.01600478
v -0.40174887 -0.01455134 -0.00523641
v -0.47542760 0.01677358 -0.00394641
v 0.42113012 0.00425216 -0.01506116
v 0.43148518 0.00192856 0.01707131
v -0.43977806 0.00160475 0.01705875
v 0.37953985 0.01687144 -0.00127155
v 0.38289824 0.01697544 0.00203259
v -0.51362979 0.01564800 0.01863856
v 0.00108008 0.00499773 0.01556327
v -0.39460018 -0.01376767 0.00773577
v 0.03347588 -0.00992837 -0.01302463
v -0.41805944 -0.00594663 -0.01450344
v 0.02358622 -0.00866806 0.01333370
v 0.39252976 0.01547431 0.00767537
v 0.41579500 0.00255309 0.01693813
v -0.40318647 -0.00950819 -0.01233991
v 0.41573164 0.00506256 0.01646275
v -0.50424606 -0.00508444 0.03947831
v -0.44362038 0.00500003 -0.01525722
v -0.00625075 -0.01280675 0.00936303
v 0.13625275 -0.00804438 -0.01448600
v -0.47049600 0.01577112 -0.00636081
v -0.50480288 -0.00719684 0.03202797
v -0.05760547 0.01110566 0.01255397
v -0.46897018 0.01744950 -0.00083081
v -0.44867903 0.01160241 0.01358025
v -0.43823072 0.00969291 -0.01306456
v -0.02439697 -0.00973069 0.01246697
v -0.38533872 -0.00921766 -0.01265663
v -0.41365707 0.00919331 -0.01349644
v -0.42816898 -0.00056712 0.01690894
v 0.45004025 -0.01491766 0.00675038
v -0.39014867 0.00007588 -0.01590227
v 0.05262450 -0.01587350 0.00278425
v -0.52107292 0.01666662 0.04237700
v 0.40729076 0.00564809 -0.01475216
v -0.39211968 -0.01505756 0.00451531
v -0.34688261 -0.01102338 -0.01129350
v 0.43528381 -0.00318803 0.01664441
v -0.38092849 -0.01562950 0.00067119
v -0.06712819 -0.00945450 0.01280556
v -0.36163977 -0.00540892 -0.01492558
v -0.33578101 -0.00862670 -0.01334041
v 0.15686466 -0.01024112 -0.01298044
v -0.35505161 -0.00207359 -0.01584316
v -0.43378824 0.00500213 0.01665047
v -0.43261161 0.00328852 -0.01565436
v -0.39955401 -0.00600577 0.01524687
v -0.41827124 -0.00071984 0.01682591
v -0.40901205 -0.00496153 0.01574097
v -0.34770957 0.00766550 -0.01448959
v 0.44537532 -0.01608525 0.00203863
v -0.17062446 0.00768937 0.01497430
v -0.39137307 -0.01520350 -0.00330513
v -0.50233638 -0.00181344 0.04790631
v -0.45781317 0.01718622 0.00451950
v -0.50405657 -0.00394663 0.03432516
v -0.18365800 0.01151181 0.01250900
v 0.42100319 -0.00186753 0.01684381
v 0.42131501 0.00044047 0.01704166
v -0.43809643 0.00781981 0.01578137
v -0.26852351 -0.01271950 0.00952600
v -0.21449369 0.00761134 -0.01479278
v -0.27475795 -0.00201408 -0.01609953
v -0.27221736 -0.00435653 -0.01559997
v 0.44375637 -0.01590689 -0.00221942
v -0.19686162 -0.00572809 -0.01528137
v -0.46195883 0.01751637 0.00205769
v -0.22807111 0.00351206 0.01633022
v -0.29849821 0.01237484 0.01219830
v -0.50436395 0.00383359 0.03021509
v -0.50378895 0.00110609 0.03323342
v -0.25097406 -0.00486200 -0.01551025
v -0.50877899 0.01302400 0.03101800
v -0.28550431 0.01494625 0.00893612
v -0.39181563 -0.00752617 0.01439845
v 0.11789188 -0.00266109 -0.01634519
v -0.19968416 0.00124109 -0.01641945
v -0.17652060 0.00164488 -0.01643353
v 0.43101549 -0.00829400 -0.01328356
v -0.50514972 0.00659100 0.02545225
v -0.19718744 0.01387706 -0.00957206
v -0.20953751 0.01719462 0.00218444
v -0.16931389 0.00445514 0.01604205
v -0.38236243 -0.01558169 -0.00131425
v -0.53359050 0.00945950 -0.05398100
v 0.35810477 0.01632544 -0.00376988
v -0.14261442 0.00968272 0.01382858
v -0.14988925 0.00644847 0.01541859
v -0.53002799 0.01436500 -0.05248600
v 0.44314051 -0.01317331 -0.00874284
v -0.42054158 0.00283609 -0.01573219
v -0.13507062 0.00499375 0.01583122
v 0.36659750 0.01503775 0.00840950
v -0.15126388 0.01424700 -0.00905828
v 0.35609719 0.01697809 0.00011450
v 0.42618519 -0.00545606 0.01591613
v -0.34850085 -0.01471713 -0.00541550
v -0.44635081 0.01705737 -0.00272719
v -0.37827358 -0.01411850 -0.00659806
v 0.16000456 0.00974231 -0.01339744
v 0.40671396 0.00321200 -0.01541216
v -0.07729197 0.01108763 -0.01261450
v -0.09069341 0.01021088 -0.01324581
v -0.40396047 -0.00213128 0.01659950
v -0.44347417 0.01651002 0.00658238
v 0.01493162 -0.01393063 -0.00874387
v -0.42030513 0.00560569 0.01644962
v 0.39247265 0.00644847 -0.01447003
v -0.50411433 0.00950766 -0.02224803
v 0.03321638 -0.01153619 -0.01149713
v -0.42131838 0.00805572 0.01559616
v -0.50101304 -0.00100103 -0.02157291
v -0.50187576 -0.00069750 -0.05097225
v 0.38834003 0.00875319 0.01483522
v -0.43673754 0.01519056 -0.00730920
v -0.36518016 -0.01501553 0.00456516
v -0.44242615 0.01740644 -0.00044897
v -0.50335830 -0.00651922 -0.03376088
v 0.42799768 -0.01617153 0.00024144
v -0.42435437 0.00755263 -0.01436856
v -0.40054086 0.00076673 0.01694988
v -0.50062960 -0.00571353 -0.02145037
v 0.36243123 0.01526531 -0.00638612
v -0.50300902 0.00505150 -0.05409150
v -0.43445757 0.01549450 0.00878900
v -0.36471981 -0.01504856 -0.00407756
v -0.36411765 -0.01426997 0.00665372
v -0.42155707 0.01019569 -0.01279906
v 0.15463990 -0.01593884 0.00317881
v 0.40700376 0.00103494 -0.01568475
v -0.40445074 0.00375450 0.01680288
v -0.50805181 -0.01185706 -0.05168700
v -0.39034286 -0.00354038 0.01622625
v 0.01165866 0.00331334 0.01592622
v 0.22612654 0.01004109 -0.01314866
v -0.43497655 0.01744075 0.00175228
v 0.35728681 0.01684125 0.00267003
v 0.24641313 0.00622906 0.01548366
v 0.40782511 -0.00170347 -0.01558837
v 0.00160416 0.00678491 -0.01532741
v 0.43373370 -0.01515281 -0.00520037
v -0.40265560 0.00652908 0.01613017
v 0.11026788 0.00309066 0.01603008
v 0.17438672 -0.00663472 -0.01505512
v 0.40555578 -0.00240194 0.01669166
v 0.17691956 -0.01005825 -0.01310031
v -0.51758665 -0.01559369 -0.03714156
v -0.38446799 -0.00125550 0.01670712
v 0.24359438 0.00876769 -0.01394350
v 0.37503663 0.00767069 -0.01400384
v 0.17160869 -0.00380300 -0.01604856
v -0.39438483 0.00227469 -0.01581100
v 0.29156104 -0.00775022 -0.01415822
v -0.42125350 0.01728201 0.00309578
v -0.50613475 -0.01158687 -0.02893787
v 0.35490248 0.01481647 0.00842753
v 0.19766672 -0.00979791 -0.01325138
v 0.03766856 -0.01525669 0.00484231
v -0.02139800 0.01713400 -0.00060200
v 0.38648844 0.00245755 -0.01560708
v 0.03538269 -0.01614256 0.00079384
v 0.18203200 0.01016919 0.01322547
v 0.18752028 0.00811888 0.01450716
v 0.38565707 0.00590391 0.01607038
v -0.40850550 0.00190112 -0.01584150
v -0.34349772 -0.01346720 -0.00810942
v 0.38962182 0.00025853 -0.01576624
v 0.40852553 -0.00640703 0.01545869
v 0.40441456 -0.00446588 0.01617887
v 0.23610829 -0.01364900 -0.00894381
v 0.22920321 0.00475506 -0.01573981
v 0.34064850 0.01675869 -0.00199647
v 0.26035175 -0.01027275 0.01244875
v 0.20560668 0.00861507 -0.01407405
v 0.21705134 0.00717197 -0.01482984
v 0.29774606 0.00925719 -0.01333775
v -0.39509988 0.00517438 -0.01524269
v 0.23794176 0.01189400 -0.01159500
v -0.39094499 0.00463856 0.01660575
v -0.38804612 0.00185050 0.01689731
v 0.34279647 0.00183659 0.01675669
v 0.33351967 -0.00125475 -0.01589406
v -0.40810284 0.01598653 0.00748519
v 0.39951864 -0.00345387 -0.01536950
v 0.01495600 0.00049300 -0.01669069
v -0.42597705 0.01658605 -0.00409625
v -0.19046751 -0.00192837 -0.01629900
v 0.26556912 0.01555456 0.00696906
v 0.37622502 0.00519206 -0.01501058
v 0.26710182 0.00468794 0.01598288
v 0.18312466 0.01677400 -0.00194063
v 0.00659487 0.00268669 -0.01651294
v 0.17640881 0.01610597 0.00515744
v -0.40384758 0.01245581 0.01252338
v 0.13000084 -0.00201217 0.01605587
v 0.35142303 -0.01510473 -0.00559673
v -0.36203358 -0.00556738 0.01535866
v -0.50606465 -0.01016284 -0.04546662
v 0.32958207 -0.00946750 0.01333594
v -0.40826872 0.01537597 -0.00696712
v 0.31257424 -0.00861619 -0.01355588
v -0.33408305 -0.01542781 -0.00298600
v -0.40700135 0.01734534 -0.00002131
v 0.26094592 0.00869013 -0.01391937
v -0.39572468 0.00806975 -0.01411237
v 0.40985337 -0.01613209 -0.00094794
v -0.50174558 -0.00274294 -0.02529431
v -0.37119079 0.00098163 0.01685322
v -0.37198499 -0.00254859 0.01636181
v 0.27211720 0.00874644 0.01443988
v -0.40782428 0.01709181 -0.00205709
v -0.33951879 -0.01417650 0.00685444
v -0.41200921 0.01679209 0.00537219
v 0.40574932 -0.01545888 -0.00446812
v -0.50419927 0.00789703 -0.02962444
v -0.50813133 -0.01261900 -0.03240703
v -0.33409414 -0.01516613 0.00420956
v 0.40918419 -0.01473975 0.00703169
v -0.33451492 -0.01571353 0.00005012
v 0.27394596 -0.01350558 0.00880455
v -0.37491632 0.00175262 -0.01596047
v 0.33293587 0.01552500 -0.00596853
v 0.38105536 0.00331488 0.01666938
v 0.23115352 0.00528339 0.01572205
v -0.38281646 0.00376966 -0.01559592
v -0.39535314 0.01094588 -0.01224838
v 0.32772487 0.01434744 0.00937817
v 0.20006806 0.01025600 -0.01300425
v 0.34079850 0.01099775 0.01313369
v 0.32904363 0.01238988 0.01183250
v -0.32691669 -0.01498525 -0.00483697
v -0.50243068 0.00329287 -0.03823512
v -0.50309026 -0.00630738 -0.04480287
v 0.33385000 0.00593600 -0.01492062
v 0.18165228 0.00432763 0.01590006
v -0.50209457 -0.00220706 -0.03709919
v 0.33848342 0.01696356 0.00186181
v 0.40788388 -0.01585975 -0.00288837
v 0.40715280 -0.01552788 0.00493813
v -0.50342155 -0.00903194 -0.02614225
v 0.32842225 0.01671569 0.00366547
v 0.13730951 -0.00972731 0.01278881
v -0.37145993 -0.00048397 -0.01598575
v 0.38545534 0.00102441 0.01691441
v -0.40184253 0.01631509 -0.00476584
v 0.34515512 0.01520975 0.00805100
v 0.35782400 -0.00354491 0.01637653
v -0.36217567 -0.00054869 0.01669975
v -0.35505217 -0.00222081 0.01640988
v -0.38406688 0.00649625 -0.01477900
v 0.32718018 0.01700562 0.00023487
v -0.34054172 -0.00831284 0.01381834
v -0.37710649 0.00654250 0.01609550
v 0.33509964 0.01596500 0.00630372
v 0.40760469 -0.01601259 0.00276313
v 0.07078350 -0.01504963 -0.00692488
v 0.38519883 -0.00362216 -0.01532194
v 0.38392410 -0.00164228 0.01674922
v 0.35707951 0.00572364 -0.01492666
v -0.37940693 0.00840594 0.01529369
v 0.35672101 0.00763825 -0.01411425
v -0.34764549 -0.00443238 0.01581325
v -0.31934744 -0.01569066 0.00151613
v -0.02429300 0.01489500 0.00806700
v 0.02474662 -0.01515600 -0.00599987
v 0.32512709 0.01463688 -0.00770219
v -0.36457875 0.00507772 -0.01542766
v -0.37861529 0.01224344 0.01260769
v -0.03257500 0.01693625 -0.00212550
v -0.31851292 -0.01353700 0.00817828
v 0.00040503 -0.00459972 -0.01598722
v 0.37130946 0.00151741 0.01681809
v -0.02851303 -0.00182650 -0.01657781
v -0.39584765 0.01703634 0.00408547
v -0.19905978 0.01521319 0.00794550
v -0.20146559 0.01677741 0.00428128
v -0.34230351 -0.00419944 -0.01540406
v -0.37839082 0.01081112 0.01381119
v -0.02484194 0.00908078 -0.01411028
v -0.20456575 0.01741400 0.00086700
v -0.06460772 0.01585603 0.00612669
v -0.02644188 -0.01200756 0.01028309
v -0.36205792 0.00500714 0.01642045
v -0.02031112 0.01697063 0.00227137
v -0.20646062 0.01716487 -0.00196813
v -0.21356638 0.01669087 -0.00387550
v -0.18273188 0.01459294 0.00902275
v -0.30609426 -0.01561111 -0.00231234
v -0.37459016 0.01581606 0.00758469
v -0.38757107 0.01649250 0.00599087
v -0.34481171 0.00037963 0.01674903
v -0.37086481 0.00681444 -0.01480431
v -0.02491894 0.01593925 0.00584619
v -0.11838391 0.01332966 0.01050300
v -0.30700800 -0.01412302 0.00712847
v -0.38598737 0.01470069 -0.00800938
v -0.31523117 -0.01400709 -0.00730962
v -0.05064325 0.00738100 -0.01512125
v -0.32861188 0.01564466 -0.00645856
v -0.35897595 0.01438512 -0.00866400
v -0.35339367 0.01578878 -0.00619737
v -0.29853880 -0.01486556 0.00531550
v -0.33965820 0.00937025 -0.01355175
v -0.33699584 -0.00193134 0.01644491
v -0.31657156 0.00847025 0.01504259
v -0.32732710 -0.00310469 0.01614556
v -0.27208900 -0.01458500 -0.00635700
v -0.36767453 0.00977581 0.01446872
v -0.16800843 0.01172603 0.01231531
v -0.35885045 0.00766006 0.01557575
v 0.37294075 -0.00205694 -0.01568962
v -0.35245785 0.00277675 0.01673356
v -0.34321538 -0.00077750 -0.01605034
v -0.29429281 -0.01552722 0.00279016
v -0.19182210 0.01720416 0.00022116
v -0.38247475 0.01727241 0.00185406
v -0.19595279 0.01040547 -0.01311034
v 0.38880336 -0.01384569 0.00869378
v -0.15503137 -0.01046050 -0.01254525
v -0.31902230 0.01683075 0.00475794
v -0.23577109 -0.01381128 -0.00806628
v -0.15253019 -0.01195284 0.01040573
v 0.37500814 -0.00484459 0.01593658
v 0.36979261 -0.00170244 0.01668000
v -0.31580946 -0.00840656 0.01371162
v 0.00231572 -0.01463931 -0.00735894
v -0.37510002 0.01704488 -0.00215388
v -0.37775794 0.01651459 -0.00425041
v 0.36568075 -0.01422850 0.00792775
v -0.22461697 0.01311250 0.01120722
v 0.31410867 -0.00033022 0.01666919
v -0.29429182 -0.01578594 -0.00072644
v -0.37255549 0.01495422 0.00920863
v -0.37070844 0.01345813 0.01129556
v 0.25736237 0.01542781 -0.00658456
v 0.37999773 -0.00763000 0.01473997
v 0.38821369 -0.01618353 0.00061944
v -0.36061913 0.00840594 -0.01407847
v 0.25769678 -0.00082291 -0.01626863
v -0.37850505 0.01576797 -0.00607141
v 0.20938234 0.01530553 -0.00686103
v -0.34314749 0.00454791 0.01647162
v -0.22491363 -0.00838184 0.01358959
v -0.34355068 0.01139250 0.01324475
v -0.34621665 0.00276491 -0.01595006
v -0.33007219 0.00682034 0.01577614
v -0.29146948 0.00681141 0.01569033
v 0.37133315 -0.00489128 -0.01506087
v 0.21965319 -0.01447106 -0.00759688
v -0.01478591 0.00727391 -0.01513425
v -0.32054490 0.01257041 0.01214406
v 0.12854449 0.01397908 -0.00910614
v 0.30575600 0.01655619 -0.00317172
v -0.31097361 0.01571128 0.00764806
v -0.32457101 0.01102434 0.01344341
v -0.29803926 -0.01509637 -0.00462512
v 0.29725787 0.01692059 -0.00120847
v -0.18913960 -0.01440583 0.00652405
v -0.23139012 0.01197953 0.01233909
v -0.31279525 -0.00478580 0.01559664
v 0.35765558 -0.00191133 -0.01573067
v -0.22528969 0.01523642 0.00818519
v -0.09371081 0.01344462 0.01031531
v -0.05682138 0.01014625 -0.01342613
v -0.03194906 0.00041622 0.01614250
v -0.01611638 -0.01355297 0.00823972
v -0.25122973 0.01473397 -0.00820547
v -0.35373768 0.01596731 0.00722237
v -0.11940503 -0.01388378 0.00767934
v -0.13905716 -0.00236003 0.01604506
v 0.33482492 0.00804713 -0.01390512
v -0.11328506 -0.00882225 0.01328366
v -0.14543600 0.00334963 0.01621550
v -0.26258057 -0.00859125 0.01352969
v -0.17738307 0.01365063 -0.00987344
v -0.17778456 0.01479769 -0.00821750
v -0.34546870 0.00583269 -0.01524631
v 0.37719724 -0.01438709 -0.00717937
v -0.15853569 0.01491669 0.00843894
v -0.14288540 0.01402022 0.00975481
v -0.20280491 -0.00169587 -0.01633287
v -0.32993525 0.00233025 -0.01604100
v 0.30728191 0.01492967 0.00836617
v -0.32540244 -0.00018662 -0.01612119
v -0.34242088 0.00684413 0.01583406
v -0.27351362 0.01437366 -0.00861058
v 0.30340520 0.01601119 -0.00494494
v -0.09760059 0.01690433 0.00261936
v -0.25751737 0.00881419 -0.01405125
v -0.17536750 -0.01344597 0.00834291
v -0.26969987 -0.01536091 -0.00397750
v -0.18686907 -0.01338363 -0.00902631
v -0.05093212 0.00435831 0.01580725
v -0.36741513 0.01696253 0.00403356
v -0.02099294 -0.01272344 -0.01048500
v -0.22264212 0.00766445 0.01510641
v 0.33151385 0.00967759 0.01405669
v -0.03650688 0.01508813 0.00771037
v -0.35715222 0.01729288 -0.00057597
v 0.38296875 -0.01493056 0.00653462
v -0.22633338 0.01542300 -0.00706150
v -0.05450613 0.01700950 0.00157550
v -0.30591911 -0.00665944 0.01476131
v 0.33907351 0.00357684 -0.01558125
v 0.16454209 -0.01588791 -0.00402312
v 0.36219609 -0.00740262 -0.01408366
v -0.15525013 -0.00998544 0.01238269
v 0.35514241 -0.00548094 -0.01492272
v 0.28343436 -0.00319463 -0.01582487
v -0.36242694 0.01733088 0.00094300
v 0.37715924 -0.01550994 -0.00439650
v 0.37702706 -0.01607091 -0.00154531
v -0.32168907 0.00011869 0.01667881
v 0.36963063 -0.01604806 0.00228559
v 0.36587903 -0.01572341 0.00403363
v 0.14413659 -0.00657408 0.01468080
v -0.15868850 -0.00490556 -0.01565458
v 0.01654859 -0.00255931 0.01583444
v 0.01065650 -0.00198875 -0.01655688
v -0.27605769 -0.01584881 0.00046856
v -0.33690307 0.01319556 0.01156406
v -0.31909147 0.00427822 0.01647195
v -0.31719249 0.00187319 0.01671472
v -0.32110104 0.00387872 -0.01579278
v -0.33249816 0.00642772 -0.01505734
v -0.30283594 -0.00285362 0.01620106
v -0.35242411 0.01674653 -0.00349622
v 0.13939326 0.00471087 0.01571956
v 0.13861206 0.00872333 0.01410281
v 0.14127822 0.00711138 0.01491903
v 0.15546271 0.00616391 0.01530688
v 0.16941731 0.00634353 0.01524341
v 0.16643094 0.00244809 0.01616734
v -0.26424879 -0.01526116 0.00415006
v 0.14523785 -0.00932634 -0.01366953
v 0.20574322 0.01656838 0.00368091
v 0.29147860 -0.01436844 0.00745284
v 0.23162888 0.00730150 -0.01476550
v 0.24547444 0.01463581 0.00861669
v -0.00672284 0.00447756 -0.01614272
v 0.24842077 0.01197497 0.01192422
v -0.29242495 -0.00472491 0.01558328
v 0.28853995 0.01475309 -0.00763884
v -0.25835639 -0.01571338 0.00205516
v 0.03682550 -0.01470288 -0.00695144
v -0.34146142 0.01720656 0.00261297
v 0.27168193 0.01194091 0.01206281
v 0.34411991 -0.00197142 0.01656692
v 0.31389341 0.00776650 -0.01412434
v -0.31486732 0.00653687 0.01586781
v -0.30165839 -0.00048919 0.01659319
v 0.27782255 0.01467994 0.00866412
v 0.08434631 0.01656306 0.00322037
v -0.30411282 0.00212472 -0.01608916
v 0.32225519 0.00466484 0.01625719
v 0.17270403 -0.01624978 0.00104506
v -0.09160668 0.01032316 0.01326359
v -0.26634669 -0.01577219 -0.00183750
v 0.29368547 -0.01009416 0.01272388
v 0.28660351 -0.01431106 -0.00758481
v -0.04530066 0.01628556 0.00498625
v 0.26495543 -0.00604381 0.01509541
v 0.25402424 -0.00559122 -0.01528722
v -0.29111397 -0.00330950 -0.01578656
v 0.23387316 -0.00348228 -0.01592709
v 0.34199250 -0.00313400 -0.01565700
v -0.30491421 0.00331672 0.01654528
v 0.32413474 0.00255787 0.01664631
v -0.04398163 0.01684675 0.00276313
v -0.05226784 0.01627306 -0.00496019
v 0.22595675 -0.01536820 -0.00533376
v 0.15223263 -0.00281489 -0.01628912
v 0.29015386 0.01701272 0.00156272
v 0.35423329 -0.01601800 -0.00196500
v 0.16503394 -0.01436281 -0.00802387
v -0.31931707 0.01424925 0.01020541
v 0.01307331 -0.00508416 -0.01585512
v -0.26213479 -0.01432803 0.00671225
v -0.24203175 -0.01585103 -0.00081098
v -0.05711050 0.01470775 -0.00837603
v -0.04653325 0.00247613 0.01607294
v -0.08828978 0.01645713 0.00458250
v 0.16765206 -0.01523766 -0.00607666
v -0.28877231 -0.00062444 0.01656169
v 0.35411352 -0.01501362 0.00618572
v -0.28513074 -0.00274606 0.01619319
v -0.27158198 -0.00461578 0.01559147
v -0.10103215 0.01551353 -0.00678372
v -0.29898962 0.00514631 -0.01554469
v -0.24855524 -0.01465359 -0.00622072
v -0.33250374 0.01696400 0.00441513
v -0.33061489 0.01693922 -0.00246378
v -0.29201806 0.00018856 -0.01621581
v 0.29976055 0.00637562 -0.01484087
v 0.32914695 0.00059031 0.01676013
v -0.30411124 0.00702237 -0.01487028
v 0.34638754 -0.00582725 0.01552009
v -0.28766948 0.00216831 0.01661550
v 0.27917844 0.01576781 -0.00569400
v 0.35003066 -0.01415909 -0.00761491
v 0.27441981 0.01682725 0.00306856
v -0.08764534 -0.01403828 -0.00828956
v -0.24041387 -0.01516866 -0.00481628
v -0.20825513 0.01454347 -0.00859144
v -0.32676977 0.01731822 0.00073859
v -0.32000011 0.01415119 -0.00900744
v 0.14956935 -0.00907147 0.01328109
v -0.29320818 0.00417944 0.01639131
v 0.11524625 0.00273769 -0.01632781
v 0.33996499 -0.00725866 0.01478239
v 0.32959944 -0.00220906 0.01650313
v -0.25049600 0.01341525 -0.01004675
v -0.26174179 0.00599706 -0.01540441
v -0.26734388 0.01016006 -0.01309269
v 0.22098938 -0.01385922 0.00818247
v -0.29102835 0.01581316 -0.00603622
v -0.12487838 0.00001381 0.01633638
v -0.25838986 0.00033837 0.01651191
v 0.34404156 -0.01574078 -0.00352578
v -0.30717093 0.01140225 0.01308213
v 0.34448186 -0.01617216 0.00048534
v 0.26742932 0.01672453 -0.00267486
v 0.30379158 -0.01546391 -0.00468947
v -0.06427313 0.00513550 0.01567038
v -0.23970272 -0.01566275 -0.00277828
v 0.32397696 -0.00405725 0.01608922
v -0.25862703 -0.00552864 0.01518105
v -0.25879887 -0.00891925 -0.01346350
v -0.30526188 0.01551719 -0.00669238
v 0.34202856 -0.01383225 0.00856762
v -0.22568884 -0.01368994 0.00796303
v -0.21623646 -0.01486770 0.00537370
v -0.20966007 -0.01385722 0.00761181
v -0.28905520 0.00415763 -0.01584775
v -0.27581471 -0.00014111 0.01655483
v -0.26584777 -0.00249041 0.01618928
v -0.31202257 0.01652887 -0.00430888
v -0.24035375 0.00530616 -0.01566509
v -0.32225862 0.01716712 0.00296875
v -0.24305862 -0.01288381 -0.00954406
v -0.28118518 0.00249150 -0.01614700
v -0.20728463 0.00003647 0.01643766
v -0.17585628 0.00159859 0.01638572
v -0.31985050 0.01719300 -0.00146300
v -0.10515285 0.00802783 0.01466916
v -0.01693000 -0.00249284 0.01583087
v -0.12186050 0.01509319 -0.00763694
v 0.12241356 -0.00045959 -0.01653119
v 0.29953256 0.00352281 -0.01571069
v -0.08308856 0.01460900 -0.00852200
v -0.22699504 -0.01560450 0.00276700
v -0.00667081 0.00192322 0.01607847
v -0.22891179 -0.01586566 0.00047431
v 0.33314472 -0.01598016 0.00256384
v 0.25594369 0.01699867 -0.00039477
v -0.27036849 0.00200050 0.01659138
v 0.30349627 0.00103153 -0.01602966
v -0.30448478 0.01731044 0.00138559
v 0.19690453 -0.00265559 -0.01622478
v 0.13388653 -0.00423247 -0.01601881
v -0.26389238 -0.00019544 -0.01630506
v -0.25890714 -0.00311725 -0.01596044
v 0.25722325 0.01641050 0.00471900
v -0.27427682 0.00657891 -0.01511531
v 0.25759843 0.01627678 -0.00444794
v 0.09050408 0.01550614 -0.00643009
v 0.16427162 -0.01425856 0.00761438
v -0.29853514 0.01723412 -0.00090656
v -0.29868937 0.01439519 -0.00858000
v -0.27125323 0.00579256 0.01595150
v 0.19605768 -0.01402445 0.00794850
v 0.30182236 0.00357550 0.01644225
v 0.20846419 -0.01474506 0.00654487
v 0.24450788 -0.01486288 -0.00662450
v 0.16885374 0.01021100 0.01315047
v 0.12333807 0.00069522 0.01621009
v -0.23888150 -0.00460425 0.01551694
v 0.15909825 0.00864381 0.01416375
v 0.30037189 -0.00234675 -0.01587350
v 0.29743391 -0.00492991 -0.01529933
v 0.14790052 0.01077161 0.01268106
v -0.26944426 0.00305294 -0.01610950
v -0.29661933 0.01706962 0.00351744
v -0.24781197 -0.00226881 0.01619019
v -0.27174714 0.01678400 0.00460031
v -0.21093087 -0.01505638 -0.00535350
v 0.13223988 0.01067206 0.01273175
v 0.23079544 0.01541112 -0.00664794
v -0.00286686 -0.00519588 0.01510759
v 0.03041056 -0.01419378 0.00721709
v -0.25935283 0.00432044 -0.01591728
v -0.25315943 0.00221969 -0.01626791
v -0.24255612 -0.00164347 -0.01625044
v -0.20103717 -0.01548214 -0.00394780
v 0.27524102 -0.01475872 0.00647119
v 0.14667048 0.01505737 -0.00726850
v 0.09241356 0.01437028 -0.00859109
v -0.28919017 0.01661088 -0.00385506
v -0.06797869 -0.00707661 0.01431255
v 0.30166316 -0.00242197 0.01638009
v 0.29810494 -0.00042306 0.01660944
v 0.11970069 0.00845481 -0.01428906
v -0.20025210 -0.01586741 -0.00121134
v -0.25365531 0.00250006 0.01650456
v -0.24291125 0.00093537 0.01652844
v -0.23456225 -0.00103686 0.01637530
v -0.00121006 0.00123906 -0.01666084
v 0.31545883 -0.01607214 -0.00167045
v -0.19775300 -0.01583681 0.00120987
v 0.21362767 0.00317645 0.01615997
v -0.25961012 0.01105050 0.01318844
v 0.28659689 0.00013433 -0.01611823
v 0.28200969 0.00394597 0.01621534
v -0.21566513 -0.00930406 0.01297013
v 0.17256625 0.01498863 -0.00743806
v -0.02807250 0.01073212 0.01282563
v 0.24464081 0.01686231 0.00269275
v -0.25188810 0.00434694 0.01623384
v -0.37903842 -0.00556256 0.01543956
v -0.21850294 -0.00514091 0.01531459
v 0.30245969 -0.00623559 0.01521144
v -0.18976852 -0.01543977 0.00366173
v 0.01181209 -0.01419403 0.00714991
v -0.03203934 0.00427581 0.01577822
v 0.27201593 0.00604725 -0.01514325
v -0.27069026 0.01673375 -0.00366350
v 0.29745317 -0.00456422 0.01583422
v -0.07541584 0.00815277 -0.01460272
v -0.04899113 -0.01390334 -0.00877791
v -0.22063714 -0.00209164 0.01618289
v -0.07248956 -0.01396788 0.00758594
v -0.19094644 -0.01439872 -0.00712038
v -0.27262694 0.01598506 -0.00570244
v -0.11743819 -0.01507584 0.00496653
v 0.18026160 -0.00217013 0.01608800
v -0.20859575 -0.00708813 0.01436912
v 0.27135918 0.00330156 -0.01591980
v -0.20192969 -0.00891913 0.01321219
v -0.22661893 0.00117359 0.01650466
v 0.17708372 -0.01501931 0.00599569
v 0.00383788 -0.00310425 0.01571750
v -0.10545919 -0.01549716 -0.00456889
v 0.30875936 -0.01611494 0.00174613
v 0.22989035 0.01639091 -0.00409606
v -0.10050722 0.01189706 0.01199175
v -0.22089419 -0.00183691 -0.01626744
v -0.24802290 0.01423563 0.00990784
v -0.04158812 0.00924625 -0.01405178
v 0.27832863 -0.00084756 0.01646587
v -0.20906846 -0.00364144 -0.01594259
v 0.22553025 0.01679100 -0.00237525
v -0.10879700 0.00604031 0.01550925
v -0.16954833 -0.01565055 -0.00342025
v -0.00259484 -0.00152216 -0.01663166
v -0.25918251 0.01711659 -0.00159094
v 0.26476443 0.00081769 0.01646441
v -0.20397051 -0.00252259 0.01605928
v -0.19653066 -0.00561431 0.01508984
v 0.25719678 0.00474184 -0.01568109
v 0.30077317 -0.01533163 0.00530188
v 0.17804490 0.00154400 0.01626978
v 0.21436344 -0.00263406 -0.01616027
v -0.19054888 -0.00786431 0.01392750
v -0.21478143 0.00010706 -0.01641359
v 0.23186366 0.00277066 0.01621672
v 0.23233877 -0.00105602 0.01628694
v -0.22884431 0.00722950 -0.01495294
v -0.16407494 -0.01560800 0.00295469
v -0.16483726 -0.01593066 0.00039181
v 0.24948816 0.00669162 -0.01501247
v -0.16923715 -0.01480503 -0.00626903
v -0.24028377 0.01712705 0.00270106
v -0.16202913 -0.01503538 0.00506144
v -0.16133082 -0.01591006 -0.00168125
v 0.27197146 -0.00018144 -0.01621225
v -0.22205532 0.00469112 -0.01585672
v 0.18639800 0.00854434 -0.01415891
v 0.19877499 0.00394656 0.01599809
v 0.29756874 -0.01621163 -0.00006587
v -0.23636943 0.01702331 -0.00222700
v -0.20853329 0.00301253 -0.01624369
v -0.23337810 0.01616909 -0.00533484
v -0.23464856 0.01726272 0.00008025
v 0.25757536 0.00187531 -0.01619112
v -0.06280869 0.00263050 0.01616019
v -0.19076912 -0.00189247 0.01617238
v -0.18389729 -0.00403237 0.01564284
v -0.22313260 0.01622197 0.00609194
v -0.23269409 0.01667962 0.00481269
v 0.01598912 -0.01549288 0.00394119
v 0.11678447 0.01534087 -0.00668997
v 0.15591922 -0.00546683 -0.01557525
v -0.19093013 -0.00453625 -0.01569506
v -0.20333301 0.00538756 -0.01571394
v -0.05720637 0.01675944 -0.00309038
v 0.26866549 -0.00262347 0.01612909
v 0.25121349 0.00259728 0.01632356
v -0.22830997 0.01405323 -0.00928541
v -0.17466253 -0.00509888 -0.01559369
v -0.16236176 -0.00076575 -0.01644575
v -0.10822550 0.00372025 0.01606962
v -0.12405544 0.00526812 0.01572394
v -0.15042774 0.01586591 -0.00607719
v -0.09874734 0.00112150 0.01630608
v -0.15776640 -0.01427187 0.00685481
v -0.11413512 -0.00236366 -0.01630108
v -0.13252422 0.00560469 -0.01562572
v -0.00911969 -0.01464400 0.00622050
v 0.22069560 0.00127094 -0.01636031
v -0.14206547 -0.00202813 -0.01632413
v -0.19137196 0.00383981 0.01619909
v -0.19111556 0.00093956 0.01640541
v -0.18960513 0.01683544 0.00391700
v 0.14387891 -0.00381275 0.01570081
v 0.27003369 -0.01608955 0.00150784
v 0.13995194 0.00131556 0.01621519
v 0.28221434 -0.01606066 -0.00186534
v 0.19200578 0.01537834 -0.00667356
v 0.24097398 0.00289142 -0.01612084
v -0.16210462 -0.00777734 0.01394075
v 0.20213312 0.01676337 -0.00233600
v -0.19328994 0.00675641 -0.01522962
v 0.20027082 0.01443134 0.00870091
v 0.27193260 -0.01571794 0.00362581
v -0.17897010 -0.00223113 -0.01627100
v -0.16497591 -0.00528344 0.01517444
v 0.25868851 -0.00296675 0.01609194
v 0.26293361 -0.00783275 -0.01425772
v -0.17347713 -0.00193794 0.01610450
v -0.17257035 -0.00006931 -0.01648028
v 0.24584925 -0.00082550 -0.01629300
v 0.24742647 -0.00049428 0.01637019
v -0.13938357 -0.01441500 0.00659731
v -0.16241862 -0.00214603 0.01608041
v 0.26415369 -0.01521731 -0.00557398
v 0.27085271 -0.01582287 -0.00331469
v -0.14866021 -0.00678538 0.01451131
v 0.24856681 -0.00584253 0.01509866
v 0.23967414 -0.00401773 0.01574227
v -0.14973535 -0.00411078 0.01562403
v -0.01861086 0.00050045 -0.01670631
v -0.19674601 0.01652800 -0.00484600
v -0.17135431 0.00649144 -0.01530706
v -0.15474163 -0.00046953 0.01630994
v -0.10813531 -0.01590581 0.00166047
v -0.06677372 0.01573656 -0.00634919
v 0.01085020 -0.01602523 0.00140970
v -0.16733806 0.00414666 -0.01605347
v -0.10788558 -0.01603877 -0.00117569
v -0.15438457 0.00178159 0.01636881
v 0.10955138 0.01427163 0.00875963
v -0.19382794 0.01571375 -0.00658687
v 0.01934259 -0.01592297 -0.00334519
v -0.02790125 -0.01446388 0.00650044
v -0.02081728 0.00318953 -0.01640697
v -0.02753606 0.00541425 -0.01584506
v 0.12078044 0.00574681 -0.01557144
v -0.00955828 -0.00078550 0.01606925
v -0.03961769 -0.00565194 -0.01564687
v 0.24997135 -0.01616422 -0.00110441
v -0.18929969 0.01593244 0.00651731
v -0.19123313 0.01685200 -0.00315488
v 0.20908640 0.00361194 -0.01603869
v -0.13609990 0.00160134 0.01635291
v -0.08905713 -0.01589984 -0.00285766
v -0.17027806 0.01627088 0.00559206
v -0.09712781 -0.01538562 0.00419944
v -0.16750075 0.01711091 0.00200966
v -0.12711796 -0.00206756 -0.01635056
v 0.22934081 -0.00707780 0.01453747
v -0.12114381 -0.00766812 0.01403569
v 0.00397166 -0.01611456 -0.00183531
v -0.12554331 -0.00481312 -0.01574694
v 0.21631512 -0.00042538 0.01631488
v -0.16995087 0.01695287 -0.00253056
v 0.19754650 0.00566147 -0.01549797
v -0.13556525 0.00024816 -0.01652247
v 0.16601481 0.01611850 -0.00471647
v 0.23593831 -0.01616081 0.00086883
v 0.17815131 0.01692900 0.00065344
v -0.16864100 0.01717400 -0.00054241
v -0.08284099 -0.01514766 -0.00588075
v 0.13135825 0.00298881 0.01606269
v 0.22320551 -0.00216694 0.01611506
v -0.13628334 0.00310616 -0.01627053
v 0.00157781 -0.00933272 0.01287625
v 0.15963268 0.01674381 -0.00211225
v -0.07783210 -0.01610275 -0.00034066
v -0.10713290 -0.00621759 0.01477594
v 0.23526894 -0.01586862 0.00301275
v -0.12420890 -0.00241841 0.01601859
v 0.21889803 -0.00491097 0.01544941
v -0.11199550 -0.00172100 0.01611303
v 0.07337613 -0.01658394 -0.00172112
v 0.07095963 -0.01660812 0.00023287
v 0.22674385 -0.01599131 -0.00289381
v 0.06995375 -0.01617512 -0.00394781
v 0.07317631 -0.01618087 0.00303775
v 0.21095750 -0.00580534 -0.01534369
v 0.18917356 0.00590137 0.01546353
v 0.20673531 0.00087056 0.01635063
v -0.14441819 0.00683631 -0.01518494
v -0.07527169 -0.01586563 0.00224625
v 0.22359729 -0.01533431 0.00495128
v 0.21048984 -0.00264334 0.01604063
v -0.10105816 -0.00308789 0.01584158
v 0.18716729 0.00363312 -0.01607753
v -0.14939150 0.01614506 0.00580394
v -0.11606078 0.00257230 -0.01633258
v -0.12891756 0.01713245 0.00020772
v -0.14093412 0.01646831 -0.00439744
v -0.12278656 0.00728469 -0.01498619
v -0.06675834 -0.01459059 -0.00735997
v -0.13278461 0.01686436 0.00305134
v -0.08750794 -0.00883375 -0.01398544
v -0.08060581 -0.00405728 0.01557066
v 0.12695196 0.00652253 0.01511472
v -0.13356616 0.01691538 -0.00244603
v -0.06287622 -0.01563191 -0.00448259
v -0.50306749 0.00524556 -0.02483850
v -0.51490152 0.01685950 -0.01763950
v -0.50405282 -0.00737825 -0.05049862
v -0.11055897 0.00635484 -0.01536197
v -0.50579488 -0.00952925 -0.05217187
v 0.20714772 -0.00658553 0.01475028
v 0.18162251 0.00116119 -0.01642506
v 0.17584468 0.00439297 -0.01590309
v -0.05775831 -0.01606788 -0.00213825
v -0.05269837 -0.01545253 0.00408803
v 0.19838828 -0.00405806 0.01570516
v -0.10467556 0.00461534 -0.01595378
v -0.05354125 -0.01602162 0.00137156
v -0.08603256 -0.00078484 0.01621169
v 0.13861263 0.01650387 -0.00331644
v -0.02336094 0.00200563 0.01609425
v 0.20840000 -0.01623656 -0.00020075
v 0.16349706 0.00538428 -0.01562025
v -0.51802915 0.01703050 -0.01380963
v -0.03195859 -0.01528945 -0.00568641
v -0.03203803 -0.01589103 -0.00338378
v -0.07320288 -0.00200631 0.01601697
v -0.08952447 0.00340741 -0.01627659
v -0.08295269 0.00117444 -0.01657072
v -0.04319156 -0.01615487 -0.00063994
v -0.08546581 0.00532447 -0.01578266
v -0.09819613 0.00849750 -0.01433541
v 0.20171022 -0.01572331 -0.00435069
v 0.19086412 -0.01590219 0.00311306
v -0.07387400 0.00079244 0.01626975
v 0.16436684 0.00196747 -0.01639228
v -0.10524597 0.01642606 -0.00443694
v 0.15159824 0.00687813 -0.01504119
v -0.06748638 -0.00315819 -0.01631106
v -0.05403934 -0.00356163 0.01566456
v -0.05235966 -0.00583119 0.01484688
v 0.19545713 -0.01504269 -0.00645450
v 0.11776203 0.01600903 0.00523550
v -0.02076997 -0.01612663 -0.00014719
v 0.18897988 -0.01617394 -0.00200053
v -0.11439362 0.01663275 0.00410031
v -0.02843097 -0.01447894 -0.00762994
v -0.06153183 -0.00040397 0.01620923
v 0.16885793 -0.00014850 -0.01649344
v 0.17004947 -0.00087969 0.01623956
v -0.02692616 -0.01587584 0.00215253
v -0.52059096 0.01713075 -0.04387269
v 0.15135431 0.00362527 0.01596238
v -0.07177056 0.00278319 -0.01642850
v -0.51405907 0.01607419 -0.04169263
v -0.09853966 0.01707881 -0.00045756
v -0.08574531 0.01686150 -0.00247467
v -0.02492012 -0.01543313 0.00406275
v 0.11833075 0.01687156 0.00024913
v 0.11610766 0.01654428 0.00325647
v 0.15080141 0.00238619 -0.01632981
v -0.04724545 -0.00128994 0.01607369
v -0.06605615 0.00632916 -0.01548141
v 0.11129081 0.01648956 -0.00336119
v 0.14299475 0.00364406 -0.01613030
v -0.06053775 0.00405678 -0.01621169
v 0.15768094 -0.00020850 0.01625497
v 0.17495725 -0.00731838 0.01436744
v 0.16044475 -0.00303297 0.01591581
v 0.15073462 -0.00017336 -0.01650905
v -0.51758403 0.01652600 0.01707900
v -0.02295084 -0.00782853 0.01378056
v -0.03185694 -0.00249575 0.01583766
v -0.02730075 -0.00468261 0.01525400
v -0.07613762 0.01699231 0.00174194
v -0.05134475 0.00689238 0.01503825
v 0.00110875 -0.01563434 -0.00457931
v 0.16137969 -0.00553787 0.01514912
v -0.03564300 0.00205688 -0.01656999
v -0.04501103 0.00523413 -0.01591812
v -0.51301253 -0.01747238 0.00792575
v -0.51045543 -0.01744150 0.00680263
v -0.52045178 -0.01657556 0.00727963
f 41 116 58
f 10 73 30
f 86 25 107
f 215 211 6
f 1987 1918 1950
f 134 117 400
f 86 107 235
f 45 56 21
f 186 107 53
f 317 1532 1339
f 134 400 262
f 541 125 590
f 290 192 364
f 215 462 211
f 1470 1591 319
f 1539 1591 1470
f 583 1579 1475
f 1498 531 542
f 207 816 55
f 393 535 531
f 662 193 55
f 76 79 125
f 522 452 600
f 55 193 207
f 211 462 528
f 342 689 570
f 388 480 392
f 55 290 662
f 583 1471 542
f 790 100 102
f 391 688 811
f 811 785 391
f 470 1498 542
f 600 706 522
f 542 531 577
f 462 755 528
f 677 718 462
f 109 112 931
f 1727 364 192
f 743 688 562
f 758 659 764
f 664 125 126
f 718 677 762
f 1333 1476 1443
f 761 235 555
f 127 148 1751
f 317 1481 579
f 2192 154 1024
f 706 600 775
f 752 467 495
f 689 691 951
f 495 467 619
f 1097 1476 1333
f 819 764 834
f 758 764 819
f 371 1025 390
f 846 775 848
f 706 775 846
f 834 706 855
f 1443 1465 1333
f 1375 1388 393
f 393 1388 392
f 1610 1316 1532
f 819 834 849
f 1388 278 392
f 1532 1691 1610
f 795 848 775
f 2051 206 189
f 278 388 392
f 135 105 140
f 795 718 892
f 1140 2448 2473
f 855 968 849
f 299 1333 1465
f 2364 241 1172
f 795 892 848
f 947 968 855
f 693 267 268
f 2085 1201 269
f 1009 805 960
f 274 273 315
f 1640 1713 727
f 299 1465 388
f 930 1013 1070
f 1070 1076 930
f 1229 1075 350
f 848 1109 947
f 1173 1309 1285
f 851 761 841
f 761 866 841
f 837 1109 1108
f 351 501 540
f 1152 616 1179
f 236 326 250
f 2024 2259 2212
f 837 1108 1266
f 306 1445 1467
f 307 284 1613
f 841 1233 851
f 759 1233 841
f 642 1283 879
f 660 1166 642
f 657 1166 1099
f 1099 1166 660
f 759 734 1233
f 338 873 340
f 338 1417 873
f 1266 1305 837
f 315 314 289
f 1314 1471 863
f 1314 1374 1471
f 1475 1401 863
f 484 2133 202
f 1083 1344 1309
f 239 247 1073
f 1495 1377 1401
f 494 456 421
f 1378 1495 1403
f 205 2101 208
f 1355 1444 1409
f 657 1099 905
f 213 212 209
f 1465 1443 1552
f 1448 653 1449
f 910 649 1391
f 345 335 1666
f 138 217 15
f 185 354 1124
f 2498 1293 1284
f 873 598 591
f 1375 626 1388
f 37 6 117
f 222 360 230
f 1597 794 1728
f 1529 747 1435
f 1454 1520 1521
f 1538 1521 1520
f 1538 1514 1521
f 747 1529 1544
f 1669 264 1668
f 1621 1619 1540
f 1538 1520 1561
f 1520 1544 1571
f 269 1153 367
f 1565 1529 629
f 1520 1571 1561
f 1321 1618 623
f 1529 1565 1544
f 280 1008 1004
f 280 1003 1008
f 1582 1538 1561
f 1147 1157 1684
f 1538 1582 1356
f 1724 1670 1553
f 1656 1724 1553
f 1565 586 1601
f 1555 1007 1656
f 1388 626 278
f 1609 1580 1635
f 1653 1635 1580
f 1580 1590 1653
f 1654 1590 820
f 1609 1635 949
f 1171 1135 318
f 271 253 256
f 1149 1147 255
f 1653 949 1635
f 1773 233 1701
f 240 229 223
f 1653 1590 1709
f 1590 1654 1709
f 1149 255 1464
f 1665 1650 1716
f 1712 1650 949
f 1670 1811 1843
f 1738 1709 1654
f 2059 1989 2029
f 1738 1654 1652
f 1724 1656 1860
f 1004 229 240
f 949 1726 1736
f 1716 1712 1747
f 1712 1736 1747
f 1709 1738 1726
f 1753 1726 1738
f 1652 1680 1738
f 1980 425 1686
f 969 1716 1747
f 203 917 1983
f 442 428 1381
f 1736 1726 1785
f 1785 1726 1753
f 145 439 448
f 343 969 966
f 444 2111 2174
f 447 454 1515
f 1784 1785 971
f 971 1785 1813
f 455 1924 893
f 1515 454 1516
f 213 444 212
f 969 1747 1865
f 1865 1747 1858
f 1865 966 969
f 1814 1853 1813
f 223 935 1923
f 966 1883 1873
f 1865 1883 966
f 971 1813 1888
f 1714 582 704
f 41 42 143
f 618 548 708
f 1896 1813 1853
f 1896 1853 1854
f 1934 2005 1923
f 535 253 271
f 1913 1865 1858
f 1888 1915 1858
f 1813 1896 1917
f 1917 1888 1813
f 1487 524 935
f 1477 520 1487
f 527 486 594
f 270 279 277
f 1001 255 870
f 1464 1001 1862
f 2161 490 2103
f 1303 1913 1300
f 2113 490 1952
f 524 147 2135
f 1990 1888 1947
f 524 1487 147
f 1915 1888 1990
f 76 945 79
f 520 140 1487
f 1990 1300 1915
f 2177 1936 196
f 303 288 1621
f 196 1936 2073
f 1016 498 1288
f 854 783 1518
f 170 156 291
f 291 1901 170
f 1875 52 301
f 2020 2090 959
f 1001 870 995
f 2026 1303 1949
f 518 1504 160
f 52 61 301
f 1947 1951 1990
f 300 305 313
f 252 1912 839
f 147 954 956
f 1893 1996 1937
f 1477 530 1941
f 1893 1912 1996
f 303 308 305
f 1685 1594 1600
f 190 1195 2081
f 1960 1949 1300
f 1647 543 554
f 1910 1300 1951
f 320 545 301
f 2193 2249 2170
f 1960 1300 1910
f 551 1627 1508
f 1956 2026 1960
f 1910 1951 2055
f 2205 2254 2232
f 45 21 35
f 1462 995 870
f 2217 2280 2242
f 2026 1956 2081
f 2213 2248 2284
f 1952 2072 2113
f 190 2081 1959
f 189 190 1959
f 2125 1956 1960
f 2289 2324 2264
f 2264 2324 2275
f 2324 1776 2275
f 2326 2256 2249
f 1258 2256 2326
f 1259 1258 1267
f 1267 2041 1259
f 492 1910 1952
f 573 1334 336
f 350 319 317
f 1674 1956 2125
f 878 2132 1979
f 878 1979 363
f 579 1597 317
f 917 925 1983
f 242 99 72
f 2043 1776 1780
f 2081 1674 1219
f 829 685 831
f 2322 2320 2365
f 187 1674 492
f 1345 340 1342
f 1952 2175 187
f 1776 2368 1780
f 859 126 1314
f 2190 1959 1679
f 300 623 1460
f 1528 1768 1531
f 2190 1679 1215
f 2188 2190 1221
f 1779 2282 1833
f 33 1833 2282
f 1679 1219 1216
f 1215 1679 1216
f 1042 1219 188
f 946 2409 2395
f 638 1482 637
f 792 366 1021
f 181 329 153
f 645 646 647
f 649 646 1391
f 1983 2016 1801
f 403 1775 120
f 1219 1042 2252
f 1216 1219 2252
f 279 1642 277
f 2431 2432 2412
f 1046 2216 157
f 2262 2235 2225
f 2225 2241 2262
f 2263 2262 2241
f 1245 2201 2296
f 1042 1046 1964
f 56 670 789
f 1221 2190 2277
f 1385 670 45
f 770 670 1385
f 1042 1964 1935
f 779 1385 35
f 879 660 642
f 370 278 626
f 1749 2297 1756
f 2297 2077 1756
f 1935 2252 1042
f 2293 1216 1967
f 2293 1215 1216
f 2277 2288 1221
f 1215 2293 2294
f 2461 2452 2088
f 1751 148 1648
f 2277 1215 2294
f 2277 2190 1215
f 686 805 1190
f 1749 1648 1332
f 171 1957 1020
f 2202 2171 2296
f 2483 2296 1583
f 154 172 1024
f 18 93 1964
f 1332 1648 2040
f 1241 360 172
f 2316 112 5
f 2297 2165 2077
f 712 711 1290
f 2277 2294 1687
f 2288 2277 1687
f 2181 1800 2321
f 2388 1328 2181
f 717 1182 1275
f 1687 2294 2293
f 1891 2285 2288
f 1890 1891 2288
f 918 2054 1480
f 41 58 42
f 87 93 82
f 439 2012 1927
f 739 680 825
f 1681 2165 1432
f 2114 2153 1295
f 2114 1295 1297
f 1297 1298 2114
f 877 87 1880
f 2016 2124 1801
f 40 122 143
f 1425 2202 1313
f 1687 2293 1881
f 1881 2293 1880
f 2293 1967 1880
f 42 40 143
f 1432 803 1296
f 2016 2079 2124
f 398 399 381
f 198 803 1432
f 2017 2019 2126
f 401 453 362
f 748 619 467
f 1193 1791 1720
f 763 752 495
f 146 296 176
f 165 142 149
f 138 198 218
f 198 138 144
f 803 198 144
f 2117 459 1031
f 2115 2131 961
f 1175 650 155
f 2104 2048 1940
f 167 91 784
f 2104 2170 2127
f 1693 1657 1688
f 1693 1688 1978
f 676 496 728
f 1225 1141 201
f 167 803 276
f 91 89 784
f 2318 2371 2373
f 2308 2367 2380
f 1093 1692 1187
f 456 468 457
f 383 396 414
f 1940 2170 2104
f 397 405 421
f 381 397 421
f 431 561 508
f 563 431 508
f 468 557 563
f 1187 1692 1165
f 1984 1985 1213
f 17 483 23
f 483 595 23
f 2413 1984 1213
f 67 175 263
f 1549 1101 1587
f 66 595 746
f 746 258 66
f 561 431 553
f 671 431 574
f 595 62 23
f 669 574 557
f 3 445 1
f 7 1 772
f 2373 2419 2415
f 557 456 500
f 1165 389 1899
f 668 733 510
f 322 11 772
f 2250 1899 389
f 2150 389 386
f 239 1073 719
f 1073 1034 719
f 123 719 1034
f 1037 263 1373
f 1264 1373 263
f 2250 389 2150
f 2062 2250 2150
f 1148 2150 2257
f 453 401 438
f 810 1352 267
f 265 810 267
f 1213 1899 1341
f 39 455 1997
f 438 401 434
f 275 1030 295
f 1149 1464 1789
f 1164 1899 1968
f 1186 1248 1234
f 246 423 286
f 1431 1473 312
f 1466 1522 311
f 373 478 585
f 579 260 794
f 226 794 260
f 2465 1341 2087
f 438 434 534
f 1463 273 1763
f 1993 2465 2087
f 2475 2415 1993
f 2226 481 961
f 961 2131 2226
f 1161 1271 108
f 443 569 644
f 293 2082 2024
f 146 149 296
f 2212 1797 2024
f 2045 1797 2212
f 835 621 825
f 1234 1615 1226
f 181 355 329
f 1098 316 274
f 1617 1107 1098
f 2023 2246 2194
f 2194 924 2023
f 449 355 351
f 1968 1137 353
f 1100 1711 292
f 1968 353 1164
f 2351 2456 2476
f 349 231 562
f 2093 2456 2351
f 1870 1087 2358
f 1087 311 2358
f 1382 2495 346
f 294 292 1130
f 2495 2129 1998
f 378 1633 471
f 1134 837 751
f 1886 1341 1164
f 1763 2228 2295
f 2087 1341 1886
f 1164 353 1199
f 1886 1164 1199
f 844 556 840
f 759 841 840
f 2496 2358 2377
f 2391 272 1126
f 461 628 475
f 1143 2230 1809
f 1293 2498 1878
f 499 497 565
f 160 1809 957
f 844 1167 556
f 324 346 323
f 346 324 1628
f 255 1001 1464
f 21 936 100
f 287 353 1628
f 2481 2492 1970
f 548 561 553
f 1969 1903 2233
f 1969 2233 1201
f 1201 2233 1707
f 1970 2086 2481
f 2066 1886 1199
f 455 912 1924
f 2074 1202 2066
f 1202 1886 2066
f 2007 1202 2074
f 1903 2482 2233
f 2003 1199 287
f 2066 1199 2003
f 479 485 482
f 340 592 1478
f 1495 1578 1537
f 948 1778 950
f 2491 1051 1632
f 2477 2313 2359
f 2359 2313 1971
f 1874 1204 2007
f 2300 1204 1874
f 487 486 491
f 1104 1207 307
f 2074 2066 1889
f 1509 2300 1874
f 643 882 1290
f 2075 2300 1509
f 882 629 756
f 1223 310 309
f 2003 287 309
f 599 887 888
f 310 2221 1104
f 1971 1055 2359
f 304 1955 1884
f 1869 309 1082
f 1898 2003 1869
f 1889 2066 1898
f 2256 1259 2160
f 972 2311 1139
f 1139 2414 2436
f 1898 1869 1082
f 1445 1338 1467
f 2261 2332 2301
f 491 494 487
f 309 310 1231
f 2416 2380 2423
f 310 1104 1479
f 1479 1276 310
f 900 881 463
f 2393 2408 2372
f 2393 2372 2350
f 2372 2408 919
f 1231 310 1276
f 394 1194 1123
f 1000 700 309
f 500 456 494
f 2248 2329 2320
f 2248 955 2329
f 2265 2329 955
f 2329 2265 2200
f 918 526 226
f 2042 2200 2265
f 620 488 782
f 2394 2376 1977
f 1222 1276 1479
f 1222 1479 1131
f 1563 1264 1131
f 1373 1534 1037
f 2042 954 1825
f 613 495 491
f 309 1231 1000
f 666 510 505
f 1589 1569 1623
f 1408 700 694
f 2333 982 989
f 1117 420 1116
f 14 1408 694
f 1408 14 1012
f 63 1396 1012
f 1396 63 871
f 595 1231 1276
f 505 519 736
f 746 1222 1131
f 949 1653 1726
f 1946 2326 2249
f 160 957 958
f 958 502 160
f 2338 448 1927
f 2274 2279 1047
f 446 539 793
f 1049 2274 1047
f 1049 2273 2274
f 750 546 547
f 1045 2278 2273
f 74 27 63
f 762 892 718
f 59 63 27
f 69 302 650
f 302 155 650
f 69 650 60
f 851 892 762
f 2284 2320 2322
f 60 822 71
f 822 60 896
f 2286 2281 2299
f 2299 2281 1667
f 2281 2272 1667
f 896 60 650
f 1531 1515 1528
f 1053 822 896
f 228 1053 1170
f 2244 2235 2147
f 574 563 557
f 243 97 1989
f 1170 1503 184
f 1216 2252 1967
f 563 574 431
f 1427 2058 1239
f 2267 979 2164
f 187 1033 157
f 1780 1779 1740
f 1740 1779 1389
f 979 980 106
f 2219 1948 684
f 1948 2182 891
f 1394 1398 690
f 171 1023 1323
f 184 1503 1329
f 1748 2181 1328
f 2422 2034 1329
f 1418 1235 1583
f 2388 2181 2321
f 1573 1800 2319
f 476 881 2136
f 1029 2021 2112
f 1029 2112 371
f 1239 1236 2479
f 1926 2108 2095
f 365 371 1847
f 2296 2171 1583
f 890 597 582
f 1235 2483 1583
f 1346 217 197
f 1024 1329 2192
f 2192 1329 2034
f 2422 2033 2035
f 2034 2422 2035
f 1925 2188 2163
f 2110 2173 2149
f 2173 2110 2163
f 2144 2163 2110
f 2486 2472 1573
f 2186 2192 2034
f 2033 2472 2036
f 1669 202 216
f 2033 2036 2035
f 2472 2486 2038
f 2192 2186 1022
f 500 619 748
f 498 1016 2145
f 2186 2034 2036
f 2141 2140 2091
f 2091 2092 2141
f 2089 2091 2140
f 2140 2103 2089
f 2037 2472 2038
f 2111 509 1904
f 2037 2183 2036
f 2051 2096 2144
f 2037 2038 1840
f 1367 1551 1022
f 2186 2183 1367
f 2180 1367 2183
f 1914 1093 158
f 2180 2183 2037
f 290 642 662
f 2037 1768 2180
f 2008 1010 2047
f 2405 2037 1840
f 2047 1965 2008
f 791 668 666
f 2018 2031 2028
f 789 1021 988
f 1768 2037 2405
f 1098 289 295
f 2029 1987 2030
f 1987 1982 2030
f 2030 1982 1655
f 1551 2328 1269
f 1530 1768 1528
f 257 1098 1107
f 1902 1961 1836
f 1308 270 277
f 266 845 277
f 2328 1002 1254
f 1406 948 944
f 1895 1327 1894
f 1895 1788 1327
f 1798 2041 1267
f 1268 2326 1796
f 2326 1263 1796
f 1798 1269 2041
f 703 720 597
f 1946 1263 2326
f 2323 1263 1946
f 1267 1258 2326
f 2326 1268 1267
f 2458 970 1158
f 210 2152 1153
f 2041 1269 1255
f 1921 1759 1879
f 180 2420 974
f 1255 1269 2328
f 1523 1516 1362
f 1523 1362 1254
f 2041 1255 1259
f 1743 447 1829
f 1829 2302 1743
f 982 2333 80
f 723 1318 722
f 2248 2320 2284
f 723 732 1318
f 1740 1389 1783
f 214 358 1799
f 1754 2043 1740
f 1791 1850 1805
f 2275 2043 1754
f 1850 1791 1816
f 1362 2046 1257
f 1620 735 411
f 1280 1257 2044
f 732 723 740
f 2368 2381 1780
f 2046 1362 454
f 1759 1710 1818
f 781 740 723
f 1257 1280 1260
f 751 740 781
f 471 515 544
f 2222 1259 1260
f 2044 2046 128
f 402 1771 532
f 1259 2222 2160
f 1435 756 629
f 1223 324 2221
f 1633 536 1620
f 581 1633 1620
f 324 1223 287
f 536 735 1620
f 1520 757 747
f 1260 1280 2168
f 2222 1260 2168
f 128 2046 2052
f 2052 2046 114
f 1630 586 372
f 1793 2044 128
f 586 1665 372
f 1652 932 1680
f 696 1587 1350
f 1577 1348 427
f 2389 2344 2271
f 2052 2057 128
f 909 44 1671
f 409 1605 433
f 2057 2052 1492
f 608 586 1547
f 403 1376 1381
f 2223 1673 754
f 2052 114 183
f 2168 1793 1491
f 183 1492 2052
f 472 1041 159
f 820 1564 488
f 634 433 1560
f 2168 1491 2106
f 1278 2106 2078
f 1278 2078 2160
f 1542 1543 1595
f 247 1186 1370
f 1447 183 201
f 1447 1492 183
f 1520 747 1544
f 2057 1492 1988
f 1581 599 888
f 712 715 711
f 888 887 1558
f 711 715 818
f 1491 2057 1270
f 2106 1491 1274
f 1492 1447 1453
f 1536 882 482
f 2106 1274 2078
f 1274 1491 1270
f 1190 1009 726
f 75 144 138
f 2078 1272 1962
f 2340 2341 2365
f 2340 2365 2401
f 805 1009 1190
f 24 354 185
f 2060 2073 1459
f 1459 2073 1786
f 2048 965 1940
f 2379 2410 2389
f 2389 2410 2397
f 654 1489 1482
f 1483 654 1482
f 1274 1270 1988
f 1859 1274 1988
f 2406 2215 2283
f 1989 97 46
f 2381 29 2282
f 1272 1846 1856
f 1355 1397 1444
f 124 845 266
f 1306 824 1364
f 767 1134 781
f 1846 1274 1859
f 1962 1856 1777
f 1777 1958 1962
f 1992 1958 1827
f 1846 1842 1856
f 1322 1323 1324
f 1163 1832 1835
f 549 1834 537
f 1421 1402 1358
f 1358 1402 1305
f 1421 1358 1399
f 711 643 1290
f 1163 1835 1834
f 1832 1163 1851
f 1351 1397 1355
f 301 61 321
f 1859 1832 1851
f 1649 544 1848
f 1364 825 680
f 1827 794 1871
f 2255 1671 88
f 1294 1394 686
f 581 1620 738
f 1842 1700 1856
f 1696 1091 1651
f 1846 1859 1159
f 1742 1846 1159
f 1742 1842 1846
f 1777 1856 1700
f 944 81 946
f 946 81 2120
f 944 410 81
f 856 1279 1168
f 1719 1468 552
f 552 1828 1769
f 1468 1719 1474
f 552 1769 1719
f 1114 823 1071
f 862 639 823
f 994 1200 815
f 1769 1079 288
f 1039 593 828
f 1769 288 1719
f 2202 2296 1957
f 1382 1366 2129
f 723 767 781
f 1367 1767 1002
f 1611 1742 1319
f 686 690 1230
f 1611 1700 1742
f 593 953 793
f 702 1283 1197
f 715 709 1253
f 1698 572 623
f 476 463 881
f 1294 686 1224
f 891 878 463
f 623 1474 1460
f 624 500 962
f 500 748 962
f 1474 1719 1460
f 1525 94 1369
f 1369 94 410
f 2397 2435 2430
f 703 1384 702
f 1618 1698 623
f 1618 571 1698
f 1700 1611 1610
f 1062 2435 2410
f 2120 81 2176
f 94 1556 81
f 571 1618 1319
f 1611 1319 1326
f 767 729 726
f 1057 907 904
f 819 797 774
f 1088 1134 767
f 495 707 783
f 990 426 437
f 2430 1060 1525
f 690 1398 1395
f 844 953 1039
f 1610 1611 1501
f 947 846 848
f 1501 1316 1610
f 990 1393 1389
f 380 191 182
f 2120 2176 2178
f 1424 1398 1452
f 1395 1398 1424
f 1406 1825 465
f 1537 1607 1539
f 1578 1607 1537
f 1469 1566 1604
f 1469 1604 1533
f 94 1525 1556
f 1525 1061 1556
f 521 527 585
f 1525 1060 1061
f 1438 313 308
f 2150 1148 1151
f 585 499 521
f 505 575 588
f 1395 1424 679
f 616 1438 1372
f 399 508 383
f 300 616 1228
f 373 424 478
f 165 417 261
f 431 671 724
f 730 574 669
f 553 724 1737
f 553 431 724
f 108 64 987
f 292 1420 1130
f 635 641 631
f 1392 635 625
f 631 625 635
f 921 1310 1154
f 821 1310 921
f 1227 1301 901
f 889 1299 830
f 85 219 195
f 283 453 359
f 1299 889 1154
f 1301 1228 829
f 901 1301 829
f 194 227 85
f 194 85 26
f 195 219 325
f 1228 1152 938
f 1152 766 938
f 110 356 95
f 356 334 95
f 53 245 186
f 348 503 458
f 348 194 231
f 829 938 622
f 244 558 342
f 558 559 342
f 652 458 503
f 587 503 348
f 348 349 587
f 901 829 831
f 1556 1061 390
f 352 200 341
f 352 385 387
f 771 973 939
f 771 814 973
f 330 385 341
f 2487 1061 1060
f 1060 1063 2487
f 349 562 688
f 713 814 771
f 2469 1063 2240
f 2469 2488 1063
f 713 385 330
f 713 656 814
f 766 656 576
f 1556 390 1340
f 576 622 766
f 560 597 599
f 597 720 582
f 713 617 656
f 681 753 853
f 853 796 681
f 576 656 617
f 853 753 587
f 391 785 853
f 2469 2486 2488
f 1666 2083 900
f 35 100 790
f 566 675 529
f 685 469 633
f 633 469 529
f 2356 154 1242
f 622 576 436
f 250 731 570
f 331 576 617
f 436 469 685
f 770 683 670
f 436 576 238
f 1075 821 731
f 242 566 529
f 973 1080 1256
f 533 566 242
f 1129 1080 973
f 204 529 469
f 529 204 242
f 35 742 779
f 45 35 1385
f 952 2185 506
f 352 387 231
f 929 936 21
f 341 96 330
f 2159 959 955
f 327 236 1312
f 436 238 232
f 1390 1080 1129
f 92 331 330
f 843 1036 173
f 331 92 238
f 250 951 236
f 1005 1446 1205
f 1229 1310 821
f 232 103 204
f 92 90 238
f 1374 1349 470
f 90 232 238
f 232 90 103
f 204 103 99
f 1345 1342 366
f 386 2257 2150
f 1469 1085 1343
f 1343 1344 1469
f 1340 1025 2176
f 1340 390 1025
f 1316 1154 1310
f 313 616 300
f 1825 1406 944
f 1326 1299 1325
f 1326 1320 1227
f 1301 1227 1320
f 1301 1320 1321
f 1700 1842 1742
f 906 780 514
f 199 26 28
f 1430 1478 1451
f 1648 148 169
f 482 1416 479
f 525 794 226
f 1545 1478 592
f 51 37 49
f 51 49 38
f 146 176 298
f 146 298 259
f 166 165 149
f 935 220 1477
f 913 560 765
f 166 146 259
f 261 142 165
f 298 424 373
f 259 298 373
f 1542 1595 1559
f 1604 1643 1003
f 1701 1003 1643
f 186 451 235
f 940 1442 1484
f 368 262 461
f 2464 1184 2010
f 727 1713 768
f 493 374 594
f 579 580 260
f 604 605 667
f 937 995 1462
f 1597 579 794
f 1728 1691 1597
f 2297 1332 2040
f 710 705 612
f 1003 1701 233
f 644 741 676
f 672 612 705
f 725 776 674
f 340 1430 1342
f 813 496 676
f 1616 422 427
f 930 857 1013
f 388 1465 480
f 977 1026 1064
f 977 1064 1019
f 1572 1162 1127
f 1203 370 102
f 717 962 748
f 841 866 840
f 953 844 840
f 1404 370 70
f 240 223 1923
f 240 1923 1823
f 530 1477 220
f 767 723 1224
f 1829 2270 2302
f 643 711 1291
f 1916 1953 1966
f 1472 1916 1966
f 927 1175 155
f 1823 2005 1844
f 2005 1823 1923
f 935 223 220
f 1346 11 217
f 11 983 1
f 1391 1287 865
f 347 590 648
f 1953 1458 2011
f 720 704 582
f 2011 2013 1953
f 942 537 2002
f 1835 1832 1453
f 1 1359 3
f 992 832 1218
f 1211 832 992
f 1198 2 1359
f 1359 2 3
f 1184 2 1198
f 906 660 879
f 1069 50 2
f 1184 1069 2
f 408 1546 403
f 1444 1514 1488
f 153 30 73
f 2016 2017 2079
f 1559 826 1542
f 1543 1542 832
f 247 83 1387
f 634 1560 1211
f 2126 2079 2017
f 248 121 362
f 1560 1543 1211
f 1601 586 1630
f 516 518 502
f 1601 1630 584
f 1271 1496 2105
f 1660 1582 610
f 398 421 457
f 456 457 421
f 608 1585 1650
f 396 517 414
f 1585 1609 1650
f 396 383 508
f 1704 1658 1605
f 1704 1605 409
f 754 157 1033
f 619 494 491
f 867 1721 1641
f 2020 959 2159
f 956 959 2090
f 1731 1689 1658
f 1658 1704 1731
f 956 2090 2135
f 409 402 1704
f 402 409 735
f 1033 2223 754
f 818 895 1017
f 2177 2218 1067
f 1225 2218 2177
f 1071 657 1114
f 183 1815 1225
f 183 114 1815
f 291 336 1334
f 1810 1634 336
f 336 1831 1810
f 544 515 1848
f 1646 554 378
f 290 1197 642
f 1850 1901 1805
f 2256 2127 2249
f 2256 2160 2127
f 130 1918 1649
f 986 266 1647
f 2230 2264 2275
f 1895 1894 1999
f 999 152 998
f 1943 152 999
f 1999 1879 1895
f 1921 1879 1999
f 2014 985 2280
f 2280 2289 2242
f 2289 2264 2242
f 1632 1051 1056
f 1311 663 556
f 556 663 850
f 1912 1893 1961
f 365 933 843
f 297 2047 1010
f 2064 465 105
f 1066 464 2064
f 876 65 513
f 876 513 875
f 2049 2039 1919
f 2055 1951 2027
f 2028 2031 2056
f 2047 2031 1965
f 1055 1056 375
f 67 228 175
f 239 719 89
f 123 89 719
f 2065 466 2128
f 2059 2029 2094
f 358 1327 1788
f 2069 243 2098
f 1448 651 653
f 492 2125 1960
f 2332 2067 2301
f 2337 2332 2261
f 376 606 1720
f 2139 2059 2094
f 2098 2059 2139
f 1668 2098 415
f 2110 2149 2097
f 649 910 1277
f 1362 1516 454
f 2097 2149 2142
f 2142 2134 1904
f 2111 2134 2174
f 24 168 332
f 2188 1925 2190
f 1925 1959 2190
f 2067 2332 2343
f 2344 2343 2332
f 354 48 1313
f 2333 430 2068
f 463 684 1948
f 2323 2220 2383
f 2323 2383 1263
f 476 2136 2138
f 2138 2136 2137
f 2173 1220 2231
f 2121 2203 2238
f 678 1493 647
f 946 2395 2320
f 1535 887 894
f 898 894 887
f 2198 1265 1106
f 1102 2198 1106
f 636 523 411
f 288 1079 1621
f 473 1041 39
f 2237 2199 2191
f 1479 1104 307
f 1715 294 1615
f 1601 584 1565
f 583 1157 1579
f 1054 2243 111
f 817 384 615
f 2143 1038 786
f 2404 1546 407
f 1343 1089 1285
f 2278 1963 2227
f 2274 2273 2214
f 2274 2214 2279
f 2258 2214 2208
f 2279 2214 2258
f 2199 2276 2258
f 2365 2384 2401
f 1972 2303 2117
f 603 606 573
f 1624 1887 1971
f 376 573 606
f 81 410 94
f 1060 2430 2435
f 2001 1246 5
f 611 358 1730
f 2291 2317 2147
f 1660 1710 1759
f 2455 2480 2442
f 2317 2316 13
f 78 1028 315
f 1741 1660 1759
f 315 1028 314
f 112 109 5
f 1152 1228 616
f 2468 2489 2455
f 2489 2480 2455
f 2338 1927 907
f 2310 2338 907
f 2338 2310 2278
f 2338 2278 1045
f 482 485 1536
f 1751 980 1762
f 1176 285 302
f 1177 302 596
f 928 1177 596
f 2296 2483 1245
f 1890 2288 1687
f 1890 1687 1885
f 2309 1366 1148
f 2345 2339 2331
f 109 931 1657
f 1208 109 1657
f 419 1050 1217
f 1048 406 2247
f 1050 406 1048
f 2484 2480 2489
f 2489 1119 2484
f 2367 2357 2347
f 931 1688 1657
f 2319 2497 2488
f 919 1974 2239
f 285 1176 1030
f 1938 214 1939
f 1439 1128 952
f 145 1194 395
f 2374 2311 2378
f 150 2378 2311
f 1077 150 1133
f 173 2172 1025
f 1788 1710 1730
f 386 1697 2307
f 1043 2122 2398
f 998 509 507
f 1365 1235 1418
f 1235 1365 1239
f 2371 2413 2419
f 2373 2371 2419
f 1513 184 179
f 418 1338 1249
f 357 377 343
f 2423 2386 2415
f 2386 2423 2380
f 389 1692 386
f 1359 2080 2088
f 2257 386 2307
f 178 1174 210
f 161 983 1346
f 1359 983 2080
f 1148 2306 2309
f 928 1411 1177
f 1037 1411 928
f 476 2138 1963
f 1748 1503 1053
f 2093 2416 2423
f 2456 2093 2423
f 2152 2416 2093
f 1847 934 365
f 1583 59 1418
f 2451 1150 1153
f 1722 1816 1791
f 1265 2198 2167
f 1708 1153 1707
f 1805 1720 1791
f 612 1169 710
f 177 1127 1162
f 1051 2459 2460
f 1186 1113 1248
f 1334 1720 1805
f 1887 1055 1971
f 1015 2207 1023
f 54 843 4
f 1051 2491 2493
f 2241 684 2243
f 111 684 476
f 2093 2351 2155
f 2155 2085 269
f 2493 2194 2151
f 155 77 602
f 155 139 77
f 144 75 83
f 964 1121 339
f 1683 1682 1282
f 1683 1792 1682
f 138 322 701
f 75 138 701
f 322 138 15
f 339 1121 1876
f 1876 1226 339
f 3 2 445
f 1209 294 1130
f 923 2157 2363
f 1445 2085 1507
f 1884 1446 1005
f 173 365 843
f 1078 413 151
f 50 673 658
f 1205 1467 1005
f 22 997 435
f 997 22 777
f 1562 295 1030
f 1797 1745 1422
f 595 1276 746
f 156 152 1831
f 418 697 1338
f 871 418 1249
f 1431 1466 1250
f 267 1550 268
f 1186 1387 1113
f 1037 1534 1527
f 1739 1373 1563
f 149 142 141
f 1739 1534 1373
f 1433 1176 1177
f 1030 275 1028
f 314 1028 275
f 1826 1637 1830
f 1317 1146 914
f 301 1817 1875
f 1790 1599 1096
f 943 896 650
f 2290 2129 1366
f 1212 1213 1341
f 418 871 20
f 697 693 268
f 1637 515 1092
f 74 1012 14
f 74 63 1012
f 1000 595 483
f 1715 1135 312
f 1131 258 746
f 258 1131 263
f 1818 1879 1759
f 4 78 777
f 17 700 483
f 14 700 17
f 2352 1766 2295
f 1763 2195 2228
f 2151 2246 2363
f 68 263 333
f 2440 2157 284
f 67 263 68
f 1475 863 583
f 596 71 333
f 60 71 596
f 596 302 69
f 78 4 77
f 2493 272 2194
f 2492 2151 1970
f 1207 2495 1998
f 1998 2229 1207
f 578 392 480
f 89 123 177
f 2061 984 1184
f 287 1223 309
f 1052 1241 1238
f 1887 1624 1126
f 179 360 1513
f 1425 1583 2171
f 2153 2165 1681
f 1766 1522 1510
f 1569 780 906
f 1879 1788 1895
f 1879 1818 1788
f 2495 1382 2129
f 647 646 678
f 2061 1184 2464
f 678 1524 1493
f 646 649 678
f 649 1448 678
f 179 1329 1024
f 2062 1137 1968
f 1329 1503 2422
f 1968 2250 2062
f 1449 678 1448
f 747 1253 1435
f 1957 171 2202
f 2453 2061 2441
f 2333 1376 430
f 120 2461 2088
f 120 2088 161
f 723 722 1357
f 1232 1026 1287
f 1172 2458 1286
f 1277 962 717
f 2457 1125 1014
f 2442 2484 2457
f 2480 2484 2442
f 1528 1516 1530
f 2441 2464 2401
f 1230 805 686
f 403 120 127
f 1897 1855 152
f 408 127 1762
f 1872 1855 1897
f 2178 2409 2120
f 895 818 827
f 1243 1022 1551
f 584 1730 1602
f 1507 2075 1509
f 2410 2435 2397
f 2397 2430 1525
f 2397 1525 2375
f 1525 1369 2375
f 1062 2410 2406
f 733 668 791
f 2428 2417 1150
f 425 1922 1686
f 1146 1645 914
f 2421 2438 2411
f 2309 2411 2438
f 2381 2282 1779
f 1531 2283 2215
f 2406 2379 2215
f 2283 1531 2405
f 2200 946 2329
f 210 174 1699
f 990 1389 1833
f 750 547 450
f 539 446 547
f 450 547 446
f 2003 309 1869
f 118 454 447
f 2333 432 1376
f 1271 466 64
f 1898 2066 2003
f 604 607 605
f 2322 2365 2341
f 434 604 534
f 2372 919 2239
f 1112 2353 1118
f 2275 1776 2043
f 420 425 1116
f 425 1980 1116
f 2289 1944 2324
f 1980 1686 1981
f 2328 1257 1255
f 477 1743 2302
f 419 1217 893
f 2289 2280 1944
f 2280 985 1944
f 1783 1393 958
f 2220 2323 437
f 84 181 73
f 2348 1281 420
f 2247 1047 1048
f 2242 2264 2230
f 118 1225 1815
f 30 153 101
f 2239 1045 2350
f 2239 2338 1045
f 19 244 110
f 1795 2218 1225
f 1128 1806 1758
f 1128 1758 2185
f 2185 2014 2184
f 2184 2014 2217
f 342 110 244
f 19 110 95
f 1499 108 1806
f 1143 1809 1504
f 441 2325 2012
f 2267 2404 979
f 2105 133 1271
f 1128 1189 1806
f 1189 1499 1806
f 348 458 489
f 1049 1045 2273
f 1144 1143 2099
f 2096 1925 2144
f 2205 2131 1936
f 904 1927 2012
f 349 348 231
f 2019 2020 2159
f 2159 2126 2019
f 387 385 713
f 520 2115 1804
f 2468 2077 2489
f 1927 904 907
f 106 1749 1756
f 2045 2360 1955
f 2360 2361 1955
f 683 789 670
f 1132 2154 2099
f 1884 2253 1446
f 2310 1995 2278
f 1480 518 516
f 2131 2102 2053
f 2053 2116 2131
f 1246 13 5
f 1141 942 201
f 1967 2252 1935
f 2053 2100 2116
f 1453 1988 1492
f 1046 2001 18
f 513 52 1875
f 1484 1458 940
f 2260 2285 2231
f 1221 2288 2260
f 1160 1455 1477
f 1941 1160 1477
f 1487 935 1477
f 922 1976 918
f 426 33 36
f 1994 786 1038
f 773 1994 1031
f 2244 2211 2235
f 2246 2151 2194
f 1008 229 1004
f 1994 2119 1031
f 2346 2498 2360
f 2143 2196 1038
f 1038 2118 1994
f 2360 2498 2361
f 2498 2499 2361
f 2361 2499 1903
f 1991 1031 1027
f 1670 1746 1461
f 568 578 1746
f 1265 2197 1106
f 1591 727 580
f 2231 2203 2173
f 1961 1893 1836
f 1991 2174 2121
f 542 577 1684
f 531 535 577
f 1426 1548 1555
f 2137 880 2156
f 2187 415 2146
f 2146 2169 2187
f 2146 2139 2169
f 470 542 1471
f 326 1470 319
f 1339 350 317
f 326 327 1470
f 335 345 363
f 363 1979 335
f 147 1487 140
f 2132 297 1979
f 2132 2092 297
f 1229 1339 1310
f 350 326 319
f 337 1209 1130
f 2378 1210 2374
f 1203 388 278
f 1349 1374 1314
f 929 1333 936
f 369 936 299
f 829 1228 938
f 1179 1129 656
f 1504 1809 160
f 1129 973 814
f 2084 2025 2063
f 656 1152 1179
f 2084 2049 2025
f 1440 1189 1439
f 1141 196 942
f 845 1308 277
f 785 941 853
f 1999 2051 2015
f 1999 206 2051
f 1971 2313 2228
f 104 124 266
f 771 743 387
f 387 713 771
f 1655 1943 1908
f 1908 1943 999
f 1484 1442 1440
f 46 97 266
f 103 90 1330
f 52 65 61
f 1930 61 65
f 8 12 10
f 1300 1913 1915
f 12 8 1337
f 57 38 43
f 119 57 43
f 115 57 119
f 37 134 47
f 1921 1932 1808
f 516 512 525
f 95 9 19
f 525 526 516
f 1993 2494 2475
f 122 131 246
f 1225 201 183
f 246 136 122
f 1768 2405 1531
f 28 96 199
f 1913 1873 1883
f 359 453 1485
f 1831 291 156
f 1901 291 1805
f 291 1334 1805
f 607 604 443
f 644 569 504
f 443 644 607
f 504 575 644
f 26 12 28
f 1907 513 1900
f 513 1907 875
f 214 966 1873
f 1479 1563 1131
f 551 655 721
f 2039 1907 1919
f 705 760 672
f 127 408 403
f 301 545 1817
f 736 666 505
f 542 1684 1157
f 801 808 760
f 2025 2049 1919
f 319 1481 317
f 819 849 903
f 847 819 903
f 1741 1759 1808
f 1788 1730 358
f 960 847 903
f 857 847 960
f 2086 2467 2481
f 2086 2290 2467
f 2155 2351 2085
f 237 2030 1908
f 90 92 96
f 1771 379 1642
f 1817 545 1732
f 1168 1070 1013
f 2029 2030 1196
f 1137 2062 346
f 1989 1987 2029
f 90 96 28
f 1989 2059 243
f 554 1633 378
f 2473 2450 2485
f 2485 2450 2482
f 90 28 12
f 1196 2030 237
f 1026 865 1287
f 1094 1095 1634
f 1291 1017 1180
f 1095 1725 1634
f 1180 1018 1181
f 1173 939 1256
f 68 333 71
f 2346 2259 963
f 1178 2000 191
f 1382 1148 1366
f 175 258 263
f 124 104 243
f 243 2069 124
f 312 1473 1715
f 545 320 382
f 1351 1224 1353
f 796 366 792
f 928 596 333
f 2051 189 2096
f 682 796 683
f 792 789 683
f 609 1380 779
f 2004 2097 2032
f 2463 2437 2449
f 620 835 1364
f 471 581 1092
f 458 699 489
f 489 699 344
f 1904 2032 2097
f 1904 1906 2032
f 1906 1904 509
f 1337 103 1330
f 351 540 449
f 1725 1631 1733
f 1733 1631 573
f 449 590 329
f 449 541 590
f 2450 2436 2428
f 1380 1385 779
f 603 1350 601
f 1535 1538 1356
f 1356 1558 1535
f 409 433 412
f 780 1577 514
f 1569 906 1568
f 1565 627 586
f 244 19 101
f 586 627 1547
f 1410 412 433
f 1385 737 770
f 1536 485 608
f 608 485 1585
f 40 47 122
f 606 1581 888
f 514 1577 427
f 1580 479 1416
f 1416 1441 1580
f 1626 1575 1606
f 166 254 251
f 1211 1543 832
f 1091 1577 1589
f 744 1616 427
f 1348 744 427
f 2098 1668 2069
f 2123 2161 2140
f 1620 411 416
f 1428 790 102
f 264 2069 1668
f 1139 2448 1158
f 637 1490 1424
f 2447 2448 1139
f 1424 638 637
f 1452 638 1424
f 867 1641 1559
f 1559 1644 867
f 429 286 423
f 269 1201 1707
f 1689 1644 1595
f 638 1452 1505
f 1658 1689 1595
f 1091 1696 1770
f 894 1505 1452
f 1669 216 264
f 1139 2436 2447
f 545 382 1614
f 1435 1415 756
f 451 186 328
f 712 756 1415
f 541 1405 76
f 402 532 1704
f 498 2145 1912
f 581 471 1633
f 471 1092 515
f 440 368 461
f 2204 2421 916
f 2417 178 1150
f 521 499 565
f 1181 1331 1441
f 2094 2101 205
f 1441 1180 1181
f 565 672 521
f 643 1291 482
f 543 379 554
f 543 1642 379
f 2419 2413 1212
f 2413 1213 1212
f 1830 1637 1757
f 1757 1782 1830
f 1637 1826 515
f 1855 1782 1810
f 1830 1782 1855
f 666 736 807
f 1165 1899 1213
f 1868 868 1824
f 2306 1148 2257
f 1213 1985 1165
f 593 539 547
f 640 102 100
f 1331 1181 833
f 1872 1830 1855
f 1826 1830 1872
f 1826 130 1848
f 1848 130 1649
f 1882 986 1646
f 1900 1875 1817
f 722 1392 1357
f 1854 1867 1909
f 1867 975 1911
f 1032 1911 975
f 974 1077 1133
f 1937 1868 1893
f 1836 1893 1807
f 1669 2167 1677
f 415 2166 1668
f 1698 1761 1163
f 1668 2167 1669
f 1181 1018 895
f 895 899 1181
f 1017 1018 1180
f 484 1288 2133
f 1906 1945 1933
f 1905 1945 1906
f 1399 1358 759
f 759 1358 734
f 759 850 1399
f 1017 711 818
f 540 1428 589
f 76 1404 70
f 1404 76 1405
f 850 663 1399
f 1009 968 726
f 1399 1400 1421
f 1379 1423 654
f 2387 2370 2247
f 885 992 769
f 2095 2108 1996
f 82 5 109
f 1275 653 651
f 883 885 787
f 899 802 621
f 915 1977 395
f 915 2394 1977
f 2167 1668 2166
f 2182 2132 878
f 891 2182 878
f 808 801 857
f 857 801 797
f 2374 2382 1142
f 756 712 1290
f 828 593 547
f 547 546 828
f 737 1385 1380
f 514 905 1099
f 474 1926 2145
f 2132 2182 2189
f 778 714 808
f 714 760 808
f 2198 1103 1677
f 501 609 742
f 2237 2191 474
f 44 1041 472
f 473 39 474
f 510 644 575
f 472 159 484
f 33 2282 29
f 614 737 1419
f 1972 1991 2238
f 1972 2117 1991
f 44 809 1041
f 809 39 1041
f 461 475 440
f 950 1369 410
f 2276 2199 2237
f 2209 2210 2223
f 891 463 1948
f 401 121 404
f 455 460 1997
f 44 911 809
f 809 911 912
f 912 39 809
f 2237 460 2276
f 1997 460 2237
f 902 2292 2263
f 1115 420 1117
f 2182 2225 2235
f 2235 2211 2182
f 150 1077 151
f 1792 2304 2298
f 2304 909 2298
f 2315 2374 1210
f 251 165 166
f 1674 188 1219
f 1688 2355 1978
f 166 259 254
f 2227 1963 2137
f 2086 1998 2290
f 301 321 320
f 675 566 687
f 248 58 116
f 2148 2334 2339
f 132 151 893
f 151 132 129
f 419 893 151
f 675 831 633
f 2369 2355 2349
f 1975 2369 2349
f 2369 1978 2355
f 153 329 347
f 153 347 101
f 2243 684 111
f 334 72 95
f 242 72 334
f 204 99 242
f 97 104 266
f 2357 2109 2347
f 469 232 204
f 540 589 449
f 2417 2312 178
f 2437 2408 2393
f 344 614 219
f 919 2434 1058
f 2437 2434 2408
f 2022 129 884
f 970 972 1158
f 347 648 558
f 2438 2421 2446
f 1031 1991 2117
f 698 691 559
f 559 689 342
f 587 652 503
f 176 136 286
f 779 742 609
f 1993 2419 2465
f 2419 1993 2415
f 695 806 698
f 1579 1156 1578
f 792 683 796
f 681 796 682
f 2423 2475 2476
f 2415 2475 2423
f 2423 2476 2456
f 1384 703 560
f 191 2000 2234
f 2234 2000 2466
f 2269 2251 1102
f 1275 651 1277
f 2255 2251 2269
f 250 1075 731
f 1275 1347 653
f 2463 2449 2377
f 2449 2445 2377
f 538 1765 1472
f 269 367 2155
f 1275 1277 717
f 2233 1708 1707
f 1140 2473 2485
f 973 1256 939
f 1632 1887 1126
f 1351 1294 1224
f 640 299 1203
f 1137 1628 353
f 858 1011 1345
f 115 119 245
f 1345 1011 1086
f 1998 2086 2229
f 2492 2493 2151
f 2493 2491 272
f 337 967 339
f 337 1130 967
f 1039 1167 844
f 287 1628 324
f 287 1199 353
f 866 953 840
f 2109 2006 2287
f 859 1314 863
f 306 2085 1445
f 1955 2361 1884
f 2045 2212 2346
f 2212 2259 2346
f 39 912 455
f 1097 1426 1476
f 294 1715 292
f 1047 2279 1048
f 340 1478 1430
f 1050 2276 460
f 592 340 873
f 1615 294 1226
f 1417 1085 598
f 2082 1234 1226
f 1469 1533 1085
f 1050 1048 2276
f 273 274 2195
f 1540 1437 1457
f 308 1457 1390
f 307 1613 1479
f 1403 1539 1470
f 496 788 725
f 2007 1764 1874
f 1463 1763 1638
f 1048 2279 2258
f 1553 1552 1443
f 1476 1553 1443
f 721 749 799
f 317 1597 1532
f 607 728 674
f 725 674 728
f 14 694 700
f 605 674 749
f 185 168 24
f 2071 2013 1439
f 721 667 605
f 69 60 596
f 1643 1604 1566
f 667 721 655
f 667 655 534
f 2428 1150 2451
f 676 607 644
f 676 728 607
f 228 67 68
f 68 71 822
f 605 607 674
f 1311 556 1500
f 667 534 604
f 1052 62 230
f 23 62 1052
f 1167 1500 556
f 1170 175 228
f 27 1418 59
f 1643 1663 1701
f 1425 32 59
f 400 461 262
f 1187 1165 1985
f 1972 2287 2006
f 328 186 245
f 1127 1124 1315
f 1572 1127 1324
f 1748 1053 896
f 1748 896 943
f 2040 197 1625
f 1728 794 1827
f 984 2061 1734
f 2172 173 1036
f 2172 1036 2245
f 1734 1036 1371
f 2245 1036 1734
f 38 57 51
f 53 57 115
f 5 18 2001
f 870 897 1462
f 1671 2255 1986
f 1986 2269 1682
f 57 53 51
f 2269 2286 1682
f 1862 1916 564
f 25 51 53
f 564 1916 1472
f 2040 1625 2297
f 1691 1827 1958
f 2207 1572 1323
f 1958 1777 1691
f 6 51 25
f 51 6 37
f 2114 2362 1122
f 2153 2114 1119
f 5 13 2316
f 2033 2321 2472
f 2321 1573 2472
f 2486 1573 2488
f 2487 2497 1029
f 1834 2002 537
f 1835 2002 1834
f 2457 2484 1125
f 1988 1832 1859
f 1337 8 9
f 26 10 12
f 10 26 34
f 2479 1252 2478
f 2478 1244 2439
f 1864 2009 1839
f 30 19 8
f 1839 1976 1864
f 2439 1245 2483
f 2038 2486 2469
f 1252 2479 2462
f 1160 1941 1928
f 10 30 8
f 81 1556 2176
f 1852 1160 1928
f 1246 1673 13
f 2384 2453 2441
f 2038 2266 1840
f 1459 1786 224
f 19 9 8
f 2327 2299 1667
f 84 10 34
f 407 408 1762
f 29 1705 36
f 33 29 36
f 2432 2442 29
f 2281 2269 1102
f 1251 1798 1262
f 2304 1792 2330
f 2281 2143 2272
f 1988 1453 1832
f 1447 1835 1453
f 1447 926 1835
f 2392 1244 2385
f 2267 2164 976
f 976 2314 2267
f 2267 1307 2404
f 430 1376 1546
f 430 1546 1307
f 88 472 1105
f 1185 818 715
f 2329 946 2320
f 26 199 194
f 2320 2384 2365
f 940 1496 1442
f 1515 1531 2215
f 1515 2215 1829
f 1530 1523 1002
f 981 106 1756
f 196 2073 2060
f 96 200 199
f 1189 1440 1499
f 1499 1440 1442
f 1530 1516 1523
f 1136 506 2162
f 1515 1829 447
f 346 1628 1137
f 44 472 88
f 1554 1557 1517
f 1781 2099 1143
f 1504 1781 1143
f 2341 2128 2322
f 92 330 96
f 2340 2128 2341
f 428 442 64
f 518 160 502
f 1935 93 87
f 80 1758 982
f 954 105 465
f 2065 64 466
f 1612 625 1570
f 238 576 331
f 958 1393 965
f 1393 2193 965
f 617 713 330
f 2162 2184 2217
f 2169 1994 2118
f 2154 2162 2217
f 1994 2169 2119
f 87 877 1935
f 2206 1067 2205
f 2154 2217 1144
f 1315 1324 1127
f 108 1499 1161
f 685 622 436
f 965 502 958
f 1027 1031 2119
f 1067 2206 2177
f 590 664 648
f 2177 2206 1936
f 2206 2205 1936
f 1439 1189 1128
f 1442 1271 1161
f 1442 1496 1271
f 1806 108 978
f 1758 1806 978
f 664 590 125
f 187 2216 188
f 477 1795 118
f 1485 453 1486
f 2316 931 112
f 1781 518 1480
f 1439 952 2071
f 1448 1277 651
f 344 683 770
f 1455 2115 520
f 2275 1754 1809
f 1809 1754 957
f 957 1754 1783
f 1783 958 957
f 1440 1439 2013
f 344 770 737
f 2148 931 2316
f 931 2148 1688
f 2301 1068 2254
f 2261 2301 2254
f 477 2302 1795
f 2011 1484 1440
f 2302 2261 1795
f 2011 1440 2013
f 203 1496 940
f 2002 926 942
f 1783 1754 1740
f 512 2048 1871
f 525 512 1871
f 682 652 681
f 699 682 683
f 954 465 1825
f 1976 2054 918
f 1839 2054 1976
f 344 699 683
f 989 987 442
f 205 209 2119
f 1188 1852 1929
f 1928 1929 1852
f 2340 2065 2128
f 2348 1282 2327
f 2119 209 1027
f 550 537 1459
f 1288 484 1016
f 1188 1929 1877
f 1001 1953 1916
f 1916 1862 1001
f 78 315 777
f 1928 1941 1074
f 464 2067 1778
f 950 1778 2067
f 2067 2343 950
f 908 918 226
f 2332 2337 2344
f 922 918 908
f 1129 814 656
f 656 766 1152
f 1877 1863 1849
f 1502 1039 828
f 1210 129 2022
f 1794 538 1864
f 1765 538 1794
f 549 550 1468
f 1468 886 549
f 465 1778 1406
f 2200 1825 946
f 652 682 699
f 652 699 458
f 948 1406 1778
f 1561 1571 610
f 1789 564 1772
f 1194 145 1974
f 159 2145 1016
f 1380 609 351
f 501 351 609
f 1713 1794 1755
f 2372 2239 2350
f 2125 492 1674
f 1636 1007 1548
f 1833 33 990
f 1321 623 300
f 1376 403 1546
f 1540 1567 1081
f 1925 189 1959
f 329 590 347
f 2404 1307 1546
f 449 589 1405
f 2340 2401 2179
f 2179 2401 2076
f 616 313 1438
f 308 1372 1438
f 1372 308 1390
f 236 327 326
f 1767 2180 1768
f 1367 2180 1767
f 1312 1403 327
f 1203 299 388
f 2220 2201 1245
f 2220 1245 2383
f 1309 1344 1285
f 1245 2439 2383
f 2383 2439 2392
f 250 350 1075
f 2146 415 2098
f 1251 1262 2385
f 2139 2146 2098
f 129 150 151
f 1526 1600 1185
f 804 860 806
f 1474 623 572
f 1692 1093 1657
f 830 901 831
f 126 125 79
f 2108 2130 2063
f 2108 2063 1996
f 100 936 369
f 640 100 369
f 2130 2084 2063
f 2410 2379 2406
f 790 742 35
f 804 806 695
f 648 800 695
f 664 800 648
f 1158 972 1139
f 76 125 541
f 2076 2401 2452
f 1020 1957 113
f 2337 2261 2302
f 1163 1834 549
f 96 341 200
f 200 352 231
f 2462 1251 1252
f 227 194 348
f 227 344 85
f 344 219 85
f 53 115 245
f 154 1022 1243
f 131 134 262
f 1459 537 942
f 981 1756 2468
f 2047 2092 2091
f 1020 1015 1023
f 1952 2055 2072
f 2077 2468 1756
f 283 362 453
f 492 1960 1910
f 373 585 374
f 1751 1762 127
f 2072 2103 2113
f 127 161 148
f 509 2111 507
f 127 120 161
f 980 1751 1749
f 612 429 440
f 2245 2176 2172
f 2060 1459 942
f 2176 1025 2172
f 1576 1353 723
f 548 661 708
f 1161 1499 1442
f 1061 1029 371
f 502 512 516
f 451 328 450
f 730 671 574
f 2021 1029 2497
f 182 163 2420
f 739 788 496
f 526 1480 516
f 171 1020 1023
f 1503 1328 2422
f 585 478 499
f 1142 2382 2390
f 730 669 865
f 865 977 730
f 184 1329 179
f 621 802 788
f 953 866 793
f 2434 919 2408
f 190 1973 1195
f 2015 2051 2004
f 977 865 1026
f 2393 2370 2433
f 1088 968 947
f 1088 726 968
f 1257 2046 2044
f 762 761 851
f 1497 665 1311
f 1322 1313 2202
f 1039 953 593
f 438 655 632
f 174 210 1174
f 534 655 438
f 1088 767 726
f 2063 1937 1996
f 2063 2025 1937
f 1389 1393 1783
f 1306 991 1214
f 1306 680 991
f 1218 1200 994
f 1224 686 729
f 686 1190 729
f 1512 799 827
f 184 1513 1170
f 720 703 1368
f 1197 703 702
f 1513 360 222
f 2414 2417 2428
f 2312 2417 2414
f 510 733 741
f 1905 509 998
f 222 1170 1513
f 2437 2393 2433
f 668 510 666
f 1354 1239 1365
f 180 380 182
f 1239 1354 1427
f 799 749 776
f 799 776 725
f 2387 2418 2424
f 35 21 100
f 365 934 933
f 1397 1454 1444
f 1905 1906 509
f 725 827 799
f 1254 1002 1523
f 391 853 587
f 1114 905 523
f 523 862 1114
f 1906 1933 2032
f 862 523 636
f 742 790 540
f 22 1371 1036
f 1932 2032 1933
f 1686 1922 861
f 164 163 191
f 1582 1593 920
f 24 48 354
f 1526 1557 1554
f 1549 1569 1568
f 391 349 688
f 1571 1602 610
f 2316 2317 2148
f 479 1580 1609
f 14 27 74
f 1557 1253 1517
f 617 330 331
f 1672 1582 1660
f 1582 1672 1593
f 1626 1606 1193
f 32 48 418
f 32 418 20
f 489 227 348
f 489 344 227
f 631 1570 625
f 163 182 191
f 2015 1921 1999
f 123 810 137
f 137 810 168
f 1095 1623 696
f 1651 1623 1095
f 355 181 351
f 164 2234 2418
f 1950 1872 1982
f 1982 1872 1655
f 24 332 693
f 697 24 693
f 696 1631 1725
f 1095 696 1725
f 1696 1651 1095
f 355 449 329
f 1655 1872 1943
f 2234 164 191
f 54 777 22
f 4 777 54
f 554 379 1633
f 200 231 194
f 2444 2424 2418
f 2447 2436 2450
f 194 199 200
f 170 998 156
f 279 1771 1642
f 1945 1905 170
f 1831 336 291
f 1411 1433 1177
f 152 1810 1831
f 1855 1810 152
f 1882 1646 1649
f 1857 321 61
f 267 1745 304
f 1868 1919 1822
f 1824 1893 1868
f 1938 1327 214
f 1153 2152 367
f 1759 1921 1808
f 1808 1932 1816
f 1854 1909 1896
f 1867 1911 1909
f 1150 210 1153
f 1563 1613 1739
f 1943 1897 152
f 1872 1897 1943
f 1957 2201 113
f 46 266 986
f 2186 1367 1022
f 1311 665 663
f 1868 1937 1919
f 1627 551 798
f 274 289 1098
f 399 398 457
f 1617 295 1562
f 852 839 270
f 852 270 1308
f 2023 924 1433
f 1989 1918 1987
f 1473 1250 2050
f 1366 2438 2454
f 1250 1466 2050
f 1950 1982 1987
f 1937 2025 1919
f 1949 1303 1300
f 563 457 468
f 563 508 399
f 2036 2034 2035
f 493 494 421
f 2072 2028 2056
f 2072 2027 2028
f 2221 1207 1104
f 249 237 1908
f 2228 2195 316
f 2459 2446 2421
f 517 508 561
f 508 517 396
f 505 588 519
f 2051 2110 2097
f 2097 2004 2051
f 1226 1209 337
f 339 1226 337
f 1348 1577 1091
f 2352 2377 311
f 202 2133 216
f 2421 2204 2459
f 2363 2440 2151
f 2440 1970 2151
f 2495 1207 323
f 463 363 345
f 510 575 505
f 2229 1970 2440
f 2460 2459 2204
f 2229 2086 1970
f 1952 490 2175
f 2140 2141 2123
f 1205 1969 1201
f 1223 2221 310
f 1027 444 2174
f 212 444 1027
f 188 1674 187
f 272 1632 1126
f 2491 1632 272
f 1722 1808 1816
f 1570 1541 1554
f 2108 474 2191
f 1926 474 2108
f 473 474 2145
f 2493 2492 1051
f 2459 1051 2492
f 888 1575 606
f 2492 2481 2459
f 473 2145 159
f 1541 1570 631
f 1722 1741 1808
f 2233 2450 2451
f 343 1799 357
f 2364 1172 1293
f 2201 2220 113
f 2450 2473 2447
f 2473 2448 2447
f 1673 2223 2210
f 1673 2210 2244
f 2210 2211 2244
f 827 725 802
f 2258 2208 2199
f 1818 1710 1788
f 866 555 793
f 593 793 539
f 1963 1995 1057
f 2273 2227 2214
f 55 807 192
f 2290 2454 2467
f 2290 1366 2454
f 2001 1046 754
f 2001 754 1246
f 2281 2286 2269
f 807 1727 192
f 2269 1986 2255
f 2450 2428 2451
f 2147 2262 2291
f 2262 2263 2291
f 2292 2291 2263
f 902 2263 2268
f 2234 2466 2444
f 1671 2298 909
f 909 911 44
f 375 1645 1146
f 2276 1048 2258
f 2006 2303 1972
f 1667 786 31
f 1084 1667 31
f 2359 1058 2477
f 915 1645 2204
f 48 24 697
f 2325 2331 902
f 2325 902 904
f 1512 1185 1594
f 1512 818 1185
f 1323 1322 171
f 171 1322 2202
f 2347 2287 1891
f 2109 2287 2347
f 869 1689 1731
f 1114 862 823
f 1704 532 1731
f 867 1644 869
f 916 2421 915
f 2394 915 2421
f 2421 2411 2394
f 1047 2354 1049
f 2305 1110 2022
f 1351 1355 1294
f 132 884 129
f 632 1508 1486
f 2494 1993 2087
f 1622 1584 1486
f 2122 2396 2398
f 985 2068 2336
f 2353 2305 1683
f 1110 2305 1112
f 2353 1112 2305
f 1210 150 129
f 551 721 798
f 1210 2022 2315
f 386 1693 1697
f 1692 1693 386
f 2475 1204 2476
f 2494 1204 2475
f 2371 1892 1984
f 1697 1693 1978
f 1170 1053 1503
f 395 1977 145
f 2354 2393 2350
f 228 822 1053
f 1980 174 1116
f 1111 1115 1117
f 1123 1194 919
f 1224 729 767
f 1253 1415 1435
f 611 377 358
f 536 402 735
f 2398 2396 1044
f 1044 2394 2398
f 1984 158 1985
f 2371 1984 2413
f 2228 1624 1971
f 158 1187 1985
f 1661 1676 1506
f 2087 1886 1202
f 2373 2415 2386
f 2339 2345 2349
f 2416 2308 2380
f 2308 1699 1981
f 2148 2349 2355
f 2355 1688 2148
f 178 1111 1174
f 2312 2407 178
f 2414 2390 2312
f 1142 2390 2414
f 1142 2414 2311
f 2148 2339 2349
f 2494 2087 1202
f 597 890 599
f 2420 180 182
f 887 599 890
f 2109 1686 861
f 2339 2334 2292
f 2292 2331 2339
f 2152 2308 2416
f 1407 1678 641
f 898 890 582
f 898 582 1237
f 2445 2449 2433
f 1683 2335 2330
f 2330 1792 1683
f 2444 2445 2424
f 2234 2444 2418
f 573 1631 1350
f 882 627 629
f 1140 1158 2448
f 1158 1140 2458
f 1155 970 2458
f 367 2152 2093
f 1536 627 882
f 2317 2291 2148
f 1708 2451 1153
f 2233 2451 1708
f 18 82 93
f 82 18 5
f 820 488 615
f 2482 2450 2233
f 835 825 1364
f 2303 2006 2109
f 2463 2352 2470
f 527 594 585
f 2496 2377 2445
f 1995 2310 907
f 2445 2444 2496
f 111 476 1057
f 2241 2219 684
f 241 361 967
f 1948 2241 2225
f 1293 963 2364
f 963 964 2364
f 2364 964 241
f 2444 1931 2496
f 2296 2201 1957
f 1318 635 1392
f 2477 2352 2295
f 864 783 854
f 2352 2463 2377
f 1646 378 471
f 1799 358 357
f 2228 257 1624
f 2137 1963 2138
f 2228 2313 2295
f 188 2216 1042
f 606 1626 1720
f 1193 1720 1626
f 597 560 703
f 1711 1870 1931
f 696 1350 1631
f 1617 924 2391
f 1617 2391 1107
f 2169 205 2119
f 2346 2360 2045
f 2163 1220 2173
f 1220 2163 2188
f 2188 1221 1220
f 2208 2214 2158
f 2214 2156 2158
f 270 1902 1771
f 1694 1275 1182
f 2166 1265 2167
f 1677 2167 2198
f 2196 2197 2166
f 1562 924 1617
f 2166 2187 2196
f 2196 2187 2118
f 2118 2187 2169
f 923 2023 1534
f 1739 923 1534
f 1534 2023 1527
f 2023 1433 1527
f 924 1562 1433
f 492 1952 187
f 1248 1135 1615
f 1905 998 170
f 1679 2081 1219
f 1797 1422 1790
f 1790 1422 1599
f 917 1695 568
f 586 608 1665
f 584 1630 611
f 257 1126 1624
f 1205 1201 306
f 268 1338 697
f 2158 2049 2084
f 1000 1231 595
f 700 1000 483
f 1493 1361 647
f 2156 2039 2049
f 2039 2156 880
f 1131 1264 263
f 880 2083 2039
f 900 2083 880
f 2133 1289 216
f 2133 1288 1289
f 1669 1677 202
f 1912 2145 1926
f 1347 1275 1694
f 435 673 50
f 322 15 11
f 66 230 595
f 230 62 595
f 1666 900 345
f 1677 162 202
f 1016 484 159
f 747 1434 1253
f 59 32 20
f 882 756 1290
f 1587 913 601
f 2150 1151 2062
f 765 603 601
f 2250 1968 1899
f 218 217 138
f 2056 2089 2103
f 2103 2072 2056
f 1036 843 54
f 678 1449 1524
f 197 218 198
f 197 217 218
f 2095 1996 1912
f 1581 603 765
f 252 852 498
f 2221 323 1207
f 2221 324 323
f 169 1346 197
f 1626 606 1575
f 2117 2303 459
f 2021 934 1847
f 2021 1511 934
f 249 1908 999
f 157 2216 187
f 365 173 371
f 197 1648 169
f 1596 930 1076
f 1648 197 2040
f 1596 1182 1690
f 1690 717 467
f 169 161 1346
f 2031 2018 1911
f 1911 1965 2031
f 513 65 52
f 2422 2388 2033
f 2033 2388 2321
f 2488 1573 2319
f 986 1882 46
f 1063 2488 2497
f 1918 46 1882
f 1063 2497 2487
f 1029 1061 2487
f 1873 1939 214
f 1882 1649 1918
f 154 1243 1242
f 637 1489 2474
f 1826 1872 130
f 2176 1556 1340
f 1657 1693 1692
f 1824 1807 1893
f 416 411 523
f 1690 1182 717
f 986 1647 554
f 1646 986 554
f 980 1749 106
f 1596 1694 1182
f 1868 1822 868
f 888 1558 1575
f 985 2014 80
f 1015 113 36
f 1649 1646 544
f 1582 920 1356
f 1964 1046 18
f 1368 1197 290
f 1702 1836 1807
f 1807 1824 869
f 2320 2395 2384
f 976 2412 2381
f 976 2381 2368
f 877 1880 1967
f 1810 1094 1634
f 1634 1733 336
f 1002 1551 1367
f 1002 2328 1551
f 1767 1530 1002
f 1530 1767 1768
f 1782 1095 1094
f 1264 1563 1373
f 1381 428 1775
f 2179 428 2340
f 1775 428 2179
f 321 872 320
f 1780 2381 1779
f 2368 2314 976
f 993 2267 2314
f 2070 2267 993
f 2215 2379 2270
f 2271 2270 2379
f 273 2195 1763
f 1059 1840 2266
f 869 1644 1689
f 1100 1870 1711
f 428 2065 2340
f 2042 1825 2200
f 1803 708 1737
f 1026 1232 1064
f 611 1630 377
f 978 987 982
f 978 108 987
f 630 1680 384
f 956 954 2042
f 955 956 2265
f 1091 1589 1651
f 2230 2275 1809
f 738 416 1616
f 422 1616 416
f 1350 603 573
f 2126 955 2248
f 2159 955 2126
f 2126 2248 2213
f 701 318 75
f 738 1620 416
f 2124 2213 2128
f 1543 1605 1658
f 1658 1595 1543
f 411 412 636
f 1644 1559 1595
f 1574 1641 1614
f 584 1602 1544
f 1544 1565 584
f 1593 1629 920
f 2079 2126 2213
f 2079 2213 2124
f 1716 372 1665
f 2105 1801 133
f 1535 1558 887
f 2154 1144 2099
f 1936 2131 2116
f 1602 1571 1544
f 2115 961 1804
f 1547 1536 608
f 520 1804 140
f 1425 2171 2202
f 1581 765 599
f 2135 1934 524
f 627 1536 1547
f 1565 629 627
f 187 2175 1033
f 1958 2127 1962
f 1992 2127 1958
f 358 377 357
f 1992 2048 2104
f 2054 1781 1480
f 894 1488 1535
f 1538 1535 1514
f 926 1447 201
f 942 926 201
f 1322 1315 1313
f 1514 1535 1488
f 203 940 937
f 2153 1681 1295
f 1524 1519 1489
f 1956 1674 2081
f 1524 1449 1519
f 1942 2020 2019
f 1844 2020 1860
f 1860 2020 1942
f 1843 1811 2017
f 1843 2017 1819
f 2016 1819 2017
f 2016 925 1819
f 1752 414 517
f 1864 1976 922
f 1889 1764 2074
f 2007 2074 1764
f 1456 647 1361
f 858 1345 366
f 654 1483 874
f 525 1871 794
f 1524 654 1493
f 226 526 525
f 1751 1648 1749
f 1452 1398 1412
f 1277 1448 649
f 1415 709 712
f 226 260 908
f 1755 1866 908
f 1864 1866 1755
f 1794 1864 1755
f 686 1394 690
f 1294 1409 1394
f 1394 1409 1412
f 1724 1811 1670
f 1746 1670 1843
f 870 255 256
f 1294 1355 1409
f 1037 1527 1411
f 1527 1433 1411
f 572 1163 886
f 886 1468 1474
f 1562 1030 1433
f 1176 1433 1030
f 1789 1772 1744
f 1149 1789 1744
f 2026 1949 1960
f 641 635 1407
f 1553 1555 1656
f 2081 1195 2026
f 1552 1553 1670
f 1461 1552 1670
f 680 1306 1364
f 1619 1664 1608
f 1664 1567 1608
f 1663 1643 1567
f 1195 1303 2026
f 1273 883 639
f 634 885 883
f 535 392 578
f 1273 634 883
f 634 1211 885
f 1465 1552 1461
f 591 592 873
f 1579 1578 1495
f 715 712 709
f 1495 1475 1579
f 1495 1537 1403
f 2228 316 257
f 1471 583 863
f 1471 1374 470
f 470 393 1498
f 470 1375 393
f 1218 994 992
f 1200 836 1214
f 988 1360 1097
f 1915 1913 1858
f 1009 960 903
f 1018 1017 895
f 1737 724 1383
f 1335 1395 679
f 1395 1335 856
f 968 1009 903
f 1395 856 1230
f 76 70 945
f 994 741 992
f 992 741 769
f 994 815 741
f 322 1171 701
f 1197 1283 642
f 533 242 334
f 991 813 815
f 334 356 533
f 680 813 991
f 1171 318 701
f 385 352 341
f 387 562 231
f 715 1253 1185
f 966 1799 343
f 708 661 1737
f 232 469 436
f 819 847 797
f 791 816 812
f 244 101 347
f 351 181 84
f 84 195 351
f 791 787 733
f 1785 1784 1736
f 1784 1747 1736
f 760 705 801
f 705 745 801
f 2311 1133 150
f 146 166 149
f 207 812 816
f 494 619 500
f 495 613 707
f 374 259 373
f 254 259 397
f 381 254 397
f 374 405 259
f 397 259 405
f 417 165 251
f 1712 949 1736
f 919 1194 1974
f 1650 1712 1716
f 82 1208 1662
f 429 423 440
f 487 493 594
f 557 468 456
f 421 398 381
f 548 553 661
f 1953 2013 1966
f 421 405 493
f 707 613 486
f 613 491 486
f 494 493 487
f 248 362 283
f 624 669 500
f 745 705 710
f 605 749 721
f 283 359 119
f 725 728 496
f 910 865 669
f 1292 1383 1019
f 730 724 671
f 1737 1383 2429
f 741 815 676
f 787 769 733
f 153 73 181
f 619 491 495
f 629 1529 1435
f 193 1166 1071
f 34 195 84
f 847 857 797
f 16 435 50
f 253 917 897
f 662 1166 193
f 1456 645 647
f 495 783 763
f 646 645 1287
f 13 2147 2317
f 899 895 802
f 110 342 570
f 570 356 110
f 895 827 802
f 2 50 658
f 2 658 445
f 666 807 55
f 752 763 864
f 761 555 866
f 968 903 849
f 193 823 207
f 1071 823 193
f 905 1114 657
f 648 695 558
f 558 695 559
f 559 695 698
f 1415 1253 709
f 517 618 1752
f 570 731 533
f 570 533 356
f 1004 281 280
f 726 729 1190
f 533 687 566
f 797 801 745
f 580 1481 1591
f 1579 1157 1156
f 788 802 725
f 711 1017 1291
f 806 842 698
f 698 842 691
f 674 776 749
f 862 1273 639
f 799 798 721
f 797 745 774
f 734 1358 1138
f 1292 2429 1383
f 1358 1305 1266
f 1266 1138 1358
f 1567 1540 1608
f 1399 663 1400
f 102 370 1404
f 1400 663 665
f 665 1407 1400
f 851 1233 734
f 1456 1423 1729
f 741 644 510
f 921 1154 889
f 521 672 714
f 369 299 640
f 1203 102 640
f 1287 1391 646
f 882 643 482
f 800 126 859
f 1180 1441 1416
f 913 1384 560
f 702 1384 913
f 1138 1266 1108
f 830 1227 901
f 851 734 1138
f 966 214 1799
f 620 1364 817
f 824 1574 817
f 17 1427 1354
f 1574 824 826
f 1559 1574 826
f 1605 1543 1560
f 1605 1560 433
f 1349 1375 470
f 1333 299 936
f 1333 929 1097
f 781 1134 751
f 1718 1386 1302
f 1232 645 1729
f 1629 1606 920
f 1418 27 1365
f 1585 485 1609
f 1609 485 479
f 920 1606 1356
f 606 603 1581
f 1350 1587 601
f 1360 1426 1097
f 1360 1451 1426
f 412 735 409
f 1377 1495 1378
f 735 412 411
f 1451 1360 1336
f 1430 1451 1336
f 1342 1430 1336
f 851 1138 892
f 1401 1475 1495
f 618 519 588
f 1085 1533 598
f 1729 1386 1232
f 1450 1237 1820
f 1665 608 1650
f 984 1069 1184
f 2010 1184 1198
f 1567 1566 1081
f 1134 1088 1109
f 1081 1437 1540
f 1403 1537 1539
f 947 1109 1088
f 1426 1555 1476
f 1109 848 1108
f 1108 892 1138
f 892 1108 848
f 717 748 467
f 1498 393 531
f 535 393 392
f 170 1901 1945
f 1614 1732 545
f 2088 2010 1198
f 2088 1198 1359
f 319 1591 1481
f 417 588 575
f 1634 1725 1733
f 588 417 511
f 575 261 417
f 261 575 504
f 1288 498 1289
f 855 846 947
f 1720 1334 376
f 376 1334 573
f 336 1733 573
f 846 855 706
f 504 569 261
f 1640 727 1591
f 121 401 362
f 727 768 580
f 768 260 580
f 795 775 600
f 795 600 755
f 795 755 718
f 544 1646 471
f 1173 1256 1309
f 1597 1691 1532
f 567 872 321
f 1826 1848 515
f 2055 1952 1910
f 1744 1772 1735
f 1706 1735 1772
f 1772 1765 1706
f 1706 1765 1713
f 1327 358 214
f 718 755 462
f 1701 1774 1773
f 446 451 450
f 136 246 286
f 1713 1765 1794
f 600 528 755
f 1656 1844 1860
f 555 451 446
f 1206 1812 1192
f 256 897 870
f 1900 513 1875
f 2174 1991 1027
f 1921 2015 2004
f 1472 1772 564
f 1472 1765 1772
f 121 248 116
f 211 528 452
f 452 528 600
f 235 451 555
f 248 282 58
f 917 568 925
f 2008 1965 1930
f 925 568 1819
f 1302 1386 1423
f 248 283 282
f 1930 65 2008
f 1010 2008 65
f 1462 897 917
f 917 203 1462
f 461 400 522
f 400 452 522
f 1724 1942 1811
f 1942 1724 1860
f 2196 2118 1038
f 999 998 507
f 117 211 452
f 249 999 507
f 1572 1324 1323
f 765 601 913
f 400 117 452
f 264 216 1289
f 1926 2095 1912
f 926 2002 1835
f 252 498 1912
f 2097 2142 1904
f 235 107 186
f 2011 1458 1484
f 786 1994 773
f 2319 1800 1511
f 6 86 215
f 490 2113 2103
f 2009 1132 1839
f 2161 2103 2140
f 1477 1455 520
f 209 205 208
f 2169 2094 205
f 2139 2094 2169
f 211 117 6
f 2199 2084 2130
f 2191 2130 2108
f 2199 2130 2191
f 2203 2149 2173
f 2142 2149 2203
f 2121 2142 2203
f 2121 2174 2134
f 1786 2100 2053
f 2073 2100 1786
f 2209 2189 2210
f 2211 2210 2189
f 2189 2182 2211
f 159 1041 473
f 2225 2182 1948
f 942 196 2060
f 53 107 25
f 2102 2131 2115
f 1936 2116 2100
f 1148 1382 1151
f 347 558 244
f 25 86 6
f 2287 2238 2231
f 2287 1972 2238
f 2162 506 2184
f 2185 952 1128
f 37 117 134
f 506 2185 2184
f 1995 1963 2278
f 172 154 2356
f 425 420 1281
f 2287 2285 1891
f 84 73 10
f 2305 2335 1683
f 101 19 30
f 861 459 2303
f 459 861 31
f 349 391 587
f 884 1924 912
f 133 1801 2128
f 2128 1801 2124
f 2012 439 441
f 439 1927 448
f 1271 133 466
f 133 2128 466
f 1764 1396 1509
f 1408 1898 1082
f 2350 1045 1049
f 559 691 689
f 108 1271 64
f 1550 267 304
f 481 2226 2064
f 2226 1066 2064
f 2232 1066 2226
f 2185 1758 80
f 2014 2185 80
f 652 753 681
f 652 587 753
f 1023 2207 1323
f 1082 700 1408
f 2338 1974 448
f 1974 2338 2239
f 118 1743 477
f 2350 1049 2354
f 1012 1396 1408
f 1686 2357 1981
f 2213 2322 2128
f 1140 1286 2458
f 2213 2284 2322
f 2193 1393 1946
f 2370 2354 2247
f 2193 1946 2249
f 1764 1889 1396
f 419 413 406
f 1151 346 2062
f 419 151 413
f 1550 1467 268
f 2387 2247 406
f 1509 871 1249
f 1078 151 1077
f 464 1778 465
f 1393 437 2323
f 413 2107 406
f 1981 1699 1980
f 1005 1467 1550
f 1005 1550 304
f 1697 1978 2369
f 2362 2207 1125
f 2394 1044 2376
f 2398 2394 2411
f 395 394 914
f 1376 432 1381
f 1043 2398 2309
f 1507 1509 1249
f 2311 972 1133
f 2344 2397 2375
f 919 1058 2236
f 2424 2433 2370
f 1165 1692 389
f 2257 2307 2306
f 1043 2309 2306
f 2179 2076 1775
f 309 700 1082
f 1317 2236 1058
f 1775 2076 1954
f 1381 1775 403
f 268 1467 1338
f 1338 1507 1249
f 871 1509 1396
f 2446 2454 2438
f 221 2204 1645
f 221 1645 375
f 1408 1396 1889
f 1222 746 1276
f 234 1363 380
f 2431 2455 2432
f 2442 2457 29
f 29 2457 1705
f 2454 2446 2467
f 2446 2459 2467
f 2204 221 2460
f 2366 1881 1880
f 981 2468 2431
f 2455 2431 2468
f 2093 2155 367
f 1153 269 1707
f 2455 2442 2432
f 1705 2457 1014
f 996 87 1662
f 2061 2464 2441
f 1920 1885 2318
f 2038 2469 2266
f 2466 1420 2444
f 1420 1931 2444
f 361 241 964
f 800 859 804
f 859 860 804
f 1130 1420 2000
f 2295 2313 2477
f 2352 2477 2470
f 82 1662 87
f 2366 1880 1892
f 2462 1242 1243
f 2367 2347 1890
f 2367 1890 1885
f 1244 2478 1252
f 1885 1920 2367
f 1086 338 1345
f 1086 1085 338
f 1417 338 1085
f 323 346 2495
f 161 2080 983
f 2498 2346 1878
f 1390 1437 1080
f 1239 2479 2478
f 996 1892 1880
f 1881 1885 1687
f 2253 1205 1446
f 1884 1903 2253
f 2361 1903 1884
f 316 1098 257
f 1766 2352 311
f 1749 1332 2297
f 371 390 1061
f 1208 82 109
f 2195 274 316
f 2497 2319 2021
f 1638 1763 2295
f 1766 1638 2295
f 2388 2422 1328
f 1467 1205 306
f 304 1884 1005
f 2318 1885 1881
f 1880 87 996
f 2045 1955 1745
f 1119 2114 1122
f 1739 1613 2157
f 1797 1790 2024
f 2362 1572 2207
f 1890 2347 1891
f 1797 2045 1745
f 1790 293 2024
f 1096 293 1790
f 1511 2021 2319
f 1463 1638 1510
f 1503 1748 1328
f 1417 598 873
f 1324 1315 1322
f 1881 2366 2318
f 314 275 289
f 1847 371 2112
f 274 315 289
f 267 693 265
f 1457 1437 1390
f 1599 1034 1073
f 1769 1828 1079
f 1037 928 333
f 1315 1124 354
f 354 1313 1315
f 292 1715 1100
f 1425 59 1583
f 263 1037 333
f 1422 1352 1035
f 63 20 871
f 1427 23 1238
f 1473 1100 1715
f 1234 293 1370
f 1370 293 1096
f 48 697 418
f 1238 23 1052
f 285 139 155
f 77 139 78
f 91 239 89
f 239 91 167
f 155 302 285
f 1615 1135 1715
f 1370 1186 1234
f 175 66 258
f 66 175 222
f 983 11 1346
f 222 230 66
f 423 246 368
f 784 89 1162
f 228 68 822
f 1162 89 177
f 1035 1599 1422
f 177 137 1127
f 1127 137 1124
f 1124 137 185
f 1870 1100 2050
f 2050 1087 1870
f 175 1170 222
f 1069 16 50
f 16 1069 984
f 984 22 16
f 1599 1370 1096
f 11 1 7
f 2050 1100 1473
f 946 2120 2409
f 2058 1427 1238
f 22 1036 54
f 217 11 15
f 1073 1370 1599
f 1241 230 360
f 1599 1035 1034
f 1052 230 1241
f 810 1035 1352
f 2181 943 1800
f 63 59 20
f 2112 2021 1847
f 139 1028 78
f 139 285 1028
f 1030 1028 285
f 2362 1298 1572
f 2114 1298 2362
f 1034 1035 123
f 123 1035 810
f 2453 2245 1734
f 2453 1734 2061
f 1234 1248 1615
f 173 1025 371
f 332 810 265
f 1024 172 179
f 1451 1545 1548
f 1426 1451 1548
f 1478 1545 1451
f 161 2088 2080
f 302 1177 1176
f 2452 2464 2010
f 148 161 169
f 2402 2400 1522
f 2010 2088 2452
f 1370 1073 247
f 154 2192 1022
f 1239 2478 2439
f 2439 1235 1239
f 1235 2439 2483
f 2057 1988 1270
f 2245 2178 2176
f 2178 2245 2409
f 2399 445 658
f 2409 2245 2453
f 445 2402 772
f 2401 2464 2452
f 1248 1113 1135
f 318 1387 83
f 1476 1555 1553
f 1429 273 1463
f 1954 2452 2461
f 2076 2452 1954
f 1546 408 407
f 312 1171 1431
f 312 1135 1171
f 275 295 289
f 1954 2461 120
f 1473 1431 1250
f 2395 2409 2453
f 435 997 1429
f 1020 113 1015
f 1705 1014 1015
f 2164 106 981
f 658 673 2399
f 2400 1510 1522
f 1509 1874 1764
f 480 1465 1461
f 2400 2402 2399
f 1466 1861 2402
f 1466 1431 1861
f 1113 318 1135
f 1261 1243 1551
f 1798 1243 1261
f 1243 1798 1251
f 997 273 1429
f 293 1234 2082
f 113 426 36
f 295 1617 1098
f 2412 2432 29
f 2381 2412 29
f 2403 1510 2400
f 2400 2399 673
f 2399 2402 445
f 1522 1466 2402
f 113 2220 437
f 2024 2082 1876
f 2024 1876 2259
f 2392 1796 2383
f 1796 1263 2383
f 247 1387 1186
f 1307 2267 2070
f 1463 2403 1429
f 2403 673 435
f 294 1209 1226
f 2068 1307 2070
f 430 1307 2068
f 2082 1226 1876
f 1207 284 307
f 2085 2351 1507
f 2075 1507 2351
f 772 2402 1861
f 239 167 247
f 2301 1065 1068
f 322 1861 1431
f 311 2377 2358
f 1431 1171 322
f 1567 1643 1566
f 956 2042 2265
f 1121 963 2259
f 1815 114 118
f 118 1795 1225
f 777 273 997
f 2218 1795 2261
f 435 1429 2403
f 2205 1067 2254
f 1510 2403 1463
f 2400 673 2403
f 2170 2249 2127
f 1870 2496 1931
f 1870 2358 2496
f 1940 2193 2170
f 1940 965 2193
f 322 772 1861
f 135 140 1804
f 140 105 147
f 2085 306 1201
f 2135 147 956
f 578 480 1461
f 2498 1284 2499
f 502 965 2048
f 2392 2385 1796
f 1141 1225 2177
f 1141 2177 196
f 2476 2075 2351
f 2075 2476 2300
f 1491 1793 2057
f 1934 2090 2020
f 1852 1188 2053
f 241 967 1183
f 537 550 549
f 1496 203 1983
f 2048 1992 1871
f 426 113 437
f 2102 1160 1852
f 241 1183 234
f 967 1178 1183
f 426 990 33
f 592 281 1598
f 281 592 591
f 221 1051 2460
f 1851 1761 1159
f 224 1188 1877
f 1877 225 224
f 550 225 552
f 1852 2053 2102
f 1863 1877 1929
f 1929 1928 1863
f 1928 1074 1863
f 2470 2477 2434
f 2477 1058 2434
f 2472 2037 2036
f 1533 1604 1003
f 1003 280 1533
f 1172 241 1155
f 2186 2036 2183
f 1859 1851 1159
f 530 229 233
f 241 234 180
f 1155 241 180
f 2458 1172 1155
f 563 399 457
f 1163 1761 1851
f 1163 549 886
f 1007 1823 1844
f 1363 191 380
f 1007 1844 1656
f 1008 233 229
f 442 1381 432
f 1786 2053 1188
f 2438 1366 2309
f 1160 2102 2115
f 1684 256 255
f 178 210 1150
f 1695 917 253
f 180 974 1155
f 550 1459 225
f 1072 1750 1663
f 225 1459 224
f 1774 1701 1750
f 1155 974 970
f 1713 1755 768
f 580 579 1481
f 1663 1750 1701
f 1188 224 1786
f 1548 1007 1555
f 2314 2368 1776
f 791 666 816
f 253 535 1695
f 2436 2414 2428
f 577 271 1684
f 2115 1455 1160
f 2387 2424 2370
f 1838 1723 1413
f 2418 2387 2107
f 1247 1304 2425
f 1304 1247 1812
f 874 1450 1820
f 591 280 281
f 55 816 666
f 1800 1573 2321
f 1664 1663 1567
f 1460 305 300
f 535 578 1695
f 577 535 271
f 1174 1117 174
f 1457 1621 1540
f 303 1621 1457
f 1608 1540 1619
f 2393 2354 2370
f 305 308 313
f 1841 1206 1723
f 1714 1247 2425
f 308 303 1457
f 1413 1821 1803
f 1304 1206 1841
f 2429 1803 1737
f 1532 1316 1310
f 1310 1339 1532
f 1760 736 1821
f 1116 174 1117
f 1699 174 1980
f 1304 1841 1302
f 1920 2386 2380
f 1760 1413 1723
f 1154 1501 1325
f 1501 1154 1316
f 1803 2427 1413
f 1838 1240 1723
f 1984 1892 158
f 1191 1718 1240
f 1192 1812 1727
f 2371 2366 1892
f 1210 2378 150
f 1403 1470 327
f 1483 1482 1450
f 338 340 1345
f 1845 1727 807
f 1115 2353 2348
f 1838 2427 1191
f 1920 2380 2367
f 2318 2373 1920
f 250 326 350
f 1240 1718 1302
f 2366 2371 2318
f 158 1892 996
f 1914 1208 1093
f 996 1914 158
f 1378 1403 1312
f 1841 1240 1302
f 303 1719 288
f 1393 990 437
f 2427 1803 2429
f 1064 1718 1191
f 1203 278 370
f 1714 1237 582
f 1115 2348 420
f 1779 1833 1389
f 1845 1723 1192
f 1414 1302 1423
f 2342 441 1040
f 626 945 370
f 1975 2345 1040
f 941 1090 1011
f 853 941 1011
f 1975 2349 2345
f 1684 271 256
f 1040 2345 2342
f 842 806 1120
f 428 64 2065
f 941 785 1090
f 675 830 831
f 687 889 675
f 889 830 675
f 1683 1282 2353
f 921 889 687
f 2353 1282 2348
f 921 687 821
f 731 821 687
f 2348 2327 1281
f 578 568 1695
f 1281 1922 425
f 2342 2325 441
f 2337 2302 2270
f 387 743 562
f 1368 1717 704
f 2342 2331 2325
f 704 1717 1247
f 1423 1379 1414
f 143 122 136
f 1247 1717 1812
f 578 1461 1746
f 1292 1019 1064
f 2043 1780 1740
f 1474 572 886
f 985 2336 1944
f 572 1698 1163
f 143 136 176
f 1922 1084 31
f 1727 1812 1717
f 1206 1304 1812
f 1922 31 861
f 618 517 548
f 131 262 368
f 2109 861 2303
f 1217 455 893
f 1217 460 455
f 131 368 246
f 1413 2427 1838
f 2324 1944 2336
f 493 405 374
f 2012 2325 904
f 434 443 604
f 1414 1837 1302
f 1755 908 768
f 768 908 260
f 632 453 438
f 1450 638 1505
f 1935 1964 93
f 1967 1935 877
f 486 487 594
f 557 500 669
f 1667 2272 786
f 1821 519 618
f 31 786 773
f 773 459 31
f 989 982 987
f 703 1197 1368
f 987 64 442
f 1206 1192 1723
f 2260 2288 2285
f 1837 1304 1302
f 1240 1841 1723
f 710 774 745
f 791 812 787
f 1691 1728 1827
f 2301 2067 1065
f 414 251 254
f 1166 657 1071
f 1065 2067 464
f 1789 1464 1862
f 564 1789 1862
f 787 812 883
f 1729 1423 1386
f 1064 1191 1292
f 1866 922 908
f 2064 464 465
f 1247 1714 704
f 739 825 621
f 618 588 1752
f 13 2244 2147
f 1673 2244 13
f 708 1803 1821
f 885 1211 992
f 2268 2243 1054
f 2268 2263 2243
f 2241 2243 2263
f 2262 2147 2235
f 1181 899 833
f 1821 1413 1760
f 1771 279 270
f 229 220 223
f 1894 1327 1938
f 530 220 229
f 1727 1717 364
f 2425 1820 1714
f 722 1318 1392
f 736 1760 1845
f 1758 978 982
f 1368 704 720
f 2216 1046 1042
f 454 114 2046
f 114 454 118
f 1845 1192 1727
f 2255 88 1105
f 2251 2255 1105
f 692 1318 1603
f 1409 2443 1412
f 635 692 1407
f 1318 692 635
f 782 1331 835
f 835 620 782
f 702 1436 1283
f 879 1283 1436
f 1412 2443 2426
f 1412 2426 1452
f 2261 2254 1067
f 2143 1106 2197
f 730 1019 1383
f 135 481 2064
f 135 2064 105
f 2196 2143 2197
f 1292 2427 2429
f 807 736 1845
f 747 1517 1434
f 1361 1493 654
f 1454 757 1520
f 645 1232 1287
f 1444 1521 1514
f 1454 1521 1444
f 1386 1718 1064
f 1265 2166 2197
f 1364 824 817
f 488 620 615
f 620 817 615
f 2199 2208 2158
f 2199 2158 2084
f 1820 1837 1414
f 1820 1304 1837
f 1614 817 1574
f 880 2137 2136
f 414 417 251
f 823 883 812
f 932 820 615
f 2134 2142 2121
f 1641 1574 1559
f 1593 1672 1629
f 1237 1714 1820
f 364 1717 1368
f 382 384 817
f 382 817 1614
f 1680 932 384
f 2163 2144 1925
f 610 1710 1660
f 1304 1820 2425
f 2049 2158 2156
f 1722 1629 1672
f 384 382 630
f 1423 1456 1361
f 1732 1614 1641
f 1641 1721 1732
f 377 1630 372
f 2110 2051 2144
f 1488 2443 1444
f 2096 189 1925
f 2443 1488 2426
f 372 1716 343
f 372 343 377
f 414 381 383
f 2083 875 2039
f 379 402 536
f 1633 379 536
f 335 297 65
f 65 297 1010
f 918 1480 526
f 1450 898 1237
f 1811 1942 2017
f 823 812 207
f 1817 1732 1721
f 1752 588 511
f 1844 2005 2020
f 402 379 1771
f 1482 638 1450
f 97 243 104
f 1673 1246 754
f 2030 1655 1908
f 252 839 852
f 1814 1802 1854
f 1854 1853 1814
f 567 321 975
f 975 1802 567
f 1857 975 321
f 2032 1932 2004
f 1902 1836 1702
f 1771 1902 1702
f 1386 1064 1232
f 940 1458 937
f 1900 1817 1907
f 1907 1817 1822
f 1845 1760 1723
f 1414 1379 1820
f 1240 1838 1191
f 1933 1816 1932
f 1850 1816 1933
f 1983 925 2016
f 1409 1444 2443
f 1933 1945 1850
f 1901 1850 1945
f 2426 1488 894
f 1452 2426 894
f 1505 898 1450
f 898 1505 894
f 1932 1921 2004
f 998 152 156
f 417 414 511
f 1950 130 1872
f 130 1950 1918
f 1647 266 277
f 553 1737 661
f 1947 1917 98
f 1917 1896 98
f 1383 724 730
f 524 1923 935
f 1965 1032 1930
f 730 977 1019
f 839 1902 270
f 1919 1907 1822
f 46 1918 1989
f 1647 277 1642
f 543 1647 1642
f 1729 645 1456
f 1821 618 708
f 1867 1802 975
f 1867 1854 1802
f 1973 190 189
f 1973 189 206
f 1858 1747 1784
f 1858 1784 971
f 1671 44 88
f 838 498 852
f 838 1289 498
f 1782 1094 1810
f 1289 838 264
f 2056 2031 2089
f 2072 2055 2027
f 2091 2089 2031
f 2031 2047 2091
f 2047 297 2092
f 2101 2029 1196
f 2094 2029 2101
f 1824 867 869
f 1394 1412 1398
f 2059 2098 243
f 1824 868 867
f 1822 1721 868
f 1817 1721 1822
f 1757 1770 1782
f 1095 1782 1770
f 209 208 213
f 969 343 1716
f 878 363 463
f 823 639 883
f 1166 662 642
f 1672 1741 1722
f 1741 1672 1660
f 202 162 484
f 1361 654 1423
f 212 1027 209
f 1653 1709 1726
f 2166 415 2187
f 1703 1629 1722
f 1191 2427 1292
f 1821 736 519
f 192 290 55
f 1703 1193 1606
f 2137 2156 2214
f 2227 2137 2214
f 874 1820 1379
f 1730 1710 1602
f 584 611 1730
f 1606 1629 1703
f 414 254 381
f 2238 2203 2231
f 2238 1991 2121
f 511 414 1752
f 610 1602 1710
f 2241 1948 2219
f 932 615 384
f 7 772 11
f 1057 476 1963
f 1623 1587 696
f 1654 820 1652
f 1652 820 932
f 1623 1651 1589
f 1997 2237 474
f 1997 474 39
f 1450 874 1483
f 1564 820 1590
f 2005 1934 2020
f 157 754 1046
f 1569 1549 1623
f 1623 1549 1587
f 1031 459 773
f 786 2272 2143
f 1575 1558 1606
f 1606 1558 1356
f 1368 290 364
f 1582 1561 610
f 1590 1580 1441
f 1441 1564 1590
f 1589 780 1569
f 2081 1679 1959
f 2227 2273 2278
f 1577 780 1589
f 2287 2231 2285
f 1587 1101 913
f 690 1395 1230
f 1410 433 634
f 422 523 905
f 416 523 422
f 2471 1424 1490
f 905 427 422
f 1564 782 488
f 1564 1441 782
f 1279 1076 1070
f 905 514 427
f 890 898 887
f 1084 2327 1667
f 560 599 765
f 1596 864 854
f 1942 2019 2017
f 1983 1801 1496
f 132 893 1924
f 132 1924 884
f 1101 702 913
f 2345 2331 2342
f 1441 1331 782
f 1519 2471 1490
f 1496 1801 2105
f 1436 702 1101
f 1424 2471 679
f 2109 2357 1686
f 854 930 1596
f 145 448 1974
f 2127 1992 2104
f 1050 419 406
f 1279 1694 1076
f 1596 1076 1694
f 2247 2354 1047
f 1416 482 1180
f 527 783 707
f 1291 1180 482
f 1914 1662 1208
f 1914 996 1662
f 1208 1657 1093
f 1379 654 874
f 1962 2160 2078
f 2160 1962 2127
f 527 714 778
f 1920 2373 2386
f 960 805 1013
f 1013 805 1230
f 960 1013 857
f 2374 2315 2382
f 1136 2162 1132
f 1132 2162 2154
f 752 864 1690
f 1981 2357 2308
f 2357 2367 2308
f 832 1200 1218
f 1187 158 1093
f 636 1273 862
f 2107 2387 406
f 1273 1410 634
f 1519 2474 1489
f 835 1331 833
f 394 395 1194
f 2054 2099 1781
f 2048 512 502
f 1781 1504 518
f 178 2407 1111
f 2311 2374 1142
f 2100 2073 1936
f 778 783 527
f 1279 856 1335
f 2307 1043 2306
f 1775 1954 120
f 2398 2411 2309
f 850 840 556
f 840 850 759
f 2131 2205 2232
f 2232 2226 2131
f 1139 2311 2414
f 1990 1951 1300
f 2107 164 2418
f 1214 815 1200
f 815 1214 991
f 1335 1347 1279
f 1699 2308 2152
f 1690 864 1596
f 1694 1279 1347
f 210 1699 2152
f 835 833 621
f 1518 857 930
f 2437 2433 2449
f 2445 2433 2424
f 1013 1230 1168
f 1230 856 1168
f 380 180 234
f 1519 1490 2474
f 1146 1317 375
f 2471 653 679
f 1317 1055 375
f 1058 1055 1317
f 885 769 787
f 1899 1164 1341
f 585 594 374
f 1888 1917 1947
f 2437 2470 2434
f 2470 2437 2463
f 527 707 486
f 1183 191 1363
f 1183 1178 191
f 234 1183 1363
f 2323 1946 1393
f 555 446 793
f 1151 1382 346
f 1865 1913 1883
f 2467 2459 2481
f 769 741 733
f 672 760 714
f 1858 971 1888
f 1998 2129 2290
f 2471 1449 653
f 1992 1827 1871
f 1293 1878 963
f 1347 679 653
f 1279 1070 1168
f 517 561 548
f 478 424 499
f 424 497 499
f 1420 1711 1931
f 292 1711 1420
f 778 1518 783
f 1207 2229 284
f 2229 2440 284
f 2440 2363 2157
f 2259 1876 1121
f 930 854 1518
f 808 1518 778
f 399 383 381
f 654 1524 1489
f 637 1482 1489
f 284 2157 1613
f 1449 2471 1519
f 2474 1490 637
f 311 1087 1466
f 1087 2050 1466
f 1690 467 752
f 1347 1335 679
f 763 783 864
f 1766 1510 1638
f 1766 311 1522
f 447 1743 118
f 521 714 527
f 1889 1898 1408
f 85 195 34
f 808 857 1518
f 1479 1613 1563
f 1934 2135 2090
f 1507 1338 1445
f 1745 1955 304
f 56 45 670
f 1352 1745 267
f 1422 1745 1352
f 273 777 315
f 1650 1609 949
f 2336 2068 2070
f 1588 1661 1627
f 1661 1588 1676
f 1502 1500 1167
f 1 445 772
f 21 1097 929
f 56 988 21
f 1097 21 988
f 1506 1659 1622
f 988 56 789
f 332 265 693
f 789 792 1021
f 332 168 810
f 2271 2344 2337
f 1923 524 1934
f 2270 2271 2337
f 1516 1528 1515
f 945 70 370
f 83 75 318
f 167 276 247
f 247 276 83
f 1675 1594 1685
f 435 16 22
f 636 412 1410
f 1075 1229 821
f 177 123 137
f 276 803 83
f 144 83 803
f 185 137 168
f 1622 1659 1584
f 1129 1179 1372
f 1229 350 1339
f 1588 1675 1676
f 1588 1594 1675
f 17 23 1427
f 1372 1390 1129
f 32 1425 48
f 1313 48 1425
f 983 1359 1
f 1179 616 1372
f 2270 1829 2215
f 1545 592 1598
f 1468 550 552
f 598 1533 280
f 1681 1296 1295
f 198 1432 1625
f 1273 636 1410
f 1296 1681 1432
f 1625 197 198
f 1636 1548 1545
f 1636 1545 1598
f 591 598 280
f 1612 2490 1392
f 1157 583 542
f 1639 1305 1603
f 1675 1494 1676
f 1619 1621 1079
f 305 1460 1719
f 305 1719 303
f 1576 2490 1454
f 1678 1592 1541
f 552 1877 1828
f 225 1877 552
f 1706 1713 1640
f 1134 1109 837
f 1122 2362 1125
f 1877 1849 1828
f 1407 665 1592
f 1014 1125 2207
f 1664 1619 1072
f 1664 1072 1663
f 1014 2207 1015
f 1079 1072 1619
f 1586 1494 1675
f 2266 2469 2240
f 1612 1454 2490
f 1825 944 946
f 1675 1592 1586
f 2384 2395 2453
f 1700 1610 1691
f 1502 1659 1506
f 1742 1159 1319
f 1639 732 740
f 1319 1159 571
f 1777 1700 1691
f 1318 1639 1603
f 1705 1015 36
f 571 1159 1761
f 2401 2384 2441
f 571 1761 1698
f 897 256 253
f 2343 2375 950
f 2343 2344 2375
f 1592 1497 1586
f 1746 1819 568
f 2271 2379 2389
f 2344 2389 2397
f 1746 1843 1819
f 950 2375 1369
f 240 1823 1006
f 1506 1676 1494
f 1773 530 233
f 826 824 1306
f 1306 1214 826
f 1494 1502 1506
f 1542 826 836
f 1542 836 832
f 1214 836 826
f 832 836 1200
f 1912 1961 839
f 839 1961 1902
f 2069 264 124
f 838 845 124
f 852 1308 838
f 264 838 124
f 838 1308 845
f 899 621 833
f 1541 631 1678
f 1600 1541 1685
f 496 813 739
f 815 813 676
f 788 739 621
f 38 49 47
f 813 680 739
f 867 868 1721
f 532 1702 869
f 869 1702 1807
f 532 1771 1702
f 1731 532 869
f 2224 567 1802
f 1814 1753 1738
f 1738 2224 1814
f 630 382 320
f 1813 1785 1753
f 567 2224 872
f 1813 1753 1814
f 872 630 320
f 1738 1680 2224
f 1802 1814 2224
f 1680 630 872
f 872 2224 1680
f 65 876 335
f 876 1666 335
f 335 1979 297
f 1666 875 2083
f 875 1907 2039
f 1666 876 875
f 1502 1494 1500
f 2136 881 900
f 900 880 2136
f 1622 1661 1506
f 463 345 900
f 1486 546 750
f 463 476 684
f 2334 2148 2291
f 2292 902 2331
f 111 904 1054
f 359 328 245
f 907 1057 1995
f 2291 2292 2334
f 1054 902 2268
f 904 111 1057
f 902 1054 904
f 2305 2330 2335
f 909 2304 2022
f 911 884 912
f 1253 1434 1517
f 884 911 909
f 2304 2330 2305
f 2304 2305 2022
f 909 2022 884
f 1317 914 394
f 395 914 915
f 394 2236 1317
f 394 919 2236
f 1123 919 394
f 914 1645 915
f 1685 1592 1675
f 916 915 2204
f 1739 2157 923
f 2391 1126 1107
f 2023 923 2246
f 2391 924 272
f 257 1107 1126
f 923 2363 2246
f 665 1497 1592
f 924 2194 272
f 602 927 155
f 4 843 933
f 602 934 1511
f 1511 927 602
f 77 4 933
f 933 602 77
f 650 1175 943
f 927 1511 1175
f 1800 1175 1511
f 943 1175 1800
f 934 602 933
f 1592 1678 1407
f 943 2181 1748
f 1508 632 655
f 410 948 950
f 410 944 948
f 956 955 959
f 481 1804 961
f 1486 750 1485
f 105 954 147
f 135 1804 481
f 1454 1397 1576
f 1420 2466 2000
f 1178 967 2000
f 1878 2346 963
f 963 1121 964
f 967 361 339
f 1557 1185 1253
f 799 1588 798
f 1588 799 1512
f 339 361 964
f 967 1130 2000
f 413 164 2107
f 1133 972 970
f 2420 163 974
f 1078 1077 974
f 42 38 47
f 1133 970 974
f 413 163 164
f 163 1078 974
f 1661 1622 1627
f 163 413 1078
f 2431 2412 976
f 43 282 119
f 980 407 1762
f 979 2404 407
f 981 2431 976
f 407 980 979
f 981 976 2164
f 979 106 2164
f 86 235 761
f 215 677 462
f 1576 1357 2490
f 1570 1454 1612
f 757 1454 1570
f 1526 1554 1541
f 215 762 677
f 762 215 761
f 1421 692 1402
f 1421 1400 692
f 1603 1402 692
f 761 215 86
f 38 42 58
f 1734 1371 984
f 984 1371 22
f 2068 985 80
f 442 432 989
f 432 2333 989
f 38 282 43
f 80 2333 2068
f 1001 995 1458
f 203 937 1462
f 937 1458 995
f 1584 828 546
f 1508 1627 1486
f 1001 1458 1953
f 1003 233 1008
f 1006 1007 1636
f 240 1006 281
f 281 1006 1598
f 1636 1598 1006
f 240 281 1004
f 1006 1823 1007
f 1486 453 632
f 1576 723 1357
f 1357 1392 2490
f 858 366 796
f 366 1342 1336
f 1011 858 853
f 1021 366 1336
f 1336 1360 1021
f 1021 1360 988
f 858 796 853
f 1930 1032 61
f 2018 1909 1911
f 2028 2027 98
f 1951 1947 2027
f 1032 1857 61
f 1965 1911 1032
f 98 2027 1947
f 1554 1517 757
f 1896 1909 2018
f 2018 98 1896
f 1857 1032 975
f 740 1305 1639
f 2018 2028 98
f 2141 2132 2189
f 2189 2123 2141
f 2123 2209 2161
f 2209 2123 2189
f 490 2209 2175
f 1033 2175 2223
f 2132 2141 2092
f 490 2161 2209
f 2223 2175 2209
f 1977 2376 439
f 2122 1043 2369
f 1697 2369 2307
f 1040 1044 1975
f 2122 2369 1975
f 439 145 1977
f 2376 1044 1040
f 1040 441 2376
f 2396 1975 1044
f 2122 1975 2396
f 1592 1685 1541
f 2369 1043 2307
f 2376 441 439
f 1526 1541 1600
f 1185 1600 1594
f 47 40 42
f 460 1217 1050
f 798 1588 1627
f 1632 1056 1887
f 1058 2359 1055
f 221 375 1056
f 1055 1887 1056
f 1622 1486 1627
f 1056 1051 221
f 1059 2283 1840
f 1062 2406 1059
f 2435 1063 1060
f 1062 1059 2240
f 1500 1497 1311
f 1059 2406 2283
f 1497 1500 1494
f 2283 2405 1840
f 1059 2266 2240
f 1063 2435 2240
f 2240 2435 1062
f 546 1486 1584
f 2232 1068 1065
f 464 1066 1065
f 2218 2261 1067
f 1068 2232 2254
f 1065 1066 2232
f 328 359 1485
f 1079 1828 1849
f 530 1074 1941
f 1072 1863 1074
f 1074 1773 1774
f 530 1773 1074
f 1353 1576 1397
f 1750 1074 1774
f 1863 1072 1849
f 723 1353 1224
f 1079 1849 1072
f 1074 1750 1072
f 1612 1392 625
f 1256 1437 1081
f 1083 1309 1256
f 1469 1344 1083
f 1080 1437 1256
f 1566 1083 1081
f 1081 1083 1256
f 1083 1566 1469
f 743 771 939
f 785 811 1090
f 1285 1090 811
f 1285 1344 1343
f 1173 811 688
f 811 1173 1285
f 757 1570 1554
f 1173 743 939
f 1090 1285 1089
f 1090 1089 1011
f 743 1173 688
f 1089 1086 1011
f 1343 1085 1089
f 1086 1089 1085
f 1770 1637 1092
f 744 1091 1092
f 738 1616 744
f 1305 1402 1603
f 744 1092 581
f 581 738 744
f 1348 1091 744
f 1770 1696 1095
f 1400 1407 692
f 1092 1091 1770
f 1757 1637 1770
f 1318 732 1639
f 906 879 1568
f 1101 1568 1436
f 660 906 1099
f 1549 1568 1101
f 514 1099 906
f 641 1678 631
f 1436 1568 879
f 818 1512 827
f 1677 1103 162
f 1103 1105 162
f 162 472 484
f 2143 2281 1106
f 1103 2198 2251
f 2251 2198 1102
f 1102 1106 2281
f 1103 2251 1105
f 162 1105 472
f 1588 1512 1594
f 962 1277 910
f 1391 865 910
f 283 119 282
f 1659 828 1584
f 1485 750 328
f 1397 1351 1353
f 624 962 910
f 1517 747 757
f 669 624 910
f 740 837 1305
f 837 740 751
f 1110 2315 2022
f 1117 1174 1111
f 2315 1112 2382
f 2382 1112 2390
f 1118 2390 1112
f 1111 2407 1118
f 2390 1118 2312
f 1118 2407 2312
f 1115 1111 1118
f 2353 1115 1118
f 131 122 47
f 1112 2315 1110
f 47 134 131
f 2297 1625 2165
f 1557 1526 1185
f 2077 1119 2489
f 1122 2484 1119
f 1125 2484 1122
f 1625 1432 2165
f 49 37 47
f 2165 2153 1119
f 1119 2077 2165
f 2054 1839 1132
f 952 1787 2071
f 1145 1136 2009
f 1145 1787 1136
f 1136 1132 2009
f 1787 952 506
f 506 1136 1787
f 1132 2099 2054
f 1144 2230 1143
f 2217 2014 2280
f 1144 2217 2242
f 1144 2242 2230
f 1145 538 1472
f 1966 2013 2071
f 1145 2009 538
f 1145 1966 1787
f 1787 1966 2071
f 538 2009 1864
f 1864 922 1866
f 1145 1472 1966
f 255 1147 1684
f 1539 1607 1640
f 1156 1607 1578
f 1607 1706 1640
f 1156 1744 1735
f 1735 1607 1156
f 551 1508 655
f 1539 1640 1591
f 1156 1157 1149
f 1735 1706 1607
f 1156 1149 1744
f 1147 1149 1157
f 282 38 58
f 126 79 1314
f 1349 1314 79
f 626 1375 1349
f 126 800 664
f 1586 1497 1494
f 1039 1502 1167
f 800 804 695
f 1659 1502 828
f 945 1349 79
f 1349 945 626
f 774 716 819
f 423 368 440
f 245 119 359
f 1169 475 659
f 440 475 1169
f 1169 659 716
f 758 716 659
f 716 710 1169
f 716 758 819
f 716 774 710
f 450 328 750
f 612 440 1169
f 659 475 628
f 522 628 461
f 764 659 628
f 2500 404 2502
f 2501 261 569
f 2500 261 2501
f 855 849 834
f 522 706 764
f 764 628 522
f 764 706 834
f 1703 1791 1193
f 1703 1722 1791
f 434 2501 443
f 1938 206 1894
f 1303 1195 1873
f 1303 1873 1913
f 1973 1938 1195
f 206 1999 1894
f 1195 1939 1873
f 1973 206 1938
f 116 41 141
f 1195 1938 1939
f 141 142 2502
f 507 213 237
f 2111 1904 2134
f 237 213 208
f 237 249 507
f 444 507 2111
f 444 213 507
f 2101 237 208
f 2101 1196 237
f 2494 1202 2007
f 2300 2476 1204
f 2501 404 2500
f 2007 1204 2494
f 296 141 41
f 1341 2465 1212
f 404 121 116
f 2465 2419 1212
f 1220 1221 2260
f 2231 1220 2260
f 1365 27 1354
f 14 17 1354
f 141 2502 116
f 286 424 176
f 1354 27 14
f 429 565 497
f 172 360 179
f 2462 2479 1236
f 1242 1238 1241
f 1242 1236 1238
f 172 2356 1242
f 1242 2462 1236
f 1238 1236 2058
f 2058 1236 1239
f 172 1242 1241
f 1244 2392 2439
f 1251 2462 1243
f 2385 1252 1251
f 2385 1244 1252
f 1362 1257 1254
f 404 2501 434
f 2500 2502 142
f 1260 1259 1255
f 1257 2328 1254
f 2256 1258 1259
f 1260 1255 1257
f 1551 1269 1261
f 1262 1798 1267
f 1798 1261 1269
f 1796 2385 1267
f 2385 1262 1267
f 1267 1268 1796
f 1272 1856 1962
f 1274 1846 1272
f 1274 1272 2078
f 612 672 565
f 128 2057 1793
f 443 2501 569
f 1280 2044 1793
f 2160 2222 1278
f 1793 2168 1280
f 2222 2168 1278
f 2502 404 116
f 2106 1278 2168
f 1671 1986 2298
f 2298 1986 1792
f 2299 1682 2286
f 1792 1986 1682
f 1084 1281 2327
f 296 41 143
f 1922 1281 1084
f 2299 2327 1282
f 1282 1682 2299
f 296 149 141
f 1969 2253 1903
f 2485 1284 1140
f 2253 1969 1205
f 1286 1293 1172
f 2499 2482 1903
f 1286 1140 1284
f 1293 1286 1284
f 2499 1284 2485
f 497 286 429
f 2485 2482 2499
f 167 1296 803
f 612 565 429
f 1162 1298 1297
f 167 784 1295
f 1162 1297 784
f 1572 1298 1162
f 1296 167 1295
f 1297 1295 784
f 1776 2324 2314
f 434 401 404
f 142 261 2500
f 993 2324 2336
f 2314 2324 993
f 993 2336 2070
f 1301 1321 1228
f 1299 1326 1227
f 830 1299 1227
f 1321 300 1228
f 1325 1299 1154
f 298 176 424
f 176 296 143
f 1618 1320 1319
f 318 1113 1387
f 1320 1618 1321
f 286 497 424
f 1611 1325 1501
f 1325 1611 1326
f 860 1377 1378
f 1320 1326 1319
f 951 691 1120
f 1120 691 842
f 26 85 34
f 9 95 72
f 99 9 72
f 99 1337 9
f 12 1330 90
f 1330 12 1337
f 103 1337 99
f 1428 540 790
f 1405 589 1404
f 541 449 1405
f 102 1404 1428
f 1419 195 325
f 1419 1380 351
f 351 195 1419
f 250 570 689
f 859 1377 860
f 219 614 325
f 1380 1419 737
f 614 1419 325
f 614 344 737
f 1404 589 1428
f 742 540 501
f 1120 860 1312
f 236 1120 1312
f 766 622 938
f 859 863 1401
f 685 829 622
f 529 675 633
f 951 1120 236
f 1377 859 1401
f 687 533 731
f 250 689 951
f 1120 806 860
f 1312 860 1378
f 685 633 831

