# https://github.com/mikedh/trimesh
v -0.34882600 -0.00651740 -0.01452370
v -0.35008450 -0.00644520 -0.01328250
v -0.34775815 -0.00758105 -0.01386955
v 0.35152867 0.00646875 0.01504312
v -0.34230280 -0.00805798 -0.01334202
v -0.33405986 -0.00862617 -0.01233286
v -0.34827421 -0.00840935 -0.01240795
v -0.34936249 -0.00842640 -0.01127245
v -0.34807050 -0.00881280 -0.01138850
v 0.35160930 0.00849430 0.00944450
v -0.35042019 -0.00766410 -0.01028490
v -0.34978545 -0.00855160 -0.00762182
v -0.34720640 -0.00906050 -0.00973590
v 0.34991069 0.00532230 0.01684350
v 0.35046930 0.00796960 0.01446960
v 0.34917305 0.00753620 0.01530745
v 0.34809721 0.00897550 0.01350590
v 0.35118179 0.00846877 0.01185270
v 0.34845171 0.00944470 0.01234730
v 0.34454525 0.00978175 0.01123166
v 0.35055726 0.00924815 0.01114780
v 0.35122375 0.00915810 0.00691675
v 0.34840310 0.00987990 0.00940420
v 0.35001156 0.00966750 0.00885238
v 0.35048630 0.00200330 0.01775280
v -0.34806457 -0.00411182 -0.01670945
v -0.34578445 -0.00537850 -0.01616665
v 0.34841995 0.00396385 0.01748930
v 0.35200181 0.00546570 0.01390460
v 0.35147612 0.00487705 0.01628933
v -0.33702018 -0.00904678 -0.01033486
v 0.35192304 0.00338029 0.01587340
v 0.35211375 0.00494906 0.00835328
v 0.35196285 0.00722077 0.00716439
v -0.34930472 -0.00374406 -0.01592894
v -0.34859979 -0.00946550 -0.00151290
v 0.33876572 0.00964877 0.01214447
v 0.33912518 0.00825233 0.01466666
v 0.35067263 0.00592692 0.01626662
v -0.34694419 -0.00978805 0.00615275
v 0.34919529 0.00961236 -0.00226200
v 0.35064008 0.00937912 -0.00247313
v 0.35280020 0.00725645 -0.00100605
v -0.33890207 -0.00671493 -0.01520834
v 0.35203745 0.00097082 0.01047266
v 0.34850917 0.00191280 0.01801810
v -0.35042579 -0.00841666 0.00100534
v -0.34826810 -0.00963270 0.00704290
v -0.34656880 -0.00271340 -0.01750615
v 0.33574412 0.00994292 0.00906796
v 0.33350101 0.00988780 0.01083641
v -0.35010848 -0.00192116 -0.01574095
v 0.33249624 0.00916932 0.01336127
v -0.35162840 -0.00710415 -0.00380190
v -0.01532119 -0.00951907 0.00690786
v 0.35171559 0.00884210 -0.00157840
v -0.03318624 -0.00888355 -0.00843976
v -0.07504796 0.01035916 -0.00730788
v -0.35177498 -0.00629510 -0.00724346
v -0.02173987 -0.00880554 -0.00953410
v 0.34883034 -0.00046342 0.01804661
v -0.32552311 -0.00796082 -0.01393406
v -0.32715895 -0.00920457 -0.00959825
v -0.32617238 -0.00900319 -0.01117460
v 0.35172336 -0.00050610 0.01719080
v -0.34857619 -0.00068740 -0.01766240
v 0.35325284 0.00502324 -0.00020961
v 0.35193851 -0.00252690 0.01674250
v 0.35249269 0.00777990 -0.00392565
v -0.07224175 0.01009005 0.00132336
v 0.33607121 0.00332555 0.01768591
v -0.32866077 0.00765730 0.00964169
v 0.32786033 0.00627068 0.01628931
v 0.32860675 0.00774856 0.01514348
v 0.35002158 0.00940045 -0.00579065
v -0.01324125 -0.00848452 -0.01109818
v 0.34981520 -0.00258920 0.01767490
v -0.06151635 0.01035911 -0.00734516
v -0.00997134 -0.00784851 -0.01244952
v 0.35307810 0.00297700 0.00323260
v -0.05512704 -0.00283498 0.01610086
v -0.06400657 -0.00397598 0.01561771
v -0.04466879 -0.00035124 -0.01654285
v -0.32583439 -0.00947267 -0.00464850
v -0.33063667 -0.00578980 -0.01616605
v 0.35272377 0.00710808 -0.00436217
v 0.32456474 0.00462308 0.01713196
v 0.34174852 0.00957325 -0.00573160
v -0.33913269 -0.00986743 0.00759985
v 0.35113890 0.00881960 -0.00711440
v 0.32664330 0.00998482 0.00864187
v -0.35029244 -0.00843801 0.00789810
v -0.33927853 -0.00286791 -0.01750556
v -0.34904840 -0.00882870 0.01043520
v -0.05192116 0.00698336 -0.01479607
v -0.00888114 -0.00885508 -0.00850520
v -0.05035831 -0.00597033 0.01459433
v -0.35247195 -0.00569225 -0.00372005
v -0.34589529 0.00095049 -0.01802674
v 0.33877518 -0.00056197 0.01807213
v -0.07297694 0.00481099 0.01528014
v -0.03121343 0.00050814 -0.01676692
v -0.01417872 -0.00696883 -0.01347880
v -0.03059831 -0.00147619 -0.01649274
v -0.09401172 0.00490987 0.01510673
v 0.33519316 0.00074639 0.01810859
v -0.08698391 0.00674956 0.01404780
v -0.02357400 -0.00288228 -0.01606501
v 0.35184708 0.00608868 -0.01079758
v -0.33231544 -0.00992500 0.00515255
v -0.32691767 -0.00384956 -0.01736510
v 0.34777269 0.00927213 -0.00852361
v 0.33293967 0.00958622 -0.00660643
v 0.35017073 0.00870574 -0.00941408
v 0.32276223 0.00877718 0.01398704
v 0.32201231 0.00983925 0.01125060
v -0.32183540 -0.00691176 -0.01538256
v 0.35138774 0.00707279 -0.01135111
v 0.33944609 0.00937695 -0.00847706
v -0.34618783 -0.00956925 0.00902139
v 0.35083439 -0.00396850 0.01710810
v 0.34839840 0.00749110 -0.01213535
v -0.34802146 -0.00903685 0.01053395
v -0.31083486 -0.00888209 -0.01270098
v -0.01662495 -0.00377817 -0.01570092
v 0.35220809 -0.00740370 0.01018500
v 0.34073830 -0.00240177 0.01774660
v 0.35272963 -0.00090571 0.00488534
v -0.02276091 -0.00559175 -0.01468726
v -0.08674050 0.00808161 0.01289581
v -0.35060239 -0.00764628 0.01024472
v -0.05965759 0.00900863 -0.01287511
v 0.35077519 0.00704045 -0.01223605
v -0.35005281 0.00113645 -0.01648705
v -0.07764007 0.00214368 0.01616073
v -0.34744027 0.00234345 -0.01790181
v -0.06397092 0.00020111 0.01640512
v 0.32770255 0.00210500 0.01799580
v -0.08030174 0.00879826 0.01204925
v -0.08666370 0.00981297 0.00802382
v -0.31583612 -0.00921703 -0.01030464
v 0.35233066 0.00023527 -0.00980360
v -0.04742864 -0.00821769 0.01247847
v 0.34836829 0.00862297 -0.01047285
v 0.33545420 0.00902928 -0.00978274
v -0.03687460 -0.00702400 0.01384170
v 0.31193705 0.00670240 0.01583480
v 0.31406496 0.00934912 0.01290500
v -0.31877165 -0.00519548 -0.01676533
v -0.07511880 0.01034594 -0.00895197
v 0.35203710 -0.00650730 0.01442950
v 0.34307005 -0.00400198 0.01719448
v -0.09043704 0.00943642 0.01064094
v -0.08066111 0.00960550 0.00999601
v -0.34861181 -0.00790750 0.01238190
v 0.34988067 0.00592495 -0.01340650
v 0.35114286 0.00403065 -0.01405725
v -0.06937516 0.00752269 -0.01448610
v -0.05595301 -0.00126767 0.01635327
v -0.33283350 -0.00111407 -0.01808437
v -0.34928210 0.00403650 -0.01663610
v -0.34870131 0.00268110 -0.01740725
v 0.31456106 0.00993667 0.00944007
v 0.30543201 0.00983270 0.00742830
v -0.07204968 0.00981201 0.00840468
v 0.33104417 -0.00315385 0.01758886
v 0.35226052 -0.00507626 0.00623813
v -0.08761780 0.00347338 0.01571267
v 0.34963260 -0.00680220 0.01553850
v 0.35101836 -0.00740586 0.01458379
v -0.03579186 0.00226479 -0.01664949
v -0.32363510 -0.00999220 0.00205880
v -0.32862351 -0.00984639 0.00671159
v 0.33113008 0.00832344 -0.01115398
v 0.34031239 0.00663069 -0.01291582
v 0.33395541 0.00758182 -0.01206705
v -0.31290317 -0.00960038 -0.00458508
v -0.33274095 -0.00975380 0.00874495
v -0.33193309 -0.00920000 0.01023700
v -0.30950873 -0.00610620 -0.01639015
v -0.30811229 -0.00797271 -0.01454241
v 0.35302930 0.00168885 -0.00508275
v 0.35182405 0.00246520 -0.01360735
v 0.32177491 0.00017890 0.01812418
v 0.31239152 0.00799676 0.01469715
v 0.31128583 0.00982746 0.01060714
v -0.34664500 0.00447495 -0.01742370
v -0.01998080 -0.00950779 0.00799975
v -0.05679373 0.01028802 -0.00944500
v -0.07397842 0.00937352 0.01092784
v -0.05310318 0.01005891 -0.01072420
v -0.06668649 0.00994626 -0.01118341
v 0.33622096 -0.00527251 0.01660246
v 0.00611976 -0.00842989 -0.01145442
v 0.32457716 -0.00171960 0.01797839
v -0.35073624 -0.00634655 0.01177540
v -0.34930911 -0.00665995 0.01316225
v -0.33311343 0.00196008 -0.01806688
v 0.35171490 -0.00833085 0.01177364
v 0.31199763 0.00080248 0.01805159
v -0.06503237 -0.00393493 -0.01581721
v 0.30911415 0.00511782 0.01669021
v -0.30736539 -0.00955530 -0.00918350
v 0.32497079 0.00973320 -0.00717300
v -0.06322966 0.00761841 0.01353026
v 0.31209469 0.00958294 -0.00774905
v 0.30608940 0.00800903 0.01406108
v 0.30394871 0.00943955 0.01071572
v -0.34670866 0.00648470 -0.01630835
v -0.34986620 0.00751913 -0.01308652
v -0.05237747 0.00950044 -0.01205030
v 0.31608491 -0.00101985 0.01806235
v -0.32562156 -0.00038602 -0.01818259
v 0.34976246 -0.00843706 0.01335270
v 0.33999150 -0.00775636 0.01444227
v 0.35167596 -0.00817616 0.00884475
v 0.33381979 -0.00617539 0.01602546
v -0.34803979 -0.00599578 0.01393370
v -0.34033990 0.00494048 -0.01721341
v -0.35119965 -0.00381099 0.01221782
v 0.35005240 0.00254917 -0.01479595
v -0.08231242 0.00074660 0.01628640
v 0.35176280 -0.00150420 -0.01443650
v 0.34491019 0.00328396 -0.01464133
v 0.31038353 0.00283431 0.01768272
v 0.33307474 0.00567188 -0.01358118
v 0.35165639 -0.00723420 0.00537124
v -0.32434533 -0.00918808 0.00929488
v -0.05905418 0.00185452 0.01626654
v -0.07176093 -0.00138904 0.01630528
v -0.30537570 -0.00926018 -0.01162817
v -0.04710350 -0.00316713 -0.01597200
v -0.05703027 -0.00682959 0.01387835
v 0.32263618 0.00990175 -0.00393177
v -0.07332926 0.00845411 -0.01365525
v -0.05280008 0.00549165 -0.01569469
v -0.34909694 0.00718015 -0.01456895
v -0.33349233 0.00380317 -0.01764580
v 0.35116019 0.00032570 -0.01487950
v 0.34926834 0.00106850 -0.01512920
v -0.33603685 -0.00811980 0.01187245
v -0.33467841 -0.00650085 0.01332635
v 0.35215311 -0.00751519 -0.00940961
v 0.35206227 -0.00472699 -0.01246025
v -0.31096799 -0.00252337 -0.01807831
v -0.35038011 -0.00336600 0.01347560
v -0.34827430 -0.00398680 0.01453980
v -0.03409286 -0.00396024 -0.01565225
v -0.31725438 -0.01001147 0.00161479
v -0.03827470 -0.00418182 0.01576079
v -0.03040988 -0.00940580 0.00401668
v -0.30313032 -0.00666072 -0.01603301
v -0.29454846 -0.00813792 -0.01422934
v -0.30972443 -0.01016765 0.00521190
v 0.35062976 -0.00923950 0.01030395
v 0.34087205 -0.00876535 0.01277346
v -0.29983017 -0.00949756 -0.00982069
v 0.31532173 0.00933405 -0.00915052
v 0.29506371 0.00980700 0.01115640
v -0.03841849 -0.00617999 0.01453547
v 0.31428459 0.00886928 -0.01039727
v 0.29627092 0.00986940 0.00852055
v 0.32205956 0.00640275 -0.01310574
v 0.31943564 -0.00510401 0.01683532
v -0.29677050 -0.00892947 -0.01278407
v 0.31675169 -0.00310992 0.01770318
v -0.29344625 -0.00922164 -0.01162091
v -0.09926013 0.00963726 0.00956601
v 0.35036983 -0.00146088 -0.01500170
v -0.35221934 0.00445630 0.00175224
v 0.34071457 0.00058954 -0.01495598
v -0.08210036 0.01007181 -0.01101445
v -0.34657593 -0.00373740 0.01475578
v -0.33819275 -0.00401175 0.01461510
v -0.34821987 0.00850995 -0.01393095
v -0.34213984 0.00745414 -0.01559348
v 0.32118361 0.00777781 -0.01185144
v 0.35013952 -0.00867277 0.00437955
v -0.03882605 -0.00876483 0.01162080
v -0.31197164 -0.01006958 0.00724153
v -0.31941929 -0.00978915 0.00757027
v 0.35003335 -0.00903348 0.01194037
v -0.02706588 -0.00921828 0.00811194
v 0.34496410 -0.00967620 0.00913810
v 0.29394519 0.00923003 0.01308448
v -0.34657030 0.00958212 -0.01234956
v 0.30029604 0.00968285 -0.00664841
v 0.34782794 -0.00968471 0.00551188
v -0.28430874 -0.00696772 -0.01532228
v 0.29426761 0.00843110 0.01430901
v 0.35242989 -0.00635742 -0.00468103
v -0.35030096 0.00846940 -0.00821255
v -0.35080061 0.00783800 -0.00490090
v -0.34847460 0.00950870 -0.01133410
v -0.34689195 0.00846104 -0.01449100
v -0.35157797 0.00583277 0.00022335
v 0.29541242 0.00515848 0.01686628
v -0.32712805 -0.00706470 0.01251160
v -0.31713421 0.00156305 -0.01795449
v 0.35063441 -0.00434976 -0.01413523
v 0.34469011 -0.00125190 -0.01507120
v -0.32411289 -0.00815944 0.01134066
v 0.32653799 -0.00813399 0.01399694
v -0.32478399 0.00321607 -0.01771394
v -0.00017737 -0.00892305 -0.00917979
v -0.32835727 -0.00542850 0.01356051
v -0.34916317 -0.00150360 0.01444700
v 0.30862231 0.00828203 -0.01137318
v -0.32799313 0.00587200 -0.01663129
v -0.30631912 -0.00172519 -0.01825683
v 0.29604945 0.00635335 0.01614515
v -0.30583570 -0.00414915 -0.01764690
v -0.28496046 -0.00943415 -0.00929590
v -0.30296979 -0.01025770 0.00526400
v 0.34181869 -0.00937515 0.01028287
v 0.29160671 0.00963707 0.01213869
v -0.02792917 -0.00827969 -0.01173701
v -0.34587197 0.01004487 -0.01017390
v 0.28453832 0.00985905 0.00979761
v 0.28388798 0.00978189 0.01108299
v -0.34881060 0.00976960 -0.00654090
v -0.29555233 -0.00536160 -0.01683857
v -0.33625641 0.00914534 -0.01347573
v 0.33154371 0.00413917 -0.01423626
v 0.32444410 0.00433610 -0.01438810
v -0.31278756 -0.00952901 0.00955964
v -0.33361328 0.00837820 -0.01451231
v -0.34982095 0.00878937 -0.00249713
v -0.34093406 -0.00148606 0.01509892
v 0.32073829 -0.00687529 0.01551751
v 0.32756374 -0.00862866 0.01304817
v 0.30045722 0.00308293 0.01750559
v 0.35132415 -0.00827847 -0.00353202
v 0.30959136 0.00719090 -0.01251457
v 0.35192890 -0.00856130 -0.00699780
v 0.29406681 0.00299280 0.01775040
v 0.35158174 -0.00551970 -0.01308360
v 0.34930363 -0.00296988 -0.01478855
v -0.34987340 0.00201320 0.01383680
v 0.28764668 0.00626830 0.01625284
v 0.28347311 0.00937058 0.01283740
v -0.34844437 0.00087465 0.01467052
v 0.33252676 -0.00919375 0.01148160
v -0.34666600 -0.00039250 0.01509970
v 0.30324330 0.00946233 -0.00874151
v -0.00158365 -0.00586028 -0.01443223
v -0.30205092 -0.00259403 -0.01811236
v -0.29303670 -0.01016150 0.00515150
v 0.28366194 0.00396751 0.01743504
v 0.31079054 -0.00416040 0.01740405
v -0.34740267 0.00990499 -0.00552821
v -0.34898248 0.00947525 -0.00096315
v 0.31253388 0.00565324 -0.01364831
v -0.34121566 0.00990664 -0.01152257
v -0.28216889 -0.00871460 -0.01282762
v 0.32594852 0.00235997 -0.01492388
v 0.29465530 -0.00021463 0.01814632
v 0.29890847 -0.00178909 0.01804993
v -0.30306907 -0.01019964 0.00742067
v -0.30288882 -0.00981798 0.00918670
v 0.28698759 0.00108919 0.01812227
v 0.35149696 -0.00908182 -0.00835867
v 0.35168343 -0.00797108 -0.01093925
v -0.30846059 -0.00940740 0.01016500
v 0.34062467 -0.00508022 -0.01376981
v -0.35007684 0.00825895 0.00315770
v -0.32783206 0.00718637 -0.01568512
v -0.34994509 0.00589060 0.01219390
v 0.00291422 -0.00706437 -0.01340233
v 0.35023227 -0.00918849 -0.00338674
v 0.33242159 -0.00937533 0.00967048
v 0.33591375 -0.00944931 0.00634940
v 0.35014155 -0.00742566 -0.01215215
v -0.34603081 0.00214044 0.01484314
v 0.34326923 -0.01021069 0.00298357
v 0.33848829 -0.00975586 0.00330142
v -0.02832888 -0.00657221 -0.01393090
v 0.28256783 0.00750012 0.01533335
v 0.27463915 0.00796190 0.01494605
v 0.30814352 -0.00540430 0.01673518
v -0.29188483 -0.00397640 -0.01740523
v 0.31305566 0.00367372 -0.01463165
v -0.31936252 0.00489278 -0.01701431
v -0.27906830 -0.00804484 -0.01380975
v -0.28267705 -0.00919706 -0.01114850
v 0.29700158 -0.00451078 0.01723223
v 0.31138649 -0.00770482 0.01468037
v -0.34982238 0.00825705 0.00844500
v -0.32851553 0.00961775 -0.01198507
v -0.33961370 0.00999235 -0.00913467
v 0.33267088 -0.00003939 -0.01481800
v 0.32354813 0.00085731 -0.01511510
v -0.34861388 0.00930787 0.00405410
v -0.30877790 -0.00655116 0.01310039
v -0.31294699 -0.00809779 0.01179724
v -0.35093515 0.00645090 0.00853255
v -0.35093987 0.00529228 0.01042384
v -0.05311345 0.00389866 0.01577137
v -0.34899237 0.00488297 0.01351245
v 0.34961970 -0.00966385 -0.00687005
v -0.34205015 0.00048530 0.01505305
v 0.29791720 0.00875336 -0.01067954
v 0.34523122 -0.01021634 -0.00569772
v 0.35051062 -0.00938640 -0.00914633
v 0.29052923 0.00957182 -0.00847724
v 0.34869158 -0.00800489 -0.01160816
v -0.30895424 0.00287488 -0.01761447
v 0.34577715 -0.00642792 -0.01300739
v -0.04340570 0.00786947 -0.01400245
v 0.27902484 0.00979660 0.00545030
v 0.27395246 0.00649958 0.01616809
v 0.27411151 0.00904998 0.01340030
v 0.28665562 0.00974080 -0.00636205
v 0.26659818 0.00944757 0.01207521
v -0.32336378 -0.00630864 0.01322698
v 0.30175145 -0.00611946 0.01623856
v -0.31564016 0.00617060 -0.01625224
v -0.30065675 0.00109076 -0.01801565
v 0.27719262 0.00187511 0.01803678
v -0.04694410 -0.00922986 0.01032775
v -0.03250685 -0.00872180 0.01069545
v -0.02505661 0.00154852 -0.01666314
v -0.03772461 -0.00940738 0.00916880
v 0.31367695 0.00162044 -0.01510689
v -0.28209243 -0.00537666 -0.01645849
v 0.27068229 0.00518185 0.01698369
v -0.27508988 -0.00691434 -0.01512562
v 0.30518017 0.00474393 -0.01417248
v -0.06341530 -0.00548498 0.01481144
v -0.03249707 0.00356932 -0.01632900
v -0.28093295 -0.00976350 -0.00082037
v -0.34881651 0.00709867 0.01207950
v -0.34667900 0.00632325 0.01306080
v -0.34687369 0.00476110 0.01404330
v -0.34729273 0.00921673 0.00767495
v -0.32854416 0.00975841 -0.01006131
v -0.33269913 0.00980955 -0.00882635
v -0.06442623 0.00630235 -0.01532278
v 0.34810863 -0.00899657 -0.01016582
v 0.26860530 0.00969844 0.01078074
v 0.26862032 0.00982032 0.00851303
v 0.31187034 -0.00903907 0.01227533
v 0.31828401 -0.00935631 0.01071078
v 0.34340000 -0.00979475 -0.00817380
v 0.33565569 -0.00959935 -0.00622515
v -0.08011214 0.00914535 -0.01285491
v 0.33149562 -0.00943246 0.00104143
v -0.34923570 0.00819355 0.01034110
v 0.30602686 -0.00859974 0.01333514
v -0.31674221 -0.00519212 0.01388809
v -0.34068298 0.00328965 0.01445190
v -0.33665059 0.00062162 0.01473943
v -0.29447954 -0.00069811 -0.01814014
v -0.30564957 0.00493332 -0.01682548
v 0.32527025 -0.00120184 -0.01502705
v -0.29001658 -0.01013494 0.00733466
v -0.33973868 0.00926078 0.00588722
v 0.33277693 -0.00339535 -0.01425720
v 0.29317219 -0.00322061 0.01774830
v -0.28983865 -0.00992459 0.00888182
v -0.29226856 -0.00924223 0.01051937
v 0.28268206 -0.00146072 0.01818983
v -0.32227724 0.00911241 -0.01333517
v 0.29006777 0.00588467 -0.01346467
v 0.33581254 -0.00875815 -0.01041556
v 0.33537793 -0.00750030 -0.01204797
v 0.28904672 0.00925106 -0.00971700
v 0.31469381 -0.00945184 0.00880551
v -0.05352717 0.00386832 -0.01632088
v 0.34169905 -0.01025600 -0.00471795
v 0.33480089 -0.00926636 -0.00896942
v -0.34825456 0.00882810 0.00940740
v 0.26774948 0.00772185 0.01492652
v 0.33210807 -0.00626469 -0.01304677
v -0.34780769 0.00798430 0.01141550
v 0.30327439 0.00289412 -0.01486255
v 0.27795448 0.00815289 -0.01154931
v 0.32602227 -0.00439702 -0.01407477
v 0.31752570 -0.00218168 -0.01491044
v 0.28882792 0.00731170 -0.01241156
v -0.28932123 -0.00201059 -0.01793760
v -0.27409229 -0.00351951 -0.01733612
v -0.31651931 0.00778034 -0.01495931
v -0.32012401 -0.00332810 0.01455500
v 0.31094425 0.00016364 -0.01520034
v -0.30274274 -0.00812031 0.01181864
v -0.32591894 -0.00288816 0.01420301
v -0.05209090 0.01033185 -0.00809458
v -0.00347530 -0.00927500 -0.00014490
v -0.02124170 -0.00898735 0.01102840
v -0.33277175 0.00915198 0.00332223
v 0.00328631 -0.00874511 -0.01050617
v 0.27171803 0.00973511 -0.00620042
v -0.33921361 0.00734350 0.01199570
v -0.33889129 0.00537990 0.01341760
v 0.28050585 0.00885379 -0.01056872
v -0.31128130 0.00946975 -0.01231737
v -0.33711550 0.00877500 0.00913010
v 0.01394658 -0.00809684 -0.01212662
v -0.33416293 0.00252513 0.01400939
v -0.04733233 -0.00878159 -0.00892184
v 0.29469311 -0.00726229 0.01525329
v 0.31650736 -0.00948793 -0.00611272
v -0.31036105 -0.00325892 0.01457261
v 0.27838686 0.00962655 -0.00812876
v 0.27571425 0.00937813 -0.00944599
v -0.05102777 -0.00882381 0.01145198
v 0.25696425 0.00780450 0.01501365
v 0.25633793 0.00850677 0.01408457
v 0.25447860 0.00961242 0.01096149
v 0.32572324 -0.00948607 -0.00668671
v 0.25246091 0.00921452 0.01259146
v 0.28572147 -0.00517874 0.01687327
v -0.31911643 -0.00173845 0.01479531
v -0.26696489 -0.00917580 -0.01119130
v -0.03769870 -0.00953115 0.00662569
v 0.31279790 -0.00358664 -0.01452148
v -0.27040505 -0.00496560 -0.01667255
v 0.29281480 0.00153012 -0.01512639
v -0.26708283 -0.00872515 -0.01266240
v -0.27244492 -0.00799882 -0.01358522
v -0.31601164 0.00973721 -0.01114331
v 0.27766728 -0.00255732 0.01796936
v -0.05438271 0.00575561 0.01490407
v 0.29398568 -0.00816696 0.01413932
v -0.33407569 0.00893003 0.00723211
v 0.28794906 0.00382454 -0.01451273
v -0.26697752 -0.00994440 0.00604816
v -0.33727739 0.00804895 0.01078360
v 0.27395055 -0.00102253 0.01823130
v 0.32381828 -0.00927600 -0.00877742
v 0.30559220 -0.00933085 0.01100021
v 0.32070978 -0.00794352 -0.01155450
v 0.32367091 -0.00706575 -0.01245432
v 0.25496552 0.00978415 0.00849193
v -0.26016200 -0.00874760 -0.01283740
v -0.28253856 0.00033771 -0.01805344
v 0.26375189 0.00628402 0.01613688
v -0.05717852 0.00993965 0.00399828
v -0.01887171 -0.00923717 0.01046114
v -0.32663381 -0.00040770 0.01419735
v -0.32110543 0.00030395 0.01472262
v 0.29587831 -0.00024245 -0.01518998
v 0.28562717 -0.00655060 0.01592616
v -0.30115199 0.00624712 -0.01609480
v -0.29142640 -0.00813758 0.01193446
v -0.30847464 0.00848125 -0.01403693
v -0.28613732 0.00155324 -0.01793517
v 0.27849386 0.00670865 -0.01292772
v -0.26571755 -0.00635083 -0.01573642
v -0.26077151 -0.00727696 -0.01490490
v -0.31490283 0.00980595 -0.00925978
v 0.25726669 0.00553870 0.01669807
v -0.26359587 -0.00942094 -0.00861625
v -0.32039039 0.00939385 0.00421935
v -0.33336978 0.00699396 0.01084251
v 0.24666483 0.00771124 0.01501417
v -0.26856780 -0.00970464 -0.00074730
v 0.26552072 0.00957364 -0.00872313
v 0.30768211 -0.00478057 -0.01400606
v 0.31143532 -0.00622742 -0.01310525
v 0.25277886 0.00974028 0.00471490
v 0.27297511 -0.00627012 0.01615175
v -0.27595110 -0.00995282 0.00805575
v -0.05185744 -0.00943620 0.00840610
v -0.33165376 0.00818049 0.00868479
v -0.27818632 -0.00958038 0.00975335
v -0.32905915 0.00878885 0.00687070
v -0.01113201 0.00055715 -0.01661416
v -0.30369816 0.00727121 -0.01532760
v 0.26791356 0.00879500 -0.01069368
v -0.30978122 -0.00168962 0.01489009
v 0.27869382 0.00562514 -0.01366504
v -0.29971499 -0.00424699 0.01422424
v -0.32356758 0.00200939 0.01412591
v -0.29017830 0.00338226 -0.01747254
v -0.29631007 -0.00650466 0.01314753
v -0.27235970 -0.00056311 -0.01804572
v 0.26561739 0.00295501 0.01777184
v 0.24391260 0.00359186 0.01752774
v -0.10391698 0.00782565 0.01298337
v 0.29115105 -0.00202929 -0.01494276
v 0.29134822 -0.00943626 -0.00652810
v 0.29704311 -0.00940508 0.00942875
v 0.29119542 -0.00884775 0.01285663
v 0.24630165 0.00964950 0.01060204
v -0.01257756 -0.00094828 -0.01652659
v 0.25567749 0.00982293 0.00083224
v 0.25925751 0.00976970 -0.00603540
v 0.24112630 0.00891598 0.01339783
v 0.26456196 0.00115418 0.01813281
v 0.26465204 -0.00404314 0.01745463
v -0.32697179 0.00595174 0.01179240
v -0.32589934 0.00418755 0.01303129
v -0.32162650 0.00461940 0.01354290
v 0.24958670 0.00220677 0.01789585
v -0.00352475 -0.00366843 -0.01566834
v 0.26662209 0.00766621 -0.01210323
v -0.24981081 -0.00888365 -0.01220969
v 0.27903280 0.00386291 -0.01450077
v 0.25439579 -0.00001929 0.01818939
v 0.23482153 0.00519241 0.01688959
v -0.25630631 -0.00522508 -0.01642198
v -0.31535277 0.00296418 0.01436888
v -0.29035180 0.00497178 -0.01684541
v 0.27744913 -0.00766384 0.01482741
v -0.31067786 0.00062114 0.01489649
v -0.28172438 -0.00827629 0.01194753
v 0.29129629 -0.00932030 0.01081622
v 0.24365900 0.00974623 0.00326715
v -0.04421190 0.00637144 -0.01514064
v 0.23362441 0.00940155 0.01223277
v -0.03843367 0.00456739 -0.01597491
v 0.31261299 -0.00905045 -0.00952823
v 0.30662332 -0.00851928 -0.01065500
v 0.23934782 0.00669617 0.01592480
v 0.26229398 -0.00101088 0.01813986
v -0.30842025 0.00952483 -0.00215609
v -0.31524966 0.00944783 0.00083494
v -0.10181464 0.00881644 0.01180708
v -0.03314722 -0.00747138 -0.01300113
v 0.28914948 -0.00362685 -0.01446581
v -0.10341899 0.00931803 0.01080106
v 0.26339211 0.00675519 -0.01290032
v 0.25878010 0.00914500 -0.01022230
v -0.32389610 0.00828788 0.00926753
v -0.24717040 -0.00825305 -0.01354283
v -0.32287488 0.00647072 0.01211283
v -0.24954517 -0.00924190 -0.00980239
v -0.29578021 0.00948444 -0.01238819
v 0.30356951 -0.00756625 -0.01189745
v 0.30180991 -0.00947806 -0.00588543
v -0.28876579 0.00676138 -0.01573471
v 0.25546222 0.00977472 -0.00783119
v -0.08592640 0.01035166 -0.00702571
v -0.29631462 0.00848515 -0.01405517
v 0.23369343 0.00975944 0.00921594
v 0.28099124 -0.00911520 0.01206461
v 0.30012200 -0.00938649 -0.00779762
v 0.23083525 0.00837754 0.01431803
v 0.24520614 -0.00171290 0.01808486
v 0.26456976 -0.00263313 0.01791406
v -0.27299519 0.00286522 -0.01763927
v -0.29193509 -0.00513584 0.01400878
v -0.26050546 -0.00320090 -0.01737001
v 0.25186038 0.00842474 -0.01126980
v -0.29593368 -0.00236677 0.01482042
v -0.28421006 -0.00717383 0.01297541
v -0.26745532 -0.00158011 -0.01788954
v -0.24169133 -0.00955662 -0.00104399
v -0.30309575 0.00988771 -0.00923502
v 0.24198015 0.00102705 0.01808131
v -0.08989813 -0.00294027 0.01581983
v -0.31697111 0.00888760 0.00857430
v -0.24450421 -0.00767275 -0.01426086
v 0.26592016 -0.00531776 0.01680222
v -0.26098683 -0.00967961 0.00922397
v -0.26638770 -0.00870780 0.01132054
v -0.31685457 0.00840008 0.00997830
v -0.08778293 -0.00070141 0.01621662
v 0.22796454 0.00748802 0.01530569
v -0.32187030 0.00746917 0.01110979
v 0.28877437 -0.00588222 -0.01326715
v 0.22665350 0.00963836 0.01088402
v 0.28380420 -0.00940836 0.00965716
v -0.31521351 0.00650497 0.01245715
v -0.04214952 0.00917333 -0.01235390
v -0.06098408 0.00912625 0.01153615
v -0.01974330 -0.00860880 0.01206955
v -0.06390014 0.00843139 0.01265821
v -0.04193502 0.01017601 -0.00958921
v -0.31516073 0.00468367 0.01361250
v -0.05670139 0.00688604 0.01413413
v -0.31247540 0.00898440 0.00744373
v -0.29234891 -0.00014531 0.01511459
v -0.26660693 0.00117647 -0.01794067
v 0.27326319 -0.00844069 0.01376653
v -0.27845011 0.00424480 -0.01718741
v 0.26301932 0.00517302 -0.01390762
v -0.28544497 -0.00407883 0.01453985
v 0.27663307 -0.00058265 -0.01511629
v -0.28292124 -0.00616215 0.01370012
v -0.30507715 0.00708658 0.01235138
v -0.23137980 -0.00888041 -0.01192545
v -0.24540765 -0.00980335 0.00658112
v 0.27323117 0.00193097 -0.01494281
v -0.29513824 0.00996890 -0.01043333
v -0.26137455 -0.00990281 0.00792757
v 0.25006464 0.00954480 -0.00906875
v 0.29676294 -0.00895690 -0.00963733
v 0.29651253 -0.00685129 -0.01255909
v 0.22587187 0.00383291 0.01748480
v 0.26307626 -0.00787829 0.01466695
v -0.24398739 -0.00649330 -0.01539180
v 0.26763620 0.00400115 -0.01439871
v 0.24487121 -0.00359731 0.01758056
v -0.29709895 0.01009192 -0.00769747
v 0.25742302 -0.00584207 0.01645882
v 0.25153039 0.00737842 -0.01236624
v -0.29465892 0.00162960 0.01507526
v 0.24956989 0.00907573 -0.01025487
v -0.25416741 -0.00123128 -0.01771496
v -0.28051262 0.00640177 -0.01602891
v 0.27375603 -0.00944774 0.00879533
v 0.27208414 -0.00937209 0.01085064
v 0.24080596 0.00970435 -0.00772660
v 0.24695654 0.01011477 -0.00439335
v 0.24703300 0.00999960 -0.00731555
v 0.21641886 0.00902784 0.01319490
v -0.31115489 0.00864528 0.00950061
v 0.22973275 0.00977391 -0.00631287
v -0.23553345 -0.00933926 -0.01010556
v -0.23738453 -0.00949975 -0.00787918
v 0.25156024 0.00559653 -0.01362063
v 0.24893382 -0.00535844 0.01674613
v -0.00491150 -0.00957885 0.00698453
v 0.00887274 -0.00895742 -0.00934054
v -0.30491011 0.00592670 0.01332790
v 0.23169816 -0.00129819 0.01815857
v -0.28159225 0.00917479 -0.01301688
v 0.22830811 0.00073410 0.01816519
v 0.22918923 0.00255621 0.01789732
v -0.24012647 -0.00543218 -0.01607791
v 0.27623260 -0.00363510 -0.01446880
v -0.30400534 0.00418504 0.01429861
v -0.29843726 0.00294797 0.01481529
v 0.27006183 -0.00217622 -0.01485483
v 0.23056700 0.00858478 -0.01104181
v 0.22139204 0.00570265 0.01655421
v 0.22127640 0.00975431 0.00885423
v 0.28767450 -0.00919829 -0.00877936
v 0.26390355 -0.00905984 0.01243548
v 0.21706698 0.00942908 0.01194394
v 0.28222449 -0.00943418 -0.00591605
v -0.27522068 -0.00646732 0.01348529
v -0.26278899 -0.00730675 0.01280010
v -0.27677565 -0.00478341 0.01441655
v -0.27782433 0.00763676 -0.01501122
v -0.01227425 -0.00942812 0.00947700
v 0.25583236 0.00316623 -0.01470982
v -0.05251336 0.00116184 -0.01680768
v -0.09209850 0.00174110 0.01609420
v 0.00495268 -0.00927900 -0.00626360
v -0.25175991 -0.00900312 0.01070684
v 0.25445111 -0.00697093 0.01559123
v 0.27251804 -0.00449033 -0.01405887
v -0.22976160 -0.00808668 -0.01339964
v -0.28374603 0.00964112 -0.01175351
v -0.02556443 0.00483145 -0.01576670
v -0.01578299 0.00238185 -0.01646635
v -0.29733377 0.00923266 0.00698792
v 0.26336627 0.00207290 -0.01497610
v 0.26371014 -0.00933672 0.01138135
v 0.21198187 0.00708582 0.01561061
v 0.21204395 0.00808577 0.01464919
v 0.27654181 -0.00797331 -0.01135596
v 0.27943044 -0.00733689 -0.01208625
v 0.23310707 0.00941502 -0.00949914
v 0.25036938 0.00138538 -0.01510471
v -0.28394082 -0.00230967 0.01500465
v -0.26383498 0.00474126 -0.01701336
v 0.23265383 0.00703871 -0.01267399
v -0.27242136 0.00569995 -0.01647770
v 0.25237060 -0.00873383 0.01332553
v 0.24688008 -0.00829808 0.01405724
v 0.23929493 0.00522722 -0.01384674
v -0.24161744 -0.00288129 -0.01738320
v -0.24198935 -0.00404827 -0.01688469
v -0.06619530 -0.00774709 0.01286453
v -0.03982911 -0.00244080 0.01629850
v -0.28526988 0.00985351 -0.00964040
v -0.29399104 0.01008380 -0.00753885
v -0.29723186 0.00894211 0.00921421
v 0.20641518 0.00970987 0.00921709
v 0.21539049 0.00971970 -0.00270670
v -0.04765879 -0.00018465 0.01644791
v -0.29588921 0.00850234 0.01054391
v 0.27705286 -0.00935834 -0.00766940
v 0.27701950 -0.00865258 -0.01030264
v -0.24667633 -0.00970359 0.00862667
v 0.23843458 -0.00519780 0.01681488
v 0.25769176 0.00065224 -0.01517043
v -0.29407535 0.00552946 0.01368538
v 0.20556836 0.00171943 0.01801034
v -0.10273120 0.00978500 0.00778885
v -0.29224024 0.00426416 0.01437904
v 0.22166231 -0.00082462 0.01816773
v 0.24365263 -0.00722824 0.01532170
v 0.26734965 0.00010312 -0.01505872
v 0.20431180 0.00387360 0.01740490
v 0.22375143 -0.00248821 0.01794773
v -0.26375823 -0.00586073 0.01385843
v -0.24187145 -0.00133686 -0.01781580
v 0.20225291 0.00596567 0.01636436
v 0.24613023 0.00265603 -0.01486146
v 0.20014236 0.00950026 0.01133943
v 0.22789576 0.00965978 -0.00853978
v 0.25521791 -0.00951205 0.00836300
v -0.05582850 -0.00945043 0.00611484
v 0.25676105 -0.00132363 -0.01508539
v 0.22436249 -0.00354197 0.01762465
v -0.22462363 -0.00628816 -0.01528816
v -0.29341965 0.00807697 0.01131352
v -0.23045592 -0.00948071 -0.00824656
v -0.10239160 0.00617161 0.01427606
v -0.27545216 -0.00171915 0.01524647
v -0.26335313 -0.00411932 0.01467290
v -0.27374163 0.00844070 -0.01419332
v -0.26436517 0.00689954 -0.01574974
v 0.24931719 -0.00954080 0.00878320
v 0.26671748 -0.00650682 -0.01286095
v 0.25619500 -0.00945820 -0.00614965
v 0.19260007 0.00861868 0.01379644
v 0.21506431 0.00974066 -0.00713460
v 0.27359712 -0.00901832 -0.00942333
v -0.24716840 0.00000584 -0.01790804
v 0.19866067 0.00762103 0.01505556
v 0.25139854 -0.00317842 -0.01467194
v 0.22010217 -0.00527515 0.01679301
v -0.22519143 -0.00357874 -0.01695762
v -0.29376724 0.00947711 0.00212955
v -0.27252953 0.00988317 -0.01071663
v -0.21582732 -0.00898204 -0.01087733
v 0.23147092 -0.00604568 0.01630909
v -0.28862982 0.00659198 0.01288388
v 0.23798943 0.00383671 -0.01447268
v 0.21900816 0.00833050 -0.01148558
v 0.25767231 -0.00522517 -0.01373250
v -0.21715770 -0.00915862 -0.00876161
v -0.22544076 -0.00932354 -0.00581571
v 0.26455531 -0.00942761 -0.00681896
v -0.24243035 -0.00907270 0.01053120
v 0.24420364 -0.00922214 0.01197079
v -0.23315945 -0.00935101 0.00976477
v 0.21729119 0.00923024 -0.00996909
v 0.19112294 0.00914286 0.01269204
v -0.24928515 -0.00811249 0.01198927
v 0.19970590 0.00985570 0.00679265
v -0.25327899 0.00159211 -0.01771070
v -0.28191440 0.00181219 0.01511447
v -0.27741809 0.00037125 0.01530950
v -0.25777457 0.00754406 -0.01534090
v 0.22460554 0.00613790 -0.01336956
v -0.27843647 0.00317610 0.01482519
v 0.24554543 -0.00062119 -0.01520043
v 0.20257328 -0.00125247 0.01810896
v 0.23141434 -0.00806162 0.01440086
v 0.22952893 0.00510798 -0.01394865
v -0.25489371 0.00861382 -0.01415735
v -0.26600485 0.00964770 -0.01208994
v -0.21396475 -0.00710119 -0.01449365
v -0.20754669 -0.00826801 -0.01306442
v -0.28121099 0.00929440 0.00617250
v 0.01377615 -0.00553790 -0.01464115
v 0.20014484 0.00030655 0.01812620
v -0.28535593 0.00913316 0.00827359
v -0.05923454 0.00970062 0.00966663
v -0.20998840 -0.00871001 -0.01203124
v -0.23206542 -0.00969050 0.00409980
v 0.19952395 0.00978942 -0.00632987
v 0.26497419 -0.00927925 -0.00847680
v 0.19021482 0.00965788 0.00978877
v 0.25785794 -0.00880495 -0.01012089
v 0.23219600 0.00189542 -0.01503589
v 0.21630349 0.00720948 -0.01262620
v -0.00380525 -0.00950296 0.00923262
v -0.23357699 -0.00969797 0.00810431
v -0.04128597 0.01026835 -0.00687575
v -0.27662385 0.00511292 0.01394573
v -0.26869078 -0.00000571 0.01539145
v -0.26366568 -0.00245764 0.01512707
v 0.20679896 0.00864998 -0.01101751
v -0.24696054 -0.00709094 0.01298075
v 0.22494471 0.00372963 -0.01455820
v -0.23989439 0.00128590 -0.01781714
v 0.22389929 -0.00706068 0.01550723
v -0.25318067 0.00379237 -0.01731076
v 0.23642993 -0.00942208 0.01084677
v -0.21721985 -0.00961376 0.00547827
v -0.26207581 0.00999020 -0.00842557
v 0.18690370 0.00628260 0.01607269
v 0.18200063 0.00760211 0.01498452
v -0.01083599 -0.00850106 0.01227657
v 0.25010414 -0.00810968 -0.01128576
v 0.25747554 -0.00744415 -0.01200367
v 0.18263222 0.00945726 0.01151794
v 0.20158794 0.00965841 -0.00844608
v 0.18578289 0.00455948 0.01703999
v -0.27971084 0.00870531 0.01010855
v -0.27978559 0.00769761 0.01180529
v 0.18534257 0.00253682 0.01774968
v -0.23871014 0.00295486 -0.01747659
v -0.24925508 0.00526954 -0.01668636
v 0.19916277 -0.00374954 0.01747247
v 0.23647323 -0.00951495 0.00855317
v 0.24404275 -0.00942460 -0.00714759
v 0.22885537 -0.00891715 0.01295218
v 0.20137930 0.00940633 -0.00952989
v 0.19246454 0.00973381 0.00007901
v -0.02654923 -0.00297776 0.01620602
v -0.22377031 -0.00094670 -0.01778740
v 0.24837632 -0.00617183 -0.01313358
v 0.23645930 -0.00223560 -0.01499620
v -0.02243476 0.00701881 -0.01451635
v -0.26015172 0.00997701 -0.01049639
v 0.20589249 -0.00519745 0.01672912
v 0.19418159 -0.00236118 0.01787342
v -0.21416376 -0.00501671 -0.01608526
v 0.17997726 0.00969589 0.00864605
v 0.25259569 -0.00921866 -0.00891682
v -0.06528363 0.00390256 -0.01639674
v -0.10338329 0.00341280 0.01549241
v -0.06316309 0.00174451 -0.01686502
v 0.25169394 -0.00963180 -0.00610030
v -0.23983037 0.00475139 -0.01683802
v -0.23325253 -0.00847906 0.01151684
v -0.06944836 -0.00649664 0.01404924
v 0.21199639 0.00508978 -0.01406157
v -0.23090019 -0.00762355 0.01246604
v -0.24371006 -0.00562194 0.01399032
v 0.21726146 -0.00786934 0.01467641
v 0.21875515 -0.00863090 0.01357268
v 0.20794880 0.00664020 -0.01319550
v -0.27168324 0.00683969 0.01277113
v -0.20057766 -0.00597435 -0.01542518
v -0.25077434 0.00920312 -0.01323029
v -0.25249641 0.00982281 -0.01164960
v 0.20825119 -0.00635613 0.01588451
v 0.21948240 0.00234000 -0.01503980
v -0.07421460 -0.00515347 0.01493515
v -0.02892613 -0.00490319 0.01539434
v 0.17168535 0.00965815 0.00941340
v -0.21969254 -0.00950659 0.00879770
v 0.17114991 0.00856927 0.01374274
v -0.26898360 0.00927467 0.00812347
v -0.20143499 -0.00915577 -0.00864808
v -0.09318339 0.00973884 -0.01190778
v 0.24914670 -0.00963260 -0.00564720
v 0.23642023 -0.00414169 -0.01434682
v -0.25285826 0.00633308 -0.01617498
v -0.24792387 0.00768372 -0.01507406
v 0.18852671 0.00814518 -0.01175370
v -0.22553828 0.00070846 -0.01776006
v -0.25965765 -0.00018277 0.01532567
v -0.02580777 0.00817463 -0.01351047
v -0.02041700 -0.00753280 0.01348570
v 0.18376094 0.00054059 0.01803076
v -0.21501374 -0.00199574 -0.01750123
v -0.25124958 -0.00462122 0.01451587
v 0.22005622 -0.00018773 -0.01527234
v 0.21268361 0.00393251 -0.01454166
v -0.20745466 -0.00331120 -0.01693989
v 0.19645667 0.00735867 -0.01250907
v 0.22013388 -0.00925074 0.01201811
v 0.21912787 -0.00946297 0.01065917
v 0.16745807 0.00912599 0.01251782
v 0.23829987 -0.00849422 -0.01076005
v 0.18201215 0.00977245 -0.00630851
v 0.23969207 -0.00664815 -0.01279470
v 0.22516706 -0.00944825 -0.00640290
v 0.22014892 -0.00194899 -0.01507980
v -0.19567438 -0.00755056 -0.01402609
v 0.19244144 -0.00531296 0.01667925
v -0.26382315 0.00472167 0.01427543
v 0.18594294 0.00885798 -0.01077154
v 0.18286700 -0.00111839 0.01798107
v 0.16906639 0.00543186 0.01648565
v 0.23054986 -0.00544127 -0.01363179
v -0.04142410 -0.00858229 -0.01068913
v -0.23391993 -0.00658485 0.01336095
v 0.20714176 -0.00775096 0.01413639
v -0.23663938 0.00642364 -0.01589298
v -0.26008580 0.00256735 0.01499365
v 0.21794515 -0.00954816 0.00816343
v 0.16448313 0.00717535 0.01525487
v -0.23913994 -0.00381189 0.01488734
v 0.23173776 -0.00933936 -0.00824239
v 0.18439475 0.00969304 -0.00798171
v 0.18528935 0.00942957 -0.00942546
v -0.25577478 0.00965606 0.00060190
v 0.19244365 0.00513339 -0.01404675
v -0.20404601 -0.00955434 0.00635824
v 0.16894569 0.00115750 0.01791785
v 0.16971818 0.00341524 0.01745047
v -0.24925690 0.01005782 -0.00911157
v -0.25471427 0.00951601 0.00657805
v 0.19962323 0.00480826 -0.01417851
v -0.25906415 0.00912610 0.00954147
v -0.26294506 0.00867286 0.01063327
v -0.21825745 -0.00871570 0.01107051
v -0.19471290 -0.00878768 -0.01182235
v -0.25411110 0.00628963 0.01338707
v -0.19602084 -0.00904168 -0.01047575
v 0.00436899 -0.00221022 -0.01613974
v 0.22242603 -0.00338968 -0.01467174
v -0.24510713 0.00997091 -0.01090017
v 0.20815840 0.00118344 -0.01518233
v -0.21129150 -0.00908175 0.01026429
v 0.23154347 -0.00898262 -0.00980188
v 0.22708371 -0.00789679 -0.01161205
v -0.25384459 -0.00340997 0.01495526
v -0.23823719 0.00858391 -0.01400392
v 0.15871441 0.00784128 0.01452882
v 0.16256253 0.00967809 0.00859024
v 0.16107979 0.00940718 0.01147729
v 0.21366162 -0.00896231 0.01261794
v -0.22765379 0.00503126 -0.01648606
v -0.22382405 0.00238546 -0.01739729
v 0.19437746 -0.00692614 0.01554758
v -0.20999012 -0.00059923 -0.01775624
v -0.24876878 -0.00105851 0.01545004
v -0.26000652 0.00799501 0.01171057
v -0.05094879 0.00974047 0.00826201
v 0.21007528 -0.00048115 -0.01521433
v 0.21769960 -0.00492305 -0.01405565
v 0.17531109 -0.00250620 0.01771621
v -0.23186200 0.00937386 -0.01275161
v 0.16629940 -0.00067769 0.01795563
v 0.15241119 0.00853967 0.01359292
v 0.22263379 -0.00628955 -0.01311202
v 0.20702400 -0.00913450 0.01055515
v 0.15729337 0.00964952 0.00921602
v 0.20142963 -0.00739717 0.01468319
v -0.22899017 0.00740623 -0.01509307
v 0.18383387 0.00656369 -0.01323631
v -0.20710654 0.00073840 -0.01775725
v -0.21027436 0.00207371 -0.01752808
v 0.20784769 -0.00323066 -0.01471937
v -0.22728169 -0.00594029 0.01380350
v -0.23220615 -0.00466992 0.01454220
v -0.23630762 -0.00265022 0.01526979
v 0.18083612 -0.00454138 0.01700746
v -0.00271424 -0.00916291 0.01104016
v 0.19831818 0.00283552 -0.01492413
v -0.18644205 -0.00920810 -0.00832238
v 0.21081045 -0.00945310 -0.00336937
v -0.24579225 0.00980887 -0.00232200
v -0.18301436 -0.00940612 -0.00059816
v 0.20777936 -0.00946390 0.00815867
v -0.18771660 -0.00473827 -0.01627014
v 0.16342059 0.00971983 -0.00799052
v 0.17273740 0.00951809 -0.00917605
v 0.14599372 0.00913681 0.01235625
v -0.19397202 -0.00959360 0.00579102
v 0.16469933 0.00983378 -0.00604169
v 0.19371049 -0.00824730 0.01414660
v -0.18285092 -0.00702295 -0.01465492
v -0.02871367 0.00985000 -0.01045598
v -0.23717685 0.00979004 -0.01173046
v -0.25264056 0.00939776 0.00838756
v -0.18183848 -0.00848699 -0.01271446
v -0.08863661 0.01034779 -0.00913263
v -0.02532968 0.00917386 -0.01212592
v 0.21140795 -0.00495921 -0.01393237
v -0.23226397 -0.00107142 0.01555075
v -0.25330536 0.00133808 0.01530819
v -0.19758060 -0.00173520 -0.01749610
v 0.21466415 -0.00714376 -0.01243521
v -0.24107993 0.00107085 0.01549298
v 0.14703888 0.00945711 0.01105844
v 0.15206805 0.00397595 0.01710156
v 0.15676411 0.00610799 0.01602518
v -0.21006658 -0.00786801 0.01216682
v 0.21771107 -0.00898990 -0.00972745
v 0.00961716 -0.00919656 -0.00696403
v 0.17076799 0.00904949 -0.01048649
v 0.17288219 -0.00405705 0.01721967
v -0.23503666 0.01005898 -0.00885418
v 0.16501489 0.00845255 -0.01149018
v 0.18228120 0.00437950 -0.01451430
v 0.18167002 -0.00814010 0.01423970
v -0.19898031 -0.00948619 0.00847653
v 0.18060904 -0.00665759 0.01572094
v 0.18987113 0.00161848 -0.01525172
v -0.18154942 -0.00891494 -0.01128179
v 0.19669368 0.00017807 -0.01533449
v -0.04181667 0.00193067 0.01634149
v -0.03590129 0.00054951 0.01653454
v -0.03267534 -0.00107031 0.01653466
v 0.13556993 0.00643192 0.01567105
v 0.21621144 -0.00927224 -0.00855214
v -0.21784954 0.00630149 -0.01577334
v 0.19604071 -0.00911753 0.01229660
v 0.14501988 0.00965861 0.00881515
v -0.01647885 0.00409465 -0.01599085
v -0.20368679 0.00479972 -0.01669652
v -0.10431143 0.01029341 -0.00718721
v -0.24960957 0.00310664 0.01500252
v -0.24719234 0.00769869 0.01225352
v 0.16372826 0.00688538 -0.01306125
v -0.24806859 0.00455025 0.01447098
v -0.24117725 0.00953491 0.00620667
v 0.19853703 -0.00155815 -0.01521163
v 0.17193497 -0.00529275 0.01659773
v 0.15962880 0.00254098 0.01763342
v -0.22478895 0.01001446 -0.01054606
v 0.14030906 0.00484068 0.01664607
v -0.17265327 -0.00837925 -0.01291675
v 0.20231025 -0.00953431 0.00549766
v 0.19145216 -0.00941790 0.01110485
v 0.19237744 -0.00957554 0.00874939
v 0.15512530 0.00909038 -0.01049244
v 0.14263054 0.00847464 0.01357175
v 0.15083520 0.00975481 0.00041417
v -0.23251562 0.00977463 -0.00096839
v 0.13805002 0.00754086 0.01470774
v -0.17460999 -0.00914768 -0.00949680
v -0.24396536 0.00870358 0.01088277
v 0.17500154 0.00352427 -0.01483465
v -0.21349599 -0.00600856 0.01370867
v 0.15854460 0.00100225 0.01784930
v -0.23646390 0.00308655 0.01507856
v -0.19516236 -0.00008157 -0.01776660
v 0.18416345 -0.00230680 -0.01518960
v -0.18433934 -0.00233201 -0.01732378
v -0.01159187 -0.00731767 0.01373107
v 0.20694666 -0.00856270 -0.01077044
v 0.19777585 -0.00807414 -0.01151056
v -0.21960595 0.00969343 -0.01196885
v 0.19918528 -0.00670495 -0.01286115
v 0.17773709 -0.00917669 0.01220951
v 0.14959048 0.00978013 -0.00754899
v -0.05217675 -0.00083185 -0.01671292
v 0.15823096 0.00991833 -0.00336979
v 0.20560336 -0.00934039 -0.00817155
v 0.13314035 0.00957127 0.01047392
v -0.06762053 -0.00874734 0.01136514
v 0.14153770 0.00140050 0.01774792
v -0.17280030 -0.00533560 -0.01594890
v 0.18263575 0.00005770 -0.01539128
v 0.17350413 0.00214888 -0.01522452
v 0.19028652 -0.00344901 -0.01480689
v 0.16930032 -0.00639512 0.01587481
v -0.07430043 0.00546169 -0.01585174
v -0.17132806 -0.00879836 -0.01169901
v 0.15169029 -0.00176708 0.01775690
v -0.23900352 0.00733871 0.01260399
v -0.23502052 0.00578522 0.01381171
v -0.02615870 -0.00602488 0.01463668
v -0.19357195 -0.00909341 0.01025812
v 0.16754043 0.00533273 -0.01409602
v -0.21893616 0.00794275 -0.01458284
v -0.20417533 0.00616244 -0.01599662
v -0.21264467 -0.00469122 0.01451394
v -0.21721232 0.00894417 -0.01344604
v 0.17549031 -0.00866938 0.01337371
v 0.14942981 0.00979457 -0.00581791
v 0.13183444 0.00915214 0.01231721
v 0.19881860 -0.00898964 -0.00987598
v 0.14617342 0.00954949 -0.00922990
v -0.21920080 0.00096743 0.01556736
v 0.15082269 0.00756116 -0.01248224
v -0.15714283 -0.00142402 -0.01757615
v 0.13285894 -0.00143779 0.01772901
v -0.09054648 -0.00439547 0.01525045
v 0.12994080 0.00275890 0.01746730
v -0.24159722 0.00934810 0.00906383
v -0.21722128 0.01006338 -0.00784464
v -0.17243789 -0.00672458 -0.01491442
v 0.16251484 -0.00758748 0.01483006
v -0.18026549 -0.00963199 0.00582647
v 0.12343395 0.00882971 0.01316535
v 0.12588266 0.00973469 0.00776069
v 0.17830188 -0.00955062 0.00977239
v 0.19263369 -0.00940845 -0.00677815
v 0.16106011 0.00419038 -0.01464235
v -0.20145814 -0.00677257 0.01322811
v -0.19715171 -0.00831524 0.01170416
v -0.21244497 -0.00308894 0.01521604
v 0.17444797 0.00060207 -0.01540801
v -0.19352957 0.00250117 -0.01750643
v 0.15081587 -0.00379134 0.01723041
v 0.16062939 -0.00272842 0.01759339
v -0.17459395 -0.00948616 0.00057584
v -0.23353925 0.00946624 0.00799538
v -0.16905942 -0.00760112 -0.01350413
v 0.12915407 0.00474440 0.01669482
v -0.23290691 0.00854514 0.01120592
v -0.17107930 -0.00936150 -0.00913925
v 0.14477235 0.00841251 -0.01153964
v 0.18610620 -0.00458430 -0.01438030
v 0.18142873 -0.00945141 0.00139205
v 0.11977791 0.00956454 0.01102579
v 0.17273945 -0.00948904 0.01070349
v 0.12076163 0.00814972 0.01417627
v 0.13166035 0.00986817 -0.00594683
v 0.15469985 0.00534114 -0.01409903
v -0.18325700 -0.00957944 0.00805665
v -0.22179744 0.00408747 0.01475886
v 0.16132827 -0.00866310 0.01333905
v -0.18484987 -0.00923747 0.00999305
v 0.13945155 -0.00277620 0.01745845
v 0.15985301 -0.00673770 0.01573200
v 0.14741808 0.00625225 -0.01353702
v 0.14931098 -0.00561097 0.01632348
v -0.20210106 -0.00133334 0.01560581
v -0.17313149 0.00501766 -0.01664717
v -0.17568915 -0.00345191 -0.01693614
v -0.18389983 -0.00009636 -0.01778061
v -0.22192845 0.00208879 0.01538579
v -0.16544570 -0.00819806 -0.01244852
v 0.00749486 -0.00964906 0.00719160
v 0.17152575 -0.00189465 -0.01531365
v 0.16433886 -0.00958259 0.00865033
v 0.18208655 -0.00629098 -0.01331484
v 0.19137467 -0.00911576 -0.00936014
v 0.11866858 0.00625935 0.01575500
v -0.22272568 0.00955260 0.00687599
v 0.12135786 0.00371317 0.01704569
v -0.20221770 0.00942219 -0.01256275
v -0.20821340 0.00993726 -0.01070471
v -0.03021075 0.00981200 0.00265050
v 0.16618278 0.00005740 -0.01544219
v -0.22878973 0.00696776 0.01295243
v -0.23113217 0.00915313 0.00997661
v 0.13032153 0.00097892 0.01774380
v -0.21847279 0.00968581 0.00219914
v -0.16538615 -0.00490022 -0.01580375
v -0.19845769 -0.00507992 0.01434161
v -0.20072210 0.00827843 -0.01432676
v 0.17318115 -0.00432849 -0.01446219
v -0.19902104 -0.00304217 0.01525609
v -0.19962472 0.00740344 -0.01517848
v 0.16427398 -0.00923683 0.01201226
v 0.11467320 0.00725027 0.01500221
v -0.18928232 0.00366630 -0.01718507
v 0.13380960 0.00947490 -0.00970240
v 0.18188682 -0.00924300 -0.00812902
v -0.18276885 0.00117429 -0.01772802
v 0.11665589 0.00976559 0.00852019
v 0.10975324 0.00880258 0.01327885
v 0.17810682 -0.00936674 -0.00635759
v 0.17542032 -0.00834445 -0.01109177
v 0.13712682 -0.00455665 0.01680445
v -0.18325095 -0.00849599 0.01147071
v 0.15712028 0.00241842 -0.01518018
v 0.15732672 0.00097681 -0.01544346
v 0.13405020 0.00890660 -0.01096610
v -0.16435623 -0.00642207 -0.01468504
v -0.15811290 -0.00726310 -0.01445000
v -0.20332453 0.01005798 -0.00822461
v 0.14876553 0.00338238 -0.01496657
v -0.15861675 -0.00821180 -0.01317620
v -0.16335825 -0.00922293 -0.01005130
v 0.02664209 -0.00731846 -0.01301363
v -0.15028291 -0.00891084 -0.01102231
v 0.17935311 -0.00771112 -0.01201274
v 0.12859367 0.00973380 -0.00726359
v -0.17414021 -0.00929293 0.00963997
v -0.18548700 -0.00671323 0.01328761
v 0.12255788 0.00981856 -0.00484064
v 0.10774895 0.00922497 0.01240527
v 0.10829427 0.00970807 0.00932554
v -0.19998634 0.00028138 0.01562380
v -0.17369119 -0.00223099 -0.01735518
v 0.15587698 -0.00114918 -0.01533277
v -0.17488190 0.00001763 -0.01775568
v 0.14241455 -0.00719702 0.01505305
v 0.12680241 0.00765937 -0.01208200
v -0.17004418 -0.00377028 -0.01661024
v -0.16795529 -0.00952963 0.00808595
v 0.12986699 -0.00317532 0.01726591
v -0.14469556 -0.00799967 -0.01344050
v 0.14044449 0.00434499 -0.01465260
v -0.04186798 0.00975430 0.00768546
v 0.01941015 -0.00885798 -0.01000769
v -0.21962852 0.00937048 0.00911063
v -0.15828030 -0.00589200 -0.01557300
v 0.10736214 0.00505289 0.01642299
v 0.13321739 0.00713177 -0.01294296
v 0.10095497 0.00805845 0.01419693
v 0.10596877 0.00952668 0.01114858
v 0.15558441 -0.00943047 0.01096689
v 0.14523294 -0.00920364 0.01188691
v 0.17612354 -0.00892542 -0.00964864
v -0.08165791 0.00656943 -0.01527615
v -0.16810691 -0.00975870 -0.00331017
v -0.14952186 -0.00850356 -0.01259327
v 0.12329634 0.00935244 -0.00807753
v 0.14029759 -0.00846451 0.01354787
v -0.15537790 -0.00916480 -0.00893795
v 0.13642931 -0.00594379 0.01598515
v 0.16959800 -0.00544349 -0.01381822
v -0.19238961 0.00689025 -0.01560342
v -0.18560524 0.00523614 -0.01654316
v -0.17940249 0.00291798 -0.01736233
v -0.16961963 0.00021751 -0.01749202
v 0.13708538 0.00569130 -0.01399850
v 0.12421526 0.00100536 0.01759929
v -0.22024896 0.00886159 0.01073107
v 0.10707978 0.00304658 0.01727350
v 0.16420275 -0.00935131 -0.00589342
v -0.04025151 0.00856376 0.01253498
v -0.15347329 -0.00931483 -0.00364554
v -0.15949171 -0.00964288 0.00534957
v 0.16797127 -0.00726281 -0.01240862
v -0.04943105 0.00790347 0.01328024
v 0.11152310 0.00977655 -0.00832735
v -0.15630089 -0.00945549 -0.00161477
v -0.21184752 0.00751595 0.01252280
v -0.21044898 0.00595175 0.01380094
v -0.15702200 -0.00301590 -0.01710600
v 0.15070857 -0.00297285 -0.01488010
v 0.15344887 -0.00429604 -0.01433372
v -0.17487878 -0.00740954 0.01265865
v -0.20191772 0.00255302 0.01531805
v -0.03848284 0.00504096 0.01536131
v 0.14138304 0.00048128 -0.01551766
v 0.14077780 0.00223582 -0.01532868
v 0.11674622 -0.00057015 0.01765790
v 0.10499312 0.00135703 0.01760493
v 0.09507328 0.00962718 0.00849831
v 0.09510494 0.00934876 0.01123393
v 0.09416639 0.00670383 0.01533405
v 0.11339750 0.00988355 -0.00533186
v -0.16855068 0.00234036 -0.01747731
v 0.15067962 -0.00959611 0.00668065
v 0.16349177 -0.00909458 -0.00882304
v 0.16088516 -0.00854060 -0.01062241
v -0.14259007 -0.00910347 -0.00889158
v 0.13011670 0.00465230 -0.01462300
v 0.01390529 -0.00328874 -0.01573096
v -0.14802046 -0.00408341 -0.01661965
v -0.14219335 -0.00560728 -0.01571451
v 0.13058875 -0.00657885 0.01544778
v -0.20704494 0.00876758 0.01094764
v -0.18723609 0.01005010 -0.01079830
v -0.11448965 0.00944728 0.01016411
v -0.19510545 0.01008478 -0.00970477
v -0.20725472 0.00445154 0.01464283
v -0.16856217 -0.00861775 0.01113302
v 0.15352365 -0.00926958 -0.00701776
v 0.00589833 -0.00053483 -0.01642299
v 0.09364290 0.00877078 0.01305328
v 0.11438670 0.00958625 -0.00893790
v -0.17969551 0.00687242 -0.01556397
v 0.09639202 0.00976454 -0.00033606
v -0.18352451 -0.00536015 0.01420405
v 0.09647386 0.00448033 0.01667656
v -0.15819870 -0.00891305 0.01069355
v -0.13272232 -0.00665523 -0.01479568
v -0.01827408 0.00599890 -0.01511362
v 0.11454030 -0.00272340 0.01740970
v 0.11309600 0.00868250 -0.01140910
v -0.21089656 0.00981312 0.00539110
v -0.21061800 0.00959636 0.00809413
v 0.09883872 -0.00048891 0.01764684
v 0.14163439 -0.00101308 -0.01539939
v 0.15675964 -0.00602548 -0.01330727
v 0.13407878 -0.00907203 0.01212957
v -0.09385320 0.01021534 -0.01027008
v 0.08427299 0.00834792 0.01366042
v 0.08446679 0.00907223 0.01224485
v -0.19290521 0.01010522 -0.00771554
v 0.14119036 -0.00949691 0.00996794
v 0.12073045 0.00918750 -0.00886915
v 0.10126449 0.00978855 -0.00574265
v -0.20046000 0.00965280 0.00342910
v 0.12584890 -0.00758097 0.01427101
v -0.15858114 -0.00945869 0.00898582
v -0.04991675 -0.00636326 -0.01415993
v 0.12265491 -0.00875010 0.01242893
v 0.13131595 0.00184605 -0.01553915
v -0.18228285 -0.00238110 0.01546372
v 0.11204282 0.00684865 -0.01340040
v -0.18305150 0.00822314 -0.01443361
v -0.18539512 0.00903394 -0.01346310
v -0.18396842 0.00960054 -0.01233030
v 0.10219320 -0.00270011 0.01732664
v 0.11505220 -0.00434070 0.01682920
v 0.09343076 0.00176590 0.01750620
v 0.08821181 0.00356729 0.01702111
v -0.18104732 -0.00396734 0.01490982
v -0.14246429 -0.00963934 0.00538862
v 0.15017225 -0.00787844 -0.01158640
v 0.08700849 0.00967287 0.00862126
v 0.08256469 0.00495577 0.01633946
v 0.08116381 0.00629843 0.01552173
v 0.11140410 0.00912280 -0.01070920
v 0.09873101 0.00961931 -0.00863625
v 0.08188009 0.00949120 0.01046516
v -0.05457888 -0.00252466 -0.01631762
v 0.01851335 -0.00410300 -0.01542685
v -0.06015061 0.00017774 -0.01691825
v -0.20510328 0.00935670 0.00929094
v 0.12452440 0.00129588 -0.01549758
v -0.12465394 -0.00753572 -0.01377315
v 0.03050559 -0.00866325 -0.01078253
v 0.11576371 0.00650899 -0.01350648
v -0.13543742 -0.00883762 -0.01088632
v -0.18604587 0.00625560 0.01363297
v -0.04276781 0.00954494 0.00984667
v -0.04239177 0.00925840 0.01116551
v 0.10290105 0.00842758 -0.01173027
v -0.02594472 0.01005870 -0.00886283
v 0.02398918 -0.00911682 -0.00767094
v 0.11424680 -0.00577550 0.01602720
v -0.18773071 0.00327691 0.01508759
v -0.16039590 -0.00764161 0.01241467
v -0.15249537 -0.00048925 -0.01764838
v -0.16827110 -0.00486584 0.01437378
v 0.13877330 -0.00951375 0.00807025
v 0.07998629 0.00750395 0.01456812
v 0.01292561 -0.00961090 0.00943453
v 0.14492526 -0.00869681 -0.01013811
v 0.12847663 -0.00942611 0.01004367
v 0.14715800 -0.00929924 -0.00635788
v 0.10101830 0.00918534 -0.01027518
v -0.12325083 -0.00824829 -0.01266990
v -0.20564642 0.00970123 0.00643402
v 0.10388421 -0.00477569 0.01654373
v 0.14112819 -0.00490457 -0.01401149
v -0.19760009 0.00959841 0.00724043
v -0.12461092 -0.00899123 -0.00928772
v 0.13756437 -0.00345227 -0.01474721
v 0.12843320 -0.00042084 -0.01557738
v -0.18357708 0.01011191 -0.00891432
v 0.10132059 0.00724872 -0.01310363
v 0.11462660 0.00549480 -0.01427625
v -0.14134697 -0.00963301 0.00736709
v -0.14186374 -0.00949289 0.00903026
v 0.12144008 -0.00692042 0.01485552
v 0.14141041 -0.00659503 -0.01281048
v 0.06819635 0.00925444 0.01159831
v 0.14302108 -0.00910116 -0.00852868
v 0.08919780 0.00984443 0.00529194
v 0.12022542 -0.00932078 0.01075835
v 0.12089820 -0.00949597 0.00788277
v 0.13592197 -0.00923303 -0.00673891
v 0.09030163 0.00990143 -0.00498368
v 0.07335320 0.00963274 0.00886432
v -0.09530822 -0.00159582 0.01595841
v -0.07671309 0.00236367 -0.01686365
v -0.14076002 -0.00150337 -0.01740351
v -0.07829552 0.00380462 -0.01651957
v -0.05278944 -0.00526927 -0.01499714
v 0.12197040 -0.00214801 -0.01531275
v -0.16802655 0.00590480 -0.01627872
v -0.09277225 0.00823637 -0.01401829
v -0.00838293 -0.00559453 0.01512622
v -0.03503250 0.00329968 0.01608876
v -0.15226508 0.00186054 -0.01749255
v -0.16174403 0.00526176 -0.01653995
v 0.10608729 0.00557544 -0.01427976
v 0.11681556 -0.00839256 0.01324361
v -0.18212134 -0.00094619 0.01563969
v 0.11528108 0.00333357 -0.01519998
v 0.10630418 -0.00637626 0.01555485
v 0.10977776 -0.00743952 0.01462932
v -0.13042006 -0.00393220 -0.01650437
v 0.09382479 -0.00273977 0.01725516
v -0.19427139 0.00855937 0.01136310
v 0.07341248 0.00187553 0.01735564
v -0.16381471 0.00322581 -0.01732301
v -0.18918424 0.00742928 0.01267434
v -0.17588601 0.00998383 -0.01078190
v 0.00530747 0.00165085 -0.01633901
v -0.06306679 -0.00180189 -0.01659409
v 0.08011180 0.00980080 -0.00067050
v 0.06721148 0.00806641 0.01395176
v 0.06867179 0.00883719 0.01277266
v -0.17362807 0.01012516 -0.00849309
v -0.12854960 -0.00961173 0.00611797
v 0.12199312 -0.00391370 -0.01472238
v -0.18873295 0.00946215 0.00924518
v 0.07770001 -0.00023881 0.01754765
v 0.08831972 0.00854667 -0.01162568
v -0.14496751 -0.00908645 0.01037953
v -0.16322405 0.00807358 -0.01456248
v -0.16842051 0.00884776 -0.01366540
v 0.10886576 -0.00851480 0.01328633
v 0.11189265 0.00225288 -0.01551411
v -0.18009003 0.00153923 0.01550546
v -0.16736410 -0.00201722 0.01544658
v -0.15901808 -0.00625360 0.01360278
v 0.06433864 0.00365876 0.01677331
v 0.06596494 0.00578986 0.01576286
v 0.06064218 0.00720981 0.01473493
v 0.12373701 -0.00921983 -0.00557770
v 0.08080859 0.00979585 -0.00817961
v 0.07486085 0.00992318 -0.00659422
v 0.13142513 -0.00878336 -0.00989017
v 0.13449442 -0.00800181 -0.01138136
v -0.18823249 0.00963757 0.00703051
v 0.08056540 -0.00196703 0.01737963
v -0.19266460 0.00913586 0.01036344
v 0.11223657 0.00071634 -0.01569379
v -0.11920269 -0.00872077 -0.01117611
v 0.08938263 0.00593657 -0.01415061
v -0.06942905 -0.00927381 0.00985189
v -0.15776255 0.00322278 -0.01738316
v -0.16489661 -0.00182791 -0.01714224
v 0.10495317 0.00341672 -0.01527192
v -0.14295623 -0.00826575 0.01178356
v 0.08755440 -0.00497881 0.01631556
v -0.13934054 0.00035682 -0.01753497
v 0.11238081 -0.00912220 0.01194224
v 0.05909363 0.00964743 0.00747826
v -0.18035928 0.00475115 0.01450513
v 0.06747240 0.00989931 -0.00257551
v 0.06220035 0.00944713 0.01040713
v -0.13402846 -0.00258985 -0.01707536
v -0.16674421 0.00940832 -0.01280205
v 0.09144757 -0.00655578 0.01532903
v 0.07885506 -0.00360903 0.01689829
v 0.11105751 -0.00073788 -0.01563794
v 0.10077428 -0.00848878 0.01330674
v -0.12037610 -0.00465090 -0.01602720
v -0.13229755 -0.00932037 0.00982530
v 0.08617149 0.00753357 -0.01288008
v 0.12314906 -0.00722204 -0.01238751
v 0.12542547 -0.00904218 -0.00862718
v -0.17798939 0.00954560 0.00707033
v 0.12472223 -0.00550878 -0.01374068
v 0.07549985 0.00948967 -0.00984041
v 0.07690600 0.00883356 -0.01133573
v 0.10934771 -0.00942751 0.01017906
v -0.15073444 0.00585203 -0.01609509
v -0.15484370 -0.00433120 0.01479010
v 0.08807081 -0.00772259 0.01426263
v -0.16982394 0.00032832 0.01558764
v 0.10226555 0.00184618 -0.01566533
v -0.01722948 -0.00382481 0.01596682
v -0.17870418 0.00867270 0.01103562
v -0.16678917 0.00991429 -0.01140413
v -0.12088929 -0.00960461 0.00650985
v -0.16230614 0.01012619 -0.00988074
v 0.10111811 -0.00948127 0.00769756
v 0.04658092 0.00830562 0.01342083
v 0.05237076 0.00886147 0.01246485
v -0.00816052 0.00436762 -0.01576395
v 0.10025473 -0.00923267 0.01138667
v 0.05553241 0.00997125 -0.00549096
v -0.11575284 -0.00908249 -0.00875524
v 0.11671282 -0.00786358 -0.01168977
v -0.16062800 0.01014894 -0.00754836
v -0.11036860 -0.00605919 -0.01499525
v 0.06498462 0.00841950 -0.01203350
v 0.08974214 0.00435894 -0.01497581
v 0.11392692 -0.00508761 -0.01412424
v 0.10485052 -0.00247798 -0.01523265
v -0.11956177 -0.00098432 -0.01725122
v 0.08291013 -0.00838976 0.01336199
v -0.14198835 -0.00713731 0.01299324
v 0.09660952 0.00002840 -0.01569667
v -0.13997477 0.00268208 -0.01721820
v -0.14593073 0.00439502 -0.01672279
v 0.08439330 0.00289108 -0.01544859
v -0.13206739 0.00149430 -0.01740890
v 0.06653851 -0.00036529 0.01742596
v -0.16169219 0.00678139 -0.01563789
v 0.05032518 0.00490276 0.01618745
v 0.04996127 0.00638181 0.01531102
v -0.17846779 0.00717439 0.01284071
v 0.11466190 -0.00922305 -0.00573837
v -0.15509126 0.00990349 -0.01142469
v 0.04487246 0.00953620 0.00880459
v 0.04854560 0.00932307 0.01066957
v 0.06470700 0.00979655 -0.00876388
v -0.04803632 -0.00809732 -0.01207068
v -0.09544418 -0.00762607 -0.01329164
v -0.10292600 -0.00853212 -0.01172163
v -0.12500201 -0.00956763 0.00814709
v 0.05433622 0.00032897 0.01729182
v 0.07505335 -0.00499168 0.01627624
v 0.07108927 0.00737030 -0.01311855
v 0.05119800 0.00304160 0.01695450
v -0.12686881 -0.00883538 0.01095555
v -0.11740086 0.00882176 0.01164229
v -0.15282743 0.00800684 -0.01452463
v 0.09822011 -0.00943359 0.00980520
v -0.14443729 -0.00513873 0.01432997
v 0.06144029 0.00994979 -0.00706352
v -0.15270993 -0.00285612 0.01537345
v 0.10237645 -0.00920966 -0.00428945
v -0.11937466 -0.00280690 -0.01678021
v 0.00308348 0.00398659 -0.01570397
v -0.10209935 -0.00475047 -0.01576567
v -0.10848633 -0.00893829 -0.00911475
v -0.17541260 0.00929040 0.00885732
v 0.06479213 -0.00212468 0.01720313
v 0.07750134 -0.00678063 0.01510570
v -0.16347914 0.00957877 0.00708108
v 0.09135047 -0.00172178 -0.01549816
v 0.07733767 0.00410206 -0.01514592
v 0.07203482 0.00587087 -0.01426319
v 0.11614341 -0.00842400 -0.01075190
v 0.09081589 -0.00890920 0.01235966
v 0.03110201 0.00743438 0.01422239
v -0.11663418 0.00974517 0.00770748
v 0.11571808 -0.00893637 -0.00894772
v 0.11137737 -0.00633809 -0.01307787
v 0.03572426 0.00898987 0.01204714
v 0.10839000 -0.00905332 -0.00615226
v -0.14628201 0.00729009 -0.01506174
v -0.15319842 0.00895615 -0.01341640
v -0.15211008 -0.00129983 0.01569766
v -0.15262436 0.00019607 0.01573462
v 0.07129815 -0.00602746 0.01565657
v -0.14359434 0.00976238 -0.01182934
v 0.05567247 -0.00167668 0.01715380
v -0.17127932 0.00855408 0.01043462
v 0.08446845 0.00054900 -0.01572153
v 0.04835589 0.00184897 0.01708837
v 0.08973188 -0.00935680 0.00394435
v 0.08485920 -0.00943244 0.00995995
v 0.05091082 0.00989094 -0.00830604
v -0.17215937 0.00768135 0.01185799
v 0.05687925 0.00949261 -0.01006384
v 0.03118938 -0.00593437 -0.01415724
v 0.04347377 0.01000011 -0.00635633
v 0.03875402 -0.00820926 -0.01170038
v 0.03416192 -0.00897102 -0.00935875
v 0.01328526 -0.00938919 0.01081676
v 0.03194155 0.00939116 0.01024997
v 0.05762156 -0.00345730 0.01679004
v -0.09715910 -0.00875207 -0.01064645
v 0.01972714 -0.00967657 0.00792252
v -0.10937284 -0.00930729 -0.00088366
v 0.05913383 0.00772454 -0.01287070
v -0.05886214 -0.00738363 -0.01319274
v 0.06117017 0.00659151 -0.01384534
v 0.10142416 -0.00439888 -0.01445051
v -0.13106009 0.00504194 -0.01635543
v -0.13699059 0.00610076 -0.01584293
v 0.03782558 0.00383140 0.01641865
v 0.03772511 0.00594180 0.01539806
v -0.12099558 0.00077088 -0.01738321
v 0.05880848 -0.00491976 0.01618565
v 0.08819247 -0.00305515 -0.01517998
v -0.15954424 0.00227052 0.01541784
v -0.12855129 -0.00667124 0.01346154
v 0.08459634 -0.00949487 0.00783039
v 0.03427640 0.00960670 0.00799910
v 0.02731842 0.00814301 0.01346762
v -0.11106035 -0.00953959 0.00784906
v -0.16859052 0.00919997 0.00897736
v 0.06597365 -0.00797467 0.01384063
v -0.11308450 -0.00929511 0.00989789
v 0.04926443 0.00917038 -0.01096633
v -0.14431050 0.01025765 -0.00862106
v 0.06682989 0.00445573 -0.01506064
v -0.09202731 -0.00895291 -0.00823657
v 0.05863621 0.00510137 -0.01477094
v 0.07569911 0.00193877 -0.01566462
v -0.09509056 -0.00827985 -0.01218390
v -0.12010775 -0.00793495 0.01228270
v -0.13447669 -0.00494395 0.01453555
v -0.11712314 0.00371001 -0.01681252
v 0.06065162 -0.00717233 0.01463690
v 0.09033768 -0.00914065 -0.00695942
v -0.16360918 0.00378844 0.01487669
v -0.13849890 0.00855978 -0.01385158
v 0.09683165 -0.00897450 -0.00855452
v 0.00139050 -0.00862420 0.01237780
v 0.02345434 0.00921856 0.01110577
v 0.02099965 0.00429065 0.01606217
v 0.07846529 -0.00043883 -0.01572378
v -0.16142597 0.00935171 0.00938732
v -0.16260265 0.00590805 0.01388025
v 0.08595867 -0.00449757 -0.01461961
v -0.14954610 0.00969065 0.00689097
v 0.04503660 -0.00141770 0.01705755
v -0.08701640 -0.00671663 -0.01418223
v -0.13978697 0.01024198 -0.00983040
v 0.07018936 -0.00921419 0.01138498
v 0.01946380 0.00879908 0.01230130
v 0.09993558 -0.00826363 -0.01024691
v -0.08512126 -0.00866993 -0.01081874
v 0.06657999 -0.00891615 0.01231770
v 0.03188798 0.00999310 -0.00589968
v 0.09545133 -0.00831685 -0.01114995
v 0.09657417 -0.00642571 -0.01325583
v 0.02207796 0.00960585 0.00796928
v -0.02420440 0.01010244 -0.00610427
v 0.04167424 0.00788128 -0.01288352
v 0.03636798 0.00237130 0.01679743
v -0.10002815 -0.00332936 -0.01639990
v -0.14433395 0.00136853 0.01569639
v -0.13753415 -0.00301046 0.01535616
v 0.04628970 0.00652295 -0.01402835
v 0.04694649 -0.00298921 0.01675296
v -0.11582447 0.00181800 -0.01726678
v 0.04782171 -0.00540157 0.01576500
v -0.15900153 0.00869068 0.01134392
v 0.03664791 0.00897776 -0.01153540
v -0.16524321 0.00766234 0.01214014
v -0.16066018 0.00741446 0.01276614
v 0.06741109 0.00138987 -0.01581057
v 0.05339649 0.00317354 -0.01557129
v -0.14603301 0.01007030 -0.00368406
v 0.01099743 0.00557106 0.01531753
v -0.09509272 -0.00951163 0.00704017
v 0.07027374 -0.00947861 0.00977611
v 0.03547791 0.00988220 -0.00876483
v 0.06398646 -0.00956756 0.00840061
v 0.03936073 0.00965574 -0.00988074
v 0.08328661 -0.00861018 -0.01044534
v 0.08730542 -0.00786496 -0.01192128
v -0.08613731 -0.00552452 -0.01512347
v 0.07032552 -0.00383546 -0.01493419
v 0.06936996 -0.00135375 -0.01565789
v -0.10987459 0.00014867 -0.01730300
v -0.14613615 0.00473013 0.01471011
v -0.09779976 -0.00181104 -0.01688258
v 0.05167499 -0.00650464 0.01509114
v -0.13683693 0.00913590 -0.01308856
v -0.11125135 -0.00865842 0.01136149
v -0.12070048 -0.00480628 0.01470673
v 0.03207942 0.00073673 0.01701558
v 0.01750952 0.00236523 0.01665952
v 0.08364106 -0.00896859 -0.00876487
v -0.15047417 0.00946750 0.00931411
v 0.07314056 -0.00938735 0.00345262
v -0.15047716 0.00919569 0.01049946
v -0.07507645 -0.00800498 -0.01247816
v 0.08489329 -0.00696452 -0.01295253
v 0.07773780 -0.00621257 -0.01357172
v 0.00678725 0.00860464 0.01258604
v -0.14148380 0.00722200 0.01316527
v -0.14374945 0.00599763 0.01405373
v -0.09800945 -0.00937927 0.00940242
v -0.08604828 -0.00947343 0.00506608
v 0.05279220 -0.00854460 0.01313150
v -0.12675350 0.00981670 -0.01169724
v -0.09763523 -0.00880447 0.01114208
v 0.04769398 0.00448474 -0.01514314
v 0.06286177 -0.00019135 -0.01588592
v -0.13355192 -0.00143180 0.01576329
v 0.00978918 0.00734021 0.01407895
v 0.02125956 0.01004576 -0.00693960
v -0.10450093 0.00124768 -0.01725669
v 0.07836082 -0.00912303 -0.00694586
v 0.00555293 0.00943266 0.00989008
v -0.12364436 0.00758059 -0.01470985
v -0.14145694 0.00324802 0.01534900
v -0.11885834 0.00654524 -0.01546722
v 0.03052080 -0.00178643 0.01685197
v -0.11553525 -0.00659934 0.01354983
v -0.13241781 0.01013899 -0.01022454
v -0.12159735 0.00925436 -0.01284557
v -0.08773813 -0.00612698 0.01422491
v 0.03505891 0.00665940 -0.01400888
v 0.06797830 -0.00509815 -0.01435606
v 0.05298326 0.00103338 -0.01592343
v 0.05808179 -0.00947449 0.01041566
v 0.00864592 0.00964243 0.00796357
v -0.08136730 -0.00883130 -0.00956190
v 0.05401027 -0.00903052 0.01219096
v 0.04116614 -0.00786834 0.01372060
v -0.12398399 -0.00273260 0.01554812
v 0.03138992 -0.00340085 0.01650663
v 0.00947897 -0.00085613 0.01684646
v 0.03865336 0.00420441 -0.01532265
v -0.10677998 0.00272751 -0.01701787
v -0.13417234 0.00112735 0.01579445
v 0.01075867 0.00088120 0.01686173
v -0.10321459 -0.00816699 0.01213052
v 0.04284996 0.00276036 -0.01578058
v 0.02540872 0.00857138 -0.01233772
v -0.13694425 0.01045375 -0.00702485
v -0.10455418 0.00909804 -0.01303738
v 0.06019535 -0.00275700 -0.01550725
v 0.06529500 -0.00918963 -0.00650572
v 0.01442160 0.00998963 -0.00265273
v -0.14149107 0.00888561 0.01129124
v 0.06733815 -0.00872364 -0.01019600
v 0.07191409 -0.00784435 -0.01199547
v 0.02231232 0.00983797 -0.00962183
v -0.00670498 0.00851469 0.01270053
v -0.00504808 0.00910201 0.01149728
v 0.05636765 -0.00946842 0.00384950
v 0.03704152 -0.00429527 0.01614584
v -0.06977001 -0.00863261 -0.01052002
v -0.08388520 -0.00389280 -0.01605680
v 0.02110586 -0.00291131 0.01654537
v 0.04869142 -0.00177648 -0.01584175
v -0.11042835 0.00506271 0.01487850
v 0.02650523 0.00713869 -0.01372595
v -0.10854959 0.00539639 -0.01608532
v -0.09039947 0.00124000 -0.01710568
v -0.12818717 0.00232482 0.01570411
v 0.04809858 -0.00963790 0.00785578
v -0.08156022 -0.00820842 0.01216664
v 0.00069755 0.00962813 0.00783430
v 0.06390709 -0.00903834 -0.00862285
v 0.01369409 0.01000611 -0.00879180
v -0.00084985 -0.00672292 0.01440298
v 0.01772662 0.00937248 -0.01112633
v 0.03793060 -0.00675093 0.01472996
v 0.01222801 0.00814417 -0.01297423
v -0.13520310 0.00971213 0.00742396
v -0.12791106 0.01024788 -0.00820557
v 0.05188114 -0.00392793 -0.01513393
v 0.02540449 -0.00552086 0.01549551
v -0.13898433 0.00948498 0.00956234
v -0.12368467 0.00790784 0.01269312
v -0.11513520 0.01021829 -0.00982997
v -0.07047495 -0.00567773 -0.01481119
v 0.04023933 -0.00891490 0.01202541
v 0.04282403 0.00067216 -0.01607144
v 0.02758952 0.00544263 -0.01485500
v -0.13610529 0.00850876 0.01193380
v -0.07477875 -0.00889499 -0.00800819
v -0.00699672 0.00441392 0.01581519
v -0.00744577 0.00660931 0.01455545
v 0.05106088 -0.00919800 -0.00659219
v -0.01077798 0.00935536 0.01044266
v -0.11747613 0.00068927 0.01601514
v 0.03201774 -0.00966269 0.00731288
v 0.05868549 -0.00654951 -0.01345675
v 0.04397218 -0.00949480 0.01009113
v 0.02601714 -0.00746512 0.01405857
v -0.10912304 0.00723031 -0.01493104
v -0.09897595 0.00452481 -0.01642585
v -0.09939760 -0.00659307 0.01373939
v -0.09416107 0.00328962 -0.01679417
v 0.02174446 0.00399704 -0.01555973
v -0.11106631 -0.00409585 0.01518220
v -0.07486463 -0.00079716 -0.01689314
v -0.08445480 -0.00942359 0.00926350
v 0.00009941 0.00177581 0.01663994
v -0.08246428 -0.00900866 0.01079454
v -0.10994098 0.01001716 -0.01119533
v 0.01894196 0.00681531 -0.01408379
v -0.06097500 -0.00884955 -0.00803986
v 0.00879790 0.01008520 -0.00934200
v -0.01711704 0.00827268 0.01298583
v -0.11946366 0.01024709 -0.00719837
v 0.03663305 -0.00961818 0.00929583
v -0.01358760 0.00960845 0.00815181
v 0.02847083 0.00257695 -0.01595401
v -0.06156033 -0.00843771 -0.01131866
v -0.08167400 -0.00962987 0.00739020
v -0.01510127 0.00953336 -0.01113586
v 0.01539204 -0.00455773 0.01596086
v -0.09321697 -0.00738704 0.01309633
v -0.11555985 -0.00125610 0.01594599
v 0.00749509 -0.00344125 0.01630740
v -0.10233960 -0.00547895 0.01447560
v 0.02796977 -0.00868583 0.01263725
v 0.00278788 0.00923771 -0.01149981
v 0.04878025 -0.00549051 -0.01430401
v -0.07002798 -0.00935870 0.00380681
v 0.00594103 0.01029925 -0.00730238
v -0.12553777 0.00645155 0.01385556
v 0.00128064 0.01011332 -0.00751377
v 0.05339868 -0.00823304 -0.01162893
v 0.04864856 -0.00731794 -0.01280963
v -0.12399774 0.00459806 0.01495379
v 0.01873929 -0.00612432 0.01510920
v 0.01155214 0.00570669 -0.01482013
v 0.02834860 0.00021311 -0.01626034
v -0.01775476 0.00312389 0.01622303
v -0.01376246 0.01009523 -0.00698175
v -0.00089481 -0.00022950 0.01678669
v -0.10195475 -0.00341844 0.01541165
v 0.03642019 -0.00297341 -0.01563530
v -0.02433524 0.00906817 0.01157378
v 0.04243782 -0.00914730 -0.00766068
v 0.04966727 -0.00883684 -0.01003399
v -0.07497740 0.00078573 -0.01701641
v 0.02813476 -0.00940959 0.01090020
v 0.00503825 0.01025288 -0.00296360
v -0.12826556 0.00924839 0.01067624
v -0.00153591 0.00848264 -0.01268513
v -0.01652672 0.00164002 0.01655320
v 0.02345702 -0.00136316 -0.01617177
v 0.00114886 -0.00191171 0.01666628
v -0.07218207 -0.00939120 0.00897852
v -0.12750463 0.00956729 0.00923397
v -0.02669732 0.00751508 0.01371280
v -0.09323795 0.00622448 -0.01557106
v -0.09438329 0.00707630 -0.01504349
v -0.02032854 0.00579176 0.01501598
v -0.00577144 0.00974236 -0.01032455
v -0.02479227 0.00964204 0.00761072
v 0.00799216 -0.00759053 0.01371634
v 0.00924214 -0.00614153 0.01495714
v 0.01397462 -0.00882132 0.01219471
v -0.01515751 0.00013757 0.01667947
v -0.11009755 0.00208910 0.01589715
v -0.01542343 0.00888252 -0.01242371
v 0.03637131 -0.00440706 -0.01506163
v 0.00229897 0.00723026 -0.01390636
v 0.01662274 0.00072732 -0.01634286
v 0.01332069 0.00241163 -0.01609965
v -0.02885332 0.00940300 0.01029525
v -0.05207530 -0.00861467 -0.01022308
v -0.11871829 0.00348359 0.01546969
v -0.08750928 0.00509272 -0.01611423
v -0.01443774 -0.00125730 0.01661373
v -0.00590814 -0.00306444 0.01630780
v -0.00418039 -0.00448120 0.01578326
v -0.10991057 -0.00030285 0.01606325
v -0.01317009 0.00996526 -0.00930706
v -0.01059598 0.00791897 -0.01347731
v -0.00533107 0.00611858 -0.01478856
v -0.10439348 0.00125811 0.01587237
v -0.03509064 0.00661071 0.01443175
v 0.32652881 0.00990015 -0.00441157
v 0.30413702 0.00641998 0.01563646
v 0.30155494 0.00723475 0.01496480
v 0.30098345 0.00894761 0.01243887
v 0.30476120 0.00869755 0.01274430
v 0.25121384 0.01011395 -0.00546825
v 0.11788043 0.00778219 -0.01198523
v 0.12237090 0.00564823 -0.01371286
v 0.12331444 0.00832800 -0.01072907
v 0.12291248 0.00332769 -0.01496990
v 0.00859853 0.01030359 -0.00484947
v 0.15901082 -0.00507224 0.01675901
v -0.06611430 0.01022390 0.00589240
v -0.06288987 0.01016571 0.00602284
v 0.04031745 0.00025854 0.01700102
v -0.16892939 0.00286491 0.01508179
v -0.16960415 0.00550871 0.01382942
v -0.13757952 0.01037730 -0.00470661
v -0.25726428 0.00433130 0.01440593
v -0.33179986 -0.00278368 0.01437778
v 0.12358340 -0.00212008 0.01739799
v 0.12389801 -0.00481991 0.01637636
v -0.04508585 0.00191198 -0.01648985
v -0.27469494 -0.00918137 -0.01015482
v -0.27393491 -0.00960409 -0.00657138
v -0.23334560 -0.00969407 -0.00417005
v -0.11710048 -0.00927976 -0.00549424
v -0.07888544 -0.00965162 0.00482266
v -0.02856768 -0.00869233 0.01050998
v -0.02639100 -0.00724320 0.01337590
v -0.03258565 -0.00722745 0.01328705
v -0.03208805 -0.00922985 0.00827143
v 0.10781868 -0.00845194 -0.00887865
v 0.10699852 -0.00732844 -0.01150084
v 0.10447748 -0.00612523 -0.01304106
v -0.35306849 0.00195265 -0.00170325
v -0.35336740 -0.00022780 -0.00287020
v -0.35090051 0.00730500 -0.01020480
v 0.33254025 0.00236856 -0.01465472
v 0.20773320 -0.00856448 0.01266719
v 0.20289891 -0.00861335 0.01250890
v 0.20125360 -0.00935989 0.00973423
v -0.35159056 -0.00503522 0.01075298
v -0.35121360 -0.00753575 0.00715690
v -0.35313435 -0.00299865 0.00089888
v -0.35163560 0.00262532 0.01068421
v -0.35300510 -0.00166291 0.00525723
v -0.35265319 -0.00494200 0.00470390
v -0.35214016 0.00321930 -0.00981487
v -0.35203452 0.00528621 -0.00523002
v -0.35187700 -0.00462150 -0.01055410
v -0.35116007 0.00127855 -0.01429665
v -0.35117359 0.00564880 -0.01184460
v -0.35110426 -0.00196912 -0.01395711
v -0.35218968 0.00383568 0.00664358
v -0.35281973 0.00115068 0.00562224
v -0.35126760 0.00142584 0.01192997
v -0.35270092 -0.00255565 -0.00834308
v -0.35203500 -0.00224905 -0.01142085
v -0.35103455 -0.00491447 -0.01275183
v -0.35051932 0.00278217 -0.01554330
v -0.35239203 -0.00088005 0.00930251
v -0.35280056 -0.00464272 -0.00462649
v -0.35236402 0.00103713 -0.01007866
v -0.35203910 -0.00567520 0.00821260
v -0.35319445 -0.00242305 -0.00503380
v -0.35131824 0.00643530 0.00526484
v -0.35315843 -0.00011855 -0.00636405
v -0.35267086 0.00315197 -0.00638320
v -0.32069890 -0.01005409 0.00454400
v -0.32913582 0.00089353 0.01402366
v -0.33093979 0.00392347 0.01304646
v -0.33028457 0.00616202 0.01134459
v -0.32266147 0.00957485 -0.00006745
v 0.35325520 -0.00000375 -0.00176605
v 0.34565356 -0.01041488 -0.00239700
v 0.34346991 -0.01044394 -0.00159442
v 0.35306885 -0.00219365 -0.00031675
v 0.35332201 0.00387325 -0.00253725
v -0.15978324 0.00062733 -0.01769133
v -0.16682439 -0.00971765 -0.00638947
f 32 4 30
f 4 32 29
f 63 84 13
f 19 20 37
f 17 37 53
f 32 30 65
f 84 110 13
f 51 37 20
f 62 181 124
f 68 29 32
f 231 141 124
f 46 28 71
f 28 14 73
f 203 177 141
f 22 10 34
f 133 114 118
f 252 289 253
f 985 927 905
f 45 29 68
f 65 121 68
f 100 61 46
f 347 310 453
f 289 322 425
f 537 481 453
f 126 33 45
f 126 128 33
f 996 985 1068
f 427 425 518
f 427 289 425
f 482 649 645
f 985 980 1037
f 645 518 482
f 518 603 550
f 166 152 127
f 1096 996 1068
f 1049 996 1096
f 138 184 106
f 662 72 628
f 628 593 594
f 628 594 595
f 628 595 666
f 595 604 672
f 548 678 643
f 702 649 578
f 214 170 169
f 497 651 687
f 552 618 651
f 619 674 618
f 170 214 199
f 618 674 751
f 905 850 822
f 822 880 905
f 288 255 284
f 926 849 850
f 1492 1302 1218
f 311 290 378
f 358 266 212
f 315 371 372
f 315 372 376
f 376 375 315
f 386 380 350
f 783 869 825
f 844 869 786
f 343 442 443
f 416 330 380
f 468 371 443
f 447 371 468
f 841 870 973
f 849 926 941
f 901 767 793
f 851 925 962
f 852 851 962
f 823 858 993
f 858 852 991
f 936 823 993
f 924 992 1012
f 816 875 793
f 1011 1059 1056
f 892 875 877
f 1975 291 243
f 1007 1086 1008
f 596 652 601
f 698 656 592
f 722 652 580
f 580 692 722
f 715 592 696
f 1223 1143 1142
f 652 721 719
f 1261 1188 1161
f 775 730 711
f 1286 1316 1229
f 781 696 801
f 696 791 801
f 791 719 787
f 1300 1178 1214
f 1214 1138 1301
f 1936 1937 1956
f 1284 1223 1220
f 788 781 824
f 1284 1336 1285
f 782 800 845
f 845 759 782
f 756 779 884
f 884 885 756
f 878 833 897
f 1329 1327 1211
f 1241 1354 1329
f 1211 1241 1329
f 1399 1305 1331
f 833 765 897
f 1250 1305 1401
f 296 1950 270
f 1341 1240 1324
f 878 954 955
f 1390 1246 1278
f 955 974 878
f 895 878 974
f 1410 1413 1358
f 1410 1385 1413
f 896 895 960
f 1474 1446 1364
f 1475 1401 1305
f 1399 1475 1305
f 1320 1374 1294
f 928 971 921
f 837 658 744
f 921 971 922
f 1157 1092 986
f 1021 954 1006
f 736 658 837
f 1021 955 954
f 974 955 1039
f 1576 1508 1450
f 1542 1576 1502
f 1537 1508 1578
f 1572 1632 1648
f 1646 1562 1561
f 1229 1199 1113
f 1632 1709 1648
f 1664 1537 1700
f 1176 1098 1159
f 1597 1680 1729
f 1729 1598 1597
f 1135 1098 1176
f 1074 1131 1109
f 1025 1070 1141
f 1128 1111 1095
f 301 458 271
f 1095 1061 1128
f 1669 1774 1748
f 1099 1165 1036
f 1036 1165 1125
f 1798 1829 1087
f 1185 1080 1106
f 1276 1891 1873
f 1136 1154 1192
f 679 624 549
f 1134 1435 1891
f 1216 1128 1156
f 501 799 1826
f 1165 1232 1228
f 1209 1207 1269
f 1269 1207 1225
f 1258 1195 1282
f 1282 1195 1234
f 158 1134 1276
f 1192 1262 1234
f 469 913 911
f 1243 1201 1239
f 769 429 917
f 769 233 429
f 1311 1289 1209
f 1311 1209 1291
f 1257 1287 1255
f 736 792 735
f 1258 1282 1325
f 703 633 738
f 1210 1368 1367
f 1291 1269 1339
f 251 501 57
f 1359 1362 1280
f 1280 1258 1359
f 1311 1291 1371
f 1347 1343 1310
f 1406 1274 1350
f 1274 1406 1355
f 76 96 60
f 1306 1398 1330
f 1350 1427 1406
f 171 430 422
f 102 171 422
f 1448 1397 1411
f 1422 1449 1445
f 1449 1397 1448
f 79 103 369
f 96 76 305
f 1449 1471 1445
f 1369 1451 1411
f 749 430 613
f 1471 1497 1445
f 681 727 789
f 139 670 668
f 1428 1406 1427
f 1517 1497 1532
f 1449 1448 1504
f 945 409 667
f 1449 1507 1471
f 1428 1427 1517
f 1449 1520 1507
f 492 194 717
f 1497 1471 1507
f 1528 1428 1517
f 539 1013 488
f 1517 1532 1571
f 1479 1428 1555
f 1591 1479 1555
f 1512 1479 1591
f 205 673 1297
f 1575 1528 1605
f 1577 1887 1457
f 1528 1571 1633
f 1457 1886 1333
f 651 618 697
f 1582 1599 1638
f 1668 1935 1934
f 1606 1588 1666
f 1666 1588 1670
f 1584 1630 1658
f 1714 1651 1605
f 1294 1374 1295
f 1613 1388 1861
f 1929 1930 421
f 1656 1674 1734
f 946 1139 1930
f 1670 1749 1746
f 1746 1696 1694
f 1881 1822 1867
f 1856 1822 1881
f 1733 1714 1764
f 1712 1733 1786
f 1712 1767 1698
f 1768 1718 1717
f 1795 1776 1836
f 1714 1772 1764
f 1753 1710 1757
f 1773 1752 1795
f 1749 1724 1800
f 1783 1696 1812
f 1812 1696 1746
f 1790 1795 1813
f 1795 1790 1773
f 1711 1657 1822
f 1805 1657 1692
f 1807 1772 1783
f 1731 1671 1695
f 1843 1811 1849
f 1801 1777 1853
f 1674 1731 1765
f 251 1932 423
f 1605 1633 1714
f 1869 1753 1856
f 1839 1753 1869
f 1813 1878 1841
f 1671 1674 1634
f 1841 1880 1863
f 1836 1879 1851
f 703 605 633
f 1878 1813 1851
f 1841 1878 1880
f 1618 1863 1614
f 1618 1614 1404
f 1879 1839 1894
f 1869 1856 1892
f 1839 1869 1894
f 1614 1863 1880
f 1634 1557 1611
f 1440 1788 1894
f 630 497 687
f 1879 1894 1788
f 520 515 1924
f 1878 1879 1788
f 1505 1581 1616
f 1616 1565 1505
f 1616 1581 1601
f 1559 1481 1480
f 1480 1515 1559
f 1880 1878 1655
f 1618 1404 1202
f 1416 1437 1506
f 1613 1396 1266
f 1613 1266 1388
f 1612 1388 499
f 1514 1464 1415
f 1511 1423 1483
f 1467 1515 1380
f 1380 1515 1480
f 1033 1614 1655
f 1444 1447 1472
f 1444 1472 1493
f 1413 1385 1465
f 1614 1033 866
f 866 716 1404
f 1202 1404 716
f 1405 1483 1375
f 1407 1429 1425
f 489 1202 716
f 1365 1419 1444
f 1444 1418 1365
f 1425 1332 1407
f 1546 1549 1496
f 1542 1502 1434
f 1428 1402 1406
f 189 488 671
f 211 191 667
f 529 556 566
f 716 55 489
f 526 566 568
f 489 55 96
f 491 568 555
f 526 568 491
f 102 104 83
f 230 137 660
f 1321 1270 1288
f 1321 1288 1264
f 222 660 137
f 222 135 742
f 1184 1273 1204
f 1224 1274 1273
f 1087 635 1052
f 1160 1193 1258
f 1134 438 1435
f 1187 1166 1242
f 1242 1166 1236
f 1248 1186 1122
f 1103 1162 1106
f 643 761 877
f 1156 1061 1097
f 1128 1154 1111
f 1155 653 1857
f 1490 1821 1870
f 1126 1043 1060
f 1857 1895 1838
f 1554 1391 1499
f 940 842 941
f 1837 1742 1816
f 1837 1726 1784
f 1784 1726 1823
f 1046 1121 1083
f 457 435 498
f 1000 1118 1058
f 1840 1816 1155
f 1840 1857 1819
f 1726 1837 1758
f 1463 1526 1563
f 767 645 702
f 1722 1693 1821
f 966 1018 1016
f 1761 1792 1793
f 984 983 891
f 966 947 983
f 1561 1664 1716
f 983 1018 966
f 1756 1729 1809
f 1756 1782 1679
f 1513 1580 1583
f 1580 1524 1602
f 1602 1524 1608
f 1524 1554 1608
f 1639 1726 1708
f 1636 1722 1639
f 898 942 965
f 843 918 923
f 1693 1636 1619
f 874 843 848
f 1679 1631 1598
f 1652 1704 1660
f 759 845 864
f 790 794 888
f 1568 1639 1708
f 891 784 790
f 1631 1521 1598
f 702 645 649
f 1922 1921 1397
f 484 514 487
f 1544 1494 1647
f 1647 1494 1568
f 826 795 864
f 1462 1513 1583
f 1597 1598 1474
f 848 843 762
f 451 500 495
f 495 433 434
f 719 791 641
f 696 641 791
f 745 715 788
f 715 696 781
f 1463 1374 1320
f 745 788 765
f 1262 1921 1922
f 1300 1452 1326
f 949 792 920
f 1338 1401 1373
f 1373 1364 1222
f 699 728 646
f 714 699 624
f 624 679 714
f 1219 1250 1338
f 708 758 706
f 711 610 706
f 1254 1306 1151
f 563 656 698
f 437 390 457
f 1286 1229 1171
f 1226 1286 1171
f 686 600 519
f 519 681 686
f 1285 1226 1086
f 1284 1285 1086
f 1284 1086 1223
f 1143 1223 1086
f 1235 1140 1191
f 600 686 695
f 543 582 681
f 1167 1168 1250
f 1250 1219 1167
f 1222 1196 1169
f 1167 1219 1110
f 1235 1168 1140
f 1144 1110 1219
f 1219 1169 1144
f 1063 998 1168
f 792 736 873
f 640 557 590
f 1063 1167 1110
f 988 989 1108
f 1499 1917 1554
f 591 596 601
f 980 986 1092
f 1037 980 1092
f 582 479 517
f 1916 1398 1473
f 998 1063 990
f 614 465 531
f 503 531 511
f 1072 933 982
f 509 414 512
f 991 852 1051
f 414 509 473
f 509 508 473
f 467 496 506
f 467 506 405
f 506 505 405
f 1040 925 952
f 992 924 869
f 1579 1643 1619
f 924 1012 890
f 465 444 471
f 879 829 936
f 970 920 873
f 920 976 949
f 390 437 436
f 841 844 840
f 443 371 343
f 447 372 371
f 786 783 725
f 688 685 780
f 1755 1683 1649
f 301 240 269
f 223 244 337
f 567 564 657
f 267 385 313
f 287 262 164
f 504 647 572
f 574 504 450
f 450 394 574
f 577 574 394
f 546 577 486
f 486 577 394
f 514 504 572
f 267 355 385
f 1750 1706 1790
f 133 144 114
f 145 119 112
f 23 42 41
f 24 22 42
f 22 43 56
f 456 460 359
f 306 450 484
f 486 395 364
f 19 24 23
f 452 401 329
f 23 20 19
f 401 451 374
f 21 18 10
f 1173 1016 1018
f 10 18 4
f 448 397 368
f 19 17 15
f 253 384 355
f 1740 1761 1793
f 16 14 39
f 39 4 15
f 401 374 344
f 231 203 141
f 339 399 368
f 84 141 177
f 66 136 99
f 134 162 66
f 179 155 123
f 967 1061 984
f 179 123 120
f 89 178 120
f 120 178 179
f 110 89 40
f 1737 1735 1814
f 1755 1815 1817
f 40 89 48
f 241 155 179
f 13 110 40
f 228 179 178
f 9 36 12
f 13 36 9
f 313 348 257
f 7 9 8
f 2 8 11
f 7 5 9
f 5 7 3
f 1 7 2
f 434 433 432
f 432 399 434
f 401 452 451
f 75 41 42
f 457 390 435
f 88 41 75
f 112 144 145
f 147 87 73
f 591 419 579
f 53 116 148
f 393 472 435
f 169 170 151
f 152 121 77
f 45 68 126
f 106 46 138
f 71 87 138
f 530 591 617
f 239 240 221
f 293 328 292
f 243 362 363
f 300 408 365
f 1850 1846 1704
f 365 408 474
f 546 608 648
f 682 644 577
f 1782 1809 1882
f 674 654 710
f 710 654 659
f 310 245 213
f 1838 1895 1809
f 455 392 391
f 459 386 350
f 350 358 459
f 630 720 636
f 636 738 633
f 428 527 464
f 1882 1890 1782
f 1891 1435 1817
f 508 557 538
f 538 557 553
f 808 738 720
f 1365 1907 1389
f 610 637 586
f 571 646 625
f 634 625 689
f 837 744 832
f 690 615 614
f 1909 1238 1259
f 691 561 631
f 771 853 880
f 665 705 704
f 704 583 665
f 695 740 679
f 879 830 829
f 259 1904 208
f 759 740 752
f 728 699 766
f 714 766 699
f 714 679 740
f 766 762 728
f 964 869 844
f 164 208 186
f 952 925 908
f 728 827 758
f 765 788 847
f 855 846 787
f 1087 1351 1798
f 887 860 814
f 1044 936 1038
f 1055 1151 1059
f 1089 1012 992
f 958 860 978
f 887 979 978
f 965 979 898
f 1284 1220 1366
f 1285 1197 1286
f 884 957 1000
f 884 1000 959
f 1105 1037 1092
f 1003 956 1019
f 1050 1157 986
f 1062 975 1003
f 981 987 1034
f 49 26 66
f 1112 1151 1200
f 66 99 49
f 1043 1103 1019
f 1104 1084 1022
f 1105 1175 1208
f 912 742 168
f 1112 1200 1189
f 1214 1137 1138
f 1082 1143 1086
f 1064 1081 1149
f 1058 1118 1120
f 1175 1267 1208
f 1183 1126 1163
f 1360 1249 1261
f 1084 1186 1163
f 1340 1331 1249
f 1147 1084 1104
f 1190 1224 1121
f 1246 1320 1281
f 1320 1246 1390
f 1366 1469 1336
f 1367 1470 1366
f 1182 1204 1292
f 1232 1182 1292
f 168 105 912
f 1475 1519 1401
f 1007 1082 1086
f 1326 1452 1486
f 1317 1273 1355
f 1274 1355 1273
f 1371 1291 1339
f 1314 1403 1378
f 1475 1399 1544
f 1402 1355 1406
f 1524 1452 1455
f 74 185 147
f 1348 1437 1416
f 1480 1481 1430
f 1570 1595 1518
f 1596 1470 1503
f 1536 1527 1462
f 1425 1429 1512
f 1512 1482 1425
f 445 511 471
f 1429 1479 1512
f 1483 1482 1535
f 163 116 91
f 1653 1570 1596
f 1550 1466 1453
f 1557 1501 1498
f 1528 1517 1571
f 1528 1575 1555
f 1533 1500 1573
f 1538 1510 1566
f 1515 1609 1559
f 526 498 566
f 1780 1755 1649
f 1634 1615 1557
f 1737 1780 1649
f 1703 1732 1781
f 1705 1703 1820
f 1642 1644 1586
f 1644 1622 1586
f 1775 1678 1705
f 1774 1669 1716
f 1723 1643 1748
f 1692 1657 1627
f 457 498 526
f 204 119 145
f 1748 1774 1804
f 1673 1717 1718
f 204 206 234
f 317 79 76
f 1796 1792 1662
f 1727 1681 1644
f 1681 1622 1644
f 206 204 258
f 1733 1764 1786
f 1712 1786 1767
f 329 401 344
f 1744 1718 1811
f 1439 1814 1762
f 1762 937 446
f 1763 1794 1777
f 1802 1754 1818
f 277 334 308
f 660 222 742
f 206 258 345
f 427 518 550
f 930 82 1155
f 1842 1835 1876
f 1866 1897 1883
f 1897 1866 1898
f 1852 1577 1898
f 1395 1855 1896
f 969 317 60
f 1395 1896 1835
f 946 1116 1139
f 866 1033 739
f 1033 540 739
f 776 1077 229
f 229 1077 398
f 776 770 1079
f 776 1078 1077
f 55 866 739
f 58 78 150
f 250 260 931
f 250 900 770
f 739 540 188
f 222 137 135
f 58 70 78
f 377 129 103
f 78 189 150
f 191 192 189
f 409 95 132
f 345 405 287
f 403 404 400
f 251 516 501
f 439 404 403
f 165 58 140
f 501 516 799
f 621 317 1560
f 55 739 188
f 429 930 917
f 716 866 55
f 1351 1087 1052
f 1826 1889 501
f 717 194 1266
f 501 1889 969
f 1065 717 1266
f 403 444 439
f 1803 1797 1569
f 1804 1826 1844
f 1891 1817 1815
f 1873 1891 1815
f 598 477 549
f 1266 1396 1065
f 1873 1815 1780
f 1202 1065 1396
f 466 408 406
f 1881 1867 1078
f 1804 1774 1826
f 1723 1821 1693
f 900 1892 1079
f 1723 1834 1821
f 1803 1688 1720
f 1819 1838 1751
f 1838 1809 1729
f 1780 1815 1755
f 1737 1814 1780
f 1741 1653 1707
f 1860 1807 1396
f 1693 1722 1636
f 1723 1693 1619
f 1643 1723 1619
f 1791 1825 1852
f 1129 1198 1260
f 1396 1807 1783
f 1822 1805 1854
f 1683 1703 1542
f 1856 1757 1822
f 1542 1628 1683
f 1813 1795 1851
f 1795 1836 1851
f 139 130 205
f 107 205 130
f 376 372 445
f 1583 1536 1462
f 1783 1812 1830
f 1556 1525 1527
f 1474 1598 1521
f 1731 1787 1765
f 1789 1769 1686
f 1267 1346 1345
f 1340 1468 1494
f 1421 1509 1468
f 1772 1714 1696
f 1463 1320 1414
f 835 797 758
f 1400 1442 1496
f 1585 1689 1690
f 1702 1689 1658
f 1434 1302 1400
f 1673 1699 1717
f 1285 1336 1197
f 1336 1284 1366
f 1210 1327 1368
f 1620 1681 1676
f 1220 1367 1366
f 188 540 283
f 283 540 490
f 1599 1629 1650
f 1210 1211 1327
f 1601 1564 1663
f 485 424 392
f 1615 1634 1674
f 490 540 669
f 1261 1249 1188
f 1667 1529 1593
f 382 424 476
f 1584 1541 1630
f 1541 1623 1630
f 1089 1137 1108
f 1589 1627 1553
f 1105 1092 1175
f 1161 1044 1038
f 1506 1584 1545
f 1107 1038 1035
f 1031 1144 1169
f 1151 1112 1059
f 1005 1004 1022
f 1038 936 1035
f 1113 1057 1010
f 976 1030 1031
f 1444 1493 1489
f 493 441 410
f 1500 1459 1481
f 867 933 834
f 867 859 933
f 879 933 859
f 1476 1372 1377
f 919 970 873
f 1485 1347 1466
f 1451 1347 1485
f 869 924 825
f 890 825 924
f 1408 1394 1467
f 1206 1228 1275
f 889 856 773
f 1394 1344 1418
f 1380 1335 1379
f 1348 1416 1308
f 685 867 834
f 780 685 834
f 1304 1415 1303
f 685 650 859
f 1344 1394 1408
f 1380 1379 1408
f 803 683 825
f 751 773 856
f 1228 1318 1275
f 1318 1232 1292
f 738 809 763
f 748 772 771
f 657 744 658
f 1251 1230 1186
f 688 528 685
f 493 413 505
f 629 712 713
f 1195 1258 1193
f 650 685 528
f 1256 1213 1203
f 1114 1221 1203
f 1170 1203 1213
f 1205 1221 1181
f 554 528 558
f 453 418 548
f 453 548 537
f 487 542 541
f 667 1048 1053
f 609 442 585
f 532 442 609
f 609 584 532
f 1172 1173 1136
f 1842 1876 1827
f 299 310 213
f 238 304 198
f 213 198 299
f 209 276 219
f 1166 1141 1109
f 1066 1102 1042
f 1042 1102 1041
f 64 141 84
f 1245 369 854
f 64 84 63
f 1674 1656 1615
f 1388 194 499
f 35 66 26
f 950 1014 997
f 113 91 50
f 69 86 118
f 958 932 909
f 1564 1604 1915
f 300 338 269
f 301 269 338
f 333 370 335
f 244 363 337
f 865 923 827
f 923 865 843
f 493 410 262
f 405 413 287
f 692 790 784
f 535 510 440
f 440 441 535
f 729 794 790
f 513 416 386
f 530 462 361
f 530 523 462
f 530 361 419
f 1810 1202 1396
f 468 532 584
f 535 586 510
f 588 562 441
f 705 638 732
f 677 732 638
f 588 441 589
f 589 441 493
f 468 584 583
f 559 571 625
f 544 563 606
f 592 656 563
f 584 665 583
f 584 609 665
f 598 624 646
f 525 606 677
f 729 602 616
f 513 523 592
f 592 563 513
f 709 640 612
f 502 606 525
f 664 709 612
f 784 721 722
f 692 729 790
f 729 754 794
f 586 512 510
f 590 557 512
f 810 833 878
f 1148 1126 1183
f 571 506 496
f 496 477 571
f 1395 1675 1855
f 1212 1675 868
f 665 609 638
f 523 513 459
f 886 813 836
f 416 513 502
f 895 974 960
f 896 960 977
f 503 447 468
f 1071 1009 1073
f 1032 1073 963
f 1896 1855 1847
f 1557 1615 1558
f 1041 1102 1150
f 1183 1163 1230
f 1195 1172 1234
f 1172 1192 1234
f 1832 1886 1887
f 1225 1185 1231
f 1271 1225 1231
f 350 380 264
f 1786 1860 1861
f 582 724 727
f 330 264 380
f 320 341 316
f 1237 1308 1309
f 341 290 285
f 1236 1237 1309
f 378 340 311
f 195 212 266
f 1381 1313 1376
f 217 193 264
f 734 778 583
f 731 583 778
f 622 663 746
f 277 174 176
f 243 244 142
f 243 142 182
f 1377 1372 1339
f 902 811 885
f 1770 1828 1806
f 746 724 622
f 753 732 833
f 1760 1676 1779
f 258 145 261
f 759 752 782
f 183 244 223
f 142 244 183
f 764 833 732
f 1381 1424 1353
f 1745 1759 1690
f 1728 1777 1745
f 1754 1727 1759
f 1673 1935 1672
f 88 119 113
f 1564 1550 1453
f 119 88 75
f 1485 1550 1581
f 50 88 113
f 1585 1539 1548
f 1489 1585 1586
f 88 50 41
f 1566 1489 1586
f 27 85 44
f 1607 1533 1573
f 1609 1607 1559
f 1645 1585 1548
f 13 31 63
f 709 733 796
f 1638 1724 1670
f 94 92 48
f 1635 1719 1730
f 1697 1695 1607
f 213 245 160
f 1725 1740 1798
f 1719 1770 1730
f 1734 1747 1785
f 149 245 312
f 180 149 312
f 1745 1777 1801
f 253 181 252
f 124 253 265
f 231 265 267
f 231 267 257
f 1802 1743 1754
f 231 257 203
f 1827 1789 1842
f 1612 1848 1861
f 1777 1868 1853
f 1858 1777 1794
f 254 177 203
f 1877 1831 1212
f 1675 1831 1855
f 312 347 381
f 256 343 315
f 252 322 289
f 1866 1883 1842
f 265 253 267
f 280 360 326
f 395 302 364
f 298 302 395
f 1392 1888 1265
f 1212 1265 1877
f 280 359 360
f 389 354 436
f 436 354 390
f 351 390 318
f 1202 1810 1618
f 427 384 289
f 1135 1075 1051
f 1788 1440 1116
f 1404 1614 866
f 457 491 437
f 569 1457 1333
f 670 1297 1293
f 454 407 383
f 539 857 1013
f 868 1013 1265
f 488 1013 868
f 498 472 475
f 487 514 542
f 417 570 545
f 348 528 564
f 230 81 159
f 456 564 460
f 159 137 230
f 461 608 546
f 248 232 104
f 629 650 554
f 927 985 996
f 650 528 554
f 501 969 57
f 688 564 528
f 814 711 797
f 797 835 814
f 768 603 767
f 1433 911 913
f 713 650 629
f 1862 1433 913
f 1873 1439 1276
f 1890 1882 912
f 1778 1846 1850
f 1792 1796 1871
f 822 748 771
f 808 842 809
f 809 738 808
f 1691 1662 1792
f 727 818 800
f 1671 1634 1611
f 1669 1748 1643
f 821 751 853
f 806 841 675
f 852 747 851
f 684 852 858
f 806 760 680
f 1649 1683 1628
f 1678 1508 1576
f 737 806 680
f 1549 1624 1649
f 935 856 889
f 1421 1563 1509
f 1463 1563 1420
f 988 935 889
f 982 879 936
f 1390 1414 1320
f 1059 1112 1088
f 1336 1438 1197
f 1011 1055 1059
f 1115 1040 952
f 766 795 826
f 1040 1047 925
f 892 1007 1008
f 1047 1040 1129
f 1214 1178 1137
f 1051 962 1098
f 1188 1072 1044
f 1215 1175 1157
f 418 576 548
f 1188 1191 1072
f 1161 1188 1044
f 1174 1161 1038
f 1191 1140 1072
f 1038 1107 1174
f 935 986 853
f 1151 1196 1254
f 1226 1171 1086
f 1115 1199 1257
f 905 880 985
f 908 948 952
f 1281 1294 1299
f 948 908 820
f 972 915 893
f 941 972 940
f 1267 1217 1208
f 1217 1267 1345
f 720 822 850
f 1286 1197 1316
f 748 720 630
f 684 599 627
f 1241 1358 1354
f 1387 1263 1341
f 607 700 726
f 604 726 725
f 718 666 672
f 1295 1374 1420
f 1360 1420 1421
f 1331 1340 1399
f 1462 1527 1525
f 536 627 599
f 627 551 655
f 1327 1417 1456
f 1456 1368 1327
f 629 554 515
f 629 515 599
f 436 552 522
f 1358 1413 1484
f 491 436 437
f 910 863 861
f 1502 1576 1450
f 304 407 299
f 383 407 304
f 327 276 295
f 294 210 292
f 286 275 294
f 1574 1572 1680
f 1793 1798 1740
f 85 111 149
f 1735 1762 1814
f 1687 1688 1685
f 136 198 99
f 1641 1536 1691
f 1536 1662 1691
f 64 31 6
f 23 50 20
f 1740 1600 1665
f 45 33 29
f 1716 1664 1621
f 565 1490 1870
f 1774 1716 1833
f 23 41 50
f 1820 1703 1781
f 1127 1490 420
f 1809 1782 1756
f 56 90 42
f 148 208 1905
f 164 163 91
f 1792 1590 1793
f 145 258 204
f 157 221 224
f 224 226 156
f 226 175 156
f 1467 1516 1515
f 909 886 862
f 358 200 357
f 1889 1774 1833
f 1774 1889 1826
f 799 1844 1826
f 449 303 387
f 387 330 416
f 1762 446 1439
f 1467 1418 1510
f 458 478 479
f 380 386 416
f 358 357 462
f 937 1824 1351
f 474 534 561
f 150 635 58
f 513 386 459
f 635 140 58
f 493 559 589
f 886 909 932
f 95 158 132
f 826 848 762
f 708 706 707
f 1467 1380 1408
f 646 624 699
f 97 260 250
f 639 632 583
f 756 615 690
f 1380 1480 1430
f 58 165 70
f 891 855 784
f 637 711 730
f 1531 1898 1577
f 774 733 730
f 78 539 488
f 1481 1459 1430
f 868 671 488
f 1835 1896 1876
f 734 812 831
f 811 663 757
f 907 846 855
f 734 831 778
f 815 778 861
f 817 881 794
f 1048 671 1395
f 855 891 947
f 1348 1415 1437
f 671 868 1395
f 921 922 847
f 847 922 897
f 906 928 819
f 906 819 894
f 1333 1886 1868
f 1868 994 1333
f 957 863 910
f 1322 994 1868
f 959 902 885
f 1019 1106 1003
f 818 902 959
f 818 959 939
f 977 910 896
f 1307 1875 1900
f 1307 1854 1875
f 891 983 947
f 1610 1849 1245
f 1612 1245 1849
f 1388 1612 1861
f 1577 1818 1887
f 1423 1412 1349
f 1025 953 981
f 1212 1831 1675
f 1854 1805 1875
f 1064 977 1081
f 977 960 1081
f 1015 1020 1054
f 1892 1856 1881
f 1099 1036 974
f 1885 1791 1852
f 1847 1876 1896
f 1783 1810 1396
f 934 1003 975
f 1786 1764 1807
f 1165 1099 1101
f 1165 1206 1125
f 1005 932 1004
f 1728 1702 1777
f 1702 1763 1777
f 1253 1183 1230
f 1180 1152 1270
f 1242 1264 1187
f 1264 1194 1187
f 1768 1699 1698
f 1190 1160 1258
f 1280 1274 1190
f 1672 1698 1699
f 1319 1233 1275
f 1221 1283 1304
f 1221 1304 1303
f 1303 1203 1221
f 1651 1733 1712
f 1714 1733 1651
f 1363 1386 1321
f 1237 1256 1308
f 1242 1309 1264
f 888 967 984
f 1629 1616 1684
f 1405 1319 1318
f 1682 1601 1663
f 1696 1633 1606
f 1694 1606 1666
f 1407 1402 1429
f 1606 1633 1571
f 1571 1532 1606
f 1532 1588 1606
f 1378 1403 1478
f 1505 1485 1581
f 1604 1564 1453
f 1550 1564 1601
f 1451 1369 1347
f 1512 1591 1587
f 1194 1270 1152
f 1591 1555 1594
f 1520 1543 1507
f 1555 1575 1594
f 1559 1607 1573
f 1493 1548 1539
f 1605 1528 1633
f 1575 1605 1651
f 1533 1498 1500
f 1607 1611 1533
f 1131 1166 1109
f 1658 1645 1603
f 1453 1466 1371
f 1505 1451 1485
f 1575 1651 1654
f 1654 1651 1712
f 1712 1698 1654
f 1714 1633 1696
f 1483 1423 1375
f 1682 1684 1616
f 1003 934 956
f 1650 1629 1706
f 1684 1706 1629
f 1746 1666 1670
f 1666 1746 1694
f 1459 1376 1426
f 1376 1459 1431
f 1424 1381 1431
f 1747 1734 1674
f 1298 1315 1251
f 1765 1747 1674
f 1365 1418 1344
f 1731 1695 1769
f 1430 1337 1357
f 1380 1430 1357
f 1308 1363 1309
f 1264 1309 1321
f 1752 1738 1776
f 1794 1763 1701
f 1251 1315 1230
f 1230 1315 1253
f 272 150 189
f 1379 1356 1344
f 1789 1787 1769
f 1779 1825 1791
f 1298 1357 1315
f 1759 1745 1801
f 1818 1754 1832
f 1825 1779 1802
f 1004 932 958
f 1194 1288 1270
f 1270 1259 1180
f 1213 1256 1237
f 1264 1288 1194
f 1859 1808 1877
f 1808 1831 1877
f 1855 1831 1785
f 1861 1860 1613
f 189 192 272
f 1187 1090 1166
f 1141 1166 1090
f 1858 1794 1884
f 1194 1152 1090
f 1090 1187 1194
f 1073 1133 1160
f 1184 1164 1100
f 1100 1121 1184
f 1164 1101 1100
f 1877 1265 1888
f 1148 1162 1103
f 1041 1150 1122
f 1122 1147 1124
f 1613 1860 1396
f 1166 1131 1236
f 1894 1893 1523
f 1067 1094 1032
f 1094 1073 1032
f 1897 945 1883
f 1048 1883 1053
f 1034 1076 1074
f 1165 1228 1206
f 1005 1022 1060
f 995 1028 961
f 1005 1043 956
f 1042 978 979
f 978 1041 958
f 749 613 611
f 409 904 611
f 953 1025 942
f 135 137 229
f 899 909 862
f 1101 1182 1165
f 168 101 105
f 805 105 107
f 639 583 731
f 153 623 139
f 801 791 819
f 872 835 827
f 887 814 835
f 60 57 969
f 1052 635 150
f 860 775 814
f 1052 150 272
f 1181 1132 1054
f 1054 1120 1181
f 911 236 469
f 438 236 911
f 1127 507 143
f 143 769 1127
f 1351 272 937
f 704 798 812
f 817 754 755
f 1870 799 565
f 795 740 759
f 766 714 795
f 930 1155 1742
f 814 775 711
f 1870 1821 1834
f 734 583 704
f 756 631 615
f 1080 1062 1003
f 1793 1829 1798
f 1819 1709 1739
f 1653 1735 1595
f 1707 1600 1725
f 1725 1600 1740
f 1641 1527 1536
f 1596 1600 1653
f 1462 1525 1456
f 1084 1060 1022
f 1570 1551 1469
f 562 610 535
f 610 586 535
f 1484 1513 1462
f 525 449 387
f 523 459 462
f 517 479 478
f 1354 1462 1417
f 410 441 319
f 356 392 424
f 467 345 402
f 1105 1208 1158
f 1241 1096 1158
f 287 413 262
f 1145 1119 1210
f 1220 1142 1145
f 1442 1491 1547
f 410 319 262
f 261 402 258
f 1107 1075 1135
f 1107 1035 1075
f 1044 1072 982
f 345 287 206
f 935 1050 986
f 992 869 964
f 1026 1010 943
f 1008 1027 943
f 1323 1502 1450
f 206 287 164
f 972 941 1024
f 915 972 1007
f 901 943 1010
f 1008 943 892
f 915 1007 892
f 960 1125 1081
f 1002 941 926
f 1125 960 1036
f 807 871 806
f 841 806 870
f 1070 981 1034
f 225 87 202
f 138 87 225
f 200 184 138
f 77 61 127
f 127 61 100
f 457 526 491
f 68 121 151
f 551 694 655
f 608 567 658
f 1824 1798 1351
f 649 482 578
f 482 481 578
f 73 14 16
f 636 570 547
f 1 26 27
f 1071 1073 1160
f 599 515 536
f 551 536 427
f 9 31 13
f 12 54 11
f 1027 1086 1171
f 6 124 64
f 564 456 348
f 528 348 431
f 160 245 111
f 383 417 454
f 389 463 323
f 483 367 327
f 647 574 680
f 117 180 181
f 352 393 351
f 286 323 295
f 417 309 367
f 314 254 203
f 310 299 418
f 314 203 257
f 326 364 302
f 267 313 257
f 302 241 179
f 242 274 218
f 1045 1004 958
f 348 456 314
f 456 359 314
f 110 173 89
f 89 173 178
f 110 172 173
f 313 431 348
f 160 93 49
f 49 99 160
f 91 206 164
f 1275 1233 1206
f 951 929 997
f 570 483 547
f 636 547 497
f 605 678 576
f 343 371 315
f 953 923 981
f 379 412 473
f 510 512 414
f 860 887 978
f 1283 1296 1349
f 1283 1349 1304
f 899 860 958
f 1318 1292 1332
f 710 659 777
f 777 773 710
f 773 751 674
f 877 893 892
f 632 468 583
f 639 503 632
f 503 639 531
f 1296 1233 1375
f 825 718 783
f 683 718 825
f 700 840 844
f 675 840 700
f 726 844 786
f 1135 1179 1107
f 711 637 610
f 821 853 771
f 856 853 751
f 732 753 705
f 859 867 685
f 745 698 715
f 721 652 722
f 810 753 833
f 778 831 861
f 943 901 875
f 820 901 948
f 876 824 819
f 885 757 756
f 874 826 864
f 916 834 990
f 827 762 865
f 811 902 828
f 1337 1253 1357
f 1002 926 1017
f 791 846 907
f 819 791 894
f 907 894 791
f 926 927 1049
f 818 939 903
f 1068 1037 1105
f 864 950 929
f 918 874 929
f 939 959 968
f 1024 1142 1082
f 903 939 961
f 845 903 950
f 1086 1027 1008
f 1032 894 907
f 907 1016 1032
f 907 966 1016
f 1041 1045 958
f 981 1070 1025
f 1335 1380 1298
f 1298 1380 1357
f 1041 1122 1045
f 1069 1102 1066
f 1371 1347 1311
f 1431 1381 1376
f 826 874 848
f 1299 1294 1295
f 1261 1295 1360
f 1069 1090 1152
f 1346 1267 1385
f 1204 1101 1164
f 1182 1101 1204
f 1323 1434 1502
f 1186 1147 1122
f 1122 1150 1248
f 1390 1409 1488
f 1163 1186 1230
f 1460 1352 1461
f 1352 1460 1403
f 1251 1186 1248
f 1228 1232 1318
f 1462 1456 1417
f 537 548 643
f 1353 1461 1352
f 483 570 417
f 1424 1461 1353
f 1332 1204 1317
f 1491 1518 1547
f 1332 1292 1204
f 1368 1456 1525
f 1256 1348 1308
f 1256 1303 1348
f 1465 1486 1524
f 1369 1411 1370
f 389 436 522
f 1536 1583 1662
f 1429 1402 1479
f 389 522 497
f 1478 1553 1477
f 1460 1529 1478
f 1461 1529 1460
f 1465 1484 1413
f 1563 1421 1420
f 1424 1558 1530
f 1558 1424 1501
f 1489 1493 1539
f 1567 1453 1476
f 1552 1567 1476
f 1816 1647 1758
f 1739 1647 1816
f 201 1799 1775
f 1622 1566 1586
f 1566 1620 1538
f 812 734 704
f 701 646 728
f 1590 1792 1871
f 1677 1626 1711
f 1626 1657 1711
f 1635 1730 1589
f 1667 1719 1635
f 326 281 280
f 1895 1899 1809
f 1681 1727 1743
f 1490 1127 1823
f 1823 769 1784
f 1796 1662 1713
f 799 1870 1844
f 1377 1378 1477
f 31 9 6
f 1832 1754 1759
f 1794 1811 1843
f 1818 1852 1802
f 1852 1825 1802
f 1847 1785 1864
f 1827 1847 1845
f 272 1351 1052
f 1855 1785 1847
f 1827 1876 1847
f 1868 1886 1853
f 1441 1867 1854
f 1867 1441 1078
f 635 785 140
f 711 706 797
f 854 597 1322
f 587 569 1333
f 743 489 305
f 305 492 717
f 57 60 55
f 57 55 251
f 189 78 488
f 165 154 190
f 139 205 670
f 60 96 55
f 673 205 107
f 107 524 673
f 146 143 279
f 260 97 146
f 749 1342 1085
f 1501 1431 1498
f 1342 749 904
f 398 1077 1441
f 132 446 192
f 382 428 353
f 931 1440 1523
f 248 104 108
f 107 130 581
f 268 623 153
f 785 268 140
f 233 97 429
f 143 233 769
f 1395 868 1675
f 799 516 565
f 937 272 446
f 1883 1835 1842
f 1590 785 1793
f 1867 1822 1854
f 785 1829 1793
f 1828 1872 1806
f 1829 785 1087
f 1875 1805 1806
f 1839 1836 1776
f 1810 1783 1830
f 1799 1436 1361
f 1799 201 1436
f 1811 1794 1744
f 1435 1433 1781
f 1768 1848 1849
f 1767 1848 1768
f 1772 1807 1764
f 1775 1799 1700
f 1820 1775 1705
f 1713 1662 1583
f 1680 1648 1709
f 1598 1729 1756
f 1649 1624 1737
f 1624 1735 1737
f 1770 1806 1730
f 1735 1624 1625
f 1041 978 1042
f 1556 1641 1665
f 1600 1556 1665
f 1707 1653 1600
f 638 705 665
f 652 596 580
f 1702 1701 1763
f 1580 1637 1583
f 1572 1574 1519
f 1544 1632 1572
f 652 641 601
f 641 617 601
f 1354 1358 1484
f 1354 1484 1462
f 1584 1603 1545
f 1398 1499 1391
f 1300 1301 1455
f 1455 1452 1300
f 1495 1411 1451
f 1238 1279 1227
f 1329 1354 1417
f 1557 1498 1611
f 1504 1495 1582
f 1495 1565 1582
f 1273 1184 1224
f 1535 1592 1511
f 1437 1464 1541
f 1565 1495 1505
f 1302 1323 1268
f 1511 1592 1540
f 1200 1151 1306
f 1482 1587 1535
f 1853 1886 1832
f 1545 1487 1506
f 1255 1260 1198
f 1255 1198 1115
f 1096 1068 1158
f 1082 1142 1143
f 1500 1431 1459
f 1498 1431 1500
f 985 1037 1068
f 1049 1017 926
f 1416 1386 1363
f 1057 952 948
f 1010 1057 948
f 1550 1485 1466
f 941 1002 1024
f 964 973 1919
f 998 834 933
f 970 1029 1030
f 527 476 519
f 970 1030 920
f 1030 976 920
f 834 916 832
f 1352 1271 1334
f 822 771 880
f 1566 1510 1489
f 1339 1269 1314
f 1032 1016 1067
f 1204 1273 1317
f 820 768 767
f 1269 1225 1314
f 1444 1419 1447
f 816 839 875
f 839 877 875
f 780 657 688
f 468 632 503
f 680 760 647
f 760 675 647
f 1232 1165 1182
f 574 644 680
f 647 675 572
f 572 675 607
f 1147 1186 1084
f 542 514 607
f 578 481 537
f 461 546 486
f 1093 1114 1130
f 359 460 360
f 388 448 472
f 435 390 351
f 351 393 435
f 1080 1003 1106
f 450 306 415
f 1080 1097 1062
f 1090 942 1025
f 942 1090 1069
f 394 450 415
f 314 359 254
f 1032 963 894
f 257 348 314
f 1606 1694 1696
f 383 304 309
f 318 294 321
f 354 286 318
f 562 535 441
f 307 246 247
f 950 961 1014
f 1015 995 939
f 1616 1601 1682
f 939 968 1015
f 155 241 242
f 274 273 218
f 624 598 549
f 950 903 961
f 47 12 36
f 1020 959 1000
f 36 13 40
f 958 909 899
f 28 73 87
f 87 71 28
f 16 74 73
f 74 38 53
f 51 50 91
f 897 922 954
f 1743 1779 1676
f 512 557 509
f 910 812 914
f 1611 1498 1533
f 145 144 122
f 122 174 145
f 119 204 113
f 810 895 896
f 532 468 443
f 532 443 442
f 861 831 910
f 910 831 812
f 502 387 416
f 164 186 163
f 413 405 505
f 810 878 895
f 762 766 826
f 334 480 308
f 402 308 480
f 315 282 256
f 284 282 315
f 464 334 353
f 325 324 356
f 358 212 200
f 320 319 440
f 349 336 297
f 349 297 340
f 334 263 353
f 440 414 341
f 378 379 411
f 447 445 372
f 836 813 709
f 709 796 836
f 445 471 470
f 817 709 813
f 815 779 731
f 413 493 262
f 447 503 511
f 445 447 511
f 511 531 471
f 466 465 533
f 474 466 533
f 534 474 533
f 693 765 764
f 745 765 693
f 493 505 559
f 775 774 730
f 414 412 341
f 580 602 692
f 198 304 299
f 549 464 573
f 573 464 527
f 612 640 590
f 664 612 637
f 642 641 696
f 696 592 642
f 729 692 602
f 730 664 637
f 1611 1607 1695
f 730 733 664
f 1695 1671 1611
f 631 561 533
f 705 753 798
f 704 705 798
f 477 598 571
f 506 571 559
f 589 559 634
f 798 753 810
f 543 519 485
f 480 549 477
f 855 787 721
f 721 784 855
f 464 549 480
f 506 559 505
f 476 424 485
f 712 629 684
f 862 886 796
f 382 476 428
f 464 353 428
f 902 818 828
f 903 800 818
f 340 378 411
f 340 411 426
f 1640 1697 1609
f 1609 1697 1607
f 1686 1640 1676
f 467 405 345
f 256 331 343
f 967 881 882
f 350 264 266
f 882 975 967
f 1630 1661 1701
f 934 975 882
f 956 934 813
f 1036 960 974
f 379 378 290
f 1064 999 977
f 919 1063 1029
f 319 259 262
f 319 320 316
f 999 1000 957
f 1020 1000 1058
f 1054 1020 1058
f 285 290 1904
f 240 239 269
f 223 269 239
f 176 263 277
f 263 176 226
f 1076 1093 1130
f 1130 1074 1076
f 1163 1126 1084
f 184 195 100
f 128 126 167
f 1743 1676 1681
f 27 93 111
f 111 85 27
f 44 85 117
f 117 62 44
f 31 64 63
f 1183 1252 1231
f 1680 1572 1648
f 181 62 117
f 330 217 264
f 303 331 256
f 141 64 124
f 1313 1272 1312
f 1312 1272 1253
f 308 261 277
f 1686 1695 1697
f 309 276 367
f 276 327 367
f 1337 1312 1253
f 1315 1357 1253
f 1442 1547 1546
f 309 417 383
f 1710 1711 1757
f 299 407 418
f 1157 1175 1092
f 1425 1405 1318
f 1319 1405 1375
f 1096 1211 1119
f 1402 1428 1479
f 550 603 551
f 1487 1522 1472
f 654 626 659
f 1522 1493 1472
f 626 662 659
f 1528 1555 1428
f 737 680 682
f 608 735 648
f 648 735 682
f 1573 1500 1481
f 1573 1481 1559
f 1420 1360 1295
f 255 278 216
f 1593 1558 1615
f 760 806 675
f 737 792 807
f 200 212 184
f 1673 1661 1623
f 1661 1630 1623
f 840 675 841
f 807 806 737
f 1731 1674 1671
f 804 684 823
f 804 823 829
f 804 829 830
f 1728 1745 1689
f 849 808 720
f 1696 1783 1772
f 820 767 901
f 1831 1808 1785
f 1812 1749 1800
f 1808 1859 1771
f 830 879 859
f 829 823 936
f 1395 1835 1048
f 1063 916 990
f 919 916 1063
f 970 919 1029
f 1307 1900 524
f 1297 673 1900
f 1900 673 524
f 1393 668 1293
f 1392 1265 1013
f 1440 1894 1523
f 1056 1059 1088
f 1342 1531 1085
f 1085 1531 750
f 1142 1024 1002
f 1531 1577 750
f 489 96 305
f 1115 1057 1113
f 492 305 76
f 492 76 194
f 194 79 499
f 125 587 597
f 587 108 104
f 569 104 422
f 1171 1113 1026
f 104 569 587
f 1198 1040 1115
f 1129 1040 1198
f 97 250 82
f 1098 1047 1159
f 97 82 429
f 1145 1210 1220
f 1211 1210 1119
f 266 166 195
f 565 423 420
f 1096 1241 1211
f 423 565 516
f 1123 1382 1458
f 1217 1158 1208
f 1276 235 158
f 152 193 169
f 446 235 1439
f 1174 1261 1161
f 1261 1174 1277
f 1384 1458 1820
f 1384 1820 1862
f 1862 913 1384
f 1436 201 232
f 201 1382 232
f 199 216 126
f 1824 937 1762
f 1320 1294 1281
f 166 127 100
f 1807 1860 1786
f 1862 1820 1781
f 1391 1301 1330
f 1398 1391 1330
f 1819 1816 1840
f 1861 1767 1786
f 99 198 213
f 160 99 213
f 1848 1767 1861
f 1685 1688 1766
f 136 187 198
f 1812 1800 1863
f 1631 1679 1736
f 1679 1598 1756
f 1863 1800 1841
f 1830 1812 1863
f 1075 993 991
f 1798 1824 1725
f 1660 1721 1720
f 1688 1660 1720
f 1705 1678 1576
f 1732 1703 1683
f 1735 1625 1595
f 1617 1643 1579
f 1562 1646 1617
f 1420 1374 1463
f 295 209 275
f 1409 1387 1561
f 1562 1409 1561
f 1488 1562 1579
f 1579 1534 1488
f 1625 1547 1518
f 1625 1624 1547
f 1547 1624 1546
f 1574 1474 1401
f 1401 1519 1574
f 1572 1519 1475
f 1549 1628 1496
f 1628 1542 1496
f 1475 1544 1572
f 1474 1521 1446
f 1446 1521 1473
f 1563 1526 1636
f 1563 1636 1639
f 1563 1639 1509
f 1360 1421 1468
f 1669 1643 1617
f 1399 1340 1494
f 1327 1329 1417
f 460 564 567
f 1450 1324 1323
f 1709 1751 1680
f 1739 1709 1632
f 1244 1243 1246
f 1257 1199 1229
f 1243 1278 1246
f 249 177 254
f 1762 1735 1741
f 1725 1824 1741
f 1249 1235 1191
f 1188 1249 1191
f 1810 1830 1863
f 1810 1863 1618
f 273 329 344
f 390 354 318
f 1105 1158 1068
f 354 389 323
f 1026 1027 1171
f 992 1091 1138
f 1846 1797 1720
f 1846 1720 1721
f 242 306 274
f 1850 1782 1890
f 254 359 280
f 982 936 1044
f 993 1035 936
f 1035 993 1075
f 982 933 879
f 853 986 980
f 853 980 880
f 420 1490 565
f 880 980 985
f 268 785 1590
f 268 1328 623
f 1569 620 623
f 635 1087 785
f 927 850 905
f 853 856 935
f 158 95 438
f 802 908 851
f 908 802 820
f 901 793 875
f 893 915 892
f 1898 1885 1852
f 803 825 890
f 75 112 119
f 703 738 763
f 268 154 140
f 274 329 273
f 776 229 137
f 770 776 81
f 1886 1457 1887
f 868 1265 1212
f 298 415 306
f 750 749 1085
f 618 552 619
f 522 552 651
f 994 597 587
f 497 522 651
f 346 597 854
f 776 1079 1078
f 900 1079 770
f 431 558 528
f 454 605 576
f 542 604 575
f 1139 1116 1440
f 545 454 417
f 576 407 454
f 1393 857 668
f 481 381 347
f 204 1901 113
f 1901 234 91
f 91 113 1901
f 234 206 91
f 204 234 1901
f 271 224 240
f 164 259 208
f 164 262 259
f 1902 311 332
f 311 1903 290
f 202 185 1902
f 1904 259 285
f 332 200 225
f 202 332 225
f 1902 1903 311
f 202 1902 332
f 1905 207 148
f 207 1904 1903
f 634 689 708
f 610 707 706
f 588 707 562
f 588 589 1906
f 634 1906 589
f 1906 707 588
f 1906 708 707
f 562 707 610
f 634 708 1906
f 774 775 838
f 862 774 838
f 774 862 796
f 899 838 860
f 899 862 838
f 860 838 775
f 1022 1004 1124
f 1045 1122 1124
f 1045 1124 1004
f 1104 1124 1147
f 1124 1104 1022
f 1279 1909 1356
f 1279 1335 1298
f 1910 1472 1447
f 1251 1248 1279
f 1227 1279 1248
f 1908 1259 1270
f 1335 1279 1356
f 1908 1910 1419
f 1279 1298 1251
f 1259 1907 1909
f 1489 1510 1418
f 1907 1908 1389
f 1419 1389 1908
f 1910 1447 1419
f 1270 1321 1908
f 1238 1909 1279
f 1321 1386 1910
f 1376 1313 1312
f 1426 1312 1337
f 1426 1337 1430
f 1426 1376 1312
f 1426 1430 1459
f 1747 1864 1785
f 1845 1911 1827
f 1747 1765 1911
f 1827 1911 1787
f 1747 1911 1864
f 1847 1864 1845
f 1787 1911 1765
f 1864 1911 1845
f 379 473 538
f 538 411 379
f 523 642 592
f 642 523 530
f 1501 1557 1558
f 538 426 411
f 642 530 617
f 426 538 579
f 617 591 601
f 412 414 473
f 591 530 419
f 579 419 426
f 1912 1133 1094
f 1111 1136 1018
f 1095 984 1061
f 1067 1016 1173
f 1160 1133 1193
f 975 1062 967
f 1173 1172 1912
f 1173 1094 1067
f 984 1095 983
f 1111 983 1095
f 1912 1195 1193
f 1018 1136 1173
f 1018 983 1111
f 165 190 1913
f 190 857 1913
f 857 1914 1913
f 539 1914 857
f 70 1913 78
f 1914 539 78
f 70 165 1913
f 78 1913 1914
f 1353 1313 1381
f 1915 1604 1677
f 1626 1552 1627
f 1710 1738 1915
f 1626 1677 1567
f 923 872 827
f 1564 1915 1663
f 1752 1663 1738
f 1682 1663 1773
f 1663 1915 1738
f 653 1432 1857
f 1432 660 742
f 1432 1895 1857
f 1840 1155 1857
f 805 1778 912
f 1164 1184 1204
f 1882 1899 912
f 1473 1521 1916
f 1652 1660 1917
f 1685 1637 1602
f 1554 1917 1608
f 1499 1916 1917
f 1608 1687 1602
f 1917 1916 1652
f 1398 1916 1499
f 1637 1580 1602
f 1660 1688 1687
f 1641 1918 1761
f 1740 1665 1761
f 1918 1641 1691
f 1918 1691 1792
f 1761 1918 1792
f 1641 1761 1665
f 1358 1241 1345
f 1345 1158 1217
f 1345 1346 1410
f 1358 1345 1410
f 1241 1158 1345
f 1410 1346 1385
f 992 1919 1091
f 873 920 792
f 1415 1304 1412
f 1919 1088 1091
f 871 1011 944
f 964 1919 992
f 792 949 807
f 1088 1919 973
f 807 1001 871
f 1056 973 944
f 944 1011 1056
f 821 771 772
f 687 651 697
f 697 772 687
f 748 687 772
f 697 821 772
f 697 751 821
f 697 618 751
f 1156 1209 1289
f 1921 1154 1216
f 1359 1445 1362
f 1370 1921 1343
f 1921 1370 1397
f 1422 1325 1922
f 1325 1422 1359
f 1922 1325 1282
f 1262 1922 1234
f 1289 1216 1156
f 1922 1282 1234
f 1921 1289 1310
f 1922 1397 1422
f 1350 1362 1427
f 603 518 645
f 893 877 761
f 702 676 839
f 839 676 877
f 761 940 893
f 877 676 643
f 940 809 842
f 603 645 767
f 761 809 940
f 611 95 409
f 211 667 409
f 83 1923 171
f 613 171 1923
f 171 613 430
f 740 695 752
f 1923 741 469
f 687 748 630
f 741 83 1123
f 236 613 469
f 236 611 613
f 1923 83 741
f 236 95 611
f 1123 232 1382
f 521 355 384
f 385 355 1924
f 521 520 1924
f 313 1924 1925
f 1925 431 313
f 521 384 427
f 1731 1769 1787
f 515 554 1925
f 521 1924 355
f 1925 1924 515
f 1924 313 385
f 1925 558 431
f 1925 554 558
f 1926 859 650
f 684 804 712
f 713 712 804
f 1926 650 713
f 1926 804 830
f 804 1926 713
f 859 1926 830
f 1526 1927 1636
f 1927 1463 1414
f 1579 1619 1927
f 1619 1636 1927
f 1414 1488 1534
f 1927 1534 1579
f 1927 1414 1534
f 1463 1927 1526
f 1834 1928 1870
f 1834 1723 1928
f 1928 1723 1748
f 1748 1844 1928
f 1928 1844 1870
f 1844 1748 1804
f 283 1932 251
f 55 188 251
f 669 946 1930
f 931 260 1139
f 188 283 251
f 1931 146 279
f 1931 1930 1139
f 1139 146 1931
f 490 1929 283
f 516 251 423
f 421 1932 1929
f 490 669 1930
f 305 717 743
f 489 743 1202
f 743 717 1065
f 1202 743 1065
f 1587 1591 1933
f 1933 1934 1587
f 1623 1541 1540
f 637 612 586
f 1654 1594 1575
f 1933 1591 1594
f 1672 1935 1668
f 1592 1587 1934
f 1935 1673 1623
f 1668 1594 1654
f 1594 1668 1933
f 1592 1934 1935
f 1757 1856 1753
f 1668 1934 1933
f 1355 1402 1317
f 1407 1332 1317
f 1407 1317 1402
f 1034 951 997
f 1132 1028 1054
f 951 1034 987
f 1034 997 1076
f 997 1014 1093
f 923 918 987
f 951 987 918
f 1093 1014 1028
f 1093 1076 997
f 1577 1852 1818
f 938 810 896
f 938 896 914
f 914 798 938
f 938 798 810
f 910 914 896
f 798 914 812
f 746 811 828
f 686 789 752
f 695 679 573
f 761 643 763
f 466 474 408
f 573 600 695
f 818 746 828
f 77 127 152
f 695 686 752
f 789 782 752
f 391 356 1939
f 474 478 458
f 271 1939 224
f 474 458 365
f 175 226 176
f 324 1939 356
f 224 324 226
f 224 1939 324
f 458 301 338
f 458 338 365
f 1941 1083 1942
f 928 906 1023
f 1006 1940 1021
f 971 1940 1006
f 1039 1021 1942
f 1039 1099 974
f 1023 906 1009
f 1942 1100 1101
f 1039 1942 1099
f 971 1941 1940
f 1101 1099 1942
f 1940 1941 1942
f 1942 1021 1940
f 1942 1083 1100
f 1941 971 1023
f 1967 388 366
f 246 196 197
f 1945 1947 1937
f 11 54 59
f 1950 296 293
f 1938 210 1953
f 98 1948 1963
f 1960 2 11
f 1965 1944 131
f 1237 1236 1131
f 1950 1938 1969
f 210 1938 292
f 1967 1955 396
f 1963 59 98
f 1959 1952 1954
f 1953 1949 1938
f 52 134 66
f 134 52 1954
f 1951 11 59
f 1948 54 1944
f 1966 1968 1958
f 1952 1964 1949
f 1969 1949 1968
f 1943 220 1962
f 1938 293 292
f 1948 1947 1945
f 1936 1969 1968
f 210 1961 1953
f 1962 1955 1956
f 1957 220 246
f 1964 1968 1949
f 1958 1951 1963
f 1948 1965 1943
f 1950 1936 270
f 84 172 110
f 84 177 172
f 302 228 326
f 306 242 298
f 1973 1972 593
f 494 1972 1973
f 436 491 1974
f 674 619 555
f 451 452 500
f 626 72 662
f 72 568 566
f 1974 491 555
f 436 1974 552
f 1970 172 249
f 281 173 1970
f 281 228 173
f 1971 452 1920
f 452 1971 500
f 280 281 1970
f 541 1920 487
f 487 1920 306
f 1971 594 1972
f 495 500 1972
f 654 568 626
f 568 654 555
f 306 1920 274
f 1974 555 619
f 177 249 172
f 452 329 1920
f 674 555 654
f 254 280 1970
f 1974 619 552
f 1970 249 254
f 173 172 1970
f 1978 128 167
f 67 34 80
f 1979 67 1975
f 182 1975 243
f 182 142 1979
f 315 375 284
f 1977 375 445
f 291 227 333
f 291 333 335
f 333 278 370
f 180 252 181
f 470 471 403
f 80 34 33
f 403 1976 1977
f 1975 80 128
f 1976 400 288
f 1976 375 1977
f 1977 470 403
f 1979 1975 182
f 284 1976 288
f 470 1977 445
f 80 1975 67
f 291 1975 1978
f 278 333 227
f 167 227 291
f 128 80 33
f 375 1976 284
f 67 1979 86
f 1978 1975 128
f 445 375 376
f 1492 1287 1980
f 1260 1218 1129
f 1240 1239 1268
f 1135 1176 1201
f 1153 1302 1492
f 1400 1980 1442
f 1980 1491 1442
f 1218 1239 1176
f 1443 1518 1491
f 1176 1159 1218
f 1551 1518 1443
f 1201 1243 1244
f 1179 1201 1244
f 1174 1179 1981
f 1454 1491 1980
f 1218 1260 1492
f 1316 1197 1454
f 1981 1277 1174
f 1268 1218 1302
f 1201 1176 1239
f 1336 1551 1438
f 1281 1244 1246
f 1179 1244 1281
f 1287 1492 1255
f 1277 1295 1261
f 1153 1980 1400
f 1299 1981 1281
f 1981 1299 1295
f 1174 1107 1179
f 1197 1438 1454
f 1316 1454 1980
f 1295 1277 1981
f 1281 1981 1179
f 94 131 92
f 123 155 94
f 25 39 14
f 39 25 30
f 29 10 4
f 53 38 17
f 37 17 19
f 65 30 25
f 197 247 246
f 218 247 197
f 14 28 25
f 46 25 28
f 46 61 25
f 657 564 688
f 38 74 16
f 20 50 51
f 61 77 25
f 32 65 68
f 180 312 322
f 322 252 180
f 1700 1578 1678
f 65 25 77
f 425 322 381
f 381 481 482
f 77 121 65
f 106 100 46
f 142 109 86
f 72 593 628
f 628 666 662
f 595 672 666
f 1072 998 933
f 576 678 548
f 578 676 702
f 109 157 118
f 118 157 133
f 151 121 169
f 169 121 152
f 126 68 151
f 151 199 126
f 100 106 184
f 773 674 710
f 152 166 193
f 169 215 214
f 832 744 780
f 227 126 216
f 169 193 217
f 870 806 871
f 214 282 199
f 214 256 282
f 199 282 255
f 199 255 216
f 844 841 973
f 256 215 303
f 325 226 324
f 263 226 325
f 508 509 557
f 1011 1031 1055
f 1167 1063 1168
f 972 1024 1007
f 1142 1220 1223
f 426 419 349
f 1229 1316 1257
f 1214 1301 1300
f 1330 1301 1189
f 758 701 728
f 1338 1250 1401
f 1240 1341 1263
f 591 579 596
f 579 580 596
f 553 557 616
f 602 580 553
f 616 602 553
f 407 576 418
f 641 642 617
f 557 640 661
f 661 616 557
f 1488 1414 1390
f 698 592 715
f 652 719 641
f 1700 1537 1578
f 1669 1617 1646
f 1660 1704 1721
f 1736 1704 1652
f 1652 1631 1736
f 1736 1679 1782
f 811 746 663
f 781 801 819
f 765 833 764
f 1134 158 438
f 847 897 765
f 1361 248 129
f 129 377 1361
f 279 423 421
f 423 279 420
f 146 97 233
f 921 876 928
f 1006 954 922
f 402 477 467
f 477 402 480
f 971 1006 922
f 102 422 104
f 103 129 346
f 480 334 464
f 1821 1490 1823
f 668 190 139
f 917 1784 769
f 101 398 524
f 24 21 22
f 854 369 346
f 1103 1043 1148
f 997 929 950
f 1131 1074 1130
f 1297 670 205
f 1141 1090 1025
f 1109 1141 1070
f 904 1897 1898
f 1342 904 1898
f 1342 1898 1531
f 1523 1892 900
f 1892 1523 1893
f 1392 1393 1888
f 1393 1293 1859
f 1097 1080 1177
f 1843 1610 1884
f 1106 1162 1185
f 1843 1849 1610
f 1849 1848 1612
f 1177 1156 1097
f 1080 1185 1225
f 1207 1080 1225
f 1172 1136 1192
f 1216 1154 1128
f 1209 1156 1177
f 1866 1842 1791
f 1750 1841 1800
f 1192 1154 1262
f 1776 1795 1752
f 341 320 440
f 1209 1269 1291
f 412 379 341
f 719 721 787
f 1311 1310 1289
f 1812 1746 1749
f 1626 1627 1657
f 1310 1311 1347
f 1325 1359 1258
f 1343 1347 1369
f 1599 1565 1629
f 1362 1350 1280
f 1616 1629 1565
f 1370 1343 1369
f 1397 1370 1411
f 1734 1785 1808
f 1506 1487 1416
f 1397 1449 1422
f 1423 1511 1514
f 929 951 918
f 1405 1425 1482
f 303 215 330
f 1507 1532 1497
f 1009 906 963
f 217 330 215
f 1344 1907 1365
f 1353 1334 1313
f 1274 1224 1190
f 1237 1131 1213
f 1071 1160 1146
f 1599 1650 1638
f 1156 1128 1061
f 1227 1248 1150
f 1670 1588 1543
f 1043 1126 1148
f 1083 1121 1100
f 1711 1710 1677
f 1118 1000 1117
f 1074 1070 1034
f 1730 1692 1589
f 953 872 923
f 1120 1054 1058
f 1046 1083 1941
f 1520 1449 1504
f 906 894 963
f 1517 1427 1497
f 278 227 216
f 966 907 855
f 1445 1497 1427
f 1699 1768 1717
f 855 947 966
f 942 872 953
f 942 898 872
f 1770 1719 1771
f 903 845 800
f 790 888 891
f 1750 1800 1724
f 1790 1813 1750
f 1757 1711 1822
f 1805 1822 1657
f 1806 1805 1692
f 827 728 762
f 1695 1686 1769
f 781 788 715
f 1853 1832 1801
f 690 779 756
f 1836 1839 1879
f 708 689 758
f 1878 1851 1879
f 1869 1892 1893
f 563 693 606
f 677 606 693
f 1869 1893 1894
f 264 193 166
f 681 519 543
f 582 543 479
f 1060 1084 1126
f 1655 1614 1880
f 441 440 319
f 499 1245 1612
f 955 1021 1039
f 854 1610 1245
f 954 878 897
f 1655 1116 883
f 883 1033 1655
f 496 467 477
f 987 981 923
f 166 266 264
f 874 918 843
f 929 874 864
f 429 82 930
f 439 465 466
f 199 151 170
f 66 162 136
f 161 187 162
f 668 857 190
f 301 271 240
f 191 671 667
f 269 223 300
f 191 189 671
f 161 275 209
f 81 82 250
f 42 23 24
f 29 34 10
f 34 29 33
f 24 19 21
f 22 21 10
f 653 82 230
f 1617 1579 1562
f 168 742 135
f 16 17 38
f 15 21 19
f 15 18 21
f 15 4 18
f 39 15 16
f 17 16 15
f 30 4 39
f 54 47 1944
f 1226 1285 1286
f 1435 438 911
f 1433 1435 911
f 1123 1458 1384
f 741 1123 1384
f 1384 913 741
f 917 930 1742
f 178 173 228
f 1127 769 1823
f 355 267 253
f 368 432 448
f 399 432 368
f 797 706 758
f 374 451 434
f 344 342 247
f 347 312 245
f 331 442 343
f 1043 1005 1060
f 604 595 575
f 1726 1722 1823
f 1722 1821 1823
f 577 648 682
f 662 683 659
f 869 783 786
f 802 747 694
f 1647 1708 1758
f 832 780 834
f 347 453 481
f 1647 1568 1708
f 381 482 425
f 1647 1632 1544
f 453 310 418
f 1568 1468 1509
f 1568 1494 1468
f 1574 1597 1474
f 1268 1239 1218
f 991 993 858
f 494 529 475
f 1443 1491 1454
f 1047 962 925
f 1153 1492 1980
f 1306 1254 1473
f 1473 1398 1306
f 1179 1135 1201
f 1030 1110 1144
f 1551 1336 1469
f 1031 1030 1144
f 1551 1443 1438
f 989 1012 1108
f 1012 1089 1108
f 1219 1338 1373
f 1373 1222 1219
f 1196 1222 1364
f 1255 1492 1260
f 1189 1306 1330
f 1157 1050 988
f 988 1108 1157
f 1138 1112 1189
f 1055 1169 1196
f 1249 1360 1340
f 1168 998 1140
f 1072 1140 998
f 1324 1268 1323
f 1443 1454 1438
f 566 556 1973
f 1486 1385 1326
f 852 962 1051
f 1316 1980 1287
f 288 400 370
f 291 1978 167
f 989 890 1012
f 989 988 889
f 890 989 889
f 1544 1399 1494
f 1524 1486 1452
f 1554 1524 1455
f 1525 1556 1503
f 1470 1596 1469
f 1469 1596 1570
f 1580 1513 1465
f 1465 1524 1580
f 1556 1600 1596
f 748 822 720
f 725 726 786
f 471 444 403
f 783 718 725
f 288 370 278
f 43 67 86
f 702 793 767
f 142 86 1979
f 718 672 725
f 1725 1741 1707
f 644 574 577
f 647 504 574
f 484 450 504
f 364 360 461
f 1713 1715 1796
f 394 395 486
f 1972 594 593
f 486 364 461
f 1715 1766 1796
f 541 542 575
f 374 434 342
f 342 434 399
f 448 396 397
f 448 388 396
f 388 393 366
f 1118 1149 1233
f 575 594 1971
f 1149 1206 1233
f 577 546 648
f 653 660 1432
f 568 72 626
f 497 630 636
f 1238 1227 1180
f 218 197 155
f 420 507 1127
f 1971 1972 500
f 94 120 123
f 48 120 94
f 120 48 89
f 446 132 235
f 541 575 1971
f 54 12 47
f 83 171 102
f 8 12 11
f 8 9 12
f 7 8 2
f 11 1951 1960
f 6 9 5
f 3 7 1
f 72 566 1973
f 27 3 1
f 593 72 1973
f 67 43 34
f 556 494 1973
f 101 107 105
f 495 1972 494
f 595 594 575
f 90 56 69
f 168 135 398
f 398 101 168
f 1920 541 1971
f 229 398 135
f 274 1920 329
f 112 75 114
f 144 112 114
f 281 326 228
f 156 157 224
f 221 157 239
f 658 567 657
f 854 1322 1383
f 1610 854 1383
f 1943 1947 1948
f 1962 1957 1946
f 362 370 400
f 400 404 362
f 1962 220 1957
f 404 363 362
f 439 373 404
f 363 404 373
f 406 373 439
f 373 337 363
f 1964 1958 1968
f 1078 1441 1077
f 1078 1079 1881
f 703 763 678
f 643 678 763
f 519 600 527
f 1813 1841 1750
f 646 571 598
f 614 639 690
f 533 615 631
f 561 691 663
f 622 560 663
f 1968 1966 1937
f 690 639 731
f 1706 1750 1650
f 1724 1749 1670
f 1724 1650 1750
f 1962 1956 1947
f 1702 1658 1630
f 1701 1702 1630
f 1699 1673 1672
f 35 1960 52
f 1668 1654 1698
f 701 758 689
f 1672 1668 1698
f 1676 1538 1620
f 1681 1620 1622
f 1656 1667 1593
f 1635 1529 1667
f 1937 1947 1956
f 397 1955 1946
f 1944 1965 1948
f 1609 1538 1640
f 835 758 827
f 1954 1952 134
f 1552 1553 1627
f 134 1961 161
f 293 1938 1950
f 824 781 819
f 1584 1506 1541
f 1543 1588 1507
f 1959 1964 1952
f 1483 1535 1511
f 1937 1966 1945
f 872 898 835
f 881 888 794
f 1968 1937 1936
f 881 817 882
f 270 1967 296
f 1378 1478 1477
f 366 296 1967
f 1955 1967 270
f 887 898 979
f 1416 1363 1308
f 1415 1348 1303
f 1408 1379 1344
f 1961 210 161
f 956 1043 1019
f 1949 1953 1961
f 1954 1960 1959
f 1103 1106 1019
f 134 1952 1961
f 1114 1093 1028
f 1221 1114 1181
f 1969 1936 1950
f 1959 1958 1964
f 1081 1125 1149
f 1064 1149 1117
f 1966 1963 1945
f 1146 1190 1121
f 1912 1172 1195
f 1160 1190 1146
f 1130 1170 1131
f 1372 1453 1371
f 1184 1121 1224
f 1118 1233 1247
f 1247 1120 1118
f 246 339 1957
f 1962 1946 1955
f 1962 1947 1943
f 1247 1205 1120
f 1314 1225 1271
f 1231 1252 1334
f 1334 1271 1231
f 1252 1313 1334
f 1313 1252 1272
f 1339 1314 1377
f 1403 1314 1352
f 1353 1352 1334
f 1961 1952 1949
f 1412 1423 1415
f 1464 1437 1415
f 850 927 926
f 1467 1394 1418
f 1958 1959 1951
f 1482 1483 1405
f 1966 1958 1963
f 585 677 638
f 1948 98 54
f 1476 1477 1552
f 1955 270 1936
f 1477 1553 1552
f 1955 397 396
f 677 585 525
f 638 609 585
f 502 544 606
f 1530 1529 1461
f 1588 1532 1507
f 585 442 449
f 1936 1956 1955
f 579 553 580
f 1515 1516 1609
f 1943 196 220
f 1538 1609 1516
f 513 544 502
f 210 237 161
f 1589 1553 1478
f 1589 1478 1529
f 1489 1418 1444
f 52 66 35
f 1529 1635 1589
f 1593 1615 1656
f 1642 1586 1585
f 1640 1538 1676
f 1627 1589 1692
f 35 1 2
f 1718 1661 1673
f 1959 1960 1951
f 290 341 379
f 1954 52 1960
f 1690 1644 1642
f 224 221 240
f 1969 1938 1949
f 1811 1718 1768
f 59 54 98
f 1963 1951 59
f 1963 1948 1945
f 156 133 157
f 109 183 157
f 142 183 109
f 133 122 144
f 133 156 122
f 1872 1828 1293
f 1946 1957 368
f 62 5 44
f 62 6 5
f 1946 368 397
f 1866 1885 1898
f 220 196 246
f 1967 396 388
f 368 1957 339
f 669 540 883
f 883 540 1033
f 253 124 181
f 265 231 124
f 931 900 250
f 883 1116 946
f 946 669 883
f 310 347 245
f 381 322 312
f 524 107 101
f 140 154 165
f 298 394 415
f 364 326 360
f 48 92 47
f 132 191 211
f 192 191 132
f 47 92 1944
f 131 1944 92
f 60 317 76
f 1943 1965 131
f 1943 131 196
f 367 483 417
f 498 435 472
f 1023 971 928
f 317 969 1560
f 1436 248 1361
f 1046 1941 1023
f 1889 1560 969
f 1899 1882 1809
f 912 1778 1890
f 1850 1890 1778
f 603 768 723
f 694 603 723
f 1560 1833 1716
f 1716 1621 1560
f 1361 1621 1799
f 1741 1824 1762
f 1814 1874 1873
f 1780 1814 1873
f 763 809 761
f 458 391 271
f 723 820 802
f 1688 1803 1766
f 851 747 802
f 1751 1709 1819
f 1729 1751 1838
f 852 684 747
f 858 823 684
f 391 458 455
f 1653 1741 1735
f 1726 1758 1708
f 1639 1722 1726
f 1632 1647 1739
f 1542 1703 1705
f 952 1057 1115
f 1542 1705 1576
f 391 1939 271
f 1088 1112 1091
f 1010 1026 1113
f 1570 1653 1595
f 1098 962 1047
f 1556 1596 1503
f 1115 1257 1255
f 1496 1434 1400
f 1364 1373 1474
f 1401 1474 1373
f 727 724 746
f 746 818 727
f 1290 1300 1326
f 1300 1290 1178
f 1153 1400 1302
f 789 686 681
f 1063 1110 1029
f 1030 1029 1110
f 549 573 679
f 1235 1249 1331
f 1331 1305 1235
f 1278 1263 1409
f 1409 1263 1387
f 1409 1390 1278
f 1367 1503 1470
f 1263 1278 1243
f 1385 1486 1465
f 1597 1574 1680
f 1637 1685 1659
f 1112 1138 1091
f 1583 1659 1713
f 1659 1685 1715
f 991 1051 1075
f 1055 1031 1169
f 1621 1664 1799
f 1755 1817 1781
f 1781 1732 1755
f 1089 992 1137
f 992 1138 1137
f 944 973 870
f 1540 1592 1623
f 1935 1623 1592
f 889 777 803
f 803 890 889
f 1932 283 1929
f 773 777 889
f 1932 421 423
f 1874 1439 1873
f 421 1931 279
f 599 684 629
f 1929 490 1930
f 132 211 409
f 146 1139 260
f 1931 421 1930
f 1243 1240 1263
f 1734 1667 1656
f 1638 1650 1724
f 237 294 275
f 294 237 210
f 238 198 187
f 187 219 238
f 187 209 219
f 275 161 237
f 161 209 187
f 1392 1013 857
f 857 1393 1392
f 27 26 49
f 1123 83 232
f 1324 1240 1268
f 1854 1307 1441
f 469 613 1923
f 118 90 69
f 86 109 118
f 118 114 90
f 335 243 291
f 243 363 244
f 1866 1791 1885
f 223 337 300
f 362 335 370
f 335 362 243
f 337 373 300
f 408 300 373
f 365 338 300
f 414 440 510
f 479 485 455
f 1436 232 248
f 634 559 625
f 842 849 941
f 625 646 689
f 1469 1366 1470
f 616 661 729
f 702 839 816
f 1567 1604 1453
f 1581 1550 1601
f 709 664 733
f 722 692 784
f 847 788 876
f 824 876 788
f 1310 1343 1921
f 1216 1289 1921
f 934 882 813
f 813 886 956
f 1476 1453 1372
f 1451 1505 1495
f 1340 1360 1468
f 1445 1359 1422
f 963 1073 1009
f 1046 1009 1071
f 1070 1074 1109
f 1419 1365 1389
f 1148 1183 1162
f 1363 1321 1309
f 1887 1818 1832
f 1379 1335 1356
f 1256 1203 1303
f 1309 1242 1236
f 1372 1371 1339
f 1377 1314 1378
f 1262 1154 1921
f 1011 871 1001
f 1042 979 1066
f 979 965 1066
f 949 1001 807
f 887 835 898
f 1645 1548 1603
f 755 709 817
f 1686 1697 1640
f 800 782 789
f 800 789 727
f 1667 1734 1771
f 1771 1719 1667
f 1664 1561 1537
f 1802 1779 1743
f 757 631 756
f 691 631 757
f 1791 1760 1779
f 690 731 779
f 1884 1794 1843
f 1868 1777 1858
f 1056 1088 973
f 837 873 736
f 527 428 476
f 1393 1859 1888
f 519 476 485
f 502 525 387
f 1916 1521 1631
f 478 474 560
f 1608 1917 1687
f 424 382 356
f 1655 1878 1116
f 1788 1116 1878
f 402 261 308
f 1293 668 670
f 1602 1687 1685
f 353 263 325
f 369 103 346
f 1660 1687 1917
f 125 597 346
f 174 277 261
f 430 749 750
f 422 430 750
f 1916 1631 1652
f 194 1388 1266
f 369 1245 499
f 167 126 227
f 225 200 138
f 195 184 212
f 116 163 186
f 186 148 116
f 621 1560 1621
f 1899 742 912
f 1621 377 621
f 377 1621 1361
f 46 71 138
f 1891 1276 1134
f 105 805 912
f 1432 1899 1895
f 581 805 107
f 26 1 35
f 1960 35 2
f 44 3 27
f 44 5 3
f 124 6 62
f 1857 1838 1819
f 111 245 149
f 1716 1669 1646
f 1899 1432 742
f 1700 1678 1775
f 219 309 238
f 1508 1678 1578
f 1549 1649 1628
f 1549 1546 1624
f 1518 1595 1625
f 1685 1766 1715
f 1773 1790 1684
f 1677 1604 1567
f 1626 1567 1552
f 1663 1752 1773
f 1302 1434 1323
f 460 461 360
f 463 497 547
f 1053 945 667
f 667 671 1048
f 1816 1758 1837
f 537 643 676
f 676 578 537
f 1677 1710 1915
f 1819 1739 1816
f 1175 1215 1267
f 1108 1137 1178
f 1108 1178 1215
f 1157 1108 1215
f 1684 1790 1706
f 1773 1684 1682
f 1850 1704 1736
f 1782 1850 1736
f 1098 1135 1051
f 777 683 803
f 893 940 972
f 916 919 837
f 837 832 916
f 875 892 943
f 1912 1193 1133
f 1094 1173 1912
f 1061 967 1062
f 747 684 627
f 627 655 747
f 844 973 964
f 976 1001 949
f 1814 1439 1874
f 604 607 726
f 672 604 725
f 675 700 607
f 1151 1055 1196
f 1113 1171 1229
f 553 579 538
f 567 608 461
f 536 551 627
f 529 494 556
f 498 475 529
f 483 463 547
f 463 389 497
f 296 366 328
f 366 352 328
f 352 351 321
f 318 321 351
f 1267 1326 1385
f 1326 1267 1290
f 295 323 327
f 1368 1503 1367
f 292 321 294
f 275 286 295
f 473 508 538
f 149 117 85
f 93 160 111
f 1525 1503 1368
f 1484 1465 1513
f 1356 1909 1907
f 43 22 34
f 56 42 22
f 69 56 43
f 86 69 43
f 1910 1908 1321
f 42 90 75
f 75 90 114
f 185 148 207
f 148 186 208
f 139 190 153
f 154 153 190
f 1439 235 1276
f 392 356 391
f 382 325 356
f 1344 1356 1907
f 1386 1472 1910
f 1907 1259 1908
f 442 331 303
f 442 303 449
f 479 455 458
f 1569 1865 1766
f 1766 1803 1569
f 459 358 462
f 471 531 465
f 561 560 474
f 560 517 478
f 1328 1590 1871
f 1328 1871 1865
f 1865 1569 1328
f 663 560 561
f 622 517 560
f 622 582 517
f 701 689 646
f 1905 208 1904
f 207 1905 1904
f 207 1902 185
f 194 76 79
f 332 297 336
f 733 774 796
f 332 311 297
f 207 1903 1902
f 332 357 200
f 398 1441 1307
f 290 1903 1904
f 931 1139 1440
f 185 202 147
f 882 817 813
f 1523 900 931
f 420 279 507
f 143 507 279
f 847 876 921
f 876 819 928
f 1132 1114 1028
f 1875 1806 1872
f 1240 1243 1239
f 863 957 884
f 885 884 959
f 1770 1859 1828
f 910 977 999
f 910 999 957
f 1210 1367 1220
f 1849 1811 1768
f 1014 961 1028
f 233 143 146
f 999 1064 1117
f 1117 1000 999
f 1808 1771 1734
f 1806 1692 1730
f 1054 1028 1015
f 1015 1028 995
f 1136 1111 1154
f 1149 1125 1206
f 1117 1149 1118
f 1209 1177 1207
f 108 587 125
f 886 932 956
f 1690 1642 1585
f 1689 1585 1645
f 1183 1253 1272
f 1272 1252 1183
f 1689 1645 1658
f 129 248 125
f 125 248 108
f 346 129 125
f 1238 1180 1259
f 1190 1258 1280
f 1247 1233 1296
f 967 888 881
f 1180 1069 1152
f 499 79 369
f 230 82 81
f 1541 1464 1540
f 1049 1096 1119
f 1540 1514 1511
f 1017 1049 1119
f 1587 1482 1512
f 1538 1516 1510
f 1318 1332 1425
f 1349 1375 1423
f 1487 1545 1522
f 1477 1476 1377
f 1180 1150 1102
f 1403 1460 1478
f 1150 1180 1227
f 1424 1431 1501
f 409 945 904
f 653 230 660
f 750 1577 1457
f 569 750 1457
f 1296 1375 1349
f 1603 1522 1545
f 1548 1522 1603
f 1314 1271 1352
f 1584 1658 1603
f 1638 1670 1543
f 1181 1114 1132
f 1686 1760 1789
f 886 836 796
f 1753 1776 1738
f 1794 1701 1744
f 653 1155 82
f 1061 1062 1097
f 1789 1827 1787
f 1791 1789 1760
f 1009 1046 1023
f 968 1020 1015
f 1883 1048 1835
f 1007 1024 1082
f 1859 1877 1888
f 791 787 846
f 995 961 939
f 1020 968 959
f 1900 1872 1297
f 1293 1297 1872
f 1883 945 1053
f 945 1897 904
f 611 904 749
f 232 83 104
f 731 778 815
f 581 130 620
f 620 130 139
f 139 623 620
f 1859 1293 1828
f 621 377 103
f 754 661 755
f 913 469 741
f 729 661 754
f 534 533 561
f 1833 1560 1889
f 755 640 709
f 873 837 919
f 201 1458 1382
f 755 661 640
f 1641 1556 1527
f 319 316 259
f 285 316 341
f 316 285 259
f 1551 1570 1518
f 1859 1770 1771
f 202 87 147
f 166 100 195
f 1235 1250 1168
f 1169 1219 1222
f 657 780 744
f 543 485 479
f 180 117 149
f 1776 1753 1839
f 354 323 286
f 747 655 694
f 504 514 484
f 935 988 1050
f 454 545 605
f 802 694 723
f 943 1027 1026
f 702 816 793
f 666 683 662
f 682 680 644
f 1010 948 901
f 735 608 736
f 658 736 608
f 666 718 683
f 659 683 777
f 737 735 792
f 726 700 844
f 603 694 551
f 1781 1817 1435
f 808 849 842
f 720 850 849
f 545 633 605
f 545 570 633
f 636 720 738
f 536 515 520
f 406 439 466
f 427 550 551
f 439 444 465
f 461 460 567
f 925 851 908
f 1767 1768 1698
f 327 323 463
f 327 463 483
f 393 352 366
f 1002 1017 1145
f 1145 1142 1002
f 344 247 273
f 342 307 247
f 228 302 179
f 298 241 302
f 241 298 242
f 605 703 678
f 1113 1199 1115
f 1129 1159 1047
f 382 353 325
f 155 197 94
f 131 94 197
f 197 196 131
f 1721 1704 1846
f 1250 1235 1305
f 161 162 134
f 1290 1267 1215
f 332 336 361
f 361 357 332
f 297 311 340
f 570 636 633
f 266 358 350
f 1254 1196 1446
f 1364 1446 1196
f 303 330 387
f 1120 1205 1181
f 1324 1450 1508
f 1341 1508 1537
f 1508 1341 1324
f 361 336 419
f 1203 1130 1114
f 336 349 419
f 217 215 169
f 349 340 426
f 256 214 215
f 278 255 288
f 1387 1341 1537
f 1562 1488 1409
f 465 614 615
f 465 615 533
f 1207 1177 1080
f 531 639 614
f 255 282 284
f 1509 1639 1568
f 1646 1561 1716
f 693 563 745
f 764 732 677
f 693 764 677
f 698 745 563
f 1796 1865 1871
f 1796 1766 1865
f 566 498 529
f 1803 1720 1797
f 815 861 863
f 815 863 779
f 757 885 811
f 1155 1816 1742
f 865 762 843
f 863 884 779
f 1742 1837 917
f 1784 917 1837
f 950 864 845
f 1569 581 620
f 438 95 236
f 1185 1162 1231
f 235 132 158
f 154 268 153
f 1683 1755 1732
f 137 159 776
f 776 159 81
f 81 250 770
f 1162 1183 1231
f 1046 1071 1146
f 1146 1121 1046
f 1073 1094 1133
f 1102 1069 1180
f 1442 1546 1496
f 422 750 569
f 1307 524 398
f 239 157 223
f 183 223 157
f 1205 1247 1296
f 1296 1283 1205
f 1585 1489 1539
f 1322 1868 1383
f 1875 1872 1900
f 1304 1349 1412
f 1445 1427 1362
f 1514 1415 1423
f 1434 1496 1542
f 174 122 176
f 1487 1472 1386
f 1738 1710 1753
f 1487 1386 1416
f 1727 1644 1690
f 1745 1690 1689
f 1548 1493 1522
f 156 175 122
f 1728 1689 1702
f 175 176 122
f 1744 1701 1661
f 1661 1718 1744
f 1620 1566 1622
f 1582 1543 1520
f 1543 1582 1638
f 1520 1504 1582
f 487 306 484
f 1565 1599 1582
f 1535 1587 1592
f 1754 1743 1727
f 1759 1727 1690
f 1593 1530 1558
f 147 73 74
f 1760 1686 1676
f 1529 1530 1593
f 1842 1789 1791
f 51 91 116
f 495 434 451
f 1832 1759 1801
f 116 53 37
f 1541 1506 1437
f 1540 1464 1514
f 1504 1448 1411
f 1411 1495 1504
f 1461 1424 1530
f 1858 1884 1383
f 1383 1884 1610
f 495 494 433
f 475 433 494
f 1383 1868 1858
f 475 432 433
f 1892 1881 1079
f 37 51 116
f 1347 1371 1466
f 994 1322 597
f 587 1333 994
f 432 475 448
f 448 475 472
f 74 53 115
f 1350 1274 1280
f 1319 1375 1233
f 1275 1318 1319
f 1283 1221 1205
f 79 317 621
f 621 103 79
f 1203 1170 1130
f 36 48 47
f 1213 1131 1170
f 40 48 36
f 192 446 272
f 384 253 289
f 1590 1328 268
f 805 581 1846
f 1778 805 1846
f 1797 1846 581
f 1797 581 1569
f 1328 1569 623
f 965 942 1069
f 187 136 162
f 1069 1066 965
f 1467 1510 1516
f 374 342 344
f 1458 201 1775
f 1458 1775 1820
f 1862 1781 1433
f 399 339 342
f 1799 1664 1700
f 242 218 155
f 891 888 984
f 1659 1715 1713
f 956 932 1005
f 1729 1680 1751
f 1659 1583 1637
f 339 307 342
f 1387 1537 1561
f 795 759 864
f 1446 1473 1254
f 247 218 273
f 1391 1455 1301
f 309 219 276
f 794 754 817
f 209 295 276
f 795 714 740
f 1257 1316 1287
f 691 757 663
f 1189 1200 1306
f 1138 1189 1301
f 318 286 294
f 1178 1290 1215
f 296 328 293
f 727 681 582
f 1159 1129 1218
f 724 582 622
f 1017 1119 1145
f 328 352 321
f 996 1049 927
f 512 586 612
f 612 590 512
f 292 328 321
f 600 573 527
f 976 1031 1001
f 1011 1001 1031
f 834 998 990
f 585 449 525
f 544 513 563
f 1391 1554 1455
f 870 871 944
f 485 392 455
f 246 307 339
f 238 309 304
f 768 820 723
f 357 361 462
f 373 406 408
f 1976 403 400
f 402 345 258
f 334 277 263
f 737 682 735
f 261 145 174
f 542 607 604
f 607 514 572
f 536 520 521
f 521 427 536
f 148 115 53
f 482 518 425
f 148 185 115
f 74 115 185
f 395 394 298
f 27 49 93
f 393 388 472

