# https://github.com/mikedh/trimesh
v -0.00474584 0.22178225 0.04776422
v -0.00690653 0.22499707 0.05121495
v -0.24746050 -0.35840124 0.31265876
v 0.15806501 -0.36321500 -0.27836400
v 0.00941366 0.24619903 0.27574974
v 0.00697437 0.22647062 0.27298087
v 0.03036269 0.28202292 0.28812119
v 0.26996401 0.36409599 0.39247000
v 0.25774074 0.36493400 0.39514425
v 0.21330450 -0.35397899 -0.26576051
v 0.21136469 0.36372918 -0.39532176
v 0.00870712 0.34920943 0.21353450
v -0.00770775 0.23960531 0.27333656
v -0.25170407 -0.35434824 0.31526932
v -0.00727019 0.22826926 0.26344097
v -0.00746900 0.22338900 0.25126600
v -0.00172120 0.22213754 0.26950711
v 0.00396175 0.22189750 0.25319037
v -0.26088950 -0.33711249 -0.25946349
v -0.26600200 -0.33300674 -0.26854476
v -0.25433838 -0.34935963 0.31730375
v -0.00730375 0.22707394 0.07503937
v -0.28847399 0.36349100 0.37396649
v 0.21755800 -0.34384400 -0.25605050
v -0.29602593 0.35806382 0.36450043
v -0.28932026 0.36078274 0.37700674
v -0.21569400 -0.35444200 0.31632200
v -0.29432201 0.36256924 0.36661100
v 0.16130975 -0.35128674 -0.26393351
v 0.16946176 -0.34582874 -0.26354975
v -0.29032350 0.34966749 -0.37487137
v -0.29455805 0.34803343 -0.36222860
v 0.16090825 -0.34497574 -0.26240525
v -0.28570750 0.34687349 -0.37728250
v -0.01816065 0.24780993 0.30496889
v -0.02212600 0.31545126 0.30361599
v -0.02639860 0.31570578 0.29996094
v 0.27879551 0.36495301 0.38140899
v -0.24454750 -0.36204475 0.30649576
v 0.00701950 0.22481793 0.24005319
v 0.00644719 0.34769395 0.22889300
v 0.25456849 -0.34699151 -0.26065400
v 0.25904557 -0.34818506 -0.26121500
v 0.24821700 -0.36487901 -0.27782601
v -0.00978706 -0.21736038 -0.27544770
v 0.25015700 0.36240450 -0.39781049
v -0.00946312 -0.21312438 -0.27553701
v -0.01091500 -0.21228500 -0.27393901
v 0.16529183 0.36279336 -0.39758182
v -0.00770589 -0.21571429 -0.27412638
v -0.01740175 0.31661749 0.30568889
v -0.02341425 -0.22437701 -0.27705601
v -0.02905358 0.25838745 0.29380071
v -0.07787700 -0.33437651 -0.26752201
v 0.16217799 -0.35880649 -0.26835501
v 0.00101600 -0.33576301 -0.26425400
v 0.24985249 -0.34080201 -0.26335150
v 0.25726801 -0.33807200 -0.26341701
v -0.22029012 -0.33192199 -0.26560467
v 0.23032688 0.36308613 -0.39727932
v -0.21880300 -0.32920724 -0.27051988
v -0.21589500 -0.33102399 -0.26872599
v -0.21196499 -0.32965210 -0.26698726
v 0.25602651 0.36080974 -0.39752826
v -0.21189626 -0.33077914 -0.26871026
v -0.20981824 -0.33044600 -0.26976213
v 0.19957063 0.36134186 -0.39813536
v -0.22018813 -0.33099625 -0.27313599
v -0.21334450 -0.32499376 -0.27109826
v -0.00741725 0.22391149 0.14260332
v 0.01236175 -0.22390875 -0.27366799
v 0.01003500 -0.22517601 -0.27560249
v 0.00771700 -0.22716349 -0.27365199
v 0.00845075 -0.22881375 -0.27513525
v 0.01216050 -0.22339299 -0.27493599
v 0.02666000 -0.33490849 -0.26659399
v -0.00568138 0.22187713 0.13468188
v 0.21760850 -0.33753750 -0.25934300
v 0.25795987 -0.33516619 -0.26186714
v -0.20319299 -0.36202499 -0.30733600
v 0.00650750 0.22255801 0.14299650
v 0.00731105 0.22494589 0.12032615
v 0.00679228 0.23535906 0.25234520
v 0.00691159 0.24238862 0.26031184
v 0.00486463 0.22209562 0.22790687
v 0.20600718 -0.33908331 -0.26689956
v 0.20568250 -0.34035501 -0.26489899
v 0.25351200 0.36189201 0.39878201
v 0.13484871 0.36367887 -0.39605996
v 0.21050037 -0.34253514 -0.26330161
v 0.21313350 -0.33965799 -0.26667750
v -0.29623750 0.34773949 0.24276350
v -0.29809839 0.34970418 0.23684752
v 0.23588000 0.36442065 0.39790148
v 0.01924192 0.22049442 0.27611798
v 0.22946200 -0.33428201 -0.26383299
v 0.24098006 -0.33460957 -0.26412401
v 0.23610100 -0.33595699 -0.26685750
v 0.00593163 -0.23931319 -0.27511537
v 0.00314038 -0.23562787 -0.27646324
v -0.00332959 -0.23543829 -0.27627286
v -0.00907656 -0.24150456 -0.27583256
v 0.20061587 0.36508107 0.39666992
v 0.12050900 0.36150199 -0.39831200
v -0.00506750 -0.23664001 -0.27340049
v -0.00781075 -0.23484175 -0.27369049
v 0.12216825 -0.33509013 -0.26675218
v -0.02781650 -0.26093763 -0.29686251
v 0.00638700 0.33068451 0.24967925
v -0.00848692 0.34805205 0.24675116
v -0.00807700 -0.24600925 -0.27296975
v -0.01184225 -0.24615425 -0.27566925
v -0.01315550 -0.24301925 -0.27569351
v -0.01816250 -0.23791949 -0.27382201
v 0.09262437 -0.35360500 -0.26071820
v 0.29803720 0.36211306 0.25360662
v 0.27661526 0.36371651 -0.38529876
v 0.29667020 0.36436445 0.27752414
v 0.14216350 0.34947899 0.27332026
v 0.29802355 0.35171205 0.23132300
v -0.00652025 0.22199938 0.09694119
v -0.24462526 -0.32060176 -0.27044225
v 0.12028287 0.36498547 0.39418906
v 0.10859125 0.36369783 0.39672717
v -0.24104100 -0.32192326 -0.27438101
v -0.24353656 -0.32331192 -0.27982345
v -0.01070500 -0.24613599 -0.27548200
v -0.01035650 -0.24448299 -0.27316001
v -0.01156800 -0.24859850 -0.27492124
v -0.01195450 -0.24890150 -0.27548501
v -0.29793000 0.36285999 0.34164301
v -0.29846725 0.35398826 0.35629451
v -0.29330125 0.36332962 0.34605226
v -0.24879199 -0.32824850 -0.28245550
v 0.06964453 0.34843546 0.27625746
v 0.00121919 0.22133462 0.05810231
v 0.00552100 0.22119400 0.04530000
v 0.00731300 0.34933999 0.27502400
v -0.29900903 0.34958726 0.31739107
v 0.00737466 0.22404657 0.06331753
v -0.01995884 0.31812191 0.27739787
v -0.21045800 -0.35556951 0.31399250
v -0.01521976 0.22795218 0.27583432
v 0.00544266 0.22183570 0.06534927
v -0.00873900 0.26122087 0.27555189
v -0.00793800 0.28637999 0.27437499
v -0.21051550 -0.36433449 -0.27709800
v 0.00497125 0.33226174 0.26025939
v 0.00637197 0.32881710 0.26287699
v -0.20094250 -0.36213699 -0.29131824
v 0.00606113 0.34467062 0.27657700
v 0.26915994 0.36242101 -0.39272374
v 0.00635803 0.34758121 0.26525307
v 0.09710900 0.36282799 -0.39788800
v -0.29583719 0.36297154 0.23422085
v 0.01812850 -0.32969749 -0.27753299
v -0.29782924 0.36215538 0.21232088
v 0.02719575 -0.33186626 -0.28112224
v -0.29900017 0.35002467 0.18817621
v 0.21344262 0.34760937 0.27726537
v 0.16257338 -0.35413450 -0.25942937
v -0.17781368 0.31843898 0.30401522
v 0.21512400 0.34864300 0.27947000
v 0.21130775 0.32332599 0.27676299
v -0.18679431 0.34856576 0.27311319
v -0.15894575 0.34856051 0.26921725
v 0.14604776 -0.34879151 -0.25722849
v 0.15079600 -0.35485551 -0.25941449
v -0.29877377 0.36165535 0.31155354
v -0.00810350 0.34715483 0.13871537
v 0.00624800 0.22264700 0.16837899
v -0.00079941 0.22228034 0.15973344
v -0.29584733 0.34799924 0.35115054
v -0.00622534 0.22230765 0.16197178
v -0.14773737 0.31829211 0.30158749
v -0.11343000 0.32041600 0.30632600
v -0.11219900 0.31862900 0.30463099
v 0.11885500 0.36377800 0.39867899
v 0.01653237 -0.29713562 -0.30293456
v -0.24293387 -0.32866356 -0.30374995
v -0.23384476 -0.33062550 -0.29667625
v -0.05196906 -0.35671461 -0.31959584
v 0.29644492 0.36407799 0.35449776
v 0.29631764 0.36241025 0.36027905
v 0.29820499 0.35179499 0.34225699
v 0.29416901 0.34971100 0.35894400
v 0.20945200 -0.36327001 -0.31122300
v 0.21226776 -0.36511201 -0.30732074
v 0.21647000 -0.36419326 -0.31508276
v 0.24673550 -0.32932249 -0.27524275
v 0.00782675 -0.26684549 -0.27575424
v -0.05216700 -0.35116199 -0.26215750
v 0.01355650 -0.26366150 -0.27290449
v 0.00621863 -0.26921350 -0.27313724
v 0.00682950 -0.26517349 -0.27301899
v 0.00573825 -0.26712224 -0.27377900
v 0.00481400 -0.19753250 -0.27497849
v -0.21303201 -0.32551900 -0.29464200
v -0.20984299 -0.35853899 0.31105849
v -0.20503651 -0.33149350 -0.29720601
v 0.29270911 0.34962612 0.31129536
v 0.15915377 -0.36207959 -0.31518447
v -0.29408067 0.36078802 -0.35796583
v -0.00870800 0.31200412 0.27571276
v 0.11524419 0.36287338 -0.39687112
v -0.28757957 0.36190519 -0.35509327
v -0.28892249 0.34861100 0.37583950
v -0.29463500 0.34967700 0.36774200
v -0.00705331 0.22336601 0.19845600
v 0.24933825 -0.32556149 -0.28497332
v 0.01534300 -0.32155001 -0.30244899
v -0.02873413 -0.29207575 -0.28614724
v 0.24697450 -0.36235100 -0.31877026
v -0.02607187 -0.28023487 -0.27933264
v 0.00687184 0.22246419 0.27417660
v 0.14466134 0.32025099 0.27802387
v -0.04471544 -0.36033791 0.30885181
v 0.02250602 0.20874447 0.27737984
v 0.08794162 0.31980249 0.27824387
v -0.03077119 0.31766483 0.29277614
v 0.11775800 0.36364999 -0.39142799
v -0.02912200 0.31454825 0.29175076
v -0.12035900 -0.35089913 -0.25926563
v -0.14822732 -0.35254139 -0.32133907
v 0.25205174 -0.33788264 -0.31650862
v 0.24407816 -0.33533144 -0.31405866
v 0.24186908 -0.34419015 -0.31846043
v -0.29883790 0.36006916 0.13220692
v -0.12837538 -0.35019767 -0.25950849
v 0.23705737 -0.34294200 -0.32510862
v 0.02824700 -0.31541750 -0.28041500
v 0.03007450 -0.31580976 -0.28658575
v 0.02915950 -0.32757950 -0.29490849
v 0.29843405 0.35697106 0.31844580
v 0.29798445 0.36251140 0.33875763
v 0.29689851 0.35045701 0.32482851
v 0.21110424 -0.36151949 -0.31736201
v -0.21100950 -0.34777951 0.31679451
v 0.19257562 0.34714788 0.30758250
v -0.02324594 -0.15113571 -0.27825269
v 0.18510450 0.34942025 0.30879188
v -0.00589200 0.36485550 0.39729601
v 0.00637547 0.32701251 0.27368239
v 0.07684147 0.36372334 -0.39559084
v 0.00613200 0.32462400 0.27692699
v -0.03131475 0.32082587 0.27685100
v -0.18201800 0.31817001 0.29530901
v -0.17442150 0.31625500 0.28867626
v -0.17139237 0.31810838 0.28572690
v -0.27135876 -0.32446176 -0.29954025
v -0.26506776 -0.32191199 -0.31130600
v 0.21352425 -0.34872487 -0.32529351
v 0.06889457 0.36083320 -0.39849231
v -0.26816484 -0.33130759 -0.30700544
v -0.26132926 -0.32913601 -0.30858514
v -0.24613450 -0.32803050 -0.30746001
v -0.26303849 -0.33361501 -0.31312600
v -0.02795688 -0.35347807 -0.25904280
v -0.26266062 -0.33771351 -0.31729919
v 0.26531351 0.35221276 0.39586300
v 0.24852100 0.35155600 0.39944500
v 0.07398000 -0.33569619 -0.31550393
v 0.01360000 -0.33752149 -0.31838524
v 0.00694263 0.22395694 0.21667437
v 0.01099700 -0.34109849 -0.32136801
v -0.14310175 -0.35024551 -0.25827250
v -0.01768000 -0.33224449 -0.30337149
v -0.02326200 -0.32951400 -0.30003300
v 0.27411237 -0.32255849 -0.28177461
v 0.27199376 -0.32105550 -0.28462324
v 0.23398399 -0.33287099 -0.29227301
v -0.11703525 -0.35584986 0.31416938
v -0.29935524 0.36003599 0.33159900
v -0.11331600 -0.35703200 -0.26549900
v 0.12952302 0.34687090 0.30723420
v -0.26328826 0.36312276 0.39463151
v -0.27107301 0.36219200 0.39187101
v -0.20950925 -0.36051199 0.30770451
v 0.13139662 0.34951401 0.30934930
v -0.21189000 -0.36378801 0.30096799
v 0.01796122 0.34890079 0.30718201
v -0.26904899 -0.32077849 -0.30206600
v -0.26394099 -0.32061601 -0.30958101
v -0.26551700 -0.32764399 -0.31102800
v -0.07882650 0.31945983 0.27722034
v -0.28256077 0.34814250 0.37800515
v -0.25883436 -0.33779401 -0.31897876
v 0.01378825 0.36302799 -0.39777538
v -0.14065000 -0.35239774 0.31601501
v -0.14134374 -0.34766194 -0.32229400
v -0.27801087 0.35469082 0.38790786
v 0.22336049 0.34967551 0.39698401
v -0.29809532 0.34821135 0.16652203
v 0.18331903 0.35195062 0.39926487
v 0.00671438 0.30042675 0.27555299
v 0.00848800 0.31610650 0.27577800
v -0.24345800 -0.36307874 0.29329801
v 0.00862700 0.36069825 0.39871913
v -0.00593554 0.22420797 0.27217096
v -0.00935756 0.24200709 0.27557564
v -0.02172478 0.19122013 0.27746221
v -0.07204525 0.36201787 0.39844987
v -0.29901350 0.35992855 0.17116638
v -0.29790923 0.36216578 0.17875825
v 0.01777975 0.19954032 0.30506071
v 0.03311400 -0.33525199 -0.31485000
v 0.00905837 -0.33551800 -0.31443724
v 0.21399300 0.31994313 0.28298074
v 0.21431200 0.32019299 0.30488399
v 0.25074700 -0.35874674 -0.32268450
v 0.25782287 -0.35817799 -0.31676263
v -0.20951788 0.31812349 0.27796736
v -0.17664631 0.36170843 0.39811039
v -0.24492638 -0.33927613 -0.31979963
v -0.21096025 -0.33602425 -0.31547362
v 0.02510700 0.28578401 0.27930701
v -0.21400174 -0.33968601 -0.32054800
v 0.02723700 0.17014100 0.29957700
v 0.05467300 0.34952912 0.30871546
v 0.02145375 0.31975311 0.27720663
v -0.00133775 0.34628701 0.30643299
v -0.00771938 0.34938493 0.30857813
v -0.14369456 0.31894031 0.27716610
v -0.25173900 0.36145899 0.39763361
v 0.20801525 -0.33144200 -0.29688951
v 0.21506099 -0.32601100 -0.29271001
v -0.21693900 0.34837300 0.30579400
v -0.21296200 0.34782901 0.30539501
v -0.21443801 0.34739900 0.30307400
v -0.19208525 0.34843975 0.30719391
v -0.06517250 0.35021001 0.39812550
v 0.21098882 -0.33139169 -0.30474481
v 0.26389876 0.35028562 -0.39517999
v 0.20937006 -0.32620418 -0.29912394
v 0.20616600 -0.33435401 -0.30900401
v -0.04042500 0.34934276 0.39584824
v 0.00904900 -0.34874699 -0.32348201
v -0.00103575 0.33634812 0.30773532
v -0.02446069 0.31692931 0.28034806
v -0.10298050 0.34924850 0.39618450
v -0.24028225 -0.32258275 -0.31061801
v -0.24305651 -0.32235101 -0.31198600
v 0.17667113 0.31698051 0.29165164
v 0.17524651 0.31912699 0.28086051
v 0.16770700 0.31914699 0.29006401
v -0.22458969 0.35176197 0.39794999
v 0.29763225 0.36332449 0.20143400
v -0.02847590 0.20258531 0.29597798
v 0.25087062 -0.32286251 -0.29201999
v -0.02538307 0.17909555 0.30069050
v 0.25178674 -0.32807800 -0.29621875
v 0.25075001 -0.33141801 -0.29103100
v 0.22168663 -0.35130611 -0.32015806
v 0.22883463 -0.35022253 -0.31998256
v 0.02964884 0.16826168 0.28579375
v 0.24007501 -0.35228199 -0.31967801
v 0.21764082 -0.35913226 -0.32246819
v 0.22804663 -0.34886163 -0.32096624
v 0.23621200 -0.35085651 -0.32071251
v -0.25397375 -0.35626313 0.31134889
v -0.21420901 0.31987101 0.27820799
v 0.00693677 0.22292335 0.09975208
v -0.05106875 0.34926775 0.31123874
v -0.04015663 -0.33598238 -0.31597149
v -0.02964977 0.17236969 0.29098353
v -0.00893900 -0.33933151 -0.31974149
v 0.02752520 0.21441315 0.28175643
v -0.05994095 0.34710699 0.30700874
v 0.01954786 0.12511136 0.30423903
v -0.10183378 0.34657204 0.30596781
v -0.02923575 0.15276885 0.28694138
v -0.02213734 0.09994920 0.30294815
v -0.09548156 0.34866062 0.30686218
v -0.01847698 0.17406629 0.27603757
v -0.01546918 0.05470800 0.27493066
v -0.07069518 -0.33777526 -0.31805488
v -0.02072370 0.05966864 0.27615184
v -0.02421530 0.13403305 0.27886856
v -0.02927882 0.09843802 0.29420659
v -0.11673050 -0.33951551 -0.31974101
v -0.00931919 0.34888136 0.19281866
v -0.00828112 0.34713039 0.17870376
v 0.02415049 0.04813289 0.30120412
v 0.02949495 0.07551884 0.28638452
v 0.10874619 0.35736889 -0.39846593
v 0.01719612 0.05897739 0.27503014
v -0.14679438 0.34855768 0.30703339
v 0.02983882 0.02457888 0.29034585
v 0.02160612 0.05028062 0.27657038
v -0.01809293 0.03455831 0.30417323
v 0.01575359 -0.29603934 -0.27641004
v -0.01397363 0.34910664 0.19640850
v 0.02543300 -0.32057500 -0.27647400
v -0.02946103 0.01111898 0.28541538
v 0.02148900 -0.32014400 -0.27368101
v -0.02987266 0.01801513 0.29264656
v -0.02863375 0.01966313 0.29614398
v -0.21598674 -0.34804225 0.31797150
v 0.02632813 0.05338219 0.28046349
v 0.02938544 -0.01409726 0.28685698
v 0.02040555 -0.00162531 0.27586249
v 0.22258250 -0.33046499 -0.30576500
v 0.20885375 -0.34844932 -0.31945869
v 0.24768713 0.35124263 -0.39800638
v -0.03006631 0.05191203 0.28984451
v 0.00453387 0.22189887 0.18150869
v -0.29656899 0.34776601 0.30470499
v -0.21224450 0.32077301 0.27536500
v 0.01971450 0.04187100 0.30368099
v -0.01826474 -0.00420653 0.27497834
v 0.02912962 0.31624588 0.28419074
v 0.03324401 0.31855953 0.28767440
v -0.02303071 -0.06054212 0.27638936
v -0.02642755 -0.05274790 0.27918744
v 0.01689698 -0.03482796 0.30380324
v -0.08194737 -0.33526814 -0.31398126
v -0.01793341 -0.09950275 0.27422199
v -0.01395000 -0.32278800 -0.30259800
v -0.02331000 -0.31983799 -0.30441901
v -0.12370950 -0.34411812 -0.32182345
v 0.02759767 -0.07227256 0.29582101
v -0.02814930 -0.07409138 0.29718029
v -0.03002921 -0.11264088 0.29349810
v -0.21230650 0.31781650 0.30240899
v 0.00139575 -0.14040300 -0.27474976
v -0.02124166 -0.04656297 0.30288336
v -0.02521722 -0.14538628 0.30019027
v -0.03070341 -0.10402028 0.28837016
v -0.01662322 -0.09248066 0.30382830
v 0.02919359 -0.11197235 0.28903976
v -0.02732012 -0.19989741 0.27871308
v 0.11789350 -0.33551475 -0.31556150
v -0.01412750 -0.14361075 -0.27459326
v -0.02135204 -0.17020088 0.30231482
v -0.02426225 -0.15453075 -0.30174351
v 0.01730086 -0.24216531 0.27350569
v 0.02532087 -0.07304932 0.27910921
v 0.02569145 -0.19278471 0.27902126
v 0.21771468 -0.32588789 -0.30778006
v 0.21260124 -0.32698414 -0.30688238
v -0.02395350 -0.19867179 0.27591047
v 0.02674631 -0.18605699 0.29624417
v 0.01792278 -0.17242818 0.30279770
v 0.13382749 -0.34455600 -0.32405150
v -0.00611350 -0.34944999 -0.32302263
v 0.13296375 -0.33752349 -0.31913412
v -0.02026975 -0.13802275 -0.27622250
v 0.13439150 -0.34137750 -0.32262999
v 0.13726813 -0.33546001 -0.31528237
v 0.16892700 -0.33570826 -0.31621325
v 0.02215287 -0.14133263 -0.27610624
v 0.03375231 -0.35887012 0.31182992
v -0.07945125 -0.35328031 0.31574026
v -0.29537806 0.36286375 0.14674500
v 0.02157100 -0.21402065 0.30098575
v 0.00712150 0.22530501 0.16871400
v 0.03286100 0.35019699 -0.39855999
v -0.24251300 -0.32100499 -0.31100300
v -0.24932700 -0.32846701 -0.31091899
v 0.01247875 -0.19973125 0.30338514
v -0.03005200 -0.32025450 0.29340750
v 0.02433488 -0.24108168 0.29867968
v -0.25130811 -0.36154675 0.29712844
v 0.00667153 0.34801772 0.15092047
v 0.00641963 0.34755737 0.17941913
v 0.21977575 -0.32471976 0.26958549
v 0.21293899 -0.33742699 -0.31964725
v -0.02787275 0.31454787 0.28535312
v 0.21121182 -0.32516456 0.27012369
v 0.21489325 -0.32371688 0.27027574
v 0.06775225 0.32249326 0.27707851
v 0.21195762 -0.33044845 0.26859325
v 0.24562538 -0.32317263 -0.27897400
v -0.01665863 -0.34516877 -0.31791481
v -0.01836325 -0.32796350 0.27276549
v -0.02627381 -0.33020312 0.27668825
v 0.20923063 0.34962630 0.31195375
v 0.21694413 0.34961224 0.30796689
v 0.21410426 0.34791750 0.30691427
v 0.21012187 -0.33353356 0.26601025
v -0.03214075 0.36347476 -0.39664975
v -0.25906011 -0.34970474 0.31428736
v 0.00126338 -0.33382639 -0.30782166
v 0.26172376 -0.32534900 -0.30506599
v -0.03907450 -0.33306700 -0.30486199
v 0.26121539 -0.33347186 -0.31658357
v 0.26457876 -0.32453969 -0.30933493
v -0.21575500 0.34825900 0.27452999
v -0.21388599 0.34571600 0.29130501
v -0.21194987 0.34250286 0.27569088
v 0.21148588 -0.33882087 0.26048526
v 0.18761300 -0.33622101 0.26223800
v -0.21037191 -0.33134153 -0.30728146
v -0.20716000 -0.32613301 -0.30396900
v 0.00982563 0.36359742 -0.39414707
v -0.21596099 -0.32540599 -0.29878500
v -0.29544851 0.35922900 -0.36353999
v -0.21426125 -0.34540999 -0.32275200
v 0.21909875 -0.33296576 -0.31644851
v 0.21931431 -0.33786282 -0.32099193
v 0.20710838 -0.32517162 0.27957001
v 0.21293837 -0.35822362 -0.32154688
v 0.13374925 -0.35467550 -0.32301781
v 0.04682088 -0.35916662 -0.31816465
v 0.22221832 -0.32941875 0.27010149
v -0.01479200 -0.30755299 -0.30753651
v 0.00720975 0.33461612 0.30677164
v 0.19832250 0.32100174 0.27807200
v 0.21337469 -0.32396179 0.28221187
v 0.21448649 0.32274124 0.27855039
v 0.12897141 -0.33806294 0.26077005
v 0.24775299 -0.32193249 -0.30755949
v 0.21551301 -0.33025149 -0.28999799
v 0.21121800 -0.32525736 -0.28546637
v 0.29416901 0.36492100 0.31309250
v -0.29917249 0.35018626 0.26942700
v -0.00714461 -0.34894672 -0.31812358
v 0.18104775 0.35050324 -0.39814499
v 0.27508849 0.35510650 -0.39027938
v -0.09908355 0.34714651 0.27603510
v 0.29526925 0.36458051 0.18362600
v -0.22189350 -0.33108500 -0.30421099
v 0.29791725 0.36226887 0.17837626
v -0.24155375 -0.33102688 -0.30708224
v 0.29772076 0.35125425 0.29721299
v 0.29545924 0.34953243 0.26829082
v 0.13503800 -0.34779224 0.25761074
v 0.20556749 -0.33162299 0.27266100
v 0.29716164 0.34989697 0.17728865
v 0.29657546 0.34938240 0.14239684
v 0.29828209 0.35187459 0.15913372
v -0.06128250 0.34747651 0.27626511
v 0.29843450 0.35432318 0.19280881
v 0.11553138 -0.33216906 0.26929894
v 0.02638603 -0.33326504 0.26602644
v 0.29514369 0.34966475 0.19305225
v -0.00950950 -0.31379500 -0.27492264
v 0.29755920 0.36307833 0.30521765
v 0.14202425 -0.34324500 0.25827438
v -0.00360250 -0.34182537 0.25826749
v 0.11402400 0.31901550 0.30440080
v 0.11001050 0.32098001 0.30741099
v -0.00839987 0.34792900 0.15567750
v -0.24764800 -0.35534501 -0.32040200
v 0.21530737 0.34861544 0.29371151
v 0.21694051 0.34956250 0.27658850
v -0.24406207 -0.32052258 0.26592606
v -0.02898456 -0.33171150 -0.29436356
v -0.24267749 -0.32092649 0.26954451
v -0.24513137 -0.31913063 0.26763999
v 0.00136100 -0.28651619 -0.30741012
v 0.01413397 -0.24871582 -0.27428046
v 0.27133125 -0.32055274 0.30401674
v 0.27018601 -0.31903824 0.29286200
v 0.01266037 -0.25312176 -0.27372938
v 0.01189150 -0.25662926 -0.27677649
v 0.01225594 -0.25912312 -0.27595469
v 0.00744441 0.22358777 0.01870441
v 0.24817312 -0.32113531 0.29343051
v 0.06207600 0.32188013 0.30722401
v 0.00777269 0.22579198 0.01291928
v 0.29886103 0.35074455 -0.34891364
v -0.24711600 -0.33106101 -0.29264900
v -0.03384966 0.36066923 -0.39875966
v -0.24639100 -0.32264999 -0.29444101
v -0.21394250 0.31955999 0.30222350
v 0.29777586 0.34847549 -0.34895551
v 0.21872237 -0.32506868 -0.27291432
v 0.21083575 -0.32681057 -0.27769101
v 0.09544194 -0.36204064 -0.31406003
v -0.21099362 -0.34642363 0.25597325
v -0.21095376 -0.33753750 0.25919375
v -0.02712550 -0.31853700 -0.28082600
v -0.21515900 -0.34771299 0.25408301
v 0.00661550 0.29041901 0.27484125
v 0.00159825 0.22204131 0.14498125
v 0.15353100 0.34947100 0.27537599
v -0.00529719 0.22216156 0.20811468
v -0.01006800 0.34895599 0.12758900
v -0.00762625 0.22499500 0.21007288
v 0.01271450 -0.24146318 -0.27595055
v -0.05283756 0.36257643 -0.39793274
v 0.02168713 -0.25302038 -0.27437538
v 0.01593862 -0.24552874 -0.27596337
v -0.20659475 -0.33169824 0.26916876
v -0.21026775 -0.33466539 0.26189038
v -0.21249959 -0.33087751 0.26482105
v -0.01137813 -0.31490788 -0.27303788
v 0.29804051 0.35248044 0.26885614
v 0.01584087 0.21698788 0.27558976
v 0.00727887 0.27320486 0.27510649
v 0.00715328 0.24053307 0.15307522
v -0.29838893 0.36202282 0.27292424
v -0.05614906 0.32128638 0.30663851
v -0.00275181 -0.35278600 0.25859907
v -0.00002937 -0.15374775 -0.30508038
v 0.01609600 -0.16313700 -0.30640849
v 0.02822500 -0.16704300 -0.29990599
v -0.00974025 0.34911144 0.23145494
v -0.27193701 -0.32199499 -0.28550100
v -0.15666267 0.32490075 0.30570954
v -0.16658600 0.32065099 0.30611449
v -0.24668568 -0.32638863 0.27496868
v -0.24834062 -0.32106712 0.27997044
v -0.25400093 -0.31893000 0.29317182
v -0.25566718 -0.34697887 0.25495249
v 0.02408325 0.31549901 0.30305001
v -0.26474252 -0.34202194 0.26091710
v 0.21836700 -0.35835001 0.26271299
v -0.14534588 -0.36095312 -0.31297824
v 0.23677149 -0.32998750 0.29518101
v 0.22747631 -0.33009237 0.29124951
v 0.01942088 -0.35616723 0.26099896
v 0.22202376 -0.33066264 -0.26764712
v 0.00541375 0.22082350 0.02378200
v -0.29895750 0.35065266 0.34840748
v -0.24708700 -0.32967201 0.27832851
v -0.26705500 -0.32029799 -0.27482599
v -0.26830101 -0.32286599 -0.26870501
v 0.02698800 -0.23719101 -0.27859101
v 0.19838150 -0.33478701 -0.26727799
v -0.25093555 -0.35484931 0.25747070
v 0.28893274 0.36296350 0.37620199
v -0.25777975 -0.35078913 0.25798088
v 0.21045500 -0.35930499 0.26636499
v -0.25014901 -0.35978663 -0.31316924
v 0.29284301 0.35124087 0.36893776
v 0.22223502 -0.33071283 0.30906069
v 0.21491775 -0.32918462 0.29436350
v -0.25288114 -0.32127163 -0.26835012
v -0.26039901 -0.32186937 -0.26866838
v -0.26928076 -0.32668075 -0.27009499
v 0.20859487 -0.32997075 0.30156925
v 0.20177500 -0.33168101 0.28519899
v 0.20563500 -0.32941887 0.28998226
v 0.09175075 -0.33670250 -0.26302874
v 0.03133700 -0.33185199 0.28882301
v -0.29919553 0.35771585 0.22621600
v 0.15636410 -0.34135249 -0.26456678
v -0.02015425 -0.13782644 -0.30442056
v 0.21735875 -0.32366624 0.30276251
v 0.14921500 -0.34019500 -0.26390499
v 0.15058750 -0.34215763 -0.26459163
v 0.15306801 -0.34387201 -0.26442200
v 0.14937074 -0.34374049 -0.26435450
v 0.14025481 -0.34491488 -0.26289263
v 0.13321745 -0.34397480 -0.26381174
v 0.24509825 0.34881899 -0.39742574
v 0.14211351 -0.33717701 -0.26250651
v 0.21271950 -0.32365924 0.29643476
v 0.21118174 -0.32473969 0.30104491
v -0.21489200 -0.33103499 -0.26871499
v 0.20784725 -0.32477301 0.30016649
v 0.21184701 -0.32489601 0.30816001
v -0.06591700 -0.33680901 -0.26212600
v -0.29709446 0.35998973 0.35587123
v -0.20964751 -0.35721350 0.26076150
v -0.02216513 -0.10185469 -0.27820387
v 0.10884325 -0.36081234 0.26901063
v -0.00849628 0.34769359 0.21361257
v 0.11702894 -0.34595501 -0.26327020
v -0.02875637 -0.17911087 -0.28760132
v -0.02713175 -0.15280256 -0.29731968
v 0.09979308 -0.34777960 -0.26185572
v 0.00915700 -0.34503901 -0.26232064
v 0.01159750 -0.34440726 -0.26045275
v 0.00355750 -0.33875200 -0.26057050
v 0.00627588 -0.17570101 -0.27438325
v -0.02636100 -0.19621401 -0.29895300
v 0.16024856 -0.35046849 -0.26195776
v 0.14824687 -0.34865645 -0.26305026
v -0.21332049 -0.32954699 0.28492501
v 0.09026887 -0.34460151 -0.25764850
v -0.21218987 -0.32415986 0.28671467
v 0.29512510 0.36465001 0.12570247
v -0.22398999 -0.32983249 0.28832099
v 0.01534000 -0.15235113 -0.27463675
v 0.26358601 -0.32184526 0.31061450
v 0.26757401 -0.32777500 0.30980301
v 0.01838250 -0.22373575 -0.30667201
v 0.24401900 -0.32011899 0.30847400
v -0.11869675 -0.33742526 -0.26170325
v -0.20985851 -0.33560738 -0.26259249
v 0.02214256 -0.35321313 0.31606263
v -0.20644300 -0.36140850 0.30280700
v -0.01666325 -0.10942625 -0.27526200
v 0.14431851 -0.35575500 -0.26610401
v 0.02722769 -0.36125952 0.26975068
v -0.11585506 -0.35992533 0.26524019
v 0.28265366 0.35049194 0.38124147
v 0.01640481 -0.32887894 0.30239686
v -0.09994150 -0.36120999 0.26898199
v 0.20728113 -0.33175299 0.30393249
v 0.27394494 0.35151932 0.39117768
v 0.02729012 -0.14387438 -0.27964950
v 0.00964800 -0.33237761 0.30614999
v -0.10640600 -0.34323820 -0.26059246
v -0.10249969 -0.34640113 -0.26111600
v -0.10400000 -0.34080499 -0.25884199
v -0.10345175 0.36085150 -0.39879751
v 0.11554275 -0.33314201 0.30902824
v 0.18217200 -0.35466769 -0.25955993
v 0.17977025 -0.35271725 -0.25802076
v -0.09245650 0.35294050 -0.39922050
v -0.20531949 -0.36140975 0.27387550
v 0.27353749 0.34977975 0.38634399
v 0.02094688 0.23254363 0.30439487
v 0.19326575 0.36299500 0.39899138
v 0.14098357 0.36439013 0.39781806
v -0.12240450 -0.34241650 -0.25778750
v 0.21361651 -0.33061951 0.30933186
v 0.21110100 -0.33833939 0.31517175
v 0.04447975 -0.35459325 -0.25919676
v 0.21008800 -0.33415475 0.31056449
v 0.14871800 0.36274424 0.39901525
v -0.25057951 -0.36121500 0.27047050
v -0.22208869 -0.33034325 0.30733624
v 0.23155600 0.36178750 0.39933601
v -0.21837075 -0.32427737 0.30194706
v -0.26370624 -0.33773100 -0.26142824
v -0.25303888 -0.34460774 -0.25596663
v 0.28294301 0.36189899 -0.38396400
v -0.12816100 -0.34852362 0.31700161
v 0.23587576 -0.33530024 0.31522375
v 0.02580669 0.36490142 0.39739099
v -0.11335975 -0.33307001 0.30811551
v -0.20693088 -0.36146501 -0.27312487
v 0.13635682 -0.34089005 0.31666437
v -0.20884649 -0.34800050 -0.26067099
v -0.19638450 -0.34823224 -0.25700074
v 0.13732356 -0.33707976 0.31435293
v -0.23743799 -0.33902812 -0.25762925
v -0.25611800 -0.34303901 -0.25907400
v 0.17157800 0.34966600 0.39555201
v 0.20853050 -0.36140400 0.30535275
v -0.00661378 0.22202420 0.02409828
v -0.05196650 -0.35400975 -0.25932151
v -0.04699575 -0.35277224 -0.25784025
v -0.24486350 -0.36167201 -0.26900250
v -0.24918488 -0.35990861 -0.26867911
v -0.23066799 -0.34977600 -0.25938499
v 0.11922075 0.35017738 -0.39826187
v 0.02650956 -0.14257582 -0.30150250
v -0.24513125 -0.34830174 -0.25876400
v -0.21000674 -0.33412549 0.30970174
v -0.08931200 0.36447650 0.39672300
v -0.11877587 0.36366963 0.39718425
v -0.21526624 -0.33343399 0.31144625
v -0.01140600 -0.34115976 0.31609589
v 0.16200134 0.35005066 0.39798918
v -0.01575500 -0.15480800 -0.30579099
v -0.00427153 0.21585415 0.27550131
v -0.00675937 0.22373788 -0.02742275
v -0.00462059 0.22100919 0.02026370
v -0.26066399 -0.33564651 0.31355250
v -0.26388249 0.36112526 0.39525700
v 0.13013825 -0.34903026 0.31797451
v -0.02598642 0.22626764 0.28124315
v 0.02167294 -0.06759688 -0.27646101
v 0.02709031 -0.09558807 -0.28023419
v -0.29866004 0.34939653 0.11949581
v 0.00892350 -0.18979150 -0.30612350
v -0.22967188 0.34881699 0.39482486
v -0.29798287 0.36190736 0.11037275
v -0.18410112 -0.33702412 0.31321788
v 0.02353261 0.18556117 0.30274040
v -0.02803681 -0.08995450 -0.28572807
v -0.02891128 -0.05045313 -0.28980678
v -0.01749403 0.13897124 0.30473617
v 0.00315813 -0.13985981 -0.30573881
v -0.00211194 -0.34481281 0.31729037
v 0.02849200 0.12960151 0.28339937
v 0.03014087 0.14712688 0.29250240
v -0.01260750 -0.13000600 -0.30570799
v -0.10300900 0.36257699 -0.39786899
v -0.02636325 0.00987025 0.29951501
v -0.02776209 0.11583880 0.29769549
v -0.21634300 -0.34157500 0.31738201
v 0.02894923 0.06103911 0.29496071
v 0.02057603 0.11583928 0.27620929
v 0.09044550 -0.36116776 0.30718851
v -0.02777184 0.11627684 0.28297287
v -0.02455569 -0.07541144 -0.30091545
v 0.01910662 -0.12607962 -0.27525350
v -0.08001550 0.36236349 -0.39773476
v 0.03059538 -0.10600669 -0.29355055
v 0.02842750 -0.10770481 -0.29874012
v -0.01329688 -0.34968513 0.31718788
v 0.02720186 0.05757545 0.29809189
v -0.12123650 -0.34466100 0.31700400
v -0.21067700 -0.34233901 0.31623501
v 0.01468400 -0.06197762 0.27401188
v 0.00692856 0.22146757 -0.00600425
v 0.02154777 -0.04202123 0.30216396
v 0.02803405 -0.02882054 0.28311694
v -0.02939725 -0.06683200 0.28339726
v -0.03036516 -0.05331225 0.29153541
v -0.29812104 0.34860566 0.07286903
v 0.02768132 -0.10677773 0.28265378
v -0.01977875 -0.18475699 0.27400199
v 0.29806101 0.36236724 0.14059988
v 0.26771376 0.34836924 -0.39213488
v 0.29831949 0.35184455 0.12224450
v -0.21484038 -0.36093876 0.31027475
v 0.02006963 -0.15190281 0.27488649
v 0.01301286 -0.09485701 0.30387866
v 0.17390300 0.34874111 -0.39734939
v -0.01545500 -0.08224400 -0.27532601
v 0.18521751 0.34817493 -0.39594519
v 0.00802375 0.34896818 0.12719251
v 0.00651371 0.34662485 0.11798096
v 0.02842469 -0.20041609 0.28394362
v 0.02931887 -0.18531623 0.28833455
v -0.29648975 0.34747976 0.10721400
v -0.02941811 -0.17838566 0.29500169
v -0.02846250 -0.24462076 0.29662895
v -0.00804689 0.34782818 0.10305595
v 0.10620213 0.35063431 -0.39698508
v -0.29119986 0.36267370 0.09366875
v -0.29881799 0.35316718 0.09408425
v -0.03017100 -0.21202700 0.28333750
v -0.03085119 -0.22239666 0.29017678
v -0.02320369 -0.25407413 0.30107751
v -0.01555500 -0.19279350 0.27334750
v -0.02973575 -0.33003399 0.28142574
v -0.02841150 -0.33009201 0.29669300
v 0.26659599 -0.32049501 0.26881301
v 0.01508763 -0.32847825 0.27253750
v 0.29718152 0.36379024 0.09776913
v -0.01912325 -0.25878185 0.30261764
v 0.24913712 -0.32041401 0.28433293
v 0.21636049 -0.34764776 0.25678837
v -0.01896450 -0.08130450 -0.27611250
v 0.21204363 -0.34532124 0.25834900
v -0.02279888 -0.07924238 -0.27844712
v 0.01673687 -0.33861592 0.25992501
v -0.00359627 0.22045292 -0.04045611
v 0.00676400 0.22048999 -0.03476100
v -0.00632916 0.22208698 -0.04247847
v 0.28868926 0.36139199 -0.37758487
v 0.03403325 -0.36163533 0.30479369
v -0.29774004 0.35897300 0.09767208
v 0.25223288 -0.35187599 0.25838289
v -0.02068481 -0.33015776 0.27261919
v -0.00559825 0.22116950 -0.01645625
v -0.25913849 -0.31983668 0.26644763
v -0.26944101 -0.32028800 0.26761901
v 0.00783700 0.34899601 0.08274450
v 0.00654675 0.34788099 0.07947100
v -0.26945838 -0.31906787 0.27084062
v 0.21591200 -0.35343400 0.25847200
v 0.11675000 0.34839299 -0.39699599
v 0.09438800 0.34860900 -0.39744100
v 0.00415000 -0.34518287 0.25751662
v -0.12444906 0.34989819 -0.39918080
v -0.04521406 0.34801844 -0.39653307
v -0.21328600 0.34883893 -0.39910319
v -0.20732474 -0.32502213 0.27502093
v -0.21507250 -0.33451700 0.25928700
v -0.21317101 -0.32372850 0.26654449
v -0.22041075 -0.33024275 0.26443326
v -0.21979640 -0.32409862 0.26775691
v 0.02592137 -0.05542625 -0.27936745
v -0.09118700 0.36304900 -0.39210901
v 0.21539338 -0.33010924 0.28618100
v 0.20594224 -0.33058256 0.27998576
v 0.20562699 -0.32447499 0.28888449
v 0.29821411 0.35140285 0.09853675
v -0.02095050 -0.33227000 0.26837900
v -0.26157099 0.34702799 -0.39481899
v 0.29607037 0.34908512 0.07110263
v -0.28864768 0.36003089 -0.37740225
v 0.04236169 -0.35684511 0.31398708
v -0.29306850 0.36231250 -0.36664101
v 0.29896051 0.36115700 -0.34399849
v 0.03010419 -0.05090956 -0.28575888
v 0.03092662 -0.06881075 -0.29043344
v 0.16216744 -0.35327604 0.25955716
v -0.01801967 -0.00387333 -0.27641243
v 0.10106722 -0.35169584 0.25856638
v -0.29654601 0.34737501 0.07001400
v 0.00008250 -0.34843925 0.25738749
v 0.29817611 0.36268812 -0.31505972
v -0.14553687 -0.34324399 0.25695476
v 0.29576549 0.36380595 -0.30535018
v -0.29860839 0.35006723 0.01563407
v -0.29818651 0.34856167 0.04182975
v 0.26982901 -0.34065399 0.27051100
v 0.26714426 -0.34530574 0.27013725
v -0.06009400 -0.36170876 0.30236825
v -0.11452150 -0.34812975 0.25676754
v -0.27233574 -0.32402375 0.27963349
v -0.29878399 0.35970074 0.08322775
v 0.25033075 -0.32756764 0.29057050
v -0.29629707 0.36254919 0.02371587
v 0.29835480 0.35145921 0.07512841
v 0.00760400 0.34878075 0.05400825
v 0.00680650 0.34668374 0.03180406
v 0.00666400 0.22039500 -0.05995300
v 0.00799883 0.22335714 -0.07682297
v -0.20586340 -0.33003107 0.27863723
v -0.21869287 -0.32879516 0.27177858
v 0.27369550 -0.32824874 0.29183063
v 0.02866687 -0.02076075 -0.28277889
v 0.00659938 0.22018275 -0.07364538
v 0.24660875 -0.31965801 0.30143324
v -0.11853898 -0.35425469 0.25883883
v -0.02369200 0.00023341 -0.27970612
v -0.02775872 0.02556459 -0.28591418
v -0.29238704 0.34798491 -0.33321229
v -0.02329200 -0.02432238 -0.30217826
v -0.02970262 -0.33176488 0.27949563
v -0.02150275 -0.04638812 -0.30347949
v 0.00366223 0.22125050 -0.04712429
v 0.02914138 -0.33086550 0.28427774
v 0.02775962 -0.32975814 0.29220238
v 0.04762444 0.34815055 -0.30876601
v 0.02876169 -0.05865953 -0.29842505
v 0.02143087 -0.06175013 -0.30449101
v 0.02617372 -0.01571081 -0.30154100
v -0.29617682 0.34742376 0.00108280
v -0.21063113 -0.35341439 0.25783688
v -0.29767358 0.36017403 -0.30181682
v 0.26686001 -0.32001099 0.30924001
v 0.24399650 -0.32871950 0.30460376
v -0.03979878 0.34805927 -0.30897990
v 0.24236068 -0.32224375 0.30347732
v -0.01732875 -0.04971075 -0.30521801
v 0.22022137 -0.32681161 0.30516726
v 0.29806876 0.36231750 0.07804250
v 0.29828799 0.35049951 0.05149113
v 0.24424513 -0.32768711 0.30827463
v 0.03060531 0.02936091 -0.29453048
v 0.21345225 -0.36273676 0.27367875
v 0.20897099 -0.36097524 0.27126324
v -0.02387275 -0.32865199 0.30057901
v -0.25942001 -0.35365626 0.26921886
v -0.27125099 -0.33754301 0.28026199
v -0.13065863 0.34771782 -0.30933493
v 0.01736700 -0.33122161 0.30395013
v 0.02391350 -0.32992476 0.29797661
v -0.23211326 -0.33102524 0.28795424
v -0.24923050 -0.32949325 0.28569725
v -0.24957313 -0.32139793 0.29076856
v -0.24332662 -0.32071188 0.30082375
v 0.09552938 -0.33162189 0.30170026
v -0.00781166 0.34772417 0.04181376
v 0.29372793 0.36453313 0.06128306
v 0.29664615 0.36384794 0.05798381
v -0.25759199 -0.34261301 0.31731001
v 0.29852039 0.35905790 0.06170524
v -0.20256250 -0.33156300 0.28327888
v -0.20792337 -0.33157668 0.30248207
v -0.20484400 -0.32999000 0.28846651
v -0.20747006 -0.32706138 0.29779187
v -0.21458675 -0.32813749 0.29400626
v -0.20942363 -0.32347050 0.29851925
v 0.25304726 -0.36186787 0.28606951
v -0.24774325 -0.32857749 0.29374099
v -0.24435949 -0.31994599 0.30701751
v -0.24267325 -0.32853401 0.30538476
v 0.21392600 0.31885600 -0.30669299
v -0.00629731 0.22455232 -0.11655194
v 0.21607000 0.32029799 -0.30535999
v -0.00577091 0.22087581 -0.10045359
v -0.00519800 0.22046649 -0.05618950
v 0.29637200 0.36381200 -0.26470500
v -0.21386400 0.34538776 -0.29242125
v 0.16451925 0.31825149 -0.30617076
v 0.16902401 0.34800899 -0.27645975
v 0.13645400 0.31778499 -0.30475700
v 0.05304900 -0.33461601 0.31143799
v -0.01724306 0.00991575 -0.30520394
v 0.01281000 0.34920800 0.04445950
v -0.21258925 -0.36379674 0.27061850
v -0.16465156 -0.33222067 0.30520868
v 0.08924238 0.31839287 -0.30612487
v 0.13050945 0.34677294 -0.27726290
v 0.12501156 0.34819639 -0.27519968
v -0.02698559 -0.05792866 -0.29764253
v 0.25556013 -0.34990638 0.31980824
v 0.25592238 -0.34378001 0.31964189
v 0.00964300 0.34542549 -0.27728999
v 0.00737291 0.25853151 0.05544153
v -0.29769090 0.36032555 -0.27249381
v 0.21331100 0.31773201 -0.30503750
v 0.29821315 0.36184493 0.02840981
v 0.21761025 0.33063251 -0.28916499
v 0.29820687 0.35075951 0.03160764
v 0.00963500 0.34820399 -0.27586201
v -0.29825565 0.36110982 0.02843956
v -0.17749649 0.36256549 -0.39643750
v -0.04663213 0.34807512 -0.27579439
v -0.03296100 0.34596899 -0.27724025
v 0.21545400 0.34491101 -0.27745101
v -0.00968437 0.34860155 0.01982450
v -0.00757850 0.34715754 0.01981994
v -0.17283641 0.36007369 -0.39916989
v -0.00744427 0.34705308 0.00199840
v 0.21622349 -0.35337549 0.31924251
v -0.02792313 0.31724176 -0.30226475
v -0.00691428 0.32958472 -0.27640784
v 0.21586075 -0.36095425 0.31262401
v -0.17206700 0.36216736 -0.39784914
v 0.21697050 -0.35763201 0.31703299
v 0.21107601 -0.35818499 0.31360900
v -0.00621725 0.34263301 -0.27614325
v 0.21182249 -0.35421449 0.31701350
v 0.21006399 -0.36009550 0.31046799
v -0.00458125 0.34658074 -0.27541226
v 0.00789911 0.22226381 -0.11362311
v -0.00354800 0.22001950 -0.10172687
v -0.00788650 0.34728301 -0.27708551
v 0.00653800 0.21991751 -0.09708300
v -0.00626472 0.34601194 -0.26195911
v -0.00926850 0.34824201 -0.27353901
v -0.11960500 0.34578350 -0.27730125
v -0.17484215 0.34636849 -0.27699685
v -0.12538862 0.34748825 -0.27629575
v -0.10838713 0.34782401 -0.27278349
v 0.29893902 0.35095438 -0.25448599
v 0.29728934 0.36329126 -0.24230082
v -0.18513151 0.31744000 -0.30581564
v -0.21078201 0.31681001 -0.30402499
v -0.01669181 0.06893097 -0.27643216
v -0.29855809 0.36009887 0.00593419
v 0.16058819 0.32085612 -0.27682251
v 0.02588306 0.25729287 -0.30323613
v 0.29845154 0.35121554 0.00099705
v -0.17004000 0.31738436 -0.28608000
v -0.29708058 0.34766287 -0.28004676
v -0.29783762 0.34972507 -0.26165983
v -0.29311594 0.36204755 -0.24916650
v 0.14167607 0.34810534 -0.25064141
v 0.09786069 0.31807637 -0.27864894
v -0.02473669 0.09448669 -0.30058706
v 0.06443266 0.32018948 -0.27698430
v -0.07714775 0.34873000 -0.39832601
v 0.06186650 0.31792501 -0.27907899
v 0.29685214 0.34920546 0.00229494
v 0.29581499 0.36370450 -0.35620251
v 0.28678799 0.34891149 -0.37929451
v -0.14383535 0.34824708 -0.39831102
v -0.21241975 0.31871426 -0.27870026
v -0.21439263 0.34252024 -0.27849951
v -0.00775619 0.34774476 -0.01180437
v 0.29690117 0.36114433 -0.36069909
v -0.08853082 0.31764376 -0.28269842
v -0.18919037 0.34734687 -0.39665401
v 0.29855707 0.36153153 -0.22976428
v -0.08181100 0.31874901 -0.27726400
v -0.05214900 0.31800699 -0.27833399
v -0.00578978 0.22072543 -0.12530568
v 0.00662694 0.34725106 -0.01375494
v 0.00904412 0.34857488 -0.03374900
v -0.16476950 0.31728950 -0.27994451
v 0.02576713 0.03606178 -0.30221468
v 0.02905294 0.01999187 -0.29813951
v 0.02411750 0.09120925 -0.27821001
v 0.00741575 0.34858626 0.01386338
v 0.02984891 0.04945128 -0.28472775
v -0.01453925 -0.16214100 -0.27434549
v -0.29663199 0.35559201 -0.35676149
v 0.02704583 0.08338008 -0.28052482
v 0.00675550 0.34788850 -0.03790850
v 0.00710289 0.34368339 -0.02246411
v -0.29468808 0.35289875 -0.34197405
v -0.00900400 0.34843799 -0.03516900
v -0.00725175 0.34706524 -0.03991769
v 0.02257331 0.31864351 -0.27731603
v 0.02132775 0.03753016 -0.30455637
v 0.29802060 0.34978616 -0.03469647
v -0.29834381 0.35994449 -0.02908228
v -0.29530811 0.34715062 -0.07385850
v -0.00625037 0.30912864 -0.27510238
v 0.00716569 0.34637645 -0.22202903
v -0.02071238 0.06051147 -0.27795601
v 0.00894484 0.34779951 -0.23973861
v -0.29785362 0.35989720 -0.22250114
v -0.02711216 0.06703178 -0.29721504
v -0.29573593 0.36208755 -0.21152394
v 0.29551193 0.36423150 -0.05851681
v -0.29802662 0.34904894 -0.23447207
v 0.29854462 0.35119191 -0.04571697
v -0.00541450 0.22069401 -0.16873550
v -0.00256119 0.21941507 -0.16925082
v 0.00417838 0.21893838 -0.17542963
v 0.00785547 0.22050722 -0.18104731
v 0.00707306 0.34803814 -0.05365025
v 0.19100519 0.34772635 -0.30797464
v 0.29651207 0.36421165 0.01499450
v -0.00688216 0.34711024 -0.24139234
v 0.01815717 0.14476521 -0.27628782
v -0.29218599 0.36205825 -0.07013069
v -0.29811525 0.36099675 -0.05529975
v -0.29580194 0.36012176 -0.07051747
v -0.02016650 0.34810987 -0.31505051
v -0.02860513 0.06879725 -0.28989938
v 0.29768008 0.36309153 -0.00025841
v 0.06286559 0.34724069 -0.30755827
v 0.29886603 0.35090607 -0.20753239
v 0.29803592 0.34877250 -0.22904886
v 0.05192047 0.34529528 -0.30714172
v 0.29604313 0.34830126 -0.19088593
v 0.01882319 0.11763775 -0.30559576
v -0.29848406 0.35260159 -0.06799500
v -0.29804766 0.34900382 -0.10119422
v -0.02817027 0.34680817 -0.30748051
v -0.29761449 0.34795663 -0.03166028
v -0.08516375 0.34793419 -0.31029138
v 0.29824182 0.34902531 -0.18812144
v 0.29692250 0.36374301 -0.19460049
v 0.00871000 0.34845200 -0.08337700
v 0.00688063 0.34764174 -0.09138712
v -0.00522700 0.21997775 -0.14665575
v -0.00578175 0.22236550 -0.19199251
v -0.02377797 0.10985737 -0.28060499
v -0.01863556 0.19493222 -0.27763161
v -0.00268294 0.21932493 -0.18992716
v 0.00585650 0.21967587 -0.19176063
v 0.00787187 0.33827725 -0.30712762
v 0.00950122 0.32930475 -0.30692953
v 0.00075787 0.33222783 -0.30941099
v 0.00142550 0.32515851 -0.30682749
v -0.29550651 0.34686449 -0.31615749
v -0.29791000 0.35095099 -0.32006201
v 0.09679550 -0.35505599 0.31557688
v -0.02780684 0.17094100 -0.28780183
v -0.29785800 0.36062846 -0.20343843
v 0.29594937 0.34883511 -0.03425163
v -0.02136350 0.09865800 -0.30344844
v -0.29668900 0.36240301 -0.03271000
v -0.02316988 0.31379482 -0.30280519
v 0.28941381 0.34806776 -0.36900356
v 0.29756501 0.34829700 -0.28250200
v 0.08238512 0.32080251 -0.30701187
v -0.00579178 0.24809362 -0.27550113
v -0.00596600 0.26521000 -0.27171499
v 0.02856944 0.27449107 -0.28279239
v -0.21179774 0.34657851 -0.30676088
v 0.02156088 0.25171489 -0.27744913
v -0.02190731 0.04520194 -0.30322644
v 0.17886449 0.31792411 -0.29929325
v 0.00871664 0.28037667 -0.27435768
v -0.01885300 0.31625426 -0.30576599
v -0.03111000 0.31791919 -0.30558679
v -0.29661378 0.34716725 -0.20714033
v -0.06547482 0.31837520 -0.30635124
v -0.12009800 0.31728962 -0.30471358
v -0.01988100 0.31549200 -0.27869350
v -0.02698506 0.26257795 -0.28642631
v 0.29755446 0.34970745 -0.27192625
v 0.29613450 0.34817100 -0.26025051
v 0.29718205 0.36354724 -0.07689206
v 0.29832438 0.36148128 -0.04956435
v -0.00695912 0.25895399 -0.27658299
v -0.02670787 0.31391701 -0.29821369
v 0.21713075 0.32280800 -0.29301220
v 0.21628812 0.31995970 -0.27946931
v 0.21384813 0.31771976 -0.28008476
v 0.00868556 0.22309794 -0.20809884
v -0.00343194 0.21884431 -0.22218494
v 0.00754700 0.21903200 -0.21837300
v 0.00741050 0.21915001 -0.23098300
v -0.22915262 0.36227900 -0.39384624
v 0.03186694 0.31521624 -0.28876406
v 0.03473500 0.31804100 -0.29932699
v -0.18065625 0.31742838 -0.29477656
v -0.29818949 0.36040300 -0.08284700
v -0.01718738 0.08611919 -0.30531049
v -0.00647763 0.34614018 -0.20501262
v -0.02601075 0.15212084 -0.28378767
v 0.01305650 0.34820372 -0.22024259
v -0.02170088 0.16340944 -0.27917218
v -0.21511987 0.34682113 -0.27742174
v 0.00819800 0.34790531 -0.15792188
v 0.00739519 0.34664392 -0.19786231
v -0.29569021 0.34709522 -0.12692103
v 0.21402600 0.32095337 -0.27711549
v 0.13514826 0.31776026 -0.28064299
v -0.29746750 0.34788013 -0.07158747
v 0.01097262 0.32381189 -0.27688962
v 0.00826525 0.34290275 -0.27522674
v -0.02885773 0.31563821 -0.29211289
v -0.02607263 0.31698480 -0.28363818
v -0.03028150 0.31800449 -0.28563249
v -0.29774281 0.36127117 -0.10569439
v 0.00632750 0.34926963 -0.39811844
v -0.29810166 0.34908584 -0.12814131
v 0.29206049 0.36400524 -0.17086400
v 0.29804876 0.36269999 -0.09729411
v 0.29827300 0.34944299 -0.10156700
v 0.29728144 0.35048312 -0.10947656
v 0.29545799 0.34851563 -0.11667413
v 0.00104884 0.21944652 -0.24460815
v -0.00650300 0.34729600 -0.18560500
v -0.17702951 0.31648913 -0.28800151
v -0.01608600 0.31958699 -0.27727500
v -0.00738053 0.34733951 -0.06953122
v -0.29798207 0.34906894 -0.15662630
v 0.00879116 0.34823972 -0.12535171
v 0.00694717 0.34704718 -0.12321498
v 0.00730550 0.33219451 -0.26128349
v 0.00835838 0.33671013 -0.26350057
v 0.00784762 0.34661758 -0.25503892
v -0.01039631 0.34841049 -0.08340975
v -0.00695420 0.34695843 -0.12769622
v 0.03158528 0.15937597 -0.29261163
v 0.03077928 0.13696007 -0.29567757
v -0.10421200 0.31949651 -0.27703801
v -0.10430700 0.31784299 -0.27832800
v 0.14045587 -0.35666874 0.31471375
v -0.20988549 0.31975600 -0.27666551
v 0.00723528 0.34663284 -0.16411820
v -0.00603100 0.23110300 -0.17954800
v -0.29748896 0.36146834 -0.12881593
v 0.29875633 0.35043371 -0.17944169
v 0.00809950 0.34415275 -0.23719837
v 0.29647174 0.34840837 -0.14650138
v 0.02861850 0.13815087 -0.29989311
v -0.00663850 0.34708449 -0.15318701
v 0.00044225 0.21985775 -0.27484801
v 0.00759144 0.21867719 -0.27513900
v 0.29719344 0.36348453 -0.13677050
v 0.00977850 0.27837679 -0.27631602
v -0.29816726 0.36017618 -0.16702634
v 0.29713526 0.34884226 -0.06846550
v -0.02813125 0.27371764 -0.29052112
v 0.02867578 0.20201750 -0.30006784
v 0.00784388 0.34285897 -0.17312369
v 0.29848355 0.36169630 -0.17083707
v 0.29870749 0.35017401 -0.14724500
v 0.00916800 0.22388700 -0.27505749
v 0.00891725 0.24641076 -0.27357161
v 0.01042012 0.24507825 -0.27642825
v -0.00572500 0.21691699 -0.27645001
v 0.01439338 0.23554957 -0.27651155
v -0.06019300 0.35044301 -0.39885524
v -0.29814178 0.34942833 -0.19114976
v -0.00495450 0.22184950 -0.27515149
v -0.01368867 0.27016458 -0.27672869
v -0.02516292 0.23438913 -0.28315428
v 0.24875163 -0.35864976 0.31506526
v -0.00365950 0.21893337 -0.26859650
v -0.00990762 0.34824026 -0.19035144
v 0.02297144 0.23264319 -0.30484700
v -0.00769650 0.34787700 -0.20793550
v -0.00688867 0.34642577 -0.17248049
v -0.00635500 0.23530474 -0.30676225
v -0.02772120 0.25675231 -0.29523411
v -0.01850612 0.17251712 -0.30524161
v -0.00751600 0.28844851 -0.27666599
v 0.29835331 0.36175224 -0.12407881
v -0.00485141 0.21935444 -0.24482891
v -0.29479814 0.34693152 -0.25506961
v -0.29687700 0.36205399 -0.08168400
v -0.26312399 -0.34003150 0.31482038
v 0.01968825 0.22683425 -0.30587864
v 0.02431300 0.31615394 -0.27892438
v 0.29729137 0.35022512 0.20887913
v -0.22521719 0.36177182 -0.39803976
v 0.29860526 0.35154468 -0.08222999
v -0.24754550 0.35955951 -0.39938599
v 0.00102378 0.21960561 -0.21287206
v -0.29738200 0.36141601 -0.23729600
v 0.00905847 0.31890884 -0.27594224
v -0.14986600 0.32181099 -0.27664825
v -0.02022606 0.31809518 -0.27788857
v -0.00869925 0.32160124 -0.27705851
v -0.00518644 0.21976151 -0.21692963
v 0.03159700 0.20840375 -0.28933799
v -0.24596199 0.34981400 -0.39960450
v 0.00875175 0.22308275 -0.24603724
v -0.29638550 0.36200351 -0.26789701
v -0.29811013 0.35530424 -0.25225276
v 0.03239425 0.31782424 -0.28095126
v 0.07200250 0.34818399 -0.39589500
v 0.17155550 0.31787020 -0.28718263
v 0.17592876 0.31618851 -0.29023001
v 0.02404688 0.34824812 -0.39631200
v 0.03122303 0.31410491 -0.29601184
v 0.02771937 0.31341413 -0.30181739
v -0.05844313 0.32047361 -0.30694887
v -0.00667050 0.34645218 -0.10389706
v -0.01508250 0.31654000 -0.30659100
v 0.02579822 0.14434557 -0.30266607
v -0.21820000 0.34728301 -0.27504900
v 0.21765099 0.34808299 -0.27669400
v 0.21626200 0.34523451 -0.27909100
v -0.18237613 0.34747651 -0.31017312
v 0.21418449 0.34594336 -0.30683124
v 0.29835418 0.34959668 -0.13253576
v 0.09587012 0.34825975 -0.30995288
v 0.16269074 0.34821975 -0.30882162
v -0.00745677 0.34191433 -0.04201064
v -0.29323500 0.36057726 -0.33336112
v -0.29326326 0.36191675 -0.32365200
v 0.29897001 0.35030749 -0.31640500
v 0.00620859 0.21975024 -0.12885793
v 0.00115925 0.22014962 -0.14666137
v -0.00328663 0.21953619 -0.12084050
v 0.00852619 0.22482803 -0.14511184
v 0.29679963 0.36401230 0.23043525
v -0.02544950 0.06076737 -0.28215736
v 0.29427651 0.36477199 0.22070000
v 0.01961266 0.00046162 -0.27607533
v 0.00652675 0.34755334 0.00808219
v 0.02172838 -0.01862613 -0.30434749
v 0.00800381 0.22117378 -0.15216631
v 0.03114837 0.06703413 -0.29226974
v 0.16325600 -0.35343751 0.31699699
v 0.03120334 0.21439569 -0.29493469
v 0.03042300 0.26033539 -0.28559199
v 0.02435800 -0.01687163 -0.27830011
v -0.26356837 -0.34374413 0.31298313
v -0.20555012 -0.36257437 0.28817424
v 0.21725351 -0.34630826 0.32024726
v -0.26484537 -0.33119711 0.30809274
v 0.25165299 -0.35530376 0.31799799
v -0.02583681 -0.08281087 -0.28158888
v 0.21386100 -0.36296800 0.30528799
v -0.00786738 0.34275636 0.03485262
v -0.00785873 0.34698528 0.06254359
v 0.21215594 -0.34651336 0.31854901
v -0.09915213 -0.33519211 0.31151262
v -0.15551391 0.31843197 -0.27724609
v 0.02679181 -0.07770231 -0.30107012
v -0.21298337 -0.32425749 0.30602112
v 0.00794056 0.22691628 -0.04135544
v 0.02929638 0.31587636 -0.28329262
v -0.08966200 -0.36170799 0.27367100
v 0.24677569 -0.36186412 0.27022657
v -0.27289850 -0.32553524 0.29742500
v -0.26897717 -0.32104588 0.29970506
v 0.18184225 0.31786475 -0.28786451
v 0.18597962 0.31801865 -0.27870536
v 0.17010650 -0.36145476 0.27613199
v -0.20549163 -0.32457575 0.28936350
v -0.03306650 -0.33177650 0.29137400
v -0.03105775 -0.33009100 0.28862649
v -0.25617325 0.36199474 -0.39642689
v 0.21991999 -0.32472399 0.30903700
v -0.24574424 -0.35758299 0.25887874
v -0.29769051 0.36219126 0.08225550
v -0.21491100 -0.35794950 0.25844350
v 0.01082493 -0.35903925 0.26425558
v 0.00696200 0.34704101 -0.27475601
v -0.00821866 0.34807813 0.07862319
v 0.21558112 -0.36121076 0.26731637
v 0.11468444 -0.35564038 0.26111257
v -0.22697288 -0.33031625 0.26668587
v -0.21519688 -0.32388362 0.27591750
v 0.24943550 -0.32959649 0.28770450
v 0.02581500 -0.32976776 0.27896112
v 0.02048816 -0.33142781 0.27163193
v 0.23427425 -0.33027819 0.28019631
v -0.24156129 -0.33019850 0.26508033
v -0.08537169 0.36402243 0.16430110
v -0.21243769 0.32021281 -0.30455869
v -0.19736224 0.32997975 -0.30721825
v 0.05711400 0.34826699 -0.27600500
v 0.08416788 0.34455532 -0.27702418
v -0.04663750 -0.33160201 0.27296826
v 0.25780112 -0.35329074 0.26383564
v 0.25128874 -0.35634550 0.26197043
v 0.27139413 -0.33985588 0.28306600
v -0.21411000 0.34664249 -0.30462399
v 0.02752091 -0.29075974 0.28192115
v -0.00297781 0.34087887 -0.30723438
v -0.10046900 0.34787101 -0.39720601
v 0.25844476 -0.33999044 0.25863308
v -0.09572650 0.34712663 -0.30809814
v 0.26264551 -0.33516175 0.26183239
v -0.09246125 0.34575963 -0.30723211
v 0.24485150 -0.32090351 0.26782599
v 0.26785001 -0.31932899 0.27127200
v -0.00807275 0.34784412 0.12458532
v -0.28953749 0.34690699 -0.34272349
v 0.00054337 0.22114637 0.00915709
v -0.01242947 -0.25363430 0.30311522
v -0.01205081 -0.10273675 0.30397850
v 0.02189100 -0.31298974 0.29996449
v 0.02498156 -0.06266263 0.29941043
v 0.02385888 -0.11029293 -0.30352080
v 0.01552600 -0.11272750 -0.30596149
v 0.02257897 -0.12556700 0.27643448
v -0.01305800 -0.33537674 0.31142142
v -0.26091000 -0.35356149 0.29906300
v -0.26350281 0.36010644 -0.39633393
v 0.02536922 0.12845987 0.27933115
v -0.04384200 0.31860951 0.30237550
v -0.12784572 0.31943974 0.30498916
v -0.04969300 0.34396088 0.30612850
v -0.04473700 0.34851801 0.30683100
v -0.15405600 0.31990793 0.30365255
v -0.14203300 0.32035699 0.30619901
v -0.16938725 0.35151082 0.39829725
v -0.03190500 0.34918651 0.39151224
v -0.10316338 0.35521811 0.39857200
v -0.12118725 0.36098924 0.39847875
v -0.23433800 0.36308488 0.39700237
v -0.11291531 0.35260412 0.39785087
v -0.11819700 0.34912699 0.39225999
v -0.22358191 0.36268878 0.39602497
v -0.24038588 -0.34866261 -0.25567287
v 0.00564706 0.35335362 0.39898407
v -0.23362599 0.36383250 0.39363551
v -0.12185400 0.35046899 0.39812100
v -0.19796756 0.36342087 0.39713845
v -0.16449450 0.36418781 0.39614981
v 0.02876250 0.34816700 -0.38848576
v -0.20920600 -0.35446200 -0.26331100
v -0.21344750 -0.36201799 -0.26818001
v 0.11005500 0.34968400 0.39674801
v -0.20912100 -0.35836351 -0.26648149
v 0.13567112 -0.36149555 0.30441412
v -0.21592875 0.34901974 0.39690849
v -0.22549012 0.35889262 0.39788201
v -0.18084075 -0.34989026 -0.25894237
v 0.24681149 -0.36187699 0.30982351
v 0.25221351 0.34981301 0.39678451
v 0.10279468 0.31891787 0.28158662
v -0.07414500 0.36508051 0.39729074
v -0.05042603 0.36427227 0.39794907
v -0.11720862 -0.35141963 -0.26209337
v 0.10768131 0.36001262 0.39917287
v 0.10828525 0.35203040 0.39891243
v 0.09387387 0.36494824 0.39714062
v -0.10340100 -0.35023600 -0.26019099
v -0.25564814 -0.35953900 0.28324249
v -0.09596375 -0.35227874 -0.25950700
v -0.00853300 -0.36173549 -0.27230874
v -0.00532825 -0.35160288 -0.26200813
v 0.01923069 -0.35326356 -0.26080218
v 0.00728412 -0.35401186 -0.25940874
v 0.21172550 0.31903651 0.29427475
v 0.00991719 0.36350811 0.39605001
v 0.00202556 0.22234179 0.26367509
v 0.00698600 0.36481801 0.39201450
v 0.02344163 -0.35341400 -0.25918201
v 0.02870400 -0.35084000 -0.26166499
v -0.02871228 0.25336409 0.28672931
v -0.09284000 -0.36271200 -0.27814800
v -0.10097600 -0.34476700 -0.25723901
v 0.10279488 -0.35398501 -0.25924262
v 0.00671956 0.23152144 0.26145056
v 0.06918650 -0.35098076 -0.26294726
v 0.25541201 -0.35463250 0.31657776
v 0.18168788 -0.35254487 -0.26182863
v 0.19013150 -0.35239401 -0.26145050
v 0.21256199 -0.35837701 -0.26849300
v -0.02666950 -0.14333056 -0.28265586
v 0.12470972 -0.34656632 -0.26265267
v -0.00622100 0.22136900 0.07123000
v 0.02222800 -0.33665299 -0.26251200
v 0.12847200 -0.34558576 0.31800357
v -0.29769912 0.34803489 0.21596125
v 0.21316449 -0.34493750 -0.25778750
v 0.21512963 -0.35340399 -0.26069999
v 0.21315500 -0.34992400 -0.26433301
v 0.21723799 -0.35126299 -0.26283801
v 0.29485050 0.34929550 -0.36678699
v -0.29896799 0.36115101 0.23742300
v 0.00672250 0.25481999 0.27426851
v 0.28772125 0.35447112 0.37872112
v 0.19687581 -0.34507164 -0.26428229
v -0.10329300 -0.33335474 -0.27111775
v 0.02829400 -0.16861625 -0.28053695
v 0.02466762 -0.18739563 -0.27708724
v 0.01132100 -0.15298501 -0.27578300
v 0.00175200 -0.19215050 -0.30655849
v 0.18077099 -0.33921424 -0.26055899
v -0.21461324 0.32981151 -0.28410676
v -0.01554700 -0.18748000 -0.27388999
v 0.25843662 -0.33940241 -0.26533368
v 0.24626000 -0.33692625 -0.26623186
v 0.25138700 -0.33478549 -0.26519650
v 0.26433614 -0.33217299 -0.27004662
v 0.26872101 -0.33332950 -0.26543376
v 0.22789040 -0.33402631 -0.26845577
v 0.23515256 -0.33996895 -0.26390305
v 0.29097986 0.34937099 0.18636049
v -0.21696287 -0.32506424 -0.27354425
v -0.02059500 -0.19696900 -0.30485901
v 0.26410538 -0.32979825 -0.26732787
v 0.26855099 -0.32441050 -0.26623401
v 0.27228174 -0.33288625 -0.26905501
v 0.01604887 -0.33285862 -0.27525076
v 0.02873950 -0.33324751 -0.27568901
v -0.20906401 0.32050201 0.30598399
v 0.29697874 0.35232714 0.35770425
v 0.22178200 -0.32612100 -0.26741701
v 0.21264300 -0.32578695 -0.27195862
v 0.21843626 -0.32943562 -0.27226675
v 0.24856475 -0.32687324 -0.27287599
v 0.26351950 -0.32721937 -0.27274525
v 0.25629589 -0.32582489 -0.26781413
v 0.27228451 -0.32274300 -0.26852500
v -0.21249500 0.32106599 0.30543199
v 0.01055400 -0.21111850 -0.27571499
v 0.01279325 -0.21447074 -0.27465975
v 0.00776300 -0.21238776 -0.27394095
v -0.00590213 -0.21168962 -0.27499676
v 0.02992700 -0.33200499 -0.28663501
v 0.03219700 -0.33315501 -0.28957599
v -0.01327400 -0.25477400 -0.30708101
v -0.02053300 0.32050899 0.30650800
v -0.02949800 0.31917101 0.30528399
v -0.25602049 -0.35449451 -0.31494975
v -0.00623428 -0.36073795 -0.31522354
v -0.26567787 -0.34175751 -0.31111512
v -0.09387212 0.32019338 -0.27869356
v 0.03203800 0.31897101 0.30330199
v 0.02995381 0.31763947 0.29922822
v 0.02994844 0.31542218 0.29588920
v 0.25011149 -0.36201951 0.30512199
v 0.24765250 -0.32124701 -0.26919699
v 0.00602100 -0.23078488 -0.27501625
v 0.00432975 -0.23122349 -0.27361774
v -0.00692212 -0.23334175 -0.27502850
v -0.00879344 -0.23067544 -0.27643469
v -0.01123222 -0.23610266 -0.27588943
v -0.00331488 0.33210424 0.30785424
v 0.00283575 0.32607812 0.30690551
v -0.09120325 0.32567850 -0.27698126
v 0.00810358 -0.35375038 -0.32207564
v -0.25832951 -0.34748426 -0.32058775
v -0.25347599 -0.34712350 -0.32233000
v 0.03073975 0.31455326 0.28971151
v -0.00810292 0.31302014 0.27400500
v 0.00508975 -0.27391574 -0.30728975
v -0.00878400 0.34913099 0.27473101
v 0.09877975 -0.35878682 -0.31931818
v 0.17157701 0.31913799 0.29851899
v 0.18265450 0.31907699 0.29258949
v -0.00523025 0.22456500 -0.18161088
v 0.07889900 0.34949300 0.27513599
v -0.20902000 -0.34230024 -0.32049251
v -0.16045962 -0.33542100 -0.31448507
v -0.12665024 -0.33784524 -0.31778783
v -0.19548750 -0.33710974 -0.31704700
v 0.10861094 0.34771195 0.27721855
v -0.01728587 -0.33556750 -0.31442949
v 0.13378125 0.34885412 0.27657801
v -0.00770525 0.34395725 0.27550101
v 0.21766526 -0.33168724 -0.29074350
v -0.15155575 0.34713426 0.30577049
v -0.02890975 -0.16587788 -0.29200968
v -0.12963019 -0.33485100 -0.31329694
v 0.01540720 -0.26578704 -0.27655357
v -0.01556425 -0.09586800 -0.27583325
v 0.01077825 -0.25989151 -0.27308851
v 0.01085925 -0.25692880 -0.27325645
v 0.13067438 -0.35022476 -0.32438987
v -0.12910075 0.34892687 0.30804345
v -0.13311835 0.31839085 0.27914935
v -0.01922500 -0.19086525 -0.27489749
v -0.10812788 0.32130349 0.27628979
v -0.02537650 0.31898111 0.27875161
v 0.03978525 -0.36178988 0.29994726
v -0.00120800 -0.29631299 -0.30515599
v -0.00945756 -0.29867175 -0.30570701
v 0.06967600 0.34786701 0.30676001
v -0.01949200 -0.31803799 -0.27326500
v -0.01389175 -0.26797149 -0.27571744
v 0.02741100 -0.32777900 -0.30075201
v -0.00210775 -0.33645257 -0.31478393
v 0.00370359 -0.34173641 -0.32002133
v -0.25740764 -0.34146237 0.25542101
v -0.25927600 -0.33649549 0.25767401
v 0.06078775 0.31909949 0.27995849
v 0.15542699 0.31764674 -0.28046125
v 0.01256550 -0.31781536 -0.30595276
v 0.01550663 -0.31695175 -0.30415699
v 0.09149600 0.34729150 -0.27728099
v 0.08072997 0.34792623 -0.27526328
v 0.02013400 -0.31844500 -0.30692300
v 0.02535100 -0.32748300 -0.30360001
v 0.01584487 -0.27286357 -0.27588430
v 0.00122712 -0.26939967 -0.27584389
v -0.00349022 -0.26561630 -0.27320278
v 0.10832991 0.34759897 -0.30830783
v 0.11141450 0.34503576 -0.30708125
v -0.00831650 -0.28864825 -0.27602175
v 0.29636350 0.36450157 0.32464343
v 0.26684499 -0.33412999 -0.31132999
v 0.26879501 -0.33321601 -0.31602401
v 0.25973994 -0.32804638 -0.31543151
v 0.25727388 -0.32936963 -0.31380513
v 0.26616299 -0.32035601 -0.29236901
v 0.24872793 -0.33705032 -0.32110876
v -0.01232559 0.01018731 -0.30589059
v 0.22559366 -0.33322191 -0.31356537
v 0.22250988 -0.33686224 -0.31499091
v 0.22136006 -0.32780805 -0.31483075
v 0.21626838 -0.33374649 -0.31330675
v 0.21783137 -0.32894889 -0.31131136
v 0.22169624 -0.32629824 -0.30688149
v -0.19489203 0.31941658 -0.30661416
v 0.21849465 -0.34459075 -0.32149246
v 0.21645458 -0.33913046 -0.31803036
v 0.22099043 -0.33612606 -0.31595936
v 0.21324250 -0.34357625 -0.32419899
v 0.25788775 -0.32289326 -0.31040925
v 0.21222788 -0.33748877 -0.31723177
v 0.14404038 0.34870800 0.30761212
v 0.03102450 0.06723550 -0.28840074
v 0.02998372 0.08425225 -0.29685321
v -0.00708500 -0.26227400 -0.27594274
v -0.00434200 -0.26080301 -0.27349749
v 0.00677575 -0.26398751 -0.27366775
v 0.00905250 -0.26346001 -0.27481925
v 0.25539157 -0.35264656 -0.32557631
v -0.00013550 -0.26507539 -0.27430156
v 0.02788894 0.07781825 -0.30041274
v 0.01717537 -0.06402513 -0.30508786
v -0.11761250 0.34851700 0.27542463
v -0.02922000 -0.23721600 -0.29004601
v -0.01459875 0.34838924 0.27627861
v 0.01749812 -0.14286937 -0.30486962
v 0.25321582 -0.33801964 -0.31496337
v -0.01093975 -0.27942625 -0.30743375
v 0.22647350 -0.34762749 -0.32599625
v 0.22582369 -0.34483770 -0.32298291
v 0.22652344 -0.34193489 -0.31980550
v 0.23113200 -0.33745250 -0.31963399
v 0.24358387 -0.33435664 -0.31724450
v -0.00587000 -0.25900400 -0.30334100
v -0.00660766 -0.27631515 -0.30671459
v -0.00536869 -0.34579280 -0.32086119
v 0.00646200 0.33962899 0.25616151
v -0.00383897 -0.34227791 -0.31607026
v -0.00780705 -0.34017232 -0.31680924
v -0.00753300 -0.34436700 -0.31681299
v 0.29742849 0.35046351 0.25979149
v -0.00970650 -0.29949349 -0.27696151
v 0.00604500 0.22175388 0.11795325
v -0.00132650 -0.26193699 -0.30494249
v -0.00152900 -0.26207900 -0.30715600
v 0.17734931 0.31909445 0.30527425
v 0.17966844 0.32200518 0.30792257
v 0.12123212 0.31957319 0.30640981
v -0.20387524 -0.33288750 -0.30423176
v 0.02944150 -0.23781300 -0.28346899
v 0.01413550 -0.31037050 -0.27709225
v -0.15362459 -0.35637769 -0.31882593
v -0.25190651 0.34784111 -0.39827013
v 0.24832550 -0.36449701 -0.31260449
v -0.06189550 0.31878099 0.30459249
v -0.20984985 -0.35540321 -0.31893539
v -0.20747074 -0.36102739 -0.31183839
v -0.21035300 -0.35565001 -0.31599799
v -0.21944800 -0.35950875 -0.31758675
v 0.07200850 -0.36314180 -0.30762556
v 0.03165469 0.28551224 -0.29034901
v 0.03071641 0.26579538 0.29184559
v -0.08512332 -0.36229268 -0.31018257
v 0.22064701 -0.33285600 -0.27108151
v 0.21053225 -0.33483726 -0.27189401
v -0.01860950 -0.33186749 -0.27654749
v -0.02690475 -0.33120099 -0.28248376
v 0.07011863 0.34489289 0.27706063
v -0.24384250 -0.36273649 -0.31103700
v -0.20487300 -0.33100551 -0.28537250
v -0.20589800 -0.32822600 -0.27728751
v -0.20746800 -0.32441801 -0.27472800
v -0.21334250 -0.33003849 -0.28765899
v -0.21531200 -0.32948250 -0.27577075
v -0.00782400 -0.16086900 -0.27527949
v -0.24185562 -0.33027226 -0.27343538
v -0.24305238 -0.32777226 -0.27148312
v 0.25374350 -0.36437151 -0.29498601
v 0.14896375 0.34468812 0.27746639
v 0.21881725 -0.34384051 -0.26252475
v 0.22963950 -0.33853951 -0.26523700
v 0.26700199 -0.34087750 -0.26023200
v 0.26312801 -0.33807501 -0.25893399
v -0.02079900 -0.33484501 -0.26703900
v -0.10916550 -0.33665499 -0.26236600
v -0.00209400 -0.17264350 -0.30448401
v -0.18141575 -0.33699974 -0.26176375
v 0.23632587 -0.34395438 -0.26127788
v 0.25196075 -0.34306076 -0.25643674
v 0.25435713 -0.34514350 -0.25775638
v -0.00622662 -0.20524138 -0.27534062
v -0.24930425 -0.36302575 -0.30016950
v -0.00653375 -0.20252725 -0.27501774
v -0.00461800 -0.20282200 -0.27583000
v -0.00954762 -0.20457549 -0.27503100
v -0.00814900 -0.20451801 -0.27584901
v 0.21722201 -0.35815251 -0.26627049
v 0.26095363 -0.34860238 0.31706512
v 0.03053470 0.17745934 0.29031968
v 0.02371506 -0.27860773 0.27678350
v 0.01966100 -0.32827049 0.27385876
v -0.01240300 -0.20137000 -0.27371499
v 0.04748787 -0.33175036 0.27213776
v -0.00902750 -0.20278350 -0.27477750
v -0.00760800 -0.20116900 -0.27434599
v 0.06630488 -0.35353851 -0.26051137
v 0.22418883 -0.33066577 0.26882213
v 0.06135394 0.36489993 0.39706028
v 0.24315199 -0.33094576 0.26680699
v -0.26884651 -0.33527926 0.30701876
v -0.02175075 -0.35150382 -0.26088664
v 0.26320100 -0.31834450 0.29603800
v 0.00512562 0.22673401 0.15672959
v -0.04732800 -0.35117400 -0.26069900
v -0.26218513 0.35083538 -0.39701474
v -0.00271100 -0.12077925 -0.27547926
v -0.25716606 -0.32041955 0.30381238
v -0.06296000 -0.35885099 -0.26731801
v -0.24452400 -0.36336800 -0.27604699
v -0.03291100 0.36496806 0.39633688
v 0.01775238 -0.09723338 -0.27525175
v -0.10353400 -0.35039899 -0.25734100
v -0.17202500 -0.34964901 -0.25695199
v 0.00283812 0.35002649 0.39754531
v -0.16011275 0.34890863 0.39572626
v -0.21501850 -0.36146000 0.26255724
v -0.24256812 -0.36265299 0.27028462
v -0.02076188 -0.08836075 -0.30380550
v -0.00679900 -0.25389299 -0.27314299
v 0.01205630 -0.23859751 -0.27648610
v -0.12062400 -0.34884399 -0.25683901
v -0.11276175 -0.34023449 -0.26005599
v 0.24889900 -0.35179275 -0.26116613
v 0.24857000 -0.36087799 -0.26900551
v -0.03002855 -0.12232545 0.28439674
v 0.23984650 -0.34924451 -0.25609651
v 0.23919719 -0.35093930 -0.26031238
v -0.01798075 -0.36260137 -0.27525324
v -0.08960375 -0.36268961 -0.30653939
v 0.16109601 -0.36199200 -0.27320001
v 0.01121125 -0.20634900 -0.27533486
v 0.00944450 -0.20836550 -0.27628201
v 0.01074625 -0.20936100 -0.27433512
v 0.00810900 -0.20509900 -0.27419350
v 0.24895225 -0.32621711 0.28194875
v 0.24281400 -0.32234949 0.27397299
v 0.21595526 -0.33708924 0.26000562
v 0.15622450 -0.35685301 -0.26388401
v 0.24323726 -0.32854351 0.26975212
v 0.00506325 -0.20588000 -0.27597925
v -0.25289187 -0.36045337 -0.27754787
v -0.25780949 -0.35263699 -0.26650700
v -0.25160399 -0.35428700 -0.26166299
v 0.27317801 -0.32170400 0.28209075
v 0.01150300 -0.20585801 -0.27600849
v 0.00536125 -0.20710762 -0.27434349
v -0.23009206 -0.33018219 0.27928838
v 0.27085850 -0.33782750 -0.31471175
v 0.26749849 -0.34905800 -0.31236649
v 0.26798037 -0.34148499 -0.32062626
v 0.21358725 -0.32671076 0.28728151
v 0.03044175 -0.18969062 -0.29310387
v -0.27080399 -0.33022499 0.26993501
v -0.27143574 -0.31950650 0.29123050
v -0.28265899 0.34867400 -0.38456401
v -0.27492458 0.35585305 -0.39089188
v -0.27506551 -0.32230699 0.28714451
v -0.01383106 -0.07455912 -0.30545688
v 0.27085024 -0.32466349 0.30777675
v 0.27180088 -0.33167788 0.30450311
v 0.26651436 -0.33185345 0.31053749
v 0.24288300 -0.33124900 0.30989799
v 0.24169150 -0.33025950 0.30759951
v -0.00180794 -0.32860842 0.30349880
v 0.02397325 -0.27389768 -0.30456081
v 0.01645600 -0.28121799 -0.30735049
v -0.02362678 -0.33167964 0.30360585
v 0.26272699 -0.33578750 0.31531000
v 0.26634014 -0.34102720 0.31412131
v 0.00949350 -0.27425951 -0.30283949
v 0.01818950 -0.26300126 -0.30505151
v 0.18524094 -0.34141600 0.31699499
v 0.01379100 -0.27843499 -0.30414599
v -0.00852100 -0.20698300 -0.27610999
v -0.00837800 -0.20575500 -0.27610901
v -0.01095000 -0.20779400 -0.27589199
v -0.00118063 -0.20396188 -0.27448574
v 0.21559300 -0.33751300 0.31717700
v 0.29923356 0.35906282 -0.27483687
v 0.26103887 -0.34462413 0.31881699
v -0.27057949 -0.33812124 0.29869774
v 0.14013769 0.34722924 -0.30762562
v -0.28352049 0.36020476 -0.38374600
v -0.02626300 -0.33790600 0.31435800
v 0.08360700 -0.35200599 -0.26316801
v -0.12438785 0.31803352 -0.30617061
v -0.13707000 0.32034600 -0.30689624
v 0.02314909 0.11901625 -0.30420843
v 0.17936274 0.31596899 -0.29309449
v -0.00706469 0.34377593 -0.10858937
v 0.21228576 -0.33764949 -0.31454825
v 0.00769684 0.34298933 -0.13378359
v -0.01291338 -0.27512199 -0.27554289
v -0.16843949 0.31748724 -0.29585350
v -0.01569300 -0.32033125 -0.27507901
v -0.01716463 -0.32720688 -0.27735901
v -0.02705941 0.15345176 -0.29700628
v 0.01318150 -0.32250375 -0.27549574
v 0.00843225 0.31638938 -0.27389401
v 0.01194125 -0.28810501 -0.27546251
v 0.00777650 -0.32236794 -0.27282268
v 0.03019066 0.27059841 -0.29811344
v 0.01837987 -0.32772312 -0.27556950
v 0.01050075 -0.29129449 -0.27698374
v 0.01197825 -0.24663199 -0.30365551
v -0.02400975 0.17091431 -0.30158699
v 0.00867725 -0.31288901 -0.27447924
v 0.00769525 0.23419100 -0.30656949
v 0.00305538 0.23553562 -0.30890149
v -0.00051200 0.24362500 -0.30659300
v 0.12605751 -0.33508551 0.31225556
v -0.00089781 -0.31570107 -0.27337882
v -0.01147063 -0.27325162 -0.30513588
v 0.00614406 0.21924868 -0.25029394
v -0.21850900 -0.32454199 0.30640599
v -0.00883613 -0.28504488 -0.30668113
v -0.01277931 -0.29225963 -0.30659795
v -0.01330475 -0.28427449 -0.30332199
v -0.01743750 -0.24587750 -0.30624950
v -0.01331300 -0.19205400 -0.30656099
v -0.01142400 -0.18116100 -0.30659801
v 0.06822138 0.31779912 -0.30472839
v 0.01527400 -0.31518000 -0.30773899
v 0.14908488 -0.33958107 -0.26576763
v 0.19061400 0.32413268 -0.30710751
v 0.01210075 -0.25810224 -0.30476251
v 0.01227025 -0.24295551 -0.30561188
v 0.00265750 -0.22754350 -0.30353150
v 0.21816900 0.34818301 -0.30724400
v 0.19672050 0.34853849 -0.31021449
v 0.01691575 -0.34424976 -0.25965863
v 0.00618450 -0.34261599 -0.25817001
v 0.01618697 -0.34959930 -0.26161566
v 0.01390131 -0.33840781 -0.26342133
v 0.00213019 0.22057250 -0.08299819
v 0.01458288 -0.33556825 -0.26784950
v 0.01659138 -0.02094088 -0.30551288
v -0.29614526 0.35754949 -0.32801732
v 0.01576609 0.04820453 -0.27576023
v -0.26704001 -0.34705499 0.29375601
v -0.27087951 -0.33167800 -0.30202225
v 0.23108338 -0.33309376 -0.27373362
v 0.22091506 -0.33091882 -0.27411214
v -0.21685737 -0.32875213 -0.30521739
v 0.20654750 0.32632801 0.27641600
v 0.19763200 0.34065899 0.27767301
v -0.23618349 -0.33356199 -0.26517150
v -0.23161975 -0.33142975 -0.27407151
v -0.24985901 -0.36270499 0.28458500
v 0.01353063 -0.29005039 -0.30599657
v 0.20462675 -0.36136463 0.28337801
v 0.20832600 -0.36283100 0.28969449
v 0.26530650 -0.32558101 -0.30706787
v 0.26042363 -0.32126486 -0.29974931
v 0.25705612 -0.32495081 -0.30724105
v 0.02602300 -0.36178151 0.27419350
v -0.23437363 -0.32973412 0.29401949
v -0.01365937 -0.31456038 -0.30433062
v -0.00742800 -0.31422949 -0.30693200
v -0.01602600 -0.31855664 -0.30579776
v -0.00760900 -0.31122449 -0.30518949
v 0.00087200 -0.31762099 -0.30526701
v 0.24877851 -0.33048126 -0.31402299
v -0.21355399 -0.34890899 -0.25541699
v 0.19125600 -0.35134700 -0.26445100
v -0.20679000 -0.32311776 0.28357226
v 0.00691800 -0.21562850 -0.27457225
v -0.24460100 -0.32557049 -0.26622200
v 0.23795456 -0.33336914 -0.31247193
v 0.00058250 -0.31699899 -0.30739775
v -0.21610101 -0.33921424 0.25585750
v 0.00167625 -0.28365406 -0.30514026
v 0.01630162 -0.28698674 -0.30400914
v 0.17564763 -0.35095924 -0.26315862
v 0.29813924 0.34896287 -0.31202331
v -0.02617970 0.06238047 0.28014743
v 0.19486050 0.34497976 -0.30729824
v 0.01210042 0.17895515 0.30543658
v 0.18026544 0.34600368 -0.27738956
v 0.01373650 0.34892201 0.10227400
v 0.02716000 0.31801501 -0.30568999
v 0.01608875 0.31766820 -0.30698755
v 0.08326813 0.33655900 -0.27728063
v -0.17721687 0.34750751 -0.27549139
v 0.15728718 -0.34420693 -0.26423424
v -0.26683325 -0.34428075 -0.28276825
v 0.13401756 0.31899187 -0.27722162
v -0.07137200 -0.33269799 -0.27609199
v -0.26113006 -0.35179576 -0.30615968
v -0.07199950 -0.36036819 -0.31490850
v 0.21425788 -0.32953086 -0.27332750
v 0.26787901 -0.34400401 0.30524799
v -0.29096350 0.34770551 0.22724099
v 0.24991199 -0.32899800 -0.27998549
v 0.21617749 -0.32622588 -0.27793249
v 0.05563284 0.36478606 0.34642896
v -0.06057300 0.35218900 0.39866400
v 0.02732775 -0.33129874 -0.29755837
v 0.01404100 0.19787900 -0.30633101
v -0.14551450 -0.34851149 -0.25690249
v -0.16968276 -0.34896326 -0.26084900
v 0.09148700 0.34957501 0.30855599
v 0.00064600 -0.22439200 -0.27410001
v 0.21778844 -0.33137649 -0.30932894
v -0.09974700 -0.35121000 -0.26206800
v -0.00773725 0.32437655 0.27584749
v 0.21206713 0.31979975 0.27910751
v 0.00135400 -0.22363000 -0.27418199
v 0.00254162 -0.22124812 -0.27395561
v 0.11459725 0.34812981 -0.15945709
v -0.07067859 0.34905642 0.27485242
v -0.00907500 -0.25471851 -0.27334350
v -0.01082300 -0.25162101 -0.27534199
v -0.02916713 -0.29067838 -0.29167700
v -0.00673750 -0.22599749 -0.27524400
v 0.02138763 -0.35351899 -0.26378626
v -0.16347300 -0.33954400 -0.25914100
v -0.00974275 -0.22342774 -0.27406749
v -0.00421900 -0.22344050 -0.27405000
v -0.00405000 -0.22054450 -0.27368999
v -0.00494100 -0.22036950 -0.27383301
v 0.14568175 -0.35395038 -0.26113138
v -0.20891044 -0.36038888 0.26618713
v -0.00875725 -0.22190975 -0.27512512
v 0.00599487 0.21955626 -0.15741663
v -0.02851044 0.02551794 -0.29343921
v -0.12506349 -0.33654901 -0.26396626
v 0.02458600 -0.34202099 -0.25846100
v 0.23702350 -0.35204151 -0.26358950
v 0.01883450 -0.09093100 -0.30542251
v 0.00612375 -0.23135100 -0.27649724
v -0.25444776 -0.36043149 -0.29303011
v -0.04733300 -0.33330500 -0.27223501
v 0.00255700 -0.20282701 -0.27473801
v 0.00158350 -0.20383801 -0.27624249
v 0.00115450 -0.20369650 -0.27561650
v -0.00101900 -0.20209800 -0.27460200
v 0.22675900 -0.34978801 -0.25896499
v 0.23753776 -0.34567687 -0.26267475
v -0.25005299 -0.32791349 -0.26978150
v -0.24953163 -0.32896212 -0.26678026
v -0.00127100 -0.16980304 -0.30567577
v 0.01697500 -0.18440001 -0.30653599
v -0.26404524 -0.35074863 0.28223625
v 0.22565225 -0.33998224 -0.26260149
v 0.01819700 -0.20861800 -0.27373999
v -0.00552000 -0.20802400 -0.27625400
v -0.00702545 -0.20885953 -0.27440405
v 0.02806175 -0.26970276 -0.30053774
v 0.23450838 -0.35196275 -0.25757751
v 0.08533900 -0.33497250 -0.26711500
v 0.21588525 -0.33203724 -0.26578251
v 0.22740000 -0.34838000 -0.25616649
v 0.11238450 0.34820613 -0.24918576
v 0.21345140 -0.33028147 -0.26972377
v -0.01865350 -0.27157199 -0.30655250
v -0.21008600 0.32046950 -0.30683851
v 0.01673675 -0.25395375 -0.30423450
v 0.00473275 -0.23463850 -0.27434775
v -0.00444425 -0.23488775 -0.27498463
v 0.01389925 -0.26169676 -0.30543026
v 0.01732500 -0.25255400 -0.27305099
v -0.02319200 -0.31841999 -0.27553949
v 0.19788425 0.34816426 -0.31875825
v 0.06437994 0.31988522 0.30661309
v 0.02980100 -0.27119949 -0.29494500
v 0.00960069 -0.27816355 -0.30584943
v 0.03020562 -0.29457387 -0.29009625
v -0.03546713 0.34891993 0.27596045
v -0.19636226 -0.35992375 -0.31428000
v -0.18915600 0.34802157 0.27504820
v 0.24571300 -0.32211599 -0.31440100
v 0.26885501 -0.32224888 -0.31398699
v -0.14897525 0.34854200 0.27446464
v -0.15449880 0.34719718 0.27575913
v -0.20976549 -0.34880024 -0.32155150
v 0.01065800 -0.26253799 -0.27522349
v 0.21340600 0.32232726 0.30699125
v -0.01014250 0.32301801 0.27675250
v -0.18961644 0.34647211 0.27570924
v -0.21450756 0.34783962 0.27692005
v -0.22817887 -0.33398300 -0.31353888
v 0.24882394 -0.32858664 -0.30835494
v 0.01570838 -0.30395988 -0.27533013
v 0.01496950 -0.28645349 -0.27248400
v -0.00923600 0.34225100 0.27669850
v 0.27519199 -0.32757500 -0.29187900
v 0.00442500 -0.27119949 -0.27288800
v 0.21032250 0.32174751 0.30792201
v -0.26936576 -0.32575899 0.30492026
v -0.01552425 -0.29370150 -0.27257624
v 0.24478474 -0.32477126 -0.31352574
v 0.23733200 -0.33175349 -0.30146250
v 0.17838995 -0.35648423 0.26250917
v -0.24225110 -0.32581416 -0.30799806
v -0.01544200 -0.32728100 0.30279201
v 0.26821801 -0.35128999 -0.29763600
v 0.21921775 -0.34279001 -0.31877586
v 0.21563600 -0.34250563 -0.31786522
v 0.01375150 -0.32134500 0.30257899
v 0.01866500 0.32255599 0.30684149
v 0.19800951 -0.33552825 -0.31472576
v 0.24384600 -0.32288000 -0.26906499
v 0.21541831 -0.34834641 -0.31998360
v 0.21800713 -0.35182688 -0.32622626
v 0.02589291 0.31735131 0.27982026
v 0.27345401 -0.33847600 -0.28579900
v -0.21492700 -0.34253800 -0.25523299
v -0.21069300 -0.34475601 -0.25698149
v -0.20569800 -0.34757450 -0.25729951
v -0.00299500 -0.35125750 -0.25728250
v -0.08120150 -0.35069051 -0.26115000
v 0.00162200 -0.33332512 -0.27268562
v 0.21668801 -0.35522151 -0.25895649
v 0.19935709 -0.35362795 -0.25911996
v -0.21278600 -0.32611349 -0.26973400
v -0.21447951 -0.32519200 -0.26613399
v 0.24608099 -0.36276099 0.30544850
v 0.22558600 -0.33206901 -0.30739701
v -0.21058150 -0.32523051 -0.26742101
v -0.00732800 -0.28421399 -0.27698401
v 0.21235199 -0.35066000 -0.25748000
v 0.01406000 -0.30318549 -0.30465600
v -0.24293706 -0.33319706 -0.31025589
v -0.25710750 -0.34231400 -0.32154751
v 0.01166600 -0.29835576 -0.30750224
v 0.25418550 -0.36264089 -0.30905476
v 0.21793374 -0.32971513 -0.27913964
v 0.21220900 0.31945801 0.30586374
v -0.17169237 0.31800500 0.29637399
v -0.24292062 -0.32976094 0.30748487
v -0.20425619 -0.32590631 -0.28709775
v -0.20954725 -0.32532862 -0.28993401
v -0.21428663 -0.35304213 -0.32191512
v 0.21009350 -0.33140951 -0.28185925
v 0.20841099 -0.33323899 -0.27924600
v -0.02591750 -0.32528526 -0.27950299
v 0.21165650 -0.35268199 -0.31839100
v 0.24457587 -0.33207449 -0.27278349
v 0.01656500 -0.32645899 -0.27249900
v 0.00667500 -0.31694999 -0.27241999
v 0.01244200 -0.22011600 -0.27530500
v 0.00306462 -0.22050250 -0.27467251
v 0.01102550 -0.21870787 -0.27374101
v 0.21257950 -0.33467638 -0.26610738
v -0.21241763 -0.32476881 -0.28203824
v 0.25644299 -0.36218551 -0.28523600
v 0.27171174 -0.33837351 -0.27400374
v 0.27425101 -0.32961512 -0.27789912
v 0.29193801 0.36461574 0.36767599
v 0.06530925 -0.33519050 -0.26553899
v 0.18126638 -0.33517364 -0.26552212
v 0.02877621 -0.10399277 0.29279429
v 0.26242900 -0.34562400 -0.25711849
v -0.24215300 -0.33259475 -0.26488724
v -0.00421687 -0.25973487 -0.27305600
v 0.00558900 -0.19666350 -0.30522951
v 0.01210325 0.34960350 0.39550424
v -0.21590801 -0.35296050 0.25531799
v 0.01338775 -0.17779931 0.27336401
v 0.18272351 -0.34545851 -0.25764200
v 0.02901341 -0.27930075 0.28735968
v 0.18925776 0.34950021 0.25126815
v 0.16034725 0.34942001 0.25136924
v 0.26998699 -0.32059351 0.27070150
v 0.11335225 -0.35309401 -0.26082176
v 0.11256550 -0.35293451 -0.25801250
v 0.01251500 -0.21769950 -0.27577749
v 0.27200499 -0.32963249 0.27398974
v -0.07282800 -0.35509351 -0.26428449
v 0.26222825 -0.35283500 0.27531999
v 0.05830925 0.36360076 0.39860350
v 0.27247700 -0.33610600 0.29539701
v -0.15067375 -0.34453800 -0.25712350
v -0.17913032 -0.33475256 -0.31217051
v 0.26012701 -0.35622999 0.29817751
v -0.23418000 -0.34649625 -0.25526500
v 0.26264200 -0.35166001 0.30584174
v -0.27072874 0.34915876 0.39172351
v 0.11221400 0.32639000 -0.30686900
v -0.01312100 -0.02867225 -0.27551126
v 0.17948119 0.34818813 -0.27144501
v 0.16995725 0.34784237 -0.25955924
v 0.02859244 -0.22982000 0.29197481
v 0.24435669 -0.32002509 0.27065361
v -0.28758225 0.36253732 -0.01505050
v 0.22041824 -0.34300125 0.25714174
v 0.26675686 -0.33035401 0.26734725
v -0.02833225 0.17709911 -0.29094970
v 0.25947276 -0.34793988 0.25932637
v -0.01547900 0.20147374 -0.30614850
v -0.12004337 -0.33982751 0.25841913
v -0.06963281 0.34753707 -0.27662668
v -0.07878192 0.34593228 -0.27719635
v -0.18286163 0.34568113 -0.30726749
v 0.20418100 -0.33571401 0.31334400
v -0.14941725 0.34961525 0.39763299
v -0.00774273 0.26413074 0.13761668
v 0.07039303 0.35125694 0.39870355
v 0.20307200 0.34811601 0.27799100
v -0.00835044 -0.08496306 0.27395126
v -0.26601949 -0.34675750 -0.29676199
v 0.00152300 -0.29634300 -0.30750149
v -0.03321213 0.31865019 0.28614181
v 0.02049100 -0.33242700 -0.30305499
v -0.00542238 -0.25634450 -0.27458188
v -0.26457924 -0.33223689 -0.30883974
v 0.24533975 -0.33175313 -0.30745724
v -0.00944350 -0.25712901 -0.27667624
v 0.00427100 -0.26816201 -0.27370900
v 0.21668412 0.34737647 -0.29902512
v 0.25179449 -0.32289249 -0.26578376
v -0.14958932 0.34677896 -0.30764481
v 0.24693000 -0.32568499 -0.30742499
v 0.01829837 0.34768963 0.27676189
v -0.29636836 0.36225837 -0.28469089
v 0.22408231 0.34813052 -0.34079057
v -0.01255137 -0.24056888 -0.27543312
v -0.21876550 -0.32494000 -0.26843700
v 0.02306687 0.31579113 -0.30550101
v 0.00021400 -0.22414900 -0.27362901
v 0.00076000 -0.22373199 -0.27402699
v -0.00051750 -0.26028425 -0.27488399
v -0.00342394 -0.25838438 -0.27346763
v -0.01213875 -0.25665101 -0.27303624
v 0.03049675 -0.19394401 -0.28699750
v -0.22193150 -0.34818950 -0.25540751
v 0.21405751 -0.32555550 -0.31221351
v 0.21211088 -0.35256636 0.25948536
v -0.26235399 -0.33947518 0.25740501
v 0.02041050 0.34826761 -0.15897012
v -0.26556399 -0.32433701 0.30655250
v -0.21040900 0.31787899 -0.27752799
v -0.21039400 0.31699499 -0.28002900
v -0.15475175 -0.33156124 0.29971376
v 0.09101400 -0.33161950 0.27389875
v -0.00609350 0.29100674 -0.26439974
v -0.01812700 -0.16495275 -0.30559924
v 0.03001769 0.15372156 -0.28474769
v 0.01291887 -0.33571962 0.26242018
v -0.01268625 0.05101950 -0.27589476
v -0.00072275 -0.09923000 -0.27518612
v 0.01237994 0.04681300 0.30476388
v 0.13254724 -0.35367349 -0.26064301
v -0.00818587 -0.21964724 -0.27459124
v 0.18314512 0.34922776 0.26346800
v 0.26859099 -0.32164350 -0.26701400
v -0.27393025 -0.33087975 0.29040599
v -0.26685399 -0.33080000 0.26492864
v 0.25345051 -0.32100150 -0.28960401
v 0.00683125 0.31741875 0.08905575
v 0.02818525 -0.26818699 -0.28032362
v 0.00811775 -0.23583876 -0.27549249
v -0.00611200 -0.23257700 -0.27421001
v -0.00169850 -0.20384850 -0.27617601
v 0.25972849 -0.34443301 0.25783849
v -0.00120900 -0.22303700 -0.27468899
v 0.00449850 -0.18104351 -0.30581826
v 0.21464443 -0.33022195 -0.31563118
v -0.01454700 -0.10902650 -0.30585101
v 0.01520125 -0.04326025 -0.27540100
v 0.29895943 0.35024813 -0.28870156
v 0.02566250 -0.20391500 -0.30309901
v -0.24427550 -0.35853374 -0.26460174
v -0.21537450 -0.34882224 -0.25887200
v -0.02821381 0.36239868 0.39855230
v 0.16216432 0.34817731 -0.24484925
v -0.01000700 0.30092600 -0.30697301
v 0.12273075 0.34836051 -0.14037937
v -0.15072612 -0.34934607 -0.26091599
v -0.00803694 -0.35343009 -0.25890979
v 0.00386719 -0.34986901 -0.26189408
v 0.29632288 0.34812388 -0.30697912
v -0.01601150 -0.29642975 -0.30337000
v -0.06768000 -0.34030950 -0.25908750
v -0.20588100 -0.36448401 -0.29135901
v 0.25724825 -0.35852337 0.28073749
v 0.20700900 -0.34308749 -0.26457226
v -0.00563763 -0.22678913 -0.27373338
v 0.20947801 -0.36333600 -0.27807301
v -0.20350550 -0.33236074 -0.28145900
v -0.01250900 -0.23969200 -0.27597499
v -0.00933700 -0.24040200 -0.27329600
v -0.01229625 -0.24172275 -0.27621624
v 0.02854025 0.36358526 -0.29786524
v 0.20519200 -0.36334401 -0.28992099
v 0.20959800 -0.36542901 -0.29538000
v -0.02201925 -0.25516024 -0.30455551
v 0.00425375 -0.28872174 -0.30592075
v 0.24765299 -0.32881099 -0.26855499
v -0.16947350 -0.33312574 -0.27056238
v 0.24300900 -0.33159599 -0.27629799
v -0.24764575 -0.32202375 -0.28802899
v 0.00995250 -0.26343349 -0.27312201
v 0.01202425 -0.24227300 -0.27332175
v 0.00633537 -0.23596375 -0.27348524
v 0.17335118 0.34794313 0.27744919
v 0.27180251 -0.32161674 -0.30709824
v 0.23053581 -0.34883925 -0.32054430
v 0.20761175 -0.32673100 -0.29015926
v 0.22899963 -0.33184999 -0.28951737
v 0.17815150 -0.33357176 -0.27614725
v 0.21668263 -0.32626501 -0.27073899
v 0.21471712 -0.32623124 -0.26750275
v -0.00981950 -0.34649751 -0.32299951
v 0.20635600 -0.33344001 -0.30144000
v -0.00327800 -0.22516300 -0.30422801
v 0.27342737 -0.32340562 -0.30802238
v 0.02792200 -0.33321801 -0.30441901
v -0.01144700 -0.30529201 -0.30285501
v 0.16838975 0.32177976 0.27757025
v -0.02584600 -0.27721000 -0.30101499
v 0.26230276 -0.33234051 -0.27283800
v 0.02937925 -0.28207999 -0.28377801
v -0.02798500 -0.33308300 -0.27548400
v -0.01086050 -0.24866650 -0.27583450
v -0.01086900 -0.24923050 -0.27398351
v -0.24511351 -0.36064026 -0.31520000
v -0.00580850 0.22488850 -0.23126850
v 0.01391850 0.31615651 0.30615199
v -0.01428150 -0.22384299 -0.30684000
v 0.04693700 -0.35293826 -0.26343051
v -0.26540500 -0.34607926 0.27064863
v 0.06175400 -0.35181549 -0.25763401
v 0.26692650 -0.34847799 0.29132387
v -0.01314847 0.00952194 0.30454966
v 0.02830425 -0.22016799 -0.29994151
v -0.02449850 -0.18840300 -0.27889749
v 0.06610607 0.34967688 0.39649770
v -0.26225200 0.34939399 0.39575201
v -0.25538599 0.34839299 0.39558050
v -0.24274126 -0.32086849 -0.30226949
v -0.01409100 -0.24590300 -0.27311200
v 0.01324612 0.12582099 0.27505788
v 0.03011025 -0.14129525 -0.28486449
v 0.00045950 -0.06664875 -0.30553401
v -0.01134525 0.07397575 -0.30604249
v 0.02122850 0.34876174 0.03570400
v 0.01261900 -0.12501501 -0.27475300
v 0.03104200 0.01294944 -0.28966144
v 0.24564800 -0.32830200 0.26792300
v -0.02970200 0.36341274 -0.28915626
v 0.01574650 -0.34734601 -0.25716299
v 0.03085450 -0.14928506 -0.28958458
v 0.01722300 -0.32999501 -0.30203700
v -0.00693325 -0.16567038 -0.30470651
v -0.00988187 -0.16674188 -0.30606106
v 0.00164650 -0.26564750 -0.27347526
v -0.01097200 -0.25162300 -0.27548599
v 0.25190201 -0.36055014 0.27175900
v 0.01323212 -0.26241961 -0.30687514
v -0.01444200 -0.21124201 -0.27354500
v 0.26601124 -0.34187624 0.26350495
v 0.01821125 -0.32605326 -0.30199000
v 0.27115625 -0.32106051 -0.27032724
v 0.00749400 -0.28263801 -0.27467400
v -0.13258000 -0.33274600 -0.30465901
v 0.19039369 0.34914264 0.11574882
v -0.24939799 0.34953699 0.39772400
v 0.26330376 -0.35477775 -0.31066626
v -0.24983250 -0.34798524 -0.25710401
v 0.02434634 0.31826279 0.30383533
v -0.00832700 -0.31262299 -0.27720499
v -0.14162099 -0.34978601 -0.26148501
v -0.21231300 -0.36402699 -0.31031999
v 0.02784912 0.28859365 0.29930887
v 0.25169700 -0.36158550 -0.27139425
v -0.15190101 -0.33497399 -0.26492301
v -0.01079600 -0.25088400 -0.27574250
v 0.25601250 -0.35689601 -0.26767099
v -0.26814601 -0.33738700 -0.27356100
v 0.26448900 -0.34705749 -0.26630574
v 0.26730099 -0.34464201 -0.26384199
v 0.21168400 -0.36191201 -0.27339801
v -0.21094900 -0.34047601 -0.25860900
v -0.21533650 -0.33805251 -0.25728449
v 0.25883526 -0.33294001 -0.30899376
v 0.22024649 -0.32689500 -0.27764151
v 0.01714031 -0.36266837 -0.31126395
v -0.00980450 -0.23874401 -0.27352551
v -0.17917250 -0.36210075 -0.27711225
v -0.20572101 -0.32499349 -0.29581451
v -0.17210750 -0.33158025 0.27756676
v 0.02285350 -0.16019900 -0.30471700
v 0.25993437 -0.35329238 -0.32293764
v 0.27363449 -0.33047149 -0.30912000
v -0.00766950 -0.27513599 -0.27459651
v 0.26452601 -0.34679943 -0.32294130
v 0.26113400 -0.34181201 -0.32475650
v 0.01558600 -0.26082286 -0.30318612
v 0.01999750 -0.25864550 -0.30651101
v 0.01153400 -0.25260976 -0.30704451
v 0.25945300 -0.31879500 0.30627599
v 0.01507250 -0.22005150 -0.30663851
v -0.00174400 -0.17748301 -0.30631101
v 0.01923850 -0.12722425 -0.30554876
v -0.00360950 -0.19537500 -0.30502650
v -0.00931900 -0.22924300 -0.27358899
v 0.00318000 -0.25636300 -0.27682701
v 0.07044200 -0.33328801 -0.30465201
v 0.00053100 0.22763900 -0.30666849
v -0.01702400 -0.32982349 -0.30204350
v -0.24530700 -0.36355600 -0.30529001
v 0.01279400 -0.32304901 -0.27737400
v 0.15343800 -0.33321601 -0.27779800
v 0.15320675 -0.33486301 -0.26916975
v -0.17415249 -0.33232176 -0.27713376
v 0.21666500 -0.36259401 -0.27063501
v 0.00940800 0.21528099 -0.27632499
v -0.21334900 -0.35884601 -0.26400900
v 0.01347600 -0.16416299 -0.30475301
v 0.00228200 -0.17655399 -0.30423400
v -0.00650797 0.30148089 -0.18557459
v -0.28443193 0.34735087 -0.01582688
v 0.01280000 0.12677075 -0.30603668
v 0.21565625 0.32789475 0.28885037
v 0.06010600 -0.33303401 -0.27704051
v -0.05519450 -0.33252400 -0.27806550
v -0.27229500 -0.32982901 -0.29488799
v 0.00017400 -0.29700100 -0.27491575
v -0.01212605 0.21964408 0.30555946
v -0.25477099 -0.32020000 -0.27247101
v -0.24971850 -0.32064900 -0.29721749
v 0.23402788 0.36425099 -0.04975644
v -0.02511478 0.36406940 0.06601056
v -0.16848238 0.36334112 0.03138850
v 0.13064668 0.36414146 -0.04383597
v 0.04994333 0.36409655 -0.00267655
v -0.07643413 0.36361203 -0.04648644
v 0.21326900 -0.36529300 -0.27881101
v -0.26058263 -0.35399088 -0.28175074
v 0.25719801 -0.31942299 0.28405401
v 0.00657250 0.31700426 0.25370499
v 0.00890675 0.24233074 -0.24966601
v -0.09350325 0.33484876 -0.30680874
v -0.00991300 0.20104501 -0.30651999
v -0.21498787 0.33263707 0.29420832
v -0.00821450 0.32126001 0.19276525
v 0.00821538 0.26177001 -0.11968969
v 0.00749834 0.32173139 -0.05522875
v -0.03792200 0.34942001 0.37908801
v -0.20104845 0.34803045 0.10820889
v -0.00626200 -0.12021950 -0.30519101
v 0.07784165 0.36437738 0.09591468
v 0.20791407 0.36454025 0.10708678
v -0.19952212 0.36348161 0.21216363
v -0.06722975 0.34859321 0.06277167
v 0.00552488 0.36441812 0.21967350
v -0.02640550 -0.20726575 -0.28151375
v -0.00278500 -0.09053750 -0.30539551
v 0.01507800 -0.20351300 -0.30660549
v 0.00914000 -0.20914949 -0.30394450
v 0.00802750 0.29802564 -0.12854394
v 0.01445000 -0.19248450 -0.27382350
v -0.00517100 -0.20295100 -0.30405101
v -0.00716372 0.30074027 -0.06206409
v -0.00386500 -0.18892001 -0.27573201
v -0.01318100 -0.23162299 -0.30628350
v 0.00687387 0.26289225 0.22086838
v -0.03075287 -0.28892738 0.28472799
v 0.15678152 0.34872985 -0.03410306
v -0.00850200 -0.23771000 -0.30360499
v -0.00370550 -0.20285051 -0.27624801
v 0.03050100 -0.24152800 -0.28842801
v -0.06433603 0.34832591 -0.04308172
v 0.19967565 0.36477238 0.31468499
v -0.11325063 0.36421615 0.32411888
v 0.01612950 0.04688400 -0.30563149
v -0.17346013 0.34774122 -0.11154220
v -0.01250681 0.12895931 -0.27613470
v -0.02653500 -0.32548800 -0.30051601
v 0.15144300 -0.33349800 -0.30474001
v -0.02313413 0.36464238 0.34206638
v -0.18825182 0.36285222 -0.13530733
v 0.11164700 -0.33344501 -0.30500650
v 0.27161101 -0.34320500 -0.30541500
v -0.28739199 0.36240199 -0.07132100
v -0.00995300 0.11207075 -0.30621451
v -0.24934492 0.34730193 -0.15420160
v -0.07480000 -0.33287701 -0.30468801
v -0.17545401 -0.33273599 -0.30482399
v -0.00526250 0.36358830 -0.16605744
v 0.10164800 0.34831101 -0.16097300
v 0.27081600 -0.34563300 -0.28697401
v 0.09117591 0.36377013 -0.18447851
v 0.26430300 -0.35641599 -0.29306599
v -0.22395200 -0.33068201 -0.29221401
v 0.19304313 0.36376801 -0.22341238
v -0.00896800 0.30868700 0.30634251
v -0.00661225 0.33441749 -0.23192425
v 0.00857575 0.23753625 -0.25868174
v 0.26666951 -0.35019001 -0.27897650
v -0.23058200 -0.33204401 -0.28836501
v 0.21947318 0.34828812 -0.18539722
v -0.27139199 -0.33297399 -0.28516001
v -0.24195032 0.34724063 -0.21985300
v 0.00839500 0.32725751 -0.25297099
v 0.25873300 -0.35793599 -0.27495849
v 0.21299700 -0.33915049 -0.26066601
v -0.20608900 -0.33260301 -0.27228600
v -0.26154199 -0.35375100 -0.29253301
v 0.06819950 -0.33959350 -0.25988099
v -0.00876900 -0.36311299 -0.28132600
v -0.01415575 -0.18628526 0.30347675
v 0.14470500 -0.36003500 -0.26995900
v 0.06247862 -0.36283800 -0.27573037
v 0.04860400 -0.36175299 -0.27208900
v 0.00279050 -0.35918799 -0.26805449
v -0.26323000 -0.34361300 -0.26548499
v -0.01054481 0.07727259 0.30493739
f 1451 10 55
f 482 360 14
f 10 1869 1878
f 1464 5 215
f 1458 2065 2026
f 418 1864 1862
f 60 67 49
f 64 46 152
f 720 20 2275
f 1878 30 29
f 43 1684 58
f 26 28 25
f 47 50 45
f 47 48 50
f 50 48 2256
f 50 2256 1922
f 57 58 42
f 1475 42 43
f 62 68 652
f 55 2278 1451
f 117 722 152
f 61 652 59
f 61 69 652
f 65 683 66
f 2404 66 683
f 74 73 72
f 2056 1472 2403
f 333 152 519
f 78 79 96
f 2195 2311 2404
f 91 86 2182
f 86 91 1659
f 2307 2269 2180
f 80 2180 2269
f 1675 96 1481
f 97 96 79
f 1449 670 33
f 80 2269 1651
f 100 2157 99
f 1522 102 2186
f 2284 2186 102
f 101 2188 102
f 105 106 101
f 52 2232 2353
f 113 102 127
f 111 102 128
f 111 2187 114
f 96 1480 614
f 112 113 2237
f 111 114 113
f 8 88 260
f 127 102 2220
f 94 88 9
f 112 127 2220
f 129 112 2220
f 130 112 129
f 112 130 102
f 2197 126 134
f 563 2197 134
f 9 103 94
f 149 109 148
f 1631 149 148
f 151 138 2119
f 151 153 138
f 2044 1807 158
f 1488 1807 156
f 2226 2412 2409
f 2247 167 673
f 177 1392 175
f 1617 520 1979
f 121 1637 77
f 180 565 563
f 1428 124 123
f 7 411 1529
f 1127 1212 1311
f 194 195 196
f 195 194 1989
f 196 191 2114
f 196 195 2252
f 195 1611 1614
f 137 140 144
f 146 204 1530
f 150 727 147
f 209 70 174
f 189 213 1648
f 1508 2108 220
f 37 220 222
f 222 220 468
f 167 161 703
f 168 161 167
f 2009 230 1613
f 227 225 226
f 230 2009 1623
f 249 248 247
f 250 600 282
f 1708 192 1705
f 1212 1006 1311
f 1603 252 444
f 1006 1212 452
f 268 2306 267
f 1997 271 2196
f 210 473 349
f 286 207 173
f 250 282 251
f 1466 1450 1869
f 287 259 257
f 257 2028 287
f 287 2028 314
f 1134 802 1042
f 2078 1725 710
f 263 307 306
f 310 311 2031
f 1986 315 314
f 315 1538 317
f 1457 293 814
f 1462 1042 840
f 160 546 163
f 327 329 328
f 2108 1559 339
f 694 260 261
f 2121 809 1134
f 261 1421 694
f 343 345 344
f 366 420 380
f 675 1305 521
f 765 745 748
f 359 354 356
f 274 2174 1412
f 23 277 276
f 370 373 387
f 1547 370 387
f 207 26 208
f 583 1989 395
f 583 395 393
f 299 752 300
f 143 300 752
f 1478 2217 1475
f 285 1556 323
f 2251 2142 751
f 262 432 446
f 751 2250 2251
f 1526 445 337
f 432 449 446
f 1901 1399 331
f 444 252 1554
f 320 296 245
f 346 324 2263
f 448 446 467
f 444 448 1603
f 471 219 320
f 769 35 372
f 1997 2205 271
f 479 478 477
f 1390 316 367
f 230 2293 1613
f 445 1526 224
f 1388 1948 1430
f 1859 484 2281
f 1589 486 1586
f 2306 2249 2109
f 2029 317 498
f 467 500 1623
f 348 379 777
f 1562 2178 1865
f 548 267 485
f 2054 183 1585
f 164 510 1911
f 512 1604 1976
f 1321 735 1856
f 1490 328 1499
f 2032 513 326
f 524 522 1986
f 82 362 140
f 1337 1560 1860
f 1533 237 202
f 1528 2038 544
f 2037 494 198
f 2139 953 976
f 548 1661 212
f 537 1799 2267
f 495 481 2189
f 2189 481 2246
f 1995 1564 588
f 316 218 320
f 218 95 320
f 110 1532 599
f 81 592 1707
f 594 1508 1507
f 1654 2283 570
f 116 118 538
f 5 591 296
f 600 2323 2399
f 602 162 1395
f 705 975 1720
f 41 138 153
f 618 282 600
f 1469 583 620
f 623 2054 38
f 1303 1305 118
f 433 686 447
f 1635 120 589
f 1465 627 623
f 2225 2192 1484
f 938 2152 1761
f 642 639 1889
f 671 639 644
f 1889 644 642
f 643 644 639
f 645 642 643
f 643 1828 645
f 443 691 455
f 59 63 2021
f 2246 481 864
f 25 656 132
f 28 656 25
f 23 133 28
f 664 1789 661
f 671 670 29
f 1926 646 671
f 470 466 469
f 1668 2050 1667
f 638 304 303
f 63 59 732
f 670 161 1742
f 670 702 161
f 2065 167 703
f 1468 695 1469
f 1761 2152 1333
f 708 709 715
f 1477 57 1476
f 1746 720 2413
f 1671 2059 1670
f 2123 1483 61
f 730 729 1419
f 733 721 720
f 535 1697 534
f 2 736 1
f 1 736 754
f 1745 739 740
f 854 540 539
f 732 2081 2012
f 746 1400 302
f 878 880 527
f 543 392 579
f 752 215 590
f 1346 659 688
f 640 2142 435
f 1370 1290 1049
f 378 758 301
f 764 304 454
f 304 228 303
f 809 2121 1968
f 776 372 350
f 759 784 863
f 595 880 613
f 753 845 736
f 891 571 884
f 606 624 608
f 849 810 811
f 1767 925 1353
f 1327 787 1384
f 1356 612 611
f 824 475 800
f 603 604 943
f 944 604 605
f 827 2245 1375
f 832 843 851
f 2133 834 851
f 851 834 832
f 651 641 650
f 635 633 653
f 651 653 654
f 2175 1705 1433
f 657 613 1346
f 858 587 860
f 587 861 860
f 240 658 1320
f 505 1755 865
f 653 509 867
f 605 850 1758
f 847 892 1761
f 844 869 912
f 844 912 476
f 1763 924 679
f 679 924 678
f 678 932 679
f 595 882 880
f 1998 1350 878
f 1314 863 904
f 650 641 1755
f 1768 691 2004
f 1860 692 688
f 1764 903 553
f 559 894 925
f 641 1342 929
f 2000 830 936
f 679 1765 1763
f 1382 691 941
f 952 954 953
f 605 550 850
f 892 847 1757
f 617 959 961
f 960 961 945
f 961 959 945
f 500 1600 1623
f 966 839 965
f 882 891 854
f 714 701 1815
f 1815 2100 714
f 1625 1623 1624
f 724 628 1782
f 714 712 711
f 911 973 913
f 1772 724 1782
f 635 501 866
f 765 791 749
f 765 748 791
f 791 748 778
f 1003 1006 1009
f 1321 1003 1009
f 1006 1003 1005
f 1000 1324 1008
f 871 989 931
f 1569 1875 574
f 238 289 723
f 804 39 280
f 586 572 859
f 89 205 221
f 1456 1324 1776
f 1040 1029 989
f 700 775 864
f 1308 1071 1057
f 1388 1430 463
f 973 911 1142
f 1370 704 1038
f 722 1041 840
f 1041 722 117
f 550 846 850
f 1059 1093 1843
f 1067 1063 32
f 1117 1077 1174
f 1110 1097 926
f 788 684 757
f 1181 1107 1074
f 1264 1120 1119
f 1122 1123 1121
f 1810 1131 1036
f 1243 1005 1003
f 1127 684 873
f 1133 1001 1145
f 1783 1298 875
f 1152 1102 1153
f 1163 1164 1161
f 1167 1276 1166
f 1018 1175 1213
f 1175 1045 1213
f 1179 1027 1336
f 1186 1184 1185
f 1169 1187 1216
f 2336 2089 831
f 2092 1703 2245
f 1741 1703 1373
f 1376 2089 2336
f 1211 1512 1210
f 1223 1195 1222
f 1375 2245 1743
f 1173 1177 1078
f 1145 2095 1251
f 1242 1174 1118
f 1830 2255 1965
f 939 1372 1374
f 1081 1129 1226
f 1129 1239 1226
f 238 398 27
f 840 1041 1047
f 1236 1156 1241
f 27 142 238
f 199 142 804
f 1222 1236 1223
f 1236 1222 1240
f 804 142 27
f 447 240 1557
f 1079 1265 1275
f 916 2088 442
f 1241 1269 1198
f 104 49 67
f 1275 1033 985
f 2408 830 1380
f 564 288 457
f 1298 2166 1879
f 1281 1282 1167
f 1298 1783 2166
f 1146 1148 1283
f 1146 1285 1001
f 1285 1145 1001
f 969 1829 962
f 2066 813 2088
f 1834 1090 1294
f 1300 1301 1115
f 879 1025 1077
f 2121 2177 1135
f 1841 1071 1308
f 870 1647 1049
f 1341 1261 1263
f 1188 1238 457
f 853 385 818
f 1297 2120 1274
f 481 785 864
f 1381 429 2408
f 564 785 582
f 895 991 1344
f 49 89 11
f 881 887 921
f 1808 1804 1579
f 994 1013 993
f 950 755 1257
f 1008 1005 1000
f 1311 757 684
f 1704 1257 1318
f 962 1291 964
f 771 749 791
f 1771 726 1387
f 983 1362 1361
f 960 945 605
f 959 617 943
f 794 455 1383
f 957 1338 674
f 826 461 1340
f 651 654 641
f 628 629 929
f 1168 1023 1149
f 935 625 1349
f 1349 1332 934
f 1002 1007 1013
f 650 653 651
f 653 867 635
f 641 629 1755
f 949 1091 948
f 1353 1356 611
f 549 550 604
f 549 604 603
f 1378 1367 1287
f 1381 2230 429
f 844 475 1355
f 2153 847 846
f 1032 1031 1255
f 1275 985 1032
f 1039 1035 1037
f 1092 1016 1015
f 547 846 550
f 1695 1694 1354
f 505 466 509
f 2245 827 2092
f 2089 1376 827
f 826 427 816
f 431 476 825
f 1285 1283 1124
f 443 415 806
f 794 415 443
f 2057 779 421
f 2147 2230 806
f 414 378 413
f 713 1441 2226
f 1115 963 1085
f 383 766 369
f 1252 1137 1075
f 1138 1075 1137
f 1402 340 1399
f 1885 1826 1167
f 336 331 340
f 1241 1198 1118
f 2340 1249 2305
f 1401 1407 276
f 2099 1791 1599
f 313 1410 1409
f 1225 1144 1234
f 1901 2170 302
f 1415 2314 1413
f 1086 1087 1300
f 1214 1177 1176
f 1094 1095 1132
f 2013 730 1717
f 294 261 718
f 396 397 379
f 1310 1208 1607
f 1105 1792 1071
f 1435 2175 1433
f 2228 1440 713
f 1887 1362 983
f 19 721 732
f 394 405 782
f 1425 223 229
f 2288 1947 597
f 377 375 410
f 2228 2247 2015
f 2313 1223 1236
f 1440 1441 713
f 727 1732 1432
f 1240 1222 1244
f 1444 2247 1836
f 699 2179 1679
f 2239 695 1468
f 990 1361 1576
f 647 2148 1453
f 145 13 300
f 2278 4 2184
f 1458 24 2403
f 1942 1459 90
f 1461 1460 10
f 1062 433 447
f 1028 2124 1282
f 186 690 706
f 186 627 690
f 1206 1221 1207
f 779 773 318
f 1161 1164 1273
f 1141 1093 1059
f 631 2326 618
f 1282 1281 1806
f 1477 1475 58
f 1477 1478 1475
f 1485 79 1677
f 1677 1479 1485
f 378 374 377
f 2217 1476 1475
f 2397 1852 2391
f 619 600 632
f 188 2191 2190
f 424 1490 1499
f 185 1491 186
f 2208 569 1959
f 569 2039 1959
f 1492 614 568
f 2298 680 1831
f 1162 1195 1264
f 2194 1495 1497
f 1497 1495 1496
f 2053 1498 1487
f 1264 1164 1163
f 1502 2048 1950
f 47 1500 1501
f 1503 1500 47
f 1504 1489 1505
f 1246 2124 1028
f 594 1649 1391
f 1391 1508 594
f 570 1510 504
f 1499 329 566
f 257 254 2111
f 237 189 187
f 100 1518 1963
f 1518 100 1519
f 101 1519 100
f 1519 101 1520
f 1519 1520 1521
f 1520 1522 1521
f 1527 1528 544
f 1515 412 1514
f 333 64 152
f 473 1517 2154
f 1149 1798 1168
f 1529 412 1515
f 329 1499 328
f 1251 2095 1170
f 1534 343 1535
f 1227 1262 1072
f 1710 2146 686
f 321 1523 338
f 1246 1286 1792
f 1534 345 343
f 675 2349 1305
f 2128 557 1981
f 761 814 293
f 361 312 424
f 1578 211 1574
f 408 1558 323
f 1224 1112 1190
f 506 1562 2107
f 1562 506 1821
f 1562 1821 2178
f 2192 1960 419
f 1995 2129 114
f 52 214 1967
f 1568 1567 263
f 319 281 1563
f 987 1099 1091
f 1827 1577 1578
f 449 450 446
f 1012 1300 1014
f 2114 191 194
f 196 1581 194
f 1565 1580 2291
f 344 1422 219
f 484 1857 1586
f 486 1588 1587
f 1604 1589 487
f 890 841 278
f 1064 1059 1314
f 1596 1594 1593
f 1595 1597 1596
f 1597 1908 439
f 1908 1597 1598
f 1285 2172 2095
f 1304 909 1320
f 219 216 344
f 1601 1600 500
f 512 1976 1996
f 1601 1596 2163
f 335 1605 467
f 1247 1245 1092
f 467 2006 335
f 450 2006 467
f 1606 279 275
f 1055 1060 1065
f 2375 2216 419
f 2216 2192 419
f 987 949 951
f 1611 1610 1581
f 1565 1609 1580
f 1611 1581 1609
f 1609 1614 1580
f 1614 1609 195
f 755 1318 1257
f 118 515 538
f 1255 1147 1083
f 1990 1619 1532
f 357 1613 310
f 227 1621 356
f 1821 1960 1622
f 839 753 963
f 1820 1622 551
f 1083 1032 1255
f 269 1991 2212
f 217 841 781
f 2375 419 268
f 479 1993 1982
f 99 2199 2200
f 581 2199 99
f 1655 1166 1330
f 2279 2012 2013
f 920 918 1327
f 1546 402 513
f 1330 1276 1070
f 1070 1259 1330
f 1630 517 1632
f 483 267 2109
f 1211 1056 1048
f 114 2302 1922
f 1520 106 1522
f 1521 1522 2188
f 1522 2186 2188
f 1243 1319 1005
f 1435 1434 1440
f 311 2264 2031
f 184 235 183
f 1330 1166 1276
f 541 1640 1642
f 493 494 200
f 2259 1498 269
f 182 1894 1646
f 77 70 121
f 1278 1335 1336
f 1489 1504 158
f 1651 1652 1650
f 2269 2038 1652
f 1652 2038 1650
f 895 1344 819
f 1314 759 863
f 1183 1347 1205
f 204 145 300
f 1480 1846 1658
f 660 381 382
f 1663 2307 626
f 2322 1937 2219
f 930 829 801
f 1670 563 134
f 1670 134 1671
f 619 631 618
f 280 975 1316
f 1674 1481 1480
f 1949 1675 1481
f 58 57 1477
f 301 339 141
f 690 627 1465
f 12 465 810
f 1460 1461 1674
f 1825 1680 2299
f 1731 1682 1943
f 1461 1933 1674
f 392 543 381
f 1781 1685 1688
f 2406 1455 1932
f 655 54 2179
f 1687 1688 1699
f 1690 1699 1689
f 1699 1690 1687
f 1696 1690 1685
f 1685 1698 1696
f 1016 1010 1015
f 1458 2026 24
f 993 1013 1016
f 17 15 16
f 2097 994 993
f 136 615 137
f 1453 2148 2070
f 1921 1681 683
f 2279 683 2280
f 732 2280 63
f 1696 1698 1699
f 1445 1700 115
f 863 784 451
f 977 969 971
f 2300 743 1620
f 523 801 521
f 793 561 558
f 521 801 675
f 2016 1431 1429
f 294 715 1427
f 2174 266 1717
f 926 1108 1110
f 2062 1718 1398
f 759 1715 784
f 339 301 758
f 1417 2101 1397
f 766 707 369
f 1258 2124 1246
f 1884 810 848
f 798 820 886
f 833 879 835
f 1837 665 2176
f 749 1387 1788
f 1735 1736 1500
f 1736 1735 1749
f 1737 1735 1500
f 1735 1737 1738
f 1738 1737 1736
f 1736 1737 1750
f 1739 1740 1743
f 1740 831 2089
f 1450 702 1449
f 1741 1371 2091
f 1743 1703 1353
f 1740 1739 831
f 893 1344 991
f 539 836 511
f 914 905 899
f 1329 914 899
f 1950 2358 1738
f 1735 1950 1749
f 1950 1750 1737
f 1750 1738 1744
f 509 650 1755
f 635 867 501
f 363 368 1394
f 1939 2159 1744
f 892 938 1761
f 952 901 954
f 1396 601 1395
f 1763 1765 1764
f 679 1766 1765
f 1408 1402 1399
f 936 826 1771
f 724 1766 628
f 1403 1402 1408
f 701 946 696
f 2159 1685 1951
f 2312 1691 1451
f 1399 1400 1408
f 1779 1778 1685
f 1779 1689 1778
f 1325 726 745
f 1778 1780 1685
f 1685 1780 1689
f 25 132 208
f 1738 1781 1744
f 1304 908 1077
f 178 124 1426
f 1423 1714 746
f 725 1437 298
f 1439 242 1437
f 238 791 398
f 841 217 278
f 911 1036 1142
f 495 288 481
f 1903 1886 1258
f 277 23 26
f 26 291 277
f 898 974 897
f 1837 1835 665
f 921 1109 1074
f 1072 1029 1040
f 2065 1472 673
f 1615 1058 1057
f 1784 1692 1773
f 1896 1773 1692
f 567 1298 1879
f 2177 567 1879
f 133 656 28
f 748 953 1328
f 745 953 748
f 1878 29 55
f 131 132 656
f 1881 1291 962
f 1583 1786 1881
f 1103 1100 1583
f 2166 1783 1135
f 1325 1788 1387
f 1074 1107 1178
f 1116 1270 1162
f 1077 1118 1174
f 969 962 986
f 1463 155 157
f 977 1886 1136
f 40 1446 6
f 1158 986 964
f 971 986 1143
f 1457 93 638
f 1473 1044 1045
f 1790 1599 1791
f 1275 1032 1083
f 1179 1160 1159
f 1160 1179 1336
f 1033 1275 1265
f 1803 1266 1183
f 1154 1224 1190
f 1187 1256 1216
f 1030 1056 1197
f 1256 1081 1216
f 1218 1078 1076
f 1813 1814 1812
f 1814 1813 1249
f 1013 1269 1002
f 1051 1512 1048
f 1144 1266 1803
f 1525 1210 1512
f 1237 1141 1070
f 1059 1064 1259
f 955 1328 953
f 632 2399 2275
f 1359 1024 1044
f 1162 1270 1254
f 1793 1335 1279
f 1175 1018 1888
f 1287 1175 1888
f 2098 1017 1267
f 1937 54 655
f 1163 1161 1088
f 1199 1206 1284
f 1021 1102 1152
f 1086 1119 1087
f 1215 1116 1536
f 1460 91 2182
f 1085 1119 1086
f 91 1674 90
f 1829 1136 2084
f 1082 1099 1155
f 1091 1082 948
f 1095 1073 1132
f 1087 1119 1120
f 1293 1968 1294
f 1306 1059 1843
f 2 136 1454
f 1063 203 497
f 1060 974 898
f 136 2 1
f 2146 1551 686
f 658 1551 808
f 835 658 833
f 495 244 288
f 1443 2285 80
f 11 117 46
f 2172 2340 2095
f 1875 1569 1570
f 606 1569 574
f 1576 1362 1575
f 788 723 453
f 38 2370 9
f 1321 1009 735
f 1430 1853 463
f 1333 1785 1704
f 2099 1599 1360
f 1773 1772 1784
f 1721 1853 716
f 333 802 648
f 704 700 785
f 735 1855 1856
f 940 1768 696
f 1768 940 691
f 701 693 946
f 1208 1312 1271
f 719 674 956
f 1338 957 955
f 628 1766 1767
f 1333 1334 1761
f 927 906 559
f 1870 858 860
f 858 901 587
f 901 585 587
f 571 572 884
f 802 809 648
f 743 2288 1620
f 1242 1151 1128
f 1875 859 572
f 571 574 1875
f 1591 230 1626
f 1873 1627 1593
f 869 585 1363
f 1623 1600 1624
f 1594 1626 1625
f 1602 1593 1626
f 734 706 292
f 1355 828 1695
f 535 1355 1697
f 878 527 834
f 1626 1593 1591
f 469 866 501
f 1630 1568 445
f 337 445 1568
f 1630 1632 1568
f 434 426 427
f 796 414 1729
f 1540 380 420
f 181 563 1670
f 104 385 205
f 379 397 777
f 378 377 413
f 447 658 240
f 782 378 1880
f 519 722 1042
f 152 722 519
f 1773 1764 1765
f 2049 1659 621
f 1896 1764 1773
f 1457 1897 92
f 1161 1273 1233
f 1424 302 2170
f 1313 1655 1139
f 1717 1905 2174
f 1712 1415 727
f 75 72 1912
f 1907 2161 2126
f 1912 2125 1907
f 2125 1912 2126
f 2125 2161 1923
f 710 1921 2078
f 1471 2162 2061
f 1825 1471 1824
f 1824 1471 2301
f 1434 1441 1440
f 123 1702 1428
f 1434 1920 1441
f 1928 1922 1907
f 1732 2410 1432
f 1720 1927 705
f 1922 1928 1925
f 2410 1734 2409
f 1484 2142 2225
f 2142 1824 2225
f 2275 1890 2413
f 655 2179 667
f 40 6 18
f 1683 1730 1684
f 1927 689 692
f 559 906 831
f 301 141 374
f 1828 647 645
f 645 647 671
f 646 645 33
f 671 644 645
f 1775 1638 1639
f 1678 655 667
f 1736 1749 1738
f 1738 197 1938
f 1744 1938 197
f 1938 1744 1940
f 1744 1781 1940
f 1938 1940 1941
f 197 1939 1744
f 2058 1676 1677
f 1941 1687 1781
f 1941 2159 1687
f 1941 197 1699
f 1481 1674 1943
f 1892 2385 2311
f 1872 1944 1945
f 1677 1676 1479
f 1500 1736 2072
f 1736 1744 2159
f 1744 1736 1951
f 1952 1951 1750
f 1750 1951 1736
f 2055 76 1455
f 2310 107 649
f 1872 1671 125
f 1028 1286 1246
f 156 1660 1488
f 716 937 624
f 692 689 688
f 108 1918 1618
f 2207 1658 1959
f 1506 1817 1960
f 108 669 2216
f 1490 162 602
f 2157 100 1963
f 1519 2200 1963
f 1522 106 1964
f 1519 1964 105
f 1522 1964 101
f 1724 99 2303
f 148 109 1631
f 2308 1802 1645
f 716 1720 1721
f 1524 1523 1507
f 99 2200 111
f 1723 99 111
f 223 1726 1725
f 697 699 1726
f 710 1725 1726
f 548 2375 268
f 548 268 267
f 1726 682 710
f 1523 321 1507
f 240 1320 1452
f 697 223 1425
f 2038 1528 498
f 1726 223 697
f 2038 498 1980
f 1552 193 1553
f 1552 1981 1612
f 1612 191 1611
f 1552 1553 557
f 1981 1552 2127
f 309 2033 1436
f 493 315 1986
f 43 42 1727
f 498 317 1538
f 1988 391 1645
f 231 2156 393
f 1933 1727 1731
f 1533 503 502
f 1654 187 4
f 1730 1727 1684
f 545 478 479
f 114 1564 1995
f 1867 1588 1589
f 512 1996 2118
f 1728 1727 1933
f 1684 1727 42
f 2154 349 473
f 309 545 479
f 186 201 236
f 234 185 236
f 161 168 1742
f 1511 2323 1845
f 670 1742 29
f 2002 2003 1600
f 1594 2002 1601
f 1601 1908 1594
f 1605 2003 1601
f 2003 1605 403
f 1914 2173 2387
f 1601 2003 1795
f 332 1908 1795
f 168 1926 687
f 29 1742 55
f 263 306 262
f 168 1734 1742
f 1745 740 1746
f 2003 403 1600
f 2042 1795 2003
f 2003 2008 2042
f 1138 1240 2223
f 2003 2002 2008
f 353 1600 2008
f 353 358 1624
f 1571 412 320
f 265 263 448
f 1754 1752 1753
f 448 263 446
f 1625 354 1594
f 1468 1469 1644
f 1064 1313 1139
f 1644 2130 1468
f 1394 321 281
f 1394 281 322
f 2118 351 349
f 1709 1759 1760
f 77 576 174
f 1762 1722 928
f 450 467 446
f 1232 1292 1219
f 1436 1535 1911
f 2341 329 489
f 1795 2042 403
f 1546 2023 402
f 1774 2294 1775
f 489 329 1985
f 1985 490 361
f 1910 1983 1545
f 1545 1983 1990
f 1775 1769 1770
f 1777 1774 1770
f 1774 1775 1770
f 1528 2029 498
f 179 2027 211
f 1566 1953 1970
f 2327 2326 2197
f 1817 1628 1822
f 2282 1899 568
f 1664 200 2036
f 2286 2037 2036
f 1667 198 496
f 2050 2037 198
f 748 755 778
f 2217 1495 2043
f 204 300 143
f 2041 1564 1967
f 1317 981 982
f 981 1317 1000
f 610 1894 1657
f 71 2048 2046
f 2331 2392 2389
f 2208 614 1492
f 1805 1807 2044
f 2283 1654 1733
f 2052 2053 1487
f 515 118 1305
f 8 1465 623
f 186 1491 627
f 2403 78 1956
f 2056 2403 2049
f 362 82 1637
f 236 525 234
f 236 201 525
f 235 234 538
f 639 671 1889
f 660 599 381
f 1635 536 1260
f 1943 1674 1933
f 362 1637 144
f 1466 1869 1460
f 1450 90 1459
f 734 477 478
f 1260 536 529
f 121 22 1454
f 2026 2065 703
f 1159 986 1158
f 1825 1824 2142
f 673 167 2065
f 1648 188 189
f 1021 1152 1135
f 2071 2070 168
f 1095 1096 1106
f 1256 1169 1106
f 1712 2412 2074
f 258 1708 1705
f 298 2076 725
f 590 5 296
f 741 744 1747
f 184 1491 235
f 1405 741 2081
f 741 1405 744
f 842 819 1344
f 764 819 842
f 893 820 842
f 202 237 187
f 2234 291 2083
f 2083 291 207
f 543 170 382
f 384 399 772
f 1253 1193 1292
f 1191 1192 1253
f 2239 760 695
f 409 794 383
f 451 695 760
f 794 1383 383
f 931 951 896
f 797 422 397
f 640 751 2142
f 930 896 951
f 1220 1229 1209
f 434 823 830
f 441 800 476
f 2164 774 640
f 1371 1741 1373
f 511 491 539
f 1703 1356 1353
f 814 761 798
f 480 492 535
f 480 535 534
f 1365 843 2094
f 843 2160 2094
f 233 232 1504
f 1504 1505 233
f 2164 640 1722
f 391 1804 1808
f 1799 537 588
f 1799 1564 1800
f 1807 1805 1802
f 1899 2032 326
f 2324 1988 1811
f 1988 1804 391
f 228 764 842
f 2205 1546 1846
f 1816 2324 1811
f 1802 1805 1811
f 1811 1645 1802
f 2291 2324 1584
f 588 537 1816
f 1357 549 603
f 925 927 559
f 176 594 1393
f 901 858 954
f 954 858 1338
f 674 902 672
f 622 2063 1343
f 1822 1821 1820
f 2178 1821 1822
f 2063 1345 1343
f 1527 1511 2029
f 1758 1761 1334
f 941 637 916
f 637 941 940
f 842 1344 893
f 845 839 837
f 657 1720 1345
f 1720 657 1927
f 691 940 941
f 1876 1629 1820
f 546 160 2104
f 1573 1578 1574
f 2328 2392 2331
f 1578 1573 1827
f 1771 976 726
f 1782 711 712
f 1831 680 2296
f 914 838 837
f 1772 982 1784
f 1455 1840 1838
f 1243 1516 1448
f 666 667 1836
f 264 592 40
f 1319 981 1000
f 665 1835 1838
f 1838 1840 56
f 667 666 1838
f 1842 1067 1126
f 1063 1067 1296
f 238 723 790
f 1257 1315 21
f 203 1063 1296
f 1067 32 910
f 289 142 272
f 502 237 1533
f 3 804 27
f 601 1547 328
f 648 404 333
f 807 518 809
f 17 299 15
f 2340 2319 2382
f 2079 315 1643
f 215 752 17
f 2303 1723 2113
f 872 1759 31
f 1916 2110 2113
f 17 18 1438
f 1061 1064 904
f 918 1058 933
f 874 203 206
f 1040 989 871
f 1307 1060 898
f 991 1132 1073
f 250 1845 2323
f 1480 1481 98
f 2043 1846 98
f 1106 1109 886
f 1369 1123 1124
f 1541 1538 315
f 1846 1847 1658
f 1170 973 1142
f 493 1848 494
f 1791 1283 1148
f 1586 1621 2281
f 1541 315 2079
f 1885 1167 2124
f 2097 2098 994
f 1065 1089 1055
f 486 225 1621
f 510 164 163
f 2128 2127 1610
f 1033 1274 985
f 508 1849 164
f 2128 1610 1609
f 1916 2129 2110
f 2129 2060 2128
f 160 164 1849
f 2129 1609 2113
f 2104 160 1850
f 2129 2113 2110
f 1075 1007 1002
f 532 1619 1990
f 902 861 1351
f 902 862 861
f 1326 1210 1267
f 1851 1852 1670
f 551 1854 2193
f 1102 1104 1153
f 2212 1590 270
f 1075 1269 1252
f 1185 1151 1242
f 487 1858 1590
f 912 869 1363
f 1857 1858 487
f 261 294 292
f 151 245 243
f 1864 268 419
f 1200 1147 1178
f 1555 373 363
f 1156 1236 1137
f 1138 1137 1240
f 1810 1133 1131
f 1133 1145 1131
f 1202 1176 1201
f 1173 1176 1177
f 560 1563 321
f 2163 467 1605
f 567 1134 1462
f 1798 1030 1168
f 1131 1170 1142
f 608 938 1757
f 2061 2301 1471
f 1157 1184 1001
f 995 1159 988
f 1904 266 229
f 1013 1010 1016
f 1013 1007 1010
f 1559 2108 1556
f 1123 1369 1121
f 978 1575 1887
f 1585 538 515
f 910 32 1378
f 1077 908 879
f 344 1535 343
f 908 1320 835
f 1787 1759 872
f 1759 1787 1760
f 1043 1049 857
f 783 913 1722
f 1272 1263 857
f 1261 992 1004
f 1263 1261 998
f 1437 242 298
f 1525 1267 1210
f 1113 1202 1201
f 154 244 221
f 205 154 221
f 21 398 950
f 1895 1494 2207
f 432 262 2304
f 39 360 463
f 297 39 463
f 297 463 1853
f 227 354 2203
f 728 771 1456
f 1788 765 749
f 1776 728 1456
f 439 1908 440
f 2382 2241 2095
f 2095 2241 1170
f 2136 1704 1318
f 2035 2136 1318
f 2136 2035 960
f 845 1379 754
f 1176 1173 2135
f 2252 195 1609
f 2152 938 1785
f 701 696 972
f 959 944 945
f 940 946 637
f 1617 1915 520
f 1723 1917 1916
f 2129 1917 1723
f 716 622 1343
f 678 924 681
f 553 1763 1764
f 1345 2063 922
f 50 2149 2072
f 38 2054 515
f 1351 672 902
f 1365 2254 1332
f 515 2054 1585
f 1364 2254 1365
f 606 608 2134
f 605 604 550
f 476 912 825
f 2153 2134 608
f 2134 1569 606
f 1220 1209 1608
f 846 1357 2153
f 547 1357 846
f 1357 1570 2153
f 2153 1570 2134
f 2134 1570 1569
f 2096 836 540
f 918 920 1058
f 834 2133 878
f 2336 831 906
f 534 2140 528
f 480 534 528
f 834 2091 832
f 1741 491 480
f 834 491 1741
f 2300 1620 770
f 2160 843 832
f 615 558 137
f 1694 1386 438
f 529 530 531
f 422 815 427
f 2004 691 443
f 464 810 465
f 2138 1044 1024
f 677 784 2243
f 1595 2163 2132
f 413 377 410
f 2368 1970 1756
f 1615 1286 1220
f 2061 762 2355
f 1911 510 308
f 508 164 1911
f 36 350 372
f 772 367 355
f 41 465 12
f 1442 758 782
f 740 2168 1747
f 1401 1404 1407
f 2090 2378 2381
f 1747 2169 741
f 2131 2169 1868
f 1410 747 746
f 13 299 300
f 229 223 1725
f 215 5 590
f 239 1606 275
f 1977 2212 1752
f 1428 1702 2076
f 2076 1426 1428
f 2176 666 1434
f 1432 2411 2412
f 1780 1778 1952
f 1557 2256 1474
f 1700 1447 115
f 2412 2411 2409
f 2132 2163 1596
f 1727 1730 1954
f 1598 439 326
f 2278 55 1734
f 1449 1869 1450
f 71 1950 2048
f 150 2180 80
f 1889 33 644
f 1889 671 29
f 2182 1466 1460
f 578 17 16
f 1342 654 711
f 2183 71 72
f 1907 75 1912
f 406 171 264
f 1922 73 1919
f 1907 1923 1919
f 2302 74 2183
f 1521 1919 2183
f 1672 2051 44
f 1867 1589 1987
f 2024 1666 69
f 1483 1668 61
f 114 2187 2122
f 2122 2186 2284
f 1859 2112 1987
f 1627 1873 226
f 1753 2001 2264
f 575 295 296
f 2119 138 135
f 179 1877 1854
f 2116 2007 2194
f 2116 2194 1497
f 1497 1486 2116
f 2043 2196 1846
f 190 2196 2043
f 153 151 243
f 1509 1893 1527
f 1981 1550 191
f 195 193 191
f 195 191 2198
f 2198 1612 193
f 191 1612 2198
f 1611 196 1614
f 195 1552 1611
f 2198 193 1552
f 2116 1517 2007
f 569 1493 1895
f 1719 1417 763
f 1797 2025 1565
f 2114 1581 1992
f 1992 1580 2114
f 2011 2052 2388
f 1504 232 158
f 1414 1427 2103
f 499 2163 1595
f 2132 439 1595
f 1491 184 627
f 92 407 516
f 2013 2012 1868
f 1646 224 182
f 1431 1716 1429
f 1792 1286 1057
f 2163 499 467
f 1648 213 2031
f 1845 250 251
f 254 1845 251
f 2028 257 2111
f 1511 257 259
f 2154 1858 512
f 448 467 1603
f 173 616 139
f 1574 2027 1866
f 2070 661 1453
f 66 63 69
f 18 17 578
f 1621 225 359
f 522 496 1848
f 1986 522 493
f 522 1848 493
f 494 1848 496
f 620 583 393
f 477 279 241
f 1641 239 275
f 1534 1535 1640
f 1878 1449 33
f 569 514 2204
f 1625 2203 354
f 358 2203 1624
f 1483 69 2050
f 1659 2040 2206
f 1895 1959 2039
f 285 1559 1556
f 1394 1393 321
f 502 252 357
f 357 252 2009
f 353 2002 354
f 1554 252 503
f 503 252 502
f 2039 2204 325
f 2266 1969 2005
f 721 1405 2081
f 2388 2380 2011
f 1541 1539 1540
f 210 349 351
f 2212 270 269
f 2108 339 468
f 1436 308 309
f 474 1630 1634
f 1630 1633 1634
f 337 1554 1526
f 2204 334 325
f 325 334 332
f 332 2210 325
f 312 323 1556
f 2281 484 1586
f 403 2042 2008
f 773 388 384
f 370 1393 368
f 314 317 2029
f 1918 108 548
f 2010 412 411
f 794 443 455
f 1908 1598 402
f 1598 326 402
f 1906 1563 275
f 1795 403 1605
f 1827 1866 1874
f 1866 1827 1573
f 756 324 276
f 2178 2214 1862
f 1865 2178 1862
f 1863 1865 1862
f 2196 271 2205
f 269 270 2259
f 92 1897 407
f 400 388 430
f 488 490 1985
f 230 1591 2293
f 2178 1822 2214
f 166 1915 1617
f 1975 1979 1984
f 2107 1562 1561
f 1975 488 165
f 520 532 1558
f 812 438 799
f 184 183 2054
f 1873 1997 2112
f 424 1499 566
f 2023 1997 1593
f 1593 1997 1873
f 44 1648 1672
f 2201 2104 1850
f 2237 114 2129
f 112 111 127
f 2273 2220 2253
f 2253 2220 1917
f 130 129 2237
f 1672 2031 2051
f 1917 130 2273
f 130 1917 2220
f 2221 2273 130
f 2273 2221 2220
f 1661 1660 1800
f 1800 1564 2041
f 2222 1663 626
f 174 576 172
f 413 800 441
f 1663 2269 2307
f 2157 1963 2200
f 1935 100 1724
f 1724 581 2157
f 2310 649 2056
f 96 614 78
f 2403 1956 2049
f 583 1950 1966
f 631 1944 630
f 630 2326 631
f 82 592 81
f 1530 1545 110
f 110 2342 1530
f 607 707 766
f 1334 1994 2136
f 1637 82 81
f 30 33 1889
f 961 960 2035
f 157 155 454
f 647 1453 671
f 810 1884 12
f 1832 1831 1809
f 1393 1394 368
f 2411 2410 2409
f 638 159 1457
f 1457 159 293
f 1142 1036 1131
f 1921 682 1681
f 1582 1583 1293
f 207 208 173
f 208 132 616
f 318 1515 2270
f 178 715 709
f 1798 1149 1146
f 1635 1260 120
f 713 1447 1700
f 713 1700 2228
f 983 1183 1182
f 1039 1037 1070
f 638 157 304
f 258 738 1708
f 1326 2137 1056
f 737 192 1708
f 2076 298 2103
f 1235 1233 1237
f 30 1878 33
f 411 355 367
f 324 346 1418
f 1864 418 2306
f 2235 2083 286
f 2101 1403 1408
f 1403 2101 1719
f 1397 2101 1408
f 2263 756 2234
f 756 2263 324
f 2083 2235 2234
f 447 1474 1062
f 369 707 305
f 758 378 782
f 454 304 157
f 374 378 301
f 593 1463 169
f 410 800 413
f 318 766 383
f 369 409 383
f 1684 42 58
f 1917 2129 2253
f 293 159 761
f 561 140 558
f 137 558 140
f 1916 1917 2273
f 897 1884 848
f 856 1280 1411
f 462 455 1382
f 816 461 826
f 509 470 867
f 1755 505 509
f 2096 540 884
f 676 717 672
f 869 535 586
f 572 836 2096
f 212 214 662
f 662 1618 212
f 1354 1355 1695
f 613 880 1350
f 907 891 595
f 53 1442 365
f 1423 746 302
f 1424 1714 1423
f 633 634 693
f 635 634 633
f 1708 738 737
f 659 625 935
f 657 922 907
f 488 329 327
f 25 208 26
f 1345 1720 1343
f 454 819 764
f 1890 2275 2399
f 955 957 1328
f 696 1768 1771
f 1815 701 972
f 2200 1518 2157
f 976 953 745
f 1328 717 748
f 731 972 1387
f 1496 2217 1478
f 578 16 209
f 1306 1715 759
f 373 368 363
f 873 452 1212
f 2213 262 306
f 281 321 1563
f 387 1555 330
f 2201 577 546
f 2104 2201 546
f 1329 561 838
f 385 457 253
f 283 2327 458
f 1971 1629 1876
f 1389 1263 1709
f 914 1329 838
f 1277 1411 1280
f 2204 514 334
f 1625 1624 2203
f 848 849 897
f 1839 914 966
f 32 1063 497
f 206 203 1297
f 1297 203 1296
f 1314 904 1064
f 905 1014 900
f 1833 1291 1090
f 1786 1582 1293
f 254 255 2111
f 1859 2281 2112
f 2388 2001 2380
f 2117 2099 1290
f 499 1602 500
f 1060 1307 1054
f 2339 1283 1791
f 921 886 1109
f 1361 990 983
f 1020 2097 993
f 2372 1592 2241
f 2118 1996 1867
f 1309 1302 1299
f 1051 1525 1512
f 52 2353 214
f 1056 1211 1326
f 2187 102 2122
f 1115 1085 1086
f 1285 2095 1145
f 214 2353 662
f 1665 66 2185
f 2020 2024 69
f 1310 933 1608
f 1088 1929 1087
f 1907 1919 1928
f 1907 2125 1923
f 1635 525 526
f 133 155 131
f 1119 1116 1162
f 1162 1264 1119
f 1869 1449 1878
f 65 62 652
f 20 720 19
f 2107 1874 1863
f 1200 1178 1189
f 1224 1191 1253
f 1214 1176 1202
f 1164 1818 1273
f 1725 2078 1904
f 63 2024 2021
f 1231 1224 1253
f 1223 1237 1233
f 1199 1284 1794
f 2314 1747 2168
f 365 379 348
f 1115 1053 963
f 1262 1084 1072
f 1154 1082 1155
f 1095 1094 1096
f 1217 1111 1101
f 1104 1102 1111
f 1068 1199 1069
f 1213 1326 1267
f 1922 2302 2183
f 2183 1919 73
f 1541 1540 420
f 1538 1541 420
f 1026 1073 886
f 1061 2244 1607
f 1019 1888 1018
f 1018 1017 1019
f 1143 1335 1793
f 1238 564 457
f 967 1022 1050
f 1027 1883 978
f 798 887 881
f 2244 1310 1607
f 1126 1031 1032
f 1080 1036 980
f 967 1050 1783
f 1790 1148 1149
f 1583 1100 1293
f 2097 1019 2098
f 833 658 808
f 203 874 497
f 1037 1027 1887
f 793 615 1379
f 883 875 1041
f 579 1377 170
f 1184 1157 1250
f 1709 1647 870
f 1213 1044 2137
f 1043 855 1370
f 1245 1247 1196
f 857 1263 998
f 855 857 998
f 700 855 998
f 1225 1235 1237
f 1680 1946 2250
f 2251 1680 1825
f 2142 2251 1825
f 435 2142 1484
f 950 398 778
f 1981 2127 2128
f 684 1127 1311
f 1311 1006 1008
f 781 841 1416
f 981 1319 1448
f 1420 1321 2022
f 1388 482 1844
f 2082 1692 1448
f 845 753 839
f 163 546 545
f 2082 1896 1692
f 114 1557 52
f 961 2035 617
f 1325 1387 726
f 2080 1516 958
f 2301 2061 2356
f 2149 1928 45
f 2022 958 1516
f 1994 1334 1333
f 2181 2080 958
f 1924 1913 1925
f 1474 447 1557
f 1922 1925 2046
f 2248 786 877
f 714 711 693
f 605 1711 960
f 1332 958 2022
f 388 2057 430
f 1856 1855 934
f 674 672 956
f 954 1338 955
f 958 2254 2181
f 605 945 944
f 943 944 959
f 1751 1861 942
f 1346 689 657
f 1332 2254 958
f 624 622 716
f 944 943 604
f 1538 290 1980
f 2081 2131 2012
f 1339 1340 912
f 2295 680 2167
f 622 624 606
f 901 952 585
f 1332 609 1365
f 907 922 891
f 1459 2019 1450
f 936 830 823
f 1751 1357 617
f 109 465 41
f 2192 2362 1823
f 1919 1951 45
f 1739 894 559
f 753 1215 963
f 1353 894 1739
f 1913 71 2046
f 2046 75 2047
f 2144 836 586
f 2072 2046 50
f 535 2144 586
f 1661 548 2219
f 854 884 540
f 47 2256 1503
f 2094 1364 1365
f 888 889 2257
f 860 861 862
f 528 866 472
f 836 2144 511
f 284 251 459
f 888 2257 2073
f 2094 2160 2257
f 283 458 251
f 511 492 491
f 1501 2048 1502
f 1606 239 241
f 2069 1748 2073
f 1371 1373 2160
f 2160 1373 2257
f 2069 2073 2092
f 392 599 1532
f 48 1502 1503
f 2092 827 2069
f 827 1376 2069
f 462 1382 941
f 462 941 442
f 800 475 844
f 353 2008 2002
f 438 1368 1694
f 436 805 1695
f 1694 805 1386
f 1817 1629 1622
f 1817 1622 1960
f 2088 813 2057
f 577 2150 546
f 581 1724 556
f 812 430 813
f 1386 437 438
f 488 166 165
f 1770 1577 1827
f 551 2030 1854
f 2064 805 436
f 805 2064 792
f 555 1553 1966
f 581 556 584
f 99 2157 581
f 1383 442 421
f 106 1521 2302
f 2060 1581 1610
f 2060 2129 1581
f 2158 1519 106
f 1847 1895 1658
f 1658 1895 1659
f 797 423 422
f 429 390 426
f 1959 2049 1956
f 1566 1578 1953
f 1955 2321 2055
f 1628 1823 2366
f 1992 194 1580
f 583 1966 1989
f 1580 1579 2291
f 2260 2291 1579
f 216 508 1911
f 401 437 1386
f 1688 2159 1781
f 1804 2260 1579
f 1535 344 1911
f 1911 344 216
f 246 1558 532
f 399 437 401
f 6 1438 18
f 349 512 2118
f 1863 1874 1866
f 1862 2214 418
f 334 439 440
f 1925 1913 2046
f 1924 2149 2046
f 1925 2149 1924
f 1884 1537 138
f 2161 1922 1923
f 389 399 401
f 72 1907 2126
f 386 389 401
f 1905 1717 1419
f 400 384 388
f 386 780 389
f 373 370 368
f 2145 1025 879
f 383 789 318
f 307 1567 483
f 1406 2103 298
f 1390 399 389
f 869 1355 535
f 1632 1634 1633
f 474 517 1630
f 674 719 957
f 1693 773 384
f 483 1567 1543
f 267 483 1543
f 980 1036 911
f 2209 445 290
f 420 2209 290
f 399 1390 772
f 1982 1993 2033
f 2235 763 2263
f 346 2263 763
f 224 1526 182
f 313 1418 346
f 1168 2138 1023
f 1418 1401 324
f 1819 717 1328
f 1969 1642 542
f 299 17 752
f 744 733 1747
f 2265 744 1405
f 2385 1643 2185
f 1643 493 200
f 1667 496 522
f 750 734 292
f 276 1407 23
f 1136 1886 1122
f 1713 147 739
f 1799 1800 2267
f 2170 298 242
f 1293 1294 1786
f 266 2268 229
f 1172 909 1304
f 727 1432 1712
f 1894 1510 2283
f 67 404 518
f 1428 1426 124
f 1421 706 694
f 1689 47 1778
f 1780 47 1689
f 1779 1685 1690
f 1659 2039 2040
f 2054 623 184
f 2035 1861 617
f 85 264 40
f 215 1438 6
f 1548 108 1618
f 927 932 681
f 1705 192 1433
f 2071 2228 1445
f 2228 2071 2247
f 305 707 2224
f 607 766 318
f 98 1476 2043
f 2018 1942 1957
f 1478 79 1485
f 2335 1936 1745
f 1713 1745 1936
f 1665 2185 1664
f 1666 2024 1665
f 68 1668 1667
f 666 1836 1835
f 1417 1719 2101
f 1675 1674 1480
f 1674 1675 1949
f 1676 1487 1479
f 79 1477 97
f 1731 1727 1954
f 1728 2271 2274
f 1728 44 2271
f 1412 2174 1905
f 266 1904 1717
f 2274 2271 2402
f 44 2051 2271
f 2051 2402 2271
f 2058 1684 43
f 1676 2058 2277
f 2276 43 2274
f 1945 20 19
f 90 2182 87
f 2276 2277 43
f 2058 43 2277
f 683 1681 2195
f 2404 683 2195
f 2402 2276 2274
f 1690 1689 1779
f 2204 2039 569
f 83 84 1446
f 578 85 18
f 53 222 1442
f 58 1475 43
f 1683 24 1957
f 44 2312 2334
f 2184 2334 2312
f 2184 2312 2278
f 1451 1691 10
f 966 965 1839
f 2024 2123 2021
f 61 59 2123
f 2123 652 69
f 2020 63 2123
f 122 1872 125
f 671 1453 687
f 687 1453 1789
f 66 2404 2185
f 668 1669 1062
f 24 2026 2018
f 1955 2055 636
f 2026 2019 1459
f 2019 2026 703
f 68 2391 1852
f 2276 2052 2277
f 1957 24 2018
f 2017 1660 1678
f 1487 1676 2277
f 1705 2175 258
f 1909 2074 2016
f 2261 2384 1549
f 1909 2016 1429
f 517 1634 1632
f 2017 1488 1660
f 2052 1487 2277
f 261 88 718
f 1431 192 737
f 1444 1716 2247
f 37 348 350
f 1651 1657 80
f 239 1993 479
f 2169 1412 729
f 1868 729 2014
f 2013 1868 2014
f 2269 1652 1651
f 1651 1974 1657
f 1657 1974 610
f 623 627 184
f 85 578 406
f 1976 1588 1867
f 2103 2233 1414
f 2051 2031 2390
f 439 1598 1595
f 1595 1598 1597
f 1396 1392 176
f 1392 1396 175
f 313 346 1397
f 487 1590 2202
f 626 1509 544
f 350 348 777
f 384 355 1693
f 1510 570 2283
f 37 1507 1508
f 51 1507 36
f 1507 37 36
f 1846 2196 2205
f 1515 1514 2266
f 312 408 323
f 473 210 190
f 60 49 11
f 1645 1811 1988
f 570 1533 202
f 494 496 198
f 494 2286 200
f 1521 1518 2302
f 290 224 1980
f 1526 504 182
f 1894 182 1510
f 455 691 1382
f 1701 466 505
f 259 2029 1511
f 2091 2160 832
f 2160 2091 1371
f 255 256 524
f 1502 47 1501
f 565 1999 2236
f 524 2028 2111
f 2116 2151 1517
f 2285 1443 727
f 1636 537 2267
f 2208 1492 568
f 249 2034 248
f 1494 1658 2207
f 1437 725 1439
f 2207 1959 1493
f 504 503 1533
f 919 1308 920
f 1493 569 2208
f 527 854 539
f 854 527 882
f 1748 554 553
f 458 2327 2236
f 524 256 1999
f 54 1937 2322
f 224 290 445
f 1450 1466 90
f 635 866 634
f 725 2076 1702
f 2109 1902 2213
f 606 574 2063
f 1357 603 617
f 1445 2070 2071
f 674 1870 1352
f 2297 553 554
f 906 681 2297
f 697 1425 1909
f 274 2074 1909
f 633 693 711
f 1700 1445 2228
f 633 711 653
f 2258 211 1578
f 2258 1566 1902
f 929 1342 628
f 312 1556 249
f 416 1540 1549
f 380 1540 376
f 956 717 719
f 1632 1633 1567
f 1632 1567 1568
f 843 1365 851
f 366 445 2209
f 2289 1753 2264
f 1704 2136 1994
f 2066 916 915
f 712 2100 1776
f 1815 731 2100
f 560 1969 542
f 742 852 818
f 712 1776 1324
f 1630 366 1633
f 1784 982 981
f 1980 1650 2038
f 981 1692 1784
f 771 757 1456
f 2327 2197 565
f 1584 1636 2025
f 1245 993 1016
f 337 265 444
f 1845 254 1511
f 2380 1752 2290
f 2289 2292 1753
f 310 1613 2289
f 790 771 791
f 873 1212 1127
f 921 2318 881
f 788 790 723
f 452 873 272
f 684 272 873
f 2154 512 349
f 199 217 452
f 1184 1250 1228
f 593 169 131
f 273 169 1463
f 289 272 453
f 1183 1266 1182
f 272 199 452
f 723 289 453
f 246 1983 141
f 1267 1018 1213
f 309 308 510
f 1436 1911 308
f 1573 1574 1866
f 253 154 385
f 1857 487 1586
f 1589 1586 487
f 2293 2292 1613
f 2090 1094 1132
f 1754 1587 1752
f 742 818 385
f 2293 1591 1587
f 2293 1587 1754
f 487 2202 1977
f 2212 2290 1752
f 1014 905 1839
f 1066 898 2155
f 1760 1389 1709
f 1976 1977 1588
f 1588 1977 1587
f 1854 2030 2027
f 554 1706 2297
f 1578 1769 1953
f 2329 1358 2352
f 171 172 1707
f 1876 2193 1854
f 1673 1544 577
f 2240 1841 1616
f 1770 2030 551
f 1769 1577 1770
f 1622 1770 551
f 1877 1774 1777
f 396 405 428
f 379 365 405
f 2115 988 1291
f 988 2115 1289
f 774 770 751
f 2295 1775 2255
f 1962 2294 1809
f 1953 1769 2231
f 720 721 19
f 1830 1962 2296
f 1769 2167 2231
f 1831 1962 1809
f 725 1702 1439
f 1696 2256 1952
f 47 1780 2256
f 1024 1599 1023
f 645 646 642
f 1185 1184 1228
f 908 835 879
f 1942 1731 1954
f 1957 1730 1683
f 296 591 575
f 2312 1728 1691
f 174 70 77
f 1656 1529 1515
f 2040 2039 325
f 2308 156 1802
f 156 1807 1802
f 1241 1252 1269
f 1824 2301 2359
f 2061 2355 2356
f 1312 1806 1281
f 2167 598 2231
f 2250 1946 2251
f 499 500 467
f 1756 786 2248
f 304 764 228
f 1305 1303 347
f 408 361 490
f 1590 2212 2202
f 598 743 786
f 451 760 863
f 1258 1246 1105
f 435 783 640
f 640 783 1722
f 1728 2312 44
f 2300 1384 743
f 1264 1195 1164
f 1068 1206 1199
f 919 1384 1934
f 43 1727 2274
f 1616 1934 2240
f 458 2236 341
f 1128 909 1172
f 1934 1616 919
f 2162 1471 2299
f 762 2061 2162
f 126 2197 125
f 1558 285 323
f 798 886 887
f 837 839 966
f 1309 1299 1929
f 1929 1299 1300
f 2217 2043 1476
f 1479 1487 1498
f 920 1327 919
f 948 675 829
f 245 296 243
f 991 895 1132
f 1011 1014 1299
f 1841 1308 919
f 1059 1306 1314
f 887 886 921
f 928 973 1592
f 920 1308 1057
f 1057 1058 920
f 677 425 1470
f 1304 1320 908
f 784 677 451
f 877 933 2244
f 965 963 1053
f 965 1053 1301
f 965 1301 1012
f 65 63 683
f 1851 59 68
f 1011 1299 1302
f 838 561 793
f 579 1348 817
f 837 838 793
f 113 127 2237
f 1105 1071 2372
f 1088 1161 1309
f 1087 1929 1300
f 1522 105 102
f 2284 105 1522
f 105 101 102
f 1071 1792 1057
f 98 1481 97
f 1055 1089 1113
f 1481 96 97
f 1286 1615 1057
f 62 61 68
f 69 61 62
f 1220 1608 1615
f 24 1677 78
f 1251 1170 1131
f 1114 1202 1113
f 702 703 161
f 1696 1474 2256
f 1926 168 2148
f 1246 1792 1105
f 40 18 85
f 1924 2047 1913
f 1924 2046 2047
f 2046 2149 1922
f 45 1928 1919
f 1922 2149 50
f 114 2256 1557
f 2192 1823 1960
f 74 72 1935
f 1521 1935 1919
f 73 74 71
f 74 2199 71
f 1519 2199 74
f 2183 73 71
f 2302 1519 74
f 1399 1901 302
f 1635 589 525
f 1818 1195 1223
f 1818 1223 1273
f 1223 1233 1273
f 1226 1216 1081
f 1978 166 1617
f 101 2284 1522
f 816 815 461
f 520 1915 532
f 212 1618 1918
f 925 894 1353
f 2284 101 106
f 1353 611 1767
f 2252 1581 1614
f 1609 1581 2252
f 1580 1614 1581
f 1028 1229 1286
f 1239 1147 1200
f 87 2049 91
f 91 2049 1658
f 2049 87 1659
f 798 881 814
f 358 353 354
f 352 351 2112
f 1151 1228 2093
f 1374 2117 939
f 366 364 1543
f 2354 2240 1934
f 1178 1147 1255
f 211 2258 2249
f 768 1098 1930
f 1812 2305 1813
f 267 2306 2109
f 2250 596 1680
f 1813 2305 1249
f 1079 1081 1265
f 1129 1081 1079
f 1225 1266 1144
f 2109 2249 1902
f 498 1538 1980
f 787 918 786
f 1546 2032 1847
f 2032 1546 513
f 1505 2213 1902
f 1902 233 1505
f 1796 1230 1214
f 569 1899 514
f 1028 1282 1229
f 1654 570 187
f 1098 2093 1930
f 177 1649 176
f 1649 594 176
f 122 2197 2326
f 1228 1250 2093
f 1327 1384 919
f 1327 918 787
f 2283 1657 1894
f 80 1657 1733
f 621 2056 2049
f 649 107 636
f 848 810 849
f 2275 20 632
f 78 1677 79
f 1835 1932 1455
f 616 173 208
f 147 2180 150
f 702 1450 2019
f 2019 703 702
f 2247 1932 1835
f 113 128 102
f 1023 1599 1790
f 2124 1167 1282
f 1274 2120 985
f 2226 1447 713
f 919 1616 1841
f 445 366 1630
f 1701 1356 1703
f 456 1707 592
f 1707 172 81
f 1887 1575 1362
f 1715 2243 784
f 1425 229 2268
f 242 1439 1714
f 970 978 1883
f 1357 1751 1351
f 2001 1753 2380
f 2124 1886 1885
f 977 1885 1886
f 1961 1359 1367
f 1367 1140 1961
f 729 730 2014
f 299 13 15
f 347 523 521
f 1805 1816 1811
f 708 294 718
f 744 2265 733
f 733 1746 1747
f 720 1746 733
f 225 227 359
f 36 37 350
f 665 1838 666
f 294 1427 750
f 1747 2314 2169
f 1589 1588 486
f 486 1591 225
f 1850 160 1849
f 484 1858 1857
f 1858 1859 1604
f 1863 1862 1864
f 13 145 146
f 288 154 253
f 390 769 372
f 1957 1942 1954
f 2138 1024 1023
f 396 797 397
f 923 1297 1842
f 1872 2059 1671
f 2021 2123 59
f 824 800 417
f 875 883 1783
f 2194 2007 1495
f 476 800 844
f 2188 113 112
f 1703 2092 1373
f 1743 2245 1703
f 1364 2094 2257
f 547 550 549
f 1674 1949 1942
f 2315 2162 2316
f 859 587 586
f 2162 2315 597
f 1459 2018 2026
f 650 509 653
f 2166 2177 1879
f 847 1758 850
f 1385 2300 2347
f 2347 2164 1385
f 885 967 883
f 2120 1297 923
f 2166 1135 2177
f 551 2193 1876
f 847 1761 1758
f 1289 2115 1288
f 750 1427 1414
f 922 657 1345
f 302 1400 1399
f 2265 721 733
f 562 567 1462
f 738 1716 1431
f 738 1431 737
f 1987 351 2118
f 1885 977 1826
f 1927 692 705
f 1721 1720 975
f 970 2086 979
f 1462 1134 1042
f 97 1477 1476
f 979 978 970
f 840 1047 1462
f 1043 1370 1049
f 749 731 1387
f 1042 722 840
f 857 855 1043
f 1836 2247 1835
f 1311 1324 757
f 1324 1000 1317
f 256 255 284
f 1944 632 20
f 2299 1680 2316
f 2299 2316 2162
f 87 86 1659
f 126 125 1671
f 802 333 1042
f 519 1042 333
f 704 564 1238
f 1682 1481 1943
f 1112 1231 1050
f 333 404 64
f 453 684 788
f 817 2342 170
f 1377 817 170
f 482 21 1315
f 21 950 1257
f 398 21 27
f 341 342 458
f 117 152 46
f 39 3 14
f 14 360 39
f 354 227 356
f 14 27 21
f 46 67 60
f 14 21 482
f 2306 268 1864
f 1384 787 743
f 1590 2154 270
f 1858 2154 1590
f 484 1859 1858
f 1852 1851 68
f 2352 2348 2329
f 1850 1849 508
f 2320 510 163
f 1585 183 235
f 1989 1992 1995
f 98 1846 1480
f 2384 2322 485
f 1892 2322 2384
f 17 1438 215
f 128 113 114
f 1126 1067 910
f 770 774 2347
f 1067 1842 1296
f 1835 1455 1838
f 1837 1920 1434
f 1488 2017 1840
f 1838 56 667
f 2017 56 1840
f 1621 359 356
f 197 2358 668
f 1474 2361 668
f 2298 1832 2356
f 1831 1832 2298
f 1820 1629 1817
f 2211 2225 2359
f 2299 1471 1825
f 1824 2359 2225
f 2211 2362 2225
f 2366 2362 2211
f 2362 2366 1823
f 1817 1506 1628
f 2324 1804 1988
f 1584 2324 1636
f 2324 2291 2260
f 2324 537 1636
f 2324 1816 537
f 2260 1804 2324
f 2045 1816 1805
f 2025 1797 1584
f 1605 335 1795
f 1447 1789 115
f 949 930 951
f 1192 1193 1253
f 1256 1106 1096
f 1021 1135 1783
f 1597 2132 1596
f 1159 1158 988
f 1260 529 533
f 347 533 523
f 1465 8 694
f 694 690 1465
f 1317 982 1782
f 2327 282 2326
f 524 1986 2028
f 314 2028 1986
f 1709 870 1759
f 1389 1760 1787
f 2352 1900 2348
f 225 1627 226
f 2380 1753 1752
f 2292 1754 1753
f 1751 672 1351
f 740 1747 1746
f 1746 2335 1745
f 687 1734 168
f 1734 687 2409
f 1734 55 1742
f 682 1726 1679
f 1679 1726 699
f 2200 105 111
f 99 1723 2303
f 1343 1720 716
f 803 801 531
f 1711 605 1758
f 1614 196 2252
f 1363 1339 912
f 196 1580 1581
f 172 576 81
f 171 1707 456
f 906 2297 1706
f 1706 554 2336
f 1706 2336 906
f 865 1356 1701
f 1368 1354 1694
f 2114 1580 196
f 1452 1320 767
f 1548 767 768
f 2337 243 295
f 411 367 316
f 1205 1078 1218
f 1203 1218 2401
f 2338 1161 1233
f 154 205 385
f 852 853 818
f 1544 1673 1542
f 265 337 1568
f 1591 1593 1627
f 1623 1625 1626
f 2 753 736
f 22 753 2
f 1594 354 2002
f 1626 1594 1602
f 1626 230 1623
f 2288 597 1620
f 1209 1310 1608
f 785 700 864
f 2339 1374 1283
f 1903 2340 1812
f 1310 2244 933
f 2172 1285 1886
f 971 1572 1180
f 45 50 2048
f 686 1551 658
f 1320 658 835
f 2146 808 1551
f 136 137 144
f 1087 1120 1088
f 1215 1536 1085
f 1119 1085 1536
f 1093 2313 2374
f 966 914 837
f 1512 1211 1048
f 1269 1013 1198
f 1245 1206 1020
f 1074 1109 1181
f 845 754 736
f 753 22 2317
f 968 1473 1045
f 1473 968 1359
f 1473 1359 1044
f 1463 157 638
f 1069 1046 1068
f 92 93 1457
f 131 656 133
f 2341 1985 361
f 2341 489 1985
f 786 1756 598
f 2363 40 592
f 897 974 2242
f 336 2345 1398
f 1671 134 126
f 1436 1640 1535
f 2033 1640 1436
f 1401 1418 1404
f 763 1417 346
f 1719 1555 1403
f 2243 1710 425
f 175 1556 177
f 1379 845 837
f 566 361 424
f 1245 1196 1221
f 2395 1233 1234
f 1240 1137 1236
f 2373 2383 2400
f 575 591 1464
f 2323 600 250
f 1395 601 602
f 1892 2384 2261
f 1892 2261 2385
f 1144 1803 2357
f 1271 1313 2143
f 1271 1655 1313
f 2305 1812 2340
f 580 16 13
f 2171 2173 1958
f 2171 2398 2173
f 2407 1733 1654
f 626 1936 1893
f 2334 2184 2190
f 4 2190 2184
f 623 38 8
f 1944 631 632
f 1247 1092 1171
f 1678 1937 655
f 643 639 1828
f 1472 649 1932
f 69 62 65
f 649 2406 1932
f 1206 1888 1020
f 1806 1229 1282
f 1677 24 1683
f 1171 1015 2394
f 1275 1083 1079
f 2345 319 2062
f 212 1661 573
f 596 2315 1680
f 2410 4 1734
f 112 2237 111
f 1044 1213 1045
f 1051 1198 1525
f 1887 1070 1037
f 702 670 1449
f 1887 1182 1070
f 1048 1146 1052
f 694 706 690
f 1020 993 1245
f 990 1576 1173
f 995 1179 1159
f 990 1205 1347
f 732 721 2081
f 1961 1024 1359
f 1961 1599 1024
f 1278 971 1279
f 990 1347 983
f 1901 1406 2170
f 1361 1362 1576
f 1693 7 1656
f 1050 1021 1783
f 291 2234 756
f 1791 2099 2339
f 371 365 1442
f 35 769 2325
f 2238 95 780
f 2167 2288 598
f 371 405 365
f 2296 2255 1830
f 1108 1372 1110
f 1882 409 369
f 401 792 386
f 2392 11 221
f 1965 2294 1830
f 776 427 426
f 1638 1965 2255
f 428 821 822
f 423 428 822
f 815 423 822
f 431 441 476
f 1724 2157 1935
f 1518 1935 2157
f 2000 1380 830
f 1854 1777 1971
f 1777 1854 1877
f 1973 1532 1619
f 1979 165 1978
f 1979 1975 165
f 866 528 634
f 884 572 2096
f 2287 1363 585
f 1368 915 1354
f 922 574 571
f 585 952 2287
f 825 912 1340
f 1340 2364 825
f 115 664 2070
f 852 1277 853
f 1587 1977 1752
f 553 2297 924
f 608 624 2227
f 1977 2202 2212
f 641 929 629
f 2227 624 937
f 628 1767 611
f 611 612 628
f 2004 2000 1768
f 946 1697 637
f 953 954 955
f 672 717 956
f 1896 2082 2229
f 1319 1000 1005
f 1009 781 735
f 781 1416 735
f 297 975 280
f 1771 2139 976
f 716 1430 937
f 2035 1318 748
f 717 2035 748
f 1721 297 1853
f 1337 1416 1560
f 2162 1947 762
f 731 728 1776
f 708 94 103
f 297 1721 975
f 1316 975 705
f 219 1422 1571
f 936 1768 2000
f 826 1340 1339
f 204 1983 1910
f 1005 1008 1006
f 693 2140 946
f 103 123 709
f 625 659 1346
f 892 1757 938
f 938 608 2227
f 89 49 205
f 205 49 104
f 1751 676 672
f 606 2063 622
f 680 1947 2288
f 922 571 891
f 1567 1633 366
f 385 518 742
f 1697 1355 915
f 878 1350 880
f 634 528 2140
f 861 1357 1351
f 587 859 861
f 859 1875 1570
f 1038 704 1238
f 1165 992 1261
f 2258 1578 1566
f 2004 443 460
f 427 826 823
f 821 825 2364
f 460 2408 1380
f 822 461 815
f 875 1047 1041
f 2408 460 806
f 427 776 422
f 417 800 410
f 422 776 397
f 1232 1253 1292
f 341 2236 1999
f 864 992 1274
f 992 1165 1274
f 524 1999 180
f 1378 32 34
f 773 1656 1515
f 1999 565 180
f 313 1397 1408
f 2062 2233 1718
f 2103 1718 2233
f 276 277 756
f 324 1401 276
f 298 2170 1406
f 1743 2089 1375
f 1833 1968 2121
f 1898 210 351
f 1833 2121 1288
f 190 210 1898
f 1746 2413 1890
f 708 103 709
f 1834 1833 1090
f 687 1789 2226
f 1666 2036 2037
f 1395 175 1396
f 1728 2274 1727
f 1583 2084 1103
f 2224 2393 2325
f 2325 1882 2224
f 9 2370 1900
f 406 264 85
f 1679 1467 1931
f 1123 1122 1124
f 2270 607 318
f 56 2017 1678
f 42 1475 57
f 107 1955 636
f 2014 730 2013
f 1489 1488 1840
f 1659 91 1658
f 2175 1435 2015
f 1887 983 1182
f 1489 76 2321
f 2055 2321 76
f 107 2309 1955
f 1576 979 1958
f 1001 1133 1157
f 1358 2329 2333
f 2015 258 2175
f 1048 1798 1146
f 2197 122 125
f 181 1852 2397
f 2334 2191 188
f 2222 544 1653
f 2267 156 2308
f 1989 2044 395
f 601 1490 602
f 2266 607 2270
f 1656 7 1529
f 1648 2031 1672
f 1527 1893 1511
f 1974 1650 1646
f 1958 1173 1576
f 1168 1030 1197
f 718 88 94
f 1021 1050 1101
f 249 175 2034
f 1075 2317 1007
f 2005 507 1524
f 1886 1814 2172
f 361 566 2341
f 1070 1141 1259
f 2321 2304 2213
f 1803 1203 2401
f 2327 283 282
f 541 1534 1640
f 2112 1997 2196
f 2112 2196 352
f 2376 2379 2309
f 321 1393 1507
f 1218 1076 1177
f 1078 1177 1076
f 69 65 66
f 2020 69 63
f 1958 2387 1173
f 1182 1225 1237
f 364 376 416
f 1636 1808 2025
f 1814 1249 2172
f 2337 295 575
f 363 1394 322
f 1537 135 138
f 1460 1674 91
f 1312 1281 1655
f 1566 1972 233
f 418 2214 211
f 1129 1079 1239
f 1944 1872 630
f 1306 1843 2165
f 630 1872 122
f 2102 70 580
f 1312 1655 1271
f 1859 1987 1589
f 419 1960 506
f 1864 506 1863
f 1866 1561 1865
f 1874 2107 1827
f 1178 1255 2383
f 1232 1111 1217
f 1118 1150 1242
f 666 1835 1837
f 556 2303 2025
f 1916 2113 1723
f 2303 2113 2025
f 2313 1237 1223
f 2223 1240 1254
f 2068 577 119
f 503 504 1526
f 1775 1965 1638
f 1518 74 1935
f 1206 2373 1287
f 1925 1928 2149
f 1922 2161 1907
f 2176 665 666
f 2126 2161 2125
f 1919 1935 72
f 71 1907 72
f 680 2298 2355
f 2130 1644 2368
f 1256 2381 1081
f 1952 47 1951
f 47 1952 1778
f 1950 1735 1750
f 1735 1738 1750
f 2301 2356 2359
f 1749 1950 1738
f 1459 1942 2018
f 1557 2232 52
f 1698 1689 1699
f 1690 1696 1687
f 1698 1685 1687
f 1687 1689 1698
f 1687 2159 1688
f 465 2337 2155
f 1192 1227 1194
f 1548 669 108
f 2223 1270 1116
f 660 382 2342
f 2370 2348 1900
f 2355 2298 2356
f 425 433 1669
f 347 521 1305
f 1106 1107 1181
f 1025 1118 1077
f 767 662 1452
f 1074 1178 2318
f 1084 1155 1029
f 1072 1084 1029
f 579 392 2351
f 984 2357 2344
f 991 1073 1026
f 1012 1301 1300
f 948 2328 2331
f 808 2165 2085
f 811 898 849
f 2349 675 948
f 801 868 930
f 1060 1055 2242
f 1348 1323 817
f 1884 2242 2262
f 997 999 1322
f 947 996 997
f 345 1534 541
f 996 947 579
f 996 579 2369
f 579 2351 2369
f 1329 2343 561
f 783 911 913
f 2145 2085 1843
f 2317 22 2360
f 900 1014 1011
f 2354 1934 2164
f 987 1155 1099
f 1061 2143 1064
f 2347 774 2164
f 392 2346 2351
f 1424 1423 302
f 871 530 1482
f 1068 2369 1206
f 596 770 1620
f 596 751 770
f 1089 1114 1113
f 1066 1114 1089
f 159 228 761
f 750 292 294
f 1794 1248 2360
f 801 523 531
f 1796 1114 1066
f 1810 1036 1801
f 1207 1284 1206
f 1262 1227 1192
f 1405 721 2265
f 1469 695 451
f 1547 176 370
f 597 1947 2162
f 1470 425 1669
f 1192 1191 1262
f 1669 433 1062
f 1818 1164 1195
f 1162 1254 1195
f 2353 1452 662
f 1221 1206 1245
f 1221 1248 1207
f 2232 240 1452
f 747 1410 313
f 2378 1081 2381
f 2108 468 220
f 1248 2394 2360
f 2358 677 668
f 1240 1244 1254
f 1174 1242 1172
f 155 2350 819
f 2401 1230 2357
f 984 592 82
f 1217 1231 1232
f 1230 1177 1214
f 2368 1756 2130
f 1112 1224 1231
f 313 1408 1400
f 1950 1737 1502
f 1736 2159 72
f 1234 1235 1225
f 1628 1832 1809
f 538 589 116
f 1963 1518 2199
f 336 1718 331
f 967 1190 1112
f 1628 2294 1774
f 1901 331 1406
f 1644 2156 2368
f 1888 1206 1287
f 546 2067 201
f 1655 1330 1139
f 1545 1532 110
f 1052 1051 1048
f 1662 2119 135
f 2371 1358 2350
f 149 2337 109
f 1268 1052 1186
f 1410 1404 1409
f 2030 1561 2027
f 1198 1013 994
f 1146 1184 1186
f 1564 52 1967
f 525 201 526
f 233 1972 232
f 1580 191 1579
f 1167 1180 1039
f 1992 1989 194
f 979 2087 2171
f 1585 235 538
f 979 2171 1034
f 1019 1020 1888
f 986 1160 1335
f 1593 499 1596
f 1600 1601 2002
f 1596 1602 1594
f 928 1592 1762
f 1592 2240 1762
f 2163 1605 1601
f 977 971 1826
f 1908 332 440
f 2295 2167 1769
f 1175 1287 1367
f 1175 1367 968
f 1107 1189 1178
f 232 1972 231
f 345 541 344
f 273 1463 139
f 2023 1908 402
f 358 359 2203
f 2121 1153 1288
f 311 2289 2264
f 1641 1993 239
f 2389 221 2189
f 485 1543 364
f 1110 939 1290
f 312 249 247
f 1546 2205 2023
f 402 326 513
f 1634 517 474
f 236 185 186
f 1556 1649 177
f 175 249 1556
f 2127 2060 1610
f 1552 2128 2060
f 2127 1552 2060
f 37 1508 220
f 232 231 158
f 1552 1612 1610
f 562 1298 567
f 1395 162 175
f 2103 1406 1718
f 393 395 158
f 1650 1974 1651
f 1653 2038 2269
f 1097 1370 856
f 556 557 1553
f 1647 1272 857
f 1553 193 1966
f 2219 1660 1661
f 123 1900 1439
f 1893 1509 626
f 2310 2309 107
f 320 95 590
f 2050 1668 1483
f 288 253 457
f 132 273 616
f 119 577 1544
f 238 142 289
f 1639 2255 1775
f 278 804 280
f 278 199 804
f 2326 630 122
f 12 138 41
f 110 599 660
f 48 47 1502
f 788 757 771
f 2092 2073 1373
f 280 1316 685
f 685 1316 705
f 1315 1785 482
f 1456 757 1324
f 1467 1892 2195
f 749 728 731
f 56 1678 667
f 934 1321 1856
f 2035 717 1861
f 1952 1689 1696
f 711 1782 628
f 1942 90 1674
f 2136 1711 1334
f 1884 138 12
f 1731 1943 1933
f 1337 659 935
f 932 678 681
f 54 1679 2179
f 1686 1713 1936
f 1339 1363 2139
f 907 613 657
f 10 1691 1461
f 637 1697 915
f 2251 1946 1680
f 288 244 154
f 587 585 586
f 1215 1138 1116
f 1370 700 704
f 700 1370 855
f 694 8 260
f 2205 1997 2023
f 63 2280 683
f 793 558 615
f 501 470 469
f 917 1100 1103
f 475 824 828
f 828 824 2064
f 715 294 708
f 750 1414 734
f 2155 575 2363
f 1745 1713 739
f 821 428 1729
f 2280 732 2012
f 997 1322 947
f 422 423 815
f 417 2105 824
f 2064 824 2105
f 434 429 426
f 428 423 797
f 948 2331 2349
f 396 428 797
f 1962 1831 2296
f 2230 2147 2414
f 384 795 399
f 400 795 384
f 777 397 776
f 394 782 1880
f 2360 1322 1295
f 376 366 380
f 1154 1191 1224
f 876 1061 904
f 1163 1088 1120
f 379 405 396
f 1276 1039 1070
f 327 2235 286
f 415 2147 806
f 680 2255 2296
f 1962 1830 2294
f 26 207 291
f 400 430 799
f 274 1412 1712
f 1037 1891 1027
f 1904 229 1725
f 2076 2103 1426
f 1426 2103 1427
f 1426 715 178
f 427 823 434
f 2295 2255 680
f 1713 2180 147
f 150 2285 727
f 115 1789 664
f 2059 19 732
f 1851 732 59
f 732 1851 2059
f 1881 1090 1291
f 941 916 442
f 849 898 897
f 9 88 8
f 6 1464 215
f 84 1464 6
f 1446 84 6
f 2278 1734 4
f 1739 559 831
f 13 16 15
f 19 2059 1945
f 9 8 38
f 586 836 572
f 1263 1389 1341
f 1341 1165 1261
f 1931 1467 2272
f 775 700 998
f 36 35 51
f 37 53 348
f 1679 54 1467
f 935 1349 934
f 652 63 65
f 1844 1785 938
f 1840 1455 76
f 1771 1339 2139
f 38 515 2370
f 934 1332 2022
f 1439 746 1714
f 808 1715 2165
f 1766 679 932
f 1948 2227 937
f 938 2227 1948
f 86 87 2182
f 91 90 87
f 528 472 480
f 1771 1768 936
f 2190 2191 2334
f 1476 98 97
f 696 1771 1387
f 876 2244 1061
f 1765 1772 1773
f 1776 2100 731
f 306 307 2109
f 976 745 726
f 478 706 734
f 273 132 131
f 1407 133 23
f 2109 2213 306
f 2295 1769 1775
f 1722 1762 2164
f 1775 2294 1965
f 1807 1488 158
f 158 395 2044
f 1955 2309 2321
f 791 778 398
f 2015 2247 1716
f 564 582 288
f 481 288 582
f 457 385 853
f 709 123 178
f 524 563 181
f 2266 2270 1515
f 181 2391 522
f 200 2286 2036
f 28 26 23
f 1049 1647 857
f 588 2045 1989
f 2189 221 495
f 542 1641 560
f 233 1902 1566
f 332 334 440
f 1649 1556 1391
f 270 2154 1517
f 1547 1396 176
f 284 254 251
f 256 284 459
f 29 30 1889
f 1978 1617 1979
f 317 314 315
f 1710 686 433
f 433 425 1710
f 322 281 319
f 75 1907 71
f 1049 1290 870
f 342 1999 256
f 358 354 359
f 366 376 364
f 1571 1422 541
f 1554 337 444
f 1518 2200 2199
f 870 1290 1378
f 2379 449 432
f 1531 1971 1622
f 439 334 326
f 1956 2208 1959
f 450 2376 335
f 600 619 618
f 2273 2253 1916
f 2221 111 129
f 111 2237 129
f 477 241 479
f 408 490 1984
f 246 532 1983
f 1623 1603 467
f 1561 1562 1865
f 1582 1786 1583
f 93 516 638
f 2107 1863 506
f 1866 2027 1561
f 1530 2342 146
f 2067 546 2150
f 546 478 545
f 551 1876 1820
f 1575 978 979
f 979 1576 1575
f 995 988 1289
f 2196 190 1898
f 589 538 525
f 971 1180 1167
f 109 2337 465
f 1010 1007 1015
f 1190 885 2392
f 1631 109 41
f 41 153 1631
f 1205 990 1078
f 2370 515 1305
f 2098 1267 1525
f 1281 1166 1655
f 2102 146 2342
f 2361 1696 1699
f 2124 1258 1886
f 22 121 70
f 1302 900 1011
f 197 668 2361
f 1958 1034 2171
f 2211 2359 1832
f 2359 2356 1832
f 1096 1094 1256
f 159 638 303
f 680 2288 2167
f 2387 2135 1173
f 2033 1641 542
f 1177 1230 1218
f 116 533 347
f 598 1756 2231
f 1252 1156 1137
f 811 465 2155
f 1468 2248 2239
f 1756 2248 2130
f 92 516 93
f 529 536 530
f 1079 1083 1239
f 2383 1255 2400
f 1196 1171 1248
f 1 754 136
f 743 598 2288
f 597 2315 596
f 811 464 465
f 1233 1235 1234
f 597 596 1620
f 319 1563 1906
f 2317 2360 2394
f 2248 877 2239
f 2239 877 876
f 1201 1176 2135
f 1046 999 996
f 1972 1970 2368
f 1113 2135 2387
f 1105 2319 1258
f 1903 1258 2319
f 1244 1195 1254
f 820 798 761
f 2340 2382 2095
f 898 811 2155
f 767 909 768
f 2173 1194 1130
f 863 876 904
f 1169 1107 1106
f 1264 1163 1120
f 1054 1307 1066
f 1876 1854 1971
f 1796 1066 2344
f 965 839 963
f 2155 984 2344
f 913 973 928
f 2383 2373 2318
f 1082 1091 1099
f 951 989 987
f 951 931 989
f 1086 1300 1115
f 980 1930 1080
f 2344 1066 2155
f 895 2090 1132
f 2373 2369 2351
f 1029 987 989
f 1115 1301 1053
f 2006 450 335
f 1299 1014 1300
f 1061 1271 2143
f 1972 2368 2218
f 2368 2156 2218
f 2381 1094 2090
f 2382 2319 2241
f 2210 2040 325
f 2338 2343 1302
f 886 893 991
f 1987 2112 351
f 1080 1801 1036
f 1329 900 1302
f 1155 1191 1154
f 877 786 933
f 918 933 786
f 1169 1200 1189
f 1192 1194 1193
f 1236 2374 2313
f 1207 1248 1794
f 2313 1093 1237
f 1082 2392 2328
f 1208 1209 1312
f 473 2007 1517
f 1934 1385 2164
f 2342 817 1322
f 579 817 1377
f 1194 2173 2398
f 279 1906 275
f 1239 1200 1226
f 663 783 435
f 464 811 810
f 1801 1250 1157
f 1801 1157 1810
f 2400 1287 2373
f 2389 2189 2386
f 1810 1157 1133
f 2340 2172 1249
f 473 190 1495
f 531 523 533
f 1305 2349 2348
f 1150 1118 1198
f 1482 530 536
f 2262 2067 1884
f 1225 1182 1266
f 2394 1007 2317
f 195 1989 193
f 1150 1198 1268
f 1075 1002 1269
f 967 1112 1022
f 1022 1112 1050
f 593 131 155
f 1841 2372 1071
f 1167 1039 1276
f 2027 179 1854
f 1738 1938 1781
f 197 1940 1939
f 1781 1938 1941
f 197 1941 1940
f 1939 1940 2159
f 1781 2159 1940
f 1699 2159 1941
f 1699 2367 2159
f 1688 2367 1699
f 1774 179 211
f 1267 1017 1018
f 1884 119 1537
f 1045 1175 968
f 1561 2030 2107
f 1179 1883 1027
f 971 1278 1572
f 471 2119 1662
f 1146 1283 1285
f 219 471 216
f 1360 1140 2099
f 1829 2084 1881
f 1122 1103 2084
f 1960 1823 1506
f 1593 1602 499
f 1463 638 516
f 1519 1963 2199
f 1520 101 1964
f 106 105 1964
f 101 1521 2188
f 2158 106 1520
f 106 1519 1521
f 1724 100 99
f 117 11 885
f 552 581 584
f 577 2201 1673
f 1915 1532 1973
f 2129 2221 2237
f 1723 111 2129
f 2215 2201 1850
f 1673 2201 2215
f 1915 1973 532
f 2177 2121 1134
f 1981 557 1550
f 1550 557 556
f 568 1895 2207
f 108 2216 2375
f 1550 1579 191
f 520 1558 1979
f 1558 1984 1979
f 1579 1550 1808
f 1910 1545 1530
f 569 1895 568
f 456 592 264
f 1604 512 1858
f 2320 545 309
f 1611 191 196
f 231 1972 2218
f 320 219 1571
f 1908 2023 1594
f 992 864 775
f 1601 1795 1908
f 1496 1478 1485
f 174 578 209
f 406 578 174
f 518 807 742
f 481 582 785
f 1497 1485 1486
f 518 104 67
f 1910 1530 204
f 204 141 1983
f 141 1559 246
f 1388 463 360
f 788 771 790
f 1560 841 890
f 1208 1310 1209
f 1607 1208 1271
f 1607 1271 1061
f 1544 1542 135
f 1544 135 1537
f 1985 329 488
f 1003 1321 1420
f 1867 1987 2118
f 70 209 580
f 705 1331 890
f 1777 1770 1971
f 982 1772 1782
f 211 2249 2306
f 2306 418 211
f 548 108 2375
f 102 111 2122
f 2187 105 2284
f 105 2187 111
f 1860 688 1337
f 1896 2077 1764
f 1711 1758 1334
f 1337 688 659
f 61 1668 68
f 2139 1363 2287
f 609 1332 1349
f 2140 693 634
f 2020 2123 2024
f 310 2031 213
f 1483 2123 69
f 595 891 882
f 903 1748 553
f 1922 1919 1923
f 2126 1912 72
f 1355 1354 915
f 204 143 141
f 1365 609 851
f 861 1570 1357
f 859 1570 861
f 1944 20 1945
f 828 1355 475
f 2073 1366 888
f 545 2320 163
f 539 834 527
f 670 671 33
f 834 539 491
f 671 646 33
f 1695 828 436
f 468 1442 222
f 1375 2089 827
f 1508 1391 2108
f 1340 461 822
f 822 821 1340
f 821 2364 1340
f 973 2241 1592
f 247 248 2034
f 1871 1501 2072
f 1847 1846 1546
f 1501 1871 2048
f 485 2219 548
f 322 319 2345
f 2048 1871 2072
f 473 1495 2007
f 442 2088 2057
f 1587 1591 486
f 2408 806 1381
f 1954 1730 1957
f 1494 1847 568
f 1564 1799 588
f 573 2041 1967
f 573 1661 2041
f 734 319 1906
f 799 438 437
f 706 478 546
f 1805 2044 2045
f 417 375 2105
f 2206 2309 2310
f 2176 1435 1433
f 426 372 776
f 1383 789 383
f 2388 2052 2396
f 84 2363 1464
f 1754 2292 2293
f 390 2230 769
f 2230 2414 769
f 382 170 2342
f 2195 1892 2311
f 340 1402 1403
f 626 1686 1936
f 2012 2131 1868
f 2056 649 1472
f 642 646 1828
f 646 647 1828
f 1718 336 1398
f 2325 51 35
f 2393 51 2325
f 2314 1415 1412
f 727 1415 1413
f 1413 147 727
f 1733 2407 1443
f 1890 2405 2335
f 1712 2074 274
f 274 1909 1425
f 1435 1440 2015
f 1440 2228 2015
f 510 2320 309
f 1716 1444 699
f 1460 1869 10
f 1458 2403 2065
f 1443 1732 727
f 1679 1931 682
f 2247 2071 167
f 115 2070 1445
f 1931 2272 682
f 1681 682 2272
f 1702 123 1439
f 932 927 925
f 1353 1739 1743
f 1073 1095 1106
f 556 2025 1808
f 2241 973 1170
f 2148 647 646
f 2148 646 1926
f 408 1984 1558
f 1550 556 1808
f 1748 2069 554
f 336 1403 2345
f 1976 1604 1977
f 1604 487 1977
f 2409 687 2226
f 564 704 785
f 94 708 718
f 2065 2403 1472
f 1261 1004 998
f 319 2233 2062
f 729 1412 1905
f 729 1905 1419
f 2078 2279 2013
f 2371 1407 1410
f 2281 1621 2112
f 57 1475 1476
f 1873 1621 226
f 1621 1873 2112
f 313 1409 1418
f 355 411 7
f 1890 2399 2323
f 1442 782 371
f 1670 1852 181
f 752 2238 143
f 389 780 218
f 143 2238 375
f 600 2399 632
f 158 1488 1489
f 1040 1130 1072
f 188 2190 187
f 162 1490 424
f 375 417 410
f 2208 568 2207
f 429 2230 390
f 177 176 1392
f 2197 563 565
f 2292 2289 1613
f 1790 1791 1148
f 2243 425 677
f 2290 2212 1991
f 431 1729 414
f 1507 51 2393
f 1729 431 821
f 202 187 570
f 329 2341 566
f 1393 594 1507
f 254 257 1511
f 338 1523 507
f 1524 507 1523
f 1528 1527 2029
f 1740 2089 1743
f 1184 1146 1001
f 1572 1336 1891
f 1514 412 1513
f 411 316 2010
f 2138 2137 1044
f 13 2102 580
f 2384 485 416
f 1247 1171 1196
f 284 255 254
f 201 186 706
f 1221 1196 1248
f 321 338 507
f 585 869 586
f 1536 1116 1119
f 884 854 891
f 267 1543 485
f 330 1547 387
f 865 629 628
f 2209 420 366
f 1609 2129 2128
f 1870 1338 858
f 2352 2377 1900
f 916 637 915
f 2113 1609 1565
f 141 339 1559
f 477 1906 279
f 1567 307 263
f 265 1568 263
f 174 172 406
f 171 406 172
f 935 934 1855
f 1337 935 1855
f 2139 2287 952
f 366 1543 1567
f 657 689 1927
f 309 479 1982
f 2376 450 449
f 1586 486 1621
f 1289 1288 995
f 985 2120 923
f 1797 2291 1584
f 712 714 2100
f 216 471 2215
f 1978 165 166
f 1290 939 2117
f 1448 1319 1243
f 1243 1003 1420
f 1581 2129 1995
f 1565 2025 2113
f 1609 1612 1611
f 1552 1610 1611
f 890 685 705
f 238 790 791
f 525 538 234
f 482 1388 360
f 807 852 742
f 1877 179 1774
f 852 807 809
f 255 524 2111
f 39 804 3
f 1328 719 1819
f 27 14 3
f 1820 1821 1622
f 2067 526 201
f 1822 1628 1774
f 1531 1629 1971
f 530 868 803
f 495 221 244
f 2302 114 2284
f 2290 1991 2380
f 11 89 221
f 163 164 160
f 2069 1376 554
f 2068 2067 2150
f 1970 1953 1756
f 432 2304 2379
f 1953 2231 1756
f 1066 1089 1065
f 2068 119 1884
f 662 1548 1618
f 116 1303 118
f 1968 1293 1411
f 1297 1165 206
f 110 660 2342
f 677 1470 668
f 668 1470 1669
f 144 1637 1454
f 1097 917 926
f 1404 1418 1409
f 1291 988 964
f 1290 2099 1140
f 2346 392 1915
f 2115 1833 1288
f 1125 1031 1126
f 923 1126 1032
f 970 995 1288
f 1883 995 970
f 376 1540 416
f 1285 1124 1886
f 2250 751 596
f 2013 1904 2078
f 1287 2400 1255
f 743 787 786
f 2071 168 167
f 1183 1204 1803
f 2070 2148 168
f 335 2376 2210
f 2239 876 760
f 1204 1205 1218
f 2102 2360 22
f 793 1379 837
f 833 808 879
f 1288 1153 1104
f 909 767 1320
f 1872 1945 2059
f 928 1722 913
f 1217 1101 1050
f 579 947 1348
f 1323 1348 947
f 2242 1884 897
f 1323 947 1322
f 900 899 905
f 2346 881 2318
f 2317 2141 1138
f 1839 905 914
f 1828 639 642
f 819 2090 895
f 2378 2386 2246
f 2093 1128 1151
f 2173 1914 1958
f 2318 2351 2346
f 1549 1540 1539
f 909 1098 768
f 1665 2036 1666
f 1233 2395 2338
f 1312 1209 1229
f 1286 1229 1220
f 2143 1313 1064
f 1068 996 2369
f 2374 2145 1843
f 1065 1054 1066
f 2380 1991 2011
f 1193 1194 1292
f 1202 1796 1214
f 1059 1259 1141
f 1172 1304 1117
f 909 1128 1098
f 2386 2333 2332
f 1902 2249 2258
f 1116 1138 2223
f 948 1082 2328
f 1199 1794 1295
f 1194 1227 1130
f 2357 2343 1144
f 1169 1189 1107
f 2357 1796 2344
f 1571 1513 412
f 1077 1117 1304
f 2331 2386 2332
f 1118 1025 1241
f 1241 1025 2374
f 2374 1236 1241
f 2173 2365 2387
f 287 2029 259
f 1073 1106 886
f 2386 2378 2333
f 1592 2372 1841
f 1248 1171 2394
f 2047 75 1913
f 2332 2349 2331
f 114 2237 128
f 1329 1302 2343
f 2329 2348 2332
f 2048 50 2046
f 999 1295 1322
f 1182 1237 1070
f 2309 2379 2321
f 1014 1839 1012
f 1092 1015 1171
f 128 127 111
f 1358 2333 2330
f 1322 2360 2102
f 1498 1486 1479
f 1048 1030 1798
f 1847 2282 568
f 1278 1336 1572
f 979 1034 1958
f 1278 1279 1335
f 2343 2357 561
f 1190 967 885
f 2349 2332 2348
f 1495 190 2043
f 886 820 893
f 969 1136 1829
f 2339 2099 1374
f 2246 864 1274
f 2084 1583 1881
f 2350 2330 2090
f 1125 1378 1255
f 2217 1496 1495
f 1881 962 1829
f 1783 883 967
f 2151 2259 1517
f 2327 565 2236
f 2115 1291 1833
f 1274 1165 1297
f 2259 2151 1498
f 228 820 761
f 803 531 530
f 1759 34 31
f 640 774 751
f 273 139 616
f 1897 814 881
f 615 136 1379
f 136 754 1379
f 1272 1709 1263
f 658 447 686
f 2243 1715 1710
f 2053 2011 1991
f 1899 2282 2032
f 1238 1188 1038
f 1188 856 1038
f 112 102 2188
f 127 128 2237
f 342 459 251
f 251 282 283
f 330 327 328
f 841 1560 1416
f 342 251 458
f 771 728 749
f 755 748 1318
f 1388 1844 1948
f 765 1788 1325
f 22 2 1454
f 2022 1321 934
f 2242 1055 1113
f 1680 2315 2316
f 972 696 1387
f 2385 2079 1643
f 1416 1337 1855
f 1643 315 493
f 2037 2286 494
f 1751 942 676
f 2130 2248 1468
f 688 689 1346
f 669 663 435
f 1600 353 1624
f 946 2140 1697
f 613 1350 1346
f 1349 625 851
f 851 609 1349
f 1870 860 1352
f 1600 403 2008
f 328 1490 601
f 601 1396 1547
f 572 571 1875
f 1355 869 844
f 547 549 1357
f 2066 915 1368
f 2004 1380 2000
f 821 431 825
f 1695 805 1694
f 479 241 239
f 2321 2213 1505
f 1950 1469 451
f 677 1950 451
f 462 1383 455
f 442 1383 462
f 441 431 414
f 414 413 441
f 1636 2267 1645
f 806 2230 1381
f 1995 588 1989
f 166 2346 1915
f 620 1644 1469
f 1859 1589 1604
f 386 792 2238
f 1882 2414 2147
f 2362 2192 2225
f 1484 2192 669
f 1744 1952 1750
f 1687 1685 1781
f 2367 1688 1685
f 1952 1744 1685
f 1689 1687 1696
f 1952 1685 1689
f 209 16 580
f 1882 369 305
f 583 1469 1950
f 488 1975 490
f 1975 1984 490
f 1823 1628 1506
f 1397 346 1417
f 309 1982 2033
f 327 173 1897
f 1897 173 407
f 75 2072 72
f 2235 327 763
f 2072 45 2048
f 2072 2149 45
f 1412 1415 1712
f 715 1426 1427
f 2216 669 2192
f 392 1532 1915
f 2200 1519 105
f 2294 1628 1809
f 699 1444 2179
f 2129 111 2221
f 72 73 1922
f 1922 2183 72
f 2407 1732 1443
f 2256 114 1922
f 2247 673 1932
f 2411 1432 2410
f 1935 101 100
f 1521 74 1518
f 1935 1521 101
f 74 1521 2183
f 552 1966 2199
f 146 2102 13
f 2413 720 2275
f 1836 667 2179
f 1731 1942 1682
f 1691 1728 1461
f 1461 1728 1933
f 2405 1936 2335
f 2122 2188 2186
f 2284 106 2302
f 2284 102 2187
f 2122 111 2188
f 113 2188 111
f 114 2122 2284
f 1969 2266 1513
f 2158 1964 1519
f 1964 2158 1520
f 1514 1513 2266
f 1670 2059 1851
f 1949 1682 1942
f 1481 1682 1949
f 552 556 555
f 552 584 556
f 204 146 145
f 341 1999 342
f 1410 746 2371
f 2405 2106 1893
f 1936 2405 1893
f 1658 1494 614
f 322 2345 363
f 76 1489 1840
f 80 1733 1443
f 1065 1060 1054
f 2106 1890 2323
f 1542 1673 471
f 593 155 1463
f 468 758 1442
f 1981 191 193
f 193 1612 1981
f 195 2198 1552
f 1660 156 1800
f 1659 2206 621
f 1439 2371 746
f 1439 2377 2371
f 2365 1130 871
f 1850 508 2215
f 1407 2371 155
f 1498 2053 269
f 2322 2219 485
f 488 327 1897
f 1989 2045 2044
f 270 1517 2259
f 133 1407 155
f 2393 2005 1507
f 2267 2308 1645
f 393 158 231
f 2045 588 1816
f 2068 2150 577
f 1507 2005 1524
f 139 516 407
f 560 2005 1969
f 1513 541 1969
f 1606 241 279
f 226 1621 227
f 548 212 1918
f 312 247 424
f 393 2156 620
f 1393 370 176
f 2203 359 227
f 2379 2304 2321
f 2159 2367 1685
f 2009 1613 357
f 391 1808 1645
f 449 2379 2376
f 1906 477 734
f 416 1549 2384
f 573 214 212
f 33 645 644
f 1554 503 1526
f 275 1563 1641
f 321 507 560
f 1641 1563 560
f 234 235 185
f 2390 2031 2264
f 311 310 2289
f 2011 2053 2052
f 264 171 456
f 546 201 706
f 687 1926 671
f 332 1795 335
f 560 507 2005
f 444 265 448
f 446 263 262
f 1603 2009 252
f 2309 2210 2376
f 1441 1920 2226
f 573 1967 214
f 245 471 320
f 2029 287 314
f 1565 2291 1797
f 1991 269 2053
f 1909 1429 698
f 1983 532 1990
f 1808 1636 1645
f 2329 2332 2333
f 471 245 2119
f 2385 1539 2079
f 1581 1995 1992
f 357 189 502
f 237 502 189
f 2030 1827 2107
f 1640 2033 542
f 1662 1542 471
f 522 524 181
f 468 339 758
f 189 188 187
f 1822 1820 1817
f 1646 1650 224
f 1980 224 1650
f 2206 2040 2309
f 2038 1653 544
f 2185 1643 200
f 1629 1531 1622
f 488 2346 166
f 247 2034 162
f 1128 2093 1098
f 2072 75 2046
f 1974 1646 610
f 72 1951 1919
f 188 1648 44
f 2068 1884 2067
f 2067 1482 526
f 1800 2041 1661
f 1897 2346 488
f 2222 2269 1663
f 544 2222 626
f 1657 2283 1733
f 618 2326 282
f 614 2208 1956
f 1489 2321 1505
f 2307 1686 626
f 1956 78 614
f 54 2322 1892
f 54 1892 1467
f 619 632 631
f 381 599 392
f 173 327 286
f 536 526 1482
f 536 1635 526
f 2405 1890 2106
f 121 1454 1637
f 327 330 1719
f 707 607 2266
f 2195 2272 1467
f 116 347 1303
f 533 116 120
f 649 636 2406
f 2403 24 78
f 1472 1932 673
f 932 925 1767
f 2050 198 1667
f 719 717 1819
f 2407 2410 1732
f 2412 2226 1920
f 1921 2279 2078
f 1710 1715 2146
f 260 88 261
f 738 258 2015
f 2015 1716 738
f 1333 2152 1785
f 327 1719 763
f 2155 592 984
f 561 984 82
f 286 2083 207
f 1130 2365 2173
f 374 143 375
f 389 218 1390
f 1715 808 2146
f 2106 1511 1893
f 2106 2323 1511
f 1384 2300 1385
f 375 377 374
f 789 779 318
f 842 820 228
f 2396 2001 2388
f 2396 2390 2001
f 2147 409 1882
f 1384 1385 1934
f 2343 2338 1144
f 1166 1281 1167
f 414 1880 378
f 394 1880 414
f 372 426 390
f 83 2363 84
f 2147 415 409
f 405 394 428
f 2354 2164 1762
f 1302 1161 2338
f 394 796 428
f 1653 2269 2222
f 1358 2330 2350
f 1891 1180 1572
f 460 443 806
f 1548 768 1930
f 1930 980 1548
f 812 2066 1368
f 466 470 509
f 472 1741 480
f 491 492 480
f 2385 2185 2311
f 472 866 469
f 867 470 501
f 612 1356 865
f 877 2244 876
f 1790 1149 1023
f 949 948 829
f 612 865 628
f 962 964 986
f 717 676 1861
f 676 942 1861
f 1765 1766 1772
f 724 1772 1766
f 719 1328 957
f 898 1066 1307
f 1294 1881 1786
f 705 692 1331
f 1948 1844 938
f 1072 1130 1227
f 1853 1430 716
f 482 1785 1844
f 1785 1315 1704
f 1555 387 373
f 1315 1257 1704
f 1188 1280 856
f 2351 2318 2373
f 404 46 64
f 104 518 385
f 1046 1069 1295
f 775 1004 992
f 998 1004 775
f 1951 1685 1744
f 1766 932 1767
f 2366 1832 1628
f 1338 1870 674
f 852 1968 1277
f 1615 1608 1058
f 2402 2390 2396
f 2402 2051 2390
f 1181 1109 1106
f 1341 1787 874
f 856 1411 1097
f 206 1165 1341
f 206 1341 874
f 1787 872 874
f 34 870 1378
f 870 34 1759
f 1462 1047 562
f 875 562 1047
f 1794 2360 1295
f 32 497 31
f 875 1298 562
f 1757 2153 608
f 567 2177 1134
f 2383 2318 1178
f 2223 1254 1270
f 2392 885 11
f 1968 1834 1294
f 1126 923 1842
f 1125 910 1378
f 753 1138 1215
f 910 1125 1126
f 1135 1153 2121
f 1369 1374 1108
f 1124 1374 1369
f 1136 1122 2084
f 1153 1135 1152
f 2155 2363 592
f 2378 2246 1274
f 1793 1279 1143
f 1226 1169 1216
f 1169 1226 1200
f 1279 971 1143
f 971 1167 1826
f 2135 1113 1201
f 2276 2396 2052
f 1292 1194 1219
f 1714 1424 2170
f 1219 1194 2398
f 1803 2401 2357
f 1251 1131 1145
f 2176 1434 1435
f 1234 2338 2395
f 2087 2086 2171
f 1937 1678 2219
f 1064 1139 1259
f 1101 1102 1021
f 80 2285 150
f 1234 1144 2338
f 543 382 381
f 1241 1156 1252
f 1242 1150 1185
f 1138 2141 1075
f 1683 2058 1677
f 1806 1312 1229
f 2378 1033 1081
f 1903 1812 1886
f 1814 1886 1812
f 2378 1274 1033
f 1684 2058 1683
f 1326 1213 2137
f 1210 1326 1211
f 1218 1203 1204
f 1027 1891 1336
f 1525 994 2098
f 2398 1104 1219
f 1160 986 1159
f 1020 1019 2097
f 1183 983 1347
f 1031 1125 1255
f 63 66 2024
f 63 652 2123
f 1143 986 1335
f 1253 1232 1231
f 2117 1374 2099
f 1372 939 1110
f 2386 2331 2389
f 5 1464 591
f 1834 1968 1833
f 1658 2049 1959
f 2317 1138 753
f 1082 1154 1190
f 120 116 589
f 1664 2185 200
f 1640 542 1642
f 2255 1639 1638
f 648 809 518
f 404 648 518
f 297 280 39
f 272 684 453
f 685 890 278
f 452 217 1009
f 1009 217 781
f 1324 1317 1782
f 765 1325 745
f 2381 1256 1094
f 1782 712 1324
f 1333 1704 1994
f 696 946 940
f 1250 1801 2093
f 1771 826 1339
f 1832 2366 2211
f 83 1446 40
f 1998 2133 625
f 851 625 2133
f 1105 2372 2319
f 2319 2372 2241
f 1697 2140 534
f 1199 1295 1069
f 2330 2378 2090
f 1741 472 1701
f 1701 1703 1741
f 2091 834 1741
f 963 1215 1085
f 1976 1867 1996
f 1161 1302 1309
f 2330 2333 2378
f 1601 1602 1596
f 2145 879 2085
f 500 1602 1601
f 1074 2318 921
f 796 1729 428
f 415 794 409
f 1046 996 1068
f 394 414 796
f 776 350 777
f 2325 769 2414
f 2132 1597 439
f 590 2238 752
f 1693 1656 773
f 1595 1596 499
f 7 1693 355
f 1882 305 2224
f 741 2131 2081
f 739 2168 740
f 2168 739 1413
f 1413 739 147
f 1412 2169 2314
f 2242 1113 2365
f 2268 266 2174
f 2114 194 1581
f 194 191 1580
f 1434 666 1837
f 2176 1433 1920
f 1837 2176 1920
f 1920 1433 2412
f 1091 949 987
f 710 682 1921
f 1559 285 246
f 124 178 123
f 246 285 1558
f 2226 1789 1447
f 999 997 996
f 1746 1890 2335
f 123 103 9
f 4 2410 2407
f 1878 55 10
f 2240 1592 1841
f 1195 1244 1222
f 2242 974 1060
f 90 1466 2182
f 361 408 312
f 2233 319 1414
f 2055 1455 636
f 4 2407 1654
f 991 1026 886
f 2276 2402 2396
f 2024 66 1665
f 1678 1660 2219
f 2128 1552 557
f 1699 197 2361
f 2056 2206 2310
f 2056 621 2206
f 1664 2036 1665
f 2085 2165 1843
f 899 900 1329
f 1666 2037 2050
f 222 53 37
f 808 2085 879
f 175 162 2034
f 1894 610 1646
f 40 2363 83
f 570 504 1533
f 2390 2264 2001
f 273 131 169
f 1439 1900 2377
f 1306 759 1314
f 182 504 1510
f 1762 2240 2354
f 1993 1641 2033
f 330 328 1547
f 185 235 1491
f 351 352 1898
f 2196 1898 352
f 357 213 189
f 2309 2040 2210
f 760 876 863
f 290 1538 420
f 561 2357 984
f 1549 1539 2261
f 541 1513 1571
f 1544 1537 119
f 2079 1539 1541
f 1796 2357 1230
f 1518 1519 2302
f 541 1422 344
f 2213 2304 262
f 332 335 2210
f 326 334 514
f 2371 2377 1358
f 590 296 320
f 2010 316 320
f 663 980 783
f 663 1548 980
f 295 243 296
f 2010 320 412
f 1566 1970 1972
f 1577 1769 1578
f 2363 575 1464
f 342 256 459
f 1591 1627 225
f 1673 2215 471
f 1444 1836 2179
f 151 2119 245
f 2337 149 243
f 2342 1322 2102
f 170 543 579
f 1821 506 1960
f 211 2214 1822
f 211 1822 1774
f 1500 1503 1502
f 803 868 801
f 52 1564 114
f 1545 1990 1532
f 1502 1737 1500
f 881 2346 1897
f 2350 2090 819
f 2221 130 2237
f 2129 1916 2253
f 129 2220 2221
f 2220 102 130
f 533 529 531
f 1622 1971 1770
f 1966 71 2199
f 71 1966 1950
f 620 2156 1644
f 1637 81 576
f 75 71 1913
f 1432 2412 1712
f 192 2074 1433
f 2151 1486 1498
f 2337 575 2155
f 1637 576 77
f 2355 1947 680
f 1947 2355 762
f 814 1897 1457
f 819 454 155
f 1305 2348 2370
f 1474 668 1062
f 1557 240 2232
f 120 1260 533
f 677 2358 1950
f 2102 22 70
f 2232 1452 2353
f 1548 663 669
f 1696 2361 1474
f 2358 197 1738
f 1496 1485 1497
f 2067 2262 1482
f 868 530 871
f 2371 2350 155
f 1952 2256 1780
f 1503 2256 48
f 561 82 140
f 2072 1501 1500
f 2072 1736 72
f 2159 1951 72
f 45 1951 47
f 1486 2151 2116
f 303 228 159
f 292 706 1421
f 767 1548 662
f 2300 770 2347
f 2199 581 552
f 1358 2377 2352
f 1724 2303 556
f 552 555 1966
f 243 149 1631
f 1631 153 243
f 1770 1827 2030
f 2016 2074 192
f 614 1494 568
f 871 1482 2262
f 1609 1610 1612
f 675 801 829
f 1306 2165 1715
f 211 2027 1574
f 193 1989 1966
f 2215 508 216
f 1323 1322 817
f 516 139 1463
f 1895 1493 1959
f 896 930 868
f 871 931 868
f 868 931 896
f 1623 2009 1603
f 1863 1866 1865
f 506 1864 419
f 1593 1594 2023
f 2156 231 2218
f 274 1425 2174
f 2208 2207 1493
f 1425 2268 2174
f 871 2262 2365
f 930 949 829
f 2109 307 483
f 364 416 485
f 1714 2170 242
f 1556 2108 1391
f 1486 1485 1479
f 2365 2262 2242
f 412 1529 411
f 965 1012 1839
f 357 310 213
f 79 1478 1477
f 2261 1539 2385
f 123 9 1900
f 980 911 783
f 363 1403 1555
f 173 139 407
f 999 1046 1295
f 1969 541 1642
f 544 1509 1527
f 2005 2224 2266
f 247 162 424
f 2032 2282 1847
f 2393 2224 2005
f 1155 987 1029
f 1040 871 1130
f 2391 181 2397
f 2145 2374 1025
f 1800 156 2267
f 363 2345 1403
f 1494 1895 1847
f 2039 1659 1895
f 187 2190 4
f 1608 933 1058
f 44 2334 188
f 1929 1088 1309
f 1843 1093 2374
f 69 1666 2050
f 1667 522 68
f 68 522 2391
f 1930 2093 1801
f 1801 1080 1930
f 96 1675 1480
f 2311 2185 2404
f 319 734 1414
f 1555 1719 330
f 143 374 141
f 1262 1155 1084
f 636 1455 2406
f 2272 2195 1681
f 1716 697 698
f 697 1716 699
f 2180 1713 2307
f 2307 1713 1686
f 2365 1113 2387
f 1451 2278 2312
f 1796 1202 1114
f 1789 1453 661
f 1262 1191 1155
f 661 2070 664
f 1207 1794 1284
f 1117 1174 1172
f 2224 707 2266
f 1429 1716 698
f 1921 683 2279
f 2062 1398 2345
f 2369 2373 1206
f 2412 1433 2074
f 697 1909 698
f 2012 2279 2280
f 261 292 1421
f 1717 1904 2013
f 1717 730 1419
f 192 1431 2016
f 1404 1410 1407
f 1868 2169 729
f 2169 2131 741
f 2168 1413 2314
f 277 291 756
f 336 340 1403
f 1172 1242 1128
f 2340 1903 2319
f 348 53 365
f 331 1399 340
f 331 1718 1406
f 218 316 1390
f 773 1515 318
f 2238 792 2105
f 1383 421 789
f 421 779 789
f 2263 2234 2235
f 815 816 427
f 830 2408 429
f 902 1352 862
f 36 372 35
f 460 1380 2004
f 681 906 927
f 466 1701 469
f 1701 472 469
f 2336 554 1376
f 1218 1230 2401
f 1342 641 654
f 1237 1093 1141
f 1083 1147 1239
f 878 2133 1998
f 1111 1102 1101
f 865 1755 629
f 1350 1998 625
f 1346 1350 625
f 907 595 613
f 902 674 1352
f 2171 2086 2398
f 2077 903 1764
f 711 654 653
f 711 628 1342
f 1188 457 1280
f 326 514 1899
f 693 701 714
f 890 1331 1860
f 95 218 780
f 1016 1092 1245
f 1015 1007 2394
f 1815 972 731
f 1052 1268 1051
f 1416 1855 735
f 890 1860 1560
f 1168 1056 2138
f 1197 1056 1168
f 1051 1268 1198
f 1100 917 1293
f 1185 1268 1186
f 1692 981 1448
f 986 971 969
f 977 1136 969
f 2086 970 1288
f 755 950 778
f 1169 1256 1187
f 1027 978 1887
f 1268 1185 1150
f 1056 2137 2138
f 362 144 140
f 272 142 199
f 280 685 278
f 278 217 199
f 46 60 11
f 1360 1599 1961
f 95 2238 590
f 1232 1219 1111
f 1104 1111 1219
f 404 67 46
f 2086 2087 979
f 367 772 1390
f 985 923 1032
f 457 853 1277
f 1280 457 1277
f 968 1367 1359
f 1360 1961 1140
f 1148 1146 1149
f 856 1370 1038
f 1787 1341 1389
f 1103 1121 1369
f 1122 1121 1103
f 852 809 1968
f 1293 917 1097
f 1290 1097 1110
f 883 1041 885
f 885 1041 117
f 1097 1290 1370
f 34 32 31
f 1293 1097 1411
f 1277 1968 1411
f 872 497 874
f 31 497 872
f 1842 1297 1296
f 2389 2392 221
f 1090 1881 1294
f 1709 1272 1647
f 917 1108 926
f 1369 1108 1103
f 802 1134 809
f 1103 1108 917
f 1372 1108 1374
f 1140 1378 1290
f 1378 1140 1367
f 964 988 1158
f 1973 1619 532
f 1374 1124 1283
f 1378 1287 1255
f 1008 1324 1311
f 1009 1006 452
f 1122 1886 1124
f 1420 1516 1243
f 2022 1516 1420
f 1516 2080 1448
f 2082 1448 2080
f 355 384 772
f 995 1883 1179
f 2297 681 924
f 1948 937 1430
f 1763 553 924
f 1711 2136 960
f 2098 1019 1017
f 780 386 2238
f 2082 2080 2229
f 862 1352 860
f 692 1860 1331
f 1896 2229 2077
f 2139 952 953
f 1160 1336 1335
f 2080 2181 2075
f 2075 2229 2080
f 617 1861 1751
f 847 850 846
f 1366 2077 2229
f 2229 889 1366
f 371 782 405
f 943 617 603
f 1035 1039 1180
f 2181 2254 1364
f 1364 2075 2181
f 1366 903 2077
f 574 922 2063
f 2075 889 2229
f 889 888 1366
f 826 936 823
f 1205 1204 1183
f 1078 990 1173
f 1146 1186 1052
f 994 1525 1198
f 313 1400 747
f 1891 1035 1180
f 1366 2073 903
f 1364 889 2075
f 2153 1757 847
f 880 882 527
f 2257 889 1364
f 1914 2387 1958
f 1037 1035 1891
f 747 1400 746
f 836 539 540
f 865 1701 505
f 535 492 2144
f 511 2144 492
f 1748 903 2073
f 1030 1048 1056
f 2073 2257 1373
f 1882 2325 2414
f 1662 135 1542
f 916 2066 2088
f 556 1553 555
f 2386 2189 2246
f 813 2066 812
f 828 2064 436
f 812 1368 438
f 1803 1204 1203
f 434 830 429
f 1139 1330 1259
f 1265 1081 1033
f 1228 1151 1185
f 1288 2398 2086
f 430 812 799
f 813 430 2057
f 68 59 652
f 442 2057 421
f 2064 2105 792
f 388 773 779
f 643 642 644
f 1104 2398 1288
f 669 435 1484
f 563 524 180
f 2317 1075 2141
f 799 795 400
f 375 2238 2105
f 437 795 799
f 792 401 805
f 1386 805 401
f 1658 614 1480
f 1082 1190 2392
f 136 144 1454
f 2057 388 779
f 1231 1217 1050
f 437 399 795
f 569 568 1899

