# https://github.com/mikedh/trimesh
v 0.24532796 0.22410785 0.30121204
v 0.21621300 0.21038824 -0.32187912
v 0.16602474 0.02633525 0.36250892
v 0.16845649 0.22769131 -0.39863226
v 0.19637902 0.14810449 -0.15909480
v 0.19236094 0.20831132 0.02807713
v 0.21088940 0.14686806 -0.11808256
v -0.20869841 0.21104378 -0.17293049
v 0.20439444 0.14266457 0.28488901
v 0.06244050 0.21042900 -0.34453726
v 0.24640344 0.22431512 0.27478468
v 0.25480199 0.22792700 -0.37274301
v 0.25292131 0.21045019 -0.21780850
v 0.20437901 -0.03745800 0.32059401
v 0.19016087 0.14682432 0.23348475
v 0.19799350 0.14651582 -0.15280460
v 0.21087749 0.14935274 -0.12145787
v 0.21155210 0.14721671 -0.13729568
v 0.24569863 0.22201887 0.33793274
v 0.05534425 0.21175800 -0.39906225
v 0.16106169 0.15020081 -0.31340200
v 0.21401288 0.07397488 -0.32220200
v 0.25246140 0.22620988 -0.16372569
v 0.25097588 0.22798981 -0.17613900
v 0.19707534 0.14758047 -0.19639219
v 0.01138738 0.15837269 -0.34712949
v -0.05958388 0.22404869 0.40016451
v 0.25590900 0.22592799 -0.37307301
v 0.20894174 0.14573775 -0.06123669
v 0.21059385 0.14667752 -0.08754262
v 0.21158485 -0.04023939 -0.32139227
v -0.11892975 0.23024538 -0.40195736
v 0.18436275 0.20339094 0.40264896
v 0.21285237 0.10144038 -0.31938788
v 0.24527268 0.20615743 0.19986799
v 0.25243175 0.22728807 -0.18219137
v 0.02445400 0.22882526 -0.40021250
v 0.20921907 0.20821676 0.03128144
v 0.20764266 0.20672038 0.05942728
v 0.21367601 0.20494349 -0.31777149
v 0.21302550 0.21002150 -0.31393251
v 0.21456388 0.21053062 -0.30194125
v -0.10916575 0.22949199 -0.40296301
v 0.19167399 0.20677949 0.11212300
v 0.24485201 0.22541900 0.24446400
v 0.25288740 0.22541840 -0.20590019
v 0.17472963 0.13326487 -0.35954389
v 0.19760659 0.14768237 -0.22251272
v -0.00770850 0.17831990 -0.36151156
v 0.13682087 0.14890650 -0.34437299
v 0.18835500 0.14376800 0.29524899
v 0.20843773 0.20756984 0.01435031
v 0.21280697 0.21018527 -0.29800430
v 0.21012925 0.14636225 -0.06196481
v 0.04326509 0.21153156 -0.36102656
v 0.17382650 0.15050276 -0.33170101
v 0.17501800 0.14680301 -0.33203101
v 0.14987597 0.14949097 -0.36066669
v -0.24865150 0.22943500 -0.23667499
v -0.24739960 0.23047644 -0.22518493
v -0.06054050 0.21209700 -0.36289626
v 0.19135424 0.20680051 0.12220863
v 0.17466612 0.14350501 -0.35785949
v 0.24512750 0.22272165 0.35463706
v 0.19466013 0.20816222 -0.05678584
v 0.12537169 0.21654062 -0.06146416
v 0.25130630 0.22696166 -0.08676894
v 0.21323100 0.14769951 -0.23206550
v 0.19092600 0.22754663 -0.39844975
v 0.19904324 0.22832900 -0.39731926
v 0.11535909 0.22008646 -0.07975443
v -0.10002750 0.21111625 -0.36227876
v 0.11555950 0.22202544 -0.07957032
v 0.17591025 0.14382599 0.29165599
v 0.11796500 0.22133000 -0.07609275
v 0.19389689 0.20910724 -0.06359739
v 0.24785100 0.22483163 0.17813163
v 0.17022300 -0.15592900 -0.35969299
v 0.21294300 0.14734501 -0.24557200
v 0.11964975 0.21832712 -0.07033913
v 0.17290038 -0.03025475 -0.36042199
v 0.21366781 0.14789000 -0.26283249
v -0.22075026 -0.22772887 0.34439611
v 0.21292172 0.14736691 -0.27533609
v 0.20528218 0.14386618 -0.31946626
v 0.21424606 0.13335185 -0.35800326
v 0.24888898 0.20875563 0.06367253
v 0.24726212 0.20758988 0.08032638
v 0.10658097 0.21167557 -0.35993943
v 0.17358762 -0.00133113 -0.32006937
v 0.16986606 0.20512125 0.29422736
v 0.11211400 0.22043049 -0.06666750
v 0.15784900 0.16049363 0.30808449
v -0.21948101 -0.22866300 0.34978750
v 0.12784524 0.21011850 -0.34352699
v 0.16375250 0.18763663 -0.30900338
v 0.11291300 0.22337700 -0.06622300
v 0.24836642 0.22569314 0.11292137
v 0.20999700 0.20860501 -0.09415825
v 0.20509744 0.17795312 0.32393149
v 0.14485000 0.20591800 0.40397999
v 0.25196350 0.21034326 -0.13079225
v 0.20350875 0.16824268 0.32270020
v 0.19536981 0.20857953 -0.10854978
v 0.21432000 0.14761050 -0.30823451
v 0.24914877 0.20895980 0.03173747
v 0.17024826 0.22172068 0.40409535
v 0.13186200 0.21362200 -0.02439600
v 0.24559151 0.22658113 0.12861750
v 0.12739401 0.21088424 -0.35917076
v 0.19368038 0.20466912 -0.17611982
v 0.19340876 0.20889038 -0.17071262
v 0.19571251 0.20930900 -0.16862801
v 0.21002451 -0.05434175 -0.31991699
v 0.24703285 0.22690506 0.06617625
v 0.24193582 0.22081207 0.38742557
v 0.24900563 0.22584425 0.09235538
v -0.20674001 0.17162825 -0.32543036
v 0.21265869 0.20774350 -0.27102655
v 0.21268839 0.21024741 -0.26695451
v 0.25408760 0.21136381 -0.29147613
v 0.21179113 -0.05806081 -0.32230613
v 0.17993701 0.21041550 -0.36264026
v 0.10878707 0.20436801 0.40287030
v -0.06289450 0.22488400 0.39846501
v 0.11303081 0.22056241 -0.05086747
v 0.24742725 0.22712125 0.03678750
v 0.21092118 0.20919065 -0.15562959
v 0.14659899 0.15487887 0.31649512
v 0.16758791 0.14332446 0.33114845
v 0.21123944 0.20944306 -0.17180732
v 0.11365362 0.21913850 -0.04381413
v 0.11657272 0.22176363 -0.04418537
v 0.25077730 0.20981801 -0.06798347
v 0.12605116 0.21439065 -0.02740753
v 0.25020406 0.22380662 -0.02438431
v 0.12738287 0.21593037 -0.02168250
v 0.21544807 0.18375219 -0.35720366
v 0.21176162 0.20951962 -0.23144306
v 0.17484140 0.20975618 -0.35990265
v 0.24872625 0.22762913 -0.04590163
v -0.18199600 -0.22843100 0.35246599
v 0.25058317 0.22699805 -0.03850900
v 0.25219834 0.21075609 -0.16745244
v 0.25323957 0.22741595 -0.22844607
v 0.25357130 0.22517188 -0.24567109
v 0.25356063 0.22732231 -0.26135975
v 0.13120100 0.21173653 -0.01203731
v 0.24985147 0.22775550 -0.09736897
v 0.25174069 0.22637419 -0.10120228
v 0.25260687 0.21049482 -0.18746069
v 0.08518913 0.20489900 0.34474713
v 0.20453000 0.09598600 0.32312900
v 0.25210494 0.22720891 -0.14569725
v 0.11815488 0.21676962 -0.03716356
v 0.25298840 0.21080087 -0.20577481
v -0.06650725 0.14949250 -0.34964201
v 0.20935774 0.14586706 -0.00772356
v 0.21510115 0.20938350 -0.35145780
v 0.21155275 0.21084450 -0.35948849
v 0.21656013 0.20069450 -0.35310262
v 0.20925750 0.20946850 -0.36052501
v 0.04136167 0.14347029 0.34468549
v 0.25318563 0.21079752 -0.23677063
v -0.12106000 0.21118000 -0.34738699
v 0.13258031 0.21291794 -0.00984962
v 0.13114119 0.21318351 -0.00673056
v 0.25258094 0.21029250 -0.26748538
v 0.25227287 0.22772688 -0.20257975
v 0.20609482 0.14468019 0.17436890
v -0.06753594 0.15105744 -0.36392981
v 0.20589040 0.14377010 0.19374079
v 0.25393501 0.21082975 -0.36369774
v 0.18931650 0.20706600 0.16161400
v 0.12865350 0.21424288 -0.00693463
v 0.24808712 0.22777250 -0.38677126
v -0.17865500 0.22933519 -0.40428174
v -0.21801101 -0.22668275 0.35307351
v -0.22076012 -0.22685488 0.31696674
v 0.16447200 0.13725325 0.36370251
v -0.18852513 -0.22731538 0.31312951
v -0.18175425 -0.21969976 0.35358274
v -0.21926719 -0.19511925 0.31370175
v -0.22022375 -0.16633031 0.31521875
v -0.18089412 -0.20783244 0.35245645
v -0.20813537 0.21120769 -0.21048394
v -0.21917550 -0.13112359 0.35267904
v -0.18150303 -0.18379435 0.31372681
v 0.21177743 0.20976034 -0.21738897
v -0.21986400 -0.10333800 0.31593043
v -0.18028937 -0.10748888 0.35380614
v 0.20459825 0.20512176 0.23261088
v -0.18145512 -0.10415525 0.31468213
v 0.14739928 0.14893347 0.36273941
v 0.25486025 0.21148637 -0.33276176
v -0.20990938 -0.20906851 -0.32658350
v -0.06898963 0.15088893 -0.34858924
v 0.16089100 0.21008863 -0.35842401
v 0.11151025 0.22205150 -0.01411050
v -0.17266050 -0.22254799 -0.32592851
v -0.24654016 0.21233048 -0.24754210
v 0.19707100 0.20941199 -0.23085700
v 0.21138950 0.20992050 -0.20561200
v -0.17042100 -0.22222000 -0.36361000
v 0.14228350 0.14402050 0.36740500
v 0.20331401 0.18421800 0.32386699
v 0.20179975 0.08664587 0.36390361
v 0.16666663 0.01273325 0.32041624
v -0.17961556 -0.01931981 0.31721801
v -0.17948262 0.00782187 0.35562068
v 0.07301420 0.20425962 0.34567839
v -0.18012013 0.00279688 0.31612849
v -0.17180800 -0.15187825 -0.32531601
v -0.17950828 0.02776366 0.35510400
v -0.20978551 -0.10012425 -0.32725251
v 0.20563172 0.06647001 0.32350430
v 0.12706037 0.14244932 0.36206669
v -0.17073800 -0.10793850 -0.36512449
v 0.12897463 0.21316350 0.00817387
v -0.19346969 0.21125783 -0.16142960
v -0.03755156 0.22915788 -0.40177643
v 0.16728576 -0.23074125 0.35494751
v 0.16731587 -0.22905651 0.32729712
v 0.12923101 0.21329200 0.00374900
v 0.12564306 0.21579824 0.00325262
v 0.12232307 0.21689665 0.00094538
v 0.20498818 -0.22974175 0.33778623
v 0.20285900 -0.23003325 0.31785199
v 0.11762581 0.22202419 0.00013250
v -0.17828298 0.11574241 0.35708892
v 0.17171444 -0.06740937 -0.32159618
v -0.17763020 0.12959543 0.35671717
v -0.08117775 0.15098050 -0.36419675
v 0.12365846 0.21716799 0.00652419
v -0.18098301 0.13439400 0.31754899
v 0.25520563 0.21158776 -0.34994563
v 0.18974151 0.20616400 0.17845926
v -0.17846499 0.14215103 0.35708889
v 0.08329650 0.16970751 0.34570149
v 0.16488762 -0.13389331 0.35742119
v 0.11375593 0.22225563 -0.00873713
v -0.20141347 0.15575482 0.27027348
v -0.17739931 0.14299582 0.34331986
v -0.18082163 0.14357831 0.32463324
v -0.21589825 0.14588623 0.21622625
v 0.11465019 0.22155228 0.00801656
v -0.18916625 0.16117337 0.35945112
v -0.19039075 0.15765616 0.35802683
v 0.12710500 0.21509588 0.01665412
v -0.00011800 0.21179050 -0.36164275
v -0.25617149 0.20798688 0.32374087
v 0.19433144 0.14648457 -0.01720344
v 0.19548234 0.14527017 -0.00570536
v -0.25488529 0.20709580 0.31218630
v -0.20086648 0.14538822 0.25104707
v 0.20777500 -0.11426500 -0.31944400
v -0.17770100 0.16059300 0.36000299
v -0.17766824 0.15312800 0.35691899
v 0.25419101 0.21165100 -0.37420276
v 0.07442475 0.17088887 0.34175912
v 0.07366050 0.17023724 0.34482300
v -0.22017249 -0.20651656 0.35134718
v 0.14507250 0.22860962 -0.39762089
v -0.18019120 0.21026826 -0.36607620
v -0.18411131 0.21163759 -0.36482134
v 0.16549125 -0.14647463 0.35834801
v -0.20062058 0.14667290 0.23233557
v -0.21484937 0.14634013 0.16688125
v -0.24702454 0.22945216 -0.27982700
v -0.20020238 0.14581060 0.20763262
v 0.13060325 0.21315734 0.02886245
v -0.20092894 0.15287606 0.23158894
v 0.20392799 0.03695800 0.36120701
v 0.12408575 0.21911100 0.02838925
v -0.25575307 0.22465087 0.30563080
v 0.18699776 0.20253199 0.17607149
v -0.25480801 0.20899788 0.22927424
v -0.21830900 0.20544749 0.34133074
v 0.02322856 0.20454994 0.36001369
v -0.19980617 0.14605559 0.17026757
v 0.25564364 0.22654846 -0.34271476
v -0.22410415 0.22265391 0.39832857
v 0.11567350 0.22200750 0.01751200
v 0.11680640 0.21977928 0.02427678
v -0.21810931 0.19132556 0.31858939
v 0.25662720 0.22593987 -0.36177292
v -0.21438316 0.14749384 0.10999887
v -0.22403400 0.22968000 -0.40354899
v -0.16956840 0.15568909 0.30175692
v -0.19926190 0.14650472 0.15369025
v 0.21292175 0.02437750 -0.32260337
v -0.21275781 0.14663400 0.07993750
v -0.21343812 0.15015049 0.08207725
v -0.25552252 0.22562949 0.25686133
v -0.25428310 0.20942609 0.18799122
v -0.19936299 0.14674838 0.13325524
v -0.25405633 0.20994028 0.16861947
v 0.12875515 0.21274209 0.02936684
v -0.18067831 0.20654756 0.39849076
v 0.24944171 0.22618531 0.03653672
v 0.09096556 0.14192051 0.35866258
v -0.25347924 0.20975238 0.15031375
v -0.18154913 0.20596550 0.35934812
v -0.18555906 0.20520869 0.35842186
v -0.25341895 0.22758409 0.19696169
v 0.12364725 0.21622474 0.02849756
v 0.12063137 0.21712078 0.03036100
v -0.17902750 0.19836988 0.35837287
v 0.02328500 0.20445900 0.40090001
v -0.25445434 0.22664496 0.19287315
v -0.17757399 0.20523450 0.35709101
v -0.25335425 0.21030900 0.12013100
v -0.12312750 0.15158100 -0.34914574
v 0.16534306 0.06320050 0.32236665
v 0.20343375 0.20200025 0.36386412
v -0.09657316 0.14395884 0.34254766
v -0.21218337 0.14802900 0.00276619
v 0.20849399 0.14537574 0.04650544
v 0.08246569 0.14261532 0.34536508
v 0.19219156 0.14480303 0.11131343
v 0.21128160 0.02078822 -0.31962216
v -0.19217800 0.14938000 -0.32358199
v 0.19043462 0.19400175 0.17591175
v -0.25367624 0.22302274 0.16007125
v -0.18701431 0.20632969 0.28737888
v -0.20071800 0.20711499 0.27232501
v 0.00351120 0.22052459 0.40216032
v 0.18856250 0.19373050 0.17317151
v -0.16194925 0.18867999 0.30705374
v 0.17155194 -0.11557025 -0.32100937
v 0.20361032 -0.10670925 0.35932067
v -0.25251406 0.22843544 0.13810050
v 0.11216678 0.22097081 0.03861500
v 0.11696656 0.22024432 0.04051312
v -0.25393912 0.22687562 0.13333650
v -0.20734949 0.21120037 -0.36165601
v -0.20822525 0.21250349 -0.35478774
v 0.20771900 0.14480200 0.05491250
v -0.21430062 0.20791624 0.17532997
v -0.19963869 0.20768587 0.20058821
v -0.19675200 0.14817794 -0.01379875
v 0.20894082 -0.15037043 -0.35988149
v -0.20685500 0.21231700 -0.33185101
v -0.25347719 0.22717375 0.10580175
v -0.25171024 0.22882350 0.08767600
v 0.11316387 0.21975681 0.02784687
v -0.19630775 0.14837235 -0.05309799
v -0.19660901 0.14791900 -0.02986600
v -0.09019037 0.14390688 0.35789612
v 0.11718153 0.21754408 0.02887003
v -0.25334099 0.22736788 0.07379413
v 0.11546587 0.22117124 0.03398175
v -0.25129676 0.21180275 -0.00810050
v -0.20650296 0.09014653 -0.32529306
v -0.19912200 0.20798001 0.16683450
v 0.12126932 0.21437554 0.02609028
v -0.20643413 0.21148901 -0.31387901
v -0.25286949 0.22714375 0.06102281
v -0.14537869 0.20627519 0.32944906
v -0.14985469 0.20533632 0.32571688
v -0.00433934 0.19533153 0.34245971
v -0.02117641 0.22378275 0.40134194
v 0.12637863 0.21364599 0.05322122
v -0.19785500 0.20761500 0.16441099
v -0.21038991 0.14931048 -0.11804075
v 0.04731256 0.14212132 0.34572369
v -0.25208238 0.22506556 0.03229325
v 0.12430269 0.21577013 0.05699400
v 0.06418875 0.14956225 -0.34603199
v 0.16546731 -0.05059178 0.36005643
v -0.01364200 0.19927400 0.34408501
v -0.02356181 0.22216506 0.40186256
v -0.19672337 0.20929213 0.12682062
v -0.20827200 0.20072649 -0.32705501
v -0.21305366 0.20900072 0.08261622
v -0.21418899 0.20971499 0.08943425
v -0.24430500 0.23038299 -0.34331194
v -0.20612800 0.21087700 -0.32401401
v 0.25053689 0.22443525 -0.38376889
v -0.21015576 0.14995547 -0.14104125
v -0.13350900 0.20619850 0.34150901
v 0.20382610 0.20385616 0.28475529
v -0.11824825 0.20620781 0.39911351
v -0.25062057 0.22931106 0.01601894
v 0.11764525 0.21808572 0.04269980
v 0.12195288 0.21564050 0.04443475
v 0.16873451 -0.22274619 -0.34790212
v -0.24530600 0.23078200 -0.32848999
v 0.11613325 0.21865697 0.09410347
v -0.25016457 0.22942907 -0.00535031
v -0.20985231 0.14991651 -0.16954751
v 0.11758313 0.21534149 0.09242031
v 0.11987700 0.21474031 0.09571578
v 0.12034778 0.21243601 0.09327944
v -0.24915662 0.21115388 -0.06369500
v -0.25014937 0.21259557 -0.08560619
v -0.19459102 0.14940117 -0.13237214
v -0.21231960 0.20898628 0.04544559
v -0.18253949 -0.22867100 0.31647551
v -0.21200050 0.20965737 0.02355656
v -0.21303375 0.21035124 0.01594288
v -0.18096200 -0.22732300 0.31389701
v 0.20729329 0.14472488 0.12786216
v -0.24982537 0.21283813 -0.10508437
v 0.19318019 0.14685024 0.02515038
v 0.16364488 0.20411162 -0.30840889
v 0.18908894 0.20483494 0.26208937
v 0.12451575 0.21096684 0.05604578
v -0.16810074 0.14167275 -0.36422801
v -0.19649351 0.20972931 0.07914900
v -0.19765256 0.20907119 0.07008650
v -0.19338410 0.21100500 -0.17799519
v -0.19453447 0.14922260 -0.16083556
v -0.21159475 0.20959251 -0.00344587
v 0.13124125 0.21143550 0.05831812
v 0.12517397 0.21182294 0.06080972
v -0.25086480 0.22813062 -0.04557637
v -0.19476651 0.15781456 -0.14125781
v 0.11491819 0.21726125 0.08607175
v -0.24616633 0.23069391 -0.26592863
v 0.11810444 0.21610913 0.08744188
v 0.17199650 -0.15994237 -0.36174074
v -0.19312000 0.21142951 -0.13756700
v -0.25011232 0.22863194 -0.06369638
v -0.04480875 0.22233984 0.40147448
v 0.12198881 0.21237993 0.08774112
v 0.21050949 -0.18324125 -0.32279050
v -0.20837231 0.15019067 -0.24563476
v -0.04883909 0.20453426 0.34376878
v 0.11398503 0.22148204 0.04863966
v -0.24942350 0.22984700 -0.08515362
v -0.21135384 0.20984362 -0.01721997
v 0.11687900 0.22047301 0.05741787
v -0.21248619 0.21069187 -0.02601125
v -0.05021400 0.20356275 0.35863075
v 0.21229576 0.03718550 -0.31992418
v -0.19360071 0.14952165 -0.21204458
v -0.24558300 0.23073076 -0.28633624
v 0.23088300 0.20324799 0.39826900
v -0.19674262 0.20957799 0.01055594
v -0.24922875 0.21296825 -0.14291488
v 0.11922833 0.21654411 0.08191559
v -0.16903307 0.09267288 -0.32566249
v 0.11734028 0.21442944 0.07859081
v -0.08562700 0.20598650 0.34179124
v -0.16943000 0.13674299 -0.32491201
v 0.20435868 -0.01640975 0.35912138
v 0.12225094 0.21337003 0.07685425
v 0.20832300 -0.19477800 -0.32120901
v 0.12175813 0.21176174 0.08084562
v 0.17167413 -0.18219163 -0.32101399
v 0.12615193 0.21161462 0.08021995
v -0.19478779 0.21015169 -0.10377597
v -0.19353107 0.21120219 -0.10852963
v -0.20921688 0.21057443 -0.14268374
v -0.16812950 0.11524175 -0.36457750
v -0.07810650 0.20566300 0.35928050
v 0.12097200 0.21904100 0.08319500
v -0.00333038 0.14234294 0.35790625
v 0.24768776 0.20797606 0.04037950
v 0.25331649 0.22800300 -0.34422275
v 0.24993469 0.20928276 -0.00545731
v -0.19523750 0.21063825 -0.01939931
v 0.20733014 0.14479752 0.10861699
v -0.24707174 0.21214719 -0.21374738
v -0.20705481 0.15003145 -0.29077870
v -0.20771353 0.15049922 -0.30767626
v 0.02553537 0.14195788 0.34599888
v 0.12448106 0.21556118 0.07463219
v -0.16820949 0.15065050 -0.33605549
v -0.16821282 0.14831103 -0.35585684
v 0.07846650 0.14970049 -0.34607711
v 0.20267382 0.21868800 0.40438426
v 0.11573280 0.21718827 0.06623161
v 0.19575883 0.20867582 -0.14163280
v -0.19215375 0.14988124 -0.28191087
v -0.06666803 0.20484056 0.35864344
v -0.20667700 0.15018800 -0.32441801
v -0.20726825 0.21125589 -0.26230007
v -0.09089869 0.22406372 0.39981291
v 0.12441275 0.21091087 0.07576787
v 0.12185944 0.21222425 0.05427952
v -0.16911826 0.10347263 -0.36507019
v -0.21102025 0.21128650 -0.09458250
v -0.19461872 0.21097957 -0.07069053
v 0.16926099 -0.21115126 -0.36028150
v -0.20824769 0.17045006 -0.32718968
v -0.19532201 0.21032585 -0.07515742
v -0.22075333 -0.20858553 0.32876739
v 0.12146185 0.21607071 0.08592856
v -0.21015278 0.21003366 -0.08962700
v 0.11798772 0.21890409 0.08772910
v 0.20798700 0.14514312 0.08584738
v -0.20343725 0.14820094 -0.32512695
v 0.20659475 0.14428450 0.09195800
v 0.17400625 0.06358937 -0.36015788
v 0.12818900 0.21234900 -0.39918801
v 0.20691074 -0.22429176 -0.35969824
v 0.11275487 0.22003213 0.06370800
v -0.19202849 0.20843887 -0.19744393
v 0.11583769 0.22052710 0.06596709
v -0.24737699 0.23055750 -0.20155901
v -0.24830647 0.22806516 -0.22338940
v 0.25502199 0.22259100 -0.37296501
v -0.24701115 0.21326780 -0.28314626
v -0.20767437 0.15695225 -0.27837518
v -0.17981350 -0.21155925 0.31574824
v 0.01107100 0.19981694 -0.34411982
v -0.18063994 -0.20237650 0.31429887
v 0.21110037 0.20928000 -0.09365413
v -0.08460513 0.20479806 0.34324375
v -0.24586913 0.21378638 -0.37376174
v -0.20749600 0.13744700 -0.32553899
v -0.20607349 0.14932725 -0.28599375
v -0.19312181 0.15002987 -0.23649688
v -0.03339000 0.20547099 0.35981950
v 0.17372775 0.05250769 -0.35984075
v -0.20759612 0.14962238 -0.26586601
v 0.16446479 0.01571097 0.36084327
v 0.20460249 -0.05335850 0.32050899
v -0.19417962 0.15060994 -0.19374287
v -0.02942784 0.20571081 0.40106878
v -0.24997863 0.22757424 -0.09626325
v 0.20551887 0.20361325 0.34440199
v -0.15320849 0.15014650 -0.32109600
v -0.19131087 0.19100088 -0.28071249
v -0.24820057 0.21158159 -0.11504800
v 0.11882728 0.21547341 0.04177059
v -0.24483649 0.21267763 -0.34456176
v 0.16674325 -0.04837013 0.31945512
v -0.20854574 0.12083700 -0.32701275
v -0.19633538 0.21003300 0.04310925
v -0.17156400 0.15120700 -0.33251700
v -0.20913909 0.15010585 -0.22592084
v 0.11239844 0.22163250 0.04262669
v -0.20855616 0.15275174 -0.22549887
v -0.11653600 0.20581225 0.35940900
v -0.24636546 0.21380214 -0.33346558
v -0.19190150 0.21028900 -0.27832201
v 0.11531775 0.21821359 0.03592656
v -0.15673187 0.15076526 -0.31610551
v -0.19052707 0.20480518 -0.19683306
v -0.19133900 0.20480363 -0.20217063
v -0.19194350 0.21174724 -0.19013575
v -0.19238712 0.21048550 -0.19176137
v 0.20181300 0.22217532 0.40456182
v -0.24670044 0.22762041 -0.30817035
v -0.01350000 0.20555200 0.34372100
v -0.05757200 0.14374709 0.34290770
v -0.02983653 0.14327687 0.34362406
v 0.17492437 0.07441950 -0.36010462
v 0.16641563 0.05213281 0.36335382
v -0.24373551 0.23072375 -0.31520951
v -0.19815437 0.20842600 0.10616113
v -0.19852249 0.20855753 0.12713709
v -0.19709963 0.14779775 -0.07294091
v 0.20585419 -0.09800740 0.32098117
v -0.14722760 0.22011518 0.39933500
v -0.01305931 0.22783807 -0.40128681
v -0.07647356 0.14273119 0.34434843
v 0.00854825 0.14298663 0.34420475
v -0.16827807 0.05905275 -0.36373401
v -0.20779257 0.09776253 -0.32411674
v 0.19359365 0.14615650 0.00084394
v 0.19264537 0.14785637 0.08113837
v 0.21101463 -0.16108251 -0.32313150
v 0.21340950 -0.16329688 -0.32458588
v -0.21014431 0.14923926 -0.13086499
v 0.16564521 0.00041975 0.36167917
v 0.02080450 0.21145700 -0.34367001
v 0.02071950 0.21028450 -0.34496099
v -0.20774449 0.21238799 -0.31492251
v 0.18564551 0.20157599 0.16936350
v -0.20947900 0.14829426 -0.10215788
v -0.20849074 0.20828182 -0.33016568
v 0.20069075 0.20368850 0.36830676
v 0.20560500 0.02273569 0.32322094
v -0.19666751 0.20370781 0.15678699
v -0.16826768 0.04315544 -0.36408469
v 0.19859950 0.20309550 0.36576250
v -0.15879782 0.16830775 -0.31039912
v -0.18049949 -0.15641350 0.35310549
v 0.16600087 -0.08620188 0.31968564
v 0.12108475 0.22033150 0.01909347
v 0.16607624 0.19847350 -0.30294725
v -0.20861757 0.07481887 -0.32665688
v 0.12766470 0.21385248 0.02472423
v -0.25169405 0.22853306 0.10834005
v 0.12156500 0.21708187 0.01733997
v -0.17926387 0.20603225 0.29500511
v 0.17096469 -0.13320047 -0.36021835
v 0.11958622 0.22139300 0.01464394
v -0.21535887 0.20902713 0.16169512
v 0.12123057 0.21398896 -0.00164142
v -0.17091347 0.20687103 0.30143771
v 0.20986500 -0.15052600 -0.32534000
v 0.18046184 0.20571235 0.16987351
v -0.21190777 0.14837034 -0.02462975
v -0.21058200 0.14759725 -0.02934250
v 0.20478906 -0.14085069 0.31875443
v -0.16881500 0.19681799 0.30450800
v -0.17053194 0.03599850 -0.32488081
v -0.21486725 0.20767801 0.20691700
v -0.10777625 0.15006506 0.34255606
v -0.20050563 0.20674551 0.25454730
v -0.19922106 0.20805612 0.23200868
v -0.16190350 0.19062901 0.31227100
v 0.16438624 0.07778087 0.36280525
v -0.09646525 0.14264850 0.35615376
v 0.22681862 0.22244625 0.40125850
v -0.25307888 0.22825401 0.15737325
v 0.19457918 0.14623450 -0.03419888
v -0.16948774 0.03546050 -0.32576224
v 0.04964250 0.14956850 -0.34621599
v -0.25283724 0.21055868 0.09226737
v 0.11398333 0.21974343 -0.01658455
v 0.12189600 0.21477132 -0.01172569
v -0.18023919 -0.14354494 0.31558812
v -0.01616862 0.21212068 -0.40010944
v 0.23589399 0.22086599 0.39585099
v -0.19892737 0.14696112 0.08130687
v -0.17911594 0.21182212 -0.29123631
v -0.16835751 0.15080100 -0.36515301
v -0.16285075 0.15208250 -0.36654326
v -0.20781524 0.04602475 -0.32574424
v -0.13292450 0.14360750 0.34194374
v -0.21352556 0.14786844 0.06672681
v 0.20249376 0.04799600 0.36314574
v -0.20070256 0.14595856 0.12183406
v 0.05685234 0.14272268 0.36024094
v -0.11827350 0.14394337 0.35755825
v -0.19975975 0.22286551 0.39896524
v 0.12354497 0.21641546 -0.01203884
v -0.15394425 0.19106050 -0.31365150
v 0.16616575 -0.09799725 0.35944876
v 0.18672401 0.20683450 0.17821351
v 0.18741681 0.20538181 0.16946749
v -0.19739531 0.20506656 0.35808501
v 0.14275225 0.21081975 -0.32737526
v 0.13151175 0.21425937 0.00519588
v 0.12097093 0.22220218 0.00530225
v 0.20481294 -0.00987231 0.32134932
v -0.19156350 0.21001887 -0.36548513
v -0.16906112 -0.01609950 -0.36447036
v -0.25578001 0.22505425 0.28753161
v -0.21300237 0.20575050 0.36256126
v -0.21437843 0.14707357 0.12748431
v 0.24452671 0.20453182 0.34914419
v -0.21482299 0.14670238 0.14049962
v -0.11740594 0.15118794 -0.36492482
v -0.20622531 0.23033275 -0.40420711
v -0.25456494 0.22572616 0.32941321
v -0.15664025 0.14366975 0.31801674
v -0.20775500 -0.00870412 -0.36466089
v -0.21695137 0.18689637 0.31617969
v -0.01361675 0.14251816 0.34477842
v 0.20492551 -0.18749800 0.35591850
v 0.18094037 0.20389338 0.36604863
v -0.15955649 0.16247649 -0.30901924
v -0.25670862 0.22300437 0.36713776
v -0.25562882 0.22481069 0.35524213
v -0.18575506 0.14364281 0.28928337
v -0.16981725 -0.01606225 -0.32643101
v 0.12551275 0.21680482 -0.00124769
v 0.12585625 0.21703126 -0.00357100
v -0.19500619 0.14330481 0.27942845
v -0.17097506 0.21180406 -0.36394212
v -0.16927551 0.20747550 -0.36482650
v 0.12595338 0.21533887 -0.00564762
v -0.18221587 0.14143053 0.32512018
v -0.09568188 0.14969362 -0.34926850
v -0.17897800 0.13358550 0.31942749
v -0.17920750 0.13762231 0.32932851
v 0.12307005 0.21598615 -0.01756847
v -0.24503700 0.20562001 0.39044201
v 0.12847750 0.21619500 -0.01853800
v -0.21627738 0.14553209 0.24521710
v -0.21596538 0.14417812 0.29226649
v 0.20509100 0.20518200 0.19842049
v 0.19487999 0.14987101 -0.04826600
v 0.10157986 0.15016526 -0.34565061
v 0.16763203 -0.16882423 0.31705683
v 0.10469131 0.14808100 -0.34653082
v 0.19126526 0.14413564 0.16365813
v 0.12823787 0.21287856 -0.02047419
v -0.21637337 0.14386338 0.31536612
v 0.05609351 0.22221206 0.40316743
v 0.20528044 -0.21956781 0.31710145
v -0.21396394 0.14266200 0.31675601
v -0.17884000 0.12278700 0.35732976
v 0.16498856 -0.17740056 0.35630599
v 0.12087850 0.14347351 0.34535801
v -0.17836006 0.10154238 0.31799969
v -0.17121688 -0.05771850 -0.32495126
v -0.17017449 -0.05879550 -0.32611424
v 0.20983450 -0.16606200 -0.32425025
v -0.21819919 0.15162553 0.35558721
v 0.20183125 -0.23053101 0.35609376
v -0.17785551 0.08565900 0.31928501
v 0.18528982 -0.22920699 0.31617764
v 0.07606128 0.20497507 0.40275741
v -0.17892826 0.09699528 0.35720322
v -0.17900175 0.09065650 0.35342950
v 0.11323407 0.22182809 -0.03681378
v 0.21392657 0.15072191 -0.29370728
v -0.20849125 -0.07216962 -0.32594875
v 0.03975425 0.21274000 -0.40049264
v 0.21056512 0.20893438 -0.05235825
v 0.19059099 0.20611200 0.16089550
v -0.18043526 0.06797800 0.31658775
v -0.17965575 0.05319925 0.31661099
v -0.17917931 0.07274190 0.35547423
v 0.11886200 0.14654450 0.34629449
v -0.21816650 0.07258762 0.31667736
v -0.17931506 0.04713500 0.35605556
v 0.13180344 0.21270375 -0.01670075
v -0.21886131 0.09934369 0.31826612
v -0.19172101 0.21183801 -0.20718950
v -0.18002075 0.02449525 0.31618482
v 0.24758001 0.22636025 0.13584200
v 0.20386600 0.07832737 0.32265463
v 0.17348699 0.02430650 -0.32002026
v 0.11699215 0.15064885 -0.34544510
v -0.17012362 -0.17053500 -0.36446869
v 0.14219975 0.14172000 0.36755401
v 0.13913050 0.14215150 0.36173475
v 0.20438956 0.14247054 0.25525197
v -0.18097113 -0.01677700 0.31567875
v -0.21934500 -0.01152612 0.31729582
v 0.16504237 0.11249013 0.32299450
v -0.17123900 -0.20185900 -0.32654387
v 0.20997672 0.14647299 -0.03887719
v -0.21059325 -0.22105025 -0.35209000
v -0.21067449 -0.22230101 -0.34150401
v -0.21887375 -0.07333037 0.31502876
v 0.11866881 0.21095219 -0.34310341
v 0.11489375 0.22116800 -0.08809250
v 0.11914513 0.21721557 -0.08223762
v -0.21904606 -0.17042300 0.31388181
v -0.18149735 -0.22113971 0.31332076
v 0.16563275 0.20376649 0.36477426
v -0.18114856 -0.22778897 0.34178615
v -0.21959525 -0.21340787 0.31325412
v 0.20766675 -0.20966887 -0.32095549
v 0.16411901 0.12040425 0.32603675
v -0.20119350 -0.22321600 -0.32877600
v 0.24558513 0.20607349 0.29212937
v 0.13029787 0.21316300 -0.07094025
v 0.25555363 0.21180426 -0.36308476
v 0.22023456 0.22730662 -0.39817074
v 0.16590425 0.12026312 0.32230338
v -0.13151351 0.21252900 -0.40188926
v 0.21365850 0.21119857 -0.39686963
v 0.25394046 0.21146369 -0.27530384
v 0.18571450 -0.05750131 -0.32000470
v -0.19137418 0.21207032 -0.25240374
v -0.19224460 0.21113253 -0.25421056
v 0.17034416 0.20512106 0.40337819
v -0.00306419 0.14911576 -0.34839442
v 0.18959260 0.14723963 0.25170520
v 0.21598651 0.21001799 -0.34029749
v 0.14281496 0.21964157 0.40434623
v 0.21597275 0.20624951 -0.35728499
v 0.16374324 0.13909650 0.34527200
v -0.20864800 -0.22305200 -0.36408800
v -0.18010643 -0.07496238 0.35405368
v 0.24573350 0.20596875 0.27066350
v 0.20429216 0.14234132 0.30286095
v 0.21242256 0.21002869 -0.28156799
v -0.17984256 -0.07766981 0.31708699
v -0.16952500 0.11480400 -0.32479700
v 0.25055349 0.20961900 -0.14721151
v 0.21225496 0.20976502 -0.25880983
v 0.06275856 0.21172825 -0.36005664
v 0.24788509 0.22457679 0.16659935
v 0.14710450 0.22761950 -0.39883849
v 0.16315900 0.21126100 -0.39746100
v 0.19104050 0.20773968 0.08849356
v 0.19232814 0.20687132 0.07647053
v 0.19736876 0.20964950 -0.27365074
v 0.15004949 0.21227112 -0.39884520
v 0.19587740 0.21017265 -0.22351444
v 0.17447613 0.11857125 -0.35961887
v 0.15320438 0.21103035 -0.35965374
v 0.15485163 0.14858675 0.31114861
v 0.15423025 0.14580950 0.31020099
v 0.17215900 -0.03008900 -0.35915399
v 0.25017095 0.20977244 -0.02674469
v 0.11917359 0.22305335 0.40357009
v 0.24905156 0.20882262 -0.05300013
v -0.17105275 -0.22150500 -0.33251500
v 0.15316574 0.15797625 0.30811325
v 0.16005237 0.21067162 -0.30992299
v 0.14345500 0.20883200 -0.32859999
v 0.21042454 0.20874441 -0.11918123
v 0.21391401 -0.05174600 -0.32969201
v 0.21186525 -0.05232500 -0.33115426
v 0.24587850 0.22183757 0.29773507
v 0.11743200 0.20440775 0.34605199
v -0.18024944 -0.05150631 0.31585518
v 0.21038450 0.14701012 -0.31863287
v 0.19639018 0.14783193 -0.18202306
v 0.19411582 0.20024188 -0.17283675
v 0.24863981 0.22483043 0.13885507
v 0.21467587 0.14795025 -0.31947449
v -0.24062750 0.21403500 -0.39360899
v 0.19144687 0.13985281 0.32382414
v 0.24652700 0.20666400 0.22257000
v 0.21443029 0.14841338 -0.29415917
v -0.10914925 0.21321350 -0.40251863
v -0.17180724 -0.21484637 -0.32557374
v 0.17119300 -0.00184000 -0.34422401
v 0.24855913 0.20828176 0.08716712
v 0.19518153 0.14734812 -0.31960544
v 0.17238951 -0.01105425 -0.35905451
v 0.18982750 0.14187700 0.27375650
v 0.20439100 0.03802600 0.32201400
v -0.18074401 -0.03140450 0.31562251
v 0.07778639 0.21182422 -0.35981461
v 0.24651663 0.20722719 0.11554381
v 0.24838750 0.20839709 0.10944119
v 0.21029125 0.20867775 -0.01655625
v 0.15159687 0.15783849 0.31193987
v 0.24534294 0.22589563 0.20193382
v 0.19385000 0.20728125 -0.00807725
v 0.18469401 -0.00015700 -0.31880200
v 0.18722844 0.14890331 -0.31916457
v -0.20713425 0.15326537 -0.30969912
v 0.19781104 0.14841875 -0.25928518
v 0.19886009 0.14761454 -0.27290338
v -0.07823175 0.21320599 -0.40203550
v 0.21456137 0.11368206 -0.35638124
v 0.20560531 0.13758300 0.32494968
v 0.17978409 0.14700684 -0.32426131
v 0.21499194 0.13715631 -0.32070726
v 0.20464525 0.12681469 0.32372168
v 0.21365000 0.11903725 -0.31971624
v 0.24690226 0.20717174 0.17529520
v 0.04990606 0.22790925 -0.39975724
v 0.19738582 0.14808163 -0.24418668
v -0.23712650 0.21313675 -0.39497137
v 0.21248326 0.09249237 -0.35911238
v -0.19289325 0.14966275 -0.26279813
v 0.20910574 0.20786124 -0.02952550
v -0.24853718 0.21312313 -0.18806601
v -0.21832950 0.00225150 0.31588787
v 0.24052513 0.22518663 -0.39372662
v 0.16398700 0.20406500 0.36329901
v -0.01969963 0.15004513 -0.34775299
v -0.20890540 -0.12538429 -0.32612437
v 0.17189257 0.02386663 -0.33039320
v 0.24756591 0.22446218 0.20036803
v 0.24721575 0.22317301 0.25097775
v 0.19983250 0.14724550 -0.29137301
v 0.21169353 0.14721431 -0.16670163
v -0.21725087 -0.22828263 0.31540537
v -0.24915224 0.22838663 -0.14149688
v -0.19058825 0.21173975 -0.28021976
v -0.24851534 0.22998221 -0.11171047
v 0.24481276 0.22509851 0.26658851
v 0.19515499 0.20853950 -0.08891350
v 0.06526475 0.21140562 -0.34345099
v 0.09098050 0.22767051 -0.39943951
v 0.24680425 0.20745838 0.19736713
v 0.20427100 0.14269149 0.21837400
v -0.05285275 0.21132869 -0.36152849
v -0.21916550 0.04688844 0.31740376
v 0.17335574 0.06251400 -0.32081649
v 0.19446762 0.20960428 -0.12670322
v -0.20835263 0.21228212 -0.35024738
v 0.17311338 0.03563100 -0.35974374
v 0.12424563 0.15054713 -0.36100176
v -0.17290112 -0.16735275 -0.32488462
v 0.21006826 -0.08832475 -0.32055026
v 0.11744363 0.21147250 -0.39815837
v 0.16555013 0.19136056 -0.30387995
v 0.24397312 0.22398938 0.33556876
v 0.17443600 0.10940600 -0.36009249
v 0.08055200 0.21254826 -0.39996076
v 0.00420050 0.21163701 -0.34389850
v 0.20806694 0.20319781 0.40304032
v 0.20414652 0.19209380 0.32403761
v 0.20636849 0.14399275 0.15754463
v 0.17531663 0.22349362 0.40195888
v 0.02006800 0.22946575 -0.39923999
v 0.20842768 -0.22384387 -0.33837718
v 0.24366900 0.20506801 0.27110749
v 0.17236926 -0.12173900 -0.36101976
v 0.21678475 0.20433700 0.40393826
v 0.11344228 0.22001988 0.09034962
v 0.20523010 0.20224661 0.33691701
v 0.13077325 0.21136838 -0.06689113
v 0.11582112 0.21971574 0.08198938
v 0.11280300 0.21962900 0.07680800
v 0.12322800 0.21366175 0.09075537
v 0.12660581 0.15135656 0.33898929
v 0.21074313 0.20849778 -0.13772832
v 0.11989481 0.21422493 0.06057859
v 0.17465197 0.12161735 -0.32053658
v 0.17421225 0.14732750 -0.36027199
v 0.21184237 0.20961231 -0.12968987
v 0.13035750 0.21291751 0.07775225
v 0.12918675 0.21117575 0.07307550
v 0.20054112 0.14693263 -0.24766563
v 0.21902876 0.22165500 0.40455526
v 0.12301466 0.21523029 0.05991494
v 0.14126749 0.14114726 0.36083362
v 0.12292844 0.21633098 -0.05089309
v 0.11689464 0.21980186 -0.05166025
v 0.12071168 0.21840471 -0.04440456
v 0.13031912 0.21130949 -0.03122763
v 0.13290922 0.21317172 -0.02882566
v 0.12235725 0.21303675 0.03372300
v 0.19486375 0.09205775 0.36400324
v 0.19464010 0.14693990 -0.06418718
v 0.12975137 0.21123019 -0.03456163
v 0.20913400 0.14572237 -0.02055700
v 0.11689900 0.21612050 0.03265750
v 0.16625269 0.16405587 -0.30481637
v 0.16264412 0.16515587 -0.30691063
v -0.19230425 -0.22903700 0.34000701
v 0.11380275 0.22135650 -0.04159663
v 0.21120113 0.06675550 -0.31948239
v 0.25063318 0.21039857 -0.05170812
v 0.24358378 0.20417294 0.32260135
v 0.21136028 0.20943703 -0.19214512
v 0.17380050 0.07573244 -0.32048312
v 0.17419781 0.09101488 -0.35936862
v 0.11517331 0.21976137 0.02056181
v 0.11402228 0.22039852 0.01226219
v 0.25021264 0.22571687 0.00580188
v 0.12143090 0.21701212 0.02350553
v 0.12211493 0.21897025 -0.00274044
v 0.19448949 0.14619900 -0.04747862
v 0.12510628 0.21782097 0.02362356
v 0.11656988 0.21801563 -0.02281572
v 0.19766375 0.20924824 -0.27054849
v 0.17237949 0.20799050 -0.35872099
v 0.12970400 0.21607700 0.02038200
v 0.12159412 0.21464069 0.01706756
v 0.12145813 0.22135650 0.01095237
v 0.11337675 0.22168450 0.00200163
v 0.11779068 0.21784000 -0.00223788
v 0.11391894 0.21993031 -0.00298156
v 0.11619300 0.21769325 -0.01021075
v 0.11508700 0.22158000 -0.01458750
v 0.21220282 0.20966232 -0.24463056
v 0.24238113 0.20358987 0.38238901
v 0.12369063 0.21610287 -0.00456625
v 0.20778425 0.14506274 0.01076125
v 0.20922349 0.14584300 0.01299550
v 0.16160850 0.15997051 -0.30678475
v 0.12758900 0.21288057 -0.01075322
v 0.21228687 0.14744407 -0.19891524
v 0.21041925 -0.10654238 -0.32140025
v 0.11234275 0.22107001 -0.02895900
v 0.11477488 0.21967088 -0.03107413
v 0.20819238 0.14507100 0.03537787
v 0.22708000 0.21951050 0.40201801
v 0.11637766 0.22062697 0.02766869
v 0.21016037 -0.13913681 -0.32140025
v 0.11527325 0.22212476 -0.02549987
v 0.11619456 0.22313169 -0.03325000
v 0.12024650 0.21842612 0.04815888
v 0.10964081 0.14265062 0.34570017
v 0.19930619 0.21296056 -0.39825180
v 0.05604313 0.22909363 -0.39875650
v 0.12034816 0.21403572 0.03123156
v 0.18711700 0.20536250 0.27664801
v 0.25091401 0.22800399 -0.21782300
v 0.12522063 0.21554081 0.06923294
v 0.09714987 0.14276899 0.36087626
v 0.11640300 0.22146501 0.07197400
v 0.01658375 0.20169801 -0.34352350
v 0.12474694 0.21645375 0.07820407
v 0.12650087 0.21672888 0.07274163
v 0.01285925 0.20661899 -0.34299538
v 0.12057368 0.21804385 0.06712628
v 0.19569519 0.14676122 -0.10251447
v -0.22222801 0.21281600 -0.40185550
v 0.11521789 0.21774650 0.04995408
v 0.21381563 0.22331913 0.40176344
v 0.23584799 0.21204799 -0.39633799
v 0.12188000 0.21227153 0.06249356
v 0.24825600 0.21096200 -0.38603699
v 0.19592407 0.14786778 -0.13030465
v 0.20710422 0.20711510 0.13737984
v 0.12743799 0.21210925 0.09675219
v 0.23776799 0.22818300 -0.39474899
v 0.12216175 0.21680024 0.09467200
v 0.17511700 0.14245000 -0.32104450
v 0.20669700 0.14680250 0.13120888
v 0.25506231 0.22225632 -0.34898332
v 0.20489137 0.20360351 0.32431099
v 0.09365188 0.21138994 -0.36041451
v -0.15166575 0.19360501 -0.31317100
v 0.06491525 0.14854425 -0.34759825
v 0.20704633 0.14459582 0.13884054
v 0.16435961 0.10070121 0.36209998
v 0.15519056 0.15185525 -0.31994456
v 0.16393262 0.15471125 -0.31049937
v 0.16952699 0.16043399 -0.30494249
v -0.16727500 0.21054497 -0.30259636
v 0.17055416 -0.19683197 -0.36142522
v 0.17244859 0.03722262 -0.35657194
v 0.15953988 0.16537812 -0.30935919
v 0.15756699 0.16297676 -0.31667212
v 0.21273001 0.01754625 -0.35708675
v -0.17209600 -0.22337601 -0.36101699
v -0.17247374 -0.22222200 -0.36493924
v 0.24779697 0.20830682 0.13863662
v 0.16866000 0.17057100 -0.30518699
v -0.17967540 -0.00495234 0.35470206
v -0.18057856 -0.02269162 0.35565770
v 0.19793899 0.14974201 -0.27663001
v 0.19797400 0.14864750 -0.27796200
v -0.17104501 -0.16685800 -0.32650399
v 0.19293238 0.14343637 0.15922303
v 0.20947212 -0.01135800 -0.36032924
v -0.17909150 0.01770700 0.31703675
v 0.21112201 0.14151900 -0.31779900
v 0.01940050 0.20516776 0.36119637
v -0.17940176 0.04255813 0.31736493
v 0.02518412 0.14973775 -0.34688824
v -0.17152099 -0.10376750 -0.32503301
v 0.16384526 0.20364074 0.30173975
v -0.17077263 -0.11833388 -0.32558751
v -0.18005000 0.07335475 0.35693574
v 0.16652469 -0.22916897 0.34520906
v 0.17927037 0.00918525 -0.31941655
v 0.21418899 0.15338799 -0.31370050
v -0.16955613 -0.08693625 -0.36425075
v -0.15709294 0.19744988 -0.30970338
v 0.19361950 0.20891599 -0.18282525
v 0.16905238 -0.22990949 0.31672600
v 0.24922974 0.20855500 -0.01247475
v 0.24911353 0.22568122 0.06226141
v 0.16513824 -0.20099075 0.35591000
v 0.16839391 -0.21750100 0.31577408
v 0.19663075 0.20912325 -0.19974075
v -0.20977625 -0.13005950 -0.36303276
v -0.17972407 0.08170531 0.31666836
v 0.18954290 0.15132503 0.26898262
v 0.16698213 0.20894168 -0.30472505
v 0.16348000 0.19818801 0.36242601
v 0.16472875 0.18453972 0.36372507
v -0.20943737 -0.04630512 -0.32729375
v 0.21471453 0.15792328 -0.35810801
v -0.21978649 -0.22604799 0.31325674
v 0.16669938 -0.20377743 0.31744912
v 0.24901412 0.22715200 -0.00245500
v 0.13346450 0.20479412 0.33009699
v 0.16630450 0.06505925 0.32131401
v 0.20513199 -0.22878100 0.35519299
v 0.21294300 0.21023700 -0.24135500
v 0.25053114 0.22732775 -0.06059956
v -0.16996512 -0.05160800 -0.36501762
v 0.19065690 0.14195880 0.28290597
v 0.18889324 0.14352775 0.27879226
v 0.25213751 0.22652900 -0.12090650
v 0.16629350 -0.17049681 0.35786757
v 0.14742579 0.20326228 0.36240384
v -0.08213481 0.21239138 -0.40105814
v -0.25330251 0.20585950 0.37842801
v -0.25576499 0.20794500 0.37555501
v 0.25435936 0.21139894 -0.31067157
v 0.25403464 0.22509882 -0.27252415
v 0.25503895 0.22678848 -0.31820923
v 0.25339428 0.22787389 -0.31116968
v 0.14734624 0.20451775 0.40294525
v -0.17886387 0.14182775 0.34801701
v 0.21177199 -0.04394900 -0.33408999
v -0.21697600 -0.21092100 0.35352600
v 0.18806051 0.14157300 0.32164451
v -0.21889238 -0.13250519 0.31437701
v -0.20000251 -0.12394813 0.31446812
v -0.21694213 -0.10634712 0.31459200
v -0.18009301 -0.10263085 0.31576690
v -0.21034800 -0.18241000 -0.32740501
v 0.15291999 0.15269674 0.30882525
v 0.14882538 0.15977819 0.31212556
v 0.14857137 0.16252087 0.31733176
v -0.17917600 0.14840400 0.35792601
v -0.21838038 0.03228863 0.31621626
v -0.19088174 -0.11803138 -0.32575539
v 0.16494299 0.14350051 0.33551550
v 0.16274551 0.14390600 0.33845949
v -0.17898785 0.06962713 0.31832391
v -0.02430350 0.14903700 -0.34916300
v -0.21512413 0.14599775 0.18987849
v -0.17821775 0.10763125 0.35686713
v 0.20628300 -0.22792600 0.31874001
v -0.20804900 -0.01819700 -0.32586700
v 0.16248424 0.14798975 0.36226574
v -0.17880800 0.12969799 0.35446975
v -0.17831776 0.12715119 0.32053187
v -0.20191991 0.14476678 0.23003097
v 0.17224100 -0.13340800 -0.36152899
v -0.15522256 0.16798900 -0.31170401
v -0.25211000 0.22091100 0.38307074
v 0.09471250 0.20322999 0.36127263
v -0.25584936 0.20796363 0.29528901
v -0.24744201 0.22066849 0.38922450
v -0.20110832 0.15377133 0.25190046
v -0.17941244 0.16765581 0.35909122
v -0.25529724 0.20830800 0.26523700
v -0.25346112 0.20812938 0.23297299
v 0.16179375 0.14232075 0.36537662
v -0.25608182 0.22351393 0.32765150
v -0.20035356 0.15035550 0.20562950
v 0.20440444 0.09292194 0.36038193
v -0.14421006 0.14309831 0.35605246
v -0.20130657 0.14534913 0.16956741
v 0.20992425 -0.09847525 -0.35970974
v -0.21323375 0.14600025 0.12681624
v -0.19990031 0.14675474 0.18752995
v -0.25361049 0.22614087 0.30870026
v -0.16720712 0.15229037 0.30495188
v -0.25483900 0.22689100 0.27632299
v -0.21921600 0.20631450 0.33656201
v -0.19708569 0.20946886 0.03617023
v -0.16202050 0.15497150 0.31025162
v -0.16208850 0.15792200 0.30691200
v 0.06390044 0.20365219 0.36073026
v -0.25426200 0.22661750 0.29633650
v -0.25516784 0.22607847 0.23545393
v 0.15162000 0.14036299 0.36078200
v -0.25317651 0.22741063 0.23668712
v -0.13142000 0.14293601 0.34365699
v -0.21780500 0.20713051 0.29672676
v 0.20647694 -0.17993081 0.32019588
v -0.21590506 0.20661150 0.27246919
v -0.21262667 0.14804906 0.02722542
v -0.25598145 0.22469901 0.27570355
v -0.21153300 0.14650100 0.07028900
v -0.21277763 0.15048151 0.03966137
v -0.20115045 0.15451637 0.09114456
v -0.20250200 0.15477100 0.08519600
v -0.15786050 0.21141100 -0.36332849
v -0.24595900 0.23069850 -0.30280375
v -0.19940537 0.14645325 0.06565712
v 0.20582899 -0.13185644 0.32003626
v -0.21620850 0.20834044 0.21424556
v 0.13890837 0.14448987 0.32704774
v -0.19781765 0.14749788 0.04055119
v -0.19756275 0.14780837 0.02284319
v 0.18154210 -0.22946525 0.35715666
v 0.17062201 -0.11573950 -0.32256499
v -0.19957553 0.15486912 0.14958094
v -0.19700375 0.14794876 0.00423125
v -0.19874556 0.14691775 0.02258806
v -0.25326526 0.22376426 0.11241575
v 0.20796457 0.20765218 0.09044578
v 0.16464625 -0.06483519 0.35852855
v -0.16945812 0.02507013 -0.36491188
v -0.16853984 0.02579591 -0.36329603
v 0.20971000 -0.17746663 -0.32472989
v -0.25193086 0.21132100 0.03264188
v -0.16886294 0.00221459 -0.36414075
v -0.18009999 0.20537600 0.39725700
v -0.21063362 0.14920938 -0.10009525
v -0.20952486 0.21191175 -0.19453073
v -0.25297713 0.22761901 0.21738362
v -0.25447556 0.22605652 0.21466938
v -0.05219622 0.14280762 0.35752371
v 0.07865994 0.16934375 0.34131074
v 0.07933418 0.17542832 0.34514627
v -0.21322182 0.20872168 0.11365493
v -0.25236464 0.20918506 0.15382551
v -0.20884538 0.03956500 -0.32663700
v 0.17254081 -0.08611919 -0.32061976
v 0.17101525 -0.09763463 -0.32201999
v -0.19531769 0.14862125 -0.11557569
v -0.19818206 0.14850987 0.06784362
v -0.19789797 0.20905162 0.09138560
v 0.16886000 -0.22346500 -0.32217199
v -0.25112957 0.22898056 -0.01917169
v -0.20764001 0.14887156 -0.19485000
v -0.19967376 0.15581575 0.09599838
v -0.19872352 0.15347888 0.09519903
v -0.25126377 0.22787046 -0.03219191
v -0.19835863 0.15447162 0.09422938
v -0.15792313 0.19260287 -0.30964494
v -0.25033167 0.22702466 -0.07792897
v -0.21519910 0.20720138 0.22491422
v 0.14332899 0.15018199 -0.33207700
v -0.25374201 0.22800399 0.17620200
v -0.21084937 0.21003400 -0.04784362
v -0.01962709 0.14329575 0.35888538
v -0.19419231 0.21061169 -0.14144731
v -0.14836369 0.20598169 0.39859483
v -0.16632700 0.18808000 0.30177099
v -0.17874612 0.14971875 -0.32555887
v -0.21331351 0.21258324 -0.36372626
v -0.24628150 0.23049287 -0.24626237
v -0.22258900 0.21379200 -0.40346199
v 0.20678809 0.20695692 0.10747577
v 0.00094475 0.20399407 0.34335142
v -0.05128900 0.20583725 0.40029818
v 0.20911525 -0.18740501 -0.32360324
v -0.20854206 0.14320256 -0.32688245
v -0.21174912 0.21248332 -0.33991319
v -0.20803663 0.21023388 -0.33874011
v -0.20758763 0.06818397 -0.32558405
v -0.24705479 0.23005459 -0.14407478
v -0.24889144 0.22864109 -0.15957044
v -0.19586650 0.20947650 -0.04487612
v -0.24754000 0.21295001 -0.26072651
v -0.16010578 0.20591509 0.31511584
v 0.16439763 0.05919950 0.36203769
v -0.20690037 0.19343100 -0.36397675
v -0.16488156 0.20377450 0.30935976
v -0.21103050 0.15046662 -0.07358366
v -0.21156099 0.14871944 -0.05118947
v -0.00574175 0.20043437 0.34146950
v -0.20858178 0.21211091 -0.24441135
v -0.19806163 0.14797582 -0.02430569
v -0.24607612 0.21246324 -0.30083612
v -0.24882405 0.22947977 -0.18750392
v -0.19853006 0.20861100 0.18936543
v -0.19294800 0.21035901 -0.20757701
v 0.23363525 0.22708175 -0.39698374
v -0.24768071 0.23049928 -0.17749430
v -0.13030075 0.20463575 0.35767025
v 0.20611925 0.20551901 0.13862875
v 0.10354891 0.14935903 0.34592906
v -0.19341075 0.19967926 -0.19107924
v 0.20568199 -0.01309150 0.32238999
v -0.21325165 0.20822944 0.10078203
v -0.19558956 0.14881310 -0.08330103
v -0.19410275 0.21101899 -0.12307563
v -0.24623500 0.22983500 -0.32804799
v -0.20860399 0.09752400 -0.32686999
v -0.24990501 0.21067549 -0.00830950
v 0.21207137 -0.15701450 -0.32364213
v -0.19012763 0.14561300 -0.32507074
v -0.20603350 0.10150681 -0.32548788
v -0.20959625 0.21022300 -0.12153975
v 0.20650437 -0.22454338 -0.32256100
v 0.16722319 -0.01455206 0.36106575
v 0.20803715 -0.21948178 -0.32198206
v 0.21031725 0.14934275 -0.08539175
v -0.16915663 0.06700163 -0.32584226
v 0.13732450 0.14139800 0.34695649
v -0.14861797 0.15242840 -0.36551002
v -0.19389500 0.14917500 -0.28086400
v 0.01531737 0.20588697 0.40193769
v -0.20785631 0.15048863 -0.27969643
v -0.19240682 0.15147243 -0.24699193
v -0.21068227 0.21014971 -0.06571158
v -0.25053862 0.21179426 -0.06357113
v -0.19639038 0.20959337 -0.01131397
v 0.16972600 -0.22164100 -0.32106751
v -0.19590619 0.21033557 0.00774594
v -0.21183053 0.20816684 0.05962419
v 0.20391865 -0.06662294 0.35961631
v -0.20955200 0.15245500 -0.15718099
v 0.16645512 -0.19933538 0.35726225
v 0.13056201 0.14985600 -0.34501299
v -0.21767722 0.12993146 0.31737667
v 0.20892084 -0.13006441 -0.32074502
v -0.21301912 0.20999050 0.05186662
v 0.19025300 -0.22245200 -0.32112449
v 0.18706875 -0.22460806 -0.32307136
v -0.24842384 0.22982766 -0.06565578
v -0.20942219 0.14994331 -0.18324372
v -0.20942751 0.15046850 -0.19729400
v -0.05155525 0.15098900 0.34326956
v 0.03555900 0.20531499 0.34424150
v -0.10607475 0.20515101 0.39789349
v -0.08468781 0.20612556 0.39971155
v -0.10861750 0.20519437 0.34284800
v -0.16829525 0.08919919 -0.36386675
v -0.20787700 0.14897750 -0.20539400
v -0.20754007 0.11960857 -0.32575500
v -0.14649066 0.21105938 -0.32245597
v 0.17287526 -0.05501256 -0.32057151
v -0.19406262 0.15177262 -0.17460912
v 0.07172266 0.20476687 0.36220714
v 0.13773100 0.14853100 -0.35944301
v -0.04746156 0.14379375 0.35848019
v -0.24942650 0.22956800 -0.03753475
v -0.20876224 0.15241244 -0.20998956
v -0.13283250 0.20379449 0.34202349
v -0.13949449 0.20593324 0.33554450
v 0.17950276 -0.22231662 -0.36153287
v 0.20455788 -0.09336887 0.31958425
v -0.19806850 0.20856325 0.14978775
v -0.25291750 0.22755800 0.04421300
v -0.25128049 0.22891812 0.06384225
v -0.19646162 0.14822750 -0.15304537
v -0.12697850 0.21354400 -0.40293899
v 0.17031175 -0.22284025 -0.36141825
v -0.25287038 0.22496521 0.08992875
v 0.15840800 0.14096101 0.36228400
v 0.16997799 -0.22387800 -0.35987499
v -0.25455031 0.22585088 0.17430387
v 0.17565531 0.11152244 -0.31911507
v 0.18651775 -0.12523700 0.31839287
v -0.20174150 0.15521599 0.09770200
v -0.20264725 0.15290150 0.09523050
v -0.24735494 0.21188031 -0.16806756
v 0.20477299 -0.12855349 0.35669699
v -0.19860588 0.14702375 0.10401331
v -0.13842556 0.22917657 -0.40355399
v -0.20665112 0.14867476 -0.15089412
v 0.14970453 0.15405469 0.31106851
v 0.16979900 -0.22448599 -0.32291201
v 0.16616753 -0.12426122 0.31916317
v 0.20112075 -0.05186650 -0.36080125
v 0.16546912 0.15621363 0.36413050
v -0.20937200 0.20606400 0.35953799
v 0.17260300 0.00021400 -0.32113999
v -0.17702587 0.19551025 0.35713851
v -0.17323200 0.14388318 0.30083388
v -0.16660038 0.14277326 0.31224862
v 0.12047450 0.21921450 -0.07364350
v 0.16626200 -0.16658662 0.31883201
v 0.12356137 0.21862724 -0.06988125
v -0.16642825 0.14377113 0.35683125
v 0.20871399 -0.22209200 -0.32501939
v 0.17418182 0.10114356 -0.36244595
v -0.25533700 0.22538149 0.36800301
v -0.16900575 -0.03354963 -0.36410576
v -0.18870069 0.14107975 0.31745300
v -0.18841156 0.14344350 0.31816676
v 0.12620591 0.21629147 -0.06658878
v -0.21629432 0.14496994 0.27352539
v -0.03957331 0.17462975 -0.36187863
v -0.18020737 0.13363087 0.35769212
v 0.20582031 0.20615700 0.16102538
v -0.21192224 0.21104050 -0.05989400
v -0.21680197 0.14545688 0.29621166
v 0.19016300 0.14163050 0.29576799
v -0.18090200 0.10634500 0.35817301
v 0.20127225 -0.22944701 0.35737500
v 0.20079263 0.14005075 0.32351363
v -0.03248650 0.17006531 -0.36236957
v -0.01179825 0.15659519 -0.34739575
v -0.21495312 0.20935400 0.12779325
v -0.06507850 0.21003000 -0.34680149
v 0.20565975 -0.04794925 0.32335374
v -0.01767700 0.15869662 -0.34752724
v 0.17257400 -0.00218000 -0.34514150
v -0.18035187 0.02875375 0.35639724
v -0.17122200 -0.21010600 -0.36549601
v 0.18959503 -0.00178062 -0.31981346
v 0.14720112 0.18966775 0.31344563
v -0.21870100 0.13688813 0.32045314
v 0.18983822 0.14319550 0.25515905
v -0.21852300 -0.02704400 0.31562400
v -0.18077575 -0.04785363 0.35547900
v -0.21031401 -0.20594400 -0.36349300
v -0.21800888 -0.02595900 0.35479531
v -0.20941900 -0.22217549 -0.36450249
v 0.00042775 0.15783234 -0.34725863
v 0.19013119 0.14381699 0.23207299
v -0.18020706 -0.12402150 0.31539387
v 0.13525279 0.22252440 0.40391421
v -0.21807951 -0.07507350 0.35420737
v -0.24803625 0.21370775 -0.22454400
v 0.12036106 0.22024859 -0.06324638
v 0.20375769 0.14181744 0.27619100
v -0.20859857 0.07618056 -0.36278826
v -0.18057212 -0.17206988 0.35158587
v -0.19785149 0.15577562 0.04550378
v 0.17077850 -0.15719606 -0.32133743
v 0.25434583 0.22695205 -0.28881744
v -0.19896887 0.15515856 0.10119994
v -0.25330400 0.21004419 0.13459444
v -0.08229450 0.22928099 -0.40265650
v 0.20504838 0.14332238 0.23279700
v 0.19119599 0.14375700 0.18386149
v 0.19535694 0.14734538 -0.09221956
v -0.24820797 0.22718653 -0.20928122
v 0.21351321 0.19117068 -0.35894325
v -0.05914800 0.21113600 -0.34632400
v 0.20530887 0.20589869 0.18261613
v -0.16778150 0.16726699 0.30635950
v -0.25411689 0.22708502 0.25811902
v -0.21741225 0.20565300 0.31934851
v -0.21815337 0.20556825 0.33138686
v 0.21547000 0.18784525 -0.32032213
v -0.19913843 0.20627250 0.39789096
v -0.19992125 -0.22755900 0.35332486
v 0.19646150 0.21037801 -0.27316725
v 0.25031680 0.20933244 -0.09996787
v 0.25066575 0.22642399 -0.02629550
v -0.17987999 0.12047000 0.31727299
v 0.11641175 0.22103913 -0.05508788
v 0.11935338 0.22051400 -0.05552106
v 0.11387300 0.22079200 -0.06125425
v 0.21160300 0.20992550 -0.18223301
v 0.13123962 0.21379350 -0.03600787
v 0.17476425 0.06584394 -0.31965923
v -0.23309200 0.20560700 0.39618701
v -0.20902400 -0.01131875 -0.36265075
v 0.24978684 0.22621119 0.01912784
v -0.20132700 0.14478500 0.27146599
v 0.19278784 0.14551900 0.06582847
v 0.19391575 0.14447200 0.07196563
v -0.17656650 0.14956300 -0.30073425
v 0.21719025 0.14727326 -0.31498149
v 0.20305100 0.20332000 0.32394901
v 0.11963550 0.21430825 0.07135525
v 0.20610450 0.20426218 0.32990956
v -0.20436537 0.14270969 0.31761792
v -0.17869399 0.11596450 0.31815657
v -0.17374760 0.13681975 -0.36537948
v 0.15770900 0.19944350 -0.31455800
v -0.22053163 -0.20106387 0.31506851
v -0.17872925 0.09149900 0.31731951
v 0.12312461 0.21830913 0.06227450
v 0.11759537 0.22032744 0.06218506
v -0.20575562 0.12355400 0.35760388
v 0.18993950 0.20522849 0.21186388
v 0.24613300 0.22620179 0.16516247
v -0.16798094 0.13840912 -0.35638192
v 0.17477272 0.20598489 0.16324924
v 0.25452960 0.22352375 -0.31994441
v -0.22055738 -0.19168825 0.34984237
v 0.24335612 0.20333087 0.36895549
v 0.10663800 0.22573251 -0.02322600
v 0.08699425 0.21054450 -0.35934350
v 0.11140762 0.22454982 -0.02124894
v 0.11618603 0.21822384 -0.03317728
v 0.12305038 0.21308112 -0.02660375
v 0.17477675 0.09919650 -0.31941649
v 0.11864081 0.22050488 -0.02083000
v 0.21237263 0.14730909 -0.21181341
v 0.10659762 0.14964193 -0.36118406
v -0.07702239 0.14966264 -0.36318001
v -0.01083062 0.19601674 0.34216258
v -0.20855825 -0.20497274 -0.36535525
v -0.21055600 -0.22144900 -0.32807899
v 0.24597076 0.20686665 0.15283000
v 0.19853775 0.14701606 -0.21956144
v 0.12703025 0.21624500 -0.05389500
v 0.08483963 0.21217500 -0.36018774
v 0.12120306 0.21511362 -0.03119831
v 0.17782113 0.14132462 -0.31955007
v 0.12628162 0.21398638 -0.06931981
v -0.23523775 0.21781576 -0.39748538
v 0.11974450 0.22121938 -0.08343863
v 0.11553562 0.22292556 -0.08818790
v -0.01184250 0.20479450 0.34069201
v 0.12107700 0.21847238 -0.08302675
v 0.21178500 0.14756422 -0.15357369
v 0.17186062 -0.05558410 -0.35960761
v 0.21013993 0.14648962 -0.15967113
v 0.24611637 0.22156256 0.27842149
v -0.21857019 -0.18018563 0.35324502
v 0.12796324 0.21706825 0.01423163
v 0.16584150 0.12923275 0.32301974
v 0.20701228 0.20699593 0.07523175
v 0.15824275 0.14850675 -0.31789076
v 0.10012788 0.21014550 -0.34406224
v 0.21178050 0.15019825 -0.18326150
v 0.21278246 0.06107944 -0.31983766
v 0.11790487 0.15585794 -0.34548894
v -0.05604975 0.15085775 -0.36438724
v 0.17444053 0.14795065 -0.34351474
v 0.24512625 0.20519066 0.31613436
v 0.24268700 0.22354899 0.37926000
v 0.18803366 0.20943403 -0.36091688
v 0.25163913 0.22635837 -0.07089687
v 0.20536800 0.20566900 0.24704075
v 0.18033800 0.09929000 -0.31939399
v 0.12168725 0.22025287 -0.03938938
v 0.12319450 0.21111900 -0.03012350
v 0.16645750 0.08202150 0.36380950
v 0.14122573 0.21040072 -0.32271740
v 0.12114425 0.21466200 -0.02259663
v 0.08664500 0.14167450 0.34680900
v 0.20968212 0.14545250 0.03247175
v 0.01660700 0.22249062 0.40270138
v 0.11622769 0.21824574 0.00515706
v 0.08597413 0.15132213 -0.36142263
v 0.09089100 0.14886700 -0.36035350
v 0.00833575 0.21079101 -0.36041412
v 0.25149450 0.21010937 -0.10833700
v 0.15832575 0.19735725 -0.30947351
v 0.21564062 0.20900588 -0.32924369
v 0.20972475 0.20794526 -0.06707475
v -0.22302337 0.20672244 0.39746794
v 0.20366538 0.14418750 0.06577037
v -0.22013324 -0.13783237 0.31565350
v 0.20787588 0.14514363 0.07183213
v -0.21510801 0.22853000 -0.40452901
v -0.17974199 -0.03519900 0.35356951
v 0.11326925 0.21938437 0.07061781
v 0.05258387 0.20540676 0.40254450
v 0.02888375 0.20425512 0.34492350
v 0.18824500 0.20376500 0.27748600
v 0.16580479 0.08518866 0.32226786
v 0.20519300 0.14368200 0.13958190
v 0.21007256 -0.11837862 -0.35926849
v 0.18897350 0.20632069 0.20840287
v 0.20294234 0.12720481 0.36406377
v 0.20460200 0.20247725 0.35609126
v -0.25673300 0.20717300 0.36937600
v 0.20541625 -0.19181381 0.31797332
v 0.20704199 0.20701438 0.08980750
v -0.03163050 0.21097250 -0.36090225
v -0.16734487 0.21248750 -0.36519286
v 0.06793925 0.21165350 -0.36084250
v -0.19691812 -0.20913179 0.35361993
v -0.17078251 -0.01399425 -0.32487974
v -0.21704100 0.20450200 0.35695300
v 0.19138263 0.14544418 0.15130293
v 0.21083918 0.01927662 -0.35977024
v 0.24627337 0.22257319 0.31475636
v 0.17167687 -0.04398812 -0.32197326
v -0.20087363 0.15350637 0.23600125
v -0.19950406 0.15421438 0.15976231
v -0.00656906 0.18781738 -0.36097738
v 0.17030938 -0.05675862 -0.32686824
v 0.20434275 0.14299875 0.19199824
v 0.18898687 0.19015338 0.27611786
v -0.25094011 0.20998463 0.07386156
v 0.21142425 0.00346650 -0.32017475
v 0.02366387 0.15018587 -0.36232913
v 0.16350649 0.12605950 0.33953151
v 0.01067431 0.22820212 -0.40064374
v 0.18178549 0.02022650 -0.31720901
v 0.15373614 0.21934111 0.40370053
v 0.23710912 0.20400612 0.39288601
v -0.19599976 0.15796134 -0.06547334
v -0.19592513 0.15551685 -0.07474162
v 0.15166762 0.19476038 0.31305113
v -0.00172312 0.15055606 -0.36281943
v -0.20766400 0.09907138 -0.36397499
v 0.14362299 0.14350075 0.32418650
v 0.17328513 0.01118875 -0.32051313
v 0.15169850 0.18591981 0.30872738
v 0.19528849 0.14651474 -0.07826950
v 0.15585275 0.14541675 0.36593050
v -0.16957438 0.07650556 -0.36505339
v -0.19486250 0.14882600 -0.20844100
v 0.20640409 0.20658678 0.18454590
v -0.02618281 0.15066543 -0.36319044
v -0.04592281 0.17159700 -0.36265337
v 0.20990437 -0.04977937 -0.36008993
v 0.20725074 -0.22122525 -0.36112538
v -0.21742262 0.22517088 0.39459774
v 0.20568657 0.12169850 0.32525030
v 0.12810987 0.21714468 0.00480950
v 0.10277311 0.22218691 0.40354401
v 0.12735313 0.21600750 0.00133769
v 0.17361601 0.14465213 0.29294664
v -0.20760050 0.13959962 -0.36400864
v 0.12206400 0.22231600 0.00104900
v 0.16331819 0.17313243 0.36235619
v 0.16941847 0.13672128 0.32422560
v 0.11253437 0.22013950 0.05503713
v -0.24730632 0.22973950 -0.25776872
v 0.19606601 0.14561450 -0.04408950
v 0.07919854 0.22188413 0.40362069
v 0.03510250 0.14208651 0.35857624
v 0.16918349 0.13090937 0.32256299
v 0.00635800 0.20994800 -0.34386051
v -0.20657375 0.18661425 -0.32488775
v 0.07960813 0.22413801 0.40056399
v 0.13307574 0.21205375 0.00397225
v -0.24393025 0.21332274 -0.38362226
v 0.07113188 0.14187187 0.35925162
v 0.12983850 0.21295799 0.00305250
v -0.24439301 0.23080100 -0.35982999
v 0.13804550 0.14323975 0.34415075
v -0.15366951 0.17001800 -0.31816649
v -0.19284663 0.23047313 -0.40338188
v 0.11861372 0.20441200 0.36309654
v 0.12090172 0.20348741 0.36181125
v 0.11854100 0.20364200 0.34628800
v -0.19695701 0.21212900 -0.36588913
v 0.03240300 0.22311775 0.40239525
v 0.17129000 -0.08446800 -0.35925576
v 0.11577225 0.14152326 0.35982600
v 0.03556141 0.22003956 0.40276420
v 0.17233232 -0.08811525 -0.36086038
v -0.16703150 0.19910625 -0.36400175
v 0.16358100 0.20339800 0.40259400
v 0.20067050 0.04471450 0.32203051
v 0.01777100 0.22448200 0.40045100
v 0.06849300 0.14969049 -0.36151800
v -0.00170900 0.15132450 -0.34739149
v -0.17041281 0.21219063 -0.29734731
v 0.17110001 -0.10264200 -0.35801250
v -0.12388525 0.21210399 -0.34360051
v -0.15360975 0.16223350 -0.31314376
v 0.17893800 -0.13925301 -0.36275101
v 0.24610837 0.21650051 -0.38946924
v 0.20426275 0.11374737 0.36198124
v -0.15689400 0.15857100 -0.31290150
v 0.20623179 0.14832488 0.15570062
v 0.21321400 -0.16786151 -0.32477200
v -0.20773426 0.21074313 -0.23184237
v 0.19524015 -0.05228181 -0.36185220
v 0.14661451 0.19096400 0.31893599
v 0.17743149 0.14261025 0.32309526
v -0.19779700 0.20879775 0.16643000
v -0.17697325 0.15110600 -0.29647624
v -0.16862637 0.12902713 -0.36498475
v 0.20440450 0.14842334 0.26873451
v 0.19012475 0.14781575 0.22405697
v 0.19029143 0.14391787 0.20962888
v 0.19188450 0.14296900 0.20220888
v 0.16580001 -0.01899650 0.32098699
v 0.20540582 0.14486487 0.21192423
v 0.16972706 -0.17162557 -0.32246608
v 0.20256637 0.14149150 0.29844776
v -0.20455700 0.14944901 -0.32190600
v 0.20381850 0.14150424 0.32340625
v 0.19917612 -0.22306319 -0.36147562
v -0.24988669 0.22864018 -0.11716816
v 0.12517574 0.21057187 0.09634869
v -0.09874850 0.22492525 0.39791337
v 0.16579349 0.17926000 0.36468026
v 0.12225097 0.21455374 0.06778812
v -0.04770750 0.22989900 -0.40090999
v 0.20459101 0.20486200 0.29692200
v -0.19552311 0.14862332 -0.18565279
v -0.25048700 0.22939301 -0.05530000
v 0.17386293 0.07287587 -0.35884526
v -0.25044957 0.21051663 0.01197269
v -0.25151476 0.22605693 -0.00867425
v -0.21365659 0.20801431 0.13640775
v -0.13507971 0.22392388 0.39919010
v 0.13105950 0.20803316 0.08891941
v 0.11824475 0.21651618 -0.04761781
v -0.15145825 0.22500150 0.39767951
v -0.05218550 0.21310399 -0.40180001
v 0.17299651 0.01084050 -0.35920551
v 0.17284100 0.02194275 -0.32138324
v 0.16720749 -0.06955875 0.31880575
v -0.16278268 0.22378206 0.39904636
v -0.19795106 0.14728531 -0.01259231
v -0.20007703 0.20736338 0.23010972
v -0.25245538 0.21092987 0.07288037
v -0.18260451 0.22341426 0.39733508
v -0.17730574 0.22507532 0.39575806
v -0.18680476 0.21921100 0.39840838
v 0.16752863 -0.12231944 0.31782949
v 0.21203449 -0.01330600 -0.35794300
v -0.20742375 0.05443500 -0.36449349
v -0.20879100 0.04757100 -0.36285201
v -0.19857925 0.15568750 0.08132250
v -0.19918463 0.14890701 0.12322000
v 0.24683821 0.22483028 0.22164097
v -0.21949200 0.20615900 0.35623476
v -0.23076150 0.22480050 0.39671826
v 0.20737313 0.14823331 0.09224881
v -0.23525675 0.22220600 0.39720351
v -0.24761350 0.22391950 0.38750750
v -0.24204662 0.22523862 0.39007738
v -0.21730362 0.16461943 0.31670475
v -0.20268700 0.14414100 0.27197999
v -0.18263701 -0.22886901 0.35080349
v -0.24045651 0.20689499 0.39484850
v 0.21320944 0.15341681 -0.26717302
v 0.20384507 -0.18332213 0.35780832
v 0.11097706 0.22874773 -0.39826441
v -0.21684106 0.13042393 0.35723320
v -0.04679694 0.15089838 -0.36351213
v 0.21192206 0.16355194 -0.35944942
v 0.21194650 0.20761238 -0.22285788
v -0.17217726 -0.19811288 -0.32546282
v 0.25109562 0.20990938 -0.19697088
v 0.10789674 0.15673977 -0.34572998
v -0.18147357 -0.14045337 0.35445437
v 0.06249950 0.15058239 0.34524703
v 0.19040596 0.14743398 0.26733869
v 0.12331600 0.21738200 0.07000900
v -0.18140675 -0.17784899 0.35399076
v -0.12390731 0.15838157 -0.34750924
v 0.12738197 0.21417907 0.06542047
v 0.12043184 0.21512820 0.00697094
v 0.11721484 0.21720515 -0.06342753
v 0.12822215 0.21336691 -0.05616253
v -0.20151025 0.09580200 -0.36582580
v 0.17641599 -0.06174100 0.31922850
v 0.16760641 0.14094013 0.32626709
v 0.21301125 0.14964175 -0.24336074
v 0.21267800 0.15148662 -0.23487413
v -0.01302450 0.22952776 -0.40062162
v 0.19533400 0.21003699 -0.18566699
v 0.00497550 0.21282800 -0.40088612
v 0.19623525 0.19587874 -0.17264526
v -0.24849206 0.22653726 -0.18604399
v 0.19311382 0.20863788 -0.01524525
v 0.00506894 0.20539032 0.34356219
v -0.21191287 0.15092212 -0.01464250
v 0.02854137 0.21120113 -0.35993913
v 0.12635490 0.21446635 -0.03662209
v 0.23566850 0.22332813 0.39163512
v 0.12360125 0.22149475 0.01719650
v -0.01944325 0.14999519 0.34386513
v 0.21128938 -0.09288538 -0.32347670
v 0.20341544 0.20401706 0.30935761
v -0.20940413 -0.22301425 -0.33126387
v -0.16876850 0.23047949 -0.40312850
v -0.17251800 -0.22339700 -0.32785401
v 0.14794138 0.18552825 0.31441200
v 0.03493550 0.22815651 0.02811200
v -0.02503594 0.21277912 -0.40113664
v 0.16804363 0.14342375 0.31657961
v -0.00971900 0.21048599 -0.34552050
v 0.17093325 -0.10153525 -0.34025687
v -0.11571012 0.14986862 -0.35037151
v 0.11948084 0.21623090 -0.04348856
v -0.23529451 0.23064350 -0.39596099
v 0.20476025 0.10205500 -0.36040875
v 0.20849200 -0.16802350 -0.32103449
v -0.20199025 0.16319762 -0.36569488
v -0.17114051 0.18411750 0.30285999
v 0.20769593 -0.19311590 -0.36100191
v -0.07344569 0.22192594 0.40065017
v 0.17108124 -0.06813025 -0.35782576
v 0.17278488 0.21207313 -0.39839324
v 0.17265350 0.09570050 -0.36275250
v 0.16448088 -0.01555594 0.35933462
v -0.21926762 -0.03999837 0.31704351
v 0.24481975 0.21875051 0.37687451
v -0.17912759 0.03305116 0.32179728
v -0.19987206 -0.19236134 0.31359199
v -0.25024819 0.22918950 0.04471713
v -0.19705482 0.17962031 0.01170594
v -0.21644838 0.02344491 0.35608071
v -0.21690713 -0.14371713 0.35423511
v 0.21590281 0.19322388 -0.34946838
v 0.19138321 0.19045906 -0.28112108
v 0.02708650 0.14300500 0.35966101
v -0.18541950 0.14994287 -0.30293289
v -0.16907750 0.14811738 -0.33871913
v -0.01213056 0.20437640 0.35935238
v -0.21289513 0.14763075 0.04943050
v 0.20864925 0.11484550 -0.31928125
v 0.03176656 0.16784531 -0.36122328
v 0.19336119 0.14595537 0.03815800
v -0.11999863 0.21230163 -0.36364213
v 0.19447312 0.14611450 0.05348575
v -0.15688738 0.20483588 0.35732332
v 0.11915772 0.20616241 0.24760197
v 0.20280875 0.14185512 0.24328187
v 0.21026056 -0.03629897 -0.32022610
v 0.20373456 -0.14754887 0.35850769
v -0.25149751 0.22875975 0.03101025
v -0.10705356 0.15691718 -0.36443743
v 0.18924069 -0.10470793 -0.36100462
v -0.21418300 0.21400601 -0.40444401
v 0.25299001 0.21048500 -0.30360749
v -0.13789450 0.15112400 -0.34615901
v 0.21402656 0.09399850 -0.35709819
v -0.21954399 0.15528101 0.32051700
v 0.17719831 -0.17316572 0.35829347
v -0.11268719 0.20822941 0.18778481
v 0.17368101 0.12835400 -0.35778201
v 0.17692557 0.14946638 -0.29773536
v -0.11038900 0.14291050 0.34351626
v -0.16013625 0.16011725 0.31379849
v -0.21815500 0.20413300 0.35496399
v -0.20813350 0.20521475 -0.34815162
v 0.20609312 -0.19334662 0.32310951
v 0.18577126 -0.20695256 0.35785973
v -0.17892724 0.08406775 0.34397650
v -0.17928919 0.03195306 0.33907482
v -0.18106937 -0.07928300 0.35511899
v -0.17215049 -0.13206349 -0.32511199
v 0.21478026 0.12420750 -0.34728476
v 0.15020519 0.14830881 0.31422418
v -0.20925313 -0.18355350 -0.32622850
v 0.17404613 0.11537112 -0.32852113
v 0.05214088 0.21124212 -0.35976151
v 0.03247200 0.14918999 -0.36096200
v 0.20549326 0.17774950 0.32723200
v -0.18143137 -0.13946082 0.31434575
v -0.16874000 0.12498100 -0.32562926
v 0.19457500 0.14470901 0.04328500
v 0.19076200 0.19444950 0.16366249
v 0.20311506 0.17716432 0.36476684
v 0.18746167 -0.00137111 -0.36029020
v 0.19306301 0.20703600 0.03828300
v 0.05854925 0.21258487 -0.40008551
v 0.24719501 0.22092250 0.18240049
v 0.10852100 0.20353825 0.34635124
v -0.16756675 0.14990550 -0.35258424
v -0.21969876 -0.06404650 0.31689224
v -0.21787526 0.10744150 0.31709349
v -0.21569581 0.14838669 0.22468419
v -0.15120500 0.20188101 -0.31885150
v -0.21421038 0.23069844 -0.37303919
v 0.16529025 0.02958075 0.32359076
v -0.19418038 0.15789163 -0.18209895
v -0.16913450 0.14277950 -0.32956851
v -0.24320699 0.22872800 -0.38831201
v -0.15070963 0.20598026 0.35901362
v 0.16494475 0.04670850 0.33249074
v 0.15966500 0.19396900 -0.30624801
v -0.20799474 -0.03375175 -0.32580549
v 0.21531975 0.14253557 -0.32520649
v 0.20366076 -0.20993650 0.35733089
v 0.21551400 0.17388800 -0.32093999
v 0.13439500 0.20335150 0.33079249
v -0.21698712 -0.18121788 0.35383576
v 0.12099350 0.21986900 -0.03347813
v 0.04008263 0.20916550 -0.35984564
v 0.17252769 0.04859294 -0.33620638
v -0.18058644 -0.21585062 0.32023644
v 0.21398713 0.17566350 -0.31782100
v -0.00935066 0.15838559 -0.36204550
v 0.22654299 0.21288100 -0.39805800
v -0.08296331 0.21209162 -0.34568456
v 0.06601000 0.20726749 0.19387700
v -0.21431001 0.14491400 0.22130574
v -0.20669894 0.19645891 0.35841045
v -0.19892862 0.15525050 0.11218750
v -0.19859000 0.16011050 0.09670400
v -0.19520099 0.15097649 -0.11456150
v -0.15200700 0.19027500 -0.31874001
v 0.25098193 0.22388744 -0.06166963
v -0.20803025 0.21232051 -0.32426974
v 0.17893438 -0.15526350 -0.36133012
v -0.20577194 0.15704694 -0.36511394
v -0.20474769 0.18782863 -0.36528370
v 0.20695893 -0.13717887 -0.36103609
v -0.18056668 -0.21036132 0.33030292
v -0.18329681 0.09661903 -0.36538696
v -0.17004900 0.08601200 -0.32477850
v -0.10193544 0.15775101 -0.34912544
v -0.19057450 0.20730349 0.28083149
v 0.16363776 0.12384150 0.34873024
v 0.17789479 -0.21601324 0.35744110
v 0.19810747 0.20467284 0.40370765
v -0.03712315 0.14993742 0.34354174
v 0.17275600 0.14774650 -0.34553650
v 0.17287080 0.16465874 -0.35999063
v 0.19564606 0.18326038 -0.35976821
v 0.19628997 0.19881505 -0.35967916
v 0.20940800 0.02558850 -0.36025551
v 0.19593599 0.14427650 0.06018325
v -0.22946100 0.21738499 0.39783800
v -0.21655925 0.20564026 0.31211174
v -0.21596000 0.20379400 0.26940900
v -0.20012969 -0.22055562 -0.32620183
v -0.03489713 0.14970949 -0.36188525
v -0.24565737 0.22835712 -0.36676651
v -0.14415537 0.15153463 -0.32798913
v 0.19769600 0.06439775 0.32231164
v -0.23301947 0.23022419 -0.12383761
v 0.04388513 0.14909656 -0.36075076
v -0.09642669 0.22284831 0.40017182
v -0.25178161 0.22640662 0.01151641
v -0.20787475 -0.11737800 -0.36511576
v -0.19643328 0.17860287 -0.02745191
v 0.24364249 0.22471450 0.29831550
v -0.22273153 0.22588150 0.35105091
v -0.20023125 0.15200515 0.19217172
v 0.20542587 0.16579357 0.33739576
v 0.18564422 -0.14652805 0.35907209
v -0.21576679 0.15610750 0.23350126
v -0.25097400 0.20700251 0.38535526
v -0.21870500 0.14132801 0.35421500
v 0.16652000 -0.22240750 0.35684463
v 0.20445000 0.02596450 0.35835150
v 0.20212625 0.01871500 0.36214501
v 0.19997300 0.03699300 0.36357200
v 0.18849850 0.14487650 0.27816600
v -0.17791644 0.10564556 0.32156917
v 0.20611106 0.14563057 0.06266887
v 0.20781900 0.15009500 0.06506000
v 0.17281525 -0.17594862 -0.36187738
v 0.20501338 0.22586237 -0.39861211
v 0.21101250 -0.09499100 -0.33396751
v 0.17466450 -0.10480475 -0.36084351
v -0.20681600 0.11717400 -0.36486301
v 0.21047513 0.20295250 -0.35990211
v -0.20329601 0.14801550 -0.19936150
v -0.21475494 0.08066332 0.35709932
v -0.21938300 0.01286550 0.35138801
v -0.21871513 0.01785938 0.35389999
v -0.22004062 -0.11369775 0.35008714
v -0.22022825 -0.15057325 0.35061401
v -0.21919163 -0.10792731 0.35215801
v -0.21890062 0.18150599 0.35271087
v -0.20948850 0.13208750 -0.32984450
v -0.21586075 -0.03768500 0.31542626
v 0.16495000 -0.03101300 0.32439399
v 0.19077425 0.14650799 0.19074975
v 0.20556213 0.09413519 0.32574737
v -0.08207850 0.14883874 -0.35375699
v -0.20587550 0.14565550 0.07593100
v -0.19907662 0.16253150 0.08477288
v -0.19923650 0.15905400 0.09345075
v -0.20718925 0.14675125 -0.02399750
v 0.20282251 0.04489550 -0.31937751
v 0.03763400 0.14810100 -0.35608849
v 0.03939681 0.14861882 -0.34851375
v 0.07745919 0.14990662 -0.35954794
v 0.07582900 0.14863500 -0.35517401
v 0.15211025 0.14827013 -0.34205249
v -0.10111250 0.14199500 0.34891349
v 0.02897775 0.14161763 0.35296774
v 0.08337200 0.14506900 0.36076099
v 0.15950863 0.14370413 0.32880449
v 0.18010075 0.14346024 0.32027251
v 0.19382100 0.14218999 0.24161662
v 0.20879537 0.14699300 -0.23224625
v -0.06115675 0.21927325 0.40018082
v 0.20504862 -0.02853300 0.34432563
v 0.20876500 -0.21352550 -0.35879025
v 0.24951963 0.22357631 0.02199569
v 0.18165193 -0.02278475 0.32013562
v -0.18204056 0.14998125 -0.36542407
v -0.19047460 0.13999274 -0.36564499
v -0.20753901 0.17050056 -0.36391369
v 0.24855331 0.22171037 0.08553387
v 0.24799231 0.22242425 0.11942656
v 0.18057925 0.20988169 -0.16931956
v -0.20201437 0.13343513 -0.36575544
v -0.22585380 0.23054409 -0.21189368
v -0.22494151 0.21231581 -0.28253901
v 0.21243650 0.15078594 -0.22298850
v 0.19273700 0.14425400 -0.31909150
v 0.16177200 0.17227100 -0.31195399
v -0.16357100 0.16724700 -0.30881351
v -0.17314599 0.21067488 -0.19598925
v -0.18159987 0.21059319 -0.20095800
v 0.24658100 0.22068875 0.21524025
v 0.18952399 0.13176337 -0.36027551
v 0.17985362 0.13183506 -0.36010629
v -0.24492399 0.22952500 -0.37401301
v 0.12914300 0.15829800 -0.34531900
v 0.16648212 0.14845894 -0.31825551
v -0.17306100 0.21167150 -0.19082750
v 0.18350200 0.13879800 -0.31908274
v 0.16212150 0.14951700 -0.33860001
v -0.24177849 0.23062600 -0.38724649
v 0.16836944 0.07557338 0.36288562
v 0.16385138 0.06497537 0.33712351
v -0.14573400 0.15029199 -0.36442101
v 0.19690788 0.15004012 -0.18515176
v -0.18844105 0.11992730 -0.36562759
v 0.12002033 0.21026716 -0.19708733
v 0.16458175 0.07888325 0.34214151
v 0.21390525 0.07266725 -0.35643724
v -0.12541294 0.15628532 -0.36475387
v 0.21032649 0.08650888 -0.35989225
v -0.11687212 0.15907744 -0.34927830
v 0.20142426 -0.11173906 -0.32063782
v 0.20341200 0.06174550 0.36204264
v -0.08833644 0.21863572 0.39978185
v 0.17702387 0.09510000 -0.36026457
v 0.02755481 0.21827960 -0.40043488
v 0.16443600 0.11098375 0.34984082
v 0.18660276 -0.08606113 -0.32035550
v 0.24241075 0.21559638 0.38390464
v 0.11915250 0.14440949 0.36140549
v 0.20551175 0.06713081 0.33601189
v 0.17390887 0.09262222 -0.33437032
v 0.06311275 0.17961925 -0.36053625
v 0.04578850 0.19965437 -0.34503010
v 0.20502213 0.07285587 0.34784311
v 0.20576356 0.07815888 0.33751762
v -0.18037981 -0.19549012 0.32467809
v 0.19338231 -0.07059319 -0.32043159
v 0.16442975 0.13242425 0.35414326
v -0.16170438 0.21959287 -0.40356237
v -0.18038657 -0.17218298 0.33118200
v -0.18025035 -0.14676666 0.33218354
v 0.07967100 0.20403101 0.40127400
v 0.23113599 0.20304599 0.39387751
v 0.01351637 0.21031725 -0.33566374
v 0.16460800 0.13699199 0.34170401
v 0.00424500 0.21159400 -0.32605001
v -0.15303575 0.22886625 -0.40389726
v -0.05757781 0.15761957 -0.34816694
v 0.12474844 0.16928682 0.34061432
v -0.13481162 0.21833776 -0.40319544
v 0.04805788 0.15196787 -0.36156237
v 0.18367200 0.19348513 0.28228101
v -0.19396999 0.12033569 -0.32532239
v 0.20720850 -0.04609600 -0.36107475
v -0.12271094 0.22613162 -0.40308076
v -0.08290550 0.21179050 -0.30840099
v 0.18179975 0.14383425 0.29664224
v 0.01653975 0.16827346 -0.36135864
v -0.04561463 0.16609269 -0.36244413
v -0.05973566 0.22604306 -0.40219635
v 0.18467487 0.20204088 0.36546561
v 0.18894325 0.02155769 -0.31885356
v 0.20081300 0.19827300 0.36593524
v -0.02068620 0.16117628 -0.36237019
v -0.02577156 0.19436044 -0.36113775
v 0.19031268 0.14876249 0.21651387
v 0.20304736 -0.02705234 0.36099684
v 0.20146722 -0.07114390 0.36084285
v 0.15192924 0.18097775 0.31385174
v -0.17064187 -0.18469338 -0.34226325
v 0.20415699 0.18855751 0.36318901
v 0.21283275 -0.01881294 -0.33515120
v 0.21234000 -0.01328200 -0.33064401
v 0.19861275 -0.00256138 -0.31992412
v -0.01185887 0.17253999 -0.36166251
v 0.21189401 -0.04671000 -0.33869401
v 0.18941669 -0.01124706 -0.36064681
v 0.20545475 0.15003400 0.34533837
v 0.18401656 -0.21311106 -0.36181206
v -0.02005287 0.17520137 -0.36186630
v 0.20389649 0.14478187 0.30184925
v 0.20489350 0.16430213 0.35816649
v 0.15668824 0.18418100 0.30829650
v -0.21908300 0.08113825 0.35367501
v 0.17998028 0.00731175 -0.36025336
v -0.17590675 0.09007925 -0.36533085
v -0.00600281 0.16964756 -0.36180282
v 0.19023301 0.01762600 -0.31982499
v 0.17289899 0.02939200 -0.33443138
v -0.18278338 0.03646056 0.31602725
v 0.20501788 0.16162024 0.34596249
v 0.17404075 -0.00916325 -0.36043450
v -0.02080175 0.18780412 -0.36145130
v -0.17932132 0.02467638 0.33211467
v 0.20597075 0.17513999 0.33672875
v 0.01595937 0.15269862 -0.36192963
v 0.20516585 0.01796956 -0.31967413
v -0.03012400 0.15726587 -0.36255455
v 0.11952506 0.21809575 0.40371612
v 0.17515025 0.03441038 -0.36059549
v -0.03901058 0.15897964 -0.36286002
v -0.17910409 0.05610656 0.33164418
v -0.21775863 0.09961450 0.35617211
v -0.04363750 0.21695000 -0.40180400
v 0.20095900 0.12767094 0.36472264
v 0.20555362 0.18247375 0.33506712
v -0.00099209 0.19487144 -0.36084694
v -0.00438600 0.20512000 -0.36081201
v 0.00451800 0.19933800 -0.34565601
v -0.20894825 -0.08709225 -0.36410275
v -0.20676650 -0.08138000 -0.36536300
v -0.21912712 0.12018912 0.34351051
v -0.21898404 0.11308528 0.32902047
v 0.02903056 0.19041522 -0.36049965
v 0.16415875 0.12132950 0.34101874
v 0.17151600 -0.05080850 -0.33031076
v 0.20527135 0.10010587 0.33923212
v -0.19398750 0.12453100 0.35824826
v -0.20644963 0.12590726 0.35869089
v -0.21863043 0.13868906 0.33539039
v 0.02089300 0.21151800 -0.32869101
v -0.10855928 0.21158184 -0.23818956
v -0.21440025 0.13979450 0.35776737
v -0.20722313 0.13045487 0.35789925
v 0.19409418 0.15020250 0.00086188
v 0.20176275 -0.20515893 0.35813487
v 0.19382319 0.15619449 0.01481206
v -0.19169740 0.13064168 0.35785854
v 0.18052068 -0.07165781 -0.32037082
v 0.01118006 0.21936660 -0.40065673
v 0.20897324 0.14871626 -0.00070700
v 0.21070351 -0.11586700 -0.34984925
v -0.19452825 0.21374924 -0.40391251
v -0.25079006 0.22458987 -0.03514731
v 0.20948850 0.14891787 -0.03250638
v -0.18072125 0.10070287 0.31689924
v 0.20179094 -0.17228985 0.35884872
v 0.21016000 -0.12700251 -0.35597476
v 0.24463101 0.21836263 0.35206699
v -0.19905375 0.20777225 -0.36560425
v 0.00125850 0.20585901 0.32213399
v 0.24507363 0.21904375 0.31505662
v -0.17590401 0.20882450 0.15709725
v 0.17445375 0.11562700 -0.33821699
v -0.20388515 0.10808363 -0.36556450
v -0.01261400 0.20589700 0.32595599
v 0.17069525 -0.11951400 -0.33994675
v -0.16670249 0.16922951 -0.36508501
v -0.15255301 0.16003326 -0.31966424
v -0.23322521 0.23077488 -0.36025482
v 0.16539325 0.04669238 0.32239676
v -0.17313050 0.21172725 -0.20508200
v 0.24589756 0.22003275 0.26063243
v 0.14618590 0.14796528 -0.34859064
v 0.16956663 0.14850588 -0.30729988
v -0.00856600 0.18995750 0.34415999
v 0.17675759 0.14898744 -0.31848738
v -0.19045162 0.17126800 0.35828087
v -0.19570975 0.16248649 0.35809776
v -0.25235787 0.22597244 0.34703064
v -0.17861301 0.20881900 0.16553199
v 0.21115337 0.11748362 -0.35980374
v -0.18112300 0.20765200 0.16320001
v 0.24742600 0.22150175 0.15965424
v 0.21530925 0.12351250 -0.35266700
v -0.20864525 0.09755975 -0.36230275
v -0.19059013 0.15660718 0.28300625
v 0.17723250 0.20993800 -0.18532249
v 0.20934144 0.13988137 -0.35983995
v -0.20870137 0.10427062 -0.34974411
v -0.17220713 0.12115675 -0.32477576
v 0.00835366 0.14969687 0.35937327
v 0.16644800 -0.12923163 0.35883874
v -0.05312681 0.20490518 0.39869589
v 0.17938067 0.21003850 -0.29153889
v 0.17664801 0.20101337 -0.35951069
v -0.16974925 0.05803275 -0.36503676
v -0.18604925 0.13237825 -0.32519618
v -0.16857184 0.05161550 -0.35890710
v 0.20888913 -0.21794750 -0.34344238
v 0.25178418 0.22387122 -0.13175075
v -0.18960275 0.20774275 0.15523624
v -0.16838625 0.08682825 -0.35541451
v 0.20447581 -0.07930875 0.35761213
v -0.21624587 -0.05579387 0.35524249
v -0.10362400 0.20369449 0.35804576
v -0.18648638 -0.16842531 -0.32557794
v -0.20820212 -0.16379063 -0.36518201
v 0.16901200 -0.21997100 -0.34598151
v -0.18261001 0.20891400 0.14976600
v -0.13730663 0.14425187 0.35729238
v -0.17918225 0.04141300 0.32873464
v -0.20390788 0.08837737 0.35711849
v -0.17883304 0.07962187 0.32492399
v -0.21544625 0.16112712 0.35785589
v -0.21886501 0.14746812 0.32652405
v -0.25213188 0.22290513 0.05138825
v -0.20040444 0.14493887 0.35786745
v -0.25243089 0.22261837 0.07399075
v -0.19204500 0.14457300 0.31551501
v -0.20522244 0.06914856 -0.36536586
v -0.21138875 0.15113775 -0.04848437
v -0.19920900 0.19749901 0.16533899
v -0.21319769 0.18297137 0.35841736
v -0.19438550 0.06248713 -0.36569825
v -0.19715750 0.16479437 0.27617589
v -0.20910449 0.01615000 -0.34213701
v -0.21429449 0.14975449 0.13777950
v -0.20240025 0.21837050 0.39806500
v -0.18813901 0.20404699 0.28533101
v -0.20218401 0.14631151 0.08442800
v -0.25479677 0.22272150 0.23569985
v -0.20109899 0.18258750 0.27099350
v -0.19801757 0.15572456 0.06238850
v -0.23659490 0.22560009 0.37114581
v -0.17954201 0.17862700 0.35827300
v -0.24517238 0.22638585 0.31528264
v -0.19800544 0.19763063 0.16003463
v -0.19903712 0.19720137 0.15130037
v -0.19733128 0.07456400 -0.36582991
v -0.21833500 0.17192200 0.31866500
v -0.19446625 0.21071500 -0.03501875
v -0.21007487 0.15202363 -0.12621900
v -0.17881003 0.10832813 0.34481701
v -0.21918188 0.13430643 0.34184045
v -0.17884569 0.09948231 0.33471206
v 0.17085025 -0.23029050 0.32420176
v -0.21861425 0.12966363 0.35413489
v -0.17923497 0.04346425 0.34812635
v -0.21938699 0.07812250 0.33713925
v -0.21934050 0.00477575 0.33346900
v -0.20003425 -0.20637675 -0.32612088
v -0.19591850 -0.22119462 -0.36610311
v 0.16586250 -0.04691450 0.32076588
v -0.20843337 0.13377400 -0.36202464
v 0.24992751 0.22793087 -0.13070512
v -0.16535351 0.20958450 0.08136525
v -0.19288000 0.16044888 -0.25247800
v 0.10938975 0.22787787 -0.39917964
v -0.18117137 0.12995732 -0.36558744
v 0.18321438 0.16150813 -0.35973224
v 0.19828600 0.17111900 -0.27419099
v 0.16482849 0.01526919 0.34316149
v -0.18065725 0.15077275 -0.32261249
v 0.18368225 0.20861550 -0.18136901
v -0.17959487 0.14158428 -0.36554062
v -0.17931356 0.15898141 -0.36529934
v 0.16801025 0.03599250 0.36209351
v 0.16424350 0.04330975 0.36106351
v -0.18857725 0.15464963 -0.36545399
v 0.04180747 0.14963165 0.34482259
v 0.12455037 0.21086200 -0.31142738
v -0.16145213 0.15797088 -0.31123224
v 0.18976025 0.14896813 -0.30756113
v 0.17317601 0.15010674 -0.33897051
v -0.25411123 0.22268668 0.19054841
v -0.00887275 0.20483150 0.32473901
v -0.00544787 0.20436075 0.33272332
v -0.16864400 0.21764199 0.39861199
v -0.16186863 0.19268538 -0.30904064
v 0.24511001 0.20568500 0.23079801
v -0.19718243 0.15261656 0.00045119
v 0.16464876 0.09148525 0.34593025
v -0.00780219 0.22669069 0.23604269
v -0.17230800 0.19543250 0.30152950
v 0.21333475 0.06786800 -0.35801399
v 0.21020851 0.06444400 -0.36000699
v -0.25301549 0.22357699 0.12181900
v -0.13880976 0.17012663 0.33613136
v 0.00177753 0.22155832 -0.40090704
v 0.17304662 -0.05869950 -0.36061901
v 0.20526788 0.09649663 0.34909424
v 0.19736800 -0.08096550 -0.36088800
v 0.18181150 -0.05247825 -0.36101824
v -0.06266450 0.15858582 -0.36338693
v 0.20538156 0.12905619 0.33667117
v 0.01409387 0.18885928 -0.36072758
v -0.19440250 0.06460243 -0.32543406
v 0.21234238 -0.03541200 -0.35127464
v 0.15807199 0.19365500 0.30757901
v 0.18339799 0.16210049 0.28308049
v -0.03384156 0.20104168 -0.36131263
v 0.18461099 0.02458600 -0.36017105
v 0.04322312 0.15111363 -0.34682763
v 0.21168150 -0.05034750 -0.35735199
v 0.10771400 0.22728850 0.11164850
v 0.02628300 0.22898850 -0.19955251
v 0.20805538 -0.10070300 -0.36077762
v 0.12018400 0.21519651 0.02136275
v 0.19604024 -0.04091350 -0.36065975
v 0.10540275 0.22803225 -0.02622075
v 0.17402525 0.08685956 -0.34723032
v 0.04599800 0.22901000 -0.25973925
v -0.16559212 0.14805688 0.30862999
v 0.18976818 -0.04748744 -0.32023361
v 0.16957350 0.13037875 0.36397076
v -0.07716750 0.15779901 -0.34859750
v 0.05983825 0.20425776 -0.35976574
v 0.17167100 -0.05364700 -0.33610499
v 0.14555788 0.14881450 -0.33175775
v -0.18244050 0.22604375 -0.40359125
v 0.12953256 0.19514300 -0.34337464
v 0.17077075 0.14801975 -0.35744351
v 0.19808331 0.15020549 -0.24928463
v 0.19969501 0.14717175 -0.30105251
v 0.19844225 0.14245975 -0.31794024
v 0.21557988 0.12620363 -0.32450351
v 0.20142725 0.13671750 -0.31884900
v 0.19634150 0.19752650 -0.18355750
v 0.20171842 0.15968905 -0.35984805
v 0.16865002 0.18550238 -0.35944813
v 0.00405600 0.20576000 0.32761499
v 0.17570224 -0.10800687 -0.32062238
v 0.16458069 0.06975450 0.34429020
v -0.21956432 -0.07109638 0.35210532
v -0.21953487 -0.04142438 0.35170299
v -0.20421150 0.14367425 0.29799974
v -0.20096301 0.14342099 0.28909975
v -0.17029400 -0.11881713 -0.34600350
v 0.19370800 -0.19587225 -0.36162201
v -0.19786100 0.15765300 0.35921401
v -0.19331700 0.19529000 -0.19984999
v -0.17272501 0.16295400 0.30132201
v -0.18501879 0.09486405 -0.32517579
v -0.16497013 0.18482737 0.30695975
v 0.20919150 -0.22137463 -0.35400099
v -0.17630537 0.10747425 -0.36540812
v 0.16523875 -0.01485275 0.33491901
v -0.19503126 0.15340050 -0.12652344
v -0.24094866 0.22974053 -0.03822922
v 0.19432975 -0.22482382 -0.33202264
v -0.18272375 0.07665375 0.31604663
v -0.18645500 0.07433700 0.31661099
v 0.20457774 0.05343463 0.32215613
v -0.13151300 0.20267500 0.34247601
v -0.20322862 0.05411813 -0.36570838
v -0.13996676 0.14986950 -0.35074574
v -0.20828851 -0.13028274 -0.36537224
v -0.18025075 -0.12491675 0.33455899
v -0.21574999 -0.11270600 0.35472700
v -0.15935250 0.20375125 -0.31085601
v 0.19302900 0.22822601 -0.29985100
v 0.25127074 0.22354713 -0.09713788
v -0.17945050 0.00534775 0.31889036
v 0.16961400 0.19468875 -0.30288976
v 0.17858949 0.20897751 -0.17120300
v 0.19745600 0.14891601 -0.29032251
v 0.12435807 0.19177525 0.34078544
v -0.17976876 -0.05336250 0.32184801
v 0.18359224 0.11785237 -0.31922749
v 0.18235449 0.15141600 0.28423849
v 0.19666694 0.00542400 -0.31941682
v 0.21352850 0.05293900 -0.32132599
v -0.01588300 0.19199075 -0.36144501
v 0.17548656 0.21755819 0.40368313
v 0.05276825 0.21079698 -0.23652172
v -0.16734925 0.12171775 -0.36063874
v 0.17262250 0.06029825 -0.32629576
v 0.17038800 0.20582651 0.17226700
v 0.21039875 0.20377350 0.35821351
v 0.17310600 0.04308075 -0.34071338
v 0.24442799 0.20405699 0.37264100
v -0.22871421 0.23036022 -0.15669103
v 0.17407501 0.13271300 -0.34801400
v 0.18818100 0.14867274 -0.29075426
v 0.21469250 0.12166613 -0.32542363
v 0.03344275 0.22647651 0.23958875
v 0.15459275 0.14100775 0.34746450
v -0.18013175 -0.15930900 0.34562200
v -0.18559951 0.01205400 0.31601939
v 0.20544125 0.04906700 0.33278382
v 0.07931591 0.14887716 0.34559613
v 0.20944574 -0.18093200 -0.35746899
v -0.16369399 0.15085176 -0.33495525
v -0.16834974 0.11294194 -0.35251239
v -0.19774026 0.18209726 -0.36558700
v 0.19740200 0.16981301 -0.27605900
v 0.16541301 -0.03965500 0.33155701
v -0.20824499 0.18157326 -0.36141500
v -0.21260551 0.19852100 0.05692500
v 0.18563525 -0.17025375 -0.36141950
v 0.20407075 -0.19838312 -0.36179462
v 0.20510769 0.05296662 0.34672451
v 0.16366000 0.09537300 0.35277700
v -0.21870075 0.17084400 0.34348699
v -0.20882300 0.08391875 0.31689900
v 0.16523300 0.11635800 0.32765999
v 0.21523300 0.13781200 -0.33316687
v 0.17284350 0.20986950 -0.17401500
v 0.18439844 -0.14416300 -0.36136320
v 0.19805962 0.12390325 -0.36026013
v 0.17278793 0.02114569 -0.33937588
v 0.16261625 0.06651450 0.35371000
v 0.16890000 0.20709400 0.16067199
v 0.16687025 0.20694150 0.17117400
v 0.11829375 0.21605775 0.04739263
v 0.01701450 0.19741850 -0.34554151
v 0.21128118 0.15071744 -0.14986925
v 0.20503600 0.18525951 0.35279801
v -0.17958587 -0.01763519 0.32891819
v -0.21363725 0.15763099 0.10094350
v -0.08897550 0.15005051 -0.36267874
v 0.08398694 0.20574994 0.29215983
v -0.16869712 0.14354800 -0.33649501
v -0.17125875 0.15011725 -0.31942099
v 0.20915231 -0.20158556 -0.34652331
v 0.00117700 0.19317900 0.34434301
v 0.18417400 0.20795700 0.09067800
v -0.16852175 0.07098813 -0.35890901
v 0.21046899 -0.11265000 -0.35727400
v -0.23298569 0.22893156 0.07496700
v 0.13326637 0.20949775 -0.08481453
v 0.01470900 0.21150100 -0.32268700
v 0.15870900 0.19126000 -0.31403899
v 0.08508500 0.15640438 -0.34603006
v 0.19365306 0.10730656 -0.36009619
v 0.17325050 0.04926175 -0.34151500
v 0.02300234 0.21037878 -0.14325106
v -0.23492269 0.23005675 -0.09311331
v 0.07796513 0.21846575 0.40307474
v 0.19617000 0.02567725 0.36271238
v 0.02031681 0.20740578 0.20573872
v 0.16429600 0.12062000 0.35666800
v -0.03834663 0.20746100 0.22056137
v 0.17222500 -0.00969900 -0.34158149
v 0.16436288 0.03147525 0.34940612
v -0.11965860 0.22101888 0.39959392
v -0.18508250 0.22523150 0.39119750
v -0.19779424 0.22483601 0.39730012
v 0.16548525 -0.12590276 0.33762825
v 0.20496149 -0.15641551 0.35604250
v -0.17788713 0.14277075 0.31435576
v -0.21929750 0.12933651 0.32857651
v -0.20202650 0.00317875 -0.36590776
v -0.17393950 -0.00809650 -0.36589351
v -0.17663001 -0.01750250 -0.36529201
v -0.20495901 -0.02560500 -0.32528701
v -0.18616885 0.23049076 -0.31386513
v 0.04274525 0.22552216 0.31642082
v 0.14101282 0.22569281 0.26183251
v -0.01709500 0.22927424 -0.21255675
v -0.14614171 0.22643924 0.30018702
v -0.09114050 0.22799376 0.14226975
v -0.19613551 -0.07772650 -0.32565650
v -0.20370650 -0.20731400 -0.36651799
v -0.20190024 -0.10343700 -0.36606401
v -0.19918700 0.21273576 -0.37310049
v -0.19103500 0.09792362 0.35723737
v -0.20853962 0.12516224 -0.34406501
v -0.20836513 0.16185112 -0.34481975
v 0.16517413 0.08665337 0.32775179
v 0.18025738 -0.17685699 0.31707951
v -0.19559535 0.18254638 -0.07490544
v -0.19827418 0.16955331 0.08288622
v -0.05944100 0.20099249 -0.34674251
v 0.18305400 -0.05102906 0.31967950
v 0.04721656 0.20667748 0.24710330
v 0.19368801 0.05256850 0.32202551
v -0.05270200 0.19411451 0.34352750
v -0.09159412 0.22934712 -0.09134687
v -0.01298425 0.20993382 -0.06089975
v 0.07281050 0.17457651 0.34552199
v -0.10554050 0.22992750 -0.25545701
v -0.19799168 0.23050955 -0.28205228
v -0.10829147 0.21106726 -0.14552613
v -0.09552857 0.21163060 -0.25887004
v -0.11004744 0.21131572 -0.19274047
v -0.08570115 0.21103044 -0.16112144
v -0.00173312 0.20707831 0.23623143
v 0.19039363 -0.01809125 -0.31989911
v -0.01222845 0.22760122 0.14688025
v 0.02611888 0.22875248 -0.10522565
v 0.20476100 0.14998101 0.36017001
v -0.03578594 0.21119256 -0.23303804
v -0.15867043 0.23016059 -0.21387936
v -0.10296292 0.22968312 -0.16305217
v -0.13895191 0.22916664 -0.00640262
v 0.05506350 0.20621525 0.27582601
v -0.03138178 0.22623706 0.28576082
v -0.15074553 0.21183984 -0.24179731
v -0.10128425 0.20876503 0.13899836
v 0.05074700 0.20817113 0.11517369
v 0.11430700 0.22393800 0.40120801
v -0.06577575 0.21129669 -0.22656885
v -0.10816888 0.21069381 -0.09373725
v -0.00423909 0.22799690 0.08780281
v -0.09885488 0.22997600 -0.29222158
v 0.19740613 0.16295634 0.36537856
v 0.06277125 0.22726038 0.14910725
v -0.15983719 0.22996284 -0.14695737
v -0.12146541 0.21028434 -0.03110417
v 0.17121001 -0.07900525 -0.32624751
v 0.00697756 0.21101429 -0.23924875
v -0.10838528 0.20955765 0.05279613
v -0.14774926 0.22864801 0.08030317
v -0.07568707 0.22735760 0.20234564
v 0.21246575 -0.01546200 -0.34971824
v -0.01665762 0.20692825 0.25932962
v -0.02826438 0.22475076 0.39830026
v -0.17825513 0.22973725 -0.08258594
v 0.12081493 0.20728771 0.16441366
v 0.08258575 0.21054144 -0.21891612
v -0.23313816 0.23066016 -0.24773556
v 0.12916787 0.20851751 0.03322675
v 0.13209313 0.20892963 -0.01567513
v -0.18238263 0.22994372 -0.11917269
v 0.09585682 0.22780176 0.03986350
v -0.17464501 0.17991400 -0.36511999
v -0.20047891 0.23028412 -0.17221887
v 0.17184456 0.22675118 0.14917824
v 0.12597525 0.20768994 0.12585019
v 0.17604101 -0.13336150 -0.32071251
v 0.00630275 0.22947943 -0.35188344
v 0.06311209 0.21032469 -0.16884762
v -0.20460954 0.23015212 -0.13948499
v -0.09443422 0.20798010 0.20659703
v 0.21193713 -0.05760438 -0.34309950
v -0.15368150 0.15083700 -0.33697799
v -0.09027825 0.20708850 0.27028465
v -0.19459014 0.22946045 -0.02251703
v -0.15312281 0.22783419 0.18317296
v -0.23006661 0.23051167 -0.18614727
v 0.20078875 -0.01147200 0.36208650
v -0.19289769 0.18770975 -0.23152113
v 0.11011423 0.22844118 -0.15323925
v -0.21253100 0.22975974 -0.05951620
v 0.13493168 0.20976269 -0.11787381
v -0.10519400 0.20766118 0.23365100
v -0.13383463 0.20869875 0.15837462
v 0.21141025 -0.08298150 -0.33972424
v -0.21265009 0.22922444 0.02321231
v 0.18001713 -0.18365601 -0.32115963
v -0.10076363 0.20655763 0.31110200
v 0.10701710 0.21014661 -0.16570276
v 0.19241525 -0.19609000 -0.32077226
v 0.11172237 0.21063462 -0.25650507
v 0.22401232 0.22679013 0.11059919
v -0.21552688 0.22822811 0.15913124
v -0.15066525 0.20804825 0.22143525
v -0.14901219 0.22552532 0.36889538
v -0.23967944 0.22863312 0.11391187
v -0.21927018 0.22783157 0.19764146
v -0.21956609 0.22742037 0.23442240
v -0.19776057 0.19257832 0.06426468
v 0.19335462 -0.09106369 0.36033618
v 0.17462251 0.12678550 -0.34965625
v 0.21450438 0.10030387 -0.33332711
v 0.14811482 0.20997131 -0.16873819
v 0.14899294 0.21038331 -0.24370119
v -0.20004171 0.18694581 0.20771031
v -0.20884763 0.05633675 -0.34307799
v 0.19636038 0.19416849 -0.15903915
v 0.18263623 0.22821774 -0.22581728
v -0.18080500 0.00021800 -0.36535850
v -0.14440875 0.14292125 0.34365550
v -0.21670350 0.17532501 0.31282151
v -0.16117212 0.14289887 0.33999676
v -0.21839863 0.18045062 0.33379376
v -0.21211638 0.04830487 0.31628612
v -0.21910176 0.06392225 0.32762975
v -0.20281801 -0.12841751 -0.36638150
v 0.17324200 0.21105100 -0.36765900
v -0.21918750 0.05144325 0.33831424
v -0.20241500 -0.15985900 -0.36610299
v -0.17063349 -0.20500199 -0.34886149
f 761 2 1483
f 1855 11 860
f 4 70 69
f 2231 58 900
f 1424 995 89
f 165 1341 1812
f 52 822 38
f 77 1784 775
f 98 720 804
f 460 106 87
f 504 749 259
f 2199 1449 81
f 161 763 159
f 753 983 985
f 236 195 173
f 286 461 281
f 185 182 142
f 8 1162 186
f 937 202 782
f 1421 489 83
f 983 847 1592
f 715 1345 214
f 121 1751 1066
f 1003 1276 1587
f 1061 266 240
f 126 132 1710
f 1102 254 251
f 264 265 667
f 685 676 137
f 1115 268 649
f 145 147 970
f 1118 2222 289
f 1651 282 1545
f 1120 278 1650
f 1113 290 280
f 1151 1637 1150
f 148 167 166
f 1795 1711 806
f 351 345 1290
f 262 178 1452
f 319 366 163
f 178 1073 1452
f 400 398 401
f 401 414 400
f 445 1272 381
f 236 1420 195
f 478 1201 494
f 455 484 1162
f 276 637 573
f 1231 454 453
f 1565 529 512
f 447 1865 1995
f 1995 1996 1256
f 1293 486 1004
f 307 274 306
f 1500 576 315
f 181 856 1049
f 566 567 696
f 479 572 357
f 1099 1570 581
f 1203 575 343
f 354 586 1204
f 593 1143 1169
f 301 1903 1566
f 1163 305 1164
f 1413 415 1676
f 1033 1183 996
f 1842 1381 1132
f 1489 288 651
f 672 670 673
f 1799 1093 1170
f 698 227 1054
f 1054 1336 698
f 835 805 1021
f 714 867 717
f 97 1392 1678
f 177 1571 1701
f 1658 742 142
f 1228 817 577
f 53 41 42
f 1466 67 1056
f 122 114 874
f 1368 1067 1420
f 1313 1513 1277
f 1982 1310 1598
f 575 374 378
f 849 1089 759
f 806 1565 1795
f 492 458 490
f 973 458 893
f 495 493 1652
f 474 499 501
f 868 1634 722
f 182 185 1674
f 778 779 44
f 565 1400 1401
f 62 778 44
f 50 1259 723
f 892 1679 1327
f 426 490 421
f 894 442 444
f 969 407 1494
f 474 1619 898
f 900 63 2231
f 898 1414 984
f 917 2059 158
f 132 133 922
f 929 930 283
f 307 284 356
f 284 929 356
f 307 356 932
f 934 1557 612
f 935 274 932
f 1427 957 1473
f 1453 249 939
f 940 589 249
f 249 587 939
f 237 1498 636
f 950 158 951
f 1725 183 739
f 973 1491 501
f 973 894 1491
f 984 408 482
f 389 990 393
f 1406 2288 524
f 421 392 426
f 881 439 889
f 980 1750 2061
f 998 883 1496
f 594 943 944
f 1007 952 1006
f 619 1632 1705
f 829 840 2232
f 226 234 246
f 1015 1016 830
f 822 52 844
f 77 824 852
f 814 85 801
f 1403 805 1031
f 1238 491 484
f 1611 9 768
f 185 1826 1964
f 134 790 1387
f 2020 815 1633
f 1341 1377 1812
f 1983 32 43
f 1448 1450 855
f 173 749 236
f 917 158 950
f 665 1547 664
f 856 94 179
f 192 1540 1467
f 765 1700 734
f 1702 791 200
f 93 823 1081
f 147 146 754
f 785 786 1770
f 218 1057 1032
f 1333 1328 678
f 1801 657 1661
f 254 1102 1106
f 240 266 2101
f 289 1123 1118
f 1647 1138 1137
f 725 726 907
f 1640 1641 2357
f 185 1968 1365
f 741 848 1045
f 265 1505 667
f 317 598 1135
f 887 747 925
f 1442 892 748
f 1804 1670 1729
f 16 802 25
f 1505 1139 667
f 574 599 1214
f 358 2127 351
f 1161 365 574
f 1167 239 1166
f 1168 1340 1229
f 1529 347 1230
f 1267 1178 1266
f 451 1176 1253
f 634 996 1183
f 1703 1348 1535
f 432 414 401
f 1196 1750 980
f 1153 987 1197
f 58 1280 872
f 1566 1903 630
f 467 478 1612
f 1202 1203 343
f 1053 2079 314
f 101 124 1070
f 362 372 327
f 484 455 1238
f 1080 792 93
f 800 818 209
f 27 1908 425
f 1562 378 374
f 1433 2084 371
f 1786 2302 470
f 543 500 542
f 718 500 543
f 1210 2177 3
f 1232 553 388
f 572 479 1216
f 357 572 378
f 1219 1206 1223
f 843 1246 476
f 465 845 1361
f 1250 1332 484
f 1250 1188 1332
f 1252 463 1254
f 557 1287 1342
f 443 1828 1243
f 554 1175 410
f 531 1233 1275
f 205 1108 1537
f 1285 359 381
f 1569 1244 692
f 1288 364 578
f 2199 1580 1449
f 349 1165 1281
f 96 2273 876
f 104 869 475
f 353 1625 1158
f 1101 1279 1124
f 593 339 1143
f 326 1830 325
f 335 324 332
f 1295 180 1108
f 98 117 115
f 1155 1156 1159
f 37 1524 885
f 111 112 1034
f 621 1304 2139
f 292 627 1135
f 1307 1081 823
f 1319 97 1317
f 660 1323 661
f 776 2167 1662
f 1508 694 663
f 300 1398 127
f 1985 51 1334
f 697 2156 1663
f 1027 695 694
f 1599 1348 1703
f 1346 218 724
f 1768 213 1017
f 1346 724 204
f 1079 1435 1771
f 1719 777 781
f 733 765 734
f 1722 735 1787
f 735 190 1787
f 107 1359 762
f 402 742 1658
f 83 179 94
f 1969 2297 1968
f 980 2061 752
f 1990 1525 1030
f 145 970 169
f 169 24 36
f 23 36 24
f 1060 154 2164
f 120 773 119
f 1820 1056 143
f 143 141 1388
f 188 1076 1776
f 1386 780 937
f 1051 127 1398
f 62 709 174
f 442 893 490
f 1355 765 733
f 1798 876 585
f 133 909 910
f 909 133 126
f 433 1413 1414
f 363 408 368
f 1417 77 775
f 298 271 587
f 1394 916 911
f 283 592 589
f 2297 1969 2267
f 447 1995 1256
f 674 676 633
f 1470 155 1440
f 1429 933 229
f 633 933 1429
f 674 137 676
f 2018 1023 719
f 1881 1883 2243
f 957 1426 704
f 1444 75 73
f 1445 73 737
f 1863 1038 222
f 991 899 1441
f 986 16 979
f 1453 1547 640
f 1453 1696 941
f 592 941 1696
f 802 16 5
f 1455 1153 1503
f 64 19 877
f 698 1336 1147
f 858 622 1587
f 855 1450 1458
f 942 229 246
f 899 1428 1298
f 1484 708 844
f 1469 133 910
f 166 716 148
f 240 691 1061
f 863 1662 2167
f 617 674 1473
f 584 592 1696
f 136 1388 1051
f 1501 254 1064
f 1477 942 246
f 589 587 584
f 681 472 997
f 141 143 1056
f 169 970 24
f 263 4 776
f 1235 596 961
f 1541 1845 1664
f 183 1411 184
f 1008 1511 2194
f 211 152 1785
f 492 490 990
f 1353 2116 1434
f 448 444 450
f 444 448 894
f 257 1083 258
f 442 452 450
f 1401 1400 1840
f 890 389 392
f 702 1028 703
f 251 254 1501
f 1659 675 1396
f 2128 1326 1407
f 1315 662 666
f 1655 1103 1653
f 684 320 1018
f 1137 1301 1182
f 1116 1113 280
f 324 611 332
f 619 831 1632
f 601 329 1192
f 1151 1150 1146
f 727 1744 1372
f 240 2101 635
f 395 1234 1251
f 741 1045 1046
f 1915 1211 1824
f 1271 383 1270
f 386 363 368
f 395 404 527
f 1313 90 1534
f 74 786 1550
f 613 602 663
f 1205 1223 1206
f 1736 1133 1135
f 186 1162 1216
f 1555 981 430
f 902 469 452
f 177 1701 1975
f 1559 630 1732
f 469 481 452
f 469 448 481
f 501 1491 474
f 1591 1822 422
f 1228 642 817
f 1354 2243 1360
f 567 566 1713
f 1433 1215 361
f 566 596 1235
f 194 205 1537
f 160 2 761
f 608 1210 552
f 907 726 217
f 1354 1360 2113
f 1893 1179 1137
f 1179 1180 1817
f 1575 1505 265
f 1180 1182 1893
f 1171 231 1172
f 1893 1182 1179
f 260 1167 1166
f 211 1493 1269
f 464 403 1496
f 1160 1191 299
f 529 1218 538
f 577 817 2262
f 392 389 393
f 327 1476 362
f 1172 330 1171
f 336 337 1194
f 1735 279 1022
f 1821 343 378
f 1570 1590 2077
f 1590 1570 1099
f 1143 603 1185
f 768 1613 1611
f 816 1672 1350
f 1638 606 605
f 449 1200 427
f 1634 851 2320
f 1518 170 172
f 1777 2099 771
f 1611 1363 9
f 478 494 1612
f 1367 1610 451
f 1026 91 1494
f 859 857 1615
f 1209 1212 595
f 595 1212 590
f 524 891 1406
f 514 1248 466
f 434 1332 1188
f 1518 1496 883
f 1342 1287 520
f 246 234 641
f 1266 1178 1306
f 1264 1253 1308
f 1425 1423 962
f 2355 1628 558
f 167 175 166
f 848 1062 1045
f 1439 1424 819
f 558 1628 1636
f 1625 353 1234
f 1243 602 613
f 1828 602 1243
f 375 1229 376
f 1641 1636 1631
f 340 606 1638
f 335 588 344
f 558 1636 2187
f 1640 1642 1636
f 877 1 1855
f 6 1782 779
f 632 1642 1640
f 1370 312 1169
f 1132 1143 1185
f 838 864 35
f 1379 1760 1123
f 1252 1254 440
f 1761 1509 1650
f 282 1653 1841
f 1653 1651 1655
f 652 661 2088
f 1103 1655 1654
f 670 243 673
f 677 245 1814
f 682 1050 1318
f 1730 161 159
f 189 1666 139
f 2116 1353 1041
f 536 428 534
f 67 150 149
f 80 1319 1317
f 534 1283 536
f 156 151 1668
f 949 933 665
f 664 933 226
f 1360 1883 2268
f 816 1058 1059
f 696 567 1713
f 1369 1180 1301
f 229 641 226
f 971 976 469
f 1674 582 1670
f 509 188 618
f 350 918 913
f 184 739 183
f 147 1067 1368
f 1293 1286 1296
f 989 1222 750
f 816 1043 1672
f 971 903 1676
f 306 298 356
f 528 2324 386
f 334 307 528
f 1684 1907 1683
f 1907 1684 68
f 1662 263 776
f 2113 1352 1728
f 423 1190 220
f 98 109 720
f 500 718 545
f 1865 447 1864
f 1296 1286 1614
f 76 825 1690
f 1006 952 920
f 1007 1006 1924
f 13 156 1668
f 38 1455 39
f 6 825 1782
f 281 1069 1068
f 1392 97 1390
f 641 234 225
f 395 1251 396
f 1619 469 1673
f 1673 973 978
f 976 975 469
f 1074 1600 1905
f 1308 1176 387
f 1867 1059 74
f 206 882 100
f 391 1306 1257
f 534 428 1274
f 2201 1598 1310
f 927 868 1395
f 1108 1311 1094
f 421 492 890
f 1693 1480 250
f 2244 1880 1879
f 1444 73 1445
f 1447 1444 1445
f 48 1437 25
f 1596 696 1713
f 1177 1181 1626
f 1458 1450 954
f 1170 1093 625
f 550 560 549
f 1602 476 1246
f 1207 2150 463
f 857 859 1205
f 42 769 53
f 886 1321 1239
f 121 168 1751
f 1368 1069 147
f 428 518 1274
f 1766 214 210
f 390 1852 384
f 277 1107 1106
f 347 1529 1528
f 1370 1169 302
f 1844 811 1667
f 574 1214 1213
f 1090 268 1115
f 1501 1065 660
f 688 1502 1763
f 2113 1728 1354
f 1726 1289 1290
f 1255 376 1262
f 1160 299 1384
f 527 404 441
f 561 656 550
f 1241 1239 1321
f 1168 1627 1340
f 198 784 140
f 1205 1206 857
f 1158 1625 1520
f 322 1193 2172
f 1660 82 84
f 2079 1053 208
f 798 11 1
f 643 265 264
f 260 261 1167
f 465 1361 201
f 201 1361 1208
f 611 1297 1187
f 116 1956 1723
f 1580 1718 1449
f 1552 641 229
f 1547 941 641
f 2193 601 1192
f 1063 752 810
f 658 580 576
f 656 561 468
f 1133 317 1135
f 2028 871 517
f 884 107 546
f 1541 1531 1845
f 836 833 1546
f 1179 1301 1180
f 551 1624 928
f 640 1564 219
f 1567 640 1547
f 640 1567 1564
f 1378 1540 679
f 1461 1432 171
f 1447 1317 1444
f 1431 872 1479
f 1447 1445 738
f 621 1180 1304
f 76 869 861
f 113 869 1918
f 1811 983 753
f 2265 1752 2446
f 303 638 304
f 1325 1326 235
f 1351 729 846
f 1216 1597 186
f 1381 1382 1130
f 201 1208 505
f 1369 1301 1300
f 1349 1260 717
f 530 1635 2162
f 454 488 453
f 632 1545 282
f 579 2105 562
f 1796 1742 1224
f 1120 1130 1382
f 310 1164 305
f 1736 1136 1133
f 1380 294 1119
f 1118 1123 1122
f 1383 1802 1483
f 1383 1483 2
f 255 1399 1657
f 1065 1501 1064
f 337 1762 870
f 1352 1490 1014
f 191 1670 582
f 1066 1751 195
f 897 128 901
f 122 874 1698
f 84 82 79
f 7 1450 18
f 791 811 200
f 1767 766 1352
f 1442 748 1319
f 1519 1867 1494
f 1624 496 517
f 452 458 975
f 975 902 452
f 71 75 80
f 1728 1352 1014
f 456 1603 2285
f 46 169 36
f 103 100 833
f 1096 1389 235
f 810 752 1292
f 160 159 162
f 856 179 1049
f 1055 189 139
f 165 1589 1276
f 279 1124 1279
f 677 678 1328
f 1868 693 1408
f 1261 955 256
f 287 293 292
f 300 127 115
f 1169 297 302
f 358 351 1290
f 410 1175 411
f 1216 479 1597
f 215 706 1047
f 642 1228 14
f 163 366 468
f 1189 1281 1165
f 384 1852 1747
f 566 1235 1713
f 1735 1022 516
f 1627 593 1340
f 335 2196 324
f 1130 1132 1381
f 649 647 1115
f 270 267 1097
f 1318 1643 682
f 1103 1654 1100
f 124 701 1970
f 1593 207 1111
f 1056 67 149
f 901 99 795
f 746 1435 1700
f 45 853 1649
f 1906 865 1744
f 172 1609 1518
f 865 1518 1609
f 20 707 1783
f 877 1512 1
f 448 452 481
f 905 546 473
f 917 29 732
f 564 252 253
f 1425 946 616
f 905 959 610
f 922 155 132
f 1676 903 902
f 430 499 1555
f 174 778 62
f 450 452 448
f 371 548 1446
f 882 206 1404
f 5 1941 802
f 813 820 88
f 1607 1357 1606
f 402 181 740
f 1060 2164 149
f 724 2493 204
f 1077 190 735
f 1080 1307 792
f 1509 697 2123
f 292 293 627
f 1187 1297 310
f 1174 1141 1145
f 316 560 1901
f 279 1279 1022
f 319 965 1474
f 1239 1263 1264
f 1296 1614 498
f 1273 483 456
f 1821 378 572
f 1668 168 164
f 668 667 1581
f 515 1246 1249
f 1578 972 301
f 370 1240 1721
f 1244 1474 965
f 725 205 726
f 1060 149 150
f 646 1509 1312
f 1110 267 270
f 1384 1485 1160
f 413 397 1291
f 1095 232 690
f 1997 1703 1535
f 1358 193 1078
f 1487 1075 184
f 12 286 28
f 985 259 173
f 754 168 121
f 169 46 145
f 40 41 53
f 1388 1820 143
f 140 938 198
f 931 136 1051
f 732 2063 917
f 458 492 893
f 1405 1491 448
f 1413 1673 978
f 813 88 87
f 869 104 861
f 589 584 283
f 592 283 930
f 948 1422 2290
f 669 175 167
f 665 1549 1547
f 681 723 1669
f 1427 1440 1426
f 1455 38 1153
f 924 788 790
f 219 1453 640
f 45 860 853
f 953 148 716
f 949 594 933
f 276 573 328
f 1075 1487 190
f 895 490 426
f 608 1471 999
f 893 894 973
f 215 1771 850
f 222 1038 1029
f 1449 787 81
f 394 393 990
f 1039 1035 1050
f 1401 320 565
f 267 272 1514
f 314 1495 1053
f 647 287 1115
f 801 805 1403
f 1520 615 1639
f 568 365 2151
f 404 395 396
f 1867 816 1059
f 569 1721 1240
f 1302 845 465
f 495 1486 1488
f 1701 32 1305
f 895 988 990
f 1931 1846 1568
f 2078 1791 1711
f 362 1476 1584
f 1596 427 1157
f 1030 90 826
f 1193 1734 533
f 1774 1531 1522
f 1888 1607 1606
f 455 1162 8
f 1372 865 1609
f 291 436 321
f 392 421 890
f 1585 1899 1850
f 432 434 1188
f 401 398 1262
f 617 1473 936
f 1275 1233 1237
f 563 1233 354
f 2488 867 2491
f 829 904 840
f 295 297 1169
f 632 2357 1545
f 1097 255 1657
f 2126 2087 2249
f 2173 1034 112
f 267 255 1097
f 1027 1025 1768
f 684 1018 1373
f 1439 995 1424
f 229 933 1552
f 1414 1413 978
f 94 142 178
f 419 421 490
f 520 14 1342
f 898 978 501
f 501 1414 898
f 448 1619 1405
f 499 433 1414
f 416 984 1676
f 416 906 408
f 408 984 416
f 1878 1728 1345
f 554 410 373
f 1778 1741 1739
f 1400 1739 1741
f 1741 1778 1840
f 1799 2365 1093
f 1677 930 940
f 1677 940 219
f 249 219 940
f 2217 587 940
f 587 356 298
f 225 1564 1549
f 676 685 633
f 945 594 617
f 943 594 945
f 1694 155 1470
f 155 1694 1710
f 908 1391 1438
f 1805 135 1429
f 1427 135 108
f 1710 1694 910
f 1678 892 80
f 108 1470 1427
f 1438 1679 908
f 981 535 430
f 334 352 307
f 913 528 307
f 1947 1712 2090
f 1872 70 750
f 1874 1588 1580
f 1107 254 1106
f 387 1296 1308
f 2373 1355 1434
f 1875 1919 2073
f 1274 1877 1178
f 187 1881 1882
f 1885 531 1201
f 513 1201 531
f 398 2308 1255
f 2306 1887 2162
f 1054 657 1801
f 1889 721 153
f 1889 216 721
f 671 1890 157
f 1141 1891 1135
f 621 2139 1891
f 1892 1137 1138
f 1137 1892 1893
f 2018 719 2298
f 1138 1647 1892
f 1892 1817 1893
f 2382 1817 1892
f 1217 1637 348
f 348 1637 1894
f 1217 341 1637
f 1459 1895 436
f 1896 1897 1774
f 1024 1897 2212
f 1478 1898 1585
f 1635 530 1681
f 629 1648 296
f 1901 609 631
f 1902 1559 1732
f 1706 1554 1682
f 130 1904 1682
f 1600 1706 1905
f 1682 1904 1706
f 1906 1350 1357
f 480 1717 27
f 123 1465 140
f 1386 937 782
f 1809 1802 1383
f 926 203 1393
f 300 1911 1398
f 2170 780 2305
f 487 118 1562
f 1668 144 772
f 708 99 510
f 27 362 125
f 1176 1308 1253
f 162 1876 1838
f 425 362 27
f 79 82 1683
f 2176 552 3
f 966 753 1719
f 738 1445 737
f 581 1925 659
f 278 1761 1650
f 1926 2080 1934
f 539 526 858
f 991 1441 834
f 1936 1900 1835
f 1345 1028 1878
f 2255 1942 456
f 1711 651 288
f 1675 313 1948
f 987 1225 1197
f 774 1773 55
f 34 923 1459
f 668 264 667
f 989 847 1222
f 828 467 466
f 909 1391 908
f 1694 1469 910
f 1950 207 628
f 704 963 956
f 514 466 1246
f 226 225 664
f 1453 219 249
f 274 935 271
f 683 681 997
f 1533 692 1144
f 589 592 249
f 942 1477 944
f 1477 1677 594
f 944 1477 594
f 1677 1477 930
f 338 958 318
f 271 298 274
f 369 472 2343
f 407 1498 1416
f 407 969 1498
f 973 1673 975
f 1767 1670 191
f 984 1619 1676
f 971 469 903
f 469 902 903
f 1119 645 1125
f 1404 1406 994
f 171 2203 1461
f 421 419 492
f 546 982 884
f 2345 2286 927
f 196 1771 1435
f 911 912 135
f 1009 204 791
f 1005 2289 1807
f 1536 1557 934
f 1582 1070 1970
f 1618 1046 1311
f 1010 1346 204
f 1897 614 2212
f 206 100 103
f 165 1812 1589
f 1985 74 1059
f 1644 1543 1019
f 664 1552 933
f 1667 1017 873
f 119 1809 53
f 376 1229 1340
f 2003 1992 2008
f 1539 437 1622
f 1878 1028 2121
f 714 1084 867
f 49 2015 2003
f 2008 1992 1338
f 1599 1703 1997
f 1499 2416 2033
f 1979 1522 2024
f 1052 1574 799
f 1989 580 658
f 1371 221 1988
f 1574 1785 799
f 956 962 936
f 215 850 706
f 992 1595 998
f 1553 1094 1311
f 1682 1554 130
f 1086 1554 1454
f 253 612 1557
f 1966 1973 1831
f 2281 436 291
f 124 2027 701
f 417 1282 1623
f 1282 2258 1623
f 1523 2043 1973
f 540 528 913
f 2323 2322 1419
f 1973 2043 1954
f 933 594 226
f 944 241 229
f 1431 1479 1478
f 1471 180 999
f 636 637 276
f 1547 219 1564
f 693 2064 1389
f 2322 174 1419
f 486 1293 1296
f 1630 909 126
f 1630 910 908
f 1678 909 1679
f 1319 1327 1362
f 999 2312 1944
f 1495 314 2379
f 1946 650 1245
f 1263 1253 1264
f 2070 1512 19
f 672 235 1326
f 2375 1575 1194
f 888 591 1588
f 1456 1186 2228
f 1937 1931 1568
f 17 7 18
f 11 853 860
f 623 624 1940
f 1786 471 623
f 525 470 2302
f 1923 827 1441
f 832 1945 1753
f 2362 654 2264
f 1654 2143 1323
f 2293 854 2275
f 93 792 823
f 1601 355 364
f 533 2172 1193
f 346 918 350
f 918 346 540
f 505 538 1218
f 423 1231 1190
f 352 540 346
f 2274 2096 2173
f 794 639 95
f 505 1208 269
f 2490 784 777
f 1402 1602 1246
f 805 1802 1809
f 1716 1910 1544
f 1717 1951 1908
f 1393 128 131
f 924 134 1820
f 1851 1717 480
f 490 458 442
f 2107 562 2337
f 513 494 1201
f 484 491 1250
f 145 46 13
f 1368 1068 1069
f 1538 483 1273
f 179 743 1049
f 1254 532 1121
f 182 1385 142
f 509 740 188
f 1964 1826 509
f 451 1253 2460
f 1875 2073 1532
f 1121 411 2472
f 1289 1747 367
f 1351 1722 729
f 1266 391 1257
f 1173 1291 397
f 375 376 1255
f 710 1088 711
f 1234 353 1251
f 1125 1117 2145
f 358 1290 1289
f 1532 2129 1364
f 316 549 560
f 1656 1754 2149
f 1306 365 568
f 574 365 1306
f 364 2131 2146
f 2095 666 1399
f 1323 660 1100
f 607 601 1212
f 598 1214 599
f 657 2359 1746
f 1647 2382 1892
f 2251 289 1315
f 1647 1137 1182
f 1646 654 1397
f 292 1115 287
f 1164 1126 1163
f 654 1645 2264
f 1145 1141 1151
f 1145 1151 1146
f 1113 629 296
f 360 359 1285
f 598 2130 1214
f 607 329 601
f 270 1857 1110
f 1074 1613 1337
f 836 1337 1613
f 2086 2087 247
f 1656 2149 2484
f 1754 1656 686
f 2124 2486 1754
f 365 1161 2151
f 2162 1635 583
f 1412 699 1042
f 2040 2041 2156
f 710 1042 1088
f 1042 2122 1088
f 2155 223 1035
f 1766 2022 1724
f 1020 1724 2022
f 1532 2094 2163
f 1309 583 1643
f 1771 215 1079
f 1384 299 2137
f 746 200 1844
f 765 1355 2161
f 196 1435 1844
f 294 1380 1126
f 1358 1776 193
f 1112 631 2119
f 2114 457 537
f 393 394 392
f 28 379 176
f 379 28 504
f 394 990 1616
f 845 1302 441
f 515 1539 1246
f 1815 304 638
f 895 426 394
f 1199 1271 2102
f 1387 772 102
f 1207 485 2150
f 1376 138 1665
f 140 784 2490
f 1158 2125 367
f 125 1617 480
f 152 799 1785
f 497 781 875
f 1871 1004 422
f 2146 578 364
f 1665 86 2097
f 462 106 460
f 1482 406 1410
f 1916 117 98
f 803 1688 113
f 2096 1686 2173
f 2332 1794 1777
f 835 1800 805
f 525 1602 1402
f 794 95 2230
f 449 427 1713
f 1409 623 409
f 1741 1840 1400
f 522 2102 309
f 1232 547 553
f 422 591 1098
f 1012 919 1002
f 525 1847 541
f 2183 1835 1462
f 2186 1446 2185
f 2185 1446 2074
f 343 575 378
f 1758 21 2083
f 1198 2240 1691
f 1757 47 783
f 1940 1245 2330
f 764 1087 1086
f 18 2326 17
f 1451 11 798
f 1142 600 557
f 1033 2188 1183
f 408 906 368
f 1492 1247 309
f 2357 632 1640
f 408 363 482
f 887 2189 767
f 405 253 1778
f 316 626 604
f 2193 590 1212
f 1720 1322 1952
f 312 615 1520
f 619 707 20
f 231 1517 2227
f 2082 50 683
f 1710 910 1630
f 303 311 1796
f 669 664 1549
f 664 949 665
f 356 350 968
f 349 631 609
f 283 284 960
f 1830 595 325
f 284 307 960
f 306 968 307
f 1554 1086 130
f 1561 880 1707
f 472 369 997
f 1572 1101 1573
f 796 1072 797
f 346 283 960
f 1338 1987 1542
f 994 100 882
f 1005 2345 871
f 1613 833 836
f 848 1572 1062
f 1613 768 2009
f 1780 1499 1999
f 1005 871 2289
f 1858 2019 833
f 308 303 304
f 1535 1348 1530
f 1516 49 2021
f 2024 2015 49
f 831 619 1063
f 1543 1982 1019
f 2015 1992 2003
f 1599 1530 1348
f 1313 1344 812
f 759 1586 849
f 1616 895 394
f 442 450 444
f 665 933 633
f 61 72 1740
f 796 2004 1072
f 1081 1082 93
f 792 1307 823
f 246 592 930
f 950 1475 958
f 594 1677 226
f 1552 1547 641
f 2058 1687 2198
f 224 225 219
f 612 680 934
f 175 669 665
f 175 665 633
f 175 633 953
f 1552 664 1547
f 1536 934 915
f 1533 1770 786
f 764 1973 180
f 155 1710 132
f 737 71 738
f 73 71 737
f 1233 563 1237
f 133 704 922
f 373 555 554
f 695 1027 2247
f 1032 695 2247
f 180 2351 999
f 2330 233 1432
f 211 1269 152
f 1192 1715 2193
f 965 692 1244
f 1374 1557 1536
f 1476 1579 1576
f 1378 1331 1540
f 1484 99 708
f 713 965 319
f 1841 1659 1485
f 113 112 803
f 1686 1034 2173
f 2237 1034 1686
f 1036 788 462
f 2188 1819 1183
f 1502 1131 1763
f 2265 1709 313
f 313 1847 525
f 1376 763 138
f 75 1444 1317
f 336 2068 1211
f 754 164 168
f 1420 281 1068
f 1073 1804 1452
f 2153 2156 1862
f 2040 2156 2153
f 187 1729 2268
f 1158 1520 1639
f 545 1934 544
f 2246 2245 1657
f 2012 1880 2031
f 1853 2266 1041
f 1152 335 344
f 1509 1884 697
f 1512 877 19
f 1258 691 1038
f 1415 2056 2047
f 2303 2285 409
f 1096 235 672
f 2132 1509 2123
f 16 986 5
f 1399 255 242
f 2484 2149 655
f 208 1608 1792
f 1369 1300 1179
f 1312 2132 1815
f 1137 1179 1300
f 459 468 1902
f 1134 645 1119
f 454 485 488
f 767 2189 808
f 478 828 118
f 1149 1515 290
f 424 1184 1623
f 1126 2140 294
f 1047 1799 1170
f 308 311 303
f 1182 1301 1179
f 1189 459 1732
f 1721 569 519
f 598 1692 2130
f 1213 1214 2130
f 1349 1754 1260
f 2038 654 2039
f 859 1615 523
f 1608 530 2162
f 2162 1887 1608
f 550 549 1834
f 1610 1176 451
f 1283 1274 1267
f 1266 1283 1267
f 48 904 1437
f 1047 706 1799
f 1264 2259 1239
f 1189 1165 459
f 2257 1173 397
f 1721 1154 370
f 437 1539 515
f 2112 1256 331
f 1544 1910 2254
f 1924 1006 1012
f 340 355 1220
f 1027 694 1025
f 78 1004 486
f 1375 1689 1219
f 1195 59 60
f 2176 3 1240
f 526 539 476
f 1817 1816 1369
f 371 1446 1433
f 757 718 1221
f 2174 1913 623
f 1418 409 623
f 2363 2482 1159
f 1147 222 698
f 1211 1915 2307
f 1119 294 1134
f 1594 659 2181
f 2181 1847 2077
f 1594 2181 2077
f 440 1254 1121
f 1117 652 2145
f 1117 275 652
f 342 2310 1825
f 522 309 1247
f 258 1105 257
f 1105 2086 257
f 255 267 1104
f 666 2246 1657
f 670 1326 244
f 2038 1397 654
f 2048 1349 2361
f 1415 2047 2052
f 2038 1041 1397
f 1734 1794 2332
f 1788 714 717
f 1157 427 1200
f 2018 711 1023
f 1996 1995 2451
f 1183 1819 634
f 1009 791 1702
f 1700 765 746
f 2243 1354 2244
f 1883 187 2268
f 142 94 1658
f 985 1592 379
f 144 1668 151
f 2127 1294 351
f 730 1495 2379
f 177 2229 651
f 140 2490 123
f 947 1055 139
f 2104 938 140
f 2051 2052 2056
f 1051 1398 931
f 1048 86 1665
f 198 110 784
f 98 115 109
f 2092 1917 804
f 967 1662 863
f 2316 2235 2294
f 497 875 879
f 1015 830 2170
f 1219 502 1375
f 2092 775 1784
f 1737 34 837
f 782 202 1040
f 1598 2202 2218
f 2029 2026 1541
f 1070 124 1970
f 25 802 1941
f 831 810 43
f 1992 1810 1531
f 7 29 1450
f 1343 1339 1356
f 1434 1355 1353
f 2011 1997 1535
f 1459 22 34
f 747 887 767
f 1526 107 762
f 91 1026 1052
f 1321 744 1241
f 1605 1994 1606
f 1511 842 2194
f 707 619 1687
f 1463 648 925
f 1986 49 1516
f 1775 2023 1858
f 2243 1883 1360
f 1008 1644 1019
f 1419 174 597
f 174 637 636
f 636 597 174
f 2051 2056 2126
f 1779 573 637
f 234 226 1677
f 935 932 284
f 1807 2289 868
f 1040 202 2237
f 2345 1807 2286
f 1480 1504 250
f 2254 498 1544
f 2287 1419 597
f 102 1481 1387
f 403 992 998
f 368 433 964
f 559 221 1685
f 540 352 333
f 974 2325 570
f 570 977 974
f 524 2288 1500
f 2334 2254 1910
f 495 464 1496
f 1621 1699 382
f 1619 448 469
f 1974 1972 2049
f 576 1500 2288
f 185 142 742
f 1869 338 1870
f 1779 323 328
f 856 181 399
f 352 346 960
f 170 883 1595
f 1991 315 576
f 241 199 946
f 224 1547 225
f 1547 224 1567
f 219 1549 224
f 145 146 147
f 126 133 132
f 1991 580 2416
f 1317 738 80
f 70 1872 69
f 1327 66 1362
f 1613 103 833
f 2416 1780 1991
f 1070 1526 762
f 1045 1553 1046
f 1757 2292 47
f 1070 762 101
f 2 41 40
f 1531 1774 1845
f 834 57 991
f 503 59 1556
f 1329 1338 1542
f 1922 1430 68
f 72 61 866
f 2271 150 67
f 837 2235 835
f 1798 96 876
f 785 1080 93
f 803 112 111
f 585 2273 406
f 1081 1307 129
f 1081 129 1082
f 1770 129 1307
f 947 139 1666
f 1086 1973 764
f 2109 150 2271
f 849 197 157
f 13 1668 164
f 468 561 163
f 1435 746 1844
f 2486 1862 697
f 2229 177 1975
f 1452 1729 187
f 618 188 1776
f 2227 2044 1513
f 1010 1009 765
f 780 1386 2103
f 1910 1716 2301
f 1354 1728 1880
f 721 216 1848
f 1911 136 931
f 711 2120 1023
f 2155 222 223
f 1801 1336 1054
f 1868 1412 693
f 243 670 244
f 1053 1495 751
f 1221 543 2250
f 261 2390 1167
f 1502 600 1131
f 289 1379 1123
f 471 1734 2332
f 668 1581 2436
f 1035 700 228
f 1133 1136 317
f 1863 1258 1038
f 1715 2253 607
f 2330 1709 2265
f 2039 654 2362
f 420 438 269
f 628 2349 1866
f 609 1165 349
f 2301 342 2066
f 347 348 556
f 537 1796 1224
f 2239 198 938
f 1285 1212 360
f 1215 1446 1198
f 1099 581 1590
f 756 718 757
f 1747 1726 384
f 1913 2175 623
f 2457 2071 2118
f 1273 2337 562
f 544 220 412
f 1789 245 677
f 1786 470 1734
f 521 1793 1278
f 1161 574 1213
f 548 429 445
f 478 118 487
f 1270 383 1160
f 111 1034 2237
f 113 475 869
f 1689 1206 1219
f 449 744 1321
f 1732 2100 1189
f 478 467 828
f 478 487 1201
f 1544 498 1614
f 1823 1551 1915
f 1273 456 2111
f 1324 1057 644
f 514 518 1248
f 1112 2119 1320
f 112 1918 2274
f 531 1275 513
f 1556 420 269
f 2313 2486 697
f 1227 500 545
f 1273 562 1538
f 544 412 545
f 330 1148 1367
f 1792 2079 208
f 325 595 590
f 1173 1230 556
f 1822 1591 2318
f 2110 2091 364
f 1925 581 1570
f 2146 2147 578
f 2133 2264 2148
f 1796 311 1742
f 1575 336 1194
f 1131 600 1142
f 313 1709 671
f 1648 629 1304
f 996 634 1819
f 1381 285 1382
f 285 278 1382
f 240 2358 691
f 1509 1761 1884
f 1312 1509 2132
f 1661 657 1746
f 1926 545 1927
f 1083 247 248
f 1326 670 672
f 2149 1754 2486
f 1333 678 686
f 2060 1497 2338
f 691 1258 1061
f 1260 1754 686
f 512 538 1846
f 698 228 227
f 1091 702 2152
f 1122 1123 1760
f 84 705 1660
f 1497 1114 2338
f 712 1028 715
f 1853 2038 2039
f 210 1014 1013
f 818 728 209
f 770 800 2277
f 730 2315 745
f 1932 2230 95
f 1365 582 1674
f 2315 2043 1523
f 507 1808 740
f 402 740 1808
f 179 1411 743
f 745 751 730
f 262 1421 83
f 1926 1934 545
f 764 1295 2296
f 310 305 1187
f 1388 136 1820
f 1665 1876 1376
f 1546 1889 153
f 1044 793 794
f 510 99 901
f 805 1809 1031
f 876 2273 585
f 649 2136 647
f 98 804 1917
f 460 87 88
f 2096 2274 2317
f 2237 1686 1040
f 95 736 1457
f 2222 653 1315
f 1745 31 1521
f 1359 2411 789
f 1713 961 1261
f 2001 2004 2000
f 830 829 2232
f 1021 837 835
f 1535 2208 2011
f 2208 1026 2011
f 1534 1634 1313
f 624 1245 1940
f 1634 1534 1525
f 2293 1016 1758
f 840 904 48
f 1525 1534 1030
f 1347 2016 1030
f 2083 2293 1758
f 853 11 2081
f 756 757 539
f 539 858 756
f 1900 50 2082
f 2028 1633 871
f 2185 2074 2069
f 1259 2228 1186
f 1654 1323 1100
f 1814 245 1090
f 1657 2245 678
f 1172 1148 330
f 2069 2240 2185
f 1953 2058 1524
f 894 893 442
f 442 458 452
f 1414 978 984
f 1325 1407 1326
f 1468 1298 1428
f 913 918 540
f 56 834 2085
f 1945 1008 2194
f 166 175 716
f 940 929 2217
f 587 2217 356
f 307 932 274
f 284 283 584
f 941 246 641
f 935 584 1696
f 1870 318 958
f 610 620 1695
f 199 944 945
f 587 249 584
f 359 360 1209
f 55 1693 250
f 1423 936 962
f 355 1601 1220
f 1870 338 318
f 2217 932 356
f 350 929 346
f 929 350 356
f 963 1805 1429
f 1659 1103 675
f 964 385 386
f 385 430 334
f 1412 2064 693
f 2323 1419 2287
f 306 356 968
f 1720 928 878
f 499 1414 501
f 898 482 981
f 1806 55 1773
f 732 54 2063
f 979 1374 986
f 1952 1322 878
f 898 984 482
f 1773 774 2226
f 1494 407 1519
f 419 893 492
f 990 389 890
f 839 37 885
f 464 992 403
f 2232 840 48
f 1855 1 11
f 1456 21 1000
f 320 1401 1018
f 2083 21 1456
f 855 2326 1448
f 1002 952 1001
f 1016 1015 1758
f 47 63 900
f 1726 1747 1289
f 1907 68 1430
f 827 2085 834
f 904 830 854
f 2021 1993 2282
f 1999 2019 2327
f 1357 1605 1606
f 2093 86 1048
f 826 1347 1030
f 300 1037 1911
f 1040 1686 782
f 1044 2103 793
f 2011 1980 1997
f 1980 2011 1026
f 1626 1852 390
f 924 790 134
f 1618 741 1046
f 1056 1820 1466
f 1730 761 1802
f 729 867 846
f 1074 1337 807
f 1376 162 763
f 1876 162 1376
f 783 47 1930
f 204 1009 1010
f 504 286 993
f 183 743 1411
f 1031 705 105
f 1600 1074 807
f 770 193 800
f 122 797 31
f 1283 534 1274
f 786 74 1533
f 719 1023 1724
f 2213 1114 1543
f 710 2261 2260
f 703 1028 712
f 1089 849 157
f 2216 1543 1114
f 2122 1042 699
f 72 1139 1740
f 2153 1862 2048
f 1054 227 1092
f 1092 227 228
f 700 688 1092
f 1330 232 238
f 238 232 1095
f 1485 1659 1396
f 1454 751 1086
f 2200 1593 1111
f 1790 2269 1033
f 2338 1114 2213
f 2222 1118 1122
f 1100 1861 1103
f 1134 2140 645
f 1107 277 295
f 1170 1204 586
f 1174 1180 621
f 316 1759 626
f 1420 1068 1368
f 2065 1746 331
f 324 2184 1297
f 1174 1145 1366
f 329 607 2253
f 329 2253 1192
f 341 2190 1150
f 1191 1160 383
f 965 713 692
f 1506 819 774
f 556 1230 347
f 367 1747 1852
f 1241 1263 1239
f 2118 2091 2110
f 1288 373 2118
f 1173 2257 1818
f 2164 23 24
f 1282 1181 1177
f 1291 1622 413
f 961 955 1261
f 404 523 1615
f 771 443 1777
f 2242 1939 608
f 273 1111 1950
f 1198 2186 2240
f 1203 1202 870
f 980 841 1196
f 841 1443 1196
f 2307 336 1211
f 480 27 125
f 505 1218 201
f 1409 2168 2174
f 27 1717 1908
f 2307 1915 2163
f 556 1291 1173
f 371 429 548
f 1367 1148 1610
f 1227 542 500
f 487 1562 374
f 545 412 1227
f 542 2250 543
f 2084 1433 361
f 1594 2077 1590
f 494 1236 322
f 2265 313 1752
f 467 1612 466
f 1950 628 273
f 498 1239 2259
f 1497 342 1825
f 2066 342 1497
f 1532 2163 1875
f 401 434 432
f 413 1622 1278
f 2191 2312 1954
f 897 901 795
f 2355 1851 1628
f 231 1171 1277
f 2099 1777 446
f 381 2263 1284
f 1996 331 1256
f 562 2107 579
f 1155 579 1156
f 2107 1156 579
f 1108 205 907
f 1364 1645 1646
f 606 326 605
f 1314 1742 311
f 1311 1108 180
f 1137 1300 1301
f 59 503 60
f 1975 1701 1305
f 654 1646 1645
f 1541 1664 2029
f 122 31 114
f 1129 1316 653
f 258 1314 1105
f 1655 2143 1654
f 97 1319 1362
f 1320 238 243
f 1661 2065 2054
f 230 1335 1091
f 907 205 725
f 1258 1863 1832
f 1954 2043 2315
f 29 54 732
f 1020 719 1724
f 525 541 1602
f 731 811 791
f 800 193 818
f 1011 820 821
f 1350 760 1357
f 1078 193 770
f 1767 191 766
f 1607 1906 1357
f 2113 1360 2268
f 696 1157 596
f 1075 739 184
f 245 1789 1090
f 1522 1531 2024
f 286 12 461
f 173 259 749
f 1649 852 824
f 2183 1462 56
f 173 195 1751
f 2017 851 1634
f 1606 1994 1888
f 1990 722 1525
f 1744 865 1372
f 2021 2282 1516
f 1730 159 761
f 1391 1390 1362
f 1362 1390 97
f 769 120 119
f 1809 1383 40
f 2327 1500 1999
f 1377 1707 880
f 1387 1481 134
f 2104 140 1465
f 2309 1822 2318
f 1979 1986 1738
f 92 97 1678
f 529 1565 841
f 1918 112 113
f 793 639 794
f 508 2325 974
f 112 2274 2173
f 430 433 499
f 244 2360 2485
f 2090 2097 86
f 982 905 610
f 77 1417 824
f 967 863 839
f 1694 916 1394
f 2234 814 1923
f 2275 854 830
f 2275 830 1016
f 1425 616 1423
f 1473 957 956
f 669 949 664
f 167 953 669
f 1427 1426 957
f 633 1429 674
f 954 1430 1922
f 1429 229 241
f 946 1429 241
f 1429 962 963
f 2090 832 842
f 842 832 1753
f 559 1685 1524
f 723 681 683
f 1806 1693 55
f 108 135 912
f 912 911 108
f 1695 116 1464
f 916 1470 911
f 1470 108 911
f 2223 755 1965
f 66 1679 1391
f 1426 155 704
f 979 1557 1374
f 2083 1933 2085
f 1000 21 1001
f 1259 2230 1932
f 1450 1448 18
f 137 674 685
f 35 808 2189
f 16 25 1437
f 707 1953 1783
f 2070 798 1512
f 1453 941 1547
f 751 1454 1560
f 1456 1000 1186
f 1512 798 1
f 6 779 778
f 2067 2070 19
f 1001 952 1007
f 862 571 10
f 1322 1720 878
f 229 226 246
f 1464 116 1723
f 30 29 7
f 131 1458 1922
f 2319 1929 2097
f 909 908 910
f 1953 707 1687
f 1694 911 1805
f 1694 1470 916
f 2237 1688 803
f 74 1706 1533
f 585 406 1798
f 1482 1798 406
f 1440 1427 1470
f 674 617 685
f 2343 681 1669
f 276 237 636
f 237 276 323
f 203 1666 189
f 773 1055 947
f 19 64 2067
f 281 461 1069
f 847 989 176
f 1486 1869 1488
f 1507 1385 182
f 1488 493 495
f 681 2343 472
f 1702 200 746
f 490 895 990
f 894 448 1491
f 212 2272 209
f 2205 2036 1480
f 2122 2030 1088
f 2156 2031 1663
f 1039 700 1035
f 1561 2037 508
f 1862 2156 697
f 2046 2056 1415
f 1349 2124 1754
f 1095 690 230
f 1092 688 1763
f 1096 1408 1389
f 244 1326 2128
f 71 73 75
f 1807 2345 1005
f 2211 2028 517
f 660 661 652
f 1109 660 652
f 1621 382 1467
f 1395 868 722
f 275 1109 652
f 1521 291 321
f 1991 1780 315
f 1510 320 684
f 1105 1314 2144
f 1459 436 2281
f 239 261 1166
f 1314 308 2144
f 1159 2482 1155
f 1812 1377 880
f 629 2139 1304
f 1736 1135 627
f 1185 1843 1132
f 1817 1180 1893
f 611 324 1297
f 1694 1394 911
f 590 2138 325
f 2016 1990 1030
f 1284 2263 626
f 606 340 1220
f 1526 2283 107
f 884 2411 1359
f 1644 2213 1543
f 2094 1532 1364
f 620 1527 116
f 368 964 386
f 1972 570 2049
f 1780 2416 1499
f 1265 1184 424
f 1356 1339 849
f 1359 2027 762
f 1992 2026 1338
f 2102 1271 1270
f 2347 859 431
f 2325 571 570
f 648 1422 925
f 1359 1548 2027
f 415 906 416
f 386 2324 482
f 333 2324 528
f 1558 1548 1563
f 1913 2174 1914
f 2348 1548 1558
f 1499 207 1593
f 2174 623 1409
f 1561 508 977
f 194 1108 1094
f 519 3 2177
f 1565 512 1795
f 624 623 2076
f 990 890 492
f 2176 1938 552
f 2335 2084 361
f 1954 1831 1973
f 687 2348 1558
f 1277 2057 755
f 870 1762 1203
f 2240 2186 2185
f 955 1698 874
f 1584 687 1563
f 2242 314 1939
f 1579 2348 687
f 216 2262 1848
f 687 1584 1576
f 907 217 1578
f 2066 1497 2060
f 1579 687 1576
f 849 1339 1343
f 1843 1860 1333
f 217 972 1578
f 996 1819 1790
f 1803 1574 1052
f 1576 1584 1476
f 1583 2262 817
f 1587 622 1003
f 1966 1831 2351
f 726 205 194
f 283 346 929
f 628 1866 273
f 1493 1198 1691
f 608 1939 2321
f 2321 1939 314
f 2241 330 2440
f 806 1711 1443
f 1461 1845 1432
f 548 2074 1446
f 1080 1770 1307
f 2029 1664 1461
f 2029 1461 1987
f 659 1594 1590
f 2006 833 2019
f 1311 1046 1553
f 422 1098 1591
f 1157 696 1596
f 342 2301 1716
f 1573 1062 1572
f 1713 427 1596
f 425 372 362
f 512 529 538
f 906 415 1413
f 51 1058 1334
f 868 2286 1807
f 438 1140 269
f 1024 1586 759
f 2005 2020 1781
f 32 1620 43
f 2280 1347 2002
f 1363 727 9
f 727 1604 9
f 1190 1231 453
f 2205 1986 2035
f 1644 2207 2213
f 411 1121 410
f 569 1240 3
f 1888 684 1373
f 2437 2291 2443
f 1603 1942 2168
f 433 906 1413
f 2010 1999 2401
f 2254 2108 886
f 530 1608 208
f 1321 886 2108
f 2019 2010 2006
f 368 906 433
f 91 969 1494
f 868 927 2286
f 1555 499 474
f 1851 2355 1951
f 31 291 1521
f 1622 521 1278
f 974 977 508
f 1181 1282 417
f 1851 480 1628
f 636 2287 597
f 1652 464 495
f 935 284 584
f 1699 1621 1404
f 1621 1406 1404
f 2296 1087 764
f 2195 842 1839
f 1601 2091 2089
f 946 1425 1429
f 1429 1425 962
f 1440 155 1426
f 1631 1636 1628
f 2105 579 1155
f 1679 1438 1391
f 71 80 738
f 92 1317 97
f 1461 1664 1845
f 595 359 1209
f 724 218 1032
f 723 1932 1460
f 588 335 332
f 1641 1640 1636
f 2187 1636 1642
f 1692 598 317
f 130 1086 1087
f 998 1496 403
f 1297 2184 310
f 2356 2357 1641
f 1204 1170 625
f 1164 2140 1126
f 1001 21 1758
f 2082 1835 1900
f 278 2486 1761
f 2251 1379 289
f 1312 1815 638
f 1315 289 2222
f 820 1011 1436
f 644 1057 2364
f 1371 1620 221
f 1651 1653 282
f 1661 1746 2065
f 268 1090 1627
f 2088 661 1323
f 242 255 1104
f 2134 1399 242
f 2097 1930 2169
f 804 720 775
f 1399 666 1657
f 1833 33 881
f 2317 2274 1918
f 2054 1801 1661
f 1482 2342 1798
f 96 1798 2342
f 85 1021 805
f 1057 1324 1032
f 690 232 1330
f 1801 2054 1336
f 697 2051 2123
f 2040 2048 2361
f 2040 2153 2048
f 1655 1651 1545
f 813 1916 821
f 2031 2156 2012
f 1017 1027 1768
f 1041 2038 1853
f 1020 2272 212
f 1041 2266 2116
f 1728 2031 1880
f 209 728 212
f 2271 1466 1820
f 120 1055 773
f 1354 1880 2244
f 2294 1769 2316
f 160 1465 123
f 1060 2109 154
f 946 199 616
f 154 23 2164
f 160 761 159
f 154 2109 23
f 1075 190 1077
f 160 985 2
f 1881 187 1883
f 913 968 350
f 1674 185 1365
f 1421 187 1882
f 1452 1804 1729
f 509 507 740
f 1020 212 719
f 262 83 178
f 94 178 83
f 419 490 893
f 319 1671 2300
f 1864 273 1866
f 1866 1865 1864
f 2349 1865 1866
f 14 520 2384
f 1555 474 898
f 416 1676 415
f 1401 1840 1486
f 1869 1486 338
f 592 246 941
f 1678 80 92
f 1952 928 1720
f 2021 2008 1329
f 2210 2021 1329
f 2482 2362 1155
f 2482 2363 2364
f 2363 1159 644
f 2363 644 2364
f 2134 2095 1399
f 706 1508 1799
f 1508 2365 1799
f 219 1547 1549
f 224 1564 1567
f 1564 225 1547
f 716 175 953
f 617 953 633
f 1473 135 1427
f 80 892 1442
f 1630 1679 909
f 135 1473 1429
f 892 1678 1679
f 790 460 38
f 960 307 352
f 708 822 844
f 385 334 386
f 1871 2309 2248
f 1004 78 422
f 422 2309 1871
f 2090 1712 2344
f 966 1872 1811
f 750 1811 1872
f 966 1811 753
f 2459 1726 2423
f 2437 2403 2450
f 1856 2468 2370
f 2423 2466 2371
f 1998 2247 1017
f 724 2247 1998
f 724 1032 2247
f 2334 1321 2108
f 1698 955 1873
f 777 985 2490
f 753 985 777
f 1844 1667 2160
f 873 213 2115
f 850 2115 1768
f 1768 2115 213
f 2460 2463 449
f 449 1713 2460
f 2223 1965 114
f 114 1745 2223
f 1745 2398 2223
f 2398 1745 2002
f 1025 694 2372
f 1874 1749 888
f 1749 1874 1580
f 1148 1708 2075
f 1172 1708 1148
f 2117 78 486
f 1355 2373 2161
f 2318 1591 1098
f 1827 2014 2148
f 2129 1680 2148
f 1827 2148 1680
f 2073 1919 1942
f 668 2436 2304
f 1581 2076 2436
f 2436 2076 2304
f 1478 2226 1424
f 1876 1837 1838
f 2001 2425 291
f 1877 1539 1622
f 1877 1274 1539
f 1267 1274 1178
f 1877 1622 1178
f 2376 1335 690
f 702 1335 2376
f 690 1335 230
f 2114 1742 2119
f 2491 1879 2012
f 1879 1880 2012
f 537 457 1270
f 2486 2313 1884
f 303 1796 1160
f 2158 2041 2488
f 1397 2135 1646
f 2377 1885 1201
f 1885 2377 531
f 536 1597 506
f 652 2088 2145
f 536 506 428
f 380 1257 1306
f 1238 1257 2151
f 2261 2314 2064
f 1520 1340 1169
f 1887 2306 1608
f 1944 2191 2379
f 1050 1038 2358
f 2358 1318 1050
f 1076 188 1725
f 1365 1968 2297
f 1607 1888 1373
f 1350 1906 816
f 1518 1607 1373
f 1518 1373 1018
f 2112 1342 1909
f 2112 1909 447
f 1889 1963 216
f 1963 1958 216
f 2288 1422 1971
f 1609 192 1604
f 992 1652 1503
f 1503 1225 992
f 1484 844 1242
f 671 2330 1890
f 157 1890 1432
f 1890 2330 1432
f 1249 2166 515
f 2139 292 1891
f 621 1891 1141
f 292 1135 1891
f 1638 2141 242
f 2147 1149 554
f 1252 1854 1207
f 1540 35 2189
f 2189 1467 1540
f 1153 460 88
f 1153 38 460
f 599 348 1894
f 598 599 1894
f 2197 607 1284
f 923 1895 1459
f 1341 2383 1377
f 1896 1850 1897
f 1898 1479 1899
f 1898 1899 1585
f 1024 2325 26
f 1900 1936 2228
f 2228 1936 1456
f 1900 2228 50
f 1681 530 2384
f 1759 1901 631
f 316 1901 1759
f 2386 208 1053
f 2456 2447 1830
f 1902 468 1559
f 301 1566 1474
f 2325 2212 1961
f 2230 1259 794
f 2395 2393 1934
f 79 1683 1907
f 904 79 1907
f 2237 1941 1688
f 825 861 612
f 1416 323 1510
f 405 1739 2055
f 1620 1371 43
f 776 497 2167
f 119 947 705
f 782 2477 793
f 722 1634 1525
f 926 1393 131
f 2009 768 9
f 2164 2219 149
f 2383 1343 1377
f 772 1387 901
f 1386 793 2103
f 141 127 1051
f 2103 1044 780
f 2429 1813 2410
f 2104 1838 1837
f 1060 150 2109
f 168 1668 1055
f 1465 160 162
f 1586 1356 849
f 69 1719 4
f 758 1070 1582
f 2388 1704 2400
f 1546 2006 2204
f 1803 1599 1082
f 70 263 461
f 1999 1593 2401
f 1514 242 1104
f 2207 2445 2213
f 70 461 176
f 1731 2305 780
f 2453 2219 2164
f 165 2383 1341
f 1049 743 1725
f 743 183 1725
f 1074 1905 1985
f 31 1745 114
f 1881 1787 190
f 1052 152 2331
f 90 1313 1277
f 1546 153 836
f 2277 800 209
f 1987 1461 2203
f 2493 731 791
f 731 2493 1998
f 2276 1977 1574
f 850 1771 2115
f 1279 1101 1572
f 1766 2272 2022
f 2201 2202 1598
f 2202 2199 2218
f 1853 2374 2489
f 644 695 1324
f 1028 1345 715
f 2012 2041 2158
f 711 1088 2030
f 2143 1655 1545
f 2225 197 1976
f 1788 717 1260
f 1038 1050 1029
f 2374 2039 2362
f 2040 2361 2041
f 697 1663 2051
f 760 407 15
f 1975 1978 1967
f 1260 689 1407
f 2048 1862 2486
f 1096 2152 1408
f 1407 686 2245
f 673 1095 1096
f 1031 105 1403
f 673 1071 1095
f 1330 238 1083
f 33 1833 758
f 1572 1970 1279
f 745 2315 1523
f 907 2296 1127
f 2367 1563 2411
f 2213 2458 2060
f 2203 171 1432
f 1112 1320 243
f 231 2044 1517
f 1104 267 1514
f 1102 275 645
f 1318 1309 1643
f 1718 231 1449
f 2458 1873 2060
f 258 1320 1314
f 2251 1315 2095
f 1843 1789 1860
f 303 1160 675
f 2136 649 268
f 1111 273 1962
f 2145 2088 1856
f 2478 272 1110
f 1815 2144 308
f 285 1381 655
f 1857 2131 1110
f 295 1169 1107
f 2429 1498 1743
f 211 2390 1493
f 2413 2393 2396
f 1495 730 751
f 1715 2251 2138
f 1571 1791 1701
f 2184 1164 310
f 1715 607 1379
f 1627 603 339
f 2411 884 2368
f 635 1154 240
f 2362 2264 2133
f 105 809 84
f 947 1683 1660
f 590 2193 2138
f 2439 2429 2410
f 305 2470 1187
f 1859 1996 2473
f 611 1187 2466
f 331 1996 2065
f 650 1946 1748
f 2431 2391 2392
f 586 1233 2479
f 996 1790 1033
f 1639 615 1294
f 1639 1294 2127
f 1627 339 593
f 1158 1639 2127
f 355 2478 2131
f 1577 1708 2420
f 2187 1191 558
f 596 2060 961
f 630 1903 1101
f 2269 2188 1033
f 1281 2119 349
f 2431 2403 2391
f 1119 2145 2370
f 1691 1269 1493
f 2434 2428 2388
f 358 1289 2125
f 1934 2408 2395
f 2379 2242 1944
f 165 1847 1675
f 1854 1727 2190
f 1270 1796 537
f 411 1175 2382
f 2074 2406 2069
f 1825 2318 1098
f 2483 2485 1129
f 1937 2078 1711
f 2437 2418 2403
f 1268 1272 2387
f 2071 2089 2091
f 1937 1568 2078
f 2111 1243 2337
f 870 1202 337
f 2381 1529 1818
f 1821 1202 343
f 1721 2256 1154
f 327 425 1247
f 1203 374 575
f 1159 695 644
f 581 659 1590
f 2409 2457 373
f 1538 2014 483
f 2446 525 2302
f 1263 2463 2460
f 447 1256 2112
f 1940 1786 623
f 2079 2354 1797
f 1828 443 771
f 125 2407 2370
f 744 1263 1241
f 2349 2451 1865
f 2171 2079 1792
f 2171 2354 2079
f 2422 410 532
f 2419 2150 2413
f 2013 2028 2211
f 2074 445 2461
f 777 110 89
f 1236 513 2106
f 2017 868 2289
f 366 1559 468
f 1283 455 8
f 506 1597 479
f 1321 1200 449
f 1190 412 220
f 2370 2407 2424
f 744 449 2463
f 446 1777 1794
f 118 828 1562
f 89 995 777
f 2448 2459 2405
f 814 2182 827
f 516 477 435
f 1216 465 201
f 503 502 60
f 1193 2106 446
f 1849 2347 2434
f 1200 1321 2334
f 532 1254 2419
f 465 1216 1162
f 503 1208 1361
f 2424 2371 2449
f 2257 418 1190
f 1223 1205 2291
f 2419 1254 2150
f 2282 2036 2035
f 456 483 2255
f 2413 2150 485
f 576 580 1991
f 536 1283 1597
f 459 656 468
f 533 2333 2172
f 2333 533 470
f 1951 1271 1908
f 1942 1919 1914
f 2257 453 2381
f 1714 1915 1824
f 453 488 2381
f 14 2384 1912
f 17 99 1242
f 455 1257 1238
f 390 2459 2448
f 1202 1218 529
f 1714 1824 2304
f 547 1140 553
f 2090 86 832
f 1793 521 2452
f 1232 1846 538
f 1922 68 1684
f 606 2457 1756
f 980 529 841
f 456 443 2111
f 2257 2381 1818
f 2469 2466 2423
f 606 2456 1830
f 20 879 875
f 336 2307 337
f 2080 1926 1927
f 390 2258 1282
f 1568 377 2078
f 1121 1727 440
f 1795 1931 1937
f 1251 2062 1623
f 2393 2413 423
f 319 1474 366
f 2294 2235 837
f 1255 1262 398
f 1819 1925 1570
f 1854 347 2381
f 2466 2470 2449
f 2110 1288 2118
f 1269 1691 2240
f 376 1520 1262
f 1268 604 1272
f 1749 1825 888
f 2367 2407 2427
f 2300 1671 1226
f 341 1854 2190
f 2269 1003 2188
f 1287 1299 1681
f 2127 2125 1158
f 2145 1856 2370
f 864 2092 1784
f 1269 2069 2331
f 626 2197 1284
f 1583 2386 1848
f 165 1790 1819
f 1101 1124 2100
f 2473 370 635
f 635 370 1154
f 650 1748 233
f 2410 2422 2389
f 1119 1125 2145
f 1746 1303 331
f 256 955 1949
f 2061 651 2229
f 1577 2420 1718
f 153 721 1848
f 632 2137 1642
f 56 1462 57
f 1970 309 1279
f 2184 2140 1164
f 1163 1126 1128
f 1132 1130 1143
f 2201 1749 1580
f 1303 1746 2359
f 2394 2408 1587
f 1954 2351 1831
f 2329 293 287
f 315 1999 1500
f 647 1627 2329
f 1508 663 602
f 1760 653 2222
f 326 242 2141
f 2092 838 1011
f 1333 2484 1843
f 326 2134 242
f 896 713 1574
f 625 1508 602
f 1856 2088 2143
f 2391 2415 2392
f 233 1748 2203
f 1318 2358 1309
f 1785 713 239
f 907 1127 1295
f 1316 662 1315
f 2294 2475 2093
f 1907 1430 1437
f 1097 1814 1113
f 2246 1316 2360
f 1502 688 2380
f 244 2485 243
f 1860 1328 1333
f 666 662 2246
f 2475 1945 832
f 1884 2313 697
f 1071 238 1095
f 834 1441 827
f 673 1096 672
f 1656 2484 686
f 1047 1170 2135
f 2249 2123 2126
f 706 2372 694
f 1057 2374 2362
f 1449 2227 787
f 2121 2376 690
f 2376 1028 702
f 1965 874 114
f 1765 712 715
f 1765 715 2157
f 2488 717 867
f 1017 2247 1027
f 2298 719 212
f 2328 209 2272
f 2115 1771 1667
f 1771 2160 1667
f 196 1844 2160
f 1514 1638 242
f 896 1977 1082
f 770 766 191
f 1787 2243 2244
f 1076 1075 1077
f 2268 1729 1670
f 875 995 819
f 182 1804 1507
f 2183 56 1936
f 742 402 1808
f 379 1592 176
f 259 985 379
f 1292 1978 1983
f 1222 983 1811
f 2353 787 1513
f 2480 5 104
f 124 101 2027
f 990 988 1616
f 164 145 13
f 168 42 1751
f 42 2 1751
f 36 23 151
f 1987 72 1542
f 1838 2104 162
f 1719 781 4
f 787 2353 815
f 31 797 1072
f 2295 2417 2399
f 1668 1393 203
f 1481 1820 134
f 815 812 1344
f 1730 2093 138
f 1074 1611 1613
f 1802 1800 1730
f 1980 1026 1494
f 1911 106 462
f 1526 1070 758
f 708 510 790
f 1867 2279 2209
f 793 2180 1472
f 805 1800 1802
f 1403 105 801
f 1344 2320 1633
f 2170 2232 202
f 2465 109 115
f 96 1924 1731
f 801 105 2233
f 821 1916 1917
f 2214 2414 2417
f 727 1906 1744
f 2317 2476 2096
f 1185 603 1843
f 2097 2090 2319
f 1922 1458 954
f 2233 854 2293
f 891 2034 1775
f 2239 1424 110
f 865 1607 1518
f 2182 2085 827
f 2280 2002 2025
f 1936 1933 1456
f 1850 1774 1522
f 63 57 1462
f 1024 2212 2325
f 2214 2417 2438
f 1153 820 987
f 881 1971 439
f 2439 2322 2429
f 109 2438 824
f 1430 954 1450
f 1521 321 2025
f 825 65 861
f 2180 2464 862
f 2085 1933 1936
f 1451 2081 11
f 842 1947 2090
f 2032 1988 221
f 1619 978 898
f 5 2480 1941
f 2430 2477 1943
f 1395 722 1895
f 16 1437 1450
f 1616 988 895
f 2049 2341 1974
f 559 1705 221
f 905 889 959
f 496 1839 2211
f 474 1405 1619
f 2474 1757 783
f 844 52 2059
f 1259 50 2228
f 1374 1536 861
f 2462 2430 1943
f 1527 439 948
f 948 439 1971
f 1971 1422 948
f 2455 2340 2346
f 39 1503 1870
f 950 958 253
f 2475 2294 22
f 54 844 2063
f 1953 1524 37
f 1778 338 1840
f 887 925 1621
f 224 1549 1564
f 2329 287 647
f 1870 958 52
f 1723 948 2290
f 1959 1428 899
f 923 34 1395
f 928 1624 2220
f 158 2059 951
f 957 704 956
f 155 922 704
f 665 669 1549
f 2067 2290 648
f 679 170 1225
f 6 2432 2433
f 2055 1739 1782
f 862 2049 570
f 641 225 226
f 616 617 936
f 778 174 2439
f 2219 2435 2465
f 5 986 104
f 66 1391 1362
f 2072 2220 1772
f 1947 551 1952
f 10 571 1961
f 55 250 20
f 877 1695 1464
f 1855 1695 877
f 1442 1319 80
f 1317 1447 738
f 1620 1685 221
f 570 1561 977
f 334 430 535
f 959 439 1527
f 1468 1395 34
f 30 54 29
f 2336 1629 2432
f 680 861 1536
f 1693 2042 1480
f 1621 925 1406
f 975 458 973
f 1298 2278 1441
f 899 1298 1441
f 1510 323 1779
f 971 1676 1619
f 2055 1782 825
f 495 1401 1486
f 7 1242 30
f 104 1374 861
f 1895 321 436
f 1424 2226 819
f 1888 1994 1416
f 1153 1197 1503
f 891 524 2034
f 1441 2278 1935
f 971 1619 1673
f 1899 997 1850
f 2284 2430 2421
f 2343 1669 1932
f 1971 881 33
f 524 1500 2034
f 2292 63 47
f 1500 2327 2034
f 2182 2293 2083
f 984 978 1619
f 2453 2481 2215
f 2053 405 2055
f 1835 2231 1462
f 1850 1522 1585
f 2070 747 798
f 1930 900 2169
f 2369 2441 2415
f 2210 1504 2282
f 871 2320 2289
f 2320 2017 2289
f 2234 2236 85
f 832 86 2093
f 684 1888 1510
f 1582 658 33
f 879 863 497
f 1008 2425 1644
f 2346 2433 2389
f 1372 1604 727
f 2316 835 2235
f 1738 2042 1806
f 1775 1858 100
f 1019 1781 1839
f 794 1259 2342
f 2170 2305 1015
f 1632 1371 1988
f 801 85 805
f 1629 2410 2432
f 1686 2096 782
f 1769 1730 2316
f 2442 2462 2455
f 639 793 1472
f 1607 865 1906
f 1387 510 901
f 202 937 2170
f 790 788 1036
f 1387 790 510
f 1044 1731 780
f 1810 2024 1531
f 973 501 978
f 1876 1665 1837
f 2322 2439 174
f 1810 1992 2015
f 149 141 1056
f 2109 1481 102
f 1673 469 975
f 4 781 776
f 144 151 23
f 783 878 2072
f 2474 783 2072
f 763 162 159
f 164 146 145
f 2279 1867 1550
f 20 1740 752
f 1997 1082 1599
f 2276 1574 1803
f 184 1882 1487
f 2445 2004 797
f 1767 2113 1670
f 734 1700 1435
f 1844 200 811
f 1259 1932 723
f 1435 1079 734
f 1886 818 735
f 204 2493 791
f 818 1886 2298
f 797 2458 2445
f 1523 1973 751
f 1345 210 214
f 1346 2492 218
f 2489 2374 218
f 1311 2224 1618
f 710 2487 2261
f 1147 1863 222
f 2331 2406 2385
f 1029 223 222
f 2213 2445 2458
f 1311 180 2224
f 1812 1984 1589
f 2389 2413 2396
f 1095 230 1091
f 2152 1095 1091
f 693 1389 1408
f 1330 2056 2046
f 976 902 975
f 2087 2126 248
f 248 2126 1330
f 2128 1407 2245
f 1328 1789 677
f 2364 1057 2362
f 1103 1861 675
f 2055 612 2053
f 1468 1428 1395
f 1429 1473 674
f 1748 72 2203
f 2149 2486 285
f 1975 1967 2229
f 1859 1755 1764
f 751 745 1523
f 655 2149 285
f 1952 2344 1947
f 2367 2295 2407
f 1115 1113 1814
f 1485 1396 1160
f 2225 165 1829
f 2462 2442 2430
f 1316 2485 2360
f 2087 2086 1815
f 1112 2485 2483
f 655 1842 2484
f 645 275 1125
f 2296 907 1244
f 405 564 253
f 2390 211 1785
f 1815 308 304
f 2410 2350 2409
f 583 2358 240
f 713 1226 239
f 2197 626 653
f 1304 1180 1369
f 311 308 1314
f 1149 1816 2382
f 2382 1816 1817
f 2196 1152 615
f 1364 1646 2479
f 2264 1645 2129
f 1645 1364 2129
f 400 1136 2308
f 1748 2076 72
f 2131 2147 2146
f 872 1431 1478
f 364 355 2131
f 239 1671 261
f 1155 2133 2105
f 316 604 1268
f 2133 2148 2105
f 2105 2148 1538
f 1229 375 2308
f 1575 265 643
f 963 133 1469
f 1251 353 2062
f 411 2382 2472
f 1538 2148 2014
f 165 2077 1847
f 928 2220 878
f 2299 2311 577
f 1727 1121 2472
f 1711 288 1443
f 165 1570 2077
f 2118 373 2457
f 1252 1727 1854
f 382 192 1467
f 327 1247 1579
f 2078 388 2366
f 2306 1154 2256
f 1623 2062 417
f 2460 1253 1263
f 1184 1251 1623
f 438 2392 2366
f 2390 1671 2179
f 1493 2390 2335
f 395 527 484
f 2471 2370 2449
f 1940 2265 1786
f 844 2059 2063
f 1392 909 1678
f 337 529 1194
f 2447 2461 1830
f 656 459 1165
f 624 2076 1245
f 1671 163 2179
f 1286 2007 1614
f 1539 1274 1246
f 930 1477 246
f 423 220 1934
f 1210 3 552
f 642 1912 817
f 683 50 723
f 917 2063 2059
f 1821 1218 1202
f 915 680 1536
f 1952 551 928
f 516 309 2102
f 425 522 1247
f 2166 1249 843
f 824 2368 45
f 1913 2178 2175
f 2220 1959 1772
f 2334 2108 2254
f 2310 2007 2248
f 539 757 2166
f 2166 757 2452
f 1402 1246 1733
f 526 476 1602
f 1402 1733 525
f 1223 502 1219
f 1756 2409 2444
f 52 958 2059
f 1914 1919 2178
f 186 1597 1283
f 1772 1959 899
f 561 2387 371
f 2354 2171 519
f 2443 1849 2434
f 2422 2409 2165
f 322 1236 1193
f 2310 1716 1544
f 78 2117 2075
f 2334 1157 1200
f 2181 1602 541
f 1375 502 503
f 511 429 2387
f 892 1327 748
f 1361 1375 503
f 2074 2461 2447
f 1805 1469 1694
f 1805 963 1469
f 1723 2067 64
f 1162 484 465
f 1921 1218 572
f 1920 2450 2403
f 64 877 1464
f 2181 659 1925
f 1126 1380 1128
f 1981 2099 2106
f 1689 845 441
f 512 1846 1795
f 404 1615 857
f 961 1713 1235
f 2119 1314 1320
f 518 514 1274
f 1207 2381 488
f 2349 628 2176
f 1286 1293 2007
f 2335 1198 1493
f 1196 1443 288
f 1912 2386 817
f 165 1819 1570
f 434 1234 1332
f 2461 359 595
f 2111 443 1243
f 1282 1177 390
f 1291 1306 1622
f 1021 2236 837
f 1308 1296 2259
f 2068 1575 643
f 610 959 620
f 76 2433 2340
f 1680 1532 2073
f 2252 2206 1828
f 595 1830 2461
f 116 1695 620
f 332 2466 2469
f 2399 2414 2423
f 2397 2352 2350
f 1948 313 671
f 2466 332 611
f 360 1212 1209
f 935 939 587
f 1285 607 1212
f 1681 1643 1635
f 2472 2142 1366
f 1581 72 2076
f 1229 2308 2329
f 1750 651 2061
f 2427 1584 2367
f 584 249 592
f 1152 2196 335
f 1143 339 603
f 1848 2262 1583
f 602 2206 1204
f 1174 1366 2142
f 635 1859 2473
f 999 2351 1954
f 1163 2470 305
f 1128 2471 1163
f 730 2379 2315
f 583 240 1154
f 2399 2424 2192
f 1647 1180 1174
f 1515 1149 2147
f 2147 2131 1515
f 297 295 324
f 1816 1648 1304
f 1167 2390 1785
f 1856 2143 1545
f 1859 635 2101
f 2139 1115 292
f 2135 1170 2479
f 2136 268 1627
f 2419 2413 2389
f 778 2336 6
f 296 290 1113
f 229 942 944
f 1450 29 1557
f 278 1120 1382
f 1106 1102 2140
f 1650 646 1064
f 600 1502 2380
f 944 199 241
f 682 1643 2380
f 874 1965 1955
f 2088 1323 2143
f 1131 657 1763
f 174 709 1779
f 153 751 836
f 257 2086 247
f 266 1755 1859
f 1505 1740 1139
f 2128 2360 244
f 253 252 612
f 678 677 1814
f 695 663 694
f 1508 706 694
f 251 1501 660
f 2458 1698 1873
f 266 1061 1755
f 1096 1095 2152
f 1061 1258 1755
f 1349 2048 2124
f 2154 2152 1765
f 2201 2199 2202
f 1832 1147 1764
f 1042 2064 1412
f 2064 1042 2261
f 1451 798 747
f 1791 32 1701
f 215 2135 734
f 2120 2030 1766
f 2030 2157 1766
f 2018 2487 711
f 2120 1766 1724
f 2158 2491 2012
f 2157 214 1766
f 2272 210 1013
f 1345 1014 210
f 867 1084 846
f 731 1017 1667
f 1728 1014 1345
f 1886 846 2298
f 2194 1753 1945
f 842 1753 2194
f 1225 1503 1197
f 129 1144 1082
f 1889 1546 2045
f 1352 2113 1767
f 1776 1076 193
f 2268 1670 2113
f 618 1969 1968
f 72 1987 2203
f 181 1725 188
f 399 181 402
f 164 754 146
f 42 41 2
f 1483 1802 761
f 1803 1082 1977
f 144 102 772
f 32 1983 1305
f 1668 772 1393
f 773 947 119
f 947 1666 1922
f 136 788 924
f 1980 93 1082
f 2279 1550 1980
f 1550 93 1980
f 812 815 2353
f 1475 950 951
f 1313 812 2353
f 90 2398 1347
f 2169 1836 2239
f 926 131 1922
f 2218 1019 1982
f 927 1959 2220
f 2004 2207 2000
f 2331 1743 91
f 2238 2097 2169
f 95 639 736
f 127 2465 115
f 1974 2421 2394
f 1800 835 2316
f 1660 1683 82
f 15 1605 1357
f 775 2092 804
f 1356 26 2325
f 1917 1011 821
f 2002 1521 2025
f 1015 1012 1002
f 2480 104 475
f 2093 1769 2294
f 2293 2182 2233
f 969 1743 1498
f 2476 2462 1943
f 2025 321 722
f 880 1974 1812
f 22 2294 837
f 1839 1781 2211
f 1986 1516 2035
f 1960 1478 1585
f 1504 61 250
f 2231 1835 1280
f 192 382 1604
f 1933 2083 1456
f 1595 1225 170
f 394 426 392
f 1652 1488 1870
f 2400 2435 2219
f 109 824 1417
f 2251 1715 1379
f 774 55 1506
f 45 2368 860
f 1540 987 1436
f 1947 2344 1712
f 958 1778 253
f 2323 2287 636
f 2288 1406 925
f 1624 551 496
f 62 44 1510
f 1723 64 1464
f 22 2281 1945
f 333 528 540
f 864 1928 808
f 320 1510 44
f 271 935 587
f 57 2474 991
f 909 1392 1390
f 237 1416 1498
f 234 219 225
f 648 2290 1422
f 1510 1779 709
f 1723 1956 948
f 252 2053 612
f 29 253 1557
f 2441 2369 2221
f 927 1428 1959
f 559 2198 1705
f 1956 1527 948
f 1710 1630 126
f 862 570 571
f 1479 2082 683
f 2055 825 612
f 237 323 1416
f 2042 1693 1806
f 2070 1463 747
f 1870 52 39
f 1839 496 2195
f 571 2325 1961
f 1585 1738 1960
f 1687 1705 2198
f 927 1395 1428
f 1869 1870 1488
f 1972 880 570
f 1947 842 2195
f 2212 369 2343
f 2292 2474 57
f 935 1696 939
f 1945 2475 22
f 2346 2442 2455
f 1555 898 981
f 875 55 20
f 875 1506 55
f 1705 2032 221
f 994 891 1775
f 2442 2346 2430
f 1453 939 1696
f 2281 291 1008
f 2474 2292 1757
f 2343 1932 1457
f 1242 844 54
f 1707 1343 2037
f 1986 2205 1738
f 88 820 1153
f 1839 1511 1019
f 2278 1737 1923
f 576 2288 33
f 1491 1405 474
f 2415 2441 1620
f 2035 1516 2282
f 128 17 2326
f 63 1462 2231
f 2476 1943 2477
f 1002 1758 1015
f 969 91 1743
f 2236 1923 837
f 2465 2438 109
f 77 852 1784
f 619 20 1063
f 777 995 875
f 871 1633 2320
f 1769 2093 1730
f 1858 2327 2019
f 1917 1916 98
f 1586 1024 26
f 705 809 105
f 100 1858 833
f 782 2096 2476
f 291 2425 1008
f 198 2239 110
f 1026 1803 1052
f 1535 1530 2208
f 1026 1599 1803
f 2000 2207 2425
f 141 149 2219
f 741 1582 848
f 924 1820 136
f 1363 1058 816
f 1668 189 1055
f 42 120 769
f 1611 1074 1334
f 2109 144 23
f 2027 101 762
f 46 36 151
f 1812 1974 1984
f 966 69 1872
f 810 1983 43
f 13 46 156
f 1420 1067 121
f 504 993 749
f 142 1385 178
f 1313 2353 1513
f 1049 1725 181
f 1804 1073 1507
f 489 1421 184
f 1826 185 742
f 509 1826 1808
f 759 1089 1845
f 1882 190 1487
f 2223 2398 90
f 1543 2216 1310
f 1743 2331 2385
f 2401 1593 2204
f 193 1077 735
f 1722 1886 735
f 746 765 1009
f 1836 1424 2239
f 81 2218 2199
f 1010 2161 1346
f 1879 2159 2244
f 2373 1434 2492
f 2277 209 2328
f 2161 2373 2492
f 1089 157 1845
f 2404 2388 2400
f 2158 2488 2491
f 1020 2022 2272
f 2487 1084 714
f 473 1833 889
f 1505 752 1740
f 711 2030 2120
f 2314 2261 2487
f 194 1537 1108
f 1765 2157 2030
f 2412 2395 2394
f 2372 706 850
f 2383 165 2225
f 1416 1510 1888
f 32 2366 2415
f 1929 1930 2097
f 1086 751 1973
f 180 1295 764
f 1845 157 1432
f 1035 228 2155
f 1918 2476 2317
f 1412 1868 2154
f 1416 1994 407
f 678 2245 686
f 1569 2296 1244
f 2044 2227 1517
f 790 38 822
f 1120 254 1130
f 1815 2132 2087
f 233 2203 1432
f 736 2180 862
f 1292 752 2061
f 1492 701 2348
f 1417 720 109
f 720 1417 775
f 646 675 1064
f 651 1571 177
f 1144 713 896
f 874 1955 1949
f 2340 2433 2346
f 1843 603 1789
f 84 904 854
f 1965 2057 1955
f 1303 1131 1142
f 290 296 1149
f 1949 955 874
f 1642 2137 299
f 1107 1169 1143
f 621 1141 1174
f 1903 1553 1101
f 2356 1856 1545
f 349 2119 631
f 1948 671 1829
f 2138 326 325
f 414 1692 317
f 1708 1172 2420
f 1152 1294 615
f 557 1303 1142
f 1272 604 2263
f 1340 593 1169
f 344 588 345
f 1204 2206 354
f 2236 2234 1923
f 216 2299 577
f 2311 273 1864
f 1685 885 1524
f 2407 2192 2424
f 2125 1289 367
f 586 354 1233
f 348 1854 341
f 1492 1579 1247
f 380 568 2151
f 2408 1934 2080
f 606 1220 1601
f 1342 2112 557
f 1587 756 858
f 591 2075 1588
f 1198 1446 2186
f 1198 2335 361
f 1931 1795 1846
f 2179 2335 2390
f 445 381 2461
f 806 1443 841
f 1194 529 980
f 553 2366 388
f 756 2080 718
f 2448 2405 2428
f 1446 1215 1433
f 1188 414 432
f 1232 377 1846
f 2434 2418 2443
f 2431 438 420
f 2303 1777 443
f 1004 2007 1293
f 373 410 2165
f 471 1418 623
f 1793 413 1278
f 2310 2248 1825
f 1566 1559 366
f 1566 630 1559
f 793 2477 2464
f 2352 2447 2444
f 409 1418 2303
f 506 518 428
f 463 1252 1207
f 382 206 2009
f 1910 2301 2334
f 2165 410 2422
f 1205 859 1849
f 498 2254 886
f 2370 2424 2449
f 1608 2256 1792
f 2303 2332 1777
f 459 1902 1732
f 539 2166 476
f 2310 1544 1614
f 176 12 28
f 561 1697 2387
f 477 516 457
f 1609 1604 1372
f 286 504 28
f 1556 269 1208
f 777 784 110
f 1912 2384 530
f 1912 530 208
f 1603 409 2285
f 561 550 1697
f 1418 471 2332
f 1717 1851 1951
f 1206 441 857
f 828 506 357
f 406 1044 1410
f 2165 2409 373
f 431 1265 2347
f 1239 498 886
f 2014 1827 483
f 491 2130 1250
f 1250 2130 1188
f 413 1793 418
f 1942 1827 2073
f 1996 2451 1240
f 747 1463 925
f 431 1184 1265
f 2306 2256 1608
f 484 1332 395
f 447 1909 577
f 2470 2471 2449
f 1121 532 410
f 440 1727 1252
f 2354 2177 1797
f 2309 1825 2248
f 2339 2469 2423
f 1296 387 486
f 2457 606 2089
f 1181 417 2062
f 1818 1529 1230
f 757 1221 2452
f 2446 2302 1786
f 2472 1145 1727
f 718 2080 1927
f 572 1216 1921
f 381 1272 2263
f 2461 381 359
f 2426 2074 2447
f 1726 1290 2339
f 1852 353 1158
f 2304 1824 2068
f 2406 2074 2426
f 1912 208 2386
f 2355 558 1191
f 630 2100 1732
f 341 1217 348
f 608 2321 1210
f 1937 1711 1795
f 1631 2468 2356
f 2190 1727 1145
f 656 1165 609
f 866 1504 2210
f 2241 2440 1261
f 414 317 400
f 2188 1925 1819
f 312 1370 2196
f 1179 1817 1369
f 326 2141 605
f 1112 1759 631
f 1671 2390 261
f 1545 2357 2356
f 1149 1648 1816
f 1107 1143 1130
f 1577 1588 1708
f 1261 256 1949
f 1578 301 1244
f 272 2478 1514
f 2191 1944 2312
f 1131 1303 2359
f 1711 1791 1571
f 2170 937 780
f 626 1129 653
f 1505 1575 2375
f 1946 2076 1748
f 1384 2137 1485
f 1125 275 1117
f 1090 1789 603
f 2486 278 285
f 1280 1479 872
f 2396 2393 2395
f 1396 675 1160
f 1315 666 2095
f 1225 987 1331
f 1131 2359 657
f 1109 251 660
f 216 1958 2299
f 136 462 788
f 2245 2246 2360
f 2087 248 247
f 238 258 1083
f 1581 667 1139
f 1139 72 1581
f 309 1970 701
f 243 1071 673
f 243 238 1071
f 2210 2282 1993
f 1065 1064 1861
f 1861 1064 675
f 1407 1389 1260
f 1039 682 2380
f 1039 1050 682
f 700 1092 228
f 2054 1147 1336
f 1764 1147 2054
f 2064 2314 1389
f 690 2046 1415
f 1349 2041 2361
f 1349 717 2041
f 2154 2122 1412
f 1765 702 703
f 1415 2121 690
f 1784 1928 864
f 2314 1788 1389
f 2261 1042 2260
f 2122 1765 2030
f 2121 1028 2376
f 2372 850 1025
f 2487 710 711
f 2489 218 2492
f 203 926 1922
f 752 1505 2375
f 867 1879 2491
f 1938 2033 2224
f 867 729 2159
f 2328 1490 2277
f 1351 846 1886
f 1966 2351 180
f 180 1471 2224
f 1938 2224 1471
f 1787 2244 1722
f 1358 2267 1969
f 1577 1580 1588
f 1725 739 1075
f 1967 2061 2229
f 740 181 188
f 399 1658 921
f 1658 94 921
f 176 461 12
f 993 281 1420
f 70 989 750
f 461 2270 1069
f 1569 1533 1904
f 263 2270 461
f 970 2164 24
f 763 161 1730
f 2 40 1383
f 1465 162 2104
f 2388 2405 1704
f 1310 2216 2201
f 1837 1665 2238
f 2385 2350 1743
f 836 751 1560
f 2239 1837 2169
f 777 875 781
f 122 2458 797
f 1665 2097 2238
f 1916 1037 117
f 87 106 1911
f 2219 127 141
f 1482 1410 2342
f 1916 813 87
f 202 2232 2237
f 1582 1970 848
f 1905 1706 1985
f 1011 1917 2092
f 1836 2169 900
f 67 1466 2271
f 1541 2026 1992
f 1618 2416 580
f 967 2441 1662
f 2441 263 1662
f 970 2481 2164
f 853 1928 1649
f 2319 783 1929
f 2320 851 2017
f 2006 1546 833
f 1923 1935 2278
f 810 831 1063
f 1007 1000 1001
f 25 1941 48
f 869 2340 2455
f 1494 2209 1980
f 2394 2421 2402
f 2425 2001 2000
f 2002 1745 1521
f 808 35 864
f 168 120 42
f 6 2433 1690
f 127 2219 2465
f 2344 878 783
f 872 1478 1424
f 10 1457 862
f 1313 2320 1344
f 747 767 2081
f 760 1672 1043
f 885 967 839
f 1313 1634 2320
f 816 1867 1043
f 151 156 46
f 291 31 2001
f 1604 2009 9
f 2415 2391 2369
f 2400 2219 2453
f 2003 2008 49
f 1343 1356 2325
f 2367 2411 2368
f 1897 759 1774
f 758 1833 473
f 982 1695 1855
f 1524 2058 2198
f 778 2439 2336
f 2067 1723 2290
f 133 963 704
f 917 253 29
f 2025 2016 2280
f 754 1067 147
f 950 253 917
f 1956 116 1527
f 407 1994 15
f 1496 1518 1018
f 1979 1585 1522
f 219 234 1677
f 172 170 1609
f 573 1779 328
f 1833 881 889
f 2368 884 982
f 1420 236 993
f 2053 564 405
f 2417 2368 824
f 70 176 989
f 2288 1971 33
f 921 94 399
f 636 1498 2429
f 2215 2400 2453
f 1739 405 1778
f 1945 2281 1008
f 1404 206 1699
f 517 2345 1624
f 1738 2205 2042
f 1972 1974 880
f 1401 495 1496
f 1652 992 464
f 1496 1018 1401
f 2324 333 535
f 636 2429 2323
f 2036 1504 1480
f 334 535 333
f 352 334 333
f 190 1882 1881
f 997 369 614
f 2417 824 2438
f 994 1775 100
f 940 930 929
f 276 328 323
f 1518 883 170
f 2267 582 2297
f 1806 1960 1738
f 1527 620 959
f 945 944 943
f 6 2336 2432
f 2404 2400 2369
f 2211 1781 2013
f 407 760 1043
f 958 1475 951
f 167 148 953
f 2010 2019 1999
f 962 956 963
f 2009 206 103
f 2430 2346 2402
f 1503 1652 1870
f 1510 709 62
f 861 680 612
f 760 1350 1672
f 103 1613 2009
f 2002 1347 2398
f 1338 1329 2008
f 1782 565 779
f 16 1557 979
f 2344 1952 878
f 2006 2401 2204
f 2414 2399 2417
f 1072 2001 31
f 1541 1992 1531
f 2278 1468 1737
f 2207 2004 2445
f 1074 1985 1334
f 2029 1338 2026
f 32 2415 1620
f 1982 1543 1310
f 774 819 2226
f 1618 2033 2416
f 93 1550 785
f 1041 1353 734
f 728 2298 212
f 152 1052 799
f 2204 2045 1546
f 2272 1013 2328
f 1598 2218 1982
f 995 1439 819
f 2225 1976 2383
f 1907 1437 904
f 63 2292 57
f 919 952 1002
f 1277 2223 90
f 1813 1743 2350
f 1649 824 45
f 1633 815 1344
f 1087 1569 1904
f 129 1770 1144
f 825 76 65
f 1785 1574 713
f 2319 2090 2344
f 849 1976 197
f 2412 2396 2395
f 1484 1242 99
f 207 1499 2033
f 1978 1292 1967
f 180 1973 1966
f 79 904 84
f 2414 1704 2405
f 2399 2192 2295
f 95 1457 1932
f 813 821 820
f 131 128 2326
f 85 814 2234
f 1021 85 2236
f 263 2221 2270
f 715 214 2157
f 736 639 2180
f 1553 726 194
f 128 897 17
f 81 2020 2005
f 2120 1724 1023
f 2350 2385 2397
f 1085 1768 1025
f 99 17 795
f 1277 1513 231
f 1410 794 2342
f 907 1578 1244
f 217 726 1957
f 897 795 17
f 1553 1957 726
f 2216 1749 2201
f 947 1922 1684
f 1036 460 790
f 2314 714 1788
f 1415 1878 2121
f 1809 705 1031
f 650 233 2330
f 1563 2367 1584
f 1111 207 1950
f 2218 81 2005
f 2104 1837 2239
f 2379 2191 2315
f 128 1393 772
f 1666 203 1922
f 751 2386 1053
f 1958 2311 2299
f 1749 2216 1825
f 2330 671 1709
f 825 6 1690
f 1244 301 1474
f 279 2100 1124
f 985 160 2490
f 1476 327 1579
f 2422 2419 2389
f 1067 754 121
f 2270 970 147
f 2371 2424 2399
f 147 1069 2270
f 1066 1420 121
f 228 698 2155
f 195 1420 1066
f 314 2242 2379
f 2330 2265 1940
f 83 489 179
f 187 262 1452
f 1804 182 1674
f 2437 2443 2418
f 1787 1881 2243
f 1078 191 2267
f 309 516 1022
f 2122 699 1412
f 2078 377 388
f 759 1845 1774
f 1702 746 1009
f 1010 765 2161
f 2210 72 866
f 1752 525 2446
f 2244 2159 729
f 2076 2175 2304
f 2366 553 438
f 731 1667 811
f 1797 2177 1210
f 2116 2492 1434
f 2328 1013 1490
f 1041 2135 1397
f 696 596 566
f 700 1039 2380
f 1728 1878 2031
f 213 873 1017
f 1934 220 544
f 2492 2266 2489
f 1853 2489 2266
f 201 1921 1216
f 2307 2378 1762
f 1232 538 547
f 2135 215 1047
f 596 2334 2301
f 60 1920 2431
f 710 2260 1042
f 2122 2154 1765
f 2152 2154 1408
f 2154 1868 1408
f 1663 1415 2052
f 2181 1925 1602
f 1915 1714 1823
f 454 1231 423
f 2047 2056 2052
f 451 2440 1367
f 1258 1832 1764
f 2177 2354 519
f 2349 2176 1240
f 2123 2051 2126
f 1407 1325 1389
f 2484 1333 686
f 2126 2056 1330
f 435 1735 516
f 1861 1100 1065
f 686 689 1260
f 1100 660 1065
f 2291 2450 1223
f 1841 1653 1659
f 1342 14 1228
f 2124 2048 2486
f 1120 1064 254
f 2172 1733 322
f 251 1109 275
f 2171 1792 2256
f 1923 1441 1935
f 2101 266 1859
f 418 412 1190
f 1841 2137 282
f 2291 1205 1849
f 1755 1258 1764
f 270 1116 1857
f 629 1113 1115
f 1721 519 2171
f 277 1106 2140
f 646 1650 1509
f 1263 744 2463
f 1054 1763 657
f 2250 1793 2452
f 655 1381 1842
f 2138 2251 2095
f 1857 280 1515
f 629 1115 2139
f 2107 663 695
f 859 2347 1849
f 2484 1842 1132
f 828 1248 506
f 455 1283 1257
f 603 1627 1090
f 952 919 920
f 2258 390 2448
f 1759 1129 626
f 2197 653 607
f 1919 1875 1551
f 606 1756 2467
f 1520 1169 312
f 248 1330 1083
f 2141 1638 605
f 1302 484 527
f 431 523 1184
f 302 324 2196
f 1243 613 663
f 1265 1623 2258
f 312 2196 615
f 2382 1647 1174
f 1268 2387 1834
f 1796 1270 1160
f 523 404 396
f 2190 1146 1150
f 1436 1011 838
f 1275 2252 1981
f 1635 1643 583
f 2472 1366 1145
f 1306 391 1266
f 2071 2091 2118
f 736 862 1457
f 1364 2479 2094
f 2308 375 1255
f 348 347 1854
f 2094 1233 2098
f 1175 554 1149
f 1161 1213 1238
f 56 57 834
f 1291 556 574
f 81 787 815
f 354 1237 563
f 2252 1237 354
f 2471 1119 2370
f 1229 1627 1168
f 2162 583 2306
f 2148 2264 2129
f 1287 557 600
f 1626 2062 353
f 1314 2119 1742
f 1173 1818 1230
f 2337 1243 2107
f 2105 1538 562
f 332 2469 588
f 1626 1181 2062
f 606 1601 2089
f 830 904 829
f 1528 1529 2381
f 388 377 1232
f 387 2117 486
f 1827 1680 2073
f 293 2308 1736
f 1622 1306 1178
f 627 293 1736
f 2381 1207 1854
f 920 919 1012
f 2184 277 2140
f 1287 1681 520
f 1006 920 1012
f 1159 2107 695
f 1110 2131 2478
f 1132 1843 2484
f 2136 1627 647
f 625 1093 1508
f 771 2099 2252
f 2114 1281 477
f 857 441 404
f 646 303 675
f 1315 653 1316
f 2144 1815 2086
f 1650 1064 1120
f 1884 1761 2486
f 1735 1281 1189
f 1112 243 2485
f 1115 1814 1090
f 1083 257 247
f 2132 2123 2087
f 600 1299 1287
f 2249 2087 2123
f 2065 1764 2054
f 125 2370 2468
f 1407 689 686
f 2454 2258 2448
f 1102 251 275
f 1091 1335 702
f 1765 2152 702
f 1199 1908 1271
f 1415 2031 1878
f 2041 2012 2156
f 2487 714 2314
f 1025 850 1085
f 2488 2041 717
f 2298 846 2487
f 1998 2493 724
f 1017 731 1998
f 728 818 2298
f 1353 733 734
f 1352 766 1490
f 733 1353 1355
f 1358 618 1776
f 1969 618 1358
f 2297 582 1365
f 270 1097 1113
f 184 1421 1882
f 1228 1909 1342
f 262 187 1421
f 1411 179 489
f 399 94 856
f 176 1592 847
f 2459 2423 2405
f 1592 985 983
f 864 838 2092
f 2451 2349 1240
f 1914 2174 2168
f 201 1218 1921
f 2 173 1751
f 1199 522 425
f 2481 970 2270
f 1914 2178 1913
f 2347 2454 2428
f 2172 2333 1733
f 120 168 1055
f 769 119 53
f 76 861 65
f 1048 1665 138
f 538 505 547
f 374 1762 487
f 776 781 497
f 525 2333 470
f 163 561 2335
f 2380 1643 1299
f 2273 1731 1044
f 2273 1044 406
f 705 947 1660
f 718 543 1221
f 2413 485 454
f 1002 1001 1758
f 1472 2180 639
f 809 705 84
f 1731 1015 2305
f 1762 374 1203
f 806 841 1565
f 96 2342 1924
f 2352 2397 2426
f 1731 1924 1012
f 1731 1012 1015
f 131 2326 1458
f 337 2307 1762
f 2485 1316 1129
f 2431 1920 2403
f 2444 2409 2352
f 900 58 1836
f 2293 2275 1016
f 2060 596 2301
f 1923 814 827
f 2340 869 76
f 314 2079 1797
f 1928 1784 852
f 319 163 1671
f 1836 58 1424
f 2342 1259 1007
f 2342 1007 1924
f 279 1735 2100
f 577 2311 1864
f 1928 852 1649
f 2183 1936 1835
f 2081 1928 853
f 56 2085 1936
f 1437 1430 1450
f 39 52 38
f 1474 1566 366
f 2344 783 2319
f 1946 1245 2076
f 303 646 1312
f 2140 1134 294
f 2188 1003 1925
f 2082 1280 1835
f 1750 1196 1489
f 888 1825 1098
f 668 2068 643
f 1245 650 2330
f 1130 254 1107
f 2066 2060 2301
f 35 1540 1436
f 2081 1451 747
f 1129 1112 2483
f 1242 7 17
f 600 2380 1299
f 1292 1983 810
f 1903 972 1957
f 668 643 264
f 914 1938 628
f 1171 2241 1955
f 887 1621 2189
f 1572 848 1970
f 2070 2067 648
f 2385 2406 2426
f 309 701 1492
f 1003 165 1276
f 1718 2420 231
f 1331 679 1225
f 607 1760 1379
f 1962 273 2311
f 1277 1171 2057
f 1144 692 713
f 2189 1621 1467
f 1938 914 2033
f 2058 1953 1687
f 2438 2465 2214
f 1369 1816 1304
f 2135 2479 1646
f 1473 956 936
f 295 2184 324
f 1829 197 2225
f 862 2464 2421
f 44 565 320
f 1759 1112 1129
f 1449 231 2227
f 1967 1292 2061
f 2192 2407 2295
f 1479 997 1899
f 1400 1782 1739
f 2479 1170 586
f 1380 1119 1128
f 2193 1715 2138
f 307 968 913
f 430 385 964
f 430 964 433
f 1108 907 1295
f 1087 2296 1569
f 1624 927 2220
f 976 1413 1676
f 971 1413 976
f 1488 1652 493
f 981 2324 535
f 1553 194 1094
f 482 2324 981
f 2322 2323 2429
f 896 1082 1144
f 2085 2182 2083
f 1707 2037 1561
f 2402 2396 2412
f 1600 1560 1554
f 1627 1229 2329
f 1706 1904 1533
f 2037 1343 2325
f 2404 2369 2403
f 2402 2412 2394
f 1642 299 1191
f 1550 786 785
f 2367 2368 2295
f 2430 2402 2421
f 722 321 1895
f 2045 1593 2200
f 2283 473 546
f 1101 1553 1573
f 2025 722 1990
f 1979 2024 1986
f 1990 2016 2025
f 2433 2432 2410
f 2283 758 473
f 2001 1072 2004
f 1704 2414 2435
f 1024 759 1897
f 2468 1856 2356
f 15 1994 1605
f 1135 1637 1151
f 1997 1980 1082
f 49 2008 2021
f 598 1894 1135
f 1043 1867 1519
f 2410 2389 2433
f 1371 831 43
f 1347 826 90
f 1618 1989 741
f 1334 1058 1363
f 26 1356 1586
f 1334 1363 1611
f 2024 1810 2015
f 1195 420 1556
f 2013 1781 2020
f 2209 2279 1980
f 2396 2402 2346
f 1026 1530 1599
f 1303 2112 331
f 1867 2209 1494
f 61 1740 20
f 596 1157 2334
f 1329 1542 2210
f 2215 2369 2400
f 1550 1867 74
f 1573 1045 1062
f 1343 2383 1976
f 2107 1243 663
f 2024 49 1986
f 796 797 2004
f 2410 1813 2350
f 609 1901 560
f 2013 1633 2028
f 807 836 1560
f 1600 807 1560
f 1377 1343 1707
f 1976 849 1343
f 1984 1974 2394
f 1983 1978 1305
f 1618 2224 2033
f 20 250 61
f 2009 1604 382
f 1780 1999 315
f 2421 1974 2341
f 2348 701 2027
f 2227 1513 787
f 2472 2382 2142
f 2458 122 1698
f 2382 1174 2142
f 1127 2296 1295
f 1699 206 382
f 344 345 1294
f 555 2147 554
f 2395 2050 2394
f 1580 2199 2201
f 1480 2042 2205
f 905 473 889
f 2200 1962 2045
f 994 1406 891
f 1294 345 351
f 1609 679 192
f 2394 1587 1984
f 1561 570 880
f 386 482 363
f 1395 1895 923
f 902 976 1676
f 971 1673 1413
f 383 2355 1191
f 1963 1962 1958
f 1830 326 606
f 1290 345 2339
f 1489 651 1750
f 616 936 1423
f 2336 2439 1629
f 1478 1960 2226
f 174 1779 637
f 2339 345 588
f 752 2375 980
f 955 961 2060
f 999 1944 608
f 2338 2213 2060
f 549 316 1268
f 192 679 1540
f 319 2300 1226
f 1961 2343 1457
f 1171 330 2241
f 1225 1595 992
f 1669 723 1460
f 2435 2214 2465
f 1471 608 552
f 2464 2284 2421
f 2226 1806 1773
f 1331 1378 679
f 779 565 44
f 314 1210 2321
f 313 525 1752
f 1194 980 2375
f 2464 2430 2284
f 2220 2072 878
f 361 1215 1198
f 591 888 1098
f 2422 2410 2409
f 858 526 1925
f 1331 987 1540
f 451 1713 1261
f 115 1037 300
f 1306 568 380
f 2446 1786 2265
f 1601 364 2091
f 986 1374 104
f 357 506 479
f 1460 1932 1669
f 163 2335 2179
f 330 1367 2440
f 2304 2178 1714
f 372 425 327
f 1224 1742 2114
f 429 511 445
f 2181 541 1847
f 2366 32 1791
f 577 1864 447
f 1148 2075 1610
f 2477 2430 2464
f 2081 767 808
f 1455 1503 39
f 526 1602 1925
f 2452 1221 2250
f 1007 1186 1000
f 1735 1189 2100
f 1409 409 1603
f 357 1562 828
f 35 1436 838
f 14 1912 642
f 2231 1280 58
f 2163 1915 1551
f 2476 1918 2455
f 1223 2450 502
f 1569 692 1533
f 48 1941 2237
f 2444 2456 1756
f 2248 1004 1871
f 1930 47 900
f 1923 1737 837
f 322 1612 494
f 412 1793 1227
f 2285 2303 456
f 1942 1603 456
f 2256 1721 2171
f 869 2455 1918
f 1361 845 1375
f 477 1281 435
f 1458 2326 855
f 412 418 1793
f 89 110 1424
f 814 2233 2182
f 2221 2215 2270
f 2476 2477 782
f 2347 1265 2454
f 2255 483 1827
f 1834 1697 550
f 2456 2467 1756
f 96 1731 2273
f 1265 2258 2454
f 1246 1274 514
f 2252 1828 771
f 1730 1800 2316
f 527 441 1302
f 491 1238 2130
f 2387 1272 511
f 445 511 1272
f 2468 1617 125
f 1688 475 113
f 460 1036 462
f 119 705 1809
f 2457 2089 2071
f 418 397 413
f 2239 938 2104
f 2270 2215 2481
f 772 901 128
f 1837 2238 2169
f 560 550 656
f 1275 1237 2252
f 2473 1240 370
f 2466 1187 2470
f 1051 1388 141
f 1257 380 2151
f 763 1730 138
f 1532 1680 2129
f 1284 1285 381
f 753 777 1719
f 2109 2271 1481
f 160 123 2490
f 102 144 2109
f 602 1828 2206
f 555 1288 2147
f 1288 578 2147
f 2 985 173
f 583 1154 2306
f 401 1262 1520
f 2479 1233 2094
f 1222 1811 750
f 847 983 1222
f 993 286 281
f 2190 1145 1146
f 489 184 1411
f 1554 1706 1600
f 2308 293 2329
f 1725 1075 1076
f 1859 2065 1996
f 1204 625 602
f 582 2267 191
f 1159 1156 2107
f 1078 2267 1358
f 1128 1119 2471
f 1141 1135 1151
f 770 191 1078
f 324 302 297
f 1276 1589 1587
f 2277 766 770
f 2130 414 1188
f 1351 1886 1722
f 1722 2244 729
f 583 1309 2358
f 296 1648 1149
f 2492 1346 2161
f 2159 1879 867
f 295 277 2184
f 2138 2134 326
f 549 1268 1834
f 280 290 1515
f 1122 1760 2222
f 2298 2487 2018
f 2140 1102 645
f 2086 1105 2144
f 2364 2362 2482
f 1110 272 267
f 2039 2374 1853
f 258 238 1320
f 218 2374 1057
f 1764 2065 1859
f 1863 1147 1832
f 1103 1659 1653
f 972 1903 301
f 197 671 157
f 1035 223 1050
f 698 222 2155
f 2128 2245 2360
f 1097 678 1814
f 1328 1860 1789
f 1093 2365 1508
f 2051 1663 2052
f 1038 691 2358
f 1324 695 1032
f 2046 690 1330
f 700 2380 688
f 1763 1054 1092
f 1260 1389 1788
f 1765 703 712
f 223 1029 1050
f 1389 1325 235
f 1850 1896 1774
f 1663 2031 1415
f 2135 1041 734
f 1768 1085 850
f 1657 678 1097
f 2266 2492 2116
f 1766 210 2272
f 846 1084 2487
f 2115 1667 873
f 215 734 1079
f 1013 1014 1490
f 662 1316 2246
f 1692 414 2130
f 735 818 193
f 2160 1771 196
f 1490 766 2277
f 2137 1841 1485
f 1113 1116 270
f 1077 193 1076
f 618 1968 509
f 1964 509 1968
f 1804 1674 1670
f 1968 185 1964
f 2138 2095 2134
f 1116 280 1857
f 507 509 1808
f 1808 1826 742
f 399 402 1658
f 1212 601 2193
f 2137 632 282
f 1385 1507 1073
f 1073 178 1385
f 379 504 259
f 993 236 749
f 437 521 1622
f 607 653 1760
f 2131 1857 1515
f 638 303 1312
f 2478 1638 1514
f 528 386 334
f 1719 69 966
f 263 70 4
f 1736 2308 1136
f 40 53 1809
f 1155 2362 2133
f 1820 1481 2271
f 203 189 1668
f 1370 302 2196
f 1192 2253 1715
f 604 626 2263
f 782 793 1386
f 1299 1643 1681
f 1191 2187 1642
f 931 1398 1911
f 1048 138 2093
f 1135 1894 1637
f 1163 2471 2470
f 317 1136 400
f 340 1638 2478
f 1911 462 136
f 1390 1391 909
f 117 1037 115
f 2478 355 340
f 1285 1284 607
f 1410 1044 794
f 560 656 609
f 1916 87 1911
f 1037 1916 1911
f 2481 2453 2164
f 111 2237 803
f 1625 401 1520
f 1175 1149 2382
f 1114 1497 2216
f 1630 908 1679
f 875 819 1506
f 947 1684 1683
f 497 863 2167
f 2125 2127 358
f 2464 2180 793
f 790 822 708
f 2130 1238 1213
f 801 2233 814
f 2110 364 1288
f 1626 353 1852
f 84 854 105
f 1288 555 373
f 854 2233 105
f 48 2237 2232
f 574 1306 1291
f 347 1528 2381
f 2170 830 2232
f 1941 2480 1688
f 879 1783 863
f 1783 839 863
f 914 628 207
f 2093 2475 832
f 1176 2117 387
f 2114 2119 1281
f 1623 1265 424
f 537 1224 2114
f 2098 2163 2094
f 396 1251 1184
f 2257 397 418
f 1257 1283 1266
f 1617 2468 1631
f 1996 1240 2473
f 2377 2098 531
f 2098 2377 2163
f 1234 434 401
f 783 1930 1929
f 1152 344 1294
f 152 1269 2331
f 523 396 1184
f 1610 2117 1176
f 498 2259 1296
f 2466 2449 2371
f 20 1783 879
f 1981 2252 2099
f 2326 18 1448
f 2386 153 1848
f 1726 2339 2423
f 1150 1637 341
f 523 431 859
f 1275 1981 513
f 1551 1875 2163
f 1003 1790 165
f 513 1981 2106
f 1681 2384 520
f 839 1783 1953
f 518 506 1248
f 1281 1735 435
f 2452 437 515
f 457 516 1270
f 1003 2269 1790
f 1468 34 1737
f 1302 465 484
f 953 949 669
f 2331 2069 2406
f 516 2102 1270
f 1825 2216 1497
f 10 1961 1457
f 1551 1823 1919
f 617 594 949
f 2441 2221 263
f 515 2166 2452
f 1962 2311 1958
f 2070 648 1463
f 1280 2082 1479
f 3 519 569
f 2049 862 2341
f 2075 2117 1610
f 2378 1201 487
f 958 951 2059
f 2168 1409 1603
f 551 2195 496
f 2198 559 1524
f 1620 2441 1685
f 2303 443 456
f 2332 2303 1418
f 2450 1920 502
f 685 617 633
f 2255 1827 1942
f 945 617 616
f 616 199 945
f 1195 60 2431
f 371 2387 429
f 2368 982 1855
f 1227 2250 542
f 982 610 1695
f 1839 842 1511
f 269 547 505
f 683 997 1479
f 1478 1479 1898
f 565 1782 1400
f 2288 925 1422
f 422 78 591
f 1903 1957 1553
f 441 1206 1689
f 2428 2434 2347
f 1840 338 1486
f 617 949 953
f 2426 2447 2352
f 1562 357 378
f 78 2075 591
f 2413 454 423
f 2310 342 1716
f 2407 125 2427
f 225 1549 664
f 882 1404 994
f 1568 1846 377
f 2431 2392 438
f 1166 261 260
f 508 2037 2325
f 1609 170 679
f 2050 2395 2408
f 314 1797 1210
f 466 1248 828
f 2408 2080 756
f 369 2212 614
f 517 871 2345
f 423 1934 2393
f 2283 546 107
f 1019 1511 1008
f 61 1504 866
f 2034 2023 1775
f 2034 2327 2023
f 2036 2282 1504
f 1858 2023 2327
f 1675 1847 313
f 1629 2439 2410
f 868 2017 1634
f 1583 817 2386
f 1989 658 741
f 2414 2214 2435
f 556 348 599
f 216 577 2262
f 1711 1571 651
f 2007 1004 2248
f 658 1582 741
f 2356 1641 1631
f 1949 1955 2241
f 1359 107 884
f 33 758 1582
f 1526 758 2283
f 1989 1618 580
f 319 1226 713
f 727 1363 816
f 2385 2426 2397
f 751 153 2386
f 587 589 940
f 2403 2418 2404
f 1589 1984 1587
f 2404 2418 2388
f 872 1424 58
f 2417 2295 2368
f 90 1030 1534
f 197 1829 671
f 1580 1577 1718
f 1058 51 1059
f 1259 1186 1007
f 1785 239 1167
f 488 485 1207
f 2388 2428 2405
f 1542 72 2210
f 836 807 1337
f 1999 1499 1593
f 1548 1359 789
f 896 1574 1977
f 2045 1962 1963
f 2391 2403 2369
f 2057 1965 755
f 2411 1548 789
f 1803 1977 2276
f 322 1246 1612
f 2027 1548 2348
f 2411 1563 1548
f 2045 1963 1889
f 1277 755 2223
f 1904 130 1087
f 2366 2392 2415
f 1978 1975 1305
f 1003 622 858
f 1454 1554 1560
f 1144 1770 1533
f 322 1733 1246
f 2242 608 1944
f 2423 2371 2399
f 1573 1553 1045
f 2240 2069 1269
f 1770 1080 785
f 2346 2389 2396
f 2204 1593 2045
f 298 306 274
f 2044 231 1513
f 1985 1706 74
f 2033 914 207
f 2241 1261 1949
f 1193 1236 2106
f 1563 687 1558
f 2200 1111 1962
f 2029 1987 1338
f 2394 2050 2408
f 1908 1199 425
f 1052 2331 91
f 81 815 2020
f 2315 2191 1954
f 1985 1059 51
f 1873 955 2060
f 1948 1829 165
f 2218 2005 1019
f 1492 2348 1579
f 1171 1955 2057
f 1633 2013 2020
f 2420 1172 231
f 972 217 1957
f 752 1063 20
f 2401 2006 2010
f 2312 999 1954
f 2414 2405 2423
f 2429 1743 1813
f 1948 165 1675
f 727 816 1906
f 2100 630 1101
f 1781 1019 2005
f 1182 1180 1647
f 502 1920 60
f 2163 2378 2307
f 1791 2078 2366
f 1022 1279 309
f 1357 760 15
f 1993 2021 2210
f 2208 1530 1026
f 1371 1632 831
f 2207 1644 2425
f 1347 2280 2016
f 1226 1671 239
f 1588 2075 1708
f 2418 2434 2388
f 1196 288 1489
f 336 1575 2068
f 1588 1874 888
f 1471 552 1938
f 2408 756 1587
f 1519 407 1043
f 2068 668 2304
f 1704 2435 2400
f 576 33 658
f 1211 2068 1824
f 1632 1988 2032
f 362 1584 2427
f 337 1202 529
f 858 1925 1003
f 1632 2032 1705
f 997 614 1897
f 1850 997 1897
f 561 2084 2335
f 496 2211 517
f 1938 2176 628
f 623 2175 2076
f 1595 883 998
f 718 1927 545
f 553 1140 438
f 92 80 75
f 2428 2454 2448
f 2036 2205 2035
f 619 1705 1687
f 561 371 2084
f 1979 1738 1585
f 1140 547 269
f 959 889 439
f 2309 422 1822
f 1821 572 1218
f 2345 927 1624
f 420 1195 2431
f 1762 2378 487
f 2422 532 2419
f 1794 1734 1193
f 1193 446 1794
f 546 905 982
f 2456 2444 2447
f 1195 1556 59
f 1756 2457 2409
f 2291 1849 2443
f 958 338 1778
f 1190 453 2257
f 186 1283 8
f 451 2460 1713
f 1556 1208 503
f 2074 548 445
f 2102 522 1199
f 2106 2099 446
f 862 2421 2341
f 1733 2333 525
f 1714 2178 1919
f 2168 1942 1914
f 1227 1793 2250
f 2352 2409 2350
f 1919 1823 1714
f 252 564 2053
f 2166 843 476
f 2427 125 362
f 1961 2212 2343
f 845 1689 1375
f 932 929 284
f 2217 929 932
f 1614 2007 2310
f 1236 494 513
f 466 1612 1246
f 1960 1806 2226
f 1834 2387 1697
f 680 915 934
f 2163 2377 2378
f 463 2150 1254
f 843 1249 1246
f 135 1805 911
f 885 1685 2441
f 1459 2281 22
f 2377 1201 2378
f 2221 2369 2215
f 2440 451 1261
f 2452 521 437
f 1228 577 1909
f 2456 606 2467
f 457 2114 477
f 1317 92 75
f 1679 66 1327
f 1298 1468 2278
f 2451 1995 1865
f 1319 748 1327
f 480 1617 1631
f 551 1947 2195
f 2111 2337 1273
f 1332 1234 395
f 390 384 2459
f 383 1951 2355
f 1631 1628 480
f 30 1242 54
f 383 1271 1951
f 1557 16 1450
f 860 2368 1855
f 2259 1264 1308
f 1626 390 1177
f 1825 2309 2318
f 2175 2178 2304
f 400 2308 398
f 1726 2459 384
f 837 34 22
f 2450 2291 2437
f 588 2469 2339
f 1953 37 839
f 885 2441 967
f 470 533 1734
f 1161 1238 2151
f 1234 401 1625
f 1233 531 2098
f 1158 367 1852
f 2252 354 2206
f 987 820 1436
f 557 2112 1303
f 1690 2433 76
f 991 2072 1772
f 2455 2462 2476
f 2474 2072 991
f 471 1786 1734
f 1520 376 1340
f 991 1772 899
f 556 599 574
f 2081 808 1928
f 1688 2480 475

