# https://github.com/mikedh/trimesh
v -0.17570065 0.26326767 -0.40074718
v 0.17732500 -0.30524400 -0.29671201
v -0.03411325 -0.22170626 -0.33083150
v 0.20714401 -0.25049400 -0.31696001
v -0.17733550 -0.27900839 -0.30650201
v -0.01649794 -0.09504893 -0.26839012
v -0.00567069 -0.28002918 -0.30217168
v -0.17100599 -0.29860401 -0.30582801
v -0.04903900 0.27999300 -0.40075600
v -0.19260500 0.27055600 -0.16861500
v -0.04199700 0.27981299 -0.40003699
v 0.02433437 -0.27812624 -0.29991332
v -0.01969250 -0.21227825 -0.25067800
v -0.03583550 -0.24959700 -0.30271301
v -0.21950425 0.26827750 -0.39250350
v 0.21066301 -0.29503199 -0.29899999
v 0.21386975 -0.29614124 -0.30493951
v 0.00153400 -0.25046301 -0.30249500
v -0.01598600 -0.09499150 -0.30062926
v -0.10536125 0.27165714 -0.39971438
v -0.09278650 -0.24985150 -0.30434451
v -0.19239050 -0.24939950 -0.30980799
v -0.00460225 0.27440706 -0.26555949
v 0.06157850 0.30982900 0.40059051
v 0.03298850 0.28896549 0.37057149
v 0.21595900 -0.29596925 -0.31132174
v 0.20584050 -0.29030451 -0.30707750
v 0.19515237 -0.25089288 -0.29694900
v 0.14680204 -0.25138673 -0.29725176
v 0.20900275 -0.28879726 -0.30058226
v 0.03988200 -0.25106782 -0.30006093
v 0.18441574 -0.31068611 -0.29758513
v 0.18838263 -0.31547126 -0.29858324
v -0.09141600 -0.25169799 -0.30299249
v -0.11358700 0.28279200 0.39717501
v -0.19308700 -0.25131512 -0.30549824
v -0.02547997 -0.15543394 0.29779926
v -0.14120400 -0.25020027 -0.30495945
v -0.17474701 -0.25039899 -0.30500951
v -0.03165700 0.20971701 -0.37089899
v 0.00103000 0.29673451 -0.38971150
v -0.00573819 -0.11520069 -0.32993156
v -0.01450800 -0.10468800 -0.33039901
v 0.20420843 -0.30681631 -0.30503511
v 0.19081800 -0.28207651 -0.30488050
v -0.03550037 -0.17244662 -0.30269375
v 0.18625399 -0.28904551 -0.30287200
v -0.00613609 -0.15422074 -0.30216253
v -0.01469375 -0.12463488 -0.30004737
v -0.02720900 -0.12847650 -0.30009851
v -0.22423400 0.26670799 0.36958799
v -0.20350263 -0.30092812 -0.31232375
v 0.01471250 0.28794101 -0.39898250
v -0.01449700 -0.21227901 -0.25984699
v -0.01814350 -0.21403868 -0.25795537
v -0.02843975 -0.09554300 -0.30083376
v 0.19853701 -0.31773001 -0.29771000
v -0.01969325 -0.21282224 -0.27964276
v -0.01657605 -0.21312776 -0.24812517
v -0.05435700 0.27770001 0.37224799
v -0.03471425 -0.04069437 -0.30118275
v -0.00574388 0.08435313 -0.32859674
v -0.02572300 -0.21214525 -0.24823301
v -0.00649700 0.03866275 -0.32927576
v -0.19354950 -0.28766075 -0.32380050
v 0.03872950 0.30769163 0.40231037
v -0.21988650 0.26810762 0.32966349
v -0.01648684 -0.21331091 -0.22475053
v -0.03784500 0.27984500 0.37225899
v -0.04421450 0.21122125 -0.37404025
v -0.04761750 0.21324150 -0.37851000
v 0.00725075 0.28608012 0.37328187
v 0.07278750 0.29983526 -0.40080601
v 0.06963200 0.29400301 -0.39945200
v -0.17702401 0.27425501 -0.39948699
v -0.08655950 -0.25028801 -0.33167750
v -0.01397025 -0.21206325 -0.23970351
v -0.02519650 -0.21271850 -0.22919799
v -0.02106925 -0.09887475 -0.33066875
v -0.00625947 -0.18667793 -0.30160055
v 0.21108094 -0.30682349 -0.30570108
v -0.02190000 0.29263151 -0.40143400
v -0.03217700 0.29260299 -0.39986700
v 0.08866325 0.30753988 -0.40033713
v -0.01028800 0.25147399 -0.38396075
v -0.07684100 -0.27982599 -0.33081299
v -0.02484900 -0.21347225 -0.30136374
v -0.20579788 -0.29815301 -0.31877738
v -0.02974600 0.23537800 -0.37452799
v -0.00367900 0.23995399 -0.37413099
v -0.16354237 -0.29881662 -0.32694939
v -0.08521850 0.28643751 0.39795649
v 0.06086288 0.29499024 -0.40018868
v -0.00838600 0.24963775 -0.37441149
v -0.04749525 0.24137500 -0.37332875
v 0.09195063 -0.25158238 -0.29846463
v -0.05089075 0.23947375 -0.37145951
v -0.00377525 -0.25038111 -0.32981011
v -0.01461325 -0.21192674 -0.21810625
v -0.03426200 0.23105387 -0.36668661
v -0.03247000 0.24624850 -0.37487525
v -0.01469600 0.25583601 -0.37413201
v -0.02636500 0.25788549 -0.37312251
v -0.03754950 0.21566950 -0.35806951
v -0.04261412 0.21698663 -0.35918149
v -0.06374850 0.28855824 0.37691775
v -0.07446475 0.26934838 -0.37339076
v -0.01518913 -0.21241724 -0.20330769
v -0.07745200 0.27426401 -0.37191099
v -0.03965500 0.20885600 -0.35050401
v 0.20625475 -0.25201249 -0.32492986
v 0.20648250 -0.25739801 -0.29603499
v 0.00104950 0.28043050 -0.37294751
v -0.01556725 0.23135425 -0.35489124
v -0.01435725 -0.20895800 -0.06353075
v -0.00635375 0.14255631 -0.32837313
v -0.02000275 0.27387899 -0.37051949
v -0.02542050 0.27162349 -0.37126401
v -0.17195225 -0.27894700 -0.33285576
v -0.07185563 0.26658350 -0.36968324
v 0.00657250 0.26001051 -0.36552626
v -0.10564725 -0.27823150 -0.30315551
v 0.21686999 -0.30626899 -0.30673549
v -0.03420500 0.24562424 -0.35782874
v -0.04565372 0.24718359 -0.35515177
v -0.00300450 0.27708849 -0.36802450
v 0.22266112 -0.30279750 -0.31081888
v -0.00334000 0.24375100 -0.35712799
v -0.00644844 0.24228938 -0.35595182
v -0.05152100 0.25085711 -0.35558662
v 0.05479775 0.31168801 0.40199551
v -0.06001150 0.18225250 -0.33552650
v -0.06288812 0.18019925 -0.33337238
v 0.11383731 -0.27919918 -0.29772887
v -0.05771900 -0.27910700 -0.30233899
v -0.20313181 -0.29505649 -0.32650661
v -0.03209575 0.24808151 -0.35688874
v -0.03163712 0.25984931 -0.35603568
v 0.01337700 0.28058699 -0.36247301
v -0.19956900 -0.29075450 -0.32017201
v 0.01680725 0.28110901 -0.36736175
v -0.18540201 -0.31542701 -0.33738500
v -0.05050600 0.25822100 -0.35383499
v 0.05905200 0.30947500 0.40360701
v 0.07032850 -0.25211763 -0.32865000
v 0.01780362 0.28301951 -0.36228150
v 0.02129662 0.28051889 -0.35985374
v -0.18802312 -0.28278637 -0.31151086
v -0.03520500 0.19224174 -0.32907099
v 0.05264275 0.30370250 -0.39932725
v 0.13094950 0.30150214 -0.39996526
v -0.17165363 -0.28534436 -0.32430911
v -0.05220625 0.17339601 -0.32532662
v -0.05357725 0.18961200 -0.33339551
v -0.02487900 0.28056201 -0.35573050
v 0.18789825 -0.28641176 -0.31704599
v -0.20220900 -0.29317099 -0.31096649
v -0.19753601 -0.28835249 -0.31130400
v -0.07705563 0.27390325 -0.35623601
v -0.07984375 0.27045238 -0.35455725
v -0.05012375 0.16049875 -0.31429526
v -0.06252050 0.15941100 -0.31805074
v -0.05619900 0.17842750 -0.32364976
v -0.06066806 0.18606000 -0.32211506
v -0.05159481 0.16706362 -0.31683588
v -0.18885250 -0.28583726 -0.31038126
v -0.18632700 -0.28934050 -0.30581874
v -0.17763725 -0.28474900 -0.31199226
v -0.03826000 0.18037900 -0.31966701
v 0.20561551 -0.26112750 -0.32565051
v 0.18256150 -0.30625600 -0.29823199
v -0.05355050 0.18977875 -0.31814200
v -0.05888450 0.18863299 -0.32076651
v -0.04682434 0.18202406 -0.31703988
v -0.05150513 0.19213600 -0.32040563
v -0.04305200 0.18061151 -0.31393999
v -0.04722225 0.17791250 -0.31559137
v -0.01843775 0.25687349 -0.32634151
v -0.01830500 0.25875849 -0.34432149
v -0.05066850 0.18960850 -0.31424400
v 0.17993900 -0.30728701 -0.31023374
v -0.00905037 0.20893663 -0.32073513
v -0.06425550 0.18858200 -0.31492701
v 0.18143176 -0.29544163 -0.29966801
v 0.18322399 -0.29676101 -0.30090350
v -0.00559650 0.20719776 -0.32545349
v 0.21037425 -0.29186124 -0.30913401
v -0.19231400 -0.31543750 -0.30757099
v -0.05851425 0.17039312 -0.31066376
v 0.16084550 -0.26863649 -0.32633400
v -0.03948200 0.18386887 -0.31124374
v -0.10329944 0.28382963 -0.39981818
v -0.03086012 0.21069588 -0.32249519
v 0.17648999 -0.29933575 -0.30053976
v 0.18140513 -0.29225114 -0.30736125
v -0.18869075 -0.30743799 -0.31024674
v 0.19381000 -0.30875775 -0.30106387
v -0.05343512 0.19938262 -0.31548163
v -0.19172850 -0.28312701 -0.31690699
v -0.02602000 -0.21200800 -0.18121800
v -0.05823762 0.19534312 -0.31428325
v -0.04994863 0.18931513 -0.30837739
v 0.17446013 0.30641338 -0.32909575
v -0.04928650 0.17067550 -0.29888150
v -0.03077350 0.08283975 0.32671100
v 0.18651649 -0.31037301 -0.30334139
v -0.01971650 0.29286709 0.15687425
v -0.00892475 0.21123062 -0.30736876
v -0.05233950 0.18489499 -0.30201599
v 0.19655076 -0.30452037 -0.31488374
v -0.06201200 0.18075900 -0.29471901
v -0.05549600 0.18299550 -0.29922950
v -0.06122250 0.16836651 -0.29684651
v -0.03360925 0.20488074 -0.37349674
v -0.02991056 0.21046650 -0.30425999
v -0.04453950 0.20092650 -0.37553301
v -0.03343850 0.21007225 -0.30948499
v 0.17211063 0.31803814 -0.34703851
v -0.03425800 0.20589700 -0.29972401
v -0.17502201 -0.28348300 -0.32749999
v -0.17196874 -0.28807488 -0.33028325
v -0.17221357 -0.27761433 -0.33392161
v -0.03639469 0.21431306 -0.37267512
v -0.08366662 -0.27841362 -0.33198214
v -0.02755038 -0.09438644 -0.19112313
v -0.17333651 -0.31313801 -0.32664949
v 0.17364922 0.30594453 -0.30084255
v -0.18523756 -0.28551480 -0.33275369
v -0.03929783 -0.26061180 -0.33130106
v -0.18855000 -0.31528100 -0.33292699
v -0.01557750 0.25655651 -0.28862149
v -0.02114850 0.25824374 -0.28581500
v -0.18720700 -0.30988699 -0.31890899
v 0.21693157 -0.29993674 -0.31763351
v 0.19232249 -0.30878389 -0.31798351
v 0.20188700 -0.30808282 -0.31778041
v 0.17474681 0.30795851 -0.30386087
v 0.18063851 -0.30313101 -0.32044101
v 0.17992562 -0.29745388 -0.32272151
v -0.22372137 0.26734450 -0.29040974
v 0.21189000 -0.30510625 -0.32427126
v -0.03684025 0.20961726 -0.26732576
v -0.03542637 0.21476662 -0.27057326
v 0.04283087 0.31052288 0.40023449
v -0.16137500 0.26428500 -0.39963901
v -0.04251463 0.21331251 -0.26966986
v -0.03432525 0.21188988 -0.26993126
v 0.04624400 -0.25058049 -0.32821301
v -0.02802950 0.23315100 -0.27776349
v -0.01037037 -0.28019339 -0.32811400
v 0.00478825 -0.27844501 -0.33009651
v -0.05020125 0.21115901 -0.37281901
v -0.03276675 0.23144425 -0.27716750
v 0.03944767 0.30769837 0.39801526
v 0.03792213 0.30668274 0.40051401
v 0.07063175 -0.28023186 -0.32795951
v -0.01144063 0.25280112 -0.29111812
v 0.13410801 0.31464887 0.39739245
v 0.04502975 0.30259526 0.37252101
v 0.06159850 0.30535874 0.39858675
v -0.05921388 0.28916249 0.39898726
v -0.19265699 -0.28746450 -0.33419049
v -0.05069750 0.23301700 -0.27270001
v -0.01508950 0.26124400 -0.28076100
v -0.00735650 0.24686700 -0.27814999
v -0.03255812 0.24255225 -0.27701700
v -0.03403600 0.24032199 -0.27628100
v 0.11101039 0.30029520 0.39944553
v -0.02415125 0.26033151 -0.26014826
v 0.08482289 0.29609954 0.39851475
v -0.02453000 -0.05238500 -0.30068699
v -0.00496300 0.26097101 -0.27715001
v 0.02890550 0.28906301 0.39681500
v -0.02909250 0.28140211 0.37648499
v -0.04043100 0.25283000 -0.27565399
v -0.00060000 0.26470301 -0.27596301
v -0.15412569 0.26493531 0.39663979
v 0.20270351 -0.28863451 -0.32107589
v 0.00649850 0.27575701 -0.27698049
v -0.04871297 0.27897662 0.39862257
v -0.18172756 0.26156506 0.39900953
v 0.20511100 -0.28002501 -0.32384199
v -0.05802425 0.27166900 -0.27737901
v -0.01311256 0.25790051 -0.25960851
v 0.05360663 0.30823901 0.39768651
v -0.05394050 0.26940975 -0.27655926
v 0.00265850 0.27697051 -0.27638951
v -0.00650700 0.27309451 -0.27667749
v -0.04987425 0.24008501 -0.26221126
v -0.03023850 0.23002850 -0.26058549
v -0.00358713 0.27653700 -0.27334788
v -0.07857800 0.26953501 -0.27627599
v -0.07179213 0.27413714 -0.27638486
v -0.19601250 -0.28998649 -0.33381474
v -0.07707381 0.27317107 -0.27439538
v -0.03164650 0.23745687 -0.26001525
v -0.21504401 0.26831901 0.38312301
v -0.00274400 0.24289100 -0.26041701
v 0.00264400 0.25846201 -0.26557699
v -0.03413000 0.24268100 -0.26088899
v -0.03542069 0.25354633 -0.25997770
v 0.21020301 -0.28845200 -0.32347900
v 0.02905900 0.28650600 -0.27226099
v -0.05240563 0.25761512 -0.26044163
v 0.00433975 0.26155025 -0.25924426
v -0.22295575 0.26770380 -0.27197018
v -0.01432236 -0.21176669 -0.09134081
v 0.03040262 0.28715336 -0.26783139
v 0.02956225 0.28538826 -0.26309249
v -0.04625800 0.26396400 -0.26050299
v -0.05551688 0.27003387 -0.25949001
v -0.00663400 0.27489999 -0.25972599
v 0.17735350 -0.30635250 -0.32027301
v -0.07607838 0.27356535 -0.25967979
v -0.00807575 0.23781000 -0.24429750
v -0.03767413 0.27852544 -0.25872976
v -0.03022100 0.24909949 -0.24413350
v -0.03142969 0.24401601 -0.24340807
v -0.01624187 -0.21264894 -0.09031068
v -0.00162875 0.26692626 -0.26650876
v 0.17414030 0.30575284 -0.24538061
v -0.16605900 -0.30552199 -0.33085501
v -0.01944750 0.25491911 -0.38449249
v -0.04878200 0.20249650 -0.37186500
v -0.02966000 0.24718501 0.38042051
v -0.02779575 0.25047874 0.38049600
v 0.01148369 0.28612930 0.37162903
v -0.16559000 -0.25485000 -0.33455750
v -0.19918551 0.27092126 0.36352751
v -0.03938950 0.26405200 0.37142399
v -0.05862762 0.28915995 0.33444950
v 0.17478082 0.30684301 -0.22234297
v 0.17256275 0.31731099 -0.24167700
v -0.00493150 0.14819950 0.32517651
v -0.04222775 0.27233401 0.36514774
v 0.01647244 0.28176168 0.36406362
v 0.22074912 -0.29881689 -0.31246525
v 0.01871300 0.28235951 0.35996649
v -0.10591132 0.27068993 -0.31454459
v -0.07322100 0.27505976 -0.32799226
v -0.07892600 0.27419099 0.37118801
v -0.01723453 -0.09420481 -0.07850260
v -0.03003719 0.24014963 0.37289038
v -0.00579625 0.24022350 0.37127951
v -0.01423400 -0.21224225 -0.03689325
v -0.01536763 -0.21250306 -0.03375675
v 0.02921500 0.28022799 0.36164299
v -0.07115269 0.26767901 0.36039218
v 0.03185150 0.28790051 0.35494250
v -0.04286156 0.27791125 0.35379869
v 0.19325399 -0.31765100 -0.31838199
v 0.02981650 0.28486651 0.35262501
v 0.02872825 0.28250599 0.35409325
v 0.03412300 0.28444538 0.35576451
v 0.00931888 0.28042650 0.35353261
v 0.17504597 0.30619159 -0.19035321
v 0.00305650 0.23569100 0.36505601
v 0.00536419 0.23307969 0.36557770
v -0.22180957 0.25481617 -0.19809900
v 0.01045825 0.21546800 0.36872849
v -0.01522063 -0.21227776 -0.01187869
v 0.17248225 0.31863111 0.34379151
v -0.19562425 0.27019700 -0.16998625
v -0.20842575 0.26913750 -0.17045400
v -0.00398300 0.24537200 0.35347301
v -0.02637050 0.25871351 0.34783950
v -0.02485175 0.23321874 0.35367626
v 0.00825050 0.25350851 0.35093200
v 0.01062950 0.24114600 0.35233650
v -0.02823516 -0.09470956 -0.16211373
v -0.21383899 0.26785821 -0.14456339
v 0.01538250 0.21264499 0.35622224
v -0.20774187 0.25578088 -0.14687212
v -0.19886599 0.25520599 -0.14374900
v -0.01872662 0.22966081 0.35407412
v -0.02856700 -0.09569850 -0.13037750
v 0.18357475 -0.31151488 -0.32361799
v -0.20700000 0.27028501 -0.39962700
v 0.17333300 0.31636673 -0.14741485
v -0.00632300 0.28370276 0.37194851
v -0.19305301 0.27025601 -0.13132501
v -0.01648825 -0.09451986 -0.03405772
v 0.00273050 0.21222162 0.34763399
v -0.19412190 0.27111101 -0.11546291
v 0.17502862 0.30789724 0.30395013
v -0.21308593 0.26812863 -0.12132889
v -0.03452225 0.12037075 -0.30014476
v -0.22342873 0.26609617 -0.13129897
v -0.00517700 0.01176487 -0.32751951
v -0.22222288 0.25468138 -0.12893322
v -0.01693903 -0.09393988 0.03351372
v -0.17905051 -0.30100301 -0.33686101
v -0.02599862 -0.21158786 0.05818088
v -0.00506062 -0.10435025 -0.32195362
v -0.22253744 0.25486925 -0.08879367
v -0.21310300 0.26763701 -0.07980600
v -0.01759269 0.25682512 0.31994170
v -0.02752419 -0.09414256 0.02968612
v -0.22178413 0.25571686 -0.25808412
v 0.17231324 0.30502275 -0.06443800
v -0.04960037 0.19505918 0.32153550
v -0.00689300 -0.07468325 -0.33004674
v -0.22203635 0.25441495 -0.05205240
v -0.03371738 0.20673825 0.31812137
v -0.03153800 0.21194924 0.30761424
v -0.05571250 0.18275476 0.32411274
v -0.05180625 0.18750963 0.31866169
v -0.01416634 -0.21178834 0.11052456
v -0.04954950 0.20199762 0.31698576
v -0.19255476 0.27014226 -0.06168400
v -0.02769325 -0.09426507 0.08131606
v 0.08159669 0.30734906 0.39910746
v -0.05111763 -0.27996162 -0.30423138
v -0.05831100 0.17190050 0.32853875
v -0.05705788 0.17745499 0.31954336
v -0.00868000 0.23494525 0.29939774
v -0.00386900 0.21062800 0.29983100
v 0.15205450 0.31679714 0.36736363
v -0.05964150 0.16637413 0.31460613
v 0.16972300 0.31709400 -0.26833701
v -0.02209075 0.23079249 0.29735675
v -0.19328310 0.27049345 -0.00591734
v -0.03598928 0.27888963 0.27747375
v -0.03336712 0.17756476 -0.32946038
v -0.00979775 0.21515501 0.29893300
v -0.03372838 0.20779838 0.30018386
v 0.17315800 0.31669885 0.00000039
v 0.12670600 -0.25062650 -0.29897749
v -0.03899300 0.29045299 0.38211900
v 0.00595900 0.28473201 0.27698299
v -0.00630200 0.27998200 0.27623099
v -0.22120699 0.25399113 -0.01942550
v -0.03299363 0.13249651 0.32545286
v -0.07884800 0.27326599 0.27717200
v 0.00975900 0.27955899 0.27649200
v -0.03591000 -0.05323100 -0.30304301
v -0.04161550 0.27259719 0.27218920
v -0.03772863 0.27059051 0.27607799
v 0.03013662 0.28745201 0.27545163
v -0.04893425 0.17263888 0.31120899
v -0.04871400 0.17132400 0.31764701
v -0.19754632 0.28386250 -0.00509144
v -0.04953675 0.26738349 0.27753150
v -0.04713050 0.27293500 0.27625901
v -0.04295203 0.18563546 0.30928710
v 0.01196400 0.29558501 0.36788800
v -0.01461300 -0.21197701 0.12580250
v -0.22239199 0.25433525 -0.00370038
v -0.01711812 0.28375149 0.39946112
v -0.01607217 -0.09499067 0.10287730
v -0.19904363 0.25501662 -0.00061788
v -0.00444900 0.20216499 0.29536799
v -0.21321382 0.28152195 -0.00362450
v -0.01419600 -0.21220900 0.17220999
v -0.21790700 0.25761899 -0.39495799
v -0.19566225 0.25705001 0.00222475
v -0.01417087 0.26472169 0.27565825
v -0.20525900 0.25428900 -0.00168600
v -0.01858550 0.28985500 0.37228876
v -0.07917475 0.26967388 0.27385500
v -0.03350200 0.23767374 0.27625251
v -0.03297700 0.28949600 0.37379101
v 0.01292900 0.28699499 0.39910701
v -0.03383200 0.29017949 0.36646950
v -0.05553612 0.27667451 -0.27756837
v -0.00384700 0.25004399 -0.37429300
v 0.17491934 0.30616891 0.02231413
v 0.16970700 0.31742400 -0.31077600
v -0.10113897 0.27268690 0.39905867
v -0.00063875 0.25851476 0.27373686
v 0.00746300 0.26073501 0.27622500
v -0.19384401 -0.27422699 -0.33414224
v -0.04835387 0.16288126 0.30313349
v -0.04872046 0.27784887 -0.29855454
v -0.05995413 0.16448763 0.30220899
v 0.15363500 -0.28041676 -0.32307100
v 0.01778300 0.28086001 0.25868499
v -0.00794362 0.06456438 -0.29949826
v -0.08224975 0.27446774 0.39872801
v -0.03493613 0.07695850 -0.30039850
v -0.00598756 0.23812687 0.27839038
v -0.12293925 0.26925299 0.39885724
v -0.00496075 0.17335100 0.29564574
v -0.04138725 0.26040226 0.26901650
v -0.02785800 -0.09532925 0.16653900
v -0.21312669 0.26873726 0.00782844
v -0.03478275 -0.08181050 -0.30151287
v -0.22233275 0.25528514 0.26420748
v -0.04546525 -0.25025949 -0.32353574
v -0.19266537 0.27022964 0.03400838
v -0.21289241 0.26783887 0.05443119
v -0.07045100 0.26718801 0.26318800
v -0.20347400 0.25929999 0.39923701
v -0.01343700 0.28204599 0.25780800
v 0.04625350 0.29098850 0.38132599
v -0.05905081 0.18822488 0.28999549
v -0.05408975 0.18617412 0.28979889
v -0.04771078 0.27692649 0.25876552
v -0.04478650 0.27792600 0.25800624
v 0.17349117 0.31657466 0.05446103
v 0.17256850 0.30534300 0.05504350
v -0.01343300 -0.21124300 0.20698801
v 0.17392200 0.30716851 0.25564301
v -0.03900300 0.26157850 0.26228201
v -0.05163200 0.27079001 0.25845701
v 0.00180650 0.23515506 0.27216899
v 0.17565501 0.31288201 0.25414500
v -0.17661400 0.27437100 0.39677799
v -0.17260399 -0.31149501 -0.33384001
v -0.03346675 0.15133150 0.29663074
v -0.10191100 0.27271950 -0.40048575
v -0.21200150 0.26867151 0.07960750
v -0.01619784 -0.09338981 0.19559835
v -0.02704775 -0.09396350 0.16061132
v -0.22130463 0.25465649 0.26146924
v -0.00406850 0.07991556 0.32554889
v -0.04819325 0.25324988 0.26065376
v -0.02540150 -0.21270050 -0.16809399
v 0.01296400 0.24749325 0.26117000
v -0.01301287 -0.21071149 0.24584988
v -0.21076600 0.25804800 -0.39753199
v -0.22267500 0.25486699 0.05786050
v -0.22327624 0.26574901 0.08401337
v -0.22376819 0.26342940 0.06637556
v 0.00421800 0.26135376 -0.37359974
v -0.13842849 -0.27911851 -0.30509999
v -0.00299800 0.23493600 0.26045600
v -0.19200578 0.27042103 0.08319812
v -0.01558700 0.22686200 0.26102349
v -0.00959625 0.21562625 0.26371875
v -0.02115675 0.25675249 0.25119400
v -0.00617975 0.25446051 0.25113451
v 0.03036150 0.28324100 0.37080649
v 0.19673687 -0.30346349 0.29606187
v -0.16667800 -0.27939349 -0.32332474
v 0.19617800 -0.29822800 0.29573900
v -0.01597750 -0.09326062 0.23954862
v 0.03408500 0.28369901 0.36725399
v 0.10173613 -0.27807081 0.29626364
v -0.18463451 -0.30665949 -0.33837175
v 0.21983875 -0.30186474 0.30516100
v 0.22540900 -0.29956299 0.31293699
v 0.22537400 -0.30234000 0.31211251
v -0.03092825 0.25848275 -0.37281674
v 0.19439550 -0.28236976 0.30796638
v 0.19233625 -0.28278351 0.30316225
v 0.19419612 -0.28904888 0.30551451
v 0.19695701 -0.28811476 0.30878124
v 0.20795800 -0.25007400 0.29399899
v -0.00518262 0.03107088 0.32635713
v -0.02534500 0.25224999 0.24009299
v 0.20077275 -0.30753437 0.30637687
v 0.18789150 -0.31142426 0.32103100
v 0.13464713 0.31383502 0.39921537
v 0.14658324 -0.27925774 0.30724263
v 0.22291400 -0.29843399 0.31701300
v 0.21266150 -0.28887901 0.30831024
v 0.20799001 -0.28904113 0.31013399
v -0.02860850 0.23938550 0.38043100
v -0.00024206 -0.27842280 0.29989219
v 0.20701550 -0.28502700 0.30756700
v -0.00778650 0.24749100 0.24046449
v -0.04886463 -0.27721095 0.30111799
v 0.20446600 -0.28336701 0.31624201
v 0.21658926 -0.29583126 0.31789401
v -0.03344919 0.04076756 0.29759687
v 0.20751275 -0.24916124 0.29909849
v -0.21196012 0.26860082 0.11955306
v 0.19481599 -0.31300300 0.32441401
v 0.19222800 -0.31345749 0.32267350
v 0.18584549 -0.30854300 0.32255900
v -0.19160688 0.27066559 0.13544697
v -0.00793800 0.24002400 0.38098001
v -0.10590512 -0.27740225 0.30312443
v 0.20884626 -0.24991025 0.30738926
v 0.21380550 -0.30195400 0.32363701
v -0.00493319 0.06078622 0.29662013
v 0.18188538 -0.28313676 0.31361401
v 0.18709312 -0.28503314 0.31754988
v -0.04795550 0.25481400 0.36936450
v 0.19028001 -0.28061301 0.31523901
v 0.01250200 0.25661099 0.37144700
v -0.03372000 -0.24974699 0.30007899
v -0.17517269 -0.28716376 0.30986056
v 0.17349400 0.31667325 0.11169100
v 0.21446399 -0.29835999 0.32433999
v -0.15742759 -0.27699891 0.30534279
v -0.04716600 0.25169700 0.36364001
v -0.00608600 0.25275600 0.37147799
v -0.01673100 0.25801900 0.37205401
v 0.20317601 -0.28242600 0.32205099
v -0.04159550 0.23119301 -0.35987449
v -0.20427600 -0.29808199 0.31721699
v -0.17476951 -0.30510125 0.31861851
v -0.18806450 -0.30467474 0.32001576
v -0.06645425 0.26795301 0.36432675
v -0.11844362 -0.24824256 0.30419600
v -0.18756901 -0.28180149 -0.33160549
v -0.00580437 -0.22678512 0.29876512
v 0.00022200 0.29361701 0.37189701
v -0.19205400 -0.25299501 0.30552399
v -0.19325300 -0.27083501 0.30631700
v 0.17477937 0.30686626 0.20674263
v 0.17488325 0.30815700 0.23878488
v 0.01058400 0.29483801 0.35142699
v -0.22295888 0.26676625 0.23672025
v -0.16683100 -0.24884126 0.30458063
v -0.06425100 0.27038950 0.35890475
v 0.10520125 -0.27814513 0.32536164
v -0.19068894 -0.28150290 0.32235444
v -0.21286288 0.26820686 0.13710000
v -0.22130100 0.25426501 0.16016100
v 0.17273919 0.31738180 0.13242075
v -0.16385800 -0.30780300 0.33152699
v -0.16761050 -0.31210849 0.33213100
v -0.16900150 -0.28283826 0.32632625
v -0.16319537 -0.29859987 0.33119950
v -0.02388044 -0.19051337 0.29864088
v -0.18363456 -0.30453649 0.33298093
v -0.01607550 -0.10633913 0.32951161
v -0.01284275 -0.10191663 0.32787761
v -0.02480175 -0.16837625 0.29676300
v -0.02457966 -0.18027818 0.29721713
v -0.07764062 -0.27749437 0.33128524
v 0.03237800 -0.24871750 0.32644400
v -0.19219950 0.27134126 0.16662049
v -0.00426200 -0.24987900 0.32886201
v -0.00272675 -0.24848050 0.32783851
v 0.01138900 0.23838525 0.37052226
v -0.02877850 0.23377350 -0.25827900
v -0.19155760 -0.30427229 0.34010237
v 0.01213800 0.24893776 0.36593500
v -0.00054150 0.27545699 -0.26616150
v -0.02751300 0.20782501 0.29530099
v -0.19379662 -0.29748151 0.34059468
v 0.17514560 0.30756548 0.15752961
v -0.18792249 -0.28953701 0.33966151
v -0.19050799 -0.27593151 0.33549750
v -0.22412463 0.26596001 0.18888962
v -0.22323993 0.26631430 0.19165377
v -0.21148950 0.26838651 0.16718000
v -0.02633325 -0.09367862 0.25687826
v -0.19148825 -0.28524539 0.33836886
v -0.08918091 -0.24880400 0.33145764
v -0.03290400 -0.24736001 0.32809401
v -0.22426200 0.26590651 0.15793450
v -0.02711306 -0.09520778 0.26848981
v -0.18313999 -0.24873000 0.33532399
v -0.00906400 0.23380899 0.37211299
v 0.18587150 -0.31506550 -0.32400101
v 0.17453159 0.30630270 0.15407990
v -0.19146401 -0.25005701 0.33545399
v -0.00459550 0.24535100 0.36614850
v -0.20574801 0.26913801 0.17229500
v -0.00405134 -0.15961622 0.32785958
v -0.00318187 -0.17276387 0.32688639
v -0.01673725 -0.19671801 0.32933024
v -0.00507169 -0.09324469 0.29772368
v -0.03136050 -0.16272794 0.32858875
v -0.00434237 -0.04463112 0.29769218
v 0.19765200 -0.31666201 -0.32440299
v -0.21922788 0.25468987 0.18622912
v -0.00535500 -0.01170263 0.29700169
v -0.03218450 -0.08903800 0.29837501
v -0.03293906 -0.03337063 -0.33048213
v -0.01829025 -0.10932675 0.32818049
v -0.22126393 0.25474507 0.20556757
v -0.01336000 -0.20258249 0.32857499
v -0.00352162 -0.21097428 0.32769111
v 0.15709171 0.31718731 0.39761677
v -0.01514878 -0.09342394 0.26888773
v -0.02054463 0.28101489 0.35348639
v -0.00448850 0.01227750 0.29701799
v -0.05235387 0.27273887 0.35394275
v -0.18476200 -0.28463951 0.34196675
v 0.17248200 0.31792375 0.20903425
v -0.10540800 -0.24764600 0.32973099
v -0.01840200 0.27527943 0.35376638
v -0.01618100 -0.10910500 -0.13464700
v -0.18676919 -0.29552293 0.34337470
v -0.17889813 -0.31369525 -0.32500201
v -0.06451425 -0.24824013 0.32948351
v -0.03395700 -0.24835999 0.32882500
v -0.19692975 -0.29443651 0.33978325
v -0.18863282 -0.28631988 0.33672270
v -0.22185297 0.25505880 0.24089913
v 0.20121451 -0.30523849 -0.32577625
v 0.01507787 0.22213387 0.26285106
v 0.02305475 0.21577750 0.26324126
v -0.12117650 -0.27720550 -0.33300936
v -0.19250850 -0.24756899 0.32839000
v -0.02604100 0.22822300 0.26030099
v -0.19143713 -0.24713400 0.33156225
v -0.03128650 0.23223650 0.25998500
v -0.07699100 0.26976100 0.35374200
v -0.01345084 -0.15136331 0.29811293
v 0.00319663 0.22188112 0.26387638
v -0.01086000 0.21440800 0.26704600
v 0.01187300 0.23775899 0.26263601
v -0.01278575 0.25698161 0.33679563
v -0.00623578 0.12023310 0.29578686
v -0.20508322 -0.28365946 0.33438018
v -0.19607015 -0.28698063 0.33310553
v -0.19289194 -0.30268255 0.34232062
v -0.19773000 -0.29838699 0.33978000
v -0.02277913 -0.16743888 0.29905161
v -0.02084350 0.25943089 0.25776774
v -0.02884325 0.25548199 0.25932699
v -0.07659100 0.27438900 0.35443699
v -0.17334449 -0.28004974 0.33257437
v -0.16334476 -0.27738774 0.33341700
v -0.17938781 -0.30362889 0.34124964
v -0.01377350 0.04412250 -0.29969001
v -0.04976700 0.27000651 0.25821301
v -0.18087612 -0.28386924 0.33429313
v -0.18851624 -0.28111464 0.33079675
v 0.15337850 0.30390251 -0.39906600
v 0.00036275 0.23647788 0.37177601
v -0.07561150 0.27370751 0.25762549
v -0.07861025 0.26933274 0.26050350
v 0.01034512 0.28464124 0.25877249
v -0.07953613 0.27277663 0.26041561
v -0.02122363 0.23041978 0.27895585
v -0.00859044 0.23667394 -0.35604382
v -0.19817799 -0.30407950 0.33478001
v 0.02856275 0.28715101 0.25902501
v -0.00761750 0.23297150 -0.35679349
v 0.01021600 0.26274499 0.27608949
v 0.01168238 0.24793613 0.27671936
v 0.01183475 0.23963875 0.27674463
v -0.05721250 0.27111450 0.26281801
v -0.06222612 0.27028462 0.26631397
v 0.00014019 0.24661931 0.27654895
v -0.06699125 0.26760375 0.26636350
v 0.03344588 0.28589088 0.26424950
v -0.01699400 -0.09498200 -0.14495900
v -0.03156325 0.27210599 0.26496226
v -0.03652700 0.25760201 0.27738249
v -0.04009700 0.26303750 0.27495801
v -0.04558200 0.25489900 0.27604699
v -0.04563444 0.26729849 0.27399075
v 0.03259100 0.28783599 0.27145499
v 0.00838737 0.27281761 0.27633387
v -0.03790150 0.26797551 0.35430512
v -0.07171850 0.26922426 0.27578250
v -0.02516575 0.27149925 0.27333024
v -0.03692250 0.27252576 0.27603924
v -0.03195800 0.20792800 0.29646799
v -0.03197025 0.26135424 0.27872550
v -0.00479250 0.20935050 0.29662350
v -0.05381000 0.27156401 0.27628201
v -0.01265025 0.27649176 0.27628550
v -0.03155500 0.27413276 0.27561826
v 0.17165349 0.30614799 -0.38734499
v -0.20418759 -0.28385094 0.32360202
v -0.04994850 0.26902699 0.35328299
v -0.05083850 0.19302425 0.30356050
v -0.05447900 0.19128300 0.29474199
v -0.06199250 0.19198149 0.30333301
v 0.00859075 0.23552775 0.36181101
v 0.02850825 0.28288826 0.27620661
v -0.05160800 0.27659300 0.27731499
v -0.19741376 -0.28658926 0.32459399
v -0.04645575 0.18867250 0.31475076
v 0.10381075 0.30028650 -0.40056676
v -0.03754831 0.18575813 0.30858037
v 0.17311800 0.31812501 0.25828701
v -0.05007312 0.19309603 0.31224591
v 0.00205200 0.20331725 0.36719576
v -0.19605801 -0.28628901 0.32937801
v -0.02993900 0.25073051 0.35309950
v -0.05618925 0.19899175 0.30606624
v -0.05973650 0.20244600 0.31272751
v -0.05039850 0.19791800 0.31126800
v -0.03386575 -0.24741624 0.31049749
v -0.04131700 0.23286000 -0.35491401
v -0.16207537 -0.30327258 0.32743868
v -0.06099925 0.18726137 0.32415962
v -0.01206619 -0.19460493 0.29893124
v -0.01309400 -0.18644100 0.29693025
v -0.22334300 0.26535600 0.14038099
v -0.19220075 -0.24850163 0.30766982
v 0.02085747 0.20719594 0.36831784
v -0.02333700 0.25629199 0.32617101
v -0.17125610 -0.28305545 0.31502047
v 0.17455816 0.30742860 0.33839449
v -0.16578101 -0.27783900 0.31756201
v 0.01434500 0.21569151 0.36349601
v -0.00361437 0.21079463 0.34729514
v -0.19678725 -0.28617275 0.31431675
v 0.00144225 0.21704926 0.35748124
v 0.00211737 0.21432337 0.36564237
v -0.03321300 0.23779000 0.35492101
v -0.03119100 0.23411800 0.35470501
v -0.01230675 -0.21221875 0.29866076
v 0.01133800 0.25859299 0.35159501
v 0.14778274 0.31573930 0.34075600
v 0.19683100 -0.28790450 0.32306400
v 0.19493800 -0.28554299 0.32037500
v -0.18239406 -0.28125319 0.31073293
v -0.18990950 -0.28094649 0.31269550
v -0.22262600 0.25639799 0.35529724
v 0.01046150 0.21293326 0.37179524
v -0.03273731 0.26036713 0.35171038
v 0.00291200 0.27013549 0.35018399
v -0.01027400 0.26949000 0.35022900
v 0.01442300 0.23866600 0.35840800
v -0.02258237 0.26810461 0.35132238
v -0.22102000 0.25464201 0.13319600
v 0.01292875 0.23767212 0.36642474
v 0.20362701 -0.31507000 -0.32416299
v 0.00505300 0.26042601 -0.35703000
v 0.00123764 0.28444442 0.35193577
v 0.01240450 0.23941074 0.35392725
v -0.02587800 0.22978599 0.35394800
v -0.05262500 0.27756700 0.35312501
v 0.01481837 0.28236488 0.35450450
v -0.02093500 0.22821049 0.37096751
v 0.03144400 0.28805199 -0.37092301
v 0.01271525 0.28072551 0.36325526
v 0.18607050 -0.28777349 0.31950250
v -0.07808650 0.26689249 -0.36346701
v -0.17107825 -0.30579963 0.31305012
v -0.16505925 -0.30438301 0.31575426
v 0.00437900 0.21859200 0.35479099
v 0.01006725 0.27216703 0.37039551
v -0.08793537 -0.27814162 0.30454975
v -0.14219549 -0.27779725 0.30541074
v -0.22382316 0.26715699 -0.34884211
v -0.00339387 0.20381150 0.35342988
v -0.19810800 -0.30502850 0.31451151
v 0.20735325 -0.28567725 0.31361699
v -0.22393300 0.26559699 0.38290951
v -0.04144925 0.26144075 -0.35547650
v -0.05832252 0.27644840 -0.35630953
v -0.00107006 0.27142581 -0.35712075
v -0.03173250 0.29154551 0.34174499
v -0.00608825 0.27090901 -0.35685426
v 0.17115600 0.31772199 -0.38447499
v -0.05444675 0.27075875 -0.35542300
v 0.18281449 -0.29274151 0.30993775
v -0.19819200 0.27074501 0.39901200
v 0.04268200 0.29117000 0.39935201
v -0.08994125 0.28537276 0.39917400
v 0.06280600 -0.27872151 -0.32861251
v 0.02935831 0.30121943 0.39863506
v 0.03301344 -0.27761057 0.29830256
v 0.11066000 -0.28071749 -0.32576251
v -0.05797900 0.15712300 -0.31992599
v -0.17137000 -0.31335101 -0.33229601
v -0.17155275 -0.31408501 -0.33045650
v 0.05185250 -0.27850014 0.29808012
v -0.01275700 0.25538725 -0.34306350
v -0.17245200 -0.29256225 -0.33299124
v 0.19834951 -0.30209351 -0.31773588
v -0.15826650 -0.30232126 -0.32906350
v -0.15850724 -0.30416700 -0.32453501
v -0.20294750 -0.29922888 -0.33130500
v -0.15536812 -0.30332962 -0.32748836
v 0.22155850 -0.30278549 -0.31439424
v 0.21757875 -0.30578551 -0.31309074
v 0.02800550 0.28774601 -0.35500300
v 0.09538550 -0.25078601 -0.32688451
v 0.20601125 -0.27443376 -0.32491025
v -0.22405544 0.26507950 0.10408644
v -0.17713475 -0.28080362 -0.32888088
v 0.21631999 -0.29941899 0.29997101
v 0.13798800 -0.27663276 0.29398349
v 0.15367375 -0.27349150 0.29371449
v 0.11414985 -0.25177366 -0.32755896
v 0.20772025 -0.27841175 0.29514050
v -0.20222181 -0.30576670 -0.31892031
v -0.04934100 0.16236725 -0.31959349
v 0.20366500 -0.30159274 0.29572174
v -0.00767900 0.23596101 0.31966999
v 0.16917676 -0.27408499 0.29388699
v 0.18400425 -0.31476012 -0.30236951
v 0.01739063 -0.25135049 -0.32956800
v -0.03254725 0.24398451 -0.25825700
v -0.05755400 0.18257426 0.33139551
v -0.02509344 0.21161012 0.32161793
v -0.00586550 0.20981000 0.31595075
v -0.05214675 0.16818225 -0.30931512
v -0.17767225 -0.25013295 -0.33379763
v 0.17593600 -0.30599201 -0.31440601
v 0.17996500 -0.30586749 -0.30618101
v 0.21254450 -0.30549750 -0.30292326
v 0.16881400 0.30683601 0.39285901
v -0.00770769 -0.04454362 -0.30031443
v 0.19034000 -0.30836600 -0.30734250
v 0.19510950 -0.30192199 -0.30158851
v 0.18525325 -0.28813350 -0.30484149
v 0.20363399 -0.28072801 -0.29695001
v -0.02734161 -0.09455950 0.20666993
v -0.07579000 0.27496299 -0.37371099
v 0.18367875 -0.28195599 -0.30385125
v -0.17586824 -0.30186674 -0.30363101
v -0.17971601 -0.31178501 -0.30446300
v 0.20166451 -0.28627801 -0.29970050
v -0.04831500 0.17446201 0.32251900
v 0.20629750 -0.27964449 -0.29790500
v 0.15869641 -0.28071222 -0.29838571
v -0.07035603 0.27580664 -0.34275073
v 0.05185112 -0.27979213 -0.29975799
v -0.02426863 0.25495264 0.29581663
v -0.01177869 0.25398076 0.31014875
v -0.19433200 -0.24987251 -0.32850549
v -0.18953650 -0.27743801 -0.30480349
v -0.08598000 0.27397463 -0.34930554
v -0.00410081 -0.24972935 -0.31055346
v -0.02085105 -0.21379606 0.24858005
v -0.05164700 0.17343925 0.31616375
v -0.01928850 0.25787401 0.28476501
v -0.01357809 -0.21177116 0.24181813
v -0.02676100 -0.15719244 -0.30074412
v -0.01396125 -0.16088712 -0.30002725
v -0.02622950 -0.21138832 -0.27040938
v -0.02371093 -0.21353261 -0.27602684
v -0.04018800 0.18167250 0.31237999
v -0.03666456 0.17777656 0.31229156
v -0.22164056 0.25395107 0.10160457
v -0.04382838 0.27548963 0.37141463
v -0.02513050 -0.21154225 0.23746450
v -0.03868762 0.20369950 -0.38042876
v -0.04592475 0.21172975 -0.38311976
v -0.20775101 0.25980601 -0.40017599
v -0.01438813 0.28212738 0.27724388
v -0.02786750 0.28337601 -0.40063900
v -0.02608100 -0.09475100 -0.27741900
v -0.04394200 0.29132876 -0.39972824
v -0.04922650 0.15993400 0.30687600
v 0.14706700 0.31561300 -0.39946800
v -0.03796775 0.20332175 -0.36063674
v -0.04170987 0.20068863 -0.36422911
v -0.00792756 0.23864156 -0.37415093
v -0.01622912 0.23085649 -0.24421462
v -0.03705500 0.20658299 -0.35635599
v 0.17253919 0.31724405 0.07848306
v -0.03490950 0.12203750 -0.32959300
v -0.03610200 0.23112550 -0.36214149
v -0.05711400 0.27179250 -0.37302950
v -0.05932000 0.16047300 0.30852401
v -0.01850019 0.22845319 -0.35675287
v 0.17396000 0.31701401 0.26199701
v -0.03000887 0.27946186 -0.37262538
v -0.02523150 0.26791137 -0.37050524
v -0.01918638 0.26857501 -0.37117049
v -0.05353113 0.27738789 -0.37296763
v 0.02845200 0.28751901 -0.37314299
v 0.02743775 0.27976888 -0.36688313
v -0.00434369 0.26662999 -0.36541799
v -0.03013862 0.26646438 0.27450401
v 0.03362837 0.28360638 -0.36533314
v -0.05446600 0.18417475 -0.30172500
v -0.06393666 0.26806650 -0.36616051
v -0.05790113 0.18385226 -0.30120882
v -0.01678700 -0.09445325 -0.23914251
v 0.00563250 0.26418549 -0.35564551
v 0.03228150 0.28817749 -0.36046049
v -0.07319250 0.26667038 -0.36000025
v -0.02627300 0.26207900 -0.35432300
v -0.08522688 0.27386126 -0.36232376
v -0.02495506 -0.21182469 0.20160951
v -0.02770300 0.27153599 -0.35700649
v -0.00537600 0.24671300 0.27704450
v -0.06048500 0.18845101 -0.32790300
v 0.03224100 -0.24893400 0.29966500
v 0.00730150 0.28001150 -0.35560200
v 0.00552300 0.27800950 -0.35589251
v -0.06188275 0.17303550 0.30108526
v -0.06354100 0.18955401 -0.33017400
v 0.02038900 0.28187099 0.37124601
v 0.03072450 0.28438199 -0.35551426
v 0.02764612 0.28249025 -0.35578889
v -0.04820600 0.18042301 -0.32223099
v -0.06138400 0.17725250 0.29831776
v -0.06095300 0.15960400 -0.31374300
v -0.01824087 0.21012551 -0.32749689
v -0.22173551 0.25628051 -0.33551300
v -0.22113663 0.25398365 0.04927783
v -0.05377481 0.18015219 -0.30035925
v -0.05179013 0.18151963 -0.29683387
v -0.06251275 0.16699751 -0.30802000
v -0.06363863 0.16873474 -0.30730349
v -0.03535344 -0.12861912 -0.30233222
v -0.03173700 0.24006400 0.27865800
v -0.03500900 0.16722825 -0.29992974
v -0.22167274 0.25575951 0.35314149
v -0.00802138 0.17824575 -0.29883426
v -0.04954487 0.17323332 -0.29446313
v -0.06043138 0.17571263 -0.29200289
v -0.06168685 0.27640221 -0.32230693
v 0.17326687 0.31659701 -0.32264587
v -0.03092700 0.23679025 -0.30529574
v -0.22237058 0.25438800 0.02288369
v -0.02252006 0.25614676 -0.30510831
v -0.02610700 -0.21279600 -0.13726300
v -0.22390719 0.26654068 -0.29965836
v -0.22150138 0.25545987 -0.28751624
v -0.01428300 0.23082200 0.27883250
v -0.02623400 0.25621101 -0.28008974
v -0.01907950 0.22673650 -0.27765849
v -0.01809378 0.22976562 -0.27769226
v -0.01214100 0.25462499 0.38026699
v -0.02962675 0.20293126 -0.26873651
v -0.01502125 -0.21300299 -0.12571874
v -0.02568950 0.21333849 -0.26839501
v -0.05230400 0.27276301 0.37136799
v -0.07501300 0.26939049 0.37098649
v -0.06535807 0.27047899 0.25924736
v 0.17225900 0.31749251 -0.29528850
v -0.04991275 0.23625974 -0.27665225
v -0.02200750 0.26207939 -0.27736813
v -0.01865146 -0.21345516 -0.12500034
v -0.03314850 0.20277700 -0.26083562
v -0.04707825 0.22972600 -0.26689324
v -0.01685150 -0.09521700 -0.15890899
v 0.00286800 0.26000750 -0.27638349
v 0.17410775 0.30531862 0.00399438
v 0.00826675 0.23667800 0.27359900
v -0.03400200 0.27086475 0.25902900
v -0.05504919 0.27740487 -0.33424357
v 0.17349188 0.30610964 -0.27915874
v 0.02456287 0.27748713 -0.27361986
v 0.01786000 0.27771300 -0.27183801
v -0.02241000 0.27121601 -0.26562199
v -0.10114250 -0.25084701 0.30219799
v 0.00430200 0.28414175 -0.27734950
v -0.01474500 0.22665100 -0.25919700
v -0.01819137 0.22956400 -0.25946888
v -0.08084400 0.26881599 -0.27237600
v 0.03469750 0.28256249 -0.27186951
v -0.00310000 0.24933399 -0.25922200
v -0.07960000 0.27326700 -0.26282600
v -0.02517862 -0.21209988 0.13002637
v 0.02523487 0.27669463 -0.26580876
v -0.22338563 0.26570913 -0.02202938
v 0.10678800 0.31119764 0.39856094
v -0.00175388 0.27022833 -0.26359525
v 0.00365500 0.26975000 -0.25740799
v -0.04030300 0.26403925 0.26195338
v -0.02602619 0.25420415 -0.25110245
v -0.02903562 0.25290376 -0.25760975
v -0.01726125 -0.09397375 -0.12221750
v -0.00430100 0.25897601 -0.25966099
v 0.17469776 0.30642575 -0.26813000
v -0.07973200 0.26895800 -0.26049000
v -0.04297912 0.26667187 0.26353762
v 0.02746350 0.28247687 -0.25907367
v -0.00709150 0.20214450 -0.29875901
v 0.00691500 0.27792299 -0.25927299
v -0.01609050 0.28175199 -0.25758749
v -0.03559038 0.25004488 0.25932974
v 0.00224631 0.22702825 0.27074650
v 0.00736362 0.28362274 -0.26006693
v 0.02313941 0.28622413 -0.25953978
v 0.02494700 0.21264499 0.27534950
v -0.01182500 0.25240701 -0.24426749
v -0.02620062 -0.21207613 -0.09388500
v -0.22381894 0.26676041 -0.26003104
v -0.02604230 -0.09408503 -0.13080837
v 0.03786238 0.30147955 0.39927411
v -0.00629250 0.21685401 0.27193701
v -0.22264799 0.25586000 -0.23638199
v -0.22326925 0.26649174 -0.18328676
v -0.00596687 -0.04222706 -0.30181250
v -0.21336159 0.26773050 -0.04159978
v 0.04186750 0.29028350 -0.39999050
v -0.15284275 -0.24971184 -0.30844554
v -0.01695319 -0.09435737 -0.19070856
v -0.19645606 0.28375661 -0.05270406
v -0.01573175 -0.21301262 -0.04346725
v -0.02533850 -0.21278235 -0.05474105
v -0.00687425 0.26490724 0.25737751
v 0.05458003 -0.28045526 -0.30090892
v -0.01405562 -0.18546088 -0.29984275
v -0.01977150 -0.21320100 -0.03536737
v -0.01649091 -0.09491700 -0.09203803
v -0.06913500 0.26976499 0.37159899
v 0.03609400 -0.28039137 -0.32738826
v -0.05833550 0.17595175 0.33263275
v 0.17297706 0.31706718 -0.20538531
v -0.02834656 -0.09459275 -0.04815131
v 0.08970937 -0.24880418 0.31759024
v -0.02586962 -0.21148087 0.11494987
v -0.01425941 -0.21173890 -0.00874628
v 0.00154263 0.22969037 0.26591375
v -0.22063474 0.25472286 -0.15102787
v 0.00661462 -0.25069568 -0.32629693
v -0.03095531 0.24605615 0.25944087
v -0.18460600 0.27314100 0.35596001
v 0.17197725 0.31673837 -0.07446513
v 0.17474933 0.30581915 -0.15431811
v -0.01433789 -0.21182604 0.06991287
v -0.00224888 0.25842950 0.34882301
v -0.00875975 0.26056811 0.34601799
v 0.01256038 0.24446037 0.25964451
v -0.02619538 -0.21171388 0.01225350
v -0.01535200 -0.21242388 0.04481637
v -0.21945663 0.25437200 -0.07370737
v -0.01779525 -0.21288624 -0.30044499
v 0.00028775 0.23749675 0.35340300
v -0.02611950 -0.21091600 -0.22126000
v -0.21442069 0.28003332 -0.10161569
v -0.00590875 0.23958200 0.35253599
v 0.01433891 0.22137325 0.26849222
v 0.00232700 0.23716000 0.25978601
v -0.01628103 -0.09465966 0.01716356
v -0.02338511 -0.21272744 0.04230949
v -0.21331351 0.28156126 -0.05812125
v -0.00616050 0.02792075 -0.30128026
v -0.02830931 -0.09505601 0.05700241
v -0.21094225 0.28223437 -0.07584187
v -0.00530500 0.24064450 0.25637701
v -0.02261550 -0.10630050 -0.33184600
v -0.00827900 0.23521000 0.25659025
v -0.19373004 0.27059633 -0.05636672
v -0.00491000 0.10534838 0.29621062
v -0.01677794 -0.09388155 0.09829906
v 0.17337926 0.31615251 -0.02583775
v -0.22450700 0.26521999 0.23156799
v -0.00227700 0.20706750 0.26071599
v -0.01725600 0.25455299 0.24107049
v -0.04242675 0.20235525 -0.35606062
v -0.04481600 -0.25255701 -0.33112800
v -0.02542312 -0.20663562 -0.30081037
v -0.19031000 0.27290249 0.37057301
v 0.16967119 0.31651512 -0.17628838
v -0.05455450 0.26816100 -0.26810274
v -0.01639937 -0.09362225 0.15350319
v 0.05711300 0.29196912 -0.39630625
v -0.19357018 0.27097705 -0.16111501
v -0.19629018 0.28389412 0.04409894
v -0.00492825 -0.12657228 -0.32876086
v -0.00729800 0.24484751 -0.37789249
v -0.21281275 0.26852876 -0.16789900
v 0.17200682 0.31694803 0.00394291
v -0.19330429 0.27100325 0.04968544
v 0.17461325 0.31155524 0.05451325
v -0.01560269 -0.09509869 0.17183831
v -0.10417762 -0.25181550 -0.33289737
v -0.04083725 -0.25006625 -0.30899349
v -0.03564116 -0.22043154 -0.30432010
v -0.21316238 0.26804638 0.09367587
v -0.01683800 -0.20395850 -0.33130699
v -0.02589866 -0.21221000 -0.00876516
v 0.04462475 0.30941200 0.39701426
v 0.20480950 -0.27678251 0.29081199
v 0.18814787 -0.27184811 0.29179001
v 0.00157350 0.29712549 0.39834151
v -0.22247900 0.25583801 0.20213200
v 0.20023400 -0.27808800 0.29124051
v -0.00709700 0.29140300 0.37214401
v 0.17287950 -0.26254550 0.29043850
v 0.15099700 -0.26837599 0.29153201
v 0.18487801 -0.27822500 0.29457524
v 0.20612575 -0.28448275 0.30144626
v -0.01929100 0.22769000 0.35560200
v 0.13770001 -0.27845100 0.29466599
v -0.02454000 -0.21159001 0.26884499
v -0.05063950 0.28983274 0.35274425
v -0.01628200 -0.21264900 0.27394900
v -0.22261775 0.25532401 0.11630500
v 0.19905600 -0.31280801 0.31872100
v -0.03157600 -0.27862599 0.30163601
v 0.17595243 -0.28270119 0.31020126
v 0.18152300 -0.29730701 0.31896400
v -0.01426931 -0.21198934 0.28184003
v -0.00693600 -0.17064551 -0.33047500
v -0.17210101 -0.29494801 0.30724901
v 0.21682206 -0.30078939 0.31965756
v 0.00400425 0.26500612 -0.27696887
v -0.00446300 -0.24857900 0.29905799
v -0.02297575 0.27682388 0.37116724
v 0.20553875 -0.29391924 0.32556826
v -0.01424700 -0.09337100 0.29768199
v -0.17554244 -0.27849287 0.30938306
v 0.17831475 -0.27856025 0.32286400
v -0.01505600 -0.09406600 0.29552051
v 0.00348625 0.27275801 0.37036800
v -0.02659000 -0.09416875 0.29804638
v -0.02387675 -0.20583637 0.29749900
v 0.01088825 0.28026462 0.37110263
v -0.19089074 -0.30192950 0.32418650
v -0.02662434 -0.12643966 0.29817927
v 0.06397226 -0.27839756 0.32589313
v -0.02738150 -0.11743850 -0.29336950
v -0.19173349 -0.30403751 0.32681075
v -0.19201200 -0.30715275 0.32532951
v -0.19741599 -0.30496907 0.32749981
v -0.20252472 -0.30274746 0.32558841
v -0.17956850 -0.31413949 0.33262300
v -0.00811450 0.28321400 -0.28197500
v 0.05389550 -0.27727875 0.32723388
v -0.01350750 -0.21123600 -0.30076551
v 0.15801881 -0.24968816 0.32294360
v -0.19241613 -0.28793600 0.32552874
v -0.03540375 -0.24809775 0.31746301
v -0.16754338 -0.28174686 0.31983012
v -0.20118350 -0.29097775 0.32757601
v -0.04807700 0.28963000 0.39678201
v -0.03174550 0.28934050 0.38337201
v -0.02111400 -0.18232600 0.29900301
v -0.02513788 -0.17596243 0.29633713
v -0.01093850 0.22782950 -0.25993699
v -0.01083525 0.23289531 -0.25955382
v -0.16879131 -0.28620300 0.33175087
v -0.02853191 -0.09605094 0.00069575
v -0.20110574 -0.28353351 0.33373213
v -0.17289500 -0.28686601 0.33702701
v -0.13691375 -0.24764563 0.33218461
v -0.14180700 -0.27698800 0.33371824
v -0.17680569 -0.28667286 0.33757743
v -0.18345743 -0.28580964 0.34084663
v -0.00526444 -0.13935769 0.29777917
v 0.02352269 0.28761923 0.34493431
v -0.03946616 0.23199341 -0.26003015
v -0.04708413 0.23125650 -0.26051813
v -0.01364961 -0.11426643 0.29816595
v -0.04540538 0.24003126 -0.26014838
v -0.03303175 -0.18514313 0.32736325
v -0.01495675 0.28112069 -0.25912732
v -0.04796550 0.24582601 -0.25913826
v -0.17826299 -0.28955901 0.33987799
v 0.00279400 0.27810901 -0.25877851
v -0.00778575 0.24742050 -0.25912201
v 0.02631000 0.28012550 -0.25851649
v 0.00869850 0.26832899 0.35103950
v -0.01512287 0.26184699 0.34415188
v -0.00326700 0.23878901 -0.25953200
v -0.05099294 0.24696419 -0.25958380
v -0.01917400 0.27370000 -0.26369300
v 0.17372151 0.31722450 0.24036101
v -0.02433650 -0.10456850 0.32829276
v 0.02285400 0.28596300 -0.27484399
v -0.01749650 -0.10035375 0.32969674
v -0.07112500 0.26623300 -0.27238351
v -0.01386425 0.26620549 -0.27674463
v -0.03729950 0.27870500 -0.27641451
v -0.00423019 -0.08927719 0.32726413
v -0.17848687 -0.28078637 0.33427787
v -0.01523150 0.27260974 -0.26714525
v -0.03518700 0.27127549 -0.27503762
v -0.22137076 0.25443524 0.21983676
v -0.02570650 0.23333600 0.24018000
v 0.00217239 0.28435478 0.28760475
v -0.02977100 0.24415937 0.23979899
v -0.03258525 -0.02727463 0.32734862
v -0.03637475 0.25082251 -0.27670664
v -0.02875250 0.26092175 -0.27624989
v -0.03715312 0.21201463 -0.26418811
v -0.03649900 0.20470175 -0.26295012
v -0.03465787 0.20893462 -0.26087224
v -0.04430700 0.22903812 -0.27418864
v 0.02312231 0.21136856 0.26385713
v 0.00184200 0.21809275 0.25946549
v -0.03687675 0.23005600 -0.27355519
v -0.00176600 0.25418451 0.25496176
v 0.00826538 0.25044501 0.25730664
v 0.02816050 0.21391650 0.26853549
v -0.03274300 0.21500801 -0.26727301
v -0.02382988 0.21156028 -0.27301341
v -0.00250100 0.23474599 0.27704501
v -0.03313450 0.08303500 0.32532901
v 0.01170138 0.27947488 0.25926757
v 0.00938925 0.27511701 0.25996724
v 0.06455687 -0.24916212 0.32609555
v 0.00967400 0.27690136 0.26603514
v -0.05107287 0.18189225 0.29152557
v -0.05750462 0.18250525 0.29013199
v -0.02543400 0.22839363 0.27643174
v -0.05412237 -0.27625257 0.33090466
v -0.05217287 0.16510287 0.30019224
v 0.01549812 0.27978125 0.27043262
v -0.01874200 0.27346501 0.26970500
v -0.03164250 0.24301450 0.35386050
v -0.01902600 0.26110700 0.27840701
v -0.04837644 0.17402107 0.30034080
v -0.03955612 0.26755562 0.27308449
v -0.05924762 0.19427338 0.29852876
v -0.20306000 -0.28889701 0.32719100
v -0.20928501 -0.28413901 0.32759601
v -0.03605812 0.17982601 0.31598124
v -0.19130550 -0.30243337 -0.33924282
v -0.00968825 0.20679849 -0.29908225
v -0.05447500 0.20438351 0.31597850
v -0.04682475 0.17900175 0.33047825
v -0.00603025 0.20786124 -0.30236599
v -0.05985250 0.20006050 0.32141700
v -0.04792850 0.18296801 0.33045951
v -0.04859500 0.18261024 0.32855374
v -0.05416900 0.17241549 0.33120099
v -0.00359000 0.20921475 0.31264201
v -0.01175787 0.21183150 0.32168794
v -0.03649700 0.20724501 -0.31148300
v -0.06277400 0.20045026 -0.30943999
v -0.05240150 0.20189312 -0.30891851
v -0.01536900 -0.09865300 -0.30022299
v 0.00142137 0.20607799 0.34509662
v -0.01468513 -0.21155450 -0.18466012
v 0.00984359 0.22016647 0.35710189
v 0.00883112 0.20970650 0.34829164
v -0.05694300 0.17735125 -0.30499926
v -0.06312700 0.19662800 -0.31605601
v 0.00323700 0.22343500 0.36191201
v 0.00276675 0.22033700 0.36496401
v 0.00653031 0.23599988 0.36026618
v -0.04851300 0.17223157 -0.31521088
v -0.04640006 0.18024100 -0.31260544
v 0.01443200 0.21602701 0.37612301
v -0.01263325 0.22912200 0.37060538
v 0.01832625 0.21297975 0.37854049
v -0.02082344 -0.20193826 0.29947695
v -0.01587400 0.23067850 0.37316826
v -0.02463300 -0.19667099 0.29653800
v -0.05747300 0.17147946 -0.31763434
v -0.02417650 0.23235913 0.37281862
v -0.00676075 0.24545000 0.38045874
v -0.19391400 0.25710899 0.14320651
v -0.03706250 0.25922301 0.37072399
v -0.03920206 0.26371136 0.35865888
v 0.02295325 0.27918825 0.36199826
v -0.02737647 0.25429326 0.37202093
v -0.05140800 0.27055800 0.35902700
v -0.04893750 0.18352400 -0.32148951
v -0.16620100 -0.30624700 0.32419524
v -0.20189762 0.25541526 0.13732438
v -0.03903100 0.27740899 -0.35791001
v 0.20828250 -0.26868850 0.32232949
v 0.20720175 -0.27842900 0.32119000
v -0.04812400 -0.25097951 -0.33040300
v -0.01628956 -0.21291444 -0.07573394
v -0.00275800 0.29464400 0.38032499
v -0.00815200 0.25059500 0.38081801
v 0.02345100 0.29859900 0.37371701
v -0.15487912 0.27720514 0.39865243
v -0.11918016 0.28088337 0.39923903
v -0.06287400 0.16482900 -0.32440901
v -0.00902756 0.29480463 0.39902395
v -0.00367100 -0.24688400 0.30000499
v -0.02505188 -0.21021312 0.26197544
v -0.18959500 0.27102399 0.16500799
v -0.19506282 -0.30665430 -0.33774087
v 0.18773974 -0.31621438 -0.32140687
v 0.18231863 -0.31600451 -0.32193261
v 0.21148238 -0.29847524 -0.32386076
v -0.17874700 -0.29028299 -0.33459699
v 0.21445499 -0.29480600 -0.32303101
v 0.18271700 -0.30821401 -0.31616199
v -0.20965150 -0.30308399 -0.32807100
v 0.19245850 -0.29012951 -0.32396650
v 0.16937150 -0.28015199 0.31441399
v 0.05125709 -0.27898359 0.29952353
v 0.19503325 -0.27992776 0.30993700
v -0.16503100 -0.30627587 -0.32664850
v 0.20875400 -0.29316899 -0.32141724
v 0.18254600 -0.28982824 0.31612676
v -0.18602251 -0.31145599 -0.31981251
v -0.16605251 -0.30514601 -0.31624174
v -0.19244000 -0.28024575 -0.32925349
v -0.19205000 -0.30677351 -0.32094300
v 0.03495850 0.28902751 0.36604899
v 0.08341525 -0.25025699 0.29623225
v 0.19110425 -0.28496200 -0.31252974
v 0.19855618 -0.29918888 -0.31267518
v 0.19309700 -0.29188499 -0.30878201
v 0.19014400 -0.25157300 -0.32583001
v -0.03433769 0.23256987 -0.35759506
v -0.17814849 -0.30226251 0.30655524
v 0.02498325 0.28259850 -0.37399876
v 0.22450900 -0.30197701 0.31757399
v 0.20277201 -0.31281251 0.32173601
v -0.18484375 -0.30795124 -0.31501076
v 0.17883025 -0.30864599 -0.30409849
v 0.18188199 -0.30932176 -0.30175626
v -0.06652825 0.26904187 -0.37121138
v 0.17422125 0.30795801 0.37729999
v 0.18118031 -0.24944037 0.29393357
v -0.17230000 -0.30631000 -0.31682801
v -0.00324413 0.26977995 -0.37212813
v 0.19716650 -0.29993999 -0.30541250
v 0.18339799 -0.30687144 -0.30528426
v 0.18886550 -0.31387076 -0.30382201
v -0.00635687 0.27704361 -0.37289974
v -0.19464375 -0.30766174 -0.31810537
v 0.00879600 0.28559899 -0.37420300
v 0.18926451 -0.28348550 -0.31584099
v 0.19006374 -0.28975525 -0.30697450
v -0.17100038 -0.28090376 -0.31844163
v -0.21979812 0.26743594 -0.23619519
v 0.16271375 -0.27797326 0.29873624
v -0.02683300 0.24094300 0.38162500
v -0.04256950 0.22419156 -0.36126757
v 0.00088400 0.26462674 -0.37401924
v 0.17466512 -0.28214076 0.30265251
v -0.17703950 -0.29282075 -0.30517238
v -0.22211300 0.25671151 -0.38124049
v -0.05202956 0.25741363 -0.37429357
v 0.18210475 -0.28508249 0.30173951
v 0.19031151 -0.28038576 -0.29612899
v 0.19121650 -0.30473149 0.30866650
v -0.12069000 -0.27898288 -0.30411944
v 0.18886732 -0.29451320 0.30367175
v -0.02120038 -0.21205488 0.27360514
v -0.01882238 -0.21285263 0.27298301
v -0.03187500 0.23955899 -0.37419301
v 0.14826563 -0.27892101 0.30050451
v 0.19447476 -0.29318675 0.30104426
v -0.03429813 0.21646576 -0.36493826
v 0.00269700 0.29423201 0.34916100
v -0.00581200 -0.24721549 -0.30232549
v -0.02541612 -0.21258387 -0.28694075
v -0.03856075 0.21641549 -0.37125400
v -0.01418213 -0.21216343 -0.27706081
v -0.03162975 0.15874350 0.32581025
v -0.04897375 0.27253401 0.37127101
v -0.01513309 -0.21180287 -0.06160565
v -0.20834900 0.25716701 0.33801600
v -0.02613525 -0.09337669 0.21309681
v -0.04912225 0.26045001 0.37135401
v -0.02439869 -0.21270594 -0.25693318
v -0.00541575 0.02248775 -0.32891575
v -0.04609125 0.26303476 0.37159601
v -0.01550588 -0.09390537 0.21828000
v 0.17482799 0.30594301 0.07145300
v -0.19264235 0.27083191 0.10786600
v -0.22401875 0.26559150 -0.19848426
v -0.17032063 0.27443400 -0.40033525
v -0.04177125 0.21157713 -0.38336012
v -0.02750825 -0.10487400 -0.28265700
v -0.18596612 0.27103838 0.08736738
v -0.03764300 0.20208500 -0.37264374
v -0.02806950 -0.09449500 -0.09901350
v -0.00760400 0.24273750 -0.38397825
v -0.18740749 0.27119601 0.17671700
v -0.22167850 0.25379851 0.00982150
v -0.22386287 0.26540634 0.01430066
v -0.01711106 -0.09408294 -0.03048247
v -0.00810125 0.13246475 -0.29895449
v -0.02754775 -0.09520025 -0.26661676
v -0.01003000 0.23025000 -0.37316850
v 0.21214475 -0.29050449 0.32327351
v -0.02322050 0.22839200 -0.37415901
v -0.03883550 0.23258300 -0.37455124
v -0.03404350 0.03356550 -0.33016351
v -0.04639725 0.23071012 -0.36819449
v 0.02704088 0.29907939 -0.22387597
v -0.01566875 -0.21336463 -0.21051598
v 0.17485137 0.30632305 -0.02537328
v -0.01408200 0.23498300 0.38073701
v -0.20341276 0.25503811 -0.14189625
v -0.02422600 0.22908850 -0.35836700
v -0.08196900 0.26864550 -0.36677301
v -0.00748688 0.28336737 -0.37347275
v -0.02146400 -0.21586250 -0.27531499
v -0.01786250 -0.21492849 -0.27662149
v 0.16546232 0.31828582 0.34571838
v -0.01639903 -0.09513334 0.05557934
v -0.04836400 0.23785526 -0.35517150
v 0.17475100 0.30594701 -0.09420800
v -0.00807650 0.24851100 -0.35497051
v -0.00287800 0.26943401 -0.36041251
v -0.08619890 0.27257067 -0.25209966
v 0.13744625 -0.24926850 0.29576924
v -0.21785590 0.25639641 -0.32767925
v -0.06399700 0.17283399 -0.32482100
v 0.20572838 -0.27570149 -0.29617074
v -0.01380600 0.26010901 -0.35067099
v -0.01693700 0.26154101 -0.35028601
v -0.02153750 0.26327524 -0.35188401
v -0.00685587 0.19149224 -0.32837251
v -0.00801200 0.28294000 -0.35530001
v -0.22399594 0.26519606 -0.15558012
v -0.03816350 0.27169886 0.37058550
v 0.06920731 0.30569974 0.34496439
v -0.19567201 0.28044674 -0.09234525
v -0.19763063 0.25706926 -0.14721251
v -0.01451550 0.28257549 -0.35497850
v -0.06215400 0.17680401 0.30193001
v 0.04671934 0.29000604 0.27772513
v -0.19952001 0.28016800 -0.15608650
v -0.00599700 -0.25046200 -0.30150750
v -0.01077538 0.20865250 -0.32844612
v -0.00629437 0.20631026 -0.32808739
v 0.17211181 0.31615818 -0.17600968
v -0.22254001 0.25475749 -0.16491801
v 0.07213606 -0.25061125 -0.30013570
v -0.03895887 0.18576869 -0.31587318
v -0.00375275 0.14030001 0.32496950
v -0.03798212 0.17410487 -0.31044450
v -0.01920502 -0.21272407 -0.05229795
v -0.02104962 0.23000300 -0.32787713
v -0.03610300 0.13770087 -0.30057338
v -0.22317390 0.26782581 -0.33795059
v -0.02965375 0.23464400 -0.32460588
v -0.05279025 0.19890951 -0.30463374
v -0.01620000 -0.09498600 -0.22382601
v 0.17336901 0.31625849 -0.07698200
v -0.19482274 -0.25072950 -0.31352076
v 0.09596988 0.29668775 -0.39262113
v -0.00335800 0.27773124 -0.25980249
v -0.03648775 0.27996275 -0.37365025
v -0.06164500 0.17320976 -0.29296800
v 0.03207719 0.27907300 -0.26726070
v 0.00621150 0.25737774 -0.26405525
v -0.05315787 0.17332950 -0.29200864
v -0.00330450 0.26919442 -0.26759976
v -0.17852212 -0.28044936 -0.31213576
v -0.01607725 0.22952899 -0.30115101
v -0.02393403 0.23045684 -0.30123144
v 0.16475500 0.30681601 0.39608401
v -0.19273500 -0.30626699 -0.30958399
v -0.01696900 0.25661799 -0.30055600
v 0.01987400 0.27651149 -0.26790151
v -0.02257350 0.23478000 0.38099301
v -0.07423550 0.26564175 -0.26868576
v -0.04091025 0.23036638 -0.27648625
v -0.02354150 -0.09391700 -0.16485301
v -0.03596100 -0.01867850 -0.30241299
v -0.15500925 -0.25161225 -0.33418325
v 0.15368238 0.30598900 0.39896762
v -0.03227500 0.20117299 -0.26357999
v -0.01385625 0.28143099 -0.27695975
v 0.20621775 -0.31455576 -0.30334499
v -0.18006299 -0.31053001 -0.31656200
v -0.02613812 0.22668788 -0.26359463
v -0.03547381 0.23084250 -0.26582718
v -0.19261050 -0.27044550 -0.33490551
v 0.00522700 0.25682849 -0.27097049
v -0.02529925 0.23104900 -0.25893876
v -0.01081450 0.28899199 -0.40261251
v -0.00154187 0.26960087 -0.26869649
v -0.05125775 0.25441176 -0.27706626
v 0.20686001 -0.27774900 -0.32077900
v -0.16586538 -0.29694363 -0.32968262
v -0.04853400 0.25919399 0.35378101
v -0.19235550 -0.27791849 -0.33392850
v 0.03397275 0.28274551 -0.26335499
v -0.03086750 0.21244200 -0.26366201
v -0.05561850 0.27618051 -0.25885901
v -0.00784288 0.26423174 0.37107038
v -0.06785625 0.27011651 -0.25860313
v -0.02428725 0.23109774 -0.24385175
v -0.04625150 0.25475076 0.35482001
v -0.22263700 0.26743901 0.35540700
v -0.02607122 -0.19527841 -0.33118206
v -0.19632851 -0.30257100 -0.33909774
v -0.04533837 0.23190212 -0.27750582
v -0.03388556 -0.06022688 0.30069101
v -0.00269773 0.29597542 -0.31732410
v -0.00979684 0.23404525 -0.27796510
v -0.00746625 0.23112050 -0.27311349
v -0.02689888 0.25340217 -0.29242614
v -0.17294525 0.27412724 0.39937389
v -0.00424575 0.26500049 -0.27044326
v -0.22359835 0.26545620 0.12339947
v -0.01402200 0.22725600 -0.27728099
v 0.02312694 0.29019383 0.39945415
v -0.04971830 0.27642778 0.07892776
v -0.02629319 -0.21162169 -0.13765213
v -0.02159763 0.20651038 -0.27237874
v -0.02631675 -0.19619875 -0.21327350
v -0.02603600 0.20197199 -0.26822349
v -0.00538000 0.10169700 -0.32726899
v -0.02019775 0.05335725 -0.32985699
v -0.22377899 0.26507699 -0.02413700
v -0.02569187 0.20749438 -0.27328849
v -0.22217400 0.25634626 0.37277126
v -0.01957281 0.23048151 0.32288244
v -0.02860325 -0.09535600 -0.05758375
v -0.10263950 0.27146000 0.37642249
v 0.01296500 0.24392501 0.36974499
v -0.00431125 0.17704900 0.29717651
v -0.22515100 0.26285449 0.22717901
v 0.01322625 0.24711224 0.36333549
v 0.00137125 0.28208488 0.35347661
v -0.21323100 0.27603400 -0.15891600
v -0.01414437 -0.21208063 -0.15602288
v 0.16830499 0.31693688 0.13424325
v -0.21322612 0.28130826 -0.14567013
v -0.00855337 0.23498926 0.35097724
v -0.01765013 0.25957713 0.33907539
v 0.17334488 0.31803712 0.31811875
v -0.21305488 0.26863202 -0.02506003
v 0.17395200 0.30529550 -0.15634000
v -0.02419200 -0.20410500 -0.33182400
v 0.17245793 0.31813505 0.30555528
v -0.22336826 0.26587576 -0.06131075
v -0.22385541 0.26515448 -0.09568672
v 0.01124388 -0.25116399 0.29854137
v -0.22377007 0.26619494 0.30163157
v -0.14707838 0.27611575 0.11232363
v -0.06255362 0.19258687 -0.30315524
v -0.03210000 0.21006200 0.32469249
v 0.17433962 0.31472850 0.30022576
v -0.07552382 0.28605291 0.23008414
v -0.05777100 0.18492350 0.32042351
v -0.01367906 -0.21003306 0.13572891
v -0.02563453 -0.21202934 0.09889353
v 0.17438000 0.30586901 -0.05495200
v -0.03559900 0.19221351 0.31203663
v -0.04539700 0.17707700 0.31629801
v 0.01195338 0.20788513 0.37763995
v -0.04792150 0.17569751 -0.30758199
v -0.00882375 0.27502400 0.27498251
v -0.03045063 0.24849625 0.28079787
v -0.04834500 0.25444701 0.27647501
v -0.00348750 0.25891250 0.27642849
v 0.00775200 0.25441399 0.27648801
v -0.03875963 0.26145175 0.27219188
v -0.04415769 0.27074856 0.26621076
v -0.04077975 0.26803425 0.26716512
v -0.00668250 0.12726763 -0.29968351
v -0.21451700 0.26732349 0.00082300
v -0.01575888 -0.10580412 -0.28300563
v -0.21247382 0.28180569 0.04365225
v -0.02153700 -0.11175900 -0.33081499
v -0.01381850 -0.21196550 0.19897425
v -0.06411750 0.18956350 -0.32091600
v -0.03864850 0.27149576 0.25988725
v -0.04267600 0.27357101 0.25914899
v 0.01283550 0.21418750 0.27795249
v -0.03239400 0.06019612 0.32675475
v -0.02805175 -0.09514788 -0.21105513
v 0.16767325 0.31772187 0.28196025
v -0.22256356 0.26562142 0.05610681
v -0.06037719 0.17525931 0.31760707
v -0.02705725 0.23323099 0.25966600
v -0.19675925 0.28406689 0.08768900
v -0.02124700 0.22988850 0.25979251
v -0.01400850 0.23052475 0.25911325
v -0.03227725 0.20793375 -0.32923824
v 0.00951856 0.21740982 0.25978506
v 0.01078956 0.20924781 0.25972474
v -0.00856300 0.25694400 0.25072101
v 0.20667587 -0.28537676 0.29882300
v -0.06249400 0.27072999 0.36805600
v -0.01254337 0.23275462 0.24009638
v 0.20840600 -0.27956200 0.31401601
v 0.21543013 -0.30718738 0.31517312
v -0.02406950 -0.21201900 0.27712175
v 0.03311575 0.28401512 -0.35870549
v -0.21223301 0.28196201 0.13785800
v -0.06570500 0.27097800 0.35352999
v -0.06843363 -0.27800858 0.30218071
v 0.21716225 -0.29496720 0.31099474
v -0.07478550 0.26875800 -0.35544351
v -0.03031700 0.01531600 0.32737601
v 0.15797900 0.31809700 0.38272500
v -0.01977750 -0.09801550 0.32813150
v -0.02427587 0.25897124 -0.34916288
v -0.19595399 0.25693801 0.13648200
v -0.01146500 0.26628250 -0.35452250
v 0.20908512 -0.26615813 0.32113412
v -0.02457100 -0.21072499 0.29870701
v -0.17248675 -0.30665076 0.32663074
v -0.20109825 0.25474125 0.14331925
v -0.20580712 0.25575113 0.14605443
v -0.06707306 0.26762870 -0.35985914
v 0.18675549 -0.25099900 0.32246351
v 0.20701601 -0.24917750 0.32020500
v -0.06251088 0.18707837 -0.33362937
v -0.18495169 -0.31042662 0.33495724
v -0.07921431 0.27389550 -0.36059719
v -0.22213756 0.25493184 0.15363963
v 0.11322756 -0.24920499 0.32423100
v 0.09516500 -0.27892300 -0.32770801
v -0.02108781 -0.27791795 0.32937220
v -0.02449094 0.29247519 0.39867088
v -0.19638450 0.28411201 0.13672400
v -0.21309599 0.27991101 0.14248700
v -0.19009760 -0.30080208 0.34210601
v -0.00427647 -0.15759294 0.29859883
v -0.16648200 -0.27623701 0.33467099
v -0.04967000 0.23285200 -0.35833299
v -0.19853801 0.27007601 0.17217550
v -0.18942113 -0.28993425 0.34327438
v -0.17300962 -0.30610761 -0.30660576
v 0.02651922 0.28721955 0.24674091
v -0.22218637 0.25581563 0.17399850
v -0.19217250 0.27008551 -0.00593400
v -0.01432156 -0.11955825 0.29693681
v -0.03324750 0.23760137 -0.35765374
v -0.02093900 -0.09348450 0.29692763
v -0.01568050 -0.19323149 0.32854351
v -0.02936525 0.23984900 -0.38526326
v -0.19181800 -0.27225924 0.33602050
v -0.19236200 -0.25384599 0.33523500
v -0.05269900 0.28918299 -0.40040001
v 0.17941999 -0.28165001 -0.31235799
v -0.03095338 -0.15323874 0.29908150
v -0.18348899 -0.30921799 0.34338099
v -0.18530224 -0.30248412 0.34249726
v -0.02767475 0.29198906 -0.19605671
v -0.06331187 0.27937800 0.39952275
v -0.00474575 -0.03524050 0.32702976
v -0.00768200 0.23894875 0.23955050
v -0.19408500 -0.30310601 -0.31443799
v -0.00383731 0.01255738 0.32612464
v -0.04354300 0.21233600 -0.35280949
v -0.03266225 -0.20202750 0.29933426
v -0.00696000 0.20729101 0.26181799
v -0.00468825 0.21706524 0.26088637
v -0.00530919 -0.19263127 0.29839644
v -0.16064650 -0.30425900 0.32534876
v -0.00472359 0.14292191 0.29629946
v 0.00734200 0.21968150 0.27496949
v 0.01894600 0.21005000 0.27731201
v 0.00572150 0.20792100 0.27693149
v 0.00795700 0.27084199 0.25773901
v 0.00605900 0.26355776 -0.37387875
v -0.04641400 0.25168499 0.26683900
v 0.03260750 0.28306949 0.25912151
v -0.06137075 0.18387701 0.29105201
v -0.04683850 0.20237225 -0.36190951
v -0.04791500 0.16403100 0.31024751
v -0.00861425 0.25283450 0.27781501
v -0.03977975 0.23133825 -0.37153351
v -0.18783949 -0.31482050 0.32058951
v -0.02431575 0.25913176 0.28115174
v -0.06170500 0.19076800 0.29424500
v -0.05914300 0.27145499 0.27654099
v -0.19241987 -0.27620062 0.31080511
v -0.18918863 -0.27697337 0.30676201
v -0.04018300 0.18150100 0.30761701
v -0.10052238 -0.24922788 0.30227405
v 0.09870900 0.30948400 -0.39888701
v -0.02534175 0.25609300 0.28486049
v -0.04384500 -0.24905400 0.30109701
v 0.16233826 0.31630051 -0.39696151
v -0.17767100 -0.30944276 0.31735724
v -0.01318025 0.25522825 0.28309724
v -0.01417787 0.23152375 0.29608312
v 0.19174425 -0.28460476 0.31460676
v -0.03000050 0.21101706 0.31774700
v -0.03187675 0.24300949 -0.38036701
v -0.00659000 0.21107499 0.32470000
v -0.17003700 -0.30414501 0.30864051
v -0.19734225 0.27175951 -0.39938349
v -0.04666200 0.17507000 0.33042601
v -0.05412212 0.17498937 0.33303338
v -0.22289747 0.25648522 0.31968835
v 0.19508649 -0.29834449 -0.30593801
v -0.21253850 -0.30058351 -0.32175049
v -0.22326151 0.26723900 0.32172325
v 0.14883913 -0.25076088 0.29416513
v 0.18903950 -0.25024500 0.29292250
v -0.00427400 0.21384500 0.35195199
v 0.22124600 -0.30471000 0.31033301
v 0.01356525 0.20504075 0.35345164
v 0.10801503 -0.27918604 0.29873419
v -0.02426581 0.25915188 0.34540325
v 0.18866500 -0.29735801 0.30511999
v -0.01580600 0.23142600 0.35253301
v 0.18973163 -0.28897062 0.30325186
v 0.01232550 0.24608600 0.35342050
v 0.00605475 0.22464800 0.35955274
v -0.03590950 0.25617349 0.35336801
v 0.00488475 0.21274425 0.37226024
v 0.01975125 0.21418175 0.37491301
v 0.00501256 0.24758619 0.36787269
v -0.04484200 0.20597813 -0.38179576
v -0.04602550 0.27189001 0.36574849
v -0.01895275 0.26443851 0.37069026
v -0.00320650 0.27434400 0.37070274
v -0.02940925 0.23726325 0.29642999
v -0.00524325 -0.05128862 -0.32923675
v -0.01916475 0.23139912 0.28604251
v -0.12141828 0.27140886 0.39966160
v 0.13756712 0.30293611 0.39847833
v 0.19383726 -0.30420625 -0.30571449
v -0.01690350 -0.21266100 -0.33085951
v -0.02793537 -0.10503956 -0.33073351
v -0.00765050 -0.21244000 -0.30119875
v -0.19887000 -0.30511200 -0.33557549
v -0.01861250 -0.21495700 -0.30127099
v 0.21340425 -0.30768999 -0.31745631
v -0.21225899 -0.30181101 -0.32578999
v -0.05424100 0.27003250 -0.37328649
v 0.18318488 -0.28969038 -0.31496650
v -0.21224700 -0.30298474 -0.32238349
v -0.20480201 -0.30188751 -0.32358450
v -0.03418825 -0.25011563 -0.33121574
v 0.17756125 -0.31284824 -0.30208626
v -0.20147493 -0.30784389 -0.31224892
v 0.20679100 -0.30959001 -0.30499399
v -0.19045325 -0.31441501 -0.31531626
v 0.17495149 -0.31301799 -0.29848701
v 0.21009950 -0.30521199 -0.29742751
v 0.18020125 -0.30548438 -0.29867494
v 0.18875800 -0.30341250 -0.32547551
v 0.18996988 -0.28689057 -0.29923382
v -0.01603713 -0.21364249 0.20359907
v -0.19302601 -0.27818099 -0.30631101
v 0.17161550 -0.27908951 -0.29623401
v -0.02058087 0.23154418 -0.34350720
v -0.19427399 -0.27354550 -0.30594149
v 0.20600826 -0.25156799 -0.29739851
v 0.20188725 -0.31514499 -0.30546361
v -0.03507000 -0.25081199 -0.30171999
v -0.03476225 -0.22713549 -0.30233249
v -0.02887650 -0.21232250 -0.27268800
v -0.02510106 -0.21454050 -0.26916337
v -0.02621328 -0.21146056 -0.25914460
v -0.03394250 0.23924799 0.37067050
v 0.00979900 0.27758801 0.35511500
v -0.16867925 -0.29262924 -0.31697375
v -0.07939350 0.26905051 0.36606750
v -0.02584700 -0.09547800 -0.29067349
v -0.02267300 0.23358850 -0.38523650
v -0.04182388 0.21305326 -0.37965137
v -0.01790750 0.28310400 -0.39966550
v -0.19409224 -0.25236949 -0.33389226
v -0.10241025 0.28286681 -0.40042993
v 0.15647732 0.30505931 -0.40046325
v -0.02552775 -0.21042325 0.17982325
v -0.18406551 -0.31514013 -0.31111225
v -0.19094875 -0.30473351 -0.31767201
v -0.03482537 -0.01798869 -0.32961038
v -0.04499572 0.21455522 -0.36858973
v -0.04923375 0.21240850 -0.36413699
v -0.03587125 0.03004200 -0.30256426
v -0.02887611 -0.21112779 -0.21336801
v 0.02303200 0.28142461 -0.37242374
v 0.17435050 0.30679500 -0.37465751
v -0.05032425 0.23230851 -0.36560899
v -0.02624962 -0.21248813 -0.21217862
v 0.03196600 0.28384700 -0.37219000
v 0.02123300 0.27931499 -0.36497301
v -0.02607238 -0.21167669 -0.20240569
v -0.00506100 0.24891900 0.37085575
v 0.00832800 0.25096300 0.37179101
v 0.16629650 0.31784099 -0.38976449
v -0.05138050 0.16293050 -0.32469651
v -0.05299050 0.15713413 -0.31816688
v -0.05788300 0.27191901 -0.35580000
v -0.04468900 -0.27938801 -0.33107400
v -0.01538637 0.27116564 -0.35594451
v 0.13072975 -0.28033626 -0.32664576
v -0.04372250 0.17879450 -0.31405699
v -0.02503644 0.25549132 -0.32928631
v 0.18492700 -0.29001901 -0.32231700
v -0.06299325 0.19675151 -0.30429399
v -0.06352775 0.18407844 -0.30090749
v -0.05147200 0.19337700 -0.30313501
v -0.01817453 -0.21288157 -0.15771496
v -0.01516038 -0.21314187 -0.14769587
v -0.02717681 0.23324659 -0.29683292
v -0.01848350 -0.21406800 -0.14051950
v -0.02598250 0.20476151 -0.26428851
v 0.05038674 0.28967836 -0.17025952
v -0.04712100 0.24046387 -0.27715075
v 0.03232300 0.28075001 -0.27667451
v -0.01222800 0.27593863 -0.27634776
v 0.21343325 -0.30769700 -0.32203600
v -0.02258450 0.27520350 -0.27746400
v 0.19277175 -0.31075701 -0.32081875
v -0.02544712 -0.21209912 -0.11140806
v 0.00134750 0.26332000 -0.26002750
v 0.00100250 0.27420300 -0.26182500
v 0.03238431 0.28071845 -0.26023224
v -0.04970550 0.27747649 -0.25139499
v -0.01832700 0.25396299 -0.24409001
v -0.21325241 0.28183496 -0.12384032
v -0.02626978 -0.21173725 -0.06663115
v 0.05084600 0.31195199 0.39943999
v -0.19793625 0.28329849 -0.14711450
v 0.17446500 0.30542701 -0.20706800
v -0.16206807 0.26398987 -0.38183632
v -0.02632856 -0.21161807 -0.02344500
v -0.04334375 0.27719787 -0.00160800
v -0.21238101 0.26920637 0.09676213
v -0.02522125 -0.21232376 0.02388400
v -0.03047000 -0.24982101 0.32959700
v -0.01406438 -0.21155638 0.03835525
v -0.19623737 0.28348926 -0.14156975
v 0.19107226 -0.30414087 0.32443726
v 0.17311159 0.31662780 -0.11198434
v 0.21722800 -0.29519451 0.30026400
v -0.02806025 -0.09823263 -0.23124288
v -0.19922875 0.28367826 -0.09318600
v 0.20108899 -0.31752101 -0.31773600
v 0.20550600 -0.25269100 0.29168949
v -0.22249199 0.25527400 -0.02198000
v -0.01756650 -0.21229599 0.27154475
v -0.01996013 -0.21397226 0.27062163
v -0.19872700 -0.29480901 -0.33524099
v -0.20045850 0.25640851 -0.00830300
v -0.02373825 -0.21218050 0.16927999
v -0.04476750 0.25700501 0.37222049
v -0.04156400 0.27926400 0.35217300
v 0.00650100 0.26876399 -0.25900599
v 0.17321800 0.31698200 -0.35501349
v -0.01640528 0.25557855 -0.25643024
v -0.01067900 0.25225300 -0.25775501
v 0.20835599 -0.26643801 0.29200101
v 0.00820650 0.27781051 -0.27656251
v -0.22257750 0.25574324 -0.27886051
v -0.04974650 0.23324326 -0.26087976
v -0.01810169 -0.21226969 0.20840968
v -0.10190700 0.27166799 -0.36493501
v 0.18638550 -0.28244400 -0.31832001
v -0.22268704 0.26731092 0.28909159
v -0.14085357 0.26588589 0.31906277
v -0.02048234 -0.21260247 0.24800672
v -0.02449250 -0.21231475 0.25022626
v -0.01990719 -0.21294306 0.25080562
v -0.02126625 -0.21353157 0.25021282
v -0.01933113 -0.21327762 0.25373411
v -0.01644131 -0.21200125 0.25334314
v -0.02085938 -0.21216725 0.25144950
v 0.00008600 0.20674400 0.27443901
v -0.01747731 -0.21210331 0.26321661
v -0.01303400 -0.21104699 0.26848000
v 0.20094600 -0.28986049 0.29730499
v 0.01750775 0.20691276 0.37902224
v -0.02048250 -0.21413399 0.26769599
v -0.02065400 -0.21259500 0.26913500
v 0.02052200 0.20604999 0.37292901
v 0.18443100 -0.30622050 0.31799451
v -0.02177850 0.21038018 -0.30093414
v -0.18880250 -0.31446201 0.31651551
v -0.22422600 0.26409799 -0.13461401
v 0.16599201 -0.28038499 0.30614224
v 0.18173812 -0.28835511 0.31009138
v -0.20231837 -0.29153264 0.31782138
v 0.15260200 -0.27859461 0.32331899
v -0.18418175 -0.30404511 0.32337624
v -0.19285075 -0.31171975 0.32398325
v -0.01357925 0.22885300 0.35617974
v -0.19465888 0.28320211 0.13950463
v 0.01623900 0.20599499 0.35491300
v -0.00317775 -0.24563600 0.32730651
v -0.00133600 -0.24824975 0.31457701
v 0.17444800 0.30705699 -0.35871801
v -0.20853500 -0.28230599 0.32911900
v -0.17457443 -0.31409186 0.33780423
v -0.20801288 -0.28429824 0.33230287
v -0.03754675 0.17380953 -0.31881493
v 0.04382100 0.30048850 -0.40108949
v -0.18557850 -0.30426624 0.34445149
v -0.01245700 0.23451000 -0.38557100
v -0.00161987 0.21379250 0.34915963
v -0.00285500 0.20601800 0.34670249
v -0.03232381 -0.19764437 0.32840666
v -0.00553400 0.25751099 -0.35584325
v -0.01015400 0.25565550 -0.35459650
v -0.05103500 0.18339200 -0.33567601
v -0.03268050 -0.14002338 0.32797575
v 0.17464800 0.30687001 0.29242599
v -0.01596612 -0.21159537 0.28860301
v -0.03148250 -0.10088787 0.32812500
v -0.02186025 0.21031587 0.32521626
v -0.01709800 0.21246250 0.32284388
v -0.03211003 -0.06648187 0.32768607
v -0.02926050 0.23716900 0.24133325
v -0.04921650 0.23350050 -0.37343174
v -0.05056125 0.20296074 0.31946501
v -0.00667525 0.23357825 -0.37371799
v -0.03243750 0.00796400 0.32693914
v -0.04937050 0.18767175 0.32274625
v -0.03279800 0.11439650 0.29671288
v 0.02671325 0.21829900 0.26699674
v 0.00686125 0.22970951 0.26399657
v 0.14788499 0.31406301 -0.40104699
v -0.03007063 0.24891162 -0.38441575
v 0.01217975 0.22644587 0.26766586
v -0.04296500 0.29035100 -0.40076101
v 0.02786900 0.21998601 0.27207300
v 0.02011700 0.22193600 0.27574801
v -0.01844525 0.26562801 0.25961000
v -0.00528737 0.21244700 0.30816749
v -0.01279450 -0.20600700 0.27952600
v -0.01657425 0.22713700 0.27671626
v -0.02324325 0.26965514 0.27198699
v -0.03623231 0.17660002 0.30599153
v -0.22249788 0.25581539 0.28908664
v -0.00634050 -0.12718651 -0.30174351
v -0.04457931 0.18280825 0.31352788
v -0.22187665 0.25527108 0.31019181
v -0.04602500 0.18416500 0.31821701
v -0.03449003 -0.10736081 -0.33047506
v -0.04868900 0.17138800 0.32781100
v -0.03431813 -0.18458825 -0.30199751
v -0.00370100 0.20735499 0.32391301
v -0.04984000 0.18046400 0.33331200
v -0.02490525 0.23158400 0.32078400
v 0.18888150 -0.25204051 -0.29603150
v -0.02102200 0.25826401 0.33509949
v 0.02122950 0.28680876 0.35251513
v 0.17187101 0.31692100 -0.11020000
v 0.01899825 0.21420699 0.36544263
v -0.22265901 0.26746601 0.33775401
v 0.00678950 0.23205049 0.36069199
v -0.04380000 0.20506525 -0.35379350
v -0.04922300 0.21130300 -0.36005801
v -0.07974500 0.26895201 0.26423499
v -0.01324400 0.23229475 -0.37480599
v 0.00753175 0.23685563 0.36459562
v -0.05035700 0.18519875 0.29392174
v -0.02763500 0.23068100 0.37095600
v -0.02319206 -0.19758300 0.29902300
v 0.17827238 -0.31545737 -0.29990888
v -0.03380000 0.19930451 -0.32970199
v 0.17329237 0.31818551 0.35490599
v 0.19726825 -0.31741050 -0.30492750
v 0.19435550 -0.31805599 -0.30103701
v -0.22091100 0.25686651 0.38711625
v -0.00418369 0.26813450 -0.26172301
v -0.01591200 -0.21302475 -0.17294775
v -0.14070438 -0.27896875 -0.33312374
v -0.03312600 0.16941500 0.29617900
v 0.01447650 -0.28004551 -0.32936469
v -0.21176051 0.25787699 0.39766699
v -0.21043134 0.26963013 0.39738438
v 0.01093800 0.23701300 0.26949200
v -0.02506000 0.23262000 0.28452599
v -0.16299300 -0.30553499 -0.32941100
v -0.00708400 0.24055913 0.29061288
v -0.20635650 0.26934150 0.39860675
v -0.05380650 0.17177950 -0.30830500
v 0.19524699 -0.30576149 -0.30282801
v -0.03236188 -0.04118181 0.29802349
v 0.02368337 0.22151688 0.26785013
v -0.12897982 -0.27755514 0.33229294
v -0.06253300 -0.27797750 0.32906851
v -0.00099000 0.23533051 0.36524412
v -0.01960950 -0.21234050 0.26887801
v 0.13678756 -0.26466280 0.29370168
v -0.21768101 0.26804000 0.39280349
v -0.19705500 0.28314626 -0.09240675
v 0.00995400 0.25830999 0.25715101
v -0.00276750 0.25543526 0.27614099
v -0.03760950 0.27314451 -0.27652249
v -0.00571000 0.23329350 -0.25965199
v -0.08051600 0.26816699 -0.26591700
v -0.00470100 0.24756899 0.25611001
v -0.00877300 0.24857400 -0.24357300
v 0.18416800 -0.30004200 -0.32474801
v -0.00447175 0.25963449 0.25454476
v -0.01323859 -0.20827131 0.20194162
v -0.01529700 -0.14823444 0.04410975
v -0.16052382 0.26250964 0.22696640
v -0.04420150 0.17865676 0.30911174
v 0.18571612 -0.28446400 0.30119401
v -0.15921800 -0.29892200 0.32717901
v -0.01509425 -0.09501988 0.24464850
v -0.18507725 -0.31338125 0.32160276
v -0.10998950 0.27511701 -0.40083125
v 0.17380175 0.30561450 0.09737650
v 0.04902869 -0.24944869 0.29756382
v -0.18297018 -0.29119045 0.34296104
v -0.03358541 -0.13941190 0.31628597
v -0.02803975 0.25041014 0.24544138
v -0.04959850 0.25873849 0.27682626
v 0.01324187 0.21402025 0.37844899
v -0.02566500 -0.20944700 -0.26803249
v 0.19190012 -0.28798512 -0.31655499
v 0.22120024 -0.30053249 -0.30776200
v -0.00562881 0.18290612 -0.32709545
v -0.01506825 -0.13557687 -0.29470786
v -0.00384850 -0.20929450 0.30002624
v -0.00948625 0.29470199 -0.39879951
v -0.04690675 0.23048975 -0.36388800
v -0.01456400 -0.18487728 -0.21929909
v -0.01404987 -0.21192512 -0.13227737
v -0.05237175 0.18453975 -0.30572388
v -0.00704100 0.23915200 -0.27854601
v -0.07052581 0.26916495 -0.27718589
v -0.16914800 -0.27955836 0.32746533
v -0.03093306 0.24330001 0.28827325
v -0.00828900 -0.24914150 -0.30099750
v 0.19521663 -0.27982864 0.30003375
v -0.02565937 0.21082288 -0.32625613
v -0.02538125 -0.20987774 0.22777650
v -0.06008525 0.17602050 0.32645151
v -0.00590700 0.20617700 0.27068600
v -0.04360100 0.21397725 -0.26769650
v -0.03154200 0.24010700 0.25946501
v -0.19246575 -0.27638951 0.32835126
v -0.00392037 -0.10508662 0.29867426
v 0.17089275 0.30560526 -0.33790275
v -0.03637500 0.19882651 -0.29971549
v -0.05856400 0.20109750 -0.31308299
v 0.00051312 0.22144400 0.27102661
v -0.04488013 0.25773224 0.25957689
v -0.22373749 0.26617876 0.25872701
v -0.07310162 0.26693326 0.26953039
v -0.04467212 0.18132788 0.30481339
v 0.00588600 0.27967250 -0.37331951
v 0.02806150 0.30006951 -0.40162101
v -0.03433500 0.08039650 -0.32988301
v -0.01291100 0.29362500 0.39691001
v -0.00981550 0.22985350 0.27661300
v -0.14628799 -0.25004601 -0.33248001
v -0.00491800 -0.19013537 -0.32886088
v -0.06831050 0.27495599 0.28736451
v 0.17245781 0.31724614 0.17421956
v -0.03319300 -0.14555000 -0.33109000
v 0.00671275 0.29647875 -0.39784625
v -0.00543413 -0.17914499 -0.33011237
v -0.05188800 0.24894100 -0.37406799
v -0.03579175 0.04301025 -0.30275199
v -0.02245700 0.26236799 -0.37100700
v -0.03482944 -0.17698143 -0.32943133
v -0.00668412 0.08095262 -0.29970250
v 0.18368900 -0.28359801 -0.31550449
v 0.17348550 0.30610850 0.19017901
v 0.19485299 -0.31896099 -0.32155600
v -0.01096263 0.23421325 0.28691250
v 0.17210887 0.30803451 0.38866964
v 0.17273650 0.31676775 -0.27747625
v -0.06080753 0.26955527 -0.26817140
v 0.01917106 0.27832806 -0.26154780
v 0.17230199 0.31896099 0.36792400
v 0.00743950 0.20644499 0.34629750
v -0.02349150 -0.09471800 -0.29193449
v -0.03483600 0.18782499 0.29653299
v -0.00958900 0.29105499 0.39952499
v -0.03342025 0.19707625 0.29576474
v 0.00267488 0.23718600 0.27745074
v -0.04835875 0.25184599 0.26777926
v -0.16697951 -0.28808701 0.32015574
v -0.03532625 0.24238113 0.26020613
v -0.02686300 0.25379899 0.25749350
v -0.01098250 0.26086050 0.25468776
v -0.19532050 0.28294849 0.03808562
v 0.21110800 -0.28665999 0.29855099
v 0.11517600 -0.27865151 0.32403350
v -0.03285300 0.24071525 -0.35745925
v -0.16295800 -0.28928500 0.32829401
v -0.21135925 0.27767324 0.15490100
v -0.16897950 -0.24732250 0.33335650
v 0.14923701 -0.24900550 0.32189149
v -0.03260263 0.29289988 -0.39512289
v -0.10202333 0.27064183 0.28818119
v 0.00555775 0.21771713 0.27739975
v -0.02841713 0.21412650 0.30168575
v 0.10906813 -0.26455274 0.29560351
v -0.19497199 0.28330481 0.08892906
v -0.19200926 -0.25313300 -0.33497426
v 0.17519300 -0.30691788 -0.30476987
v 0.20677049 -0.28058100 -0.30748001
v 0.20254000 -0.29388699 -0.32502401
v -0.00623619 -0.04662525 -0.30055088
v -0.00560537 0.13358624 -0.32730100
v -0.22357801 0.26836601 -0.37757999
v -0.00693000 0.16245300 -0.32856700
v 0.02636125 0.27955812 -0.36179787
v -0.05177100 0.17557062 -0.32182586
v -0.04841950 0.18223350 -0.30683324
v -0.02722031 -0.15611282 -0.20701538
v 0.17443900 0.31394401 -0.27859601
v 0.00686325 0.25902775 -0.27398974
v -0.04407000 0.22964500 -0.26272601
v -0.22396238 0.26594824 -0.23951438
v -0.19527550 0.28020674 -0.15381050
v -0.21424837 0.28027493 -0.02853401
v 0.18229149 -0.30327600 0.31968701
v 0.19688937 -0.29520100 0.32510176
v -0.03323725 -0.10531700 0.29893774
v -0.03306256 -0.11458659 0.32672986
v -0.00335238 -0.09258700 0.32670200
v -0.04667000 0.20013601 -0.36711499
v -0.00667713 0.17871094 -0.29946673
v 0.01784550 0.22070450 0.27718300
v -0.05211981 0.27004057 0.26442736
v -0.01909250 0.25678849 0.29623449
v -0.01359250 0.23176201 0.32217675
v -0.05127800 0.19171500 -0.32887000
v -0.00312900 0.21266200 0.36038801
v -0.00207650 0.20391551 0.36198851
v 0.00553100 0.24037451 0.37193251
v 0.00684394 -0.27960706 -0.30073190
v 0.20872600 -0.25279099 0.32170600
v 0.16250594 0.31616443 -0.25316587
v 0.20922750 -0.31136650 -0.29826799
v -0.02599344 0.09425150 -0.33016726
v -0.17086150 -0.30479026 0.32349974
v -0.20754063 0.27611944 -0.16192037
v 0.01017800 0.28965801 -0.40360701
v -0.05935200 0.17065001 0.31916800
v 0.14484438 0.30278629 0.27241853
v 0.19290800 -0.27760226 0.32259551
v -0.00398563 0.27259013 0.25902024
v 0.19822600 -0.29852650 0.29492563
v -0.20227049 -0.30375674 0.31780326
v -0.03561300 -0.24808350 0.30321699
v -0.03333570 -0.00847448 0.31970155
v 0.00376375 0.23515263 0.26292124
v 0.01343900 0.24105024 0.27534649
v -0.03357913 -0.22444075 0.30030400
v 0.00794200 0.29642299 0.33290499
v -0.02928469 0.23863931 0.34748256
v 0.21218950 -0.28959101 0.31487751
v 0.16461000 -0.26025251 0.29084849
v 0.16803750 0.31829301 0.39234599
v -0.02638198 -0.17627251 -0.27208209
v -0.03546600 0.12850900 -0.32786900
v 0.01510900 0.23901600 0.36398199
v -0.22263575 0.25693414 -0.35149899
v -0.01408050 0.23110138 -0.32541713
v -0.03344200 0.14259300 -0.32985601
v 0.01753125 0.28716099 -0.39017901
v 0.17402475 0.31343251 -0.17823200
v -0.02430900 -0.21140400 0.29154301
v 0.01445874 0.29688787 0.03828663
v -0.22384600 0.25613999 0.13194001
v -0.22485299 0.26470301 0.15040000
v 0.02567900 0.28086299 0.25854301
v -0.01621337 -0.10357425 -0.18794425
v -0.00598247 0.18728894 -0.31081748
v 0.12968752 0.31254342 -0.31051353
v 0.20507300 -0.31039801 -0.31719899
v -0.02789400 -0.09471000 -0.23830400
v 0.20407900 -0.25113001 -0.32432199
v 0.20369700 -0.31624600 -0.29755899
v -0.18466200 -0.31421101 -0.30524299
v 0.20717837 -0.25103039 -0.30485514
v -0.00688200 -0.24830200 -0.33048001
v -0.17969701 0.26722100 -0.40095001
v -0.05265200 0.17955650 -0.33441350
v -0.05238800 0.17744400 -0.29201201
v -0.22251250 0.25650224 -0.31522074
v -0.18318300 -0.31730849 -0.33481199
v -0.01839450 0.24764106 -0.24248774
v 0.21043600 -0.30319276 0.30024150
v -0.00982750 0.29509100 0.29591551
v -0.02301350 0.21372850 0.29796726
v -0.05460125 0.15917376 0.30708951
v -0.20409450 0.25579476 0.00551750
v -0.01802612 0.23134312 0.23994374
v 0.10067362 -0.24981415 0.32524866
v -0.03352681 -0.14915262 0.29963824
v -0.03361756 -0.02123603 0.29869926
v -0.02773109 0.29149938 -0.05859642
v -0.17890801 -0.27684200 0.30565801
v 0.19797200 -0.30408326 -0.30984300
v -0.19579300 -0.31501251 -0.31006476
v -0.04960388 -0.25042987 -0.30286187
v -0.00952200 0.23692100 -0.38400999
v 0.16381250 0.30765799 -0.39925799
v -0.01952000 0.23026501 -0.37427199
v -0.03542113 0.15562551 -0.32819012
v -0.05131750 0.15797800 -0.32135651
v 0.00515550 -0.24871600 0.30545500
v -0.02961950 0.23537549 -0.24417800
v -0.02021400 0.23237149 -0.24308249
v -0.20888725 0.28032249 -0.15392688
v -0.03417388 0.03161775 -0.30066612
v -0.19653606 0.28364414 -0.11477381
v -0.03590375 -0.07849200 -0.30294526
v 0.19107157 -0.25076339 -0.31105095
v -0.05472271 0.27606511 0.17312156
v -0.22342899 0.26734400 -0.38419101
v 0.03994825 0.30131575 0.33877149
v -0.21731487 0.26615900 0.39461449
v -0.03400400 0.12802801 0.29921225
v 0.18665250 -0.29506275 -0.29799750
v -0.16029200 -0.29462150 0.32703751
v -0.17903325 -0.28942701 0.33914426
v -0.01941625 -0.21712875 -0.26990351
v -0.01586250 -0.21543349 -0.26947501
v -0.01383725 -0.20819224 -0.26103550
v -0.02326325 -0.21351574 -0.18691824
v -0.22382900 0.26338300 0.33190101
v -0.21456499 0.25996199 -0.39842099
v -0.21247000 0.26701400 -0.39915901
v -0.00817675 0.24784638 -0.29923674
v -0.00722050 0.24304700 -0.31212100
v -0.05053250 0.18378450 -0.33391899
v -0.01921000 0.03974200 0.29699501
v 0.03053400 0.28011501 0.26431599
v 0.02304150 0.27935699 0.26227424
v 0.03482500 0.28252199 0.26364699
v 0.03520000 0.28411299 0.27122200
v -0.00609450 0.05723050 -0.30161750
v -0.01902150 -0.09364650 0.06200000
v -0.00561200 0.24491499 0.30927899
v -0.00388750 0.04749450 0.29829401
v 0.16687626 0.31178936 -0.39594376
v 0.16846851 0.31712601 -0.39103651
v 0.17446782 0.30986151 -0.06119912
v -0.22124401 0.25969499 0.38933799
v -0.21765825 0.25763407 0.39347658
v -0.21623001 0.26989049 0.38939500
v -0.03296600 0.01681100 0.32574576
v -0.02379300 0.25425100 0.37869999
v 0.17395231 0.31569549 0.17214468
v -0.22230500 0.25850618 -0.32462320
v -0.01925200 0.29077801 0.35484299
v -0.22399800 0.26390699 -0.32942900
v -0.22294238 0.25880587 -0.24620762
v -0.22421201 0.26446801 0.17111801
v -0.22376250 0.26578900 0.17206250
v -0.22385162 0.26431763 -0.05306525
v -0.22307426 0.25568825 -0.05091625
v -0.21394175 0.27947551 -0.05638000
v -0.21399044 0.28031287 0.03354494
v -0.19533594 0.28118733 0.00195050
v 0.13713901 0.31258300 -0.15956350
v -0.00850631 0.23540144 -0.30831107
v -0.01202350 0.23163113 -0.30332339
v -0.01341200 0.29087299 0.38751799
v -0.01978144 0.22025481 -0.30164558
v -0.03331050 0.17278075 0.32506701
v -0.00728338 0.24371950 -0.28735238
v -0.00998050 0.23518975 -0.29419658
v -0.03135300 0.24897926 -0.27776349
v -0.03054700 0.23582900 -0.27777600
v -0.00303500 0.24063700 -0.27648801
v -0.04014413 0.21964413 -0.26351425
v 0.02043250 0.28090975 -0.27821451
v -0.01919500 0.22622500 0.26882049
v -0.07883050 0.27361649 -0.27927449
v -0.07049412 0.26788980 -0.26122618
v -0.00905025 0.23554200 -0.25124550
v -0.00871412 0.23971787 -0.24306899
v -0.00206550 0.21680699 0.27487549
v 0.16507025 -0.28099924 -0.30728325
v -0.00338638 0.05491263 0.32427624
v -0.00335450 0.00344800 0.32451549
v -0.00671525 0.25445300 0.34673926
v -0.03398100 0.07444050 0.29843375
v -0.01780900 0.28221849 -0.34260350
v -0.00368963 -0.03833875 0.32667363
v -0.03198390 0.23887241 -0.31608951
v -0.00316288 -0.06487150 0.32537311
v -0.20478900 0.25629601 -0.13723700
v -0.22466549 0.26460749 0.20869701
v -0.21399400 0.27728251 -0.15434350
v -0.02704975 -0.18111563 0.03155962
v -0.02624275 -0.20790949 0.07900050
v 0.17487125 0.31114325 0.35672626
v -0.19362050 0.27968800 0.15342250
v -0.02896400 -0.17742625 0.29905376
v -0.21364634 0.28003776 0.08455963
v -0.03389706 -0.15943618 0.30082780
v -0.19180438 0.25783992 0.09177043
v -0.00801287 0.23814926 -0.31983605
v -0.18052800 -0.31398699 0.31452000
v -0.05417950 0.16889450 -0.29576051
v -0.00893200 0.25156000 0.28752050
v 0.20728876 -0.30939600 0.32530126
v -0.01205100 0.20777200 0.29512349
v -0.00721000 0.24009851 -0.25926849
v -0.21033400 0.28178799 0.14593200
v -0.17769100 -0.30501699 0.34195501
v -0.00275600 0.29653600 -0.37764251
v -0.00432381 0.11787906 0.29754844
v 0.17061771 0.30593911 0.23725963
v -0.00887350 0.27763295 0.25951356
v -0.00992800 0.22539400 0.30085599
v -0.05450719 0.16105725 0.31109226
v -0.04639000 0.17388000 0.30940801
v -0.01983313 0.22487625 0.29777801
v -0.18127400 -0.24769950 0.30549476
v -0.03385150 -0.24507962 0.30353376
v -0.03417700 0.17269100 0.32032201
v -0.04474188 0.22117287 -0.27047700
v -0.00694925 0.24948625 0.30300274
v -0.02847800 0.22173075 0.31627199
v -0.00616850 0.23887774 0.31350750
v -0.02764688 0.23632793 0.32986549
v -0.00678175 0.20880875 -0.31459624
v 0.00833875 0.24467750 0.37024051
v -0.21373326 0.25718299 0.39464751
v -0.21867000 0.25553501 -0.24619000
v -0.03529750 -0.24830000 -0.32961351
v -0.00501013 -0.23804706 -0.32017869
v -0.17972700 -0.29714701 -0.30319300
v -0.22470300 0.26283500 -0.01949200
v -0.03587000 -0.12657499 -0.30338600
v -0.02027175 -0.09406075 -0.20888200
v -0.00705400 0.00537550 -0.30005050
v -0.03204538 0.24521925 -0.33574176
v -0.04122775 0.26651350 -0.37267774
v -0.01428425 0.27321506 -0.37296882
v -0.06129550 0.15984425 -0.32303300
v -0.02512350 0.23240663 -0.34951663
v -0.03075400 0.24967600 -0.35046199
v -0.03554263 0.20503300 -0.32741949
v -0.06345187 0.17839588 -0.31702837
v -0.03685181 0.17235850 -0.30474874
v -0.00961125 0.23198125 -0.32047749
v -0.03240825 0.21969201 -0.31503424
v -0.00754537 0.24611825 -0.33981138
v -0.03129487 0.22561319 -0.30742013
v -0.03063950 0.24932157 -0.31484878
v -0.03227050 0.24399650 -0.30057287
v -0.01635150 0.21729600 -0.32584274
v -0.00465200 0.23529100 -0.27679449
v -0.02606850 -0.09347850 -0.15034200
v -0.00717000 0.24289951 -0.24507950
v -0.19539700 0.28274325 -0.12339500
v -0.01214588 0.21995212 -0.32286814
v -0.09555759 -0.26367119 0.33227310
v -0.20660426 0.25589687 -0.04296587
v -0.02778350 0.22406250 0.30290139
v -0.20055412 0.25649214 -0.00991175
v -0.00529162 -0.12980825 0.32781625
v 0.17289200 0.31409049 -0.26884300
v -0.03617737 0.10517562 -0.30204099
v 0.20465025 -0.30634001 0.32629099
v 0.18678676 -0.29354799 0.32215476
v -0.16952750 -0.31065899 0.32736850
v -0.04997550 0.23088950 -0.26669800
v -0.17824188 -0.31494999 0.33648488
v 0.17944700 -0.29404801 -0.29886699
v -0.18300450 -0.31360424 0.33585075
v 0.04961450 -0.25076449 0.32721099
v 0.01729300 0.28669199 -0.35411200
v -0.00338348 -0.12411129 0.31426242
v -0.01099650 0.22018582 -0.30638918
v -0.00869600 0.24654850 0.23901050
v -0.05804125 0.20300975 0.31929600
v -0.01541837 0.25310326 0.23962325
v -0.03741675 0.19189137 -0.30639580
v -0.01045725 0.22925051 0.26117849
v 0.00997669 0.22637606 0.27271494
v -0.03720400 0.26793900 0.25938001
v -0.03473169 0.17457438 0.29879439
v -0.01433862 -0.20730987 -0.19843100
v -0.00688100 0.23362476 0.30535626
v -0.00720125 0.21948725 0.30550975
v -0.01240387 0.23393725 -0.34916437
v -0.03019813 0.24719176 0.30340487
v -0.02892575 0.23422025 0.31739351
v -0.02092412 0.22121374 0.32207024
v 0.12869500 0.31203601 -0.40048599
v -0.03565862 0.22691400 -0.36585775
v 0.00042662 0.20366512 0.35253450
v -0.05704931 0.27076250 -0.36191395
v -0.03564069 0.00347819 -0.30145231
v -0.17088351 -0.28461051 -0.31935349
v -0.03497125 0.04143625 -0.32907426
v -0.00042400 0.28625399 -0.40215299
v -0.19397549 -0.27827424 -0.31063026
v -0.17258599 -0.29330400 -0.30701399
v -0.03476550 -0.23597226 -0.32771501
v -0.18144549 -0.30674100 -0.30312651
v 0.01158650 0.22371300 0.36477900
v -0.03491912 -0.09362125 -0.32908550
v -0.02666750 -0.09441650 -0.26430601
v -0.04379600 0.22444075 -0.36870337
v -0.01476900 0.25707901 -0.37251601
v -0.03009962 0.23540525 -0.35590762
v -0.03061800 -0.21857899 -0.33084649
v -0.02144462 0.21861488 -0.32680938
v -0.03232225 0.21265075 -0.31824699
v -0.02691288 0.22095412 -0.30371886
v 0.16238800 -0.27947000 -0.32469651
v 0.01182100 0.29597750 0.35167149
v -0.04049900 0.22297899 -0.27393800
v 0.00679800 0.22487099 0.36751625
v -0.03672050 0.26249525 -0.27640450
v 0.03543400 0.28074801 -0.27154401
v 0.17289224 0.31662089 -0.25111151
v -0.01658700 -0.09519500 -0.13613400
v -0.19858100 0.28381601 -0.13853499
v -0.02988756 0.22326769 0.31003389
v -0.03179100 0.23269850 0.27110150
v 0.02367900 0.21070001 0.26759499
v 0.00400875 -0.27835351 0.32766500
v 0.19038600 -0.28003049 -0.32520524
v -0.19070876 -0.30539900 0.31068301
v -0.18446200 -0.31223363 0.31134388
v 0.00273150 -0.24957350 0.29903799
v -0.16851126 -0.30910051 0.33548999
v -0.17064025 -0.29994601 0.33770025
v -0.19434474 0.28009474 0.15421151
v -0.00400925 -0.05320425 0.29961824
v -0.19160034 0.25784153 0.15103455
v -0.06088350 0.20115975 0.31370276
v -0.01006700 0.23524913 0.33529401
v -0.00624600 0.24877900 0.33355400
v 0.17281950 0.31771874 0.37712675
v 0.18233076 -0.28705412 -0.31034511
v -0.19170649 -0.24959150 -0.33202550
v -0.19811299 -0.31183499 -0.30802500
v -0.19180100 -0.30500850 -0.30490226
v 0.01668837 0.28608710 -0.29703367
v -0.02893400 -0.10223650 -0.29977801
v 0.02665200 0.29595801 -0.40209100
v -0.03409100 0.21265300 -0.37612799
v -0.01537200 0.25542799 -0.38323149
v -0.04512838 0.22106124 -0.36502662
v -0.00962700 0.23047300 -0.36073601
v -0.01355250 0.22420412 0.32137376
v -0.07418400 0.26508349 -0.36464524
v -0.05728350 0.18573000 -0.33604524
v -0.00770900 0.23935600 -0.35122299
v -0.03526425 0.08001000 -0.32821599
v -0.02802031 0.22449949 -0.32343957
v -0.20919450 0.25523075 -0.00158362
v -0.01317675 0.21052200 -0.30220976
v -0.19564550 0.28292349 -0.06682250
v -0.00350750 0.19819599 0.32257500
v 0.00863606 0.29740337 0.31344786
v -0.03890150 0.22336601 -0.37008351
v 0.16865800 -0.27915600 -0.32580051
v -0.06080200 0.16394299 0.30662301
v -0.02918700 0.23393799 0.30383599
v -0.17581651 -0.29114851 0.34011599
v 0.17059401 0.30772400 -0.39203301
v -0.08011067 0.27318975 0.25475639
v -0.00899275 0.20706899 0.26720774
v 0.01409750 0.23928800 0.26778051
v -0.01002000 0.23487350 -0.32499000
v -0.00688950 0.22706801 0.31070849
v -0.00809669 0.22464225 0.31692725
v -0.03131800 0.24356399 0.31076500
v -0.00480875 0.20712724 0.35325500
v 0.00177650 0.20276301 0.36345050
v -0.05433900 0.26803651 -0.36173549
v -0.00341150 0.24708951 -0.37310851
v 0.18700226 -0.30860975 -0.31437013
v -0.00981225 0.10021750 -0.32931450
v 0.01421300 0.29086301 -0.40229699
v 0.19965625 -0.29455599 -0.29734251
v -0.19676800 -0.29372799 -0.30677801
v -0.03547603 -0.17769331 -0.31536725
v -0.04706200 0.20134050 -0.37395951
v -0.02967200 0.23745900 -0.38382399
v -0.02852100 0.25560001 -0.37665650
v -0.00628075 0.24325325 0.33470076
v -0.02912275 0.23579350 -0.33904174
v 0.18266401 -0.28402951 -0.30679449
v 0.17102700 0.31759000 0.38717401
v -0.02840600 0.25119224 0.34231576
v -0.06146475 0.19017351 0.31361875
v -0.05035950 0.16153550 0.30178350
v -0.22270000 0.25625801 0.22103900
v -0.20055525 -0.30394375 -0.30787525
v -0.05516485 0.27613476 -0.16808470
v -0.02812262 0.23359725 0.27893737
v -0.02817256 -0.12108644 -0.03146562
v -0.04841150 0.19615149 0.31994224
v -0.01929250 0.23140550 0.32854024
v -0.22552000 0.26330501 0.14101499
v 0.16850325 0.30498475 -0.28090724
v -0.19380926 -0.28320476 0.31502175
v 0.00569100 0.21580400 0.37002599
v -0.21315150 0.25502750 0.13435100
v -0.04869500 0.20975238 -0.37958750
v -0.01574900 0.23224699 -0.38412499
v -0.22158600 0.25769901 -0.38853401
v 0.01796500 0.29679099 -0.40127701
v -0.03763063 0.22417487 -0.36152887
v -0.03718250 0.19486737 -0.31637651
v -0.02527725 0.23201124 -0.33111876
v -0.01465181 0.23195601 -0.29118437
v -0.02758919 -0.13396472 0.08770406
v -0.00541406 -0.14904457 -0.31245571
v 0.05252101 0.29068702 -0.31030896
v -0.03744700 -0.24965200 -0.32543001
v -0.02221925 0.23068300 -0.28830451
v 0.17513099 0.30874801 0.26057351
v -0.00840969 0.22065781 -0.31340244
v -0.03064363 0.24369276 0.33880863
v 0.20145075 -0.31333575 -0.29673225
v -0.02161100 0.25895900 -0.37554401
v 0.16758400 0.30592999 -0.39581999
v -0.01472300 0.23261926 -0.33717024
v 0.00640287 -0.26017186 -0.30050001
v -0.05982625 0.17047800 -0.29342249
v -0.19660300 -0.31261000 -0.31527025
v -0.11212900 0.27011099 0.39508399
v -0.02032300 0.23146351 0.35006300
v -0.01528100 0.21288951 0.29670924
v -0.00501350 -0.24322450 -0.32905826
v -0.17267537 -0.31382537 0.33112651
v -0.00035600 0.20935850 0.25932950
v -0.01446050 0.22392149 0.29804549
v -0.18193550 -0.31072950 0.30990249
v -0.03551913 0.22062887 -0.26611245
v -0.05645962 0.27018699 -0.26821151
v 0.03952188 0.28859451 -0.25809374
v -0.17763631 0.25963944 -0.00356687
v -0.19535175 -0.31141925 0.31983849
v 0.20802701 -0.28498200 0.32170501
v 0.00673700 0.27875799 -0.36420974
v 0.08509522 0.29384133 -0.01748810
v 0.12955381 -0.26631105 0.32461753
v -0.17395756 0.26047543 -0.13627025
v -0.02564275 0.24170350 0.23906074
v -0.20342125 0.25658500 -0.12458650
v -0.21530101 0.27004099 0.38549900
v -0.01178000 0.23663899 0.23892701
v -0.00342450 -0.20972475 0.30870399
v -0.01466706 -0.10325857 0.27055407
v 0.19469675 -0.30072549 -0.29638475
v -0.19024999 -0.29690000 0.31040901
v -0.15484087 -0.27095711 0.30461824
v -0.00528000 0.23519200 -0.36302251
v -0.01465450 0.22836749 -0.36452475
v -0.01370275 -0.15913750 0.29464024
v -0.03437275 0.16631299 0.30667326
v -0.04100250 0.20747350 -0.38382700
v 0.01682900 0.28630501 0.25102001
v -0.00716950 0.24765150 0.28564000
v 0.18548800 -0.30332199 -0.29699999
v 0.16652900 -0.27880701 -0.32195100
f 106 92 261
f 21 38 34
f 142 1284 540
f 84 1727 932
f 1414 1456 58
f 1609 2033 733
f 924 1432 216
f 1762 216 2523
f 73 74 93
f 1790 1375 1374
f 84 1940 150
f 2102 95 97
f 103 2525 101
f 2007 57 33
f 466 94 102
f 53 2519 2484
f 1393 592 2064
f 120 2490 822
f 122 1402 135
f 125 834 143
f 153 154 163
f 849 977 162
f 182 978 2391
f 174 176 1488
f 30 187 27
f 30 16 17
f 1309 1840 176
f 16 887 17
f 98 2220 2571
f 887 127 2059
f 2365 208 1288
f 956 211 212
f 215 2388 217
f 219 215 217
f 598 65 1360
f 220 152 221
f 302 187 26
f 1465 999 2224
f 227 203 237
f 1837 2013 250
f 861 234 860
f 243 247 246
f 142 2225 230
f 254 66 244
f 260 1475 259
f 297 1127 329
f 265 257 264
f 127 887 123
f 286 283 1533
f 291 288 287
f 295 2315 293
f 1859 1505 305
f 1538 1861 2457
f 315 2318 936
f 258 418 797
f 2027 718 1311
f 352 349 354
f 1577 2180 364
f 1364 156 1387
f 1276 367 793
f 1276 2194 367
f 1649 258 670
f 1649 670 2197
f 302 278 187
f 383 1943 825
f 383 1301 1302
f 1875 1094 1099
f 1153 459 2304
f 1113 1864 1110
f 2107 1902 1387
f 2538 774 409
f 773 1286 772
f 1286 409 772
f 465 293 2315
f 2437 2181 53
f 1981 1979 764
f 2181 2519 53
f 438 762 437
f 422 1681 410
f 443 1611 444
f 1275 457 1605
f 451 2231 458
f 473 1278 1716
f 2118 2120 2012
f 858 1778 136
f 694 2462 2124
f 692 1628 1630
f 1963 689 2024
f 241 687 2144
f 1118 1706 2350
f 531 2126 1635
f 532 2040 1258
f 2186 534 536
f 2002 618 1315
f 1123 2417 551
f 2195 558 832
f 575 549 567
f 783 1992 1760
f 1212 624 1272
f 1429 1762 925
f 2453 605 446
f 652 648 693
f 626 2471 1676
f 2098 613 1579
f 1684 642 1181
f 1405 1885 1886
f 402 665 1565
f 2280 673 577
f 474 1193 465
f 1886 1917 2028
f 603 604 503
f 2024 689 688
f 688 1106 2024
f 1628 692 694
f 530 698 1063
f 1074 2126 707
f 767 507 1233
f 720 722 719
f 1271 1974 723
f 737 952 1975
f 737 438 952
f 1610 738 739
f 377 2039 1791
f 460 434 722
f 768 764 445
f 445 919 766
f 774 1961 407
f 1961 774 2538
f 1737 1294 1954
f 1737 1954 1953
f 2175 1329 1654
f 1665 809 612
f 599 1704 1173
f 2116 1932 1750
f 2097 2136 434
f 1161 837 331
f 793 815 794
f 803 1992 788
f 357 1307 1994
f 1757 357 1994
f 355 805 1576
f 813 1576 672
f 1723 1724 801
f 343 326 1323
f 335 1763 1423
f 579 1357 821
f 569 1372 2344
f 469 2568 479
f 1336 508 842
f 418 258 1649
f 856 857 859
f 337 860 234
f 221 1347 228
f 1425 651 2050
f 220 228 866
f 869 1159 868
f 2562 2486 323
f 1149 1155 1154
f 2500 1718 100
f 876 1155 1149
f 145 248 863
f 1382 886 181
f 1331 1125 76
f 1690 2107 2478
f 2015 2257 2014
f 2015 2030 2257
f 1396 897 8
f 523 524 865
f 262 1284 1887
f 1402 122 908
f 2545 2523 324
f 1428 192 1814
f 2091 2100 41
f 94 935 1135
f 62 116 2146
f 107 948 941
f 480 2103 2250
f 117 947 946
f 946 948 945
f 1824 950 1829
f 953 2149 950
f 840 834 835
f 1651 1470 961
f 964 138 961
f 853 1469 179
f 1483 182 186
f 1182 1655 1313
f 1370 949 1828
f 859 322 2018
f 839 1825 754
f 1513 178 996
f 839 754 2505
f 1567 247 1262
f 242 246 247
f 290 1530 1217
f 305 1505 1892
f 943 2488 727
f 1058 1895 1863
f 1965 1815 151
f 1066 389 1111
f 324 1715 1996
f 1208 1112 398
f 1066 394 389
f 718 357 1999
f 390 1088 1100
f 2448 1145 1772
f 1436 448 432
f 429 1161 106
f 1149 1148 1152
f 2073 2045 1156
f 545 2073 1354
f 1464 1363 2051
f 1931 2140 1629
f 2239 1787 188
f 591 564 579
f 188 1787 1817
f 2581 591 1442
f 1175 586 591
f 609 1186 2129
f 1281 1200 703
f 2465 170 864
f 413 250 7
f 703 770 1209
f 1202 462 1201
f 1994 1301 1757
f 680 1941 2052
f 680 1672 1941
f 317 2226 1863
f 1342 572 626
f 1748 2171 791
f 1056 1052 1055
f 368 365 1095
f 368 1102 365
f 805 1228 1096
f 1095 1096 1228
f 806 1096 1229
f 1039 1859 1040
f 1410 1153 600
f 299 1505 1859
f 1745 1591 2266
f 964 961 1838
f 961 1470 1838
f 1236 621 1650
f 605 2453 1410
f 1024 2313 1853
f 1522 1015 1252
f 1710 2032 1258
f 1261 1007 1262
f 468 1011 993
f 720 1010 492
f 510 2422 2012
f 842 2286 2015
f 477 1265 721
f 1613 1439 2106
f 996 1001 232
f 1275 1975 457
f 2000 757 445
f 1277 1732 1717
f 2229 748 2138
f 2138 748 426
f 766 1725 445
f 1839 476 848
f 2538 401 1961
f 1506 2342 990
f 212 982 954
f 1583 1587 362
f 191 176 1490
f 2171 792 791
f 366 808 1752
f 803 1310 1992
f 2367 988 277
f 2056 1312 1310
f 1321 1320 330
f 1890 580 588
f 1740 1986 1741
f 846 1062 412
f 1615 1298 19
f 285 255 254
f 2059 127 337
f 24 144 285
f 236 2214 1777
f 1676 1435 626
f 1435 1342 626
f 681 226 1525
f 104 1700 110
f 27 187 1366
f 1374 1784 2142
f 913 905 2168
f 951 1380 812
f 206 1383 877
f 47 1366 1388
f 1817 2218 188
f 1333 1150 1335
f 1396 8 2439
f 14 2556 1142
f 1603 769 1916
f 1398 2102 1779
f 2174 135 7
f 97 1957 1826
f 97 95 1957
f 1069 39 38
f 1923 1486 390
f 745 1722 434
f 1739 1428 378
f 1428 1739 75
f 931 1716 441
f 924 214 1432
f 925 2545 71
f 71 2545 252
f 1279 738 438
f 1797 1794 908
f 2241 1942 1434
f 2089 2044 2355
f 937 933 214
f 2243 1998 1443
f 1444 1443 100
f 1397 2547 455
f 1700 104 105
f 1384 126 1380
f 2090 1370 1824
f 107 1453 109
f 1502 945 948
f 918 917 1412
f 139 141 146
f 147 139 146
f 1540 314 1542
f 1300 1578 2010
f 853 1468 1469
f 1838 1472 155
f 1862 1463 314
f 179 1651 1841
f 1651 179 1470
f 1494 2147 829
f 2412 1472 862
f 2170 175 172
f 67 1903 1745
f 1358 1787 233
f 987 1493 387
f 2021 883 189
f 872 2567 1785
f 2551 1492 1495
f 12 904 134
f 198 1297 201
f 1841 996 178
f 850 142 509
f 1303 956 981
f 2450 1295 217
f 1497 957 1070
f 2067 202 209
f 209 982 981
f 12 135 2174
f 2295 640 641
f 1400 134 904
f 1503 213 2566
f 1288 208 2496
f 1411 910 98
f 168 166 167
f 1400 1795 134
f 22 2479 907
f 1444 100 1718
f 714 1048 1041
f 248 145 878
f 98 878 1783
f 1813 2141 1528
f 965 481 733
f 1525 1817 1358
f 233 1787 1385
f 1373 1818 1361
f 1525 1358 681
f 1030 290 1029
f 290 1526 1029
f 1532 633 276
f 312 23 1501
f 2009 312 1045
f 1839 848 1667
f 488 686 515
f 2114 1227 1051
f 936 2248 1543
f 855 1743 210
f 2291 1153 1410
f 1201 261 1669
f 1558 463 273
f 1964 1967 688
f 493 281 482
f 845 145 190
f 333 1082 2458
f 1078 1044 342
f 695 709 1644
f 1999 358 760
f 1096 806 805
f 2514 2172 830
f 825 1757 1301
f 1635 2417 1123
f 791 825 1943
f 1141 328 1520
f 410 381 384
f 1022 903 835
f 422 410 1117
f 748 2229 634
f 738 1279 739
f 749 461 1606
f 741 1612 1611
f 1612 2421 1041
f 1707 2137 2166
f 2271 1948 154
f 528 1431 490
f 1046 2153 2402
f 692 1630 529
f 207 1579 938
f 2140 1133 1629
f 1635 532 562
f 1172 279 2154
f 1568 2008 833
f 1371 1640 1749
f 832 561 564
f 2326 1696 1240
f 1173 2468 1590
f 45 896 892
f 621 620 666
f 790 2542 801
f 782 607 601
f 1566 2296 2297
f 787 2070 1199
f 1704 1673 2062
f 2233 1666 1267
f 1574 2533 686
f 664 2161 2023
f 704 635 684
f 613 2098 2289
f 1677 1214 675
f 644 677 1211
f 2161 2235 2023
f 685 635 637
f 1507 1532 320
f 531 2125 707
f 1326 1705 777
f 1705 2046 777
f 1708 1709 1912
f 1927 1178 2184
f 1611 1048 714
f 1610 484 1041
f 2094 1263 1000
f 575 567 1661
f 729 2191 728
f 1712 740 1607
f 473 1716 931
f 1280 1721 759
f 683 645 775
f 1480 439 742
f 445 757 768
f 920 1283 919
f 419 414 1627
f 2404 2344 576
f 406 1290 415
f 1290 900 415
f 2168 905 784
f 397 2168 784
f 880 1081 1986
f 1365 1381 1743
f 1391 876 1395
f 1581 1930 1754
f 1395 876 1399
f 547 1403 1755
f 1403 547 1408
f 369 1102 368
f 369 814 1102
f 760 1301 1994
f 60 280 479
f 756 1324 674
f 629 2200 1572
f 629 810 2200
f 921 1163 522
f 629 2173 718
f 1649 2115 418
f 1069 884 2479
f 1770 268 270
f 2216 863 2253
f 726 1679 1480
f 1038 554 258
f 230 1343 142
f 1547 1284 142
f 142 1343 1547
f 1837 86 224
f 1782 1350 858
f 514 894 1419
f 119 2011 86
f 337 234 26
f 1350 1782 1781
f 1780 1387 156
f 1744 1778 1781
f 145 863 870
f 88 1744 1781
f 1678 1525 1379
f 1168 795 1951
f 892 47 1388
f 148 168 1508
f 1618 1793 1900
f 60 922 69
f 69 274 60
f 5 908 148
f 1794 1797 2438
f 1729 1726 597
f 4 1798 2219
f 1076 1195 916
f 1412 58 918
f 918 1456 1455
f 579 564 1734
f 1804 1421 63
f 571 1167 2159
f 354 349 1362
f 511 20 245
f 245 1 511
f 2430 84 932
f 1738 1369 1170
f 1640 1371 1171
f 102 2446 466
f 100 940 2431
f 1448 99 108
f 394 1767 389
f 155 1472 1478
f 1755 546 547
f 1368 940 100
f 1483 186 1484
f 427 1498 1092
f 106 261 1201
f 1374 181 886
f 841 1925 1399
f 1924 1407 1391
f 1395 1924 1391
f 178 1513 853
f 982 990 204
f 1395 1399 1925
f 1925 1166 1395
f 1753 1401 1920
f 215 219 1921
f 1347 221 854
f 518 997 200
f 1494 998 240
f 1557 1003 1551
f 253 1517 249
f 1012 1548 263
f 935 1959 1998
f 1013 264 232
f 1261 247 243
f 242 2078 246
f 1533 1852 1012
f 1018 2154 1529
f 1029 1206 1030
f 1238 1242 288
f 1159 1751 539
f 868 1159 539
f 598 1360 1537
f 308 303 1235
f 309 1538 303
f 1417 115 345
f 1860 1225 1501
f 224 2011 690
f 2202 1796 2564
f 508 1336 35
f 356 321 332
f 2228 331 2499
f 802 833 51
f 513 537 1424
f 1485 1082 1128
f 1086 1099 361
f 512 491 1144
f 2256 1335 259
f 2329 373 1451
f 1876 1867 2460
f 346 1086 361
f 395 390 1100
f 35 844 92
f 1882 351 2109
f 500 427 1137
f 432 1884 403
f 427 1092 1137
f 2497 1071 2127
f 2127 1071 442
f 1478 2325 1022
f 1901 909 339
f 1540 311 310
f 131 144 24
f 2315 295 1034
f 295 1031 1034
f 1856 2034 1239
f 1339 2093 1669
f 287 279 1172
f 2153 1023 227
f 1250 1001 2309
f 1001 1250 1013
f 923 1905 911
f 1906 923 911
f 914 1910 1905
f 1905 1907 911
f 1905 1908 1907
f 1905 1906 1908
f 1906 911 1908
f 1881 1071 2031
f 1906 1905 1911
f 1909 1911 1908
f 1017 1070 1518
f 1910 914 1913
f 1913 1160 1906
f 541 1749 2227
f 1918 2028 1913
f 1886 2028 1918
f 1917 1160 1918
f 1092 1498 1878
f 1160 1886 1641
f 2107 1690 2603
f 2028 1160 1913
f 1407 869 1391
f 1162 1641 1886
f 344 2173 2366
f 1405 1404 1641
f 2173 344 718
f 1372 1164 1640
f 1920 1401 553
f 2580 831 1922
f 391 1108 1438
f 607 597 1726
f 1496 201 1297
f 386 1136 371
f 1281 1282 755
f 1186 1194 1668
f 1186 1668 2464
f 175 198 172
f 1281 1938 1282
f 1214 715 1241
f 1938 1281 702
f 704 705 725
f 1938 702 1936
f 1483 2004 1632
f 9 1689 930
f 1672 635 704
f 835 155 1478
f 1672 704 631
f 835 159 1836
f 966 163 154
f 1356 2144 278
f 651 636 603
f 946 118 117
f 1122 2463 1912
f 1236 1650 1234
f 1763 335 922
f 23 633 1501
f 611 1556 781
f 101 1406 95
f 1248 1648 1960
f 1959 935 90
f 551 2054 531
f 1635 2040 532
f 603 503 2351
f 688 1967 1106
f 1727 84 150
f 932 1965 2430
f 2091 41 150
f 1039 1507 23
f 1507 1039 1532
f 1039 633 1532
f 1971 2185 1074
f 1854 288 1232
f 2137 1622 2166
f 924 216 1762
f 1720 1606 1728
f 1767 64 1422
f 439 2276 742
f 2167 2055 751
f 752 753 746
f 1523 1193 1028
f 1737 1293 882
f 1527 1217 2155
f 1487 31 96
f 910 1411 1482
f 1582 700 397
f 802 1980 988
f 802 1742 1980
f 306 240 998
f 854 221 1535
f 815 375 1158
f 1400 904 1075
f 1252 1015 1253
f 1307 760 1994
f 1305 357 1757
f 2172 1759 2171
f 357 358 1999
f 1007 1261 1539
f 1251 1539 1261
f 1765 589 1180
f 1672 631 1941
f 1001 1013 232
f 57 2217 2561
f 1597 406 415
f 1788 1784 2003
f 1786 44 81
f 1416 1763 922
f 2392 1552 1557
f 1008 1420 1416
f 325 326 343
f 349 352 1990
f 1365 2238 1381
f 320 1039 2009
f 352 353 1990
f 1262 1007 1561
f 1005 1567 1563
f 86 2011 224
f 2020 2014 493
f 322 1535 2018
f 1558 449 463
f 981 212 954
f 981 956 212
f 2539 1569 2169
f 285 1866 24
f 254 1147 285
f 991 211 1503
f 131 24 1866
f 1288 1050 2165
f 180 1325 172
f 1715 1995 1996
f 1162 1405 1641
f 1790 32 171
f 2261 1224 1213
f 2290 2224 998
f 730 2121 1020
f 1853 2313 1235
f 287 1523 1028
f 2316 1047 1516
f 73 1940 84
f 2040 1635 2126
f 2040 1074 1710
f 2249 2180 1577
f 211 982 212
f 655 2163 1240
f 913 2168 1732
f 905 913 1728
f 1436 995 448
f 37 622 706
f 1643 1671 2347
f 1753 1403 536
f 869 868 1155
f 1399 2045 1403
f 990 2342 204
f 1925 1357 578
f 1340 1933 1934
f 1731 595 2048
f 1272 624 1668
f 81 123 887
f 1590 2468 2051
f 81 1777 123
f 1075 1080 848
f 864 4 1534
f 2037 1107 527
f 1598 2041 1618
f 439 761 2276
f 423 747 753
f 1291 1597 407
f 816 674 1644
f 709 816 1644
f 596 608 1637
f 1637 1079 596
f 627 1272 1194
f 1524 57 2006
f 52 88 872
f 1743 1381 891
f 885 2142 194
f 8 897 1678
f 1487 96 428
f 1612 1041 1048
f 160 822 1647
f 975 174 177
f 978 2074 2449
f 1502 11 1812
f 685 1213 715
f 1532 299 320
f 1894 269 1042
f 1852 1548 1012
f 1412 917 2057
f 1637 608 1008
f 909 340 339
f 1034 1047 314
f 1536 580 1420
f 1033 1895 1226
f 579 578 1357
f 2035 1206 1029
f 2313 1025 1897
f 2078 242 1251
f 2209 646 781
f 249 1517 1548
f 1214 1241 675
f 1063 2085 530
f 1308 177 1604
f 498 719 499
f 2215 1880 1624
f 840 130 143
f 1752 808 1229
f 608 596 1644
f 538 1362 25
f 281 2014 2367
f 2242 2563 1815
f 1254 2454 2360
f 1503 211 1844
f 241 1348 1855
f 511 11 20
f 76 1125 1141
f 68 99 1448
f 194 2409 195
f 167 1396 168
f 1984 985 46
f 1484 2060 1471
f 50 915 1126
f 172 154 2170
f 2281 2242 1730
f 840 1836 2433
f 1794 148 908
f 1454 1386 113
f 886 185 184
f 136 1744 88
f 883 1303 981
f 180 201 1496
f 2566 991 1503
f 549 575 1896
f 1080 845 256
f 834 1328 835
f 253 1002 1526
f 842 2015 2020
f 1468 853 1461
f 482 1769 493
f 1031 292 1237
f 1943 1748 791
f 1571 479 2568
f 372 1932 1302
f 379 2205 1485
f 383 2116 1299
f 1590 847 563
f 1974 529 2094
f 1291 1290 406
f 666 1952 659
f 1470 1469 1838
f 1611 1621 1620
f 1469 1653 1838
f 1053 2124 2421
f 2125 708 707
f 1616 442 453
f 1963 1260 1255
f 2097 1246 1216
f 1293 1737 1985
f 1751 1353 539
f 1734 564 548
f 1357 1925 1167
f 716 1197 770
f 2148 1471 2060
f 124 138 834
f 1673 1704 1215
f 782 691 693
f 1327 1657 1658
f 1661 2175 575
f 602 782 601
f 1278 473 1273
f 2000 2089 1269
f 496 1280 758
f 1961 1290 1291
f 828 587 574
f 1170 801 584
f 1299 2432 830
f 565 556 1646
f 1582 1989 1752
f 784 2530 1752
f 560 852 1353
f 55 54 59
f 137 138 124
f 1541 1764 590
f 1150 2093 1339
f 2501 2452 1839
f 1667 2501 1839
f 1374 2142 885
f 2412 862 2555
f 194 1788 2
f 1688 652 691
f 168 1396 2439
f 1122 1702 2573
f 112 1467 901
f 490 422 1138
f 937 104 110
f 1368 1683 776
f 1824 1829 141
f 2115 1457 418
f 959 973 1642
f 1437 1626 1037
f 125 1683 124
f 1005 247 1567
f 2155 2312 1527
f 2036 1034 1031
f 299 1859 320
f 308 1056 309
f 1502 1454 945
f 1878 379 1128
f 1584 1067 1614
f 1449 467 1019
f 1050 1285 219
f 1941 2348 2052
f 1403 841 1399
f 1403 1753 841
f 480 1439 387
f 800 1177 787
f 1194 1186 609
f 1058 2038 1895
f 610 763 1197
f 775 1198 683
f 710 616 2070
f 999 399 1898
f 683 682 644
f 1409 223 1413
f 1699 1696 2326
f 1074 2040 2126
f 1278 2355 440
f 1290 1986 1287
f 2169 1569 2489
f 1903 1591 1745
f 838 1462 836
f 834 138 964
f 2014 281 493
f 268 1770 1521
f 1730 1965 932
f 214 933 1432
f 278 302 1356
f 121 812 525
f 1374 885 181
f 1366 47 27
f 2409 2 184
f 158 167 166
f 1546 3 2099
f 106 331 92
f 82 83 2063
f 22 36 39
f 132 1662 2491
f 1409 104 937
f 179 178 853
f 2165 1050 989
f 264 231 232
f 244 131 1866
f 1339 1062 846
f 702 1209 1936
f 23 291 633
f 2518 116 62
f 411 398 1112
f 2012 2422 2118
f 1269 497 2000
f 874 2227 534
f 534 2227 552
f 852 847 539
f 1442 586 1171
f 1786 81 1524
f 1282 1938 1936
f 704 725 631
f 1279 438 1612
f 1279 1612 739
f 750 425 417
f 780 779 795
f 2511 875 2169
f 805 678 1576
f 806 808 678
f 2178 2203 2148
f 335 1423 330
f 1009 1808 596
f 2524 1736 1966
f 831 2466 2467
f 841 1753 1920
f 1775 230 1361
f 75 192 1428
f 1408 1157 1915
f 152 220 866
f 1148 871 1152
f 891 1381 2238
f 271 487 19
f 46 1143 1984
f 2444 929 1440
f 2375 1111 478
f 110 1124 933
f 1137 938 500
f 1432 934 216
f 754 1935 2082
f 983 213 984
f 1187 2198 2152
f 1003 1557 1002
f 1518 225 370
f 292 295 293
f 1030 1530 290
f 1859 1039 320
f 346 1072 345
f 251 145 845
f 1475 1038 258
f 842 508 1091
f 2545 925 1762
f 2196 1154 1155
f 2028 1404 1160
f 1162 1886 1885
f 1166 1925 578
f 1571 1904 709
f 576 1171 586
f 1203 1701 2336
f 1701 1203 618
f 1192 1663 1656
f 1657 2473 1658
f 631 619 1663
f 696 779 780
f 705 1200 1191
f 18 1482 31
f 309 1056 1049
f 2164 1124 1715
f 837 1410 331
f 1251 242 1252
f 2493 2199 939
f 331 1410 2193
f 1258 2032 1259
f 1410 2453 2193
f 2532 1273 473
f 735 726 742
f 457 1277 1717
f 1285 1050 1288
f 1297 1296 1843
f 336 820 338
f 705 1191 725
f 482 281 277
f 1338 153 1834
f 412 260 846
f 1365 1743 855
f 877 1375 206
f 1698 1512 1385
f 1364 1387 45
f 1797 908 36
f 890 197 206
f 2213 1727 150
f 1409 937 40
f 1426 2335 626
f 141 1829 146
f 1461 129 1947
f 822 2490 960
f 838 951 1462
f 87 1776 1101
f 839 218 1893
f 1840 169 1939
f 1840 1939 1490
f 1613 2146 2212
f 1386 1502 2204
f 2204 1502 1812
f 981 982 204
f 39 1069 22
f 990 2223 1506
f 996 232 1513
f 1400 902 893
f 2153 227 237
f 618 623 1315
f 2022 2238 210
f 1023 1046 321
f 2457 1861 1504
f 2013 251 845
f 2013 845 1080
f 2397 627 1874
f 627 2397 1272
f 987 1439 989
f 1183 1806 820
f 1486 359 1088
f 1329 2175 1660
f 796 368 1228
f 1095 365 2323
f 237 993 1011
f 490 1138 528
f 921 522 980
f 1403 1408 536
f 813 1891 1216
f 674 608 1644
f 1157 564 561
f 537 2047 1424
f 556 565 1371
f 1371 565 1171
f 1189 595 1184
f 1656 619 2179
f 1209 770 763
f 1204 623 622
f 643 1677 675
f 2080 1687 1688
f 1687 2080 638
f 726 1713 2210
f 1723 602 1724
f 2580 2187 831
f 385 503 2558
f 414 2076 1627
f 2182 414 419
f 148 199 158
f 778 2076 1081
f 2438 1360 199
f 876 1391 869
f 1307 1102 814
f 103 544 2104
f 1837 250 86
f 877 2003 1784
f 1512 1698 196
f 1190 1929 1189
f 248 1487 428
f 3 2105 2099
f 28 1988 1798
f 1799 197 1786
f 1524 1799 1786
f 1195 1101 1776
f 1394 2090 1711
f 1929 1190 2580
f 89 2243 1443
f 2181 2437 1531
f 74 765 151
f 1799 2006 1383
f 861 127 123
f 933 937 110
f 1828 953 950
f 1019 400 1449
f 849 2245 1835
f 160 159 1664
f 1111 2106 478
f 1488 1840 174
f 165 189 883
f 1027 1726 583
f 208 2365 2414
f 997 1560 200
f 2266 802 51
f 997 1858 1560
f 1242 1238 1013
f 1217 1530 296
f 286 1129 2577
f 1006 307 319
f 396 1104 386
f 1052 1222 1055
f 1052 316 1222
f 1719 1922 2341
f 2405 571 1877
f 342 382 1078
f 91 2018 1535
f 1599 1035 1085
f 2479 884 2141
f 1040 1892 1051
f 2228 1596 331
f 963 1889 1618
f 1793 502 1900
f 1554 1769 1337
f 1563 1567 1561
f 1262 1561 1567
f 1369 2466 2593
f 1906 1341 923
f 914 1914 1913
f 867 541 2227
f 558 561 832
f 790 593 1926
f 1469 1470 179
f 968 147 974
f 693 691 652
f 1240 2401 655
f 1384 1454 113
f 1255 1260 1057
f 1779 2102 2515
f 2086 505 714
f 483 1573 1706
f 1465 521 1869
f 1275 746 1975
f 431 430 927
f 866 598 222
f 1742 1977 1980
f 1579 613 938
f 1138 1426 528
f 1544 744 1321
f 336 338 1322
f 1375 1784 1374
f 1160 1404 1918
f 1910 911 1907
f 420 468 2176
f 273 270 843
f 650 1345 377
f 2139 1363 1746
f 703 684 643
f 1412 1414 58
f 1849 1847 1006
f 1849 1006 997
f 1073 1072 1077
f 636 1425 585
f 1641 2206 1160
f 149 424 2203
f 78 1823 1103
f 680 1693 1672
f 1168 1404 1885
f 1751 555 2129
f 2582 141 139
f 393 1873 1109
f 307 115 1417
f 55 2262 2263
f 1455 2262 1803
f 54 55 2263
f 2264 54 1414
f 2262 1455 1456
f 1801 1984 1143
f 1993 1745 2266
f 1993 67 1745
f 15 2268 2267
f 15 378 2268
f 521 455 2267
f 1068 93 1131
f 566 2272 2023
f 2276 2273 2275
f 2273 2274 2210
f 1274 2274 2273
f 761 1274 2273
f 2275 2273 2210
f 1061 376 1433
f 411 1119 398
f 713 480 2250
f 480 713 478
f 2476 2279 2361
f 2505 2563 2281
f 2281 1730 2282
f 1349 1345 1344
f 713 61 2375
f 1349 377 1345
f 713 2250 61
f 2257 2030 833
f 2257 2285 2014
f 2285 2284 2008
f 2286 833 2030
f 2257 2284 2285
f 326 1334 1004
f 1004 590 2288
f 2492 724 129
f 469 1769 482
f 1769 844 1337
f 2568 469 482
f 1595 1587 1583
f 236 235 1857
f 145 870 190
f 2201 2290 2292
f 2290 998 2292
f 1465 2224 2290
f 2290 979 1465
f 399 1064 2293
f 2368 1064 399
f 1486 1923 1473
f 390 1486 1088
f 612 662 1680
f 639 640 2294
f 1680 1151 2294
f 1037 2296 1566
f 1037 1067 1588
f 524 523 1626
f 1161 464 837
f 2300 1138 422
f 797 1457 1587
f 443 739 741
f 2570 750 2345
f 2557 1848 1510
f 1573 452 417
f 1553 1001 996
f 331 1903 67
f 484 739 740
f 477 1274 1265
f 340 474 2315
f 739 484 1610
f 1254 1517 2454
f 1852 267 249
f 1012 286 1533
f 1620 1612 437
f 1336 1554 1337
f 1032 1853 303
f 1010 498 505
f 1230 1206 2035
f 1505 1529 2154
f 296 1223 1220
f 449 1695 280
f 1707 2166 1106
f 1106 2166 1970
f 1036 1504 1861
f 304 1223 311
f 1971 708 1053
f 2421 1021 1053
f 1710 1266 2032
f 1226 2038 2394
f 315 2346 2394
f 1542 311 1540
f 1542 2316 311
f 1049 1227 1861
f 2226 2038 1058
f 2079 1628 694
f 694 1053 2079
f 124 834 125
f 1244 686 2533
f 1149 1152 1156
f 1485 1128 379
f 1879 867 2128
f 667 1244 2330
f 666 620 1234
f 676 2289 2098
f 447 1599 408
f 331 1091 35
f 2234 2338 2161
f 2495 458 2231
f 2161 664 1185
f 450 1119 1130
f 2161 1691 2234
f 1725 919 1979
f 2044 1979 1602
f 627 1933 669
f 710 711 1674
f 1883 549 1896
f 710 716 1241
f 2410 1692 631
f 331 35 92
f 1207 710 715
f 2227 1164 552
f 1156 876 1149
f 425 2353 2425
f 1972 425 2425
f 1164 1749 1640
f 1761 653 344
f 600 1333 1335
f 1425 636 651
f 446 600 1335
f 1313 1655 2002
f 459 462 1202
f 1315 1182 2002
f 2093 1153 2304
f 1925 841 1167
f 841 1920 2159
f 1924 1352 555
f 2542 790 763
f 2341 1922 2467
f 549 1747 1378
f 1191 2580 1190
f 2206 1655 1182
f 2048 1929 1719
f 1326 824 1705
f 1928 1184 595
f 1919 1760 1312
f 2291 464 462
f 1701 1655 583
f 773 772 1280
f 1457 362 1587
f 847 852 560
f 2188 583 1729
f 1934 1933 628
f 2408 1937 1692
f 638 2080 716
f 2131 1207 1210
f 555 1407 1924
f 1213 637 2261
f 2052 2348 2504
f 328 222 1528
f 1017 1518 2393
f 1583 362 2005
f 308 1235 2482
f 2081 658 2472
f 561 557 2128
f 546 2045 2073
f 2328 2163 2413
f 2162 1952 1955
f 560 563 847
f 767 1233 676
f 476 2452 1690
f 1247 551 2586
f 2320 848 476
f 686 1121 1574
f 784 1752 1989
f 700 1096 2323
f 2125 531 2054
f 530 1703 1702
f 1229 1582 1752
f 1582 1229 700
f 2168 906 1732
f 2419 527 1263
f 1090 2079 1053
f 2032 1097 1259
f 2190 1087 506
f 1057 1970 2166
f 2191 730 2508
f 1620 1021 2421
f 1620 1621 498
f 2352 1021 494
f 1621 714 498
f 1270 497 1269
f 2210 477 726
f 2353 1733 416
f 505 2167 731
f 1263 2121 1000
f 1607 2055 2122
f 1301 383 825
f 2536 986 461
f 2191 729 730
f 484 740 1712
f 965 1717 2601
f 789 1748 1943
f 734 1722 745
f 1720 913 1277
f 2044 2089 1725
f 404 405 426
f 1735 2461 405
f 2494 2327 1495
f 1737 882 1294
f 1741 1292 1740
f 1569 2364 1987
f 788 372 1301
f 2530 366 1752
f 1930 1311 1158
f 1102 1307 2027
f 771 1276 1758
f 1314 818 1311
f 632 1832 1761
f 61 487 271
f 1317 1515 559
f 1764 1323 590
f 1806 1183 826
f 335 1474 922
f 1614 491 486
f 1961 778 1290
f 2107 1387 1780
f 2059 337 26
f 33 877 2007
f 1375 1382 206
f 1906 1911 1909
f 2528 896 1690
f 454 447 1598
f 1145 1586 1546
f 988 1980 1418
f 2237 1177 800
f 394 1066 2554
f 1340 1934 1173
f 1800 2240 21
f 1482 1411 1774
f 42 402 1767
f 985 487 2252
f 2483 56 50
f 2047 537 671
f 1689 1814 192
f 2426 724 2492
f 2501 170 2465
f 1966 101 2525
f 2562 102 2486
f 2104 2446 103
f 1393 2487 105
f 1288 186 2365
f 2104 947 2446
f 182 2396 2385
f 1454 1384 2378
f 2378 945 1454
f 90 727 2595
f 943 114 1452
f 480 2403 2103
f 2527 2130 2447
f 2244 1490 1939
f 2150 1308 1316
f 1325 164 172
f 2381 2389 1841
f 403 2297 395
f 1303 2067 956
f 2386 2327 2494
f 2570 634 2229
f 2302 2308 2303
f 774 407 768
f 997 1006 1014
f 1492 2202 2391
f 257 265 2269
f 2269 265 2307
f 2307 265 2068
f 266 2390 2310
f 1727 1833 932
f 1250 2309 1249
f 1026 2456 1243
f 1218 2407 1016
f 1031 295 292
f 2036 1516 1047
f 284 1894 1033
f 1055 1049 1056
f 1049 1051 1227
f 1766 421 2503
f 333 2458 420
f 1060 2156 1065
f 1460 1585 1093
f 1461 853 2269
f 676 797 1625
f 150 1550 2213
f 1065 1473 388
f 363 2180 1481
f 2249 1577 2331
f 1844 183 2383
f 189 1316 1308
f 2329 374 1477
f 2251 1876 2460
f 382 1438 1108
f 395 1923 390
f 677 693 2133
f 1498 1120 2283
f 2579 451 1888
f 458 2400 1888
f 1491 1072 1073
f 1019 467 501
f 1642 974 2149
f 1911 1907 1908
f 2226 1058 1863
f 1915 2186 536
f 536 534 1753
f 1636 1915 1157
f 1747 549 1883
f 1538 1049 1861
f 1712 2122 517
f 310 1223 301
f 1036 2114 1514
f 1230 1033 1226
f 2544 809 921
f 1199 785 787
f 291 23 288
f 821 798 799
f 1893 1935 1825
f 288 23 1555
f 798 2405 2160
f 2457 1853 1032
f 1002 1029 1526
f 2374 2215 225
f 1016 2407 263
f 1249 1533 2456
f 1172 2154 1018
f 1656 2406 1192
f 1188 1190 1189
f 2555 959 1131
f 1663 619 1656
f 2410 1192 2408
f 2233 2134 1666
f 616 1199 2070
f 781 2540 2209
f 1107 2037 1259
f 532 1258 2037
f 2025 624 1212
f 2348 2469 2470
f 1259 2037 1258
f 644 1874 683
f 2471 2132 654
f 638 1674 1687
f 643 675 716
f 1213 2052 1210
f 1298 1615 2061
f 1665 612 1680
f 763 1281 755
f 2085 1703 530
f 2087 606 1121
f 1952 1234 1650
f 1703 697 1256
f 2305 1921 2496
f 1325 174 975
f 2342 2566 213
f 1196 2233 1660
f 1638 1631 2232
f 251 878 145
f 562 2417 1635
f 1297 2084 1296
f 2509 2340 2385
f 1633 2573 1256
f 516 550 1699
f 1087 697 2085
f 1303 883 2021
f 2021 1604 1303
f 505 2086 517
f 2086 714 1041
f 1021 1971 1053
f 1571 341 479
f 1216 495 1362
f 2550 2382 149
f 1620 2421 1612
f 1904 2043 2136
f 758 497 496
f 883 873 165
f 1997 460 722
f 1997 2088 460
f 2230 2532 931
f 737 747 438
f 1484 1471 1483
f 978 182 1483
f 762 434 1722
f 424 149 2004
f 759 1479 1627
f 2097 434 762
f 836 969 1472
f 2601 1717 2343
f 1732 906 2343
f 2097 816 2136
f 1290 1287 900
f 2362 1735 881
f 660 663 673
f 1209 702 703
f 955 2490 120
f 1376 955 120
f 1302 1932 2116
f 941 1779 2433
f 2476 906 700
f 1748 789 2513
f 372 783 1932
f 368 796 369
f 943 2596 2488
f 2064 1826 1446
f 1846 518 2010
f 544 103 101
f 1214 685 715
f 573 649 344
f 1742 2266 1591
f 596 1808 348
f 533 1322 347
f 1079 60 341
f 1224 2052 1213
f 2197 670 1511
f 124 2130 137
f 1835 161 977
f 2397 1874 644
f 850 2225 142
f 811 1882 2109
f 2109 661 811
f 2144 1356 1346
f 1348 241 1346
f 2039 377 238
f 226 681 851
f 294 262 1887
f 294 1887 136
f 1211 648 644
f 644 682 677
f 1931 2471 2335
f 1674 711 1212
f 472 1813 1528
f 655 669 656
f 866 535 2435
f 877 33 2003
f 64 62 1422
f 45 892 1388
f 2252 487 61
f 2252 61 436
f 892 195 2409
f 1075 904 2174
f 2070 711 710
f 2381 137 2376
f 31 1487 18
f 1801 1143 1800
f 827 1165 2026
f 1134 42 1767
f 801 610 2080
f 79 1115 1773
f 43 1115 79
f 487 985 56
f 19 56 2117
f 62 389 1422
f 2096 2101 1134
f 1656 2179 1326
f 1689 192 930
f 2129 555 1927
f 2219 1798 112
f 836 1472 838
f 1820 1821 2487
f 1398 2377 101
f 1715 1124 1995
f 104 2549 1393
f 2277 2106 1111
f 1452 1368 100
f 2378 947 118
f 113 1370 2090
f 126 2090 1380
f 7 135 413
f 594 595 1731
f 592 776 1675
f 167 2371 1396
f 572 1592 1431
f 124 1683 2130
f 125 776 1683
f 836 1462 812
f 143 130 125
f 1947 1946 1468
f 2433 2515 840
f 130 840 2515
f 1836 1659 2433
f 1834 153 873
f 1493 2403 480
f 1177 2237 587
f 153 1316 165
f 164 1325 163
f 627 668 1874
f 883 977 161
f 977 883 983
f 907 2479 1813
f 193 1632 1295
f 1783 2369 3
f 2494 2074 193
f 175 1304 198
f 191 2550 1488
f 2006 57 2007
f 1496 1845 202
f 954 209 956
f 1506 2566 2342
f 1777 81 44
f 228 598 866
f 1645 827 574
f 2269 2307 2270
f 2308 2302 2270
f 228 220 221
f 1837 251 2013
f 91 1355 2018
f 228 1347 262
f 302 1346 1356
f 1284 262 1347
f 1348 234 1855
f 238 313 239
f 1857 235 1344
f 1435 606 1903
f 253 1003 1002
f 1770 888 1511
f 1551 2392 1557
f 243 2454 1257
f 2454 243 246
f 2360 2454 246
f 246 2078 2360
f 1647 822 960
f 1390 1550 1494
f 2576 1527 2312
f 2529 2111 1377
f 287 276 633
f 1206 2346 2317
f 2112 2153 1011
f 1514 1024 1036
f 312 2009 1039
f 1164 2227 1749
f 327 72 380
f 922 60 1008
f 972 533 25
f 25 327 972
f 2318 2394 2038
f 2318 2038 2226
f 874 867 2227
f 867 874 2128
f 1863 1042 317
f 820 336 1183
f 1869 1901 339
f 2001 343 1805
f 1794 2438 199
f 1616 2337 1643
f 2056 1759 1603
f 1916 1919 1312
f 813 817 1576
f 355 1576 817
f 813 1990 817
f 678 350 672
f 1919 1916 769
f 2442 358 2455
f 345 1086 346
f 1748 2513 2171
f 372 1302 1301
f 1132 363 2157
f 1132 384 381
f 1491 1417 1072
f 2306 1953 1594
f 949 1068 1131
f 765 2430 151
f 1081 414 1292
f 1594 404 1283
f 1881 2251 2460
f 1585 1460 400
f 1991 1092 1878
f 701 1118 577
f 2355 2044 1602
f 919 1725 1976
f 931 441 2354
f 1720 1277 457
f 963 1900 914
f 733 2121 729
f 1255 689 1963
f 1479 759 1721
f 1479 1721 1714
f 1271 461 2462
f 722 2506 719
f 2210 2274 477
f 692 1271 2462
f 1709 1622 2137
f 2085 2137 1707
f 1971 707 708
f 1659 960 2490
f 531 707 2126
f 1962 2258 510
f 1057 1708 2463
f 819 959 953
f 1107 699 2190
f 2127 442 1133
f 527 1114 2037
f 1633 1964 688
f 689 1255 1633
f 2097 423 1246
f 8 91 1807
f 91 8 1359
f 2085 1063 2137
f 2137 1063 2319
f 2163 2326 1240
f 2328 2326 2163
f 797 1475 258
f 1886 1918 1404
f 2491 1948 132
f 1746 1464 1378
f 2380 2527 2447
f 545 1354 1734
f 827 828 574
f 2380 1452 1796
f 1330 1639 1654
f 591 798 1175
f 800 584 801
f 594 823 824
f 1629 1670 1931
f 795 1655 2206
f 746 737 1975
f 2260 2123 2131
f 616 2131 2123
f 1659 2490 955
f 1668 624 2026
f 2362 2428 2512
f 631 725 619
f 737 753 747
f 715 1213 1207
f 37 706 1691
f 1884 2297 403
f 1670 2347 2471
f 1874 645 683
f 680 1224 1693
f 641 2132 1671
f 446 2256 2453
f 2499 2256 1475
f 645 1874 1945
f 1673 1215 2081
f 2453 2256 2193
f 952 457 1975
f 1720 457 952
f 648 2133 693
f 1219 658 1215
f 658 1219 1176
f 2401 1685 655
f 952 438 749
f 331 67 1091
f 2079 1247 1956
f 550 1696 1699
f 1114 562 532
f 615 614 2469
f 1263 527 506
f 1260 1963 1969
f 2125 1090 708
f 445 1979 919
f 483 1706 701
f 1974 2314 529
f 774 772 409
f 2291 1410 837
f 1278 1269 2089
f 2017 723 1768
f 749 738 461
f 952 749 1720
f 1903 2087 1591
f 440 912 441
f 2138 405 2461
f 564 2581 832
f 1947 1468 1461
f 1954 881 1953
f 2475 2539 2169
f 784 1989 397
f 2432 1299 2116
f 2055 2167 2122
f 1086 1875 1099
f 700 1229 1096
f 372 788 1992
f 783 1919 1932
f 1306 1305 791
f 372 1992 783
f 803 788 360
f 1166 1924 1395
f 810 1999 1307
f 1299 789 383
f 816 756 674
f 817 820 355
f 341 709 695
f 539 1353 852
f 582 589 1832
f 1883 1154 1747
f 1416 1423 1763
f 330 1890 588
f 1154 2196 1747
f 365 1102 1105
f 1648 550 205
f 280 463 449
f 793 1758 1276
f 1866 1147 244
f 144 66 255
f 1855 1777 1882
f 851 681 2225
f 2109 351 1344
f 911 1910 1909
f 1855 861 1777
f 859 857 1355
f 222 598 1537
f 2428 2364 2512
f 2435 152 866
f 817 1990 353
f 1361 1698 1385
f 98 1783 2220
f 1787 2239 2567
f 887 1524 81
f 2478 2528 1690
f 839 1833 218
f 185 171 2259
f 184 2 1790
f 7 1080 1075
f 1572 1575 632
f 2174 904 12
f 307 1332 319
f 2377 948 946
f 1044 1078 2459
f 1774 2072 1482
f 1773 2099 1982
f 1774 1195 1776
f 1195 2264 1414
f 2436 2493 2092
f 1068 53 2484
f 2049 1 1428
f 2375 2145 1066
f 282 1387 2465
f 1047 2316 1542
f 1894 1863 1895
f 1406 1444 95
f 2146 1564 62
f 2102 1398 101
f 1821 105 2487
f 2549 104 1409
f 525 1711 121
f 946 945 118
f 1394 1380 2090
f 2447 1452 2380
f 2292 1397 2201
f 116 2148 2060
f 1043 269 301
f 137 2381 1651
f 1338 1466 153
f 1469 1468 1653
f 160 1647 1836
f 862 973 959
f 2170 971 1619
f 978 1483 1632
f 1632 2074 978
f 1304 175 1619
f 1619 183 1304
f 599 1173 583
f 458 2495 2400
f 956 1593 1844
f 296 1530 630
f 1843 1496 1297
f 990 982 2223
f 982 211 2223
f 211 991 2223
f 1017 2211 1070
f 1206 1230 2346
f 1529 1505 299
f 1551 1003 2552
f 149 1488 2550
f 1517 253 1257
f 1253 1539 1251
f 1251 1252 1253
f 272 264 288
f 288 1555 272
f 428 28 863
f 149 169 1488
f 1024 1514 1025
f 1039 1860 633
f 1051 279 1897
f 269 316 301
f 1773 665 402
f 1222 316 269
f 1565 64 402
f 105 1996 1700
f 1486 1064 359
f 1083 1061 1433
f 1502 895 11
f 1146 346 361
f 2112 1011 420
f 943 1443 2596
f 2249 2331 1580
f 292 2069 1237
f 1139 501 467
f 889 2375 61
f 2078 1251 2155
f 1774 1776 1800
f 1238 264 1013
f 264 1238 288
f 387 1439 987
f 2299 453 2158
f 1905 1910 1911
f 1816 963 2075
f 874 534 2186
f 1065 2156 1427
f 583 563 1027
f 2186 1915 1636
f 1886 1404 1405
f 1401 534 553
f 585 938 613
f 1746 1378 1747
f 2405 821 1167
f 591 821 799
f 1654 1329 1330
f 2129 1186 1751
f 1313 2002 1182
f 41 2100 2063
f 1937 2469 2348
f 616 710 1207
f 1895 1033 1894
f 716 703 643
f 638 716 710
f 635 685 684
f 1033 1230 298
f 2489 1294 882
f 1205 2035 1029
f 2312 2155 1251
f 290 253 1526
f 1553 2309 1001
f 1015 1563 1850
f 184 1790 886
f 249 1003 253
f 2066 1006 1578
f 1648 1248 1955
f 848 902 1075
f 278 1351 156
f 1247 2079 1090
f 2507 1702 2077
f 2037 1114 532
f 1097 699 1107
f 1513 257 853
f 1259 1097 1107
f 2414 2305 2496
f 1624 370 225
f 1020 2016 2508
f 1010 505 731
f 2488 2596 1441
f 732 734 1010
f 2525 2562 323
f 970 1479 976
f 1707 1020 1054
f 745 434 460
f 198 2084 1297
f 2389 2381 2376
f 987 2384 1493
f 1495 1492 2494
f 2550 191 2418
f 1601 919 1283
f 1495 2327 2130
f 2168 397 906
f 2550 1295 2382
f 2204 1068 949
f 1386 2204 949
f 2511 2510 875
f 1987 2429 1569
f 2428 1987 2364
f 2095 884 1069
f 163 975 2150
f 172 173 154
f 154 173 966
f 597 2357 677
f 160 1453 822
f 1754 2569 2539
f 830 2432 2514
f 1756 814 369
f 357 1305 1306
f 2515 2433 1779
f 1603 1759 769
f 807 2200 810
f 120 822 1453
f 2001 815 818
f 783 1760 1919
f 803 1759 1310
f 2001 818 1317
f 1779 948 2377
f 1541 590 589
f 335 330 1474
f 2431 940 2549
f 573 1318 1334
f 1079 341 1009
f 1394 1711 525
f 2197 1511 2111
f 1142 489 21
f 935 94 466
f 2177 2217 1524
f 449 2119 1695
f 1336 1337 35
f 2603 2501 1902
f 846 1335 1150
f 1444 89 1443
f 1111 2375 1066
f 1344 650 2109
f 392 1535 322
f 850 1355 851
f 598 228 262
f 598 262 294
f 1780 156 1842
f 1780 1842 239
f 324 2523 2164
f 2202 2426 2509
f 1840 1490 176
f 1846 1847 997
f 1361 1818 1698
f 52 157 88
f 1790 1374 886
f 2003 33 1788
f 157 2534 2521
f 2409 194 2
f 62 1564 389
f 166 148 158
f 167 158 157
f 2481 2371 2521
f 176 174 1309
f 191 1488 176
f 1783 2556 2369
f 1499 22 907
f 42 1134 2101
f 1375 1790 171
f 916 49 2061
f 304 286 1012
f 1066 2145 1978
f 163 2150 1316
f 68 78 63
f 89 2524 1810
f 324 252 2545
f 1822 1519 2434
f 2099 2105 1982
f 1659 1836 1647
f 1653 1468 838
f 838 1838 1653
f 1320 1174 69
f 103 2562 2525
f 1838 838 1472
f 162 2379 849
f 416 2110 2019
f 1942 2241 1998
f 838 1468 1946
f 1462 951 812
f 185 2259 184
f 1662 132 133
f 2426 2564 1796
f 146 1829 147
f 1838 155 964
f 2409 184 1792
f 164 163 966
f 166 168 148
f 149 2382 2004
f 172 164 173
f 180 174 1325
f 2478 892 2528
f 2512 2071 2503
f 2177 887 1789
f 949 113 1386
f 186 182 2365
f 2202 2385 2396
f 65 140 199
f 1490 2418 191
f 907 1813 472
f 17 26 187
f 211 956 1844
f 217 1295 2083
f 2388 215 2451
f 215 1921 2451
f 1509 2303 2552
f 256 845 1667
f 1551 2552 2308
f 681 1358 2225
f 1346 241 2144
f 509 392 322
f 268 554 412
f 1249 266 267
f 2512 2503 2461
f 286 304 1129
f 2367 277 281
f 2392 1230 2035
f 5 1402 908
f 2104 544 946
f 1226 2394 2346
f 947 117 118
f 1222 1045 312
f 2248 936 2318
f 332 321 1046
f 336 1322 972
f 888 786 1377
f 2110 1000 481
f 348 1644 596
f 2262 55 1803
f 360 792 803
f 364 2180 363
f 366 804 808
f 2180 2249 1481
f 2157 363 1481
f 788 1301 760
f 367 375 815
f 375 2569 1754
f 374 2329 1451
f 331 106 1161
f 1873 393 1098
f 1904 816 709
f 1596 1903 331
f 2429 1954 1569
f 2489 1954 1294
f 767 1587 1595
f 1958 2416 1289
f 1091 329 1127
f 1283 404 1601
f 405 404 1735
f 882 1293 1972
f 2499 331 2193
f 1113 1110 453
f 2356 421 1733
f 1378 2134 1661
f 889 61 271
f 750 452 2345
f 1611 437 444
f 9 511 2049
f 1623 205 433
f 942 475 2532
f 1048 1611 1612
f 151 1815 717
f 894 514 485
f 505 517 2122
f 1057 1969 1970
f 1967 2016 2420
f 1133 2140 2127
f 1811 70 223
f 2049 1814 9
f 1130 514 513
f 2016 1967 699
f 1087 1964 697
f 1116 2419 529
f 2324 2258 1962
f 1706 1118 701
f 1159 1407 1751
f 541 542 543
f 871 1639 2073
f 1697 2415 562
f 2051 1363 1590
f 569 570 1372
f 570 569 571
f 571 553 570
f 2140 2335 1426
f 1171 576 1640
f 2328 2322 2326
f 1167 821 1357
f 2101 1169 42
f 2581 1442 2195
f 2436 2092 1445
f 581 1178 1352
f 2092 2178 1565
f 1928 595 594
f 409 1286 1958
f 1723 801 2080
f 1281 763 1200
f 63 13 59
f 777 617 614
f 2408 2572 1937
f 2470 2469 617
f 624 2025 2026
f 1429 2599 1762
f 1224 2261 712
f 1672 1693 637
f 1214 643 685
f 1333 2093 1150
f 259 1335 846
f 662 1151 1680
f 2161 1549 2235
f 658 2081 1215
f 1933 1340 2590
f 170 2501 190
f 2335 2471 626
f 2533 2330 1244
f 1181 37 1185
f 2054 551 1247
f 1247 1090 2054
f 2232 1630 1245
f 1699 2322 2321
f 2507 698 1702
f 526 1402 5
f 1633 697 1964
f 2314 692 529
f 519 699 1097
f 1964 2190 699
f 1087 2085 1054
f 694 692 2462
f 1467 1400 893
f 494 721 2352
f 415 1602 1981
f 2043 1904 1244
f 1271 2536 461
f 1721 1280 496
f 1573 483 452
f 2017 2536 723
f 1611 443 741
f 1794 199 148
f 1508 5 148
f 619 725 1188
f 1436 980 995
f 1606 2427 1728
f 1661 2134 1196
f 414 1081 2076
f 1987 2428 2362
f 2192 2338 1701
f 2169 2489 2511
f 32 1790 2
f 1389 1508 168
f 2540 809 1665
f 1772 2220 1783
f 1508 1389 5
f 575 2175 1654
f 2569 1569 2539
f 2476 700 2323
f 2083 989 219
f 375 1930 1158
f 1307 814 807
f 798 591 799
f 2266 51 1993
f 760 1307 1999
f 2188 2358 583
f 583 2358 2192
f 678 805 806
f 678 808 744
f 385 2334 786
f 1758 1321 744
f 816 1891 350
f 353 338 817
f 1877 2160 2405
f 2237 2594 587
f 718 344 649
f 589 1318 1831
f 589 1334 1318
f 1318 573 344
f 1890 330 1423
f 1375 877 1784
f 72 327 25
f 1554 1336 842
f 206 1382 890
f 2039 238 239
f 1155 1746 2196
f 67 1545 329
f 334 1737 1415
f 11 511 9
f 1365 855 2238
f 156 2058 278
f 1942 2546 1810
f 195 892 2478
f 2096 2370 2571
f 1737 1953 1415
f 897 898 1678
f 1792 2520 899
f 2320 902 848
f 1115 43 1617
f 1264 2258 2189
f 889 1298 1978
f 925 1811 1429
f 2065 2264 1195
f 2434 1519 61
f 2485 1811 223
f 2434 2250 1822
f 2255 2147 1739
f 1393 2064 2487
f 2244 2203 939
f 2244 939 2199
f 1038 412 554
f 109 1453 1664
f 1829 2149 147
f 2424 2353 416
f 953 959 1642
f 953 1642 2149
f 846 1150 1339
f 1664 962 109
f 834 840 143
f 162 1338 2379
f 1328 964 155
f 200 1560 1562
f 2432 1750 2514
f 513 1140 1130
f 2396 182 2391
f 193 2074 1632
f 324 1996 1821
f 2084 198 1304
f 2373 46 985
f 2083 2384 987
f 1506 991 2566
f 422 490 1681
f 2308 2552 2303
f 468 993 218
f 1783 229 1125
f 999 1898 2224
f 257 1513 231
f 2068 265 2311
f 1127 842 1091
f 1518 370 2393
f 1012 263 289
f 2091 150 1940
f 2069 283 2113
f 888 1377 2111
f 2393 370 376
f 1504 1853 2457
f 1043 301 300
f 1223 300 301
f 309 303 308
f 1032 1538 2457
f 269 1043 1042
f 778 1627 2076
f 311 2316 2113
f 1049 1055 1051
f 1718 1957 1444
f 1870 1865 1073
f 1881 1113 442
f 2298 1110 1104
f 2153 2112 2402
f 1095 2323 1096
f 1129 304 311
f 1864 2331 1104
f 2329 1100 1088
f 363 1132 10
f 86 250 413
f 2534 2480 2481
f 1930 1581 1105
f 222 690 2011
f 229 251 1837
f 1617 1773 1115
f 334 1415 205
f 1498 427 1120
f 1600 1449 400
f 1035 1889 1085
f 1321 1758 1320
f 374 373 1477
f 371 1136 1065
f 1283 920 2359
f 364 1065 1136
f 2299 2337 1616
f 1065 1427 1473
f 1149 1896 1148
f 1914 1885 2028
f 2514 769 2172
f 1166 1352 1924
f 2466 1369 2575
f 2140 1931 2335
f 2341 2467 2575
f 1641 1951 2206
f 795 1168 1914
f 2337 512 1872
f 1731 823 594
f 1671 2337 568
f 1891 813 672
f 584 800 785
f 586 1442 591
f 785 800 787
f 671 537 642
f 2129 1927 609
f 1655 795 599
f 1536 756 744
f 2338 2192 2358
f 34 38 39
f 2080 602 1723
f 1660 1661 1196
f 1035 454 1889
f 792 360 2543
f 1937 615 2469
f 2131 616 1207
f 1267 1666 1084
f 779 696 1704
f 617 1210 2470
f 1210 1207 1213
f 2471 2347 2132
f 1671 2132 2347
f 643 684 685
f 806 1229 808
f 31 1482 2565
f 828 827 2025
f 1219 696 1682
f 1809 929 2117
f 368 1095 1228
f 2117 929 6
f 21 2240 1142
f 1222 1501 1225
f 1055 1222 1225
f 2162 2053 1221
f 1221 1949 2162
f 603 2108 651
f 1025 2114 1051
f 1023 2153 1046
f 1013 1026 1232
f 1242 1232 288
f 2113 1516 1237
f 287 633 291
f 299 1532 276
f 1856 1232 1243
f 287 1028 279
f 279 1028 2313
f 700 906 397
f 1121 606 2330
f 190 1667 845
f 1245 1956 1247
f 551 2417 2586
f 1850 1539 1253
f 566 2324 1962
f 789 1943 383
f 1302 2116 383
f 2024 1106 1970
f 1054 506 1087
f 1054 1020 506
f 1962 510 2012
f 1266 1265 1268
f 1683 2447 2130
f 497 1270 496
f 722 720 1997
f 1714 1270 976
f 106 1201 429
f 2229 2356 2570
f 2399 2229 2138
f 1601 766 919
f 370 1624 1880
f 2363 2510 2424
f 1983 1740 1292
f 2559 2303 2414
f 957 2374 1070
f 2416 1958 1286
f 1944 789 1299
f 2418 1490 2384
f 830 1944 1299
f 2165 1613 2212
f 2475 1581 1754
f 213 983 883
f 1105 1581 2475
f 1613 2165 1439
f 369 796 1756
f 796 1575 1756
f 350 678 744
f 1216 1362 349
f 343 2001 1317
f 1979 445 764
f 1805 343 1320
f 826 582 1806
f 590 1004 1334
f 1320 69 1474
f 25 533 538
f 1472 968 862
f 973 974 1642
f 840 835 1836
f 1866 285 1147
f 554 1521 670
f 258 554 670
f 2109 650 661
f 850 322 1355
f 322 850 509
f 1346 302 1348
f 854 1535 392
f 2000 445 2089
f 1459 125 130
f 1085 1889 1816
f 472 1528 1537
f 866 222 119
f 65 598 294
f 128 129 724
f 1361 1385 1787
f 1364 2058 156
f 592 1368 776
f 199 1360 65
f 111 1367 2216
f 949 1370 113
f 2276 735 742
f 948 109 895
f 812 1380 1394
f 1366 1364 1388
f 2151 1309 202
f 1604 1309 2151
f 1779 941 948
f 466 1380 951
f 466 951 2516
f 97 1675 2102
f 473 931 2532
f 758 757 497
f 1101 1414 1412
f 2088 720 492
f 665 1819 1445
f 2599 1429 2485
f 2485 1429 1811
f 214 2485 40
f 2484 2548 2091
f 70 252 1820
f 1135 1434 85
f 85 323 2486
f 1811 925 71
f 2164 1715 324
f 1998 1441 1443
f 90 935 466
f 2595 1959 90
f 517 2086 1712
f 1833 2282 1730
f 2369 1143 2440
f 466 2446 2378
f 2064 1675 1826
f 1386 1454 1502
f 592 1675 2064
f 1384 113 126
f 1455 1803 918
f 1675 1459 130
f 950 2149 1829
f 129 128 1947
f 1947 128 1946
f 1461 2387 129
f 838 1946 128
f 958 836 812
f 1948 2271 153
f 2106 2277 1613
f 260 1038 1475
f 1633 1256 697
f 969 2582 968
f 958 969 836
f 2380 1796 2551
f 600 2093 1333
f 2509 2426 2492
f 2202 2564 2426
f 2416 1286 773
f 2087 1977 1591
f 464 1161 429
f 883 161 873
f 1492 2551 1796
f 2551 1495 2527
f 1604 177 1309
f 182 2559 2365
f 981 204 883
f 2067 954 956
f 2414 2365 2559
f 751 444 762
f 981 2067 209
f 981 954 2067
f 984 213 1503
f 2340 2302 2559
f 2065 2211 115
f 1400 1075 902
f 357 2027 1307
f 2303 2559 2302
f 1396 2371 897
f 2327 2388 994
f 219 1285 1921
f 898 897 2441
f 2390 2327 994
f 1510 2388 2451
f 1179 1684 1176
f 2435 168 2439
f 1792 899 47
f 474 992 1022
f 2602 2259 171
f 2441 188 2218
f 2177 1789 2561
f 157 140 88
f 32 1788 33
f 135 1402 413
f 2270 2068 2308
f 185 1375 171
f 2152 1880 1187
f 249 2310 1848
f 266 2309 2390
f 17 887 2059
f 17 2059 26
f 1364 1366 2058
f 1006 2066 307
f 1799 1524 2006
f 2576 1251 1261
f 2294 646 2209
f 290 1217 1527
f 2155 1217 1218
f 1235 303 1853
f 1028 1235 2313
f 1223 296 300
f 23 1507 1555
f 744 1544 1536
f 282 1534 2143
f 91 1535 152
f 152 1535 221
f 879 318 317
f 313 1349 181
f 2459 736 1044
f 1351 2039 1842
f 278 2144 1351
f 858 136 1887
f 392 1347 854
f 2201 979 2290
f 64 2178 2518
f 2458 2402 420
f 1491 1332 1417
f 1531 82 2063
f 69 922 1474
f 1322 533 972
f 2288 590 1323
f 116 2518 2148
f 1314 1450 1515
f 1083 1438 342
f 362 2115 2005
f 649 1314 1311
f 2427 1606 2071
f 1083 1570 1208
f 373 374 1451
f 1481 1867 2157
f 2395 2157 1876
f 1864 2460 1867
f 2364 367 2194
f 2172 2513 830
f 1923 1589 1473
f 2569 367 2364
f 1473 1589 388
f 1944 2513 789
f 2251 1476 2395
f 397 1989 1582
f 1588 388 1589
f 2349 41 2135
f 1881 2031 2251
f 384 1117 410
f 881 1735 1594
f 1600 400 1460
f 391 2278 1458
f 1588 1589 2296
f 2182 441 1983
f 900 1287 441
f 761 439 435
f 444 437 762
f 1605 431 752
f 2118 2422 766
f 1566 2372 1037
f 481 965 2601
f 457 1717 1605
f 2497 2127 2300
f 470 471 1608
f 1612 741 739
f 2230 942 2532
f 475 970 1273
f 2000 497 757
f 1620 437 1611
f 2459 679 736
f 2122 2167 505
f 2086 1041 1712
f 287 1172 276
f 2463 1708 1912
f 432 2372 1884
f 1884 2372 1566
f 1912 2319 2077
f 694 2124 1053
f 1425 501 1139
f 1274 761 435
f 2140 1426 1138
f 1118 2350 577
f 1896 871 1148
f 568 1872 1144
f 1330 1329 2184
f 1025 2313 1024
f 1896 1639 871
f 556 542 1646
f 279 2313 1897
f 542 556 1371
f 225 1518 1070
f 2468 1173 2246
f 1977 2087 488
f 2120 748 634
f 2341 1731 2048
f 1704 599 779
f 599 795 779
f 615 2572 2406
f 930 192 2135
f 579 821 591
f 2055 740 443
f 782 602 691
f 1272 1668 1194
f 1230 1226 2346
f 672 350 1891
f 2289 585 613
f 623 706 622
f 1937 2348 1692
f 2411 1267 625
f 1220 1231 289
f 43 402 42
f 2051 2468 967
f 2504 2348 2470
f 1241 716 675
f 921 809 2208
f 1372 570 1164
f 1181 664 1176
f 2114 1025 1514
f 552 570 553
f 552 1164 570
f 712 2261 1693
f 2025 1212 711
f 673 2472 660
f 1941 631 1692
f 2351 2108 603
f 826 589 582
f 2260 1210 617
f 2131 1210 2260
f 605 600 446
f 600 605 1410
f 2336 623 1203
f 2589 1697 1638
f 542 541 1646
f 1628 1245 1630
f 1049 1538 309
f 2406 777 615
f 2019 481 2601
f 2406 1326 777
f 1266 1097 2032
f 316 1540 310
f 1708 1622 1709
f 1622 1708 2166
f 504 1041 2124
f 1041 504 1610
f 976 1270 1269
f 1269 1278 976
f 1000 1974 2094
f 2544 612 809
f 730 729 2121
f 2012 2120 634
f 510 2258 2598
f 516 2321 1489
f 2087 1903 606
f 1719 2341 2048
f 426 405 2138
f 385 2558 944
f 534 1401 1753
f 1733 2353 2574
f 1173 1590 583
f 1415 2306 433
f 1287 1740 441
f 571 569 1877
f 2474 2416 773
f 1594 1283 2306
f 938 585 500
f 1986 1740 1287
f 1741 1986 1081
f 2051 967 1464
f 1418 1980 515
f 378 15 1739
f 1750 1932 1919
f 1930 1105 1102
f 2045 1755 1403
f 2569 375 367
f 1556 865 1163
f 1163 2208 1556
f 366 2530 771
f 2455 2543 360
f 358 357 1306
f 744 756 816
f 1358 1817 1787
f 338 353 1322
f 347 354 538
f 345 1072 1417
f 1765 1180 327
f 1909 1908 911
f 1661 567 1378
f 1431 528 572
f 1120 1449 2283
f 386 371 388
f 1038 260 412
f 285 144 255
f 1547 1343 1775
f 1547 858 1887
f 858 1547 1775
f 859 1355 322
f 2517 1344 235
f 1350 1778 858
f 1361 872 1775
f 1840 1309 177
f 44 890 236
f 236 1777 44
f 1775 1782 858
f 1782 872 88
f 1525 1678 1817
f 2418 2083 1295
f 2480 1785 2239
f 2006 2007 877
f 1383 2006 877
f 1512 196 1385
f 1785 2534 52
f 2218 898 2441
f 892 2409 1792
f 2520 16 899
f 729 728 1609
f 901 1467 893
f 1083 1208 398
f 1570 1083 1433
f 1876 2251 2395
f 2117 6 19
f 1101 1195 1414
f 915 87 1126
f 1982 665 1773
f 1802 918 1803
f 985 2252 2373
f 2252 436 2373
f 42 1169 1617
f 183 1843 1296
f 1596 1475 797
f 2221 1 926
f 521 926 1
f 889 2145 2375
f 2049 511 1
f 1061 2393 376
f 1811 71 70
f 1860 1039 1040
f 40 937 214
f 70 1413 223
f 2485 1409 40
f 2485 223 1409
f 1820 1413 70
f 1507 2009 1555
f 456 2231 451
f 1736 2524 89
f 98 910 1089
f 77 99 68
f 2488 1441 1959
f 2487 2445 1820
f 2103 1822 2250
f 68 1827 78
f 1823 78 1827
f 2377 946 544
f 1384 1380 466
f 592 1393 2549
f 109 948 107
f 1830 1823 1827
f 1117 2497 2300
f 1828 949 819
f 132 2222 133
f 121 958 812
f 111 864 170
f 979 2201 1397
f 2491 154 1948
f 2113 1237 2069
f 2170 154 971
f 153 2271 154
f 2551 2527 2380
f 754 1825 1935
f 1939 169 149
f 387 1493 480
f 2158 1110 2298
f 968 974 862
f 2060 1484 186
f 1000 2110 1768
f 183 1466 2383
f 1488 169 1840
f 2165 989 1439
f 174 180 202
f 1841 178 179
f 1355 1379 1525
f 283 2069 292
f 1496 202 180
f 1588 1067 396
f 1509 2305 2414
f 1847 1846 1578
f 2456 1026 1250
f 1847 1849 997
f 2068 1551 2308
f 1254 1016 263
f 1764 1320 1323
f 299 276 1018
f 266 1249 2309
f 296 879 300
f 1252 1005 1522
f 1504 1036 1024
f 1047 1034 2036
f 2068 2392 1551
f 279 1051 1892
f 305 1892 1040
f 1860 1040 1225
f 1435 640 606
f 1042 1863 1894
f 1225 1051 1055
f 247 1005 242
f 1059 1332 1073
f 1059 1073 1865
f 636 585 2289
f 1870 1077 346
f 2558 507 944
f 1870 346 1146
f 1082 1485 2205
f 229 328 1141
f 563 583 1590
f 1132 381 10
f 2249 1580 1867
f 1580 2331 1864
f 1098 393 2333
f 1427 1486 1473
f 302 26 1348
f 499 719 2506
f 1878 1460 379
f 1868 321 356
f 1686 1810 2524
f 1349 238 377
f 507 2558 503
f 1119 1458 2278
f 508 35 1091
f 230 2225 1358
f 1475 1596 2228
f 2246 625 1084
f 1222 312 1501
f 66 131 244
f 936 1543 1030
f 1206 2317 936
f 450 1130 1140
f 301 316 310
f 1894 284 269
f 1218 1217 1220
f 2034 465 1239
f 1626 1437 524
f 923 2075 963
f 559 325 343
f 2147 1494 1739
f 1765 380 1541
f 34 39 122
f 1160 1341 1906
f 1914 1917 1913
f 1160 1917 1886
f 1157 1408 548
f 1885 1404 2028
f 1162 1914 1168
f 1316 189 165
f 547 1734 548
f 2466 2575 2467
f 2337 1671 1643
f 2575 1738 2341
f 975 1308 2150
f 1709 2137 2319
f 2187 593 831
f 1593 1845 1843
f 1719 2580 1922
f 1330 1178 1639
f 1844 1593 1843
f 1929 2580 1719
f 1191 593 2187
f 2580 1191 2187
f 873 153 165
f 1327 1652 1319
f 775 2188 1198
f 2340 2492 2270
f 1192 2572 2408
f 1190 1188 725
f 1191 1190 725
f 1936 755 1282
f 623 618 1203
f 2080 610 716
f 1663 2410 631
f 622 37 1204
f 69 1174 380
f 625 628 627
f 703 702 1281
f 2382 1632 2004
f 1931 1670 2471
f 705 704 684
f 1692 2348 1941
f 163 1316 153
f 1452 1683 1368
f 1688 1687 652
f 107 941 1376
f 962 1664 159
f 1949 1221 1945
f 1948 2222 132
f 6 957 1497
f 724 727 128
f 1063 2077 2319
f 950 1824 1370
f 1828 950 1370
f 1952 1949 659
f 114 943 724
f 727 724 943
f 1722 734 732
f 2371 2441 897
f 102 2562 2446
f 2445 2500 1820
f 2350 2280 577
f 1135 935 1434
f 1123 531 1635
f 2486 102 85
f 689 1633 688
f 2091 2548 2100
f 2563 2242 2281
f 1960 1648 1623
f 1964 699 1967
f 74 1131 93
f 1971 1074 707
f 1971 2352 2185
f 719 498 1010
f 1611 714 1621
f 726 477 721
f 1271 723 2536
f 1609 471 470
f 1609 470 2033
f 1265 1274 435
f 1605 752 1275
f 746 1275 752
f 728 471 1609
f 749 1606 1720
f 56 1809 2117
f 2598 920 1976
f 751 443 444
f 515 1980 1977
f 2356 2229 421
f 415 900 912
f 1602 1979 1981
f 1597 1291 406
f 1977 1742 1591
f 2084 1304 1296
f 1292 1741 1081
f 1594 1953 881
f 2361 906 2476
f 1988 28 29
f 1187 1126 2198
f 2116 1750 2432
f 2174 7 1075
f 1141 1520 2095
f 1020 2121 506
f 910 1482 18
f 893 2143 901
f 1228 355 1806
f 3 2440 2105
f 1324 756 1536
f 47 892 1792
f 1536 588 580
f 1761 1831 653
f 1310 1312 1760
f 30 27 899
f 1761 1832 1831
f 33 57 2561
f 649 1450 1314
f 2142 1784 1788
f 2497 1117 1476
f 1568 802 988
f 344 1831 1318
f 573 1450 649
f 330 1320 1474
f 1423 1416 1420
f 44 1786 197
f 2367 2008 1568
f 2245 2379 1834
f 833 2008 2284
f 2228 2499 1475
f 194 2142 1788
f 1085 2333 393
f 185 886 1382
f 1537 1528 222
f 1785 52 872
f 2015 2014 2020
f 1389 2435 535
f 535 86 526
f 1358 233 230
f 230 1775 1343
f 131 66 144
f 66 254 255
f 1900 502 914
f 1905 923 914
f 2587 2398 1100
f 1918 1913 1917
f 1917 1914 2028
f 1885 1405 1168
f 392 1284 1347
f 454 1618 1889
f 454 1598 1618
f 1073 1332 1491
f 1417 1332 307
f 1414 2263 1456
f 2010 108 1300
f 2265 108 2010
f 200 1830 2265
f 2107 1780 2478
f 926 521 2267
f 257 2269 853
f 2387 2269 2270
f 2302 2340 2270
f 1962 2012 701
f 1559 2043 2339
f 2276 2275 735
f 1713 735 2275
f 2121 733 481
f 2482 474 1022
f 1063 698 2077
f 1066 1978 2554
f 12 96 2565
f 12 134 96
f 1061 342 1044
f 398 1119 2278
f 627 1194 2411
f 1084 625 1267
f 2279 2424 2019
f 416 2019 2424
f 2279 2019 2361
f 2282 2505 2281
f 76 21 489
f 839 2282 1833
f 237 203 993
f 43 79 402
f 21 76 2095
f 1585 356 1093
f 356 2205 1093
f 356 1082 2205
f 833 2284 2257
f 1334 326 1392
f 326 1004 2288
f 1769 469 844
f 978 2449 2391
f 273 843 1558
f 843 1062 1558
f 1558 1062 1339
f 998 1494 2292
f 2293 2156 399
f 640 2295 2294
f 2298 396 1067
f 1476 1117 384
f 1864 1113 2460
f 1616 1643 1629
f 2587 2585 2398
f 330 588 1321
f 1440 1430 1880
f 2125 2054 1090
f 393 1599 1085
f 1815 1965 2242
f 2563 717 1815
f 1071 1881 442
f 2181 2063 2100
f 1940 73 93
f 1476 2251 2031
f 1128 1991 1878
f 1519 436 61
f 489 1142 2556
f 2556 1783 1125
f 19 6 1615
f 1272 2397 1212
f 2500 1409 1413
f 2372 448 995
f 48 80 1411
f 491 1614 1626
f 1568 833 802
f 14 2240 1800
f 1143 14 1800
f 995 980 522
f 2041 502 1618
f 1246 430 439
f 522 524 1437
f 1988 29 96
f 1626 523 491
f 980 2339 921
f 12 2565 122
f 80 48 916
f 28 4 2253
f 491 523 1144
f 1425 500 585
f 282 2465 864
f 1154 1883 1149
f 1738 824 823
f 1731 2341 823
f 569 2344 2404
f 2369 2440 3
f 1373 196 1818
f 1182 1315 2206
f 2123 1170 785
f 775 2358 2188
f 884 1520 328
f 2141 884 328
f 763 610 2542
f 1926 763 790
f 1926 1200 763
f 2339 2473 1652
f 181 1349 1382
f 2143 1387 282
f 711 2070 787
f 1192 2410 1663
f 1807 91 152
f 777 2260 617
f 1778 1744 136
f 1558 1339 2119
f 612 2473 662
f 648 1211 2133
f 844 35 1337
f 1193 2482 1235
f 1511 1521 1770
f 1874 657 1945
f 1685 668 669
f 1769 1554 493
f 1549 2338 2053
f 2367 2014 2285
f 2325 2482 1022
f 25 495 463
f 1377 2477 2529
f 662 667 1151
f 2254 2050 2183
f 2368 1465 1869
f 2403 1493 2199
f 2023 2272 663
f 1439 480 478
f 2254 2183 1679
f 2319 1912 1709
f 2334 1377 786
f 1457 2115 362
f 2477 1377 2005
f 1956 1245 1628
f 380 1174 1764
f 1183 336 972
f 1344 1345 650
f 527 1116 1114
f 2419 1263 2094
f 2056 1603 1916
f 1233 507 604
f 1054 2085 1707
f 1710 1265 1266
f 1710 721 1265
f 767 944 507
f 1717 2033 1608
f 798 2160 1175
f 270 1480 888
f 1268 743 728
f 1759 792 2171
f 1102 1311 1930
f 1246 439 1480
f 421 2399 2503
f 816 1216 1891
f 2498 1985 1489
f 844 261 92
f 2361 2343 906
f 875 2475 2169
f 2476 365 2526
f 2427 771 2530
f 2193 2256 2499
f 1756 1575 807
f 1228 1806 796
f 515 1904 1418
f 1204 37 647
f 354 1362 538
f 385 786 1950
f 1323 1320 343
f 1890 1423 1420
f 69 380 72
f 401 2538 1958
f 463 280 274
f 401 778 1961
f 270 268 843
f 550 516 205
f 412 843 268
f 661 650 1791
f 963 1816 1889
f 426 1601 404
f 890 1382 1349
f 1349 2517 890
f 1782 1775 872
f 1690 2320 476
f 2531 2474 759
f 768 407 764
f 8 1678 1359
f 1389 535 5
f 892 896 2528
f 45 1387 893
f 766 1601 2118
f 435 439 430
f 2219 112 4
f 931 2354 2230
f 1795 1467 112
f 1546 2099 1169
f 640 1435 654
f 640 654 641
f 2176 468 2213
f 1126 1412 2057
f 2294 1665 1680
f 1430 2483 1187
f 2445 2487 1446
f 2057 1562 2198
f 77 54 2264
f 2124 1610 504
f 1562 2152 2198
f 1428 1814 2049
f 85 1434 1942
f 1968 83 928
f 1812 82 1531
f 1585 400 2583
f 1966 1736 101
f 1710 2185 721
f 2092 2493 939
f 2462 461 2124
f 943 100 1443
f 2215 2444 1440
f 1996 105 1821
f 1826 1675 97
f 2103 2403 2493
f 1181 647 37
f 525 812 1394
f 754 1500 717
f 1730 932 1833
f 1727 2213 218
f 2423 1300 108
f 2102 130 2515
f 2336 706 623
f 137 1651 961
f 1466 1338 162
f 1472 969 968
f 162 984 1466
f 1633 1255 1634
f 2199 1493 2384
f 2269 2387 1461
f 1308 2021 189
f 1624 225 2215
f 101 2377 544
f 1510 2305 1509
f 2235 2189 2324
f 1848 994 1510
f 673 2272 577
f 2552 1003 2557
f 1550 150 2349
f 506 527 1107
f 115 2066 1578
f 1254 1548 1517
f 1257 2454 1517
f 1852 1249 267
f 227 1023 2541
f 1014 1006 1858
f 355 820 1806
f 2330 1151 667
f 2330 640 639
f 2183 2108 2351
f 2050 2108 2183
f 115 307 2066
f 269 284 1045
f 311 1223 310
f 936 2317 315
f 318 1543 2248
f 2345 452 2012
f 2368 399 999
f 1435 1676 654
f 2156 1064 1427
f 396 386 388
f 1868 356 1585
f 657 668 1685
f 1873 361 1099
f 2301 1447 1694
f 1136 1577 364
f 373 1088 1477
f 2042 1086 382
f 656 1933 2590
f 2386 2388 2327
f 37 1691 1185
f 1475 2256 259
f 612 1658 2473
f 1094 393 1109
f 1310 1759 2056
f 888 1770 270
f 1851 2583 1871
f 2311 1555 2009
f 2482 2555 2578
f 2398 2535 1871
f 2002 1701 618
f 2123 1199 616
f 1449 1600 2283
f 2412 2482 2325
f 843 412 1062
f 619 1188 1928
f 408 1598 447
f 2184 1660 2584
f 1887 1284 1547
f 780 795 1973
f 2287 1960 1623
f 432 448 2372
f 1584 1614 486
f 1436 2495 2231
f 995 1437 2372
f 1951 795 2206
f 785 1170 584
f 2518 2178 2148
f 1559 2339 1871
f 800 1724 2237
f 352 354 353
f 2544 2339 1652
f 515 686 1244
f 1369 2593 801
f 801 1170 1369
f 500 1425 1139
f 2206 1315 1341
f 863 248 428
f 523 1556 1144
f 1913 1906 1909
f 914 520 1973
f 1646 557 2195
f 2128 557 1646
f 2029 1746 1155
f 1536 1544 588
f 1797 907 472
f 1641 1168 1951
f 1639 1896 1654
f 1896 575 1654
f 1751 1407 555
f 571 2159 1920
f 2466 593 2593
f 2246 1173 1934
f 808 804 744
f 196 1373 233
f 787 587 828
f 536 1408 1915
f 804 771 1758
f 1658 612 2544
f 804 366 771
f 642 647 1181
f 1210 2504 2470
f 1200 684 703
f 645 1221 2358
f 2295 611 646
f 277 2568 482
f 13 63 1421
f 1305 1757 825
f 666 1234 1952
f 881 2429 1987
f 791 1305 825
f 2322 2472 673
f 2511 882 1972
f 1240 1648 1955
f 426 748 2120
f 95 2102 101
f 1019 1559 2583
f 2506 2254 1679
f 2087 1121 488
f 483 701 2012
f 2215 957 6
f 2600 726 721
f 506 2121 1263
f 1010 731 732
f 1550 2135 192
f 577 2272 701
f 2088 745 460
f 2502 1627 970
f 761 2273 2276
f 423 762 747
f 1768 421 2017
f 2356 2574 2570
f 425 1972 417
f 2570 2574 425
f 415 912 1602
f 385 944 1595
f 905 1728 2427
f 2071 2512 2427
f 2511 2489 882
f 192 1494 1550
f 2475 1754 2539
f 1037 1626 1614
f 888 2183 1950
f 1449 1120 427
f 2075 2553 2333
f 2056 1916 1312
f 1420 1324 1536
f 338 820 817
f 632 2366 1572
f 2366 2173 1572
f 1317 1314 1515
f 589 1831 1832
f 1079 1009 596
f 2474 1289 2416
f 2285 2008 2367
f 1117 2300 422
f 1201 1669 1202
f 2119 449 1558
f 1961 1291 407
f 856 859 2018
f 1777 2214 1882
f 1355 1359 1379
f 337 127 860
f 119 86 535
f 2058 1366 278
f 229 224 690
f 2022 210 1771
f 1991 2207 1137
f 2239 1785 2567
f 16 2520 1789
f 896 45 893
f 896 893 902
f 902 1690 896
f 403 1100 432
f 1100 2398 432
f 1972 1293 417
f 2565 2072 122
f 503 385 1950
f 1973 520 780
f 1800 2072 1774
f 1982 2105 2443
f 394 2554 1134
f 48 49 916
f 757 758 774
f 774 758 772
f 915 50 985
f 757 774 768
f 2329 1088 373
f 765 84 2430
f 93 1068 1940
f 935 1998 2241
f 89 1406 1736
f 1406 101 1736
f 445 1725 2089
f 1976 920 919
f 1398 1779 2377
f 1996 1995 1700
f 2423 108 99
f 1452 2447 1683
f 90 128 727
f 149 2203 2244
f 1071 2497 2031
f 149 2244 1939
f 2060 2212 2146
f 1619 971 1466
f 177 1308 975
f 2450 193 1295
f 2385 2340 2559
f 209 202 1845
f 1578 2065 115
f 2082 203 227
f 2270 2307 2068
f 2309 1553 2389
f 2311 2392 2068
f 2392 2035 1552
f 1898 2156 998
f 1243 2456 2034
f 2155 1218 1016
f 1109 1099 1094
f 293 465 283
f 1218 1899 2407
f 1516 1031 1237
f 1220 1217 296
f 1892 1505 2154
f 1562 1560 1059
f 2113 2577 311
f 2555 2082 2541
f 1052 1056 2578
f 1046 2458 332
f 2293 1064 2156
f 2541 1868 1851
f 2573 1633 1634
f 1235 1028 1193
f 376 1865 2537
f 1132 2157 2395
f 1168 1405 1162
f 1732 1277 913
f 1871 2535 1851
f 2176 2213 1447
f 2354 419 2230
f 1100 2329 2587
f 396 388 1588
f 376 370 1880
f 447 1035 1599
f 2400 432 2398
f 2579 1888 2400
f 451 2579 456
f 2585 1463 2535
f 202 1309 174
f 754 2082 1500
f 1466 984 2383
f 1559 1871 2583
f 2135 2063 83
f 745 2088 734
f 2436 1822 2493
f 1822 1819 1519
f 1910 1907 1911
f 865 1556 523
f 1542 314 1047
f 1883 1896 1149
f 869 1407 1159
f 1369 1738 2575
f 1045 284 1033
f 300 879 1043
f 574 587 2594
f 593 2466 831
f 2246 967 2468
f 798 821 2405
f 1327 2544 1652
f 283 286 2577
f 283 465 1533
f 465 2034 1533
f 1926 593 1200
f 2009 298 2311
f 641 1671 568
f 1140 2597 780
f 2357 782 693
f 1011 2153 237
f 1089 910 248
f 1674 638 710
f 1682 2591 1179
f 2413 2590 2062
f 1712 1607 2122
f 1898 998 2224
f 2592 2520 2259
f 1219 1179 1176
f 662 2043 1244
f 381 1694 10
f 656 2413 2163
f 1685 666 659
f 1376 941 2433
f 1376 2433 955
f 996 1841 1553
f 2588 51 833
f 51 2588 297
f 842 297 2588
f 2083 219 217
f 1255 2463 1634
f 2280 2350 1489
f 686 488 1121
f 2322 2280 2321
f 1843 183 1844
f 2321 516 1699
f 1091 67 329
f 1969 2024 1970
f 2287 1623 1264
f 2191 2508 519
f 731 751 732
f 1264 1623 433
f 2450 2386 2494
f 1268 728 1266
f 431 743 430
f 2183 2351 1950
f 927 430 1246
f 984 162 983
f 1627 778 2531
f 2538 409 1958
f 1494 75 1739
f 881 1987 2362
f 163 1325 975
f 964 1328 834
f 1919 2514 1750
f 116 2060 2146
f 816 350 744
f 1545 1993 51
f 1453 107 120
f 121 1711 969
f 533 347 538
f 1764 1541 380
f 325 559 1392
f 1008 60 1079
f 2111 2529 2197
f 2304 1202 2093
f 1339 1669 2119
f 1882 811 1855
f 2508 2016 699
f 2517 235 890
f 472 2438 1797
f 251 229 1783
f 1966 2525 323
f 90 466 2516
f 1141 1125 229
f 1678 1379 1359
f 324 1821 252
f 1375 185 1382
f 1959 1441 1998
f 1730 2242 1965
f 2259 2602 2592
f 167 2521 2371
f 1169 2101 1145
f 1531 2063 2181
f 38 21 1069
f 29 428 96
f 56 985 50
f 2483 1430 929
f 2065 1195 1615
f 839 1893 1825
f 9 930 1968
f 2100 2548 2519
f 1445 1819 2436
f 6 1497 1615
f 53 2204 1812
f 1810 2243 89
f 1409 2500 2431
f 1739 15 2255
f 1131 1500 2555
f 2255 1397 2292
f 1448 108 2265
f 1767 1422 389
f 138 137 961
f 1773 402 79
f 873 2245 1834
f 2522 1143 46
f 1836 159 160
f 1774 1411 80
f 2449 2074 2494
f 2387 2270 2492
f 2383 984 1844
f 2418 1295 2550
f 28 1798 4
f 2342 213 883
f 1578 1300 2423
f 96 1795 1988
f 203 1893 993
f 225 1070 2374
f 1467 1795 1400
f 1870 1146 1098
f 1879 541 867
f 2211 679 115
f 2552 1510 1509
f 535 526 5
f 3 1546 1586
f 2557 249 1848
f 32 2602 171
f 17 187 30
f 1783 2448 1772
f 891 2238 2022
f 2315 474 465
f 1780 239 885
f 736 1017 2393
f 1516 2036 1031
f 2113 2316 1516
f 1530 1030 1543
f 2247 318 296
f 2247 1543 318
f 679 2459 1078
f 2226 318 2248
f 236 890 235
f 233 1361 230
f 2541 321 1868
f 1639 1354 2073
f 280 1695 479
f 2368 1463 2585
f 2586 1245 1247
f 2537 1570 376
f 115 382 1086
f 1140 2041 1598
f 1681 1592 2207
f 2553 2075 485
f 462 429 1201
f 1392 1450 1334
f 988 1418 277
f 2329 1477 2585
f 487 56 19
f 1867 1580 1864
f 564 1157 548
f 1438 398 391
f 1334 589 590
f 1589 395 2297
f 1990 1216 349
f 793 1805 1758
f 2332 2553 2537
f 804 1758 744
f 802 2266 1742
f 1037 1588 2296
f 2195 557 558
f 888 1480 2183
f 2158 486 2299
f 1480 1216 1246
f 2489 1569 1954
f 520 2041 780
f 780 2041 1140
f 1625 1587 767
f 767 1595 944
f 1616 1629 442
f 1179 671 1684
f 778 1289 2474
f 1983 441 1740
f 1909 1910 1913
f 2531 759 1627
f 1734 547 545
f 2544 921 2339
f 1733 2574 2356
f 1885 1914 1162
f 1746 1747 2196
f 2359 920 2598
f 743 435 430
f 1716 440 441
f 2055 443 751
f 1562 1865 376
f 434 2136 722
f 1729 583 1726
f 1479 1714 976
f 1657 1319 2473
f 680 2052 1224
f 1682 2597 1140
f 2410 2408 1692
f 2411 2233 1267
f 2025 711 828
f 498 1021 1620
f 1971 1021 2352
f 1691 706 2336
f 1858 1006 319
f 2191 519 728
f 1241 715 710
f 1463 2315 1034
f 2294 2209 1665
f 519 1097 1266
f 1645 574 563
f 2541 1023 321
f 648 652 1687
f 499 1679 494
f 2368 339 1463
f 1945 657 659
f 308 2482 2578
f 1494 306 1390
f 2419 1116 527
f 603 2289 604
f 581 1734 1354
f 1734 578 579
f 1734 581 578
f 2326 2322 1699
f 1648 1696 550
f 1114 1116 1697
f 424 2004 1471
f 1053 708 1090
f 1710 1074 2185
f 1271 2314 1974
f 2121 481 1000
f 2189 2235 1549
f 461 1610 2124
f 2280 2322 673
f 1459 776 125
f 970 976 1278
f 737 746 753
f 431 1605 1608
f 438 738 749
f 1479 970 1627
f 426 2118 1601
f 2351 503 1950
f 927 752 431
f 2182 2354 441
f 2355 1602 440
f 1471 2148 424
f 2306 2359 433
f 2461 2399 2138
f 2235 566 2023
f 2071 1766 2503
f 401 1289 778
f 576 2344 1640
f 951 128 2516
f 2363 2279 2526
f 2526 875 2363
f 628 2246 1934
f 77 2065 99
f 792 1306 791
f 2289 603 636
f 678 672 1576
f 2043 662 2473
f 1181 1176 1684
f 1392 1515 1450
f 1183 972 327
f 1181 1185 664
f 86 413 526
f 1684 671 642
f 1402 526 413
f 842 2020 493
f 1221 645 1945
f 76 489 1331
f 1791 650 377
f 1791 1351 2144
f 1839 2452 476
f 119 535 866
f 2141 1813 2479
f 893 1387 2143
f 188 2441 2481
f 1145 1546 1169
f 2554 1411 2370
f 1195 1774 80
f 1126 87 1412
f 1819 2443 436
f 1248 2189 1955
f 2061 49 1298
f 2523 2545 1762
f 2243 1810 2546
f 2065 77 2264
f 2484 2519 2548
f 1968 930 83
f 2584 2233 2411
f 2135 83 930
f 11 895 20
f 521 245 1869
f 2233 2584 1660
f 1724 800 801
f 141 2582 2090
f 829 2147 2255
f 2584 1194 609
f 1340 2062 2590
f 2540 781 2208
f 1662 154 2491
f 2591 2047 671
f 971 1662 133
f 609 1927 2584
f 909 962 159
f 1619 175 2170
f 607 2594 601
f 2010 200 2265
f 1303 1604 2151
f 1303 2151 2067
f 587 787 1177
f 1893 218 993
f 956 209 1593
f 1578 1846 2010
f 2211 1497 1070
f 340 992 474
f 658 664 2023
f 2405 1167 571
f 2557 1510 2552
f 1922 831 2467
f 1563 1561 1850
f 1522 1005 1563
f 1587 1625 797
f 1172 1018 276
f 1533 2034 2456
f 611 1144 1556
f 2194 2560 2512
f 306 1060 1390
f 1060 1065 1390
f 359 1064 2368
f 1419 642 537
f 868 2029 1155
f 2186 2128 874
f 1061 1083 342
f 894 2075 647
f 345 115 1086
f 2176 1447 2301
f 2258 433 2359
f 1078 382 115
f 743 431 1608
f 2176 1128 1082
f 516 334 205
f 1480 742 726
f 1976 2422 2598
f 2189 2287 1264
f 1425 2050 501
f 2332 1098 2333
f 914 502 520
f 566 1962 2272
f 663 2272 673
f 2398 2585 2535
f 139 147 968
f 640 2330 606
f 1599 393 1094
f 676 2098 1579
f 2031 2497 1476
f 1875 408 1094
f 1864 1104 1110
f 1598 408 1875
f 1629 1643 1670
f 2464 1353 1751
f 2299 1616 453
f 595 1189 2048
f 2506 722 2136
f 967 1084 1464
f 2258 2359 2598
f 1112 485 411
f 1888 451 458
f 1436 432 2400
f 1590 1363 2139
f 2579 2339 2231
f 2231 2339 1436
f 1436 2339 980
f 2357 607 782
f 2127 1138 2300
f 1972 2425 2510
f 1618 502 1793
f 1559 501 2050
f 1140 1424 2047
f 938 1137 2207
f 500 1139 467
f 2186 1636 2128
f 568 1144 611
f 1590 2139 847
f 824 1326 2179
f 602 601 2237
f 602 2237 1724
f 1199 2123 785
f 1327 1658 2544
f 2540 2208 809
f 2208 781 1556
f 1340 1173 2062
f 1327 1319 1657
f 1329 1660 2184
f 1729 683 1198
f 1729 677 683
f 755 1209 763
f 2234 1701 2338
f 1189 1929 2048
f 1178 1330 2184
f 1688 602 2080
f 1816 2333 1085
f 1082 356 332
f 637 635 1672
f 1224 712 1693
f 2504 1210 2052
f 643 1214 1677
f 1140 1598 450
f 2295 646 2294
f 1179 1219 1682
f 2207 1991 2236
f 1113 453 442
f 1549 2161 2338
f 2579 2398 1871
f 660 2472 658
f 1851 2535 1052
f 604 2289 1233
f 2042 450 1598
f 2223 991 1506
f 1583 2334 385
f 2043 2254 2136
f 797 418 1457
f 2232 1245 2586
f 2254 2506 2136
f 2278 391 398
f 2573 1634 1122
f 1255 1057 2463
f 519 2508 699
f 494 498 499
f 1021 498 494
f 1602 912 440
f 519 1266 728
f 492 1010 734
f 751 731 2167
f 1280 772 758
f 2055 1607 740
f 1605 1717 1608
f 2345 634 2570
f 1766 2017 421
f 515 1244 1904
f 764 407 1981
f 1283 2359 2306
f 1289 401 1958
f 2329 2585 2587
f 2363 875 2510
f 880 1986 778
f 1290 778 1986
f 905 2530 784
f 2530 905 2427
f 922 1008 1416
f 2093 600 1153
f 1202 2304 459
f 464 429 462
f 2291 837 464
f 462 459 2291
f 771 2427 2512
f 2475 875 2526
f 771 2512 2560
f 2192 1701 583
f 2171 2513 2172
f 2455 360 2442
f 358 1306 2455
f 1806 582 796
f 1644 348 695
f 608 674 1324
f 818 1314 1317
f 695 1808 341
f 1761 2366 632
f 823 2341 1738
f 1183 1180 826
f 1334 1450 573
f 568 611 641
f 988 2367 1568
f 1132 2395 384
f 929 1809 2483
f 72 463 274
f 469 479 1695
f 1928 1188 1184
f 1189 1184 1188
f 140 294 136
f 170 1367 111
f 1372 1640 2344
f 571 1920 553
f 98 2571 2370
f 1807 2435 2439
f 2259 2520 1792
f 901 2143 4
f 1645 1165 827
f 2331 1577 1136
f 1800 122 2072
f 1797 36 1499
f 87 1801 1800
f 841 2159 1167
f 2554 2096 1134
f 48 1411 2554
f 1076 916 2061
f 1428 1 2221
f 1065 364 363
f 2063 2135 41
f 2500 1446 1718
f 939 2203 2092
f 74 1500 1131
f 1192 2406 2572
f 1952 1650 1240
f 2215 6 2444
f 1959 2595 2488
f 979 1397 521
f 90 2516 128
f 1082 333 2176
f 1647 960 1659
f 977 849 1835
f 979 521 1465
f 1022 835 1478
f 1288 2212 2060
f 193 2450 2494
f 1163 921 2208
f 183 1296 1304
f 1865 1870 2537
f 1390 363 1694
f 219 989 1050
f 1921 2305 2451
f 2412 2555 2482
f 873 161 2245
f 1003 249 2557
f 279 1892 2154
f 1011 468 420
f 2311 272 1555
f 2311 1230 2392
f 263 2407 1899
f 1899 289 263
f 195 1780 885
f 1854 1523 288
f 289 1231 1012
f 1032 303 1538
f 1661 1660 2175
f 679 1017 736
f 2009 1045 1033
f 1030 1206 936
f 1036 1227 2114
f 1059 319 1332
f 2535 1862 1052
f 317 318 2226
f 1862 314 316
f 1690 902 2320
f 240 306 1494
f 863 28 2253
f 2095 1069 21
f 1051 1225 1040
f 1880 2152 376
f 23 312 1039
f 1868 1585 2583
f 1507 320 2009
f 2315 1463 339
f 248 18 1487
f 1504 1024 1853
f 1113 1881 2460
f 1856 1239 1523
f 1552 2035 1205
f 1557 1029 1002
f 1557 1205 1029
f 676 1233 2289
f 1850 1253 1015
f 2148 2203 424
f 2332 2333 2553
f 2301 2236 1991
f 1254 2360 1016
f 265 264 2311
f 1852 275 1249
f 150 41 2349
f 2178 64 1565
f 2075 2333 1816
f 1130 1119 514
f 2541 2082 227
f 1449 427 467
f 74 151 1500
f 522 1437 995
f 82 928 83
f 486 2337 2299
f 2140 1138 2127
f 2337 486 512
f 914 923 963
f 1 245 521
f 2303 1509 2414
f 1419 513 514
f 1921 1285 2496
f 1288 2496 1285
f 2198 1126 2057
f 522 1163 865
f 992 903 1022
f 2376 2327 2390
f 2073 1156 1152
f 2522 46 2373
f 539 2139 2029
f 2139 539 847
f 1795 112 1988
f 1646 1879 2128
f 1341 1160 2206
f 112 1798 1988
f 560 1165 563
f 563 574 1027
f 2337 1872 568
f 578 581 1352
f 1352 1166 578
f 2404 1877 569
f 2593 790 801
f 2160 1877 2404
f 2160 2404 1175
f 1893 203 1935
f 1419 894 642
f 2179 1928 594
f 1500 2082 2555
f 2406 1656 1326
f 2382 1295 1632
f 683 677 682
f 1156 2045 1399
f 2469 614 617
f 2473 2339 2043
f 627 628 1933
f 716 770 703
f 909 159 903
f 903 159 835
f 1471 2004 1483
f 2062 1673 2413
f 1693 2261 637
f 2295 641 611
f 1682 1140 2591
f 2592 1789 2520
f 1534 4 2143
f 1676 2471 654
f 1399 876 1156
f 654 2132 641
f 147 2149 974
f 657 1685 659
f 2328 2081 2472
f 2292 829 2255
f 1446 1826 1957
f 222 2011 119
f 2102 1675 130
f 190 2501 1667
f 639 1151 2330
f 1236 620 621
f 2322 2328 2472
f 1824 141 2090
f 1248 1960 2189
f 2415 2586 2417
f 2578 1851 1052
f 562 2415 2417
f 1392 559 1515
f 1764 1174 1320
f 945 2378 118
f 2463 1122 1634
f 2090 2582 969
f 2090 969 1711
f 553 534 552
f 503 604 507
f 2135 1550 2349
f 1708 1057 2166
f 1041 2421 2124
f 452 483 2012
f 734 2088 492
f 777 2046 2260
f 2012 634 2345
f 1957 1718 1446
f 95 1444 1957
f 1610 461 738
f 1606 461 986
f 426 2120 2118
f 2422 1976 766
f 425 750 2570
f 927 753 752
f 1497 2211 1615
f 1820 2500 1413
f 1985 334 1489
f 1880 1430 1187
f 2511 1972 2510
f 2503 2399 2461
f 1292 414 1983
f 2429 881 1954
f 2476 2526 2279
f 2100 2519 2181
f 1901 109 962
f 385 1595 1583
f 1880 2215 1440
f 1276 771 2560
f 375 1754 1930
f 788 760 2442
f 2200 807 1575
f 2005 2334 1583
f 1307 807 810
f 842 1127 297
f 842 493 1554
f 916 1195 80
f 1351 1842 156
f 954 982 209
f 1534 282 864
f 222 328 690
f 1478 2412 2325
f 1482 2072 2565
f 2565 96 31
f 884 2095 1520
f 1499 36 22
f 1797 1499 907
f 1789 2592 2561
f 2481 2441 2371
f 1143 2369 14
f 39 908 122
f 2554 2370 2096
f 696 1219 1215
f 1615 1195 1076
f 1767 394 1134
f 87 915 1984
f 2019 2110 481
f 2423 99 2065
f 1809 56 2483
f 2599 924 1762
f 184 2259 1792
f 1068 2484 1940
f 74 73 765
f 2547 15 455
f 2534 157 52
f 32 2 1788
f 1443 1441 2596
f 1873 1099 1109
f 2431 2500 100
f 943 1452 100
f 466 2378 1384
f 2595 727 2488
f 958 121 969
f 1796 114 2426
f 2433 1659 955
f 1901 962 909
f 1361 233 1373
f 137 2130 2376
f 2387 2492 129
f 229 1837 224
f 1359 1355 91
f 983 162 977
f 1842 2039 239
f 340 903 992
f 2376 2390 2389
f 2083 2418 2384
f 1521 554 268
f 391 1458 1108
f 2119 1669 261
f 218 2213 468
f 994 1848 2310
f 340 2315 339
f 2010 518 200
f 2310 267 266
f 1852 1533 275
f 1527 1257 253
f 298 1230 2311
f 998 2156 1060
f 1562 376 2152
f 630 1530 1543
f 269 1045 1222
f 1898 399 2156
f 296 318 879
f 1637 1008 1079
f 277 1904 1571
f 1420 1008 1324
f 2578 2555 1851
f 495 25 1362
f 270 495 1216
f 1495 2130 2527
f 1463 1862 2535
f 649 1311 718
f 348 1808 695
f 1077 1072 346
f 1158 1311 818
f 718 2027 357
f 792 1759 803
f 1477 359 2585
f 2301 1128 2176
f 277 1418 1904
f 666 1685 2401
f 2513 1944 830
f 676 1579 207
f 1569 2569 2364
f 2395 1476 384
f 1598 1875 2042
f 1094 408 1599
f 396 2298 1104
f 625 2246 628
f 450 1458 1119
f 1137 1092 1991
f 400 1019 2583
f 583 1655 599
f 2579 2400 2398
f 1751 1186 2464
f 1876 2157 1867
f 2495 1436 2400
f 1390 1447 1550
f 419 2354 2182
f 2594 1027 574
f 753 927 423
f 334 516 1489
f 970 475 2502
f 733 729 1609
f 437 1612 438
f 723 1000 1768
f 207 938 2207
f 714 505 498
f 1578 2423 2065
f 868 539 2029
f 2128 1636 561
f 692 2314 1271
f 2195 1442 1646
f 586 2404 576
f 1639 1178 581
f 824 2179 594
f 1630 1631 529
f 1631 1116 529
f 2041 520 502
f 619 1928 2179
f 1655 1701 2002
f 1191 1200 593
f 2411 1194 2584
f 1197 716 610
f 1209 755 1936
f 646 611 781
f 1703 2085 697
f 1643 2347 1670
f 1682 696 2597
f 1673 2081 2413
f 656 669 1933
f 1431 1592 1681
f 1596 676 207
f 1258 2040 1710
f 1065 363 1390
f 1955 2189 2162
f 1220 1223 1231
f 298 2009 1033
f 1945 659 1949
f 2232 2589 1638
f 2586 2589 2232
f 1240 1650 621
f 1114 1697 562
f 2158 2298 1067
f 2401 1240 621
f 666 2401 621
f 1703 2573 1702
f 1949 1952 2162
f 1956 1628 2079
f 2077 1702 1122
f 1964 1087 2190
f 2024 1969 1963
f 1623 1648 205
f 720 719 1010
f 2033 965 733
f 743 471 728
f 2017 1766 2536
f 2071 1606 986
f 443 740 739
f 759 773 1280
f 2498 1293 1985
f 2362 2512 2461
f 2475 2526 1105
f 1993 1545 67
f 410 2236 1694
f 2133 1211 677
f 1216 1990 813
f 2027 1311 1102
f 1805 794 2001
f 1220 289 1899
f 1761 344 2366
f 685 637 1213
f 2529 2477 1649
f 2318 315 2394
f 341 60 479
f 651 2108 2050
f 2597 696 780
f 1215 1704 696
f 381 410 1694
f 2111 1511 888
f 2254 2043 1559
f 2358 775 645
f 254 244 1147
f 661 1791 687
f 811 687 241
f 226 1355 1525
f 472 1537 1360
f 770 1197 763
f 1787 2567 1361
f 2567 872 1361
f 2233 1196 2134
f 2438 472 1360
f 1141 2095 76
f 1861 1227 1036
f 1818 196 1698
f 2572 615 1937
f 2561 2217 2177
f 2439 8 1807
f 112 901 4
f 2440 2522 2105
f 39 36 908
f 777 614 615
f 21 34 1800
f 122 1800 34
f 1093 2205 379
f 801 2542 610
f 2473 1319 1652
f 1106 2420 1707
f 915 985 1984
f 1819 1982 2443
f 63 2057 1804
f 924 2485 214
f 928 82 1812
f 1973 795 1914
f 1406 89 1444
f 1397 455 521
f 478 713 2375
f 2446 947 2378
f 1378 1464 2134
f 1459 1675 776
f 959 819 1131
f 114 724 2426
f 128 951 838
f 1466 133 2222
f 1664 1453 160
f 1613 2277 1564
f 1171 565 1442
f 565 1646 1442
f 155 835 1328
f 966 173 164
f 862 974 973
f 161 1835 2245
f 959 2555 862
f 1472 2412 1478
f 1065 388 371
f 2449 1492 2391
f 2391 2202 2396
f 182 2385 2559
f 883 204 2342
f 1746 1363 1464
f 1404 1168 1641
f 984 1503 1844
f 2496 208 2414
f 1026 1243 1232
f 2390 2309 2389
f 546 2073 545
f 2451 2305 1510
f 1510 994 2388
f 1973 1914 914
f 1513 232 231
f 1408 547 548
f 994 2310 2390
f 1527 253 290
f 1548 1852 249
f 1252 242 1005
f 2368 1869 339
f 1249 2456 1250
f 997 1014 1858
f 1193 1523 465
f 304 1231 1223
f 537 513 1419
f 314 1540 316
f 1463 1034 314
f 2402 2458 1046
f 1851 2555 2541
f 1056 308 2578
f 512 1144 1872
f 524 522 865
f 1966 1686 2524
f 1486 1427 1064
f 1460 1093 379
f 1570 2537 1208
f 386 2331 1136
f 382 1108 2042
f 1875 1086 2042
f 1061 1044 736
f 736 2393 1061
f 2113 283 2577
f 474 2482 1193
f 427 500 467
f 1460 1878 1498
f 2042 1108 1458
f 395 1100 403
f 1460 2283 1600
f 450 2042 1458
f 264 272 2311
f 2509 2385 2202
f 453 1110 2158
f 1841 1651 2381
f 1681 2207 2236
f 2215 2374 957
f 1037 1614 1067
f 1584 486 2158
f 485 514 411
f 2372 1437 1037
f 2244 2384 1490
f 2339 2579 1871
f 2579 2231 456
f 192 75 1494
f 1618 1900 963
f 1133 442 1629
f 486 491 512
f 1559 1019 501
f 411 514 1119
f 447 454 1035
f 1111 389 2277
f 1140 513 1424
f 2067 2151 202
f 1978 1298 49
f 541 543 1749
f 543 542 1371
f 2034 1856 1243
f 563 1165 1645
f 1884 1566 2297
f 593 790 2593
f 2158 1067 1584
f 2195 832 2581
f 1178 1927 1352
f 1927 555 1352
f 2123 2260 1170
f 1927 2184 2584
f 1173 1704 2062
f 903 340 909
f 1617 1169 2099
f 626 572 1426
f 677 2357 693
f 735 1713 726
f 2336 2234 1691
f 2336 1701 2234
f 1200 705 684
f 2411 625 627
f 2591 671 1179
f 2397 1674 1212
f 602 1688 691
f 1145 2101 1772
f 669 655 1685
f 1176 664 658
f 639 2294 1151
f 2081 2328 2413
f 655 656 2163
f 1244 667 662
f 1234 620 1236
f 2189 2053 2162
f 2533 1574 1121
f 844 469 1695
f 2119 261 1695
f 2243 2546 1942
f 1942 1998 2243
f 1116 1638 1697
f 2189 1960 2287
f 1122 1912 2077
f 1107 2190 506
f 529 2419 2094
f 2256 446 1335
f 459 1153 2291
f 341 1571 709
f 275 1533 1249
f 2352 721 2185
f 496 1714 1721
f 723 1974 1000
f 1851 1868 2583
f 1589 1923 395
f 1278 1273 970
f 475 942 2502
f 743 1268 435
f 732 751 1722
f 417 452 750
f 2502 942 419
f 1977 488 515
f 1722 751 762
f 1976 1725 766
f 2110 416 1733
f 2353 425 2574
f 927 1246 423
f 2474 773 759
f 2424 2279 2363
f 1953 2306 1415
f 762 438 747
f 2364 2194 2512
f 2350 1573 1489
f 1573 2350 1706
f 1679 726 2600
f 2331 386 1104
f 1679 499 2506
f 1919 769 2514
f 818 815 1158
f 760 358 2442
f 793 794 1805
f 815 2001 794
f 1760 1992 1310
f 1544 1321 588
f 1867 1481 2249
f 1575 796 582
f 477 2274 1274
f 1180 1183 327
f 1625 767 676
f 1765 327 380
f 25 463 72
f 495 273 463
f 2573 1703 1256
f 257 231 264
f 1695 261 844
f 1511 670 1521
f 2225 850 851
f 1781 1778 1350
f 1121 2330 2533
f 359 1477 1088
f 65 294 140
f 26 234 1348
f 2452 2603 1690
f 247 1261 1262
f 1782 88 1781
f 864 111 4
f 2480 2239 188
f 887 16 1789
f 1873 1098 1146
f 2602 2561 2592
f 16 30 899
f 2534 2481 2521
f 157 2521 167
f 361 1873 1146
f 2216 2253 4
f 98 2370 1411
f 12 122 135
f 29 28 428
f 1143 2522 2440
f 1240 1696 1648
f 87 1984 1801
f 1101 1412 87
f 1952 1240 1955
f 1187 2483 50
f 1562 2057 63
f 2436 1819 1822
f 54 77 59
f 1430 1440 929
f 928 1812 11
f 1562 63 1103
f 78 1103 63
f 73 84 765
f 2547 2255 15
f 1821 1820 252
f 1995 1124 110
f 2230 419 942
f 68 1448 1827
f 1830 1562 1103
f 218 1833 1727
f 113 2090 126
f 1131 819 949
f 1830 1827 1448
f 139 968 2582
f 133 1466 971
f 2265 1830 1448
f 1662 971 154
f 2199 2384 2244
f 1619 1466 183
f 2082 1935 203
f 1830 200 1562
f 172 201 180
f 2509 2492 2340
f 1415 433 205
f 2376 2130 2327
f 2386 2450 217
f 2292 1494 829
f 1843 1845 1496
f 2176 333 420
f 1078 115 679
f 997 518 1846
f 1841 2389 1553
f 2212 1288 2165
f 1847 1578 1006
f 1465 2368 999
f 1557 1552 1205
f 2312 1251 2576
f 1858 1059 1560
f 1529 299 1018
f 1854 1856 1523
f 2038 1226 1895
f 1060 306 998
f 315 2317 2346
f 1013 1232 1242
f 1501 633 1860
f 630 1543 2247
f 319 1059 1858
f 316 1052 1862
f 1220 1899 1218
f 1239 465 1523
f 1232 1856 1854
f 1865 1562 1059
f 287 288 1523
f 292 293 283
f 1016 2078 2155
f 1435 207 1592
f 376 1570 1433
f 1073 1077 1870
f 828 711 787
f 1015 1522 1563
f 1007 1539 1850
f 1548 1254 263
f 267 2310 249
f 679 2211 1017
f 382 342 1438
f 1084 2134 1464
f 1098 2537 1870
f 540 1284 392
f 509 540 392
f 1456 918 58
f 59 68 63
f 59 77 68
f 856 2018 857
f 2018 1355 857
f 1349 313 238
f 181 885 313
f 351 1857 1344
f 197 1383 206
f 2549 940 592
f 2013 1080 250
f 811 661 687
f 341 1808 1009
f 2254 1559 2050
f 2144 687 1791
f 1857 2214 236
f 815 793 367
f 810 629 718
f 1669 2093 1202
f 1366 187 278
f 870 2216 1367
f 863 2216 870
f 195 885 194
f 2203 2178 2092
f 1250 1026 1013
f 60 274 280
f 2030 2015 2286
f 2033 470 1608
f 1832 632 582
f 270 273 495
f 848 256 1667
f 912 900 441
f 2104 946 947
f 2556 14 2369
f 855 210 2238
f 2588 2286 842
f 1712 1041 484
f 2022 1771 891
f 891 1771 1743
f 531 1123 551
f 2594 2237 601
f 440 1716 1278
f 1315 623 1204
f 1204 1341 1315
f 1089 878 98
f 47 899 27
f 1341 2075 923
f 197 1799 1383
f 1124 934 933
f 934 1124 2164
f 260 259 846
f 1882 2214 351
f 1857 351 2214
f 1420 580 1890
f 2603 1902 2107
f 1198 2188 1729
f 826 1180 589
f 2173 629 1572
f 347 1322 353
f 1390 1694 1447
f 876 869 1155
f 239 313 885
f 1528 2141 328
f 1324 1008 608
f 1103 1823 1830
f 51 297 1545
f 1519 1819 436
f 1126 1187 50
f 355 1228 805
f 1575 1572 2200
f 297 329 1545
f 1694 363 10
f 107 1376 120
f 1432 933 934
f 1615 1076 2061
f 848 1080 256
f 2088 1997 720
f 545 547 546
f 860 127 861
f 1814 1689 9
f 1991 1128 2301
f 2556 1125 1331
f 489 2556 1331
f 1940 2484 2091
f 2164 216 934
f 833 2286 2588
f 572 528 1426
f 2437 1812 1531
f 174 1840 177
f 1759 2172 769
f 2415 1697 2589
f 2586 2415 2589
f 2112 420 2402
f 2046 1170 2260
f 2103 2493 1822
f 1674 2397 648
f 1414 54 2263
f 2262 1456 2263
f 378 926 2268
f 2267 2268 926
f 1089 248 878
f 2275 2210 1713
f 2505 754 2563
f 839 2505 2282
f 326 325 1392
f 2561 32 33
f 1859 305 1040
f 2044 1725 1979
f 1170 824 1738
f 824 1170 2046
f 2323 365 2476
f 2480 2534 1785
f 2075 1341 1204
f 1353 1165 560
f 2464 1165 1353
f 698 2507 2077
f 1020 2420 2016
f 1717 1732 2343
f 559 343 1317
f 404 1594 1735
f 210 1743 1771
f 1807 152 2435
f 1817 898 2218
f 898 1817 1678
f 2164 2523 216
f 1393 105 104
f 2399 421 2229
f 2481 2480 188
f 1152 871 2073
f 2581 564 591
f 1705 824 2046
f 816 1904 2136
f 1604 2021 1308
f 207 2207 1592
f 2194 1276 2560
f 2543 1306 792
f 347 353 354
f 1831 344 653
f 2197 2529 1649
f 142 540 509
f 1355 226 851
f 45 1388 1364
f 378 1428 2221
f 1812 2437 53
f 61 2250 2434
f 2431 2549 1409
f 111 2216 4
f 887 2177 1524
f 1796 2202 1492
f 18 248 910
f 811 241 1855
f 1527 2576 243
f 1306 2543 2455
f 880 778 1081
f 2362 2461 1735
f 2536 1766 2071
f 1631 1630 2232
f 2404 586 1175
f 1668 2026 2464
f 435 1268 1265
f 557 561 558
f 2501 2465 1902
f 2465 1387 1902
f 878 251 1783
f 195 2478 1780
f 2241 1434 935
f 895 109 1901
f 172 198 201
f 1231 304 1012
f 2487 2064 1446
f 1795 96 134
f 1879 1646 541
f 1378 567 549
f 1439 478 2106
f 819 953 1828
f 1700 1995 110
f 103 2446 2562
f 2603 2452 2501
f 2204 53 1068
f 2448 1783 3
f 2220 2101 2571
f 1772 2101 2220
f 1142 2240 14
f 252 70 71
f 1942 323 85
f 85 102 94
f 2500 2445 1446
f 894 485 2075
f 1948 153 2222
f 2379 2245 849
f 1737 334 1985
f 2060 186 1288
f 2576 1261 243
f 2078 1016 2360
f 1597 1981 407
f 415 1981 1597
f 1112 2553 485
f 2532 475 1273
f 2508 730 1020
f 1106 1967 2420
f 597 607 2357
f 530 1702 698
f 1733 421 1768
f 1389 168 2435
f 274 69 72
f 234 861 1855
f 561 1636 1157
f 1777 861 123
f 44 197 890
f 889 1978 2145
f 378 2221 926
f 2518 62 64
f 114 1796 1452
f 2554 1978 48
f 1043 317 1042
f 317 1043 879
f 1084 1666 2134
f 2577 1129 311
f 2235 2324 566
f 1850 1561 1007
f 1020 1707 2420
f 496 1270 1714
f 986 2536 2071
f 2386 217 2388
f 1278 2089 2355
f 1385 196 233
f 140 158 199
f 2547 1397 2255
f 323 1686 1966
f 2485 924 2599
f 1368 592 940
f 49 48 1978
f 140 157 158
f 1527 243 1257
f 1897 1025 1051
f 1575 582 632
f 360 788 2442
f 1631 1638 1116
f 1354 1639 581
f 894 647 642
f 2498 1489 1573
f 546 1755 2045
f 1726 1027 607
f 1728 913 1720
f 2110 1733 1768
f 2425 2424 2510
f 2424 2425 2353
f 1999 810 718
f 1344 2517 1349
f 2602 32 2561
f 19 1298 889
f 1338 1834 2379
f 1466 2222 153
f 2494 1492 2449
f 296 630 2247
f 2283 1460 1498
f 589 1765 1541
f 1749 543 1371
f 402 64 1767
f 1819 665 1982
f 1983 414 2182
f 1293 2498 417
f 1145 2448 1586
f 2096 2571 2101
f 1351 1791 2039
f 1165 2464 2026
f 648 1687 1674
f 433 2258 1264
f 2594 607 1027
f 2358 1221 2053
f 2537 1098 2332
f 2105 2522 2443
f 2199 2493 2403
f 455 15 2267
f 690 328 229
f 43 42 1617
f 1565 665 1445
f 1565 1445 2092
f 663 658 2023
f 663 660 658
f 1564 2146 1613
f 2277 389 1564
f 1800 1776 87
f 2246 1084 967
f 2343 2361 2601
f 2590 2413 656
f 1140 2047 2591
f 2288 1323 326
f 410 1681 2236
f 20 1901 245
f 1942 1810 1686
f 1681 490 1431
f 1679 2183 1480
f 2029 2139 1746
f 2448 3 1586
f 1112 1208 2553
f 647 2075 1204
f 136 88 140
f 2217 57 1524
f 677 1729 597
f 190 870 1367
f 436 2443 2522
f 2209 2540 1665
f 827 2026 2025
f 572 1342 1592
f 648 2397 644
f 1185 1691 2161
f 1874 668 657
f 1589 2297 2296
f 2053 2189 1549
f 2005 1377 2334
f 2477 2115 1649
f 2005 2115 2477
f 1679 2600 494
f 1596 797 676
f 1320 1758 1805
f 2600 721 494
f 1717 965 2033
f 743 1608 471
f 2498 1573 417
f 2502 419 1627
f 2019 2601 2361
f 365 1105 2526
f 1216 816 2097
f 2474 2531 778
f 807 814 1756
f 1216 1480 270
f 786 888 1950
f 2568 277 1571
f 1367 170 190
f 2097 762 423
f 2321 2280 1489
f 1080 7 250
f 2053 2338 2358
f 2479 22 1069
f 510 2598 2422
f 1617 2099 1773
f 2373 436 2522
f 19 889 271
f 929 2444 6
f 1942 1686 323
f 1968 11 9
f 1968 928 11
f 1901 1869 245
f 151 717 1500
f 2430 1965 151
f 1135 85 94
f 20 895 1901
f 1502 948 895
f 1260 1969 1057
f 754 717 2563
f 2189 2258 2324
f 701 2272 1962
f 2065 1615 2211
f 2083 987 989
f 1593 209 1845
f 1435 1903 1596
f 2213 1550 1447
f 2318 2226 2248
f 332 2458 1082
f 1435 1596 207
f 2585 359 2368
f 668 627 669
f 1435 1592 1342
f 398 1438 1083
f 2301 1694 2236
f 2537 2553 1208

