variant,case,frame,eval_time_s,npz_time_s,opt_step,obj_err_m,pelvis_err_m,pelvis_z_qpos_m,sim_pelvis_z_m,ref_pelvis_z_m,sim_left_sdf_m,sim_right_sdf_m,sim_min_hand_sdf_m,ref_left_sdf_m,ref_right_sdf_m,ref_min_hand_sdf_m,sim_left_contact_count,sim_right_contact_count,sim_total_contact_count,ref_left_contact_count,ref_right_contact_count,ref_total_contact_count,sim_left_foot_z_m,sim_right_foot_z_m,sim_right_foot_xy_step_m,ref_right_foot_xy_step_m,right_hip_pitch_ctrl_diff,robot_ctrl_linf,robot_ctrl_l2,object_ctrl_linf,object_ctrl_l2,qpos_max_abs_diff_vs_ref,qvel_max_abs
E080_box025_p1,box025_person1,0,0.0,0.0166667,0,0.026743847870871654,0.008175015449523926,0.811830461025238,0.811830461025238,0.820005476474762,0.5864274926922397,0.10424772916075792,0.10424772916075792,0.621657484892791,0.10312308009371723,0.10312308009371723,0,0,0,0,0,0,0.018644862573333462,0.010653880132867027,0.0,0.0,0.0,0.0,0.0,0.0,0.0,0.02672518923645839,0.8104616403579712
E080_box025_p1,box025_person1,1,0.02,0.0333334,0,0.03768623061745906,0.009623657001326497,0.8104920387268066,0.8104920387268066,0.8199403285980225,0.5717761468689267,0.10676147443328127,0.10676147443328127,0.6214691103685787,0.10275539217091406,0.10275539217091406,0,0,0,0,0,0,0.017660716079086605,0.00966063884256204,0.0012641351888044957,0.00040222204839672173,0.0,0.0,0.0,0.0,0.0,0.037656334636267275,0.6560410261154175
E080_box025_p1,box025_person1,2,0.04,0.0500001,0,0.045934905643894956,0.010693836916575682,0.8099985122680664,0.8099985122680664,0.8198751211166382,0.560669661971195,0.1096500510160851,0.1096500510160851,0.6212804932791463,0.10238751186629719,0.10238751186629719,0,0,0,0,0,0,0.01750855134467421,0.009626790074866207,0.00015509723248140032,0.00040216949945087927,0.0,0.0,0.0,0.0,0.0,0.045894240436609834,0.4944450259208679
E080_box025_p1,box025_person1,3,0.06,0.0666668,0,0.05198810605476876,0.011766419315206469,0.8096323013305664,0.8096323013305664,0.8198689818382263,0.5522345449254418,0.11256814554671629,0.11256814554671629,0.6218140978637821,0.10275790900619036,0.10275790900619036,0,0,0,0,0,0,0.017435602907479697,0.00969254571975376,0.0001791491929441489,0.0003482425529881912,0.0,0.0,0.0,0.0,0.0,0.051938654331024736,0.41718238592147827
E080_box025_p1,box025_person1,4,0.08,0.0833335,0,0.05638229902794263,0.013083882962200906,0.8092440366744995,0.8092440366744995,0.8198632597923279,0.5458732544688614,0.11542040311610552,0.11542040311610552,0.6223453562419662,0.10313417375356176,0.10313417375356176,0,0,0,0,0,0,0.01729843655041463,0.009686767910525362,0.00019166966690787495,0.0003538563527583231,0.0,0.0,0.0,0.0,0.0,0.056326234189327806,0.34816688299179077
E080_box025_p1,box025_person1,5,0.1,0.10000020000000001,0,0.05957027085838129,0.014765136424548216,0.8088021874427795,0.8088021874427795,0.8197429776191711,0.5411632899263422,0.11821338874377435,0.11821338874377435,0.6228667732241001,0.10343154764942925,0.10343154764942925,0,0,0,0,0,0,0.01708458330663308,0.00958369627884742,0.00016321647017198621,0.0003880622249172926,0.0,0.0,0.0,0.0,0.0,0.05950799718266353,0.2821730077266693
E080_box025_p1,box025_person1,6,0.12,0.11666690000000002,0,0.06187239213563699,0.016750223841570235,0.8083089590072632,0.8083089590072632,0.8196207880973816,0.5377748251112892,0.1209742772521934,0.1209742772521934,0.6233672280094434,0.10372834671879921,0.10372834671879921,0,0,0,0,0,0,0.016809300482742977,0.009398843833487353,0.00013793904863069223,0.0004006791090666738,0.0,0.0,0.0,0.0,0.0,0.06180621444946155,0.22660785913467407
E080_box025_p1,box025_person1,7,0.14,0.13333360000000002,0,0.06351708902167012,0.019100734257036664,0.807774543762207,0.807774543762207,0.8195959329605103,0.5353968572510054,0.12370836024918547,0.12370836024918547,0.6233084568534898,0.10417459697215764,0.10417459697215764,0,0,0,0,0,0,0.016489439592083904,0.009156198126296797,0.00012391998236700125,0.0003366121451660036,0.0,0.0,0.0,0.0,0.0,0.06345060229068622,0.18052944540977478
E080_box025_p1,box025_person1,8,0.16,0.15000030000000003,0,0.06469879446978502,0.021717224784732595,0.8072025179862976,0.8072025179862976,0.8195734620094299,0.5337947882698316,0.12643343164424553,0.12643343164424553,0.6232293624957549,0.1046250793234565,0.1046250793234565,0,0,0,0,0,0,0.01613555867157926,0.00886952726761664,0.00012025828566368479,0.0003527755308517528,0.0,0.0,0.0,0.0,0.0,0.06463365018134937,0.1692201942205429
E080_box025_p1,box025_person1,9,0.18,0.16666700000000004,0,0.06555165941442387,0.024883143525095387,0.8065866231918335,0.8065866231918335,0.8195618987083435,0.5327931292597199,0.12917094839233417,0.12917094839233417,0.622875869171618,0.10422594489566622,0.10422594489566622,0,0,0,0,0,0,0.01575072221355979,0.008543376447065786,0.00011501790768682697,0.0004795515117533531,0.0,0.0,0.0,0.0,0.0,0.06548917799955234,0.18239149451255798
E080_box025_p1,box025_person1,10,0.2,0.18333370000000004,0,0.06616449118611079,0.02837099909375406,0.8059245944023132,0.8059245944023132,0.8195506930351257,0.532259328958323,0.13195266170005399,0.13195266170005399,0.6224951438092475,0.10379876178200381,0.10379876178200381,0,0,0,0,0,0,0.015341750448236893,0.008184902723671436,0.00010943231088367117,0.00048756457409705707,0.0,0.0,0.0,0.0,0.0,0.06610531121259555,0.19688072800636292
E080_box025_p1,box025_person1,11,0.22,0.20000040000000005,0,0.06660662448592003,0.031116793934185396,0.8052217960357666,0.8052217960357666,0.8194778561592102,0.5320387775221765,0.13479324535030607,0.13479324535030607,0.6214856608878516,0.10424936401152679,0.10424936401152679,0,0,0,0,0,0,0.014920214011528654,0.007809477616454272,0.00010425169930196988,0.0004977560755055944,0.0,0.0,0.0,0.0,0.0,0.06655027478700504,0.2133069783449173
E080_box025_p1,box025_person1,12,0.24,0.21666710000000006,32,0.0669269867337634,0.03375495415296804,0.8045555949211121,0.8045555949211121,0.8194024562835693,0.5330344875859528,0.13632777479916752,0.13632777479916752,0.6204403541381659,0.10473590508057601,0.10473590508057601,0,0,0,0,0,0,0.01467559247374247,0.007371260611738574,0.00018640244229347505,0.0005121454627816832,0.03917735815048218,0.12419034540653229,0.17908931043437143,0.010000004171160981,0.0173205125323686,0.06687350332504138,0.4968831241130829
E080_box025_p1,box025_person1,13,0.26,0.23333380000000006,32,0.06716239786497692,0.03526042355379462,0.8036590218544006,0.8036590218544006,0.8191824555397034,0.5339766070785635,0.13693904128118456,0.13693904128118456,0.6182215806786288,0.10464510577548919,0.10464510577548919,0,0,0,0,0,0,0.014355595810700852,0.006654441847418799,0.00047506240252343976,0.0006048984200065637,0.03250773251056671,0.15190471708774567,0.18514646099929333,0.01000000603380613,0.017320514662654263,0.0671120336628519,0.820713996887207
E080_box025_p1,box025_person1,14,0.28,0.25000050000000007,32,0.06732699994070908,0.03685634952992559,0.8029032349586487,0.8029032349586487,0.81895512342453,0.5352478301195581,0.1352066912895586,0.1352066912895586,0.6158964170552808,0.10451885846797232,0.10451885846797232,0,0,0,0,0,0,0.014270511905032895,0.006141756475089792,0.001562456450498281,0.0006300033854805038,0.14005938172340393,0.2168753743171692,0.3413128611007122,0.010000004840549082,0.017320511439740227,0.08318689465522766,1.3266929388046265
E080_box025_p1,box025_person1,15,0.3,0.26666720000000005,32,0.0674285678088677,0.038829501530345624,0.8015011548995972,0.8015011548995972,0.8188905119895935,0.5351260715781548,0.13188501474403774,0.13188501474403774,0.609974801828644,0.10592525136574343,0.10592525136574343,0,0,0,0,0,0,0.013797283434578624,0.005088182736477938,0.002501449117711174,0.0006173627136544929,0.11336646974086761,0.24765977263450623,0.34254737295622606,0.010000004840549082,0.01732051197661921,0.11020360887050629,1.6177114248275757
E080_box025_p1,box025_person1,16,0.32,0.2833339,32,0.0674915053205606,0.041807710368110686,0.7989852428436279,0.7989852428436279,0.8188357949256897,0.5321207508476171,0.12690663112665573,0.12690663112665573,0.6037706657693471,0.10742572960641322,0.10742572960641322,0,0,0,0,0,0,0.012681390543619483,0.0031145400690201983,0.003533897159184138,0.0006181139706007912,0.14663197100162506,0.31168161053210497,0.45065765602856633,0.010000001377193257,0.017320509357861915,0.1432112455368042,1.9789986610412598
E080_box025_p1,box025_person1,17,0.34,0.3000006,32,0.06753419036049925,0.04417955337040204,0.795367956161499,0.795367956161499,0.8180152773857117,0.5253861194417236,0.12113132810323252,0.12113132810323252,0.5892311765181776,0.10975923643928215,0.10975923643928215,0,0,0,0,0,0,0.010951263468338891,0.0003405463607194237,0.004010292519662763,0.0004829470221111817,0.10668087005615234,0.34035925194621086,0.46458140613112353,0.010000004840549082,0.01732051199179791,0.17441748827695847,2.1846723556518555
E080_box025_p1,box025_person1,18,0.36,0.3166673,32,0.06756037345178954,0.0474057894565057,0.7912006974220276,0.7912006974220276,0.8171415328979492,0.5149981731774023,0.11421219149845002,0.11421219149845002,0.5732423735769496,0.11216528522724528,0.11216528522724528,0,0,0,0,0,0,0.009222836494570473,-0.0026630688302690664,0.004296660082950731,0.0005499093036319561,0.12113884091377258,0.36963605880737305,0.5326179437671222,0.010000005189795047,0.017320511976619095,0.20827223360538483,2.3654098510742188
E080_box025_p1,box025_person1,19,0.38,0.33333399999999996,32,0.06757653755922124,0.05169158319238107,0.7906785011291504,0.7906785011291504,0.8173342347145081,0.504064751237917,0.10775653189844608,0.10775653189844608,0.5499795986928768,0.10939886987019248,0.10939886987019248,0,0,0,0,0,0,0.011271908230102143,-0.001756052062612,0.0014491007798233958,0.000496526122820175,0.0686863511800766,0.3854205161333084,0.5404017790989734,0.010000001115258783,0.017320507677075655,0.23916320875287056,2.589048385620117
E080_box025_p1,box025_person1,20,0.4,0.35000069999999994,32,0.06758728048448513,0.05520427522921871,0.7915725708007812,0.7915725708007812,0.8176110982894897,0.4907280892679976,0.10106174095032922,0.10106174095032922,0.5249499859126608,0.10612921317627805,0.10612921317627805,0,0,0,0,0,0,0.014901301406298577,0.0002677684183531176,0.0014483436763820105,0.0005151926020645675,0.034943342208862305,0.3527260795235634,0.5184251333163928,0.010000004171160981,0.01732051312298802,0.2620674390345812,3.2484655380249023
E080_box025_p1,box025_person1,21,0.42,0.3666673999999999,32,0.0675854363897051,0.06158309227102298,0.7929245233535767,0.7929245233535767,0.8148188591003418,0.473387448425857,0.09495917355221367,0.09495917355221367,0.4899779742811091,0.10107837302072559,0.10107837302072559,0,0,0,0,0,0,0.01882865448646396,0.0023128822320902173,0.0015273701306959021,0.011075510438412756,-0.023286938667297363,0.3334149420261383,0.5069201355314727,0.010000004840549082,0.017320515754052145,0.26292658410966396,3.877609968185425
E080_box025_p1,box025_person1,22,0.44,0.3833340999999999,32,0.06758125022080504,0.06879364641978705,0.7944905161857605,0.7944905161857605,0.8117550015449524,0.4516027467009234,0.08977092153241256,0.08977092153241256,0.45380800152044565,0.09591581721440251,0.09591581721440251,0,0,0,0,0,0,0.022258283492423793,0.004170430049283767,0.0011520366804403889,0.01193313511437507,-0.059078216552734375,0.31197988986968994,0.507744771433439,0.010000001464504749,0.017320507139376034,0.25744972098618746,4.4892473220825195
E080_box025_p1,box025_person1,23,0.46,0.4000007999999999,32,0.06758280856685979,0.07603993688367688,0.7961105108261108,0.7961105108261108,0.8092983365058899,0.4244323273038585,0.08628387909686314,0.08628387909686314,0.3975558960310238,0.09603351620811423,0.09603351620811423,0,0,0,0,0,0,0.02486806096168892,0.005871626499942002,0.0016093273869592702,0.00576840834484591,-0.11161720752716064,0.29557467997074127,0.5188443963965501,0.010000003327149898,0.01732050875247432,0.26557642221450806,5.01560115814209
E080_box025_p1,box025_person1,24,0.48,0.41666749999999986,32,0.0675842472804807,0.08389031284037966,0.7977035641670227,0.7977035641670227,0.806901216506958,0.39112379254278606,0.08509798162210952,0.08509798162210952,0.34039557723331626,0.09683682067802063,0.09683682067802063,0,0,0,0,0,0,0.026568356237631173,0.0075620768312352135,0.0023312500242035307,0.00667066705890859,-0.14630040526390076,0.2846488058567047,0.5425904175144493,0.010000002977903932,0.01732050767379399,0.28913307189941406,5.496874809265137
E080_box025_p1,box025_person1,25,0.5,0.43333419999999984,32,0.06760407407834783,0.09595608248808543,0.7989679574966431,0.7989679574966431,0.8076433539390564,0.35006598173801196,0.0861939938020389,0.0861939938020389,0.26276048417787123,0.09028147508496881,0.09028147508496881,0,0,0,0,0,0,0.02720189252497196,0.009087162728061461,0.003277786792593003,0.0009972114703383475,-0.19437402486801147,0.2681681141257286,0.567801027228304,0.010000001115258783,0.01732050713609432,0.3366696536540985,5.985585689544678
E080_box025_p1,box025_person1,26,0.52,0.4500008999999998,32,0.06762543888986235,0.10934507077966119,0.79971843957901,0.79971843957901,0.8087248206138611,0.3000412739155003,0.08955923752183542,0.08955923752183542,0.1934099205776032,0.08378099642603071,0.08378099642603071,0,0,0,0,0,0,0.026781223265013407,0.010517800874010507,0.0043121960040089355,0.0001791538495729377,-0.233749121427536,0.26249394565820694,0.6004224044019638,0.010000004840549082,0.01732051521799346,0.3802127540111542,6.433582782745361
E080_box025_p1,box025_person1,27,0.54,0.4666675999999998,32,0.0676088634146327,0.11940462950823652,0.7998016476631165,0.7998016476631165,0.8083740472793579,0.24306768897369524,0.09533469321892968,0.09533469321892968,0.13831362521013568,0.07534695622100979,0.07534695622100979,0,0,0,0,0,0,0.02545697488200753,0.01197422806374757,0.005106402330050347,5.382426707024799e-05,-0.2722572088241577,0.2722572088241577,0.6278080409858597,0.010000005189795047,0.017320514134390768,0.338878870010376,6.408332824707031
E080_box025_p1,box025_person1,28,0.56,0.4833342999999998,32,0.06758759519243583,0.12990199881138176,0.7990756034851074,0.7990756034851074,0.8078540563583374,0.18162661480196163,0.10313732584032959,0.10313732584032959,0.09023753247790756,0.0668032757701234,0.0668032757701234,0,0,0,0,0,0,0.023309117515945624,0.013529005971915892,0.005570358176874057,0.0001440366685286085,-0.29513218998908997,0.2989458376541734,0.6468316553885141,0.010000004171160981,0.017320510903271535,0.293076291680336,6.07161808013916
E080_box025_p1,box025_person1,29,0.58,0.5000009999999998,32,0.06758262882341627,0.13498693583850577,0.7974420189857483,0.7974420189857483,0.8067201375961304,0.12158056865410932,0.11284670997656704,0.11284670997656704,0.05703769192194491,0.05733928743340139,0.05703769192194491,0,0,0,1,0,1,0.020340209729739503,0.01515212518766789,0.0059586205836281115,0.006621318833761089,-0.33462584018707275,0.33606324158608913,0.6644929389933608,0.010000005189795047,0.017320514129468032,0.2621099203824997,5.375691890716553
E080_box025_p1,box025_person1,30,0.6,0.5166676999999998,32,0.06757970127327129,0.14015031011186246,0.7947027087211609,0.7947027087211609,0.8055074214935303,0.07726257935941948,0.12403547067707571,0.07726257935941948,0.028189574658673444,0.04763410391246509,0.028189574658673444,0,0,0,1,1,2,0.016471413215885793,0.0166268757543303,0.0060861686289509125,0.007503619141738665,-0.3601423501968384,0.3678162842988968,0.6669336493663567,0.010000003327149898,0.017320510899989497,0.2871744781732559,4.527463436126709
E080_box025_p1,box025_person1,31,0.62,0.5333343999999999,32,0.06758858559690137,0.14793343376969126,0.7908319234848022,0.7908319234848022,0.8050791025161743,0.07908235940780856,0.13620393092268918,0.07908235940780856,0.009916169810040065,0.03268832156547169,0.009916169810040065,0,0,0,1,1,2,0.011612657236124174,0.017880990241440832,0.005867518774866737,0.0011877713253762442,-0.39568600058555603,0.39568600058555603,0.6751443113190876,0.010000001464504749,0.017320508759037793,0.2864723578095436,4.324900150299072
E080_box025_p1,box025_person1,32,0.64,0.5500010999999999,32,0.06759836862655455,0.1566728818534012,0.7858284115791321,0.7858284115791321,0.8047598004341125,0.11258447424447576,0.14837177251473527,0.11258447424447576,0.01669104319974818,0.016549876392369378,0.016549876392369378,0,0,0,1,1,2,0.00580624014192211,0.01871398680778181,0.005081303124595618,0.0006607522989069903,-0.40979209542274475,0.4180496484041214,0.6784580334332382,0.010000004840549082,0.017320510138123385,0.27903439849615097,4.572709560394287
E080_box025_p1,box025_person1,33,0.66,0.5666677999999999,32,0.06758878640136493,0.1663691676832653,0.7797730565071106,0.7797730565071106,0.80318284034729,0.14588696691138464,0.16059378858295487,0.14588696691138464,0.031981715652368015,0.009502572326494152,0.009502572326494152,0,0,0,1,1,2,-0.0008757277758908652,0.0191389509580703,0.004179664048968584,0.0006192783651105418,-0.43019217252731323,0.43019217252731323,0.6676110781099488,0.010000001464504749,0.017320507974608598,0.2679663673043251,4.570014953613281
E080_box025_p1,box025_person1,34,0.68,0.5833345,32,0.06757644345906566,0.17627738245848934,0.7727627158164978,0.7727627158164978,0.8014178276062012,0.17664373574081765,0.17333394759157,0.17333394759157,0.04423880941742536,0.0038703633838407248,0.0038703633838407248,0,0,0,1,1,2,-0.008280644238941107,0.019162376492411703,0.003213542576377047,0.0006210348964703134,-0.44036468863487244,0.44036468863487244,0.6548766122462781,0.010000001464504749,0.017320505296368298,0.27112897858023643,4.402946472167969
E080_box025_p1,box025_person1,35,0.7,0.6000012,32,0.06757028687842259,0.18494973073009477,0.7734942436218262,0.7734942436218262,0.7993314862251282,0.2027206953826663,0.1851659529050576,0.1851659529050576,0.04817377921770988,0.0,0.0,0,0,0,1,1,2,-0.006129998238959131,0.02364340456906875,0.0042990078429325,0.0002086088804383318,-0.42001837491989136,0.42001837491989136,0.6081412746759712,0.0099999996018596,0.017320504763180703,0.27696001529693604,4.128268718719482
E080_box025_p1,box025_person1,36,0.72,0.6166679,32,0.06756528712308474,0.19251532945253674,0.7751063704490662,0.7751063704490662,0.7971935868263245,0.22361389722518316,0.19519108005603497,0.19519108005603497,0.051036809265422145,0.0,0.0,0,0,0,0,1,1,-0.003038388948111252,0.026617654814055484,0.010219839276842146,0.00022402655739057488,-0.40198102593421936,0.40198102593421936,0.5745717441746934,0.0099999996018596,0.01732050638776534,0.2882467210292816,3.7236039638519287
E080_box025_p1,box025_person1,37,0.74,0.6333346000000001,32,0.06758203588213896,0.20112781377840908,0.7761482000350952,0.7761482000350952,0.7950607538223267,0.23935594806925825,0.2031615582869178,0.2031615582869178,0.05010527775300705,0.0,0.0,0,0,0,0,1,1,-0.0007740006792878312,0.027019452512922867,0.014958878379845528,0.0001972420481689718,-0.36892110109329224,0.36892110109329224,0.5434932422819686,0.0099999996018596,0.0173205058352975,0.289182186126709,3.236589193344116
E080_box025_p1,box025_person1,38,0.76,0.6500013000000001,32,0.06759524138678705,0.20915432766864817,0.7762629389762878,0.7762629389762878,0.7929286956787109,0.2508857584833522,0.2091694280125948,0.2091694280125948,0.04867846632303746,0.0,0.0,0,0,0,0,1,1,0.0003295460324579877,0.0250784004703941,0.018438177682860858,0.0001439799120455558,-0.33378323912620544,0.33378323912620544,0.5202841868799081,0.010000001464504749,0.015230456186365038,0.28420576453208923,2.7581260204315186
E080_box025_p1,box025_person1,39,0.78,0.6666680000000001,32,0.06757123377609565,0.21997035154516226,0.7755485773086548,0.7755485773086548,0.7916918992996216,0.25873133751181127,0.21360370005073787,0.21360370005073787,0.045008393649463574,0.0,0.0,0,0,0,1,1,2,0.0004556669046014705,0.02158441968245786,0.020804506203780188,0.00014677893631141541,-0.3107064962387085,0.3107064962387085,0.49988074872678945,0.010000001464504749,0.015230456984103267,0.2690696716308594,2.5869879722595215
E080_box025_p1,box025_person1,40,0.8,0.6833347000000002,32,0.06754044282105937,0.2305179668673789,0.7741907238960266,0.7741907238960266,0.7906187176704407,0.26333138165122666,0.2162559951220499,0.2162559951220499,0.04135693499529175,0.0,0.0,0,0,0,1,1,2,-9.17871406793877e-05,0.017260707651324605,0.022120536293484445,0.0003500325080196232,-0.28772231936454773,0.28772231936454773,0.48785392672664557,0.01000000216299668,0.017320509125014042,0.24991169571876526,2.66393780708313
E080_box025_p1,box025_person1,41,0.82,0.7000014000000002,32,0.06752333279993186,0.2350766248548735,0.7724328637123108,0.7724328637123108,0.7864086627960205,0.2645085625574268,0.21619749005949412,0.21619749005949412,0.02444805805713557,0.0,0.0,0,0,0,1,1,2,-0.0009000271333697019,0.012896684995585148,0.022229845205962988,0.0005866325511326923,-0.2698362469673157,0.2698362469673157,0.46792690037286494,0.01000000216299668,0.017320506431594728,0.23394611477851868,2.6824886798858643
E080_box025_p1,box025_person1,42,0.84,0.7166681000000003,32,0.06751034001887432,0.23777822060979414,0.770499050617218,0.770499050617218,0.7815895080566406,0.2619475225235299,0.21248938068091278,0.21248938068091278,0.004725538286301567,0.0,0.0,0,0,0,1,1,2,-0.001542910404399453,0.008883431438312564,0.021569785383668817,0.0006872774265364428,-0.2398524284362793,0.2398524284362793,0.45098516148886375,0.010000001901062205,0.017320506970114745,0.23698776960372925,2.614100456237793
E080_box025_p1,box025_person1,43,0.86,0.7333348000000003,32,0.06751192717979146,0.2346775563131773,0.7685216665267944,0.7685216665267944,0.7786335945129395,0.25640959342943664,0.20458835363571465,0.20458835363571465,0.0,0.0,0.0,0,0,0,1,1,2,-0.0019280524209742064,0.005588841137673453,0.019413496518978245,0.0006892765613205666,-0.23426145315170288,0.23426145315170288,0.4611439988924917,0.009999999107094482,0.017320504282848176,0.2340448796749115,2.481776237487793
E080_box025_p1,box025_person1,44,0.88,0.7500015000000003,32,0.06751707993551259,0.22959775073870994,0.7668099403381348,0.7668099403381348,0.7760612368583679,0.24849148146931815,0.1923144241241252,0.1923144241241252,0.0,0.0,0.0,0,0,0,1,1,2,-0.001923841676492108,0.003508956923589185,0.015734354167276032,0.0006928897738392142,-0.2399333119392395,0.2399333119392395,0.5098489321433723,0.01000000096973963,0.017320506463182617,0.22909963130950928,2.274735927581787
E080_box025_p1,box025_person1,45,0.9,0.7666682000000004,32,0.06761732190876722,0.22365926871081854,0.7657334804534912,0.7657334804534912,0.7725756764411926,0.2386011996684106,0.1750897647125806,0.1750897647125806,0.0,0.0,0.0,0,0,0,1,1,2,-0.0014441348482661237,0.003788380390447328,0.004954846496662386,0.0005068683397700018,-0.2368578314781189,0.24910412728786469,0.5789876544316078,0.009999999107094482,0.017320504291463076,0.22332829236984253,1.9646278619766235
E080_box025_p1,box025_person1,46,0.92,0.7833349000000004,32,0.0677435872406379,0.2167053692101804,0.764985203742981,0.764985203742981,0.7688912153244019,0.22735999584332262,0.15338358731860519,0.15338358731860519,0.0,0.0,0.0,0,0,0,1,1,2,-0.0006964034169373093,0.00444258514915144,0.0038916583038386713,0.0007037964465995001,-0.210807204246521,0.28696291148662567,0.6369276530686683,0.010000005189795047,0.014210403775087695,0.21651402115821838,2.0640344619750977
E080_box025_p1,box025_person1,47,0.94,0.8000016000000004,32,0.0677701101273966,0.2097592449609483,0.7644293904304504,0.7644293904304504,0.7664350867271423,0.21527477876890194,0.12840646889982982,0.12840646889982982,0.0,0.0004452925476218783,0.0,0,0,0,1,1,2,0.00025808592350014953,0.005381221927939918,0.004145599547927182,0.0006391733192020088,-0.21204978227615356,0.3225340247154236,0.7077902851800444,0.010000003327149898,0.014210403786484232,0.20967638492584229,2.1306939125061035
E080_box025_p1,box025_person1,48,0.96,0.8166683000000005,32,0.06777338180659355,0.20196293861167142,0.7641368508338928,0.7641368508338928,0.7642615437507629,0.20286245224223637,0.1026315143526158,0.1026315143526158,0.0,0.002685072644952824,0.0,0,0,0,1,1,2,0.0015424174387296263,0.006501725961584361,0.004993539772701882,0.000722305512838986,-0.19253021478652954,0.3481588512659073,0.7585326702088898,0.01000000096973963,0.014555891829065734,0.20194628834724426,2.0941050052642822
E080_box025_p1,box025_person1,49,0.98,0.8333350000000005,32,0.06774278240491487,0.1920098869232237,0.7637728452682495,0.7637728452682495,0.7626801133155823,0.1906582578227784,0.07747459331838685,0.07747459331838685,0.0,0.0028798035462866967,0.0,0,0,0,1,1,2,0.0027951529037410286,0.0075260924646333785,0.00671173091013177,0.0008602068093386864,-0.20740139484405518,0.3603828549385071,0.8014591198007727,0.01000000096973963,0.014555892334245995,0.19432978332042694,2.0112462043762207
E080_box025_p1,box025_person1,50,1.0,0.8500017000000005,32,0.06770540729621516,0.1809790388906517,0.7632724642753601,0.7632724642753601,0.7612423300743103,0.1794982186559056,0.05548744738767336,0.05548744738767336,0.0,0.0027190927592004033,0.0,0,0,0,1,1,2,0.0038704798200140805,0.008508512994559445,0.0098300088120776,0.0007806548517878511,-0.22418028116226196,0.36135318130254745,0.821553153961319,0.009999997244449332,0.01629548161964388,0.21318607032299042,1.9290802478790283
E080_box025_p1,box025_person1,51,1.02,0.8666684000000006,32,0.06768589187641044,0.17260977858190274,0.7625879645347595,0.7625879645347595,0.7608877420425415,0.170011130185248,0.03772365762833779,0.03772365762833779,0.0,0.0029928263075099104,0.0,0,1,1,1,1,2,0.004595396769070392,0.00940755125404863,0.01317311995506776,0.0008004992656097839,-0.23312431573867798,0.36188508570194244,0.8478991420922981,0.009999997244449332,0.016295482541546353,0.22914095222949982,1.8560889959335327
E080_box025_p1,box025_person1,52,1.04,0.8833351000000006,32,0.07029164286289434,0.16501157500422764,0.7615906596183777,0.7615906596183777,0.7608094811439514,0.1637002930580484,0.031708007115811176,0.031708007115811176,0.0,0.0034326637604091825,0.0,0,1,1,1,1,2,0.00462387475619809,0.010353237376250081,0.016245806176308976,0.0006628481995902382,-0.24819493293762207,0.36834730580449104,0.8842103670777695,0.010000001115258783,0.017320507986094916,0.24903322756290436,2.025989055633545
E080_box025_p1,box025_person1,53,1.06,0.9000018000000006,32,0.06941501953459299,0.15448259282128574,0.7602842450141907,0.7602842450141907,0.7594106793403625,0.1580820441364031,0.03142237508026763,0.03142237508026763,0.0,0.0018326948287353262,0.0,0,1,1,1,1,2,0.003973615875540487,0.01119351294603757,0.019356912269663632,0.0005660910523779119,-0.2518024444580078,0.3990071341395378,0.9007165884228266,0.01000000096973963,0.01732050582545211,0.26094213128089905,2.047356128692627
E080_box025_p1,box025_person1,54,1.08,0.9166685000000007,32,0.06883023365877321,0.14265586914182302,0.7585752010345459,0.7585752010345459,0.7576579451560974,0.15135038846357657,0.03404926394126212,0.03404926394126212,0.0,0.0,0.0,0,1,1,1,1,2,0.002776214268267803,0.011649372592060843,0.020615359747220622,0.0006918008379404272,-0.23209339380264282,0.4187714606523514,0.895431339861563,0.009999997389968485,0.01732050260130702,0.29205964505672455,1.9315732717514038
E080_box025_p1,box025_person1,55,1.1,0.9333352000000007,32,0.06773779899190897,0.130551132713756,0.7564054727554321,0.7564054727554321,0.7556355595588684,0.1433038886322882,0.03725440657354323,0.03725440657354323,0.0,0.0,0.0,0,1,1,1,1,2,0.0008769389082546181,0.011568299574923599,0.021351799326722973,0.00043926181032016517,-0.20215624570846558,0.43506068736314774,0.8906596887580599,0.009999998670537025,0.017320504230404085,0.3258892074227333,1.7668081521987915
E080_box025_p1,box025_person1,56,1.12,0.9500019000000007,32,0.0660210658337848,0.11762169507204713,0.753838837146759,0.753838837146759,0.7535373568534851,0.13545215622440848,0.04086163859907016,0.04086163859907016,0.0,0.0,0.0,0,1,1,1,1,2,-0.0015350880932132743,0.010869470392859959,0.021318306137150744,0.0005158975234559,-0.169164776802063,0.46133556962013245,0.8851921061435107,0.010000000967920641,0.017320506904723382,0.35530346632003784,1.6485931873321533
E080_box025_p1,box025_person1,57,1.14,0.9666686000000008,32,0.06621870320732055,0.10384406665858768,0.750727117061615,0.750727117061615,0.7522686123847961,0.12527350012630928,0.044436420873579074,0.044436420873579074,0.0,0.0,0.0,0,1,1,1,1,2,-0.00465582269102903,0.00918425286919447,0.02009479765042064,0.0004045449102549666,-0.10905754566192627,0.4766002185642719,0.8670591570575996,0.009999999252613634,0.01732050421156651,0.3786767013370991,1.5445992946624756
E080_box025_p1,box025_person1,58,1.16,0.9833353000000008,32,0.0667912883822856,0.08981144668073342,0.7508583068847656,0.7508583068847656,0.751244306564331,0.1152859388541278,0.0468289498571704,0.0468289498571704,0.0,0.0,0.0,0,1,1,1,1,2,-0.0028989522002597218,0.008771568024791357,0.014819695198840136,0.00038450073758207964,-0.044908881187438965,0.5072210393846035,0.8646612796199455,0.01000000670319423,0.017320518237695228,0.4005492888391018,1.5307409763336182
E080_box025_p1,box025_person1,59,1.18,1.0000020000000007,32,0.06733824597396912,0.07555396550882078,0.752374529838562,0.752374529838562,0.7506940364837646,0.10285188993255795,0.047111117460149676,0.047111117460149676,0.0,0.0,0.0,0,0,0,1,1,2,0.0004914542220243734,0.00843901393063326,0.010618052965258395,0.0005455107894448459,0.039367616176605225,0.5171135868877172,0.8532840624138697,0.01000000670319423,0.017320518237695228,0.4237189795821905,1.4627726078033447
E080_box025_p1,box025_person1,60,1.2,1.0166687000000008,32,0.06777502422142967,0.061502841588191616,0.7544123530387878,0.7544123530387878,0.750290036201477,0.08782186063051162,0.04209900118921356,0.04209900118921356,0.0,0.0,0.0,0,1,1,1,1,2,0.004541104387943251,0.007351188425861473,0.00813530188795021,0.0006895014592346445,0.12591099739074707,0.5323846247047186,0.8957549086164156,0.010000002977903932,0.01732050905086057,0.445940962061286,1.3609298467636108
E080_box025_p1,box025_person1,61,1.22,1.0333354000000008,32,0.06527628448867794,0.05039591889736948,0.7569634318351746,0.7569634318351746,0.7512885928153992,0.06972543147356308,0.03923169459794135,0.03923169459794135,0.0,0.0,0.0,0,1,1,1,1,2,0.008967249659001905,0.006341177211073787,0.005854241819564016,0.0005200229374993212,0.20247173309326172,0.5510245375335217,0.9373603976454067,0.010000008420320228,0.017320513385619397,0.46076859161257744,1.5728759765625
E080_box025_p1,box025_person1,62,1.24,1.0500021000000008,32,0.06185025268259732,0.04155102022920091,0.7603852152824402,0.7603852152824402,0.7527395486831665,0.046735326677887656,0.037528748272411094,0.037528748272411094,0.0,0.0,0.0,1,1,2,1,1,2,0.013761382616158606,0.006941023719099132,0.0017181514171960407,0.0006558480651834623,0.27922970056533813,0.5606925264000893,1.004381100992877,0.010000003341701813,0.017320510716599718,0.473027803003788,1.863518238067627
E080_box025_p1,box025_person1,63,1.26,1.0666688000000009,32,0.05260276886342854,0.03703182040641444,0.76412034034729,0.76412034034729,0.753146767616272,0.03625166306174871,0.036933277508169715,0.03625166306174871,0.0,0.0,0.0,1,1,2,1,1,2,0.018798017696032072,0.00781503732698522,0.0016838768617533325,0.0006472098692086541,0.35922330617904663,0.5774982683360577,1.073716836377824,0.01000000280328095,0.017320507187734976,0.49256355687975883,2.004692316055298
E080_box025_p1,box025_person1,64,1.28,1.083335500000001,32,0.05027598307699518,0.037242019214608006,0.7673302888870239,0.7673302888870239,0.7532022595405579,0.031981878860220025,0.035295148391019826,0.031981878860220025,0.0,6.413526266235703e-06,0.0,1,1,2,1,1,2,0.023300603782174953,0.008358148345001593,0.0019162437588304425,0.0007152639661673813,0.39474982023239136,0.5953126065433025,1.1073336049901386,0.009999996313126758,0.017320499753432014,0.5146681182086468,2.136434316635132
E080_box025_p1,box025_person1,65,1.3,1.100002200000001,32,0.049344621971416744,0.03995252743308689,0.7693870067596436,0.7693870067596436,0.7544189095497131,0.031167188142627145,0.03400705546397437,0.031167188142627145,0.0,0.0,0.0,1,1,2,1,1,2,0.027338849527885886,0.007123614855087793,0.01069061171143483,0.0004710509646230422,0.4625808000564575,0.6016886942088604,1.1713426017622057,0.009999995352700353,0.01732049425345004,0.53557313606143,2.3748466968536377
E080_box025_p1,box025_person1,66,1.32,1.116668900000001,32,0.049216126039935255,0.0450829582504301,0.7716219425201416,0.7716219425201416,0.7560438513755798,0.032121087843160534,0.03313357283171375,0.032121087843160534,0.0,0.0,0.0,1,1,2,1,1,2,0.030916800949426483,0.0071356153865757,0.003120808019072353,0.0006389928378343781,0.49602335691452026,0.6291112415492535,1.1546646080725682,0.01000000280328095,0.017320502852534923,0.5558839552104473,2.1350669860839844
E080_box025_p1,box025_person1,67,1.34,1.133335600000001,32,0.050802762653102684,0.05168042439107159,0.7743265628814697,0.7743265628814697,0.7567939162254333,0.03405038031609814,0.03275476012804662,0.03275476012804662,0.0,0.0,0.0,1,1,2,1,1,2,0.03491267249993317,0.007840667328035657,0.0017469837327917228,0.00047230362180992515,0.5474854409694672,0.6380985490977764,1.1997333666823582,0.010000001639127731,0.017320507303735078,0.5847519747912884,2.041940212249756
E080_box025_p1,box025_person1,68,1.36,1.150002300000001,32,0.05350432559307748,0.05830212449386854,0.7772281765937805,0.7772281765937805,0.7572231888771057,0.0361516286028854,0.03270478320071629,0.03270478320071629,0.0,0.0,0.0,1,1,2,1,1,2,0.03642686095192303,0.008686117210627196,0.0017489009681345192,0.0005910315478220091,0.5595256090164185,0.6343064233660698,1.166161996520887,0.009999999776482582,0.017320500295591245,0.613388292491436,2.0080742835998535
E080_box025_p1,box025_person1,69,1.38,1.166669000000001,32,0.05734151127065864,0.06319579870643806,0.7803425192832947,0.7803425192832947,0.7585706114768982,0.03809607341177773,0.03283410108877066,0.03283410108877066,0.0,0.0,0.0,1,1,2,1,1,2,0.03576445363742783,0.009593131033626162,0.0024376341214760195,0.00823255053436017,0.5797277092933655,0.6349073247984052,1.18118101878133,0.01000000280328095,0.017320501910331118,0.6359004573896527,2.0489120483398438
E080_box025_p1,box025_person1,70,1.4,1.183335700000001,32,0.06286197428791784,0.06759648290173544,0.7836214900016785,0.7836214900016785,0.7602687478065491,0.03997706544767837,0.03375647427523237,0.03375647427523237,0.0,0.0,0.0,1,1,2,1,1,2,0.03357847331680368,0.010488778744741793,0.003247388989978506,0.010759527254282182,0.5434971153736115,0.6684755234746262,1.1490394861633064,0.009999994188547134,0.017320480565100767,0.656013801577501,2.0161592960357666
E080_box025_p1,box025_person1,71,1.42,1.2000024000000011,32,0.07000223882090313,0.07238128469992727,0.7870267629623413,0.7870267629623413,0.7620885968208313,0.04137862732525138,0.03483627817599971,0.03483627817599971,0.0,0.0,0.0,1,1,2,1,1,2,0.03070377138470274,0.011493472354614086,0.003756741664772692,0.01267431074610363,0.5338898301124573,0.6713694594800472,1.1450192092981497,0.009999995585530996,0.017320475190606942,0.6685312055051327,1.9937586784362793
E080_box025_p1,box025_person1,72,1.44,1.2166691000000012,32,0.07790583704182927,0.0774259800602918,0.7904031872749329,0.7904031872749329,0.7639567852020264,0.04233790074494209,0.03592368012775499,0.03592368012775499,0.0,0.0,0.0,1,1,2,1,1,2,0.02747408994940244,0.012631914618865925,0.0037515998153556636,0.013422440634439566,0.49273681640625,0.6569834174588323,1.0819521861038166,0.009999994188547134,0.017299085980933028,0.6757193030789495,1.8999378681182861
E080_box025_p1,box025_person1,73,1.46,1.2333358000000012,32,0.08579836432332102,0.08319115336470613,0.7932931184768677,0.7932931184768677,0.7660123705863953,0.0430177239031973,0.03689904943316652,0.03689904943316652,0.0,0.0,0.0,1,1,2,1,1,2,0.024380422564350315,0.013607418252622204,0.0038334250116245287,0.01566048031836761,0.464099645614624,0.6564010102301836,1.0660595042140226,0.009999991161748767,0.01729907345224504,0.6801746804267168,1.8967574834823608
E080_box025_p1,box025_person1,74,1.48,1.2500025000000012,32,0.09330638761616553,0.0889864086931177,0.7952065467834473,0.7952065467834473,0.7681454420089722,0.04389796593862488,0.038097173586100375,0.038097173586100375,0.0,0.0,0.0,1,1,2,1,1,2,0.021678612299000324,0.014195839312370319,0.0034163985474965847,0.017100746121957028,0.38959962129592896,0.6337507851421833,0.9921711444463011,0.010000035166740417,0.014304432266303624,0.6808449514210224,2.0088706016540527
E080_box025_p1,box025_person1,75,1.5,1.2666692000000013,32,0.1006115832283099,0.09440174926973464,0.7959973216056824,0.7959973216056824,0.7703262567520142,0.044570006437372356,0.03965251338793224,0.03965251338793224,0.0,0.0,0.0,1,1,2,1,1,2,0.01950267106053702,0.014243230091726303,0.0032742356796747643,0.015635274134143517,0.3549714982509613,0.6335935425013304,0.990969844326625,0.010000001871958375,0.014304371070966248,0.6780087780207396,1.977863073348999
E080_box025_p1,box025_person1,76,1.52,1.2833359000000013,32,0.10747285129832525,0.0996919160908939,0.7956951260566711,0.7956951260566711,0.7725275754928589,0.044977820435028126,0.04140751225220968,0.04140751225220968,0.0,0.0,0.0,1,1,2,1,1,2,0.01775418586575015,0.013717752378551731,0.0035037995832309294,0.014958315619333584,0.3200514018535614,0.6369608957320452,0.9872486020962797,0.010000050067901611,0.0173205369329791,0.6738226730376482,1.8437418937683105
E080_box025_p1,box025_person1,77,1.54,1.3000026000000013,32,0.1126030445892103,0.10584081360131838,0.7942750453948975,0.7942750453948975,0.774631142616272,0.044932439761821985,0.04339583149845411,0.04339583149845411,0.0,0.0,0.0,1,1,2,1,1,2,0.01605811757267399,0.012469751293362773,0.003946354685510043,0.018926440053507125,0.2989588677883148,0.6361488103866577,1.001660107000936,0.009999998845160007,0.01732050124928236,0.6724004149436951,1.9023844003677368
E080_box025_p1,box025_person1,78,1.56,1.3166693000000014,32,0.11666515112071744,0.11207169719158541,0.7914998531341553,0.7914998531341553,0.7766910195350647,0.04440227044273076,0.045647341408479314,0.04440227044273076,0.0,0.0,0.0,1,1,2,1,1,2,0.013628202068999,0.010338336797886857,0.004223052134601483,0.021939820214993216,0.24525892734527588,0.6396344527602196,1.0114943657966056,0.009999995119869709,0.014142177727146567,0.6723194941878319,2.3228037357330322
E080_box025_p1,box025_person1,79,1.58,1.3333360000000014,32,0.1198394731443081,0.11792608142776045,0.7875992655754089,0.7875992655754089,0.7788211107254028,0.04418923463309937,0.04796379894461317,0.04418923463309937,0.0,0.0,0.0,1,0,1,1,1,2,0.010348907545504805,0.007399250078850901,0.00415734412284027,0.016987364909522226,0.23083144426345825,0.6531121991574764,1.0334193621778416,0.009999995119869709,0.01414217749442423,0.6728241704404354,2.6977944374084473
E080_box025_p1,box025_person1,80,1.6,1.3500027000000014,32,0.12237084415199186,0.12415144729130008,0.7823330163955688,0.7823330163955688,0.7809839248657227,0.04394312640102155,0.05066125501802715,0.04394312640102155,0.0,0.0,0.0,1,0,1,1,1,2,0.005877786734994513,0.0032987131454550386,0.004665284758118279,0.015092123000859324,0.19742819666862488,0.6659721024334431,1.054229609597131,0.009999999776482582,0.014174627766458843,0.6745670326054096,2.882746696472168
E080_box025_p1,box025_person1,81,1.62,1.3666694000000015,32,0.1247627226869089,0.12855060954691094,0.7812649011611938,0.7812649011611938,0.7809299230575562,0.047341906880723095,0.053394716977494594,0.047341906880723095,0.0,0.0,0.0,1,0,1,1,1,2,0.005395175385116122,0.0031816606071685197,0.0018572074436192165,0.012456827634373557,0.2203000783920288,0.6826390214264393,1.0614650201328206,0.009999996051192284,0.014174617777045902,0.674519021064043,2.6885557174682617
E080_box025_p1,box025_person1,82,1.64,1.3833361000000015,32,0.12744264320725698,0.1318279902880509,0.7809114456176758,0.7809114456176758,0.7798076272010803,0.05094989360061092,0.05312004368142548,0.05094989360061092,0.0,0.0,0.0,0,0,0,1,1,2,0.005987678254193066,0.003200850015639356,0.0011669460654021094,0.011689693491634564,0.24102312326431274,0.6957498826086521,1.0395366386743965,0.010000020265579224,0.014235962534584907,0.6750628985464573,2.274405002593994
E080_box025_p1,box025_person1,83,1.66,1.4000028000000015,32,0.12946515815688692,0.13419221490995076,0.7803850769996643,0.7803850769996643,0.7808066010475159,0.05006910640055878,0.048444914719156296,0.048444914719156296,0.0,0.0,0.0,1,0,1,1,1,2,0.00694391981676773,0.002646885299412198,0.0010516660315106716,0.0044948293236907275,0.28708431124687195,0.71012107655406,1.0505220642217192,0.010000035166740417,0.014235960937054317,0.6781923584640026,1.8153036832809448
E080_box025_p1,box025_person1,84,1.68,1.4166695000000016,32,0.13158427392964925,0.136213083564874,0.7805191874504089,0.7805191874504089,0.7828662991523743,0.050506718210680146,0.03833208308134989,0.03833208308134989,0.0,0.0,0.0,0,1,1,1,1,2,0.008408023095577068,0.0028541897639660294,0.0024875806724910313,0.0071949941522524334,0.3510769307613373,0.7071090191602707,1.0652107302548648,0.010000109672546387,0.017320545346318612,0.6823208183050156,1.6453245878219604
E080_box025_p1,box025_person1,85,1.7,1.4333362000000016,32,0.13625420762202559,0.13842473998002947,0.7816650867462158,0.7816650867462158,0.7841525077819824,0.04973733114053763,0.03350854068603176,0.03350854068603176,0.0,0.0,0.0,1,1,2,1,1,2,0.010577292283889657,0.004108741818039496,0.0031351529172406324,0.002294793788831564,0.4205092489719391,0.7115620821714401,1.0924466025714408,0.010000050067901611,0.017320503394083194,0.6882083863019943,1.72923743724823
E080_box025_p1,box025_person1,86,1.72,1.4500029000000016,32,0.14220378128120795,0.14012699324581357,0.7829806208610535,0.7829806208610535,0.7850376963615417,0.05078394592211605,0.031099756939346246,0.031099756939346246,0.0,0.0,0.0,1,1,2,1,1,2,0.013253893447728662,0.005434528440315341,0.0023130564958538605,0.00015787898110197605,0.4706645794212818,0.6880449503660202,1.098468603150336,0.010000035166740417,0.017320537824755254,0.6930362433195114,1.664677381515503
E080_box025_p1,box025_person1,87,1.74,1.4666696000000017,32,0.15133764609469086,0.14011936555442814,0.783623993396759,0.783623993396759,0.785964846611023,0.05123457904844714,0.03260062502415689,0.03260062502415689,0.0019919372964603554,0.0,0.0,1,1,2,1,1,2,0.014430128958214931,0.006071386634451989,0.002216396798657947,0.002368168545440339,0.522766393609345,0.6757240742444992,1.1205678222119237,0.010000020265579224,0.01732050554311022,0.6961107105016708,1.7199684381484985
E080_box025_p1,box025_person1,88,1.76,1.4833363000000017,32,0.1624351242193807,0.13916910691670306,0.7835696935653687,0.7835696935653687,0.7869146466255188,0.0528853283315161,0.03524266664691139,0.03524266664691139,0.00042277599047335634,0.0,0.0,0,1,1,1,1,2,0.014666804084934447,0.006012785459311415,0.00201575257907898,0.0032495944702772553,0.5568384490907192,0.6425313800573349,1.121312878769084,0.01000000536441803,0.015104051449549932,0.6949876397848129,1.7987362146377563
E080_box025_p1,box025_person1,89,1.78,1.5000030000000018,32,0.17424575411336088,0.14275440074408735,0.7830019593238831,0.7830019593238831,0.7871968746185303,0.05497479030158986,0.03816888019458026,0.03816888019458026,0.0,0.0,0.0,0,1,1,1,1,2,0.014580934367331058,0.005424579447134509,0.0017632150459783115,0.003736367641857532,0.5720154792070389,0.6332995183765888,1.127074268364898,0.009999999776482582,0.015104039701771085,0.6906149871647358,1.9488617181777954
E080_box025_p1,box025_person1,90,1.8,1.5166697000000018,32,0.18609899453493822,0.14922783850802562,0.781761884689331,0.781761884689331,0.7871073484420776,0.05621267129790025,0.041062731588818735,0.041062731588818735,0.0,0.0,0.0,0,1,1,1,1,2,0.014715761931855878,0.0041544730011006045,0.0014382203363802386,0.0039767012342788325,0.5793426111340523,0.6380594857037067,1.1164161177251861,0.010000050067901611,0.01716750877311459,0.6848276741802692,2.0256636142730713
E080_box025_p1,box025_person1,91,1.82,1.5333364000000018,32,0.19581287788786686,0.1552898674887761,0.7801696062088013,0.7801696062088013,0.7870684862136841,0.05633705642632442,0.04369137356256497,0.04369137356256497,0.0,0.0,0.0,0,1,1,1,1,2,0.015724575329618205,0.0026995480344823367,0.0012062808697790625,0.0010126168427330789,0.5564390569925308,0.6278359182178974,1.1033552834481315,0.010000079870223999,0.0171675282163065,0.6778472550213337,2.1926729679107666
E080_box025_p1,box025_person1,92,1.84,1.5500031000000019,32,0.20348990356034838,0.16172938203031348,0.778548002243042,0.778548002243042,0.7870588898658752,0.055570630538883725,0.04587741393967709,0.04587741393967709,0.0,0.0,0.0,0,1,1,1,1,2,0.017708944297503054,0.0016460511094119404,0.0018584027956946914,0.003870550857465242,0.48611874133348465,0.636054802685976,1.0778192987256645,0.010000050067901611,0.015397951478660092,0.6711918003857136,2.4025557041168213
E080_box025_p1,box025_person1,93,1.86,1.5666698000000019,32,0.21274350122760077,0.16832020276435344,0.7768176198005676,0.7768176198005676,0.7856613993644714,0.05486289033736541,0.047357882750672486,0.047357882750672486,0.0,0.0,0.0,0,1,1,1,1,2,0.019938654622909543,0.0010216245947104116,0.0030733951457754287,0.014604338021716111,0.4285748824477196,0.6289793737232685,1.054355619271172,0.010000035166740417,0.015397923924130561,0.6646847613155842,2.719337224960327
E080_box025_p1,box025_person1,94,1.88,1.583336500000002,32,0.22215820283692467,0.175203896055293,0.7748208045959473,0.7748208045959473,0.7834347486495972,0.05509636037756788,0.048212271487287295,0.048212271487287295,0.0,0.0,0.0,0,1,1,1,1,2,0.020952833859527793,0.0008048688179961572,0.005008294100700177,0.02100506352081129,0.3648066967725754,0.6412994712591171,1.011893999090404,0.010000035166740417,0.017134529907044026,0.6595373004674911,3.0255515575408936
E080_box025_p1,box025_person1,95,1.9,1.600003200000002,32,0.2390996717241626,0.19240843445358857,0.7723726034164429,0.7723726034164429,0.7800931334495544,0.05559367924294306,0.04826594111121191,0.04826594111121191,0.0,0.0,0.0,0,1,1,1,1,2,0.019981137405178404,0.000725793823795555,0.006681250725328407,0.008055214798174564,0.288898142054677,0.6282965578138828,0.9698610210251809,0.010000020265579224,0.01713451566888021,0.6544913090765476,3.436448812484741
E080_box025_p1,box025_person1,96,1.92,1.616669900000002,32,0.2612614932030523,0.21695432949727114,0.7696202993392944,0.7696202993392944,0.7760619521141052,0.056245161564452084,0.0485754250619051,0.0485754250619051,0.0,0.0,0.0,0,1,1,1,1,2,0.017029360258031433,0.0012208084343307557,0.00712178354704954,0.0013677908490643995,0.2092367261648178,0.6156409941613674,0.9103897587587663,0.010000020265579224,0.01660086630987435,0.6490358673036098,3.4456675052642822
E080_box025_p1,box025_person1,97,1.94,1.633336600000002,32,0.2736649417096701,0.232300788496719,0.7664816379547119,0.7664816379547119,0.7730705738067627,0.05638519815841608,0.04830866173133036,0.04830866173133036,0.0,0.0,0.0,0,1,1,1,1,2,0.012867191923822859,0.0017916251535855451,0.006924246854899626,0.010207134412356227,0.14592181099578738,0.6043961308896542,0.8800257112903749,0.010000079870223999,0.016600888161856446,0.6334949992597103,3.530179500579834
E080_box025_p1,box025_person1,98,1.96,1.650003300000002,32,0.28150451377987024,0.2399269129850804,0.7668811678886414,0.7668811678886414,0.7707446217536926,0.06641089631828184,0.043526278919666594,0.043526278919666594,0.0,0.0,0.0,0,1,1,1,1,2,0.013090307657923603,0.0043856505197214235,0.005618147361100122,0.01617490890083229,0.09299352392554283,0.586133012548089,0.8748716800257332,0.010000064969062805,0.017320561465916668,0.6124355290085077,3.0366952419281006
E080_box025_p1,box025_person1,99,1.98,1.666670000000002,32,0.292971239012233,0.24968368694185758,0.7662947177886963,0.7662947177886963,0.7673561573028564,0.07646590763248756,0.04164235076217143,0.04164235076217143,0.0,0.0,0.0,0,1,1,1,1,2,0.01328660501772741,0.005545891191163055,0.009333589305698279,0.014959342172882792,0.04848507419228554,0.5714281881228089,0.8568887269867476,0.010000050067901611,0.017320531355581762,0.5894140088930726,3.035108804702759
E080_box025_p1,box025_person1,100,2.0,1.6833367000000021,32,0.30704306021624067,0.26159080673379786,0.7629640698432922,0.7629640698432922,0.7632641792297363,0.08084821166863682,0.042640743440516216,0.042640743440516216,0.0,0.0,0.0,0,1,1,1,1,2,0.01117452592184854,0.004148683333375522,0.010557284278997263,0.015771034637206426,0.03149664122611284,0.5633503179997206,0.8650507663816532,0.010000050067901611,0.017320495863058064,0.566193638369441,3.117152690887451
E080_box025_p1,box025_person1,101,2.02,1.7000034000000022,32,0.3122366259905523,0.27050834208047353,0.7571078538894653,0.7571078538894653,0.7592712044715881,0.07604255838433488,0.04360663006657067,0.04360663006657067,0.006279227082053307,0.0,0.0,0,1,1,1,1,2,0.0073254544491915125,0.00016638016011278484,0.01205090621185627,0.010836686906455404,0.028870238922536373,0.5586246494203806,0.8675799882811495,0.010000020265579224,0.017320478669321647,0.5560734514147043,3.0940685272216797
E080_box025_p1,box025_person1,102,2.04,1.7166701000000022,32,0.3109834028674391,0.27629767151279205,0.7549817562103271,0.7549817562103271,0.7553460597991943,0.06802011323630669,0.04309151960101926,0.04309151960101926,0.015183871684060324,0.0,0.0,0,1,1,1,1,2,0.006708791759335406,-0.0005059398451297339,0.0017892956160574802,0.0068660892477837975,0.03911690227687359,0.5661685410887003,0.8720784821284058,0.010000035166740417,0.017320523822840127,0.5549945179373026,2.905560255050659
E080_box025_p1,box025_person1,103,2.06,1.7333368000000022,32,0.31322913416839876,0.2807205637174237,0.7555890083312988,0.7555890083312988,0.754552960395813,0.05937738643333318,0.0429505551034805,0.0429505551034805,0.01604912069699016,0.0,0.0,0,1,1,1,1,2,0.008891226713084385,0.0013476424175299581,0.0013105374468750071,0.0036769927295116993,0.049302153289318085,0.5573639944195747,0.8514248892956505,0.010000020265579224,0.01732050984142588,0.5504415109753609,2.5606331825256348
E080_box025_p1,box025_person1,104,2.08,1.7500035000000023,32,0.31762636139245576,0.2837905412826797,0.7586978077888489,0.7586978077888489,0.7559785842895508,0.050552227336266464,0.04335502231569771,0.04335502231569771,0.011685899603420313,0.0,0.0,1,1,2,1,1,2,0.013361226837007759,0.005447708668871051,0.0019910016191983515,0.008757863862462542,0.05607080087065697,0.5256051793694496,0.8152692392459987,0.010000139474868774,0.01732061092715228,0.5413316860795021,2.0696167945861816
E080_box025_p1,box025_person1,105,2.1,1.7666702000000023,32,0.3147042909204663,0.2896987981734801,0.7639465928077698,0.7639465928077698,0.7576228380203247,0.04645154667963619,0.04399414310117605,0.04399414310117605,0.015236820291173014,0.0,0.0,1,1,2,1,1,2,0.019772641100891504,0.011410272191880663,0.002537772286893221,0.017092850881745388,0.0776393711566925,0.5211999230086803,0.8231158228887475,0.010000169277191162,0.017320613096600126,0.5418819598853588,2.8536059856414795
E080_box025_p1,box025_person1,106,2.12,1.7833369000000023,32,0.3119821468090701,0.2968505782260682,0.7706446647644043,0.7706446647644043,0.7594271898269653,0.04697680431047485,0.04648827805057815,0.04648827805057815,0.024184575152134513,0.0,0.0,1,1,2,1,1,2,0.026997577458753655,0.01897292591628901,0.003432603814933393,0.024181855435342434,0.07297097588889301,0.5092125162482262,0.8639502782543254,0.010000014677643776,0.017320333486081158,0.5483066067099571,3.85598087310791
E080_box025_p1,box025_person1,107,2.14,1.8000036000000024,32,0.3131801270589468,0.30201593158461754,0.7779585719108582,0.7779585719108582,0.7630744576454163,0.04719512545866794,0.04821245846246597,0.04719512545866794,0.0239942056349825,0.0,0.0,1,1,2,1,1,2,0.03381941929561498,0.027603140790762204,0.003288256935862065,0.03431939631198799,0.061737122014164925,0.49118130281567574,0.9100677578583599,0.010000020265579224,0.0173205184589606,0.5401984341442585,4.6745924949646
E080_box025_p1,box025_person1,108,2.16,1.8166703000000024,32,0.3205413628997541,0.3050403913803492,0.7842410802841187,0.7842410802841187,0.7681168913841248,0.04825402374434723,0.051680654924404934,0.04825402374434723,0.017091483195660395,0.0,0.0,1,0,1,1,1,2,0.03804847343980308,0.036226918376864856,0.003287122507286207,0.04237047026242663,0.02920609340071678,0.5068947710096836,0.9496411396225497,0.010000010952353477,0.01732033133443876,0.5226962640881538,5.1872968673706055
E080_box025_p1,box025_person1,109,2.18,1.8333370000000024,32,0.3232073125674488,0.3066592799372477,0.7877873182296753,0.7877873182296753,0.7721987366676331,0.04808756811613496,0.05339367106378706,0.04808756811613496,0.008145500647551152,0.0,0.0,1,0,1,1,1,2,0.03843323445208292,0.04261992179490823,0.005696647187621607,0.04861671235861028,-0.012622952461242676,0.5263507483759895,0.9707994236976566,0.010000007227063179,0.017320243160593496,0.5101178474724293,5.291965484619141
E080_box025_p1,box025_person1,110,2.2,1.8500037000000025,32,0.32677018662541374,0.30643700101583304,0.7899338603019714,0.7899338603019714,0.7755287885665894,0.05035856238374864,0.055100397416899705,0.05035856238374864,0.0,0.0,0.0,1,0,1,1,1,2,0.035724067041838795,0.050951495179089396,0.005088208760842734,0.054121404919417,-0.06488372385501862,0.4673984609544277,0.9559616562285725,0.010000094771385193,0.017320592646832653,0.5014895312488079,4.393403053283691
E080_box025_p1,box025_person1,111,2.22,1.8666704000000025,32,0.32914311586710016,0.31033671092902054,0.790459156036377,0.790459156036377,0.7792052030563354,0.04991708356611896,0.05625624949095959,0.04991708356611896,0.0,0.0003311662594778775,0.0,1,0,1,1,1,2,0.030525748701538548,0.059459313266016015,0.004754159123290736,0.06868425505667428,-0.12613296508789062,0.4667956456542015,0.9408569515615859,0.010000020265579224,0.017320513073757166,0.49203241989016533,3.217794418334961
E080_box025_p1,box025_person1,112,2.24,1.8833371000000025,32,0.33074472135117916,0.31769146074204546,0.788662850856781,0.788662850856781,0.7831616997718811,0.04853389819830384,0.05698912930512484,0.04853389819830384,0.0,0.0,0.0,1,0,1,1,1,2,0.023565100413220318,0.0615863692613821,0.015666362439733825,0.08173868977339604,-0.202829509973526,0.5301741100847721,0.9186338303773599,0.010000169277191162,0.017320590500258585,0.4821290485560894,3.364424467086792
E080_box025_p1,box025_person1,113,2.26,1.9000038000000026,32,0.33004391246273185,0.32376240023234626,0.789596438407898,0.789596438407898,0.7879208922386169,0.048760476712291834,0.053353009241584204,0.048760476712291834,0.0,0.0,0.0,1,0,1,1,1,2,0.021822280168347585,0.06841881708563916,0.011582482255627255,0.08543505995890051,-0.25226840376853943,0.5710664764046669,0.8958586243525518,0.010000169277191162,0.017320620607938358,0.472014918923378,3.86647891998291
E080_box025_p1,box025_person1,114,2.28,1.9166705000000026,32,0.3297515436108131,0.32897339981260926,0.7907898426055908,0.7907898426055908,0.7933511137962341,0.04822327126571696,0.049375393409827495,0.04822327126571696,0.0,0.0006988052801523703,0.0,1,0,1,1,1,2,0.020355225250312206,0.06546433425291273,0.03348741302482901,0.08850323757603293,-0.28208035230636597,0.6025486588478088,0.8759379395444781,0.010000169277191162,0.01732059910337109,0.4615294523537159,4.276082515716553
E080_box025_p1,box025_person1,115,2.3,1.9333372000000026,32,0.3275425218388269,0.3300840540858233,0.7918882369995117,0.7918882369995117,0.7969853281974792,0.04802982752098067,0.0461552129352662,0.0461552129352662,0.0014807789739289534,0.0017432817693310843,0.0014807789739289534,1,1,2,1,1,2,0.018290920212705862,0.055860427916612665,0.050834437711193545,0.07691396802058097,-0.2817174196243286,0.5901026129722595,0.8549127472543891,0.009999990463256836,0.01732041413572525,0.4518161565065384,4.3216986656188965
E080_box025_p1,box025_person1,116,2.32,1.9500039000000027,32,0.32128830512557643,0.3262991647167531,0.7965399026870728,0.7965399026870728,0.7990685105323792,0.051802223869230335,0.04256928359037798,0.04256928359037798,0.0032407662793721426,0.002505663907007183,0.002505663907007183,0,1,1,1,1,2,0.020429053122216975,0.06203065657029626,0.022023198515586116,0.06734904281622565,-0.2663608491420746,0.5605537593364716,0.8426440216019809,0.01000000536441803,0.017320242108267988,0.44456062838435173,4.036946773529053
E080_box025_p1,box025_person1,117,2.34,1.9666706000000027,32,0.3183335716097601,0.32476924799276813,0.7988272309303284,0.7988272309303284,0.7995652556419373,0.044786726653734565,0.04180471512485556,0.04180471512485556,0.00594705634228565,0.0022554795595386423,0.0022554795595386423,1,1,2,1,1,2,0.019903776124938377,0.058362358182543,0.03840283024767287,0.056823969843975454,-0.23036789894104004,0.5152093768119812,0.8064924371199644,0.010000012814998627,0.01732023777702875,0.4389919750392437,3.4451701641082764
E080_box025_p1,box025_person1,118,2.36,1.9833373000000027,32,0.3154752678341715,0.32521416194764396,0.7986337542533875,0.7986337542533875,0.7986463904380798,0.0422760249699094,0.045354989009963875,0.0422760249699094,0.009453579310223337,0.0008842500298120171,0.0008842500298120171,1,1,2,1,1,2,0.01805281258978865,0.04868910367180963,0.04915282882665456,0.04729100161594016,-0.17706823348999023,0.4565598741173744,0.8009410544130959,0.010000020265579224,0.017320233481600972,0.4342821091413498,2.9898858070373535
E080_box025_p1,box025_person1,119,2.38,2.000004000000003,32,0.3098417807845624,0.326081022845629,0.7991044521331787,0.7991044521331787,0.7981259226799011,0.042645158332700384,0.05076377007521943,0.042645158332700384,0.018781206601765132,0.0,0.0,1,0,1,1,1,2,0.017357210121153516,0.038292727301431045,0.062002696731007494,0.04213553561240188,-0.10440152883529663,0.39924344420433044,0.7423839015310608,0.010000020265579224,0.017320113045132597,0.44487282633781433,2.8422296047210693
E080_box025_p1,box025_person1,120,2.4,2.016670700000003,32,0.2968249081756406,0.3276226714684227,0.7998812794685364,0.7998812794685364,0.7979728579521179,0.0452498678001339,0.05314158194065649,0.0452498678001339,0.03337627055870501,0.0,0.0,1,0,1,1,1,2,0.01740365949179834,0.029602272629090196,0.06810360748330818,0.03746358652228876,-0.04742586612701416,0.38267850095871836,0.6829435591681416,0.009999997913837433,0.01732035822323183,0.4672404449665919,2.2997422218322754
E080_box025_p1,box025_person1,121,2.42,2.033337400000003,32,0.2928987128040518,0.325587256225555,0.8002930879592896,0.8002930879592896,0.7972850203514099,0.04928721579359768,0.051001577840632584,0.04928721579359768,0.03738957864981168,0.0,0.0,1,0,1,1,1,2,0.01788020668017444,0.023404553358376448,0.06953961178364307,0.034543524478690586,0.017776191234588623,0.3538496349938214,0.6271338600872309,0.010000288486480713,0.017320685131663547,0.4563302253372967,2.70569109916687
E080_box025_p1,box025_person1,122,2.44,2.050004100000003,32,0.29782626688709046,0.3200212970734466,0.8001194000244141,0.8001194000244141,0.7960879802703857,0.05356481792363693,0.04446562910753332,0.04446562910753332,0.031481243859826036,0.0,0.0,0,1,1,1,1,2,0.018689827369847888,0.019645875571809107,0.06703625560752643,0.03154651189307665,0.12239548563957214,0.29989977180957794,0.5723714733549219,0.010000228881835938,0.014803525301760026,0.4141557663679123,2.8101131916046143
E080_box025_p1,box025_person1,123,2.46,2.066670800000003,32,0.3035089639614269,0.3227787034346556,0.7990989685058594,0.7990989685058594,0.7921415567398071,0.05653067489534852,0.044209387927591826,0.044209387927591826,0.03029467044577394,0.0,0.0,0,1,1,1,1,2,0.019688396937428784,0.017587423108201133,0.06229347056254703,0.02694389538087055,0.1784706711769104,0.27290982380509377,0.5601673656422138,0.010000109672546387,0.014803437857591181,0.3804463781416416,2.7605340480804443
E080_box025_p1,box025_person1,124,2.48,2.083337500000003,32,0.3080400886317216,0.33358103804715517,0.7969895601272583,0.7969895601272583,0.7854901552200317,0.057888231047759586,0.045511958466524505,0.045511958466524505,0.033906255825644604,0.0,0.0,0,1,1,1,1,2,0.02103157105326252,0.015699495173558918,0.054332479630756485,0.022674986948977488,0.22112953662872314,0.2791171595454216,0.5741688897330145,0.009999994188547134,0.014590559792724805,0.357457272708416,2.598726749420166
E080_box025_p1,box025_person1,125,2.5,2.100004200000003,32,0.30937051781763397,0.3370091878047937,0.7940089106559753,0.7940089106559753,0.7808032035827637,0.05796417303244389,0.04542802876162938,0.04542802876162938,0.03406427910750648,0.0,0.0,0,1,1,1,1,2,0.0227870833117141,0.012905865696372053,0.04479654795122295,0.010310833818839887,0.2613960802555084,0.26864003390073776,0.5867154466190213,0.010000109672546387,0.014590835658979123,0.33462192863225937,2.2860870361328125
E080_box025_p1,box025_person1,126,2.52,2.116670900000003,32,0.3107053728154013,0.3330165162569636,0.7898514866828918,0.7898514866828918,0.7781129479408264,0.05438338774842216,0.045415041732572325,0.045415041732572325,0.030618451020630877,0.0,0.0,0,1,1,1,1,2,0.024591287666884745,0.008077515217492108,0.03591342022312017,0.009076495636958018,0.2912727892398834,0.2912727892398834,0.5669095517665091,0.010000288486480713,0.014657352224007984,0.32139021158218384,1.7160612344741821
E080_box025_p1,box025_person1,127,2.54,2.133337600000003,32,0.31106463992950006,0.33079028889398465,0.7846420407295227,0.7846420407295227,0.7774710655212402,0.05178879680398113,0.04547731075961542,0.04547731075961542,0.023638268806666474,0.0,0.0,0,1,1,1,1,2,0.026522757319161414,0.0007978389273982783,0.02796911412227819,0.002844792959105573,0.32244908809661865,0.32244908809661865,0.5799432241184004,0.010000169277191162,0.014657277343803357,0.319316029548645,1.8338570594787598
E080_box025_p1,box025_person1,128,2.56,2.150004300000003,32,0.311183771907066,0.33111814557302477,0.7840612530708313,0.7840612530708313,0.7789799571037292,0.051349415876812465,0.0431283559693571,0.0431283559693571,0.013224917114088464,0.0,0.0,0,1,1,1,1,2,0.032216708034143234,-0.0032936442184160405,0.00621067401072314,0.0063565504560807,0.37880052626132965,0.37880052626132965,0.6230037761253631,0.010000050067901611,0.017320547479181974,0.3204658627510071,2.2905256748199463
E080_box025_p1,box025_person1,129,2.58,2.166671000000003,32,0.3038085682431151,0.3319419686523371,0.7839950919151306,0.7839950919151306,0.7813141345977783,0.04655069995238931,0.04232134297275475,0.04232134297275475,0.01608062879296085,0.0,0.0,1,1,2,1,1,2,0.033674304562709104,-0.006303740958853041,0.0031282089883510338,0.0025299077734264024,0.38747480511665344,0.38747480511665344,0.6490237455299935,0.010000050067901611,0.01732053887925517,0.32235485315322876,2.6325247287750244
E080_box025_p1,box025_person1,130,2.6,2.183337700000003,32,0.2856199389399307,0.3352927382521445,0.786279022693634,0.786279022693634,0.7845435738563538,0.04351156033096398,0.04472524791789895,0.04351156033096398,0.0328923266228725,0.0,0.0,1,1,2,1,1,2,0.032095639752451374,-0.0048512328706754315,0.0028806990486686386,0.002794085958672986,0.3527626693248749,0.3527626693248749,0.6844642264958127,0.009999997913837433,0.017320349639652535,0.3295797072350979,3.016160488128662
E080_box025_p1,box025_person1,131,2.62,2.200004400000003,32,0.284634077419678,0.3313020862182176,0.7886241674423218,0.7886241674423218,0.7839273810386658,0.04132242321789731,0.04743519991227624,0.04132242321789731,0.03235016126937512,0.0,0.0,1,1,2,1,1,2,0.026819900267005814,-0.0020456422041329053,0.0026550156416273608,0.010484031910111517,0.34414029121398926,0.34414029121398926,0.7176327106642351,0.010000020265579224,0.01732040983831888,0.3301515430212021,3.3318378925323486
E080_box025_p1,box025_person1,132,2.64,2.2166711000000032,32,0.30713347910586675,0.318480119518678,0.7898240685462952,0.7898240685462952,0.7790014147758484,0.041778895299822316,0.04900934480103175,0.041778895299822316,0.011300307195419912,0.0,0.0,1,1,2,1,1,2,0.01920980967412441,0.0008485307142624271,0.002486820981628205,0.018254772013174353,0.28455250710248947,0.28455250710248947,0.7243202711539884,0.010000020265579224,0.01732048726022118,0.30936652421951294,3.6066482067108154
E080_box025_p1,box025_person1,133,2.66,2.2333378000000033,32,0.3249562900805887,0.3132664431635161,0.7895899415016174,0.7895899415016174,0.7761238813400269,0.041950047616787944,0.051833909133339684,0.041950047616787944,0.0,0.0,0.0,1,0,1,1,1,2,0.01156207715870173,0.0036112986204830944,0.0020787683757237186,0.016204996381704636,0.2554381489753723,0.2667664438486099,0.7353172729349633,0.009999997913837433,0.01732028938883388,0.3175915479660034,3.845348358154297
E080_box025_p1,box025_person1,134,2.68,2.2500045000000033,32,0.33385194460164513,0.31692335641113734,0.7880371809005737,0.7880371809005737,0.7756183743476868,0.04123615988574619,0.05214904806670079,0.04123615988574619,0.0,0.0010468069393098633,0.0,1,0,1,1,1,2,0.006172319692838102,0.006098341161855557,0.001405346140055152,0.014394579488636582,0.2288435995578766,0.29613766446709633,0.7219491248033628,0.010000020265579224,0.017320515222938433,0.3262987732887268,3.9573185443878174
E080_box025_p1,box025_person1,135,2.7,2.2666712000000033,32,0.33593493257065243,0.3163806413783285,0.7851908206939697,0.7851908206939697,0.7743209004402161,0.04068983915556362,0.05023322023395621,0.04068983915556362,0.001221920512737229,0.005796618473075166,0.001221920512737229,1,1,2,1,1,2,0.00430612491245759,0.008368732164566253,0.001115368649737291,0.012495781673916797,0.19367408752441406,0.31965862587094307,0.7042685589036821,0.010000012814998627,0.017320358214612076,0.37054725736379623,3.9527809619903564
E080_box025_p1,box025_person1,136,2.72,2.2833379000000034,32,0.33486777235071435,0.31050081419484576,0.7817680835723877,0.7817680835723877,0.772075891494751,0.04163554228753891,0.052232796680269644,0.04163554228753891,0.0045203631129003274,0.0068266227740667595,0.0045203631129003274,1,0,1,1,1,2,0.007065145829263701,0.010902341734485718,0.001070374573870665,0.016118394763032343,0.17806729674339294,0.34097617864608765,0.6858824606015267,0.01000000536441803,0.017320433488011495,0.41739116981625557,3.6859755516052246
E080_box025_p1,box025_person1,137,2.74,2.3000046000000034,32,0.3346702251871272,0.3063190272608263,0.7779648900032043,0.7779648900032043,0.7693390250205994,0.04349740766642257,0.051296861148733386,0.04349740766642257,0.008597562208879361,0.0068978263678324825,0.0068978263678324825,1,0,1,1,1,2,0.014242439243735819,0.01374158757588357,0.0010376248978282707,0.010316622891842037,0.15111832320690155,0.3464634269475937,0.6507005270701693,0.010000050067901611,0.017320521681939878,0.42585843801498413,3.276201009750366
E080_box025_p1,box025_person1,138,2.76,2.3166713000000034,32,0.33359214387622527,0.3044449115479244,0.7739267945289612,0.7739267945289612,0.7659939527511597,0.045055357551869346,0.049396963995749055,0.045055357551869346,0.013690561177585603,0.005662380884532525,0.005662380884532525,1,1,2,1,1,2,0.024876772996354303,0.016858378039338817,0.0005804181859473561,0.004949262378956933,0.13474899530410767,0.32026488706469536,0.6189187935103327,0.010000467300415039,0.017320805584872003,0.3933420926332474,2.9269661903381348
E080_box025_p1,box025_person1,139,2.78,2.3333380000000035,32,0.33456870993404547,0.3010139974809675,0.769727349281311,0.769727349281311,0.7623791694641113,0.0484929882707516,0.04726666269162266,0.04726666269162266,0.01709667961462974,0.00527594478092841,0.00527594478092841,1,1,2,1,1,2,0.03692135529218457,0.020345080469578676,0.0009646943341584037,0.0027011422458377457,0.11242865025997162,0.32172269746661186,0.5945562338423221,0.010000467300415039,0.017320788377077137,0.35087327659130096,2.868922710418701
E080_box025_p1,box025_person1,140,2.8,2.3500047000000035,32,0.33297519507849266,0.2961880139253819,0.7656615972518921,0.7656615972518921,0.7584196329116821,0.0516281819638606,0.045732272040028554,0.045732272040028554,0.01835839073347323,0.005969717039424949,0.005969717039424949,0,1,1,1,1,2,0.04836394988260247,0.024285574046524656,0.0008616212089198352,0.0004518201144532429,0.11038041114807129,0.31576765701174736,0.5754338674132055,0.009999997913837433,0.01732033239994149,0.3252830505371094,3.138096809387207
E080_box025_p1,box025_person1,141,2.82,2.3666714000000035,32,0.32913908053075785,0.2914325533423872,0.761840283870697,0.761840283870697,0.7558608651161194,0.053552290028515304,0.04480427765129841,0.04480427765129841,0.019401925559441036,0.004909067368022879,0.004909067368022879,0,1,1,1,1,2,0.05720713548741119,0.02869716704990475,0.001067976957271159,0.0036459922370137765,0.08978031575679779,0.2987547032535076,0.5726136878253887,0.01000000536441803,0.01732016034394594,0.3217681050300598,3.22076416015625
E080_box025_p1,box025_person1,142,2.84,2.3833381000000036,32,0.3255750236135276,0.2865974075551461,0.758277177810669,0.758277177810669,0.7551521062850952,0.052363780469190824,0.048502767335325936,0.048502767335325936,0.020095685201126534,0.00143532888093989,0.00143532888093989,0,1,1,1,1,2,0.061873433613249554,0.033363372858686194,0.0007823359803151436,0.007624590180799481,0.07587842643260956,0.2865365892648697,0.5949845090799445,0.010000020265579224,0.017320388322729276,0.318661093711853,3.0121564865112305
E080_box025_p1,box025_person1,143,2.86,2.4000048000000036,32,0.32230524427243196,0.27919282223387204,0.7548544406890869,0.7548544406890869,0.7552510499954224,0.044871400958867824,0.05139584658983348,0.044871400958867824,0.01975988117844063,0.0,0.0,1,0,1,1,1,2,0.06133443086812782,0.038349899326042255,0.0009835877507207323,0.00827434833328571,0.040118277072906494,0.28098757565021515,0.6123635640682525,0.010000109672546387,0.01732057759050361,0.3164278268814087,2.653225898742676
E080_box025_p1,box025_person1,144,2.88,2.4166715000000036,32,0.31679718605472057,0.26878428015466843,0.7514082789421082,0.7514082789421082,0.7564529180526733,0.041547584784787095,0.05316597492962055,0.041547584784787095,0.017905887565107526,0.0,0.0,1,0,1,1,1,2,0.054939017058507775,0.04382458972397435,0.0015058685704891273,0.01267987322251534,-0.03665462136268616,0.2960839681327343,0.64860737332037,0.010000064969062805,0.01732045715069753,0.31162601709365845,2.2376482486724854
E080_box025_p1,box025_person1,145,2.9,2.4333382000000037,32,0.31120774632939774,0.2590141492756362,0.7473446130752563,0.7473446130752563,0.7590495347976685,0.040196531381826384,0.05337107764961263,0.040196531381826384,0.01399200478234175,0.0,0.0,1,0,1,1,1,2,0.04300108031027883,0.04913336225847726,0.002198946157455221,0.020247945658525945,-0.08575478196144104,0.30113155767321587,0.6592948005214674,0.010000109672546387,0.01732058405897238,0.30646151304244995,2.398027181625366
E080_box025_p1,box025_person1,146,2.92,2.4500049000000037,32,0.31202130504720194,0.2521105951057452,0.749457597732544,0.749457597732544,0.763615608215332,0.04409442456649498,0.05128332558082699,0.04409442456649498,0.007362568041655415,0.0,0.0,1,0,1,1,1,2,0.038612215282253656,0.057714398077986104,0.0053943762464902815,0.03139083924942038,-0.13027572631835938,0.31722766160964966,0.6891243366438569,0.010000348091125488,0.017320732460891507,0.30789607763290405,2.783449411392212
E080_box025_p1,box025_person1,147,2.94,2.4666716000000037,32,0.3084585282821342,0.24313659757951653,0.7544484734535217,0.7544484734535217,0.7671511173248291,0.0450111471208266,0.0494045505182637,0.0450111471208266,0.0002672822311686196,0.0,0.0,1,0,1,1,1,2,0.03799752468419006,0.061938109971947285,0.01836865792282498,0.038522897930968025,-0.1769576072692871,0.316362202167511,0.6804578789477668,0.010000228881835938,0.017320616337837835,0.30469977855682373,2.911459445953369
E080_box025_p1,box025_person1,148,2.96,2.4833383000000038,32,0.29996809572014166,0.2298665976862707,0.7606611847877502,0.7606611847877502,0.7691820859909058,0.043583680639564915,0.048798912694083374,0.043583680639564915,0.0,0.0,0.0,1,0,1,1,1,2,0.0383568794819667,0.0617733632837162,0.03017084337732464,0.04927097556546152,-0.224665105342865,0.32524140551686287,0.6971019259572363,0.010000228881835938,0.0173206141595949,0.2998480387032032,2.796548843383789
E080_box025_p1,box025_person1,149,2.98,2.500005000000004,32,0.29669020136750784,0.22018307928476938,0.7670032978057861,0.7670032978057861,0.7716077566146851,0.045489282617386106,0.04938207974143133,0.045489282617386106,0.0,0.0,0.0,1,0,1,1,1,2,0.03843523708190137,0.057795828849676156,0.0411777913747926,0.052435253931470645,-0.2698267698287964,0.33135028555989265,0.6951768268647484,0.010000109672546387,0.01732061200648386,0.30280985310673714,2.842468500137329
E080_box025_p1,box025_person1,150,3.0,2.516671700000004,32,0.2922149350488673,0.2166304320143582,0.7730318903923035,0.7730318903923035,0.7746294140815735,0.04487990484164622,0.04927218001979056,0.04487990484164622,0.0,0.0,0.0,1,0,1,1,1,2,0.038167818629618266,0.050627797720153356,0.050993346811179556,0.056586844763427124,-0.31816738843917847,0.31816738843917847,0.6811379607018366,0.009999994188547134,0.0150818700564679,0.30529923737049103,3.268925905227661
E080_box025_p1,box025_person1,151,3.02,2.533338400000004,32,0.28574267937730075,0.2117622890346723,0.7782348394393921,0.7782348394393921,0.7761296033859253,0.04370628617108746,0.04830424957643048,0.04370628617108746,0.0,0.000365966542670626,0.0,1,0,1,1,1,2,0.037181814332275416,0.04186696450289242,0.059210050036970385,0.05414643811542483,-0.3322564363479614,0.3322564363479614,0.6723010576280979,0.010000016540288925,0.015081910774688227,0.30728424713015556,3.5435001850128174
E080_box025_p1,box025_person1,152,3.04,2.550005100000004,32,0.2773868544740844,0.2044178485656547,0.7823995351791382,0.7823995351791382,0.7752525210380554,0.043077093298761804,0.04808747860172641,0.043077093298761804,0.0,0.002155342746219757,0.0,1,1,2,1,1,2,0.0351521216649278,0.03370768813513854,0.06417166607694764,0.050650880728969075,-0.29700422286987305,0.33491350710392,0.6464124095310664,0.010000467300415039,0.014769709688225826,0.3106050044298172,3.5564281940460205
E080_box025_p1,box025_person1,153,3.06,2.566671800000004,32,0.27226390816483237,0.19699438522457327,0.7854530811309814,0.7854530811309814,0.7756331562995911,0.04559294136329434,0.04945498912565277,0.04559294136329434,0.0,0.0027018516226400835,0.0,1,0,1,1,1,2,0.03212807430246119,0.02724467722368147,0.06735332172539506,0.050047494988446316,-0.27201902866363525,0.3331872969865799,0.631726038961692,0.009999990463256836,0.014769396167069081,0.31454069912433624,3.451870918273926
E080_box025_p1,box025_person1,154,3.08,2.583338500000004,32,0.2648586289358287,0.19026266479548604,0.7876406311988831,0.7876406311988831,0.7780475616455078,0.048042634614348045,0.05068428246681239,0.048042634614348045,0.0016020588072302444,0.001176790939651895,0.001176790939651895,0,0,0,1,1,2,0.02878438181054556,0.02313730099238582,0.06745083497680614,0.04991622462427599,-0.23286724090576172,0.3390226773917675,0.6065276398415339,0.009999990463256836,0.01688744780703916,0.3187319450080395,3.6341168880462646
E080_box025_p1,box025_person1,155,3.1,2.600005200000004,32,0.25555917996876837,0.18294399322659052,0.7892026305198669,0.7892026305198669,0.7799248099327087,0.05014106249621214,0.051433380629142544,0.05014106249621214,0.006675154823358065,0.0,0.0,0,0,0,1,1,2,0.02551111588818427,0.02143274703826193,0.06599439402043895,0.04102713374100737,-0.17877590656280518,0.3305037133395672,0.5886908378938737,0.009999990463256836,0.01688743305190411,0.32205773517489433,3.854274034500122
E080_box025_p1,box025_person1,156,3.12,2.616671900000004,32,0.2443706766892518,0.17439072763382718,0.7904164791107178,0.7904164791107178,0.7809032201766968,0.05113819730417418,0.05175383107064674,0.05113819730417418,0.014464221187104997,0.0,0.0,0,0,0,1,1,2,0.022676845620596825,0.021773085033331606,0.06396173464034909,0.02628821843233964,-0.1267489790916443,0.31258804723620415,0.5821939875640099,0.010000020265579224,0.017320310901599408,0.3232078365981579,3.5882723331451416
E080_box025_p1,box025_person1,157,3.14,2.633338600000004,32,0.23710276314423157,0.17320967962086944,0.7912657260894775,0.7912657260894775,0.7804555892944336,0.05139477760713668,0.05210738875968152,0.05139477760713668,0.019544402262027805,0.0,0.0,0,0,0,1,1,2,0.02024595612665627,0.02367725168795245,0.060330061524940984,0.030998586163747267,-0.07811802625656128,0.2949037663638592,0.5650108492489656,0.010000109672546387,0.01732059910825539,0.32160959765315056,3.133066177368164
E080_box025_p1,box025_person1,158,3.16,2.650005300000004,32,0.2370939104062295,0.18465084264202267,0.7917953133583069,0.7917953133583069,0.7775363326072693,0.04985715100451188,0.053324944635275096,0.04985715100451188,0.0210165362853601,0.0,0.0,0,0,0,1,1,2,0.01826353468925633,0.026285571955854223,0.05559080830157915,0.03827431312843794,0.009626209735870361,0.28823627531528473,0.547934905420494,0.01000000536441803,0.017320345306451507,0.318027064204216,2.7349019050598145
E080_box025_p1,box025_person1,159,3.18,2.666672000000004,32,0.2328609860941494,0.18846537982723355,0.7923815250396729,0.7923815250396729,0.7755308747291565,0.05204480186723631,0.054945320781518314,0.05204480186723631,0.02063329885742249,0.0,0.0,0,0,0,1,1,2,0.017244405574245406,0.02934499975232146,0.05054461720472795,0.030796888356173516,0.03524106740951538,0.27680791914463043,0.5556085979219304,0.010000348091125488,0.01732067653091773,0.3126708120107651,2.5596020221710205
E080_box025_p1,box025_person1,160,3.2,2.683338700000004,32,0.2217766115129482,0.178591311378941,0.7925726175308228,0.7925726175308228,0.7751660943031311,0.05321223571225647,0.0569574884877731,0.05321223571225647,0.016945295664054172,0.0,0.0,0,0,0,1,1,2,0.01674485973538825,0.0317626743837371,0.0446757109682601,0.019641135589063604,0.037781476974487305,0.27878667041659355,0.5399665510862677,0.010000109672546387,0.017320568988568246,0.3068961016833782,2.7256877422332764
E080_box025_p1,box025_person1,161,3.22,2.700005400000004,32,0.21190070651722903,0.16933125997513132,0.7920448780059814,0.7920448780059814,0.7749207019805908,0.05002334209805742,0.05794208909366644,0.05002334209805742,0.013873352057624244,0.0,0.0,0,0,0,1,1,2,0.01634823983127845,0.032806672937538674,0.03865345542468306,0.0163235789635246,0.03397482633590698,0.27324534580111504,0.5456521216730321,0.009999997913837433,0.017320487256389672,0.3009023778140545,3.0584065914154053
E080_box025_p1,box025_person1,162,3.24,2.7166721000000043,32,0.20304025406201234,0.16170815327646923,0.7904229760169983,0.7904229760169983,0.7748972177505493,0.04592090622017414,0.060161000316869495,0.04592090622017414,0.011782752172945388,0.0,0.0,0,0,0,1,1,2,0.015587410365864883,0.031984817843228666,0.03336290484287288,0.010065061379147778,0.016243815422058105,0.26708230935037136,0.571608777035345,0.01000070571899414,0.017320878745241148,0.29463566467165947,3.175483226776123
E080_box025_p1,box025_person1,163,3.26,2.7333388000000043,32,0.1933703762607096,0.15374567920298923,0.7878672480583191,0.7878672480583191,0.7748101949691772,0.047150577183924736,0.060175444608424,0.047150577183924736,0.011706573836579026,0.0,0.0,0,0,0,1,1,2,0.014683078012487513,0.029013103955180294,0.027588111102682653,0.00886372454869704,0.009132921695709229,0.2680246941745281,0.5824359102791398,0.010000944137573242,0.017320994891085125,0.2889396958053112,3.1345160007476807
E080_box025_p1,box025_person1,164,3.28,2.7500055000000043,32,0.18407696573719437,0.14627846712520656,0.7844410538673401,0.7844410538673401,0.7746003866195679,0.04497395395704068,0.057549955682059506,0.04497395395704068,0.0147676790433936,0.0,0.0,0,0,0,1,1,2,0.013782127855979827,0.023970472172431326,0.021801851753069264,0.008709276159767264,-0.014420151710510254,0.25478674098849297,0.5797384089736349,0.01000000536441803,0.017320431339654278,0.2829919569194317,2.868690013885498
E080_box025_p1,box025_person1,165,3.3,2.7666722000000044,32,0.17601683241921878,0.1397866605311484,0.7849817276000977,0.7849817276000977,0.7740455269813538,0.04001009321675636,0.05433460424999631,0.04001009321675636,0.01679119676753693,0.0,0.0,1,0,1,1,1,2,0.0172212911528326,0.02141337804493093,0.008186874004491607,0.005279049434166967,-0.013057410717010498,0.24758607149124146,0.5688851889436135,0.010000035166740417,0.017320181851117274,0.2767651379108429,2.153347969055176
E080_box025_p1,box025_person1,166,3.32,2.7833389000000044,32,0.16737585317797787,0.13209644343268145,0.7865680456161499,0.7865680456161499,0.772800624370575,0.0407763230940969,0.05037610652685737,0.0407763230940969,0.01647609831390584,0.0,0.0,1,0,1,1,1,2,0.021311227428009456,0.02051332173371888,0.003990880262226476,0.0005186500708211808,0.0038468241691589355,0.2871951647102833,0.583859199081202,0.010001182556152344,0.017321128257919826,0.274018008261919,2.1573424339294434
E080_box025_p1,box025_person1,167,3.34,2.8000056000000044,32,0.1636896607583842,0.12330277706784767,0.7878421545028687,0.7878421545028687,0.7715481519699097,0.04406832001070421,0.046269834305878665,0.04406832001070421,0.015396509183102702,0.0,0.0,0,1,1,1,1,2,0.02463959974488405,0.020035231728730334,0.0022893224349940368,0.00041517099212777064,0.017584383487701416,0.2863515727221966,0.5799063841884288,0.01000058650970459,0.017320799154266337,0.2734297029674053,2.177614212036133
E080_box025_p1,box025_person1,168,3.36,2.8166723000000045,32,0.16375402641327472,0.1119918410762498,0.7884784936904907,0.7884784936904907,0.7702796459197998,0.044498867287351807,0.04422067777048583,0.04422067777048583,0.012290752229482116,0.0,0.0,0,1,1,1,1,2,0.026949324941174094,0.0196255798512716,0.0016187303332450644,0.0006761043580487556,0.0660247802734375,0.2533030994236469,0.5324744068955433,0.009999990463256836,0.017320472205737115,0.2721881754696369,2.0649118423461914
E080_box025_p1,box025_person1,169,3.38,2.8333390000000045,32,0.16345375939273427,0.10104408536124251,0.7882218956947327,0.7882218956947327,0.769686222076416,0.046703979729756984,0.043687403378146195,0.043687403378146195,0.010047340144240802,0.0,0.0,0,1,1,1,1,2,0.028266869416582005,0.018821397631909202,0.0010449044181965186,0.005535373572944974,0.09340083599090576,0.24540318548679352,0.5413357045603088,0.010000109672546387,0.017320551792100104,0.2698387950658798,2.0641930103302
E080_box025_p1,box025_person1,170,3.4,2.8500057000000045,32,0.16273679819531184,0.08993082162943364,0.7873682379722595,0.7873682379722595,0.7705463767051697,0.045207808655965465,0.04285546184495276,0.04285546184495276,0.009285665143071664,0.0,0.0,0,1,1,1,1,2,0.028867969383834395,0.017956534391531116,0.0011016603176637553,0.016694352420662258,0.10414820909500122,0.23007870838046074,0.5092145625745254,0.010000228881835938,0.017320685151361294,0.2658923380076885,2.063339948654175
E080_box025_p1,box025_person1,171,3.42,2.8666724000000046,32,0.16010308739854515,0.08019700679932654,0.7860209941864014,0.7860209941864014,0.7705044746398926,0.04135468462707553,0.041708420464294405,0.04135468462707553,0.009078353072585421,0.0,0.0,0,1,1,1,1,2,0.029113762507737832,0.0169794107604814,0.0009546140181372353,0.011407894192780009,0.11659097671508789,0.22978253290057182,0.5254878486131878,0.010000012814998627,0.01732037864733722,0.261124175041914,2.0900917053222656
E080_box025_p1,box025_person1,172,3.44,2.8833391000000046,32,0.1545652941638562,0.07350115385313058,0.7855674624443054,0.7855674624443054,0.768444836139679,0.036980927244191386,0.04081623761480696,0.036980927244191386,0.009350254976622563,0.0,0.0,1,1,2,1,1,2,0.030749959809941108,0.01716316570546704,0.0007542189721740716,0.0075760660384105736,0.14140671491622925,0.21874861046671867,0.5465745429954751,0.010000109672546387,0.017320582987976667,0.2553362362086773,2.1323091983795166
E080_box025_p1,box025_person1,173,3.46,2.9000058000000046,32,0.14713178240675132,0.0670781860228126,0.7855327129364014,0.7855327129364014,0.7663746476173401,0.03691843020794322,0.040293039958557764,0.03691843020794322,0.00910046194555092,0.0,0.0,1,1,2,1,1,2,0.0332610734913529,0.017721835872544292,0.0006663042207107048,0.005196742573169095,0.15194714069366455,0.21719469130039215,0.5665581824429036,0.010000012814998627,0.017320094752254964,0.24923525750637054,2.1057095527648926
E080_box025_p1,box025_person1,174,3.48,2.9166725000000047,32,0.14584548107863507,0.05980172752035234,0.7860764861106873,0.7860764861106873,0.764279842376709,0.03929700395012076,0.041016729306636746,0.03929700395012076,0.007027577155387488,0.0,0.0,1,1,2,1,1,2,0.03659145640772271,0.018650657377694203,0.0005740162169956902,0.0005476879066891779,0.15859466791152954,0.20740150287747383,0.5903578807915838,0.00999999325722456,0.017320217879977576,0.2427249439060688,2.01476788520813
E080_box025_p1,box025_person1,175,3.5,2.9333392000000047,32,0.1446695845434317,0.05493535268015231,0.7867105007171631,0.7867105007171631,0.7624872326850891,0.04033260138215561,0.041060421624981414,0.04033260138215561,0.006010916795651133,0.0,0.0,1,1,2,1,1,2,0.040005787129143114,0.01955727761025501,0.0006225638867549169,0.000621542273839237,0.1594867706298828,0.23652124404907227,0.614440014035197,0.009999998845160007,0.017320345852756335,0.23712047934532166,1.8431048393249512
E080_box025_p1,box025_person1,176,3.52,2.9500059000000047,32,0.14348960307772984,0.05305730129725663,0.787407636642456,0.787407636642456,0.761424720287323,0.040763358545788886,0.04135428706494365,0.040763358545788886,0.007084959395834645,0.0,0.0,1,1,2,1,1,2,0.04323469437958162,0.02033571361904478,0.000490023489928861,0.0005970780950018904,0.1586449146270752,0.22514278441667557,0.5806681520724751,0.009999993722885847,0.017320355791642237,0.23326831310987473,1.64457106590271
E080_box025_p1,box025_person1,177,3.54,2.9666726000000048,32,0.14277309511716704,0.05223768723958494,0.7880701422691345,0.7880701422691345,0.7600128650665283,0.040677382456301425,0.04175033216202145,0.040677382456301425,0.008192676729922632,0.0,0.0,1,1,2,1,1,2,0.04613992860323801,0.02104685464461859,0.0005173259890307896,0.0006510505913962141,0.16325807571411133,0.2577166296541691,0.5877249387411985,0.010000012814998627,0.017320508495923172,0.23015393316745758,1.4425922632217407
E080_box025_p1,box025_person1,178,3.56,2.983339300000005,32,0.139403290770963,0.053030371310216755,0.7886442542076111,0.7886442542076111,0.7577226758003235,0.04147703746112602,0.04241201295685476,0.04147703746112602,0.009035933734101664,0.0,0.0,1,1,2,1,1,2,0.04860021236130702,0.021819416233966604,0.0005740875744336661,0.0006022082683929096,0.13933515548706055,0.26176922768354416,0.5999285696507531,0.010000079870223999,0.01732006868410863,0.22570234909653664,1.252246618270874
E080_box025_p1,box025_person1,179,3.58,3.000006000000005,32,0.13788348117066393,0.054119732246757014,0.7888672947883606,0.7888672947883606,0.7556940913200378,0.04185750629944024,0.04312735749406965,0.04185750629944024,0.010080556535233931,0.0,0.0,1,1,2,1,1,2,0.05043336266502535,0.022438828338835974,0.0005355590836794374,0.000705881434518321,0.13469231128692627,0.2813379801809788,0.6043766576752043,0.010000057518482208,0.017319711976211457,0.22047463059425354,1.1418647766113281
E080_box025_p1,box025_person1,180,3.6,3.016672700000005,32,0.13594342849055702,0.05454991135010425,0.7886635661125183,0.7886635661125183,0.7543503642082214,0.04201060922752514,0.04383407688499247,0.04201060922752514,0.011181456585336924,0.0,0.0,1,1,2,1,1,2,0.051821341146230104,0.02288742051882422,0.0004955382424251599,0.0006740099715236782,0.14413857460021973,0.3130598086863756,0.6128035286304031,0.010000042617321014,0.01732052785437184,0.21918430924415588,1.1356971263885498
E080_box025_p1,box025_person1,181,3.62,3.033339400000005,32,0.134130782398115,0.05400155253805752,0.7880781292915344,0.7880781292915344,0.7532114386558533,0.04170227573891799,0.04445501323481199,0.04170227573891799,0.012390735087487892,0.0,0.0,1,1,2,1,1,2,0.052691242950616925,0.023154428738547422,0.00040568862372656424,0.0005648850742429242,0.148756742477417,0.32881773356348276,0.6131710639434397,0.010000020265579224,0.017320238053883816,0.22999049723148346,1.1011242866516113
E080_box025_p1,box025_person1,182,3.64,3.050006100000005,32,0.1311541939956445,0.05125886355423575,0.7871041893959045,0.7871041893959045,0.7526311874389648,0.04139972649098472,0.04517320604229952,0.04139972649098472,0.013821655075899442,0.0,0.0,1,1,2,1,1,2,0.052913959148091126,0.02324241930940188,0.00036405234945883076,0.0006651376393480364,0.13705050945281982,0.3406215216964483,0.6096492599011956,0.010000109672546387,0.017320526276193786,0.23316161334514618,1.069175362586975
E080_box025_p1,box025_person1,183,3.66,3.066672800000005,32,0.12664338308979087,0.04894610923560515,0.7859283089637756,0.7859283089637756,0.7520238757133484,0.0406155738218989,0.047113733349675,0.0406155738218989,0.014976881561720168,0.0,0.0,1,1,2,1,1,2,0.05253207153001929,0.02328168254194269,0.00021122612981067925,0.0006515161554559774,0.14355552196502686,0.3616535924375057,0.6149992114463677,0.01000070571899414,0.017320861553719993,0.2324066162109375,1.0034760236740112
E080_box025_p1,box025_person1,184,3.68,3.083339500000005,32,0.1254819762311184,0.04727046270477489,0.7847378849983215,0.7847378849983215,0.7513396143913269,0.040523827014350366,0.04913663368369631,0.040523827014350366,0.015314756111719896,0.0,0.0,1,0,1,1,1,2,0.051961130315622925,0.02325399294607107,0.0002583871662039258,0.0007016217752250557,0.16609859466552734,0.35569413751363754,0.6366406657305231,0.010000228881835938,0.017320651527330533,0.22933176159858704,0.8821033239364624
E080_box025_p1,box025_person1,185,3.7,3.100006200000005,32,0.12504914553094829,0.045863469191251435,0.7835841178894043,0.7835841178894043,0.7507226467132568,0.040375937015311,0.04961840349928687,0.040375937015311,0.015532382843738535,0.0,0.0,1,0,1,1,1,2,0.051155134588579836,0.023236138504204848,0.0005728481994536003,0.000685937935249196,0.18363642692565918,0.3913112059235573,0.6599745908897143,0.00999999837949872,0.01732042301512686,0.23382197320461273,0.8155990839004517
E080_box025_p1,box025_person1,186,3.72,3.116672900000005,32,0.12380931633507128,0.044471369212431264,0.7822686433792114,0.7822686433792114,0.7503053545951843,0.040454963506174,0.04958848498560403,0.040454963506174,0.015376982396174743,0.0,0.0,1,0,1,1,1,2,0.049738665543746056,0.02312002055485357,0.0010679754387617796,0.0006826971492241235,0.19242751598358154,0.37403109669685364,0.6589919593405684,0.010000057518482208,0.017320330519690574,0.24134889990091324,0.8411839008331299
E080_box025_p1,box025_person1,187,3.74,3.133339600000005,32,0.12357778936075538,0.04376783583638696,0.7810878157615662,0.7810878157615662,0.7498037219047546,0.0404135286187543,0.0498868856691454,0.0404135286187543,0.014664681468233853,0.0,0.0,1,0,1,1,1,2,0.04811341383165078,0.023056406997056772,0.00099884025043765,0.0006824592966520716,0.2194375991821289,0.40181076526641846,0.6906715507982775,0.010000001173466444,0.01732048486259505,0.24991746991872787,0.9284837245941162
E080_box025_p1,box025_person1,188,3.76,3.150006300000005,32,0.12371354772374833,0.04458804268026751,0.7802891731262207,0.7802891731262207,0.7490405440330505,0.04035279950701781,0.0501323624739754,0.04035279950701781,0.012178453309827031,0.0,0.0,1,0,1,1,1,2,0.046657294604732835,0.023161296548280447,0.0009401989694019016,0.0007022001665192909,0.23571395874023438,0.4112657308578491,0.7076176173161236,0.010000020265579224,0.017320033190330385,0.2591046430170536,0.9658463001251221
E080_box025_p1,box025_person1,189,3.78,3.166673000000005,32,0.12425008344213076,0.04589826125882328,0.7798401713371277,0.7798401713371277,0.7482597827911377,0.040200374027623276,0.04928188415968843,0.040200374027623276,0.009720190779694216,0.0,0.0,1,1,2,1,1,2,0.045393384912646335,0.023383208836408334,0.0007843602812817307,0.000620569210937932,0.2621784210205078,0.4418412894010544,0.7546299214936896,0.010000050067901611,0.01732032515287357,0.2693123649805784,1.129619836807251
E080_box025_p1,box025_person1,190,3.8,3.183339700000005,32,0.1250217033204419,0.04743255132129761,0.7797895669937134,0.7797895669937134,0.7474220395088196,0.03997882715826401,0.05024850147229115,0.03997882715826401,0.007466748454220462,0.0,0.0,1,0,1,1,1,2,0.04462569863876277,0.023767779065985192,0.0009050199970157671,0.0004980783356914727,0.284427285194397,0.4213048666715622,0.7784888833953946,0.010000109672546387,0.017320544797146002,0.2774598151445389,1.1461752653121948
E080_box025_p1,box025_person1,191,3.82,3.2000064000000052,32,0.12373512705301394,0.04898569760130008,0.7802711725234985,0.7802711725234985,0.7468392848968506,0.040520441431100396,0.0498389880575098,0.040520441431100396,0.005439540029394008,0.0,0.0,1,1,2,1,1,2,0.04444333598127245,0.024314713936735108,0.00067683105991058,0.0005089621134632729,0.3135353922843933,0.44064462184906006,0.826697571309154,0.01000058650970459,0.017320870642607983,0.2844265326857567,1.250985026359558
E080_box025_p1,box025_person1,192,3.84,3.2166731000000053,32,0.12448100976335792,0.0492188028088446,0.7810868620872498,0.7810868620872498,0.7471216917037964,0.041081524818567916,0.051739359256635475,0.041081524818567916,0.004479652725883743,0.0,0.0,1,0,1,1,1,2,0.0444276070940035,0.02506041448820409,0.000883635090500968,0.0006738802111213916,0.3317486047744751,0.42633478343486786,0.8623332757367732,0.010000944137573242,0.01732104245829599,0.28517910465598106,1.4964845180511475
E080_box025_p1,box025_person1,193,3.86,3.2333398000000053,32,0.12514481873062575,0.049206188720955786,0.7824534177780151,0.7824534177780151,0.7479644417762756,0.04375138366759673,0.04921562993537226,0.04375138366759673,0.004504383010483282,0.0,0.0,1,1,2,1,1,2,0.04492417807080077,0.025986912969825124,0.0011564512606130211,0.0006558500631968461,0.3590615391731262,0.441997230052948,0.9070361112529922,0.010000824928283691,0.01732096906944103,0.2842727154493332,1.6782898902893066
E080_box025_p1,box025_person1,194,3.88,3.2500065000000053,32,0.12757886007298155,0.04664969249327502,0.7842897772789001,0.7842897772789001,0.7507993578910828,0.04634242249174664,0.05115523766027147,0.04634242249174664,0.007676715574700899,0.0,0.0,0,1,1,1,1,2,0.04568285373170464,0.027159363752773544,0.0008365139989084366,0.0005893123747823119,0.3597918152809143,0.40677720308303833,0.9122155228927957,0.010000109672546387,0.017320529467894513,0.2763183191418648,2.0037238597869873
E080_box025_p1,box025_person1,195,3.9,3.2666732000000054,32,0.12968734642659085,0.04498047105202219,0.7866071462631226,0.7866071462631226,0.7536183595657349,0.04568166842716731,0.054222340936745106,0.04568166842716731,0.010015080711268165,0.0,0.0,0,0,0,1,1,2,0.04666091473574141,0.028448755811739695,0.0010738871063719565,0.0005991976906025545,0.3915327787399292,0.4110291302204132,0.95046312186264,0.00999999837949872,0.017320478922480318,0.26820388436317444,2.269320249557495
E080_box025_p1,box025_person1,196,3.92,3.2833399000000054,32,0.12773010223757833,0.04581852309254838,0.7896355986595154,0.7896355986595154,0.756377637386322,0.0426334229934508,0.05592727381181989,0.0426334229934508,0.01013006298320962,0.010572221671251214,0.01013006298320962,1,0,1,1,1,2,0.04814954578650334,0.02999012980126855,0.0011477634248460245,0.0006211127407016208,0.3903142213821411,0.3903142213821411,0.9267820514445816,0.010000348091125488,0.01732071981725234,0.257841095328331,2.491685628890991
E080_box025_p1,box025_person1,197,3.94,3.3000066000000055,32,0.12740041134504673,0.04787221684901404,0.7928087711334229,0.7928087711334229,0.7589058876037598,0.043860831766362185,0.05946887154081232,0.043860831766362185,0.010355809829776241,0.020559371012689343,0.010355809829776241,1,0,1,1,1,2,0.049544323397540446,0.0313999904514132,0.0011804961820085181,0.0005377796877390523,0.41676968336105347,0.41676968336105347,0.9549756938892738,0.010000035166740417,0.01732031600241526,0.2439049407839775,2.5631515979766846
E080_box025_p1,box025_person1,198,3.96,3.3166733000000055,32,0.12727730335404455,0.0512931295079775,0.7961645722389221,0.7961645722389221,0.760528564453125,0.046264645759450274,0.0647137902857618,0.046264645759450274,0.010538559975133532,0.02676693911033101,0.010538559975133532,0,0,0,1,1,2,0.05094090867482486,0.03277556080136458,0.0015725641164924203,0.0006702557481059454,0.4292186498641968,0.4292186498641968,0.9963387110132188,0.010000348091125488,0.017320685402862915,0.22410503774881363,2.664299964904785
E080_box025_p1,box025_person1,199,3.98,3.3333400000000055,32,0.12707988415360202,0.054769355578568164,0.7996784448623657,0.7996784448623657,0.7622218728065491,0.04590188852285387,0.06987771915945945,0.04590188852285387,0.010836921159131652,0.03386806434097672,0.010836921159131652,1,0,1,1,1,2,0.052228757443287664,0.03410803705684387,0.0016924531175588923,0.0005537341567757194,0.45210719108581543,0.45210719108581543,1.0285013426186804,0.009999999310821295,0.017320419238092445,0.20734739303588867,2.73783016204834
E080_box025_p1,box025_person1,200,4.0,3.3500067000000056,32,0.127013711710498,0.056891013047623375,0.8030201196670532,0.8030201196670532,0.7642064690589905,0.04820159768758231,0.07758141275266889,0.04820159768758231,0.011070060851186836,0.04433304987578118,0.011070060851186836,0,0,0,1,1,2,0.05304558919927729,0.03526186842435355,0.001839770879662834,0.0006545094778790972,0.4417235255241394,0.4417235255241394,1.0473662585118262,0.010000824928283691,0.01732095643388216,0.2247474193572998,2.6797521114349365
E080_box025_p1,box025_person1,201,4.02,3.3666734000000056,32,0.1251871559019197,0.05853432144688752,0.806466281414032,0.806466281414032,0.7664216756820679,0.05197870286314582,0.08760977831297118,0.05197870286314582,0.011888665763089223,0.0550388905656804,0.011888665763089223,0,0,0,1,0,1,0.05365582295088832,0.03645882074497543,0.0015005462438509587,0.0005702234958537024,0.46931201219558716,0.46931201219558716,1.0766264870291433,0.01000070571899414,0.017320883295879837,0.24063663184642792,2.555900812149048
E080_box025_p1,box025_person1,202,4.04,3.3833401000000056,32,0.12496124789992478,0.05812241731134939,0.8098954558372498,0.8098954558372498,0.7696397304534912,0.055570523369041946,0.098535505351732,0.055570523369041946,0.013956020443591954,0.0663611366588463,0.013956020443591954,0,0,0,1,0,1,0.05385776417414447,0.037589905005879436,0.0012924609113523005,0.0002719112655353773,0.4856768846511841,0.4856768846511841,1.071112377158194,0.010000228881835938,0.014170798437488344,0.25130602717399597,2.467463254928589
E080_box025_p1,box025_person1,203,4.06,3.4000068000000057,32,0.12496863251225405,0.057708262505040804,0.8133317232131958,0.8133317232131958,0.7728192806243896,0.060257572855229646,0.10958480724633674,0.060257572855229646,0.016892493439406797,0.07793839255683471,0.016892493439406797,0,0,0,1,0,1,0.05394022143382828,0.038637073234910724,0.0010615054695337107,0.00014410030116675178,0.5058839619159698,0.5058839619159698,1.0971805573768807,0.010000000707805157,0.014170630996184265,0.256467804312706,2.6419804096221924
E080_box025_p1,box025_person1,204,4.08,3.4166735000000057,32,0.1223960935295788,0.058455834645014935,0.8167321681976318,0.8167321681976318,0.7758225798606873,0.06582824352879796,0.11681906238819001,0.06582824352879796,0.022838354102016234,0.09138331595359933,0.022838354102016234,0,0,0,1,0,1,0.054427867048106815,0.039525785287556334,0.0008465089731272535,0.0005546230248939398,0.5075653493404388,0.5219447910785675,1.0842316113822137,0.010000228881835938,0.017320635395236553,0.2615242898464203,2.872358798980713
E080_box025_p1,box025_person1,205,4.1,3.4333402000000057,32,0.12214252855455128,0.05987917744370131,0.8202083706855774,0.8202083706855774,0.7790827751159668,0.07571154285399168,0.12395266886059425,0.07571154285399168,0.030737577426632856,0.10385933724148694,0.030737577426632856,0,0,0,1,0,1,0.05533982115557677,0.040400513171380936,0.0008685329892025961,0.001475159844646087,0.5118356943130493,0.5578430593013763,1.1083948632304341,0.010000020265579224,0.017320376763327344,0.2692701816558838,3.132675886154175
E080_box025_p1,box025_person1,206,4.12,3.4500069000000058,32,0.12220754744214105,0.06118884030273125,0.8235548138618469,0.8235548138618469,0.78359055519104,0.088436329091034,0.12894688230406043,0.088436329091034,0.04639296308544255,0.1106058488830402,0.04639296308544255,0,0,0,1,0,1,0.05642648114009467,0.041127698423279235,0.0008008997425921078,0.006978636035193395,0.4933682680130005,0.5597489438951015,1.078890483541126,0.009999999310821295,0.01732048806458045,0.28860151395201683,3.214294672012329
E080_box025_p1,box025_person1,207,4.14,3.466673600000006,32,0.12238318578590099,0.06309462721068769,0.8268595933914185,0.8268595933914185,0.7878755331039429,0.10268167175245241,0.1313727406781517,0.10268167175245241,0.06206348846437476,0.11667469649172363,0.06206348846437476,0,0,0,0,0,0,0.057679683432841036,0.0418094497377685,0.000759272333507558,0.005946771384390269,0.473836213350296,0.5729810576885939,1.0804133120942192,0.010000012814998627,0.017320234816141714,0.30900355987250805,3.2317891120910645
E080_box025_p1,box025_person1,208,4.16,3.483340300000006,32,0.12090692206249751,0.0626187760413745,0.8299233913421631,0.8299233913421631,0.7910124659538269,0.11819893113249874,0.13235275172236655,0.11819893113249874,0.07720143701157473,0.11848690544658508,0.07720143701157473,0,0,0,0,0,0,0.05899403551917031,0.04237950540581868,0.0006423607794419508,0.0004886510698940545,0.41560620069503784,0.5259744040668011,1.0161086794659746,0.010000020265579224,0.01732030847410464,0.32848943397402763,2.9359018802642822
E080_box025_p1,box025_person1,209,4.18,3.500007000000006,32,0.1207978479914993,0.06183360338931218,0.8327755928039551,0.8327755928039551,0.7941473722457886,0.13105340846540753,0.12952298906585086,0.12952298906585086,0.09219274459469035,0.11956201112760673,0.09219274459469035,0,0,0,0,0,0,0.060284480029592025,0.04286343169670831,0.0006255749010203912,0.0006302176728608773,0.3810562193393707,0.5114542096853256,1.0029435728582943,0.010000001173466444,0.017320355796159436,0.3430706709623337,2.6359376907348633
E080_box025_p1,box025_person1,210,4.2,3.516673700000006,32,0.1209409926692657,0.060059538712382184,0.8353061676025391,0.8353061676025391,0.7972713708877563,0.13974817914582655,0.12442320645857213,0.12442320645857213,0.10776066127243106,0.11647149769484927,0.10776066127243106,0,0,0,0,0,0,0.061411968380129245,0.04321622831828897,0.0006978418782978621,0.0023227882479571996,0.31758785247802734,0.4267832413315773,0.9480661799319143,0.010000467300415039,0.014180404459550143,0.3495117500424385,2.4826252460479736
E080_box025_p1,box025_person1,211,4.22,3.533340400000006,32,0.11979397912108965,0.05796330283003786,0.8374592065811157,0.8374592065811157,0.8001500368118286,0.14396615409324925,0.11614127336498231,0.11614127336498231,0.12170121474189571,0.11328712611674058,0.11328712611674058,0,0,0,0,0,0,0.06214891083194972,0.04341158405562026,0.0008288711282662052,0.002792466489096682,0.28195714950561523,0.4226671739015728,0.9314086107940456,0.01000000024214387,0.014180073787917356,0.34818847477436066,2.3161919116973877
E080_box025_p1,box025_person1,212,4.24,3.550007100000006,32,0.11782534022203113,0.05525598417246476,0.8389062285423279,0.8389062285423279,0.8015974164009094,0.14522208721643454,0.10626922958519375,0.10626922958519375,0.13014175721499893,0.1086360730601365,0.1086360730601365,0,0,0,0,0,0,0.06208819701066215,0.0433168828679497,0.001229492430904498,0.007535809527591575,0.18819814920425415,0.3651439808309078,0.8206078226662474,0.010000348091125488,0.017320703417195785,0.34433920681476593,2.116217851638794
E080_box025_p1,box025_person1,213,4.26,3.566673800000006,32,0.11731410750576136,0.05201918101884195,0.8399702906608582,0.8399702906608582,0.8030060529708862,0.14643225812181243,0.09695682748077422,0.09695682748077422,0.137888319436764,0.10376568951011472,0.10376568951011472,0,0,0,0,0,0,0.061490580833155055,0.0431132169624753,0.0013010750832316393,0.006382391203539414,0.16798216104507446,0.34567899187095463,0.817784312729642,0.010000467300415039,0.017320784340601643,0.33444030582904816,2.107767105102539
E080_box025_p1,box025_person1,214,4.28,3.583340500000006,32,0.11697019331880219,0.048241981564952185,0.8405669927597046,0.8405669927597046,0.8041732907295227,0.1450466341212548,0.08743970299637832,0.08743970299637832,0.14301568206284304,0.09753683008910669,0.09753683008910669,0,0,0,0,0,0,0.060435691675423224,0.042769548115935994,0.001433894692517887,0.00029316129028650567,0.10355022549629211,0.3162046065554023,0.7806690247111366,0.010000012814998627,0.017320096096535266,0.3363848915323615,2.0859663486480713
E080_box025_p1,box025_person1,215,4.3,3.600007200000006,32,0.11697676226845197,0.044326073813591264,0.8408352732658386,0.8408352732658386,0.8052842617034912,0.1438916925827572,0.0797627642320124,0.0797627642320124,0.14699037486604988,0.09040704860427423,0.09040704860427423,0,0,0,0,0,0,0.058898419776447525,0.04231096943077767,0.0013268893226896649,0.0002794959522740617,0.09073227643966675,0.3235072195529938,0.7903363751091229,0.010000228881835938,0.0173206477720739,0.33940109363175,2.0877039432525635
E080_box025_p1,box025_person1,216,4.32,3.616673900000006,32,0.1154608822583044,0.04040832149229929,0.8407272696495056,0.8407272696495056,0.8060194849967957,0.1443336029287589,0.07454046110919438,0.07454046110919438,0.14412095167673317,0.07728459086079126,0.07728459086079126,0,0,0,0,0,0,0.0569297031370101,0.041691724800851315,0.0012824984643752654,0.00043788610852356656,0.05733203887939453,0.3414081037044525,0.7764969454312447,0.010000035166740417,0.017320316546276093,0.3330725488776807,2.0298495292663574
E080_box025_p1,box025_person1,217,4.34,3.633340600000006,32,0.11528322066815293,0.03728267636810677,0.8404614329338074,0.8404614329338074,0.8067001104354858,0.14351784060960465,0.06914379134280918,0.06914379134280918,0.14116864911693078,0.06496311291178897,0.06496311291178897,0,0,0,0,0,0,0.05475311117844326,0.04101024233703966,0.001157573769993526,0.0004148817868534683,0.05636698007583618,0.3660980463027954,0.7859464255109743,0.01000000536441803,0.017320300418766317,0.3199450373649597,1.883228063583374
E080_box025_p1,box025_person1,218,4.36,3.650007300000006,32,0.11526894537127509,0.035461388850423534,0.8399702310562134,0.8399702310562134,0.8069872260093689,0.140481281919205,0.06441837653624266,0.06441837653624266,0.1375996823794468,0.05787592837705108,0.05787592837705108,0,0,0,0,0,0,0.052269686797832594,0.04023801998209503,0.0009348172402838461,0.00046284240544318,0.05117824673652649,0.42781689763069153,0.7913470119699023,0.010000348091125488,0.0173206639116324,0.32910460233688354,1.69655442237854
E080_box025_p1,box025_person1,219,4.38,3.666674000000006,32,0.11408434993606481,0.03502447068169511,0.8393918871879578,0.8393918871879578,0.8072106242179871,0.1337941080586788,0.05917477139360222,0.05917477139360222,0.13400176368463762,0.05094906243006342,0.05094906243006342,0,0,0,0,1,1,0.049721424961319594,0.03944408287653284,0.0008014907560303045,0.0004484080708515918,0.05896949768066406,0.4797170162200928,0.8130362021130516,0.01000070571899414,0.017320882220518717,0.34433645009994507,1.477647304534912
E080_box025_p1,box025_person1,220,4.4,3.6833407000000062,32,0.11209437528064466,0.03724422573749777,0.838871955871582,0.838871955871582,0.8069374561309814,0.12418697279212426,0.05456196877725711,0.05456196877725711,0.12998723279202834,0.0451499317782193,0.0451499317782193,0,1,1,0,1,1,0.04752428412459517,0.03863600607759121,0.0008393147851084358,0.0003484430786591022,0.06555706262588501,0.5420998334884644,0.8205967151518024,0.010000228881835938,0.017320609049457023,0.36208289861679077,1.6777514219284058
E080_box025_p1,box025_person1,221,4.42,3.7000074000000063,32,0.11155059173738772,0.040005715343421996,0.8382068872451782,0.8382068872451782,0.8067383766174316,0.1131471591976157,0.05391419919430801,0.05391419919430801,0.1255954247493996,0.039838385617545546,0.039838385617545546,0,1,1,0,1,1,0.045644262080668754,0.03769406442202786,0.000897452849076729,0.0005811474376681273,0.07972550392150879,0.58479443192482,0.8522789985914854,0.009999997448176146,0.017320465483309854,0.3860267400741577,1.9742774963378906
E080_box025_p1,box025_person1,222,4.44,3.7166741000000063,32,0.11152645926152899,0.03992887849913871,0.8370620012283325,0.8370620012283325,0.8071663975715637,0.09935116405750172,0.055723910689567335,0.055723910689567335,0.11766188131239913,0.03850223878070308,0.03850223878070308,0,1,1,0,1,1,0.04397943392631416,0.036402024383503775,0.0008218395312620195,0.003989325386459812,0.08318585157394409,0.6660648733377457,0.9301549653754839,0.01000058650970459,0.01732083596164739,0.4162227511405945,2.4486052989959717
E080_box025_p1,box025_person1,223,4.46,3.7333408000000063,32,0.11162783897802916,0.04038351409416848,0.8353478908538818,0.8353478908538818,0.8075389862060547,0.08226084410815744,0.05784376095400573,0.05784376095400573,0.10739638661483603,0.037240362133915295,0.037240362133915295,0,0,0,0,1,1,0.04278844494617175,0.03473167968780021,0.0007890544965154751,0.0036549828728425614,0.10520249605178833,0.684572383761406,0.9794868794896714,0.009999999310821295,0.017320462254675657,0.4460013508796692,2.9013051986694336
E080_box025_p1,box025_person1,224,4.48,3.7500075000000064,32,0.11180535877172282,0.04251153450002184,0.8327028751373291,0.8327028751373291,0.807398796081543,0.06199549277728532,0.06021539091012168,0.06021539091012168,0.07584134641192047,0.03673151148095671,0.03673151148095671,0,0,0,0,1,1,0.041949839300669534,0.032565157919110396,0.0009859688928623934,0.0005908521065795069,0.09822779893875122,0.7474594265222549,1.0682560879760106,0.01000000024214387,0.017320424079863925,0.4410441219806671,3.453594207763672
E080_box025_p1,box025_person1,225,4.5,3.7666742000000064,32,0.11200863437755391,0.046066285720194965,0.8292832970619202,0.8292832970619202,0.8073139190673828,0.046566748746254105,0.062318460862026914,0.046566748746254105,0.04435831400783744,0.036306766721081185,0.036306766721081185,1,0,1,1,1,2,0.04168287448346089,0.030101127816211236,0.000974329180201354,0.0005994979104155962,0.11886867880821228,0.7131113037467003,1.0861214193066335,0.01000000024214387,0.017320338047458785,0.43552742898464203,4.015985012054443
E080_box025_p1,box025_person1,226,4.52,3.7833409000000064,32,0.12027482747590416,0.05386905395698605,0.8301196694374084,0.8301196694374084,0.8077919483184814,0.05654467072372325,0.06756290648381208,0.05654467072372325,0.019451381699261437,0.03664263085118141,0.019451381699261437,1,0,1,1,1,2,0.04229122186087819,0.03125424486620405,0.004359207822630924,0.0006496819134622203,0.12936565279960632,0.5952418372035027,1.0546197452056607,0.010000467300415039,0.01732075882532475,0.387143537402153,4.196171760559082
E080_box025_p1,box025_person1,227,4.54,3.8000076000000065,32,0.1252136439898032,0.06191840911509608,0.8327906131744385,0.8327906131744385,0.8082271218299866,0.08789512979711055,0.06343174298836013,0.06343174298836013,0.03321409758482863,0.03702873592607964,0.03321409758482863,0,0,0,1,1,2,0.04356147714728901,0.03417939316576628,0.008798456343329958,0.000665077589526651,0.15174220502376556,0.5287230461835861,1.0621752535780646,0.010000348091125488,0.017320684863528574,0.33306412398815155,4.644527912139893
E080_box025_p1,box025_person1,228,4.56,3.8166743000000065,32,0.12522447501507286,0.06869228110449374,0.835693359375,0.835693359375,0.8081780672073364,0.12968926863984143,0.056616758535920464,0.056616758535920464,0.06579630277939713,0.038682404079773025,0.038682404079773025,0,1,1,0,1,1,0.045007037144470005,0.03753360412368774,0.010275962338333928,0.0007026970957241407,0.19014525413513184,0.5567907877266407,1.0266898872273433,0.010000000707805157,0.014533212999615078,0.2565280497074127,5.299295902252197
E080_box025_p1,box025_person1,229,4.58,3.8333410000000065,32,0.12568100131600762,0.07511180603369388,0.8383915424346924,0.8383915424346924,0.808204710483551,0.174782990894371,0.05629598064219027,0.05629598064219027,0.10753541937819733,0.0403219877385404,0.0403219877385404,0,1,1,0,1,1,0.04646841095097483,0.04097459974406566,0.009443933959042491,0.0006894255971630355,0.20293183624744415,0.6114274114370346,1.0128354701586955,0.010000348091125488,0.014533551715447807,0.24207919836044312,5.783182621002197
E080_box025_p1,box025_person1,230,4.6,3.8500077000000066,32,0.1235217874753115,0.08292765286497833,0.8404964804649353,0.8404964804649353,0.8091896772384644,0.22645935826957464,0.05877104778211556,0.05877104778211556,0.16078045793598383,0.042216231761777856,0.042216231761777856,0,1,1,0,1,1,0.047655479452003366,0.04381496094246796,0.008738808244287374,0.0004791683516191489,0.20445911586284637,0.64334437251091,0.9688137617785192,0.010000001173466444,0.01732007620857159,0.2622635290026665,6.207760810852051
E080_box025_p1,box025_person1,231,4.62,3.8666744000000066,32,0.1228448130726186,0.09017404189900917,0.8419401049613953,0.8419401049613953,0.8101959228515625,0.28023157682127753,0.06571480152104009,0.06571480152104009,0.22093524440101153,0.04440957285345398,0.04440957285345398,0,0,0,0,1,1,0.04845181193477858,0.0458798077644449,0.007419005003998797,0.00040328584435109677,0.19997940957546234,0.6706185042858124,0.9492259301883179,0.01000000024214387,0.017320067065430177,0.27958405017852783,6.5037665367126465
E080_box025_p1,box025_person1,232,4.64,3.8833411000000067,32,0.11950771858618271,0.09387003351310029,0.8428891897201538,0.8428891897201538,0.8115091919898987,0.33698525319831674,0.07312798787350677,0.07312798787350677,0.27993525051039825,0.050256785955254346,0.050256785955254346,0,0,0,0,1,1,0.048885715669465445,0.0471862795786492,0.007341638990897501,0.0005535874469396479,0.153670072555542,0.6669501066207886,0.9153448590859947,0.009999999776482582,0.017320346383895287,0.27610722184181213,6.609442710876465
E080_box025_p1,box025_person1,233,4.66,3.9000078000000067,32,0.11871633459094316,0.09829355782624195,0.8433911204338074,0.8433911204338074,0.8129869103431702,0.38801303214862515,0.08614647083151655,0.08614647083151655,0.34141734648198396,0.05625638540466643,0.05625638540466643,0,0,0,0,0,0,0.04894837475056571,0.047687707727338574,0.007707474491590866,0.0007496377624986051,0.12951768934726715,0.662007063627243,0.8818712251508247,0.010000109672546387,0.017320527325335306,0.26813020557165146,6.56813907623291
E080_box025_p1,box025_person1,234,4.68,3.9166745000000067,32,0.11861587265206623,0.10504656130306203,0.8436564207077026,0.8436564207077026,0.8171898126602173,0.4341747154077312,0.10413499175994395,0.10413499175994395,0.3999048992956131,0.06243128079611343,0.06243128079611343,0,0,0,0,0,0,0.04874797797247335,0.04770336925082261,0.008516768420427541,0.0054527383930529335,0.05835174024105072,0.6718311309814453,0.8762418644119561,0.010000001173466444,0.01732021385497198,0.26738353073596954,6.57487154006958
E080_box025_p1,box025_person1,235,4.7,3.9333412000000068,32,0.11865963031151812,0.11159008079380325,0.8437240719795227,0.8437240719795227,0.821252167224884,0.4742813675165467,0.1257330193496548,0.1257330193496548,0.456859698469699,0.06889472783993161,0.06889472783993161,0,0,0,0,0,0,0.048272645947964016,0.04728081644473129,0.008686611221363763,0.005802870148869624,0.020259946584701538,0.6393315196037292,0.8236427895365241,0.010000001639127731,0.01732021411233996,0.26073677837848663,6.428056240081787
E080_box025_p1,box025_person1,236,4.72,3.950007900000007,32,0.11872392717055268,0.1167237795659502,0.843664824962616,0.843664824962616,0.8225736021995544,0.5074556430362928,0.14887298126344778,0.14887298126344778,0.5020533707220558,0.07781262496701385,0.07781262496701385,0,0,0,0,0,0,0.047465860879328026,0.04672577280063074,0.007830263657514243,0.00039022130810633895,-0.023497119545936584,0.5825515985488892,0.7595758490706263,0.010000012814998627,0.01732044075353468,0.25303535908460617,6.0987725257873535
E080_box025_p1,box025_person1,237,4.74,3.966674600000007,32,0.1187837316895311,0.12103424186476891,0.8435352444648743,0.8435352444648743,0.8238325119018555,0.5338154936004476,0.17193582337391383,0.17193582337391383,0.5442594515809883,0.08642050834442899,0.08642050834442899,0,0,0,0,0,0,0.04647143485947626,0.04612518944923238,0.007556234346504544,0.00047081062583158854,-0.04639509320259094,0.5161337852478027,0.689087670909102,0.01000002771615982,0.017320243430972448,0.23905238509178162,5.641241073608398
E080_box025_p1,box025_person1,238,4.76,3.983341300000007,32,0.11883534074637062,0.12147543791930063,0.8429917097091675,0.8429917097091675,0.8236156702041626,0.5531550198740688,0.19336625829354298,0.19336625829354298,0.5715159312131535,0.08940159310630952,0.08940159310630952,0,0,0,0,0,0,0.04508821649384203,0.045208980396690426,0.008670052740431648,0.0005067759822252933,-0.05603121221065521,0.43808138370513916,0.6085752128344911,0.010000020265579224,0.017320513882357873,0.21237406134605408,5.025153160095215
E080_box025_p1,box025_person1,239,4.78,4.0000080000000064,32,0.11888579549591236,0.12162002506930539,0.8421085476875305,0.8421085476875305,0.8234703540802002,0.5665656434605525,0.21199969305639638,0.21199969305639638,0.5962045646433066,0.09221132404119886,0.09221132404119886,0,0,0,0,0,0,0.043461733026005034,0.044048149163521316,0.010871634255656043,0.0004933417566964153,-0.05825245380401611,0.3668125867843628,0.5429785727551739,0.010000012814998627,0.017320371393669147,0.18325653672218323,4.378575801849365
E080_box025_p1,box025_person1,240,4.8,4.0166747000000065,32,0.11926762434562052,0.1249752327359397,0.840969979763031,0.840969979763031,0.8254507184028625,0.5752216666326406,0.22634450499753905,0.22634450499753905,0.6134588399450053,0.08936808507715327,0.08936808507715327,0,0,0,0,0,0,0.0417424174529287,0.042672176982233745,0.013764658364592426,0.00016589114338289363,-0.04350249469280243,0.28881609439849854,0.4708612220552589,0.01000058650970459,0.017320841341814275,0.1502065658569336,3.654294013977051
E080_box025_p1,box025_person1,241,4.82,4.0333414000000065,32,0.11962739592755722,0.12876654648307842,0.8396580815315247,0.8396580815315247,0.827384352684021,0.5804926738477825,0.23653716660839325,0.23653716660839325,0.6289043850888708,0.0864437515462329,0.0864437515462329,0,0,0,0,0,0,0.04000907488326603,0.04117800393811866,0.016467972065857945,0.00017263190429498904,-0.016806751489639282,0.2296919822692871,0.4173551005899884,0.010000228881835938,0.01732062733843329,0.11884941905736923,3.0206806659698486
E080_box025_p1,box025_person1,242,4.84,4.0500081000000066,32,0.11928315396080502,0.13294405188998565,0.8382272124290466,0.8382272124290466,0.8274483680725098,0.5828012873629465,0.24309819748051348,0.24309819748051348,0.6362956041807429,0.07950459592289477,0.07950459592289477,0,0,0,0,0,0,0.03825344529688114,0.039678193671329895,0.017816393281675197,5.166927006570979e-05,0.023788169026374817,0.17310158535838127,0.3752525692643389,0.010000467300415039,0.017320805867161587,0.10270678997039795,2.698227643966675
E080_box025_p1,box025_person1,243,4.86,4.066674800000007,32,0.11894826989176567,0.13734556908700868,0.8367565870285034,0.8367565870285034,0.8274991512298584,0.5832230343133211,0.24652681708191132,0.24652681708191132,0.6427173401784348,0.07284998474857879,0.07284998474857879,0,0,0,0,0,0,0.036523077632841475,0.03826579084422349,0.017908601415295506,3.129356852520453e-05,0.05317187309265137,0.1449631303548813,0.33857911959293735,0.010001420974731445,0.017321343870496428,0.11256468296051025,2.4161558151245117
E080_box025_p1,box025_person1,244,4.88,4.083341500000007,32,0.11896924442549771,0.1373075506091603,0.8354361653327942,0.8354361653327942,0.8267533183097839,0.5828567233746503,0.2481924048492135,0.2481924048492135,0.6449788850206984,0.07433491218422,0.07433491218422,0,0,0,0,0,0,0.03504317511643313,0.03693809068781665,0.01662954862442873,0.00039692440634193975,0.07144364714622498,0.17003361880779266,0.32169829834245495,0.010000042617321014,0.017320458493618896,0.11557644605636597,1.9641858339309692
E080_box025_p1,box025_person1,245,4.9,4.100008200000007,32,0.1189823284370727,0.1369725767822954,0.8342136740684509,0.8342136740684509,0.8260076642036438,0.5823260362569297,0.24872369085052842,0.24872369085052842,0.6471042465263047,0.0758044559899817,0.0758044559899817,0,0,0,0,0,0,0.03377876305247007,0.03550536595722943,0.014845705699039986,0.0003885311960093734,0.09612667560577393,0.184413380920887,0.31501366459059577,0.01000000536441803,0.017320436983057404,0.11806201934814453,1.4928046464920044
E080_box025_p1,box025_person1,246,4.92,4.116674900000007,32,0.11899937587353804,0.135639529081749,0.8330140113830566,0.8330140113830566,0.8252920508384705,0.581521984692783,0.2492920465546235,0.2492920465546235,0.6476915261017234,0.07763331448062277,0.07763331448062277,0,0,0,0,0,0,0.03265907668618775,0.033807328863303246,0.013490994397181726,0.0004953439709234482,0.11320680379867554,0.18526799976825714,0.32203457651488826,0.010000012814998627,0.017320509839765023,0.12419180572032928,0.9982662200927734
E080_box025_p1,box025_person1,247,4.94,4.133341600000007,32,0.11898934078597018,0.1340955163903534,0.8318225741386414,0.8318225741386414,0.8245763778686523,0.5805683564650214,0.2501643030786332,0.2501643030786332,0.6482840706188425,0.07946345815177785,0.07946345815177785,0,0,0,0,0,0,0.03172792473124829,0.031878514651884016,0.012688719118422133,0.0004890733103845182,0.12231762707233429,0.16419345885515213,0.31167941036074875,0.00999999837949872,0.01732034988511476,0.13001658022403717,0.8060334324836731
