variant,case,frame,eval_time_s,npz_time_s,opt_step,obj_err_m,pelvis_err_m,pelvis_z_qpos_m,sim_pelvis_z_m,ref_pelvis_z_m,sim_left_sdf_m,sim_right_sdf_m,sim_min_hand_sdf_m,ref_left_sdf_m,ref_right_sdf_m,ref_min_hand_sdf_m,sim_left_contact_count,sim_right_contact_count,sim_total_contact_count,ref_left_contact_count,ref_right_contact_count,ref_total_contact_count,sim_left_foot_z_m,sim_right_foot_z_m,sim_right_foot_xy_step_m,ref_right_foot_xy_step_m,right_hip_pitch_ctrl_diff,robot_ctrl_linf,robot_ctrl_l2,object_ctrl_linf,object_ctrl_l2,qpos_max_abs_diff_vs_ref,qvel_max_abs
E080_box025_p2,box025_person2,0,0.0,0.0166667,0,0.026743888827126656,0.003629887562955838,0.7928758263587952,0.7928758263587952,0.7962945699691772,0.07435735531658533,0.09149279156800277,0.07435735531658533,0.07301628211984718,0.09267621168963686,0.07301628211984718,0,0,0,0,0,0,-0.0005335788479035111,0.005516654328317612,0.0,0.0,0.0,0.0,0.0,0.0,0.0,0.026725230214651674,0.8104629516601562
E080_box025_p2,box025_person2,1,0.02,0.0333334,0,0.037686225997199695,0.004977449254766604,0.7920224666595459,0.7920224666595459,0.7967427372932434,0.07533516385825784,0.09198591651274118,0.07533516385825784,0.07269859224935954,0.09400410311357371,0.07269859224935954,0,0,0,0,0,0,-0.0009934055945293244,0.004791663338030536,0.00044135217159868865,0.0006954182399838535,0.0,0.0,0.0,0.0,0.0,0.037656334636267275,0.6560419797897339
E080_box025_p2,box025_person2,2,0.04,0.0500001,0,0.045934844030048945,0.006141548396277525,0.7914615273475647,0.7914615273475647,0.7971909642219543,0.07637957333977502,0.0930111111790603,0.07637957333977502,0.07238035483491628,0.0953275879851932,0.07238035483491628,0,0,0,0,0,0,-0.0012865416775321853,0.00444473577465114,0.00012341149454446582,0.0006950024502011583,0.0,0.0,0.0,0.0,0.0,0.045894188282545656,0.4944455623626709
E080_box025_p2,box025_person2,3,0.06,0.0666668,0,0.0519879793751642,0.007932739276924073,0.7909342646598816,0.7909342646598816,0.7970979809761047,0.07743845108715103,0.09437937722409578,0.07743845108715103,0.06999610167011966,0.09446385443811073,0.06999610167011966,0,0,0,0,0,0,-0.001640263336104661,0.004148526644137493,5.906635478820777e-05,0.00022679167420374058,0.0,0.0,0.0,0.0,0.0,0.05193855002289638,0.36283454298973083
E080_box025_p2,box025_person2,4,0.08,0.0833335,0,0.05638213302346293,0.010317809258791824,0.7904467582702637,0.7904467582702637,0.797000527381897,0.07858348526616282,0.09596791468221227,0.07858348526616282,0.06759389665375554,0.09357885468798405,0.06759389665375554,0,0,0,0,0,0,-0.001991811335139121,0.003867662805952285,0.00011036372345669181,0.00022133869661407335,0.0,0.0,0.0,0.0,0.0,0.05632610380416736,0.3208039104938507
E080_box025_p2,box025_person2,5,0.1,0.10000020000000001,0,0.059570271475340775,0.01330656182278822,0.7899953126907349,0.7899953126907349,0.7973270416259766,0.07980705068728694,0.0977264215140265,0.07980705068728694,0.06563165653889841,0.0925415424915979,0.06563165653889841,0,0,0,0,0,0,-0.002331938586506134,0.0035830470537835737,0.00014547765468808568,0.0005367993256959545,0.0,0.0,0.0,0.0,0.0,0.05950801580911502,0.28888270258903503
E080_box025_p2,box025_person2,6,0.12,0.11666690000000002,0,0.06187256194045474,0.016363177157785094,0.7897344827651978,0.7897344827651978,0.7976605296134949,0.08105134412134513,0.09951702535499424,0.08105134412134513,0.06368001272473595,0.09149984229425184,0.06368001272473595,0,0,0,0,0,0,-0.0024949716849894527,0.0033970159996656243,0.0001888338737727225,0.0005396606117594175,0.0,0.0,0.0,0.0,0.0,0.06180638208752498,0.23512254655361176
E080_box025_p2,box025_person2,7,0.14,0.13333360000000002,0,0.06351713978978815,0.01883341471301532,0.7895877361297607,0.7895877361297607,0.7981078624725342,0.0823238016048134,0.10131865316142125,0.0823238016048134,0.06295747324992745,0.09092020296526554,0.06295747324992745,0,0,0,0,0,0,-0.002585102890000912,0.0032606284321813825,0.00020528941593969528,9.921823861073429e-05,0.0,0.0,0.0,0.0,0.0,0.0634506544447504,0.1969251185655594
E080_box025_p2,box025_person2,8,0.16,0.15000030000000003,0,0.06469869064384685,0.02132662014665446,0.7895665168762207,0.7895665168762207,0.7985579967498779,0.08362668111078125,0.10309148834114173,0.08362668111078125,0.062267423395403754,0.0903507646581248,0.062267423395403754,0,0,0,0,0,0,-0.002595217638357898,0.0031917239377804024,0.00023707191139342348,0.00011068743408598857,0.0,0.0,0.0,0.0,0.0,0.0646335533238016,0.17645829916000366
E080_box025_p2,box025_person2,9,0.18,0.16666700000000004,0,0.06555151823256876,0.023028698222173523,0.7895761132240295,0.7895761132240295,0.7985709309577942,0.085016875997665,0.10482660327732202,0.085016875997665,0.0630692637547417,0.09017133832728569,0.0630692637547417,0,0,0,0,0,0,-0.0026086127937775885,0.003121470569005566,0.0002359205955513886,0.00027501921382884964,0.0,0.0,0.0,0.0,0.0,0.06548905133968219,0.1935650259256363
E080_box025_p2,box025_person2,10,0.2,0.18333370000000004,0,0.06616431211804324,0.024768136264550513,0.789600670337677,0.789600670337677,0.7985690832138062,0.08652936872571221,0.10652590573430293,0.08652936872571221,0.06392105597423986,0.09000423971552624,0.06392105597423986,0,0,0,0,0,0,-0.002627830160078136,0.0030522021439346736,0.00023369162757322023,0.0002844234780108888,0.0,0.0,0.0,0.0,0.0,0.06610515475040302,0.21266958117485046
E080_box025_p2,box025_person2,11,0.22,0.20000040000000005,0,0.06660642045343877,0.024993366321639763,0.789574921131134,0.789574921131134,0.7977531552314758,0.08812733964448799,0.10816363018866709,0.08812733964448799,0.06508472205946408,0.09098310653728064,0.06508472205946408,0,0,0,0,0,0,-0.0026711059928790637,0.0029207912233720004,0.0002578244064941675,0.00028477246522453823,0.0,0.0,0.0,0.0,0.0,0.06655008852249011,0.24011607468128204
E080_box025_p2,box025_person2,12,0.24,0.21666710000000006,32,0.06692700736007917,0.025072019248751926,0.7895840406417847,0.7895840406417847,0.7969026565551758,0.08958624712007318,0.11027785459700584,0.08958624712007318,0.06625714280159384,0.09200858306713872,0.06625714280159384,0,0,0,0,0,0,-0.00261518955892507,0.002874630312832936,0.0003309821875916304,0.0002962620681323584,-0.032421961426734924,0.052259624004364014,0.07940755040424659,0.009999994304962456,0.01508328038311726,0.06687330960994586,0.23883157968521118
E080_box025_p2,box025_person2,13,0.26,0.23333380000000006,32,0.06716290954611677,0.024749912169135618,0.78952956199646,0.78952956199646,0.7958301901817322,0.09091026320385537,0.11253509330106387,0.09091026320385537,0.06889535153420318,0.09262914603974731,0.06889535153420318,0,0,0,0,0,0,-0.0025108388719382313,0.00276690120184412,0.00047438310277858674,0.0004933882648709599,-0.03223274648189545,0.04853598773479462,0.0731014912660924,0.009999992442317307,0.01508328032976968,0.06711207091575488,0.2174776941537857
E080_box025_p2,box025_person2,14,0.28,0.25000050000000007,32,0.06732849778322836,0.02437052396343362,0.7893631458282471,0.7893631458282471,0.7947463393211365,0.09167931011025682,0.11456759437025982,0.09167931011025682,0.07160608102041893,0.0932243547945964,0.07160608102041893,0,0,0,0,0,0,-0.0022931375500741744,0.0025092905448313024,0.0006138785427807094,0.0005114384683754808,-0.03963370621204376,0.06498518772423267,0.09534720078318894,0.010000001115258783,0.014575956916826461,0.067280349729117,0.22209608554840088
E080_box025_p2,box025_person2,15,0.3,0.26666720000000005,32,0.06743113978764123,0.024998998353391,0.7890558242797852,0.7890558242797852,0.7938370108604431,0.09212403650593465,0.11641206219939232,0.09212403650593465,0.07323217537073418,0.09419738269677008,0.07323217537073418,0,0,0,0,0,0,-0.00206616439053553,0.0020955850879752144,0.0006121175461966957,0.0004199218215985335,-0.04068984091281891,0.055876788683235645,0.09342989630186051,0.010000002977903932,0.01457596141177801,0.06738480686908588,0.28086307644844055
E080_box025_p2,box025_person2,16,0.32,0.2833339,32,0.06749507817305345,0.025792192892302876,0.7886079549789429,0.7886079549789429,0.7929381728172302,0.09240235257957435,0.11745877679832156,0.09240235257957435,0.07479129296779324,0.09520464549855961,0.07479129296779324,0,0,0,0,0,0,-0.0017601160134905133,0.0014844355293273173,0.0006261297861086619,0.00041404809589540455,-0.03660006821155548,0.0634046345949173,0.12323280726750593,0.010000004840549082,0.014565444544280971,0.06745008885627612,0.4624193608760834
E080_box025_p2,box025_person2,17,0.34,0.3000006,32,0.06753856033209772,0.027479853920313626,0.7880111932754517,0.7880111932754517,0.7926426529884338,0.0926337688696372,0.1179716427092759,0.0926337688696372,0.07659919737364135,0.09318773961003596,0.07659919737364135,0,0,0,0,0,0,-0.0015175374878098266,0.0007356133656524488,0.0004242562269731054,0.0005278069317786741,-0.03964902460575104,0.06910544633865356,0.13080055494929516,0.010000002046581358,0.01456543948036858,0.06749478488927707,0.5897916555404663
E080_box025_p2,box025_person2,18,0.36,0.3166673,32,0.06756529944156307,0.02928239063703337,0.7872329354286194,0.7872329354286194,0.7923890352249146,0.09251340396825697,0.1176629641052988,0.09251340396825697,0.07841878750136538,0.09094718790679096,0.07841878750136538,0,0,0,0,0,0,-0.0014238861534289424,-0.00016318437657178442,0.00020990953526268095,0.0005622617466214877,-0.03870345652103424,0.08770071202889085,0.16055033927247958,0.00999999645864591,0.01420311332825214,0.0675220912671648,0.7220256328582764
E080_box025_p2,box025_person2,19,0.38,0.33333399999999996,32,0.06758143378060356,0.031264501387745454,0.7863579988479614,0.7863579988479614,0.7915423512458801,0.09235339026235695,0.11689093316974303,0.09235339026235695,0.07840256282134189,0.08889785060865835,0.07840256282134189,0,0,0,0,0,0,-0.001425486409652052,-0.001102820903970507,0.0001769063297188353,0.0006318649277199374,-0.043720245361328125,0.094447772949934,0.1716502727771911,0.009999999252613634,0.014203117162335084,0.06753850489621982,0.7958477735519409
E080_box025_p2,box025_person2,20,0.4,0.35000069999999994,32,0.06759184292288571,0.03333926841872119,0.785434365272522,0.785434365272522,0.7906488180160522,0.09278475951564585,0.1155333644812026,0.09278475951564585,0.07818866786870898,0.08691077429178146,0.07818866786870898,0,0,0,0,0,0,-0.001475721294596881,-0.0020188537194013242,0.0002222347113409923,0.000671548104759609,-0.0506066232919693,0.0937073789536953,0.18595778609813932,0.010000001755543053,0.015125861913923485,0.0675487196422182,0.8042111992835999
E080_box025_p2,box025_person2,21,0.42,0.3666673999999999,32,0.0675892384206484,0.03423754403016821,0.7853186130523682,0.7853186130523682,0.7902243733406067,0.09335087785016055,0.113367924558269,0.09335087785016055,0.07743771932816818,0.08187356703837073,0.07743771932816818,0,0,0,0,0,0,-0.0010384859370885027,-0.0019326961835412423,0.0005083364948386665,0.000697649927779822,-0.055596381425857544,0.10465094447135925,0.19764585938045776,0.010000001115258783,0.015125861918151217,0.0675455754972063,0.6295525431632996
E080_box025_p2,box025_person2,22,0.44,0.3833340999999999,32,0.06758406790359581,0.035106331362001086,0.7852359414100647,0.7852359414100647,0.78984135389328,0.09389831312329183,0.11008731560121571,0.09389831312329183,0.0766139956485849,0.07650548336520718,0.07650548336520718,0,0,0,0,0,0,-0.0006683829778058592,-0.0017499505365008508,0.00039238334021881433,0.0006953857880660914,-0.06625621020793915,0.13935229182243347,0.21745956276297077,0.009999996167607605,0.016946697917815574,0.06753956287866458,0.7277756333351135
E080_box025_p2,box025_person2,23,0.46,0.4000007999999999,32,0.06758493669610993,0.03414390752121957,0.7850658297538757,0.7850658297538757,0.7893426418304443,0.09427309395932743,0.1060894815597066,0.09427309395932743,0.07367764866895937,0.07186246469646723,0.07186246469646723,0,0,0,0,0,0,-0.0004198546886158769,-0.0015957951600744716,0.00046037059967355434,0.000492661194420229,-0.07554598152637482,0.1642080545425415,0.23997415574579792,0.00999999709893018,0.016946700070083046,0.06753942131763324,0.8079674243927002
E080_box025_p2,box025_person2,24,0.48,0.41666749999999986,32,0.06758643680197671,0.03314717451285898,0.784706711769104,0.784706711769104,0.7888324856758118,0.09465956848349638,0.10159226297017648,0.09465956848349638,0.07055488900178647,0.06710699457744035,0.06710699457744035,0,0,0,0,0,0,-0.00032906665884976927,-0.0015727066786100155,0.0005790059950951556,0.00045222073343604674,-0.1024310290813446,0.1953679621219635,0.2769289919199063,0.009999999543651938,0.01732050302548751,0.06753989070421085,0.9314872622489929
E080_box025_p2,box025_person2,25,0.5,0.43333419999999984,32,0.06760707075928375,0.03388611418492312,0.7842003703117371,0.7842003703117371,0.7885124087333679,0.09505534454809211,0.09662342461184298,0.09505534454809211,0.06589688904047447,0.06020840268099431,0.06020840268099431,0,0,0,0,0,0,-0.00028067841373840413,-0.0016224265344919886,0.0006163631772793828,0.00036805489056772106,-0.11270967125892639,0.22295671701431274,0.308316855819682,0.009999999252613634,0.017320505178335607,0.06755880027776584,1.0822961330413818
E080_box025_p2,box025_person2,26,0.52,0.4500008999999998,32,0.06762954074094354,0.034818564648378396,0.7835802435874939,0.7835802435874939,0.7882128953933716,0.09546122436264887,0.09083102881933441,0.09083102881933441,0.06102251633222505,0.05297896259203766,0.05297896259203766,0,0,0,0,0,0,-0.0002871179684560965,-0.0016063002661203321,0.0006273722997169969,0.0003461591183440495,-0.1556832194328308,0.2148979902267456,0.32880996192368467,0.010000002337619662,0.017320508955768928,0.06757952034240589,1.227604627609253
E080_box025_p2,box025_person2,27,0.54,0.4666675999999998,32,0.06761325127934781,0.03532013957635861,0.7828578352928162,0.7828578352928162,0.787022590637207,0.09540359403608462,0.08442956441435151,0.08442956441435151,0.05630046393155225,0.03957302636757393,0.03957302636757393,0,0,0,0,1,1,-0.0002490036677404092,-0.0015411319208451998,0.000621905339535082,0.0006295467718749245,-0.1703183650970459,0.2268301248550415,0.3466521913081004,0.010000004200264812,0.017320509471726028,0.06756396353011951,1.377880334854126
E080_box025_p2,box025_person2,28,0.56,0.4833342999999998,32,0.06759234189111066,0.03571747596156562,0.7820407152175903,0.7820407152175903,0.7857270240783691,0.09434669912641541,0.07743399281222002,0.07743399281222002,0.05173086077617334,0.025039535347532893,0.025039535347532893,0,0,0,1,1,2,-0.00010868859457591196,-0.0014024072907937446,0.0006326661864053017,0.0005842827596422699,-0.18660542368888855,0.23623627424240112,0.365048267594226,0.01000000606290996,0.017320512699153332,0.06754415243631229,1.5204962491989136
E080_box025_p2,box025_person2,29,0.58,0.5000009999999998,32,0.06758829477505485,0.03701655231667432,0.7811075448989868,0.7811075448989868,0.7847061157226562,0.09250813918911754,0.07040926856078283,0.07040926856078283,0.04542664668835944,0.017663304538134694,0.017663304538134694,0,0,0,1,1,2,8.552157302399443e-05,-0.0012414803652407505,0.0006262308909838378,0.0006100863667435415,-0.20517483353614807,0.24273863434791565,0.38030687560376253,0.010000006994232535,0.017320512712280887,0.06753924250369892,1.6424330472946167
E080_box025_p2,box025_person2,30,0.6,0.5166676999999998,32,0.06758636445391698,0.038254221416113586,0.7799448370933533,0.7799448370933533,0.7837204933166504,0.08960399868112406,0.06340753233234236,0.06340753233234236,0.03885389939304956,0.011267803949411515,0.011267803949411515,0,0,0,1,1,2,0.0001784732380024981,-0.001128824274121601,0.0005201879180100132,0.0007338817378790188,-0.2227942943572998,0.2529303729534149,0.39654713507868944,0.009999999892897904,0.01732050625168365,0.06753625482087955,1.7588893175125122
E080_box025_p2,box025_person2,31,0.62,0.5333343999999999,32,0.06759653379713432,0.03856506303318884,0.7786082625389099,0.7786082625389099,0.7827585339546204,0.08614686235834618,0.05665156869148974,0.05665156869148974,0.03651578424393537,0.004421799206937971,0.004421799206937971,0,0,0,1,1,2,0.0001998764100962641,-0.0010564091395393466,0.00037843965574983394,0.0006394973819825887,-0.23539522290229797,0.25032827258110046,0.3981937815568728,0.010000000183936208,0.01732050356687889,0.06754526257282123,1.8266135454177856
E080_box025_p2,box025_person2,32,0.64,0.5500010999999999,32,0.0676082860367431,0.03844096307575246,0.7771180868148804,0.7771180868148804,0.7817999124526978,0.0823994510421791,0.050285770863530865,0.050285770863530865,0.03477245128057632,0.0,0.0,0,1,1,1,1,2,0.00014091276528161584,-0.0009967123723860771,0.0002717875432178752,0.0007162020129855414,-0.2514400780200958,0.2514400780200958,0.4096640976486535,0.00999999645864591,0.017320500341913084,0.06755586474901065,1.8818432092666626
E080_box025_p2,box025_person2,33,0.66,0.5666677999999999,32,0.06764843161552545,0.037367276540351,0.7756013870239258,0.7756013870239258,0.7806809544563293,0.07902675367742168,0.047964756018566035,0.047964756018566035,0.03351714793567867,0.0,0.0,0,1,1,1,1,2,-8.151425957336755e-06,-0.0008042063323738038,0.0002828076549066135,0.0004249623468953451,-0.25493642687797546,0.25493642687797546,0.4046471483933826,0.00999999832129106,0.01732050036365676,0.0708763599395752,1.9454677104949951
E080_box025_p2,box025_person2,34,0.68,0.5833345,32,0.06764459578883747,0.03591705167157829,0.7742403149604797,0.7742403149604797,0.7795379161834717,0.07655431428969889,0.04745003849262169,0.04745003849262169,0.03252680649967371,0.0,0.0,0,1,1,1,1,2,-9.529583566949412e-05,-0.00026145914717159296,0.00011008123010854513,0.0005618430683158084,-0.26841962337493896,0.26841962337493896,0.4176589369009432,0.010000001115258783,0.01732050786683221,0.0783933699131012,2.0943691730499268
E080_box025_p2,box025_person2,35,0.7,0.6000012,32,0.06760440116115744,0.034465501003241826,0.7730386853218079,0.7730386853218079,0.779123842716217,0.07478182402874584,0.04749107858554108,0.04749107858554108,0.032513570447948836,0.0,0.0,0,1,1,1,1,2,-0.0003261901641353898,0.0005751175418599458,0.0007096985514201248,0.010154978951295662,-0.25396859645843506,0.25396859645843506,0.4073973146648648,0.010000000824220479,0.017320507858627553,0.08652627468109131,2.106243848800659
E080_box025_p2,box025_person2,36,0.72,0.6166679,32,0.06756917026056601,0.033142333469923894,0.7717839479446411,0.7717839479446411,0.7788267135620117,0.07336644275707155,0.04763099452806113,0.04763099452806113,0.03312400980759406,0.0,0.0,0,1,1,1,1,2,-0.0009556800126202386,0.001500818018127105,0.0011558211134163466,0.011635643274702465,-0.24527031183242798,0.24527031183242798,0.40665042903043774,0.010000004200264812,0.017320510011066312,0.09489341080188751,2.0618317127227783
E080_box025_p2,box025_person2,37,0.74,0.6333346000000001,32,0.067564683279066,0.03092714902472738,0.7707079648971558,0.7707079648971558,0.7778027653694153,0.07231273415057166,0.047524777995748224,0.047524777995748224,0.03264505339474616,0.0,0.0,0,1,1,1,1,2,-0.0017765780723341881,0.0026158797483507024,0.0012893186916977187,0.0014424209414125619,-0.21609169244766235,0.21609169244766235,0.39320689869353986,0.010000000183936208,0.017320503557033105,0.10551202297210693,1.927459478378296
E080_box025_p2,box025_person2,38,0.76,0.6500013000000001,32,0.06757368026865372,0.028552006729382438,0.7696369886398315,0.7696369886398315,0.7766541838645935,0.07113447193426109,0.047248540994581256,0.047248540994581256,0.032154725432314735,0.0,0.0,0,1,1,1,1,2,-0.0030719387340067544,0.003705584448713363,0.0012737993384960304,0.0005708387266995904,-0.1866227388381958,0.1866227388381958,0.3844713812411682,0.010000000183936208,0.017320505716035106,0.11802777647972107,1.7103946208953857
E080_box025_p2,box025_person2,39,0.78,0.6666680000000001,32,0.06755172314662396,0.029622533527229752,0.7694879174232483,0.7694879174232483,0.7772466540336609,0.07170565135149515,0.046536417985916734,0.046536417985916734,0.030420158999084734,0.0,0.0,0,1,1,1,1,2,-0.003055075133526354,0.00535534241703578,0.0006225962792216602,9.970666157352445e-05,-0.15163284540176392,0.15163284540176392,0.38279822872499397,0.009999999543651938,0.017320505707830197,0.12932193279266357,1.4929783344268799
E080_box025_p2,box025_person2,40,0.8,0.6833347000000002,32,0.0675335276276292,0.03129979443060492,0.7695549726486206,0.7695549726486206,0.7781571745872498,0.0724240829606923,0.04591006039314144,0.04591006039314144,0.028347925291753284,0.0,0.0,0,1,1,1,1,2,-0.0027773693463918545,0.006958548596175972,0.0004020412046495995,0.00012826318907319852,-0.11276876926422119,0.16442885249853134,0.3984446697751487,0.010000003618188202,0.017320513241774447,0.14357998967170715,1.2669177055358887
E080_box025_p2,box025_person2,41,0.82,0.7000014000000002,32,0.0675378481231882,0.03150641152424013,0.7691748738288879,0.7691748738288879,0.7780633568763733,0.07187219906644654,0.0458289984661327,0.0458289984661327,0.024152286304625292,0.0,0.0,0,1,1,1,1,2,-0.0027503892939512026,0.007310512860635748,0.005999608666518531,8.676284974226911e-05,-0.06982314586639404,0.20008806139230728,0.4170269751414216,0.010000002977903932,0.01732051162580482,0.1601579487323761,1.202723503112793
E080_box025_p2,box025_person2,42,0.84,0.7166681000000003,32,0.06756152994507718,0.03150132666740849,0.7688080072402954,0.7688080072402954,0.7777745723724365,0.06949043122216675,0.04521372638804638,0.04521372638804638,0.019319954036701226,0.0,0.0,0,1,1,1,1,2,-0.002707361960621102,0.007902435238285814,0.0012391505303334762,6.606436211650071e-05,-0.028816282749176025,0.2392319068312645,0.44851763103538833,0.010000000474974513,0.017320505706599654,0.17993777990341187,1.054185390472412
E080_box025_p2,box025_person2,43,0.86,0.7333348000000003,32,0.06761705853374662,0.026899800534415524,0.7684602737426758,0.7684602737426758,0.7763704657554626,0.06478183337498095,0.045077692326925656,0.045077692326925656,0.01542299767202887,0.0,0.0,0,1,1,1,1,2,-0.002685989776527939,0.008316916647361922,0.0001281517633609044,0.00019382807743616477,0.005610108375549316,0.2765425592660904,0.4901193972843796,0.010000001115258783,0.017320506791843802,0.1815238893032074,1.1225481033325195
E080_box025_p2,box025_person2,44,0.88,0.7500015000000003,32,0.06764167246441795,0.02291506762342098,0.7681112885475159,0.7681112885475159,0.7747368216514587,0.05783003614013876,0.046061549154639836,0.046061549154639836,0.011579355662837132,0.0,0.0,0,1,1,1,1,2,-0.0026188613738745703,0.008421501759264524,0.00032186576506713915,0.00015627831859945802,0.01815575361251831,0.3024079501628876,0.5341923452818687,0.010000006412155926,0.017320514313071248,0.18272113800048828,1.363857626914978
E080_box025_p2,box025_person2,45,0.9,0.7666682000000004,32,0.0677494403418287,0.017788870971298533,0.7676864266395569,0.7676864266395569,0.7719078660011292,0.04927931897232468,0.04719971369875181,0.04719971369875181,0.011696197385102358,0.0,0.0,0,1,1,1,1,2,-0.0024584110508918955,0.008157877790189796,0.0002195763609501992,0.0006435319536241601,0.04404652118682861,0.33504922688007355,0.5755721367253208,0.010000005131587386,0.017320514317173127,0.21182550489902496,1.3913336992263794
E080_box025_p2,box025_person2,46,0.92,0.7833349000000004,32,0.06787767067562439,0.012818414744906794,0.7672405242919922,0.7672405242919922,0.7688184976577759,0.039941341601780256,0.0478527704544785,0.039941341601780256,0.012821850373689214,0.0040217504004770865,0.0040217504004770865,1,1,2,1,1,2,-0.0020156645194620362,0.007637340921383434,0.00012809508392110577,0.000611788100028594,0.0549008846282959,0.360111340880394,0.5997334960290666,0.010000002046581358,0.01732050947008485,0.24501962959766388,1.2205544710159302
E080_box025_p2,box025_person2,47,0.94,0.8000016000000004,32,0.06848529012238144,0.00983053563075694,0.7666887640953064,0.7666887640953064,0.7691552042961121,0.03749956009873784,0.04756918396829407,0.03749956009873784,0.014863865270366317,0.004974333632768557,0.004974333632768557,1,1,2,1,1,2,-0.0013299195853939058,0.006803168968064391,0.0004058742561808539,0.000404271162637074,0.06656479835510254,0.36754484474658966,0.6048727063299885,0.010000003909226507,0.017320512703254836,0.26419657468795776,1.254106879234314
E080_box025_p2,box025_person2,48,0.96,0.8166683000000005,32,0.06833694674379891,0.007770042991041873,0.7661672234535217,0.7661672234535217,0.7702798843383789,0.03751558939797023,0.0474212274347488,0.03751558939797023,0.0170371339143931,0.005027637835341103,0.005027637835341103,1,1,2,1,1,2,-0.0006504077586511614,0.006044210713123471,0.0004220856357415994,0.0005135331920627517,0.07921165227890015,0.3789813667535782,0.6099167275248331,0.010000001115258783,0.017320507861909622,0.2779109925031662,1.4321062564849854
E080_box025_p2,box025_person2,49,0.98,0.8333350000000005,32,0.06849678603161642,0.007206616873361185,0.7656354308128357,0.7656354308128357,0.7702298164367676,0.0385287368195269,0.0467396047935042,0.0385287368195269,0.017831206858839987,0.004407320203879184,0.004407320203879184,1,1,2,1,1,2,-0.00016023224339389852,0.005382997292085918,0.000516964281594975,0.0005736241571407516,0.0829324722290039,0.37923286855220795,0.6065781722857373,0.010000001755543053,0.017320510014347642,0.2830525189638138,1.498113989830017
E080_box025_p2,box025_person2,50,1.0,0.8500017000000005,32,0.06797271955028218,0.006946207114098192,0.7651333212852478,0.7651333212852478,0.7698950171470642,0.040089127311574047,0.04596369544661422,0.040089127311574047,0.018273088575490315,0.003619583383939695,0.003619583383939695,1,1,2,1,1,2,7.419720020864634e-05,0.0048796195328491485,0.0005494357850791512,0.0007432290331538767,0.08593887090682983,0.39285507798194885,0.6025674870982966,0.010000005480833352,0.017320511119694303,0.28382860124111176,1.4737190008163452
E080_box025_p2,box025_person2,51,1.02,0.8666684000000006,32,0.06831980341854996,0.005600820706884746,0.7647456526756287,0.7647456526756287,0.7659544944763184,0.0409758696671067,0.04536714360069055,0.0409758696671067,0.018291963536009204,0.0023868668498235324,0.0023868668498235324,1,1,2,1,1,2,0.00018816541058105235,0.004563084367369359,0.0006386525060623729,0.01806908429220265,0.10078489780426025,0.3993414044380188,0.6122723618533914,0.010000002337619662,0.017320511093028547,0.288077674806118,1.4892997741699219
E080_box025_p2,box025_person2,52,1.04,0.8833351000000006,32,0.06901041086672993,0.006737423244198962,0.7644811868667603,0.7644811868667603,0.7610942125320435,0.041505159944964565,0.04499692224183288,0.041505159944964565,0.018199688268912828,0.001031381424078992,0.001031381424078992,1,1,2,1,1,2,0.00030027828352825747,0.00440176470902047,0.0008300361041877323,0.022442137182855208,0.11208152770996094,0.40997499227523804,0.6199055457477236,0.00999999645864591,0.017320497709618778,0.30172161757946014,1.4300453662872314
E080_box025_p2,box025_person2,53,1.06,0.9000018000000006,32,0.06978380114206179,0.009234866617937083,0.7644302248954773,0.7644302248954773,0.7572552561759949,0.04194202436415456,0.04479456727324754,0.04194202436415456,0.017828770731314225,2.8092578393146272e-05,2.8092578393146272e-05,1,1,2,1,1,2,0.0004676162806609638,0.004433025944752499,0.0009275556280654508,0.011197454682026514,0.1337747573852539,0.41993021965026855,0.6454049977552948,0.009999997389968485,0.017320495017430885,0.31444142013788223,1.3593895435333252
E080_box025_p2,box025_person2,54,1.08,0.9166685000000007,32,0.06986404242316994,0.012309784970504285,0.7644906640052795,0.7644906640052795,0.7536901235580444,0.04244584162089332,0.04537729686375519,0.04244584162089332,0.017437380299323457,0.0,0.0,1,1,2,1,1,2,0.0005904686447667992,0.0045417337459152385,0.001170182415354499,0.008160592381856034,0.14696019887924194,0.4286130964756012,0.6710823773767151,0.009999999252613634,0.01732050359190299,0.3271220922470093,1.3671303987503052
E080_box025_p2,box025_person2,55,1.1,0.9333352000000007,32,0.07024172669633087,0.014898157598994441,0.7647653222084045,0.7647653222084045,0.7515958547592163,0.04310124981867364,0.04584564679656006,0.04310124981867364,0.017205466292028238,0.0,0.0,1,1,2,1,1,2,0.0008529582075917433,0.004806655637327108,0.0012109330299224473,0.002120925723121344,0.17047148942947388,0.4251309484243393,0.6879082650403907,0.009999999252613634,0.01732050089150978,0.3295257091522217,1.3568562269210815
E080_box025_p2,box025_person2,56,1.12,0.9500019000000007,32,0.07044978308322267,0.01737657075324627,0.7651830911636353,0.7651830911636353,0.749915361404419,0.04396134804149893,0.04642259095998086,0.04396134804149893,0.017034528353467582,0.0,0.0,1,1,2,1,1,2,0.0013136803857328322,0.005212123536069507,0.0010469273940555742,0.000594667323136849,0.18090200424194336,0.4243336617946625,0.6962234697147697,0.010000000183936208,0.017320507319697555,0.3295270875096321,1.3187810182571411
E080_box025_p2,box025_person2,57,1.14,0.9666686000000008,32,0.07046840291648754,0.01938549932030804,0.7657731175422668,0.7657731175422668,0.7489787340164185,0.04482037059333027,0.04727316404592802,0.04482037059333027,0.017395009200388334,0.0,0.0,1,1,2,1,1,2,0.001919817058917618,0.005809459490070293,0.0008036338687027318,0.0006943572776896906,0.19897353649139404,0.41016340255737305,0.6994976991317496,0.00999999896157533,0.01732050517505398,0.3261514902114868,1.2383222579956055
E080_box025_p2,box025_person2,58,1.16,0.9833353000000008,32,0.07039174233016783,0.02116799304737436,0.7664129137992859,0.7664129137992859,0.7482615113258362,0.04537272384792718,0.04819638836991319,0.04537272384792718,0.017897036198072702,0.0,0.0,1,1,2,1,1,2,0.0025732907553717016,0.006466060075091519,0.00036590985898640683,0.0007039851939851495,0.2026161551475525,0.40007536113262177,0.6857873411724867,0.010000001115258783,0.017320508932385268,0.3212885856628418,1.1966938972473145
E080_box025_p2,box025_person2,59,1.18,1.0000020000000007,32,0.07015059684330173,0.02249508914452554,0.767186164855957,0.767186164855957,0.7480885982513428,0.04583658101286753,0.04907260810808994,0.04583658101286753,0.018225178623519744,0.0,0.0,1,1,2,1,1,2,0.003506290565975498,0.007166867142404221,0.00027242766411182337,0.0005578954950387209,0.19661688804626465,0.3683469742536545,0.6551244237498592,0.010000001115258783,0.017320508932385268,0.3095629960298538,1.1046040058135986
E080_box025_p2,box025_person2,60,1.2,1.0166687000000008,32,0.06930383160196489,0.023341046047986383,0.7679567933082581,0.7679567933082581,0.7480837106704712,0.046234072201630505,0.05020792702846605,0.046234072201630505,0.018573373265312887,0.0,0.0,1,0,1,1,1,2,0.005042525135122905,0.007573603583388648,0.0008127475203855004,0.0007018094771553016,0.1606125831604004,0.2862497866153717,0.5900261010006237,0.009999999252613634,0.017320504094732823,0.29194796085357666,0.8012797832489014
E080_box025_p2,box025_person2,61,1.22,1.0333354000000008,32,0.06423132118328434,0.022208824728492508,0.7685999274253845,0.7685999274253845,0.7490290999412537,0.04662727797208471,0.04953068427141044,0.04662727797208471,0.017523768340898582,0.0,0.0,1,0,1,1,1,2,0.0068498581722196625,0.007599922542407746,0.0009567728288087565,0.0006728656067020425,0.15890580415725708,0.25177715718746185,0.5510157484295141,0.01000000024214387,0.017320505205378412,0.2618552893400192,0.7876502871513367
E080_box025_p2,box025_person2,62,1.24,1.0500021000000008,32,0.059124290586460286,0.020436939638163825,0.7689685821533203,0.7689685821533203,0.750281035900116,0.04713444604221401,0.04847200616867303,0.04713444604221401,0.01624094461720399,0.0006624534004901483,0.0006624534004901483,1,1,2,1,1,2,0.00866304938934779,0.007055452958538322,0.00102669738472592,0.0007187792318208475,0.18159431219100952,0.19193487614393234,0.5178133635979923,0.010000006412155926,0.017320516767555773,0.22563637793064117,0.8489994406700134
E080_box025_p2,box025_person2,63,1.26,1.0666688000000009,32,0.051327503381194996,0.01766408267943851,0.7688146233558655,0.7688146233558655,0.7520003318786621,0.04769582241120779,0.048610231181573205,0.04769582241120779,0.01555054835055275,0.0012947731844452082,0.0012947731844452082,0,0,0,1,1,2,0.009959271204266915,0.005920596355850259,0.0010904235532620318,0.000685616555047292,0.18316209316253662,0.18316209316253662,0.49555398367689585,0.010000012814998627,0.01732051892327806,0.19580775499343872,1.2353737354278564
E080_box025_p2,box025_person2,64,1.28,1.083335500000001,32,0.04131372194970988,0.015208717977069354,0.767711877822876,0.767711877822876,0.7538771033287048,0.04856863364459957,0.04949455861491131,0.04856863364459957,0.015069810451467214,0.0017913891798492787,0.0017913891798492787,0,0,0,1,1,2,0.01021552282148247,0.004071860393513961,0.0010146989913048868,0.0007008721100386939,0.17297959327697754,0.2057343740016222,0.5001136888841698,0.009999999776482582,0.017320500678796667,0.16824809089303017,1.7700878381729126
E080_box025_p2,box025_person2,65,1.3,1.100002200000001,32,0.030412256410217418,0.013384282560424022,0.7656844854354858,0.7656844854354858,0.7580827474594116,0.04733434253591767,0.04836218523638641,0.04733434253591767,0.015402897688993111,0.003156814726232471,0.003156814726232471,0,0,0,1,1,2,0.009123339166080949,0.001687913070160793,0.0006669390483062334,0.009563724174334357,0.2046973705291748,0.24173821415752172,0.5265773345964417,0.009999998612329364,0.017320497452604278,0.14958246052265167,2.154374361038208
E080_box025_p2,box025_person2,66,1.32,1.116668900000001,32,0.01929283179760717,0.016939479191017685,0.7627006769180298,0.7627006769180298,0.763107419013977,0.045399976742299286,0.04597650605286524,0.045399976742299286,0.015968865170333912,0.00480192871449131,0.00480192871449131,1,1,2,1,1,2,0.006415520372241808,-0.0011571998941812614,0.0002248525633449396,0.012803268224941516,0.23962444067001343,0.2743193665519357,0.5545487451131452,0.009999999892897904,0.017320489341219512,0.15671014785766602,2.327587604522705
E080_box025_p2,box025_person2,67,1.34,1.133335600000001,32,0.010020296122825564,0.023368558741741662,0.7593873739242554,0.7593873739242554,0.7677619457244873,0.04474506680468443,0.044881310676350095,0.04474506680468443,0.015692461964991855,0.005517322445346917,0.005517322445346917,1,1,2,1,1,2,0.0027141004943741637,-0.004009158148183575,9.610606068070154e-05,0.009259025777470552,0.28241586685180664,0.30045416206121445,0.6082704324516107,0.00999999768100679,0.01732049774564035,0.1843501254916191,2.322681188583374
E080_box025_p2,box025_person2,68,1.36,1.150002300000001,32,0.008812813381906379,0.02853318086296456,0.761071503162384,0.761071503162384,0.7722806930541992,0.04414687725501992,0.043368028048312024,0.043368028048312024,0.015067436731641959,0.005876146054671405,0.005876146054671405,1,1,2,1,1,2,0.0035630097770791916,-0.0017894799059825842,0.0010590571786122476,0.008013152236368521,0.2883269190788269,0.29874488338828087,0.6264669300169451,0.010000002337619662,0.015392602097514883,0.22076120600104332,1.9251564741134644
E080_box025_p2,box025_person2,69,1.38,1.166669000000001,32,0.01655560048238445,0.030621747526031837,0.7636963725090027,0.7636963725090027,0.7746158838272095,0.04352445610257477,0.041883004787737155,0.041883004787737155,0.014782123204599984,0.005471785369631332,0.005471785369631332,1,1,2,1,1,2,0.005262803623649226,0.000879631241223873,0.0007723841329854798,0.002598170801341708,0.3273661434650421,0.3273661434650421,0.6746852879561731,0.010000000474974513,0.015392595932594852,0.24754207953810692,1.6283186674118042
E080_box025_p2,box025_person2,70,1.4,1.183335700000001,32,0.025472944294115764,0.032010007290211834,0.7663483619689941,0.7663483619689941,0.7761168479919434,0.04316961851294859,0.04034542842451444,0.04034542842451444,0.014598416244233858,0.004760094243499935,0.004760094243499935,1,1,2,1,1,2,0.006913734793774981,0.0031020033930457547,0.0006931666840829044,0.0006958817774882836,0.3861714005470276,0.3861714005470276,0.7304856596485305,0.010000020265579224,0.017320515622905052,0.2704493924975395,1.556563138961792
E080_box025_p2,box025_person2,71,1.42,1.2000024000000011,32,0.03594919483556148,0.033840349264331875,0.7688484191894531,0.7688484191894531,0.7787802219390869,0.04280329908107233,0.03940147670014754,0.03940147670014754,0.014859133510437605,0.005307872482492371,0.005307872482492371,1,1,2,1,1,2,0.008332820917134894,0.004524465507291575,0.0010062333753311497,0.0006910746168335995,0.4127348065376282,0.4127348065376282,0.7572444387161491,0.009999998146668077,0.017320500030443046,0.27494510635733604,1.756335973739624
E080_box025_p2,box025_person2,72,1.44,1.2166691000000012,32,0.044016364462877496,0.036089790885265934,0.7709108591079712,0.7709108591079712,0.7819058895111084,0.042705136222648765,0.0389688847880067,0.0389688847880067,0.015307408772370135,0.00648595343902858,0.00648595343902858,1,1,2,1,1,2,0.009165263105865767,0.005069257076888864,0.0007351049984765967,0.0007079629305666497,0.3679589629173279,0.3679589629173279,0.7375524056892112,0.010000005597248673,0.017320472381286547,0.2722852751612663,1.9427317380905151
E080_box025_p2,box025_person2,73,1.46,1.2333358000000012,32,0.04941149923481086,0.03764744181145534,0.7725445032119751,0.7725445032119751,0.7846104502677917,0.04274126649489557,0.03922467090979015,0.03922467090979015,0.01533391325465877,0.0071736293690027875,0.0071736293690027875,1,1,2,1,1,2,0.009432814568448251,0.0047476971434985415,0.000751082879376624,0.000717878445499041,0.3763189911842346,0.3763189911842346,0.73896979373476,0.010000001813750714,0.01732047810290661,0.26994479820132256,2.2163143157958984
E080_box025_p2,box025_person2,74,1.48,1.2500025000000012,32,0.053773259892825984,0.039056426498194866,0.7738959789276123,0.7738959789276123,0.7871407866477966,0.04301537495680502,0.039892328269446053,0.039892328269446053,0.015210607444840929,0.007691530202712016,0.007691530202712016,1,1,2,1,1,2,0.009446221286338631,0.003895702536301407,0.0007108280574664423,0.0007085540322632946,0.38297152519226074,0.38297152519226074,0.7423068249447335,0.010000001755543053,0.01732049906693468,0.2662153039127588,2.4067492485046387
E080_box025_p2,box025_person2,75,1.5,1.2666692000000013,32,0.05904512483677131,0.04040897154712053,0.7748085260391235,0.7748085260391235,0.7892218828201294,0.04334178261570204,0.040951150278470794,0.040951150278470794,0.01623996694604718,0.0083248139914055,0.0083248139914055,1,1,2,1,1,2,0.009068073512577324,0.0023114492023809524,0.0010271426805779035,0.0007135720659157763,0.38951079547405243,0.38951079547405243,0.7280426780902874,0.010000020265579224,0.01732052207406029,0.2692713551223278,2.5099124908447266
E080_box025_p2,box025_person2,76,1.52,1.2833359000000013,32,0.06488794368436195,0.04147941400851825,0.775786817073822,0.775786817073822,0.7911097407341003,0.04401917675817474,0.042699448504517956,0.042699448504517956,0.017648200765381705,0.009050886601412123,0.009050886601412123,1,1,2,1,1,2,0.008409086634514562,0.0009475556364913415,0.0005032906276897132,0.0007135698528246977,0.3448556512594223,0.3448556512594223,0.7167388231946111,0.010000002104789019,0.017320484317117,0.2729286625981331,2.6264326572418213
E080_box025_p2,box025_person2,77,1.54,1.3000026000000013,32,0.07011307315798866,0.04059126650671919,0.7761536836624146,0.7761536836624146,0.7916765213012695,0.04468685382523757,0.04401353365804245,0.04401353365804245,0.01822796868156018,0.0095198896510032,0.0095198896510032,1,1,2,1,1,2,0.0071145454022154275,-0.0008013886511769944,0.0005401756591835634,0.00017238305673551388,0.3469770848751068,0.3469770848751068,0.6901410120023312,0.009999999776482582,0.017320481889259026,0.27785785123705864,2.5816516876220703
E080_box025_p2,box025_person2,78,1.56,1.3166693000000014,32,0.07368607935445166,0.038378126261922815,0.7763419151306152,0.7763419151306152,0.7916526794433594,0.045575157008034106,0.04517450543057683,0.04517450543057683,0.01850184817955991,0.009890758661960153,0.009890758661960153,1,1,2,1,1,2,0.0051971554131009234,-0.0020563036227122383,0.0007431723078270034,0.00024331682328581234,0.3165113627910614,0.3165113627910614,0.6734783470365642,0.010000020265579224,0.0173205189822946,0.28280089423060417,2.4366343021392822
E080_box025_p2,box025_person2,79,1.58,1.3333360000000014,32,0.07789432046322814,0.035639139976869794,0.7764937281608582,0.7764937281608582,0.7919444441795349,0.04683011207477966,0.045429195129028155,0.045429195129028155,0.019150344162265354,0.008790064878989146,0.008790064878989146,1,1,2,1,1,2,0.003308989404995605,-0.003037740816869486,0.0001529006941420888,0.0015078800727885025,0.31379860639572144,0.31379860639572144,0.6629524379820327,0.010000000707805157,0.017320481345425343,0.2856391482055187,2.226620674133301
E080_box025_p2,box025_person2,80,1.6,1.3500027000000014,32,0.08099312779194219,0.032568679086823704,0.7772618532180786,0.7772618532180786,0.7923827767372131,0.04739542433655247,0.047032602256125544,0.047032602256125544,0.019876062029442032,0.006863766350576839,0.006863766350576839,1,1,2,1,1,2,0.0020650185657775794,-0.0025103141143747315,0.001156262725967725,0.0019196137321281033,0.26281049847602844,0.26281049847602844,0.6327173247522021,0.010000020265579224,0.0173205087967904,0.28561390563845634,1.9473633766174316
E080_box025_p2,box025_person2,81,1.62,1.3666694000000015,32,0.08501634963226008,0.026623167829201634,0.7782614231109619,0.7782614231109619,0.7907493114471436,0.04813737514485711,0.04772600512301467,0.04772600512301467,0.020589504040394446,0.0056761738925650285,0.0056761738925650285,1,1,2,1,1,2,0.0012235508057813482,-0.0012548656854327739,0.0011533604687370162,0.0055102336634654725,0.24048097431659698,0.2650277130305767,0.635199324723764,0.010000020265579224,0.017320509844700526,0.28413642570376396,1.6669092178344727
E080_box025_p2,box025_person2,82,1.64,1.3833361000000015,32,0.0897755081440941,0.019356721957334858,0.7795616984367371,0.7795616984367371,0.7881174683570862,0.048766592278173426,0.048459188333600245,0.048459188333600245,0.021391790354623796,0.0049357302505564915,0.0049357302505564915,1,0,1,1,1,2,0.0007155156553874248,0.0006956120567023494,0.0008687425842049009,0.007744354893424802,0.16324734687805176,0.30825793743133545,0.6450954018426072,0.010000038892030716,0.017320486215620993,0.2833242230117321,1.5723308324813843
E080_box025_p2,box025_person2,83,1.66,1.4000028000000015,32,0.09473068110579864,0.012060420447990463,0.7808592915534973,0.7808592915534973,0.7847680449485779,0.049252973468760064,0.046829652389713095,0.046829652389713095,0.02228043594718171,0.0040309257704541634,0.0040309257704541634,1,1,2,1,1,2,0.0005298843669636205,0.0023290585987798124,0.0029565200048091446,0.011680972783123631,0.11840280890464783,0.3376427888870239,0.6623342511595993,0.01000002771615982,0.017320527072413553,0.28340308368206024,1.427342414855957
E080_box025_p2,box025_person2,84,1.68,1.4166695000000016,32,0.10012108216937303,0.0061188985848577,0.7821153998374939,0.7821153998374939,0.7810599207878113,0.05001003300262824,0.046044373698266916,0.046044373698266916,0.023314803672818962,0.003009861467956787,0.003009861467956787,1,1,2,1,1,2,0.0005227064251387276,0.0035243536313760634,0.006680593230924539,0.014524522664606417,0.04597553610801697,0.35840854048728943,0.6630757000904376,0.010000012814998627,0.0172497176478746,0.28282273188233376,1.4622350931167603
E080_box025_p2,box025_person2,85,1.7,1.4333362000000016,32,0.10510630224448876,0.004129006570294811,0.7832449674606323,0.7832449674606323,0.7794091105461121,0.05070371086306885,0.04600045469697117,0.04600045469697117,0.024116700633697363,0.0029572490271350116,0.0029572490271350116,1,1,2,1,1,2,0.0005929766736630718,0.004236989372044572,0.011083789179305033,0.00994744866740151,-0.01044684648513794,0.37634579837322235,0.6841912045786334,0.010000020265579224,0.017249734875377287,0.2826385051012039,1.5728507041931152
E080_box025_p2,box025_person2,86,1.72,1.4500029000000016,32,0.10999687340997867,0.006638827506535617,0.7841601967811584,0.7841601967811584,0.7788251638412476,0.05213757915565281,0.0469761170820126,0.0469761170820126,0.0246813673095862,0.0033633525996909497,0.0033633525996909497,1,1,2,1,1,2,0.0006645948939061203,0.004390258689473771,0.016053090191019363,0.008249718600896948,-0.047444939613342285,0.4018714129924774,0.7288521071917761,0.009999990463256836,0.014435380410032075,0.2836860679090023,1.706283450126648
E080_box025_p2,box025_person2,87,1.74,1.4666696000000017,32,0.11831656186090243,0.01294699698129878,0.7848209142684937,0.7848209142684937,0.779753565788269,0.053560552958254515,0.04809901608774797,0.04809901608774797,0.024773256931181598,0.004201587394213113,0.004201587394213113,1,1,2,1,1,2,0.0007428151336579467,0.004097154515587634,0.020776113768736927,0.01061129812647459,-0.08961635828018188,0.39339756965637207,0.7362437508659044,0.010000079870223999,0.014435492832244113,0.28476710245013237,1.7795848846435547
E080_box025_p2,box025_person2,88,1.76,1.4833363000000017,32,0.12827429921411498,0.02205937241602734,0.7851283550262451,0.7851283550262451,0.7814949154853821,0.05550789797067218,0.0498913912788605,0.0498913912788605,0.024565135451305675,0.005429021506651532,0.005429021506651532,1,0,1,1,1,2,0.0008515701150850069,0.0034216636770396033,0.0246150044588281,0.016771307788231472,-0.11384335160255432,0.35552971065044403,0.729226414804347,0.010000094771385193,0.01732055716777006,0.2843574397265911,1.7893383502960205
E080_box025_p2,box025_person2,89,1.78,1.5000030000000018,32,0.13905897519190125,0.029915756177558428,0.7850046157836914,0.7850046157836914,0.7823446989059448,0.056618810201494674,0.05030136998656326,0.05030136998656326,0.024838703268557638,0.006527844216822787,0.006527844216822787,0,0,0,1,1,2,0.0009617486592759031,0.002459145303569249,0.027368947688819985,0.02722031100741879,-0.13522104918956757,0.31232696771621704,0.7024182020618045,0.010000035166740417,0.017320505548088116,0.2813037447631359,1.7407609224319458
E080_box025_p2,box025_person2,90,1.8,1.5166697000000018,32,0.14986540742922083,0.03739304101280828,0.7845920324325562,0.7845920324325562,0.782697856426239,0.0536229951046297,0.04971937488410477,0.04971937488410477,0.025303584494466125,0.007849043199314287,0.007849043199314287,1,0,1,1,1,2,0.001012568929885431,0.0015245444983948697,0.02822784269916712,0.03409361161352403,-0.1453731507062912,0.2424221783876419,0.6408978644691051,0.010000035166740417,0.0173204754337166,0.2764480859041214,1.8361711502075195
E080_box025_p2,box025_person2,91,1.82,1.5333364000000018,32,0.15730916814948626,0.04628448571468404,0.7840251326560974,0.7840251326560974,0.7836017608642578,0.05288144980963977,0.048399482884709355,0.048399482884709355,0.024743344771147147,0.00909237650765754,0.00909237650765754,1,1,2,1,1,2,0.0011810374781828364,0.0005740908380218873,0.028275616552453208,0.0429972643906205,-0.14164066314697266,0.22365595400333405,0.6052524724074534,0.01000000536441803,0.017320486184295898,0.26947225630283356,2.24251389503479
E080_box025_p2,box025_person2,92,1.84,1.5500031000000019,32,0.162198049407792,0.05669549931354733,0.7837573885917664,0.7837573885917664,0.7848233580589294,0.052885855007613836,0.04748308591164768,0.04748308591164768,0.023669605403657923,0.010153430718886969,0.010153430718886969,1,1,2,1,1,2,0.0015900297051394743,0.000396734603927279,0.028475566062547135,0.04934573513289837,-0.17306026816368103,0.19587162137031555,0.5671976846453274,0.009999992325901985,0.014318839174185577,0.25982631742954254,2.131009101867676
E080_box025_p2,box025_person2,93,1.86,1.5666698000000019,32,0.16820313146065824,0.06556507287190387,0.7833958864212036,0.7833958864212036,0.7846624851226807,0.0535375126930458,0.04661144633580244,0.04661144633580244,0.02415419445508482,0.010815559002024744,0.010815559002024744,1,1,2,1,1,2,0.0018318239853638563,0.000602838100843453,0.027386888745297672,0.052164643600341835,-0.16128861904144287,0.1856151670217514,0.5243381734491062,0.010000035166740417,0.014318866266242763,0.24856816232204437,2.0567824840545654
E080_box025_p2,box025_person2,94,1.88,1.583336500000002,32,0.17493613388184082,0.07371034601466847,0.7827500104904175,0.7827500104904175,0.783675491809845,0.05428868086649702,0.04605466708556755,0.04605466708556755,0.025423977540197984,0.01114172507678901,0.01114172507678901,1,1,2,1,1,2,0.0017783211746331684,0.0007038245392591569,0.02591327963490609,0.054796750819097385,-0.1479572057723999,0.17810500785708427,0.48161875430452467,0.010000079870223999,0.014305110527843393,0.2367490641772747,1.9778319597244263
E080_box025_p2,box025_person2,95,1.9,1.600003200000002,32,0.1880236136056683,0.08960045984175417,0.7820705771446228,0.7820705771446228,0.7817389369010925,0.05582739857106184,0.04567779456364268,0.04567779456364268,0.02616703022437028,0.010934282101183246,0.010934282101183246,0,1,1,1,1,2,0.0016844479722306557,0.0008814776769584948,0.02468631784224468,0.07027655222003958,-0.1380074918270111,0.18318907544016838,0.4513983053740024,0.010000213980674744,0.014305209485264427,0.22587303444743156,1.8591610193252563
E080_box025_p2,box025_person2,96,1.92,1.616669900000002,32,0.205466924438448,0.11048246149274173,0.7814100384712219,0.7814100384712219,0.7792151570320129,0.05660220688985912,0.045340861837264546,0.045340861837264546,0.026849486070423034,0.010450176915623333,0.010450176915623333,0,1,1,1,1,2,0.001459946599876763,0.0012646572762473121,0.02416745939606723,0.07940144058695088,-0.12569361925125122,0.18102356418967247,0.42206878778706414,0.01000000536441803,0.014261159703075267,0.21629376336932182,1.475755214691162
E080_box025_p2,box025_person2,97,1.94,1.633336600000002,32,0.2154906441647484,0.12261367622110156,0.7809037566184998,0.7809037566184998,0.775235652923584,0.05613824832028386,0.045120639095973025,0.045120639095973025,0.027479029800109522,0.010137231521555434,0.010137231521555434,0,1,1,1,1,2,0.0013521404005357451,0.002032714514716441,0.024339118914025428,0.06394368553281218,-0.12583550810813904,0.19510620459914207,0.4185608738797681,0.009999990463256836,0.014261094237813318,0.2092478983104229,1.539944052696228
E080_box025_p2,box025_person2,98,1.96,1.650003300000002,32,0.22004790549926911,0.1290975213479357,0.7805427312850952,0.7805427312850952,0.7703245878219604,0.055044091267608286,0.045330787117770444,0.045330787117770444,0.02807201830264522,0.009971267358876323,0.009971267358876323,0,1,1,1,1,2,0.0013115540941433385,0.003275660605954668,0.024163659812918892,0.05419398392918984,-0.09795421361923218,0.20122737810015678,0.40857766035040594,0.010000079870223999,0.014376226012163462,0.20478088781237602,1.4772071838378906
E080_box025_p2,box025_person2,99,1.98,1.666670000000002,32,0.22784792086549252,0.14174741126431745,0.780290424823761,0.780290424823761,0.7649564743041992,0.052905793106673926,0.045563800201225024,0.045563800201225024,0.02735965216850278,0.010179361601138748,0.010179361601138748,1,1,2,1,1,2,0.0014242315071606518,0.005028841337300784,0.024462431906360438,0.052980553736449956,-0.09010940790176392,0.21299787238240242,0.4259514240690586,0.010000079870223999,0.014376199736961394,0.21264996007084846,1.3917126655578613
E080_box025_p2,box025_person2,100,2.0,1.6833367000000021,32,0.2379662707700599,0.1583408505292294,0.77994304895401,0.77994304895401,0.7592856884002686,0.05134015934008357,0.04606132218839337,0.04606132218839337,0.025821096286261613,0.010641273534564788,0.010641273534564788,1,1,2,1,1,2,0.0016053203269732405,0.007016308367829738,0.02463001058712656,0.05200413535981055,-0.06311500072479248,0.22220243141055107,0.43972626573783247,0.009999997913837433,0.014464313606568626,0.22804759070277214,1.392976999282837
E080_box025_p2,box025_person2,101,2.02,1.7000034000000022,32,0.2403304687296592,0.1694632712871792,0.7795343399047852,0.7795343399047852,0.7549152374267578,0.05022981587403602,0.04633548530308523,0.04633548530308523,0.024348708289248955,0.012021267876683395,0.012021267876683395,1,1,2,1,1,2,0.0019505494707090579,0.00924134768849829,0.02481766069554125,0.036834948892689935,-0.050042688846588135,0.25366052985191345,0.46905558591298196,0.009999997913837433,0.014464334226689966,0.23637316189706326,1.564842939376831
E080_box025_p2,box025_person2,102,2.04,1.7166701000000022,32,0.23695552895404426,0.17650931892857116,0.7788411378860474,0.7788411378860474,0.7514354586601257,0.049467195918734996,0.04621571479994596,0.04621571479994596,0.022861972234802297,0.013948972825212791,0.013948972825212791,1,1,2,1,1,2,0.002386341227621075,0.011022078967541121,0.02393921196223456,0.026776829406239377,-0.0009989142417907715,0.2569126933813095,0.4786828761379103,0.010000064969062805,0.017320543177203204,0.23902850411832333,1.69363272190094
E080_box025_p2,box025_person2,103,2.06,1.7333368000000022,32,0.2396032496687566,0.17926246961459802,0.7776044011116028,0.7776044011116028,0.7490512728691101,0.04897639615399069,0.04598338193624968,0.04598338193624968,0.021960991348084213,0.011766275975299445,0.011766275975299445,1,1,2,1,1,2,0.0027948184749299818,0.011649853435666865,0.022649844913325275,0.01857558356077787,0.030981123447418213,0.25870049744844437,0.4943381534735449,0.010000109672546387,0.017320604478272803,0.25326348654925823,1.8080511093139648
E080_box025_p2,box025_person2,104,2.08,1.7500035000000023,32,0.24656132972634726,0.17889872092063316,0.7753480672836304,0.7753480672836304,0.7474430799484253,0.0484041418685896,0.04610163749560375,0.04610163749560375,0.02161000829029336,0.00672811315665689,0.00672811315665689,1,1,2,1,1,2,0.0028343770766483187,0.010046472275466137,0.021740709694685226,0.013329785126437569,0.0847887396812439,0.23726760409772396,0.5048298398957181,0.010000035166740417,0.01732049264995201,0.2733396030962467,1.9870563745498657
E080_box025_p2,box025_person2,105,2.1,1.7666702000000023,32,0.24715561995524057,0.1842692953972076,0.7719752788543701,0.7719752788543701,0.7462932467460632,0.04819524517644663,0.04632496609582809,0.04632496609582809,0.019262077416343948,0.00761677964675217,0.00761677964675217,1,1,2,1,1,2,0.0025719274636433614,0.005817388979116309,0.019868823808273046,0.01284074777482154,0.12077158689498901,0.2367647886276245,0.5223726032695757,0.010000007227063179,0.01732045822111191,0.2757135070860386,1.987849235534668
E080_box025_p2,box025_person2,106,2.12,1.7833369000000023,32,0.24291716717847706,0.19356566577586135,0.7673512697219849,0.7673512697219849,0.7454790472984314,0.048068965649180895,0.04643089429931063,0.04643089429931063,0.014653216146686299,0.012589430982191396,0.012589430982191396,1,0,1,1,1,2,0.0020790460071670597,-0.0014949720309068437,0.01749502372372085,0.012623907361327241,0.18151730298995972,0.27530020475387573,0.5511816614068424,0.010000050067901611,0.017320535657170063,0.26494593918323517,1.9206874370574951
E080_box025_p2,box025_person2,107,2.14,1.8000036000000024,32,0.24422385871097882,0.1982149261080898,0.7679433822631836,0.7679433822631836,0.7485062479972839,0.04607300053914748,0.0479974651479233,0.04607300053914748,0.013768871077252387,0.013998043742586397,0.013768871077252387,1,0,1,1,1,2,0.005596592599459438,-0.0026143894546529142,0.004154382548249346,0.005458315612385821,0.2080203890800476,0.291866198182106,0.5673682318712187,0.010000109672546387,0.017320537804187602,0.2532922178506851,2.0276074409484863
E080_box025_p2,box025_person2,108,2.16,1.8166703000000024,32,0.24954350938050704,0.199323026337705,0.7696840167045593,0.7696840167045593,0.7544418573379517,0.04538972803489122,0.045831006792926565,0.04538972803489122,0.016198488648561327,0.013074642564126215,0.013074642564126215,1,0,1,1,1,2,0.008733901375612356,-0.0022754706558247087,0.0036032771149526453,0.0005765648675981514,0.24880370497703552,0.3018000200390816,0.5760788231466264,0.010000169277191162,0.01732066255326272,0.2413930483162403,2.0285985469818115
E080_box025_p2,box025_person2,109,2.18,1.8333370000000024,32,0.2521943660007084,0.20015548914293083,0.771867036819458,0.771867036819458,0.7603273987770081,0.04624667684467415,0.038848646713330603,0.038848646713330603,0.017313687950194168,0.011749194480199676,0.011749194480199676,1,1,2,1,1,2,0.010854542037320357,-0.0016359225920215062,0.004342870034282174,0.010344898954400824,0.25490736961364746,0.31154126673936844,0.5859558943420726,0.010000348091125488,0.017320785147151217,0.2335767149925232,2.113917112350464
E080_box025_p2,box025_person2,110,2.2,1.8500037000000025,32,0.2526115050122303,0.2002705928420188,0.7741652727127075,0.7741652727127075,0.766173779964447,0.047442469586089275,0.03518026419961856,0.03518026419961856,0.017511343577146288,0.010133944622977065,0.010133944622977065,1,1,2,1,1,2,0.01193987658173145,-0.000972893815295299,0.004424722039078628,0.018461520220336963,0.2374788522720337,0.30028640292584896,0.5720177435408034,0.010000169277191162,0.01603712391338585,0.23418894410133362,2.2328968048095703
E080_box025_p2,box025_person2,111,2.22,1.8666704000000025,32,0.2542088623384818,0.20645244599706492,0.7764163017272949,0.7764163017272949,0.7723978161811829,0.04889063643282138,0.03383547265427661,0.03383547265427661,0.017011977891073005,0.009745300616688435,0.009745300616688435,0,1,1,1,1,2,0.01207009204150132,-0.0003412843222497311,0.004629629124668315,0.011198275504996365,0.2226119041442871,0.2947540655732155,0.562633451843368,0.010000020265579224,0.016036954026337025,0.23563575744628906,2.351407289505005
E080_box025_p2,box025_person2,112,2.24,1.8833371000000025,32,0.25660109747667004,0.2176224877112826,0.7786839008331299,0.7786839008331299,0.7789271473884583,0.048289913541252505,0.03458630178786931,0.03458630178786931,0.015872258276484252,0.010187330439405007,0.010187330439405007,1,1,2,1,1,2,0.0118885456602255,0.00041488026062904554,0.004400085430958511,0.00922805896669336,0.17937344312667847,0.2683853879570961,0.5145499136980418,0.009999990463256836,0.013293515671360103,0.23784613609313965,2.5189878940582275
E080_box025_p2,box025_person2,113,2.26,1.9000038000000026,32,0.25826939600527316,0.22688871686903703,0.7807930707931519,0.7807930707931519,0.7826437950134277,0.047758460657028545,0.036423651281195346,0.036423651281195346,0.015257153948738833,0.008185439064129885,0.008185439064129885,1,1,2,1,1,2,0.011396876451970038,0.0011544430828838229,0.004316251321736819,0.0040522209615560835,0.15287935733795166,0.25502336025238037,0.4971506950959145,0.010000169277191162,0.013293680126840431,0.2391500174999237,2.5848097801208496
E080_box025_p2,box025_person2,114,2.28,1.9166705000000026,32,0.2595026779361726,0.2344222000092622,0.7823854088783264,0.7823854088783264,0.7840093374252319,0.04788761153361637,0.03893554626687773,0.03893554626687773,0.015077913766188722,0.004316476899607069,0.004316476899607069,1,1,2,1,1,2,0.010442183425115735,0.0016227315697389735,0.0035528873366105153,0.0005869265952209937,0.09353291988372803,0.2201639488339424,0.47248228972210077,0.009999997913837433,0.01421529991081533,0.23986536264419556,2.4976017475128174
E080_box025_p2,box025_person2,115,2.3,1.9333372000000026,32,0.2575122822516871,0.2399202255337315,0.7835767865180969,0.7835767865180969,0.7835981845855713,0.0479721235721951,0.042062901371286265,0.042062901371286265,0.015085363627504678,0.0034086762924719904,0.0034086762924719904,1,1,2,1,1,2,0.0097031316425914,0.001958295045086114,0.003064622280629797,0.007659537792435617,0.0629321038722992,0.19665579497814178,0.4437687680314233,0.01000000350177288,0.014215176542209846,0.23728105425834656,2.597153425216675
E080_box025_p2,box025_person2,116,2.32,1.9500039000000027,32,0.25252142585412374,0.24355059125111558,0.7842113971710205,0.7842113971710205,0.781652569770813,0.04819660214244642,0.046299134916722384,0.046299134916722384,0.015281400320312999,0.004950386423955677,0.004950386423955677,1,1,2,1,1,2,0.009448637771299562,0.002009116530705797,0.002512844249678658,0.014642691413773676,0.018310546875,0.16912512481212616,0.40547652419112484,0.010000009089708328,0.014797727557328727,0.23529741168022156,2.744117021560669
E080_box025_p2,box025_person2,117,2.34,1.9666706000000027,32,0.24856075040549355,0.24771147008151817,0.7845597267150879,0.7845597267150879,0.7792596817016602,0.04782963157356451,0.050437381698139216,0.04782963157356451,0.01541993479562781,0.006093275683239863,0.006093275683239863,1,0,1,1,1,2,0.01006465007418867,0.0021471179376525984,0.00194859356952534,0.007004369829825642,0.017335236072540283,0.1780547797679901,0.3810287800894354,0.010000001639127731,0.01479782581322844,0.2395300269126892,2.7595255374908447
E080_box025_p2,box025_person2,118,2.36,1.9833373000000027,32,0.24565375444412485,0.2523657379100553,0.7846056222915649,0.7846056222915649,0.7764676213264465,0.04725778310866863,0.05211096720874647,0.04725778310866863,0.01549225439725782,0.006860081451587063,0.006860081451587063,1,0,1,1,1,2,0.011358736814272206,0.0023658438821453145,0.001204665454086623,0.0004899938307581759,0.006944209337234497,0.17690583318471909,0.3616184241245053,0.01000000536441803,0.01580491661370951,0.24431177973747253,2.7184624671936035
E080_box025_p2,box025_person2,119,2.38,2.000004000000003,32,0.23754189880270793,0.2559447600451459,0.7843030095100403,0.7843030095100403,0.7733232378959656,0.046758877368641205,0.05189140247120999,0.046758877368641205,0.012999507742772753,0.008600647371526882,0.008600647371526882,1,0,1,1,1,2,0.013030156378012886,0.00250610127879905,0.0006273775567753284,0.006428580119286228,0.015842676162719727,0.16921125614317134,0.35501502467417184,0.010000169277191162,0.01580518667965207,0.24770468473434448,2.541862964630127
E080_box025_p2,box025_person2,120,2.4,2.016670700000003,32,0.22636809389778956,0.2581856294906213,0.7835609316825867,0.7835609316825867,0.7698540687561035,0.048146289115614305,0.05020840566021417,0.048146289115614305,0.0079259035813658,0.011176418503798413,0.0079259035813658,1,0,1,1,1,2,0.014475660753512282,0.0024404181477784143,0.0003934633871895967,0.012211142327013378,0.02597782015800476,0.1847902126610279,0.33788161952000845,0.009999960660934448,0.014196453725931195,0.24949020147323608,2.274033784866333
E080_box025_p2,box025_person2,121,2.42,2.033337400000003,32,0.2247002590037196,0.2577859521777288,0.7822504043579102,0.7822504043579102,0.7675095200538635,0.048733889336360636,0.047734896406815996,0.047734896406815996,0.00907765060727933,0.011649760064367243,0.00907765060727933,1,0,1,1,1,2,0.014992037018702373,0.002206708212191974,0.00011071221112151118,0.013067223914973062,0.03292277455329895,0.20267831347882748,0.37821121508994887,0.009999901056289673,0.014196453726566605,0.24893563985824585,1.9773448705673218
E080_box025_p2,box025_person2,122,2.44,2.050004100000003,32,0.2323778662594255,0.2547629262854348,0.7801366448402405,0.7801366448402405,0.7662361264228821,0.04871673599519827,0.044283583277698824,0.044283583277698824,0.0160378263558123,0.010207262324289867,0.010207262324289867,1,1,2,1,1,2,0.01357666240527855,0.001878508740075585,0.0002813100553715533,0.015084625508191072,0.046877503395080566,0.2354379203170538,0.4627856432655109,0.009999915957450867,0.016761990710330004,0.24607276916503906,1.8433526754379272
E080_box025_p2,box025_person2,123,2.46,2.066670800000003,32,0.23816573328955812,0.2558217192323079,0.7768997550010681,0.7768997550010681,0.766021728515625,0.048663930812649026,0.043580375916953906,0.043580375916953906,0.019263132501423308,0.009244437141731343,0.009244437141731343,1,1,2,1,1,2,0.009532092880683643,0.0013543262940178546,0.0006239798206480105,0.022805622705548246,0.0256708562374115,0.28076308965682983,0.5276767609890569,0.00999993085861206,0.016761999594592285,0.24737060070037842,1.7513378858566284
E080_box025_p2,box025_person2,124,2.48,2.083337500000003,32,0.24231661775113542,0.26122516461047757,0.7726298570632935,0.7726298570632935,0.7668492794036865,0.04841699004194072,0.043736262504534495,0.043736262504534495,0.019167160717322163,0.008744364104834201,0.008744364104834201,1,1,2,1,1,2,0.0027716598998081057,0.0008502886430878862,0.0011667734070429372,0.03079202541524748,-0.006659418344497681,0.3414093554019928,0.5747510263438359,0.010000467300415039,0.017320883073437328,0.2529497742652893,1.7434464693069458
E080_box025_p2,box025_person2,125,2.5,2.100004200000003,32,0.24768074986749042,0.2665668161049191,0.7723147869110107,0.7723147869110107,0.7677327990531921,0.048718371671110317,0.04438204024047937,0.04438204024047937,0.019170769521819786,0.00815571881882482,0.00815571881882482,1,1,2,1,1,2,-6.931583798287094e-05,0.0038363714101277216,0.002432015614439566,0.03140368150891495,-0.05506274104118347,0.3868647515773773,0.6266798511471706,0.010000526905059814,0.01732088950774831,0.2579948306083679,2.0404107570648193
E080_box025_p2,box025_person2,126,2.52,2.116670900000003,32,0.2518167736789762,0.27160940254172156,0.7731641530990601,0.7731641530990601,0.768673300743103,0.04755800882169575,0.045930459642029964,0.045930459642029964,0.019306588892458232,0.00753100952481589,0.00753100952481589,1,1,2,1,1,2,-0.001023703313393222,0.006266214278582892,0.011940918768453756,0.03244809378501386,-0.12517637014389038,0.44177308678627014,0.6818301178938593,0.010000765323638916,0.01732101965475651,0.26244187355041504,2.254908800125122
E080_box025_p2,box025_person2,127,2.54,2.133337600000003,32,0.25655279951434123,0.2762941194335286,0.7742988467216492,0.7742988467216492,0.7706919312477112,0.046184652427568806,0.047739877141203035,0.046184652427568806,0.01939200235508215,0.007060066618858107,0.007060066618858107,1,0,1,1,1,2,-0.0010865925206894056,0.007331399802136276,0.021323573528331266,0.040076806445889075,-0.17566365003585815,0.45142513513565063,0.708662753778151,0.010000884532928467,0.017321072362596314,0.26665931940078735,2.4105122089385986
E080_box025_p2,box025_person2,128,2.56,2.150004300000003,32,0.2639568917924821,0.2805502908939066,0.7752379775047302,0.7752379775047302,0.7738426327705383,0.04633881366356246,0.047697424702344116,0.04633881366356246,0.019368194228163105,0.006716148120366694,0.006716148120366694,1,1,2,1,1,2,-0.0008371789846576758,0.006700598911026805,0.030877718926982323,0.048780235132096665,-0.21505141258239746,0.4065428078174591,0.6777932294322067,0.009999997913837433,0.01563807838065133,0.27061986923217773,2.329559803009033
E080_box025_p2,box025_person2,129,2.58,2.166671000000003,32,0.262764071567481,0.28659679762117657,0.7759055495262146,0.7759055495262146,0.7758113145828247,0.04700137909421448,0.04719888534821609,0.04700137909421448,0.014074268483475316,0.009442466909679093,0.009442466909679093,1,1,2,1,1,2,-0.0004341033103122602,0.005099935173680598,0.03881828717270833,0.0522375620116705,-0.2499164342880249,0.3798123300075531,0.676153547105239,0.009999992325901985,0.015638087537461536,0.2764410376548767,2.3337197303771973
E080_box025_p2,box025_person2,130,2.6,2.183337700000003,32,0.2500005493703119,0.2949912074256509,0.7766619324684143,0.7766619324684143,0.7764979004859924,0.047919728758237745,0.04742057801090399,0.04742057801090399,0.0029249279632456715,0.015154960746628754,0.0029249279632456715,1,1,2,1,1,2,0.0005239375884476746,0.0034872645744283073,0.04606112854431016,0.05543057926943637,-0.2778981328010559,0.3328789174556732,0.6501077485589423,0.010000020265579224,0.01657047980380784,0.28461164236068726,2.758434295654297
E080_box025_p2,box025_person2,131,2.62,2.200004400000003,32,0.2525302099978615,0.2965974121998466,0.7770404815673828,0.7770404815673828,0.7763200402259827,0.04899740092318977,0.04779727400763728,0.04779727400763728,0.003478256453188888,0.015218991983506014,0.003478256453188888,1,1,2,1,1,2,0.0015068094611886476,0.002276126198666184,0.05141308024312184,0.05234340598491105,-0.2811412811279297,0.3068033531308174,0.6239969158093523,0.010000050067901611,0.01657030630165943,0.286329448223114,2.9737908840179443
E080_box025_p2,box025_person2,132,2.64,2.2166711000000032,32,0.2715020440070728,0.2902937303030632,0.777031660079956,0.777031660079956,0.7751734852790833,0.050056160062834365,0.04734806598842961,0.04734806598842961,0.01644324310014106,0.00881642875353772,0.00881642875353772,1,1,2,1,1,2,0.0024671895675224542,0.00213935615285598,0.05400344400701915,0.048893521999447104,-0.2527042031288147,0.2935454426333308,0.5898063560217224,0.010000228881835938,0.012717806618400638,0.28038930892944336,2.9276716709136963
E080_box025_p2,box025_person2,133,2.66,2.2333378000000033,32,0.28389812563450945,0.29159319202427747,0.776404082775116,0.776404082775116,0.7722133994102478,0.05185865329114209,0.046839940924750356,0.046839940924750356,0.02320691966196653,0.006157535497527344,0.006157535497527344,0,1,1,1,1,2,0.0031057996695350795,0.0029967147695992916,0.05527920506358613,0.05403320054990691,-0.22592788934707642,0.24749254435300827,0.5532050488512001,0.009999990463256836,0.012717637766247611,0.2819026708602905,2.7291693687438965
E080_box025_p2,box025_person2,134,2.68,2.2500045000000033,32,0.28900719357478666,0.30158613933178946,0.775002121925354,0.775002121925354,0.767153263092041,0.05247706074247788,0.04621859180086124,0.04621859180086124,0.023782894402919863,0.00838661221159226,0.00838661221159226,0,1,1,1,1,2,0.0031940817360394808,0.004627275304043638,0.0556767917515019,0.06007522413874744,-0.20085006952285767,0.20085006952285767,0.5218688316747939,0.009999990463256836,0.011945547674900733,0.29187625646591187,2.461599349975586
E080_box025_p2,box025_person2,135,2.7,2.2666712000000033,32,0.28875762618755024,0.3052528576114807,0.7725188136100769,0.7725188136100769,0.7632375955581665,0.0516843737530695,0.04581734957032929,0.04581734957032929,0.02420535980568428,0.009650216767793485,0.009650216767793485,0,1,1,1,1,2,0.002288460106449161,0.006272288163097016,0.05525640951299312,0.047815786744654844,-0.1413712501525879,0.21996086835861206,0.4698493044088739,0.010000109672546387,0.011945633361805038,0.29534345865249634,2.1912078857421875
E080_box025_p2,box025_person2,136,2.72,2.2833379000000034,32,0.28258481039364386,0.3013536555867495,0.7687057256698608,0.7687057256698608,0.7606912851333618,0.04887940116122774,0.04544851223267349,0.04544851223267349,0.02440523042517445,0.009769399868507556,0.009769399868507556,1,1,2,1,1,2,-0.00012062631335341828,0.007064684331501814,0.05396886925248255,0.03332824711905141,-0.06747907400131226,0.24792048335075378,0.44075999437473534,0.009999632835388184,0.012101015741545009,0.2910870313644409,2.2275118827819824
E080_box025_p2,box025_person2,137,2.74,2.3000046000000034,32,0.27748001731338306,0.2977609876075383,0.7632417678833008,0.7632417678833008,0.7578434944152832,0.04711377140035827,0.045744375494491896,0.045744375494491896,0.02453904094912457,0.009890236546541142,0.009890236546541142,1,1,2,1,1,2,-0.004102560916071349,0.006162007811688505,0.05220695662478312,0.03091850950736741,0.017856359481811523,0.2585424482822418,0.4345771081940102,0.010000109672546387,0.012101439221021377,0.28710705041885376,2.3974084854125977
E080_box025_p2,box025_person2,138,2.76,2.3166713000000034,32,0.27416704471745657,0.2954012741331542,0.7620826363563538,0.7620826363563538,0.7546231150627136,0.04694643601763676,0.04633354769525139,0.04633354769525139,0.024562828641754963,0.010006047887700986,0.010006047887700986,1,1,2,1,1,2,-0.001313246167858946,0.007785626054683366,0.04938421485660302,0.028065130869896,0.07543587684631348,0.2614451050758362,0.4459557574260563,0.009999871253967285,0.012502300837831552,0.28416818380355835,2.441345691680908
E080_box025_p2,box025_person2,139,2.78,2.3333380000000035,32,0.27122328396558376,0.2923490822848417,0.7625971436500549,0.7625971436500549,0.7518353462219238,0.04690406285064436,0.04654911812098478,0.04654911812098478,0.02464226314601292,0.00945879726774057,0.00945879726774057,1,1,2,1,1,2,0.00434501623249587,0.009781473341938664,0.04659249021805316,0.030572379534196028,0.15651339292526245,0.243506520986557,0.49031824090077614,0.010000228881835938,0.012502583160994861,0.28018438816070557,2.3796820640563965
E080_box025_p2,box025_person2,140,2.8,2.3500047000000035,32,0.26760445118424664,0.28825212056905164,0.7630386352539062,0.7630386352539062,0.7496002912521362,0.04682131180017318,0.04699178531848508,0.04682131180017318,0.024817800680271784,0.007958363763916121,0.007958363763916121,1,1,2,1,1,2,0.01132787669593028,0.010116467770127854,0.043623218565610355,0.03368196434524027,0.2322998046875,0.2389612765982747,0.5225354856767002,0.010000348091125488,0.014185949690610627,0.27489691972732544,2.762814521789551
E080_box025_p2,box025_person2,141,2.82,2.3666714000000035,32,0.2633439042058006,0.2835454276058182,0.7627052068710327,0.7627052068710327,0.748786985874176,0.04651002241295715,0.04734154316949385,0.04651002241295715,0.024484792662987864,0.007013206965414354,0.007013206965414354,1,1,2,1,1,2,0.01899969580561372,0.00823227554696445,0.039346081530489685,0.024904737999901477,0.29904672503471375,0.29904672503471375,0.5693903983854744,0.009999986737966537,0.014185604808384343,0.26900357007980347,3.0538926124572754
E080_box025_p2,box025_person2,142,2.84,2.3833381000000036,32,0.26160986435399375,0.2780817654898217,0.7608621716499329,0.7608621716499329,0.749851644039154,0.04913132866023279,0.04728667374016443,0.04728667374016443,0.02349344909834894,0.006955034025421969,0.006955034025421969,0,1,1,1,1,2,0.026754038892981766,0.0032475866604777318,0.03465118292741757,0.01434794395242575,0.3444707989692688,0.3444707989692688,0.618117126606722,0.01000000536441803,0.01634522908641595,0.2626045346260071,3.1773736476898193
E080_box025_p2,box025_person2,143,2.86,2.4000048000000036,32,0.2591735318095938,0.27358809212166507,0.7609685063362122,0.7609685063362122,0.7513056397438049,0.04505360048479773,0.0509926974724238,0.04505360048479773,0.022041711739898384,0.00722270787814433,0.00722270787814433,1,0,1,1,1,2,0.03507254396989003,-0.00048720235152707736,0.007426297001007421,0.012680175263532814,0.3682318925857544,0.3682318925857544,0.6419565773071743,0.010000109672546387,0.01634537496909062,0.25785350799560547,2.8830630779266357
E080_box025_p2,box025_person2,144,2.88,2.4166715000000036,32,0.25687352638644484,0.27132648706936024,0.7617995142936707,0.7617995142936707,0.7532914876937866,0.0436113609471564,0.05025558910922173,0.0436113609471564,0.01994852157347543,0.007944033485291824,0.007944033485291824,1,0,1,1,1,2,0.04071357966294446,-0.0034063584067366356,0.003640320789584483,0.011533435723533781,0.3869950771331787,0.3869950771331787,0.6555514126846719,0.01000000536441803,0.017320482961405155,0.25588881969451904,2.4609897136688232
E080_box025_p2,box025_person2,145,2.9,2.4333382000000037,32,0.25519178751462696,0.2701339779329585,0.765079140663147,0.765079140663147,0.7568159699440002,0.042718100983152485,0.04687870374377795,0.042718100983152485,0.018195866030362107,0.008344942772279651,0.008344942772279651,1,1,2,1,1,2,0.04448684706479841,-0.0037252261353706434,0.0017521356643499363,0.006829549858548168,0.38155892491340637,0.38155892491340637,0.6760228975280465,0.010000228881835938,0.017320627069601444,0.25474655628204346,2.0596227645874023
E080_box025_p2,box025_person2,146,2.92,2.4500049000000037,32,0.2547869809044977,0.26970371740994126,0.7695853114128113,0.7695853114128113,0.7625129818916321,0.042220619714411545,0.0455009731984824,0.042220619714411545,0.01686705622123369,0.008315515276804464,0.008315515276804464,1,1,2,1,1,2,0.04510508506805011,-0.0027164921502233624,0.0026793922872806277,0.0007408754632782958,0.35062074661254883,0.35507236421108246,0.6931423865020488,0.009999632835388184,0.013821390892509068,0.2541271448135376,2.5872080326080322
E080_box025_p2,box025_person2,147,2.94,2.4666716000000037,32,0.25418267583395726,0.2662831213654227,0.7743646502494812,0.7743646502494812,0.7681259512901306,0.044121041213341095,0.04619069378786905,0.044121041213341095,0.015610086286406422,0.007765283854760829,0.007765283854760829,1,1,2,1,1,2,0.04260802005185176,-0.00153632715276978,0.0035713556593404976,0.0023223643862950154,0.31030726432800293,0.40536848455667496,0.7078298883981728,0.009999632835388184,0.01382139868200052,0.2510312795639038,3.0264744758605957
E080_box025_p2,box025_person2,148,2.96,2.4833383000000038,32,0.2487813298321456,0.25883510431131396,0.7788169384002686,0.7788169384002686,0.7736160755157471,0.045625834396618326,0.04666934056942812,0.045625834396618326,0.014552016752252483,0.006377199670152767,0.006377199670152767,1,1,2,1,1,2,0.03794536944823597,-0.0009218872428790811,0.005502812902078925,0.006527469483917154,0.2640972137451172,0.45451876521110535,0.7125240806392171,0.010000228881835938,0.012743751340333348,0.24433839321136475,3.4717624187469482
E080_box025_p2,box025_person2,149,2.98,2.500005000000004,32,0.2432575820802516,0.25266334440411936,0.7826783657073975,0.7826783657073975,0.7783746123313904,0.04701788083191699,0.04659776206777405,0.04659776206777405,0.013780901091275,0.006027454234258711,0.006027454234258711,1,1,2,1,1,2,0.03303360136049219,-0.0011235935622343415,0.005642780799083688,0.004098370822937617,0.20738518238067627,0.4461296647787094,0.6941843741433743,0.01000070571899414,0.0127441413900772,0.23915302753448486,3.6362507343292236
E080_box025_p2,box025_person2,150,3.0,2.516671700000004,32,0.23820888238669505,0.248549930809149,0.7855371236801147,0.7855371236801147,0.7820281982421875,0.04727129919440726,0.04603896721140227,0.04603896721140227,0.012957008883794807,0.006835639766170187,0.006835639766170187,1,1,2,1,1,2,0.029059783362824776,-0.002406187289018459,0.005184801891863851,7.601382109467158e-05,0.16023817658424377,0.4347761422395706,0.681995683950664,0.009999871253967285,0.016443068449914566,0.2363138198852539,3.656865119934082
E080_box025_p2,box025_person2,151,3.02,2.533338400000004,32,0.23233775601838277,0.24128080280395459,0.7891106605529785,0.7891106605529785,0.7843475341796875,0.04608850344522791,0.04728433857383768,0.04608850344522791,0.012155613136290544,0.005858715239751178,0.005858715239751178,1,0,1,1,1,2,0.028980616676404107,-0.0021451511374958043,0.001357852234548577,0.003905958759754185,0.11479979753494263,0.3889046013355255,0.646033102385629,0.009999990463256836,0.01644318072527083,0.23019444942474365,3.306661605834961
E080_box025_p2,box025_person2,152,3.04,2.550005100000004,32,0.22670135461990104,0.22916574926533206,0.7921110391616821,0.7921110391616821,0.7845821976661682,0.04777070133040601,0.045462962625916814,0.045462962625916814,0.011812826859184056,0.002832172906017949,0.002832172906017949,0,1,1,1,1,2,0.03178584877345141,-0.0012974698219621258,0.00186028030301007,0.009478577509015698,0.024308741092681885,0.3098713457584381,0.5586586882049914,0.010000228881835938,0.01732063351535533,0.21888399124145508,3.0604538917541504
E080_box025_p2,box025_person2,153,3.06,2.566671800000004,32,0.2196924925767382,0.2182733124037785,0.7944982051849365,0.7944982051849365,0.784514844417572,0.047362566760563996,0.04446528737159322,0.04446528737159322,0.011443053861541708,0.0008523248501773328,0.0008523248501773328,0,1,1,1,1,2,0.03652702948604883,9.128431915070984e-05,0.0029839270804537066,0.006045885682950992,-0.003434121608734131,0.2472335696220398,0.5265887875033213,0.01000000536441803,0.0173203668227756,0.208662748336792,3.13272762298584
E080_box025_p2,box025_person2,154,3.08,2.583338500000004,32,0.21186302945893778,0.20944248900717488,0.796328067779541,0.796328067779541,0.7839590907096863,0.043659671765157004,0.04545722601003371,0.043659671765157004,0.011411962744611592,0.0004118029175996796,0.0004118029175996796,1,1,2,1,1,2,0.042016852951477696,0.002040815954985245,0.004231617799356456,0.0006666697287399447,-0.04847216606140137,0.2471645623445511,0.5062632851793359,0.009999997913837433,0.0173201947815589,0.20020174980163574,3.0998854637145996
E080_box025_p2,box025_person2,155,3.1,2.600005200000004,32,0.20334168533276292,0.19938549616664705,0.7975303530693054,0.7975303530693054,0.7834461331367493,0.04231721385984394,0.046892519888900475,0.04231721385984394,0.011321665682092141,0.00045180189626276013,0.00045180189626276013,1,0,1,1,1,2,0.04715901995163008,0.004256498154355089,0.005301873021336539,0.00034545617671471427,-0.06034696102142334,0.2383556142449379,0.5066712924999168,0.010000109672546387,0.017320564691908187,0.19220423698425293,2.8960187435150146
E080_box025_p2,box025_person2,156,3.12,2.616671900000004,32,0.19393976870757668,0.18787062390459736,0.7977162599563599,0.7977162599563599,0.7830047011375427,0.042104196004108474,0.04731389823136817,0.042104196004108474,0.011326305836294293,0.001059332414736991,0.001059332414736991,1,0,1,1,1,2,0.050407936456916776,0.00644346617344823,0.005997456574836621,0.0004062131569613767,-0.07148832082748413,0.22682758420705795,0.5298006435504841,0.010000050067901611,0.017320457155548214,0.18343830108642578,2.9266107082366943
E080_box025_p2,box025_person2,157,3.14,2.633338600000004,32,0.18646941363111966,0.18356777238807076,0.7968080639839172,0.7968080639839172,0.7816030979156494,0.04214419528852481,0.04414823750002056,0.04214419528852481,0.010765516294411026,0.001350322599725784,0.001350322599725784,1,1,2,1,1,2,0.05082475087925165,0.008504940905410006,0.006456161275164357,0.004179320961266571,-0.0734947919845581,0.24380748718976974,0.5422802000118735,0.010000109672546387,0.01732056898734837,0.17776989936828613,3.119734525680542
E080_box025_p2,box025_person2,158,3.16,2.650005300000004,32,0.18458120927147695,0.1923289112627654,0.794638991355896,0.794638991355896,0.7785372734069824,0.04297886078260976,0.0450668498803391,0.04297886078260976,0.009966585344748036,0.002503420557552871,0.002503420557552871,1,1,2,1,1,2,0.04736884215821995,0.010447076642964341,0.006805195437128299,0.011151309837732371,-0.07452374696731567,0.2846069931983948,0.5454702098224341,0.009999990463256836,0.017320482958488658,0.18486034870147705,3.496474266052246
E080_box025_p2,box025_person2,159,3.18,2.666672000000004,32,0.1806056728229886,0.19236683007301636,0.790969729423523,0.790969729423523,0.7757329940795898,0.04310118171919314,0.04901514249444089,0.04310118171919314,0.00999683559353376,0.0037433963189233976,0.0037433963189233976,1,0,1,1,1,2,0.04000093327794234,0.011940279910695108,0.006875315254665106,0.009461306509696258,-0.07595592737197876,0.3036782592535019,0.5548007652756947,0.010000109672546387,0.017320556081790242,0.18618035316467285,3.6359119415283203
E080_box025_p2,box025_person2,160,3.2,2.683338700000004,32,0.17227833408026014,0.17706703535768142,0.7857925891876221,0.7857925891876221,0.7733983993530273,0.04280296708014225,0.0538131408047407,0.04280296708014225,0.010499476764208981,0.0041646979615460045,0.0041646979615460045,1,0,1,1,1,2,0.029352945501921482,0.012979654649178982,0.006278140889730745,0.011261471454124788,-0.08994799852371216,0.29075340926647186,0.5442583107921626,0.010000109672546387,0.01732056039159104,0.1711064577102661,3.4179484844207764
E080_box025_p2,box025_person2,161,3.22,2.700005400000004,32,0.16394838196771033,0.16690276932341339,0.7886098623275757,0.7886098623275757,0.7716553807258606,0.043820644679909704,0.056791867835077225,0.043820644679909704,0.010904415273731316,0.004092066011279538,0.004092066011279538,1,0,1,1,1,2,0.027787361174310236,0.020559069949891796,0.011228434546376972,0.008978498512937428,-0.08797311782836914,0.303056076169014,0.5559549231248281,0.009999983012676239,0.0173203280995218,0.16154944896697998,2.1410648822784424
E080_box025_p2,box025_person2,162,3.24,2.7166721000000043,32,0.15518926290748628,0.15910834149081204,0.7934407591819763,0.7934407591819763,0.7710131406784058,0.04425498372933939,0.05595858906661205,0.04425498372933939,0.011443710401756124,0.003656463842283131,0.003656463842283131,1,0,1,1,1,2,0.029108321737340473,0.027993354123933903,0.01765588154024452,0.008483574618292206,-0.10176354646682739,0.3260362446308136,0.5632929049811184,0.009999983012676239,0.017320203355713736,0.16064298152923584,1.8555679321289062
E080_box025_p2,box025_person2,163,3.26,2.7333388000000043,32,0.14771586348711616,0.15172608835013895,0.7981630563735962,0.7981630563735962,0.7707452774047852,0.04452747806566276,0.05383584077846165,0.04452747806566276,0.011694119850357787,0.003235296553086353,0.003235296553086353,1,0,1,1,1,2,0.030831534448814688,0.03399459098656615,0.022079682425970918,0.008460726490589085,-0.09632694721221924,0.3342864364385605,0.5757842850301407,0.009999997913837433,0.01732014744503698,0.16532154567539692,1.930645227432251
E080_box025_p2,box025_person2,164,3.28,2.7500055000000043,32,0.14310497635829827,0.14434794418227415,0.8021726608276367,0.8021726608276367,0.7711991667747498,0.04459838444832781,0.05190962063219079,0.04459838444832781,0.011471857385040807,0.0030135784717604808,0.0030135784717604808,1,0,1,1,1,2,0.032336245316717145,0.03837557298838964,0.025115129406061056,0.009851171678877066,-0.07911854982376099,0.3190649002790451,0.5830671730818445,0.010000348091125488,0.017320706666355136,0.16734286211431026,2.106912851333618
E080_box025_p2,box025_person2,165,3.3,2.7666722000000044,32,0.13766107754580348,0.13719151047570316,0.8051449656486511,0.8051449656486511,0.7719060778617859,0.04385365198096142,0.04879181453604792,0.04385365198096142,0.011220536389316804,0.0029512694317396226,0.0029512694317396226,1,0,1,1,1,2,0.033256425070212106,0.04141890939687546,0.027239404134370628,0.011584224734819744,-0.06314152479171753,0.3193116784095764,0.5936844229931597,0.009999990463256836,0.01732041844589198,0.18298214673995972,2.161968231201172
E080_box025_p2,box025_person2,166,3.32,2.7833389000000044,32,0.13135401024865676,0.12936717816033824,0.8072085380554199,0.8072085380554199,0.7731188535690308,0.0437616759074228,0.04637442969012512,0.0437616759074228,0.010884826569761197,0.003289889884280417,0.003289889884280417,1,1,2,1,1,2,0.03369632640487295,0.04380116306953121,0.02824761882209296,0.015490973528825643,-0.09122002124786377,0.3078659102320671,0.5750485804020756,0.010000012814998627,0.017320431346229237,0.20001865178346634,1.950771689414978
E080_box025_p2,box025_person2,167,3.34,2.8000056000000044,32,0.12658678990238975,0.12221307607183364,0.8089977502822876,0.8089977502822876,0.7736714482307434,0.04485082155027481,0.04660681130321004,0.04485082155027481,0.010702363635886447,0.0034266155190119663,0.0034266155190119663,1,1,2,1,1,2,0.03436128314689248,0.04635404057265215,0.028424618991709557,0.015096152343554523,-0.09101521968841553,0.31168316677212715,0.5788572865197461,0.010000035166740417,0.017320110887335233,0.21347767487168312,1.7115259170532227
E080_box025_p2,box025_person2,168,3.36,2.8166723000000045,32,0.12369922421591896,0.11566501540954484,0.810366153717041,0.810366153717041,0.7728539705276489,0.04612355974294685,0.04847975934609977,0.04612355974294685,0.011228787671520524,0.003306573621244757,0.003306573621244757,1,1,2,1,1,2,0.03501415833238339,0.04888252048400204,0.028026528462792386,0.017653207114912934,-0.09767293930053711,0.2905196473002434,0.5362408447898022,0.010000228881835938,0.017320635675981223,0.22317367047071457,1.7727811336517334
E080_box025_p2,box025_person2,169,3.38,2.8333390000000045,32,0.1202554052135877,0.1077170488953231,0.8111470937728882,0.8111470937728882,0.7724190950393677,0.047356572007573206,0.050702077645016164,0.047356572007573206,0.011779468895144252,0.0020802369349584016,0.0020802369349584016,1,0,1,1,1,2,0.03541336912601796,0.051297926553050904,0.026246441361534173,0.016389307737050603,-0.09429657459259033,0.3007464036345482,0.5238181927176127,0.010000228881835938,0.017320627060962594,0.2297607585787773,1.6741737127304077
E080_box025_p2,box025_person2,170,3.4,2.8500057000000045,32,0.11697663875476647,0.09612818833994784,0.8111535906791687,0.8111535906791687,0.772808313369751,0.04819962941292316,0.048592742195967376,0.04819962941292316,0.012380823735839597,0.0,0.0,1,1,2,1,1,2,0.0353318705186097,0.053443605617273786,0.02375071204929218,0.014629985384617794,-0.12019866704940796,0.31281833350658417,0.4962710582221805,0.010000020265579224,0.017320368980168907,0.23231251537799835,1.476775884628296
E080_box025_p2,box025_person2,171,3.42,2.8666724000000046,32,0.11530986579722323,0.08628871028261,0.8106279373168945,0.8106279373168945,0.7725696563720703,0.04818087928332121,0.047383541655662664,0.047383541655662664,0.013264133670567613,0.0,0.0,1,1,2,1,1,2,0.03493423240320982,0.05531430255794173,0.020364026250708156,0.013048484463316183,-0.11519157886505127,0.3315168768167496,0.4956717028881288,0.010000467300415039,0.017320778705104626,0.2352534681558609,1.279537320137024
E080_box025_p2,box025_person2,172,3.44,2.8833391000000046,32,0.11079986331934477,0.07946535024781991,0.8097558617591858,0.8097558617591858,0.7709261775016785,0.04779446340346599,0.04861356033188585,0.04779446340346599,0.014201419100151713,2.57883747014076e-05,2.57883747014076e-05,1,1,2,1,1,2,0.034368802782395916,0.05678315578909651,0.016204218934561067,0.009828864562450497,-0.12528419494628906,0.34056565165519714,0.4963308941889032,0.010000467300415039,0.017320746433467833,0.2411646693944931,1.1731185913085938
E080_box025_p2,box025_person2,173,3.46,2.9000058000000046,32,0.10696948248463758,0.07228782518245293,0.8085745573043823,0.8085745573043823,0.7702100872993469,0.047527891346466344,0.051659318328808934,0.047527891346466344,0.01518782464602525,0.0025834867682071327,0.0025834867682071327,1,0,1,1,1,2,0.03363779945032898,0.05765377079227263,0.012350874481505274,0.009111290307020124,-0.11438381671905518,0.35847145691514015,0.5073906693462324,0.010000467300415039,0.01732078407175631,0.245970968157053,1.1950339078903198
E080_box025_p2,box025_person2,174,3.48,2.9166725000000047,32,0.10548248081038229,0.06440401559449625,0.8072030544281006,0.8072030544281006,0.7716491222381592,0.04762922046927326,0.05669670698804835,0.04762922046927326,0.016158389634211012,0.001965544860986601,0.001965544860986601,1,0,1,1,1,2,0.032918747302314616,0.05761976903426341,0.010367213535452611,0.007858225249863342,-0.07552152872085571,0.35965827107429504,0.5027880344893043,0.010000228881835938,0.01732063297438349,0.24844732880592346,1.1844193935394287
E080_box025_p2,box025_person2,175,3.5,2.9333392000000047,32,0.10705517770770083,0.05799678425225868,0.8056952953338623,0.8056952953338623,0.7729009389877319,0.04758899703728231,0.0584670534954736,0.04758899703728231,0.016970674365981153,0.0015516187158485795,0.0015516187158485795,1,0,1,1,1,2,0.032176929915530915,0.05671093391043748,0.00881552292828336,0.005545449354481762,-0.05938810110092163,0.37157414481043816,0.5248355687611794,0.010000006295740604,0.01732049640384214,0.2507283352315426,1.0559221506118774
E080_box025_p2,box025_person2,176,3.52,2.9500059000000047,32,0.10839057399745715,0.05298864708296389,0.8039664030075073,0.8039664030075073,0.7737002372741699,0.047712551676072745,0.05805732304645267,0.047712551676072745,0.017248342314021725,0.0015551360379439383,0.0015551360379439383,1,0,1,1,1,2,0.031359805557834367,0.05500894732707317,0.007507962754103183,0.0005017412176634208,-0.06566333770751953,0.39003151282668114,0.5463813484469153,0.010000348091125488,0.017320704236863292,0.2543247900903225,0.9541218876838684
E080_box025_p2,box025_person2,177,3.54,2.9666726000000048,32,0.10657686552016243,0.049525489462979064,0.802008867263794,0.802008867263794,0.7740203738212585,0.047236936450861744,0.05434930594041559,0.047236936450861744,0.01726463953114421,0.0023960289000271584,0.0023960289000271584,1,0,1,1,1,2,0.03039059389612364,0.05268760846090452,0.006595781576190468,0.001447645617126074,-0.05032050609588623,0.3936680071055889,0.5561663561450585,0.010000004898756742,0.017320357945745615,0.2612335793673992,1.113024353981018
E080_box025_p2,box025_person2,178,3.56,2.983339300000005,32,0.10378628487967306,0.04673190651305465,0.7999137043952942,0.7999137043952942,0.7731354832649231,0.04732394686835778,0.04846320865506598,0.04732394686835778,0.016599063627096178,0.005267341042210882,0.005267341042210882,1,1,2,1,1,2,0.029283366881513048,0.05015536643450039,0.005835697930988314,0.004798864113462898,-0.031164824962615967,0.3621892035007477,0.5013421014246724,0.010000228881835938,0.017320617653372863,0.27265869081020355,1.1438958644866943
E080_box025_p2,box025_person2,179,3.58,3.000006000000005,32,0.10238685561319628,0.04525517160999586,0.7978184819221497,0.7978184819221497,0.7724593281745911,0.04847010626652787,0.046019247611826464,0.046019247611826464,0.01611403775333231,0.007243141013594412,0.007243141013594412,1,1,2,1,1,2,0.02810209144078983,0.04787690128701995,0.005572121563600477,0.005107361356897825,-0.024535775184631348,0.36900436133146286,0.509785242069732,0.010000348091125488,0.0173207036991705,0.2815074995160103,1.1907958984375
E080_box025_p2,box025_person2,180,3.6,3.016672700000005,32,0.09834230316629797,0.044184745180614986,0.7957688570022583,0.7957688570022583,0.7723294496536255,0.05195247230301797,0.04576217115976261,0.04576217115976261,0.01592076023508915,0.007052229833598156,0.007052229833598156,0,1,1,1,1,2,0.02695725992171133,0.045738039157140344,0.005435823405033672,0.006093130883313095,-0.03788214921951294,0.3424561470746994,0.4838899563812174,0.009999999776482582,0.017320492637071753,0.2888912558555603,1.146528959274292
E080_box025_p2,box025_person2,181,3.62,3.033339400000005,32,0.09534630887846522,0.044351156157553244,0.7936787009239197,0.7936787009239197,0.7720109224319458,0.05356139581706426,0.045969448892217935,0.045969448892217935,0.015077236267437621,0.006905827169533252,0.006905827169533252,0,1,1,1,1,2,0.025794491238781823,0.04362692550906566,0.005862439932290724,0.004568769903113043,-0.018510639667510986,0.3567589819431305,0.4923003531979746,0.010000109672546387,0.017320566037381455,0.29403841495513916,1.0394530296325684
E080_box025_p2,box025_person2,182,3.64,3.050006100000005,32,0.09171225873641589,0.04569478528007556,0.7916960716247559,0.7916960716247559,0.7711778879165649,0.052539762163828774,0.046579138417700394,0.046579138417700394,0.01239447744133465,0.006980888864414614,0.006980888864414614,0,1,1,1,1,2,0.024648191568856233,0.04177525172693211,0.005378956281969756,0.0006130778214617324,-0.02141737937927246,0.36518096923828125,0.48964130526708355,0.01000002771615982,0.017320242345298213,0.2962273359298706,0.7685480117797852
E080_box025_p2,box025_person2,183,3.66,3.066672800000005,32,0.08604659219576782,0.04760625415209197,0.7899842858314514,0.7899842858314514,0.7704305648803711,0.049730920097963593,0.046496440508142,0.046496440508142,0.010265374353630674,0.006923411174583949,0.006923411174583949,1,1,2,1,1,2,0.023645713480605707,0.04019008778298324,0.005162984164322557,0.0006278803367945788,-0.0012089014053344727,0.3816199116408825,0.5013138719297077,0.010000020265579224,0.017320169757138328,0.2995198480784893,0.7360297441482544
E080_box025_p2,box025_person2,184,3.68,3.083339500000005,32,0.08533292737712629,0.05049082841692259,0.7888303995132446,0.7888303995132446,0.7699268460273743,0.048816067223021065,0.04745769575970599,0.04745769575970599,0.009850975267017725,0.006538112047281219,0.006538112047281219,1,1,2,1,1,2,0.022903409733361725,0.03912726428604004,0.004641298401014016,0.0006648718551575631,0.018102943897247314,0.40209849551320076,0.5290253645837169,0.010000035166740417,0.017320247211755024,0.30343421176075935,0.669261634349823
E080_box025_p2,box025_person2,185,3.7,3.100006200000005,32,0.08586500049063299,0.05335549962700199,0.7881699800491333,0.7881699800491333,0.7695699334144592,0.04840351317465402,0.0483978239927178,0.0483978239927178,0.009122702086180878,0.006306916939687102,0.006306916939687102,1,1,2,1,1,2,0.02239215031912859,0.03831243878749026,0.004387442645086404,0.0005378825569672556,0.04591161012649536,0.4303208999335766,0.5653836964386177,0.010000050067901611,0.017320185624966487,0.30850202962756157,0.596990168094635
E080_box025_p2,box025_person2,186,3.72,3.116672900000005,32,0.08668619467281036,0.055840068000566415,0.7881367802619934,0.7881367802619934,0.7696484923362732,0.0484673060651733,0.04953852386728558,0.0484673060651733,0.007427731293032813,0.006546519582788346,0.006546519582788346,1,1,2,1,1,2,0.022276608925897515,0.03759651507092343,0.004803377286368698,0.0006678227957724417,0.07901793718338013,0.42476801201701164,0.6036308104040391,0.01000002771615982,0.017320518175755792,0.3118510954082012,0.578080415725708
E080_box025_p2,box025_person2,187,3.74,3.133339600000005,32,0.08779864468658712,0.058762528240737716,0.7886344194412231,0.7886344194412231,0.7697097063064575,0.048717707998696846,0.05088962009836967,0.048717707998696846,0.005845374941167214,0.006718878961206487,0.005845374941167214,1,1,2,1,1,2,0.02247204389868527,0.03692874289081857,0.005091481184965338,0.0006804837737129977,0.11153906583786011,0.4440390057861805,0.6436679736782224,0.01000002771615982,0.01732038268299691,0.3141646273434162,0.688718318939209
E080_box025_p2,box025_person2,188,3.76,3.150006300000005,32,0.08906159723687597,0.06277943037990288,0.7897048592567444,0.7897048592567444,0.7697174549102783,0.0494450663644152,0.05316703125835737,0.0494450663644152,0.00478023163888408,0.006705024241344559,0.00478023163888408,1,0,1,1,1,2,0.022913333423843524,0.03660258649368112,0.004758959669046234,0.0006995306077249942,0.08132129907608032,0.45442930795252323,0.709858659437473,0.010000050067901611,0.017320323532784506,0.31261817552149296,0.9804295301437378
E080_box025_p2,box025_person2,189,3.78,3.166673000000005,32,0.09043003106500899,0.06692230686064535,0.7912114858627319,0.7912114858627319,0.7698874473571777,0.05071262797134418,0.054760147745304855,0.05071262797134418,0.004300623878568222,0.006572750753963796,0.004300623878568222,1,0,1,1,1,2,0.023556170705907653,0.03648663423654385,0.004839335496309891,0.000694505621223983,0.09904634952545166,0.47029699571430683,0.7432477937100518,0.010000035166740417,0.017320247178935964,0.3124620486050844,1.1767581701278687
E080_box025_p2,box025_person2,190,3.8,3.183339700000005,32,0.09061963734180915,0.07210032822056334,0.7930524945259094,0.7930524945259094,0.7705838084220886,0.0524112736908699,0.05485775063799242,0.0524112736908699,0.005667417723226709,0.006032193667089125,0.005667417723226709,1,0,1,1,1,2,0.024345018155996448,0.036403499901216226,0.00578130936621385,0.0006891648195289648,0.08828991651535034,0.47150879190303385,0.7981581332399229,0.010000035166740417,0.017320453134235362,0.3103772609028965,1.483972430229187
E080_box025_p2,box025_person2,191,3.82,3.2000064000000052,32,0.09119304846235259,0.07578069648188082,0.7950358390808105,0.7950358390808105,0.771837592124939,0.05652849042479374,0.052734030440695634,0.052734030440695634,0.007412549134092672,0.0062865699369045736,0.0062865699369045736,0,1,1,1,1,2,0.02521183810609426,0.03619894612913059,0.007153289705548025,0.0006007905222680243,0.11371642351150513,0.4731128364801407,0.807693794691365,0.010000035166740417,0.017320247192066793,0.30905504524707794,1.558732032775879
E080_box025_p2,box025_person2,192,3.84,3.2166731000000053,32,0.09105736411108747,0.07553687087953255,0.7974754571914673,0.7974754571914673,0.774982750415802,0.05846124430066263,0.054007707495936474,0.054007707495936474,0.010444158320417452,0.009180972384724928,0.009180972384724928,0,0,0,1,1,2,0.02645301348600769,0.036546961002059584,0.008455427602453037,0.0005093631005345365,0.08604943752288818,0.44579192623496056,0.8090174523070293,0.01000070571899414,0.01732090640979813,0.30378445610404015,1.4228591918945312
E080_box025_p2,box025_person2,193,3.86,3.2333398000000053,32,0.08809164291534471,0.0753947320791392,0.8003012537956238,0.8003012537956238,0.7777000069618225,0.05932590242680297,0.05468335743604785,0.05468335743604785,0.014991382706004253,0.01185682734568122,0.01185682734568122,0,0,0,1,1,2,0.027949208361183808,0.03725890550785346,0.008805776895066526,0.000552803856891824,0.11415058374404907,0.4413876235485077,0.7986771263422529,0.00999999837949872,0.01732034988183328,0.2999528646469116,1.5880720615386963
E080_box025_p2,box025_person2,194,3.88,3.2500065000000053,32,0.08786447023910143,0.07639724922073556,0.803476095199585,0.803476095199585,0.7788954377174377,0.06203155276553235,0.054925654805943414,0.054925654805943414,0.024302148908029286,0.013316987606184438,0.013316987606184438,0,0,0,1,1,2,0.029365616093244652,0.038875865275134154,0.009437116164377434,0.0007224267437220815,0.10415953397750854,0.42289094626903534,0.7787952472656372,0.01000000536441803,0.017320505811934287,0.29691167175769806,1.6536482572555542
E080_box025_p2,box025_person2,195,3.9,3.2666732000000054,32,0.088171022473325,0.07713924898721622,0.8068462014198303,0.8068462014198303,0.7806985378265381,0.06590515860607943,0.054786118025419384,0.054786118025419384,0.03169693109646693,0.014989338335465396,0.014989338335465396,0,1,1,1,1,2,0.030641429178375423,0.04104169936043869,0.008528918860479472,0.0005529562206303,0.14310258626937866,0.42281031608581543,0.77131968393965,0.010000228881835938,0.017320630561316042,0.29738032817840576,1.6485445499420166
E080_box025_p2,box025_person2,196,3.92,3.2833399000000054,32,0.08844455186829858,0.07800801589029537,0.8104702234268188,0.8104702234268188,0.7847687005996704,0.06985828475705752,0.058365797815081166,0.058365797815081166,0.03465443325628942,0.016720930386651234,0.016720930386651234,0,0,0,1,1,2,0.03184311648866762,0.043769039159175356,0.0072555231332145755,0.0005356539805558143,0.17111831903457642,0.37592440098524094,0.7522448915597675,0.010000348091125488,0.017320687014303397,0.3043660447001457,1.6450837850570679
E080_box025_p2,box025_person2,197,3.94,3.3000066000000055,32,0.08854365594816718,0.07846636477949104,0.8143523931503296,0.8143523931503296,0.7887597680091858,0.07466607383273877,0.06174261091104655,0.06174261091104655,0.03928176428670288,0.02006303824741379,0.02006303824741379,0,0,0,1,1,2,0.03311415553427759,0.04663686771352385,0.005479861968486901,0.0004440803181609676,0.21281594038009644,0.3717159554362297,0.7659213341753667,0.010000467300415039,0.017320788647878987,0.31020020693540573,1.7148574590682983
E080_box025_p2,box025_person2,198,3.96,3.3166733000000055,32,0.08854887927298107,0.07717118703059962,0.8181791305541992,0.8181791305541992,0.7924413084983826,0.08043301366033456,0.06531784450396111,0.06531784450396111,0.051013780372423045,0.02915421923291156,0.02915421923291156,0,0,0,0,1,1,0.0342987803223017,0.049470508622322835,0.004369466969202695,0.0005220146603941754,0.23782390356063843,0.37750162929296494,0.7792477464787069,0.01000002771615982,0.01732037998709973,0.3188724145293236,1.8291937112808228
E080_box025_p2,box025_person2,199,3.98,3.3333400000000055,32,0.0885192969162264,0.07584831139119969,0.821907639503479,0.821907639503479,0.7961828708648682,0.08729583490598897,0.06981517431170586,0.06981517431170586,0.062262759760554454,0.038857113031969315,0.038857113031969315,0,0,0,0,1,1,0.03537830836124157,0.05206433182024715,0.0037403435583436774,0.0005269044335957359,0.27048540115356445,0.3763689547777176,0.8081512475306883,0.009999999310821295,0.017320290193738472,0.3282315582036972,1.9407559633255005
E080_box025_p2,box025_person2,200,4.0,3.3500067000000056,32,0.08843965246900201,0.07474137664723163,0.825394868850708,0.825394868850708,0.8001723885536194,0.0957468203724186,0.07581859890114057,0.07581859890114057,0.07233995629104245,0.05028830272578527,0.05028830272578527,0,0,0,0,0,0,0.03630047444495678,0.054082291582297416,0.004245447604408515,0.0005307029414962318,0.30024453997612,0.35885753482580185,0.8247752464844738,0.009999999310821295,0.015412732438317438,0.34215452522039413,2.1400482654571533
E080_box025_p2,box025_person2,201,4.02,3.3666734000000056,32,0.08837249589635282,0.07468968379619151,0.8286677002906799,0.8286677002906799,0.8038613200187683,0.10539803507463857,0.08350230762211402,0.08350230762211402,0.08184188166961531,0.061373354743509856,0.061373354743509856,0,0,0,0,0,0,0.037088679741490604,0.05556405512073289,0.005572651734447271,0.0005257797751972528,0.33129656314849854,0.3521863669157028,0.8540254889470937,0.009999999310821295,0.015412640281924113,0.3519427627325058,2.386928081512451
E080_box025_p2,box025_person2,202,4.04,3.3833401000000056,32,0.08845255174564269,0.07921088090752584,0.8317736983299255,0.8317736983299255,0.8062432408332825,0.1153645574211834,0.09264650876560593,0.09264650876560593,0.090044670890077,0.07021443382010745,0.07021443382010745,0,0,0,0,0,0,0.037834495036155415,0.056637894365297585,0.007423790637925536,0.0006260053070999438,0.3381893038749695,0.3401092514395714,0.827959442460429,0.01000000024214387,0.014323721958344401,0.35278528183698654,2.5267961025238037
E080_box025_p2,box025_person2,203,4.06,3.4000068000000057,32,0.08857792557107737,0.08278935673298671,0.8346764445304871,0.8346764445304871,0.8084085583686829,0.12539558669273926,0.10338938824847038,0.10338938824847038,0.09901405311728567,0.07956785333069,0.07956785333069,0,0,0,0,0,0,0.03850933790185951,0.057440169955044015,0.00942662603633918,0.0004433651493487228,0.3575630784034729,0.3575630784034729,0.8224057194651351,0.010000228881835938,0.014323970454250094,0.3501262813806534,2.649777889251709
E080_box025_p2,box025_person2,204,4.08,3.4166735000000057,32,0.08876287649942381,0.0815658761883438,0.8371824026107788,0.8371824026107788,0.8095793128013611,0.13557968426189643,0.11417286771068308,0.11417286771068308,0.11185686262336131,0.09114350411909283,0.09114350411909283,0,0,0,0,0,0,0.03899254948204356,0.057919080949939375,0.012614269184221615,0.0006947974283374898,0.36678075790405273,0.36678075790405273,0.755112115404497,0.00999999837949872,0.014214543832362127,0.33974258601665497,2.6561617851257324
E080_box025_p2,box025_person2,205,4.1,3.4333402000000057,32,0.08890868102410429,0.08062008250721732,0.8390940427780151,0.8390940427780151,0.8102846145629883,0.14481698953199967,0.12416446140098808,0.12416446140098808,0.12486048072236516,0.10282490976401332,0.10282490976401332,0,0,0,0,0,0,0.03907416838492167,0.05813466298356177,0.015442816018717633,0.0014320246902653022,0.3679925948381424,0.3679925948381424,0.7163646757007525,0.00999999837949872,0.01421496916505,0.33026907593011856,2.622560739517212
E080_box025_p2,box025_person2,206,4.12,3.4500069000000058,32,0.08889205232453787,0.07970983642942758,0.8401897549629211,0.8401897549629211,0.8087291717529297,0.15264330291379719,0.13146631121876845,0.13146631121876845,0.1383219763035866,0.11438678121835039,0.11438678121835039,0,0,0,0,0,0,0.038537407360375066,0.05813474840222311,0.0179819749501677,0.005322058187100344,0.38485223054885864,0.38485223054885864,0.6897634582177888,0.009999999310821295,0.014194432468632234,0.32518164813518524,2.6151251792907715
E080_box025_p2,box025_person2,207,4.14,3.466673600000006,32,0.08886381727365075,0.07936935210688405,0.8401979804039001,0.8401979804039001,0.8072590231895447,0.158071592163805,0.1357165197820756,0.1357165197820756,0.15103863903432563,0.1254918199540354,0.1254918199540354,0,0,0,0,0,0,0.03718292522262133,0.057772200342287604,0.020356624493922552,0.0045455410506467404,0.3893022835254669,0.3893022835254669,0.6633969050654885,0.009999999310821295,0.01419401447283215,0.321534238755703,2.5792150497436523
E080_box025_p2,box025_person2,208,4.16,3.483340300000006,32,0.08885480338412137,0.0808705711309472,0.8388872146606445,0.8388872146606445,0.8062283992767334,0.16071860868336857,0.13611819663154306,0.13611819663154306,0.1594630134255926,0.13369170008769443,0.13369170008769443,0,0,0,0,0,0,0.034911309479058704,0.05680472063032525,0.0221533719110644,0.0004893681747874976,0.3898351415991783,0.3898351415991783,0.6443424338325053,0.01000000024214387,0.01449146296826399,0.3204971179366112,2.5106778144836426
E080_box025_p2,box025_person2,209,4.18,3.500007000000006,32,0.08882849209410829,0.0833882648012269,0.8362172842025757,0.8362172842025757,0.8050546646118164,0.16054127163678383,0.13258881180118026,0.13258881180118026,0.16679075098661428,0.14087699713593788,0.14087699713593788,0,0,0,0,0,0,0.031784952247125464,0.055208667776046536,0.02390592260628588,0.00043567752470811223,0.39088934659957886,0.39088934659957886,0.6765477886001133,0.009999998845160007,0.014491539411218968,0.3203868493437767,2.4231741428375244
E080_box025_p2,box025_person2,210,4.2,3.516673700000006,32,0.08882655718349167,0.09131460008924396,0.8319438099861145,0.8319438099861145,0.8030971884727478,0.15852148512009528,0.12521036191856222,0.12521036191856222,0.167981610886138,0.14211145137941378,0.14211145137941378,0,0,0,0,0,0,0.0277877875153434,0.05253122732238873,0.024763103542986997,0.0005186749655328564,0.36004694923758507,0.36004694923758507,0.7185000121658097,0.010000228881835938,0.014586413604957079,0.32006385177373886,2.2653415203094482
E080_box025_p2,box025_person2,211,4.22,3.533340400000006,32,0.08880685224007194,0.09953453405623068,0.8263046741485596,0.8263046741485596,0.801159679889679,0.15518374236720073,0.1149010316094608,0.1149010316094608,0.16868582880690514,0.14223626697222763,0.14223626697222763,0,0,0,0,0,0,0.02318398178807976,0.0489320034840736,0.02537084977825704,0.0004051503047481227,0.3580828607082367,0.3580828607082367,0.7752267103389062,0.010000109672546387,0.014586327640711348,0.31983452290296555,2.7933478355407715
E080_box025_p2,box025_person2,212,4.24,3.550007100000006,32,0.0887529295264624,0.10705383536112344,0.8192725777626038,0.8192725777626038,0.7993389368057251,0.15208161078412447,0.10266633862641766,0.10266633862641766,0.16611770153498512,0.13583879156750206,0.13583879156750206,0,0,0,0,0,0,0.01806607442157429,0.04411550797516918,0.025362668983775552,0.0005000154842237899,0.29470694810152054,0.37492872669827193,0.7634241721921045,0.010000944137573242,0.014144056931190887,0.3184061273932457,3.225179433822632
E080_box025_p2,box025_person2,213,4.26,3.566673800000006,32,0.08869468321979447,0.11542966974917909,0.8112773299217224,0.8112773299217224,0.7974836230278015,0.14953005522174806,0.09035029472741768,0.09035029472741768,0.16365570762182585,0.12867514014652665,0.12867514014652665,0,0,0,0,0,0,0.012695510791314646,0.038342329902340586,0.02445599933273028,0.00047716952068453,0.2748451977968216,0.39436738259973936,0.7667307093840324,0.01000070571899414,0.014143887846093956,0.315856508910656,3.4644198417663574
E080_box025_p2,box025_person2,214,4.28,3.583340500000006,32,0.08862502769340959,0.12484196444069745,0.8027147054672241,0.8027147054672241,0.7954130172729492,0.14835196222675556,0.08023150419957642,0.08023150419957642,0.16155912342732442,0.11652504837320238,0.11652504837320238,0,0,0,0,0,0,0.00723810070108722,0.031974410235713964,0.023400852217644725,0.0004236447108782727,0.2535991556942463,0.3825515955686569,0.7341066503397643,0.01000058650970459,0.017320803444711756,0.3120422884821892,3.5790133476257324
E080_box025_p2,box025_person2,215,4.3,3.600007200000006,32,0.08856658970263548,0.13353332869250317,0.7989316582679749,0.7989316582679749,0.7935150861740112,0.1481071459739634,0.07194783318253656,0.07194783318253656,0.1596943048829948,0.10455161750759273,0.10455161750759273,0,0,0,0,0,0,0.005803159563211195,0.028511830703262207,0.0065465883333769076,0.0004068836757371259,0.22790499031543732,0.3662224691361189,0.6909088470072595,0.01000058650970459,0.017320812314490737,0.30613889545202255,3.139132261276245
E080_box025_p2,box025_person2,216,4.32,3.616673900000006,32,0.08857360334109615,0.14166698135589595,0.796475350856781,0.796475350856781,0.7927711606025696,0.1493382636961687,0.06733691144345905,0.06733691144345905,0.1591119441111199,0.09411309162062537,0.09411309162062537,0,0,0,0,0,0,0.005286358383089086,0.026148550023731926,0.002665767947250343,0.00022697102196813168,0.17769531160593033,0.31520989909768105,0.5970632559039287,0.010000467300415039,0.017320755572931435,0.30010271072387695,2.69998836517334
E080_box025_p2,box025_person2,217,4.34,3.633340600000006,32,0.08858001454769451,0.14880321505831656,0.7946776747703552,0.7946776747703552,0.7921194434165955,0.15166810144936121,0.06615393728139335,0.06615393728139335,0.15866196841831298,0.08437361735339816,0.08437361735339816,0,0,0,0,0,0,0.005055886900758588,0.024324473217969385,0.0015599652405902686,0.0002552660530924592,0.15562279522418976,0.28533831611275673,0.5540204961031504,0.010000467300415039,0.017320776275643872,0.2946944683790207,2.196554660797119
E080_box025_p2,box025_person2,218,4.36,3.650007300000006,32,0.08855369515181476,0.15385029140842685,0.793596088886261,0.793596088886261,0.7921313047409058,0.15401177830686802,0.06780892271949718,0.06780892271949718,0.15925819326636131,0.07985690484471736,0.07985690484471736,0,0,0,0,0,0,0.005105555397339125,0.02297539049847743,0.0009994571482594618,0.0005638985018141587,0.1492203325033188,0.2635335698723793,0.5498861433942779,0.010000467300415039,0.01732078999661632,0.2899071052670479,1.5801763534545898
E080_box025_p2,box025_person2,219,4.38,3.666674000000006,32,0.08851813065195835,0.15758474848657633,0.7931399941444397,0.7931399941444397,0.792087972164154,0.15613995032040434,0.07136852297620705,0.07136852297620705,0.15980247405374276,0.07642859158792631,0.07642859158792631,0,0,0,0,0,0,0.005381244518875977,0.021993799819307956,0.0007718000079970101,0.0005276357415889063,0.1323508769273758,0.2806153818964958,0.5456233788786193,0.010000001173466444,0.017320398806724056,0.28720834106206894,0.9863092303276062
E080_box025_p2,box025_person2,220,4.4,3.6833407000000062,32,0.08838091057486701,0.1561504149058112,0.7932381629943848,0.7932381629943848,0.7916145324707031,0.15792611552976094,0.07630460242660547,0.07630460242660547,0.16042457133762272,0.08118364144044748,0.08118364144044748,0,0,0,0,0,0,0.005817291657629904,0.021293183021649356,0.0002797824809074443,0.0005731262987857924,0.1584814190864563,0.29485220462083817,0.5561386140940057,0.010000109672546387,0.017320556903099187,0.289224274456501,0.8171423077583313
E080_box025_p2,box025_person2,221,4.42,3.7000074000000063,32,0.08825698019466807,0.15400561606003635,0.7938591837882996,0.7938591837882996,0.7910606861114502,0.15874008124325983,0.08159596268679609,0.08159596268679609,0.16130761604830252,0.08558486031783402,0.08558486031783402,0,0,0,0,0,0,0.006511313749800955,0.02094115761262559,9.506123170811612e-05,0.000626913937936934,0.1629793345928192,0.30959948897361755,0.5691275187040574,0.010000012814998627,0.0173202348255776,0.2925224304199219,0.8638496398925781
E080_box025_p2,box025_person2,222,4.44,3.7166741000000063,32,0.08822459961579367,0.15104675935623885,0.7948660850524902,0.7948660850524902,0.789826512336731,0.15815711853862496,0.08658430538156775,0.08658430538156775,0.16376906450494283,0.08977376937708498,0.08977376937708498,0,0,0,0,0,0,0.007490352804383267,0.02086032760438429,0.0005220467640566415,0.000504412548859551,0.15877488255500793,0.2961323484778404,0.5784652466750145,0.010000824928283691,0.01732098007802129,0.2945157513022423,0.9812090396881104
E080_box025_p2,box025_person2,223,4.46,3.7333408000000063,32,0.08819261891535503,0.14813163685745742,0.7961041331291199,0.7961041331291199,0.7887943387031555,0.15591449947329422,0.09034253244844664,0.09034253244844664,0.16598574311062125,0.09390281573292553,0.09390281573292553,0,0,0,0,0,0,0.008639347506271308,0.020967119723656023,0.0007817756606735464,0.0004894265908044681,0.17279398441314697,0.31276432424783707,0.6090377839732259,0.010000001639127731,0.017320489410473296,0.296701617538929,0.9324304461479187
E080_box025_p2,box025_person2,224,4.48,3.7500075000000064,32,0.08815875435275668,0.1485564892532688,0.7972419857978821,0.7972419857978821,0.7896303534507751,0.15305464791127626,0.09385136599240368,0.09385136599240368,0.16455393283681835,0.0991392294657078,0.0991392294657078,0,0,0,0,0,0,0.00970369449507709,0.021078688503224016,0.0006975251540017351,0.0006664450235495815,0.1689910590648651,0.3073958456516266,0.5842010585137765,0.010000035166740417,0.01732024717975644,0.2960096001625061,0.7319715023040771
E080_box025_p2,box025_person2,225,4.5,3.7666742000000064,32,0.08812027533867868,0.14860684130032575,0.798344075679779,0.798344075679779,0.7904491424560547,0.14940044914780498,0.09682965207035271,0.09682965207035271,0.16317075381689566,0.10431206695850898,0.10431206695850898,0,0,0,0,0,0,0.010592238158350128,0.021288670864884708,0.0007260655335967648,0.0006638292458726704,0.18981093168258667,0.31603145599365234,0.6065394469506318,0.010000109672546387,0.017320582699852555,0.29587462544441223,0.7470318078994751
E080_box025_p2,box025_person2,226,4.52,3.7833409000000064,32,0.08804051700365188,0.1481266465048236,0.7991490960121155,0.7991490960121155,0.7910932302474976,0.1453774234117961,0.09906258593509426,0.09906258593509426,0.1618544154785227,0.10930675105875037,0.10930675105875037,0,0,0,0,0,0,0.010894752526768324,0.0215091933362314,0.0008690116079837544,0.0006874001723718642,0.20569409430027008,0.33760858327150345,0.6105586051157358,0.01000000024214387,0.01732048860392012,0.2965954765677452,0.8545523881912231
E080_box025_p2,box025_person2,227,4.54,3.8000076000000065,32,0.08796592522572368,0.14777057210530833,0.7996813654899597,0.7996813654899597,0.7917311787605286,0.14149151611715366,0.10123568748069406,0.10123568748069406,0.16027395168484487,0.11409712533069322,0.11409712533069322,0,0,0,0,0,0,0.010451920089537554,0.021786072980047116,0.0008971805637479081,0.0006682760400667951,0.21980637311935425,0.33233314007520676,0.6074047693177297,0.010000348091125488,0.017320694549782405,0.29535017907619476,1.0162107944488525
E080_box025_p2,box025_person2,228,4.56,3.8166743000000065,32,0.08795959829075367,0.14960811872435226,0.7998303771018982,0.7998303771018982,0.7923011183738708,0.13777084769446807,0.10341221584010846,0.10341221584010846,0.156190001898796,0.11674985257074072,0.11674985257074072,0,0,0,0,0,0,0.008929472717834085,0.02205337406818071,0.0007190167220153323,0.0004520596039999507,0.22035056352615356,0.34512701630592346,0.614979971510287,0.010000002104789019,0.01560923956100909,0.2946496307849884,1.1823865175247192
E080_box025_p2,box025_person2,229,4.58,3.8333410000000065,32,0.087951636433565,0.15127146688441645,0.7994270920753479,0.7994270920753479,0.7928305864334106,0.13566788887276954,0.10689416470817154,0.10689416470817154,0.15215209194578588,0.1193902486211777,0.1193902486211777,0,0,0,0,0,0,0.0062601388814675085,0.02217448437052634,0.0005054708968143151,0.00043002632705216613,0.2173260748386383,0.3017845153808594,0.5621746192182081,0.010000001639127731,0.015609538416125477,0.29763002693653107,1.26911199092865
E080_box025_p2,box025_person2,230,4.6,3.8500077000000066,32,0.08792985764952194,0.15231519955649084,0.7984840273857117,0.7984840273857117,0.7928472757339478,0.13621602964977358,0.11233316368075136,0.11233316368075136,0.148559676066586,0.12201493333016938,0.12201493333016938,0,0,0,0,0,0,0.0026800257050360043,0.022230031997713756,0.0005740657829142595,0.0006690597033439131,0.18110787868499756,0.24416352808475494,0.4926234514028603,0.009999999310821295,0.01541518049063706,0.29515689611434937,1.202559232711792
E080_box025_p2,box025_person2,231,4.62,3.8666744000000066,32,0.08790738151454064,0.15418206577543817,0.799740195274353,0.799740195274353,0.7928890585899353,0.14339974964306496,0.12033454467418098,0.12033454467418098,0.14508198356734386,0.12462943329230264,0.12462943329230264,0,0,0,0,0,0,0.0028039451269292748,0.023732458538499875,0.0011224546216533093,0.0006658384878117055,0.15027737617492676,0.18175546824932098,0.4088197104082127,0.009999999310821295,0.015414850415340974,0.2851276397705078,1.0153499841690063
E080_box025_p2,box025_person2,232,4.64,3.8833411000000067,32,0.08786846861692248,0.1553609427114593,0.8013383150100708,0.8013383150100708,0.7932906150817871,0.1566991734903324,0.13334932063679633,0.13334932063679633,0.14337255777648034,0.12685587813034843,0.12685587813034843,0,0,0,0,0,0,0.0037141308617679655,0.02530048951444487,0.0022028059934106484,0.0006526479864254518,0.06929099559783936,0.10529622435569763,0.2619506213358701,0.01000070571899414,0.01732094514256031,0.2651364207267761,1.3163689374923706
E080_box025_p2,box025_person2,233,4.66,3.9000078000000067,32,0.08782973288991149,0.15737834332613113,0.8024458885192871,0.8024458885192871,0.7936756014823914,0.17568115442336468,0.15088120262187782,0.15088120262187782,0.1417001237003917,0.12915584734989122,0.12915584734989122,0,0,0,0,0,0,0.0044962206830771526,0.02522634195772195,0.008023253966958396,0.0006438566367535887,0.020093709230422974,0.10114794969558716,0.20746293527712542,0.010001063346862793,0.017321142482137206,0.23658126592636108,1.645677089691162
E080_box025_p2,box025_person2,234,4.68,3.9166745000000067,32,0.08778903347672004,0.16006394591628934,0.8031006455421448,0.8031006455421448,0.7937862873077393,0.20031802315488717,0.17443944955989982,0.17443944955989982,0.14082699081571398,0.1325365051648572,0.1325365051648572,0,0,0,0,0,0,0.005015653415743414,0.023959021409101923,0.01368041840755676,0.0003032578273343173,-0.04198262095451355,0.1135755404829979,0.24197941635756678,0.010000109672546387,0.014352246191431061,0.2004084512591362,2.158735990524292
E080_box025_p2,box025_person2,235,4.7,3.9333412000000068,32,0.08774739339084688,0.16327388838725065,0.8031063079833984,0.8031063079833984,0.7939167022705078,0.22860397657157366,0.20231262897558505,0.20231262897558505,0.1400112095322153,0.1358753812741223,0.1358753812741223,0,0,0,0,0,0,0.005034136672726133,0.021997377225541376,0.017089161957076604,0.00026213582699749526,-0.0754416286945343,0.1227099671959877,0.25321956934919726,0.01000058650970459,0.01435257402134832,0.162758469581604,2.4588143825531006
E080_box025_p2,box025_person2,236,4.72,3.950007900000007,32,0.0877068280068485,0.16702227771667658,0.8022959232330322,0.8022959232330322,0.7944323420524597,0.2587102989492162,0.23297667466941702,0.23297667466941702,0.14015742082094423,0.13838015188162384,0.13838015188162384,0,0,0,0,0,0,0.00439958314985036,0.019665463516698317,0.018199203163416555,0.0006337805776881404,-0.09915384650230408,0.14833198487758636,0.2545430203685869,0.009999999776482582,0.017320496938664963,0.16651982069015503,2.5936191082000732
E080_box025_p2,box025_person2,237,4.74,3.966674600000007,32,0.08766587338578934,0.17084888969069953,0.8006601333618164,0.8006601333618164,0.794940173625946,0.28803543764503675,0.26341579007559807,0.26341579007559807,0.1403159206005155,0.140802707298384,0.1403159206005155,0,0,0,0,0,0,0.003166506309151995,0.01721192852253895,0.017505626058870728,0.0006271290544737441,-0.10996520519256592,0.1361805647611618,0.23689021898662968,0.010000467300415039,0.01732076472022312,0.17039990425109863,2.491913080215454
E080_box025_p2,box025_person2,238,4.76,3.983341300000007,32,0.08762363656988628,0.17501014043320975,0.7983195781707764,0.7983195781707764,0.7952647805213928,0.3139350428391869,0.29092303566768335,0.29092303566768335,0.14072757097014904,0.14131223437341106,0.14072757097014904,0,0,0,0,0,0,0.0014330438256080352,0.014772538932041689,0.015007408245204652,0.00045878242938981214,-0.08125567436218262,0.10783922672271729,0.20592937147638485,0.009999997913837433,0.015417884712978294,0.17459207773208618,2.208245038986206
E080_box025_p2,box025_person2,239,4.78,4.0000080000000064,32,0.08758759250301232,0.17891223781289967,0.7954499125480652,0.7954499125480652,0.7955754995346069,0.33476623704808556,0.31346918608919433,0.31346918608919433,0.1411612837236324,0.14174792190304536,0.1411612837236324,0,0,0,0,0,0,-0.000623456316137673,0.0122525207260109,0.01211250686337436,0.0004330708243404868,-0.06473985314369202,0.06880305707454681,0.17384884254349495,0.010000348091125488,0.015418363111276296,0.17850804328918457,1.7873826026916504
E080_box025_p2,box025_person2,240,4.8,4.0166747000000065,32,0.08770845927763829,0.18198931379731015,0.7920491695404053,0.7920491695404053,0.7954735159873962,0.3496476498549706,0.3299932630583306,0.3299932630583306,0.14235096288690757,0.14000017515291102,0.14000017515291102,0,0,0,0,0,0,-0.002976304304076402,0.00927292090374155,0.009527725884036818,0.0006913110208423539,-0.0300542414188385,0.08950783126056194,0.18907119224842076,0.010000042617321014,0.015391812643491437,0.1814645528793335,1.4439787864685059
E080_box025_p2,box025_person2,241,4.82,4.0333414000000065,32,0.087825715676315,0.18478563079826066,0.7887626886367798,0.7887626886367798,0.7953855395317078,0.3590841983688073,0.34034871244185055,0.34034871244185055,0.14348286106494917,0.1382399778727333,0.1382399778727333,0,0,0,0,0,0,-0.0051508614861354995,0.006193095380212614,0.007845589867297652,0.0006732150584709621,-0.004531502723693848,0.10814144089818001,0.18971667268241707,0.010000228881835938,0.015392266933411983,0.18412810564041138,1.6728041172027588
E080_box025_p2,box025_person2,242,4.84,4.0500081000000066,32,0.08760983273737846,0.18690459643559168,0.7888683676719666,0.7888683676719666,0.7958564162254333,0.3627751874799218,0.34400408616720185,0.34400408616720185,0.14271751776408187,0.13616677090211055,0.13616677090211055,0,0,0,0,0,0,-0.00399527165067521,0.005837540740538175,0.004925023872745713,0.0006268517320402521,0.021034538745880127,0.1406930387020111,0.20643829291921456,0.010000467300415039,0.017320783264396403,0.18619686365127563,1.1338329315185547
E080_box025_p2,box025_person2,243,4.86,4.066674800000007,32,0.08740175003248253,0.1878321486385771,0.7895273566246033,0.7895273566246033,0.7963215112686157,0.3624818328262102,0.3426113114971538,0.3426113114971538,0.14195306289527604,0.13410863118994704,0.13410863118994704,0,0,0,0,0,0,-0.0026016426879718613,0.0058343904849610245,0.003348455032159169,0.0006178649516352523,0.038094863295555115,0.1333293840289116,0.19846765329779423,0.010000467300415039,0.017320785978699977,0.18712884187698364,0.8266973495483398
E080_box025_p2,box025_person2,244,4.88,4.083341500000007,32,0.08736605725005275,0.18684514879269942,0.7899349927902222,0.7899349927902222,0.7964349389076233,0.3597600937615751,0.3382506899713604,0.3382506899713604,0.14134721043362058,0.13298755276657676,0.13298755276657676,0,0,0,0,0,0,-0.0017365540254362585,0.005445829515032002,0.0023856504348555014,0.0006787656315297427,0.03567354381084442,0.10672834515571594,0.16900753767408438,0.01000002771615982,0.017320171375612533,0.18631356954574585,0.772005558013916
E080_box025_p2,box025_person2,245,4.9,4.100008200000007,32,0.08733120401998676,0.185508425673348,0.7903243899345398,0.7903243899345398,0.7965472936630249,0.3563055719300036,0.3326906856262721,0.3326906856262721,0.1407481879231875,0.13186733513206844,0.13186733513206844,0,0,0,0,0,0,-0.001157452089582782,0.0051987961312647685,0.0011392350953260562,0.0006723719859120198,0.043939486145973206,0.08318566903471947,0.1444625206259373,0.010000050067901611,0.017320255799929744,0.18513339757919312,0.672787070274353
E080_box025_p2,box025_person2,246,4.92,4.116674900000007,32,0.08729371670650177,0.1837899609716196,0.7908388376235962,0.7908388376235962,0.79653000831604,0.3533313770842245,0.32722842360406595,0.32722842360406595,0.14087899549220967,0.13074669358649288,0.13074669358649288,0,0,0,0,0,0,-0.0006994084940514164,0.0054040208793283695,0.0007103488569597423,0.0004772622433769509,0.03434017300605774,0.08907878398895264,0.13369866146150006,0.010000109672546387,0.017320583247395986,0.18361568450927734,0.429932564496994
E080_box025_p2,box025_person2,247,4.94,4.133341600000007,32,0.08725640153863548,0.1823250267736823,0.7911663055419922,0.7911663055419922,0.7965127825737,0.3512249890134373,0.32232101939558494,0.32232101939558494,0.1410158515502215,0.12961879945577987,0.12961879945577987,0,0,0,0,0,0,-0.0006069641107271581,0.005611042213409426,0.000458691374942508,0.00047801457512793,0.04369628429412842,0.0704292367445305,0.11968611088368414,0.010000109672546387,0.01732056495583416,0.18224090337753296,0.3488408625125885
