# https://github.com/mikedh/trimesh
v 0.22111151 0.16077401 -0.07942550
v -0.07636275 0.18126325 0.17807925
v 0.07318407 0.07217341 0.27057675
v -0.19837350 0.07197463 0.23113462
v 0.22000401 0.17193800 0.01174200
v -0.19156775 0.02186897 0.04270353
v 0.22690250 0.17909569 0.04484656
v 0.02531338 0.16463612 -0.29441875
v -0.14453432 -0.17798637 0.23583731
v -0.13928075 -0.16919300 0.23060638
v -0.07474050 0.18509850 0.19454449
v 0.13042825 0.17503326 0.30365899
v 0.16432451 -0.18347950 0.22154650
v 0.23064101 0.16379100 -0.03890819
v 0.23208281 0.16678232 -0.08973150
v -0.08141800 0.18472500 0.11330000
v -0.07720681 0.18497218 0.10047200
v 0.23055828 0.16480884 -0.01218606
v -0.17660500 -0.06880200 -0.25791100
v -0.22646962 0.18358250 -0.25836501
v -0.12959801 -0.18203899 0.21883300
v -0.13369638 -0.18406281 0.22411850
v -0.13793790 -0.18167774 0.24522808
v 0.15817600 0.15729900 0.27589500
v 0.18154700 0.18255800 0.28667101
v -0.00593400 -0.03187200 0.25907299
v 0.22524200 0.17862400 0.12678500
v 0.20163301 0.16812851 0.19466899
v 0.20882849 0.17099950 0.18902551
v 0.20254309 0.15535563 0.17199719
v -0.07800250 0.18582650 0.00585700
v 0.00208775 0.19047487 -0.29418287
v 0.20038100 0.14890400 0.17478150
v -0.03182700 0.18495300 -0.17077650
v -0.07716225 -0.16304387 0.12653907
v 0.19939187 0.16629088 0.28358024
v 0.21018501 0.14963400 0.15671000
v 0.18565662 0.05196688 -0.05321475
v -0.02760888 0.16463256 -0.29616863
v -0.05769000 -0.14748600 0.25310400
v -0.00168700 0.19479950 -0.29238600
v 0.23646475 0.16616063 0.12647988
v 0.05387431 0.17834701 0.30787593
v 0.01570600 -0.16187000 -0.09538650
v -0.07459225 0.18563101 -0.07741850
v -0.16535875 -0.18094325 0.24178050
v 0.22488025 0.16733225 0.22576974
v -0.06621825 0.14204350 -0.29126281
v 0.19658360 0.11160190 0.19131978
v -0.05630425 0.15168574 -0.31790525
v -0.01994200 0.18014200 -0.28200299
v -0.01161375 0.18124306 -0.28373986
v -0.07260550 0.14931449 -0.30322650
v -0.20501976 0.10840325 0.05718650
v -0.19993532 0.10694660 -0.03188759
v -0.20463599 0.10991600 0.03023700
v 0.01624700 -0.16168299 0.06699300
v -0.19602656 0.08008216 -0.15427281
v -0.07476237 0.18474178 -0.28385401
v -0.20262600 0.10224300 -0.09498300
v -0.20587200 0.12833400 -0.03860700
v 0.07365063 -0.16311949 0.01306162
v -0.20146032 0.09391806 -0.12550369
v 0.13400351 -0.17445669 -0.25261250
v -0.23370950 0.16665931 0.16838187
v -0.23701282 0.16858219 0.17750882
v -0.22887500 0.16945900 0.16492300
v -0.03494400 -0.16281900 -0.08471600
v -0.23650350 0.17013900 0.15831850
v -0.16778725 0.17633709 -0.07525010
v -0.11223700 0.16533449 -0.31176811
v -0.11215887 0.16852938 -0.31846738
v -0.23713581 0.16939931 0.14494513
v -0.20400800 0.11928600 -0.16582800
v -0.21695900 0.17805000 0.04676900
v -0.22587700 0.17697200 0.05113300
v -0.20657399 0.13992850 -0.15773100
v -0.23740301 0.17242950 0.05680700
v 0.17000625 -0.17232606 -0.17452888
v -0.21105149 0.17248450 -0.05980850
v -0.21148001 0.17525400 -0.06039600
v -0.16863756 -0.11069769 -0.26008219
v 0.15611881 0.17734681 0.16588444
v -0.20913750 0.17483275 -0.10061475
v -0.21002300 0.16608350 -0.12387650
v 0.16203763 -0.18458800 0.20815450
v -0.21254712 0.17751387 -0.09992938
v -0.20929700 0.17297700 -0.12106350
v -0.22875600 0.18460301 -0.24381600
v -0.22974750 0.18010101 -0.24393700
v 0.17318612 -0.17093681 -0.06850531
v -0.20849200 0.19153300 -0.02929600
v -0.23640025 0.16681075 -0.06386850
v -0.23498251 0.16734900 -0.09535900
v -0.23068149 0.16833600 -0.10567000
v -0.18815981 0.16946276 -0.29720113
v -0.20980801 0.17612700 -0.19670750
v 0.18384300 -0.00729950 0.20620850
v -0.20265837 0.16889194 -0.29868674
v 0.04229100 0.16262899 -0.29218149
v 0.13031575 -0.18875299 0.22145750
v 0.13048799 -0.19645301 0.22415200
v 0.14994025 -0.18919200 0.21354949
v 0.02447163 0.18209188 0.29668024
v -0.05345750 -0.01604650 -0.27672124
v -0.04251250 0.00075700 -0.27967626
v 0.20080251 0.14614725 0.16388425
v 0.02456700 0.18521450 0.29485500
v 0.00165300 0.01880700 0.26249599
v 0.01162853 0.18107823 0.29763016
v 0.00686762 0.18415675 0.29401612
v -0.01562862 0.18489869 0.29310074
v -0.01959600 0.18349862 0.29306638
v 0.00148425 0.18373950 0.29248524
v 0.02229650 0.18613400 0.28752112
v -0.10566175 0.00118025 0.26125664
v -0.03307962 0.18943563 0.28729564
v -0.03317550 0.18674999 0.29079199
v -0.03084287 0.18724012 0.28187799
v -0.17728725 -0.16929613 0.21512350
v -0.17908418 -0.16626963 0.21094094
v -0.18266425 -0.16345274 0.21450950
v -0.18192875 -0.16890088 0.21567576
v -0.18184000 -0.16993700 0.21840601
v -0.17348363 -0.16698113 0.22870162
v 0.11460000 -0.16793001 0.24359500
v 0.05714131 0.16183944 -0.31611019
v 0.12242200 -0.16410500 -0.02382200
v 0.12521131 -0.16589563 -0.03210387
v 0.15562956 -0.18802218 -0.22829306
v 0.16127650 -0.18298925 -0.23148775
v 0.15918843 -0.18338338 -0.23678406
v 0.16927919 -0.17095560 0.01522416
v 0.17824000 -0.02366500 0.22687100
v 0.17907813 -0.02364131 0.21472646
v 0.16561656 -0.16858791 0.02829919
v 0.15760525 -0.16904651 0.03926350
v 0.16517307 -0.17052984 0.04275797
v 0.16801310 -0.18441710 -0.22020744
v 0.15164612 -0.18454312 -0.21683188
v 0.17241852 -0.17174958 0.00653044
v 0.15689437 -0.18286707 -0.21817763
v 0.05821937 0.15984724 -0.30915588
v 0.16973275 -0.17324887 0.01916938
v 0.15591975 -0.17810975 -0.22594425
v 0.15612850 -0.17835926 -0.22635050
v 0.14782825 -0.18913263 -0.22676857
v 0.12125600 -0.16770700 0.20493101
v 0.13015474 -0.17389800 0.20436975
v 0.15618193 -0.18787138 -0.24039100
v 0.16320474 -0.17267250 -0.23478663
v 0.11641300 -0.17346574 0.22150500
v 0.16640200 -0.16800401 0.06317700
v 0.07867103 0.16300718 -0.31696320
v 0.04639119 -0.17179775 0.25182438
v -0.22047225 0.18923900 -0.25373474
v 0.11480619 -0.18321137 0.23279338
v 0.11412869 -0.17819788 0.24300852
v 0.11336747 -0.18442762 0.24829559
v 0.16721487 -0.17031002 0.10428257
v 0.15660276 0.18777238 0.27151725
v 0.15395738 -0.16937150 -0.21485962
v 0.11722950 -0.18750288 0.22979872
v 0.11532025 -0.18401156 0.24089475
v 0.17183250 -0.17052700 0.07007600
v 0.16904549 -0.17170787 0.07145257
v 0.13778900 -0.18277037 0.20415625
v 0.12656488 -0.18401276 0.20806175
v 0.14555831 -0.18829137 -0.23680687
v 0.14138837 -0.19491607 -0.24014582
v 0.12021444 -0.18693428 0.22016391
v 0.12634300 -0.19202113 0.21711981
v -0.00260855 0.18421671 -0.02884700
v 0.15159650 -0.16926099 -0.21540950
v 0.18050300 -0.00867900 0.21167800
v 0.16535045 -0.18422630 0.19784918
v 0.14491935 -0.18104738 -0.21379022
v 0.16006500 -0.18409000 0.23495100
v 0.14844343 -0.18586731 -0.22175406
v 0.13089050 -0.19036750 0.23359337
v 0.12732400 -0.19298001 0.23045400
v 0.01891375 0.19084369 0.28487727
v 0.16099612 -0.17008750 0.19943863
v 0.14016300 -0.19343600 0.23074999
v 0.14971700 -0.17773813 0.20419700
v 0.13699250 -0.19634700 0.21964450
v 0.14053901 -0.19532375 0.22352475
v 0.14946100 -0.18344100 0.24430600
v 0.18000156 -0.00623456 0.20281819
v 0.14508000 -0.18464300 0.24522600
v 0.14697500 -0.18284000 0.24531250
v 0.15877800 -0.18216525 0.20144737
v 0.16005801 -0.18118438 0.19655751
v 0.15253638 -0.18450344 0.20653000
v 0.14360353 -0.18631193 0.23646145
v 0.16461700 -0.18492100 0.18919000
v 0.16674100 -0.17557000 0.18679100
v 0.15339912 -0.18694612 0.22076069
v 0.14745288 -0.18676625 0.23736513
v -0.19643015 0.02314930 0.20102528
v -0.08052331 0.18293613 0.09190562
v -0.23313987 0.16932587 -0.22790550
v -0.21996753 0.16964138 -0.28079081
v 0.13155174 -0.19355625 -0.24087350
v 0.13446188 -0.19610962 -0.23207125
v 0.14481813 -0.18526962 -0.24551500
v 0.14851999 -0.18332550 -0.25680801
v -0.23008312 0.16864216 -0.23928478
v -0.23373047 0.16873360 -0.21239606
v -0.21722850 0.16942675 -0.26665500
v -0.20857628 0.17616984 -0.29051074
v -0.20306006 0.17629050 -0.28942937
v 0.18253410 0.00320384 0.20814271
v -0.21712700 0.18110850 -0.28051049
v 0.22664669 0.17900963 -0.20395869
v 0.01439798 0.10421669 -0.28730616
v -0.18309738 -0.16390394 0.20403363
v 0.16097425 -0.00650969 0.25954601
v 0.15910076 -0.00982650 0.25665200
v -0.18735918 -0.03715359 0.00037634
v -0.23253800 0.18380301 -0.12712000
v -0.22608151 0.17710701 -0.17030050
v -0.22549431 0.17715882 -0.14535631
v -0.23548831 0.16797468 -0.16119006
v -0.23094425 0.18240288 -0.21428488
v -0.23076232 0.18291318 -0.21404569
v 0.13377425 -0.16804488 -0.21527988
v -0.23489669 0.16843535 -0.17396425
v 0.06817147 0.14797688 -0.29777205
v -0.22383025 0.17203350 -0.19635449
v -0.22654435 0.17584032 -0.18090260
v 0.06795431 0.14297363 -0.29123268
v 0.06392700 0.14249450 -0.29058337
v -0.19399685 0.18891928 -0.21456821
v -0.21021850 0.17786400 -0.21887150
v -0.20711894 0.17529300 -0.22213712
v -0.22033857 0.16273500 -0.20188938
v -0.22067162 0.15464149 -0.19590588
v -0.21923856 0.16545150 -0.19681881
v -0.22939578 0.16874385 -0.16469166
v -0.23194394 0.16720025 -0.14095238
v -0.19108699 0.18223999 -0.23636401
v -0.19314501 0.18468601 -0.24293201
v -0.22715312 0.17642835 -0.12420747
v -0.23625763 0.16741750 -0.12674412
v -0.22759338 0.17663462 -0.09880725
v 0.14060113 -0.19213726 0.21397950
v -0.07506325 0.14236650 0.27754724
v -0.22942343 0.17414257 -0.09440844
v 0.15729076 0.00671750 0.26159325
v 0.15344000 0.00041100 0.25999901
v -0.23031700 0.17079400 -0.08596200
v -0.18966800 0.17245300 -0.27108026
v 0.04803400 0.15965749 0.30680600
v -0.19553250 0.18407513 -0.19790837
v -0.19619937 0.18307550 -0.16514450
v -0.23826909 0.16796485 -0.05738294
v -0.19642051 0.18861049 -0.17234901
v -0.16835700 0.18345100 -0.27609801
v -0.16736706 0.18874303 -0.27560511
v 0.07911900 -0.16317201 0.01250100
v -0.18173775 0.16182300 -0.28063750
v -0.23004550 0.17282151 -0.07095600
v -0.22963750 0.17314869 -0.07424787
v 0.11705700 -0.18727775 -0.24103300
v -0.16334000 0.17713800 -0.29038599
v -0.03756666 0.18205400 0.30279475
v -0.21357037 0.18808438 -0.27455938
v -0.19786510 0.18762219 -0.12826028
v 0.16156100 0.01729700 0.26065999
v 0.15541112 0.02297025 0.26110438
v 0.20720944 0.17179288 -0.28697726
v 0.03786400 -0.16451050 0.20692749
v 0.01521625 -0.16291624 0.20534000
v -0.18026733 -0.16686651 0.05621340
v -0.22202501 0.17565200 -0.27332899
v -0.16902800 0.17494699 -0.28735200
v -0.16434100 0.17804800 -0.29236001
v -0.20887181 0.16317888 -0.19720368
v -0.23158599 0.17033462 -0.03062838
v -0.23367612 0.16745700 -0.03357987
v -0.15686625 0.18299244 -0.27798262
v -0.15038849 0.18845825 -0.27823049
v -0.16385865 0.18032156 -0.20362988
v 0.12127600 -0.16854000 -0.21835700
v 0.12366069 -0.17225081 -0.23463681
v -0.15713875 0.16646650 -0.31423324
v -0.16956624 0.18163750 -0.22708049
v -0.23421025 0.16691850 -0.00239750
v -0.23816569 0.16712187 0.01113906
v -0.23791641 0.16739678 0.02877116
v -0.23908822 0.16834234 0.02873741
v 0.18521731 0.04677938 0.19928169
v -0.23195150 0.17367876 0.02330850
v -0.18617409 -0.16626874 0.06985951
v -0.14266551 0.18414250 -0.28103650
v -0.13050707 0.18847947 -0.28042889
v -0.01148888 -0.17105906 0.25250518
v -0.21073900 0.16401300 -0.08822800
v -0.21020424 0.17028375 -0.06874700
v -0.23427013 0.16719213 0.01250650
v 0.20226675 0.14370126 0.17443225
v 0.19946425 0.14178850 0.17586750
v -0.14451000 0.16596200 -0.30884400
v -0.03698500 0.00392700 -0.27788001
v -0.16646118 0.17755818 -0.18010637
v -0.19972128 0.18721624 -0.05757394
v -0.20007034 0.18688673 -0.01395138
v -0.12639296 0.18277611 -0.27960038
v 0.11824800 0.17924400 0.04225900
v 0.11511625 0.18371856 0.02894350
v -0.23898986 0.16802646 0.05633044
v -0.04280575 0.17572825 0.28735176
v -0.23218088 0.17378512 0.05801538
v -0.13394549 0.16730350 -0.31724775
v -0.13370100 0.16987850 -0.31655851
v -0.23790900 0.17038250 0.07540050
v -0.23757158 0.16694370 0.08040676
v -0.23224775 0.17491788 0.09572513
v -0.13189951 0.16820475 -0.30846000
v -0.12298775 0.16852075 -0.30913749
v -0.01855919 -0.16655350 0.25406480
v -0.03601200 -0.16901299 0.25521600
v 0.19575749 0.18828350 -0.26149750
v 0.19646975 0.18826850 -0.26147100
v -0.11581262 0.18016863 -0.31704000
v -0.13332835 0.17944169 -0.31604385
v -0.10116400 0.18347500 -0.31471899
v 0.03095200 -0.16173100 0.02613900
v -0.13434200 0.18232000 -0.24847800
v -0.15675232 0.17909190 -0.23174971
v -0.14357249 0.18319331 -0.23096862
v -0.13724332 0.17805193 -0.23506032
v -0.23830225 0.16872700 0.10119850
v 0.04085950 -0.16304250 0.01595850
v 0.03730650 -0.16206200 0.01453700
v 0.12844034 0.17276761 -0.30832660
v 0.12327407 0.17455068 -0.30811095
v 0.08286675 0.06952737 -0.28004244
v 0.18693075 0.06960725 0.23628850
v 0.01509128 0.15939771 0.31184649
v 0.18697250 0.06857050 0.20056650
v -0.13375638 -0.16719501 -0.25649613
v -0.13430326 0.18212774 -0.23414563
v -0.21225688 0.17374706 0.03131694
v -0.21280584 0.17583415 0.03233328
v 0.09934700 -0.16611050 -0.21733800
v -0.20636137 0.19049218 0.06434850
v 0.01943500 0.16928799 0.28257051
v -0.20135701 0.18784501 0.03552500
v -0.19986287 0.18372962 0.04992225
v -0.16956888 0.17989069 -0.06548850
v -0.17133157 0.18097657 -0.09825262
v 0.02912681 0.18514800 0.28192055
v -0.02340972 0.17928712 0.29791191
v -0.03392662 -0.15968625 0.25419164
v -0.13601419 0.18104741 -0.20114128
v -0.18251733 -0.16824415 -0.14239964
v -0.13074538 0.18514784 -0.20495041
v -0.14051300 0.17821001 -0.19268601
v -0.06289600 0.15190300 0.30479050
v 0.00317312 0.17188506 0.28005302
v 0.05507950 -0.16442275 -0.12800124
v -0.21408087 0.17737788 0.05566737
v -0.06556900 0.13469200 0.27642500
v -0.23247765 0.17488907 0.13405006
v 0.16711387 0.16328922 -0.30739543
v 0.16259851 0.17498524 -0.31025249
v 0.00299600 0.16176400 0.28349000
v -0.21143851 0.16089000 0.03710800
v -0.21196800 0.16366200 0.04071150
v 0.09243200 -0.16300900 -0.17070299
v -0.21269825 0.17676012 0.08205950
v 0.16061901 0.07238400 0.26700950
v 0.15184274 0.06824063 0.26548201
v -0.21040250 0.17324001 0.08074100
v 0.15488450 0.18353587 -0.25426757
v -0.10980400 0.18245976 -0.23767950
v 0.06949892 0.10224365 -0.28623560
v -0.02922400 -0.16137800 0.20277900
v 0.03378700 0.18712901 0.27537400
v 0.18976934 0.08726647 0.10465475
v 0.07568838 0.18168600 -0.01299138
v -0.04698012 0.11348650 0.27466825
v -0.19919020 0.18157880 0.09132285
v -0.09631200 0.17825775 -0.31787974
v -0.10475675 0.17788149 -0.31744900
v -0.16727594 0.17616013 -0.04297947
v -0.16972585 0.17969641 -0.01779356
v -0.16883169 -0.17230424 -0.23206706
v -0.06660219 -0.16998015 0.25147912
v -0.05814625 -0.17116100 0.25009751
v -0.23182181 0.17505738 0.15757824
v -0.22904168 0.16763838 0.16287600
v -0.13921712 0.17655200 -0.11658700
v -0.14013951 0.17642237 -0.16240087
v -0.13620991 0.17999965 -0.12805174
v -0.05787925 0.18635450 0.28731400
v -0.17838150 -0.16783801 -0.18048850
v -0.10629700 0.16824549 -0.30910251
v -0.09388625 0.16937874 -0.31064600
v -0.09292800 0.17413200 -0.31224400
v -0.18274191 -0.16490607 -0.15249972
v -0.23159687 0.16703101 0.18937978
v -0.21091616 0.17637306 0.12369172
v -0.20015971 0.18708993 0.13769263
v -0.01912075 0.15868525 0.28127849
v -0.03385450 -0.16294375 0.18899851
v -0.16861810 0.17675947 -0.00821784
v -0.19644150 0.18010475 0.13047053
v -0.20922901 0.17536099 0.12281300
v -0.22523406 0.17751403 0.18906119
v -0.11048500 0.18075800 -0.20458201
v -0.10874400 0.18567900 -0.20897201
v -0.18417600 -0.16998681 -0.07611918
v -0.16688401 0.17575200 0.00607300
v -0.17201801 0.18071100 -0.00365700
v -0.20489000 0.19047700 0.17534401
v -0.23068650 0.17624575 0.21411732
v -0.22867350 0.17624350 0.23656300
v -0.18932331 0.07176619 -0.25784856
v -0.06752500 -0.16584800 0.24507500
v -0.06181425 -0.16667363 0.24012750
v 0.16531850 0.17646199 -0.24396551
v -0.10775300 0.18172701 -0.20376550
v -0.19856951 0.18179549 0.15915343
v -0.22635125 0.17747088 0.23760276
v 0.16906568 0.18775725 -0.25632656
v -0.19531566 0.07241900 -0.22237065
v -0.09419775 0.16547699 -0.31159526
v -0.17359850 -0.15462776 -0.25054750
v -0.17331456 -0.16793425 -0.24930294
v -0.21547849 0.17782950 0.18733525
v 0.14314450 0.18115801 -0.25450861
v -0.08205000 0.17506699 -0.29310101
v -0.07193400 0.17701501 -0.29553500
v -0.22733399 0.16818987 0.21083607
v -0.23029862 0.17404087 0.20540375
v 0.19653501 0.12608400 0.19159800
v -0.21139750 0.16957524 0.17312326
v 0.19645900 0.12101300 0.18167999
v -0.01092175 0.18941250 0.30686200
v -0.04941850 0.14175799 0.27768701
v -0.17364299 0.07497225 -0.27745476
v -0.17370525 0.07143450 -0.27339244
v -0.19843325 0.09653969 -0.10035069
v 0.22737776 0.16460350 0.16799575
v -0.20346844 0.10970213 -0.03935750
v 0.11824319 -0.16972353 0.23938362
v -0.17049715 0.17962819 0.07506066
v 0.12232888 -0.17044225 0.23673150
v 0.04572875 -0.17332944 -0.26330534
v 0.04184762 -0.17174694 -0.26230976
v -0.07181337 0.17400201 -0.31264749
v -0.06004975 0.17726637 -0.31832764
v -0.06378775 0.18130974 -0.31655249
v -0.22172700 0.15601601 0.18242800
v -0.16149300 0.17590600 0.08818900
v -0.16800600 0.17582700 0.09535600
v -0.21078713 0.15554112 0.18793163
v -0.21141875 0.17190850 0.18536675
v -0.19780737 0.09748256 -0.09373781
v -0.18111500 -0.16467300 -0.04708200
v 0.19478150 0.10080000 0.06684350
v -0.08902300 0.17169400 -0.31775451
v -0.06413325 0.16494299 -0.31876701
v -0.07030975 0.16442400 -0.31384826
v 0.20322120 0.13810170 0.18497434
v -0.11397200 0.07916800 0.26971400
v -0.07491175 -0.17048050 -0.26482975
v -0.07711087 -0.17058600 -0.26371461
v 0.19730476 0.12275900 0.18433724
v -0.22217600 0.14240600 0.18291162
v -0.21203175 0.15883972 0.18298000
v 0.19477856 0.16259788 0.27778295
v 0.22689749 0.16515750 0.18476850
v 0.22348200 0.16038187 0.17739093
v 0.22730832 0.15189350 0.13037124
v 0.22431076 0.14055374 0.12792926
v -0.10856590 0.18080994 -0.05779528
v 0.23175706 0.15160170 0.11378373
v 0.03810525 0.18156800 0.29276374
v -0.10513332 0.18475248 -0.11622015
v -0.20967899 0.17643300 0.27108550
v -0.22073650 0.17818250 0.25057399
v -0.15964375 0.07137913 -0.27860430
v 0.20089000 0.16497976 0.26776674
v 0.00996863 0.15460387 0.30870476
v -0.22175451 0.14495800 0.18697375
v 0.02135234 0.15460891 0.30832466
v 0.19951075 0.18796375 -0.24136250
v 0.21675424 0.16541575 0.21358275
v -0.03868039 0.07011550 0.26517364
v -0.19569550 0.18299663 0.22595325
v 0.19182900 0.10005050 0.04856000
v -0.21396799 0.17141500 0.26206601
v -0.05383875 0.19104013 -0.29313099
v -0.05309613 0.19294438 -0.29716238
v 0.10276350 0.17943101 0.02634700
v 0.21775900 0.16788700 0.22457200
v 0.21904562 0.16366063 0.19196431
v 0.22040112 0.17133242 0.21240728
v -0.21935900 0.17053100 0.26844150
v 0.10939837 0.07255775 0.27044931
v 0.21713263 0.16401587 0.18956888
v -0.06847294 0.14649144 -0.31011924
v 0.02962491 -0.01413438 -0.27657267
v -0.07817341 0.18453847 -0.20614222
v -0.07823700 0.18199000 -0.20113100
v -0.07464800 0.18526100 -0.17926700
v 0.03268850 0.15577950 0.28702199
v 0.11752231 0.17856935 0.03138975
v 0.11564600 0.17841400 0.02814800
v 0.21197200 0.17857599 0.26051399
v -0.05094375 0.18268350 -0.28481638
v 0.12090200 0.06840631 0.26694137
v -0.07278719 0.16033925 0.29896307
v -0.07708775 0.16545537 0.29849675
v -0.17093532 0.17985794 0.12683834
v 0.03022150 0.15915918 0.28438106
v -0.20914949 0.18532600 0.27094501
v -0.19770674 0.17389426 0.24891475
v -0.20528482 0.17372018 0.23342125
v 0.19592901 0.16835999 0.27573976
v -0.08437012 0.18199125 -0.18999600
v -0.08346600 0.18167000 -0.18978600
v 0.20814601 0.15243657 0.18603431
v 0.20034200 0.15257651 0.18843400
v 0.19845800 0.13866550 0.18977199
v -0.13512599 -0.16268300 -0.16320901
v -0.13520201 0.18006200 0.02853000
v -0.07413013 0.16074575 0.28902456
v -0.19141400 0.04407100 -0.24818601
v 0.11667413 0.18451613 -0.27874899
v 0.22500899 0.17623401 0.18579251
v 0.22571787 0.17430025 0.19423351
v 0.21758001 0.17355300 0.19861899
v 0.22056150 0.16876787 0.19511437
v 0.16654500 -0.16958800 0.19819500
v 0.19540375 0.10432050 0.06735275
v -0.05885850 0.18603276 -0.21277875
v 0.18165487 0.16327944 0.28434318
v -0.06742800 0.18081588 0.30272368
v -0.06758450 0.18229100 0.30094451
v 0.21746650 0.14774325 0.12972049
v -0.10598000 -0.16706200 -0.26398799
v -0.03459200 0.17997563 0.23636074
v 0.10032031 0.18293919 0.12448688
v -0.02708450 0.01760450 -0.27845675
v 0.06078738 0.15046500 -0.29283261
v -0.20150000 0.17794850 0.25023374
v -0.19209881 0.03363350 -0.24078207
v -0.19288713 0.03248962 -0.23413637
v -0.09801038 0.18974288 -0.07288188
v 0.01718325 -0.16243188 -0.15191787
v 0.20058300 0.15262599 0.18798301
v -0.21023776 0.14082000 0.18333900
v -0.20886751 0.13914201 0.18212350
v -0.10205156 -0.17153201 -0.26233119
v -0.20562150 0.16198251 0.24251550
v -0.21071000 0.17860501 0.24943000
v -0.18447393 -0.16900438 0.06423938
v -0.19884850 0.16582850 0.25448599
v -0.22822000 0.17731200 -0.25748301
v 0.22824533 0.16423881 0.10919873
v 0.05586600 0.15078101 0.27890801
v -0.07191800 -0.16877550 0.24844100
v -0.10461919 -0.16878043 0.24950750
v -0.09193844 -0.16988163 0.24835549
v 0.18752301 0.17395499 0.28147501
v 0.20333275 0.15008175 0.17724800
v -0.10089213 0.18566300 -0.07117262
v -0.14192501 0.17541100 0.05624800
v -0.19250150 -0.00229150 0.16597550
v -0.10728725 0.18399012 -0.04362262
v -0.19097100 0.18020500 0.23596300
v 0.20110112 0.15063800 0.16059899
v -0.03297525 0.19096275 -0.29927251
v -0.02388687 0.19163950 -0.29464751
v -0.07041038 0.15343831 -0.29792345
v -0.06973325 0.14399526 -0.29165676
v 0.19942650 0.16821088 0.22886001
v -0.06559650 0.14958787 -0.29558724
v -0.14030799 0.17646401 0.09761100
v -0.13782801 0.18059801 0.18381000
v 0.23726600 0.16102400 0.11772472
v -0.14309500 0.17548500 0.08270800
v 0.16986637 0.16600107 0.30040488
v 0.16651650 0.17753381 -0.08411988
v 0.22573590 0.16349384 0.09824222
v 0.22495200 0.16051701 0.05626900
v -0.20047073 0.09683105 0.08217923
v -0.10582644 0.18504950 0.02035300
v 0.18669075 0.02052225 -0.22588675
v 0.19091325 0.02054800 -0.23351175
v 0.18547100 0.01556050 -0.23853549
v -0.19307825 0.03343650 -0.17081276
v -0.19177359 0.03528525 -0.16972503
v 0.20279175 0.17156576 0.19101925
v 0.09722400 0.18482438 0.23438375
v 0.22887363 0.16809900 0.08482537
v -0.10970725 -0.16863963 0.24917087
v -0.10635900 -0.16822325 0.24611899
v -0.10724950 -0.16640800 0.24479800
v -0.19025099 0.16633150 0.26305899
v 0.18138126 0.16985600 0.26058349
v 0.18542385 0.17147772 0.25763711
v -0.08553300 0.18522251 -0.09135850
v -0.08146350 0.18552050 -0.08286400
v 0.05833375 0.15290324 0.28241974
v 0.22763869 0.16389374 0.06413681
v -0.21792901 0.19138500 -0.20185100
v 0.22144112 0.15930593 0.07474925
v -0.10872825 0.18191175 0.00379650
v -0.08586000 -0.16571300 0.24442901
v -0.18561310 -0.16638821 0.15647051
v -0.08768600 -0.02897600 0.25773600
v 0.19625925 0.10714357 -0.00524409
v 0.10368500 0.17864101 0.23954800
v -0.19670112 0.16791937 0.28049818
v -0.05505637 0.14835162 -0.31512630
v -0.01179700 0.19183899 -0.29742199
v -0.00895869 0.19609937 -0.29507214
v 0.22640863 0.17798862 0.08606650
v -0.19094101 0.01351500 -0.23218000
v -0.06829000 0.18265750 -0.18123050
v 0.22852537 0.16342118 0.05055631
v -0.01225475 -0.16200951 -0.14117725
v 0.22969320 0.16791379 0.06445530
v 0.22989157 0.16708353 0.04197219
v -0.22741200 0.18681601 -0.20624501
v 0.22316350 0.15882801 0.03123125
v 0.22535799 0.16166550 0.05603700
v 0.08646700 0.16286200 0.30570200
v -0.05825700 0.18665500 0.05072600
v 0.17202550 0.17145026 0.29376000
v -0.04341500 0.16223800 -0.29253301
v -0.03800925 0.16580400 -0.29473901
v 0.16948999 0.17192701 0.27031749
v 0.18926810 0.17677063 0.01240913
v 0.21919000 0.16287050 0.06521300
v 0.19249250 0.10304081 -0.01053294
v 0.19465290 0.10478078 -0.02521753
v -0.20327325 0.08975363 0.12152394
v 0.22010200 0.16866650 0.06495850
v 0.22002000 0.16235800 0.04779650
v -0.00108519 0.18400957 -0.21592231
v 0.22800675 0.17367113 0.07411050
v 0.22795700 0.17546700 0.07567800
v 0.22843510 0.17249627 0.05895653
v 0.22829799 0.17313200 0.06092900
v -0.05062200 -0.16284400 0.02127300
v 0.22911599 0.16347969 0.02427056
v 0.22201994 0.17249250 -0.18688551
v 0.22219700 0.17296200 -0.18371101
v 0.22183888 0.17256337 -0.18634275
v 0.20416850 0.18722650 -0.07090800
v 0.20484351 0.18725149 -0.03577150
v 0.16117650 0.16528150 0.30278075
v 0.16436917 0.16388462 0.30019683
v -0.03113950 0.14746450 -0.31357950
v -0.23073900 0.17559899 -0.24405800
v -0.18268976 -0.17937000 0.18858400
v -0.02748350 -0.16895363 -0.26253676
v 0.23083951 0.16579962 0.02306462
v 0.22025099 0.17014000 0.06476300
v 0.22161387 0.16906312 0.04737375
v 0.21995150 0.16262750 0.04652125
v -0.18353900 0.16558599 0.26763800
v -0.18441500 0.16410100 0.26757699
v 0.22699162 0.17895672 0.06491919
v -0.10758150 0.18450201 0.06291150
v -0.14906400 0.18042774 0.26163045
v -0.14277875 0.17784201 0.18086100
v -0.16642569 0.00485491 -0.27200434
v -0.16756050 0.00805700 -0.27189600
v 0.18736562 0.18701588 0.24274212
v -0.03512450 0.15121201 -0.31832799
v -0.03697800 0.15399700 -0.31900001
v -0.14176024 -0.16490300 0.12956300
v 0.21648163 0.13751601 -0.19611563
v 0.21626900 0.13863000 -0.19395900
v 0.20536301 0.17345700 0.12124400
v 0.20325001 0.17109700 0.15261400
v 0.22554566 0.17045619 -0.11846091
v -0.11240800 0.17928600 0.06345300
v -0.06879088 0.18206587 -0.08800425
v -0.02908912 -0.16118388 -0.08436550
v -0.13777600 0.18064275 0.19724675
v -0.14157701 0.18048400 0.20085700
v -0.03248344 0.18377256 -0.24971418
v 0.01795705 0.18512772 -0.25837857
v -0.04133713 0.18556125 -0.07882000
v 0.21999501 0.16088000 0.02480550
v 0.23122050 0.16719601 0.01577613
v 0.22541375 0.16902997 -0.10296928
v 0.14268312 0.16428088 0.29549512
v 0.16087750 0.16505137 0.29282138
v 0.14240891 0.16457613 0.30510670
v 0.13513494 0.16367912 0.30253717
v 0.06249219 0.07049756 0.26843372
v 0.21869053 0.17191403 0.05362837
v 0.21895038 0.17221250 0.08219685
v -0.10960450 0.18020950 0.08704550
v -0.11255700 0.17918000 0.08146900
v -0.17850800 0.18054600 0.23128100
v -0.10764675 0.18432006 0.11028762
v -0.01041900 0.16367351 -0.29275551
v 0.17915000 0.17785101 0.24363600
v 0.18033600 0.18365601 0.24550401
v -0.13887732 -0.17718494 0.24631210
v 0.23057050 0.16840050 -0.01056100
v 0.22050838 0.16111213 -0.00770006
v 0.18471175 0.17806450 0.21485625
v -0.03253600 0.14844625 -0.30143401
v -0.07933250 0.18147349 -0.10792350
v -0.10855400 0.18351801 0.11242300
v 0.20573500 0.17324300 0.10415200
v -0.13423026 -0.16469125 0.20087349
v -0.07282000 0.18214899 -0.01770900
v 0.21221399 0.17358451 0.07787100
v -0.01055550 0.14857700 -0.31637049
v -0.14907962 -0.17580238 0.24564512
v -0.13274547 -0.18357028 0.21193522
v 0.18965603 0.18331826 0.14103387
v 0.22731127 0.16352855 -0.00781314
v 0.22968119 0.16511306 -0.08085825
v -0.00053338 -0.16847225 -0.26104736
v 0.22447906 0.15902491 -0.07934865
v 0.18929601 0.18401276 0.17356525
v -0.00674850 -0.17157750 -0.26406199
v 0.18619950 0.17752625 0.17915475
v -0.00501141 0.18110712 -0.25467983
v -0.02087373 0.18638606 -0.25036317
v 0.22052425 0.16102450 -0.03074088
v 0.16838543 0.18368219 0.25848824
v 0.15221412 0.18414313 0.26644474
v -0.15038888 -0.18801562 0.23133793
v -0.20418480 0.11105113 0.00232095
v 0.19042887 0.06904336 -0.21814308
v 0.15938550 -0.15812950 0.23865025
v -0.08523413 0.16954012 -0.29263687
v -0.08688100 0.16845450 -0.29273799
v -0.00826437 -0.17091188 -0.26565936
v -0.01313250 0.15993901 -0.29946399
v -0.01797325 0.15945999 -0.29952976
v -0.15431149 0.17227849 0.27259868
v -0.11466425 -0.16222826 0.17817400
v -0.19951862 0.08257650 0.13392401
v 0.22218825 0.18260437 0.02953175
v -0.20255250 0.07999481 0.16599147
v 0.22922741 0.16406415 -0.06949272
v -0.15079987 -0.18045782 0.23458700
v 0.12027988 0.16416781 0.30633369
v -0.13956399 -0.16564400 0.24091700
v -0.14119200 -0.16600475 0.22892176
v 0.00822350 -0.17123440 -0.26343313
v -0.01995900 0.18471700 -0.12506500
v 0.22737825 0.18042275 0.00426438
v 0.22742012 0.18133250 -0.01215313
v -0.15412462 -0.18264131 0.20595531
v -0.14987850 -0.18823813 0.20879662
v 0.22817776 0.17854993 -0.02276506
v 0.01255181 0.19377172 -0.29269403
v 0.02512472 0.19023663 -0.29391596
v 0.22337575 0.16921556 -0.04456675
v 0.21795100 0.17238601 -0.01976600
v 0.22307082 0.17034094 -0.02628862
v -0.06458825 0.18579638 -0.02397806
v -0.07699150 0.18115249 0.07729250
v -0.08304800 0.18483700 0.07803700
v -0.07860550 0.18152750 0.08245550
v -0.07977356 0.18541768 0.08722572
v -0.15332051 -0.16709051 0.24159600
v 0.22751950 0.18027863 -0.06115663
v 0.21443474 0.18509425 0.09229000
v 0.21842875 0.18363325 0.09730750
v -0.03147400 0.14727800 -0.31248501
v -0.23169275 0.17601275 0.19078475
v -0.02695763 0.18246275 0.01195600
v 0.20458557 0.15610337 -0.04602665
v 0.02938413 0.18577556 -0.28442404
v -0.22809000 0.16980925 -0.26542526
v 0.16131550 0.17855300 0.16704451
v -0.11273000 0.17983900 0.19574000
v -0.11046831 0.18118393 0.21428625
v 0.19979903 0.18683781 0.02836063
v 0.21965262 0.18316212 0.10910937
v -0.10887200 0.18373799 0.16254200
v -0.13575950 -0.17788775 0.20078200
v 0.20702600 0.17190200 -0.01554200
v -0.22725500 0.17741600 0.12858500
v 0.00575725 0.16498876 -0.29590476
v 0.22429350 0.18283087 -0.03727994
v 0.11235113 0.16389425 0.30228001
v 0.15747300 0.17499299 0.18268199
v 0.15922099 0.17764850 0.20180950
v -0.21270300 0.17035200 0.00869750
v 0.19925000 0.18727100 0.22844701
v -0.16196625 -0.18056887 0.20182131
v 0.21067750 0.17359400 -0.00384250
v 0.21216699 0.17350800 -0.00653400
v 0.20449349 0.17369600 0.16392000
v -0.21233700 0.17197300 -0.03098250
v -0.20145699 0.10878800 -0.22220799
v 0.10797084 0.17887138 0.26746875
v -0.17027250 -0.18192150 0.23666750
v -0.14950119 0.16626219 0.29881105
v -0.13780238 -0.16392300 0.17326926
v -0.14127600 -0.16457100 0.15468700
v -0.13414299 -0.16063499 0.16980700
v -0.05886150 0.18588050 0.01261800
v 0.22460106 0.16993953 -0.08255132
v 0.21893913 0.18247326 0.16998012
v 0.02977962 0.18167113 -0.25991458
v 0.04834530 0.18578613 -0.26338470
v -0.02833350 0.18253525 -0.02604200
v -0.03875950 0.18615475 -0.02933550
v 0.19254351 0.18372899 0.08422053
v -0.21070479 0.16848503 -0.10444041
v -0.23704025 0.17444976 0.05345850
v 0.02428037 -0.17040813 -0.26593986
v 0.21930200 0.18400700 -0.06114500
v 0.22307369 0.15984157 -0.14022997
v 0.04679700 0.19123299 -0.29838499
v -0.16421787 0.19102019 -0.20221637
v 0.02681950 -0.16980299 -0.25641999
v 0.19228549 0.17816567 -0.00109305
v 0.00010450 0.18140399 -0.08094650
v 0.02354362 0.18095274 -0.17547862
v -0.19887075 0.07136275 0.22278050
v -0.20170550 0.07445800 0.22735000
v -0.20052750 0.07532800 0.23592751
v 0.21528406 0.18295312 0.22312419
v 0.21765900 0.16777475 0.15107469
v 0.21720400 0.16988000 0.15675850
v 0.22702900 0.16251013 -0.16600087
v -0.20102800 0.19334599 -0.26583400
v 0.03059800 -0.17159700 -0.26311600
v 0.16825575 0.06700650 -0.27201125
v 0.22460468 0.17085044 -0.15687625
v 0.06226925 0.18113676 -0.28255400
v 0.06441100 0.17929100 -0.27919400
v 0.22228882 0.16081575 -0.17179468
v 0.17109306 0.07160344 -0.27405319
v 0.03181600 0.18004400 -0.26171100
v 0.22766832 0.17951803 -0.13540034
v -0.07749750 0.18465225 0.16692100
v -0.13098200 0.16609888 0.30299339
v -0.12781513 0.16904087 0.29415336
v 0.00608663 0.14835025 -0.30091187
v 0.01675200 0.14946200 -0.30009601
v -0.23164450 0.17507450 -0.22026050
v 0.14485325 0.17427225 0.16461012
v -0.17161304 -0.16700099 0.21757059
v -0.19487976 0.07211225 0.24092226
v -0.17931101 -0.17458275 0.20707425
v 0.20389400 0.13849087 -0.19501469
v 0.20268750 0.13675256 -0.19999419
v -0.19704349 0.19348700 -0.26368326
v -0.19640300 0.19292900 -0.26132688
v 0.04275900 0.17994300 -0.26362401
v -0.17526187 -0.17717750 0.20038675
v -0.18261825 -0.17766225 0.19907250
v -0.18138556 -0.18137887 0.20444082
v 0.22755300 0.16666400 0.15158400
v 0.22449191 0.17033322 -0.17541140
v 0.22393376 0.16325974 0.15890025
v 0.12491813 0.17882450 0.21698637
v 0.12581900 0.17880900 0.21156000
v 0.22338399 0.16084100 -0.20854300
v 0.21876265 0.16085485 -0.19873406
v 0.16330791 -0.17468859 -0.21045841
v 0.20149100 0.13393649 -0.19184551
v 0.03691600 0.18067899 -0.31640500
v 0.16661310 -0.17201817 0.17258790
v -0.07623825 0.18110099 0.16980650
v 0.20598701 0.15071900 0.18159500
v 0.22473501 0.17521276 0.20426613
v -0.22046749 0.17707950 -0.27605674
v 0.12383313 -0.18480718 0.23474656
v 0.05847187 0.17898913 -0.31674212
v 0.04723375 0.17391700 -0.31811374
v 0.20514651 0.14929600 -0.19340150
v 0.13895600 0.17803881 0.16192700
v 0.21774550 0.14127262 0.12487838
v -0.11267700 0.18074800 0.30118501
v -0.10841900 0.17784700 0.30254400
v 0.14386450 0.17493650 0.13768750
v -0.18373252 -0.16899019 0.17682740
v -0.18050459 -0.17800546 0.18647917
v 0.22773719 0.15674518 0.12422269
v 0.06690000 0.18421151 -0.17726500
v 0.00987300 0.18470925 -0.16978601
v 0.12141450 -0.16940776 0.24244000
v 0.07753132 0.16475831 0.30070031
v -0.08585675 0.18410601 0.23440699
v -0.08343231 0.18475513 0.23409112
v 0.13268851 0.17394775 0.13014400
v -0.10440110 -0.05892013 0.25527140
v 0.20674472 0.17165209 -0.12551878
v 0.20939450 0.17352200 -0.10506400
v 0.22169888 0.16145587 -0.22991562
v 0.22953287 0.16718732 -0.23105857
v 0.22616369 0.16336472 -0.23597473
v 0.22572000 0.16661251 -0.25569049
v -0.18456900 0.07206050 0.25420251
v -0.18344000 0.06764000 0.25468299
v 0.21887998 0.16182607 0.21306977
v 0.16353816 0.17717028 0.03150820
v 0.22956444 0.16193719 0.17626569
v 0.21808259 0.17214228 0.23803934
v 0.12936600 0.17840099 0.13146700
v -0.19500628 0.02416897 0.16928741
v 0.20705800 0.17280249 -0.19014899
v 0.21187663 0.17197038 -0.19389175
v 0.05738138 -0.17189562 -0.26386368
v 0.05666462 -0.16949426 -0.26016763
v 0.08891700 0.17456850 0.29473600
v -0.13092500 -0.16069400 -0.16591500
v 0.07925700 0.17531601 0.28374600
v 0.09935600 0.17214200 0.28007799
v 0.10049613 0.17353962 0.28090599
v 0.22353093 0.16677663 0.23955187
v -0.00591269 0.18538068 0.01666531
v 0.04476400 0.16329944 -0.29462260
v 0.01407025 0.18537575 -0.07618125
v 0.12187650 -0.16489349 0.15013300
v -0.02971231 0.18214278 0.10624625
v 0.16197827 0.17466222 0.02914127
v 0.15993887 0.17322850 0.03969094
v 0.06187788 0.16020106 0.30040711
v 0.06015550 0.14498800 0.29960001
v -0.13637400 -0.16141701 -0.02589900
v -0.19353375 0.01494475 0.15253738
v 0.07723954 -0.17269680 -0.26276949
v -0.19621351 0.01978606 0.15062802
v 0.22492699 0.18131600 -0.22895674
v 0.05814650 0.14583300 0.28617549
v 0.05681688 0.14024626 0.27857250
v 0.12460000 -0.16552100 -0.16228899
v -0.04345600 0.18511100 0.10921800
v 0.09889712 0.17920825 0.23150387
v 0.09230188 -0.16988237 -0.25753090
v 0.10234100 0.17865700 0.15875600
v -0.23210099 0.16819701 -0.25287101
v -0.07871969 0.18068354 0.23531722
v 0.18282025 0.01591250 -0.25073999
v 0.13083024 0.17743950 0.10365950
v 0.03918200 0.14750338 -0.30095586
v 0.01122425 0.18292326 0.06644325
v -0.00222687 0.18583463 0.06258275
v 0.06286000 0.15985900 0.28593001
v -0.08033475 0.17310600 0.27793574
v -0.18357456 -0.16892025 0.12618563
v 0.18972126 0.07172975 0.22720499
v 0.09029653 0.18436831 0.27043590
v -0.14019388 -0.16379610 -0.01123528
v 0.06775612 -0.16459438 -0.08066075
v 0.19104482 0.17728572 -0.12703733
v 0.18639600 0.17726400 -0.18439700
v 0.21943365 0.18244253 -0.25326258
v 0.01880012 -0.16355662 0.15434350
v 0.01331800 -0.16182250 0.09428050
v 0.09814487 0.18380456 0.19299218
v -0.14197750 -0.16496649 -0.05540300
v 0.06766763 0.16332032 -0.31428018
v 0.08744800 0.17903250 0.23866050
v 0.07305381 0.17212319 -0.31017926
v 0.09561900 0.18034700 -0.31463599
v 0.09259550 0.18007225 -0.31501624
v 0.08149525 0.18428212 -0.26946938
v 0.13413756 0.17345038 0.07258859
v 0.06927000 0.17967400 -0.26917300
v 0.11344950 -0.17524201 -0.26062801
v 0.10738850 -0.18354650 -0.26014924
v 0.19032100 0.07251400 0.19986901
v -0.03340600 0.18451400 0.15640099
v 0.06569050 0.17280374 0.28314874
v -0.03007850 0.07573250 -0.28501624
v 0.07165200 0.17507100 0.29012400
v 0.06575400 0.17521000 0.28670299
v 0.06733700 0.17283601 -0.29599199
v 0.06967000 0.17261800 -0.29279399
v 0.07460500 0.18440001 -0.28218201
v -0.18607612 -0.16603138 0.12442587
v 0.16168401 0.17315274 -0.07534325
v 0.04320225 0.18157075 -0.08374575
v 0.21586356 0.17331581 -0.25394043
v 0.19945200 0.15673301 -0.25375801
v 0.19920288 0.16470487 -0.25622201
v -0.01561187 0.07332925 0.27044964
v 0.05845409 0.16594444 -0.31838512
v -0.18454234 -0.16851710 0.08943135
v 0.02739513 0.18580888 -0.02973600
v 0.21506099 0.18094000 -0.27318701
v -0.07914525 -0.01102675 -0.27635276
v 0.06448931 0.14877613 -0.31052950
v 0.06787325 0.16298038 -0.30862224
v 0.09267350 0.18655594 -0.27096143
v 0.10249600 0.17853500 0.12468700
v 0.12178500 -0.16353101 -0.16520600
v 0.12164150 -0.18619449 -0.22236325
v 0.11935463 -0.18070416 -0.22189331
v 0.12164100 0.07311250 -0.28196213
v 0.11811294 -0.18165238 -0.22612774
v -0.18639125 -0.16212350 0.08964100
v 0.08671200 0.17442068 -0.29317957
v 0.08627200 0.17550001 -0.29433200
v 0.02242013 0.18216625 -0.12092650
v -0.17096400 0.07485700 0.26488149
v 0.13806100 -0.18481700 -0.25781050
v -0.06649450 0.18476900 0.30759501
v 0.16404484 0.17669979 -0.06865831
v 0.16260529 0.17356232 -0.11109663
v 0.16130300 0.17295775 -0.12580700
v 0.12945428 -0.18836460 -0.22959703
v 0.12994894 -0.18648632 -0.22260831
v 0.07561925 0.17992362 0.23753925
v 0.09882500 0.18397675 0.15757576
v 0.09894475 0.18369968 0.16051731
v 0.10097750 0.18124925 0.15674224
v 0.20565949 0.17394949 -0.24932750
v 0.07654800 0.18479900 -0.23719500
v 0.19454987 0.16509263 -0.29884762
v 0.19270641 0.16220206 -0.29344401
v 0.02461694 -0.17154121 0.25236091
v 0.13114409 0.17788312 0.00743516
v -0.20100325 0.19100975 -0.28131726
v 0.13339655 0.17431615 -0.02213567
v -0.01194350 0.07054016 -0.28158078
v -0.04220350 0.06746850 0.26602092
v -0.18638994 -0.16772152 0.04859165
v -0.18007913 -0.16794375 0.04860725
v 0.16273363 -0.17540175 -0.24784088
v -0.18594851 -0.16904375 0.02645150
v -0.14294800 -0.16500300 -0.07700200
v -0.06635600 0.16416401 0.30409899
v 0.05201700 0.15966900 0.31793299
v 0.02744600 0.16151325 0.31304300
v -0.10155400 -0.01004100 0.25894251
v 0.17938501 0.17774400 -0.20855901
v -0.08490600 -0.16331750 0.25137249
v 0.20302676 0.17575800 -0.29067299
v 0.23339500 0.16014101 0.11271700
v -0.12424459 -0.18048371 -0.25636733
v -0.11311575 -0.18098700 -0.26039311
v 0.05148787 0.18419613 0.30950138
v -0.04957000 0.18485799 0.23418801
v -0.03642875 0.18485750 0.23226675
v -0.04939577 0.18294631 0.23519929
v 0.07753550 0.18373762 -0.20312987
v 0.07943100 0.18048300 -0.19782400
v 0.16430350 0.17647950 -0.19496250
v -0.06856250 0.17300674 0.28586999
v -0.07544112 0.18008706 0.26770574
v 0.15672019 -0.18508287 -0.24944313
v 0.13195600 0.17780299 0.00094700
v 0.13228944 0.17757869 -0.04128581
v 0.22869276 0.16704862 0.14407663
v -0.13897900 -0.16429000 -0.17079900
v -0.13843900 -0.16395700 -0.11424150
v 0.07449500 0.18519500 0.23612000
v 0.21905600 0.16814324 0.12395412
v 0.13417526 0.17405018 -0.07940150
v 0.21320800 0.17039301 0.16226999
v -0.13454500 -0.16393800 -0.19124100
v 0.09308369 0.18053874 -0.28077540
v 0.04166150 0.17677125 0.30095974
v 0.03932700 0.15550300 0.27946600
v 0.05543500 0.18708250 0.29037049
v 0.00395550 -0.16196349 -0.15150650
v -0.18138200 -0.16469100 0.02316000
v 0.06983612 0.18450509 0.19412637
v -0.13003100 0.06954800 0.26490399
v -0.13616350 0.07336663 0.26749039
v 0.08403500 0.18448500 0.18092249
v 0.07725038 0.18089813 0.17760725
v -0.21054100 0.19309400 -0.23344450
v 0.10096911 0.17960855 0.10455500
v 0.10353600 0.17865451 0.05854350
v 0.08414294 0.18370987 -0.18924725
v 0.02891937 0.18231525 -0.02516450
v 0.21895747 0.17229863 0.13718750
v 0.02349750 0.18567550 0.01663700
v -0.07659087 0.15000138 0.28726289
v -0.07603238 0.15146250 0.29295138
v -0.11077953 -0.16764946 -0.25933635
v -0.12628087 -0.16688547 -0.25648141
v -0.12766474 -0.17876600 -0.25292176
v 0.21873450 0.16518350 0.09829875
v 0.21866751 0.16368100 0.09449250
v 0.18484882 0.18297100 -0.25570294
v -0.14494406 -0.19351356 -0.23725818
v -0.13196075 -0.18551563 -0.24167812
v -0.13794257 -0.18352513 -0.24725007
v -0.14006056 -0.18876401 -0.24419662
v -0.05210131 0.07320244 0.26962325
v 0.17137469 -0.17220597 -0.13313600
v -0.13267575 -0.16793381 -0.21709532
v -0.12888625 -0.17437075 -0.21964100
v -0.13851750 -0.17229731 -0.21725796
v -0.12617734 -0.17399469 -0.25463921
v 0.03423325 0.17375444 0.28239200
v 0.21937950 0.16417900 0.07853800
v 0.09912225 0.18526657 -0.24310900
v 0.10015363 0.18724050 -0.24476537
v -0.05121000 -0.16121501 0.03302950
v 0.17007756 -0.17192169 -0.12890591
v 0.17205504 -0.17210452 -0.10718572
v -0.13887900 -0.18077575 -0.21959350
v -0.12019000 -0.17662700 0.24846449
v -0.14835112 -0.18684532 -0.22386400
v -0.14986463 -0.19145525 -0.22800612
v 0.02894450 0.17546250 0.28669950
v 0.07144194 0.18410756 0.16865368
v -0.13043675 -0.16674612 -0.22336707
v 0.02003825 0.15805581 0.30789843
v 0.10226443 0.18341969 0.05560706
v -0.13028912 -0.16653863 -0.24532062
v -0.03301094 0.18907075 0.30743939
v 0.05372925 0.18803924 0.28104249
v 0.13599551 0.17689450 -0.31354851
v 0.08558033 0.16347423 -0.31069288
v 0.10019287 0.17374088 -0.31002474
v 0.09986800 0.17971900 -0.24564500
v 0.10229300 0.18426400 -0.23518699
v -0.15345700 -0.17586188 -0.21631315
v -0.23073925 0.18439525 -0.18387149
v 0.17263165 -0.17161335 -0.05304128
v 0.17086850 -0.17167924 -0.04729462
v 0.16980100 0.17800200 -0.24561000
v -0.03440588 0.17061850 0.28073475
v 0.16533075 0.17479225 -0.23164125
v 0.22704625 0.16337125 0.00389637
v 0.09537950 0.16746150 -0.30877751
v -0.15542881 -0.18203568 -0.22357573
v 0.10491050 0.18183000 -0.27265501
v 0.13094801 0.18737499 -0.27726600
v -0.13322803 -0.16873375 -0.24753387
v -0.18592025 -0.16656844 -0.04956469
v -0.18262638 -0.16736016 -0.06478927
v 0.17031251 -0.17035989 -0.00883297
v 0.17263962 -0.17192803 -0.02071338
v -0.15438575 -0.19195876 -0.23458588
v 0.09648375 -0.17804612 0.24947500
v -0.20180950 0.18123101 -0.29733649
v -0.13617325 -0.18193915 -0.25943762
v -0.12224400 -0.17752451 -0.26224801
v -0.07681788 0.06701600 0.26543438
v -0.15671544 -0.18636388 -0.23105006
v -0.13384449 -0.16563450 -0.24838300
v 0.04897225 0.17996322 0.23712981
v 0.08131475 0.18387212 0.09338425
v 0.00666600 0.07427488 -0.28469515
v 0.10058525 0.18311438 0.01232750
v 0.10147300 0.18214200 0.01591050
v 0.17983051 0.16620751 -0.30708700
v -0.15381962 -0.18062843 -0.25989261
v -0.01012900 0.18379550 0.20267200
v 0.11748216 -0.17138176 0.20645404
v -0.02261000 0.18449324 0.28229025
v -0.13856453 -0.16675587 -0.24391857
v -0.14386500 -0.17063956 -0.24964744
v 0.01984075 0.17737150 0.30073735
v -0.10727900 0.07636400 0.26996201
v 0.15703413 0.17142193 0.27592149
v 0.15515199 0.17043576 0.27581501
v 0.05009800 0.18478949 0.30959201
v 0.01925136 0.18861131 0.30760860
v -0.06831625 0.07854150 0.27065399
v -0.06891781 0.07744700 0.27064893
v 0.17254500 -0.17341125 0.03161100
v 0.03826022 0.17924263 0.26988485
v 0.10026956 0.18401109 -0.00875806
v -0.17973800 -0.16482000 -0.09329500
v -0.01161931 0.15476257 0.30793631
v 0.12479500 0.17239900 -0.29008701
v 0.16682981 0.17941837 -0.30819637
v -0.17165825 -0.14266050 -0.25459725
v 0.10534300 0.17813200 -0.14494701
v 0.21974413 0.18350731 -0.20696975
v 0.02430738 0.18903388 0.27989274
v 0.04692625 0.06904545 -0.28072974
v 0.07523950 0.18415400 -0.08831137
v -0.16563962 -0.18501607 -0.23155594
v -0.16378713 -0.18527962 -0.24121518
v -0.16594662 -0.18506099 -0.24674825
v -0.05132600 0.17641750 0.28200200
v -0.03140225 0.18837024 0.30979300
v 0.13923000 0.18734500 -0.27577800
v -0.16272449 -0.18161450 -0.25699624
v -0.01170869 0.15976441 0.31009835
v -0.02186250 0.13968825 0.30140975
v 0.17169057 -0.17138237 0.06169544
v 0.00442950 0.18906701 0.28054649
v -0.00473613 0.16735762 0.28548655
v -0.18413500 -0.15854250 -0.10973500
v -0.18408000 -0.15559500 -0.10896000
v -0.18382438 -0.16751240 -0.11641207
v -0.15221199 -0.16916876 -0.25577551
v -0.02907456 0.14139481 0.30408838
v -0.05263988 0.14806750 0.28307426
v 0.07494425 0.18090275 0.08072387
v 0.06574187 0.18496425 -0.02163137
v 0.14241925 0.18778400 -0.25167900
v -0.01986800 0.18693000 0.31093299
v -0.17387688 -0.16699825 -0.24864562
v -0.10787462 0.07138325 0.26564136
v -0.00358075 0.19290638 0.28103849
v -0.17957574 -0.17214949 -0.19610420
v -0.17696263 -0.17074175 -0.19323662
v -0.17865799 -0.17977500 -0.19916900
v 0.16407187 -0.16807126 0.12075537
v -0.03510384 0.12678829 0.27649090
v 0.17076600 -0.16390900 0.11129700
v 0.16995400 -0.17054000 0.12647501
v 0.22202419 0.15856238 -0.04428988
v 0.22486657 0.15907826 -0.04527709
v -0.18166244 -0.16883118 -0.16478001
v -0.17779900 -0.16497700 -0.15144300
v 0.16878176 -0.17115800 0.15032224
v 0.16352306 -0.17220363 0.17381288
v 0.10144050 0.18311638 -0.14986862
v 0.14374125 -0.19350962 0.22074938
v 0.10000400 0.18374500 -0.12257400
v 0.22269535 0.16945390 -0.00971922
v 0.10005900 0.18432200 -0.06025500
v 0.10286187 0.18096338 -0.08457500
v 0.05863906 0.07348569 -0.28368858
v -0.17608097 -0.18340653 -0.23027194
v -0.02271122 0.16097391 0.30768076
v -0.17436300 -0.16576400 -0.20939000
v -0.16974100 -0.16498500 -0.21046300
v -0.16760300 -0.16500300 -0.21338899
v 0.00940850 0.18370201 0.23559950
v 0.00720844 0.18500356 0.27187008
v -0.01447000 0.18643400 0.27282301
v -0.09196481 0.06884669 0.26464599
v 0.03014600 0.18446200 0.15739000
v 0.10497544 0.16515569 -0.31680900
v 0.13697951 0.16475300 -0.31463900
v 0.14897384 0.17276597 -0.30728829
v 0.14878288 0.17891738 -0.25384638
v -0.07226031 0.11706275 0.27481550
v -0.17377231 -0.16916318 -0.23425081
v -0.01218066 0.17802167 0.29817212
v 0.00922900 0.17897300 0.23843500
v -0.22380500 0.16650900 -0.25001624
v 0.10466500 0.17846650 -0.14441700
v -0.17516881 -0.17917044 -0.24615638
v -0.17705950 -0.17747325 -0.24230275
v 0.08460425 0.18469162 -0.00440500
v 0.00486350 0.18555075 0.20503674
v 0.16531201 -0.16792400 0.22315550
v 0.11791263 0.18077287 -0.24905676
v 0.14922300 0.18435749 -0.25276175
v 0.12934650 0.17893450 -0.24670675
v 0.00924450 0.18060949 0.16202000
v -0.17137600 -0.16590551 -0.23734801
v 0.13688762 0.18654075 -0.24963200
v 0.03426878 0.04952397 -0.27970591
v 0.14618137 0.16685612 -0.30536512
v -0.23621106 0.16854213 -0.13852949
v -0.18509725 0.19302475 -0.27485824
v 0.10187325 0.18244851 -0.08673050
v 0.14026800 0.18301700 -0.30746999
v -0.20886301 0.16716900 -0.19543600
v -0.17341700 -0.18147200 -0.24764763
v -0.20911862 0.16981700 -0.18080001
v -0.20921800 0.16944450 -0.17332850
v 0.15172736 0.16315585 -0.30590421
v 0.14362700 0.17464100 -0.30463701
v -0.04632950 0.16195950 0.31209412
v -0.20689550 0.16806474 -0.21667574
v -0.17470326 0.19122675 -0.20497550
v 0.08133819 0.18403000 -0.10771044
v 0.05796300 0.18468150 0.10494800
v 0.04163637 0.18220174 0.01000650
v -0.03459300 -0.02205950 -0.27656600
v 0.22921163 0.16383857 -0.12594184
v -0.22069456 0.17529006 -0.26381451
v -0.22563450 0.17477150 -0.25029200
v -0.23656450 0.17530049 -0.01286650
v -0.17725238 -0.18198681 -0.21819718
v -0.05859650 0.14219950 0.30375299
v -0.06081350 0.14037450 0.29565674
v -0.02094450 0.14999300 0.28658950
v -0.02503350 0.15087099 0.28490099
v -0.01347700 0.15788101 0.28704500
v -0.15669100 -0.16453400 -0.16360299
v -0.23428550 0.16813500 -0.01470550
v -0.15143450 -0.16604500 -0.25298551
v -0.23848800 0.16847751 -0.01122100
v -0.23434463 0.18292876 0.04891425
v -0.07899200 0.07038503 0.26396015
v -0.16711301 -0.17211100 -0.21907300
v -0.16458900 -0.17781951 -0.21477100
v 0.03641137 0.07419481 -0.28441468
v -0.21419565 0.17412685 -0.28536719
v 0.15992725 0.17411201 0.22134624
v -0.09085000 -0.08401400 0.25425851
v -0.09008900 -0.07838500 0.25485101
v -0.03411531 0.17990319 0.29667637
v -0.16494462 -0.18197726 -0.22247750
v 0.04840200 0.18755400 0.03107800
v 0.10251628 0.18146220 -0.04511848
v -0.22451100 0.17687000 0.01686900
v -0.22603326 0.17617650 0.02531025
v 0.11134013 0.17304137 0.29904261
v 0.11159100 0.17420100 0.29624099
v 0.10108587 0.16288812 -0.31473762
v -0.20861284 0.15044206 -0.08220050
v -0.02999192 0.17343755 0.27941471
v 0.11745787 0.16589825 -0.30702049
v 0.01683797 0.18176831 0.30285028
v -0.02103500 0.18353400 0.30915600
v -0.23793575 0.16999824 0.07587425
v 0.10553900 0.17879800 -0.03345300
v -0.18714228 -0.05300778 0.04015959
v 0.02295713 0.18660021 0.31067964
v -0.04051725 0.00741525 -0.27845049
v -0.04288700 0.00806800 -0.27830201
v -0.06650294 0.14864574 0.28555337
v 0.09593032 0.07400966 -0.28306693
v 0.08250475 0.18391125 0.08331850
v 0.11614700 0.18005100 -0.27508801
v 0.22959124 0.16879679 -0.19560911
v 0.11306300 0.18160200 -0.27954549
v -0.01057550 0.15931968 0.31212232
v -0.15533894 -0.16610044 -0.21868281
v 0.04018900 0.18119100 0.19709450
v -0.19667500 0.18664750 -0.29579601
v -0.23033050 0.18473776 -0.18704775
v -0.23685700 0.16702291 0.11274131
v 0.01712313 0.15886194 0.28133893
v -0.15240875 -0.18606751 -0.24820524
v -0.15656275 -0.18576750 -0.24530150
v -0.14816600 -0.17895213 -0.25108999
v -0.03798100 0.19318800 0.28222400
v -0.04115175 0.18931450 0.28482676
v 0.10160806 0.16423912 -0.30861875
v -0.20532200 0.19313399 -0.26280800
v 0.01857700 0.17009901 0.31731799
v 0.01848731 0.06982919 0.26712307
v -0.12189819 0.17497863 -0.31121355
v 0.09763150 0.16305751 -0.31357151
v -0.21131943 0.17313337 0.05005094
v -0.21187000 0.16456001 0.05082800
v -0.21102150 0.17350550 0.04721100
v -0.05192963 0.18138790 0.29464528
v -0.04623200 0.18770812 0.28143874
v -0.04920694 0.18439876 0.28259563
v -0.06456475 0.18958050 0.27867794
v 0.09566150 0.18575200 0.03674175
v -0.19456784 -0.00186853 0.21875843
v -0.18539438 -0.16922362 -0.03704900
v -0.18665561 -0.16358653 -0.02773388
v 0.09514525 0.18458524 0.02723800
v 0.10356300 0.18271101 0.03446300
v 0.08364600 0.16991700 -0.30988300
v 0.08423000 0.16833650 -0.30955949
v -0.05549112 0.18768644 0.30608362
v -0.12398800 0.07603900 0.26916900
v 0.10552900 0.18669100 -0.25254700
v 0.17462994 0.18505681 -0.25721055
v -0.13753988 -0.16359150 0.03459875
v -0.21180050 0.17693225 -0.28798899
v -0.12810400 -0.16419500 -0.22145000
v -0.13130550 -0.16419400 -0.21859349
v 0.05940112 0.14830807 -0.29663849
v -0.22233810 0.16712078 -0.25978005
v -0.00326500 0.14689800 0.28782001
v 0.12745801 0.17884000 0.16010600
v 0.00770513 0.15808076 0.28743550
v -0.05725844 0.18702947 0.28206506
v -0.06284300 0.19095600 0.28235200
v 0.06758700 0.15939599 -0.29335049
v 0.05839525 0.15412375 -0.29166025
v -0.07453975 0.16997087 0.28427675
v -0.21048850 0.19119750 0.20266050
v -0.21179201 0.19115900 0.20829400
v -0.06519325 0.18492401 0.28300199
v -0.02479175 0.18084750 0.16273700
v -0.08038494 0.17794037 -0.31807017
v 0.02359725 0.17632174 0.29971376
v 0.02784525 0.17728500 0.30365551
v -0.13517250 -0.17831300 -0.22419250
v -0.20025925 0.08639163 -0.15256937
v 0.13283201 0.17731400 -0.09804800
v 0.06358100 0.18091650 -0.18110250
v -0.02842900 0.13971500 0.29582301
v 0.00569375 0.14035974 0.30414575
v 0.20715550 0.17315450 -0.20146200
v -0.08413600 0.17603500 0.29784900
v -0.07743450 0.17433400 0.29938450
v -0.09702325 0.16648325 0.29700249
v -0.13208713 -0.17851287 -0.21602599
v -0.19480184 0.01665762 0.18350388
v 0.03635206 0.18169893 -0.21112612
v -0.13186237 -0.18299975 -0.22372338
v 0.06901000 0.18828700 0.27820101
v -0.13489425 -0.16348763 -0.03268363
v -0.18357176 -0.16858250 0.02519300
v -0.18457322 -0.16796154 0.00643609
v -0.16285574 -0.16605900 0.04986400
v -0.16771300 -0.16622774 0.04810225
v -0.19047275 -0.00369050 0.10527800
v 0.05272800 0.16347806 0.30855224
v 0.06743275 0.18701550 -0.24023688
v 0.07720700 0.18059701 0.18420300
v -0.05481931 0.18273950 0.16222981
v 0.05375900 0.15257999 -0.31837901
v 0.05634000 0.17683800 0.30620900
v 0.06653800 0.17545900 0.30654100
v -0.19830413 0.10186125 -0.07181581
v 0.06962875 0.18575875 -0.28310451
v -0.12832625 -0.18326700 -0.22843713
v -0.21049075 0.16585025 0.20722000
v 0.06372163 0.17959200 -0.28036812
v -0.20954899 0.16619250 0.23133349
v -0.09185263 0.16805150 0.27825013
v -0.04496100 0.07435450 -0.28456199
v -0.04054700 0.07404700 -0.28399175
v -0.04120850 0.06510850 -0.28106299
v 0.20965999 0.17389899 -0.27044299
v 0.21171300 0.16433474 -0.26826301
v -0.17785200 0.07609000 0.26257199
v -0.17269750 0.07182600 0.26105100
v -0.17976400 -0.16478400 0.22895201
v 0.19040450 0.17768550 -0.17925750
v 0.19256581 0.18479037 -0.21127275
v -0.17586775 -0.16684313 0.03623712
v -0.09529300 0.17427699 0.29834801
v 0.05433762 0.17991775 0.30371761
v 0.08606388 0.18451688 0.21162313
v 0.08001100 0.18444300 0.21365200
v 0.03607575 0.14083937 0.30431426
v -0.10892944 -0.16211402 -0.19145600
v -0.05070450 0.07466250 0.27043799
v 0.03458900 0.15756901 -0.29968300
v 0.03491650 0.15876950 -0.29953000
v 0.02668300 0.15291800 -0.29965001
v -0.19361851 0.02728900 0.12583449
v 0.10892300 0.18120900 0.12965301
v 0.02561200 0.14720251 0.28834525
v -0.14099801 -0.16474099 -0.05414800
v -0.13732401 -0.16322850 -0.06338550
v 0.04228106 0.16192719 0.31278276
v -0.12043600 0.17453624 0.29732099
v 0.20326488 0.17166875 -0.24448675
v -0.04671375 0.18192676 0.06971950
v -0.10372575 0.17279562 0.27754062
v -0.11722562 0.17616913 0.27844039
v -0.13481925 0.17144500 0.27470943
v 0.04530850 0.15606301 0.30866799
v 0.21572299 0.17120500 -0.27562201
v 0.21361987 0.17356244 -0.27823937
v -0.18170480 -0.16507339 0.07368903
v -0.18678997 -0.16522121 0.10247694
v 0.02853825 0.16281456 -0.29816574
v 0.01857000 0.15672500 -0.29974601
v 0.13266540 0.17439483 0.04617394
v 0.13007088 0.17806068 0.05381280
v -0.05185575 0.16222151 -0.29773188
v -0.05373975 0.16349387 -0.29452950
v -0.09069500 -0.16583900 -0.25849700
v -0.10343150 0.18065199 0.23396175
v -0.10249500 0.17997500 0.23597901
v -0.10711200 0.18540201 0.22328900
v -0.19007900 0.00447800 0.04179400
v 0.06289400 0.17332138 0.29315075
v -0.13005812 -0.18252274 -0.25037700
v -0.02853325 0.18101300 -0.11861750
v 0.17513674 0.17341982 -0.30708668
v 0.13211897 0.17414181 0.10100266
v 0.09873550 0.18389350 0.22077949
v 0.07755000 0.17493200 0.29354501
v -0.07913000 0.07506800 -0.28444999
v -0.06919800 0.08366800 -0.28529599
v -0.05738700 0.18174200 0.10231400
v -0.19504300 0.06216250 0.00060250
v 0.21626700 0.16448700 -0.25601000
v 0.21962875 0.17295250 -0.24273850
v -0.04275600 0.07070400 -0.28145000
v -0.00671209 0.07041372 0.26686731
v -0.18397669 -0.16894697 -0.09530362
v -0.18016425 0.16693275 0.29578251
v -0.15024000 0.17982900 0.26050299
v -0.18283719 -0.16889581 0.14883575
v -0.07939950 0.18656451 0.09968625
v -0.00953288 0.16521363 -0.29614124
v -0.13282950 0.16408537 0.27654761
v -0.01413275 0.15819424 0.28014150
v -0.06184100 -0.16610000 -0.25982276
v -0.00073575 0.18175501 -0.17296925
v 0.13354087 0.17843075 -0.21042612
v 0.13618700 0.17758600 -0.20969801
v -0.14244975 0.17436001 0.27166814
v -0.17416400 -0.16633825 -0.22342475
v -0.20284300 0.07678700 0.20373400
v 0.04948950 0.13978525 0.30330649
v -0.16745262 0.16759463 0.29987350
v -0.17999500 -0.16488899 0.15821999
v -0.18416850 -0.16770087 0.17046450
v 0.06267375 0.14505175 0.28037837
v -0.05876100 0.18562500 0.03769500
v 0.12663025 0.16314401 -0.31402025
v 0.16514237 0.17779088 0.04933963
v 0.08325581 0.18241325 -0.09965938
v 0.14278699 0.18819650 -0.28335300
v -0.09403681 0.09778909 0.27194393
v 0.04783075 0.19046906 -0.29486874
v 0.05897300 0.18978301 -0.29481199
v 0.22050700 0.16587900 -0.23494500
v 0.21902725 0.16115837 -0.25775850
v 0.02468362 0.19442888 -0.29646149
v -0.15517500 0.17587900 0.27443001
v -0.22049201 0.17793100 -0.25193700
v -0.18092893 -0.16857100 0.18434347
v -0.10775250 0.18044101 0.26594201
v -0.05720294 -0.17099582 -0.26367137
v -0.11225425 0.07526350 -0.28376701
v -0.13952388 0.17889200 0.21225062
v -0.17981300 0.17822801 0.29516101
v -0.17589150 0.16927050 0.29785150
v -0.10433350 0.18583494 0.26791558
v -0.16778301 0.17502800 0.29319701
v 0.12719500 0.17740799 0.26409900
v -0.10409863 0.18559213 0.03239812
v 0.09770740 0.17295533 -0.31613877
v 0.06652944 0.16272119 -0.31232119
v 0.08807775 0.18047337 -0.26996186
v 0.19403601 0.18353046 0.00180056
v -0.04736450 0.14761101 -0.30357951
v 0.12961499 0.18921800 -0.29002699
v 0.22097126 0.16502126 -0.18559538
v 0.22101650 0.16618213 -0.18455088
v 0.00216200 0.19487900 -0.29669225
v -0.05759187 0.18669482 -0.28439450
v -0.19364463 0.00313575 0.09696625
v -0.05937325 0.01529281 -0.27837157
v 0.06370956 0.18044837 -0.26684374
v -0.14129250 0.17760681 0.17282274
v -0.18177000 -0.16090600 0.22442400
v -0.10678175 0.18475500 0.06476125
v 0.03134275 0.14644501 -0.29072726
v -0.07638900 0.18770599 -0.06047800
v -0.00738494 0.17845137 -0.31870380
v -0.01222300 0.17763101 -0.31903401
v -0.14256699 0.17579500 0.15152299
v -0.00293400 0.19077501 -0.29442400
v -0.03543213 0.18568274 -0.28410536
v -0.17379101 0.01741500 -0.26933300
v 0.00044252 0.03698830 -0.27929842
v -0.05156600 0.18628100 0.02597500
v -0.16885599 0.17994700 0.25813901
v -0.04631250 0.16262551 -0.29260200
v -0.08420925 0.18152726 -0.09670750
v -0.07725350 0.18489088 -0.11380725
v 0.16305076 0.17785263 0.13791394
v 0.16006599 0.17423025 0.13553700
v -0.10288859 0.18651149 -0.03735245
v 0.22188544 0.16443381 -0.13787563
v 0.22341675 0.17188591 -0.14538987
v -0.04026100 0.17957400 -0.31806201
v -0.11274300 0.17971200 0.17909600
v -0.04428900 0.18090101 -0.25269899
v -0.01213050 0.19342400 -0.29719651
v 0.21069400 0.17368250 -0.06346400
v 0.21122400 0.17362900 -0.06094100
v -0.18652265 -0.07740145 0.11882652
v -0.09562650 0.18635400 0.08761050
v -0.00623650 -0.01431600 -0.27699000
v -0.08754500 0.07766800 0.27028149
v -0.08475025 0.07369012 0.26925400
v -0.16380975 -0.00367650 0.25736049
v -0.07398900 0.18562876 0.02199075
v -0.04680600 0.16883200 -0.31866500
v -0.05675200 0.18224099 -0.20885700
v 0.16105950 -0.17765650 0.18551050
v -0.06966575 0.15984300 -0.29303750
v -0.06042450 0.15922000 -0.29383925
v -0.17140999 0.18066400 0.20197500
v -0.17291351 0.18068001 0.17540400
v 0.15858699 0.17410700 0.16706100
v -0.07710700 0.08113100 0.27030501
v -0.01819775 0.17463963 0.28948674
v -0.16959400 0.17681900 0.13547300
v 0.22290100 0.16437843 -0.11322662
v -0.17877087 -0.18007137 -0.22317307
v -0.06905350 0.15677644 -0.30398819
v -0.18974949 0.00396550 0.23993351
v -0.07050300 0.16122299 -0.29244199
v -0.18321075 0.19039625 0.26070049
v 0.22179900 0.16392501 -0.08071500
v -0.19915600 0.09461600 0.01662700
v -0.17138213 -0.18131113 -0.23791662
v 0.11964725 0.16719276 0.29825988
v -0.16961619 0.17690185 0.11392506
v -0.11029806 0.17983972 -0.11659572
v -0.17721100 -0.18475300 -0.20857400
v 0.23166221 0.16717841 -0.13020097
v 0.23178613 0.16706866 -0.11359300
v -0.15770900 0.07656350 -0.28214449
v -0.06137450 0.16757275 -0.31861475
v -0.07433350 0.17140275 -0.29277650
v -0.17307250 0.18077651 0.10427800
v -0.18578225 -0.16605200 -0.06139175
v 0.03192163 0.07270619 0.27050054
v 0.22321901 0.15880100 -0.09877700
v 0.22590674 0.16117901 -0.10587887
v 0.22707206 0.16314006 -0.10669260
v 0.00132647 0.15453975 0.30690303
v 0.23004726 0.17254449 -0.10748888
v 0.23077200 0.16895901 -0.07704600
v -0.15970007 -0.18435319 0.21541762
v -0.16688569 -0.18546169 0.21858124
v -0.16937275 -0.18518876 0.23033300
v -0.09314900 0.18690400 -0.24709000
v -0.09281725 0.18576901 -0.24876501
v -0.19861200 0.18794274 0.22535825
v -0.20860103 0.17415303 0.21216004
v -0.19943975 0.18737175 0.20469774
v -0.11520900 -0.16085801 0.17358100
v -0.02623100 -0.16498600 -0.22385000
v -0.22881000 0.17086551 0.25123024
v -0.22841750 0.16861600 0.25361088
v -0.16177081 -0.18513925 0.23032244
v -0.16881806 0.17637426 0.03798425
v -0.16772901 0.17577200 0.04395300
v 0.12782462 0.16381538 0.29934725
v -0.13859600 0.17791750 -0.04674075
v -0.18732522 -0.16525590 -0.00875772
v -0.21222925 0.16589938 0.12534937
v -0.20486000 0.19091700 0.22687601
v 0.19756851 0.18724500 0.14137299
v 0.19667301 0.18706100 0.14060400
v -0.22768387 0.16831313 0.19155638
v -0.23627099 0.16849875 0.20180251
v 0.15087000 0.17434800 0.27983475
v -0.18188800 -0.16461000 -0.01705400
v -0.20645100 0.13156000 -0.05272300
v -0.20512900 0.12164600 -0.09890900
v -0.22233351 0.16195250 0.18861850
v -0.22501725 0.16303825 0.18627000
v -0.13591599 0.18017900 -0.03738100
v -0.14085799 0.17560500 -0.09519300
v -0.15894750 -0.19144550 0.21589400
v -0.15951151 -0.19144250 0.22490300
v 0.22104625 0.16174875 -0.06366237
v -0.10530150 0.18539950 -0.20429456
v 0.23158900 0.16606325 -0.05886900
v 0.23038401 0.17016800 -0.06332800
v -0.21063282 0.15909863 0.00410744
v -0.23326150 0.16770625 0.08141150
v 0.20866700 0.17391901 0.06560300
v -0.19977725 0.18229400 -0.00602825
v -0.11976625 -0.16398250 0.18069275
v -0.20959200 0.19128700 0.06660700
v -0.18611425 -0.16541649 0.08342350
v 0.13987365 0.16256942 0.29666010
v -0.20830400 0.14833900 -0.11216725
v -0.13482524 0.18090950 -0.31565750
v -0.22772449 0.17577225 0.00433750
v -0.22443751 0.17691199 -0.00494025
v -0.22031724 0.17804225 0.17956138
v -0.21594401 0.17840500 0.17906600
v -0.21405050 0.17686875 -0.27443826
v 0.18565725 0.18161669 0.17008531
v 0.18080994 0.17741987 0.17183900
v -0.23537569 0.16832381 0.22389600
v -0.23497351 0.17022701 0.22106200
v -0.23173425 0.16747224 0.21974950
v -0.16735950 0.16925538 -0.28771162
v -0.17181800 0.16105025 -0.28542051
v -0.11662200 0.16541037 -0.31672338
v -0.19815631 0.07589310 -0.23362191
v 0.22895713 0.17497063 0.01998187
v -0.22658788 0.16785587 0.17990237
v -0.21238451 0.16391350 0.10379300
v -0.20943700 0.17499250 -0.16017026
v -0.18344250 0.07588200 -0.27231199
v 0.05681500 0.07257000 0.27068600
v -0.23162600 0.18126576 0.23182225
v -0.23276199 0.17920899 0.23028000
v -0.19621675 0.18027250 0.06770400
v -0.23003750 0.16888718 -0.12042207
v -0.03159775 -0.16312100 -0.14792600
v -0.20942099 0.17380750 0.12266500
v -0.23157500 0.17368799 -0.23212500
v -0.23331322 0.16615850 0.14783269
v -0.15339200 -0.19284651 0.22538950
v 0.13783947 -0.18273672 0.23862378
v -0.10436900 0.18698201 -0.23561300
v -0.20058213 0.18708771 0.09599153
v -0.21161225 0.17551351 0.09962775
v -0.16640888 -0.16600201 0.03943063
v -0.21126124 0.17299651 0.06360838
v -0.10908600 0.17484801 -0.29252699
v -0.11069094 0.17582899 -0.29311615
v 0.15415876 0.17171282 0.29805791
v -0.21570750 0.17805851 0.08285850
v -0.23292516 0.16643193 0.13069025
v 0.22434950 0.15862875 -0.03338300
v 0.18364000 0.17685100 0.18101101
v 0.13466200 -0.17088550 0.24220587
v 0.12913124 -0.18111500 0.23683099
v 0.19179684 0.07418302 -0.17565536
v -0.16783363 0.17670041 -0.10860769
v 0.19426268 0.08063819 -0.15645675
v -0.14324668 -0.18586062 0.22668999
v -0.14021575 -0.18205325 0.23285712
v 0.13211225 0.17471924 0.17194851
v 0.19088174 0.08033675 -0.14112575
v 0.13305999 -0.16776951 0.01884850
v -0.19592801 0.18045400 -0.00500825
v -0.19750200 0.18047400 -0.00136550
v 0.22301060 0.15853244 -0.00475347
v -0.21085700 0.19301100 -0.22064900
v -0.04601850 -0.16114600 -0.03743950
v -0.04837550 -0.16137250 -0.04123150
v -0.05059300 -0.16266499 -0.03897700
v -0.13563800 -0.16166800 0.01047100
v -0.14266050 -0.19166400 0.22210599
v -0.16728528 0.17685877 -0.14293762
v -0.16262962 0.17664087 -0.16333875
v 0.13110775 -0.16874024 0.03823956
v -0.00507800 -0.16268900 -0.19075300
v 0.19624637 0.10176919 -0.06834912
v 0.19413775 0.08765778 -0.12490003
v 0.12072725 -0.16781574 0.02889825
v 0.19203381 0.09206206 -0.09795750
v -0.16924894 0.18038769 -0.14260797
v 0.22529037 0.16134401 -0.19980487
v 0.15843725 0.17353299 0.13522425
v -0.23523612 0.16799162 0.06194000
v -0.13560313 -0.18209393 0.23841675
v -0.22923538 0.17505662 0.05118300
v 0.20674799 0.18711850 0.03457550
v 0.20784500 0.18698600 0.03708300
v -0.21257401 0.17085150 -0.00656150
v -0.19924282 0.18277268 -0.05670356
v 0.21777076 0.18463938 -0.00820819
v -0.16004150 0.18946999 -0.20079650
v 0.16067401 0.16290237 0.29435289
v 0.16589412 0.17167950 0.29572675
v -0.13437025 0.17518750 -0.31062675
v -0.21519025 0.17782575 -0.06579000
v -0.21345100 0.17651699 -0.01246000
v -0.17088100 0.18205500 -0.20023800
v 0.06169025 -0.16425399 0.06043200
v -0.19835584 0.18273766 -0.09808034
v 0.16458912 0.01196550 0.25590324
v -0.17341413 0.18247856 -0.20407182
v -0.20941134 0.17408028 -0.08357988
v -0.22650900 0.17650950 -0.02967650
v -0.22459975 0.17690000 -0.02849400
v -0.04684500 -0.16102301 0.01568900
v -0.15535225 0.17562738 -0.30920213
v -0.17296749 0.18211550 -0.24674025
v -0.17835949 0.17266400 -0.28058201
v -0.20729400 0.15756699 -0.19598176
v -0.23186487 0.16794956 -0.07350381
v -0.21943213 0.14313900 -0.19942275
v -0.21910051 0.14368600 -0.20138174
v -0.17261888 0.17546475 -0.28620836
v -0.17591313 0.17671162 -0.28648275
v -0.22577900 0.17679501 -0.06821300
v -0.19094425 0.16667375 -0.29775119
v 0.15228049 -0.16802600 0.24334501
v -0.18067357 0.17374504 -0.27897149
v 0.17969701 0.17732500 0.29413599
v 0.18597150 0.01958150 -0.24828650
v -0.23626706 0.16782153 -0.11633200
v -0.18169475 0.18665625 -0.26492488
v -0.20446000 0.19353750 -0.24555101
v -0.20233950 0.19313949 -0.24238651
v 0.20204900 0.15941399 0.16151001
v 0.20415562 0.16006900 0.16430013
v 0.22016050 0.16222949 0.02258825
v 0.22102162 0.16389413 -0.00331262
v -0.19941349 0.17493388 -0.25975776
v -0.18524900 0.18298450 -0.25988549
v -0.18473899 0.18235700 -0.25847501
v -0.23569900 0.17950501 -0.06510300
v -0.22045200 0.17796700 -0.24399900
v -0.19406518 0.18336876 -0.22268538
v -0.20419601 0.16523550 -0.24848050
v -0.21225500 0.17820100 -0.18876401
v 0.18677101 0.06856025 0.16850600
v -0.18764675 0.18901016 -0.25688466
v -0.06509625 -0.16290025 0.01597900
v -0.19962400 0.17231987 -0.25813749
v 0.17744425 0.16218187 0.29018962
v -0.18649501 0.17812900 -0.28449801
v -0.18817174 0.17745049 -0.27939686
v 0.16757800 -0.16674100 0.18358549
v 0.16752049 0.16525225 0.29090199
v -0.20718454 0.17713891 -0.24466822
v -0.20561300 0.17323899 -0.24101301
v -0.19377901 0.17757250 -0.29451799
v -0.23440531 0.16827369 -0.18928106
v 0.21864632 0.16120747 0.11483197
v -0.18259200 0.17801650 -0.29265949
v -0.08816200 -0.16181201 0.25119051
v 0.15271901 -0.17649150 0.21571299
v -0.19492801 0.19300701 -0.27761000
v 0.18112050 0.16032401 0.26434299
v 0.16765501 -0.17100000 0.17357300
v 0.13371150 -0.19352475 0.21369575
v 0.16462304 -0.17038982 0.15354028
v 0.21665600 0.14910699 0.12503751
v 0.15949000 -0.16807599 0.19665600
v 0.19514681 0.10394600 0.04026834
v 0.21344510 0.16689165 0.26508561
v 0.22318000 0.13924050 0.12632500
v 0.22767840 0.17230859 0.09972578
v 0.22749338 0.17162518 0.11904813
v 0.19467700 0.16813900 0.24533425
v 0.18475385 0.05339403 -0.01679144
v -0.03996900 -0.16126201 0.06491900
v 0.12196575 -0.17305925 0.24288000
v 0.12048825 -0.18228576 0.20342074
v 0.19042949 0.09304250 0.04729300
v 0.20542331 0.15095025 0.15767349
v 0.21294731 0.14558144 0.18506318
v 0.22652763 0.16622606 0.20044087
v 0.16659801 -0.17140201 0.04529500
v 0.11805450 -0.16301875 0.17132124
v 0.18722001 0.16719800 0.28138700
v 0.12477600 -0.16642199 0.17644450
v 0.12871400 -0.16750650 0.08958050
v 0.21939075 0.16267963 0.08079025
v 0.16780800 -0.16792500 -0.03341400
v 0.21074775 0.18568975 0.15067101
v 0.11993450 -0.16320200 0.15501800
v 0.09957600 -0.16268051 0.17568550
v 0.14599700 -0.16761200 0.24619700
v 0.12507001 -0.16525500 0.01506875
v 0.12300500 -0.16395600 0.01334800
v 0.07654900 -0.16500500 -0.03066700
v 0.04496400 -0.16322400 -0.02862150
v 0.16699225 -0.16931476 -0.16236626
v 0.16703200 -0.16825999 -0.15255100
v 0.16980700 -0.17831200 -0.19901100
v 0.11264200 -0.18199749 -0.24953750
v 0.16052175 -0.18235156 -0.21093149
v -0.20482101 0.17800400 -0.28343400
v 0.15684047 -0.17507960 -0.21435831
v 0.19094124 0.07980075 0.14268325
v 0.02179250 -0.16560900 -0.22264250
v 0.18241049 -0.02238450 0.21227100
v 0.15860513 -0.17416032 -0.22997156
v 0.15657088 -0.17139076 -0.21964325
v 0.07760400 -0.16584700 0.20821300
v 0.23062511 0.16405614 -0.09604406
v 0.13151200 -0.19498900 -0.22944251
v 0.05221200 -0.16227899 0.10077200
v -0.05944300 -0.16873550 0.24393649
v -0.18313199 0.19137999 -0.29351500
v 0.13589101 -0.19267200 -0.22341800
v 0.12278125 -0.18295725 -0.21582524
v 0.14664075 0.07230350 0.26933324
v -0.15176287 -0.16724475 0.23391013
v -0.03151800 -0.14149000 0.25406900
v 0.19066150 0.07494950 0.16919801
v 0.16598563 0.06759069 0.25947830
v 0.12968101 -0.16746500 -0.15407400
v 0.12668400 -0.16683599 -0.18774800
v 0.12006813 -0.18691212 -0.23275700
v 0.12178100 -0.16372401 -0.18326575
v -0.00152309 -0.16681825 0.25432041
v 0.13243499 -0.16700900 -0.21373899
v 0.11993300 -0.16708951 -0.21676899
v 0.21537000 0.18553400 -0.03515950
v 0.05765400 -0.16269000 0.11464400
v 0.12012775 -0.17772800 -0.23368725
v 0.17326476 0.06752113 0.25493526
v -0.03652650 -0.17002074 0.25462750
v -0.03795100 -0.17146499 0.24805625
v 0.18076900 0.06562100 0.24527299
v 0.12053187 -0.16776712 -0.23956338
v 0.16051476 -0.17029612 -0.23868001
v 0.02575300 -0.16267700 0.07004200
v 0.02301325 -0.16339825 0.07101325
v 0.20667900 0.16975625 -0.05007475
v 0.06957719 -0.16307537 -0.09134428
v 0.22162651 0.16306549 -0.15159550
v 0.10787837 -0.17897637 -0.25288001
v 0.11481213 -0.16645475 -0.19123587
v 0.16167237 -0.18153350 -0.20697412
v 0.11814000 -0.17447500 -0.24202301
v -0.03372813 -0.16789913 0.24832299
v 0.07970025 -0.17203175 0.25061300
v 0.18044113 0.07937112 0.25398862
v 0.11227075 -0.18545875 -0.25840938
v 0.12127540 -0.18438007 -0.25095269
v 0.12803850 -0.16976963 -0.25406924
v 0.13670588 -0.16970325 -0.25187936
v 0.12475313 -0.18441163 -0.25849974
v 0.12905100 -0.16748200 0.04893600
v 0.03839175 -0.16213500 -0.02729125
v 0.03094700 -0.16164701 -0.03762100
v 0.06224600 0.15480475 0.29403001
v 0.13536450 -0.18532875 -0.24673738
v 0.18146300 0.01553400 0.19205301
v 0.17995700 -0.00082500 0.19550399
v 0.11347500 -0.18329901 0.20990551
v 0.19490100 0.11410500 0.19561400
v 0.12784275 -0.16708250 -0.10547700
v 0.12966950 -0.16784149 -0.11439300
v 0.01973700 -0.16155900 -0.07612700
v 0.04787587 0.15571581 0.28379574
v -0.05098331 -0.16481294 0.20912762
v 0.02513600 -0.16637500 0.25410300
v 0.15393899 -0.16557200 0.24256100
v 0.17830800 -0.02080100 0.20401201
v 0.02177900 -0.16351099 -0.08490200
v 0.16420551 -0.16925550 -0.21258301
v -0.08223275 -0.16963987 0.25018999
v 0.16874000 -0.18270449 -0.23441499
v 0.22428100 0.17501000 0.21741401
v 0.22183400 0.17792000 0.22195999
v 0.22747800 0.16631900 0.15727200
v -0.11208300 -0.16198200 0.19686800
v 0.16861862 -0.18397069 -0.20300893
v 0.16542900 -0.17649688 -0.19470251
v 0.16889900 -0.17780501 -0.19633700
v -0.09524400 -0.16428450 0.25103626
v 0.18580282 0.05616775 -0.06590669
v -0.20806600 0.19276901 -0.17014450
v -0.23460600 0.17462599 -0.13276500
v -0.23437200 0.17986301 -0.13361099
v 0.09286300 -0.16576651 0.20657350
v 0.09441300 -0.16415600 0.20144100
v 0.09363800 -0.16496125 0.20400725
v 0.09508850 -0.16771750 -0.25541899
v 0.02102275 -0.16369225 -0.17743450
v -0.23779579 0.16740528 -0.08473091
v 0.02816700 -0.16357000 -0.21693601
v 0.19230600 0.10248637 0.02656363
v 0.08853300 -0.16813400 0.25116500
v -0.20822699 0.16021325 -0.16625924
v -0.20836174 0.15975812 -0.16536188
v 0.02000812 -0.16338375 -0.20707862
v 0.18870100 0.03573600 -0.23495100
v 0.17310688 -0.14707226 0.01614475
v 0.17416675 -0.14794526 0.02122750
v 0.08170500 0.06883600 0.26706100
v 0.21964613 0.17052400 0.13659137
v -0.11812100 0.00368400 0.26019049
v 0.11512781 -0.16661282 0.20713881
v -0.23732400 0.17218751 0.01670000
v -0.20709500 0.14458600 -0.15770701
v 0.11941900 -0.17141651 0.23127900
v 0.21939400 0.16970450 0.09349500
v -0.20344700 0.11883100 -0.18363500
v -0.00739650 0.14143500 0.27794400
v -0.01261675 0.14550850 0.27826351
v 0.20731100 0.17422700 0.14181800
v 0.20372599 0.17214300 0.15135550
v 0.14915000 0.17424950 -0.23691501
v 0.16568500 0.17408399 -0.30279350
v 0.19298318 0.10081544 -0.05431681
v 0.13069925 -0.17063275 0.23488450
v 0.00478225 0.15764925 0.27993774
v 0.16835900 -0.16416800 0.17279200
v -0.11077675 0.18830176 -0.28194749
v 0.16185363 0.17098437 -0.31096461
v -0.16944538 -0.18179625 -0.23653412
v 0.22108676 0.15957850 0.02989050
v 0.20792800 0.17396450 0.10674600
v -0.00197625 0.19259188 0.28499937
v -0.01449462 0.18956044 0.28497857
v 0.20909600 0.17405900 0.10885300
v 0.22862750 0.17679849 0.01969325
v -0.01602250 0.18228000 0.27074900
v -0.01398400 0.18012901 0.27031499
v -0.13057837 -0.16876963 0.24374551
v 0.07940263 0.18079825 -0.09674700
v 0.22966075 0.17095625 0.02413425
v 0.22278966 0.16966258 0.01916196
v -0.22421300 0.17732500 -0.20435899
v -0.13138400 -0.16536300 0.24103300
v -0.12713376 -0.16847774 0.24408300
v -0.05138138 0.17384624 0.28457811
v -0.00198550 -0.16538151 -0.22338399
v -0.14879575 -0.19325975 0.21615700
v -0.15253162 -0.19352324 0.21878988
v -0.14462122 -0.18904813 0.21215884
v -0.19961450 0.17276549 -0.29083574
v -0.23306200 0.18344650 -0.11785700
v -0.23132600 0.18487625 -0.12076050
v 0.06587050 0.06828150 0.26706475
v -0.13267125 -0.17524500 0.20457400
v -0.19554691 0.06366993 0.02437856
v 0.22571200 0.16006100 -0.03230600
v -0.23560800 0.17673250 -0.08935750
v -0.05081700 -0.16097900 -0.02561900
v 0.16487688 0.17762350 0.25743049
v -0.21067087 0.17702763 -0.16284350
v -0.21515501 0.17790850 -0.15241125
v -0.23696975 0.16926897 -0.10602953
v -0.19814201 0.16500349 -0.26323700
v -0.19561926 0.18847325 -0.18875413
v -0.17866100 0.17611200 -0.30564699
v -0.19217503 0.02061294 0.08146513
v -0.19486581 0.01511722 0.11715450
v -0.07587312 0.18567969 0.19897163
v -0.17858700 -0.03990300 -0.25895399
v -0.01645425 0.08535550 -0.28593951
v 0.16241613 0.17629850 0.23363738
v -0.17057359 0.16751614 -0.31354284
v -0.20989101 0.16632999 -0.12875475
v -0.10192200 0.18529899 0.18546700
v 0.22082381 0.16231291 -0.03373131
v -0.13386500 -0.16101900 0.14985900
v 0.05830313 0.17765212 -0.31733826
v 0.19371600 0.07241200 -0.24094300
v 0.18757001 0.17678800 0.10558800
v -0.13986000 0.17627950 0.22103301
v -0.14034399 0.17662875 0.22491325
v 0.18943700 0.17876300 0.13061100
v -0.17718475 0.18254150 -0.21862750
v -0.01641400 0.15419701 -0.31928200
v -0.13534200 0.18069850 0.20493950
v 0.16254525 0.17766300 0.21138850
v -0.19679449 0.18333200 -0.15968500
v -0.15989675 0.16964462 -0.30641276
v -0.07947875 0.16481650 0.28059837
v 0.02751650 -0.11493300 -0.27257201
v -0.06660850 0.16637126 0.28669751
v -0.14770000 0.17780951 -0.31563899
v -0.23605099 0.17929800 -0.01006000
v 0.18697600 0.05842800 -0.25066650
v 0.18848374 0.06828450 -0.24933250
v -0.19274491 0.04110875 -0.20246065
v -0.03567988 0.19473200 -0.29579863
v -0.01445500 0.17916501 0.23989700
v -0.17591350 -0.14077950 -0.24953350
v -0.17501025 -0.14583725 -0.24997824
v 0.01970712 0.18430325 0.12594162
v -0.22618550 0.17624700 0.03333150
v 0.15952051 -0.16912749 0.20270801
v 0.13111350 0.17017750 0.27804375
v 0.12491550 0.16327301 0.30495575
v -0.21626504 0.17790125 0.01681863
v 0.22739349 0.18000163 -0.06194625
v 0.20643850 0.16806351 -0.02987450
v -0.13773800 0.17762700 -0.30770999
v 0.17854744 0.17777500 0.14050993
v -0.17453825 -0.18050000 0.21272226
v 0.21872000 0.18424800 -0.07071900
v -0.21268851 0.17106612 0.00655281
v -0.20821525 0.14783075 -0.11481675
v -0.00382175 0.18159537 0.30264676
v -0.19979787 0.18416087 -0.00235125
v 0.08006000 0.16335849 0.30712649
v -0.17628349 -0.18055426 0.23410875
v -0.17702900 -0.17784275 0.23331849
v 0.22831875 0.17927712 -0.09308681
v 0.22235000 0.17209400 -0.12058500
v 0.11282350 0.17727426 0.30370051
v 0.11160700 0.17603925 0.30441424
v -0.20804900 0.17801499 -0.25324899
v 0.22963500 0.17313150 -0.12263150
v -0.23780400 0.16904737 0.11802725
v -0.19984922 0.18221147 0.02628456
v 0.20799750 0.17302400 -0.05220012
v -0.17245300 -0.17070100 -0.22286175
v -0.01481050 0.17016201 0.28969851
v 0.22351125 0.16015275 -0.15362824
v -0.19893757 0.17813960 -0.29908460
v -0.19896129 0.18762054 -0.09125203
v -0.23677126 0.17249800 -0.02999025
v 0.20561001 0.18724699 -0.00655300
v -0.12958799 0.18197700 -0.27728400
v 0.07957200 0.18590650 0.02923550
v -0.23556726 0.17999600 -0.04092425
v 0.16448650 0.17778151 0.11251050
v -0.23428200 0.18258600 -0.08591075
v -0.10150100 0.18129800 -0.31687599
v -0.17116393 -0.16634275 0.20689431
v -0.17761000 -0.16499700 0.19842800
v -0.17922924 -0.17583688 0.19849950
v -0.22837937 0.17567275 0.17715150
v -0.08457638 0.18834238 -0.28390089
v -0.15147300 -0.19228876 -0.24251500
v 0.18986601 0.18667150 -0.28722000
v -0.17758100 -0.16825700 0.20120201
v -0.19829337 0.07847500 -0.24483800
v -0.19687900 0.07560950 -0.24840400
v -0.16651900 0.17589401 -0.03922000
v -0.21105801 0.17179251 0.09765675
v 0.08590550 0.16327900 0.30442899
v -0.19309776 0.07487162 -0.25738749
v 0.14944600 -0.16820399 0.02563525
v -0.23341300 0.16717499 0.19267701
v -0.21120675 0.17628762 0.14580213
v -0.21751399 0.17831700 0.12589300
v -0.13710335 -0.04863285 0.25498739
v 0.08256694 0.16550162 0.30694669
v -0.17978525 -0.16562900 0.19351725
v 0.13074601 -0.16791700 -0.05571900
v -0.13793676 -0.16331124 0.01518950
v 0.11392775 0.18072601 0.15618275
v 0.20092724 0.18698750 -0.07067350
v 0.20614900 0.18722001 -0.06987200
v 0.19259496 0.17851664 -0.08821322
v 0.15684775 0.07261813 -0.27944499
v 0.00647500 -0.09216825 -0.27437326
v -0.07279050 0.17672700 -0.30811501
v -0.19909750 0.18681125 0.17835775
v 0.20576100 0.17066801 -0.20164450
v 0.21977900 0.17336300 -0.20192400
v -0.19549212 0.07491575 -0.18916075
v -0.20021901 0.19274150 -0.23922201
v 0.22638257 0.17988822 -0.17661951
v -0.22601300 0.18380199 0.24728900
v 0.06508438 0.14908788 0.29111549
v 0.21611910 0.15983413 -0.19148865
v 0.20658000 0.18720600 -0.03296300
v 0.20597650 0.17108224 -0.17313275
v -0.06869850 0.17430826 -0.30885926
v -0.07020925 0.17620450 -0.30888349
v 0.22472475 0.16422687 -0.25545037
v 0.21644400 0.16442300 -0.27604100
v -0.19701800 0.08476100 -0.08826200
v 0.05946987 0.16308112 0.30305943
v -0.20021494 0.10722928 -0.00706047
v -0.14054750 0.17583400 -0.00731650
v -0.14277600 0.17554700 -0.01607800
v 0.12420600 0.18056300 0.30041999
v 0.12146200 0.18161850 0.29914850
v -0.13805200 0.17931800 0.01365150
v -0.19491425 0.18062600 0.20700724
v 0.13678400 0.17084900 0.27802050
v 0.04779850 0.14681201 0.28690550
v -0.16801751 0.17625950 0.13419650
v -0.02934300 -0.16163650 0.13807225
v 0.04681625 0.14681062 0.28680050
v 0.22006300 0.17670500 -0.26587600
v -0.06087000 0.18121600 -0.25190401
v 0.05155569 0.15422282 0.30195761
v 0.05458269 0.15904032 0.30093437
v -0.13158444 -0.16595513 0.24760644
v 0.23065150 0.16569263 0.01476494
v -0.03981525 0.19045950 -0.29165325
v -0.17885800 0.03930950 -0.26777050
v 0.08936600 0.18431200 0.20959800
v -0.13833547 0.17941834 0.07364059
v 0.13425775 0.17385700 0.00025075
v 0.21054700 0.17075300 0.25910500
v 0.17179900 0.17449699 0.27546099
v 0.21648151 0.17330250 0.14879425
v -0.06508200 0.15564200 -0.29226899
v 0.04135900 0.15292899 0.28687799
v 0.05234050 0.16687074 0.31800500
v 0.21619700 0.17372800 0.20933700
v -0.08945980 0.18470368 -0.10210394
v 0.21253738 0.17793481 -0.28052548
v 0.19907625 0.16426575 -0.28535101
v 0.18645281 0.05289830 -0.10837521
v -0.10893806 0.18129519 0.00578006
v 0.19901450 0.17190050 -0.25893050
v -0.17313075 0.17690213 0.22359787
v 0.04975237 0.17570788 0.30134487
v -0.11719313 -0.16362774 -0.19485575
v -0.01426500 -0.16075300 -0.03424900
v -0.11177100 0.17985199 -0.02161600
v 0.16310638 0.17387375 -0.15920137
v -0.00007800 0.18122400 -0.31670350
v 0.02949500 0.15485175 0.28751451
v -0.18155000 0.17064600 0.26628101
v 0.19205500 0.17417300 -0.28987700
v 0.14038976 0.13306831 0.27547124
v 0.12190856 0.13114096 0.27626318
v 0.04389300 0.17778599 0.30283299
v 0.21521725 0.16385700 0.23398700
v 0.12945400 0.17836100 -0.01053000
v -0.16304199 0.18101101 0.29822400
v -0.01312200 -0.16151750 -0.16684049
v 0.18836799 0.17893299 -0.24433900
v 0.18360674 0.17772375 -0.25116625
v 0.18744500 0.16413562 -0.30281636
v 0.19578400 0.16813500 -0.29764599
v -0.14096200 -0.16494700 -0.11175000
v -0.17080100 0.16402601 0.27325100
v 0.13072500 0.17821699 -0.06920900
v -0.17014000 0.17080088 0.27098462
v 0.04418600 0.18690525 0.30644375
v 0.19374999 0.18627900 0.14897500
v 0.19671263 0.18001388 -0.29301551
v 0.16103925 0.17350025 -0.17094475
v 0.04273105 0.18431103 0.23456095
v -0.17098600 0.17684899 0.27404949
v -0.01196400 0.18935700 -0.28927499
v -0.15125738 -0.19286163 -0.24088188
v 0.03311700 0.18200400 0.28886801
v -0.01913000 0.18206701 -0.21289825
v -0.13450700 -0.16419300 -0.21573700
v 0.17208225 0.18008450 -0.26044399
v -0.18565369 -0.16727112 -0.06061156
v 0.22988769 0.16651134 -0.20696475
v 0.10261525 0.17971425 -0.00236975
v 0.01056444 0.19046557 -0.29855406
v 0.01799688 0.17153662 0.28902999
v -0.10347500 0.07114800 -0.28071299
v 0.12419700 -0.16593900 -0.07600900
v 0.12659700 -0.16660251 -0.08902075
v 0.00402675 0.17670381 0.30012462
v 0.00583950 0.17662600 0.29953200
v -0.19928965 0.07437794 0.17778669
v -0.08208025 0.18787774 0.09486200
v -0.08229600 0.18768300 0.09277100
v 0.02231400 0.18393800 0.23529001
v -0.00034600 0.15934400 -0.29190999
v 0.01050012 0.18840544 0.28444362
v -0.15097050 -0.16911650 -0.24978399
v -0.01374925 0.15640150 0.31603026
v -0.01512350 0.15698850 0.31665999
v -0.03776850 0.16271649 0.31836051
v -0.04502337 0.18563679 0.05387709
v 0.09065300 0.18393700 0.07958400
v -0.00358416 0.17943425 0.29955447
v -0.03268775 0.14533375 0.27828875
v 0.13368151 0.17424300 -0.23363000
v -0.07811450 0.18821387 0.18700713
v -0.13989925 0.17447600 0.29559174
v -0.02533038 0.15437187 0.30854499
v -0.09814800 0.18593851 0.23224050
v -0.16628070 -0.16690692 -0.22350508
v -0.16566700 -0.16710000 -0.22914299
v -0.17596775 -0.16643125 -0.20039774
v -0.02616200 0.18155900 0.19998300
v 0.03071978 0.18510860 0.11119075
v 0.13100575 0.17873424 -0.22383125
v -0.06380400 0.18512900 0.10563400
v -0.02710700 0.18155000 0.29060900
v 0.16905800 -0.15868001 0.16463500
v 0.12145638 0.16336225 -0.30792749
v -0.17744850 0.17510925 -0.31046900
v -0.17610200 0.17565350 -0.31074250
v -0.11871512 0.16684413 0.29533663
v -0.21832125 0.15553126 -0.19485925
v -0.07184600 0.18523949 0.20229200
v -0.19282019 0.01159931 0.10597012
v -0.05569300 0.18082701 0.16615500
v 0.00099722 0.17552499 0.28239593
v 0.13022250 -0.16769750 -0.03804900
v -0.04550500 0.15304200 0.30652449
v -0.18525888 -0.16946800 -0.01716200
v -0.18429781 -0.16916913 -0.01792075
v 0.12267175 -0.17911400 0.24807025
v -0.06290825 0.14192650 0.29872024
v -0.18391512 -0.16889888 -0.03778087
v -0.03665544 0.17068169 0.28586605
v -0.06260700 0.14632937 0.28997901
v 0.12401400 0.18720400 -0.27541050
v -0.05990200 0.07010063 0.26535025
v 0.01787619 0.18550225 0.02652550
v -0.19573750 0.02603250 0.20587149
v -0.20705526 0.13657075 -0.09262925
v -0.20763975 0.14166600 -0.09861975
v -0.06188575 0.18494751 0.23386425
v 0.05495000 0.14994700 -0.31771699
v 0.05453350 0.15508351 -0.29677549
v 0.05425800 0.14649400 -0.31367600
v 0.05668081 0.14661676 -0.30154607
v -0.23461400 0.18020850 0.15399601
v 0.10596800 0.17537899 -0.30177301
v 0.00132600 0.18750800 0.02908700
v -0.08955050 0.06111100 0.26534224
v -0.23318650 0.18074450 0.20544550
v 0.03620500 0.18130200 0.10440400
v 0.09005488 0.17467751 -0.30970618
v -0.06984125 0.15684700 0.28483576
v -0.19277200 -0.00763400 0.22966599
v -0.11686250 0.16524750 0.30146551
v -0.06218400 0.17483300 0.30974001
v -0.19328550 -0.00781450 0.22283450
v 0.09000350 0.18531400 0.05393550
v -0.05397900 0.18941700 0.28605101
v 0.05582650 0.18100150 -0.11512200
v -0.03697206 0.18341653 0.20036237
v -0.02444800 0.18122500 0.15983300
v -0.05616100 0.18562700 0.30900800
v -0.05491900 0.18753099 0.30835500
v -0.05740300 0.18372300 0.30966100
v -0.16351250 0.07156000 0.26333049
v 0.05943975 0.18383600 -0.11710775
v 0.04286550 0.18434501 -0.12169050
v -0.06605850 0.18564451 0.30755901
v -0.23307475 0.18202975 -0.15350525
v -0.06424650 0.16352688 0.30160639
v -0.10570900 -0.00359800 -0.27596751
v 0.09012800 0.18415400 -0.08652700
v -0.07763562 0.16907687 -0.31076151
v -0.09014600 0.17698100 0.28357601
v -0.04053200 0.18109700 0.29579899
v 0.10517181 0.17956343 -0.23709956
v -0.02794825 0.15092388 0.28310001
v 0.10075200 0.18440101 -0.22188200
v -0.16340300 -0.16451250 -0.25780001
v -0.10014850 0.16905600 0.29659700
v -0.01580650 0.19411775 0.28344700
v -0.19057874 -0.00135381 0.08247450
v 0.04300100 0.18527700 0.06560200
v 0.04200100 0.18521900 -0.21403575
v -0.07210038 0.18166500 0.19158231
v 0.12062088 0.18572463 -0.24722956
v -0.05224600 0.15366600 0.30589801
v -0.18847200 0.07131400 0.25014800
v -0.04756900 0.16050901 0.31785700
v -0.03694338 0.17774050 0.30596799
v -0.01807894 0.18139088 0.30300775
v 0.16917500 -0.14183800 0.18758699
v -0.07883975 0.18422949 0.17563500
v -0.07637950 0.18554001 0.21191850
v 0.06877600 0.18519600 0.00822900
v 0.05838900 0.18900800 -0.30141601
v -0.03001400 -0.00449900 -0.27738601
v 0.00108306 0.18588327 0.28194109
v 0.01845100 0.15457900 -0.29962349
v 0.04460550 0.18938200 -0.29056901
v -0.14086500 0.16971549 0.30133501
v -0.10793700 0.16854000 0.30335799
v 0.00286250 0.15413500 -0.29976475
v 0.00810350 0.15468700 -0.29969600
v -0.00903487 0.15132312 -0.29956886
v -0.03656200 0.17869300 0.29672599
v 0.07951700 0.18125200 -0.00313400
v -0.07314300 0.18127801 0.08559800
v -0.06157200 0.18545499 0.06715000
v -0.13840312 0.17584576 0.27441064
v -0.21283500 0.17727800 -0.20309700
v 0.00054750 0.16150451 -0.29921675
v -0.00974525 0.15210213 -0.29946163
v -0.18022349 -0.17020275 -0.18268275
v -0.15567701 0.17436400 0.29481751
v -0.00807650 0.14674149 0.28807399
v -0.10987513 0.10668413 0.27242312
v -0.15427600 0.17705899 0.29155001
v -0.11044500 0.18017951 0.15291500
v 0.13412344 0.17628457 -0.17759013
v 0.13376100 0.17666900 -0.15184200
v -0.07453700 0.18223925 0.00161525
v -0.01042500 0.14565100 -0.29099199
v -0.18136300 -0.10539400 -0.24382301
v -0.17944036 -0.16514689 -0.10773480
v -0.01103850 0.14878450 0.28763151
v -0.00619519 0.15931512 0.28553542
v 0.03324000 0.17877400 0.23923700
v 0.05515900 0.17861250 0.24329150
v -0.07516325 0.18620850 -0.04725087
v -0.19587600 0.16701750 0.28594601
v 0.13383275 0.17563963 -0.13162625
v -0.10274250 0.07178550 -0.28102300
v -0.01665500 0.12785250 -0.28927749
v 0.05294325 0.14212275 -0.29011300
v 0.13611600 0.17353900 -0.16621800
v -0.18816601 0.17632300 0.28494751
v -0.18652751 0.17607200 0.28624049
v -0.10828150 0.18243150 0.03490750
v -0.10862900 0.18113700 0.03360100
v -0.01382400 0.18565901 0.03293000
v -0.17839400 -0.10268100 -0.25103599
v 0.16756400 0.17821400 -0.20935200
v 0.16255337 0.17750463 -0.21032688
v 0.16334037 0.17729825 -0.20660688
v -0.00296475 0.15849225 0.31769726
v 0.18874800 0.17543399 -0.30133399
v 0.16115700 0.17477100 -0.18978800
v -0.17262550 0.17856050 0.21283300
v -0.18486300 0.18271600 -0.30684999
v -0.18864200 0.16976650 0.29290900
v -0.18652150 -0.16664700 0.00394700
v -0.19063815 0.01267831 -0.24014468
v -0.18965825 0.01416050 -0.24837038
v -0.14580762 -0.19374187 -0.23427063
v -0.06264287 0.14905275 -0.29848689
v -0.20370650 0.17068399 0.28396282
v 0.03199288 0.17084213 0.28508201
v -0.12865999 -0.18437700 -0.24075975
v -0.13008450 -0.17669401 -0.24622150
v -0.12862006 -0.17749526 -0.23286763
v -0.20045462 0.10389013 0.04451619
v 0.11830287 0.06848393 -0.27861813
v -0.18652125 -0.16230662 0.02329125
v -0.18629450 -0.15965000 0.02091700
v 0.19039226 0.18505099 -0.24596563
v -0.12865099 0.17981300 0.03905000
v -0.14101550 -0.19167051 -0.23077776
v -0.13775800 -0.18656801 -0.23180500
v -0.16999550 0.17720312 0.16801600
v -0.21463300 0.19226900 -0.18831401
v -0.20379025 0.10746975 0.03702650
v -0.22923601 0.17244700 0.24821700
v 0.11170875 0.17978038 0.05450475
v -0.20299700 0.17806600 0.27498499
v -0.23246750 0.18333650 -0.15611050
v -0.23328650 0.18174499 -0.15325500
v -0.23067950 0.18545251 -0.12547749
v -0.16131300 -0.17915900 -0.25854000
v -0.07761850 0.18597449 -0.20944200
v -0.19704750 0.18937150 0.24161400
v -0.20913474 0.19113950 0.17560226
v -0.06908056 0.16731387 -0.30055436
v -0.09003656 0.18523681 -0.19508497
v 0.13402012 0.17455888 0.00136287
v -0.06651675 0.18284100 -0.31485176
v -0.19499750 0.18181525 0.20066001
v -0.19912051 0.18756551 0.18881550
v -0.19652937 0.18103588 0.18752500
v -0.22401699 0.18928200 -0.13163701
v -0.22252899 0.17037800 0.24530201
v -0.10558050 -0.16228899 -0.21595401
v -0.20299700 0.11369600 -0.18168300
v -0.18584500 -0.09614300 0.08519200
v -0.16533449 0.17836025 -0.23896199
v -0.23443700 0.18224651 0.08908700
v -0.23339300 0.16923501 0.23943000
v -0.11132800 0.16458900 -0.31573501
v -0.20987050 0.17286751 0.15099150
v -0.18300000 0.07223275 -0.26649651
v 0.19693600 0.18618050 -0.16140750
v 0.20369700 0.18787774 -0.18364750
v -0.23546025 0.17733175 -0.08884200
v -0.23673850 0.17024350 -0.10147850
v 0.20403600 0.18790799 -0.17909300
v -0.11241750 0.18555400 -0.21445049
v -0.22674900 0.17817450 0.22441900
v 0.10297623 0.03612080 -0.27689487
v -0.22579899 0.17813399 0.19284999
v 0.11382200 -0.16646200 0.20938000
v -0.10467900 0.17705500 -0.30843401
v -0.10577700 0.16715600 -0.30900699
v -0.21198650 0.16477451 0.08055150
v 0.17155966 -0.16917831 -0.16631082
v -0.12780049 0.16968150 -0.30835801
v -0.20248850 0.11360050 -0.20264600
v 0.06611275 0.15465775 0.28083426
v 0.06356637 0.15625900 0.28488749
v -0.14356750 -0.16520350 0.03311450
v -0.21215799 0.16926250 0.01491750
v -0.21217400 0.17253800 0.01566200
v -0.20014399 0.18637200 0.03546000
v 0.22443800 0.18052000 -0.24733500
v 0.22772799 0.17269924 -0.22044669
v 0.19402288 0.18337563 -0.09920938
v -0.23268163 0.16837788 0.10836037
v 0.21618275 0.13982287 -0.19869837
v -0.10387600 0.17727900 -0.30675399
v 0.23069081 0.16789825 -0.15782504
v -0.14363900 -0.16530800 0.05741500
v -0.21178800 0.16519825 -0.04647775
v -0.03207500 -0.16294500 -0.21803400
v -0.23292901 0.17131400 0.04113900
v 0.22068425 0.16340825 -0.22488400
v 0.21851151 0.18411112 0.06797650
v 0.14668050 0.16504151 0.27725151
v 0.14475600 0.15999550 0.27773950
v -0.23128501 0.17438599 -0.02642500
v -0.17144950 0.18225899 -0.24804351
v -0.20667800 0.16547351 -0.23078150
v 0.21184838 0.16962700 -0.19936837
v -0.23201650 0.16808499 -0.05285800
v 0.13233300 0.17447150 0.17022400
v -0.22948518 0.17508516 -0.04894369
v -0.21470299 0.14386925 -0.19654675
v -0.20932569 0.16362213 -0.20253831
v -0.03666950 -0.16531500 0.22536574
v -0.23306701 0.18413299 -0.04316100
v 0.03694350 -0.16224401 -0.09304600
v -0.19500931 0.18922353 -0.20121101
v -0.20467976 0.19246325 -0.17389750
v -0.21003100 0.17518251 -0.19993550
v -0.22853987 0.17104150 -0.14651725
v 0.16924500 -0.13706601 0.19660500
v -0.21387856 0.17728341 -0.19860169
v -0.21575150 0.19190501 -0.16807750
v 0.14883099 -0.16956501 0.20458700
v 0.21361850 0.18494600 0.12804000
v 0.21809037 0.18330462 0.13148907
v -0.13700899 -0.16272700 0.14863101
v 0.12196925 -0.17642000 0.20440499
v 0.11398500 -0.18641375 0.21744324
v 0.11746000 -0.17985094 0.20433600
v 0.16644800 -0.16863425 0.04814975
v 0.16871500 -0.16824400 -0.07165500
v 0.22544751 0.15996499 -0.11485650
v 0.16770101 -0.16795200 -0.04227300
v 0.16761699 -0.16810200 -0.10171600
v 0.17274669 -0.16725059 -0.11967584
v 0.14019525 -0.14116025 0.24968281
v 0.16303900 0.17801200 0.16943599
v 0.17544800 0.17835949 0.17036150
v 0.12387350 -0.16575751 0.04963100
v 0.12257950 -0.17598251 0.24818400
v 0.11448694 -0.16650060 0.03168219
v 0.07804300 -0.16719200 0.24462700
v 0.22580899 0.16058500 -0.06735400
v 0.23019850 0.17217749 -0.06402200
v 0.15161975 0.01192212 -0.27255499
v 0.22641850 0.16235618 -0.04832719
v 0.16657563 -0.17054138 -0.19363201
v 0.13022500 -0.16791300 -0.09721100
v 0.16377400 -0.16907100 -0.23341100
v 0.23121506 0.16671912 -0.03796719
v 0.18961750 0.06796400 -0.17695650
v -0.07278988 -0.16144376 0.11226600
v 0.05656200 -0.16341349 0.11579650
v -0.20923637 0.14305519 -0.19709775
v 0.20467900 0.17237701 0.12105900
v 0.18200999 0.17683500 0.22056399
v 0.18534100 0.18357313 0.23141937
v -0.00965350 -0.16286500 -0.15589949
v 0.15091451 0.00863250 0.26102000
v -0.19909288 0.07914615 -0.19130938
v 0.22720601 0.17403775 0.09674500
v 0.22584350 0.17802025 0.10460950
v -0.20308800 0.18953550 0.17400999
v -0.12083750 -0.17818426 0.24284200
v 0.20455299 0.17104299 0.16575700
v 0.18085200 0.02004800 0.15607101
v 0.10832900 -0.17059800 -0.25639200
v -0.00247000 -0.16680650 0.24791449
v -0.03273350 -0.16079301 -0.00251350
v 0.22249649 0.15976900 0.10215800
v 0.20127800 0.17423600 0.23732300
v 0.05453577 0.01993661 0.26339847
v 0.20504388 0.15631625 0.16582949
v -0.04020000 -0.16278200 0.20438100
v -0.10960050 -0.16384800 0.20525600
v -0.04283100 -0.16578799 0.23925900
v -0.02838925 -0.16147874 0.07071750
v 0.23548068 0.15686156 0.11000206
v 0.23557256 0.15625206 0.12877800
v 0.23616999 0.15593600 0.12531701
v -0.06587444 -0.16734569 0.25239047
v 0.20426676 0.14545000 0.18938725
v -0.08527200 -0.16802526 0.25088125
v -0.16966337 -0.18091950 -0.21755899
v 0.22496137 0.17043707 0.21240525
v 0.02425125 0.18702926 -0.30587074
v 0.21560100 0.17368400 0.22972301
v -0.02317500 0.17230950 0.30976501
v 0.02725800 -0.16594100 -0.23786899
v 0.20675300 0.17433600 0.16202900
v 0.20969474 0.17362812 0.16200462
v 0.05987400 0.18977199 -0.29217899
v 0.20303400 0.17337149 0.19207475
v -0.07619525 0.18538350 0.21418975
v 0.21750638 0.17298037 0.12093887
v 0.16938750 0.16008425 0.27190274
v 0.15446600 0.17497601 0.30198601
v 0.09982287 -0.16515712 -0.21146651
v 0.16442600 0.16711000 0.27192700
v -0.13176566 -0.17811444 0.24053407
v 0.09843332 -0.17407043 -0.26140654
v 0.17868200 0.01618200 -0.25843900
v 0.17121175 0.01086900 -0.26497549
v 0.17377751 0.02637600 -0.26480949
v -0.02941200 -0.16491100 0.20914900
v -0.16597350 0.07868750 0.26676050
v -0.16566300 0.07656400 0.26675400
v 0.21482050 0.17311750 0.06353850
v 0.10008700 -0.16458900 -0.19218500
v 0.09904800 -0.16297700 -0.17917000
v -0.19347200 0.18928850 -0.23991850
v -0.20219025 0.19212325 -0.18776250
v 0.12042700 -0.16658600 -0.20678900
v 0.10420800 -0.16632900 -0.20769700
v -0.06371150 0.16548100 0.30458999
v -0.06042100 -0.16282199 -0.05390600
v -0.13370100 -0.16758101 0.23975100
v -0.18656079 -0.08632375 0.01728834
v 0.15366600 -0.15590450 0.24397101
v 0.22120699 0.17157499 -0.00596600
v -0.14344232 -0.18205175 0.20791069
v 0.03215300 -0.16194899 0.07033200
v 0.15564750 0.01226450 -0.27201900
v -0.01582531 -0.16763325 -0.26131305
v -0.02067759 -0.17192790 -0.26435488
v -0.02854600 0.16021000 0.31270701
v 0.19033000 0.07269000 -0.25375399
v 0.17923801 0.18252499 0.14243700
v -0.18561199 -0.12231900 0.06026300
v 0.18165199 0.06764600 -0.26192200
v 0.18099600 0.07283950 -0.26739550
v 0.18142100 0.00939300 0.22542299
v 0.02584000 0.18074000 0.29170999
v -0.16422050 0.19042850 0.27012300
v -0.18058699 -0.18088256 0.22461781
v 0.23007050 0.16845675 -0.17975238
v 0.12540400 0.17853101 0.23779500
v 0.12670556 0.17590006 0.22803725
v 0.12881400 0.17409050 0.22363099
v -0.16762900 0.18977626 -0.30215174
v 0.10160400 0.17299750 0.28030199
v 0.14545950 0.17847550 0.16233499
v 0.16493225 -0.17364275 -0.22198075
v 0.17084625 -0.16620700 -0.19412100
v -0.22141963 0.17709775 -0.19710501
v -0.20281200 0.19105150 0.23564699
v 0.00645300 0.07347112 0.27076313
v 0.16791549 -0.17042699 -0.16560151
v -0.03915350 -0.16114350 -0.08159600
v 0.00586900 -0.11980600 -0.27054900
v 0.02526200 -0.10348700 -0.27138501
v 0.05384162 0.14571001 0.29115388
v 0.04926100 0.13892700 0.29642501
v -0.10318700 0.19155300 -0.28930700
v -0.00922850 0.07537150 0.27103201
v -0.18564832 -0.16607565 0.14005628
v -0.18242994 -0.16633531 0.11141694
v 0.07388400 0.18025900 0.30279949
v 0.08028500 0.17722601 0.30541301
v 0.07004700 0.17838600 0.30507800
v 0.06375350 0.17408150 0.29905751
v -0.17969500 -0.16483299 0.13278800
v -0.18225800 -0.16564350 0.10624000
v -0.18516199 -0.16114300 0.13198200
v 0.14949237 0.06865138 -0.27719489
v -0.15178400 0.17803350 -0.31498000
v -0.16231801 0.18261394 -0.31251708
v -0.17558244 0.18154193 -0.31036788
v 0.18743201 0.17727301 -0.19843601
v -0.11174625 -0.16068275 -0.18769525
v -0.19367900 0.18961200 -0.24148500
v -0.18753062 0.16807181 -0.30725130
v 0.19537100 0.17238475 -0.26476800
v -0.11306900 -0.16399400 -0.21602599
v 0.13535599 0.17334400 -0.03029900
v 0.01294900 0.14871950 0.28748050
v 0.19995800 0.14416350 0.15046050
v 0.20008101 0.14638899 0.15487500
v -0.18259799 0.17490925 -0.30382863
v -0.18626849 0.17782649 -0.29889300
v -0.10411100 0.01154500 0.26050049
v -0.20933700 0.16799000 -0.20324400
v 0.05701600 -0.16246700 0.06425500
v 0.19179250 0.17288400 -0.29074949
v 0.22001401 0.15627401 0.17061600
v -0.19217101 0.18184701 -0.20052201
v -0.23635700 0.17406499 -0.04914800
v -0.22355200 0.17705099 -0.05572600
v -0.20660375 0.14107776 -0.20148399
v 0.10497500 -0.05277200 0.25789151
v 0.01452300 -0.16139218 0.25344601
v -0.23113850 0.17323200 -0.00236375
v -0.23260500 0.16948000 -0.01173900
v 0.17120500 0.07855100 0.26213300
v 0.16365799 0.07931400 0.26632300
v -0.00074450 0.16059349 0.31894550
v 0.17085500 -0.17015800 0.10434500
v 0.16537081 0.16603035 -0.31121460
v 0.02085100 -0.16662000 0.24646799
v 0.15904699 0.17267700 -0.28761399
v -0.22682799 0.17753300 0.13732500
v 0.14943700 -0.12472900 0.24952801
v -0.02201800 0.14535400 0.27802500
v -0.22930799 0.16800851 0.13875350
v 0.02406625 0.18125799 0.23641625
v -0.12179300 0.18471000 -0.21507050
v -0.11873600 0.18556499 -0.20832700
v -0.17069012 -0.18087737 -0.25141075
v -0.17698500 0.16657700 -0.30767426
v -0.21178800 0.16638450 0.13765800
v 0.18644699 0.04944800 -0.24977800
v -0.23694199 0.17233650 0.09044550
v -0.19955650 0.18737900 0.18200850
v 0.20340969 0.15917382 0.10179650
v -0.20754500 0.14184301 -0.05226100
v -0.12388283 -0.14246953 0.24935876
v -0.17005850 0.09798150 -0.28112549
v -0.17007349 0.10796700 -0.28196749
v -0.19587775 0.18055774 0.17376150
v -0.19357038 0.18038787 0.17547075
v -0.21296801 0.17825550 0.20902400
v -0.22601700 0.18603800 0.23703700
v 0.20224249 0.18740050 0.07589750
v -0.03966650 -0.01267125 -0.27684012
v -0.05630800 0.18517999 -0.24885599
v -0.03860125 0.19112524 -0.29950726
v -0.06347787 0.15716150 0.31334600
v 0.10670600 0.17901801 -0.22413000
v 0.10413800 0.18020099 -0.22423901
v -0.18701981 -0.06192413 0.02427375
v 0.22283700 0.17207925 -0.12324425
v -0.04432050 0.18113975 0.29156724
v -0.06009675 0.16277075 0.31770200
v -0.07286700 0.14326000 0.29814699
v -0.17584001 0.01551550 -0.26754749
v -0.04321000 0.15195400 -0.29935300
v -0.04332700 0.15064099 -0.29968801
v -0.04140400 0.15839100 -0.29988399
v -0.04236550 0.15451600 -0.29978600
v -0.05317450 0.18162063 0.30254176
v -0.02957600 0.15071300 -0.29937851
v -0.19312225 0.01426013 0.23568356
v -0.13469900 0.18059100 0.21046551
v -0.07443700 0.16025899 0.28165799
v 0.06381800 0.13888501 0.27818301
v -0.06338113 0.17836900 0.30436513
v -0.00018250 0.17800049 -0.31897101
v 0.20657600 0.18760701 -0.14906199
v -0.00829900 0.17849700 0.26831499
v 0.05813100 0.15610050 -0.29389074
v -0.20238900 0.07536800 0.22663300
v -0.14865600 0.16977499 0.30077600
v -0.19537900 0.07557300 0.24697500
v 0.02030500 0.15924001 -0.29191101
v -0.09578550 0.16034062 0.27869174
v -0.05002400 0.07499300 -0.28478801
v -0.13381900 0.17014900 0.27520850
v 0.07538150 0.16657750 -0.30967900
v -0.07540375 0.17569876 0.28131524
v -0.03444500 0.14937900 -0.29102200
v -0.10934725 0.18218824 0.15660749
v -0.11081750 0.18024725 0.15871650
v -0.18633257 -0.06777595 -0.01414530
v -0.21315099 0.19234200 -0.15020700
v -0.21110851 0.19243000 -0.14734051
v -0.04401600 0.18557701 0.20298401
v -0.16058549 -0.14457500 -0.26086849
v -0.21146150 0.19260401 -0.17048000
v -0.13961503 0.00925316 0.25986114
v -0.08501725 0.18585125 -0.01291513
v -0.07325950 0.08241750 -0.28516001
v -0.19329700 -0.00947200 0.22066300
v -0.05777400 0.16781600 0.31057000
v -0.02036050 0.18591969 0.28200424
v -0.04320200 -0.00940675 -0.27714375
v 0.02307244 0.07072581 -0.28151792
v -0.05798025 0.15668425 -0.29806125
v -0.06531900 0.18157201 -0.18156999
v -0.20493400 0.10855500 0.05249200
v -0.04998000 0.17797700 0.30519000
v 0.00250175 0.18108951 0.23612288
v -0.00470500 0.18457800 0.23443501
v -0.05807631 -0.00074781 -0.27765551
v -0.02294775 0.14890550 0.27849174
v -0.19385999 0.18033950 0.17951350
v -0.17587399 -0.16495900 -0.17744599
v -0.17499951 -0.16493650 -0.18009301
v 0.10372000 0.17904587 -0.09261013
v -0.17345294 -0.17142625 0.21030119
v -0.16089150 -0.17627300 -0.25867549
v 0.01402600 -0.10820900 -0.27147201
v -0.17468449 -0.17139350 -0.20144300
v -0.19297899 0.07052800 -0.24924400
v 0.22195500 0.17130101 -0.04809250
v -0.14663544 -0.17157693 0.23254782
v -0.18978979 0.00647546 -0.19219857
v -0.13825101 -0.16979700 -0.25735700
v -0.20477051 0.10104750 0.10922900
v 0.17221799 -0.09185400 0.22474600
v 0.00547200 0.15612800 0.27957401
v 0.18319100 0.17797001 0.29163650
v 0.17164612 0.17231762 -0.28394875
v -0.15754201 0.18689699 -0.20687050
v -0.21008900 0.15832999 -0.01871200
v 0.20204151 0.17879701 0.27477649
v -0.20531151 0.10986050 0.06292550
v -0.13382438 0.19210599 -0.28766257
v -0.23156300 0.17368494 0.01238606
v -0.13063800 -0.16045700 -0.18548501
v -0.16273776 0.17841651 -0.23452000
v 0.22700550 0.16610250 0.17979451
v -0.22989599 0.17396700 -0.05079800
v -0.23101850 0.16962101 -0.04781175
v -0.17367899 0.18242000 -0.22080299
v 0.01504500 -0.16121125 -0.01673537
v 0.16707601 0.17803399 -0.18423501
v -0.21294349 0.17756675 -0.12240600
v -0.18040250 0.18231800 -0.21743150
v -0.19354200 0.18145999 -0.17372601
v -0.16373500 0.17744400 -0.30623999
v -0.17241500 0.17024849 -0.30472299
v -0.11226112 -0.17917150 -0.25794539
v -0.22234800 0.19000299 -0.13427800
v -0.22100049 0.19045851 -0.13070901
v -0.09998650 -0.16987699 -0.26144964
v 0.14559375 0.00110575 0.26100126
v -0.22740600 0.18777101 -0.10899300
v 0.04906125 0.17783712 0.26769736
v 0.06367100 0.18859300 0.28140599
v 0.12229550 -0.17196199 0.24844050
v 0.15986450 0.17286125 -0.06655500
v 0.15952399 0.17286301 -0.04286100
v 0.12889899 -0.17381750 0.20440100
v -0.18513550 -0.15900600 0.13363250
v 0.11517100 -0.16635700 0.20333099
v -0.18397000 -0.16105799 0.18061601
v -0.17933100 -0.16487500 0.16798700
v -0.03212800 0.17308600 0.31026000
v 0.22244850 0.17107549 -0.22107600
v -0.18341000 -0.16683550 0.19002751
v -0.18316400 -0.16905101 0.19282700
v 0.15096200 -0.17675300 -0.21562700
v 0.16546901 0.17785700 0.11381300
v -0.18142626 -0.17894350 0.22356975
v 0.11834000 -0.16809499 -0.25320500
v -0.04337250 -0.16964646 -0.26581880
v -0.08476881 -0.16312237 -0.03174419
v 0.13758050 0.17597724 0.30294600
v 0.01898800 -0.11339700 -0.27089500
v 0.14400725 0.01875125 -0.27513701
v -0.11786275 -0.16306525 0.12050900
v 0.09981875 -0.16447499 -0.19359800
v 0.22374937 0.17093600 -0.06238138
v 0.18828949 0.07100400 0.23614299
v 0.15142000 0.17803700 0.23740500
v 0.20564200 0.17413200 0.19625300
v 0.16393100 0.17774899 0.23689599
v -0.16222900 0.19278499 -0.28847501
v 0.19378963 0.07333262 -0.20590113
v 0.22995301 0.17003299 -0.01175300
v 0.22847626 0.17681500 0.04371800
v -0.20906600 0.19251800 -0.14447400
v -0.03367000 -0.16333599 0.11866000
v -0.05112950 -0.10402863 0.25560313
v 0.18944800 0.16183899 0.25607699
v 0.22694890 0.17264304 0.11922912
v -0.01587400 -0.09098900 0.25610399
v 0.22899875 0.16890150 0.08207225
v -0.12912825 -0.17637950 0.24313100
v 0.22503000 0.16622651 0.22158425
v -0.13297351 -0.17384663 0.22284150
v 0.13350150 0.17138749 0.29956251
v 0.15259001 -0.13733700 0.24696100
v 0.20074400 0.18729749 0.08270400
v 0.18638299 0.07314375 0.24336199
v 0.10412600 -0.16635799 -0.20447899
v -0.02204775 0.17371374 0.30658999
v -0.18297125 -0.16222225 0.20798551
v 0.14484650 -0.19480374 -0.23280525
v 0.19192649 0.18109600 -0.17810300
v 0.19457100 0.18505201 -0.15986601
v 0.16294600 -0.16839001 -0.21166500
v -0.17027800 -0.16533050 0.05418850
v 0.18321800 0.17757450 -0.21007450
v 0.10184000 -0.16588300 0.18256100
v -0.12710400 -0.16557600 -0.25516900
v 0.11661650 -0.16770326 0.22585075
v -0.23312800 0.18347250 -0.10496600
v -0.23231350 0.18439224 -0.10074650
v 0.07471719 0.18090674 0.09363281
v 0.16303250 0.17839250 0.15785500
v 0.13229001 0.17771851 -0.13118987
v 0.13154601 0.17808200 -0.13192600
v 0.19534899 0.18684700 0.14861950
v -0.17955700 0.18245700 -0.26473501
v -0.23083575 0.17434150 -0.01644550
v -0.23109075 0.17422400 -0.01562600
v 0.17017600 -0.12800200 0.18191600
v -0.23167150 0.17518824 0.11526400
v -0.12464100 0.17777500 -0.29495400
v -0.02586350 0.15768351 0.31677851
v -0.09747100 0.18162100 -0.25263700
v -0.10105250 0.18626857 -0.24334262
v -0.21050850 0.17058399 0.13670599
v -0.20991451 0.17385150 0.13920049
v 0.01812200 0.18472099 0.23402099
v -0.01349025 0.17946824 0.23836125
v -0.13306700 0.18240200 -0.25669199
v -0.16850400 -0.15228125 -0.25581700
v -0.05089300 0.17616950 0.30867499
v -0.04840700 0.16880900 0.31114301
v -0.04936700 0.17330900 0.31023899
v -0.04871200 0.17753699 0.30802801
v -0.20106500 0.10751100 0.01946100
v -0.20008600 0.10580800 0.01259600
v -0.06478500 0.17529599 0.31381699
v 0.01728400 0.18274900 0.06623100
v -0.18794750 0.17521051 0.29226601
v -0.18938801 0.17919201 0.29133999
v -0.22974600 0.18638650 -0.09635850
v -0.19489962 0.01278612 0.22572137
v -0.16388400 0.18644500 0.26271176
v 0.05764050 0.14136849 -0.29019499
v -0.06881300 0.18128900 0.19213900
v -0.19175200 0.07706200 0.25209299
v -0.14566600 0.18055999 0.29975700
v -0.11317500 0.17729600 0.28156701
v 0.05947300 0.18886399 -0.30131450
v 0.04315300 0.18920900 -0.28963801
v -0.20325349 0.08055688 0.18480088
v -0.20337550 0.08345000 0.17484975
v -0.13371301 0.18062299 0.23120899
v -0.06417350 0.17252649 0.31547850
v 0.16863599 -0.10078500 0.23471200
v -0.03868200 0.17784400 -0.31873000
v 0.21070950 0.17370400 0.06637350
v -0.21817575 0.17623000 0.26036799
v -0.19084750 0.18025900 0.19616149
v 0.17003500 -0.13682000 0.16374101
v -0.19732501 0.08751000 -0.09955500
v -0.20936599 0.17512199 0.19529100
v -0.21095200 0.16060100 0.17424800
v -0.11515150 0.16549450 -0.31162399
v -0.18035100 -0.17002800 -0.19651000
v 0.00802050 0.16477101 0.31883201
v 0.00293700 0.16586800 0.31856200
v -0.19063300 0.18048300 0.04174800
v -0.21310949 0.19197100 -0.10257950
v -0.19733199 0.18012600 0.05302200
v -0.19621438 0.18090475 -0.09360962
v -0.18675400 0.16885450 0.28544849
v -0.20613424 0.19080774 -0.01803725
v -0.20791399 0.19139449 -0.01669750
v 0.05327500 0.18065199 0.16714901
v -0.20555601 0.14451350 -0.20322324
v -0.19162101 0.18201201 -0.21769699
v -0.17083244 -0.17212024 -0.21198837
v 0.06875900 0.17580500 -0.29514399
v 0.07229200 0.18468399 0.22247601
v 0.12779699 -0.16849525 0.23453225
v -0.02036987 0.06517600 0.26622993
v -0.15991400 0.19285101 -0.29252401
v -0.04527500 0.18456800 0.28184900
v -0.02931550 0.17477800 0.30926299
v 0.15934700 0.17293499 -0.03078900
v 0.16024050 0.17305700 -0.02926550
v 0.17052400 -0.11731550 0.20820300
v 0.17012200 -0.13933900 0.15493000
v 0.17336725 -0.16939925 -0.05844425
v 0.05543700 0.13946600 0.27830899
v -0.13997249 -0.16424149 0.09233600
v 0.21752250 0.18489625 -0.05523050
v 0.21679750 0.18509676 -0.05298050
v -0.05631700 -0.16135600 -0.05391100
v -0.17675400 -0.17988750 0.23399749
v 0.18577699 0.07225100 -0.26174900
v 0.22144499 0.17167000 -0.05808000
v -0.02650800 -0.16138200 -0.21701901
v 0.15981050 0.17411350 0.22872201
v 0.17063400 -0.14045499 0.13104600
v -0.00806450 -0.16172650 -0.21674851
v 0.17148900 -0.15777700 0.09278000
v 0.05000750 0.14139450 0.30348799
v 0.17093900 -0.14938000 0.11519900
v 0.22265950 0.18092924 0.10936400
v 0.09567500 -0.16400249 0.18914150
v 0.19900100 0.14071400 0.17475300
v 0.19615801 0.17892100 0.28119799
v 0.19535200 0.17660400 0.28373200
v 0.01159537 -0.16253451 -0.13648500
v 0.04060625 -0.16307750 -0.02963375
v 0.18479769 0.04706231 0.17203487
v -0.22321750 0.18967950 -0.09372850
v 0.22420725 0.18090449 0.02015850
v -0.23101300 0.18567300 -0.07412700
v -0.22884350 0.18690550 -0.07351050
v 0.13119300 0.17495200 0.28200299
v 0.03325400 -0.11884700 -0.26980901
v 0.04508400 -0.13538200 -0.26787001
v 0.13286375 0.17337537 0.29775962
v 0.09597000 -0.16413000 0.17661600
v -0.18297300 -0.16061050 0.21062949
v 0.22455350 0.16884901 -0.25753051
v 0.11472000 0.18063200 0.15578701
v -0.23701225 0.17192701 -0.04823500
v -0.15353900 0.17014851 -0.29028600
v -0.20547225 0.13865000 -0.19654225
v 0.19543099 0.17426300 -0.27060699
v -0.23536199 0.18051600 0.09814800
v -0.23085199 0.18414475 0.17379150
v -0.21067099 0.19137651 0.08752725
v -0.21102600 0.19137201 0.08855775
v -0.11113100 0.17767900 -0.29840201
v -0.19963475 0.18179013 0.05504688
v -0.23180075 0.17532624 0.16821875
v -0.21622850 0.17826700 0.12282300
v -0.16359200 0.17576800 0.01749600
v 0.13017300 0.17815199 -0.08080800
v 0.16330600 -0.11522500 0.24075000
v 0.16418700 -0.11886700 0.23910800
v -0.14003950 0.17602800 -0.04509550
v -0.10087325 0.18775637 -0.06469762
v -0.18547100 -0.15575100 -0.05033800
v -0.18377550 -0.16367050 -0.12891400
v -0.18324950 -0.16651849 -0.14021450
v -0.19635201 0.18063475 0.28751874
v 0.07290000 0.18493700 0.03556400
v 0.07513100 0.18471301 0.02485700
v -0.04071188 0.14245738 0.27772513
v -0.18547150 -0.13038599 -0.00560200
v -0.00134400 0.15604749 -0.29985049
v 0.17201699 -0.15574200 0.07246200
v 0.17194501 -0.15759049 0.07486400
v -0.03425300 0.18655300 0.02633900
v -0.04645300 0.16135500 0.30592600
v -0.06153100 0.16586100 0.30500400
v 0.06901100 0.18816499 -0.28682500
v 0.09284300 0.17936100 -0.27338001
v 0.05951675 0.18521875 -0.30993500
v -0.11308500 0.17633399 0.29688501
v 0.11969300 0.18659700 -0.26039299
v -0.07634000 0.18515199 0.05447250
v -0.22493400 0.18889850 -0.07671900
v -0.01198900 0.15030099 -0.31806049
v -0.22887699 0.18691100 -0.05760050
v -0.10586200 0.18506201 0.16650900
v -0.18796100 0.18220000 -0.22981700
v 0.08428900 0.18416101 0.05763100
v -0.05605900 0.14113200 0.30238101
v -0.05581300 0.14737301 -0.31256399
v 0.16753750 0.17687450 -0.22593300
v 0.17109200 0.17815199 -0.22757000
v 0.18130600 0.17765699 -0.24666500
v 0.09738000 0.18394600 0.09797200
v -0.17436349 0.18016763 0.20980400
v -0.16782400 0.17734499 0.17485800
v 0.09771900 0.18422499 0.13115101
v -0.20849100 0.13677500 0.18794100
v 0.17033800 -0.14610299 0.13895200
v -0.21014750 0.18004900 0.27678800
v -0.13779850 0.17877126 -0.04272363
v 0.15586349 -0.13122500 0.24548949
v 0.11154300 -0.16400801 0.24991100
v -0.21212500 0.16337450 0.07792100
v 0.15761000 0.17395200 0.17022300
v -0.20864201 0.15289600 -0.12309700
v -0.19394250 0.16425151 -0.26934800
v -0.17524301 0.18257350 -0.25030199
v -0.17602500 0.18257600 -0.25289500
v 0.17053699 -0.11693100 0.21046200
v 0.17341600 -0.16724600 -0.04757100
v 0.21999900 0.18293250 0.11109450
v 0.17069900 -0.13055800 0.13569200
v 0.16483963 -0.18457025 -0.24368337
v 0.22582000 0.17458799 0.16527300
v 0.22565500 0.17430051 0.17400099
v 0.22046700 0.17877226 0.22919226
v 0.21633400 0.17651200 0.25452101
v 0.15203950 -0.12632699 0.24813150
v 0.19624300 0.12907900 0.20538700
v 0.12011600 -0.16329700 -0.17572500
v 0.10099500 -0.17921700 -0.25553200
v 0.01357100 -0.16164900 0.20263900
v 0.10035900 -0.16747800 -0.26210701
v 0.18122999 0.00922300 0.20883900
v 0.07598300 -0.16533224 0.04374325
v 0.07480800 -0.16777250 -0.26386699
v 0.08647600 -0.17012200 -0.26302400
v 0.05778400 -0.17133100 -0.26455399
v 0.18317349 0.03224600 -0.06908350
v 0.03103800 -0.16716775 -0.25935426
v -0.23022901 0.17485300 -0.01510700
v 0.15647300 -0.11667350 0.24673450
v 0.16242500 -0.11158300 0.24239200
v -0.08459590 -0.11691731 0.25290975
v -0.00144400 -0.16423300 -0.26674899
v 0.19598100 0.09303800 -0.13138150
v -0.16101100 0.17589299 -0.05199400
v -0.00097100 -0.16568001 -0.23777901
v -0.21617700 0.17836100 0.16922501
v -0.21690400 0.19131000 -0.06383600
v -0.01262400 -0.16650000 -0.26003501
v 0.06781275 0.17374800 -0.30719376
v -0.01044400 -0.16957700 -0.26640901
v -0.22684801 0.18809400 -0.06080600
v -0.22527550 0.18876649 -0.05421600
v -0.21629700 0.17791200 -0.06333800
v -0.17623700 0.18078500 0.22059400
v -0.03918050 -0.16870426 -0.26625675
v -0.06710100 0.13315500 -0.28972200
v 0.22134900 0.17211799 -0.10496900
v 0.20069300 0.12849949 -0.18861200
v 0.22196400 0.17256349 -0.14978300
v 0.07082725 0.17098451 0.28125250
v -0.02925150 0.00768950 -0.27823099
v -0.02453650 0.00586650 -0.27806225
v -0.02117600 0.00630200 -0.27799201
v 0.08144625 0.18477550 0.23197649
v -0.01763937 0.08450275 -0.28586450
v -0.10939100 -0.17490076 -0.26308474
v 0.18612675 0.17210825 -0.27480975
v 0.00523100 0.18211600 0.06724400
v 0.11368800 0.17539300 -0.29296100
v -0.05687500 0.16395900 0.31814399
v -0.18605602 -0.09165119 -0.00883142
v -0.05386600 0.13982050 0.29954949
v -0.03604600 -0.01545800 -0.27678400
v 0.01984400 0.18501601 0.22468400
v 0.13262400 0.17808700 -0.17121349
v -0.17412500 -0.16491400 -0.18274000
v -0.21444350 0.19161250 -0.07388050
v -0.23136950 0.18540651 -0.04240650
v -0.23030300 0.18614800 -0.04248000
v -0.22326601 0.18958101 -0.02775400
v 0.09271700 0.18467900 -0.00040100
v -0.04321100 0.15366399 0.30605400
v -0.04690300 0.15455499 0.31369701
v -0.06582275 0.17692600 0.30439025
v -0.18850800 0.00830100 0.24327099
v -0.18400012 -0.16329488 0.18223712
v -0.05106400 0.18526401 0.21973801
v 0.05107000 0.14745399 -0.29036799
v -0.10332600 0.18652800 -0.31093699
v -0.18747100 0.17043500 0.28468901
v 0.20149325 0.18734901 0.07930075
v 0.20911500 0.17383850 0.03286400
v -0.05813600 0.18131100 0.10032900
v -0.11192850 0.18008050 0.22497050
v -0.10996600 -0.16400100 0.20620300
v -0.14250800 0.18065099 0.23457800
v 0.22664900 0.17045350 0.16127250
v -0.04341200 0.15701400 -0.31890401
v -0.05597800 0.15908200 -0.31848100
v -0.03606000 -0.15754400 0.25472999
v -0.06164500 0.19045299 -0.29947901
v -0.06012275 0.18705875 -0.30899501
v -0.17469449 0.18244350 -0.22024950
v -0.21197200 0.16739251 0.12628099
v 0.10783025 -0.17149700 0.24530526
v -0.23767850 0.16973250 -0.03497100
v -0.23406875 0.18285026 -0.01631287
v -0.23439850 0.18273850 -0.01080750
v 0.10472800 0.18328300 0.29735750
v 0.04465200 0.13269150 0.27737349
v 0.07515500 0.17194800 0.28088200
v -0.03477900 -0.01476500 0.25960901
v -0.06989700 -0.00377300 0.25985399
v -0.16604300 -0.16473299 0.00525300
v 0.20850450 0.18732750 -0.15643500
v 0.21739151 0.18495674 -0.14034550
v 0.00446550 -0.08744000 -0.27308950
v -0.05373800 -0.10869300 -0.27101001
v -0.10315500 -0.16351600 -0.06380200
v 0.07373853 0.03284997 -0.27761665
v -0.12100700 -0.16342700 -0.05613200
v 0.05358819 0.01431425 -0.27721334
v 0.04856900 -0.06054900 -0.27360800
v 0.12035400 0.03986750 -0.27645701
v 0.21033750 0.18698549 -0.13424750
v -0.15254600 -0.16535600 0.05622500
v -0.14809249 -0.16533200 0.05682000
v -0.17449650 -0.13779500 0.24025050
v -0.14824601 -0.09094700 0.25150400
v 0.07059700 0.15630600 0.27975199
v 0.04153900 0.14176001 0.30500099
v 0.02723525 0.11597300 0.27582449
v 0.03477700 0.11787900 0.27599800
v -0.00167400 0.07986300 0.27156499
v -0.17734049 -0.10537450 0.24141300
v -0.17871299 -0.12830099 0.23714800
v -0.11861800 -0.09785600 0.25230899
v -0.15065400 -0.09932000 0.25075600
v 0.04217300 0.09035200 0.27289301
v 0.21133000 0.18679500 -0.19016001
v 0.08068356 -0.01799113 -0.27448931
v -0.00087800 -0.05170025 -0.27532399
v 0.02934700 -0.05781100 -0.27443001
v 0.01996600 -0.06036800 -0.27456099
v 0.00759950 0.10776350 0.27495101
v -0.08996300 -0.00722375 0.25925276
v -0.16537599 -0.11907300 0.24730401
v -0.16598350 -0.12710200 0.24636050
v -0.16652150 -0.15844050 0.24298000
v 0.21888199 0.17358650 -0.23835850
v -0.07685700 -0.01618200 0.25878599
v 0.17507949 0.11210250 -0.27654099
v 0.20331299 0.16117699 -0.23960701
v 0.08107850 0.18081100 0.30198750
v 0.19493350 0.11519400 -0.25369099
v 0.03384800 0.12597699 0.27682501
v 0.22118101 0.17071199 -0.26510400
v 0.20924249 0.18691599 -0.24505299
v -0.02256400 -0.12929749 -0.26964599
v -0.03174000 -0.12162900 -0.27031001
v 0.22019400 0.17350900 -0.23500200
v -0.14995950 -0.10221050 0.25052550
v -0.13139850 -0.10379950 0.25135699
v -0.16045199 -0.07948300 0.25161201
v 0.20501301 0.18787400 -0.18640999
v -0.13391300 -0.16335200 -0.05192700
v -0.16464800 -0.15047701 0.24466901
v -0.07933650 -0.04031800 0.25707051
v -0.07998700 -0.03506600 0.25742200
v 0.04595800 0.11481050 0.27551201
v -0.18390600 -0.14205299 0.19964300
v -0.18480501 -0.12702399 0.22247700
v 0.09087500 0.17493100 0.29181200
v 0.12160550 0.18628199 0.28968501
v -0.09907700 -0.00891350 0.25895324
v -0.15590550 -0.07476350 0.25235501
v 0.02234900 0.14023100 0.29462999
v -0.11987550 -0.01964612 0.25785136
v 0.13101600 0.03857200 -0.27582499
v 0.12872250 0.03896400 -0.27592501
v 0.12237883 0.10272483 -0.28455380
v 0.16563600 0.14715099 -0.28430101
v -0.15772051 -0.16500750 0.06132500
v -0.17793100 -0.03341600 0.24881400
v -0.07868600 -0.04557000 0.25671899
v 0.04221500 0.11868700 0.27592999
v 0.01492800 -0.05207600 -0.27508700
v 0.04178500 -0.07037700 -0.27329099
v 0.12181450 0.01916575 -0.27487400
v 0.02586850 0.13876700 0.29831401
v 0.00832900 0.10451700 0.27463099
v 0.08690462 0.15182813 0.27923501
v -0.18468300 -0.14957500 0.13727400
v 0.20027256 0.18774419 -0.20189506
v 0.08738700 0.17877600 0.23943400
v 0.02804800 -0.09049450 -0.27233499
v 0.01549419 0.13983844 0.27808470
v -0.15572651 -0.07622575 0.25224501
v 0.14887901 0.17313200 -0.03989800
v 0.12174600 0.02612700 -0.27536899
v 0.17180100 -0.10092750 0.21590850
v 0.17176700 -0.10196100 0.21225400
v 0.20832500 0.18706749 -0.08390150
v 0.20762600 0.18720999 -0.08971200
v 0.00687000 0.11101000 0.27527100
v -0.11168400 -0.16339099 -0.04173000
v -0.03069584 0.08852531 0.27216741
v -0.18532600 -0.12344300 0.21055000
v 0.02584150 0.15236349 0.31302801
v 0.02625600 0.15405700 0.31477499
v 0.07532900 0.18437000 0.22185899
v 0.17167550 -0.13601100 0.08562350
v -0.23026100 0.18624000 0.00098900
v -0.12604976 -0.16370425 0.04556025
v -0.16182500 -0.16464300 0.15003400
v -0.13967250 -0.10735200 0.25059649
v 0.06367900 0.17850199 0.24695000
v 0.08914800 0.17830600 0.25135899
v 0.10371550 0.17854901 0.30345500
v 0.16790600 0.17812100 -0.19868401
v 0.21453300 0.18591499 -0.10594000
v 0.10166300 0.18359600 0.13260500
v -0.16258000 -0.16475099 -0.02831100
v 0.20249601 0.18816100 -0.23729900
v -0.05216000 -0.08754700 -0.27269000
v -0.00421100 -0.05082400 -0.27537701
v -0.18541799 -0.14847700 0.06876300
v -0.18453901 -0.13274699 0.15195701
v -0.18513399 -0.12085000 0.16036600
v -0.18597101 -0.16047500 0.07976200
v -0.16871101 -0.14782600 0.24320300
v 0.04504800 0.17389999 0.31575900
v 0.12920250 0.17820075 0.20014225
v -0.18164200 0.18214600 -0.21836600
v -0.16311350 -0.07972900 0.25111151
v 0.14045399 0.17719901 0.15513401
v 0.04160300 0.10330400 0.27436799
v 0.04970100 0.11093400 0.27509400
v 0.13170950 0.17817250 0.20242800
v 0.20438100 0.15663999 -0.16908300
v 0.00328300 0.11635500 0.27592301
v 0.00086450 0.11693100 0.27590451
v -0.16994700 -0.08325700 0.24877299
v -0.18585800 -0.09324875 0.22956337
v 0.14161400 0.04318500 -0.27559599
v -0.18609551 -0.15842450 0.06599800
v -0.18602900 -0.15521100 0.06365400
v -0.14309999 -0.10980600 0.25017500
v -0.07195550 -0.06029550 0.25604099
v 0.13305900 0.17459001 0.17196000
v 0.13148600 0.17871000 0.20581500
v 0.08591700 0.16695800 0.30650201
v 0.09348500 0.15189700 0.27920300
v -0.18476400 -0.13138400 0.13914999
v -0.00608050 0.12265275 0.27643701
v 0.15436500 0.11659400 -0.28379649
v -0.03462000 -0.16542201 -0.24196000
v 0.20269699 0.14439800 -0.17624301
v 0.20446400 0.15437201 -0.14902000
v -0.15800700 -0.16489699 -0.04465300
v 0.12937500 0.00800100 -0.27371401
v 0.21056400 0.17370500 -0.10611000
v 0.03670600 0.17698599 0.31408301
v 0.07552600 0.18429799 0.20470600
v -0.10829450 0.01798900 0.26113501
v -0.04343550 -0.01933150 0.25912601
v -0.10477400 -0.15288401 -0.26514000
v 0.09949200 0.16589101 0.27969599
v 0.20534401 0.15971300 -0.13567600
v -0.18566050 -0.15033500 0.05641650
v -0.18586101 -0.15442500 0.05738200
v 0.03033800 -0.08631000 -0.27257600
v -0.00656650 0.11655700 0.27579650
v 0.13879000 0.00840800 -0.27319100
v -0.12694250 -0.17605175 -0.26179349
v 0.17187300 -0.15943900 0.07726600
v 0.07912900 0.18401250 0.11851238
v -0.18557100 -0.14481200 0.06246000
v -0.18551549 -0.14552850 0.05895550
v 0.03685600 0.17826299 0.25788200
v -0.15255100 -0.16211282 0.24568056
v -0.18508400 -0.12990101 0.10641100
v -0.18519200 -0.11891100 0.12558800
v -0.18601149 -0.15051150 0.03963150
v 0.02551000 -0.09908300 -0.27173951
v -0.01969000 -0.04680800 -0.27560100
v 0.12442900 0.17834499 0.01268100
v 0.12268300 0.17836100 -0.04659800
v 0.09910325 -0.16588950 0.25064400
v -0.17839800 -0.16485199 -0.10721900
v 0.12435400 0.01694850 -0.27460599
v 0.21088900 0.17365500 -0.09776000
v 0.05426900 0.18469600 0.20585901
v 0.06007200 0.18504199 0.21577200
v 0.00435775 0.15346500 0.31366950
v -0.10624100 0.01857700 0.26104900
v 0.04508900 0.08971950 0.27279299
v 0.11173250 0.16771850 0.27928200
v 0.20161800 0.13465001 -0.17037700
v 0.20261700 0.14114000 -0.16272999
v 0.20395525 0.14921175 -0.12797175
v -0.18583250 -0.10562300 0.16251200
v -0.18548200 -0.13443850 0.05972350
v 0.17069250 0.17814900 -0.22568750
v -0.16127713 -0.01730088 0.25664401
v 0.12318300 0.17820799 -0.07726700
v 0.11979500 0.17846000 -0.02083000
v -0.11942700 -0.16500901 -0.26329699
v -0.17078400 -0.16651650 0.23957101
v 0.02026356 0.01675275 -0.27812842
v -0.07013900 -0.04991900 0.25665501
v -0.18556499 -0.14565100 0.02143600
v -0.18559176 -0.14153250 0.01677650
v 0.13051900 0.18173300 0.29846001
v 0.20377050 0.14755100 -0.12654500
v 0.04663900 0.17872301 0.23963299
v -0.12497400 -0.15873100 -0.26344100
v -0.13218699 -0.16394700 -0.20436500
v -0.09357900 -0.10599500 -0.26959300
v 0.07816900 -0.06625350 -0.27167350
v -0.19028699 -0.04148400 0.19142000
v -0.13939901 -0.16388300 0.18980800
v 0.10841487 0.15721856 0.27938786
v 0.20003200 0.12431600 -0.18754700
v 0.20461699 0.15434700 -0.11334500
v -0.14704099 0.19059400 -0.30191699
v 0.21927200 0.17217501 -0.06852100
v -0.05668100 -0.07913400 -0.27314600
v -0.00651700 -0.04062400 -0.27588999
v -0.01130300 -0.04156800 -0.27585900
v -0.01173050 -0.03827700 -0.27600601
v -0.18559176 -0.14326550 0.01850775
v 0.04900750 0.08489450 0.27223700
v -0.11034800 0.01740100 0.26122099
v -0.06361800 -0.08509100 -0.27251899
v 0.21628900 0.18536600 -0.03257000
v -0.11540600 -0.10638300 0.25184199
v -0.11166950 -0.10581900 0.25205949
v -0.09620600 -0.08982350 0.25370651
v 0.02197500 0.18191800 0.28861651
v 0.04657200 0.18478300 0.21202900
v -0.04553500 -0.01998800 0.25909299
v -0.09934900 -0.09107100 0.25353101
v 0.17932200 0.17779399 -0.24332701
v 0.09538133 0.12198487 -0.28753942
v -0.13087200 -0.16647699 -0.26207101
v -0.21247301 0.19160201 -0.02621600
v -0.21343049 0.19164801 -0.05084300
v -0.18554400 -0.14078701 0.00570200
v -0.01338800 -0.13696600 -0.26898199
v 0.04013900 -0.08067900 -0.27263901
v 0.22008550 0.17209651 -0.08304950
v 0.21129601 0.18642150 -0.00799750
v 0.15750700 0.18780901 -0.27660599
v 0.15232500 0.17857400 -0.24782801
v -0.02260250 -0.04549900 -0.27564949
v -0.22214200 0.18992600 0.00114500
v 0.21016400 0.17373601 -0.06598700
v -0.11974900 -0.14938401 -0.26439700
v -0.00365950 -0.00054550 0.26102224
v 0.11540800 0.16572800 0.27930900
v 0.13446400 0.18719800 0.28577501
v -0.00924700 0.14239100 0.27802300
v 0.04128050 0.18401800 0.14542276
v -0.02656000 -0.04043400 -0.27584499
v -0.13381000 -0.16756999 -0.26188049
v 0.20905200 0.18673749 0.00403200
v 0.20607500 0.18720700 0.01058500
v -0.18556200 -0.12676600 0.05903200
v -0.09866200 -0.11991200 -0.26818299
v -0.18642850 -0.09583850 0.16825449
v -0.18568601 -0.09996700 0.10399900
v -0.18573150 -0.11385200 0.06742950
v 0.16345450 0.03159825 -0.27137911
v 0.15422399 0.03000300 -0.27364299
v 0.15271901 0.03252700 -0.27401051
v -0.13386101 -0.15986601 -0.26266599
v 0.05001000 0.08070200 0.27178100
v 0.13270301 0.18281899 0.29658550
v -0.18515299 -0.13924900 -0.02172300
v 0.20262000 0.13915201 -0.11380200
v -0.00487850 0.18423550 0.28278250
v 0.12041500 0.16021401 0.27925149
v 0.06957000 -0.07014800 -0.27187699
v 0.13345850 0.17711499 -0.15136150
v -0.00967800 -0.01716600 -0.27689600
v 0.21167900 0.17356700 -0.03339900
v -0.18629108 -0.09983771 0.04038695
v 0.01178675 0.03215075 0.26365775
v 0.10482174 0.11685636 0.27533248
v 0.20093399 0.12731101 -0.10735900
v -0.07047900 -0.07598300 -0.27290300
v -0.18868400 -0.04524150 0.14851581
v -0.18518449 -0.13894200 -0.01900850
v -0.18759400 -0.07658550 0.17294650
v 0.09929100 0.18450600 -0.00710800
v 0.17393400 0.17741799 0.10328100
v 0.17181100 0.17468400 -0.29078999
v 0.00758600 0.03010900 0.26342201
v 0.15237200 0.18532750 0.29009649
v -0.18461700 -0.15704100 -0.08958100
v 0.15092500 0.02341600 -0.27418724
v 0.13910800 0.15939400 -0.28884500
v -0.09195650 -0.08629500 0.25407025
v 0.02707000 0.18542600 0.05772800
v -0.11093900 0.03550300 0.26266599
v 0.20624501 0.16568699 -0.03134200
v -0.00279500 -0.01146600 -0.27708399
v 0.04786900 -0.09014800 -0.27159899
v 0.11946400 -0.04553600 -0.27037299
v 0.21052849 0.18644249 0.03379450
v -0.00717300 0.17315450 0.31493601
v -0.01447900 0.17335699 0.31479201
v -0.07964100 -0.07506300 0.25498101
v 0.01661800 0.03663800 0.26414400
v 0.15051600 0.17748199 0.25470501
v -0.01480375 0.00591325 -0.27797925
v -0.02760500 -0.03667800 -0.27599201
v -0.18495549 -0.13613075 -0.03193975
v -0.18497600 -0.13613750 -0.02865950
v -0.16933399 -0.00948450 0.25561699
v 0.16454101 0.18822500 -0.29086700
v 0.09969600 0.18448000 -0.02544800
v 0.15491299 0.18569300 -0.30113900
v -0.10449100 -0.10713950 0.25235099
v -0.10079050 -0.11385600 0.25222650
v 0.05277800 0.06153900 0.26662600
v -0.18580300 -0.09897300 0.08857950
v -0.15227300 -0.16423699 -0.19507200
v -0.06838950 -0.06554750 -0.27364150
v -0.18493500 -0.13612400 -0.03522000
v -0.18371999 -0.13952100 -0.09371500
v 0.05706900 0.18483700 0.04898800
v 0.06221475 0.18482950 0.05057500
v 0.20572425 0.16419600 0.00239975
v -0.18598600 -0.10040500 0.06845700
v -0.18420500 -0.15310000 -0.09803600
v -0.01379200 -0.03359600 0.25884300
v -0.17422099 0.16128400 -0.28442201
v -0.15426449 -0.15251625 -0.26145849
v 0.21321200 0.18589900 0.03050600
v -0.18511900 -0.12139550 -0.03102650
v 0.00334250 0.01946850 0.26254100
v -0.18278575 -0.16393425 -0.15406600
v -0.03091100 0.17679299 0.31261301
v 0.03302400 0.04171600 0.26467550
v -0.01783700 0.14958200 0.27858299
v -0.17727093 0.01424000 0.25390381
v 0.20168801 0.13264400 -0.10519700
v 0.01057700 -0.13535100 -0.26907599
v -0.18513501 -0.11890800 -0.03154200
v -0.04417541 -0.07695319 0.25603628
v 0.20858701 0.18678600 0.08262300
v -0.00500800 0.00303400 0.26122701
v 0.14890350 0.17404550 0.29367599
v 0.14984500 0.17409700 0.29411399
v 0.15145400 0.18442300 0.29248700
v -0.18230700 -0.16350900 -0.16631100
v -0.04349500 0.15217149 0.31163099
v -0.19225100 -0.02456600 0.21912500
v 0.08171700 0.18474901 0.01373900
v -0.09444200 -0.07992700 -0.27153799
v 0.20310000 0.18739250 0.09596400
v 0.20437300 0.18733899 0.09751500
v 0.03885100 0.04400700 0.26494101
v -0.18235500 -0.15633500 -0.16488400
v 0.12399000 0.15834700 0.27910101
v 0.08563100 -0.06228150 -0.27149099
v -0.18346199 -0.14701401 -0.11543500
v -0.18188550 -0.15659299 -0.17630750
v -0.18174700 -0.15964501 -0.17819200
v -0.02413000 -0.02702300 0.25894499
v -0.00665200 0.18232600 0.07439800
v 0.06471050 0.18601650 0.03942550
v 0.15329000 0.18623200 0.28770599
v 0.15535800 -0.09298375 0.25007024
v 0.19768250 0.10425950 -0.12653451
v -0.18869200 -0.05734650 0.17281149
v -0.18856899 -0.06078700 0.17600299
v 0.13632450 -0.02834200 -0.27048200
v 0.18214551 0.04215100 -0.25716299
v -0.17791051 -0.15554325 -0.24255675
v 0.10039400 0.18376900 -0.10336950
v 0.09978700 0.18390299 -0.10338200
v 0.14658800 0.18428400 -0.30474800
v 0.17829300 0.18713801 0.27288651
v -0.18340100 -0.14005600 -0.10896200
v -0.15296100 -0.12143000 -0.26440299
v 0.21726900 0.17252800 0.00416300
v -0.09665575 -0.12591650 0.25179750
v -0.00138000 -0.00573200 0.26077101
v -0.18202400 -0.15354100 -0.17442299
v -0.18078800 -0.14933500 -0.20569099
v -0.03552000 0.15531699 0.30627599
v 0.14300901 0.17049401 0.30331999
v 0.06903100 0.18511800 -0.03005300
v 0.20512600 0.16047300 0.00981000
v 0.09458300 -0.06296050 -0.27083051
v 0.00116700 -0.15235300 -0.26765001
v -0.18218300 -0.14476500 -0.16778100
v -0.18321000 -0.12836000 -0.11897400
v -0.18109199 -0.15681501 -0.19487201
v 0.21626200 0.17275600 0.02134100
v -0.03011300 0.16958500 0.31735799
v -0.13447399 0.03111400 0.26165301
v -0.10195000 -0.09370100 -0.27009401
v 0.20653249 0.18671800 0.13935301
v -0.07972600 -0.06176900 -0.27344200
v -0.16801850 -0.15223449 -0.25625601
v -0.18508650 -0.11419850 -0.03775000
v 0.04848700 -0.10509800 -0.27037400
v 0.09297000 0.16172101 -0.29108301
v 0.11557700 0.18650299 -0.26731101
v 0.16888700 0.18891500 -0.28305501
v -0.18094000 -0.15307499 -0.20028150
v -0.18761525 -0.04174708 0.07928663
v 0.20092350 0.18748200 0.13765150
v 0.00430700 0.00685200 0.26166999
v 0.14402100 0.18778101 -0.28191599
v 0.12393400 0.18729299 -0.30066201
v 0.20016602 0.13134274 0.01848229
v -0.15137900 -0.10504100 -0.26593301
v 0.14972299 0.00001050 -0.27173400
v -0.09237475 -0.16164525 0.09167825
v 0.16950600 -0.10053800 0.23235250
v 0.20500299 0.16100900 0.03203400
v -0.04437550 0.16719350 0.31779301
v 0.04877100 0.18511400 0.04013300
v 0.11408300 -0.05926050 -0.26971349
v -0.10255350 0.19168800 -0.29473549
v -0.10271400 -0.15987100 0.24988800
v 0.20996375 0.18616712 0.12186675
v 0.20982300 0.18629324 0.11340100
v 0.16674151 -0.09337700 0.23974700
v 0.16674900 -0.10317700 0.23793100
v -0.05269050 -0.16113999 -0.05224800
v 0.04010000 0.18535601 0.05262500
v -0.01842200 0.01335000 -0.27836800
v 0.10059000 -0.05747000 -0.27081299
v 0.01831500 -0.14238299 -0.26827401
v 0.17747200 0.02827200 -0.26139000
v 0.17562474 0.02732400 -0.26309976
v -0.09122650 -0.14467050 0.25134799
v 0.09120800 0.18384300 -0.11282300
v 0.20505700 0.18722001 0.14952300
v 0.18847924 0.04564175 -0.23729800
v -0.18519799 -0.09201900 -0.04511300
v -0.18489049 -0.08892650 -0.05458050
v -0.18357700 -0.11457100 -0.09846800
v -0.18881500 -0.05390600 0.16962001
v -0.10343400 0.08082600 0.27014500
v -0.10535650 0.07859500 0.27005351
v 0.00151200 -0.01468800 0.26023200
v -0.18059525 -0.13718188 -0.22980712
v -0.04744700 0.16430900 0.31204700
v 0.02596500 -0.13779500 -0.26858899
v 0.14087699 -0.02287800 -0.27063301
v -0.18446475 -0.07742300 -0.07542350
v -0.04683600 0.17526200 0.31472701
v 0.21004251 0.17384350 0.09189050
v 0.09864950 -0.14805201 0.25178099
v 0.10002550 0.18367100 -0.16407651
v -0.22462900 0.17690900 -0.02807600
v -0.18184900 -0.13954499 -0.18211900
v -0.04681050 0.17228250 0.31598401
v -0.04678500 0.16930300 0.31724101
v -0.21417950 0.19148050 -0.01354300
v 0.16653600 -0.00449800 -0.26622599
v -0.08843000 -0.04358800 -0.27416500
v -0.09399400 -0.12359800 0.25206399
v 0.17317800 0.18069699 0.29317799
v 0.21055751 0.18571950 0.14936900
v -0.18322650 -0.01297700 0.24641199
v 0.20146850 0.14186475 0.05510025
v 0.15590200 -0.02366000 -0.26880500
v 0.07253800 0.18346700 -0.14732701
v -0.19120499 -0.02809200 0.18845300
v 0.19393700 0.18673100 0.25953200
v -0.02783400 0.01177700 -0.27823049
v -0.18960300 -0.04278700 0.17261700
v -0.18569200 -0.06155150 -0.04343625
v 0.09592600 0.18448900 -0.30939201
v 0.00062800 -0.16628601 -0.25023201
v 0.07459700 0.18465300 -0.05672900
v 0.09743050 0.18394800 -0.19701350
v 0.10044700 0.18393099 -0.19454300
v 0.22929899 0.17268801 0.02665700
v 0.21115001 0.18575400 0.12719201
v 0.17114250 0.17402899 0.28907251
v 0.18911099 0.06374800 -0.17794099
v -0.03568900 0.18493000 0.29569900
v -0.02954700 0.18305300 0.28672001
v -0.15841401 -0.12801600 -0.26297200
v -0.18332800 -0.10932900 -0.11653200
v -0.10140900 -0.07004300 -0.27186200
v -0.09071100 -0.14053100 0.25156999
v -0.18568300 -0.06461200 -0.04170600
v -0.00330450 0.18384799 0.12668200
v -0.18420599 0.00402250 0.24756300
v -0.18430425 0.00731750 0.24776325
v 0.13301900 -0.02916600 -0.27066699
v 0.20829600 0.18624100 0.17310400
v -0.18342400 -0.11604000 -0.10821800
v 0.01870900 0.18558300 0.04912400
v 0.17193501 -0.10856100 0.06600100
v 0.09441400 0.18396500 -0.19948401
v -0.09417900 -0.04898000 -0.27360100
v -0.03393200 0.02975300 -0.27905500
v -0.19290900 -0.01183700 0.20651300
v 0.14025350 -0.02519800 -0.27046499
v 0.13197900 -0.03836500 -0.27002800
v -0.18355399 -0.10064300 -0.10463000
v -0.18402401 -0.08599000 -0.20946500
v -0.18271551 -0.09076200 -0.24238700
v 0.03786200 0.18528600 0.04687500
v 0.07679925 0.14558275 -0.29008275
v 0.14342500 -0.09400400 0.25340500
v -0.18221900 -0.13451201 -0.17110500
v 0.05845800 -0.15593401 -0.26558900
v -0.18264900 -0.10997500 -0.20802400
v -0.09660100 -0.05992700 -0.27279401
v -0.18300401 -0.11085800 -0.15242000
v 0.20832101 0.18609650 0.17581850
v 0.08739850 0.05936150 0.26641899
v -0.18308300 -0.11325500 -0.13710301
v 0.18753199 0.05126100 -0.16991450
v -0.02633500 0.02343200 -0.27868301
v 0.06207000 0.18539800 -0.25303999
v -0.12233300 -0.04141700 -0.27267599
v -0.23706201 0.17186600 -0.01031000
v 0.09351350 0.16502200 -0.29128101
v -0.14498501 -0.05204500 -0.27060300
v -0.22579700 0.18855400 0.00977500
v 0.20046850 0.13663800 0.07149050
v 0.10879600 -0.08295900 -0.26824275
v -0.18376701 -0.08867800 -0.09902100
v -0.18384950 -0.08663700 -0.09583850
v -0.04880200 0.18518050 0.29505900
v -0.10491000 -0.04709000 -0.27319899
v -0.18423600 -0.07518300 -0.08706800
v -0.01755100 0.18229000 0.08510600
v -0.15860724 0.16888800 -0.28961849
v 0.09076100 0.05694900 0.26621199
v 0.08191300 0.16145650 -0.29131401
v -0.04061000 0.02515600 -0.27878100
v -0.18336099 -0.09517700 -0.16572700
v 0.11615650 -0.06839250 -0.26883700
v 0.11585400 -0.07588000 -0.26825500
v 0.09405700 0.16832300 -0.29147899
v 0.20576400 0.18638900 0.20919400
v 0.20716500 0.18590949 0.21654224
v 0.19798775 0.18653999 0.25232625
v -0.18867129 -0.01483563 0.02695365
v 0.18691599 0.04554300 -0.16880400
v -0.00596700 0.18565699 0.04215100
v 0.20145600 0.15294300 0.14042400
v 0.07872464 0.02038997 0.26338798
v 0.18487900 0.01748900 -0.20355800
v 0.18584700 0.03337300 -0.17996700
v 0.20070700 0.13815700 0.07325500
v -0.18451200 -0.06512400 -0.08626500
v 0.08175300 0.18437900 -0.22226800
v 0.21855500 0.17306700 0.13513400
v -0.18381800 -0.07610400 -0.13052900
v -0.18316700 -0.10274500 -0.17790200
v 0.19995999 0.13297400 0.06854300
v -0.05995800 0.18691200 0.29255599
v 0.20054100 0.14342301 0.12985000
v -0.02066050 0.18589100 0.05293950
v 0.08303200 0.16323900 -0.29134399
v 0.16733550 -0.00876300 -0.26524100
v -0.07822900 -0.13647400 0.25233200
v -0.06895200 0.17780000 0.30443200
v 0.19663525 0.11131725 0.07255400
v 0.20141751 0.15206251 0.13809600
v 0.10015100 -0.10472800 -0.26703700
v 0.03226600 -0.16492300 -0.26596901
v -0.18437400 -0.07015350 -0.08666650
v 0.01050250 -0.05004400 0.25842649
v 0.20855600 0.18541300 0.22813500
v -0.18570100 -0.05849100 -0.04516650
v -0.18481450 -0.05964600 -0.07969400
v 0.00925700 -0.04139650 0.25889450
v -0.18628301 -0.04552600 -0.03689000
v -0.18404999 0.02027700 0.24934900
v 0.19969000 0.13082901 0.06736000
v 0.11685750 -0.07870650 -0.26792851
v -0.06144500 -0.16475800 0.21664400
v -0.09174200 -0.14881000 0.25112599
v 0.18639600 0.04156800 -0.16927201
v 0.19772300 0.11969900 0.09852700
v -0.07868700 -0.14654800 0.25201499
v -0.04532500 0.03253100 -0.27912900
v 0.15261650 0.10882431 0.27216494
v -0.06957500 0.01916000 -0.27812701
v 0.18490849 0.02351500 -0.18212651
v -0.18411200 -0.06677900 -0.13650000
v 0.19671850 0.11213250 0.07514500
v -0.18380000 -0.08886700 -0.19504800
v -0.18376900 -0.08894600 -0.19279650
v 0.20098300 0.14492901 0.11998400
v 0.16654301 -0.01790550 -0.26473850
v -0.06532500 0.02714850 -0.27852300
v -0.10691400 -0.01784700 -0.27494001
v 0.20849575 0.18389675 0.24952126
v -0.06161400 0.03656400 -0.27906099
v -0.08012950 0.01010200 -0.27754799
v 0.19930750 0.12947550 0.08680800
v -0.14986099 -0.07605500 -0.26835999
v 0.19949900 0.15792000 0.21355601
v 0.17113601 -0.11957300 0.11586500
v 0.15740100 -0.03486350 -0.26740849
v -0.17762300 -0.09911250 -0.25261301
v 0.20181499 0.17990500 0.27365801
v -0.06795438 0.02197800 -0.27828375
v -0.11564100 -0.02710400 -0.27397799
v 0.18439350 0.02047200 -0.17976950
v 0.19983500 0.14193800 0.14604600
v -0.18417700 -0.06552250 -0.13529649
v 0.04459200 -0.16060500 -0.26592001
v 0.09495100 -0.11427000 -0.26664901
v 0.04767337 -0.00543675 0.26150638
v -0.18512700 -0.04874400 -0.08199400
v -0.18716300 -0.02904700 -0.02590300
v 0.15820000 -0.04038125 -0.26662374
v -0.11184400 -0.16428199 0.22038101
v 0.03391800 0.18588801 -0.24121299
v 0.04048050 0.18599200 -0.24173300
v -0.15573700 -0.07561500 -0.26788300
v 0.21491800 0.17895475 0.25289974
v 0.18371375 0.04124591 -0.06419981
v 0.19892600 0.15241601 0.20556401
v 0.19976500 0.16553999 0.22484000
v 0.19882400 0.16123749 0.23128100
v 0.10929700 -0.08478550 -0.26805449
v 0.12126200 -0.08191250 -0.26731700
v -0.03966100 0.05951300 -0.28067601
v -0.08280525 0.01118800 -0.27756801
v 0.12586600 -0.11263900 0.25285301
v -0.18525900 -0.04818150 -0.07757350
v 0.19810900 0.12237900 0.09865900
v 0.19733700 0.11701900 0.09839500
v 0.19615300 0.10871350 0.07225250
v 0.10412200 -0.09438200 -0.26760399
v 0.10628300 -0.09715100 -0.26722401
v 0.16234200 -0.03602650 -0.26519099
v 0.06921400 0.17523900 -0.30912599
v -0.04436125 -0.11296788 0.25455913
v -0.08613150 0.18440050 0.29706800
v -0.09304700 0.18454900 0.29668200
v -0.08312400 0.16821000 0.30431300
v -0.18546250 -0.04511350 -0.07177700
v 0.19927201 0.14063901 0.15964600
v 0.19553401 0.15911400 0.24346700
v -0.18512499 -0.04236000 -0.12059750
v 0.00889300 -0.04898900 0.25852901
v -0.18553400 -0.04260800 -0.07040100
v -0.06983100 0.18785501 0.29000199
v -0.05322800 0.17919400 0.25557500
v -0.18725550 -0.02729750 -0.02460650
v -0.16067950 0.18240200 -0.22467150
v -0.18698700 -0.02840800 -0.03581850
v -0.17197600 0.08212300 0.26543799
v 0.04383500 0.17969599 -0.27343601
v 0.09230850 0.04386200 0.26517501
v 0.09576050 0.03674000 0.26456600
v 0.22065400 0.17864300 0.22956650
v -0.02976100 0.07650200 -0.28516251
v -0.16134299 -0.02065200 -0.27128199
v -0.09161300 0.00530300 -0.27700749
v -0.08854700 0.00878850 -0.27729774
v 0.18467800 0.01879300 -0.19419999
v 0.18191469 0.02336225 -0.09501000
v -0.18567351 -0.03625450 -0.08035600
v 0.18936101 0.08660500 0.04717300
v -0.06955600 0.18530500 0.20296000
v -0.18708999 -0.02575100 -0.03442100
v -0.18483201 -0.04929975 -0.12989275
v -0.18514700 -0.06728300 -0.21385300
v 0.21337000 0.17359100 0.24624801
v 0.21398801 0.18049499 0.25144401
v -0.03229900 0.18399601 0.14248700
v 0.18453875 0.05540000 0.05508625
v 0.19655800 0.11171300 0.09498450
v 0.19624101 0.10947250 0.08671050
v 0.19853300 0.15832400 0.23216701
v 0.15641651 -0.04605800 -0.26659849
v -0.18587300 -0.02834800 -0.10955500
v -0.07943950 0.18458150 0.15374900
v -0.08277600 0.18466300 0.15417799
v -0.02560800 0.18597101 0.03142200
v 0.02266100 -0.06041100 0.25812301
v -0.10707400 -0.00570600 -0.27568901
v -0.11604300 0.00002500 -0.27590600
v -0.11830300 -0.01751300 -0.27447301
v 0.19571500 0.10614800 0.08182900
v 0.19634899 0.11062900 0.09837700
v -0.18480900 -0.05003050 -0.13097499
v -0.18792650 -0.01421450 -0.02565300
v 0.08596200 -0.13241200 -0.26575199
v 0.12248900 -0.08501200 -0.26696101
v -0.06003100 -0.14476401 0.25296351
v -0.02514800 0.18073399 0.16491701
v 0.16163699 0.08901600 0.26798201
v 0.02057300 0.14883301 -0.29080999
v 0.08785500 0.18939400 -0.29644999
v -0.15929000 0.18594700 -0.20878500
v 0.18302700 0.00565100 -0.18484201
v 0.18334000 0.00758650 -0.18766400
v 0.17952500 -0.05179000 -0.22845000
v -0.00924800 -0.16129850 -0.00922244
v 0.15470700 -0.06375250 -0.26559201
v -0.01956500 0.09786400 -0.28692099
v -0.03262600 -0.12950900 0.25440601
v 0.05115800 0.17073500 -0.31804901
v -0.13307901 -0.02858600 -0.27300799
v -0.10434400 -0.00149000 -0.27624601
v 0.02001600 -0.05160700 0.25850999
v -0.04199600 0.18204500 0.08342000
v -0.11077000 0.02577000 -0.27760449
v -0.18566149 -0.03209250 -0.11018200
v 0.11059400 -0.10911800 -0.26588300
v -0.18617199 -0.02385700 -0.09700800
v -0.03647900 0.08779100 -0.28601101
v -0.03992500 0.08646350 -0.28587750
v 0.18346301 -0.00336850 -0.21794499
v -0.18491700 -0.06184950 -0.24244650
v -0.09483800 0.17964201 0.25404999
v -0.18870200 -0.00188500 -0.02206500
v -0.01458100 0.12661099 -0.28920501
v -0.04337100 0.08513600 -0.28574401
v 0.00598975 -0.16111150 0.01473987
v -0.03439550 -0.13881150 0.25402650
v -0.19551484 0.04523459 0.12477547
v 0.17504375 0.10986312 0.26304501
v 0.04556650 0.17450300 -0.31817549
v 0.03928950 0.17485601 -0.31839451
v -0.15418001 -0.01129300 -0.27310899
v -0.19079632 0.01993969 0.00117038
v -0.11737400 0.18803599 0.28887001
v 0.09937000 -0.16244900 0.25087100
v -0.01049900 -0.16101000 -0.07242300
v 0.12204700 -0.09369650 -0.26629949
v 0.14392300 -0.12897900 -0.26160100
v -0.13522699 0.00037750 -0.27495149
v 0.08856000 -0.00602750 0.26150751
v -0.18698855 -0.01600552 -0.14381324
v -0.18700799 -0.03931300 -0.23838300
v 0.19717599 0.13224199 0.19758900
v 0.12586699 -0.09266500 -0.26609799
v -0.04526400 -0.14686900 0.25345549
v -0.20389700 0.12396600 -0.18558700
v 0.18448500 0.05501350 0.05699950
v 0.19692101 0.13930400 0.22449601
v -0.09421000 0.18543600 0.20591100
v 0.05470800 -0.16627900 -0.26497599
v 0.01169100 0.14914601 -0.29092500
v -0.18961400 0.01926700 -0.09215200
v -0.02766700 -0.13524599 0.25414699
v -0.15727000 -0.02330200 -0.27180001
v 0.09579200 -0.12588100 -0.26559001
v -0.17962299 0.09828000 0.26372701
v 0.17911679 -0.00618228 -0.11490256
v 0.17546400 -0.09165950 -0.23912150
v 0.03640400 0.17445000 -0.31855100
v -0.21526000 0.19138600 -0.00939800
v 0.16669901 0.08839700 0.26573399
v 0.10056900 0.01612625 0.26314551
v 0.03335000 0.16833800 -0.31874600
v -0.18502600 -0.07109900 -0.22715300
v -0.03667300 0.18443801 -0.14376700
v -0.00650700 0.18613300 -0.23206000
v -0.08787500 0.18568200 0.19586900
v -0.08977525 0.18554474 0.19769301
v -0.16273201 0.16316999 0.27466601
v 0.15753050 -0.09182100 -0.26184499
v -0.19165599 0.03330500 -0.02025700
v -0.18750550 -0.00493150 -0.10365650
v -0.10723000 0.03534900 -0.27819899
v 0.00977700 -0.09368900 0.25642601
v -0.06365900 -0.16513599 0.22910000
v -0.17948399 -0.04179100 -0.25759149
v 0.18078201 0.02335400 -0.05134800
v 0.13073650 -0.10289050 -0.26485550
v -0.05901675 -0.16615775 0.23567601
v 0.00550450 -0.09209250 0.25645149
v -0.00747700 -0.11181900 0.25546300
v -0.01395000 -0.10225300 0.25566101
v -0.19403200 0.04683947 0.04935075
v 0.10823450 -0.14421400 -0.26319349
v 0.10647300 -0.13922700 -0.26370099
v 0.13669799 -0.13014600 -0.26207200
v -0.04006900 -0.14548200 0.25359699
v -0.04539500 -0.15466499 0.25314900
v -0.06604200 0.07975350 -0.28508300
v 0.09941050 0.01310650 0.26294324
v 0.18181001 0.03540700 0.02348000
v -0.20221099 0.15886500 0.24854299
v -0.15930650 -0.02197700 -0.27154100
v -0.03494950 -0.13282099 0.25419500
v 0.03872900 -0.06241600 0.25810400
v 0.18322399 0.04653700 0.03598500
v 0.18318000 0.04628500 0.04670900
v 0.18531543 0.05963213 0.11975150
v 0.00298050 0.18616000 -0.23327050
v 0.19438800 0.11472000 0.22247200
v 0.12413841 0.01208706 0.26245746
v -0.08215250 0.18498801 0.11074500
v -0.02242150 0.14323349 -0.29068401
v 0.19103549 0.08540050 0.22903900
v 0.15534300 -0.08843300 -0.26312599
v -0.04940600 -0.16513900 0.22442500
v 0.18117601 0.03148400 0.02501400
v 0.18441400 0.05361000 0.05155000
v -0.18942900 0.01735600 -0.10323900
v -0.13365500 0.18012901 0.25112101
v -0.07556600 0.18468200 -0.15257099
v -0.04035400 0.18162300 -0.18381800
v -0.18895000 0.01184800 -0.11413800
v 0.09593400 -0.00976200 0.26104999
v -0.20294601 0.08058300 0.22274999
v -0.19091925 0.03033075 -0.06233350
v -0.01960700 0.13993500 -0.29031801
v -0.18931800 0.01553450 -0.11294350
v -0.13178800 0.02688100 -0.27706400
v 0.02420000 -0.08477950 0.25696450
v -0.00823250 -0.11563650 0.25527850
v -0.00898800 -0.11945400 0.25509399
v 0.18084501 0.02755000 0.01888300
v -0.20543900 0.10809200 0.19438000
v -0.13930599 0.18948400 0.28265500
v -0.02879100 0.18629900 -0.22265300
v -0.10850600 0.05339300 -0.27935800
v -0.10953800 0.05830600 -0.27967250
v -0.11657500 0.04340600 -0.27848801
v 0.07629500 -0.16294099 -0.12450400
v 0.16902600 -0.11688100 -0.24938400
v 0.09970300 -0.00018200 0.26186699
v 0.17642547 -0.05504169 -0.15187769
v -0.06845900 0.10048600 -0.28674999
v 0.09515700 -0.14775100 -0.26392901
v -0.03381200 -0.16501600 0.21852200
v -0.07760200 0.18526700 0.05197700
v 0.08816100 -0.00376300 0.26166999
v 0.07568375 -0.07344525 0.25719875
v -0.14506200 0.01665900 -0.27582601
v 0.18071200 0.02751600 0.03504500
v -0.19362099 0.05070925 -0.01166675
v -0.03926500 -0.16549800 0.22827999
v 0.04129300 -0.07807800 0.25731701
v -0.15706500 0.00369400 -0.27395999
v -0.01945900 0.16801099 -0.31848401
v 0.17976300 0.02251000 0.03389700
v 0.18023750 0.02501300 0.03447100
v -0.19320400 0.04849600 -0.02993600
v 0.00367900 -0.16590001 0.23578900
v -0.03433600 -0.16524801 0.22638100
v -0.19089200 0.02966900 -0.05877800
v -0.09723300 0.18647300 0.08816700
v 0.17519049 -0.04710700 -0.10040350
v 0.02896800 -0.08253400 0.25709400
v 0.19166800 0.08895800 0.22582699
v 0.10999600 -0.14920101 -0.26268601
v 0.03482800 -0.16192500 0.06308100
v -0.19041100 0.02716000 -0.08577500
v -0.19029300 0.02567750 -0.08328200
v -0.19075400 0.02960900 -0.07139700
v -0.09173300 0.18569700 0.08514950
v -0.19184500 0.03903500 -0.05109200
v -0.23716401 0.17325699 0.03158100
v 0.16123874 -0.10505700 -0.25853151
v 0.09951400 -0.00689500 0.26145500
v -0.16776700 0.18631101 0.29072401
v -0.18057650 -0.02055300 -0.25887701
v -0.19798297 0.08212072 0.04473056
v 0.00151800 0.18018900 -0.27392101
v -0.15231299 0.17762500 0.27879301
v -0.07815075 0.18481500 -0.00792500
v -0.19083001 0.03082300 -0.07593500
v -0.20400999 0.09148200 0.15465400
v -0.20399800 0.09161200 0.14336701
v -0.19258100 0.04440300 -0.04151900
v 0.17632000 -0.01294500 -0.00139700
v 0.17996401 0.02386400 0.07036400
v 0.07439000 -0.16518000 -0.05489000
v -0.17924500 0.15757900 0.26940799
v -0.13942499 0.18755300 0.28897199
v -0.18277299 -0.00465100 -0.25816101
v -0.19510575 0.06307575 0.00015125
v 0.18338300 0.03470400 0.19286400
v -0.19355235 0.05499551 -0.12909792
v 0.17588399 -0.02227000 -0.03653700
v -0.06700400 0.12434600 -0.28873101
v 0.12029800 -0.00661750 0.26142800
v -0.19377001 0.05586100 -0.04914800
v -0.13322000 0.18070900 0.20986401
v 0.15226600 -0.14538400 -0.25862801
v -0.11057000 0.06321900 -0.27998701
v -0.15524299 0.01969800 -0.27550200
v -0.14759000 0.18248700 -0.26603201
v -0.06467600 0.11312700 -0.28784600
v -0.06807400 0.11158500 -0.28768200
v 0.11152500 -0.16733700 -0.26125300
v -0.19158700 0.03853300 -0.10194800
v 0.16207574 -0.10820900 -0.25750276
v 0.17168100 -0.12215700 -0.24282800
v -0.16657600 0.17667200 0.22376300
v -0.19121100 0.03511700 -0.10249100
v -0.19083500 0.03170100 -0.10303400
v -0.06581800 0.18475799 -0.12555701
v -0.19353200 0.05399700 -0.05814550
v -0.07147200 0.11004300 -0.28751799
v -0.18060499 0.01453800 -0.26326200
v -0.02356200 0.16242801 -0.31877100
v 0.17779399 0.00593700 0.06303800
v 0.09715950 -0.16429000 -0.20936750
v -0.11077025 0.17969975 0.03828725
v 0.12279200 -0.15389600 -0.26119101
v 0.12301150 -0.15793601 -0.26089150
v 0.12144750 -0.00625550 0.26156351
v -0.10861925 0.18172175 0.05326150
v -0.19642250 0.07417950 0.00277650
v -0.02643300 0.18713000 -0.30646801
v 0.05787900 -0.16262400 -0.02456000
v -0.18111800 0.18146400 0.29413101
v 0.17857200 0.01244800 0.07147800
v -0.12973700 0.17973299 0.09314700
v -0.15462101 0.18070500 0.20778599
v -0.20564100 0.10655300 0.16422500
v -0.19329900 0.05224900 -0.05974200
v -0.19354799 0.05423400 -0.05424000
v -0.19434901 0.06135500 -0.06617600
v 0.17617500 -0.08767350 -0.23746200
v 0.17534800 -0.09505000 -0.23850100
v -0.11213500 0.17951900 0.03890100
v 0.17636900 -0.01471700 -0.02062400
v -0.17457700 0.17789800 0.27441701
v -0.16735800 0.19055100 0.27702799
v -0.17495100 0.13698800 -0.28196701
v -0.17231525 0.12861250 -0.28246725
v -0.09401737 0.18603525 -0.04495912
v 0.16403051 -0.11052100 -0.25578150
v -0.14319900 0.17568000 0.13870600
v 0.09345100 -0.16630401 0.22164901
v 0.04210400 -0.09471400 0.25649399
v 0.08979850 -0.06495600 0.25740200
v -0.19269200 0.04848500 -0.09310300
v 0.17188799 -0.14112601 -0.22247200
v 0.17422301 -0.05117000 -0.05181600
v 0.18475799 0.06658700 0.23649500
v -0.19969200 0.09691300 -0.24268800
v -0.19485401 0.06727700 -0.08420500
v -0.17924701 0.01407700 -0.26451200
v 0.17543600 -0.02717400 -0.02219500
v -0.18437301 0.02451950 -0.25974801
v -0.19622600 0.07265100 0.00015300
v 0.14855500 0.00913200 0.26138499
v -0.18287000 0.17798400 0.27070600
v 0.17546301 -0.02515900 -0.01160200
v -0.06735800 0.18492800 -0.16938800
v -0.16599725 0.04634088 -0.27527544
v -0.02804450 0.18824349 -0.30493200
v -0.02777650 0.18412250 -0.31349051
v 0.04659700 -0.16226000 0.04836900
v 0.17484400 -0.03745500 -0.03679100
v -0.19661900 0.07570800 0.00540000
v -0.07757700 0.13183650 -0.28941700
v 0.18415500 0.04157500 0.22731100
v 0.10214800 -0.16669101 -0.23271300
v 0.16173901 -0.12709799 -0.25564274
v -0.19789501 0.08646250 0.00361750
v 0.17640200 -0.00728700 0.07014300
v 0.16988400 -0.11725650 -0.24778150
v 0.13744199 -0.00311775 0.26106051
v -0.17327550 0.18069400 0.19953351
v 0.08139750 -0.07115050 0.25722501
v 0.17360106 -0.08774151 -0.10650925
v 0.17475501 0.04695000 0.25127900
v 0.06290100 -0.11010400 0.25540301
v -0.18819600 0.17760400 0.28426099
v -0.19535200 0.07105900 -0.08521700
v -0.19398800 0.05907600 -0.08405600
v 0.17509000 -0.02576900 0.01859200
v 0.18317200 0.03332800 0.18849300
v 0.05454700 -0.16426399 0.15095200
v -0.20537850 0.10840050 0.08047650
v -0.20504200 0.10505100 0.08183400
v -0.10359700 0.18635701 -0.21217801
v -0.08851000 0.18628500 -0.21306500
v 0.14430176 -0.00155275 0.26087976
v 0.17734200 -0.00549800 0.13414299
v 0.18211900 0.02831600 0.16656700
v 0.18313099 0.02792500 0.22287700
v 0.18247575 0.02895325 0.23163775
v 0.12768599 -0.16960301 -0.25968000
v 0.13510600 -0.16387700 -0.25941101
v -0.18248300 0.18761000 0.28416300
v -0.12898099 0.17970200 0.06675300
v -0.20733701 0.13071300 0.20021600
v -0.19814894 0.09299419 -0.05361388
v 0.18327750 0.03401600 0.19067851
v -0.16420500 0.17610000 0.14519800
v -0.19894700 0.09657550 0.00403200
v 0.07567100 -0.07374050 0.25719300
v 0.17315610 -0.12449188 -0.16802259
v 0.17415000 -0.04669700 -0.01163100
v 0.17596599 -0.01170900 0.05491200
v -0.19585000 0.07484100 -0.08622900
v 0.18244000 0.02447800 0.19553100
v 0.18195149 0.02000600 0.19379200
v 0.09275400 -0.16581500 -0.06904000
v 0.07623800 -0.16304500 0.00055200
v 0.06909650 -0.16474050 0.01898200
v -0.20145699 0.11188800 -0.23316400
v 0.04572600 -0.10658900 0.25584826
v 0.17338900 -0.12171000 -0.23312800
v 0.17636900 -0.01485750 0.23816800
v -0.19990200 0.19097400 0.25524700
v -0.19228800 0.19108500 0.26027650
v -0.17549500 0.18065400 0.20818000
v -0.03832700 0.18075700 -0.26630801
v -0.06903400 0.18119600 -0.26348501
v 0.06860000 -0.08429800 0.25679201
v 0.17121150 -0.11989450 -0.24450350
v 0.17365199 -0.06807100 -0.05805200
v 0.17474499 -0.02820700 0.03422900
v 0.17513500 0.01110800 0.24572399
v 0.17234100 -0.13754500 -0.20566100
v 0.17185301 -0.14797400 -0.19537900
v -0.20601000 0.11486500 0.08145700
v 0.17992900 -0.00028900 0.23226500
v -0.08648400 0.13992600 -0.28985000
v -0.19228099 0.18458900 0.28543299
v 0.05784800 -0.16233100 0.08698400
v -0.17389999 0.18088999 0.17654499
v 0.17867300 0.00239000 0.15033101
v 0.17417599 -0.04572900 -0.00529300
v -0.20549600 0.11113600 0.06844850
v 0.12021500 -0.16666999 -0.19120900
v -0.11163350 0.17207649 -0.29224750
v 0.06715350 -0.09317850 0.25625399
v -0.07403900 0.14877200 -0.29104400
v 0.05072000 -0.11728500 0.25521100
v 0.08494900 -0.07361500 0.25698501
v -0.16030000 0.17578401 0.02891900
v 0.17583100 -0.01428600 0.09352200
v 0.17385399 -0.05092800 0.00146400
v 0.06162550 -0.10715300 0.25558749
v 0.17384399 -0.04432900 0.02719600
v -0.19743375 0.18980050 0.26709050
v 0.18347099 0.03335300 0.20982800
v 0.09966450 -0.06311850 0.25731599
v 0.09844300 -0.05945300 0.25758600
v -0.21034200 0.15418200 0.18123700
v 0.17562351 0.01427950 0.24538849
v -0.19729701 0.08718975 -0.09549950
v 0.17400099 -0.03623800 0.06333500
v 0.18184000 0.01719400 0.20127200
v -0.08434200 0.18486901 -0.16737400
v 0.17445201 -0.02980600 0.08789500
v 0.17567299 -0.01787500 0.11408200
v -0.18369199 0.18054700 0.16670200
v 0.09930750 -0.08917300 0.25559849
v -0.19410349 0.18019700 0.20525900
v -0.09864250 0.17168200 -0.29262450
v 0.16179350 -0.04887850 0.25084499
v 0.17406300 -0.04473900 0.00826200
v 0.16592000 -0.02109100 0.25097501
v -0.21201600 0.15158300 0.18685500
v -0.20845351 0.15061700 -0.12179850
v 0.17518400 -0.03338400 0.15269400
v 0.14818156 -0.04342119 0.25690776
v 0.17364900 -0.04551500 0.12858500
v -0.21955600 0.17842400 0.24963100
v -0.22592799 0.17956400 0.25401700
v 0.09881150 -0.07837800 0.25632200
v -0.16354300 0.17582300 0.00040400
v 0.17309800 -0.05205900 0.06534400
v 0.17346799 -0.04719600 0.04571600
v 0.16790475 -0.16823725 -0.23845275
v -0.09071100 0.18605649 -0.21038300
v -0.09291200 0.18582800 -0.20770100
v -0.21999100 0.18628700 0.25293100
v 0.17508399 -0.02756800 0.12992600
v 0.17134100 -0.11735600 0.10447700
v -0.21652301 0.17879049 0.22645099
v -0.09571600 0.18538301 -0.18831000
v 0.17302200 -0.09897700 -0.05732800
v -0.21606649 0.18987826 0.23574150
v 0.09071850 -0.16547550 0.04010175
v 0.17155100 -0.10330100 0.09624700
v -0.15626928 0.12023856 -0.28566203
v 0.17981300 -0.00667600 0.22981800
v -0.21870451 0.17872000 0.21347751
v -0.21518800 0.17873000 0.21573301
v -0.20740201 0.13491900 0.01882700
v 0.17290275 -0.08753500 0.00903800
v 0.17378099 -0.04862200 0.14554800
v -0.17772099 0.08859400 -0.27615800
v 0.17998900 -0.00741600 0.22779100
v 0.17605600 -0.01085800 0.24002600
v -0.22527750 0.17830150 0.23150550
v -0.20831899 0.13876501 0.04532300
v 0.10927500 -0.12223100 0.25290999
v -0.10306500 0.19145900 -0.29804301
v -0.14237800 0.17563300 -0.10269900
v -0.20266899 0.10498697 -0.14666191
v -0.20793700 0.13165499 0.07405700
v -0.12836850 0.16847999 -0.29144201
v 0.17302801 -0.05283200 0.11721400
v -0.08423700 0.18498600 -0.31307200
v -0.09023800 0.18780901 -0.30869699
v 0.17296900 -0.11131400 -0.04394200
v -0.17576450 0.08678550 -0.27711049
v 0.16383350 -0.02344700 0.25220299
v 0.09172375 -0.12245700 0.25371149
v -0.21440150 0.19076400 0.20888300
v -0.16923501 0.09190300 -0.28089800
v 0.09528400 -0.09988900 0.25506699
v 0.09762750 -0.09885350 0.25504449
v -0.18790349 0.08331550 -0.26668701
v -0.20633000 0.13061000 -0.07838500
v 0.17273600 -0.09765800 0.02218250
v -0.16005000 0.17591500 -0.08884200
v -0.23131900 0.18166700 0.23361699
v 0.08913900 -0.11825300 0.25409600
v 0.17179000 -0.08528400 0.09867800
v -0.20883501 0.14964899 -0.02691400
v -0.10204200 0.19191700 -0.29142800
v 0.17298800 -0.10613300 -0.05129900
v 0.16096251 -0.03164750 0.25328699
v 0.17319900 -0.14150600 -0.04950800
v -0.18537800 0.08229600 -0.26959899
v -0.22269300 0.18865199 0.20277900
v 0.17746100 -0.02126100 0.23159049
v -0.20515500 0.12222775 -0.09639825
v 0.16098575 -0.04318525 0.25199401
v -0.21102200 0.15871400 0.06767500
v 0.17298150 -0.10002400 0.00933225
v 0.17292550 -0.10084750 -0.00463750
v 0.17289899 -0.09972100 -0.00185400
v -0.22140400 0.18904699 0.19783050
v 0.17287301 -0.10111150 0.00957600
v -0.22449300 0.17775799 0.16660351
v -0.20560651 0.12522250 -0.08697600
v -0.20528901 0.12304800 -0.08336600
v -0.23153900 0.18390700 0.17241400
v -0.22281650 0.18839000 0.19231699
v 0.17295200 -0.10197400 -0.00742100
v 0.17297800 -0.10998400 -0.02651800
v 0.17289200 -0.09697600 0.01763900
v -0.20711887 0.19093187 0.12660438
v -0.12123800 0.18475100 -0.21672300
v 0.17300101 -0.10422200 -0.03479700
v 0.17230900 -0.06794500 0.12036200
v -0.20732300 0.13855401 -0.02631300
v -0.19970700 0.09123800 -0.23497801
v 0.17372601 -0.05763700 0.16254400
v -0.20813000 0.19119200 0.12736075
v -0.11962500 0.17050600 -0.29194751
v -0.22561006 0.18832512 0.07803643
v 0.09061500 -0.12561300 0.25355899
v -0.21836600 0.19084200 0.02845800
v 0.15916149 -0.06484900 0.25080851
v 0.17085950 -0.16503300 -0.19397300
v 0.17302200 -0.11845300 -0.02457300
v -0.21466750 0.19105650 0.12212350
v -0.22551800 0.18733799 0.19175200
v 0.17711450 -0.03677250 0.22466800
v 0.17751500 -0.03345800 0.22251000
v -0.20639201 0.13114750 -0.08885200
v 0.17474499 -0.04849600 0.17241900
v 0.17281300 -0.11550000 0.00849700
v 0.14481500 -0.09596250 0.25306299
v -0.20496149 0.13569550 -0.19906875
v 0.17326500 -0.14704201 -0.05111950
v -0.21043999 0.15769100 0.02510600
v -0.08658800 0.19046900 -0.30170000
v -0.13892600 0.16910450 -0.29096499
v 0.09829100 -0.12257500 0.25338799
v -0.21026750 0.15745150 0.01085600
v 0.17425700 -0.05834400 0.17830600
v -0.15478501 0.18290000 -0.21804599
v -0.19435400 0.18043400 -0.00865100
v 0.17295600 -0.11365900 -0.01001000
v 0.17671400 -0.04008700 0.22682600
v 0.17298099 -0.11193400 -0.04110400
v 0.17518300 -0.06005000 0.21725300
v 0.09230200 -0.13489550 0.25286850
v -0.14339700 0.18531200 -0.20852400
v -0.21200500 0.16743501 -0.04472500
v -0.13745449 0.16884451 -0.29102051
v 0.17235900 -0.10661600 0.03987000
v -0.19042900 0.08433500 -0.26377499
v 0.13010800 -0.16776600 -0.00804900
v 0.17512700 -0.06026500 0.21371301
v 0.16673400 -0.08357700 0.24156301
v -0.20796300 0.14464350 -0.10196600
v 0.11572200 -0.11211300 0.25333601
v 0.12740250 -0.10900900 0.25306851
v -0.20902100 0.19142149 0.00871100
v -0.20569500 0.19039001 0.02167700
v -0.20155050 0.11170300 -0.23034900
v 0.17544700 -0.05543200 0.22517700
v 0.17333101 -0.15257800 -0.05273100
v -0.21300951 0.19137250 0.04793550
v -0.21241251 0.17207000 -0.03324975
f 2207 825 2546
f 268 20 156
f 2099 437 1674
f 178 741 188
f 2628 2244 2074
f 571 107 33
f 133 1835 1143
f 138 137 136
f 130 145 142
f 148 149 2487
f 147 150 130
f 1853 98 175
f 1920 162 1850
f 1214 1812 1814
f 189 98 1918
f 102 1811 187
f 192 167 185
f 198 103 194
f 212 1796 1669
f 2403 1933 221
f 1843 129 128
f 1008 2918 2272
f 1333 2376 1147
f 2855 259 1784
f 259 1776 1784
f 2295 225 853
f 263 1764 252
f 319 314 76
f 977 342 1791
f 344 330 333
f 1350 345 1349
f 352 389 388
f 2250 362 1104
f 504 516 375
f 58 63 2117
f 1648 2133 2981
f 55 1416 4114
f 1290 1289 407
f 2409 506 1592
f 2765 1816 514
f 1585 519 1608
f 522 523 1421
f 2482 2416 2724
f 519 1585 2396
f 560 563 522
f 1583 583 2737
f 599 556 29
f 605 522 563
f 1822 35 2512
f 522 605 2175
f 2657 2942 1216
f 2878 4039 2986
f 4039 4147 2986
f 1746 1795 660
f 613 641 646
f 613 646 1972
f 1544 585 2152
f 630 665 1982
f 2783 1994 2787
f 627 633 653
f 2191 669 2189
f 651 671 648
f 651 7 671
f 22 724 21
f 1759 1793 1724
f 2632 2074 2244
f 661 621 722
f 2191 2189 3889
f 711 723 23
f 10 756 2755
f 756 10 755
f 1654 775 712
f 794 763 775
f 801 1657 791
f 3946 1024 1410
f 2480 2318 2858
f 1570 2070 902
f 1565 841 1564
f 2091 2085 719
f 2806 2585 664
f 4117 4085 1597
f 2813 1651 766
f 815 816 1543
f 2997 1514 2326
f 937 2009 935
f 4239 2423 2399
f 2082 2956 2880
f 2577 1985 1980
f 2065 2619 1414
f 3056 757 744
f 1464 913 949
f 934 958 1403
f 2082 3005 2956
f 2411 1030 1058
f 1432 2184 1431
f 3289 3080 1047
f 2633 3081 2968
f 1019 1063 1153
f 2500 3303 159
f 1096 2394 1097
f 1094 2089 1097
f 1059 1390 3320
f 1128 1398 1102
f 1189 1133 1314
f 1133 1189 1987
f 2662 2496 1839
f 3303 1146 159
f 2014 2243 2626
f 1172 1576 1098
f 1971 1187 1186
f 2208 2072 1588
f 2668 1192 1188
f 2250 1115 1588
f 2231 2586 1330
f 3490 3039 3053
f 1228 1307 1229
f 1233 2917 1234
f 1161 152 1956
f 1161 1909 152
f 1207 1321 1190
f 1511 534 1191
f 2866 2742 1236
f 1185 2298 1510
f 2233 1331 1235
f 978 1259 1240
f 1175 1307 3437
f 970 1123 1531
f 1897 975 1901
f 1083 995 173
f 1155 1031 980
f 1405 1073 1404
f 1042 2184 2185
f 2273 2262 2994
f 1429 1428 907
f 1902 2490 153
f 1461 1441 2268
f 1412 978 848
f 500 912 502
f 2153 1463 973
f 1468 898 2232
f 1400 2310 647
f 833 832 2713
f 2451 2841 2840
f 949 1476 1463
f 786 3108 1468
f 1476 973 1463
f 2193 799 3559
f 201 773 17
f 632 713 1719
f 688 68 1689
f 938 1182 2450
f 1499 747 1493
f 31 812 2348
f 2336 1454 1518
f 765 764 32
f 3168 2134 3123
f 196 1810 197
f 2201 541 1580
f 1195 1948 1949
f 88 820 84
f 1792 260 1265
f 1294 1284 2076
f 2070 1570 801
f 1584 4149 4134
f 80 300 2457
f 3071 696 813
f 813 696 1596
f 1623 1421 523
f 1594 743 1607
f 1615 1616 15
f 1618 1629 1619
f 1629 807 1619
f 494 2137 1624
f 3227 3122 1295
f 444 1605 486
f 3115 497 498
f 807 1629 753
f 2115 1394 2467
f 316 2014 2626
f 63 1389 2117
f 1409 1414 43
f 762 761 2581
f 1623 1419 1421
f 1651 2017 766
f 2114 406 2523
f 700 1632 1662
f 1687 385 410
f 820 88 85
f 1692 394 65
f 2770 1761 2774
f 2283 1355 2079
f 1710 1726 1734
f 2560 22 2831
f 1220 358 403
f 306 1726 1727
f 1734 306 1751
f 1749 81 1750
f 308 307 2912
f 1455 1499 1493
f 1131 1835 2491
f 1270 1763 2967
f 2080 2474 1786
f 980 1424 3839
f 1776 259 260
f 243 1788 242
f 1292 281 2464
f 1792 1784 1776
f 1066 1780 2525
f 2845 1838 1832
f 231 2605 1790
f 1832 1838 1830
f 176 86 196
f 2098 1716 1835
f 565 1818 1819
f 1832 1830 1833
f 1950 516 504
f 2258 1133 1987
f 1848 177 140
f 147 169 150
f 2513 1859 1838
f 1232 2586 2548
f 1862 1018 1858
f 179 140 1863
f 941 1002 1872
f 285 286 1004
f 3226 3619 4205
f 1888 1002 959
f 2079 1355 1359
f 2565 1915 2534
f 3984 821 2035
f 4275 3647 3227
f 132 130 150
f 2105 2251 2211
f 928 2643 1752
f 1927 139 1846
f 464 382 495
f 2910 1753 1743
f 596 1774 595
f 153 160 1214
f 700 1746 660
f 1730 618 643
f 895 1707 1823
f 164 881 1708
f 91 1110 2495
f 102 187 184
f 1167 570 1641
f 18 2148 726
f 1789 1794 2005
f 853 224 1264
f 3601 1977 7
f 1300 99 203
f 1796 212 1805
f 724 790 1996
f 2084 121 857
f 253 3027 1794
f 2474 2082 1786
f 2002 97 1271
f 738 1650 1693
f 768 766 2017
f 328 2627 3103
f 2052 1561 2588
f 823 2049 2054
f 2055 2447 1750
f 2447 346 1750
f 819 828 2021
f 801 1570 3401
f 364 346 1348
f 2590 840 845
f 855 2084 2749
f 857 2749 2084
f 315 2034 327
f 1562 910 930
f 857 121 120
f 2001 736 709
f 867 654 1538
f 2183 2941 1729
f 429 1678 2753
f 2424 467 430
f 3131 2611 2112
f 450 1630 417
f 486 445 444
f 2127 2128 2963
f 299 1313 2764
f 3191 2142 2613
f 1658 1718 1743
f 272 1458 2128
f 308 1658 1743
f 943 945 965
f 2158 2174 1914
f 43 2159 1409
f 592 2398 2388
f 962 2449 2143
f 2782 1103 1046
f 2759 4249 3539
f 2392 2184 1432
f 3014 3017 548
f 3081 3412 2968
f 257 1786 1940
f 1102 1398 1100
f 512 311 310
f 548 1081 1119
f 1005 1230 1325
f 1100 1331 1102
f 1163 1140 1164
f 705 1567 2345
f 2850 1326 1204
f 488 1614 1177
f 1137 2544 1305
f 780 2348 812
f 1201 1164 2757
f 3081 2660 3412
f 1498 2346 2362
f 2230 850 2341
f 722 2269 778
f 2222 2905 2223
f 4 2711 831
f 1242 368 2658
f 850 2230 1450
f 1194 1202 3009
f 1332 2236 1254
f 2226 355 113
f 3461 1494 2744
f 1123 1267 368
f 1166 1209 1576
f 1317 2288 3573
f 1408 2248 1541
f 1139 1191 534
f 1185 1981 988
f 143 1532 998
f 248 1245 365
f 2300 954 2719
f 1205 995 1083
f 2961 2513 1838
f 1162 119 1353
f 313 2258 1987
f 1024 1107 1410
f 1306 2262 2273
f 1155 2736 1031
f 398 1376 1352
f 1075 1076 2291
f 1376 1383 1353
f 1138 1327 1533
f 313 1987 1189
f 1196 1340 1210
f 105 2743 106
f 1969 2614 297
f 2501 1728 1902
f 1287 1324 1203
f 547 1469 3773
f 3518 3459 3573
f 313 1588 2072
f 782 842 1417
f 877 848 2319
f 1485 1479 1423
f 2274 1239 1209
f 2258 2072 1197
f 1228 1229 2298
f 1193 2586 1232
f 1193 1330 2586
f 842 782 52
f 1260 390 2234
f 1602 1213 1285
f 2268 926 1461
f 746 2339 2329
f 2226 110 2212
f 1192 2750 1159
f 4281 4275 4282
f 1244 2203 377
f 343 1201 2757
f 2850 1278 1154
f 2261 1098 1576
f 1392 1373 3191
f 1528 3104 2364
f 1114 1151 1145
f 1552 41 579
f 2048 346 364
f 2378 1634 2253
f 1591 3507 3496
f 1116 2914 1078
f 1411 1332 1074
f 1336 2760 1070
f 1642 1073 1405
f 79 2604 2440
f 1115 1104 2384
f 1592 580 1582
f 1421 560 522
f 1071 1069 2168
f 56 739 2874
f 2410 525 509
f 3453 262 1675
f 1600 459 450
f 2163 1427 2644
f 1054 1014 589
f 1623 2901 1419
f 1015 1014 1054
f 1677 315 72
f 459 1630 450
f 1147 214 268
f 254 1449 1040
f 2299 454 402
f 1628 2399 2423
f 2425 2670 440
f 1464 1463 1028
f 1621 2144 2862
f 2427 2431 3208
f 1633 397 395
f 395 4220 1633
f 1122 2789 381
f 388 389 409
f 966 958 2445
f 2438 321 71
f 4286 4296 4272
f 2058 2069 2909
f 2909 1717 2058
f 1311 921 2957
f 261 336 3846
f 4136 4014 2868
f 1760 2030 1748
f 1739 2459 294
f 294 2044 1739
f 711 3295 723
f 1750 2048 1749
f 1751 353 1734
f 299 84 820
f 2035 821 1295
f 2451 2110 1534
f 2091 2104 2085
f 2075 1753 269
f 238 1765 2471
f 2781 96 1770
f 2084 855 121
f 1788 234 2476
f 240 2479 241
f 861 2631 1792
f 1933 1999 221
f 190 1694 199
f 1708 881 180
f 1835 2493 2491
f 2091 719 790
f 4202 4244 4246
f 1895 1916 155
f 1529 737 2001
f 2938 1626 1988
f 1719 1218 1705
f 155 1916 1027
f 4236 1313 2264
f 183 1814 1223
f 1738 9 1713
f 2001 709 2516
f 643 1965 1730
f 1313 4312 2264
f 374 1879 2654
f 1912 2494 2508
f 1845 2494 1912
f 1043 1921 2541
f 527 1827 468
f 1946 1941 1939
f 1606 455 3113
f 827 3051 2549
f 392 2536 1881
f 1836 27 2485
f 648 624 2521
f 4206 2677 4054
f 2895 1550 1579
f 1525 2879 2377
f 2375 2167 2022
f 736 2001 737
f 1227 1782 1983
f 1719 735 1218
f 712 763 760
f 719 1996 790
f 1898 1897 1901
f 1912 1869 1845
f 2715 1453 1493
f 696 3071 685
f 1618 1619 2053
f 1547 3937 3871
f 2486 2018 810
f 1916 1873 1027
f 2601 2138 1641
f 2047 2096 795
f 175 98 213
f 207 1057 1012
f 1534 828 819
f 889 1736 899
f 142 145 1855
f 2603 2509 151
f 2607 992 1486
f 4237 4211 3619
f 1626 2458 2418
f 2606 4231 4203
f 1023 1394 2115
f 1495 1467 471
f 1445 1022 2107
f 2220 1164 1201
f 370 1349 345
f 1459 275 2843
f 1300 203 880
f 1696 4266 406
f 1300 211 99
f 1071 2168 1435
f 1062 530 1448
f 2429 2430 1940
f 234 243 2571
f 2642 2478 1275
f 2385 2387 1418
f 1772 1797 1767
f 1390 1059 1065
f 1764 93 94
f 277 1768 266
f 269 2029 258
f 1117 2387 2386
f 1823 1707 1966
f 1456 254 1118
f 4232 4228 2678
f 2199 1145 1338
f 2261 1296 1150
f 1187 1151 1186
f 2220 1163 1164
f 4298 2907 417
f 350 385 2974
f 385 350 1696
f 2501 4204 4127
f 1316 108 2057
f 111 2057 108
f 151 2509 1884
f 1598 1231 1269
f 2439 1681 2095
f 1690 2095 1681
f 4190 4162 4233
f 1635 1690 1681
f 417 1630 416
f 2670 2425 2865
f 418 2414 2673
f 362 2250 1314
f 2417 427 2897
f 739 61 448
f 450 1608 519
f 3576 3600 3620
f 480 2165 575
f 1568 691 733
f 927 2298 1185
f 1136 1315 1125
f 2348 720 3992
f 1841 261 4126
f 1454 2197 1518
f 1841 4126 128
f 894 1496 34
f 3987 2182 887
f 2863 2862 378
f 1501 2711 3935
f 1470 789 786
f 2273 2994 2367
f 739 4210 4295
f 952 1452 951
f 1480 1423 1479
f 995 818 173
f 817 1083 173
f 815 1543 862
f 2285 1010 1474
f 4038 1843 128
f 825 2207 1517
f 1380 2719 954
f 1362 2277 2718
f 3937 2720 2349
f 782 1553 52
f 1474 758 716
f 2700 544 1363
f 2287 3817 1259
f 3521 3467 3531
f 769 2730 720
f 1082 1053 1391
f 2027 1584 1524
f 1210 1340 2307
f 2697 2382 1535
f 355 1304 113
f 2662 2833 3022
f 626 510 34
f 434 2312 1256
f 185 2483 2045
f 2689 1224 1250
f 313 2250 1588
f 620 484 2363
f 1975 2734 2324
f 541 508 1580
f 252 1764 95
f 2219 182 1974
f 3497 2298 1266
f 362 1133 1197
f 444 2677 1605
f 1416 448 60
f 3115 4226 4292
f 446 60 63
f 2208 1197 2072
f 2208 1588 1115
f 1652 413 425
f 1184 1230 339
f 1074 1332 1254
f 70 1710 352
f 1734 352 1710
f 341 490 488
f 1065 2358 1390
f 2253 1358 1357
f 1119 3014 548
f 4224 4174 4187
f 301 290 289
f 2075 307 1753
f 2773 2470 280
f 2916 1755 3248
f 1065 1030 2635
f 4243 497 3115
f 4238 3058 1648
f 3058 2133 1648
f 3528 3533 1191
f 1708 180 1694
f 1223 1814 1812
f 965 945 1021
f 153 2490 166
f 2145 1409 2159
f 943 1477 600
f 1505 2796 616
f 1354 1183 1238
f 903 905 871
f 2073 844 1735
f 1754 250 4182
f 1963 424 1258
f 801 791 2070
f 2024 819 2021
f 1626 2938 2458
f 1651 813 1596
f 2695 19 3988
f 763 712 775
f 1879 1882 2814
f 2536 2528 1894
f 1715 1731 1733
f 700 1662 1746
f 1983 1781 667
f 594 1947 3560
f 2545 2830 1828
f 1601 397 1647
f 2550 2156 836
f 606 1809 2825
f 1345 1610 2607
f 1820 2825 3768
f 601 565 611
f 590 611 565
f 529 2542 528
f 2645 477 878
f 1876 794 2932
f 1635 2902 2670
f 2592 213 4172
f 3574 1657 721
f 279 239 2246
f 23 723 46
f 790 2581 761
f 1637 3477 2834
f 3375 3481 2462
f 1611 1612 729
f 1684 1610 1345
f 1586 796 797
f 853 90 1691
f 2067 1603 2455
f 956 342 977
f 2032 2809 2751
f 2565 380 274
f 1896 1879 2835
f 372 2569 2570
f 884 858 682
f 1885 2582 1877
f 2625 2111 845
f 2086 891 1520
f 884 2122 916
f 2625 1005 2111
f 1476 949 913
f 1529 2788 806
f 493 1032 2921
f 1404 1433 1034
f 4161 4163 4193
f 2133 4191 573
f 1044 2194 2162
f 1077 1116 1078
f 1081 548 1080
f 488 490 1118
f 4169 4092 4182
f 2089 1337 1097
f 895 2920 1707
f 1120 2846 1369
f 1316 2179 1387
f 4198 4187 4175
f 1115 2250 1104
f 190 1708 1694
f 2261 1576 1296
f 2914 1116 1240
f 2573 1874 1870
f 1785 243 242
f 1772 1783 1797
f 1168 2463 24
f 304 287 2903
f 2772 2468 263
f 4271 2092 1678
f 307 1743 1753
f 2709 1174 2788
f 2333 2321 1253
f 3995 4252 4222
f 1656 318 1737
f 2071 390 1246
f 1247 355 2226
f 334 2068 2672
f 393 2664 366
f 337 1315 1263
f 1317 1207 1190
f 3116 3115 498
f 411 3118 2864
f 2426 421 1683
f 4200 4216 4208
f 267 2317 118
f 1683 444 445
f 3541 3084 2315
f 1277 1981 1510
f 454 2126 402
f 1509 589 910
f 2872 3569 2733
f 17 1481 201
f 2108 2708 2428
f 2302 1126 1106
f 572 2982 554
f 2982 572 575
f 1553 1540 515
f 337 1125 1315
f 1560 483 2161
f 1121 267 1363
f 2379 625 553
f 2704 2031 248
f 687 1559 608
f 1009 2272 3083
f 1053 1052 1400
f 2280 518 1038
f 1524 1584 2375
f 984 232 1378
f 2918 1008 984
f 782 2149 1540
f 1539 1517 622
f 1429 2291 1011
f 1000 972 816
f 1376 398 1383
f 4107 4172 4165
f 1422 1453 2715
f 1104 349 2384
f 1452 2335 770
f 812 925 780
f 1496 893 830
f 647 2201 1400
f 1422 954 1453
f 1481 772 201
f 831 751 2214
f 937 935 1399
f 4176 410 2679
f 1493 747 3889
f 3992 31 2348
f 1383 398 1353
f 232 229 1378
f 678 722 621
f 963 1936 274
f 4005 446 58
f 1277 2285 1981
f 575 1563 2982
f 552 533 2380
f 2136 2152 2393
f 572 483 575
f 3415 1200 1609
f 573 2136 2133
f 4217 56 2766
f 104 1165 110
f 523 2681 1623
f 1600 450 519
f 1606 465 455
f 489 1645 1646
f 2131 739 55
f 2680 2673 2415
f 2679 410 426
f 1644 63 60
f 2303 1288 2342
f 2863 378 1695
f 779 2435 419
f 343 1293 1201
f 1346 2441 400
f 2907 2974 1687
f 2850 2276 1278
f 1163 2220 1293
f 1970 1475 1158
f 1156 2206 1175
f 2384 349 1197
f 2910 1743 1718
f 296 297 283
f 2387 2385 2386
f 1095 1096 1473
f 2169 2769 1067
f 2169 2630 2769
f 282 259 2855
f 1393 1194 1438
f 236 1275 2478
f 2895 455 456
f 211 2074 99
f 3078 2919 1063
f 1249 208 1372
f 4179 743 1594
f 176 13 86
f 272 2128 1025
f 1486 992 493
f 1456 1449 254
f 1451 1023 2115
f 610 2139 2158
f 2145 2159 1039
f 987 2792 2925
f 330 2421 333
f 1724 958 934
f 2620 3233 3168
f 1757 280 2470
f 2608 2842 2507
f 873 1892 1928
f 807 2595 1619
f 794 775 2932
f 2062 2054 2049
f 1003 1871 1017
f 2590 2587 2036
f 1281 1857 1613
f 1281 1604 1857
f 146 131 1854
f 270 1754 271
f 2037 2587 2020
f 759 760 1744
f 1878 1893 1847
f 1264 245 1775
f 7 1977 750
f 1788 2476 255
f 1730 1731 3057
f 1731 1730 1733
f 4111 4164 521
f 1965 1733 1730
f 1747 698 1702
f 628 2518 1072
f 613 1834 641
f 590 591 611
f 1851 1867 382
f 1942 618 1815
f 2530 1804 613
f 2533 1826 571
f 2533 571 30
f 303 468 472
f 924 47 1923
f 924 1923 3037
f 4124 4115 4165
f 4076 498 2686
f 569 603 567
f 2525 2551 1066
f 639 607 2155
f 4091 4119 3953
f 703 1957 2555
f 2945 2521 777
f 624 777 2521
f 372 363 2569
f 1896 2654 1879
f 630 2821 650
f 2183 2518 628
f 713 632 694
f 2 11 2311
f 4011 4032 3858
f 8 1461 926
f 2934 1722 2576
f 2954 1679 759
f 250 1754 270
f 2171 480 1601
f 819 3105 787
f 915 655 902
f 681 859 2453
f 4138 948 3878
f 83 885 854
f 2110 640 828
f 1914 610 2158
f 913 889 899
f 3100 890 663
f 1173 1829 144
f 152 157 158
f 1490 955 2617
f 2208 1115 2384
f 2110 2840 960
f 1975 2219 1974
f 2622 2623 1459
f 2840 961 960
f 2629 3234 1431
f 300 1756 299
f 1751 306 284
f 2910 1718 4298
f 2418 1439 2634
f 490 1456 1118
f 2069 2058 2448
f 1392 3191 3204
f 4109 4033 4110
f 1290 407 2353
f 1170 2057 442
f 344 1695 378
f 1074 1077 1411
f 1697 405 373
f 2184 2392 1093
f 520 511 1375
f 4086 4121 4029
f 1096 2395 2394
f 2386 1120 1117
f 1393 1202 1194
f 2094 2977 4191
f 428 1093 325
f 1647 397 1633
f 1118 341 1193
f 1179 2194 2373
f 1330 1193 341
f 1330 341 488
f 4114 4095 4046
f 2417 2897 496
f 1601 480 425
f 1293 343 1152
f 3354 2200 354
f 1297 1331 2233
f 2231 1330 1177
f 1436 600 1477
f 4156 581 3070
f 1207 1317 1321
f 3921 4104 4071
f 2698 39 1466
f 1174 2709 1979
f 2333 1279 2321
f 1266 1224 3497
f 705 704 686
f 704 707 672
f 749 644 592
f 1522 2806 664
f 2586 2798 2548
f 1274 2798 2586
f 664 2585 3062
f 2330 2325 2991
f 765 2889 1513
f 173 818 817
f 2700 1363 267
f 852 851 950
f 1352 1353 119
f 993 1241 154
f 2702 2881 1356
f 2248 935 2009
f 1489 1521 2709
f 897 947 1051
f 547 1051 947
f 1279 780 925
f 969 2718 2277
f 2297 3721 997
f 1412 1384 978
f 2310 1400 1052
f 143 127 1532
f 127 2267 1413
f 1424 1031 1425
f 980 1031 1424
f 1327 2998 1533
f 937 914 1444
f 2248 2009 1444
f 1496 894 893
f 927 829 693
f 106 1322 3075
f 3946 734 4102
f 2232 1470 1468
f 1510 1981 1185
f 1261 2312 434
f 1479 1485 2209
f 2242 1508 1272
f 831 1501 751
f 3004 2026 2267
f 2234 1500 1260
f 817 769 720
f 2212 1247 2226
f 1508 367 1272
f 707 2721 3006
f 1792 2631 1784
f 1128 1331 1297
f 3889 747 2191
f 2543 1930 568
f 745 39 2698
f 2701 746 2699
f 715 2697 1535
f 499 1157 1359
f 54 2398 592
f 1193 1614 1118
f 2207 578 622
f 1137 1111 2544
f 171 172 101
f 1813 481 886
f 463 1642 2254
f 2696 2737 583
f 586 892 42
f 2184 1093 2185
f 1559 716 2161
f 2394 1094 1097
f 734 691 2685
f 4078 3846 329
f 1030 1059 1058
f 674 3016 1584
f 1153 968 1019
f 1890 944 3042
f 1448 3180 1447
f 1624 1622 494
f 55 739 448
f 55 448 1416
f 1003 1006 1871
f 456 455 1385
f 417 1608 450
f 2128 1458 2963
f 909 2180 492
f 1014 930 910
f 610 939 2139
f 2594 1595 4133
f 456 1385 4225
f 1385 386 4225
f 465 72 315
f 904 906 2450
f 2067 215 2119
f 385 1687 2974
f 904 2450 2205
f 2448 351 2069
f 560 1421 833
f 1956 1953 1161
f 352 1734 353
f 320 1748 2030
f 2856 1292 2464
f 2779 1753 2910
f 2506 752 14
f 253 1762 262
f 1275 2915 2472
f 2505 2810 3389
f 2639 2640 1802
f 1650 1617 1649
f 1629 1617 1650
f 853 1691 209
f 197 176 196
f 3987 4052 4111
f 956 3976 340
f 1565 1564 685
f 2020 2819 740
f 752 1653 14
f 167 1824 185
f 903 1516 905
f 451 1823 1966
f 449 158 126
f 1173 144 141
f 3031 141 1144
f 1099 2495 1110
f 1108 652 1759
f 341 1118 1040
f 1099 2440 2495
f 613 1092 1834
f 2155 607 2531
f 959 3999 2951
f 606 2825 1820
f 1951 1064 835
f 3034 1922 139
f 1035 1922 3034
f 529 528 3746
f 977 1910 956
f 4002 2380 4069
f 924 3037 3795
f 206 169 2839
f 170 204 1906
f 170 1906 206
f 2541 1921 391
f 140 177 1863
f 273 1856 2565
f 356 323 322
f 1891 1872 2812
f 356 2651 1866
f 2756 2038 625
f 1868 1879 374
f 3044 2561 3048
f 3048 2561 936
f 2565 408 380
f 917 3048 936
f 408 2823 2141
f 1716 1840 4309
f 614 4031 2365
f 822 917 452
f 1045 892 586
f 3921 3952 3986
f 3979 4046 4018
f 186 247 1225
f 880 783 564
f 231 230 2605
f 1933 2004 1999
f 918 839 453
f 2531 607 1820
f 3121 2080 1284
f 1939 2569 363
f 1465 1583 2737
f 2969 2422 821
f 1091 645 1105
f 643 642 1965
f 4029 3967 3998
f 2909 2069 351
f 4006 3974 3877
f 65 394 1680
f 1621 2862 2863
f 705 4041 1567
f 429 2520 1678
f 3988 4002 4027
f 263 2468 1764
f 4183 1645 489
f 3114 391 1880
f 243 234 1788
f 525 2410 510
f 2584 731 728
f 1540 59 515
f 701 3 3392
f 1865 2755 756
f 725 819 2024
f 2986 521 3020
f 1310 2960 1599
f 1707 2920 1966
f 2808 3393 2064
f 2165 480 2171
f 2936 2590 2591
f 2878 2182 4039
f 2359 486 1523
f 664 3062 1495
f 2595 123 864
f 2595 864 865
f 1540 1553 782
f 691 692 733
f 4006 3877 3897
f 1006 265 1871
f 2450 1328 2205
f 787 658 2108
f 1560 716 758
f 2122 656 916
f 2467 859 2115
f 1367 2445 2106
f 930 1014 987
f 2248 2008 1541
f 882 2999 971
f 1472 953 979
f 559 546 470
f 1005 2625 2389
f 1459 994 562
f 2268 1371 550
f 1010 2285 2292
f 1078 1411 1077
f 2905 2372 1039
f 2373 2194 1044
f 1118 1614 488
f 2261 1032 493
f 1365 1107 3001
f 1160 1254 2236
f 3988 4027 2695
f 2660 3081 2762
f 2212 110 1165
f 1299 1230 1184
f 1296 1576 1239
f 977 49 1910
f 1979 1237 1174
f 399 1212 2235
f 1352 1376 1353
f 1239 2274 1150
f 1209 1239 1576
f 1177 1193 1232
f 1240 1259 2914
f 1298 1128 1297
f 1306 2987 2988
f 1250 1224 1266
f 1634 1358 2253
f 1145 2199 2381
f 325 1093 491
f 1069 482 1386
f 1127 3599 1224
f 1373 2636 3191
f 2159 43 1048
f 1086 2694 1087
f 3927 3961 3967
f 2309 952 951
f 1464 949 1463
f 1436 1477 965
f 2702 1356 2282
f 3898 3864 3858
f 2023 706 3110
f 2613 2142 2612
f 1238 1978 1527
f 3918 3917 3867
f 3979 4018 3872
f 1345 2607 1486
f 1197 2208 2384
f 520 1375 369
f 865 864 663
f 2598 869 2597
f 574 1399 935
f 910 1562 2081
f 2053 2595 865
f 829 927 988
f 2067 2596 1328
f 685 2063 1565
f 914 200 2263
f 2492 824 837
f 779 419 438
f 2311 11 2286
f 954 2300 2887
f 790 800 863
f 2655 3818 374
f 1453 954 2887
f 952 2335 1452
f 2505 3288 2810
f 1442 1462 1443
f 1650 738 1629
f 2577 719 1985
f 726 1998 2506
f 1468 1470 786
f 769 817 818
f 793 2338 1461
f 688 2609 68
f 667 668 645
f 2722 785 786
f 2722 1567 785
f 647 2310 541
f 3708 374 3818
f 3849 3881 2654
f 595 1947 594
f 601 1818 565
f 1820 582 2531
f 1746 542 1795
f 1795 542 475
f 1867 1851 3682
f 2173 1549 4077
f 35 1822 2537
f 1546 2366 4035
f 734 692 691
f 2175 605 670
f 2685 691 1568
f 575 2165 593
f 575 593 1563
f 53 580 1592
f 1791 382 1867
f 374 375 1868
f 1523 486 1605
f 2410 4201 510
f 298 322 323
f 385 406 426
f 406 385 1696
f 1900 1899 64
f 70 352 388
f 3024 1699 1349
f 1750 1742 2055
f 1339 1473 1096
f 3983 3936 3891
f 265 1006 1847
f 2649 2472 2915
f 2495 2929 91
f 256 255 2006
f 136 1835 133
f 1847 1006 1878
f 1992 96 2639
f 1992 2639 1802
f 184 181 102
f 1581 183 1223
f 193 183 1581
f 564 20 276
f 104 110 115
f 2720 637 2349
f 1702 697 2832
f 3460 1345 3403
f 3275 3424 2434
f 3585 3471 3393
f 628 688 2183
f 3455 3367 1741
f 3288 3537 3571
f 2815 2597 3430
f 3538 2811 652
f 2177 2463 2178
f 1302 3428 900
f 3405 3339 781
f 788 3547 2484
f 3917 3916 3797
f 707 3006 3804
f 3199 900 3263
f 685 3071 2063
f 841 1889 1564
f 1836 2485 3602
f 2595 2053 1619
f 697 1702 698
f 3282 3206 3337
f 1947 2671 3560
f 1729 1946 2183
f 2958 2959 3734
f 1721 3550 2170
f 3272 874 2124
f 3466 3428 2824
f 3127 3126 109
f 3314 3254 3273
f 840 2625 845
f 3220 3135 2807
f 3135 3133 2807
f 3125 3144 3267
f 602 2147 1112
f 3946 541 2310
f 3283 2124 901
f 2597 3232 1529
f 814 3664 834
f 3674 3712 3700
f 3704 3640 2164
f 1439 1689 68
f 3202 3157 3137
f 899 973 1476
f 1108 1759 2529
f 3557 3545 1806
f 3220 2807 1403
f 2443 1506 2705
f 1733 1931 2164
f 3759 3398 3649
f 2607 3153 3148
f 913 2964 1374
f 900 2102 3151
f 3697 26 3693
f 3199 617 900
f 1409 2103 1414
f 2155 2531 3794
f 3147 3184 3170
f 540 1815 3688
f 913 1001 1445
f 3178 3161 3152
f 3198 3149 3142
f 3123 3188 1071
f 992 2607 3148
f 3051 1938 2549
f 3840 596 3672
f 3111 866 27
f 582 1820 3768
f 642 1942 3797
f 3818 24 3708
f 3749 3701 3815
f 600 1436 3078
f 1073 3128 2445
f 3170 3211 3147
f 3825 3846 2529
f 3145 2943 3224
f 422 615 3740
f 3257 3163 3162
f 3811 464 3799
f 3207 1007 2624
f 1724 934 1759
f 3211 3256 3219
f 3221 3255 3269
f 1150 3189 3127
f 382 3867 495
f 560 833 3912
f 1661 3241 295
f 1867 3682 3767
f 382 464 1851
f 3241 3284 3260
f 3697 3832 3567
f 1063 2919 3307
f 3225 3307 3308
f 3294 3231 3330
f 1793 2106 1724
f 1360 1119 2400
f 310 311 1360
f 3296 3207 3297
f 3307 3278 1074
f 1169 1344 3277
f 3924 3868 3800
f 2362 1065 2635
f 1111 1137 1113
f 3321 1319 3301
f 3289 3380 3331
f 1781 668 667
f 1005 339 1230
f 3949 3947 3729
f 1119 1355 2283
f 3745 1821 3911
f 1852 2549 4083
f 1358 2983 1141
f 3908 2541 391
f 3924 3920 3868
f 3858 3906 3898
f 1159 3360 1149
f 3386 2420 3296
f 3332 3443 1234
f 1128 1102 1331
f 2473 1915 2565
f 3974 3953 3877
f 1235 2202 3332
f 2225 1204 1326
f 374 2654 2655
f 3998 3917 3918
f 4017 3044 3904
f 2374 2371 1498
f 1319 1181 2748
f 57 3846 3978
f 3858 3826 3925
f 3333 3476 3406
f 3437 3510 1253
f 3379 3342 997
f 2405 1251 432
f 3528 3436 1536
f 3534 1536 3436
f 4120 4079 4068
f 2331 715 851
f 2574 2573 4153
f 298 1873 322
f 3335 3594 3492
f 2990 2578 3085
f 322 1873 2651
f 3702 1915 3899
f 2582 2643 4148
f 3514 3578 3485
f 2643 329 1752
f 2323 3087 2735
f 1002 2570 3041
f 3639 3514 3515
f 267 118 3605
f 3594 3335 3591
f 3516 3578 3507
f 3846 4126 261
f 4090 4166 4060
f 442 267 1121
f 2262 2321 1085
f 2528 3970 2659
f 2301 119 113
f 2866 1254 1050
f 2240 3606 2692
f 4087 1035 4056
f 3596 1267 970
f 1123 970 1267
f 2279 2732 3474
f 4207 4145 4131
f 3378 2043 978
f 1347 1342 1124
f 3635 3653 3621
f 3620 1052 1082
f 179 1018 1862
f 4230 4233 4162
f 2367 1306 2273
f 4268 4227 4139
f 4143 4279 4142
f 4272 4212 4185
f 2105 2508 2494
f 3558 3590 2293
f 1107 1365 1410
f 3698 3595 2723
f 2105 2494 2493
f 1542 3707 3659
f 1008 3658 984
f 3676 2310 3620
f 2251 1835 4309
f 1365 3741 1410
f 4099 2961 2946
f 1109 1845 1844
f 1109 2494 1845
f 1840 1716 1732
f 908 2314 3699
f 2858 4269 4272
f 3642 1000 816
f 4199 4205 4241
f 4280 3031 4290
f 3895 423 422
f 3766 3788 3737
f 929 2276 3107
f 3000 2300 1395
f 786 789 2722
f 3752 3784 3834
f 3763 3772 3854
f 2940 3725 3033
f 3769 3788 3802
f 1833 1214 1832
f 2940 4199 3725
f 3884 3627 3793
f 3290 2992 3619
f 1195 4307 2992
f 937 1444 2009
f 3862 3841 3628
f 741 3054 3022
f 3834 3729 3752
f 159 164 1708
f 2999 882 875
f 862 3778 846
f 1214 1814 1832
f 692 816 815
f 3835 3861 3769
f 1919 363 1913
f 6 3667 1471
f 268 838 1029
f 3834 3893 3729
f 612 2416 2482
f 3783 2695 676
f 2380 3628 3841
f 2887 3000 2344
f 2886 2712 2328
f 815 846 733
f 2477 2728 2822
f 3803 3006 848
f 2005 1794 3027
f 2336 2717 1454
f 3005 2082 2474
f 833 3935 832
f 2922 3340 2600
f 3065 3093 3094
f 2669 2781 1770
f 237 2472 2649
f 3227 3094 3092
f 3729 3893 3949
f 2011 2380 3988
f 2029 269 1753
f 2075 92 307
f 2218 2349 637
f 1507 1530 3957
f 751 749 2214
f 2035 3644 3984
f 4014 2465 330
f 2886 1503 2712
f 1557 673 3930
f 3930 3110 1557
f 3935 1421 3944
f 294 1308 2044
f 266 1701 2966
f 3990 1568 846
f 4312 820 1663
f 1743 307 308
f 4001 3945 4052
f 6 1997 3853
f 1474 716 687
f 2048 1750 346
f 1655 1742 804
f 3814 3875 3955
f 3973 672 707
f 2672 1318 334
f 2056 3026 63
f 1695 344 332
f 1695 332 4267
f 4013 3939 3960
f 4274 4306 1701
f 4308 3027 4247
f 2764 1313 2675
f 4000 670 1428
f 4206 3656 4223
f 4317 4065 805
f 3010 715 1535
f 1910 3040 3920
f 2675 4242 2764
f 350 348 1696
f 1548 4055 2356
f 792 1703 2101
f 2087 3060 1667
f 2088 2614 1969
f 4221 74 1389
f 2173 4077 4037
f 436 2437 2113
f 1551 3016 674
f 2756 597 2038
f 2594 4133 4052
f 585 2393 2152
f 417 2907 1687
f 4248 2682 4203
f 2423 4239 1672
f 1579 3112 3113
f 4052 4132 4164
f 61 1643 448
f 2136 573 2152
f 4100 4152 54
f 1389 2520 2117
f 526 2738 509
f 1652 3931 4201
f 533 421 4069
f 4222 4217 2766
f 473 474 557
f 457 474 473
f 2412 3116 4077
f 2874 739 2131
f 576 2137 494
f 2902 1635 4043
f 56 4217 4210
f 429 2038 2117
f 2078 4136 51
f 58 446 63
f 734 1695 4102
f 2986 4147 521
f 418 1381 2414
f 4146 4156 3070
f 1103 2782 2785
f 1652 4195 2432
f 2758 4144 4101
f 587 573 458
f 3912 563 560
f 4191 3058 2094
f 4026 1523 4154
f 1683 421 4235
f 2682 4248 4262
f 1686 2275 1673
f 4061 4005 4022
f 4226 3340 4292
f 3828 3873 2827
f 353 417 389
f 2730 1563 593
f 1696 348 4266
f 2594 2882 1595
f 486 3939 4013
f 4049 2393 686
f 4226 3103 3340
f 2271 2275 2970
f 584 1551 1544
f 1544 2152 584
f 2885 3912 2713
f 2446 798 1655
f 687 716 1559
f 673 1557 2882
f 3656 4293 4223
f 2764 1655 804
f 4000 2189 669
f 3861 4005 598
f 704 4031 686
f 4007 3070 2720
f 1568 3990 4136
f 593 1578 31
f 2563 3760 3685
f 593 1530 1578
f 315 327 326
f 317 78 312
f 2356 2730 769
f 3996 4009 3983
f 3949 486 3948
f 706 1557 3110
f 330 2868 4014
f 2466 4128 1275
f 3995 2891 4043
f 2756 2379 3862
f 1530 1546 3957
f 771 3957 1546
f 1573 771 1546
f 1523 2731 1479
f 3117 4297 3775
f 3891 3996 3983
f 3544 2818 2767
f 266 2966 277
f 2345 717 705
f 2647 1786 257
f 2600 3103 2627
f 2999 875 2173
f 2594 3945 1354
f 825 2173 2546
f 228 1264 224
f 2953 2783 2787
f 861 2118 2631
f 734 816 692
f 1777 860 1343
f 202 564 946
f 612 89 631
f 631 89 226
f 539 1968 1255
f 1501 831 2711
f 741 3022 2833
f 2318 1968 2858
f 1024 3946 2310
f 3883 2707 3851
f 1839 2833 2662
f 2944 2942 3226
f 829 1474 687
f 3909 3845 2716
f 141 3031 1948
f 635 2224 1556
f 3575 3855 3023
f 2502 126 3119
f 126 4058 2847
f 6 3853 3667
f 2098 1835 136
f 3842 1469 2892
f 734 3886 3642
f 4278 3053 4180
f 3725 4199 4241
f 1728 2098 136
f 2759 3215 4318
f 2322 2999 825
f 3598 927 693
f 882 3850 875
f 4319 2495 4246
f 4288 4234 4314
f 993 883 2019
f 925 812 2262
f 3490 4278 4186
f 781 2050 3449
f 1841 128 129
f 1845 2842 2608
f 4280 4301 4264
f 4307 4237 3619
f 3099 2314 856
f 3718 3809 3807
f 3667 3738 220
f 3669 2367 3805
f 2495 4202 4246
f 2892 1469 3108
f 1853 175 135
f 4269 4187 4212
f 3769 3737 3788
f 3102 100 1379
f 3707 1485 3751
f 985 1420 1068
f 574 935 1408
f 3707 3751 3659
f 3659 1425 3622
f 1452 3655 951
f 3675 3769 3678
f 2702 4 2881
f 4127 4204 3046
f 4186 4088 2650
f 2999 2173 825
f 3765 3687 888
f 4130 4194 4020
f 4120 4161 4139
f 4124 4165 4172
f 959 941 4125
f 3959 4158 4060
f 1068 1329 985
f 4151 4120 4073
f 959 1002 941
f 1883 286 285
f 4073 4097 4181
f 4141 1882 4092
f 1082 1391 893
f 1886 4099 963
f 2043 3612 978
f 271 1754 1868
f 2031 2715 248
f 4020 4048 4130
f 4088 4008 2650
f 2740 2706 2996
f 1155 216 1299
f 1323 3622 3593
f 4071 271 375
f 2651 356 322
f 2952 2526 1791
f 1178 3526 3663
f 342 4004 1791
f 3001 3527 3642
f 959 1904 1888
f 956 1910 3976
f 1299 1547 1230
f 3639 3636 3514
f 3608 3515 3617
f 2237 3612 2043
f 2475 372 3950
f 3911 3916 3917
f 2869 1180 2727
f 3873 3914 1866
f 1155 1299 2736
f 3917 3928 3867
f 2995 2313 2252
f 2529 3846 964
f 1317 3573 3459
f 3580 3518 3573
f 811 2512 1625
f 3431 1555 1574
f 3524 3572 3445
f 2537 2529 964
f 1299 1184 2736
f 3882 3779 3671
f 3417 3526 1178
f 3528 1536 3533
f 3085 3524 3465
f 383 1279 2333
f 2324 2219 1975
f 3501 3515 3483
f 3510 1228 3598
f 3750 3858 3864
f 478 545 479
f 3740 3895 422
f 3797 1821 642
f 3702 3895 3740
f 1816 3038 514
f 3514 2984 3515
f 909 492 501
f 3624 3858 3750
f 502 538 500
f 1133 362 1314
f 476 536 1828
f 3514 3458 2984
f 476 3036 536
f 2016 2319 848
f 38 1931 1821
f 1851 3756 3715
f 3811 3756 1851
f 3746 3747 3868
f 3799 464 3757
f 514 3744 3719
f 3746 3724 3747
f 2827 2824 3762
f 390 1260 1246
f 1253 383 2333
f 1572 3316 3407
f 3836 3758 3857
f 33 30 571
f 2043 3291 2237
f 1821 1931 642
f 3708 2178 3404
f 1967 3461 3377
f 1317 3459 1344
f 3466 2824 2827
f 1072 1946 1939
f 2950 628 1072
f 3740 3109 3702
f 3088 3307 1254
f 2559 2556 606
f 1773 2557 588
f 26 3452 3693
f 3452 3466 3693
f 3672 594 3560
f 536 2545 1828
f 1159 3391 3360
f 3854 3772 3945
f 1973 3677 1961
f 934 2000 2529
f 3059 3597 2549
f 3087 3400 3344
f 2011 3727 2380
f 3402 3298 2589
f 2204 1141 2983
f 3331 3380 3391
f 3013 1244 3369
f 3604 3560 740
f 736 710 709
f 2391 3363 1358
f 3409 3385 3185
f 1774 3556 3495
f 3359 3195 1325
f 1119 1360 1355
f 2001 3430 1529
f 3298 3326 1033
f 2193 730 2517
f 730 732 714
f 724 1996 2831
f 735 1719 713
f 1952 3192 1041
f 1150 1032 2261
f 1411 2914 1332
f 3185 3316 3243
f 2178 2463 3397
f 546 3333 3132
f 2187 1158 1475
f 1475 2373 2187
f 3560 2037 740
f 2225 3291 3014
f 1411 1078 2914
f 729 2503 1219
f 2844 2369 3234
f 3155 3482 3334
f 755 774 756
f 3280 3325 3466
f 1670 2851 784
f 2497 797 2028
f 1030 1065 1059
f 3126 3280 3486
f 2434 3424 3155
f 810 2018 811
f 3256 3211 3287
f 847 3235 2062
f 3341 3306 3071
f 1077 3278 2151
f 2691 902 3073
f 3133 530 2576
f 3223 1393 1438
f 1495 3062 3271
f 1456 490 1040
f 2453 859 872
f 3124 3211 3170
f 3123 1435 2618
f 973 899 1736
f 2705 3311 3404
f 3200 3146 3252
f 1459 2843 3197
f 3259 3138 2389
f 2108 2451 1534
f 619 3232 2597
f 3143 3212 3178
f 1406 2456 3140
f 1406 1698 2456
f 217 2796 2800
f 3165 617 3182
f 945 1374 2964
f 2936 3081 2633
f 3081 2591 3166
f 1439 2458 1689
f 3127 109 1032
f 3069 3132 3173
f 945 943 869
f 921 3187 981
f 1504 2622 3229
f 958 966 1403
f 2450 2449 938
f 2789 1071 3188
f 2794 986 2616
f 2239 16 3796
f 3167 2115 2819
f 2796 3185 2794
f 1028 1463 2153
f 3243 2794 3185
f 3131 3210 2611
f 3214 3138 3193
f 3163 3257 3198
f 3251 3146 3153
f 617 1041 3192
f 787 2108 1534
f 1042 1431 2184
f 2838 2801 123
f 3246 1048 3277
f 3278 1077 1074
f 3207 3242 3268
f 589 2776 1054
f 310 2400 1464
f 3210 3131 3202
f 3194 3138 3259
f 872 859 2467
f 889 1374 3250
f 913 1374 889
f 2807 934 1403
f 1070 2760 3211
f 3130 3235 847
f 1504 3229 810
f 3336 1504 810
f 3190 2102 3319
f 1132 3012 3358
f 1556 2994 1578
f 3335 3409 3185
f 859 3072 2819
f 3291 2225 1326
f 1561 889 2851
f 889 2602 2851
f 3134 1184 339
f 2102 3192 3319
f 1181 3320 2978
f 3270 3195 3417
f 463 1176 1037
f 3291 1326 1154
f 1149 1148 1159
f 1119 2283 3008
f 867 1889 841
f 3312 3282 3337
f 1192 1159 1148
f 3071 3276 2063
f 796 3264 3253
f 3288 3259 2810
f 3280 3182 3325
f 3403 1345 2921
f 3299 3286 2959
f 1177 1614 1193
f 3202 3423 3365
f 3342 3379 3239
f 3258 2279 3186
f 12 1415 3266
f 3353 3151 3351
f 3434 3415 2983
f 3414 3188 3328
f 3315 3313 3314
f 2990 3327 2578
f 3408 2990 3433
f 2028 870 1301
f 3410 2321 2988
f 1273 1964 3412
f 3875 3398 3735
f 3476 3522 3406
f 3814 3398 3875
f 1587 384 1245
f 3486 3374 3126
f 2710 926 2268
f 3425 2683 3467
f 3532 109 3374
f 3413 3457 3532
f 3404 2178 3337
f 3337 2178 3397
f 2462 2046 3375
f 3484 3529 1211
f 3395 1711 3313
f 729 1612 2503
f 1 1611 729
f 1367 3228 2811
f 3442 1572 3530
f 2584 3059 3271
f 2274 1209 3519
f 3450 1320 3402
f 801 2580 3503
f 3617 3501 3563
f 3617 3515 3501
f 161 736 737
f 2458 688 1689
f 1706 1671 2497
f 2729 3519 1577
f 3076 549 3431
f 1050 2742 2866
f 303 527 468
f 2831 1996 2577
f 3452 26 3486
f 305 2323 2735
f 2723 3595 3085
f 1304 2301 113
f 2240 2692 2332
f 3525 3423 3398
f 3263 3428 3466
f 3228 652 2811
f 3561 3611 3562
f 2276 929 2237
f 3487 3655 2276
f 534 1511 2552
f 3570 2032 2958
f 712 1679 695
f 106 2743 1322
f 1087 2694 517
f 3591 574 3407
f 1774 3495 2671
f 2700 267 3652
f 1341 2284 117
f 1351 1352 2301
f 2517 710 677
f 2237 942 3612
f 3589 3571 3537
f 615 1985 3740
f 25 3592 3489
f 653 633 1135
f 988 927 1185
f 683 1973 1961
f 570 3603 1641
f 1852 1946 1988
f 2609 688 3856
f 3538 1822 2512
f 2876 2289 1013
f 1254 3101 1050
f 3649 3398 3512
f 3512 3553 3649
f 934 2529 1759
f 1254 2726 3101
f 3559 3665 3616
f 2958 3734 3691
f 3723 3646 3536
f 3769 3861 3793
f 3588 3680 3535
f 3696 3692 3572
f 44 555 1919
f 3583 3730 3718
f 3621 3730 3583
f 3796 3612 2239
f 942 2239 3612
f 3696 3737 3675
f 1425 1031 549
f 1399 2881 200
f 595 1774 1947
f 2031 954 1422
f 2638 3670 684
f 25 2761 2948
f 2272 2918 3761
f 1536 3820 2552
f 2170 3856 2775
f 3627 3884 3568
f 2726 3790 3101
f 3693 3466 2827
f 814 535 27
f 3738 3791 3698
f 3777 2567 3889
f 3777 1428 1011
f 3596 2999 2322
f 2709 3842 1489
f 3690 3735 3398
f 40 3762 2824
f 3830 3809 3730
f 3736 2532 3567
f 3738 3667 3813
f 3831 3834 3784
f 535 814 879
f 3837 3802 3788
f 3690 3398 3836
f 1412 848 877
f 812 1578 2262
f 38 3745 2164
f 829 2285 1474
f 3819 2714 100
f 3807 3809 3859
f 831 2214 2263
f 888 2886 2328
f 3035 2771 447
f 758 2293 3885
f 894 3885 2293
f 2554 3869 2232
f 3758 3749 3857
f 3796 16 3804
f 3833 1452 770
f 3706 3703 2541
f 3598 693 818
f 3840 3672 3823
f 3874 3743 3783
f 3869 1470 2232
f 51 3778 843
f 1428 670 605
f 3919 1410 3741
f 2349 2218 3871
f 772 773 201
f 3768 3924 3800
f 1939 363 1919
f 3920 3040 3868
f 3897 3787 3050
f 3932 1496 830
f 3929 3933 3892
f 2537 964 2141
f 2890 751 1501
f 773 3982 2216
f 504 375 1864
f 1578 1530 1556
f 31 1578 812
f 380 408 2141
f 3901 3873 3942
f 32 2198 2889
f 3915 3832 3806
f 3838 4007 2720
f 3899 1915 3926
f 1915 2473 3926
f 2173 4037 2546
f 2701 2339 746
f 3848 592 3989
f 1525 1503 2886
f 1997 1482 3962
f 4001 4052 3987
f 4025 3981 3972
f 1544 689 585
f 948 3951 2562
f 2207 4037 578
f 347 4030 1941
f 584 4057 1551
f 4004 2952 1791
f 4050 3967 3997
f 271 1868 375
f 3897 4050 4006
f 3016 1551 4116
f 3998 3918 2526
f 4117 4070 4085
f 380 3043 274
f 956 340 342
f 2039 623 1569
f 2561 3044 975
f 975 3044 4017
f 964 57 963
f 4055 2982 1563
f 4113 558 4043
f 4040 4029 3998
f 4071 375 3921
f 1554 2150 445
f 3068 576 706
f 3941 3873 2651
f 581 4156 1582
f 4077 1566 2412
f 1882 1879 4092
f 4062 4047 3824
f 2812 2558 2836
f 4078 3978 3846
f 2409 1592 1582
f 4121 4140 3997
f 3934 4060 2650
f 4079 4063 4006
f 558 4168 4043
f 519 1589 1600
f 4106 2952 4004
f 2569 3041 2570
f 4097 3997 4140
f 1585 1608 410
f 340 4107 293
f 2643 2582 4078
f 4188 4200 551
f 4163 4181 4097
f 4121 4086 4174
f 4161 4151 4073
f 4161 4073 4181
f 1681 4252 3995
f 426 2114 2679
f 2414 1381 1636
f 1428 3777 3876
f 2573 1875 227
f 3995 1635 1681
f 4163 4140 4193
f 4099 1886 2961
f 4192 4193 4140
f 413 1652 2432
f 60 448 1643
f 3823 3672 3786
f 4187 4174 4175
f 4252 371 4217
f 555 1939 1919
f 4186 2650 4177
f 1907 189 4150
f 4194 1035 4087
f 2026 3883 1413
f 4236 2675 1313
f 1726 70 4238
f 170 205 204
f 1703 76 75
f 1727 360 306
f 4186 4177 4234
f 353 2910 4298
f 2495 4119 4091
f 2454 2973 2860
f 2651 1943 4157
f 333 2421 331
f 4253 4255 4211
f 332 288 4267
f 4312 1313 820
f 1660 4315 4277
f 4286 4185 1918
f 4297 4267 288
f 1732 2501 1840
f 2005 2097 2093
f 1846 4142 4279
f 820 85 1663
f 1666 1758 2048
f 262 3453 4053
f 4204 1902 2499
f 2916 2646 1755
f 4296 4286 1918
f 1682 1945 2015
f 1929 2604 79
f 1675 262 1762
f 3061 3066 3371
f 1944 1270 2967
f 4205 3619 4241
f 249 1769 264
f 1732 1728 2501
f 3061 2908 2784
f 1785 242 3028
f 4257 1948 4287
f 1984 1800 235
f 2105 2493 1835
f 2992 4307 3619
f 210 1282 1283
f 2845 1937 1838
f 853 225 90
f 2579 2833 1839
f 1255 2759 2894
f 3023 2790 2496
f 2657 165 2942
f 1217 2940 3019
f 2944 2940 1217
f 2927 1255 2480
f 1195 1829 1173
f 1902 137 2490
f 3033 2858 2899
f 2490 137 138
f 1837 1833 1830
f 3548 4180 3053
f 4205 4199 3226
f 895 451 2920
f 2496 4294 3575
f 2942 165 2993
f 160 153 166
f 4288 3039 3490
f 178 2894 2980
f 1968 2241 2899
f 3031 4280 4299
f 1217 1216 2944
f 1222 1217 2241
f 2480 1968 2318
f 2496 2255 191
f 191 1839 2496
f 741 2579 1771
f 2759 4300 4249
f 2759 4318 4300
f 1837 2643 928
f 82 19 2695
f 3079 3827 2360
f 156 1079 838
f 946 564 783
f 1861 1333 1029
f 2404 1334 2402
f 2416 612 631
f 99 2074 2632
f 4278 4251 251
f 2082 2880 2848
f 223 222 2003
f 4299 4264 4263
f 4299 4280 4264
f 4269 4241 4192
f 2429 1940 1786
f 4251 4229 251
f 4245 4180 4182
f 2477 2908 92
f 246 244 2777
f 3061 3003 3066
f 3007 2916 2778
f 4264 4268 4139
f 2470 1769 3067
f 205 170 2839
f 1758 2648 1749
f 1943 4230 4162
f 1789 4065 2466
f 4202 2495 4091
f 2652 2653 2857
f 4182 250 218
f 4182 4215 4169
f 213 2592 175
f 290 301 291
f 1663 85 4184
f 292 312 1954
f 78 1954 312
f 4190 4177 2650
f 4166 4090 4190
f 76 1309 75
f 2764 804 2457
f 4281 2971 4277
f 75 2048 364
f 1873 298 1027
f 2005 4308 2097
f 4273 2971 4281
f 4118 4137 4155
f 348 2972 4266
f 792 76 1703
f 4119 4143 3953
f 4071 270 271
f 4228 4247 262
f 372 2570 1002
f 357 395 397
f 3043 964 963
f 2661 2101 4258
f 2675 4236 1643
f 4141 4131 4064
f 4083 1883 285
f 2408 4281 4256
f 4084 4011 3985
f 2975 67 393
f 1648 396 1727
f 2101 3060 4258
f 4092 1879 1754
f 4259 4250 60
f 4008 3934 2650
f 4082 4107 340
f 4106 2526 2952
f 3115 4292 4219
f 4073 4068 4050
f 347 4083 2573
f 433 412 1668
f 4105 3998 2526
f 3906 3858 4032
f 4126 1903 4038
f 63 4221 1389
f 57 1886 963
f 1886 57 3978
f 3873 1866 2651
f 2753 421 533
f 1568 4136 2868
f 1608 1687 410
f 4132 2606 4203
f 4189 1627 503
f 2753 533 552
f 977 1867 49
f 3904 3836 3906
f 446 4005 4170
f 1695 734 1620
f 4159 458 573
f 2475 1888 1913
f 3882 3860 3952
f 485 561 2401
f 3890 3801 3760
f 3910 3921 3780
f 2117 2038 598
f 2131 4117 1597
f 3890 3826 3801
f 347 1941 1852
f 3682 1851 3715
f 1421 1419 4113
f 3633 3814 3955
f 3882 3671 3736
f 4052 4164 4111
f 3878 596 3824
f 1913 44 1919
f 3898 3836 3857
f 3875 3735 3836
f 2170 3825 2529
f 3932 1580 2738
f 2038 553 625
f 4114 4009 55
f 3662 3624 3750
f 2541 3816 3686
f 3840 3824 596
f 2379 2756 625
f 1560 758 4024
f 2885 563 3912
f 4009 3962 55
f 2765 2949 36
f 3787 3704 3745
f 814 834 879
f 3739 3582 3760
f 3624 3726 3801
f 4135 3990 51
f 3734 2959 3633
f 3672 596 594
f 1852 1941 1946
f 2026 3004 679
f 1527 673 2882
f 3710 3560 3673
f 2356 769 818
f 2026 4028 3966
f 25 3585 2761
f 602 3545 2147
f 2189 4000 3777
f 703 666 1957
f 3691 3570 2958
f 707 3804 3922
f 3980 3872 3936
f 648 671 624
f 644 749 751
f 25 3471 3585
f 1950 1995 3638
f 3885 4024 758
f 3954 3838 3845
f 3852 3965 3859
f 703 721 2568
f 3494 3625 3424
f 1995 3479 3638
f 3610 3055 3504
f 3777 3889 2189
f 2170 2609 3856
f 2209 3729 3947
f 3853 3962 3891
f 3589 3388 3582
f 2560 2577 1980
f 2201 1580 830
f 635 1507 3957
f 789 1470 2016
f 25 3489 3471
f 451 895 1823
f 3643 3646 3852
f 2674 3588 3540
f 3852 3830 3643
f 3352 3584 3440
f 2959 3525 3633
f 3311 3 504
f 1723 2000 2807
f 1988 3271 3059
f 817 720 2348
f 759 1679 712
f 1547 2360 3937
f 2224 635 3002
f 16 2239 1491
f 3532 3468 3505
f 2020 740 2037
f 3764 3854 3987
f 7 3467 2461
f 3504 3055 3418
f 1413 2267 2026
f 3064 3513 3056
f 2013 1301 2599
f 2193 2588 1670
f 3495 2590 2036
f 2010 3887 3869
f 1413 3879 3829
f 813 2813 3366
f 2851 2588 1561
f 3064 3173 3513
f 2819 3072 3313
f 3364 2610 3464
f 2028 3265 870
f 2247 2286 11
f 797 3265 2028
f 640 2021 828
f 2959 3286 3423
f 3381 787 1740
f 3064 3069 3173
f 900 3353 1302
f 1509 2081 3411
f 3339 3395 3315
f 2598 2597 2939
f 3315 3314 3273
f 577 33 107
f 2306 850 1450
f 3155 3334 3137
f 3718 3730 3809
f 3328 3188 3123
f 3311 2705 3184
f 843 3778 974
f 3462 1429 907
f 1011 2566 3777
f 2276 3655 3107
f 3314 3272 3254
f 867 841 654
f 3771 3754 3696
f 1515 2460 2799
f 3696 3698 3771
f 2609 2934 920
f 845 2111 3196
f 2019 970 1531
f 3143 3262 3177
f 3698 2723 3738
f 1391 830 893
f 3247 1374 869
f 3184 2705 3124
f 2705 3206 2443
f 1182 3130 2119
f 3623 1399 574
f 3130 3129 3139
f 1483 1515 1484
f 3718 2297 3583
f 2121 2444 1905
f 549 3622 1425
f 3489 3500 3376
f 940 566 3124
f 978 3612 3796
f 3171 2143 906
f 3491 3057 3395
f 1354 3945 3772
f 3681 544 2700
f 1005 3195 2111
f 3679 3714 3634
f 938 3172 1182
f 3530 3667 1320
f 3155 3137 3136
f 493 2921 1486
f 1403 966 3180
f 1322 1542 3659
f 3164 2968 989
f 1426 989 2968
f 1340 1196 1354
f 962 3172 938
f 1032 1150 3127
f 3258 1545 1430
f 3793 3713 3711
f 2843 275 1407
f 1041 617 3160
f 3611 3572 3562
f 3274 966 3237
f 3161 3178 3257
f 1039 3224 2943
f 1445 1001 548
f 2740 2996 2995
f 1439 2630 2169
f 3419 3551 3618
f 1081 1080 1001
f 2733 2281 2870
f 3626 3608 3617
f 1016 2635 2791
f 3359 3630 3526
f 3655 1452 3833
f 3296 3241 3207
f 1574 3240 3343
f 3300 3343 3156
f 1063 3307 2196
f 116 1952 1041
f 3297 3207 3268
f 355 2240 1304
f 105 106 2684
f 2159 3246 1344
f 3261 3298 1033
f 2776 3234 2369
f 3635 3476 3609
f 3332 1370 2634
f 2905 2159 1344
f 3309 1202 1393
f 1291 1067 1061
f 2688 1258 2302
f 3269 1215 3221
f 1083 383 1205
f 1262 2736 1184
f 3359 1325 379
f 3448 3542 3629
f 3083 2272 1273
f 1171 1440 3221
f 463 1142 1176
f 2202 1331 1100
f 3316 3385 3407
f 3473 3009 1202
f 2323 3077 3422
f 997 105 1280
f 1175 2206 1307
f 1963 2228 1134
f 3565 1166 1576
f 1245 1512 1587
f 2303 1287 1203
f 368 1242 1123
f 1512 1575 1587
f 3524 3445 3456
f 2983 3415 1609
f 1215 365 384
f 1235 1331 2202
f 2227 443 1215
f 3458 3514 3480
f 1291 3304 1221
f 3541 2906 3518
f 1262 1184 3136
f 1205 383 1253
f 2090 3436 3528
f 2090 3438 3436
f 1287 1392 3086
f 1179 3438 2090
f 3017 3378 1020
f 3149 3587 3150
f 3279 2274 3420
f 3415 3451 1200
f 2729 3319 3192
f 2213 2593 2240
f 3011 2228 2238
f 432 2305 2405
f 1990 1693 1650
f 2228 1963 1258
f 3407 3409 3493
f 3090 1234 3443
f 3294 2040 2709
f 2553 2531 582
f 3451 3501 1199
f 2420 3450 3387
f 1259 2236 1332
f 2228 1258 2238
f 3417 1178 2660
f 2750 3454 1159
f 3294 1248 2040
f 3387 3402 2589
f 2276 2850 3487
f 113 114 2226
f 1201 1293 2220
f 2990 3085 3465
f 3496 1252 1591
f 1500 1246 1260
f 1576 1172 1587
f 3422 3400 2323
f 3417 3359 3526
f 428 3368 1206
f 2283 3448 3008
f 1609 1200 1487
f 3327 2990 3363
f 862 1543 3778
f 1181 1319 3320
f 3507 3568 3496
f 46 723 3295
f 2373 1475 1179
f 2729 1952 116
f 1164 1140 2757
f 3499 3596 3534
f 442 2317 267
f 3427 2905 1344
f 3626 3617 3563
f 2090 2194 1179
f 3412 1964 2176
f 1931 1965 642
f 1959 3211 2760
f 3568 3507 3627
f 3587 3462 3614
f 3613 1593 3587
f 3150 3587 1593
f 3576 3620 3590
f 2041 431 3496
f 3594 3591 3407
f 2358 1065 2362
f 3292 3241 2420
f 3520 3643 3609
f 3635 3609 3643
f 3669 3629 2367
f 2374 1498 2195
f 2040 547 3773
f 1642 463 3237
f 2297 997 3583
f 3623 574 3591
f 1542 1322 2743
f 3241 3292 3284
f 2387 1117 1101
f 82 3607 2727
f 2385 1090 2386
f 1061 2188 1291
f 1016 2195 2362
f 1430 3150 3258
f 2390 1036 1033
f 3239 3300 3156
f 3234 2629 2844
f 1464 1028 3301
f 2998 1068 1420
f 548 3017 1445
f 2785 1088 1103
f 2769 2630 920
f 2280 1397 518
f 1422 2715 2031
f 1080 548 1001
f 2743 3721 3709
f 512 310 1464
f 957 1174 1237
f 3667 3530 1471
f 3179 3172 3238
f 2883 3102 1379
f 2610 3239 3156
f 2263 2881 831
f 1698 1433 2445
f 3743 3646 3723
f 3237 2445 3128
f 216 1547 1299
f 3769 3812 3733
f 2019 1531 993
f 1698 1406 1034
f 3743 3607 3783
f 2695 3783 82
f 2224 952 3683
f 3172 3179 3154
f 26 3697 3567
f 2245 1397 2280
f 3598 818 995
f 2249 877 2884
f 910 589 1014
f 3185 122 3222
f 3186 3222 122
f 1464 1001 913
f 2232 898 2554
f 3844 2012 3838
f 3782 3838 2012
f 3808 3834 3831
f 2887 2300 3000
f 3130 3154 3129
f 2320 2010 3869
f 1403 3180 3220
f 2108 2841 2451
f 973 931 2153
f 605 2885 1428
f 2010 2229 3887
f 887 3764 3987
f 2106 958 1724
f 3883 3879 1413
f 2106 2445 958
f 3852 3859 3809
f 3137 3157 507
f 2456 1698 2445
f 923 921 3074
f 3793 3861 2756
f 2104 2797 2085
f 161 957 1402
f 2756 3862 3793
f 2344 3991 2887
f 3778 3990 846
f 3990 3778 51
f 2597 869 619
f 3903 1997 6
f 1711 3395 3057
f 3892 3938 3861
f 3108 785 2703
f 3896 3988 19
f 4010 785 585
f 1567 585 785
f 833 1421 3935
f 3969 3891 3962
f 3994 751 2890
f 3891 3969 3996
f 3193 3259 3288
f 3683 3669 3805
f 3311 3184 3251
f 598 2756 3861
f 3245 3142 3323
f 2804 2061 1430
f 3966 1579 1550
f 2344 4051 3991
f 3313 3072 3272
f 1367 2106 3228
f 2022 1524 2375
f 4055 2730 2356
f 4015 4026 4007
f 626 34 1496
f 2356 45 1548
f 1561 1736 889
f 3288 3275 3305
f 2077 787 3381
f 3885 3931 4024
f 4002 4069 4027
f 2366 1546 1530
f 50 3112 679
f 4007 4026 4081
f 781 3339 1887
f 4094 4051 2344
f 2819 2020 3167
f 4042 4089 3015
f 4055 1563 2730
f 1590 696 685
f 1597 4085 4036
f 4070 2131 4003
f 3367 3382 1741
f 3411 2021 1509
f 541 3946 4103
f 1534 819 787
f 4114 4046 4009
f 4067 2150 1554
f 4057 458 2140
f 2388 2875 3989
f 1402 3500 161
f 2161 483 572
f 2363 484 2401
f 3418 3428 1303
f 3018 4113 460
f 2611 2958 2032
f 1857 727 1613
f 4222 2766 4144
f 2171 1647 2393
f 541 4103 508
f 1711 2819 3313
f 3418 3055 3428
f 3554 3464 2809
f 3511 791 3540
f 4206 4223 1523
f 2683 3478 3467
f 2817 2815 3430
f 3020 521 4189
f 1652 575 483
f 480 575 1652
f 480 1652 425
f 1601 425 413
f 1301 2013 2028
f 2113 2125 436
f 2415 2414 2413
f 2001 2817 3430
f 739 56 4210
f 822 3056 3464
f 2516 2028 2013
f 719 3109 3740
f 3546 3467 3521
f 429 2753 552
f 3705 3648 3715
f 2682 4197 4203
f 719 3740 1985
f 3374 26 3567
f 2433 412 4209
f 2435 420 419
f 1730 3057 3405
f 1389 1958 2520
f 2532 3479 3413
f 1991 1725 1989
f 1991 1712 1725
f 1641 3603 3470
f 659 754 699
f 2557 754 659
f 3024 376 1699
f 4262 4261 2682
f 1774 596 948
f 2147 3545 2676
f 436 2973 2437
f 74 1958 1389
f 822 3554 3570
f 4102 1695 4267
f 2000 1723 1721
f 618 781 3535
f 4291 4295 4210
f 703 1976 721
f 2193 2517 677
f 2265 1644 4285
f 827 2549 3597
f 4297 4304 359
f 2969 2970 2422
f 2969 2271 2970
f 2859 319 792
f 3479 2532 3638
f 318 1656 2452
f 1988 1946 1729
f 3026 77 74
f 4282 4275 2422
f 834 3664 3694
f 2518 2183 1072
f 2860 2051 2454
f 4321 1750 81
f 27 2522 3032
f 3032 2485 27
f 3666 799 3500
f 2915 1275 805
f 2524 2829 604
f 3664 814 3637
f 2466 4065 4128
f 2912 307 92
f 1774 948 2562
f 309 282 4014
f 2550 1961 2156
f 1753 2779 2029
f 1764 2468 93
f 3686 3055 3610
f 1764 94 95
f 258 92 269
f 2477 92 258
f 3624 3589 3726
f 2534 2535 1926
f 2376 2600 2627
f 228 224 853
f 2572 1778 1932
f 40 2824 3055
f 1720 612 2397
f 3694 3719 834
f 3739 3589 3582
f 1333 268 1029
f 203 783 880
f 268 156 838
f 214 20 268
f 89 20 662
f 741 1771 188
f 834 3719 3744
f 3818 2556 24
f 3794 570 2155
f 3111 27 535
f 168 1824 167
f 2795 1832 1814
f 2949 1773 36
f 3822 3786 3710
f 3019 2940 3033
f 1909 2488 152
f 2942 3290 3226
f 1909 1161 2489
f 3216 2759 1255
f 1255 2927 3216
f 3706 2541 3686
f 3815 3857 3749
f 2950 555 44
f 3053 4278 3490
f 3693 3806 3832
f 2827 3806 3693
f 3033 4241 2858
f 1948 3031 4299
f 3631 3753 2496
f 3548 4182 4180
f 3735 3690 3836
f 3549 3539 4215
f 4218 3753 4313
f 924 3038 1816
f 4218 4313 4240
f 3847 40 3865
f 3567 3832 3736
f 4302 4296 1918
f 1943 1916 1895
f 3921 3657 3780
f 1943 2651 1916
f 1867 3767 441
f 4272 4185 4286
f 4237 4253 4211
f 2604 4143 4119
f 4269 4224 4187
f 1870 1845 1869
f 3964 3915 3806
f 1035 4194 1922
f 1859 4148 1838
f 3911 3927 3745
f 3894 3902 3941
f 3967 3897 3927
f 335 1840 4127
f 3846 336 329
f 374 1864 375
f 4088 4186 251
f 1840 335 62
f 4011 4084 207
f 207 4084 1035
f 3910 3952 3921
f 207 4109 4011
f 4157 4093 4129
f 251 2519 2786
f 4071 250 270
f 3846 2775 4126
f 3997 3967 4029
f 4175 4160 4105
f 1879 2814 2835
f 4139 4063 4120
f 1754 1879 1868
f 4160 4086 3998
f 4086 4029 4040
f 2561 975 976
f 2805 1883 4083
f 2527 944 1890
f 4059 3975 4129
f 3985 4011 3925
f 4093 4059 4129
f 293 4004 342
f 3906 4032 3904
f 3921 3986 4034
f 1002 3950 372
f 4163 4097 4140
f 2565 1856 4058
f 4143 3824 3953
f 4019 2563 3951
f 1907 4098 4123
f 3998 3968 3917
f 4019 3890 3760
f 3858 3925 4011
f 4118 4155 4090
f 2536 3963 3970
f 2775 1903 4126
f 4145 2592 4082
f 3952 3958 3986
f 1035 4084 4056
f 2475 3950 1888
f 3114 3908 391
f 1903 2775 1904
f 3959 3934 3832
f 3832 3915 3959
f 4155 4162 4090
f 4198 4175 4105
f 4187 4105 4185
f 3660 3711 3713
f 3955 3905 3977
f 1867 441 49
f 4241 4161 4193
f 251 4229 219
f 3642 3742 1365
f 1840 2501 4127
f 3825 2775 3846
f 3858 3624 3826
f 2825 1896 2835
f 3816 2541 3907
f 147 2839 169
f 504 3 1950
f 4224 4269 4192
f 1902 4204 2501
f 3795 3038 924
f 3040 529 3746
f 3040 3746 3868
f 3878 948 596
f 1870 2842 1845
f 2499 928 4204
f 2154 487 524
f 3767 3682 2637
f 4299 4254 4287
f 3759 3836 3398
f 38 2164 1931
f 27 866 1060
f 3755 3712 3722
f 3704 2164 3745
f 3716 3760 3582
f 2638 3732 3670
f 2858 4241 4269
f 3728 3719 3592
f 556 599 3724
f 2178 3708 2177
f 1716 2098 1732
f 1804 1092 613
f 643 618 1942
f 642 643 1942
f 3646 3643 3520
f 27 2826 2522
f 3710 3672 3560
f 3725 4241 3033
f 1946 1072 2183
f 3688 3535 3680
f 2845 1832 2795
f 2795 2436 1937
f 4058 1937 2436
f 814 27 1836
f 153 1214 1833
f 3560 3668 3673
f 2170 2000 1721
f 4307 1195 1949
f 1773 3585 2557
f 2674 2515 3670
f 604 2829 1986
f 2944 3226 2940
f 1195 1173 1948
f 2899 2928 3033
f 741 2980 3054
f 3535 3540 3588
f 1216 2942 2944
f 2934 2609 2170
f 163 881 164
f 788 776 3547
f 2500 159 190
f 1793 652 3228
f 3604 740 1709
f 1637 2193 3559
f 1798 539 197
f 198 194 1807
f 176 1255 13
f 20 564 662
f 1782 1227 2017
f 1079 156 612
f 1147 1368 214
f 2896 3106 702
f 1333 1147 268
f 3517 702 3106
f 2416 631 2404
f 712 760 759
f 2481 2605 230
f 3570 2809 2032
f 1996 719 2577
f 1684 1345 3441
f 2164 3640 1715
f 236 1801 2466
f 2780 278 2640
f 1793 3228 2106
f 3311 3392 3
f 1744 3455 2954
f 1618 1617 1629
f 2080 3121 3092
f 3091 92 2908
f 2564 3388 840
f 3466 3325 3263
f 1744 3367 3455
f 1651 2813 813
f 2646 2779 1751
f 3866 1944 2967
f 2591 2590 845
f 328 1664 2627
f 2070 791 3421
f 2779 2910 353
f 92 3581 4315
f 3581 4277 4315
f 2625 3390 3259
f 1615 2067 847
f 3169 2587 2936
f 2059 754 3266
f 2672 821 1318
f 2672 2969 821
f 2763 1745 359
f 544 3772 3763
f 2421 330 2465
f 3283 901 3339
f 805 2442 2915
f 2921 109 3403
f 4277 4275 4281
f 682 2122 884
f 3229 680 810
f 2081 1509 910
f 3155 3134 2434
f 1678 2442 805
f 1335 2452 1704
f 3695 3698 3572
f 1374 885 3250
f 2446 370 345
f 4228 262 2678
f 1328 2450 2067
f 71 401 2438
f 2085 2797 3336
f 2587 3169 1451
f 3134 339 2434
f 3364 3174 2610
f 1610 3153 2607
f 3235 3139 3218
f 3130 3139 3235
f 2675 4270 4242
f 357 397 413
f 915 901 2124
f 4266 2523 406
f 1439 2609 2630
f 65 1680 404
f 215 1182 2119
f 2112 2610 3131
f 1430 2061 3150
f 2936 2591 3081
f 932 2146 933
f 1448 530 3133
f 1683 445 2426
f 2633 991 3169
f 920 2630 2609
f 2943 2145 1039
f 3127 3160 617
f 546 3132 470
f 4159 416 1630
f 3180 3135 3220
f 2406 4196 2410
f 4196 4201 2410
f 3154 2428 2708
f 3135 1448 3133
f 3174 3239 2610
f 2449 962 938
f 2150 2426 445
f 566 3211 3124
f 931 2926 2153
f 3167 1451 2115
f 3211 566 1070
f 3020 4189 503
f 4043 4168 2902
f 459 2140 458
f 962 2143 996
f 990 2166 1451
f 4134 2898 4178
f 2874 2131 1597
f 4146 4179 4156
f 2159 1048 3246
f 4074 4201 4173
f 3931 4074 4173
f 2171 2393 4049
f 1020 1077 2151
f 1459 562 275
f 510 4201 4074
f 2634 1439 2169
f 2566 1011 1076
f 711 23 1112
f 2181 3301 1028
f 1101 1418 2387
f 2038 597 598
f 1437 3307 3225
f 1437 3278 3307
f 961 3234 2776
f 2393 585 4041
f 2351 2188 1037
f 4051 2363 2401
f 996 2162 2090
f 2162 2194 2090
f 3944 4113 4043
f 2383 2878 2986
f 4039 4111 4147
f 4096 4122 4061
f 3412 2176 2968
f 1551 4057 4116
f 324 996 2090
f 1176 2351 1037
f 1369 3271 2634
f 675 1554 4075
f 3293 3298 3285
f 1145 2381 1114
f 493 1098 2261
f 1033 3326 2390
f 3443 2634 1067
f 3281 3384 546
f 3834 486 3949
f 324 2090 3528
f 1291 3443 1067
f 3269 1960 1215
f 2358 2362 2346
f 2217 1153 2196
f 2546 4037 2207
f 4007 3838 4016
f 2983 1358 3434
f 3454 3391 1159
f 3872 4018 3929
f 3402 2578 3327
f 3669 3683 3618
f 1181 2853 3089
f 1593 2279 3258
f 1296 1239 1150
f 2026 3966 3883
f 3891 3936 3843
f 2214 749 3848
f 2274 3519 3420
f 2984 3458 2985
f 1210 1183 1196
f 894 34 3931
f 3379 997 1280
f 337 1263 1243
f 3542 3448 3488
f 2016 1470 3869
f 1208 1252 3496
f 432 3523 2305
f 3545 3557 2676
f 2317 2057 118
f 2688 1181 1497
f 3476 3520 3609
f 2380 3727 3628
f 1123 1242 1531
f 3534 3820 1536
f 997 3444 3583
f 3444 3522 3583
f 3862 3884 3793
f 3572 3563 3446
f 3852 3809 3830
f 3635 3621 3476
f 1127 1224 2689
f 950 851 2269
f 2008 6 1471
f 1075 1577 3519
f 3591 3474 3623
f 3629 3669 3551
f 1547 379 1230
f 877 2249 1412
f 361 2995 2296
f 3774 3843 3776
f 2692 3606 2923
f 3803 848 978
f 3817 2249 2884
f 1541 2008 2308
f 3598 995 3510
f 925 1085 1279
f 3889 2567 1364
f 3099 2282 2279
f 1547 2361 379
f 914 937 1399
f 1469 547 947
f 3773 1469 3842
f 2284 1341 1377
f 1352 1351 398
f 1106 1024 3676
f 3611 3695 3572
f 1238 1527 1354
f 3727 2350 3628
f 3737 3769 3675
f 3643 3730 3621
f 2723 220 3738
f 1492 39 745
f 3699 2314 3099
f 1429 3462 3435
f 2343 2715 1364
f 2308 1471 3530
f 1056 1527 1978
f 3607 82 3783
f 3817 2884 2236
f 3099 856 2702
f 3733 3678 3769
f 914 1399 200
f 2702 856 4
f 942 2237 929
f 2881 4 831
f 2278 1055 2033
f 3765 888 2328
f 3803 978 3796
f 3698 3776 3771
f 3790 2554 2266
f 2262 1578 2994
f 233 3630 3359
f 3776 3788 3771
f 1082 1052 1053
f 3819 100 3102
f 3572 3651 3626
f 3527 2260 1000
f 3642 3527 1000
f 3643 3653 3635
f 3679 3578 3632
f 1555 1031 2736
f 1205 3510 995
f 2715 2343 1512
f 2512 35 1625
f 2016 2229 2319
f 1189 2250 313
f 2995 361 2313
f 1461 8 793
f 2709 2040 3773
f 3729 2209 3720
f 2690 2578 3402
f 630 1982 2821
f 2687 2256 1286
f 3445 3572 3446
f 1075 3519 1209
f 2798 1274 2871
f 1242 1241 1531
f 2216 17 773
f 1247 2240 355
f 3446 3563 3501
f 1997 3962 3853
f 2586 2231 2252
f 3913 3965 3852
f 32 2889 765
f 637 708 2218
f 3407 3493 3564
f 3419 2309 2225
f 3935 3944 2891
f 2298 3598 1228
f 1261 434 1257
f 4005 3861 3938
f 3444 3406 3522
f 3434 3445 3446
f 706 2023 4021
f 3368 3527 1206
f 2891 3944 4043
f 2850 1204 3487
f 690 1584 2027
f 3474 3335 3186
f 2594 4052 3945
f 2043 3378 3017
f 3294 2709 2788
f 3434 3446 3415
f 2377 1526 1525
f 4041 585 1567
f 3150 1593 3258
f 1074 1254 3307
f 705 686 4112
f 4074 34 510
f 3454 3373 3391
f 693 687 608
f 2380 3862 2379
f 2222 2656 2905
f 1950 3 701
f 1215 2663 2227
f 2298 927 3598
f 45 608 609
f 3112 3966 679
f 3394 3434 1358
f 1392 2303 2342
f 533 4069 2380
f 1230 379 1325
f 1554 445 4075
f 1293 1152 1163
f 45 2982 4055
f 2379 552 2380
f 2150 4067 4069
f 2690 1320 3667
f 3559 3616 3586
f 584 2152 573
f 3462 3198 3257
f 2203 1366 377
f 3291 1154 1278
f 1620 734 2685
f 4013 4075 486
f 1157 3095 1359
f 3296 1572 3386
f 3011 2238 2370
f 2238 1497 2370
f 3317 2589 3293
f 1360 1359 1355
f 2179 1316 1170
f 2745 2898 4134
f 4176 2680 4149
f 4149 2745 4134
f 3435 3257 3249
f 1419 460 4113
f 4146 4026 4154
f 325 3368 428
f 2203 1244 3013
f 2136 3021 2132
f 1572 3297 3268
f 1150 2274 3279
f 2192 2179 1170
f 486 4075 445
f 573 4191 4159
f 2190 3320 3302
f 2171 1601 1647
f 1419 2901 461
f 3378 1240 1116
f 1416 60 462
f 3271 1369 2846
f 2389 2434 339
f 4216 4200 4188
f 3335 3185 3222
f 2563 3556 2562
f 3302 3321 2181
f 2181 2190 3302
f 426 406 2114
f 2520 429 2117
f 1037 966 463
f 3274 463 966
f 3186 3335 3222
f 3128 1642 3237
f 507 3240 1574
f 2400 310 1360
f 1067 2634 2169
f 413 397 1601
f 3244 1007 3241
f 315 387 465
f 2862 344 378
f 3155 3136 3134
f 4252 3024 1349
f 371 4252 1349
f 1432 3208 491
f 1678 805 4271
f 353 4298 417
f 4242 4295 2764
f 1440 2615 3221
f 1456 1040 1449
f 69 2672 73
f 70 1726 1710
f 63 1644 2056
f 2271 2672 69
f 3236 1022 1445
f 798 1742 1655
f 2635 2153 2926
f 987 1014 1015
f 299 820 1313
f 1194 1502 1438
f 3117 4304 4297
f 332 331 288
f 3156 3201 3158
f 3026 1945 77
f 4065 1789 2093
f 2093 1789 2005
f 1758 1666 3052
f 2102 900 3192
f 617 3192 900
f 2856 2464 3577
f 3171 1457 2143
f 954 2031 1380
f 4014 2855 2465
f 232 984 3630
f 92 3091 3362
f 984 3658 3630
f 220 2723 2578
f 2477 2822 2908
f 2143 2449 906
f 987 2925 930
f 2007 2780 2640
f 3154 3130 1182
f 3099 2702 2282
f 3138 3203 2434
f 231 1790 222
f 2921 1032 109
f 1803 228 853
f 1029 838 1861
f 2404 631 1334
f 3177 3151 2102
f 2930 3124 2705
f 3131 3158 3202
f 192 185 2045
f 3158 3157 3202
f 1255 1968 2480
f 876 1222 2241
f 680 1459 3197
f 737 806 957
f 2290 2893 3579
f 2111 3270 3196
f 2450 906 2449
f 3019 2928 2241
f 874 915 2124
f 3197 3141 680
f 157 152 2488
f 2847 449 126
f 1948 1173 141
f 3053 2979 3548
f 1837 928 1833
f 3125 3267 922
f 137 1902 1728
f 2496 4218 4294
f 4294 4303 3575
f 3336 1659 3109
f 3215 4310 4318
f 4303 1943 3575
f 1732 2098 1728
f 928 2499 1833
f 1902 1833 2499
f 3273 2124 3283
f 3214 3193 3288
f 2112 2611 2751
f 4313 4314 4234
f 4299 4287 1948
f 3295 2676 3152
f 2931 1367 2486
f 2440 4119 2495
f 3165 3356 3126
f 2933 2123 3350
f 3347 3153 1610
f 4255 4263 4211
f 3388 2625 840
f 3323 2935 46
f 2625 3388 3390
f 129 4125 2210
f 1870 1874 2842
f 754 12 3266
f 1571 3341 2937
f 2021 3411 2803
f 2021 2803 1561
f 1561 2052 2021
f 3999 4125 1842
f 1752 3046 4204
f 806 737 1529
f 4171 4192 4140
f 756 774 1865
f 4105 2526 4150
f 4155 4137 3964
f 718 791 1657
f 1865 774 2755
f 3998 4105 4160
f 2580 801 3401
f 4091 3974 4063
f 3999 959 4125
f 4104 3921 4034
f 750 3467 7
f 335 3046 1752
f 4120 4068 4073
f 1891 2812 2836
f 1995 3441 3479
f 3543 3155 3424
f 3495 3555 2564
f 1654 712 2510
f 4091 3953 3974
f 3543 3553 3155
f 1988 2941 2938
f 380 2141 3043
f 4073 4050 3997
f 2938 2941 2183
f 14 18 726
f 2820 18 14
f 2583 3388 3589
f 4017 3904 4032
f 2941 1988 1729
f 1730 781 618
f 3557 3584 3352
f 710 161 677
f 2557 3509 588
f 1939 1941 2569
f 532 1087 517
f 3953 3823 3877
f 2461 777 624
f 3968 3943 3911
f 3926 2473 2536
f 2193 677 799
f 2516 709 714
f 714 709 2517
f 709 710 2517
f 3927 3897 3050
f 748 35 408
f 3940 3964 3806
f 3059 2549 1852
f 2532 3413 3532
f 3671 3638 2532
f 1965 1931 1733
f 1365 3001 3642
f 3624 3424 3615
f 3867 3789 495
f 1815 618 3535
f 1815 3535 3688
f 3811 1851 464
f 3745 38 1821
f 2556 1809 606
f 3649 3553 3661
f 481 2538 2540
f 3699 1593 3613
f 1822 2529 2537
f 302 2645 878
f 3856 688 1913
f 3691 3870 822
f 2556 3818 3849
f 1060 2826 27
f 3055 3686 40
f 3731 3704 3787
f 3744 3781 834
f 2547 3794 2531
f 555 2950 1939
f 2823 408 35
f 3704 3731 3673
f 571 1826 107
f 879 834 1924
f 1924 834 3781
f 556 3724 3746
f 3770 3832 3697
f 25 2948 3728
f 3728 3592 25
f 3797 1942 1825
f 2637 3682 3689
f 1831 1799 636
f 3624 3801 3826
f 3702 2535 1915
f 1082 893 3590
f 2645 868 477
f 1248 2354 2665
f 628 2950 688
f 2674 718 2515
f 3567 2532 3532
f 688 44 1913
f 3682 2674 3670
f 1961 1084 2156
f 1779 1962 803
f 481 1817 886
f 504 1864 3708
f 1774 2562 3556
f 822 3570 3691
f 799 3665 3559
f 2775 3856 1913
f 1108 3538 652
f 3894 2827 3902
f 3538 1108 1822
f 827 3597 757
f 1896 2825 1809
f 3047 3633 3955
f 1983 1782 1781
f 3823 3731 3877
f 2831 21 724
f 3921 516 3657
f 3797 3916 1821
f 7 2461 671
f 3574 718 1657
f 3927 3050 3745
f 3109 719 3336
f 369 1375 2353
f 2832 3469 1702
f 2147 3295 711
f 3479 3429 3413
f 800 790 761
f 809 1659 3336
f 2954 759 1744
f 2676 3295 2147
f 3582 3388 2564
f 767 3401 2754
f 4083 347 1852
f 1616 1615 2504
f 3423 3202 3398
f 3418 3357 3439
f 2018 2486 2811
f 794 3367 1744
f 3393 2135 2064
f 3389 2810 3259
f 1529 3430 2597
f 2611 2032 2751
f 109 3126 3374
f 3336 719 2085
f 3956 2565 4058
f 3372 3306 3341
f 3971 3956 4058
f 977 1791 1867
f 3325 3199 3263
f 3210 3202 3365
f 3924 2835 2814
f 1941 4030 2569
f 3971 4058 3970
f 2077 658 787
f 3999 1842 2951
f 2610 2112 2751
f 2651 4129 3975
f 3964 3975 4059
f 931 973 1736
f 123 2801 864
f 4060 3934 3959
f 3273 3254 2124
f 1439 68 2609
f 960 640 2110
f 4120 4063 4079
f 3182 3280 3165
f 589 1509 640
f 3275 2434 3203
f 1495 471 1522
f 4155 3964 4093
f 634 2130 896
f 4129 2651 4157
f 1023 3175 2116
f 3146 3159 3153
f 3159 3148 3153
f 2061 3142 3150
f 1545 3186 122
f 2102 3190 3177
f 1495 3271 1467
f 3142 3163 3198
f 3142 3149 3150
f 2840 2110 2451
f 943 965 1477
f 3201 3157 3158
f 3152 3143 3178
f 227 1875 2802
f 3211 3219 3147
f 1863 2802 1875
f 4194 4087 4020
f 1916 2651 1873
f 2791 2635 2792
f 3078 1436 3225
f 1626 2634 3271
f 1034 1433 1698
f 4211 4139 4161
f 3157 3201 507
f 4241 4193 4192
f 3201 3240 507
f 134 2592 4214
f 3207 3241 1007
f 3172 962 996
f 4139 4227 4202
f 4099 2946 963
f 1936 963 2946
f 1435 3123 1071
f 3189 1150 2641
f 1943 4162 4157
f 1404 1073 1433
f 295 3261 1033
f 2641 1150 3279
f 1005 2389 339
f 1111 1388 1401
f 1016 2362 2635
f 4240 4294 4218
f 4303 4294 4276
f 1752 4204 928
f 3316 3268 3242
f 2391 1634 2378
f 3287 3211 1959
f 3268 3316 1572
f 3270 2660 3196
f 1097 1337 1096
f 384 3221 1215
f 736 161 710
f 3136 507 1262
f 1935 4058 1856
f 343 2757 1140
f 2850 1154 1326
f 1937 2961 1838
f 3249 3319 3435
f 3383 3292 3387
f 2636 1373 2352
f 2852 1181 2978
f 267 3605 3652
f 3333 3406 3349
f 4309 1835 1716
f 3567 3532 3505
f 3008 3419 2225
f 2845 2795 1937
f 2853 3399 3089
f 3257 3435 3462
f 2847 4058 1953
f 3349 3406 3342
f 1344 3459 3426
f 2906 3427 3518
f 3008 3447 3419
f 3475 2988 1359
f 3023 3303 2500
f 3444 997 3342
f 2928 3019 3033
f 2057 1170 1316
f 451 1966 2920
f 2241 1217 3019
f 384 1587 1171
f 2225 2309 1204
f 741 2833 2579
f 3476 3333 3520
f 1255 176 539
f 1255 178 13
f 1392 1287 2303
f 3335 3492 3409
f 20 89 156
f 1497 1181 3089
f 214 276 20
f 3436 3438 3534
f 3483 3515 2984
f 2295 1129 225
f 2376 1333 1861
f 1211 2340 3484
f 2600 2376 1861
f 2818 1808 1265
f 1861 1808 2818
f 3149 3198 3587
f 1264 1775 853
f 3480 3514 3506
f 3536 3373 3454
f 3518 3427 3459
f 260 1792 1776
f 2736 3324 1555
f 2955 2953 2880
f 2861 2315 3473
f 3488 1306 3542
f 2988 2262 1306
f 2321 2262 2988
f 2316 3096 2837
f 3029 2855 1784
f 2316 2837 2924
f 1189 1314 2250
f 431 1208 3496
f 3122 2035 1295
f 1248 2741 2867
f 3562 3572 3524
f 3512 3155 3553
f 1508 2242 1312
f 2869 2042 1180
f 1955 1944 3866
f 3590 3558 1226
f 1756 84 299
f 1126 2302 1258
f 4247 3027 262
f 1240 3378 978
f 3431 549 1555
f 1726 306 1734
f 74 1955 3866
f 3585 3393 2808
f 2578 2723 3085
f 1196 1183 1354
f 2715 1512 1245
f 3641 3593 3622
f 3524 3085 3595
f 4316 348 350
f 3568 3628 3496
f 73 2672 2068
f 4282 2422 2970
f 3608 3650 3639
f 2715 1245 248
f 3628 2350 3496
f 4221 63 74
f 2285 1277 2292
f 3660 3679 3632
f 3654 3651 3572
f 3526 3630 3684
f 1353 398 1351
f 2343 1364 469
f 4271 4065 2093
f 549 1031 1555
f 3407 574 1408
f 3639 3650 3678
f 414 2666 359
f 4210 371 4291
f 3658 1008 3645
f 2100 2976 405
f 1685 4261 2275
f 2682 4261 1685
f 4210 4217 371
f 1052 3620 2310
f 3502 3607 3743
f 1125 1361 1136
f 60 4236 4259
f 1640 1673 69
f 3743 3723 3536
f 437 2099 1639
f 385 426 410
f 1685 2120 2682
f 1683 4235 4213
f 2412 4225 4226
f 3530 1408 2308
f 2677 4206 1605
f 3660 3713 3679
f 438 419 420
f 3116 4226 3115
f 999 3063 1378
f 1391 1053 1400
f 2368 19 1180
f 1180 19 82
f 1083 2348 1279
f 2248 1408 935
f 1652 483 3931
f 829 988 2285
f 971 2999 3596
f 455 465 1385
f 3568 3884 3862
f 4076 3116 498
f 3655 3833 3107
f 553 2038 429
f 2270 950 2269
f 2266 3101 3790
f 1585 410 4176
f 952 2224 2335
f 3793 3711 3792
f 2266 2554 898
f 2766 56 2739
f 531 2393 1647
f 3769 3793 3792
f 2150 4069 2426
f 3743 3852 3646
f 4077 3116 4076
f 1592 506 53
f 1469 947 897
f 2994 1556 3805
f 3889 2715 1493
f 2263 2214 914
f 2360 1547 216
f 4026 4146 4081
f 4122 4005 4061
f 4135 51 4136
f 3837 3861 3835
f 552 2379 553
f 3871 2218 2714
f 3989 2875 1597
f 4024 483 1560
f 1557 706 576
f 2363 2911 620
f 2157 1558 2720
f 515 52 1553
f 644 4100 54
f 2758 4100 644
f 2713 3912 833
f 2008 3903 6
f 1584 690 674
f 3112 1579 3966
f 2327 808 849
f 3876 3777 4000
f 592 2388 3989
f 3407 3530 1572
f 4055 1548 45
f 3006 2016 848
f 1466 39 638
f 4009 4046 4044
f 3929 3892 3872
f 3854 3945 4001
f 4003 55 3962
f 1997 4036 1482
f 815 733 692
f 2891 1501 3935
f 3108 2703 2892
f 3992 2730 31
f 644 3994 2758
f 846 1568 733
f 2380 3841 3862
f 3932 830 1580
f 592 3848 749
f 3965 3913 675
f 3965 4013 3859
f 3960 3859 4013
f 875 1549 2173
f 778 2269 851
f 851 715 778
f 3903 3989 1997
f 4025 4046 3981
f 4046 3979 3981
f 486 2359 3948
f 3954 4016 3838
f 2207 622 1517
f 4074 3931 34
f 778 715 3010
f 3966 1550 3883
f 2215 3973 3922
f 3608 3639 3515
f 1507 1556 1530
f 1997 1597 4036
f 4081 3070 4007
f 793 1492 2338
f 3844 3838 2720
f 4070 4080 4085
f 3110 3842 2892
f 3872 3843 3936
f 644 54 592
f 3893 3834 3949
f 4112 686 2393
f 2224 3002 2335
f 771 2335 3957
f 4057 587 458
f 3842 3930 1489
f 1527 1056 673
f 3720 2209 1485
f 1421 4113 3944
f 1579 455 2895
f 4114 2129 4095
f 3113 455 1579
f 3872 3892 3837
f 4147 4111 521
f 519 2396 1589
f 3887 2229 2016
f 3853 3891 3813
f 894 3931 3885
f 3843 3872 3776
f 3995 4144 2758
f 4144 3995 4222
f 4122 4170 4005
f 3837 3788 3872
f 2714 1547 3871
f 3743 3874 3852
f 461 460 1419
f 1416 462 2900
f 2129 1416 2900
f 2670 2902 440
f 2133 3058 4191
f 3579 2893 2693
f 2677 444 4213
f 739 4242 61
f 444 1683 4213
f 1700 435 742
f 3636 3632 3514
f 1450 1434 2306
f 72 465 1677
f 4236 60 1643
f 1681 2439 4252
f 4242 739 4295
f 3720 1485 3707
f 1382 2408 4256
f 66 1640 69
f 1429 1011 1428
f 3730 3643 3830
f 4273 4281 2408
f 3058 4238 70
f 69 2275 2271
f 3534 3596 2322
f 817 2348 1083
f 2868 330 344
f 1408 1541 2308
f 4271 805 4065
f 1726 4238 1727
f 811 2018 2512
f 1378 3063 983
f 2881 2263 200
f 3568 3862 3628
f 4308 2005 3027
f 2457 300 2764
f 2764 300 299
f 74 3866 2419
f 3676 1024 2310
f 1701 4306 2966
f 4275 4277 3647
f 353 1751 2779
f 2913 92 4315
f 4277 3880 3647
f 3103 2600 3340
f 2881 1399 3623
f 2048 1758 1749
f 3361 3061 3371
f 1011 2291 1076
f 2855 4014 282
f 269 92 2075
f 826 2025 1276
f 2881 3623 1356
f 2076 2965 3120
f 2578 2690 220
f 3121 3227 3092
f 3003 3061 2784
f 1801 1789 2466
f 3398 3334 3512
f 2291 1577 1075
f 2571 2006 2476
f 2725 2784 2908
f 1306 2367 3542
f 3542 2367 3629
f 853 1775 1934
f 3618 3683 2309
f 1577 2291 3435
f 853 209 1803
f 2066 1519 1849
f 1932 1778 1720
f 3407 1408 3530
f 1180 2042 2368
f 2304 3676 3620
f 1190 2288 1317
f 1356 3623 3474
f 1356 3474 2282
f 191 1917 1839
f 1351 2301 1353
f 1917 2579 1839
f 1255 2894 178
f 2483 185 2793
f 2241 2928 2899
f 185 1824 2793
f 1968 2899 2858
f 3621 3583 3522
f 3290 3619 3226
f 2285 988 1981
f 1956 2847 1953
f 3215 3030 2480
f 2496 3575 3023
f 3096 2316 2740
f 1949 1948 4307
f 1943 3303 3575
f 3753 4218 2496
f 3031 2929 4319
f 1279 383 1083
f 3335 3474 3591
f 1254 2866 3088
f 3527 1191 1139
f 1837 1830 4148
f 3594 3407 3564
f 4296 4310 2480
f 2858 4272 4296
f 1183 381 1238
f 2240 3396 3606
f 1320 2690 3402
f 4313 4234 4240
f 2298 1277 1510
f 4290 4244 4301
f 4148 1830 1838
f 1226 3558 3498
f 4186 4278 251
f 2938 2183 688
f 2604 4119 2440
f 2057 112 118
f 2317 442 2057
f 1246 1500 2071
f 1922 4194 4062
f 3437 1228 3510
f 134 4207 4131
f 3324 2736 1262
f 4139 4211 4263
f 135 175 134
f 2502 2659 3970
f 2237 1278 2276
f 114 110 2226
f 4062 4194 4130
f 1574 1555 3324
f 2650 4167 4190
f 4174 4192 4171
f 2079 1359 2988
f 4182 4092 1754
f 1863 1018 179
f 3391 3373 3331
f 4062 4130 4047
f 3348 3420 2729
f 129 1843 1842
f 4171 4121 4174
f 4142 4062 3824
f 3294 2354 1248
f 2990 3394 3363
f 4098 4150 4106
f 4150 2526 4106
f 4139 4091 4063
f 4143 4142 3824
f 1152 1140 1163
f 3292 2420 3387
f 4138 3951 948
f 3950 1002 1888
f 4082 340 4108
f 4063 3974 4006
f 3331 3373 3281
f 2391 1358 1634
f 3239 3379 3300
f 329 335 1752
f 3043 2141 964
f 463 2254 2257
f 1119 3008 3014
f 3333 3349 3132
f 4050 3897 3967
f 2563 4019 3760
f 1881 2536 1894
f 3132 3349 3239
f 3378 1116 1020
f 920 530 2769
f 1642 3128 1073
f 3975 3894 2651
f 2395 1096 1095
f 3976 1910 3920
f 3224 1039 2372
f 3918 382 1791
f 1866 3908 356
f 2187 2373 1044
f 3824 3823 3953
f 2846 1467 3271
f 2549 1938 4083
f 1122 1071 2789
f 3908 3907 2541
f 3836 3898 3906
f 375 516 3921
f 3918 3867 382
f 968 1153 2355
f 1040 490 341
f 3860 3882 3736
f 3824 3840 3823
f 2827 3873 3901
f 2827 3900 3806
f 1433 1073 2445
f 3877 3731 3787
f 3768 2825 2835
f 2854 1638 725
f 2539 478 479
f 3137 507 3136
f 2434 2389 3138
f 2170 2775 3825
f 1439 2418 2458
f 3557 3352 2676
f 3148 3221 2615
f 3213 2635 2926
f 2624 1007 1460
f 748 408 2534
f 994 1459 2623
f 3849 1809 2556
f 3810 3755 3798
f 582 3768 3748
f 29 556 505
f 447 1925 3035
f 3424 3624 3662
f 2160 2816 537
f 3710 3786 3672
f 688 2950 44
f 3180 1448 3135
f 2108 2428 2841
f 3712 3674 3722
f 3124 3170 3184
f 2000 2170 2529
f 629 649 2828
f 650 649 629
f 629 630 650
f 2555 1976 703
f 1759 652 1793
f 1023 2116 1394
f 3560 3604 3668
f 869 1374 945
f 3055 2824 3428
f 671 2461 624
f 2708 3218 3139
f 2147 711 1112
f 1209 1166 1075
f 1826 577 107
f 3554 2809 3570
f 3254 3272 2124
f 215 2067 2450
f 2119 3130 847
f 2931 2456 1367
f 3537 2583 3589
f 2560 2831 2577
f 740 2819 1709
f 3183 617 3199
f 919 921 1311
f 1988 1626 3271
f 1486 2921 1345
f 3540 3535 3449
f 2193 1670 730
f 1706 2028 2516
f 2807 2576 1723
f 2583 3416 3388
f 1638 819 725
f 3315 3273 3283
f 125 121 855
f 1430 124 2804
f 3482 3155 3512
f 3467 750 3425
f 3463 3491 3395
f 760 763 1744
f 1730 3405 781
f 2957 3470 1311
f 1345 3460 3441
f 2469 796 3025
f 2809 3464 2610
f 3364 3464 3513
f 3404 3337 3206
f 2705 3404 3206
f 2020 2587 1451
f 2020 1451 3167
f 781 1887 2050
f 1740 787 3105
f 3486 26 3374
f 3452 3280 3466
f 1684 3347 1610
f 1402 3376 3500
f 161 737 957
f 2060 2595 807
f 797 796 3253
f 3286 3365 3423
f 2000 934 2807
f 1887 3339 901
f 3337 3397 3312
f 863 2091 790
f 3334 3398 3137
f 2486 1367 2811
f 640 1509 2021
f 2054 2062 3235
f 3263 900 3428
f 2676 3352 3151
f 738 753 1629
f 3272 3338 874
f 1876 3367 794
f 3306 3276 3071
f 2469 3025 854
f 2676 3151 3230
f 657 2123 2933
f 2936 2633 3169
f 781 3449 3535
f 1534 2110 828
f 1714 1374 3247
f 902 655 3073
f 470 3132 3069
f 3418 3439 3504
f 2811 3538 2018
f 3448 3629 3551
f 1451 3169 990
f 784 2498 1670
f 2497 2028 1706
f 3126 3127 3165
f 3495 2564 2590
f 3106 802 3517
f 3181 3152 3161
f 3538 2512 2018
f 640 961 589
f 754 2557 12
f 3470 2957 1641
f 3464 3554 822
f 3494 3275 3571
f 3275 3288 3571
f 3231 2788 1529
f 2796 2962 3185
f 3209 3232 619
f 1167 1641 2138
f 1504 1490 2617
f 768 2017 1227
f 748 1625 35
f 2616 616 2794
f 777 2461 3467
f 3172 3154 1182
f 3512 3334 3482
f 2621 982 1478
f 1709 2819 1711
f 2146 1409 2145
f 3311 504 3404
f 3208 1432 2427
f 2166 1023 1451
f 3633 3525 3398
f 3174 3132 3239
f 3232 968 2355
f 3148 3205 3255
f 3148 3255 3221
f 3500 677 161
f 1030 2411 2635
f 1464 2400 1081
f 3172 324 3238
f 996 324 3172
f 2788 3231 3294
f 684 3670 2515
f 2185 3318 1042
f 3166 3196 2762
f 1774 2671 1947
f 3708 2463 2177
f 367 2186 1026
f 3384 3536 3646
f 513 3301 1319
f 1319 499 513
f 3319 3249 3190
f 3520 3384 3646
f 3277 1344 3246
f 1042 3011 2370
f 1574 3324 507
f 3331 3322 3289
f 3296 2420 3241
f 1120 1369 1117
f 1089 1103 1088
f 3307 3355 2196
f 3346 3363 2391
f 3694 3592 3719
f 1498 2362 2195
f 1773 588 36
f 3239 3349 3342
f 2950 1072 1939
f 3363 3394 1358
f 1171 3221 384
f 2589 3298 3293
f 1609 1487 415
f 3450 3530 1320
f 488 1177 1330
f 1960 2663 1215
f 3638 3671 3779
f 516 1950 3657
f 504 3708 3404
f 1952 2729 3192
f 3719 3728 514
f 3462 3587 3198
f 2534 1926 748
f 2534 1915 2535
f 3810 3712 3755
f 3087 3344 3432
f 469 3566 1575
f 2593 3396 2240
f 1512 469 1575
f 1228 3437 1307
f 1202 2221 3473
f 3736 3671 2532
f 3291 2043 3017
f 3291 1278 2237
f 3633 3398 3814
f 3406 3444 3342
f 3747 3800 3868
f 111 112 2057
f 3461 1967 1494
f 2279 3474 3186
f 3450 3402 3387
f 3050 3787 3745
f 2079 3488 3448
f 3703 1043 2541
f 2917 1233 2752
f 2990 3465 3433
f 1220 3480 3484
f 3484 2340 1220
f 1258 2688 2238
f 3438 1179 1267
f 3458 3480 3472
f 2750 2727 3454
f 3818 3881 3849
f 3040 439 3863
f 2238 2688 1497
f 3497 3558 2298
f 1273 3412 3083
f 2837 3096 3508
f 3541 2315 2861
f 1537 656 2122
f 1277 2298 3558
f 3905 3955 3875
f 363 2475 1913
f 3911 1821 3916
f 3875 3836 3904
f 1226 3576 3590
f 3632 3578 3514
f 374 3708 1864
f 3476 3621 3522
f 408 2565 2534
f 379 233 3359
f 3540 791 718
f 3940 3806 3900
f 3968 3911 3917
f 2321 1279 1085
f 964 3846 57
f 469 1512 2343
f 2338 1492 745
f 3558 2292 1277
f 2350 2041 3496
f 3941 2651 3894
f 3605 117 2284
f 2301 1352 119
f 3626 3650 3608
f 1791 2526 3918
f 2368 2041 2350
f 3077 3552 3422
f 2304 1106 3676
f 379 2361 233
f 2309 3683 952
f 3678 3660 3636
f 532 1086 1087
f 3959 3915 3964
f 2536 3970 2528
f 2458 2938 688
f 3660 3678 3711
f 3046 335 4127
f 3964 4059 4093
f 3572 3698 3696
f 2743 3709 1542
f 2582 4148 1859
f 3590 893 894
f 3435 2291 1429
f 974 2998 843
f 274 3043 963
f 2293 3590 894
f 3793 3634 3713
f 4160 4174 4086
f 2573 1870 4153
f 4174 4160 4175
f 1412 2249 1384
f 2348 780 1279
f 2297 3785 3721
f 4150 4185 4105
f 4088 251 2786
f 3462 907 3614
f 174 227 2802
f 1400 830 1391
f 887 543 3764
f 4091 4139 4202
f 1493 1453 1455
f 4185 4150 1918
f 3619 4211 4161
f 3970 4058 2502
f 3742 3642 3886
f 941 1911 2210
f 4241 3619 4161
f 2214 3848 914
f 1918 4150 189
f 3833 2334 3107
f 770 2334 3833
f 1354 1527 2594
f 816 734 3642
f 3837 3892 3861
f 4249 4215 3539
f 4142 1846 4062
f 2305 2869 2727
f 1400 2201 830
f 134 4283 135
f 1918 135 4283
f 4268 4264 4301
f 4284 4249 4300
f 4230 1943 4303
f 4290 4301 4280
f 4288 4186 4234
f 4148 2643 1837
f 4288 3490 4186
f 2251 2105 1835
f 3960 3808 3859
f 2929 2495 4319
f 3989 3903 3848
f 3424 3275 3494
f 4310 3215 2480
f 2480 2858 4296
f 3993 3980 3936
f 693 2356 818
f 2201 647 541
f 3226 4199 2940
f 2496 2662 3631
f 675 4013 3965
f 3994 644 751
f 2731 4026 3954
f 1503 1488 2357
f 693 45 2356
f 2588 2851 1670
f 563 2885 605
f 3946 3886 734
f 178 2980 741
f 190 159 1708
f 593 31 2730
f 197 1810 1968
f 195 181 184
f 89 612 156
f 1984 1787 1800
f 675 4075 4013
f 3987 4111 4039
f 2397 1932 1720
f 1496 3932 626
f 1934 2295 853
f 222 1790 2003
f 1993 2849 2787
f 4003 2131 55
f 2600 1861 2922
f 223 2777 244
f 2466 1275 236
f 2003 2777 223
f 1271 97 1268
f 716 1560 2161
f 262 3027 253
f 2774 1761 242
f 246 87 3067
f 246 2777 87
f 572 609 608
f 2161 572 608
f 2470 264 1769
f 1584 3016 4149
f 2246 2514 279
f 2965 2076 2080
f 1284 2080 2076
f 3068 2137 576
f 2818 3544 3340
f 58 598 4005
f 1605 4206 1523
f 3026 2015 1945
f 2860 2780 2051
f 4179 1594 4156
f 4304 2025 3821
f 4275 3227 1295
f 1665 1308 2768
f 2422 1295 821
f 1275 4128 805
f 2407 494 1622
f 360 284 306
f 4136 2078 4014
f 4320 4277 2971
f 598 58 2117
f 553 429 552
f 262 4053 2678
f 4164 4197 521
f 4154 4179 4146
f 4164 4203 4197
f 4164 4132 4203
f 3026 74 63
f 1335 318 2452
f 4069 421 2426
f 1644 2265 2056
f 2271 2969 2672
f 4189 521 2120
f 2120 521 2682
f 4292 3340 4219
f 4195 1652 4201
f 2907 1717 2909
f 417 1687 1608
f 1655 370 2446
f 2868 344 2862
f 1958 2442 2520
f 4260 4236 2264
f 2667 4267 4297
f 3488 2987 1306
f 352 353 389
f 465 386 1385
f 4225 3103 4226
f 4225 2083 3103
f 2442 1678 2520
f 70 388 3058
f 2275 69 1673
f 1727 4238 1648
f 3115 4219 4243
f 4231 4248 4203
f 3384 3281 3536
f 4252 4217 4222
f 326 387 315
f 466 1677 465
f 4209 412 433
f 4256 4281 4282
f 2660 1178 3412
f 3116 2412 4226
f 396 360 1727
f 76 792 319
f 4304 2763 359
f 4206 4054 1676
f 3077 2323 305
f 458 4159 1631
f 1676 3656 4206
f 4114 1416 2129
f 1309 2048 75
f 4289 2442 1958
f 4305 4321 81
f 4275 1295 2422
f 2309 3082 1204
f 1204 3082 3487
f 2048 1309 1666
f 282 309 296
f 4154 1523 4223
f 826 3821 2025
f 2780 2860 278
f 3647 3094 3227
f 2383 3020 503
f 2986 3020 2383
f 1769 246 3067
f 237 2649 1766
f 2080 1786 2647
f 1580 509 2738
f 1582 580 581
f 241 2479 1688
f 2953 2787 2880
f 4117 2131 4070
f 1589 2396 4116
f 234 2571 2476
f 2401 561 4072
f 4043 1635 3995
f 1792 1265 861
f 1796 2066 1849
f 1984 235 2337
f 1549 1566 4077
f 3931 483 4024
f 1334 631 226
f 539 176 197
f 4041 4112 2393
f 48 2157 2720
f 2496 2790 2255
f 1577 3435 3319
f 597 2756 598
f 554 2982 45
f 2731 1523 4026
f 4005 3938 4022
f 48 2720 3070
f 4046 4066 4018
f 1597 1997 3989
f 126 158 3119
f 3939 486 3834
f 679 3966 4028
f 4112 4041 705
f 45 693 608
f 1144 1130 3031
f 4031 704 672
f 2258 313 2072
f 2026 679 4028
f 1833 1902 153
f 2502 4058 126
f 2182 3987 4039
f 3983 4009 4045
f 136 137 1728
f 2258 1197 1133
f 1948 4257 4307
f 3988 2380 4002
f 3922 3973 707
f 3548 4215 4182
f 4215 4311 3549
f 3929 4023 3933
f 3947 4012 2209
f 4257 4265 4307
f 4283 4302 1918
f 139 1922 1846
f 3960 3939 3834
f 4212 4272 4269
f 132 3034 139
f 3923 3844 2720
f 3960 3834 3808
f 1846 1922 4062
f 1035 3034 1057
f 1527 2882 2594
f 1410 3919 3946
f 3842 3110 3930
f 4263 4264 4139
f 3845 3909 3954
f 1057 207 1035
f 3903 2008 3848
f 206 2839 170
f 3888 2016 3869
f 4192 4174 4224
f 829 687 693
f 4125 941 2210
f 4162 4190 4090
f 1556 1507 635
f 175 2592 134
f 4185 4212 4187
f 1863 177 2802
f 1842 4125 129
f 3373 3536 3281
f 4172 3045 1908
f 1444 3848 2008
f 2592 4172 4107
f 3776 3872 3788
f 2224 3805 1556
f 471 2806 1522
f 1364 2715 3889
f 4172 1908 4124
f 1444 2008 2248
f 207 1012 4109
f 4126 4038 128
f 4161 4181 4163
f 4098 1907 4150
f 4064 4131 4145
f 3667 3853 3813
f 3683 3805 2224
f 1901 4109 1012
f 4109 4032 4011
f 4121 4171 4140
f 4167 2650 4060
f 1444 914 3848
f 4137 3959 3964
f 3820 2888 2552
f 4004 293 4107
f 1471 2308 2008
f 1901 4032 4109
f 975 4017 1901
f 4141 4064 1882
f 4097 4073 3997
f 4032 1901 4017
f 3534 2322 3820
f 3079 2360 1155
f 340 293 342
f 1434 1396 2306
f 1511 1536 2552
f 4079 4050 4068
f 4079 4006 4050
f 3997 4029 4121
f 1155 2360 216
f 4083 1938 2805
f 3773 3842 2709
f 3101 1049 1050
f 3675 3678 3650
f 2268 550 2710
f 1155 980 3079
f 3717 3720 1542
f 3707 1542 3720
f 2951 1904 959
f 3044 3048 3977
f 1377 3681 2284
f 1085 925 2262
f 2743 997 3721
f 974 1533 2998
f 3048 3955 3977
f 544 2294 1363
f 1347 1124 967
f 2690 3667 220
f 993 1531 1241
f 3849 2654 1896
f 3098 3765 2575
f 2475 363 372
f 3934 3860 3832
f 392 1860 2536
f 3951 2563 2562
f 3652 3681 2700
f 2743 105 997
f 1913 1888 1904
f 3955 3048 3047
f 1860 3926 2536
f 2726 1254 1160
f 3634 3578 3679
f 3639 3678 3636
f 3897 3877 3787
f 2775 1913 1904
f 3924 3768 2835
f 3632 3636 3660
f 2287 1259 978
f 1896 1809 3849
f 1082 3590 3620
f 3736 3832 3860
f 2823 2537 2141
f 3572 3626 3563
f 481 2540 1817
f 3507 3578 3634
f 3870 917 822
f 3047 3049 3734
f 868 911 477
f 2871 2873 2798
f 3762 40 3847
f 3734 3633 3047
f 2877 3082 2309
f 3828 2827 3762
f 2727 1180 82
f 1577 3319 2729
f 3502 3454 2727
f 2947 441 3767
f 3847 3828 3762
f 35 2537 2823
f 1287 2259 1324
f 36 1816 2765
f 2645 302 37
f 3817 2236 1259
f 3691 3734 3870
f 2531 2160 2547
f 338 1273 2272
f 443 365 1215
f 1286 3097 2687
f 1815 1825 1942
f 3724 28 582
f 33 577 30
f 2586 2252 1274
f 105 2684 1280
f 3485 3578 3516
f 3501 3483 1199
f 2531 2816 2160
f 3502 3536 3454
f 3451 3446 3501
f 582 28 2553
f 3447 3551 3419
f 3706 3686 3610
f 822 827 757
f 3665 799 3666
f 3703 3706 3610
f 1108 2529 1822
f 3530 3450 3442
f 3708 24 2463
f 2674 3682 3715
f 2989 2303 1203
f 2674 3715 3648
f 365 1245 384
f 2904 3507 1591
f 814 1836 3637
f 1232 2252 2231
f 3520 3333 3384
f 3400 3087 2323
f 757 3056 822
f 1205 1253 3510
f 3648 3588 2674
f 1715 1733 2164
f 677 3500 799
f 3420 3519 2729
f 1198 3483 2984
f 3386 1572 3442
f 3059 1852 1988
f 1253 2321 3410
f 730 714 2517
f 3451 1199 1200
f 3640 2511 1715
f 1259 1332 2914
f 2001 2516 2817
f 2674 3540 718
f 3057 3491 3405
f 3437 1253 3410
f 3560 2671 2037
f 2584 728 3059
f 362 1197 349
f 1221 2746 1291
f 726 2506 14
f 2747 3443 1291
f 2235 1234 3090
f 1649 1990 1650
f 802 5 3517
f 3288 2505 3537
f 3359 3417 3195
f 3320 1319 3302
f 2196 3355 3088
f 1344 1169 1317
f 3486 3280 3452
f 1317 1169 1321
f 2660 2762 3196
f 794 1744 763
f 3416 3390 3388
f 3330 2354 3294
f 3384 3333 546
f 2587 2590 2936
f 1319 3321 3302
f 2062 2049 2504
f 2504 1615 2062
f 349 1104 362
f 2807 3133 2576
f 1096 1337 1339
f 3528 3368 324
f 1357 1358 1141
f 3313 3315 3395
f 2564 840 2590
f 3071 813 3366
f 685 1564 1590
f 847 2062 1615
f 3414 3376 3188
f 1325 3195 1005
f 2392 491 1093
f 2599 1301 870
f 1153 1063 2196
f 1020 1116 1077
f 657 2933 2054
f 3313 3272 3314
f 3214 3288 3305
f 2159 2905 1039
f 2392 1432 491
f 2119 847 2067
f 2602 889 3250
f 3401 1571 2754
f 3152 3181 3295
f 3142 2061 3323
f 664 1495 1522
f 3251 3252 3146
f 3230 3152 2676
f 859 2819 2115
f 3223 3309 1393
f 2797 1504 3336
f 3376 1402 3188
f 2176 1426 2968
f 2456 2445 1367
f 2708 2108 3218
f 3143 3176 3262
f 1448 1447 1062
f 2389 2625 3259
f 2622 680 3229
f 913 899 1476
f 1177 1232 2231
f 619 869 943
f 2962 2796 217
f 1445 2964 913
f 857 120 2749
f 2796 2794 616
f 966 2445 3237
f 3258 3186 1545
f 2792 3213 2925
f 3131 2610 3156
f 3156 3158 3131
f 806 1174 957
f 806 2788 1174
f 3191 1446 2142
f 3195 3270 2111
f 2622 1459 680
f 3143 3177 3190
f 46 3295 3323
f 589 961 2776
f 2172 1015 1054
f 960 961 640
f 2450 1182 215
f 3301 512 1464
f 1081 1001 1464
f 1040 1118 254
f 2762 3081 3166
f 1069 1071 482
f 902 901 915
f 3080 3322 546
f 3289 3322 3080
f 3014 3291 3017
f 2181 3321 3301
f 546 3322 3281
f 463 3274 3237
f 3304 1291 2188
f 3281 3322 3331
f 3185 3385 3316
f 3316 3242 3243
f 845 3196 3166
f 845 3166 2591
f 3348 116 3310
f 1572 3296 3297
f 2054 3235 3217
f 3217 2109 2054
f 3348 2729 116
f 507 3324 1262
f 499 1319 1157
f 3343 3345 1574
f 3451 3415 3446
f 3136 1184 3134
f 668 1105 645
f 3309 2221 1202
f 3417 2660 3270
f 2358 2346 2347
f 2596 2067 2455
f 3402 3327 3298
f 3370 3432 3344
f 3339 3329 3283
f 920 2576 530
f 2934 2576 920
f 1156 1175 3095
f 3409 3407 3385
f 3398 3202 3137
f 1359 3095 3475
f 900 3151 3353
f 2077 3350 2123
f 3323 3295 3181
f 2751 2809 2610
f 45 609 554
f 2283 2079 3448

