# https://github.com/mikedh/trimesh
v 0.16014087 -0.12403312 0.21254775
v 0.15557525 -0.12397750 -0.21333075
v 0.15481000 -0.12676400 -0.21276151
v 0.16091025 -0.12572400 0.20707825
v 0.16163537 -0.12430388 0.20823550
v 0.15520900 -0.12466600 0.21481299
v 0.16065399 -0.12634400 0.20568700
v -0.16816331 0.12289500 -0.21951225
v -0.16895050 0.12767288 -0.21634644
v 0.14982200 -0.12654801 -0.21405999
v 0.15981756 0.11225712 0.22104731
v -0.16450100 0.12459025 -0.22065949
v -0.16580500 0.12814300 -0.21923301
v 0.16032088 -0.11975688 0.21135837
v -0.16577850 0.08446275 0.04764125
v 0.05849044 0.07827512 0.21324463
v 0.04942350 0.06548100 0.22272199
v -0.16623500 0.08201913 0.05518175
v 0.07106700 0.07916400 0.21268301
v 0.06551081 0.07758900 0.21303256
v 0.15854099 -0.12725499 0.20466401
v -0.17099001 0.11889200 -0.21586500
v -0.17073651 0.12157525 -0.21462651
v -0.17052400 0.12318100 -0.21383800
v -0.16999000 0.12589400 -0.21032700
v -0.16894850 0.12790719 -0.20654100
v 0.15612000 -0.12740500 0.18198600
v 0.15961725 -0.12667850 0.18957175
v 0.15943587 0.08109700 -0.01888938
v -0.16945831 0.07861093 0.06564063
v -0.16538949 0.08039866 0.06287969
v 0.16154775 0.08048475 0.12711325
v 0.15586150 -0.12663850 0.21061949
v 0.15694800 -0.12624525 0.21217801
v 0.15690701 -0.12671000 0.20876350
v 0.15910999 0.07356000 0.08345600
v 0.16487312 0.07784325 0.08085669
v 0.16145299 0.07925400 0.08065200
v 0.16222700 0.07186700 0.08323300
v -0.16565700 0.12955099 -0.20185800
v 0.12903324 -0.12658267 -0.21400560
v 0.09102375 0.07990975 0.21251950
v 0.10035900 0.08011425 0.21245100
v 0.15947025 0.08115425 0.06194125
v -0.16670699 0.12922038 -0.20303050
v -0.16495325 0.05603600 0.08576850
v -0.16296475 0.12908575 -0.21703450
v 0.15048288 0.13026875 0.21824838
v 0.15793391 -0.08100188 -0.21092172
v -0.15458301 0.12959200 -0.20950700
v 0.16543284 0.08050522 0.07879953
v 0.16045900 -0.10692100 0.21096350
v 0.16170025 -0.12275434 0.17061312
v 0.15989394 0.07987863 0.07618338
v 0.14435685 -0.12639460 0.21202797
v -0.17057781 0.07900818 0.14087969
v -0.16777310 0.07791378 0.14191188
v -0.17112499 0.11583350 -0.21250600
v 0.08511653 0.07930053 0.21286300
v -0.16429350 0.07551435 0.14003803
v 0.16546300 0.08096325 0.04677025
v 0.16529700 0.07886300 0.03863500
v -0.16906492 0.12724470 -0.17990151
v 0.15800400 -0.11371900 -0.21052800
v 0.16327275 0.07944059 0.04475747
v -0.13813549 0.12955099 -0.21117000
v 0.15745337 0.07671212 0.21363562
v -0.17200059 0.07874544 0.05545266
v 0.16546699 0.08045800 -0.00045300
v 0.15944338 0.08136600 0.17735863
v 0.16438450 0.07901237 -0.01063269
v 0.16409762 0.07865263 -0.00088669
v 0.15963769 0.08046737 0.00548069
v 0.16224547 0.07985250 -0.01254847
v 0.15633050 -0.11887300 0.21380700
v 0.16248725 0.08272350 0.18384856
v 0.16505603 0.07955721 -0.02657470
v 0.16045301 0.09966213 0.22130300
v 0.16155444 0.10820825 0.21953106
v 0.07173458 -0.12798212 -0.21340357
v 0.05993100 0.07498400 0.21205300
v -0.16962190 0.07771821 0.16642638
v -0.16477250 0.05733800 0.11089150
v -0.16727372 0.05250966 0.11303397
v -0.16413763 0.07995594 0.18632862
v -0.16768301 0.12906151 -0.18260875
v 0.16245538 0.07897812 -0.13377312
v 0.16163000 -0.11156031 0.19032726
v 0.04333713 0.06180294 -0.21956968
v 0.17382850 0.07108750 -0.06770200
v -0.17049401 0.11692900 -0.19759201
v 0.17265300 0.06693400 -0.06361525
v -0.16687749 0.06799950 0.08802050
v 0.15827829 -0.01218331 -0.21029077
v -0.16489938 0.06171200 0.08810725
v -0.16573581 0.09583569 -0.22226407
v 0.17184500 0.06915100 -0.06852600
v 0.04821828 0.08111906 0.21336722
v -0.15422256 0.10308193 -0.22214881
v 0.15933201 0.08207812 -0.01091825
v 0.16487150 0.08150900 0.16286249
v 0.16340756 0.08007550 0.16823532
v 0.16857050 0.07307100 -0.06954750
v 0.13660100 -0.12675200 0.20602500
v 0.15813275 0.00185375 0.21103400
v 0.16016912 0.08054500 -0.15481375
v -0.17020576 0.07897450 -0.00101250
v -0.17129450 0.07868550 0.00310625
v 0.16143601 0.08144844 0.17564678
v -0.17017153 0.07931594 0.00794497
v -0.08841500 0.07805100 -0.22130600
v -0.08798700 0.07196200 -0.22077700
v 0.16174325 -0.11829225 0.15997763
v -0.08578000 0.07273000 -0.21550150
v -0.16797231 0.09548338 -0.22002612
v 0.16001666 0.07982816 0.18632737
v -0.17147288 0.07976662 -0.04763650
v 0.15897250 -0.02491750 0.21116550
v -0.16837400 0.08072300 -0.04556900
v -0.17195743 0.08079900 -0.04521331
v -0.16652650 0.08143200 -0.03975800
v -0.16640575 0.07875850 -0.07891075
v 0.16091087 -0.12561543 0.16093600
v 0.16106762 -0.09235494 0.20416263
v 0.16392276 0.08141287 -0.10989612
v 0.03614653 0.07878803 0.22086354
v 0.08323475 0.12888862 0.22055088
v 0.16233775 0.07850100 -0.10636000
v 0.15840100 0.07978250 -0.11039000
v 0.15916599 -0.01628900 0.21162100
v 0.15757075 -0.01954275 0.21300849
v 0.15657650 -0.01527800 0.21323900
v -0.17218179 0.08391175 -0.16268566
v 0.15919475 -0.12678809 0.14755951
v 0.16795112 0.07156656 -0.06259144
v 0.14478637 -0.10144062 0.21402051
v 0.13648400 0.07938600 0.21434800
v 0.14154035 -0.12769331 0.19172938
v 0.14373757 -0.12196057 0.21424650
v 0.15179084 0.07849706 0.21586563
v 0.03032450 0.07397950 0.20641550
v 0.02302812 0.07600763 0.21084031
v 0.02587500 0.07545300 0.20677000
v 0.02124119 0.07345875 0.20504950
v 0.16257399 0.09145450 0.21893300
v -0.17133212 0.08210200 -0.17358901
v -0.16777362 0.07989319 -0.16432400
v 0.15184700 -0.12756000 0.18077099
v -0.16797297 0.12953828 -0.08439078
v -0.16537157 0.12929735 -0.07567485
v -0.16034751 -0.12682950 0.21235649
v -0.15418200 -0.12968300 0.21172149
v -0.16133951 -0.12853500 0.21041600
v -0.16749750 0.07944325 -0.05934225
v -0.17177865 0.08095325 -0.12000357
v -0.17233901 0.08226400 -0.12290600
v 0.15967651 0.08025075 -0.11639687
v 0.15898225 0.06160200 0.21119624
v -0.16388750 0.12972012 -0.16033512
v 0.16374201 0.07954600 -0.12147450
v -0.00230137 0.06994437 0.20520687
v -0.16735625 0.07806338 -0.06878737
v -0.16613361 0.07664476 -0.06025111
v -0.05241175 0.12651007 -0.21989068
v -0.05745075 0.12937288 -0.21735163
v 0.02532314 -0.12784667 -0.21358906
v -0.17093401 0.11239000 -0.20574249
v -0.17021251 0.11664750 -0.18030749
v -0.17076725 0.07903200 -0.04104225
v 0.15599622 0.07725206 -0.21121903
v 0.15690929 -0.12730126 0.15047193
v -0.17208575 0.08168800 -0.03271725
v 0.15823574 0.04825250 -0.20997275
v 0.15767400 -0.10484900 0.21302600
v -0.17244899 0.08048700 0.00940850
v -0.17254125 0.08122950 0.00976850
v -0.00525400 -0.12443000 -0.21454500
v -0.05871487 0.06658088 0.21603237
v 0.15808253 0.07618350 -0.12456787
v 0.15896700 0.08076600 -0.13191600
v -0.06078734 0.06289510 0.21394338
v 0.16264150 0.07937475 -0.15239525
v 0.15832426 0.08107175 -0.14774700
v 0.15792672 0.08010037 -0.15588066
v 0.16168587 0.07927337 -0.16241412
v -0.05444200 0.06380950 0.21175051
v 0.16265875 0.07975063 -0.16665238
v 0.15589850 0.00844225 0.21268575
v -0.16863537 0.07929631 0.07459488
v -0.17144081 0.07821275 0.07468212
v -0.17026544 0.07722319 0.08075038
v -0.16234381 -0.04268337 0.21125488
v -0.16500600 0.08179650 0.07425500
v -0.16529199 0.08511500 0.08456600
v 0.15776400 0.07924500 -0.16643199
v 0.16410775 0.06962550 0.08696438
v 0.16138700 0.07942875 -0.17677400
v -0.16140163 -0.07693425 0.21220213
v 0.16213951 0.08050313 -0.18446638
v 0.15893126 0.08016375 -0.18189424
v 0.16264887 0.11766887 -0.20596987
v -0.00998350 -0.12728301 -0.21414050
v -0.16447800 0.06402100 0.08524400
v -0.16490901 0.07679850 0.08743900
v 0.16042525 0.12066075 -0.21973801
v -0.03640350 0.07126725 0.20974950
v -0.03023656 0.07227944 0.20547269
v -0.17114411 0.08069626 0.15418167
v -0.16786601 0.05020400 0.11030400
v -0.16801199 0.05088600 0.10938500
v -0.08926150 0.07340750 0.21252000
v 0.16120400 0.12688500 -0.21648701
v -0.09310012 0.07858987 0.21356712
v -0.16823301 0.07801700 0.15949801
v -0.16909900 0.07986762 -0.21479750
v 0.15941957 -0.03842219 0.21205463
v -0.16734900 0.08036550 -0.20938049
v -0.17108218 0.08255700 -0.21210387
v 0.15691288 -0.02976038 0.21365274
v 0.15865293 0.12917209 -0.19534035
v -0.17025650 0.08066925 -0.14254875
v -0.16542850 -0.12843475 0.07624925
v 0.02671475 0.07441781 -0.21275981
v -0.16372623 0.06603865 0.21002503
v -0.17109799 0.10101500 -0.19351600
v -0.16315500 0.07613900 0.21210700
v -0.16096675 0.07572100 0.21386887
v -0.05050800 -0.12894399 -0.21305491
v -0.08448206 0.06415869 0.21448757
v -0.16758557 0.12904043 -0.14880057
v -0.16279562 -0.04205412 0.20907050
v 0.15638463 0.12924625 -0.21521263
v 0.15557213 0.12903012 -0.21693975
v 0.15827088 0.12605293 -0.22062288
v 0.13756099 -0.12697700 0.20956600
v 0.07497525 0.07862225 -0.21574225
v 0.07330169 0.07659106 -0.21444263
v 0.10823131 0.07879378 -0.21372484
v -0.06455800 -0.12638000 -0.21400701
v -0.16257174 -0.01653100 0.21102768
v -0.09949998 -0.12904789 -0.21306145
v -0.09249713 0.07621625 0.21793750
v -0.09053350 0.07998967 0.22170034
v -0.16542219 -0.12639634 0.02539703
v 0.12568800 -0.12546501 0.19267200
v 0.06955600 0.07558212 -0.21892688
v -0.12697700 0.07780500 0.21313350
v -0.10120575 0.12641449 0.22138037
v 0.12695044 -0.12509897 0.21378073
v 0.15965675 0.11948650 -0.22005600
v 0.15736325 0.07778413 -0.20186062
v 0.16238426 0.08098525 -0.21693400
v 0.09527022 -0.12568140 0.21356884
v 0.16088125 0.07988450 -0.20640713
v 0.04167900 0.06827450 -0.21382651
v -0.16263551 -0.06982275 0.20946676
v -0.01429266 0.07465059 0.20653467
v -0.00929009 0.07257865 0.20475632
v 0.15983728 -0.06141228 0.21156222
v 0.16319799 0.08037200 -0.15719099
v -0.12889238 0.12604557 -0.22030793
v 0.15865546 -0.12700103 0.08928847
v 0.15763925 -0.09399538 0.21226488
v 0.16301100 0.07910450 -0.14436850
v 0.15566701 -0.12757112 0.09365313
v 0.15961678 0.08080781 -0.13847713
v 0.15930125 0.08072425 -0.12016400
v -0.15525441 -0.12821862 -0.21333440
v 0.15496050 -0.12815638 0.09938513
v 0.15930051 0.01009500 -0.20717850
v -0.16597900 0.08091400 -0.00601100
v -0.17060199 0.11074100 -0.18938100
v -0.17103399 0.08089037 0.18339226
v -0.17024550 0.07796212 0.18011300
v -0.16555969 0.08208250 0.19610931
v -0.16856916 0.07778875 0.18043022
v -0.16604510 0.08000531 0.17251754
v -0.17019901 0.11590700 -0.17793000
v -0.16395138 0.08043087 0.19583838
v -0.17008799 0.11791000 -0.17677400
v 0.12080338 -0.12499691 0.18530847
v 0.12311150 -0.12697506 0.18211174
v -0.16529600 0.08304200 0.19209801
v -0.17091151 0.07929350 0.18988851
v -0.08998463 0.07445087 0.21682906
v -0.16956419 0.07722550 0.19797437
v -0.17142700 0.08411250 -0.21243800
v -0.16756700 0.07853150 0.19068401
v -0.17161851 0.08721850 -0.20845249
v 0.03926988 0.07643788 0.21338062
v 0.15957987 0.07967062 -0.04025063
v -0.17099325 0.07956525 0.17168576
v -0.17149851 0.07902500 -0.02016275
v -0.16986300 0.07842000 -0.02568300
v -0.16949525 0.07905138 -0.03252425
v -0.16596100 0.07721100 -0.03246100
v -0.16919625 0.07729625 0.14792825
v 0.02913300 0.05885625 -0.20940375
v 0.06478675 0.06053275 0.22018024
v 0.06212300 0.05788500 0.22295500
v 0.04405125 0.06651875 0.22077724
v 0.04352700 0.06788900 0.22248100
v 0.15865800 -0.01809200 -0.20916975
v -0.17073688 0.07684325 0.11661232
v 0.15217400 -0.12747300 0.15823600
v 0.15861994 -0.06600931 -0.20865794
v 0.09543325 0.07819013 0.21641549
v 0.04311481 0.07938675 0.21521628
v 0.04984000 0.06445637 0.22125030
v 0.15959013 0.12816791 0.22005531
v 0.15950049 0.07858650 0.11788700
v 0.16149312 0.08023687 0.12118988
v -0.16596043 0.08078778 0.03316956
v -0.08705050 0.06687000 -0.21730199
v -0.08872456 0.06814793 -0.21559344
v 0.16136475 -0.09133138 0.18881175
v 0.00260762 0.12882997 -0.21726146
v 0.16103868 -0.12473022 0.13208468
v 0.16239500 0.07848200 -0.09793800
v -0.03171294 0.07460341 0.20675331
v -0.16929810 0.12528652 -0.14694673
v 0.16260338 0.07916112 -0.12119838
v -0.16737625 0.08237875 0.05251300
v -0.16990550 0.07831225 0.05744888
v -0.16869269 0.07971343 0.04826750
v -0.16416401 0.08143800 0.20485200
v 0.16156775 0.12882388 0.21818225
v -0.16379100 0.07854900 0.20728999
v -0.08841975 0.08060188 -0.21401137
v 0.16491576 0.08174712 0.14073862
v 0.16438048 0.07992523 0.14500228
v -0.17257275 0.08073450 0.03382400
v 0.15950701 0.08183700 0.01760000
v 0.15915000 0.07827000 0.01285200
v -0.16791075 0.12821224 0.09861512
v 0.15771100 0.03585600 0.21177900
v 0.15870900 0.03211550 0.21010600
v 0.15878224 0.03320525 0.20890075
v -0.16734575 0.08246850 -0.15273300
v 0.15627480 -0.12764326 -0.03008461
v 0.14480859 -0.08857225 0.21341456
v -0.17022957 0.08177116 -0.09702659
v -0.16743501 0.07980718 -0.09262469
v -0.17160900 0.08179900 -0.07693500
v 0.16365349 0.08499175 -0.05258100
v 0.16024150 0.08147700 -0.05509650
v 0.01870237 0.12947656 0.09741838
v 0.09156948 0.08090457 -0.22230904
v -0.16526544 -0.12823716 -0.00592275
v 0.15367199 0.13105100 -0.11145400
v -0.16328987 0.07975569 -0.21385132
v 0.15518184 0.13096125 -0.06829881
v -0.16582051 -0.12667635 -0.03029867
v -0.16603100 -0.12549600 -0.03245700
v -0.09797050 0.07913900 0.21351700
v -0.10586550 0.07853100 0.21261950
v -0.11497700 0.11058600 -0.22198200
v 0.15984800 0.12028200 -0.09792700
v 0.09846400 0.13064700 0.07415700
v -0.11718412 0.07814700 0.21277325
v 0.16249651 0.10059500 -0.10843500
v -0.11898800 0.08352500 0.22243300
v -0.11397213 0.07624482 0.21640088
v -0.01911700 -0.12513800 -0.12423100
v -0.02333100 -0.12525800 -0.12506700
v -0.01288250 -0.03262850 -0.21454650
v 0.06891425 0.07578700 -0.22031949
v 0.12549876 -0.01357562 -0.21276499
v 0.16024999 0.12275250 -0.03553350
v -0.16333263 -0.12624462 0.20666268
v -0.00374730 0.04680844 0.21192375
v -0.12779488 0.07579488 0.21194351
v 0.10954013 -0.12698597 0.21166749
v 0.06076000 0.08083200 -0.22293550
v 0.03603500 0.12974951 -0.07958950
v 0.16415837 0.07986000 -0.08787738
v -0.16672957 -0.12693894 -0.12629719
v -0.14695799 -0.12498000 0.21416600
v -0.16598760 -0.12901486 -0.14017409
v 0.03883900 0.07317700 -0.21732400
v 0.15309750 -0.01287850 -0.21186650
v 0.16074300 -0.00560100 -0.21099100
v -0.16832350 0.08277200 -0.22160600
v -0.08280725 0.12865937 0.11771432
v 0.15929601 -0.08315772 0.21038063
v -0.16993238 0.07783388 0.20681299
v -0.17101800 0.10294750 -0.19113749
v -0.05872600 -0.01204500 -0.21457601
v 0.03161750 0.04788550 0.21183650
v 0.00683278 -0.12343691 -0.08224097
v -0.17289400 0.08190100 -0.15739299
v -0.17044200 0.10948600 -0.18274599
v -0.17016400 0.11237350 -0.15450250
v -0.16949449 0.12211675 0.21765475
v 0.15936793 0.12821800 0.11027731
v 0.15861143 -0.04999688 -0.20969175
v 0.15995251 0.12036750 0.12433900
v -0.10100100 0.12893550 0.10393150
v -0.02083400 0.06514800 -0.20813601
v -0.17234600 0.06598550 0.10330650
v -0.17146587 0.06104869 0.10240387
v 0.15554607 -0.08013532 -0.21220075
v 0.16422406 0.07952812 0.05284863
v -0.03241000 0.07233350 -0.20798200
v -0.02687992 0.07861025 -0.21703766
v -0.02724200 -0.12355100 0.10515600
v -0.03364200 -0.12392700 0.10169000
v -0.00648138 -0.04336575 0.21424350
v -0.01127169 -0.04246822 0.21399330
v -0.00966706 -0.04540912 0.21549800
v 0.16118500 0.11178500 0.15858901
v -0.17171070 0.07193790 0.08369253
v 0.03456400 0.12929800 -0.21517199
v -0.17275800 0.08728600 0.08912200
v 0.16433844 0.09234775 0.10282069
v -0.04135787 0.07935175 -0.21571919
v -0.01275525 -0.12314800 0.10138475
v -0.01267700 -0.12322950 0.10094200
v -0.17264649 0.08108850 0.04497275
v 0.16031168 0.12834918 0.21418531
v -0.17097287 0.07815909 0.04217522
v 0.16013600 0.02591900 0.08066700
v 0.15932438 0.06608950 0.08284388
v -0.16818562 0.08494684 -0.15630662
v 0.16489787 0.07205350 0.09857363
v 0.12203962 -0.11383188 0.21434049
v -0.17006950 0.12321950 0.10893350
v 0.12202518 0.07690031 0.21273676
v 0.16224299 0.07956500 0.13114700
v 0.16480026 0.08058100 0.12981650
v 0.16006000 0.08106206 0.14420119
v 0.16234019 0.07990700 0.14104825
v 0.16469599 0.08499000 0.13939001
v -0.16341275 -0.04319488 -0.21436213
v 0.01262881 -0.12300465 0.08725222
v 0.16014341 -0.05022588 -0.07309184
v 0.15996200 -0.02859500 -0.05268200
v -0.07086387 0.08308825 -0.22376713
v -0.07273050 0.08296775 -0.22376625
v -0.05935000 0.12923081 -0.22023369
v -0.16640197 0.07320234 -0.09468281
v -0.17036250 0.11706400 0.01531100
v 0.16360863 0.08414587 0.19804569
v 0.16334376 0.08172950 0.19609524
v 0.15968581 0.07210872 0.20901218
v -0.17218800 0.08288400 -0.05471600
v 0.16157888 -0.11953188 0.12254275
v 0.15851231 0.08095444 0.22104956
v -0.13853137 0.12968101 -0.07828950
v -0.12667900 0.07908850 -0.21436974
v 0.16048150 0.02211500 0.10328819
v 0.16118300 0.00977400 0.11165100
v -0.16678500 0.06257000 -0.18031700
v -0.16356163 0.07453337 -0.21299775
v -0.16746600 0.08006900 -0.17401400
v -0.16868207 0.08113000 -0.18433790
v 0.16048650 -0.00058550 0.11096550
v 0.15977301 0.03370600 0.20192400
v -0.16855593 0.08019494 -0.19283944
v -0.15910751 0.08001425 -0.21459100
v -0.16195312 0.07706650 -0.21321949
v 0.16108476 0.00541544 0.15468951
v 0.15644638 -0.06935050 0.21328337
v -0.17093800 0.10488000 -0.18875900
v 0.16142781 -0.11803062 0.09710244
v 0.16044900 -0.12476800 0.08044950
v -0.17261524 0.08211331 -0.15589994
v 0.16092190 -0.02678244 0.11974584
v 0.09562200 -0.12694600 0.12058000
v 0.16143125 -0.05938188 0.09807656
v 0.16001403 -0.12416484 0.01117094
v 0.16167741 -0.06144164 0.12766697
v 0.07138754 -0.12656093 0.21268928
v 0.16142072 -0.09130163 0.09581250
v 0.16172938 -0.06658000 0.11011200
v 0.16185544 -0.10034356 0.11848069
v 0.12846200 -0.08853687 0.21438512
v 0.16338976 -0.11303550 0.10012925
v -0.17071137 0.08370113 -0.21551937
v 0.16115956 -0.03702303 0.11338390
v -0.16705200 0.08357800 -0.14100300
v -0.16813350 0.07212250 -0.20436326
v -0.16810100 0.07607100 -0.20579450
v -0.17197275 0.08318163 -0.18116856
v -0.16006356 0.12953432 -0.08114794
v -0.17123981 0.10015656 -0.10877962
v -0.17215601 0.10028400 -0.08481300
v -0.17187300 0.10721100 -0.10774200
v -0.13013917 0.07696941 -0.21356244
v -0.10974345 0.07907833 -0.22111075
v -0.12983400 0.12893300 -0.07018700
v 0.16184263 0.08368006 0.21972263
v 0.08576538 0.00140212 -0.21312712
v 0.16307800 0.09162000 0.20803200
v 0.09145850 0.01404800 0.21286950
v 0.11330775 0.02645172 0.21333456
v -0.17036900 0.11064100 -0.15882900
v -0.16180150 0.04972250 -0.21457601
v -0.17243800 0.08215900 -0.01345975
v -0.16450199 0.04261400 -0.21321900
v -0.17261074 0.08049625 -0.00273200
v -0.16381200 -0.02764800 -0.21518900
v 0.15906601 0.07779000 0.14434700
v -0.16422237 0.04034606 -0.21083850
v 0.16230451 0.12183663 0.21851669
v 0.16128124 0.11923650 0.21484675
v -0.16779922 0.07759462 0.13245031
v 0.16012287 0.08187956 0.13685994
v 0.12221392 0.07946756 0.21426193
v -0.06656091 0.12907963 -0.07559875
v -0.05737500 0.06321200 -0.21320000
v -0.05912263 0.06290525 -0.21332175
v -0.08204898 -0.12847634 0.21181902
v -0.16977003 0.12209938 0.15006122
v -0.14742875 -0.04810925 -0.21467425
v 0.11017900 0.07992288 0.21287175
v -0.17174672 0.07816897 0.07015178
v -0.08460338 0.03162466 -0.21419993
v -0.04929300 0.06761000 -0.21442001
v -0.06142700 0.05374100 -0.21395800
v -0.05700450 0.03568175 -0.21371999
v 0.15873912 0.12985544 0.15172687
v -0.17407475 0.06846475 0.08596575
v -0.15980706 -0.05501550 -0.21425638
v -0.17289700 0.08058100 0.09897100
v -0.16577950 0.06943037 0.11376225
v -0.16562299 0.07670200 0.11492600
v -0.06956363 -0.12468481 0.11138875
v 0.07548612 0.08020338 0.21273425
v -0.16467759 0.07907563 0.12574893
v 0.03886150 0.13016450 -0.18531600
v -0.16381818 0.05222891 0.11453391
v 0.01769100 0.07499650 -0.21373300
v 0.16059938 0.10146550 -0.21820638
v 0.15900794 0.12962556 0.07813631
v 0.06378069 0.12783888 -0.22015031
v 0.01298150 -0.12504400 -0.10630750
v -0.00463262 0.04362675 -0.21329625
v -0.16202100 -0.13059101 -0.20751899
v 0.15798298 -0.12743865 0.11464331
v 0.01390206 0.05858769 0.21239457
v -0.16345049 0.07254700 0.20598400
v -0.16508199 0.07842600 0.22092851
v -0.13786951 -0.12608901 -0.21388701
v 0.08247431 0.13080946 0.21517003
v 0.07613339 0.12684359 -0.22096071
v 0.16482550 0.08027762 -0.06855950
v -0.10958803 0.12666534 -0.22023928
v 0.08517063 0.13090876 -0.21310800
v 0.02364550 0.06297750 -0.20961350
v -0.16560000 -0.12941900 -0.11169450
v -0.00518425 -0.12378425 -0.09977425
v -0.01285150 -0.12427850 -0.11542050
v -0.16734840 0.12904246 -0.12547822
v 0.04023500 0.06701900 -0.22126700
v 0.03956400 0.07289500 -0.22173800
v 0.04456375 0.07482469 -0.22242150
v 0.02805912 0.05525819 -0.21439187
v 0.03085775 0.05904400 -0.21388550
v 0.16365799 0.09256400 -0.07008300
v -0.08807400 0.12967700 0.21147150
v -0.16944274 -0.11985462 -0.08377850
v -0.16665751 -0.10726900 -0.07569700
v 0.15732194 0.01399187 -0.21174231
v -0.17131449 0.09632325 -0.19444676
v 0.15836149 0.01926200 -0.20954700
v -0.02678366 0.12911326 0.07942087
v -0.00406875 -0.12671269 -0.14626651
v -0.00097828 -0.12794082 -0.17283866
v 0.10666625 0.13131875 0.10165700
v 0.01847400 0.12920800 -0.04547900
v 0.16082400 -0.12600499 0.09866300
v 0.05235725 0.12976025 -0.03412825
v -0.12099675 -0.12810038 0.07978962
v -0.13334499 -0.12890425 0.06453850
v -0.03308700 -0.12339025 -0.11595750
v -0.07081600 0.01972350 0.21230824
v 0.10295513 0.12924553 -0.21635821
v -0.16889031 0.12756748 -0.12251523
v -0.16383418 -0.02811306 0.13099501
v -0.16354644 -0.01946883 0.13812631
v 0.01100800 0.11939900 0.22083101
v 0.03230500 0.05286000 -0.21504000
v 0.15955950 0.12264550 -0.11172700
v -0.06400450 0.12006050 0.22224125
v -0.01990638 -0.13024588 -0.19446537
v -0.17144100 0.09423450 -0.19623651
v -0.16416863 -0.04699181 0.12696275
v -0.03194838 -0.08900712 -0.21476825
v -0.02572400 -0.08182700 -0.21616350
v -0.00593475 -0.04705575 -0.21479513
v 0.00165200 0.12784900 0.21999100
v 0.15651062 -0.08736350 0.21190988
v -0.05463313 0.07876125 0.21212213
v -0.16145447 -0.13011661 0.03398455
v 0.12382300 0.07725287 -0.21257612
v 0.13590901 0.07898100 -0.21367700
v 0.15066899 0.13084900 -0.15354200
v -0.16484293 -0.12776332 0.04666975
v -0.16465577 -0.12860380 0.01966281
v -0.06303300 0.10308450 0.22210950
v 0.05856213 -0.01097394 -0.21355231
v -0.08719800 0.10367500 0.22257800
v 0.07140513 0.02130462 -0.21330850
v -0.06236675 0.07087744 0.22004418
v -0.06445900 0.07031350 0.21998900
v -0.05769600 0.07535500 0.21786299
v -0.16536900 0.08182775 -0.22272925
v -0.14611888 0.07612637 0.21273038
v -0.05716138 0.12345731 0.22103031
v -0.05292900 0.10596650 0.22166200
v 0.15987022 0.12686706 -0.14472616
v -0.04465975 0.07656138 0.21351337
v 0.16171449 0.10625400 -0.18046249
v -0.16835076 0.08079775 -0.22006862
v -0.10963100 0.08741400 0.22258700
v -0.03727000 0.07401987 0.21187963
v 0.16233151 0.09885950 -0.16028900
v 0.16232900 0.09809400 -0.16072100
v 0.05247875 0.12963900 -0.05484650
v 0.15974000 0.12248900 -0.10462900
v 0.15981600 0.12197950 -0.10558500
v 0.16232450 0.10209000 -0.13479550
v 0.16224000 0.10325500 -0.13520400
v -0.16323300 -0.02004300 -0.21223000
v -0.15910511 -0.13045587 -0.16663367
v -0.16587076 -0.12949303 -0.17008011
v 0.15942875 0.12825163 -0.03393350
v -0.01664650 -0.12353850 -0.10759500
v -0.16493000 -0.13010500 -0.20713000
v -0.02749550 -0.12395775 -0.10524925
v 0.01038631 0.05787900 -0.21185468
v 0.03952087 0.07794131 -0.22110331
v -0.16693540 -0.12646109 -0.15900660
v -0.16727850 -0.12200950 -0.19776100
v 0.15953554 0.12620775 0.00964550
v 0.15814750 0.02097300 -0.17369600
v 0.16893549 0.07006350 -0.06915600
v 0.15909575 0.07871431 -0.05543519
v 0.03984050 0.07371500 0.21975850
v 0.03997400 0.07550500 0.22090000
v -0.03933281 0.04469809 -0.21355046
v -0.16183300 0.12656200 0.22007850
v -0.16592950 0.12473463 0.22066313
v -0.11053925 0.12930150 -0.21731950
v -0.16725503 0.04487028 0.08943847
v -0.16430651 0.05199750 0.08132350
v -0.12588701 0.12956899 -0.21087700
v 0.15342550 0.13164000 0.10862050
v 0.04270000 0.05394225 0.21177199
v 0.04164050 -0.12541100 -0.08235600
v -0.16197562 -0.12993175 -0.21173100
v 0.16445300 0.09108500 -0.01511000
v 0.16168188 0.07995750 0.01159250
v 0.06011200 0.07426600 0.21198450
v -0.16989709 0.05428891 0.08589066
v 0.16150400 0.12113375 0.08800800
v 0.16151100 0.12088950 0.08870900
v 0.16180976 0.11806400 0.10517438
v -0.16225600 -0.12572800 -0.21280600
v -0.16817375 0.07444200 0.08676575
v -0.01352300 -0.12488700 0.04321900
v 0.15956783 0.07863161 0.03015795
v -0.17257400 0.08143500 0.06328425
v -0.16511300 0.07522100 0.02592100
v -0.08456400 0.05786500 -0.21368299
v -0.00309100 -0.12142600 0.10868550
v 0.16008806 0.12511618 0.19097325
v 0.16311100 0.06549800 0.08524050
v 0.16390567 0.07255812 0.11228801
v 0.16373312 0.07743394 0.11648719
v -0.00301900 -0.12255700 0.11368400
v -0.05958937 0.12976550 -0.21229625
v -0.17059501 0.10316700 -0.14541100
v -0.06286500 0.13152000 -0.21744500
v -0.06570200 0.13044663 -0.22086513
v 0.16340350 0.06147100 0.10855850
v 0.16162500 0.04885200 0.10394500
v 0.16106200 -0.05361000 -0.08079100
v 0.16362500 0.09171100 0.17324600
v -0.16783237 0.07772487 0.20403838
v 0.15737826 -0.12481700 -0.20928624
v -0.16844006 0.08210550 -0.12616356
v -0.17182787 0.08081862 -0.13079537
v -0.16758050 0.08412500 -0.13406400
v -0.16692200 0.08411850 -0.13731851
v -0.16678262 0.08106913 -0.13923413
v -0.16964719 0.08165619 -0.15051866
v -0.17172299 0.08822250 -0.20122901
v 0.15965800 0.08041050 0.19801925
v 0.16136794 0.00650150 0.13360037
v 0.16198100 -0.08312000 0.10679500
v -0.16534474 0.12951975 -0.11113850
v -0.05127600 0.08056900 -0.21394500
v 0.15670800 0.04329200 0.21251801
v 0.08776936 -0.12623079 0.15936051
v 0.16024962 0.02819506 0.17586163
v 0.16064700 0.00440925 0.17637025
v 0.16103899 -0.04157100 0.09714600
v 0.16105987 0.01812106 0.19854629
v 0.16235025 -0.05297600 0.12961724
v 0.16295099 -0.10762000 0.10046975
v 0.15775250 -0.04150800 0.21364249
v 0.15726188 0.06494494 0.21298237
v 0.00812156 -0.12774073 0.20082350
v 0.15999401 -0.08720350 -0.08172500
v 0.15976575 0.07973525 0.21975662
v 0.16043924 0.07905422 0.21475922
v 0.15117732 0.07630076 0.21359567
v 0.15905550 0.07462600 0.21174151
v 0.12599400 -0.12740099 0.15298299
v -0.17144825 0.08781750 -0.15802675
v -0.17129950 0.08925450 -0.15932000
v -0.17166075 0.08699125 -0.11282100
v -0.17008001 0.11883953 -0.05095506
v -0.08417138 0.13086174 -0.20580675
v -0.09248125 0.13016975 -0.20243950
v 0.16020700 -0.05438750 -0.05495000
v -0.16957897 0.12535401 -0.01809628
v 0.13875601 -0.12747000 0.15182699
v 0.14146584 -0.12801053 -0.21197572
v -0.17215800 0.08452500 -0.04684400
v 0.16444349 0.08516900 0.16527399
v 0.15971731 0.08080744 0.16637869
v 0.15972471 0.08136182 0.15981235
v 0.16397437 0.08018225 0.15374762
v -0.16575275 0.08068475 -0.22213624
v -0.17092863 0.07888582 -0.05437444
v -0.17212024 0.08150250 -0.04239700
v -0.17221400 0.08382300 -0.04178700
v -0.17218600 0.08417400 -0.04431550
v 0.16009663 -0.02242425 -0.05996687
v -0.15227675 0.08437150 -0.22302601
v 0.15956978 -0.03206300 -0.08484094
v -0.17241700 0.08261800 -0.01437850
v 0.15908150 0.12688750 0.22066849
v -0.16139901 -0.02126000 -0.21400376
v -0.08112837 0.06346487 -0.21514888
v 0.15799488 -0.09087231 -0.20577268
v 0.16530773 0.07859653 0.11282904
v -0.05843450 0.07844982 -0.22199024
v -0.07008150 0.05839150 -0.21344151
v -0.17119600 0.09190300 0.12241700
v -0.05529631 0.07904591 -0.21731837
v -0.05611431 0.07804425 -0.21444468
v -0.16541800 0.08067000 0.04103500
v 0.16042988 -0.05460250 0.20505813
v -0.17254500 0.08159100 0.06667600
v 0.16541000 0.08613800 0.09130100
v -0.17258750 0.08881950 0.08866500
v -0.16545781 0.00415116 -0.10269900
v -0.03860247 0.07324934 -0.21316290
v 0.15786421 -0.06631681 -0.21091256
v 0.15935843 0.12821275 0.15473358
v 0.16008499 0.11903000 0.13349700
v 0.16140090 -0.07457159 0.12660222
v 0.16192275 0.11743175 0.10494600
v 0.06537120 0.07561807 0.22099522
v 0.06714600 0.06751400 0.22015150
v 0.06608050 0.06891450 0.22235100
v 0.06475250 0.08059875 0.22208676
v 0.06616600 0.08166150 0.22218500
v 0.15838850 -0.07997600 0.21141200
v -0.16460501 0.07299050 0.11591450
v 0.16021094 0.08170687 -0.00293631
v -0.00911597 -0.12507513 -0.02886997
v -0.00171175 0.06749050 -0.20674725
v 0.04151819 0.07698247 0.22151987
v 0.04879135 0.06986314 0.21757603
v 0.05634850 0.07573950 0.21591499
v -0.16424493 0.02562575 0.11165400
v -0.17015313 0.11766856 -0.10897275
v 0.16341987 0.07806738 -0.03392987
v -0.16895650 0.08184975 0.21970600
v 0.16517276 0.07916700 -0.04223600
v -0.17086400 0.10236300 -0.15918200
v 0.03414172 0.07735716 0.21621041
v 0.04283500 0.07932400 0.21206900
v 0.16460800 0.08762700 -0.04927550
v 0.04466638 0.07789013 -0.22273999
v 0.04016869 0.07636894 -0.21889324
v -0.08283025 -0.05398075 0.21337375
v 0.15806775 0.00134525 -0.21241824
v 0.00096150 -0.12976900 -0.21054600
v -0.15063606 0.08081286 -0.22255266
v -0.11340875 0.12755375 0.21898849
v -0.02564831 -0.01226969 -0.21419768
v -0.00372125 -0.12469737 -0.11615538
v -0.00145450 -0.12404450 -0.11248625
v -0.16293775 0.07923231 -0.21895143
v -0.02473719 -0.12527025 -0.09509932
v 0.10419162 0.13006887 -0.20983826
v 0.16319551 0.10216675 -0.06401825
v -0.02455650 -0.12377212 -0.10556462
v -0.16771375 0.07810100 0.12111253
v -0.06556900 0.12955000 0.19261250
v -0.04005713 0.04713284 0.21201706
v 0.07245391 -0.12757878 0.20762785
v -0.16915421 0.08053122 -0.20724031
v -0.16470037 -0.06557125 0.07645662
v -0.09727700 0.07803725 0.21199475
v -0.16995119 0.07853653 0.12813537
v -0.07199988 -0.12624837 -0.05335325
v -0.16593599 -0.12456400 -0.01830500
v -0.17123163 0.08148225 -0.18901075
v 0.16219351 0.10031300 -0.15238149
v -0.08602662 -0.12674800 -0.05241762
v -0.10252216 -0.12763731 -0.06112618
v 0.16137600 0.09626750 -0.21241049
v 0.15476738 0.07814212 -0.21243253
v 0.07577500 0.04282600 -0.21275100
v -0.05980762 0.07943181 0.22176944
v -0.17234375 0.08282787 -0.19200575
v -0.04900500 0.07904200 0.21197499
v -0.05783675 0.06644500 0.21296975
v 0.16199601 0.10314500 -0.20554200
v -0.05410344 0.08466256 0.22236912
v -0.16515613 -0.10604925 0.07993756
v -0.02819503 0.12936924 0.21194485
v 0.15693669 0.08139838 -0.22123501
v -0.08730225 0.06799925 0.21738850
v 0.02314512 0.12953737 0.07165887
v -0.01977556 0.07948960 -0.22244972
v -0.07158400 0.02810563 0.21250200
v -0.16506387 -0.06353638 0.08451088
v -0.16453813 -0.07648125 0.08801988
v 0.09762625 0.07845362 -0.21306987
v -0.00413362 -0.02231888 -0.21414313
v -0.11005550 0.07594300 0.21174826
v 0.16264950 0.08199500 -0.17733675
v -0.11408200 0.12058700 -0.22114851
v 0.15942888 0.08036025 -0.16660662
v 0.09635394 0.07631137 -0.21243615
v 0.06616563 0.04926700 -0.21559262
v 0.06848925 0.05083100 -0.21582700
v -0.02486369 -0.12952438 -0.19030569
v -0.16266175 -0.12885626 0.16692275
v -0.01239181 0.12909643 0.08460050
v 0.04218500 0.03202600 -0.21330963
v 0.04445875 0.04397225 -0.21469425
v 0.04428700 0.04422200 -0.21472700
v -0.07452000 -0.13074701 -0.20668800
v -0.16597456 -0.12896881 -0.08921431
v 0.16121200 0.09521600 -0.21395200
v -0.16646300 -0.12499800 -0.06100100
v -0.00262200 0.06660150 0.20748225
v -0.00041600 0.06577100 0.20818700
v 0.16034000 0.11896625 -0.03133900
v 0.12086656 0.13131888 0.07883706
v -0.17134599 0.06727150 0.11132100
v 0.02782150 0.04427050 -0.21317101
v 0.16419475 0.07968475 -0.10131425
v 0.04488700 0.06728500 -0.22166599
v 0.15882075 0.07905325 -0.09331150
v -0.17150199 0.08757800 -0.17092200
v 0.15836100 0.07673000 -0.09886200
v 0.16425151 0.08224600 -0.10054450
v 0.02555300 0.08703700 0.22207700
v -0.16858324 0.06276250 0.11364969
v -0.16620187 -0.09200875 -0.08903938
v -0.07310100 -0.12583201 0.07378700
v 0.02898134 0.07334688 -0.21271916
v 0.03410162 0.08180900 -0.22323050
v 0.02381870 -0.12386575 -0.12721922
v 0.16151200 0.12062800 0.09407200
v 0.16162699 0.11917900 0.09302700
v -0.16448125 0.06712750 0.11488200
v -0.04101800 -0.12410500 0.10289300
v -0.17046200 0.09836500 0.21107000
v 0.16286454 0.10090341 0.11330100
v -0.16963451 0.07828950 0.07050450
v -0.17246400 0.05918200 0.08734200
v -0.17144550 0.08109950 0.12626550
v 0.16064884 0.09007715 -0.21961963
v -0.16540599 -0.03032547 -0.10149095
v -0.16202199 0.07920825 -0.21866125
v -0.17271049 0.08033300 0.10028050
v 0.01654541 0.07893991 -0.22177753
v -0.16714124 -0.05689425 -0.20024188
v 0.16074313 0.03550906 0.10713444
v 0.08890700 0.00410050 0.21290225
v -0.05754216 0.06776259 -0.21357687
v -0.17078200 0.11091700 0.08215800
v -0.17170826 0.07876800 0.02041925
v -0.16665515 0.08135769 0.00830956
v -0.11354000 0.12940000 -0.15756400
v -0.17263412 0.08159012 -0.00056075
v -0.08755400 0.07049225 -0.21357501
v -0.08800050 0.07200213 -0.21348937
v -0.09797750 0.07890925 -0.21303588
v -0.09011669 0.07896844 -0.21938212
v -0.17022049 0.11987000 0.02978650
v -0.07641713 0.11825175 -0.22268413
v -0.16430625 0.03005350 -0.21301775
v -0.16849731 0.12784150 -0.01722806
v -0.16999662 0.08059703 -0.12254807
v -0.12826513 0.08049382 -0.22268294
v -0.17135137 0.08725043 -0.13957700
v -0.16360481 0.05292756 -0.21315774
v 0.12446600 -0.12598900 0.19725899
v -0.10865550 0.12989287 -0.21287225
v -0.16258225 0.13097388 -0.10336231
v -0.17023075 0.10957875 -0.11557600
v -0.16739050 0.04542581 -0.20724213
v -0.17035450 0.11339562 -0.07769269
v -0.16668521 0.08100987 -0.12106878
v -0.16330087 0.01736162 -0.21355724
v 0.11045282 -0.12733158 0.17154120
v -0.16185351 0.12874150 0.07752050
v -0.16631350 0.12863325 0.07665650
v 0.15869141 -0.12266491 -0.11984584
v -0.01348487 -0.12813488 0.20133288
v 0.15929562 0.06987187 0.19646668
v -0.03884600 0.07862325 -0.21541888
v -0.00225991 0.07993288 -0.22285634
v -0.04267200 0.12916575 -0.05257313
v -0.03913881 0.12885578 -0.05083188
v 0.15992275 0.06466325 0.11368325
v -0.02609106 0.05370150 -0.21461931
v -0.01579047 0.07245941 -0.20768900
v -0.16528825 0.05157337 0.08383437
v 0.09244400 -0.12858200 -0.15939499
v -0.16656250 0.07934400 -0.01739500
v -0.16701500 -0.12823001 -0.20440599
v -0.16690201 0.08079575 -0.02537500
v -0.02672550 -0.11106275 -0.21554163
v 0.16533375 0.08042500 0.06451163
v 0.00056594 -0.12145903 0.01819191
v 0.16023114 0.08043719 0.03675081
v 0.15938351 0.08157200 0.04450450
v 0.06324531 0.09361499 -0.22287312
v -0.11263938 -0.12759387 0.21339375
v -0.02711725 -0.02327275 -0.21442451
v -0.08447675 0.12582293 0.22212569
v 0.15967850 0.12444350 0.06494450
v 0.15993799 0.12160800 0.06218400
v 0.09595041 0.13069813 0.21679261
v 0.10941000 0.13101250 0.20473038
v -0.00687225 -0.12445863 -0.07408575
v -0.00128737 -0.12314337 -0.09214050
v 0.16373876 0.08584150 -0.05897825
v -0.02853500 -0.08828575 -0.21802950
v 0.15836100 0.06702300 -0.08988300
v -0.02644100 -0.08613900 -0.21816000
v 0.04219700 0.11970575 0.22103025
v -0.01473869 -0.08625936 -0.21565492
v -0.03298475 -0.12480725 -0.09612800
v -0.03328000 -0.12486025 -0.09500750
v 0.16282700 0.09412450 -0.11944550
v -0.05790425 0.01868200 0.21266501
v -0.15726469 -0.13142037 -0.21054225
v -0.16489901 -0.12460300 0.09816200
v -0.15121281 -0.12989463 0.07868569
v -0.07756675 0.02532038 0.21323501
v 0.15988006 0.12335100 -0.12506475
v 0.15949300 0.12343100 -0.11268700
v 0.16144289 0.11074340 -0.11546203
v -0.13341081 -0.12937325 0.07457294
v -0.16376896 -0.12859510 0.09686060
v 0.11501600 -0.12711000 0.13225301
v 0.16016343 0.12656724 -0.15938756
v -0.08516275 0.02431500 0.21210113
v -0.00989550 -0.12911275 -0.18639675
v 0.15845200 0.03340400 -0.20959000
v -0.11766832 -0.12864771 -0.08384360
v -0.15444601 -0.12950425 0.16512488
v 0.13764700 -0.12762931 0.12255900
v -0.16243517 -0.12854344 0.19359592
v 0.00237178 -0.12520166 -0.13525131
v -0.03368100 -0.12486800 -0.08874000
v 0.15900025 0.08035019 -0.10145737
v 0.06484590 0.12210347 0.22120129
v 0.15992300 0.12190200 0.03498500
v -0.08902050 0.08065200 0.22234251
v 0.02746400 0.06428100 0.21077099
v 0.04414800 0.08071175 0.21232276
v -0.17156005 0.08092617 -0.02880675
v -0.01514200 -0.12489000 -0.06926100
v -0.06415800 0.12946101 0.21811700
v -0.16314550 0.01426925 0.21033087
v 0.16832419 0.06792881 -0.06481475
v 0.08617650 0.07840050 -0.21281250
v -0.07973042 0.12765417 0.22143954
v -0.01710594 0.12916613 0.07167988
v 0.07652726 0.07960225 -0.22184050
v 0.10713531 0.06391588 0.21196544
v 0.15936200 0.08116650 0.13890450
v 0.00755094 -0.12298950 0.10268975
v -0.16652493 -0.12896709 -0.18781069
v 0.13495900 0.08676400 0.22245701
v -0.14172256 0.07927509 -0.22100897
v 0.09061477 0.02402630 0.21237981
v -0.16502875 -0.12765525 -0.20897600
v 0.15836094 -0.12233919 -0.16598600
v 0.08226202 -0.12305313 0.21414950
v -0.16408101 0.06721900 0.13161500
v 0.14959151 0.08256600 0.22200350
v -0.01063100 -0.12805700 0.21215400
v -0.02850000 0.06850875 -0.20718150
v -0.02360775 0.06874375 -0.20704700
v 0.15987200 0.02688400 0.20548700
v 0.15678741 0.02086088 0.21250394
v 0.02766299 -0.12790789 0.21003155
v 0.02400900 -0.12790900 0.20665100
v -0.16568075 -0.00751900 -0.09620750
v 0.10989075 -0.12497669 0.17648934
v 0.08443762 -0.12642725 0.12553012
v 0.15204032 -0.01119344 0.21339719
v -0.16582075 -0.05941875 -0.20769051
v -0.12212600 0.12959801 -0.20260499
v -0.00126256 0.12794422 -0.21874863
v 0.14061549 -0.08148450 0.21292363
v -0.16601899 -0.03321450 -0.21312051
v -0.17019799 0.12270600 0.09311350
v -0.17259425 0.08303956 -0.14437562
v -0.16163050 -0.00239175 -0.21342351
v -0.11616900 0.07935050 -0.21312450
v -0.17230400 0.08471200 -0.06809500
v -0.08552188 0.08219638 -0.22366938
v -0.16994594 0.07973781 -0.07360994
v -0.17226151 0.08504450 -0.02262575
v -0.17227200 0.08570600 -0.02006600
v -0.17185076 0.08610050 -0.08330275
v -0.16746737 0.07736750 -0.20834650
v -0.17113400 0.10151000 -0.07900300
v -0.17044625 0.07867984 -0.01180150
v -0.17065775 0.09978000 -0.15114325
v -0.17060301 0.10116500 -0.15261200
v -0.16478226 0.13023324 -0.08158700
v -0.16744800 0.07622850 -0.18074550
v -0.16767238 0.12973151 -0.10159413
v -0.17234300 0.08199100 0.07876100
v 0.03354994 0.06804100 -0.21446778
v -0.17132425 0.06346712 0.08376125
v 0.02992162 0.06388400 -0.21082921
v -0.16789994 0.12690926 0.21794219
v -0.16812874 0.12399475 0.21982224
v 0.15955450 -0.12120050 -0.05968038
v 0.05711550 0.12200650 -0.22140312
v -0.06543900 -0.00940400 -0.21436800
v -0.01367494 -0.11564769 0.21525791
v 0.12889600 0.12949701 -0.21269900
v 0.16327825 0.07985763 0.17617275
v -0.16434638 -0.05345988 0.08279487
v 0.16120350 0.05245375 0.08579675
v -0.15498950 0.08415050 -0.22300000
v 0.15982600 -0.01065500 -0.05476000
v -0.02459875 -0.12356550 0.10301000
v -0.10730340 -0.12778394 -0.08926747
v 0.16126850 0.10916800 -0.21325649
v 0.06503937 0.06392010 0.22275175
v 0.05594762 0.06140587 0.22036287
v -0.06422925 -0.12426228 -0.14409825
v 0.06152650 0.07660350 0.22249800
v 0.06559762 0.07411794 0.21906032
v -0.08055650 -0.12723275 -0.05869200
v 0.15827274 -0.05007425 -0.20509088
v 0.06047350 0.08601312 0.22238925
v 0.06888614 0.07838608 0.21942227
v 0.16046651 0.07929050 -0.18974750
v -0.02184938 0.06962863 0.20547549
v 0.16342875 0.07864375 -0.02290575
v 0.15953200 0.12556200 0.04866600
v 0.15952200 0.12635151 0.05143550
v 0.15991400 0.12646601 -0.03971600
v -0.07089100 -0.12561700 0.07719000
v 0.03759431 0.07041293 -0.21523137
v 0.15876113 0.07416300 -0.08472812
v -0.02832700 -0.10408200 -0.21484500
v 0.16029750 0.07670800 -0.08534250
v -0.01033950 -0.12468750 -0.08630325
v 0.16411150 0.07953950 -0.08677075
v 0.06028500 0.12637800 0.22228900
v 0.16486999 0.08106200 -0.06941000
v -0.10962028 -0.12828347 0.07299653
v -0.01795825 -0.12391850 -0.11489550
v 0.16308400 0.09684200 -0.10310300
v -0.16307312 0.04813919 0.21128573
v 0.00033672 -0.12182378 -0.01858191
v 0.11320350 0.12737660 0.22041807
v 0.10472650 0.12916450 0.21945350
v -0.06880738 -0.12608500 -0.06844900
v 0.16469400 0.09007600 0.04098500
v 0.06281725 0.06064400 0.22342375
v 0.06562800 0.06380175 0.21944100
v 0.06412500 0.06323050 0.21906251
v 0.15905431 -0.02070856 -0.11602869
v -0.17067900 0.09939700 -0.14993000
v 0.15463901 0.07409575 -0.21202925
v 0.15848221 0.12932241 -0.12589692
v 0.16398001 0.07907200 0.06338700
v -0.04027019 0.07682250 0.21465406
v -0.04842200 0.07775275 0.21191800
v -0.05389800 0.06403300 0.21172100
v 0.07452900 -0.00305525 -0.21338879
v 0.16338757 0.07926981 0.07339363
v -0.02285400 -0.12345500 0.10289600
v -0.02749158 -0.12373091 0.11168359
v -0.15206100 -0.13018425 0.06089563
v -0.07808325 0.05685475 0.21205975
v -0.08468400 0.05529000 0.21204300
v 0.16354150 0.06253950 0.10875550
v 0.15899800 0.07433700 0.14378300
v 0.15922999 -0.06368050 0.21257150
v 0.04886744 -0.00037709 -0.21392982
v -0.15694550 -0.13008422 -0.01652186
v -0.16442350 -0.05435900 0.13244499
v 0.01202941 -0.07446983 0.21363468
v 0.10870725 0.01793550 0.21283500
v -0.03214500 -0.06880300 -0.21477550
v -0.16946821 0.12611704 -0.07905304
v 0.15744163 0.05087188 0.21264538
v 0.15529400 0.05127400 0.21325600
v -0.16366450 -0.03147150 0.14457899
v 0.00962575 -0.12253875 0.21440400
v -0.16648325 -0.12318100 -0.09449434
v -0.16499600 -0.12965350 -0.09702425
v 0.15843943 -0.12698878 0.06053105
v -0.12786201 0.09532400 -0.22283700
v 0.16021825 -0.02284150 0.20303001
v 0.04489462 0.05841725 -0.21373349
v 0.04644037 0.05378212 -0.21689112
v -0.16754176 -0.10882175 -0.08498625
v -0.16604032 -0.09793219 -0.09300300
v 0.04523875 0.05494100 -0.21685350
v 0.08980050 -0.12688825 0.15142500
v -0.16816600 0.06817400 -0.20293200
v -0.13159876 -0.12851325 -0.18801275
v -0.13421400 0.12825200 0.21659300
v -0.15741700 0.12875301 0.04768600
v -0.10090025 0.08039375 -0.21391675
v -0.16721250 0.07910150 -0.05130700
v -0.15503700 0.12970613 -0.10361013
v 0.02614625 0.08197925 -0.22333001
v -0.09437475 0.12848063 0.10855150
v -0.00785084 0.07170189 -0.20666516
v 0.03262400 0.12941501 -0.21172699
v -0.16566312 -0.03354325 -0.10635038
v -0.16508588 0.12840763 0.19634087
v -0.13918599 0.08282150 -0.22311451
v 0.04008539 0.05286947 -0.21338855
v -0.15361460 -0.07580463 -0.21386297
v -0.11044000 0.12968600 -0.18754099
v -0.14768749 0.08000300 -0.21584350
v -0.15104750 0.07899050 -0.21363425
v -0.16426288 0.02980675 0.08676025
v -0.08793150 0.05082775 -0.21384500
v -0.16525669 -0.02575794 -0.21198022
v -0.11498850 0.11447350 -0.22166701
v -0.16051400 0.07045000 -0.21399000
v -0.16173799 0.07118500 -0.21375050
v -0.11316400 0.12281300 -0.22094500
v -0.10801200 0.12919851 0.20998400
v -0.10654882 0.12874675 0.21802981
v 0.05456550 0.07729500 -0.22277550
v -0.11091922 0.08068272 -0.22289659
v 0.16304094 -0.05086850 0.12598169
v 0.05757850 0.13001375 -0.05707375
v 0.16042475 -0.12480062 0.08058200
v 0.15842050 -0.12699650 0.08395000
v -0.16813500 0.07292800 -0.20028301
v 0.15869400 -0.12695725 0.20284151
v 0.15287419 -0.12773547 0.01330958
v 0.15687700 -0.00190700 0.21199299
v 0.15759550 -0.00215250 0.21160750
v 0.16078338 0.11876075 -0.17839637
v 0.16212501 -0.03706500 0.12000550
v 0.15240900 0.08154800 -0.22136350
v -0.08177707 0.03937481 0.21205938
v 0.16004325 -0.00192350 0.20395225
v 0.16181700 0.00821700 0.14288449
v -0.00560175 -0.12812912 0.21157300
v -0.05199125 0.01252450 0.21191800
v 0.16361751 0.08920000 -0.10373400
v 0.16020100 0.11967550 -0.00039700
v 0.15978950 0.03875350 0.11699175
v 0.16024640 0.03889794 0.11319244
v 0.15874417 0.12947236 0.02985952
v 0.15666556 -0.12709597 -0.18261144
v 0.15497150 -0.12821700 -0.20673850
v -0.16989313 0.07888988 -0.06495150
v 0.03543206 0.07008138 0.21250668
v 0.02191400 -0.12403600 0.11446450
v 0.01912900 -0.12382500 0.10654100
v 0.16019601 0.03263000 0.08775100
v -0.00609573 -0.12425472 0.05709067
v -0.00625288 -0.12243263 0.10248500
v 0.15992901 0.12192500 0.17836300
v -0.00583350 -0.12448050 0.08469200
v 0.00289081 -0.12219263 0.08974756
v 0.14146838 -0.06847595 0.21366748
v 0.16069412 -0.01870050 -0.05710100
v 0.15942600 0.05838000 0.11494750
v 0.16036101 0.02425500 0.14166351
v 0.00864100 -0.12805200 0.21129850
v 0.15890363 0.07759725 -0.03142825
v 0.15169825 -0.12820344 -0.06410643
v 0.16025899 0.01171200 0.18218100
v 0.16032299 0.01862600 0.20258901
v 0.16008750 0.01602300 0.20377649
v 0.15913349 0.01637050 0.20904849
v 0.15879050 0.01719550 0.21005350
v 0.16478150 0.08319400 0.15537301
v -0.16488041 0.12915462 -0.04345459
v -0.17208850 0.08047700 -0.10629600
v -0.17174050 0.07681700 -0.10826350
v 0.15914600 -0.04518250 0.21228825
v 0.16194150 0.07877150 -0.11315300
v -0.16692100 0.08133800 -0.07459500
v -0.05601275 0.11542225 -0.22132075
v 0.16307551 0.06090738 0.11065881
v -0.08512750 0.08269750 -0.22370850
v 0.05839650 0.13109325 0.21519788
v -0.06063909 0.07380734 -0.21933524
v 0.03601650 0.13018049 0.20671950
v 0.02922514 0.12851244 0.21954614
v -0.16488899 0.08076000 0.07514100
v -0.17382625 0.07921025 0.08650325
v -0.02833859 0.07774176 0.21929905
v -0.00224308 0.07942658 0.22108978
v 0.00119400 -0.12286300 -0.21443900
v -0.15951000 -0.07987100 0.21299151
v 0.16046087 0.11733786 -0.13295321
v -0.04545987 0.05878406 0.21274519
v -0.17139199 0.08315100 0.13981099
v 0.16193500 0.10478700 -0.15148300
v 0.16017812 0.12028044 -0.15028375
v 0.15986985 -0.12553649 0.05302142
v 0.13616388 -0.12758274 0.09695444
v -0.16585188 0.08130006 0.16313718
v -0.16507401 -0.12638600 0.08245700
v 0.16159998 0.11393695 -0.19562159
v 0.16205700 0.10341600 -0.19393800
v -0.03730300 -0.12412900 -0.21432500
v 0.08069050 0.13119200 -0.21010350
v 0.09183197 0.12947366 -0.21835022
v -0.03427600 -0.10552900 -0.21453100
v -0.05003700 -0.12125400 -0.21433800
v -0.16385441 -0.12958716 -0.00079600
v 0.11903300 0.07284400 -0.21246400
v -0.16397700 -0.01523100 0.11555775
v -0.16592500 -0.12754101 -0.05623650
v -0.16604801 -0.12522100 -0.03867000
v -0.16395675 -0.03880287 0.12020738
v -0.16409101 -0.06146400 0.11803000
v 0.13136956 0.12738191 -0.21979764
v -0.10699094 -0.13058200 -0.21125582
v 0.00099800 -0.11281900 -0.21457601
v 0.16173337 0.10662057 -0.16465506
v 0.07625250 0.08328950 -0.22295950
v 0.06556400 0.08067600 -0.22281000
v -0.06026400 0.05685975 0.21200475
v 0.05580300 0.07661500 -0.22268701
v 0.02725000 0.12921900 -0.07595700
v -0.14639263 -0.13176513 -0.20432512
v 0.15027300 -0.05721000 0.21403800
v -0.03568000 -0.12427200 -0.10218300
v -0.16381191 0.01746859 0.11398275
v 0.15888397 0.07864878 -0.12581372
v 0.00080800 0.06828800 -0.20643400
v 0.03887300 0.08384700 0.22219799
v 0.03366694 0.07309932 0.21083269
v 0.03097800 0.07143550 0.20719101
v 0.03548550 0.07484300 0.21288000
v 0.03665350 0.07520050 0.21354225
v -0.05120200 0.07690225 0.21760550
v -0.14005338 -0.08379888 -0.21422194
v -0.14869726 -0.10562000 -0.21377575
v -0.14601675 -0.08938425 -0.21362226
v -0.16411699 0.07291900 0.12283100
v -0.16113125 -0.08971375 -0.21239063
v 0.16279700 0.10532100 0.08120700
v -0.17162199 0.08382700 0.12243900
v -0.17185800 0.06676850 0.10671850
v 0.15911622 0.07560656 0.05702884
v -0.16697125 0.12804256 0.17490344
v 0.15327249 -0.12759000 0.07716950
v -0.17095700 0.09049000 -0.15051000
v 0.16546750 0.08525600 0.09047600
v -0.00095406 -0.12135800 0.03297200
v -0.00945419 -0.12412031 0.08018956
v -0.16746241 0.12797669 0.15053993
v 0.15932250 0.07982100 0.12685899
v 0.16532050 0.08237150 0.11460000
v -0.17055984 0.11585443 -0.08462416
v -0.16498919 0.07583962 0.04695275
v 0.16084056 -0.05067222 0.16208915
v -0.15896600 -0.03190500 -0.21644700
v -0.17267349 0.08129275 0.04283950
v -0.15080634 -0.03303669 -0.21449335
v -0.13244475 0.00682750 -0.21441112
v -0.14780544 -0.00464494 -0.21328600
v 0.01819825 -0.07291181 0.21328907
v -0.16570576 0.12888235 0.03140762
v -0.17287177 0.11125797 -0.09179734
v 0.16036159 -0.00373622 0.14648496
v -0.16270044 0.03728519 -0.21478499
v -0.16778950 0.03543738 -0.20126438
v 0.06485775 -0.12600337 0.11779212
v 0.15914072 -0.12505077 -0.04977628
v -0.16695650 0.07622400 -0.15590900
v -0.16704351 0.07520150 -0.16176900
v 0.16082150 -0.12204650 0.06779400
v -0.13770339 0.07930733 -0.21516185
v -0.16860922 0.07965463 -0.10423741
v 0.16075000 -0.12315100 0.06735800
v 0.15862399 0.07647600 -0.07473800
v 0.16254944 0.07956769 0.03000519
v 0.09811400 -0.12466200 0.18056700
v 0.16514450 0.08326507 0.01824369
v 0.16421163 0.08169450 0.02635425
v 0.11560900 -0.12717700 0.14079100
v 0.16547300 0.08319000 0.07030600
v -0.16705944 0.07918747 -0.10818025
v -0.17146274 0.08604453 -0.09348290
v -0.16840699 0.08244200 -0.11464100
v -0.07479100 -0.12796099 -0.06230500
v -0.11109700 0.10020000 -0.22274700
v -0.09427200 0.12722975 -0.22082800
v -0.09880950 0.12515225 -0.22125299
v 0.15928437 0.07925812 -0.03070400
v -0.16448388 0.07988219 0.16487944
v 0.16161200 0.07923026 -0.06679941
v 0.16144128 0.08086807 -0.06270581
v 0.16100958 0.08192098 -0.04863056
v -0.15812699 0.06585200 -0.21410500
v 0.16447251 0.07858100 -0.06931237
v 0.16422901 0.07858200 -0.04261100
v -0.16634800 0.08093100 0.01946250
v -0.16928588 0.07873819 0.03321588
v 0.16184050 0.09720350 -0.18845050
v 0.16182350 0.09753525 -0.18797524
v -0.16239563 -0.12968913 0.08347319
v -0.02805766 -0.09771007 -0.21549559
v 0.15851550 0.12898600 -0.11060037
v -0.04575181 -0.12384669 -0.13466565
v 0.15787050 0.07919375 -0.20099699
v -0.16018251 -0.01754466 0.21278872
v 0.07506700 0.03444325 -0.21310174
v 0.07158100 0.03299200 -0.21432300
v 0.07362600 0.03445300 -0.21356300
v -0.16386685 -0.12974338 -0.03180287
v 0.16089299 -0.12094200 0.06823000
v -0.06248628 -0.12706497 -0.14945135
v -0.07021928 -0.12813041 -0.15656026
v -0.16748275 0.06884225 -0.18825351
v -0.03125894 -0.12448438 -0.12770000
v -0.03230775 -0.12328775 -0.12222875
v 0.15918100 0.12779900 -0.11076500
v 0.15805450 0.12972949 -0.10931500
v 0.16097701 -0.11632100 0.06052900
v -0.16003802 0.01088050 0.21276391
v -0.16179110 0.01544900 0.21232106
v 0.01044800 0.12814701 0.21933925
v 0.10249356 0.07895556 -0.22095706
v 0.11478761 0.07944942 -0.22121732
v -0.06271750 0.12573087 0.22217712
v -0.05759319 0.12873369 0.21726581
v -0.16136947 -0.13040136 -0.05883637
v 0.02249675 0.12955099 0.21734425
v 0.01192300 0.12573799 0.22066300
v 0.07378300 0.05548000 -0.21274050
v 0.07086169 0.05060375 -0.21510813
v 0.07136212 0.04394925 -0.21474287
v 0.07045700 0.03696900 -0.21484950
v 0.09209512 0.07918475 -0.21493188
v 0.09297638 0.07857160 -0.21922481
v 0.15933350 0.12725800 -0.07658900
v 0.15798640 0.13002081 -0.07479843
v -0.08879987 -0.12868756 -0.16658497
v -0.12373600 -0.13073900 -0.18988051
v -0.00934303 0.07556322 0.21084066
v -0.01972766 0.07730891 0.21442044
v -0.09273700 0.12884225 -0.21921438
v 0.15936975 0.12640275 -0.07610125
v 0.15898800 0.12885700 -0.06553500
v -0.11885400 0.09996100 -0.22269900
v 0.07310600 0.05509000 -0.21286500
v 0.07446000 0.05587000 -0.21261600
v -0.16226743 -0.10216931 0.20955637
v 0.05999450 0.06245150 0.21893850
v -0.15939049 -0.10255047 0.21300612
v -0.16591300 -0.12071900 -0.03770200
v -0.16465349 -0.12980500 -0.06252213
v -0.11356900 -0.12695301 -0.17598200
v -0.10779300 0.08111050 0.22210200
v -0.10739225 0.08062350 0.22196363
v -0.11424128 0.07890459 0.22117841
v -0.10202725 0.07643950 0.21631987
v -0.03146500 0.05250062 0.21354038
v -0.02660350 0.05533756 0.21333744
v -0.10362000 0.12988400 -0.19541100
v -0.01134500 0.06005050 0.21171562
v -0.01221800 0.06871500 0.20553200
v 0.01023561 0.07459964 0.20640713
v 0.00529937 0.07752875 0.21446337
v 0.15827513 0.02818375 -0.21005026
v 0.15573475 0.02928887 -0.21169543
v -0.16717499 0.07050600 -0.17992200
v 0.15687449 0.02666850 -0.21163975
v 0.15824775 0.03431500 -0.20850725
v 0.16077299 -0.12216800 0.06266600
v 0.15843451 0.12969463 -0.00482605
v 0.15712255 0.13069525 -0.01882241
v 0.15461528 0.13117138 -0.02464228
v 0.07886450 0.08029156 0.21450526
v -0.15489200 -0.12749401 0.21346800
v -0.11602862 -0.12765624 -0.17982864
v -0.12740301 -0.13102099 -0.19383749
v -0.16729519 0.12880743 -0.05336080
v -0.16878426 0.12768295 -0.05111470
v -0.08719485 0.12902187 0.21791422
v -0.16061929 0.05587431 0.21263804
v -0.16343875 0.03883313 0.20808651
v 0.00275475 0.07754225 0.21864276
v 0.04712500 0.05426500 -0.21713300
v -0.14439493 0.07640431 0.21739866
v 0.16047500 -0.12294900 0.04129700
v -0.00628700 0.05986400 0.21251300
v 0.00345000 0.05112900 0.21314800
v 0.02062050 0.07029950 0.20548950
v -0.13442674 -0.12932076 -0.19229150
v 0.00388250 0.05166700 0.21325050
v -0.01225200 0.05229800 0.21350899
v 0.02534250 0.07042550 0.20557100
v 0.01634550 0.06938675 0.20585875
v 0.02639581 0.07168550 0.20544276
v -0.09173800 0.13019325 -0.21377601
v 0.00678900 0.06293200 0.20996900
v -0.16487999 -0.12998350 -0.13286375
v -0.16337170 -0.13048568 -0.16535360
v -0.16073200 -0.13034999 -0.10063900
v 0.00056050 -0.12361400 -0.10974550
v -0.17332500 0.10785000 -0.08312700
v 0.10136900 0.12559788 -0.22077738
v 0.01878600 0.06505300 0.20895000
v -0.12528200 0.08601900 -0.22327299
v -0.12688625 0.08418575 -0.22331075
v -0.12404400 0.08479700 -0.22331400
v 0.02414000 0.07140625 -0.20854326
v 0.15966150 -0.00621625 -0.21239425
v 0.15865757 -0.00888212 -0.20652169
v -0.14431299 -0.13029625 0.20610750
v 0.07030713 0.13092975 -0.21346563
v -0.12911496 -0.12891586 0.21193442
v 0.08200630 0.12900510 -0.21796586
v 0.08154800 0.12738287 0.22108713
v 0.00805581 0.05364114 -0.21477711
v 0.01259753 0.04998125 -0.21497203
v -0.13506271 -0.12801172 0.19441798
v -0.10505088 -0.12609163 0.17536373
v 0.04712800 0.06431500 0.21173000
v 0.04956800 0.07518500 0.21172300
v 0.05023500 0.07377900 0.21174200
v 0.15737073 -0.02118516 -0.21121641
v -0.17013250 0.07871100 0.21353026
v -0.16699700 0.06979500 -0.16960700
v -0.16702101 0.07207925 -0.16859950
v -0.16684900 0.06283950 -0.18158799
v 0.16490699 0.08614300 -0.03100000
v 0.00025528 -0.12349478 -0.07585447
v -0.13625132 0.12674816 0.21988237
v 0.04916978 -0.12478551 -0.14185797
v -0.17281599 0.08322800 -0.13255450
v -0.08897625 0.12871258 0.12643522
v -0.08994469 0.12988763 0.11568350
v 0.03584113 0.05492762 0.21311638
v -0.14838450 0.12486000 0.22087525
v 0.16089575 0.11812300 0.07864600
v 0.16101275 0.11748400 0.07862575
v 0.12491275 -0.07324875 0.21423350
v 0.16137725 0.12111350 0.08156300
v 0.16171400 0.11888600 0.08220850
v -0.16402037 0.09998237 0.22184600
v -0.16875575 0.09443525 0.22025450
v -0.14524201 0.06781800 -0.21394700
v 0.16033500 0.12754400 0.08168600
v 0.15944175 0.12942700 0.09547225
v -0.11938100 0.09352500 -0.22296900
v 0.16180600 0.11831900 0.08273000
v 0.15826140 0.13026688 0.11779297
v 0.03974389 0.12824464 -0.21890962
v 0.10829100 -0.12694900 0.12881300
v -0.16416600 0.06593100 0.12062400
v -0.16692425 -0.11054625 -0.20255725
v -0.16582052 -0.09604881 -0.20692746
v -0.16046174 -0.10138264 -0.21315242
v -0.16202176 -0.11147300 -0.21288750
v -0.06289775 -0.12323237 0.14500400
v -0.06133344 -0.12378332 0.14745824
v 0.00355437 0.07811181 -0.21667506
v -0.00827170 0.07380714 -0.21258695
v -0.00783106 0.07504589 -0.21446805
v 0.15634613 -0.04047203 -0.21173328
v 0.15742688 -0.05270000 -0.21141325
v 0.07787625 -0.12547788 -0.16386956
v -0.00584766 -0.12466785 -0.00287792
v -0.01097100 -0.12524700 0.01952400
v -0.01636619 -0.12501022 0.02823631
v 0.15985151 0.12280350 0.11129050
v 0.09568737 -0.12846439 -0.21202700
v 0.08558716 -0.12884182 -0.20868804
v -0.06262662 -0.12598769 0.15161644
v -0.07017762 -0.12690732 0.15809725
v -0.17006400 0.12209900 0.21484500
v -0.00699150 -0.12389050 0.03824625
v 0.02874209 0.12540428 -0.22029363
v -0.01013850 0.08346450 -0.22350150
v -0.10981963 -0.12931088 0.20923950
v -0.07598775 -0.12732731 0.21334599
v 0.09808969 0.07719857 0.21179751
v -0.09270600 0.12874600 -0.21952125
v -0.16698100 0.07359000 -0.16207699
v 0.08413488 0.07789300 0.21628974
v 0.08329725 0.07844388 0.21868931
v 0.08322325 0.08057075 0.22122525
v 0.08382950 0.07946000 0.22029175
v 0.09207600 0.08301250 0.22216350
v 0.00851681 0.11516844 -0.22107349
v 0.15885425 -0.03792625 0.21264450
v -0.01636600 -0.04257700 0.21260400
v -0.03060338 0.06968450 -0.20707187
v -0.04098331 0.05481000 -0.21471900
v -0.01517000 0.07842900 -0.21636100
v -0.03160775 0.07916162 -0.22184125
v -0.03334050 -0.12266950 0.11141000
v -0.02678956 -0.12404825 0.12105200
v 0.15914600 0.12981500 0.18282101
v 0.15792821 0.13083263 0.18284129
v 0.15361579 0.13152997 0.19559905
v -0.01065678 -0.05297150 0.21338081
v 0.16197900 0.08100500 -0.19896699
v 0.12975638 -0.03945375 0.21385138
v -0.09445500 0.12708850 -0.22090501
v -0.06501512 -0.12431525 0.21415563
v 0.12026275 0.07803725 0.21693450
v -0.09151450 0.13021050 -0.21354599
v 0.10902594 0.07922056 0.21985953
v -0.09857900 0.08436100 -0.22363000
v 0.10585394 0.08213850 0.22196956
v -0.09424100 0.13020501 -0.20449200
v 0.10992450 0.08727100 0.22242300
v -0.13497700 0.12910400 -0.09703800
v -0.03810300 0.07184000 -0.20971499
v -0.04469987 0.06835675 -0.21430700
v -0.04074044 0.06570325 -0.21301851
v -0.17283200 0.09243400 0.09629900
v -0.17373700 0.07552000 0.09587500
v 0.10201050 -0.12702850 0.12204750
v -0.03248600 0.08320950 -0.22367950
v -0.02837650 0.08329675 -0.22362700
v -0.01772466 0.08170384 -0.22347075
v -0.05440825 0.06389150 -0.21324575
v -0.06894100 -0.12316900 0.21426301
v -0.05634350 0.06273600 -0.21318850
v -0.02437422 -0.12428834 0.12934457
v -0.16682537 -0.05731763 -0.20475376
v -0.00130338 -0.12219494 0.10048325
v -0.16274463 -0.06293263 -0.21285188
v -0.00174775 -0.12228207 0.08755463
v -0.07825994 0.04587497 -0.21382256
v -0.00641525 -0.12246725 0.10235300
v 0.15762122 -0.09729563 -0.21132988
v -0.16673300 0.08233550 0.04057987
v -0.16642199 0.06448500 -0.15202899
v 0.13618401 -0.12738700 0.08331100
v 0.16121037 -0.07147537 0.06697413
v -0.16749755 0.12804940 0.12490697
v -0.16489100 0.12869050 0.11344950
v 0.14000300 0.08028825 0.22070825
v 0.12430875 0.08297950 0.22215626
v -0.17132400 0.11214900 0.08701700
v 0.16510500 0.08158475 0.12874424
v 0.16483875 0.08381925 0.14009075
v 0.15903200 0.07606350 0.14406499
v 0.16040400 -0.12341750 0.04019700
v -0.16893984 0.12732984 0.10035534
v 0.16271108 -0.07324407 0.10149330
v -0.02124538 0.12771726 -0.21916263
v 0.00235569 -0.12159550 0.10905269
v -0.00218775 -0.12218475 0.11209175
v 0.15732037 -0.12731381 0.02162899
v -0.08761285 0.06253956 -0.21418534
v -0.16618088 0.08140600 0.00536838
v 0.13483509 0.07876525 0.21833649
v 0.13790125 0.08196625 0.22185224
v 0.12541576 0.08391125 0.22222587
v 0.16078888 -0.04474863 -0.05881537
v -0.08590000 0.07990988 -0.22341344
v -0.16840000 0.12784353 0.05020906
v -0.04297100 -0.12711400 0.21338500
v -0.01821825 -0.12366850 0.21433625
v -0.16882637 0.12747596 0.01098509
v -0.16990501 0.12329800 0.06284850
v -0.01637463 -0.12752675 0.18874700
v -0.02087825 -0.12780274 0.19264001
v -0.01537650 -0.12888999 0.19360200
v -0.02376000 -0.12839700 0.20907401
v -0.06184541 0.12658216 -0.22252434
v -0.01518050 -0.12841150 0.20838501
v -0.02591566 -0.12724215 0.21289365
v -0.16663644 -0.01193125 -0.20690700
v 0.16492350 0.07956825 0.01177975
v -0.16753687 0.12846231 0.02800113
v 0.16278100 0.07981500 0.20465299
v -0.15984675 0.12899692 -0.02230450
v 0.16286784 0.08209831 0.21038741
v -0.17185649 0.08663250 -0.08168500
v 0.16092774 0.08540300 0.22149725
v -0.07157937 0.12565038 -0.22288950
v -0.17195199 0.08679200 -0.08011150
v -0.17181350 0.08613063 -0.08403025
v -0.00041813 -0.11833738 0.21456169
v -0.01362900 -0.12605700 0.21485201
v -0.17238650 0.08024225 -0.11025525
v -0.08478700 0.13137200 -0.21414700
v 0.03190503 -0.12424091 0.12353656
v 0.02732700 -0.12192850 0.12595500
v -0.12071031 0.07973797 -0.21709259
v -0.09063500 0.12974650 -0.18449450
v 0.15867881 -0.12662767 0.00564587
v 0.16048899 -0.12018600 0.02593100
v 0.06287582 -0.12573192 0.14300932
v 0.05776300 -0.12317529 0.14340383
v 0.02454800 -0.12251500 0.13378900
v 0.05483225 0.06265500 0.22342101
v -0.08869250 0.11503725 -0.22231551
v 0.15170443 0.01350156 0.21331006
v 0.15565537 0.03200769 0.21269338
v 0.15862399 0.02201800 0.21068349
v 0.15561621 -0.12787870 -0.09807661
v 0.15826119 -0.12670964 -0.05429408
v 0.08718711 -0.12342609 0.16448610
v 0.08181428 -0.12363289 0.15894078
v 0.06056925 -0.11601762 0.21417113
v 0.16108400 -0.03770600 0.10725900
v -0.12965900 0.12913600 -0.10962800
v -0.12510650 0.12915350 -0.11618200
v 0.05302416 -0.12720568 0.21253379
v 0.03916453 -0.12631173 0.21337175
v 0.16270000 -0.05298350 0.10309525
v 0.16201399 -0.04474500 0.12528600
v 0.06251275 -0.12266944 0.14967425
v -0.09072150 0.13013449 -0.20038700
v -0.08907250 0.06710128 0.21283360
v 0.16100600 -0.03625800 0.10784500
v -0.16616800 0.06036300 -0.14640699
v -0.17160399 0.08985200 -0.09287200
v 0.13015200 -0.12725100 0.07950500
v -0.09908775 0.08316325 -0.22360225
v 0.00811597 -0.12643884 0.21382095
v 0.07946194 -0.08376587 0.21368644
v -0.08938150 0.12983000 -0.18815824
v 0.00015538 -0.12887312 0.20326599
v 0.16231175 0.08458100 0.21906576
v -0.16491038 0.01321772 -0.21038841
v -0.17103501 0.08173300 0.18661299
v 0.02520500 -0.12193100 0.12439750
v -0.17157975 0.08132825 -0.07473275
v -0.10651013 0.08087650 -0.21426275
v -0.09458975 0.07942300 -0.22206900
v 0.01338725 -0.12187300 0.11881175
v -0.17206199 0.08153400 -0.05892300
v 0.16072500 -0.09331200 0.01553100
v -0.16534150 0.12804174 0.21725000
v 0.10839200 0.03150950 0.21248101
v 0.09689150 0.02174300 0.21394449
v -0.08324150 0.07303525 -0.22194324
v -0.17152300 0.09252000 -0.09220900
v 0.16059500 -0.11711800 0.02756900
v 0.16034800 0.05615050 0.11301600
v -0.06395350 0.08087100 -0.22361100
v 0.01034650 -0.12399300 0.09334750
v 0.15939100 0.08137100 0.15275601
v 0.15999162 0.08235675 0.15154612
v 0.16283225 0.07937875 0.14660650
v 0.15926901 0.08021400 0.13594100
v 0.15905949 0.07740075 0.13204700
v -0.08436475 0.04148200 -0.21482626
v -0.05971656 0.06773441 -0.21448119
v -0.05254000 0.08282475 -0.22357400
v -0.10421600 0.12915100 -0.13234900
v -0.16914831 0.12626649 0.13412613
v -0.17194100 0.10603000 0.08993400
v -0.17203300 0.10570450 0.09087250
v -0.08245500 0.13015249 -0.18665825
v 0.08666900 -0.12402300 0.17168900
v 0.12895299 -0.12305200 -0.21470000
v -0.01430450 0.12345488 -0.22047588
v -0.16688900 0.08130500 0.06501100
v -0.08767200 0.12967500 -0.18101799
v 0.09366000 -0.12665325 0.11400850
v -0.04140800 -0.12859100 0.20895700
v -0.00190656 -0.12200812 0.04740575
v -0.07378700 -0.12383600 0.21427201
v -0.05027250 0.05145150 -0.21351676
v -0.01924950 0.08146000 -0.22343150
v 0.15242891 0.13161810 0.16324881
v 0.15682144 0.13126719 0.15015550
v -0.16925000 0.06909400 0.08561550
v -0.17386600 0.06927000 0.09456800
v -0.03957450 0.06973650 -0.21031000
v -0.16293725 -0.08741375 -0.21106800
v -0.16613500 0.06193500 -0.13567100
v -0.16614807 0.07508506 0.08868507
v 0.07768350 0.08308200 0.22215800
v 0.05774153 -0.12740272 -0.14149156
v 0.06976575 -0.12762176 -0.15133312
v -0.17137000 0.08328050 0.14287101
v -0.00555652 0.07869420 -0.21965505
v 0.07657865 0.07844241 0.21792947
v 0.07875600 0.07738950 0.21188299
v -0.16623650 0.06322850 -0.14681751
v -0.16630501 0.06609400 -0.14722800
v -0.10947925 -0.12913300 0.18607062
v 0.09857562 -0.06251575 0.21360238
v -0.00246152 -0.12231553 -0.01394056
v -0.16484401 0.04672650 0.11498200
v -0.00753350 0.05766200 -0.21183001
v -0.04807650 0.07881225 -0.22133425
v -0.15960750 -0.11555850 -0.21361101
v 0.00610175 0.07289425 -0.20929512
v -0.00475800 0.06665600 -0.20707124
v -0.17257468 0.08151662 0.02435200
v 0.01027991 0.07090269 -0.20731713
v -0.12158000 0.06700600 -0.21355200
v 0.15456150 0.13172001 0.09452600
v 0.15759601 0.13119400 0.10145300
v 0.15757126 0.13108650 0.09835850
v -0.01641247 0.05176875 -0.21507415
v 0.03940275 0.06479000 0.21326774
v 0.03169900 0.05243650 0.21317950
v 0.02539200 0.05225875 0.21325225
v -0.16402000 0.04048450 0.11746950
v -0.00209739 -0.12255356 -0.05471895
v -0.12055400 0.12917100 -0.12273600
v 0.00036250 -0.12266550 -0.06685200
v 0.09619900 -0.12692550 0.11953000
v 0.15318300 0.13178900 0.09316300
v 0.15307245 0.13152444 0.07507463
v 0.15799053 0.13053373 0.07102568
v -0.12197800 0.12884299 -0.05855400
v 0.02464200 0.07353000 -0.20980000
v 0.03893250 0.08182800 -0.22319099
v 0.00182550 -0.12440450 -0.10532700
v 0.03353687 -0.12594250 -0.12735437
v 0.02781600 0.06129650 0.21215850
v 0.00826850 -0.12486500 -0.10499450
v 0.01179800 0.05197200 0.21326800
v -0.16514049 0.07649100 0.21833301
v -0.16537100 0.08281375 0.22177374
v 0.07383312 0.13117474 0.21764275
v 0.15757750 0.07951150 -0.18831199
v 0.16474199 0.08065600 -0.07613300
v 0.08542000 0.12503500 -0.22141600
v 0.16055700 -0.11335000 0.01994400
v 0.15969400 0.07740600 -0.07511400
v 0.01685700 0.06261650 -0.20976800
v 0.02420288 0.06961250 -0.20867263
v -0.15968999 0.07392000 0.21230800
v -0.14568025 0.07747509 0.22000356
v -0.16594800 0.06227200 -0.12571400
v 0.04461100 0.07121500 -0.22235399
v 0.04234800 0.06908900 -0.22200350
v 0.03589687 -0.12893969 -0.21224675
v 0.04578025 0.06369950 -0.22042575
v 0.00376195 0.08193190 0.22201595
v 0.02626200 0.07766500 0.21431650
v 0.01229550 0.06909200 0.20583799
v 0.01048700 0.06822100 0.20626500
v 0.16383649 0.09454500 -0.06383250
v -0.13415000 0.07991200 0.22188500
v -0.16657469 -0.11876106 -0.08895212
v -0.16903099 -0.12302700 -0.08709100
v 0.15595549 0.02353950 -0.21176200
v 0.05167127 0.12844190 0.22069618
v 0.03340259 0.12604782 0.22083472
v -0.01879200 0.13003500 0.07925200
v 0.16376001 0.08809000 -0.10231100
v -0.01332313 -0.12973313 -0.17945912
v 0.10861950 0.13178299 0.07936275
v 0.15451975 0.03666100 -0.21185374
v -0.00732500 -0.03265050 -0.21611699
v -0.00943900 -0.01924700 -0.21630301
v -0.02712481 0.06265828 0.21050003
v 0.12173669 0.12537900 -0.22063132
v -0.02940250 -0.12794200 -0.16246350
v -0.10719700 0.12931500 -0.15221301
v 0.15611725 0.04919050 -0.21173750
v 0.03090850 0.12994149 0.21360201
v 0.06992000 0.05056300 -0.21567699
v 0.06842700 0.05969800 -0.21739849
v 0.07133569 0.06917972 -0.21697700
v 0.07575850 0.07588950 -0.21290299
v 0.07630300 0.06880350 -0.21262249
v 0.15679049 0.05043800 -0.21135300
v 0.15608925 0.06142725 -0.21165501
v 0.15481050 0.04614500 -0.21187750
v -0.02805900 -0.12642200 -0.13857301
v -0.16529550 -0.03722200 0.12766550
v -0.16520850 -0.02996100 0.13684550
v -0.12660100 0.12902801 -0.08923500
v 0.15620956 0.06207225 -0.21165413
v -0.03611975 0.06297350 0.21266150
v -0.07814900 -0.12662469 -0.07679237
v 0.16055299 -0.10614400 0.01259600
v 0.07608453 -0.03162359 -0.21335861
v -0.06367700 0.09553800 0.22312699
v 0.00002100 0.12659000 0.22034250
v -0.00525852 0.12881523 0.21841204
v -0.16613600 0.06236550 -0.13817251
v -0.16646825 0.01051950 -0.17933375
v 0.16080850 0.11819025 -0.16616251
v 0.16048816 0.12246387 -0.17327984
v 0.07565900 0.00008100 -0.21422200
v -0.02512000 0.12497100 0.22082999
v -0.02516150 0.12766901 0.21999800
v -0.06656700 0.06658575 0.21714850
v -0.16726175 -0.12179375 0.07814925
v -0.16745225 -0.12334962 0.07512500
v -0.16741362 -0.12387013 0.07578637
v 0.15904656 -0.12599075 -0.02271187
v -0.16640556 -0.12568906 0.06495388
v -0.16655999 -0.12428700 0.06358550
v -0.17032249 0.11743150 -0.01260400
v 0.15639307 0.13032106 -0.17290063
v 0.15744027 0.13012680 -0.14327164
v 0.15908225 0.12855862 -0.17312725
v 0.15990131 0.12549175 -0.18754856
v -0.09086000 0.06294900 0.21171600
v -0.08585150 0.05914000 0.21210000
v -0.17093600 0.10802200 -0.02542900
v 0.12369900 0.08111832 -0.22179849
v 0.13107400 0.07859612 -0.21968751
v 0.11796293 0.07843731 -0.21913344
v 0.13684800 0.08315600 -0.22184899
v -0.16322351 -0.12954067 0.04340650
v 0.12105869 0.07872684 -0.21405594
v -0.16691706 0.12872863 -0.00735494
v 0.15880799 0.10458500 -0.22118001
v 0.15474901 0.10406600 -0.22112200
v 0.15855324 0.09788688 -0.22086138
v 0.14645500 0.07952116 -0.22068994
v -0.07307094 -0.12512256 -0.15245318
v 0.15506700 0.13018601 -0.20323300
v -0.08508600 0.07454100 0.22164500
v 0.04487600 -0.01493450 -0.21365850
v -0.16418850 -0.05726950 0.14826700
v -0.09128609 -0.12585132 -0.16345847
v 0.07995062 0.01072150 -0.21306773
v 0.11248300 0.08358800 -0.22236399
v -0.01659275 -0.09288794 -0.21665831
v 0.14516576 0.07642050 -0.21251237
v 0.14569706 0.07851456 -0.21440981
v 0.15847450 0.09709500 -0.22089775
v -0.09566100 0.12931000 -0.15400200
v 0.16087900 0.10020300 -0.21657600
v -0.06857600 0.06826400 0.21871300
v 0.15475050 0.13094950 -0.11383200
v 0.15072350 0.13097499 -0.13310900
v 0.14959300 0.13092700 -0.13713901
v -0.15923201 -0.06369800 0.21324000
v -0.05212250 0.07260625 0.21183924
v -0.05446575 0.07072900 0.21182300
v -0.12736000 0.12902500 -0.09506000
v -0.03434470 0.08026419 0.22174013
v -0.10818500 0.08203400 0.22230899
v 0.16171600 0.09984500 -0.17668200
v 0.16164400 0.10041750 -0.17948700
v -0.02906700 -0.12816700 -0.16559599
v -0.04107500 0.06720100 0.21324000
v -0.16866550 -0.12633900 -0.08303500
v -0.16869125 -0.12622650 -0.08276650
v -0.16664524 -0.12765224 -0.06485350
v 0.15948100 0.12460400 -0.08964900
v -0.03374900 -0.12842500 -0.17160700
v -0.01245800 -0.01018238 -0.21427312
v 0.15938300 0.12781000 -0.06516200
v 0.16053601 0.11469000 -0.09425400
v 0.15974049 0.12312650 -0.06736000
v 0.15976074 0.12281325 -0.06814900
v -0.13696700 0.07741425 0.21339200
v -0.15981506 -0.12966914 0.16275111
v -0.17207301 0.08556900 -0.04971300
v -0.01977200 -0.12385300 -0.11534750
v -0.12156466 0.12436788 0.22085197
v 0.03888200 0.07763300 -0.21724799
v 0.03393050 0.07572950 -0.21585150
v 0.16058999 0.11928000 -0.06295600
v -0.15829250 -0.12964050 0.20799425
v 0.16320001 0.09991600 -0.06043700
v 0.15666300 0.01437050 -0.21201700
v -0.16713175 -0.12696250 -0.18271400
v 0.16385469 0.08645818 0.18217431
v -0.10222900 0.12889600 -0.09781300
v -0.12505651 0.12900899 -0.08934500
v -0.17109300 0.08557600 0.16216099
v -0.07097394 0.10302325 -0.22286050
v 0.15992400 0.12170400 0.04971500
v -0.01063200 0.06782300 -0.20672075
v -0.01243500 0.06663750 -0.20724100
v -0.03927825 0.04869825 -0.21477024
v 0.02974150 0.05584000 0.21317799
v 0.02918700 0.05527775 0.21322425
v 0.03832000 0.06535350 0.21331750
v 0.16090503 -0.04048634 0.13258924
v 0.03061500 0.05428700 0.21339600
v -0.00627756 -0.12438843 -0.03558275
v -0.17134801 0.08341000 0.14593101
v 0.08725200 -0.12089650 -0.21466300
v -0.02278581 0.06898556 -0.20697252
v -0.03207475 0.05671175 -0.21278575
v -0.12908401 -0.12969100 0.19526900
v -0.03304950 0.06557450 -0.20950601
v -0.03119400 0.06501800 -0.20928299
v -0.03892575 0.06463125 -0.21231975
v 0.06484700 0.07618500 0.21237551
v -0.16586937 0.06368812 -0.10083163
v -0.16051275 0.01366325 -0.21429725
v -0.17363051 0.07524350 0.09645750
v 0.07289300 -0.12454600 0.17410000
v -0.16916786 0.12586381 0.16499682
v 0.15062825 0.03676300 -0.21172050
v -0.06741600 0.12969488 -0.17596963
v -0.13884063 0.03008837 -0.21430287
v 0.16550300 0.08346100 0.03745400
v -0.10605600 0.02364500 -0.21407001
v -0.11211500 0.12917300 -0.13087100
v -0.09791100 0.12918501 -0.13926400
v -0.05111150 0.06640350 -0.21394750
v -0.05465800 0.07222800 -0.21290500
v -0.17119969 0.07834494 0.03011581
v 0.13080922 0.12895535 0.21982789
v -0.05384775 0.08265625 -0.22363400
v 0.09929986 -0.12653694 -0.17464343
v 0.11102350 -0.12657812 -0.18563850
v -0.02817000 -0.12412512 0.12969625
v 0.15851587 0.13042125 0.21344900
v 0.15487650 0.13097399 0.21529575
v 0.15633750 0.13091500 0.21536650
v 0.14918800 -0.08403400 -0.21294001
v 0.15535396 -0.10127166 -0.21278137
v 0.11167718 -0.12867571 -0.17909904
v -0.16599700 0.05733100 -0.13348500
v 0.16550900 0.07820200 0.10982075
v -0.06766000 -0.12570800 -0.10072800
v -0.17069601 0.11135100 -0.01829400
v -0.04983250 -0.12688699 0.21353650
v 0.12968053 -0.12739646 -0.19552968
v 0.13877000 -0.12920851 -0.19670001
v -0.08299500 -0.12506475 -0.15596201
v 0.13595900 -0.00852025 0.21376075
v 0.16406099 0.08310200 -0.09661700
v 0.09709975 -0.12680125 0.11585425
v 0.15240724 -0.12852500 -0.20685706
v 0.15806550 -0.12139450 -0.19928600
v -0.07512100 0.12945400 -0.15510000
v 0.15982975 -0.05201488 -0.08358275
v 0.10913700 -0.12677000 0.07862700
v -0.05704350 0.12969600 -0.18966444
v 0.15788975 0.03408050 -0.20643875
v -0.16371939 -0.12809503 0.13144961
v 0.15835550 0.04024775 0.21040700
v 0.16081025 0.01734694 0.12595338
v 0.15522151 0.07846975 -0.21716875
v 0.15768917 -0.12651332 -0.11624123
v -0.16749676 0.00351025 -0.20093501
v 0.15848359 -0.12606449 -0.08842119
v 0.15936901 -0.12390000 -0.08063400
v -0.16591001 0.05678200 -0.12445200
v 0.16126449 0.02528700 0.19509099
v -0.17093401 0.10828800 -0.01551500
v -0.17061400 0.11172500 -0.01009100
v -0.17058200 0.11285050 -0.00255650
v -0.17068200 0.11144200 -0.00297800
v 0.12166056 -0.12706088 0.02553044
v -0.08323000 0.12929000 -0.15273400
v -0.09427800 0.12925000 -0.14665300
v -0.08390700 0.12916701 -0.14234100
v -0.17191243 0.08171725 -0.05871544
v -0.10933100 0.06002100 -0.21357900
v -0.16593713 0.02384425 -0.14871950
v -0.16587500 0.05696600 -0.12103200
v -0.17125399 0.10235700 -0.02609400
v 0.16471000 0.08383300 0.15549900
v 0.06273600 -0.12654600 0.19393900
v -0.11540200 0.12894300 -0.09391500
v 0.13975000 -0.11561100 -0.21441901
v 0.11728200 -0.12904499 -0.18065500
v 0.07244900 -0.12604301 0.11250700
v -0.17333101 0.08265200 0.09027300
v -0.04726600 0.06387300 -0.21480800
v -0.04537200 0.06993775 -0.21446100
v -0.17179300 0.08207200 0.11649600
v -0.16849481 0.12710375 0.20428881
v 0.14269100 0.12387300 0.22071800
v -0.17134200 0.10079500 -0.02126900
v -0.00191275 -0.12196019 0.02069900
v -0.17089100 0.10875700 0.00046800
v -0.17026301 0.11914900 0.01648200
v -0.05927075 -0.12723251 0.16875012
v 0.08904300 -0.12620699 0.08938300
v 0.06249000 0.07159200 0.21713200
v 0.06211888 0.07280038 0.21676837
v 0.00591600 0.06385000 -0.20867200
v -0.16690551 0.04311575 0.11088900
v -0.16441050 0.03398100 0.11495900
v -0.16450649 0.03456350 0.11481125
v -0.16386899 0.04024700 0.11867400
v 0.03167975 0.07806650 -0.21752650
v 0.02771000 0.07885500 -0.21571100
v -0.17046900 0.08023950 0.21349400
v -0.16909681 0.08208775 0.21950363
v 0.16447650 0.08794200 -0.05044350
v 0.15813337 -0.01064187 -0.20311338
v -0.15197000 0.12884700 0.02312600
v 0.01147800 0.06491900 -0.20872800
v -0.07659800 -0.05673100 0.21303549
v 0.04431600 0.07947900 -0.22291000
v 0.00170700 -0.12429525 -0.10571925
v 0.15199700 -0.00169000 -0.21172400
v -0.16617355 0.00378548 -0.16147476
v 0.06482363 0.12981625 0.22014487
v 0.04780825 -0.12427900 -0.21453963
v -0.17046200 0.11497900 0.01414000
v -0.17190200 0.09147200 -0.01996600
v -0.17202400 0.08979600 -0.01502500
v -0.00053150 0.06723750 0.20720574
v 0.15768300 0.03555900 -0.20290500
v -0.00744425 0.06904225 0.20556951
v -0.00191900 0.07034500 0.20523600
v -0.02442900 0.06766200 0.20695201
v 0.07674375 0.07640375 -0.21300200
v 0.04694400 0.03692750 -0.21385500
v -0.08461700 0.12895299 -0.11731100
v -0.03075238 0.07022931 0.20639956
v -0.04011400 0.06881250 0.21281099
v -0.06753625 -0.12952597 -0.21236892
v -0.07919503 -0.13000694 -0.21202332
v -0.06858200 -0.13053650 -0.21010099
v 0.16091999 0.00407325 0.19284050
v 0.16167501 0.08185300 -0.20744300
v -0.16492200 -0.12045400 0.09107500
v 0.15607950 0.11313950 -0.22071150
v -0.08364987 0.07034987 0.21976151
v -0.15919501 -0.04153350 0.21301550
v 0.13679101 0.08226000 -0.22171250
v 0.16192900 0.10238375 -0.20415699
v 0.16080600 -0.07979600 0.01497900
v 0.15430500 0.11240700 -0.22076200
v 0.15866350 0.10781625 -0.22099625
v 0.16082776 0.11014150 -0.21776700
v 0.16106850 0.10965050 -0.21541725
v -0.06299900 0.06184000 0.21356800
v -0.07386400 0.06284100 0.21381600
v -0.17095400 0.10815300 0.01518600
v -0.03909875 0.12801075 0.21917675
v 0.16051537 0.08621450 -0.22092587
v -0.03476425 -0.09768325 -0.21458700
v -0.17024849 0.11939825 0.02878300
v 0.01075125 0.12861250 0.21889775
v -0.03342075 0.07536100 0.21079025
v 0.10036300 -0.12653600 0.07980500
v -0.00522100 -0.12964524 -0.20055200
v 0.07993300 -0.12628050 0.11298150
v 0.07253100 -0.12593301 0.10456800
v -0.16394849 -0.12595867 0.17149548
v 0.15985200 0.01342000 0.20496400
v -0.16492715 -0.12975265 -0.09155045
v 0.04853700 0.05430300 -0.21717800
v 0.16104200 -0.04197450 0.09883650
v -0.16582100 0.04208000 -0.11470200
v -0.16585501 0.04573100 -0.11672550
v 0.16054700 -0.00078100 0.05864900
v -0.16569440 0.05675644 -0.04651100
v -0.13636000 -0.13096599 -0.19657400
v -0.12986650 -0.13008575 -0.21248625
v 0.15144750 -0.00937100 -0.21196701
v 0.15001775 -0.01052850 -0.21191899
v -0.17225100 0.08438300 -0.02518550
v -0.17055900 0.11324600 0.01883200
v -0.11547975 -0.12106050 0.21434875
v -0.16696826 0.04363662 0.11135987
v 0.15332299 0.13159101 0.11036800
v -0.16430099 0.07354700 0.11738800
v 0.05703963 -0.06834925 0.21334247
v -0.03361850 -0.12201238 0.12555800
v -0.07937300 0.12917399 -0.13833299
v -0.07698700 0.12927701 -0.14277101
v -0.00183137 -0.04909625 0.21303612
v -0.00390300 -0.04849925 0.21329349
v -0.11190200 0.12884800 -0.06764800
v 0.15033850 0.12562375 0.22057000
v -0.11423300 0.12880000 -0.01731200
v 0.16019200 0.08915375 -0.22068575
v -0.08226800 0.06059500 0.21265350
v 0.16078800 -0.05321400 0.01858000
v -0.05522150 0.07280900 -0.21295288
v 0.15759063 -0.12635994 -0.14682038
v 0.15487716 -0.12803720 -0.15435103
v -0.17262100 0.08223950 0.02140750
v -0.16545551 0.07738000 0.01339150
v 0.15222700 -0.12829800 -0.11674100
v -0.16723700 -0.02649100 -0.20358625
v -0.17020200 0.12008400 0.04658600
v 0.09673675 -0.02457284 0.21300338
v -0.08060800 0.12911500 -0.13398799
v -0.10825600 0.12880100 -0.05946600
v 0.05125300 -0.12632599 0.19067700
v -0.05016025 0.12919050 -0.14685175
v 0.09018100 -0.12617700 0.07648100
v -0.14977001 0.12880100 0.03805400
v 0.16089700 -0.03286200 0.10541000
v -0.07364100 0.12915400 -0.12617700
v -0.05979450 0.12953100 -0.14573251
v -0.08056300 0.12900800 -0.12790100
v -0.07368300 0.12938000 -0.14865400
v -0.16734201 0.12834349 0.07714400
v -0.16897950 0.12695950 0.06935250
v -0.16866951 0.12731263 0.07146350
v -0.05302175 0.12932426 -0.13766950
v -0.17032300 0.11838700 0.07371400
v -0.15896638 -0.02504713 -0.21474101
v -0.16550000 0.07931100 0.02310650
v 0.15213449 -0.12873538 -0.18919225
v -0.03905750 -0.12826151 0.21135776
v -0.03800925 -0.12847200 0.20775463
v 0.15999000 -0.09286650 -0.05219300
v -0.16572100 0.03482200 -0.11326300
v 0.00839900 0.08254150 -0.22343850
v 0.00810200 0.08317800 -0.22345300
v -0.16376619 0.07538056 0.16643703
v -0.17095301 0.08242700 0.19980900
v 0.16085599 -0.07106700 0.01793300
v -0.17049076 0.08455200 0.21395025
v -0.17030200 0.08469800 0.21545900
v 0.14731605 0.12637007 0.22049275
v -0.17050800 0.11366000 0.04720800
v -0.00494650 -0.12189075 0.02935475
v -0.00567475 -0.12462050 0.02039900
v 0.07855000 0.07635200 0.21181300
v 0.16528493 0.08319432 0.02925837
v -0.10005700 0.05750200 -0.21351101
v 0.04232300 -0.12375700 0.15780400
v -0.09306100 -0.12482600 0.16473299
v -0.15665500 -0.13028499 -0.09668800
v 0.04545400 -0.12670401 0.19410200
v 0.09226375 0.08214125 -0.22255950
v -0.08543600 0.12884100 -0.09957800
v 0.15183701 -0.05348800 -0.21189600
v -0.16577056 0.07662375 -0.01580000
v 0.09221375 0.13131601 0.20975649
v -0.13964500 0.12882701 0.01407000
v -0.00287900 -0.12311300 -0.08021100
v 0.16456200 0.08838000 -0.04936100
v -0.16566201 0.03587400 -0.10253600
v 0.15795200 0.02159300 -0.19173500
v 0.15811762 0.01701400 -0.20166688
v -0.16102315 -0.03533031 0.21254487
v 0.16069800 -0.08408400 0.00367800
v -0.00921200 0.12153000 0.22076200
v -0.16518925 -0.12583779 0.08310247
v -0.05885500 0.05952700 0.21242587
v -0.05998925 0.06084125 0.21280549
v -0.17033000 0.11871050 0.06297650
v -0.17027600 0.11983800 0.06544500
v -0.16241725 -0.12942366 0.12321468
v -0.15422587 -0.12978819 0.10738462
v -0.16478699 -0.11809900 0.10268000
v 0.15398701 0.07325450 -0.21217850
v 0.11370519 -0.00329962 0.21316206
v 0.02155800 -0.12713400 0.19615100
v -0.02262875 0.12933175 -0.19293649
v -0.07264000 0.12904400 -0.11140000
v -0.07846900 0.12891901 -0.11175900
v 0.16146663 0.11587425 -0.21166150
v 0.15184575 0.01322550 -0.21185400
v 0.15137599 0.01356050 -0.21178950
v 0.15835451 0.07644900 -0.09639050
v 0.08696200 -0.12599100 0.06208800
v 0.15674600 0.13109900 0.04141200
v 0.02792400 0.06268100 0.21154800
v 0.02010300 0.06458600 0.20936801
v 0.08098100 0.05732600 -0.21262300
v -0.16645075 -0.01906688 -0.18034637
v -0.12393006 -0.12692957 0.18460293
v 0.09170950 -0.12358600 -0.21470051
v 0.09411616 -0.12669137 -0.21414191
v 0.16506501 0.08650600 0.01801600
v 0.06475200 0.08203950 -0.22293800
v -0.17038400 0.11758300 0.06050800
v -0.17259400 0.08258500 0.03164200
v 0.12711662 0.02162025 0.21354988
v 0.14892100 0.13091899 0.21579900
v 0.13307799 -0.12809287 -0.06420025
v 0.16564500 0.08035575 0.10525800
v 0.16564301 0.08131750 0.10536100
v 0.16107400 -0.02065350 -0.05781900
v 0.07163800 -0.12562101 0.08880400
v 0.02242000 0.08243200 -0.22336650
v 0.01381919 0.07861231 -0.21955234
v -0.01126850 0.06640250 -0.20734450
v -0.09116100 0.12877899 -0.05011500
v -0.15917601 0.12871701 0.06379600
v -0.13141499 0.12880000 0.00560800
v -0.00509000 0.08259000 -0.22360800
v -0.00432650 -0.03751850 0.21257900
v -0.09906300 0.04982000 -0.21363300
v -0.16564400 0.03114800 -0.10403200
v -0.16565868 -0.00290706 -0.13245444
v -0.16542800 0.02582500 -0.08505000
v -0.15873100 0.12885900 0.08205800
v 0.09053200 -0.12599000 0.02811500
v 0.08182100 -0.12558800 0.01652000
v 0.02578400 -0.12463800 0.16419201
v -0.05354300 0.12942600 -0.13966000
v -0.07943800 0.12886401 -0.10392900
v -0.08920500 0.12885299 -0.09250000
v -0.09219700 0.12876500 -0.06397700
v -0.12466600 0.12876600 0.00329700
v 0.12555251 -0.12758274 -0.05107825
v -0.15408801 0.12866600 0.07580200
v -0.16545799 0.02465200 -0.09012900
v 0.16068700 -0.03774900 0.01960800
v -0.03462679 -0.13019094 -0.21001151
v 0.13808237 -0.12812713 -0.08269700
v -0.17043300 0.11741100 0.08206900
v 0.03768600 -0.12545300 0.17797600
v -0.13920499 0.08251100 0.22235000
v -0.14110801 0.08358550 0.22236550
v -0.13378550 0.08127750 0.22209850
v 0.05459700 -0.12518600 0.09315300
v -0.15501525 0.12893525 0.09986150
v 0.16070662 -0.00421837 0.08712525
v 0.13765299 0.13100600 0.21388900
v 0.06081800 0.07687300 0.22253001
v 0.16064601 -0.05966200 -0.00452600
v -0.16395006 -0.10585587 0.15240601
v 0.16169600 0.09039800 -0.20861501
v -0.10101600 0.01848500 -0.21413299
v -0.09310500 0.04911000 -0.21363500
v -0.08653600 0.05120800 -0.21396799
v -0.09955100 0.03633400 -0.21386500
v -0.09436100 0.04424300 -0.21375801
v -0.10012900 0.04271700 -0.21381800
v 0.15944424 0.12762788 0.05568438
v 0.01646500 0.05317975 0.21338774
v 0.08778000 -0.12593500 0.04931700
v -0.04976400 0.12902001 -0.11435800
v 0.15860026 0.01429859 -0.17251404
v 0.16442101 0.08129475 -0.08640650
v 0.16463099 0.08194100 -0.07582600
v 0.05639669 -0.12622240 -0.21433929
v -0.14997800 0.12899400 0.08428900
v 0.16015451 0.12485250 -0.05723000
v 0.16074800 -0.05859800 0.00433100
v 0.16082899 -0.06403200 0.01595200
v 0.10513400 -0.12487400 -0.21468800
v 0.13791700 0.13094451 0.21476300
v -0.01071800 -0.03607400 0.21258900
v -0.00396600 -0.03703500 0.21252200
v 0.15440500 0.08792500 -0.22135800
v -0.09000300 0.12878799 -0.03711700
v -0.16575301 -0.12205200 0.05613650
v 0.06503800 -0.12564801 0.10010100
v -0.06782700 0.07674800 0.22175650
v 0.14499401 -0.12794650 -0.20801149
v -0.10842200 0.12879901 -0.01156800
v 0.15825300 0.12009125 -0.22048350
v -0.08178800 0.10829900 0.22287700
v -0.08081650 0.10822525 0.22286326
v -0.16610999 -0.12617300 -0.05408000
v 0.14830700 0.04623400 0.21364200
v 0.06372100 -0.12524800 0.08234900
v 0.04579600 -0.12499600 0.10197400
v 0.15971525 0.03378631 0.16066612
v -0.09389400 0.12879100 -0.02527400
v -0.10140600 0.03024700 -0.21398801
v -0.15523750 0.12891750 0.10146600
v -0.16660012 -0.04114813 -0.18034481
v 0.15953475 -0.08889825 -0.08790200
v -0.01053600 0.08416000 -0.22346000
v 0.14679800 0.07153600 -0.21235700
v 0.00756838 -0.12619326 0.17892800
v 0.06437300 -0.12520300 0.07168200
v 0.05878700 -0.12514500 0.08823500
v 0.08369400 -0.12570199 0.03527000
v -0.16539800 0.01934100 -0.08361700
v -0.17203499 0.08432400 0.10896900
v 0.13050900 0.02947062 0.21343437
v -0.08508000 0.12875700 -0.04719200
v 0.07558700 -0.12546600 0.05018000
v -0.10946500 -0.00291000 -0.21437100
v 0.15992750 0.12623750 -0.05966850
v -0.14653400 0.12839399 0.11526800
v -0.09994200 0.12875900 -0.01727100
v -0.15507850 0.12872650 0.10846450
v -0.08620531 0.12875569 0.00895222
v 0.09631062 0.13052587 0.10899425
v 0.01681025 -0.12188300 0.11870375
v 0.01629000 -0.12188550 0.11883200
v 0.01312950 -0.12296650 0.11282750
v 0.15897900 -0.10008900 -0.11517500
v 0.08156700 -0.12563500 0.02253500
v 0.07635600 -0.12536000 0.01824800
v -0.11941100 -0.01095200 -0.21446501
v -0.04010500 0.12882800 -0.10153000
v -0.06602562 0.12877162 -0.06286775
v -0.09142300 0.02444500 -0.21399701
v 0.12534587 -0.12795575 -0.10794213
v -0.08895700 0.12880400 -0.02876100
v 0.16463800 0.09019600 0.07503600
v 0.16565600 0.08124800 0.09006900
v 0.14408450 0.12522499 0.22059400
v -0.01776025 -0.12301125 0.10393750
v -0.15841638 0.12835562 0.16097912
v 0.16526601 0.08440300 0.07537700
v 0.13158999 -0.11925300 -0.21468200
v 0.09694700 -0.12175200 -0.21471800
v 0.13309331 0.04932088 0.21336344
v -0.16469000 0.03185600 0.02695100
v 0.04925200 -0.12499700 0.09253700
v 0.05379100 -0.12495500 0.08790400
v 0.07010400 -0.12525600 0.05111500
v 0.05875750 0.07159900 0.21183801
v -0.10598400 0.00567800 -0.21425299
v 0.15864700 0.08104850 -0.17580050
v 0.07784500 -0.12549099 0.03689500
v 0.16058899 -0.04987700 -0.00892900
v -0.16679925 -0.05314075 -0.18297225
v 0.16038600 -0.01164400 0.01512300
v -0.16518188 0.01857919 -0.03909519
v -0.16533700 0.00688000 -0.07728800
v -0.00591803 -0.12938902 -0.21214509
v 0.02382050 -0.12415350 0.10327400
v -0.03049300 0.12890400 -0.11074500
v -0.12042913 -0.02374537 -0.21468487
v -0.04952800 0.12897000 -0.10297700
v -0.01440800 0.08518100 0.22220100
v -0.03825350 0.05772050 0.21335450
v 0.15750401 0.07861100 -0.18139650
v -0.13760725 0.12870994 0.10416350
v -0.01438200 -0.12612151 -0.21448475
v -0.10083300 0.01116700 -0.21418899
v -0.11921900 -0.00657500 -0.21441400
v -0.14694349 0.12842751 0.11421900
v -0.03499223 -0.12929541 -0.21252921
v -0.16581599 -0.03564947 -0.14049318
v -0.03116850 -0.12697449 -0.21418500
v -0.17106800 0.08074700 0.17345850
v -0.02883525 -0.12667044 -0.21433713
v -0.16533101 0.00878700 -0.07152900
v -0.03712300 -0.12486050 -0.21427600
v 0.13948525 0.13116100 -0.05938075
v -0.16065100 0.08221700 0.22202501
v -0.05916369 -0.12724693 -0.21384600
v -0.17045100 0.10631900 0.13802500
v -0.04999300 -0.12533700 -0.21421100
v -0.09217600 -0.00702400 -0.21435800
v -0.16369000 -0.06676600 0.14910001
v 0.06421900 -0.12495700 0.04686800
v -0.05481300 -0.12689500 -0.21398100
v 0.02004200 -0.12320800 0.14219600
v -0.06350400 -0.12886700 -0.21319200
v 0.15556601 0.12967050 -0.21208300
v 0.09849510 -0.12724747 -0.06124987
v 0.06660200 0.05874100 -0.21730550
v -0.11149856 -0.04713556 -0.21462443
v 0.16032299 -0.00812900 0.00507300
v -0.17032699 0.10827300 0.14528599
v 0.02569900 -0.12372700 0.15162501
v 0.09050000 -0.12653400 -0.04933900
v 0.03588225 -0.12445375 0.09573400
v 0.06218400 -0.12734450 -0.13009100
v -0.11349625 0.12862749 0.09356275
v 0.16034099 0.01372300 0.06746200
v 0.15924899 -0.08558100 -0.10750500
v 0.00047800 -0.04336100 0.21262001
v 0.15851656 -0.09321613 -0.16086450
v -0.16467300 0.05419700 0.04408300
v -0.10997150 -0.01648850 -0.21445400
v -0.11238800 -0.01655200 -0.21447200
v 0.03196050 -0.12428550 0.09768900
v 0.09157594 -0.12739688 -0.10966150
v 0.15900700 0.07283300 0.14096700
v -0.10382700 0.12884200 0.08122475
v 0.16037300 0.01291400 0.08084900
v 0.16033600 0.01407000 0.07849300
v 0.16040100 -0.03947800 -0.01666400
v 0.16029900 -0.03892200 -0.02684500
v 0.03103300 0.12980001 0.18286900
v -0.09071600 0.02104400 0.21199200
v -0.01738500 0.08804200 0.22215700
v -0.01832125 0.08720650 0.22218125
v 0.04624600 0.12988400 0.10039100
v -0.05567556 0.02645681 0.21203132
v 0.06452900 0.12997501 0.10868300
v 0.16035300 -0.05019900 -0.02963800
v 0.09009200 0.13074949 0.07908750
v -0.11896300 -0.01962400 0.21257301
v 0.05976000 0.13032100 0.16785599
v -0.00530400 0.09796000 0.22164400
v -0.14052100 -0.12924200 0.04927575
v -0.00726300 0.09201600 0.22191900
v 0.13787602 0.13118906 0.01948519
v 0.14639482 0.13127218 -0.03278400
v -0.00078100 0.11436400 0.22102900
v 0.16221975 0.09968525 -0.15298600
v 0.07102900 0.13014700 0.14732100
v -0.07336700 -0.12618800 -0.09568400
v 0.07921606 -0.04687091 -0.21356957
v 0.15839288 -0.09721462 -0.18913813
v -0.16489600 0.02754100 0.00467500
v 0.06071100 -0.09689600 -0.21449500
v -0.16474099 0.06576300 0.05252000
v 0.05400363 -0.05240481 -0.21402282
v 0.10024050 0.01295475 -0.21268563
v 0.02275472 -0.06618860 -0.21441440
v 0.00556900 -0.11171300 -0.21454000
v -0.16296825 -0.09396100 0.19824275
v 0.10919050 -0.02075838 -0.21283124
v -0.02973800 -0.12771700 -0.15933099
v -0.16325800 -0.07747000 0.18126300
v -0.16308200 -0.06919800 0.18956199
v 0.01377400 -0.10590900 -0.21457300
v -0.06782700 -0.12604900 -0.00622700
v -0.05665050 -0.12525050 -0.10087300
v -0.10274350 -0.12733775 0.00079975
v -0.10180800 -0.12719725 0.04302238
v 0.03043300 0.12967101 0.17233600
v -0.01355400 0.09851100 0.22169700
v -0.00856700 0.10495700 0.22138000
v -0.09171400 0.00855700 0.21211600
v 0.00465200 0.11934300 0.22080100
v -0.08664600 -0.12681501 -0.09529400
v 0.02970700 0.12947400 0.14795700
v 0.08493150 0.00181450 0.21248837
v 0.03790075 -0.02590000 0.21237150
v -0.08668200 0.00595200 0.21216799
v 0.13189401 0.00383450 -0.21253949
v 0.03980400 -0.12462200 0.09377900
v 0.16006450 0.11868450 -0.09758050
v -0.00493200 0.11966100 0.22080500
v 0.07502000 -0.12556601 -0.01779900
v -0.11658100 -0.01007500 0.21250200
v -0.11166600 -0.00359700 0.21242800
v 0.10222109 0.13027263 -0.06322826
v -0.04300800 -0.12894100 -0.17777300
v 0.05118475 -0.12416763 0.01724337
v -0.00356069 -0.09486281 -0.21476163
v -0.11237100 -0.03727600 0.21282400
v 0.04855500 0.13023300 0.18006800
v 0.16222499 0.09881000 -0.15130500
v 0.15944050 0.12578200 -0.08696400
v 0.01913800 0.12945700 0.16398300
v 0.16241349 0.09912600 -0.12925000
v 0.06685700 0.13015901 0.15512700
v 0.15949400 0.12564750 -0.07598150
v -0.11471650 -0.04792650 0.21303700
v -0.16528501 -0.00844500 -0.07270500
v -0.00050800 0.09059500 0.22198100
v 0.16189601 0.10179200 -0.18829200
v 0.16240899 0.10092500 -0.13438700
v 0.16239800 0.09520800 -0.13969851
v -0.02786500 -0.12712801 -0.14954400
v -0.02335100 0.10242300 0.22153699
v 0.06239600 0.13022600 0.07755600
v -0.10586700 0.00812100 0.21219800
v -0.10761300 0.00941500 0.21223199
v -0.10440900 0.00262300 0.21235099
v 0.05119600 0.12981001 0.10528900
v 0.08594772 0.13012163 -0.02449905
v -0.16330600 -0.06092900 0.18371800
v -0.08163100 0.00027900 0.21217500
v 0.16165200 0.09471600 -0.20158300
v -0.07227400 0.00817600 0.21211100
v 0.00352600 0.08555300 0.22216900
v 0.16248450 0.09702350 -0.12714350
v -0.06314400 0.05608450 0.21208550
v 0.07876500 0.13017400 0.02606700
v 0.10156150 0.13085200 -0.03637450
v 0.15025200 0.13104600 -0.11898700
v 0.16284400 0.09586900 -0.11626400
v 0.12529901 0.05429000 -0.21232000
v 0.16216625 0.10172300 -0.09738400
v -0.01781325 -0.12664250 0.17458551
v -0.16383199 -0.07337000 0.14063799
v -0.16339201 -0.07668000 0.17207700
v 0.01973250 -0.12216700 0.12704200
v -0.10654200 -0.03435500 0.21271899
v -0.09405200 0.02604100 0.21195801
v -0.07361800 -0.00445100 0.21225300
v 0.02383000 -0.10477700 -0.21453901
v 0.15794100 0.05439500 -0.15589400
v 0.07194000 -0.12653799 -0.07998200
v 0.15802100 0.03780700 -0.16497099
v 0.16258600 0.09485000 -0.12589800
v 0.10957462 0.13072713 -0.05781575
v 0.03309738 -0.04039600 -0.21403649
v -0.04817300 -0.12893400 -0.17616799
v -0.05406400 -0.12918900 -0.17824200
v -0.16470800 -0.10840000 0.10313100
v -0.12526600 0.12835500 0.11599100
v -0.13039500 0.12834400 0.11381800
v -0.13050926 -0.12814049 0.12759051
v 0.16169100 0.09976100 -0.20855001
v -0.02777900 0.10766400 0.22136100
v -0.01623100 0.11796500 0.22087801
v 0.04599500 0.13044600 0.19745600
v 0.07062400 0.13007399 0.03248800
v 0.05925500 0.13016950 0.07849950
v 0.05091400 0.12991700 0.07300000
v -0.11091281 -0.12804894 -0.07631362
v 0.16034700 0.00825200 0.05091200
v 0.16045199 0.00806500 0.07372500
v -0.16643400 -0.06101100 -0.17948601
v -0.04285600 -0.12541901 -0.04545900
v -0.16333100 -0.06999700 0.17124300
v 0.13945974 0.01250675 -0.21203825
v -0.08165800 -0.12636000 0.02457800
v 0.06619200 0.13004500 0.03957900
v -0.12007156 -0.07464138 0.21349488
v -0.03592500 0.10392500 0.22159000
v -0.04189000 0.10138000 0.22172999
v -0.11297300 0.01585400 0.21210501
v 0.04771200 0.12994599 0.09498900
v 0.05611400 0.13011301 0.07944300
v 0.04703100 0.12998500 0.07739000
v 0.05512600 0.13007399 0.07651900
v 0.07794900 0.13026400 0.14852101
v -0.16452900 0.07185800 0.07447000
v -0.06169700 -0.13052100 -0.20384400
v -0.17109300 0.09230300 0.12807600
v 0.05441100 0.13048300 0.18326700
v -0.11301250 -0.12796988 0.06652813
v 0.01525500 0.09670900 0.22170700
v 0.16243701 0.10066400 -0.10957700
v -0.16352700 -0.07181800 0.16464800
v -0.16358750 -0.07114750 0.16045401
v -0.16427150 -0.09442600 0.11749650
v -0.02332025 -0.12448600 -0.12079600
v 0.15419750 0.03049050 -0.21184900
v -0.01703100 -0.12615199 -0.13882600
v -0.04175100 -0.12542200 -0.03257600
v 0.16306999 0.09546600 -0.11077200
v 0.16314849 0.09490950 -0.11023350
v 0.16255599 0.09815100 -0.09707250
v 0.02952900 -0.11031200 -0.21456900
v 0.04892500 -0.10400300 -0.21456601
v -0.09426800 -0.12711400 -0.09623900
v -0.10222700 -0.00969600 -0.21437900
v 0.05946900 0.13052399 0.18037900
v -0.09445000 -0.12676001 -0.10958700
v 0.03369200 0.09157100 0.22190000
v 0.09012300 0.13036500 0.11951000
v 0.09804600 0.13052499 0.12376400
v 0.06770300 0.13031100 0.16979100
v -0.16409600 -0.08719400 0.12951700
v -0.01170406 -0.08230987 0.21371463
v -0.16326900 -0.04520500 0.19076499
v 0.01692300 -0.12243600 0.12895100
v -0.02567100 0.12102800 0.22079200
v 0.08633600 0.04256100 -0.21273801
v -0.09371900 0.03439500 0.21200000
v -0.03393300 0.11059800 0.22125500
v 0.10453600 0.13022199 -0.08884000
v -0.04165900 0.12883300 -0.08592600
v 0.07140200 0.13002400 0.01889900
v -0.11083750 -0.12796700 -0.09485350
v 0.12779599 0.13057600 -0.12576200
v 0.07682987 0.13101238 0.19411875
v -0.01323356 0.01861062 0.21179025
v -0.16364799 -0.07047700 0.15626000
v -0.16346300 -0.06013800 0.17549101
v -0.16444950 -0.09161525 0.08872975
v -0.16403800 -0.07914400 0.12951399
v -0.16566201 -0.12238600 0.05417700
v 0.15788500 0.05966500 -0.14925601
v 0.02063794 -0.01866337 -0.21391925
v -0.09323900 -0.12689900 -0.10121700
v -0.16375349 -0.05210125 0.14811775
v -0.16535500 -0.11644600 0.05399600
v 0.16319799 0.09511500 -0.10614300
v -0.03019000 0.12044300 0.22083101
v -0.16456001 0.06739300 0.07112600
v -0.16465500 0.06597000 0.06346200
v 0.01500500 0.12931600 0.15585800
v 0.04238400 0.12996900 0.08959600
v 0.08260550 -0.06684450 -0.21396776
v 0.03198669 -0.12329575 0.03301975
v -0.15465100 -0.13040613 -0.07050400
v 0.00062962 -0.05891450 -0.21444838
v 0.08259422 0.13032809 -0.04305762
v -0.16995899 0.11506600 0.18098199
v -0.10311000 -0.12713000 -0.11408000
v -0.17014100 0.10995900 0.16285101
v -0.06830600 -0.12919401 -0.17341299
v -0.17042699 0.10402200 0.15069801
v -0.16519600 -0.11353000 0.04801500
v -0.16331500 -0.03912300 0.18529600
v -0.16467300 0.06046700 0.05181600
v 0.01826300 0.08729900 0.22210900
v 0.08835300 0.13034400 0.13072801
v -0.05028200 0.10415100 0.22171900
v 0.05108900 0.12989201 0.06462200
v 0.05521800 0.12987600 0.04582500
v -0.09913300 0.03225400 0.21199000
v -0.10456900 -0.04532700 0.21290600
v -0.07399713 0.08419331 0.22274400
v 0.00664500 0.12914000 0.14076400
v -0.02031550 -0.12360900 -0.11400950
v 0.11236700 0.07014300 -0.21241300
v 0.07759300 -0.12579200 -0.02974700
v -0.06675100 -0.12998800 -0.18970300
v 0.16047899 0.11785200 -0.03081500
v 0.03017600 0.12957300 -0.18097749
v 0.16287500 0.10131500 -0.05662000
v -0.13054700 0.02725300 0.21223800
v -0.09520100 0.04993400 0.21191700
v -0.10614800 0.02587900 0.21203600
v -0.01363213 -0.04910069 -0.21458200
v 0.10199400 0.13059001 0.12483800
v 0.10852762 -0.04557800 -0.21315987
v 0.13705800 0.13048200 -0.17447101
v 0.10700700 0.07163800 -0.21251400
v 0.09570600 0.05195200 -0.21257401
v -0.05001500 -0.12329550 -0.21427450
v 0.16008399 0.12078300 -0.02495100
v -0.08749681 0.12866187 0.07306178
v 0.07845325 -0.09242562 -0.21439525
v -0.02666800 -0.12488700 -0.08072500
v 0.02639025 -0.12648563 -0.16081688
v -0.04242500 -0.12541100 0.00362300
v -0.09902700 -0.05154100 0.21314800
v -0.05852000 0.10298200 0.22188900
v 0.11828500 0.13093200 0.11112400
v 0.15934457 -0.05274963 -0.10609056
v -0.05349100 -0.12368400 -0.21428400
v -0.05784000 -0.01786700 0.21232300
v -0.07929300 -0.04523400 0.21285300
v 0.15814599 0.05413500 -0.13094600
v 0.13820100 -0.01174200 -0.21223301
v 0.16014400 0.01607900 0.03593700
v 0.16041200 0.11846650 -0.01901600
v -0.07868647 -0.12595150 0.10145006
v -0.04849200 0.11567500 0.22113100
v -0.04264200 0.10704500 0.22145900
v -0.16495600 0.02049900 -0.00896500
v -0.16499799 0.01588000 -0.01574900
v -0.16524801 -0.00681900 -0.06350800
v -0.17206600 0.08160700 0.11202800
v 0.10594200 0.13065501 0.12591200
v -0.03611800 -0.09842000 -0.21457300
v 0.15914859 -0.06373475 -0.12966298
v -0.17040899 0.10512000 0.15775500
v 0.04006700 0.08837700 0.22222701
v -0.03802700 -0.12539300 -0.02323100
v -0.16310900 -0.02999700 0.18338200
v -0.16314200 -0.01770700 0.18687500
v 0.15822899 0.05917800 -0.10644300
v -0.09558900 0.05735400 0.21184400
v -0.03368200 0.12891100 0.17481300
v -0.03605200 -0.12844799 0.20568800
v -0.06494200 -0.12562200 0.04884200
v 0.14248300 0.13052700 -0.17600600
v 0.14754450 0.13031700 -0.18992600
v 0.14703500 0.13036700 -0.18678300
v -0.04876500 -0.10565300 -0.21451500
v 0.09937775 0.09612050 -0.22234724
v -0.12616099 -0.12873399 -0.09466300
v 0.04435900 -0.11298700 -0.21452899
v -0.00420250 -0.12372700 0.13202050
v -0.05557600 0.10778200 0.22160500
v -0.10288200 -0.01421900 -0.21438800
v 0.08352300 -0.12619901 -0.04191600
v 0.12429300 -0.03614400 -0.21263300
v 0.11359300 0.13036799 -0.10612800
v 0.04627200 0.12963000 0.00912700
v 0.09560900 0.06744200 -0.21250600
v 0.04559744 0.01102200 -0.21349075
v -0.05772300 -0.12578601 0.00028000
v 0.13807519 0.12059450 -0.22059743
v -0.04328100 -0.10033000 -0.21457800
v -0.11650600 -0.12762199 -0.13136800
v -0.10655100 -0.12707201 -0.12701100
v 0.12499100 0.13108900 0.11081400
v -0.09464163 -0.12622225 0.11264875
v 0.15823101 0.07057000 -0.09841800
v 0.05797500 -0.10812000 -0.21457399
v 0.14979300 -0.00284500 -0.21175499
v 0.13822301 -0.01764800 -0.21199000
v 0.08008200 0.04762900 -0.21274300
v 0.15416799 0.12978999 -0.21156199
v 0.16259600 0.09723500 0.20962900
v -0.16610400 -0.06115175 -0.15270101
v 0.16377600 0.09687100 -0.04010400
v 0.16165949 0.10952600 0.20142350
v 0.16038901 0.11848300 -0.00223800
v -0.02067700 -0.12493000 -0.07071600
v 0.16158900 0.11060600 -0.00900900
v -0.09763600 -0.06740200 0.21347800
v -0.02879700 -0.00585400 0.21205799
v -0.04053600 -0.08822900 -0.21463600
v -0.16506200 0.00617700 -0.03031300
v 0.15810250 0.02082200 -0.18273900
v 0.15809999 0.04999400 -0.14725100
v 0.15822400 0.05484800 -0.11803300
v -0.16447701 0.06112000 0.06855800
v 0.06354700 -0.09976800 -0.21456200
v -0.02807400 -0.12512100 -0.05190900
v 0.16042601 0.11832800 0.00940000
v -0.16515400 -0.08968300 0.02260800
v -0.06810300 -0.12578300 0.04209100
v -0.06818400 -0.12593099 0.05466600
v -0.10003800 -0.07954400 0.21353801
v -0.10483100 -0.06956500 0.21350500
v -0.09718700 -0.07674400 0.21378000
v -0.09843900 0.08860000 0.22262500
v 0.06580325 0.12967426 -0.07248675
v 0.11863350 -0.08545125 -0.21380299
v -0.16550200 -0.10129200 -0.00822000
v 0.00883800 0.12917601 -0.12931600
v -0.01789600 0.12895399 -0.11404700
v 0.14858800 -0.01168600 -0.21187100
v -0.02342900 0.12877400 0.14415100
v -0.05776328 0.12881178 0.02462313
v 0.14609399 0.12985900 -0.20584700
v 0.09055500 0.13000900 -0.09562900
v -0.02002900 -0.12599100 0.16426501
v -0.07264800 -0.08298000 -0.21462800
v 0.01022900 -0.12192900 0.11754800
v -0.09282500 -0.13089000 -0.20331299
v -0.16329600 -0.01864600 0.16752601
v 0.15838400 0.01945100 -0.14889300
v 0.15826599 0.04772400 -0.11210200
v -0.16567500 -0.11440950 -0.01526850
v -0.16572900 -0.11906200 -0.01741200
v 0.14560699 -0.01937600 -0.21179400
v 0.07350550 -0.10234600 -0.21453400
v -0.06598200 -0.12565900 0.04780550
v -0.03009400 0.12880699 0.15653700
v 0.14785901 0.13171101 0.10401600
v 0.14805400 0.13026699 -0.19306900
v 0.06469100 0.04670400 -0.21518800
v 0.05294100 0.03841400 -0.21397600
v -0.10490700 -0.13023600 -0.18329901
v -0.08240000 -0.13078700 -0.20361100
v 0.15838850 0.00738200 -0.18358925
v -0.16452000 -0.04384900 0.05837550
v 0.15827300 0.05985400 -0.10006700
v 0.12994300 -0.05198000 -0.21272901
v 0.16450700 0.09039300 -0.01957300
v 0.16010450 0.12046250 0.02933500
v -0.06773700 -0.12589949 0.05356950
v -0.04799100 -0.08860500 -0.21465100
v -0.16443799 0.06279900 0.07789650
v -0.16442700 0.06165600 0.07485800
v 0.16432901 0.09198900 -0.04105700
v -0.16478600 0.02079200 0.00767700
v 0.13992099 0.13137899 0.11267200
v -0.16466001 0.03926700 0.03832000
v 0.11597600 0.13090000 0.12686899
v -0.04382500 -0.01497700 0.21222401
v -0.16508301 -0.09505300 0.03750300
v 0.15876625 0.01386037 -0.10886975
v 0.15816800 0.02240600 -0.16603400
v 0.02705700 -0.12509499 -0.09538900
v 0.16233750 0.10595600 0.00027150
v 0.16193201 0.10856200 0.00070500
v 0.16073850 0.11663700 0.02324100
v 0.16034400 0.11915000 0.02394200
v -0.17048100 0.10164500 0.16348501
v -0.17019799 0.10875300 0.17562100
v 0.02335100 0.12927900 -0.01959400
v 0.10520662 0.13034825 -0.18394075
v -0.06816600 -0.12573200 0.06497650
v 0.14332201 0.09917000 0.22202700
v 0.11925900 0.13094801 0.13461401
v 0.12117300 0.13100500 0.14552000
v -0.16333100 -0.00265700 0.16897500
v 0.13648900 0.13133501 0.12468300
v 0.03130000 0.04078900 0.21182700
v 0.03374050 0.10562275 -0.22162175
v -0.09518050 -0.08176300 0.21358900
v 0.15858901 0.05959400 -0.07579100
v 0.15845700 0.05175800 -0.10543500
v -0.13014112 0.06126662 0.21200962
v -0.09417900 0.10219700 0.22236900
v -0.06382300 -0.07757900 -0.21464001
v 0.16274300 0.10335000 -0.00016200
v 0.16022000 0.11991600 0.04347100
v -0.03849075 -0.12470569 0.06639725
v -0.06927900 -0.12575249 0.06905300
v -0.01806075 -0.08743200 0.21356012
v -0.14268900 -0.12926599 -0.14950100
v -0.16332000 0.02275800 0.17488299
v 0.12960701 0.13116300 0.12484200
v -0.16338401 -0.01488400 0.15626900
v 0.11509225 0.13104001 0.17882137
v 0.16188800 0.10871600 0.01095400
v 0.07709600 0.12993000 -0.12746200
v -0.02007800 0.12888201 0.10762500
v 0.15865700 0.04985600 -0.08455700
v 0.05075200 0.03753050 -0.21391450
v -0.13273600 -0.12846801 -0.16640601
v -0.13408700 -0.12885800 -0.11821400
v 0.16460100 0.08948500 -0.02150700
v 0.16431150 0.09230550 -0.00941500
v -0.16514900 -0.08385300 0.01566500
v -0.02271400 -0.04556700 0.21268100
v 0.12790900 0.13116901 0.14237501
v -0.09098500 -0.10611000 0.21407700
v -0.12962000 0.12858525 0.20813175
v -0.03413187 -0.05253000 -0.21466762
v 0.03806900 0.02374300 0.21179700
v -0.10477300 0.09421200 0.22254200
v 0.16134900 0.11245900 0.20051301
v -0.09232250 0.10753650 0.22223850
v -0.09335900 0.10676000 0.22222100
v 0.07939000 -0.10819300 -0.21460800
v 0.07444100 -0.11359700 -0.21463200
v 0.01893250 -0.12526250 -0.10696700
v 0.01821700 -0.12519699 -0.10522000
v -0.16579743 -0.05572930 -0.11701108
v 0.16441201 0.09083200 -0.02658900
v 0.16009000 0.12061500 0.05265900
v 0.06221200 0.05398000 -0.21635300
v 0.15844800 0.05213000 -0.09901300
v 0.04532500 0.03720800 -0.21385700
v 0.08014900 0.12987000 -0.10414100
v 0.16040650 0.04329425 0.08907025
v -0.13423900 -0.12881900 -0.12722901
v -0.16519099 -0.08130900 0.01021600
v -0.16544600 -0.09558100 -0.01314700
v 0.16201600 0.10834300 0.02298100
v -0.07103300 -0.12559600 0.08438900
v -0.06884500 -0.12542500 0.09283200
v -0.16518800 -0.00873500 -0.05299300
v -0.08641000 -0.09787300 0.21388900
v -0.08727275 0.11879025 0.22211926
v 0.16009000 -0.03512800 -0.04451700
v -0.06155000 0.12923899 0.19200800
v 0.16004699 -0.02356000 -0.03783000
v -0.16499799 0.00497900 -0.02059600
v -0.04545600 0.12881000 0.17183600
v 0.02438300 0.12930299 -0.01161800
v -0.16458499 0.02256300 0.02797100
v -0.16402724 0.02486637 0.08173887
v -0.02941775 -0.03590300 -0.21479863
v -0.14161301 -0.12932301 -0.11956400
v -0.13770001 -0.12895399 -0.13959700
v -0.17007600 0.11255300 0.19262600
v 0.15883362 0.00743881 -0.12881638
v -0.16337100 -0.00587000 0.15948500
v -0.16554500 -0.09818000 -0.02042500
v 0.15186200 0.11305600 0.22133601
v 0.14756601 -0.04901300 -0.21202500
v -0.17114700 0.08625500 0.15367401
v -0.16444901 0.06394200 0.08093500
v 0.16013101 0.12023100 0.05834000
v -0.07137600 0.12953401 0.20015700
v -0.07566900 0.00268600 -0.21422000
v -0.06073750 0.12913901 0.18993400
v -0.05830700 0.12881200 0.17815299
v -0.02367200 0.12930800 0.09781800
v -0.10902800 -0.13104001 -0.20387401
v 0.15000200 0.13159350 0.11169350
v 0.14836399 0.13158800 0.11058600
v 0.12596101 0.13112301 0.15444200
v -0.05825600 -0.08330300 -0.21467100
v 0.05814800 0.05657600 -0.21717000
v -0.16390738 -0.01652288 0.10658725
v -0.02952500 -0.01684500 0.21222800
v -0.16325399 0.00503200 0.16964900
v -0.16436523 -0.02269444 0.05665681
v 0.15893100 0.04786700 -0.06551700
v -0.16529100 -0.08304300 0.00035100
v 0.16413000 0.09374200 -0.00624900
v -0.10199100 0.10733300 0.22211599
v 0.16436900 0.09229500 0.00828400
v 0.16420300 0.09326900 0.00205400
v 0.16447400 0.09180600 0.01381400
v 0.16119801 0.11356600 0.05031300
v -0.15689801 -0.13022301 -0.11042600
v -0.07098100 -0.05823700 -0.21466400
v 0.05627800 0.05538750 -0.21696600
v -0.00930700 -0.00306600 0.21204300
v -0.02099900 -0.00907700 0.21206500
v 0.15283750 0.13163200 0.10931200
v -0.16550000 -0.09167000 -0.02054000
v -0.16535200 -0.08731500 -0.00590400
v 0.04582100 0.04640800 0.21175200
v 0.14765900 0.13158500 0.15473799
v -0.12948200 0.12830600 0.13246100
v 0.15910600 -0.01017550 -0.12886775
v 0.15898401 0.05150100 -0.05326700
v 0.07042200 -0.12577149 -0.04771375
v 0.02874386 -0.12417664 -0.05382753
v -0.05912862 0.12854400 0.14709625
v -0.02365072 0.12896875 0.03521441
v 0.08507500 -0.11866900 -0.21461600
v 0.16451800 0.09115650 0.00967100
v 0.13817400 -0.04757900 -0.21231399
v 0.04873925 0.12960032 -0.08177184
v -0.12018300 -0.13095701 -0.19475301
v -0.01926769 0.00239625 -0.21398582
v -0.16674450 -0.10600337 -0.17976418
v -0.16525200 -0.07589100 0.00052700
v 0.16098049 0.04723350 0.09537800
v -0.16433100 0.05434500 0.07613200
v 0.01771200 0.12923700 -0.02611700
v 0.16145000 0.11193200 0.06260000
v 0.16457050 0.09091200 0.01243600
v 0.16095801 0.11556200 0.06642700
v -0.16334750 0.02629600 0.17519450
v -0.16509201 -0.06540900 0.00718400
v 0.15999000 -0.02007900 -0.04470300
v 0.15873399 -0.07608131 -0.16637194
v -0.16466799 0.02381900 0.02011600
v -0.07890500 0.12946400 0.19964400
v -0.12411900 0.08433100 0.22251400
v 0.14227501 0.13144299 0.15947500
v 0.01681600 0.12917700 -0.02177500
v -0.04415800 -0.02621600 -0.21465699
v -0.06503900 -0.04443000 -0.21453901
v -0.12842900 -0.12813400 -0.17712700
v -0.13265450 -0.10660500 -0.21420576
v -0.16349199 0.03597600 0.17547800
v -0.09438825 -0.12895375 0.19518425
v -0.16518176 -0.03603375 -0.05594675
v 0.13581200 0.13135400 0.15535100
v 0.01529100 0.12912799 -0.06032800
v -0.07317387 0.12897199 0.17727350
v -0.00045900 -0.05017200 0.21291500
v 0.15866210 -0.02467212 -0.15132128
v 0.15913878 0.06431241 0.00945419
v -0.13051000 -0.06737600 -0.21455801
v -0.00939500 0.12899999 -0.11269400
v 0.16236000 0.10634000 0.06465400
v -0.06466119 0.12879388 0.10175750
v 0.14255901 0.13146000 0.17491800
v -0.07641700 0.12920301 0.19182301
v -0.06647888 0.12889788 0.14559275
v -0.06213237 -0.08593512 0.21367550
v -0.12682700 -0.13108800 -0.19461000
v 0.06564800 0.12974100 -0.12127300
v 0.14524300 -0.06630800 -0.21249899
v -0.16599700 -0.09646700 -0.06602300
v 0.16320500 0.10081700 0.06904600
v 0.16459399 0.09131300 0.04673800
v 0.03041100 -0.12488600 -0.08460000
v 0.04776200 -0.12565701 -0.07828400
v 0.14013700 0.13127699 0.20062999
v 0.05392100 0.06273900 0.21172400
v 0.10435800 0.10363800 0.22199300
v 0.03750600 0.03450500 0.21179000
v -0.16470650 0.02278250 0.01744400
v 0.10365100 0.08851600 0.22240999
v -0.16488400 -0.02090600 -0.00345300
v 0.16207200 0.10849300 0.07826800
v 0.15857875 -0.04635044 -0.18155737
v -0.16512600 -0.05933400 -0.00329100
v 0.06662400 -0.12629800 -0.08389700
v 0.15197951 -0.05543900 -0.21189700
v 0.16270000 0.10367400 0.05607900
v 0.16363400 0.09780300 0.05911200
v -0.08613200 0.12926400 0.18972699
v 0.15994900 -0.02222900 -0.04966500
v -0.04589500 -0.12440400 0.10137900
v -0.17048199 0.10021900 0.18839601
v -0.01313950 -0.02191500 0.21222150
v 0.05642200 0.12981699 -0.13403100
v -0.16494299 -0.01108100 -0.01702300
v 0.06120200 0.05037500 0.21173801
v -0.07992500 -0.07929500 -0.21456800
v 0.04638600 0.00097900 0.21208100
v -0.16348100 0.04016400 0.16901700
v -0.16412237 -0.00536937 0.08511100
v 0.15926500 0.03108000 -0.05081100
v 0.05582800 0.02511600 0.21192800
v -0.16650294 -0.11041497 -0.14164791
v 0.09546850 -0.12290000 -0.21470450
v 0.14373600 -0.07728300 -0.21282300
v -0.08770025 0.12922050 0.18821250
v -0.14232700 0.10222894 0.22185312
v 0.13427550 0.08931750 0.22241201
v -0.06962538 0.12850775 0.12222788
v 0.15212201 -0.05739000 -0.21189800
v 0.16433400 0.09284150 0.05520900
v -0.07414425 -0.03019450 -0.21459775
v -0.06000300 -0.03632000 -0.21466300
v 0.16159500 0.10916000 0.18663800
v -0.01527500 -0.03040600 0.21236800
v 0.15039700 0.13165750 0.16295651
v -0.09597800 0.12842099 0.15470400
v -0.14301100 0.08466000 0.22238100
v -0.02652388 0.12887256 0.00296906
v 0.16463999 0.09054300 0.06575300
v 0.16465800 0.09047700 0.05476500
v 0.02730600 0.12921301 -0.09225700
v 0.05187600 0.07809500 -0.22287650
v -0.11633000 0.12832700 0.13059700
v -0.09773900 0.12838399 0.14605500
v -0.07444500 -0.06864700 -0.21464901
v 0.15995000 0.12025500 0.11649000
v 0.15984900 0.12106800 0.11865600
v 0.08024400 0.06618800 0.21170300
v 0.13399900 0.13107000 0.21161000
v -0.16502599 -0.05142400 -0.00543300
v 0.05257400 0.05548300 0.21170799
v 0.07450500 -0.12592500 -0.04707300
v 0.06991300 -0.12576200 -0.04870700
v 0.04137600 -0.12539899 -0.08404300
v 0.01447700 0.12922500 -0.03083900
v 0.04717000 0.13015699 -0.15940601
v 0.06280200 -0.12613900 -0.06470600
v 0.16513300 0.08645900 0.05059000
v 0.16494600 0.08858600 0.06028600
v -0.16635904 -0.08395065 -0.15305050
v 0.16302000 0.10283250 0.08010300
v -0.16576150 -0.06890050 -0.09340269
v -0.09668100 0.12871000 0.17724100
v -0.14977799 0.08194300 0.22206900
v 0.16003500 -0.01143100 -0.03000200
v 0.15956719 0.05245294 0.05119815
v -0.16464201 0.03359000 0.03292800
v 0.15970901 0.03623700 0.01654300
v -0.17126700 0.08229900 0.15531901
v 0.15946200 0.02843100 -0.03619800
v -0.07128400 -0.04925700 -0.21457900
v 0.04961850 0.08041700 -0.22296150
v -0.04617700 -0.02295500 -0.21448050
v -0.07501000 -0.11453900 0.21422900
v 0.16036700 0.11721700 0.12767699
v -0.16380300 0.04661500 0.13468900
v -0.16360100 0.04795900 0.16597700
v 0.13359199 0.09187100 0.22236700
v 0.01796900 -0.00445300 0.21204500
v 0.07022250 -0.12643600 -0.06226900
v -0.15006600 0.08761300 0.22205900
v -0.04940000 -0.01654500 -0.21438800
v 0.04881300 0.08261900 -0.22303399
v 0.04190500 -0.12542300 -0.08066900
v -0.05310200 -0.02638900 -0.21452799
v -0.16495501 -0.04350100 -0.00117600
v 0.16348900 0.09454100 0.14982601
v 0.16444901 0.09318200 0.08290450
v 0.16291200 0.09790300 0.17197651
v 0.16279174 0.09879275 0.17184751
v 0.11710500 0.10468600 0.22184700
v -0.14836800 0.09170500 0.22211599
v 0.04581400 0.12968400 -0.13812099
v 0.05750000 -0.12531801 -0.04935200
v 0.05247800 -0.12581800 -0.08387100
v 0.16439800 0.09345300 0.08183200
v 0.05935100 0.04449600 0.21185800
v 0.07011300 0.04923500 0.21178800
v 0.03888800 0.00173300 0.21204400
v 0.07565100 0.05645000 0.21171600
v 0.04700200 0.01136500 0.21200199
v 0.02869000 0.12932099 -0.12167500
v 0.06589625 0.13033751 -0.18521100
v 0.15905499 -0.03091700 -0.13801301
v -0.06809400 -0.04016400 -0.21468700
v 0.13580599 -0.10669400 -0.21413399
v 0.16237199 0.10333600 0.12680000
v -0.12348500 0.12853301 0.18104400
v 0.16111700 0.11432700 0.19519500
v -0.16492300 -0.00274900 -0.01236700
v 0.03575900 0.12964600 -0.14255300
v 0.04177100 0.12971900 -0.14428601
v -0.06158400 -0.03289700 -0.21461700
v 0.14319700 -0.08841400 -0.21322399
v -0.16363300 0.04990400 0.15404700
v -0.17076500 0.08952100 0.18468900
v -0.16385800 0.04502600 0.12108200
v 0.15977800 0.02879800 0.01188400
v 0.16195901 0.10599900 0.13203099
v 0.12153150 0.10423650 0.22189900
v 0.05962837 0.13067225 -0.19685175
v 0.04917000 0.11588450 -0.22131801
v 0.03896300 0.12972151 -0.14615650
v 0.15982901 0.02324000 0.00466500
v 0.05921500 -0.12610100 -0.07738400
v 0.13656799 -0.10109200 -0.21391800
v -0.16388001 0.06042600 0.14212200
v 0.12649100 0.08975500 0.22243799
v 0.12512299 0.08523300 0.22235300
v -0.07390300 -0.00178800 -0.21429400
v 0.11658900 0.09572800 0.22227500
v 0.15970400 0.01529900 -0.03378600
v -0.05424500 -0.01020100 -0.21448100
v 0.02869000 -0.00729900 0.21216100
v 0.16164400 0.10809800 0.14815700
v 0.02099100 0.12916601 -0.10034800
v 0.03615500 0.12972400 -0.14802700
v -0.16385201 0.04918900 0.12735499
v 0.05523600 -0.12555800 -0.05523200
v 0.16360900 0.09393750 0.13988650
v 0.03138500 0.12941401 -0.13754600
v 0.04764575 0.13003856 -0.18548419
v 0.03513300 -0.00380100 0.21213099
v 0.14020000 -0.10334600 -0.21383500
v 0.16559049 0.08281100 0.08986000
v -0.16381399 0.05148900 0.13358100
v -0.16510700 -0.00859900 -0.04208500
v -0.16410001 0.06750250 0.12871200
v 0.16230001 0.10315700 0.14463800
v 0.16083050 0.11429600 0.17345899
v 0.16083901 0.11408850 0.17085449
v 0.15995800 -0.00876300 -0.03941600
v 0.16093400 0.11342600 0.17206401
v -0.06147700 -0.00847500 -0.21432400
v 0.16004600 0.01299700 0.00206500
v 0.11687300 0.08962700 0.22242300
v 0.02966100 0.12942600 -0.14291599
v -0.17047150 0.09862400 0.20038199
v -0.17043100 0.09891400 0.19639000
v 0.05700800 -0.12566499 -0.05944800
v 0.15978099 0.01454400 -0.02454300
v 0.15973900 0.03696900 0.02352200
v 0.06640800 -0.12632500 -0.07842200
v 0.16377901 0.09364500 0.12845699
v 0.16387750 0.09265450 0.12976350
v 0.16150001 0.10888600 0.16224501
v 0.13742800 0.09951100 0.22209400
v 0.16066900 0.11624100 0.17986199
v 0.14920300 0.11996300 0.22109900
v 0.16562200 0.07831100 0.10043600
v -0.16390599 0.05536600 0.12591000
v 0.06580200 -0.12618200 -0.07060500
v 0.16372550 0.09309275 0.13799150
v 0.12595800 0.10378700 0.22195099
v 0.12727500 0.09659900 0.22220901
v 0.16106100 0.11383700 0.18664500
v 0.16386400 0.09236100 0.13274050
v -0.17062300 0.09102900 0.20219199
v 0.07063400 -0.12646601 -0.06323500
v 0.15992600 0.00209000 -0.02617900
v 0.15991899 0.02540400 0.02431900
v 0.15985000 -0.00918400 -0.04981800
v 0.15995701 0.02518000 0.03165600
v 0.16393200 0.09143800 0.13778199
f 3 10 2
f 721 10 3
f 1283 311 32
f 58 287 167
f 38 37 39
f 115 22 8
f 341 75 174
f 61 62 1926
f 392 278 272
f 104 798 900
f 83 84 1718
f 426 995 139
f 548 261 13
f 115 383 479
f 102 101 1043
f 133 146 455
f 391 133 147
f 165 164 440
f 855 392 387
f 855 776 392
f 1159 1160 1118
f 1159 1118 1228
f 1010 66 50
f 1010 50 159
f 720 711 960
f 960 1483 967
f 357 12 831
f 867 83 532
f 1119 99 357
f 476 702 692
f 713 776 855
f 2039 239 2364
f 1088 898 674
f 692 702 1578
f 702 474 1578
f 170 254 251
f 898 1088 1278
f 231 192 240
f 288 681 286
f 288 286 284
f 1285 1111 772
f 1140 897 785
f 295 121 296
f 1326 461 1476
f 477 1471 1716
f 733 1437 1140
f 48 310 1940
f 715 1111 905
f 1565 1302 1458
f 1207 703 1104
f 1565 1458 1459
f 343 342 1305
f 957 358 361
f 1976 1649 1959
f 801 355 356
f 699 474 1567
f 1657 1897 2350
f 755 397 395
f 211 213 801
f 196 425 1045
f 451 452 457
f 1104 463 763
f 1714 1565 1647
f 1003 1004 798
f 456 484 805
f 1145 1476 461
f 1788 1682 1978
f 1682 159 1928
f 2227 1572 1014
f 1290 515 1288
f 2531 203 204
f 2531 204 193
f 532 3076 1484
f 1635 1652 2086
f 328 542 224
f 1771 560 793
f 1412 561 1154
f 566 564 1400
f 1397 566 1400
f 573 620 571
f 581 1244 580
f 1837 599 600
f 491 1802 449
f 1635 1115 995
f 607 605 178
f 1370 1371 1345
f 1297 498 1927
f 498 1476 1927
f 631 629 552
f 2705 637 2250
f 2086 1293 1635
f 1947 1825 715
f 2742 649 1727
f 309 301 769
f 1476 1726 1927
f 204 194 193
f 1627 893 1898
f 44 1275 930
f 615 351 215
f 1973 1825 1947
f 1974 1825 1973
f 1975 442 1825
f 1599 1210 893
f 676 675 440
f 3 682 1180
f 1884 1611 446
f 1666 496 2290
f 691 457 452
f 1919 1297 1925
f 66 47 50
f 707 708 492
f 1924 1686 1957
f 679 706 2281
f 1648 486 714
f 1620 1977 1957
f 1978 1929 1979
f 1929 1682 2035
f 666 742 1561
f 31 2531 1217
f 308 769 640
f 688 424 339
f 2097 2224 1567
f 1895 1987 1896
f 812 607 1266
f 602 1847 1105
f 199 830 197
f 2033 833 2679
f 2033 2679 1795
f 567 838 1778
f 1291 1919 1925
f 1628 1629 2193
f 1148 625 737
f 1292 1919 1291
f 1925 1927 1291
f 24 8 22
f 9 47 13
f 652 539 630
f 2114 2088 2107
f 697 458 1971
f 737 502 1148
f 2035 1895 2218
f 927 1091 403
f 2119 2118 1590
f 2914 936 935
f 2086 1716 2106
f 1433 969 864
f 964 173 1961
f 778 290 1452
f 2287 2213 2063
f 930 1275 663
f 1926 2950 61
f 61 2950 3017
f 997 990 1587
f 993 630 924
f 2153 2205 2094
f 1198 1194 697
f 1641 475 692
f 520 742 511
f 2134 2237 2256
f 1960 1924 2110
f 1616 716 675
f 1025 1023 1611
f 462 1171 1194
f 2230 3051 3023
f 224 542 1414
f 78 997 1609
f 2794 1592 1041
f 418 1048 1189
f 1526 528 2969
f 2958 1058 1706
f 2097 2256 2224
f 199 1060 1532
f 973 1063 2826
f 2020 940 553
f 945 972 1073
f 636 2644 628
f 628 2644 2628
f 553 1076 2541
f 1461 651 1737
f 2189 1083 1926
f 210 850 401
f 955 1090 1335
f 1057 739 306
f 2242 2241 666
f 1831 1101 1100
f 2045 2266 1846
f 101 726 1203
f 1766 1122 89
f 83 526 859
f 455 456 1030
f 1964 1194 691
f 163 1132 154
f 1661 111 891
f 660 268 652
f 2324 2287 2292
f 2287 2324 2361
f 2133 2012 2135
f 1329 110 885
f 2287 2361 2328
f 413 1137 1444
f 1290 2123 737
f 2123 1290 1288
f 1147 1679 518
f 1290 737 1291
f 1589 111 1661
f 66 901 645
f 664 2192 1289
f 1120 1170 118
f 808 1056 807
f 621 358 957
f 2256 2329 2224
f 849 1781 570
f 1175 2644 636
f 1767 1261 858
f 2273 709 2320
f 457 1185 451
f 457 2234 1185
f 1045 2831 1185
f 311 312 32
f 753 306 49
f 36 54 38
f 39 36 38
f 60 57 507
f 444 443 1605
f 20 16 81
f 2236 768 302
f 2068 1001 1201
f 2295 2297 1569
f 129 125 128
f 103 135 90
f 1265 142 141
f 351 615 790
f 813 805 484
f 153 152 151
f 1209 163 162
f 2110 2249 2307
f 1790 1213 1215
f 108 501 107
f 1559 1271 1703
f 1224 1093 1094
f 524 1288 515
f 2306 2337 1290
f 1291 2306 1290
f 833 1240 2612
f 1845 2693 2727
f 977 295 294
f 2074 2376 2234
f 238 833 827
f 2360 1107 1245
f 1286 31 15
f 2266 812 1846
f 2477 2339 1767
f 182 106 260
f 1257 576 794
f 1235 1444 3080
f 1260 2017 2005
f 2224 2331 2514
f 1701 1274 525
f 37 1096 51
f 1939 2259 2194
f 2222 2254 2386
f 1922 1282 1683
f 471 1300 1038
f 2337 2368 1290
f 515 1290 2368
f 9 13 8
f 1327 1323 1757
f 1068 1070 1307
f 1310 1311 1308
f 663 1308 929
f 85 277 1322
f 1206 1305 342
f 1316 1314 1305
f 515 1142 524
f 1612 1315 344
f 2444 2613 2214
f 550 1035 298
f 1053 1336 1348
f 1337 254 1532
f 349 1342 1239
f 1344 1345 1347
f 1347 1336 1344
f 622 584 1349
f 2284 2672 2363
f 2551 2326 2359
f 2514 2331 2643
f 1359 1106 1342
f 238 827 1366
f 1366 1367 238
f 1367 1355 1835
f 207 1061 258
f 1376 1368 1369
f 78 2777 997
f 1760 609 227
f 2309 518 521
f 1370 1408 1371
f 1389 363 360
f 2601 2415 2380
f 2601 2586 2415
f 576 1348 1885
f 2585 2531 1286
f 2697 2694 1894
f 829 360 372
f 636 628 1403
f 2301 2731 1581
f 1382 151 1407
f 514 1505 1922
f 1995 1276 1922
f 983 1412 248
f 980 1353 1078
f 109 724 102
f 1251 367 1792
f 1125 841 1141
f 1137 2173 2616
f 372 247 1882
f 1890 1883 966
f 1890 968 1883
f 968 1890 153
f 1273 2289 2651
f 370 153 151
f 239 241 544
f 985 367 1251
f 1421 144 161
f 2183 1425 1426
f 143 142 1395
f 1956 739 2412
f 578 1236 792
f 1293 2438 2378
f 1263 1425 975
f 2368 1142 515
f 1446 1444 549
f 1141 1121 1125
f 778 1452 1453
f 303 94 2015
f 681 386 286
f 2761 2380 3026
f 2968 2917 2841
f 2841 437 2968
f 2848 2380 2761
f 29 1321 1062
f 2852 2594 2773
f 1505 514 2852
f 1135 1466 384
f 274 288 284
f 276 288 274
f 2337 2674 1040
f 535 1472 1469
f 394 2135 1475
f 643 1468 1462
f 303 1057 396
f 1474 394 1475
f 2848 2761 2847
f 536 1507 1482
f 1484 867 532
f 2708 2586 2848
f 2369 3024 3139
f 766 1497 1498
f 2937 1267 1142
f 2368 2937 1142
f 1486 1703 1488
f 1901 399 1000
f 3060 2437 2980
f 915 823 1552
f 42 307 59
f 1514 307 1515
f 2993 409 2207
f 2959 2649 3069
f 1523 1916 1912
f 1493 1492 752
f 1526 1098 1527
f 11 2093 3128
f 725 724 1103
f 1695 1510 1535
f 1482 1011 317
f 1525 405 416
f 1269 1271 1142
f 1552 1525 1550
f 3136 3143 1574
f 1574 1573 3136
f 428 1511 986
f 428 516 1511
f 1137 2616 531
f 1190 1558 1560
f 726 724 725
f 1558 1189 1560
f 68 419 421
f 1487 1271 1268
f 1268 1271 1269
f 431 1575 987
f 1268 1721 1487
f 3087 3134 3090
f 3087 3090 3115
f 335 2233 910
f 1531 2810 2559
f 3139 3083 3114
f 3139 3120 3083
f 2783 1039 3081
f 402 1563 1942
f 3069 2973 2959
f 1294 1604 1590
f 892 1594 1593
f 1938 420 1528
f 1595 1597 1596
f 1322 60 2132
f 1020 1209 162
f 163 1209 122
f 1719 399 2202
f 968 153 370
f 1721 1488 1487
f 892 719 442
f 613 1092 1266
f 690 444 1605
f 1530 2259 1939
f 771 210 646
f 1659 1663 1608
f 445 913 690
f 1534 676 1610
f 342 1315 1206
f 1614 1613 1041
f 1512 1616 676
f 51 2312 1279
f 1744 1134 2131
f 1205 714 156
f 899 498 500
f 899 1150 498
f 1457 455 1399
f 1024 904 483
f 1150 899 454
f 1161 1030 456
f 1161 456 459
f 3093 3058 3038
f 876 727 991
f 1504 1503 1556
f 813 289 218
f 2973 2930 3045
f 579 230 321
f 734 2765 1047
f 700 458 1001
f 338 1001 458
f 1002 1629 1628
f 3080 1444 1137
f 1631 1632 340
f 3101 3080 1137
f 1228 1306 1159
f 2980 3057 3056
f 3056 2956 2980
f 473 373 253
f 1157 1167 1642
f 2927 1268 1267
f 1641 692 1578
f 118 216 1120
f 477 1012 1191
f 3084 2952 3054
f 1167 480 468
f 282 281 1006
f 139 55 6
f 35 138 21
f 63 321 230
f 3080 3101 3015
f 217 454 1024
f 2317 2998 2312
f 2998 2317 1313
f 1414 1078 224
f 482 459 799
f 1463 1496 1935
f 2918 1057 2961
f 187 197 830
f 1374 1319 645
f 187 185 832
f 106 832 185
f 489 1145 1304
f 1512 1537 1616
f 894 504 500
f 3034 870 397
f 991 897 490
f 415 757 870
f 991 490 1619
f 1650 1156 1438
f 1613 1614 1651
f 1601 998 1614
f 2900 2726 567
f 504 894 907
f 2005 1758 632
f 3058 2815 3038
f 1661 490 1156
f 1660 890 1017
f 1661 1650 1589
f 1131 890 1660
f 1020 162 1181
f 528 1526 2687
f 3029 1047 2979
f 445 690 1605
f 490 1661 891
f 2991 3064 2990
f 2974 3010 3056
f 1589 1668 111
f 2151 925 296
f 923 925 2151
f 293 294 923
f 925 923 294
f 1026 293 923
f 1026 499 293
f 499 1026 501
f 3033 2944 2839
f 3033 2839 2812
f 1673 1184 988
f 1673 435 1184
f 3029 2979 2896
f 503 1674 1103
f 433 331 330
f 1677 1678 1283
f 740 430 671
f 1577 427 1568
f 1570 1571 1516
f 509 1536 516
f 3020 2312 2960
f 1569 1568 1139
f 3052 3000 2972
f 307 42 43
f 42 1511 43
f 1506 1694 1186
f 752 405 1493
f 1524 1493 405
f 1546 1702 1915
f 1544 752 404
f 93 1700 1705
f 400 1701 523
f 2922 2931 2941
f 1463 1935 1708
f 2933 2995 2984
f 2885 3004 3030
f 795 507 802
f 56 1709 873
f 2730 2937 2975
f 1493 1524 1491
f 1707 1746 1708
f 2904 3000 375
f 764 530 527
f 571 1254 2932
f 1712 1917 2325
f 802 507 56
f 1913 1504 1715
f 656 921 646
f 1058 2958 2955
f 1322 277 1230
f 274 273 292
f 1486 660 993
f 1486 993 1485
f 533 1492 1493
f 1492 533 1722
f 1723 1136 1260
f 1260 1136 1725
f 537 1707 2374
f 1729 1477 535
f 1472 535 1477
f 1444 1482 413
f 532 1718 1734
f 650 1731 1467
f 389 1467 1733
f 1381 1052 769
f 2879 248 1886
f 951 2077 1247
f 951 1247 1255
f 1260 1725 2017
f 1745 864 1463
f 1463 1746 1745
f 975 1747 1182
f 2182 1436 541
f 2182 541 2247
f 2857 2751 2903
f 1748 1745 537
f 1263 975 1182
f 328 226 386
f 1750 386 226
f 543 774 1750
f 362 2816 2879
f 545 1752 127
f 1307 1324 639
f 2802 2987 2725
f 1750 227 1417
f 1761 1750 1417
f 2826 2914 2912
f 2912 2939 2826
f 558 559 583
f 2190 931 1250
f 2873 2763 2971
f 1220 1415 126
f 777 1415 1768
f 1396 142 1768
f 161 144 1395
f 567 1778 984
f 2942 561 2920
f 2861 2920 561
f 161 1395 258
f 2893 2868 2760
f 1424 1393 1391
f 1419 1393 1424
f 2687 2645 528
f 352 1405 1404
f 2828 2803 2765
f 2946 2972 2719
f 2294 1376 1065
f 2873 2888 2702
f 1378 1793 1794
f 982 236 1366
f 1786 1246 234
f 69 77 1460
f 620 2904 1254
f 580 1800 1801
f 581 580 1801
f 2896 639 1196
f 1350 1368 1349
f 622 1349 1875
f 979 1357 1358
f 2443 592 2161
f 2765 2786 2828
f 1227 1813 961
f 1166 1814 614
f 594 815 1863
f 818 1819 1231
f 1827 1828 220
f 2866 1255 842
f 1255 2866 2905
f 821 1645 229
f 229 2045 821
f 1044 2872 2875
f 1829 212 220
f 247 372 360
f 1442 2015 94
f 303 1455 94
f 238 1838 596
f 1740 849 1739
f 626 2832 2850
f 597 1834 1854
f 1854 1853 597
f 2791 2835 2753
f 285 211 821
f 2835 636 2771
f 211 1830 1645
f 1841 1855 2262
f 874 1842 534
f 605 607 812
f 2820 2821 2739
f 233 234 1246
f 961 1813 1814
f 610 585 611
f 612 1827 1090
f 1362 1339 1364
f 1862 192 198
f 2825 1460 2696
f 2825 2696 2752
f 1863 815 186
f 2758 1460 775
f 2751 2720 2623
f 2719 2904 1158
f 605 181 178
f 581 1241 2872
f 2873 2702 2763
f 825 800 826
f 1389 356 355
f 1263 1182 1264
f 617 613 1871
f 1238 239 2927
f 983 1357 979
f 2905 2866 2746
f 1874 845 1872
f 1369 1368 1350
f 1804 1785 206
f 1780 586 963
f 2833 2877 2721
f 1878 1880 1375
f 1883 837 2167
f 551 379 1430
f 1432 1430 1431
f 1052 299 300
f 791 948 631
f 2780 2733 2796
f 627 1431 379
f 628 1404 1403
f 1208 157 322
f 1888 1033 862
f 1381 299 1052
f 1444 1235 549
f 1395 144 143
f 1892 2021 2177
f 564 566 382
f 1075 861 1066
f 143 144 141
f 989 1893 924
f 2677 2775 2801
f 2751 2623 2676
f 277 82 214
f 1325 345 775
f 291 1325 1328
f 2765 2641 2707
f 82 208 297
f 639 291 1196
f 2365 233 1042
f 2734 2496 2706
f 1230 214 57
f 1911 1136 1900
f 1907 1467 1731
f 2681 2633 2713
f 1384 1359 1342
f 1729 535 1741
f 2253 1910 2188
f 1523 1912 919
f 919 1902 1523
f 405 1525 1710
f 1710 1524 405
f 2732 842 2747
f 2746 2732 2614
f 71 72 74
f 73 765 72
f 523 401 400
f 523 872 401
f 2702 1173 2639
f 659 395 1500
f 1238 2730 2668
f 2519 2178 2690
f 1311 2142 62
f 62 1308 1311
f 522 395 1481
f 395 522 754
f 2652 2636 2299
f 1689 1579 1507
f 2405 2181 1405
f 838 2802 2610
f 569 2632 969
f 434 1559 1013
f 846 1419 1429
f 2725 2610 2802
f 1932 1330 421
f 1568 335 1577
f 1538 1516 1515
f 1694 1280 1560
f 2678 2568 2472
f 1560 1186 1694
f 406 2315 667
f 1527 1556 1937
f 49 739 1563
f 2634 2608 2459
f 1045 423 669
f 669 196 1045
f 311 918 670
f 611 585 2635
f 311 1193 918
f 610 611 2646
f 2584 610 2646
f 974 1846 2609
f 1604 1593 1590
f 2691 2421 368
f 1948 1592 1554
f 11 736 2093
f 826 2540 1245
f 673 675 716
f 2676 2623 2421
f 165 440 675
f 1610 676 1599
f 1816 610 2584
f 893 1610 1599
f 2414 2416 2411
f 441 343 1314
f 1305 1314 343
f 1942 2 10
f 1836 1851 2669
f 1563 64 2
f 644 643 1036
f 833 238 1240
f 1537 717 716
f 1537 716 1616
f 1955 3 1180
f 1955 1180 2125
f 266 87 180
f 1950 1955 2125
f 685 686 906
f 1211 880 677
f 150 1029 149
f 2038 2356 228
f 2578 184 179
f 2578 195 184
f 149 1029 1031
f 2623 1807 2421
f 1894 443 444
f 608 96 733
f 1391 1390 1424
f 249 55 139
f 373 249 253
f 463 341 593
f 1104 703 463
f 1069 1237 2059
f 465 474 702
f 1720 744 741
f 747 216 259
f 818 2582 2577
f 1966 911 1968
f 332 1724 1932
f 2457 2401 2557
f 132 1008 219
f 1971 458 700
f 473 995 1640
f 1830 2619 2607
f 1640 1639 473
f 1003 798 1639
f 1968 1969 1300
f 1632 1968 1300
f 1300 1969 1038
f 475 480 472
f 1641 1636 480
f 1624 1623 1634
f 699 1636 470
f 2473 2560 2574
f 2614 2501 2597
f 1008 1164 188
f 1822 340 1632
f 106 185 260
f 1828 961 1814
f 2558 2576 2540
f 472 701 1642
f 2558 2487 2576
f 253 995 473
f 1582 1621 1228
f 2266 2045 606
f 572 447 318
f 540 134 171
f 2404 2461 2402
f 2404 2339 2477
f 1390 1391 2340
f 2524 2523 2647
f 2523 2565 2647
f 1804 1391 1785
f 26 40 9
f 9 40 47
f 1857 1050 816
f 2478 2464 2463
f 693 554 579
f 1031 693 579
f 1111 579 772
f 1607 492 708
f 708 710 1607
f 704 67 709
f 1411 1410 1111
f 1410 150 149
f 1619 1017 450
f 294 293 977
f 2475 2506 2048
f 1233 816 1232
f 729 295 977
f 222 2162 1821
f 70 109 76
f 1016 907 1919
f 2512 2529 2467
f 504 907 1656
f 1602 904 1656
f 904 1602 1967
f 2527 2526 2395
f 1587 1586 997
f 2440 2421 2417
f 2461 2407 2402
f 2343 2351 1234
f 1234 926 1248
f 2392 2491 2525
f 1132 119 117
f 121 1132 163
f 2392 962 2491
f 1361 2434 582
f 1814 1249 614
f 329 890 1131
f 430 740 1284
f 738 1668 1214
f 1283 1193 311
f 2267 1949 1936
f 1214 1668 1672
f 41 1688 10
f 1938 327 420
f 1234 1248 2343
f 1942 1941 402
f 1943 1989 922
f 694 744 1720
f 882 745 2098
f 1095 493 2421
f 516 1536 307
f 2343 1248 177
f 2432 2407 2443
f 1248 1069 2450
f 15 746 1286
f 2405 2406 2472
f 1361 1809 2434
f 190 871 189
f 922 1707 1943
f 2420 256 2424
f 1708 1943 1707
f 352 350 2447
f 914 752 1993
f 1528 754 1529
f 1787 1876 2225
f 2225 2334 784
f 2225 836 1787
f 1188 754 668
f 1227 1226 1249
f 1531 410 1521
f 1227 1223 1226
f 383 96 608
f 2400 2446 2445
f 2414 2425 2418
f 48 1081 1933
f 1080 1996 1933
f 336 1629 1002
f 1036 1139 1995
f 1995 1505 1036
f 1703 1271 1487
f 214 297 57
f 1009 1703 1486
f 1717 928 1998
f 1715 1504 2001
f 761 1059 1517
f 2405 2480 359
f 997 448 1609
f 334 73 654
f 1221 177 1248
f 2419 1248 2450
f 624 1226 1223
f 956 955 1335
f 1727 649 1728
f 2169 2238 2502
f 1079 1735 1737
f 2459 2451 2400
f 1249 1813 1227
f 1494 2150 1455
f 586 2225 2064
f 352 2447 2354
f 650 1452 1731
f 2008 2006 771
f 1734 3076 532
f 652 630 993
f 633 878 863
f 2500 2448 2422
f 2010 2011 878
f 223 2011 2010
f 2340 1804 2037
f 2521 2512 359
f 328 386 681
f 1750 1456 386
f 326 279 328
f 2354 2498 2406
f 1759 1725 1743
f 1069 1248 926
f 291 773 1321
f 1455 1441 94
f 1441 1455 381
f 1441 382 94
f 777 290 641
f 1221 2419 2425
f 784 2064 2225
f 291 639 1325
f 775 345 2014
f 1725 1759 550
f 862 1035 1440
f 2513 965 1805
f 2435 965 1049
f 1946 2410 2435
f 1758 298 632
f 298 1758 550
f 380 781 556
f 797 1390 1224
f 1035 862 1033
f 2507 2524 817
f 1443 153 1890
f 1443 1890 1450
f 626 1432 1431
f 377 634 379
f 1333 2168 1883
f 2067 952 1962
f 2340 1391 1804
f 1454 655 976
f 1429 1770 2028
f 1221 2425 2024
f 2417 493 1850
f 1773 843 1774
f 843 1872 1774
f 1394 1393 1419
f 598 1860 1859
f 1221 2024 177
f 555 556 557
f 202 177 166
f 2550 2435 1049
f 2580 2435 2550
f 2435 2580 1946
f 1393 1785 1391
f 2032 1393 1394
f 982 2033 236
f 1352 1413 1353
f 2508 2565 2507
f 2523 2507 2565
f 828 591 1783
f 2238 2558 2540
f 1866 1220 1767
f 2461 2404 2477
f 2238 2540 2502
f 2334 202 166
f 2497 2456 2483
f 2483 957 361
f 2168 2505 966
f 781 557 556
f 2168 966 1883
f 206 2037 1804
f 2040 842 2039
f 1415 1220 1219
f 808 1805 1056
f 2401 2452 2552
f 600 244 349
f 821 211 1645
f 812 1219 1866
f 183 180 179
f 812 1266 1219
f 2299 2399 2395
f 952 2043 2162
f 2162 959 952
f 252 874 2042
f 812 817 2609
f 1965 810 1854
f 2299 2397 2556
f 2609 1846 812
f 595 600 1239
f 2554 1777 582
f 1095 1815 493
f 212 1232 201
f 1370 1344 1844
f 1858 181 605
f 2578 2494 195
f 598 1826 1845
f 1863 814 594
f 1862 2046 2159
f 367 985 236
f 2047 1843 1833
f 1840 1841 2050
f 1840 2053 534
f 2607 2618 2620
f 2054 1818 229
f 818 1820 1819
f 1372 1396 1373
f 1494 1455 303
f 950 577 1173
f 1815 1095 1850
f 2095 2262 1855
f 2482 2570 2677
f 942 944 1852
f 942 1852 1334
f 243 821 1846
f 1090 1859 1335
f 2469 2525 2618
f 2445 2469 1338
f 981 97 92
f 198 192 256
f 370 2420 2067
f 1365 1341 604
f 592 2061 1810
f 244 804 349
f 1065 1889 2255
f 2062 1092 617
f 1107 588 1245
f 1951 2805 1385
f 207 257 320
f 257 1372 320
f 353 1383 1242
f 2625 2626 2679
f 2064 963 586
f 1783 591 366
f 195 832 184
f 982 1366 827
f 1173 2492 2639
f 982 833 2033
f 2490 2639 2492
f 198 1382 1222
f 1799 365 1347
f 2067 1962 837
f 184 183 179
f 1347 365 1348
f 985 1367 236
f 574 2645 2168
f 87 264 260
f 1432 2146 2069
f 87 260 160
f 180 1259 179
f 87 1259 180
f 1259 87 322
f 142 1396 1372
f 2030 847 2031
f 1401 2158 1397
f 1397 2158 566
f 2158 1401 2029
f 971 128 319
f 128 852 319
f 2640 2608 2634
f 2447 2566 2719
f 1255 1409 2076
f 1446 549 1236
f 1442 382 270
f 1442 270 2015
f 633 1887 2010
f 633 863 780
f 1114 2581 2600
f 1107 2581 588
f 2007 1718 2083
f 84 2083 1718
f 1728 1699 1481
f 1699 1728 2084
f 1480 1272 1470
f 1079 928 1717
f 395 754 755
f 2641 179 2660
f 646 647 1146
f 1462 1665 643
f 2186 1890 966
f 2626 2692 2184
f 1503 1490 1937
f 1527 2087 1526
f 1490 2087 1937
f 297 56 57
f 2146 1049 965
f 1937 1556 1503
f 2806 2684 2670
f 2618 1352 1338
f 534 809 2042
f 1047 2198 732
f 1485 1557 1486
f 980 240 1353
f 2282 1697 1551
f 435 1673 1190
f 1042 2624 2665
f 79 145 506
f 2743 2727 1042
f 2024 2671 2689
f 1193 1176 1177
f 2365 1042 2727
f 2096 1100 2055
f 880 1211 1177
f 30 18 1690
f 1617 2302 1183
f 1617 2300 2302
f 2662 2845 819
f 912 1596 1597
f 1683 514 1922
f 1282 1139 1568
f 826 1044 825
f 637 2705 2496
f 741 1681 1525
f 2186 1450 1890
f 175 110 884
f 2718 603 2788
f 1583 889 314
f 889 1583 666
f 458 1963 338
f 336 695 1629
f 114 315 888
f 143 141 142
f 142 1265 777
f 1980 117 722
f 2640 2763 2490
f 2763 2639 2490
f 2763 2702 2639
f 1980 1181 728
f 1765 166 2253
f 1355 1367 348
f 2706 2641 2765
f 603 2819 2788
f 1305 1206 155
f 972 945 1058
f 483 1967 1298
f 904 1967 483
f 1297 894 500
f 683 1316 896
f 906 683 685
f 838 822 984
f 1081 937 127
f 1243 1383 2272
f 454 899 504
f 2272 845 1874
f 548 645 1319
f 693 902 1133
f 459 456 805
f 703 219 1256
f 459 482 1161
f 2814 589 2885
f 478 465 702
f 579 321 772
f 2803 2828 2750
f 2865 2802 838
f 12 13 261
f 126 641 1261
f 134 123 28
f 273 284 386
f 9 24 26
f 2945 2905 2746
f 2906 851 2579
f 1731 290 1265
f 1765 80 1501
f 1326 498 1150
f 1582 1228 1118
f 1313 927 61
f 1576 1228 471
f 2836 2837 2645
f 1435 2669 1755
f 1304 450 489
f 471 1621 1822
f 362 616 2816
f 1411 719 895
f 676 1534 1512
f 2915 2854 2874
f 1017 1726 489
f 1633 1643 1634
f 311 670 312
f 2720 2820 2630
f 2024 2821 1910
f 1501 1502 784
f 2104 1148 1013
f 1148 2104 1602
f 1597 1595 1654
f 2102 665 2124
f 313 1330 884
f 884 1330 1932
f 879 1013 1557
f 1993 1930 914
f 1993 1992 1930
f 2849 2814 2924
f 1009 1486 1557
f 1177 1671 1193
f 1492 404 752
f 98 81 16
f 1271 524 1142
f 2749 2916 2809
f 670 918 1211
f 530 60 507
f 74 77 71
f 1784 933 787
f 2893 2811 2922
f 2931 2922 2811
f 1136 1911 920
f 2869 2941 2931
f 394 1505 2135
f 2130 915 1508
f 646 921 647
f 394 1474 1037
f 386 2133 273
f 283 85 279
f 1475 1751 1474
f 1936 1935 1496
f 1456 774 2136
f 2013 1751 1475
f 1526 406 1098
f 223 1743 1722
f 69 72 71
f 2930 2855 2890
f 61 927 403
f 1121 1141 255
f 2139 1506 1499
f 2139 1499 2140
f 1998 2140 1497
f 1933 1081 1080
f 937 1081 48
f 851 538 642
f 2872 2978 2875
f 1514 1515 1406
f 2141 59 529
f 929 930 663
f 559 298 1035
f 1308 65 929
f 2687 2087 1489
f 551 377 379
f 2142 1311 1310
f 2993 2971 2810
f 3038 2887 2888
f 3038 2572 2887
f 1510 1695 932
f 513 932 1445
f 372 1882 609
f 2188 1501 80
f 1417 1882 247
f 2916 2962 2930
f 1717 1497 1908
f 1908 1497 766
f 1760 372 609
f 246 1794 1793
f 2069 2146 1359
f 1359 1384 2069
f 979 1412 983
f 2947 2857 2964
f 1494 2988 2150
f 1786 234 2682
f 545 127 937
f 545 937 2152
f 1740 1741 2181
f 390 1461 2154
f 461 460 1145
f 390 2154 940
f 552 940 2154
f 1358 1357 2057
f 1116 1124 2981
f 941 1891 779
f 940 2020 1748
f 1754 1327 1072
f 1031 902 693
f 1706 1518 2958
f 1435 546 1236
f 126 1261 1220
f 1808 603 817
f 1073 1776 1777
f 944 946 1852
f 2159 2046 1338
f 322 157 267
f 160 2478 125
f 2975 2937 3030
f 1497 1717 1998
f 322 87 160
f 851 2906 538
f 1398 1782 1789
f 2162 1333 959
f 161 258 1061
f 1333 953 2168
f 1308 62 65
f 3047 2312 3020
f 3047 3020 1272
f 352 1350 350
f 1712 2325 3007
f 957 1223 955
f 634 627 379
f 1360 1790 1810
f 1988 2319 2820
f 959 2167 1962
f 577 824 954
f 199 200 1060
f 2087 2687 1526
f 1866 2339 817
f 2378 2971 2261
f 1336 1347 1348
f 2730 2927 2937
f 1962 2167 837
f 2438 3038 2888
f 2355 3051 1751
f 1336 1053 1344
f 2318 2319 1988
f 612 1227 961
f 222 1821 1823
f 1333 222 1837
f 1837 595 1333
f 2029 1961 173
f 222 1823 599
f 599 1837 222
f 3060 2815 3058
f 1883 968 837
f 970 948 791
f 3036 3074 2977
f 3074 3035 2977
f 205 2176 2052
f 2044 250 2051
f 1344 1370 1345
f 8 13 12
f 852 128 125
f 854 179 971
f 2928 542 2132
f 2179 1068 2688
f 1068 2179 1070
f 3000 3095 2932
f 972 127 2023
f 127 1752 2023
f 1275 54 36
f 242 243 1388
f 1425 2183 975
f 1913 1715 1443
f 152 1443 1445
f 3029 3091 1047
f 3035 3076 2009
f 2008 771 1258
f 1504 1556 2001
f 2325 655 1454
f 2815 3060 2980
f 828 1783 1784
f 1367 1366 236
f 456 455 484
f 1502 2267 1936
f 1135 384 2987
f 984 1778 838
f 513 1445 1509
f 1408 2926 1422
f 1385 2926 1408
f 1250 985 1251
f 3019 2907 634
f 248 1412 1154
f 513 1509 1693
f 3095 3061 2722
f 1933 2137 48
f 1502 1501 721
f 2258 1688 41
f 1563 402 49
f 415 1284 2196
f 632 298 558
f 556 555 380
f 226 224 1413
f 3116 3096 2616
f 1048 418 2315
f 1510 1693 2126
f 1592 1948 1591
f 3123 870 3066
f 3066 3099 3124
f 268 1721 2927
f 79 506 505
f 2202 767 1719
f 1501 41 721
f 496 992 1667
f 1980 728 117
f 3139 3091 3120
f 652 993 660
f 2722 3061 3100
f 1043 1894 76
f 1444 536 1482
f 1507 536 546
f 116 690 913
f 67 140 709
f 994 2099 1956
f 1180 2100 2125
f 2438 2971 2378
f 1124 2824 3019
f 84 859 209
f 1614 1592 1601
f 1041 1592 1614
f 2438 2976 3102
f 111 329 891
f 2722 3116 2616
f 404 920 1911
f 1492 920 404
f 1902 919 1730
f 3139 3111 3091
f 519 1523 1902
f 519 1902 1696
f 337 1630 1001
f 413 1482 317
f 3003 2316 3067
f 3049 3046 3108
f 2201 1491 1710
f 131 130 1165
f 2200 878 915
f 2460 875 2948
f 434 524 1559
f 1280 435 1190
f 1558 1187 1189
f 416 914 1931
f 1039 2783 1507
f 1683 1282 1568
f 2992 3127 3135
f 2847 2761 3026
f 124 385 52
f 593 341 263
f 373 235 55
f 2847 2957 2959
f 479 287 22
f 554 159 230
f 1709 56 208
f 2122 1014 1577
f 1111 1031 579
f 1031 1111 149
f 992 3057 2980
f 1133 902 1029
f 488 772 903
f 1464 898 1015
f 1156 897 1438
f 2726 2298 2629
f 1132 121 119
f 1017 489 450
f 728 1181 154
f 163 154 162
f 3089 2359 2862
f 165 673 317
f 3003 2894 2316
f 1020 122 1209
f 172 731 120
f 2973 2649 2844
f 2973 2844 2704
f 1294 1839 1593
f 1593 1839 895
f 1619 490 891
f 169 121 295
f 210 401 872
f 729 169 295
f 2831 1045 2909
f 499 1021 977
f 2909 1045 678
f 1022 735 2027
f 2777 3037 990
f 1016 737 625
f 905 1025 1611
f 1025 487 1023
f 1025 1434 487
f 398 2386 2375
f 2759 2413 2648
f 1138 2348 2824
f 1894 680 2992
f 2773 2594 2596
f 2773 2596 2772
f 487 1434 488
f 645 901 1374
f 2380 2848 2601
f 1588 732 437
f 313 884 1329
f 1932 1724 884
f 2290 428 986
f 1679 1147 1561
f 53 318 113
f 2281 2637 1958
f 2516 2695 2330
f 2655 2596 2370
f 2301 1581 1580
f 1685 414 1547
f 2672 1662 2363
f 1006 1634 696
f 1760 227 226
f 2332 2460 2650
f 696 1623 908
f 524 1271 1559
f 405 752 914
f 468 1906 1642
f 1642 1906 472
f 2655 2370 2598
f 2357 2598 2370
f 1300 471 1822
f 1505 394 1037
f 1036 1505 1037
f 1037 644 1036
f 643 1665 1036
f 95 647 46
f 436 1588 718
f 273 274 284
f 533 1491 2201
f 1475 2135 2013
f 140 137 709
f 140 1585 137
f 1654 705 1195
f 533 2011 223
f 1258 2009 2008
f 539 626 1431
f 1431 630 539
f 627 634 1893
f 994 1956 2412
f 2335 435 2373
f 2300 1617 1618
f 1755 546 1435
f 983 248 934
f 2348 2280 2330
f 742 521 1561
f 2386 2254 2375
f 2222 2112 2204
f 2329 2389 2369
f 1510 2126 1948
f 677 670 1211
f 3033 1554 1592
f 1693 1510 513
f 750 1032 1218
f 1281 1560 1189
f 2310 1989 2103
f 522 1699 1529
f 451 1177 1176
f 2100 1180 1179
f 1834 597 1835
f 928 1280 2139
f 2139 2140 1998
f 2332 2075 2288
f 1595 2486 2284
f 816 1050 2176
f 1232 1829 1166
f 1680 666 738
f 452 451 1176
f 2309 1927 2278
f 2240 1927 2309
f 1859 1826 598
f 2590 2361 2324
f 2590 2324 2323
f 1333 2162 222
f 1085 2003 1055
f 184 832 106
f 926 1237 1069
f 2142 1310 2189
f 1310 1308 333
f 2099 2100 1179
f 1934 1689 2282
f 2203 2094 2263
f 1495 1494 396
f 2214 2304 2305
f 2441 2232 2275
f 1055 759 1085
f 1532 254 2239
f 251 1337 1753
f 199 1532 830
f 1532 1060 1337
f 911 2099 994
f 1913 1451 1503
f 1451 1490 1503
f 2100 1631 2103
f 200 1753 1060
f 1137 317 2173
f 1866 1219 1220
f 317 1011 1579
f 1803 173 1796
f 883 2122 664
f 1062 77 74
f 1707 537 1746
f 2193 2290 496
f 1790 1360 1216
f 2100 2099 1966
f 2174 2217 2218
f 1065 1376 628
f 2335 2275 1299
f 1737 1735 1461
f 1735 939 1461
f 777 1265 290
f 2286 2285 2274
f 1445 1407 152
f 705 1654 1595
f 2247 1424 1423
f 285 243 242
f 176 501 108
f 1073 972 2023
f 1776 1073 2023
f 1918 2211 2075
f 941 547 1891
f 2122 1594 2165
f 566 2158 270
f 535 935 2246
f 2022 1812 2185
f 2138 2105 2056
f 1739 1729 1740
f 439 1898 1934
f 2066 1299 2275
f 1672 1589 438
f 1183 1299 1007
f 2105 2081 2056
f 69 2189 1310
f 333 663 334
f 2108 2092 1742
f 187 832 197
f 1883 2167 1333
f 1057 306 396
f 59 1406 529
f 2226 2103 1197
f 172 2080 731
f 1347 1345 1799
f 133 455 147
f 1862 198 1222
f 2016 1606 1130
f 251 254 1337
f 173 170 251
f 2248 2063 2180
f 697 2041 1198
f 1599 164 1210
f 1096 54 1091
f 51 927 1313
f 1092 1219 1266
f 613 617 1092
f 1093 1224 613
f 1935 1943 1708
f 1091 927 1096
f 2312 51 1313
f 1997 1832 1984
f 2058 820 2262
f 2161 1817 1816
f 1817 2161 592
f 2111 2180 2063
f 509 516 428
f 1516 1538 1570
f 599 1823 2264
f 1927 1925 1297
f 509 428 137
f 1844 1849 1370
f 1955 2267 721
f 724 726 102
f 101 102 726
f 1918 441 906
f 349 1239 600
f 1625 2489 1618
f 2228 1643 2109
f 2144 1643 2228
f 349 804 353
f 355 801 213
f 1389 355 213
f 829 211 801
f 1114 1800 588
f 1195 1172 1654
f 610 1357 585
f 1113 1629 695
f 1623 1624 1617
f 1801 1800 1114
f 1856 886 1788
f 1631 1197 2103
f 911 1969 1968
f 1003 1640 1651
f 1640 1115 1651
f 2002 2111 2063
f 1170 698 2041
f 1170 2041 700
f 188 1002 1628
f 1539 1377 1318
f 1539 1479 1377
f 1640 995 1115
f 340 1822 1621
f 1116 843 1773
f 843 1116 551
f 551 1117 843
f 487 488 486
f 1430 1432 1117
f 2921 2231 1386
f 701 472 1157
f 898 712 1015
f 703 1520 219
f 1642 1167 468
f 1118 1277 1163
f 733 99 1119
f 1123 1773 1774
f 174 263 341
f 55 249 373
f 115 96 383
f 118 1170 1200
f 22 115 479
f 860 1124 1123
f 1773 1123 1124
f 3023 543 2230
f 1417 227 609
f 497 280 776
f 559 1035 1033
f 1774 1872 562
f 471 1756 1622
f 280 321 63
f 1305 155 1316
f 1806 1670 1756
f 1670 1806 1664
f 2076 1128 1255
f 1017 1619 1660
f 96 12 99
f 52 14 5
f 625 1602 1656
f 1446 546 536
f 121 163 296
f 296 925 295
f 1126 1483 960
f 977 293 499
f 1255 539 951
f 951 652 268
f 294 295 925
f 138 305 148
f 151 152 1407
f 104 900 245
f 271 923 2151
f 878 2011 2201
f 2133 386 1456
f 286 386 284
f 908 138 282
f 533 2201 2011
f 1329 884 110
f 259 385 124
f 477 1652 995
f 1902 1730 1449
f 1730 919 1448
f 920 1492 1722
f 798 235 373
f 1282 1276 1139
f 867 526 83
f 1229 269 967
f 1922 1505 1995
f 1139 1276 1995
f 341 1012 477
f 1566 1277 265
f 265 262 269
f 1474 644 1037
f 1129 1665 1462
f 1468 643 644
f 572 269 262
f 1282 1922 1276
f 1309 1633 281
f 1634 1006 281
f 416 1931 694
f 416 694 1720
f 1681 1550 1525
f 540 572 134
f 1135 1465 1466
f 1622 1670 1418
f 318 134 572
f 1448 1449 1730
f 539 652 951
f 318 447 113
f 1584 107 271
f 798 104 235
f 1602 625 1148
f 2173 317 673
f 148 305 171
f 104 245 35
f 1772 2230 543
f 1067 583 1033
f 53 113 88
f 148 27 138
f 7 28 123
f 28 148 134
f 1619 891 1660
f 1660 891 1131
f 1687 1643 1633
f 1641 1578 470
f 1773 1124 1116
f 1123 1774 562
f 1853 2283 596
f 1853 596 597
f 33 6 55
f 1840 534 1842
f 1839 1204 895
f 1784 366 933
f 155 1206 1615
f 480 475 1641
f 504 899 500
f 230 579 554
f 393 497 776
f 500 498 1297
f 2002 2063 1229
f 898 1464 156
f 218 799 805
f 805 813 218
f 813 855 565
f 1417 363 242
f 1417 247 363
f 901 648 1010
f 1151 461 1326
f 159 554 693
f 469 1007 1299
f 14 1 5
f 1791 834 2367
f 1170 1296 698
f 34 1162 4
f 481 221 688
f 1001 2068 1199
f 714 898 156
f 714 903 898
f 139 6 75
f 486 903 714
f 1653 1392 1691
f 123 53 7
f 1459 1127 1298
f 2041 1971 700
f 698 1198 2041
f 1648 714 1205
f 486 1648 487
f 134 148 171
f 53 123 318
f 1682 886 159
f 1638 1928 159
f 282 138 281
f 134 318 123
f 1244 588 1800
f 686 1713 1704
f 1742 150 1606
f 1197 1976 2221
f 1389 213 285
f 269 572 540
f 465 478 447
f 572 465 447
f 699 2234 457
f 465 572 466
f 572 262 466
f 265 1277 262
f 441 122 343
f 277 283 276
f 83 1718 532
f 1661 1156 1650
f 212 232 220
f 1839 1294 1606
f 232 1845 1826
f 1978 1977 1856
f 1003 1651 998
f 340 1621 1582
f 1582 1163 340
f 1884 1984 1832
f 1884 730 1984
f 201 1232 816
f 1997 1972 1832
f 408 2207 409
f 188 1628 1008
f 2256 2237 2329
f 186 815 2163
f 1227 612 1223
f 1089 1797 1798
f 1183 2335 1299
f 1979 2107 2088
f 2107 2035 2116
f 2286 2232 2323
f 257 207 258
f 2320 1629 2273
f 1629 2320 2290
f 1183 1126 1623
f 1298 1967 1812
f 1380 151 198
f 1623 1617 1183
f 912 1654 1172
f 198 151 1382
f 2322 2323 2232
f 2099 911 1966
f 673 1960 2173
f 2100 1966 1631
f 296 163 2075
f 162 154 1181
f 1178 636 1403
f 496 1109 2193
f 2181 1178 1404
f 2166 2138 2122
f 1600 912 1172
f 682 1956 2099
f 1179 682 2099
f 1981 2208 2245
f 2241 2208 2143
f 636 1178 973
f 1063 973 1178
f 44 1091 54
f 1601 1592 1591
f 2366 2226 2195
f 1927 1981 2245
f 1741 1178 2181
f 1180 682 1179
f 913 70 116
f 1043 109 102
f 1904 2182 2247
f 2302 2301 1580
f 988 1183 2302
f 537 1745 1746
f 1328 1325 775
f 2277 2094 2268
f 77 1328 775
f 291 1328 773
f 68 325 324
f 1321 773 1062
f 1321 29 1196
f 2244 2278 2243
f 1214 1680 738
f 29 100 1196
f 1607 1605 443
f 1478 1481 395
f 2224 2369 2331
f 1955 1950 1949
f 1949 2267 1955
f 2277 2263 2094
f 309 769 1052
f 17 2236 302
f 1626 2236 17
f 762 1058 2236
f 2298 2296 2268
f 1943 1949 1950
f 333 1603 1310
f 2333 2211 751
f 721 41 10
f 1945 1102 425
f 1655 494 145
f 1690 18 31
f 2486 2729 2284
f 746 665 1286
f 1525 1720 741
f 2 1942 1563
f 2226 2495 2384
f 1699 1698 1529
f 2398 718 2841
f 1529 754 522
f 753 49 402
f 1096 37 54
f 54 37 38
f 2267 1502 721
f 410 1531 2091
f 2378 2207 2090
f 1183 988 1184
f 725 1103 1674
f 2373 435 2323
f 306 739 49
f 2258 2318 1688
f 988 1558 1190
f 41 1501 2188
f 435 2335 1184
f 1536 509 1585
f 2551 2674 2382
f 1570 1538 1585
f 56 297 208
f 1530 1529 1698
f 406 1526 407
f 2308 917 916
f 41 2188 2258
f 1177 1211 1671
f 2318 2258 2319
f 1273 2533 743
f 1406 59 1514
f 2141 1511 59
f 1511 42 59
f 306 753 396
f 753 1495 396
f 300 309 1052
f 2140 1499 1498
f 2140 1498 1497
f 510 916 917
f 1605 1607 710
f 2188 2982 2258
f 48 2235 937
f 1517 1059 1711
f 1051 1626 1084
f 2384 922 2310
f 2084 1698 1699
f 1675 1575 431
f 1192 2968 437
f 2970 2773 2772
f 437 732 2198
f 127 1080 1081
f 73 100 765
f 436 734 732
f 2368 1040 2990
f 1538 1536 1585
f 1185 423 1045
f 1201 1001 1630
f 2253 2024 1910
f 1634 1623 696
f 1501 784 1765
f 1182 1747 1905
f 2247 1732 1904
f 3089 2862 521
f 1132 117 728
f 1135 2386 398
f 281 1633 1634
f 1118 1163 1582
f 80 1765 2253
f 1407 1445 932
f 1160 1277 1118
f 127 972 1447
f 3075 2772 1657
f 2247 1419 1424
f 1262 1265 141
f 1436 1429 541
f 1486 1488 660
f 166 2024 2253
f 35 245 281
f 1893 2907 635
f 777 1768 142
f 144 1427 141
f 48 2137 310
f 1749 1420 371
f 2856 1996 2777
f 153 1443 152
f 159 50 45
f 875 2824 3021
f 3122 2963 2495
f 3134 3079 3090
f 2777 1996 3133
f 3128 2093 2314
f 727 1046 785
f 1136 920 1722
f 991 1144 876
f 1144 460 876
f 3121 3027 3025
f 133 391 713
f 855 133 713
f 772 488 1295
f 3027 3121 3077
f 1015 712 467
f 1410 149 1111
f 2412 739 2918
f 2930 2460 2948
f 2313 51 1279
f 196 37 51
f 1216 2023 1752
f 1776 2023 1216
f 1790 1216 1752
f 1790 1752 1213
f 922 2384 2374
f 593 763 463
f 971 179 129
f 1208 160 125
f 1208 322 160
f 142 1372 1395
f 2207 408 2090
f 122 1918 163
f 440 164 1599
f 1765 784 2334
f 2334 166 1765
f 1668 738 314
f 2122 2120 1594
f 1279 2312 3055
f 3027 2936 3025
f 863 878 2200
f 3103 2720 3073
f 183 266 180
f 3065 2720 3085
f 166 177 2024
f 371 1390 797
f 1694 1506 2139
f 184 106 183
f 2963 2823 2384
f 187 830 260
f 191 190 189
f 3014 2997 2923
f 1767 2339 1866
f 2340 1224 1390
f 1153 3067 2813
f 197 832 2327
f 2327 832 195
f 48 1940 2235
f 1129 1154 2813
f 200 199 197
f 2927 544 268
f 3062 3080 3015
f 197 2327 200
f 3035 2009 1258
f 1258 2915 3035
f 200 2327 195
f 200 195 2341
f 3063 2935 2895
f 2956 2815 2980
f 2036 206 1785
f 1871 1224 2340
f 2334 2347 202
f 1219 1092 1373
f 1092 2062 1373
f 2062 617 320
f 613 1224 1871
f 1226 806 1249
f 3040 3051 2355
f 202 2347 2349
f 2130 2200 915
f 878 1710 915
f 407 868 2837
f 292 208 82
f 1087 2853 2765
f 3035 2915 2977
f 2334 2225 2347
f 1814 1813 1249
f 2823 2374 2384
f 384 1466 1465
f 3000 1254 375
f 1232 614 1233
f 2349 2347 2353
f 1129 786 1154
f 2190 3031 931
f 201 816 2176
f 2353 2347 228
f 2982 2188 1910
f 1917 655 2325
f 227 1750 226
f 1236 546 1446
f 2996 2985 3051
f 2353 228 2356
f 228 2347 2225
f 2765 2803 1047
f 2948 3021 563
f 605 812 2266
f 2045 1818 606
f 1827 220 1826
f 1166 1828 1814
f 1829 1828 1166
f 549 792 1236
f 2627 2353 2356
f 1334 1069 2059
f 819 1358 1810
f 2627 2356 2638
f 228 2225 2038
f 851 583 1141
f 2943 2995 2933
f 2077 241 1247
f 561 1153 1154
f 596 1240 238
f 1834 1835 1356
f 1833 1834 1356
f 2038 2225 842
f 2972 3000 2904
f 1817 610 1816
f 942 1334 589
f 1728 1481 1478
f 589 1334 2059
f 239 1238 2362
f 1388 1772 1761
f 1761 242 1388
f 1357 1817 2057
f 1735 1079 1717
f 238 1367 1838
f 1835 1838 1367
f 1833 1355 1851
f 1384 1242 1873
f 2720 2751 2947
f 241 239 2039
f 363 1389 242
f 1849 1385 1408
f 2924 2814 2925
f 1342 353 1242
f 1246 578 233
f 2902 2881 2882
f 64 682 2
f 1908 1735 1717
f 2039 842 1247
f 2039 1247 241
f 231 240 980
f 1353 240 1338
f 1342 1106 595
f 1342 595 1239
f 1955 721 3
f 985 348 1367
f 421 325 68
f 69 2807 653
f 2807 69 1460
f 440 1599 676
f 1338 240 192
f 600 595 1837
f 599 2264 244
f 1141 841 839
f 1761 1417 242
f 775 1460 77
f 961 1827 612
f 1826 1859 1827
f 1748 537 2767
f 2822 2767 537
f 2861 2933 2942
f 2861 2942 2920
f 1866 817 812
f 1117 551 1430
f 2810 2640 2018
f 845 562 1872
f 1169 962 954
f 2077 544 241
f 1882 1417 609
f 2900 984 2678
f 2933 2861 796
f 1154 786 248
f 1264 1182 1905
f 1219 1373 1415
f 2908 2891 2877
f 2833 2916 2877
f 2808 2628 2700
f 185 187 260
f 2808 2752 2628
f 182 183 106
f 1348 365 1885
f 182 260 264
f 632 558 1448
f 1725 550 2017
f 1063 1178 2246
f 267 129 1259
f 2678 2846 2900
f 1461 939 2154
f 536 1444 1446
f 1468 1886 1462
f 1129 1462 786
f 1403 1404 1178
f 65 61 403
f 2753 636 973
f 65 62 61
f 777 126 1415
f 1721 268 660
f 564 382 783
f 566 270 382
f 283 277 85
f 2712 2809 2721
f 85 1322 2132
f 277 276 82
f 2786 2660 2750
f 2828 2786 2750
f 1433 864 1745
f 2786 2735 2660
f 819 2845 2864
f 2765 2707 2735
f 283 279 275
f 530 507 795
f 2668 2730 2870
f 2870 2789 2755
f 1491 533 1493
f 210 771 2006
f 1725 1136 1722
f 82 274 292
f 2733 2798 581
f 381 1455 2150
f 978 2710 2699
f 2805 1951 2795
f 1062 773 77
f 2699 1071 978
f 2554 858 1261
f 1062 74 29
f 651 1461 390
f 1752 2152 2571
f 530 996 60
f 1746 1463 1708
f 2806 2670 2146
f 2623 2720 2589
f 915 1710 823
f 1552 1508 915
f 873 1994 304
f 54 1275 44
f 849 2636 2686
f 1478 395 659
f 313 1564 1330
f 2721 2736 804
f 656 872 523
f 1560 1280 1190
f 1528 1529 1938
f 1939 1529 1530
f 2658 2733 581
f 2631 2710 2517
f 1345 2746 2597
f 1938 1939 327
f 1740 359 849
f 2155 1065 369
f 444 690 116
f 518 1679 1561
f 793 2617 1771
f 517 748 68
f 18 15 31
f 323 324 325
f 427 514 1683
f 332 421 419
f 421 332 1932
f 1580 988 2302
f 1103 724 70
f 109 70 724
f 1288 502 2123
f 434 502 1288
f 2233 335 1569
f 2269 2682 234
f 492 1607 494
f 145 79 1655
f 1294 2118 909
f 1594 1590 1593
f 1614 998 1651
f 1839 1606 1204
f 1847 2680 1105
f 946 590 1110
f 2517 970 2631
f 719 1411 1111
f 1111 715 719
f 1197 340 1163
f 905 1285 1295
f 1295 1434 905
f 1438 897 1140
f 1476 1145 489
f 1144 991 1304
f 2591 965 2513
f 897 991 785
f 2360 1245 2576
f 1285 772 1295
f 1848 1107 2360
f 1145 1144 1304
f 604 1105 2680
f 798 473 1639
f 146 133 855
f 785 991 727
f 13 47 548
f 159 45 86
f 2671 2548 2549
f 8 12 96
f 115 8 96
f 1951 1849 1844
f 88 5 53
f 5 7 53
f 2542 2178 1923
f 2360 2576 2487
f 2360 2581 1848
f 1315 122 344
f 343 122 1315
f 342 343 1315
f 981 638 97
f 1325 346 345
f 2600 2581 2574
f 2560 2658 2600
f 514 743 2357
f 1135 398 2342
f 3019 2516 2907
f 1680 742 666
f 2309 2244 518
f 2970 3075 3117
f 2330 2280 2104
f 2472 2481 2593
f 2308 2219 2291
f 2244 1147 518
f 2218 2219 2308
f 3107 3130 3086
f 510 2174 2218
f 919 1719 1448
f 1721 660 1488
f 1808 817 601
f 2243 2245 2244
f 2244 2241 1147
f 2212 2254 2222
f 1572 2227 883
f 2121 2174 2249
f 2624 2570 598
f 598 2570 1861
f 3130 3076 3097
f 3105 3130 3097
f 3086 3130 3105
f 2174 2175 2217
f 2220 2205 2153
f 3035 3105 3097
f 2217 2149 2218
f 2143 666 2241
f 738 1583 314
f 2522 1862 1222
f 1668 1589 1672
f 271 1026 923
f 1169 2607 2564
f 1830 2607 1169
f 2016 1130 2112
f 2294 1889 1878
f 1668 112 111
f 1889 1880 1878
f 567 2726 2629
f 1918 1983 2073
f 3070 3100 3000
f 2027 2026 1022
f 3100 3061 3000
f 1951 1053 2553
f 2549 2548 2414
f 2056 1999 2027
f 2027 1972 1997
f 3052 3082 3070
f 2848 2978 1258
f 224 226 328
f 1820 2577 1824
f 1726 1017 1981
f 2978 2848 2875
f 344 122 1020
f 907 1297 1919
f 1755 931 1039
f 1812 1647 1459
f 1802 1543 449
f 1865 1637 1543
f 1627 1610 893
f 2801 1235 3062
f 897 1156 490
f 3062 3015 2946
f 1078 1413 224
f 1610 1627 1534
f 3001 1763 780
f 583 559 1033
f 555 1766 89
f 2417 1923 2519
f 583 1449 1448
f 558 583 1448
f 2436 2610 2587
f 2928 2977 2915
f 1320 1149 1152
f 1319 831 548
f 1144 1145 460
f 1140 785 1046
f 2996 362 2985
f 2985 362 2879
f 2967 561 2942
f 2471 2610 2436
f 2911 2923 2774
f 674 776 1028
f 2548 2425 2493
f 1359 808 807
f 689 587 167
f 167 289 689
f 230 159 86
f 91 167 225
f 5 124 52
f 1361 582 1777
f 626 2795 2851
f 595 2403 1099
f 626 2851 2832
f 75 136 139
f 2508 2161 1816
f 5 88 124
f 281 138 35
f 2915 581 2854
f 573 571 2774
f 960 305 720
f 2845 2899 2864
f 1309 281 245
f 908 1126 138
f 2849 933 2621
f 366 2621 933
f 366 1784 1783
f 2721 2855 1383
f 2834 2890 2855
f 2721 2891 2834
f 1435 1786 2682
f 113 756 1287
f 1309 245 798
f 2225 2448 2501
f 282 1006 696
f 282 696 908
f 1044 2875 2749
f 960 711 1312
f 363 247 360
f 1331 2475 2462
f 1126 960 1312
f 828 2906 2579
f 1371 2945 2746
f 2830 2801 2719
f 1402 1418 1351
f 614 2462 1233
f 2827 834 840
f 2827 2367 834
f 420 327 505
f 1670 1351 1418
f 2809 2833 2721
f 995 1652 1635
f 2795 2684 2832
f 1042 2775 2624
f 957 956 621
f 1004 1986 798
f 798 1986 1921
f 1921 1687 798
f 1986 1643 1921
f 2002 1229 1692
f 354 2737 1383
f 2668 2870 2755
f 2703 2755 2789
f 699 1567 2074
f 105 1200 1202
f 573 2774 2472
f 2472 2774 2678
f 1906 468 1296
f 603 1808 2271
f 979 1358 819
f 803 807 1056
f 803 1056 1317
f 1114 588 2581
f 955 1223 612
f 1533 1952 2171
f 1110 590 589
f 2432 2431 2402
f 2404 2431 2393
f 468 2113 457
f 2113 699 457
f 2472 2593 573
f 2128 2237 2160
f 2074 1567 2224
f 2213 2214 1976
f 2214 2221 1976
f 698 1194 1198
f 698 462 1194
f 2625 2679 833
f 2446 2433 2470
f 2677 2728 2566
f 1296 1171 462
f 2234 699 2074
f 2422 1799 1345
f 2597 2422 1345
f 2618 1338 2469
f 2328 2304 2287
f 2213 2287 2304
f 2214 2213 2304
f 1826 220 232
f 2666 2665 1845
f 2619 1830 2661
f 1645 1830 1831
f 1838 1835 597
f 826 818 2575
f 2167 959 1333
f 1962 952 959
f 2237 2398 2329
f 2195 2221 2366
f 2106 2438 2086
f 2540 826 2575
f 2409 2397 2436
f 2383 2441 2275
f 2373 2323 2322
f 817 2635 601
f 817 603 2609
f 2595 2553 2569
f 2237 718 2398
f 2605 2606 822
f 1105 604 1850
f 2450 2621 2592
f 2395 347 2471
f 2238 2360 2487
f 1607 443 494
f 1041 1613 2559
f 2127 998 1601
f 912 1598 1596
f 2575 818 1231
f 2043 2575 1231
f 2377 2379 2654
f 1069 1334 2450
f 2729 2672 2284
f 2532 2225 2501
f 2414 2418 2416
f 2390 2843 2389
f 2305 2449 2444
f 231 256 192
f 1588 436 732
f 1809 2443 2407
f 880 2831 2909
f 880 1185 2831
f 2518 2488 2423
f 2423 2488 2238
f 1380 256 2420
f 2424 2518 2423
f 1585 509 137
f 2399 359 2467
f 2435 1805 965
f 2498 2481 2406
f 2406 2481 2472
f 2408 260 618
f 2672 1556 672
f 2422 2448 1876
f 830 1331 1869
f 2238 952 2067
f 1868 614 1249
f 433 3132 3046
f 431 987 432
f 1575 1678 987
f 432 508 429
f 2385 1678 1575
f 2643 3140 3142
f 3140 2643 3077
f 2419 2450 2425
f 2379 2918 2654
f 2396 1252 1169
f 954 824 1169
f 422 423 1185
f 623 2453 1226
f 622 1875 358
f 1349 1368 1875
f 739 64 1563
f 2490 2446 2400
f 2490 2433 2446
f 2992 3112 3127
f 1780 836 586
f 2934 2091 1531
f 2341 195 2494
f 672 1556 1527
f 417 1562 2315
f 2637 2654 3063
f 2474 2439 2433
f 2476 2392 2474
f 3141 1047 3091
f 2454 2458 1879
f 2196 749 415
f 2196 3104 749
f 2458 1881 1879
f 1369 352 1376
f 1095 2421 1807
f 1536 1538 307
f 1695 1554 3033
f 2543 1787 568
f 2451 2459 2490
f 2440 368 2421
f 1281 1048 407
f 2424 256 2473
f 3016 3119 2898
f 2952 3084 3016
f 2963 3084 3054
f 2557 2401 2552
f 2552 2571 2557
f 2571 2552 2534
f 734 1087 2765
f 1827 1859 1090
f 629 576 1885
f 794 576 629
f 2440 2417 2519
f 848 1065 628
f 2405 1405 2406
f 2449 928 3053
f 409 2993 2810
f 2259 2953 3008
f 1313 3018 2998
f 1313 61 3018
f 1094 1093 1864
f 402 2983 2947
f 1988 2720 3065
f 307 1514 59
f 2555 2397 2603
f 1511 2141 3007
f 1275 3025 2936
f 2299 2556 2652
f 402 2947 1495
f 2794 2810 2944
f 2544 2657 2633
f 2792 662 1281
f 2617 793 1889
f 2617 1889 1065
f 2617 1065 2155
f 662 1499 1186
f 1186 1499 1506
f 2261 2971 2993
f 1965 1854 1834
f 1834 1843 1965
f 858 2536 2602
f 2641 2706 2578
f 397 1500 395
f 3005 1500 397
f 1500 3006 870
f 2520 2428 2426
f 1815 1850 493
f 1100 2479 2164
f 1071 791 552
f 970 791 1071
f 2631 970 1071
f 2941 2799 2953
f 369 2696 2155
f 2956 2782 2815
f 2535 861 1075
f 1496 1502 1936
f 1698 2084 2893
f 2642 2690 2079
f 2505 2168 2687
f 2416 2499 1807
f 2711 1175 636
f 2799 2530 2571
f 1477 658 1473
f 2015 2158 2748
f 2748 2158 2250
f 2645 2837 2969
f 2797 2762 2778
f 2779 2622 2530
f 2778 2622 2779
f 389 650 1467
f 2397 2530 2603
f 2782 2892 389
f 2735 2786 2765
f 2781 2760 2686
f 2676 2738 2857
f 2793 2792 1066
f 2298 2220 2112
f 1261 768 2656
f 1328 77 773
f 1064 935 1899
f 2784 2715 2839
f 1451 1913 1450
f 1749 371 389
f 1733 1749 389
f 1903 1905 1747
f 2543 568 553
f 1862 2159 192
f 2815 2782 371
f 2815 371 2572
f 290 1731 1452
f 2765 2734 2706
f 364 553 2541
f 1735 1908 939
f 1827 961 1828
f 978 766 2544
f 1908 766 939
f 560 1881 1889
f 370 1380 2420
f 507 57 56
f 2835 2711 636
f 2835 2800 2711
f 2800 2768 2711
f 2790 2700 2769
f 2867 2889 2742
f 80 2253 2188
f 2633 1498 1499
f 2518 2473 2574
f 1443 1715 1509
f 2247 541 1419
f 2178 2542 1775
f 1452 2954 1454
f 2325 1454 2954
f 2720 2630 2589
f 71 77 69
f 2636 2762 2686
f 2734 2766 2496
f 637 2496 2766
f 1047 2876 2896
f 657 1272 1480
f 865 658 1477
f 659 1477 1478
f 2522 2082 2715
f 2522 1222 2082
f 1499 662 2792
f 659 865 1477
f 1421 1427 144
f 2312 2949 2960
f 757 1272 866
f 2414 2630 2709
f 2557 2571 2530
f 2898 2952 3016
f 1844 1053 1951
f 2426 2633 2681
f 2936 334 1275
f 663 1275 334
f 1926 62 2142
f 2496 2494 2706
f 2589 2630 2411
f 2554 2536 858
f 1707 922 2374
f 2602 1767 858
f 2671 2024 2548
f 2513 808 2591
f 1222 1382 378
f 2898 3053 1079
f 928 1079 3053
f 2519 2642 2440
f 2622 2555 2603
f 2471 347 2610
f 2642 368 2440
f 2411 1807 2623
f 2264 2599 244
f 1395 1372 257
f 1404 1405 2181
f 560 2547 1879
f 364 2543 553
f 3056 3057 2974
f 2547 2442 1879
f 2485 1077 358
f 1799 2543 365
f 2299 359 2399
f 1515 307 1538
f 1542 2958 1518
f 3090 3079 2955
f 2522 2459 2046
f 2046 1862 2522
f 1881 560 1879
f 1338 192 2159
f 1564 325 421
f 2427 576 1257
f 3090 2955 2958
f 2654 2918 2935
f 2654 2935 3063
f 803 2426 807
f 1082 803 1317
f 1372 1373 2062
f 1511 3007 986
f 2406 352 2354
f 1988 3103 3073
f 576 2427 1946
f 1216 1360 1354
f 2461 2434 2407
f 3084 2963 3122
f 2637 1087 734
f 2422 1876 1870
f 2407 2432 2402
f 411 3109 3125
f 3109 411 1188
f 2637 3063 1087
f 1527 1098 672
f 420 668 1528
f 1529 1939 1938
f 2434 1809 2407
f 1189 1187 418
f 3049 3125 3110
f 3068 3135 668
f 422 3025 423
f 952 2238 2169
f 1935 1949 1943
f 3142 3140 3121
f 2467 2395 2399
f 359 2512 2467
f 2403 575 1099
f 1332 2462 614
f 2495 3039 3131
f 2897 3053 3039
f 2225 1876 2448
f 1068 943 2688
f 2428 1359 807
f 3037 3126 3134
f 943 1068 1307
f 1688 1988 10
f 2395 2467 2527
f 1989 1943 1950
f 1074 2252 560
f 1558 1580 1187
f 962 2564 2491
f 2487 2558 2238
f 3060 2976 2437
f 2042 874 534
f 201 205 212
f 2501 2448 2500
f 2015 270 2158
f 1810 1817 592
f 2518 2424 2473
f 2050 1841 2682
f 2518 2538 2488
f 2250 2158 2705
f 723 433 3046
f 723 3046 3049
f 680 723 3049
f 3025 422 2376
f 2283 1240 596
f 1958 2637 734
f 2429 2776 861
f 926 1234 1237
f 3 2 682
f 2331 2369 2643
f 2512 822 2528
f 2605 822 2512
f 2472 2568 2480
f 2281 1958 679
f 2499 2579 1847
f 2363 1662 2561
f 2525 2620 2618
f 1951 2553 2595
f 381 2642 2724
f 2050 2682 2269
f 444 116 76
f 444 76 1894
f 2021 1892 2078
f 2588 2528 347
f 2074 2514 2376
f 1667 495 1109
f 880 1177 451
f 842 2225 2532
f 1450 1913 1443
f 1848 2581 1107
f 590 946 944
f 2606 2568 822
f 2568 2678 822
f 706 718 2128
f 1963 158 1112
f 2692 2563 811
f 1364 1339 1340
f 2610 347 838
f 452 1964 691
f 1385 1849 1951
f 1651 1115 1613
f 2728 2719 2566
f 2274 2285 2002
f 2274 2002 2199
f 839 604 2680
f 2284 2215 2109
f 974 2718 616
f 2059 2683 2703
f 2232 2066 2265
f 354 804 2737
f 1851 1250 2669
f 1851 1355 348
f 1830 2787 2661
f 829 801 356
f 2041 697 1971
f 1841 2669 1435
f 827 833 982
f 2626 1795 2679
f 2645 1066 2836
f 2172 2109 2147
f 1200 700 1001
f 1632 1631 1968
f 1631 340 1197
f 360 829 356
f 480 2113 468
f 1244 581 1044
f 1296 468 457
f 2830 2719 2728
f 2884 2806 2146
f 356 1389 360
f 2787 829 372
f 2667 1042 2665
f 362 1867 616
f 2667 2743 1042
f 470 1636 1641
f 1756 1038 1806
f 1170 700 1200
f 1741 2246 1178
f 567 2865 838
f 1664 2049 1567
f 2877 2891 2721
f 2849 2621 2814
f 2814 2885 2925
f 2712 2721 2599
f 1058 945 2656
f 934 248 2840
f 2818 2840 248
f 2923 2900 2846
f 472 1167 1157
f 756 472 1906
f 756 1906 1287
f 2809 2916 2833
f 2916 2908 2877
f 853 1251 2871
f 1255 1247 842
f 1649 1277 1566
f 1228 1621 471
f 471 1622 1576
f 339 481 688
f 796 2943 2933
f 2943 796 2899
f 2725 2987 2899
f 1256 463 703
f 2916 2930 2908
f 2975 3004 2730
f 747 316 1120
f 136 341 477
f 2692 811 1362
f 2745 2744 604
f 2034 2745 604
f 604 839 2034
f 1251 853 1155
f 1251 1155 374
f 305 540 171
f 88 316 124
f 2725 2741 2455
f 316 88 113
f 2836 1066 2837
f 2629 2940 567
f 58 25 23
f 58 91 25
f 2888 2887 2702
f 47 40 50
f 2887 2572 2702
f 25 63 45
f 45 63 86
f 379 1431 1430
f 22 287 58
f 2669 931 1755
f 225 272 91
f 272 278 91
f 855 387 565
f 3036 2977 2928
f 1278 1027 713
f 733 1119 1437
f 3001 780 3042
f 374 3031 2190
f 2939 2883 2826
f 1111 1285 905
f 1029 150 485
f 2972 3015 3052
f 1443 1509 1445
f 1295 488 1434
f 2082 378 1695
f 931 3031 1744
f 1119 1377 1479
f 1459 1458 1399
f 2132 3036 2928
f 1611 715 905
f 1254 3000 2932
f 1856 1620 886
f 1682 1788 886
f 2875 2959 3045
f 2796 2733 2659
f 1616 675 676
f 2987 2802 1135
f 673 716 1686
f 279 85 542
f 2795 1951 2684
f 1927 1726 1981
f 3035 3086 3105
f 2616 3096 3071
f 3015 2616 3071
f 1977 1978 1979
f 2272 2930 2948
f 2618 2661 2787
f 288 276 283
f 2129 1944 1982
f 1463 864 1496
f 2938 2932 3095
f 314 112 1668
f 887 2027 735
f 644 2985 1468
f 889 666 890
f 2143 890 666
f 2783 1744 2131
f 751 1982 2210
f 2203 2108 2094
f 3076 3130 3107
f 3076 3107 1484
f 821 243 285
f 2245 2208 2244
f 2244 2208 2241
f 2963 2767 2823
f 3101 1137 531
f 1681 741 1672
f 2906 1040 3089
f 3003 1135 3002
f 3003 3002 2894
f 1561 1147 666
f 2824 2695 3019
f 57 1322 1230
f 1322 57 60
f 2804 2829 834
f 1851 2148 1250
f 2233 1569 2297
f 2954 650 3010
f 514 427 743
f 1359 2146 2591
f 2298 2268 2220
f 398 2375 2342
f 2861 979 796
f 1831 229 1645
f 979 2842 796
f 581 2872 1044
f 751 2210 875
f 2321 2151 2413
f 2380 665 2321
f 1381 770 2004
f 2236 1626 1051
f 1991 750 1218
f 1059 761 758
f 1054 758 761
f 1058 762 1706
f 2336 2307 2723
f 2415 1286 2380
f 2333 2460 2352
f 2594 514 2596
f 1507 1519 1689
f 1482 1507 1011
f 2655 2772 2596
f 1519 2131 2282
f 2337 2306 2381
f 2346 2503 2342
f 1138 875 2348
f 2321 2413 2759
f 525 1920 1701
f 1994 877 1274
f 1994 2289 877
f 1701 1218 523
f 2004 1086 1381
f 661 412 191
f 1547 1548 877
f 1701 414 1218
f 914 416 405
f 521 1696 642
f 1696 511 1553
f 514 2357 2370
f 2722 2723 2938
f 875 2210 2348
f 1139 1036 1665
f 642 538 521
f 2336 2110 2307
f 2783 2131 1519
f 1507 2783 1519
f 1912 1914 919
f 2306 1291 2345
f 2704 3106 2973
f 2973 3069 2649
f 1330 1564 421
f 2953 938 3008
f 2955 1080 1447
f 2348 2210 2022
f 1524 1710 1491
f 1683 1568 427
f 2233 2254 2212
f 1572 1547 1014
f 1684 1572 883
f 3089 521 2906
f 2280 2185 2104
f 1014 427 1577
f 2316 2813 3067
f 2122 2138 664
f 1013 1148 434
f 738 666 1583
f 522 1481 1699
f 1210 164 1689
f 2893 2922 2994
f 1698 2941 1530
f 2922 2941 2994
f 1918 2073 2156
f 2848 2847 2875
f 1898 1210 1934
f 2146 1432 2884
f 1495 2947 2988
f 2105 1594 892
f 1495 2988 1494
f 626 2850 2884
f 2088 2089 1979
f 2117 1979 2089
f 3095 2722 2938
f 2000 2025 2081
f 442 1975 2081
f 2081 1975 2056
f 1975 1999 2056
f 2927 1267 2937
f 3030 2937 2368
f 2896 2936 3027
f 1725 1722 1743
f 1734 1718 2007
f 3081 931 2783
f 673 165 675
f 931 3081 1039
f 1604 1294 1593
f 719 892 1593
f 633 2010 878
f 223 1722 533
f 931 1744 2783
f 1611 1018 446
f 2720 1988 2820
f 3051 1474 1751
f 2906 3041 3092
f 1686 1653 1620
f 1686 717 1653
f 61 2999 3018
f 1884 1832 1611
f 328 279 542
f 1456 1750 774
f 873 802 56
f 1316 906 1314
f 1686 716 717
f 2260 2261 2993
f 1619 450 1304
f 1644 1541 1653
f 1320 1534 1627
f 1543 693 1133
f 1744 3031 2019
f 1543 159 693
f 483 1298 1127
f 1888 1067 1033
f 455 1457 147
f 1399 455 1030
f 928 2139 1998
f 3023 3040 2355
f 1399 1030 1161
f 1399 1161 453
f 1346 1161 1127
f 563 3021 860
f 504 1024 454
f 415 3047 1272
f 1886 2985 2879
f 674 393 776
f 813 565 689
f 792 1042 578
f 689 289 813
f 2930 2962 3009
f 2916 3009 2962
f 786 1886 248
f 230 86 63
f 280 63 25
f 280 25 168
f 2618 2787 1413
f 1012 341 463
f 1188 755 754
f 1229 265 269
f 984 2900 567
f 1351 465 466
f 466 1303 1351
f 1418 1402 1303
f 1435 578 1246
f 995 426 477
f 476 475 756
f 1414 980 1078
f 551 1116 377
f 1432 626 2884
f 2801 2946 2719
f 1351 1670 1664
f 1078 1353 1413
f 2904 2719 2972
f 1120 1287 1170
f 3103 3065 3085
f 2899 796 2864
f 2861 561 979
f 979 561 1412
f 1921 1643 1687
f 796 2863 2864
f 2774 2846 2678
f 3014 2923 2911
f 2874 2854 2780
f 834 2829 840
f 571 3014 2911
f 2034 839 841
f 1806 1038 2128
f 3078 755 3094
f 411 3094 1188
f 1567 2134 2097
f 2232 2002 2066
f 3004 2885 2730
f 2171 2106 1533
f 1533 2106 1471
f 2232 2199 2002
f 366 591 2621
f 2160 2237 2134
f 2684 1951 2685
f 2599 2764 2712
f 2286 2199 2232
f 2286 2274 2199
f 1833 1356 1355
f 353 1342 349
f 911 2303 2281
f 589 2059 2703
f 2683 2755 2703
f 2683 2668 2755
f 2933 2984 2942
f 2609 2718 974
f 2609 603 2718
f 2229 362 2996
f 942 590 944
f 942 589 590
f 1560 1281 1186
f 2226 2384 2310
f 1236 578 1435
f 706 436 718
f 1449 583 851
f 811 604 1341
f 853 1764 1155
f 543 1761 1772
f 2176 205 201
f 881 495 992
f 372 1760 2787
f 1232 212 1829
f 2369 2389 3024
f 2607 2619 2618
f 2437 2976 2106
f 2358 1237 1234
f 2486 1595 2729
f 1828 1829 220
f 2794 2559 2810
f 986 1666 2290
f 2663 2729 1598
f 2929 2663 1693
f 1843 1834 1833
f 2283 2612 1240
f 597 596 1838
f 1841 2262 1836
f 988 1580 1558
f 2310 922 1989
f 2568 2510 2480
f 2575 2043 2502
f 2502 2540 2575
f 2972 2946 3015
f 2450 2592 2418
f 506 420 505
f 602 1105 1095
f 2934 1531 2559
f 1193 1283 1678
f 2385 1193 1678
f 2469 2445 2446
f 808 2513 1805
f 2495 3131 3122
f 2384 2495 2963
f 1542 3087 3115
f 3136 1573 3123
f 2416 2418 2499
f 2447 2498 2354
f 2001 1556 2729
f 3108 3094 411
f 2508 2507 2466
f 2394 2466 817
f 43 1511 516
f 2001 2729 2663
f 2436 2455 2430
f 3112 2992 680
f 1666 3007 3057
f 3032 787 2924
f 3120 3091 3083
f 2953 2259 1530
f 2468 2470 2433
f 1790 819 1810
f 2991 3044 2924
f 2991 3072 3044
f 586 836 2225
f 2794 2944 3033
f 1695 3033 2082
f 2885 3030 2925
f 2423 2238 2420
f 3077 2643 2369
f 1923 2417 2484
f 1923 2484 2283
f 1089 1923 2283
f 3025 2643 3142
f 1694 2139 1280
f 954 962 2392
f 425 678 1045
f 1102 678 425
f 2410 947 2435
f 1805 2435 1082
f 377 2981 634
f 1372 2062 320
f 954 2392 577
f 3043 3054 2952
f 3033 2812 2082
f 3073 2720 2983
f 2474 2392 2439
f 513 1510 932
f 1087 2895 2853
f 3056 3010 2892
f 2395 2397 2299
f 1380 198 256
f 2645 2969 528
f 1787 2543 2465
f 1799 2465 2543
f 2483 2456 957
f 1712 19 1917
f 2325 2954 2974
f 2452 2509 2534
f 2391 1215 2509
f 1490 2145 1489
f 2478 160 2464
f 2397 2409 2530
f 3038 2815 2572
f 1504 1913 1503
f 1451 2145 1490
f 1737 651 2952
f 2951 651 390
f 963 2064 569
f 2953 2799 938
f 963 569 1780
f 568 836 1780
f 1715 2929 1509
f 1502 1496 2632
f 2477 2536 2434
f 2554 2434 2536
f 2944 2810 2018
f 87 266 264
f 3061 3095 3000
f 626 539 1128
f 1255 1128 539
f 1057 303 2015
f 846 1394 1419
f 2881 2800 2882
f 3067 1153 3022
f 628 2628 848
f 2742 2760 2867
f 553 568 788
f 2882 2800 2835
f 553 629 2611
f 428 709 137
f 791 631 552
f 2793 2754 2792
f 2792 2754 2740
f 2671 2549 2689
f 2765 2853 2734
f 2689 2549 2414
f 2797 2778 2811
f 2811 2781 2797
f 2660 179 856
f 1767 1220 1261
f 2981 3019 634
f 569 2064 1502
f 569 1502 2632
f 861 2793 1066
f 2250 2766 2734
f 2940 1135 2802
f 969 1433 568
f 2767 940 1748
f 2320 428 2290
f 2782 389 371
f 1740 2405 359
f 978 2544 2710
f 2738 2691 2642
f 2429 2664 2714
f 2429 2714 2776
f 2376 2514 3025
f 2750 2660 943
f 2738 2642 381
f 382 1441 783
f 3072 2990 388
f 414 1701 1547
f 2713 2792 2740
f 1103 70 913
f 1043 76 109
f 553 552 629
f 978 939 766
f 2701 2634 2459
f 2590 2304 2328
f 2825 2807 1460
f 2615 2696 369
f 2900 2997 2726
f 2689 2414 2709
f 2640 2634 782
f 2701 2459 2716
f 998 2127 1600
f 1396 1768 1415
f 1419 541 1429
f 966 2505 2145
f 2895 2748 2734
f 2895 2734 2853
f 2676 2421 2691
f 2589 2411 2623
f 2157 2158 2029
f 2880 69 653
f 630 989 924
f 767 2005 632
f 1073 1777 945
f 1448 1719 632
f 2656 1777 2554
f 2971 2763 2810
f 2955 1447 1058
f 2935 2015 2895
f 2544 2633 2426
f 2388 2515 2376
f 279 326 275
f 2947 2751 2857
f 2893 2084 2868
f 1213 2534 2509
f 2823 537 2374
f 125 2545 1779
f 568 1780 569
f 2792 407 1066
f 570 359 2299
f 359 1781 849
f 2963 2951 2767
f 1923 2178 2519
f 2960 2949 535
f 1183 1184 2335
f 1272 2960 1470
f 1272 657 866
f 2965 2966 2989
f 2949 2965 2939
f 803 2517 2544
f 258 1395 257
f 755 3034 397
f 2813 1665 1129
f 2963 3054 3013
f 2476 2474 2492
f 2490 2474 2433
f 953 574 2168
f 2464 160 260
f 1124 3019 2981
f 3063 2895 1087
f 2029 173 251
f 2792 1281 407
f 458 2276 2385
f 1135 3003 1465
f 1490 1489 2087
f 2464 2453 623
f 2464 260 2408
f 2412 911 994
f 2918 2961 2935
f 928 2590 1280
f 1777 1216 1354
f 1354 1361 1777
f 2067 2420 2238
f 559 558 298
f 2396 797 1252
f 452 1176 1964
f 3102 3058 3093
f 1317 1805 1082
f 1082 2435 947
f 635 1485 924
f 1224 1094 797
f 1094 1252 797
f 2315 406 1097
f 406 667 1098
f 2396 1169 824
f 1350 352 1369
f 1527 1937 2087
f 1056 1805 1317
f 3058 2976 3060
f 732 734 1047
f 3046 3099 3108
f 3049 3108 411
f 3049 411 3125
f 1790 2455 819
f 2335 2383 2275
f 1562 667 2315
f 2466 2443 2161
f 2466 2161 2508
f 1115 2934 2559
f 256 231 2473
f 1540 3088 1542
f 1542 3088 3087
f 3021 2948 875
f 2986 3134 3087
f 3126 2777 3133
f 506 2817 420
f 1166 614 1232
f 1510 1948 1535
f 2562 2508 1816
f 1592 2794 3033
f 2488 2538 2238
f 2538 2573 2238
f 11 3128 2856
f 2164 2055 1100
f 2697 2992 3068
f 2171 2437 2106
f 2171 881 2437
f 1807 2499 1847
f 602 1807 1847
f 2508 2584 2565
f 2573 2360 2238
f 2897 3039 2366
f 3012 3011 2613
f 734 679 1958
f 679 734 436
f 347 2395 2588
f 2403 1106 2428
f 1841 1840 1842
f 2305 2444 2214
f 992 2980 2437
f 2985 644 1474
f 2484 2612 2283
f 2647 611 2524
f 2524 2604 817
f 2562 1816 2584
f 2565 2646 2647
f 2324 2285 2323
f 2606 2605 2521
f 2521 2568 2606
f 244 600 599
f 3025 2514 2643
f 2403 595 1106
f 145 2694 506
f 2417 811 2563
f 1108 2934 1115
f 604 811 1850
f 1194 1964 1176
f 1894 1043 101
f 1194 1176 2276
f 718 1588 437
f 437 2841 718
f 2377 2637 2281
f 1719 919 399
f 1662 1658 2561
f 2324 2292 2285
f 2612 2625 833
f 2303 2412 2379
f 2669 1841 1836
f 819 2455 2662
f 1109 496 1667
f 2613 2372 2214
f 2234 2376 2515
f 2361 2590 2328
f 2727 2666 1845
f 1176 2385 2276
f 2658 581 2600
f 2086 2438 1293
f 2224 2514 2074
f 2221 2372 2366
f 2372 2221 2214
f 811 1339 1362
f 2368 2990 3064
f 1357 610 1817
f 934 601 585
f 2775 2677 2624
f 2746 1345 1371
f 2371 2215 2363
f 2128 718 2237
f 2171 2193 1109
f 1408 1370 1849
f 869 1505 3118
f 2066 2275 2265
f 2593 1158 620
f 1969 2281 706
f 2270 601 2840
f 829 2787 1830
f 2801 2830 2677
f 1296 457 691
f 2215 2371 2144
f 1296 691 1171
f 458 158 1963
f 2193 2171 1952
f 1952 1628 2193
f 2789 2885 589
f 1624 1634 1643
f 2049 2160 2134
f 248 2879 2818
f 2066 2065 1990
f 1158 2904 620
f 845 563 562
f 2885 2789 2730
f 1170 1287 1296
f 1414 2928 2796
f 2109 1643 1986
f 2846 2774 2923
f 571 2911 2774
f 2109 1986 2147
f 1639 1640 1003
f 432 1676 431
f 1229 2063 1959
f 626 1128 2926
f 1760 1413 2787
f 2172 2284 2109
f 2849 2924 787
f 1877 787 2906
f 1256 1008 1952
f 2284 2172 705
f 2915 1258 581
f 474 699 470
f 2987 2943 2899
f 756 475 472
f 1351 1664 1567
f 1269 1142 1267
f 1309 1687 1633
f 798 1687 1309
f 473 798 373
f 2180 2287 2248
f 2285 2287 2180
f 3044 3032 2924
f 787 3032 3041
f 2925 3064 2991
f 1229 1566 265
f 3032 3044 3041
f 1038 1969 706
f 2195 2226 1197
f 2749 2875 3045
f 447 478 476
f 3000 3052 3070
f 447 756 113
f 136 477 426
f 1183 1007 1126
f 2987 384 1465
f 1235 3080 3062
f 2380 2321 3026
f 1039 546 1755
f 2206 2282 2131
f 21 138 27
f 8 24 9
f 167 91 58
f 25 91 168
f 2132 996 3086
f 225 464 272
f 387 392 272
f 3101 2616 3015
f 674 772 321
f 635 924 1893
f 459 805 799
f 2172 1004 705
f 484 855 813
f 2838 2332 2650
f 3021 2824 1124
f 504 904 1024
f 1459 1346 1127
f 150 1410 1204
f 276 274 82
f 1392 1541 901
f 1318 1149 1627
f 1627 1149 1320
f 1653 1541 1392
f 2844 2649 2332
f 2844 2332 2704
f 1304 991 1619
f 686 1704 906
f 895 1410 1411
f 2772 1897 1657
f 214 82 297
f 1812 1459 1298
f 1726 1476 489
f 1318 1627 1539
f 1488 1703 1487
f 1136 1723 1900
f 442 719 1825
f 3075 2970 2772
f 1539 1627 1898
f 2071 2113 1646
f 1636 2113 480
f 1970 1762 1944
f 1983 1918 1970
f 1918 1762 1970
f 2910 2708 2848
f 1999 1972 2027
f 1999 1974 1972
f 1976 1959 2063
f 1897 2772 3028
f 3028 2772 2858
f 208 2858 1709
f 2060 2000 2081
f 3019 2695 2516
f 2894 1135 2503
f 2503 2295 2894
f 2092 1895 1896
f 2105 2060 2081
f 1522 1915 1702
f 1914 1912 1916
f 2723 2722 2336
f 1485 635 1557
f 2756 203 2531
f 1957 2117 2115
f 2117 2089 2121
f 1628 1952 1008
f 2121 2089 2114
f 1294 909 2204
f 2208 1981 2143
f 2174 2035 2175
f 2217 2175 2035
f 2217 2035 2149
f 2516 879 635
f 2122 1577 2120
f 910 2120 335
f 2120 1577 335
f 737 2123 502
f 510 2308 916
f 2110 1957 2216
f 2110 2173 1960
f 2332 2413 2151
f 2460 751 1005
f 1507 1579 1011
f 665 2380 1286
f 1525 416 1720
f 2288 2333 2352
f 2342 2254 2279
f 750 883 1032
f 2211 2223 751
f 1822 1632 1300
f 1013 1559 1009
f 2332 2151 2075
f 1038 1756 471
f 1009 1557 1013
f 434 1288 524
f 1164 1008 132
f 635 879 1557
f 2104 879 2330
f 434 1148 502
f 2338 2249 2174
f 2308 510 2218
f 313 1329 665
f 2022 2185 2280
f 335 1568 1569
f 2346 2342 2297
f 2288 2075 2211
f 2516 2330 879
f 2204 2112 1130
f 2596 514 2370
f 1523 519 1545
f 510 2338 2174
f 1559 1703 1009
f 1918 2156 2223
f 2209 2223 2156
f 2209 2129 751
f 2223 2209 751
f 2191 2105 2138
f 2298 2112 2629
f 2121 2115 2117
f 2413 2332 2649
f 1895 2092 2108
f 2156 2073 2129
f 2307 2249 2338
f 1916 1523 1545
f 2094 1606 2016
f 2919 2321 2759
f 2114 2089 2088
f 1561 521 518
f 1924 1957 2110
f 2359 2240 2309
f 2824 2348 2330
f 1007 469 1549
f 2359 2344 2240
f 2772 2655 2598
f 1483 1126 1007
f 2027 1997 2026
f 2026 1984 1022
f 2035 2107 1929
f 1979 1929 2107
f 2117 1977 1979
f 1957 1977 2117
f 1918 122 441
f 1623 1126 908
f 1974 1973 1972
f 2852 2773 2970
f 2345 1291 2293
f 3118 2852 2970
f 1973 1947 1972
f 2344 2326 2240
f 715 1832 1947
f 1972 1947 1832
f 3002 1135 2894
f 1918 906 1762
f 1762 1704 1944
f 647 2910 2848
f 2858 2772 2598
f 1505 869 2135
f 2296 2298 2311
f 1825 719 715
f 1832 715 1611
f 1476 498 1326
f 449 150 491
f 1543 485 449
f 1267 1268 1269
f 896 155 684
f 2858 2598 2357
f 1909 2858 2357
f 1301 687 339
f 449 485 150
f 2938 2723 2932
f 1143 1010 886
f 1392 1010 1143
f 2906 521 538
f 1377 1119 357
f 2296 2277 2268
f 1146 771 646
f 99 733 96
f 2875 2847 2959
f 2135 3137 2133
f 280 393 321
f 1902 1449 642
f 341 136 75
f 305 138 711
f 995 249 139
f 2289 427 1014
f 124 747 259
f 253 249 995
f 3070 3096 3116
f 3070 3116 3100
f 316 1287 1120
f 463 1256 1191
f 2985 1886 1468
f 3074 3086 3035
f 2132 3086 3074
f 447 476 756
f 2359 2309 521
f 1692 1229 967
f 771 1146 1258
f 1191 1256 1533
f 720 305 711
f 1465 3003 2995
f 1126 1312 138
f 967 1549 1738
f 3021 1124 860
f 1008 1256 219
f 1291 737 1292
f 124 316 747
f 3022 1153 561
f 3015 3071 3052
f 1584 271 2102
f 2151 665 2102
f 2151 2102 271
f 786 1462 1886
f 571 2932 3014
f 1258 2978 2872
f 3023 3051 3040
f 1982 2022 2210
f 1167 472 480
f 1471 2106 1716
f 1253 3031 374
f 1250 931 2669
f 1116 2981 377
f 664 2138 2056
f 933 2849 787
f 1235 2775 549
f 1652 1716 2086
f 1241 1258 2872
f 2066 1990 1299
f 167 287 289
f 1409 1255 2905
f 1422 1371 1408
f 1976 2063 2213
f 1877 828 1784
f 1383 2855 2272
f 497 393 280
f 1414 2796 980
f 2730 2789 2870
f 2730 1238 2927
f 697 2276 458
f 2209 2156 2129
f 2275 2232 2265
f 280 392 776
f 2827 2871 1792
f 2153 2016 2112
f 2827 840 2886
f 2153 2094 2016
f 246 237 1794
f 548 47 645
f 913 158 458
f 317 1579 165
f 983 934 1357
f 601 934 2840
f 1113 704 709
f 831 261 548
f 2273 1113 709
f 842 2732 2866
f 2746 2866 2732
f 2733 2780 2854
f 2718 2788 2816
f 603 2271 2819
f 2680 2579 851
f 1133 1029 485
f 2224 2329 2369
f 2286 2323 2285
f 578 1042 233
f 1800 580 1244
f 1801 1114 581
f 1392 901 1010
f 934 585 1357
f 710 445 1605
f 2129 2072 1944
f 1970 1944 2072
f 2600 581 1114
f 881 1109 495
f 2749 2599 2582
f 800 2749 2582
f 2692 1362 2184
f 451 1185 880
f 2388 2376 422
f 1353 1338 1352
f 687 481 339
f 496 1666 992
f 1596 1598 2729
f 2732 2747 2614
f 1595 1596 2729
f 728 154 1132
f 485 1543 1133
f 1894 101 680
f 116 70 76
f 1315 1669 1206
f 1648 1023 487
f 682 739 1956
f 1896 491 2092
f 2540 2576 1245
f 2635 585 601
f 723 1985 433
f 1656 907 625
f 1237 2668 2683
f 2747 842 2532
f 2532 2614 2747
f 1294 1130 1606
f 1131 891 329
f 3039 2495 2366
f 3037 2777 3126
f 1981 1017 890
f 990 3087 1587
f 1898 893 1210
f 435 1280 2323
f 1280 2590 2323
f 906 441 1314
f 2658 2560 231
f 2584 2646 2565
f 2635 2604 2673
f 2647 2646 611
f 2501 2614 2532
f 680 3048 3112
f 1957 1686 1620
f 2484 2563 2626
f 2612 2484 2626
f 2612 2626 2625
f 3077 3114 3083
f 673 1924 1960
f 2817 3068 668
f 1941 1942 1988
f 895 719 1593
f 2610 2455 2587
f 1105 1850 1095
f 3102 2976 3058
f 3016 3122 3131
f 1977 1620 1856
f 2400 2445 1338
f 3123 1573 870
f 1573 1284 870
f 1941 1988 3073
f 3065 3103 1988
f 1949 1935 1936
f 906 1704 1762
f 3115 3090 1542
f 2588 2527 2528
f 1928 1736 2035
f 1895 2035 1736
f 1736 1637 1895
f 1987 1543 1802
f 2607 2620 2525
f 2525 2491 2607
f 1811 1647 1944
f 2564 2607 2491
f 962 1169 2564
f 3053 2898 3098
f 3119 3098 2898
f 1565 1714 1301
f 1852 946 2450
f 1852 2450 1334
f 2422 2597 2500
f 2035 1682 1928
f 668 754 1528
f 1565 1301 1513
f 423 1275 36
f 3025 1275 423
f 2475 809 2506
f 2048 2462 2475
f 1647 1565 1459
f 1531 1521 2810
f 1099 953 1333
f 1941 3073 2983
f 1169 1252 1101
f 2436 2397 2471
f 1532 2239 2475
f 2475 1331 830
f 1620 1392 1143
f 1025 905 1434
f 1532 2475 830
f 1016 625 907
f 3043 3013 3054
f 1602 2104 1967
f 2392 2525 2433
f 397 870 3006
f 415 1272 757
f 2092 491 1742
f 2432 2466 2431
f 2391 2436 2430
f 2312 2998 2949
f 2998 3018 2966
f 260 1869 618
f 2961 2015 2935
f 1377 357 1318
f 2075 163 1918
f 2391 2455 1790
f 1810 2061 1360
f 903 486 488
f 170 173 1803
f 575 958 1099
f 953 958 574
f 2236 1051 760
f 2439 2392 2433
f 898 1278 712
f 1066 407 2837
f 2341 251 1753
f 2936 1196 334
f 2394 817 2339
f 770 1381 769
f 2339 2404 2393
f 2913 2189 69
f 69 2880 2913
f 334 100 73
f 654 73 72
f 334 1196 100
f 1292 1016 1919
f 1603 72 69
f 2428 807 2426
f 864 2632 1496
f 2185 1967 2104
f 1799 2422 2465
f 901 66 648
f 1812 1967 2185
f 2401 2391 2452
f 2936 2896 1196
f 2452 2391 2509
f 1215 2391 1790
f 836 568 1787
f 66 1010 648
f 2024 2425 2548
f 2548 2493 2414
f 653 2878 2880
f 2108 1606 2094
f 12 261 831
f 769 301 640
f 1376 352 1404
f 352 2406 1405
f 2434 2554 582
f 938 2152 937
f 2452 2534 2552
f 1982 751 2129
f 365 2543 364
f 674 321 393
f 770 769 308
f 1923 1798 2542
f 2648 2649 2959
f 1075 575 2535
f 575 1075 958
f 1075 574 958
f 2876 2803 2785
f 645 47 66
f 2778 2779 2811
f 1321 1196 291
f 2903 2751 2676
f 382 1442 94
f 968 2067 837
f 777 641 126
f 2218 1895 2219
f 2219 2108 2203
f 1895 2108 2219
f 775 2014 2758
f 2403 2429 2535
f 2018 2640 782
f 2608 2640 2490
f 2018 782 2717
f 2094 2205 2220
f 1460 2758 2696
f 639 346 1325
f 574 1075 1066
f 2534 1213 2571
f 2204 909 2222
f 883 2227 2122
f 782 2701 2717
f 2717 2716 2522
f 1407 378 1382
f 2181 2405 1740
f 2709 2630 2739
f 2739 2024 2709
f 971 129 128
f 125 1779 852
f 854 856 179
f 849 570 2636
f 2186 966 2145
f 1891 2617 779
f 1074 560 1771
f 2690 2642 2519
f 368 2642 2691
f 2520 2426 2713
f 2571 1213 1752
f 2222 910 2212
f 560 2252 2547
f 2382 2293 2551
f 2251 857 2252
f 1014 2122 2227
f 2688 2660 856
f 2233 2212 910
f 568 1433 788
f 376 852 1953
f 2326 1291 2240
f 1291 1927 2240
f 2762 2636 2652
f 2705 2158 2157
f 1927 2245 2243
f 2700 2644 1175
f 960 540 305
f 664 2056 2192
f 2689 2709 2024
f 2636 570 2299
f 879 2104 1013
f 2578 179 2641
f 2414 2411 2630
f 370 151 1380
f 2250 637 2766
f 2219 2203 2291
f 2769 2700 2698
f 2263 2291 2203
f 2656 945 1777
f 2067 968 370
f 2547 857 2583
f 857 1174 2583
f 2152 2799 2571
f 1420 1390 371
f 2505 2687 2145
f 478 702 476
f 371 2396 2572
f 381 2150 2738
f 2691 2738 2676
f 2750 2785 2803
f 1077 2546 361
f 949 2545 125
f 2785 1307 639
f 803 1082 2517
f 1082 970 2517
f 1407 932 378
f 1291 2326 2293
f 2530 2409 2557
f 2557 2409 2457
f 2790 2808 2700
f 2799 2152 938
f 2492 1173 2476
f 2150 2857 2738
f 2881 2808 2790
f 2881 2768 2800
f 1393 2032 1785
f 1173 577 2476
f 2490 2492 2474
f 2869 2779 2799
f 2876 2785 2896
f 2896 2785 639
f 2426 803 2544
f 378 932 1695
f 947 970 1082
f 2236 1058 768
f 1058 2656 768
f 1257 947 1946
f 1451 2186 2145
f 1450 2186 1451
f 2821 2820 2319
f 1402 1351 1343
f 1879 358 1875
f 2263 2277 2311
f 2414 2493 2425
f 2428 2429 2403
f 1047 2803 2876
f 2295 1569 2316
f 747 1120 216
f 2965 2883 2939
f 2046 2459 2400
f 2912 2914 2939
f 535 2939 2914
f 535 2914 935
f 493 2417 2421
f 938 937 2235
f 512 742 1680
f 2901 2319 2187
f 1930 1931 914
f 1931 1930 1555
f 1807 2411 2416
f 333 1308 663
f 2420 2424 2423
f 619 1249 806
f 2956 2892 2782
f 619 1868 1249
f 830 1869 260
f 474 465 1567
f 2279 2297 2342
f 743 427 2289
f 3008 938 2235
f 359 2510 2521
f 2480 2510 359
f 2239 2042 809
f 1649 1163 1277
f 810 2170 2283
f 2450 2418 2425
f 952 2169 2043
f 870 757 1500
f 2291 2311 2298
f 2288 2352 2332
f 2239 809 2475
f 810 1853 1854
f 810 2283 1853
f 1652 477 1716
f 61 3017 2999
f 1807 602 1095
f 1530 2941 2953
f 2169 2502 2043
f 2597 2501 2500
f 1483 1007 1549
f 1692 967 1738
f 3091 3029 3083
f 231 2560 2473
f 3050 1996 1080
f 844 1857 816
f 2511 2512 2528
f 2929 1693 1509
f 2484 2417 2563
f 3099 3066 3078
f 2562 2584 2508
f 2521 2605 2512
f 2521 2510 2568
f 1359 2428 1106
f 1256 1952 1533
f 3111 3141 3091
f 917 2308 2291
f 2560 2600 2574
f 3138 3119 3016
f 3053 3098 3039
f 2566 2482 2677
f 2450 946 1110
f 2992 3135 3068
f 817 2604 2635
f 420 2817 668
f 1110 2621 2450
f 986 3007 1666
f 2968 1192 1047
f 2593 2498 1158
f 1158 2498 2447
f 1237 2683 2653
f 2358 2668 1237
f 2307 2338 2567
f 826 800 818
f 917 2338 510
f 988 1190 1673
f 2692 2626 2563
f 1293 2934 1108
f 1293 2378 2934
f 1894 2992 2697
f 2579 2680 1847
f 506 2694 2817
f 1356 1835 1355
f 2616 2173 2336
f 213 211 285
f 1830 211 829
f 1989 1950 2125
f 2721 804 2599
f 804 244 2599
f 880 2909 678
f 826 1245 1244
f 997 2777 990
f 78 2856 2777
f 78 11 2856
f 2390 2841 2843
f 2662 2455 2741
f 881 992 2437
f 992 495 1667
f 2703 2789 589
f 2590 2449 2304
f 2377 2654 2637
f 2372 2613 2675
f 2744 835 604
f 604 835 1365
f 2398 2841 2390
f 1197 1163 1976
f 1342 1242 1384
f 1664 1806 2160
f 1115 2559 1613
f 2764 2599 2749
f 1363 1793 1378
f 2303 2377 2281
f 706 679 436
f 875 2460 1005
f 2682 1841 1435
f 2832 2806 2850
f 2764 2749 2712
f 2848 2586 2601
f 2749 2809 2712
f 1597 1654 912
f 1598 912 1600
f 2708 2756 2585
f 2850 2806 2884
f 2449 2305 2304
f 2398 2390 2329
f 2805 2926 1385
f 2852 514 2594
f 2234 2387 422
f 544 2927 239
f 2337 2381 2674
f 1115 1293 1108
f 792 2775 1042
f 1786 1435 1246
f 2674 2551 2359
f 1254 571 620
f 3106 2332 2838
f 1109 881 2171
f 2801 2775 1235
f 2103 2226 2310
f 255 1141 1067
f 2894 2295 2316
f 1141 583 1067
f 1629 2290 2193
f 2371 1643 2144
f 1625 1643 2371
f 542 2928 1414
f 2801 3062 2946
f 2134 2256 2257
f 705 1004 1195
f 1635 1293 1115
f 2695 2824 2330
f 2838 2650 2460
f 268 544 2077
f 268 2077 951
f 2002 2180 2111
f 1296 462 698
f 2704 2332 3106
f 1806 2128 2160
f 2172 2147 1004
f 1909 2533 1225
f 2357 2533 1909
f 1761 543 1750
f 2049 2134 1567
f 2221 2195 1197
f 2002 1692 2066
f 2066 1692 2065
f 2128 1038 706
f 1299 1990 1954
f 469 1299 1954
f 1906 1296 1287
f 2616 2336 2722
f 3051 2985 1474
f 1200 105 118
f 2925 2368 3064
f 3030 2368 2925
f 1578 474 470
f 2215 2144 2228
f 1258 1146 2848
f 3022 2995 3067
f 3003 3067 2995
f 1229 1649 1566
f 3092 388 3113
f 399 919 999
f 999 919 1914
f 967 1483 1549
f 1968 1631 1966
f 476 692 475
f 3116 2722 3100
f 1012 463 1191
f 647 2848 1146
f 3014 917 2997
f 2932 917 3014
f 245 900 798
f 3137 2135 869
f 136 426 139
f 3117 3075 273
f 1643 1625 1618
f 3101 531 2616
f 587 225 167
f 1618 1624 1643
f 1618 1617 1624
f 917 2726 2997
f 1010 159 886
f 1027 776 713
f 1665 2813 2316
f 2973 3106 2930
f 3106 2838 2930
f 2838 2460 2930
f 902 1031 1029
f 903 674 898
f 1270 2085 867
f 1484 1270 867
f 1113 2273 1629
f 3089 1040 2359
f 1040 2674 2359
f 2292 2287 2285
f 1270 530 764
f 1897 208 292
f 901 1428 1374
f 1541 1428 901
f 850 400 401
f 1439 1119 1539
f 1119 1479 1539
f 150 1204 1606
f 1135 2342 2503
f 1143 886 1620
f 159 1543 1638
f 2824 875 1138
f 2859 2757 647
f 2910 647 2757
f 2910 2757 2708
f 2726 917 2298
f 1297 907 894
f 2516 635 2907
f 996 1270 1484
f 1788 1978 1856
f 1270 996 530
f 1742 491 150
f 1225 2533 1273
f 2504 2295 2503
f 743 2289 1273
f 1647 1812 2022
f 2026 1997 1984
f 1982 1944 1647
f 1022 1984 730
f 2629 2222 2386
f 1898 1019 1539
f 1595 2284 705
f 1005 751 875
f 31 1286 2531
f 2215 2284 2363
f 2415 2585 1286
f 1579 164 165
f 878 2201 1710
f 2143 1981 890
f 1294 2204 1130
f 2105 2191 1594
f 1989 2125 2103
f 2114 2107 2174
f 2107 2035 2174
f 2254 2342 2375
f 2218 2149 2035
f 2056 2027 2192
f 2533 2357 743
f 2103 2125 2100
f 2151 296 2075
f 2940 2629 2386
f 517 68 324
f 2386 1135 2940
f 107 1026 271
f 501 1026 107
f 996 2132 60
f 2173 2110 2336
f 2022 2280 2348
f 2316 1569 1139
f 665 2151 2321
f 1934 1210 1689
f 1551 1934 2282
f 1684 883 750
f 2110 2216 2249
f 2243 2278 1927
f 2124 1584 2102
f 1268 2927 1721
f 520 521 742
f 883 664 1032
f 2220 2153 2112
f 2220 2268 2094
f 2278 2244 2309
f 1918 2223 2211
f 884 1724 175
f 2561 1625 2363
f 2291 2263 2311
f 2121 2114 2174
f 1689 164 1579
f 1014 1547 877
f 1014 877 2289
f 2192 2027 887
f 2192 887 2101
f 1696 521 511
f 737 1016 1292
f 2460 2333 751
f 2306 2345 2382
f 2345 2293 2382
f 2551 2293 2326
f 2359 2326 2344
f 2118 1294 1590
f 1590 1594 2119
f 317 1137 413
f 1019 1898 439
f 438 1589 1212
f 2108 1742 1606
f 767 632 1719
f 329 889 890
f 521 520 511
f 1553 519 1696
f 1525 1552 823
f 1982 1647 2022
f 428 2320 709
f 2282 1689 1519
f 917 2567 2338
f 2708 2585 2586
f 2756 2531 2585
f 412 661 1034
f 673 1686 1924
f 2567 2723 2307
f 1987 1637 1865
f 1895 1637 1987
f 917 2291 2298
f 1656 904 504
f 2438 2106 2976
f 1410 895 1204
f 521 2862 2359
f 1902 642 1696
f 1525 823 1710
f 1316 683 906
f 896 684 683
f 687 1301 1714
f 2226 2366 2495
f 1893 634 2907
f 1665 2316 1139
f 2368 2337 1040
f 2723 2567 2932
f 2759 2648 2959
f 674 903 772
f 872 656 646
f 2859 647 95
f 646 210 872
f 2959 2957 2759
f 2321 2919 2847
f 3026 2321 2847
f 1505 2852 3118
f 99 12 357
f 2932 2567 917
f 388 3092 3041
f 960 967 540
f 138 1312 711
f 2855 2930 2272
f 269 540 967
f 316 113 1287
f 3137 3117 273
f 3137 869 3117
f 1533 1471 477
f 477 1191 1533
f 1351 1567 465
f 1040 2906 3113
f 3092 3113 2906
f 1507 546 1039
f 1041 2559 2794
f 3137 273 2133
f 2990 1040 388
f 1622 1756 1670
f 1229 1959 1649
f 924 1485 993
f 3045 2959 2973
f 542 85 2132
f 1153 2813 1154
f 1163 1649 1976
f 3076 3035 3097
f 1004 2147 1986
f 1893 989 627
f 2049 1664 2160
f 2132 3074 3036
f 630 1431 627
f 627 989 630
f 3072 2991 2990
f 3044 3072 388
f 3044 388 3041
f 3041 2906 787
f 682 64 739
f 2134 2257 2097
f 2285 2180 2002
f 2248 2287 2063
f 2987 1465 2943
f 1465 2995 2943
f 851 642 1449
f 2930 3009 3045
f 2995 3022 2984
f 2257 2256 2097
f 1969 911 2281
f 1194 2276 697
f 1171 691 1194
f 2672 672 1662
f 2967 3022 561
f 3004 2975 3030
f 1413 1760 226
f 158 913 445
f 2363 1625 2371
f 2900 2923 2997
f 458 2385 913
f 351 454 217
f 2925 2991 2924
f 1185 2234 422
f 2234 2388 2387
f 2234 2515 2388
f 567 2940 2865
f 2329 2390 2389
f 1877 1784 787
f 845 2948 563
f 2272 2948 845
f 2303 2379 2377
f 911 2412 2303
f 2775 792 549
f 2385 1103 913
f 581 1258 1241
f 2369 3139 3114
f 1123 562 563
f 2070 853 2871
f 145 494 2694
f 494 1894 2694
f 494 443 1894
f 1877 2906 828
f 2916 3045 3009
f 2749 3045 2916
f 1384 1873 2069
f 2675 3011 2372
f 2372 2897 2366
f 1176 1193 2385
f 1416 2886 840
f 2871 1251 1792
f 677 880 678
f 2389 2843 3024
f 2613 3011 2675
f 1250 348 985
f 2834 2855 2721
f 2678 984 822
f 2841 2917 2843
f 2733 2854 2798
f 616 2718 2816
f 1123 563 860
f 851 839 2680
f 3024 3111 3139
f 1044 2749 800
f 2843 3111 3024
f 2843 2917 3111
f 2917 2968 3111
f 1110 2814 2621
f 928 2449 2590
f 3053 2613 2444
f 2591 2146 965
f 2613 3053 3012
f 3141 3111 2968
f 2968 1047 3141
f 2725 2899 2741
f 2662 2899 2845
f 2741 2899 2662
f 2449 3053 2444
f 1284 740 2197
f 2719 1158 2447
f 573 2593 620
f 3142 3121 3025
f 1352 2618 1413
f 3140 3077 3121
f 3135 1188 668
f 3135 3127 1188
f 3127 3112 1188
f 2438 3102 3093
f 1245 588 1244
f 1808 601 2271
f 3077 3083 3027
f 2438 2888 2971
f 3038 2438 3093
f 285 242 1389
f 591 828 2592
f 2610 2725 2455
f 3094 755 1188
f 626 2926 2795
f 231 2659 2658
f 1186 1281 662
f 3085 2720 3103
f 2582 818 800
f 3078 3034 755
f 3078 3066 3034
f 2661 2618 2619
f 1933 1996 2137
f 3066 870 3034
f 402 1941 2983
f 2369 3114 3077
f 2528 822 347
f 3057 3007 2974
f 1715 2001 2929
f 1942 10 1988
f 2418 2592 2499
f 2955 3050 1080
f 3018 2989 2966
f 2989 3017 2950
f 2460 2332 2352
f 1083 2950 1926
f 3007 2325 2974
f 1666 3057 992
f 2569 2553 2580
f 2550 2569 2580
f 1254 2904 375
f 818 2577 1820
f 3010 2974 2954
f 3010 650 2892
f 2979 1047 2896
f 2952 2898 1737
f 2960 535 1469
f 1498 2657 766
f 1861 2570 2482
f 2949 2939 535
f 2527 2588 2526
f 2729 1556 2672
f 2526 2588 2395
f 2835 2883 2965
f 2961 1057 2015
f 672 1098 667
f 1452 650 2954
f 2892 650 389
f 2379 2412 2918
f 1447 1080 127
f 2869 2799 2941
f 2891 2930 2890
f 3079 3134 3126
f 2931 2811 2869
f 1333 595 1099
f 2908 2930 2891
f 2657 1498 2633
f 2405 2472 2480
f 2914 2826 936
f 2525 2468 2433
f 2895 2015 2748
f 2869 2811 2779
f 2482 2447 350
f 2865 2940 2802
f 1141 839 851
f 1053 1348 1946
f 2687 1489 2145
f 2748 2250 2734
f 1060 1753 1337
f 1753 200 2341
f 3098 3119 3039
f 2409 2436 2401
f 2391 2401 2436
f 3131 3039 3016
f 940 2767 390
f 2797 2686 2762
f 2686 2797 2781
f 2742 2686 2760
f 2404 2402 2431
f 849 2742 1739
f 2496 251 2341
f 2713 2633 2792
f 2750 943 1307
f 2785 2750 1307
f 2632 864 969
f 1798 1923 1089
f 2686 2742 849
f 2753 2771 636
f 2768 2698 2711
f 978 1071 939
f 1071 2154 939
f 2762 2622 2778
f 2779 2530 2799
f 2696 2758 2155
f 2429 2428 2520
f 552 2154 1071
f 2490 2400 2451
f 2082 1222 378
f 2702 2572 1173
f 1284 415 870
f 2196 3129 3104
f 1945 51 2313
f 425 51 1945
f 2890 2834 2891
f 196 51 425
f 2029 251 2496
f 39 37 196
f 2496 2341 2494
f 2426 2681 2713
f 2705 2157 2496
f 575 2403 2535
f 2535 2429 861
f 2664 2520 2713
f 3122 3016 3084
f 1376 1404 628
f 2547 2252 857
f 570 1781 359
f 1173 2396 950
f 2396 371 797
f 3108 3078 3094
f 3108 3099 3078
f 969 568 569
f 157 129 267
f 322 267 1259
f 129 179 1259
f 2798 2854 581
f 2602 2536 2477
f 2602 2477 1767
f 560 1889 793
f 2788 2879 2816
f 2819 2879 2788
f 2270 2840 2818
f 948 1257 631
f 2706 2494 2578
f 1216 1777 1776
f 1213 2509 1215
f 2664 2429 2520
f 2490 2459 2608
f 2603 2530 2622
f 2545 949 2537
f 949 125 2478
f 2477 2434 2461
f 1373 1396 1415
f 1281 1189 1048
f 1066 2645 574
f 2496 2157 2029
f 2645 2687 2168
f 1077 361 358
f 2716 2459 2522
f 2457 2409 2401
f 2572 2396 1173
f 1436 1769 1429
f 979 2864 2842
f 2631 1071 2699
f 2631 2699 2710
f 2396 824 950
f 950 824 577
f 577 2392 2476
f 2710 2544 2517
f 1996 3050 3133
f 2456 1223 957
f 2456 624 1223
f 947 2410 1946
f 3090 2958 1542
f 1946 1348 576
f 1518 1540 1542
f 789 2020 553
f 552 553 940
f 43 516 307
f 2735 2707 2660
f 2707 2641 2660
f 2660 2688 943
f 2701 2716 2717
f 2701 782 2634
f 2929 2001 2663
f 980 2796 2659
f 1221 1248 2419
f 957 955 956
f 2222 2629 2112
f 346 639 1324
f 2152 1752 545
f 2656 2554 1261
f 2430 2455 2391
f 2628 2696 2615
f 2715 2717 2522
f 2064 784 1502
f 2752 2696 2628
f 958 953 1099
f 2721 1383 2737
f 2657 2544 766
f 2443 2466 2432
f 2431 2466 2394
f 2839 2715 2082
f 2784 2717 2715
f 2018 2717 2784
f 2024 2739 2821
f 2820 2739 2630
f 2395 2471 2397
f 2810 2763 2640
f 2684 2806 2832
f 1994 1274 850
f 51 1096 927
f 955 612 1090
f 1053 1946 2553
f 2791 2753 973
f 2791 973 2826
f 1053 1844 1344
f 2400 1338 2046
f 2246 1741 535
f 2470 2469 2446
f 2482 2566 2447
f 2839 2082 2812
f 2587 2455 2436
f 817 2466 2507
f 2835 2770 2753
f 1044 800 825
f 1820 1231 1819
f 2903 2676 2857
f 2883 2791 2826
f 2883 2835 2791
f 2860 1899 935
f 1740 1729 1741
f 819 2864 979
f 1058 1447 972
f 2550 1049 2569
f 2580 2553 1946
f 589 2814 1110
f 2760 2781 2893
f 2893 2781 2811
f 1836 2262 1168
f 1850 811 2417
f 739 1057 2918
f 2045 229 1818
f 1169 1101 1830
f 2633 1499 2792
f 2498 2593 2481
f 808 1359 2591
f 2944 2018 2784
f 2319 2901 2821
f 2574 2581 2518
f 2518 2581 2360
f 2518 2360 2539
f 1050 2052 2176
f 2971 2888 2873
f 2951 390 2767
f 1079 1737 2898
f 2189 2882 1083
f 1083 2882 2835
f 2950 1083 2835
f 2944 2784 2839
f 598 1845 2665
f 2665 2624 598
f 1379 1795 2184
f 1795 2626 2184
f 1494 303 396
f 2685 1951 2595
f 72 1603 654
f 3029 2896 3083
f 821 2045 1846
f 2582 2599 2264
f 1603 69 1310
f 2989 2835 2965
f 2989 2950 2835
f 2624 2677 2570
f 2670 2684 2569
f 2569 2684 2595
f 2720 2947 2983
f 2684 2685 2595
f 2998 2966 2965
f 2949 2998 2965
f 2592 2621 591
f 2569 1049 2146
f 415 749 3047
f 3013 2951 2963
f 980 2659 231
f 828 2579 2499
f 2499 2592 828
f 2597 2746 2614
f 2659 2733 2658
f 3027 3083 2896
f 347 822 838
f 2677 2830 2728
f 616 1867 974
f 1387 1388 243
f 1526 2969 407
f 1244 1044 826
f 3056 2892 2956
f 3059 3007 3057
f 1495 753 402

