# https://github.com/mikedh/trimesh
v 0.24349275 -0.29280350 0.39874601
v -0.10788269 0.30756357 -0.08914850
v -0.23901945 0.29816103 -0.40087762
v -0.09063200 0.30874351 -0.08207400
v -0.24112722 0.10707925 -0.40239593
v -0.19981483 0.29654205 -0.40373206
v 0.23882812 -0.29328549 0.40063012
v -0.24507512 0.29896331 -0.06358253
v 0.24765399 0.29443219 -0.20556164
v -0.24027300 0.07542625 -0.40400174
v 0.24726351 -0.29839951 -0.12443400
v 0.24567300 -0.29906151 0.38889900
v -0.21651749 0.30198699 -0.39497349
v -0.24296474 0.30121776 0.33996725
v 0.23875000 0.14726600 -0.39959300
v 0.24084850 0.15278563 -0.39686176
v 0.24783701 0.28721899 -0.15928200
v 0.24784650 0.28830025 -0.15724200
v 0.19525175 -0.29498425 0.39912051
v -0.22639924 -0.11508600 -0.40498969
v -0.24608068 0.29841137 -0.39596331
v 0.24669053 0.29799211 0.18768944
v -0.23960650 0.02412200 -0.40426800
v -0.24419600 0.29587901 -0.40136999
v 0.10432300 0.30328500 -0.06475600
v 0.10019400 0.30351925 -0.06569825
v -0.24074800 0.30003864 -0.37170312
v 0.19984919 0.29906464 -0.07908387
v 0.23456350 -0.30075264 0.38927099
v 0.16075350 0.30061200 -0.07857850
v 0.23991500 -0.29603049 0.39876351
v -0.02783034 0.08449513 -0.40304655
v -0.01599500 0.07395200 -0.39649501
v 0.21406201 -0.10423300 -0.39964101
v 0.00076525 0.31326875 0.02150200
v 0.23636401 -0.07652575 -0.40014276
v 0.24002548 -0.08209211 -0.39742067
v 0.03985294 0.30973369 0.21071419
v -0.15398942 0.30571914 0.06846904
v -0.10959600 0.30804300 0.07286300
v 0.01955406 0.31099388 0.22732900
v 0.24238850 0.01914900 -0.32415426
v 0.24221538 0.01459213 -0.32534751
v -0.08237506 0.30944169 0.07657838
v -0.24608900 0.04976175 -0.30243114
v 0.24526426 0.29811111 -0.00379695
v 0.24799763 0.29680711 0.01735687
v -0.24482912 -0.00141525 -0.34192488
v -0.00199750 0.31186199 0.15011349
v -0.24459624 0.29900756 0.21511276
v -0.22661500 0.30308601 0.17888400
v -0.24027969 0.30231807 0.31110632
v -0.24393803 0.30000716 0.29504731
v 0.22010849 -0.29169300 0.40007725
v -0.22662374 0.30362588 0.30896738
v 0.00295900 0.31155699 0.30725601
v 0.05775678 0.30796000 0.30535868
v 0.06960506 0.30677482 0.25381526
v 0.10031284 -0.10252375 -0.39986804
v 0.24796300 -0.29608351 0.38283250
v 0.24470088 0.29836544 0.24260381
v 0.24912141 0.29617459 0.21124718
v -0.24841300 0.15324999 0.07876000
v 0.24410431 0.29838344 -0.05871106
v 0.00237100 0.31185001 -0.10922900
v 0.09105400 0.30401900 -0.16995050
v -0.05345456 -0.14190903 -0.40054202
v -0.21855563 0.30583087 0.38421762
v 0.07977425 0.30466026 -0.16126776
v -0.11558000 0.30844599 0.37457800
v -0.19732171 0.30209252 -0.39624381
v 0.24766904 0.29686493 -0.05420114
v 0.21799301 -0.28988299 0.40029699
v -0.23404500 0.30216449 0.39083350
v 0.15757801 0.30035600 -0.04924900
v 0.18687594 -0.30006006 0.39278656
v 0.18283799 -0.30187699 0.37836701
v 0.03642787 0.06911944 -0.40269116
v 0.18997300 -0.09147200 -0.40053001
v -0.15646300 0.29944575 -0.39903051
v -0.24738425 0.16103956 -0.24269544
v 0.15172242 -0.12846975 -0.40017578
v 0.20652799 -0.29199100 0.40036649
v 0.02161147 -0.18500431 -0.39954609
v 0.11846750 -0.17235850 -0.39981300
v -0.24694625 -0.22594419 -0.37400681
v 0.23830575 -0.16364956 -0.39977357
v -0.10725003 0.30793980 -0.05096622
v 0.24087997 -0.17234036 -0.39565542
v 0.09325444 0.30408993 -0.14044662
v 0.07609490 0.30520475 -0.13403516
v -0.07352000 -0.25841400 -0.40187901
v -0.24813050 0.14690749 0.10026400
v 0.23885262 -0.20840681 -0.39894226
v 0.20427850 -0.23672400 -0.39866200
v 0.19983900 -0.23707300 -0.39877400
v 0.17216700 0.25444099 0.40170300
v 0.24438500 -0.04254800 -0.07000150
v 0.24445701 -0.04687550 -0.06955225
v -0.24690200 -0.30122787 -0.38641438
v -0.24468248 0.16689768 -0.38833413
v 0.24496651 -0.05896950 -0.08017925
v 0.24477600 -0.05929200 -0.07663100
v -0.24651602 -0.30016816 -0.34518045
v 0.23534501 -0.30089000 0.37897900
v -0.23057285 -0.30304840 -0.35323760
v 0.22876850 0.17284299 -0.39957851
v -0.05842175 -0.30779374 -0.39121300
v -0.23462075 0.13524507 -0.40485612
v 0.20961812 -0.28135163 -0.39924130
v -0.23800050 0.29272050 -0.40530825
v 0.04302239 0.07941406 0.40490258
v 0.10454706 -0.29861581 -0.40031418
v -0.24177490 0.13895234 -0.40137544
v -0.24585070 0.19742130 -0.33938801
v 0.21716601 0.21368399 -0.39979801
v -0.18837729 0.12937140 0.39559793
v -0.24477457 -0.30064031 -0.27881739
v -0.24823496 -0.29641518 -0.25929621
v -0.00868900 0.31076276 -0.23624775
v -0.23934567 0.07547705 0.39307350
v -0.24597262 0.29765788 -0.20556444
v 0.24354050 -0.30135950 -0.37033123
v 0.24626900 -0.28223601 0.39210001
v 0.24572299 -0.11232200 -0.08603500
v -0.24788450 0.28206626 -0.24449575
v 0.24585675 -0.29812050 -0.37761551
v -0.24757081 0.26726326 -0.33659491
v -0.00004125 -0.31211337 -0.30414411
v -0.24588706 0.24683462 -0.38219163
v -0.25023600 -0.10610650 0.10491200
v 0.02463338 0.30789986 -0.32000738
v -0.24836574 -0.29637751 -0.20935351
v 0.18184139 0.11757081 0.40514103
v 0.17474662 0.29847175 -0.39949101
v 0.23800893 0.21669231 -0.39947975
v 0.23765112 0.21579576 -0.39968863
v -0.03620231 0.07690581 0.40247357
v 0.01101700 0.07038000 0.39531401
v -0.24460313 0.29887012 -0.17939413
v 0.03172300 0.06763900 0.39753199
v 0.03711408 0.08103923 0.40000701
v -0.24191417 0.05092417 0.39145234
v -0.08608900 0.29391101 -0.40336251
v -0.09072381 0.30457357 -0.39754656
v 0.19404800 -0.29387999 0.39994451
v 0.24608567 -0.29983678 -0.24927156
v 0.24280100 -0.03521000 0.22284400
v -0.24405999 -0.00828200 0.37852800
v -0.00588409 -0.26699322 0.39755049
v -0.12415300 -0.30179211 0.38805738
v -0.16273750 -0.30061638 0.38975787
v 0.24823549 -0.28513625 0.28426826
v 0.18498100 -0.30217499 0.39049000
v 0.21439976 -0.25072849 0.40208724
v 0.21671300 -0.22146700 0.40302801
v 0.24572621 -0.30058420 -0.15567909
v 0.22176975 -0.20514750 0.40310100
v 0.24015950 0.24874824 -0.39815524
v 0.23878850 0.24311949 -0.39970699
v -0.23221301 -0.30032700 -0.01735000
v -0.24916290 -0.14920618 0.24425124
v 0.00754900 -0.30884099 0.30638701
v -0.24924982 -0.29458076 0.01679581
v -0.24259000 -0.29915300 0.00112200
v 0.24799703 -0.29764020 0.20406188
v 0.18954276 -0.29746825 0.39562875
v 0.24580975 -0.29978850 0.20989200
v -0.24821493 -0.29673243 0.02633477
v -0.24428950 -0.29862374 0.03568275
v -0.24949767 -0.17823069 0.22592671
v 0.21909800 -0.20217299 0.40325701
v 0.24057592 -0.17053711 0.39929536
v 0.24835110 -0.29704770 0.15558302
v 0.24754244 -0.29761311 -0.07027037
v 0.00418147 -0.30981803 0.21492581
v -0.24752131 -0.27597770 0.38183531
v -0.24279299 -0.29854125 0.07244900
v 0.25025398 0.29412919 0.27282897
v -0.24804585 -0.29605642 0.11565629
v -0.24951600 -0.28755900 0.12122100
v -0.24979575 -0.28361976 0.13049901
v 0.24663594 -0.25445369 0.20725982
v -0.24457143 -0.12363312 0.38694823
v -0.24274458 -0.13813460 0.39172506
v 0.24486651 -0.30077413 0.02474212
v -0.24976750 -0.25894600 0.30675524
v 0.23777802 -0.26960966 0.40041459
v -0.05245275 -0.30959675 0.06788425
v -0.05474075 -0.30961901 0.05807950
v 0.24479957 -0.19420978 0.21669091
v -0.24961586 -0.27879235 0.17864490
v -0.00121250 -0.31218901 0.10987900
v 0.00795300 -0.31097299 0.11133400
v -0.24973901 -0.23438101 0.29992199
v -0.24883351 -0.29534701 0.18948106
v -0.06928600 -0.30812901 0.13622200
v -0.00016594 -0.31154618 0.14337344
v 0.24725913 -0.29943401 0.03503469
v -0.24775937 -0.28395605 0.24716382
v 0.24565756 -0.30018961 0.16099481
v -0.02708000 -0.31194800 0.07759800
v -0.24863994 0.29487619 -0.39477500
v -0.24661601 0.29658699 -0.38673750
v -0.24647000 -0.21157400 0.37398499
v 0.24842200 -0.28775501 0.15172499
v -0.05468725 -0.31014726 0.07550750
v -0.24817193 -0.29275709 0.29365152
v -0.25009099 -0.25684300 0.14904100
v -0.00421650 -0.31222874 -0.01160325
v -0.24542828 -0.29549533 0.30871376
v -0.24236150 -0.29581726 0.34644476
v -0.24945250 -0.23598650 0.17313500
v -0.15080300 -0.30398700 0.03036400
v -0.24914694 -0.29282323 0.35464367
v 0.24176975 -0.30008751 0.24301900
v 0.24602325 -0.29911637 0.26208112
v -0.24994631 -0.27161053 0.06468993
v -0.24838385 -0.17166409 0.27107990
v -0.05446938 -0.27513930 0.39653563
v -0.13372600 -0.30341649 0.38361049
v 0.00628700 -0.31017199 -0.06624300
v 0.24813731 -0.29729474 0.31045434
v -0.22642998 -0.06346231 0.39544025
v 0.20412238 -0.28791901 0.40090650
v -0.00640087 -0.30279532 0.39073226
v 0.00922200 -0.30891401 0.37293649
v 0.12843850 -0.30219814 0.39148748
v -0.00555963 0.31094012 -0.30217338
v -0.24722062 0.29436964 -0.34995550
v -0.24641113 0.29698658 -0.33584076
v 0.18306474 0.29539686 -0.40112737
v -0.24951437 -0.12678117 0.20584038
v 0.22515251 0.29252300 -0.40097100
v 0.24079682 0.29517499 -0.39968511
v 0.24736200 -0.29735518 -0.15827812
v 0.23743668 -0.30202734 -0.15906310
v 0.24354364 -0.07817634 0.21633275
v -0.15760051 -0.02560250 0.39733699
v -0.24682781 0.29540825 -0.24568388
v 0.24602664 0.29580569 -0.34106213
v -0.08097000 0.30809999 -0.24130499
v -0.24775389 -0.29754975 -0.06838521
v 0.24648374 0.29636809 -0.25960299
v -0.02267281 0.30795413 0.38467726
v 0.24398810 -0.30083174 -0.19861534
v -0.24915124 0.09004775 0.07203887
v -0.24305439 0.30014622 -0.02888754
v -0.25049326 -0.17700025 0.06694219
v 0.24643737 0.29648045 -0.15228450
v 0.00147888 0.31176889 -0.07453569
v 0.06805257 0.30581394 -0.07842508
v -0.02722719 0.06628782 0.40366706
v -0.04193956 0.07302609 0.40426543
v -0.05505500 0.09401156 -0.40209949
v 0.11248609 0.13039461 -0.40014443
v -0.00476200 -0.31238300 -0.25510499
v -0.24834923 -0.29620510 -0.15669140
v -0.24580300 -0.29969513 -0.20509499
v -0.00599291 0.09203494 -0.40462291
v 0.13908285 -0.29685670 0.39607036
v 0.03195623 0.08513013 -0.40220115
v -0.24943949 -0.28104749 -0.15711001
v 0.24846050 0.27933776 -0.11026975
v -0.00669962 0.07470232 0.39642349
v -0.01965886 0.07136100 0.39463332
v -0.24502112 0.29826000 0.09123038
v -0.24597199 0.29587099 0.09409900
v 0.23017775 0.29895812 -0.01929231
v -0.24171534 0.00038181 -0.40178451
v -0.23810540 -0.00870788 -0.40377051
v 0.23919669 0.06316625 -0.39905149
v -0.24884181 -0.06989262 0.16878694
v -0.24975905 -0.06960198 0.15485400
v -0.24686660 0.24439879 -0.34398800
v -0.24507175 0.29780781 0.16632813
v -0.24905975 -0.03715350 0.13855450
v 0.24174850 -0.30313650 -0.39350349
v -0.24152622 -0.05805730 -0.40216863
v -0.24144047 0.30157116 0.19222043
v 0.24781644 -0.29806423 0.33971509
v -0.25020000 -0.11623600 0.02847900
v -0.25013500 -0.10781825 0.03362700
v -0.08783500 -0.30777299 -0.33809701
v 0.19427601 -0.27709600 0.40358099
v -0.25033981 -0.04907472 0.09512281
v 0.24028812 -0.01315163 -0.39690882
v 0.22096150 -0.25975999 0.40121049
v 0.24548300 -0.08652500 -0.08444050
v 0.23685101 -0.04982900 -0.40006101
v 0.19551100 -0.07942000 -0.39974400
v 0.13705413 -0.28517812 0.40206227
v -0.18123300 -0.30593100 -0.37999299
v -0.22077200 -0.14471650 -0.40439099
v -0.24469382 0.29745606 0.32795307
v -0.24527003 -0.11351644 -0.34480542
v 0.16195343 -0.09231856 -0.40030482
v -0.23300201 -0.15850450 -0.40492749
v -0.22858299 -0.15766224 -0.40479475
v -0.24194551 -0.30212700 -0.40094051
v 0.02516847 -0.12838623 -0.39965352
v -0.10168400 0.30472350 -0.39710999
v 0.05150400 -0.10185700 -0.39893600
v 0.05151719 -0.14717981 -0.39936945
v 0.24730550 0.29801038 0.25963926
v 0.24473475 0.12776449 -0.01752703
v 0.24426894 0.12895422 0.00708969
v 0.19694625 -0.10367400 -0.40041575
v 0.24833506 0.29750437 0.31778061
v 0.00947594 0.31101194 0.37187588
v -0.13242050 0.30695662 0.38477999
v -0.13076800 0.30526301 0.38827500
v -0.20594612 0.28100476 -0.40537325
v -0.24545750 -0.16469824 -0.39012226
v -0.17524977 -0.20933712 -0.40370184
v -0.24644201 -0.18610950 -0.37175849
v -0.02227284 0.30258176 0.39166474
v 0.14477617 0.29800937 -0.39999312
v 0.23710500 -0.12975200 -0.40024599
v 0.24082901 -0.12197500 -0.39561400
v 0.10698400 0.30493501 0.36815801
v 0.21447700 -0.27058700 0.40153211
v 0.06888800 0.30637801 0.39333799
v -0.24009669 -0.21515168 -0.40295726
v -0.24278337 -0.21265388 -0.39946699
v 0.03834150 0.29962668 0.39756325
v -0.20992094 -0.21783413 -0.40493351
v -0.24834028 -0.16062418 -0.22991353
v -0.09489800 0.26985699 0.39617100
v -0.24625613 0.28873962 -0.38894686
v 0.08651576 -0.21227610 -0.39950785
v 0.21156757 -0.26632363 0.40250325
v 0.09532350 0.29531375 -0.40118426
v 0.08778344 -0.30322114 0.39076075
v -0.04997500 -0.26802999 -0.40169701
v -0.08356550 -0.25042850 -0.40206200
v -0.08990500 0.30192575 -0.39874876
v -0.21542241 -0.26708531 -0.40388063
v 0.17702700 0.27297050 0.40135050
v 0.24421896 0.04263299 -0.07290881
v -0.09879600 0.30647400 -0.38655826
v 0.15914857 -0.21893162 -0.39954486
v -0.00472775 -0.20114112 -0.40024075
v -0.23852199 0.23281400 0.39248401
v -0.24421126 0.20098381 0.35195443
v 0.24391100 -0.29981786 0.30610168
v 0.01972237 -0.22633100 -0.40009028
v 0.21101075 0.26771912 0.40089351
v 0.05865453 0.29720673 -0.40087441
v 0.02847775 0.28757799 0.39814901
v -0.24290600 0.22777900 0.38699099
v -0.12957819 -0.30237457 -0.40078032
v 0.14653464 -0.18044271 -0.39980727
v 0.10206632 -0.13437244 -0.39957163
v 0.08161372 -0.16981876 -0.39920172
v 0.21649200 -0.30089501 0.36932600
v -0.24109572 0.13555039 0.39165276
v 0.23486950 -0.29927450 -0.39946601
v 0.22197200 -0.12149350 -0.39974451
v 0.22370300 -0.12258700 -0.39972201
v -0.24563006 0.26380819 -0.39328986
v 0.18790799 -0.30120599 0.36655101
v 0.19092050 -0.30121151 0.36819601
v -0.25010619 -0.08825396 0.13288401
v -0.01005906 0.11039381 0.40123013
v -0.23278899 -0.18764301 -0.40540001
v -0.03260900 0.09623200 0.40385699
v 0.24445750 0.12848419 0.38853487
v 0.23944655 0.12436509 0.40024281
v 0.04514475 0.10092875 0.40437713
v 0.23143300 -0.30324700 -0.34242401
v -0.24807687 -0.07048950 0.21732363
v -0.24307001 0.29883051 0.38796324
v 0.22111753 -0.30262554 -0.27006125
v 0.24718000 -0.28379899 -0.26918900
v -0.02498537 0.06777187 0.39711264
v 0.22584300 -0.30069000 0.36348799
v 0.24306600 -0.30165401 -0.24083500
v 0.24294169 -0.04011144 0.18333393
v -0.24455155 -0.29970616 -0.11987422
v 0.24730401 -0.27782300 -0.21840425
v 0.24606700 -0.21044500 -0.06771700
v 0.11476450 -0.09035025 -0.39926201
v 0.12539950 -0.08805600 -0.39926049
v -0.00615975 0.04499200 0.40193507
v 0.24667224 -0.23913750 -0.07911300
v 0.24914214 0.29515097 0.15362698
v -0.12661743 0.29434732 -0.40408993
v 0.22027700 0.02832900 0.40514600
v 0.22179550 0.02858350 0.40505099
v 0.23640449 0.00525784 0.40285009
v 0.24796203 -0.27962187 -0.07723037
v -0.24827699 0.17301300 0.07399900
v 0.07515519 -0.30493668 -0.06672668
v 0.24398249 -0.14909525 0.21581049
v -0.22107799 0.30353200 0.24835600
v -0.23347101 0.30289000 0.25385600
v 0.24342890 -0.30133384 -0.06049225
v -0.24680100 -0.16326199 0.32968101
v -0.00184731 -0.31226495 0.03150944
v 0.00633900 -0.31116283 0.05617737
v 0.24618600 0.21653099 -0.05396700
v -0.24960050 -0.25051701 0.25177699
v -0.24984799 -0.25679025 0.22613876
v -0.24966075 -0.25895974 0.21518150
v -0.24976650 -0.25926849 0.22121149
v 0.23703894 0.02007269 -0.39941368
v 0.24552700 0.19881099 -0.06921800
v -0.24499100 -0.29697749 0.22014800
v 0.24825300 -0.29814699 0.08932400
v 0.24600925 -0.30012551 0.08671425
v 0.24829488 -0.29525337 0.08841813
v -0.24937201 -0.24822800 0.30921200
v -0.24930975 -0.24714400 0.31188050
v 0.24748698 -0.29901493 0.11935131
v 0.24821700 -0.27270800 0.12723000
v 0.09298912 -0.30379030 0.37157926
v 0.24844050 -0.27851149 0.14432725
v 0.24838600 -0.28253400 0.19253500
v -0.24225375 0.27970976 -0.40270701
v 0.13627900 -0.30118501 0.21502700
v -0.24097630 -0.20472045 0.39293495
v -0.23970801 -0.27342099 0.39283901
v -0.21927799 -0.25911999 0.39411199
v -0.10251850 0.30565950 -0.39338624
v 0.00794425 -0.30952474 0.26200601
v 0.24795593 -0.29563680 0.22858293
v 0.24513450 -0.29992300 0.23116750
v 0.24811600 -0.29471400 0.22793099
v 0.02555162 0.06788162 -0.39421701
v 0.03682223 0.07621458 -0.39920184
v 0.03210112 -0.30328500 0.38925987
v 0.23727500 0.08110300 -0.39979500
v 0.00356300 0.30969599 -0.38079599
v -0.24744919 0.26591307 -0.35801882
v 0.08739400 0.28051001 -0.40202701
v -0.24636152 0.29595757 -0.02161431
v -0.14996669 0.30461293 -0.36934724
v 0.22792400 0.30025399 -0.39118499
v 0.24081637 0.29698262 -0.39742351
v 0.17052101 0.30001101 -0.14169399
v 0.17960700 0.29976001 -0.14133400
v -0.12615600 0.22500899 -0.40329400
v 0.07687600 0.16024201 -0.40008599
v -0.00434850 0.31081551 -0.10201450
v -0.07473700 0.30818400 -0.23188500
v 0.22902900 0.29894000 -0.14697801
v -0.24557362 0.19675931 -0.36441794
v 0.12810750 -0.29149124 0.40141514
v 0.24570474 0.29710868 -0.20638098
v -0.24306250 0.30005026 -0.18073174
v -0.07322500 0.30676299 -0.39410001
v -0.24629684 0.29649550 -0.10943368
v -0.24304301 0.30043599 -0.12211875
v 0.23875210 0.19237159 -0.39969763
v 0.24250554 0.29817444 -0.25328207
v -0.23842007 0.10156415 -0.40498516
v 0.23755550 0.17861225 -0.39930800
v 0.23528650 0.17901550 -0.39983401
v 0.12379792 0.30349353 0.39459240
v 0.06506187 -0.30487451 0.39038637
v 0.24639174 0.28459901 -0.34099874
v -0.24768759 0.18121384 -0.22632071
v -0.12029509 0.30616960 -0.23190644
v 0.24400724 0.29810324 -0.12059650
v 0.24795912 0.29607186 -0.10530525
v 0.22547717 0.29928273 -0.10393007
v -0.24383929 0.19902691 -0.39390990
v 0.17787200 0.29968601 -0.06258200
v -0.03166712 0.06391107 -0.40343431
v -0.02872600 0.06738200 -0.39674500
v -0.24706325 0.28508312 0.02228319
v -0.24427225 0.29923463 0.03539863
v 0.24840395 0.27588633 -0.06904648
v 0.23465019 0.07782325 -0.39944500
v -0.24636100 0.28780949 0.10363350
v 0.00587513 0.31223512 0.10556400
v 0.24482037 0.17793244 -0.15058362
v -0.13846876 0.28096026 -0.40461424
v -0.21765208 0.30180272 -0.36565921
v -0.23358868 -0.06377575 -0.40567264
v -0.00292450 0.31180200 0.14975250
v -0.24454451 -0.07102375 -0.39359626
v 0.02647400 -0.30722600 0.33374900
v -0.15912600 -0.30227351 0.38733849
v -0.19981049 -0.29809615 0.38982400
v -0.24723548 0.23007387 0.13538942
v -0.24635001 0.26550800 0.17106549
v -0.24169300 -0.28602326 0.39185876
v -0.24425362 0.29872426 0.26138175
v -0.24076732 -0.29563481 0.38869476
v -0.00370072 -0.30998960 0.29984075
v 0.18198350 -0.30163151 0.37404349
v 0.23963831 -0.03132450 -0.39814070
v -0.24878550 -0.00360150 -0.17217000
v -0.24876951 -0.00434100 -0.17369600
v -0.24839050 0.13023181 0.06405633
v -0.24538600 -0.16768625 -0.39854649
v -0.24232405 -0.15204777 -0.40244353
v -0.24553438 -0.29648086 0.21976413
v 0.04931500 0.30862799 0.34057799
v -0.14057800 -0.15701000 -0.40249601
v -0.05491750 0.30833814 0.38330889
v 0.08095800 0.30698201 0.35751301
v 0.06142388 0.30844024 0.36032611
v -0.24359700 0.24287701 0.37092301
v -0.24205451 0.23068351 0.38992050
v 0.16218263 -0.15937157 -0.40022451
v -0.12551175 -0.20012450 -0.40187651
v -0.24521092 -0.29729784 0.16537347
v 0.23192325 0.30085450 0.37986749
v -0.24906680 -0.20587666 0.28371939
v -0.04016650 -0.22435412 -0.40076688
v -0.24968299 -0.02098500 0.07373700
v 0.11942691 -0.20650443 -0.39923057
v -0.04237812 0.22982000 0.39821312
v -0.24955522 -0.05263110 -0.01359713
v -0.24960899 -0.03031550 0.05408400
v -0.23117375 -0.29999551 0.05302225
v 0.24438199 -0.01950600 -0.06764300
v 0.24435350 -0.02417550 -0.06944200
v 0.24365900 -0.14469349 0.21878500
v 0.14344600 0.25232899 0.40146101
v 0.09068062 -0.24633910 -0.39978492
v 0.11441800 -0.25947499 -0.39963999
v 0.21542600 0.24210399 0.40153199
v -0.24844550 -0.15888774 0.29458499
v 0.00409675 0.19634175 0.40011325
v 0.24002147 -0.25627545 -0.39798021
v 0.17063200 -0.30195251 -0.05794050
v 0.24353625 -0.10658150 0.16861525
v -0.24871325 -0.16379949 0.25245163
v -0.23586001 0.12386600 0.39374501
v 0.24508204 -0.30087480 -0.09745290
v 0.24302500 -0.09460300 0.23216200
v -0.25018549 -0.08084925 0.06361100
v -0.25095400 -0.07389000 0.08905600
v -0.15269600 -0.29185799 0.39377999
v -0.25028074 -0.09708375 0.10029425
v 0.05177200 0.10108400 0.40273601
v 0.08750000 -0.29446101 0.39715174
v -0.01214050 0.08853500 0.40327600
v -0.24874659 -0.29561463 -0.12129991
v -0.23187301 -0.30165800 -0.17801900
v -0.01009500 0.06690750 0.40074408
v -0.04812463 0.06243037 0.40094581
v -0.24959719 -0.29236168 -0.01736956
v -0.24986219 -0.16455658 0.16807993
v -0.24955331 -0.07595744 0.19313075
v -0.25039500 -0.10038300 0.05402400
v 0.05867387 -0.30347061 0.39093688
v -0.09374847 -0.02432666 0.39925408
v 0.02799836 0.09123342 0.40484321
v -0.12527993 -0.04771050 0.39833391
v -0.15419599 -0.04840500 0.39758301
v 0.07911167 -0.30540174 -0.07687580
v 0.19640175 -0.30155775 -0.06542900
v -0.22509500 -0.27037850 0.39382350
v -0.24601056 -0.29776680 0.06377825
v 0.09339700 -0.29065001 0.39987749
v -0.24968874 -0.28955925 0.08214250
v -0.24959406 -0.29091650 0.09023700
v -0.13237500 -0.30524799 0.03932600
v 0.24536400 -0.14694899 -0.07318700
v 0.03422169 -0.30840677 -0.01862272
v -0.24093100 -0.30108100 -0.20636900
v 0.24815094 -0.29713187 0.02886622
v -0.24971038 -0.27825925 0.23325101
v -0.24934575 -0.24028724 0.28908250
v -0.06434020 -0.16522783 0.39877084
v -0.24282800 -0.29710001 0.23938499
v -0.24848869 -0.29407942 0.25156409
v -0.24650162 -0.29544726 0.27337101
v 0.06680600 -0.30441201 0.20183800
v 0.15082499 -0.30066401 0.19039699
v -0.07459450 -0.30094799 -0.40178350
v 0.05032731 -0.19399478 -0.39944807
v -0.23565949 -0.27680764 0.39302188
v -0.23320800 -0.27676913 0.39326039
v -0.22785901 -0.27170274 0.39365724
v -0.20915399 -0.26367500 0.39415199
v -0.17150401 -0.27290300 0.39451551
v -0.23243600 -0.29526600 0.39172301
v -0.23771675 -0.29610851 0.39038101
v 0.21886151 0.24539450 0.40161151
v -0.23219550 -0.29346001 0.39210650
v 0.20649850 0.24755999 0.40127301
v -0.08370000 0.30695051 -0.38772950
v 0.11561456 -0.27355051 0.39995974
v -0.24214657 0.20099457 0.39017510
v 0.04072900 -0.28995600 0.39728701
v 0.04902500 -0.30538401 0.38854399
v 0.18105444 -0.22855681 -0.39952540
v 0.24714550 0.29748651 0.39141449
v 0.08278818 -0.29856399 0.39266670
v 0.06022775 -0.29779449 0.39407626
v -0.05395800 0.29589751 -0.40281051
v -0.24297325 0.23560350 -0.40056789
v 0.04982575 0.27104250 0.39876649
v 0.24113047 0.27403083 -0.39799339
v 0.24482107 0.29693162 -0.38073969
v -0.07136550 -0.22175600 -0.40154800
v -0.24319050 0.29980099 -0.25578901
v -0.24624075 -0.17884099 -0.34675774
v 0.24928090 0.29631501 0.36340448
v -0.01435425 -0.31001300 0.22361825
v -0.06055491 0.30205134 0.39230335
v -0.04644425 0.30292389 0.38670012
v -0.09270600 -0.17097200 -0.40136600
v 0.09583800 0.30523399 0.33234799
v 0.23433563 -0.12002856 -0.39991894
v 0.23984413 -0.10751025 -0.39802563
v -0.01560156 -0.14481018 -0.39999038
v -0.01733484 0.10808720 -0.40191957
v 0.00436550 0.31158400 0.35099351
v 0.00514700 0.31169900 0.32962701
v 0.00221400 0.31145450 0.32765400
v 0.24459566 0.11310782 -0.07800587
v -0.05798700 0.06574800 -0.40206799
v 0.03211975 0.05660075 -0.40338701
v -0.24967822 0.00686725 -0.14778240
v 0.24723400 0.25295100 -0.12424400
v -0.24653301 0.28956226 0.06251025
v 0.00052069 0.31198680 0.25604469
v -0.20887700 -0.00240100 -0.40560949
v 0.24747962 0.24642837 -0.06763194
v -0.24691987 0.25482851 0.06214162
v 0.23803826 -0.01211625 -0.39960974
v 0.17943101 -0.30132899 0.35773399
v 0.05068400 -0.30505300 0.38501000
v -0.24633300 0.26392901 0.16112000
v 0.24732950 0.20094401 -0.04548300
v 0.23662224 0.02459975 -0.39945862
v -0.24696100 0.24900500 0.08916700
v -0.24668100 0.26952499 0.10393750
v 0.00604075 -0.30941162 0.19222425
v -0.24886499 -0.24327450 0.32191974
v -0.24545000 -0.16596362 -0.39320600
v -0.24542600 -0.16592200 -0.38978201
v -0.24335319 0.30049813 0.11828484
v -0.24061300 0.29618901 0.39101699
v -0.00519921 0.31038415 0.37897390
v -0.11456300 0.30768701 0.08583400
v -0.24545985 -0.19858034 -0.40032846
v -0.12257050 0.30787650 0.05664750
v -0.12898999 0.30754200 0.05285950
v -0.14522751 0.30676249 0.05508075
v 0.23868738 0.10951047 -0.39910835
v 0.24113756 0.08289425 -0.39492229
v 0.23236300 0.29955050 0.35484201
v -0.08035000 0.28231201 0.39653599
v 0.03309231 0.07540325 -0.39467394
v 0.01910461 0.07304691 -0.39370561
v 0.07704050 0.28380692 0.39918062
v -0.23710388 -0.26577145 -0.40391302
v 0.16970062 0.30046701 -0.09392363
v -0.24062400 -0.29967800 -0.40317401
v 0.11761300 0.23506600 0.40139601
v 0.00253200 0.31210899 -0.04821800
v -0.23410150 -0.30368850 -0.39616176
v -0.24930049 -0.07650800 -0.06055150
v -0.16672887 -0.30163625 -0.40219525
v 0.09520500 0.20823300 0.40166500
v 0.24575131 -0.22421466 0.20032990
v 0.09172500 -0.30637801 -0.38942200
v 0.08210400 -0.30678901 -0.38757601
v 0.08691450 -0.30658349 -0.38849899
v 0.06311594 -0.30657196 -0.39138606
v -0.24808182 -0.29744887 -0.29984573
v -0.23401172 -0.30186892 -0.26569614
v -0.07108200 -0.30845901 -0.31690699
v 0.24805100 -0.28620899 0.33830401
v -0.25056201 -0.07837350 0.08062875
v -0.25053626 -0.07653922 0.07053278
v -0.25045201 -0.08619100 0.09833200
v -0.21732016 0.17342894 -0.40590966
v 0.24037400 -0.30260101 -0.34137899
v 0.15589413 0.13456947 0.40460885
v -0.24686728 0.24003007 -0.31856322
v -0.24525376 0.29847425 -0.24509725
v 0.21258394 0.29927707 -0.39537525
v 0.24715126 -0.29719937 -0.22673006
v -0.24931675 -0.11840506 0.22823569
v -0.08783800 0.30016699 -0.39934501
v -0.08333200 0.29132101 -0.40398201
v -0.21216257 0.26041034 -0.40458205
v 0.24605399 -0.25088099 0.38835400
v -0.24586704 -0.29854220 -0.03647446
v 0.00875937 -0.29854661 0.39103976
v -0.04146150 -0.30571625 0.38734126
v -0.09294650 0.30673051 -0.38446301
v -0.23910134 -0.05473891 0.39370421
v 0.24807400 -0.28026101 0.30006951
v 0.24391399 -0.29998550 0.26482400
v 0.24855044 -0.29692945 0.26759207
v 0.13562100 -0.30262700 -0.05399400
v -0.00383550 -0.31243551 -0.05174350
v 0.09056388 -0.27722588 0.39925626
v -0.23753613 -0.13892855 0.39431876
v -0.24101000 -0.29873899 0.10225800
v -0.24665549 -0.29738051 0.07473200
v -0.24943262 -0.27755859 0.32096839
v 0.24331500 -0.30088699 0.07219400
v -0.01971100 0.30919099 -0.38870001
v -0.10350600 -0.30614701 0.13867100
v -0.03731631 0.30424863 -0.39719051
v 0.05685200 -0.29078701 0.39744499
v -0.24885237 -0.29149401 0.32119676
v -0.24928910 -0.29404622 0.14715391
v -0.24947308 -0.21183944 0.25059870
v -0.24948600 -0.22918800 0.21542144
v -0.24811512 -0.29261726 0.37868693
v -0.24663870 -0.29036498 0.38618618
v -0.24320188 -0.28297213 0.39121076
v -0.24338950 -0.29879600 0.03201100
v 0.22451900 0.29695624 -0.40007976
v -0.00302200 -0.31243625 -0.09182256
v -0.22986050 0.19869751 -0.40612701
v -0.24065928 0.21270031 -0.40287647
v -0.25001621 -0.23351580 0.02844570
v 0.20766300 0.29988801 -0.36373699
v -0.23701359 0.19480583 -0.40529794
v -0.25070006 -0.21760347 0.07769880
v -0.25000751 -0.22601007 0.06074138
v 0.24385241 0.29749653 -0.31317249
v 0.23589174 0.25515825 -0.39961749
v 0.00318425 0.31027493 -0.25214651
v -0.24771750 0.26165450 -0.23721825
v -0.25079304 -0.12828231 0.07322144
v 0.15356900 0.08903800 0.40506500
v -0.02883531 0.04856144 0.40163061
v -0.24984001 -0.27270699 0.21509600
v 0.03253531 0.06467881 0.40540987
v 0.24275866 -0.03965184 0.12171228
v -0.03186900 0.08150756 0.39495569
v 0.23442499 -0.30050299 0.34546801
v 0.23552576 -0.30041501 0.34208399
v 0.14185800 0.30094001 -0.15578300
v -0.03048247 0.08829509 0.40068769
v -0.03572775 0.07697775 0.39551201
v 0.23411956 0.12523362 0.40239194
v 0.24175450 0.29850599 -0.12946950
v 0.24763562 0.29628336 -0.12812500
v -0.09074391 0.30878869 -0.02892628
v 0.24602300 -0.25830501 -0.29010201
v -0.16599099 0.30574301 0.04695300
v 0.24404700 -0.29923999 -0.39522451
v 0.24133524 -0.30105901 -0.39718801
v 0.18224999 -0.29998600 -0.39920700
v -0.24532349 0.29740599 0.12424550
v 0.24013363 0.04028975 -0.39797711
v 0.24807963 0.29675689 0.06723499
v 0.24698600 0.29783201 0.10321800
v 0.24931900 0.29441151 0.10801150
v 0.24710700 0.29760674 0.10280825
v 0.24956299 0.29333800 0.10808000
v 0.05112800 -0.30595601 0.37849200
v 0.24585794 0.29821345 0.13693312
v 0.13832200 -0.25709599 -0.39969200
v -0.05383500 -0.30961201 0.05471200
v -0.16222174 -0.27694374 -0.40373638
v -0.24806724 0.16945288 0.07074112
v 0.23878138 -0.21062937 -0.39939189
v 0.24002962 -0.23027387 -0.39773437
v -0.24155407 -0.25961682 -0.40174878
v -0.24538293 -0.24223419 -0.39408773
v 0.24484400 0.15834326 -0.03310037
v 0.23833676 -0.18850850 -0.39959511
v 0.23865882 -0.18678306 -0.39945820
v 0.18749250 -0.14264044 -0.40033969
v 0.06060800 -0.29703251 0.39410451
v 0.15338932 0.30410492 0.39072958
v -0.14297800 0.28765500 0.39576501
v 0.24351487 -0.04311139 0.38924104
v -0.25012901 -0.05530450 0.03681950
v -0.24467288 -0.19306894 -0.40160751
v 0.23085199 0.30151299 0.38705900
v 0.24821000 0.29752901 0.36754501
v -0.06018434 -0.17461053 -0.40071228
v -0.24645750 -0.19080800 -0.35513651
v 0.16948976 -0.27120325 0.40095726
v -0.15863200 -0.14467900 -0.40321299
v 0.24182200 0.29747400 0.39826399
v 0.02680100 -0.29543924 0.39555049
v 0.24124725 0.26884156 0.40020400
v -0.13724452 -0.30503863 0.06580127
v -0.00562037 0.30793706 -0.39156437
v 0.23756900 0.29419401 0.40068200
v -0.24622101 -0.17848600 -0.34732726
v 0.23481099 0.23954600 0.40169999
v -0.21753301 -0.15667500 -0.40465099
v -0.21823843 -0.30213746 -0.40259308
v 0.24106991 0.23272029 0.39991060
v -0.25001401 -0.08233794 -0.00961513
v 0.24505851 -0.22865251 -0.28513399
v 0.24003039 0.18188471 0.40069419
v -0.24208975 0.30152276 0.26098099
v -0.24579550 0.28497550 0.25948599
v 0.24321575 -0.30211574 -0.32612500
v 0.24525185 -0.30076110 -0.29485887
v 0.24705698 -0.29925546 -0.03311216
v -0.25022116 -0.13977048 0.14420161
v -0.02457509 0.05745594 0.40495446
v 0.03322100 0.05672900 0.40587199
v 0.24404800 0.07529000 0.38230899
v 0.24387001 0.07120100 0.37803999
v 0.23626654 0.07950566 0.40267614
v 0.24287237 0.04253925 0.36203113
v 0.22743499 0.07290300 0.40457851
v 0.24406300 0.05138900 0.38975099
v 0.21863100 0.04145200 0.40515301
v -0.00207226 -0.31261313 -0.15723820
v 0.18631200 -0.01029400 0.40551999
v 0.24771599 -0.27694100 0.36714599
v 0.24759300 -0.27404451 0.37072751
v 0.24805820 0.26953945 -0.03290805
v -0.24175800 0.30097800 0.06202300
v -0.24959835 -0.19773485 0.18213362
v 0.24003831 0.00720219 0.40038991
v 0.21656141 -0.00736006 0.40462735
v 0.02680800 0.06283075 -0.40355599
v -0.00017106 0.06720297 -0.39490291
v 0.14040115 -0.30294752 -0.08032300
v -0.24237026 -0.05317885 0.39134622
v 0.19019675 -0.30168751 -0.06260325
v -0.24505401 -0.29840350 0.05257575
v -0.16319950 -0.30330601 0.03051350
v 0.18442699 -0.03824400 0.40494001
v 0.22714837 -0.03243813 0.40218970
v 0.23961625 -0.02971300 0.40016475
v 0.21907225 -0.05737837 0.40384895
v -0.03960425 0.09812075 -0.40531787
v 0.23902741 -0.06863600 0.40098026
v -0.05073300 -0.31032100 0.08361700
v -0.24743362 -0.19617300 0.32416913
v 0.00718600 -0.31114101 0.09882800
v 0.07519850 0.30504349 -0.15886749
v 0.24083844 -0.10377090 0.39947578
v 0.24105437 -0.13027987 0.39924595
v -0.22624603 -0.17464219 0.39508709
v 0.24693500 0.28211099 -0.25451699
v 0.23589012 -0.14294718 0.40101120
v -0.24097051 0.30069149 -0.16534750
v 0.24417852 -0.16575773 0.39115214
v -0.08007750 0.30740899 -0.37567300
v 0.21006826 -0.15027000 0.40361631
v -0.24787636 0.25589719 -0.27947685
v 0.22918950 0.24666750 -0.39977399
v 0.23901525 -0.20131725 0.40099776
v 0.23571381 -0.20170456 0.40226793
v -0.00702631 -0.30967188 0.31636670
v 0.01014100 -0.30856201 0.31992099
v 0.10598553 -0.30266181 0.32911113
v -0.15452400 -0.30273300 0.38824999
v -0.15820526 -0.30172050 0.38940099
v 0.07776000 0.27840799 -0.40211201
v 0.23197401 -0.21348751 0.40308350
v -0.00224463 0.30970111 -0.35725150
v 0.13125101 -0.25512901 0.40048200
v -0.04504219 -0.30406195 0.38989463
v -0.04296169 -0.29816821 0.39076948
v 0.01567300 -0.30526400 0.38751251
v -0.24095374 0.00187275 0.39241925
v -0.04462875 -0.30268937 -0.39775762
v -0.04316062 -0.30160138 -0.39979488
v -0.25018951 -0.21007900 0.14199850
v -0.24723075 -0.14433400 0.29091299
v -0.23872951 0.00544550 0.39326999
v -0.23636800 0.00926700 0.39430001
v -0.24346425 -0.00064550 0.38767800
v -0.14719526 -0.30494449 0.07728017
v -0.24792349 -0.18529300 0.28518024
v 0.24585600 -0.21844400 -0.07383100
v 0.05544800 -0.29227275 0.39712900
v 0.06000600 0.07212675 0.40331376
v 0.05130806 0.08481269 0.40610713
v -0.00241750 -0.31315175 0.06930625
v -0.24924076 -0.08013931 0.21401756
v -0.07846500 0.30748999 -0.37827301
v 0.24399100 0.06574975 0.39033151
v 0.24107635 0.07263982 0.39904755
v -0.24895550 -0.21472500 0.31918001
v 0.24484350 -0.21307901 0.22057199
v 0.00000662 -0.15256093 0.40055069
v -0.08594400 -0.30669451 0.14537950
v -0.08674500 -0.30663300 0.14588350
v 0.24793801 -0.28305399 0.36546999
v -0.05151100 -0.30878201 0.15483300
v -0.23689559 0.25728923 -0.40455726
v -0.24866050 -0.29278499 -0.21007399
v -0.00481800 0.10238750 0.40395001
v -0.24568771 -0.24536394 0.38882631
v -0.02661775 0.10108675 0.40348324
v -0.04341350 0.08692850 0.40384650
v -0.04811887 0.09258263 0.40069893
v -0.00290227 -0.31132892 0.18734421
v 0.22966200 0.17232201 0.40331200
v -0.05696800 0.12526600 0.39982301
v -0.03368875 -0.30949274 -0.38305274
v -0.24380299 -0.00250200 0.38582799
v -0.24809225 -0.28203449 0.35017174
v 0.24794750 -0.28573149 0.20951775
v 0.00040706 -0.31060269 0.26177981
v -0.24819225 -0.28809163 0.35054126
v -0.24855800 -0.04806700 0.18627200
v -0.24854694 -0.04559975 0.16807263
v -0.24863613 -0.28835395 0.36128443
v 0.24193500 -0.30232501 -0.36550000
v 0.18890999 -0.30058900 0.32727700
v -0.00037800 -0.30665451 0.31040400
v 0.23919187 -0.24811175 0.40012825
v -0.00062300 -0.30952799 0.33965299
v 0.01144700 -0.30880201 0.37335601
v 0.23812950 -0.30026850 0.29969499
v -0.08916550 -0.30326068 0.38866413
v -0.10316922 -0.29771000 0.39007038
v -0.09644200 -0.29299650 0.39431599
v 0.18001699 -0.30102500 0.34523499
v 0.18340500 0.06068100 0.40554300
v 0.21258500 -0.25149199 0.40205050
v 0.19566099 -0.30417588 -0.39486012
v -0.22790532 0.30101505 -0.33096576
v 0.00473500 0.30936700 -0.38722399
v 0.00593822 0.29775643 -0.40133834
v 0.24747001 -0.27114800 0.37430900
v 0.19459641 0.15070593 0.40411749
v -0.24368203 0.29936495 -0.29866418
v -0.24299817 0.16976921 0.38720658
v -0.00563425 -0.31034601 -0.37064424
v 0.00267300 -0.31069651 -0.37693000
v 0.15568499 -0.29994801 -0.39975250
v 0.24523300 -0.12516700 -0.07006600
v 0.13157725 -0.30554175 -0.38957050
v 0.09244050 -0.30201051 -0.39723650
v -0.24870175 0.25529861 -0.35351300
v -0.24753299 0.29470524 -0.27389774
v -0.23081200 0.30112201 -0.25863901
v 0.00009888 -0.30919889 -0.38729939
v 0.21756250 -0.25739899 0.40165949
v 0.24364150 0.28786999 -0.39572901
v -0.03204950 -0.30768001 -0.39159450
v 0.02608800 0.16222350 0.40099999
v -0.01048700 0.15333851 0.40042701
v -0.01086469 -0.29818311 0.39092535
v 0.03605250 0.30727899 -0.39070150
v 0.24708182 0.29423305 -0.28898445
v -0.24839690 -0.20926932 -0.21596922
v -0.24886400 -0.22452299 -0.23850800
v -0.24977501 -0.03125300 0.08090800
v -0.24951600 -0.04290500 0.04572300
v -0.24797200 0.24166200 -0.21712400
v 0.24156600 0.21974500 -0.39122000
v 0.23982850 0.24908613 0.40054876
v 0.24667050 0.23921250 0.38712400
v -0.22960301 0.06386300 -0.40649399
v -0.24438743 0.11219678 -0.39125603
v -0.24942400 -0.04463200 0.03184800
v -0.03055956 -0.29278114 0.39520147
v 0.24221826 0.25342551 0.39785674
v 0.24454437 0.25289032 0.39394099
v 0.24642500 0.25027299 0.39046800
v -0.24409950 -0.29559600 -0.39941788
v 0.24147700 0.29842401 -0.15684500
v -0.24487375 0.06251425 -0.38831300
v -0.24893884 0.03894767 0.06542239
v -0.24945500 -0.01855200 0.06546700
v 0.04821031 -0.23265995 -0.39979234
v 0.13328834 0.30157515 -0.10114338
v 0.18050300 0.30017799 -0.09899100
v 0.24012212 0.12527734 -0.39813724
v 0.03944475 0.30836251 -0.06726425
v 0.03818625 0.30844274 -0.06761625
v -0.23154099 0.04509000 -0.40641299
v 0.11539000 0.30221200 -0.07006400
v 0.15125100 0.30133900 -0.08369700
v 0.24078025 -0.21050049 -0.39633650
v 0.21892200 -0.18303600 -0.39915600
v -0.25032401 -0.06944300 0.04270900
v -0.06137300 0.07742500 -0.40214500
v -0.06454750 0.07679600 -0.40221000
v -0.05101569 0.08034556 -0.40548593
v -0.03772600 0.07191657 -0.40267512
v -0.24433587 0.04123550 -0.39368349
v -0.23283949 0.04016400 -0.40610051
v 0.24736100 0.26091701 -0.13091600
v 0.00179581 0.31234169 -0.01544978
v 0.04637481 0.07807057 -0.40424064
v 0.05246600 0.06263200 -0.39983001
v 0.02671400 0.06515200 -0.40121499
v 0.03166850 0.30397925 -0.39651388
v -0.24296300 0.30068699 0.06053350
v 0.23019101 -0.17935701 -0.39934900
v -0.09066950 0.30695900 -0.36297551
v -0.24566200 -0.25381151 -0.39369899
v -0.22084400 0.30289599 0.07354200
v 0.00169231 0.31301013 0.05963087
v 0.19646125 0.29732549 0.39956599
v 0.18698753 -0.18336552 -0.39968944
v -0.01907106 0.28443778 0.39731386
v -0.24410675 0.02143500 -0.39455849
v 0.16792674 0.29738438 0.39929163
v -0.24476799 -0.00951600 -0.38998049
v 0.13060831 0.29557294 0.39896539
v 0.03061700 0.20927475 0.39984000
v -0.23672500 0.21284500 0.39303499
v 0.24696051 0.25323951 -0.07533775
v -0.00051500 0.31169531 0.10939675
v -0.24418187 -0.03509013 -0.39537036
v 0.24471900 0.19068600 -0.17919600
v -0.11573800 0.29081950 0.39637199
v 0.20508052 -0.13440447 -0.39962697
v 0.10580050 0.30496699 0.36695501
v 0.09672237 0.30611676 0.35565025
v 0.25043389 0.29415292 0.33866087
v 0.00595872 0.31232819 0.18534344
v -0.13544226 0.29489750 0.39495701
v -0.24815924 -0.29869375 -0.38359675
v 0.01925800 -0.30796599 0.36581400
v -0.24711999 -0.18747801 -0.31527999
v 0.18689901 0.28841299 0.40081099
v -0.24444194 0.22597037 0.35230994
v -0.24067500 -0.09955700 -0.40388501
v -0.24413112 -0.10499686 -0.39967355
v 0.05853700 0.30853400 0.35744601
v 0.05760087 0.30799681 0.37271529
v -0.12906100 0.30324200 0.39058301
v -0.20285849 0.30334550 0.38974774
v 0.18926500 -0.30080500 0.33774799
v -0.23626851 -0.19168600 -0.40477401
v -0.24682800 -0.17786166 -0.39580870
v -0.14920551 0.30690488 0.38248074
v -0.21635000 0.23350701 0.39379901
v 0.09926888 0.30574644 0.35569119
v 0.08266300 0.30562800 0.28236699
v -0.23953575 0.30237469 0.38690680
v -0.20711100 0.30559599 0.37975299
v 0.14055049 -0.08560650 -0.39933550
v 0.00542450 -0.12254375 -0.39986032
v -0.24543349 -0.15191400 -0.39237049
v -0.24917650 -0.01526800 -0.15873925
v -0.24491701 0.28082401 0.35162950
v 0.05174850 0.30906451 0.33225051
v -0.12929600 0.30770224 0.38292599
v -0.24644475 -0.18017174 -0.40050000
v -0.10340700 -0.15390100 -0.40135199
v -0.09008425 0.30099344 0.39370000
v -0.08807069 0.30850494 0.38099837
v -0.07948600 0.27651900 -0.40393299
v -0.24551301 -0.19586419 -0.39377844
v -0.24558274 -0.18556932 -0.39130512
v 0.00314678 0.30305111 0.39292863
v 0.15161251 -0.30197811 -0.06780900
v -0.13596800 0.27598599 0.39517099
v -0.12463200 0.26862201 0.39517900
v -0.01800163 0.29475075 0.39813974
v 0.20293850 -0.30158949 -0.06972000
v 0.18929800 -0.30219299 -0.07981700
v -0.24390100 -0.21185400 -0.39752200
v -0.24593550 -0.19784100 -0.38350949
v 0.13712212 -0.03680700 0.40459037
v 0.24069925 -0.06308650 -0.39625451
v -0.24564093 0.20501925 0.34059551
v 0.24676400 0.23947001 0.38613799
v 0.24848394 0.29153049 0.38873863
v -0.24493800 0.29696700 0.26741201
v 0.02954300 0.30804601 -0.38665500
v -0.24805619 -0.29715109 -0.33747870
v 0.23204599 -0.26119101 -0.39880401
v 0.23492500 -0.24652950 -0.39900300
v -0.01322600 -0.28644899 -0.40156099
v 0.06674212 -0.30039126 -0.40050799
v 0.08091100 -0.29757300 -0.40127701
v 0.09032375 -0.30222774 -0.39566875
v -0.22799525 -0.29923049 0.15424649
v 0.14263444 -0.29715800 -0.40055013
v -0.11464400 0.30746451 0.06534750
v 0.06252749 -0.30325374 -0.39416724
v 0.18239050 -0.29483700 -0.39974901
v -0.23573300 0.11431000 0.39374501
v 0.20022850 -0.30447751 -0.39477050
v 0.17967550 -0.30523500 -0.38893601
v 0.24038100 -0.30351001 -0.39346099
v -0.24711764 -0.29881495 -0.23656283
v 0.24114400 0.04092200 -0.39425299
v 0.24615659 -0.29832202 -0.31703657
v -0.13835700 0.30516800 -0.33638701
v 0.05542625 0.30616876 -0.39179200
v 0.04752313 0.05139088 0.40320814
v 0.05326888 0.30665138 -0.39082575
v 0.00000225 -0.30947301 0.34065676
v -0.05159500 0.05325400 -0.40171799
v -0.24961200 -0.24866650 0.25748500
v 0.24618100 -0.29800251 -0.18915150
v 0.24452400 -0.30127099 -0.18711300
v 0.24729849 -0.28780025 -0.19715349
v 0.03884700 0.05031225 -0.40024251
v -0.04172300 0.04713600 -0.40164101
v 0.24869876 0.29476765 -0.07172228
v -0.21478350 0.30326113 0.05709144
v -0.24837038 -0.13608332 0.25747651
v -0.14657050 0.30670950 0.05456600
v -0.24492399 0.08691900 -0.34839001
v -0.03396650 0.05560413 -0.40474862
v 0.03867900 -0.27828699 0.39818701
v 0.04574200 0.09028300 -0.40412799
v 0.08232050 -0.23780750 0.39984301
v 0.03374100 0.10805475 -0.40083450
v -0.24417762 -0.29828075 0.08515275
v 0.24643725 0.29671037 -0.15082513
v -0.04214100 0.10984300 -0.40186900
v 0.01307234 0.29305393 -0.40256560
v -0.24839735 -0.28300920 0.22035418
v -0.24859776 -0.24008137 0.32264119
v -0.24685775 -0.28905874 0.28702724
v -0.24862409 -0.28390783 0.28169724
v -0.24764951 -0.24477050 0.34987751
v 0.24165300 -0.30010700 0.31075501
v 0.21050400 -0.30052599 0.31702599
v 0.23558407 -0.30077407 0.17531632
v -0.24775276 -0.28461882 0.31188244
v 0.23426799 -0.30045700 0.22633100
v 0.23365025 -0.19979525 0.40281725
v 0.00985800 -0.30880800 0.34445199
v -0.24899289 -0.29174930 0.33810100
v -0.24739601 0.28762099 -0.18087400
v -0.24868999 -0.28812051 0.37357274
v -0.24120390 0.17714240 -0.40280384
v -0.16996688 -0.28854775 0.39338186
v -0.22080424 -0.29921675 0.38733125
v 0.12718526 0.30170351 -0.16288175
v 0.00937700 -0.30888849 0.34068999
v -0.13270350 -0.29405650 0.39347374
v 0.06056522 0.30584118 -0.18966985
v -0.24786171 0.25309682 -0.33667955
v -0.23579250 -0.29711151 0.36690751
v 0.07285856 0.30216643 -0.39583838
v 0.07119700 0.30176875 -0.39621526
v 0.08332050 0.29756099 -0.40036649
v 0.10690363 0.30329266 -0.39327821
v 0.09584100 0.29514301 -0.40124899
v 0.02406700 -0.30752900 0.33653301
v 0.00889600 -0.30896899 0.33692801
v -0.13753387 -0.30019975 0.39153951
v -0.16640151 -0.29700950 0.39074650
v -0.16976057 -0.29256678 0.39232910
v -0.15717250 -0.28917399 0.39386100
v -0.05794600 -0.30651349 0.34058750
v -0.24710450 0.29101950 -0.18359800
v -0.24023800 0.30081701 -0.16466901
v -0.24049801 -0.29633999 0.36760700
v -0.23664200 -0.29715800 0.37359899
v -0.23199899 -0.29824299 0.37864599
v 0.23961337 0.20459574 -0.39879501
v 0.24602382 0.29670995 -0.23616670
v -0.24886525 -0.27868325 0.35304075
v -0.24923657 -0.27532646 0.34732330
v 0.24214013 -0.21881510 0.39650211
v 0.05202075 0.09080922 -0.40027732
v 0.24824412 0.29121962 -0.13151725
v 0.24830949 0.28822449 -0.13252801
v 0.25129300 0.27360201 -0.11747700
v -0.11321000 -0.30523801 0.14520800
v -0.09179500 0.30697501 -0.34858999
v -0.24442551 0.04324200 -0.39317924
v -0.24488249 0.06247300 -0.38896099
v -0.24921836 -0.27916518 0.25907791
v 0.04058700 0.30721051 -0.36127999
v -0.24912162 -0.29363787 0.21701588
v 0.24582350 -0.24351050 0.38247600
v -0.24426812 0.01896412 -0.39377314
v -0.24105400 0.02443925 -0.40251026
v 0.15904699 0.30046400 -0.00699800
v 0.02534500 0.30841801 -0.36925200
v -0.24556699 0.29570851 0.12934899
v 0.20439100 -0.30033901 0.29991999
v 0.24665700 0.23102200 -0.04558200
v 0.02763800 0.30980012 0.27091560
v 0.10658100 0.30465901 0.33610401
v -0.14862426 -0.29920599 0.39201751
v -0.23438326 0.29203501 0.39261299
v 0.14872500 0.30310300 0.36511424
v 0.15156350 0.30301651 0.36540401
v -0.24461700 -0.23063475 -0.39605451
v -0.21679673 -0.30408895 -0.39460757
v 0.24734600 -0.26778999 0.35562900
v -0.14551724 -0.29987082 -0.40279812
v -0.19742450 -0.30582151 -0.38915649
v -0.19765826 -0.30577400 -0.38941199
v -0.13944000 -0.30638769 -0.39251536
v 0.24289849 -0.05497650 0.22350450
v 0.24288100 -0.05614600 0.22529700
v -0.25042900 -0.19013800 0.12686600
v -0.23836251 -0.30133399 -0.20236801
v 0.17870399 -0.26699600 -0.39971599
v -0.06093150 -0.30366999 -0.39698300
v 0.23622850 0.24207525 0.40155849
v 0.02140800 -0.30788699 -0.39199299
v 0.02191287 -0.30357429 -0.39823675
v 0.24030000 -0.27897900 -0.39768374
v -0.24901928 -0.28081593 -0.27566618
v 0.24574181 -0.17089656 -0.08175813
v 0.24551250 -0.17095400 -0.07733300
v 0.00473200 -0.31158349 -0.26183599
v -0.13607199 -0.29506499 0.39331049
v -0.00609400 -0.31024599 -0.37543100
v -0.00738600 -0.31012100 -0.36658901
v -0.07447000 0.06826600 0.39999500
v -0.21262637 -0.30339187 -0.29491624
v 0.24541324 -0.15757950 -0.08119425
v 0.24538501 -0.15109400 -0.08066700
v -0.00673675 -0.31072325 -0.32343474
v 0.24897544 0.29485378 0.03523291
v 0.03612313 0.10740113 0.40285325
v -0.14672101 0.30492201 -0.31986800
v -0.02322512 0.10092863 0.40374476
v -0.00307200 0.10187200 0.40413451
v 0.03369287 0.10216900 0.40546650
v -0.05010350 0.07022550 0.40134600
v -0.23025700 0.02685600 0.39460900
v 0.05718100 0.09393200 0.40292701
v -0.08229200 0.30738100 -0.33789599
v 0.03448050 -0.28888324 -0.40115225
v 0.04621150 -0.27937600 -0.40100351
v 0.03564300 -0.28321901 -0.40108201
v 0.24356230 0.08376411 0.10030536
v 0.17906199 -0.30532801 -0.38695300
v -0.16460900 0.08926700 0.39684701
v -0.24787550 -0.11494543 0.24282868
v 0.18626650 -0.30254301 -0.39669201
v 0.23303100 -0.30218700 -0.21504050
v 0.23256850 -0.30222499 -0.21667475
v -0.25038350 -0.08507550 0.05827550
v -0.25044718 -0.21320200 0.10868850
v -0.24882425 -0.29576305 -0.02720634
v 0.01857000 -0.30188400 -0.40026000
v 0.00425119 -0.31109694 -0.04367928
v -0.08601450 -0.30665815 -0.39379606
v -0.08803300 -0.30498099 0.35339001
v -0.03454225 -0.30052000 -0.40130088
v -0.05766625 -0.30333826 -0.39735350
v -0.24948893 -0.29382169 0.06314132
v 0.10138600 -0.24377599 0.39988101
v -0.24832284 -0.18341900 0.30395222
v -0.05358550 -0.30945101 0.06904600
v 0.24095738 -0.23868738 -0.39633837
v 0.23681600 -0.23802599 -0.39915201
v 0.20380750 0.24954750 0.40139350
v -0.00636450 -0.31220850 0.10868750
v 0.05874600 -0.25851500 0.39876401
v 0.24807425 -0.28029051 0.30258799
v -0.24553099 -0.28964499 -0.39575800
v -0.24610800 -0.28254399 -0.39298600
v -0.24741615 -0.28662384 0.26688290
v -0.05311700 0.24814200 0.39731199
v 0.08158400 -0.30319399 0.19144000
v 0.24865100 -0.29512000 0.18043900
v 0.24852550 -0.28327900 0.19428851
v 0.20122887 0.30179474 0.39244238
v 0.19907850 0.30331349 0.38692349
v 0.20220825 0.30299100 0.38884151
v -0.19816500 -0.30070999 0.37922701
v -0.24345151 0.24275900 0.37712851
v -0.16731200 -0.28441399 0.39402199
v 0.18307900 0.30343351 0.38130999
v 0.11348900 0.30320701 -0.36636001
v 0.24869850 -0.29667351 0.27621299
v -0.24348100 0.24498799 0.38323900
v 0.09056213 0.30685911 0.38904646
v 0.23677400 0.29912600 0.34481001
v 0.24130575 -0.01353050 -0.38597074
v -0.24592599 0.29168001 0.13686401
v -0.24607874 0.28759575 0.15111275
v -0.24730000 0.24168199 0.08192400
v -0.08737362 0.30883870 0.10421462
v 0.16276012 -0.30091864 0.28801474
v -0.01486100 -0.30892900 0.33094800
v -0.16439401 -0.30208200 0.38057300
v -0.16465200 -0.30183399 0.37186700
v -0.13587300 -0.30318201 0.35416701
v -0.24506675 0.06548850 -0.35287324
v 0.12146350 0.27973899 0.40014201
v 0.21991076 0.29136649 -0.40102249
v 0.21595900 0.30067801 -0.37558600
v -0.08265700 -0.30541199 0.34033099
v -0.10707600 -0.30417401 0.35992199
v -0.02815625 0.30252525 0.38612026
v 0.24099950 0.22460850 -0.39492449
v 0.06565500 -0.23953401 0.39965200
v 0.24099199 -0.08382400 -0.38914701
v 0.24037351 0.19195038 -0.39767599
v 0.01943550 0.30980799 -0.15580951
v 0.24582601 -0.24045999 0.32697201
v 0.17680450 -0.07901500 -0.39943501
v -0.16422550 0.23446500 -0.40436500
v 0.19517000 0.30013999 -0.11556000
v -0.24518751 -0.13188750 -0.39216951
v -0.24567300 0.28744000 0.25921300
v -0.24591801 0.28251100 0.25975901
v 0.12187125 0.30212325 -0.06976675
v -0.22925200 0.30232200 0.01677300
v -0.24025600 0.30129299 0.02385500
v -0.17944901 0.23043600 -0.40489799
v 0.23930424 -0.03134900 -0.39865801
v 0.02610700 0.28219599 -0.40243000
v -0.24611551 0.27789050 0.24345151
v -0.24518500 0.03818800 -0.35590401
v 0.24882519 0.29432949 -0.02190969
v -0.24612300 0.28949499 0.12650600
v 0.19461900 -0.30056801 0.28564799
v 0.23321500 0.04926900 -0.39977700
v -0.24800400 0.17032225 0.05993500
v 0.24159412 0.13046810 -0.37672967
v -0.03184300 -0.30784601 0.34115201
v -0.10664294 -0.29999217 -0.40198413
v -0.06194000 0.06352800 -0.40210399
v 0.21623001 -0.13610999 -0.39952201
v 0.22024100 -0.12040000 -0.39976701
v -0.03510800 -0.30774099 0.33069700
v -0.13117300 0.28517801 0.39605001
v 0.23664300 -0.30048001 0.27320701
v 0.14891319 0.23065138 0.40248895
v 0.17076956 0.30185190 -0.39089975
v 0.23409951 0.25152776 -0.39966425
v -0.24933718 -0.23462903 -0.17991547
v 0.24822500 -0.29014900 0.28754199
v 0.22063237 0.29895625 -0.33903074
v 0.24645500 0.28611800 -0.34089801
v -0.01282700 0.31078774 -0.26426926
v 0.06031000 0.30596900 -0.36256701
v 0.24375500 -0.22357699 0.39401200
v 0.21965501 -0.24093600 -0.39878300
v 0.24210501 -0.21810301 -0.38695401
v -0.08246800 -0.23104845 0.39701566
v -0.22819163 -0.30457675 -0.39039850
v 0.23444299 -0.27729601 -0.39873999
v -0.00139800 0.15271500 0.40059999
v 0.09844150 -0.24465500 0.39979351
v -0.15863401 0.23493525 -0.40427199
v -0.14320700 0.23439400 -0.40396601
v 0.19928375 0.30111074 -0.38617000
v 0.07441100 -0.30398899 0.29617500
v -0.04191313 0.07171350 0.40431088
v -0.11770303 -0.19590332 0.39679456
v -0.01771600 -0.13646500 0.40035099
v 0.21233387 -0.30108675 0.04114194
v 0.24663199 -0.22446699 -0.08387200
v -0.12764600 -0.30336800 0.35367101
v -0.23369600 -0.29957700 0.09558200
v -0.24899137 -0.29407799 -0.06378462
v 0.23562600 0.04642950 0.40318149
v -0.24331000 -0.29553500 0.34921601
v 0.12700599 0.30282801 -0.37670699
v -0.21222197 -0.09166903 0.39600769
v 0.13192700 -0.22801200 0.40134600
v -0.04786400 -0.31055149 0.08081550
v -0.24854694 -0.28718281 0.22145906
v 0.18463600 -0.15599300 0.40399101
v 0.05531100 -0.25182301 0.39892200
v 0.24454699 -0.16850699 0.20945300
v 0.22966474 -0.30174595 -0.02024038
v 0.03607400 -0.30655700 0.29887900
v 0.23876899 -0.30039701 0.24205799
v 0.20783401 -0.30056199 0.27885300
v -0.12852350 -0.30344400 0.32260850
v -0.15814599 -0.30215600 0.35280001
v -0.08214900 0.25607800 -0.40330949
v -0.08160000 0.26437399 -0.40353200
v -0.24888559 -0.29368809 0.22591844
v 0.24631400 0.29176950 -0.36621049
v 0.24619600 0.29042399 -0.36512300
v -0.13678800 0.30556700 -0.30416501
v -0.22681101 0.30111301 -0.26962900
v -0.14291362 -0.23337291 0.39569259
v -0.24791075 0.24167275 -0.20984800
v -0.24791950 0.24196599 -0.20910101
v -0.05639150 0.09395550 -0.40197399
v 0.16847301 0.30203500 -0.38959801
v 0.19596000 -0.21125799 0.40303800
v 0.06169200 0.30565399 -0.35523701
v 0.24064438 -0.21352138 0.39890006
v 0.07374700 0.30516699 -0.36408001
v 0.21522400 -0.21048300 0.40329200
v 0.24559300 -0.23614000 0.37659800
v 0.20065901 -0.30043700 0.25122300
v 0.20645300 0.29965600 -0.39449751
v -0.22440700 0.30261099 0.02875200
v 0.14840800 0.30213100 -0.37938899
v -0.04566525 0.31147701 0.05710800
v -0.12736200 -0.30339301 0.33151999
v 0.02302300 -0.30760601 0.29988500
v 0.24435581 0.15330037 -0.15396568
v 0.24242038 0.02476113 -0.31200299
v -0.23861000 0.30252299 0.26491901
v 0.24543625 -0.09193950 -0.08376800
v 0.24538951 -0.09735400 -0.08309550
v 0.19854163 -0.10296450 -0.40024874
v -0.12815300 0.24097601 -0.40346101
v -0.02840205 -0.21662346 0.39832422
v 0.01828100 0.30775699 0.38786799
v 0.14931294 0.28033581 -0.40157744
v -0.03538273 0.29728377 0.39714280
v 0.00581300 0.26364100 0.39809299
v 0.22670075 -0.20977101 0.40303975
v 0.19178388 0.29115525 0.40061626
v -0.20067850 -0.29817051 -0.40420949
v -0.04862428 0.30942971 -0.28913122
v -0.14551000 0.30518600 -0.28821900
v -0.04323200 -0.29686800 -0.40205601
v 0.09480700 -0.30328000 0.27588999
v -0.24951650 -0.02955625 0.10070825
v -0.11444700 0.29000700 0.39650100
v 0.22699100 -0.30057400 0.23580700
v -0.24088675 -0.19305550 -0.40364826
v -0.14320700 0.29971200 0.39340001
v -0.08551000 0.12624800 0.39914599
v -0.16649500 -0.30168301 0.35975501
v 0.19881800 0.30112851 -0.38565600
v 0.03558838 0.10100825 0.40575662
v 0.24828300 -0.28292799 0.27677900
v 0.18135300 0.30123401 -0.38065299
v 0.24452101 -0.21119700 0.36097699
v 0.01549312 -0.07147869 -0.39935538
v 0.06753000 -0.22800624 0.39995876
v 0.14319500 -0.08614400 -0.39934400
v 0.10217950 -0.08923600 -0.39929700
v 0.09663700 -0.08818850 -0.39933050
v -0.25048724 -0.18238825 0.11914400
v -0.20410450 -0.13242750 -0.40466875
v 0.24648800 -0.23727800 -0.07754900
v 0.24822199 -0.28063899 0.28407699
v 0.24319400 -0.11956800 0.22961250
v -0.24972250 -0.29151988 0.07671225
v -0.24960950 -0.28331950 0.10759450
v -0.10369900 0.22862700 -0.40311700
v -0.05145200 0.23458400 -0.40200800
v -0.24459276 -0.04119275 -0.39409474
v 0.09538500 0.27766901 -0.40191901
v 0.21716300 -0.30043301 0.26189199
v -0.24484800 -0.01209200 -0.38826600
v 0.17579550 0.30001500 -0.06506700
v -0.21807800 -0.29854399 0.33123401
v 0.20814399 0.28101099 -0.40107101
v 0.10383100 0.30328101 -0.35486799
v 0.07705000 0.30501851 -0.06835900
v 0.08208650 0.30467200 -0.06764000
v 0.24237899 0.29846150 -0.12464200
v 0.14572525 -0.19538325 0.40267876
v 0.21271650 0.30063099 -0.38375151
v 0.21434499 0.30063400 -0.38253000
v 0.24594875 0.28987998 -0.38217798
v 0.19062550 0.29943699 -0.12999199
v 0.13114500 0.30234900 -0.36357501
v 0.09268900 0.30417600 -0.36469701
v -0.21758699 -0.26324251 0.39412400
v 0.19012800 0.29960549 -0.12886900
v -0.11388900 -0.30446199 0.30310199
v 0.05438500 -0.30548999 0.28595099
v -0.20584001 0.22475199 -0.40576601
v 0.10686600 -0.20857200 0.40112701
v 0.24507700 -0.22379000 0.35437900
v 0.00775400 0.31219000 0.14112499
v 0.06860300 -0.23046000 0.39992601
v 0.00443200 0.31222001 0.15238599
v 0.00551600 0.31217501 0.15063050
v 0.24236099 -0.23151800 -0.38811100
v -0.23214188 -0.29785025 0.29332525
v 0.24542224 0.19872625 -0.07188975
v -0.20767599 0.30203199 -0.27252701
v -0.18542700 -0.26160100 0.39472201
v 0.22866763 -0.10838962 0.40329218
v 0.02006200 -0.30868000 -0.38959599
v -0.24867213 -0.07510129 -0.18325168
v 0.06581600 -0.30477700 0.26455799
v 0.19550137 0.29958251 0.39659113
v 0.11114000 -0.30241501 0.25142401
v 0.03331800 -0.29454750 -0.40122250
v -0.13007800 -0.30366799 0.30338201
v -0.08653400 -0.30752701 -0.32755801
v 0.24536963 -0.24650250 -0.31177887
v 0.24575925 -0.24508438 -0.28568712
v 0.24568325 -0.24507937 -0.28490776
v -0.24878700 -0.28990200 -0.21103600
v 0.24601699 -0.22124700 -0.07166050
v -0.17370550 -0.24741399 0.39506701
v -0.00297275 -0.31228226 -0.25802824
v 0.08731000 0.30343899 -0.32067901
v 0.15417001 0.30099601 -0.35286900
v -0.18041500 0.30347699 -0.27945301
v -0.00689300 -0.31066999 -0.33919099
v 0.04064800 -0.30843249 -0.38439000
v 0.04976100 -0.30791000 -0.38718700
v -0.24777700 -0.23708899 0.33806399
v -0.24788900 -0.24138300 0.33755201
v 0.18490100 -0.30052099 0.25237200
v -0.24922800 -0.01696200 0.11145750
v -0.24937400 -0.02555400 0.10951400
v 0.19539300 -0.19898000 0.40328699
v 0.24798000 -0.28183150 0.23058450
v 0.24787501 -0.28287601 0.22425599
v 0.23570400 -0.30056399 0.23598300
v -0.01885600 0.24158600 -0.40164301
v 0.07193700 0.25788701 -0.40124100
v 0.19716500 -0.30028901 0.23660199
v -0.05043700 -0.28666401 -0.40205801
v -0.07976700 -0.30599600 0.29377401
v 0.01216200 0.31076899 -0.15089500
v -0.00635200 0.31163299 -0.16719200
v 0.07810900 0.25293100 -0.40123200
v 0.00258900 0.31176999 0.34788901
v 0.07983900 -0.30399600 0.26383001
v -0.18376300 0.30312300 -0.26991501
v -0.15894400 0.30452600 -0.27878299
v 0.08702400 -0.09581000 -0.39938399
v 0.05428600 0.30755550 0.11804250
v -0.24710837 0.21039407 0.11231312
v 0.24115200 -0.01072700 -0.39093900
v 0.23842750 0.29846275 0.11059600
v -0.17419200 -0.25152701 0.39495900
v 0.21080512 -0.10390175 -0.39961475
v -0.15766850 0.30717200 0.37807801
v 0.18542901 0.30052099 -0.36546800
v 0.18703400 0.30000600 -0.35472500
v -0.24550050 0.03735925 -0.33103001
v 0.06512100 -0.30498701 0.25464901
v 0.05377900 -0.30583999 0.25461000
v -0.05416400 -0.30762500 0.26361701
v -0.10429300 -0.30480301 0.29384801
v 0.17746700 -0.30040100 0.23552801
v -0.17414100 0.22586501 -0.40475401
v -0.05170100 -0.30733699 -0.39300850
v 0.18539500 -0.18087800 0.40353400
v -0.18958600 -0.24851701 0.39476100
v -0.20424800 -0.25042701 0.39437601
v -0.21981201 -0.25742701 0.39413100
v -0.17792401 0.30361000 -0.26082599
v 0.24328375 -0.07739890 0.18242507
v 0.22914000 -0.30056500 0.21874601
v 0.15190600 -0.30066100 0.22726800
v 0.20254450 -0.30021849 0.22410400
v 0.20486000 -0.30020699 0.22832701
v 0.20022900 -0.30023000 0.21988100
v 0.15018976 0.30033824 -0.32156426
v -0.06674000 -0.30685401 0.28232700
v -0.04331700 -0.30807799 0.25559601
v -0.08332100 -0.30601999 0.28315401
v 0.24433149 -0.20314200 0.35778701
v 0.11985100 -0.19335200 0.40201101
v -0.24968050 -0.25230849 0.24039200
v 0.18427400 -0.17426400 0.40364149
v 0.24336100 -0.13397899 0.22487700
v -0.01244600 0.22199000 -0.40114999
v 0.09492600 0.26656100 -0.40162700
v 0.09629650 0.26138851 -0.40144750
v -0.20927151 -0.25119400 0.39436349
v 0.20896500 0.25539300 -0.40031400
v -0.16559300 0.30401099 -0.26792800
v -0.13738900 0.30547699 -0.25961700
v -0.22724625 0.30140674 -0.22974825
v 0.05626600 -0.30532399 0.23731200
v -0.24769875 0.25217700 -0.22836475
v 0.00297269 0.31098592 -0.18882419
v -0.03240600 0.31049499 -0.16149200
v -0.12270100 0.30600300 -0.26745999
v 0.23549700 -0.30375150 -0.38222551
v -0.24760699 -0.25450799 0.36165401
v 0.00701700 -0.31049699 -0.37989199
v 0.24377200 -0.17529000 0.34094501
v 0.21676999 0.29905099 0.15404899
v 0.07366800 -0.30419701 0.23512200
v 0.16558200 -0.30040100 0.22731800
v 0.06248600 -0.30472001 0.22995600
v -0.01454550 -0.24507518 -0.40070331
v 0.25020176 0.28002113 0.28659824
v 0.08726300 -0.30318299 0.22692300
v 0.23446700 0.29978600 0.36981499
v 0.25054300 0.29076001 0.37301600
v -0.19704100 -0.24296001 0.39471501
v -0.20055249 -0.24159950 0.39460301
v 0.16644400 0.30013701 -0.33429700
v 0.16934700 -0.07976100 -0.39935899
v 0.21733300 -0.30039299 0.21703801
v -0.05575100 -0.30766800 0.24056999
v -0.16288900 -0.30183399 0.29334500
v 0.24195300 0.02580750 -0.33616376
v -0.24891484 0.08948594 -0.13613901
v 0.23660913 0.04591675 0.40258864
v 0.04023400 -0.12827200 0.40185300
v 0.24282725 0.04862875 0.39449799
v 0.24048500 0.04293200 0.40004301
v -0.08274800 0.23154400 -0.40277800
v -0.19577500 -0.23460101 0.39488199
v -0.18030199 -0.23607500 0.39508900
v -0.20406400 -0.24023899 0.39449099
v 0.24543132 -0.22099538 0.27336207
v 0.11844900 0.24464400 -0.40087599
v 0.16539550 0.30010000 -0.05067900
v 0.16081101 0.30025351 -0.05153350
v 0.20031101 -0.30023700 0.20653300
v 0.00843275 0.31156251 -0.05363300
v -0.16470300 -0.30189401 0.28266001
v -0.01217200 -0.31221101 0.09903800
v 0.04139400 0.30662650 -0.25468001
v 0.17873900 0.29977700 -0.33705699
v -0.20108050 0.20638201 -0.40566099
v -0.10314100 0.21242200 -0.40291399
v -0.16875800 0.20324799 -0.40437901
v 0.11912300 -0.30182001 0.21408699
v 0.10499700 -0.30238801 0.21508600
v 0.19073200 -0.30227700 0.38762501
v 0.09766700 0.25621599 -0.40126801
v 0.24336600 0.07496400 -0.21316200
v -0.24674293 0.20979956 0.16244031
v 0.04782900 -0.07226600 -0.39898601
v 0.04799900 -0.07953000 -0.39895600
v 0.24217337 -0.08886422 -0.33662349
v 0.24358800 0.07151500 -0.20470600
v 0.05803500 -0.07725900 -0.39910701
v 0.05808400 -0.07389350 -0.39911649
v 0.24393900 0.07860900 -0.18649501
v 0.24211299 -0.02942300 -0.32879901
v 0.24262100 0.01661700 -0.30420601
v -0.24789800 0.17078599 0.04931900
v -0.07355800 -0.09056200 -0.40095401
v 0.24384600 0.05189850 -0.16432200
v 0.24417201 0.07168500 -0.14108400
v 0.24964325 0.28054112 0.17684287
v -0.01348644 -0.08378875 -0.39967549
v -0.24916540 0.06067641 -0.10698156
v 0.24780600 0.25376201 0.11705500
v -0.10222500 -0.08716100 -0.40180400
v 0.10869600 -0.06963100 -0.39933899
v -0.05638500 -0.06901900 -0.40046501
v -0.12076300 -0.11619200 -0.40209800
v -0.24777500 0.01403000 -0.22423349
v -0.14037800 -0.09003100 -0.40293801
v -0.18696153 0.30534518 0.31503651
v -0.24612449 -0.04804659 -0.30253723
v -0.24607889 0.24481297 0.23417430
v -0.24683200 -0.01987700 -0.26677200
v -0.12990201 0.30763799 0.28551099
v 0.24561401 0.19852500 0.03167600
v -0.05289369 0.31060138 0.26790261
v -0.24514200 -0.11586600 -0.38968599
v -0.24500400 -0.11182500 -0.39094049
v 0.14254300 0.30154300 0.25350401
v 0.22660699 0.29916501 0.19541800
v 0.21461400 0.29932600 0.21085000
v 0.24518199 0.18169700 0.01602200
v 0.16398200 0.30059201 0.21932000
v -0.24830550 0.01293200 -0.19555950
v -0.24570225 -0.13554406 -0.36519632
v 0.17046376 0.25292951 -0.40062574
v -0.24872801 0.01005600 -0.17993800
v -0.17351849 -0.13927050 -0.40381500
v -0.24809401 0.01479700 -0.21054199
v -0.24872699 0.10701100 -0.05924600
v -0.24917500 0.01446200 -0.08653400
v -0.24905901 0.07693700 -0.07074100
v 0.24466300 0.10649600 -0.12285200
v -0.24899700 0.07337300 -0.06847300
v 0.24478699 0.12048800 -0.11158000
v -0.24780449 0.17199150 0.09863350
v -0.14893000 -0.14375500 -0.40281999
v 0.06683300 -0.07677500 -0.39897200
v 0.07703600 -0.05280400 -0.39933801
v 0.24215449 -0.00173450 -0.32591650
v 0.24150100 -0.04552100 -0.37127200
v 0.24329700 0.05890800 -0.21334200
v 0.24290000 0.05289000 -0.26576799
v 0.24279000 0.02420400 -0.25256100
v 0.24369200 0.08692400 -0.17677300
v 0.24196599 -0.01855900 -0.33979100
v 0.24928400 0.28065100 0.10736700
v 0.10022237 0.30425656 0.19642369
v 0.24701400 0.24361500 0.03905800
v -0.11975700 0.30792999 0.31069499
v 0.17423700 0.30028901 0.21110301
v 0.24767099 0.25253800 0.05757700
v -0.01372600 0.31142601 0.29632500
v 0.24290800 0.03249200 -0.24517800
v -0.08245900 -0.08637300 -0.40125701
v -0.24902400 0.08144000 -0.05843700
v -0.24695672 -0.08140320 -0.26828846
v -0.24852467 0.12496344 -0.00599719
v -0.12842900 -0.11582000 -0.40225300
v 0.24558499 0.20198600 0.00146300
v 0.24370950 0.07504200 -0.17445350
v 0.24371199 0.07705400 -0.17628400
v 0.24330500 0.03559600 -0.21239001
v 0.06678900 -0.04645200 -0.39915001
v -0.24768700 0.17737700 0.09807800
v 0.24497700 0.17982700 0.04017500
v -0.24739900 -0.02340800 -0.24133401
v -0.14818799 0.30689099 0.32821199
v -0.24465150 -0.08364500 -0.39388499
v 0.14664000 0.30140799 0.23680900
v -0.20922150 -0.06586163 -0.40584049
v -0.06034200 -0.08599000 -0.40062299
v -0.24783100 0.14607300 0.11920300
v -0.24638613 0.19850062 0.22044307
v 0.10896900 -0.08611000 -0.39922500
v 0.10668700 -0.08238800 -0.39923400
v -0.07009700 0.30853599 -0.25868699
v 0.24441700 0.09025500 -0.13112400
v 0.20715401 0.29921800 0.16720200
v 0.22971401 0.29894301 0.18076301
v -0.15673800 0.30660701 0.27136001
v -0.11191500 0.30836901 0.31781501
v -0.01134800 0.31128201 0.31454799
v 0.24297687 -0.14103462 0.36217287
v -0.24792200 0.16660599 0.09918900
v -0.20476250 -0.13233601 -0.40466601
v -0.24869201 -0.00870500 -0.17974700
v -0.24914044 0.07608075 0.03151606
v -0.24908000 0.05277400 -0.07176800
v 0.24474600 0.12473600 -0.12279900
v -0.24590400 0.26172999 0.25493699
v 0.24139801 -0.01242700 -0.38260600
v 0.24134800 -0.05130100 -0.38180801
v 0.24269301 0.03075400 -0.28169799
v 0.24155299 -0.00544600 -0.37037900
v 0.24392100 0.03479900 -0.16368300
v 0.24467100 0.09579900 -0.12292800
v 0.24484700 -0.02464900 -0.11237100
v 0.24554250 0.19440150 0.09147650
v -0.24596401 0.27341899 0.25134200
v -0.24912100 0.08050100 -0.07300900
v -0.12853301 -0.09565300 -0.40235701
v -0.12472200 0.30777401 0.32710099
v -0.24893163 0.05256059 -0.15993497
v 0.16501100 0.30057901 0.23319501
v -0.24724467 0.13536164 0.17759837
v -0.18501100 -0.13664401 -0.40432101
v -0.21630900 -0.29919001 0.25325799
v 0.24279322 -0.09121681 -0.29539815
v -0.24542400 0.27901900 0.32535601
v 0.24290387 -0.03273950 -0.25253025
v 0.24323700 0.02436900 -0.22303601
v 0.24724875 0.24328776 0.14724675
v -0.06143600 0.30974001 0.32798800
v -0.11958100 0.30796951 0.32820851
v 0.11125100 -0.08983200 -0.39921600
v -0.21197701 -0.13998400 -0.40468100
v -0.24575950 0.25410625 0.27920374
v -0.24832551 -0.09967626 -0.21381670
v 0.24570049 0.19885200 -0.08223200
v 0.24159600 -0.01583200 -0.37094900
v 0.24377950 0.08587100 -0.18028750
v 0.24386699 0.08481800 -0.18380199
v 0.24528900 0.18815400 0.06150200
v 0.24280199 0.04311200 -0.25221500
v 0.24249400 0.04031650 -0.29524100
v -0.09949000 0.30886000 0.33706400
v -0.00143300 0.31145400 0.30956200
v 0.16632099 0.30043000 0.25315201
v -0.24905799 0.03665200 -0.04467800
v -0.11187500 -0.12663500 -0.40169001
v -0.18003900 0.20800801 -0.40491700
v -0.07418400 0.21834500 -0.40242201
v 0.24508500 0.17936900 0.03151900
v 0.21358299 0.29904500 0.18246900
v -0.04525606 0.31065112 0.23821844
v -0.08775700 0.30900800 0.32868400
v -0.06741750 0.30953100 0.32688501
v -0.03862400 0.31035551 0.32519549
v -0.03836700 0.31035000 0.32715601
v -0.02127700 0.31072801 0.32554400
v -0.22218800 -0.14590999 -0.40440601
v -0.21935600 -0.14352299 -0.40437600
v -0.12039100 -0.14128099 -0.40188101
v -0.24899487 0.07328025 -0.00375475
v 0.24491800 0.13662200 -0.11293600
v 0.20212938 0.05928838 -0.39978337
v 0.04883100 -0.06256450 -0.39916301
v -0.24884300 0.10054500 -0.06446100
v -0.19441000 -0.21721900 0.39524299
v 0.12204900 0.30284899 0.29448700
v -0.24686515 -0.12363397 -0.29957697
v -0.24507000 0.28565851 0.33462101
v -0.12900400 -0.13928300 -0.40208799
v -0.24749801 -0.00327900 -0.23768200
v -0.24715599 -0.01837400 -0.25721800
v 0.25005424 0.28169051 0.22732575
v 0.07629700 -0.30385199 0.21531500
v 0.08894500 -0.30321500 0.21363799
v 0.14110935 0.30151486 0.16998072
v 0.22994800 0.29904801 0.16573000
v -0.15915801 0.30649701 0.26067400
v 0.17661700 0.30018699 0.26529101
v 0.17941700 0.30023101 0.28027600
v 0.08302550 0.30691800 0.34809449
v -0.22416399 -0.15682000 -0.40466201
v -0.24939300 -0.02054300 -0.14147601
v -0.24924600 0.02138350 -0.07142600
v 0.09413700 -0.30253699 0.19194999
v -0.24937500 0.01496100 -0.09481700
v 0.24365599 0.09362700 -0.20449001
v 0.24286801 0.05947400 -0.25087401
v 0.03162200 -0.05141600 -0.39921299
v 0.24387600 0.04566300 -0.16277801
v 0.24432500 0.07130100 -0.13182500
v 0.24373899 0.09105500 -0.19733700
v 0.24489599 0.16715300 0.01536800
v 0.24494401 0.17057800 0.03033400
v 0.24448501 0.15036900 0.05123600
v 0.24522699 0.18234999 0.13431001
v 0.24341699 0.07375500 -0.22349700
v -0.24801449 0.18917300 0.07896200
v -0.12500000 0.30810601 0.35438901
v -0.11365100 -0.06562800 -0.40217701
v 0.20149399 0.29958501 0.28174299
v -0.24874499 0.11316200 -0.07532500
v -0.10262400 -0.14281200 -0.40144399
v -0.03301500 -0.30929899 0.22090000
v -0.24775299 0.18378700 0.03230300
v 0.24586999 0.20514800 0.11746500
v -0.24468425 -0.08923450 -0.39413100
v -0.24510181 -0.03418244 -0.36620575
v 0.24925201 0.28324801 0.07430100
v -0.24960491 -0.07882522 -0.12580587
v -0.24823400 0.10699100 0.13931701
v 0.12361000 -0.16938800 0.40255299
v 0.24417099 0.05087700 -0.14050899
v 0.17581500 -0.14417499 0.40390801
v -0.24852701 0.13125899 -0.07105700
v -0.05092550 -0.03302350 -0.40064651
v 0.24240901 0.02391150 -0.31047899
v -0.05710075 -0.06386925 -0.40057224
v 0.20668501 0.29930499 0.29313201
v -0.23583600 -0.16798900 -0.40480000
v -0.24904400 0.03981500 -0.05846000
v 0.24403287 -0.05842350 -0.17452174
v -0.18694600 0.20041201 -0.40510499
v 0.24420300 0.04086300 -0.04218500
v -0.18469600 -0.21246000 0.39550999
v -0.15992700 0.30624801 0.23987401
v -0.17176101 0.30587199 0.25887901
v 0.24736799 0.25074300 0.03076700
v 0.05734150 -0.14216550 0.40170899
v -0.24767150 -0.12267144 -0.25414300
v 0.09898300 -0.05162800 -0.39944401
v 0.24392051 0.03823450 -0.14949100
v 0.24389100 0.04163900 -0.15121700
v -0.01284200 0.21667400 -0.40110901
v 0.24495301 0.17524301 0.04917100
v 0.24345700 0.08533500 -0.21249600
v 0.04377600 -0.05266800 -0.39928699
v 0.24506600 0.16257600 -0.10327000
v -0.10206900 -0.07556100 -0.40187299
v -0.24866600 0.11029450 -0.06191100
v 0.01017500 0.31119350 0.35067451
v 0.15315400 0.30188000 0.31825200
v 0.10883800 -0.30217001 0.19934300
v 0.01420800 0.31098899 0.34725100
v -0.24783300 0.19550499 0.06347900
v 0.06971900 0.24145050 -0.40072900
v 0.07159100 0.24539700 -0.40087101
v -0.24956200 -0.01742000 -0.12260500
v 0.24600001 0.20789699 -0.02292300
v -0.19219700 -0.30037200 0.28228101
v -0.21102600 -0.29942501 0.27335700
v 0.04055725 0.30906272 0.19924399
v 0.24900700 0.27607101 0.06150800
v 0.24664199 0.23499399 -0.00806400
v 0.24270999 0.05968900 -0.28238299
v 0.18262500 0.30062699 0.31781599
v 0.20510000 0.29957399 0.30536199
v -0.24934500 0.01683800 -0.06210000
v -0.24930100 0.01858600 -0.04957200
v -0.24473301 0.27618599 0.36108699
v 0.24468641 0.00955802 -0.08350058
v 0.24423400 0.13992700 0.05262000
v 0.24399100 0.03058000 -0.15401550
v 0.24425000 0.02642000 -0.14035200
v 0.24461316 0.15856625 0.11849540
v -0.19038700 -0.22301701 0.39515400
v -0.07457400 0.30981299 0.21862800
v 0.19292000 0.29890701 -0.32157999
v -0.24599539 0.19376098 0.26029783
v -0.24519950 0.22828600 0.30853000
v -0.24536601 0.23380700 0.30364099
v 0.24549299 0.19612700 0.10769700
v 0.18558200 0.29914400 -0.32451001
v 0.24677569 0.22293846 0.20561472
v -0.24610201 0.28703400 0.21190000
v 0.19612500 0.29888201 -0.32339400
v -0.05781650 -0.05871950 -0.40067950
v 0.24616250 0.21864800 -0.02296750
v 0.24608050 0.21124150 -0.02441200
v 0.21630301 0.29964101 0.31776100
v -0.24663299 0.00798300 -0.27731201
v -0.24660601 -0.00977550 -0.28254551
v -0.05277300 0.22269900 -0.40180799
v -0.24642250 -0.18545599 -0.36354500
v -0.24919406 0.01961963 0.01476363
v -0.24745899 0.06348000 0.20998999
v -0.24932501 -0.00259600 -0.09608400
v -0.24894300 -0.01808500 -0.08322400
v -0.24356300 0.25673699 0.37769949
v 0.24380900 0.04683700 -0.02161900
v 0.23146500 -0.12008700 -0.39987499
v -0.05439200 -0.30802000 0.22556800
v -0.24660325 0.27240825 0.18932250
v 0.24354577 -0.05419416 -0.21901794
v 0.24410000 0.03062500 -0.14405850
v 0.20557299 0.29911500 0.14777300
v 0.24720150 0.24763601 0.04101700
v 0.24738900 0.25165701 0.04297600
v 0.24665500 0.23283900 0.01660700
v 0.24517600 0.17342800 -0.09682000
v 0.24253801 0.06110800 -0.29112500
v 0.07669550 -0.00924750 -0.39957201
v 0.07656700 -0.01289500 -0.39956501
v -0.24659026 0.27282774 0.18870375
v -0.24860500 0.11357800 -0.06457600
v 0.23442400 0.29900399 0.33059299
v 0.09708600 0.24243100 -0.40095600
v 0.13850300 0.24636699 -0.40068001
v 0.24538700 0.18817200 0.15700500
v 0.24535100 0.18068400 0.17902200
v 0.24357399 0.04111700 0.00295000
v 0.22606800 0.29931700 0.33026999
v 0.15137400 0.30088300 0.12372500
v 0.18917400 0.29960200 0.13721000
v -0.13376901 0.30741701 0.21857800
v -0.24956299 -0.03058600 -0.11802300
v -0.24752900 -0.16770600 -0.29635400
v -0.09657250 0.30895600 0.21651851
v -0.08859900 0.30926099 0.21513700
v -0.24535801 0.21070901 0.30386901
v 0.24207200 -0.13565300 -0.37003499
v 0.24351799 0.10236900 -0.21106400
v 0.24350899 0.10572750 -0.21189150
v -0.24752501 0.21558399 -0.01893100
v 0.10026500 -0.30270800 0.17498000
v -0.24641626 -0.18422025 -0.36408976
v -0.08498400 -0.17478600 -0.40138400
v -0.24925031 -0.02184231 -0.03638247
v -0.15277800 0.26627800 0.39479601
v -0.14499000 0.28321099 0.39538899
v 0.24690431 0.22192188 0.26106218
v -0.22868100 0.30305499 0.24284600
v -0.22805201 0.30311900 0.23843551
v -0.04131400 -0.30916300 0.19777100
v -0.24815901 0.12106200 0.11899200
v -0.24824201 0.07491700 0.15746500
v 0.24458700 0.01919700 -0.12361600
v 0.24616100 0.21458600 -0.02590100
v 0.24360301 0.13237099 -0.21268900
v 0.24297400 0.06416200 -0.26332501
v -0.24709401 -0.17759401 -0.31660500
v -0.24768800 0.19701000 0.04998300
v -0.24818499 0.13925900 -0.05890800
v 0.18428101 0.30211550 0.36827201
v 0.23485900 0.29938501 0.35557401
v 0.17745900 0.30306900 0.37451300
v -0.08465000 -0.20334899 -0.40145901
v 0.03660700 0.30917600 0.15141600
v -0.14700200 0.27876699 0.39501300
v -0.24916950 -0.04042600 -0.09284900
v 0.24367300 0.07914700 0.04064100
v 0.24422200 0.13210499 0.06332600
v 0.24822775 0.24760249 0.29187387
v -0.05814500 0.31038001 0.19569300
v 0.02725950 0.19165950 -0.40037450
v 0.24413000 0.14190300 -0.18815801
v 0.08221100 -0.01011900 -0.39961499
v 0.24459399 -0.00831300 -0.12428100
v -0.08107900 0.21533599 -0.40253299
v -0.24647653 0.13008653 0.24824716
v -0.24498400 0.20898201 0.31796300
v -0.16374500 0.25371301 0.39444000
v -0.06579400 0.25666499 0.39694300
v -0.16023999 0.17300899 -0.40415999
v 0.24854000 0.25469899 0.33814299
v -0.24592599 0.28854600 0.16778199
v 0.13086900 0.23858300 -0.40057901
v -0.24805801 0.15416300 -0.06123600
v -0.24486426 0.20362975 0.31793949
v 0.21829601 -0.16025200 -0.39938000
v 0.24365813 -0.10768250 -0.23188351
v 0.19965400 0.29912299 0.11350000
v 0.18862800 0.29950199 0.12041500
v -0.22135299 0.30353501 0.22375201
v -0.21802101 -0.29914901 0.26428300
v -0.21716499 -0.29916951 0.25877050
v -0.24905901 -0.04780700 -0.08191900
v -0.18625499 -0.30098599 0.22491500
v -0.24965848 -0.11846456 -0.14611080
v 0.02791700 -0.03516400 -0.39944801
v -0.24791750 0.06075450 0.17940649
v -0.13553900 0.26183799 0.39519101
v -0.24771300 0.18702599 0.04941400
v -0.24713050 0.24534351 0.08554550
v 0.24619800 0.22150201 -0.00817500
v -0.11202150 -0.03538800 -0.40237349
v -0.24801201 0.02485200 -0.21844999
v 0.18869901 0.30379799 0.38810700
v -0.24924301 -0.04664400 -0.07580600
v -0.07138050 0.30823350 -0.23132700
v -0.24837904 0.09375272 -0.18625444
v 0.24294040 -0.13546565 -0.30925995
v 0.24526300 0.17937300 0.19596601
v -0.04666300 0.26805201 0.39698899
v 0.24357900 0.29829499 0.10971000
v 0.21596450 0.29885250 0.11130500
v 0.11844400 0.30275401 0.12345000
v -0.24707100 -0.19579899 -0.32721600
v 0.24616399 0.22271000 -0.02003400
v 0.24522300 0.17712399 -0.11304900
v -0.24499100 0.17411301 0.30975899
v 0.24626300 0.22137050 -0.03280100
v -0.17727700 -0.18195499 0.39606351
v -0.24474449 0.19827750 0.31791601
v -0.19549000 -0.20526700 0.39539951
v 0.20577949 0.29893351 -0.29560900
v 0.24495500 0.16886200 0.18882000
v 0.24389599 0.10642900 0.06436600
v 0.10054000 0.00450600 -0.39968899
v -0.04204000 -0.02607500 -0.40070501
v -0.24915101 -0.04722550 -0.07886250
v -0.24746500 0.23058900 0.07860600
v 0.24499200 0.16120900 0.22349800
v 0.10037400 0.30396900 0.12518500
v -0.08174900 -0.21520300 -0.40146801
v 0.18741800 -0.30104101 0.09541400
v -0.24776199 -0.17790800 -0.29480201
v 0.24358299 0.06808800 0.03617200
v -0.13767099 0.30720699 0.19551900
v -0.14055949 0.30704701 0.18998800
v -0.20260499 0.30421799 0.20756701
v 0.05014613 -0.30601025 0.16247763
v 0.02985000 -0.00642900 -0.39974001
v 0.09216500 0.00772400 -0.39954650
v -0.24816500 -0.18761800 -0.26696199
v 0.03338800 0.25637400 0.39878401
v -0.14699499 -0.30309099 0.21332800
v -0.06055000 -0.03610200 -0.40105101
v 0.24397200 0.11658600 0.06921600
v 0.24236819 0.11368559 -0.31320724
v 0.20115000 0.29933801 0.10073300
v 0.19290251 0.29955649 0.09984600
v -0.24924535 -0.16438678 -0.18681477
v -0.01809475 0.31154650 0.15637501
v 0.24430400 0.01742200 -0.06562700
v 0.24421300 0.03127500 -0.04809100
v -0.03534700 0.31118700 0.18089700
v -0.04334600 0.31087101 0.19018100
v 0.23121725 0.29899675 0.08047525
v -0.13753100 0.30692700 0.14512600
v -0.01205000 0.22730599 -0.40119100
v 0.24591900 0.21619900 -0.06752300
v 0.24367800 0.14271200 -0.21391501
v 0.24226700 -0.15551899 -0.37006801
v -0.03291000 0.25481099 0.39750201
v 0.24385300 0.03706900 -0.03272100
v 0.24789400 0.24488200 0.33006299
v 0.24820501 0.25356099 0.36635649
v 0.24576850 0.20192949 -0.08698600
v -0.24754600 0.22183900 0.00745000
v -0.24802300 0.16406500 -0.07700400
v -0.24688900 0.13847400 -0.27490401
v -0.24769671 -0.24974744 -0.34187964
v -0.12319056 -0.26619387 -0.40226400
v -0.24850950 -0.19280125 -0.25595376
v -0.08329500 -0.22659300 -0.40152600
v -0.24780799 0.06944300 0.19437100
v 0.24375500 0.09323700 0.07273800
v 0.24429899 0.11351300 0.17870000
v 0.04894300 0.30820701 0.13699400
v 0.18465500 0.29977500 0.09895900
v -0.15675600 0.30626699 0.17276201
v -0.24919800 -0.05956000 -0.07700500
v -0.24843100 0.04040300 0.15934500
v -0.22226200 0.30334699 0.20653200
v 0.23545100 -0.30116901 0.08148200
v -0.24918599 -0.10094700 -0.08394900
v 0.24992500 0.27383199 0.35531801
v 0.12979124 -0.30175999 0.14491650
v 0.24482700 -0.03901800 -0.11285800
v 0.07566000 -0.30407599 0.17574300
v 0.16639031 0.05878538 -0.39966631
v -0.01141400 -0.01023600 -0.40032199
v -0.20931900 0.30261499 -0.18240400
v -0.24474800 0.18003801 0.32082400
v -0.10271500 -0.00782000 -0.40237200
v 0.24581650 0.20424950 -0.08193850
v 0.02694100 0.02754800 -0.40012100
v 0.24357200 0.05861800 0.06311800
v 0.10712350 0.30220237 -0.25519150
v -0.24834615 0.13837966 -0.12060519
v -0.03556700 0.31103399 0.16464201
v 0.10055700 0.23285951 0.40105349
v 0.24418899 0.11227200 0.16209701
v -0.09169600 0.23673500 0.39675099
v 0.24779700 0.24210601 0.33822000
v 0.24421100 0.02377500 -0.04516000
v 0.24542250 0.17500900 0.29491100
v 0.02042200 0.31075001 0.14918099
v 0.11525900 -0.16018200 0.40250701
v -0.17857900 0.30520800 0.17188101
v 0.24389200 0.14293900 -0.20397200
v 0.24378300 0.13028300 -0.20460001
v -0.24879400 0.04616900 0.13730600
v 0.06669100 0.01721000 -0.39952001
v 0.24320249 -0.18339349 -0.33795899
v -0.03379600 -0.02998700 -0.40054101
v -0.09175700 0.04764800 -0.40237600
v 0.00096800 0.01690100 -0.40070999
v -0.24402615 0.14909753 0.35805798
v 0.24485324 -0.06490862 -0.14090556
v 0.18404999 0.26346201 0.40162101
v -0.24843299 -0.19347800 -0.25849649
v -0.19236900 0.18696401 0.39477301
v -0.06257200 0.23078400 0.39757001
v 0.24775000 0.24581900 0.36264601
v 0.24451356 -0.12907697 -0.17817837
v 0.24382032 -0.00582584 -0.01891050
v 0.24355900 0.04159200 0.02150400
v 0.24773601 0.24409100 0.35849249
v 0.05551300 0.24314199 0.39943400
v 0.13546200 0.24958999 0.40135401
v 0.03681600 0.30928600 0.14211300
v 0.10116700 0.30370700 0.11613500
v -0.05066000 0.31050900 0.16932000
v -0.01044100 0.31179500 0.15704900
v -0.14344800 0.30688700 0.18445700
v 0.16767800 0.30035400 0.10063000
v -0.21151400 0.30383199 0.19312900
v 0.24559100 0.19767700 -0.10090700
v 0.24383400 0.14674300 -0.22451800
v -0.18548600 0.15560000 -0.40500799
v -0.24879800 0.03894500 0.13229200
v -0.24927700 -0.07259100 -0.06070300
v 0.24726100 0.25672200 -0.11009100
v 0.24309200 0.00968700 0.11547400
v -0.12984399 0.16060600 -0.40321901
v 0.24372418 0.08525744 0.18992232
v -0.00138100 0.24969000 0.39814201
v 0.24598099 0.20962800 -0.08352000
v 0.11895100 0.23548099 -0.40083200
v -0.24765800 0.21238101 0.04211900
v 0.24306600 -0.16767301 -0.33661300
v 0.01052200 -0.28403500 -0.40145400
v 0.17288800 -0.30122000 0.09506400
v -0.07636500 0.22952700 0.39738300
v -0.24563400 0.03073950 -0.32128549
v 0.09002300 0.30454701 0.11695400
v -0.06584150 -0.26900649 -0.40218750
v -0.05391334 0.18846022 0.39858755
v -0.04818200 -0.30886799 0.17210200
v -0.21808100 0.13185599 0.39484400
v -0.22973950 -0.29855850 0.24022549
v -0.05207000 0.31042799 0.16064399
v -0.04907700 0.31049299 0.15278099
v 0.24490100 0.15774600 0.22251301
v 0.24366300 0.02878200 0.01986600
v 0.05974400 0.22592200 0.40022901
v -0.22613600 -0.29885599 0.24177501
v -0.24858850 -0.24418686 -0.29079905
v -0.24865800 -0.21525700 -0.25322700
v 0.07241000 -0.30437800 0.15128800
v -0.24881500 -0.20413500 -0.24564300
v -0.24932399 -0.08042500 -0.06040000
v -0.24785100 0.06105500 0.17623600
v 0.24404500 -0.19552000 -0.30709100
v -0.13417175 0.08940350 -0.40348026
v -0.24505100 0.14694400 0.31109199
v 0.20537432 -0.08777481 0.40463650
v 0.12496900 -0.11536700 0.40357399
v 0.11675600 -0.14293300 0.40287501
v 0.24651600 0.21539600 0.32949200
v -0.24628900 0.01281300 -0.29642999
v 0.07467400 -0.12395600 0.40233400
v -0.03480400 -0.28386700 -0.40197799
v 0.14644900 -0.13631301 0.40387401
v 0.24399349 -0.17653894 -0.26999843
v -0.24896500 0.01654700 0.12836400
v -0.24798401 0.06045400 0.18257700
v -0.24485900 0.14835800 0.32071599
v -0.24469300 0.13473099 0.32803699
v -0.24679700 0.05643700 0.26276800
v 0.23219600 -0.22951899 -0.39895299
v 0.05998100 0.30718699 0.12554200
v 0.05986900 0.22931300 0.40007350
v 0.24369299 0.13132700 -0.20864449
v -0.14362200 -0.16751400 0.39680001
v -0.24953599 -0.10418150 -0.08008850
v -0.24948099 -0.09561550 -0.07317850
v 0.04149600 0.00232600 -0.39984399
v -0.18900201 -0.19253400 0.39568499
v -0.24682049 -0.21950950 0.36376351
v -0.24693100 -0.21874399 0.35997599
v -0.13398112 0.16936168 0.39688987
v 0.20076200 0.29886100 -0.26690599
v 0.24481000 0.15428300 0.22152799
v 0.24456900 0.13550299 0.23453100
v 0.24488699 -0.05116650 -0.09932700
v 0.21139500 0.29888299 -0.30638501
v 0.24684300 -0.24749556 0.15206803
v -0.05138500 0.04500500 -0.40162101
v -0.24778700 0.21859400 0.05794400
v -0.01992200 -0.00956500 -0.40061200
v -0.24580100 0.01565300 -0.30708301
v -0.06413200 -0.27233100 -0.40207601
v -0.24642800 0.05535100 0.27909899
v -0.24498101 0.11629550 0.32413051
v -0.24956900 -0.01976850 0.06960200
v 0.24414700 0.10762600 0.15806501
v 0.22229700 0.24868500 0.40169099
v 0.12978700 0.23709901 0.40153101
v 0.20871800 -0.23637500 -0.39855000
v 0.24720950 0.23560850 0.36710301
v 0.24711400 0.23463500 0.37520000
v 0.24335100 0.03427800 0.03979700
v 0.24531651 0.17758700 0.30501249
v -0.14495400 0.30670601 0.15722600
v -0.24580500 0.10741400 0.29881200
v -0.02929000 -0.31003901 0.18064600
v 0.24451962 -0.17807756 -0.21736087
v -0.16355200 0.20312500 0.39518800
v 0.24475800 0.15498599 0.26192999
v 0.24494265 -0.12652647 -0.13935144
v 0.24441250 0.16998100 -0.18304750
v 0.24336299 0.06351600 0.07366100
v 0.24710900 0.23398100 0.36264601
v 0.08850000 0.22849999 0.40112099
v 0.09232300 0.00283000 -0.39956799
v -0.24633700 0.28176001 0.13454799
v 0.24548300 0.17804749 0.30094749
v 0.02431000 -0.29168400 -0.40100801
v -0.24907100 0.00820400 0.11855100
v -0.22554600 0.21011700 0.39378101
v -0.24972329 -0.19528541 -0.14720431
v -0.25011837 -0.14835650 -0.11648113
v -0.24981700 -0.10761000 -0.06431100
v -0.25008500 -0.11217300 -0.02626600
v 0.18873100 -0.24537000 -0.39889401
v 0.24362101 -0.20511800 -0.32385901
v 0.24623799 0.21039701 0.34534499
v 0.24528800 -0.05919900 -0.08630200
v -0.24761200 0.22018100 0.02836200
v -0.24744900 0.22889499 0.02253300
v 0.06393650 0.20692500 -0.40020749
v 0.09454200 0.22210599 -0.40061200
v 0.06349025 0.30708775 0.09418713
v -0.04269400 -0.27385399 -0.40182999
v 0.10773800 -0.12450100 0.40292001
v 0.15891699 -0.25643200 -0.39987499
v 0.24308901 -0.00763700 0.06391100
v -0.15568100 0.30626899 0.15922800
v 0.12417012 0.05888356 -0.39973032
v 0.07654000 0.00936800 -0.39964399
v -0.24647699 0.28524399 0.10214400
v 0.21765800 0.24585800 -0.40010500
v 0.17096600 0.29960600 -0.24601300
v -0.24993800 -0.12150800 -0.07282700
v -0.24911100 -0.00652200 0.11563700
v -0.08988400 0.30780500 -0.20760199
v -0.24748525 0.05613000 0.21397725
v 0.24635200 0.21760701 0.36432001
v 0.24670599 0.22219899 0.35501799
v 0.24338450 0.15234356 -0.25486913
v 0.24513251 0.17834650 0.33379701
v 0.24325199 0.05021500 0.14959900
v 0.24356900 0.01397000 0.02367700
v 0.07218700 0.21481299 0.40110701
v -0.06031500 0.30894449 -0.22013150
v -0.01058700 0.01522100 -0.40067199
v -0.06020000 0.30902401 -0.21754500
v -0.24902800 -0.24175200 -0.23844600
v -0.14326701 0.30537599 -0.19505200
v 0.24370900 -0.19607601 -0.31854951
v -0.24480100 0.11872100 0.32873499
v 0.17067499 0.30034500 0.05912800
v 0.24403469 0.09249725 0.23018950
v -0.12673500 0.30710700 0.10907100
v 0.22887801 0.03312000 -0.39976799
v 0.20528500 0.29896101 -0.30024400
v 0.24458399 0.14608300 0.26245299
v -0.25004801 -0.11791900 -0.03344300
v 0.24500699 0.15303326 0.29158050
v 0.24506800 0.15620200 0.28968301
v 0.24485800 0.14336801 0.29035401
v 0.10437800 -0.27258301 -0.40010601
v 0.12817501 -0.26027900 -0.39954799
v -0.22541299 0.16706701 0.39424500
v 0.06802400 -0.27412501 -0.40081301
v 0.24457887 -0.05377950 -0.07163750
v -0.24656500 0.27142000 0.10668100
v 0.24353600 0.06187000 0.15689300
v -0.24756700 0.22284600 -0.02023800
v -0.12380600 -0.30459201 0.20053200
v -0.11192800 -0.00681000 -0.40252599
v 0.09200700 0.01261800 -0.39952499
v -0.21970101 -0.29935199 0.22684100
v -0.24546100 0.10429900 0.31044799
v -0.16409101 -0.30212900 0.21417300
v -0.24604850 0.07247050 0.28967950
v 0.24428900 0.12036150 0.25620249
v 0.08118600 -0.28338099 -0.40108299
v 0.14746100 -0.26126000 -0.39991400
v -0.14090601 -0.30361801 0.20401900
v 0.24541800 -0.07097200 -0.08547100
v 0.24332400 0.00876500 0.04180100
v 0.24559800 0.19170099 0.34030601
v 0.10702834 0.30364254 0.04669147
v 0.23048376 0.29861701 -0.26133376
v 0.24652299 0.23781700 -0.10032800
v 0.21494353 0.20458122 0.40311617
v 0.16069800 -0.26732701 -0.39995399
v 0.07447500 0.20140700 0.40130401
v 0.07637200 0.19885600 0.40137699
v 0.18668000 -0.09024300 0.40471601
v 0.07918600 0.05944200 -0.39987299
v 0.15407400 -0.12265200 0.40400699
v 0.08857900 0.19790000 0.40173399
v -0.24693801 0.04862900 0.25150299
v 0.24326500 -0.15354800 0.35376400
v -0.24768899 0.19678900 -0.07543300
v 0.18710101 -0.26152799 -0.39901900
v 0.06527400 0.19379900 0.40141401
v -0.02445000 0.16274101 0.39989901
v 0.24339300 0.04868800 0.15783700
v 0.24508400 0.17742500 0.33710501
v -0.18160351 0.17119651 -0.40492401
v -0.14848800 0.30649900 0.13006000
v -0.22609501 0.30274251 0.11364100
v -0.24955900 -0.03195500 0.09850100
v 0.03532900 0.16644700 0.40100500
v 0.24304800 0.00438500 0.09858800
v -0.24602149 0.07547700 0.30054650
v -0.24747901 0.21255951 -0.04173050
v -0.24995001 -0.07953200 0.03351200
v -0.25006649 -0.11504600 -0.02985450
v -0.25012401 -0.07680950 0.03577075
v -0.24994700 -0.13290550 -0.06019650
v -0.24991700 -0.13171101 -0.06298400
v 0.24466850 -0.21331450 -0.29289800
v 0.24396224 -0.05331384 -0.01077800
v 0.17583901 -0.28388900 -0.39997399
v 0.24448031 -0.08804225 -0.02704303
v -0.15310600 0.30495700 -0.19278499
v 0.24296200 0.00246900 0.10978500
v 0.24521528 -0.22628385 -0.23191266
v 0.24428500 0.12830400 0.26196399
v -0.17554100 -0.30542800 -0.36841899
v -0.16227800 -0.30581999 -0.36941701
v -0.24989900 -0.17601700 -0.09333900
v -0.24997699 -0.13410001 -0.05740900
v -0.15114200 0.30624700 0.11872200
v -0.24491200 0.09068600 0.33798799
v -0.22168900 0.13352451 0.39468151
v 0.24462099 0.14507900 0.29764500
v 0.24462700 0.14690600 0.29854900
v 0.05046000 0.17881250 0.40099201
v 0.05561400 0.18080600 0.40100199
v -0.15192001 -0.30612800 -0.35942799
v 0.24404000 0.17161800 -0.22112800
v 0.24391387 0.13884126 0.36323762
v 0.02800600 0.01444700 -0.39996001
v -0.24435100 0.04047400 0.36867401
v -0.24750100 0.20270699 -0.04996000
v -0.25011101 -0.11604600 -0.01157900
v 0.24443799 0.12472100 0.27702701
v 0.17599300 -0.12552699 0.40415701
v 0.17254800 -0.11592700 0.40421399
v 0.24535114 -0.21462384 -0.17382924
v 0.24594800 -0.27837500 -0.37048399
v 0.13212401 -0.12807700 0.40348300
v -0.11556600 0.30664301 -0.20472901
v -0.07240600 0.30861199 -0.19641399
v 0.17512400 0.29993999 0.03209900
v -0.24985801 -0.13468701 -0.04817100
v -0.24599800 0.08061200 0.29908800
v 0.24466901 0.13830100 0.27652001
v -0.08697900 -0.30790699 -0.35813299
v 0.24330001 -0.14718300 0.32900399
v -0.24999300 -0.14412600 -0.06561800
v -0.25015050 -0.08778600 0.03960950
v -0.24766500 -0.23279500 0.33857599
v -0.25006151 -0.10981850 -0.00615200
v -0.12201700 -0.30686399 -0.34970400
v -0.03065300 -0.30964199 -0.38386801
v 0.24667799 0.23731101 -0.08403900
v -0.24977550 -0.19636901 -0.09101750
v 0.24839000 -0.27781251 0.14497750
v -0.02047200 0.20763201 -0.40121400
v -0.24912199 -0.27296001 -0.22306301
v -0.24788301 0.26262099 -0.23947400
v -0.24632350 0.05396700 0.28227150
v 0.05606900 0.16487500 0.40148100
v 0.02518300 0.16581400 0.40088600
v 0.24524400 0.21757600 -0.17663500
v -0.25003299 -0.18009350 -0.06973900
v -0.25029200 -0.09700200 0.04996350
v -0.25009200 -0.13671100 -0.03718000
v -0.25011200 -0.10649000 0.03564300
v -0.18470800 0.17530300 -0.40500799
v 0.24416301 0.11921100 0.29757100
v 0.24481225 -0.15693900 -0.15004624
v -0.21975499 -0.29929301 0.21466400
v -0.02655900 0.14158700 0.40022701
v 0.24290800 -0.00742800 0.08133800
v -0.04608000 0.13944450 0.39984649
v -0.16861463 0.06110356 -0.40452713
v -0.24813566 0.15191762 -0.17914085
v -0.24555600 0.03731200 -0.32953301
v 0.16768301 0.30034199 0.04187300
v 0.15836400 0.30052501 0.01584500
v -0.14695050 0.30617726 0.11036350
v -0.25016800 -0.14489800 -0.03379200
v -0.25018901 -0.09362100 0.04590300
v 0.08806600 -0.30345801 0.14979900
v -0.24618575 0.03969500 0.28699401
v -0.22604200 0.12341000 0.39459300
v 0.24343832 -0.04889991 0.05090860
v 0.24328400 0.03775900 0.15729199
v -0.06409700 0.13445801 0.39960599
v -0.11300500 0.30750999 0.10338300
v -0.11378400 0.30759850 0.09460850
v 0.24411100 0.11187300 0.26313299
v -0.15512250 0.30603299 0.11910550
v -0.01923300 -0.31006601 -0.35497099
v -0.03516600 -0.30941099 -0.35816300
v -0.15910301 0.30581900 0.11948900
v -0.24719290 0.24973007 -0.02427478
v -0.24774826 0.19369151 -0.07712950
v -0.24995500 -0.14667401 -0.04536500
v -0.24617174 0.03582600 0.29966575
v -0.04541500 0.14383399 0.39985901
v 0.02699300 0.15863299 0.40111399
v 0.24501200 -0.22749650 -0.28499901
v 0.24316201 0.01952600 0.17856400
v 0.24303800 0.02902100 0.14832699
v -0.24585500 0.01550700 0.31203699
v -0.25009599 -0.16259401 -0.05887000
v -0.24989399 -0.24204300 -0.11307400
v -0.06242000 0.30902699 -0.20408900
v -0.16869999 0.30513999 0.11108200
v 0.06590000 0.15717299 0.40209401
v 0.06220950 0.15689901 0.40191999
v 0.07436800 -0.30691400 -0.36473301
v 0.06495000 -0.30740499 -0.37836999
v 0.24405950 0.17359750 -0.21782701
v -0.03979200 0.30991399 -0.20375200
v -0.02196100 0.03391000 -0.40121299
v -0.24967000 -0.18048000 -0.07877400
v -0.24712613 -0.04323975 0.25286850
v -0.24619099 0.03586700 0.28750601
v -0.24756400 0.19510300 -0.05966900
v 0.24303100 0.00570400 0.13672300
v 0.08829650 -0.30381000 0.13811600
v 0.08861000 -0.30382600 0.13653900
v 0.05773100 0.14030799 0.40209299
v 0.24393800 0.10744700 0.30195549
v -0.02248000 -0.31007400 -0.33937600
v 0.03956500 -0.30852401 -0.35399500
v 0.04312200 -0.30723399 0.12942600
v 0.17329000 0.29998100 0.01582900
v -0.24618600 0.03516200 0.29503801
v -0.25007799 -0.17855699 -0.06723400
v -0.24911900 -0.27565151 -0.22451350
v -0.07135300 -0.30759299 0.18297800
v 0.02319700 0.13879099 0.40165201
v 0.05851900 0.15662500 0.40174600
v 0.12039600 -0.30583999 -0.37852401
v 0.06753900 0.04739400 -0.39968100
v -0.24739400 0.21352200 -0.04582600
v -0.10317300 0.02677900 -0.40263501
v -0.10094600 -0.30599800 0.18112200
v -0.24814862 0.17347263 -0.13938263
v -0.01098800 0.03093200 -0.40088499
v 0.03125000 -0.30834699 0.12820999
v -0.04674500 0.13505501 0.39983401
v 0.24555586 -0.20985505 -0.15185359
v -0.03825600 0.13824600 0.40005499
v 0.24286900 0.01279900 0.14880501
v 0.10875400 -0.30571699 -0.36365300
v 0.20627400 0.29890600 -0.29097399
v 0.11865200 -0.30508101 -0.35349399
v -0.24984100 -0.19877100 -0.09437000
v -0.24970999 -0.19396700 -0.08766500
v -0.24994400 -0.16168700 -0.04660200
v -0.24927400 -0.28015700 -0.18346700
v 0.24461438 0.21623619 -0.25346920
v -0.25027508 -0.18220162 -0.01459791
v 0.00268800 0.13609900 0.40119499
v -0.13784300 0.07249400 0.39794901
v 0.24293500 -0.00730700 0.21129701
v 0.21908601 0.07960700 -0.39998201
v 0.17781299 -0.30420899 -0.36315301
v 0.24460424 0.20110600 -0.21272101
v -0.24983400 -0.21481700 -0.09705500
v -0.16862901 0.17817201 -0.40434200
v -0.25037125 -0.08989525 0.09953275
v 0.24475971 -0.12443908 -0.01434786
v 0.06636300 0.12623200 0.40273499
v 0.24368200 0.08493600 0.30248901
v 0.09828800 -0.30591500 -0.33911201
v -0.10865500 -0.30756000 -0.25576201
v -0.07079300 -0.30901501 -0.29320499
v 0.18611300 0.29950100 -0.00044400
v 0.17237200 0.29989901 0.00613900
v -0.24899000 -0.28392801 -0.22504300
v -0.24905300 -0.28113550 -0.22550350
v 0.23084600 0.07642100 -0.39983699
v -0.24499400 0.07439600 0.33723900
v -0.24479800 0.05036000 0.34787899
v 0.00911000 0.03455400 -0.40068999
v -0.24762650 0.22290801 -0.09335000
v 0.24359000 0.08134800 0.31645101
v 0.09849900 -0.30361301 0.08410200
v 0.04986738 -0.30825099 -0.30437163
v -0.10268600 -0.30773500 -0.27590001
v 0.24675000 0.24257500 -0.12762401
v -0.24988750 -0.22421700 -0.09999325
v 0.06740200 -0.30514300 0.13920000
v -0.22499600 0.09936500 0.39476401
v 0.12396400 0.11475200 0.40417999
v 0.24674800 -0.26720300 -0.26393601
v -0.05535300 -0.30961299 -0.29469901
v -0.11664000 -0.30706799 -0.27052099
v 0.24704701 0.25340900 -0.10184300
v 0.24402399 0.07735600 0.28562999
v 0.24337800 0.09347900 0.34585100
v -0.20454700 0.04910100 0.39569601
v -0.24775399 0.22941899 -0.10953600
v -0.16009863 -0.30498913 -0.20549537
v 0.19824000 -0.30320200 -0.31344900
v -0.08539500 0.09603600 0.39937001
v 0.03182875 0.30959901 0.01534675
v -0.24995300 -0.26611501 -0.11881600
v -0.24616900 0.02247300 0.30206001
v -0.24601200 0.01899000 0.30704850
v -0.22475851 0.07805250 0.39490250
v -0.05106900 0.30956301 -0.20404400
v -0.09060600 0.30770400 -0.19777900
v -0.10966300 -0.30740151 -0.27321050
v 0.24461526 0.20095150 -0.21259725
v 0.10085100 -0.30580300 -0.33089799
v -0.04543900 -0.12451300 0.39978400
v -0.24764700 0.21290800 -0.07686100
v -0.11396800 -0.14148299 0.39778000
v -0.11661400 0.30659100 -0.19571500
v -0.24699301 -0.18785800 0.33944499
v -0.21897300 0.06483750 0.39526001
v 0.24383080 -0.09357736 0.05066417
v -0.24514450 0.06180250 -0.37127551
v 0.24668799 -0.27628499 -0.28954199
v 0.24273200 -0.00712700 0.14927401
v 0.24319462 0.02050813 0.26090351
v -0.24560601 -0.15636800 0.37541401
v 0.10597800 -0.30525801 -0.30201301
v -0.23579399 -0.30158699 -0.19836700
v 0.17217100 0.29995900 -0.02171900
v 0.10684325 0.30257636 -0.21757300
v 0.07782700 0.21416099 -0.40053701
v 0.17745300 -0.30306801 -0.29090601
v -0.07827500 -0.30871701 -0.27570200
v -0.10524500 -0.30741400 -0.26553601
v -0.10526400 -0.30744550 -0.26375401
v 0.22698601 -0.30122399 0.08118800
v 0.14646600 0.20103000 -0.40001100
v 0.11566100 -0.30503401 -0.31391400
v -0.24877299 -0.28852099 -0.18822500
v 0.07220800 -0.30511501 0.11541700
v 0.08723800 -0.30416000 0.11576500
v -0.15312500 0.07256200 0.39758101
v 0.24294700 0.00905200 0.16007100
v 0.09626300 0.10088800 0.40351701
v 0.10663600 0.10800600 0.40382701
v 0.08269275 0.30508599 -0.00099706
v 0.24331300 0.08535500 0.33551851
v 0.22333901 -0.30336100 -0.32982701
v -0.17992300 0.07776800 0.39655399
v -0.16348501 0.07099900 0.39705801
v 0.15044700 0.11002100 0.40482801
v 0.24520500 0.21324050 -0.17991400
v 0.24516600 0.20890500 -0.18319300
v 0.24372201 0.05263800 0.28144100
v -0.24765900 0.27940950 -0.18488450
v 0.06562600 0.11138400 0.40297401
v -0.04971125 0.16368499 -0.40152150
v 0.08750700 -0.09473500 0.40277299
v -0.24646799 0.14083400 -0.29792100
v -0.24513701 0.05424050 -0.35143250
v -0.24512300 0.04820300 -0.35310701
v -0.21120100 0.06394500 -0.40641999
v 0.24397300 -0.14138700 0.28428599
v 0.24367499 0.07663300 0.30071399
v -0.21623351 0.06101950 0.39544600
v -0.21792100 0.06455900 0.39539301
v -0.09855100 0.08766900 0.39915201
v 0.24494269 -0.15137762 -0.01961366
v -0.02218800 0.16174100 -0.40119401
v -0.11851500 0.30803201 0.05707400
v 0.12652200 -0.30424401 -0.28963301
v -0.08753600 -0.30835301 -0.25288299
v -0.01863700 -0.31154200 -0.26474601
v -0.15812625 -0.16508649 0.39657101
v 0.24684399 0.24922401 -0.13446200
v 0.24688050 0.25084850 -0.13795149
v 0.24682975 0.25061274 -0.13957500
v -0.25038469 -0.17859071 0.03133184
v 0.24631600 0.24810100 -0.18595700
v -0.13732100 -0.15961900 0.39701301
v -0.24953300 -0.24245800 0.27676401
v 0.24288000 0.00172500 0.19846100
v -0.15649900 0.30500799 -0.18262300
v -0.06514500 -0.30944100 -0.23240300
v -0.22120249 -0.30222049 -0.17212600
v 0.24598400 -0.22196300 0.13616000
v 0.19740801 -0.30309200 -0.30294600
v 0.24292000 -0.00150200 0.16012800
v -0.24449800 -0.00528600 0.36704499
v -0.13135400 0.30736300 0.04949800
v 0.02887700 -0.30938199 -0.25560999
v 0.05340100 -0.30652100 0.11559600
v 0.23121850 -0.30119649 0.08133500
v -0.01235550 -0.31197700 -0.25983649
v -0.01477400 -0.31174400 -0.26423299
v 0.24364200 0.05105200 0.29412001
v -0.24988900 -0.25509700 -0.11204800
v 0.24272119 0.18687831 -0.33161932
v -0.24761000 0.21707501 -0.07615300
v -0.24609700 0.14368400 -0.30745301
v -0.09585800 0.07371600 0.39930901
v -0.12401100 0.06234400 0.39824000
v -0.03474800 -0.31085700 -0.25577301
v -0.06998400 -0.30915201 -0.24316300
v -0.01380000 -0.31200799 -0.25595301
v 0.13526000 -0.30382600 -0.27448401
v -0.24993047 -0.26274985 -0.04515756
v -0.10163200 0.30859101 0.02688200
v -0.14477000 0.30673000 0.04927300
v -0.10483600 0.06911600 0.39905000
v 0.24280950 0.00151950 0.19502500
v -0.22413699 0.05353400 0.39505699
v 0.14301001 -0.10833000 0.40419400
v 0.24793750 -0.26832801 0.12121400
v -0.12619799 0.04480850 0.39824101
v 0.24699301 -0.27520701 -0.24694701
v 0.07244400 -0.30634600 -0.22415200
v 0.11631200 -0.30440801 -0.26745301
v -0.24511550 -0.03379800 0.34364900
v 0.05958800 -0.12645900 0.40199801
v -0.25030851 -0.15467800 0.11391800
v -0.16345300 0.06205900 0.39707699
v -0.17779100 0.04830800 0.39681801
v 0.16002700 0.30025199 -0.03674200
v -0.15374200 -0.16183500 0.39673901
v 0.24323741 -0.07182525 0.12607893
v 0.24307901 -0.12251100 0.33812001
v 0.10571500 0.09908900 0.40395501
v -0.03608100 -0.31073201 -0.22732100
v 0.24555300 -0.17511199 -0.05339600
v -0.25035751 -0.13922650 0.11325400
v -0.24713919 0.27685526 -0.01858531
v -0.24777700 0.25345999 -0.16051400
v -0.11474500 0.06959500 0.39879701
v -0.17623700 0.30518800 0.04010600
v 0.24725699 -0.27011499 -0.18509300
v -0.24772599 0.24511699 -0.18223201
v 0.24282372 0.00710122 0.32901293
v -0.22265200 -0.30221701 -0.17677499
v -0.04735200 -0.31018901 -0.22498800
v 0.02895200 -0.30954301 -0.24353400
v 0.12762600 -0.30381051 -0.24848551
v 0.12752999 -0.30376199 -0.25395700
v -0.01128700 0.15032700 -0.40100601
v -0.22028150 0.02234025 0.39545250
v 0.24583200 0.23995300 -0.17563500
v 0.24615000 0.24838001 -0.20378800
v -0.24542449 -0.01541400 0.33130801
v 0.12724949 0.18219949 -0.40005851
v -0.24634025 -0.06458239 0.29931757
v 0.17398600 0.08209300 0.40514299
v 0.24362899 0.07784500 0.37378800
v -0.14574599 0.30674100 0.03912700
v -0.19294199 0.30439001 0.04228500
v 0.24670075 0.25343251 -0.15408149
v 0.24539000 0.23140575 -0.21183075
v -0.24963251 -0.11897830 0.17911690
v -0.24932200 -0.28794000 -0.12022700
v -0.05358400 -0.30950001 0.11429400
v -0.20283000 0.02250600 0.39581901
v -0.22127450 0.02481200 0.39536050
v -0.10284000 0.07268300 -0.40282601
v 0.24703801 -0.26823550 -0.16991051
v -0.06068600 0.06583900 -0.40208799
v -0.02182500 -0.31180400 -0.19784699
v 0.05541300 -0.30743501 -0.22236800
v -0.24513599 0.07615200 -0.36129001
v -0.12444600 0.04257400 0.39830300
v -0.04728800 0.04345800 0.40074801
v 0.24420069 -0.14303538 0.06676353
v -0.19351999 0.01741400 0.39634001
v -0.16560100 0.30570501 0.03097400
v -0.07991900 0.30958700 0.01797500
v 0.04261550 -0.12611550 0.40190151
v 0.16674700 0.30004901 -0.04754000
v 0.24637900 -0.21889000 -0.10266100
v 0.24671100 0.25466099 -0.15606201
v 0.24511300 0.22302400 -0.21490601
v 0.20479600 -0.30240399 -0.22372900
v -0.05005700 0.30978501 -0.17951301
v -0.00105000 -0.11900800 0.40101650
v -0.21985801 0.30216599 -0.16484401
v -0.17402500 -0.02265600 0.39686501
v -0.24590001 0.11524300 -0.31386399
v 0.24573299 -0.19391599 -0.05744600
v -0.18432200 -0.30356699 -0.15123300
v -0.22132300 -0.30201501 -0.15475100
v -0.13045800 0.30618799 -0.18398499
v -0.04676700 -0.31035799 -0.19762900
v 0.12861700 -0.30381501 -0.23577100
v -0.24961451 -0.24447501 0.27890351
v -0.13304199 0.30710801 0.03067600
v -0.24956299 -0.28058100 -0.11212500
v 0.10213869 0.04956862 0.40410063
v -0.09957400 0.30862999 0.01719900
v -0.17894700 0.03193200 0.39678401
v 0.24663250 -0.25455701 -0.14900650
v 0.24536388 -0.18804771 -0.01755797
v 0.24664000 0.26045299 -0.17323700
v 0.20302901 0.29860699 -0.25711301
v 0.13407651 -0.30376300 -0.23002750
v -0.17849900 0.16709000 -0.40483999
v -0.25031400 -0.15548000 0.11471500
v -0.24444550 0.00123000 0.36837250
v 0.24354140 -0.11249419 0.10967678
v 0.04236744 -0.30823213 -0.18424469
v 0.15440001 -0.30301201 -0.21497700
v 0.07501000 -0.30601001 -0.21481800
v 0.09329300 -0.30500001 -0.21378000
v 0.10311500 -0.30476299 -0.22329400
v 0.12322900 -0.30395800 -0.22554900
v -0.17713800 0.30493599 0.03024800
v -0.22305200 0.02257500 0.39525700
v -0.03607400 -0.31050801 0.10441400
v 0.20866901 0.18296200 -0.39964899
v 0.24652000 -0.24885900 -0.14088100
v -0.09400800 -0.30684000 0.13484401
v 0.13952500 0.17316400 -0.39991599
v -0.05587900 -0.30972999 -0.15246899
v -0.18806700 -0.30349299 -0.14075600
v -0.24506301 0.08467800 -0.35626549
v 0.13113800 -0.30360499 -0.21084000
v -0.24500400 0.10655300 -0.34756300
v 0.17116900 0.30033901 -0.07866500
v 0.24743225 -0.26061374 0.11121450
v -0.14959200 0.30643001 0.01978600
v -0.06945000 0.30992800 0.00004400
v -0.06963600 0.30980399 -0.00379650
v -0.07858600 0.30952001 0.00922600
v -0.03726400 -0.02436200 0.40082300
v -0.15367900 0.30610800 0.01200900
v -0.11264600 0.16316800 -0.40284899
v 0.24338900 0.01076500 0.29744899
v 0.24745201 -0.28266749 -0.20414449
v 0.24666700 -0.24332300 -0.12657300
v 0.24675600 -0.24019200 -0.10672900
v 0.17290001 -0.11001300 0.40425101
v 0.16866300 -0.11050750 0.40422049
v 0.24685900 0.28050801 -0.30053100
v 0.08394550 -0.30543387 -0.16830787
v 0.22320250 -0.30247700 -0.22320101
v 0.24279299 -0.02877700 0.21213301
v -0.08975550 -0.11602650 0.39872900
v -0.24761100 0.25108600 -0.10713700
v -0.16282900 -0.12393200 0.39685100
v 0.13462000 -0.09944100 0.40391800
v 0.24655300 -0.23947200 0.09411500
v -0.24518150 0.07230050 -0.36425251
v 0.24746300 -0.28265399 -0.19193700
v 0.24647850 -0.22504500 -0.10767850
v 0.24486178 -0.17308272 0.05061429
v 0.17461801 0.07232900 0.40537000
v -0.16518000 -0.30455300 -0.12635300
v 0.16119950 -0.30279249 -0.21433200
v 0.18674500 -0.30228499 -0.21273100
v -0.04157700 0.31090501 -0.00802800
v 0.10929500 0.19153300 -0.40031299
v -0.25038701 -0.16556600 0.11721550
v 0.16215400 0.30055150 -0.07503700
v 0.19134550 0.17858049 -0.39978400
v -0.21588700 -0.00575800 0.39566401
v 0.24712799 -0.26877800 -0.16585100
v 0.24657625 -0.25170800 -0.14494374
v -0.01754000 -0.31194901 -0.18726200
v -0.24742262 0.27462524 -0.07426519
v 0.24588799 -0.20862600 -0.05165200
v -0.24494050 0.08478500 -0.34956899
v 0.14574000 -0.30183151 0.06752900
v -0.22100900 0.05998500 -0.40650699
v -0.00940500 0.31229299 -0.02991300
v -0.03654000 0.02443600 0.40119901
v 0.17267901 -0.30125299 0.06893800
v 0.14100149 0.30147499 -0.07018075
v 0.15247101 0.30096200 -0.07414700
v 0.13088100 0.30188274 -0.07039075
v 0.24736001 -0.27638450 -0.18851499
v -0.06920500 -0.30930400 -0.14047299
v -0.01626400 -0.31214100 -0.17577600
v -0.03199900 -0.31116199 -0.16496700
v 0.11413488 -0.30404961 -0.17403963
v 0.08419000 -0.30452800 0.09783100
v 0.20008300 -0.30226001 -0.20312101
v -0.17726800 0.30456999 -0.00944200
v -0.06982200 0.30968001 -0.00763700
v 0.18159799 0.17781250 -0.39978701
v 0.15643200 0.17338900 -0.39987901
v 0.24712200 0.26322100 -0.15357600
v -0.19340301 -0.00243000 0.39636499
v -0.22955775 -0.30119526 -0.09045200
v -0.09254600 0.06955500 -0.40248200
v -0.24449500 -0.05306200 0.37434250
v 0.17072463 0.30044937 -0.09457950
v 0.24350999 -0.13554700 0.31757900
v -0.03673500 -0.31081799 -0.15298000
v -0.17085600 -0.30420700 -0.09614800
v -0.13792400 -0.30592799 -0.12698200
v 0.19437000 -0.30208600 -0.17331401
v -0.24436276 -0.02672025 0.37446401
v -0.24553800 0.11938600 -0.32823700
v -0.11936700 -0.14813200 0.39752901
v 0.24700449 -0.26616451 -0.15355100
v 0.24706800 -0.25661799 -0.12357500
v -0.14990400 -0.14910901 0.39694801
v -0.15150300 -0.14343400 0.39696500
v 0.24849100 -0.28617150 0.08349850
v 0.24600101 -0.21273249 -0.05256350
v 0.24311900 -0.08393800 0.26368800
v 0.18381400 0.04293800 0.40554500
v -0.17659600 -0.10324900 0.39691299
v -0.00338500 0.31254101 -0.02685400
v 0.00062800 0.31231701 -0.03282800
v 0.20657600 -0.30211100 -0.17694201
v -0.03116400 0.31061000 -0.18679200
v -0.24489100 -0.05763200 0.35701400
v -0.24498001 -0.06075950 0.35413200
v 0.19593000 0.29981101 -0.10786700
v 0.24753200 -0.27712801 -0.15827399
v -0.07159500 -0.30917001 -0.11870200
v -0.12950499 -0.30636799 -0.11630200
v -0.20863201 0.00264600 0.39567801
v -0.20440300 -0.00660000 0.39579600
v -0.24516900 0.08670500 -0.36178300
v 0.24324900 -0.00072200 0.30660501
v 0.05313900 -0.30671200 0.09836400
v 0.24588300 0.27022901 -0.32338300
v 0.21353599 0.03785200 0.40522701
v 0.24691650 0.27922150 -0.27377999
v 0.07765400 0.12120600 -0.40016201
v 0.18377450 0.03980050 0.40555900
v 0.24305400 -0.01411400 0.31760699
v -0.24765199 0.24151100 -0.10309600
v 0.08367447 -0.01477650 0.40359852
v -0.17593899 -0.30351299 -0.07135400
v -0.12159300 -0.30660900 -0.10040500
v -0.07666000 -0.30817199 0.12034000
v 0.17522401 -0.30229601 -0.17424300
v 0.17141600 -0.30240399 -0.16188601
v 0.05220900 0.18670601 -0.40011099
v 0.24426743 -0.15931322 0.10765097
v 0.01959500 -0.30977899 0.11560200
v -0.03504500 0.00758900 0.40114900
v 0.09439000 -0.07546100 0.40297401
v 0.24599800 -0.22043800 -0.03270700
v 0.24662600 -0.23789801 -0.05280000
v 0.24611400 -0.21683900 -0.05347500
v 0.24256456 -0.06431533 0.36127079
v 0.20450699 0.04213300 0.40549999
v 0.14275900 -0.08520100 0.40455800
v -0.16175000 -0.30452099 -0.09742500
v -0.18268600 0.30419701 -0.04862700
v -0.25037751 -0.18825200 0.13016351
v -0.09072700 0.08807300 -0.40249401
v 0.24317400 -0.01246700 0.30738699
v -0.22848284 0.30187505 -0.10918775
v 0.24569370 -0.21175258 0.05071311
v -0.17134599 -0.30363500 -0.08198900
v 0.16996001 -0.30227101 -0.13317600
v 0.06944588 -0.30642775 -0.11617319
v 0.23286501 0.29897299 -0.12461000
v 0.20718500 0.29912400 -0.12224700
v 0.21293250 0.29913250 -0.12180300
v -0.13882875 -0.14631826 0.39710999
v -0.14445800 -0.14585800 0.39704201
v -0.17862751 0.30459401 -0.02652100
v -0.21354100 0.30247349 -0.15275550
v 0.24340500 -0.09844600 0.29889700
v 0.21608350 0.03965200 0.40518999
v 0.13872412 -0.00943119 0.40511188
v -0.07146700 -0.30890200 -0.09332500
v -0.25019950 -0.19062950 0.14444350
v -0.25018176 -0.18922700 0.14507174
v -0.24597999 0.14445999 -0.31361899
v 0.15179300 -0.10312100 0.40421501
v -0.24518301 0.10261700 -0.36165199
v -0.21021099 0.08886400 -0.40626600
v 0.20173050 0.29868451 -0.25351700
v 0.24337099 -0.13184001 0.25936699
v 0.18373500 0.03666300 0.40557301
v -0.14198400 -0.30517599 -0.08422800
v -0.10201500 -0.30723700 -0.08773100
v 0.18484651 -0.30211550 -0.13910399
v 0.18353000 -0.30213299 -0.15072900
v -0.22883400 0.30202800 -0.03881400
v 0.24652100 -0.23786549 -0.04030700
v -0.08180600 0.10320400 -0.40249601
v -0.09262900 0.09972600 -0.40254700
v 0.01202269 -0.03682744 0.40191826
v 0.24417900 -0.15694015 0.14275287
v -0.16810399 -0.30358601 -0.04496400
v -0.24739601 0.25232300 -0.13116100
v -0.06805200 -0.30865601 0.11430300
v 0.24299000 -0.06348600 0.31869701
v -0.02294200 -0.31168401 0.09533500
v -0.04765400 -0.30979100 0.10641000
v 0.24482450 -0.18556800 0.16355699
v 0.19389100 -0.30201700 -0.13175300
v 0.04499700 -0.12395900 0.40195000
v 0.17097300 -0.30252600 -0.12072300
v -0.24626400 -0.13198900 0.34100601
v -0.24506900 -0.06388700 0.35124999
v 0.24815400 -0.27327001 0.05616850
v -0.24665800 0.14732300 -0.28485200
v -0.01318800 -0.12696999 0.40056399
v 0.05423481 -0.03201406 0.40268195
v 0.19463900 0.02364700 0.40548301
v -0.07379200 -0.30854601 -0.08391100
v -0.05320500 -0.30965000 -0.08679700
v -0.05395800 -0.30991101 -0.09812700
v -0.14707699 -0.30491400 -0.05742500
v 0.17885500 -0.00317450 0.40545851
v -0.25033000 -0.27659401 0.08204200
v -0.25015351 -0.20010850 0.14636651
v -0.24508899 -0.08437600 0.36454001
v -0.15913700 0.16076000 -0.40411499
v -0.24651200 -0.17786700 0.34989399
v -0.16166900 -0.04033100 0.39728400
v -0.24763849 0.28053799 -0.18443801
v -0.24746600 0.28458649 -0.17005150
v -0.24740499 0.28645501 -0.17396501
v -0.05323700 -0.30954376 -0.05576250
v 0.09002500 0.20686001 -0.40039200
v 0.07184000 0.12859599 -0.39997900
v 0.10121400 0.18837300 -0.40034199
v -0.24744099 0.25607449 -0.13418300
v -0.05149300 0.10925700 -0.40186200
v -0.24652299 0.16904800 -0.29729101
v -0.25016612 -0.21111913 0.14388150
v -0.24528900 0.12634499 -0.33941501
v -0.09352136 0.30784112 -0.14795265
v 0.24606150 0.25526151 -0.23879300
v 0.19313499 0.00631900 0.40547901
v 0.24673150 -0.24413475 -0.01465525
v 0.24620400 -0.22478200 -0.01622900
v 0.24631575 -0.23037601 -0.01710075
v -0.06285194 0.30949906 -0.08154757
v -0.19366901 0.30351901 -0.05403100
v -0.24494050 -0.07656100 0.36790800
v -0.25011799 -0.20318900 0.14800601
v -0.17455301 0.30430099 -0.13157301
v -0.04606400 -0.07426600 0.40015301
v -0.03662400 -0.06026500 0.40060100
v -0.23362000 -0.30000001 0.00544300
v -0.17003401 -0.30357400 -0.03493300
v -0.02780000 0.12410800 -0.40173200
v -0.20817851 0.09488350 -0.40615901
v -0.24648800 0.15182000 -0.29753000
v 0.20043400 0.29907399 -0.17639175
v 0.17752700 -0.30249399 -0.10392900
v 0.24438100 -0.16793799 0.19346400
v 0.07685900 0.14174600 -0.40012401
v -0.16299200 -0.05997300 0.39720899
v 0.01737500 -0.11207600 0.40158999
v -0.02634400 -0.04090100 0.40082800
v -0.04000750 0.12829450 -0.40172899
v 0.24654345 -0.23952588 0.04912247
v 0.24714200 -0.25603101 0.10291000
v 0.24692200 -0.24769050 -0.01174250
v 0.16263600 -0.01470300 0.40541601
v 0.24748451 -0.25936449 0.09187000
v -0.19324300 -0.30224499 -0.01786500
v 0.07791600 -0.09663600 0.40261099
v -0.20645800 0.10483700 -0.40601799
v -0.07094950 -0.11868000 0.39932299
v -0.25006101 -0.24576899 0.14532401
v -0.17416300 -0.30301100 -0.00700600
v 0.19265699 -0.30224600 -0.09269200
v -0.16159201 -0.30388099 -0.01666300
v -0.00174100 0.12504600 -0.40144700
v -0.24757600 0.23495799 -0.23646601
v -0.24516700 0.11998800 -0.36027601
v -0.24747200 0.20636401 -0.23852500
v 0.06898100 0.16353300 -0.39985999
v -0.24732199 0.26594001 -0.12844500
v 0.24775876 -0.27201205 -0.01654268
v -0.16256900 -0.30367401 0.00415000
v 0.17985401 0.29968199 -0.15514700
v 0.19681101 -0.30220801 -0.08328400
v 0.24518600 0.25819501 -0.33196500
v -0.19751500 0.30338201 -0.07430200
v -0.16129901 0.30508399 -0.10182000
v 0.10082600 -0.30342501 0.07597600
v 0.24317500 -0.07074800 0.30614799
v -0.24758200 0.26320899 -0.14915200
v 0.24319100 -0.10154200 0.25057200
v -0.08218600 0.11917300 -0.40244401
v -0.24762100 0.26616800 -0.14180300
v -0.24755350 0.26299700 -0.13950400
v -0.09289900 0.11836600 -0.40255800
v -0.05380000 -0.30974001 0.09437400
v -0.20435600 0.11314250 -0.40580249
v 0.13777000 -0.30204201 0.06789500
v -0.24683274 0.17992251 -0.28284574
v -0.03261700 -0.31149599 0.08222200
v -0.25020376 -0.25320101 0.13371100
v 0.17307900 -0.01075900 0.40535599
v -0.17842600 -0.30216801 0.13511901
v 0.12010000 -0.30266199 0.06667500
v 0.17570800 -0.09548100 0.40447101
v -0.02169900 0.13290100 -0.40155500
v -0.01195400 0.12954400 -0.40132999
v 0.06304000 0.19139650 -0.40007249
v 0.06869800 0.18849599 -0.39994299
v 0.06611100 0.19372800 -0.40000001
v 0.01583600 0.13517401 -0.40114200
v 0.24365801 -0.14452299 0.30642700
v 0.16366600 -0.03305200 0.40491399
v 0.09494957 -0.30418786 -0.01686750
v 0.16464600 0.30020300 -0.15869901
v -0.20173401 0.30294701 -0.14733601
v -0.24985901 -0.22178499 0.16006100
v -0.16135500 -0.07890600 0.39731899
v -0.02635000 -0.06471200 0.40078199
v 0.24645200 0.27006701 -0.25363299
v -0.03540300 -0.12276700 0.40019000
v 0.24765900 -0.26365900 0.01785500
v -0.11654600 -0.30602899 0.01365700
v -0.06749100 -0.12226400 0.39935499
v -0.13177900 -0.30534399 0.00465400
v -0.24752100 0.28143600 -0.14439400
v 0.16539399 -0.30202401 -0.05890700
v -0.24705701 0.18563101 -0.26718599
v -0.24983449 -0.22498450 0.16045099
v -0.24496099 -0.10392200 0.37378600
v 0.17600200 0.29974800 -0.16631700
v 0.15409100 0.30042601 -0.16288801
v -0.11869100 -0.13223600 0.39778399
v -0.15250900 -0.13233000 0.39701200
v -0.15280551 -0.13504450 0.39699700
v -0.20791100 0.30296400 -0.07369300
v 0.24677899 0.27501699 -0.27155799
v 0.19494800 0.29898000 -0.24174400
v -0.17538400 -0.08466950 0.39705399
v -0.12919900 0.14924300 -0.40319499
v 0.24568699 -0.21449000 0.11503200
v 0.06028191 -0.30640927 -0.00188378
v 0.13580000 -0.30265701 -0.04315900
v 0.12877101 0.30163300 -0.16168700
v -0.07440800 -0.11509600 0.39929101
v -0.24981000 -0.22818400 0.16084100
v 0.17385300 -0.03159900 0.40486899
v 0.18188600 -0.30157700 -0.03307800
v 0.14321201 -0.30226001 -0.03273100
v -0.17664699 -0.08108100 0.39709201
v -0.16865700 -0.09642700 0.39711851
v -0.24762750 0.23671800 -0.22509150
v -0.25018650 -0.25880301 0.13626850
v 0.05955550 0.18502450 -0.40013349
v -0.24770200 0.25755000 -0.16048700
v 0.24355300 -0.09112900 0.28299600
v 0.07706700 0.19366799 -0.40027201
v 0.24721600 -0.25697801 0.10084000
v -0.14251600 -0.30440599 0.03252100
v 0.10644300 0.30281550 -0.17139600
v -0.09112100 0.15745100 -0.40254301
v 0.17031400 0.29990801 -0.18656901
v 0.08670200 -0.07878500 0.40291700
v -0.12194600 -0.13292199 0.39764199
v -0.12432900 -0.12972499 0.39752400
v -0.24567150 -0.15376900 0.37148499
v 0.24497800 -0.19761100 0.14773200
v 0.14799701 0.18110000 -0.39986801
v 0.24333701 -0.12323900 0.25976300
v -0.24762700 0.26164001 -0.16046000
v -0.24494199 -0.11059400 0.37746999
v -0.24984699 -0.24350700 0.16398300
v -0.24519549 -0.11813300 0.37168750
v -0.24524000 -0.11587100 0.36833400
v 0.10007100 0.30318901 -0.17359000
v -0.19548850 0.13354599 -0.40525100
v 0.24613900 -0.23209800 0.11646600
v -0.24967700 -0.26160899 0.20857701
v -0.19239999 0.30376700 -0.10036300
v 0.19720900 -0.30147400 -0.00272100
v 0.18370500 -0.05073900 0.40486699
v 0.24694750 0.28264499 -0.25673649
v 0.03509500 -0.10952700 0.40197501
v 0.21762501 0.18091200 -0.39970100
v -0.24955800 -0.24209900 0.17547250
v -0.25019476 -0.26699400 0.14010225
v 0.02800800 0.14393701 -0.40059701
v 0.01804700 0.15652800 -0.40077201
v 0.10753500 -0.08399200 0.40331700
v -0.24754199 0.24771400 -0.19097300
v 0.13600349 -0.30197251 0.05303700
v 0.13419101 -0.30196300 0.04899800
v 0.24705400 0.28342599 -0.27600199
v 0.24493749 -0.18594649 0.17535600
v 0.24482100 -0.18914400 0.18863900
v -0.20036700 0.30317599 -0.13985901
v -0.09985900 -0.30695400 0.04013800
v 0.24586099 -0.21928750 0.13021900
v -0.18873499 0.30394751 -0.10190550
v 0.24807200 -0.27527100 0.02371100
v -0.17731249 0.30447850 -0.10350300
v -0.17187300 -0.30278099 0.12726900
v 0.07182200 0.18063700 -0.40001801
v -0.24760200 0.25718600 -0.17080300
v -0.14887600 -0.30411100 0.12626500
v -0.09232250 0.14156750 -0.40244201
v 0.18336625 -0.05665450 0.40483826
v -0.24974000 -0.24737374 0.18394025
v 0.24342000 -0.12959900 0.24627499
v 0.24339551 -0.13071950 0.25282100
v -0.24592701 -0.13643000 0.35815701
v -0.24578300 -0.13807200 0.36323351
v -0.16434599 -0.11378600 0.39686400
v -0.11438850 -0.11283250 0.39808249
v -0.04416000 -0.08269100 0.40009499
v -0.03309300 -0.08218300 0.40053999
v -0.24751900 0.23169000 -0.23738299
v -0.05365300 -0.30951899 0.04574500
v 0.05067175 -0.30681911 0.04326763
v 0.15184700 -0.30188099 0.02727800
v 0.16986750 0.29983699 -0.20832150
v 0.16193700 0.30019099 -0.19168700
v 0.24487925 -0.18754525 0.18199749
v 0.16526701 -0.30161899 0.01509600
v -0.15358099 0.30540201 -0.11891200
v 0.24441700 -0.17314000 0.19171774
v -0.16200000 0.30499500 -0.11074600
v -0.25017351 -0.27186599 0.13968350
v 0.24383600 -0.12412500 0.28333199
v 0.24603026 -0.22776826 0.11620150
v 0.24556300 -0.21268301 0.11793900
v 0.24760924 -0.26332551 0.07552550
v -0.12048300 -0.12398950 0.39768299
v 0.24787401 -0.26795700 0.03651900
v -0.24977550 -0.24765725 0.18483201
v -0.24668850 -0.15859050 0.33451799
v -0.24657600 -0.15391900 0.33935499
v -0.10777200 -0.10643700 0.39845201
v -0.04617000 -0.10274400 0.39994499
v -0.03609800 0.31027499 -0.17492700
v 0.04495000 0.16168199 -0.40025899
v -0.24992301 -0.28176999 0.13713600
v -0.03586300 -0.09244100 0.40043700
v -0.19964200 0.12944899 -0.40530401
v 0.15922500 -0.30133200 0.04483200
v 0.15712550 -0.30136001 0.04651750
v 0.09202825 -0.30400288 0.04016875
v -0.24563900 -0.13971400 0.36831000
v 0.24832700 -0.27605599 0.05631300
v -0.22243400 -0.30034301 0.11483000
v -0.19987600 -0.30145001 0.11168800
v 0.03894700 0.17368799 -0.40029001
v 0.18348999 -0.30136499 0.01633700
v -0.19133499 0.13764299 -0.40519801
v 0.15187401 -0.30177999 0.03602100
v -0.24688600 -0.17458600 0.32968399
v 0.05914200 0.18098401 -0.40012199
v -0.11750900 -0.12213700 0.39781800
v -0.03487600 -0.10989700 0.40031400
v 0.04843600 0.18618800 -0.40017450
v 0.04466300 0.18567000 -0.40023801
f 75 30 2800
f 624 56 1177
f 302 337 80
f 303 1513 59
f 335 92 336
f 597 684 145
f 1072 113 934
f 266 545 141
f 629 356 362
f 1145 152 1179
f 903 163 492
f 993 341 438
f 703 201 2076
f 871 207 834
f 419 183 902
f 2938 218 561
f 1117 737 914
f 346 223 281
f 21 203 204
f 27 231 927
f 135 232 318
f 687 60 925
f 254 253 138
f 890 258 2566
f 814 925 60
f 59 304 303
f 1035 74 68
f 1027 68 74
f 308 770 79
f 130 275 935
f 1281 1404 1001
f 864 1239 941
f 2505 119 133
f 1201 873 1346
f 1243 399 527
f 50 1976 1885
f 872 512 1243
f 885 1162 2744
f 687 925 1383
f 857 188 911
f 54 7 188
f 417 493 154
f 1140 436 856
f 1606 1302 443
f 1294 1302 313
f 479 1294 313
f 623 476 268
f 686 718 889
f 21 3 24
f 24 3 111
f 228 334 154
f 387 1626 1673
f 303 1422 1614
f 504 1024 1025
f 186 2620 1345
f 1572 513 343
f 957 518 1895
f 1075 113 2302
f 857 158 288
f 1066 923 434
f 158 155 288
f 1179 1204 1146
f 854 1277 1365
f 301 303 304
f 1428 294 20
f 624 1679 56
f 70 1047 642
f 304 355 577
f 248 437 473
f 1111 1304 1501
f 766 86 1059
f 13 341 71
f 900 2825 2818
f 220 1333 538
f 423 580 424
f 158 1382 155
f 815 1421 1169
f 175 398 534
f 220 591 150
f 1167 858 132
f 722 719 598
f 462 1369 241
f 1292 672 1250
f 69 66 1133
f 1098 465 72
f 538 1373 582
f 1200 669 119
f 1517 1568 758
f 335 1504 2149
f 602 335 336
f 1959 773 1939
f 355 85 515
f 858 229 132
f 1935 1795 1255
f 937 1372 927
f 490 1726 798
f 740 376 266
f 198 2474 636
f 817 267 640
f 2702 28 1440
f 850 857 1157
f 726 848 234
f 1122 849 173
f 1407 1406 1371
f 12 281 60
f 54 83 31
f 12 60 1
f 7 54 31
f 237 157 534
f 1486 1443 1379
f 492 1456 1505
f 1380 1330 849
f 804 876 112
f 186 567 199
f 1500 1412 1121
f 368 369 881
f 1302 1338 1339
f 1503 1384 1528
f 139 142 553
f 1344 884 2708
f 1470 839 833
f 198 636 896
f 891 1215 367
f 895 894 893
f 1400 1442 1555
f 1122 172 1403
f 904 907 1155
f 851 492 910
f 1400 1595 1553
f 910 492 163
f 915 916 151
f 679 847 128
f 156 172 846
f 936 230 847
f 707 596 541
f 595 541 596
f 560 449 292
f 595 334 541
f 541 334 228
f 261 541 228
f 449 541 261
f 1 60 124
f 29 77 105
f 1545 1600 1734
f 729 673 536
f 1197 929 938
f 934 931 933
f 680 937 927
f 842 1122 173
f 844 1169 1710
f 1421 1710 1169
f 950 286 949
f 453 140 1148
f 1127 109 114
f 448 130 468
f 1814 606 1582
f 9 250 18
f 1758 1833 1604
f 252 251 971
f 1591 1876 1776
f 976 769 89
f 832 982 981
f 1312 649 16
f 987 988 1096
f 989 430 78
f 653 652 430
f 172 842 846
f 839 173 844
f 473 623 268
f 242 1563 464
f 998 1011 977
f 1003 1001 460
f 1003 326 654
f 279 1008 270
f 271 279 270
f 842 173 839
f 651 999 1055
f 1439 1436 483
f 482 1015 1464
f 1213 540 2455
f 1988 1734 2159
f 1555 234 2255
f 1026 311 1031
f 1031 1027 1026
f 665 1490 668
f 1034 58 1033
f 373 1035 14
f 498 499 1044
f 621 496 1040
f 312 1046 1047
f 1470 846 842
f 1878 2016 2199
f 1856 2244 1502
f 41 38 1862
f 1061 494 1516
f 2303 2471 2293
f 1410 277 1496
f 113 1075 931
f 846 1470 2169
f 365 895 893
f 1000 1008 1002
f 2590 1567 1594
f 2943 555 239
f 1099 1386 817
f 534 11 175
f 979 255 981
f 2686 1601 198
f 2808 2513 2568
f 1074 2159 510
f 412 411 567
f 839 838 833
f 844 1710 774
f 453 8 454
f 1466 211 573
f 2836 2013 2772
f 732 192 196
f 774 1710 2873
f 427 166 902
f 907 1126 177
f 558 586 1128
f 1129 1261 485
f 1132 151 916
f 2137 2941 1974
f 861 860 226
f 784 958 689
f 541 449 560
f 332 225 73
f 3016 2741 2686
f 199 567 411
f 71 6 13
f 468 114 956
f 1470 833 831
f 2890 2827 3084
f 889 598 420
f 568 1166 1092
f 1139 318 333
f 349 924 990
f 21 231 27
f 3167 3111 3008
f 461 595 596
f 461 630 334
f 771 432 551
f 589 698 292
f 486 485 1144
f 189 760 877
f 3176 399 835
f 1243 835 399
f 3171 3122 3170
f 1153 952 1290
f 1154 946 244
f 65 1291 1506
f 510 700 3170
f 176 426 903
f 830 831 833
f 2 88 4
f 205 3086 2926
f 637 413 1116
f 174 201 415
f 1159 465 466
f 3172 1965 3180
f 2865 3172 3181
f 830 838 774
f 970 16 649
f 3098 711 3128
f 2893 3032 2590
f 822 470 471
f 1454 558 581
f 989 470 822
f 568 200 1166
f 457 114 109
f 3150 3151 2200
f 2159 409 510
f 822 430 989
f 3121 3116 2881
f 620 821 78
f 1171 984 271
f 186 199 411
f 196 709 510
f 1236 210 697
f 20 1022 481
f 3156 2942 2926
f 305 179 62
f 101 2997 448
f 641 373 507
f 1180 641 1005
f 3069 3144 3140
f 3082 3058 3141
f 171 512 219
f 733 112 141
f 828 831 820
f 792 662 1184
f 376 253 545
f 807 881 369
f 1304 1111 856
f 561 1433 2938
f 2557 3052 3142
f 829 820 831
f 1140 349 1138
f 710 512 171
f 669 104 118
f 740 735 739
f 898 1207 895
f 1360 3068 398
f 1489 930 1211
f 143 357 870
f 143 121 357
f 1079 121 1219
f 1213 1216 1217
f 3091 2940 3093
f 1218 895 1207
f 1418 876 370
f 1219 121 868
f 1220 370 876
f 1220 876 875
f 139 265 266
f 265 139 553
f 800 1085 147
f 1141 1131 852
f 8 248 454
f 380 258 259
f 799 800 378
f 147 378 800
f 806 368 880
f 804 112 733
f 804 1088 876
f 829 830 391
f 148 1190 238
f 246 682 1093
f 1465 747 1245
f 1335 748 358
f 941 1235 938
f 3052 3035 3142
f 1195 1237 1314
f 1195 576 865
f 820 2894 813
f 786 871 178
f 3033 813 3022
f 2985 2895 3033
f 207 871 1244
f 207 189 877
f 1248 1601 877
f 1236 222 565
f 1166 1253 1115
f 1256 1257 166
f 1156 1565 1116
f 2975 3004 1057
f 2975 1057 823
f 586 486 1128
f 2994 210 2992
f 2406 2989 2495
f 1128 486 1144
f 350 654 326
f 1268 460 772
f 774 819 830
f 83 19 31
f 71 302 80
f 203 420 330
f 3035 3052 738
f 598 361 420
f 1111 349 856
f 1138 349 1137
f 813 2958 2937
f 1437 333 1400
f 1400 333 232
f 2665 808 2873
f 278 747 127
f 275 435 935
f 128 275 1134
f 601 440 439
f 503 608 245
f 607 608 503
f 74 1180 1016
f 843 140 454
f 1042 1177 501
f 250 9 450
f 1293 297 1037
f 867 2926 2677
f 17 743 1160
f 2933 717 2947
f 1078 1229 931
f 774 810 819
f 62 387 22
f 2885 823 556
f 471 32 33
f 32 653 33
f 30 75 469
f 2951 2771 3000
f 2936 2970 2916
f 934 113 931
f 2880 3009 2893
f 751 1310 272
f 1461 1007 49
f 548 2897 2965
f 279 481 1022
f 490 280 50
f 1270 287 1084
f 767 632 1176
f 2855 444 256
f 2625 3005 2263
f 62 61 305
f 991 473 268
f 810 774 808
f 2767 823 2885
f 797 1065 53
f 78 431 262
f 324 1413 366
f 651 1319 329
f 1319 651 1010
f 366 655 324
f 2861 2907 2906
f 94 1332 764
f 867 2677 1228
f 1154 450 9
f 100 300 106
f 106 104 100
f 104 106 118
f 2876 2861 2906
f 1067 669 1200
f 1336 942 943
f 1586 809 390
f 390 809 811
f 938 929 2384
f 121 533 357
f 2763 392 2829
f 354 355 304
f 123 127 1085
f 1328 727 229
f 2957 2705 2486
f 135 1322 1385
f 135 716 232
f 1140 856 349
f 254 138 367
f 1599 1445 972
f 2733 2767 2885
f 2821 812 2845
f 2406 2589 2902
f 111 388 479
f 2750 2711 2826
f 225 285 146
f 248 1300 2910
f 225 332 285
f 683 1228 878
f 862 689 226
f 226 689 944
f 862 690 227
f 543 243 1349
f 151 1132 1143
f 221 151 1143
f 1145 1179 1146
f 808 805 810
f 391 819 1350
f 215 1351 1150
f 423 422 714
f 169 164 1234
f 169 165 170
f 702 901 1156
f 2810 2758 2891
f 174 1256 166
f 802 2785 1192
f 1427 1192 2785
f 2785 2648 1427
f 881 1588 880
f 567 186 801
f 175 567 801
f 2723 2698 2815
f 2815 2687 2848
f 196 510 409
f 919 811 809
f 196 1168 732
f 17 985 2704
f 2797 744 2783
f 2757 2798 2696
f 1156 1116 413
f 1120 708 702
f 218 169 1241
f 430 652 78
f 698 707 541
f 698 560 292
f 560 698 541
f 2717 2749 2736
f 204 231 21
f 2497 2697 2778
f 2497 2778 2595
f 619 979 981
f 924 945 990
f 681 439 440
f 601 725 241
f 451 2084 603
f 688 380 161
f 1230 378 246
f 244 456 1154
f 2981 2971 1110
f 982 832 32
f 371 799 374
f 544 2666 2714
f 1102 45 2750
f 987 78 262
f 1158 987 1105
f 2633 374 2706
f 2566 258 263
f 466 1098 264
f 258 890 259
f 542 266 265
f 257 2656 2632
f 1161 264 622
f 1099 817 39
f 800 799 1085
f 2690 2663 2368
f 365 893 1216
f 2648 2658 729
f 125 1209 1201
f 1174 1272 276
f 276 640 1174
f 670 1083 118
f 518 949 2208
f 817 1386 1301
f 2657 2712 1201
f 2527 2698 2650
f 2687 2698 2527
f 278 127 123
f 1082 1081 1080
f 1219 2688 2639
f 2556 28 2702
f 280 490 397
f 730 678 2578
f 528 2330 1004
f 53 295 14
f 552 2628 2637
f 2637 2661 552
f 1314 1189 352
f 2710 2569 2649
f 106 300 1334
f 2678 134 678
f 642 1051 1399
f 110 749 2341
f 2646 2731 2509
f 607 1046 317
f 323 1268 1025
f 1049 644 325
f 1049 325 1059
f 430 822 653
f 326 323 1399
f 1268 323 460
f 2036 599 350
f 344 351 590
f 788 783 997
f 2462 2634 2484
f 953 960 785
f 352 1189 662
f 85 355 354
f 1103 821 620
f 1245 1199 529
f 1414 1010 1401
f 2621 2600 129
f 1197 938 1235
f 1016 773 1411
f 669 1067 104
f 2630 2599 2600
f 537 675 286
f 1211 930 129
f 670 566 1083
f 2649 2569 2577
f 2576 2649 2577
f 2485 2566 263
f 1418 553 876
f 741 897 926
f 878 372 549
f 2651 1172 2556
f 545 266 376
f 14 295 373
f 254 803 253
f 297 291 79
f 731 385 1088
f 1426 59 1513
f 741 926 134
f 863 692 869
f 1644 1023 1296
f 1023 499 498
f 1219 2639 2536
f 2491 433 2507
f 157 236 11
f 2560 2599 2561
f 1236 697 222
f 1052 394 556
f 237 534 398
f 11 392 175
f 175 801 398
f 180 709 182
f 2583 2571 2498
f 196 409 1168
f 2539 2560 2561
f 703 410 415
f 2522 129 2560
f 2522 2560 2502
f 902 166 1257
f 127 2369 1085
f 2603 2516 2394
f 1096 620 987
f 912 1276 851
f 653 822 33
f 1388 996 35
f 592 432 862
f 687 124 60
f 346 12 105
f 29 76 77
f 1444 26 252
f 252 26 974
f 125 1201 2223
f 2489 2594 1415
f 945 924 787
f 2328 995 817
f 2569 2489 1227
f 333 318 232
f 1310 475 272
f 128 435 275
f 2533 2438 2234
f 437 248 8
f 437 8 453
f 235 600 726
f 46 1307 72
f 107 458 15
f 107 116 137
f 961 796 368
f 450 1154 456
f 673 729 2496
f 1107 614 2995
f 17 1109 743
f 838 830 833
f 830 829 831
f 122 240 1125
f 832 1105 260
f 1159 1161 622
f 2534 2436 2332
f 470 1103 982
f 1009 2224 2579
f 2505 2463 1200
f 1339 443 1302
f 2451 2363 2543
f 64 46 72
f 989 78 821
f 1139 1322 135
f 1089 1322 1139
f 1478 1211 671
f 753 47 46
f 203 330 204
f 1480 1479 795
f 24 420 203
f 13 3 27
f 27 3 21
f 897 2310 926
f 266 735 740
f 643 39 2411
f 920 332 939
f 1324 2389 2485
f 387 758 22
f 1362 1121 428
f 2434 2435 2418
f 2136 2435 2478
f 1306 2549 1818
f 1818 48 1306
f 1306 48 2147
f 177 184 205
f 1306 2147 2408
f 1047 503 642
f 2411 2277 643
f 642 503 245
f 643 2277 2420
f 312 1414 1046
f 2389 1324 948
f 2410 2373 2460
f 1005 590 357
f 514 247 965
f 2460 2373 2503
f 511 1258 783
f 2108 2086 2470
f 1003 1281 1001
f 2412 2364 2397
f 962 655 657
f 527 867 872
f 670 106 1208
f 323 310 1399
f 1196 2310 897
f 2397 2364 2335
f 1005 357 533
f 2412 2374 2429
f 870 357 928
f 933 931 1226
f 1229 1226 931
f 537 674 675
f 237 1094 157
f 891 367 1418
f 129 1485 2621
f 2395 2379 2349
f 735 266 542
f 2365 2422 2346
f 682 147 1085
f 1978 2451 2320
f 1228 372 878
f 900 184 824
f 243 380 688
f 1094 1095 236
f 141 112 142
f 141 142 139
f 2214 2360 2261
f 477 2246 996
f 748 749 358
f 2389 948 2271
f 796 961 793
f 553 112 876
f 954 2360 2214
f 2117 2368 1981
f 1981 2368 2220
f 674 537 286
f 1342 895 1218
f 367 739 542
f 1189 899 293
f 735 542 739
f 121 1079 533
f 2468 2315 2105
f 886 888 1162
f 195 414 1113
f 572 200 1112
f 1496 2178 2258
f 2155 1007 1274
f 1198 668 1471
f 571 573 572
f 1114 1115 1253
f 380 543 258
f 2254 2229 1308
f 1235 941 1239
f 208 573 211
f 2229 1272 1174
f 576 1314 1408
f 576 1195 1314
f 2067 372 2260
f 243 688 1234
f 906 2179 2165
f 232 716 1282
f 906 2165 2074
f 1187 293 106
f 215 1150 712
f 584 1152 1129
f 583 578 489
f 226 944 861
f 591 958 784
f 500 571 572
f 432 592 551
f 1196 526 2310
f 144 388 337
f 863 824 692
f 145 787 706
f 452 923 787
f 1 31 12
f 2269 2109 1422
f 1048 388 144
f 788 790 785
f 945 1087 990
f 598 130 361
f 2262 2261 2306
f 587 2310 526
f 240 122 603
f 2182 1896 2260
f 451 122 1125
f 1286 317 245
f 1825 1978 2061
f 245 1051 642
f 107 137 455
f 2118 98 521
f 99 102 520
f 1186 1314 352
f 610 1034 1033
f 955 973 457
f 1405 1186 662
f 663 2093 2227
f 2227 2185 2267
f 1105 1107 1158
f 64 465 467
f 1004 2267 2158
f 619 1103 1097
f 1307 816 1098
f 72 1307 1098
f 961 959 793
f 40 44 1076
f 268 1308 750
f 797 53 52
f 276 50 280
f 2232 2178 1945
f 1023 498 1296
f 515 759 525
f 2235 2188 1989
f 305 309 179
f 1044 499 1029
f 1514 2184 2148
f 74 641 1180
f 1027 74 1026
f 2473 1096 2510
f 785 790 953
f 1051 1401 326
f 324 655 765
f 1945 2178 2133
f 962 765 655
f 2120 2058 2213
f 2115 2146 2150
f 656 969 968
f 457 23 10
f 100 1251 300
f 1251 100 1017
f 1186 352 662
f 1235 1239 1070
f 2010 1716 2135
f 1064 785 960
f 223 346 1266
f 2467 933 1226
f 2106 2002 2166
f 2002 2106 2143
f 65 1506 1507
f 669 118 119
f 1479 1480 745
f 2063 2160 1019
f 371 677 799
f 114 468 1127
f 1193 380 259
f 679 1134 275
f 1225 1875 2136
f 246 378 147
f 345 2085 2181
f 1983 2042 2128
f 361 204 330
f 111 889 420
f 1234 1349 243
f 479 313 111
f 338 315 761
f 24 111 420
f 31 1 7
f 1929 1964 2047
f 162 1228 683
f 162 1100 1228
f 1015 482 2044
f 547 1234 164
f 532 1100 162
f 694 914 1320
f 594 785 1064
f 1241 561 218
f 892 713 714
f 422 892 714
f 998 593 342
f 1019 2065 2027
f 2063 1019 2008
f 708 208 211
f 180 700 510
f 637 1116 1492
f 422 699 185
f 1064 1063 1576
f 1576 1063 2058
f 2095 1973 329
f 2038 1826 1887
f 709 180 510
f 172 1122 842
f 967 347 84
f 877 3138 400
f 138 253 740
f 491 712 1150
f 1973 1254 651
f 589 781 859
f 530 696 394
f 292 146 285
f 1786 2024 1674
f 80 6 71
f 355 331 577
f 598 889 722
f 889 718 722
f 594 778 511
f 1385 1322 1340
f 1001 1404 1474
f 439 681 1449
f 1576 1014 605
f 719 468 598
f 165 688 161
f 1326 1283 721
f 601 439 1283
f 1983 1924 1982
f 241 1369 601
f 1283 1326 725
f 601 1283 725
f 462 241 946
f 725 946 241
f 451 603 122
f 1127 722 109
f 109 722 676
f 631 487 488
f 1820 2021 1926
f 843 454 2881
f 803 546 731
f 655 366 327
f 253 733 545
f 324 1183 1058
f 143 870 868
f 946 1154 841
f 1014 1576 1975
f 138 739 367
f 61 62 22
f 743 1109 742
f 1110 832 255
f 365 1216 1213
f 799 123 1085
f 437 472 473
f 1011 998 770
f 1103 619 981
f 981 982 1103
f 466 465 1098
f 64 72 465
f 984 625 271
f 1096 2473 1097
f 319 1980 1316
f 1011 1316 1980
f 921 749 748
f 1700 1970 1879
f 1307 46 47
f 3 6 111
f 640 280 817
f 1491 666 2444
f 1865 1752 1911
f 1264 1954 1182
f 1195 108 1237
f 1993 393 1952
f 506 1267 1899
f 1855 1952 393
f 1971 1021 1880
f 343 779 613
f 1912 1665 1690
f 1665 1913 1967
f 279 1022 1023
f 2034 1513 1967
f 1841 1513 2034
f 387 756 758
f 1872 1961 1805
f 792 1184 660
f 499 1023 1022
f 1923 1786 1705
f 1927 296 1951
f 789 1951 296
f 387 62 179
f 1059 1936 316
f 321 1013 1268
f 490 1393 397
f 768 992 87
f 320 37 1289
f 1025 1024 501
f 982 471 470
f 1047 607 503
f 305 1269 309
f 1014 1573 179
f 317 1401 1051
f 1955 1575 1269
f 605 1269 1575
f 765 1183 324
f 507 1262 351
f 502 609 509
f 1576 778 1064
f 1064 778 594
f 594 783 785
f 308 1011 770
f 785 783 788
f 960 1063 1064
f 1916 305 1829
f 1890 1916 1829
f 1829 1867 1890
f 962 1252 765
f 1251 1017 766
f 1031 1036 1027
f 1756 1869 1771
f 68 14 1035
f 1781 1891 1693
f 657 1405 792
f 261 146 292
f 662 792 1405
f 1866 1890 1867
f 526 1196 2210
f 1184 662 1188
f 316 1894 314
f 1189 293 1188
f 108 899 1189
f 668 1198 1077
f 1245 747 1199
f 1071 1073 1077
f 315 782 502
f 954 961 368
f 2467 667 933
f 295 53 1065
f 1065 1297 295
f 796 897 369
f 369 368 796
f 897 741 369
f 868 121 143
f 876 1088 875
f 803 804 733
f 1730 1628 1585
f 807 809 1586
f 807 1586 881
f 1586 1588 881
f 1842 1625 1823
f 1842 1722 1624
f 1589 1350 819
f 1349 1234 547
f 22 758 1787
f 820 391 389
f 820 829 391
f 1596 469 75
f 987 620 78
f 185 692 824
f 1805 1803 1804
f 1803 1805 307
f 830 819 391
f 699 224 692
f 692 185 699
f 1809 70 1753
f 1198 1071 1077
f 610 1777 1034
f 701 562 1432
f 1640 1642 1788
f 186 398 801
f 832 981 255
f 5 10 964
f 767 307 306
f 10 5 457
f 55 68 1036
f 14 68 52
f 68 55 52
f 1601 202 877
f 373 295 1041
f 877 836 1248
f 422 840 699
f 454 248 2881
f 838 844 774
f 839 1470 842
f 1368 500 572
f 572 1112 1368
f 453 454 140
f 839 844 838
f 298 20 294
f 1619 1689 1668
f 1680 1738 1670
f 1330 1169 844
f 892 177 713
f 1127 468 719
f 1616 1668 1611
f 1157 857 911
f 1800 1722 1688
f 936 927 231
f 1157 911 124
f 1157 124 687
f 915 221 690
f 861 915 860
f 1724 1661 618
f 958 917 861
f 865 576 1408
f 915 690 860
f 1642 1640 1679
f 124 911 188
f 288 54 188
f 1669 1680 1670
f 862 227 592
f 689 862 432
f 757 592 227
f 706 597 145
f 1 124 188
f 261 154 167
f 253 376 740
f 302 71 341
f 29 105 12
f 388 80 337
f 13 6 3
f 227 1090 1123
f 854 1279 221
f 909 1028 918
f 1653 496 621
f 852 1131 912
f 851 163 912
f 707 1104 591
f 377 918 1028
f 1028 909 377
f 292 332 781
f 621 1628 1730
f 1278 485 1261
f 292 285 332
f 781 156 1378
f 461 334 595
f 859 781 1357
f 1438 1320 1363
f 1412 1320 1438
f 363 105 77
f 363 356 105
f 1364 1284 1347
f 230 231 204
f 924 685 597
f 1298 1717 1744
f 1619 1748 1688
f 349 1111 924
f 1294 479 1339
f 479 1397 1339
f 1089 1265 1352
f 1089 1352 1322
f 1453 1381 1379
f 1453 1379 1443
f 212 1441 1135
f 1538 1528 1494
f 1537 1121 1412
f 1412 1581 1537
f 1581 1412 1539
f 1503 1541 1540
f 128 847 230
f 1557 1563 1535
f 1558 937 603
f 606 176 903
f 1302 1758 1604
f 1487 1579 1603
f 1587 1398 1358
f 1326 1522 1603
f 234 1555 1442
f 1567 1546 1460
f 1974 1606 443
f 1579 1883 1603
f 1542 1883 1579
f 1775 1658 1682
f 132 2090 1486
f 1833 1758 2326
f 2137 1974 443
f 2141 1917 1595
f 1604 676 718
f 1343 1373 1333
f 575 1853 1935
f 2372 2439 2268
f 2537 2446 2270
f 2270 2446 120
f 952 1287 940
f 940 1450 952
f 2584 1893 2596
f 2584 1969 1893
f 1602 727 1133
f 1985 1734 1861
f 206 419 1256
f 727 1561 1133
f 2219 896 1944
f 843 2881 2709
f 2892 2709 2881
f 2854 2766 946
f 187 1156 413
f 1115 702 187
f 2955 115 448
f 1148 2944 2945
f 2945 453 1148
f 3057 2852 2766
f 2956 1562 2707
f 3121 2966 3116
f 2966 3121 3145
f 2367 2316 1824
f 1447 2370 2170
f 2256 3142 3141
f 2219 198 896
f 2219 2151 198
f 3010 3013 3046
f 3142 3035 3082
f 3035 3051 3082
f 3003 2974 3082
f 1799 1614 1422
f 2513 2453 2568
f 2953 2899 2627
f 2910 3056 2881
f 2910 3006 3056
f 453 2792 437
f 569 2608 187
f 1166 187 1092
f 2174 2647 1839
f 1568 1787 758
f 200 568 1112
f 2962 88 744
f 251 252 65
f 2910 2810 2963
f 1074 1162 2303
f 2799 2026 2145
f 2797 659 251
f 2795 2799 2145
f 2544 570 2770
f 488 487 1612
f 2689 2913 2879
f 2378 1567 2820
f 1343 570 2544
f 2889 2607 2544
f 2652 2607 2830
f 2862 2686 197
f 260 32 832
f 832 1107 1105
f 1673 756 387
f 2708 1587 2979
f 433 2491 2742
f 2742 648 433
f 2831 2607 2889
f 2862 2744 705
f 975 968 2802
f 1837 1788 1836
f 2755 2783 744
f 2775 964 2549
f 2750 45 2711
f 2174 2585 2988
f 1445 986 25
f 3008 2513 2808
f 2808 2851 3008
f 2855 2315 2468
f 2919 2378 2820
f 1686 1648 1803
f 2673 2726 2394
f 1648 1641 1692
f 1099 2681 1386
f 877 401 836
f 3032 2893 2820
f 1315 1091 2201
f 2549 1306 2694
f 2588 2694 1306
f 2587 1523 1102
f 1836 1762 1877
f 746 1099 647
f 746 1101 2636
f 1101 646 2636
f 2625 2263 2040
f 3098 404 711
f 620 1096 1097
f 2532 2307 2573
f 2647 2701 1839
f 840 2836 1353
f 840 1353 699
f 2040 2263 1950
f 2062 1997 81
f 2200 2774 3150
f 2503 1172 2504
f 1096 2190 2088
f 988 2105 1774
f 786 1244 871
f 1172 2307 2410
f 3158 2770 3065
f 1649 1731 1647
f 2190 2361 2088
f 3062 3034 3167
f 2328 2251 2423
f 2307 2128 2410
f 2082 384 2252
f 941 938 1530
f 2553 184 3094
f 1654 625 2406
f 3152 3120 2982
f 3120 567 3001
f 2307 2246 2124
f 1315 2038 2108
f 1826 2038 1315
f 1097 2020 2201
f 2307 1923 2128
f 3094 184 3050
f 2251 2101 2072
f 48 1637 2147
f 3069 3047 3068
f 478 1716 1391
f 825 398 3068
f 2123 1958 2070
f 825 3068 3047
f 1272 1976 276
f 758 756 755
f 2034 2019 1841
f 1838 1864 1863
f 1855 1808 2202
f 2022 2202 1808
f 3071 3038 3070
f 1655 1650 1997
f 1746 1772 1910
f 2834 3089 3011
f 535 3011 1431
f 1848 1716 2010
f 1825 1915 1656
f 1631 1841 2019
f 1838 1909 1864
f 1431 395 238
f 1815 1622 1993
f 398 3004 237
f 1718 1061 1516
f 1666 1672 1721
f 1584 42 1666
f 393 1993 1311
f 1515 1808 1691
f 758 755 1517
f 557 1052 823
f 557 823 1057
f 397 55 1707
f 2010 1910 1848
f 1639 1782 1891
f 2857 2665 2919
f 1621 43 1827
f 1782 1693 1891
f 1984 396 1925
f 41 58 38
f 1786 1674 1677
f 1705 1677 1761
f 2033 1847 1990
f 1675 1692 1641
f 2937 2779 2985
f 1685 1635 1728
f 1613 1617 303
f 1725 1678 1629
f 2923 2993 2975
f 303 301 1422
f 762 1311 497
f 1619 1688 1722
f 2006 2005 2049
f 164 218 720
f 1682 1684 1656
f 1701 1425 1513
f 1642 1679 624
f 1615 1667 1721
f 1712 1733 1743
f 2985 2779 2895
f 2060 1815 1952
f 1645 1755 1696
f 1755 1731 1696
f 2968 2757 2967
f 552 2967 2757
f 1723 1801 1704
f 1778 1683 1637
f 1790 1755 1645
f 1755 1647 1731
f 621 1796 1628
f 1796 1657 1628
f 2866 2778 2697
f 1736 1041 295
f 1713 1820 495
f 2906 2933 2947
f 1805 1804 1760
f 1623 1813 1633
f 67 1045 1623
f 2871 386 1483
f 2927 2818 2841
f 2860 2916 161
f 791 1830 299
f 340 767 1834
f 2884 2909 2908
f 1779 1736 1870
f 1714 497 1622
f 812 717 2845
f 59 82 354
f 1858 1897 1796
f 179 1573 1783
f 2816 2860 161
f 531 2915 2732
f 1774 2033 2190
f 1745 1472 1653
f 1799 1422 2088
f 24 203 21
f 74 1016 1026
f 2031 51 2075
f 615 1025 501
f 67 613 779
f 1700 1612 1896
f 2905 919 2779
f 1754 616 56
f 2061 2091 1812
f 1926 1898 1858
f 305 1916 1269
f 2697 2732 2866
f 1778 1840 1683
f 179 309 1014
f 617 1754 1709
f 1699 93 1945
f 1013 1791 1268
f 1778 1927 1840
f 353 82 508
f 770 508 82
f 651 1055 1010
f 1401 1010 1055
f 1724 1947 1801
f 1612 1699 1821
f 1987 1999 1898
f 2868 2798 2757
f 2821 2845 2746
f 2804 2746 2845
f 1690 1774 2105
f 379 148 238
f 379 238 1536
f 863 900 824
f 2804 2845 2747
f 2142 1855 2202
f 1005 2233 1032
f 2747 2845 2823
f 654 350 599
f 2142 2060 1952
f 1402 2036 350
f 84 347 343
f 1930 2011 1979
f 2024 2124 2148
f 2807 2749 2781
f 1945 2104 1821
f 1821 2104 1946
f 1946 2074 1991
f 2692 812 2805
f 2806 2805 2821
f 2805 2806 2716
f 2154 2050 2125
f 723 249 2605
f 2761 682 381
f 299 1768 791
f 2018 2089 1961
f 1820 2077 2021
f 2045 520 340
f 2077 2073 2021
f 2149 2064 336
f 2735 2767 2733
f 2807 2767 2736
f 2068 2225 2089
f 514 965 966
f 378 2768 374
f 374 2768 2706
f 2746 2713 2529
f 1871 340 520
f 1724 2198 2080
f 2644 2737 2736
f 655 1405 657
f 2644 2736 2735
f 2735 2693 2644
f 2002 1981 2177
f 2172 2262 2240
f 2213 2262 2120
f 1063 2214 2058
f 134 919 809
f 957 517 775
f 808 2665 2526
f 2238 593 95
f 2476 2703 2763
f 2724 2476 2743
f 2262 2306 2240
f 2214 2261 2226
f 1186 761 2064
f 2064 1314 1186
f 2238 2321 593
f 2212 110 96
f 1331 110 2212
f 2251 2072 2217
f 947 2163 948
f 2114 117 2221
f 117 2194 2221
f 2489 239 2695
f 658 678 1321
f 2203 2083 1627
f 106 1334 1187
f 2203 1627 2107
f 2225 1225 2331
f 2595 2725 2657
f 775 978 674
f 286 775 674
f 70 1766 1753
f 2317 663 2267
f 663 678 658
f 2645 2737 2644
f 2330 528 942
f 2059 2309 2140
f 806 2679 2360
f 2130 2010 2135
f 2188 2349 2257
f 2374 2281 2337
f 2693 2668 2618
f 2685 2720 2533
f 380 1193 544
f 2380 1232 2336
f 2336 1232 674
f 2400 2365 2376
f 2284 2400 2376
f 293 899 2348
f 2086 1996 2294
f 931 2311 1078
f 1996 2167 2294
f 2317 2322 2441
f 2438 2386 2234
f 934 933 667
f 1307 1863 1864
f 364 2684 274
f 2413 2380 283
f 51 2101 2251
f 2455 2442 2392
f 47 752 1212
f 2657 1202 564
f 2466 2498 2441
f 2467 2479 667
f 314 1651 1039
f 542 553 367
f 2559 2633 2598
f 1978 1934 2333
f 2599 2631 2501
f 2514 2458 2500
f 1212 1863 1307
f 2550 2369 1479
f 1220 2583 2455
f 2417 2548 2342
f 2616 870 2362
f 2359 2102 2053
f 1966 2102 2359
f 549 905 906
f 2131 2359 2053
f 550 249 536
f 371 374 2575
f 2561 2599 2501
f 898 2531 1207
f 2276 2552 2490
f 280 51 2328
f 816 1176 626
f 134 926 678
f 2360 2526 2574
f 2653 2548 734
f 2574 2665 2591
f 2487 2484 2634
f 1315 2201 1826
f 2670 2645 2633
f 2605 249 550
f 2392 1213 2455
f 134 809 741
f 2677 2675 2535
f 46 269 2049
f 2389 2506 2485
f 2300 2552 2276
f 805 808 2526
f 2692 257 812
f 2696 2798 731
f 2653 379 1536
f 379 2769 148
f 2483 2462 2448
f 149 870 2616
f 1212 1307 47
f 149 2616 2825
f 544 2714 2816
f 2732 2697 2548
f 1427 723 1233
f 364 274 286
f 1395 289 2497
f 2760 2880 2552
f 2760 2850 2880
f 2857 2880 2850
f 2492 2481 2467
f 2467 2481 2479
f 2487 2412 2429
f 2498 2466 2455
f 2392 2432 1213
f 2432 2465 1213
f 2342 2497 289
f 392 2844 2829
f 125 1395 932
f 717 812 2733
f 2885 717 2733
f 1811 1829 61
f 2807 823 2767
f 2363 2451 1978
f 2834 535 1191
f 1006 2087 2385
f 2444 2443 2458
f 1270 1084 649
f 1491 2458 930
f 2916 2987 161
f 2969 165 161
f 2510 2088 2109
f 2318 2449 2182
f 1036 1031 1520
f 905 372 2067
f 2377 284 2383
f 2305 2417 2340
f 2340 2342 2289
f 1479 2369 1332
f 2503 2504 2460
f 2179 906 905
f 1100 532 219
f 474 626 1006
f 555 2978 3038
f 3042 3001 2959
f 2970 2947 210
f 1852 1790 1777
f 3002 3043 827
f 794 282 2334
f 2109 2473 2510
f 824 184 185
f 1236 565 210
f 2380 2396 1232
f 3087 3061 2915
f 2915 2976 3114
f 554 3071 3134
f 3061 3087 3118
f 3059 2836 3071
f 214 400 3117
f 1879 1638 1700
f 3133 3134 3071
f 3158 554 3134
f 180 562 701
f 180 1433 562
f 1348 178 871
f 1879 1744 1638
f 64 269 46
f 828 3101 2169
f 831 828 2169
f 2306 2261 2360
f 192 3155 3105
f 2306 2360 2325
f 3135 3065 3159
f 2708 2979 2914
f 2914 2979 2931
f 182 192 3148
f 3148 192 209
f 3083 2931 2647
f 2382 282 794
f 794 2237 2382
f 2328 2440 995
f 834 3016 871
f 2836 2772 3133
f 2285 113 2301
f 192 732 3098
f 1355 2741 3016
f 3020 2741 1355
f 202 2920 3020
f 2174 2988 2647
f 3023 1162 1074
f 289 2304 2289
f 2314 2169 3101
f 1394 125 2111
f 642 310 70
f 3016 2686 2918
f 211 1124 708
f 664 2613 2922
f 883 664 191
f 2862 197 2744
f 1194 2341 593
f 593 2341 2311
f 1651 789 296
f 2311 1075 2302
f 286 277 949
f 2686 2741 1601
f 197 888 885
f 2241 2304 1394
f 205 184 2553
f 2170 2248 2171
f 1447 2176 2640
f 840 2191 2013
f 2319 1567 2378
f 45 1102 1523
f 1306 1523 2587
f 183 419 2200
f 2069 2291 2094
f 2209 2265 1875
f 2302 759 2249
f 2037 2293 1944
f 1459 1547 2248
f 2100 2248 1547
f 1547 1822 2100
f 2274 2110 2181
f 340 1871 618
f 1172 75 2573
f 948 2163 2161
f 39 647 1099
f 1594 1419 883
f 206 1256 174
f 1988 1902 1734
f 2026 1119 1598
f 2183 1246 1069
f 1331 2183 1069
f 423 1554 840
f 840 1554 1776
f 264 474 2524
f 1776 1593 1591
f 1574 1607 421
f 421 575 1570
f 2224 2493 2674
f 1570 1598 1541
f 2221 2194 1992
f 308 1317 1316
f 166 1121 1119
f 1571 426 176
f 1539 1598 1581
f 2469 2427 2543
f 1545 1543 1505
f 347 967 2231
f 2626 2511 2428
f 1505 1456 1527
f 97 587 2112
f 1475 1409 1510
f 1475 1384 1275
f 1423 1288 1106
f 163 851 910
f 2166 2002 2177
f 2182 1970 1896
f 1318 851 1276
f 1363 1309 1384
f 523 97 339
f 852 912 163
f 1285 690 1279
f 1285 1238 690
f 1017 2063 86
f 766 1017 86
f 1238 1147 690
f 672 223 693
f 1185 887 1292
f 353 342 759
f 2680 2636 2617
f 1931 320 1289
f 737 1118 914
f 223 672 281
f 746 2636 2680
f 909 737 377
f 334 630 757
f 334 757 417
f 1252 994 765
f 516 2139 2055
f 29 19 76
f 2114 2221 1972
f 2651 2702 1597
f 479 388 1048
f 2683 2674 2493
f 523 339 1281
f 2540 2445 2705
f 1086 438 922
f 435 128 230
f 928 345 2110
f 1434 1397 479
f 436 1437 856
f 1453 1443 1265
f 230 936 231
f 680 927 936
f 2091 2660 2472
f 2705 2445 2486
f 1957 336 2064
f 2064 509 1957
f 1508 1552 1610
f 719 722 1127
f 1604 718 1458
f 1558 1557 1535
f 726 234 235
f 1501 1844 1435
f 2078 1576 2058
f 2662 2699 2739
f 761 315 509
f 1834 767 1900
f 1602 2090 132
f 115 679 275
f 2000 242 464
f 306 307 1921
f 994 1183 765
f 1326 2199 2308
f 1125 240 126
f 2255 116 1555
f 2245 2558 1856
f 2141 2950 2245
f 1977 2784 2141
f 1542 1486 2090
f 2090 2256 1542
f 1963 1573 1975
f 1149 2084 451
f 120 1561 727
f 2660 2091 2528
f 2707 2446 2372
f 3048 847 679
f 3180 1965 2244
f 1971 345 1062
f 1971 2014 345
f 1951 1019 1927
f 1954 1259 777
f 951 847 3072
f 3048 3137 847
f 1971 1062 1021
f 463 81 2407
f 2664 1560 1374
f 1737 1904 1981
f 1059 86 780
f 116 2742 2787
f 2596 2981 2584
f 469 2751 30
f 1936 1059 780
f 2974 3058 3082
f 3005 2852 2263
f 3057 3102 2486
f 3040 2486 3102
f 109 3017 955
f 504 1268 1791
f 3056 3006 3007
f 1941 1573 1963
f 2797 2783 986
f 3026 2971 2981
f 1689 1832 1904
f 2759 2689 2167
f 1107 2995 3031
f 2858 2511 2771
f 2877 3006 2963
f 2877 3007 3006
f 2819 1440 28
f 304 84 301
f 614 1110 2971
f 2819 2751 1440
f 84 343 301
f 2819 2786 2751
f 956 964 2775
f 2775 2901 956
f 1916 1890 1922
f 963 447 742
f 1005 1032 1180
f 91 252 968
f 2810 2699 2758
f 2758 2877 2891
f 974 2802 968
f 1714 965 247
f 1286 245 608
f 971 1444 252
f 1178 1012 1852
f 968 975 656
f 165 169 688
f 2659 472 437
f 1599 2838 986
f 2837 659 2797
f 1626 1783 1884
f 1016 1180 773
f 373 1041 1899
f 2758 2722 2755
f 2722 2756 2755
f 1773 2082 2812
f 1773 2742 2491
f 2682 2394 2726
f 2704 985 2604
f 1880 1021 506
f 1829 1811 1790
f 2549 1165 1164
f 25 2573 75
f 2468 988 1158
f 1845 1750 1875
f 1170 2549 1164
f 2694 2588 1280
f 1102 1280 2587
f 88 2877 2758
f 75 1172 2651
f 2651 2556 2702
f 1780 1770 502
f 2167 1635 2406
f 502 782 1663
f 615 1766 70
f 2674 2705 2957
f 1813 502 1770
f 45 2586 2627
f 36 612 611
f 643 40 39
f 1813 1623 1045
f 1770 1757 1813
f 1780 502 1635
f 1635 2167 1810
f 1439 1818 2549
f 1756 1715 1831
f 1794 1831 1715
f 1767 1766 617
f 1274 477 44
f 1792 298 294
f 56 501 1177
f 2050 2277 2351
f 93 1699 1662
f 1997 2062 1634
f 2229 631 1271
f 832 1110 614
f 2246 477 1514
f 447 2886 1446
f 1682 1660 1756
f 1654 1697 625
f 2107 2020 1097
f 1708 1740 1709
f 2102 2186 2053
f 2224 1009 1671
f 1176 402 2052
f 2012 1176 816
f 296 1778 1637
f 1684 1815 2060
f 1731 1649 1696
f 2184 2070 2024
f 2184 2024 2148
f 1620 1615 1672
f 1637 1892 2173
f 1891 2173 1892
f 1891 1634 2062
f 631 488 1976
f 2886 447 2974
f 50 276 1976
f 2887 2886 2974
f 1718 1289 1061
f 1719 1289 1718
f 221 1143 855
f 2963 2810 2877
f 1296 1651 1643
f 61 1646 1647
f 1664 1513 303
f 1664 1665 1513
f 1808 1515 2022
f 1515 1994 2022
f 1643 1651 1695
f 1994 1515 635
f 499 1022 20
f 384 1702 1631
f 1631 1701 1513
f 1664 303 1617
f 1964 1929 1877
f 1762 1015 1964
f 1674 1649 1677
f 1885 1726 50
f 1797 1611 1933
f 1943 397 396
f 1629 1678 1819
f 1961 307 1805
f 2995 614 3026
f 1862 1015 41
f 1730 1653 621
f 1787 1706 22
f 402 632 767
f 2974 442 2887
f 1580 1424 384
f 1706 1787 1705
f 1761 1706 1705
f 3003 442 2974
f 1653 1730 1650
f 1805 1875 1225
f 1836 1788 1762
f 1862 58 1674
f 1451 1130 1295
f 1772 1661 1716
f 1673 1629 1819
f 48 1818 296
f 1674 58 1645
f 1841 1631 1513
f 789 1894 780
f 767 618 1467
f 1808 1855 393
f 1862 38 58
f 3003 441 442
f 3003 3035 441
f 1634 1653 1655
f 1653 1650 1655
f 1666 1620 1672
f 1670 1737 1621
f 1725 1750 1678
f 1678 1750 1675
f 1428 1697 1654
f 1681 1623 1630
f 1015 624 41
f 41 1042 57
f 1721 1747 1270
f 1629 1673 1739
f 1826 1632 1887
f 1724 1723 1659
f 1928 1836 1877
f 613 67 1627
f 2955 2997 2750
f 1753 1740 1708
f 1923 1705 1924
f 1836 1928 1925
f 297 59 1037
f 738 441 3035
f 1615 1289 1719
f 487 631 1515
f 1777 1790 1645
f 1719 1667 1615
f 1023 1817 483
f 483 279 1023
f 57 1791 58
f 1750 1725 1875
f 1882 1725 1629
f 495 1820 1793
f 1793 1858 621
f 1801 1823 1625
f 3015 2913 2689
f 310 615 70
f 1735 1737 1981
f 616 1509 501
f 70 1809 1520
f 298 1029 499
f 631 635 1515
f 1771 1682 1756
f 1875 1805 1845
f 70 1043 1047
f 1786 1923 2007
f 1268 772 321
f 1738 1904 1737
f 1934 1978 1684
f 1829 1866 1867
f 1812 1915 1825
f 1825 2061 1812
f 1045 67 609
f 1796 1898 1868
f 2 4 2962
f 1897 1858 1898
f 1794 1868 1869
f 306 1900 767
f 296 1927 1778
f 1047 1046 607
f 2486 2263 2852
f 1461 1464 1958
f 1580 384 2082
f 1879 1930 1881
f 1996 2086 1849
f 2660 3010 3090
f 1783 1573 1941
f 2664 2660 3124
f 1816 1806 1875
f 650 1916 1922
f 1401 1055 326
f 766 1059 325
f 1053 1939 1992
f 1054 1053 1992
f 1225 1962 1805
f 2038 1828 1623
f 1623 2108 2038
f 2108 1623 1681
f 780 2008 604
f 1951 789 2008
f 2955 2899 115
f 350 999 1402
f 2039 1962 1225
f 2008 1019 1951
f 1976 1271 631
f 1019 2027 1927
f 1972 2221 1939
f 2229 2254 635
f 3040 841 2957
f 654 1281 1003
f 2269 1422 2083
f 2083 2203 2447
f 1097 2203 2107
f 2011 2085 1979
f 1021 345 928
f 1021 928 351
f 1461 1514 477
f 1007 1461 477
f 1920 2017 2069
f 2204 2173 45
f 2139 2036 1402
f 1875 2069 2094
f 992 1331 977
f 768 763 992
f 2057 2098 1963
f 65 1507 1562
f 761 509 2064
f 2233 2152 1032
f 1032 2152 2114
f 3161 3107 1965
f 1254 2115 2150
f 2011 1930 1879
f 2068 2089 2018
f 2119 2157 1921
f 3072 2996 463
f 2421 2277 1274
f 2277 2411 2351
f 2028 2215 2119
f 2113 2043 328
f 1004 2158 2036
f 2109 2269 2473
f 2189 2188 2236
f 2189 2236 661
f 967 524 1223
f 2491 1310 1773
f 2231 967 1223
f 2182 2206 1970
f 2098 2057 2216
f 2516 478 2394
f 2067 2260 1896
f 2273 2239 2106
f 1310 2491 475
f 1314 2064 2149
f 1375 2664 3110
f 2299 2218 2011
f 2172 2240 2306
f 2258 2178 2232
f 2074 2104 906
f 2172 2306 2264
f 2225 2250 2089
f 100 104 1017
f 104 1067 1017
f 2249 593 2311
f 3121 3147 3145
f 2150 2323 528
f 1224 2288 1476
f 2495 2989 3174
f 2469 2292 2427
f 2989 3164 3174
f 2606 2224 2674
f 3072 2664 1375
f 2281 2257 2337
f 1324 947 948
f 106 2358 2383
f 2635 645 1388
f 2311 931 1075
f 2348 2377 2358
f 1478 1208 106
f 2150 2419 2405
f 2308 2903 3058
f 1073 668 1077
f 2344 2331 1225
f 623 473 472
f 3172 2865 3161
f 3161 1965 3172
f 1965 3108 2671
f 749 110 358
f 3081 3126 2759
f 28 269 64
f 2437 2484 2429
f 2419 898 2405
f 2462 2484 2437
f 2416 1079 2519
f 2331 734 2404
f 2344 2136 734
f 2478 2452 2136
f 2681 2662 2739
f 2739 1386 2681
f 119 118 1083
f 928 2362 870
f 2487 2429 2484
f 25 75 1299
f 2547 2416 2519
f 1507 1506 1561
f 1495 93 247
f 2560 2515 2502
f 2517 2462 2483
f 2771 2511 2427
f 2529 670 2501
f 2476 2368 2117
f 2574 2512 2360
f 2548 2497 2342
f 670 2555 566
f 133 1083 566
f 262 652 653
f 1599 986 1445
f 734 2548 2417
f 2813 2082 2745
f 2664 2407 2472
f 1919 1875 1806
f 986 2838 2797
f 2501 2611 2529
f 1919 1920 1875
f 974 968 252
f 2637 2628 2594
f 2649 2576 2650
f 564 2595 2657
f 2840 3160 1562
f 2614 374 2559
f 2865 1158 1107
f 2665 2574 2526
f 2759 3060 2137
f 1562 1507 2840
f 379 2653 734
f 2618 2644 2693
f 2648 729 1427
f 2627 2929 2973
f 2769 379 2638
f 2716 2667 2692
f 3180 2244 3028
f 2761 381 2345
f 107 648 2742
f 807 741 809
f 2612 2713 2714
f 2747 2714 2713
f 81 463 2998
f 2762 2743 2476
f 2066 1957 2025
f 3035 3003 3051
f 3040 2957 2486
f 3019 81 3048
f 2953 81 3019
f 2664 2390 1560
f 2782 2809 2781
f 2816 2714 2822
f 2714 2780 2822
f 738 3052 3064
f 2446 2840 1507
f 463 2664 3072
f 2881 3056 3099
f 3080 3064 2557
f 3007 3147 3121
f 3056 3007 3119
f 2132 2399 2729
f 1427 1233 2878
f 2256 2727 2195
f 2997 2955 448
f 3019 679 2953
f 2707 2538 2545
f 2545 2715 2707
f 2905 2779 2937
f 2936 2916 2860
f 2710 555 239
f 555 554 239
f 2931 2859 875
f 2860 2947 2936
f 3036 3116 2966
f 2256 3141 3058
f 2788 224 1353
f 1353 2710 2788
f 2966 2956 2610
f 2954 1233 2991
f 728 847 951
f 2892 2610 2709
f 165 2969 715
f 866 818 2965
f 2980 2757 2968
f 169 218 164
f 2676 2784 1977
f 2950 2948 2245
f 2948 3029 2558
f 827 519 715
f 2545 2538 2371
f 2964 3050 184
f 2947 697 210
f 160 136 116
f 997 783 1258
f 1057 398 1056
f 116 2787 1555
f 1060 3033 2895
f 3033 3067 813
f 399 867 527
f 214 827 3043
f 1893 2388 2596
f 1977 2564 2676
f 2025 602 2066
f 2926 3131 2940
f 3093 2940 3131
f 563 827 3079
f 178 826 519
f 2272 2371 1558
f 2279 2480 2308
f 214 3117 563
f 3140 3034 3069
f 3043 400 214
f 399 3157 2926
f 2270 120 446
f 181 3162 1433
f 1433 3162 3106
f 3089 3149 2590
f 1326 2308 725
f 3168 2926 3086
f 2199 2279 2308
f 711 404 403
f 1243 527 872
f 2016 1542 2256
f 327 315 338
f 680 936 126
f 464 1558 2371
f 191 664 3143
f 2862 3125 3171
f 3171 2918 2862
f 1840 328 1745
f 1294 1529 1302
f 3111 3024 3008
f 1468 1488 1214
f 567 2832 412
f 1406 229 1221
f 3103 2979 1587
f 1587 2924 3103
f 1502 1304 856
f 1886 2199 1326
f 2772 2652 2830
f 716 135 1385
f 1938 1999 661
f 935 435 130
f 847 728 126
f 598 468 130
f 139 266 141
f 1302 1458 686
f 922 927 1372
f 568 732 1112
f 848 2255 234
f 993 1221 858
f 2619 2518 2459
f 2567 2518 2619
f 2567 2454 2518
f 2567 2568 2453
f 2298 1074 2303
f 1074 2298 2402
f 845 588 691
f 2402 1988 2296
f 1447 2170 1822
f 146 261 167
f 2296 1988 2159
f 629 493 417
f 892 422 185
f 571 1986 1466
f 840 1776 2015
f 1776 1835 2015
f 226 860 862
f 690 862 860
f 1918 1977 1400
f 1977 1595 1400
f 1120 702 1115
f 1557 464 1563
f 1558 464 1557
f 591 1104 150
f 208 708 1120
f 176 574 1571
f 781 920 156
f 1860 1861 1734
f 1822 1547 1447
f 1119 1537 1598
f 1275 909 853
f 1571 1574 1569
f 1526 1582 1544
f 1118 1275 1309
f 1598 1537 1581
f 1600 1505 1583
f 1537 1119 1121
f 902 1499 427
f 1277 1416 1365
f 1278 1261 1416
f 844 849 1330
f 1421 815 1185
f 1893 1759 1435
f 1435 1759 1590
f 1365 1389 1347
f 1543 903 492
f 1357 781 1531
f 1459 1106 1337
f 1456 1318 1364
f 1409 1475 1275
f 1337 1354 1459
f 579 586 558
f 426 1457 163
f 163 903 426
f 484 1341 853
f 917 1132 916
f 582 1484 1469
f 1249 1104 707
f 1288 1249 707
f 1106 698 589
f 1999 2073 661
f 581 1469 1532
f 1532 1533 581
f 1106 707 698
f 1527 1456 1477
f 652 431 78
f 417 154 334
f 177 1155 907
f 1567 1292 1594
f 145 425 452
f 201 174 166
f 704 588 845
f 1938 517 1895
f 434 704 845
f 924 706 787
f 993 438 1086
f 1066 434 1173
f 1086 1163 993
f 1448 1417 721
f 1521 721 1340
f 1304 1551 1501
f 1853 1784 1795
f 1111 1435 1048
f 1795 1784 574
f 1795 574 1255
f 1086 1214 1221
f 1066 1381 1453
f 1379 1381 1329
f 686 1458 718
f 1387 1322 1352
f 1468 1214 1372
f 1488 1512 1214
f 1512 1407 1214
f 1563 1512 1535
f 1563 1407 1512
f 1598 575 2079
f 2039 1225 2068
f 1563 1406 1407
f 1535 1557 1556
f 1373 1343 2187
f 1420 1521 1340
f 2169 1357 846
f 1605 1590 1759
f 1420 1387 1522
f 1844 1893 1435
f 2151 2219 1944
f 2187 2013 1373
f 676 722 718
f 2319 1710 1567
f 603 2084 1558
f 888 198 2151
f 2314 1357 2169
f 957 1895 517
f 1917 2141 2245
f 464 2371 2538
f 2471 1162 2464
f 2464 1162 888
f 462 946 2766
f 2558 2245 2948
f 1493 2192 2546
f 2308 456 725
f 244 946 725
f 843 2709 2084
f 2013 2187 2601
f 2446 1561 120
f 1507 1561 2446
f 679 115 2899
f 1551 1965 2671
f 2513 2145 2079
f 3116 2892 2881
f 2892 3116 3036
f 884 1587 2708
f 1921 2028 2119
f 2200 2387 2774
f 3177 3180 3028
f 3029 3077 3123
f 1113 2546 835
f 2952 3081 1605
f 599 2093 654
f 1561 1506 1291
f 2590 1594 2904
f 3145 2956 2966
f 3007 2956 3145
f 1344 2708 2930
f 2542 1344 3041
f 2664 3124 2582
f 3124 3075 2582
f 2920 1601 2741
f 2921 2741 2686
f 2981 2596 3026
f 66 3080 1133
f 2956 2 65
f 205 2942 2192
f 2920 2741 3020
f 2169 1470 831
f 444 2977 2999
f 2544 3084 2827
f 3046 2792 453
f 2830 3054 2772
f 2674 2957 9
f 2167 2406 2941
f 3031 2995 2671
f 2851 3139 3008
f 2627 2973 2953
f 4 88 2962
f 2913 3012 2912
f 2912 2952 1376
f 2977 2855 2949
f 2855 2977 444
f 1243 512 835
f 5 964 956
f 2973 2929 2953
f 2929 2062 2953
f 2711 2627 2899
f 1163 1221 993
f 1163 1086 1221
f 2627 2062 2929
f 3173 1345 3175
f 3129 2904 1594
f 3146 191 3143
f 2942 3156 3176
f 2858 2771 2528
f 922 1214 1086
f 463 2407 2664
f 1139 1136 1089
f 1161 1159 466
f 2613 2200 3151
f 467 465 2886
f 88 2758 744
f 685 1111 1048
f 2786 2819 975
f 1137 349 1087
f 653 32 260
f 1359 522 191
f 3001 567 175
f 1087 349 990
f 1280 1102 2748
f 2017 2138 2069
f 2700 2754 2756
f 401 210 565
f 2758 2635 2722
f 3062 3139 565
f 2722 2700 2756
f 2982 3120 3042
f 1997 2407 81
f 1360 398 186
f 2573 25 986
f 1060 3025 3033
f 821 470 989
f 822 471 33
f 1388 35 2635
f 1035 641 74
f 641 1035 373
f 341 13 438
f 438 13 27
f 1171 271 270
f 1171 270 1000
f 2549 1170 1439
f 188 7 1
f 472 627 623
f 2088 2510 1096
f 2307 1172 2573
f 2091 2061 2528
f 2543 2320 2451
f 2246 2307 2532
f 2421 1274 40
f 1274 44 40
f 261 292 449
f 816 626 474
f 3038 2978 3059
f 1353 3059 2978
f 2447 2473 2083
f 95 977 1331
f 1000 270 1008
f 2423 2251 2327
f 2982 3042 2961
f 2061 1978 2320
f 2984 2961 3042
f 2333 2363 1978
f 1270 1312 1721
f 2882 2982 2725
f 332 920 781
f 218 2938 723
f 2217 2050 2251
f 535 1431 238
f 2307 2124 1923
f 2071 2041 2049
f 2127 2217 2072
f 752 754 1212
f 386 2911 3001
f 2123 1514 1461
f 1514 2123 2070
f 2044 2155 2092
f 2859 2895 2721
f 2128 1923 1983
f 1997 1650 2001
f 1929 2050 2029
f 3011 535 2834
f 417 757 853
f 2009 1864 1995
f 2885 556 222
f 717 2885 222
f 51 1984 2075
f 1925 2031 1984
f 1933 1807 2131
f 1810 1996 1849
f 2048 1964 1015
f 2959 2911 2870
f 1953 1684 1978
f 236 2844 11
f 767 2012 1889
f 1958 1862 1674
f 1118 737 909
f 2121 2036 2158
f 1697 20 481
f 1925 396 1836
f 1671 1391 1625
f 1909 1838 1641
f 2907 2933 2906
f 1686 1859 1888
f 1888 1995 1686
f 1995 1864 1686
f 1864 1909 1648
f 1752 1720 1621
f 1865 1720 1752
f 958 591 220
f 1849 1630 1633
f 1849 1681 1630
f 1707 1837 396
f 2909 2884 2864
f 220 917 958
f 1023 1644 1817
f 1686 767 1889
f 1788 1642 1762
f 2839 237 2824
f 2824 2909 2864
f 1787 1568 1705
f 1728 1635 1810
f 1303 290 628
f 2834 2552 2893
f 1636 1640 1707
f 1661 1659 1716
f 2876 2883 2822
f 1619 1668 1616
f 1624 1687 1671
f 2844 2828 2829
f 1675 1750 1692
f 2156 2138 2017
f 1659 1723 1704
f 1659 1661 1724
f 1192 548 802
f 589 1242 1106
f 1658 1657 1715
f 239 554 2695
f 2710 2723 2815
f 1318 1313 1284
f 1520 55 1036
f 1034 1777 1645
f 502 1663 1635
f 1636 1520 1694
f 1694 1520 1809
f 1093 682 2761
f 1821 1732 1612
f 1760 1845 1805
f 1288 1358 1249
f 2687 2815 2698
f 1629 1816 1882
f 1796 621 1858
f 2117 1981 1904
f 2712 2657 2725
f 1689 1904 1738
f 1791 1033 58
f 2728 2749 2717
f 1042 505 57
f 2749 2807 2736
f 1744 1880 1736
f 502 1813 609
f 1945 1821 1699
f 731 1088 803
f 501 1854 615
f 2731 2646 2818
f 2623 2552 2581
f 779 609 67
f 2720 2685 543
f 2717 2706 2728
f 2669 2738 2645
f 613 301 343
f 1897 1898 1796
f 1898 1938 1868
f 1739 1884 1920
f 509 315 502
f 1732 1896 1612
f 2663 2761 2345
f 1361 484 1390
f 1806 1739 1919
f 1390 852 163
f 1180 1972 1939
f 1930 1971 1880
f 2769 2638 2490
f 1384 1438 1363
f 1724 1968 1947
f 582 558 1128
f 2035 1840 1927
f 2211 2122 2093
f 2004 2055 999
f 2014 2085 345
f 1409 1341 1473
f 1021 1062 345
f 1186 1405 761
f 338 655 327
f 2721 2583 875
f 2583 1220 875
f 1201 1346 2401
f 1254 516 2004
f 516 2055 2004
f 2703 2476 2401
f 1992 1939 2221
f 1203 2618 2668
f 1104 1249 1358
f 2485 2685 2533
f 258 2685 263
f 2710 2649 2650
f 1975 2078 2116
f 1457 1361 163
f 2055 2139 999
f 2054 2002 2143
f 344 590 1005
f 1921 2118 1900
f 2658 364 131
f 1378 1497 1531
f 1938 661 517
f 2122 654 2093
f 2180 2181 2085
f 2181 2110 345
f 92 2149 336
f 2554 2633 2645
f 2554 2598 2633
f 2150 516 1254
f 729 2658 131
f 2094 2209 1875
f 1358 1288 1462
f 1989 2188 2077
f 2485 2533 1324
f 2197 2196 2023
f 2222 2197 2023
f 1543 492 1505
f 2150 2139 516
f 761 1405 338
f 2368 2663 2345
f 2266 1921 2157
f 2119 2215 2157
f 2345 381 2521
f 1525 1524 426
f 2218 2168 2011
f 794 775 517
f 518 957 950
f 2612 2555 2529
f 2215 2266 2157
f 525 2285 524
f 775 286 950
f 949 1495 514
f 1223 524 2288
f 2517 2438 2624
f 1202 1210 564
f 1544 903 1526
f 759 2302 2285
f 2369 2550 1085
f 2302 2249 2311
f 1188 662 1189
f 2197 2276 2156
f 1547 1354 1447
f 379 2615 2434
f 1104 1358 1398
f 2334 978 794
f 1545 1526 1543
f 1196 796 793
f 293 2348 2347
f 2347 2348 2358
f 2336 674 978
f 2368 2345 2220
f 1198 1476 1071
f 2136 2265 2435
f 2332 2436 2218
f 796 1196 897
f 2289 2342 289
f 528 1004 2139
f 1201 2401 2223
f 2398 2334 282
f 2432 2392 2393
f 2547 2527 2152
f 1477 1441 1466
f 2206 2415 2299
f 2375 2415 2430
f 2250 2417 2305
f 2149 1408 1314
f 2425 2424 2457
f 1211 129 2522
f 2149 1504 1408
f 2247 1504 335
f 2175 1504 2247
f 2456 2512 2499
f 2467 1226 2492
f 2355 2512 2456
f 1211 2457 1489
f 2478 2551 2452
f 2400 2525 2422
f 1395 2497 932
f 119 2505 1200
f 2417 2404 734
f 1219 2536 1079
f 539 131 364
f 1213 2465 365
f 575 1598 1570
f 2481 2500 2458
f 2481 2559 2500
f 901 702 708
f 2455 2583 2498
f 2452 734 2136
f 2344 734 2331
f 2499 2512 2591
f 2514 2618 129
f 2236 2281 661
f 2281 2237 661
f 1478 2457 1211
f 2630 2622 2632
f 2177 2521 2433
f 2721 2571 2583
f 2449 2450 2182
f 2655 2572 2571
f 2572 2655 2520
f 1853 575 1607
f 2527 2592 2672
f 2360 954 368
f 1876 1373 1835
f 1591 1373 1876
f 1776 1554 1593
f 2631 2656 2611
f 2310 97 926
f 374 799 378
f 1459 1839 1462
f 1358 1462 1839
f 364 802 2684
f 277 286 274
f 134 2678 919
f 1465 127 747
f 277 906 2178
f 2693 2733 257
f 678 926 97
f 1419 1498 883
f 543 1349 2720
f 2693 2735 2733
f 2678 2779 919
f 552 2757 2696
f 723 2605 720
f 2760 2552 2623
f 2690 2724 2828
f 2476 2763 2762
f 2809 2782 2706
f 2364 282 2382
f 900 149 2825
f 2763 2777 386
f 2777 2703 386
f 1346 386 2703
f 2859 2721 875
f 1095 2803 236
f 117 1227 2194
f 723 1427 729
f 1094 237 1231
f 812 2821 2805
f 98 2118 2289
f 2824 2863 2781
f 2317 678 663
f 2781 2884 2807
f 2807 2884 823
f 2322 2267 2357
f 2267 1004 2330
f 372 2318 2260
f 2947 2860 2906
f 1935 2081 2162
f 110 1194 2321
f 277 1410 949
f 293 2347 106
f 2871 2911 386
f 2960 2959 2870
f 117 2114 2152
f 1237 1189 1314
f 169 1234 688
f 2965 818 548
f 2266 2305 2118
f 157 11 534
f 2919 3009 2880
f 717 697 2947
f 2293 2037 2303
f 2257 2281 2236
f 2013 2191 2015
f 2925 2975 823
f 110 2321 2238
f 2987 2994 2992
f 1100 867 1228
f 2160 2063 1017
f 2283 2222 2098
f 2926 2940 2842
f 2959 3001 2911
f 1398 1344 570
f 2978 2710 1353
f 1060 2895 2859
f 2222 2280 2197
f 2866 3061 2778
f 2298 2037 1988
f 2915 3061 2866
f 169 559 1241
f 398 825 1056
f 1415 2150 2095
f 559 169 170
f 818 711 171
f 2265 2136 1875
f 711 710 171
f 524 2285 2301
f 2665 2873 2919
f 774 2873 808
f 2287 2233 1005
f 820 813 828
f 872 867 219
f 210 400 3043
f 1941 2098 2222
f 3076 3149 2834
f 2893 2590 3076
f 3009 2919 2893
f 2239 1332 2054
f 2265 2209 2324
f 764 1332 1465
f 554 3158 3065
f 840 422 423
f 563 190 786
f 655 338 1405
f 3068 1360 3100
f 710 711 403
f 2225 2068 1225
f 3152 3169 3120
f 515 525 524
f 3167 3034 3175
f 2285 525 759
f 3159 3179 3163
f 2647 2931 2701
f 3175 3165 3111
f 1348 3016 3171
f 2057 2120 2262
f 2262 2172 2057
f 3170 3122 3023
f 835 2546 3176
f 2942 3176 2546
f 2134 2073 2164
f 3025 2875 2765
f 3024 2795 3008
f 2774 2641 2983
f 2231 1070 2144
f 2919 2654 2378
f 836 194 1248
f 2116 2096 1975
f 2867 194 836
f 836 2474 2867
f 1005 2353 2287
f 348 339 2112
f 2851 2568 2619
f 2867 2474 193
f 2568 2851 2808
f 1904 1832 2117
f 197 885 2744
f 512 195 1113
f 882 512 1113
f 1459 2248 2869
f 2378 2654 2319
f 2200 2613 664
f 2056 1900 2118
f 2045 2097 521
f 577 331 967
f 2115 1254 1973
f 2146 2115 1973
f 1973 2095 2146
f 2513 2079 2453
f 2174 1459 2585
f 2459 2032 2474
f 1343 1333 570
f 593 998 977
f 2387 419 206
f 2200 419 2387
f 2471 2464 2293
f 2028 1961 2089
f 2032 2162 2081
f 2174 1839 1459
f 2171 2248 2100
f 2100 1822 2171
f 2170 2171 1822
f 2316 2176 1447
f 1824 2316 1447
f 1824 1357 2314
f 2079 575 1935
f 884 1398 1587
f 2032 2081 1255
f 2043 1989 1472
f 788 997 1020
f 1255 574 636
f 1735 2002 1615
f 176 606 896
f 2367 2314 2764
f 2652 2772 2013
f 1565 1155 177
f 1538 421 1570
f 329 1054 1992
f 1525 426 1571
f 1332 2369 1465
f 1559 1569 1525
f 1594 1292 1419
f 428 1121 168
f 1539 1412 1503
f 1526 903 1543
f 859 1447 1354
f 1384 1494 1528
f 1503 1412 1384
f 999 350 1055
f 326 1055 350
f 1460 1185 1292
f 1421 1185 1460
f 220 1398 1333
f 1357 1447 859
f 1898 1999 1938
f 1960 1987 1898
f 1129 486 584
f 1261 1129 1152
f 586 584 486
f 1132 917 538
f 1363 914 1309
f 1363 1320 914
f 353 85 354
f 346 694 1266
f 223 1266 153
f 1242 589 859
f 1399 1051 326
f 1118 1175 914
f 2166 1479 2239
f 1090 227 1313
f 1313 227 1147
f 403 2718 195
f 690 1147 227
f 1898 1926 1960
f 1123 1018 227
f 417 853 629
f 853 918 629
f 913 1018 757
f 221 915 151
f 2220 2345 2177
f 377 629 918
f 1025 1268 504
f 694 346 914
f 528 2323 943
f 942 528 943
f 3125 2862 705
f 1594 883 191
f 1530 1240 864
f 316 314 1059
f 27 922 480
f 1651 1894 789
f 318 1139 135
f 1816 1875 1882
f 2401 2117 2223
f 1901 1316 359
f 510 3170 1074
f 3083 2647 2988
f 505 504 57
f 504 1791 57
f 1739 1626 1884
f 132 229 727
f 2376 2365 2346
f 195 512 710
f 1857 1502 1508
f 1651 314 1894
f 1756 1831 1869
f 1794 1869 1831
f 327 791 1743
f 1866 1829 1790
f 1965 1502 2244
f 2343 1558 2084
f 1796 1868 1794
f 2110 2362 928
f 1733 782 1743
f 2084 2610 2343
f 1520 1031 70
f 2353 1005 533
f 2766 2852 462
f 3036 2610 2892
f 2945 3046 453
f 679 3019 3048
f 1806 1816 1629
f 2671 2596 2388
f 3005 2625 952
f 2942 205 2926
f 3081 2952 3126
f 1689 1619 1832
f 2852 3057 2486
f 1039 1651 1296
f 1621 1737 1735
f 1709 1767 617
f 2981 2952 2584
f 1767 1709 1765
f 2671 3108 3031
f 1107 3031 3108
f 3107 1107 3108
f 3161 1107 3107
f 3013 3010 2660
f 3170 700 1348
f 81 2998 3048
f 3109 2875 1060
f 450 963 250
f 1692 1750 1845
f 2901 2997 101
f 2660 2917 3013
f 1648 1760 1804
f 1648 1804 1803
f 3100 3173 3144
f 9 2606 2674
f 18 2606 9
f 877 400 401
f 498 639 1296
f 1038 1422 301
f 2434 2291 2069
f 1702 384 1742
f 1623 1633 1630
f 2796 984 955
f 2490 2138 2276
f 1635 1685 1780
f 1654 1663 782
f 565 3139 401
f 210 401 400
f 290 36 34
f 1699 1691 1711
f 1301 1386 1300
f 2800 1299 75
f 2745 2082 2252
f 3136 3135 3163
f 2108 2689 2817
f 980 2108 2817
f 2691 2108 980
f 41 57 58
f 983 10 23
f 2589 625 984
f 1177 1042 41
f 1662 393 63
f 2543 2427 2511
f 1311 1622 497
f 2680 2753 2699
f 2719 2753 2680
f 2719 2635 2753
f 1622 1684 1714
f 701 700 180
f 2635 35 2700
f 1656 1775 1682
f 1716 1659 1391
f 3133 3071 2836
f 1704 1625 1391
f 1625 1624 1671
f 622 2524 2516
f 1098 816 474
f 1693 1634 1781
f 1639 1693 1782
f 178 1348 1108
f 1762 1642 624
f 1467 618 1746
f 1772 1746 618
f 2556 1172 2503
f 2543 2363 2469
f 996 1388 1076
f 1177 41 624
f 1621 1620 43
f 2410 2504 1172
f 393 1662 1808
f 627 472 2142
f 623 627 1273
f 2524 474 2385
f 1006 2385 474
f 699 1353 224
f 817 280 2328
f 2440 2328 2423
f 1627 1632 1826
f 3033 3025 828
f 1797 1616 1846
f 2409 2373 2410
f 2071 2049 269
f 1635 1654 2406
f 633 2278 1310
f 633 1310 751
f 2410 2128 2275
f 2410 2275 2409
f 358 110 1335
f 1310 2278 1773
f 2242 2142 2243
f 1864 1648 1686
f 2253 2105 2315
f 2033 1799 2361
f 2361 1799 2088
f 2190 2033 2361
f 397 1707 396
f 1007 2155 49
f 2126 49 2155
f 2882 2774 2982
f 481 271 625
f 625 1697 481
f 2060 2292 1684
f 1950 1669 1911
f 2052 408 1006
f 1996 1810 2167
f 2050 2154 2155
f 1950 1911 2040
f 2072 2101 2031
f 2124 2024 2007
f 2007 1923 2124
f 2405 2323 2150
f 1212 754 1819
f 754 1673 1819
f 2869 3109 1060
f 1943 1984 51
f 2005 753 2049
f 752 753 754
f 1914 1885 1976
f 1891 1781 1634
f 1863 1907 1838
f 280 397 51
f 1566 1471 1490
f 1924 1983 1923
f 51 397 1943
f 2048 1015 2047
f 1490 1471 668
f 1932 1949 1797
f 2029 1925 1929
f 291 1773 34
f 2030 2072 1925
f 628 1773 407
f 1628 1812 1585
f 2348 899 1206
f 1924 1906 1568
f 1775 1850 1812
f 813 3067 828
f 1656 1684 1825
f 1690 1618 1774
f 2218 2436 2352
f 1828 1698 1623
f 1952 1855 2142
f 1799 1847 1614
f 1774 1614 1847
f 1690 1664 1618
f 1585 1812 2091
f 1513 1665 1967
f 1730 2001 1650
f 2125 2047 2092
f 1788 1837 1707
f 2047 2050 1929
f 1966 2103 2102
f 1651 296 1818
f 487 1515 1612
f 1668 1738 1807
f 1611 1668 1807
f 2101 51 2129
f 279 483 1008
f 3047 3069 3063
f 1726 1717 1298
f 1704 1391 1659
f 213 711 818
f 1772 618 1661
f 631 2229 635
f 2441 2322 2392
f 1633 1685 1728
f 1818 1439 483
f 408 2087 1006
f 1273 627 2022
f 2142 2022 627
f 1636 1676 1640
f 1696 1674 1645
f 2060 2142 2243
f 1422 1038 1627
f 1698 67 1623
f 1632 67 1698
f 1632 1627 67
f 58 1034 1645
f 1717 1305 1638
f 1708 1729 1753
f 1636 55 1520
f 297 1293 291
f 298 499 20
f 791 1769 1743
f 34 1396 291
f 1771 1714 1684
f 2315 2252 2019
f 247 63 497
f 68 1027 1036
f 1722 1842 1873
f 2968 3039 2980
f 1790 1852 1866
f 1882 1875 1725
f 2440 2426 2411
f 610 1178 1852
f 1736 1880 506
f 2503 2373 269
f 1934 2292 2469
f 1012 1181 1852
f 1413 324 776
f 1869 1895 1771
f 1312 1270 649
f 3049 818 866
f 2061 2428 2511
f 82 353 354
f 1901 319 1316
f 1076 44 996
f 1940 329 1319
f 651 329 1973
f 394 3034 222
f 2039 1872 1962
f 1954 650 1181
f 577 84 304
f 1021 351 506
f 39 2597 647
f 40 2597 39
f 1946 1991 1732
f 620 1097 1103
f 2394 2682 2603
f 1954 1956 1998
f 1259 1954 1998
f 2579 2606 2673
f 1970 1700 1896
f 2993 237 3004
f 772 460 1001
f 2054 89 320
f 1474 772 1001
f 1474 1260 772
f 2002 1931 1615
f 2017 1884 2003
f 2970 210 2994
f 977 1011 1980
f 2108 2470 2689
f 1980 319 992
f 992 977 1980
f 992 319 87
f 2167 2689 2470
f 1920 2069 1875
f 1032 2114 1972
f 2039 2068 2018
f 998 342 353
f 2722 2635 2700
f 3001 392 386
f 45 2627 2711
f 2993 3004 2975
f 351 928 590
f 2066 602 336
f 2067 1896 1732
f 2080 1832 1968
f 1724 2080 1968
f 328 2043 1745
f 2431 2475 2477
f 622 985 1159
f 1281 2122 523
f 2113 328 2035
f 2745 2252 256
f 513 1572 2175
f 1895 518 966
f 1832 2080 2198
f 2252 2315 256
f 2122 2211 523
f 2234 1989 2043
f 89 2054 1332
f 517 661 2237
f 2758 2755 744
f 947 2043 2113
f 520 102 1871
f 1572 1070 2175
f 1070 1572 2144
f 2231 2144 347
f 658 1321 2211
f 2211 1321 523
f 2528 2511 2858
f 2961 2725 2982
f 2286 525 759
f 2111 2241 1394
f 2318 372 2449
f 2771 2427 2792
f 2218 2297 2168
f 2297 2207 2168
f 587 97 2310
f 1300 2810 2910
f 2970 2936 2947
f 2980 2914 2798
f 467 2886 2888
f 103 2304 2241
f 1324 2234 2043
f 947 1324 2043
f 2166 2177 2339
f 1068 110 1331
f 971 251 659
f 2282 2230 2355
f 2750 2901 1102
f 955 2972 2589
f 2797 251 2962
f 2358 2377 2383
f 2356 2330 2392
f 2322 2356 2392
f 2317 2313 2322
f 2416 2353 533
f 252 91 65
f 2419 2150 1415
f 1079 2416 533
f 2676 2745 256
f 2444 2458 1491
f 2405 2477 2403
f 65 445 251
f 2352 2362 2110
f 2400 2422 2365
f 2444 667 2443
f 667 2479 2443
f 3027 2671 2995
f 2360 2512 2325
f 1200 2463 2271
f 952 1312 16
f 2386 2438 2494
f 2792 3046 2771
f 2771 3046 3000
f 1081 1082 1564
f 65 2962 445
f 1478 2502 1208
f 2482 2517 2483
f 963 450 456
f 2441 2498 2317
f 2571 2317 2498
f 678 2317 2520
f 2523 2501 1208
f 447 963 456
f 1208 2515 2523
f 447 456 2308
f 2308 2974 447
f 371 2481 2492
f 875 1088 2931
f 2914 2931 1088
f 1336 365 2488
f 3014 3000 3046
f 2596 2671 3027
f 2961 2870 2725
f 2452 2551 734
f 133 1482 2505
f 2527 117 2152
f 117 2576 1227
f 3142 3082 3141
f 2 2956 3007
f 224 2788 692
f 1415 2594 2531
f 114 457 5
f 2404 2417 2250
f 841 1154 9
f 2999 3030 3123
f 3030 2999 3074
f 2565 2559 2554
f 2581 2552 2300
f 2525 2623 2581
f 2575 374 2530
f 129 2600 2560
f 2530 2614 2559
f 1485 129 1203
f 2527 2650 2576
f 2950 3123 3077
f 444 3123 2950
f 2766 3113 3057
f 2656 2631 2599
f 2599 2630 2656
f 2630 2632 2656
f 2514 2645 2644
f 2487 720 2605
f 2256 3058 2727
f 2684 233 274
f 233 878 549
f 2845 717 2935
f 2584 2952 1605
f 2195 2903 2308
f 2721 2655 2571
f 2520 730 2578
f 2950 3077 2948
f 2737 2645 2738
f 2412 2487 2364
f 1605 1969 2584
f 2841 2818 2646
f 2558 3029 2244
f 2664 126 2390
f 2634 547 2487
f 2861 2896 2907
f 2713 2746 2747
f 2671 2388 1551
f 2715 2545 2371
f 2715 2371 2272
f 2272 2343 2715
f 2715 2343 2610
f 2818 2825 2731
f 382 2712 2833
f 380 544 2816
f 2871 2793 2911
f 1602 2557 2090
f 2926 2842 2677
f 2732 2653 531
f 2809 2839 2824
f 2780 2846 2861
f 2823 2845 2846
f 1327 952 1450
f 940 1287 159
f 1856 1917 2245
f 1606 2495 1758
f 2495 2326 1758
f 2132 1833 2399
f 2132 676 1604
f 2861 2845 2935
f 2937 2932 2905
f 2856 2932 2874
f 2932 2894 2874
f 218 723 724
f 2788 2710 2848
f 2911 2793 2870
f 2884 2925 823
f 2895 730 2721
f 720 547 164
f 1349 547 2634
f 1304 1965 1551
f 2934 717 2933
f 730 2895 2779
f 162 233 171
f 1406 1563 1328
f 128 1134 679
f 2710 2978 555
f 1590 1605 1366
f 1366 1605 1434
f 2845 2861 2846
f 2985 3022 2937
f 171 532 162
f 1604 1458 1302
f 3022 813 2937
f 1511 1488 1468
f 2980 3039 2914
f 3022 2985 3033
f 1542 1487 1443
f 867 1100 219
f 867 399 2926
f 3004 398 1057
f 3021 1233 1433
f 2876 2822 2780
f 2822 2860 2816
f 1435 1367 1048
f 1366 1434 1048
f 1167 1379 1329
f 3021 1433 3106
f 1353 2836 3059
f 2859 3083 2869
f 178 519 786
f 1089 1066 1265
f 2793 2725 2870
f 3148 209 3073
f 2848 2847 2788
f 209 3105 3092
f 2590 2904 3089
f 1048 1434 479
f 182 1433 180
f 313 1302 686
f 563 3138 190
f 740 739 138
f 828 3025 3127
f 2435 2434 2570
f 3153 3134 3055
f 361 330 420
f 111 313 889
f 1550 1594 191
f 919 2853 811
f 919 2835 2853
f 207 202 1355
f 207 877 202
f 1208 2502 2515
f 195 710 403
f 835 512 882
f 2799 3018 3112
f 729 249 723
f 723 720 724
f 2773 2900 2875
f 2920 202 1601
f 2665 2857 2760
f 784 874 591
f 2544 2770 3053
f 2542 2990 570
f 3032 1567 2590
f 2820 1567 3032
f 2762 2829 2743
f 1081 371 2492
f 2918 2686 2862
f 853 909 918
f 835 882 1113
f 2828 2844 2690
f 2900 2316 2367
f 2764 2314 3025
f 1564 371 1081
f 1018 1142 484
f 1356 732 1168
f 1564 908 371
f 693 223 153
f 197 198 888
f 1129 485 486
f 278 123 1564
f 1147 1238 1284
f 415 201 703
f 174 415 410
f 1341 1275 853
f 1318 1284 1364
f 1162 2471 2303
f 2474 2032 636
f 1409 1275 1341
f 2303 2037 2298
f 2402 2298 1988
f 1261 1151 1135
f 491 1150 1152
f 2162 2414 1935
f 2079 1935 2414
f 1565 177 2193
f 1441 1261 1135
f 1457 1341 1361
f 781 1378 1531
f 1835 2013 2015
f 2026 2076 1119
f 220 150 1398
f 2076 201 1119
f 2037 1944 1902
f 2778 2725 2595
f 2145 2026 1598
f 892 184 177
f 429 1430 695
f 208 1115 1114
f 1120 1115 208
f 1456 1364 1477
f 682 246 147
f 1494 1475 1538
f 1498 902 183
f 606 1814 896
f 802 548 2684
f 1853 1608 1784
f 1784 1571 574
f 1592 1484 1373
f 1734 1526 1545
f 1574 1608 1607
f 1545 1505 1600
f 1466 1441 211
f 708 1124 901
f 2436 2509 2508
f 1582 606 1544
f 606 903 1544
f 1124 211 212
f 211 1441 212
f 1571 1569 1559
f 201 166 1119
f 1577 1484 1592
f 1525 1569 1473
f 2509 2362 2352
f 424 1554 423
f 1785 1608 1574
f 1373 1484 582
f 1583 1477 1466
f 1477 1365 1441
f 1860 1583 1466
f 884 1344 1398
f 1473 1475 1510
f 1524 1457 426
f 1524 1341 1457
f 177 1126 713
f 1412 216 217
f 1430 1325 695
f 1935 1853 1795
f 1814 1944 896
f 570 1333 1398
f 1384 1309 1275
f 804 803 1088
f 1390 484 852
f 1263 538 582
f 1347 1238 1285
f 1284 1238 1347
f 1255 2081 1935
f 917 220 538
f 909 1275 1118
f 2079 2145 1598
f 205 2193 177
f 857 288 188
f 736 105 377
f 356 377 105
f 288 322 54
f 261 228 154
f 2151 2464 888
f 706 924 597
f 2767 2735 2736
f 438 480 922
f 204 435 230
f 2716 2692 2791
f 2159 571 409
f 1343 2544 2187
f 2367 2366 2314
f 1371 1221 1214
f 1352 1265 1452
f 1371 1406 1221
f 2544 2607 2187
f 1710 2319 2654
f 1488 1511 1535
f 1535 1512 1488
f 184 892 185
f 1372 937 1535
f 2851 2619 2474
f 2474 836 2851
f 1450 1370 1327
f 847 126 936
f 1917 1856 1508
f 1610 1917 1508
f 1917 1553 1595
f 1652 1918 1400
f 2752 416 2986
f 1346 2703 2401
f 2832 2928 416
f 1304 1502 1965
f 1878 1883 1542
f 1883 1886 1603
f 1603 1886 1326
f 186 703 2620
f 2368 2724 2690
f 120 727 1328
f 2675 2677 2646
f 709 196 192
f 3111 3018 3024
f 416 2928 2986
f 2538 2372 2259
f 2537 2268 2439
f 2582 126 2664
f 3170 3023 1074
f 2538 2707 2372
f 3166 2799 3112
f 2446 2707 2840
f 3179 3159 3041
f 3065 3044 3159
f 2773 2875 3109
f 841 2854 946
f 3109 2248 2170
f 2248 3109 2869
f 3167 3008 3139
f 2982 3078 3152
f 2946 2582 3010
f 2658 802 364
f 2676 2950 2784
f 1133 1561 1291
f 3137 3048 2998
f 709 192 182
f 3099 3121 2881
f 3170 1348 3171
f 2612 2529 2713
f 2774 3078 2982
f 1291 69 1133
f 3140 3175 3034
f 2708 2914 3039
f 3136 2708 3039
f 3179 2708 3136
f 3163 3179 3136
f 3159 3163 3135
f 90 66 837
f 3120 3154 567
f 66 90 3095
f 2950 256 444
f 2813 2745 3088
f 91 90 837
f 2759 3126 3015
f 3015 2689 2759
f 2875 3025 1060
f 3132 2553 3094
f 3126 3012 3015
f 2950 2676 256
f 3069 3068 3144
f 956 2901 101
f 2910 2881 248
f 3007 2877 2
f 554 3065 2967
f 3012 2913 3015
f 2912 3012 2952
f 1110 2952 2981
f 3149 3089 2834
f 3089 3130 3011
f 648 107 15
f 2901 2750 2997
f 2750 2826 2955
f 968 969 90
f 2855 2468 2949
f 3011 3130 1431
f 1431 3130 1550
f 2660 2528 2917
f 826 715 519
f 2771 2917 2528
f 3083 2859 2931
f 832 614 1107
f 18 2726 2606
f 18 2704 2726
f 2315 2855 256
f 2704 18 2814
f 1160 985 17
f 260 262 653
f 2802 2801 975
f 987 262 1105
f 677 371 908
f 2783 2811 2754
f 2783 2754 35
f 1052 557 530
f 677 123 799
f 35 986 2783
f 471 982 32
f 210 3043 3045
f 2758 2753 2635
f 2591 2665 2623
f 395 2976 531
f 746 2662 2681
f 2969 827 715
f 264 1098 474
f 219 532 171
f 2592 2639 2672
f 472 2659 2427
f 827 2969 3002
f 817 995 39
f 2468 2105 988
f 35 996 2532
f 1388 645 1076
f 237 2993 2923
f 2643 375 2521
f 375 1085 2550
f 988 2190 1096
f 2580 2394 1009
f 2970 2994 2987
f 2992 161 2987
f 161 2992 2969
f 2504 2410 2460
f 2292 2060 2427
f 2243 2142 472
f 1312 2040 1584
f 2915 531 2976
f 2923 2975 2884
f 2514 2644 2618
f 2147 45 1523
f 540 1220 2455
f 2426 2351 2411
f 2394 478 1009
f 2521 375 745
f 477 1274 1007
f 2818 184 900
f 2964 184 2818
f 2409 2071 2373
f 1308 2229 1174
f 276 280 640
f 2954 2939 2898
f 2898 2878 2954
f 1233 2954 2878
f 2252 384 2019
f 2857 2919 2880
f 2040 1392 1584
f 478 1391 1009
f 2135 2309 2130
f 2105 2253 1690
f 1912 1690 2253
f 2147 1637 2204
f 1773 1580 2082
f 2529 2555 670
f 2020 1826 2201
f 1978 1825 1953
f 2127 2029 2050
f 1461 2099 1958
f 1958 2123 1461
f 2155 2125 2092
f 385 2798 2914
f 51 2031 2129
f 2031 2101 2129
f 2053 1933 2131
f 1863 1212 1819
f 1807 1798 2263
f 2131 1807 2263
f 1958 2024 2070
f 2591 2623 2525
f 2006 2042 1983
f 2041 2006 2049
f 1627 2020 2107
f 1094 236 157
f 1730 1585 2001
f 1392 42 1584
f 1924 1517 1982
f 2763 2829 2762
f 1984 1942 396
f 1684 1953 1825
f 2834 1191 148
f 2872 2871 382
f 1911 1669 1720
f 1680 1669 1950
f 1798 1680 1950
f 2871 1483 382
f 1305 1885 1638
f 1752 1621 1392
f 125 564 1209
f 2823 2846 2780
f 1807 1738 1798
f 1616 1797 1619
f 1748 1619 1802
f 1797 1671 1749
f 1751 1798 1738
f 1773 628 290
f 290 34 1773
f 543 380 243
f 2716 2806 2821
f 2716 2821 2746
f 1677 1705 1786
f 1664 1690 1665
f 257 2733 812
f 1536 531 2653
f 1230 2768 378
f 14 52 53
f 2706 1231 2809
f 2791 2805 2716
f 1637 1683 1639
f 1634 1693 1745
f 1297 1736 295
f 678 2520 2578
f 1682 1771 1684
f 1766 1763 1753
f 1766 1764 1763
f 2449 2677 2461
f 767 340 618
f 1789 1647 1755
f 291 1396 79
f 2514 2500 2554
f 1629 1739 1806
f 895 365 898
f 617 1766 615
f 1738 1737 1670
f 59 354 304
f 1829 305 61
f 2478 2570 2615
f 2551 2478 2615
f 610 1852 1777
f 2529 2611 2716
f 2548 2653 2732
f 2678 678 730
f 2706 2717 2670
f 312 1047 1043
f 2547 2152 2416
f 1879 1881 1744
f 141 545 733
f 1472 1820 1713
f 2692 2667 2656
f 1869 1868 1938
f 254 546 803
f 552 2696 1207
f 2628 552 1207
f 552 2661 554
f 2629 554 2661
f 2695 554 2629
f 310 642 1399
f 1939 773 1180
f 1025 310 323
f 1401 317 1046
f 274 233 549
f 1264 1182 321
f 741 807 369
f 880 368 881
f 368 806 2360
f 2526 2360 2679
f 2639 2593 2536
f 1732 1821 1946
f 2499 2525 2400
f 602 1957 779
f 513 602 779
f 1264 772 1260
f 602 2025 1957
f 265 553 542
f 320 1931 2054
f 1954 777 650
f 2521 745 1481
f 577 967 84
f 1745 2043 1472
f 2514 2554 2645
f 906 277 273
f 274 273 277
f 1418 367 553
f 2035 328 1840
f 1208 2501 670
f 2002 2054 1931
f 1342 894 895
f 2530 374 2614
f 2234 1324 2533
f 2045 2046 2097
f 2097 2046 1834
f 2056 2097 1834
f 1981 2002 1735
f 1975 2057 1963
f 2595 564 2497
f 339 1404 1281
f 339 348 1020
f 1020 348 788
f 1975 2096 2057
f 2559 2598 2554
f 2139 1004 2036
f 2560 2600 2599
f 2036 2121 599
f 2550 745 375
f 331 515 524
f 353 759 515
f 2017 2003 2156
f 2121 2185 599
f 599 2185 2093
f 1992 2194 329
f 329 2194 2095
f 2501 2631 2611
f 2146 2095 2150
f 331 524 967
f 2300 2525 2581
f 2576 2577 1227
f 335 2205 92
f 1945 1495 2232
f 2527 2576 117
f 2106 2239 2054
f 2223 2117 1832
f 2264 2216 2172
f 2487 282 2364
f 2499 2591 2525
f 2500 2565 2554
f 2572 2520 2317
f 2509 2731 2362
f 2571 2572 2317
f 932 2497 564
f 932 564 125
f 273 549 906
f 1415 2095 2194
f 1071 1476 2288
f 1017 1200 2160
f 2340 2289 2118
f 2299 2375 2218
f 2111 125 2223
f 2358 106 2347
f 110 1068 1335
f 365 1336 2403
f 1479 2166 795
f 2234 2386 2235
f 2235 2386 2349
f 2117 2401 2476
f 2178 1496 277
f 364 286 675
f 1478 2383 284
f 2551 379 734
f 2377 2457 1478
f 2425 2457 2377
f 2417 2342 2340
f 2369 127 1465
f 2475 365 2477
f 898 365 2475
f 2418 2324 2434
f 2531 898 1415
f 2461 2450 2449
f 1478 671 2502
f 2436 2508 2352
f 2508 2509 2352
f 898 2419 1415
f 1211 2522 671
f 364 675 539
f 2345 2521 2177
f 671 2522 2502
f 2521 1481 2433
f 371 2530 2481
f 930 2458 129
f 1489 2457 2424
f 2483 2448 2349
f 1489 2424 1206
f 745 2550 1479
f 2488 365 2465
f 2477 365 2403
f 2479 2481 2443
f 2458 2443 2481
f 2481 2530 2559
f 942 1336 2488
f 2605 550 282
f 2615 379 2551
f 2434 2615 2570
f 2434 2138 2609
f 2405 2403 2323
f 2194 1227 2489
f 1489 1205 930
f 2577 2569 1227
f 2325 2512 2355
f 2624 2438 2533
f 118 106 670
f 2517 2634 2462
f 372 905 549
f 2555 2612 544
f 274 549 273
f 1073 665 668
f 1085 375 682
f 2489 1415 2194
f 2672 2788 2527
f 2698 2723 2650
f 2723 2710 2650
f 2710 239 2569
f 239 2489 2569
f 2067 2179 905
f 2712 382 873
f 257 2692 2656
f 257 2668 2693
f 1203 2668 257
f 148 2490 2834
f 2706 2734 2728
f 2331 2404 2225
f 233 683 878
f 1228 2449 372
f 2788 2847 2527
f 2847 2687 2527
f 2725 2793 2712
f 2746 2804 2747
f 2340 2118 2305
f 2138 2434 2069
f 2781 2809 2824
f 2352 2110 2274
f 2339 2177 2433
f 2809 1231 2839
f 1231 237 2839
f 2300 2276 2197
f 2861 2876 2780
f 869 2788 2740
f 108 1189 1237
f 2646 2677 2842
f 2883 2906 2860
f 386 392 2763
f 2222 2283 2284
f 720 218 724
f 2346 2300 2197
f 2166 2339 795
f 2884 2908 2923
f 531 1536 238
f 1190 535 238
f 2938 1233 723
f 906 2104 2178
f 2329 1495 949
f 819 810 1589
f 938 2384 1530
f 1350 389 391
f 2280 2222 2376
f 2916 2970 2987
f 394 222 556
f 2967 552 554
f 658 2093 663
f 2267 663 2227
f 823 1052 556
f 238 395 531
f 2152 2233 2287
f 2643 682 375
f 222 3034 565
f 3045 3002 210
f 3002 3045 3043
f 2354 2400 2284
f 2237 794 517
f 3001 175 392
f 2938 1433 1233
f 3063 3069 3034
f 2089 2250 2028
f 2250 2215 2028
f 2111 2198 2241
f 2111 2223 1832
f 3087 2915 2922
f 2915 3114 2922
f 3115 3114 2976
f 213 3128 711
f 3135 3136 2967
f 2967 3136 2968
f 3136 3039 2968
f 2976 395 1359
f 941 1530 864
f 1550 191 522
f 2175 335 513
f 3065 3135 2967
f 348 1247 585
f 2225 2404 2250
f 348 2112 1247
f 1332 976 89
f 2301 113 1072
f 2161 2163 2065
f 1072 1071 2301
f 790 348 585
f 339 97 2112
f 521 2097 2118
f 3062 3167 3139
f 2160 2065 1019
f 3146 1359 191
f 1550 3129 1594
f 2633 2706 2670
f 2379 2338 2257
f 2772 3055 3133
f 3134 3133 3055
f 95 593 977
f 3083 2988 2585
f 3083 2585 2869
f 374 2633 2559
f 3139 2851 401
f 2136 2344 1225
f 3178 2770 3158
f 3175 3111 3167
f 1710 2654 2919
f 3171 3125 3122
f 1331 992 763
f 1989 2077 1820
f 3098 732 405
f 2231 1222 1235
f 2770 570 2990
f 1235 1070 2231
f 1239 1504 1070
f 780 86 2063
f 2773 2640 2900
f 790 788 348
f 2143 2106 2054
f 411 703 186
f 416 410 2832
f 2641 2774 2387
f 570 1344 2542
f 1071 2288 2301
f 410 416 174
f 2284 2376 2222
f 999 2139 1402
f 193 2474 198
f 2280 2376 2346
f 1207 2696 1218
f 2063 2008 780
f 1166 1115 187
f 2414 2162 2518
f 2518 2453 2414
f 418 174 416
f 664 883 183
f 1941 2023 1884
f 2464 2151 1944
f 2293 2464 1944
f 2274 2297 2352
f 1988 2037 1902
f 353 515 85
f 2161 1200 2271
f 2161 2160 1200
f 636 176 896
f 1357 1497 846
f 1944 1814 1902
f 2267 2313 2317
f 2712 873 1201
f 1421 1567 1710
f 2267 2322 2312
f 515 331 355
f 1814 1582 1902
f 1497 1357 1549
f 2497 2548 2697
f 1860 1734 1600
f 1607 1608 1853
f 1607 575 421
f 1532 1578 1533
f 1532 1484 1577
f 1714 1895 966
f 1354 1547 1459
f 1534 581 1533
f 1469 1518 1532
f 1398 150 1104
f 1989 1820 1472
f 1570 1528 1538
f 1570 1541 1528
f 1541 1503 1528
f 2611 2667 2716
f 651 2004 999
f 1430 429 1499
f 2166 2239 2273
f 1456 492 1318
f 326 460 323
f 1384 1412 1438
f 1269 605 309
f 1916 650 1269
f 1014 1975 1573
f 859 1354 1337
f 1899 1262 507
f 779 343 513
f 1365 1279 854
f 1014 309 605
f 1070 1504 2175
f 1279 690 221
f 2476 2724 2368
f 1005 641 507
f 1899 507 373
f 1922 1181 650
f 484 757 1018
f 853 757 484
f 958 861 944
f 2301 2288 524
f 292 781 589
f 821 1103 470
f 1801 1947 1874
f 949 518 950
f 1947 1968 1905
f 1968 1873 1905
f 803 733 253
f 493 1609 154
f 480 438 27
f 317 1051 245
f 2305 2215 2250
f 2106 2166 2273
f 608 317 1286
f 607 317 608
f 258 543 2685
f 1332 2239 1479
f 2206 2299 2011
f 945 787 923
f 858 434 845
f 435 204 361
f 858 1167 434
f 79 770 82
f 1265 1066 1453
f 1793 1820 1926
f 922 1372 1214
f 1437 436 333
f 528 2139 2150
f 2220 2177 1981
f 1487 1265 1443
f 1937 609 779
f 1387 1352 1452
f 1283 439 1449
f 1452 1522 1387
f 2696 731 546
f 1522 1452 1487
f 1852 1922 1890
f 1522 1326 1521
f 1326 721 1521
f 1606 1758 1302
f 1400 1555 1652
f 1871 1724 618
f 1434 1605 443
f 132 727 1602
f 468 101 448
f 242 1703 1563
f 2016 1878 1542
f 2141 1595 1977
f 1703 120 1328
f 446 120 242
f 242 120 1703
f 1652 1977 1918
f 34 36 360
f 1870 1736 1899
f 506 1899 1736
f 301 613 1038
f 464 2268 2000
f 464 2372 2268
f 1606 1974 2495
f 1519 1317 308
f 2558 2244 1856
f 2533 2720 1349
f 2624 2533 1349
f 657 792 660
f 1323 116 2255
f 1349 2517 2624
f 3081 2759 1605
f 2787 2813 1652
f 1509 1851 501
f 2707 3160 2840
f 1735 1615 1620
f 247 93 63
f 3137 3072 847
f 107 3104 116
f 2236 2188 2257
f 3142 2256 2557
f 1722 1832 1619
f 3104 2742 116
f 2941 2406 2495
f 2941 2137 2167
f 3060 2167 2137
f 109 3096 3017
f 1624 1625 1842
f 1965 3107 3108
f 2999 2865 3074
f 444 2999 3123
f 1291 91 837
f 1811 61 1647
f 590 928 357
f 90 1130 3095
f 114 5 956
f 2759 2167 3060
f 1989 2234 2235
f 65 2 2962
f 3027 3026 2596
f 91 1291 65
f 56 616 501
f 614 2971 3026
f 2138 2156 2276
f 445 2962 251
f 1717 1638 1744
f 2185 2227 2093
f 102 1724 1871
f 2198 2111 1832
f 2962 744 2797
f 1295 467 1455
f 2011 1970 2206
f 2849 2794 2901
f 1038 613 1627
f 1037 59 383
f 1426 383 59
f 1699 1612 1515
f 2817 2689 2879
f 2879 980 2817
f 725 456 244
f 63 93 1662
f 2843 2819 28
f 1295 2843 28
f 28 467 1295
f 2742 1773 2812
f 473 1300 248
f 1729 1708 1676
f 1161 466 264
f 1676 1708 1640
f 2180 2168 2207
f 1709 1679 1640
f 1640 1708 1709
f 986 2532 2573
f 1621 1735 1620
f 762 497 63
f 1099 746 2681
f 746 2699 2662
f 746 2680 2699
f 1693 1639 1683
f 2556 269 28
f 1673 1626 1739
f 2222 2023 1941
f 1672 1615 1721
f 1747 1667 1718
f 2406 625 2589
f 1718 1667 1719
f 2440 39 995
f 2164 2073 2189
f 1761 1646 1706
f 2189 2073 2077
f 1761 1677 1646
f 996 44 477
f 2190 988 1774
f 2167 2470 2294
f 1628 1657 1658
f 481 279 271
f 1818 1695 1651
f 1798 1950 2263
f 2529 2716 2746
f 402 767 1467
f 47 753 752
f 1732 1991 2067
f 2173 2204 1637
f 52 55 397
f 49 1463 1461
f 397 797 52
f 1628 1658 1812
f 2047 2125 2050
f 2130 1910 2010
f 1746 1910 2130
f 402 1467 2052
f 1775 1812 1658
f 2655 2721 2520
f 1176 632 402
f 1984 2031 2075
f 1392 2040 1752
f 2033 1774 1847
f 2007 2024 1786
f 1695 1818 483
f 1815 1993 1952
f 1678 1863 1819
f 1015 1862 1464
f 1908 1678 1675
f 1464 1862 1958
f 1909 1641 1648
f 1627 1826 2020
f 1773 291 1580
f 490 50 1726
f 1891 1892 1639
f 1945 2133 2104
f 1815 1684 1622
f 1892 1637 1639
f 1663 1654 1635
f 1849 1633 1810
f 1837 1836 396
f 1015 1762 624
f 1622 1311 1993
f 1705 1568 1906
f 1428 20 1697
f 1990 1847 1799
f 2747 2780 2714
f 1762 1964 1877
f 767 1176 2012
f 1613 1774 1618
f 1671 1797 1966
f 1807 1933 1611
f 1670 1621 1720
f 1751 1738 1680
f 1958 1674 2024
f 1675 1641 1838
f 488 1914 1976
f 1646 1677 1647
f 1646 22 1706
f 1515 1691 1699
f 384 1631 2019
f 1849 2108 1681
f 1674 1696 1649
f 1700 488 1612
f 1700 1638 488
f 1677 1649 1647
f 2730 802 2658
f 61 22 1646
f 387 179 1783
f 1783 1626 387
f 2728 2734 2749
f 1925 2072 2031
f 1422 2109 2088
f 2083 1422 1627
f 1685 1770 1780
f 1685 1757 1770
f 2092 2047 2044
f 1686 1803 307
f 1715 1756 1660
f 1864 2009 816
f 816 2009 2012
f 1793 621 1040
f 1755 1790 1789
f 1693 1683 1745
f 1745 1653 1634
f 2275 2128 2071
f 2127 2050 2217
f 297 82 59
f 79 82 297
f 2309 2059 2130
f 2135 1716 478
f 1472 1713 1653
f 1514 2148 2246
f 308 1316 1011
f 2049 753 46
f 611 360 36
f 1025 615 310
f 1970 2011 1879
f 407 1773 2278
f 2295 2228 1967
f 1921 1900 306
f 1312 1584 1721
f 1957 509 609
f 1032 1972 1180
f 2050 2327 2251
f 772 1264 321
f 2001 1585 2091
f 1869 1938 1895
f 1289 1615 1931
f 1919 1739 1920
f 816 1307 1864
f 1003 460 326
f 966 965 1714
f 45 2147 2204
f 514 1495 247
f 1884 2023 2003
f 353 508 998
f 770 998 508
f 511 783 594
f 2309 2385 2140
f 340 2046 2045
f 51 2251 2328
f 2056 1834 1900
f 1139 333 1136
f 1873 1968 1832
f 2066 336 1957
f 2373 2071 269
f 602 513 335
f 1941 1963 2098
f 347 1572 343
f 2086 2294 2470
f 2122 1281 654
f 2168 2180 2011
f 2085 2011 2180
f 2056 2118 2097
f 347 2144 1572
f 93 1495 1945
f 1946 2104 2074
f 2309 2524 2385
f 2524 2309 2135
f 2486 2445 2131
f 2486 2131 2263
f 1961 2028 307
f 1921 307 2028
f 2172 2216 2057
f 2135 478 2516
f 2161 2065 2160
f 2440 2411 39
f 1724 102 2198
f 2721 730 2520
f 97 523 1321
f 2163 947 2113
f 45 2062 2586
f 2249 759 342
f 342 593 2249
f 2266 2215 2305
f 2271 948 2161
f 2266 2118 1921
f 2779 2678 730
f 593 2321 1194
f 96 110 2238
f 651 1254 2004
f 1834 2046 340
f 1069 1068 1331
f 2280 2346 2197
f 2260 2318 2182
f 547 720 2487
f 794 978 775
f 2035 1927 2027
f 1067 1200 1017
f 2188 2235 2349
f 2472 2407 2091
f 597 685 684
f 2302 113 2285
f 264 2524 622
f 2341 1194 110
f 1321 678 97
f 2330 2357 2267
f 1873 1832 1722
f 236 2803 2789
f 2383 1478 106
f 2355 2230 2325
f 2257 2349 2379
f 2379 2429 2350
f 2374 2350 2429
f 2374 2412 2281
f 1072 1073 1071
f 2391 2182 2450
f 2415 2375 2299
f 2265 2418 2435
f 2324 2418 2265
f 2324 2291 2434
f 988 987 1158
f 2323 2403 1336
f 2424 2348 1206
f 2424 2377 2348
f 2437 2379 2395
f 2429 2379 2437
f 283 550 2413
f 249 729 536
f 2465 942 2488
f 2753 2758 2699
f 2673 2606 2726
f 2570 2478 2435
f 2519 1079 2536
f 129 2458 2514
f 283 282 550
f 1312 2625 2040
f 2427 2659 2792
f 385 731 2798
f 119 1083 133
f 2506 2566 2485
f 729 131 2496
f 371 2575 2530
f 2747 2823 2780
f 2500 2565 2541
f 2565 2500 2559
f 2487 2605 282
f 2523 2562 2501
f 2489 2642 2629
f 2661 2489 2629
f 2661 2594 2489
f 2628 1207 2594
f 2594 1207 2531
f 964 10 983
f 2509 2436 2646
f 2521 381 2643
f 2618 1203 129
f 2472 2660 2664
f 2661 2637 2594
f 2490 2609 2138
f 969 2843 1130
f 1872 2039 2018
f 1961 1872 2018
f 457 973 23
f 2775 2849 2901
f 1926 2021 1960
f 1455 467 2888
f 2434 2638 379
f 2912 1376 980
f 2912 2879 2913
f 980 2879 2912
f 2643 381 682
f 2461 2677 2535
f 2675 2646 2436
f 2449 1228 2677
f 969 1130 90
f 148 2769 2490
f 968 90 91
f 2996 2998 463
f 1451 738 1130
f 738 1451 441
f 869 2740 1219
f 2977 2949 2999
f 2949 2468 2999
f 2865 2999 2468
f 2776 2761 2663
f 2490 2552 2834
f 1349 2634 2517
f 2706 2782 2734
f 2623 2665 2760
f 2785 802 2730
f 329 1940 1054
f 1939 1053 1959
f 1429 1346 873
f 2844 236 2789
f 2829 2828 2790
f 2711 2899 2955
f 841 9 2957
f 2557 3064 3052
f 2863 2824 2864
f 2952 3012 3126
f 1884 2017 1920
f 2876 2906 2883
f 692 2788 869
f 952 2625 1312
f 2815 2848 2710
f 2914 1088 385
f 2897 548 1192
f 2552 2880 2893
f 2896 2933 2907
f 2861 2935 2896
f 2956 65 1562
f 818 171 548
f 233 548 171
f 779 1957 1937
f 233 162 683
f 1937 1957 609
f 2757 2980 2798
f 3046 2946 3010
f 2932 2937 2958
f 2582 3075 3010
f 2932 2958 2894
f 820 389 2894
f 2953 679 2899
f 222 697 717
f 392 11 2844
f 3002 2969 2992
f 1133 3080 2557
f 2813 3088 2564
f 3088 2745 2564
f 2564 2745 2676
f 1872 1805 1962
f 1562 3160 2707
f 2992 210 3002
f 956 101 468
f 2132 3096 676
f 109 676 3096
f 696 3034 394
f 2715 2610 2956
f 2760 2857 2850
f 1783 1941 1884
f 2941 2495 1974
f 2326 2495 3174
f 3097 2882 2778
f 2778 3061 3097
f 563 519 827
f 2852 3005 462
f 1327 3005 952
f 3097 2774 2882
f 2709 2610 2084
f 1602 1133 2557
f 3042 3120 3001
f 126 2582 1125
f 1181 1922 1852
f 2439 2372 2446
f 563 786 519
f 872 219 512
f 1046 1414 1401
f 1652 2564 1977
f 464 2538 2259
f 3100 3144 3068
f 3138 3117 400
f 1605 2137 443
f 2388 1893 1844
f 192 3105 209
f 3103 2931 2979
f 3103 2701 2931
f 1604 1833 2132
f 192 3098 3155
f 1345 3173 1360
f 1360 186 1345
f 2832 567 3154
f 3016 2918 3171
f 3055 2890 3153
f 1345 3166 3175
f 3044 3041 3159
f 1344 3179 3041
f 1344 2708 3179
f 2051 1844 1501
f 705 1162 3023
f 3122 3125 3023
f 3023 3125 705
f 115 275 448
f 406 568 1548
f 1345 2620 2026
f 1703 1328 1563
f 3008 2795 2513
f 2795 2145 2513
f 130 448 275
f 1579 1487 1542
f 1535 937 1558
f 2176 2316 2640
f 1092 187 2608
f 1167 132 1486
f 2619 2459 2474
f 2402 2159 1074
f 1486 1379 1167
f 380 2816 161
f 2563 2076 2026
f 1367 1435 1590
f 2159 2402 2296
f 2200 664 183
f 548 233 2684
f 1858 1793 1926
f 2079 2414 2453
f 2781 2863 2864
f 1824 2314 2366
f 1493 1116 2192
f 1407 1371 1214
f 229 858 1221
f 174 418 206
f 1167 1329 1173
f 1173 1381 1066
f 2153 1986 571
f 1839 1587 1358
f 1255 636 2032
f 571 1466 573
f 1714 1771 1895
f 782 315 1743
f 315 327 1743
f 791 327 366
f 636 574 176
f 924 1111 685
f 1986 1861 1466
f 1861 1860 1466
f 993 879 341
f 1592 1373 1591
f 1447 1357 1824
f 1860 1600 1583
f 1785 1571 1784
f 1785 1574 1571
f 1734 1582 1526
f 388 6 80
f 111 6 388
f 1714 247 497
f 1569 1574 1473
f 1527 1477 1583
f 31 29 12
f 29 31 19
f 1475 1473 1574
f 1574 421 1475
f 1538 1475 421
f 629 377 356
f 346 281 12
f 736 346 105
f 771 689 432
f 771 784 689
f 1823 1801 1874
f 1823 1874 1843
f 1477 1389 1365
f 1373 538 1333
f 2884 2781 2864
f 672 1292 887
f 1341 484 1361
f 1318 1090 1313
f 1318 1276 1090
f 1309 914 1175
f 916 915 861
f 917 916 861
f 707 1106 1288
f 1320 1412 217
f 689 958 944
f 672 60 281
f 887 60 672
f 60 887 814
f 1050 638 1030
f 1292 1250 1419
f 492 851 1318
f 1365 1416 1441
f 2778 2882 2725
f 1416 1261 1441
f 145 452 787
f 313 686 889
f 1510 1409 1473
f 845 993 858
f 945 923 1066
f 558 582 1469
f 1469 581 558
f 927 922 27
f 1497 1378 156
f 1830 791 366
f 130 435 361
f 1106 1459 1462
f 1381 1173 1329
f 1111 1501 1435
f 1420 1377 1387
f 1420 1340 1322
f 856 1552 1508
f 1552 856 1437
f 1508 1502 856
f 1400 1553 1437
f 1282 1400 232
f 1460 1292 1567
f 1282 1442 1400
f 443 1339 1397
f 1434 443 1397
f 1443 1486 1542
f 1535 1511 1372
f 1745 1683 1840
f 849 844 173
f 1603 1522 1487
f 229 1406 1328
f 2909 2824 2908
f 1497 156 846
f 2824 2923 2908
f 1790 1811 1647
f 1902 1582 1734
f 2824 237 2923
f 1790 1647 1789
f 2343 2272 1558
f 1835 1373 2013
f 2372 464 2259
f 2195 2016 2256
f 883 1498 183
f 1657 1794 1715
f 2137 1605 2759
f 2784 2950 2141
f 1555 2787 1652
f 1323 160 116
f 1156 187 702
f 2480 2195 2308
f 1116 1565 2192
f 2707 2715 2956
f 1652 2813 2564
f 2966 2610 3036
f 2015 2191 840
f 2459 2518 2162
f 2162 2032 2459
f 2090 2557 2256
f 2370 1447 2640
f 107 455 459
f 952 16 1290
f 457 109 955
f 3147 3007 3145
f 2974 2308 3058
f 2546 1113 2381
f 413 195 569
f 413 569 187
f 2686 198 197
f 2865 1107 3161
f 198 1601 193
f 2963 3006 2910
f 3017 2972 955
f 2013 2836 840
f 2989 2406 2902
f 88 2 2877
f 732 568 406
f 2062 81 2953
f 568 1092 1548
f 1130 2843 1295
f 2900 2765 2875
f 2640 2316 2900
f 2370 2640 2773
f 2792 2659 437
f 2585 1459 2869
f 2468 1158 2865
f 2799 1345 2026
f 401 2851 836
f 262 260 1105
f 2546 2192 2942
f 2589 984 2796
f 3166 1345 2799
f 2812 2082 2813
f 64 467 28
f 1300 1386 2699
f 1300 2699 2810
f 3053 2770 3178
f 1694 1809 1753
f 1694 1753 1741
f 2170 2773 3109
f 2754 2700 35
f 3178 3085 3053
f 2890 3084 3153
f 35 2532 986
f 2680 2617 2719
f 2635 2719 2617
f 1679 1709 1754
f 622 2604 985
f 1348 871 3016
f 1997 2001 2407
f 1765 1709 1740
f 760 3138 877
f 645 2635 2617
f 3143 664 2922
f 622 2516 2602
f 1724 1801 1723
f 3025 2314 3127
f 1704 1801 1625
f 2503 269 2556
f 3173 3175 3144
f 3140 3144 3175
f 2922 2613 3087
f 2511 2528 2061
f 2896 2935 2934
f 2579 2224 2606
f 2896 2934 2933
f 786 190 1244
f 996 2246 2532
f 2001 2091 2407
f 2427 2243 472
f 3100 1360 3173
f 2203 1097 2447
f 2934 2935 717
f 2873 1710 2919
f 623 1273 476
f 1308 268 476
f 1891 2062 45
f 1298 1744 1736
f 2292 1934 1684
f 2060 2243 2427
f 1966 2359 2493
f 2224 1966 2493
f 2820 2893 2919
f 1273 634 476
f 476 634 2290
f 767 1686 307
f 2155 1274 2277
f 2071 2409 2275
f 1967 2253 2315
f 2295 1967 2315
f 2315 2019 2295
f 626 2052 1006
f 1176 2052 626
f 2173 1891 45
f 2869 1060 2859
f 2915 2866 2732
f 2050 2155 2277
f 2246 2148 2124
f 3105 3066 3092
f 2991 3092 3037
f 3073 209 2991
f 1671 1966 2224
f 1391 1671 1009
f 1514 2070 2184
f 3071 554 3038
f 3034 3062 565
f 696 3047 3063
f 3034 696 3063
f 818 3049 213
f 3037 2954 2991
f 2108 1849 2086
f 2048 2047 1964
f 1015 2044 2047
f 1752 2040 1911
f 1729 1676 1636
f 555 3038 554
f 1949 2103 1797
f 2103 1966 1797
f 1694 1729 1636
f 2012 2009 1948
f 1678 1907 1863
f 1052 530 394
f 2894 2958 813
f 1584 1666 1721
f 1705 1906 1924
f 1924 1568 1517
f 1233 3021 2991
f 488 1638 1903
f 1638 1885 1903
f 2818 2927 2940
f 1707 55 1636
f 1728 1810 1633
f 1788 1707 1640
f 1637 48 296
f 1669 1670 1720
f 1727 1660 1682
f 1738 1668 1689

