# https://github.com/mikedh/trimesh
v -0.22620925 -0.29503000 0.29888201
v -0.24310334 -0.29276967 0.29577491
v -0.30140826 -0.28944975 0.30345601
v -0.19931966 -0.29387885 0.29493538
v 0.29672688 -0.29260093 0.28548318
v 0.30114156 0.05363960 -0.28103527
v -0.14245838 -0.29699612 0.29747376
v -0.02632244 -0.30112714 0.28969032
v 0.29822779 -0.00471003 -0.28797737
v -0.00220900 -0.29794350 0.28549361
v -0.09557538 -0.29797450 0.29530486
v 0.30305839 -0.07232863 0.30716163
v 0.30197874 -0.09311903 0.30264530
v 0.29808822 -0.29051998 0.23613937
v -0.00569750 -0.30112344 0.27827376
v -0.30136511 -0.28878441 0.33448687
v -0.02235775 -0.29982749 0.30121624
v 0.29792401 -0.29068738 0.30435038
v 0.29513305 -0.29024431 0.44221881
v -0.30310774 -0.17809488 0.33251476
v -0.10808356 -0.29758832 0.30211407
v -0.06637875 -0.29861104 0.30152553
v -0.11522400 -0.29962900 0.30977401
v 0.29396063 -0.29658550 -0.32723024
v -0.00456800 0.30096251 0.37674850
v 0.28338826 -0.28827724 0.44052699
v 0.30022240 0.08990694 -0.28430083
v -0.29647177 -0.29381502 -0.29170582
v -0.06290631 -0.30107793 0.30605251
v -0.30292049 0.00008163 0.36495587
v 0.30131501 0.14617315 -0.27731597
v -0.28307551 -0.29269624 0.32589099
v 0.30307800 0.20194376 -0.27264100
v 0.00023550 -0.29781225 -0.30114487
v -0.30372325 -0.22453350 0.30647975
v -0.01655475 -0.30121201 0.30698863
v 0.29748034 -0.29341224 -0.33927381
v -0.30291530 -0.17852913 0.31014374
v -0.00080094 -0.29832253 0.30826607
v -0.30100989 -0.25410247 0.30218610
v -0.29511449 0.29548550 0.44063449
v 0.29336137 -0.29677588 -0.35998699
v 0.30149025 0.29359090 -0.23203847
v 0.30046573 -0.19779979 0.30299559
v -0.29362252 0.29538468 -0.23837353
v -0.22934724 -0.29598156 0.33080670
v -0.09894750 -0.29673049 0.32282799
v -0.27820775 0.27626225 -0.43916225
v -0.30203786 -0.01488988 0.38024801
v -0.11864194 -0.29711744 0.32542524
v 0.29999363 -0.00770025 -0.29883438
v -0.29984000 -0.29082501 0.30310401
v 0.01087000 0.30071500 0.41147101
v 0.00629625 0.30111262 0.41725326
v -0.00014000 -0.29817399 0.31501099
v 0.30178493 0.22282515 -0.27645174
v -0.09657557 -0.29733524 0.32720506
v 0.01204200 0.30180201 0.41886300
v 0.27258688 -0.29341552 0.44232136
v -0.09448900 -0.29867801 0.32897401
v 0.29046100 -0.29367200 0.30567151
v 0.29891446 0.08494753 -0.28850773
v 0.30226988 0.19251637 -0.28251138
v -0.02376225 -0.30292901 -0.33748367
v -0.30088362 0.03009352 0.40232143
v -0.28471649 0.29733449 0.44040751
v 0.29562747 -0.29281953 0.34599185
v -0.22985375 0.29844031 0.44102305
v 0.00554625 0.29788005 0.43019438
v 0.29358625 0.29752576 -0.26723051
v -0.20965363 0.29588136 0.44229007
v -0.29442099 0.29206300 0.44611299
v 0.30062029 0.05366544 -0.27648380
v 0.02468400 0.29954201 0.42434400
v -0.29346615 0.26965648 0.44558775
v -0.23590313 0.29521558 0.44188201
v -0.23188449 0.29201338 0.44464713
v 0.29994750 0.14292274 -0.29575625
v 0.29980275 0.23574024 0.39300838
v -0.16986150 0.29480463 0.44133812
v -0.19233587 0.29479778 0.44139111
v 0.02547200 0.30035651 0.42919499
v 0.00141338 0.30136350 0.34135875
v -0.00079862 -0.29690951 0.24525826
v -0.30416813 -0.06729281 0.31292030
v -0.30294839 -0.12816063 0.29371575
v -0.09140900 0.29918125 0.43990949
v -0.00304050 -0.30486101 -0.34622151
v 0.30019832 0.19458900 -0.29071161
v -0.05207988 0.29773149 0.44086200
v -0.12686685 0.28595105 0.44428053
v 0.00302000 -0.29991001 -0.35075524
v -0.09746600 0.29143924 0.44339076
v 0.01899569 0.29879493 0.43555444
v -0.29479295 0.19309206 0.44528681
v -0.29156974 0.23466671 0.44618496
v 0.30016133 0.18107586 -0.28689724
v -0.04318869 0.29143739 0.44271833
v 0.01036538 0.29585275 0.43462512
v 0.30141136 0.21693131 0.41336170
v 0.30269057 0.23813368 -0.28140232
v 0.29811451 -0.29031524 0.34183201
v 0.29753783 -0.08529936 -0.28767624
v 0.30063444 -0.07455925 -0.28098932
v -0.29189026 0.19034512 0.44605350
v 0.30108663 0.29504412 -0.27668974
v 0.09149350 0.29342175 0.44116524
v 0.09006456 0.29627427 0.44272196
v -0.00260075 -0.29713151 0.35389099
v 0.30225050 0.03608300 -0.27098125
v 0.29374558 0.06444384 0.44002336
v -0.29500031 0.09881412 0.44507745
v 0.11061781 0.29576239 0.44304359
v -0.30323535 0.12619975 0.32538313
v 0.17625400 0.29258451 0.44069001
v 0.29612556 -0.29578269 -0.34933075
v 0.23140790 0.29216728 0.44028524
v 0.30206126 0.24751925 0.43167451
v 0.23045075 0.29666150 0.44146949
v 0.25797874 0.29114649 0.43994576
v 0.29952401 0.29657501 -0.28724799
v 0.27721199 0.29177213 0.44001001
v -0.30306950 -0.08116388 0.29472613
v 0.30147785 0.26684132 -0.29324576
v 0.28029725 0.29295292 0.44280106
v 0.25934094 0.29299444 0.44250357
v 0.27665281 0.28157243 0.44096443
v 0.27823833 0.27243119 0.43973020
v -0.00135650 0.29916498 0.33075982
v 0.28277555 0.26710534 0.44177553
v -0.18530512 -0.29672650 0.37679699
v -0.00104287 -0.29966375 0.36413538
v -0.08607500 -0.29708299 -0.34072500
v -0.00503250 -0.30124226 0.23096900
v 0.29804692 -0.29100204 0.04282584
v 0.29413337 0.23666388 0.43758261
v 0.28302899 0.22320750 0.44103301
v 0.09918221 0.29982656 -0.27773416
v 0.30345276 0.11534438 0.42212999
v 0.29440799 0.18624216 0.43859476
v -0.18892938 0.29992700 0.34701276
v 0.02894088 -0.29729274 -0.30037349
v -0.30462351 -0.02166950 0.28842449
v 0.29632899 -0.29260299 0.38982001
v 0.04596019 0.06983181 0.44056782
v -0.29747745 -0.04410863 0.44238916
v -0.29469559 -0.13645887 -0.31585744
v 0.30054775 -0.05420600 -0.27618325
v -0.00637081 0.30144808 0.33828309
v 0.30298251 0.27439651 -0.29909751
v 0.01329613 -0.29786137 -0.29681051
v 0.29931849 0.29659525 -0.29542875
v 0.16849725 0.29872912 -0.28622019
v 0.23971200 -0.29748675 0.44182199
v 0.30113506 0.29509443 -0.29126689
v 0.09697606 0.30154687 -0.28116083
v 0.30042136 0.25842246 0.30142671
v -0.29663774 -0.14323206 0.44446540
v 0.16650161 0.29790798 -0.29273742
v 0.29641199 0.29341599 0.27765101
v 0.00038263 0.30145907 0.32265243
v 0.01106375 0.30203187 -0.27830362
v 0.27620476 0.14338337 0.44198564
v 0.29356459 0.13644899 0.43853033
v -0.29473752 -0.08546511 0.44568899
v 0.30262864 0.26135668 -0.31162676
v -0.30312288 -0.01262338 0.29354462
v 0.03739850 0.29959568 -0.28676689
v -0.17247219 -0.29350981 -0.28333876
v -0.13403925 -0.29385218 -0.28526419
v 0.04526959 -0.01165459 0.44010144
v 0.29805514 0.05882176 0.43729705
v -0.01173588 0.30171087 0.32346714
v 0.29969960 -0.21736281 -0.29839233
v 0.00990825 0.30150938 -0.28799301
v -0.28794301 0.29785049 -0.43478900
v -0.00245016 -0.29745880 0.39340112
v -0.29422837 -0.16746256 0.44598421
v 0.29818794 -0.29068059 0.18639584
v 0.28889120 0.04557144 0.44276994
v 0.27460426 0.02821138 0.44309533
v -0.19504462 -0.29459158 0.09582575
v 0.02651281 0.30297637 -0.29370892
v 0.00800025 0.30365539 -0.29614249
v 0.25769976 0.01283000 0.44345838
v 0.29059601 0.00202600 0.44099250
v -0.29660648 -0.21726960 0.44456211
v 0.28298575 0.01478687 0.44236314
v -0.00024675 -0.29896313 0.41895112
v -0.28950876 -0.19234587 0.44651982
v 0.29431957 -0.02816981 0.43908951
v 0.28269124 -0.01819450 0.44260064
v 0.26134601 -0.04418500 0.44405499
v 0.28388801 -0.05412500 0.44358799
v -0.29249549 -0.29344350 0.44117549
v -0.26250815 -0.29111591 0.44289848
v 0.25719374 -0.07422250 0.44293162
v 0.29394138 -0.29695985 -0.39966220
v 0.27572799 -0.11372125 0.43919250
v 0.30041784 -0.13695206 -0.28065476
v -0.00945000 0.30148801 0.31583399
v 0.22313337 -0.29676187 0.41867536
v 0.27256292 -0.11860023 0.44213676
v 0.26309350 -0.10630750 0.44195899
v 0.28726149 -0.29482675 0.43894726
v -0.00546012 -0.30463150 -0.40948811
v 0.24598591 -0.12370566 0.44276294
v 0.30150712 0.21064106 0.27676219
v 0.28848726 -0.13111874 0.44184670
v 0.10492537 -0.29733798 -0.29744521
v 0.29795831 -0.13920155 -0.28508955
v -0.02075450 -0.29692751 0.43467876
v -0.00385923 -0.29585838 0.43044290
v -0.13149862 -0.28909338 0.44334880
v 0.11847125 -0.29605681 0.41890001
v 0.29733539 -0.14173450 0.43759844
v -0.30017599 0.28301126 0.32704625
v 0.01504825 -0.29775938 0.43465480
v 0.03969850 -0.29951388 0.43156701
v -0.08136912 -0.29391232 0.44013670
v -0.12017319 0.30178937 0.31912306
v -0.06841400 -0.28931975 0.44281462
v -0.00357475 -0.29342300 0.43654025
v 0.00029000 -0.30154151 -0.40574351
v -0.00487881 -0.29394230 0.43949822
v 0.01513609 -0.29802942 0.43868634
v 0.00457055 -0.29333922 0.44045100
v 0.22827463 -0.30214900 -0.42010051
v 0.29180688 -0.16418657 0.44019231
v -0.04763431 -0.29290724 0.44059345
v 0.30005899 -0.20096099 0.43561199
v 0.27441731 -0.18906856 0.43943593
v 0.25501561 -0.21085769 0.44189942
v 0.11454050 -0.29838377 0.43151346
v -0.29907820 -0.29148766 0.21986806
v 0.16557547 -0.29878286 0.43167558
v 0.28884226 -0.20976301 0.44006950
v 0.06164047 -0.29551667 0.44281617
v 0.10136919 -0.29202238 0.44078869
v 0.10458805 -0.29778475 0.43997204
v 0.26855287 -0.29586288 0.42117137
v 0.15311512 -0.29140869 0.44037142
v 0.28934225 -0.23352274 0.44063926
v 0.28077024 -0.23571900 0.44056115
v 0.29559472 -0.24809518 0.43830669
v 0.11113692 -0.29495987 0.44273710
v 0.12870513 -0.29179227 0.44088113
v 0.25496009 -0.29756171 0.43503657
v 0.25499675 -0.25113374 0.44185114
v 0.29701161 -0.28439638 0.43810225
v -0.30375919 0.04341400 0.29049250
v 0.27236569 -0.30002788 -0.42917913
v 0.23663788 -0.29756176 0.43576249
v 0.21844652 -0.28759667 0.44079465
v 0.23752695 -0.29257813 0.43968996
v -0.29067126 0.10302000 -0.32095674
v 0.29123425 -0.28552824 0.44105199
v -0.28206536 0.29731312 0.32395864
v -0.21652600 0.30317599 -0.43328050
v -0.15623800 0.30291000 -0.43351701
v 0.18654650 -0.30125663 -0.42752224
v 0.30204901 -0.05670700 -0.27273601
v 0.29451188 -0.29629776 -0.43251613
v -0.04743388 -0.30108726 0.20608850
v 0.08801900 -0.29502636 -0.29360500
v -0.28355399 0.18762575 -0.43791449
v -0.28592876 0.13010874 -0.44123626
v 0.01635425 0.29822499 -0.43434176
v -0.24988163 0.11978562 -0.44348276
v -0.25768301 0.11276700 -0.44157299
v -0.08357500 -0.30193749 -0.41906849
v -0.26040938 0.08427387 -0.44256139
v 0.16419931 -0.30179280 -0.42968231
v 0.10027381 -0.30065799 -0.42927304
v -0.25773951 0.09718100 -0.44158950
v -0.28510174 0.03183050 -0.44535601
v -0.25072038 0.06957488 -0.44402063
v -0.19193088 0.08947375 -0.44335636
v 0.28831524 -0.27488700 -0.43539050
v 0.29492974 -0.29351550 0.18813349
v 0.21803719 0.30081561 -0.43347225
v -0.12917100 0.10677900 -0.44142139
v 0.02048469 -0.29851115 -0.28310278
v -0.28390461 0.01608900 -0.44469789
v -0.18311425 0.06313600 -0.44281325
v 0.03759600 -0.29538774 0.20525025
v 0.11908957 -0.29340765 -0.43358189
v 0.06946500 -0.30238399 -0.42835301
v -0.15890762 0.06435438 -0.44200799
v 0.30026126 -0.26374045 0.18504094
v -0.08814300 0.11434150 -0.44025701
v 0.30009052 -0.11824144 -0.27626806
v 0.29445300 0.29361200 -0.43625501
v 0.25400072 0.10708959 0.44273540
v 0.29550287 -0.21297482 -0.42977524
v -0.08755250 0.10750600 -0.44044650
v 0.24939457 -0.29394549 0.18744349
v -0.28360805 0.01087905 -0.43899390
v 0.03835353 -0.30173543 -0.42753878
v -0.30362824 0.12659732 0.29628012
v 0.29479101 0.26865238 -0.43572488
v -0.05889590 0.09823219 -0.43982404
v 0.02382225 0.13872212 -0.43879244
v -0.28643689 0.00229775 -0.44043437
v 0.27700174 -0.29761037 -0.29827288
v -0.14350162 0.04913925 -0.44168013
v -0.06383025 0.09112763 -0.43973207
v -0.30338287 0.16741988 0.29743111
v -0.28568801 -0.01007000 -0.44224301
v -0.05653225 0.08408894 -0.44002080
v -0.28647426 -0.03767662 -0.44282213
v -0.02616306 0.29768881 0.29536593
v -0.02566469 0.09004325 -0.43885788
v 0.03778575 0.12422819 -0.43872181
v 0.07588562 -0.29362231 -0.43367556
v -0.28434658 -0.02483264 -0.43999088
v -0.03973841 0.09545122 -0.43947825
v -0.00688000 0.10814387 -0.43846312
v 0.03856527 -0.29750189 -0.42929757
v 0.01535556 0.10970919 -0.43864581
v 0.01627606 -0.29329976 -0.43407419
v 0.25118884 -0.29567525 -0.29426530
v -0.28588811 -0.04281122 -0.44476593
v -0.00312125 0.09756412 -0.43880314
v 0.02253222 0.10428634 -0.43847051
v 0.00191297 0.30203319 -0.34858486
v 0.05512303 0.11204428 -0.43862244
v 0.04077675 0.11083706 -0.43875933
v 0.08786737 0.13565297 -0.43867058
v 0.07601025 0.12095453 -0.43846843
v -0.02023287 0.07421613 -0.43870613
v 0.03452844 0.10075825 -0.43854293
v -0.29966599 0.29219100 0.29181299
v -0.30066186 0.28397334 0.30575600
v 0.11584534 0.13726443 -0.43896893
v 0.00008828 -0.30050862 -0.28116488
v -0.28505501 -0.07940613 -0.44617149
v -0.28322938 -0.05060038 -0.44085649
v -0.29105216 -0.04511638 0.44603074
v 0.11268025 0.12348406 -0.43890604
v 0.01453000 0.07998025 -0.43799901
v 0.13959156 0.13378282 -0.43894562
v -0.28410295 -0.07370106 -0.44093493
v 0.06896475 0.08953787 -0.43808067
v 0.13033025 0.10411038 -0.43879178
v 0.13419041 0.11462397 -0.43875828
v 0.11550569 -0.29491130 -0.28571603
v -0.00601663 -0.29475194 -0.43369219
v 0.00057138 0.30340418 -0.39536974
v 0.18657006 0.13865475 -0.43896380
v -0.28612182 -0.10936175 -0.44218019
v -0.06359156 0.29661101 0.29447556
v 0.09181509 0.09274565 -0.43815044
v 0.29888225 0.23433350 -0.42189726
v 0.14772394 0.10014300 -0.43892926
v 0.18721244 0.11871869 -0.43870500
v 0.24960506 0.13527276 -0.43894765
v 0.21664836 0.12158950 -0.43893734
v 0.19276032 0.10427313 -0.43860036
v 0.24750675 -0.29474050 0.44257605
v 0.25054449 0.12440450 -0.43906400
v -0.12695409 -0.30071545 -0.42837459
v 0.16411693 0.08317656 -0.43851700
v 0.24908175 0.11631150 -0.43880686
v -0.27415049 -0.13192800 -0.44165650
v 0.18369590 0.08285575 -0.43855256
v -0.28482425 -0.16975699 -0.44555050
v 0.29987788 -0.21955344 -0.27968645
v -0.28702030 -0.13513938 -0.43976063
v -0.07680906 -0.29272312 -0.43446106
v 0.24587612 0.08618937 -0.43818751
v -0.28198338 -0.19335887 -0.44516209
v -0.29290321 -0.17924565 -0.43543109
v -0.29217413 -0.11530463 -0.43153512
v -0.16276863 -0.29596815 -0.43195239
v -0.16214521 -0.29925844 -0.43083924
v -0.16974050 -0.30056655 -0.42850208
v 0.29276612 0.13156338 -0.43706432
v 0.29613996 -0.07066070 -0.42949390
v -0.28548399 -0.17985575 -0.43983176
v -0.00288600 -0.29893214 0.07494900
v -0.12796642 -0.29314482 -0.43440846
v -0.09683781 0.29828343 0.29055950
v -0.28565362 -0.20279349 -0.43928438
v -0.28620324 -0.21876188 -0.44257170
v -0.28656101 -0.24482650 -0.43901551
v -0.29429799 -0.28774351 -0.43601900
v -0.27632865 -0.24819376 -0.43848789
v -0.27171224 -0.23156400 -0.43901625
v -0.29371387 -0.16419449 -0.42457038
v -0.00741877 -0.06232734 -0.43646431
v -0.23713163 -0.29848099 -0.43167943
v -0.20309719 0.29532117 0.29355916
v 0.16148794 0.29708463 0.27693975
v -0.29620102 -0.24198318 -0.43066043
v -0.18978439 -0.29281878 -0.43478397
v 0.29522210 0.01682034 -0.43373677
v -0.30156395 0.20949306 0.29355699
v 0.00339092 0.30428892 -0.36355871
v 0.00022025 0.30103475 0.28418824
v 0.00284644 0.30095181 -0.36495245
v -0.29535499 -0.29443499 -0.43338051
v 0.30072376 0.24734287 -0.39750826
v -0.27966174 -0.29323614 -0.43517593
v -0.29725951 -0.29202276 -0.42878425
v -0.00856800 -0.27961051 -0.43476799
v -0.23999549 -0.29276180 -0.43503943
v -0.21130997 -0.29706213 -0.43240631
v 0.00546500 0.30470100 -0.34031725
v 0.00025491 -0.29619384 0.18828991
v -0.12101296 -0.29793775 -0.43116999
v -0.17658044 0.29726806 0.29069614
v -0.05328936 -0.29768157 -0.43101543
v 0.01334187 -0.28327546 -0.43517628
v 0.07456200 -0.23651187 -0.43516299
v 0.00966684 -0.29971713 -0.43010324
v 0.00541775 0.30440000 -0.32457501
v 0.21294691 -0.29460236 -0.28625396
v 0.29741031 -0.29048869 0.43736961
v -0.08425000 -0.30098099 -0.42773899
v -0.29133350 -0.29254499 -0.43613401
v 0.02400150 -0.30262163 -0.42448962
v 0.29416195 -0.15541735 -0.43351582
v -0.29120550 0.15265638 -0.31781325
v 0.13193440 -0.30269158 -0.42648089
v 0.28350785 0.12515709 0.44145828
v 0.29647213 0.03541163 -0.42992789
v 0.20519049 -0.30222476 -0.42658126
v -0.00481600 -0.30277050 -0.42428249
v 0.28800476 -0.28795025 -0.43428949
v -0.29251438 0.29670528 -0.28434661
v -0.29780212 -0.29212406 -0.39656776
v 0.15150525 -0.29854551 -0.28245962
v 0.28534082 -0.29913455 -0.41208857
v 0.18901636 -0.29725474 -0.28345573
v 0.30247450 0.26390362 -0.33003950
v -0.28906754 -0.01140037 -0.40472320
v -0.00367372 -0.30512622 -0.38632172
v 0.03119856 0.29984394 -0.28959993
v 0.29725999 -0.29324448 -0.39213976
v -0.29846901 -0.29186100 -0.35885900
v 0.08808365 0.29917353 -0.29234973
v 0.08718593 0.30142102 -0.29604217
v 0.05978697 -0.29865062 -0.27521315
v 0.15334000 -0.29886600 -0.27975050
v 0.23697688 -0.29794601 -0.28170139
v 0.29701799 -0.29458311 -0.28716663
v -0.30151826 0.27375674 0.28863600
v -0.07783087 0.29963925 0.27463362
v -0.00285275 -0.30391049 -0.36050576
v 0.16275200 0.30056551 -0.28386000
v 0.02528881 0.30102286 -0.27695319
v 0.26177049 -0.29481322 -0.28634632
v 0.17965300 0.30029750 -0.28395551
v 0.00651181 0.30333480 -0.27064186
v -0.00492622 -0.30026802 0.18354818
v 0.00340731 -0.29999250 -0.27302870
v 0.30350962 -0.17489837 0.18259449
v -0.00238116 -0.29781702 0.16596650
v 0.00692263 0.30485350 -0.37948701
v -0.00058550 0.30271199 -0.37404138
v 0.30230606 0.22376744 -0.30029550
v 0.17227450 0.29860151 -0.27745050
v 0.13861103 0.30020320 -0.27228525
v 0.30095425 0.25640061 -0.28844881
v 0.29927799 0.29643199 -0.27698901
v 0.30279019 0.27653643 -0.28226402
v 0.27867249 -0.29756975 -0.28046381
v 0.30127087 0.15076581 -0.29939517
v 0.00030895 0.30102465 0.24568802
v 0.29763475 -0.29356474 -0.27552199
v -0.30072841 -0.28971231 0.10635418
v 0.26215741 -0.29671773 -0.27566954
v 0.30165121 0.25128707 0.22724524
v 0.29829648 -0.29047167 0.11953432
v 0.29992527 0.06293041 -0.29224554
v -0.00075987 -0.30011776 -0.33465680
v -0.29816601 -0.29197997 0.16976708
v 0.29967597 0.02244991 -0.29338354
v 0.00703369 0.30351639 -0.23342644
v 0.29651976 -0.29539925 -0.27571976
v -0.00225412 -0.29810709 0.12913665
v -0.29432926 0.29562551 -0.19036263
v -0.00558025 -0.30094126 0.12319000
v 0.30140269 0.26850331 0.19230093
v 0.29846984 0.29195026 0.22033960
v 0.29571548 0.29443470 0.18193454
v 0.30272001 0.13826500 -0.27189401
v 0.30293110 0.27319884 -0.25397456
v 0.00220225 0.30505776 -0.15290228
v 0.30311486 0.22215891 -0.24901412
v 0.19668449 0.08657631 -0.43816519
v -0.29685101 0.29540876 0.23807709
v -0.00144148 0.30122095 0.19837733
v 0.29876029 -0.08632250 -0.29154924
v -0.00654047 -0.30066380 0.09683532
v 0.29782486 0.29644236 -0.22426818
v -0.00265756 -0.30211908 -0.31357649
v 0.29510769 -0.29391840 0.07731552
v -0.00657469 0.30295199 0.18506218
v -0.00080425 -0.29993820 -0.29671565
v 0.28124252 0.13470531 -0.43863702
v 0.26893100 0.14663000 -0.43887499
v 0.26725864 0.12517041 -0.43888807
v 0.29912668 0.29167283 0.15843475
v -0.09418650 -0.29502201 -0.28685349
v -0.29357013 -0.29272512 0.12228500
v -0.26056600 -0.12694301 -0.44305900
v -0.00859400 -0.30145699 0.09313500
v 0.29017401 0.16122162 -0.43826076
v -0.30018133 0.27539715 0.20363300
v -0.07905069 -0.29606476 -0.22333243
v -0.29812682 -0.29235458 0.09723047
v 0.01751900 -0.29503751 -0.29196000
v 0.15230507 0.09257606 -0.43885595
v 0.01230275 -0.29626337 -0.28604063
v -0.02146100 -0.30077574 -0.28756851
v -0.28927392 0.29652807 0.20005414
v -0.00295838 -0.30057594 -0.22304706
v -0.30158001 -0.16387703 0.11836806
v 0.16470994 0.10149497 -0.43883771
v 0.11748707 0.09524044 -0.43863481
v 0.16269116 -0.29521757 -0.29346141
v -0.29833832 0.29308820 0.17965050
v -0.30164328 -0.27883524 0.08322922
v -0.00206100 -0.29943827 0.04767103
v 0.29933399 -0.28603750 -0.29838699
v 0.07692703 -0.29496953 -0.28586498
v 0.29522899 -0.29578501 -0.29482800
v 0.29769212 -0.29334545 -0.29934868
v 0.29730660 0.29609150 -0.15342382
v 0.29696006 -0.29323706 0.04368076
v 0.25341195 0.02592543 0.44262838
v 0.30031881 0.29464740 -0.15734056
v 0.26715925 -0.29748726 -0.23523726
v -0.29909775 -0.29166996 -0.24352203
v 0.29756200 -0.21373104 -0.28994969
v 0.08538587 -0.29934388 -0.28073132
v 0.29780224 -0.00813906 0.43764588
v -0.00008216 0.30443275 -0.11505156
v 0.13863926 -0.29530826 -0.28481686
v 0.24814101 0.14782900 -0.43893501
v -0.29642788 -0.29380897 -0.23670641
v 0.18221109 0.12541483 -0.43899736
v -0.28373301 -0.29430875 -0.19255425
v -0.29570657 0.29585055 0.14054269
v 0.29318312 0.20428625 -0.43732911
v -0.19852901 -0.29399326 -0.19356374
v 0.00013800 -0.29986799 -0.00379150
v -0.29815945 0.29239681 0.14857556
v 0.07098875 -0.29960674 -0.27091211
v 0.29781896 -0.29199740 -0.04422835
v 0.10631257 0.30096424 -0.18349300
v 0.00346481 0.30116993 0.11593094
v 0.14234725 -0.29808149 -0.27677599
v 0.00627775 0.30392975 -0.17955337
v 0.25047562 -0.29593080 -0.01193519
v -0.00005356 -0.29923993 -0.25458193
v -0.00568050 -0.30154699 0.01520100
v 0.11210750 0.11036643 -0.43872997
v 0.07501913 0.10138706 -0.43806282
v 0.29973018 -0.27182743 -0.01432269
v 0.30271569 0.27949071 -0.18807963
v -0.25928599 0.29682150 -0.43678200
v 0.30212268 0.26347885 0.06380628
v 0.05257103 0.10083260 -0.43842253
v 0.14830309 -0.29903954 -0.27088445
v 0.19102281 -0.29742488 -0.27522564
v -0.29242432 0.29702637 -0.15129757
v 0.00529284 0.30395132 -0.15746750
v -0.29981625 -0.29102895 -0.13362855
v -0.29834011 0.28655851 0.08834741
v -0.01755938 -0.30102462 -0.02066400
v 0.06464681 0.10810062 -0.43856433
v -0.29464671 0.29604152 -0.06621297
v 0.01240688 0.09944347 -0.43903151
v 0.30304635 0.26765636 -0.17503224
v 0.27384251 0.13004200 0.44038349
v -0.09034125 0.05755125 -0.43990958
v -0.10601103 -0.29763183 -0.01953788
v -0.06290738 0.06909250 -0.43921581
v 0.00378928 0.30221128 0.06113500
v 0.04091987 0.11732641 -0.43887174
v -0.00223988 -0.29998824 -0.03150075
v 0.29984754 0.29211342 0.05168459
v 0.03684553 0.13315071 -0.43882775
v -0.29714349 0.29416007 0.09423093
v 0.30052593 0.29299080 -0.08669641
v -0.00597225 0.11835094 -0.43900663
v -0.28944299 0.29895899 -0.40763301
v -0.27112663 -0.00357150 -0.44190806
v -0.26893401 -0.03194838 -0.44383675
v -0.29751924 -0.29294300 -0.01631725
v 0.29707026 0.29465473 0.06104166
v -0.29996151 -0.29144898 0.00285732
v 0.30413353 0.03789594 -0.01496553
v -0.29953080 -0.05273944 -0.15957014
v -0.12384994 0.06651887 -0.44114551
v -0.29997018 -0.28896844 -0.19770563
v -0.03087578 0.10929091 -0.43927205
v -0.10554300 0.08059700 -0.44166401
v 0.00032831 -0.29908431 -0.22136119
v 0.16308556 -0.29808450 -0.22297232
v -0.28761649 0.04496400 -0.43189925
v -0.28669399 0.07581000 -0.43476450
v -0.28836900 0.01736600 -0.43281800
v -0.29812139 -0.29298097 -0.18706700
v -0.29852203 0.24570981 0.05229511
v -0.00235862 -0.30030513 -0.05105741
v 0.00259367 0.30437827 -0.09047274
v 0.28371736 -0.27774525 0.44101888
v -0.00196781 0.30382097 0.02718728
v -0.30118832 -0.22649257 -0.02295250
v 0.25636125 0.17178075 0.44279200
v -0.11038425 0.09349150 -0.44121012
v -0.07038900 -0.29712150 -0.18980500
v -0.02410856 -0.29913437 -0.18707228
v 0.00206331 0.30291489 0.01464425
v -0.13180125 0.08247013 -0.44178861
v 0.30081162 0.28833419 0.01316309
v -0.11431784 0.30045360 0.03180766
v -0.15186612 0.09017237 -0.44238263
v 0.30299142 0.25039777 -0.10692590
v -0.17215288 0.08367525 -0.44323125
v -0.00514950 -0.30142850 -0.14022049
v 0.29659468 -0.29482731 -0.20256089
v 0.30174339 0.27000833 -0.01756205
v 0.30267429 0.26721179 -0.07591670
v 0.00175166 0.30217516 0.00350634
v -0.26158401 0.06015300 -0.44314051
v -0.29817623 0.25262979 0.02518672
v 0.29811624 -0.29111150 -0.15300988
v -0.29367411 0.29670474 0.00980288
v -0.29781216 -0.29288012 -0.06064370
v 0.10249350 0.29885849 -0.43150851
v -0.19316851 0.10764913 -0.44316524
v 0.27635938 0.29693025 -0.01103959
v 0.24918975 0.17393625 0.44337800
v 0.00507106 0.30373451 -0.03783137
v -0.25305200 0.07514100 -0.44427401
v -0.25270599 0.07472800 -0.44449201
v -0.25372300 0.07498100 -0.44445801
v 0.10367425 0.30004376 -0.01272775
v -0.00361313 0.30377176 0.00902363
v 0.01006325 0.30147150 -0.42946100
v 0.30223754 0.27398118 -0.04483931
v -0.00379000 0.30230725 -0.42747524
v -0.28376099 0.08483800 -0.44329399
v -0.28059700 0.07425700 -0.44540399
v -0.28164399 0.07357500 -0.44549900
v -0.28195524 0.07686925 -0.44419849
v 0.29777202 -0.29292569 -0.20313732
v 0.29684076 -0.29402822 -0.09592132
v -0.00077875 0.30423450 -0.00772225
v -0.29779819 0.22281791 0.00772228
v 0.14387800 0.29972249 -0.01784250
v -0.24034426 0.13606925 -0.44363624
v -0.29660589 0.29431713 0.03322295
v 0.30281836 0.25338420 -0.03318628
v -0.00486400 0.28349900 -0.43795699
v -0.09368900 0.30291900 -0.43204600
v 0.00376387 0.30285320 -0.01606250
v -0.00140863 -0.30031437 -0.08248125
v -0.01909100 0.29776999 -0.43434200
v -0.28219864 0.17359188 -0.43816736
v -0.07793350 0.29589450 -0.43671101
v 0.30227426 0.24511001 -0.01242650
v -0.29812115 0.27784234 0.03326720
v -0.14777750 0.29877299 -0.43230751
v 0.30217305 0.27044448 0.00469956
v -0.28582475 0.19360675 -0.44330424
v -0.26149851 0.25536299 -0.43781400
v -0.18855700 0.29659301 -0.43689799
v 0.07965550 -0.29906651 -0.06249500
v -0.28355399 0.27770099 -0.43610424
v -0.28589150 0.28377751 -0.43747199
v 0.29452062 -0.29497486 -0.05113662
v 0.21622266 -0.29562512 0.44269401
v 0.25982451 -0.29091600 0.43957525
v 0.26080039 -0.25381708 0.43997404
v 0.00048200 -0.29991150 -0.13655125
v 0.20715964 -0.29173449 0.44008201
v 0.28827378 -0.24883898 0.44003332
v 0.27873462 -0.25506362 0.43867099
v 0.29783413 -0.29208940 -0.11483888
v 0.29470032 -0.29535481 -0.15059513
v 0.26503801 -0.24636462 0.43891174
v -0.29676795 -0.29348588 -0.14591381
v -0.29261276 0.29692063 -0.06921698
v 0.10822318 -0.29875243 -0.04532600
v 0.04538841 -0.29747450 0.44136310
v 0.29466912 0.03580706 0.43870181
v 0.21333744 -0.29878899 0.43245125
v 0.13932700 -0.29782712 0.43584663
v -0.21144988 -0.29496956 -0.01841444
v 0.26014245 -0.20649850 0.43996814
v 0.06770139 -0.29195917 0.44078839
v 0.03296841 -0.29244071 0.44024143
v 0.02406680 -0.28965649 0.44194597
v 0.07099488 -0.29845417 -0.13441050
v 0.17756963 -0.29778236 -0.04189525
v 0.02529887 -0.29523182 0.44175744
v 0.28346100 -0.17376500 0.44185999
v 0.29538226 -0.29442176 -0.01347912
v -0.01598503 -0.28912985 0.44275445
v -0.00766400 -0.27833045 0.44316518
v 0.25516126 -0.15859613 0.44227943
v 0.30225381 0.25894371 0.03757656
v 0.00850900 -0.29935101 -0.18389399
v 0.00318238 0.30173200 0.09282275
v -0.29775971 -0.29265070 0.03151346
v -0.14066419 -0.29650697 0.43926746
v -0.16843271 -0.29462996 0.44133458
v -0.18295257 -0.29320061 0.44148600
v 0.00201725 -0.29818776 0.43340474
v 0.29024398 -0.08301478 0.44168347
v -0.25237030 -0.28774568 0.44490936
v -0.19087408 -0.28845879 0.44422525
v -0.00281794 0.30365726 0.08024350
v 0.30201331 0.28599432 -0.12240437
v -0.00047175 -0.30030376 -0.11247625
v 0.27314350 -0.09696300 0.43972600
v 0.27376300 -0.09158700 0.44138601
v -0.30094773 -0.28749797 0.04560975
v 0.30243453 0.24040945 0.10194261
v 0.30117536 0.27598244 0.10478187
v 0.30122435 0.29308581 -0.15949374
v -0.00378125 0.30343586 0.15046850
v 0.29521313 0.29492456 0.11715094
v 0.00265838 0.30077326 0.16545337
v -0.00304906 -0.30118525 -0.26299563
v 0.27117726 0.01107650 0.44048950
v -0.29558107 0.29435652 -0.09150656
v -0.29881546 0.29312631 0.23275271
v -0.30052626 -0.29052418 0.16122888
v 0.03674997 -0.29713589 0.12538022
v 0.04746450 -0.07471825 0.43947750
v 0.30082923 0.27365133 0.21138214
v -0.00469750 0.30210650 0.22176200
v -0.00007498 -0.29743230 0.14357573
v 0.29356405 0.08320400 0.43877730
v 0.26050237 0.12800534 0.44334280
v 0.29886124 -0.28514624 0.37124163
v -0.00475950 0.30140749 0.27238649
v 0.30029187 -0.22372706 0.38841543
v -0.00015262 0.30059037 0.27393550
v -0.28935951 0.29256600 -0.43313864
v -0.16243160 -0.29622844 0.18386006
v 0.29904574 -0.28847376 -0.28039125
v -0.26305050 0.29687101 0.29122499
v -0.25951549 0.29542801 0.29678550
v -0.13613173 0.29567555 0.29450008
v -0.10170031 0.29615071 0.29444897
v -0.29808575 0.29468000 0.30512276
v -0.08901903 0.29836488 0.29713002
v -0.00552550 -0.30120251 0.19601651
v -0.01627741 0.29870355 0.30142018
v 0.29987544 0.27808607 0.27899775
v -0.29984599 -0.28960800 0.43566701
v -0.00202087 0.29852808 0.29393274
v -0.00036450 -0.29655287 0.21433675
v 0.29765260 0.15641269 0.43755913
v -0.05841875 -0.30019826 0.20778675
v -0.21249463 0.29960325 0.32159251
v -0.29710686 0.29532450 0.32462874
v 0.29141769 0.19235681 0.44135350
v -0.10669800 -0.29871950 0.22075300
v -0.19598934 0.29901728 0.32438210
v 0.16527353 -0.29465637 -0.28620073
v -0.30205676 0.25740674 0.32583576
v -0.30249995 0.19157718 0.32556543
v 0.29914138 -0.20658475 -0.27600682
v 0.30122876 0.23249950 0.30687150
v 0.28367087 -0.29709238 -0.30047575
v -0.29589626 -0.02259491 0.44474912
v -0.30401799 0.05545590 0.32409829
v -0.30543026 -0.00582162 0.32008263
v 0.19517422 -0.29734099 -0.29752648
v -0.00096983 0.29969040 0.35497236
v 0.30298999 0.10705200 0.30670300
v 0.00285994 0.30132413 0.36251637
v -0.30363339 -0.00771058 0.32524481
v -0.25754213 0.29804704 0.38187218
v 0.29921064 0.21978493 0.43585095
v 0.06199969 0.29991230 0.36575344
v 0.03657450 -0.29523051 -0.28619474
v 0.29426718 0.29413757 0.32235906
v -0.23928800 -0.29426801 0.29082301
v -0.28491461 -0.29185364 0.29603961
v -0.30378836 -0.00161534 0.34451762
v -0.00331400 -0.30156699 -0.28701201
v 0.30058110 0.25062147 0.35105801
v -0.30214000 -0.17599800 0.32561600
v -0.07731950 -0.29950875 0.28991875
v -0.30405301 -0.23159350 0.32238299
v 0.26181576 0.24807613 0.44085550
v -0.09529675 -0.29817799 0.30960649
v -0.03130541 -0.30135214 0.30527487
v -0.00897512 -0.29958275 0.36590764
v 0.06697688 -0.29395050 0.30345333
v 0.27414951 0.26057851 0.43884751
v -0.29731032 0.29460359 0.38647240
v -0.29185924 0.29623300 0.42429775
v 0.24867178 -0.29338977 0.30312839
v 0.00149300 0.30461299 -0.19850200
v -0.29121798 0.29750326 -0.20709822
v -0.00627625 -0.29790050 0.32299751
v -0.29868501 0.26246032 0.43596420
v -0.29196730 0.10727412 0.44606313
v 0.30048189 0.22376162 0.42992574
v -0.27217606 0.29331088 0.44478789
v -0.26741350 0.29848850 0.44064650
v -0.24473494 -0.29438302 -0.28344712
v 0.30042139 0.23757106 0.39740199
v -0.15962413 0.29909939 0.43965939
v -0.17844354 0.29753965 0.44118422
v -0.13658750 0.29520750 0.44068351
v -0.18498835 0.29112196 0.44464266
v 0.22029819 0.29465830 0.44234818
v -0.29476151 0.23436056 0.44484401
v 0.20174700 0.29636300 0.44212475
v 0.15954278 0.29472673 0.44325411
v -0.29799473 0.19913213 0.43896309
v 0.29861775 -0.12787665 -0.29488564
v -0.29693416 0.15019077 0.44244757
v 0.01524300 0.29104906 0.44252449
v -0.29965258 0.04432463 0.42444032
v 0.03520981 0.29319364 0.44182369
v 0.05798994 0.29698387 0.44179562
v 0.07126713 0.29244444 0.44170505
v -0.29810706 -0.29112247 0.36897990
v 0.12948619 0.29370740 0.44202319
v -0.29901522 0.06985175 0.43607226
v 0.30096805 0.23785144 0.42381001
v 0.15149476 0.29760537 0.44108486
v 0.15411937 0.29221824 0.44128850
v 0.11099228 0.29261851 0.44110969
v 0.30056924 0.25126237 0.43389574
v 0.29509938 0.27373263 0.43938863
v 0.29338920 0.28606418 0.44116706
v -0.00212225 -0.29712701 0.37011024
v 0.11558819 0.20530587 0.44140926
v -0.29460731 0.03964244 0.44547135
v 0.29700768 0.29529434 -0.00266819
v -0.30013916 -0.29081005 -0.07308942
v 0.05628675 0.29845876 0.43884850
v 0.02408562 0.29788849 0.43527755
v 0.28437299 0.15021200 0.44331026
v -0.04907300 -0.29971299 0.34959599
v -0.06881892 0.29510227 0.44027334
v 0.24896619 0.10102756 0.44368231
v -0.07732213 0.29812130 0.44048607
v 0.00116050 0.29766750 0.43670899
v -0.11462510 0.29673046 0.44081745
v 0.30060300 0.24457863 0.40848327
v -0.15466800 0.29681200 0.44099700
v 0.27092999 -0.00527200 0.44218826
v -0.00267281 -0.29689816 0.33230898
v -0.10687850 0.30119559 -0.23061053
v -0.29689988 0.28144076 0.44181988
v -0.29947099 -0.27652276 -0.31586474
v -0.00253000 -0.29473251 0.41968650
v -0.26352501 -0.29472426 0.44141451
v -0.22030801 -0.29168800 0.44246900
v 0.30257431 0.24921399 0.00783612
v 0.29711774 -0.09135200 0.43811074
v -0.04647900 -0.29686600 0.43900624
v 0.25998673 -0.16403547 0.44082120
v -0.29860899 0.29184100 0.42858899
v 0.26491749 -0.19125363 0.43899801
v 0.29159239 -0.29349601 0.42086819
v 0.00961656 0.30316713 -0.25985906
v 0.07633558 -0.29400551 0.44260696
v 0.16838050 -0.29675749 0.44159976
v 0.19595286 -0.29774809 0.44058719
v 0.17756100 -0.29087549 0.44064137
v -0.11857650 -0.29894999 0.32075399
v -0.16441937 -0.15412524 0.44250262
v -0.28597099 0.16936100 -0.44480100
v -0.28599900 0.18809600 -0.43958250
v 0.17855550 0.30022049 -0.28094149
v -0.07834950 0.29997149 -0.43449050
v 0.30189043 0.27613664 0.03019813
v -0.28363675 0.13507225 -0.43782699
v 0.02937400 0.30058849 -0.43039301
v -0.25132325 0.10386350 -0.44367850
v 0.04776800 0.30203566 -0.27190351
v -0.24460851 0.09971600 -0.44435900
v 0.06221200 0.29971600 -0.43069601
v -0.30058751 -0.28949749 -0.01953550
v -0.26919225 0.08553025 -0.44345826
v -0.00036813 0.29961464 0.40624937
v -0.22612976 0.10197500 -0.44383901
v -0.28483200 0.05899100 -0.44580099
v -0.27616256 0.04948769 -0.44597837
v -0.28286701 0.10773400 -0.43839276
v -0.25123000 0.07590900 -0.44456899
v -0.25274399 0.07569100 -0.44396299
v 0.16196050 0.29926649 -0.43119350
v 0.00126900 -0.29712901 0.30347401
v 0.17664900 0.30137676 -0.43322000
v -0.28323707 0.07290000 -0.43893176
v -0.19249231 0.08014288 -0.44311842
v -0.09047338 0.12827200 -0.44011918
v -0.30366826 -0.25696924 0.32635474
v -0.21820500 0.05466600 -0.44425201
v 0.22100200 0.29838449 -0.43183574
v 0.17624550 0.29859149 -0.43163899
v 0.26808649 -0.27813324 0.44074300
v 0.26024511 0.29789713 -0.43326801
v -0.08808825 0.09854275 -0.43999675
v -0.29171017 -0.01183409 -0.32013875
v -0.11126313 0.05605616 -0.44053951
v -0.08754869 0.07502019 -0.43981263
v -0.02489956 0.10089331 -0.43948537
v -0.01982000 0.10780581 -0.43906006
v -0.26076788 -0.00846800 -0.44160587
v 0.00198519 0.10257988 -0.43875831
v 0.29479477 0.29345587 0.37401360
v -0.01196944 -0.30128762 0.29065150
v -0.07519338 0.07676200 -0.43964726
v 0.29550707 0.23164469 -0.43510669
v -0.30101624 -0.25705099 0.31033424
v -0.14173234 -0.29576555 0.29462686
v -0.28654844 -0.08019459 -0.44369772
v 0.18741353 0.29938528 -0.29679242
v 0.08584553 0.11233681 -0.43847704
v -0.30275762 -0.13455150 0.32593513
v 0.30265731 0.25192806 -0.29931295
v -0.26393300 -0.04653850 -0.44362599
v -0.02095250 0.06722100 -0.43852499
v 0.14853668 0.12683162 -0.43890899
v -0.30320349 -0.09467500 0.33089250
v 0.15872097 0.12126569 -0.43889529
v 0.15265819 0.11090375 -0.43891817
v -0.29362732 0.29644421 0.10746759
v -0.30399099 -0.16366550 0.32140300
v -0.30262676 -0.28287300 0.29495451
v 0.12902641 0.09252263 -0.43857786
v 0.29675412 0.14180337 -0.43120188
v -0.08388444 -0.29985249 -0.37649363
v 0.17674600 0.09927037 -0.43885630
v 0.20988175 0.11206000 -0.43869349
v -0.30309924 -0.06143112 0.33265501
v -0.28628626 -0.12940450 -0.44244775
v 0.23664913 0.10947919 -0.43874645
v -0.28729951 -0.29302099 0.28901249
v 0.21964853 0.08868115 -0.43832216
v 0.26646471 0.09949778 -0.43853575
v -0.30237412 -0.08955768 0.32637906
v 0.27625549 0.10562475 -0.43840569
v -0.28658414 -0.16149491 -0.44340235
v 0.24933957 0.09825956 -0.43891650
v -0.30451599 -0.00541600 0.32912749
v 0.00003013 -0.29722762 0.27294925
v 0.29763937 0.29130876 0.35166091
v 0.22617149 0.06512150 -0.43793350
v 0.00766650 0.30401450 -0.30544499
v -0.29217625 0.29551074 -0.38236576
v 0.30128619 0.28216627 0.05448881
v -0.26915425 -0.20704663 -0.44133887
v 0.17845550 -0.30275437 -0.41819051
v 0.30207676 0.10889225 0.30262750
v 0.30412292 -0.06088106 -0.01530500
v 0.29035801 -0.29924801 -0.42994699
v -0.29574165 -0.26436886 -0.43435502
v 0.29036883 -0.04845744 -0.43657506
v 0.26157850 -0.29987499 -0.42752475
v -0.28528726 -0.27213812 -0.43917012
v -0.23357700 -0.24650450 -0.43869901
v -0.29042938 0.29790768 -0.31852400
v -0.26548600 -0.28622675 -0.43631601
v -0.22348937 0.30075037 -0.34167975
v -0.27043894 -0.29786175 -0.43057564
v 0.29507050 -0.29335499 0.23296538
v 0.23573875 -0.29275233 -0.43344882
v 0.08835662 -0.30298838 -0.42429861
v -0.30558419 0.03823375 0.31973502
v -0.29697514 -0.24098575 -0.41423464
v -0.29299918 0.29492494 -0.32153776
v -0.01073350 -0.30431700 -0.42251700
v 0.29816458 0.29708809 -0.38550946
v -0.08669160 -0.29969761 -0.43027613
v 0.05846512 -0.30298349 -0.42413989
v -0.02310175 -0.30096537 -0.42898038
v 0.05302325 -0.29786494 -0.43028530
v 0.30162355 0.25051707 -0.36461157
v 0.05031647 -0.30104962 -0.42728174
v 0.17959844 -0.29276317 -0.43361920
v 0.29832101 0.29051650 0.30142951
v -0.02512450 0.30293801 0.31902251
v -0.06604581 0.30279192 0.31858495
v 0.21987550 -0.29422501 0.20560101
v 0.29128388 -0.15201981 -0.43571651
v -0.12031587 0.30027261 0.32308882
v -0.00520050 -0.30130601 0.21332049
v -0.01300900 -0.30149049 0.21954601
v 0.01369487 0.30285001 -0.29905024
v -0.29548088 -0.29431474 -0.35496750
v -0.17674315 0.30070394 0.31923056
v -0.29932770 0.29321751 0.33192211
v -0.00175866 0.29800323 0.30928984
v -0.29487830 -0.29502282 -0.40916759
v 0.30325249 -0.13262862 -0.01497466
v 0.27209601 0.29838100 -0.29844999
v -0.20539187 0.07327641 0.44479892
v -0.00853125 0.29813299 0.29485601
v -0.00664050 -0.30504400 -0.36404899
v 0.30024731 0.12239797 -0.33483469
v 0.30506939 -0.08696875 0.18586275
v -0.29050750 -0.29630300 -0.43074450
v -0.30203012 0.25387225 0.29724649
v -0.30035111 0.27632925 0.29470599
v 0.30323401 0.27278799 -0.27194801
v -0.04372950 -0.30038068 0.18834218
v -0.27342957 0.29645738 0.29595512
v -0.29259551 0.29592389 0.29494700
v 0.01089512 -0.29926437 -0.32821769
v 0.30319032 0.23355681 -0.27202156
v -0.29877359 -0.29175723 -0.29766124
v -0.00322050 -0.30383199 -0.33597201
v -0.08505100 -0.29598901 -0.31270388
v -0.26541525 0.30113149 -0.43371800
v 0.29991126 -0.00551806 -0.28318527
v -0.28235799 -0.23410951 -0.44161150
v -0.26873124 0.27964026 -0.43833774
v -0.00768550 -0.30181950 0.15483651
v 0.00264112 -0.29585212 -0.29253551
v -0.28346801 -0.20349400 -0.44617999
v -0.28567591 -0.16256925 -0.44056273
v -0.26549625 -0.15424600 -0.44202501
v 0.30283344 0.28128755 -0.22567575
v -0.27186638 -0.16100413 -0.44375226
v 0.28440174 0.11795625 -0.43839413
v 0.04219637 -0.29943249 -0.28087243
v 0.21537113 0.10352331 -0.43886501
v -0.26455849 -0.12309425 -0.44148675
v 0.30316234 0.24517328 -0.21178088
v 0.30035007 -0.23917706 -0.27196705
v 0.30251348 0.28228647 -0.15925716
v -0.16265938 -0.29425111 -0.20201126
v 0.25936413 -0.29740462 -0.22448462
v -0.12784176 -0.29477501 -0.19754444
v 0.30248305 0.27789563 -0.10654268
v 0.30083147 0.27952248 0.18057775
v 0.14155807 0.09070350 -0.43814856
v 0.29468226 -0.29587001 -0.22629289
v 0.18271300 0.10904925 -0.43870375
v -0.29699349 0.02977100 0.44280094
v 0.09985206 0.08356162 -0.43806943
v -0.12656450 0.29971749 0.00543413
v 0.30032632 0.29231119 -0.00941375
v -0.11457650 0.29985130 0.14757743
v -0.29939988 0.01423121 0.02307949
v -0.00185675 0.30346736 0.12812300
v -0.29894826 0.27381831 0.09151213
v 0.25930613 -0.29668888 -0.02948075
v 0.29880336 0.29298684 0.11367407
v 0.30130944 0.28200650 0.08480857
v 0.30367333 -0.14209856 0.02995487
v -0.30121776 -0.20505512 0.00695606
v -0.29917637 0.28309450 0.14493063
v -0.30116799 -0.06355163 0.12508938
v 0.27380300 0.24913900 0.43799499
v 0.09578994 0.10257582 -0.43852332
v -0.07666850 -0.29830232 0.09674325
v -0.00101338 -0.29798049 0.11209125
v 0.25413403 -0.27369237 0.44130793
v 0.03641437 -0.29596025 0.17004412
v -0.00980500 0.30072951 0.27718949
v 0.29605806 0.29134607 0.44133192
v 0.29134399 0.29422250 0.44151601
v 0.04835934 0.08971740 -0.43843725
v -0.22067399 0.29698887 0.29871875
v -0.01698837 0.30315638 -0.40643612
v 0.27866226 0.29530030 0.27885363
v -0.30015546 -0.09000137 -0.02347897
v 0.09973000 0.11408925 -0.43851581
v 0.00004969 0.30156174 0.30191678
v -0.05785350 0.29980719 0.30322468
v -0.30139607 -0.28827906 0.22676237
v -0.28863218 0.29713580 0.05635550
v -0.30405000 0.08296600 0.29119900
v -0.25387299 0.29895851 0.31967488
v -0.30291724 0.11318700 0.29965699
v -0.25584099 0.29811293 0.32477862
v -0.03302625 0.30139288 0.31196988
v -0.30343193 0.05563441 0.29752126
v -0.28667262 -0.01431500 -0.43665200
v -0.29989374 0.11995163 0.12779251
v -0.29831874 -0.29166013 0.26697251
v -0.00716000 0.30146000 0.36942899
v 0.30244261 0.01491372 0.30252892
v -0.30319300 -0.26099151 0.29637349
v -0.08856925 -0.29992801 0.27706626
v 0.09781612 0.15241487 -0.43882403
v -0.26003957 -0.29393432 0.30190799
v -0.00007113 0.29979613 0.38698524
v -0.29809588 -0.29150343 0.32484293
v 0.13214099 -0.29268801 0.30228999
v -0.30145881 0.04396366 0.39276537
v -0.30071959 0.01259709 0.40419742
v -0.27797255 0.26761007 0.44650432
v 0.00042244 0.30454215 -0.03959425
v -0.22015975 0.28483376 0.44531325
v -0.15358888 0.29264125 0.44371814
v -0.10783831 0.29476517 0.44073576
v -0.04584850 0.29887900 0.43912274
v -0.08906519 0.08896919 -0.44061768
v -0.03360312 0.29678950 0.44083461
v -0.29975325 0.01300644 0.42182389
v 0.00989413 0.25856605 0.44314519
v 0.17855291 0.29619786 0.44262654
v 0.20029056 0.29266235 0.44052848
v 0.19049619 0.29446045 0.44284526
v 0.25150251 0.28098300 0.44108999
v 0.29208300 0.24983525 0.43639824
v 0.29743838 0.28561711 0.43770674
v -0.05895881 -0.29880774 0.38772589
v -0.01049500 0.13430800 -0.43914300
v -0.08419666 0.04137059 0.43942052
v 0.30365074 0.03816650 0.42227426
v -0.29800001 -0.12226300 0.44112501
v -0.28338999 -0.11398819 0.44514912
v 0.28737575 0.09062550 0.44319874
v 0.29153863 0.08429162 0.44182637
v 0.25951412 0.06979081 0.44408000
v 0.04508000 -0.14487438 0.44046849
v 0.04641125 -0.19395199 0.44081751
v 0.24742250 -0.05353800 0.44339550
v 0.28190887 -0.10866331 0.44006601
v 0.11568100 -0.29628801 0.41094401
v 0.00795966 -0.29979640 0.42931241
v 0.22452900 -0.29772463 0.42301613
v 0.29865313 -0.28744823 -0.23768322
v 0.29853475 -0.18657701 0.43698701
v 0.27665275 -0.19967781 0.43905601
v -0.15552799 0.08120800 -0.44212651
v 0.30289680 0.27175799 -0.12662563
v 0.26018199 0.30103001 -0.43265200
v -0.24824150 0.30268249 -0.43401951
v -0.26474100 0.30393600 -0.42915601
v -0.27348164 0.25261399 -0.43838936
v -0.17791650 0.29865399 -0.43331724
v -0.28633901 0.22883549 -0.43329400
v -0.01970400 0.30104151 -0.43164149
v -0.28600776 0.09451825 -0.44329876
v -0.28610200 0.10604388 -0.44237274
v -0.27991700 0.10123200 -0.44170099
v -0.28108701 0.09991500 -0.44232801
v 0.08475400 0.30184749 -0.43274850
v 0.08729625 0.29820275 -0.43232849
v -0.14802675 0.10239650 -0.44202700
v 0.00546900 0.30406749 -0.13191825
v -0.21018425 0.07106463 -0.44403100
v -0.11899915 0.09579088 -0.44108126
v 0.01103450 0.30499819 -0.41265568
v -0.26857999 0.01991000 -0.44421801
v -0.00470375 0.12806475 -0.43895975
v -0.27641675 -0.01617100 -0.44239250
v -0.08041100 0.07185663 -0.44069776
v 0.00129756 0.11068306 -0.43920299
v -0.28246775 -0.05602700 -0.44625574
v -0.01340556 0.09743494 -0.43916956
v 0.03074000 0.08745100 -0.43807301
v 0.26808301 0.29652300 0.43899500
v 0.23610368 -0.29830661 -0.27145311
v 0.11125581 0.09761069 -0.43833831
v -0.26521814 -0.08563975 -0.44328886
v -0.25131199 0.07312650 -0.44367501
v -0.25185549 0.28345850 -0.43846101
v 0.13417962 0.29870287 -0.43154299
v -0.23500150 0.06478300 -0.44440451
v -0.22990775 0.06858175 -0.44396874
v -0.23780251 0.08254100 -0.44441974
v -0.26856649 0.05166800 -0.44538251
v 0.29817280 -0.26092625 -0.29392812
v 0.13028912 0.30169713 -0.43329701
v -0.29693830 0.07410268 0.44270438
v -0.25325224 0.07553700 -0.44402376
v -0.26605076 -0.24584737 -0.43825063
v -0.26353499 -0.23857075 -0.44024524
v -0.08683700 -0.29476511 -0.28081924
v 0.29899475 -0.28033400 -0.30293250
v 0.30109626 0.29449657 -0.36315030
v -0.28633499 0.13117300 -0.43408349
v 0.02692791 -0.29841316 -0.43105853
v 0.05397375 0.30322000 -0.43138450
v 0.00077300 0.30313700 -0.32696500
v 0.21275049 -0.29756001 -0.43203250
v -0.02331719 -0.30418774 -0.39543375
v -0.27480263 0.08064350 -0.44489062
v 0.23193251 -0.30039567 -0.39093223
v -0.00066259 -0.30110431 -0.37434584
v -0.27380750 0.10002975 -0.44112000
v -0.02247900 0.29822999 -0.43160400
v 0.30077180 0.07961581 -0.29902831
v -0.05483050 0.30279699 -0.43182325
v -0.18916900 -0.29456207 -0.31626475
v -0.29480025 0.29352626 -0.19974875
v -0.16735651 0.30439299 -0.43109599
v -0.13112150 0.30140850 -0.26650849
v 0.29925501 -0.06722275 -0.29844826
v 0.06801262 0.30168211 -0.28384164
v 0.30318102 0.25972748 -0.23402758
v 0.30314839 0.26879120 -0.20868807
v 0.12047741 -0.29814616 -0.28265047
v 0.09899356 -0.28377807 0.44194406
v -0.02047053 0.30378979 -0.11828472
v 0.12808976 -0.30099931 -0.43063188
v -0.29783800 0.11125850 -0.10999450
v 0.30011800 -0.24863550 0.41715249
v -0.12719551 -0.29819199 0.43282399
v -0.28976929 -0.00399950 -0.38403010
v -0.08660394 -0.29691175 0.43927413
v 0.30256826 0.25591475 -0.01715650
v -0.26140401 -0.27624500 -0.43797949
v 0.30311799 0.21625687 -0.00685669
v 0.30151826 0.27769136 -0.40099701
v 0.29885444 -0.28468400 -0.00968219
v 0.01083700 -0.29813501 0.41809300
v -0.28195074 0.29739174 0.14726250
v -0.29610500 -0.29107699 0.44540501
v 0.30049801 0.28432864 0.12836251
v -0.29895824 0.03067813 0.43602487
v 0.29375201 0.29883301 -0.43350300
v -0.30015540 0.12991472 0.14380994
v 0.15676799 0.07112691 -0.43810385
v 0.30198842 0.25722432 0.12649873
v 0.13274087 0.07967125 -0.43856561
v -0.28873426 -0.00332000 -0.43114874
v 0.30176881 0.25810942 0.16898715
v -0.02302300 0.06971550 -0.43907049
v -0.02305400 0.06817675 -0.43903700
v 0.29031301 -0.02734000 0.44219500
v -0.09890894 0.08467557 -0.44015175
v -0.15372750 0.03264350 -0.44185624
v -0.18611249 -0.29622874 0.32497001
v -0.08267175 0.09561675 -0.44013101
v -0.14751200 0.07308775 -0.44210875
v 0.01815769 -0.29676807 0.17125881
v -0.18030500 0.07702500 -0.44381899
v 0.30043763 0.27666357 0.24558721
v 0.13970175 -0.29842621 -0.24797806
v -0.30384862 0.12963276 0.33092326
v 0.30312699 0.23931843 -0.14206806
v -0.26388675 0.03355325 -0.44296649
v -0.28481075 0.29462174 0.30071500
v -0.15717325 0.29788524 0.29875201
v -0.14880949 0.12581199 -0.44186300
v -0.20380124 0.09186500 -0.44327438
v -0.04632200 0.29970399 0.29900643
v -0.30400774 0.11600844 0.29130870
v 0.05561000 0.29879549 -0.43274200
v -0.11538700 -0.29841700 0.22156399
v -0.22606374 0.29938826 0.33069575
v -0.28357500 0.08611200 -0.44413999
v -0.28639299 0.09210700 -0.44196901
v -0.30455226 -0.12011687 0.28466937
v -0.29922369 0.29226732 0.37878036
v -0.30440176 -0.19056650 0.28882176
v -0.13741100 0.30216950 -0.43206701
v -0.16278650 0.29711401 -0.43645301
v -0.28592801 0.22156750 -0.43935350
v -0.29089499 0.29690799 -0.41939801
v -0.28739801 0.27506399 -0.42928201
v -0.18535300 0.05135700 -0.44271800
v -0.18545800 0.05112100 -0.44269601
v -0.30205324 -0.17777725 0.30121124
v 0.27408519 -0.24546704 0.43898508
v -0.28312507 0.29680830 0.38195649
v 0.30007401 -0.27018800 0.43048200
v 0.30178168 0.25045213 -0.34755006
v -0.02388887 -0.30150712 0.27880281
v -0.07540175 0.07316837 -0.44066164
v -0.07563913 0.07196350 -0.44063282
v -0.07820500 0.07071100 -0.44085199
v -0.07773500 0.07075300 -0.44083801
v -0.07695800 0.07108200 -0.44074300
v -0.08017062 0.06911125 -0.44100350
v -0.07805700 0.07054400 -0.44086999
v -0.07969262 -0.29999933 0.29719350
v 0.00520919 0.30120721 0.40592328
v -0.27982301 0.10114600 -0.44169599
v -0.27961800 0.10162200 -0.44165701
v -0.04106637 -0.30197576 0.31284899
v -0.28263801 0.08027800 -0.44471601
v -0.17692900 -0.29827699 0.32103649
v -0.12122575 -0.27572337 0.44408938
v -0.30202192 0.01825566 0.38316372
v -0.12541462 0.29862705 0.44029263
v -0.30018988 0.06165363 0.41739401
v -0.00701450 -0.29886451 0.34909350
v 0.25392899 -0.06154050 0.44258150
v -0.28561676 0.12172550 -0.44315150
v -0.30084249 -0.08401950 0.39520499
v -0.29886937 0.10771388 0.43724388
v 0.29914150 0.27708301 0.42582399
v -0.30097455 -0.28767768 0.39563119
v 0.28266126 0.24521706 0.43894994
v 0.29126027 0.12051797 0.44138876
v 0.11134200 0.06928600 0.44033551
v 0.00128100 -0.29951900 0.41400099
v 0.24860494 0.02117609 0.44368166
v -0.08674156 0.28612244 0.44406512
v -0.20899574 -0.29581025 0.44003049
v -0.01562600 -0.29804599 0.42902601
v -0.23780650 0.04218100 -0.44377962
v -0.01778300 0.29586712 0.43972099
v 0.27271941 -0.22105771 0.44024867
v -0.28337526 0.25877249 -0.43539724
v -0.18814775 0.30210474 -0.43403125
v 0.29864401 0.10287175 0.43656287
v -0.28545251 0.19803256 -0.43821144
v -0.10846400 0.29894426 -0.43368876
v -0.05195912 -0.29883769 0.32432193
v -0.28547975 0.14631350 -0.44424900
v -0.28016400 0.10094400 -0.44180501
v -0.30432156 0.13365412 0.32104874
v -0.26999351 0.11231100 -0.44137451
v 0.01796700 0.29813901 -0.43000501
v -0.28171000 0.07361000 -0.44544899
v -0.24013674 0.08572675 -0.44464824
v 0.29719061 0.29331040 0.24924546
v 0.08628400 0.29620099 -0.43619299
v -0.17263874 0.10342900 -0.44255850
v 0.29061690 0.16655381 0.44220579
v -0.12336725 0.12782700 -0.44108051
v -0.22846299 -0.00585000 -0.44364300
v -0.21753100 0.05548200 -0.44424200
v -0.00788000 0.30534750 -0.41500250
v -0.21848799 0.05531900 -0.44428399
v -0.05086512 0.13427362 -0.43962413
v 0.29756865 0.29549462 -0.05842374
v -0.00031700 0.30494699 -0.40487799
v 0.30112907 0.14383569 0.42927179
v -0.04797806 0.07476344 -0.43914205
v -0.04506450 0.06530806 -0.43880850
v 0.22612900 -0.27373949 0.44152799
v 0.18212737 0.15088062 -0.43902937
v 0.07311300 0.07271450 -0.43744713
v 0.22383182 0.11209612 -0.43874201
v -0.19640000 -0.29605350 0.38656551
v -0.23312449 -0.13397799 -0.44216600
v 0.29028100 0.10663600 -0.43772200
v 0.04701341 0.17814468 0.44192463
v 0.30148163 0.25295636 -0.38238692
v 0.30087605 0.20276994 -0.35052404
v 0.24259450 -0.30144349 -0.42679200
v 0.29592299 -0.29495499 -0.42861801
v 0.00231500 -0.30076393 -0.38462320
v -0.28410324 0.29864237 -0.27026638
v -0.29902199 0.14950806 0.43320006
v 0.24780275 -0.29777351 -0.43140551
v -0.25676662 0.29858899 0.44086313
v -0.28361130 -0.29484087 -0.31907231
v 0.13769244 -0.29351005 0.29722470
v -0.02414463 -0.29997337 -0.27891412
v 0.30114236 -0.20356025 -0.26946962
v -0.08543900 -0.29973599 0.30734351
v 0.29998851 -0.27330762 -0.26964024
v -0.30264851 -0.28188124 0.31768075
v 0.04458595 -0.29893070 -0.24881653
v -0.29772788 0.29317012 0.43850499
v -0.08885500 -0.30060300 0.28386211
v 0.30331519 0.02931484 0.30732787
v 0.00063600 -0.29971701 -0.15348700
v -0.30408150 -0.02873550 0.29732800
v -0.00013550 -0.29845449 0.33512101
v 0.28964862 -0.29562414 -0.09637163
v -0.30344301 0.25902700 0.31954399
v 0.04611063 -0.29527301 0.19951449
v 0.30364606 0.11680450 -0.01078725
v 0.29841900 0.29155701 0.27574986
v 0.17470475 -0.29377025 0.18951325
v -0.28399888 -0.29407701 -0.02157338
v -0.30109331 -0.01064294 0.39654076
v -0.02899312 -0.30010912 0.32854688
v 0.29271916 -0.29390365 0.13305378
v -0.00737131 0.30115843 0.28352013
v -0.02727350 0.30122331 0.28300613
v -0.30370176 0.17789163 0.31428650
v 0.30154696 0.27086595 0.14366756
v -0.06844756 -0.30016598 0.24082123
v -0.30510500 -0.03499125 0.30594605
v -0.30370075 -0.11958375 0.32207876
v -0.30434200 -0.16670699 0.31089401
v -0.06426325 -0.30076924 0.31996301
v 0.30004257 0.25758937 0.37846524
v -0.12823474 -0.29857501 0.32950449
v -0.00391850 0.29962751 0.42855200
v 0.29970801 -0.27620199 0.30704001
v 0.11189550 0.28305626 0.44220650
v 0.24714249 0.23210999 0.44258049
v -0.29886499 -0.25083899 0.44212499
v 0.05544088 -0.29859936 0.42268163
v 0.26572776 -0.16002975 0.44210774
v 0.28069201 -0.20652451 0.44048449
v -0.26477650 0.10432900 -0.44175574
v -0.18537600 0.05134700 -0.44268799
v -0.05922800 0.10713112 -0.43985036
v -0.07942000 0.07002500 -0.44089901
v -0.07817600 0.07062000 -0.44086999
v -0.07731000 0.07094200 -0.44077501
v -0.29794386 0.09502800 0.00354325
v -0.09282000 0.04292300 -0.43962699
v 0.30061278 0.24217385 0.36352950
v 0.00062000 0.30214751 -0.38157326
v 0.01022250 0.30320925 -0.01564300
v 0.29352152 -0.00115775 -0.43547288
v -0.27551344 -0.27961928 -0.43788895
v 0.28230363 -0.29639912 -0.13438900
v 0.28886801 -0.17762776 -0.43622413
v -0.04468444 -0.30262706 -0.40652063
v -0.08576600 -0.30028600 -0.39890000
v 0.26008013 -0.29946902 -0.39094338
v -0.29671744 0.28980151 -0.04728919
v -0.24535701 0.29973301 -0.43321201
v 0.10506163 0.30243468 -0.43252218
v 0.04733834 0.30278733 -0.12986512
v 0.17046700 -0.29802999 -0.22985099
v 0.30310774 0.24376500 -0.16596523
v -0.08190469 -0.29625744 -0.19923441
v -0.25431600 0.07630800 -0.44373301
v 0.30228218 -0.09490585 -0.17373754
v 0.16004787 -0.29757088 -0.13666700
v -0.07762800 0.07072500 -0.44081551
v -0.06583063 -0.29944596 -0.01791206
v 0.02992688 -0.29906580 0.01422275
v -0.05953750 -0.29785949 0.43561950
v -0.28465986 0.17692688 -0.44365361
v -0.16856538 0.29826188 0.28646526
v -0.30305937 0.23870701 0.33047575
v -0.01208700 -0.30182800 0.27307299
v -0.19156019 -0.29626331 0.28898749
v -0.30142319 0.08536460 0.39134100
v -0.01683150 0.28276312 0.44365638
v 0.30034739 0.29517376 -0.41211861
v 0.30283701 -0.03845475 0.39385912
v 0.25478449 0.23854375 0.44085675
v -0.19322699 -0.29632750 0.39226350
v 0.25413999 0.18252350 0.44222251
v -0.28479299 -0.13892899 0.44549006
v -0.23650450 -0.06116206 -0.44344619
v 0.28859937 -0.10972500 0.44115070
v 0.16897200 -0.19270150 0.44189405
v -0.28063449 0.25374636 -0.43960363
v -0.28609499 0.30098501 -0.43261099
v -0.25780201 0.07312900 -0.44260100
v -0.28487200 0.20375650 -0.43526250
v -0.06010350 0.29745600 -0.43484649
v -0.28512800 0.16142000 -0.44150150
v -0.28662550 0.07045275 -0.44220650
v -0.28549138 0.23455225 -0.43853125
v -0.19034275 0.02227562 -0.44263664
v -0.16211125 0.09139000 -0.44243899
v -0.28532499 0.05157100 -0.44318101
v -0.12391578 0.03866359 -0.44067243
v -0.02172625 0.06852575 -0.44004926
v -0.02319400 0.06973100 -0.43895301
v 0.19853801 0.29586199 -0.43574449
v 0.00525300 0.30459899 -0.42463401
v 0.07174000 -0.27743101 0.44265750
v 0.20034181 -0.27063411 0.44187266
v -0.28260401 0.08780200 -0.44358000
v -0.28331199 0.08667500 -0.44403300
v -0.13681500 0.29658401 -0.43669200
v 0.23505984 -0.25073677 0.44191787
v -0.20690450 0.30045149 -0.43349749
v -0.27963999 0.23239850 -0.44158649
v -0.02207475 -0.18758175 -0.43629763
v 0.30046216 0.22081897 -0.38226315
v -0.22599068 -0.29989383 -0.42737189
v -0.00715859 -0.25465524 0.44248146
v -0.02193325 0.06932400 -0.43893301
v -0.29822850 -0.24602775 -0.31978226
v 0.28069180 -0.29756969 -0.27081126
v -0.30045888 -0.24494962 -0.19965713
v -0.30074894 -0.26558432 -0.20241919
v 0.00516125 0.30417436 -0.07021912
v -0.00904400 0.18888225 0.44174474
v -0.29775700 -0.29212600 0.44453901
v -0.01188437 0.22778150 0.44285575
v -0.29786864 0.26751521 0.00434594
v 0.14063887 -0.29392049 0.30835739
v -0.18529600 0.05111400 -0.44271201
v 0.22735400 -0.29431799 0.21626250
v 0.07013794 -0.29441258 0.18596050
v -0.30137041 -0.28824270 0.18035012
v -0.01744138 -0.30188787 0.15172775
v -0.30436075 -0.19391525 0.31627849
v -0.17337149 -0.29794899 0.30377889
v 0.30212125 -0.15897775 0.30704424
v -0.17844519 0.28032938 0.44495463
v 0.30146074 0.13988274 0.39226225
v -0.10888450 0.27659199 0.44441250
v 0.00902153 0.27791145 0.44344252
v 0.25920826 0.20723325 0.44292924
v -0.29728988 -0.29117489 0.41607350
v -0.18321319 -0.12283450 0.44373512
v -0.28449500 0.07646600 -0.44581500
v -0.10936331 -0.29894534 0.23690681
v -0.25497299 0.07609400 -0.44489300
v -0.19863300 0.04186450 -0.44314650
v 0.29780951 0.29668501 -0.43478301
v 0.13800825 0.06638950 -0.43791574
v -0.29915553 0.00783894 0.00309241
v -0.29937679 -0.00517814 -0.02011784
v -0.00685963 -0.30127653 -0.09478962
v 0.30241337 0.27492225 -0.34063563
v -0.00384325 -0.30035001 -0.18813950
v 0.16780138 -0.27775300 0.44174737
v -0.29833481 -0.15598831 -0.23806512
v 0.30114433 0.26989669 0.23194499
v -0.08154000 -0.29712313 -0.32345536
v 0.29125929 0.29661322 -0.11547169
v 0.28100201 0.29830900 -0.27246401
v 0.26221514 -0.29680976 -0.03701537
v 0.30095506 0.26072693 0.26662543
v 0.28105026 -0.29834151 -0.38810113
v 0.29600799 0.29743499 -0.29923999
v 0.01999062 0.30111051 0.10170300
v 0.30156440 0.20710254 -0.32319915
v 0.30155924 0.22930679 -0.34299451
v -0.30205426 -0.27181387 0.12246650
v -0.01021350 0.30272338 -0.35572562
v 0.28323263 0.29554132 0.23811363
v -0.30354300 0.22447249 0.32139400
v -0.30287051 -0.17097975 0.29647961
v -0.27606249 -0.21098299 -0.44332224
v -0.05071781 0.30252764 -0.36022782
v -0.26186049 -0.21219900 -0.44170824
v -0.26211801 -0.15917750 -0.44318300
v 0.29900846 0.03499486 -0.35656789
v -0.02419700 -0.30092701 0.32071900
v 0.29828900 0.28590301 0.39635950
v -0.26795676 0.28389856 0.44631064
v 0.29834226 0.29121187 0.43463901
v 0.29806075 0.25162274 -0.43027449
v -0.15166256 -0.29817724 0.35293275
v 0.29504025 0.29373100 0.43351725
v 0.15197200 0.28058949 0.44197264
v 0.30119511 -0.02421025 0.43187514
v 0.17006600 -0.13334399 0.44154501
v 0.01796250 -0.27803299 0.44300401
v 0.10777394 -0.23472938 0.44203642
v 0.00112250 0.23922400 -0.43884799
v -0.27880201 0.09763500 -0.44219601
v 0.04394875 -0.27327451 0.44273913
v 0.18078253 -0.29799896 -0.21100672
v 0.30293474 0.19059263 -0.19701476
v -0.29592776 0.22530837 -0.20011531
v 0.12675475 -0.29833394 -0.06464913
v -0.16009800 -0.29628599 -0.01563950
v 0.09075425 -0.29809386 0.01726597
v -0.29346853 0.21388091 -0.28929096
v 0.09043333 -0.29695427 0.07742694
v 0.29877350 0.10591219 -0.38056418
v -0.29026425 0.03026481 -0.35236257
v 0.02326900 -0.29664850 0.15443163
v 0.08312538 -0.29430363 0.30749863
v -0.27450749 -0.08970675 -0.44554126
v -0.28826401 0.17158949 -0.39583051
v 0.17605600 0.27763849 -0.43794399
v -0.02302963 -0.30125719 0.18635468
v -0.25075099 0.07240500 -0.44369701
v -0.24287599 0.06741100 -0.44411001
v -0.26514301 0.15514600 -0.44262099
v -0.27821901 0.17350300 -0.44516599
v 0.16828300 -0.23438925 0.44201526
v 0.30065385 0.24892010 0.33138943
v -0.26959339 0.29795012 0.07852513
v -0.27349499 0.30185500 -0.41132250
v -0.18947200 0.30297101 -0.39493901
v -0.14353999 0.30245563 -0.37354538
v -0.15406875 0.30067590 -0.23639010
v -0.10464212 0.30185851 -0.29639450
v -0.06513537 0.30233213 -0.26834938
v 0.27469712 0.29973188 -0.38069913
v 0.23723735 0.30009615 -0.34280843
v 0.14386003 0.30177450 -0.33785060
v 0.19042653 0.30033866 -0.31885722
v 0.10352700 0.30089700 -0.23399450
v 0.22376661 0.29875717 -0.13351586
v 0.11796991 0.30068341 -0.15825056
v 0.28070855 0.29737407 -0.09724875
v 0.04767812 0.30269900 -0.16265963
v 0.28214532 0.29619005 0.11206234
v 0.26637524 0.29673237 0.10642462
v -0.07420319 0.30223599 -0.11865119
v -0.02267725 0.30404589 -0.14456281
v -0.12198181 0.30140558 -0.14796132
v -0.26227239 0.29924187 -0.18738875
v -0.15508400 0.30048901 -0.11289700
v -0.26612151 0.29905200 -0.14574350
v 0.10428750 0.30063826 -0.01919175
v -0.27082226 0.29867724 -0.10513013
v 0.18730438 0.29741409 0.24776383
v 0.24005263 0.29839537 -0.07289263
v 0.03446706 0.30327109 -0.10580125
v -0.11921881 0.30033112 0.00166913
v -0.17125006 0.29943308 -0.00842038
v -0.04385650 0.30258614 0.01128169
v -0.27994224 0.29752487 0.10399287
v 0.10146691 0.30002421 0.05072316
v 0.26897442 0.29705861 0.03102031
v 0.17790219 0.29810810 0.10205928
v 0.11287864 0.29862151 0.24548553
v -0.26878232 0.29751724 0.19564831
v 0.15096544 0.29835233 0.13441887
v 0.03100925 0.30107999 0.10922813
v -0.10768575 0.30050200 0.14215262
v -0.08820002 0.30112216 0.10365128
v -0.15998043 0.29905346 0.18667422
v -0.11112506 0.30048293 0.15174909
v -0.18250966 0.29844928 0.21483146
v -0.09944094 0.29964373 0.23577870
v 0.24425007 0.29698005 0.15674108
v 0.24474500 0.29630262 0.26479337
v 0.15042277 0.29815093 0.19171639
v 0.11437661 0.29896560 0.15702875
v 0.26160774 0.29601625 0.39452824
v 0.28134319 0.29572311 0.42031312
v 0.20674582 0.29764724 0.39400199
v 0.16965300 0.29769099 0.27232000
v 0.10286663 0.29922900 0.41500545
v 0.10789600 0.29882163 0.36351636
v -0.25185537 0.29878438 0.41610301
v -0.08493719 0.30107087 0.37568447
v -0.06570587 0.29984081 0.28702202
v -0.05832925 0.30073425 0.41820249
v -0.12539913 0.30074024 0.37472400
v -0.03122525 0.30179876 0.33951420
v -0.11755859 0.30084476 0.35512629
v -0.25427750 -0.14203849 -0.44351751
v -0.15350913 -0.27920789 -0.43651649
v -0.15526250 -0.12185262 -0.44085637
v -0.10158244 -0.20959069 -0.43779832
v 0.14898925 -0.05042400 -0.43658000
v 0.17563824 -0.18033107 -0.43601388
v 0.13187943 -0.25067088 -0.43531537
v 0.20295499 -0.28004199 -0.43494099
v -0.29654965 0.27991673 -0.13407865
v -0.29702452 0.27941084 -0.08499516
v -0.29624951 -0.21321988 -0.37189576
v -0.30079451 -0.10959469 -0.14153038
v -0.30168751 -0.25436226 -0.14335150
v -0.30056950 -0.11479165 -0.01674656
v -0.30200949 -0.23843700 0.11233550
v -0.29755306 0.15015478 -0.05247534
v -0.29948634 -0.01487300 -0.04953939
v -0.29916069 0.01306669 -0.07168047
v -0.30220592 -0.02649036 0.18002409
v -0.30145618 -0.00419828 0.15152840
v -0.30051816 0.23673137 0.19378959
v -0.30038032 -0.02199964 0.08685848
v 0.29960087 -0.27444699 -0.21987487
v 0.30319649 0.23401856 -0.07515448
v 0.30313203 0.24428104 -0.05454156
v 0.30373549 0.15137362 0.04108687
v 0.29752600 -0.27603501 -0.41871700
v 0.29751050 0.03612462 -0.40510443
v 0.30427384 0.05204573 -0.05278705
v 0.30065253 -0.22404499 -0.19378850
v 0.30307749 -0.09706744 -0.10486262
v 0.30313307 0.12545262 -0.14774515
v 0.30293944 0.21834955 0.03526366
v 0.30313405 0.19955693 0.10611507
v 0.30515099 0.02519600 0.03642750
v 0.30497301 -0.09311250 0.12182587
v 0.30362272 -0.12466903 -0.00728650
v 0.30302149 0.21100475 0.18996300
v 0.30141643 0.23166944 0.28271276
v 0.30559894 0.04100094 0.12360525
v 0.30248576 0.11915000 0.39672375
v 0.30315250 -0.01360319 0.35517043
v 0.30554700 -0.03495387 0.18284824
v 0.30083594 -0.25718293 0.06946831
v 0.30457112 0.06387300 0.24489337
v 0.29983699 -0.27734300 0.19102600
v 0.30237874 -0.10634062 0.37586650
v 0.30257985 -0.18647960 0.23272049
v 0.30272624 -0.09356300 0.34232900
v 0.30180201 -0.14396513 0.39498737
v -0.30119151 -0.27720600 0.41828400
v -0.30281150 -0.26867613 0.24196425
v -0.30253145 -0.26548395 0.18368869
v -0.30322751 -0.16866601 0.34807450
v -0.30267400 0.21847001 0.28484601
v -0.30222762 0.22172862 0.35327414
v -0.30297303 -0.01435974 0.22144251
v -0.30110201 0.15384500 0.38901001
v -0.30010891 0.25057265 0.40530124
v -0.21205138 0.24410994 0.44513875
v -0.05989369 0.19325550 0.44281411
v -0.14427149 0.24421725 0.44439137
v 0.09599523 0.21120735 0.44180965
v 0.23292881 0.09278581 0.44339424
v 0.15565613 0.12590900 0.44171637
v 0.18589897 0.09928728 0.44273743
v 0.30078799 -0.26622501 0.13440500
v 0.30003750 -0.26244467 -0.10061300
v 0.30173653 -0.18720280 -0.10439617
v -0.24279937 -0.29776850 -0.38957301
v -0.04461231 -0.29854456 -0.19544500
v 0.14844675 -0.30070981 -0.37814575
v 0.22000325 -0.29943770 -0.35806426
v 0.13859084 -0.29794750 -0.17722806
v 0.27739602 -0.29649815 -0.10870572
v 0.22103731 -0.29722479 -0.10244850
v 0.16903700 -0.29766250 -0.07655800
v 0.18004394 -0.29776236 -0.12734850
v 0.16180900 -0.29754600 -0.15306950
v 0.09892900 -0.29800618 -0.31631556
v 0.08272097 -0.29856858 -0.19132081
v -0.28080112 -0.29469419 -0.25031558
v -0.08245125 -0.29571950 -0.25862136
v -0.14310674 -0.29679036 -0.13611543
v -0.18636900 -0.29460874 -0.18943900
v -0.08281568 -0.29846126 -0.13618176
v -0.09969400 -0.29517174 -0.22447994
v -0.16762251 -0.29393849 -0.25128299
v -0.28250250 -0.29401988 0.02154294
v -0.10534250 -0.29821700 -0.06133700
v -0.28111440 -0.29444367 -0.06469550
v -0.14498016 -0.29692227 -0.02462934
v -0.21889675 -0.29518926 -0.02449200
v -0.28467381 -0.29345843 0.15761563
v 0.27487236 -0.29453114 0.24090113
v 0.21156612 -0.29405126 0.24388237
v 0.27664426 -0.29495537 0.12677249
v -0.01999900 -0.30115950 -0.10147975
v 0.26903799 -0.29454899 0.18295600
v 0.07797975 -0.29884139 -0.04458050
v 0.22463082 -0.29642916 0.05374819
v 0.28452513 -0.29529476 0.06504188
v 0.14494707 -0.29338220 0.24770175
v 0.21981591 -0.29555282 0.10406903
v 0.28254801 -0.29581949 0.01711700
v 0.28455251 -0.29572600 -0.00457700
v 0.22792438 -0.29598331 0.07937631
v 0.04324412 -0.29976413 -0.03785100
v 0.24331588 -0.29658082 -0.00499381
v 0.14857344 -0.29749212 -0.00618706
v 0.12218300 -0.29760462 -0.01359413
v 0.18826371 -0.29709721 0.02118606
v -0.13398360 -0.29699540 0.04474181
v -0.02712750 -0.30115324 0.04248438
v -0.06781212 -0.29911044 0.09133306
v -0.10957564 -0.29815924 0.15899679
v -0.07025100 -0.29967999 0.18014251
v 0.14206649 -0.29396099 0.19210100
v -0.24322025 -0.29567364 0.30618501
v -0.28698650 -0.29293600 0.33009499
v -0.20041081 -0.29798657 0.31384301
v -0.12913901 -0.29817563 0.39198282
v -0.10400800 -0.29932600 0.34435025
v 0.18735200 -0.29607901 0.38706401
v 0.12747000 -0.29491201 0.35756999
v 0.11610669 -0.29558352 0.38787621
v 0.22337025 0.05320137 0.44328561
v 0.24411100 -0.22611625 0.44234613
v 0.20774300 -0.17521037 0.44233119
v 0.12329456 0.00323044 0.44100890
v -0.24259846 0.10077075 0.44556090
v -0.15996163 0.10021187 0.44420731
v 0.05801900 -0.09963050 0.44050601
v 0.06957300 -0.17097850 0.44119951
v -0.03503612 0.00160822 0.44042736
v -0.10214675 0.04503550 0.43970138
v -0.06460743 -0.10884331 0.44218218
v -0.12559837 -0.04305137 0.44156900
v -0.16274250 -0.13516113 0.44317400
v -0.18642315 -0.01223056 0.44312963
v -0.25337666 -0.00989522 0.44566527
v 0.29888877 -0.12067948 -0.33379200
v 0.29900911 -0.25429603 -0.33328664
v 0.02862831 0.30296138 -0.21641925
v 0.29830524 -0.28154057 -0.38022450
v 0.27514812 -0.29841363 -0.36280599
v -0.29821700 -0.19970550 -0.27023926
v -0.10780275 -0.29527751 -0.31440875
v 0.26549926 -0.29815793 -0.32887781
v -0.01551850 0.30359963 -0.22716713
v -0.08234800 -0.29843500 -0.34422001
v -0.29509249 0.12125962 -0.23215237
v -0.28058013 0.29854468 -0.17506932
v -0.23125838 0.29989412 -0.22908475
v 0.17629680 -0.29851910 -0.32854313
v -0.23142999 -0.29496500 -0.31222850
v -0.02470775 -0.30186114 -0.32434806
v -0.29579863 0.27278700 -0.20470400
v -0.14161757 0.30093837 -0.20505574
v 0.29926109 -0.01504448 -0.33527911
v 0.29885849 -0.28012413 -0.33079514
v 0.22019300 0.29904392 -0.23037738
v -0.13839225 -0.29618824 -0.33870062
v -0.29519144 -0.07043300 -0.27623087
v -0.29537877 -0.00368034 -0.25176498
v -0.29637462 0.09001237 -0.19983850
v -0.23523244 -0.29589558 -0.34265295
v 0.08196875 0.30127275 -0.21170475
v -0.28466463 -0.29530337 -0.34344450
v -0.28361863 -0.29480487 -0.29171851
v 0.29846746 -0.22429150 -0.36002749
v 0.25148484 -0.29977998 -0.38078418
v -0.30001336 -0.27386701 -0.26621962
v -0.29427350 0.14440000 -0.25478750
v -0.29331139 0.06501275 -0.27860874
v -0.19936176 0.28127649 -0.43901849
v -0.06099838 0.30258238 -0.19513150
v 0.07310087 -0.30092162 -0.38228813
v -0.01953569 0.30325407 -0.25643730
v -0.13265499 0.30065501 -0.20552500
v -0.29504246 0.27980906 -0.24083234
v -0.29453075 0.26774713 -0.27753776
v -0.29217550 -0.00796288 -0.31422663
v -0.29357299 -0.09467900 -0.32249799
v -0.27667776 0.29910174 -0.23674825
v -0.02631913 -0.30428311 -0.36940163
v -0.29790860 -0.04927953 -0.20344754
v 0.13525538 0.30008274 -0.21197662
v 0.30273938 0.15437682 -0.23297425
v 0.19479226 -0.29717413 -0.30182087
v 0.26642206 0.29808176 -0.19976707
v 0.29830813 -0.27014601 -0.39074326
v -0.14604913 -0.29823250 -0.37412775
v -0.29682103 0.23213619 -0.15458742
v 0.28607076 0.29743299 -0.18821725
v 0.30234864 0.01230716 -0.23568425
v 0.29778150 -0.16658200 -0.38226399
v -0.29432338 0.28261039 -0.27958575
v 0.19329512 -0.30072951 -0.38517037
v -0.30036250 -0.27899736 -0.23443612
v -0.00709366 0.30341560 -0.28679645
v -0.29809374 0.08960187 -0.14343324
v 0.30187163 -0.10304032 -0.23529191
v -0.26312295 0.29974192 -0.27679193
v -0.21856087 -0.29721388 -0.37096649
v 0.29808003 -0.08783381 -0.37235069
v -0.29808712 -0.02025248 -0.18954003
v -0.29309684 -0.11110572 -0.35552925
v -0.11284775 -0.29461426 -0.24829450
v 0.09188525 -0.29908451 -0.25436124
v -0.29942563 -0.16562863 -0.20363988
v -0.27945650 -0.29457450 -0.20237750
v -0.29891860 -0.01118919 -0.16002119
v 0.30259329 0.02763828 -0.20063403
v 0.30118608 -0.18616869 -0.22914664
v -0.30006996 -0.12771818 -0.17577113
v 0.23435436 -0.29820850 -0.26018578
v -0.05881081 -0.29747900 -0.23003407
v 0.26893574 -0.30083501 -0.41233176
v 0.08339100 -0.30085850 -0.38815314
v -0.29534125 0.25738126 -0.23073325
v 0.30295318 0.16494881 -0.17762457
v 0.30202854 -0.08832217 -0.20650031
v -0.29707274 0.22151326 -0.11482300
v -0.27992451 0.29810801 -0.08800575
v 0.14398000 -0.30173799 -0.39853600
v 0.28331226 -0.29683876 -0.21789449
v -0.29849800 -0.27400663 -0.38662225
v 0.10826605 0.30087253 -0.12310573
v -0.28220594 -0.29594675 -0.37714663
v 0.05269137 -0.30228657 -0.41031450
v -0.01057500 -0.30073899 -0.22020400
v -0.30117199 -0.23748675 -0.17117094
v 0.30289951 0.01485431 -0.16615659
v -0.29962757 -0.02333105 -0.13620006
v -0.07822144 0.30189145 -0.07799375
v -0.30095726 -0.27888274 -0.16518831
v 0.29944417 -0.27516392 -0.19269469
v 0.30317292 0.22308300 -0.11435450
v 0.06253991 0.30231932 -0.09226553
v 0.29658449 -0.21729863 -0.42128149
v 0.24514775 -0.29749751 -0.20450900
v -0.13332510 -0.29588744 -0.17355999
v -0.29726544 0.22845341 -0.07500318
v -0.29881397 0.03301631 -0.10835950
v -0.27742749 -0.29468125 -0.16218475
v -0.12777844 0.30054957 -0.05658334
v 0.13261500 0.30027145 -0.08444919
v 0.29658413 -0.15482543 -0.42055050
v -0.29999167 -0.05101663 -0.12020558
v -0.30160525 -0.20853731 -0.13504794
v 0.27620855 -0.29694411 -0.18645619
v 0.16996101 -0.29767600 -0.19387050
v -0.27813670 0.29811138 -0.05061638
v 0.30158746 -0.17434798 -0.16259883
v -0.18061450 0.29954278 -0.04961278
v 0.20308822 -0.22189479 0.44206995
v 0.30316874 0.01625025 -0.14024550
v -0.03230400 -0.30054051 -0.13981350
v -0.30121666 -0.27853999 -0.12539384
v -0.30047560 -0.09102909 -0.09318829
v 0.30333236 0.14139867 -0.11386681
v -0.29943132 -0.01168813 -0.09659853
v -0.29758453 0.27565074 -0.03528972
v 0.29725441 -0.04568355 -0.40383011
v 0.07344963 0.30201477 -0.06971475
v -0.08221500 -0.30154899 -0.40318999
v 0.30014607 -0.25422916 -0.16339262
v -0.05572200 0.30243707 -0.03895658
v -0.28314161 -0.29471657 -0.13766874
v -0.29859498 0.04737191 -0.05432788
v -0.18746924 0.30108574 -0.31372589
v -0.29071143 -0.01065612 -0.35810274
v 0.30257699 -0.12155300 -0.13729900
v -0.12270938 -0.30055955 -0.40546256
v 0.30348182 -0.00632111 -0.10592620
v 0.14656569 -0.26303756 0.44208238
v -0.29968807 -0.02841056 -0.08258014
v 0.30371690 0.08583856 -0.09099463
v 0.13343810 0.30046153 -0.05827788
v 0.10572925 0.30096301 -0.04566963
v 0.28083649 -0.29642376 -0.15927075
v 0.29794401 -0.29127499 0.41845101
v -0.30134034 -0.18501949 -0.09180022
v 0.28703800 0.29832539 -0.35530588
v -0.27772325 0.29939836 -0.31397650
v -0.29362351 0.28311050 -0.31999001
v -0.29040039 -0.03460187 -0.38041013
v 0.07220356 -0.29881632 -0.13887294
v 0.30101821 -0.21969193 -0.13318597
v -0.28185374 -0.29673049 -0.40427876
v 0.30008999 -0.26684499 -0.13945401
v -0.20474337 -0.29561737 -0.11172825
v -0.14275625 -0.29688787 -0.10368300
v -0.27516326 -0.29470974 -0.10874525
v -0.29214299 0.21600568 -0.32069480
v 0.25343600 -0.29702401 -0.13912550
v -0.29780701 0.17401300 -0.00051500
v -0.30041176 -0.09420087 -0.05606509
v -0.03787000 -0.30030012 -0.11948347
v -0.26487014 0.29819551 0.00599212
v 0.27902400 0.29724899 -0.02953300
v -0.25612500 -0.29940400 -0.42222649
v -0.29772100 0.28489000 -0.00053800
v -0.28814501 0.09368800 -0.39111200
v -0.30149299 -0.27746275 -0.06715613
v 0.22341725 -0.27876338 -0.43486482
v 0.30354637 0.20180963 -0.04578672
v -0.29796624 0.11228931 -0.02126866
v -0.29249564 -0.13750388 -0.40812764
v -0.29895988 0.01833294 -0.02378312
v -0.28141025 0.29779789 0.00975937
v -0.30167821 -0.25741151 -0.05583050
v 0.26496750 0.29958519 -0.35521930
v -0.30108887 -0.18623450 -0.04599156
v 0.05465531 0.30372748 -0.34996590
v 0.30193368 0.28007150 -0.36843163
v -0.04431456 0.30254412 0.00152694
v -0.20191312 -0.30047011 -0.42119825
v 0.23386775 -0.24254376 -0.43566126
v -0.00166000 0.30281299 -0.33783501
v -0.15951678 -0.29661471 -0.07153619
v 0.13091600 -0.29801488 -0.10146900
v 0.29937831 -0.27959383 -0.11089887
v -0.14162250 -0.30104899 -0.42132300
v -0.29789799 -0.27931899 -0.42248899
v 0.15889899 -0.28179649 -0.43489850
v 0.03705350 0.30257300 -0.00762700
v -0.14381331 0.29984799 0.01000331
v 0.11818025 0.30014026 -0.00785550
v 0.30324295 -0.13297006 -0.06904275
v 0.30325601 0.20755930 -0.02217137
v -0.28904799 0.15429699 -0.37566212
v 0.30402464 0.12843512 -0.03844600
v 0.11122525 -0.28237674 -0.43476501
v 0.29815349 0.12732349 -0.40167099
v 0.08582025 -0.28139225 -0.43492749
v 0.09577369 0.30353394 -0.38074750
v 0.14355700 0.29934874 0.01213613
v 0.30422541 -0.04175281 -0.05245734
v 0.21949087 -0.19443312 -0.43611899
v 0.16088000 -0.23896663 -0.43550086
v -0.04417631 -0.30034769 -0.05568663
v -0.20297325 0.29884326 0.05182803
v 0.07108800 -0.27782851 -0.43499401
v -0.29328018 0.27510193 -0.34687975
v 0.05398700 -0.28163499 -0.43507600
v -0.29896751 0.13690500 0.09045100
v -0.01458650 -0.30140099 -0.05834650
v 0.30383563 -0.10915533 -0.04221333
v -0.00759488 0.30381337 0.04139037
v 0.14745513 -0.20422313 -0.43575013
v 0.29962313 0.19641168 -0.38695520
v 0.30123335 -0.23472340 -0.04932147
v -0.30040145 -0.08534200 0.00784022
v 0.30424455 -0.04627322 -0.03090158
v 0.27221799 -0.17863500 -0.43652999
v 0.02420281 0.30208468 0.04698022
v 0.08239848 -0.18937317 -0.43587059
v -0.29925272 0.04864066 0.04854144
v 0.14949749 0.29900864 0.05155288
v 0.30265775 -0.17394578 -0.04035816
v 0.29954413 -0.27850288 -0.05765488
v -0.28996649 0.23421450 -0.39842200
v -0.30165100 -0.26045349 -0.01633000
v 0.28526944 0.29632255 0.05173631
v 0.23276381 -0.29714394 -0.05554441
v 0.30368814 0.15477049 0.01279050
v -0.04882038 0.30227363 -0.34497851
v 0.11828550 -0.26150396 0.44211891
v -0.04731394 -0.28170499 -0.43549699
v 0.11479650 -0.18368319 -0.43592113
v 0.30439588 0.07084061 0.01913128
v -0.29967302 0.00676145 0.04037869
v -0.29876918 0.20680088 0.08417057
v -0.19061890 0.29891369 0.09809497
v 0.30445999 -0.03443662 -0.00847550
v 0.02676862 -0.24022862 -0.43543726
v -0.24731401 0.24331801 -0.44066599
v -0.01217050 -0.23646501 -0.43568349
v -0.27387974 0.29969013 -0.35115764
v 0.19952506 -0.06666819 -0.43658513
v 0.07147450 -0.21877000 -0.43565699
v -0.09727703 -0.27583787 -0.43607947
v -0.30175412 -0.27029857 0.02428919
v -0.00355000 -0.24460401 -0.43564099
v -0.05686531 -0.26518717 -0.43618888
v -0.29986072 0.01610254 0.06511413
v -0.02154662 0.30328849 0.10275187
v 0.30172199 -0.21017800 -0.01590350
v 0.22843800 -0.04325262 -0.43684912
v -0.30122945 -0.13536382 0.08623681
v 0.08538906 0.29992774 0.09808894
v 0.03247350 -0.29934299 -0.00988600
v -0.21575250 -0.29501888 0.02312950
v -0.29880738 0.28393325 0.11308987
v 0.30490175 -0.05836525 0.03524850
v 0.27836099 -0.29587701 -0.01704600
v 0.20357612 -0.29696381 -0.01654519
v 0.27796888 -0.01860944 -0.43723157
v 0.30336273 0.19587660 0.05980397
v -0.12185813 -0.27189174 -0.43645963
v 0.30126724 -0.23044275 -0.00661425
v -0.02475450 -0.30115336 0.01201313
v -0.10259675 -0.29816020 0.01726031
v 0.30522460 0.04363866 0.05722269
v -0.29923975 0.24937674 0.11632375
v -0.04480875 0.30205151 -0.35391876
v -0.19930381 -0.27731794 -0.43691388
v -0.18121800 0.30172899 -0.34910700
v 0.30181459 -0.21709928 0.02016258
v -0.29979587 0.02948006 0.08967213
v -0.29960901 0.27221999 0.14142200
v -0.28082699 -0.29395899 0.04927400
v 0.30509520 0.09683550 0.08136581
v -0.16336188 0.29936701 0.14205812
v 0.29957151 -0.27812237 0.01171575
v -0.00982700 0.30340275 0.14392824
v 0.07782900 0.01725400 -0.43662599
v -0.01263475 -0.30135700 0.03993838
v 0.06908944 0.29994190 0.13119724
v -0.06130787 -0.17903712 -0.43755189
v -0.20872825 -0.29492551 0.05787325
v -0.16536576 -0.22898750 -0.43883374
v 0.29804909 0.17303322 -0.41556188
v 0.30590549 0.03047825 0.07644475
v -0.30089632 -0.00814941 0.12767728
v 0.03878294 -0.12697363 -0.43652770
v -0.00357200 0.30388501 -0.23576900
v -0.23294587 0.29831776 0.15088475
v -0.23247050 -0.28163674 -0.43694800
v 0.11830181 -0.29737994 0.04768970
v -0.25623599 0.20570099 -0.44162151
v 0.30408895 -0.13138007 0.05468237
v -0.26567349 0.23460700 -0.43918499
v -0.29948774 0.28213930 0.16667375
v 0.04263123 0.30047047 0.15439650
v 0.11904012 -0.05020412 -0.43665963
v 0.30471259 0.10886597 0.11162844
v -0.12170550 -0.18097788 -0.43877488
v -0.30035403 0.13650274 0.15344529
v 0.30540258 -0.03852606 0.08766510
v 0.30312946 0.20875238 0.12672953
v -0.15625675 -0.29603112 0.09153513
v -0.16092101 -0.17500800 -0.44017801
v 0.07180900 -0.05132600 -0.43689501
v 0.30408800 -0.14002500 0.07893100
v -0.02751744 -0.30109370 0.07863625
v -0.21869338 0.30131024 -0.35812074
v -0.26102412 -0.29389375 0.09260750
v -0.00269603 -0.05033500 -0.43724671
v -0.22917600 -0.23573600 -0.43974301
v 0.25385988 0.30135801 -0.39801139
v 0.29985788 -0.27731171 0.08076878
v -0.03465338 -0.10306294 -0.43748161
v -0.07955266 0.30075952 0.18925796
v -0.30167899 -0.11722343 0.12785894
v 0.28227475 0.29602674 0.15554699
v 0.19321141 -0.29607621 0.07032090
v 0.30273560 0.22536142 0.16160311
v -0.30114809 0.14686097 0.19571225
v 0.30553281 -0.02394494 0.12485500
v 0.02348934 0.30063650 0.19192182
v 0.30483261 0.12574640 0.13648000
v 0.30324695 -0.17891212 0.09577794
v -0.28187463 -0.29353091 0.11869735
v -0.09072125 -0.12604856 -0.43864134
v 0.08884506 0.29943344 0.18840237
v -0.15934463 -0.29591963 0.10049600
v -0.30226541 -0.14356863 0.15506320
v 0.28331026 0.29584050 0.19343349
v 0.30479789 0.11257750 0.15170500
v -0.21440104 -0.29477879 0.12744807
v -0.01002050 -0.30152500 0.10101250
v 0.30380794 0.17089678 0.16889091
v 0.20000599 0.30372500 -0.42372501
v -0.01141100 0.01128400 -0.43773800
v 0.30124801 -0.25310001 0.11261000
v -0.11080810 -0.29795849 0.13239227
v -0.13009971 0.29885182 0.25533646
v 0.16537488 -0.29504713 0.12897837
v -0.28794000 0.06159700 -0.39674899
v 0.09157053 -0.29600325 0.12254347
v -0.02103919 0.30183870 0.21824695
v 0.09426900 -0.01346200 -0.43681014
v -0.29044974 -0.05304600 -0.41930851
v -0.30042326 0.28074676 0.24115087
v 0.04142341 0.30026996 0.21687815
v -0.03949203 -0.30070752 0.12988791
v 0.11511066 0.29876259 0.20883094
v -0.30207887 -0.27711958 0.14917991
v 0.30547732 -0.01512641 0.15739362
v 0.18847400 0.06315650 -0.43787250
v -0.30243400 -0.26259449 0.15119000
v 0.23132433 0.29693878 0.20873111
v -0.30274439 -0.16666056 0.19707175
v -0.28316212 0.29689607 0.24563219
v 0.30288738 -0.20229438 0.13353775
v 0.30456600 -0.12527667 0.14399992
v -0.02337644 0.30361012 -0.38318193
v 0.30545300 0.05324600 0.18216388
v -0.30208406 0.16650641 0.24098784
v 0.30469736 0.12137744 0.18558593
v -0.11636056 -0.08931407 -0.43978932
v -0.30271599 -0.04787656 0.20218232
v -0.23796500 -0.19951651 -0.44139251
v 0.11758931 0.06946237 -0.43773139
v -0.21394512 -0.29467782 0.16027425
v -0.22861300 -0.17011000 -0.44201100
v 0.23357688 -0.18862182 0.44234705
v 0.08082688 0.29928789 0.27228099
v 0.30371186 -0.16725922 0.16373150
v -0.28059050 0.29712501 0.28264451
v 0.30235738 0.21338101 0.25442001
v -0.06038600 0.04418150 -0.43891451
v 0.16773400 -0.29408199 0.18262801
v 0.30428991 0.11677447 0.22665358
v -0.08636350 -0.04921100 -0.43924350
v 0.10474150 -0.29448000 0.18017025
v -0.25426874 0.30089825 -0.37071124
v 0.30014601 -0.27283350 0.16029887
v -0.28269544 -0.29336551 0.19155957
v -0.28768250 0.10864300 -0.40435249
v -0.30243951 -0.27562499 0.20038150
v -0.30365101 -0.05035125 0.24286444
v -0.30376601 0.07052050 0.26443651
v -0.18429062 -0.29583099 0.19080187
v -0.21438125 -0.11431775 -0.44261751
v -0.28772351 0.06180200 -0.41204050
v -0.14504150 -0.07517200 -0.44092926
v 0.28197524 0.30024824 -0.41143724
v -0.30403674 -0.01709600 0.25738037
v 0.30430901 -0.11569800 0.21327101
v -0.28784499 -0.29297251 0.21373050
v 0.12426238 0.29842350 0.28209624
v 0.21779619 0.29687849 0.28220919
v -0.27887139 0.30003750 -0.38261214
v -0.28493401 0.29743901 0.31600699
v 0.09264450 0.06100225 -0.43742374
v -0.22516049 -0.29500020 0.24142088
v -0.30394149 0.16975087 0.30528799
v -0.21946694 0.30214506 -0.38346589
v 0.30324090 0.12945166 0.27234301
v -0.22835775 -0.08552275 -0.44334349
v -0.30460009 -0.02799059 0.28088662
v 0.09477600 -0.29394299 0.21001038
v 0.30437976 -0.05510825 0.24669699
v 0.07639225 0.30454850 -0.42358151
v -0.30376950 -0.20910200 0.26549450
v 0.28323600 -0.29453999 0.19213399
v 0.14216362 0.29836807 0.31275213
v 0.30028099 -0.26555124 0.24620062
v -0.28460214 -0.29320836 0.24420825
v 0.28345224 0.29546151 0.31067801
v -0.26942900 0.21647950 -0.44210050
v 0.17791615 0.29784909 0.31811979
v 0.30400300 0.03845675 0.27652389
v -0.16274425 0.30030125 0.32891974
v 0.29959187 -0.27888387 0.22875713
v 0.09414262 -0.29341114 0.24509674
v 0.30434012 -0.00437375 0.26369587
v -0.10267175 0.30131713 0.32815826
v -0.30075026 0.28298825 0.34436825
v -0.27669650 0.29730788 0.35044870
v -0.23832700 -0.12472100 -0.44354001
v 0.30046800 0.28801501 -0.42291799
v -0.30532563 0.03903162 0.30884838
v -0.03814975 -0.30079094 0.24457400
v 0.30257908 0.12976581 0.29829019
v -0.22005869 0.29910883 0.35747465
v -0.30119711 0.26978737 0.36042187
v -0.30299819 0.14384781 0.34799272
v -0.30265674 -0.27884525 0.27549642
v -0.07549462 0.30150643 0.34726250
v -0.10977800 0.30334601 -0.40665001
v -0.30382800 -0.24355701 0.29040650
v -0.26123676 -0.29424250 0.27388850
v 0.30367938 -0.09876281 0.26404420
v -0.28108424 -0.10203475 -0.44559851
v 0.05835175 -0.29443711 0.24892794
v 0.23159988 0.29677263 0.36063862
v 0.29949105 0.27673274 0.33037606
v -0.30456400 -0.10137300 0.30640301
v -0.11442637 -0.29934338 0.27267450
v 0.30194876 0.18089007 0.33350620
v -0.26018950 -0.08830050 -0.44420049
v -0.30369726 0.06295159 0.34520906
v 0.30221051 -0.17162338 0.27799264
v -0.18853794 0.29987013 0.37504449
v -0.30036756 0.27785742 0.38390276
v -0.05420450 -0.30138901 0.27180299
v 0.10632500 -0.29336450 0.27214226
v 0.30318788 -0.02884362 0.29824513
v 0.04327175 -0.29518005 0.26855794
v 0.07629219 -0.29392740 0.27208355
v 0.28117788 0.29519850 0.36788636
v -0.03170050 0.30399349 -0.40632126
v 0.28487501 -0.29429349 0.27352449
v 0.29915950 0.28030151 0.37702501
v 0.28225201 0.30060801 -0.42926949
v 0.17457750 -0.29349864 0.26568687
v -0.17224325 0.30035749 0.43342900
v -0.30307931 -0.01889031 0.34712744
v 0.26916799 -0.29438400 0.26667199
v -0.30258924 -0.05324462 0.35552189
v -0.00698800 0.08667800 -0.43779299
v -0.30362475 -0.14227875 0.33017650
v 0.29976600 -0.27448800 0.29035199
v 0.27727199 0.23571700 -0.43848500
v 0.30255949 -0.11562037 0.29841813
v 0.09524862 0.29916424 0.39266288
v 0.25402650 0.30241451 -0.42331299
v -0.28274551 -0.29379651 0.31338951
v 0.14554431 0.14677738 -0.43898344
v -0.02338600 0.06964300 -0.43885401
v -0.02277962 0.30086038 0.39750874
v -0.25442076 0.30214676 -0.39996675
v 0.08967925 -0.29382700 0.29913801
v -0.30382049 -0.20852400 0.33065125
v -0.30258411 -0.09330506 0.36001956
v 0.19259213 0.21291099 -0.43868163
v 0.29121551 0.26086849 -0.43761399
v 0.30278486 0.10653687 0.36480838
v 0.30078739 -0.22031274 0.29850963
v 0.26825199 -0.29426000 0.29821199
v 0.30196524 0.15810062 0.38083658
v -0.29106599 0.28073400 -0.41219100
v -0.30191699 -0.15225950 0.36417851
v -0.22264218 0.29999262 0.42959651
v -0.30283651 -0.27546450 0.34165925
v -0.27026051 0.29864788 0.42981550
v 0.29853362 0.27144837 0.39144987
v -0.28790301 0.07382600 -0.42449701
v 0.12255663 0.19260088 -0.43891200
v 0.11091887 -0.29421976 0.33443674
v 0.25005451 -0.29459900 0.30867451
v 0.20679276 0.29853824 0.43287024
v 0.07493725 -0.29525900 0.33914563
v -0.30139899 -0.13476650 0.38582301
v -0.07460781 0.30038470 0.43429813
v 0.11613144 0.29889476 0.43163624
v -0.28745201 0.15642500 -0.42241201
v 0.24804850 0.29774976 0.42541751
v 0.07427350 0.19008750 -0.43889251
v -0.29116875 -0.29233250 0.36261675
v 0.20881413 -0.29475987 0.33213201
v 0.29953149 -0.27792901 0.33665699
v -0.25478825 -0.29475051 0.36363739
v -0.25539401 0.03566000 -0.44325301
v 0.28253874 -0.29417950 0.33675775
v 0.29985324 0.27234975 0.41882187
v -0.30202100 -0.26248699 0.38492700
v 0.30306301 0.03281200 0.39220300
v -0.23651457 0.26392645 0.44512326
v -0.24719025 0.25614917 0.44572437
v -0.01499000 -0.30008501 0.34440199
v 0.25721738 -0.29470012 0.33688012
v 0.16274326 0.30312625 -0.43207476
v -0.04235250 0.30429250 -0.42090750
v 0.30167288 -0.17264013 0.35971412
v -0.29961750 -0.01542600 0.41794151
v 0.26684201 0.27709699 -0.43787801
v -0.06054188 0.27981639 0.44383526
v -0.11056900 -0.29917249 0.35482275
v -0.24153362 0.19308138 0.44551462
v -0.17447300 0.19429700 0.44445199
v -0.11553706 0.21530181 0.44381437
v -0.07856800 0.07044700 -0.44083399
v -0.08120750 0.24064575 0.44363299
v -0.03272412 0.25614101 0.44338000
v -0.06372775 -0.29980651 0.35825887
v -0.20273562 0.17091462 0.44471976
v -0.01663350 -0.29997650 0.35305050
v 0.04738150 0.27786300 0.44276425
v -0.23019876 -0.29538724 0.37882075
v -0.08431862 0.17332731 0.44282806
v 0.08070075 0.28162950 0.44256151
v -0.29855701 -0.11662100 0.43697500
v 0.09264731 -0.29517424 0.35716861
v -0.30002949 -0.12670025 0.41145900
v 0.30219999 0.21064000 0.42247501
v -0.28891200 0.25492099 -0.42373750
v -0.11468300 0.15762757 0.44310376
v -0.15371315 0.15507834 0.44405088
v -0.03180813 0.18290874 0.44218767
v 0.10881600 0.25201550 0.44199249
v 0.14812075 0.26112351 0.44205999
v 0.19416162 0.28324220 0.44160050
v -0.28774637 -0.29245663 0.39648825
v 0.11724075 0.25350749 0.44211176
v 0.22142169 -0.29554105 0.36427557
v -0.06633625 0.14104825 0.44182676
v 0.02374444 0.15034787 0.44187605
v 0.16511950 0.24994412 0.44203913
v -0.04072219 0.16032581 0.44139507
v -0.11905263 0.09734675 0.44252524
v 0.19452538 0.23331550 0.44236076
v -0.18180500 0.09194900 0.44417825
v -0.09611469 0.11446850 0.44157407
v 0.23647600 0.25794539 0.44195068
v -0.24729550 -0.29453045 0.39302188
v 0.14617650 0.19267023 0.44186226
v -0.01009100 0.13929500 0.44041401
v 0.30022901 -0.25009799 0.36851150
v -0.06097375 0.12377306 0.44089606
v -0.30042914 -0.23833287 0.42672175
v -0.03234987 0.09963863 0.44010213
v 0.08068225 -0.29611075 0.38287100
v -0.28382280 -0.00214280 0.44601542
v -0.17843799 0.05479512 0.44425613
v -0.07057537 0.08103400 0.44029239
v -0.04568319 0.07898337 0.43946299
v 0.27432680 0.23330219 0.43959367
v 0.00474500 0.12151525 0.44070399
v 0.16762675 0.15753800 0.44240451
v 0.10810663 0.12987362 0.44113201
v 0.13079900 0.13299638 0.44162849
v 0.19983317 0.16674243 0.44271138
v -0.29914650 -0.15713049 0.43694600
v -0.14892000 0.05109600 0.44353300
v -0.13214743 0.04023919 0.44187322
v 0.22536275 0.17658375 0.44295824
v 0.14129819 -0.19480395 0.44174984
v 0.27083850 0.21585025 0.44194362
v -0.01399150 0.07068000 0.43941975
v 0.05259775 0.11350550 0.44128701
v 0.24750750 -0.29539824 0.37742299
v 0.30189526 -0.10541500 0.39068726
v -0.15943393 0.02667494 0.44322580
v 0.11444019 0.03241116 0.44066450
v -0.20365988 0.01237994 0.44431099
v 0.08420100 0.08758019 0.44094077
v 0.02470602 0.05274122 0.44069082
v 0.03075306 -0.29821938 0.38925293
v -0.25004801 0.07274100 -0.44376299
v -0.25278899 0.06752700 -0.44340399
v -0.10580900 0.01532200 0.43935600
v -0.05068728 0.01821247 0.43957388
v -0.02114450 0.03772362 0.43977374
v -0.13695399 -0.00789300 0.44050851
v -0.12307350 -0.00080650 0.44080099
v 0.27658486 -0.29453224 0.37877199
v -0.25067100 0.07319600 -0.44372499
v -0.07983907 0.00623356 0.43970308
v 0.27612931 0.17163056 0.44343042
v -0.14978226 -0.00661925 0.44161099
v -0.22932875 -0.03522219 0.44449407
v 0.00539062 0.03571812 0.44047236
v 0.07050619 0.04081140 0.44043747
v 0.30265474 0.07787000 0.42618024
v -0.17562832 -0.05447316 0.44260484
v -0.13681200 -0.03161600 0.44088501
v 0.14071937 0.02939950 0.44107026
v 0.30336049 -0.04168425 0.42239425
v -0.23652750 -0.29540151 0.41703200
v -0.02217781 -0.29826874 0.40916401
v -0.25412801 0.07628800 -0.44377300
v -0.00742450 0.00333000 0.44042876
v -0.09562075 -0.03374075 0.44054449
v -0.08263900 0.30439851 -0.42364699
v -0.24810722 -0.07800584 0.44498494
v -0.20215106 -0.06556078 0.44315380
v -0.05923175 -0.01976000 0.44034326
v 0.05249269 -0.01604925 0.44026643
v 0.16304649 0.04128188 0.44159713
v 0.16739112 0.05763388 0.44223213
v -0.25347400 0.07526400 -0.44418699
v 0.06399800 0.27886650 -0.43823701
v 0.02239147 -0.01980266 0.44031984
v 0.27431455 0.09817056 0.44334707
v -0.16999000 -0.29713601 0.42607200
v -0.28415325 0.07101900 -0.44483051
v -0.15601094 -0.09134925 0.44283119
v -0.02064244 -0.03437363 0.44111174
v -0.08694275 -0.06556350 0.44159675
v -0.27467099 -0.29497901 0.43408799
v -0.22221063 -0.09845018 0.44406268
v -0.24722713 -0.10202613 0.44500807
v -0.06371219 -0.06224850 0.44154006
v -0.11769700 -0.07433613 0.44217950
v 0.08972894 -0.02968119 0.44036350
v 0.20962119 -0.00641662 0.44286036
v -0.20969599 -0.12906425 0.44395849
v -0.00390531 -0.05749875 0.44035476
v 0.30056399 -0.22622700 0.40875301
v -0.30044550 -0.26698649 0.43469700
v 0.17814650 -0.01148500 0.44214550
v -0.27978000 0.07518100 -0.44528800
v -0.28140599 0.07383900 -0.44544700
v -0.28253850 0.07391650 -0.44555399
v -0.13065851 -0.11778487 0.44263136
v 0.29961762 -0.27114624 0.39479676
v -0.01156900 0.27674600 -0.43856499
v -0.09819425 -0.09938838 0.44185174
v 0.27587089 0.05685825 0.44414186
v 0.30201751 -0.13196450 0.41417849
v -0.03328016 -0.08080663 0.44133756
v -0.23469649 -0.29619899 0.43105075
v -0.28247601 0.07391900 -0.44558001
v -0.28095499 0.09977800 -0.44231501
v -0.27846625 -0.15189475 0.44599199
v -0.08510707 -0.12455525 0.44222924
v 0.02188400 -0.08277700 0.43945599
v -0.15829401 0.16872349 -0.44146550
v -0.00789750 -0.09737450 0.44025251
v 0.14583576 -0.09348759 0.44135523
v 0.30293250 -0.13115899 0.42259249
v -0.25191569 -0.17916037 0.44589156
v 0.11673100 -0.10513450 0.44104251
v 0.04291275 -0.09434438 0.43994200
v -0.20343225 -0.21818700 0.44520500
v 0.17010801 -0.05602300 0.44204000
v -0.17000675 -0.15833551 0.44377625
v -0.14323699 -0.17209500 0.44350299
v -0.12870650 -0.15112075 0.44295299
v -0.03925850 -0.12816650 0.44199899
v -0.28652799 0.20399600 -0.43183199
v -0.23697001 0.30458099 -0.42779401
v -0.09053200 0.21163900 -0.43945199
v -0.05890125 -0.17374113 0.44270501
v -0.08817650 -0.18957500 0.44284800
v -0.02610800 -0.18600699 0.44215199
v -0.25207901 0.16970500 -0.44295901
v 0.00452800 0.29576749 -0.43647000
v -0.11731050 -0.18510200 0.44337350
v 0.16197149 -0.09872400 0.44141749
v -0.19265100 -0.21390100 0.44465449
v -0.27849200 0.14750899 -0.44551000
v -0.11604550 0.27413151 -0.43908149
v -0.04284400 0.29469699 -0.43711600
v -0.28834525 -0.26675501 0.44680801
v -0.26566949 -0.27461600 0.44591099
v -0.05640000 -0.20681199 0.44277599
v -0.20835550 -0.27422351 0.44542149
v -0.09065612 -0.23894237 0.44329295
v -0.00692800 -0.20087400 0.44179699
v 0.27610600 -0.07769200 0.44309101
v 0.30062500 -0.12609300 0.43363050
v -0.05349188 -0.24740687 0.44292164
v -0.10273650 0.28185201 -0.43844101
v -0.16983300 0.24591500 -0.44017401
v -0.03602540 -0.25251752 0.44274852
v 0.02195912 -0.22664350 0.44171250
v -0.17909200 -0.27623475 0.44505501
v -0.16952001 -0.24032600 0.44508401
v -0.14760324 -0.27850875 0.44446376
v 0.30150688 -0.21604368 0.42341143
v -0.08696237 -0.27647501 0.44364539
v -0.06136325 -0.28143200 0.44348526
v 0.23003100 -0.10711700 0.44281200
v 0.18370800 -0.13321300 0.44226301
f 7 11 1282
f 52 16 3
f 1282 17 22
f 1098 781 779
f 5 18 61
f 68 815 2236
f 81 1106 80
f 815 1291 87
f 815 87 2274
f 856 817 1291
f 1369 109 858
f 98 850 93
f 105 96 95
f 69 826 99
f 846 847 829
f 1269 1529 40
f 1440 1064 796
f 614 1498 1442
f 156 1204 162
f 1395 158 1123
f 158 1395 187
f 187 178 158
f 184 175 183
f 203 199 722
f 219 218 1133
f 234 215 236
f 247 246 242
f 962 261 428
f 880 266 1314
f 1452 665 880
f 664 2464 1451
f 664 1451 1196
f 664 1146 2458
f 1186 2451 266
f 263 976 430
f 976 263 252
f 976 252 1354
f 1349 1190 1354
f 645 1462 885
f 891 275 272
f 895 276 894
f 2369 1567 2377
f 2369 277 1567
f 1174 1173 1175
f 301 2256 293
f 298 606 902
f 1475 331 931
f 560 346 345
f 1528 770 1371
f 2111 391 2014
f 409 399 326
f 982 1185 1438
f 401 326 399
f 407 404 972
f 396 382 375
f 416 1187 299
f 421 969 1411
f 288 274 977
f 1350 434 965
f 162 452 138
f 778 774 305
f 156 138 463
f 454 881 121
f 97 62 89
f 56 31 6
f 488 110 73
f 1408 460 349
f 760 1380 1007
f 483 569 806
f 383 753 352
f 265 210 523
f 2213 945 337
f 541 347 769
f 876 242 874
f 560 340 342
f 875 874 694
f 246 874 242
f 316 1089 298
f 1096 329 314
f 307 302 600
f 487 505 1058
f 606 604 605
f 453 446 418
f 1455 1486 1268
f 289 1455 1267
f 459 410 456
f 624 1456 622
f 1186 896 605
f 626 632 685
f 1172 1461 1325
f 2292 899 1178
f 635 1419 1172
f 891 630 1176
f 898 641 1180
f 1180 641 640
f 640 2401 277
f 640 277 1180
f 640 897 2401
f 1180 277 642
f 642 1449 1503
f 1258 651 2406
f 648 1501 651
f 651 649 2406
f 1321 268 645
f 368 749 447
f 268 2458 1146
f 661 882 666
f 1315 1262 661
f 1201 661 1262
f 667 865 1218
f 669 1262 1467
f 876 254 1512
f 59 19 26
f 360 678 154
f 59 26 679
f 360 679 255
f 257 250 245
f 1208 697 239
f 705 227 699
f 468 481 473
f 710 719 1055
f 546 550 524
f 186 188 732
f 185 1127 533
f 558 602 731
f 692 111 180
f 172 692 539
f 499 280 1379
f 569 575 689
f 235 1489 735
f 543 607 536
f 1017 754 1248
f 412 752 383
f 1007 1380 312
f 235 3 1081
f 472 724 711
f 1810 564 673
f 928 1386 937
f 136 784 118
f 839 1117 838
f 1390 46 1238
f 1316 1388 1535
f 61 804 2259
f 71 816 68
f 72 811 66
f 816 71 81
f 856 1106 817
f 2274 87 90
f 2274 90 1108
f 817 93 1107
f 612 582 618
f 1115 822 115
f 126 120 122
f 128 130 127
f 843 112 1179
f 140 762 136
f 165 775 146
f 826 1309 98
f 164 1327 1301
f 629 644 612
f 741 111 172
f 1301 1125 1126
f 1106 93 817
f 191 539 692
f 1355 77 76
f 815 68 816
f 1364 860 72
f 864 196 863
f 213 225 212
f 1137 1136 703
f 691 226 240
f 694 234 236
f 874 678 876
f 673 564 1469
f 1312 1144 673
f 880 671 1431
f 1314 671 880
f 647 1146 1198
f 267 1295 1148
f 639 1104 662
f 1399 270 275
f 651 1195 894
f 1178 899 1172
f 1457 902 1453
f 1360 22 29
f 1504 1400 1486
f 289 1486 285
f 285 1486 1400
f 304 316 298
f 1162 918 318
f 1162 320 918
f 583 325 320
f 1435 11 924
f 2256 547 510
f 345 346 934
f 358 1342 943
f 492 366 359
f 373 374 1089
f 947 1435 788
f 83 779 781
f 966 395 373
f 1526 401 461
f 1270 1310 687
f 370 413 983
f 123 1368 167
f 986 288 984
f 1354 1190 976
f 958 1189 184
f 1853 1349 968
f 45 431 980
f 1207 541 433
f 1084 768 764
f 1350 440 116
f 116 198 1350
f 168 162 1204
f 529 116 530
f 612 618 629
f 467 56 101
f 999 1356 28
f 33 56 1019
f 476 62 9
f 1028 151 514
f 211 103 104
f 501 1028 791
f 516 786 283
f 538 445 1035
f 537 447 1177
f 435 446 433
f 368 471 749
f 599 536 607
f 1516 534 531
f 1066 1749 496
f 1024 62 27
f 729 487 1058
f 498 1021 88
f 609 1983 663
f 595 711 724
f 513 472 711
f 486 1045 505
f 677 653 704
f 482 740 459
f 412 750 393
f 1072 840 1071
f 300 308 398
f 1007 312 757
f 1252 1080 757
f 127 130 840
f 794 1282 11
f 451 168 1204
f 900 2252 800
f 44 1392 18
f 840 1072 125
f 69 94 54
f 93 1305 98
f 759 1299 16
f 2144 1468 1762
f 846 108 835
f 108 107 837
f 832 113 837
f 809 825 112
f 109 132 799
f 1115 115 1114
f 122 840 125
f 130 1117 840
f 571 607 688
f 144 102 1917
f 132 189 177
f 998 958 184
f 441 1003 999
f 1395 1223 187
f 252 263 965
f 703 229 209
f 958 417 1189
f 1190 428 261
f 248 241 205
f 1272 250 419
f 360 59 679
f 48 1447 1311
f 1263 673 1144
f 880 1431 879
f 988 984 299
f 2464 664 2458
f 1146 1196 1198
f 1150 1195 1285
f 1195 1150 1149
f 1148 1258 896
f 2292 1178 1419
f 1462 647 1331
f 1461 908 907
f 908 901 281
f 417 326 1189
f 279 1413 994
f 622 282 1138
f 119 1072 1166
f 1109 1239 1401
f 301 293 1505
f 409 326 417
f 1163 323 1160
f 916 589 318
f 922 547 301
f 576 325 341
f 932 934 346
f 473 1167 568
f 369 373 343
f 1532 1031 1533
f 418 435 769
f 457 731 336
f 1538 1118 118
f 590 959 971
f 974 1011 404
f 402 404 1011
f 711 595 593
f 402 1003 405
f 9 1024 103
f 348 981 985
f 994 263 279
f 273 989 261
f 425 977 274
f 152 1185 982
f 88 477 498
f 159 152 1005
f 887 138 452
f 378 940 397
f 92 450 1194
f 1345 1034 378
f 97 27 62
f 56 33 31
f 110 148 73
f 168 175 162
f 515 1228 1046
f 358 361 1342
f 516 1028 514
f 378 510 547
f 305 322 778
f 1048 356 358
f 1046 345 355
f 538 1207 445
f 190 178 187
f 1359 1039 262
f 965 263 1350
f 261 962 273
f 206 981 429
f 1352 971 431
f 1210 274 287
f 626 1135 652
f 981 416 429
f 822 1113 835
f 382 411 375
f 377 1473 392
f 408 376 377
f 350 934 932
f 634 845 571
f 629 618 662
f 659 627 1216
f 346 560 932
f 427 379 397
f 1340 932 342
f 1078 927 340
f 825 809 95
f 494 730 728
f 942 1048 359
f 330 340 927
f 526 381 509
f 1048 942 521
f 113 108 837
f 945 351 337
f 331 1475 1460
f 1460 1233 331
f 1475 1234 1338
f 313 2249 1338
f 1234 2249 331
f 922 301 1539
f 470 744 746
f 325 576 320
f 1017 1248 1016
f 400 746 760
f 1013 1012 334
f 352 312 383
f 756 410 761
f 1152 1325 1254
f 884 1317 267
f 143 1259 1261
f 157 773 963
f 1450 1145 1264
f 1266 1265 747
f 683 245 243
f 25 779 1092
f 250 231 245
f 2234 1140 2246
f 793 928 937
f 225 227 705
f 1136 229 703
f 4 924 7
f 902 606 605
f 825 95 823
f 892 54 1283
f 1131 199 203
f 847 828 829
f 864 718 717
f 852 850 90
f 1294 1130 197
f 195 863 196
f 126 117 120
f 126 119 117
f 799 132 841
f 910 281 1140
f 841 177 799
f 1461 907 910
f 294 742 614
f 1569 1470 2189
f 190 1124 178
f 716 866 191
f 1126 741 1301
f 229 216 209
f 226 1133 218
f 868 870 1397
f 697 873 239
f 248 154 253
f 102 743 1917
f 1469 1312 673
f 741 762 164
f 2067 2069 672
f 1198 666 882
f 176 590 1448
f 665 1186 266
f 1258 1148 1147
f 1150 1148 1548
f 2438 888 269
f 1548 2434 1149
f 1149 2434 1318
f 176 1265 590
f 1323 888 893
f 1287 2424 1501
f 651 2424 2423
f 1322 650 649
f 649 2423 1322
f 649 651 2422
f 2423 649 2422
f 894 2422 651
f 1501 2424 651
f 1566 2369 1170
f 277 1170 630
f 906 1330 1332
f 282 622 1153
f 307 600 317
f 586 589 303
f 583 328 325
f 1234 331 1459
f 1459 331 1233
f 1065 561 927
f 1419 1178 1172
f 364 949 953
f 146 775 1049
f 952 1030 369
f 703 203 1397
f 2391 1503 1449
f 272 1424 1449
f 384 385 386
f 386 969 387
f 1118 839 838
f 1325 635 1172
f 981 420 985
f 299 319 988
f 319 986 988
f 1210 273 425
f 854 1291 817
f 152 155 1185
f 439 442 443
f 431 45 806
f 1204 156 451
f 2406 1453 1258
f 929 124 462
f 96 75 820
f 80 856 815
f 1355 76 68
f 1254 885 1188
f 47 50 877
f 884 1186 665
f 268 1254 1325
f 537 211 447
f 1035 336 283
f 1317 2462 1295
f 435 418 446
f 13 1493 44
f 772 471 368
f 568 446 473
f 446 468 473
f 1198 882 661
f 80 816 81
f 1263 260 669
f 1568 2189 2069
f 1145 1454 1264
f 789 947 788
f 259 1312 1469
f 1355 812 811
f 1269 86 1529
f 632 626 652
f 776 114 978
f 733 1417 658
f 123 167 143
f 1104 654 662
f 55 1369 858
f 205 154 248
f 1083 1088 1085
f 678 875 154
f 770 217 1371
f 400 760 1079
f 186 1235 191
f 1689 398 448
f 693 694 236
f 549 526 559
f 696 1137 870
f 554 1055 728
f 750 751 393
f 499 532 135
f 496 509 381
f 1002 760 757
f 764 768 1000
f 1002 161 1079
f 1215 1213 1430
f 201 173 149
f 955 10 15
f 715 189 1133
f 831 16 1099
f 811 812 66
f 94 847 54
f 1355 811 77
f 1482 195 1223
f 1108 98 1110
f 829 828 830
f 108 830 107
f 118 1298 1538
f 834 118 810
f 128 801 130
f 843 339 809
f 1313 762 172
f 533 1127 294
f 39 55 36
f 202 1134 215
f 227 223 715
f 715 1133 226
f 585 620 1052
f 240 694 874
f 683 611 257
f 683 257 245
f 1023 1448 1142
f 672 2069 1143
f 1201 259 2452
f 1315 661 666
f 1238 32 1755
f 1151 889 1188
f 894 1176 895
f 881 153 463
f 289 1400 1268
f 1486 289 1268
f 1267 285 1400
f 1457 304 298
f 619 598 1240
f 2302 1280 1402
f 1403 1161 2302
f 1161 1403 1281
f 1403 1278 1281
f 1281 1402 1161
f 1427 1278 1403
f 1276 1427 1404
f 1195 1257 648
f 1465 1258 1257
f 361 946 1342
f 369 945 367
f 397 940 427
f 1330 906 285
f 966 402 405
f 1400 1504 1268
f 1267 1455 1268
f 1504 285 1267
f 1268 1504 1267
f 1473 974 392
f 432 405 1003
f 376 375 411
f 949 364 504
f 159 926 443
f 168 451 153
f 1334 588 534
f 534 1516 1334
f 2302 1277 1403
f 2302 1161 1280
f 1404 1278 1279
f 1278 1427 1276
f 1402 1281 2302
f 1161 1402 1280
f 1275 1279 1276
f 70 466 1517
f 1018 477 92
f 24 42 116
f 1548 1285 1195
f 1284 1149 1318
f 1295 1149 1285
f 1150 1284 1318
f 1192 650 2423
f 501 498 34
f 671 1314 1264
f 154 205 59
f 468 453 447
f 447 749 481
f 1167 1477 1851
f 1260 869 802
f 210 778 523
f 786 516 514
f 116 529 24
f 280 499 475
f 644 629 654
f 685 552 653
f 595 634 593
f 633 936 1082
f 135 552 1220
f 724 472 525
f 2483 2467 2482
f 505 487 486
f 482 1027 484
f 1569 1431 1470
f 315 986 321
f 321 1981 315
f 478 235 735
f 410 756 456
f 779 83 129
f 1002 1079 760
f 936 587 546
f 854 1107 87
f 626 481 471
f 498 477 34
f 392 408 377
f 1354 968 1349
f 967 423 994
f 402 1011 1003
f 1092 779 149
f 423 1410 397
f 2 789 788
f 3 40 938
f 40 3 923
f 1475 1459 1233
f 18 5 14
f 1446 2460 2357
f 69 54 892
f 41 66 803
f 1435 4 788
f 281 910 907
f 102 67 18
f 928 950 1386
f 386 385 1025
f 1225 833 827
f 821 819 119
f 944 950 933
f 118 838 136
f 508 1533 1031
f 503 502 1034
f 1048 358 943
f 353 561 1065
f 197 193 1294
f 722 723 204
f 223 213 189
f 203 1445 1131
f 220 1215 230
f 867 1430 1307
f 1212 2481 1917
f 715 226 227
f 734 493 546
f 697 699 698
f 239 246 247
f 152 121 155
f 246 240 874
f 255 682 678
f 1470 1264 1454
f 1404 1281 1278
f 304 309 316
f 1295 267 1317
f 268 885 1254
f 886 270 269
f 2234 1226 1140
f 1419 1151 1188
f 1419 635 1152
f 642 1503 2401
f 277 1449 642
f 1236 615 911
f 1251 1250 1326
f 1226 293 910
f 902 605 896
f 284 276 895
f 910 1140 1226
f 1329 285 906
f 285 1329 1332
f 1155 1308 1173
f 1329 1308 1332
f 1333 296 291
f 1461 910 293
f 911 1239 1109
f 1138 282 904
f 1109 307 914
f 606 298 1089
f 1113 1115 821
f 1164 2240 313
f 1335 1157 1331
f 307 921 914
f 301 547 2256
f 316 309 311
f 1164 318 324
f 583 314 329
f 1172 908 1461
f 1460 2249 1234
f 1475 2249 1460
f 1180 642 2401
f 363 1228 515
f 1147 1466 1257
f 1148 896 267
f 1196 1146 664
f 1029 1025 385
f 2464 666 1451
f 1450 1264 1314
f 879 1452 880
f 260 1201 1262
f 421 387 969
f 1454 1447 1470
f 676 1266 747
f 360 154 59
f 255 254 682
f 406 2014 391
f 691 240 238
f 2433 1322 2423
f 1149 1150 1548
f 1450 1314 266
f 422 429 416
f 274 1210 425
f 822 836 115
f 718 864 1306
f 224 1351 1194
f 439 175 168
f 442 159 443
f 1452 884 665
f 162 175 455
f 88 450 92
f 497 466 70
f 73 31 488
f 1126 1125 180
f 431 971 980
f 495 103 537
f 43 497 534
f 368 200 772
f 531 534 497
f 1317 879 1431
f 164 762 140
f 686 1047 626
f 1072 119 125
f 626 653 686
f 1118 838 118
f 625 721 1509
f 653 552 704
f 892 1391 69
f 57 1388 1316
f 1388 57 47
f 343 351 369
f 554 728 730
f 500 494 728
f 1365 1095 1274
f 788 4 2
f 189 213 862
f 734 754 493
f 84 996 761
f 552 135 704
f 752 753 383
f 752 393 1249
f 755 1252 352
f 1001 333 334
f 1192 894 649
f 757 201 1002
f 751 750 1016
f 161 1002 129
f 149 129 201
f 52 3 1091
f 5 975 14
f 52 1099 16
f 900 39 920
f 478 735 513
f 54 74 58
f 1451 1198 1196
f 71 68 76
f 1106 818 91
f 1106 91 93
f 853 1110 1309
f 828 847 94
f 16 1299 2264
f 846 829 108
f 1369 132 109
f 1064 1300 801
f 130 801 1300
f 146 1123 158
f 180 111 1126
f 1235 716 191
f 1136 2472 216
f 213 223 225
f 1137 231 1136
f 1272 231 250
f 698 702 238
f 59 205 19
f 1431 671 1264
f 1451 666 1198
f 1424 2391 1180
f 2458 268 1325
f 1465 1195 1466
f 889 1254 1188
f 1258 1466 1548
f 2406 894 1453
f 1180 2401 897
f 277 2401 1503
f 2391 1449 1180
f 1180 897 1424
f 1503 2391 1424
f 898 897 277
f 277 630 1449
f 899 901 908
f 908 281 907
f 291 1156 904
f 293 1226 1505
f 1257 1466 648
f 589 916 600
f 1505 1226 1438
f 327 566 332
f 574 330 927
f 391 2111 2240
f 1089 343 373
f 1031 1037 508
f 367 372 952
f 634 595 845
f 1345 1410 967
f 891 1176 894
f 362 377 376
f 295 423 379
f 413 348 985
f 321 319 1187
f 416 321 1187
f 263 994 423
f 422 299 984
f 207 707 197
f 442 153 159
f 575 733 633
f 121 152 153
f 451 156 463
f 97 89 465
f 56 63 101
f 479 1197 78
f 1024 6 104
f 283 336 516
f 1035 283 786
f 769 433 541
f 445 1207 433
f 512 1852 519
f 490 1154 570
f 571 599 607
f 568 1167 567
f 444 457 1035
f 534 727 43
f 528 1035 786
f 24 529 774
f 528 786 265
f 210 1824 778
f 483 45 1200
f 845 1940 571
f 1334 1052 588
f 262 148 110
f 483 733 569
f 1203 824 174
f 594 1052 844
f 441 999 1020
f 1058 594 729
f 1194 206 224
f 440 1350 1661
f 1224 1058 505
f 423 295 263
f 984 988 986
f 319 299 1187
f 884 896 1186
f 484 2108 496
f 983 362 411
f 411 362 376
f 1324 486 487
f 744 470 739
f 1452 879 1317
f 487 1527 1324
f 179 280 475
f 746 744 1380
f 819 821 1114
f 1324 1374 486
f 393 1074 1249
f 402 387 421
f 333 1001 765
f 14 975 179
f 160 787 919
f 160 919 956
f 1114 117 819
f 15 1434 134
f 575 569 733
f 1031 1532 961
f 15 920 1274
f 206 1194 438
f 1013 398 1012
f 892 1098 25
f 22 17 798
f 697 698 238
f 1364 802 869
f 2441 231 2481
f 504 364 361
f 956 919 1538
f 1538 1536 956
f 72 41 1364
f 366 942 359
f 54 82 74
f 1538 919 1541
f 1106 81 818
f 1107 854 817
f 87 93 850
f 90 850 98
f 1258 1465 1466
f 885 1462 1188
f 574 327 330
f 327 332 328
f 925 323 337
f 329 328 583
f 1071 1118 1538
f 1541 1072 1071
f 839 1118 840
f 1118 1071 840
f 917 592 591
f 843 809 112
f 1236 911 1109
f 1234 1459 931
f 911 291 296
f 775 339 843
f 1156 291 615
f 615 619 1156
f 2292 281 901
f 165 146 158
f 901 899 2292
f 272 1449 630
f 1151 1419 1152
f 1325 1152 635
f 186 191 692
f 1399 1195 1320
f 186 192 1235
f 1424 272 1503
f 194 716 1235
f 598 306 289
f 212 1307 213
f 222 220 230
f 696 870 868
f 232 703 1397
f 1469 1418 1141
f 249 1068 680
f 419 250 19
f 19 250 257
f 257 26 19
f 1147 1150 2434
f 1150 1147 1148
f 1318 2434 1150
f 1302 2364 842
f 1192 649 650
f 1192 2423 2422
f 651 650 1322
f 1147 1548 1466
f 1284 1285 1149
f 1285 1284 1150
f 275 888 1323
f 886 888 275
f 1323 1503 272
f 277 897 1323
f 275 1323 272
f 1173 1174 1155
f 2471 193 204
f 1276 1279 1278
f 1427 1277 1281
f 1277 2302 1281
f 603 1421 1550
f 549 559 584
f 584 2028 549
f 436 1524 1273
f 1069 1241 1560
f 1506 1228 2127
f 504 951 949
f 1237 2162 1329
f 2162 1237 1637
f 1237 1458 2164
f 1073 332 566
f 2249 1475 1338
f 335 342 340
f 335 2248 342
f 2268 2248 335
f 285 903 1242
f 1504 906 1155
f 1155 285 1332
f 1326 624 278
f 1326 1456 624
f 278 624 903
f 1566 2370 630
f 1173 1308 1567
f 1770 2330 2355
f 2475 2463 2438
f 1569 1568 1431
f 1431 1568 1317
f 2462 1317 1568
f 1919 982 1579
f 2251 1573 2171
f 2176 1574 2251
f 2087 1579 2165
f 1581 1580 2110
f 153 881 454
f 463 153 451
f 610 1874 1600
f 1584 1882 1599
f 1964 1605 1973
f 1611 1522 554
f 1608 1598 2124
f 1615 1614 2090
f 2230 2188 2215
f 2185 781 1627
f 2169 1079 2185
f 1630 1381 449
f 2198 1271 2204
f 258 2198 1256
f 173 2196 1633
f 712 2405 1213
f 1632 1629 1634
f 1635 2140 1532
f 1532 1533 1635
f 2140 1182 1532
f 2034 2025 957
f 1981 2012 415
f 2012 2017 415
f 2025 1991 1975
f 1642 1976 1640
f 1867 1478 1479
f 1647 1940 1947
f 1651 1905 1652
f 1656 2026 520
f 1657 1361 1359
f 577 1139 1422
f 1246 1422 1139
f 1826 1661 1875
f 1044 628 623
f 725 2077 1668
f 2045 1678 2051
f 79 1407 1389
f 1493 2281 1392
f 1116 1440 128
f 1440 796 128
f 614 2379 2358
f 1442 638 614
f 1700 1699 2400
f 1804 1790 813
f 663 721 1957
f 1977 1934 1732
f 2115 1731 1733
f 674 690 1734
f 1739 1736 1735
f 1977 573 1428
f 1744 1555 2028
f 1747 1748 1749
f 2168 2161 1255
f 1 1753 2
f 2226 2214 2194
f 1755 1288 1238
f 46 1540 2282
f 1756 1441 131
f 1213 2405 1756
f 1119 2390 1430
f 2342 1760 1132
f 233 1762 249
f 2439 2470 2437
f 145 2403 171
f 1463 1768 1549
f 1773 2407 1500
f 339 1775 2343
f 1273 1524 987
f 1906 1577 1189
f 1346 1697 2311
f 1415 1704 1909
f 417 958 1950
f 1840 1883 1899
f 228 1853 1193
f 2304 2319 1483
f 436 1523 1524
f 1704 1827 1839
f 2301 2318 2317
f 168 442 439
f 1839 1801 1803
f 1854 1833 1706
f 147 912 1818
f 156 162 138
f 166 150 929
f 124 929 150
f 2311 830 2308
f 2308 828 1497
f 121 881 466
f 467 155 106
f 101 465 467
f 469 1197 1009
f 116 42 198
f 1583 1517 464
f 1780 1707 1806
f 1808 1855 1816
f 45 1815 1200
f 1797 1356 1801
f 1688 2286 2273
f 1203 1776 1794
f 1014 106 489
f 2314 2312 2254
f 2275 82 846
f 1855 1792 1815
f 1797 1782 1356
f 1022 133 1515
f 1787 1819 806
f 33 488 31
f 91 2301 1496
f 98 1305 2297
f 1787 1593 1819
f 1778 1802 1583
f 1814 1793 1811
f 853 1108 1110
f 1793 1788 1593
f 148 104 6
f 514 265 786
f 1495 2260 79
f 61 67 2284
f 1754 2282 2279
f 1800 1836 1552
f 292 772 200
f 368 447 211
f 529 305 774
f 1841 1836 1800
f 65 1290 1102
f 563 577 1206
f 446 568 555
f 1643 733 483
f 1378 1316 807
f 1717 512 1843
f 1390 50 57
f 2270 1485 804
f 1843 1721 1722
f 569 1859 1787
f 1584 1829 1825
f 1364 1693 808
f 1358 731 519
f 1595 1590 1592
f 1100 804 1485
f 2254 1296 2239
f 1858 1828 1836
f 471 1361 1135
f 626 471 1135
f 2233 2266 1389
f 1866 1705 512
f 1846 1041 548
f 540 1600 1420
f 1246 1666 1856
f 1209 1594 1870
f 1536 2233 956
f 1861 1886 1876
f 1209 1870 610
f 23 1755 1492
f 1884 1879 1869
f 1873 1896 1666
f 8 920 36
f 2222 2244 2258
f 709 1708 1367
f 1902 1664 1889
f 17 1282 8
f 1872 632 652
f 686 1916 1886
f 1895 1912 1884
f 793 20 2241
f 2237 30 790
f 780 1676 1366
f 1893 625 1720
f 1713 1426 1923
f 793 38 1491
f 923 795 40
f 1918 1949 1895
f 1915 1596 656
f 2227 2244 2212
f 1952 654 1903
f 1412 1709 1712
f 1958 1924 1702
f 627 659 646
f 1947 1949 1918
f 1968 1663 1942
f 2334 1116 2322
f 2227 2203 1093
f 668 1484 631
f 782 950 954
f 620 670 1052
f 670 865 667
f 1269 1387 86
f 1663 1990 1974
f 1711 1709 2001
f 612 1985 719
f 2185 83 781
f 613 890 1999
f 584 573 1983
f 609 584 1983
f 1667 2002 1218
f 580 695 1726
f 960 708 883
f 2023 719 1985
f 1061 2026 1989
f 1571 773 157
f 2194 2214 84
f 1992 710 2027
f 2211 947 2187
f 565 1667 708
f 2198 2204 1256
f 1004 1671 562
f 2194 84 761
f 1744 2028 1745
f 557 1744 1745
f 1607 1589 1995
f 2040 1669 2007
f 3 2207 1081
f 1673 2203 2177
f 1058 1059 585
f 2035 2049 2040
f 559 2054 2038
f 1429 526 549
f 724 525 2019
f 2068 2045 1060
f 1611 554 2071
f 2055 1611 2071
f 1256 141 2192
f 2077 725 1229
f 1002 201 129
f 1085 1088 2175
f 1618 1588 1589
f 1746 1735 2066
f 509 1748 2054
f 1615 500 728
f 767 1384 1502
f 1674 2076 2049
f 1615 2090 500
f 2092 487 729
f 2057 2078 2084
f 2077 2098 2073
f 2177 2191 1679
f 2094 2098 2077
f 1528 1371 2175
f 2179 1253 2160
f 1649 1525 520
f 334 1371 217
f 2115 1557 2093
f 986 319 321
f 1249 1074 1000
f 764 1000 1074
f 1616 1617 1614
f 2113 2108 2123
f 697 238 873
f 1620 2097 2124
f 2106 2126 1674
f 2159 2179 2166
f 2133 2099 1670
f 2118 739 494
f 1067 2117 736
f 702 698 699
f 2125 2128 1525
f 2095 2136 511
f 2124 2122 1608
f 398 308 1012
f 484 1490 2123
f 494 470 2122
f 2133 1670 2126
f 393 751 1074
f 1432 412 383
f 2142 2156 1728
f 2145 746 394
f 1750 1751 748
f 1253 1689 2136
f 1432 1630 449
f 410 459 740
f 1488 410 1069
f 1189 326 1955
f 1372 410 1488
f 2150 1488 2153
f 2150 1375 1488
f 1625 1076 1619
f 1074 2172 1084
f 754 1017 493
f 2151 1679 2135
f 1733 2150 2115
f 1691 2139 2159
f 1686 2183 2130
f 1249 1000 221
f 2166 2179 2160
f 755 221 1087
f 201 757 1087
f 311 925 343
f 1083 1253 251
f 1673 208 758
f 1528 1382 771
f 1679 2195 2181
f 995 768 2192
f 2133 1010 2146
f 1256 2204 141
f 1752 2194 2180
f 996 84 134
f 2210 1686 2207
f 802 2198 765
f 2208 1633 2196
f 990 2216 157
f 777 1385 85
f 777 978 1385
f 2221 2206 1245
f 1529 1261 1094
f 84 955 15
f 38 1387 1269
f 1954 1991 279
f 2195 2227 2212
f 2226 1737 2235
f 789 52 947
f 2216 792 1571
f 2133 2146 2132
f 1097 52 789
f 1491 795 793
f 1 1492 1753
f 20 1688 2241
f 1271 803 783
f 1628 783 803
f 1360 797 22
f 2247 32 1099
f 869 2224 1693
f 416 348 321
f 16 2264 2253
f 57 50 47
f 1628 2265 2263
f 61 2270 804
f 1626 53 58
f 1379 1736 499
f 128 127 1116
f 1392 2281 18
f 814 1495 79
f 2281 102 18
f 2137 2135 2106
f 99 826 94
f 2107 1728 2100
f 2299 1694 2289
f 2303 2297 1305
f 846 835 2275
f 1296 2295 1377
f 105 2299 96
f 362 1953 377
f 482 484 1067
f 100 139 1675
f 2303 1695 2304
f 1759 2280 2325
f 2309 2282 131
f 2321 1542 2324
f 1674 2126 2096
f 842 2336 2324
f 2336 2328 2321
f 2349 2331 2328
f 2309 1343 2335
f 1993 1971 415
f 2350 1346 2360
f 2298 2305 1756
f 2359 2337 2341
f 2360 2366 2350
f 2090 2118 500
f 2346 2345 1121
f 2102 1620 1621
f 1681 2362 1684
f 2381 1774 2365
f 2372 1121 2378
f 2362 1439 2388
f 2387 1699 2336
f 614 638 294
f 851 294 638
f 2396 2381 2395
f 2356 1698 851
f 578 2404 426
f 339 1124 2395
f 1684 2430 2419
f 1395 1123 2353
f 2387 2440 2399
f 2353 2420 1395
f 2435 2412 1443
f 1760 1758 1132
f 1761 1304 1698
f 1773 2425 2407
f 1764 2440 2387
f 186 180 188
f 188 180 2429
f 2420 1685 759
f 1678 2068 2099
f 2456 2439 2450
f 2390 862 1307
f 182 2100 2084
f 513 2084 2100
f 2460 2399 2440
f 2466 2442 190
f 195 196 1223
f 2097 2071 730
f 2469 2455 2459
f 2473 2456 2467
f 866 216 2472
f 219 1133 1396
f 2440 2443 2357
f 2480 2479 2478
f 2480 2478 214
f 712 1215 214
f 2048 2084 513
f 1917 2426 1212
f 214 220 222
f 1129 1549 1768
f 706 1474 2476
f 868 707 233
f 1917 1272 419
f 1208 239 247
f 687 1310 680
f 1917 419 871
f 249 1762 1468
f 871 419 205
f 1464 1512 254
f 672 1026 1171
f 2077 2073 1668
f 1447 1145 1311
f 1263 1467 1810
f 1467 2474 1810
f 2462 1320 1295
f 2427 1333 2453
f 2452 1573 2251
f 1461 2402 1325
f 902 896 1258
f 2438 636 893
f 1574 2452 2251
f 1461 1564 2402
f 348 413 370
f 1449 897 898
f 1188 2182 1419
f 895 1176 1247
f 1159 1547 303
f 277 2370 1566
f 1308 1566 1567
f 1308 2369 1566
f 1173 1567 277
f 2061 1227 1090
f 411 370 983
f 1747 2078 2057
f 1096 2278 2268
f 2316 1998 2261
f 1981 414 2012
f 2110 2246 1140
f 284 309 304
f 284 591 309
f 1075 2293 2231
f 1564 2243 2255
f 2296 2243 1564
f 323 309 1160
f 601 913 598
f 586 1162 589
f 2268 335 1096
f 550 1062 2070
f 579 2149 1406
f 43 106 497
f 2020 414 406
f 1075 349 1335
f 2199 2220 1444
f 1065 927 1078
f 1222 1053 2050
f 544 934 350
f 350 542 544
f 353 1168 1050
f 355 935 521
f 345 1046 939
f 374 1231 1089
f 1037 365 2213
f 437 2163 606
f 1050 2141 2173
f 351 945 369
f 1342 371 948
f 2182 460 1972
f 367 1033 372
f 961 1033 1031
f 1029 385 372
f 341 1341 2080
f 2164 2138 1637
f 2127 2016 1639
f 388 1025 389
f 2119 2072 1993
f 409 1950 460
f 969 388 1411
f 1986 2072 1639
f 725 1668 2035
f 2466 190 2465
f 1980 980 959
f 1554 2039 1747
f 404 402 421
f 2065 396 407
f 2043 396 2065
f 1922 1214 437
f 1410 423 967
f 194 1235 192
f 406 391 2020
f 2072 1986 2006
f 407 408 392
f 2003 2044 973
f 1951 987 1347
f 2014 406 2005
f 959 980 971
f 1975 1640 2016
f 1201 2394 661
f 1987 1348 1558
f 1979 415 315
f 1971 1641 1969
f 1981 1979 315
f 420 1959 362
f 1971 287 315
f 1961 287 1969
f 710 582 719
f 1642 989 1961
f 1210 287 989
f 1472 1524 1348
f 1472 987 1524
f 1941 976 1642
f 279 430 1941
f 981 1414 271
f 2031 2007 1669
f 1415 271 1901
f 1577 1835 1189
f 1349 1853 228
f 1524 1523 1348
f 1864 999 1003
f 1831 1826 1875
f 443 958 998
f 701 1057 2033
f 2008 2022 1994
f 1520 1416 1853
f 704 2032 677
f 929 462 1523
f 801 128 796
f 452 162 455
f 124 150 155
f 1816 1815 1832
f 1820 64 1785
f 1476 147 1818
f 88 1021 64
f 883 585 960
f 1809 1786 1808
f 887 872 480
f 1812 1789 92
f 2063 1576 859
f 97 63 27
f 42 24 1780
f 1707 1780 1783
f 1799 1786 1809
f 1777 1795 1779
f 27 6 1024
f 1793 1814 859
f 480 1778 1583
f 1032 489 106
f 1518 2001 1370
f 658 572 587
f 1724 1726 1956
f 612 719 582
f 498 791 1021
f 174 1184 1203
f 1022 517 506
f 1789 1824 1714
f 1821 1800 1799
f 1028 501 151
f 142 1824 210
f 1206 1205 1032
f 1716 543 28
f 774 1824 1789
f 110 1830 262
f 805 556 1778
f 103 211 537
f 1276 1404 1275
f 1275 1404 1279
f 527 1184 174
f 517 791 336
f 805 1811 1591
f 1836 1828 1552
f 1606 1973 1995
f 1363 558 457
f 473 1477 1167
f 1823 1848 1830
f 1587 1585 556
f 1837 1849 1359
f 1363 1844 1244
f 1648 1507 1508
f 1477 1047 1861
f 1850 597 1841
f 1715 602 1363
f 1423 1041 1721
f 1705 1423 512
f 727 534 588
f 616 1423 1705
f 1594 1881 1870
f 1857 1425 1664
f 1139 1873 1246
f 1867 1479 1871
f 2330 2333 2317
f 1544 2446 1446
f 1446 2446 2460
f 1962 1964 643
f 1893 616 617
f 1894 1647 1871
f 1484 668 1938
f 1664 1902 1872
f 1480 1900 1874
f 1584 1599 1586
f 1511 709 1367
f 1879 1905 1211
f 1884 1912 1897
f 1929 1725 634
f 1914 1900 1915
f 1886 1916 1713
f 1480 639 1900
f 1347 1472 403
f 1927 1904 1718
f 721 1712 1957
f 1599 1936 1586
f 1712 721 700
f 1718 1720 1928
f 689 1946 1888
f 1935 1888 1946
f 1703 1908 1665
f 1703 1702 1924
f 632 1926 685
f 1908 1703 1924
f 1952 1903 1601
f 1601 1602 1051
f 1962 662 618
f 2451 1450 266
f 1709 686 1370
f 1931 1916 1412
f 1952 1601 1051
f 1051 644 1952
f 637 643 1964
f 1507 1405 1943
f 1946 633 1082
f 621 1603 1963
f 1508 1077 1648
f 1974 1965 1665
f 1957 1710 1711
f 1599 1914 1936
f 1966 1373 1968
f 1507 1648 1989
f 552 685 1958
f 1890 1602 1881
f 667 1218 1373
f 613 1648 1077
f 1994 1982 1405
f 2441 2481 2430
f 1376 1725 1727
f 2008 1054 1507
f 668 1056 572
f 621 1613 1603
f 2002 2007 1373
f 608 1056 668
f 708 1667 865
f 1334 1516 1586
f 1896 1658 1913
f 1713 1367 1708
f 2010 1978 1572
f 1988 2024 562
f 695 2029 1723
f 1893 1720 616
f 1660 2035 2007
f 1522 710 554
f 1982 2041 2009
f 1425 1908 1889
f 686 1886 1047
f 587 550 546
f 550 2030 1062
f 2047 1062 2030
f 1739 1746 1744
f 974 407 392
f 1723 2029 2057
f 2041 1982 1090
f 1656 2061 2046
f 1747 2039 1748
f 2405 712 1306
f 1612 2050 1053
f 1555 2066 526
f 1611 2055 1610
f 2048 513 711
f 2076 2031 2060
f 1610 2055 1621
f 863 195 2410
f 1224 1383 1229
f 1062 511 2070
f 1609 1614 2064
f 1621 1620 1610
f 472 1525 525
f 1067 381 1557
f 2095 2075 1654
f 1066 2103 182
f 540 1209 610
f 2090 1614 1617
f 1609 518 2131
f 2123 2108 484
f 485 1672 1232
f 2126 1670 2096
f 482 1067 740
f 602 1715 709
f 1998 1930 1980
f 2125 1687 2128
f 2136 1689 2121
f 2117 2115 2153
f 493 2147 2131
f 738 1514 474
f 1516 1829 1586
f 2114 449 1617
f 493 1017 2147
f 2153 1488 1069
f 1138 1156 1240
f 410 740 1241
f 1040 1139 577
f 448 1013 333
f 1081 2158 1489
f 1154 1420 570
f 1244 603 1363
f 1519 2148 1514
f 312 1630 383
f 1015 1565 264
f 1248 2172 1074
f 751 1248 1074
f 1015 767 2161
f 285 1138 1240
f 567 1851 1244
f 1680 179 290
f 763 767 1015
f 2183 1259 2159
f 1244 1844 567
f 1253 2179 251
f 995 221 1000
f 2193 14 1680
f 997 996 134
f 641 1503 897
f 992 995 173
f 1039 1361 471
f 1844 1363 457
f 167 1368 1088
f 143 86 123
f 2202 2225 1095
f 2212 2222 1682
f 2185 1627 2190
f 2227 2195 2191
f 731 457 558
f 954 2221 1245
f 2188 2230 787
f 1737 1730 2235
f 1183 1358 1717
f 2211 1435 947
f 944 954 950
f 2206 1692 1690
f 1629 25 1092
f 1098 779 25
f 40 1094 938
f 347 1207 538
f 950 928 933
f 2242 14 2193
f 18 14 2242
f 923 905 795
f 2226 2252 2229
f 2186 2222 2242
f 1592 1811 1793
f 1628 2236 2223
f 2226 1357 2252
f 2215 1627 1624
f 22 797 21
f 791 1028 336
f 2253 1688 20
f 2254 1688 2262
f 2253 905 16
f 70 1825 1829
f 23 877 1288
f 1286 1388 29
f 1693 1364 869
f 803 66 2265
f 1357 2259 804
f 1283 54 58
f 49 1296 1377
f 60 1316 1378
f 67 61 18
f 1101 1292 1436
f 246 873 238
f 2271 1626 2275
f 72 860 75
f 1292 1297 1436
f 2290 1757 1378
f 2295 1102 1377
f 1103 72 75
f 1103 1537 72
f 818 71 77
f 2274 853 1391
f 1103 96 2289
f 2273 2314 2254
f 2269 2313 2272
f 1293 849 2290
f 2287 1495 1675
f 2306 1694 2299
f 2304 2297 2303
f 2318 2301 2300
f 1112 1346 2308
f 1114 115 2322
f 2327 1112 1483
f 1766 2318 2300
f 2328 1542 2321
f 2328 2322 1542
f 1019 491 488
f 2330 2317 2318
f 2329 1695 2326
f 840 122 127
f 139 2287 1675
f 131 1343 2309
f 1343 131 1441
f 170 1790 1782
f 1117 136 838
f 1049 843 1179
f 796 1064 801
f 2295 1296 2312
f 2345 2339 2333
f 269 270 2457
f 1789 1714 1018
f 1775 1006 1765
f 1766 2354 2330
f 137 1300 2347
f 1784 859 1814
f 2345 2333 1770
f 1779 1795 37
f 2291 2284 2361
f 136 1117 1300
f 136 762 784
f 1441 2335 1343
f 489 1019 1014
f 2327 145 1346
f 1356 1782 1199
f 2380 2355 2363
f 859 1788 1793
f 2351 2387 2336
f 2396 1774 2381
f 2294 1684 745
f 78 62 476
f 2398 145 171
f 966 405 395
f 2407 2380 2385
f 2403 2367 2418
f 2384 172 1543
f 2425 2414 1772
f 2404 742 1127
f 2417 2411 2412
f 111 692 172
f 2443 2364 2415
f 2439 2403 2418
f 2429 180 1125
f 1771 2431 2413
f 1309 1110 98
f 2430 1212 2419
f 2415 1767 2443
f 2446 2400 2399
f 2400 2446 2421
f 181 2429 185
f 857 732 185
f 2455 2436 2459
f 192 186 857
f 106 56 467
f 194 185 193
f 1805 1777 1826
f 241 202 2361
f 2479 2448 2447
f 2421 2485 2416
f 2074 1638 2036
f 716 1131 1445
f 717 718 2468
f 203 722 204
f 713 712 214
f 2467 2483 2473
f 2357 2443 1768
f 2473 2483 2476
f 972 1217 407
f 1134 202 241
f 1523 469 1009
f 229 1136 216
f 212 225 230
f 155 467 465
f 1891 2144 1763
f 1208 1546 1463
f 1398 1137 1310
f 1468 2144 1891
f 231 243 245
f 693 241 248
f 1812 92 1351
f 247 876 1512
f 48 176 564
f 676 48 675
f 176 1448 1023
f 1142 1141 1023
f 1312 1201 260
f 462 469 1523
f 1467 666 2474
f 1569 2189 1568
f 1145 2316 1266
f 2474 2453 2463
f 270 2462 1568
f 645 268 1146
f 1195 1287 1466
f 1295 1320 1195
f 1838 1576 1202
f 1399 275 891
f 1323 897 1503
f 2377 1566 630
f 1170 2377 630
f 2377 1170 2369
f 1308 277 2369
f 756 761 996
f 276 284 1457
f 289 285 1240
f 1944 1842 437
f 2296 293 2256
f 1265 959 590
f 1247 2283 917
f 1835 455 175
f 310 307 317
f 1340 2248 2255
f 1458 598 913
f 1236 914 913
f 310 921 307
f 586 314 1162
f 337 323 1163
f 1862 861 1645
f 579 581 2149
f 324 2240 1164
f 542 350 2255
f 1089 316 338
f 927 561 574
f 566 574 344
f 183 439 443
f 959 2261 1980
f 357 542 503
f 356 542 357
f 1832 45 980
f 922 378 547
f 529 530 447
f 2246 2110 2087
f 946 361 364
f 1046 1506 1230
f 1342 1036 943
f 2173 2141 2119
f 2127 492 948
f 1415 1191 1820
f 2143 1344 2178
f 1415 1820 941
f 949 2034 371
f 1817 256 912
f 1530 1033 961
f 2017 2062 2080
f 372 384 380
f 2162 2079 2143
f 2072 2141 1639
f 1344 2143 970
f 2127 1639 1506
f 2020 391 2085
f 2149 2089 2152
f 373 395 374
f 387 373 384
f 2143 2086 970
f 1637 2074 2079
f 971 2015 590
f 252 965 968
f 2025 2034 1991
f 461 1531 1526
f 1472 1987 403
f 2056 2021 1638
f 1003 441 432
f 1638 2021 2018
f 405 1960 395
f 2043 1636 396
f 967 1413 1991
f 1993 2006 1641
f 1704 1925 1937
f 1971 1993 1641
f 377 1953 1473
f 1986 1976 1961
f 1937 1925 1011
f 1950 1581 1972
f 1970 1558 1662
f 1642 1954 1941
f 422 416 299
f 1967 424 1930
f 295 1350 263
f 228 428 1190
f 424 1556 1921
f 1534 1840 1558
f 985 420 413
f 1961 1641 1986
f 1883 1840 1831
f 224 1854 1351
f 1348 1987 1472
f 441 861 1862
f 1833 1860 962
f 1975 1642 1640
f 153 442 168
f 2005 406 348
f 153 152 159
f 121 153 454
f 1794 1776 1840
f 1202 1813 1578
f 1578 1813 1835
f 133 941 1785
f 1955 2003 973
f 463 466 881
f 462 124 78
f 1801 1356 1803
f 1008 88 1820
f 116 440 37
f 375 376 408
f 88 64 1820
f 450 88 1008
f 1819 1788 1576
f 1197 51 1794
f 887 480 1583
f 861 1781 1476
f 1797 133 1782
f 859 480 2063
f 2334 2322 2356
f 125 119 126
f 1294 185 533
f 1304 1130 533
f 1808 1786 1855
f 533 1130 1294
f 1786 1799 1800
f 1907 1559 1939
f 1939 1214 1907
f 1802 1796 1583
f 404 1411 972
f 517 1021 791
f 1782 506 170
f 530 116 37
f 2111 2014 2089
f 270 1320 2462
f 2089 2014 1471
f 1517 1796 1825
f 70 1517 1825
f 2087 1580 1579
f 336 1028 516
f 536 1834 1020
f 265 523 347
f 527 530 1184
f 528 538 1035
f 418 769 322
f 1217 972 1182
f 433 769 435
f 1638 2101 2056
f 1972 1581 2110
f 1722 1846 1716
f 481 1477 473
f 577 1422 1551
f 2087 2110 1580
f 2083 2044 1575
f 1040 577 563
f 563 727 1040
f 1513 1479 1845
f 1721 1041 1722
f 1592 1590 1591
f 1851 1477 535
f 570 1420 1587
f 603 1715 1363
f 1591 1209 490
f 1154 540 1420
f 1848 1856 1868
f 1850 1478 1867
f 1848 1868 1425
f 1041 1423 1043
f 1861 1042 535
f 2127 957 2025
f 1849 1857 1664
f 1600 1874 1863
f 1043 1877 1719
f 545 688 607
f 571 1871 599
f 1890 1881 1594
f 385 384 372
f 1876 1887 1550
f 1480 1874 610
f 1893 1511 625
f 1338 2089 2149
f 1480 610 1104
f 1896 1910 1892
f 1037 1031 1033
f 1036 1342 948
f 365 1033 945
f 632 1902 1926
f 349 2231 2134
f 1406 2101 2138
f 521 363 515
f 522 939 1230
f 521 356 1048
f 2141 1168 522
f 2388 1543 2441
f 1732 1934 625
f 351 343 925
f 349 460 1157
f 522 345 939
f 1037 1562 1169
f 2246 2087 2165
f 643 1596 1409
f 1659 1966 1942
f 1943 1405 1932
f 1724 1928 1720
f 1508 1945 1651
f 637 1936 656
f 656 643 637
f 1966 1968 1942
f 1651 1077 1508
f 2240 2111 931
f 1665 1910 1974
f 1963 1935 1978
f 2249 313 331
f 1963 1978 621
f 1949 613 1077
f 1406 913 579
f 139 2315 1336
f 1996 1965 1984
f 2220 2283 1308
f 1990 1984 1974
f 2157 1563 2276
f 600 302 1120
f 1061 1648 1999
f 964 596 2011
f 1401 911 1120
f 2261 959 1265
f 2002 1667 2007
f 711 593 1723
f 1745 2028 1742
f 695 1554 2029
f 573 584 559
f 1333 291 904
f 2007 2031 2011
f 293 2296 1461
f 1554 1428 2039
f 2022 1982 1994
f 1605 2027 1995
f 1995 2027 1607
f 1504 1329 906
f 1461 2296 1564
f 285 1504 1330
f 557 704 1740
f 725 2035 565
f 278 903 1155
f 2030 2041 2047
f 2402 2255 2268
f 2010 2050 1612
f 1201 2452 1574
f 2453 904 1328
f 1555 526 1429
f 1604 1222 2050
f 2019 1649 1061
f 2023 2052 1055
f 2029 1747 2057
f 1059 726 725
f 1175 636 1251
f 2052 1613 1612
f 2041 1227 2047
f 1739 704 499
f 499 704 532
f 889 1152 1254
f 1589 1610 1618
f 1265 2316 2261
f 884 1452 1317
f 1383 2094 1229
f 2100 507 513
f 2316 1265 1266
f 1609 1616 1614
f 1749 509 496
f 511 734 524
f 2095 1655 2075
f 2013 1810 2475
f 1266 675 1311
f 1023 1418 564
f 678 360 255
f 26 909 679
f 684 611 683
f 2121 734 511
f 1468 1339 1068
f 1339 1464 254
f 1232 1045 485
f 242 876 247
f 137 136 1300
f 1270 244 1310
f 2103 2113 2107
f 1620 2129 2105
f 1464 1891 1570
f 1911 1512 1570
f 2004 1546 1208
f 494 739 470
f 1731 1736 1379
f 234 240 219
f 219 240 218
f 2132 1701 2112
f 1750 2142 2113
f 230 867 212
f 705 2476 2483
f 2135 2137 2151
f 2482 222 2483
f 207 2144 707
f 1027 482 456
f 482 459 456
f 867 230 1215
f 2115 2150 2153
f 1617 744 2118
f 2142 1750 748
f 222 1289 214
f 1677 1010 2126
f 1410 1345 378
f 204 707 868
f 1750 1490 1751
f 1027 1565 1490
f 718 214 2478
f 209 866 1445
f 1432 2147 750
f 748 2161 2156
f 1017 750 2147
f 746 2145 470
f 204 197 707
f 1241 1069 410
f 716 2471 1131
f 1129 1128 2477
f 2456 2473 2476
f 1016 1248 751
f 2469 2467 2454
f 400 394 746
f 394 400 2169
f 1630 312 1381
f 280 1733 1731
f 290 1010 1680
f 67 2376 2284
f 2169 2170 394
f 754 333 765
f 756 997 1565
f 286 761 410
f 308 1085 2175
f 2479 2459 2448
f 1395 1482 1223
f 763 264 1384
f 251 1088 1083
f 280 975 2184
f 990 157 758
f 1303 1132 1221
f 2202 1384 997
f 995 2196 173
f 1679 2191 2195
f 1319 978 114
f 871 2376 144
f 2196 1634 2208
f 2206 1690 1433
f 2212 2181 2195
f 86 2217 123
f 123 85 1385
f 2191 2177 2203
f 2202 134 1434
f 2208 1092 149
f 777 782 978
f 978 782 776
f 84 2214 2228
f 2454 1771 2436
f 947 52 1091
f 950 782 777
f 780 1093 963
f 1094 40 1529
f 2449 2448 2459
f 1729 975 2232
f 956 2233 2216
f 789 2 1097
f 1093 1366 12
f 1753 1097 2
f 924 4 1435
f 1093 12 13
f 928 793 2241
f 878 2448 1773
f 21 1282 22
f 2233 1407 792
f 2415 737 1767
f 900 955 2252
f 905 2253 795
f 1755 32 2247
f 2242 2222 2258
f 1683 1493 12
f 36 1286 798
f 29 1388 1360
f 1100 1561 800
f 1283 1626 2245
f 32 1238 46
f 1288 877 50
f 79 2260 1407
f 1535 807 1316
f 1290 49 1377
f 860 1364 808
f 1697 1346 2350
f 57 60 1757
f 2408 2431 2418
f 2425 1772 2386
f 1754 46 2282
f 1757 1540 1390
f 2291 2280 2270
f 1622 1624 2277
f 81 71 818
f 2264 2286 1688
f 1292 65 827
f 2274 1108 853
f 1694 1494 1105
f 1125 426 2404
f 2419 745 1684
f 1757 2290 849
f 827 1102 1111
f 1125 1301 426
f 2306 2300 1694
f 172 2384 1313
f 2383 2415 2364
f 2282 2323 2279
f 1483 1112 1497
f 830 2311 107
f 1623 1166 1072
f 1542 115 836
f 2397 2393 2409
f 2281 2294 2338
f 1676 1439 1681
f 1483 1481 2327
f 1759 2313 2269
f 2306 1765 1006
f 2330 2318 1766
f 122 125 126
f 2337 2348 1481
f 2343 809 339
f 163 848 2379
f 132 177 841
f 2368 132 2342
f 1759 2325 1758
f 762 1336 784
f 638 1394 2356
f 2371 2375 1772
f 165 339 775
f 2349 1699 1700
f 2352 2349 1700
f 1758 1760 2313
f 2385 1774 2396
f 2386 2374 2380
f 189 862 177
f 2393 2371 1772
f 2372 2397 1769
f 2384 1336 1313
f 848 163 426
f 2364 2366 2383
f 2408 2392 1769
f 766 1327 140
f 177 2390 799
f 2395 2412 2411
f 2383 2398 2415
f 1700 1761 1698
f 951 1345 2034
f 2414 2409 2393
f 1500 2407 2385
f 2385 2396 1500
f 171 737 2398
f 1122 1543 2388
f 2425 2428 2414
f 2443 1764 2364
f 177 862 2390
f 2363 2355 2354
f 2465 190 187
f 866 2472 539
f 2465 187 1223
f 2336 1699 2349
f 2348 2337 2359
f 137 766 136
f 1306 713 714
f 2440 2357 2460
f 222 2482 1289
f 2144 2484 1763
f 2325 2291 2361
f 1546 1768 1463
f 2323 1499 831
f 1499 759 831
f 1440 2358 1064
f 1570 1446 2357
f 1762 233 2144
f 237 1137 1398
f 693 253 694
f 243 231 237
f 238 240 246
f 247 1512 1208
f 2339 2345 2346
f 154 875 253
f 874 875 678
f 1775 1765 2343
f 1026 1143 1447
f 672 1143 1026
f 1810 2474 2463
f 1467 1263 669
f 2453 2474 2427
f 269 657 2438
f 2284 2376 2361
f 884 267 896
f 2438 893 888
f 886 275 270
f 1195 891 894
f 2346 2329 2339
f 1155 1174 278
f 2272 2313 2342
f 1155 1332 1330
f 1155 1330 1504
f 2293 2394 2231
f 2353 1123 2314
f 906 1332 1308
f 1308 1155 906
f 622 1138 1242
f 1455 1504 1486
f 911 1401 1239
f 1158 917 591
f 1440 1116 1394
f 139 1122 2287
f 2209 1574 1575
f 2034 949 951
f 1049 833 1225
f 2336 2321 2324
f 1162 318 589
f 314 586 1096
f 1237 306 1458
f 2234 2246 2165
f 311 338 316
f 1562 1163 592
f 2298 1756 1540
f 320 576 918
f 581 1337 2149
f 330 335 340
f 1340 2255 350
f 930 2220 1169
f 1215 712 1213
f 331 2240 931
f 2231 2209 2134
f 934 935 345
f 2264 1685 2286
f 1539 354 940
f 521 935 356
f 437 606 1231
f 357 504 361
f 460 2182 1157
f 522 1230 2141
f 117 1114 2322
f 1115 1114 821
f 374 2120 1231
f 1506 2141 1230
f 2304 1695 2319
f 1219 354 2200
f 1037 1033 365
f 1304 1761 2416
f 2157 1939 1967
f 2157 2116 1939
f 833 1292 827
f 119 835 1113
f 1530 389 1025
f 2152 2089 2056
f 2015 2154 2171
f 1765 2299 105
f 2271 119 1166
f 1638 2138 2101
f 833 1179 1297
f 1345 967 2034
f 2116 1214 1939
f 1970 1662 940
f 2363 2354 1766
f 108 113 835
f 2044 2042 1531
f 1639 2016 1640
f 2042 2044 2003
f 2275 119 2271
f 2079 2036 1636
f 1970 2059 1987
f 2303 1496 2301
f 826 98 1437
f 396 375 408
f 2303 1305 1496
f 1011 974 1937
f 1948 1919 1579
f 1862 979 1960
f 414 321 348
f 1309 826 853
f 2260 2287 2257
f 379 1899 1883
f 1920 1906 973
f 287 1971 1969
f 1975 1954 1642
f 2439 2431 2450
f 1292 833 1297
f 271 1909 1959
f 1694 1105 2288
f 271 1415 1909
f 1939 256 424
f 425 273 962
f 1818 912 1922
f 808 823 820
f 2270 61 2284
f 72 1537 811
f 1575 2176 2154
f 998 183 443
f 1582 443 926
f 439 183 175
f 438 1820 1191
f 1809 1808 424
f 1835 175 184
f 2405 2432 2389
f 858 807 55
f 861 1476 1645
f 138 887 464
f 1316 60 57
f 1296 49 2239
f 1776 1805 1831
f 1808 1816 1556
f 1238 50 1390
f 2063 1813 1202
f 1014 56 106
f 1515 133 1785
f 1785 64 1515
f 1799 1809 1817
f 2063 1202 1576
f 1706 1789 1812
f 1706 1707 1789
f 1813 2063 455
f 455 2063 872
f 1789 1018 92
f 51 1203 1794
f 50 1238 1288
f 1356 1199 1790
f 2219 1407 2260
f 1780 24 1783
f 1290 1101 1436
f 1024 9 62
f 808 1693 1692
f 1022 506 1782
f 1513 1799 1798
f 2239 49 30
f 39 36 920
f 1184 1795 1777
f 8 36 17
f 200 211 104
f 780 2219 2257
f 1183 169 170
f 1632 2236 1629
f 10 955 900
f 1200 1792 1643
f 1206 1038 1205
f 1793 1593 1592
f 785 781 1283
f 1781 1807 1513
f 1362 3 16
f 523 769 347
f 1035 457 336
f 1032 563 1206
f 418 529 453
f 445 555 444
f 433 446 445
f 553 556 1585
f 555 568 567
f 556 570 1587
f 1271 802 803
f 4 1 2
f 1361 1039 1359
f 1811 1592 1591
f 944 2239 2237
f 2241 933 928
f 512 1717 1852
f 1690 1692 2224
f 1729 2238 1730
f 1274 1434 15
f 1590 1209 1591
f 1721 512 1423
f 1584 1586 1829
f 2436 2428 2425
f 785 1627 781
f 1871 1479 599
f 1657 652 1135
f 1093 780 1366
f 2207 3 938
f 1386 85 2217
f 689 1888 1859
f 1892 1666 1896
f 571 1894 1871
f 1900 1882 1874
f 1708 1887 1713
f 878 1773 2447
f 625 1511 1367
f 1896 1873 1658
f 1044 588 628
f 616 1720 1877
f 2218 2211 2187
f 114 776 1245
f 1658 623 628
f 1913 1910 1896
f 963 773 780
f 1910 1665 1892
f 1913 1658 1942
f 646 659 1659
f 2190 2215 2188
f 1929 1927 1725
f 1958 685 1926
f 2205 2197 1433
f 1737 2194 1752
f 659 1216 1966
f 2181 1682 2167
f 1553 663 1957
f 1966 667 1373
f 1001 217 2197
f 1994 1507 1054
f 771 1433 770
f 167 1088 251
f 1968 1373 596
f 1439 1122 2388
f 1376 634 1725
f 768 1256 2192
f 1982 608 655
f 674 1553 690
f 264 997 1384
f 2170 2188 1076
f 1982 2009 608
f 992 1087 221
f 2011 1373 2007
f 1985 1613 2023
f 1255 2174 2168
f 2168 2187 235
f 1004 2024 1996
f 559 1428 573
f 562 1220 1997
f 2024 1004 562
f 565 2035 1667
f 2161 767 1255
f 1680 1010 1682
f 1671 1060 2045
f 1012 308 2175
f 1375 1752 1488
f 410 1372 286
f 1222 1604 936
f 1059 725 565
f 290 179 2155
f 1756 1430 1213
f 160 1374 1324
f 2035 1668 2049
f 2158 1686 2130
f 1723 2057 2048
f 2054 1748 2038
f 760 746 1380
f 756 1565 456
f 2041 1090 1227
f 1519 1514 1243
f 1381 1380 1070
f 1070 1380 744
f 1017 1016 750
f 1588 2092 729
f 2073 1674 2049
f 1608 1625 1598
f 1620 1618 1610
f 1027 456 1565
f 1674 2073 2098
f 2071 2097 2102
f 1687 2158 2130
f 1045 1232 505
f 2093 1738 2115
f 2137 2148 2151
f 2146 1010 458
f 333 754 734
f 2121 333 734
f 1557 2115 2117
f 1620 2105 1618
f 507 1728 478
f 1067 736 740
f 2136 2121 511
f 1672 485 474
f 2128 2130 2104
f 1489 2125 735
f 2117 2153 1560
f 2118 744 739
f 2122 470 2145
f 1489 1687 2125
f 2126 1010 2133
f 738 1243 1514
f 2122 2145 1608
f 2146 458 2155
f 1625 1619 1598
f 736 1560 740
f 412 393 752
f 2107 2142 1728
f 208 2148 1519
f 752 755 753
f 352 753 755
f 334 1012 1371
f 312 1252 757
f 760 1007 757
f 1680 1682 2186
f 2177 1679 2151
f 1084 258 1086
f 1375 2184 993
f 990 758 1374
f 1076 787 160
f 765 2198 258
f 179 1680 14
f 160 990 1374
f 1433 2197 217
f 173 201 991
f 1259 143 2179
f 2124 2129 1620
f 1686 1081 2207
f 2206 1433 771
f 978 1319 2201
f 1729 1730 1487
f 779 129 149
f 2202 1095 1384
f 2219 780 773
f 2205 2224 2197
f 2197 2224 1260
f 2114 1616 1609
f 1231 2120 437
f 2203 963 1093
f 494 2122 2097
f 1741 1736 1731
f 2233 792 2216
f 1365 1274 8
f 11 1365 794
f 2229 2252 2228
f 1688 2254 2241
f 933 2241 2254
f 2236 1631 1629
f 1098 1283 781
f 510 378 502
f 946 371 1342
f 2258 2244 44
f 496 2108 1066
f 1561 39 800
f 1736 1741 2093
f 2258 44 18
f 2365 1006 1775
f 2104 1653 1654
f 55 807 1535
f 53 1626 1283
f 182 2103 2107
f 1622 1623 919
f 1626 2271 1624
f 2265 1355 2263
f 1561 2272 1369
f 815 2274 2236
f 1688 2273 2262
f 2287 1676 2257
f 814 1536 855
f 2288 1537 2289
f 2061 2091 1654
f 525 1525 1649
f 2388 2441 2430
f 1675 814 100
f 1735 1736 2093
f 91 1696 2301
f 1681 2294 1683
f 2285 834 855
f 2282 1540 131
f 2305 849 2307
f 826 1437 1497
f 2093 1557 2066
f 2353 2273 1685
f 1695 2303 2310
f 113 832 835
f 1113 821 119
f 834 2315 100
f 1695 2310 2326
f 834 810 2315
f 842 2324 1393
f 2332 2306 1006
f 2310 2333 2326
f 2339 2329 2326
f 518 1609 1222
f 840 1117 839
f 2329 2346 2341
f 2354 2355 2330
f 1681 1684 2294
f 1336 810 784
f 2367 2327 2348
f 1774 2363 2344
f 2076 2081 2031
f 2342 1303 2368
f 2323 2335 2389
f 2386 1772 2375
f 1756 1119 1430
f 2372 2378 2397
f 742 163 2379
f 2413 1769 2397
f 2412 2395 1124
f 2045 2068 1678
f 178 1124 165
f 132 2368 1303
f 2431 2408 2413
f 1125 2404 2429
f 2389 2432 2410
f 324 2085 391
f 1227 2075 1062
f 2409 2436 1771
f 2417 2445 1500
f 2415 2398 737
f 728 2052 1053
f 185 2429 1127
f 1739 1735 1746
f 1612 1053 2052
f 2410 2432 863
f 2468 2442 2466
f 2484 2416 2485
f 2390 1307 1430
f 2454 2455 2469
f 207 197 1130
f 2478 2445 2468
f 718 1306 714
f 1607 1610 1589
f 2376 871 241
f 1130 2484 207
f 1746 2066 1555
f 234 219 1396
f 1445 203 209
f 214 1289 2480
f 215 1134 236
f 1129 1545 1549
f 1474 706 1545
f 1891 2485 1446
f 209 203 703
f 1115 1113 822
f 1134 693 236
f 232 1397 870
f 227 226 699
f 233 696 868
f 171 2437 2444
f 1545 699 1549
f 241 871 205
f 243 1398 244
f 237 1398 243
f 694 253 875
f 1068 249 1468
f 1068 1339 254
f 48 564 1026
f 176 48 676
f 1023 564 176
f 675 48 1311
f 48 1026 1447
f 1447 1143 1470
f 564 1418 1469
f 1142 2452 1141
f 1090 2046 2061
f 1611 1610 1607
f 2474 666 2464
f 2176 2171 2154
f 2458 660 2464
f 2457 657 269
f 1325 2402 2458
f 546 1222 936
f 1147 2434 1548
f 1295 1195 1149
f 1195 648 1258
f 1462 645 647
f 282 1328 904
f 1201 1574 2209
f 2427 1159 1120
f 1401 302 1109
f 1120 1159 600
f 2110 2182 1972
f 915 916 318
f 2023 1055 719
f 317 313 1337
f 1337 313 1338
f 1574 2176 1575
f 587 2030 550
f 1562 592 1169
f 592 930 1169
f 576 341 918
f 342 2248 1340
f 1337 1338 2149
f 561 344 574
f 560 342 932
f 932 1340 350
f 2213 337 1562
f 1075 2231 349
f 2243 503 542
f 2046 1090 1982
f 1220 562 2037
f 1168 560 345
f 935 934 544
f 1341 1165 1073
f 922 1539 940
f 1037 1169 508
f 508 1169 2220
f 1344 1444 2178
f 2032 557 2033
f 951 504 1034
f 945 1033 367
f 363 2127 1228
f 2157 1967 1563
f 2035 2040 2007
f 710 1522 2027
f 372 1530 1029
f 374 390 2120
f 1575 2154 2083
f 1667 2035 1660
f 1993 2053 2119
f 1606 1995 1589
f 390 1944 2120
f 2059 1970 940
f 1182 1181 389
f 2140 970 2065
f 2127 2025 2016
f 374 395 390
f 969 386 388
f 972 1181 1182
f 960 565 708
f 390 979 1944
f 2062 2017 2012
f 2015 971 1920
f 1638 2018 2036
f 2032 1518 677
f 1999 2019 1061
f 701 1745 1742
f 974 1953 1937
f 974 1473 1953
f 420 983 413
f 362 1959 1953
f 1925 1003 1011
f 348 416 981
f 315 288 986
f 1510 1273 987
f 273 1210 989
f 1883 1875 295
f 1919 1948 1005
f 1925 1704 1864
f 1349 228 1190
f 1925 1864 1003
f 1875 1883 1831
f 912 1907 1922
f 1838 1577 1906
f 1559 912 256
f 1582 1005 1580
f 441 1862 432
f 434 1853 965
f 1839 1864 1704
f 620 585 883
f 1373 2011 596
f 1826 1831 1805
f 2001 701 1553
f 621 1978 2010
f 434 1520 1853
f 594 585 1052
f 1860 1833 1854
f 962 1193 1833
f 1005 152 1521
f 1193 1806 1833
f 1838 1352 1819
f 465 124 155
f 1556 424 1808
f 1840 1776 1831
f 1338 1234 931
f 78 469 462
f 633 658 587
f 124 89 78
f 89 62 78
f 147 1781 1798
f 106 466 497
f 78 476 479
f 1988 1997 1702
f 859 1784 480
f 890 845 595
f 1994 1405 1507
f 1019 488 33
f 1784 805 480
f 631 608 668
f 631 655 608
f 1082 1572 1946
f 1946 1572 1935
f 51 495 824
f 1985 612 1603
f 1962 1605 1964
f 1022 1515 517
f 24 774 1783
f 1825 1796 1822
f 497 70 1829
f 556 553 1802
f 543 536 28
f 1183 336 1358
f 1824 774 778
f 769 523 322
f 211 200 368
f 347 538 528
f 1035 445 444
f 1177 447 530
f 1800 1821 1841
f 343 338 311
f 1952 644 654
f 551 567 1844
f 1841 1847 1836
f 602 519 731
f 1935 1963 1051
f 1211 1858 1836
f 1209 540 490
f 1850 1646 597
f 1881 1602 1601
f 519 602 1511
f 1849 1872 1657
f 1550 1042 1876
f 656 1936 1914
f 1139 623 1873
f 1705 1511 617
f 1597 1859 1888
f 1646 1884 1869
f 1928 1956 1927
f 2400 2421 1700
f 1044 623 1139
f 1644 1417 733
f 588 1044 720
f 709 1715 1708
f 1887 1708 1715
f 1879 1884 1897
f 1712 700 1426
f 1886 1713 1887
f 2375 2355 2374
f 1658 1873 623
f 1647 1947 1918
f 1426 700 1923
f 1908 1924 1889
f 1898 658 1417
f 2437 171 2403
f 1713 1916 1931
f 1890 1888 1935
f 1904 1929 688
f 625 1934 1720
f 639 1596 1900
f 1935 1602 1890
f 686 1412 1916
f 633 733 658
f 1894 571 1940
f 1945 1943 1905
f 1905 1943 1650
f 653 626 685
f 1943 1932 1650
f 1929 634 688
f 1946 689 633
f 1932 1484 1898
f 643 656 1596
f 1905 1651 1945
f 1051 1963 1603
f 1370 653 677
f 1964 1606 637
f 1964 1973 1606
f 1965 1988 1703
f 1509 663 1983
f 1885 1918 1646
f 1958 1997 552
f 1711 2001 1553
f 1718 1904 1719
f 1989 2008 1507
f 1898 1417 1644
f 1892 1908 1425
f 1727 1726 695
f 1718 1719 1877
f 1994 1054 2008
f 964 1004 1984
f 572 1056 2030
f 587 572 2030
f 2033 1745 701
f 1886 1887 1876
f 2026 1656 2022
f 557 1745 2033
f 2011 2031 1671
f 2038 2039 1428
f 2009 2041 1056
f 2031 1060 1671
f 1059 565 960
f 585 1059 960
f 890 724 2019
f 585 594 1058
f 1522 1607 2027
f 2028 1555 1429
f 2010 1572 2050
f 1744 1746 1555
f 2037 2051 1220
f 1572 1604 2050
f 1867 1885 1646
f 2023 1613 2052
f 2358 1498 614
f 2038 1748 2039
f 2060 2031 2040
f 2049 2060 2040
f 532 704 135
f 559 526 2054
f 1644 1858 1878
f 1224 1229 726
f 1749 1748 2082
f 1869 1879 1836
f 509 2082 1748
f 2088 135 2051
f 2088 2051 1678
f 651 1258 648
f 1646 1869 597
f 1042 1550 1421
f 1654 2075 1227
f 1674 2096 2076
f 581 310 1337
f 1232 2094 1383
f 2082 509 1749
f 2109 2106 2098
f 496 381 1067
f 2098 2106 1674
f 1846 545 607
f 472 2125 1525
f 1655 2095 511
f 2117 1067 1557
f 735 472 513
f 2112 2088 1678
f 535 1042 1851
f 1851 1421 1244
f 2095 1691 2136
f 2146 1701 2132
f 449 744 1617
f 1363 602 558
f 1162 314 320
f 1848 1857 1830
f 2156 235 478
f 1830 1857 1837
f 1850 1841 1821
f 398 1013 448
f 2220 917 2283
f 1677 1679 2181
f 1519 1243 758
f 755 1249 221
f 1010 2167 1682
f 1372 1488 2180
f 400 1079 2169
f 2130 2183 2159
f 768 1084 1086
f 1086 258 1256
f 1086 1256 768
f 771 770 1528
f 208 1673 2177
f 134 2202 997
f 2201 2175 1088
f 1079 83 2185
f 1039 471 772
f 1487 1730 993
f 556 490 570
f 765 1001 1260
f 1385 2201 1368
f 676 747 176
f 2183 1686 2210
f 1479 1513 1807
f 2201 1385 978
f 1529 86 1261
f 2174 1502 2218
f 141 2223 1632
f 141 1632 1634
f 262 1837 1359
f 1387 2217 86
f 1722 1716 813
f 2226 2194 1737
f 2202 1274 2225
f 529 418 322
f 1261 2210 1094
f 1802 553 1822
f 944 2237 954
f 1552 1828 1792
f 38 793 1387
f 795 1491 35
f 30 2206 2221
f 937 1387 793
f 790 30 2221
f 1591 490 805
f 1436 1692 2206
f 347 528 265
f 1753 1492 1755
f 2235 1357 2226
f 1631 2250 1629
f 7 1282 21
f 900 920 10
f 797 23 21
f 780 2257 1676
f 336 1183 506
f 148 292 104
f 200 104 292
f 36 55 1535
f 1631 2236 2274
f 1236 913 601
f 110 488 1830
f 1795 1184 530
f 1377 1102 1290
f 2263 1355 2236
f 306 598 1458
f 1355 68 2236
f 1626 58 74
f 1391 1631 2274
f 856 1291 815
f 2280 2269 1485
f 2289 1537 1103
f 852 87 850
f 1757 849 1540
f 852 90 87
f 1495 814 1675
f 1305 93 91
f 1540 849 2298
f 853 826 69
f 1811 805 1784
f 2297 2304 1437
f 1822 1796 1802
f 1024 104 103
f 119 2275 835
f 1112 2308 1497
f 832 837 1542
f 2287 1439 1676
f 1542 837 1393
f 799 2307 1293
f 2306 2299 1765
f 2291 2325 2280
f 1695 2329 2319
f 1116 120 117
f 2295 2312 1111
f 127 120 1116
f 127 122 120
f 2337 1481 2329
f 1697 842 2320
f 1032 1205 489
f 1018 1714 34
f 102 144 67
f 2305 2307 1119
f 2344 2332 1006
f 1697 2350 842
f 2281 743 102
f 2281 2338 743
f 1439 2362 1681
f 495 51 479
f 2287 1122 1439
f 2344 2363 1766
f 1498 2358 1440
f 2307 799 1119
f 489 1205 491
f 140 136 766
f 2373 2341 2346
f 1356 1804 28
f 1327 766 2379
f 2312 2314 1123
f 1769 2373 2372
f 2325 2361 1758
f 2351 1764 2387
f 145 2398 2360
f 2360 2398 2383
f 1775 2395 2381
f 6 27 63
f 851 638 2356
f 741 164 1301
f 2376 67 144
f 1761 1700 2416
f 294 1127 742
f 172 762 741
f 158 178 165
f 2425 2386 2407
f 859 1576 1788
f 1771 2413 2409
f 2419 2426 745
f 1124 190 1443
f 872 2063 480
f 2439 2418 2431
f 6 63 56
f 1807 1781 861
f 1500 2445 2447
f 1517 1583 1796
f 1779 37 440
f 2472 1543 539
f 2361 202 1758
f 2441 1543 2472
f 2485 2446 1544
f 2477 2437 2470
f 1197 469 78
f 213 1307 862
f 1020 861 441
f 1544 1446 2485
f 1768 1546 2357
f 867 1307 212
f 161 129 83
f 97 465 101
f 1891 1763 2485
f 706 2476 705
f 1917 2481 1272
f 1891 1446 1570
f 691 238 702
f 2209 2231 2394
f 244 1270 683
f 1270 684 683
f 26 684 687
f 1068 254 679
f 611 684 26
f 564 1171 1026
f 464 1517 463
f 1145 1447 1454
f 1816 1855 1815
f 1311 1145 1266
f 1573 2452 1142
f 1573 1448 590
f 2402 660 2458
f 1548 1148 1285
f 1295 1285 1148
f 2402 2278 1547
f 2453 1333 904
f 1236 601 598
f 277 1323 1175
f 1794 1009 1197
f 2394 1201 2209
f 306 1237 289
f 1326 278 1251
f 1817 147 1798
f 1326 1250 1328
f 1806 1707 1833
f 1328 1153 1326
f 1331 1157 1462
f 630 1308 2283
f 1242 624 622
f 1156 619 1240
f 1827 941 133
f 455 887 452
f 604 2267 605
f 2293 1075 1335
f 2267 2157 2276
f 1236 1109 914
f 1842 1645 1818
f 2396 2417 1500
f 318 1164 915
f 1539 301 1505
f 2178 1308 1329
f 925 311 323
f 1505 2200 1539
f 1308 2178 1444
f 324 918 341
f 566 327 574
f 2382 2348 2359
f 1194 450 438
f 566 344 1073
f 2138 1458 1406
f 931 2111 1338
f 1065 560 1168
f 1168 345 522
f 436 166 929
f 1341 344 353
f 1809 256 1817
f 515 1046 355
f 1539 2200 354
f 1338 2111 2089
f 1406 2149 2152
f 349 2134 1408
f 1033 1530 372
f 1531 2209 1575
f 1838 1202 1577
f 2140 1344 970
f 2119 2141 2072
f 384 386 387
f 1415 941 1827
f 968 965 1853
f 1548 1195 1258
f 1414 1191 1901
f 2017 2053 415
f 1639 1640 1986
f 2042 1526 1531
f 228 962 428
f 382 396 1636
f 1636 2036 382
f 382 2036 2018
f 2005 2018 2021
f 1580 1948 1579
f 382 2018 370
f 326 2003 1955
f 406 414 348
f 1961 1976 1642
f 379 1883 295
f 1582 1580 1581
f 1835 184 1189
f 224 206 429
f 422 1865 429
f 1558 1840 1899
f 1865 977 1854
f 401 399 461
f 1558 1899 1662
f 980 1921 1832
f 1191 1414 206
f 198 434 1350
f 1951 1185 1510
f 1920 971 1352
f 1185 155 1510
f 1961 1969 1641
f 1854 1706 1812
f 417 1950 409
f 1832 1815 45
f 912 147 1817
f 1645 1476 1818
f 1020 999 28
f 1019 56 1014
f 477 88 92
f 1777 1779 1826
f 2005 348 370
f 370 411 382
f 1862 1944 979
f 432 1960 405
f 1776 1777 1805
f 1790 1199 1782
f 973 2015 1920
f 489 491 1019
f 9 479 476
f 43 1032 106
f 1807 861 1020
f 479 9 495
f 370 2018 2005
f 34 1714 142
f 1513 1821 1799
f 491 1205 1038
f 1939 424 1967
f 262 292 148
f 2003 326 2042
f 2373 2382 2359
f 415 2053 1993
f 423 397 379
f 1183 1843 1722
f 1200 1643 483
f 1585 1825 1822
f 457 551 1844
f 1584 1585 1863
f 1595 1597 1594
f 437 1842 1922
f 1479 1834 599
f 1847 1841 597
f 1594 1590 1595
f 404 421 1411
f 1857 1849 1837
f 1420 1863 1585
f 2079 2074 2036
f 1040 727 720
f 1043 548 1041
f 1211 1878 1858
f 1705 1866 1511
f 1511 1866 519
f 1211 1836 1879
f 1181 1411 388
f 1584 1863 1882
f 2059 403 1987
f 709 1511 602
f 1849 1664 1872
f 1550 1715 603
f 616 1705 617
f 1664 1425 1889
f 1597 1888 1890
f 427 940 1662
f 1895 1884 1646
f 1878 1898 1644
f 2138 1638 2074
f 1868 1892 1425
f 1870 1903 610
f 966 373 387
f 1879 1897 1652
f 1646 1918 1895
f 1599 1882 1914
f 1881 1903 1870
f 1912 1652 1897
f 2165 1579 982
f 1637 2138 2074
f 1928 1927 1718
f 389 1530 961
f 1924 1926 1902
f 1408 461 460
f 590 2015 2171
f 1949 1933 1895
f 2163 437 2116
f 643 1409 1962
f 663 1509 721
f 1936 637 844
f 1724 1956 1928
f 1328 282 1153
f 1945 1508 1507
f 627 667 1216
f 2418 2367 2392
f 2127 366 492
f 1974 1984 1965
f 2143 2178 2162
f 1949 1947 613
f 1962 1992 1605
f 674 609 663
f 668 572 658
f 890 613 1947
f 2000 594 844
f 1457 298 902
f 1989 1648 1061
f 503 1034 504
f 630 2283 1247
f 1988 1996 2024
f 1428 1554 580
f 1988 562 1997
f 2199 1444 1344
f 2032 1057 1518
f 2028 1429 549
f 1406 2152 2101
f 1329 2162 2178
f 1554 1747 2029
f 1744 1743 1739
f 561 353 344
f 2019 525 1649
f 1455 1237 1329
f 1060 2031 2068
f 1438 2200 1505
f 2292 1419 2182
f 1063 2061 1656
f 503 2243 510
f 1615 2064 1614
f 1053 1615 728
f 2256 510 2243
f 2049 2076 2060
f 335 330 329
f 1749 2078 1747
f 730 2071 554
f 328 332 325
f 1557 381 526
f 2061 1063 2091
f 583 320 314
f 1172 899 908
f 505 1232 1383
f 2092 2105 487
f 2103 1066 2108
f 499 135 475
f 921 310 581
f 1160 309 591
f 494 500 2118
f 2099 2132 2112
f 1563 1998 2276
f 2124 2097 2122
f 1653 2095 1654
f 2278 1096 586
f 911 296 1120
f 2106 2109 2137
f 2130 1653 2104
f 296 1333 1120
f 619 615 598
f 1672 2148 2137
f 1173 277 1175
f 1598 1619 2129
f 1728 2156 478
f 2160 1253 2136
f 2135 1679 1677
f 474 1514 2148
f 1155 903 285
f 281 2292 1140
f 2121 448 333
f 1751 1565 1015
f 383 1630 1432
f 1527 1619 1076
f 179 975 280
f 1157 2182 1462
f 1159 660 1547
f 1159 2427 660
f 394 2170 1076
f 1174 1175 1251
f 1519 758 208
f 308 300 1085
f 2438 1250 636
f 300 1083 1085
f 768 995 1000
f 2188 787 1076
f 898 1180 1449
f 1375 993 1752
f 2170 2190 2188
f 251 143 167
f 992 173 991
f 1774 2385 2380
f 1465 1257 1195
f 1147 1257 1258
f 1466 1287 648
f 1501 648 1287
f 141 1634 2192
f 1730 1752 993
f 886 269 888
f 1188 1462 2182
f 1634 2196 995
f 1198 2293 1331
f 157 2216 1571
f 2402 1547 660
f 2204 2223 141
f 2427 2464 660
f 773 1571 2219
f 937 1386 2217
f 1092 1634 1629
f 1365 1435 2211
f 2451 1145 1450
f 2013 2438 2457
f 2438 2013 2475
f 277 641 898
f 897 640 641
f 1810 2463 2475
f 1365 8 794
f 2013 2457 2067
f 745 2426 2338
f 12 1366 1676
f 13 2244 2227
f 1 4 1492
f 44 2244 13
f 1622 2230 2215
f 2013 2067 672
f 1143 2189 1470
f 1436 30 1290
f 1141 259 1469
f 1266 676 675
f 905 1362 16
f 419 19 205
f 26 257 611
f 797 47 23
f 1464 1339 1468
f 1464 1468 1891
f 1485 2269 1561
f 693 248 253
f 1512 1911 1208
f 2264 1688 2253
f 1561 1369 55
f 2266 79 1389
f 1631 1391 2250
f 1512 1464 1570
f 812 1355 2265
f 1624 2271 2277
f 1754 2279 831
f 1540 46 1390
f 2004 1911 1546
f 1549 699 1463
f 69 1391 853
f 99 94 69
f 1623 1622 2277
f 699 226 702
f 870 1137 232
f 1297 1353 1692
f 2270 2284 2291
f 237 231 1137
f 74 82 2275
f 2357 1546 1911
f 855 100 814
f 818 1494 91
f 1496 1305 91
f 2295 1111 1102
f 2305 2298 849
f 227 225 223
f 105 95 809
f 2272 132 1369
f 2310 2303 2301
f 2271 1166 2277
f 1393 107 2311
f 2309 2323 2282
f 109 799 1293
f 2273 2286 1685
f 2312 1225 1111
f 1215 220 214
f 2331 2322 2328
f 100 2315 139
f 1289 2479 2480
f 1116 2334 1394
f 2333 2339 2326
f 2341 2337 2329
f 2349 2328 2336
f 118 784 810
f 2343 105 809
f 1300 1117 130
f 1300 1064 2347
f 1225 2312 146
f 2358 2347 1064
f 1758 2313 1759
f 1121 2345 1770
f 1302 842 2350
f 1760 2342 2313
f 1289 2469 2459
f 2372 2346 1121
f 239 873 246
f 1131 723 722
f 2355 2371 1770
f 1917 871 144
f 1767 1129 1768
f 2367 2382 2392
f 1223 717 2466
f 2411 2396 2395
f 1128 2444 2477
f 339 165 1124
f 1303 2342 1132
f 1443 2412 1124
f 1221 1396 1133
f 189 1221 1133
f 2439 2437 2403
f 2444 737 171
f 195 1482 1499
f 1499 2410 195
f 1443 190 2435
f 2448 2425 1773
f 2419 1212 2426
f 2442 2435 190
f 2456 2450 2454
f 2399 2460 2446
f 2432 1306 863
f 2405 1306 2432
f 2468 2445 2442
f 2479 2447 2461
f 191 866 539
f 2456 2470 2439
f 196 717 1223
f 2445 2479 2461
f 1289 2459 2479
f 1221 215 1396
f 2376 241 2361
f 1132 202 215
f 712 713 1306
f 866 209 216
f 2469 2482 2467
f 2469 1289 2482
f 2454 2436 2455
f 1397 204 868
f 203 204 1397
f 1482 1395 2420
f 705 2483 222
f 2437 2477 2444
f 1545 706 699
f 1208 1463 699
f 680 1310 696
f 683 243 244
f 1141 1418 1023
f 1171 1810 2013
f 2189 1143 2069
f 1315 666 1467
f 894 1192 2422
f 649 894 2406
f 2423 650 651
f 2433 1287 651
f 1322 2433 651
f 2423 2424 2433
f 2067 2457 1568
f 2424 1287 2433
f 2438 657 2457
f 2463 1328 2438
f 885 1321 645
f 1195 651 1287
f 1320 270 1399
f 1152 889 1151
f 1503 641 277
f 1323 636 1175
f 1564 2255 2402
f 181 185 732
f 2356 2322 2331
f 1174 1251 278
f 132 1303 189
f 630 2370 1308
f 2370 277 1308
f 1698 2356 2352
f 1242 903 624
f 2427 1120 1333
f 1400 289 1267
f 1240 598 289
f 2447 1773 1500
f 605 2267 1186
f 1247 917 1158
f 2171 1573 590
f 2278 586 303
f 2445 2417 2442
f 1403 1277 1427
f 1427 1281 1404
f 1308 1444 2220
f 1543 172 539
f 917 2220 930
f 332 1165 341
f 325 332 341
f 2176 2251 2171
f 2220 2199 1635
f 606 2163 604
f 355 345 935
f 357 358 356
f 2429 2404 1127
f 510 502 503
f 1304 851 1698
f 353 1050 2173
f 2213 365 945
f 508 2220 1635
f 324 341 2085
f 364 953 946
f 341 1165 1341
f 1345 951 1034
f 2140 1635 2199
f 2141 1506 1639
f 2143 2079 2058
f 1769 2413 2408
f 2418 2392 2408
f 2140 2065 1182
f 2085 2012 2020
f 2116 437 1214
f 1181 972 1411
f 270 1568 2457
f 2414 2393 1772
f 1260 802 765
f 1662 1899 427
f 408 407 396
f 2012 414 2020
f 1347 987 1472
f 339 2395 1775
f 279 1991 1413
f 271 1959 420
f 1937 1953 1704
f 981 271 420
f 1581 1950 958
f 1838 1906 1920
f 2380 2363 1774
f 1944 1645 1842
f 977 1865 984
f 1441 2405 2335
f 2366 2360 2383
f 1907 912 1559
f 2379 766 137
f 1005 1521 1919
f 1336 2384 139
f 2371 2355 2375
f 1009 1534 1558
f 2344 2365 1774
f 184 183 998
f 2341 2373 2359
f 198 1520 434
f 438 450 1008
f 2356 1394 2334
f 1534 1009 1794
f 1827 1797 1839
f 2347 2358 137
f 843 1049 775
f 106 155 121
f 2364 2351 842
f 133 1797 1827
f 1517 466 463
f 1440 1394 1442
f 2351 2336 842
f 133 1022 1782
f 2387 2399 1699
f 1336 2315 810
f 1184 1777 1776
f 1203 1184 1776
f 1515 1791 517
f 6 73 148
f 495 537 824
f 210 151 142
f 142 1714 1824
f 1823 1830 488
f 1049 1179 833
f 1177 174 824
f 2340 2353 1685
f 813 169 1722
f 842 1393 2320
f 1020 1834 1807
f 2273 2353 2314
f 805 490 556
f 527 1177 530
f 169 1183 1722
f 553 1585 1822
f 2332 2300 2306
f 1481 1483 2319
f 268 1321 885
f 1595 1592 1593
f 555 567 444
f 481 468 447
f 1167 1851 567
f 1298 118 834
f 1551 1856 1848
f 1358 519 1852
f 665 266 880
f 832 1542 836
f 1851 1042 1421
f 490 540 1154
f 519 1866 512
f 1594 1209 1590
f 1848 1425 1857
f 2301 1696 2300
f 834 100 855
f 540 610 1600
f 1861 1876 1042
f 1856 1666 1868
f 1874 1882 1863
f 2299 2289 96
f 1647 1885 1867
f 616 1877 1423
f 1903 1104 610
f 825 823 1353
f 1696 91 1494
f 759 16 831
f 847 846 82
f 823 95 820
f 1650 1898 1878
f 1933 1912 1895
f 1904 1927 1929
f 818 77 1105
f 2285 855 1536
f 700 681 1923
f 1353 823 808
f 1912 1651 1652
f 1315 1467 1262
f 1700 1698 2352
f 1409 1596 639
f 1426 1931 1412
f 1712 1426 1412
f 1881 1601 1903
f 65 1292 1101
f 662 654 629
f 1932 655 1484
f 1370 686 653
f 1932 1405 655
f 2265 66 812
f 1934 1977 1720
f 1364 41 802
f 1405 1982 655
f 667 1966 1216
f 1992 1962 618
f 582 1992 618
f 1099 1754 831
f 919 2230 1622
f 1999 1648 613
f 1370 2001 1709
f 1448 1573 1142
f 670 620 883
f 1734 609 674
f 1376 593 634
f 5 61 2232
f 1727 1956 1726
f 1724 1977 1428
f 2259 2232 61
f 2219 2260 2257
f 587 936 633
f 1984 1990 964
f 2238 2259 1357
f 1742 584 609
f 936 1604 1082
f 1613 1985 1603
f 578 163 742
f 41 803 802
f 1004 964 1671
f 2011 1671 964
f 17 36 798
f 1376 1723 593
f 892 1283 1098
f 559 2038 1428
f 1056 2041 2030
f 1671 2045 2037
f 1628 2223 783
f 2239 30 2237
f 1723 2048 711
f 924 11 7
f 1753 2247 1097
f 8 1274 920
f 2071 1621 2055
f 546 518 1222
f 520 1063 1656
f 2026 1649 520
f 2236 1632 2223
f 1618 2092 1588
f 1063 520 2091
f 1062 1655 511
f 2225 1274 1095
f 38 1269 1491
f 505 1383 1224
f 790 2221 954
f 2222 2212 2244
f 2099 2068 2081
f 40 35 1269
f 84 2228 955
f 2099 2112 1678
f 2096 1670 2081
f 513 507 478
f 1232 1672 2094
f 2094 1672 2109
f 1627 2215 2190
f 2099 2133 2132
f 1690 2224 2205
f 507 2100 1728
f 2131 2114 1609
f 2130 2139 1653
f 1672 2137 2109
f 2139 1691 1653
f 1171 2013 672
f 1701 475 2088
f 738 474 485
f 736 2117 1560
f 2203 2227 2191
f 802 1271 2198
f 2147 1432 2114
f 1171 564 1810
f 474 2148 1672
f 963 2203 157
f 2166 2160 1691
f 1070 449 1381
f 2156 2168 235
f 2168 2156 2161
f 458 1010 290
f 398 1253 300
f 947 1091 2187
f 1084 764 1074
f 1083 300 1253
f 1068 679 680
f 1372 2194 286
f 2201 1319 2175
f 991 201 1087
f 2192 1634 995
f 2185 2190 2169
f 1368 2201 1088
f 2184 1487 993
f 1319 1382 2175
f 1001 2197 1260
f 2212 1682 2181
f 2186 2193 1680
f 235 1091 3
f 1261 1259 2183
f 1433 1690 2205
f 761 286 2194
f 1673 758 157
f 2218 1384 1095
f 2217 85 123
f 251 2179 143
f 1245 776 954
f 876 678 682
f 1634 1092 2208
f 2228 2214 2229
f 85 1386 950
f 2218 1095 1365
f 2186 2242 2193
f 763 1384 767
f 2174 2187 2168
f 1080 1087 757
f 2238 2235 1730
f 1488 1752 2180
f 258 2172 765
f 787 2230 919
f 2159 1259 2179
f 258 1084 2172
f 1571 792 2219
f 1627 785 2245
f 15 10 920
f 21 1492 7
f 2252 955 2228
f 13 12 1493
f 2253 20 793
f 1755 2247 1753
f 2238 2232 2259
f 1283 2245 785
f 1624 1622 2215
f 2233 1389 1407
f 22 798 29
f 2148 2177 2151
f 798 1286 29
f 352 1252 312
f 1624 1627 2245
f 797 1360 47
f 1357 1100 2252
f 23 1288 1755
f 2258 18 2242
f 47 877 23
f 36 1535 1286
f 1626 1624 2245
f 952 369 367
f 1249 755 752
f 1536 814 2266
f 312 1380 1381
f 2270 2280 1485
f 1293 807 858
f 1010 1677 2167
f 2269 2272 1561
f 54 847 82
f 2145 394 1625
f 856 80 1106
f 96 1103 75
f 87 1291 854
f 160 1324 1527
f 818 1105 1494
f 87 1107 93
f 1379 280 1731
f 96 820 95
f 2288 2289 1694
f 1293 858 109
f 1353 1297 825
f 1497 828 826
f 837 107 1393
f 827 1111 1225
f 1015 2161 748
f 1540 1756 131
f 117 119 819
f 2272 2342 132
f 2300 2332 1766
f 1310 1137 696
f 2330 1770 2333
f 1119 1756 2305
f 1442 1394 638
f 2146 2155 1701
f 1689 448 2121
f 1691 2160 2136
f 1490 1565 1751
f 2327 2367 145
f 2142 748 2156
f 2355 2380 2374
f 799 2390 1119
f 140 1327 164
f 1313 1336 762
f 1327 2379 848
f 2335 2405 2389
f 2351 2364 1764
f 1769 2392 2373
f 146 2312 1123
f 2403 145 2367
f 1301 1327 848
f 848 426 1301
f 2382 2373 2392
f 2407 2386 2380
f 2388 1684 2362
f 2417 2396 2411
f 1756 2405 1441
f 1684 2388 2430
f 2442 2417 2412
f 1128 1767 737
f 486 1243 738
f 1560 1241 740
f 2445 2461 2447
f 1527 2129 1619
f 1303 1221 189
f 192 857 194
f 2420 759 1482
f 2454 2467 2456
f 2443 1767 1768
f 1306 864 863
f 204 193 197
f 1570 2357 1911
f 717 196 864
f 2466 717 2468
f 199 1131 722
f 204 723 2471
f 716 1445 866
f 715 223 189
f 2484 2485 1763
f 1474 2470 2476
f 230 225 705
f 694 240 234
f 218 240 226
f 1137 703 232
f 241 693 1134
f 1911 2004 1208
f 249 680 696
f 249 696 233
f 1310 244 1398
f 2379 614 742
f 909 687 680
f 679 909 680
f 323 311 309
f 2452 259 1141
f 1201 1312 259
f 2069 2067 1568
f 2464 2427 2474
f 661 2394 1198
f 1145 2451 2316
f 1186 2276 2451
f 2463 2453 1328
f 1195 1399 891
f 2113 2142 2107
f 1250 2438 1328
f 636 1323 893
f 486 738 1045
f 2129 2124 1598
f 902 1258 1453
f 1653 1691 2095
f 699 706 705
f 284 895 1158
f 1158 895 1247
f 1456 1153 622
f 591 284 1158
f 2292 2182 2110
f 1401 1120 302
f 2248 2268 2255
f 2296 2256 2243
f 589 1159 303
f 2090 1617 2118
f 1160 591 592
f 2348 2327 1481
f 1337 310 317
f 1231 606 1089
f 914 921 579
f 921 581 579
f 324 318 918
f 1096 335 329
f 1163 1562 337
f 1475 931 1459
f 1460 1234 1233
f 1233 1234 1475
f 1165 332 1073
f 338 343 1089
f 2138 2164 1458
f 2261 1998 1980
f 1341 1073 344
f 356 935 544
f 521 515 355
f 503 504 357
f 521 942 363
f 135 2088 475
f 1036 948 943
f 2164 1637 1237
f 2127 363 366
f 502 378 1034
f 957 948 371
f 2102 2097 1620
f 1344 2140 2199
f 2127 948 957
f 952 372 380
f 952 380 1030
f 1637 2079 2162
f 2119 2053 2173
f 222 230 705
f 373 1030 380
f 231 1272 2481
f 2100 182 2107
f 1029 1530 1025
f 2101 2152 2056
f 2134 461 1408
f 1738 2093 1741
f 1532 389 961
f 1182 389 1532
f 2098 2094 2109
f 2080 2062 341
f 403 2059 354
f 2043 2086 2058
f 1217 1182 2065
f 390 395 1960
f 494 2097 730
f 970 2086 2065
f 2044 2083 973
f 2096 2081 2076
f 1960 979 390
f 1749 1066 2078
f 2072 2006 1993
f 1899 379 427
f 2014 2021 2056
f 2071 2102 1621
f 973 1906 1955
f 1640 1976 1986
f 1981 415 1979
f 321 414 1981
f 1735 2093 2066
f 1967 1930 1998
f 287 274 315
f 288 315 274
f 1953 1959 1909
f 1906 1189 1955
f 1642 976 989
f 977 984 288
f 989 1190 261
f 430 279 263
f 422 984 1865
f 968 1354 252
f 295 1661 1350
f 1865 224 429
f 1273 1510 436
f 1860 1854 977
f 425 962 1860
f 526 2066 1557
f 2081 2068 2031
f 1779 440 1661
f 1919 1521 152
f 1510 166 436
f 1222 1609 2064
f 1826 1779 1661
f 1835 1202 1578
f 2049 1668 2073
f 1008 1820 438
f 806 1352 431
f 1005 926 159
f 1806 1193 1416
f 1615 1053 2064
f 1515 64 1791
f 1791 64 1021
f 2377 1567 1566
f 34 477 1018
f 1790 1804 1356
f 1786 1552 1855
f 73 6 31
f 1814 1811 1784
f 1781 1513 1798
f 1823 488 491
f 1716 28 1804
f 813 1716 1804
f 1786 1800 1552
f 151 265 514
f 537 1177 824
f 1740 1739 1743
f 1787 1595 1593
f 1039 772 262
f 551 457 444
f 569 1787 806
f 1743 557 1740
f 1513 1845 1821
f 1743 1744 557
f 749 471 481
f 1829 531 497
f 512 1721 1843
f 1358 1852 1717
f 689 1859 569
f 1057 2032 2033
f 1861 535 1477
f 1244 1421 603
f 1135 1361 1657
f 1846 607 543
f 1858 1644 1643
f 1612 1613 621
f 1600 1863 1420
f 1867 1646 1850
f 597 1869 1847
f 720 1139 1040
f 1550 1887 1715
f 1660 2007 1667
f 1220 552 1997
f 1211 1905 1650
f 1902 632 1872
f 598 615 1236
f 1723 1376 695
f 1720 1718 1877
f 1480 1104 639
f 1879 1652 1905
f 2027 1605 1992
f 690 701 1742
f 1984 1004 1996
f 1989 2022 2008
f 1554 695 580
f 1999 890 2019
f 628 588 646
f 2472 231 2441
f 646 1659 628
f 700 721 681
f 1734 690 1742
f 571 688 634
f 1903 654 1104
f 1942 1663 1913
f 2478 2479 2445
f 596 964 1990
f 1651 1933 1077
f 2471 723 1131
f 668 658 1938
f 1051 1603 644
f 1218 865 1667
f 1724 1720 1977
f 1943 1945 1507
f 845 890 1940
f 644 1603 612
f 1996 1988 1965
f 2386 2375 2374
f 1572 1978 1935
f 1711 1553 1957
f 1663 1968 596
f 1663 596 1990
f 2000 844 637
f 1703 1988 1702
f 2456 2476 2470
f 670 708 865
f 883 708 670
f 1699 2399 2400
f 1983 573 1977
f 1711 1710 1709
f 1428 1726 1724
f 1572 1082 1604
f 1370 677 1518
f 701 2001 1518
f 1977 1732 1983
f 1671 2037 562
f 1989 2026 2022
f 1052 670 627
f 2032 704 557
f 1606 1589 1588
f 1656 2046 2022
f 135 1220 2051
f 2040 2031 1669
f 1607 1522 1611
f 1663 1974 1910
f 1949 1077 1933
f 1740 704 1739
f 1061 1649 2026
f 716 194 2471
f 1055 2052 728
f 1712 1710 1957
f 2070 524 550
f 524 734 546
f 1910 1913 1663
f 659 1966 1659
f 662 1962 1409
f 2084 2078 182
f 518 546 493
f 2077 1229 2094
f 2078 1066 182
f 2104 1654 2091
f 2081 1670 2099
f 1709 1710 1712
f 1409 639 662
f 1924 1958 1926
f 2108 2113 2103
f 484 496 1067
f 2104 1525 2128
f 493 2131 518
f 735 2125 472
f 1659 1942 1658
f 2106 2135 2126
f 1647 1894 1940
f 738 485 1045
f 1484 1938 1898
f 1914 1915 656
f 1509 1732 625
f 2471 194 193
f 2113 2123 1750
f 681 721 625
f 1938 658 1898
f 1933 1651 1912
f 1677 2126 2135
f 2153 1069 1560
f 1898 1650 1932
f 1892 1665 1908
f 1751 1015 748
f 1081 1489 235
f 1902 1889 1924
f 333 1013 334
f 1253 398 1689
f 1081 1686 2158
f 689 575 633
f 1248 754 2172
f 1923 681 1367
f 1080 1252 755
f 1677 2181 2167
f 997 264 1565
f 2175 1371 1012
f 280 297 1733
f 1221 1132 215
f 1087 1080 755
f 280 2184 297
f 1528 2175 1382
f 2190 2170 2169
f 1647 1918 1885
f 2340 2420 2353
f 208 2177 2148
f 1367 681 625
f 1433 217 770
f 1087 992 991
f 2378 1121 2371
f 771 1382 1319
f 2187 1091 235
f 1673 157 2203
f 173 1633 149
f 1368 123 1385
f 1245 2206 771
f 1261 86 143
f 1730 1737 1752
f 1502 1384 2218
f 1904 1880 1719
f 2208 149 1633
f 2210 1261 2183
f 2365 1775 2381
f 15 134 84
f 2204 1271 783
f 783 2223 2204
f 2207 1094 2210
f 1387 937 2217
f 2416 2484 1130
f 1434 1274 2202
f 938 1094 2207
f 2226 2229 2214
f 1880 1904 688
f 1207 347 541
f 1269 35 1491
f 2237 790 954
f 1729 2232 2238
f 2186 1682 2222
f 1666 1892 1868
f 1435 1365 11
f 1629 2250 25
f 1692 1693 2224
f 1362 923 3
f 1097 2247 52
f 2219 792 1407
f 2247 1099 52
f 794 8 1282
f 1211 1650 1878
f 944 933 2254
f 2254 2239 944
f 1260 2224 869
f 2238 1357 2235
f 795 2253 793
f 1362 905 923
f 1867 1871 1647
f 803 2265 1628
f 46 1754 32
f 2413 2397 2409
f 30 49 1290
f 1561 1100 1485
f 720 1044 1139
f 808 1692 1353
f 1880 688 545
f 1594 1597 1890
f 79 2266 814
f 1378 1757 60
f 1246 1873 1666
f 66 41 72
f 2404 578 742
f 1297 1692 1436
f 74 2275 1626
f 77 811 1537
f 2288 1105 1537
f 1105 77 1537
f 733 1643 1644
f 1423 1877 1043
f 1495 2287 2260
f 1437 98 2297
f 849 1293 2307
f 2300 1696 1494
f 2338 2294 745
f 2308 830 828
f 830 108 829
f 1166 1623 2277
f 2320 2311 1697
f 1299 1685 2264
f 2481 1212 2430
f 1846 548 545
f 2329 1481 2319
f 1765 105 2343
f 2349 2352 2331
f 1006 2365 2344
f 145 2360 1346
f 2356 2331 2352
f 1440 1442 1498
f 1770 2371 1121
f 2373 2346 2372
f 2348 2382 2367
f 2393 2378 2371
f 2389 2410 2323
f 578 426 163
f 2397 2378 2393
f 2338 2426 743
f 2384 1543 1122
f 2366 2364 1302
f 1499 2323 2410
f 2420 2340 1685
f 533 294 851
f 1685 1299 759
f 2414 2428 2409
f 1516 531 1829
f 2442 2412 2435
f 2421 2416 1700
f 1482 759 1499
f 851 1304 533
f 2443 2440 1764
f 180 186 692
f 2436 2425 2449
f 2426 1917 743
f 1128 737 2444
f 181 732 188
f 1479 1478 1845
f 2459 2436 2449
f 1304 2416 1130
f 536 599 1834
f 1132 1758 202
f 2421 2446 2485
f 1587 1420 1585
f 1223 2466 2465
f 1128 1129 1767
f 1859 1597 1787
f 1849 1657 1359
f 2478 2468 718
f 1477 481 1047
f 139 2384 1122
f 714 713 214
f 714 214 718
f 1474 2477 2470
f 1396 215 234
f 1430 867 1215
f 1545 2477 1474
f 2144 207 2484
f 1545 1129 2477
f 1136 231 2472
f 233 707 2144
f 702 226 691
f 699 697 1208
f 684 1270 687
f 254 876 682
f 687 909 26
f 254 255 679
f 1265 176 747
f 1810 673 1263
f 1431 1264 1470
f 260 1263 1144
f 1312 260 1144
f 669 260 1262
f 647 645 1146
f 2276 2316 2451
f 1041 1846 1722
f 1830 1837 262
f 1198 2394 2293
f 2379 137 2358
f 1807 1834 1479
f 1198 1331 647
f 2316 2276 1998
f 1547 2278 303
f 1250 1251 636
f 1176 630 1247
f 1225 146 1049
f 577 1551 1038
f 1153 1456 1326
f 1138 904 1156
f 289 1237 1455
f 2293 1335 1331
f 2267 2276 1186
f 1038 1206 577
f 1109 302 307
f 444 567 551
f 915 600 916
f 592 917 930
f 1406 1458 913
f 453 529 447
f 2240 331 313
f 2243 542 2255
f 727 563 43
f 1157 1335 349
f 1078 340 560
f 351 925 337
f 1065 1168 353
f 1438 1226 982
f 2240 324 391
f 542 356 544
f 292 262 772
f 1438 1219 2200
f 2165 1226 2234
f 1358 336 731
f 939 1046 1230
f 359 1048 943
f 357 361 358
f 943 948 492
f 2350 2366 1302
f 940 378 922
f 1533 508 1635
f 2165 982 1226
f 373 369 1030
f 1038 1551 491
f 2157 2163 2116
f 491 1551 1823
f 371 2034 957
f 1177 527 174
f 403 354 1219
f 341 2012 2085
f 461 399 460
f 1967 1998 1563
f 2044 1531 1575
f 1531 461 2134
f 1438 1185 1219
f 1185 1951 1219
f 2079 1636 2058
f 170 506 1183
f 2089 1471 2056
f 403 1219 1347
f 399 409 460
f 2065 2086 2043
f 1951 1347 1219
f 2042 326 1526
f 1991 2034 967
f 142 151 34
f 34 151 501
f 791 498 501
f 813 170 169
f 1970 1987 1558
f 37 1795 530
f 536 1020 28
f 1790 170 813
f 362 983 420
f 1930 1921 1980
f 982 1919 152
f 1954 279 1941
f 103 495 9
f 1941 430 976
f 424 1921 1930
f 1948 1580 1005
f 295 1875 1661
f 977 425 1860
f 1348 1009 1558
f 1021 517 1791
f 51 824 1203
f 1352 1838 1920
f 1415 1827 1704
f 480 805 1778
f 228 1193 962
f 1582 1581 443
f 1191 206 438
f 150 166 1510
f 1864 1839 1803
f 1005 1582 926
f 1803 999 1864
f 1170 277 1566
f 1416 1193 1853
f 1194 1351 92
f 1820 1785 941
f 1424 897 1449
f 1789 1707 1783
f 194 857 185
f 1453 894 1457
f 185 1294 193
f 1520 1780 1806
f 455 1835 1813
f 466 106 121
f 42 1780 198
f 999 1803 1356
f 887 1583 464
f 63 97 101
f 483 806 45
f 1798 1799 1817
f 1476 1781 147
f 1200 1815 1792
f 1819 1593 1788
f 1197 479 51
f 1552 1792 1855
f 1352 806 1819
f 465 89 124
f 1789 1783 774
f 1780 1520 198
f 1778 556 1802
f 463 138 464
f 210 265 151
f 1838 1819 1576
f 336 506 517
f 455 872 887
f 1792 1828 1643
f 1833 1707 1706
f 778 322 523
f 1520 1806 1416
f 43 563 1032
f 1797 1801 1839
f 305 529 322
f 1717 1843 1183
f 555 445 446
f 446 453 468
f 1551 1848 1823
f 1584 1825 1585
f 1478 1821 1845
f 1840 1534 1794
f 1595 1787 1597
f 481 626 1047
f 929 1523 436
f 1577 1202 1835
f 1478 1850 1821
f 1854 1812 1351
f 1551 1422 1856
f 1858 1643 1828
f 543 1716 1846
f 1422 1246 1856
f 256 1809 424
f 155 150 1510
f 1836 1847 1869
f 2402 2268 2278
f 1523 1009 1348
f 1719 545 548
f 224 1865 1854
f 1719 548 1043
f 588 720 727
f 1880 545 1719
f 2454 2450 1771
f 1861 1047 1886
f 1872 652 1657
f 617 1511 1893
f 186 732 857
f 958 443 1581
f 1556 1816 1921
f 1901 1191 1415
f 1882 1900 1914
f 1832 1921 1816
f 1367 1713 1923
f 1922 1842 1818
f 1596 1915 1900
f 628 1659 1658
f 981 206 1414
f 1586 1936 1334
f 1901 271 1414
f 1953 1909 1704
f 1931 1426 1713
f 1052 646 588
f 976 1190 989
f 1052 1334 844
f 1951 1510 987
f 1412 686 1709
f 1559 256 1939
f 1935 1051 1602
f 1936 844 1334
f 1862 1645 1944
f 1862 1960 432
f 1927 1956 1725
f 878 2447 2448
f 1965 1703 1665
f 1484 655 631
f 287 1961 989
f 1052 627 646
f 188 2429 181
f 670 667 627
f 1509 1983 1732
f 1725 1956 1727
f 315 415 1971
f 663 1553 674
f 1702 1997 1958
f 1940 890 1947
f 2002 1373 1218
f 2000 637 1606
f 1973 1605 1995
f 1991 1954 1975
f 1553 701 690
f 1922 1907 1214
f 1376 1727 695
f 1734 1742 609
f 2009 1056 608
f 1641 2006 1986
f 1457 894 276
f 1428 580 1726
f 1992 582 710
f 1057 701 1518
f 1742 2028 584
f 2016 2025 1975
f 595 724 890
f 967 994 1413
f 2005 2021 2014
f 2010 1612 621
f 2022 2046 1982
f 1588 594 2000
f 1606 1588 2000
f 980 1980 1921
f 1059 1058 726
f 1588 729 594
f 554 710 1055
f 404 407 974
f 2051 2037 2045
f 401 1526 326
f 2449 2425 2448
f 1058 1224 726
f 1222 2064 1053
f 726 1229 725
f 2058 1636 2043
f 1062 2047 1227
f 1739 499 1736
f 2075 1655 1062
f 1217 2065 407
f 402 966 387
f 1471 2014 2056
f 2048 2057 2084
f 2054 526 509
f 891 272 630
f 2061 1654 1227
f 511 524 2070
f 2015 973 2083
f 1525 2091 520
f 2080 2053 2017
f 2104 2091 1525
f 2092 1618 2105
f 1731 1738 1741
f 389 1181 388
f 1950 1972 460
f 2114 1617 1616
f 2105 2129 1527
f 2105 1527 487
f 1944 437 2120
f 1025 388 386
f 2012 341 2062
f 2112 1701 2088
f 2015 2083 2154
f 1731 2115 1738
f 2143 2058 2086
f 2114 2131 2147
f 2128 1687 2130
f 1750 2123 1490
f 1027 1490 484
f 378 397 1410
f 1701 2155 475
f 2450 2431 1771
f 1687 1489 2158
f 2139 2130 2159
f 1432 449 2114
f 380 384 373
f 2155 179 475
f 744 449 1070
f 412 1432 750
f 2436 2409 2428
f 1608 2145 1625
f 2159 2166 1691
f 2155 458 290
f 486 758 1243
f 1374 758 486
f 264 763 1015
f 1076 1625 394
f 2150 297 1375
f 1076 160 1527
f 2150 1733 297
f 2172 754 765
f 996 997 756
f 1375 297 2184
f 217 1001 334
f 2053 2080 1341
f 975 1729 2184
f 221 995 992
f 953 949 371
f 940 354 2059
f 161 83 1079
f 767 1502 1255
f 2174 1255 1502
f 953 371 946
f 2180 2194 1372
f 771 1319 114
f 2209 1531 2134
f 1729 1487 2184
f 114 1245 771
f 160 956 990
f 2216 990 956
f 492 359 943
f 942 366 363
f 1506 1046 1228
f 2053 1341 2173
f 2218 2187 2174
f 776 782 954
f 353 2173 1341
f 950 777 85
f 2218 1365 2211
f 1050 1168 2141
f 1562 1037 2213
f 5 2232 975
f 2163 2157 2267
f 1065 1078 560
f 13 2227 1093
f 40 795 35
f 2267 604 2163
f 4 7 1492
f 2206 30 1436
f 23 1492 21
f 2263 2236 1628
f 2250 892 25
f 111 741 1126
f 1683 12 1676
f 328 329 330
f 327 328 330
f 32 1754 1099
f 900 800 39
f 2252 1100 800
f 313 915 1164
f 1536 2266 2233
f 1360 1388 47
f 1101 1290 65
f 804 1100 1357
f 44 1493 1392
f 1561 55 39
f 1388 1286 1535
f 1163 1160 592
f 53 1283 58
f 317 600 915
f 915 313 317
f 914 579 913
f 892 2250 1391
f 2273 2254 2262
f 1159 589 600
f 820 860 808
f 1390 57 1757
f 1293 2290 1378
f 807 1293 1378
f 77 71 76
f 1683 2294 1493
f 919 1623 1541
f 820 75 860
f 80 815 816
f 1493 2294 2281
f 1683 1676 1681
f 1504 1455 1329
f 2292 2110 1140
f 1108 90 98
f 1538 2285 1536
f 1494 1694 2300
f 2280 1759 2269
f 828 94 826
f 1102 827 65
f 615 291 911
f 2312 1296 2254
f 2285 1538 1298
f 1483 1437 2304
f 1437 1483 1497
f 2285 1298 834
f 1457 284 304
f 1297 112 825
f 1138 285 1242
f 832 836 822
f 822 835 832
f 1179 112 1297
f 2311 2320 1393
f 2301 2317 2310
f 1542 1393 2324
f 1541 1623 1072
f 2309 2335 2323
f 2308 1346 2311
f 2322 115 1542
f 2279 2323 831
f 1116 117 2322
f 1112 2327 1346
f 1538 1541 1071
f 2310 2317 2333
f 2332 2344 1766

