# https://github.com/mikedh/trimesh
v -0.09776837 0.14562775 -0.11812212
v -0.09426600 0.14443050 -0.11585425
v -0.04367438 0.15942039 -0.23574057
v -0.04677100 0.15817100 -0.23542050
v 0.16750012 0.16206613 0.17910556
v 0.16185750 0.16132738 0.18535225
v -0.23963362 0.15563250 -0.05023516
v 0.15039800 0.14700051 -0.03294150
v 0.15475063 0.14730875 -0.03676888
v 0.21116316 -0.06902069 0.00322759
v 0.15232982 0.14833049 -0.03619531
v 0.15463890 0.14945094 -0.03667503
v 0.08022975 0.14684924 0.23219649
v -0.23713000 0.14318700 -0.06460750
v -0.06838269 0.14536962 -0.15460013
v -0.09815500 0.14453575 -0.11635325
v -0.06713273 0.14623788 -0.15301922
v 0.18337324 0.14987250 -0.00003750
v 0.18190369 0.14886090 -0.00110634
v -0.10198825 0.14317365 0.12477584
v -0.19901231 0.15393694 0.14528075
v -0.09886569 0.14391178 -0.11782947
v -0.08670403 0.14358988 0.11156561
v -0.08701150 0.14223351 0.11005400
v -0.08523238 0.14385162 0.11063850
v -0.08587300 0.14432400 0.11009050
v 0.13752738 0.14864568 0.00998150
v 0.13539250 0.14913075 0.00842625
v 0.13890816 0.14978135 0.01609053
v -0.08482731 0.14407513 0.10886194
v 0.21193446 0.14988169 0.12169438
v -0.06306625 0.14619212 -0.13379213
v -0.06230250 0.14509888 -0.13238987
v -0.06416838 0.14448406 -0.13608181
v -0.06259475 0.14373441 -0.13342291
v -0.09531862 0.14348988 -0.11609337
v -0.09996466 0.15937240 -0.21689716
v 0.17958935 0.14534688 -0.00839847
v -0.17772931 0.15590699 0.16854268
v 0.17614131 0.14971624 -0.03597225
v 0.17356637 0.15044799 -0.03617163
v 0.17091610 0.15009919 -0.03494994
v -0.10505162 0.14423828 -0.16813235
v -0.10294750 0.15787150 -0.20398350
v 0.21837100 0.16231249 0.11295625
v 0.24484600 0.16520999 -0.01669400
v -0.07820250 0.14012524 -0.15438025
v -0.08466613 0.14057331 -0.15587081
v -0.08906650 -0.16440950 0.18295850
v -0.11448950 0.15848050 -0.18926625
v -0.24381392 0.14432450 -0.03347605
v -0.09713607 0.14384319 -0.11260662
v 0.14733532 0.14906333 0.01670570
v -0.24438232 0.15508787 0.02430616
v -0.07120088 0.14628500 -0.16314575
v -0.15200619 0.15695825 -0.17799750
v -0.07796612 0.14339951 0.11680000
v -0.07840087 0.14305525 0.11979431
v -0.11105416 0.15659784 -0.18686581
v -0.07824000 0.14489099 0.11896200
v 0.14174457 0.14702538 0.01021731
v 0.17471856 0.14845487 0.01203225
v 0.21835594 -0.03863681 -0.01736950
v 0.17932169 0.14841688 0.01486375
v 0.17907538 0.14943025 0.01511062
v -0.09645325 0.13811250 -0.15217724
v -0.10046168 0.13988587 -0.14471650
v 0.17081350 0.14406051 0.00747700
v -0.17328656 0.15583290 0.17238262
v -0.15285225 0.15551825 0.18967050
v -0.11267938 0.14311950 -0.12557812
v 0.23576041 0.16415128 -0.06426475
v 0.15692075 0.14125225 -0.02213725
v 0.24406338 0.16424337 0.02028903
v 0.21053950 0.16366225 -0.12590250
v 0.16786075 0.13562725 -0.02510800
v 0.14908281 0.14903694 0.00893488
v -0.12731366 0.15808615 -0.20898956
v 0.14984028 0.14816894 0.00861975
v -0.09429800 0.14451875 0.17374775
v -0.09447013 0.14381300 0.17198762
v 0.14662115 0.15074401 -0.19628003
v -0.09809178 0.14350463 0.17531659
v 0.15227450 0.14968926 0.00803500
v 0.14493588 0.15044862 0.01514100
v -0.06427675 0.14434825 -0.12926237
v -0.06557025 0.14466976 -0.12982275
v -0.00796669 0.15840475 -0.12259337
v -0.06513128 0.14531329 -0.12429780
v -0.06599050 0.14619850 -0.13040151
v -0.24494168 0.15565918 -0.00033781
v -0.06225550 0.14631800 -0.14686500
v -0.03479491 0.15746331 0.24174237
v -0.08551162 0.15666169 -0.21465597
v -0.08516500 0.15807199 -0.21595800
v -0.08546300 0.15873501 -0.21505900
v 0.17173825 0.14770113 0.02396369
v 0.17175150 0.14742821 0.01872419
v -0.08362600 0.13690551 0.15719950
v 0.17440644 0.14882754 0.02279806
v 0.17471613 0.15006338 0.02428625
v -0.04680900 0.14269350 0.13514175
v 0.18287525 0.14850600 0.00446075
v -0.07954175 0.13903338 0.15744069
v -0.06370425 0.14463912 -0.14483713
v 0.01413145 0.14699878 0.06167459
v -0.05288919 0.14368337 0.13830057
v -0.01813300 0.15996376 -0.20820725
v 0.18415466 0.14909424 -0.00736806
v 0.04398085 0.14818269 -0.04379245
v -0.05590600 0.14255500 0.14477976
v -0.05695669 0.14338693 0.14160168
v -0.05590897 0.14474632 0.14386632
v -0.05946225 0.13850801 0.13630100
v -0.13934889 0.14359456 0.17255437
v -0.09433243 0.14445835 -0.11209893
v -0.19887100 0.15553200 -0.14417650
v -0.06404825 0.14409387 0.17387225
v -0.06390000 0.14495100 0.16999400
v 0.14638463 0.14828525 -0.03165575
v -0.09818775 0.15857437 -0.22249806
v -0.09591609 0.14296956 0.12712625
v -0.09190737 0.14328262 0.12527412
v 0.21254162 0.16306013 0.12116400
v 0.03335527 0.14705507 0.11505559
v 0.21101412 0.16201638 0.12626000
v 0.20862837 0.16369624 0.12906438
v -0.10584444 0.14426032 0.13381088
v -0.10792856 0.14294450 0.13246106
v 0.06059903 0.16241644 -0.23668140
v -0.16755207 0.14349382 0.18082350
v 0.13895513 0.14799950 0.00275772
v -0.09950150 0.13377900 -0.14911351
v 0.18629187 0.14951988 0.02593975
v -0.10944900 0.14436901 0.13524351
v -0.10855000 0.14277600 0.13418700
v -0.10824087 0.14230457 0.13230582
v 0.18408825 0.15019700 0.03261400
v 0.14776596 0.14813410 -0.02892588
v 0.14803432 0.14972650 -0.03025075
v 0.14355312 0.15134503 -0.19931372
v 0.21891637 -0.09363447 -0.02552359
v -0.14482160 0.15731993 -0.19054353
v -0.23355600 0.15541825 -0.06895200
v 0.18519682 0.14786363 -0.01072594
v 0.14133576 0.14752969 0.00081619
v -0.09967110 0.15845999 -0.21990719
v 0.21094388 0.16388300 -0.12261125
v -0.23492594 0.15602997 -0.07052725
v -0.23829500 0.15480000 -0.06300400
v -0.10983796 -0.01519528 -0.16207121
v -0.10630050 0.14366700 -0.16226301
v 0.23593871 0.15047212 0.06721647
v -0.01194588 0.16047858 -0.12732975
v 0.01711581 0.14835531 -0.24274263
v -0.10020700 -0.16055000 0.19922499
v 0.02434525 0.14934288 -0.24412724
v -0.22316800 0.15408200 0.10452900
v -0.22899194 0.15537888 0.08737192
v 0.13953750 0.14851406 0.00368863
v -0.09048800 0.14491925 -0.10658988
v -0.01649876 0.16013017 -0.20978743
v 0.06269763 0.14974175 -0.23738566
v -0.07852000 0.13580400 0.12545300
v 0.14172600 0.14937350 0.00587316
v -0.06634925 0.14638825 -0.16246362
v 0.13773225 0.14898713 0.00189475
v -0.17575370 0.15402696 0.17287152
v -0.24540362 0.15553516 0.01106291
v -0.11177922 0.15678146 -0.18199638
v -0.00803731 0.15839288 0.24517256
v 0.04810238 0.15731794 0.24166328
v 0.04725650 0.15935700 0.24078925
v 0.12295297 0.14790533 0.21264786
v -0.20888875 0.15500012 -0.12958650
v -0.06035775 0.15995662 -0.13980694
v 0.12543032 0.16307363 -0.20896487
v -0.07653450 0.15869200 -0.22489800
v -0.08524738 0.14432150 -0.11406762
v -0.07283229 0.15945497 -0.22119880
v -0.06058738 0.14694574 -0.23697563
v -0.06908900 0.14806856 -0.23548919
v -0.08646631 0.14297500 0.16257875
v -0.08491038 0.14271712 0.16328219
v 0.15457927 0.16092758 0.18854873
v -0.07516894 0.15994360 -0.22519273
v 0.18269518 0.15087675 -0.11627944
v -0.06771756 0.14571412 -0.11484738
v -0.21641056 0.14280050 0.11718950
v -0.21754304 0.14519182 -0.11438859
v -0.19686556 0.14498124 -0.14700645
v -0.08272284 0.14389263 0.16297036
v -0.05834720 0.14469451 0.12791067
v -0.05972447 0.14336260 0.12986341
v -0.11156350 -0.16293100 0.18381600
v -0.05313700 0.14496000 0.16128124
v -0.07430984 0.15927947 -0.17508462
v -0.10106381 -0.16501194 0.17487469
v -0.08266868 0.14253312 0.11412399
v -0.10279225 0.15590926 -0.19763926
v -0.15705918 0.15716434 -0.09186123
v -0.11222425 0.14464825 -0.12740649
v -0.10376175 0.15722474 -0.19372500
v -0.09058050 0.14458081 -0.11039606
v -0.09146575 0.14551513 -0.11299325
v 0.23586699 0.15108199 0.05948400
v -0.07442000 0.15838926 -0.14974025
v -0.10448481 0.14371081 0.13344932
v 0.17836787 0.14791200 0.02504200
v -0.07832975 0.14405376 0.16843475
v -0.07733897 0.14457531 0.16541353
v -0.07753747 0.14360563 0.16285123
v -0.07482163 0.14040256 0.16139144
v -0.07641757 0.14332762 0.16510363
v 0.05461178 0.14974596 -0.23923734
v 0.05260025 0.14905851 -0.23778149
v 0.16798624 0.14312300 -0.02433150
v -0.09624044 0.14268559 0.12971956
v -0.08038750 0.13667850 -0.12600100
v -0.09192109 -0.05430352 0.15564303
v -0.06578512 0.14528912 -0.12787862
v 0.00542756 0.14959952 -0.24533968
v -0.10507718 0.15828469 -0.17062150
v -0.10691731 0.14382918 0.13730863
v -0.05249828 0.15941587 -0.23670100
v -0.23776166 0.14229546 0.06149944
v -0.13238750 0.15535094 -0.20698118
v -0.08509094 0.14326088 0.11845556
v -0.09129522 0.14276731 0.17674775
v -0.07514262 0.14422446 -0.12091497
v -0.07879812 0.14474162 -0.11831400
v 0.10623550 0.15002015 -0.22059084
v 0.14687496 0.14748910 -0.03307000
v 0.14532670 0.14883691 -0.03496168
v -0.07737056 0.14592594 -0.11917788
v 0.24163800 0.15212101 -0.04517000
v 0.24047568 0.15152575 -0.04018869
v 0.17602400 0.15374801 -0.11374650
v 0.17670706 0.15236400 -0.11165188
v 0.20809650 0.15323295 -0.12304043
v 0.00573354 0.14784989 -0.13176595
v 0.14351062 0.14760862 -0.02803813
v 0.16918440 0.14884816 0.01852622
v 0.14287774 0.14802691 -0.03059975
v 0.14666927 0.14960848 -0.03251743
v 0.14292262 0.14804219 -0.03332159
v 0.03453616 0.14885336 -0.24174790
v 0.09815886 0.16251603 -0.22349747
v -0.15736368 0.15743072 -0.18747465
v -0.09228800 -0.16128200 0.19649100
v 0.17861757 0.15292338 -0.11230006
v 0.14274114 0.14790356 0.00734987
v -0.09021581 0.14331657 0.17130944
v 0.16705066 0.06375150 -0.01419550
v 0.21323931 0.15147901 -0.08257009
v 0.09821294 0.14832987 0.22627032
v 0.15155292 0.14810237 -0.03219078
v -0.10806522 0.14301656 0.14812881
v -0.10795026 0.15823483 -0.18501364
v -0.09714136 0.14427572 -0.17495820
v -0.10648437 0.15851252 -0.18918078
v 0.20737587 0.15212651 -0.13146250
v 0.14870182 0.14779584 0.01477759
v -0.11644050 -0.15859312 -0.18409306
v -0.04923697 0.14396960 0.13633884
v 0.17019412 0.15094562 -0.17623587
v -0.15556154 0.15628222 -0.17493065
v 0.17850888 0.02126247 -0.01784456
v 0.00747212 0.16048899 -0.24184094
v -0.24450575 0.14576675 0.02896987
v 0.14959256 0.14903325 -0.03625213
v -0.09253650 0.14131249 -0.15447301
v -0.07713787 0.06992656 -0.16147225
v -0.06931487 0.13899963 -0.14275275
v -0.16123749 0.15637384 -0.17605516
v -0.16161050 0.15714800 -0.17344950
v 0.19047631 0.15390238 -0.11162825
v 0.19016415 0.15311240 -0.11408383
v 0.18360181 0.15281226 -0.11110406
v -0.10590675 0.15875837 -0.18323050
v -0.04201975 0.15957426 -0.22683425
v 0.14243497 0.14823475 0.02040425
v 0.15805143 0.16266949 -0.18583874
v -0.23690313 0.15589194 -0.06273406
v 0.17583700 0.14778750 0.01662800
v 0.17601775 0.14719225 0.01180837
v 0.05413444 0.16124375 -0.23562838
v -0.18132301 0.15669650 -0.16148674
v -0.18522125 0.15726750 -0.16043501
v -0.15001364 0.15632868 0.19444117
v -0.23243327 0.15545596 0.07726032
v 0.09851850 0.16017678 0.22475740
v 0.03540975 0.16122137 -0.24096775
v -0.24462225 0.15556188 -0.01417787
v -0.07349731 0.13939025 -0.15031937
v -0.10808565 0.14216512 0.15147606
v -0.16534896 0.15749547 -0.18027154
v -0.17188314 0.15666893 -0.17476347
v -0.08578625 0.15802126 -0.21588150
v -0.10527650 0.14172088 -0.12643924
v 0.18188183 0.15018767 0.02283745
v 0.18563093 0.14987685 0.02138105
v -0.15050237 0.15828288 -0.18044426
v 0.24130437 0.15163313 -0.03093012
v -0.05969781 0.15923107 -0.22554106
v 0.24266291 0.15107663 -0.03367191
v -0.10563100 0.14324400 0.15017600
v -0.04758400 0.14397199 0.13462000
v -0.10390931 0.14365432 0.15213287
v -0.07184041 0.14480133 -0.16627032
v 0.06375426 0.14742464 0.14651549
v -0.06414609 0.14600657 -0.14795297
v -0.09541552 0.14305149 0.12006868
v -0.09479875 0.14427662 0.12348881
v -0.06951250 0.13517050 0.12860550
v -0.07471300 0.14419501 0.16682750
v -0.13388725 0.15828775 -0.20344976
v 0.18492068 0.15267438 -0.11296281
v 0.20959100 -0.00715987 -0.00050591
v -0.10351767 0.14530782 -0.00370631
v 0.18321550 0.15071300 -0.11291850
v 0.20650300 -0.00878750 0.00227825
v -0.10584588 -0.16047725 0.17423913
v 0.18121341 0.15383053 -0.11439297
v 0.14389250 0.14934756 -0.03319444
v 0.17822075 0.15087076 -0.11459888
v -0.09028450 0.14359801 0.17517149
v 0.24433288 0.15122162 -0.01676775
v -0.10498775 0.14240025 0.15059175
v -0.10073400 0.14205450 0.14524794
v -0.03169606 0.14753813 -0.24229731
v -0.05190087 0.14330313 0.14111613
v -0.10603687 -0.11356802 0.16902353
v -0.04892700 0.14268801 0.13914025
v -0.09491953 0.15819897 -0.21868172
v -0.09327972 0.15737884 -0.21935469
v 0.14427975 0.14680313 0.01586938
v 0.14368100 0.14788724 0.01686525
v 0.14319256 0.14711425 0.01648162
v 0.14350900 0.14717950 0.02046450
v -0.08850903 0.14342552 0.17594334
v 0.14276700 0.14821300 0.01801100
v -0.09756713 0.14450581 0.13175125
v -0.01169712 0.16115990 -0.13175103
v 0.23597063 0.16221525 -0.06782062
v -0.10700382 0.14378834 0.15304624
v 0.01415645 0.14660648 0.13334170
v -0.08635637 0.14541875 -0.11371500
v 0.13840112 0.15106100 0.01110987
v -0.15613578 0.15693556 -0.17896056
v -0.05083812 0.14524737 0.13974126
v 0.07356063 0.14778800 0.11330173
v -0.01610544 0.16078028 -0.21362939
v 0.17720078 0.14466566 0.00044962
v 0.18171075 0.14830375 0.00591450
v -0.09005300 0.15892100 -0.22672750
v -0.01424975 0.15922344 -0.21256150
v 0.20817313 0.15119700 -0.12826125
v 0.20540175 0.15199843 -0.12576257
v 0.18243866 0.14882335 0.01636425
v -0.15551850 0.15462150 0.19149449
v -0.10309906 0.15818983 -0.17537057
v -0.01990434 0.15855981 -0.21263462
v 0.18484175 0.14795275 -0.00232900
v 0.18428525 0.15051706 -0.00270547
v 0.18540025 0.14942224 -0.00302300
v 0.13880549 0.14757732 0.00581462
v 0.17275725 0.16451950 -0.17299774
v -0.09705950 0.14222138 0.17104182
v -0.09432400 0.14196800 0.17040300
v -0.09284650 0.14420800 0.17195475
v -0.09449300 0.14330600 0.17016999
v -0.09592462 0.14329325 0.17098725
v 0.16973038 0.16382025 -0.17645299
v -0.21193710 0.15664028 -0.12312572
v -0.07797250 0.13643250 0.15816499
v 0.14750987 0.16299450 -0.19476238
v -0.05797287 0.14505100 0.15040675
v -0.09833431 0.14415613 -0.11824200
v -0.09952300 0.14344025 -0.12028525
v -0.09953450 0.14285412 -0.12177331
v -0.08412188 -0.12859969 0.18228263
v -0.09731356 0.14388312 -0.11982800
v -0.10668375 0.14370263 0.22167575
v -0.09856112 0.15792343 -0.21738918
v -0.20418401 0.14371464 -0.09694745
v -0.09536072 0.15643679 -0.22060172
v -0.10010200 0.15624949 -0.22111250
v 0.12591812 0.16230050 -0.20651475
v 0.13539447 0.16284402 -0.20298298
v 0.20531431 0.16427281 -0.13258894
v -0.01352888 0.16013187 -0.21903093
v -0.09346775 0.14236856 0.11756844
v -0.09129938 0.14301710 0.11516052
v -0.15802050 0.14449586 -0.06016586
v 0.17528687 0.14886682 0.02613162
v 0.17330493 0.14905968 0.02836369
v 0.17181800 0.14987500 0.02568200
v 0.17403550 0.14866775 0.02575325
v -0.15153500 0.14330550 0.19506100
v 0.17668675 0.14790481 0.02481025
v 0.17675975 0.14832550 0.02742650
v 0.17611837 0.14865838 0.02619888
v 0.17551675 0.14768524 0.02610825
v 0.17649125 0.14941475 0.02583437
v 0.17723501 0.14829201 0.02628400
v 0.17661650 0.14848851 0.02662500
v -0.07639200 0.14620587 -0.15992375
v 0.24225600 0.16352025 -0.01972075
v 0.23604113 -0.11611075 -0.01245322
v 0.17752394 0.14949051 0.02609112
v 0.17704444 0.14959778 0.02828103
v 0.18685400 0.16305950 -0.15551950
v 0.13913694 0.14885700 0.01060131
v -0.09959408 0.04263970 -0.14355487
v 0.14257513 0.14870262 0.01191787
v 0.13905112 0.15102975 0.01162838
v 0.13935500 0.15044101 0.01116200
v 0.13953100 0.15098563 0.01102237
v -0.10713242 0.14404191 0.12880649
v -0.09792231 0.15641344 -0.21756081
v -0.07249313 0.14483987 0.16319425
v -0.09997962 0.14413385 0.15381585
v 0.11118675 0.14782541 0.21930903
v -0.10587600 0.15863749 -0.18362001
v -0.18469587 0.14323437 0.08306450
v -0.11177099 0.14475045 -0.12495050
v -0.10884875 0.14438638 -0.12658951
v 0.09446813 0.14887185 -0.01683909
v 0.06623603 0.14831574 -0.00550348
v -0.05774800 0.14514650 0.14655150
v -0.06753000 0.14311200 -0.12570301
v 0.18366137 0.15019313 0.01770325
v -0.10734142 0.14319566 0.14161292
v -0.23063973 0.14229831 0.08138257
v -0.23268913 0.14324756 0.08039659
v -0.06886756 0.14427325 -0.12521635
v -0.09490519 0.15897538 -0.21990675
v 0.05870577 0.14765501 0.08943388
v 0.21541050 -0.01878466 -0.01382847
v -0.11892650 0.14330401 -0.14377500
v 0.24277000 -0.14997700 -0.00797300
v 0.18274081 0.14976974 0.01437981
v -0.10630637 -0.05324525 0.17372988
v 0.18020150 0.15026850 0.01457750
v -0.15850921 0.15731665 -0.17879306
v -0.15789431 0.15737519 -0.18000613
v -0.03418019 0.15812907 0.24301356
v -0.13555557 0.14342162 0.18170862
v 0.09289528 0.14863041 0.03379939
v 0.22426912 0.16286913 0.10026425
v -0.10813326 0.15773353 -0.17215669
v 0.04684630 0.14827919 -0.06076173
v -0.10762781 0.15941319 -0.17376238
v -0.18747950 0.14317501 0.15993400
v -0.10865845 0.14540158 -0.14053446
v -0.10670606 0.15765993 -0.18345182
v 0.22857501 0.16429335 -0.08671525
v -0.10556825 0.15772462 -0.18070413
v -0.22309607 0.15563376 -0.10086654
v -0.13998026 0.15700050 -0.20139199
v 0.00417279 0.15846153 0.24552327
v 0.17191288 0.14783938 -0.03599300
v 0.17360675 0.14961626 -0.03705600
v 0.14335725 0.14794381 -0.02217816
v 0.05635600 0.14775631 0.24029878
v 0.04563912 0.14627093 0.24133638
v 0.12041459 0.15030910 0.21538743
v -0.09007675 0.14208825 0.17250775
v -0.09049600 0.14287700 0.17299300
v 0.06566719 0.14852521 -0.05578803
v 0.11262194 0.16140166 -0.21777193
v -0.08983175 0.15790600 -0.22799826
v 0.22206099 -0.15407901 -0.02300350
v 0.17477401 0.14783201 -0.03698200
v 0.11651760 0.16287765 -0.21479741
v 0.18398450 0.14993800 -0.03527000
v 0.18303853 0.14843035 -0.03850372
v 0.19579163 0.15388818 -0.11473769
v -0.04355281 0.16020225 -0.23987137
v -0.13932247 0.15620458 0.20119326
v -0.04135400 0.15815499 -0.22852300
v 0.13991357 0.16113825 0.20156679
v 0.02512691 0.14607181 0.24387947
v 0.03704916 0.14756434 0.24400444
v -0.03262394 0.15649956 0.24457984
v 0.19641481 0.16275719 -0.14699943
v 0.11537088 0.14977118 -0.21508101
v -0.08162200 0.14575250 -0.11688750
v -0.10453691 0.14714028 -0.22215658
v -0.08894425 0.14709450 -0.22870874
v -0.11466075 0.14672551 -0.21759050
v -0.07853869 0.14655988 -0.23117225
v 0.02130819 0.15840444 0.24140343
v 0.01371356 0.15739097 0.24617612
v 0.15671210 0.14807244 0.01291181
v 0.01575206 0.14768110 -0.03996220
v -0.10945237 0.14485781 -0.13750516
v -0.09295353 0.14216428 0.12238435
v -0.09118650 0.14467651 0.12380650
v -0.10327100 -0.15991300 -0.17943200
v 0.03584075 0.14782542 -0.00832794
v 0.21844999 0.15117900 -0.01203200
v 0.18744312 0.03126144 0.00546844
v -0.06954090 0.14403547 -0.15575890
v -0.06503398 0.14440338 -0.14909606
v -0.06449825 0.14460881 -0.15132925
v -0.06341400 0.14517801 -0.14862099
v -0.11514775 -0.16181175 -0.18400475
v -0.07449950 0.13981788 0.15758662
v 0.13906385 0.14726679 -0.00302978
v -0.06638169 0.14493956 -0.15177450
v -0.06562600 0.14505987 -0.15117544
v 0.15706401 0.15010600 -0.03456900
v -0.06333775 0.14550294 -0.15379019
v -0.08307447 0.09005667 0.13225275
v -0.09640128 0.15963994 -0.21648756
v -0.00192559 0.16023564 -0.12096503
v 0.00823909 0.14815481 -0.24418665
v 0.18311487 0.15366216 -0.11027447
v 0.16812900 0.14872324 -0.03305912
v -0.08328750 0.13909350 -0.12092400
v -0.10420819 0.14240997 0.13054322
v -0.10768863 0.14198406 0.13587232
v 0.18049748 0.14907108 0.01031775
v 0.17727040 0.14487858 -0.01759706
v -0.11068968 0.15915944 -0.18103144
v -0.09363450 0.15862051 -0.21748300
v -0.05208906 0.14568369 0.24145575
v -0.22004591 0.15548921 0.10788805
v 0.02821424 0.14738250 0.04432132
v -0.19947931 0.15599924 0.14295812
v 0.15636174 0.14896788 0.18886587
v 0.24124660 0.15067241 0.04258412
v -0.19457607 0.14249168 0.14963162
v 0.16060281 0.14908776 -0.03587319
v 0.16196238 0.14966494 -0.03459594
v 0.24492200 0.16419700 -0.00146600
v 0.12742515 0.16028945 0.21058610
v 0.12952888 0.16053206 0.20657872
v 0.19614568 0.15168987 -0.12184387
v -0.18833663 0.15598263 -0.15784012
v -0.11092156 0.14524506 -0.13702737
v -0.02042438 0.14759113 -0.24355237
v 0.18717867 0.14991339 -0.00517323
v 0.18536812 0.14946274 0.00004487
v 0.18738450 0.14979462 -0.00017137
v -0.11213437 -0.16142362 0.18907738
v -0.06326431 0.14442165 0.12187500
v 0.19887125 0.15136325 -0.12478875
v 0.05393869 0.16104124 -0.23887637
v 0.14587146 0.16109145 0.19666542
v 0.14848000 0.15976851 0.19666550
v -0.07516150 0.13646750 -0.12922275
v -0.14733750 0.15761600 -0.19467662
v -0.07216500 0.15691450 -0.14923850
v -0.11948796 0.15630542 -0.08206357
v 0.21160249 0.15101543 0.12553172
v -0.06454685 0.16005725 -0.12560779
v -0.22704925 0.14364175 -0.09447900
v -0.06271728 0.16004528 -0.13297474
v -0.06963931 0.15906669 -0.14551401
v 0.06396500 0.15915801 0.23406850
v -0.05201225 0.14490950 0.12937625
v -0.14009801 0.15448000 0.20278788
v 0.19081244 0.16305600 0.15405862
v -0.11220250 0.14547400 -0.13056549
v 0.10675650 0.15971351 0.22182626
v -0.20527238 0.15688862 -0.13346988
v 0.11680375 0.16035019 0.21614732
v -0.15447626 0.15791394 -0.18431956
v 0.18519375 0.15045901 -0.00125775
v -0.10007850 0.13827087 -0.13428526
v -0.06228510 0.14580360 0.02952703
v -0.05112481 0.15760581 0.24047494
v -0.05208375 0.15707000 0.23849000
v -0.05930100 0.14757113 -0.23787263
v 0.06807850 0.16228412 -0.23454200
v -0.07091444 0.15815866 -0.22030334
v -0.07054812 0.14438437 0.16567475
v 0.16325338 0.15101813 -0.17907099
v -0.19442338 0.15689404 -0.14928640
v -0.06375950 0.13590719 0.13638006
v -0.24372900 0.14235000 0.02922300
v -0.09245634 0.15698044 0.22745316
v -0.06437130 0.15858604 -0.14610621
v 0.17636250 0.14979924 -0.04166300
v 0.17540576 0.14836350 -0.03965225
v 0.24458700 0.15082300 0.00969006
v -0.12308087 0.15632775 0.21303537
v -0.11277068 0.15609594 0.21575446
v -0.07000269 0.13772944 -0.13726676
v -0.10322328 0.15733819 -0.19371113
v -0.10379638 0.15616062 -0.19475412
v 0.08915970 0.14899431 -0.06317832
v -0.09923434 0.15652356 -0.19316265
v -0.10290975 0.15880650 -0.19805038
v -0.14518206 0.15909843 -0.17857206
v 0.16068500 0.14884913 0.01519663
v 0.15954162 0.14865731 0.01706837
v 0.15903987 0.14845550 0.01534063
v 0.15985475 0.14598525 0.01232250
v -0.14449963 0.15632485 -0.18687533
v -0.10801738 0.14551912 -0.12871231
v 0.10999712 0.15078200 -0.21978438
v -0.07352425 0.14351794 0.16626944
v -0.06996400 0.14324600 0.16470200
v -0.07205089 0.14337467 0.16261762
v -0.17684565 0.14575519 -0.16985156
v -0.05332656 0.14336669 0.13286375
v -0.10736240 -0.06453728 0.17041682
v -0.08212325 0.14287762 0.16373013
v -0.10418331 0.15860949 -0.21939750
v 0.05980240 0.14814554 0.01639592
v 0.17786551 0.14877450 0.01092250
v 0.18617113 0.14994487 -0.00963800
v 0.18585706 0.14916094 -0.01259975
v 0.18476212 0.14960963 -0.01200500
v -0.09437825 0.14332500 0.12735625
v -0.06220450 0.14276300 0.17202900
v 0.17933300 0.16159000 0.16922200
v -0.24283244 0.14262147 -0.03146434
v -0.09056925 0.13654250 -0.12582324
v -0.05990025 0.14485644 0.17021556
v -0.06093131 0.14443494 0.17187844
v -0.09348494 0.14301744 0.12384418
v -0.05931862 0.14434876 0.17150825
v -0.05885950 0.14275850 0.17047350
v -0.22270875 0.14339350 0.10608962
v 0.17987643 0.15005960 0.00739150
v 0.17907643 0.14819124 -0.03848194
v -0.03347550 0.14553849 0.14187600
v 0.15602300 0.14119226 0.00440237
v -0.09664638 0.14140175 0.15490299
v -0.24313161 0.15552360 0.02833347
v -0.11042505 0.15838335 -0.17027225
v -0.00869556 0.15622209 0.24637149
v -0.06684306 0.15941043 -0.23458788
v -0.17582025 0.15688373 -0.16970560
v -0.01032606 0.16034344 -0.24279857
v 0.07962328 0.16102916 -0.23061162
v -0.21646163 0.15562432 -0.11623900
v -0.07191569 0.15977176 -0.15646100
v -0.01444924 0.14634572 0.08698904
v 0.17348550 0.14710750 0.03202650
v 0.16236344 0.15162057 -0.18429340
v 0.17438050 0.14971600 0.03330050
v 0.17275946 0.14996365 0.03222319
v -0.09648634 0.14414717 0.20785855
v 0.20808528 0.15408963 -0.12530622
v 0.20615651 0.15401775 -0.12424163
v -0.05679406 0.15824232 -0.23815413
v -0.10788269 0.14471725 -0.12712212
v -0.10343737 0.14253837 0.12505575
v -0.10996022 0.14390990 -0.12992294
v 0.18165663 0.15029524 0.00535537
v -0.06316650 0.14608207 -0.02768234
v -0.09988869 0.14401618 0.12740248
v 0.15485750 0.14827774 0.01451175
v -0.09037363 -0.16217300 0.19330788
v 0.15353151 0.14903025 0.01779925
v -0.01911313 0.16097017 -0.21539123
v 0.16236742 0.14834253 -0.03236817
v 0.16169649 0.14747749 -0.03467725
v 0.12108131 0.15107763 -0.21345519
v -0.24156860 0.15471728 0.03646831
v -0.21923849 0.15617643 -0.10773124
v 0.15544179 0.14957929 0.01450394
v -0.06725582 0.14566018 -0.16234851
v -0.06495213 0.14455269 -0.16178399
v -0.04655813 0.14463919 0.13803703
v -0.22663350 0.14292431 0.09667043
v -0.04397500 0.14749600 -0.24097000
v -0.22560973 0.14222381 0.09677563
v 0.14050525 0.14792100 0.00671341
v 0.17162225 0.16297294 -0.17176318
v -0.08948575 0.14204425 0.11347550
v 0.15324487 0.14856750 0.01486813
v 0.15380062 0.14720963 0.01535788
v 0.20318125 0.16374449 -0.13750550
v 0.08208083 0.14839043 0.04957053
v 0.15069576 0.14852887 0.01589138
v -0.22887956 0.15394650 0.09084406
v -0.09596350 0.14469500 0.10078125
v -0.22588800 0.15468100 0.09150400
v 0.18278000 0.14932200 -0.01796900
v -0.09471583 -0.03864272 -0.15666917
v -0.08614846 0.14211734 0.11538940
v -0.10995181 0.14394894 -0.15855950
v -0.15265287 0.15701932 -0.17135282
v -0.14842275 0.15599382 -0.18042618
v -0.00986927 0.14651464 0.06885115
v 0.13879065 0.14885902 -0.02658441
v -0.04740012 0.14336325 0.13656856
v -0.09682850 -0.16047025 -0.19799951
v 0.09652975 0.14737031 0.22542728
v -0.14976650 0.15640600 -0.19436251
v 0.20192538 0.15317738 -0.12617449
v 0.15759100 0.14783999 -0.03718900
v -0.04485063 0.14320937 0.13659787
v -0.15922882 0.14396548 0.18847337
v 0.17446418 0.09444743 -0.02518900
v -0.24538919 0.14325769 -0.02139250
v 0.08612919 0.16153413 -0.22958624
v 0.19306649 0.15106757 -0.10989650
v -0.11911888 0.15519150 0.21592912
v -0.20703600 0.15608300 -0.12767901
v -0.10692566 0.14348838 0.13085538
v -0.24527124 0.14246143 -0.01154581
v -0.01406050 0.14799251 -0.24306975
v 0.13892825 0.14804597 -0.01937581
v 0.17233087 0.14783300 0.03088387
v 0.14431684 0.14834531 0.19858712
v 0.19965675 0.15371463 -0.11926012
v 0.19828750 0.15442581 -0.11585497
v 0.20029294 0.15240468 -0.11847675
v 0.19844601 0.15397750 -0.11902150
v 0.19690682 0.15365507 -0.11676107
v -0.13978399 0.14409050 0.20341700
v -0.10275525 0.14441150 0.14994100
v -0.02186000 0.14524201 0.24521700
v 0.16602813 0.14794509 -0.03669278
v 0.16470681 0.14925750 -0.03779725
v 0.16699626 0.15019324 -0.03492038
v 0.12459519 0.15009637 -0.20882669
v 0.11677138 0.14987025 -0.12949313
v 0.20061894 0.15150319 -0.12180850
v 0.19769050 0.15134101 -0.11944950
v 0.20074449 0.15140350 -0.11752425
v 0.24269076 0.15157950 -0.00175350
v 0.14111006 0.14702150 -0.02349938
v 0.03304475 0.14984401 -0.24323051
v -0.05226067 0.15859026 -0.13944490
v -0.05594300 0.15933096 -0.13801253
v -0.10330450 0.15902500 -0.19601449
v -0.20628865 0.14373669 -0.13167590
v -0.09394700 0.13744400 0.14655000
v -0.21387775 0.14254263 0.11760637
v 0.09105254 0.16201244 -0.22533543
v -0.21265164 0.15480129 0.12196100
v 0.19460399 0.16317526 -0.14619650
v -0.16842960 0.14341913 0.11770711
v 0.13866401 0.14707249 -0.01956950
v 0.03141363 0.15897775 0.24367513
v -0.11088200 -0.15802900 -0.20509100
v 0.08150352 0.14897038 -0.08627602
v 0.17785582 0.14888132 -0.04124425
v 0.23108575 0.16398545 -0.08003937
v 0.19711719 0.16097718 0.14650600
v 0.14933126 0.14650163 0.00787012
v -0.09801178 0.14465344 -0.10558628
v -0.09406100 0.14453900 0.15584850
v -0.06874653 0.14583698 -0.17025331
v -0.09380125 0.14323676 0.15680331
v -0.09397803 0.14308512 0.15602450
v -0.11677188 0.15838794 -0.21482319
v -0.14990650 0.15891775 -0.17707875
v -0.07186475 0.14441043 -0.17216806
v 0.00744352 0.14771770 -0.09033069
v -0.10213975 0.14197338 0.15046312
v 0.23869343 0.15205775 -0.05752050
v -0.15022227 0.15937647 -0.17100896
v -0.06873450 0.14633225 -0.15897524
v 0.00249572 0.14720903 -0.00876831
v -0.01502425 0.14784588 0.24622904
v 0.16384512 0.16265337 -0.18246463
v 0.18974738 0.16179563 0.15155950
v 0.18272534 0.14895266 0.01905972
v 0.23876651 -0.15003601 -0.02268050
v 0.23930162 0.16430463 -0.04938506
v 0.11634903 0.14891027 0.05066594
v 0.20392691 0.15209712 -0.11920200
v -0.06995150 0.14233519 -0.15792237
v -0.09130003 0.14443786 0.17485324
v -0.09159900 0.14324500 0.17398231
v 0.18164827 0.14807138 0.01952687
v -0.09384819 0.14361900 0.17435919
v -0.09355868 0.14235018 0.17501412
v 0.10723644 0.14961851 -0.11955675
v 0.18134956 0.15115759 -0.14453863
v -0.10516416 -0.02890908 0.16757366
v 0.19929799 0.15140000 -0.12202400
v -0.09737631 0.14311819 0.15612675
v 0.18211612 0.14799006 0.02146150
v -0.10025000 0.14178950 0.13797475
v 0.14248450 0.14954834 -0.02637016
v -0.19327168 0.14394237 -0.14990537
v -0.11514238 0.15804832 -0.18295944
v -0.04218500 0.14694850 -0.13502476
v 0.20349607 0.15368231 -0.11928394
v 0.18421476 0.14908125 -0.01500275
v 0.18278575 0.14685901 -0.01163900
v 0.18355051 0.14781974 -0.01315600
v -0.04225387 0.14486507 0.14886869
v 0.20753588 0.15147100 -0.11915387
v 0.20643950 0.15156449 -0.12271400
v 0.24478422 0.15193363 -0.00345728
v 0.24593450 0.15250450 0.00303850
v -0.00798219 0.14720890 -0.03971456
v 0.08147000 0.14999050 -0.23142800
v 0.11333300 0.16212100 -0.21413350
v -0.10778432 0.15768351 -0.22028913
v -0.06710275 0.14417957 -0.15212449
v -0.09121000 0.15860400 -0.21938001
v 0.18129034 0.15052116 -0.03609381
v -0.15533200 0.15718800 -0.18203200
v -0.06534375 0.14493562 0.12448888
v -0.09864975 0.14324374 0.16988243
v -0.03411250 0.14460300 0.14470150
v -0.15914862 0.15847637 -0.18034725
v -0.06614975 0.14414981 0.12297925
v -0.15715063 0.15697138 -0.18174516
v 0.01045455 0.14766052 -0.05887819
v -0.06916122 0.14316106 0.12258347
v -0.06931375 0.14221650 0.12146375
v -0.03553934 0.14613688 0.05611136
v -0.00803289 0.14705226 -0.01982237
v 0.16434246 0.14846528 0.01543919
v 0.16462851 0.14994550 0.01491750
v 0.16213225 0.14790925 0.01606200
v 0.16186690 0.14827728 0.01361253
v 0.20082749 0.15309575 -0.11886825
v 0.16114512 0.14729474 0.01539312
v 0.05029852 0.14835583 -0.07910923
v -0.09979525 0.14374287 0.16442062
v 0.17389095 0.16223511 0.17324615
v -0.24498650 0.14273974 0.02003575
v -0.06197906 0.14297643 0.12683219
v -0.10364313 0.15970637 -0.19395812
v -0.21670918 0.15277131 0.11748637
v -0.23613428 0.14288434 -0.05058866
v 0.16467388 0.14910838 0.17685369
v -0.07651225 0.14474849 -0.16263768
v -0.06707830 0.14425154 0.16037682
v 0.17346372 0.15365672 -0.10791369
v -0.11241856 0.14482425 -0.17152993
v -0.15471600 0.15769126 -0.18080349
v -0.15292847 0.15851857 -0.18241259
v -0.10890990 0.15681231 0.22011712
v 0.16642362 0.16130188 0.17787300
v 0.18519369 0.16269188 0.16109625
v 0.24269609 0.15141334 0.01775616
v 0.06726162 0.14841877 -0.02342561
v 0.17369056 0.14780262 0.02774681
v 0.17302012 0.14696938 0.02750550
v 0.17106207 0.14944637 0.02326006
v -0.14991507 0.15682763 -0.18245806
v -0.05622487 0.14353147 0.17106222
v -0.16488600 0.14466099 -0.18103400
v -0.07246066 0.15639456 0.23567778
v -0.10414991 0.14342397 0.13830115
v -0.10069808 0.14431277 0.13896494
v -0.10488700 0.14410751 0.13558251
v 0.17261000 0.14799801 0.02986200
v -0.10443100 0.14442401 0.13583100
v -0.10614768 0.14208876 0.13619874
v -0.03335376 0.15956414 -0.22775634
v -0.11969300 -0.15982400 -0.19293749
v -0.10107261 0.03679302 -0.17093207
v -0.11025850 0.14296851 0.13535351
v -0.10950001 0.14311764 0.13886341
v -0.10524288 0.14216125 0.13793938
v -0.10637825 0.14307469 0.13775507
v 0.09124064 0.14868663 0.00624262
v -0.06857275 0.14225900 0.16204825
v -0.10541019 0.14264925 0.12765175
v -0.10329900 0.14292000 0.12718099
v -0.07521675 0.15826988 -0.17796637
v -0.10377862 0.14409013 0.12726125
v -0.10475312 0.14381588 0.12714475
v -0.10467050 0.14425050 0.12844537
v -0.09962557 0.15795735 -0.17958872
v 0.19597124 0.15402250 -0.12033746
v 0.19513112 0.16229106 0.13485444
v -0.04518038 0.14532675 0.13524251
v -0.06178350 0.13684750 0.14392713
v 0.23247641 0.15051596 0.07843217
v -0.16748132 0.14566757 -0.17993869
v 0.20552351 0.15016150 0.12978426
v 0.04726127 0.14858469 -0.13451897
v 0.18295199 0.14950374 -0.04020386
v 0.18154100 0.14930549 0.02788650
v 0.04163913 0.15950300 -0.24093562
v -0.06002250 0.14283875 0.17278326
v -0.10587537 0.14404413 -0.17590441
v -0.05876134 0.14443694 0.17263472
v 0.09291363 0.15840863 -0.22696444
v 0.18540238 0.14905381 0.02365656
v -0.08336963 0.10453037 0.16243537
v 0.16752581 0.14937069 0.17973769
v -0.11708050 -0.15774225 -0.20116200
v -0.23821150 0.15368751 0.06258175
v -0.05962363 0.14406271 0.17651434
v 0.19955012 0.15105738 -0.12755676
v -0.11348306 0.14539251 -0.13259400
v -0.11206137 0.14498225 -0.13165738
v 0.13932699 0.14731267 -0.01092019
v 0.13963531 0.14784238 -0.00717313
v 0.20230350 0.15224400 -0.12613051
v 0.20116535 0.15137456 -0.13436322
v -0.02038900 0.15997800 -0.20382200
v 0.17748213 0.14826794 -0.02734125
v 0.18084756 0.14902687 -0.02299694
v -0.24274656 0.15584050 -0.03056653
v -0.19186915 0.15557730 0.15298900
v 0.17407501 0.14848199 0.02948500
v -0.24589288 0.14358838 -0.00594113
v -0.06119550 0.14345425 0.17445475
v -0.16693687 0.15261725 0.18160132
v -0.11616062 0.15640107 -0.18724850
v -0.06872000 0.14523999 -0.15790799
v -0.07193694 0.14352894 -0.11853700
v -0.07530325 0.14480019 -0.11783025
v 0.09942622 0.14854886 0.07163592
v 0.22842801 -0.15624300 -0.00054300
v -0.10342562 0.14572451 -0.14818525
v -0.07336406 0.14530337 -0.11791950
v -0.14989468 0.15277956 0.19607231
v -0.24051601 0.15504500 -0.03543700
v -0.13389337 0.14535744 -0.20481101
v -0.08240075 0.14416049 0.11557887
v -0.15685093 0.15668288 -0.18259662
v 0.01586050 0.14777933 -0.08373744
v 0.19432300 0.15362100 -0.11782450
v -0.00025853 0.14699037 0.24666831
v 0.02062052 0.16109939 -0.24189804
v -0.16876379 0.15562043 0.17867061
v -0.09309700 -0.15883350 -0.19371100
v -0.24255100 0.14284800 -0.04229200
v -0.08988244 0.13932787 0.15307368
v -0.14210550 0.14766371 -0.20089704
v -0.14833103 0.15805729 -0.18719122
v -0.08740455 -0.03875500 0.15353300
v -0.06735900 0.14418009 0.23622191
v -0.10823812 0.14462826 -0.12534237
v -0.12418856 0.14418584 0.21286769
v 0.24258675 0.16339000 -0.00142150
v 0.17796350 0.15109050 -0.16792400
v -0.20091926 0.14281601 0.14215575
v -0.11319765 0.14374872 -0.13863359
v -0.06950669 0.15965125 -0.22610168
v -0.01041450 0.15907100 -0.24504550
v 0.18610476 0.15332821 -0.11727419
v -0.12355138 0.15786999 -0.08196219
v 0.18927784 0.15443169 -0.11450972
v 0.19035988 0.15346302 -0.11872742
v -0.10990475 0.14407450 0.17320751
v -0.11205050 0.14495274 -0.13396776
v 0.06052015 0.14863151 -0.09595546
v -0.11267337 0.14528325 -0.13305426
v -0.11189200 0.14541900 -0.13376699
v -0.11294950 0.14513975 -0.13290037
v -0.11258700 0.14548500 -0.13147099
v -0.13380450 0.14703257 -0.20621553
v 0.00513938 0.14528738 0.24497065
v -0.00464664 0.16067120 -0.12356841
v 0.17922662 0.14834601 0.02093413
v -0.22658674 0.15687463 -0.09463287
v 0.17913750 0.14753900 0.01920175
v 0.24211299 0.16282450 -0.02994100
v 0.18154500 0.14800724 0.02308212
v 0.18009976 0.14876463 0.02071475
v 0.18161188 0.14934063 0.16250101
v 0.23022050 0.15170801 -0.08475775
v -0.08298350 0.14375900 0.11484750
v -0.08402556 0.14477363 0.11269931
v 0.18159500 0.15004700 0.16621500
v 0.17964523 0.14973456 0.01900766
v -0.24500799 0.14241141 0.01096723
v -0.10736387 0.14988388 -0.22094363
v -0.10586888 0.14452985 -0.14679162
v -0.06549300 0.14433300 0.16460600
v 0.17649862 0.14853700 0.00900912
v -0.14906774 0.15733451 -0.09329200
v -0.09016938 0.15757063 -0.21872719
v 0.17980400 0.14814200 -0.02950000
v 0.17972818 0.14897659 -0.02747378
v 0.17815974 0.14932249 -0.02953413
v 0.18034862 0.14831969 -0.02733444
v 0.17979400 0.15059900 -0.02994900
v 0.18068106 0.14926292 -0.02989486
v 0.16350099 0.14907400 0.01784500
v 0.01205800 0.16126975 -0.24366713
v -0.01360775 0.16100587 -0.24345763
v -0.09584081 0.14270744 0.15286700
v -0.06908333 0.14587319 0.00903136
v 0.18348525 0.14801794 -0.01843806
v -0.23330200 0.15465400 0.06887100
v 0.07314519 0.14898571 0.23559318
v -0.10491800 0.15901124 -0.21366049
v 0.23937875 0.16347525 -0.03512800
v 0.24173500 0.16409500 -0.03807200
v 0.17332500 0.14878950 0.02059638
v 0.22349162 0.16457462 -0.10002162
v -0.02899512 0.15976763 -0.23282044
v 0.15959600 0.14973719 -0.03610781
v 0.15773986 0.14861892 -0.03399433
v 0.02905800 0.16034503 -0.09875862
v -0.05579763 0.14421500 0.14801162
v 0.12494300 0.16186900 0.00091500
v -0.05828572 0.14376560 0.14863400
v -0.05677500 0.14496399 0.14605050
v -0.11853025 0.15837225 -0.18910950
v 0.18616362 0.15225200 -0.16107513
v -0.24031518 0.14215982 0.04871137
v -0.24178100 0.14294299 0.04584500
v 0.21023896 -0.02978580 -0.02359120
v 0.23615550 -0.15220475 -0.02416175
v 0.23898774 -0.15319487 -0.02155825
v -0.11721300 0.15810774 -0.08029375
v -0.05234075 0.14445925 0.14544503
v -0.11845100 0.15775751 -0.07908450
v -0.09903722 0.14311056 0.13464984
v -0.09709238 0.14286888 0.13208488
v -0.09828575 0.14213000 0.13126200
v -0.10140625 0.14400844 0.13089725
v -0.15155375 0.15729800 -0.10082350
v -0.09026650 0.14375751 0.11249500
v -0.08704262 0.14415987 0.11502269
v 0.01748828 0.15971023 -0.24442273
v -0.06740772 0.14539468 -0.16728178
v 0.03803400 0.16031075 0.04737150
v -0.06841175 0.14404063 -0.17135887
v -0.06663437 0.14608376 -0.16789532
v 0.11160962 0.14890957 0.22004844
v 0.14260963 0.16246288 -0.19945750
v 0.17969251 0.14873099 0.00485700
v -0.08879460 0.07394022 0.13598743
v 0.19798347 0.14969012 0.14404798
v 0.16262425 0.14583400 -0.02967625
v 0.15671900 0.14796750 -0.03757650
v -0.07107450 0.16061462 -0.21653084
v -0.05558466 0.15942524 -0.23345453
v 0.15657499 0.14857399 -0.03723600
v 0.15058050 0.14004275 -0.00191925
v 0.11502941 0.14919877 -0.00990970
v 0.17760569 0.15214537 -0.10759240
v -0.09060000 0.14374401 0.15911950
v -0.23390400 0.14399606 -0.07724138
v -0.22931100 0.14310500 -0.08544262
v -0.11409798 -0.07142105 -0.17866540
v -0.07309912 0.15999675 -0.15249550
v 0.19914575 0.15109019 -0.14165947
v 0.18557462 0.15025593 -0.01656250
v -0.02742400 0.16038500 -0.24221724
v -0.11578388 0.15783769 -0.07773425
v 0.24046278 0.16419697 0.04492253
v -0.11841062 0.15741113 -0.07642862
v -0.11626375 0.15827274 -0.07895300
v 0.11247466 0.16029389 0.20778118
v -0.22698994 0.15372531 -0.09507512
v 0.24228506 0.16232732 0.04170687
v 0.18649466 0.15089238 -0.15761469
v -0.24302575 0.15455863 -0.03896713
v -0.24181287 0.15561250 -0.04195481
v 0.20770299 0.16327199 -0.11582700
v 0.17964432 0.14303231 -0.01587800
v -0.24527590 0.15475149 -0.01974563
v -0.05705375 0.16050932 -0.23414882
v -0.07734000 0.15906663 -0.15445572
v -0.02453520 0.15995437 -0.21219312
v -0.02274719 0.15858141 -0.21401109
v -0.02696791 0.16054885 -0.21625844
v -0.02656163 0.15809663 -0.21578349
v -0.11778406 0.15851413 -0.18669838
v -0.02290025 0.16121174 -0.21253875
v -0.11053450 0.14331831 -0.13780193
v 0.02325331 0.14861885 -0.22418691
v -0.11179250 0.14425325 -0.14056550
v 0.20427160 0.16210078 0.13686672
v 0.21151465 -0.09866431 -0.02399319
v -0.09410750 0.14351650 0.17941862
v -0.07626262 0.14222676 0.16662012
v -0.05237992 0.14377767 0.14204124
v 0.17512526 0.15103137 -0.14777550
v -0.11682850 0.15813924 -0.08000350
v -0.07004312 0.15837812 -0.15098050
v -0.11683869 0.15871112 -0.08034125
v -0.11791850 0.15786549 -0.07907900
v -0.06144669 0.15899500 -0.22725478
v -0.06480506 0.14573613 -0.15932950
v -0.10612283 -0.05767727 0.16582724
v 0.24410485 0.15097319 0.02429038
v 0.23889944 0.16378362 0.05500725
v -0.06936025 0.14606100 -0.12227456
v -0.06816475 0.14496300 -0.12189225
v 0.22034875 0.16381507 0.10631575
v 0.09267100 0.14934599 -0.11869000
v -0.05451850 0.14341162 0.14176694
v -0.05502975 0.14198799 0.14151250
v -0.06808450 0.14482550 -0.15793151
v -0.05349425 0.14446400 0.14191701
v 0.17449084 0.14854454 0.01677228
v 0.17512557 0.14796619 0.01910731
v -0.09522450 0.14438350 0.17493550
v -0.06885462 0.14386874 0.12090925
v -0.07116825 0.14484538 0.12039313
v -0.19634099 0.15494449 0.14336200
v 0.17613176 0.15181050 -0.17144513
v 0.09683716 0.15077062 -0.22581619
v -0.23925312 0.15487137 0.05523125
v -0.11052375 0.14539351 -0.13528825
v -0.16997015 0.14293253 0.17636110
v -0.11090600 0.14390500 -0.13596299
v -0.09443100 0.14181200 0.15528500
v 0.24118887 0.16277243 -0.04588906
v -0.06063278 0.14492719 -0.14559197
v 0.09049525 0.14971603 -0.22601907
v -0.09463100 0.14336887 0.17581563
v -0.11892175 -0.15764774 -0.19675525
v -0.08058033 -0.08470067 0.17194827
v -0.09546425 0.14262700 0.17639400
v 0.14077225 0.14946075 -0.02378662
v 0.20908774 0.00973184 -0.00545434
v 0.19866200 0.15256201 -0.12099425
v 0.19833501 0.15153424 -0.12124000
v 0.17530026 0.14899294 0.03084975
v -0.09012114 0.14240740 0.15916881
v -0.09226025 0.14376175 0.15805425
v -0.09917939 0.14606746 -0.22203246
v -0.09070350 0.14265950 0.11033650
v 0.15589850 0.15095425 -0.18829837
v -0.09170408 0.14384826 0.11132720
v -0.06493019 0.16006488 -0.23033388
v -0.08856238 0.14392801 0.10721038
v -0.08829787 0.14456426 0.10930600
v -0.09268125 0.14181313 0.17338800
v -0.06990059 0.15941794 -0.22824128
v -0.09371375 0.14368412 0.15920338
v -0.09289975 0.14427850 0.15822725
v 0.15681528 0.14951819 -0.04022025
v 0.17569487 0.14728463 0.02069050
v 0.17736299 0.14849100 0.02216400
v -0.20652194 0.15429890 0.13179988
v -0.02637384 0.15980688 -0.20914921
v 0.22152676 0.16340925 -0.09845900
v 0.17335075 0.14919375 0.02235500
v -0.08829553 0.13898925 0.12430722
v -0.02528184 0.15828341 -0.22031091
v -0.07724875 0.14204375 0.11834000
v -0.11435650 0.15612550 -0.18269950
v -0.11449575 0.15628050 -0.18066950
v -0.11333150 0.15803900 -0.17835800
v 0.17706589 0.05871652 -0.02393672
v -0.20832363 0.14514792 -0.13031144
v 0.19862950 0.15318875 -0.11832175
v -0.18693638 0.15316218 0.16073397
v -0.18420516 0.15552309 0.16247422
v 0.16502100 0.14308725 0.00801725
v -0.11524800 0.14389201 0.21798700
v 0.19493282 0.15198262 -0.14904888
v -0.06962169 0.14510463 -0.11949413
v -0.07005987 0.14269476 -0.12167906
v -0.01624044 0.15865472 -0.21876934
v 0.19522551 0.15290999 -0.11831100
v -0.10309550 -0.15963949 -0.20238200
v -0.06788187 0.14469075 -0.12004638
v -0.06828875 0.14543675 -0.11997400
v 0.18915412 0.15424079 -0.15667553
v -0.08926300 0.14359599 0.10900100
v -0.08641312 0.10816872 -0.16172153
v -0.23373251 0.15564001 -0.07630925
v 0.23146088 0.15141834 -0.07663958
v 0.23345774 -0.13282716 -0.00047644
v 0.19837600 -0.04110223 0.00191936
v -0.08507125 0.14315775 0.16041750
v -0.08551150 0.14291026 0.16188399
v -0.09503475 0.15857249 -0.21427649
v -0.09195910 0.08170421 -0.16584951
v -0.09513763 0.15753768 -0.21627137
v -0.10430450 0.15815701 -0.17862575
v -0.15696044 0.15720269 -0.16426569
v -0.10889425 0.14432962 0.13820800
v 0.13807550 0.15138499 0.01131125
v -0.07643225 0.06360022 0.16651097
v -0.04823025 0.15878195 -0.13621111
v -0.10852300 0.15828601 -0.16474450
v -0.10930850 0.15679149 -0.17613500
v 0.18818963 0.05661656 -0.02466953
v -0.06547975 0.15910925 -0.23261750
v -0.06655610 0.16080011 -0.22134735
v -0.04993500 0.15922651 -0.13288251
v 0.13888800 0.14937600 0.00459900
v 0.06997834 0.14829558 0.02503439
v -0.06550967 0.15962709 -0.22619820
v -0.10384675 0.14393049 -0.12560594
v -0.11228575 0.14329025 0.14019550
v 0.19508900 0.00088500 0.00496700
v 0.17754924 0.15025325 0.01092725
v 0.17820419 0.15012218 0.01455241
v 0.22651137 0.15144409 -0.08968382
v -0.14927962 0.14605200 -0.19546038
v -0.08715600 0.15868200 -0.21801101
v -0.11092600 0.14384800 -0.13599101
v -0.10500000 0.14050688 -0.13060950
v -0.07885900 0.13174701 0.12537999
v -0.10156125 0.14404975 -0.15895057
v -0.09711475 0.14413932 -0.15964182
v 0.17894575 0.14816050 0.01711575
v -0.13686638 0.15771213 -0.16202487
v -0.09209219 0.14389363 -0.11858769
v -0.09698112 0.14400500 0.17245688
v -0.09255600 0.14328800 0.15940800
v 0.22289400 0.15340075 -0.10364100
v 0.17297000 0.15305901 -0.11260200
v -0.06597216 0.15811187 -0.22391182
v 0.22489575 0.15088825 -0.09789450
v -0.08435374 -0.01196853 -0.17627455
v 0.21095195 -0.12485226 -0.00702478
v -0.15467288 0.15895975 -0.17620000
v -0.14496675 0.14536113 -0.19740263
v -0.06717212 0.15897687 -0.14942950
v -0.11327288 0.14373288 0.13621913
v -0.09148100 -0.16459000 0.17826299
v -0.04770300 0.15944099 -0.14661300
v 0.17898150 0.14945063 -0.03299300
v 0.19686300 0.15273400 -0.12049750
v -0.05044000 0.14354700 0.13374101
v -0.04787475 0.14258650 0.13401225
v -0.01716612 0.15806402 0.24459188
v -0.16119400 0.15722050 -0.18237400
v 0.19284475 0.15106747 -0.11652803
v 0.24042900 -0.15302950 -0.00321250
v -0.10535012 0.14212006 0.13479368
v -0.09471563 0.13536188 0.13863701
v -0.10679900 0.14239800 0.13906600
v -0.09523775 0.13952050 0.14798400
v -0.08858978 0.15794119 -0.21668126
v -0.10674625 -0.10643056 0.18734498
v -0.09296603 0.14394769 0.11783144
v -0.06370700 0.14471900 -0.14711875
v -0.02581580 0.16052076 -0.22189686
v -0.10164218 0.15723687 -0.20698032
v -0.07297181 0.14314803 0.12144440
v -0.09567700 0.14409225 0.17033900
v -0.07430787 0.14399335 0.11963412
v 0.14082287 0.14802012 -0.02658178
v -0.00859850 0.14568876 0.24582151
v -0.10138763 0.07960081 -0.16090712
v -0.00711138 0.14766894 -0.15213449
v 0.00268102 0.16123331 -0.24343380
v -0.06820625 0.14357175 -0.12065675
v 0.19929001 0.16490000 -0.14046900
v -0.08928225 0.14276025 0.11298750
v -0.09035350 0.14231600 0.11176900
v 0.17907059 0.14895803 -0.03653100
v -0.10980572 0.14327268 0.14519535
v 0.24037582 0.15121412 0.03816206
v 0.15617850 0.14762038 0.01574163
v -0.07426625 0.14374000 0.11559450
v 0.19548434 -0.02928206 -0.02358766
v 0.18146254 0.14976658 -0.03763213
v -0.07548925 0.14444588 0.11864688
v 0.07740138 0.15906587 0.23341562
v 0.18316650 0.14952019 -0.02421494
v 0.17707244 0.16322975 -0.16953374
v 0.13289694 0.15057881 -0.20257813
v 0.16869962 0.14928535 -0.03507516
v -0.04323559 0.14471291 0.13543585
v 0.18346301 0.14965150 0.02466700
v -0.04532140 0.14424665 0.13298625
v -0.04678125 0.14380081 0.13260987
v 0.17245887 0.15291788 -0.10559650
v -0.06688700 0.15910700 -0.17301799
v -0.08202231 0.14326069 -0.11606156
v -0.19714627 0.14286566 0.12320846
v 0.22834393 0.16280282 0.08569994
v 0.05973988 0.14799942 0.05161387
v 0.17161700 0.14937100 -0.03788300
v -0.15174513 0.15089412 -0.19288369
v -0.10686575 0.14444600 0.11986975
v -0.19526312 0.15637106 -0.14505312
v -0.09678712 0.14420763 0.16985287
v -0.10280263 -0.15600012 -0.20431612
v -0.21976650 0.15573899 -0.10083150
v 0.08229145 0.14963530 -0.20527431
v 0.03213233 0.14755121 0.03338019
v -0.06149575 0.14549112 -0.13890401
v -0.08909637 0.15865363 -0.12562138
v -0.16280843 0.15537506 0.18090275
v -0.06864113 0.15709668 0.23460494
v -0.09752187 0.14293963 0.16817288
v -0.08210400 0.15657724 0.22977750
v -0.09745294 0.14385951 0.17017062
v 0.24442901 0.16451925 0.01234900
v -0.09772300 0.14318199 0.16876601
v -0.11327408 0.14371130 -0.15476844
v -0.09875213 0.14489201 -0.17079337
v -0.10631341 0.14364168 -0.13686503
v -0.05205487 0.14535899 -0.12856925
v 0.13793243 0.14893501 -0.00541950
v 0.18000218 0.15332338 -0.16727249
v -0.04207419 0.14434093 0.13113651
v -0.04528219 0.14308944 0.13227418
v -0.08603023 0.01287770 -0.17522061
v -0.04828894 0.14502122 0.13139838
v -0.05312769 0.14494650 -0.13570444
v -0.01373167 0.16043746 -0.14056137
v -0.21362944 0.15597107 -0.11622000
v -0.09125650 0.15862362 -0.18708763
v 0.13351426 0.15174425 -0.20616975
v -0.15807000 0.15814500 -0.17775950
v 0.02366466 0.15661606 0.24380541
v -0.09504525 0.14455050 0.12853125
v -0.15927137 0.14729831 -0.18469769
v 0.24289399 0.16320850 0.02512400
v 0.24174525 0.16367126 0.03706800
v 0.09026156 0.15625302 0.22956832
v 0.06033091 0.15483169 0.23812716
v -0.12811853 0.15585563 0.20838356
v -0.08395575 0.15596437 -0.22974212
v 0.03968687 0.15656300 -0.24225606
v -0.23820700 0.14424312 -0.05544363
v -0.23228931 0.14271507 0.00182113
v -0.08665600 -0.05048138 -0.18197624
v -0.08552025 -0.08760000 0.18630956
v -0.10448863 -0.08358175 -0.16535175
v -0.09803269 0.03385525 0.14748134
v -0.05897622 0.14259697 0.15307926
v -0.05947756 0.14476532 0.15535182
v -0.04483550 0.14498393 0.13104838
v 0.20174707 0.03388372 -0.00072845
v -0.00406269 0.14671421 0.05194219
v 0.23140694 0.16358612 0.07998513
v -0.08847888 0.14286418 0.11983750
v 0.18145478 0.14851770 -0.03574233
v 0.17978400 0.14793999 -0.03339100
v -0.06916913 0.15800950 -0.17663024
v -0.06743894 0.15828906 -0.17757425
v -0.05683100 0.14332125 0.14481300
v 0.23556525 0.15175207 -0.06849907
v -0.10086200 0.14322750 0.14818300
v 0.18215156 0.14999531 0.02555425
v 0.10326492 0.14847992 0.09051951
v -0.02645900 0.14566299 0.16152000
v 0.07437397 0.14864510 -0.04193294
v -0.10449744 -0.04910950 0.17692325
v 0.13898775 0.14951649 -0.01185175
v 0.13790447 0.14842610 -0.01522562
v 0.13810413 0.14893472 -0.01866897
v -0.01861913 0.14587438 0.14965463
v -0.10224550 0.14506587 -0.12229563
v 0.00082631 0.14687516 0.03727484
v -0.02516237 0.14876950 -0.24394612
v 0.08567525 0.15955082 0.22832619
v -0.02542669 0.14687392 -0.04907187
v -0.07778275 0.14500412 -0.11498150
v 0.04134486 0.14755262 0.05761431
v -0.02609596 0.14648667 0.01889503
v -0.10026375 -0.13896993 0.19662516
v -0.14232551 0.14374262 0.13990569
v -0.10693250 0.15855806 -0.17936444
v 0.24561951 0.16233476 0.00885050
v 0.18203862 0.11496225 0.00326375
v 0.11352184 0.14935237 -0.04177101
v 0.19789697 0.01826231 -0.02433284
v 0.19643500 0.15424076 -0.11826025
v -0.09782975 0.14267525 0.14693175
v -0.10265294 -0.05772019 0.18132025
v -0.08459613 0.14439012 -0.11627275
v -0.10545637 0.15872012 -0.18405762
v -0.10078944 0.15754203 -0.18446422
v -0.10555750 0.15881450 -0.18448350
v 0.15224700 0.14025800 -0.01767300
v -0.02379746 0.14678040 -0.03006681
v 0.03022630 0.14810912 -0.09654141
v -0.00446867 0.14692456 0.00928319
v -0.20496935 0.14267913 0.12964262
v -0.07198000 0.14441051 0.11521375
v 0.22007206 0.15146782 -0.10387081
v -0.18432599 0.15509374 0.15816849
v -0.09320031 0.15575810 0.22850697
v -0.01314073 0.14744261 -0.11041021
v 0.22822550 0.16349350 -0.08280625
v 0.16834974 0.14861850 -0.03710888
v 0.14790881 0.14993331 0.19703631
v -0.05858308 0.14625700 -0.05565552
v 0.18342949 0.14797100 0.02312150
v 0.18289800 0.14964201 0.02342400
v -0.23761900 0.15464801 0.05341400
v -0.09034906 0.14461888 0.11544690
v -0.09285162 -0.10461881 -0.19312000
v -0.06891250 0.13483749 -0.13781451
v -0.10548937 0.14447226 -0.12378500
v -0.10422900 0.14456250 -0.12248850
v -0.18149778 0.14271802 0.16317560
v 0.14922500 0.13702750 -0.01082700
v -0.10299250 0.14390343 -0.12257350
v -0.04882531 0.14407775 0.13098006
v -0.04742550 0.14304624 0.13026600
v -0.21172379 0.14261305 0.10189123
v -0.10066438 0.14350262 -0.12443975
v 0.02894167 0.14777972 -0.01970270
v -0.10592750 0.14314049 0.13860950
v -0.09609991 0.15640165 0.22410466
v 0.19439475 0.15330300 -0.12032987
v -0.08750722 0.00942320 -0.14896192
v -0.09372791 0.14240207 -0.11871462
v -0.09301825 0.14299868 -0.11546443
v 0.17683375 0.14869650 -0.03138037
v -0.10327563 0.15533125 -0.19349387
v -0.10192653 0.15704983 -0.18969280
v -0.08112525 0.14428850 0.11159750
v -0.03531938 0.14668307 0.24403150
v -0.09858660 0.02404447 0.16820791
v -0.10571250 0.15732650 -0.17474000
v -0.10640500 0.15762000 -0.17436600
v -0.09559859 0.15675806 -0.18400091
v 0.06609575 0.15832962 0.23735787
v 0.23340109 -0.11547312 -0.00363428
v 0.15352362 0.14762779 0.01032375
v 0.23233350 0.15324000 -0.07984850
v 0.15166719 0.14737056 0.00788719
v -0.01204542 0.14730389 -0.06973466
v 0.17102638 0.15215200 -0.11113675
v 0.13804169 0.15061037 -0.18773259
v -0.07683691 0.14327137 0.11728547
v 0.18249300 0.14886700 0.02487900
v 0.17834115 0.14927119 0.02323028
v 0.18021449 0.14843625 0.02547825
v 0.06605863 0.14795665 0.07047118
v 0.19441438 0.15130550 -0.12152550
v 0.11573462 0.14984362 -0.12505551
v 0.17772600 0.14752725 0.02143675
v 0.19211601 0.15127000 -0.11963300
v 0.17914926 0.14925075 -0.02592125
v 0.18906049 0.15012078 -0.02777209
v -0.07718541 0.14595443 -0.04816778
v -0.10430714 -0.05713466 -0.18811177
v -0.03558601 0.14648680 -0.01480161
v 0.22140101 0.15104350 0.01854850
v -0.08907800 0.14402574 -0.11565250
v -0.09501475 0.14434612 0.17089875
v -0.09375200 0.14465925 0.11991650
v 0.21971799 0.15132800 0.11104500
v -0.09386231 -0.01075006 0.14937903
v -0.04243534 0.14667906 -0.07599590
v 0.05064247 0.14800340 0.00510650
v 0.24231863 0.16330731 0.01709306
v -0.05298087 0.15615250 0.24104150
v -0.10687106 -0.00549064 -0.17524004
v -0.05981867 0.14415580 -0.13848008
v -0.02349319 0.14643230 0.04034448
v 0.17578650 0.08271750 0.00668600
v -0.09711125 -0.15583925 0.19880600
v 0.18386306 0.01688069 -0.02268712
v 0.16494650 0.14721812 0.01572400
v 0.16297750 0.14769600 0.01645400
v 0.17717788 0.14925712 -0.03860512
v 0.17677274 0.14808249 -0.02878913
v -0.08107747 0.14431469 0.11592484
v -0.07886688 0.14355256 0.11547925
v 0.21876726 0.15051700 0.10529938
v -0.08896700 0.14439274 0.16014300
v 0.20233175 -0.09180753 -0.01127500
v 0.23538725 0.16168401 0.07138925
v -0.08223718 0.14372575 0.11398263
v -0.06855200 0.14388324 -0.16439925
v -0.06650000 0.14396200 -0.16797550
v -0.05305279 0.14577909 0.07178097
v 0.23745562 0.15162203 -0.05067775
v 0.23451488 0.16305976 0.07054663
v -0.01167300 0.16017900 -0.13480000
v 0.17938600 0.15100101 -0.10477600
v -0.10324997 0.14285409 0.14818256
v -0.05981700 0.15917499 -0.09738200
v -0.08496000 0.14462200 0.16152024
v 0.17839375 0.15086851 -0.11038238
v -0.07717550 0.14568426 -0.17351550
v -0.09981485 -0.10290959 -0.19644928
v -0.01929250 0.15997125 -0.13548350
v 0.15070362 0.14975324 -0.03457100
v 0.17140050 0.15003075 0.02030938
v 0.09562228 0.14915089 -0.07524566
v -0.10904413 0.01355884 -0.16105741
v -0.04473402 0.14625178 -0.00092334
v 0.01865009 0.14850269 0.24600422
v -0.24209625 0.15326007 0.04479787
v -0.08273700 0.13415250 -0.12452600
v 0.21842162 -0.04489716 -0.00212734
v 0.19120100 0.14960900 0.15465499
v -0.22597532 0.15568735 -0.09037881
v -0.09169652 0.07840465 -0.13482684
v -0.04996475 0.14234000 0.13337675
v -0.18429855 0.14337836 0.06329068
v -0.10869400 -0.15707999 0.19618399
v 0.17854856 0.14985000 -0.03760681
v -0.10713188 -0.16094138 0.19556162
v -0.08761356 0.14499669 -0.11292350
v -0.12491325 0.14556301 -0.21037149
v 0.02112596 0.14789242 -0.07418457
v 0.04933456 0.14818440 -0.02893325
v -0.08779031 0.07932135 -0.13439281
v -0.08116009 0.06391930 -0.14013658
v -0.13578622 0.14341369 0.20363912
v 0.19368100 0.15141401 -0.13125101
v -0.11605844 0.15653047 -0.08136716
v -0.11549700 0.15862331 -0.08484725
v 0.16855900 0.15036200 -0.03447500
v 0.20337600 0.16323450 -0.13143300
v 0.17523806 0.03425134 -0.00233781
v -0.09541850 0.15831549 -0.21685550
v -0.09520242 -0.06444041 -0.18963686
v 0.17290699 0.14206550 0.00588900
v -0.07352112 0.14573126 0.02127606
v 0.18060534 0.14786126 -0.02399822
v 0.17928925 0.14931300 0.01604175
v -0.10175788 0.14363050 0.14638463
v -0.09044500 0.14216851 0.11307650
v -0.12061884 0.15815790 -0.09269572
v 0.03706550 0.15861399 0.24096274
v -0.10993231 -0.13393536 0.17542638
v -0.06484350 0.14486937 0.18180175
v 0.13203859 0.14944325 0.20829855
v -0.09976003 -0.00583569 -0.15112962
v -0.09174275 0.14463082 -0.11464325
v -0.11237406 0.14463843 -0.14704224
v -0.07903975 0.14606479 -0.08645356
v 0.21338101 0.15288700 -0.12201200
v -0.06349388 0.14560474 -0.16725300
v -0.11913393 0.14407450 -0.14909685
v 0.01821034 0.14697766 0.07764982
v -0.09506506 0.10423306 -0.16048713
v 0.23966150 0.15065144 -0.04861069
v 0.20756513 0.15146226 -0.10638281
v -0.23286912 0.14301050 -0.06702700
v -0.09025550 0.14592449 0.22952025
v -0.08836756 0.14416875 0.22955275
v -0.01733341 0.15803035 -0.22398522
v 0.01682906 0.14735951 0.01321506
v -0.04956900 0.14493500 0.12572899
v 0.17285299 0.15303700 -0.11255300
v -0.06661458 0.15927833 -0.11841175
v 0.14917900 0.13889925 -0.00724400
v 0.16413724 0.07342888 -0.00704706
v -0.07358075 0.14308275 0.11786737
v 0.20166856 0.16350794 0.13889757
v 0.21771929 -0.08390997 0.00266688
v -0.07403550 0.11094147 0.12993263
v -0.09516600 0.14366750 -0.11705500
v 0.14954400 0.14897500 0.01570200
v 0.17836912 0.14957662 0.01484900
v -0.09209422 -0.12204050 0.16754043
v -0.17558751 0.14449781 -0.16680375
v 0.16704051 0.08271623 -0.02090872
v -0.02289500 0.14665729 -0.00140170
v -0.09901069 -0.16109718 0.17319737
v -0.16274840 0.14327516 0.16028351
v -0.15261863 0.14507738 -0.18735126
v 0.19991393 -0.07758898 -0.00699911
v -0.17941658 0.14305425 0.14563750
v -0.12039369 0.14499182 -0.15406482
v 0.20312069 -0.05126375 -0.02484000
v 0.21055473 -0.07999864 0.00248213
v -0.12191850 0.14551900 -0.17540351
v -0.06340000 0.13305300 0.13510400
v 0.18677284 -0.02232231 -0.00768887
v -0.10157100 -0.06970488 0.16071075
v -0.09261550 -0.14230050 -0.18368600
v 0.02224738 0.14809012 -0.11539762
v -0.01102391 0.14629932 0.10603258
v 0.11411762 0.15025251 -0.21380726
v -0.07431240 0.01473528 0.16804384
v -0.08489300 0.15814900 -0.21577001
v -0.00240989 0.14687888 0.02236175
v -0.09679494 0.01948288 -0.17602324
v 0.03985272 0.14735653 0.08044661
v -0.00877800 0.16018800 -0.21160100
v -0.07066100 0.15911651 -0.16083862
v -0.22323149 0.14255825 0.06700575
v 0.16797200 0.10517000 -0.02435731
v -0.09757411 -0.03630191 0.18089539
v 0.20019685 0.02347416 0.00262694
v -0.11542400 0.14452501 -0.12460300
v -0.22250049 0.14281636 0.02382492
v -0.01559177 0.14728126 -0.08332495
v -0.10430027 -0.05697038 0.16231230
v -0.09941475 -0.13755800 -0.17584200
v -0.07211706 0.05047644 0.14470981
v -0.08837900 0.14437200 0.18503200
v 0.22544025 -0.08293206 -0.02092922
v 0.14630400 0.14260700 -0.01182300
v 0.17507374 0.15061237 -0.11075400
v -0.09775700 -0.16273987 -0.18676412
v -0.08801100 -0.15896600 0.19095613
v 0.18753000 0.15337500 -0.11066400
v -0.08581700 0.15871200 -0.21602850
v -0.08944447 0.03197813 0.17242856
v -0.08942525 0.08088715 0.16434406
v 0.02795727 0.14704946 0.09953827
v -0.06338025 0.13734400 0.14890350
v 0.19974050 0.15411331 0.14445193
v -0.10260005 -0.12471130 0.16809885
v 0.04705341 0.14845307 -0.10921733
v 0.24451312 0.16292925 -0.00930288
v -0.09419878 0.10452440 0.15540306
v -0.08925709 0.00848328 -0.17738412
v -0.11031925 -0.12184099 -0.19815172
v -0.06505350 0.14373550 -0.12837701
v -0.22246268 0.15454178 -0.10484875
v -0.05010125 0.14610919 0.01182575
v 0.17448975 0.14897175 -0.03818725
v -0.05334814 0.14660482 -0.11229151
v 0.13809200 0.15159699 0.01165000
v -0.09824692 -0.07735807 0.18755817
v -0.05340725 0.14602076 -0.14214750
v 0.22581699 -0.15252000 -0.02517000
v -0.12610134 0.15100531 -0.21061522
v -0.10227762 0.00133803 0.16760634
v -0.09818784 -0.04477769 -0.18710771
v -0.09637450 0.14507337 0.06121638
v 0.11353366 0.14902422 0.01559285
v 0.15421306 0.14863300 -0.03777300
v -0.08593308 -0.02854166 0.18061091
v -0.06093750 0.15919299 -0.12617050
v -0.05826000 0.14680099 -0.15928800
v 0.02725537 0.14748882 0.02313794
v 0.17610550 0.15005925 -0.03737575
v -0.03175531 0.14757444 -0.22951798
v -0.12357500 0.14535950 -0.12133425
v -0.03644806 0.14625597 0.02724334
v -0.09923733 -0.02214202 0.15383211
v -0.08982552 -0.14256784 0.19368504
v 0.24495675 0.15434726 0.02947625
v 0.15029050 0.14794201 0.01554050
v -0.06729375 0.14524800 -0.11951150
v 0.07680700 0.16158600 -0.22776601
v 0.24603850 0.15859500 -0.00927400
v -0.00022800 0.15795185 0.24356422
v 0.24423975 0.16120550 -0.02696425
v -0.07747763 0.14602523 -0.07109644
v -0.06646962 0.13685726 0.15334731
v -0.10543100 0.15871800 -0.18386599
v -0.10076050 0.15846400 -0.21848699
v -0.10556700 0.15880699 -0.18416500
v -0.21920012 0.14343350 -0.10926338
v 0.20829847 -0.03845247 -0.02517134
v 0.15994006 0.09461075 -0.00374594
v -0.15368725 0.15813425 -0.17904775
v 0.18420701 0.16275381 -0.16174938
v -0.10898100 0.14375550 0.13528600
v 0.20208400 0.15233800 -0.12626299
v 0.16279219 0.14971925 0.18487681
v -0.10924700 -0.16249000 -0.18117926
v 0.17618249 0.10482138 -0.02495044
v 0.19330700 0.05214850 0.00386675
v -0.08240900 0.14485000 0.11411200
v 0.14739203 0.14691737 0.00938050
v -0.07100800 0.15793137 -0.23446000
v 0.20691648 -0.09428594 -0.02126298
v -0.04537138 0.14474051 0.24152300
v -0.10575563 -0.13659869 -0.20214926
v -0.07935600 0.06559475 0.16742888
v -0.07033300 0.14489549 0.16174750
v 0.23453410 -0.11665789 -0.01842384
v 0.01260263 0.14732698 0.00206303
v -0.09727350 0.13693850 -0.12986700
v 0.20611407 0.02681969 -0.00894338
v -0.05862050 0.15926650 -0.14599875
v -0.19291127 0.14299628 0.10380278
v -0.10023800 0.14577113 -0.15327613
v -0.09456100 0.14324149 0.12029250
v -0.07589050 -0.01517059 0.15762557
v -0.10324737 0.15231512 0.22434425
v 0.19156244 0.15132609 -0.14911696
v 0.23569338 0.16351300 -0.05852887
v 0.15231837 0.13601713 -0.01776938
v 0.19044273 0.07981382 0.00189522
v -0.09255381 -0.15329050 -0.18887275
v -0.11669450 -0.13402744 -0.18232666
v 0.01047600 0.15894200 0.16548800
v 0.15883800 0.13860250 0.00639650
v 0.24459600 0.16078925 0.02574300
v -0.11643615 0.14388300 0.18733123
v 0.22960900 -0.15155300 -0.02573000
v 0.17031275 0.14769900 0.01410550
v 0.17275500 0.14913476 -0.03794550
v -0.18518500 0.14521900 -0.16128600
v -0.11408450 -0.15275800 -0.20232350
v -0.08511411 -0.05931345 -0.17841215
v -0.07957525 0.15884775 -0.18022400
v 0.17002600 0.14904900 -0.03563950
v -0.09104894 -0.13000315 0.19363748
v -0.09745450 0.14421549 0.17077699
v -0.09961200 0.05690175 0.15683074
v 0.19018275 -0.03013244 -0.00356244
v 0.20311813 -0.01401625 0.00400200
v 0.20046200 0.15454000 -0.11630500
v 0.23360801 -0.15092200 0.00119300
v -0.05820000 0.16013999 -0.23225001
v 0.18609300 0.15309200 -0.10990600
v -0.09827738 0.15875074 -0.21257199
v 0.13757899 0.15101349 0.01043900
v -0.20496406 0.14507037 0.13405463
v -0.20649600 0.15001325 0.13511038
v -0.15881300 0.15797000 -0.17769849
v 0.17193162 0.14995450 0.17020801
v 0.17452781 0.15314563 0.17245281
v -0.12175850 0.15787099 -0.07468875
v 0.21572100 0.15678975 -0.11606950
v 0.21875675 0.15118988 -0.11059575
v 0.21598537 0.15294662 -0.11483900
v 0.21398312 0.16077219 -0.11452344
v 0.21302815 0.15147814 -0.11730202
v -0.15386687 0.15613075 -0.09734500
v 0.17265500 0.15299900 -0.11247300
v -0.22946659 0.15423471 -0.08565811
v -0.24199963 0.14348960 0.03542038
v 0.03510950 0.15460072 0.24409606
v 0.18986845 -0.02999242 -0.01765241
v 0.15335400 0.15388475 0.19346662
v 0.19520168 0.04852844 -0.02207362
v 0.18504500 0.12617150 -0.00820525
v 0.22580454 -0.08740209 -0.00114613
v 0.20283619 0.01751894 -0.02138612
v 0.19976482 0.05120312 -0.01555369
v -0.04979250 0.15523225 -0.24040325
v -0.04980662 0.14926650 -0.23918854
v 0.21946301 0.16266112 0.10370025
v 0.19293700 0.16143100 0.15277500
v 0.20105726 0.16201399 0.13773794
v 0.05279225 0.15886362 0.23444068
v -0.04640725 0.14691050 -0.14592725
v -0.13152900 0.15002300 0.20943500
v -0.03003450 0.14503662 0.24039137
v 0.15301375 0.15660638 -0.19216013
v 0.14576200 0.16256399 -0.19296400
v -0.07770488 0.15834218 -0.22940432
v -0.08244763 -0.02310491 -0.16319263
v -0.08281300 0.15089500 -0.23132750
v -0.09727400 0.09832150 0.14717887
v -0.24034013 0.15152191 -0.05426072
v 0.17055912 0.15130749 -0.11005413
v -0.18097150 0.15020525 -0.16687100
v 0.17055100 0.15081075 -0.11219638
v -0.24239901 0.14176600 -0.00547600
v -0.03106130 0.14683603 -0.06237244
v 0.06993350 0.15613025 -0.23536900
v 0.06829453 0.14936909 -0.23361892
v -0.09218937 -0.06995300 -0.18886587
v -0.08148147 -0.09184434 0.17934178
v -0.07826138 0.05265687 -0.14598700
v -0.07628813 0.05001150 -0.15100394
v -0.07981566 0.01680256 -0.15462707
v -0.07704975 0.03353414 -0.15844277
v -0.11053535 -0.05030015 -0.16559431
v -0.10582419 -0.03827750 -0.15910874
v -0.11361800 -0.07099341 -0.17330524
v -0.09775581 -0.11680190 0.16582400
v -0.08541325 -0.11582769 0.18731529
v -0.08607385 -0.09525160 0.16545776
v -0.09242922 -0.09961803 0.16332012
v -0.08582739 -0.11793639 0.17141812
v -0.09496687 0.02963963 0.14487262
v -0.00335125 0.14503925 0.23990150
v 0.21261150 -0.13683900 -0.01042300
v 0.22071201 -0.15460201 -0.00282900
v 0.22043063 -0.13904500 -0.00000375
v -0.06697350 0.13158999 0.13030200
v 0.22122422 0.15016834 0.10526366
v -0.09881043 0.10210087 -0.13485284
v 0.01895737 0.16059113 -0.10795300
v -0.11199650 -0.15841250 -0.18024001
v -0.10528545 0.02552597 -0.15087835
v -0.06844500 0.05606581 0.15338959
v -0.01680700 0.16003200 -0.22717600
v 0.19655751 0.05552625 -0.01940950
v -0.11055187 -0.12567250 0.18576962
v 0.21584894 -0.01973969 -0.00799044
v 0.18239100 0.16295050 -0.11817550
v 0.22506550 -0.06946678 -0.00500450
v 0.21276656 -0.02258525 -0.02038050
v -0.06614307 0.15913326 -0.13048112
v -0.08351650 0.14363325 0.11271525
v 0.17930868 0.04720775 0.00438100
v -0.10474497 -0.10903212 0.18974884
v -0.07866012 0.13281663 -0.12586226
v -0.09009975 -0.12176575 -0.18901050
v -0.12714438 0.14523457 -0.13542125
v -0.24604750 0.15461150 -0.00411000
v -0.06844887 0.07082906 0.15739219
v -0.07512225 0.13237925 -0.12799537
v -0.10663200 0.15819751 -0.07420300
v -0.07920057 0.07389362 -0.16341019
v 0.22991663 -0.11192863 -0.02264694
v -0.08041650 -0.00680566 -0.16746059
v -0.08728575 -0.15986975 0.18343350
v -0.06957300 0.15871300 -0.17613700
v 0.18767700 0.10536875 -0.00148163
v -0.10400100 -0.15657000 0.19854975
v -0.08455928 -0.12413307 0.17597948
v -0.11138148 -0.12809125 0.18029174
v 0.20839979 0.00820125 -0.01718178
v -0.09117450 0.14252400 0.17365450
v 0.17384316 0.03158647 -0.01000600
v 0.19409554 -0.00622272 -0.02507366
v 0.18838812 0.15116525 -0.13866550
v -0.06018300 0.14008200 0.13110299
v -0.11004350 0.14351213 0.13531549
v -0.08070400 -0.06639188 0.17911810
v -0.09381343 -0.11132272 -0.17306362
v 0.21694501 -0.15460800 -0.00932100
v -0.08083708 -0.07004033 0.16531657
v -0.10687000 0.14333400 -0.14841101
v -0.11178500 0.15819100 -0.20830999
v 0.23203337 -0.09912212 -0.00755213
v -0.09109882 -0.13784724 -0.18781731
v -0.19437400 0.14405350 -0.14202313
v 0.17794800 0.14292200 0.00245400
v -0.10792919 0.02845131 -0.16261975
v -0.07953769 0.10045987 -0.16063482
v 0.18906690 -0.01519475 -0.00022416
v -0.08451112 -0.05893116 -0.17354056
v -0.20231184 0.14336278 -0.00198600
v 0.21863700 -0.15447301 -0.01951700
v -0.10631093 0.03815287 -0.16440122
v -0.11156084 -0.09459814 -0.19136426
v -0.07114259 0.10584422 -0.14715526
v 0.10205088 0.15990800 0.22085100
v 0.19568750 0.07608950 -0.00894625
v -0.07938986 0.01930849 -0.16676734
v -0.06388600 0.14283806 -0.14578857
v -0.24324439 0.15488148 0.00622083
v 0.18385419 0.12307563 -0.01614219
v -0.11523959 -0.10145897 -0.18742754
v 0.22552650 -0.15614951 -0.02195800
v 0.18818749 0.08975900 -0.02045288
v -0.24571487 0.15329725 0.01400906
v -0.08495913 -0.02706845 -0.15978821
v 0.16533463 0.09722350 0.00402062
v 0.24539350 0.15210401 0.01690800
v 0.21739849 -0.02618406 -0.01067522
v -0.10739116 0.15364434 -0.22092281
v -0.06411200 0.14413150 0.16823700
v 0.22944357 -0.08413619 -0.01029944
v 0.24456650 0.15282924 -0.02559550
v -0.09377925 0.14566137 -0.18042463
v -0.07909743 0.14480594 -0.11672925
v -0.08185537 0.14460537 -0.11572200
v -0.08236775 0.14448175 -0.11786200
v 0.19183300 0.16197200 0.13312300
v 0.20114443 0.04733000 -0.00503880
v 0.22882600 0.15123600 0.09152000
v 0.20063813 0.15015163 0.00464450
v -0.21890876 0.15472475 0.10652325
v -0.11543006 -0.12879156 -0.19535281
v -0.07264378 0.00611223 0.16192907
v -0.09926850 0.06460025 0.15077962
v -0.08260925 0.10399737 -0.13042106
v 0.20588331 -0.08299822 -0.00027563
v -0.08201900 0.14631000 -0.18483700
v 0.17918162 0.12504013 -0.02147375
v 0.17466851 0.14236625 -0.02202275
v -0.09926100 0.15895487 -0.18520375
v 0.18674538 0.08078437 -0.02304331
v -0.07560950 -0.02760319 0.16361183
v -0.10958250 -0.10472881 -0.17084543
v 0.22728263 0.16232538 -0.09274050
v 0.19228987 0.08946003 -0.01311516
v 0.22429080 -0.06172357 -0.01456221
v -0.11941111 0.14403258 0.15081660
v -0.08205875 0.11123175 -0.16045269
v -0.10402167 0.07576022 -0.14492556
v -0.12216684 0.14388406 -0.13924141
v 0.22417417 -0.09781147 -0.02423866
v 0.02782088 0.16068512 -0.10459612
v -0.10648187 -0.03651791 -0.18269965
v 0.15022300 0.13716701 -0.00240450
v -0.07204319 0.10607100 -0.15120871
v 0.21844119 -0.03693844 -0.00492075
v 0.15746075 0.14739101 0.01499825
v -0.04114275 0.15955874 -0.13237500
v 0.20340197 0.15057871 -0.01921603
v 0.23238575 -0.09995188 -0.01480072
v 0.16254701 0.14794201 0.01568450
v 0.17158400 0.14580426 -0.02950550
v 0.20432097 -0.08631019 -0.00267934
v -0.07881175 -0.01081375 0.15249306
v -0.10061757 0.15905824 -0.19482975
v -0.07556703 -0.02408803 0.16924791
v -0.09062787 -0.11107819 -0.19064188
v -0.06920172 0.14630631 0.23679441
v 0.19300494 0.08560075 -0.00471900
v -0.24198499 0.15497001 -0.02213850
v -0.14098759 0.15216821 -0.20110500
v -0.11576638 0.14364657 -0.13253281
v -0.09689043 0.08807725 0.14325762
v -0.12901062 0.14420322 0.10608775
v 0.17021850 0.15085550 -0.10950450
v -0.09314075 0.13747287 0.13389599
v 0.18738775 0.01262631 0.00370613
v 0.23901100 0.15186299 0.05904900
v 0.21667300 -0.15522300 -0.01283300
v -0.07394034 0.07172669 -0.14987944
v -0.11152328 -0.02747453 -0.17066728
v 0.17354700 0.15311000 -0.11276800
v -0.07816747 0.04822000 0.14039272
v -0.09958719 -0.13491818 -0.20081681
v 0.23757400 0.16310200 0.04807000
v 0.21861209 -0.10834140 -0.02552981
v -0.10521057 0.14512853 -0.15999509
v -0.10002500 0.14601663 -0.19292012
v 0.14169613 0.14762449 -0.01519994
v -0.05493875 0.14627053 -0.03843101
v 0.18228756 0.15057482 -0.02338394
v -0.10979581 -0.15785781 0.17683762
v -0.09082507 0.14499681 -0.16352338
v -0.00969900 0.16012400 -0.11929775
v 0.20770025 0.15070225 0.02800225
v 0.17584924 0.15078349 -0.10401225
v 0.20985943 0.15062968 -0.01236600
v -0.07521237 0.13673413 -0.15303101
v -0.11109775 0.14925800 -0.21845375
v -0.09035350 -0.15982600 0.17700399
v -0.11923275 -0.15761675 -0.18958101
v -0.11661994 -0.11078430 -0.18448149
v 0.12594201 0.16120701 -0.21055549
v 0.16026600 0.15027276 -0.05747475
v 0.19704375 0.15426250 -0.11474075
v 0.24255925 0.15167975 -0.01518700
v 0.19389613 0.07723781 -0.00236775
v 0.17938875 0.03066925 0.00167019
v -0.23644100 0.14278124 -0.02607675
v -0.01548413 0.14969362 -0.24479313
v -0.09117188 -0.09207385 0.18966055
v 0.23170400 0.16288900 0.07332600
v -0.08912587 0.14397524 0.16354012
v 0.17462599 0.14891399 -0.03750400
v -0.11198688 -0.07306644 -0.18549560
v 0.17916213 0.14857675 0.02287925
v -0.09615865 -0.10065581 -0.16914940
v -0.06790894 0.09975269 0.15643343
v -0.07138400 0.13455500 -0.13158400
v 0.18775199 0.11210263 -0.00627537
v 0.17403001 0.12558375 -0.02432450
v -0.09136050 0.10782200 0.15804200
v -0.09197012 0.14382476 0.16870438
v 0.22583379 -0.10757150 0.00124900
v 0.21836998 -0.05635713 -0.02219613
v 0.22209825 -0.15682375 -0.00491625
v -0.10681900 -0.16437000 0.17766801
v 0.14940588 0.14219038 -0.01886975
v -0.09953818 0.14389104 0.11724128
v -0.10074393 0.14461856 -0.12100369
v -0.11160200 -0.15707800 0.19275700
v 0.15316500 0.13714950 0.00224950
v -0.11301250 -0.15637399 0.18837850
v -0.09477456 0.03300806 0.16999419
v 0.18896268 -0.03250984 -0.01292306
v 0.18829912 0.10116625 -0.01702375
v -0.09162650 0.14589524 -0.09373975
v -0.06552783 0.14568171 0.04865869
v -0.08416972 -0.04029423 0.15508452
v 0.15055281 0.14498393 0.01076100
v -0.11211400 -0.15961950 0.18067101
v 0.20311110 -0.09440359 -0.01408322
v -0.07315563 0.09153381 -0.14273600
v 0.13780349 0.15099800 0.01078350
v 0.16495356 0.08316519 0.00021525
v -0.11556781 0.14331409 0.14695232
v -0.10346403 0.10273853 -0.14913416
v 0.21946774 0.15147600 -0.06296225
v -0.06889072 0.14593400 -0.01154259
v -0.08979744 -0.03004394 -0.15654200
v -0.11037300 0.14367950 0.13678600
v 0.18650600 0.14986201 -0.01372450
v 0.18668801 0.14966500 -0.01491700
v -0.10675375 0.15827000 -0.11391675
v -0.09234150 0.07270157 0.13822894
v -0.05832850 0.14581349 -0.12966850
v -0.11083996 -0.02978191 -0.17520510
v -0.10671359 0.05295278 -0.15379700
v -0.00849398 0.14747174 -0.10051653
v 0.19020641 0.14997262 0.01704130
v 0.22928025 0.15086362 0.08107319
v 0.24195351 -0.15073749 -0.01800200
v -0.09472875 -0.15609775 -0.19858888
v -0.09736850 -0.15530375 -0.20164450
v -0.04984500 0.14266500 0.13384500
v 0.23847112 -0.12824693 -0.00964812
v -0.09527814 -0.08471959 0.18920636
v 0.17879738 0.15093769 -0.12364575
v 0.21340653 -0.10353231 0.00103378
v -0.03005650 0.15874775 -0.24328150
v -0.07174700 0.13639900 0.15666901
v 0.05830666 0.14678237 0.23545365
v -0.06203600 0.13395099 0.13999200
v 0.20609225 0.02591038 -0.01284075
v -0.10463537 0.08636306 -0.14768438
v -0.08795994 -0.09346516 -0.17624079
v -0.09435675 -0.15779699 0.17367825
v 0.13991600 0.14930850 0.03397225
v -0.09056200 0.13275599 -0.12531450
v -0.11191181 -0.10314562 -0.17258662
v 0.22643478 -0.07101397 -0.00823331
v 0.17566550 0.15036550 -0.03736400
v -0.11355788 -0.10050388 -0.17430812
v -0.10146525 0.13661724 -0.13994575
v 0.09568800 0.14949501 -0.13184451
v 0.20276643 -0.08883412 -0.01714112
v -0.08971850 0.13728251 0.12898937
v -0.08909494 -0.07758069 -0.16894747
v -0.07917525 -0.01032334 0.17500934
v -0.06146750 0.14668250 -0.17517750
v 0.18223238 0.13681987 -0.00468537
v -0.06875294 0.14506437 -0.17362581
v 0.18180263 0.15125912 -0.16021150
v -0.11745200 0.15807199 -0.19593599
v 0.18598124 0.04249716 -0.02531731
v 0.17811900 0.13215549 0.00371463
v -0.12070400 0.15801500 -0.18434800
v -0.09850100 0.13399100 -0.13110401
v -0.09506725 -0.13725924 -0.17861450
v -0.07221900 0.15899350 -0.21511300
v 0.21059750 0.16230050 0.12162350
v -0.12330250 0.15814063 -0.08573688
v 0.24351600 -0.15193599 -0.01268300
v 0.17317200 0.15309750 -0.11225450
v -0.07421725 0.11166469 -0.15481700
v -0.06538300 0.14650001 -0.16634500
v 0.22400451 -0.15313201 -0.00015000
v -0.09424300 0.13307600 -0.12705500
v 0.17182900 0.15280800 -0.11228000
v 0.17109799 0.15231401 -0.11139400
v 0.17273000 0.15302201 -0.11246200
v -0.08515313 0.15877324 -0.16168925
v -0.07229700 0.14510299 0.10607250
v -0.09246600 0.11696100 0.13406999
v 0.17767900 0.14808901 0.01850200
v -0.14332353 0.15733451 -0.17832547
v -0.05343312 0.14565228 0.08957591
v 0.17679800 0.14852500 0.01392100
v 0.17604651 0.14807101 0.01574050
v -0.07096025 0.13328263 -0.14857075
v 0.18954401 0.15075150 -0.04788400
v -0.08494717 -0.13130356 0.18593597
v -0.10608775 0.14561325 -0.10557550
v 0.08804500 0.14920326 -0.10317550
v -0.06824994 0.06978222 0.14611575
v 0.19467700 0.16210300 0.11985200
v -0.06147475 0.14301625 0.17059299
v -0.08327025 0.01042087 -0.15160257
v -0.12552463 0.14307812 0.21015744
v -0.22775166 0.14260413 0.04606619
v -0.08737390 0.01468581 0.14441641
v -0.08394282 0.04353384 0.17115179
v 0.19274819 -0.03084366 -0.02134544
v 0.17710800 0.14784200 0.01848700
v -0.08374700 0.13388100 0.12620750
v 0.13889100 0.14937700 0.00460500
v 0.19876800 0.14987500 -0.01374950
v 0.17076001 0.14111499 0.00729300
v -0.07362425 0.06510700 0.13961825
v -0.08481000 0.15843700 -0.21583900
v 0.18635900 0.14826749 -0.00471750
v -0.04931225 0.14515300 0.17271174
v 0.12154100 0.14963484 -0.07736412
v 0.22881950 -0.15236349 0.00124000
v -0.09996075 -0.15934663 -0.18089794
v 0.21188906 -0.04444012 0.00280131
v -0.11547075 0.15807925 -0.10249025
v -0.10754794 -0.13866612 -0.17546988
v -0.05867600 0.16025700 -0.23269150
v -0.11707650 0.15807550 -0.20555951
v -0.10093775 0.02561900 0.15316275
v -0.06779950 0.15908800 -0.18042600
v 0.20492674 0.15072325 0.00458275
v -0.07535044 0.10398663 -0.13499594
v -0.10132562 -0.09814040 -0.16745518
v -0.15932976 0.15658975 0.03667575
v 0.16125999 0.13926750 -0.02438000
v -0.06101812 0.14460762 0.23623538
v 0.17019475 0.11075263 0.00744687
v -0.08668500 0.15832600 -0.21658100
v -0.08457400 0.15871400 -0.21619400
v -0.09802063 0.03707075 -0.17250019
v -0.09010289 -0.02021339 0.18014631
v -0.03215631 0.14568850 0.13043800
v -0.09311012 0.14542262 -0.16654900
v 0.14601649 0.14265300 -0.00491550
v -0.07785775 0.14524387 0.07569225
v -0.09137812 0.02474012 -0.17550138
v -0.09684633 -0.06375622 0.15775411
v 0.13133225 0.14953651 -0.02925725
v -0.08194375 0.15862912 -0.05025863
v 0.19730829 -0.00146637 -0.02544405
v 0.13870150 0.14974700 -0.04380475
v 0.18053600 0.14799400 -0.04033700
v 0.18096399 0.14804700 -0.04043600
v 0.10792806 0.14972325 -0.13166313
v -0.06966500 0.15882801 -0.17639200
v 0.18156099 0.15024400 -0.02757300
v 0.15729401 0.13680901 -0.02264150
v -0.11485550 0.15802400 -0.07081300
v -0.03029500 0.15917499 0.04075000
v 0.15674700 0.14861900 -0.03683200
v -0.11724225 0.15721150 -0.07768475
v 0.06158235 0.14809853 0.03673764
v 0.01624525 0.14761551 -0.02405428
v 0.13760300 0.15187199 0.01159800
v -0.05248670 0.14653715 -0.09222191
v -0.07328750 0.06164112 0.16447251
v -0.14382157 0.14504181 -0.15436594
v 0.17278500 0.15301900 -0.11254800
v -0.02806231 0.14740744 -0.17877644
v -0.06568300 0.14648201 -0.16587301
v 0.18980525 0.04710406 0.00554769
v -0.10559800 0.15883300 -0.18429901
v -0.15953000 0.15781400 -0.17778499
v 0.03283575 0.16088800 -0.17445426
v 0.00294600 0.14579375 0.23344837
v -0.10907750 0.15702075 0.12751225
v -0.09728453 -0.02684378 -0.15426107
v 0.16327800 0.15007401 -0.04611900
v 0.21567781 -0.04846794 0.00111909
v 0.17328100 0.15310600 -0.11275900
v -0.08139910 0.04903606 0.13918570
v 0.17388500 0.15322299 -0.11295900
v 0.17319000 0.15311500 -0.11274200
v 0.09904762 0.14943363 -0.11150663
v 0.16278000 0.08959900 -0.01777550
v 0.18234450 0.08579350 0.00625800
v 0.18944700 0.03535725 0.00569525
v -0.08035500 0.15865937 -0.04145900
v 0.02094050 0.16049150 -0.05119500
v -0.11016800 0.15822887 -0.20841438
v -0.06964400 0.15875401 -0.17612600
v 0.03738800 0.16084000 -0.07987400
v 0.18548188 0.08933137 0.00452181
v 0.18097000 0.14805700 -0.04054700
v -0.03956100 0.14525799 0.20037900
v 0.17498618 0.11610250 0.00708075
v 0.17132600 0.15246899 -0.11179700
v 0.09764800 0.14938200 -0.10429700
v 0.19408600 0.15132099 -0.13168000
v 0.08350100 0.14914700 -0.11159300
v 0.13866800 0.14936800 0.00416400
v -0.09473450 0.14593226 -0.15638649
v -0.10451412 -0.14469226 -0.17622837
v 0.10152400 0.16192199 -0.14163300
v -0.10331825 -0.14922975 -0.17722000
v -0.15883499 0.15797199 -0.17778900
v 0.22736625 0.15989900 0.09425450
v 0.19394200 0.15137000 -0.13099700
v 0.13713700 0.15204400 0.01127000
v 0.19419800 0.15129299 -0.13206100
v 0.09514163 0.16079962 0.10317712
v -0.05849900 0.16030151 -0.23213400
v -0.05778300 0.16018599 -0.23154999
v -0.06262800 0.14343500 0.16982500
v 0.19335499 0.15148100 -0.13110200
v -0.10291875 0.15793575 0.01179550
v 0.09194500 0.14936650 -0.12695700
v -0.08887100 0.14606901 -0.16006701
f 30 26 24
f 879 31 558
f 1269 41 40
f 25 24 26
f 23 25 26
f 57 1451 58
f 361 290 70
f 71 427 1574
f 77 1413 84
f 1413 77 79
f 750 84 1413
f 541 728 1422
f 101 399 100
f 103 364 18
f 103 18 19
f 113 111 112
f 113 114 1090
f 205 116 1
f 420 135 129
f 803 512 17
f 129 135 136
f 137 135 1799
f 245 139 786
f 479 715 278
f 156 1488 250
f 222 157 155
f 1085 89 1158
f 356 473 121
f 384 649 1528
f 271 12 11
f 11 12 1472
f 116 204 161
f 211 210 212
f 213 210 211
f 211 212 192
f 212 213 214
f 233 257 8
f 245 234 257
f 120 257 234
f 237 236 306
f 743 1582 897
f 244 246 242
f 1054 51 1058
f 325 245 244
f 238 1468 251
f 2 16 1
f 1586 279 278
f 259 457 280
f 16 22 36
f 827 584 270
f 1100 605 232
f 299 96 94
f 299 1228 2074
f 2075 178 1587
f 302 301 1378
f 558 1029 879
f 20 313 314
f 205 1 1489
f 324 318 321
f 234 245 325
f 324 321 943
f 1136 1374 458
f 339 340 338
f 85 338 337
f 85 340 342
f 342 338 85
f 1056 1500 1770
f 527 1143 1352
f 967 963 1481
f 69 168 927
f 99 104 930
f 365 19 18
f 366 365 109
f 160 167 165
f 864 430 429
f 81 778 371
f 372 81 1433
f 81 372 373
f 1 380 22
f 22 380 379
f 379 383 22
f 1 379 381
f 381 383 1
f 438 335 147
f 387 388 421
f 685 159 683
f 101 396 398
f 403 404 401
f 845 401 404
f 396 402 403
f 407 406 209
f 396 403 405
f 101 402 396
f 1419 405 411
f 412 411 101
f 132 146 167
f 367 132 511
f 349 419 417
f 61 417 419
f 420 128 1173
f 696 424 256
f 1633 1361 2108
f 655 427 71
f 469 253 341
f 87 86 90
f 146 165 167
f 433 768 360
f 433 968 768
f 1162 150 149
f 438 147 37
f 265 334 351
f 334 265 107
f 1478 892 1101
f 463 464 1677
f 969 907 709
f 477 1326 478
f 1252 477 478
f 477 1252 881
f 61 165 252
f 489 1360 348
f 1823 54 635
f 282 263 53
f 495 494 462
f 419 414 61
f 513 507 505
f 514 12 9
f 505 515 512
f 17 512 515
f 515 513 17
f 524 137 523
f 277 1919 479
f 1853 217 526
f 217 1506 526
f 546 572 545
f 245 257 233
f 561 559 1615
f 576 1440 575
f 656 572 546
f 18 364 572
f 365 572 364
f 235 1085 917
f 1987 1556 583
f 422 580 608
f 1996 1677 587
f 1618 588 1996
f 1928 588 475
f 588 631 475
f 591 590 706
f 597 594 593
f 593 203 735
f 280 1633 259
f 597 200 594
f 601 668 600
f 1654 607 580
f 1635 1633 2108
f 1633 1635 259
f 1189 525 615
f 1189 973 525
f 525 973 286
f 973 615 286
f 525 1190 64
f 307 329 296
f 616 145 617
f 484 467 485
f 416 252 77
f 625 118 620
f 3 1045 480
f 625 628 624
f 121 613 147
f 802 613 473
f 139 245 120
f 704 641 739
f 650 240 651
f 240 650 359
f 120 245 140
f 1062 662 363
f 712 645 647
f 1101 666 1478
f 355 630 656
f 656 1027 355
f 656 103 19
f 1653 2046 1175
f 668 496 659
f 1019 677 394
f 678 661 679
f 391 680 1243
f 679 682 668
f 679 661 682
f 685 683 530
f 90 33 34
f 265 351 671
f 927 361 1280
f 1294 102 1262
f 1262 102 875
f 87 90 34
f 674 629 672
f 842 1083 1248
f 717 715 1146
f 708 420 866
f 722 521 724
f 663 521 537
f 521 723 537
f 521 722 664
f 536 723 664
f 727 729 716
f 203 597 735
f 717 714 715
f 1640 1256 676
f 335 387 336
f 33 35 34
f 773 669 1458
f 310 669 773
f 327 774 341
f 777 775 778
f 1794 469 229
f 229 469 327
f 775 229 1127
f 391 75 680
f 280 457 1352
f 1110 1846 1679
f 497 799 813
f 586 1212 562
f 245 233 271
f 617 145 987
f 618 792 793
f 1970 1297 1290
f 507 512 803
f 530 158 830
f 1548 1386 1551
f 671 694 265
f 686 793 791
f 922 806 350
f 571 806 922
f 812 806 571
f 930 1227 737
f 818 599 819
f 714 772 729
f 818 820 599
f 822 715 714
f 818 1875 820
f 1875 821 820
f 727 822 714
f 772 714 716
f 772 822 727
f 822 716 729
f 820 821 823
f 438 121 335
f 807 828 549
f 674 672 436
f 626 500 499
f 342 340 282
f 350 837 1639
f 838 837 350
f 1546 1367 1349
f 855 852 851
f 853 855 851
f 1173 855 224
f 224 855 853
f 136 224 129
f 508 312 507
f 192 1166 612
f 654 20 523
f 866 871 870
f 870 523 20
f 420 870 869
f 20 867 869
f 869 871 420
f 312 513 506
f 312 508 1231
f 523 129 524
f 129 1224 128
f 851 523 128
f 851 128 1224
f 506 1231 508
f 224 856 129
f 812 350 447
f 435 436 226
f 1285 74 1353
f 129 708 137
f 866 137 708
f 1020 883 1312
f 1140 688 199
f 404 399 845
f 157 732 247
f 884 625 893
f 886 627 884
f 895 202 896
f 202 655 567
f 359 1642 900
f 894 900 727
f 1642 894 727
f 902 903 1426
f 703 709 907
f 627 625 884
f 893 908 884
f 911 669 505
f 1933 554 1777
f 230 235 913
f 913 235 917
f 913 912 230
f 721 1404 1725
f 604 951 1102
f 479 728 1155
f 1644 1584 501
f 733 734 1182
f 1691 318 279
f 886 118 624
f 118 625 624
f 1037 520 279
f 908 118 886
f 935 653 1384
f 940 1104 1194
f 619 626 122
f 1102 950 948
f 948 950 895
f 950 953 895
f 895 896 952
f 62 615 973
f 565 290 918
f 801 2140 389
f 966 965 1457
f 1647 966 1457
f 562 1212 1077
f 556 1077 1212
f 1545 1667 2093
f 336 975 1228
f 977 976 978
f 977 979 976
f 981 980 976
f 976 980 978
f 1284 1235 373
f 373 370 369
f 987 686 791
f 808 1286 369
f 990 37 613
f 997 996 514
f 536 997 663
f 431 999 378
f 999 431 1001
f 234 271 233
f 999 1002 113
f 1002 999 1001
f 165 61 414
f 1005 226 1006
f 194 193 828
f 1011 1090 1092
f 1015 785 1013
f 1016 1015 1013
f 1015 1016 1014
f 359 650 651
f 343 1013 1014
f 1654 580 422
f 1018 1509 1244
f 753 1024 758
f 1459 1024 753
f 753 1021 1459
f 1760 558 31
f 622 703 51
f 355 1027 525
f 630 525 1027
f 23 24 688
f 1034 1030 997
f 9 997 1030
f 12 997 2096
f 2096 1031 1030
f 1031 1034 699
f 699 1034 514
f 1901 1198 1197
f 55 310 1458
f 1901 2079 1907
f 651 796 359
f 562 1042 556
f 218 1015 1014
f 1048 1046 1049
f 1654 972 865
f 834 972 1654
f 1069 456 543
f 229 1072 774
f 1073 214 316
f 1927 184 192
f 1078 2016 1012
f 1078 1079 1010
f 1048 1012 1076
f 1873 1044 1255
f 1242 432 1086
f 120 140 257
f 999 1090 1011
f 1502 1170 385
f 12 1613 997
f 1089 112 114
f 648 398 412
f 113 1092 1089
f 397 412 398
f 1089 1090 1074
f 1081 15 17
f 911 1081 17
f 332 1074 1090
f 193 807 549
f 608 607 1654
f 229 774 1112
f 870 420 654
f 1096 815 1097
f 1097 814 807
f 815 1234 1097
f 1966 617 1967
f 332 1090 334
f 334 671 1011
f 1659 734 733
f 985 1105 755
f 1106 770 992
f 1221 810 447
f 941 1128 186
f 1095 777 80
f 83 777 1095
f 778 1112 83
f 754 985 423
f 1237 465 1113
f 1483 2022 415
f 1115 873 541
f 1217 541 1396
f 783 754 752
f 480 1045 1984
f 243 1447 98
f 812 447 810
f 1118 754 1105
f 1665 1151 1043
f 318 1586 278
f 370 469 1127
f 1127 469 371
f 755 1129 752
f 1130 755 754
f 1454 1130 752
f 699 1131 997
f 647 645 1117
f 1586 318 277
f 1117 648 412
f 1117 906 648
f 531 1323 1343
f 337 339 85
f 847 691 603
f 1143 1141 788
f 1141 170 788
f 768 968 784
f 1148 905 1147
f 1371 905 1148
f 72 1666 770
f 61 337 416
f 1464 321 318
f 293 883 1020
f 662 353 392
f 441 1521 1287
f 172 1709 485
f 695 1156 1274
f 192 1167 183
f 210 1073 316
f 126 127 1070
f 58 1234 1236
f 1020 926 293
f 733 1182 1176
f 675 1183 165
f 1472 12 514
f 53 337 338
f 340 85 53
f 844 645 845
f 1193 2074 1587
f 1719 45 1087
f 1195 1194 1067
f 97 845 712
f 845 854 712
f 788 910 1065
f 369 1202 83
f 754 1038 1203
f 634 783 309
f 1205 1896 2104
f 2104 2025 1205
f 1213 1799 860
f 985 1332 309
f 728 1217 1115
f 1219 1389 1979
f 1979 1484 610
f 1067 940 456
f 14 1526 1313
f 2015 124 45
f 718 728 705
f 267 1172 690
f 905 21 1147
f 523 851 862
f 756 78 1805
f 524 434 1226
f 597 829 735
f 505 512 513
f 52 16 2
f 2125 1466 2124
f 465 786 1113
f 456 971 916
f 260 1288 43
f 178 1564 96
f 2054 1564 178
f 404 844 396
f 844 397 396
f 58 1236 60
f 60 1140 58
f 329 720 309
f 906 412 397
f 1003 910 50
f 1242 1152 1153
f 1449 40 1246
f 1244 1019 1018
f 852 785 330
f 1249 601 1871
f 668 1249 496
f 496 1249 602
f 1140 1236 1253
f 1452 57 58
f 1452 58 1140
f 1547 1214 198
f 1499 1258 42
f 1327 1216 1400
f 1264 1329 1328
f 423 720 852
f 42 463 40
f 1682 1269 42
f 1061 1135 108
f 376 510 104
f 691 847 56
f 375 707 175
f 1202 1273 1433
f 1273 373 1433
f 6 826 5
f 251 1468 239
f 825 1282 369
f 1284 373 808
f 1282 1286 808
f 1202 1284 1273
f 1779 1620 2103
f 887 704 739
f 1004 938 1292
f 905 532 21
f 788 50 910
f 858 509 1915
f 1207 1204 1191
f 363 662 162
f 1262 1219 1294
f 1262 308 1219
f 1296 1389 265
f 1143 170 1142
f 170 527 788
f 1924 710 544
f 1164 442 1410
f 957 1424 961
f 2109 1302 2142
f 438 387 975
f 1532 2025 1706
f 959 957 962
f 961 1424 959
f 968 959 1424
f 776 961 962
f 187 326 1735
f 631 2088 478
f 2088 2089 2130
f 820 1448 599
f 968 957 776
f 776 962 968
f 1638 1959 1868
f 1333 1260 1379
f 1186 653 300
f 1265 231 1347
f 1839 1360 489
f 89 1086 1158
f 1139 1154 1062
f 80 777 778
f 81 80 778
f 1508 1358 785
f 345 72 770
f 1361 1363 1362
f 1858 458 748
f 1189 615 1190
f 1327 1326 981
f 357 353 162
f 818 602 1448
f 602 1447 1448
f 302 888 1379
f 203 1401 596
f 594 596 593
f 238 251 324
f 1342 1385 604
f 815 1253 1236
f 1388 381 1392
f 862 1394 856
f 863 1394 224
f 1422 1396 946
f 1425 1396 1222
f 77 1411 668
f 659 496 1411
f 181 493 182
f 968 1419 957
f 402 412 645
f 223 454 1406
f 22 1540 2
f 23 1774 199
f 1411 77 84
f 314 1304 619
f 1331 1163 1412
f 1415 1889 1735
f 1735 2133 1415
f 128 708 129
f 1417 1236 1140
f 896 202 953
f 567 953 604
f 961 1418 1420
f 683 159 291
f 1254 1345 563
f 962 957 1930
f 981 1427 2092
f 851 1224 856
f 1433 1235 372
f 394 393 1381
f 1388 22 1342
f 349 1693 367
f 297 249 298
f 674 436 435
f 999 111 1090
f 111 1330 1001
f 873 1357 924
f 924 1357 479
f 720 1465 760
f 1259 700 875
f 987 791 1967
f 987 1967 617
f 468 1025 424
f 1323 1443 1343
f 1799 1965 1641
f 912 913 1265
f 1246 631 1487
f 732 157 1020
f 1118 1927 1038
f 1981 1350 1445
f 901 1568 162
f 346 296 634
f 764 1656 1367
f 57 1250 1417
f 743 897 1339
f 1520 2020 1024
f 85 339 282
f 1253 1250 1140
f 183 1118 612
f 738 1266 1368
f 1196 315 1539
f 1230 394 1381
f 102 334 1484
f 179 1432 1489
f 1101 1380 666
f 602 599 601
f 2135 1496 550
f 148 391 1500
f 463 1375 1682
f 257 1472 8
f 228 965 688
f 688 965 23
f 228 1019 60
f 1047 1899 1084
f 852 330 851
f 851 330 1508
f 313 1230 1434
f 242 465 139
f 393 1662 1230
f 1170 528 335
f 1502 385 335
f 1170 335 336
f 1551 535 939
f 1432 204 1516
f 638 652 1649
f 1420 412 1419
f 530 830 740
f 1519 1704 358
f 1706 835 1532
f 1205 1532 2116
f 1155 717 1146
f 717 1357 714
f 1424 285 2048
f 977 978 902
f 1434 1662 313
f 1424 1132 285
f 976 1876 1327
f 946 278 924
f 1625 668 678
f 1541 668 682
f 1625 682 53
f 1542 2032 64
f 2032 1542 65
f 1398 1201 1399
f 979 977 981
f 912 437 1152
f 1331 345 761
f 2 1398 1399
f 1514 713 1376
f 97 1132 845
f 980 805 1216
f 64 776 959
f 188 1242 1157
f 1394 434 1173
f 2048 959 2029
f 968 1424 2048
f 844 845 399
f 844 399 397
f 1542 525 445
f 962 961 959
f 968 2029 959
f 812 571 249
f 712 397 97
f 543 1104 498
f 1102 1104 543
f 1804 1901 1197
f 1243 487 741
f 399 97 397
f 502 430 1438
f 776 302 1378
f 64 768 776
f 675 367 61
f 675 414 367
f 783 985 309
f 528 336 438
f 123 499 500
f 1490 492 490
f 1352 457 459
f 90 32 33
f 1685 1848 781
f 188 912 1242
f 1540 36 2
f 9 8 11
f 1126 23 26
f 57 60 1451
f 1524 761 236
f 169 91 1780
f 97 398 100
f 52 36 1399
f 116 2 1
f 694 334 102
f 860 137 136
f 94 96 95
f 1858 994 458
f 564 193 194
f 401 1424 209
f 214 213 211
f 1409 989 1254
f 242 139 244
f 120 244 139
f 1121 1160 24
f 238 1583 326
f 1094 1199 62
f 62 1199 2033
f 683 158 530
f 95 96 2075
f 1231 92 312
f 214 211 316
f 509 858 1156
f 1476 1546 1601
f 342 282 339
f 1132 1133 100
f 28 132 367
f 396 399 404
f 405 403 209
f 405 399 396
f 414 27 367
f 101 993 1473
f 419 349 418
f 427 428 935
f 100 1137 97
f 432 87 221
f 1394 1226 434
f 1795 1535 1387
f 463 1269 464
f 969 709 1736
f 984 640 942
f 1996 980 41
f 900 262 358
f 1461 2035 1962
f 803 295 505
f 295 513 512
f 9 1131 514
f 1131 9 1613
f 1228 1193 804
f 526 1057 1853
f 697 555 461
f 545 366 2055
f 1558 333 1577
f 1596 1936 930
f 1271 684 1943
f 148 75 391
f 515 505 15
f 1401 200 596
f 581 646 266
f 188 1152 1158
f 145 616 109
f 616 618 109
f 628 625 627
f 613 121 473
f 988 892 291
f 467 13 466
f 1158 1153 1157
f 1191 1204 964
f 655 428 427
f 240 358 796
f 1126 1160 23
f 24 1123 1121
f 89 1626 1086
f 102 671 308
f 674 189 629
f 647 648 712
f 397 712 648
f 729 1146 715
f 724 723 722
f 521 664 723
f 1315 1208 1821
f 727 716 728
f 32 1278 34
f 517 1168 1502
f 1879 597 593
f 1145 191 736
f 1145 190 175
f 324 279 318
f 1173 224 1394
f 775 774 327
f 385 1634 388
f 385 37 1634
f 783 634 755
f 727 782 1115
f 1734 639 298
f 772 790 795
f 796 795 790
f 1917 472 476
f 806 837 810
f 815 811 549
f 600 599 823
f 850 1440 576
f 627 624 848
f 1283 585 850
f 1372 850 585
f 851 208 853
f 856 224 128
f 523 869 867
f 523 1224 129
f 446 350 812
f 671 875 308
f 58 1451 199
f 1006 226 892
f 404 402 844
f 1328 197 2091
f 2091 197 2127
f 698 894 1642
f 884 908 620
f 620 908 625
f 670 505 773
f 81 1202 369
f 1042 643 1060
f 46 1630 960
f 334 694 671
f 292 1819 1345
f 812 1221 446
f 262 1043 1151
f 1019 1245 1018
f 1021 758 1024
f 525 286 354
f 2096 1034 12
f 997 9 1031
f 796 651 240
f 608 865 834
f 989 466 13
f 1946 1035 1868
f 520 277 318
f 2097 1699 1012
f 621 841 767
f 811 814 828
f 233 120 234
f 1089 1092 1090
f 1091 763 1081
f 505 669 55
f 993 98 1093
f 1072 1095 774
f 1112 774 1109
f 1093 1094 285
f 616 617 545
f 351 332 107
f 351 1011 332
f 152 1901 689
f 634 754 755
f 1116 541 782
f 754 1118 1119
f 243 818 1447
f 387 438 336
f 663 699 536
f 53 416 337
f 1012 944 557
f 1234 1096 1236
f 1234 1369 1096
f 1210 810 1696
f 784 968 962
f 1881 1778 1977
f 1166 183 1167
f 416 29 417
f 2005 1713 38
f 1210 1302 446
f 446 1302 810
f 1604 28 29
f 29 28 2100
f 201 1705 1017
f 2050 132 675
f 1034 997 514
f 1227 330 1225
f 1038 754 1119
f 645 854 397
f 2016 1076 1010
f 1010 1497 2016
f 1189 630 973
f 479 718 705
f 128 224 853
f 1155 714 1357
f 368 374 676
f 688 24 199
f 1520 2106 2020
f 2106 1520 669
f 1260 302 882
f 1260 882 1378
f 1754 1028 1436
f 171 462 1629
f 1237 786 242
f 1237 693 786
f 1055 1054 919
f 1202 81 373
f 589 1831 842
f 1284 1684 1235
f 1273 1235 1684
f 1284 808 825
f 1318 2028 1969
f 78 2064 1805
f 1296 308 1262
f 2028 1318 1887
f 756 613 802
f 642 1299 375
f 1919 729 718
f 1352 1171 280
f 829 1363 2108
f 2108 1363 1635
f 829 2108 1361
f 1361 1633 280
f 1361 1635 1363
f 279 277 1691
f 278 1691 277
f 1294 1293 102
f 1968 1279 1017
f 281 857 482
f 1695 740 830
f 1368 189 738
f 1695 1134 740
f 1695 830 189
f 1368 1694 189
f 1695 189 1694
f 21 1134 1695
f 939 1694 1368
f 838 1210 1639
f 890 1697 1698
f 967 1698 1697
f 1124 1128 1185
f 556 586 207
f 994 1703 1056
f 1703 148 1056
f 1519 1700 1702
f 1701 1204 1370
f 1204 1701 1700
f 1700 1519 75
f 1701 1702 1700
f 405 401 100
f 974 1705 201
f 1706 2025 2104
f 238 2119 2116
f 399 405 100
f 1464 1037 1263
f 401 1132 100
f 1039 1051 560
f 1162 1707 1051
f 1162 1482 1707
f 401 405 1133
f 1006 1708 1005
f 1478 270 1006
f 1006 270 1708
f 1527 1664 384
f 1050 570 540
f 1527 1372 1664
f 1664 1372 585
f 384 1528 1527
f 495 1303 494
f 1477 1303 495
f 1477 484 485
f 1303 1477 1709
f 1303 744 494
f 744 1303 1709
f 383 1540 1398
f 383 381 22
f 553 1711 6
f 1376 533 1643
f 1152 1085 1158
f 798 797 1628
f 46 1595 1628
f 1595 937 538
f 697 298 249
f 878 697 1270
f 1270 1305 878
f 1718 577 1717
f 1718 673 181
f 1267 451 1324
f 1052 1306 1307
f 1052 1673 1306
f 1083 1624 534
f 1481 1029 1592
f 1070 749 1592
f 1721 749 1537
f 256 989 13
f 173 1309 1722
f 172 1309 173
f 1409 1309 466
f 590 1310 565
f 646 1726 766
f 283 1726 377
f 283 766 1726
f 979 1255 1506
f 1727 283 377
f 491 1730 493
f 178 1728 356
f 178 186 1728
f 1238 1725 2111
f 883 551 1312
f 247 215 216
f 215 1312 551
f 929 1732 1313
f 1313 1732 14
f 1732 7 150
f 1220 637 171
f 639 1734 289
f 1678 1734 609
f 972 628 2041
f 196 848 628
f 119 1834 620
f 1738 704 800
f 1738 641 704
f 163 1738 800
f 1739 163 800
f 1738 578 641
f 286 64 2032
f 62 2032 65
f 1742 1494 2042
f 1744 1743 1742
f 1748 1746 151
f 1238 1755 955
f 1625 263 679
f 679 668 1625
f 1758 1757 2021
f 1320 378 1001
f 1320 431 378
f 1106 345 770
f 108 662 1066
f 1069 441 1517
f 428 653 71
f 428 71 935
f 696 13 1986
f 1606 1107 1723
f 127 1537 1070
f 1486 1229 1768
f 1516 2 116
f 966 1403 1774
f 204 348 161
f 1107 515 1723
f 161 348 1951
f 1516 116 1399
f 1019 1381 1126
f 591 706 839
f 1107 507 515
f 181 182 577
f 966 25 23
f 294 1058 91
f 1807 1669 928
f 604 653 567
f 655 951 604
f 1278 32 92
f 1507 1199 968
f 199 24 25
f 1456 1324 2143
f 1173 861 1213
f 664 722 1030
f 1233 597 1692
f 767 840 621
f 2127 1788 1329
f 1788 1328 2091
f 1328 1788 2127
f 2091 1329 1788
f 1173 1213 860
f 431 1002 1330
f 1912 274 2034
f 583 315 1798
f 420 1213 1271
f 1579 1759 1556
f 1791 1753 1803
f 1271 1943 20
f 1816 133 1239
f 1887 1848 1731
f 1333 1379 1418
f 1556 1759 315
f 1842 1322 1114
f 1790 1776 1486
f 1263 835 520
f 1728 638 1649
f 937 1439 538
f 968 445 360
f 1190 445 968
f 1534 1942 1364
f 1385 22 427
f 65 1190 1507
f 1559 1807 1990
f 1831 1673 1083
f 1439 1306 74
f 38 526 792
f 976 1400 981
f 1265 1839 489
f 489 1840 1265
f 1118 930 104
f 393 313 1662
f 1340 731 1113
f 499 1230 1662
f 1495 719 400
f 1103 400 701
f 1155 728 718
f 1529 1154 1139
f 1427 477 1873
f 274 35 592
f 946 873 945
f 274 1912 295
f 1465 1508 1332
f 1265 1840 1360
f 1362 1854 1361
f 1325 1019 394
f 518 1463 88
f 706 1664 839
f 1420 882 412
f 1236 1369 815
f 383 16 1540
f 1263 1037 835
f 1204 1207 1370
f 344 1463 1298
f 490 1120 1490
f 1715 1772 1007
f 956 1463 344
f 1146 728 716
f 1333 1420 301
f 441 1069 940
f 1072 229 1580
f 1889 1733 1583
f 1468 1910 1583
f 2019 1811 1912
f 496 1871 601
f 679 602 1249
f 931 954 1211
f 412 405 209
f 407 405 412
f 2020 669 1024
f 258 423 309
f 307 720 258
f 309 720 307
f 258 720 423
f 602 1875 823
f 1905 514 537
f 821 602 818
f 1333 301 302
f 1379 134 302
f 1379 301 1418
f 760 330 1227
f 776 784 961
f 514 1131 699
f 1307 1306 1439
f 1877 1209 1757
f 43 836 885
f 1387 254 1795
f 1839 1347 348
f 593 1401 203
f 179 1360 1839
f 1360 179 1265
f 832 890 533
f 92 105 34
f 1018 1245 394
f 34 1278 92
f 539 553 483
f 1086 437 1153
f 912 1153 437
f 1433 371 80
f 80 371 774
f 1058 1884 904
f 1890 1225 330
f 979 978 1450
f 1442 1297 1970
f 1347 917 188
f 890 6 1643
f 2006 758 1851
f 1426 977 902
f 1261 1321 1294
f 1294 1390 1261
f 978 979 902
f 673 1344 331
f 313 499 314
f 1972 1475 151
f 1253 1536 1369
f 549 811 1096
f 1035 1534 1868
f 300 381 1388
f 472 887 248
f 1876 217 722
f 1735 1583 1733
f 71 300 935
f 862 863 1226
f 1205 2119 1896
f 238 2118 239
f 715 1357 718
f 506 92 1822
f 92 1231 1822
f 1107 92 508
f 1107 508 507
f 573 1657 1195
f 1503 1898 1470
f 489 348 1
f 1047 1307 1899
f 865 213 1632
f 1352 1143 454
f 1838 1347 489
f 711 1903 1340
f 1591 865 1632
f 1327 981 1216
f 976 1327 1400
f 1400 978 981
f 8 73 1942
f 1930 1424 1419
f 968 1133 1419
f 698 359 899
f 358 359 900
f 1250 1369 1536
f 645 844 402
f 1884 1058 294
f 666 988 2070
f 1583 1910 1889
f 199 1403 966
f 679 1954 602
f 1407 452 1406
f 531 1343 1277
f 1395 585 1283
f 563 1409 1254
f 1378 134 1260
f 1418 1378 882
f 1377 1346 1904
f 1852 1827 1855
f 109 2055 145
f 1110 1915 1916
f 1124 1690 1180
f 1690 1124 638
f 1876 463 475
f 40 980 475
f 1903 711 1339
f 269 1241 640
f 1677 1269 587
f 122 1304 658
f 1304 122 1016
f 1300 1854 872
f 1336 843 110
f 667 642 1600
f 1484 1798 1390
f 1415 2024 1733
f 1781 1765 876
f 479 1919 718
f 1008 142 1865
f 1672 1946 1830
f 1488 1486 1945
f 412 406 407
f 406 412 402
f 1897 2117 1539
f 1410 1806 1995
f 1015 122 2001
f 524 863 862
f 122 1015 218
f 1417 60 1236
f 60 1417 1253
f 60 1253 1097
f 1063 1232 857
f 567 655 896
f 896 604 952
f 1877 1165 1812
f 515 15 1081
f 1928 1618 41
f 1378 1379 768
f 961 301 1379
f 1996 41 1602
f 209 1420 1419
f 1155 1357 873
f 1155 1217 1396
f 146 1291 165
f 1475 1810 1895
f 1291 146 511
f 866 523 137
f 305 2149 1080
f 301 784 962
f 209 1424 1930
f 817 1365 799
f 301 962 1930
f 1190 968 412
f 412 968 301
f 1946 1959 1830
f 1930 961 209
f 1532 1205 2025
f 2023 2018 1706
f 2104 2023 1706
f 835 1706 2018
f 2018 2133 239
f 2023 835 2024
f 1415 2133 2023
f 289 542 582
f 179 522 1265
f 1852 1935 1853
f 564 1390 1531
f 1390 564 1389
f 482 857 3
f 348 1360 1432
f 1433 81 253
f 1657 573 2012
f 1016 1013 852
f 1942 233 8
f 255 1191 964
f 577 1718 181
f 25 1403 199
f 1388 1392 380
f 1186 380 1392
f 1388 1342 1186
f 313 1943 1230
f 1944 22 1388
f 195 1955 1941
f 548 195 1488
f 1342 381 380
f 2005 38 1809
f 1809 38 354
f 292 1345 1308
f 100 1133 968
f 1435 1760 1843
f 1917 177 390
f 1835 1995 1806
f 28 1958 349
f 1750 1585 2036
f 1613 234 1131
f 1921 1668 1322
f 380 1944 1388
f 999 113 1330
f 1330 1002 1001
f 202 653 428
f 1821 1745 1786
f 461 317 227
f 655 202 428
f 424 174 468
f 715 479 1357
f 329 309 760
f 1332 760 309
f 1885 1211 1270
f 1211 1885 931
f 1324 1926 1267
f 102 1293 1261
f 676 1256 368
f 178 804 1193
f 1966 1044 617
f 460 1051 958
f 618 1044 1966
f 1883 1789 1668
f 4 281 482
f 482 3 4
f 566 767 841
f 176 1659 586
f 1459 773 1458
f 1187 1965 860
f 861 1187 860
f 1173 1965 1799
f 860 135 137
f 1173 852 855
f 853 208 852
f 852 1173 853
f 195 660 1488
f 1878 1663 1803
f 981 978 1216
f 1587 178 1193
f 243 1676 818
f 913 1347 1838
f 1265 913 1838
f 276 275 297
f 1274 1156 745
f 747 631 1449
f 253 370 371
f 1664 585 839
f 745 1156 858
f 993 97 846
f 1762 2128 998
f 1790 1486 156
f 1382 1898 1503
f 972 2041 119
f 972 119 2150
f 886 624 627
f 98 1447 1149
f 441 940 1886
f 684 1123 1943
f 2031 2081 1460
f 49 1214 1914
f 1069 1517 1804
f 1503 1597 1740
f 420 129 137
f 1403 1452 1457
f 794 1341 1335
f 1187 1960 1213
f 1843 1760 877
f 1842 1114 1658
f 330 760 1465
f 329 307 1465
f 720 329 1465
f 1685 1596 737
f 678 679 1411
f 1728 1128 638
f 1456 1462 1324
f 1407 1171 454
f 1406 1178 1407
f 1171 1406 454
f 1490 920 954
f 143 555 249
f 53 338 340
f 1699 2094 1048
f 1504 1809 354
f 835 324 520
f 1605 1981 2077
f 1 22 1944
f 380 383 1944
f 538 1439 1285
f 1467 192 183
f 1861 346 825
f 444 1609 781
f 1037 1464 1910
f 533 713 424
f 1113 1338 1340
f 1084 1456 1052
f 642 175 190
f 1468 520 1037
f 743 711 693
f 1304 343 658
f 1113 731 693
f 1659 733 1215
f 1340 693 711
f 492 1608 1913
f 1454 1467 1927
f 1024 1459 1520
f 1837 1851 1469
f 810 297 446
f 765 1238 925
f 97 1473 98
f 243 1473 97
f 1473 846 98
f 846 243 98
f 358 262 1519
f 1080 2148 1124
f 981 1326 477
f 774 470 341
f 67 1197 272
f 1058 1780 91
f 470 774 371
f 1299 667 1275
f 490 970 1833
f 1533 1615 559
f 1296 564 1531
f 1296 1262 1321
f 446 275 267
f 1696 1302 2109
f 1210 2142 1302
f 2142 1210 1696
f 1696 275 2142
f 2109 275 446
f 584 1005 1708
f 1321 875 1296
f 545 109 365
f 1459 1021 670
f 496 602 1871
f 1516 205 1432
f 523 658 1016
f 1097 1236 1096
f 983 926 1020
f 1516 1399 205
f 1893 1756 1956
f 478 881 805
f 127 124 2015
f 1995 1860 1832
f 588 587 747
f 1894 1745 1818
f 1487 40 1618
f 1996 588 747
f 1618 40 1449
f 630 1027 973
f 1484 1979 102
f 1482 958 1707
f 156 1486 1488
f 495 462 637
f 1326 1252 631
f 1489 348 204
f 836 1555 885
f 1956 1815 1893
f 1489 1432 205
f 1434 626 314
f 500 626 1434
f 707 375 1299
f 1816 1239 1441
f 284 150 7
f 1826 1815 474
f 385 517 421
f 47 1907 833
f 522 1398 623
f 2002 2013 1559
f 2013 2002 1801
f 204 179 1489
f 205 1399 204
f 1138 164 2001
f 1658 1114 1769
f 256 424 1025
f 1482 1275 460
f 1482 460 958
f 1004 1292 1159
f 1496 1797 2144
f 1422 1797 2151
f 1885 954 931
f 1792 611 1082
f 552 1050 540
f 2144 894 550
f 1881 1977 1382
f 1175 1614 2003
f 1498 1497 1076
f 144 284 7
f 1497 1498 2016
f 1452 1369 1250
f 1658 1769 1832
f 1078 1498 1076
f 343 1016 122
f 1375 1269 1499
f 1682 1499 1269
f 1375 1499 724
f 724 521 1258
f 468 570 568
f 883 287 551
f 463 42 1269
f 1338 1291 1339
f 1870 1832 1769
f 1320 999 1011
f 1206 305 1080
f 1550 1877 1686
f 199 1457 965
f 921 228 199
f 965 921 199
f 892 683 291
f 652 1717 577
f 1876 1450 902
f 1019 966 1451
f 440 1793 1988
f 928 1977 1807
f 688 1019 228
f 257 1613 1472
f 305 281 1033
f 1087 451 1719
f 1410 1995 1771
f 729 795 1704
f 776 1378 784
f 1123 23 1160
f 685 988 291
f 1995 1870 1771
f 554 1153 912
f 1506 1255 1426
f 1443 1349 1565
f 678 1411 1648
f 1907 2079 833
f 1507 445 64
f 64 445 443
f 443 968 64
f 345 748 72
f 1507 443 360
f 1445 156 250
f 1976 769 2017
f 8 271 11
f 1402 593 596
f 785 852 1508
f 1259 1321 1261
f 677 1138 1509
f 1270 697 1885
f 1131 234 2087
f 1535 1795 1557
f 271 8 1472
f 1746 1748 1997
f 1490 954 1608
f 1509 1138 394
f 1758 1983 1850
f 1915 1670 1916
f 1090 114 334
f 1870 1480 1771
f 487 1243 680
f 1997 1994 1746
f 63 1860 1581
f 1509 688 1244
f 514 245 1472
f 688 677 1244
f 1138 677 688
f 458 994 1136
f 1098 905 1371
f 1509 1245 688
f 875 1219 308
f 1801 1578 2013
f 1786 1813 1680
f 1501 1959 1638
f 1358 1508 330
f 128 1016 708
f 875 1261 1262
f 646 581 1122
f 335 517 1502
f 1957 1818 1383
f 1321 1259 875
f 579 2014 1206
f 101 405 402
f 713 533 1376
f 126 124 127
f 1237 1113 693
f 1616 1081 670
f 545 2055 109
f 545 572 366
f 371 1794 470
f 1520 1021 669
f 343 122 218
f 658 343 218
f 65 1507 64
f 1748 1916 1670
f 379 16 383
f 1 16 379
f 1885 461 227
f 2053 1579 1878
f 1332 330 1465
f 1506 1426 903
f 1124 1059 638
f 1059 2148 2063
f 1772 1939 1007
f 320 1814 1428
f 1591 1932 1781
f 365 616 545
f 1933 2068 1742
f 271 1472 245
f 938 1053 2007
f 2014 579 180
f 938 1004 1053
f 1942 1534 1582
f 304 306 328
f 511 167 1291
f 2004 2006 1851
f 1379 888 768
f 888 301 768
f 1378 301 888
f 1223 2017 442
f 2006 753 758
f 1531 1389 1296
f 518 956 1908
f 2133 1735 1733
f 1667 1364 73
f 2024 1415 2023
f 2133 2024 835
f 2133 1733 2024
f 835 239 2133
f 835 2104 1532
f 1532 2104 1896
f 2104 835 2023
f 1205 2116 2119
f 1076 1497 1046
f 64 968 360
f 1534 1364 1387
f 1737 1414 813
f 1487 1996 1449
f 1704 795 358
f 1366 1560 1594
f 980 40 1252
f 1974 134 888
f 166 55 1458
f 669 166 2106
f 1400 1450 978
f 1881 1740 1315
f 1315 1821 1680
f 302 1974 888
f 1434 314 1662
f 2078 1293 1321
f 314 499 1662
f 1540 16 36
f 1985 1632 213
f 1325 1381 1019
f 956 518 88
f 2151 550 1422
f 1953 1752 933
f 1508 1465 258
f 1383 1933 1957
f 976 979 1450
f 976 1450 1876
f 1094 2048 2029
f 2029 1199 1094
f 1507 1190 1542
f 1507 360 445
f 65 445 1190
f 82 1416 1257
f 924 479 1155
f 1216 1246 40
f 1382 1977 1978
f 1019 1126 966
f 1507 1542 1199
f 721 486 1404
f 1701 1370 1704
f 1541 678 263
f 682 678 1541
f 668 53 85
f 1541 53 668
f 679 263 1954
f 1625 1541 263
f 1625 53 1541
f 1598 1679 1817
f 1094 62 286
f 615 62 1190
f 993 1094 98
f 1516 1201 2
f 1432 1398 204
f 1201 204 1399
f 1201 1398 1432
f 1468 1464 520
f 461 1885 697
f 520 1464 1263
f 1126 1381 1123
f 529 1651 1404
f 1329 1264 2066
f 761 1461 1331
f 845 1132 401
f 744 1709 172
f 966 1647 1451
f 892 226 436
f 781 1768 444
f 60 1304 314
f 1128 941 1185
f 339 337 340
f 263 340 337
f 1469 1851 758
f 415 1515 1483
f 1856 1663 2039
f 2150 2041 1834
f 2032 62 2033
f 1751 1914 1991
f 1914 1751 1753
f 1269 40 464
f 1500 391 1243
f 1110 891 858
f 1075 2007 780
f 1458 758 1023
f 1216 805 1246
f 765 721 1238
f 367 2080 61
f 1110 858 1915
f 64 959 1199
f 1054 1058 904
f 527 1352 259
f 344 1298 1471
f 1375 1258 1682
f 1045 984 1984
f 984 942 1984
f 1170 1502 528
f 1168 528 1502
f 1893 1940 1802
f 1086 1626 1157
f 1160 1126 24
f 1158 1157 1626
f 1158 1626 188
f 188 1153 1152
f 365 1044 616
f 176 586 562
f 2012 2022 1657
f 97 1137 846
f 101 846 1137
f 97 98 1094
f 296 346 258
f 131 455 1103
f 1123 24 23
f 24 1126 1125
f 1126 1123 1125
f 1121 1123 684
f 58 199 228
f 955 1477 925
f 1955 1906 1941
f 166 763 55
f 1451 228 921
f 1371 1148 39
f 561 176 1773
f 656 546 103
f 540 539 483
f 656 18 572
f 744 172 173
f 1307 1047 1052
f 1101 892 988
f 456 1102 543
f 498 1067 1102
f 1102 1194 1104
f 599 496 601
f 1863 151 1764
f 1564 94 2075
f 1132 98 285
f 98 286 285
f 959 2048 1199
f 1199 2048 285
f 939 1368 1551
f 1894 1957 1743
f 781 611 1792
f 626 1138 2001
f 1039 150 1162
f 1430 1476 1963
f 1162 144 1482
f 1624 1892 534
f 206 1248 534
f 1843 877 1892
f 1855 1767 1712
f 1168 517 1170
f 421 1692 1168
f 272 1198 1907
f 1899 1462 1084
f 1190 525 1542
f 1542 445 65
f 75 148 1700
f 165 1183 160
f 1183 2050 160
f 164 1196 2049
f 1892 206 534
f 1231 1107 1822
f 64 1190 62
f 1649 1730 1311
f 353 108 363
f 363 162 353
f 1083 1673 1624
f 710 1924 519
f 1924 222 519
f 113 112 1330
f 645 712 854
f 667 1299 642
f 228 1451 965
f 861 1641 1965
f 246 1942 1582
f 1213 861 1965
f 695 1977 928
f 1784 1295 1811
f 906 645 412
f 887 739 248
f 592 432 1153
f 2054 95 1564
f 95 2054 94
f 693 1340 2084
f 831 1313 1526
f 1960 346 1861
f 17 55 763
f 383 1398 2
f 1201 383 2
f 1987 876 1765
f 768 301 776
f 64 360 768
f 776 301 433
f 776 433 302
f 433 360 302
f 252 675 61
f 1427 1873 1255
f 1940 1757 1802
f 1767 1855 1827
f 94 1228 299
f 232 605 488
f 739 472 248
f 1933 1383 554
f 1822 1442 274
f 420 20 654
f 555 697 249
f 1316 1741 1800
f 310 55 669
f 414 675 165
f 425 1361 280
f 1361 259 1635
f 22 381 1398
f 123 314 626
f 291 159 685
f 1804 1517 1901
f 1734 878 609
f 645 397 845
f 397 648 845
f 398 648 846
f 602 1954 633
f 207 562 556
f 1358 1332 985
f 802 1608 78
f 804 336 528
f 528 517 335
f 488 605 665
f 219 522 623
f 540 483 552
f 457 425 459
f 348 1432 179
f 280 459 425
f 421 388 1634
f 613 385 421
f 1675 1826 474
f 1607 1675 474
f 1487 631 1252
f 307 296 309
f 296 258 309
f 3 640 1045
f 317 2064 78
f 597 1879 1854
f 59 259 170
f 501 1584 2059
f 2053 1897 1759
f 62 65 64
f 87 35 89
f 50 788 259
f 52 2 36
f 1901 152 43
f 102 1218 265
f 102 265 1219
f 1389 610 1484
f 82 1726 1122
f 1381 1434 1230
f 1751 1878 1803
f 241 1373 789
f 210 580 118
f 35 32 34
f 261 50 259
f 1913 490 492
f 970 490 1913
f 1162 149 144
f 69 1371 39
f 40 41 42
f 1585 382 2036
f 1719 2015 45
f 1852 1950 1827
f 83 947 808
f 1081 1723 515
f 412 134 138
f 666 1823 635
f 1543 1752 1953
f 1148 168 39
f 43 2079 1901
f 1606 1723 789
f 972 1834 580
f 1834 118 580
f 66 67 272
f 2063 2148 638
f 39 168 69
f 54 169 1828
f 758 310 1469
f 83 80 81
f 80 83 1202
f 1785 769 1865
f 777 83 81
f 750 79 84
f 221 90 89
f 86 89 90
f 86 33 89
f 1914 1787 49
f 432 1599 89
f 1961 67 133
f 972 580 607
f 846 100 398
f 100 846 101
f 991 992 770
f 126 45 124
f 1399 116 52
f 22 1399 36
f 112 111 114
f 111 113 1090
f 1504 68 1149
f 1149 2052 1504
f 119 118 1834
f 620 118 2150
f 626 2001 122
f 415 1747 1515
f 1657 381 300
f 1763 509 1644
f 831 622 929
f 137 1799 420
f 140 786 139
f 168 1148 1147
f 121 388 387
f 1767 1827 1950
f 148 1703 1700
f 877 1975 153
f 448 93 486
f 1488 660 250
f 1408 1402 596
f 104 213 612
f 662 108 162
f 1949 254 1710
f 653 604 1384
f 1848 2065 1082
f 171 1629 1220
f 878 849 609
f 1501 1686 1812
f 341 1580 229
f 1531 828 193
f 178 180 186
f 184 1927 183
f 448 1220 93
f 523 1016 420
f 523 420 708
f 568 1819 292
f 1770 741 413
f 321 326 251
f 225 480 652
f 149 284 144
f 192 184 1167
f 1147 21 939
f 117 191 175
f 1602 587 588
f 191 1678 787
f 1807 1977 1778
f 116 205 204
f 1892 153 206
f 686 987 903
f 1063 662 1232
f 1768 781 1792
f 612 212 210
f 903 987 1506
f 4 3 225
f 227 317 78
f 1140 1138 688
f 1922 1501 1812
f 2071 2093 73
f 798 1831 589
f 1583 1735 326
f 222 155 519
f 244 245 786
f 1043 262 900
f 2039 1556 1987
f 238 326 1468
f 165 77 252
f 295 47 773
f 455 535 1386
f 1057 1859 1824
f 267 275 276
f 277 279 1586
f 1691 278 520
f 323 1941 1906
f 1324 1462 1926
f 1093 286 62
f 1850 1877 1758
f 1047 1084 1052
f 1039 14 150
f 315 1196 164
f 1587 96 299
f 1587 299 95
f 1193 299 2074
f 1405 1948 1936
f 517 990 1692
f 558 1592 1029
f 47 833 310
f 536 1131 723
f 187 279 324
f 1985 213 510
f 323 198 1941
f 694 102 308
f 1054 7 1732
f 1954 337 1035
f 633 1954 1035
f 341 229 327
f 1836 1628 328
f 501 2059 2141
f 141 82 1257
f 773 1459 670
f 1729 1745 1743
f 501 2139 1763
f 174 424 713
f 339 338 342
f 327 469 470
f 344 1471 154
f 20 420 1271
f 1272 569 707
f 67 573 1804
f 1280 361 70
f 1174 1604 29
f 1174 29 1958
f 349 1958 29
f 349 1174 1693
f 816 1443 1323
f 447 1210 446
f 447 350 1210
f 1210 350 1639
f 1454 1927 1118
f 576 1281 850
f 433 301 968
f 334 1011 351
f 2079 43 1288
f 525 354 355
f 1118 183 1454
f 1949 1956 1455
f 2055 364 354
f 38 2055 354
f 163 216 215
f 1232 392 1766
f 162 1568 357
f 359 358 240
f 350 446 267
f 1738 130 578
f 1970 33 32
f 1822 274 295
f 1544 1678 609
f 366 572 365
f 364 19 365
f 28 167 160
f 160 132 2137
f 370 373 1937
f 1937 81 370
f 693 731 743
f 2074 1228 1587
f 216 163 1739
f 237 1524 236
f 1461 1524 237
f 731 1340 465
f 380 381 379
f 147 335 385
f 1902 1851 1837
f 389 390 177
f 347 1341 632
f 78 1608 227
f 40 1400 1216
f 369 778 1109
f 369 777 81
f 393 394 1138
f 398 396 397
f 402 407 401
f 402 404 403
f 407 209 403
f 411 412 209
f 1572 1589 1948
f 1572 1588 1589
f 27 414 29
f 417 414 416
f 414 418 349
f 414 349 29
f 1174 349 417
f 417 418 414
f 418 417 61
f 61 416 418
f 416 414 419
f 1811 2019 1784
f 1173 135 420
f 260 885 1837
f 217 2071 73
f 120 246 325
f 233 246 120
f 587 1269 1375
f 1758 1877 1757
f 1252 40 1487
f 297 298 639
f 1689 915 1223
f 1844 443 547
f 35 1599 221
f 221 89 35
f 1599 432 221
f 221 87 437
f 1916 1041 1825
f 990 44 1233
f 1847 1781 1563
f 217 76 2071
f 1495 649 1150
f 2021 915 2058
f 1513 118 893
f 893 118 908
f 1980 1806 1410
f 1315 1740 1295
f 1961 1998 67
f 1602 475 463
f 41 1269 1677
f 475 1602 464
f 1895 1971 1041
f 991 960 992
f 545 1844 547
f 341 470 469
f 534 1248 1083
f 1763 1644 501
f 1730 473 1311
f 980 1487 475
f 980 1996 1487
f 1928 475 1618
f 1710 254 268
f 121 438 356
f 1305 1192 1549
f 1533 559 1773
f 1648 252 416
f 61 2080 337
f 380 1 383
f 1958 28 1604
f 85 77 668
f 1857 1763 2062
f 416 53 1648
f 828 1531 1798
f 489 1 235
f 46 409 1595
f 462 494 1629
f 1123 1381 1943
f 1746 1747 1764
f 1265 522 219
f 1352 454 362
f 362 1171 1352
f 1722 1511 173
f 250 1683 1445
f 93 575 486
f 1980 410 1806
f 794 809 1341
f 360 443 1974
f 1406 1171 362
f 1753 1751 1803
f 515 507 513
f 253 469 370
f 642 375 175
f 1171 1407 1178
f 1178 1406 452
f 443 445 525
f 1798 315 828
f 1741 2036 382
f 936 1150 1664
f 1826 1675 1008
f 38 1057 526
f 676 374 766
f 664 537 536
f 537 664 663
f 1789 1934 2005
f 346 309 423
f 548 1947 195
f 1942 246 233
f 364 2055 546
f 848 2056 886
f 1971 1929 1825
f 364 546 545
f 545 547 364
f 1281 1283 850
f 1870 1114 319
f 1026 82 141
f 541 550 782
f 863 524 856
f 483 553 552
f 307 258 1465
f 1287 1521 1552
f 1917 476 177
f 389 177 476
f 2030 143 603
f 297 810 1221
f 382 1111 1741
f 1152 230 1085
f 326 324 251
f 1759 1539 315
f 1296 351 564
f 570 1819 568
f 130 287 578
f 1815 1826 1893
f 1453 877 1760
f 608 580 606
f 1768 1947 1945
f 587 41 1618
f 1618 1996 587
f 588 1928 1602
f 883 293 287
f 725 1562 488
f 594 200 1401
f 2034 2019 1912
f 623 1993 1479
f 1459 1458 1023
f 783 346 423
f 655 948 951
f 85 29 416
f 607 606 865
f 608 606 607
f 1777 1782 1933
f 1452 1451 1457
f 612 213 212
f 615 525 64
f 1457 1451 921
f 1382 1503 1740
f 616 1044 618
f 1838 235 231
f 2041 884 620
f 589 730 797
f 623 2022 1993
f 1125 684 30
f 1838 489 235
f 1513 893 2056
f 1009 2017 1223
f 1717 480 1984
f 1856 1741 1111
f 2058 1689 1554
f 2041 2150 118
f 1951 751 161
f 265 1218 610
f 1520 1459 2004
f 47 310 773
f 1672 633 1946
f 16 427 22
f 1426 979 2092
f 1169 272 48
f 1955 1947 1792
f 1741 1750 2036
f 416 77 85
f 478 1326 631
f 747 478 2088
f 2089 478 747
f 590 591 1310
f 382 1791 1111
f 210 213 1073
f 637 1220 486
f 14 1039 1040
f 270 54 1828
f 131 909 927
f 660 49 1585
f 1491 824 453
f 1249 661 659
f 539 570 468
f 763 166 669
f 1027 656 19
f 677 1018 394
f 678 659 661
f 1452 1140 199
f 1044 1905 1255
f 56 690 691
f 751 427 16
f 1451 1452 199
f 1417 1250 1253
f 102 1219 875
f 1665 1053 1151
f 315 1536 815
f 1318 1082 2065
f 1308 568 292
f 741 487 413
f 1448 1447 982
f 781 1082 611
f 1440 486 575
f 930 737 1596
f 133 1816 1810
f 1091 670 669
f 982 1447 818
f 511 898 897
f 1221 249 297
f 723 724 537
f 736 191 1808
f 35 274 1442
f 1146 729 728
f 328 797 730
f 641 1627 739
f 1247 1187 434
f 1792 1512 1955
f 197 868 1681
f 735 1879 593
f 945 278 715
f 246 244 693
f 1011 671 794
f 2053 1878 1897
f 79 77 165
f 118 1580 210
f 1412 1858 345
f 748 345 1858
f 767 749 1721
f 691 690 2030
f 171 637 462
f 89 437 432
f 1218 102 1979
f 1172 2030 690
f 185 6 840
f 1081 669 670
f 1641 860 1799
f 1641 135 860
f 227 954 1885
f 1761 2022 2012
f 1149 633 1672
f 1356 1715 1007
f 775 777 774
f 229 775 1794
f 778 1127 229
f 900 1797 1665
f 385 388 147
f 1634 613 421
f 1115 782 873
f 782 550 873
f 873 550 727
f 1105 783 755
f 190 1636 560
f 703 622 709
f 2006 1023 753
f 477 1427 981
f 1941 49 660
f 942 1241 983
f 1020 942 983
f 1081 1616 1723
f 437 230 1152
f 1141 910 59
f 170 1141 59
f 70 290 481
f 1145 736 1636
f 62 1676 1093
f 791 793 145
f 145 793 987
f 792 618 145
f 145 618 791
f 798 589 797
f 948 655 1289
f 182 493 1730
f 15 506 803
f 803 513 295
f 506 513 803
f 1228 804 528
f 804 975 336
f 793 686 618
f 838 350 806
f 838 806 810
f 571 922 810
f 810 837 571
f 727 714 729
f 1146 716 714
f 599 668 819
f 600 668 599
f 823 821 600
f 796 790 772
f 1679 745 891
f 507 506 295
f 312 17 513
f 6 621 826
f 1206 2014 305
f 123 500 314
f 1871 600 1249
f 1748 151 1895
f 679 1249 659
f 1501 1535 1557
f 1044 1967 791
f 791 617 1044
f 767 566 749
f 349 367 27
f 28 349 27
f 441 1287 1517
f 945 873 278
f 278 873 924
f 1510 2016 1498
f 1372 1527 850
f 1173 128 853
f 856 208 851
f 745 858 891
f 1062 1064 1139
f 137 524 136
f 1066 662 1063
f 136 1641 861
f 772 359 796
f 136 524 224
f 1435 45 558
f 224 524 1226
f 224 1226 863
f 1166 1167 184
f 626 499 1138
f 184 612 1166
f 184 183 612
f 1520 1616 670
f 654 523 866
f 152 689 1552
f 907 1828 1780
f 183 1166 1454
f 875 700 1261
f 741 1500 1243
f 1835 1806 410
f 442 1980 1410
f 1261 700 102
f 658 523 867
f 20 869 870
f 523 870 871
f 871 869 523
f 1972 1989 1810
f 524 129 856
f 856 1224 862
f 146 132 160
f 1495 2043 719
f 671 351 875
f 891 1110 1679
f 114 876 583
f 73 1364 1942
f 600 982 846
f 243 846 982
f 467 466 485
f 747 587 2089
f 296 329 634
f 587 881 2130
f 747 2088 881
f 2088 2130 881
f 760 634 329
f 747 881 631
f 1534 1535 1638
f 1165 1850 1983
f 2113 2069 687
f 165 84 79
f 886 884 848
f 848 884 2041
f 2041 627 848
f 628 627 2041
f 876 1987 583
f 1773 559 561
f 893 625 886
f 927 909 361
f 868 1329 2091
f 1341 809 632
f 252 146 675
f 273 1784 2019
f 1065 2011 788
f 521 1400 40
f 727 899 359
f 900 1642 899
f 900 899 727
f 111 999 1330
f 279 520 278
f 94 387 421
f 558 126 1592
f 603 691 2030
f 351 1296 875
f 1864 1779 1552
f 1054 904 919
f 639 289 288
f 604 1102 456
f 1951 2037 751
f 728 479 1222
f 1701 1704 1702
f 890 1643 533
f 1955 1512 1906
f 56 267 690
f 153 1975 206
f 318 1691 520
f 1242 1153 432
f 1929 1846 1825
f 840 826 621
f 571 838 932
f 1150 2043 1495
f 1099 1292 938
f 1194 1195 940
f 940 1195 1886
f 1012 1049 1079
f 907 969 827
f 1183 28 2137
f 946 945 943
f 744 1511 494
f 951 952 950
f 952 951 948
f 1102 951 950
f 948 895 952
f 1351 1271 1861
f 576 575 93
f 409 960 991
f 409 46 960
f 921 965 1647
f 965 1451 1647
f 819 1189 1190
f 1647 1457 921
f 1001 1319 111
f 461 555 317
f 1934 1883 1820
f 1077 556 1042
f 456 1289 971
f 822 1688 715
f 729 1688 822
f 621 967 1720
f 729 772 795
f 945 520 324
f 1468 326 321
f 1037 279 251
f 1815 1956 2000
f 1221 447 446
f 980 981 1426
f 1720 749 566
f 1972 1810 1475
f 547 443 103
f 219 1479 1777
f 975 387 94
f 1322 319 1114
f 979 1506 902
f 1747 1994 1857
f 277 479 278
f 426 1888 742
f 1342 380 1186
f 758 1458 310
f 1779 1864 1886
f 1784 1208 1295
f 25 30 1403
f 525 103 443
f 997 537 699
f 996 536 699
f 1168 597 1300
f 537 997 536
f 1657 2022 623
f 1685 781 1609
f 1978 1898 1382
f 1940 915 1757
f 2007 1053 1665
f 557 1497 1010
f 1016 852 208
f 688 1245 1019
f 2001 164 2049
f 1135 901 108
f 2006 1459 1023
f 1751 1953 1878
f 647 138 648
f 1897 1539 1759
f 1790 1605 1776
f 373 372 1937
f 1517 1287 1901
f 371 370 81
f 997 1031 2096
f 1059 1033 225
f 1031 12 1034
f 12 1031 9
f 1008 769 1009
f 306 236 1836
f 1947 1955 195
f 755 1118 1038
f 630 103 525
f 900 1665 1043
f 2135 1797 900
f 900 1496 2135
f 2135 894 2144
f 522 179 204
f 894 2146 900
f 2135 2146 894
f 1699 1048 1049
f 865 608 1654
f 1556 2039 1579
f 1117 645 906
f 1054 1055 7
f 1080 2063 1033
f 2063 1080 1059
f 1712 1356 1179
f 1060 562 207
f 128 208 856
f 1539 2117 1196
f 1063 1064 1062
f 1140 1536 164
f 1042 586 1077
f 1066 1063 1062
f 2028 2001 1969
f 498 456 940
f 543 498 940
f 1255 979 1427
f 977 1426 981
f 1949 1557 1795
f 643 1077 1659
f 1049 1076 1079
f 1079 1076 557
f 1079 1078 1012
f 557 1010 1079
f 1076 1012 557
f 1048 2097 1012
f 1059 1080 2149
f 1033 2148 1080
f 2149 305 2148
f 2148 305 1690
f 1690 305 1033
f 1073 606 214
f 841 1720 566
f 828 807 811
f 100 968 1094
f 605 1100 887
f 1848 1082 781
f 924 1155 1425
f 1396 1425 1155
f 437 1086 432
f 2116 2118 238
f 1425 946 924
f 451 1087 45
f 873 946 1396
f 1170 517 385
f 73 9 1030
f 11 1613 9
f 1424 401 1133
f 1089 114 113
f 112 1089 107
f 17 763 911
f 911 763 1091
f 1089 1074 107
f 911 505 1081
f 256 13 696
f 1927 1937 825
f 557 944 1699
f 957 961 1930
f 52 116 751
f 1093 1132 1094
f 1093 98 1132
f 229 1112 778
f 285 1094 2033
f 1109 1095 1072
f 420 871 866
f 980 1216 978
f 1419 301 1930
f 1096 807 814
f 1096 814 815
f 1112 1109 1072
f 1112 1072 83
f 1860 1874 1655
f 618 1966 545
f 545 1966 1967
f 266 1099 938
f 1842 1820 1883
f 2021 1757 915
f 1074 1092 351
f 1074 1011 1092
f 784 301 961
f 569 117 175
f 1386 1103 455
f 89 1085 437
f 1105 985 634
f 1497 557 1699
f 73 2093 1667
f 1396 541 873
f 1547 1991 1214
f 551 130 1738
f 1292 1256 1640
f 1103 701 131
f 774 1095 80
f 1119 1203 1454
f 1109 774 777
f 778 83 1095
f 1095 1109 778
f 731 465 1237
f 272 1169 1523
f 634 985 754
f 782 727 1116
f 1115 1116 728
f 412 138 647
f 1116 1115 541
f 1119 1118 755
f 412 647 1117
f 20 1943 313
f 1775 1922 1891
f 243 819 1473
f 243 982 819
f 269 983 1241
f 249 1221 812
f 954 227 1608
f 288 289 1272
f 223 1300 362
f 783 1105 754
f 1118 1105 930
f 514 996 537
f 74 1306 1673
f 804 438 975
f 1293 2078 1259
f 1528 934 1882
f 2097 2094 1046
f 705 729 1525
f 1143 636 454
f 1131 536 996
f 537 996 699
f 209 1419 411
f 370 1127 369
f 371 469 1794
f 371 775 1127
f 1130 1129 755
f 1203 1130 754
f 1130 1454 1129
f 1119 752 1130
f 755 752 1119
f 1913 1833 970
f 996 997 1131
f 961 1420 209
f 1886 1574 1779
f 1378 1418 961
f 194 610 564
f 68 286 98
f 47 1811 1862
f 1971 1810 1816
f 953 952 604
f 1953 1751 1543
f 953 202 895
f 1325 394 1230
f 1230 499 1325
f 313 393 499
f 393 1138 499
f 2078 1389 1531
f 208 708 1016
f 1141 1143 1142
f 437 1085 221
f 90 221 1085
f 523 708 208
f 1785 1581 1655
f 211 192 1467
f 847 598 303
f 1956 1756 1209
f 257 140 139
f 473 356 1728
f 1114 1870 1769
f 1901 1287 689
f 1585 1787 382
f 643 1569 1060
f 1720 841 621
f 321 187 943
f 187 318 943
f 318 187 1464
f 1956 1209 1455
f 1823 91 169
f 1526 14 1040
f 1129 346 783
f 1888 1351 742
f 810 1302 1696
f 297 2109 446
f 1009 1223 1826
f 1642 550 899
f 727 550 1642
f 899 550 698
f 187 1222 1464
f 1861 1271 1213
f 1882 1527 1528
f 586 1659 1077
f 1785 1655 769
f 1655 2017 769
f 314 658 20
f 183 1927 1467
f 1295 1208 1315
f 1128 1124 1180
f 1180 638 1128
f 661 600 846
f 2123 1444 504
f 2100 1604 1174
f 2094 2097 1048
f 2018 238 835
f 1151 1053 1159
f 1477 485 1709
f 1442 1606 1297
f 1107 1606 1442
f 523 208 128
f 675 146 160
f 675 132 28
f 160 2050 675
f 212 422 608
f 1227 1105 634
f 3 480 225
f 1225 737 1227
f 316 211 422
f 1211 1549 1192
f 422 212 214
f 299 1193 95
f 975 1193 1228
f 975 95 1193
f 1733 1889 1415
f 1668 1921 1883
f 1775 1830 1922
f 1194 1102 1067
f 37 990 517
f 752 1129 783
f 1213 1960 1861
f 894 698 550
f 1075 1423 726
f 1921 1842 1883
f 1922 1830 1959
f 985 755 1038
f 618 545 617
f 815 549 315
f 788 2011 1143
f 1927 1129 1203
f 1129 1454 1203
f 315 549 828
f 1412 964 1204
f 1049 1498 1078
f 808 369 83
f 1203 1038 1927
f 1454 1038 1119
f 1304 218 619
f 1053 1004 1159
f 1191 1370 1207
f 1108 800 1100
f 1100 800 887
f 1823 169 54
f 28 1183 675
f 1183 2137 132
f 1939 1581 1865
f 2137 28 160
f 122 658 314
f 845 648 906
f 906 854 845
f 397 854 906
f 619 122 314
f 727 1217 873
f 287 130 551
f 1322 1842 1921
f 265 1389 1219
f 610 1219 1979
f 1078 1076 2016
f 1021 1023 758
f 1031 699 1030
f 1060 207 1042
f 571 932 249
f 1317 1747 1857
f 934 2072 1651
f 276 1172 267
f 979 1426 1905
f 979 1905 1427
f 147 1634 37
f 78 756 802
f 1606 789 1297
f 38 1713 1057
f 1879 735 829
f 327 1794 775
f 277 715 1919
f 743 1339 1340
f 119 2041 118
f 1996 1602 1677
f 242 786 465
f 1413 79 1648
f 498 948 1289
f 948 498 1102
f 1411 1413 1648
f 187 324 326
f 251 279 187
f 1864 1552 1521
f 366 547 546
f 668 1411 84
f 87 432 35
f 89 1599 87
f 87 1599 86
f 1231 506 105
f 94 2054 2075
f 2075 96 1564
f 1442 1970 32
f 1937 372 1282
f 1037 251 239
f 67 1804 1197
f 1160 1125 1123
f 1160 1121 1125
f 452 1407 454
f 1458 2106 166
f 658 218 1016
f 1140 1250 1536
f 57 1417 1140
f 49 198 1214
f 521 42 1258
f 371 1433 253
f 1260 134 1379
f 1261 1390 1262
f 882 1333 1418
f 1920 328 730
f 1678 1544 787
f 42 521 1682
f 521 40 463
f 521 463 1682
f 242 246 1582
f 1237 242 1582
f 1332 1358 330
f 1238 955 925
f 582 117 1272
f 825 1129 1927
f 324 835 238
f 1826 1008 1009
f 373 1684 1202
f 1272 1017 1172
f 80 1202 1433
f 720 1332 1508
f 569 175 707
f 840 5 826
f 460 1275 667
f 2132 2123 2122
f 278 943 318
f 1907 1198 1901
f 1282 808 373
f 1684 373 1273
f 1684 1284 1202
f 1433 373 1235
f 1273 372 1235
f 1285 1439 74
f 825 1286 1284
f 1284 1286 1282
f 1282 1273 1284
f 1577 1512 1082
f 1282 372 1273
f 1807 1559 1669
f 964 1412 1163
f 174 713 1514
f 198 323 1547
f 839 585 1395
f 1390 1294 1219
f 1924 544 1344
f 857 281 1063
f 694 308 1296
f 1296 265 694
f 527 170 1143
f 264 1915 509
f 756 1805 613
f 725 1301 1257
f 2017 1655 410
f 2146 2151 900
f 322 1573 1687
f 322 319 1573
f 1555 920 1902
f 258 1960 1247
f 1960 258 346
f 29 2100 417
f 23 965 1774
f 715 1688 1919
f 729 1919 1688
f 729 715 718
f 1457 199 1774
f 1223 442 1164
f 1009 1976 2017
f 1223 1164 1689
f 1690 2063 1180
f 1033 2063 1690
f 2063 638 1180
f 1233 1692 990
f 2145 1604 2100
f 28 367 1693
f 2100 28 2145
f 28 1693 2145
f 1228 94 421
f 1168 1170 421
f 421 1170 1228
f 939 1695 1694
f 21 532 1134
f 1134 532 740
f 223 362 454
f 1696 2109 297
f 810 1210 838
f 2109 2142 275
f 1698 621 890
f 1697 890 832
f 1697 832 963
f 967 1697 963
f 1698 967 621
f 975 1564 95
f 1042 207 586
f 1497 1699 2097
f 1046 1497 2097
f 1844 2051 1911
f 2051 1873 1911
f 197 1264 2127
f 2091 2127 2066
f 2091 2066 868
f 2088 631 2089
f 1519 1702 1704
f 994 1204 1700
f 1700 1703 994
f 1083 842 1831
f 2119 238 1896
f 812 810 922
f 238 2018 1896
f 1239 66 859
f 1707 958 1051
f 1051 1039 1162
f 560 1040 1039
f 1118 104 612
f 666 54 1478
f 584 1708 270
f 1478 54 270
f 666 635 54
f 1643 1711 1376
f 185 552 553
f 185 553 6
f 798 1628 1353
f 1628 1595 538
f 1628 797 328
f 1353 1628 538
f 937 1595 409
f 1716 1793 1715
f 1715 1767 1716
f 1767 1715 1712
f 697 878 298
f 1305 1270 1192
f 1305 849 878
f 1717 652 480
f 1718 1717 673
f 2140 1770 1727
f 1267 1719 451
f 451 2143 1324
f 1671 494 1722
f 1624 1673 1052
f 1481 1592 1720
f 1592 749 1720
f 1537 749 1070
f 1308 989 256
f 1254 989 1308
f 1345 1254 1308
f 1722 1309 563
f 1409 563 1309
f 1525 1370 1191
f 1724 565 719
f 481 565 1310
f 565 1724 590
f 1724 719 936
f 1005 1575 2044
f 1725 1651 2072
f 646 1122 1726
f 473 1728 1311
f 1311 1728 1649
f 247 732 215
f 215 732 1312
f 359 698 1642
f 1732 150 14
f 1732 929 1054
f 829 203 1402
f 1734 542 289
f 709 1314 1736
f 2035 1918 1910
f 628 972 196
f 1834 972 2150
f 196 972 834
f 620 2150 119
f 196 834 1320
f 1834 2041 620
f 196 2056 848
f 1888 1611 2081
f 1551 742 1351
f 1551 1351 1548
f 1565 1617 1343
f 1565 1530 1617
f 1277 1343 1617
f 832 879 963
f 27 29 1612
f 1612 28 27
f 1992 1612 29
f 704 887 800
f 578 1627 641
f 1566 859 2076
f 2103 1620 1544
f 1544 1620 1808
f 957 1419 1424
f 1741 1316 1750
f 1743 1745 1894
f 2111 955 1755
f 1238 2111 1755
f 1377 1437 1737
f 816 1952 574
f 816 574 1621
f 1209 1756 1802
f 1802 1757 1209
f 1334 352 439
f 439 1421 1334
f 1940 1893 1826
f 947 449 115
f 1257 1301 141
f 438 517 528
f 50 261 2008
f 1234 815 1369
f 2014 1681 2066
f 201 1272 144
f 63 440 1860
f 1353 1831 798
f 918 400 565
f 2118 2116 1896
f 2018 239 2118
f 1346 799 1365
f 1563 1800 1880
f 1438 1656 502
f 1203 1119 1130
f 311 347 125
f 431 422 60
f 1610 1470 1652
f 2086 1637 142
f 673 1984 1344
f 1179 1855 1712
f 1422 1982 780
f 998 2128 1866
f 31 1453 1760
f 1579 1663 1878
f 779 1735 2057
f 986 320 1963
f 1592 126 1070
f 1905 1044 365
f 17 32 90
f 1855 1179 1645
f 1717 1984 673
f 1567 439 1590
f 982 821 599
f 1373 2101 1603
f 969 1314 1814
f 2057 1474 746
f 1062 1061 1066
f 1135 281 2066
f 182 652 577
f 1217 727 1115
f 1715 1356 1712
f 31 879 1453
f 1851 2105 2004
f 1441 1239 859
f 30 966 26
f 1211 920 1549
f 530 740 1845
f 144 1272 707
f 1725 1404 1651
f 1565 1349 1367
f 963 879 1481
f 294 1823 1884
f 861 434 1187
f 1660 426 742
f 451 45 2143
f 1830 1775 1444
f 2110 1866 2128
f 1822 1107 1442
f 2069 2062 2139
f 241 1723 1240
f 687 1931 1964
f 1783 2094 2152
f 1348 531 1268
f 1381 228 60
f 1252 478 805
f 1204 994 1858
f 2107 1687 1573
f 1658 1988 1716
f 2127 1264 1328
f 1486 1776 1229
f 868 1328 1329
f 1841 874 2040
f 1545 2093 1144
f 2132 1149 2073
f 1411 679 659
f 2073 1149 1672
f 321 1464 1468
f 1772 1793 63
f 1266 1551 1368
f 429 430 843
f 2127 1329 2066
f 549 1369 2078
f 622 51 929
f 1213 420 1799
f 1581 1939 63
f 2001 1028 1969
f 752 423 852
f 273 1208 1784
f 92 32 312
f 807 351 431
f 1036 167 1612
f 665 472 1917
f 268 1446 2047
f 1144 1571 702
f 1149 1447 602
f 2139 1578 2069
f 836 1552 1555
f 1585 49 1787
f 1668 1354 2129
f 1354 1668 1789
f 1598 1429 1652
f 315 583 1556
f 1545 1144 1446
f 471 110 453
f 295 506 1822
f 465 1340 1903
f 2046 889 1588
f 1658 1820 1842
f 742 1551 1266
f 1121 684 1125
f 1468 1037 1910
f 649 2131 1528
f 581 1416 1122
f 2072 1528 2131
f 2115 1714 1480
f 476 472 801
f 1522 692 106
f 105 1107 1231
f 1589 1588 889
f 915 1940 1826
f 1973 2101 1373
f 2064 1003 2008
f 1829 2002 1729
f 92 1107 105
f 901 1471 1298
f 526 987 792
f 1676 243 1093
f 1106 992 960
f 106 1567 1522
f 450 2098 1184
f 1184 1277 614
f 2132 1444 2123
f 646 374 1256
f 217 1030 722
f 389 476 801
f 1103 115 449
f 273 2019 1869
f 794 671 809
f 1783 2085 1466
f 859 1523 2076
f 2076 1523 1169
f 1099 646 1256
f 671 1259 809
f 632 809 1259
f 1554 10 1188
f 1741 1880 1800
f 1000 2128 2125
f 201 144 944
f 1562 1276 1108
f 1765 2039 1987
f 1422 1222 1396
f 1578 1801 1931
f 2015 2040 1721
f 1589 99 930
f 1772 1715 1793
f 1364 1667 1387
f 487 1640 413
f 1381 60 1434
f 1854 1362 872
f 1783 1279 1968
f 1365 1430 657
f 786 140 1905
f 562 1060 1279
f 824 746 595
f 882 134 412
f 1741 1856 1880
f 1422 946 1425
f 739 801 472
f 1544 1808 787
f 16 52 751
f 1275 144 707
f 1992 450 1612
f 2123 2107 2122
f 2010 1354 2005
f 1860 1655 1581
f 1959 1946 1868
f 1876 722 1375
f 1420 1418 301
f 1803 1663 1111
f 1859 1950 1824
f 824 595 471
f 519 155 710
f 863 856 1394
f 991 1000 1439
f 2045 516 2117
f 1394 862 1226
f 1821 1869 1818
f 93 1671 576
f 954 920 1211
f 1750 1316 1683
f 504 1775 1891
f 1331 1461 1962
f 1097 807 431
f 1899 1926 1462
f 1872 1176 1182
f 1875 602 821
f 287 293 926
f 748 1666 72
f 1383 1818 274
f 1770 2140 1000
f 1869 1821 273
f 1660 1391 426
f 1317 1515 1747
f 1098 740 532
f 1098 1371 740
f 393 1943 1381
f 1034 2096 1030
f 1854 1300 597
f 2111 484 955
f 1300 2014 1168
f 665 605 472
f 1318 1622 1577
f 1742 1957 1933
f 2017 410 1980
f 1321 1389 2078
f 1091 505 670
f 331 1344 544
f 1604 2145 1958
f 1367 1656 1530
f 142 1900 2086
f 2123 1188 2107
f 1872 901 1135
f 1388 1385 300
f 198 49 1941
f 1620 751 2037
f 555 143 2011
f 861 1173 434
f 1846 1929 1817
f 917 1085 230
f 322 2060 2115
f 1825 1110 1916
f 1351 1861 1548
f 1687 2060 322
f 1186 1384 1388
f 794 196 1320
f 354 286 68
f 1022 2125 2095
f 1882 1440 850
f 1000 991 1666
f 1446 1144 1796
f 2110 801 287
f 590 1724 936
f 1428 395 1631
f 1980 442 2017
f 2015 1719 1267
f 815 1536 1253
f 1561 2078 2031
f 434 524 862
f 1425 187 1422
f 437 87 34
f 1320 834 1654
f 1654 431 1320
f 1572 1776 1605
f 1674 649 1495
f 92 506 508
f 312 506 507
f 539 468 1514
f 545 2051 1844
f 561 1615 176
f 1467 422 211
f 678 668 659
f 1809 1504 2010
f 2093 2071 1571
f 937 409 991
f 1569 2026 1060
f 1569 197 2026
f 919 1884 144
f 463 1876 1375
f 1337 1229 1359
f 60 852 343
f 1998 1989 1863
f 2087 1355 2057
f 1844 1911 2067
f 2083 1436 220
f 2047 1071 1650
f 1815 1650 474
f 1424 1133 1132
f 1568 901 2110
f 1986 424 696
f 1729 1813 1745
f 191 117 582
f 1275 707 1299
f 63 1939 1772
f 926 269 287
f 947 825 808
f 1761 1764 415
f 517 1692 421
f 1992 29 282
f 493 1120 491
f 518 1762 2110
f 1386 1548 1103
f 1437 1414 1737
f 440 1832 1860
f 1319 865 1591
f 1405 1609 1337
f 1215 1872 1135
f 1046 1783 1498
f 2114 587 723
f 1279 1060 2026
f 226 1005 2044
f 142 1675 1900
f 1845 1371 2112
f 1390 1321 1262
f 1389 1321 1390
f 1229 1776 1572
f 1547 323 1593
f 1858 1412 1204
f 1336 110 471
f 769 1976 1009
f 1622 1558 1577
f 849 1305 1549
f 1120 490 491
f 619 123 626
f 715 277 945
f 218 1304 1016
f 1905 84 1338
f 1998 1961 1989
f 604 1385 1388
f 1485 426 1570
f 1390 1219 1484
f 1385 1342 22
f 604 1388 1384
f 1008 1675 142
f 1679 1598 745
f 420 1016 128
f 1843 2143 1435
f 1678 191 582
f 1495 400 449
f 406 402 401
f 710 1068 1619
f 2125 1872 1466
f 347 632 1561
f 168 455 131
f 246 2084 2087
f 1872 1471 901
f 234 246 2087
f 1754 1318 1969
f 720 1508 852
f 113 1002 431
f 60 57 1140
f 1348 1268 1421
f 1869 2034 274
f 759 923 1491
f 1346 1365 1904
f 567 896 953
f 32 35 1442
f 237 2035 1461
f 1951 1347 188
f 1568 269 392
f 1856 1111 1663
f 390 1727 1026
f 1057 1824 1852
f 1343 1443 1565
f 464 1928 41
f 41 1677 464
f 587 1602 41
f 1597 1295 1740
f 395 1814 1923
f 1074 332 1011
f 1951 395 2037
f 2040 1267 1926
f 1566 1610 1429
f 1576 1414 1437
f 1566 1169 2082
f 2076 1169 1566
f 1056 148 1500
f 2121 268 254
f 2084 1355 2087
f 961 1379 1378
f 1074 351 107
f 412 301 1419
f 1133 405 1419
f 827 1828 907
f 1426 2092 980
f 1255 1905 1426
f 1409 466 989
f 1905 2092 1427
f 1844 2067 1974
f 785 1890 330
f 2143 45 1435
f 602 600 1871
f 1222 1422 728
f 1503 1610 2082
f 1620 2037 395
f 115 1548 1861
f 1143 2011 636
f 210 606 580
f 1910 1525 2035
f 1986 2111 347
f 1657 300 1195
f 1058 907 1780
f 1505 1601 574
f 1729 1744 1829
f 1282 373 369
f 614 1617 1530
f 1654 422 431
f 1611 1460 2081
f 395 1923 831
f 1571 2071 76
f 1873 503 1911
f 1428 1814 395
f 1342 1392 381
f 165 1291 1338
f 426 674 435
f 1469 310 833
f 1022 1000 2125
f 702 1645 1179
f 765 637 486
f 1594 1560 880
f 1482 144 1275
f 1944 1392 1342
f 281 305 2014
f 2011 143 2030
f 241 880 1560
f 1935 1852 1855
f 1474 595 746
f 1565 1367 1530
f 344 154 956
f 1445 1925 1981
f 1958 1693 1174
f 1958 2145 1693
f 642 190 1600
f 497 1492 1393
f 274 592 1383
f 1933 1782 2068
f 1852 1824 1950
f 1849 1493 1397
f 90 1 916
f 1456 1843 1892
f 1666 1374 1770
f 477 2035 503
f 503 1873 477
f 1152 1242 912
f 1925 1683 1316
f 1153 1158 1086
f 106 531 1348
f 1849 1494 1782
f 857 1232 995
f 1259 2078 632
f 661 282 53
f 1242 1086 1157
f 529 486 1440
f 60 314 500
f 1740 1881 1382
f 102 700 671
f 1992 771 450
f 114 1798 334
f 817 799 497
f 843 1492 110
f 1261 1293 1259
f 614 1530 1438
f 1557 1455 1550
f 1810 1989 1961
f 1135 1264 1215
f 320 1505 1952
f 618 617 791
f 1029 1481 879
f 849 1549 1544
f 1674 947 83
f 1082 1318 1577
f 1187 1247 1960
f 2092 1905 980
f 2009 702 1179
f 422 1467 60
f 1867 1441 859
f 1173 860 1965
f 497 2099 817
f 861 860 136
f 1173 1799 135
f 135 1641 136
f 852 1013 343
f 1762 1866 2110
f 1911 503 2067
f 573 1863 2012
f 1454 1166 1038
f 1354 1789 2005
f 1778 1881 1680
f 820 823 1448
f 1509 394 1245
f 424 352 533
f 2027 2031 2078
f 1721 2040 874
f 2086 1796 2009
f 988 685 1845
f 1686 1501 1557
f 1886 1864 441
f 347 2111 1341
f 1161 1862 2082
f 813 110 497
f 1612 1184 864
f 705 1464 1222
f 1430 817 1546
f 2098 531 1277
f 1810 1971 1895
f 657 320 1428
f 1341 2131 1335
f 1659 1264 1569
f 107 265 610
f 1088 1594 880
f 786 693 244
f 1044 545 1967
f 1506 987 526
f 540 570 539
f 1882 934 529
f 1347 1839 1265
f 1021 1024 669
f 1674 449 947
f 1490 1902 920
f 2010 2005 1809
f 780 1797 1422
f 2124 2085 1783
f 877 1453 1975
f 179 1839 348
f 1470 1898 1652
f 1342 604 1
f 1944 383 1392
f 721 765 486
f 1313 831 929
f 89 33 1970
f 604 456 916
f 1659 1215 1264
f 1485 1570 226
f 1947 1768 1792
f 771 1421 1268
f 634 309 346
f 300 1384 1186
f 2077 1981 1925
f 2066 281 2014
f 2152 144 2070
f 1385 1384 300
f 1926 1899 1439
f 1678 542 1734
f 695 1978 1977
f 669 2020 1458
f 1859 1057 1713
f 2069 2113 1317
f 949 824 1366
f 426 435 1570
f 1276 1240 1068
f 2035 237 503
f 596 594 203
f 732 1020 1312
f 1342 1 1944
f 695 1274 1978
f 1292 1099 1256
f 1172 2011 2030
f 1229 1337 1768
f 2077 1588 1572
f 1854 1879 829
f 1721 874 767
f 737 1731 1685
f 1456 1892 1052
f 1479 1493 1849
f 1390 1798 1531
f 1075 726 1416
f 1731 737 1225
f 1385 427 1384
f 1607 1900 1675
f 542 1678 582
f 1611 1888 1485
f 85 282 29
f 376 1985 510
f 573 1998 1863
f 643 1659 1569
f 3 857 995
f 11 1472 1613
f 2077 1925 1614
f 1722 563 1671
f 1614 1925 1316
f 684 1271 1888
f 2131 649 1513
f 1590 439 352
f 636 2011 1177
f 1338 84 165
f 1402 1362 829
f 1103 1548 115
f 434 862 851
f 846 1473 993
f 833 2079 1469
f 1766 995 1232
f 1608 492 1490
f 757 303 598
f 1494 1849 1397
f 879 1334 1453
f 1377 1631 1437
f 1098 532 905
f 1301 1026 141
f 28 1612 167
f 1317 2113 1515
f 206 1975 1248
f 768 784 1378
f 1416 581 1075
f 138 1909 1975
f 610 1389 564
f 1389 1218 1979
f 275 1696 297
f 1466 1182 734
f 60 500 1434
f 2053 1759 1579
f 672 158 683
f 1550 1686 1557
f 2061 1510 1783
f 1783 1510 1498
f 1144 2009 1796
f 1106 1630 236
f 1271 1351 1888
f 1819 1671 1345
f 319 1322 1573
f 1020 222 942
f 764 502 1656
f 1014 1016 343
f 1184 2098 1277
f 2093 1571 1144
f 692 1460 816
f 1012 2016 944
f 1975 1453 1334
f 1876 631 1327
f 1135 2066 1264
f 1188 1891 1165
f 1272 289 582
f 1603 1970 1290
f 1597 1503 2082
f 764 1367 1546
f 1479 1483 1493
f 1909 1431 1248
f 2085 2124 1466
f 1213 1965 1187
f 1666 1770 1000
f 1884 2070 144
f 1917 1301 665
f 1616 2105 1240
f 1926 1439 1000
f 2072 2111 1725
f 1808 191 787
f 377 1026 1727
f 1568 392 357
f 1512 1792 1082
f 1334 1421 914
f 1332 720 760
f 1068 216 1739
f 1825 1041 1971
f 1015 1890 785
f 1349 1601 1546
f 1746 1994 1747
f 1251 1553 1071
f 487 1151 1159
f 1240 2105 1068
f 2135 2151 2146
f 1496 900 2151
f 1496 2151 1797
f 1496 2144 550
f 70 591 2112
f 1829 1742 2042
f 1744 1742 1829
f 2144 1797 2135
f 277 520 945
f 1948 1405 1359
f 1499 1682 1258
f 724 1258 1375
f 2039 1663 1579
f 2140 801 2110
f 706 590 936
f 204 1398 522
f 1408 1362 1402
f 1638 1535 1501
f 21 1695 939
f 2022 1761 415
f 1770 766 1727
f 282 661 846
f 1823 666 2070
f 232 1562 1108
f 2002 1990 1729
f 1545 1446 268
f 892 436 683
f 475 631 1876
f 73 8 9
f 2122 2107 1646
f 1865 1007 1939
f 1637 1007 1865
f 1767 1950 1859
f 1422 187 1982
f 225 652 638
f 134 1378 888
f 1246 1327 631
f 228 1381 1325
f 1252 805 980
f 1246 1487 1449
f 1905 1338 1113
f 68 1504 354
f 1279 1533 562
f 1393 764 817
f 1513 649 1580
f 1483 1993 2022
f 2014 180 178
f 1498 1049 1046
f 282 846 1992
f 1492 497 110
f 1750 1683 1623
f 892 1478 1006
f 234 1613 271
f 297 639 288
f 1677 1602 463
f 876 111 1319
f 1240 1723 1616
f 1319 1591 876
f 1147 455 168
f 1650 1071 474
f 1272 1172 276
f 1276 1257 1416
f 154 1471 1908
f 1882 850 1527
f 1136 1770 1374
f 1474 2057 595
f 2058 1554 1983
f 574 1349 1621
f 2046 1588 2077
f 5 840 6
f 1963 320 657
f 1614 2046 2077
f 323 333 1593
f 818 1448 1875
f 677 1019 1244
f 823 1875 1448
f 455 1147 939
f 1509 1018 677
f 1637 1865 142
f 323 1906 333
f 333 1558 1593
f 1257 1562 725
f 1721 1537 127
f 1511 744 173
f 17 916 408
f 864 614 430
f 591 576 1671
f 17 408 55
f 1680 1821 1786
f 2000 1956 1949
f 1833 473 490
f 1065 1003 2011
f 514 140 245
f 591 70 481
f 643 562 1077
f 1913 802 1833
f 1601 1349 574
f 1791 382 1787
f 1003 2064 317
f 201 944 974
f 1168 2014 96
f 1177 2011 1279
f 216 1068 247
f 215 551 163
f 1902 1837 885
f 816 1460 1952
f 94 1564 975
f 1365 817 1430
f 969 584 827
f 724 1499 1905
f 402 405 407
f 426 1391 674
f 450 771 681
f 672 683 436
f 1165 1877 1850
f 1516 204 1201
f 1512 333 1906
f 1543 1749 1752
f 2086 2009 1179
f 1421 439 1567
f 2114 2087 1918
f 1819 1050 2147
f 1279 2026 1177
f 1968 1017 2061
f 1097 431 60
f 1316 1800 2003
f 695 1584 1156
f 1796 1251 1446
f 890 621 6
f 752 60 1467
f 1777 1849 1782
f 2140 2110 2128
f 505 1091 1081
f 2101 1518 1603
f 1091 669 911
f 1059 1124 2148
f 1033 1059 2149
f 2117 516 1196
f 1021 1520 670
f 731 1237 1582
f 1397 1964 2042
f 504 1188 2123
f 481 290 565
f 1371 70 2112
f 880 1416 1999
f 113 351 1092
f 1558 1622 2083
f 2113 687 1493
f 2120 779 2134
f 1222 187 1425
f 1461 761 1524
f 1191 255 1525
f 1997 1748 1670
f 1576 1437 2101
f 1764 1747 415
f 2061 1783 1968
f 311 125 352
f 1620 395 1808
f 1990 1813 1729
f 766 374 646
f 789 1723 241
f 876 1591 1781
f 389 1727 390
f 880 241 1240
f 2099 497 1393
f 1895 1041 1748
f 1867 1817 1929
f 1340 1339 2084
f 1120 181 1619
f 1225 1890 1887
f 1339 167 2084
f 1785 1865 1581
f 1366 923 759
f 1514 553 539
f 1994 1997 1670
f 1304 60 343
f 1473 1190 101
f 101 1137 993
f 188 1970 1603
f 1622 1754 1436
f 1145 1636 190
f 1896 2116 1532
f 2118 1896 2018
f 487 262 1151
f 2018 2023 2133
f 1416 1240 1276
f 1507 968 443
f 1687 10 1538
f 1687 1538 2060
f 759 1973 1373
f 786 1905 1113
f 1999 1416 2090
f 1632 1932 1591
f 1439 937 991
f 588 1618 1449
f 475 1487 1618
f 1518 1951 188
f 1808 395 736
f 705 1222 479
f 717 718 1357
f 1666 748 1374
f 1155 718 717
f 882 1420 1333
f 1710 1650 2000
f 1458 2020 2106
f 1898 1274 1652
f 1814 1314 709
f 444 1768 1337
f 1181 1032 180
f 1353 538 1285
f 376 889 2046
f 376 2046 1653
f 249 932 143
f 714 1155 1146
f 1619 1068 2105
f 48 1907 47
f 336 1228 1170
f 1484 334 1798
f 361 701 918
f 22 1398 1540
f 1136 1056 1770
f 1374 748 458
f 1463 956 88
f 843 1393 1492
f 1247 1508 258
f 1512 1577 333
f 1103 449 400
f 1917 390 1026
f 2042 1964 1829
f 1771 1480 1714
f 1668 2129 1646
f 656 630 819
f 1640 487 1159
f 1648 263 678
f 1888 2081 684
f 746 2134 2057
f 819 365 656
f 1909 138 134
f 351 807 193
f 1181 941 1185
f 1126 26 966
f 1951 348 1347
f 902 1506 1876
f 1863 1764 1761
f 1475 1895 151
f 1580 649 1674
f 1525 1704 1370
f 125 1590 352
f 682 1625 678
f 1802 1756 1893
f 682 661 53
f 988 1845 2070
f 1199 1542 64
f 285 2033 1199
f 1132 97 1094
f 1393 502 764
f 912 1265 554
f 1403 2027 1369
f 595 1336 471
f 1855 1645 1935
f 738 1660 1266
f 1240 1416 880
f 1561 1590 125
f 2 1399 22
f 138 771 648
f 2121 1545 268
f 1891 1188 504
f 18 656 365
f 101 1190 412
f 131 927 168
f 1526 395 831
f 1600 460 667
f 1510 2061 1017
f 1473 819 1190
f 1745 1821 1818
f 1605 2077 1572
f 1543 1751 1991
f 865 606 213
f 1923 622 831
f 1293 1294 1321
f 1603 1518 188
f 864 429 1036
f 213 606 1073
f 1547 1593 1749
f 840 1841 185
f 1661 2138 916
f 345 1331 1412
f 1631 1518 1437
f 1234 814 1097
f 236 761 1106
f 1553 1796 2086
f 832 352 1334
f 1179 1356 2086
f 1531 193 549
f 956 154 1908
f 511 897 2080
f 2098 1268 531
f 392 269 640
f 1546 1476 1430
f 824 471 453
f 239 835 1037
f 1344 1984 1924
f 830 158 629
f 156 1445 1350
f 1916 1748 1041
f 259 788 527
f 2042 1494 1397
f 1369 1097 1253
f 1236 1097 1369
f 859 66 1523
f 984 1045 640
f 188 1157 1153
f 2105 1851 1619
f 1033 281 225
f 2134 779 2057
f 1619 1902 1120
f 1137 100 993
f 1094 993 100
f 1470 1610 1503
f 1469 1288 260
f 1837 1469 260
f 1744 1729 1743
f 728 1116 727
f 144 7 1055
f 266 646 1099
f 1108 1100 232
f 1101 988 1380
f 1984 942 1924
f 553 1514 1376
f 1104 1067 498
f 1106 761 345
f 1659 176 734
f 591 839 1395
f 1355 595 2057
f 1905 819 84
f 1917 1026 1301
f 214 606 422
f 1322 1646 1573
f 108 901 162
f 904 1884 919
f 1033 2149 2148
f 1576 759 1414
f 1631 1377 1428
f 1853 1057 1852
f 1022 1671 2147
f 176 562 1773
f 2029 968 1199
f 1094 968 2048
f 2147 1050 185
f 1230 1943 393
f 1076 1046 1048
f 2028 1887 1890
f 1990 1807 1813
f 2125 1762 518
f 1990 2002 1559
f 1028 516 2045
f 825 947 1861
f 929 51 1054
f 1560 1373 241
f 473 1833 802
f 1049 1078 1010
f 765 925 637
f 2131 2111 2072
f 1687 1188 10
f 1049 1010 1076
f 2001 2028 1890
f 1910 1918 2057
f 210 316 606
f 829 1361 1854
f 1600 1051 460
f 1362 1363 829
f 384 1150 649
f 1710 268 2047
f 1671 1022 2095
f 304 1920 503
f 994 1056 1136
f 1876 1506 217
f 602 633 1149
f 1477 955 484
f 880 1999 2153
f 1469 2079 1288
f 1350 1790 156
f 247 710 155
f 959 776 957
f 612 1927 192
f 2151 2135 550
f 804 178 356
f 352 424 311
f 1752 220 933
f 1314 969 1736
f 320 1952 1611
f 1947 548 1945
f 842 1431 730
f 1995 1832 1870
f 1467 1454 752
f 569 1272 117
f 1952 1460 1611
f 1323 531 106
f 1377 1904 1428
f 1829 1964 2002
f 1020 157 222
f 459 280 1171
f 4 225 281
f 1915 264 1670
f 1767 1859 1716
f 1471 2125 1908
f 1847 1563 1880
f 1949 1795 254
f 591 1283 1281
f 1865 769 1008
f 779 780 1735
f 161 751 116
f 1383 592 554
f 450 681 2098
f 362 1300 872
f 360 1974 302
f 514 1905 140
f 1766 640 995
f 915 1689 2058
f 1055 919 144
f 2095 2112 1671
f 2115 2060 1938
f 374 368 1256
f 133 66 1239
f 933 220 2045
f 1869 274 1818
f 1533 1279 1466
f 745 1598 1652
f 1153 554 592
f 1019 1451 60
f 232 488 1562
f 361 909 701
f 2152 2124 1783
f 1168 96 528
f 728 541 1217
f 423 985 783
f 2012 1863 1761
f 1552 689 1287
f 1017 2016 1510
f 1361 425 259
f 33 86 35
f 425 457 259
f 1841 2040 2147
f 2147 1926 1000
f 754 423 752
f 613 37 385
f 1634 147 613
f 873 1217 1155
f 178 96 2014
f 1554 1165 1983
f 2129 2122 1646
f 893 886 2056
f 2055 38 145
f 244 120 325
f 995 640 3
f 378 999 1319
f 1988 1832 440
f 2139 501 2141
f 1131 2114 723
f 1023 1021 753
f 230 231 235
f 1814 1485 2044
f 73 1030 217
f 736 386 1636
f 317 555 1003
f 495 925 1477
f 912 188 917
f 167 511 132
f 1067 456 1069
f 759 1576 1973
f 940 1069 543
f 365 819 1905
f 186 1128 1728
f 392 1232 662
f 2047 1251 1071
f 1800 1563 2003
f 1964 1801 2002
f 246 693 2084
f 1853 76 217
f 1359 1229 1572
f 1832 1988 1658
f 1610 1566 2082
f 12 271 1613
f 1791 1787 1753
f 643 1042 562
f 1149 2132 2052
f 1410 1771 1714
f 163 551 1738
f 1282 825 1937
f 1431 842 1248
f 37 517 438
f 1920 730 503
f 1109 777 369
f 1962 255 1331
f 1626 89 188
f 745 1652 1274
f 1611 1485 320
f 42 41 980
f 789 1373 1603
f 354 364 103
f 337 1954 263
f 276 297 288
f 1138 1140 164
f 2062 1317 1857
f 1441 1971 1816
f 263 1648 53
f 67 66 133
f 1568 2110 287
f 1393 843 502
f 1022 2147 1000
f 1430 1963 657
f 2148 1690 638
f 1172 1200 2011
f 780 1423 1075
f 45 126 558
f 949 1366 1594
f 1909 1248 1975
f 1946 633 1035
f 1859 1658 1716
f 2094 1783 1046
f 1308 256 568
f 2087 2057 1918
f 1614 1316 2003
f 813 799 1346
f 253 1937 210
f 2132 2073 1444
f 1780 1828 169
f 106 692 1323
f 800 1108 1276
f 800 1276 1739
f 2026 1681 1300
f 1828 827 270
f 2035 477 881
f 114 111 876
f 189 830 629
f 2072 934 1528
f 2040 2015 1267
f 459 259 1352
f 1483 1479 1993
f 789 1290 1297
f 1991 1914 1214
f 1818 1957 1894
f 1050 552 185
f 272 1907 48
f 2001 1890 1015
f 1713 2005 1934
f 595 1355 1336
f 2031 644 1561
f 320 986 1505
f 1192 1270 1211
f 1584 1644 509
f 1705 974 1017
f 549 2078 1531
f 864 1036 1612
f 145 38 792
f 1485 1814 320
f 1651 529 934
f 614 1277 1617
f 1163 1331 255
f 1660 738 1391
f 702 76 1645
f 944 2152 1699
f 692 1522 644
f 1346 1737 813
f 2094 1699 2152
f 226 1570 435
f 1810 1961 133
f 2000 1949 1710
f 1791 1803 1111
f 1177 2026 223
f 1553 2086 1900
f 1437 1518 2101
f 1674 83 1580
f 1749 220 1752
f 468 568 1025
f 1986 484 2111
f 1071 1553 1900
f 864 1184 614
f 251 187 321
f 801 1627 287
f 1365 657 1904
f 813 1414 1491
f 1550 1209 1877
f 1526 1040 386
f 587 2114 2035
f 1612 450 1184
f 632 2078 1561
f 1081 763 669
f 2154 916 2138
f 1317 2062 2069
f 1410 1714 1938
f 1557 1949 1455
f 623 1479 219
f 1398 381 623
f 2131 1513 1335
f 269 1568 287
f 614 1438 430
f 2110 1463 518
f 1583 238 239
f 1563 2102 2003
f 1404 486 529
f 930 1936 1589
f 1607 474 1071
f 1017 1279 2011
f 1356 1637 2086
f 660 1585 250
f 1872 733 1176
f 1520 2004 1616
f 581 938 1075
f 1583 239 1468
f 1912 47 295
f 1763 1857 1994
f 1233 44 597
f 432 592 35
f 638 1059 225
f 1071 1900 1607
f 983 269 926
f 43 152 836
f 836 152 1552
f 1585 1623 250
f 918 290 361
f 673 1619 181
f 1463 2110 901
f 1671 93 1629
f 766 283 1727
f 1665 780 2007
f 573 1069 1804
f 1310 591 481
f 1359 1572 1948
f 149 150 284
f 286 2032 2033
f 2033 1094 286
f 852 60 752
f 1551 1386 535
f 1120 1902 1490
f 1569 1264 197
f 1670 264 1994
f 246 234 325
f 1783 1466 1279
f 1561 125 347
f 489 231 1840
f 1959 1501 1922
f 178 2075 2054
f 1587 95 2075
f 1905 1499 980
f 1716 1988 1793
f 813 1491 453
f 1877 1812 1686
f 134 1974 1909
f 1789 1883 1934
f 434 1508 1247
f 489 1347 231
f 93 1220 1629
f 231 1265 1838
f 1319 999 1320
f 1969 1028 1754
f 516 2049 1196
f 2001 2049 1028
f 1028 2049 516
f 1615 1466 734
f 1615 734 176
f 1337 1359 1405
f 1476 986 1963
f 434 851 1508
f 334 107 332
f 1881 1315 1680
f 2035 2114 1918
f 82 1026 1726
f 1805 2126 990
f 1549 920 1555
f 1093 285 286
f 2134 746 2038
f 1505 986 1601
f 1380 988 666
f 889 376 99
f 2010 2052 2132
f 348 1489 1
f 1637 1356 1007
f 1174 417 2100
f 201 1017 1272
f 1807 1680 1813
f 1798 114 583
f 6 1711 1643
f 1466 1872 1182
f 1992 846 648
f 684 2081 2027
f 103 355 354
f 306 1836 328
f 664 699 663
f 312 32 17
f 699 664 1030
f 413 1640 1770
f 1012 1699 1049
f 1770 1640 676
f 2102 1175 2003
f 395 386 736
f 255 964 1163
f 1366 1373 1560
f 151 1863 1972
f 746 824 949
f 1845 2112 2070
f 1456 1084 1462
f 1870 319 1480
f 319 2115 1480
f 832 533 352
f 109 364 366
f 364 109 19
f 2038 746 949
f 81 1937 253
f 528 96 1587
f 1587 1228 528
f 2084 167 1036
f 938 2007 1075
f 328 1920 304
f 723 587 1375
f 885 1555 1902
f 1978 1274 1898
f 1377 1737 1346
f 1846 1817 1679
f 1594 1088 2136
f 1338 1339 711
f 1518 395 1951
f 2060 1538 1938
f 778 369 1127
f 398 399 101
f 398 97 399
f 407 403 401
f 1739 1276 1068
f 406 401 209
f 1309 172 466
f 101 411 405
f 419 418 416
f 1072 1580 83
f 2126 44 990
f 121 387 335
f 316 422 606
f 1340 1338 743
f 1989 1972 1863
f 1058 703 907
f 1384 427 935
f 1923 709 622
f 742 1266 1660
f 2129 2132 2122
f 1069 573 1195
f 17 90 916
f 408 916 2154
f 1144 702 2009
f 1632 1985 1175
f 144 2152 944
f 1159 1292 1640
f 86 1599 35
f 1600 560 1051
f 2068 1494 1742
f 444 1337 1609
f 453 110 813
f 1483 2113 1493
f 918 701 400
f 2103 1544 1555
f 1511 1722 494
f 549 1096 1369
f 304 503 237
f 448 486 1220
f 1414 759 1491
f 1826 1223 915
f 1860 1835 1874
f 916 1 604
f 351 113 431
f 1710 2047 1650
f 1371 69 1280
f 1161 2082 1169
f 1563 1932 2102
f 2107 1188 1687
f 1318 2065 1887
f 1318 1754 1622
f 1373 1366 759
f 1608 802 1913
f 1649 182 1730
f 1602 1928 464
f 1962 2035 255
f 1416 82 1122
f 327 470 1794
f 90 235 1
f 997 1613 257
f 1908 2125 518
f 319 322 2115
f 1630 1106 960
f 1996 747 1449
f 1862 1295 1597
f 1862 1597 2082
f 1862 1811 1295
f 40 475 464
f 57 1452 1250
f 1574 427 1620
f 1289 456 498
f 1300 1681 2014
f 287 1627 578
f 1874 410 1655
f 84 819 668
f 1575 1814 2044
f 1743 1957 1742
f 1444 2073 1672
f 1985 1653 1175
f 376 1653 1985
f 1812 1165 1922
f 1891 1922 1165
f 2067 1431 1909
f 1835 1860 1995
f 1135 1061 1063
f 1830 1444 1672
f 1609 1405 1596
f 1685 1609 1596
f 1887 1731 1225
f 1067 1069 1195
f 219 554 1265
f 196 794 1335
f 1623 1683 250
f 273 1821 1208
f 680 262 487
f 547 103 546
f 24 1125 30
f 2083 1622 1436
f 505 295 773
f 222 1924 942
f 574 1952 1505
f 260 43 885
f 1561 644 1590
f 1209 1550 1455
f 306 304 237
f 2011 1003 555
f 1646 2107 1573
f 1781 1847 1765
f 2019 2034 1869
f 629 158 672
f 1726 1026 377
f 2114 1131 2087
f 591 1671 2112
f 1422 550 541
f 188 89 1970
f 1493 687 1397
f 366 364 547
f 546 2055 366
f 1945 548 1488
f 467 484 1986
f 1322 1668 1646
f 2026 197 1681
f 1763 1994 264
f 1040 560 1636
f 1598 1867 1429
f 1610 1652 1429
f 568 256 1025
f 1971 1441 1929
f 1436 1028 2045
f 881 587 2035
f 733 1872 1215
f 1061 1064 1063
f 1763 2139 2062
f 789 1603 1290
f 1665 1797 780
f 167 1339 1291
f 202 567 653
f 637 925 495
f 243 97 993
f 564 351 193
f 965 966 1774
f 1085 235 90
f 1731 1848 1685
f 1867 1929 1441
f 134 882 302
f 1260 1333 302
f 1547 1749 1543
f 1525 255 2035
f 2027 2078 1369
f 1387 1535 1534
f 936 1664 706
f 1428 1904 657
f 1636 386 1040
f 1354 2132 2129
f 1319 1001 378
f 103 630 355
f 602 823 599
f 602 601 600
f 2153 1088 880
f 1763 264 509
f 50 2008 1003
f 771 1992 648
f 276 288 1272
f 455 939 535
f 1596 1405 1936
f 2125 1471 1872
f 1150 936 2043
f 780 779 1423
f 282 340 263
f 64 286 615
f 1227 634 760
f 381 1657 623
f 2124 2095 2125
f 429 1336 1355
f 1598 1817 1867
f 66 272 1523
f 2152 2070 2112
f 174 1514 468
f 1421 771 914
f 467 1986 13
f 819 630 1189
f 631 588 1449
f 771 1334 914
f 1421 1567 1348
f 662 1062 1154
f 1964 1931 1801
f 1975 1334 771
f 1257 1276 1562
f 1762 998 1866
f 1998 573 67
f 1397 687 1964
f 780 1982 1735
f 2057 1889 1910
f 644 1522 1590
f 1814 709 1923
f 1281 576 591
f 644 2031 1460
f 1350 1981 1605
f 490 473 491
f 1486 1768 1945
f 2065 1848 1887
f 1452 1403 1369
f 1594 2136 2038
f 1566 1429 859
f 1335 1513 2056
f 680 75 262
f 701 909 131
f 509 1156 1584
f 1578 1931 2069
f 730 2067 503
f 63 1793 440
f 10 1554 1689
f 1538 10 1689
f 1882 529 1440
f 1766 392 640
f 1545 2121 1667
f 740 1371 1845
f 2121 254 1667
f 511 2080 367
f 1259 671 700
f 1485 226 2044
f 1567 1590 1522
f 1847 1856 1765
f 1825 1846 1110
f 674 1391 189
f 1268 681 771
f 190 560 1600
f 104 99 376
f 743 1338 711
f 400 719 565
f 1762 2125 2128
f 331 710 1619
f 1050 1819 570
f 1720 967 1481
f 1435 558 1760
f 2046 1614 1175
f 1753 1787 1914
f 553 1376 1711
f 1375 722 723
f 1438 1530 1656
f 762 757 598
f 1165 1554 1188
f 1349 1443 1621
f 1786 1745 1813
f 944 1017 974
f 175 191 1145
f 91 1823 294
f 104 510 213
f 897 1903 1339
f 938 581 266
f 1851 1902 1619
f 1899 1307 1439
f 118 1513 1580
f 2080 1035 337
f 1246 1326 1327
f 804 356 438
f 2027 30 684
f 702 1571 76
f 730 589 842
f 1782 1494 2068
f 1479 1849 1777
f 721 1725 1238
f 2115 1938 1714
f 1246 805 1326
f 1734 298 878
f 1168 1692 597
f 1576 2101 1973
f 991 770 1666
f 1017 2011 1200
f 2010 2132 1354
f 1938 1164 1410
f 840 767 1841
f 1252 1326 881
f 881 1326 805
f 1892 1624 1052
f 1974 443 1844
f 1888 426 1485
f 609 849 1544
f 1534 1035 2080
f 644 1460 692
f 2140 2128 1000
f 371 778 775
f 687 2069 1931
f 1856 2039 1765
f 1335 2056 196
f 1770 1500 741
f 473 1730 491
f 1823 2070 1884
f 1011 794 1320
f 843 430 502
f 1859 1820 1658
f 138 1975 771
f 1525 729 1704
f 739 1627 801
f 272 1197 1198
f 99 1589 889
f 1525 1464 705
f 505 507 803
f 507 295 512
f 1574 1886 71
f 358 795 796
f 1350 1605 1790
f 472 605 887
f 2015 1721 127
f 2112 2095 2152
f 767 874 1841
f 803 17 15
f 793 792 987
f 1017 944 2016
f 1387 1667 254
f 807 1096 811
f 838 571 837
f 46 1628 1630
f 815 814 811
f 1935 76 1853
f 772 716 822
f 153 1892 877
f 2084 1036 1355
f 1555 1544 1549
f 563 1345 1671
f 1582 1534 2080
f 1552 1779 1555
f 600 661 1249
f 597 203 200
f 1594 2038 949
f 75 1519 262
f 1671 1819 2147
f 1298 1463 901
f 1673 1831 1353
f 1925 1445 1683
f 1533 1466 1615
f 1815 2000 1650
f 1889 2057 1735
f 1953 2117 1897
f 2152 2095 2124
f 848 624 628
f 1631 395 1518
f 710 247 1068
f 1443 816 1621
f 1912 1811 47
f 1504 2052 2010
f 655 604 896
f 1280 70 1371
f 395 1526 386
f 410 1874 1835
f 347 311 1986
f 359 772 727
f 658 867 20
f 730 1431 2067
f 866 870 654
f 862 1224 523
f 1948 1589 1936
f 936 719 2043
f 47 1161 48
f 1862 1161 47
f 106 1348 1567
f 868 2066 1681
f 2058 1983 1758
f 1169 48 1161
f 1353 74 1673
f 2089 881 478
f 2130 2089 587
f 2089 631 881
f 1779 2103 1555
f 1063 281 1135
f 724 1905 537
f 1283 591 1395
f 2006 2004 1459
f 30 25 966
f 23 199 966
f 247 155 157
f 172 485 466
f 1774 1403 1457
f 1630 1836 236
f 1582 2080 897
f 1601 986 1476
f 197 1328 868
f 933 2045 2117
f 1499 42 980
f 71 1195 300
f 71 1886 1195
f 2098 681 1268
f 2092 979 981
f 151 1746 1764
f 1525 1910 1464
f 917 230 912
f 917 1347 913
f 1341 2111 2131
f 1251 1796 1553
f 121 147 388
f 1938 1689 1164
f 1859 1713 1820
f 729 705 728
f 692 816 1323
f 2113 1483 1515
f 953 950 952
f 660 195 1941
f 1845 685 530
f 1563 1781 1932
f 1773 562 1533
f 331 1619 673
f 220 1749 2083
f 449 1674 1495
f 1429 1867 859
f 1623 1585 1750
f 2058 1758 2021
f 1017 1200 1172
f 908 886 625
f 2081 2031 2027
f 969 1814 1575
f 584 1575 1005
f 1104 940 1067
f 1953 933 2117
f 1241 942 640
f 946 943 278
f 947 115 1861
f 424 1986 311
f 825 346 1129
f 817 764 1546
f 1778 1680 1807
f 189 1391 738
f 1632 2102 1932
f 1175 2102 1632
f 982 818 819
f 1775 504 1444
f 943 945 324
f 599 1448 982
f 1582 743 731
f 1880 1856 1847
f 1366 824 1491
f 429 843 1336
f 2099 1393 817
f 164 1536 315
f 1149 68 98
f 600 821 982
f 1727 389 2140
f 665 1301 725
f 488 665 725
f 990 613 1805
f 586 556 1212
f 750 1648 79
f 1878 1953 1897
f 972 607 865
f 1630 1628 1836
f 1538 1689 1938
f 1937 1927 612
f 1580 341 210
f 1649 652 182
f 1841 2147 185
f 2105 1616 2004
f 223 2026 1300
f 210 1937 612
f 1620 427 751
f 2067 1909 1974
f 1713 1934 1820
f 1873 2051 545
f 1735 1982 187
f 554 219 1777
f 1664 1150 384
f 1286 825 369
f 1593 1558 2083
f 653 935 300
f 1593 2083 1749
f 220 1436 2045
f 210 341 253
f 1120 493 181
f 1575 584 969
f 1574 1620 1779
f 429 1355 1036
f 653 655 71
f 726 2090 1416
f 1105 1227 930
f 1629 494 1671
f 879 832 1334
f 544 710 331
f 1093 243 993
f 1491 923 1366
f 545 1044 1873
f 703 1058 51
f 1061 108 1066
f 441 1864 1521
f 1534 1638 1868
f 2147 2040 1926
f 1543 1991 1547
f 1770 676 766
f 2027 1403 30
f 1280 69 927
f 1935 1645 76
f 2143 1843 1456
f 2047 1446 1251

