# https://github.com/mikedh/trimesh
v -0.27865586 0.17530972 0.20710725
v -0.28957844 0.16689301 0.19571032
v -0.26468524 0.04430501 0.17317283
v -0.29555774 0.16722609 0.19413550
v -0.18054087 0.18428832 0.07941715
v -0.29786849 0.17975113 0.18546826
v -0.29077363 0.17671013 0.19132188
v -0.28641674 0.17779151 0.20247374
v -0.17242549 0.18809862 0.07955494
v 0.22857088 -0.16890937 -0.15856825
v 0.22581013 -0.18674526 -0.15022713
v 0.25278926 -0.18083525 -0.12198725
v 0.22276425 -0.19095600 -0.14084426
v -0.27349249 0.05031856 0.16176732
v -0.27116510 0.03206556 0.15838069
v 0.24350913 -0.17004301 -0.12450712
v -0.26765966 0.03289039 0.16529936
v 0.21961975 -0.18184200 -0.13743825
v -0.27451545 0.03507502 0.13812195
v -0.26487350 0.17671651 0.21363200
v 0.22590557 -0.18454781 -0.12171513
v 0.25682595 -0.16994689 -0.09469241
v 0.21595874 -0.18139100 -0.12108150
v -0.27675939 0.05382524 0.12601751
v -0.28855351 0.15960149 -0.04851200
v -0.07208859 0.16841362 0.23396291
v -0.14995803 0.18861297 0.08011988
v -0.29341444 0.15566894 -0.06062125
v -0.27958262 0.16383719 0.20498057
v -0.29109707 0.15843481 -0.06735557
v -0.29579574 0.15124218 -0.06926719
v -0.02843737 0.16714787 0.22316612
v -0.27308819 0.00197425 0.14922731
v -0.30103645 0.14554206 -0.07003717
v -0.26893464 0.00310144 0.14959182
v -0.27632540 0.02883013 0.10655638
v -0.28769439 0.14203784 -0.07189475
v 0.00353781 0.17548244 0.22764157
v -0.27495617 0.01897417 0.09596792
v -0.27354389 0.01108981 0.09310678
v -0.26189917 -0.03401781 0.16302082
v 0.07645814 -0.17026867 -0.17411222
v -0.31173137 0.16191749 -0.14991000
v 0.03463575 0.16824400 0.23438631
v 0.03508950 0.17193849 0.23014450
v -0.05744842 0.18937625 0.08250733
v 0.04122975 0.16840975 0.22455525
v 0.29694226 0.15122661 -0.11140095
v -0.29710710 0.15981372 -0.15936178
v -0.27180123 -0.00363900 0.08814199
v -0.28714651 0.16636762 -0.15872912
v -0.28460419 0.17159863 -0.15608568
v 0.04320256 0.16791907 0.22712597
v -0.29634261 0.16539019 -0.16744106
v -0.28621250 0.18516837 0.19382837
v 0.07093169 0.17717537 0.22287343
v -0.28073901 0.15381500 -0.16612400
v -0.02753353 0.18932387 0.08271191
v -0.28521726 0.16421565 -0.16798325
v 0.08010400 0.17870650 0.22547550
v 0.07303294 0.16873482 0.23410225
v -0.30594113 0.17542556 0.15557119
v -0.30917919 0.17242107 0.14672312
v -0.02910626 0.18693681 0.08453918
v -0.30653501 0.17081769 0.15607232
v -0.27853861 0.16795984 -0.18538748
v -0.27527624 0.17255150 -0.20654537
v -0.15355475 0.18584375 -0.06588456
v 0.02613575 -0.16701825 -0.17315949
v 0.02918339 -0.16788518 -0.16155203
v -0.28520894 0.11042905 -0.13808659
v 0.25479236 -0.16699877 0.10362578
v -0.27398151 0.14917950 -0.17988899
v -0.30606031 0.17271493 0.14748213
v -0.15859942 0.18890034 -0.07257245
v 0.02879178 -0.16731028 -0.14944422
v 0.02914800 -0.16960500 -0.13127100
v 0.24504000 -0.17042975 0.12647900
v 0.01212563 0.18699400 0.07044338
v 0.14933275 0.18889813 0.22583987
v -0.26705161 0.04868175 0.16834694
v 0.23301625 -0.17916937 0.12721375
v 0.10347339 0.16737996 0.23241004
v -0.10485767 0.19115058 -0.07442206
v 0.03103100 -0.16505200 -0.12835249
v -0.24750668 0.16237922 -0.22428574
v -0.08393550 0.17009149 0.22925350
v 0.22340119 -0.18119454 0.13037091
v 0.16069978 0.19162326 0.22664066
v -0.21075438 -0.18450913 -0.16832151
v 0.04269280 0.18779220 0.08479247
v -0.24234413 0.17090850 -0.22263238
v 0.06110156 0.19123630 0.08430408
v 0.24490499 -0.17419350 -0.16362099
v -0.19460863 0.18228112 0.07988615
v -0.25216126 -0.14119494 0.16674162
v -0.28198189 0.06753994 -0.14055045
v 0.23281913 -0.18329537 0.15391062
v -0.23682219 0.16696098 0.22181383
v -0.25016361 -0.15278375 0.16454375
v 0.24961799 -0.17716751 0.16440050
v 0.21012799 -0.17721750 0.13169651
v 0.23694675 -0.16239700 0.12874675
v 0.22755575 -0.17155080 0.13100222
v -0.23630928 0.17508134 0.21980298
v 0.05354787 0.18737075 0.06397513
v 0.22123837 -0.16541925 0.13301787
v -0.22624296 0.16215031 -0.22712186
v 0.16459168 0.17156819 0.22387125
v 0.04529408 -0.16368902 -0.07779497
v 0.04704375 -0.16566432 -0.07721087
v 0.23444749 -0.16745925 0.15870300
v -0.05975359 0.18516529 -0.07090681
v 0.06578047 0.19279200 0.07220191
v -0.30845001 0.16639331 0.13645889
v 0.23198622 -0.17602319 0.16874741
v 0.23255628 -0.16866015 0.16110037
v -0.26832274 0.18304569 0.21683143
v 0.07485725 0.18976188 0.07142500
v 0.18675306 0.16510075 0.22419344
v 0.19597048 0.16823766 0.23000053
v 0.19403256 0.17169949 0.22566006
v 0.23310950 -0.17686325 0.17682675
v 0.20125949 0.18065199 0.22444326
v 0.28121668 0.11179218 -0.14218646
v 0.27968714 0.10165269 -0.12960362
v 0.21300775 -0.17759684 0.16352975
v 0.23235901 -0.16236700 0.17040201
v 0.22530600 -0.16356599 0.16531201
v -0.19936875 0.13637300 -0.20367225
v -0.24077688 -0.18073562 0.15373094
v 0.23044237 -0.16707613 0.17403887
v -0.30718628 0.16399921 0.10769262
v 0.29869050 0.16719849 -0.17419350
v -0.23585600 -0.18753275 0.16292900
v -0.23658200 -0.18197225 0.17285749
v -0.31308281 0.16440968 0.10373063
v 0.28211856 0.09764931 -0.10653919
v -0.22784972 -0.18263926 0.16087800
v 0.28203350 0.10130970 -0.09666678
v 0.18954401 0.14456862 0.20673238
v -0.24916212 -0.18291201 0.12707950
v -0.20014875 -0.17348263 0.17378668
v 0.21373807 -0.16322669 0.17232551
v -0.19194269 -0.17584904 0.17641018
v -0.15441874 0.16405213 -0.23066978
v -0.19969544 0.11089157 -0.20191075
v 0.30811512 0.16675237 -0.14440638
v -0.25644499 -0.17100750 0.07745050
v 0.28528121 0.11569618 -0.10428637
v -0.14929543 0.14167684 -0.20566277
v -0.22789575 -0.18223394 0.12646331
v -0.21551643 -0.18246162 0.14419031
v -0.26777869 -0.09025345 -0.02243791
v -0.22002825 -0.19197550 0.14306000
v -0.22364065 -0.18961929 0.13718162
v -0.14149870 0.16437180 -0.23234326
v 0.29109731 0.17769012 -0.16655663
v 0.26301438 0.17026238 0.21942274
v 0.24909700 0.17268918 0.22145049
v 0.27977061 0.19361863 0.18890850
v 0.29309464 0.15993212 -0.13539176
v 0.29476562 0.15716951 -0.12515837
v 0.20710573 0.18673287 0.13633700
v 0.20783387 0.18734060 0.13179801
v -0.29072484 0.16359419 0.02302206
v 0.17343250 0.18779084 0.08772247
v -0.14598726 -0.16797350 0.17950012
v 0.28695282 0.16157775 -0.13593519
v 0.28896514 0.15627763 -0.13037924
v 0.27996063 0.08439671 -0.04434750
v -0.26558807 -0.13004223 -0.00839734
v -0.25582466 -0.17184499 0.04846073
v -0.10241856 0.17023903 -0.22440159
v 0.27193746 0.02682313 0.11831640
v 0.27439949 0.01885737 0.05015875
v 0.29092044 0.16024488 -0.12471788
v 0.28686494 0.16356747 -0.12384853
v -0.19169493 0.16718625 0.23065893
v -0.27588856 0.08446894 0.16242306
v -0.28753826 0.14019075 0.06675900
v 0.20569341 0.18872122 0.08757347
v 0.28945795 0.15191001 -0.10549413
v 0.29173717 0.14691328 -0.10173825
v -0.09530103 0.16901812 -0.23247884
v -0.26290256 -0.14438009 -0.03119447
v -0.26113403 -0.14127162 -0.02670472
v -0.27507526 0.18743975 0.20092250
v 0.28527915 0.10909575 -0.06395730
v 0.20480625 0.19281936 0.08650066
v 0.15516128 -0.16562687 0.17863986
v -0.25373000 -0.16852775 -0.00124625
v 0.20269300 0.14661001 -0.20478800
v 0.20093422 0.16730025 -0.22179829
v 0.19594456 0.15884832 -0.21844999
v 0.19346450 0.16793050 -0.21523300
v 0.28835562 0.14836906 -0.09162506
v 0.27213350 0.04106600 0.03117800
v 0.23383100 -0.10877600 0.18147600
v 0.23542428 -0.11317085 0.18400276
v 0.23438121 -0.10446816 0.18507256
v 0.21675934 0.18910214 0.07162173
v -0.06609634 0.16382310 -0.23318358
v -0.06427450 0.16732731 -0.23040356
v 0.29086393 0.17229331 0.17545387
v 0.29932538 0.16773288 -0.10166038
v 0.29795808 0.16906038 0.19184326
v -0.17285919 0.17077719 0.22141238
v 0.30109701 0.17743000 -0.11008862
v 0.27252764 0.02031975 0.07169150
v 0.23232238 0.19180794 0.07778244
v -0.25970462 -0.14215219 -0.06291025
v 0.30368608 0.15376827 -0.06102069
v 0.30085319 0.15422969 -0.06989450
v 0.28959450 0.17538451 0.15616500
v 0.28096539 0.17729622 0.16222832
v -0.14173712 0.16741419 0.23209444
v 0.10253166 0.18945763 -0.07334953
v -0.04381950 0.16699225 -0.22149332
v 0.29775414 0.16885531 0.16529444
v -0.23348081 -0.17035125 -0.00005275
v -0.19611025 0.16066051 0.21737000
v -0.06562468 -0.16790999 0.18073519
v 0.31248999 0.16692825 -0.06369262
v 0.30736488 0.16688694 -0.06880294
v 0.30702531 0.17906281 0.15393214
v 0.23552953 -0.08936112 0.18514587
v 0.22534950 -0.09952650 0.18243600
v -0.04306300 0.16303283 -0.23381212
v 0.27452636 0.04849750 0.04842594
v 0.27504992 0.05857469 0.03771774
v -0.21498300 -0.16608100 0.00283800
v -0.23075312 -0.17040609 -0.02853792
v -0.24020393 -0.16751687 -0.03089719
v -0.20357938 -0.16263962 0.00132338
v 0.27289155 0.04895069 0.04966813
v 0.29685038 0.17568600 0.15335093
v 0.30261832 0.16867003 0.13545503
v 0.30298394 0.17151950 0.15846346
v -0.13071565 -0.13266744 -0.17631274
v 0.28818312 0.16418625 -0.07761987
v 0.31340444 0.17944679 0.14646231
v -0.08379855 -0.10268730 -0.17837611
v -0.00600250 0.17139301 -0.22304800
v -0.01421275 0.17319074 -0.22031675
v 0.17640738 0.16670126 -0.20700049
v -0.21278262 -0.16628487 -0.02651250
v -0.00097369 0.16840118 -0.22111012
v -0.00844167 0.15962371 -0.22622553
v -0.00515562 0.16108188 -0.22330950
v -0.14608750 0.17761250 0.22342899
v -0.23190980 -0.07540701 -0.18243892
v 0.30542135 0.17245400 0.12688275
v 0.31011215 0.17019325 0.11456150
v 0.00479631 0.16344181 -0.23408069
v -0.19177693 -0.16442662 -0.02525369
v -0.15770838 -0.13485400 -0.17776075
v 0.01282573 0.16760908 -0.23078603
v 0.00672331 -0.16731593 0.18091668
v 0.28843701 0.18054400 0.07645550
v -0.23441125 -0.10303550 -0.18113700
v -0.13909049 -0.16538943 0.01099262
v 0.01843587 0.16353638 -0.23311388
v 0.24444351 0.02869087 0.19566201
v 0.05011588 -0.16659901 0.11896013
v 0.28525001 0.15440100 0.07088500
v 0.28833514 0.15289310 0.07225728
v -0.22675031 -0.18495810 -0.16273713
v 0.28612649 0.13727811 0.00573027
v 0.10082986 0.18748184 -0.19468540
v 0.22700050 0.00038512 0.19121212
v -0.20561925 -0.17059875 -0.16045325
v -0.23474735 -0.11635081 -0.17861384
v 0.24259651 0.01196600 0.18886501
v 0.05907194 0.16786550 -0.23044394
v 0.28860950 0.14567788 0.06882387
v 0.12474015 0.17499381 -0.21861531
v 0.19925974 0.14499350 -0.20883250
v 0.27002120 0.02489219 0.15500416
v -0.22357149 -0.19044501 -0.14659950
v -0.20926394 -0.18395181 -0.14151447
v -0.21262100 -0.18453500 -0.14055251
v -0.22248384 -0.18863378 -0.13064191
v -0.16581762 0.16544640 0.22361347
v -0.22241899 -0.17767701 -0.12495400
v -0.23475935 -0.18877512 -0.15042244
v -0.21778093 -0.17554124 -0.12395891
v 0.28469124 0.13636050 0.03052850
v 0.13113448 0.18733913 -0.19813329
v -0.24151100 -0.18405788 -0.14432199
v 0.28697303 0.14088851 0.04078317
v -0.17319272 -0.10589606 -0.18069704
v -0.24667150 -0.18695125 -0.14910050
v -0.23673250 -0.17786887 -0.15950850
v -0.23203206 -0.18733744 -0.13341856
v -0.15192457 -0.09108438 -0.17745425
v 0.08444022 -0.16284950 0.17984003
v -0.23231700 -0.18639444 -0.16659722
v -0.22516425 -0.18553312 -0.12122662
v -0.30433404 0.15503147 0.07085588
v 0.28511700 0.14791675 0.05157550
v 0.04486641 -0.16341935 0.13063237
v 0.28715301 0.14187644 0.00124081
v -0.20829400 -0.16751100 -0.12216100
v 0.06822252 -0.16373180 0.15662117
v -0.24142988 -0.18533832 -0.13504413
v -0.24329594 -0.17601088 -0.12717643
v 0.05151105 0.16376910 -0.23350701
v 0.31252444 0.17884037 0.03557106
v 0.12832381 0.16473900 -0.23259719
v 0.26207086 0.02837925 0.17462900
v 0.25415543 0.02892803 0.18384077
v -0.12497962 -0.16500838 -0.01153025
v -0.20293672 -0.18092428 -0.15988612
v -0.20312819 -0.18582626 -0.16713700
v -0.13711137 -0.16276805 -0.01516927
v -0.30960524 0.15390176 0.05651250
v 0.23637000 -0.07852916 0.18456456
v 0.02254312 0.15947588 -0.22542313
v -0.16864675 -0.16867325 -0.17040700
v 0.27564800 0.04161825 0.06778675
v 0.29219723 0.16952097 -0.07014659
v 0.01548900 -0.16332950 0.17946850
v 0.18460874 0.16506250 -0.20872524
v 0.18597987 0.17116438 -0.21693450
v 0.18423650 0.17571600 -0.22001350
v 0.03964934 0.16797209 -0.23063785
v 0.30128801 0.15208794 -0.06561819
v 0.15984750 0.14217082 -0.21995294
v 0.30283326 0.16696949 0.08906500
v 0.30021700 0.16899399 0.08782925
v 0.29243168 0.14460944 -0.06667087
v 0.29492381 0.16453844 -0.09735844
v -0.28285176 0.17247675 0.21008387
v -0.13359447 -0.16232678 0.00814000
v 0.30409151 0.14600725 -0.06550250
v 0.27376309 0.03735035 0.04103887
v 0.18973053 0.16309306 -0.21985234
v -0.29312950 0.17550600 0.06603150
v -0.19241087 0.14965762 0.21535724
v -0.00625906 -0.16372538 0.17941107
v 0.28013027 0.07734679 -0.02834986
v -0.11020900 -0.17136550 -0.17510401
v -0.19402400 0.14117225 0.21756400
v -0.30584830 0.16479681 0.08066144
v 0.19124350 -0.17004725 0.17738350
v 0.29936963 0.17600606 -0.14645919
v -0.19581077 -0.16747305 -0.02495413
v -0.25538471 -0.14201981 -0.12844878
v 0.28112149 0.09584507 -0.07499294
v -0.25707525 -0.14335500 -0.11847150
v 0.29969633 0.17931500 0.10553750
v -0.18575925 -0.16221251 0.00519950
v 0.20902807 0.16378488 -0.22809932
v -0.01364525 0.16689394 -0.23009768
v 0.27931568 0.17632918 -0.19623844
v 0.28612551 0.17713851 -0.18780600
v 0.28436151 0.10629000 -0.10848750
v -0.03661184 -0.12465218 -0.17967069
v 0.27792725 0.16953000 -0.20244925
v 0.21413106 -0.17744374 0.17576213
v 0.27991563 0.10158400 -0.11854850
v 0.27838963 0.16585587 -0.20864324
v -0.03945375 -0.16643700 0.18237101
v 0.21371600 -0.17578013 0.15131600
v 0.29740676 0.16476469 -0.18889962
v 0.25743100 -0.12006250 0.15630250
v 0.28042001 0.19307099 0.08417400
v 0.27173775 0.18849525 0.08413531
v 0.13845700 0.18853700 -0.07181800
v 0.21253350 -0.17292400 0.14238726
v 0.21221143 -0.17256175 0.13124651
v -0.19580087 0.14719382 0.21813938
v 0.22499210 -0.18273807 0.16254137
v 0.03511000 -0.16735044 -0.07649779
v 0.31177855 0.17707600 0.15367137
v 0.21783701 -0.17706800 0.15086837
v 0.21706288 -0.17030112 0.14706850
v -0.02934919 0.16701391 -0.23258741
v -0.19516088 0.14508712 0.20542450
v 0.25929800 0.18621349 0.09046850
v 0.23637244 -0.17679331 0.15732256
v 0.00636422 -0.13965185 -0.17748670
v -0.01623683 -0.17068663 -0.17555527
v 0.25061268 -0.17912887 0.14757219
v 0.24228425 -0.17740443 0.13962924
v -0.03277106 0.17140363 -0.22274093
v -0.25998765 -0.14364263 -0.07114935
v -0.25377500 -0.16869976 -0.03355825
v 0.27140960 0.02407081 -0.10969257
v -0.04335828 0.16770668 -0.23052466
v 0.29833776 0.16796625 0.18668325
v 0.30092099 0.16737050 0.17461118
v 0.02637100 -0.17310637 -0.17192875
v 0.28491753 0.17333622 0.17310053
v -0.30956087 0.15089899 0.06764725
v -0.08550925 -0.16755775 0.18138337
v -0.04847100 0.15992588 -0.22449750
v -0.05455463 0.17110787 -0.22239463
v -0.07505088 0.16575563 -0.23348075
v 0.21218675 0.19238193 0.08441294
v 0.29209149 0.17954899 0.17754149
v 0.25761703 -0.16820137 -0.07257250
v 0.21184713 -0.17912237 -0.12572113
v 0.18830355 -0.16901715 -0.16956708
v 0.26263669 -0.12134463 -0.14612144
v 0.25419468 -0.16633484 -0.10973097
v 0.27350500 0.18078300 0.18241313
v 0.21723062 -0.17597950 -0.14622550
v 0.24479775 -0.18131350 -0.13023475
v -0.28757530 0.15834944 0.20409219
v -0.28946167 0.16583946 0.20280099
v -0.30494076 0.16842850 0.16967262
v -0.30003399 0.16603856 0.18012804
v -0.31432173 0.16353346 0.08155947
v -0.22370794 0.16650490 0.22641794
v 0.18861943 0.18826135 0.07723916
v -0.19304775 0.17270274 0.21544351
v -0.30504563 0.17571713 0.09007712
v -0.30537629 0.17370987 0.10401225
v -0.19331224 0.16068099 0.21894050
v -0.30376521 0.16649212 0.12419445
v -0.29611862 0.14535512 0.06744512
v -0.29354250 0.15712000 0.06242150
v -0.13215894 0.17622012 0.22313325
v -0.28932244 0.15573637 0.06172787
v 0.17706539 0.19212614 0.08504545
v -0.13719629 0.16422588 0.22549345
v 0.19182731 0.18827325 0.08929250
v -0.22861341 0.18501399 0.07691128
v -0.12032600 0.16071543 -0.22412619
v -0.27956566 0.07344760 0.13629106
v 0.26778299 0.16693012 0.20937274
v 0.30059674 0.17417926 -0.13251075
v 0.25149256 0.19255263 0.16328937
v -0.12465366 0.16554509 -0.22964765
v -0.25374761 -0.16805775 0.06249569
v -0.29153845 0.16345897 -0.01533625
v -0.13766250 0.16748725 0.22211938
v -0.15242949 -0.16774240 0.17744885
v -0.11470350 0.16570075 0.22171088
v -0.12205197 0.17377169 0.22051916
v -0.16524121 0.18539056 0.08192425
v -0.16194303 0.18765400 0.07960256
v -0.13164268 0.16545153 -0.23249999
v -0.05507512 0.16731578 0.23325975
v -0.22052100 -0.18540575 0.12775525
v -0.14760651 0.18554513 0.08216975
v -0.20541400 -0.17514300 0.13782500
v -0.13980150 0.16431850 -0.22313800
v -0.16239063 0.16057627 -0.22520083
v -0.02683894 0.17110994 0.22984888
v -0.11526192 0.18909670 0.08134560
v -0.12451267 0.18595719 0.08492491
v -0.23376399 -0.18447874 0.13834450
v -0.23834150 -0.18589975 0.13603701
v -0.00026981 0.16981526 0.23077066
v 0.00403966 0.17245774 0.23251870
v 0.19385718 0.16004820 0.20585820
v -0.20322825 -0.18039174 0.17581500
v -0.29808602 0.17164682 -0.11321916
v -0.16910993 0.13772431 -0.20535076
v -0.24214301 -0.18019000 0.14009599
v -0.24667956 -0.18427056 0.13529806
v -0.17573285 0.16313078 -0.23209451
v -0.10070394 0.18240382 0.07750075
v 0.19312200 0.14548700 0.21701500
v 0.02203525 0.16990800 0.22659375
v -0.19622600 0.18498100 -0.07199650
v -0.29304951 0.16043888 -0.15262100
v -0.22517137 0.17719850 0.21848637
v -0.19069278 0.18762624 -0.07135160
v -0.05505749 0.18703301 0.08468159
v -0.27198887 -0.00484538 0.07996287
v 0.18837562 0.16491243 0.20769356
v -0.22786388 -0.18175988 0.17324474
v -0.23532957 -0.16777731 0.15483263
v -0.27264631 -0.00247081 0.06685134
v 0.23422100 0.18693300 0.22698601
v 0.06614125 0.16814041 0.22734803
v -0.29073301 0.16590761 -0.18219489
v -0.28714535 0.12839344 -0.13674958
v 0.07684538 0.16886325 0.22529046
v 0.10598956 0.17881569 0.22564228
v -0.04025669 0.18772560 -0.07607000
v -0.19826044 0.13917699 -0.20588756
v -0.25530013 -0.10091788 0.16697788
v -0.04026431 0.18545559 -0.07532416
v 0.00449813 0.18753375 0.08556637
v -0.30936038 0.17763850 0.14563012
v -0.12136337 0.18868443 -0.07280228
v -0.28934699 0.10331550 -0.13750049
v 0.07296550 0.18782075 0.06604025
v 0.06154500 0.18887700 0.06165400
v -0.22426474 0.13694565 -0.20312801
v -0.24781482 0.17259425 -0.22011113
v 0.16559075 0.18839538 0.22565044
v -0.27580625 0.04939016 -0.09726719
v -0.19838250 0.17278901 -0.20809250
v -0.27838618 0.04744757 -0.14195366
v 0.04302681 0.19291632 0.07134631
v -0.26918402 -0.07166503 0.04136114
v -0.24768537 0.16344656 -0.22758856
v 0.04574625 0.18863587 0.06776844
v 0.19174987 0.18732789 0.22768816
v -0.27090555 0.16816944 0.21193531
v 0.16960150 0.18074401 0.21849850
v -0.27442336 0.05626988 -0.13983962
v 0.06291232 0.18753543 0.08654162
v 0.08306100 0.18748075 0.08675850
v 0.08299331 0.19075990 0.08508947
v 0.03393825 0.18741626 0.06801475
v -0.19615625 0.16803876 -0.22531925
v 0.19405450 0.18031025 0.22395650
v -0.07561044 0.19019675 -0.07566894
v 0.08959525 0.18404756 0.08487906
v -0.23092425 0.16557676 -0.22476800
v -0.19067025 0.15505463 -0.21025468
v -0.18885051 0.14630900 -0.20577949
v 0.10360324 0.19212954 0.08457346
v 0.15527169 0.16791528 0.23068900
v 0.18330750 0.16385281 0.21905288
v 0.02667481 0.18732044 0.08592463
v -0.28354394 0.08061878 -0.13886274
v -0.28463364 0.07892425 -0.13780481
v -0.26561916 -0.10046984 0.02138847
v -0.09247725 0.18896675 -0.07474335
v 0.02113647 0.18983796 0.08416431
v 0.13653059 0.18726282 0.08732940
v -0.29821524 0.16267057 0.19015519
v -0.21476337 -0.17381306 0.13661957
v -0.27661049 0.16768925 0.21469088
v -0.21199125 -0.18181226 0.16371287
v -0.27985799 0.10597550 -0.13828225
v -0.28228468 0.09014475 -0.13810185
v -0.29086620 0.09547628 -0.13515259
v -0.23202024 -0.19226025 0.13786475
v -0.16607863 -0.16876157 0.17865437
v -0.28325632 0.16336288 -0.20129369
v -0.26885438 -0.05435375 0.07008088
v 0.13854006 0.19182289 0.08705942
v 0.27176735 0.18764363 0.21290803
v 0.15512100 0.18667249 0.08706300
v -0.00843437 0.18692601 0.08400406
v 0.23094088 -0.18564363 -0.15627481
v -0.00563123 0.18962175 0.08299787
v -0.29155001 0.17511800 -0.20534000
v 0.21329831 0.19134694 0.07686412
v 0.07103700 0.17227875 0.22983424
v -0.28765774 0.13951312 -0.13253701
v -0.28458461 0.13716479 -0.11890500
v -0.26283517 -0.14492372 -0.05178297
v -0.10437907 0.16048400 -0.22772563
v -0.23545100 -0.16683200 0.00105700
v 0.05751038 0.17777960 0.22512691
v 0.21213999 -0.17168500 -0.16770700
v -0.04227756 0.16011541 -0.22747931
v 0.12044394 0.18796806 -0.07310231
v 0.30876938 0.18084590 0.12962303
v -0.08754309 0.18624941 0.08569872
v -0.09826750 0.18562338 0.08293675
v -0.09595650 0.18305300 0.08625550
v -0.27369156 0.01949661 0.13176468
v 0.23595394 0.04431831 0.19448368
v 0.28550231 0.15774168 -0.11433119
v -0.25863236 -0.14410725 -0.12930687
v -0.31135350 0.17133637 -0.13406751
v -0.27116010 -0.00242963 0.14381440
v 0.26987863 0.02386981 0.10844906
v 0.29928476 0.17981450 0.08841475
v 0.25412500 -0.18108700 -0.14706700
v -0.28877974 0.14592837 -0.06615300
v -0.25130749 -0.16976950 -0.10255050
v -0.29447761 0.14328100 -0.06793088
v -0.26897424 -0.00306381 0.15842712
v -0.25041476 -0.17384624 -0.09878275
v -0.31336251 0.16203851 -0.11083812
v -0.30635700 0.14238399 -0.06921600
v -0.00985451 0.16807444 0.23416895
v -0.31308064 0.16070162 -0.08650012
v -0.26955983 0.01515430 0.16031633
v -0.22912157 -0.13602550 -0.17505525
v -0.27408201 0.04688444 0.12235075
v 0.30481601 0.14709800 0.06767500
v -0.05594775 0.16950215 0.22979641
v -0.23294188 -0.18408325 -0.12588225
v -0.19834299 0.18500675 0.07877150
v -0.18073601 0.18120401 0.07680600
v 0.07854322 0.16395216 -0.23354435
v -0.27659106 0.05099872 0.14500375
v -0.29403374 0.16386212 0.00615312
v -0.21401276 -0.18614300 -0.12190575
v -0.26959261 0.04596147 0.16001068
v -0.27005145 0.05324388 0.16406125
v -0.27603358 0.05723434 0.14802937
v 0.04309050 -0.16359299 0.13974200
v 0.09465513 -0.16565867 0.18036988
v -0.21854088 -0.18912038 -0.15738937
v -0.29481250 0.16079225 0.03009900
v 0.29061463 0.14228888 -0.07770781
v 0.23798300 -0.04926650 0.18492199
v -0.21071519 -0.17684644 -0.16021988
v 0.05081600 -0.16170150 0.11949500
v -0.11468650 0.17712012 0.22315413
v 0.27498686 0.06663525 -0.00409619
v 0.14501275 0.17483801 -0.22095275
v -0.15195462 0.17172550 0.22041562
v -0.15259226 0.17730750 0.21676449
v -0.30860022 0.15606925 0.06466078
v -0.16509674 0.17451838 0.21952675
v 0.12075942 -0.16619377 0.17946483
v 0.28530344 0.12842181 -0.02206925
v 0.28517866 0.13672690 -0.03221085
v 0.17343633 0.16308150 -0.23013709
v 0.25956389 -0.16779253 0.00077075
v -0.27290556 0.03918331 0.15402438
v -0.18761900 0.17607100 0.20708500
v -0.17582875 0.16659747 0.22925273
v -0.19903463 0.17762412 0.20850587
v 0.25902298 -0.16761003 0.02921559
v 0.29469201 0.16266374 -0.07738388
v 0.29603824 0.15761800 -0.07217069
v -0.20440350 0.17015119 0.22148868
v 0.26111788 -0.16646500 0.02577475
v -0.22374107 0.16829006 0.22239681
v -0.21609090 0.16707732 0.22906990
v 0.16125156 0.14778525 -0.21614444
v 0.16927600 0.15065426 -0.21116249
v -0.30585960 0.16395050 0.13578007
v 0.17574351 0.15221225 -0.21005701
v 0.18505281 0.15648219 -0.21375906
v -0.07315218 0.17784253 0.21652848
v -0.30505133 0.16488525 0.15114760
v -0.30487040 0.17913815 0.16743222
v -0.27387816 0.04299625 0.14675264
v 0.23587500 -0.18074501 -0.16812100
v 0.23533513 -0.18500763 -0.14640699
v 0.29128119 0.16542181 -0.11606475
v 0.28549349 0.17078049 -0.11953600
v 0.21401624 -0.18130974 -0.16657625
v 0.17901681 -0.16563766 0.17847471
v 0.18028325 -0.16928124 -0.17193376
v 0.17198315 -0.16912331 -0.17083552
v 0.20351450 -0.16239175 0.17464325
v 0.14506960 -0.17010696 -0.17225082
v 0.25913602 -0.16826227 -0.04463244
v 0.26127201 -0.16681799 -0.01873250
v 0.20786478 0.17532331 -0.22099222
v 0.11854500 -0.16966151 -0.17408550
v 0.28254715 0.09864534 -0.08621270
v 0.22100922 0.16604431 -0.22995119
v 0.25813457 -0.16343556 -0.00103837
v 0.10134125 -0.17050087 -0.17344868
v 0.21891588 -0.16735075 0.16209938
v 0.29121301 0.18335600 -0.19418000
v 0.21320662 -0.17011476 0.16457163
v 0.22062340 -0.17770071 0.15920547
v 0.23539700 -0.17926763 0.16247874
v -0.30600700 0.17384525 -0.07891075
v 0.03101581 -0.16635212 -0.11190525
v 0.07699916 -0.16642034 -0.17286125
v 0.21954975 -0.18012474 0.12696238
v 0.05385600 -0.17194200 -0.17329200
v -0.31451920 0.16176800 -0.07513137
v 0.27420759 0.04377264 -0.13126217
v 0.01946812 -0.17049319 -0.17602131
v 0.27047443 0.01630650 -0.13952126
v 0.22285961 -0.16330875 0.05569838
v 0.02756275 -0.17273419 -0.15451357
v 0.00490881 -0.17018706 -0.17500640
v -0.30483201 0.16469701 -0.07903900
v 0.27069074 0.01922350 -0.11937225
v 0.25178275 -0.17785181 0.11798938
v 0.24413832 -0.17833439 0.12992638
v 0.26104251 -0.13887200 -0.14496399
v -0.27404484 0.01753328 0.15304226
v 0.22665951 -0.18643899 -0.13025200
v 0.23421800 -0.17304350 -0.16056626
v -0.30126590 0.17414460 -0.08463559
v 0.23314901 -0.18032287 -0.16195637
v 0.24795200 -0.18201400 -0.14039750
v -0.30966324 0.16270100 -0.10097625
v -0.26395074 0.16713700 0.22134724
v -0.28759405 0.16164975 0.19834282
v -0.30773199 0.16760187 0.14879613
v 0.25353625 -0.17835750 0.13241738
v 0.24520326 -0.17477900 0.14706025
v 0.24336669 -0.17346713 0.13264510
v -0.19846286 0.16532090 0.22512542
v -0.20299463 0.17676763 0.21940900
v 0.23324375 -0.18272562 0.14032400
v 0.22452213 -0.18173188 0.13851875
v -0.14342730 0.16789027 0.22847006
v -0.20381702 0.13931136 0.20336606
v -0.04338211 -0.17149509 -0.17515726
v -0.31323138 0.14814113 0.05695350
v -0.30425388 0.15421943 0.05748763
v 0.24647163 -0.17799087 0.16182312
v -0.29532725 0.15828174 0.04798337
v 0.21423300 -0.17737649 0.13108750
v -0.11050275 0.17649688 0.21688831
v -0.27666867 0.07171907 0.15342529
v -0.06351668 -0.17110582 -0.17534168
v 0.21052100 -0.17797700 0.14097100
v 0.21166199 -0.16098000 0.12939775
v -0.04207650 0.16886288 0.23087950
v -0.26593620 0.02260309 0.16877124
v -0.01382034 0.16517791 0.22572803
v 0.21504350 -0.17819449 0.16525325
v 0.25111976 -0.16327751 0.12171163
v 0.26100469 0.16663113 -0.22216456
v 0.25389513 0.16524881 -0.22200437
v -0.08889689 -0.17108436 -0.17421338
v 0.01713500 0.16749400 0.22416900
v 0.03559850 0.17596975 0.22548001
v -0.21243806 0.18532759 -0.07032472
v 0.28031021 0.09521544 -0.09687094
v 0.28439531 0.15042317 -0.15547460
v -0.31045812 0.16201675 -0.15912551
v -0.08906362 0.18214512 0.07202575
v 0.29534355 0.17237641 -0.16896601
v 0.28411746 0.09178647 -0.07169866
v -0.04325937 0.18628000 0.08258338
v 0.25539437 0.17239182 -0.21609275
v -0.28578448 0.17003162 -0.18001406
v -0.17557599 0.18492521 -0.06656211
v 0.30937150 0.16686726 -0.12891437
v 0.28036004 0.09170830 -0.06279477
v 0.07953925 0.16886550 0.22850426
v 0.26284495 0.17677693 -0.19475649
v 0.00496981 0.16980501 0.22344369
v -0.13327363 0.18607232 -0.06572931
v -0.31225893 0.16158238 -0.13447531
v -0.13567927 0.19064835 -0.07345997
v -0.25243127 -0.11679283 0.16684608
v 0.29707807 0.17793287 -0.13659169
v -0.28653276 0.07942607 -0.13879475
v -0.13753200 -0.16842949 -0.17167825
v 0.27786794 0.06711525 -0.00236544
v -0.14290187 -0.17196794 -0.17344007
v 0.19149093 0.15075518 -0.21927838
v -0.07848850 0.18434951 -0.06946200
v 0.27295151 0.02116412 0.05920612
v 0.28983736 0.14563787 -0.08029663
v 0.19507113 0.17504543 -0.22030987
v -0.30006963 0.15980475 -0.12133537
v 0.16895838 0.14592600 -0.20917450
v 0.15454026 0.14349625 -0.22375175
v -0.16385892 -0.17188522 -0.17288822
v 0.18453850 0.15508676 -0.20623125
v -0.20578746 0.16303068 -0.23122273
v 0.23145063 -0.18101768 0.16513368
v 0.16387287 0.14788425 -0.20986131
v 0.27413800 0.01971200 0.08245400
v 0.30020925 0.14980531 -0.05774000
v -0.18614450 0.17127500 -0.22399800
v -0.18655725 0.17293100 -0.22100601
v 0.01255137 0.17082913 0.23008387
v -0.22435200 -0.17547950 0.17256725
v 0.30318600 0.17790000 -0.06895800
v 0.15955769 0.16309381 -0.22725894
v 0.16412237 0.17507058 -0.21839578
v -0.18732224 0.14136513 -0.20965400
v -0.16595741 0.16264123 -0.22869669
v -0.21749525 -0.18576574 0.16238075
v 0.12813146 0.19043295 0.08530317
v -0.20723738 -0.18190876 0.16815263
v -0.01082988 -0.13956501 -0.17933515
v -0.28848219 0.18812856 0.17174113
v 0.27259651 0.03926269 0.09008269
v 0.27387530 0.02257783 0.09477162
v -0.02359806 -0.13993300 -0.17667690
v -0.20689163 -0.18091488 0.13789387
v -0.21134000 -0.18026599 0.12740800
v 0.13290419 0.16259293 -0.22855112
v 0.12882100 0.16542000 -0.22199500
v -0.21416031 -0.18685806 -0.14998232
v -0.08713815 0.16154662 -0.22372988
v -0.25629699 0.18223600 0.22191501
v -0.26442751 -0.14487088 -0.02123325
v -0.07433625 0.17170732 -0.22338994
v 0.11678819 0.16265775 -0.22403425
v -0.10303394 -0.16708583 0.17931546
v -0.23325600 -0.18931100 -0.15822101
v 0.22765243 0.18881741 0.08727816
v 0.24081834 0.19343765 0.08534372
v 0.09884347 0.16868044 -0.23035541
v 0.10178360 0.16552356 -0.23267981
v 0.23184706 0.19031174 0.06705406
v -0.25806901 -0.15025045 -0.07541697
v 0.06591250 -0.16832750 0.17862751
v -0.24342275 -0.18528062 -0.16126238
v -0.17325160 0.00773428 -0.18588807
v 0.30700538 0.18183787 0.14700188
v 0.06594475 -0.16339250 0.17912924
v -0.22204356 -0.18345626 -0.12507147
v -0.18118399 -0.16334200 -0.10504500
v -0.23554476 -0.19258650 -0.13355100
v 0.30643466 0.16984025 0.14573225
v 0.28383875 0.16703200 0.12015825
v -0.20560583 -0.04956847 -0.18428466
v 0.03951853 -0.16466537 0.16039468
v 0.07483654 0.16791210 -0.23031248
v -0.22925927 -0.18856753 -0.12244186
v 0.30775836 0.16924068 0.12411544
v -0.23867650 -0.18712425 -0.12458350
v -0.24026500 -0.17811312 -0.11436612
v 0.06618441 0.18774581 -0.20409338
v -0.30333340 0.15880950 -0.15205966
v 0.06351188 0.16051228 -0.22601181
v 0.08302631 0.16646500 -0.22129799
v -0.25032401 -0.18552500 -0.12582700
v 0.29388943 0.16368037 0.07519738
v 0.30484986 0.15491387 0.07873525
v 0.03536725 -0.16325000 0.17817850
v 0.28610301 0.15357600 0.06359100
v -0.25026926 -0.18573150 -0.10989463
v 0.02497300 -0.16656537 0.18261462
v -0.24181551 -0.18465200 -0.11531825
v 0.30338174 0.14967175 0.07044300
v 0.24602599 0.03140600 0.19063400
v 0.27895197 0.11950675 -0.15729962
v 0.31047350 0.16736950 0.08689250
v 0.23223875 0.02330650 0.19311525
v 0.07500990 0.18539156 -0.19707422
v -0.21670225 -0.17387375 -0.15885825
v -0.22199924 -0.17595150 -0.16046350
v 0.28493387 0.15092590 -0.09587768
v 0.12153764 0.16652215 -0.22954428
v 0.11473650 0.17180938 -0.23211950
v -0.21111976 -0.18487425 -0.15858625
v 0.28802299 0.17779499 -0.06991600
v 0.27505234 0.03524737 0.09756727
v 0.23946962 -0.19063388 -0.13946438
v 0.05190678 0.18526725 -0.19708991
v 0.29646426 0.17873293 -0.07677356
v 0.27422905 0.04119281 0.07105087
v -0.01323700 0.16279951 -0.23458400
v 0.30614588 0.16258501 -0.06555513
v -0.04052414 -0.16726977 0.18083267
v 0.29965249 0.16906087 0.12860881
v -0.25438920 -0.17283975 -0.05421194
v -0.04945844 -0.16404575 0.17942731
v 0.17797300 0.14354201 -0.20932899
v -0.25243199 -0.16865513 -0.05832563
v 0.30585176 0.16617009 -0.12318883
v 0.28316557 0.15617406 -0.13784494
v 0.20571150 -0.17817400 0.17638300
v 0.24099037 -0.18682687 -0.14794162
v 0.20461488 -0.17098112 0.17244537
v 0.28317225 0.11724525 -0.12274537
v -0.28237674 0.15821925 -0.16245775
v -0.26064500 -0.14376999 -0.03963250
v 0.23610975 -0.18261075 -0.16591050
v 0.02773713 -0.16672188 -0.13274807
v 0.25460699 -0.16279875 0.10759138
v -0.20591848 0.01621466 -0.18752749
v -0.20461328 0.02936137 -0.19124410
v -0.25578678 -0.17203012 0.01636273
v 0.26722500 0.16613175 0.18825950
v 0.25817388 -0.16431218 -0.04380944
v 0.25544488 -0.16455337 -0.09654287
v -0.26292944 -0.14188300 -0.00931375
v 0.21040362 -0.17736275 -0.14357325
v 0.21473509 -0.17762944 -0.13587669
v 0.20928100 -0.17539150 -0.16114099
v 0.22014500 -0.16578799 -0.15735100
v 0.21567200 -0.18173075 -0.15559475
v 0.18335225 0.18398675 0.08570575
v 0.22075650 -0.17942426 -0.15378825
v 0.25294200 -0.18066549 -0.10834300
v -0.30227819 0.16683237 0.16164842
v 0.29498008 0.15000451 -0.06930625
v 0.19201931 0.11488663 0.20261341
v -0.15927468 0.16688953 0.22907260
v 0.26154199 0.17617875 0.19339062
v -0.29379326 0.14856131 0.06259312
v -0.29180601 0.16320400 0.04769700
v -0.27386150 0.07367150 0.16921900
v 0.25834501 0.18100050 0.21591149
v 0.26524025 0.18582626 0.21959050
v 0.24729291 0.17013000 0.22676297
v -0.10306609 0.18688309 0.08338147
v -0.30139461 0.15746000 -0.13041300
v 0.00310741 0.16568910 0.22732453
v -0.18146975 -0.16552338 0.17471950
v -0.21970125 -0.18515563 0.15531406
v -0.25204396 -0.17056082 0.09924468
v 0.13189213 0.18683156 0.07578962
v 0.18499000 0.14768100 0.20439650
v -0.14394681 0.17038172 -0.22423990
v -0.21780775 -0.17587550 0.16556025
v 0.09924050 0.19134399 0.07378350
v -0.26227951 0.17264950 -0.21560350
v -0.20572625 0.13741550 -0.20338225
v -0.24533696 -0.18245481 0.16026075
v -0.18462326 0.16229531 -0.22308788
v 0.21081480 0.16951071 0.23067419
v -0.08966019 0.18524849 -0.06575850
v -0.27715287 0.07663769 -0.13873294
v 0.27476600 0.01745200 0.06742850
v -0.24927825 0.18819851 0.21150675
v -0.19085437 0.16885188 -0.20943007
v 0.17792325 0.17883500 0.20803501
v 0.16443150 0.17248775 0.20714250
v 0.21827488 0.18733463 0.22780606
v -0.20514238 0.16287550 -0.22817163
v 0.16750975 0.18063051 0.21113326
v 0.22457024 0.18068662 0.22288212
v -0.21847896 -0.18227075 0.17678732
v -0.19859400 -0.16631299 0.17427900
v -0.21216699 -0.17304400 0.13878700
v 0.13627726 0.17548418 0.22641826
v 0.14515500 0.18011101 0.22609100
v -0.12443725 -0.16479725 0.17756274
v -0.25324976 -0.12216700 0.16725250
v 0.27710682 0.17671150 0.18417175
v -0.11434919 -0.16799960 0.17983009
v 0.27576774 0.17664200 0.17618975
v -0.25351599 -0.17366301 -0.00142400
v -0.11403519 0.18590972 -0.06586666
v 0.29503912 0.18159275 0.16006063
v 0.30657527 0.17304190 0.17211668
v -0.18723679 -0.16565432 0.00409097
v -0.28533691 0.16781272 -0.18943982
v -0.25220394 -0.16938879 -0.08578725
v -0.28414726 0.17201149 -0.19525875
v 0.03295162 0.17247194 -0.22082090
v 0.29403549 0.17923900 0.07883250
v -0.28009599 0.07763025 -0.13734750
v -0.29380950 0.16405749 -0.14774175
v -0.29691699 0.16317651 -0.13868400
v -0.09057650 0.18209974 0.08294850
v -0.21217437 -0.17535725 -0.13219562
v -0.21019951 -0.17335600 -0.13221300
v -0.20728700 -0.18343125 -0.12620300
v -0.20745200 -0.17990001 -0.14669649
v -0.09806350 0.18464075 0.08195675
v 0.01382956 0.17593768 0.22465444
v 0.28453901 0.12970500 -0.00767500
v -0.27086276 -0.00129144 0.12481719
v 0.24151476 -0.03125713 0.18587987
v 0.01482300 0.17221200 0.23369700
v -0.28720626 0.13912700 -0.06645875
v -0.03486400 0.17217962 0.22305299
v 0.27299249 0.04869772 0.06176594
v -0.14145297 -0.11808594 -0.17910144
v -0.31003088 0.16555651 0.15296362
v 0.15525694 0.17920725 0.22326237
v -0.31166217 0.16635488 0.14054382
v 0.21372484 -0.16178153 0.04822363
v -0.31233069 0.16043687 -0.09700491
v 0.27041152 0.02047875 0.08637422
v 0.31144226 0.16626969 -0.07649800
v -0.09787950 0.18537176 0.08091700
v -0.10564250 0.18548469 0.07758125
v -0.09827625 0.18533300 0.08486175
v 0.06230400 -0.16152200 0.12593400
v -0.28848201 0.16349000 -0.16888100
v -0.04973675 0.17803837 0.21574612
v 0.09878962 0.16118382 -0.22637053
v 0.09878494 0.18721831 0.08574519
v -0.29657200 0.15729401 -0.03762000
v -0.27711210 0.07205434 0.13993390
v -0.28074712 0.09349062 0.14988825
v -0.28971300 0.16486800 -0.03562500
v 0.24426800 -0.16232675 0.05807525
v 0.30049551 0.16605969 -0.15165187
v 0.29102501 0.17622387 -0.18025094
v 0.28909850 0.17990050 -0.19892150
v 0.28649232 0.13778535 0.01802967
v 0.21011294 -0.17194113 0.16115481
v -0.28968999 0.16456500 0.00107150
v -0.25764799 0.06472450 0.18641350
v 0.18164849 0.18758824 -0.07161525
v 0.30867374 0.18295738 0.14429875
v -0.12187100 0.16742225 0.23256800
v 0.28526700 0.15878962 -0.14903399
v -0.13749038 0.18877548 0.08036025
v 0.22812250 -0.17732701 -0.15707999
v 0.05722275 0.18888663 0.06809700
v 0.25860524 -0.13726149 -0.13594399
v -0.11313552 0.16905931 0.22881690
v 0.22806138 0.18816550 0.07839850
v -0.17072006 0.17604275 0.22368450
v -0.19095451 0.16731700 0.21944550
v -0.19362350 0.16645800 0.20769550
v 0.01566728 -0.14049786 -0.17650300
v -0.31258333 0.16527960 0.12632644
v -0.27841899 0.09024700 0.16339201
v -0.19553016 0.00640002 -0.18674353
v -0.31126750 0.16784787 0.15865076
v 0.22057831 -0.18074250 -0.12454563
v 0.23725200 -0.17673950 -0.12402775
v -0.24974291 0.17664406 0.21862943
v -0.30010200 0.18392944 0.16688612
v 0.27375764 0.04587431 0.06597287
v 0.25905389 -0.16643550 -0.09351687
v -0.27887923 0.18049826 0.20767447
v -0.09306937 0.18285306 0.22948638
v 0.01017861 -0.08036078 -0.17614411
v 0.05835652 -0.14018467 -0.17615139
v 0.26933399 0.00260100 -0.12513299
v 0.25690800 -0.16286901 0.06002300
v 0.25400874 0.18724750 0.00644775
v 0.25259411 -0.03711088 -0.17377441
v 0.21468800 -0.16334400 -0.10085400
v 0.26430130 -0.08548287 -0.15094063
v 0.21310000 -0.16423000 -0.12134200
v -0.26276699 -0.11741287 -0.11035375
v 0.25678101 -0.14103401 -0.14747700
v 0.23789363 -0.18519637 -0.12125313
v 0.08922063 0.19173750 0.07496800
v 0.08963828 0.10015994 0.20155267
v 0.22948137 0.06696850 0.19421938
v 0.27169588 0.12690496 0.17544957
v 0.26492962 0.11607993 0.18390524
v -0.28659362 0.11919656 0.08160525
v -0.16969524 -0.09132700 -0.17790350
v -0.26115113 -0.12567675 -0.06084800
v -0.30525863 0.14524506 -0.05619000
v -0.26281318 -0.09072062 -0.09090488
v -0.30316362 0.16344787 -0.10446362
v -0.27259976 0.03354438 0.12152162
v 0.02731014 0.17861710 0.22279613
v 0.03765212 0.18904687 0.19803344
v 0.03754806 0.17671369 0.20902100
v -0.29705200 0.16963300 -0.20367000
v 0.02876200 0.18182699 0.13479000
v 0.23583475 0.17223451 0.22951625
v -0.27651000 0.03442400 -0.04751150
v 0.14149950 0.13857400 0.20424800
v 0.11356884 0.18689725 0.08725072
v -0.27062601 0.16377562 -0.21873975
v 0.18205668 0.17462499 0.21084763
v 0.14128500 0.18498500 0.19238350
v -0.25542390 0.13852100 -0.19617054
v 0.17394188 0.17570682 0.21587731
v -0.25685278 -0.13665269 0.12416941
v -0.25451630 -0.15139468 0.14003487
v 0.04376100 0.18917450 0.03577400
v 0.04868925 0.18804063 0.09286475
v -0.26910925 -0.04570100 -0.04548725
v -0.27436206 0.02712181 -0.14137843
v 0.03592770 0.09543408 0.19811773
v -0.25262269 -0.18237409 0.12361575
v 0.05383500 0.05801962 0.19235194
v -0.20587800 -0.16633300 0.16414399
v -0.12657638 0.17225938 -0.20911813
v -0.20532413 -0.17388737 0.15924925
v 0.10170825 0.17872094 0.20859200
v -0.11967187 -0.01829175 0.18377949
v 0.15164956 0.11589462 0.20150566
v 0.03217875 0.17977449 0.14135849
v 0.05242487 0.18258306 0.19026682
v -0.03586400 0.09350100 0.19571050
v -0.21705382 0.04455706 -0.19170207
v 0.07563741 0.18469356 0.19345559
v 0.04611800 0.11176300 0.20068100
v -0.04417081 0.18738857 0.08995906
v 0.26463449 0.18091001 0.20322651
v -0.25235412 -0.06105244 0.17373562
v -0.25544426 -0.02683875 -0.17177063
v -0.08715825 0.18923321 0.08159997
v 0.25684974 0.13832650 -0.19448949
v -0.27282131 0.02317166 0.10227831
v 0.01538061 -0.08966672 0.18255442
v 0.18382847 0.08207252 0.19748445
v -0.26169646 0.00006143 0.17172058
v -0.00353764 0.17848678 0.22210999
v -0.25950599 -0.09275000 -0.12712701
v -0.30970612 0.15922900 -0.07015122
v 0.30777946 0.17258488 0.16218446
v -0.07260581 0.18073963 0.23185731
v -0.31406176 0.17376225 -0.02736950
v 0.27776250 0.16742350 -0.21254000
v -0.22615455 0.18668874 0.09605284
v -0.28916800 0.19258501 0.02005900
v -0.29022250 0.17441900 0.06975900
v 0.28919199 0.15636587 0.04739025
v 0.11272150 0.18531150 -0.19583388
v 0.28395262 0.13855262 0.06283225
v 0.06929900 -0.14725675 0.18238625
v 0.29981163 0.18921600 -0.06852738
v 0.14378850 -0.13259913 -0.17467503
v 0.05632563 -0.16710137 -0.16915350
v -0.21363343 -0.18470888 -0.17071606
v 0.21584393 -0.07678712 0.18524288
v 0.09806912 0.08420275 -0.19696200
v 0.14496350 0.12307800 -0.20236149
v 0.23312272 0.11133043 -0.19904763
v -0.28544700 0.17687500 0.16749600
v 0.23158750 0.06661500 -0.19147050
v 0.28244451 0.10505344 -0.12416594
v 0.30338407 0.16767962 -0.17516844
v 0.24848750 0.17260787 -0.22632375
v 0.14228150 0.09594688 -0.19814563
v 0.27101201 0.01565700 -0.01629237
v 0.09412425 -0.05163300 -0.17706256
v 0.30192867 0.16664401 -0.11571503
v 0.27310261 0.06661700 -0.13618650
v 0.28793499 0.17869900 -0.10517941
v 0.19860500 0.17580825 -0.20822699
v 0.17175962 0.15611900 -0.20567276
v 0.27098599 0.01323900 0.09167200
v 0.18286800 0.17575850 -0.20920125
v 0.24867076 -0.05578275 0.17955512
v 0.26623875 -0.02439287 -0.14697225
v 0.25798225 -0.16361475 0.02873100
v 0.28295043 0.11473288 0.02472006
v 0.21893500 -0.06971200 0.18412775
v 0.29559609 0.15586132 -0.00694616
v 0.27292013 0.03146250 0.12700994
v 0.25921476 -0.16513938 -0.02490681
v -0.13729450 -0.06561957 -0.18152806
v -0.30514035 0.18287192 0.12359880
v 0.29575199 0.15072337 0.05848512
v -0.14917928 0.19043738 0.20175979
v -0.21645400 -0.13828249 -0.17466851
v -0.31035700 0.17987099 -0.00410200
v -0.30325389 0.14909212 0.06681294
v -0.12426675 -0.16171975 -0.01040375
v -0.09600031 0.16749656 0.23336625
v -0.17087474 -0.16401775 -0.02306625
v -0.08901300 0.17652200 0.21920100
v 0.26729700 0.06219300 0.16899000
v 0.03682663 0.17472500 -0.23272644
v -0.30784601 0.18200700 -0.07759200
v 0.01128137 0.09706509 -0.19937412
v 0.29368776 0.19494499 0.05703400
v -0.23547335 -0.11391394 -0.17586163
v -0.27078813 0.00453138 0.15948938
v -0.01837220 -0.16726117 0.18190473
v 0.28316399 0.19168299 -0.06692500
v 0.00797612 0.18079700 0.23227906
v 0.03015313 0.18592669 -0.19923425
v -0.27822524 0.18627900 -0.16373850
v -0.25606930 -0.17252259 -0.07078003
v -0.24683075 -0.03971175 -0.17751563
v 0.23893000 0.13811500 -0.20116900
v 0.03438425 0.18164632 0.18590932
v 0.19930425 0.06799575 0.19369601
v -0.16940574 0.18189700 -0.10457750
v -0.26009449 -0.11795400 -0.09921075
v 0.24314606 0.18696338 0.08863538
v -0.25757289 -0.10637981 0.15310435
v -0.04944844 0.17443649 -0.21169287
v -0.26677075 -0.07385437 0.06124325
v -0.27141812 0.00217875 -0.07479094
v -0.26013324 -0.08727050 -0.14003424
v -0.09284587 0.18552187 -0.20127425
v -0.26100874 -0.14388837 -0.00579275
v 0.15323400 0.19376200 0.20289800
v -0.25320050 0.10310412 -0.19339338
v -0.23193635 -0.16085026 0.17536107
v 0.26508370 0.17581475 0.22152300
v -0.23847400 -0.16738650 0.16049349
v -0.19020513 0.13842587 -0.21801588
v -0.26497900 -0.10808212 -0.00278038
v -0.19389975 0.13789700 -0.21771701
v -0.23366931 -0.18630882 0.13028374
v -0.25601396 -0.15706535 0.10975903
v 0.19977824 0.18713152 0.14523375
v -0.19402200 0.13413200 -0.20409800
v -0.26812506 0.00757563 -0.14194775
v -0.26568612 -0.11767775 -0.01600200
v -0.19507319 0.14469838 -0.20622416
v 0.26049849 0.19260851 0.17421800
v -0.25087249 -0.18181024 0.15067700
v 0.16512850 0.19042850 0.19482450
v -0.21829499 0.17250000 -0.22502901
v 0.01078781 0.05871994 0.19112638
v -0.19688307 -0.10759912 0.18039869
v -0.21188287 -0.02259319 -0.18411475
v -0.03481784 0.10239453 -0.20123143
v -0.08446687 0.18839593 -0.06319381
v -0.27669036 0.05583644 -0.08428752
v -0.10276400 -0.00231100 0.18602200
v 0.13412756 0.19041266 -0.07141230
v -0.22986887 -0.03736700 -0.18576699
v -0.24146412 -0.12464362 0.17542750
v -0.27485451 0.16243500 -0.21183562
v -0.26162407 -0.08659487 0.12560612
v 0.27522099 0.18881200 0.02501700
v -0.23470950 -0.16856900 -0.12065400
v -0.23375213 -0.17157887 -0.12308500
v 0.08822100 0.18501712 -0.19641638
v 0.01767962 0.16737169 0.23372513
v 0.25814301 0.00640400 0.17839800
v 0.18861175 0.14587276 0.21643387
v -0.03754800 0.17742249 0.22538200
v -0.30372176 0.17299300 -0.07009425
v 0.04890791 0.09685715 -0.19762622
v -0.28765774 0.11298838 0.04491512
v 0.16630048 -0.12654319 0.18104506
v -0.24745876 -0.16992199 0.12372650
v -0.31368300 0.17420137 -0.04853744
v 0.15045400 0.14696850 -0.20610450
v 0.26862824 0.00343750 0.09648500
v 0.28544775 0.14384012 -0.07068887
v 0.16767231 0.16616368 -0.22251669
v -0.29036501 0.15652500 0.06707700
v -0.19741800 0.14444900 0.20367301
v -0.27949885 0.10268297 0.15567128
v -0.24571650 -0.16666700 0.11777800
v 0.27059764 0.02061825 0.05815712
v 0.28053090 0.07347575 -0.01600659
v 0.29377913 0.16945037 -0.19398800
v 0.17356347 0.07952718 -0.19729154
v 0.26674989 -0.03192712 -0.11264750
v 0.25872135 -0.12548400 0.12941219
v 0.24368912 -0.17758825 0.15585813
v 0.20063928 0.04567394 -0.18908519
v 0.21172400 -0.15843500 0.02663800
v -0.01514402 -0.13221009 -0.17880565
v 0.28219193 0.09235044 -0.10590794
v 0.14861374 0.06769756 -0.19204278
v -0.31090376 0.16027699 0.08130287
v -0.25893494 0.18800107 0.09156194
v -0.27863824 0.18755300 0.07720250
v -0.29942700 0.14652351 0.05461400
v 0.10731094 0.05289244 -0.18949206
v -0.24896166 0.18366933 0.06536867
v 0.26436737 -0.04844613 0.14912163
v -0.08863562 0.16448800 0.22649482
v -0.31288350 0.17574188 -0.07683987
v 0.28540888 0.14061725 -0.05276575
v -0.07129516 0.18646188 0.08276525
v 0.27223450 0.04233050 0.07695950
v 0.28753334 0.13013591 -0.00494341
v -0.21118200 0.00319006 0.18761256
v -0.15138981 -0.11743738 -0.17636307
v 0.31199300 0.16995500 0.03194500
v -0.01577000 0.18693000 0.07108100
v 0.15018204 0.16982037 0.23328897
v 0.00476916 0.10922512 0.20010012
v 0.10500081 0.14821212 -0.20559569
v -0.24474081 0.14827640 -0.20181425
v -0.24018949 -0.17143250 -0.11951300
v 0.02431300 0.18867999 0.00055000
v 0.25857994 0.04765081 0.18042107
v -0.24530062 -0.11880088 -0.16945787
v 0.10160691 0.18500362 0.07522047
v 0.26946750 0.18487824 0.07758800
v -0.25985920 -0.14627637 0.05180089
v -0.26218882 -0.12873688 0.03468159
v -0.21524800 0.07801100 -0.19859301
v -0.25078788 -0.18294463 0.11429513
v -0.11803713 0.05205150 -0.19015725
v 0.24435849 0.18560649 0.22669999
v -0.25606149 -0.14554501 -0.10733500
v 0.22928625 -0.19241375 -0.14526625
v -0.24493250 0.02355287 -0.18608113
v 0.05107575 -0.00464259 0.18516691
v -0.18891956 0.08877487 -0.19795462
v 0.25691423 0.19266297 0.08453044
v -0.15554143 -0.15162204 0.17989685
v 0.25298923 0.18385540 0.09054625
v -0.16522674 0.07559250 -0.19752750
v -0.20520262 0.00717888 -0.18753338
v -0.26410669 -0.13311550 -0.04926556
v 0.20166278 0.13945341 0.20323594
v -0.26560587 -0.09685239 -0.04848335
v -0.16331750 -0.16207349 0.00002350
v 0.22327100 0.04447200 0.19184799
v 0.07151388 0.17544369 -0.15585400
v 0.00809331 0.16107576 -0.22838187
v -0.20903783 -0.15789223 0.17779909
v -0.23592301 -0.13776438 -0.17294012
v -0.26101032 -0.13851675 0.05593700
v -0.27321887 0.04366375 -0.13187049
v 0.12812340 0.18017425 -0.19408606
v 0.06845562 -0.16663687 0.16095194
v -0.26441801 -0.09856918 0.06838263
v 0.26449901 -0.01260650 0.16603500
v 0.19871400 0.16600600 -0.20640425
v 0.29823261 0.17474100 0.11959538
v -0.27344671 0.00023822 -0.00818244
v 0.21165718 0.13913600 -0.20374832
v 0.28316721 0.08593947 -0.05505556
v 0.24030307 0.16825207 -0.22153932
v 0.27516118 0.05668813 -0.03712038
v -0.08695550 0.10116525 0.19902775
v -0.28357819 0.09731837 0.09663156
v 0.26263386 -0.13382950 -0.05506600
v -0.24291825 0.18832225 0.02719837
v -0.30029169 0.18665256 0.06146063
v -0.24675775 0.18631400 0.07811000
v -0.31326801 0.17676701 0.05813400
v -0.17940494 0.17763644 0.21564668
v -0.30277982 0.17632918 0.13669950
v -0.24836057 0.16540885 0.22225143
v 0.25190699 -0.17458075 -0.10979325
v 0.26751775 -0.04231650 -0.13699275
v -0.11615950 0.18589275 0.03883125
v -0.15178999 0.18308300 -0.02656100
v 0.09263457 -0.13960606 -0.17572950
v -0.25443995 -0.08711669 0.16768850
v 0.26201162 -0.13516726 0.05504100
v 0.04198825 -0.11852763 -0.17610775
v -0.07577575 0.18455000 -0.05797575
v 0.23585799 -0.18210401 0.13004149
v 0.22908469 -0.18898199 0.15304075
v 0.27268925 0.10275838 -0.17201024
v -0.23067728 0.16575512 -0.22964671
v -0.07417314 -0.15084606 -0.17600302
v -0.21371000 -0.17554800 0.17416599
v 0.15669356 0.08500625 -0.19660138
v -0.25724444 -0.16028856 0.08468013
v 0.22118893 -0.16304375 0.17527932
v -0.14009519 0.07664581 -0.19726044
v -0.11785300 -0.14177425 -0.17553775
v 0.28153470 0.16648796 0.18355981
v -0.05375737 0.14477526 -0.20620131
v 0.25493100 0.18447199 0.03839050
v -0.15110050 -0.13706049 -0.17531800
v 0.19318968 -0.00304019 0.18925688
v 0.08018613 0.17886806 -0.23064581
v 0.23227775 0.18352550 -0.10812100
v 0.05502241 0.17376843 -0.21939474
v 0.25101951 -0.18074600 -0.15555701
v 0.06347700 0.06351300 -0.19022150
v -0.21845099 -0.19395626 -0.13538675
v -0.13389063 -0.09256738 -0.17687875
v 0.21690978 -0.00249044 0.18960953
v 0.29045799 0.15199600 -0.04506300
v -0.08748200 -0.13017750 -0.17618699
v -0.06714700 0.01891500 -0.18374200
v 0.28416449 0.13398875 -0.07382537
v 0.30951005 0.18237916 0.10810744
v 0.19495469 0.10515463 -0.20074737
v 0.30855045 0.18507837 0.08125687
v 0.31087610 0.16725209 -0.10058050
v 0.20859800 0.03831500 -0.18995699
v 0.26088524 -0.12426250 0.08962900
v 0.30624351 0.16702925 0.17904375
v 0.05953500 -0.16437601 -0.12871499
v -0.25741214 -0.17267825 -0.03665500
v 0.27960187 0.17779562 0.17484450
v -0.26239955 -0.11720400 -0.08168531
v -0.25443378 -0.16803791 0.02954394
v -0.28472263 0.10914832 0.05736206
v -0.29182163 0.18913776 -0.08231425
v -0.08496550 0.17652881 -0.15992431
v 0.26917699 0.19422150 0.19667600
v -0.27405393 0.00902088 0.12536231
v -0.04353213 0.10891213 0.20042537
v 0.03207731 0.19219375 0.20430157
v -0.28382346 0.14193940 -0.13611206
v -0.26927280 -0.07476780 0.01898603
v -0.19210801 0.17813800 -0.11390700
v -0.25269607 0.05231444 -0.18595806
v -0.27014962 0.17533988 -0.21637088
v -0.15146799 0.17813900 -0.16604599
v -0.19663000 0.17351300 -0.20964600
v -0.21540681 -0.11959088 0.17958610
v 0.06940850 0.19552749 0.07204813
v -0.07348550 -0.00325062 0.18455701
v 0.12240550 0.10467287 0.20284200
v -0.26653552 -0.03619544 0.12213844
v -0.05547512 0.17686488 -0.23170613
v -0.26155525 -0.07099436 0.14591123
v -0.23682937 -0.02259556 0.18525912
v -0.01028312 0.17791775 0.20931837
v 0.28306341 0.18146588 0.18078606
v -0.28191301 0.07318953 0.03916566
v -0.12972628 0.00511872 -0.18407343
v 0.09151431 0.17829685 -0.16443571
v -0.18611762 0.03569530 0.19054928
v 0.16907950 0.19090550 -0.06953850
v -0.01560019 0.14175187 0.20445631
v -0.28439999 0.18686600 -0.09633200
v -0.31465149 0.15617950 -0.06536300
v 0.09598650 -0.13796863 0.18159181
v 0.25660601 0.19257000 -0.06627500
v -0.22025205 0.18705070 0.07849099
v -0.18342300 0.17942600 0.22904500
v -0.21249400 0.17544299 0.22461601
v 0.21260224 -0.16797425 -0.15771300
v 0.26424769 0.17643806 -0.20944434
v 0.24731416 -0.00550969 -0.18077241
v 0.27359769 0.02233613 -0.11403300
v 0.25592399 -0.11739600 -0.15870900
v 0.26255500 0.07495900 -0.18223301
v -0.25402513 0.18754138 0.17407849
v -0.31101099 0.17789251 0.12923300
v -0.28042799 0.12107900 0.16176300
v -0.23075500 0.18476400 0.05395900
v -0.05479550 0.16435026 0.22610444
v -0.19302499 -0.18331200 -0.16755700
v -0.18444800 0.02631825 0.19042601
v -0.11517800 -0.16816625 -0.17175625
v 0.23644900 0.17652787 -0.20543057
v -0.16890700 0.18276300 -0.07573600
v -0.24873631 -0.10300944 0.17196518
v 0.11489528 0.17086329 0.22813660
v -0.00229550 0.18361500 0.04407000
v 0.12767713 0.18209074 0.13971238
v -0.27209598 0.02758409 -0.11214385
v 0.25919700 -0.05578100 0.16781700
v 0.17377125 0.18387049 0.18584526
v 0.15084399 0.18479750 0.15064678
v -0.25524050 -0.17112350 0.10144800
v -0.24770950 0.07055450 -0.19215050
v 0.11507387 0.07660025 -0.19682932
v -0.26503929 -0.11731838 0.00148369
v -0.01234025 0.06781369 -0.19130175
v -0.20388286 0.05201905 -0.19284761
v 0.31141949 0.15240493 -0.01928137
v -0.05818941 0.17063332 -0.20951188
v 0.20338525 0.18686526 0.11626487
v -0.24168663 -0.16630100 -0.16475500
v 0.17999093 0.18960853 -0.20123377
v 0.28820324 0.19535713 0.06684788
v 0.19767649 0.19077601 -0.06632350
v 0.30862126 0.18436450 0.01998425
v 0.04769756 0.14584699 -0.20577493
v 0.29149351 0.15826949 0.01176300
v 0.26866424 0.01205775 0.14110950
v -0.07682800 0.07605300 -0.19251175
v 0.28555152 0.11486790 -0.04586469
v 0.26802212 0.18362813 0.08590882
v 0.25500101 -0.10331100 0.16960050
v 0.25885600 0.12217191 0.19019450
v 0.24609774 0.18299875 0.07320500
v -0.25799724 -0.17232837 -0.01261912
v 0.21741401 -0.16183101 0.03649300
v -0.25803268 -0.17156588 0.01385088
v -0.08617791 0.13998869 -0.20539610
v 0.10048085 -0.16635197 -0.17280599
v 0.17549475 0.18723200 0.07821525
v 0.23649250 -0.18353650 -0.12860151
v -0.22568175 0.02997300 -0.19011150
v -0.20020200 0.17665900 0.20650899
v -0.25790662 -0.17041337 0.04022175
v -0.26713142 0.18911095 0.18231544
v -0.30287325 0.16363162 0.06737912
v -0.25497362 0.18634975 0.03854625
v 0.25151607 0.19525906 0.19593625
v -0.26282299 0.01670200 -0.17112000
v -0.20176700 0.05454900 0.19153249
v -0.20577538 -0.16527931 0.13323388
v -0.21015126 -0.16867393 0.12951268
v -0.29572850 0.17253450 -0.13324900
v -0.30234301 0.16841900 -0.18758400
v -0.22836851 -0.04795794 0.18417238
v 0.01431300 0.10503125 0.19651425
v 0.00766450 0.18471199 -0.03024200
v -0.27011800 0.03554425 -0.14084800
v -0.26919976 0.06969225 -0.17264925
v -0.17552724 -0.09461913 0.18089876
v -0.26543793 -0.07744388 0.08039282
v -0.19481200 0.16471300 -0.22255400
v -0.24529874 0.16753700 0.22719701
v -0.23222449 -0.16830900 0.16041499
v 0.28068826 0.17051081 0.21023776
v -0.26763463 -0.06809541 0.05381906
v -0.23264603 -0.09893950 0.18025506
v 0.19570050 0.18751100 0.07937200
v -0.07461000 0.18585350 -0.00423200
v -0.25358027 -0.14507522 -0.14430672
v 0.30490375 0.18833426 0.06299900
v -0.19195300 -0.06416000 -0.18043250
v 0.05483266 0.17528550 -0.21156573
v -0.28114575 0.07189775 -0.01963875
v -0.09210669 0.09207031 0.19520356
v -0.13768876 0.18703963 0.05346094
v -0.16168350 -0.13358399 -0.17547201
v -0.27122506 0.02810966 0.14294162
v 0.27039951 0.01627350 0.04817075
v -0.03620050 0.17976700 0.23266900
v -0.04348050 -0.12542707 -0.17707093
v 0.18555638 0.11526450 -0.20013399
v -0.31485125 0.14950794 -0.02287363
v -0.31556901 0.15211813 -0.00212088
v -0.29831374 0.14869812 0.04567337
v -0.26728401 0.18718238 0.04324775
v 0.25574282 -0.16300875 0.08368818
v 0.21876524 0.18984529 0.06583150
v 0.24507850 -0.10807425 -0.17092288
v -0.26871237 -0.00532864 0.13020426
v 0.20664762 0.18887013 0.07327006
v -0.29604849 0.16472225 -0.17630900
v 0.25979424 -0.12434038 0.11036400
v 0.13582399 -0.16616900 -0.17102399
v 0.08919125 -0.16226037 0.18206850
v 0.31242174 0.16984899 0.05908025
v 0.30910024 0.17988375 -0.11411400
v -0.12608950 0.17945237 0.23078606
v -0.02159775 0.17682651 -0.23180775
v 0.10207600 0.17420788 -0.20920612
v -0.15826000 -0.07725800 -0.17805751
v -0.16364588 -0.08128856 -0.18004344
v 0.27459466 0.12749372 -0.17275037
v -0.01966100 -0.16502875 -0.12942338
v 0.17659850 -0.16036850 0.02945300
v 0.10189656 0.17498903 -0.21844988
v 0.18693431 0.05859863 -0.19057387
v 0.31051549 0.15265800 0.05812000
v -0.18418901 -0.16495401 -0.10374200
v 0.04112153 0.16351284 -0.22212687
v 0.29418918 0.15651475 0.02779203
v 0.00830125 -0.16683801 -0.17367813
v 0.03320000 -0.16403100 -0.08733400
v 0.08514769 0.17316844 -0.22068594
v 0.27122954 0.01788184 -0.05759281
v 0.02209900 -0.16286901 -0.12775500
v 0.28229499 0.19575299 -0.01490800
v -0.14018919 -0.07281919 -0.17858538
v 0.05333387 0.16149813 -0.22804172
v 0.22426400 -0.18788762 0.13996762
v 0.20973000 -0.15906350 0.10648150
v -0.21094300 -0.16700999 -0.09907700
v -0.18325572 -0.09664453 -0.17813621
v 0.23394400 -0.19202550 -0.13135950
v 0.27540401 0.07572300 -0.15561700
v -0.19104072 -0.07660994 -0.18202868
v 0.24366812 0.05978675 -0.18874975
v 0.22104725 -0.01274675 0.18776774
v 0.24050325 0.07201525 -0.19330575
v -0.20807450 -0.05708775 -0.18110649
v 0.27347824 0.06499250 -0.15542576
v 0.02382400 -0.14768200 -0.17812499
v 0.24011968 0.18094493 0.22238401
v 0.28359249 0.14464650 0.08539050
v 0.06995606 0.17866828 -0.19520919
v -0.02196100 -0.16213951 0.07648000
v 0.24790363 0.04155387 -0.18663275
v 0.26673251 0.02918475 -0.16664450
v -0.18115537 0.16180381 -0.22771443
v 0.05389850 -0.16901600 -0.15661550
v -0.25351700 -0.17824525 -0.10314900
v 0.25955144 -0.16538624 0.07575940
v 0.05243025 -0.16984913 -0.17583132
v 0.30703825 0.17134750 0.09925200
v 0.21212900 -0.15895399 -0.01863100
v 0.17631900 -0.00274575 0.18854688
v -0.23288688 -0.07898381 -0.18001281
v -0.05305150 -0.16048400 0.05828050
v 0.09184850 0.17520225 -0.14697650
v 0.30276200 0.18986000 0.08107250
v -0.08049081 0.05087292 -0.19008170
v -0.18891890 -0.03657597 -0.18312091
v 0.26717451 -0.04159350 -0.14517400
v -0.18203600 -0.16110900 0.11016300
v 0.25567049 0.07648700 0.18862100
v 0.18923651 -0.16188250 -0.10325650
v 0.25739700 -0.09508600 -0.15988962
v -0.08587400 -0.16251124 0.08421413
v 0.16181113 -0.16604525 -0.16995500
v 0.26210299 -0.08179300 -0.14484200
v 0.26093268 -0.11266572 -0.14753015
v -0.20641953 -0.02989928 -0.18511178
v 0.24105924 0.06209750 0.19360074
v 0.23859151 0.18956999 0.02230900
v -0.15128206 0.00735578 -0.18545893
v 0.23376641 -0.16500381 -0.12053222
v 0.25406900 -0.16518299 -0.12050000
v 0.25726801 -0.17965600 -0.10806300
v 0.25574249 -0.18069600 -0.12695999
v 0.24472663 0.07698550 0.19408813
v 0.29755542 0.18045777 0.14012286
v -0.00692150 0.17507049 -0.21238700
v 0.01587713 0.17381178 -0.21041106
v -0.25793153 -0.14295712 -0.09392960
v -0.16858050 0.17592643 0.20690106
v 0.01611650 0.18612850 -0.19983475
v -0.27739525 0.11159588 0.16803375
v -0.29117051 0.19080025 0.05039825
v 0.28459412 0.17942725 0.11733487
v -0.26506180 0.18476860 0.07725381
v -0.24541609 0.18696149 0.10441020
v -0.28137517 0.10895122 0.13896731
v -0.27877516 0.09317275 0.15272909
v -0.19175300 0.14549300 0.20365500
v 0.24117562 0.18586138 0.08122325
v 0.12298712 -0.00277000 0.18624160
v 0.11473726 -0.00144927 0.18760179
v -0.28145826 0.09030844 0.09245869
v -0.10840315 0.17845616 0.20960937
v -0.28534496 0.12130391 0.06599681
v -0.28413767 0.12265894 0.11538103
v -0.24591975 0.06840700 0.19321349
v -0.11232175 0.17703301 0.20824599
v -0.29814726 0.14933793 -0.00473088
v 0.27930999 0.19479699 0.14875101
v -0.31443474 0.16794644 -0.01511844
v -0.27414522 0.05198667 0.13705865
v -0.18980950 0.18433800 0.07672000
v -0.04444000 0.17737800 0.20902200
v 0.28312626 0.18142550 0.15963174
v -0.29838288 0.18554594 -0.09942862
v -0.19121575 0.04187450 -0.19206700
v -0.14969650 0.18479501 0.07297850
v -0.29800975 0.14549263 -0.05821788
v -0.29241863 0.18778899 -0.09328275
v -0.28540301 0.11370450 -0.00399500
v -0.29495925 0.14766112 -0.06108500
v 0.18504469 0.18412174 0.07738256
v -0.01709394 0.17552519 0.22630353
v -0.18056600 -0.16451649 0.13221250
v -0.01713044 0.17942612 0.21073863
v -0.03244841 0.17923109 0.21622548
v -0.28889987 0.17418975 -0.10470219
v -0.02445287 0.18392950 -0.19809601
v -0.06612672 0.17939048 -0.19101200
v -0.09386050 0.16611800 -0.23001362
v -0.28677249 0.10727200 -0.03266200
v -0.28716376 0.11217350 0.00141950
v -0.16909078 0.09777980 -0.20057057
v -0.12270463 0.09215150 0.19828537
v -0.10506100 0.17583500 -0.23158200
v -0.26515588 -0.10310725 -0.02346425
v 0.22678913 0.18935500 0.12488425
v 0.26503626 0.17024775 0.20385963
v -0.16753268 0.09137931 -0.19817069
v 0.26107949 0.18157150 0.19685949
v -0.06180291 0.18686934 -0.20454250
v 0.01824800 0.18506899 -0.07768250
v -0.27057901 -0.00435969 0.10628664
v -0.21091001 -0.16474301 0.10656500
v -0.11873450 0.18567801 0.02144650
v -0.26420668 -0.03038228 0.15613237
v -0.19208200 0.07195687 -0.19732338
v 0.02588053 0.17979871 0.21080136
v 0.18762600 -0.15924899 0.11042300
v -0.25950897 -0.04495234 0.16760153
v -0.26057988 -0.06605413 0.16151713
v -0.30241349 0.16172700 -0.16192751
v -0.11882750 0.18700451 0.02501750
v -0.11684193 0.17391706 -0.21052606
v 0.10107133 0.18060040 0.21048354
v 0.15451932 0.10827713 0.20238516
v 0.24209425 0.19060975 0.18539651
v 0.23149419 0.18863450 0.17610393
v -0.23701212 -0.19139200 0.14794050
v 0.05501487 0.18002200 0.21505500
v -0.28234625 0.12566756 -0.13788688
v -0.27517399 0.17351601 -0.18629301
v -0.12141100 0.03495600 0.18876000
v -0.27282140 0.16165029 -0.18478946
v -0.26854891 -0.04044344 0.10483138
v -0.12194850 0.18431063 -0.04261962
v 0.23654200 0.18194750 0.20674500
v -0.28282824 0.10049225 -0.11211225
v 0.09287962 0.17086674 0.23390700
v 0.11520870 0.10179344 0.19995628
v -0.17472696 -0.15408818 0.17976072
v -0.18655218 -0.05543913 0.18313979
v -0.27689600 0.07232900 -0.13278501
v -0.18877475 0.15606000 -0.22005631
v -0.26526999 0.05926575 -0.17400150
v -0.00386831 0.18355538 0.08425763
v -0.24637400 0.17341313 -0.20590012
v -0.26157600 0.06669950 -0.18227750
v -0.19358662 0.13657875 -0.20745499
v -0.08154625 0.02987300 0.18792699
v -0.07890613 0.03479681 0.19010849
v -0.00505250 0.18406825 0.06907700
v -0.26736394 -0.08871869 0.03328837
v -0.20265612 0.11692912 -0.20115493
v 0.22965650 0.19404988 0.21884251
v 0.23795874 -0.14970250 -0.16978025
v -0.26362050 0.17656550 0.19537251
v 0.04149200 0.05274400 0.19036250
v -0.08996500 0.18255524 -0.03885100
v -0.18333550 0.17141762 -0.20835650
v -0.09767950 -0.00400175 0.18461475
v 0.19457500 0.18131050 0.20866799
v -0.24505401 -0.18034588 0.16590349
v 0.08044350 0.18655150 0.07275750
v -0.18646351 0.17709450 -0.22811601
v -0.18639173 0.17293166 -0.23020796
v -0.26893246 0.05501916 -0.16749650
v -0.24369276 -0.16499232 0.16878632
v 0.05537731 0.10288937 0.19814306
v 0.15491563 0.18116400 0.20950775
v -0.02115617 0.04506062 0.19103751
v -0.27286711 0.00091256 -0.03980075
v -0.02012550 0.04930300 0.18986900
v 0.12336550 0.18254943 0.23128031
v -0.23736350 0.17263225 -0.22832012
v -0.19522400 0.17221700 -0.22262999
v -0.26748988 -0.08464844 0.00779969
v 0.08033572 0.10337763 0.19988516
v -0.22528659 -0.13775344 0.17884862
v -0.27415264 0.07161412 -0.15974712
v -0.27184799 0.00249500 -0.05705300
v 0.04336600 0.19433700 0.05853400
v 0.02142213 0.05867463 0.19241025
v -0.19341010 -0.13954222 0.17882966
v -0.22612526 -0.17799374 0.17592549
v 0.03948687 0.05852675 0.19131038
v 0.24219149 0.19488201 0.20929275
v 0.19307899 0.16990000 0.22007000
v -0.19660163 0.14984925 -0.20532088
v 0.12698454 0.19016778 0.19710128
v 0.01541275 0.18601499 -0.01088781
v -0.05996256 0.04166381 0.18909957
v -0.23855700 0.17202701 -0.20608750
v -0.19430797 -0.14861529 0.18008362
v -0.25747874 -0.12024225 0.14387369
v 0.15503825 0.19402575 0.21135449
v -0.24480650 -0.17144699 0.12750600
v -0.24187200 -0.16656800 0.12650999
v -0.23971494 0.09273875 -0.19722919
v -0.20095678 -0.08364025 0.18221253
v 0.25049213 0.19177487 0.21855837
v 0.23512100 0.18017900 0.20502900
v 0.18166788 0.13633506 0.20331424
v -0.10966819 0.01874881 0.18837126
v -0.22909400 -0.19279826 0.15283024
v -0.26784363 -0.04517937 0.08470137
v -0.20029300 -0.16480900 0.13744199
v -0.26363549 0.17212787 -0.19485563
v -0.23046200 0.18468100 0.22171900
v -0.26636401 -0.08885547 -0.05903706
v -0.26398629 0.00800056 -0.16556318
v 0.26704326 0.02499800 0.15941800
v -0.22998150 0.06549750 -0.19327050
v -0.21772493 0.07049894 -0.19585600
v 0.01300913 0.18654656 -0.07576244
v -0.30376601 0.16309126 -0.18231900
v 0.18219399 0.18488282 0.12719950
v -0.13637207 0.16061193 -0.22775073
v -0.26383764 -0.10487688 -0.04910187
v -0.09867081 0.17276657 -0.22196075
v -0.20015299 0.06914575 -0.19450974
v -0.29169300 0.16095650 -0.19701651
v -0.29071599 0.16915300 -0.17038600
v -0.26706201 -0.10072300 -0.01834600
v -0.18778600 0.05766112 -0.19113000
v 0.18340637 0.11014950 0.20037638
v 0.09309200 -0.00087500 0.18685301
v -0.28441232 0.11962625 -0.07670812
v -0.01882769 0.17942931 -0.19465622
v -0.26321581 -0.10462272 -0.08238875
v -0.28566289 0.11182575 -0.08191507
v -0.15709275 -0.16260213 0.13205700
v 0.29743701 0.18553451 0.18541500
v -0.26293725 -0.02400400 0.16210575
v -0.30775276 0.17864013 -0.14332999
v 0.29850137 0.17690575 -0.10011500
v -0.29692751 0.18499400 -0.13914712
v -0.31269318 0.16711241 -0.11987603
v -0.26213038 0.17930987 -0.09970825
v -0.31161663 0.17508575 -0.11073200
v -0.23534006 -0.02830125 -0.18481025
v -0.28783301 0.15431100 -0.06445800
v 0.23601550 0.19058150 0.05307575
v -0.30827138 0.14966975 -0.06638325
v -0.28966799 0.17271100 -0.07071500
v -0.28431699 0.10136100 0.00973800
v -0.31024337 0.18093812 -0.09471212
v 0.29726374 0.15204740 0.00665995
v 0.27634174 0.06557450 -0.05969175
v -0.31318074 0.14765650 -0.05476500
v 0.27453300 0.06622600 -0.06424750
v -0.26178101 0.03211500 0.17764799
v -0.23235956 -0.05817744 -0.18219562
v -0.29942840 0.14721631 -0.02045606
v -0.30475712 0.18625818 -0.08198219
v -0.12490875 -0.08008338 -0.18003350
v 0.28604257 0.18124656 0.12277119
v -0.07972363 0.16940437 0.21987151
v -0.05848900 0.17374738 0.21802875
v -0.31474710 0.15769371 -0.03868756
v 0.29727298 0.18094009 0.11657935
v 0.23840050 0.19097900 0.01839550
v -0.25138164 0.05210513 0.18624887
v 0.01222681 0.17408237 -0.21818063
v -0.10044137 0.04773381 -0.19085699
v -0.31555489 0.15218200 0.03018788
v -0.02137381 0.14099590 -0.20558141
v -0.16547669 0.14077605 0.20471144
v -0.20819363 -0.03923738 -0.18256812
v -0.15918963 0.17822212 0.20890638
v 0.30694497 0.16601104 -0.09642756
v -0.18104850 -0.05707913 -0.18148288
v -0.15729433 -0.00981881 -0.18346612
v -0.31442425 0.17216399 0.02095575
v -0.02270200 -0.16219600 0.13566500
v 0.22231263 0.17672899 -0.21771525
v -0.30320901 0.17577600 0.07061700
v 0.27124000 0.07757900 0.16823700
v -0.31317499 0.17642975 0.07715575
v -0.28575900 0.17490201 0.15525700
v 0.25072551 0.18949500 -0.01484550
v 0.22875381 0.01054634 0.19304265
v 0.24712700 -0.18199299 -0.15679000
v -0.16681007 -0.05271119 -0.18329497
v 0.24719401 -0.11849800 0.17620701
v 0.21033646 -0.16519937 -0.14586231
v -0.07673850 -0.16133350 0.02749175
v -0.07627850 -0.16214950 0.03412400
v -0.25051025 -0.18487975 -0.13979726
v 0.24579300 0.19092099 -0.06754600
v 0.02263750 -0.16131049 0.13547400
v 0.28785750 0.19640413 -0.03141363
v 0.18328400 -0.16400400 -0.12748700
v 0.11553531 0.17609581 -0.21136153
v 0.11131343 -0.14193031 0.18197848
v 0.05736250 -0.16621201 0.18261200
v -0.23623687 -0.19326513 -0.14210163
v 0.21298200 -0.16042051 -0.02189300
v -0.28470299 0.18907900 0.14185800
v -0.09586050 -0.13963550 -0.17576849
v -0.07169300 -0.16114099 -0.03285100
v 0.26241001 -0.15409949 0.04930000
v 0.25056800 -0.16282250 0.02961650
v 0.10971750 -0.15043500 0.18181150
v 0.29244837 0.15602125 -0.00802250
v 0.26746076 0.01161975 -0.16125725
v 0.15739837 0.17521356 -0.20860837
v 0.31226626 0.17941794 -0.00499769
v 0.26627567 0.00013581 0.15953325
v 0.30954650 0.18287750 -0.05358750
v -0.19722600 -0.16875350 -0.16163000
v 0.26084700 0.00034900 0.17433600
v 0.25702596 -0.16690928 0.08216406
v -0.15558501 -0.16530500 -0.12716299
v -0.18571763 -0.17224491 -0.17050028
v 0.00440850 -0.15955150 0.02849250
v 0.23283800 -0.06855800 0.18435800
v 0.09503900 -0.16099250 -0.07860000
v 0.15910324 -0.16259375 -0.12611425
v 0.05804275 -0.16623625 -0.13175575
v 0.27274850 0.04210050 -0.15048601
v 0.20195718 0.00638475 -0.18546143
v 0.27145669 0.07587019 -0.16954581
v 0.26872152 0.06331360 -0.16839853
v -0.11529400 -0.11322565 -0.17837062
v 0.06997500 -0.16268900 -0.06496950
v 0.18374087 -0.12512812 0.18331128
v -0.02358700 -0.15978751 0.00313950
v 0.27215546 0.04931488 -0.13086353
v 0.24144775 -0.18312025 0.14120875
v 0.25329900 -0.17712300 0.15317450
v 0.07981400 -0.15960801 0.02637400
v 0.28625625 0.17088975 -0.10361800
v 0.28340331 0.10003356 -0.01720713
v 0.28107539 0.09586100 -0.01241125
v -0.02519700 -0.16073000 -0.03700700
v 0.28311014 0.11863178 -0.04886972
v -0.02310900 -0.16260700 -0.04211600
v 0.24501000 -0.08441300 0.18041800
v -0.07329955 -0.10982180 -0.17657952
v 0.27391300 0.04793422 0.02325434
v -0.00053350 -0.15997000 -0.02031400
v 0.27720600 0.06816203 0.01245891
v 0.18355601 0.13669500 -0.20319900
v 0.28162962 0.08982413 -0.03346125
v 0.28183186 0.10490400 -0.05302200
v 0.16878788 -0.16222025 0.17696738
v 0.30799738 0.17971012 -0.13320450
v 0.19320750 0.13807550 -0.20466025
v -0.05405606 -0.16755082 -0.17359206
v -0.01823050 -0.16133800 -0.04956200
v 0.26750681 0.14025632 -0.18590012
v 0.28264886 0.17730437 -0.16515835
v 0.07873900 -0.16113099 0.03445700
v 0.21118763 -0.16200487 0.15098649
v 0.30621299 0.16652100 -0.16434200
v -0.09360925 -0.16780609 -0.17217503
v 0.27087238 0.01441125 0.02175544
v 0.27073056 0.01621559 0.01059566
v 0.25397426 -0.11922925 0.16693474
v 0.29864839 0.18621212 -0.15827475
v 0.27357787 0.05247450 -0.02571088
v 0.27843800 0.07611200 -0.06832600
v -0.08065700 -0.16742800 -0.13216500
v 0.18733750 0.12627400 -0.20155349
v 0.24293250 -0.17700949 0.17225599
v 0.19304700 0.13944000 -0.21769200
v 0.28351238 0.13679637 -0.10430937
v 0.27761549 0.07399050 0.00801825
v 0.23843400 -0.18724650 0.15179275
v 0.31137851 0.15395725 -0.05766250
v 0.23279387 -0.19017187 0.14388950
v 0.07891900 -0.16159400 -0.02802600
v 0.21398100 -0.16087700 0.10498900
v 0.25182599 0.06900800 -0.18972400
v -0.07856300 -0.16283201 -0.02282100
v 0.15631850 -0.16530199 0.18030350
v 0.25561151 -0.17706250 0.12475925
v 0.20978250 0.03188263 -0.18773425
v -0.08369925 -0.16241637 -0.07402713
v 0.17850325 -0.13075963 0.18059587
v 0.23950587 0.04279488 -0.18856162
v 0.13043919 -0.16281357 0.17830354
v 0.29855749 0.15068100 -0.03576200
v 0.28885686 0.14959075 -0.03305606
v 0.18911700 0.18693750 -0.19495857
v 0.26807743 -0.03084475 -0.10276325
v 0.27329549 0.02432250 0.13309050
v 0.06767400 -0.16137800 0.13432901
v -0.11669781 -0.10477781 -0.17639318
v 0.18036875 -0.16086200 -0.12313325
v -0.18043600 -0.16714799 -0.12708300
v -0.07938400 -0.16114125 -0.01955550
v 0.21600625 -0.16914649 -0.16057800
v 0.30578330 0.15104853 0.01696669
v -0.24636200 0.18990900 0.19922400
v 0.02112300 -0.16022700 0.13274799
v -0.24903774 -0.18498474 -0.15085675
v -0.29010475 0.17638525 0.11066925
v -0.28707224 0.18888900 0.07914600
v -0.26659325 0.10703350 0.18412399
v 0.02471800 -0.16237301 -0.04429900
v -0.26610374 0.07443725 0.18011899
v 0.03768600 -0.16783500 0.17663500
v -0.01908400 -0.16046600 0.13357399
v -0.31219408 0.14760025 0.02373262
v 0.28790849 0.19751675 0.00023525
v -0.29700825 0.15836374 0.00822825
v 0.18322900 -0.16119801 0.13332750
v -0.16930676 -0.08026200 -0.17856212
v 0.27436101 0.07846800 0.15123300
v 0.28573400 0.16421500 0.07617200
v -0.27716625 0.06249900 0.12048075
v -0.22083250 -0.11370113 -0.17692412
v 0.21101449 -0.18135150 -0.15073074
v 0.22419609 0.03019906 0.19281381
v -0.28205600 0.08235000 0.04954388
v -0.28501764 0.10606737 -0.01096200
v -0.29128850 0.18796150 -0.12820850
v -0.28373563 0.18663862 -0.13876037
v 0.11726150 0.18344826 -0.10893250
v -0.28576463 0.13981999 -0.09052400
v 0.23537675 0.18806949 0.04054025
v -0.30576101 0.17609350 -0.16758975
v -0.28044850 0.06099325 -0.00278575
v -0.03529769 0.10414007 0.19686162
v -0.29403612 0.16453375 -0.20276150
v -0.27449200 0.18164000 -0.20696449
v -0.26964599 0.18492401 -0.19848575
v -0.12552451 0.01643725 0.18952274
v -0.20924801 -0.16215500 0.02540300
v -0.24582925 -0.02377000 -0.17999437
v -0.26067099 0.16212900 -0.21750700
v 0.25256756 0.13239059 0.19528572
v 0.02659187 0.19065912 0.03379662
v -0.03192225 0.04060475 0.18874875
v -0.15609600 -0.16108701 0.12901400
v 0.02132816 0.18763053 0.03187573
v -0.20779881 0.05496350 -0.19131675
v -0.20826600 -0.16291399 0.10341900
v 0.22388200 0.12000538 0.20092276
v -0.26335824 -0.13075112 -0.02445125
v -0.17798150 -0.16118450 0.12841250
v 0.04265800 0.09074800 0.19478600
v -0.23074588 0.05771894 -0.19235925
v -0.26182425 -0.12281313 0.06703737
v -0.16941513 0.14475325 -0.20498100
v -0.15630201 0.17300850 -0.22236575
v -0.12920456 0.17739324 -0.22913550
v 0.24392350 0.17990924 0.20288350
v -0.26711997 -0.09486338 0.00753250
v -0.21021800 -0.16373099 0.02803000
v -0.19397876 0.14077850 0.20585388
v -0.26813865 -0.07006188 0.01733244
v -0.21597056 -0.00267394 -0.18639207
v -0.25850400 -0.15706643 -0.05256950
v 0.06708600 0.18895750 -0.07416950
v -0.26830074 -0.05765288 0.05331175
v -0.23370443 -0.01570850 -0.18470056
v 0.30752051 0.18438050 0.15434450
v -0.01130975 0.17684250 -0.18592200
v 0.00653875 0.18376713 0.07895175
v -0.21146201 -0.16460700 -0.02699000
v -0.06557650 -0.16448100 0.13848600
v -0.28357175 0.17258038 -0.20778875
v -0.11502750 -0.16117400 0.02424250
v -0.27305678 -0.00047025 0.04380641
v 0.26764199 0.07890700 0.17600800
v 0.31257588 0.16791175 0.05301381
v -0.22983088 -0.19697663 -0.13753594
v 0.28661749 0.14837250 0.00014200
v -0.31473649 0.16499799 -0.09027950
v -0.22361501 -0.19653100 -0.14576700
v -0.28936663 0.16130701 -0.01975625
v 0.07066525 -0.16318449 0.13955575
v -0.31092224 0.14632319 -0.02036644
v -0.24538550 0.17637300 0.20345375
v 0.31140739 0.17970575 -0.05161250
v 0.28700650 0.16813450 -0.07406325
v 0.02116700 -0.15969600 0.05004600
v 0.31332508 0.15609537 -0.02389900
v 0.28103775 0.09495750 0.01868650
v 0.31041551 0.18023007 -0.08242756
v -0.02951550 -0.16260201 -0.04062850
v -0.28930125 0.16054262 0.03609475
v -0.27400151 0.10294300 0.17421325
v 0.28394601 0.11046125 -0.04170025
v 0.15929300 -0.16007800 0.13395301
v 0.23269925 0.17883974 -0.22766750
v 0.20943500 -0.16646799 -0.16817600
v 0.11840100 -0.15905175 0.06609375
v 0.23956688 0.17593187 -0.22000237
v 0.26079926 -0.09701800 0.15355726
v 0.24345200 0.18226776 -0.22407700
v 0.29891250 0.18102375 -0.18190575
v 0.18486600 -0.15777799 0.11194000
v 0.27886525 0.07898175 -0.08813800
v -0.00842637 -0.12523462 -0.17629163
v 0.08043500 -0.16165499 -0.02280400
v 0.26533276 -0.01692350 -0.15525851
v 0.24301849 0.11331300 -0.19738500
v 0.26126119 -0.12148681 0.12636957
v -0.27372399 0.17507200 0.18436350
v 0.22018576 -0.18558368 0.14756137
v 0.27200124 0.03333016 -0.09040962
v 0.07432500 -0.16012150 -0.02799700
v 0.26447201 0.05013200 -0.17335600
v 0.08334700 -0.16005400 -0.01941600
v 0.25743249 -0.13877299 0.13276026
v 0.16128100 -0.16080600 -0.12378000
v 0.27658001 0.13982500 -0.17083700
v 0.30478451 0.17922825 -0.16580150
v 0.18209550 -0.15693825 0.18001625
v 0.28122887 0.12361538 -0.12569362
v 0.21089025 0.12578049 -0.20142463
v -0.06752400 -0.09817100 -0.17595001
v -0.28933200 0.19242799 -0.01478450
v -0.15210301 0.13429019 0.20332091
v 0.08070500 -0.15953299 0.07610500
v -0.07021932 0.17904881 0.21087694
v 0.03098200 -0.16134501 0.04630900
v -0.28297001 0.09965500 -0.05766900
v 0.27883500 0.08012588 0.03890438
v 0.02422800 -0.16185550 0.09889600
v -0.08106400 0.18589699 0.07099400
v -0.25866687 0.17986837 -0.14958274
v 0.31297299 0.15619899 0.03443800
v -0.11333425 -0.16391300 -0.05446250
v 0.08379397 0.18768135 0.22619419
v -0.27384639 -0.00256787 0.02840950
v -0.27995500 0.07342450 -0.07128275
v 0.28705850 0.15170500 0.01813600
v -0.13117707 -0.06107881 -0.17851262
v 0.07993300 0.19574900 0.07315625
v -0.16304649 -0.04269325 -0.18043651
v -0.23066075 0.11632750 -0.20077625
v -0.27004051 0.00590088 -0.10938931
v -0.20750400 -0.16508099 -0.09866100
v 0.20904075 0.03717306 0.19134188
v -0.13438475 -0.16317150 0.02842625
v -0.22901869 -0.19472156 0.14637876
v 0.16180199 -0.15820400 0.13207801
v 0.00257494 0.17537062 -0.15388019
v 0.27777624 0.19545300 0.17224100
v 0.28164300 0.18390851 0.20673250
v 0.29258424 0.17547999 0.19921374
v -0.16703625 0.05860200 -0.19107175
v 0.22835700 0.07940800 0.19813700
v -0.13434125 0.08504438 -0.19678962
v -0.28329900 0.17561600 0.16700201
v -0.25227508 0.01131856 -0.18015040
v -0.26136863 0.03053062 -0.17485800
v -0.17025140 0.18612340 -0.20214541
v 0.31199124 0.18039501 0.05826075
v 0.04918887 -0.15157831 0.18323706
v 0.23877600 -0.01640275 0.18648000
v -0.01502200 -0.15994149 0.02070500
v 0.03484000 -0.15963601 0.04418000
v 0.02491200 -0.15975100 -0.00975800
v -0.10932913 0.02712994 0.19030431
v 0.25572574 -0.09167475 0.16736825
v 0.27130124 0.17625475 -0.18505549
v 0.03089525 -0.16053875 -0.03644925
v 0.02154600 -0.16078500 -0.04381850
v -0.28326312 0.08989125 -0.01766025
v 0.25645861 0.01592012 -0.17714381
v -0.18953900 0.07656400 0.19643250
v 0.25092399 0.17578350 -0.20064551
v 0.18533701 -0.16017500 -0.10389900
v 0.18732950 -0.16346151 -0.11080600
v -0.24881953 -0.01250587 0.18157150
v 0.23860000 0.19454400 0.19866250
v 0.16096705 0.18737273 0.02966420
v 0.22757950 -0.11774300 -0.17465700
v 0.24227600 -0.11011700 0.18336700
v -0.08991484 -0.10485275 -0.17610428
v 0.27892700 0.14290300 0.15622787
v -0.15705700 -0.16382200 -0.12542801
v 0.16782075 0.18236938 -0.19167325
v 0.10790275 0.17801538 -0.19262700
v -0.02249450 -0.16061938 0.04830113
v 0.14923118 0.10343938 -0.20131713
v -0.25128075 -0.10051425 -0.16541050
v -0.25574726 -0.09596525 -0.15804650
v -0.01695600 -0.16324800 -0.12724499
v 0.13695700 0.03285450 0.18935700
v -0.24586751 0.18704900 0.18764751
v -0.31093401 0.17815000 -0.07017537
v -0.29413700 0.18783200 0.12699351
v -0.30515900 0.17976825 -0.13459276
v -0.26726174 -0.07379300 -0.02962900
v -0.25446999 0.17704800 -0.12110000
v -0.24666651 0.17708474 -0.14028375
v -0.26776925 0.03017100 -0.16007562
v -0.10134200 0.18236950 -0.02242850
v -0.13883875 0.00519913 0.18616438
v 0.05869331 0.18090028 0.15097362
v 0.21414150 0.19014500 0.22230650
v -0.02203350 0.18640076 -0.07399663
v 0.21166675 0.18747149 0.18784600
v -0.26622969 -0.03442650 -0.11381338
v -0.18506201 -0.16267700 0.10901600
v -0.29304799 0.17973100 -0.19210950
v -0.27715099 0.05729100 0.02244600
v -0.27989170 0.06643331 -0.00359863
v -0.30751151 0.16186100 -0.12446350
v -0.28333351 0.18866350 -0.06918750
v 0.14829975 0.17993656 -0.15050575
v -0.07383600 -0.16053900 0.03626900
v 0.17847900 0.17993388 -0.14226951
v 0.15276043 0.18149781 -0.22755550
v 0.16104275 -0.10222450 0.18314600
v 0.29323876 0.19110925 -0.06888125
v 0.27503124 0.05731250 0.02358712
v 0.19828101 -0.18026100 -0.17059800
v 0.26383775 0.18063575 -0.21813662
v 0.05868175 -0.16374025 -0.08265075
v 0.27174938 0.05642737 -0.15079400
v 0.27526551 0.06923287 -0.03669138
v -0.01795362 0.09188862 0.19480474
v 0.08692400 -0.16111200 0.08417475
v -0.16331862 0.18312706 -0.19475959
v -0.22475199 -0.18429388 -0.17082162
v -0.23349300 -0.18352750 -0.16899724
v -0.25182724 -0.18471375 -0.12272250
v 0.28554249 0.19639950 0.01924650
v 0.26973000 0.18657200 0.03168800
v 0.09517350 0.11015450 -0.20187612
v -0.00102625 -0.15993787 0.00332463
v -0.05816775 0.04295500 -0.18739775
v -0.07203600 0.17703600 -0.16714101
v 0.12359314 -0.15005854 -0.17478776
v 0.22391374 0.18771875 0.14558050
v -0.29157624 0.18845350 -0.06637850
v -0.25227675 0.17469674 -0.22458024
v -0.16171919 -0.11949344 0.17999700
v -0.25384250 0.17990625 -0.21927451
v 0.23826350 0.18977550 -0.20945700
v -0.27261150 0.18520775 -0.13819975
v -0.25184050 0.18009099 -0.09081000
v -0.24515501 0.18340375 -0.07390750
v 0.20360924 0.09976700 -0.19801401
v -0.28393924 0.13004451 0.12298750
v 0.26211226 -0.07977025 0.11708050
v -0.18294229 -0.16733000 -0.17345084
v 0.27337375 0.06387437 0.09941775
v 0.27660951 0.07879750 0.11350900
v 0.26764226 -0.02322613 -0.10317300
v 0.30112562 0.18647476 -0.12082575
v 0.06205750 -0.04950350 0.18305451
v -0.14094387 0.06538031 0.19245644
v -0.17242800 -0.04033000 0.18350001
v -0.10979250 -0.06976650 -0.17710900
v -0.06778850 -0.03066787 -0.17869376
v 0.06393875 0.05546300 -0.18839826
v -0.26556051 -0.06044713 -0.08777775
v -0.25966150 -0.07810625 -0.14856850
v -0.30984882 0.18029594 0.07461312
v -0.27591300 0.05384025 -0.05122225
v 0.13122250 0.18223549 0.12760000
v 0.19684950 0.18011551 -0.13325299
v -0.02186175 0.18119875 0.16436701
v 0.12756699 0.17866699 -0.13521899
v 0.13060781 0.18632257 0.05403638
v 0.11168200 0.18655699 0.04732700
v -0.09606250 0.17719963 -0.12208225
v -0.04857662 0.18626088 0.01289275
v -0.18069975 0.18446837 0.14537776
v -0.00621983 -0.13946088 0.18191260
v 0.04012500 0.18477750 -0.10104850
v 0.06675150 0.18004274 -0.11519844
v 0.17381699 0.04095950 0.19079900
v 0.27748331 0.14734057 0.16553356
v -0.14556600 0.05990700 -0.19406600
v 0.13089800 0.01908500 0.19082201
v 0.12180875 0.18628825 -0.02908600
v 0.26294851 0.19158900 0.13114463
v -0.10755050 0.09519550 -0.19886400
v 0.29322776 0.19208938 0.15886450
v 0.07063850 0.18817350 -0.08281400
v -0.09758000 -0.09852400 0.18045300
v -0.17940681 0.02487900 -0.18753850
v 0.21009375 0.19074413 0.09246712
v 0.19981401 0.19084799 0.02620800
v 0.05522900 0.17849851 -0.12280500
v 0.23954569 0.12929225 0.19996081
v 0.18074401 0.18718812 0.06040562
v 0.15153538 0.18611206 0.01226350
v -0.01240806 -0.03672678 0.18299279
v -0.06257787 0.10013100 -0.19966026
v 0.09480338 0.18832962 -0.04792969
v 0.23509900 0.19126625 0.10313250
v 0.06089288 0.18744850 -0.06469675
v 0.02504263 -0.05768075 0.18321219
v 0.05491450 0.17859888 -0.13658963
v 0.15201800 0.18819501 0.05818875
v -0.05986888 0.18503663 -0.21796075
v 0.16042800 0.02862275 0.19108550
v 0.28886724 0.19392425 0.12583475
v 0.00327700 0.18734400 -0.20701800
v -0.13768876 0.12805624 -0.20357625
v -0.25878388 -0.10669763 -0.13032812
v 0.28473800 0.19398525 0.08476950
v -0.05634000 0.11488338 -0.20144263
v -0.04135738 0.18114331 -0.22691050
v 0.10550100 0.06304700 0.19209100
v 0.10109900 0.18560800 -0.09669800
v 0.27694386 0.19387862 0.11418875
v 0.29608425 0.18902025 0.17559375
v -0.01621125 0.17884125 -0.11614725
v 0.09817600 0.18483400 -0.01097800
v 0.16594724 0.18729125 -0.02434512
v 0.21519776 0.18771949 0.03805925
v 0.23538725 0.18881050 0.15087013
v 0.14434300 0.19084001 -0.04316300
v -0.10601850 0.17821525 -0.14867675
v 0.18780912 -0.13068232 -0.17437600
v 0.04867819 0.18407585 -0.22282660
v 0.01279200 0.18409801 -0.10249450
v 0.17656200 0.18568499 -0.00917800
v 0.14205600 0.18964300 -0.09243950
v -0.05119200 0.17757200 -0.13216600
v -0.05552500 0.17838387 -0.14231975
v 0.11894475 -0.05798637 0.18294038
v 0.20744300 0.18910649 0.01670763
v -0.20595093 -0.16657150 -0.00935719
v 0.08518900 0.02171100 0.18766800
v -0.05966400 0.17692050 -0.17670400
v 0.06904362 0.18573751 -0.04398062
v 0.08978737 0.18802419 -0.21063150
v 0.16963050 0.19230001 -0.05303000
v -0.05590900 -0.16285400 0.10435100
v -0.13057700 0.03779625 -0.18961200
v -0.26611969 -0.00220613 -0.14998212
v 0.25075975 -0.09982550 -0.16788100
v 0.18819650 0.02606400 0.19143400
v -0.26651049 -0.04391894 -0.09401250
v -0.25765738 -0.12833737 -0.13822301
v -0.23762301 0.05045300 -0.19053701
v -0.05159100 0.08789375 -0.19603825
v 0.02956800 0.18659675 -0.06131862
v -0.13084212 0.02165600 -0.18581000
v 0.24693450 0.18658900 0.04981550
v 0.16426425 0.18726675 0.10383300
v 0.15269876 -0.03806075 0.18437000
v 0.07872750 0.18521450 -0.02246500
v 0.20642024 0.18739413 -0.01790875
v 0.05665000 0.03102200 0.18817300
v 0.14663143 0.17999013 -0.12014650
v 0.28443626 0.15799551 0.09816525
v 0.11816150 0.07551800 0.19596775
v -0.15654637 0.18293756 -0.22013463
v 0.05151075 0.18992025 -0.02425925
v 0.11137400 0.18827900 0.09557700
v 0.21661125 0.19391306 -0.03612481
v 0.27298149 0.18719450 0.04367150
v 0.13507199 0.08816250 0.19783001
v 0.10167000 0.18795225 0.04826000
v -0.15547299 -0.16219500 -0.01345700
v 0.15964600 0.18805601 -0.10001550
v 0.00603250 0.12378000 -0.20244651
v -0.24928069 -0.14301699 -0.16021687
v 0.10880000 0.17840400 -0.17112200
v -0.24483900 0.18590800 -0.20621151
v 0.02829825 0.18815625 -0.04939425
v -0.05191900 0.18419200 -0.09816300
v 0.17803650 0.18398950 0.16456351
v 0.16294950 0.18482400 -0.11029300
v -0.02410875 0.06289325 -0.18953025
v 0.07515700 0.19257875 0.02449800
v 0.00131050 0.18560375 -0.06144675
v -0.27065000 -0.00788375 -0.06779525
v 0.27527851 0.19671351 -0.02847100
v -0.13479000 0.18020700 -0.18128450
v 0.03091387 0.08744863 -0.19891575
v 0.26493600 0.18857200 0.00714800
v 0.24375963 0.19497637 -0.04531213
v -0.08929900 0.18278550 -0.10266450
v 0.04156975 0.18936449 0.00315250
v 0.12841250 -0.11200900 0.18152900
v 0.05456700 0.18967301 0.03191600
v 0.29538101 0.19194750 0.02484850
v 0.03477500 0.18973100 -0.01747300
v 0.07091950 0.12504762 -0.20260300
v -0.12523888 0.17815644 -0.11548644
v 0.20151350 0.18612650 -0.10498275
v 0.16457312 0.18036850 -0.16385888
v 0.27109537 0.06963663 0.14659725
v -0.07821462 -0.03421725 0.18258050
v -0.04743350 -0.00039838 -0.18129012
v 0.06362925 0.10802375 -0.20004025
v 0.00018600 0.18500300 -0.02755900
v -0.11962537 -0.06267762 0.18141313
v 0.14018437 0.18009612 -0.18597813
v -0.23790750 0.18733224 0.13856976
v 0.08445916 0.18242359 0.12357791
v 0.16565619 0.18771119 -0.21566381
v -0.02930150 0.18977199 -0.02803750
v 0.01701700 0.18652500 0.00996500
v -0.26441696 0.13147500 -0.18851632
v -0.27046350 -0.04189950 0.01296025
v 0.23882499 0.18767799 -0.09587862
v 0.09366625 0.18187675 0.16213375
v 0.03599000 0.02196600 -0.18336400
v 0.29755849 0.18975624 -0.02695150
v 0.16233638 0.18060488 -0.17259613
v -0.04045100 0.18797199 -0.04787000
v 0.19866601 0.18598001 -0.18492176
v -0.12553450 0.18246050 -0.10281400
v 0.23598850 0.18717325 -0.21735574
v 0.24031231 -0.04999838 -0.17915037
v -0.22741875 0.18415500 -0.21460725
v 0.05706250 -0.16727100 0.16378824
v -0.22638531 0.18480900 -0.18083644
v -0.00555575 0.18896624 -0.00144675
v 0.00681300 0.18437999 0.02529800
v -0.02205584 0.18403800 0.11437147
v -0.18096319 0.17684194 -0.14060563
v 0.28735250 0.19421950 -0.05649550
v 0.25051001 -0.01537963 0.18166162
v -0.23740000 0.17883700 -0.22444500
v -0.01925450 0.18638299 0.00357900
v 0.02991181 0.13992828 0.20426475
v -0.27527851 0.05599325 -0.10622350
v 0.08146275 0.14593212 0.20509832
v -0.19509862 0.18926050 0.21290788
v -0.18627550 0.17796987 -0.15987638
v 0.04572225 0.18718675 0.10320050
v -0.04899600 0.18798999 -0.00828850
v -0.26120642 0.11544134 0.18976231
v 0.26161325 -0.12950775 -0.08414125
v 0.25638461 -0.02960700 0.17511013
v 0.27403775 0.06458300 0.06225800
v -0.06866488 0.18663338 -0.03766713
v 0.26582012 0.18753487 -0.09529950
v 0.27814800 0.19147649 -0.16316275
v 0.20839700 0.18433900 -0.17692424
v 0.16785425 -0.11074625 0.18148975
v 0.26128814 0.18891500 -0.11428975
v 0.26238051 0.18876626 -0.14227749
v -0.27206224 -0.01943156 0.02131188
v -0.24273919 0.18296981 -0.16408138
v 0.13194093 0.19348350 0.20976432
v -0.02350238 0.18701762 0.03103125
v -0.24058662 0.18509300 -0.18901013
v -0.27441174 0.02402800 -0.03832975
v 0.13231231 0.11235081 -0.20069243
v 0.28400412 0.19163775 -0.11207187
v -0.07848150 0.18310200 -0.02179200
v -0.24137200 0.17861600 -0.15337500
v 0.26491424 -0.02288300 0.15231501
v 0.29191375 0.19092000 -0.10645275
v -0.28193900 0.07779775 -0.04550550
v 0.03444750 -0.00343700 -0.18028450
v -0.27951899 0.09166900 -0.12478400
v -0.02187300 -0.05191675 -0.17704225
v -0.13929200 0.18935488 -0.04742388
v 0.26568913 -0.02960988 0.11310919
v -0.06038300 -0.16500700 -0.09300800
v 0.09203250 0.03354350 -0.18594874
v -0.06896400 0.18717900 0.01497900
v -0.28353599 0.11859700 -0.13089125
v -0.08016125 0.18337850 0.01698125
v 0.09750275 0.19171950 0.21778975
v 0.25626501 0.19107001 -0.19378950
v -0.05780050 0.18599875 0.07049575
v -0.02285600 0.18258600 0.13339800
v -0.20068400 0.18223099 -0.10378100
v 0.23468825 -0.00509750 -0.18447393
v -0.06994175 0.18702225 0.05136950
v 0.03857250 -0.04561450 -0.17701900
v -0.05277300 0.18639749 0.10194850
v 0.26410201 -0.07682700 0.13975200
v -0.08287600 0.08282900 0.19435699
v 0.28582451 0.19060975 -0.16660924
v -0.20562126 0.19192775 -0.04694400
v -0.28668174 0.18427899 -0.18154362
v -0.10298925 0.18268250 0.03962375
v -0.22775750 0.18228950 -0.10333600
v -0.03446187 0.17971469 0.15084000
v 0.11911875 0.04471725 -0.18774650
v 0.27454811 0.19011325 -0.19004725
v -0.13896938 0.18367612 0.00851225
v -0.22226706 0.19175394 -0.02978312
v 0.25669825 0.18679850 -0.21266937
v 0.13252200 0.02566000 -0.18480501
v 0.00714100 0.18522599 0.22884500
v 0.27670851 0.18701351 -0.20095050
v 0.23262425 -0.15421499 0.17763525
v 0.29316249 0.18685751 -0.17887500
v 0.28088650 0.16295525 -0.16278313
v -0.27565762 0.03813200 0.04383550
v -0.22386600 0.18706600 0.19285101
v 0.13256350 -0.03183300 -0.17852588
v -0.22051087 0.18282850 -0.08259212
v -0.29852700 0.18234700 -0.16206899
v 0.24280262 -0.14596243 0.17422450
v -0.13428076 0.18445775 0.03452625
v -0.23932400 0.18246150 -0.09513350
v 0.26815549 -0.01857050 0.04082650
v -0.03317550 0.18616162 0.19539225
v -0.06285178 0.19155709 0.20870331
v -0.08946450 0.10999900 0.20086800
v -0.20721143 0.18642519 -0.01777863
v -0.27965200 0.18597050 -0.13330600
v -0.22782800 0.18731850 -0.05834800
v -0.27702701 0.05210425 0.03818925
v 0.26476049 -0.05878350 0.08129950
v -0.27458701 0.04873100 0.09930000
v -0.10603075 0.18256475 0.14161400
v 0.26323101 -0.09709850 0.13722500
v 0.14177600 0.00654100 -0.18269400
v -0.19602300 0.18399800 0.00881800
v -0.15515424 0.07377625 0.19544674
v -0.19573624 0.18389051 0.03446275
v -0.28651962 0.13678950 -0.04931150
v -0.12629400 0.18643187 0.09011025
v 0.25405744 -0.14807543 0.15809287
v -0.28013250 0.07409450 0.08759800
v 0.27332225 0.05297000 -0.08302850
v 0.23005100 0.08469750 -0.19601600
v -0.12820651 0.18408288 0.11592425
v 0.25573599 0.11523100 -0.19217350
v -0.16568200 0.18503051 0.03749450
v -0.23118600 0.01407400 0.18994699
v 0.26545286 0.11640613 -0.18402851
v -0.08598182 0.18272713 0.18835443
v 0.27788299 0.09650200 -0.14662425
v -0.15266301 0.18058001 0.17038900
v 0.07730240 -0.09290242 -0.17559454
v 0.26693526 -0.05479128 -0.04870922
v -0.27328551 0.19039300 -0.03506900
v -0.24350400 0.02849950 0.18919151
v 0.09454100 -0.05961250 -0.17628050
v -0.16183250 0.18506549 0.07233450
v -0.26493475 0.18760026 -0.06900725
v -0.25069875 0.18919000 -0.00562025
v 0.26973450 -0.00529600 -0.05297175
v 0.26295513 -0.10656800 0.06267788
v 0.03978450 -0.16496450 -0.11168400
v -0.16841719 0.18620250 0.08867419
v -0.08681925 0.18705387 0.22391488
v -0.13228850 0.18043150 0.17525400
v -0.22166049 0.18532650 0.02360950
v -0.08756900 0.18982551 0.21738200
v 0.26496330 -0.09030775 0.03112844
v -0.23874950 0.04421450 0.19236900
v 0.17684799 -0.00171600 -0.18311299
v 0.15952399 -0.04304175 -0.17858182
v -0.23208100 0.07445900 0.19601899
v -0.27869749 0.06857200 0.11631200
v -0.16330862 0.18249613 0.15408932
v -0.18402644 0.10462268 0.19954766
v -0.22948951 0.18781251 0.00166100
v 0.26623300 -0.06871200 -0.01180200
v -0.30144012 0.18467712 -0.03362263
v 0.26316974 -0.12903838 0.02378556
v 0.21350875 -0.01483138 -0.18393438
v 0.10309818 -0.12076437 -0.17532180
v -0.20382819 0.18594256 0.09278031
v 0.17060179 -0.09005225 -0.17612831
v -0.21019500 0.18552175 0.11364650
v -0.28849199 0.19282299 0.00685150
v 0.26507732 -0.08212194 -0.06982950
v 0.21947950 -0.02697350 -0.18243800
v 0.26262951 -0.14440000 -0.00618500
v -0.25159475 0.10713813 0.19474150
v -0.28612900 0.14083426 0.09818925
v -0.23002499 0.13940950 0.20177150
v 0.26159701 -0.00708250 -0.16713800
v -0.24037699 0.11773250 0.19909200
v -0.28110975 0.18799099 0.04209500
v -0.26840401 0.18239599 0.07258200
v -0.17907549 0.18329450 0.17722000
v -0.22626001 0.18451400 0.15358201
f 6 7 8
f 1557 21 1012
f 47 53 468
f 1790 1321 571
f 769 6 55
f 477 896 131
f 195 196 193
f 1840 333 638
f 257 1316 1468
f 1290 208 418
f 985 208 1290
f 1106 325 324
f 631 338 741
f 195 338 196
f 178 183 565
f 363 134 360
f 841 238 220
f 1292 506 99
f 1321 94 1383
f 28 25 963
f 450 451 431
f 888 1248 1403
f 1436 769 188
f 766 529 1033
f 476 139 759
f 640 678 1901
f 135 476 136
f 1207 605 342
f 763 518 519
f 86 496 1940
f 1357 114 2041
f 106 981 114
f 124 122 514
f 524 525 535
f 527 491 84
f 153 531 912
f 887 153 533
f 373 380 1203
f 489 1653 544
f 400 204 1607
f 480 44 53
f 560 938 957
f 938 560 562
f 563 1346 941
f 806 819 817
f 867 10 980
f 5 1589 588
f 827 268 1087
f 434 736 347
f 608 251 607
f 425 442 439
f 214 622 621
f 206 225 836
f 336 213 328
f 422 65 872
f 2094 1436 1903
f 112 117 382
f 88 662 82
f 63 62 490
f 1382 390 672
f 556 866 1379
f 556 1379 1997
f 13 677 18
f 13 18 11
f 686 386 688
f 99 105 625
f 385 1212 687
f 424 877 699
f 704 371 372
f 506 1 20
f 1070 38 1600
f 712 711 363
f 957 562 883
f 468 714 939
f 177 163 162
f 978 169 177
f 183 184 48
f 91 528 93
f 343 738 740
f 744 332 600
f 1840 638 639
f 513 108 907
f 748 753 627
f 953 754 210
f 621 241 322
f 767 910 1307
f 1557 407 862
f 1390 314 315
f 1390 315 1087
f 767 153 449
f 569 175 771
f 1087 268 298
f 219 1147 399
f 250 398 557
f 798 283 295
f 438 973 591
f 821 264 312
f 74 948 685
f 836 225 760
f 873 333 621
f 325 338 324
f 325 1201 338
f 177 178 638
f 219 250 244
f 387 219 244
f 220 239 393
f 1339 395 215
f 448 443 27
f 866 1922 864
f 571 681 849
f 684 530 2
f 74 65 422
f 1406 780 172
f 159 160 880
f 1443 1442 449
f 765 139 887
f 852 59 470
f 895 1167 130
f 130 1167 486
f 524 536 525
f 1671 1013 119
f 120 521 109
f 1038 904 1035
f 904 908 905
f 114 494 493
f 951 668 1512
f 513 1171 517
f 882 121 160
f 86 517 496
f 536 524 492
f 1277 1768 352
f 576 926 842
f 249 319 250
f 1124 316 313
f 1511 691 386
f 282 285 283
f 796 283 285
f 883 938 561
f 74 63 948
f 206 836 1743
f 466 956 955
f 466 938 883
f 960 1191 945
f 525 737 930
f 965 432 964
f 438 963 966
f 698 752 658
f 552 1261 212
f 196 338 194
f 222 340 373
f 985 1290 610
f 208 985 610
f 1260 857 858
f 625 416 99
f 950 115 948
f 65 948 63
f 63 950 992
f 414 413 992
f 635 595 590
f 1386 490 1116
f 979 448 27
f 568 33 676
f 1261 1613 1020
f 129 116 128
f 93 510 509
f 1455 477 139
f 943 579 44
f 712 724 1281
f 820 813 267
f 330 331 814
f 1080 301 291
f 1413 289 1893
f 775 614 761
f 134 363 366
f 1862 144 644
f 117 658 382
f 1011 675 982
f 380 340 344
f 1789 271 824
f 813 331 929
f 376 226 976
f 2356 720 2370
f 398 553 557
f 1617 876 1061
f 1612 445 1956
f 83 61 729
f 892 759 139
f 451 450 897
f 1712 131 1636
f 465 146 764
f 1696 1167 1164
f 1010 1144 1737
f 89 497 505
f 2233 924 232
f 1750 211 2250
f 351 566 349
f 480 555 56
f 1412 1269 2131
f 937 936 281
f 318 228 201
f 345 422 133
f 1922 865 864
f 206 1743 209
f 1837 1877 1879
f 656 972 850
f 1276 193 196
f 344 421 373
f 1848 337 198
f 1596 1592 1762
f 753 329 747
f 1600 945 1191
f 770 833 175
f 507 1677 908
f 1332 976 1330
f 882 898 121
f 2233 1264 924
f 1336 392 393
f 120 522 1190
f 1044 1165 1271
f 179 1377 626
f 97 930 524
f 717 138 362
f 2011 657 377
f 16 1432 410
f 411 29 412
f 441 442 604
f 607 439 284
f 340 222 421
f 599 166 1992
f 31 30 28
f 107 103 104
f 2023 2005 1215
f 1423 1867 367
f 155 156 153
f 333 177 638
f 771 754 569
f 321 997 236
f 596 802 815
f 306 1796 293
f 2034 1499 1409
f 134 357 360
f 369 1422 381
f 1479 1482 548
f 404 865 23
f 421 222 373
f 2409 1348 1118
f 1190 141 467
f 936 937 935
f 1693 1690 1665
f 1720 1057 1952
f 451 1725 431
f 938 562 561
f 1131 1242 1538
f 1372 2412 1926
f 25 966 963
f 1437 1784 345
f 771 1419 754
f 418 617 1290
f 854 1321 1790
f 637 849 1252
f 69 1503 666
f 834 410 1515
f 686 687 386
f 377 378 104
f 31 28 1598
f 480 483 729
f 492 524 737
f 195 741 338
f 119 1013 114
f 322 241 1986
f 2301 2315 2086
f 294 792 298
f 335 2266 313
f 817 819 576
f 896 477 1157
f 169 170 177
f 220 205 841
f 134 366 1095
f 1576 211 984
f 768 1215 383
f 1599 869 1459
f 4 334 2
f 1615 880 1061
f 504 106 114
f 139 476 135
f 2081 2468 2472
f 911 143 1050
f 2098 1022 1717
f 1026 1697 1058
f 1972 1935 1353
f 1062 1298 1395
f 959 57 852
f 2061 1462 1332
f 53 44 45
f 782 961 829
f 268 294 298
f 957 561 562
f 1749 25 28
f 481 66 54
f 1164 1167 1656
f 1125 1765 701
f 896 463 131
f 566 1461 349
f 428 439 441
f 394 69 666
f 78 72 673
f 685 633 65
f 948 65 633
f 74 685 65
f 634 6 996
f 976 226 242
f 287 796 299
f 230 946 236
f 1229 321 946
f 955 957 938
f 15 593 14
f 1138 842 1338
f 118 999 334
f 999 118 188
f 1 999 8
f 999 188 55
f 457 758 1135
f 758 943 1135
f 1135 458 457
f 788 830 787
f 838 355 1490
f 1490 355 379
f 132 116 123
f 378 705 107
f 1993 2057 1387
f 372 700 104
f 698 1212 385
f 1220 1907 1806
f 820 267 276
f 292 1514 1517
f 815 818 323
f 78 673 674
f 1205 142 1248
f 76 70 669
f 988 1002 1523
f 1917 801 1493
f 1005 1184 2283
f 330 823 1535
f 254 805 1535
f 652 620 1109
f 647 652 1114
f 1114 652 861
f 1114 646 647
f 1315 1769 1555
f 862 407 22
f 1138 576 842
f 1012 1432 994
f 1515 410 1432
f 557 1267 249
f 63 490 950
f 835 1567 1526
f 1736 1526 1567
f 689 626 416
f 618 179 689
f 1786 696 415
f 340 421 344
f 380 373 340
f 449 773 774
f 604 425 1580
f 397 223 364
f 1564 1147 1563
f 1576 1258 1425
f 1258 1145 381
f 1256 381 1145
f 1576 1145 1258
f 132 361 1310
f 1123 1489 977
f 1225 87 983
f 26 1123 87
f 432 24 964
f 702 1588 595
f 1006 1480 1381
f 869 167 429
f 1226 1197 2095
f 87 585 446
f 778 553 398
f 1585 1761 1595
f 446 585 706
f 1373 664 1072
f 408 917 860
f 30 1192 1752
f 408 1591 1365
f 583 24 36
f 1596 1343 2114
f 577 1979 1226
f 1595 1598 28
f 1600 1191 1070
f 580 952 682
f 453 454 979
f 34 1021 578
f 1061 860 1615
f 1590 1364 1602
f 1066 583 36
f 1599 417 1431
f 1745 1747 567
f 1216 1094 138
f 1070 1025 939
f 1188 44 579
f 433 880 1615
f 885 714 468
f 153 774 773
f 1627 41 1623
f 436 1725 146
f 53 715 480
f 470 49 852
f 61 44 480
f 1048 1050 1442
f 1658 1699 2067
f 211 789 984
f 763 519 1954
f 1243 893 1013
f 1182 1034 1940
f 897 1453 513
f 524 535 97
f 100 735 96
f 903 519 518
f 786 401 190
f 493 1671 119
f 903 757 1667
f 949 507 109
f 114 981 494
f 1548 2477 2007
f 1650 930 1044
f 1457 526 1660
f 920 859 1428
f 510 962 516
f 1447 1045 1676
f 921 491 527
f 1701 1686 1648
f 1160 1656 486
f 540 502 1457
f 1694 1662 1708
f 1940 894 539
f 1359 1647 1633
f 909 1524 122
f 1247 1706 1255
f 890 1710 141
f 2048 1636 537
f 427 529 766
f 437 1205 888
f 153 156 531
f 1721 1946 1720
f 46 1060 58
f 1729 1483 1629
f 431 553 778
f 470 54 49
f 185 1607 445
f 174 778 781
f 933 560 2032
f 859 192 1341
f 1604 1444 52
f 401 785 182
f 1228 560 1064
f 1066 39 40
f 1738 1608 1609
f 853 187 186
f 1467 1295 1630
f 783 397 918
f 918 397 1257
f 939 731 38
f 1444 461 746
f 1625 1602 1364
f 1251 1737 1144
f 554 192 221
f 572 1749 30
f 391 204 229
f 1740 923 1967
f 578 1072 31
f 461 659 671
f 239 1073 393
f 27 2424 979
f 31 1192 30
f 1192 1072 671
f 2210 368 1256
f 233 247 348
f 360 724 712
f 1538 1760 252
f 1194 1342 1018
f 1739 1782 1971
f 134 1095 1863
f 879 180 14
f 2475 1787 1079
f 1993 990 180
f 1538 261 1131
f 696 1221 317
f 300 1202 1437
f 2475 2150 1787
f 2436 2482 1385
f 1906 339 1079
f 989 115 950
f 74 422 420
f 1377 2449 1716
f 629 422 633
f 1092 1291 1906
f 1378 625 105
f 471 1378 105
f 490 62 634
f 634 1092 6
f 532 118 334
f 854 1790 680
f 2116 1795 1794
f 1008 1552 1548
f 293 1905 792
f 936 287 934
f 2087 2301 2086
f 620 615 624
f 1418 2039 303
f 286 1980 1804
f 777 282 1323
f 947 296 1807
f 1277 331 841
f 1004 1533 1820
f 1195 1802 1811
f 2070 1909 1833
f 1839 1214 1496
f 787 589 788
f 856 72 710
f 710 72 78
f 717 728 2004
f 77 85 855
f 82 104 674
f 946 997 231
f 1518 1093 1520
f 627 753 628
f 1212 98 1303
f 88 700 662
f 1840 241 333
f 227 201 2082
f 88 104 700
f 741 630 631
f 1207 1850 739
f 1856 1851 844
f 354 194 338
f 1331 2354 1473
f 657 127 656
f 1076 970 1208
f 1333 846 727
f 1857 713 703
f 1094 362 138
f 128 132 1310
f 356 360 357
f 851 1844 150
f 727 968 148
f 1858 1845 2092
f 969 721 158
f 968 721 134
f 2019 1868 1855
f 972 127 850
f 170 718 163
f 1095 366 2002
f 654 752 129
f 728 1280 171
f 1280 342 171
f 158 347 736
f 127 374 709
f 183 48 177
f 1215 768 359
f 123 101 1873
f 1982 1995 1916
f 2070 1833 1825
f 2065 2026 2128
f 224 1878 213
f 329 627 628
f 1659 1234 1653
f 1890 1854 191
f 1890 191 611
f 1889 1886 1334
f 1106 324 246
f 58 544 64
f 2468 2456 2472
f 967 1533 1004
f 1533 967 620
f 1118 2333 2409
f 1214 1536 1805
f 1825 2017 2076
f 1890 611 597
f 1434 1203 987
f 811 782 776
f 1432 16 994
f 12 1560 1559
f 11 18 870
f 1912 1527 2088
f 1549 1539 2088
f 618 284 875
f 810 782 1501
f 415 345 137
f 618 875 217
f 415 696 396
f 1517 1019 292
f 875 693 217
f 1911 815 802
f 472 726 469
f 439 428 284
f 699 877 1476
f 2470 2024 1078
f 584 276 1117
f 1122 313 316
f 276 816 1117
f 166 599 591
f 9 587 1376
f 1589 95 588
f 1919 266 267
f 1779 1509 1492
f 939 715 468
f 1188 758 468
f 1751 1373 1072
f 1132 581 33
f 1070 1191 1603
f 708 1389 32
f 248 250 1501
f 453 1064 883
f 746 2113 733
f 955 956 561
f 883 560 957
f 1736 1968 1526
f 248 244 250
f 53 45 468
f 1963 1138 1338
f 389 842 845
f 574 572 37
f 799 1073 239
f 927 725 925
f 554 221 232
f 1028 547 1972
f 1715 1641 1639
f 395 216 215
f 393 392 1313
f 778 398 219
f 205 393 1313
f 1934 1034 1182
f 1657 1658 1711
f 487 1395 1298
f 1739 1944 1549
f 205 1313 917
f 1940 496 894
f 207 2053 1456
f 899 742 921
f 80 497 89
f 857 1408 858
f 857 1946 1408
f 664 580 682
f 1739 1601 1950
f 1053 874 1948
f 2109 1621 1947
f 898 1235 521
f 113 485 488
f 757 1631 1667
f 241 621 333
f 774 153 912
f 159 1156 881
f 1727 1631 1955
f 915 440 886
f 1724 1163 164
f 124 909 122
f 1160 486 1167
f 1705 1442 1443
f 1350 1961 154
f 1200 828 744
f 465 1530 751
f 1050 449 1442
f 537 456 455
f 1648 1691 1701
f 1651 1158 1160
f 977 1489 217
f 456 464 1161
f 1957 1644 1709
f 145 886 538
f 1403 1248 1046
f 464 456 463
f 1636 131 463
f 1712 139 131
f 896 464 463
f 1158 1656 1160
f 475 890 141
f 122 160 121
f 447 1161 152
f 32 1389 441
f 1651 1160 1453
f 194 648 745
f 485 2106 488
f 1033 962 520
f 1665 1047 1693
f 860 1061 876
f 1459 417 1599
f 1408 1593 858
f 1650 1044 1271
f 1677 905 908
f 548 202 211
f 915 397 783
f 1942 1945 512
f 1678 1690 1172
f 1578 1734 1254
f 915 223 397
f 521 913 109
f 278 195 193
f 109 913 949
f 1311 1772 1328
f 393 923 1336
f 1073 376 1967
f 235 924 353
f 878 699 599
f 1653 1234 544
f 348 247 256
f 1650 2369 535
f 840 341 1133
f 1713 540 1642
f 928 1771 1501
f 263 355 255
f 1288 1571 1220
f 262 335 353
f 835 825 808
f 805 253 1535
f 1124 348 256
f 263 327 258
f 819 807 576
f 814 823 330
f 319 1510 810
f 931 51 1444
f 44 1188 468
f 1415 1375 1797
f 733 809 932
f 746 884 932
f 1782 1527 1912
f 939 1025 715
f 883 561 956
f 1815 309 1233
f 1481 35 568
f 746 1023 682
f 563 583 1346
f 1418 303 1978
f 963 1595 28
f 268 827 598
f 995 105 99
f 1924 1366 1284
f 1883 1808 1900
f 19 590 1588
f 90 827 1087
f 1762 1226 1128
f 782 829 775
f 1981 438 966
f 1818 272 314
f 32 441 1765
f 1389 1225 441
f 963 1915 1585
f 1904 1987 2031
f 872 65 413
f 593 81 594
f 593 594 14
f 320 1818 1822
f 749 1822 2152
f 441 604 701
f 442 425 604
f 1992 878 599
f 1580 1777 1566
f 873 755 332
f 1203 1960 344
f 1960 1203 694
f 1960 380 344
f 631 630 750
f 214 839 336
f 1568 1993 1387
f 284 618 689
f 641 191 1854
f 137 345 133
f 416 625 689
f 1333 1778 846
f 1844 1421 150
f 872 414 633
f 414 872 413
f 18 409 870
f 65 992 413
f 20 8 7
f 680 640 854
f 677 21 18
f 1379 866 864
f 1293 22 407
f 675 1552 406
f 350 650 1280
f 848 123 2020
f 148 968 1863
f 712 651 1096
f 703 713 343
f 366 1208 2002
f 127 657 374
f 117 112 698
f 696 1781 1773
f 101 116 752
f 382 658 98
f 104 692 377
f 1879 1303 1511
f 1533 72 1820
f 1836 1382 665
f 384 670 1503
f 1531 1086 1827
f 967 951 1427
f 70 69 669
f 691 88 1302
f 1212 1303 1877
f 768 383 772
f 2006 2013 1880
f 363 1076 366
f 862 403 861
f 1552 1008 406
f 1009 865 404
f 1094 358 362
f 1997 1379 1793
f 865 18 993
f 407 1558 12
f 654 129 144
f 1870 2004 728
f 854 2122 636
f 343 1306 703
f 1092 1906 1787
f 346 850 848
f 1290 617 1777
f 847 170 169
f 396 317 609
f 428 693 875
f 428 875 284
f 181 1202 423
f 428 441 1225
f 1792 2082 200
f 104 82 372
f 2400 1118 2434
f 662 372 82
f 2027 632 1580
f 602 826 90
f 827 90 826
f 1853 189 1842
f 1842 189 1841
f 828 197 744
f 31 1072 1192
f 706 585 452
f 19 583 563
f 1743 1102 209
f 748 329 753
f 32 1766 945
f 676 33 581
f 1135 2394 1074
f 225 224 839
f 1021 34 1595
f 326 325 1106
f 575 35 1069
f 2007 2155 1108
f 458 579 943
f 883 562 466
f 2028 2031 1987
f 832 322 1986
f 1064 46 1228
f 809 719 49
f 611 1884 597
f 1509 1847 2083
f 656 365 972
f 315 314 831
f 59 51 1730
f 64 723 58
f 57 959 1641
f 615 652 647
f 269 303 971
f 1719 279 1113
f 58 1060 546
f 544 58 546
f 280 286 784
f 1977 1804 1980
f 354 651 712
f 934 282 281
f 1816 1189 1819
f 528 489 546
f 936 804 796
f 1272 2087 2086
f 1396 484 913
f 523 528 91
f 293 1796 1905
f 1398 1054 2104
f 1396 913 521
f 1186 299 285
f 1357 501 114
f 1181 1675 1155
f 1350 1684 502
f 1661 2043 495
f 520 962 511
f 477 1455 1157
f 135 136 1670
f 763 1651 518
f 464 896 1046
f 330 841 331
f 570 331 352
f 331 1277 352
f 763 462 1656
f 238 841 330
f 763 1954 462
f 2208 1164 462
f 1768 570 352
f 882 1030 898
f 1970 256 247
f 1524 1644 880
f 1442 1714 1048
f 1179 1370 370
f 156 2048 537
f 799 239 253
f 1281 1999 1783
f 881 1156 542
f 1957 876 1617
f 1456 1156 159
f 1721 1624 1728
f 842 389 1338
f 923 393 1073
f 984 785 1576
f 1477 2480 1223
f 186 552 853
f 216 395 919
f 781 778 399
f 1570 1591 216
f 205 402 922
f 237 205 922
f 790 212 388
f 1966 1174 1553
f 400 185 1612
f 1732 1593 1408
f 1365 917 408
f 364 223 840
f 379 355 391
f 1795 1545 2109
f 1263 1726 154
f 157 436 146
f 543 529 427
f 177 170 178
f 459 141 1262
f 526 1406 1152
f 1151 1618 2060
f 142 1046 1248
f 335 313 1122
f 1124 313 2266
f 1510 319 1267
f 183 197 828
f 1955 756 891
f 1708 1662 479
f 1376 430 1288
f 1185 1186 304
f 1019 1517 1917
f 1976 309 1487
f 907 1530 897
f 495 895 1164
f 475 522 1035
f 290 1804 306
f 510 516 509
f 297 791 795
f 194 745 196
f 2320 1911 1982
f 1801 1814 1491
f 282 283 1323
f 750 324 631
f 1112 1755 1502
f 1305 108 503
f 282 777 281
f 280 777 1980
f 1171 92 517
f 302 603 265
f 597 297 1890
f 281 831 314
f 1486 597 1884
f 1229 175 569
f 606 776 761
f 1832 1324 1897
f 1654 499 1700
f 836 832 1102
f 747 628 630
f 225 954 224
f 1783 648 194
f 1856 278 1279
f 1844 851 2021
f 1349 1638 482
f 1282 1758 1756
f 852 52 59
f 721 357 134
f 59 52 51
f 719 1723 1629
f 657 654 378
f 51 931 49
f 473 1228 46
f 776 782 775
f 1511 2011 692
f 385 1838 101
f 103 710 78
f 1752 1604 52
f 37 572 1752
f 686 1838 385
f 686 1885 1838
f 1836 390 1382
f 829 830 310
f 1925 1609 1608
f 72 856 1478
f 69 394 669
f 937 281 314
f 1754 1592 1747
f 667 1813 1828
f 1597 1609 1194
f 2027 1590 960
f 443 444 27
f 659 1192 671
f 1827 661 1485
f 9 444 443
f 423 877 181
f 632 1765 1125
f 861 403 646
f 647 646 998
f 1557 1558 407
f 21 993 18
f 1924 1284 1573
f 1 8 20
f 2 530 4
f 292 257 1468
f 1292 99 1454
f 426 878 1992
f 133 422 629
f 1984 1434 619
f 345 420 422
f 965 1574 1204
f 1287 1907 1569
f 373 1203 344
f 1575 380 1960
f 396 609 1121
f 1223 2480 1571
f 396 1218 415
f 689 623 986
f 1386 2165 1786
f 633 422 872
f 99 416 1454
f 2474 2337 974
f 2 1 29
f 17 3 81
f 11 1252 13
f 998 1559 1560
f 1765 1766 32
f 871 1293 12
f 1922 868 865
f 1557 1009 23
f 1590 1602 1603
f 645 1485 649
f 1066 1024 583
f 758 1188 458
f 1627 1623 1628
f 661 1086 663
f 551 1349 550
f 663 1086 1531
f 184 170 48
f 1730 725 66
f 66 59 1730
f 539 1934 1182
f 2014 1528 1882
f 1825 1833 1826
f 1395 487 735
f 674 688 1302
f 524 930 737
f 916 96 735
f 517 92 496
f 93 509 91
f 1171 496 92
f 501 504 114
f 930 97 500
f 2124 110 111
f 101 752 698
f 377 692 2011
f 2092 1495 1507
f 1355 1696 499
f 2470 1078 1438
f 299 807 804
f 493 119 114
f 127 972 365
f 851 126 125
f 1091 2149 1331
f 44 468 45
f 358 650 140
f 654 144 1862
f 306 307 812
f 887 1712 2048
f 1280 728 350
f 813 814 331
f 429 167 427
f 195 278 1874
f 195 1874 741
f 844 1874 1856
f 1392 738 343
f 1472 243 359
f 1472 1847 243
f 605 739 1848
f 743 901 176
f 191 641 1884
f 614 338 761
f 743 210 901
f 738 320 749
f 1850 1876 231
f 2028 2065 2128
f 230 231 321
f 570 260 929
f 244 1563 245
f 1174 1543 1553
f 1771 1563 244
f 1562 1768 1277
f 799 254 1073
f 67 927 539
f 1034 1028 1972
f 255 355 838
f 246 1814 1106
f 1462 1130 1541
f 1821 1899 1871
f 821 564 824
f 1812 1326 1112
f 821 1241 564
f 243 1509 1763
f 314 272 937
f 826 602 831
f 244 248 1771
f 1082 276 267
f 1795 2116 1545
f 1468 1514 292
f 1491 1464 1801
f 287 304 285
f 293 784 286
f 288 291 301
f 798 306 1804
f 279 311 1189
f 274 942 1189
f 293 286 290
f 934 281 936
f 1493 296 1019
f 826 598 827
f 295 306 798
f 2039 1080 291
f 304 1186 285
f 1272 1526 2087
f 770 1719 1113
f 770 1229 1719
f 1761 1476 1221
f 299 1186 807
f 584 820 276
f 1464 1497 1801
f 1755 1112 1891
f 321 1229 837
f 1193 1308 1089
f 227 318 201
f 807 573 576
f 176 1206 743
f 1267 319 249
f 512 504 501
f 565 183 828
f 169 639 178
f 1535 253 238
f 1473 1091 1331
f 1100 434 968
f 850 346 644
f 1861 1839 1496
f 799 253 805
f 850 127 848
f 1381 1889 1528
f 835 1136 1567
f 110 1504 375
f 976 242 794
f 559 976 794
f 374 658 752
f 387 244 245
f 112 382 1212
f 112 1212 698
f 1180 1748 801
f 109 1038 522
f 695 384 1857
f 120 109 522
f 372 662 102
f 1038 1035 522
f 976 1967 376
f 688 691 1302
f 1507 855 85
f 103 78 674
f 1459 869 429
f 233 1338 389
f 1522 2125 1830
f 1120 2463 2095
f 686 674 673
f 922 1562 237
f 1616 1311 1328
f 1518 1528 1889
f 387 1147 219
f 1328 1249 1616
f 778 219 399
f 1967 2216 1740
f 392 207 1456
f 203 204 400
f 1294 1008 1544
f 862 22 403
f 22 1559 998
f 915 918 168
f 409 868 870
f 11 870 868
f 680 678 640
f 1252 849 834
f 55 6 8
f 412 4 530
f 995 99 506
f 1984 619 471
f 1478 1820 72
f 989 133 115
f 418 1434 987
f 345 1784 419
f 1569 1907 1220
f 1726 1263 1340
f 182 427 190
f 877 424 426
f 251 1777 425
f 442 441 439
f 174 431 778
f 1341 437 173
f 599 699 1915
f 1431 167 869
f 553 431 1725
f 891 450 174
f 1759 17 707
f 1469 616 635
f 445 436 157
f 1474 1757 1983
f 895 1656 1167
f 1633 1733 874
f 960 945 1766
f 1603 960 1590
f 1074 1471 1135
f 1596 2114 2443
f 542 1708 881
f 454 453 883
f 1712 887 139
f 1161 455 456
f 1647 1733 1633
f 459 467 141
f 1604 461 1444
f 122 1524 160
f 43 1931 719
f 720 933 2032
f 51 49 54
f 2043 1661 147
f 475 141 522
f 1483 1729 481
f 906 479 1662
f 962 1243 516
f 1207 739 605
f 729 483 60
f 60 484 729
f 486 1696 130
f 1675 1670 136
f 1041 2286 1240
f 489 1969 1653
f 79 1969 489
f 86 1034 503
f 1686 1701 1691
f 499 1654 1355
f 108 517 86
f 108 86 503
f 485 527 515
f 1172 1680 1678
f 108 513 517
f 505 906 2105
f 121 521 120
f 513 1683 1171
f 521 121 898
f 1453 1683 513
f 1048 911 1050
f 903 518 897
f 897 756 903
f 1530 907 751
f 1674 1652 2059
f 522 141 1190
f 154 1961 1263
f 1613 1731 1684
f 1712 1636 2048
f 71 534 535
f 894 67 539
f 537 455 156
f 686 72 1885
f 139 765 892
f 1724 164 165
f 1447 1236 1933
f 1946 1728 1408
f 1601 1621 2109
f 1641 66 1639
f 1339 408 919
f 202 548 1482
f 723 46 58
f 482 550 1349
f 481 54 725
f 667 2125 672
f 388 212 1261
f 555 480 715
f 211 1576 2250
f 1444 51 52
f 131 139 477
f 1464 1564 1563
f 1188 579 457
f 461 1023 746
f 1749 572 944
f 575 33 35
f 813 929 260
f 1983 1913 1474
f 564 1923 824
f 1917 1463 801
f 671 664 1023
f 1373 1751 578
f 1782 1912 1798
f 309 2061 1487
f 1195 1888 1834
f 1595 963 1585
f 579 26 446
f 589 275 308
f 1509 1791 1763
f 1080 1418 1502
f 882 160 159
f 1505 776 1497
f 587 9 5
f 1201 762 606
f 804 936 592
f 795 791 305
f 961 1510 829
f 95 1589 587
f 596 302 958
f 269 971 288
f 1915 591 599
f 2085 797 1899
f 425 439 251
f 607 251 439
f 776 775 761
f 946 837 997
f 418 619 1434
f 625 623 689
f 627 329 748
f 199 201 1834
f 744 600 1200
f 414 948 633
f 2355 2343 2347
f 506 20 995
f 7 6 1092
f 199 200 201
f 866 640 1922
f 2122 640 405
f 642 2122 405
f 641 1854 644
f 2049 1995 2026
f 1550 643 405
f 1870 171 342
f 2020 641 346
f 645 642 643
f 1100 968 846
f 730 2075 1393
f 727 148 1855
f 2077 1007 1547
f 724 1380 1999
f 128 1310 144
f 127 709 361
f 649 653 42
f 1430 42 653
f 859 920 192
f 123 116 101
f 42 1430 661
f 1534 649 42
f 660 85 77
f 1880 2076 1547
f 82 1302 88
f 666 1534 663
f 1827 1337 2124
f 666 663 394
f 1880 2013 2076
f 951 1214 1427
f 615 620 652
f 666 1503 670
f 76 669 77
f 1528 1518 1882
f 1520 1882 1518
f 674 1302 82
f 1552 675 1011
f 1515 1432 677
f 640 868 1922
f 334 4 412
f 29 532 412
f 62 1092 634
f 684 29 411
f 1292 683 506
f 1511 1837 1879
f 385 687 686
f 629 115 133
f 690 418 623
f 88 691 692
f 284 986 418
f 251 608 1777
f 1568 1574 990
f 300 1121 423
f 662 700 102
f 85 660 1504
f 382 98 1212
f 1476 1915 699
f 98 657 1303
f 1303 657 2011
f 591 973 166
f 1194 1018 1581
f 371 700 372
f 1474 1767 1373
f 111 110 375
f 2446 1335 1299
f 1389 585 1225
f 2006 2015 2013
f 378 1862 705
f 1595 34 1598
f 711 1076 363
f 567 733 1745
f 53 47 715
f 2004 1756 1758
f 361 848 127
f 708 714 885
f 746 932 1444
f 733 932 884
f 468 758 885
f 360 1380 724
f 2018 978 718
f 931 1444 932
f 140 717 362
f 712 1281 354
f 1864 1392 713
f 343 713 1392
f 2069 730 1860
f 731 714 708
f 955 561 957
f 1729 1934 539
f 482 1638 71
f 1783 194 1281
f 536 492 737
f 491 921 732
f 1874 844 741
f 930 1650 535
f 206 209 434
f 178 639 638
f 899 527 742
f 631 324 338
f 832 1860 1102
f 1045 1951 1014
f 1014 1685 1045
f 747 630 844
f 639 1860 1840
f 1850 2121 739
f 740 738 749
f 114 1013 2041
f 907 108 751
f 124 514 1669
f 326 1201 325
f 671 1072 664
f 839 224 213
f 206 954 225
f 2105 1662 1694
f 328 213 755
f 332 755 1326
f 1359 1685 1014
f 476 1692 136
f 754 953 569
f 326 762 1201
f 1530 764 451
f 1858 1843 1845
f 1229 236 837
f 236 997 837
f 214 322 760
f 1822 1390 2152
f 143 460 1050
f 1720 1404 1721
f 1087 2152 1390
f 1421 1844 1110
f 538 886 440
f 153 887 155
f 1824 1111 1088
f 1443 449 774
f 90 1087 315
f 191 1884 611
f 1230 303 269
f 701 1765 441
f 831 777 598
f 598 777 280
f 182 190 401
f 298 2130 1087
f 606 277 776
f 915 783 918
f 1409 1499 1902
f 298 2131 2130
f 784 268 598
f 853 1338 187
f 1740 2053 207
f 1112 1418 1812
f 192 920 221
f 1502 1418 1112
f 792 2131 298
f 283 1977 1323
f 198 743 1206
f 234 233 389
f 791 297 1803
f 1497 776 277
f 1977 283 798
f 810 961 782
f 1118 2408 2434
f 283 796 804
f 1502 1755 1117
f 782 811 1501
f 1510 961 810
f 1277 841 237
f 814 813 820
f 804 586 295
f 1815 1416 309
f 806 586 804
f 319 1501 250
f 807 819 804
f 316 1124 1900
f 1538 252 261
f 306 295 307
f 818 1133 259
f 806 804 819
f 1517 1514 1521
f 814 820 584
f 2132 1796 812
f 1785 1126 2295
f 806 817 812
f 1081 1187 270
f 812 817 2132
f 259 323 818
f 1519 2063 271
f 300 345 1218
f 1130 1914 1414
f 1415 975 1370
f 804 592 299
f 1273 305 791
f 936 935 304
f 576 1532 817
f 603 302 596
f 240 1232 1019
f 238 330 1535
f 175 1895 771
f 1112 1326 1891
f 1138 1532 576
f 29 684 2
f 606 761 1201
f 1996 830 1318
f 411 412 684
f 837 230 321
f 321 231 997
f 1986 241 1840
f 225 839 760
f 805 254 799
f 214 328 873
f 1878 1988 1409
f 209 736 434
f 434 1100 206
f 924 235 232
f 843 840 223
f 162 978 177
f 177 48 163
f 968 434 347
f 1331 2149 2089
f 237 841 205
f 963 438 591
f 847 718 170
f 219 398 250
f 356 1380 360
f 2004 1870 1756
f 654 656 752
f 361 132 123
f 391 557 204
f 1570 1764 1591
f 850 144 656
f 216 1591 1339
f 216 1339 215
f 674 686 688
f 552 212 853
f 1382 672 665
f 1547 2076 2077
f 861 646 1114
f 173 1428 859
f 173 1435 1428
f 998 646 403
f 869 1599 1431
f 12 1559 871
f 834 681 410
f 1560 410 681
f 1790 545 980
f 678 680 1790
f 334 412 532
f 334 1 2
f 532 29 506
f 414 992 948
f 1291 62 74
f 2057 1092 1787
f 1728 1624 1732
f 214 873 622
f 623 1378 690
f 137 133 989
f 689 986 284
f 418 208 284
f 181 877 426
f 699 878 424
f 174 450 431
f 587 430 1376
f 983 428 1225
f 587 5 95
f 173 437 149
f 447 774 156
f 427 167 543
f 774 531 156
f 9 27 444
f 628 1104 630
f 1191 960 1603
f 531 774 912
f 881 882 159
f 149 437 888
f 706 457 579
f 1617 1644 1957
f 577 682 952
f 38 731 1600
f 196 1103 1276
f 449 1050 767
f 537 1636 456
f 692 691 1511
f 460 143 145
f 1406 526 1159
f 460 910 767
f 533 892 765
f 1632 1637 1625
f 1632 1625 1027
f 891 756 897
f 1243 889 893
f 1307 892 533
f 1307 759 892
f 1190 467 120
f 491 734 84
f 135 1670 896
f 1453 897 1651
f 1678 1699 1943
f 1680 1699 1678
f 700 371 704
f 500 97 900
f 903 1667 519
f 1167 1696 1355
f 704 372 102
f 657 378 377
f 1945 1942 2306
f 1038 109 507
f 897 518 1651
f 766 1033 520
f 896 1169 1046
f 1678 1665 1690
f 1580 1590 2027
f 128 116 132
f 891 897 450
f 540 1965 502
f 505 497 80
f 2051 1168 1439
f 712 363 360
f 417 1459 1482
f 1607 185 400
f 920 1428 1426
f 732 921 1394
f 162 163 718
f 1657 1711 2103
f 1715 1639 1654
f 484 1396 729
f 370 558 1179
f 1666 2102 1630
f 357 721 969
f 630 1104 750
f 237 1562 1277
f 925 539 927
f 196 745 1103
f 726 75 68
f 718 978 162
f 573 926 576
f 1543 1791 1776
f 61 1646 44
f 723 473 46
f 1320 928 1501
f 267 1525 1082
f 1320 1501 811
f 818 815 1911
f 1920 24 432
f 1608 1738 1645
f 309 1976 1233
f 592 287 299
f 719 809 43
f 293 792 784
f 1681 2394 1135
f 562 933 466
f 947 1019 296
f 777 1323 1980
f 1744 1926 1927
f 941 1346 1024
f 708 32 731
f 731 32 945
f 2315 1893 2086
f 1822 314 1390
f 941 1469 563
f 62 63 74
f 1346 583 1024
f 1023 461 671
f 1227 1200 600
f 1409 1902 755
f 578 1751 1072
f 210 754 901
f 1778 1333 954
f 1778 954 206
f 1194 1609 1753
f 187 863 780
f 333 873 177
f 535 525 930
f 2068 1846 1423
f 651 354 614
f 1343 1762 1128
f 48 170 163
f 632 960 1766
f 347 158 721
f 189 851 150
f 721 968 347
f 968 727 846
f 595 635 616
f 850 644 144
f 717 650 728
f 717 140 650
f 1913 1475 1474
f 1775 1371 1575
f 1371 1584 1575
f 200 199 1792
f 472 469 716
f 1495 855 1507
f 33 568 35
f 983 977 217
f 1288 430 1223
f 697 1221 1121
f 697 317 1221
f 1881 668 967
f 72 686 673
f 1121 300 396
f 607 284 610
f 208 610 284
f 380 987 1203
f 694 1203 2476
f 1825 1826 2017
f 396 300 1218
f 418 987 617
f 420 345 419
f 1906 1079 1787
f 471 690 1378
f 629 633 115
f 416 626 1454
f 115 633 685
f 77 855 76
f 685 948 115
f 948 992 950
f 950 490 1386
f 65 63 992
f 993 23 865
f 1384 2430 2433
f 1997 405 640
f 22 871 1559
f 678 10 867
f 677 13 1515
f 769 996 6
f 17 81 15
f 707 581 1132
f 1470 1865 1866
f 635 590 19
f 2009 367 1211
f 649 1485 1430
f 337 743 198
f 1139 2090 1063
f 1352 1655 1404
f 1952 1352 1404
f 1352 1952 2246
f 311 1241 821
f 988 666 384
f 384 772 988
f 645 649 2139
f 2473 647 1285
f 2239 1549 1527
f 999 55 8
f 2407 2446 2453
f 1842 1989 2030
f 1487 254 823
f 164 1163 2140
f 1488 1990 1333
f 1990 1488 2156
f 1319 2346 2168
f 1627 2078 1069
f 1069 1741 41
f 1069 41 1627
f 1441 2074 2457
f 1052 2159 2300
f 458 1135 579
f 2056 2185 1420
f 2137 1420 2276
f 830 829 787
f 157 1956 445
f 1150 2163 2164
f 2096 1287 1116
f 1287 2165 1116
f 1907 1287 2096
f 1120 2024 2463
f 2426 1920 2458
f 2098 1961 2308
f 2044 1149 2166
f 2117 2168 2347
f 2169 2104 2387
f 1460 2174 2336
f 1484 1211 2016
f 1505 1320 811
f 172 1152 1406
f 816 1082 301
f 2063 274 271
f 312 274 1189
f 306 293 290
f 1914 2312 1799
f 2107 1634 1635
f 1225 585 87
f 1111 2252 2231
f 1492 1509 2083
f 2304 2317 2225
f 1304 1830 2433
f 1613 1684 154
f 1976 2034 1233
f 2208 1661 1164
f 538 1648 145
f 1270 1245 1953
f 787 803 589
f 1982 1911 596
f 142 1196 1704
f 1046 142 464
f 1250 479 1030
f 2163 2098 1043
f 1196 1705 1704
f 2162 2311 2276
f 2339 1819 2327
f 2294 2115 2343
f 2342 1319 2309
f 2342 1375 1134
f 135 896 139
f 2296 2188 2196
f 1134 1084 2120
f 831 281 777
f 1344 1354 2223
f 1169 896 1670
f 2339 942 1107
f 1448 1698 1240
f 2299 1698 1448
f 2173 2292 2217
f 1817 1815 1985
f 2342 1134 2355
f 500 1449 1044
f 1851 1237 1198
f 514 122 1695
f 2143 1707 1173
f 942 1846 1107
f 1326 1892 1227
f 1671 493 509
f 749 2152 343
f 230 837 946
f 2043 1238 495
f 201 1195 1834
f 750 1104 246
f 1401 1036 1170
f 1271 1399 2331
f 2330 1059 1685
f 2279 1043 1679
f 1688 1679 1031
f 177 873 197
f 100 1181 735
f 523 91 512
f 796 285 299
f 1470 1206 176
f 2351 2329 2174
f 1682 503 2142
f 934 287 285
f 169 178 847
f 2128 2026 1995
f 2392 2145 2372
f 178 170 183
f 1423 2082 1792
f 1869 2126 605
f 1807 1327 1306
f 2065 1861 1998
f 2065 1998 2026
f 1965 540 1713
f 1679 2037 1278
f 1098 1869 1866
f 496 1654 894
f 2001 2392 2123
f 1862 644 1854
f 1654 1639 894
f 1183 1360 1452
f 1213 2367 2388
f 1360 1642 1457
f 2351 2174 1234
f 2174 2373 1234
f 1699 1640 2067
f 534 1638 1349
f 2070 1825 2013
f 1626 1496 1512
f 2373 2368 2377
f 1723 1934 1729
f 2158 2127 1056
f 752 709 374
f 1632 60 1637
f 1639 725 927
f 2234 2255 1734
f 2159 1446 1649
f 772 359 768
f 1909 1507 1504
f 56 1637 60
f 2370 720 2032
f 1296 2390 1643
f 551 550 2369
f 725 1483 481
f 1643 2364 1296
f 1520 2428 2008
f 2012 1836 2427
f 2360 1465 2072
f 1925 2029 2038
f 2124 1504 2447
f 1506 390 2012
f 2453 2462 2407
f 2430 1384 1882
f 1744 2384 2403
f 50 1066 40
f 951 1512 1214
f 586 307 295
f 2147 2148 2406
f 1141 2434 1055
f 2379 1060 2424
f 1066 36 39
f 2072 1753 1925
f 733 2113 577
f 585 708 885
f 1363 2440 2078
f 2420 2411 2444
f 36 2416 39
f 1285 2471 2438
f 1594 1467 2442
f 1592 2097 1747
f 2371 2409 2452
f 1551 1210 2338
f 1611 2460 2074
f 2076 1898 2077
f 1800 1007 2077
f 1371 1775 2025
f 1128 2141 1343
f 642 2224 2081
f 2027 960 632
f 871 22 1293
f 998 1011 982
f 636 2081 1663
f 1197 1226 1373
f 1373 1767 1197
f 12 1558 1012
f 5 588 95
f 94 636 1663
f 490 634 996
f 684 412 530
f 2463 2024 2141
f 1759 1770 974
f 2096 1116 769
f 1588 702 964
f 626 1377 1454
f 1572 1806 2302
f 2451 1388 430
f 1984 2476 1203
f 26 1074 1123
f 1476 1585 1915
f 1218 345 415
f 1120 1289 1287
f 1910 879 974
f 14 180 702
f 2457 2478 1583
f 974 1583 2474
f 609 317 697
f 1221 423 1121
f 2175 2302 2482
f 1202 300 423
f 2025 1960 694
f 2175 2482 2459
f 1288 1219 1376
f 2095 1289 1120
f 2025 1775 1960
f 2452 1716 2449
f 610 608 607
f 990 1574 702
f 1581 2150 2475
f 181 1581 2475
f 1078 2024 1120
f 2457 2460 2476
f 1777 617 1566
f 696 1786 1289
f 1287 1289 2165
f 879 594 974
f 690 619 418
f 1782 596 1971
f 1761 1913 1983
f 619 690 471
f 420 419 1291
f 2458 432 965
f 625 1378 623
f 3 594 81
f 2408 1118 1348
f 1454 779 683
f 1903 188 902
f 410 1560 12
f 1012 21 677
f 21 1557 23
f 998 982 2338
f 404 23 1009
f 27 9 2424
f 637 1252 11
f 616 676 15
f 583 19 1588
f 24 1920 36
f 1596 1372 1592
f 2076 2017 1898
f 1372 1596 2443
f 580 1979 952
f 1085 2468 2224
f 2025 1611 2410
f 2414 2426 1366
f 2431 2422 1589
f 1592 1926 2097
f 1544 2007 1108
f 2147 1372 2148
f 2416 2426 2399
f 2466 1085 2139
f 883 956 454
f 2376 2472 2465
f 1296 2420 2422
f 955 938 466
f 1929 944 37
f 43 1742 1931
f 466 1295 956
f 1735 1597 2423
f 1744 1927 1137
f 2148 2402 2406
f 1003 2155 2007
f 1465 2112 1753
f 2468 2401 2456
f 1214 2015 1536
f 669 663 1531
f 2100 2412 2099
f 1064 1060 46
f 374 98 658
f 1337 1827 1826
f 1608 1645 2029
f 2033 1137 1927
f 2447 1531 1827
f 1637 555 1025
f 2016 1533 1335
f 2445 1003 1506
f 1730 51 54
f 1363 2078 1181
f 959 852 49
f 1056 2381 2158
f 1735 551 1738
f 84 2383 2391
f 1029 2374 2387
f 1481 1713 1360
f 1093 1213 1498
f 85 1504 1507
f 2247 1175 2282
f 1146 1628 1362
f 1028 1934 1445
f 1231 1052 2103
f 988 383 2005
f 1143 2375 726
f 1234 2373 64
f 1177 2360 2038
f 383 1215 2005
f 2052 1156 1456
f 2016 1211 367
f 1099 2378 2401
f 988 1001 1300
f 1457 1642 540
f 1217 1209 1520
f 1611 2025 2460
f 2407 2415 2446
f 125 822 851
f 1697 1348 1153
f 1854 1881 705
f 1854 1916 1881
f 999 1 334
f 80 2371 2036
f 80 1703 2371
f 656 654 657
f 1659 1653 1969
f 2008 1140 1065
f 539 1182 1940
f 1626 2003 1998
f 523 489 528
f 722 1280 650
f 1679 1278 2353
f 346 848 2020
f 1998 1861 1626
f 2092 1845 1495
f 523 512 79
f 1308 1097 2149
f 1756 1869 1282
f 1498 1222 1217
f 2015 1839 2013
f 1504 2124 111
f 357 158 1860
f 1792 199 2396
f 2151 2415 2365
f 100 96 916
f 895 1700 499
f 1864 1857 1871
f 1945 79 512
f 1872 2022 1090
f 2279 1679 1688
f 722 1852 1280
f 1864 1871 1392
f 1691 1356 1686
f 1240 2305 2322
f 2281 2334 1354
f 908 1038 507
f 1852 1207 342
f 1953 1162 1039
f 1685 1053 2330
f 509 493 91
f 1687 57 1450
f 1869 605 1848
f 193 1276 1140
f 1400 2068 2380
f 1398 2167 2303
f 898 1681 1235
f 1327 1807 1832
f 338 614 354
f 1402 2310 2274
f 206 1100 1778
f 2082 201 200
f 1872 1090 1851
f 1832 1897 1327
f 214 336 328
f 1692 1155 136
f 1953 1309 1162
f 2317 2304 2145
f 1413 1893 2372
f 139 1157 1455
f 1227 1329 1200
f 873 328 755
f 747 1851 1198
f 213 336 839
f 1350 154 1684
f 1888 199 1834
f 324 750 246
f 895 486 1656
f 613 1844 1227
f 1991 1821 2366
f 839 214 760
f 476 1307 910
f 2340 946 231
f 1606 2129 2281
f 2023 2160 2363
f 463 456 1636
f 2143 1691 1257
f 1068 1647 2264
f 1106 1814 762
f 1068 1733 1647
f 1724 1402 1163
f 1262 141 1710
f 1345 1694 1708
f 1610 147 1661
f 2251 2167 1411
f 1904 2064 1987
f 1161 142 152
f 1166 1406 1159
f 1644 1617 880
f 90 315 831
f 1816 1275 754
f 1949 1406 1166
f 831 602 90
f 1442 1601 1714
f 541 190 427
f 1725 436 553
f 1883 2035 1808
f 1941 876 1957
f 168 440 915
f 942 2063 601
f 2119 2287 2345
f 2345 2287 1195
f 1324 2083 1897
f 1798 603 596
f 1739 1950 1944
f 2204 1618 2207
f 1586 2221 435
f 435 2051 1586
f 1257 168 918
f 2178 2217 2226
f 2186 2051 161
f 173 859 1341
f 1899 797 1500
f 940 1082 1110
f 2268 2135 2298
f 2168 2256 1319
f 1259 2054 1732
f 392 860 1313
f 1063 1939 1139
f 1803 1486 1083
f 1339 1591 408
f 289 1413 808
f 2135 2268 2291
f 1941 2193 1561
f 2040 2042 2161
f 289 1081 1272
f 1578 2182 1734
f 1601 1739 1971
f 1082 288 301
f 1508 1799 2280
f 2186 2216 1967
f 1966 1962 1174
f 2215 1614 2184
f 1239 807 1186
f 1782 1798 596
f 1417 1491 1237
f 1900 1973 1122
f 2205 2093 2182
f 1517 1463 1917
f 1411 2215 2199
f 1962 1260 991
f 2211 1429 1774
f 2212 2204 2225
f 1930 2220 417
f 2084 1570 216
f 1150 2164 2091
f 1780 1174 1962
f 1921 273 261
f 1119 273 1921
f 1788 2283 1914
f 264 821 274
f 2294 1368 1266
f 1367 1328 2297
f 2283 1788 1005
f 1422 1258 381
f 2138 1368 1968
f 262 1264 335
f 2284 2238 2262
f 1417 1564 1491
f 1005 1769 1184
f 1789 1923 2046
f 790 1565 1532
f 254 226 1073
f 1017 1424 1546
f 1415 1370 2238
f 1314 1410 1417
f 840 1133 364
f 2250 1315 1750
f 1938 1794 2047
f 1938 1973 1794
f 1315 2263 2134
f 1554 1975 1546
f 2266 2233 348
f 1970 1513 2045
f 1367 1556 2249
f 1542 1772 1311
f 2254 2227 1005
f 1005 2227 2232
f 1264 262 353
f 566 351 1010
f 1780 1962 1367
f 1546 1975 1017
f 1420 2185 1407
f 2047 1795 2109
f 1264 2233 2266
f 2425 2016 367
f 1015 1554 1561
f 2132 1251 1461
f 2243 2046 2179
f 2179 2205 2243
f 226 559 794
f 1779 1776 1509
f 2284 1415 2238
f 267 813 1919
f 2291 2268 1417
f 1918 2154 2084
f 327 1267 258
f 1010 2209 2245
f 1796 1461 2269
f 2157 1083 1374
f 1519 1325 1317
f 2293 2267 975
f 976 1541 2186
f 1963 790 1138
f 2243 2205 1537
f 2275 2267 2293
f 266 1525 267
f 1914 2283 2133
f 2240 2054 2181
f 2040 1791 2042
f 1510 327 275
f 218 1179 558
f 1241 311 1126
f 216 2180 2084
f 2231 2157 2287
f 1976 1487 823
f 245 1563 1147
f 1782 2239 1527
f 2116 1835 1539
f 1519 2252 1111
f 785 1145 1576
f 790 1963 853
f 1479 548 1750
f 2179 2093 2205
f 417 2220 2194
f 1142 1068 2213
f 792 1905 1412
f 2230 2229 2192
f 1063 2090 2091
f 1586 2184 2221
f 1500 2035 1124
f 2282 1175 1129
f 1069 2078 1759
f 829 803 787
f 1811 1083 1486
f 1324 296 1492
f 542 2052 1740
f 2184 1614 164
f 2055 1948 1733
f 2055 1733 1068
f 2282 1129 1193
f 1714 1601 1971
f 1071 2163 1150
f 1071 1022 2163
f 1090 2291 1417
f 2439 2024 2383
f 1812 1418 1978
f 1273 2320 1982
f 2304 2237 2145
f 1111 601 2063
f 2313 2294 2344
f 598 280 784
f 2080 2195 2203
f 2188 2201 2196
f 436 445 1607
f 958 1896 596
f 1610 1616 147
f 1275 1819 2339
f 1709 1262 1948
f 1431 543 167
f 433 159 880
f 1957 1709 2193
f 2203 2171 1431
f 1433 2246 1952
f 296 1832 1807
f 296 1324 1832
f 829 310 775
f 880 1617 1061
f 1491 1814 1104
f 168 1257 538
f 915 886 1714
f 1726 1613 154
f 1899 1818 320
f 2363 2160 2161
f 156 155 2048
f 1275 2339 1400
f 614 775 310
f 228 2345 1195
f 1737 1263 1717
f 462 1954 151
f 152 142 1704
f 2343 2115 2347
f 1989 1842 1841
f 2028 2128 958
f 1994 1989 1841
f 1326 1227 332
f 2273 1722 2226
f 766 541 427
f 1033 529 889
f 1706 2043 1616
f 1710 1032 1053
f 747 329 628
f 1162 1403 1046
f 1860 832 1840
f 767 1307 533
f 2121 1850 231
f 1616 2043 147
f 337 230 210
f 2366 1821 1495
f 1227 1844 1329
f 2098 1717 1263
f 1414 1914 2133
f 359 243 2023
f 739 2121 1848
f 151 1954 1667
f 465 1673 146
f 2299 2278 2305
f 1254 2296 2196
f 476 910 1692
f 1268 1648 1686
f 846 1778 1100
f 1222 2162 1217
f 1673 1672 1956
f 1169 1040 1046
f 727 1855 1488
f 893 2265 2277
f 2393 2311 2367
f 1866 1869 198
f 2392 2001 2317
f 978 639 169
f 2070 2066 2071
f 736 1860 158
f 1097 2089 2149
f 1268 1155 1692
f 2143 1173 1691
f 2292 2316 2285
f 1096 1996 2001
f 650 851 1853
f 2018 2069 1860
f 1451 2143 2300
f 2070 2071 1909
f 730 1380 356
f 2001 2123 1096
f 1401 2274 1141
f 148 1863 2019
f 499 1696 895
f 2274 2310 1141
f 2123 711 1096
f 1863 968 134
f 106 504 512
f 851 358 1094
f 2296 1668 1052
f 970 655 1208
f 1154 1037 1238
f 1687 508 900
f 91 106 512
f 616 15 14
f 822 2021 851
f 2105 1703 505
f 949 1677 507
f 1961 1965 2308
f 1271 2331 1650
f 1632 1051 1677
f 1520 1093 1217
f 1677 949 914
f 2404 123 1873
f 1512 1881 1626
f 752 116 129
f 535 900 97
f 921 527 899
f 2151 2446 2415
f 1503 855 1857
f 2393 2367 1334
f 1236 1447 1059
f 2441 2378 1099
f 1034 2142 503
f 2009 1484 1335
f 1334 1886 2393
f 1098 2445 1506
f 1836 1101 2427
f 988 772 383
f 1516 2435 2004
f 1300 1001 2437
f 2356 1460 2341
f 1658 1657 1699
f 1522 1836 665
f 1101 1836 1522
f 2038 498 1177
f 2456 2401 2455
f 2455 2401 2419
f 2125 1831 1830
f 2308 1965 2348
f 1833 2124 1826
f 1645 2369 2362
f 2468 1099 2401
f 1031 2353 2111
f 71 2369 482
f 2014 1529 1528
f 1362 1623 1183
f 1051 1632 1027
f 1699 2158 1640
f 2038 2029 2362
f 2104 2169 2310
f 1086 661 1827
f 1297 1002 2466
f 2073 1381 1528
f 481 1729 925
f 1723 1445 1934
f 1478 1004 1820
f 1371 1347 1059
f 1059 1347 1236
f 1445 547 1028
f 1894 2438 1210
f 1810 967 1427
f 1640 2158 1441
f 1628 1298 1062
f 59 725 470
f 1533 624 1809
f 1826 1827 1800
f 2385 1295 720
f 1622 2390 2405
f 469 2402 716
f 2364 2391 1296
f 466 720 1295
f 2100 2146 2412
f 1929 1752 551
f 998 2338 1285
f 1296 2411 2420
f 1620 1481 941
f 1008 1551 406
f 474 39 2416
f 2390 1296 2431
f 1609 1597 1738
f 939 714 731
f 982 406 1551
f 1997 1793 1550
f 1009 1793 865
f 1446 1231 1363
f 1465 1753 2072
f 636 2122 642
f 1283 2410 1611
f 12 1012 994
f 2324 2429 2374
f 1560 681 571
f 1716 902 779
f 2097 1926 1744
f 7 1092 1664
f 2010 1092 2057
f 2337 1664 2010
f 2094 1903 2400
f 2097 567 1747
f 779 1377 1716
f 1741 1069 35
f 452 585 885
f 2337 2474 1664
f 1291 419 1906
f 33 575 1132
f 457 706 452
f 1525 266 2257
f 1757 578 1021
f 2416 1920 2426
f 2450 2434 1141
f 2452 2449 2036
f 617 987 1575
f 987 380 1575
f 1568 990 1993
f 1120 1287 1569
f 2442 448 1594
f 2114 2141 2443
f 180 879 1993
f 1571 1288 1223
f 1762 1592 1754
f 1221 696 1913
f 581 707 15
f 1579 1284 1366
f 1992 181 426
f 1580 1566 1584
f 2422 2451 1589
f 2141 2095 2463
f 2141 1128 2095
f 1123 1074 1489
f 2417 2175 2459
f 2175 2417 2429
f 87 446 26
f 1376 2448 9
f 2458 1573 1579
f 1438 1286 2470
f 2074 2460 2457
f 1476 1761 1585
f 1471 1074 26
f 17 1759 3
f 1475 1781 1587
f 1777 1580 425
f 1194 1753 1342
f 2175 2469 2302
f 693 428 983
f 2114 1343 2141
f 1075 1781 1289
f 1781 1075 1587
f 1192 659 679
f 580 664 1226
f 580 1226 1979
f 2431 1589 2442
f 2440 1759 2078
f 1604 1752 1192
f 1747 1226 1754
f 609 697 1121
f 2400 2434 2450
f 1078 1569 2479
f 1132 1069 1759
f 2422 2420 2451
f 2452 2409 2333
f 2394 2036 2449
f 1568 1387 1573
f 2036 2371 2452
f 563 1469 19
f 1924 1342 1753
f 2150 1387 1787
f 1597 1981 2423
f 2405 2431 2442
f 2439 2413 2443
f 1434 1984 1203
f 1481 568 941
f 956 1594 454
f 989 1386 137
f 420 1291 74
f 1231 2432 1363
f 2337 2010 1908
f 1385 1806 1436
f 1664 1092 2010
f 1454 1377 779
f 1116 996 769
f 1927 2412 2146
f 545 849 637
f 545 637 11
f 1974 2416 2399
f 988 2005 1001
f 1480 1663 2318
f 50 1620 1066
f 659 461 679
f 1025 1625 1637
f 1278 2414 2111
f 1623 1481 1360
f 642 2139 1085
f 1481 1620 50
f 1713 1481 2348
f 1294 1544 1108
f 652 1427 1007
f 2356 2385 720
f 2067 1640 1391
f 1935 2110 2384
f 959 66 1641
f 1006 2073 2477
f 2318 2376 1381
f 1974 2037 478
f 2473 2464 624
f 2112 2360 2166
f 1749 28 30
f 534 1349 57
f 57 1349 852
f 1381 2376 1889
f 2037 1974 1278
f 1826 2124 1337
f 2325 2099 1351
f 1650 2362 2369
f 75 732 68
f 68 732 1394
f 1828 2125 667
f 1478 1881 967
f 1042 528 1060
f 1889 1334 1213
f 1699 1680 2127
f 76 69 70
f 665 672 2125
f 2341 1666 2356
f 103 674 104
f 2455 2419 1829
f 2006 1880 1547
f 2349 2357 2334
f 1666 2341 1301
f 1398 1029 1054
f 1153 2350 1703
f 83 521 1235
f 1039 1702 1183
f 2321 2349 2334
f 916 735 1146
f 698 385 101
f 503 1682 1305
f 2329 1397 2323
f 498 2166 1177
f 1040 1169 1146
f 1702 1040 1146
f 2437 1001 2441
f 2009 1211 1484
f 1045 1685 1676
f 2004 2435 126
f 2335 2261 1042
f 1675 1181 100
f 495 1238 1700
f 1149 1688 2166
f 2428 2149 1091
f 2438 2445 1098
f 2407 2438 1098
f 1041 1942 1689
f 101 2404 1873
f 1450 73 2307
f 1176 1301 485
f 1044 930 500
f 1216 2004 1094
f 2004 126 1094
f 1173 1356 1691
f 709 656 361
f 508 1449 500
f 822 2018 2021
f 367 2009 2000
f 1674 1450 1652
f 128 144 129
f 1095 2019 1863
f 2271 2259 2319
f 1457 502 1958
f 1958 526 1457
f 847 2018 718
f 2098 2308 1043
f 1013 1671 1243
f 1667 1954 519
f 2404 1867 1792
f 2230 2223 2173
f 1014 1647 1359
f 2264 1647 1951
f 1209 1217 1405
f 541 511 2261
f 356 357 1860
f 1860 730 356
f 2286 2290 1240
f 889 962 1033
f 1243 962 889
f 366 1076 1208
f 1868 2156 1855
f 479 1250 1708
f 2253 2277 2265
f 2060 2129 1151
f 1159 526 1958
f 1722 2106 2278
f 1279 1872 1856
f 2272 1240 2290
f 2427 2004 1758
f 1718 1165 2101
f 1306 1327 2083
f 1856 1872 1851
f 1102 1860 736
f 741 844 630
f 1846 227 1423
f 1276 1103 1140
f 1400 1107 2068
f 740 749 343
f 1621 1205 554
f 447 455 1161
f 447 156 455
f 2372 1893 2344
f 2162 1322 1217
f 210 230 236
f 2050 1344 2223
f 1734 2255 1254
f 2248 2260 2236
f 1988 1878 224
f 1849 2136 1835
f 1718 1440 2058
f 2020 1486 1884
f 754 1275 1105
f 1985 1990 1817
f 2051 1439 1345
f 2138 1344 2050
f 2061 1332 1330
f 1428 1246 1152
f 1946 1057 1720
f 1400 2339 1107
f 1736 1605 1151
f 2051 435 1168
f 1948 1262 1710
f 780 863 172
f 1613 1261 1731
f 2198 2200 2236
f 1495 1871 855
f 175 833 1895
f 855 1871 1857
f 392 433 860
f 2093 2234 1734
f 1057 1946 857
f 2216 161 1740
f 1737 1340 1263
f 1593 1732 2054
f 552 186 1949
f 2192 2217 2178
f 935 937 272
f 395 1339 919
f 204 553 1607
f 402 205 917
f 786 785 401
f 1904 2031 1798
f 1791 1115 1763
f 919 2180 216
f 1251 1340 1737
f 1567 1605 1736
f 1968 1736 1606
f 2191 2194 2220
f 305 1982 795
f 282 934 285
f 786 1145 785
f 1976 1499 2034
f 2313 1368 2294
f 1567 1618 1605
f 2207 1618 1567
f 2153 2154 1918
f 791 1911 2320
f 182 429 427
f 229 400 1361
f 2227 2183 2195
f 2186 1967 976
f 2212 1490 1361
f 1147 1564 1410
f 1179 2198 2238
f 2206 2210 2215
f 270 1272 1081
f 1526 1272 270
f 2247 2282 1322
f 2280 1788 1508
f 273 1119 582
f 2040 1115 1791
f 2185 2197 2247
f 582 1269 273
f 1179 2238 1370
f 1719 2295 1126
f 270 1187 1526
f 1760 1180 252
f 596 323 1971
f 250 557 249
f 1410 1564 1417
f 1266 2050 1540
f 2257 1570 800
f 264 274 312
f 2211 2268 2298
f 2133 2283 1184
f 271 821 824
f 1540 2202 2170
f 308 327 263
f 1975 1126 1785
f 1241 1554 564
f 1973 335 1122
f 1545 2116 1539
f 2137 2056 1420
f 2202 2192 2170
f 1265 2046 1923
f 2268 1774 1417
f 1184 2134 2133
f 2247 2197 1175
f 258 1267 355
f 2133 2134 2263
f 1241 1126 1975
f 1970 2045 256
f 2240 1249 1328
f 1124 2266 348
f 2262 2219 2254
f 1525 800 2084
f 2134 1769 1315
f 1769 2134 1184
f 1461 1251 349
f 261 252 1921
f 2087 1968 2270
f 1129 1175 2211
f 2257 800 1525
f 2225 2204 2237
f 1513 845 573
f 926 573 845
f 2091 2090 1242
f 2269 2091 1242
f 248 1501 1771
f 2237 2207 808
f 1251 351 349
f 929 331 570
f 1554 1015 564
f 1554 1546 1561
f 825 1526 1187
f 1491 1564 1464
f 842 926 845
f 1561 1546 1424
f 1425 1315 2250
f 2269 1242 1412
f 566 1010 2245
f 1251 1144 351
f 1462 2289 1130
f 327 1510 1267
f 1152 863 187
f 976 559 1330
f 1425 2250 1576
f 370 2228 558
f 186 780 1949
f 2227 2191 2232
f 1462 2061 309
f 1513 1500 2045
f 2309 2293 975
f 348 2233 233
f 2256 2275 1319
f 369 381 1256
f 226 376 1073
f 1499 1976 584
f 1760 1538 1139
f 2228 2214 2187
f 1266 1368 2138
f 2084 800 1570
f 2193 2055 1561
f 2197 2185 2208
f 1328 2137 2311
f 287 592 304
f 2219 2183 2227
f 991 2189 793
f 2227 2195 2080
f 397 364 1257
f 388 1020 1565
f 2209 1010 1022
f 1893 289 1272
f 2312 1914 2289
f 1500 1513 1899
f 1527 1549 2088
f 1811 1802 1083
f 1804 290 286
f 1982 297 795
f 279 1189 1816
f 991 858 2189
f 2206 1586 2051
f 1084 1416 1817
f 2179 2213 2234
f 2181 2054 1259
f 2160 1115 2040
f 1229 2153 1719
f 269 288 940
f 919 408 1016
f 408 860 1016
f 1895 833 1113
f 1019 947 240
f 1717 1022 1010
f 2226 2177 2178
f 958 265 603
f 2145 2237 1413
f 1067 2188 2176
f 1807 1312 947
f 2168 2346 2347
f 1948 874 1733
f 164 2140 2221
f 1605 1618 1151
f 318 1846 601
f 2120 2359 2355
f 1835 1823 2064
f 780 1406 1949
f 1822 749 320
f 738 1899 320
f 1871 1899 738
f 2201 2157 2196
f 2030 2340 1876
f 2315 2344 1893
f 2421 1611 2074
f 2212 1956 2259
f 2248 2236 2200
f 954 1990 224
f 1946 1721 1728
f 1020 1613 1726
f 1392 1871 738
f 480 549 61
f 2260 2248 2272
f 2217 2273 2226
f 1329 828 1200
f 1848 2121 230
f 1253 2059 1352
f 844 1851 747
f 1431 2171 889
f 744 197 873
f 1876 1207 1852
f 1875 828 1329
f 2162 1222 2388
f 1166 1159 1731
f 1435 1245 1246
f 177 197 183
f 151 2208 462
f 2389 2372 2343
f 343 1312 1807
f 1694 1345 1439
f 1331 2089 2354
f 543 889 529
f 153 767 533
f 1151 2129 1606
f 1916 1890 1982
f 2066 1839 2065
f 2005 2023 1001
f 2419 2361 2311
f 2026 1998 2003
f 2026 2003 2049
f 2068 1423 2000
f 1853 851 189
f 639 978 2398
f 1403 1162 1309
f 1958 1684 1731
f 911 886 143
f 2277 2288 2041
f 2107 1170 2079
f 722 650 1853
f 194 354 1281
f 1165 1449 2101
f 2018 1860 2398
f 158 357 969
f 2019 1855 148
f 2251 2303 2167
f 1667 1631 1049
f 1270 1953 1274
f 358 851 650
f 1165 1399 1271
f 1507 1858 2092
f 1453 1160 1167
f 465 1305 1673
f 1867 101 2425
f 2425 367 1867
f 1170 1153 2079
f 2003 1626 1916
f 1685 1359 1053
f 2008 1091 1140
f 2418 2000 2009
f 752 656 709
f 1305 1682 1673
f 2441 1001 2378
f 2430 2008 1065
f 1857 703 695
f 1671 509 516
f 2273 2285 2316
f 1154 1655 2307
f 1357 1041 1689
f 100 1169 1670
f 1214 1839 2015
f 1241 1975 1554
f 2332 2330 1053
f 527 113 742
f 1838 2425 101
f 2336 2322 2305
f 1971 915 1714
f 1433 1962 1966
f 1965 1961 1350
f 905 1677 1051
f 916 1146 1169
f 1170 1697 1153
f 76 1503 69
f 1503 76 855
f 856 103 1881
f 390 1836 2012
f 1516 1522 1830
f 1398 2104 1402
f 888 1205 1248
f 1882 1831 2014
f 669 1531 660
f 660 1531 2447
f 1451 1649 1707
f 2351 1234 1659
f 2466 1002 2437
f 1668 1178 1052
f 1003 672 390
f 394 663 669
f 1533 1299 1335
f 523 79 489
f 1358 1699 1657
f 1036 1141 1055
f 1297 1534 1002
f 2307 1641 1715
f 620 624 1533
f 1108 1210 1294
f 2437 2468 1085
f 2144 1936 2271
f 2174 1460 2368
f 624 615 647
f 624 647 2473
f 2081 2472 2376
f 2242 1006 2477
f 1548 2007 1544
f 1551 1294 1210
f 729 1396 83
f 1800 1898 2017
f 1935 1936 2144
f 1551 1008 1294
f 2077 1898 1800
f 2224 2468 2081
f 1006 2242 1480
f 1446 1707 1649
f 2111 1932 1031
f 1031 1932 2112
f 1935 2384 1936
f 1557 862 1007
f 1713 1642 1360
f 1321 1552 1011
f 1997 640 556
f 545 868 867
f 105 995 471
f 2271 1137 2352
f 1637 56 555
f 1027 1364 2330
f 1936 2384 1137
f 725 54 470
f 2093 2179 2234
f 2094 2400 2481
f 217 1377 179
f 2165 1289 1786
f 1219 1220 1806
f 618 217 179
f 419 339 1906
f 2333 1118 1903
f 1583 2478 2474
f 2337 1908 1910
f 1640 1369 1391
f 2467 1077 2469
f 1438 1477 1223
f 161 542 1740
f 1438 1078 1477
f 2158 2381 2421
f 180 990 702
f 2413 2383 472
f 2413 472 716
f 430 1438 1223
f 461 1604 679
f 2029 1925 1608
f 883 1064 560
f 1744 2403 1742
f 2461 2444 2470
f 453 1060 1064
f 1584 1590 1580
f 632 1125 1580
f 746 682 2113
f 2408 1348 1026
f 454 1594 448
f 1597 1581 1992
f 1759 2440 1770
f 2405 2442 1467
f 2147 1746 1372
f 30 1752 572
f 2374 2429 2417
f 1128 1226 2095
f 1372 2443 2148
f 1745 577 1747
f 2442 1589 5
f 1363 2432 2440
f 2457 2454 1441
f 1926 1592 1372
f 578 31 34
f 707 1132 1759
f 1135 1471 579
f 2025 2410 1371
f 676 616 1469
f 579 446 706
f 1600 731 945
f 2169 2450 1141
f 1192 679 1604
f 2432 2454 2440
f 2449 1000 2394
f 979 2424 453
f 1194 1581 1597
f 364 2062 2176
f 1762 1343 1596
f 1598 34 31
f 1754 1226 1762
f 1757 1474 1373
f 457 452 885
f 2391 2024 2411
f 1625 1070 1602
f 2451 2461 1286
f 1481 1623 35
f 2099 1372 1746
f 1466 1611 2421
f 1075 1197 1767
f 457 458 1188
f 1924 1753 2112
f 1920 432 2458
f 933 562 560
f 1992 166 973
f 1347 1371 2410
f 2099 2412 1372
f 1735 944 1929
f 809 733 43
f 1770 1583 974
f 1581 181 1992
f 1623 41 1741
f 1475 1587 1474
f 1744 1137 2384
f 712 1096 711
f 1924 1573 1582
f 1388 1438 430
f 2099 2147 2406
f 1123 977 983
f 2111 1366 1932
f 1580 701 604
f 1735 1929 551
f 1927 2146 2033
f 47 468 715
f 2470 2444 2024
f 1445 1931 2110
f 1228 2373 2032
f 1575 1566 617
f 1077 1376 1219
f 959 49 1629
f 2184 164 2221
f 75 472 2383
f 1575 1960 1775
f 52 852 1349
f 2100 2033 2146
f 2302 2469 1572
f 2352 1137 2321
f 279 1719 311
f 725 1639 66
f 56 60 483
f 1572 1219 1806
f 1935 1972 547
f 626 689 179
f 1394 1143 726
f 2332 1027 2330
f 732 75 491
f 995 20 1984
f 1650 2038 2362
f 71 535 2369
f 1664 1984 20
f 1806 2096 769
f 1034 1972 1353
f 769 55 188
f 532 779 118
f 902 188 118
f 640 2122 854
f 1176 2364 1643
f 980 10 1790
f 1666 1643 2102
f 868 409 865
f 18 865 409
f 21 23 993
f 737 525 536
f 675 406 982
f 1394 742 2316
f 1238 1037 1654
f 2292 1351 1143
f 57 1687 534
f 1295 1467 1594
f 1668 1657 1178
f 505 80 2036
f 1173 1458 1356
f 1008 1548 1544
f 921 742 1394
f 1703 80 89
f 1031 1679 2353
f 2166 1688 1031
f 1181 1395 735
f 1148 1274 1452
f 2314 1460 2305
f 914 1632 1677
f 505 1703 89
f 512 501 1942
f 2438 2462 2473
f 1398 2303 1029
f 1943 1358 2255
f 2073 1813 2477
f 1672 2328 2259
f 1529 1813 2073
f 1085 2466 2437
f 1299 624 2464
f 981 91 494
f 1051 2332 1032
f 108 1305 751
f 1776 1553 1543
f 1942 1041 1240
f 1014 1951 1647
f 1706 1238 2043
f 2106 2314 2305
f 2376 1886 1889
f 72 2016 1885
f 124 1669 1644
f 1889 1213 1093
f 1164 1661 495
f 130 1164 895
f 1951 1693 2264
f 1044 1449 1165
f 2438 2407 2462
f 759 1307 476
f 1705 1196 1205
f 1352 2059 1652
f 465 764 1530
f 893 889 2265
f 1805 2015 2006
f 2044 1165 2241
f 1504 660 2447
f 1648 1268 145
f 1247 1721 1706
f 1881 103 705
f 1335 2446 2151
f 1882 2008 2430
f 2281 2235 1606
f 889 2172 2265
f 1411 2167 1724
f 2004 2427 1101
f 705 103 107
f 1304 1494 1516
f 658 117 698
f 2058 2059 1253
f 447 152 774
f 1506 2427 1758
f 1626 1881 1916
f 1626 1861 1496
f 110 1833 1909
f 2218 2253 2172
f 1168 435 1634
f 1634 1439 1168
f 2419 2401 2361
f 1854 705 1862
f 654 1862 378
f 1722 1964 1619
f 857 1433 1952
f 1952 1057 857
f 359 2023 1215
f 1857 1864 713
f 655 970 2123
f 2244 2108 2164
f 1731 1261 1949
f 1732 1624 1259
f 1612 1956 1361
f 2187 2177 1964
f 1941 1957 2193
f 2235 1968 1606
f 2396 2020 123
f 2388 1222 1498
f 174 781 1727
f 1792 2396 2404
f 1410 1631 1147
f 1281 724 1999
f 1314 1429 1410
f 1179 2200 2198
f 1995 2049 1916
f 2022 1872 1279
f 1959 1947 232
f 1341 192 554
f 857 1260 1962
f 2191 2203 2194
f 2189 858 1593
f 1280 1852 342
f 984 202 1459
f 1740 207 1336
f 2382 2389 2343
f 1930 417 1479
f 1423 227 2082
f 2179 2046 2213
f 1103 1783 1393
f 209 1102 736
f 2055 1068 1015
f 1507 1849 1858
f 1964 2228 2187
f 2343 2355 2382
f 1591 1764 1562
f 1308 1209 1089
f 790 388 1565
f 1209 1405 1089
f 210 743 337
f 2252 1254 2231
f 600 332 1227
f 1542 1311 2056
f 1750 1930 1479
f 238 253 239
f 1538 1242 1139
f 2192 2178 2256
f 1541 1414 2206
f 1891 755 1902
f 1994 1110 1989
f 2128 1896 958
f 2028 1987 2065
f 1105 1275 1199
f 2365 1199 1275
f 1811 1486 2020
f 1407 2185 2247
f 2135 2354 2089
f 2311 2361 2297
f 1315 1425 2263
f 1265 564 1015
f 1400 1224 1275
f 243 1115 2160
f 1923 564 1265
f 1084 2359 2120
f 1521 801 1517
f 1088 2345 1824
f 1016 1975 1785
f 1420 1407 2276
f 2269 2245 2091
f 1570 1919 260
f 833 770 1113
f 2162 1407 1322
f 2267 1370 975
f 1988 1985 1815
f 364 818 2062
f 823 254 1535
f 2152 1087 1468
f 1982 305 1273
f 606 1801 277
f 2326 2312 1084
f 1980 286 280
f 1532 2132 817
f 1323 1977 1980
f 308 1127 589
f 308 263 255
f 271 274 821
f 1269 1131 273
f 1189 2327 1819
f 1416 1462 309
f 1519 271 1325
f 803 1510 275
f 1375 2284 2326
f 311 312 1189
f 2040 2161 2160
f 291 288 2039
f 1499 584 1117
f 1883 1124 2035
f 818 791 1803
f 2168 1540 2170
f 2311 2137 2276
f 1525 1110 1082
f 2063 1519 1111
f 2301 2270 2315
f 1413 2237 808
f 589 1127 830
f 1835 1794 1973
f 2063 942 274
f 304 592 936
f 292 1019 1232
f 940 288 1082
f 1193 2211 2298
f 904 1038 908
f 812 307 586
f 1374 2287 2157
f 1239 1186 1185
f 2086 1893 1272
f 2342 2309 1375
f 2327 942 2339
f 1269 1242 1131
f 1816 1819 1275
f 1816 1419 1895
f 2186 161 2216
f 303 1892 1978
f 2084 2154 1525
f 1541 1332 1462
f 1542 1328 1772
f 1918 2084 1785
f 1487 2061 1330
f 1266 2115 2294
f 2345 1088 2119
f 1409 1988 2034
f 2133 2263 1414
f 303 1230 940
f 1968 2087 1526
f 1089 2282 1193
f 1133 341 259
f 314 1822 1818
f 2275 2228 2267
f 326 1106 762
f 1316 1232 240
f 2046 2243 1317
f 628 1198 1104
f 1537 1317 2243
f 2042 1174 1780
f 2152 1316 343
f 1193 2298 1308
f 1097 1308 2298
f 1541 976 1332
f 224 1985 1988
f 1083 2157 1067
f 255 838 1127
f 258 355 263
f 1779 801 1776
f 1823 2065 1987
f 1888 1811 2020
f 655 2397 2002
f 310 651 614
f 901 754 1105
f 1774 1314 1417
f 1312 343 1316
f 2344 2343 2372
f 1783 745 648
f 2262 2222 2219
f 332 744 873
f 2210 1414 368
f 2411 1296 2391
f 1464 1563 1771
f 2378 2161 2361
f 1267 557 355
f 901 1105 1470
f 1010 351 1144
f 954 1333 1990
f 2249 2189 2054
f 1938 235 353
f 122 121 120
f 1329 1844 1875
f 727 1488 1333
f 229 379 391
f 565 828 847
f 1962 991 793
f 122 120 1695
f 1073 1967 923
f 2396 1888 2020
f 639 2398 1860
f 1776 1748 1966
f 1870 342 2126
f 2378 2361 2401
f 1861 2065 1839
f 2407 1865 1470
f 2222 2238 2198
f 2397 2389 2382
f 2382 1868 2397
f 2222 2183 2219
f 730 1393 1999
f 203 400 229
f 1256 1145 786
f 786 2190 2210
f 2389 2397 655
f 1577 1578 1254
f 553 204 557
f 2206 2215 1586
f 1140 2022 1279
f 1142 2213 2046
f 1591 922 1365
f 2222 2198 2183
f 2197 2208 1175
f 857 1962 1433
f 785 1459 182
f 860 1424 1017
f 2214 2177 2187
f 1147 1727 781
f 2435 822 126
f 822 125 126
f 1516 1494 822
f 1857 384 1503
f 1411 1724 1614
f 2185 2056 2208
f 2056 1661 2208
f 433 1615 860
f 2056 1610 1661
f 2164 2241 2091
f 1831 2125 1828
f 2091 2241 1718
f 1512 1496 1214
f 2464 2462 2453
f 2441 1099 2468
f 2172 2253 2265
f 1955 174 1727
f 1624 1247 1255
f 1440 2059 2058
f 1166 1731 1949
f 774 1705 1443
f 1894 2155 2438
f 2076 2013 1825
f 1004 1478 967
f 1809 1299 1533
f 2465 1829 2376
f 2007 2477 1813
f 1262 1709 459
f 2260 2277 2253
f 2213 1665 2255
f 1718 2101 1440
f 1714 886 911
f 1297 2466 2139
f 1047 1665 2258
f 1810 1427 652
f 1669 1709 1644
f 1800 1827 1485
f 1268 1692 460
f 862 861 1007
f 120 467 1695
f 642 2081 636
f 1694 1153 1703
f 868 1901 867
f 868 640 1901
f 410 12 16
f 1305 465 751
f 909 124 1644
f 1165 2044 1399
f 1993 2010 2057
f 897 513 907
f 1908 2010 1993
f 2400 1903 1118
f 2096 1806 1907
f 1683 1453 1355
f 1437 339 1784
f 610 1290 608
f 1000 1377 1489
f 2449 1377 1000
f 1623 1741 35
f 1220 1219 1288
f 2322 2306 1240
f 696 1289 1781
f 1683 1355 1171
f 2469 1077 1572
f 1120 1569 1078
f 339 1202 1079
f 181 1079 1202
f 2341 2314 1301
f 2460 2025 2476
f 2450 2436 2481
f 2261 2335 2324
f 2323 2322 2329
f 965 964 1574
f 350 728 650
f 2454 2457 1583
f 1924 1582 1342
f 2451 430 587
f 515 84 1176
f 527 84 515
f 1458 1181 1686
f 93 528 1042
f 1765 632 1766
f 1373 1226 664
f 964 583 1588
f 1058 1697 1036
f 1921 252 1521
f 2394 1000 1074
f 1700 1238 1654
f 1452 1457 1148
f 2420 2461 2451
f 1969 79 1659
f 254 1330 559
f 1146 1183 1702
f 1657 1052 1178
f 1369 1441 1231
f 1183 1146 1362
f 341 843 1971
f 733 577 1745
f 1744 1742 2097
f 2097 1742 567
f 1029 2303 2324
f 1707 1446 1458
f 2148 2413 716
f 2414 1366 2111
f 1735 2423 944
f 64 544 1234
f 84 734 2383
f 83 1646 61
f 1965 1713 2348
f 2127 1933 1056
f 1347 2410 1283
f 539 925 1729
f 2324 2335 2379
f 1371 1364 1590
f 1027 2332 1051
f 2369 1645 551
f 1627 1062 2078
f 1283 1466 1933
f 1347 1283 1933
f 1723 1931 1445
f 2385 1630 1295
f 551 1645 1738
f 2391 2364 84
f 2103 1391 1231
f 726 2375 469
f 2373 473 723
f 2348 1481 50
f 2349 1137 2033
f 2377 2032 2373
f 2159 1231 1446
f 2390 1622 1643
f 75 2383 734
f 2369 550 482
f 2099 2386 1351
f 474 478 2037
f 1627 1628 1062
f 1348 2409 2350
f 2350 2409 2371
f 469 2386 2402
f 1031 2112 2166
f 1351 2375 1143
f 57 1641 73
f 1639 67 894
f 2310 2169 1141
f 1353 1935 2144
f 2127 1447 1933
f 2350 1153 1348
f 1466 1283 1611
f 1630 1622 1467
f 2390 2431 2405
f 1301 1643 1666
f 551 1752 1349
f 1932 1924 2112
f 1622 2405 1467
f 1369 1640 1441
f 1296 2422 2431
f 43 567 1742
f 52 1349 1752
f 1295 1594 956
f 2399 2426 2414
f 1353 2144 2142
f 534 900 535
f 1681 505 2036
f 2331 498 2038
f 1158 1651 763
f 2348 2037 1679
f 1356 1458 1686
f 1925 1753 1609
f 1070 1603 1602
f 1951 1045 2127
f 2159 1649 1451
f 1399 498 2331
f 1689 1942 501
f 1350 502 1965
f 2158 2074 1441
f 1037 1154 2307
f 1357 1689 501
f 1981 1597 1992
f 511 93 1042
f 635 19 1469
f 1039 1452 1953
f 964 24 583
f 2296 1052 2300
f 81 593 15
f 2459 2436 2417
f 91 981 106
f 2426 2458 1579
f 2143 1451 1707
f 526 1148 1660
f 2467 2424 2448
f 479 505 1681
f 511 510 93
f 1474 1587 1767
f 1674 1687 1450
f 14 594 879
f 1953 1452 1274
f 2424 2469 2429
f 1286 1438 1388
f 113 488 2273
f 2434 2408 1055
f 2470 1286 2461
f 1246 1148 526
f 1450 2307 1655
f 2277 2041 893
f 2365 2415 2407
f 1221 1913 1761
f 2143 2188 2300
f 904 475 1035
f 1078 2479 1477
f 2101 1449 1674
f 2188 2296 2300
f 1513 1970 247
f 2106 2273 488
f 1655 1154 1404
f 1220 2479 1569
f 2436 2459 2482
f 2244 1043 2279
f 1573 1204 1568
f 2167 1398 1724
f 2079 1153 1694
f 1489 1377 217
f 2452 2333 1716
f 1669 459 1709
f 2476 1984 2478
f 1721 1404 1706
f 2260 2272 2290
f 2482 2302 1806
f 1048 1714 911
f 989 950 1386
f 1454 683 1292
f 2333 902 1716
f 1436 1806 769
f 998 1560 571
f 998 571 1011
f 545 867 980
f 1705 1621 1442
f 1255 1706 1616
f 2248 2278 2272
f 874 1053 1633
f 882 881 1250
f 1635 2221 2274
f 56 483 480
f 146 1725 764
f 1009 1550 1793
f 1431 889 543
f 1635 1634 435
f 1007 1805 1547
f 2204 2259 2271
f 1428 1435 1246
f 649 1297 2139
f 1947 1621 232
f 1724 165 1614
f 437 1341 554
f 2218 2236 2253
f 1959 2109 1947
f 1259 1255 1616
f 1410 1429 1049
f 2195 2172 2171
f 1456 2053 2052
f 1805 1536 2015
f 182 1459 429
f 1381 2073 1006
f 661 663 42
f 1813 1003 2007
f 1311 1616 1610
f 1311 1610 2056
f 2472 2456 2465
f 1809 624 1299
f 2190 786 190
f 1479 417 1482
f 922 402 1365
f 2453 1299 2464
f 2465 2456 2455
f 1616 1249 2181
f 2176 1257 364
f 790 853 212
f 72 1533 2016
f 789 202 984
f 1828 1529 1831
f 1529 2014 1831
f 1299 2453 2446
f 660 77 669
f 1002 1300 2437
f 1739 1549 2239
f 1254 2157 2231
f 1015 1068 1142
f 730 2069 1859
f 786 2210 1256
f 710 103 856
f 2016 1335 1484
f 1769 2191 2220
f 1870 728 171
f 725 59 925
f 1422 1425 1258
f 1837 687 1212
f 1212 1877 1837
f 2084 2180 1785
f 386 687 1837
f 234 247 233
f 1490 2212 1318
f 1384 2433 1830
f 1304 1516 1830
f 384 695 1306
f 801 1521 1180
f 1306 772 384
f 781 399 1147
f 1833 110 2124
f 2425 1885 2016
f 1932 1366 1924
f 1066 1620 1024
f 378 107 104
f 341 840 843
f 1334 2367 1213
f 570 1768 260
f 2196 2157 1254
f 1174 2042 1543
f 2418 1335 2151
f 2009 1335 2418
f 1217 1093 1498
f 2018 1494 1859
f 1517 801 1463
f 1526 825 835
f 1328 2249 2240
f 1540 2115 1266
f 2042 1791 1543
f 2263 368 1414
f 144 361 656
f 140 362 358
f 1788 2254 1005
f 1208 655 2002
f 1859 1065 730
f 2019 1095 2002
f 1325 2046 1317
f 1789 2046 1325
f 1306 2083 772
f 2021 847 1875
f 2115 1540 2117
f 1242 1269 1412
f 1096 651 1996
f 319 810 1501
f 1514 1921 1521
f 2042 1780 2161
f 2118 1318 2225
f 1904 1798 1912
f 975 1415 1797
f 1407 2247 1322
f 1505 1497 1464
f 1508 1788 1914
f 2022 1473 1090
f 1845 2366 1495
f 1080 1502 1117
f 1279 278 193
f 1916 1854 1890
f 1306 343 1807
f 1874 278 1856
f 289 808 1081
f 791 818 1911
f 1499 1117 1902
f 2154 1110 1525
f 1122 316 1900
f 2312 2289 1416
f 2256 2168 2170
f 2130 582 1119
f 1962 1556 1367
f 1852 1853 1842
f 596 1911 802
f 2020 1884 641
f 761 338 1201
f 297 1486 1803
f 1087 2130 1119
f 2065 1823 2066
f 304 1818 1899
f 2088 1539 1835
f 2297 1328 2311
f 2326 1134 1375
f 1103 745 1783
f 971 303 288
f 303 2039 288
f 831 598 826
f 1814 1801 606
f 1802 1195 1374
f 1195 2287 1374
f 279 1895 1113
f 1421 1110 1994
f 1134 2326 1084
f 2298 2135 1097
f 1991 1887 1821
f 2195 2183 2172
f 1233 2034 1988
f 236 946 321
f 1230 269 940
f 2315 2313 2344
f 1808 797 1887
f 1995 1982 1896
f 1084 1817 1990
f 1891 1326 755
f 1891 1902 1755
f 243 1847 1509
f 243 1763 1115
f 1104 1237 1491
f 1823 1987 2064
f 2030 2154 2340
f 1198 1237 1104
f 946 2153 1229
f 612 613 940
f 1227 1892 303
f 1468 1316 2152
f 2085 1821 1887
f 2355 2347 2346
f 2189 1593 2054
f 1811 1888 1195
f 1824 601 1111
f 2365 1275 2358
f 2354 2291 1090
f 1102 1743 836
f 1405 1217 1322
f 224 1990 1985
f 231 1876 2340
f 2354 2135 2291
f 747 1198 753
f 1991 1843 1887
f 265 958 302
f 762 1814 606
f 797 2085 1887
f 2068 1107 1846
f 2372 2145 1413
f 1816 1895 279
f 1991 2366 1845
f 1140 1103 1393
f 2156 1868 2359
f 2030 1989 1110
f 2064 2088 1835
f 1900 1849 1835
f 230 337 1848
f 1244 369 368
f 2312 2326 1799
f 1090 1473 2354
f 2276 1407 2162
f 830 1996 651
f 2088 2064 1912
f 1808 2035 797
f 1869 1848 198
f 1224 2151 2358
f 178 565 847
f 342 605 2126
f 2118 2317 2001
f 784 294 268
f 2367 2162 2388
f 2392 2317 2145
f 791 2320 1273
f 2293 2309 1319
f 1111 2231 2287
f 1416 1084 2312
f 2380 2151 1224
f 2317 2118 2225
f 644 346 641
f 1847 1472 2083
f 2013 1839 2066
f 2419 2311 2393
f 1815 1817 1416
f 2075 1140 1393
f 1080 2039 1418
f 2397 1868 2002
f 2117 1540 2168
f 1756 2126 1869
f 1870 2126 1756
f 1375 1415 2284
f 2002 1868 2019
f 2392 2395 2123
f 2313 2270 1368
f 2313 2315 2270
f 1127 1318 830
f 1019 1917 1493
f 1506 1758 1869
f 1098 1506 1869
f 772 2083 1472
f 1065 1140 2075
f 2407 1866 1865
f 1310 361 144
f 2309 975 1797
f 1124 2045 1500
f 2269 1905 1796
f 717 2004 1216
f 138 717 1216
f 1080 816 301
f 1494 2433 1859
f 814 1976 823
f 1493 1779 1492
f 2280 2284 2262
f 1129 2211 1193
f 88 692 104
f 1914 1130 2289
f 1796 2132 1461
f 1513 573 1185
f 1829 2419 1886
f 1328 1367 2249
f 573 807 1239
f 255 1127 308
f 273 1131 261
f 666 988 1523
f 2125 1522 665
f 2447 1827 2124
f 335 1264 2266
f 1493 801 1779
f 1487 1330 254
f 668 1881 1512
f 574 944 572
f 1478 856 1881
f 1464 928 1320
f 2155 1003 2445
f 1534 666 1523
f 2245 1461 566
f 1534 1523 1002
f 1813 667 672
f 1828 1813 1529
f 353 335 1973
f 1944 1545 1539
f 845 1513 234
f 1805 1427 1214
f 1108 2155 1894
f 1805 1007 1427
f 1109 620 1810
f 2338 1210 2471
f 1315 1555 1930
f 1425 1422 2263
f 2238 2222 2262
f 2017 1826 1800
f 1549 1944 1539
f 1480 2318 1381
f 1414 2210 2206
f 1548 2242 2477
f 1975 1016 1017
f 642 645 2139
f 1929 37 1752
f 1550 1009 1800
f 1005 2191 1769
f 1383 1548 1552
f 2245 2209 1150
f 794 242 226
f 1558 1557 1012
f 867 1901 678
f 545 11 868
f 1252 834 1515
f 571 1321 1011
f 834 849 681
f 1664 20 7
f 62 1291 1092
f 1116 490 996
f 845 234 389
f 1385 1436 2094
f 1577 1537 2182
f 2333 1903 902
f 2227 2080 2191
f 1971 843 915
f 623 418 986
f 1573 1387 1582
f 339 1437 1202
f 2479 1220 2480
f 1568 1204 1574
f 696 317 396
f 2215 2184 1586
f 1477 2479 2480
f 974 2337 1910
f 1075 1289 2095
f 693 983 217
f 1781 1475 1773
f 1773 1913 696
f 1459 202 1482
f 1584 1566 1575
f 965 1204 2458
f 218 1964 1179
f 1734 2182 2093
f 701 1580 1125
f 1342 1582 1018
f 1426 187 1338
f 1313 860 917
f 983 87 1123
f 2202 2223 2230
f 1767 1587 1075
f 702 595 616
f 702 616 14
f 402 917 1365
f 733 884 746
f 860 876 1424
f 1340 1020 1726
f 1981 1992 973
f 2387 2417 2436
f 2432 1441 2454
f 2424 9 2448
f 2183 2218 2172
f 1968 2235 2138
f 2208 151 1175
f 2420 2444 2461
f 979 454 448
f 2421 2074 2158
f 36 1920 2416
f 577 1226 1747
f 2068 2000 2380
f 2169 2436 2450
f 708 585 1389
f 2109 1545 1601
f 1749 2423 25
f 2091 1718 1063
f 161 2051 1345
f 433 1456 159
f 1469 941 568
f 2391 2383 2024
f 577 2113 682
f 2439 2383 2413
f 1433 1253 2246
f 2324 2424 2429
f 2194 2203 1431
f 1601 1442 1621
f 2192 2173 2217
f 1391 1369 1231
f 2379 2424 2324
f 458 943 758
f 43 733 567
f 2381 1466 2421
f 2258 1068 2264
f 39 474 40
f 2147 2099 1746
f 449 153 773
f 720 466 933
f 887 2048 155
f 1022 2098 2163
f 764 1725 451
f 542 1345 1708
f 474 50 40
f 1278 2399 2414
f 1371 2330 1364
f 809 49 931
f 1058 1055 2408
f 2408 1026 1058
f 2059 1440 2101
f 149 888 1403
f 160 1524 880
f 2235 2281 2138
f 2143 1257 2188
f 142 1161 464
f 959 1629 54
f 2373 1228 473
f 1937 1391 2103
f 2112 1465 2360
f 1729 1629 1723
f 1351 2386 2375
f 1016 860 1017
f 2370 2032 2368
f 2368 2032 2377
f 2292 2285 2217
f 59 66 925
f 1402 1724 1398
f 729 61 549
f 1298 1628 487
f 2264 1693 1047
f 157 1673 1956
f 898 1030 479
f 793 2189 2249
f 1245 1270 1246
f 2229 2230 2173
f 1937 1711 2067
f 1026 1348 1697
f 1460 2370 2368
f 2278 2299 1448
f 1154 1706 1404
f 1358 2296 1254
f 904 890 475
f 1146 735 487
f 1042 1060 2335
f 1631 757 756
f 2353 1278 2111
f 1715 1654 1037
f 1959 1938 2047
f 491 75 734
f 1155 1675 136
f 2044 2279 1149
f 541 520 511
f 1301 2314 2106
f 2166 2360 1177
f 1240 2299 2305
f 2261 511 1042
f 2021 1875 1844
f 495 1700 895
f 1268 1686 1155
f 113 2273 742
f 1674 508 1687
f 1401 1141 1036
f 1943 1699 1358
f 2329 2351 1659
f 1397 2329 1659
f 1670 1675 100
f 2129 2352 2321
f 1951 2127 1172
f 914 949 913
f 1155 1686 1181
f 2396 199 1888
f 1358 1668 2296
f 2300 2159 1451
f 1397 1945 2323
f 500 900 508
f 1036 1697 1170
f 1059 1676 1685
f 2324 2303 2261
f 1053 1032 2332
f 2314 2341 1460
f 2173 2325 2292
f 1706 1154 1238
f 2308 2348 1679
f 2106 485 1301
f 527 485 113
f 2044 2166 1399
f 1940 1034 86
f 2129 2321 2281
f 1051 1032 905
f 505 479 906
f 890 904 905
f 1354 2173 2223
f 2328 2144 2319
f 1449 508 1674
f 1453 1167 1355
f 83 1396 521
f 486 895 1696
f 1698 2299 1240
f 1254 2255 1358
f 903 756 757
f 1034 1353 2142
f 1055 1058 1036
f 2331 2038 1650
f 2129 2060 2352
f 1684 1958 502
f 1672 2259 1956
f 1657 2103 1052
f 528 546 1060
f 462 1164 1656
f 1344 2138 1354
f 1402 2274 1163
f 1961 2098 1263
f 766 520 541
f 1635 1401 2107
f 157 146 1673
f 1053 1359 1633
f 2356 2370 1460
f 2278 1448 2272
f 2108 2244 2279
f 1934 1028 1034
f 2174 2368 2373
f 882 1250 1030
f 2241 2279 2044
f 1681 1135 1646
f 1711 1658 2067
f 1742 2403 1931
f 1231 2159 1052
f 1050 460 767
f 2264 1047 2258
f 1648 538 1257
f 1394 726 68
f 2140 1163 2274
f 1708 1250 881
f 1060 2379 2335
f 487 1628 1146
f 1711 1937 2103
f 1630 2102 1622
f 5 9 443
f 1439 1634 2079
f 554 1205 437
f 1059 2330 1371
f 1137 2349 2321
f 54 66 959
f 2348 50 474
f 2038 2360 1925
f 2190 2261 2251
f 1446 1363 1181
f 1730 1483 725
f 542 1156 2052
f 1429 151 1049
f 1710 1053 1948
f 2251 2199 2190
f 1025 555 715
f 2163 2244 2164
f 2032 560 1228
f 1631 1410 1049
f 2384 2110 2403
f 1601 1545 1950
f 1433 1966 1253
f 445 1612 185
f 2229 2173 2192
f 2195 2171 2203
f 232 1621 554
f 1625 1364 1027
f 1727 1147 1631
f 1614 165 164
f 2108 2241 2164
f 1939 1063 2058
f 1944 1950 1545
f 2226 1619 2177
f 2194 1431 417
f 2210 2190 2199
f 2374 2417 2387
f 1939 2058 1966
f 1625 1025 1070
f 2052 2053 1740
f 187 780 186
f 1426 1152 187
f 1424 876 1941
f 2050 2223 2202
f 944 574 37
f 1060 453 2424
f 2186 2206 2051
f 1152 1426 1428
f 2211 151 1429
f 2193 1948 2055
f 984 1459 785
f 1251 1565 1340
f 1966 1748 1939
f 2191 2080 2203
f 952 1979 577
f 664 682 1023
f 843 223 915
f 1981 25 2423
f 1757 1373 578
f 1565 1020 1340
f 2046 1265 1142
f 2443 2141 2439
f 1021 1595 1983
f 1021 1983 1757
f 581 15 676
f 235 1938 232
f 2204 2207 2237
f 2207 1567 808
f 1761 1983 1595
f 245 1147 387
f 1981 966 25
f 17 15 707
f 2240 2181 1249
f 2205 2182 1537
f 1962 793 1556
f 443 2442 5
f 1770 2440 1583
f 1928 2214 2228
f 2424 2467 2469
f 1555 1769 2220
f 1555 2220 1930
f 2225 1318 2212
f 2411 2024 2444
f 1127 838 1490
f 1315 1930 1750
f 2429 2469 2175
f 702 1574 964
f 1768 1764 260
f 423 1476 877
f 1018 2150 1581
f 1018 1582 2150
f 247 234 1513
f 1973 1938 353
f 2211 1774 2268
f 2270 1968 1368
f 879 1910 1993
f 1910 1908 1993
f 341 1971 323
f 2457 2476 2478
f 1290 1777 608
f 1582 1387 2150
f 2436 1385 2481
f 2478 1984 2474
f 339 419 1784
f 266 1919 1570
f 2481 1385 2094
f 818 364 1133
f 2165 1386 1116
f 1664 2474 1984
f 266 1570 2257
f 1385 2482 1806
f 471 995 1984
f 205 220 393
f 1923 1789 824
f 94 1321 854
f 94 854 636
f 1790 571 849
f 1790 849 545
f 1185 573 1239
f 13 1252 1515
f 12 994 16
f 12 1293 407
f 1321 1383 1552
f 94 1480 1383
f 1328 1542 2137
f 2062 1083 2176
f 1550 405 1997
f 405 643 642
f 1416 2289 1462
f 1009 1557 1007
f 1550 645 643
f 323 596 815
f 2338 982 1551
f 2224 642 1085
f 1285 647 998
f 2047 1794 1795
f 2087 2270 2301
f 816 1080 1117
f 1485 1550 1800
f 861 652 1007
f 2297 1780 1367
f 653 649 1430
f 1899 1513 304
f 392 1336 207
f 2297 2161 1780
f 2130 2131 1269
f 582 2130 1269
f 1799 2284 2280
f 936 796 287
f 811 776 1505
f 1109 1810 652
f 661 1430 1485
f 803 829 1510
f 649 1534 1297
f 1087 1119 1468
f 1324 1492 2083
f 1894 1210 1108
f 2287 2119 1111
f 272 304 935
f 663 1534 42
f 967 1810 620
f 1835 1973 1900
f 2064 1904 1912
f 1090 1417 1237
f 1798 2031 603
f 2154 2030 1110
f 991 1260 858
f 2437 2441 2468
f 1982 596 1896
f 1988 1815 1233
f 2378 1001 2363
f 668 951 967
f 1808 1849 1900
f 1419 1816 754
f 2155 2445 2438
f 1892 1326 1812
f 2376 1829 1886
f 322 832 760
f 1318 2118 1996
f 1889 1093 1518
f 760 832 836
f 670 384 666
f 1275 1224 2358
f 612 940 1844
f 1384 1831 1882
f 2136 1823 1835
f 1522 1516 1101
f 1393 1783 1999
f 240 947 1312
f 1511 386 1837
f 2001 1996 2118
f 2344 2294 2343
f 1437 345 300
f 2367 2311 2162
f 310 830 651
f 1982 1890 297
f 612 1844 613
f 2156 1084 1990
f 1876 1842 2030
f 322 214 621
f 1877 1303 1879
f 210 236 953
f 1823 2136 2066
f 1878 1409 755
f 2089 1097 2135
f 2011 1511 1303
f 213 1878 755
f 1849 2066 2136
f 1520 2008 1882
f 1506 2012 2427
f 1841 189 1994
f 695 703 1306
f 1850 1207 1876
f 2433 1494 1304
f 102 700 704
f 901 1470 176
f 1504 111 375
f 1206 1866 198
f 2008 2428 1091
f 1516 822 2435
f 2430 1065 2433
f 170 184 183
f 110 1909 1504
f 722 1853 1852
f 1849 2071 2066
f 1875 847 828
f 2070 2013 2066
f 2407 1470 2365
f 1494 2018 822
f 1098 1866 2407
f 127 365 656
f 1140 1279 193
f 2049 2003 1916
f 2123 2395 655
f 2151 2380 2418
f 1867 2404 101
f 2075 730 1065
f 2021 2018 847
f 1076 711 2123
f 2123 970 1076
f 848 361 123
f 1859 2069 2018
f 1140 1091 2022
f 978 2018 2398
f 2380 2000 2418
f 2022 1091 1473
f 1094 126 851
f 1849 1507 2071
f 1498 1213 2388
f 1209 1308 2428
f 2428 1308 2149
f 1758 1282 1869
f 2000 1423 367
f 1472 359 772
f 1507 1909 2071
f 123 2404 2396
f 2433 1065 1859
f 655 2395 2389
f 1380 730 1999
f 1792 1867 1423
f 1421 189 150
f 2419 2393 1886
f 2428 1520 1209
f 2004 1101 1516
f 2395 2372 2389
f 2395 2392 2372
f 1838 1885 2425
f 2156 1488 1855
f 1805 2006 1547
f 1421 1994 189
f 2151 2365 2358
f 2382 2359 1868
f 1831 1384 1830
f 1002 988 1300
f 1003 390 1506
f 29 1 506
f 1224 1400 2380
f 2465 2455 1829
f 532 506 683
f 2073 1528 1529
f 1003 1813 672
f 1001 2023 2363
f 1470 1105 1199
f 2473 2462 2464
f 1470 1866 1206
f 2471 1210 2438
f 1285 2438 2473
f 1995 1896 2128
f 1198 628 753
f 1849 1887 1843
f 953 236 1229
f 1285 2338 2471
f 2023 243 2160
f 645 1550 1485
f 1104 1814 246
f 1009 1007 1800
f 1227 303 613
f 1849 1808 1887
f 1844 940 1110
f 942 601 1846
f 1824 318 601
f 2361 2161 2297
f 1663 2376 2318
f 2153 946 2340
f 1663 2081 2376
f 22 998 403
f 2242 1383 1480
f 1383 2242 1548
f 1379 865 1793
f 1379 864 865
f 2355 2346 2342
f 640 866 556
f 677 1432 1012
f 175 1229 770
f 94 1663 1480
f 10 678 1790
f 683 779 532
f 779 902 118
f 940 613 303
f 1903 1436 188
f 1419 771 1895
f 415 137 1386
f 1786 415 1386
f 1821 2085 1899
f 1387 2057 1787
f 2342 2346 1319
f 1220 1571 2480
f 2025 694 2476
f 2481 2400 2450
f 2119 1088 1111
f 1572 1077 1219
f 2153 2340 2154
f 603 2031 958
f 1405 1322 2282
f 2475 1079 181
f 424 878 426
f 423 1221 1476
f 1577 1254 2252
f 304 272 1818
f 2467 1376 1077
f 1284 1579 1573
f 1475 1913 1773
f 1489 1074 1000
f 2458 1204 1573
f 2448 1376 2467
f 1075 2095 1197
f 974 594 3
f 2451 1286 1388
f 784 792 294
f 3 1759 974
f 2131 792 1412
f 1589 2451 587
f 963 591 1915
f 2439 2141 2024
f 1493 1492 296
f 595 1588 590
f 438 1981 973
f 798 1804 1977
f 2440 2454 1583
f 804 295 283
f 2326 2284 1799
f 379 1361 1490
f 1900 1124 1883
f 1366 2426 1579
f 2442 443 448
f 1471 26 579
f 1590 1584 1371
f 803 275 589
f 1231 1441 2432
f 1469 568 676
f 1132 575 1069
f 2269 1412 1905
f 2148 2443 2413
f 2293 1319 2275
f 2423 1749 944
f 1719 1126 311
f 812 586 806
f 1926 2412 1927
f 306 812 1796
f 2387 2436 2169
f 38 1070 939
f 1785 2295 1918
f 1083 2062 1803
f 1803 2062 818
f 758 457 885
f 1081 808 1187
f 1620 941 1024
f 232 221 2233
f 327 308 275
f 474 2416 478
f 1974 478 2416
f 2402 2148 716
f 1738 1597 1735
f 1789 1325 271
f 1464 1320 1505
f 2072 1925 2360
f 1931 2403 2110
f 2099 2406 2386
f 2386 2406 2402
f 719 1629 49
f 1628 1623 1362
f 808 825 1187
f 1483 54 1629
f 2375 2386 469
f 259 341 323
f 726 472 75
f 2271 1936 1137
f 2280 2262 1788
f 1458 1446 1181
f 2104 1054 2387
f 2357 2033 2100
f 2262 2254 1788
f 2349 2033 2357
f 1937 2067 1391
f 1933 1236 1347
f 2102 1643 1622
f 547 2110 1935
f 66 481 925
f 2373 723 64
f 67 1639 927
f 2334 2357 2100
f 2275 1928 2228
f 2256 1928 2275
f 353 924 1264
f 1638 534 71
f 2267 2228 1370
f 546 489 544
f 1318 1127 1490
f 2316 1143 1394
f 1782 1739 2239
f 2132 1532 1251
f 1532 1138 790
f 808 1136 835
f 1542 2056 2137
f 1764 1570 260
f 1235 1646 83
f 1452 1360 1457
f 1244 2263 1422
f 1519 1577 2252
f 79 1397 1659
f 1251 1532 1565
f 2192 2256 2170
f 793 2249 1556
f 1945 1397 79
f 1668 1358 1657
f 1015 1142 1265
f 1037 2307 1715
f 2329 2336 2174
f 1256 368 369
f 1424 1941 1561
f 1519 1537 1577
f 900 534 1687
f 2325 1351 2292
f 1039 1183 1452
f 2305 1460 2336
f 1172 2127 1680
f 1776 801 1748
f 2249 2054 2240
f 2178 2214 1928
f 1676 1059 1447
f 57 73 1450
f 1654 496 1171
f 2322 2336 2329
f 220 238 239
f 1355 1654 1171
f 2328 2319 2259
f 2050 2202 1540
f 2308 1679 1043
f 1399 2166 498
f 229 1361 379
f 2321 2334 2281
f 1169 100 916
f 1040 1702 1039
f 1176 485 515
f 1266 2138 2050
f 1688 1149 2279
f 920 1338 233
f 2273 2316 742
f 1139 1180 1760
f 1690 1951 1172
f 1945 2306 2323
f 1963 1338 853
f 898 479 1681
f 1240 2306 1942
f 2105 906 1662
f 2210 2199 2215
f 1951 1690 1693
f 2288 1357 2041
f 920 1426 1338
f 890 905 1032
f 1665 1943 2255
f 890 1032 1710
f 1180 1939 1748
f 1180 1139 1939
f 1750 548 211
f 511 962 510
f 1401 1170 2107
f 919 1016 2180
f 2202 2230 2192
f 1246 1270 1274
f 2176 2188 1257
f 1261 1020 388
f 2274 1401 1635
f 451 897 1530
f 2138 2281 1354
f 1524 909 1644
f 459 1695 467
f 552 1949 1261
f 2251 2261 2303
f 2286 2288 2277
f 1674 2059 2101
f 2183 2198 2218
f 1737 1717 1010
f 1456 433 392
f 2271 2060 1618
f 2273 2106 1722
f 2244 2163 1043
f 1439 2079 1694
f 1956 2212 1361
f 887 533 765
f 2108 2279 2241
f 1404 1720 1952
f 1159 1958 1731
f 152 1704 774
f 774 1704 1705
f 1705 1205 1621
f 2201 2188 1067
f 2171 2172 889
f 2221 2140 2274
f 1718 2241 1165
f 891 174 1955
f 1732 1408 1728
f 1736 1151 1606
f 1607 553 436
f 2221 1635 435
f 538 440 168
f 1849 1843 1858
f 2234 2213 2255
f 190 2261 2190
f 542 161 1345
f 2204 2212 2259
f 2248 2200 1722
f 2236 2260 2253
f 2204 2271 1618
f 1619 1964 2177
f 1063 1718 2058
f 1152 172 863
f 1948 2193 1709
f 1964 1722 2200
f 719 1931 1723
f 2198 2236 2218
f 1966 2058 1253
f 1259 1624 1255
f 2213 1068 2258
f 2246 1253 1352
f 1411 2199 2251
f 190 541 2261
f 1247 1624 1721
f 1435 173 1245
f 173 149 1245
f 1616 2181 1259
f 1964 2200 1179
f 2201 1067 2157
f 1071 2209 1022
f 2381 1056 1466
f 1175 151 2211
f 1614 2215 1411
f 1646 943 44
f 400 1612 1361
f 211 202 789
f 1646 1135 943
f 2178 2177 2214
f 229 204 203
f 1722 2278 2248
f 1619 2226 1722
f 149 1403 1309
f 149 1309 1245
f 1634 2107 2079
f 2213 2258 1665
f 1959 232 1938
f 1774 1429 1314
f 1152 1246 526
f 2228 1964 218
f 218 558 2228
f 922 1591 1562
f 2233 221 233
f 2047 2109 1959
f 1553 1776 1966
f 920 233 221
f 1268 460 145
f 1205 1196 142
f 1740 1336 923
f 2290 2277 2260
f 2273 2217 2285
f 143 886 145
f 691 688 386
f 1309 1953 1245
f 2272 1448 1240
f 2365 1470 1199
f 1561 2055 1015
f 1691 1648 1257
f 1768 1562 1764
f 2232 2191 1005
f 910 460 1692
f 2277 2290 2286
f 2209 1071 1150
f 1567 1136 808
f 2091 2245 1150
f 763 1656 1158
f 557 391 355
f 2254 2219 2227
f 1049 151 1667
f 369 1244 1422
f 226 254 559
f 2278 2106 2305
f 1521 252 1180
f 370 1370 2228
f 2090 1139 1242
f 2178 1928 2256
f 1631 756 1955
f 1785 2180 1016
f 896 1157 139
f 459 1669 514
f 1695 459 514
f 516 1243 1671
f 1652 1450 1352
f 1655 1352 1450
f 928 1464 1771
f 1083 1067 2176
f 1130 1414 1541
f 1578 1577 2182
f 2288 2286 1041
f 1046 1039 1162
f 2105 1694 1703
f 1041 1357 2288
f 368 2263 1244
f 893 2041 1013
f 1682 1672 1673
f 1040 1039 1046
f 1246 1274 1148
f 2269 1461 2245
f 813 260 1919
f 1317 1537 1519
f 494 91 493
f 2306 2322 2323
f 374 657 98
f 1541 2206 2186
f 1776 1791 1509
f 2359 2382 2355
f 1678 1943 1665
f 2173 1354 2325
f 312 311 821
f 1976 814 584
f 1185 304 1513
f 1124 256 2045
f 2225 2237 2304
f 276 1082 816
f 1660 1148 1457
f 1672 1682 2328
f 1914 1799 1508
f 1918 2295 2153
f 1794 1835 2116
f 1354 2334 2325
f 2328 1682 2142
f 1402 2104 2310
f 1301 1176 1643
f 2142 2144 2328
f 1802 1374 1083
f 1468 1921 1514
f 2295 1719 2153
f 1117 1755 1902
f 2309 1797 1375
f 788 589 830
f 1143 2316 2292
f 2035 1500 797
f 1468 1119 1921
f 1235 1681 1646
f 1189 942 2327
f 2319 2144 2271
f 277 1801 1497
f 1173 1707 1458
f 1045 1447 2127
f 914 913 484
f 1632 914 484
f 1495 1821 1871
f 84 2364 1176
f 2352 2060 2271
f 73 1641 2307
f 2350 2371 1703
f 1892 1812 1978
f 292 1232 257
f 1237 1851 1090
f 2347 2115 2117
f 2127 2158 1699
f 2356 1666 1630
f 2348 474 2037
f 257 1232 1316
f 2334 2100 2325
f 2362 2029 1645
f 569 953 1229
f 2355 1134 2120
f 484 60 1632
f 480 729 549
f 1029 2324 2374
f 1181 1062 1395
f 2356 1630 2385
f 1054 1029 2387
f 1405 2282 1089
f 2028 958 2031
f 1824 2345 228
f 2156 2359 1084
f 2325 2100 2099
f 2083 1327 1897
f 318 1824 228
f 1986 1840 832
f 1681 2036 2394
f 130 1696 1164
f 1183 1623 1360
f 1312 1316 240
f 1846 318 227
f 1933 1466 1056
f 547 1445 2110
f 2121 231 230
f 228 1195 201
f 621 622 873
f 597 1486 297
f 1483 1730 54
f 2078 1062 1181
f 1876 1852 1842
f 1974 2399 1278
f 1991 1845 1843
f 2378 2363 2161
f 931 932 809
