# https://github.com/mikedh/trimesh
v 0.16494187 -0.27641294 0.04315480
v 0.18283067 0.10786201 0.03415064
v -0.19106507 -0.04048477 -0.00276632
v 0.04084696 0.21820889 0.15980085
v -0.15204446 0.21280847 -0.04847404
v 0.17001431 -0.24553318 0.03874741
v -0.19065453 -0.00185525 -0.00108005
v -0.03269305 -0.28852708 -0.17601132
v -0.19030961 -0.05313882 -0.02126459
v -0.04514940 0.26826560 0.13396940
v -0.04100739 0.26369359 0.13663527
v 0.03315417 0.23776011 0.15465285
v -0.12713640 0.25911486 -0.03754501
v -0.05556660 -0.28234401 0.16957670
v 0.18189995 0.07250178 0.03029911
v -0.15487131 0.20296161 0.07389724
v -0.05801250 -0.27724941 -0.18224083
v 0.08340750 0.28698900 0.07040020
v 0.12504222 -0.29679894 -0.00753752
v -0.06362748 0.27808776 0.12212317
v 0.11919522 0.14014710 0.14261882
v 0.02934300 -0.28681960 -0.17809550
v -0.13751290 -0.28689830 -0.11924649
v 0.17362610 -0.26662021 0.01087400
v 0.01210032 0.26501567 0.14206208
v 0.05416722 -0.29437444 -0.13195002
v 0.18068360 -0.12033355 -0.02681005
v 0.16399639 0.00079638 0.08662719
v -0.14691545 0.19223754 0.04737540
v -0.16604570 -0.24801171 -0.10673920
v 0.16816807 0.12930887 0.01887205
v -0.01361555 -0.29242642 -0.14679495
v 0.17244827 -0.27560132 -0.00164384
v -0.19111017 0.08509065 -0.01427052
v 0.16557854 -0.27871134 0.04515540
v -0.08112376 0.29973629 0.08659932
v -0.17224475 -0.17434330 -0.09593127
v -0.16881576 -0.21351304 -0.09929993
v 0.05232849 0.25331612 0.13080307
v -0.18801448 -0.00894368 -0.04051904
v 0.14523371 -0.29805686 -0.04212770
v 0.06045830 -0.29481735 -0.10842265
v -0.17457333 -0.12701614 -0.09359306
v 0.07418785 0.25933244 0.11629019
v -0.18547029 0.14879230 -0.00552360
v -0.13618340 0.26797740 0.00083900
v 0.09191297 0.24753630 0.11392578
v -0.15948617 -0.19926890 -0.11579018
v -0.13241503 0.26668649 0.04499564
v -0.12461205 0.26119235 0.03878245
v -0.17396384 0.14860160 -0.00604520
v 0.17252293 0.01513768 0.06559138
v -0.18771116 0.10670720 -0.03979570
v 0.17724210 -0.20204935 -0.00530855
v 0.04770454 0.12058351 -0.18262076
v -0.09164784 -0.29003580 -0.14454079
v -0.17653481 0.03586959 -0.07504917
v -0.18804370 0.20314593 0.00102385
v -0.16157085 0.13855973 -0.01014867
v -0.13594418 0.19929055 -0.00383576
v -0.14390835 0.22933273 0.02561991
v -0.14281729 -0.25253849 -0.13733200
v 0.11874278 0.23261454 0.10492452
v -0.17215759 0.15037867 -0.00290964
v 0.17958448 0.02426241 0.03786221
v -0.12937953 0.26431246 0.05099112
v -0.12788785 0.26789067 0.05381028
v -0.07805489 -0.28932736 0.15738438
v -0.11789880 -0.29009485 -0.12739730
v -0.16913844 0.24670429 -0.00004499
v 0.11228240 0.24119282 0.10533745
v -0.12924075 0.25721793 0.05746729
v 0.09236390 -0.29555695 -0.10083154
v 0.13131007 0.16865010 0.12072858
v 0.10691575 0.25597987 0.08694319
v 0.10936677 0.24967840 0.09031504
v -0.13216218 0.25957904 0.00652703
v 0.07191854 0.24496567 0.13253611
v -0.17081430 0.14943912 -0.05933255
v -0.18417565 0.15103923 0.01202745
v 0.13590950 -0.29416213 -0.09429669
v -0.14818039 0.16253490 0.02394130
v 0.11341059 0.25056450 0.07853195
v 0.11119180 0.26725521 0.08480880
v 0.11206132 0.26154029 0.08192399
v -0.17122849 -0.20502861 -0.09568980
v -0.05377437 0.29922986 0.10832804
v -0.09362896 0.28944876 0.01614217
v -0.19221275 -0.11376585 -0.00575510
v 0.17118745 -0.11166105 0.05587605
v 0.13658251 0.24566884 0.05678926
v 0.09342890 -0.29347386 -0.13287569
v -0.08208560 -0.28237350 0.15971810
v 0.18390528 0.08700458 0.03556860
v -0.15851861 0.00791893 -0.11299345
v -0.13419580 0.27916644 -0.01377066
v 0.14053465 0.06662083 0.12954111
v 0.14433267 0.18802741 0.04449484
v -0.06597885 -0.27418530 0.16725618
v -0.04824930 0.29048021 0.13493760
v -0.05116655 0.29141271 0.13360724
v -0.09871489 -0.16531940 -0.17336733
v 0.16192564 -0.13922980 0.08148380
v -0.15621262 0.19009103 -0.05840150
v 0.15820086 0.13736770 0.02318169
v -0.15153090 0.19818907 0.08105091
v 0.18201094 -0.02242761 -0.01870227
v 0.12915560 -0.25098655 -0.13103460
v -0.14582856 0.19342386 0.08882006
v -0.14887974 0.19605252 0.08462960
v -0.02803514 0.24919033 0.14440798
v 0.13534080 0.03858695 0.13489045
v -0.17925680 -0.27021966 -0.07322661
v 0.14029380 0.16110657 0.00827132
v 0.18642877 0.08418745 -0.00324702
v -0.18881912 0.06544978 0.00366521
v -0.18934225 -0.14792395 -0.01691195
v -0.06233721 0.23678424 0.14781829
v -0.06482120 0.23843031 0.15278960
v -0.18653505 -0.20841684 -0.04377425
v 0.18335745 0.12948186 0.01389712
v 0.15324030 0.14299780 -0.01120170
v -0.15127977 0.16362690 0.09960168
v -0.13388927 -0.28765411 -0.05968176
v 0.03929142 -0.25416949 -0.18919615
v 0.03823213 -0.26466475 -0.18798336
v 0.11898482 -0.21762149 -0.14320621
v 0.06530343 0.13136820 -0.17336305
v -0.11719283 0.30111220 -0.04819587
v 0.16772865 0.12934214 -0.00501189
v 0.17089250 0.12921931 -0.00741765
v -0.18926129 -0.06445011 0.02004144
v 0.06843313 0.14604220 -0.16651270
v 0.18486239 0.08055044 -0.02171609
v 0.03447550 -0.25695474 -0.18881837
v 0.13425120 0.21145270 0.00318260
v 0.08131585 0.12302853 -0.16917880
v 0.14581811 0.24313698 0.01739661
v 0.15816660 -0.28699765 0.05623735
v -0.15514425 0.21027975 0.07681878
v -0.10526918 -0.01166061 -0.16712238
v 0.14343325 0.15775253 -0.01192570
v 0.14021051 -0.14048086 -0.12526962
v -0.18322076 -0.03665931 0.05126449
v 0.04249830 0.14689145 -0.17536221
v 0.18467145 0.22575781 0.01447775
v -0.17486676 -0.01587415 0.07606524
v 0.14115113 0.22571182 0.00521995
v 0.13345897 -0.19465115 0.11924404
v 0.13030200 -0.17676830 0.12664330
v -0.14326035 -0.28740864 -0.00333730
v -0.16285722 -0.29040844 -0.02790237
v 0.12037011 -0.14099001 0.14098728
v 0.17366061 0.20639977 -0.00300767
v 0.17776675 0.19695942 -0.00196761
v 0.18615835 0.22502680 0.00056700
v 0.12379761 -0.14097097 -0.14202169
v -0.12109804 0.20938337 -0.11194602
v -0.18953698 -0.21336892 0.01605888
v -0.11626158 0.11668228 0.15689980
v 0.18351309 0.22227590 -0.00242622
v 0.04902810 -0.00806451 0.18426100
v -0.11279070 0.18124574 -0.13130274
v 0.12924035 -0.11608629 -0.13935283
v 0.04011030 0.17968971 0.17168829
v 0.17778423 0.07471526 -0.05641969
v -0.18746281 -0.23377879 0.02956126
v -0.14642893 0.00333073 0.12947570
v -0.18230110 -0.22341182 -0.06522496
v -0.15147014 -0.01063764 0.12317233
v 0.10580332 0.29858549 -0.01776246
v 0.10238873 -0.25759087 0.14133111
v -0.02148058 0.04827135 0.19282480
v 0.13671433 0.21735854 0.01884970
v 0.08597640 -0.18574345 0.16181370
v 0.13716052 -0.00311192 -0.12953970
v -0.07131796 0.25225170 -0.12317411
v 0.10172451 -0.22386575 0.14576130
v 0.08917857 -0.23131740 0.15371517
v 0.09343272 -0.20428863 0.15448397
v 0.14602606 0.02761348 -0.11960618
v 0.14903142 0.02122097 -0.11618720
v -0.16655165 -0.14123584 0.09517794
v 0.15103575 0.02324180 -0.11750658
v 0.12532493 0.29483538 -0.03596855
v -0.06957815 0.27429538 -0.11024112
v -0.05958840 0.27491555 -0.11057504
v -0.15644774 -0.29349012 0.05426958
v -0.16228557 -0.29181774 0.05609416
v 0.18543299 0.05202460 -0.00291200
v 0.07545458 -0.24891930 0.16216060
v -0.05411608 0.24888110 -0.13500688
v 0.13474922 0.23746343 -0.07016078
v -0.14068600 -0.29496756 0.08024423
v 0.11869611 0.03067072 -0.14611367
v 0.14186881 0.07809070 -0.12438461
v -0.16706253 -0.22041316 0.08840336
v 0.02454041 -0.16925111 0.18347421
v 0.05567738 0.16886703 -0.16290448
v 0.06664520 -0.29113009 0.15921600
v 0.10208287 0.02243270 -0.15787166
v 0.05617818 -0.26878514 0.16644125
v -0.01746619 0.26822653 -0.12808037
v -0.10454460 -0.12116489 0.16159300
v 0.02598200 0.05363780 -0.18945880
v -0.18951565 -0.10626329 0.00832653
v 0.03696261 -0.25114794 -0.18677229
v -0.05841283 0.24463780 0.14356943
v 0.02986511 0.04426735 -0.18687793
v 0.13724500 0.09467950 -0.13436290
v -0.06784772 0.27106328 0.11919183
v -0.17280620 -0.24140201 -0.09416614
v -0.06648140 0.23236337 0.15363605
v -0.10167810 0.30490370 -0.09014943
v -0.10634353 0.30300176 -0.08922871
v -0.18734362 -0.27036610 0.02831757
v -0.18991777 -0.27474959 0.02698454
v -0.00494320 0.27262025 -0.12929291
v -0.12540678 -0.18050282 0.14244630
v 0.02562093 -0.28281543 0.17402065
v 0.15076145 0.18301255 0.05651865
v 0.15891341 0.15817599 0.04668312
v 0.15510333 0.16588290 0.05077183
v 0.15777365 0.16685936 0.05286577
v -0.02759977 -0.22460485 0.17970511
v -0.02012981 0.21389401 -0.15797440
v -0.06660178 -0.20980239 0.17203888
v 0.04557742 0.25511670 -0.12806093
v 0.04615179 0.27295849 -0.11924103
v -0.02828746 -0.24069433 0.17838266
v 0.04351705 0.30043061 -0.11434182
v 0.03981977 0.12521508 -0.18365507
v -0.18563432 -0.27758014 0.02460136
v -0.16948904 0.14845304 -0.03765322
v 0.09818776 -0.29477808 -0.07837237
v 0.08890961 -0.29345512 -0.08940541
v 0.09057230 -0.29376230 -0.06639810
v 0.10785540 -0.29278951 -0.07133850
v 0.09388166 -0.29248827 -0.09442870
v 0.05333040 -0.29146407 -0.12041459
v 0.06880820 -0.29494693 -0.12478952
v 0.01688681 -0.30064209 0.01097590
v 0.01660622 -0.29916179 0.00001723
v 0.00030495 -0.29769106 0.01323452
v 0.02560874 -0.29868114 0.00492116
v 0.02491473 -0.30482597 0.00656816
v 0.10002391 -0.30249784 0.08688359
v 0.08206366 -0.30176682 0.09422973
v 0.11208205 -0.30237601 0.09486995
v 0.09828000 -0.30203550 0.07586190
v 0.09789407 -0.30270314 0.09512964
v -0.01747686 -0.30044520 0.12790971
v -0.00083725 -0.30185699 0.13154739
v -0.00989115 -0.30232518 0.12216402
v -0.02580259 -0.30066483 0.14302763
v 0.01643130 -0.27399650 -0.18919550
v -0.11568841 -0.01581422 -0.16045624
v 0.15580190 -0.29667611 -0.00775330
v 0.14164215 -0.30001748 -0.00541317
v 0.01595148 -0.28998785 -0.13898257
v 0.03040403 -0.29377255 -0.14228150
v -0.07897292 -0.29297650 -0.08609400
v -0.18901635 -0.21669297 -0.02212816
v -0.14416150 0.20873671 -0.03109640
v -0.13895800 0.21612830 -0.01658540
v -0.07971460 0.30423484 -0.09063695
v -0.05765328 0.30401509 -0.09008160
v -0.16778290 0.13852240 0.02742214
v -0.12982808 0.27990959 0.01821856
v -0.13444484 0.26875067 0.01911939
v -0.13118557 0.27355678 0.00598331
v -0.12906440 0.27326207 0.02850997
v 0.15420190 -0.27618361 0.07965190
v 0.11366129 0.03501618 0.16616470
v 0.04959514 0.12990438 0.18384833
v 0.04410690 0.15092084 0.17934080
v 0.16442485 0.15833014 -0.04929365
v 0.15709554 0.15662111 -0.03884407
v 0.17821329 0.23742189 0.00116599
v 0.17807851 0.23908215 0.00970781
v 0.16210630 0.24464090 0.00940187
v 0.18203334 0.13012383 -0.00676686
v -0.17790670 0.24382274 0.00337515
v -0.18302016 0.23744209 0.01235356
v -0.16769745 0.24747424 0.01166695
v -0.17472070 0.24289429 -0.00313110
v -0.00115219 0.28906202 0.00539381
v -0.17492411 0.18837099 -0.00486793
v -0.18429606 0.17823904 -0.00453256
v 0.12721359 -0.19749298 -0.13664927
v -0.18677062 0.19361589 -0.00192080
v 0.17218523 0.13284668 -0.01058690
v -0.18467600 0.19670165 -0.00414010
v -0.17104249 0.19481208 -0.00211897
v -0.18764658 0.01864904 -0.04021115
v -0.18657867 0.04351764 -0.03690315
v -0.12949623 0.07759053 -0.14644761
v -0.13879631 -0.28705590 -0.04204250
v -0.08310800 0.27531347 -0.09293579
v 0.10656466 0.26965399 -0.06924510
v -0.02151998 0.23913407 -0.14833008
v -0.07879724 0.22313981 0.14627444
v 0.09356850 0.24404166 0.11921815
v 0.09307845 0.23748662 0.12607417
v 0.09152801 -0.29744568 0.03032682
v -0.18799360 0.08045927 -0.03682981
v -0.06769897 0.28731425 0.07291681
v -0.16241895 -0.14347640 -0.11191155
v -0.12938652 0.27407472 0.04868106
v -0.12631975 0.29035263 0.05081185
v -0.17277361 -0.06494845 -0.09116251
v -0.17529572 -0.09861013 -0.09008567
v 0.05587528 0.29592125 0.12268465
v 0.16916330 0.06763240 0.08460960
v -0.18205990 0.10382580 0.06432955
v 0.15675943 -0.29303873 -0.04776706
v -0.17422889 0.12002295 0.08136200
v 0.09428705 0.04922225 0.17027406
v -0.19104331 -0.17191430 0.00531060
v 0.10696365 -0.29919784 0.05999350
v 0.11465755 -0.29784319 0.03534205
v -0.15349120 0.14990394 -0.00877082
v 0.12249147 0.00625683 0.14729221
v -0.12280183 -0.28544006 -0.13862826
v -0.16917639 0.23015311 0.01616807
v -0.04872270 0.20201850 0.16381540
v -0.12229403 0.04928407 -0.15547801
v -0.11526880 -0.28952212 -0.00040350
v 0.14020790 0.22948537 -0.00812030
v -0.17495526 0.13611631 -0.02277241
v -0.17311820 0.13279500 -0.01730930
v -0.03602397 0.22967448 0.15858858
v -0.15373174 -0.19806705 -0.12513524
v -0.14949226 -0.20066667 -0.12908928
v 0.08484848 -0.29450312 -0.07508171
v 0.09387465 0.01155837 0.16784127
v -0.17226959 -0.28964069 -0.03284570
v -0.18790785 -0.27777820 -0.02027815
v 0.07211274 0.29488165 0.11505510
v 0.07469442 0.28037603 0.11470637
v 0.11042068 -0.29595678 -0.07428689
v -0.09973829 0.30030665 0.06292623
v -0.18141940 -0.28548119 -0.00953580
v -0.16887875 0.24430904 0.01583080
v -0.07552155 -0.29136825 -0.13126696
v -0.07039860 -0.28822761 -0.12857651
v -0.03970153 -0.28889489 -0.13912334
v 0.05941200 -0.29772320 -0.08469820
v 0.06403248 -0.29708800 -0.08253982
v 0.04602966 0.29464879 0.10703325
v 0.16967795 0.14642766 -0.04466100
v 0.10923421 -0.13723592 -0.15415076
v 0.07770976 -0.29415033 -0.07117543
v 0.04659146 -0.29267757 -0.10164586
v 0.16824940 -0.28364241 -0.03713700
v -0.18896601 -0.25582182 -0.03454713
v 0.07858477 0.25177884 0.11489757
v 0.08957184 0.25038157 0.10775900
v 0.14170901 -0.28273416 0.09497697
v -0.14807292 0.23216832 0.01460471
v -0.17946190 0.22027490 -0.00208740
v 0.12649155 -0.15281565 0.13200710
v 0.13841881 -0.28976510 0.09378080
v 0.09387885 0.07048775 0.17172390
v 0.09151402 0.09024474 0.17337037
v 0.08945270 0.07763230 0.17260081
v 0.17332681 0.07535049 0.07716435
v 0.17123350 0.06824304 0.07464414
v 0.09821347 -0.00988775 0.16478887
v 0.08870744 0.10049269 0.17392797
v -0.18401645 -0.27520907 -0.05144251
v -0.18800315 -0.26690903 -0.04410152
v 0.04143139 0.28688345 0.10407412
v 0.14585886 0.18981178 -0.03839957
v -0.14800780 0.07436315 0.12600763
v -0.13788185 0.25314679 0.02451495
v -0.13746960 0.20590146 -0.01569790
v -0.14035715 0.22558885 0.02148590
v 0.08315312 -0.29275746 -0.09415588
v -0.04206520 -0.28200490 0.17237790
v -0.08372376 0.21149237 0.14511429
v -0.17741365 0.00478340 -0.07752600
v -0.13212701 -0.27792366 -0.14052603
v -0.18380949 -0.11507412 0.05461766
v -0.11162400 -0.28729720 -0.14538870
v 0.16913044 -0.27164345 -0.05070475
v 0.16588916 -0.27932594 -0.05572352
v -0.10138280 0.21153903 -0.12699063
v -0.11442451 -0.26997886 -0.15790901
v 0.14149050 -0.29800990 -0.07299260
v 0.14154648 -0.29519351 -0.07082599
v -0.12682170 0.29906385 0.03706309
v 0.10523202 0.03580660 0.17229120
v 0.10851734 0.02336341 0.15870074
v -0.14088306 0.17311350 -0.00702937
v -0.13737272 0.18617697 -0.00978459
v -0.10381413 0.11151590 -0.16379318
v -0.13621584 0.20575273 -0.00504054
v -0.13795296 0.20639782 0.00342469
v -0.13494827 0.25889428 0.02620542
v 0.17536103 0.08580440 0.07223533
v 0.17771260 0.08018540 0.06226530
v 0.12266127 -0.29249654 0.11204854
v -0.17816556 0.23398199 -0.00251270
v 0.12088890 -0.28166325 0.12152450
v 0.14272695 0.24297812 -0.03787125
v -0.15189695 0.24132469 -0.00362258
v -0.18824641 -0.27516904 0.01274809
v -0.09404280 0.21323509 -0.13065585
v 0.14023439 -0.29624512 -0.07389020
v -0.18158703 0.09034982 -0.06399015
v 0.11214789 -0.30224311 0.05685097
v 0.09216760 0.04462895 0.16945750
v 0.07465340 0.02663063 0.17710487
v -0.11861979 -0.24976590 -0.15748388
v -0.18671864 -0.05059733 0.03577204
v -0.17844299 -0.13233808 0.07303941
v 0.15067440 -0.26225879 0.08468545
v 0.10068450 0.25605054 0.09199240
v -0.15036651 0.24855299 0.00541376
v -0.13952800 0.25057337 0.00504865
v -0.13933707 0.25457542 0.00628496
v -0.15254918 0.24710076 -0.00164318
v 0.13085095 -0.30144446 0.06892374
v -0.14093443 -0.15260372 -0.13981903
v 0.06512785 0.28597119 0.08818300
v -0.12864072 0.29511015 0.02629575
v 0.07124324 -0.29848337 0.06298310
v 0.17783121 0.05055311 0.04899038
v -0.03690139 0.29513361 -0.08999150
v -0.10212505 0.29405897 0.02847316
v -0.03762880 0.29881384 -0.08901247
v -0.11364906 -0.29230568 -0.00825953
v -0.01062902 -0.28937619 -0.14185226
v -0.05697271 -0.29500821 0.15795572
v -0.08594210 -0.26832399 0.16127720
v -0.14764352 -0.29099922 -0.02393007
v -0.15303577 0.18584001 -0.04470123
v -0.13168588 0.26139743 -0.00680809
v 0.12960342 0.29212039 -0.03289380
v -0.03734525 0.08146900 0.19318742
v 0.17014505 0.12953866 0.06999355
v 0.07784720 0.04216510 0.17688020
v 0.17246050 0.12085429 -0.06964080
v -0.12951164 0.29981399 0.00994679
v -0.12205615 0.30206473 0.02552220
v 0.14527122 0.19672204 0.08377552
v -0.13340900 0.25543530 -0.00591260
v -0.06881270 0.27186620 -0.11661110
v -0.14526565 0.24626386 -0.01532070
v -0.14478272 0.23667438 -0.01243699
v -0.08764137 -0.26416891 0.15963200
v -0.18991429 -0.11429178 0.02321660
v -0.10988476 0.30044065 0.01835529
v -0.06068752 -0.28956077 -0.16610563
v -0.17039680 0.21162119 0.01323460
v 0.12374092 -0.30234940 0.07054211
v -0.11551344 -0.19586837 -0.16105455
v -0.11592187 -0.22504284 -0.16099143
v -0.04094467 -0.29266934 0.16580738
v 0.09238974 0.29657309 0.09181069
v 0.09875720 0.29708469 0.08752460
v 0.09204790 0.29100230 0.10153520
v 0.03927306 -0.29063883 -0.13310114
v -0.01098361 -0.00834284 0.19141874
v -0.16032678 0.15438478 -0.03381455
v -0.15972052 0.17863413 -0.05333511
v -0.12644690 -0.16224695 -0.15477955
v 0.08303085 0.29533820 0.07801730
v 0.08631445 0.29731281 0.07884886
v 0.14234493 -0.26723447 0.09838573
v -0.10633520 0.29744916 0.00680149
v -0.13394091 0.26570227 -0.01226406
v 0.14804987 -0.26194987 0.09115676
v -0.12995740 0.28151021 0.00326890
v 0.13152956 -0.22206004 0.11779354
v -0.13460435 0.27085369 -0.01268212
v -0.13147141 0.29779179 -0.00131844
v 0.12731507 0.25233877 -0.05879926
v -0.18549240 -0.27817850 -0.03205240
v -0.09887330 -0.28259475 0.15010750
v 0.12323030 -0.12464595 0.13985860
v 0.09786995 0.29639480 0.08240200
v 0.04648570 0.09973881 0.19001238
v -0.14980750 0.20058877 -0.04212000
v -0.12198902 -0.16945503 -0.15727053
v 0.11781130 0.01108532 -0.14685707
v -0.11133589 0.04011453 0.16082867
v -0.05120290 0.27869959 -0.11418005
v -0.14823030 0.23774719 -0.02609495
v -0.19003958 -0.24016714 -0.00707261
v -0.17117608 0.09831486 -0.09137915
v -0.10238997 -0.14204094 -0.17013668
v -0.17524197 0.10805782 -0.08189182
v 0.06571836 -0.01165220 -0.17755966
v -0.17593446 -0.02496196 0.07370095
v 0.15583452 0.17405254 0.05058410
v 0.15595258 0.15546176 0.04681933
v 0.16749585 -0.18765508 -0.07185154
v -0.07536850 -0.26329622 -0.18015069
v 0.14903941 0.20286300 0.05912298
v 0.06562015 -0.30185080 0.06318334
v 0.13643987 0.06615325 -0.13206576
v 0.18188184 0.10013475 0.04863380
v 0.04768020 0.08228775 0.18969940
v 0.04560910 0.07023970 0.18787930
v -0.00027786 0.04325676 -0.18938622
v -0.04996826 0.23952265 -0.14291917
v -0.15806067 0.05697981 0.11428636
v 0.13440032 -0.24543755 0.11287540
v 0.13142653 -0.23185048 0.11993148
v 0.07839895 -0.15457350 0.16897230
v 0.06637985 -0.14110270 0.17573169
v 0.08917787 0.02886951 -0.16526693
v -0.01974170 -0.28755832 -0.17993368
v 0.14913849 0.16195428 0.03986054
v -0.13384370 0.28634026 -0.01503540
v 0.13338306 -0.29037604 0.10343534
v 0.10158269 -0.29524701 0.12771153
v -0.12035224 0.30242820 -0.00512547
v -0.02478326 -0.01064524 0.19064677
v 0.08289487 0.28658476 0.05358049
v 0.06873587 0.17014835 -0.15678657
v 0.18557688 0.09175818 0.02344377
v 0.18614266 0.08301927 0.01289335
v 0.12708100 0.08392205 -0.14137681
v 0.11883575 -0.15967425 0.14000273
v 0.07735631 0.28596137 0.04885169
v 0.10092912 0.29800229 0.05517505
v 0.11154824 0.08927215 -0.15332288
v -0.13400437 0.25385334 -0.02910818
v -0.10466530 -0.13817313 -0.17030557
v -0.17556735 -0.28905153 -0.00514581
v 0.02660284 0.27284615 -0.12388254
v 0.05371060 -0.30274911 0.07173500
v -0.13775029 -0.14262902 0.13268467
v 0.02275865 -0.29145372 -0.16761014
v -0.14274708 -0.13564769 0.13005984
v 0.14012768 0.16514716 0.02742768
v 0.17404090 -0.13577451 -0.06173740
v 0.14318845 -0.26316018 -0.11186661
v 0.12313237 -0.28724990 -0.12499688
v -0.00181596 0.11361176 -0.19042295
v 0.18568205 0.10067890 0.02598920
v -0.12380272 0.10275433 0.15335840
v 0.07803416 0.29816766 -0.09589629
v 0.13822510 -0.25467269 -0.12158065
v -0.06748165 -0.21444354 -0.18469825
v 0.10162421 0.29768121 0.06208869
v -0.08457992 0.25577226 0.11605753
v 0.06986380 0.09140450 -0.17563050
v 0.18389708 0.05113557 0.00815046
v 0.18387821 0.04270456 0.00528560
v -0.14809421 0.22771602 -0.04917807
v 0.11150393 0.29199977 0.07674938
v -0.12850198 0.29769032 -0.01954150
v -0.12909310 0.29058919 -0.02572668
v -0.12310988 0.28499968 -0.03646748
v -0.04883441 -0.26314518 -0.18860855
v 0.13658345 0.18616835 0.03236678
v 0.17278142 -0.11832182 -0.06910444
v 0.14097371 -0.24709826 -0.11765916
v 0.11881617 -0.19770745 0.13476813
v 0.07624161 0.11656681 -0.17080450
v -0.01486180 -0.12294650 0.18872890
v -0.01845290 -0.28333721 -0.18523550
v 0.19123787 0.04337604 -0.00070952
v 0.18440410 0.04390745 -0.00140755
v -0.07767784 -0.11443220 0.17352639
v 0.13142087 0.25348647 0.04572929
v -0.09703385 0.29032178 -0.01778070
v -0.13015206 0.28088071 -0.02700348
v 0.12465256 0.26579781 0.04618333
v -0.10211233 0.30105133 -0.02971875
v -0.18537596 -0.10785482 0.04132966
v 0.04753502 -0.30079956 0.07964693
v 0.18230734 0.11896660 0.01821210
v 0.15240833 0.14257826 0.01647786
v 0.18614012 0.10806370 0.01332043
v 0.18647723 0.09630991 0.01159160
v 0.02474567 -0.23764122 0.17781289
v 0.07508850 -0.28759847 -0.16157725
v 0.06930120 0.20106900 -0.14597417
v -0.06586673 -0.24370022 0.17009203
v -0.12156172 0.27639856 -0.04309384
v -0.11454217 -0.27549670 0.14238027
v -0.15045757 -0.19592218 0.11563323
v -0.04838624 -0.26503220 0.17311640
v -0.12210128 0.29282944 -0.03864174
v -0.02644106 -0.29828749 0.15827469
v -0.12431366 0.07609370 0.15022626
v -0.11141684 0.30318265 -0.02027485
v -0.02360156 -0.25203829 -0.19285805
v 0.18518209 0.12784346 0.01038551
v -0.14886309 -0.29032538 -0.00882319
v -0.14133853 -0.29243512 0.02963382
v 0.13625325 0.24800546 0.04208275
v 0.17202088 0.13313795 0.01364553
v 0.17766215 0.12433690 0.01421955
v -0.15795778 0.00379572 0.11363858
v 0.11433662 -0.26481657 -0.14714925
v -0.11215209 -0.23421888 0.14755124
v 0.12104734 -0.26076806 -0.14121016
v -0.13791925 -0.28931274 0.02888255
v 0.18452044 0.06640270 -0.00124572
v 0.16218330 -0.15383694 -0.08847604
v 0.10946238 -0.19172927 0.14571323
v 0.10823990 -0.18371818 0.14630200
v 0.09501451 0.14635824 -0.15299380
v 0.07744958 0.28741744 0.02973695
v 0.05092927 0.19479599 -0.15480858
v 0.10836202 0.29933128 0.04929106
v 0.00570142 -0.26129990 0.17824191
v -0.11554576 -0.24038031 0.14475409
v -0.09919403 -0.20415220 0.15862844
v 0.18635039 0.10551099 0.00043029
v 0.08210396 -0.27847247 -0.16499833
v -0.07811015 -0.12822515 -0.18341000
v -0.07808300 -0.15040385 -0.18264530
v 0.12782130 0.29335494 0.04072697
v 0.16878420 -0.13601810 -0.07816080
v -0.13149459 -0.25904434 0.13070297
v 0.14402964 0.22626958 0.03949159
v 0.14421569 0.24357975 0.03272027
v 0.14287200 0.22987289 0.02198879
v -0.14326869 0.21644232 -0.07672380
v 0.07198900 0.28767309 0.01071371
v 0.15559250 -0.16110740 -0.10219325
v -0.13652653 0.21825795 -0.08672690
v 0.07151297 -0.30222034 0.10576137
v 0.11722190 -0.26625731 0.12784147
v 0.08646570 0.16627181 -0.15045830
v 0.11966187 -0.22743292 -0.14285213
v 0.11607822 -0.24638076 -0.14546812
v 0.10060779 -0.25826983 -0.15809910
v -0.11384587 0.06333802 0.16099942
v 0.16531581 0.13287829 0.00050319
v -0.10768235 0.07874300 0.16604970
v -0.11544777 0.05223965 0.15705112
v 0.15779941 0.13656077 0.00163152
v 0.09012635 -0.25981455 -0.16380734
v 0.02877000 0.20443399 -0.15885565
v 0.03154641 0.11578389 -0.18568121
v 0.03822774 0.27477479 -0.11980335
v -0.08235655 -0.11005604 -0.18115432
v -0.04623773 -0.12206056 0.18426549
v 0.08107786 -0.12445970 0.17066023
v -0.01088320 0.12225615 -0.18922091
v -0.11678677 0.27249286 -0.05941998
v -0.12930310 0.25102470 -0.06868820
v -0.18621050 -0.21930330 0.03922180
v -0.14292766 0.02017057 0.13451170
v -0.13643970 0.01314055 0.14003750
v 0.10781764 0.29808669 0.03453389
v 0.12828525 0.28986895 0.03415260
v 0.09587503 -0.17562889 0.15621722
v 0.04543180 0.25624559 -0.12091360
v 0.04749221 0.26765530 -0.11807818
v 0.14389513 0.24600329 0.01471255
v 0.06560342 0.08271503 -0.17584578
v 0.14434817 0.24195139 0.02053524
v 0.02006521 -0.30177734 0.09107080
v 0.03131354 -0.25128624 -0.18973253
v 0.07689164 0.18493065 -0.14789968
v -0.09504402 -0.29132700 -0.11921502
v 0.14496806 0.22890089 0.01631414
v 0.16773647 0.17665586 0.00243059
v 0.16888053 0.16111856 -0.00115872
v 0.16747075 0.18990742 0.00771002
v -0.08147525 0.29071252 -0.05096264
v -0.05260402 -0.29677515 0.11873660
v -0.11444390 0.28213041 -0.05890630
v -0.11884140 0.27920234 -0.05253878
v 0.11067533 0.29790163 0.01099814
v 0.17967372 0.20176599 0.01441378
v 0.18314723 0.17119107 0.01416965
v 0.18656005 0.17302321 0.00968916
v -0.09025530 -0.29761839 0.05566150
v -0.10344895 -0.29239278 0.04299828
v -0.10429175 -0.29525900 0.03503650
v -0.04179032 0.11571941 -0.18541985
v 0.06800488 -0.24483004 -0.17494590
v -0.15801445 -0.05348910 0.11213332
v 0.10206695 -0.30029244 0.11822485
v 0.14290485 0.22763598 0.01122762
v 0.16127819 0.13591026 -0.01156810
v 0.07491545 0.03828973 -0.17238150
v -0.16275030 -0.29049084 0.06721110
v 0.10051283 -0.20815108 0.15051340
v 0.02820630 -0.24698529 -0.18869860
v 0.13051840 0.27305789 0.02121995
v 0.13477565 0.25065835 0.00296534
v 0.18477460 0.10986160 -0.01912330
v 0.18662330 0.11453753 -0.01118614
v 0.18648258 0.10673349 -0.01547690
v 0.18602320 0.10267026 -0.01699741
v -0.11668825 0.29750733 -0.05579364
v -0.16941034 0.13443948 -0.00991724
v -0.18339332 0.12582207 -0.01170798
v 0.04368108 0.23227079 -0.14481993
v -0.11402308 0.29921107 -0.06340247
v -0.10718284 0.30335672 -0.05855190
v -0.16199867 0.14058394 0.00065837
v -0.08922198 0.30098846 -0.05356141
v -0.10890367 0.02678043 0.16295214
v 0.13089696 0.29367445 0.02758439
v 0.13429010 0.29043081 0.02607874
v -0.17820060 0.21867709 0.01494592
v 0.03094894 -0.12395407 0.18590158
v 0.01151148 0.02418871 -0.19034491
v -0.11937630 -0.29189999 0.06607590
v -0.02814741 -0.16545842 -0.19454829
v 0.04110350 -0.00496515 -0.18624555
v 0.01412288 0.01099974 -0.19030349
v -0.15648690 -0.11087341 0.11253847
v 0.09817065 0.28731809 0.01620450
v 0.11256084 0.29881384 0.03136452
v 0.18301351 0.21542447 0.01584259
v -0.14858551 -0.04496191 0.12579269
v 0.18604840 0.21432450 0.01397880
v 0.16658133 0.22025900 0.00534020
v 0.16957597 0.21475110 0.01116225
v 0.14915465 0.15044684 -0.09720737
v 0.04406845 -0.01169443 -0.18489361
v 0.11276257 0.25853300 -0.06350850
v 0.16116412 0.11610534 -0.09801702
v 0.03158936 -0.05456486 0.18682452
v -0.07744631 -0.29813321 0.06784284
v -0.08924814 -0.29409635 0.06380602
v 0.18289700 0.17047660 -0.00380245
v -0.01882558 0.29629722 -0.09505364
v 0.02270408 -0.05001410 0.18814219
v -0.13120625 0.09162910 -0.14434135
v -0.05653720 0.29822481 -0.11081949
v -0.09722393 0.02914159 0.16947089
v 0.12693074 0.29707100 0.01957466
v 0.16860811 0.19081943 -0.00029043
v 0.04603825 -0.21278341 -0.18533646
v -0.12742628 0.21177595 -0.10409662
v 0.17317078 0.17472137 -0.00362966
v 0.18585855 0.17278191 0.00056463
v 0.11893419 -0.17015588 -0.14661840
v -0.10487900 0.27152746 -0.08106560
v -0.09681965 0.30316288 -0.05017818
v -0.11147521 0.29460387 -0.06910664
v -0.17671200 -0.28687019 0.03561668
v -0.06648800 0.30036221 -0.10810900
v 0.06741900 -0.11549850 0.17584532
v -0.10442647 0.25935297 -0.08007339
v -0.10976698 0.25568633 -0.08006984
v -0.18149550 -0.27760174 0.04629525
v -0.02551420 -0.30157909 0.09211080
v 0.15228548 0.03879808 -0.11177080
v -0.07510035 0.29853141 -0.06776000
v -0.10707130 0.06223363 0.16417562
v -0.10245465 0.30145855 -0.07330595
v -0.09882357 0.30322208 -0.07172444
v -0.07357341 0.27004893 -0.10784563
v -0.02246610 -0.29825664 0.09695995
v -0.15690947 -0.13573915 0.11309736
v 0.02429205 0.13405355 -0.18361005
v -0.13126590 0.12711220 -0.13939780
v -0.12492590 0.11199290 -0.14899530
v 0.08766697 -0.26417491 0.15165830
v 0.16774340 0.24331419 -0.00077450
v 0.15197960 0.23810153 -0.00271246
v 0.15750216 0.23170440 -0.00269448
v -0.18255690 0.23256760 0.01579220
v 0.04410165 -0.30205624 0.11977953
v 0.02861093 -0.29990938 0.12214371
v -0.17388819 -0.28656051 0.05164370
v -0.02001028 0.06561075 0.19384584
v 0.17160778 0.14316052 -0.04636191
v 0.17965680 0.12500089 -0.03829020
v 0.18289692 0.11170400 -0.03596276
v -0.18455209 0.19983919 0.01458200
v -0.10266815 0.25237262 -0.09856846
v -0.15029877 -0.11820612 0.12256305
v 0.10794715 -0.13136710 -0.15664505
v 0.17197533 0.23729231 -0.00247049
v 0.12893220 0.26935620 -0.01354755
v -0.09699929 0.26516426 -0.08747303
v 0.06456246 -0.22613754 0.16694375
v -0.10897554 -0.29545186 0.08284238
v 0.11965872 -0.24238145 0.13140363
v -0.12242053 -0.29569097 0.07122677
v 0.14583857 0.23758893 -0.02833621
v 0.09961180 0.28975258 -0.01410992
v 0.17811940 0.08710780 -0.06218420
v 0.09028620 -0.29506462 0.13982533
v -0.11261220 0.12572070 -0.15476550
v 0.15143690 0.17176938 -0.04173788
v 0.01147411 0.28972359 -0.05238996
v -0.11524009 0.20848720 -0.11666297
v -0.08714055 0.24409750 -0.12174420
v 0.05557690 -0.22560995 0.17221880
v 0.17890387 0.11346163 -0.05271103
v 0.17925515 0.11294105 -0.05702050
v 0.17071327 0.03858329 -0.07937698
v 0.09664612 -0.11536100 -0.16384612
v 0.01998590 0.14879460 -0.17920040
v 0.00601609 -0.11574142 0.18766093
v 0.04818685 -0.13122180 -0.18647155
v -0.10795282 0.08336990 -0.16144958
v -0.11662400 -0.29754150 0.08299620
v 0.14851323 0.21465249 -0.03989041
v 0.12786571 0.26118183 -0.02523355
v -0.09295057 0.25748663 -0.09711022
v 0.08002291 0.28929265 -0.03321361
v -0.10768352 0.30185554 -0.09474133
v 0.01883984 0.09970884 0.19498156
v -0.09015790 -0.29849911 0.10483105
v -0.09334778 0.23600936 -0.12293590
v -0.09763902 0.22476177 -0.12533718
v -0.09766660 0.30271366 -0.09582510
v -0.12581205 -0.12081885 0.14692150
v 0.12939230 0.25242763 -0.03227791
v 0.16108515 0.08158930 -0.09754530
v 0.04047912 -0.20923011 0.17788925
v 0.10995665 0.30092528 -0.02054660
v -0.05775642 0.30270936 -0.08220825
v -0.05245533 0.29094300 -0.07466584
v -0.01194924 0.28923388 -0.02553039
v -0.09037024 0.27335944 -0.08854367
v -0.15899585 -0.22684140 0.10214100
v -0.00401750 -0.12949033 -0.19615083
v 0.14776423 0.22196999 -0.04613377
v -0.16512610 -0.27840281 0.08674010
v -0.02632155 -0.12839450 -0.19574865
v -0.07151910 0.27841353 -0.10424113
v 0.05563175 -0.29083600 0.16135103
v 0.04138460 -0.30021019 0.15320983
v -0.06957139 -0.12269076 0.17782645
v 0.09840037 0.29222128 -0.02824978
v 0.12951133 0.29462197 -0.02877641
v 0.12419615 0.26729074 -0.03707171
v 0.12016633 0.25992785 -0.04569358
v 0.12908200 0.27197747 -0.03438900
v -0.13079847 0.14521415 -0.13117632
v -0.06513416 -0.29978909 0.11874866
v 0.11893089 0.26889102 -0.04605012
v -0.07017234 0.29102428 -0.10607500
v -0.09009926 0.12675325 -0.16889981
v -0.09061170 0.11062225 -0.17131085
v 0.12286745 0.25293596 -0.04951790
v 0.13146052 0.25290363 -0.05086218
v 0.03965339 -0.28453183 0.17007389
v 0.03771923 -0.28035145 0.17031872
v 0.09972082 0.30223951 -0.04794033
v -0.06932855 0.26697235 -0.11330720
v -0.11677490 0.05685863 -0.15661036
v 0.01618024 0.29713531 0.11914335
v -0.06483229 0.25954344 -0.11590085
v -0.03374058 0.30368645 -0.09783763
v 0.11405282 0.26322546 -0.04961857
v 0.16051980 0.08567015 -0.10080720
v 0.01282320 -0.25714660 0.17817690
v 0.18032918 0.03740250 -0.04654336
v -0.11634430 -0.18733300 0.14909790
v -0.17525585 0.07115029 0.08121684
v 0.02648132 -0.29134755 0.16829864
v 0.02451265 -0.28672340 0.17112217
v -0.07591962 0.22496290 -0.13663993
v -0.07062765 0.22000895 -0.14189785
v -0.06698701 0.21760898 -0.14329019
v -0.14478153 -0.28125784 0.11374120
v 0.10803875 0.03882822 0.17084827
v 0.10708140 0.03226940 0.16764874
v -0.14672500 -0.26930110 0.11386275
v -0.07060332 0.25373635 -0.12524076
v -0.07774017 0.11293118 -0.17716841
v -0.06719573 0.29778731 -0.10970132
v 0.00955924 -0.29686191 0.16281246
v 0.14194860 0.23232057 -0.05708348
v -0.09523915 -0.21276739 0.15918523
v -0.00235568 -0.29409652 0.16770841
v 0.00780669 -0.27426779 0.17620630
v -0.06332310 0.27098100 -0.11558605
v -0.13060580 -0.28019385 0.12789135
v -0.07693297 0.12575247 -0.17418050
v 0.12116036 0.25087793 -0.06963196
v 0.07909530 0.28803663 -0.00425190
v 0.08926336 -0.01490559 -0.16592468
v -0.05002800 0.27072480 -0.12076631
v -0.05166172 0.26181896 -0.11970365
v 0.01935991 0.28609314 0.10913502
v 0.10140505 0.30121820 -0.07258550
v 0.13238713 0.25584950 0.00416615
v 0.13105130 0.29214890 0.03293960
v -0.00311690 -0.27767563 0.17813575
v -0.08220955 -0.22365713 0.16492118
v 0.06839647 0.24094336 -0.13117890
v -0.01565669 0.30392225 -0.10451571
v -0.01874071 0.29967868 -0.09526700
v -0.06722586 -0.23175611 0.16995521
v -0.05002987 0.10955987 -0.18518130
v 0.08111345 -0.24331751 -0.16881073
v 0.13684244 0.05369121 -0.12962484
v 0.12615337 0.05370464 -0.13975160
v -0.11755944 -0.28674054 0.13699620
v -0.10803386 -0.28645291 0.14162952
v -0.05118464 0.21791253 -0.15085450
v -0.10917703 -0.29204147 0.13706681
v -0.18350053 0.01889718 0.04738619
v -0.08303394 -0.29381404 0.14866320
v -0.02177040 0.06901590 -0.18924640
v 0.10975834 0.25408666 -0.07614512
v 0.01448960 0.29260609 -0.09424985
v 0.13721532 -0.04082179 0.12841291
v 0.03422658 0.29304459 -0.09090763
v 0.04916449 0.01509613 -0.18266460
v 0.13461525 0.07722105 -0.13773545
v 0.12852401 0.06493369 -0.13967156
v -0.02343125 0.25896244 -0.12883655
v 0.09871492 0.25420222 -0.08656173
v -0.00707869 0.30439594 -0.11594566
v -0.06332630 0.14961680 -0.17091095
v -0.03824332 0.14915272 -0.17757040
v 0.07802617 0.04718113 -0.17115866
v -0.01498160 0.26322730 -0.12596515
v 0.03593975 0.19619077 -0.15867170
v -0.03357320 0.28173020 -0.11970710
v -0.10998946 -0.29186513 -0.03754508
v 0.04043902 0.30203960 -0.09442458
v 0.06626795 0.30212145 -0.08147366
v 0.01544200 0.17260810 -0.17021370
v -0.18349272 0.03974935 0.04842722
v -0.00943782 0.30123386 -0.12392905
v -0.01869975 0.29847717 -0.12086322
v -0.00515907 0.08721372 -0.19106545
v -0.16718618 -0.13882945 -0.10714684
v -0.17137564 -0.13794202 -0.09815698
v 0.09393982 0.28520238 -0.08820344
v 0.09289459 0.28848534 -0.08688448
v 0.01336550 0.24493668 -0.14730108
v 0.10718253 0.11564708 -0.15456313
v 0.16302092 -0.11804925 -0.09406273
v 0.09995895 0.27452395 -0.08498675
v -0.07151535 0.22701011 0.14699200
v 0.01415054 0.27682149 -0.12202604
v 0.08428850 0.24694200 -0.11721765
v -0.01404880 0.27493198 -0.12786564
v 0.07156047 0.25216255 -0.11999665
v -0.00821460 0.27533600 -0.12876030
v -0.00230800 0.20874159 -0.16044240
v 0.09232753 -0.26473351 -0.16413374
v 0.02853970 0.06857048 -0.18835106
v 0.02938589 0.22361324 -0.15100528
v -0.01295336 0.29887655 -0.12448039
v 0.07773426 0.08229440 -0.17058685
v 0.09233773 0.09029958 -0.16544068
v -0.00187250 0.18325540 -0.16776400
v -0.00394387 0.19536252 -0.16443098
v 0.01134782 0.08402575 -0.18918657
v -0.00480145 0.25084674 -0.14366695
v 0.01235595 0.25143366 -0.14060144
v -0.01137953 0.22874267 -0.15396332
v 0.00517370 0.30401061 -0.11932170
v -0.00719400 0.29703419 -0.12722890
v -0.08731175 0.25094938 0.11764830
v 0.08325375 0.25144091 -0.11147366
v 0.04842418 0.09055442 -0.18293737
v 0.04997065 0.07021035 -0.18098907
v -0.18405291 -0.20285966 -0.06303167
v 0.02629628 0.09063631 -0.18821870
v 0.13704296 0.17458607 0.02694054
v 0.00940076 0.27205253 -0.12860614
v 0.09379115 -0.29997129 -0.00741310
v 0.04395695 0.26213579 -0.12498488
v 0.14456710 0.23381290 0.05385190
v -0.14439969 0.22950921 -0.05935255
v 0.10153539 0.24171040 -0.10790988
v -0.14121929 0.22678745 0.08142585
v -0.10986420 0.23992221 0.11322294
v 0.15229239 -0.00949463 0.10862863
v 0.03738160 0.29594891 -0.11827600
v -0.11565841 -0.12822727 -0.16331867
v 0.08247345 0.28905318 0.06769390
v -0.00402206 0.23247435 -0.15327486
v 0.16754813 -0.28489499 0.01277745
v -0.18975151 0.00372037 -0.01532145
v 0.05169868 0.27640524 -0.11797260
v -0.12714860 -0.29111433 -0.08327702
v -0.18174180 -0.17003700 -0.07172820
v 0.01516525 0.25451314 -0.13577116
v -0.17182642 -0.22914636 -0.09403505
v 0.00611567 0.29955964 -0.12219033
v 0.06576195 0.30364056 -0.09352155
v -0.03831933 0.29723296 0.13084607
v -0.09542839 -0.25857704 -0.17106434
v 0.14277530 0.22831318 0.06598320
v -0.18865975 0.05357701 -0.01401781
v -0.00161365 0.27459795 -0.12449715
v 0.04683195 0.11082475 -0.18333097
v -0.17304289 0.07693754 -0.08227604
v 0.15435694 -0.28146498 -0.08554558
v -0.18905736 0.08362077 0.00265033
v 0.04381290 0.26209345 -0.11870360
v 0.05047774 0.30343852 -0.09651375
v -0.00987860 -0.28210781 0.17604800
v 0.01973070 0.06180050 -0.18882000
v -0.18681824 0.01724601 -0.03721685
v -0.18487668 -0.05698868 -0.05575837
v -0.14767206 0.22831178 0.04302170
v -0.14247060 0.20762291 0.03812490
v 0.01079389 0.26664052 -0.12855392
v 0.00560609 -0.28850427 0.17232759
v -0.18739747 0.14861847 0.00867156
v 0.00928631 0.07059380 -0.18940988
v -0.00005476 -0.25664098 0.17915154
v 0.10575265 0.24934633 -0.09474665
v 0.08195997 0.30316844 -0.08349735
v 0.01550680 0.25969193 -0.12766092
v -0.00871796 0.25797362 -0.12893050
v -0.17882437 0.14319528 0.00836389
v 0.10105625 0.27764857 -0.08346872
v -0.14455966 -0.23880496 0.11883850
v 0.09029800 0.27635286 -0.08722160
v 0.11470754 0.06363184 -0.14946631
v -0.07629024 -0.14583584 0.17263943
v -0.07062690 -0.13803205 0.17657243
v -0.17299466 0.00887748 -0.08492517
v 0.04191574 0.27099147 0.13066210
v 0.11863141 0.07802144 -0.14628299
v 0.06158171 -0.28501048 0.16298093
v -0.02899716 0.11122453 -0.18891045
v -0.02310159 0.25581713 -0.13455006
v -0.03002752 0.27008867 -0.12648481
v -0.02915072 0.08571743 -0.18780192
v -0.16971580 0.22056775 0.00119645
v 0.17783285 -0.13755642 0.03067298
v -0.14721804 0.24479833 0.01589743
v -0.06714240 -0.29699080 0.11459709
v 0.04915622 -0.29718926 0.15507557
v 0.09404895 0.26145179 -0.08506070
v 0.09442500 0.26988709 -0.08535495
v -0.09367670 -0.11738505 0.16665121
v -0.03509387 0.26040940 -0.12426015
v -0.13576168 -0.25262849 -0.14231200
v 0.00358326 0.30398417 -0.10355837
v 0.07458026 0.30062962 -0.07172527
v -0.13150920 0.26237628 0.03520604
v 0.05991700 0.29487386 -0.07895682
v 0.05582050 0.29129419 -0.07730000
v 0.03792358 -0.21221118 0.17714115
v -0.05365108 0.12154665 -0.18292753
v -0.03574090 0.29624026 -0.11757425
v -0.03020741 0.30429449 -0.11178418
v -0.18393072 0.03948920 -0.05132226
v -0.12909065 0.29531243 0.04678842
v 0.06817765 0.28851290 0.12528700
v -0.00859919 -0.29813578 0.12278618
v -0.00090212 -0.29907887 0.12626922
v -0.00402080 -0.30305049 0.12465276
v -0.04762093 0.25662444 -0.12762983
v -0.09220270 -0.29466381 0.09624945
v 0.15765625 0.12335781 -0.10225049
v 0.15638798 0.12146908 -0.10233297
v 0.09396829 0.30224345 -0.06630426
v 0.08835539 0.30163772 -0.05985597
v -0.17285048 -0.20569007 0.08013850
v -0.17174915 -0.27562809 0.07449080
v -0.15944180 -0.21935279 0.10091165
v -0.13312030 0.27041030 0.05195770
v 0.11118916 0.26859796 -0.06031525
v 0.11923130 0.29981577 -0.03497235
v -0.13967851 -0.11231054 0.13261293
v 0.12707045 0.00812078 -0.13901008
v 0.08605267 -0.24361393 0.15631480
v 0.13132076 0.25037141 -0.04643089
v 0.06738805 0.26411910 0.12527510
v -0.06873299 0.09102018 -0.17985172
v -0.13528605 -0.29433031 0.05012287
v -0.13105390 -0.29171391 0.05034086
v -0.11637855 -0.01418788 0.15662659
v 0.08545886 0.29050837 -0.05088243
v 0.07963718 0.28945420 -0.05202996
v -0.09297888 0.22575700 -0.12583010
v -0.01634644 0.29122150 -0.08848365
v -0.12035980 -0.00079661 0.15360545
v 0.14487380 -0.01014660 -0.12146016
v 0.17031952 0.10219260 -0.08368292
v 0.15810950 0.06929899 -0.10176021
v -0.12539690 0.25661440 0.05562900
v -0.00645950 -0.30103645 0.09621407
v 0.00572559 -0.29891133 0.09659137
v -0.01109307 -0.29786990 0.10312506
v -0.16004647 -0.09827495 0.10810927
v -0.18566630 0.14249235 0.00445693
v 0.13063968 0.27222328 -0.03033785
v -0.09332802 0.15011486 -0.15703970
v 0.12608864 0.29743037 -0.02338143
v -0.08430277 0.25560520 -0.10963920
v -0.06109293 0.08376270 0.18895385
v -0.07236130 0.26316235 -0.10673859
v -0.12529874 0.02624830 0.15007352
v -0.13247606 0.01739240 0.14503440
v 0.14191985 0.24732332 -0.02712313
v 0.05927504 -0.30027554 0.10920674
v -0.13134706 0.25717070 0.03572232
v 0.17210170 0.07253050 -0.07393810
v -0.17280341 -0.10899072 -0.09444203
v -0.15253334 0.23691130 0.01620696
v -0.17071732 0.15941975 0.01020770
v 0.15341921 -0.01807144 -0.11137515
v -0.00425788 0.06057184 0.19368863
v -0.17413521 0.19930837 0.01443253
v -0.10054170 0.09384680 -0.16693050
v -0.10515429 0.29931655 -0.09178985
v -0.09104570 0.29936357 0.09423218
v 0.12803823 0.29758039 -0.00932138
v -0.13510695 -0.28898306 0.02979739
v -0.09947125 0.29573693 0.09191536
v -0.11180021 0.10179123 0.16254557
v 0.17436472 -0.13749115 0.04691450
v -0.14586656 0.06977369 0.12989858
v -0.06117537 0.29834592 -0.07920265
v -0.08838985 0.27252679 -0.09752650
v 0.17162560 -0.12291830 0.05862640
v -0.11452414 0.11659652 -0.15448022
v -0.12088600 0.11092380 0.15304019
v 0.07760571 -0.02736109 0.17496670
v 0.07508852 -0.03315675 0.17504985
v 0.13140717 -0.26170633 0.11314843
v 0.18170075 -0.12102505 -0.00235420
v 0.17505035 0.06664718 -0.06733142
v 0.12588469 -0.21931243 0.12768342
v 0.17429631 -0.22813294 0.02900355
v 0.17478350 -0.22761650 0.01611880
v 0.16185180 -0.02317835 -0.09912890
v 0.14409380 0.22907000 -0.02361040
v 0.13387545 0.25128064 -0.01662355
v -0.04199611 -0.29206662 -0.14580474
v 0.16563991 -0.11410173 0.07175839
v 0.04646118 0.02330911 0.18606160
v 0.09418968 -0.15318463 -0.16408173
v 0.06311494 0.01323613 0.18103672
v -0.15531390 0.08794360 0.12036150
v 0.12971270 0.25857456 -0.00842320
v 0.12271774 -0.13152966 -0.14512302
v 0.14167776 0.18112466 -0.02939287
v -0.00046166 0.25952451 0.13969153
v -0.09473788 -0.28873227 -0.07702668
v -0.16501610 0.15581228 0.05255330
v -0.11263081 0.24686592 0.10511830
v 0.07817752 0.29622285 0.08709418
v 0.18148160 0.12545280 -0.02465940
v 0.17664245 0.13170185 -0.03205500
v 0.09458475 -0.29936032 -0.01646000
v 0.10293553 0.29140396 -0.00274148
v 0.07509883 -0.17541187 -0.17423397
v 0.13827703 -0.19627435 0.11482919
v -0.16430252 0.08578710 0.10649657
v -0.18991050 -0.21186864 -0.00736636
v -0.18942755 0.08588935 0.02257905
v 0.16715631 0.22316570 0.00016067
v -0.10002691 0.28766029 -0.07585360
v 0.14696852 -0.27453828 0.09058574
v 0.11220435 0.26452744 0.08077750
v -0.19048722 -0.18806168 -0.00620714
v 0.16047815 0.22655616 -0.00051051
v -0.17349154 0.04720061 0.08391396
v -0.12991422 0.10333189 -0.14599342
v -0.13207288 0.11153630 -0.14243350
v 0.14475340 -0.13357080 -0.12216400
v 0.16366893 0.13752853 -0.02204663
v -0.16848469 -0.27558420 -0.09067403
v 0.08035362 0.07428967 0.17812498
v 0.18666452 0.22460475 0.01070362
v 0.17504188 0.23745391 0.01592678
v -0.15061076 0.19909533 0.08661734
v 0.14863133 -0.28633595 0.07647310
v -0.12201922 0.24808638 -0.08451966
v -0.15276785 0.20264552 0.08767242
v -0.09810708 -0.27572410 0.15279220
v 0.15655611 -0.25320461 0.07953810
v 0.15985870 0.22690544 0.01433165
v -0.10668166 0.20985627 0.13058141
v 0.11216658 0.03606985 0.15609986
v 0.09943827 0.03804703 0.16654655
v 0.10443370 0.03020582 0.16193873
v -0.11202908 0.27699957 -0.07039724
v -0.08449720 0.29324939 -0.05355000
v -0.11788116 -0.28806880 -0.01038032
v 0.17166748 0.22907355 0.01614205
v -0.13646003 0.17999407 -0.10805560
v 0.13009654 0.26816039 0.00113423
v -0.17481472 0.10450318 0.08481413
v -0.17558540 0.08782680 0.08397910
v -0.13725805 0.17100196 0.11852357
v 0.18276043 0.12225052 -0.01525835
v -0.14175317 -0.28993752 -0.04153507
v 0.13287814 -0.30188046 0.05527611
v 0.14279550 -0.30025251 0.05148870
v -0.12233056 0.25204072 -0.07646335
v -0.18702657 -0.25364614 -0.04739231
v -0.18573787 -0.25996289 -0.05354192
v 0.18625709 0.15314537 0.00123748
v -0.18969017 -0.17400153 -0.02774920
v -0.18586534 -0.26602347 -0.06263046
v -0.18111742 -0.27693336 -0.05898839
v 0.18483497 0.14679967 -0.00402099
v 0.16064335 -0.24760370 0.07308667
v 0.16130825 -0.25210595 0.06535500
v 0.17720608 0.14521660 -0.00406980
v 0.15814325 -0.27087066 0.06695753
v -0.16447440 0.10897710 -0.10349410
v -0.15059427 0.01704102 -0.12420615
v 0.08588132 -0.30089378 0.03455460
v 0.13365420 0.27192161 0.03014295
v -0.15062444 0.05941750 -0.12098713
v 0.06103122 -0.24095244 -0.17868029
v 0.18487642 0.11879362 -0.00237035
v 0.15110315 -0.12370775 0.10342134
v 0.12266996 0.29798396 0.03421344
v -0.11401465 -0.28820472 -0.03834616
v -0.03388140 -0.26901369 -0.19039640
v -0.04250472 -0.18474820 -0.19184505
v -0.04278210 -0.17907343 -0.19275945
v -0.11527950 0.25686820 -0.06540190
v -0.11521580 0.26055710 -0.06390850
v 0.13773727 -0.19013780 -0.12615020
v 0.14387888 -0.17335827 -0.12015800
v -0.09943960 -0.26465600 0.15510890
v 0.13487577 0.17820362 0.00976954
v 0.13332560 0.19045165 -0.00170760
v 0.13658230 -0.12303740 0.12464465
v 0.12315238 -0.29758337 0.01202593
v 0.11950152 -0.30163307 0.03615875
v -0.05523990 0.23559875 0.15068780
v 0.08151829 -0.26076853 -0.16931885
v 0.16453387 -0.24698889 0.06040921
v -0.16932290 0.14731555 0.06834375
v -0.17296710 0.13274606 0.07310970
v -0.14975500 0.11103853 -0.12311274
v -0.15119655 0.12197264 -0.11933420
v -0.17889262 0.13353180 0.04918305
v 0.00024338 0.23115740 0.16212670
v -0.09542490 0.29408085 -0.03558785
v 0.15158334 -0.15569704 -0.10867935
v 0.11725460 0.09656180 0.15608580
v -0.18842459 -0.14725592 -0.04418581
v -0.18746459 -0.18269881 -0.04453559
v -0.12341353 0.26985588 -0.05093458
v 0.12356411 0.07912859 0.15133207
v 0.13116963 0.09392840 0.14526185
v 0.12614579 -0.30066068 0.01064169
v 0.02693155 -0.26688099 -0.18898008
v 0.01527389 0.28872812 0.11279281
v -0.11546265 0.30324874 -0.04358360
v -0.19157234 -0.01942785 -0.00443695
v 0.07281829 -0.27458432 -0.17138224
v 0.12105455 0.29736667 0.04434949
v -0.17712723 -0.25508473 -0.08023157
v 0.09859662 -0.29608221 -0.00108657
v 0.15827465 -0.13664762 -0.10006291
v -0.12015562 0.26300938 -0.05394806
v -0.18629565 0.07571645 0.03145630
v 0.10872556 -0.26048753 -0.15118004
v 0.11561248 -0.25651305 -0.14451355
v 0.04927600 0.21190045 0.15991075
v -0.14622940 0.11803478 0.12827311
v 0.17844503 0.14657233 0.01273443
v 0.06026965 0.06197955 0.18354120
v 0.02145536 -0.27986867 -0.18541825
v -0.12727152 -0.28890467 -0.07507432
v -0.11616540 0.23292840 0.11131500
v 0.17719611 0.05919405 -0.05929798
v -0.10012852 0.24905589 0.11098539
v 0.04195990 -0.20436881 -0.18585097
v -0.05057533 0.25658007 0.13435117
v -0.17797830 -0.24230969 -0.08166240
v -0.17382520 -0.24708650 -0.09531850
v 0.18680055 0.21495900 0.00447877
v -0.02980720 0.25605323 0.13727466
v -0.13929235 0.20986266 0.09236945
v 0.16478060 0.13047169 0.00556350
v 0.16670402 0.13310575 0.01136131
v 0.10496807 0.12388985 -0.15446023
v -0.11150620 0.25173950 0.10456730
v 0.01761600 -0.17389175 -0.19281145
v 0.14637867 0.24402268 -0.00128693
v -0.18788700 -0.09890640 -0.03975120
v -0.18893554 -0.08539827 -0.04214666
v -0.12363729 0.08395701 0.15347791
v -0.10353129 0.25856783 0.09928780
v 0.09228730 -0.29858439 -0.03196390
v 0.09729602 -0.29512589 -0.02812397
v 0.12224300 -0.29605820 -0.00947220
v 0.12924529 -0.30017474 -0.00715372
v -0.15872260 0.17390670 0.05981610
v 0.10305603 0.29264979 0.03514903
v 0.09469936 0.28689220 0.03443334
v 0.17185650 0.22565072 -0.00234952
v -0.18943821 0.03937652 0.00006398
v -0.15139527 -0.28581455 -0.10286267
v -0.13299375 -0.28975148 -0.11044945
v 0.17208201 -0.23570528 0.03093746
v 0.14586520 0.08339990 0.12721829
v -0.10998435 0.23026636 -0.11008490
v -0.09710840 0.26233673 0.10471896
v 0.00324203 0.28401237 0.13913839
v -0.05865605 0.09555840 0.19016485
v -0.04964467 -0.25214188 -0.18883179
v -0.16200659 -0.03423679 0.10489460
v -0.15331165 0.16751797 0.04424447
v -0.14082212 0.23124349 0.07516302
v 0.09456512 -0.13192559 -0.16506906
v -0.12993658 0.26771214 -0.03361445
v -0.18278500 -0.28324685 0.01647107
v -0.10167772 -0.28775592 -0.10554894
v -0.06440385 0.08225778 0.18677187
v -0.01667145 -0.27265885 -0.19118356
v -0.05345552 0.29496458 0.12871510
v 0.13869315 -0.29914536 -0.01837607
v -0.19076824 0.10335112 0.00373154
v 0.03484694 0.25089433 0.13808469
v -0.18057758 -0.13641429 -0.07731786
v 0.01516585 0.26138906 0.13789119
v -0.15812815 0.15463380 0.04111300
v 0.07833125 0.20965285 -0.13755840
v -0.17951477 0.13091607 0.00956626
v -0.17198465 0.13655490 0.02043565
v -0.18650275 0.12404363 0.01035295
v -0.17414771 0.13222928 0.01949545
v -0.16103015 -0.28298321 -0.09411020
v 0.16071528 -0.19436505 -0.08791335
v -0.10921305 0.30125263 -0.00903827
v -0.12542055 0.30200250 -0.01528503
v -0.14926122 0.17464081 0.04010700
v 0.09412957 -0.29863844 0.12827808
v 0.07565966 -0.30120113 0.12973208
v 0.18727511 0.04877461 0.00391891
v -0.10452942 -0.19705811 -0.16814657
v 0.12407240 -0.29570630 -0.03148240
v 0.18874995 0.04243349 0.00264341
v -0.14741387 0.22660303 0.05591500
v -0.13806400 0.24542050 0.06290820
v -0.14936970 0.22455032 0.05593492
v -0.18419404 -0.12194701 -0.06656433
v 0.08237398 -0.29653702 -0.05948536
v 0.17156589 -0.27835355 -0.01873495
v 0.12819657 0.25937927 0.05836126
v 0.14315583 0.20845950 0.04675848
v 0.08544790 -0.29889190 -0.04803910
v -0.11188242 0.28261585 0.07488904
v -0.06122105 -0.25720675 -0.18733357
v -0.07780563 -0.24462974 -0.18003889
v -0.03854452 0.28669574 0.09918075
v -0.01718934 0.28611114 0.10733023
v -0.16108313 -0.22591770 -0.11426995
v 0.05907577 0.26635053 0.12725053
v 0.15354455 -0.23413064 -0.09698720
v 0.06992224 0.25297887 0.12194034
v 0.17672597 0.12720088 0.04273675
v 0.07192212 0.24812067 0.12680318
v 0.11239485 0.25324819 -0.07116849
v -0.17340615 0.14620289 0.01056601
v -0.17284862 0.13632940 -0.00365206
v -0.17912750 0.17331920 0.01181390
v -0.17645020 0.16420209 0.01309310
v -0.14313781 0.24666104 0.03463240
v 0.02210378 -0.19450276 0.18186560
v -0.10447750 -0.17700570 -0.16885570
v -0.18734646 0.20012081 0.01109195
v -0.18786297 0.17011200 0.01112794
v -0.09022602 -0.14529195 0.16643360
v 0.03154297 0.29678562 0.12902001
v 0.03661050 0.29183590 0.13381370
v -0.09839844 -0.13804491 0.16395303
v 0.11534441 0.25438044 0.07465340
v -0.12996570 0.26268060 0.05695720
v 0.15507238 -0.24560382 -0.09303831
v -0.13336728 -0.21583107 0.13223027
v -0.12360300 0.27384465 0.05142235
v 0.10717020 0.29257045 0.08601350
v -0.16089504 0.14107490 0.01392844
v 0.16653292 0.06011323 0.08861990
v 0.12806396 0.25673096 0.06550199
v -0.07013175 0.28778770 0.08306420
v 0.11725562 0.26527834 0.06688174
v 0.11730719 0.26963038 0.06338600
v -0.16108515 -0.23871782 -0.11222932
v -0.12258612 0.29491622 0.05957375
v -0.17125851 0.16097891 -0.00333582
v -0.04621208 -0.21615024 0.17711201
v -0.10328572 0.29024920 0.00358254
v -0.10230550 0.29335351 -0.01662235
v 0.08046085 0.10797715 -0.17095546
v 0.06946279 -0.29556286 -0.14356165
v 0.06754813 -0.29355223 -0.14064755
v -0.16921668 0.18148667 0.00254478
v -0.01277750 0.14856800 -0.18043081
v 0.15216866 0.18766398 0.05811897
v -0.12940073 0.29155290 0.04438775
v 0.07783390 0.28543961 0.06334790
v 0.14316950 -0.27511971 -0.10977730
v 0.07183272 0.26544309 0.11613390
v -0.06581557 -0.28616271 -0.17259015
v -0.15701520 -0.17971610 -0.12167730
v 0.01604194 0.12326139 -0.18727324
v -0.16173549 0.22734008 0.00850490
v 0.01679873 0.10032203 -0.19043720
v -0.16248413 0.16423974 -0.06576691
v 0.15713623 -0.23370996 -0.09028237
v -0.18289055 0.13093452 -0.03374665
v -0.01033698 -0.29457879 -0.11309133
v 0.02050550 -0.29590614 -0.10836595
v 0.16005019 -0.28603883 -0.06527964
v 0.07650611 0.26463258 -0.09851111
v -0.09096035 -0.29071574 -0.14625255
v 0.01293800 -0.29208829 -0.11368425
v -0.05420645 -0.29157653 -0.13943354
v -0.13070352 0.25886371 -0.01822721
v 0.14834991 0.11954269 -0.11498350
v 0.17158049 0.10839802 0.07963180
v 0.17565100 0.09517320 0.07397430
v -0.18542310 0.23022859 -0.00168350
v 0.16905569 -0.26402745 -0.04810289
v 0.11189679 0.28832884 0.08449995
v -0.10617120 -0.24671311 -0.16550751
v -0.10599260 -0.22742629 -0.16768850
v -0.10935950 -0.24001863 -0.16356562
v -0.16269832 0.22867949 -0.00002265
v -0.14507749 0.24873602 0.00491741
v -0.14247605 0.25207980 0.01517230
v -0.13165922 -0.13206003 -0.15080535
v -0.14219019 0.17877400 -0.02570542
v -0.14841956 -0.15112057 -0.13133026
v 0.16348900 -0.24907889 -0.07702360
v 0.15985804 -0.26513608 -0.08277733
v -0.13855896 0.22635758 0.00457305
v -0.13740005 0.21151061 -0.01030285
v -0.13627555 0.20026910 -0.01157390
v 0.17275110 -0.22262449 -0.04299220
v -0.00039444 -0.23239090 0.18035773
v -0.17424870 0.03810557 -0.08071432
v 0.14618155 0.19131782 -0.07638543
v 0.16494615 -0.26773043 -0.06436707
v -0.11876405 -0.22707791 -0.15731000
v 0.07467418 -0.29335270 -0.11567903
v -0.13658118 -0.18860085 -0.14359426
v -0.04632778 -0.13848090 0.18367058
v -0.14761758 0.17089077 -0.03082978
v 0.13281221 -0.29094787 -0.10423539
v 0.16798615 -0.23978698 -0.06171975
v -0.05687941 0.30421948 -0.10140350
v 0.00847734 -0.29298489 -0.14613802
v 0.10404795 0.28560874 0.08684831
v -0.18154240 0.10792331 -0.06409320
v -0.12151079 -0.20882668 -0.15652757
v 0.06765235 0.29459119 0.09380032
v 0.07732208 0.29618227 0.08268325
v 0.08107488 -0.28023989 0.15443645
v -0.01308009 -0.11506751 0.18756827
v -0.10678160 0.29860597 0.07833897
v -0.08770670 -0.28540184 -0.16293310
v 0.17200780 0.13664198 0.05623108
v 0.02960753 0.16350627 -0.17151707
v 0.15680920 0.17351724 0.06076201
v -0.16989340 0.15349391 -0.04618480
v -0.14696254 0.23460622 -0.00482717
v -0.18792952 0.02664364 0.01945877
v -0.14216309 0.24965522 -0.02388704
v 0.15521923 0.14746212 0.04067651
v 0.07970858 -0.29392841 -0.13328245
v 0.17664980 0.07495850 0.05696750
v -0.07703632 0.30368302 -0.07387956
v -0.10005410 0.28906446 0.03211455
v 0.07381819 -0.29194038 -0.15130700
v 0.09179481 -0.28973374 -0.14788693
v -0.08474054 -0.23333542 -0.17717916
v 0.15826579 0.14118755 0.03536079
v -0.18125567 -0.26851723 0.05188248
v -0.14270297 0.23119445 -0.00036020
v -0.09030270 -0.23691447 -0.17525587
v 0.12296263 0.26430023 0.06695535
v -0.18018956 0.07224316 -0.06230857
v -0.15991859 0.07797531 -0.10746961
v 0.14715470 0.22214010 0.04822580
v 0.04333257 -0.29334552 -0.15881917
v -0.13734250 -0.22696643 -0.14135561
v -0.09915004 0.29210205 0.04396770
v 0.00573810 -0.28711779 -0.18041080
v -0.08881921 0.08606534 0.17667556
v -0.14536608 -0.15216874 -0.13656482
v -0.09870306 0.29848471 0.05456882
v -0.17449635 0.22684546 -0.00315483
v -0.14017578 0.22955675 0.01046033
v 0.17324462 0.14319563 -0.00536555
v -0.18605524 0.11694155 -0.03928136
v -0.00118703 0.28751545 0.11135828
v 0.13774616 0.22099690 0.00980966
v -0.12631595 0.05394325 0.14833990
v 0.03937735 -0.29597740 -0.10181693
v -0.06879462 0.10034316 0.18520938
v 0.12445765 -0.23513761 0.12443891
v -0.17804712 -0.10871257 0.06910263
v -0.15500669 0.15685685 -0.02734360
v 0.11632700 0.29671769 0.05745095
v -0.12910776 0.27266798 0.03949747
v -0.12648350 0.28081231 0.04039940
v 0.12974935 0.26589777 0.03256587
v -0.15416595 -0.12810318 -0.12637110
v 0.16814923 0.14326575 0.00915144
v 0.16936486 0.16378809 0.01176882
v -0.18529321 -0.14258233 0.04219656
v -0.01133470 0.11692030 0.19364810
v 0.11639051 -0.29822202 0.10737270
v -0.09539855 -0.12150511 -0.17571740
v 0.05978655 -0.27646558 -0.17647972
v -0.16705214 0.21717238 0.00629167
v 0.10735447 -0.29621873 -0.08772413
v 0.12626330 0.27135329 0.03781340
v 0.16775137 0.14206426 -0.00027014
v -0.15976117 0.23101027 0.01356360
v 0.02334840 0.22502353 -0.15271767
v 0.02013274 0.24086690 -0.14762769
v -0.02878550 -0.24785869 -0.19186300
v -0.10722190 -0.11278321 -0.16904075
v -0.01865228 -0.29068825 -0.11650035
v -0.00275840 -0.28019071 -0.18742080
v -0.13008462 -0.26949570 -0.14565680
v 0.04316013 0.25181689 -0.13360040
v -0.14091730 0.20527060 0.03153170
v 0.14165616 -0.14893513 0.11386472
v -0.15139236 0.19725075 -0.06946523
v 0.17811390 0.17315557 0.01360795
v 0.00902900 -0.24664190 -0.19190871
v 0.06142871 0.29144464 0.12432741
v 0.17166504 0.17211781 0.01421030
v 0.17051039 0.19860682 0.01350653
v 0.17312441 0.21101644 0.01554777
v 0.16370670 -0.28921814 -0.03094631
v 0.03755466 -0.23361044 -0.18689058
v -0.14366800 0.21401465 0.02451690
v -0.14670051 0.22117689 0.03804758
v 0.03255665 0.28529763 0.10124599
v -0.01238917 -0.21238663 -0.19377691
v -0.16109655 0.03863355 -0.10815858
v -0.14324208 -0.24951084 -0.13436117
v 0.13433660 0.18737000 -0.01014460
v -0.02480727 -0.29048016 -0.16832978
v -0.16589620 0.06088569 -0.09766989
v 0.04519087 0.29710102 0.11296318
v 0.17771813 0.16559809 -0.00279691
v -0.18659388 0.07722492 -0.03440965
v -0.12160840 0.28313651 0.05449760
v -0.14259943 -0.12802075 -0.14002820
v -0.18780133 0.11607288 -0.00479157
v -0.16807685 0.21614416 0.00972712
v 0.10923722 -0.19274668 -0.15291802
v -0.16901839 0.13784846 -0.00217815
v -0.12004824 0.26774888 0.07070042
v -0.05794336 -0.29369047 -0.10077065
v -0.05098564 -0.29054189 -0.10836883
v -0.02164837 0.23724060 0.15769646
v 0.05154026 -0.19922457 -0.18257207
v -0.10458593 -0.26196063 -0.16585170
v -0.11274797 0.26985912 -0.07044361
v -0.12448523 0.07858006 -0.15024581
v -0.17823212 0.13729482 -0.04271959
v 0.12375305 -0.29778216 -0.04300366
v 0.00831765 0.23858614 0.15819640
v 0.13256050 -0.13266275 -0.13607175
v 0.07208567 0.17098991 0.16210365
v -0.18771485 0.15024440 -0.00323765
v -0.14678873 0.16245533 -0.00669740
v -0.12694005 0.18983952 -0.11379192
v 0.12231735 0.10380214 0.15231760
v -0.12422398 0.16265073 -0.12917906
v -0.16892684 -0.09053406 -0.10057869
v -0.18600593 0.16699063 0.01260702
v -0.02065555 0.28756475 0.11071615
v -0.04046925 0.28938251 0.10566446
v -0.17544023 0.14507090 0.01186567
v -0.17994244 0.14770669 0.01013651
v -0.01269715 0.25922866 0.13876460
v -0.11224291 0.27089922 0.07396974
v -0.18579661 -0.14458791 -0.06217781
v 0.03969686 0.28962724 -0.03718155
v -0.06753295 0.26829622 0.12094108
v -0.14692087 0.16053704 0.00763259
v -0.15412370 -0.25441206 -0.12306645
v 0.11411352 0.30032098 -0.00451385
v -0.17242225 0.13203497 0.01266660
v -0.14434600 0.23964856 0.05504158
v -0.10497804 0.26821966 0.09457927
v 0.12372940 0.29902201 0.00795450
v -0.06998819 -0.29411855 -0.08839869
v -0.11893200 0.09282160 -0.15495059
v -0.09761378 0.29252398 0.10108030
v 0.01532125 0.27936161 0.13761878
v 0.01704560 0.29365399 0.13819405
v 0.01286863 0.29166129 0.14144690
v 0.01200800 0.29683304 0.13580635
v -0.15587432 -0.24891620 -0.11937810
v -0.06694602 0.29233208 -0.06869569
v 0.04941469 0.24879863 0.13620992
v -0.18788645 -0.02364750 -0.03620478
v -0.14855337 0.21823626 0.04803889
v -0.14579293 0.22703581 0.06434416
v -0.04239750 0.21886640 0.16156470
v -0.18856535 -0.03787140 -0.04011593
v -0.14993341 0.20635641 0.05411888
v 0.14824110 0.09885555 0.12454667
v -0.14316984 0.17528955 0.02979895
v -0.10387890 0.13788440 -0.15751390
v 0.10438393 0.17154406 0.14325294
v 0.09813449 0.29705338 -0.03655701
v 0.12298495 0.29966459 -0.02259550
v -0.10794630 0.25701220 0.09050300
v -0.09983139 0.27249379 0.09943157
v -0.18871462 -0.02622860 -0.03208501
v 0.12312545 0.17532058 0.12560236
v -0.15053668 0.20908356 0.06088753
v -0.09284801 0.26958849 0.10557537
v -0.07482783 0.07092855 -0.17757685
v -0.06548000 0.26432295 -0.11085300
v -0.17602135 -0.14198292 -0.08527772
v -0.08941907 0.13935318 -0.16464036
v 0.05501223 0.22013569 0.15467387
v -0.06605988 0.27010114 0.12461820
v 0.17481093 -0.24012341 0.01674030
v 0.03279457 0.25716059 0.13526105
v -0.10292565 0.26877432 0.09138569
v -0.05042220 0.26458359 0.13500831
v 0.09042630 0.23291190 0.13163930
v -0.00847034 0.25095911 0.14221898
v -0.03431480 0.25089679 0.13892037
v 0.14173837 0.18183695 -0.09000642
v 0.00054959 0.29427543 -0.09601037
v -0.15597972 -0.28948405 -0.07555997
v 0.10941212 0.08157724 0.16114501
v 0.12849416 0.23423665 -0.08157365
v 0.13368511 0.22797706 -0.07700095
v -0.00158281 0.30148544 -0.09916524
v 0.17147751 -0.20622108 0.04404061
v -0.07156137 -0.29659281 0.14853208
v -0.04400150 0.24681985 -0.14144645
v 0.10749598 0.06881613 0.16041243
v -0.15447460 0.20072155 0.08453190
v 0.18004640 -0.12151411 0.01920020
v -0.07513620 0.26478579 0.12139127
v 0.09362779 -0.29995410 0.00790753
v 0.11858512 0.10815670 0.15307739
v 0.12525662 0.24365950 -0.07769550
v -0.09969754 -0.28950157 -0.06604497
v 0.13965770 0.11225765 -0.12638270
v -0.03774090 0.21526549 -0.15508699
v 0.01960308 0.30091872 -0.09807326
v -0.02720185 0.09297325 -0.18959033
v 0.14013622 0.11901239 -0.12525969
v 0.13900753 0.10676637 -0.13074106
v 0.10539408 0.05741915 -0.15566908
v 0.11031330 0.07102915 -0.15234407
v -0.03131100 0.25114264 -0.14066417
v -0.03406710 0.24544721 -0.14331175
v 0.16509269 -0.24064906 0.05704650
v -0.01665446 0.24575057 -0.14503039
v 0.06630160 0.29010575 0.12538748
v 0.07787691 0.25519612 -0.10342720
v 0.03321947 0.30388339 -0.10940704
v 0.00635980 0.09208839 -0.19092429
v 0.09489163 0.29951065 -0.08401075
v -0.18685278 0.00729079 0.03167599
v 0.12138745 0.06940619 0.14993308
v 0.02415909 -0.30360160 0.00223666
v 0.05510344 0.30020511 -0.10958238
v -0.02202240 0.21791115 0.16445775
v 0.03640350 0.30104833 -0.11599988
v -0.07458333 0.23524954 0.14337047
v 0.05356882 0.27334671 -0.11424795
v 0.07761560 0.24967890 -0.12169380
v -0.18424217 0.08146125 0.04546946
v -0.18436403 -0.24664719 -0.06162733
v 0.15329559 -0.22278285 0.08711386
v 0.09854606 0.16700798 -0.14158659
v -0.13209280 -0.29225354 0.11055834
v 0.04669780 -0.29048240 0.16546205
v 0.17847708 -0.12018054 -0.04410375
v 0.08579947 0.10567437 0.17329980
v -0.16376684 0.05406684 0.10455939
v -0.16179912 0.15480131 -0.07939559
v -0.17549093 0.12649155 -0.07080400
v 0.10895722 -0.12421651 0.15244396
v 0.07257842 -0.29427695 0.14879390
v -0.12155532 -0.11343958 0.14845800
v -0.17644439 -0.28383694 -0.05158969
v 0.17709900 -0.13682290 -0.04795470
v 0.06122883 -0.23974581 0.16703275
v 0.14834355 -0.22161407 0.09507483
v -0.10855515 0.10980520 0.16237295
v 0.02518681 -0.29795980 0.11943880
v -0.18901436 -0.23249996 -0.02489369
v 0.09249440 -0.28473475 0.14542658
v 0.13895835 -0.29903426 0.06700115
v -0.17879342 -0.28572052 -0.02984301
v -0.11711191 0.07815917 0.15745026
v -0.11505188 0.15896847 0.14251922
v -0.17898495 -0.14036562 0.06673539
v -0.19001385 -0.26492035 -0.02422190
v -0.16847645 0.07327790 0.09609455
v 0.09405007 -0.29874461 0.07734829
v 0.06620749 -0.29827802 0.10072576
v -0.16314100 -0.11692165 0.10490108
v -0.17033668 -0.10995990 0.08832856
v -0.15767534 0.10446391 0.11626174
v 0.03790145 -0.29868939 0.08905705
v -0.08303970 0.04148290 0.17768590
v 0.12059925 -0.26640761 0.12608711
v -0.19085600 -0.26055386 -0.01214616
v -0.16414260 -0.28994555 -0.00777864
v 0.02446611 0.00035289 0.18923148
v 0.10541942 -0.21629922 -0.15430079
v -0.05717454 -0.03177063 0.18405238
v 0.11336538 -0.29376354 0.12170460
v 0.07261370 -0.26284080 0.15981770
v -0.06199098 0.11334631 0.18565843
v -0.03237598 -0.11342649 0.18568307
v -0.02985415 0.10278633 0.19431691
v 0.12492975 -0.26203868 0.12025580
v 0.12496653 -0.24462578 0.12256825
v -0.01148570 -0.14002132 0.18797299
v 0.00577145 -0.17951225 0.18473920
v -0.18971950 -0.27289619 -0.00986110
v -0.15806220 -0.28667030 0.08512820
v -0.12451264 -0.21363182 0.13962234
v 0.18340070 0.08287185 -0.03714460
v -0.16595031 -0.00801266 0.09818516
v -0.11351800 -0.28995261 0.02179588
v -0.11116375 -0.29332726 0.01298307
v -0.14572690 0.07900340 0.13130085
v 0.04989760 0.29519770 -0.11837940
v -0.15411760 0.06629715 0.11853310
v -0.18777596 0.00713467 0.02482296
v 0.00433924 0.23109365 -0.15241525
v 0.01934179 -0.12939782 -0.19375926
v -0.15315396 0.11129875 0.12345235
v -0.08701782 0.07246482 0.17551765
v 0.09655155 -0.30147455 0.10902895
v -0.14509611 -0.28811443 -0.01542315
v 0.10839622 -0.21457324 0.14181356
v 0.17956675 0.10337627 -0.05590320
v 0.02962697 0.10873147 -0.18732735
v -0.18881609 0.08205717 -0.01468025
v 0.00933620 0.17064855 -0.17244910
v -0.03075942 0.18607063 0.17235923
v 0.14852440 -0.29393024 0.06459395
v -0.04844851 0.03087766 0.18872943
v -0.05622069 0.02821244 0.18638434
v 0.06621277 -0.15130265 0.17349879
v 0.08673525 -0.29029038 0.14740747
v 0.08432482 -0.29839010 0.13598996
v 0.16213870 0.10590889 -0.09734440
v -0.18035400 0.08032888 0.06317112
v 0.05188730 0.15239470 0.17541324
v -0.10236648 -0.29379516 0.08433236
v -0.18628955 -0.23527570 -0.04580731
v -0.00442108 0.29533412 0.11703016
v 0.16654885 -0.28272734 0.02899562
v -0.18654870 0.08965430 0.04609960
v 0.01301370 0.19917406 -0.16216757
v 0.15463372 -0.29374382 0.04537544
v -0.15341167 -0.14317616 0.11485091
v 0.18373798 0.10163591 -0.03647065
v 0.14678167 0.23835070 -0.00555832
v -0.17892219 -0.24025459 -0.07437510
v -0.10086795 0.23605161 0.12531205
v -0.18429395 -0.25942137 -0.06139069
v -0.18008981 -0.26126308 -0.07577224
v -0.16087306 0.16217128 0.07607855
v 0.08104040 -0.17753580 -0.17071440
v 0.04240887 0.27304697 -0.12255905
v -0.09837740 -0.29275489 -0.06424140
v 0.11734765 0.11916790 0.15154794
v 0.16735592 -0.20425062 0.05731424
v -0.02497855 -0.29722664 0.12398667
v 0.15988455 -0.29382601 0.01562825
v -0.18927300 -0.11321729 -0.04287560
v -0.17136421 -0.26066504 -0.09287108
v -0.11552006 -0.14452220 0.15131475
v -0.18550380 -0.17072904 -0.06166526
v -0.18223515 -0.18875985 -0.06627695
v 0.14336600 0.02721490 0.12482029
v -0.17729360 -0.10911856 -0.08483679
v 0.01670109 0.25010722 0.14248508
v -0.17040080 -0.26721365 -0.09631250
v -0.17144700 -0.25646162 -0.09715635
v 0.13079515 0.26382208 0.02562716
v -0.03162829 0.26413050 0.13492011
v -0.17464998 0.13982842 0.03994192
v -0.09829111 0.25745862 0.10402160
v 0.00970573 -0.26550632 -0.19139266
v -0.15217074 0.14869177 -0.10379294
v -0.04010010 0.29516170 0.13298130
v 0.00934125 0.26439977 0.14285997
v -0.01477437 -0.21085274 0.18184695
v -0.16067165 0.12342075 -0.10497150
v 0.10437888 -0.27840793 -0.14940113
v -0.18114821 -0.14552526 -0.07256638
v 0.00863880 0.28891981 0.14319510
v 0.13391320 0.18970240 0.02225290
v 0.15129117 0.05686486 0.11597393
v 0.00452943 -0.12355947 0.18880939
v -0.09051320 0.28384109 0.10276029
v 0.00386493 0.29587097 0.13827296
v -0.10065411 0.28570278 0.09731838
v -0.11204710 0.25962999 0.08340550
v -0.02945223 -0.23389657 0.17952785
v -0.14684154 -0.28036451 -0.12241079
v 0.07178230 0.23794961 0.14004641
v 0.03030452 0.26803596 0.13417929
v 0.03957195 0.26339738 0.13371427
v -0.14342133 0.18677146 0.03756533
v -0.09899116 0.29406300 0.09873866
v -0.03839594 0.29599235 0.11013205
v -0.05942500 0.29676404 0.09976043
v -0.17288752 -0.14750286 -0.09260600
v -0.17533610 -0.15740963 0.07807071
v -0.17194746 -0.15653811 -0.09729235
v 0.03200655 0.29507608 0.13344922
v 0.16399866 0.03781943 0.09010047
v -0.02039805 -0.28892186 0.17155048
v -0.06439915 0.05936020 0.18586508
v -0.18757840 0.05203181 -0.03900951
v -0.07793961 0.29801927 0.08478601
v -0.03847853 -0.29426162 -0.10791367
v 0.05801386 -0.04228035 0.18076669
v 0.06687425 0.25379672 -0.11840618
v -0.10861027 0.30042655 0.06624521
v 0.05232850 0.29641759 -0.11644200
v -0.08888415 0.28784118 0.05393831
v -0.18021435 -0.02488822 -0.06908947
v -0.18982543 0.10621922 -0.02082593
v 0.10845095 0.24187746 -0.10262585
v -0.08284183 0.29138982 0.07401080
v -0.09108730 0.28912189 0.05907300
v -0.12373531 -0.28198669 -0.14331235
v -0.19034590 -0.12999020 0.01989200
v -0.01573877 0.28253708 -0.12359303
v -0.16229316 0.14554669 -0.01820586
v -0.10392644 0.26727209 0.09988263
v -0.00017170 0.06833694 -0.18990725
v 0.00894790 0.17287308 0.17884122
v 0.13887070 0.08940110 -0.13069595
v 0.15350001 -0.29072714 -0.07011612
v 0.05472040 -0.29257910 -0.10490910
v 0.06414065 -0.29271131 -0.10577821
v -0.05253505 0.20520790 -0.15347880
v 0.06536238 0.28805621 0.09117743
v 0.11463615 0.29578738 -0.05433859
v -0.05736934 0.28685417 0.04559430
v -0.04034420 0.23778920 0.15379266
v -0.13463563 -0.20327265 -0.14498187
v -0.04317307 0.30234683 -0.11243094
v -0.09206529 -0.27424560 -0.17020953
v 0.03491687 0.29073756 -0.08573875
v -0.11634340 0.21456840 0.12020071
v 0.08310125 0.29680948 0.09963087
v 0.17921822 0.07159140 0.04432730
v 0.09721480 0.10844311 -0.16215130
v 0.06088830 0.29013784 -0.07125145
v 0.00894761 0.29133444 -0.09176682
v 0.13173988 0.23812904 0.08235610
v 0.08867890 0.10943530 0.17267165
v -0.03821720 0.29169359 -0.08626860
v 0.15474696 -0.26677601 -0.09309759
v 0.15627810 -0.25205305 -0.09118173
v 0.11098750 0.27903707 0.07725710
v 0.11148126 0.26747952 0.07503870
v -0.16749210 0.09969350 -0.09977230
v -0.14911619 0.22690780 -0.03997450
v 0.06847848 0.28972487 -0.04576478
v 0.16327994 0.14251794 0.04188619
v 0.08191730 0.23625300 -0.12516400
v -0.15349776 0.20750463 0.07490116
v 0.13940140 -0.27644579 -0.11617140
v -0.13426580 0.29490230 -0.01193850
v -0.16680267 -0.23994081 -0.10388801
v -0.13753421 0.24448683 -0.05978299
v 0.17573438 0.13084069 -0.04883538
v 0.09416934 0.28841689 -0.01404121
v 0.12716898 -0.30195556 0.02657216
v 0.16266460 0.04529540 -0.09516680
v 0.13068415 0.29374437 0.00029570
v 0.13047155 0.25372038 0.03272252
v -0.02137030 0.08277990 0.19580265
v -0.04399001 0.04171596 0.18967544
v 0.17800173 0.21987309 -0.00252365
v 0.08626675 -0.26116295 -0.16915102
v 0.14612496 0.22788699 -0.00163503
v 0.14376438 0.23168674 -0.00559654
v 0.05108830 -0.25376670 -0.18189250
v 0.00656604 -0.04706420 0.19008237
v -0.00247465 0.13398677 -0.18600322
v 0.17996492 -0.13746122 0.01382656
v 0.17734897 0.17326797 -0.00316063
v 0.01077495 0.28578744 0.09208919
v -0.12877440 0.06864210 -0.14600490
v 0.08269414 -0.21310868 -0.16840310
v 0.00549125 -0.13994081 0.18800939
v -0.05396382 -0.14064277 -0.18963335
v -0.05471239 -0.11347977 0.18111620
v 0.04284951 -0.24959176 0.17299770
v -0.14002769 -0.28822637 0.10932450
v 0.13861053 0.16956490 -0.01328157
v 0.11051698 0.29932613 -0.00222385
v 0.13076741 0.29248810 0.01399485
v -0.05843502 -0.12797055 -0.18998653
v -0.02579205 0.17916572 -0.16840013
v 0.14641745 0.15038359 0.00314179
v 0.03780160 -0.27759330 -0.18380430
v -0.05149740 0.08712880 -0.18403200
v 0.05072355 -0.28461757 -0.17389632
v -0.15059997 0.07204020 -0.12176285
v 0.13668211 -0.24907520 -0.12210129
v -0.06262202 -0.22924907 -0.18579844
v 0.14047633 0.23864837 0.05946764
v 0.12239790 -0.27453840 -0.13603170
v 0.16354998 0.16144809 -0.05648677
v -0.05641310 -0.25422606 -0.18937190
v 0.13557462 -0.26937058 -0.12201298
v 0.17141070 0.08675315 -0.07992315
v 0.13986243 0.17318482 0.03466327
v -0.07272905 0.24287155 -0.13028146
v 0.15773000 -0.22706001 -0.09200658
v -0.15979300 0.17551740 -0.06423930
v -0.13144218 0.29899051 -0.01355415
v -0.13897412 0.00631985 -0.13862799
v 0.15199276 -0.25258331 -0.10158366
v 0.14066240 0.22585847 -0.06639934
v 0.15246364 0.19457732 -0.04819991
v 0.07121430 0.29438577 -0.06930133
v -0.03286900 0.27509501 -0.12242039
v 0.16199553 0.15797718 0.06059640
v 0.14157511 0.15610423 -0.10603263
v -0.00903179 -0.14578991 -0.19504713
v 0.12527339 0.24570799 0.07984700
v -0.02114882 0.29810805 0.11905662
v 0.16316541 -0.07820148 -0.09528857
v 0.02935336 0.26769319 -0.12640177
v -0.14427413 0.17128335 -0.02343641
v -0.08787931 0.08421105 -0.17158612
v -0.06736260 -0.29873247 0.14297665
v 0.17978300 0.11778200 0.04653450
v -0.16597670 0.23328421 -0.00348385
v -0.06078474 -0.26977694 -0.18431019
v -0.07562156 0.28718355 0.04578930
v 0.17710479 0.12223300 0.05362710
v -0.15114273 -0.16975585 -0.12865127
v -0.06536998 0.28663394 0.06736395
v -0.14006840 0.17506160 0.01002060
v 0.03418395 0.00444250 -0.18690355
v -0.18722110 0.22767789 0.01233050
v -0.01079340 0.28632605 0.07657367
v -0.15652052 -0.11202798 -0.12319722
v 0.10352029 0.20145099 -0.12406222
v 0.01182630 -0.05843224 0.18910205
v -0.08076073 0.02034303 0.17771450
v -0.07205530 0.29320490 0.08492805
v -0.14327172 -0.03118938 0.13249300
v 0.08725310 -0.14192131 0.16569360
v 0.09553273 0.23332312 -0.11693207
v -0.12640723 0.01583334 0.14843260
v -0.15618650 -0.27385359 -0.11563630
v -0.12025073 0.25580122 0.07233925
v -0.11551660 0.07875440 0.16091510
v -0.10314267 0.27622569 0.08706293
v -0.17525682 -0.28856189 0.01377123
v 0.15967773 0.08751431 0.10688990
v -0.10002490 0.27880907 0.09311427
v -0.18543370 -0.13207020 0.04921549
v 0.14306870 0.11388521 0.12768326
v -0.08737413 0.29569607 0.10653991
v -0.11805940 0.24411106 0.10146061
v -0.15468036 0.18758084 0.05922986
v 0.11694202 -0.30168490 0.08476588
v -0.17447431 0.05536941 0.08406650
v 0.04399010 0.11492860 0.18809880
v -0.16983337 0.15088645 0.05615871
v -0.17707876 0.13767958 0.04461419
v -0.18766160 0.08261800 0.02011430
v -0.15751505 0.17573625 0.06809240
v 0.03779038 0.22975996 0.15747060
v -0.05402140 0.24879050 0.13807743
v -0.12870125 0.21712976 0.10663795
v -0.07257610 0.24559650 0.13604200
v -0.14694010 0.16230839 0.10780200
v 0.05022449 -0.15333904 0.17870427
v 0.08535860 -0.30158379 0.02780580
v -0.19133505 -0.13139845 -0.02136740
v -0.07148889 0.01719194 0.18136790
v 0.14809905 -0.14093313 0.10670142
v -0.18949275 -0.02351718 0.01280016
v -0.18957061 -0.13072960 -0.03825180
v -0.15782173 0.11889476 0.11282277
v -0.15450031 0.14785230 0.01719820
v 0.05833840 0.11394870 0.18426198
v 0.14394397 -0.02847152 0.11990573
v -0.14442133 0.17667247 0.10369343
v -0.12589639 0.21561403 0.10912838
v -0.02447353 -0.29863713 0.04082775
v -0.18717470 -0.14540865 -0.04072740
v -0.00699392 0.16933132 -0.17346044
v 0.16222590 -0.27551761 0.06103830
v -0.06020772 0.25138762 0.13187517
v 0.01561414 0.24422383 0.15264452
v -0.18998870 -0.14958040 0.00125177
v 0.15304565 0.00482669 0.10924125
v -0.00117538 0.18011038 0.17656810
v -0.14865557 0.17990896 0.04650027
v 0.10485200 -0.00861980 0.16044060
v 0.15229014 0.03536438 0.11296544
v -0.01666490 0.29268553 0.13775204
v -0.05951624 0.29823987 0.11969821
v -0.16911170 0.08821060 0.09875780
v -0.06921585 -0.28985300 -0.09897410
v -0.12804867 0.25250425 0.06973355
v -0.05372925 -0.30081208 0.12538482
v -0.02393572 0.16671979 0.17999692
v -0.14012425 0.18100610 0.02449320
v -0.18968256 -0.26776216 0.00904770
v 0.06565775 0.29716225 0.10508430
v -0.09070837 0.20275126 -0.13678868
v -0.14272720 0.20196755 -0.02875385
v -0.17333465 -0.11692724 0.08526151
v -0.14262125 0.22748799 -0.01987985
v -0.07671216 -0.27524755 -0.17681423
v 0.13951716 0.19654331 -0.02585487
v -0.14749883 0.22064092 -0.03651878
v -0.03732655 -0.11361680 -0.19436160
v -0.06246560 -0.29940400 0.08094290
v -0.12957245 -0.16190758 -0.15070385
v -0.14609426 -0.29394195 0.04614497
v -0.03960035 -0.01562232 0.18845688
v -0.04344552 -0.29888694 0.09085925
v -0.06799502 -0.29582632 0.08269551
v 0.11828675 0.29085100 0.06414700
v 0.17685566 -0.11300849 0.03134598
v -0.16197660 0.08596095 -0.10635225
v 0.11267941 -0.28440154 -0.13808558
v -0.12862473 0.25606434 -0.04707475
v -0.01089118 -0.25770736 0.17930650
v -0.13180654 0.04837571 -0.14334382
v 0.14686800 0.23824635 0.01592550
v 0.02095980 0.25686767 -0.12991883
v 0.14617832 0.24158640 -0.01769656
v 0.09901080 0.29477410 -0.08458044
v 0.11246145 -0.29282553 -0.12112055
v 0.14551905 0.23795016 -0.01381903
v -0.06312660 0.26703620 -0.11612630
v 0.01028635 0.29027975 -0.07240650
v 0.15371885 0.19626715 -0.05480460
v -0.05877280 0.25746474 -0.12155898
v -0.10846580 0.24135120 -0.10554330
v 0.13560243 0.20551391 0.02570660
v 0.11551590 -0.11595401 -0.15118240
v 0.10139689 0.29729490 -0.08088645
v -0.00639174 0.24707122 -0.14476982
v 0.01894103 0.11494802 0.19273138
v 0.00847665 -0.17758070 -0.19413890
v -0.13738145 -0.27268147 0.12336185
v 0.16741201 0.24214401 0.01502478
v 0.15455780 -0.11762630 -0.10936019
v 0.10512193 -0.14109005 0.15395910
v -0.11366237 0.14037417 -0.14790065
v 0.15736154 0.17913009 -0.05208551
v -0.17614709 -0.26526816 0.06692189
v -0.09665738 0.05600797 0.16991528
v 0.05504664 -0.13598477 0.17999376
v -0.14035345 0.20286891 -0.09138357
v -0.12866180 -0.01100997 -0.14987340
v -0.04813921 0.09359735 -0.18602390
v -0.05382690 0.05656203 0.18823742
v -0.06725364 0.03840412 0.18346237
v 0.00656441 -0.15084676 0.18603957
v -0.14120294 -0.19874692 0.12556843
v -0.14302109 0.24479704 -0.04386505
v 0.02668149 0.02431146 0.18984523
v -0.09218417 0.11620657 0.17177970
v 0.07779985 -0.02166862 0.17432382
v 0.14386780 0.17433735 0.03795058
v -0.17345232 0.08900916 -0.08465192
v 0.18169088 0.03635855 0.02554629
v -0.14786433 0.24418800 -0.00525495
v -0.12252465 -0.29677086 0.09960521
v 0.11566292 0.15937587 -0.13202741
v -0.16709141 0.11827153 0.09717650
v 0.12317034 -0.10816056 -0.14301937
v -0.00847290 -0.05601450 0.19015585
v 0.03969518 -0.14090172 0.18359406
v -0.15890112 -0.28793147 -0.08212675
v 0.11553968 0.12578766 -0.14585927
v 0.06491175 0.29533939 -0.10478455
v -0.02388230 0.24457390 0.15249110
v -0.15241760 0.18376223 0.07843230
v -0.05893725 0.28694375 0.08844205
v 0.10123845 0.22820230 0.12513622
v 0.00269570 0.08212960 0.19595350
v -0.02130440 0.26339605 0.13925835
v -0.15013350 0.20319145 0.07094696
v -0.13201300 0.24289169 0.08078020
v -0.01265578 0.29827781 0.12821406
v -0.18591840 0.12632900 0.00783570
v -0.18273726 0.12054570 -0.04897149
v 0.08962523 0.26220045 0.10171105
v 0.04163480 0.27806749 -0.11662540
v 0.03763124 0.13988483 0.18267508
v -0.16105409 0.14868580 0.03692187
v 0.01323360 -0.29286673 -0.15126956
v 0.01531557 -0.29892507 0.02197125
v 0.14798863 -0.27646370 -0.10090585
v 0.14516270 0.15500619 0.02878530
v -0.01549414 0.17745408 0.17712620
v 0.07364405 0.02675389 0.17919668
v -0.02692460 0.12541814 0.19019340
v -0.15084764 -0.29178081 0.01405461
v 0.13380113 0.27113945 0.02584770
v 0.08154530 0.28803730 0.02414240
v 0.16798928 0.06460645 -0.08420030
v -0.12892678 -0.13726420 0.14316282
v -0.02833292 -0.30081329 0.12858833
v -0.07752945 0.29899006 -0.09769514
v -0.05264063 -0.14735510 0.18012750
v -0.06015495 0.13502142 -0.17815263
v -0.05133078 0.16668825 -0.16785016
v 0.05673656 0.26899667 -0.11081914
v 0.12861708 0.04271581 0.14254357
v -0.09380010 -0.29693773 0.13322067
v 0.16782103 -0.18048073 0.06067210
v -0.05620714 0.23512840 -0.14092720
v 0.08273096 0.20704393 0.14553353
v -0.10964880 0.15995690 -0.14268410
v -0.10222555 0.24740365 -0.10577110
v 0.13608060 0.19625465 -0.01683040
v 0.05643968 -0.20408571 -0.18056638
v -0.15128841 0.10826601 0.12387637
v -0.04299364 0.28879273 -0.01137680
v 0.01143726 0.17861142 0.17625765
v 0.12374798 0.11219164 -0.14297743
v 0.09545187 0.29200382 0.05476143
v -0.11818725 -0.13791697 -0.16020892
v 0.04231300 0.24565711 0.14579850
v -0.12393250 0.23664186 0.09990590
v -0.01720773 0.26777053 0.13690650
v -0.18668830 0.12268453 0.01980682
v -0.13357232 0.25154521 0.06067274
v 0.16483942 -0.14647119 0.07055247
v 0.14083620 -0.29726584 -0.04699215
v 0.05274408 0.23581762 0.14951694
v -0.01715720 0.12990110 -0.18717090
v 0.07913275 0.22752621 0.14093585
v 0.13883550 -0.28556604 -0.10585026
v -0.05848505 0.28580430 0.12495486
v 0.16375510 -0.12308335 0.07937750
v -0.09023350 0.24577401 0.12427850
v -0.04070680 -0.24447374 -0.19076520
v 0.11750045 0.23364210 -0.09687930
v 0.16947368 -0.02298145 -0.08341113
v 0.12757828 0.12834346 -0.13408086
v 0.06298240 0.07693757 -0.17633603
v -0.06102420 0.04765590 0.18749911
v -0.04216840 0.13643640 -0.18194582
v -0.13575895 -0.29507966 0.09497960
v 0.01969534 -0.29938350 0.15615146
v -0.11666094 -0.29598503 0.11622864
v -0.05385320 0.27845454 0.12828895
v -0.07578880 -0.17982620 0.17134150
v 0.10175869 0.29427891 -0.07353050
v 0.11164570 -0.28979793 0.12707880
v 0.15228883 0.18936228 -0.06268213
v -0.04799895 0.11713924 0.18890525
v 0.14809182 -0.28517528 0.08437967
v 0.13015029 0.15820727 -0.11875428
v 0.01913209 0.16927336 0.17848334
v 0.01354300 -0.29705114 -0.00926565
v 0.03655880 0.07159615 -0.18466665
v -0.11183271 -0.16536278 -0.16468556
v -0.16713746 0.15513715 0.06441850
v -0.14834553 0.20399544 0.07527112
v 0.15439616 0.05421407 0.10998085
v 0.15157166 -0.29753063 -0.01877467
v 0.17314460 -0.26131639 0.00126300
v -0.06101872 -0.18085643 0.17631452
v 0.08281378 0.29026408 0.10935702
v -0.12130430 0.30103161 0.03453100
v 0.13674058 0.19871497 0.03336685
v 0.06997902 -0.25940828 -0.17396539
v -0.16030664 0.15286175 0.08639824
v 0.16766597 -0.10925174 -0.08156486
v 0.10582285 0.05155377 0.16193790
v 0.14806215 -0.23145881 0.09402250
v 0.15225760 0.14946138 -0.02209723
v -0.03019459 0.14988393 0.18314693
v -0.11976998 0.19927385 -0.11621478
v -0.07674828 0.29120564 -0.09776145
v -0.02886731 0.20365350 -0.15951384
v -0.09055830 0.00236320 0.17233706
v -0.08959000 -0.29828677 0.12775065
v -0.03163760 -0.30057187 0.07233741
v -0.00653986 -0.30030680 0.15319959
v 0.05221636 -0.29872966 -0.04723781
v 0.04910990 -0.29831431 -0.06023630
v -0.18984216 -0.10153745 -0.01824278
v -0.18064996 -0.07666759 0.06135588
v -0.13276516 -0.06027129 0.14276814
v -0.13568145 0.15677176 0.12488528
v -0.12702781 0.16715431 0.12937117
v 0.17640462 -0.04967437 -0.05427880
v -0.02725985 -0.04249210 0.18954509
v -0.03212660 -0.08112972 0.18770692
v -0.04499277 0.14842832 0.18071612
v 0.05844010 -0.09642295 0.17962078
v 0.14504720 -0.18214450 0.10595113
v 0.13513426 0.01934225 0.13446670
v 0.13391459 -0.07408568 0.12850491
v 0.12273202 -0.11609602 0.13903263
v 0.17653915 -0.03469380 0.04925875
v 0.17270520 -0.04076865 0.06128512
v 0.18326252 -0.00299349 0.00038785
v 0.15794346 0.14108181 0.09209606
v -0.15689440 -0.09694324 -0.12047635
v -0.01121816 -0.10399195 -0.19494736
v 0.09256464 -0.06573953 -0.16464726
v -0.06787461 -0.01037284 -0.18314534
v 0.12714351 0.19489485 -0.10417973
v 0.13456860 0.17686043 -0.10392240
v -0.03671375 -0.18178535 0.18191144
v -0.18300990 0.12080443 0.04880960
v -0.17695402 -0.18458060 -0.08359197
v -0.18814560 0.11046046 0.02710073
v -0.19076735 0.09761570 0.01975245
v 0.09547430 0.17259556 0.14860891
v 0.13245685 0.11427430 0.13919210
v 0.17101010 -0.26714921 0.01892495
v 0.15372174 -0.08179429 0.09785599
v 0.13085456 0.06835307 0.14226501
v -0.01179548 -0.29619954 -0.04671195
v -0.18553640 0.10588075 0.04886290
v 0.15943052 -0.03550736 0.09211902
v 0.14964739 -0.05211169 0.10746078
v 0.17298455 -0.18044980 0.04331015
v -0.02972995 -0.29554930 -0.08161023
v 0.15589683 -0.11196505 0.09222379
v 0.14150640 -0.30063624 0.01917410
v -0.05607218 -0.29460876 -0.00662440
v 0.16616298 -0.03678437 0.07814665
v -0.07495810 0.28635321 0.11570460
v 0.03886615 -0.29783502 -0.00686281
v 0.10456825 0.20812376 0.12982225
v 0.17370206 -0.14609112 0.04295142
v 0.01577405 0.23251336 0.16033036
v 0.16507868 -0.26142147 0.04948255
v -0.17839358 -0.08101455 -0.07746186
v 0.17693430 -0.17904750 0.02289225
v 0.09134017 0.05345780 -0.16376778
v 0.15798700 0.10118901 0.10961266
v 0.17506419 -0.24108706 -0.00806355
v 0.16057825 -0.18133880 0.07857715
v 0.10576431 0.11495610 0.16058425
v -0.18397007 -0.00223348 -0.05332218
v 0.16572804 0.08081605 0.09470313
v 0.15290715 0.11490017 0.11390662
v 0.17846140 -0.18544520 0.00707220
v 0.17565377 -0.06421580 0.04926108
v -0.08194870 -0.29411376 -0.05549050
v -0.03506596 0.12461882 -0.18591212
v 0.17874022 -0.14602454 0.01146311
v 0.14214535 0.14981730 0.11493127
v 0.15186768 -0.14978325 0.09759139
v 0.02707710 0.29782629 0.12209120
v 0.11634476 0.20404000 0.12105217
v 0.17900386 -0.05107353 0.03714854
v 0.17221100 -0.25951855 -0.02876008
v -0.10277261 -0.17943990 0.15826010
v -0.15065955 -0.29096768 -0.05452280
v 0.16345555 0.11408856 0.09607131
v -0.17767230 0.11991340 0.07017608
v 0.16871400 0.10022531 0.08955070
v -0.09280727 0.21052794 0.13989533
v 0.14290411 -0.11537892 0.11427429
v 0.12207561 0.21553550 0.10995840
v 0.17869560 -0.17945590 -0.00455850
v -0.18567630 0.08077621 -0.04979973
v 0.04671097 -0.30176516 0.04935594
v 0.15315620 -0.18153640 0.09303825
v 0.17987376 -0.06627721 0.02697597
v 0.12362950 -0.05201960 0.14350539
v 0.13530482 0.20580504 0.09677693
v 0.17498578 -0.20521040 -0.03101334
v -0.04077632 0.28674724 0.05574430
v 0.16926335 0.11747195 0.08210935
v -0.19206345 -0.13041805 -0.00830200
v 0.18038709 -0.14122132 -0.00616141
v 0.17998397 -0.11131806 0.00631640
v 0.18118266 -0.02550021 0.02302828
v 0.17795881 -0.15076027 -0.02661846
v -0.16943589 -0.01620976 -0.09497482
v -0.18709192 -0.02225688 0.03126737
v 0.17886803 -0.00463968 0.03870439
v 0.11806530 -0.04338500 0.14937975
v 0.18106019 -0.08941708 -0.00176365
v -0.10598150 -0.27571540 -0.16157950
v 0.06109280 0.28507521 0.08599350
v 0.18039430 -0.13754375 -0.02137367
v 0.15954902 0.15228378 0.07887378
v 0.17927668 -0.10956874 -0.02915444
v 0.13459150 0.22949369 0.08462710
v -0.13523951 -0.09023592 -0.14598531
v 0.17203408 -0.20308406 -0.05057953
v 0.18178108 -0.05455892 -0.00033676
v -0.14460371 0.15179610 0.11686950
v -0.01814680 -0.18237705 0.18409145
v -0.15365769 -0.03949633 -0.12296257
v -0.14795766 -0.09800861 -0.13158050
v 0.17580140 -0.17770931 -0.04073150
v 0.02650543 0.15088190 0.18220687
v -0.14599010 -0.11229035 -0.13633430
v 0.18249023 -0.02991064 0.00133479
v -0.03677465 0.28798406 0.04006495
v 0.15140182 0.18486489 0.07354969
v 0.06951438 0.00057455 -0.17552974
v -0.06272590 0.18683225 0.16297334
v -0.07525910 0.11650240 0.17998630
v -0.16330931 -0.00360329 -0.10576589
v 0.17541469 -0.14800600 -0.04693383
v -0.08227555 0.28792486 0.01438375
v 0.05802391 0.28645136 0.03350124
v 0.01057172 0.28629818 0.05476415
v 0.07107555 0.10019439 0.18184030
v 0.16700945 -0.21731143 -0.06699092
v 0.03515777 -0.25674424 0.17347827
v 0.01874666 0.28773859 0.01749182
v 0.17900177 -0.09086520 -0.03282110
v 0.17247400 -0.17889140 -0.05692800
v -0.13494700 -0.11170890 -0.14769105
v -0.04496510 0.17751060 0.17265880
v -0.05440763 0.16915148 0.17148383
v 0.00142804 0.14626694 0.18591090
v -0.02426538 0.28820617 0.01392162
v -0.04976790 0.28787165 0.01663131
v -0.17147170 0.12484061 -0.08340350
v -0.18467864 -0.07801889 0.04558034
v 0.11339630 -0.11688100 0.14786052
v 0.17153565 0.12785450 0.02815838
v -0.07248230 -0.29626491 0.01836610
v -0.18854905 -0.14792467 0.02164112
v -0.13961812 -0.01500532 -0.13917682
v -0.12339680 -0.11169055 -0.15761840
v -0.04305911 -0.27344959 -0.18760132
v 0.15044465 0.10474480 -0.11526710
v -0.12380213 -0.09660298 -0.15557820
v 0.09423230 -0.05420880 0.16617100
v -0.01463005 0.15091165 0.18452682
v 0.14222637 -0.23907905 -0.11529797
v -0.08521354 -0.19499776 -0.17805032
v 0.16870821 -0.14773188 -0.07224218
v 0.17640277 -0.08369297 -0.05212395
v 0.17430899 -0.10815766 -0.05942416
v 0.17992035 -0.01973740 -0.04119420
v -0.07566570 0.28910055 -0.01804135
v -0.14886122 0.19083645 -0.08041010
v 0.17352151 -0.07165323 -0.06753960
v -0.16014003 0.14242637 -0.09355478
v -0.11145959 -0.09484408 -0.16466296
v 0.18338083 0.02977399 -0.01909308
v 0.13853095 0.21324670 0.03308790
v 0.15623250 -0.17732028 -0.09932867
v -0.16204880 -0.25237939 0.09448110
v -0.15164047 0.09282877 -0.12177563
v -0.13217450 0.11797575 0.14258785
v -0.07683945 -0.17058430 -0.18273710
v 0.10174580 -0.08983830 0.15938272
v -0.18963079 -0.17242270 0.02332490
v 0.00525465 0.11542535 0.19370320
v -0.06407340 -0.29826250 0.04455840
v -0.10020820 -0.09832965 -0.17136865
v 0.02963510 0.07700475 0.19316205
v -0.14565535 0.09802263 0.13196863
v -0.13636800 0.10371550 0.14158475
v 0.01738505 0.28865893 -0.00735653
v 0.03193930 0.04613937 0.18995889
v 0.18130466 0.01339100 -0.03884389
v -0.14408090 0.18733630 -0.09285870
v -0.17284956 -0.05960668 0.08272523
v 0.08734735 -0.11824932 0.16647779
v 0.00957646 0.28893538 -0.01523280
v 0.18274095 0.06874763 -0.03000692
v -0.05641375 -0.17103055 -0.18933640
v -0.14348359 0.14196655 -0.11849599
v -0.13348730 0.24074950 -0.07354270
v -0.18680249 -0.17236890 0.04091575
v 0.17579112 -0.03213097 -0.06212507
v -0.02026624 -0.15002544 0.18543420
v -0.10259405 -0.05818592 -0.16971238
v 0.13720387 0.16979557 -0.00073552
v 0.09501119 -0.24232023 -0.16045759
v 0.01776055 0.06574438 0.19250722
v -0.01056185 0.10032880 0.19637145
v 0.16849813 -0.07114718 -0.08327994
v 0.17851802 0.00583922 -0.05426669
v 0.13629750 -0.17411810 -0.12935760
v 0.06776915 -0.22592607 -0.17530136
v 0.03835985 -0.30109305 0.14458460
v 0.01769743 -0.20705860 -0.19137044
v -0.09148638 -0.07251087 -0.17575628
v -0.08672610 0.10131400 0.17755240
v -0.06589044 -0.10245855 -0.18608471
v -0.16385109 -0.06492823 0.10229838
v 0.07157795 -0.09867805 0.17519232
v -0.07867065 -0.06231575 -0.18117750
v 0.15839937 -0.09934453 -0.10223303
v -0.12772244 0.22845249 -0.09143277
v -0.04909841 0.28992319 -0.05259043
v 0.17415062 -0.00824394 -0.07061148
v -0.06034480 -0.11200360 -0.18930950
v -0.03535521 -0.13908176 -0.19329343
v 0.14944165 -0.10581568 -0.11515644
v 0.09551154 -0.18467937 -0.16232277
v 0.05763761 0.28846624 -0.01415023
v 0.17205573 -0.03568669 -0.07600346
v -0.00868580 -0.17119485 -0.19516375
v -0.18310385 -0.17291610 0.05585132
v -0.04078585 0.07791607 -0.18616781
v -0.02401460 0.06552750 0.19279717
v -0.09842128 0.30399024 -0.05934960
v 0.00458816 0.00594890 0.19148554
v 0.13800455 0.21805520 -0.01327235
v 0.17647325 0.02295392 -0.06256563
v 0.14316674 -0.11748240 -0.12482755
v -0.08903887 -0.00974421 -0.17518055
v 0.14686666 0.16188928 -0.02679885
v 0.15527110 -0.06285820 -0.10942841
v -0.04184037 -0.12832590 -0.19366118
v -0.01349845 0.28968229 -0.04934051
v -0.18026770 -0.21487665 0.05967988
v 0.03901582 -0.17197930 -0.18791190
v -0.06266356 -0.05600893 -0.18629961
v -0.04346898 -0.06612345 -0.19127430
v -0.17117195 -0.13321475 0.09001664
v 0.13607472 -0.10735607 -0.13076406
v 0.05868520 -0.17365887 -0.18105463
v -0.17324040 -0.17490532 0.08209455
v -0.03098385 -0.10199900 -0.19364597
v -0.12896832 -0.02540509 0.14708551
v -0.00919125 -0.11275020 -0.19632260
v 0.05038158 -0.14308977 -0.18407210
v 0.14067910 0.21114509 -0.02635536
v 0.03398960 -0.14137670 -0.18905525
v -0.09661031 0.05700654 -0.16904410
v -0.03028133 -0.13199124 0.18687617
v 0.07305614 -0.14375558 -0.17492430
v -0.00917848 -0.03891456 0.19054916
v 0.04963010 -0.11212764 0.18117057
v -0.15134900 -0.08549600 0.12136590
v 0.13821071 -0.05879493 -0.12921450
v 0.10759259 -0.10662535 -0.15488465
v -0.04947761 -0.01440762 -0.18818474
v -0.09039400 0.29533498 -0.08590752
v -0.14380063 -0.08008202 0.13059672
v 0.07114087 -0.13031224 -0.17719368
v 0.06366578 -0.18432621 0.17198480
v 0.00835599 -0.11369114 -0.19534593
v 0.12112297 -0.07312400 -0.14494768
v 0.02473948 -0.11479285 0.18590038
v -0.00505500 -0.09109240 -0.19487500
v 0.02676599 -0.11573645 -0.19241885
v 0.01021238 -0.10060428 -0.19359334
v -0.02789030 -0.06480165 -0.19347115
v 0.03295604 -0.10215284 -0.18954161
v -0.11508350 -0.03862355 0.15734684
v -0.08005958 -0.03709302 0.17599468
v 0.12472026 -0.02847784 -0.14143099
v -0.06594118 0.05398582 -0.18101200
v -0.03570526 0.00782184 -0.18973610
v 0.08684125 -0.10440274 -0.16775100
v 0.06589290 -0.11569819 -0.17982790
v -0.14044870 -0.17763380 0.12876160
v 0.04248570 -0.11498514 -0.18843160
v 0.05845366 -0.10371543 -0.18118265
v -0.16363440 -0.17553520 0.09958740
v -0.17197199 -0.24291584 0.07764409
v 0.10968190 -0.03419731 -0.15323895
v -0.10110067 -0.05168564 0.16522826
v -0.12447455 -0.06059785 0.14984735
v -0.02133183 -0.00446209 -0.19172413
v 0.02301541 -0.07125365 -0.19125838
v 0.04225917 -0.18135623 0.17920500
v -0.01479830 -0.08530520 0.18913845
v 0.05344268 -0.06417004 -0.18302407
v 0.04098951 -0.06120468 -0.18689462
v -0.05166232 -0.07914087 0.18398647
v -0.07210932 0.13747284 -0.17280840
v 0.03448553 -0.15024427 0.18269535
v 0.07124432 -0.06398724 -0.17573820
v 0.15920553 0.15051161 -0.07747241
v -0.00298406 -0.00971356 -0.19226153
v -0.15090899 -0.17714412 0.11700432
v -0.10812275 -0.09656535 0.15939550
v 0.02665836 -0.02675793 -0.18957177
v -0.07710765 0.20145228 -0.14484563
v -0.07297912 -0.08473055 0.17709225
v -0.08969370 -0.09932410 0.16930920
v -0.07076735 0.15158503 -0.16712720
v -0.01034244 0.02681963 -0.19096088
f 113 1167 1201
f 467 466 1444
f 2105 1322 1359
f 84 85 1159
f 1119 90 1134
f 2103 1976 1967
f 1427 977 425
f 574 592 1328
f 1190 123 1989
f 2403 1222 290
f 1887 692 888
f 1729 2389 166
f 178 179 1069
f 1635 1647 193
f 1025 1680 831
f 233 217 408
f 235 238 237
f 235 236 239
f 26 241 240
f 243 1668 242
f 247 248 1704
f 1704 250 247
f 611 199 921
f 2123 252 255
f 1794 256 1313
f 2111 260 1448
f 2031 264 265
f 271 270 269
f 655 889 620
f 892 1321 583
f 765 281 280
f 280 279 765
f 279 280 156
f 283 284 285
f 283 70 286
f 283 285 70
f 1826 1049 296
f 2098 1952 307
f 1837 1380 1838
f 1378 368 314
f 1551 325 456
f 1380 1833 1838
f 365 364 1641
f 664 1678 632
f 1398 44 340
f 1042 50 49
f 699 330 1406
f 1051 340 339
f 14 93 68
f 348 354 349
f 284 344 285
f 365 366 364
f 368 401 367
f 378 1489 1432
f 402 401 368
f 424 1193 1697
f 376 77 1426
f 1517 642 1763
f 1425 423 420
f 269 475 271
f 270 271 46
f 470 461 462
f 1896 232 1401
f 271 475 96
f 96 477 271
f 454 1328 520
f 761 1896 801
f 462 483 470
f 493 486 468
f 498 223 222
f 830 186 824
f 510 474 511
f 92 1471 2050
f 499 1927 1327
f 994 551 962
f 469 529 978
f 529 469 549
f 531 1414 13
f 539 1925 1465
f 1747 1763 642
f 579 544 524
f 1509 363 518
f 554 2079 1881
f 483 1376 1500
f 517 558 572
f 547 1923 108
f 567 568 190
f 1112 604 151
f 1693 160 1114
f 684 1509 403
f 596 2118 595
f 601 1260 603
f 1292 529 654
f 656 1752 175
f 1913 1511 1915
f 634 1260 1259
f 610 627 528
f 661 623 625
f 380 1824 1000
f 1221 1220 1257
f 905 68 903
f 661 659 624
f 669 667 1505
f 679 729 711
f 175 180 689
f 697 1250 701
f 1250 702 701
f 674 1908 716
f 1000 1824 1007
f 782 1221 1560
f 155 730 1898
f 733 1163 297
f 674 717 1589
f 1945 590 435
f 808 750 749
f 701 757 756
f 969 229 658
f 746 188 771
f 766 767 1892
f 1454 1696 764
f 771 189 688
f 253 770 769
f 786 784 805
f 806 787 2048
f 1403 954 1664
f 644 1774 534
f 834 171 1610
f 806 2054 827
f 1933 2054 806
f 1673 2128 658
f 1608 843 791
f 1545 2272 1368
f 852 2272 1545
f 227 895 1386
f 870 853 850
f 1065 841 855
f 220 862 847
f 1669 1665 546
f 1935 878 187
f 2494 2126 843
f 2005 1393 1911
f 588 895 584
f 915 725 907
f 513 2071 512
f 919 201 514
f 919 514 687
f 929 1856 928
f 873 876 590
f 972 1876 941
f 1674 943 941
f 1403 1001 954
f 1660 979 957
f 660 963 962
f 963 660 2162
f 998 657 969
f 657 228 969
f 958 1671 976
f 935 1518 1737
f 1013 969 228
f 1942 969 1013
f 1389 994 564
f 2178 962 963
f 1386 1810 225
f 903 1679 2167
f 862 220 1007
f 1137 2116 443
f 938 934 2049
f 1018 934 938
f 933 934 1018
f 1027 1657 914
f 1033 671 840
f 1680 1034 831
f 1046 681 896
f 190 1729 134
f 1054 253 2202
f 1044 1863 1934
f 1863 1044 1858
f 770 1053 1052
f 725 845 1357
f 1530 1352 1661
f 2055 870 2052
f 479 846 406
f 1082 1101 1924
f 1104 1551 456
f 1107 1104 456
f 2124 2460 756
f 151 604 596
f 834 788 171
f 754 1117 1468
f 1233 1234 317
f 277 278 351
f 338 343 1310
f 576 535 502
f 1135 505 506
f 1040 924 1663
f 1139 807 781
f 766 780 767
f 2021 2195 2117
f 2137 1151 1773
f 756 1157 1182
f 1019 530 1024
f 701 756 745
f 1209 428 502
f 1170 1169 280
f 433 1184 923
f 868 393 867
f 1276 973 2181
f 1274 720 741
f 1179 1180 1181
f 205 947 209
f 720 146 718
f 1194 1749 1697
f 370 1682 2331
f 654 717 674
f 1205 282 292
f 1635 2159 1836
f 704 1239 1183
f 1250 744 702
f 1760 852 1249
f 282 1213 694
f 674 716 1292
f 1560 1257 1244
f 1261 1757 1622
f 597 692 1887
f 1241 1245 1646
f 1433 1432 265
f 1600 1002 40
f 415 1559 389
f 1272 1273 1770
f 968 1149 1645
f 585 649 1244
f 881 1011 915
f 1265 256 1913
f 43 932 1819
f 866 1727 1906
f 2007 1986 1630
f 2229 1798 2314
f 1275 1271 2007
f 902 1650 2198
f 1791 1271 1275
f 301 902 508
f 201 2257 1655
f 1287 1149 968
f 1647 1635 1836
f 881 1647 1011
f 1143 2018 262
f 1110 36 1831
f 350 373 1249
f 1355 1946 577
f 1607 1330 2012
f 1808 1816 1113
f 1339 1004 1601
f 1341 353 1288
f 1107 776 1360
f 1375 1579 1548
f 2039 555 1870
f 1873 554 5
f 918 2164 2126
f 1050 1456 1831
f 1379 1477 1159
f 1477 1381 1159
f 454 472 1328
f 501 221 1344
f 516 221 223
f 1104 64 1392
f 978 1396 18
f 284 768 344
f 1051 339 1661
f 367 314 368
f 59 322 1842
f 1412 1408 1407
f 1513 341 235
f 1624 1129 1128
f 410 390 391
f 235 239 73
f 235 73 1513
f 514 2323 687
f 396 1428 395
f 996 390 410
f 1430 1431 1868
f 398 377 1434
f 1449 84 1420
f 240 464 26
f 1449 419 84
f 1441 241 73
f 500 2029 1857
f 2125 2229 2395
f 415 1421 1559
f 1174 1642 1171
f 195 1655 899
f 1376 1420 555
f 2029 1948 17
f 1875 498 222
f 387 1409 996
f 996 1868 387
f 451 1432 1475
f 1424 1462 1475
f 1947 407 1462
f 2187 446 392
f 1879 557 558
f 1328 1388 574
f 552 1333 190
f 1309 1257 13
f 1278 1277 31
f 599 598 31
f 599 31 577
f 272 270 1501
f 601 603 1920
f 346 1413 347
f 1408 1495 348
f 908 1651 1632
f 174 625 623
f 1632 1651 1637
f 1050 392 1395
f 360 325 1516
f 360 1103 325
f 196 503 1846
f 1277 637 640
f 1004 1032 61
f 335 235 237
f 1050 310 1384
f 508 2132 192
f 703 322 59
f 1531 669 1506
f 1511 126 1252
f 58 291 1365
f 663 690 1535
f 1536 1537 399
f 1537 1004 61
f 1490 292 131
f 698 1359 59
f 672 1182 673
f 1350 886 1538
f 2064 138 1170
f 219 1782 536
f 1191 1166 292
f 303 78 304
f 154 740 737
f 1558 738 1270
f 1141 1542 1907
f 1335 1289 238
f 1811 1966 383
f 1104 1576 1358
f 479 1647 881
f 2122 1782 816
f 345 1311 665
f 1369 1822 1594
f 780 765 279
f 744 704 1468
f 704 754 1468
f 1576 1577 1015
f 72 1967 1809
f 1111 736 1886
f 214 810 215
f 1782 2122 536
f 1338 1587 1602
f 817 1139 1132
f 817 1132 1098
f 788 1150 171
f 1351 1383 30
f 268 1377 1323
f 1601 1605 1616
f 1339 1616 1602
f 1555 1590 262
f 752 535 1085
f 808 1095 1093
f 1066 835 185
f 1314 100 989
f 1796 10 1791
f 1623 1627 2168
f 2503 569 1904
f 1438 1631 1932
f 713 2501 714
f 1935 884 878
f 1363 198 1725
f 253 2405 2202
f 1635 193 1636
f 917 2126 2494
f 899 912 503
f 508 902 2132
f 1171 1642 106
f 681 1026 896
f 1654 1846 210
f 930 1844 1029
f 905 2130 1639
f 1658 1640 1657
f 1582 1623 211
f 1027 1658 1657
f 1027 2060 1660
f 998 1410 1662
f 993 534 218
f 543 1664 930
f 1830 657 1662
f 972 941 1011
f 1029 1844 906
f 1671 958 1663
f 1667 1634 1641
f 437 983 1266
f 895 891 584
f 1179 394 2129
f 1203 1232 1677
f 1618 1072 1914
f 847 1680 1025
f 356 1196 1197
f 819 1045 796
f 796 1045 1691
f 1644 1623 1582
f 1688 1067 816
f 371 1689 1698
f 1692 418 1176
f 1704 321 320
f 189 771 188
f 786 1074 711
f 820 171 1908
f 769 1705 1099
f 491 1154 263
f 320 412 250
f 1707 1706 715
f 596 1074 1073
f 1074 604 1112
f 359 1158 471
f 653 1097 1096
f 511 474 476
f 689 180 1711
f 823 2388 1581
f 1497 607 656
f 545 1699 1968
f 1732 680 1731
f 408 338 1310
f 1732 433 680
f 1732 1731 328
f 1116 1733 375
f 927 1736 1666
f 405 1711 631
f 249 684 1741
f 298 151 1742
f 1162 1979 860
f 711 1074 1112
f 759 1085 1086
f 752 1085 759
f 2038 2037 1087
f 531 13 2043
f 502 535 1209
f 124 298 1192
f 302 213 1672
f 213 302 939
f 191 1454 764
f 1648 1216 1143
f 2053 1864 1079
f 1229 1247 1884
f 276 275 1757
f 1233 2190 1772
f 2165 188 194
f 2092 1902 2495
f 1644 1627 1623
f 1228 321 19
f 1247 1228 19
f 1237 1982 1792
f 1627 100 101
f 1316 1155 2233
f 1359 699 2105
f 875 615 602
f 2184 1624 24
f 1808 1972 1613
f 1597 30 1383
f 1602 1587 1337
f 1628 1812 2153
f 1345 1288 1287
f 1377 1586 1323
f 588 14 380
f 849 1066 887
f 1577 80 1008
f 1577 1008 1015
f 1368 2272 1596
f 2489 2495 198
f 1377 703 1586
f 1590 1555 1828
f 1573 776 1366
f 306 1547 34
f 186 842 872
f 51 1385 64
f 658 229 982
f 1826 1547 306
f 1290 1315 259
f 342 36 1827
f 238 341 1563
f 1337 1032 1004
f 1828 1556 1521
f 36 342 1831
f 1011 1836 972
f 218 967 1006
f 1837 342 1827
f 1661 339 313
f 2047 1014 1013
f 1512 1551 1392
f 1538 886 373
f 1663 924 999
f 288 293 361
f 1299 97 1971
f 2268 1026 681
f 2187 392 1050
f 1035 1410 1018
f 270 46 49
f 322 1499 1842
f 401 1417 2280
f 1372 1588 1554
f 1821 37 1819
f 1297 23 69
f 1846 912 210
f 912 1846 503
f 211 20 2249
f 1409 1847 996
f 1718 191 1691
f 1486 425 1951
f 339 463 462
f 339 2186 463
f 1856 1048 928
f 1553 1359 1322
f 399 398 60
f 1133 347 1413
f 1538 426 2305
f 1637 1040 893
f 1939 76 71
f 1864 1858 908
f 908 1632 1864
f 1076 1934 1863
f 2498 714 2467
f 1479 995 1872
f 1420 1870 555
f 1473 1465 1875
f 1355 1473 1875
f 1066 849 820
f 1200 113 371
f 472 1388 1328
f 1397 1878 541
f 585 477 96
f 1277 578 105
f 1500 612 549
f 1885 753 1083
f 597 1887 570
f 556 129 589
f 1426 1425 1032
f 573 1503 1514
f 1887 1503 573
f 704 574 1239
f 670 1183 1239
f 620 706 1215
f 129 1250 697
f 1533 675 718
f 595 1742 151
f 649 673 1182
f 685 148 1161
f 148 1493 329
f 1069 191 764
f 1198 1202 741
f 1293 716 1883
f 707 706 889
f 1215 736 717
f 2064 281 659
f 1465 2083 516
f 1533 1528 675
f 1177 1156 721
f 721 154 737
f 685 666 1493
f 1921 444 2497
f 649 1560 1244
f 1490 131 1515
f 2492 2491 2481
f 1164 763 1163
f 670 1598 754
f 1893 2051 2048
f 781 1187 1139
f 2495 1990 2092
f 1263 1528 1531
f 1694 1052 1087
f 582 1511 1252
f 1672 213 119
f 2496 2477 2481
f 1515 637 1278
f 1505 1515 1278
f 1109 810 815
f 670 1239 571
f 612 1500 717
f 624 91 1919
f 1091 1621 1608
f 878 449 187
f 845 1070 881
f 1070 479 881
f 878 884 885
f 478 1929 1879
f 1373 1869 1931
f 894 893 854
f 485 104 467
f 893 894 1637
f 1929 445 520
f 472 88 1387
f 1076 1077 1883
f 908 910 1651
f 1016 2170 300
f 1014 1027 914
f 938 1016 300
f 1841 942 922
f 1453 461 470
f 925 988 999
f 1243 1759 120
f 260 261 464
f 955 2060 1027
f 546 1665 934
f 1421 990 1559
f 1524 2047 228
f 821 267 1468
f 979 935 1737
f 1669 1673 1832
f 137 936 564
f 936 137 1279
f 1943 1444 1499
f 1082 1755 726
f 76 75 419
f 436 1224 93
f 1335 1563 1290
f 863 2132 902
f 220 848 877
f 2053 1079 2436
f 2458 2225 2484
f 2024 1452 1545
f 1545 1452 350
f 1362 376 1426
f 1362 1426 1032
f 1424 1402 1030
f 1489 378 61
f 1516 1402 1424
f 1502 1395 392
f 1454 831 200
f 1418 293 58
f 1056 784 1758
f 289 288 51
f 1534 316 355
f 698 59 331
f 1955 768 284
f 1375 1548 310
f 708 456 325
f 353 1341 349
f 51 1089 45
f 790 519 1717
f 238 1563 1335
f 1095 782 758
f 66 72 1372
f 1962 683 719
f 735 488 705
f 1010 613 225
f 1554 67 1372
f 1933 374 2068
f 383 23 1811
f 40 1002 295
f 1814 1625 39
f 1612 1809 1967
f 1593 1594 1595
f 1969 1613 1972
f 1969 1626 1613
f 1807 1802 1595
f 1293 528 522
f 1789 1880 1351
f 1333 1336 567
f 1604 1614 1600
f 570 573 1343
f 1301 1617 1843
f 471 474 510
f 1612 1976 1280
f 1793 1269 1301
f 1145 1280 1976
f 773 1882 1921
f 1144 1981 1291
f 2461 2446 1962
f 1950 1355 1458
f 332 1557 1854
f 1642 1174 140
f 2180 1984 1981
f 2441 417 1701
f 867 393 274
f 868 274 393
f 2207 2446 2461
f 1209 305 428
f 1772 1981 1237
f 1970 746 1310
f 1232 6 1659
f 1762 1155 1258
f 245 246 1668
f 118 208 119
f 321 1228 320
f 1611 820 1585
f 1197 1196 1676
f 1775 433 923
f 566 2351 1313
f 1866 370 2261
f 381 302 2281
f 1770 1273 1254
f 1988 2007 960
f 964 1783 1784
f 1275 1630 111
f 960 2007 550
f 550 2007 1271
f 1781 1788 1167
f 2464 2224 2469
f 1981 1144 1982
f 20 211 1623
f 2013 323 369
f 1314 2016 1975
f 860 2017 1189
f 1977 1605 29
f 29 1815 2012
f 2104 1807 1596
f 1698 337 533
f 806 2048 1131
f 699 698 331
f 383 1839 324
f 1064 67 309
f 1768 1770 1676
f 2058 800 2458
f 1122 1123 369
f 1513 1563 341
f 2464 826 2447
f 1395 1502 1501
f 1709 576 428
f 345 1133 1413
f 1424 1475 1516
f 1489 360 1475
f 1409 387 355
f 462 1860 339
f 1973 1701 417
f 1116 375 652
f 656 607 608
f 106 1642 16
f 217 216 408
f 418 2193 474
f 662 1709 1086
f 2102 1977 1984
f 1376 463 1449
f 2448 803 2453
f 478 517 475
f 271 477 46
f 524 504 94
f 2033 728 678
f 532 2034 2143
f 1347 500 1348
f 80 1573 1008
f 2067 1571 2134
f 1343 1379 91
f 515 8 566
f 1920 542 2042
f 1381 1343 573
f 190 1333 567
f 831 1034 1687
f 200 831 1687
f 1278 598 1505
f 2456 683 1088
f 1253 717 1500
f 848 220 847
f 1696 1753 2171
f 686 122 640
f 130 131 686
f 2058 1140 779
f 2119 1790 691
f 183 760 2441
f 722 669 1532
f 1010 225 1810
f 749 1220 1221
f 1000 2044 230
f 460 590 876
f 667 740 668
f 1417 1416 2280
f 1177 722 1185
f 1147 1191 693
f 2045 1900 327
f 851 2045 327
f 1185 1170 2046
f 741 730 156
f 229 1734 982
f 1170 281 2064
f 1774 969 1942
f 46 77 400
f 1156 154 721
f 1893 766 1892
f 1673 1669 2128
f 958 987 959
f 959 928 958
f 949 928 959
f 1467 94 402
f 1893 2048 1767
f 1665 2049 934
f 1098 1132 1282
f 765 780 766
f 930 1009 1844
f 736 1111 1589
f 1012 988 925
f 1653 1415 1649
f 1131 2051 329
f 266 756 757
f 1173 2135 2056
f 2051 1131 2048
f 865 902 1850
f 1300 814 794
f 908 1858 910
f 1988 1672 119
f 1858 1864 2053
f 186 1118 824
f 1117 430 821
f 2054 2172 874
f 184 753 182
f 837 845 725
f 813 1078 814
f 878 885 2052
f 177 870 192
f 2055 192 870
f 1038 2055 885
f 570 1343 91
f 884 1028 885
f 1043 1041 925
f 916 1048 893
f 1654 1653 1649
f 807 1139 817
f 546 933 1018
f 2059 2049 1665
f 1016 938 2049
f 1313 256 1522
f 942 949 959
f 644 993 940
f 78 2144 1812
f 947 1403 965
f 1080 1965 2446
f 231 229 2108
f 979 1737 957
f 1151 2453 1136
f 651 1474 2437
f 2441 1701 183
f 780 1890 1294
f 674 1585 1908
f 767 1161 1892
f 232 55 1401
f 667 669 721
f 767 1294 1156
f 901 900 903
f 1294 154 1156
f 890 1010 1000
f 613 890 877
f 730 741 1202
f 2064 659 138
f 2032 2447 829
f 646 1904 569
f 1045 819 1363
f 1691 1045 1905
f 676 720 718
f 282 1191 292
f 1890 155 154
f 804 1561 1591
f 750 808 777
f 1529 663 1248
f 729 728 2038
f 1086 1085 662
f 621 1240 1256
f 1750 1889 1751
f 1252 617 582
f 2075 2163 2076
f 2076 1751 2075
f 1498 2027 1707
f 593 1313 1217
f 441 2426 1888
f 1888 2426 772
f 639 636 1699
f 1922 1304 559
f 1704 630 1705
f 545 1968 1114
f 742 352 157
f 1382 1870 1871
f 1929 478 445
f 485 467 438
f 234 467 1461
f 448 1414 531
f 46 477 473
f 258 1534 980
f 531 421 448
f 1936 1460 2322
f 422 421 1425
f 446 445 392
f 1431 1439 387
f 1851 350 1452
f 2027 417 2441
f 315 1188 2089
f 166 789 1729
f 1230 326 1603
f 947 965 2178
f 302 381 939
f 1668 243 245
f 1228 1229 320
f 235 341 238
f 656 175 1743
f 1042 1100 50
f 376 1362 400
f 1100 400 1362
f 1326 2093 1689
f 743 782 1560
f 103 1994 2271
f 2160 1941 1130
f 1269 1769 2157
f 1889 1750 173
f 1564 2008 2096
f 2098 307 1380
f 1966 1789 1584
f 1547 1826 296
f 984 1784 1801
f 1182 1157 824
f 1714 732 727
f 2431 2442 2419
f 1967 72 2148
f 1807 989 2015
f 1302 1807 2015
f 2232 2233 2240
f 1324 2105 1550
f 2070 1485 488
f 1596 1807 1595
f 1356 1599 78
f 1345 1341 1288
f 24 1624 1128
f 43 1819 1620
f 36 87 1827
f 1752 2092 1990
f 1128 1298 24
f 1821 931 1504
f 1359 1553 59
f 1661 1071 1051
f 67 1375 309
f 768 1955 776
f 2436 2415 2139
f 350 1249 852
f 1545 350 852
f 294 1385 51
f 2107 44 357
f 10 100 1627
f 2101 1791 1578
f 1578 1791 1275
f 316 1409 355
f 1501 270 49
f 639 1699 591
f 497 223 221
f 1910 2417 2435
f 1411 56 385
f 1775 923 1648
f 1982 1237 1981
f 733 1164 1163
f 1953 396 395
f 1489 1475 1432
f 404 286 407
f 1483 431 1487
f 2238 1245 1667
f 239 1441 73
f 407 423 2086
f 1425 2086 423
f 1634 1667 1245
f 1634 1245 1241
f 751 216 233
f 415 1440 459
f 2026 1434 377
f 1486 1429 1549
f 1425 1464 450
f 1281 2406 2062
f 760 1765 538
f 1159 1871 1870
f 1870 1420 84
f 84 1159 1870
f 1373 1430 1869
f 1381 1871 1159
f 1682 370 1866
f 1868 2113 1397
f 370 366 365
f 2011 2140 1238
f 516 498 1465
f 5 104 485
f 1309 473 477
f 1329 1929 520
f 1329 556 1929
f 1879 1929 557
f 1910 2435 1903
f 2411 748 2387
f 1347 1922 559
f 573 1382 1381
f 553 568 1336
f 2 577 1946
f 543 1401 643
f 1211 1479 1916
f 573 1514 1382
f 1732 328 433
f 673 585 572
f 585 1244 477
f 618 493 532
f 1137 414 2116
f 1263 598 121
f 362 527 150
f 1029 1652 930
f 634 1259 635
f 917 918 2126
f 1978 1509 249
f 607 1497 1127
f 1212 682 1231
f 1645 1255 305
f 1515 667 668
f 1531 1532 669
f 1505 1506 669
f 663 207 135
f 676 718 675
f 1060 1076 1610
f 216 167 2023
f 1210 2119 707
f 740 1546 1205
f 730 1205 1546
f 689 1711 785
f 631 1711 178
f 1166 122 686
f 707 1909 706
f 810 1109 215
f 769 1099 630
f 1086 1709 1087
f 1177 1161 1156
f 1187 888 1139
f 1753 790 1717
f 1126 166 1268
f 1595 1797 25
f 1754 790 200
f 23 324 69
f 788 834 1076
f 792 277 374
f 747 2124 266
f 817 1070 845
f 406 1070 1098
f 1579 67 1554
f 1610 849 1060
f 894 432 430
f 430 731 894
f 855 725 1065
f 1823 368 1378
f 1066 1852 887
f 1000 1007 220
f 1036 300 725
f 877 890 220
f 2160 2422 2401
f 1038 885 203
f 1038 203 914
f 68 1639 435
f 2409 2417 645
f 2059 887 2170
f 1016 2059 2170
f 938 1036 1018
f 1493 666 174
f 942 1841 949
f 942 944 218
f 1410 998 2128
f 936 1862 564
f 231 976 1671
f 301 1660 957
f 2027 1498 384
f 999 988 1663
f 1013 1006 1942
f 950 951 1656
f 481 93 1175
f 410 81 996
f 407 70 423
f 2044 1010 1810
f 613 857 581
f 2387 647 1686
f 1187 691 1790
f 930 954 1009
f 920 942 218
f 203 942 920
f 1658 1027 1660
f 2394 2416 2402
f 1544 1540 95
f 2170 887 1852
f 912 899 913
f 508 192 1640
f 1055 1038 1640
f 1062 771 828
f 203 885 1028
f 252 1052 254
f 253 1054 1053
f 1055 192 2055
f 666 685 1177
f 253 1053 770
f 185 1852 1066
f 2418 1219 2390
f 1427 1486 1549
f 1411 455 56
f 1266 983 1311
f 1120 843 844
f 1754 1331 519
f 1118 186 758
f 2191 2413 1941
f 2401 2191 1941
f 277 351 773
f 1498 1707 2386
f 1303 1721 1719
f 1699 636 1968
f 794 2196 158
f 1127 563 608
f 1598 670 822
f 1843 1286 1301
f 1150 788 716
f 1124 471 1723
f 720 1169 146
f 968 1345 1287
f 730 1546 1898
f 738 1535 690
f 718 146 1185
f 2377 678 2347
f 2073 851 257
f 1515 668 1490
f 2073 2045 851
f 1891 641 946
f 1703 1153 2017
f 610 2120 627
f 1278 637 1277
f 1219 1218 548
f 22 1265 1913
f 31 598 1278
f 1225 2397 1542
f 35 273 2174
f 371 372 1200
f 560 2188 1344
f 1925 966 560
f 98 1925 560
f 1229 1884 412
f 1603 1854 1230
f 1928 1404 79
f 1770 1771 1200
f 1414 1309 13
f 1721 2400 1508
f 1869 1397 541
f 221 501 1394
f 1229 1228 1247
f 485 2031 5
f 1873 2031 490
f 1771 1770 1254
f 1257 1560 1221
f 1999 1682 1866
f 1371 83 91
f 504 2 1946
f 1376 483 462
f 1723 785 1124
f 1423 459 1334
f 1884 1247 1290
f 469 1851 1453
f 520 445 446
f 434 1448 260
f 157 1140 1565
f 1145 1976 2145
f 829 2418 2435
f 1296 2093 1326
f 1452 1453 1851
f 1269 550 1301
f 960 550 1269
f 1469 88 431
f 1507 1701 1973
f 1444 1943 1428
f 550 1617 1301
f 1426 77 422
f 1142 1629 1319
f 1319 1629 1787
f 1318 984 1801
f 2147 1792 1324
f 1255 1287 1288
f 774 1882 773
f 1975 1592 1806
f 1838 1833 1469
f 1469 1483 1838
f 1324 1322 2105
f 1811 1326 1966
f 1588 1626 1554
f 1969 1579 1626
f 1317 39 1625
f 1109 815 214
f 1555 2018 1556
f 1970 343 533
f 344 1103 1032
f 1516 325 1402
f 1100 1042 400
f 1311 345 346
f 349 354 353
f 1260 127 290
f 633 127 1260
f 1249 1492 1760
f 1372 67 66
f 131 637 1515
f 289 1567 291
f 1587 1362 1032
f 1351 333 334
f 67 1579 1375
f 1107 456 708
f 699 1406 1550
f 289 45 1567
f 1064 309 49
f 768 708 325
f 373 886 1249
f 309 310 1050
f 1050 1395 309
f 1250 574 744
f 333 48 1951
f 1786 312 43
f 1951 1400 1486
f 1512 294 1030
f 1492 1350 1574
f 1584 1597 62
f 1424 1030 1947
f 1488 1947 1030
f 1576 1361 1577
f 1562 234 1461
f 937 621 1256
f 1462 451 1475
f 1592 1613 1806
f 71 1865 1939
f 19 1335 1290
f 1797 1595 1802
f 126 1248 135
f 1420 1376 1449
f 1861 15 94
f 1868 1869 1430
f 1793 1286 1145
f 473 1414 439
f 1612 1280 1145
f 224 1936 222
f 589 129 558
f 1644 1582 1617
f 1464 2079 450
f 1272 986 212
f 608 150 527
f 1388 1387 571
f 2389 2367 858
f 1780 1283 1284
f 2181 110 109
f 106 16 1877
f 16 1642 140
f 2008 1787 2096
f 837 855 841
f 2096 1629 111
f 440 1090 838
f 1171 1877 140
f 556 1329 129
f 1772 1237 1233
f 579 577 544
f 1570 1646 1245
f 174 623 2368
f 623 624 970
f 1867 1598 822
f 1805 802 565
f 1578 1142 2146
f 717 654 612
f 118 213 939
f 1215 1253 620
f 153 1686 2066
f 174 136 1493
f 1474 216 751
f 2043 1257 1220
f 707 889 1210
f 1121 2381 545
f 888 1187 1790
f 720 676 677
f 1256 143 1165
f 667 721 737
f 1180 413 1181
f 736 1589 717
f 563 1127 476
f 1742 595 437
f 1589 1585 674
f 1282 2048 1098
f 329 2051 1893
f 743 1118 782
f 471 510 1723
f 1127 1723 511
f 1090 781 807
f 1083 818 1885
f 814 1078 409
f 807 817 836
f 636 638 1968
f 605 134 115
f 1090 835 1092
f 854 267 432
f 1108 844 1072
f 488 755 639
f 2003 244 2201
f 1608 1621 843
f 121 577 594
f 121 599 577
f 2054 874 827
f 1078 813 1926
f 872 2124 747
f 187 449 186
f 1077 1076 1863
f 187 872 489
f 771 751 1310
f 770 1694 769
f 786 711 784
f 884 1935 1028
f 1047 1856 929
f 1043 925 1044
f 1055 1640 192
f 1044 925 924
f 1014 914 920
f 920 914 203
f 671 1033 1056
f 998 969 658
f 644 976 2108
f 941 943 961
f 1671 1663 231
f 1135 1137 1264
f 943 228 1830
f 892 943 1674
f 1674 941 892
f 1734 1669 1832
f 428 576 502
f 1789 1788 1781
f 2109 275 276
f 1254 1789 1781
f 847 861 1680
f 267 1447 266
f 1680 2166 832
f 212 1273 1272
f 986 1272 1768
f 2123 671 1778
f 605 115 525
f 1778 252 2123
f 1688 816 204
f 831 1454 1025
f 988 1669 1663
f 657 1830 228
f 985 956 955
f 200 1753 1454
f 200 790 1753
f 1687 1754 200
f 223 224 222
f 1730 1703 1162
f 925 999 924
f 233 1310 751
f 1040 1637 1651
f 624 1919 970
f 863 902 864
f 849 1059 1060
f 1085 535 662
f 1041 1934 1060
f 1094 1825 2163
f 1934 1076 1060
f 1070 846 479
f 639 755 636
f 2171 1717 403
f 168 653 652
f 1048 916 928
f 403 1717 684
f 1629 1578 1275
f 160 545 1114
f 1522 566 1313
f 756 266 2124
f 518 359 403
f 749 782 808
f 835 440 185
f 160 1700 2209
f 359 518 2174
f 1890 154 1294
f 518 363 2174
f 359 273 1158
f 824 743 1182
f 740 154 155
f 297 1561 851
f 777 1173 1195
f 328 1184 433
f 595 1713 437
f 484 1980 811
f 1192 1742 437
f 1182 1560 649
f 686 292 1166
f 1210 1790 2119
f 2179 619 102
f 923 1184 1216
f 1689 371 1201
f 242 246 245
f 1920 603 108
f 332 1603 326
f 1505 667 1515
f 2191 2360 561
f 1 1206 2006
f 100 1314 101
f 152 437 1713
f 619 2179 493
f 2006 35 1
f 1749 1761 139
f 620 555 2039
f 1192 437 1266
f 113 1200 1771
f 91 597 570
f 1761 35 139
f 35 1761 1
f 1769 974 1267
f 1292 1293 2142
f 2004 1996 1242
f 577 2346 1355
f 2180 1981 1772
f 1371 91 1379
f 1343 1477 1379
f 96 517 572
f 159 2375 319
f 1275 2007 1630
f 11 10 1627
f 110 2181 2102
f 1877 16 140
f 978 18 469
f 973 2102 2181
f 2142 529 1292
f 1152 150 149
f 2155 20 2168
f 469 1453 470
f 1977 1616 1605
f 211 1806 1617
f 258 980 1779
f 259 2183 258
f 1071 39 44
f 33 1342 24
f 1849 1441 239
f 1323 1586 1325
f 1317 1599 39
f 1786 1620 1318
f 396 1434 1428
f 1071 1352 39
f 1338 2148 1084
f 1601 1004 1537
f 422 1425 1426
f 1273 212 1880
f 1760 1940 852
f 401 402 1417
f 1142 1319 1797
f 1567 45 1089
f 1113 1456 1384
f 931 1821 932
f 2114 105 578
f 1107 1360 1361
f 361 404 1488
f 357 358 419
f 2107 357 419
f 1555 1556 1828
f 44 39 1354
f 51 1015 1089
f 1400 1429 1486
f 1032 420 344
f 349 1341 1345
f 1551 1104 1392
f 1392 64 1385
f 1346 1384 310
f 1030 1402 1512
f 283 1418 284
f 420 285 344
f 1827 1961 1837
f 1961 1380 1837
f 1084 66 50
f 340 1051 1398
f 58 293 291
f 385 324 1839
f 575 206 453
f 1488 288 361
f 288 1488 294
f 339 340 2186
f 378 398 399
f 282 1205 1202
f 1408 1412 354
f 1213 282 1202
f 1553 703 59
f 686 131 292
f 1369 1530 313
f 1484 22 537
f 234 1562 1406
f 703 1553 1586
f 2319 2310 2353
f 1822 1369 313
f 1133 32 347
f 422 77 439
f 1442 468 1855
f 1599 1354 39
f 486 1855 468
f 458 1451 1855
f 450 451 2086
f 1422 1421 1423
f 1573 1366 1008
f 2154 81 1445
f 1594 1368 1596
f 403 1509 518
f 83 1371 85
f 83 85 75
f 451 490 2028
f 1554 1626 1579
f 104 5 1527
f 1414 448 439
f 990 500 1857
f 758 186 850
f 467 1928 1461
f 449 870 850
f 1472 1476 1421
f 1617 1806 1613
f 1793 1301 1286
f 1873 490 2079
f 982 1734 1832
f 1414 473 1309
f 973 1307 2102
f 1255 1149 1287
f 541 562 1931
f 102 1334 1364
f 1328 592 520
f 1979 1162 1703
f 1985 1261 1622
f 2327 2336 2358
f 1922 1918 1304
f 11 1627 1271
f 2356 562 1917
f 1251 7 9
f 612 529 549
f 589 558 557
f 1329 1250 129
f 2218 1686 482
f 108 603 1260
f 13 1257 2043
f 807 838 1090
f 836 838 807
f 1878 1923 541
f 620 1253 555
f 2190 1989 123
f 677 676 594
f 2325 381 2081
f 1533 1531 1528
f 744 574 704
f 1641 364 2192
f 130 686 637
f 207 663 1535
f 263 1695 491
f 712 1218 1219
f 661 138 659
f 2046 138 666
f 2389 1729 190
f 1185 1533 718
f 493 468 532
f 1698 338 480
f 1264 318 1168
f 1704 320 250
f 148 1893 1892
f 693 774 1147
f 213 118 119
f 156 161 279
f 780 161 1890
f 1497 785 1723
f 1118 743 824
f 964 1784 169
f 758 782 1118
f 432 267 821
f 181 184 182
f 846 1070 406
f 184 181 753
f 2350 1427 2337
f 830 842 186
f 836 185 440
f 185 836 1852
f 872 187 186
f 1015 1358 1576
f 2033 2038 728
f 843 880 844
f 2052 885 2055
f 191 1069 796
f 880 843 2126
f 1636 193 1932
f 2069 751 1062
f 898 899 503
f 1036 938 300
f 1035 1036 725
f 1935 922 1028
f 49 400 1042
f 1058 1057 726
f 1009 1001 209
f 1001 205 209
f 928 949 929
f 949 1841 929
f 887 1665 1012
f 2059 1665 887
f 215 1109 214
f 497 221 1394
f 920 218 1006
f 1379 85 1371
f 497 224 223
f 1669 988 1012
f 1012 1665 1669
f 1526 150 2215
f 644 2108 229
f 1774 644 229
f 2095 1669 546
f 452 1224 436
f 1945 2130 2200
f 1639 2130 1945
f 1945 2200 840
f 326 2324 2339
f 2020 1945 840
f 194 805 2087
f 2087 2165 194
f 2165 2087 2167
f 194 786 805
f 234 1842 466
f 330 1842 234
f 235 335 236
f 240 241 42
f 241 1849 42
f 1848 240 42
f 240 1848 464
f 242 244 243
f 244 242 2112
f 243 244 2177
f 249 1509 684
f 251 247 249
f 1978 249 247
f 249 1741 251
f 252 254 255
f 1054 255 254
f 252 1778 1052
f 2202 590 255
f 1054 2202 255
f 455 8 1543
f 256 1265 1522
f 2111 261 260
f 69 665 1297
f 491 1695 356
f 2028 490 2031
f 2031 265 2028
f 747 266 1447
f 9 1283 2205
f 1325 1792 268
f 272 269 270
f 496 144 2206
f 2386 496 2206
f 211 2249 1806
f 2213 1719 2173
f 1123 1829 2214
f 1135 162 1137
f 1813 1023 1369
f 1159 85 1379
f 447 2290 2222
f 2434 1105 1130
f 792 278 277
f 281 1170 280
f 1874 793 1581
f 2415 2436 822
f 2388 2341 287
f 293 289 291
f 293 288 289
f 1049 295 296
f 297 1900 1916
f 1916 733 297
f 2315 1208 1930
f 2224 2470 2487
f 2224 2487 2467
f 261 1391 26
f 299 2460 2197
f 1852 841 300
f 1852 300 2170
f 664 583 1321
f 1678 664 1321
f 940 987 976
f 957 226 301
f 1650 301 226
f 2304 1857 1457
f 1423 1421 415
f 2438 1558 1270
f 1274 156 1169
f 2137 738 1151
f 2032 829 2435
f 342 454 446
f 1569 158 2196
f 2308 2303 2296
f 2299 2326 1572
f 1294 767 780
f 775 1766 797
f 712 826 1938
f 2438 2448 2443
f 1861 1467 429
f 352 1136 779
f 1281 1938 1738
f 1738 2450 1281
f 419 358 76
f 1874 1581 2421
f 354 1412 1848
f 1411 385 455
f 272 1502 269
f 427 269 1502
f 81 391 2150
f 1412 1521 434
f 1549 2319 2337
f 1608 791 2067
f 1585 1111 1611
f 693 1766 775
f 2462 2478 800
f 378 1432 377
f 2436 793 2053
f 345 56 455
f 1921 277 773
f 782 1095 808
f 277 1921 2068
f 1437 57 995
f 1842 1499 466
f 1491 2285 53
f 1082 789 1101
f 836 817 837
f 391 1847 41
f 2280 1416 2278
f 1863 1858 1874
f 1583 395 1568
f 1831 2187 1050
f 2297 2320 2221
f 874 406 827
f 1407 1828 1521
f 865 409 864
f 1621 2494 843
f 2338 332 2339
f 2338 1748 332
f 1049 306 2285
f 2052 870 449
f 844 871 1072
f 62 1039 1523
f 2487 2506 2498
f 1949 2328 1469
f 56 665 69
f 125 126 135
f 1949 2342 2328
f 699 331 330
f 896 871 880
f 1955 58 1365
f 495 2323 883
f 2269 2256 2265
f 726 1755 1058
f 2323 514 883
f 489 1047 922
f 913 899 1024
f 1058 1415 723
f 1028 942 203
f 1356 78 47
f 62 1523 1966
f 310 1548 1346
f 1818 1961 1827
f 1653 2175 1937
f 1999 2331 1682
f 1403 947 1001
f 1628 2099 304
f 950 919 660
f 23 383 324
f 644 534 993
f 976 987 958
f 2259 2184 2275
f 534 1774 967
f 1774 1942 967
f 1830 961 943
f 941 961 1011
f 1574 1349 1575
f 956 935 955
f 2427 757 702
f 1104 1361 1576
f 80 1577 1361
f 892 1876 1321
f 451 450 490
f 664 632 523
f 761 145 232
f 609 128 133
f 702 757 701
f 2266 90 2040
f 1337 1004 1339
f 2019 2148 1338
f 903 2167 2130
f 2306 2298 1690
f 879 2063 866
f 1372 72 1809
f 900 1906 1679
f 2192 364 318
f 1940 87 2016
f 174 666 625
f 622 1374 1017
f 1322 1325 1586
f 2165 2167 1679
f 2104 1940 989
f 255 2020 2123
f 2405 832 2166
f 296 1002 1600
f 569 1037 833
f 646 1443 2452
f 832 1034 1680
f 996 81 2154
f 848 1025 202
f 569 2504 1037
f 416 904 2300
f 1337 1339 1602
f 202 1025 1454
f 1324 1550 2147
f 812 805 784
f 812 784 1056
f 796 783 819
f 587 2482 1063
f 1062 828 2483
f 2493 1716 2503
f 1067 1688 2207
f 2038 671 1056
f 1067 715 778
f 1716 1993 2473
f 1614 1604 1283
f 1614 981 1600
f 1625 1319 1787
f 2282 2217 482
f 512 2092 1752
f 1134 2248 2245
f 2444 2482 183
f 2211 465 521
f 450 2086 1425
f 1959 2466 727
f 100 10 1796
f 678 2201 752
f 172 178 1069
f 20 1623 2168
f 2201 678 2377
f 1614 9 981
f 1080 488 1965
f 705 488 1080
f 2444 1820 2424
f 651 2437 2393
f 1857 1559 990
f 1305 2410 683
f 1214 2156 1134
f 960 1269 2157
f 504 1946 1417
f 1167 113 1781
f 1888 1721 441
f 162 1829 1122
f 405 1722 1711
f 1496 1719 2325
f 169 1243 964
f 1633 2277 337
f 1860 462 461
f 1770 1768 1272
f 2081 1693 1114
f 1776 1241 1646
f 2000 1785 909
f 909 1785 2216
f 433 2347 678
f 2149 103 2271
f 2379 2399 2383
f 527 362 2066
f 2100 2379 811
f 1670 1238 1557
f 600 509 1683
f 159 167 2375
f 2387 2374 2354
f 1659 1777 2260
f 2216 2289 909
f 1683 1703 600
f 2407 2432 2412
f 1508 2376 2340
f 1232 1203 1204
f 1899 2329 2330
f 1899 2330 1956
f 1138 509 1735
f 1991 1645 1209
f 2345 1686 2218
f 1683 1138 1703
f 113 1201 371
f 1513 241 1466
f 85 84 419
f 419 75 85
f 927 1666 904
f 2213 2338 2339
f 246 242 1668
f 2317 2291 2311
f 1980 484 1999
f 2176 2253 2140
f 2115 2011 1670
f 1692 1203 1677
f 1999 1866 1566
f 1172 1749 139
f 1199 319 2004
f 336 394 1181
f 424 457 1193
f 2215 2271 1526
f 332 326 2339
f 366 1168 364
f 1562 1928 79
f 2089 1997 1989
f 2009 117 319
f 1695 1196 356
f 2109 276 2318
f 1702 1197 372
f 356 1197 1702
f 1759 1196 1695
f 1188 1189 2017
f 371 1698 480
f 2106 79 1685
f 89 2294 1840
f 1748 1670 332
f 412 320 1229
f 132 3 206
f 575 132 206
f 2289 2216 2302
f 428 305 321
f 2338 2021 1748
f 1170 146 1169
f 1979 1703 860
f 1770 1197 1676
f 443 414 413
f 1672 2281 302
f 1199 1243 120
f 2239 2247 2267
f 369 394 336
f 2133 1866 2261
f 2061 2318 2140
f 2133 2261 2234
f 2279 1234 2230
f 414 336 413
f 1702 1712 356
f 2354 2013 369
f 1736 1258 1463
f 1178 1267 1859
f 1557 1238 1564
f 112 2216 1785
f 1840 1973 453
f 853 1095 1619
f 2260 1777 2131
f 2372 2209 2208
f 111 1986 208
f 1463 1258 116
f 2097 109 2102
f 1764 980 1761
f 811 1980 2061
f 2177 2247 2239
f 1267 1145 2145
f 342 1487 454
f 1629 1275 111
f 1160 1154 159
f 1134 2245 1214
f 1644 1271 1627
f 2081 381 2281
f 550 1271 1644
f 1264 1137 443
f 151 1184 1112
f 1203 1176 1206
f 101 2168 1627
f 1789 1254 1273
f 1128 1638 1298
f 2101 1578 2146
f 595 2118 1713
f 86 1768 2231
f 2151 1622 2153
f 1123 2354 369
f 1121 2372 2381
f 1995 416 2300
f 968 2203 1345
f 1617 1582 211
f 1609 21 2251
f 29 2012 1977
f 2117 1508 2355
f 1626 1588 1843
f 159 491 2023
f 1121 160 2372
f 2296 1125 2308
f 2144 2151 1812
f 1497 1723 1127
f 2231 1620 1819
f 2103 2019 1338
f 29 1605 1005
f 1733 1285 2380
f 1625 1814 1813
f 408 1726 338
f 591 1733 1116
f 2182 1971 1804
f 2040 90 1119
f 1285 1733 591
f 1595 1594 1596
f 1971 2258 1606
f 1974 2258 2264
f 2306 1125 2295
f 2220 28 2248
f 1134 2220 2248
f 1322 1586 1553
f 2251 2099 1628
f 1119 1643 2040
f 2022 1607 1815
f 2023 1726 408
f 1110 1456 1113
f 1574 1817 1760
f 1115 1031 1643
f 1342 2275 2184
f 71 63 1865
f 1122 1829 1123
f 1342 980 355
f 653 1494 1116
f 1953 82 2022
f 2080 1714 1135
f 1358 51 64
f 2258 2278 2264
f 2258 1971 2280
f 1352 1071 1661
f 1601 1536 1525
f 1955 1365 776
f 630 248 1741
f 776 708 768
f 56 69 385
f 304 2099 63
f 311 1572 1102
f 52 368 28
f 53 2285 306
f 1094 1303 1312
f 74 2283 2273
f 307 1833 1380
f 1408 1828 1407
f 768 325 344
f 54 2291 2284
f 727 162 1714
f 2437 2424 2393
f 2070 1740 1485
f 1485 755 488
f 1848 1412 434
f 1408 348 2204
f 354 379 353
f 172 631 178
f 173 2426 1889
f 401 2280 367
f 1825 1740 1710
f 2297 2288 2303
f 368 1467 402
f 689 1743 175
f 390 1847 391
f 1849 1848 42
f 179 178 180
f 513 1963 647
f 442 2307 2222
f 77 376 400
f 678 729 679
f 2307 447 2222
f 705 1080 735
f 1504 1549 308
f 735 1960 1710
f 27 2308 1125
f 445 427 392
f 269 427 445
f 1491 1562 2106
f 1439 1430 1446
f 2036 1751 1716
f 2036 1750 1751
f 1504 2319 1549
f 239 236 379
f 1431 387 1868
f 1450 2084 411
f 1709 1705 1694
f 2303 2312 2297
f 1425 421 1464
f 463 2186 340
f 455 1457 1399
f 1956 2334 2292
f 1895 1959 732
f 462 463 1376
f 2446 2472 1075
f 426 1396 2305
f 426 18 1396
f 95 2315 2326
f 990 1348 500
f 2322 1460 1394
f 392 427 1502
f 1073 194 2035
f 2444 1061 2482
f 2322 970 991
f 995 2084 1872
f 2034 532 468
f 224 497 1394
f 2485 2473 2199
f 1468 1117 821
f 2084 492 1872
f 1087 1052 671
f 500 559 1948
f 2 504 544
f 1482 1442 1855
f 1073 786 194
f 1694 770 1052
f 522 528 1396
f 94 525 524
f 1455 802 2490
f 2330 2329 2334
f 2114 539 1465
f 1765 2499 536
f 1805 1902 2092
f 1920 1923 1878
f 2504 2485 2500
f 2351 559 1217
f 1904 2493 2503
f 536 2499 2479
f 621 2327 2358
f 2327 621 540
f 118 326 1230
f 646 565 1455
f 1382 1514 2039
f 646 1455 1904
f 1482 334 1442
f 524 580 579
f 378 377 398
f 673 572 558
f 1370 1037 204
f 1915 582 22
f 2334 2382 287
f 599 121 598
f 616 594 579
f 2295 1125 1897
f 379 354 1849
f 1848 1849 354
f 1021 833 1037
f 202 1905 848
f 654 529 612
f 848 1905 2333
f 493 1910 619
f 1893 1767 766
f 2210 2359 2394
f 1236 1235 1799
f 614 1728 1374
f 602 615 1728
f 876 873 861
f 633 634 641
f 1794 1539 1529
f 2394 2384 2361
f 2169 227 2185
f 740 1490 668
f 486 458 1855
f 903 900 1679
f 1810 230 2044
f 879 586 622
f 625 138 661
f 1232 1659 2260
f 1535 1894 207
f 625 666 138
f 460 435 590
f 1519 712 1539
f 207 125 135
f 901 481 586
f 481 1175 586
f 68 435 460
f 1939 83 76
f 1401 55 643
f 1212 1894 1535
f 122 2194 142
f 206 2205 89
f 2403 290 742
f 333 1951 334
f 721 669 722
f 672 745 1182
f 1518 985 1524
f 985 1518 956
f 1488 1030 294
f 1896 1401 648
f 1774 229 969
f 1843 1613 1626
f 660 551 950
f 1561 297 1163
f 2433 1907 142
f 1 2254 1206
f 347 434 346
f 543 930 648
f 1790 1210 1503
f 1942 1006 967
f 1558 1151 738
f 712 1938 2423
f 951 530 1656
f 210 2141 1654
f 1652 648 930
f 762 839 2067
f 1120 763 762
f 2032 2409 2440
f 1011 1647 1836
f 164 2431 1565
f 2295 1897 2269
f 1569 2196 1571
f 765 766 1767
f 352 1140 157
f 773 1148 1147
f 1157 756 2460
f 1040 958 916
f 1151 2443 2453
f 2228 1937 2175
f 1410 1035 915
f 2438 2450 2448
f 279 161 780
f 824 1157 299
f 1655 1656 1019
f 2090 164 2058
f 1140 2058 164
f 1651 910 924
f 913 1024 912
f 1333 552 1336
f 61 1032 1103
f 911 209 963
f 2450 803 2448
f 794 814 388
f 896 1026 2074
f 1954 209 911
f 1029 2074 1652
f 1598 1867 1117
f 2127 917 2505
f 514 201 883
f 1357 881 907
f 409 163 388
f 1850 2127 2505
f 1048 1856 1447
f 793 1874 1858
f 1934 1041 1043
f 1044 1934 1043
f 444 1921 1882
f 910 1858 1044
f 822 2436 1079
f 2282 2237 2217
f 1072 2074 1914
f 1072 896 2074
f 806 827 787
f 2107 340 44
f 830 299 2197
f 849 887 1059
f 1850 2505 2502
f 734 747 1856
f 1105 182 753
f 430 432 821
f 2497 726 723
f 836 837 841
f 1093 1095 853
f 1079 1864 1632
f 724 495 2491
f 837 817 845
f 2124 842 2197
f 1926 177 192
f 1081 176 181
f 1081 181 182
f 1632 731 1867
f 2474 487 176
f 854 1447 267
f 2475 2425 2459
f 1924 856 1755
f 2502 2505 1091
f 2505 1621 1091
f 1083 196 856
f 1078 863 864
f 865 2502 2025
f 2487 2476 906
f 495 2496 2491
f 1924 818 856
f 1924 1755 1082
f 1835 1491 53
f 734 872 747
f 177 1926 795
f 1858 2053 793
f 2496 2481 2491
f 1438 1932 874
f 818 1924 2121
f 2502 1091 2025
f 2497 723 1631
f 898 176 1068
f 713 2323 495
f 896 880 1046
f 865 864 902
f 911 2323 713
f 1022 311 2255
f 814 409 388
f 963 2323 911
f 1611 1111 1092
f 1512 325 1551
f 2197 2460 2124
f 914 1657 1038
f 907 881 915
f 2127 918 917
f 2226 1618 2475
f 942 1028 922
f 789 1082 1744
f 798 1744 1082
f 1047 929 1841
f 789 166 1101
f 803 2480 2478
f 2468 2480 803
f 800 2477 2458
f 788 1883 716
f 1663 958 1040
f 1039 62 1541
f 947 2178 209
f 2227 2175 2159
f 2257 950 1656
f 763 397 1591
f 530 936 2141
f 940 976 644
f 1836 1964 972
f 2094 609 2088
f 1896 2005 801
f 956 1518 935
f 228 943 1524
f 1876 1678 1321
f 643 994 1745
f 1518 1524 700
f 2434 2442 2457
f 921 199 1459
f 374 2030 1141
f 978 2142 1293
f 128 55 232
f 68 460 14
f 588 380 1386
f 380 230 1386
f 879 900 586
f 1308 779 1136
f 901 586 900
f 220 890 1000
f 227 2169 891
f 895 227 891
f 1906 900 866
f 2229 2185 1386
f 765 1767 1282
f 2449 2429 2136
f 826 712 2418
f 1561 804 851
f 1163 1591 1561
f 857 2333 581
f 1370 1367 1020
f 1951 48 1400
f 2125 1021 1020
f 828 869 2370
f 2479 1728 219
f 1729 789 1766
f 1025 848 847
f 762 763 1164
f 2136 2429 136
f 840 812 1033
f 1757 1261 4
f 1165 143 1565
f 143 157 1565
f 775 774 693
f 281 1282 659
f 136 1226 2136
f 1037 2500 1688
f 2370 2483 828
f 1898 740 155
f 1363 2489 198
f 345 665 56
f 2427 702 744
f 745 697 701
f 2122 816 538
f 329 1493 136
f 2486 1688 2500
f 2489 819 2463
f 819 783 2463
f 2503 1716 2473
f 1061 825 1063
f 2069 1062 2483
f 197 825 1061
f 2466 802 1805
f 253 769 2405
f 49 66 1064
f 118 1230 208
f 730 1202 1205
f 783 179 2463
f 1067 2461 2456
f 1067 2456 715
f 2409 645 2378
f 2378 2407 2412
f 1226 136 1803
f 897 1901 2398
f 1349 1952 2098
f 674 1292 654
f 2444 183 1820
f 672 129 697
f 175 1752 2463
f 1235 1164 2371
f 175 179 180
f 1912 122 142
f 729 678 728
f 641 897 2398
f 2201 535 752
f 2070 735 1710
f 170 1962 168
f 1248 256 1794
f 647 2387 748
f 684 1717 519
f 25 1797 1319
f 937 2191 561
f 2075 2426 441
f 256 1248 1913
f 1769 1672 2157
f 2365 2385 1795
f 108 290 1917
f 173 772 2426
f 1096 639 1494
f 2428 2399 465
f 1527 626 629
f 1881 626 971
f 2384 107 2361
f 2080 2399 2428
f 785 1743 689
f 600 170 168
f 1496 1312 1303
f 2371 1916 2041
f 582 1915 1511
f 1116 652 653
f 2373 2390 548
f 1135 1714 162
f 640 1912 578
f 1963 656 527
f 442 1936 2307
f 384 1498 575
f 527 656 608
f 2356 1917 1223
f 2096 1854 1557
f 442 1950 1458
f 545 160 1121
f 539 2114 114
f 2023 1712 1726
f 1920 108 1923
f 1285 545 2381
f 2380 1285 2381
f 1540 1930 1208
f 1872 2371 2041
f 2350 1520 977
f 362 153 2066
f 2346 31 105
f 2061 2376 811
f 499 606 2358
f 1138 375 1733
f 1923 547 541
f 2335 2210 2312
f 566 17 2351
f 2351 1948 559
f 1592 1808 1613
f 1681 2360 2359
f 2376 2061 2340
f 1592 1816 1808
f 1348 1472 1918
f 2206 144 2344
f 2117 2355 2021
f 152 533 337
f 1138 1153 1703
f 2061 2109 2318
f 2061 1980 2109
f 363 1749 1172
f 1749 363 1697
f 1266 298 124
f 349 1345 348
f 1526 362 150
f 1153 1708 1997
f 319 1160 159
f 2017 860 1703
f 104 1928 467
f 372 480 338
f 1544 995 1479
f 54 2265 2259
f 2193 418 1692
f 475 517 96
f 1176 418 1206
f 1158 1206 418
f 2332 1405 499
f 74 2270 2283
f 1700 1859 2209
f 2332 499 2336
f 101 1314 2155
f 1966 1523 383
f 1859 1700 1178
f 95 1208 2315
f 1991 535 2286
f 326 118 2324
f 2112 968 2286
f 1446 1430 1405
f 2208 1190 1989
f 2208 1989 2313
f 1672 1988 2157
f 1884 457 412
f 1194 1764 1749
f 1939 1865 91
f 1775 2267 433
f 261 26 464
f 1853 2342 1949
f 365 1634 1241
f 2254 1204 1206
f 1433 264 377
f 2001 1190 1987
f 1190 2002 1987
f 94 504 402
f 394 323 2129
f 1770 1200 1197
f 448 422 439
f 1146 1860 461
f 691 1187 1909
f 2205 206 3
f 43 312 1102
f 305 1209 1645
f 1572 2315 2223
f 421 422 448
f 2307 2322 447
f 1676 1243 169
f 169 1768 1676
f 2420 1715 1901
f 2271 2260 2149
f 2304 1457 1839
f 1667 2129 2238
f 382 57 1437
f 81 410 391
f 2394 2422 2416
f 2304 389 1857
f 1234 1233 1237
f 2096 111 208
f 1149 1255 1645
f 1772 1984 2180
f 285 420 423
f 1943 1499 1568
f 1380 1961 1818
f 1784 2231 169
f 1787 1629 2096
f 1996 1780 1580
f 1243 1580 1783
f 1564 12 2008
f 2102 1984 2097
f 2024 339 1860
f 373 426 1538
f 11 1791 10
f 1271 1791 11
f 2296 2303 2288
f 1562 1491 1406
f 1784 984 2231
f 1435 2291 54
f 1899 1538 2305
f 2232 1316 2233
f 43 1572 1957
f 1255 1288 1289
f 973 2103 1307
f 2236 24 1298
f 1283 9 1614
f 1142 1797 1302
f 2241 28 975
f 298 1311 1143
f 1600 981 296
f 665 1311 983
f 1580 1340 1318
f 1801 1580 1318
f 25 1319 1593
f 1251 9 3
f 997 992 116
f 40 1003 1604
f 1583 1568 322
f 1409 316 41
f 2293 2222 2278
f 51 288 294
f 2183 1315 41
f 1311 346 2018
f 2269 1031 2252
f 699 1359 698
f 1384 1969 1113
f 2278 2222 2270
f 1003 2262 1834
f 1238 2253 1564
f 1899 1956 1350
f 1350 1349 1574
f 49 309 1501
f 64 1104 1358
f 57 1834 2262
f 1456 1050 1384
f 1525 60 2022
f 2280 2278 2258
f 1953 2022 396
f 2266 2219 2220
f 1383 334 1597
f 1541 1597 1482
f 2244 1408 2204
f 1395 1501 309
f 1772 2097 1984
f 1827 87 1818
f 1969 1384 1346
f 1337 1587 1032
f 1100 1362 1338
f 1512 1402 325
f 1746 296 992
f 28 368 1823
f 1853 1949 1952
f 311 1022 2299
f 383 389 2304
f 286 1418 283
f 386 1439 1419
f 2219 2297 2301
f 1418 286 404
f 1361 1104 1107
f 2299 1572 311
f 2292 1853 1952
f 2290 2309 63
f 1812 304 78
f 996 1847 390
f 438 1444 1428
f 342 446 2187
f 1760 1817 87
f 1853 2292 2321
f 79 2106 1562
f 2150 1290 1563
f 425 2034 1951
f 2034 1442 1951
f 2107 419 1449
f 2259 2265 1129
f 1685 1450 2106
f 1133 2111 32
f 32 1448 434
f 80 1361 1360
f 80 1360 1573
f 1817 1574 1575
f 1543 2111 1133
f 48 38 86
f 2256 2269 2252
f 2050 1445 81
f 1550 2105 699
f 1451 458 459
f 316 1534 258
f 1452 1146 1453
f 74 1974 2270
f 2252 1031 1115
f 81 1466 92
f 90 2266 1134
f 2143 425 977
f 1615 2251 21
f 520 446 454
f 478 475 445
f 2309 447 991
f 87 36 2016
f 2337 1427 1549
f 1404 1685 79
f 1620 984 1318
f 1601 1616 1339
f 1476 1348 990
f 549 469 470
f 470 483 549
f 1463 1295 7
f 1875 1465 498
f 1391 1390 1466
f 2343 1685 1684
f 2341 2342 2321
f 1811 23 1296
f 268 2110 1998
f 333 1351 1880
f 1476 1472 1348
f 1473 1355 2346
f 2343 1207 494
f 1807 1302 1802
f 991 970 1919
f 1477 1343 1381
f 1211 1544 1479
f 1789 1351 30
f 970 501 1480
f 1481 1470 1391
f 520 592 1329
f 2328 2139 2362
f 92 582 1471
f 566 1484 515
f 190 605 552
f 1843 1588 1286
f 2139 2328 2341
f 1129 2256 1638
f 623 1344 2368
f 1155 1762 2240
f 2057 2368 2188
f 1599 1317 2144
f 691 707 2119
f 1796 2146 2015
f 1284 1283 1604
f 1800 601 1920
f 1306 1291 2012
f 1291 1977 2012
f 1690 27 2306
f 2363 2385 2365
f 1500 555 1253
f 1291 1984 1977
f 1119 1134 2156
f 1240 621 628
f 2139 670 2362
f 258 1779 1194
f 594 616 1213
f 637 131 130
f 2234 1609 2251
f 126 1511 1913
f 1290 259 2246
f 626 1881 2392
f 1646 1570 2235
f 1580 1243 1242
f 594 1213 1198
f 616 696 1213
f 1261 1985 4
f 1463 116 1295
f 2246 1884 1290
f 116 1258 1983
f 641 1715 633
f 1218 712 1519
f 2253 1985 12
f 1532 1531 1533
f 1222 2403 1223
f 1290 2150 1315
f 2261 1776 21
f 1986 111 1630
f 2421 1581 2382
f 1552 127 1715
f 762 1164 1236
f 6 1232 2254
f 2253 12 1564
f 740 1898 1546
f 937 2065 2419
f 1463 7 1251
f 138 2046 1170
f 2277 1297 983
f 1633 1297 2277
f 692 659 1282
f 1166 1191 1147
f 1270 690 2406
f 1571 839 1186
f 1859 1267 2002
f 1241 1776 2261
f 1988 119 208
f 1255 321 305
f 158 739 2056
f 30 1597 1584
f 2439 2440 2409
f 2420 1773 1136
f 2443 1558 2438
f 744 1468 2427
f 245 2250 2112
f 2326 1022 95
f 942 959 944
f 2430 799 1268
f 352 779 1140
f 1744 797 1766
f 1214 2245 2282
f 839 1571 2067
f 1999 1566 1757
f 1775 1648 1143
f 2224 2447 2445
f 1190 2001 123
f 2443 2448 2453
f 2439 2226 2459
f 2457 2090 2465
f 2447 2224 2464
f 2049 2059 1016
f 2458 2465 2090
f 1198 741 677
f 2302 2216 323
f 1126 2121 1101
f 2134 1091 2067
f 781 1090 1092
f 117 2009 1992
f 118 939 2324
f 1108 397 844
f 263 1759 1695
f 904 1756 927
f 37 2231 1819
f 1700 2281 1178
f 2140 2011 1845
f 1120 791 843
f 2294 1992 2009
f 798 1082 444
f 1342 2184 24
f 319 1199 1160
f 1618 1944 1072
f 394 369 323
f 1698 1689 337
f 2465 2484 2474
f 1921 2497 2172
f 2244 2204 2239
f 853 177 1093
f 275 1999 1757
f 618 2417 1910
f 2013 2302 323
f 1867 731 430
f 1466 241 26
f 2403 143 1223
f 856 196 1846
f 362 1526 153
f 443 2116 414
f 871 896 1072
f 1926 192 2132
f 2195 2338 2213
f 898 1068 899
f 1932 1631 1636
f 1068 195 899
f 1856 1047 734
f 1914 2074 1029
f 1246 2235 1570
f 725 915 1035
f 328 1731 1184
f 1019 899 1655
f 2081 2281 160
f 1631 1937 2228
f 902 2198 1850
f 247 250 412
f 2380 2381 1262
f 2203 968 2250
f 811 2379 484
f 1040 1651 924
f 850 186 449
f 918 2152 2164
f 2325 1719 2339
f 963 209 2178
f 21 2235 1615
f 1660 301 1658
f 2164 2152 2268
f 2152 1026 2268
f 930 1664 954
f 546 934 933
f 530 2141 526
f 2161 1654 2094
f 2094 1654 2141
f 30 1584 1789
f 2088 2175 2161
f 959 987 993
f 1911 953 2005
f 2095 2128 1669
f 2159 2088 1958
f 2088 609 1678
f 1745 965 1403
f 2088 1678 1958
f 428 1704 1705
f 926 1459 1747
f 1747 1459 801
f 2023 167 159
f 128 1279 137
f 2408 2325 2081
f 199 133 145
f 128 137 55
f 137 564 55
f 405 1124 1722
f 602 1224 452
f 452 875 602
f 452 891 875
f 584 891 452
f 1945 255 590
f 1496 2325 2408
f 170 600 1305
f 173 2399 1106
f 2276 859 615
f 168 652 1735
f 652 375 1735
f 2314 1798 1725
f 1707 2410 2386
f 2202 2405 2166
f 2314 2395 2229
f 2333 1045 581
f 2411 2387 2354
f 2125 2395 1443
f 1312 1496 1485
f 2408 1485 1496
f 2395 2452 1443
f 1724 2452 2395
f 1782 1370 204
f 1724 565 2452
f 2395 1725 2077
f 2214 1829 727
f 538 536 2122
f 2239 2204 2203
f 2370 197 2483
f 604 1074 596
f 596 1073 2035
f 1297 1633 23
f 1727 771 688
f 1750 521 173
f 1052 1053 1054
f 216 1474 167
f 651 167 1474
f 1332 630 1741
f 778 816 1067
f 986 1880 212
f 2199 1960 735
f 760 538 778
f 536 538 1765
f 1075 1080 2446
f 172 764 1696
f 1067 2207 2461
f 179 175 2463
f 2454 2211 1895
f 2485 2199 2472
f 1705 769 1694
f 980 1342 33
f 1074 786 1073
f 1056 1758 2038
f 1706 778 715
f 764 172 1069
f 2036 2211 521
f 1069 179 783
f 711 729 1758
f 2455 709 748
f 2071 748 709
f 2071 709 2092
f 103 1119 2156
f 748 2071 647
f 769 630 1332
f 1993 1751 2076
f 2212 2036 1716
f 815 810 214
f 832 1332 1754
f 2455 2214 727
f 2410 1088 683
f 2500 2485 2472
f 2038 1087 671
f 715 1088 1707
f 2390 1903 2418
f 1962 653 168
f 1970 188 746
f 1620 2231 984
f 1034 1754 1687
f 1325 1324 1792
f 1765 2482 2499
f 1965 1097 653
f 796 1691 191
f 683 170 1305
f 2499 587 2078
f 465 2399 173
f 33 24 1761
f 680 679 1731
f 1033 812 1056
f 1688 204 1037
f 1497 656 1743
f 639 591 1494
f 1725 2395 2314
f 2276 1782 859
f 2080 2383 2399
f 2087 812 2200
f 2201 244 2286
f 545 1285 1699
f 1686 647 1963
f 1963 2066 1686
f 869 622 1017
f 1137 162 1122
f 847 862 861
f 2185 2229 2125
f 2100 2399 2379
f 2185 1020 2169
f 2400 811 2376
f 1124 405 359
f 2375 2393 1507
f 1498 2386 2206
f 614 602 1728
f 255 1945 2020
f 613 1798 225
f 1498 2206 575
f 148 329 1893
f 1000 1010 2044
f 1734 231 1669
f 1712 1702 1726
f 2131 2252 2149
f 2138 2380 1262
f 2252 1115 2149
f 1177 721 722
f 2010 975 28
f 943 892 1524
f 1518 1517 1737
f 1708 1739 1997
f 1158 474 471
f 750 1220 749
f 1517 1763 1737
f 2195 2021 2338
f 1999 484 2331
f 2094 2141 936
f 1761 24 2236
f 262 1590 1775
f 575 2344 132
f 722 1532 1533
f 2345 2289 2302
f 1480 623 970
f 2047 1524 985
f 244 2112 2286
f 147 904 144
f 2340 1845 2011
f 2281 1700 160
f 147 1162 1756
f 2217 2218 482
f 534 967 218
f 2198 226 1911
f 2289 2218 2217
f 1144 2110 268
f 485 438 2026
f 2089 1989 317
f 1180 1179 318
f 152 337 2277
f 2271 2215 2287
f 315 2089 317
f 2257 201 919
f 507 1844 710
f 1040 916 893
f 1044 924 910
f 201 1655 195
f 1203 1206 1204
f 1989 2190 317
f 1188 315 1189
f 911 713 1954
f 2287 1677 2260
f 337 1689 2093
f 437 2277 983
f 1757 4 165
f 298 1143 1216
f 906 507 2506
f 2216 2129 323
f 968 2112 2250
f 1764 1761 1749
f 1755 856 2352
f 2014 2182 1785
f 1266 124 1192
f 923 1216 1648
f 2476 2425 906
f 112 1785 1804
f 1675 927 1756
f 1932 193 874
f 1995 1666 1736
f 1447 1856 747
f 2172 2497 1438
f 1736 3 1995
f 123 2001 109
f 1295 981 7
f 2190 2097 1772
f 2001 1276 109
f 406 874 193
f 406 193 479
f 2131 2149 2260
f 1987 1267 2145
f 1290 1247 19
f 1078 1926 863
f 1638 2131 1777
f 2000 2010 1785
f 109 110 2102
f 1987 2145 973
f 258 2246 259
f 2231 1768 169
f 2000 975 2010
f 1078 864 409
f 2145 2103 973
f 6 2236 1298
f 822 1079 1867
f 2144 1787 2008
f 2008 12 2144
f 1289 19 321
f 1783 1580 1801
f 1629 1142 1578
f 550 1644 1617
f 567 1336 568
f 1784 1783 1801
f 2477 2496 2225
f 1066 820 1611
f 820 849 171
f 1966 1167 1788
f 1003 1340 1284
f 2182 1804 1785
f 1145 1286 1612
f 1606 1246 1299
f 980 33 1761
f 1983 997 116
f 86 38 1768
f 1796 989 100
f 897 682 2404
f 1797 1802 1302
f 374 1933 806
f 1314 989 2016
f 2471 2480 2468
f 1284 1604 1003
f 2481 800 2478
f 1588 1809 1612
f 2432 1944 1618
f 2056 795 813
f 1974 74 2235
f 1602 1307 1338
f 797 1744 798
f 1813 1814 1023
f 2235 1246 1606
f 1110 1113 1816
f 2056 2135 795
f 1288 237 1289
f 814 1300 2056
f 1575 1818 1817
f 1 1761 2236
f 1620 1786 43
f 2168 101 2155
f 2134 2196 163
f 1573 1360 776
f 1615 74 2273
f 308 1400 37
f 37 1400 86
f 1886 1909 781
f 1530 1023 1352
f 141 804 2451
f 1377 322 703
f 346 1556 2018
f 385 69 324
f 278 792 2433
f 88 454 431
f 47 358 1356
f 161 155 1890
f 293 1418 404
f 1525 1536 60
f 386 1419 2275
f 12 1985 2151
f 2416 799 2430
f 1103 344 325
f 2406 2438 1270
f 2275 1419 1435
f 1349 1956 2292
f 793 2436 823
f 1580 1242 1996
f 1643 2296 2040
f 1572 43 1102
f 47 303 71
f 322 1568 1499
f 1281 2438 2406
f 2278 1416 2293
f 2274 2288 2297
f 1173 2056 2414
f 395 1943 1568
f 1552 2420 742
f 411 1478 2285
f 57 1049 1478
f 1320 1291 1306
f 670 2415 822
f 754 1183 670
f 334 1951 1442
f 377 1432 1433
f 1908 1150 716
f 1439 386 387
f 2396 2432 2407
f 241 1513 73
f 1729 1766 134
f 1435 2311 2291
f 1451 1440 1855
f 2301 2297 65
f 740 667 737
f 2326 2299 1022
f 1173 2414 2392
f 18 426 1851
f 995 1022 1437
f 666 1185 2046
f 685 1161 1177
f 1461 1928 1562
f 1396 2329 1899
f 1439 1431 1430
f 466 467 234
f 1421 1476 990
f 996 2113 1868
f 553 2297 2221
f 1450 1685 494
f 937 2419 2413
f 693 1191 694
f 1539 712 2423
f 2317 2311 2336
f 475 269 445
f 2292 2341 2321
f 1901 897 2404
f 459 458 1334
f 2330 2334 1956
f 2402 858 2384
f 1391 1466 26
f 65 553 2085
f 1236 1164 1235
f 1877 1171 106
f 1879 517 478
f 1422 1334 1421
f 1919 91 1865
f 2072 1186 2385
f 5 2031 1873
f 1358 1015 51
f 1208 95 1540
f 2390 619 1903
f 673 649 585
f 17 1948 2351
f 1794 1529 1248
f 1681 1690 540
f 1690 2327 540
f 1471 2042 542
f 1684 2365 2343
f 2341 2334 287
f 2189 1231 1252
f 2329 627 2334
f 2373 619 2390
f 2369 1223 628
f 633 1260 634
f 2357 2373 548
f 2188 2368 1344
f 499 2369 606
f 556 589 557
f 1260 290 108
f 559 1304 1217
f 1544 95 1022
f 2392 650 1173
f 2210 2361 2312
f 1506 1505 598
f 1519 593 2158
f 981 1295 992
f 593 1794 1313
f 1329 592 1250
f 525 616 580
f 616 579 580
f 108 1917 547
f 1223 1917 1222
f 2353 257 2366
f 1506 598 1531
f 1217 2158 593
f 1794 593 1539
f 1803 1225 1226
f 2378 1520 2350
f 624 659 597
f 1313 2351 1217
f 570 1887 573
f 2335 2359 2210
f 560 1803 2188
f 1891 1252 1231
f 946 1252 1891
f 525 580 524
f 135 1248 663
f 2043 650 1464
f 1244 1309 477
f 2392 629 626
f 1218 1519 2158
f 659 692 597
f 2394 2402 2384
f 1223 1240 628
f 1510 645 618
f 889 706 620
f 125 207 1894
f 582 92 1470
f 937 2413 2191
f 1473 105 2114
f 1347 1348 1918
f 1472 548 1918
f 560 1344 98
f 562 541 547
f 1373 562 2356
f 1473 2346 105
f 1872 492 1207
f 672 697 745
f 2421 2334 882
f 2334 627 882
f 1207 492 494
f 134 1766 696
f 682 2137 2404
f 2248 28 2241
f 1870 1382 2039
f 2420 1552 1715
f 823 2436 2139
f 1472 1334 2357
f 1219 2418 712
f 2429 329 136
f 524 544 504
f 858 166 2389
f 1165 2431 2065
f 2154 1878 2113
f 2113 1878 1397
f 2402 2416 2430
f 2160 2416 2422
f 2065 2431 2419
f 1779 980 1764
f 858 2430 1268
f 1183 754 704
f 1565 2431 1165
f 767 1156 1161
f 2322 501 970
f 2417 2409 2032
f 2194 278 2433
f 1387 88 2328
f 1148 351 1166
f 1941 2434 1130
f 1681 27 1690
f 1600 40 1604
f 1095 758 1619
f 1767 2048 1282
f 964 1243 1783
f 2450 2438 1281
f 1874 2421 882
f 774 773 1147
f 92 2050 81
f 1334 1422 1423
f 2327 1690 2298
f 2439 2459 2440
f 882 809 1874
f 2154 2113 996
f 1111 1585 1589
f 781 1092 1886
f 2315 2316 2223
f 2090 2457 2442
f 1936 442 1458
f 2121 1126 1268
f 2451 1944 2432
f 1944 2451 804
f 814 2056 813
f 1125 2306 27
f 277 2068 374
f 2478 2462 803
f 451 1462 2086
f 2317 2298 2284
f 2086 1462 407
f 2121 1924 1101
f 1478 411 995
f 1245 1246 1570
f 1849 239 379
f 2068 1921 2054
f 830 2197 842
f 1039 1855 1440
f 2467 714 2488
f 1452 2024 1146
f 1090 440 835
f 838 836 440
f 1949 1469 1833
f 2024 1860 1146
f 65 2085 52
f 2459 2226 2475
f 2085 429 52
f 444 1082 726
f 1986 1988 208
f 2488 2501 2492
f 47 76 358
f 1450 411 2285
f 2492 724 2491
f 1957 1504 931
f 181 898 196
f 420 1032 1425
f 176 898 181
f 1416 442 2293
f 385 1839 1457
f 2304 1839 383
f 1022 382 1437
f 841 1065 300
f 2016 989 1940
f 350 1851 373
f 854 1048 1447
f 360 1516 1475
f 201 2484 883
f 731 1637 894
f 1491 1450 2285
f 731 1632 1637
f 2290 63 2283
f 489 1935 187
f 1914 1029 2425
f 2425 1029 906
f 1631 723 1937
f 2269 2284 2295
f 1041 1060 925
f 906 1844 507
f 2144 78 1599
f 1018 1036 1035
f 1846 1654 2352
f 1662 915 961
f 530 526 1024
f 218 944 993
f 59 330 331
f 2162 660 919
f 1955 284 1418
f 961 1830 1662
f 696 695 1213
f 694 1213 695
f 1202 1198 1213
f 1385 294 1392
f 1418 58 1955
f 2159 2175 2088
f 313 1545 1368
f 936 530 1862
f 43 931 932
f 1403 643 1745
f 936 1279 2094
f 1673 982 1832
f 2204 348 2203
f 1862 1389 564
f 700 1524 892
f 632 609 133
f 523 632 133
f 145 128 232
f 335 237 353
f 905 1639 68
f 481 901 68
f 1102 312 311
f 1084 50 1100
f 2230 2240 2279
f 53 306 34
f 1386 230 1810
f 311 312 1786
f 622 614 1374
f 2167 2200 2130
f 2202 2166 590
f 873 590 2166
f 613 581 1436
f 877 848 857
f 615 219 1728
f 1020 1367 2169
f 840 2200 812
f 688 1906 1727
f 688 1679 1906
f 581 1363 1436
f 828 1727 866
f 1436 1363 1725
f 869 1017 825
f 2370 869 825
f 1366 776 1365
f 1782 204 816
f 1905 1045 2333
f 1902 1805 1724
f 2370 825 197
f 1691 1905 202
f 1338 1362 1587
f 1974 2264 2270
f 1940 2104 852
f 2148 2019 1967
f 1034 832 1754
f 87 1940 1760
f 1605 1601 1005
f 2495 2489 1990
f 1372 1809 1588
f 1990 2463 1752
f 2182 2263 1971
f 2216 112 2129
f 2252 2243 2256
f 1615 2235 74
f 709 2455 2466
f 1088 715 2456
f 1297 665 983
f 2441 760 1706
f 533 2035 188
f 1823 1378 2014
f 2015 989 1796
f 1807 2104 989
f 1320 1998 2110
f 1306 82 1320
f 1675 1258 927
f 1155 34 997
f 2103 1338 1307
f 1612 1967 1976
f 2153 1812 2151
f 2240 1762 315
f 513 512 1963
f 1306 2012 1330
f 1971 1606 1299
f 2411 1123 2214
f 1314 2249 2155
f 2249 1314 1975
f 1787 1317 1625
f 1696 631 172
f 1965 488 1096
f 1970 533 188
f 315 2279 2240
f 1302 2146 1142
f 1099 1705 630
f 1825 1485 1740
f 1825 1312 1485
f 441 1094 2075
f 2232 1550 1316
f 1144 1320 2110
f 2016 36 1110
f 1485 638 755
f 2237 2245 2248
f 785 1711 1722
f 2232 2230 2147
f 1792 2147 1237
f 248 251 1741
f 1310 343 1970
f 262 1775 1143
f 2411 2354 1123
f 608 607 1127
f 2201 2377 2003
f 2230 1237 2147
f 247 251 248
f 1494 591 1116
f 2393 2375 651
f 2345 2387 1686
f 2000 2242 2241
f 97 1299 2238
f 650 1220 1195
f 1245 1299 1246
f 1137 1122 2082
f 1713 2118 533
f 1507 2348 2375
f 2379 2383 506
f 1735 375 1138
f 575 2206 2344
f 1 6 2254
f 506 505 2379
f 1113 1969 1972
f 484 2379 505
f 1508 2340 2355
f 244 2003 2377
f 2096 1557 1564
f 1138 1708 1153
f 1739 2138 1262
f 115 134 696
f 1845 2061 2140
f 1702 372 338
f 103 2156 1214
f 1980 275 2109
f 153 1526 1227
f 123 109 2097
f 2237 2242 2217
f 2289 2345 2218
f 1868 1397 1869
f 1840 453 89
f 2177 2250 245
f 2254 1232 1204
f 2251 1628 2234
f 1227 1526 1994
f 123 2097 2190
f 2017 2089 1188
f 2287 2260 2271
f 1168 366 370
f 560 966 1803
f 2208 2209 1190
f 2140 2253 1238
f 117 1992 1996
f 2318 276 165
f 1991 2286 968
f 416 1995 132
f 548 2390 1219
f 394 1179 1181
f 1179 2192 318
f 759 1087 2037
f 1178 2281 1769
f 1670 1557 332
f 1593 1369 1594
f 1593 1813 1369
f 372 371 480
f 860 1189 1756
f 535 1991 1209
f 1603 332 1854
f 1675 1756 1762
f 147 1756 904
f 2011 1238 1670
f 2115 2340 2011
f 1154 1160 1199
f 2089 2017 1997
f 1243 2004 1242
f 2208 2313 1262
f 1262 2313 1739
f 2261 1609 2234
f 2246 258 1194
f 413 318 443
f 9 2205 3
f 6 1777 1659
f 2242 2000 909
f 1947 1462 1424
f 482 153 1227
f 968 1645 1991
f 2355 2340 2115
f 1984 1291 1981
f 1296 23 2093
f 2093 23 1633
f 6 1298 1777
f 2009 319 2348
f 1840 2009 2348
f 1966 1326 1167
f 315 317 2279
f 1792 1982 1144
f 1266 1311 298
f 2355 2115 2021
f 1976 2103 2145
f 2398 1715 641
f 1950 1946 1355
f 1789 1273 1880
f 1843 1617 1613
f 1286 1588 1612
f 1978 457 424
f 2147 1550 2232
f 640 637 686
f 412 1978 247
f 2010 1823 2014
f 1967 2019 2103
f 1813 1593 1319
f 28 1823 2010
f 1322 1324 1325
f 2380 2138 1138
f 476 149 563
f 1666 1995 2300
f 1592 1975 1110
f 997 34 1746
f 980 1534 355
f 258 2183 316
f 1880 986 48
f 1812 1628 304
f 2082 414 1137
f 1969 1346 1579
f 1172 139 35
f 48 333 1880
f 997 1746 992
f 1815 1005 1525
f 1127 511 476
f 1834 2255 1003
f 677 594 1198
f 1818 87 1817
f 314 2263 2014
f 2014 2263 2182
f 1584 62 1966
f 1369 1023 1530
f 2220 52 28
f 132 1995 3
f 291 1567 1366
f 1998 1583 1377
f 2022 1815 1525
f 1735 509 600
f 2343 494 1685
f 1822 1368 1594
f 41 2150 391
f 306 1049 1826
f 595 151 596
f 2274 2219 2266
f 2219 65 52
f 2100 1106 2399
f 335 353 379
f 1842 330 59
f 1482 1039 1541
f 527 2066 1963
f 57 382 1834
f 2080 1135 506
f 52 429 368
f 1523 389 383
f 2273 2283 63
f 379 236 335
f 1412 1407 1521
f 1643 1125 2296
f 2297 2219 2274
f 853 870 177
f 1495 1408 354
f 772 2100 1888
f 2293 442 2222
f 1947 404 407
f 345 455 1133
f 423 70 285
f 162 727 1829
f 415 389 1523
f 442 1416 1950
f 407 286 70
f 1172 35 2174
f 173 1106 772
f 35 2006 273
f 2424 1820 1701
f 1499 1444 466
f 2317 2327 2298
f 75 76 83
f 1889 2426 2075
f 473 77 46
f 438 1434 2026
f 15 1861 429
f 429 2085 15
f 1740 2070 1710
f 494 2084 1450
f 2328 88 1469
f 2309 991 1919
f 2034 425 2143
f 2118 2035 533
f 1088 2410 1707
f 1464 421 531
f 2317 2336 2327
f 2455 748 2214
f 1710 1960 2076
f 1373 1405 1430
f 2335 2312 2303
f 1391 261 2111
f 15 525 94
f 683 2456 719
f 2456 2461 719
f 2199 1080 1075
f 746 771 1310
f 1332 1331 1754
f 15 553 552
f 2315 1930 2349
f 1895 2091 1959
f 1931 562 1373
f 2069 2437 1474
f 1928 2363 1404
f 904 1666 2300
f 542 1920 1878
f 1373 2356 1353
f 1872 2041 1479
f 1354 1599 1356
f 802 2466 1959
f 2037 2038 2033
f 1918 1922 1347
f 1445 542 2154
f 2209 2002 1190
f 5 626 1527
f 2329 1396 528
f 1293 522 978
f 22 582 1481
f 1470 1481 582
f 2040 2274 2266
f 578 1912 2114
f 1474 751 2069
f 1799 2343 1795
f 1207 2371 1872
f 296 295 1002
f 1684 2363 2365
f 114 1225 966
f 2211 2490 2091
f 183 2482 1765
f 2405 1332 832
f 2405 769 1332
f 1353 1223 2369
f 2490 802 2091
f 2364 2360 2191
f 617 946 1800
f 1514 655 2039
f 1691 202 1718
f 257 2353 2073
f 1207 1235 2371
f 548 1218 1918
f 1720 1455 2490
f 640 122 1912
f 2499 2482 587
f 2045 1916 1900
f 1263 676 1528
f 1263 121 676
f 2043 1220 650
f 1037 2504 2500
f 2191 2401 2364
f 2077 1725 198
f 1916 2371 733
f 1542 1226 1225
f 1223 143 1240
f 2139 2415 670
f 581 1045 1363
f 2388 287 2382
f 1177 1185 666
f 833 1021 646
f 750 1195 1220
f 2479 2078 1728
f 1205 1490 740
f 2394 2364 2422
f 2401 2422 2364
f 2112 242 245
f 2378 2412 2409
f 257 851 141
f 1443 1021 2125
f 1020 1021 1370
f 2185 2125 1020
f 587 1017 1374
f 72 1084 2148
f 1186 839 2391
f 2194 2433 142
f 859 219 615
f 743 1560 1182
f 848 2333 857
f 1579 1346 1548
f 1542 2136 1226
f 2276 615 2169
f 1569 1571 1186
f 1340 2255 311
f 311 1786 1340
f 1386 225 2229
f 2006 1158 273
f 148 1892 1161
f 1773 1901 2137
f 2423 2062 1539
f 879 622 2063
f 1132 1139 888
f 876 1007 1824
f 117 2004 319
f 876 1824 460
f 2418 829 826
f 584 452 99
f 1773 1151 1136
f 136 174 2057
f 700 583 611
f 583 700 892
f 2442 164 2090
f 789 1744 1766
f 2160 799 2416
f 994 1389 551
f 823 1581 793
f 1677 2287 1692
f 2434 1081 1105
f 2176 2318 165
f 1883 788 1076
f 1747 642 926
f 1822 313 1368
f 1101 166 1126
f 953 945 1763
f 945 1737 1763
f 1964 1958 1876
f 2440 2470 2445
f 994 962 965
f 1098 2048 787
f 2432 1618 2226
f 1862 530 951
f 551 951 950
f 1882 798 444
f 2005 1896 1393
f 1345 2203 348
f 1660 2060 979
f 2477 800 2481
f 1867 430 1117
f 2481 2480 2471
f 1393 1896 2152
f 2088 2161 2094
f 2469 2488 2471
f 2458 2477 2225
f 1610 171 849
f 658 2128 998
f 2471 2492 2481
f 2366 2396 2378
f 2134 2025 1091
f 1014 2047 985
f 1014 985 955
f 813 795 1926
f 1654 2161 1653
f 902 301 1650
f 2225 883 2484
f 915 1011 961
f 2228 2175 2227
f 1911 918 2127
f 2487 906 2506
f 1009 209 710
f 298 1216 1184
f 487 2484 201
f 2074 1026 1652
f 865 1850 2502
f 725 1357 907
f 489 734 1047
f 710 209 1954
f 1024 899 1019
f 1935 489 922
f 2126 1046 880
f 2352 1058 1755
f 963 2162 2323
f 2227 1635 1636
f 257 2396 2366
f 1058 723 1057
f 1635 2227 2159
f 856 1846 2352
f 1019 1656 530
f 1911 1393 918
f 710 2506 507
f 710 714 2498
f 940 993 987
f 2095 546 1410
f 546 1018 1410
f 1926 2132 863
f 2161 2175 1653
f 928 916 958
f 1357 845 881
f 1664 543 1403
f 976 231 2108
f 957 1737 945
f 962 551 660
f 1279 609 2094
f 1734 229 231
f 994 965 1745
f 1876 1958 1678
f 855 837 725
f 128 609 1279
f 495 883 2496
f 1354 1356 357
f 1517 1518 948
f 948 1518 700
f 2475 1914 2425
f 199 523 133
f 452 436 99
f 436 93 99
f 68 93 481
f 380 460 1824
f 176 487 1068
f 444 726 2497
f 68 901 903
f 872 842 2124
f 1175 614 586
f 614 1224 602
f 614 1175 1224
f 1798 613 1436
f 2063 869 866
f 880 871 844
f 2229 225 1798
f 558 129 672
f 1997 2313 1989
f 1021 1443 646
f 2165 1679 688
f 2487 2498 2467
f 334 1383 1351
f 2068 2054 1933
f 1072 1944 1108
f 1904 1455 1720
f 1092 835 1611
f 298 1184 151
f 1720 2490 2212
f 1192 298 1742
f 671 1052 1778
f 144 904 416
f 188 688 189
f 1805 2092 709
f 2207 1688 2486
f 2459 2476 2440
f 1503 1887 1790
f 1454 191 1718
f 2481 2478 2480
f 1248 126 1913
f 267 266 1468
f 818 799 1885
f 2207 2486 2446
f 2486 2472 2446
f 799 1130 1885
f 1882 797 798
f 2445 2470 2224
f 1086 1087 759
f 2038 1758 729
f 678 752 2033
f 806 1131 2449
f 1591 1108 804
f 1087 1709 1694
f 1993 1960 2199
f 2199 735 1080
f 1756 1162 860
f 826 829 2447
f 2437 1061 2444
f 2460 299 1157
f 1883 809 882
f 2163 1825 2076
f 1882 774 775
f 2428 2454 1714
f 488 735 2070
f 1707 2027 1706
f 2433 792 1141
f 1097 1965 1096
f 794 163 2196
f 1112 1731 711
f 678 679 680
f 1468 266 2427
f 757 2427 266
f 180 178 1711
f 1303 1094 441
f 2443 1151 1558
f 1169 156 280
f 2023 408 216
f 1938 2062 2423
f 417 2027 384
f 281 765 1282
f 2030 2449 2136
f 1496 1303 1719
f 2393 2424 1507
f 1132 692 1282
f 1305 600 1730
f 1901 1773 2420
f 741 156 1274
f 1169 720 1274
f 608 563 150
f 2400 2376 1508
f 756 1182 745
f 1268 166 858
f 1581 2388 2382
f 1509 1978 424
f 1089 1008 1567
f 359 2174 273
f 1733 2380 1138
f 1185 146 1170
f 1726 1702 338
f 742 143 2403
f 738 2137 1535
f 1713 533 152
f 739 158 1186
f 1973 1840 1507
f 2072 739 1186
f 2354 2374 2013
f 696 1766 693
f 509 1138 1683
f 147 144 496
f 1173 650 1195
f 474 2193 476
f 428 321 1704
f 1240 143 1256
f 2324 2325 2339
f 2397 1907 1542
f 2174 363 1172
f 2406 690 1529
f 634 635 641
f 629 2414 2072
f 2347 2247 244
f 676 675 1528
f 1158 418 474
f 2378 2396 2407
f 2385 1186 1795
f 641 1891 1231
f 1930 2045 2073
f 2189 1252 1894
f 126 1894 1252
f 318 413 1180
f 2367 2384 858
f 661 624 623
f 1168 370 2331
f 1293 882 2120
f 645 1520 2378
f 206 89 453
f 1214 2282 1227
f 610 1293 2120
f 676 121 594
f 2217 909 2289
f 946 635 1259
f 2260 1677 1232
f 2176 165 2253
f 89 1992 2294
f 624 597 91
f 1918 1218 2158
f 2349 1930 2073
f 315 1762 1189
f 115 616 525
f 2329 528 627
f 243 2177 245
f 2369 628 606
f 1194 1193 2246
f 1987 1276 2001
f 574 1388 1239
f 317 2190 1233
f 2188 1803 2057
f 1759 1243 1676
f 539 114 966
f 1803 966 1225
f 1672 1769 2281
f 971 554 1881
f 1985 165 4
f 971 626 5
f 1996 89 1780
f 1917 562 547
f 1031 1897 1643
f 568 553 2367
f 1764 1194 1779
f 1327 2369 499
f 1500 1376 555
f 549 483 1500
f 1207 2343 1799
f 960 2157 1988
f 2261 21 1609
f 1344 623 1480
f 1365 291 1366
f 1771 1781 113
f 1925 539 966
f 1873 2079 554
f 2129 112 97
f 6 1 2236
f 1298 1638 1777
f 2233 1155 2240
f 1258 1155 1983
f 529 2142 978
f 1622 1566 2153
f 2350 2337 2353
f 1289 321 1255
f 1427 2350 977
f 1622 2151 1985
f 2010 2014 1785
f 1791 2101 2146
f 1804 97 112
f 499 1405 1927
f 2131 1638 2243
f 1796 1791 2146
f 2102 1307 1616
f 2280 2263 314
f 1128 1129 1638
f 2102 1616 1977
f 2045 1211 1916
f 2241 2237 2248
f 2243 2252 2131
f 20 2155 2249
f 1155 1316 34
f 2316 2315 2349
f 2146 1302 2015
f 537 1391 2111
f 2085 553 15
f 149 476 2193
f 1335 19 1289
f 1311 2018 1143
f 2249 1975 1806
f 2133 2234 1628
f 1031 2269 1897
f 1684 1685 1404
f 1296 1326 1811
f 97 1804 1971
f 259 1315 2183
f 1340 1003 2255
f 500 1948 2029
f 2259 1129 1624
f 1446 1405 2332
f 2258 1974 1606
f 91 83 1939
f 1330 82 1306
f 1998 1377 268
f 1089 1015 1008
f 2138 1739 1708
f 1590 1828 2244
f 353 237 1288
f 1567 1008 1366
f 2084 494 492
f 2311 2332 2336
f 1316 1835 34
f 1550 1835 1316
f 1607 2022 82
f 1051 1071 1398
f 1819 932 1821
f 1596 2272 852
f 1760 1492 1574
f 308 37 1821
f 1615 2273 2099
f 2150 41 1315
f 41 316 2183
f 1861 94 1467
f 1457 2029 1399
f 1835 53 34
f 2219 52 2220
f 1100 1338 1084
f 18 1851 469
f 1857 2029 1457
f 533 343 1698
f 1504 308 1821
f 1698 343 338
f 358 357 1356
f 386 2275 1342
f 322 1377 1583
f 2288 2274 2040
f 1416 1946 1950
f 1537 61 378
f 382 1022 1834
f 1022 2255 1834
f 1521 1556 346
f 2222 2290 2270
f 2374 2302 2013
f 1952 1349 2292
f 387 386 1342
f 402 504 1417
f 303 304 71
f 260 464 1848
f 400 49 46
f 272 1501 1502
f 1483 1487 1838
f 254 1052 1054
f 2219 2301 65
f 1417 1946 1416
f 368 429 1467
f 1450 1491 2106
f 426 373 1851
f 2345 2302 2374
f 308 1549 1429
f 1513 2150 1563
f 396 60 1434
f 398 1434 60
f 1469 431 1483
f 2306 2295 2298
f 2150 1513 81
f 1559 1857 389
f 2284 2291 2317
f 1482 1855 1039
f 2316 1957 2223
f 1957 2319 1504
f 455 1543 1133
f 8 515 1543
f 1572 2326 2315
f 459 1440 1451
f 1396 1899 2305
f 472 454 88
f 425 1486 1427
f 414 2082 336
f 1597 334 1482
f 1022 995 1544
f 60 396 2022
f 2284 2298 2295
f 1460 1936 1394
f 339 2024 313
f 458 1364 1334
f 346 434 1521
f 1936 224 1394
f 399 60 1536
f 2296 2288 2040
f 458 486 1364
f 346 345 1413
f 1262 2381 2372
f 1458 1355 1875
f 1643 1897 1125
f 2280 314 367
f 516 223 498
f 92 1466 1470
f 1373 1927 1405
f 369 336 2082
f 221 98 1344
f 1491 1835 1406
f 1049 57 2262
f 1465 1473 2114
f 2337 2319 2353
f 2359 2308 1681
f 1953 395 1583
f 310 309 1375
f 1344 1480 501
f 1828 1408 2244
f 1925 98 2083
f 2083 1465 1925
f 1927 1353 1327
f 1928 104 1527
f 160 2209 2372
f 2265 54 2284
f 51 45 289
f 1349 1350 1956
f 1538 1899 1350
f 2361 107 2312
f 1353 2369 1327
f 1550 1406 1835
f 1481 537 22
f 2043 1464 531
f 2221 2367 553
f 1953 1583 82
f 1998 82 1583
f 708 776 1107
f 650 2079 1464
f 977 532 2143
f 2259 2275 1435
f 2346 577 31
f 1388 472 1387
f 1110 1831 1456
f 1388 571 1239
f 2158 1217 1304
f 2114 1912 114
f 2263 2280 1971
f 2264 2278 2270
f 2350 2366 2378
f 1522 1265 1484
f 1484 1265 22
f 1049 2262 40
f 1049 40 295
f 238 1289 237
f 610 528 1293
f 342 1837 1487
f 592 574 1250
f 2045 1930 1211
f 307 1949 1833
f 2139 2341 823
f 1952 1949 307
f 2266 2220 1134
f 1527 629 2072
f 2098 1818 1575
f 1174 1171 140
f 2394 2359 2364
f 1887 888 1790
f 1292 716 1293
f 717 1253 1215
f 493 618 1910
f 2388 823 2341
f 1352 1814 39
f 696 616 115
f 1231 2189 1212
f 633 1715 127
f 493 2179 486
f 2173 2117 2195
f 2213 2173 2195
f 1596 852 2104
f 986 38 48
f 1330 1607 82
f 1607 2012 1815
f 1005 1815 29
f 629 2392 2414
f 619 1910 1903
f 1215 706 736
f 2018 1555 262
f 2396 257 141
f 2016 1110 1975
f 741 720 677
f 1552 742 290
f 1320 82 1998
f 2391 762 1236
f 722 1533 1185
f 2153 2133 1628
f 2432 2396 141
f 297 327 1900
f 707 691 1909
f 158 1569 1186
f 992 1295 116
f 749 1221 782
f 25 1593 1595
f 155 161 730
f 853 1619 850
f 1616 1307 1602
f 2419 2434 2413
f 37 86 2231
f 1542 2030 2136
f 1542 1141 2030
f 1195 750 777
f 2420 352 742
f 1983 1155 997
f 758 850 1619
f 2420 1136 352
f 2412 2432 2439
f 1435 54 2259
f 2235 1606 1974
f 2442 2431 164
f 2445 2447 2032
f 2151 2144 12
f 1150 1908 171
f 2449 1131 2429
f 2144 1317 1787
f 1909 1187 781
f 2149 1115 103
f 2160 1130 799
f 986 1768 38
f 777 2135 1173
f 2067 791 762
f 762 791 1120
f 808 1093 777
f 1144 1291 1320
f 2241 975 2000
f 2058 2458 2090
f 1308 800 779
f 1585 820 1908
f 981 9 7
f 1944 804 1108
f 1738 2464 2468
f 1776 2235 21
f 1590 2244 2267
f 2467 2469 2224
f 1775 1590 2267
f 2237 2241 2242
f 777 177 2135
f 1712 2023 491
f 2177 2203 2250
f 824 299 830
f 163 2025 2134
f 2239 2203 2177
f 2457 176 1081
f 2474 176 2457
f 1988 1986 2007
f 1776 1646 2235
f 2345 2374 2387
f 1769 1269 974
f 2238 2129 97
f 409 865 2025
f 2425 2476 2459
f 1618 1914 2475
f 1077 1863 1874
f 2225 2496 883
f 894 854 432
f 1267 1178 1769
f 1987 2002 1267
f 2244 2239 2267
f 1463 1251 3
f 2217 2242 909
f 917 2494 1621
f 208 1854 2096
f 1243 1199 2004
f 193 1647 479
f 1757 1566 1622
f 1762 1258 1675
f 2245 2237 2282
f 1954 713 710
f 1463 3 1736
f 2352 1415 1058
f 1047 1841 922
f 927 1258 1736
f 1059 887 1012
f 1415 1937 723
f 1495 354 348
f 1326 1689 1201
f 2198 2127 1850
f 263 1199 120
f 1013 1014 920
f 1014 955 1027
f 1013 920 1006
f 912 526 2141
f 2152 648 1026
f 1730 2386 1305
f 2247 2177 244
f 2257 919 950
f 2095 1410 2128
f 165 1985 2253
f 1676 1196 1759
f 66 67 1064
f 953 952 2005
f 370 1241 2261
f 953 1763 952
f 1763 1747 952
f 2271 1994 1526
f 1678 609 632
f 232 1896 761
f 948 642 1517
f 2006 1206 1158
f 642 1459 926
f 921 642 948
f 1176 1203 1692
f 643 55 994
f 365 1241 370
f 921 948 700
f 700 611 921
f 583 523 611
f 1859 2002 2209
f 99 93 14
f 14 460 380
f 1227 1994 1214
f 696 693 695
f 120 1759 263
f 694 695 693
f 2115 1670 1748
f 615 875 891
f 2063 622 869
f 2400 2100 811
f 2087 2200 2167
f 1436 1725 1798
f 866 869 828
f 1367 1370 1782
f 1374 2078 587
f 274 868 867
f 2087 805 812
f 931 43 1957
f 859 1782 219
f 1194 1697 1193
f 2123 840 671
f 403 359 405
f 2078 2479 2499
f 2140 2318 2176
f 1227 2282 482
f 2495 1902 2077
f 2503 2473 2504
f 1840 2294 2009
f 2077 198 2495
f 1739 2313 1997
f 2331 505 1168
f 1153 1997 2017
f 1264 1168 505
f 711 1758 784
f 505 2331 484
f 2463 1990 2489
f 2211 2091 1895
f 1845 2340 2061
f 1765 760 183
f 491 356 1712
f 796 1069 783
f 2037 2033 752
f 1400 308 1429
f 2037 752 759
f 457 1978 412
f 512 2071 2092
f 2466 2455 727
f 2473 1993 2199
f 2348 1507 1840
f 1716 1751 1993
f 424 1697 1509
f 465 2454 2428
f 2027 2441 1706
f 384 453 1973
f 453 384 575
f 2071 513 647
f 1993 2076 1960
f 363 1509 1697
f 2036 521 1750
f 1331 684 519
f 1820 183 1701
f 147 1730 1162
f 656 512 1752
f 1895 732 1714
f 1332 1741 1331
f 1094 2163 2075
f 1751 1889 2075
f 147 496 1730
f 1686 153 482
f 2201 2286 535
f 1112 1184 1731
f 711 1731 679
f 1963 512 656
f 49 50 66
f 359 471 1124
f 653 1096 1494
f 233 408 1310
f 2428 1714 2080
f 576 1709 662
f 510 511 1723
f 1721 1303 441
f 1485 2408 1114
f 1721 1508 2117
f 1523 1039 415
f 168 1735 600
f 2386 2410 1305
f 1471 542 2050
f 433 678 680
f 2408 2081 1114
f 1888 2400 1721
f 2100 2400 1888
f 1709 428 1705
f 248 630 1704
f 1124 785 1722
f 785 1497 1743
f 2173 1721 2117
f 1719 1721 2173
f 1353 1927 1373
f 1106 2100 772
f 2424 1701 1507
f 167 651 2375
f 2080 506 2383
f 160 1693 2081
f 1114 1968 638
f 1730 600 1703
f 1285 591 1699
f 2386 1730 496
f 2213 2339 1719
f 486 2179 102
f 1364 486 102
f 755 638 636
f 1154 491 159
f 2082 1122 369
f 150 563 149
f 2348 319 2375
f 488 639 1096
f 1138 2138 1708
f 1741 684 1331
f 2372 2208 1262
f 433 2247 2347
f 244 2377 2347
f 1264 505 1135
f 2171 405 1696
f 2214 748 2411
f 1965 653 2446
f 2454 1895 1714
f 443 318 1264
f 294 1512 1392
f 144 416 2344
f 336 1181 413
f 1692 2215 150
f 1152 1692 150
f 1999 275 1980
f 132 2344 416
f 1959 727 732
f 149 2193 1692
f 149 1692 1152
f 1199 263 1154
f 2115 1748 2021
f 364 1168 318
f 2472 2199 1075
f 61 1103 360
f 535 576 662
f 1692 2287 2215
f 2325 939 381
f 939 2325 2324
f 465 2211 2454
f 2277 437 152
f 2069 2483 2437
f 2267 2247 433
f 760 778 1706
f 2359 2335 2308
f 1641 1634 365
f 1197 1200 372
f 1179 1641 2192
f 1193 457 1884
f 771 1062 751
f 1757 165 276
f 2004 117 1996
f 1805 709 2466
f 2279 317 1234
f 2500 2472 2486
f 1566 1866 2133
f 1884 2246 1193
f 2473 2485 2504
f 1756 1189 1762
f 2165 688 188
f 538 816 778
f 1667 1641 2129
f 1641 1179 2129
f 103 1214 1994
f 337 2093 1633
f 417 384 1973
f 1230 1854 208
f 1720 2212 2493
f 89 1996 1992
f 2493 1904 1720
f 1805 565 1724
f 1913 1915 22
f 1326 1201 1167
f 1485 1114 638
f 2230 1234 1237
f 1063 825 587
f 89 2205 1283
f 1283 1780 89
f 532 1520 1510
f 974 1145 1267
f 2181 109 1276
f 219 536 2479
f 1021 1037 1370
f 2230 2232 2240
f 2276 1367 1782
f 1254 1781 1771
f 2238 1299 1245
f 1987 973 1276
f 974 1793 1145
f 974 1269 1793
f 1780 1340 1580
f 268 1792 1144
f 1284 1340 1780
f 1566 2133 2153
f 1115 1119 103
f 1788 1789 1966
f 890 613 1010
f 866 900 879
f 2256 2243 1638
f 992 296 981
f 1639 1945 435
f 1000 230 380
f 1625 1813 1319
f 1972 1808 1113
f 1440 415 1039
f 1318 1340 1786
f 588 584 99
f 76 47 71
f 2256 1129 2265
f 1592 1110 1816
f 2262 1003 40
f 14 588 99
f 1119 1115 1643
f 1814 1352 1023
f 1624 2184 2259
f 611 523 199
f 2251 1615 2099
f 801 145 761
f 801 1459 145
f 314 2014 1378
f 55 564 994
f 1575 1349 2098
f 1547 1746 34
f 1547 296 1746
f 642 921 1459
f 1380 1818 2098
f 86 1400 48
f 1601 1537 1536
f 1005 1601 1525
f 1492 886 1350
f 66 1084 72
f 1747 2005 952
f 1597 1541 62
f 78 303 47
f 44 1354 357
f 1876 972 1964
f 979 2060 935
f 2060 955 935
f 1836 1958 1964
f 2273 63 2099
f 1071 44 1398
f 226 953 1911
f 945 953 226
f 957 945 226
f 1530 1661 313
f 2284 2269 2265
f 1836 2159 1958
f 2171 403 405
f 2283 2270 2290
f 228 2047 1013
f 1342 355 387
f 2178 965 962
f 1847 1409 41
f 399 1537 378
f 1049 2285 1478
f 1837 1838 1487
f 1312 1825 1094
f 304 63 71
f 2152 918 1393
f 1831 342 2187
f 260 1848 434
f 1492 1249 886
f 1545 313 2024
f 1489 61 360
f 361 293 404
f 959 993 944
f 210 912 2141
f 205 1001 947
f 1957 1572 2223
f 1026 648 1652
f 234 1406 330
f 1435 1419 1446
f 2257 1656 1655
f 340 2107 463
f 1009 954 1001
f 1947 1488 404
f 912 1024 526
f 1419 1439 1446
f 2162 687 2323
f 1428 1943 395
f 1844 1009 710
f 2198 1911 2127
f 1244 1257 1309
f 2336 499 2358
f 63 2309 1865
f 431 454 1487
f 1059 1012 1060
f 1060 1012 925
f 265 1432 451
f 32 434 347
f 1038 1657 1640
f 459 1423 415
f 77 473 439
f 405 631 1696
f 2316 2310 1957
f 2297 2312 2320
f 265 451 2028
f 1428 1434 438
f 553 1336 552
f 1442 2034 468
f 2111 1448 32
f 2322 991 447
f 2118 596 2035
f 195 487 201
f 264 485 2026
f 1325 268 1323
f 2334 2341 2292
f 2497 1631 1438
f 485 264 2031
f 1875 1936 1458
f 683 1962 170
f 1399 8 455
f 2498 2506 710
f 1068 487 195
f 1936 1875 222
f 450 2079 490
f 221 2083 98
f 516 2083 221
f 2316 2349 2310
f 1543 537 2111
f 734 489 872
f 1470 1466 1390
f 107 2221 2320
f 1543 515 537
f 2328 571 1387
f 1399 566 8
f 2357 548 1472
f 753 181 196
f 15 552 605
f 2341 2328 2342
f 2488 714 2501
f 1684 1404 2363
f 2357 1334 102
f 856 818 1083
f 2353 2366 2350
f 1484 566 1522
f 836 841 1852
f 1211 1930 1540
f 2079 650 1881
f 2349 2073 2310
f 1304 1918 2158
f 2365 1795 2343
f 540 621 561
f 2358 606 621
f 1076 834 1610
f 2042 617 1800
f 1874 809 1077
f 2041 1916 1479
f 606 628 621
f 787 827 406
f 1457 455 385
f 672 673 558
f 2367 2221 107
f 2492 2471 2488
f 946 1259 601
f 1800 946 601
f 1510 618 532
f 447 2309 2290
f 1130 1105 753
f 1885 1130 753
f 2467 2488 2469
f 1608 2067 1091
f 1799 1795 1236
f 1098 1070 817
f 1531 598 1263
f 561 621 937
f 1795 2391 1236
f 2385 2363 2072
f 2210 2394 2361
f 1081 182 1105
f 650 2392 1881
f 2424 2437 2444
f 655 1514 1503
f 2464 2471 2468
f 2469 2471 2464
f 568 2389 190
f 799 818 2121
f 2440 2476 2470
f 1894 126 125
f 690 663 1529
f 114 1907 2397
f 1111 1886 1092
f 1894 1212 2189
f 397 1108 1591
f 1164 733 2371
f 571 2328 670
f 2362 670 2328
f 2453 803 2462
f 142 1907 114
f 282 694 1191
f 1256 2065 937
f 1539 2062 1529
f 2434 2457 1081
f 799 2121 1268
f 374 1141 792
f 806 2030 374
f 2450 1738 803
f 2042 1471 617
f 540 561 1681
f 645 2417 618
f 1493 148 685
f 2030 806 2449
f 2120 882 627
f 754 1598 1117
f 882 1293 1883
f 1212 2137 682
f 858 2402 2430
f 2137 1212 1535
f 995 411 2084
f 1738 1938 826
f 158 1300 794
f 2196 2134 1571
f 57 1478 995
f 2413 2434 1941
f 517 1879 558
f 851 327 297
f 521 465 173
f 2435 2418 1903
f 1938 1281 2062
f 351 1148 773
f 351 278 2194
f 157 143 742
f 96 572 585
f 655 1210 889
f 2445 2032 2440
f 2412 2439 2409
f 2310 2319 1957
f 2432 141 2451
f 2433 1141 1907
f 1565 1140 164
f 2076 1825 1710
f 804 141 851
f 888 692 1132
f 1166 1147 1148
f 1886 736 706
f 2435 2417 2032
f 2226 2439 2432
f 1886 706 1909
f 2194 1166 351
f 730 161 156
f 2056 739 2414
f 1717 2171 1753
f 158 2056 1300
f 1163 763 1591
f 2429 1131 329
f 839 762 2391
f 2419 2442 2434
f 2307 1936 2322
f 2401 1941 2160
f 2453 1308 1136
f 1166 2194 122
f 388 163 794
f 241 1441 1849
f 797 1882 775
f 1901 2404 2137
f 690 1270 738
f 653 1962 2446
f 2414 739 2072
f 779 800 2058
f 2453 2462 1308
f 2464 1738 826
f 2468 803 1738
f 2462 800 1308
f 1120 397 763
f 2465 2474 2457
f 787 406 1098
f 2484 2465 2458
f 1120 844 397
f 809 1883 1077
f 1093 177 777
f 177 795 2135
f 2062 2406 1529
f 2065 1256 1165
f 1205 292 1490
f 2476 2487 2470
f 409 2025 163
f 1552 290 127
f 2382 2334 2421
f 1466 81 1513
f 2391 1795 1186
f 2398 1901 1715
f 1611 835 1066
f 1921 2172 2054
f 142 114 1912
f 1231 897 641
f 897 1231 682
f 1210 655 1503
f 1539 593 1519
f 753 196 1083
f 1803 136 2057
f 878 2052 449
f 2474 2484 487
f 2505 917 1621
f 946 641 635
f 1438 874 2172
f 1510 1520 645
f 2501 724 2492
f 1222 1917 290
f 1632 1867 1079
f 2055 1038 1055
f 2107 1449 463
f 568 2367 2389
f 854 893 1048
f 300 1065 725
f 723 726 1057
f 1252 946 617
f 114 2397 1225
f 724 2501 713
f 713 495 724
f 898 503 196
f 134 605 190
f 2373 102 619
f 2332 2311 1435
f 1527 2072 2363
f 1446 2332 1435
f 1259 1260 601
f 710 713 714
f 2367 107 2384
f 2057 174 2368
f 620 2039 655
f 2461 1962 719
f 2228 1636 1631
f 1799 1235 1207
f 2164 1046 2126
f 1654 1649 1415
f 1415 2352 1654
f 1046 2268 681
f 1471 582 617
f 1636 2228 2227
f 577 579 594
f 2164 2268 1046
f 508 1640 1658
f 1658 301 508
f 1653 1937 1415
f 915 1662 1410
f 919 687 2162
f 226 2198 1650
f 31 1277 105
f 640 578 1277
f 977 1520 532
f 2356 1223 1353
f 2357 102 2373
f 657 998 1662
f 1800 1920 2042
f 233 216 217
f 982 1673 658
f 1896 648 2152
f 2360 1681 561
f 2359 2360 2364
f 543 648 1401
f 643 1403 543
f 544 577 2
f 1669 231 1663
f 1389 951 551
f 1862 951 1389
f 1527 2363 1928
f 1747 801 2005
f 525 15 605
f 941 1876 892
f 264 1433 265
f 145 1459 199
f 2353 2310 2073
f 583 664 523
f 515 1484 537
f 264 2026 377
f 128 145 133
f 1224 1175 93
f 903 2130 905
f 1544 1211 1540
f 1386 895 588
f 614 622 586
f 227 1386 2185
f 2169 615 891
f 613 877 857
f 1007 876 861
f 559 500 1347
f 861 862 1007
f 971 5 554
f 1367 2276 2169
f 1391 537 1481
f 873 1680 861
f 873 2166 1680
f 566 1399 17
f 1390 1391 1470
f 1374 1728 2078
f 541 1931 1869
f 2312 107 2320
f 1017 587 825
f 646 569 833
f 2297 553 65
f 840 2123 2020
f 522 1396 978
f 1421 1334 1472
f 2452 565 646
f 2483 1061 2437
f 542 1878 2154
f 1724 2395 2077
f 1724 2077 1902
f 2504 569 2503
f 771 1727 828
f 1381 1382 1871
f 1754 519 790
f 819 2489 1363
f 2309 1919 1865
f 1455 565 802
f 2321 2342 1853
f 1394 501 2322
f 1399 2029 17
f 1454 1718 202
f 2211 2212 2490
f 1063 2482 1061
f 1445 2050 542
f 1454 1753 1696
f 1453 1146 461
f 2212 1716 2493
f 2212 2211 2036
f 194 188 2035
f 557 1929 556
f 2091 802 1959
f 1444 438 467
f 27 1681 2308
f 1061 2483 197
f 2303 2308 2335

