# https://github.com/mikedh/trimesh
v -0.08444524 -0.13620183 0.11002746
v -0.16087936 0.06882717 -0.08708056
v -0.08011790 0.18692180 0.01577200
v -0.07325068 -0.22494266 0.09222742
v -0.07340418 0.18300457 0.01733917
v -0.15873562 0.06536132 -0.09117162
v -0.00394216 -0.13399088 -0.11231955
v -0.15553120 -0.13715205 -0.09536215
v -0.12930056 0.10820075 0.11089411
v -0.16298431 0.01959852 -0.08063650
v -0.14806551 -0.13578634 -0.10347368
v 0.13458066 0.20526814 0.04414922
v -0.13258008 0.20310626 0.09143994
v -0.16327826 0.10990465 -0.07514733
v -0.11445661 0.06549075 0.11110250
v -0.16121143 -0.02107544 -0.08736480
v -0.10724779 -0.22927940 -0.08872927
v -0.11613288 -0.23105633 -0.08500277
v -0.15058641 -0.20115831 -0.07772259
v -0.15872097 -0.13660948 -0.09168043
v -0.13614892 -0.18215292 -0.10141884
v -0.01216282 0.18719409 -0.01464144
v 0.15685935 0.10744147 0.09511220
v 0.16222196 0.02189678 0.08831586
v 0.13941056 0.00032116 0.10950487
v 0.07743295 -0.21808064 -0.00145812
v -0.03710972 -0.13487236 0.11022731
v 0.16249375 -0.01844486 0.08755460
v 0.16076189 -0.04522619 0.09056945
v 0.14321051 -0.02138826 0.10701540
v -0.00207786 0.22188973 -0.00969350
v 0.13153418 0.20216997 0.04291671
v 0.02916588 -0.22272635 0.05470818
v 0.15693482 0.20557716 0.02454973
v 0.15160929 0.20412433 0.03188263
v 0.13106036 0.20471141 0.04380256
v 0.13427836 0.23104625 0.04259323
v 0.11382800 0.14689640 -0.10628420
v 0.14082656 -0.04249839 0.10844356
v -0.08743563 0.21681368 0.01608028
v 0.13056839 -0.02917985 0.11161813
v 0.11276289 -0.22897096 -0.01765384
v 0.14623853 0.23002846 0.03207005
v 0.15436337 -0.19577539 -0.07022394
v 0.16457071 -0.10018407 0.08119467
v 0.13420500 0.20150235 0.04282321
v 0.15404381 0.14693855 0.09244547
v 0.15621171 0.22824943 0.00892012
v 0.15635380 0.21131260 0.01305020
v 0.16522983 -0.09998902 0.07589819
v -0.07217812 -0.18824978 -0.10306945
v 0.13180032 -0.07668433 0.11152866
v 0.15983793 -0.16326721 -0.07736038
v 0.15950710 0.16285166 0.01474031
v 0.04170422 -0.23084583 0.08415412
v 0.16037186 0.11996198 0.09066780
v 0.03951641 0.20153382 -0.01958921
v 0.12684811 0.20327501 0.05707539
v 0.15707500 0.12639130 0.09454900
v 0.05718895 0.20272808 -0.04367761
v 0.15980999 0.12896237 0.09074132
v 0.06672871 0.20221808 -0.05328825
v -0.05451930 0.19900100 0.08890070
v 0.14570035 0.20172555 0.03516175
v 0.13103749 -0.23014791 -0.01086710
v 0.16533267 -0.10560789 -0.07873676
v 0.01924391 0.21821883 0.00667624
v 0.02448330 0.20700686 0.00338925
v 0.01528831 0.22237084 0.00855969
v 0.16069586 0.16479180 -0.00241453
v 0.14125544 -0.22753518 -0.04237894
v 0.16140361 -0.05432658 -0.08891865
v 0.03707735 0.20265069 0.00252280
v 0.03742820 0.22127230 -0.00430330
v 0.04108565 0.21184990 -0.00109690
v 0.03773481 0.21508975 -0.00406846
v 0.04932920 0.21729319 -0.01753626
v -0.10793535 -0.09210345 -0.11367373
v 0.03804528 0.21449170 -0.00614253
v 0.03608549 0.20746567 -0.00173391
v 0.03684660 0.21122539 -0.00587240
v 0.15639567 0.18191679 -0.02143442
v 0.04480605 0.21063185 -0.01098956
v 0.16279116 -0.03581339 -0.08670835
v 0.12690380 -0.22755711 0.00191824
v -0.10693423 -0.23058839 -0.06706325
v 0.04443567 0.22895186 -0.01139390
v 0.04124644 0.20940692 0.00301482
v 0.02665725 0.12492685 0.11420389
v -0.12689780 -0.13616235 0.11017810
v -0.00119927 -0.13588867 0.11050787
v 0.13401580 -0.22991841 0.01342210
v 0.01298716 0.19985089 0.05262830
v 0.12216430 0.18681910 0.10286185
v 0.01726442 0.20100799 0.04933952
v 0.14681886 0.13272398 0.10356708
v 0.15971899 0.08323075 -0.09108165
v 0.04588070 0.21090369 0.01947275
v 0.14920541 -0.21943038 -0.00024487
v 0.16394238 0.12720462 -0.04369163
v 0.12006600 -0.22352631 0.09388665
v 0.15854590 0.14159690 -0.08736890
v 0.04702890 0.21309454 0.02368269
v -0.13961489 -0.04025563 0.10785167
v 0.12941722 0.20291917 -0.05253719
v 0.09695535 -0.13336025 -0.11150185
v -0.11158656 0.05863432 -0.11365697
v 0.10713359 -0.23092947 0.06617091
v 0.06058911 0.20402124 0.04995166
v 0.04267954 0.20407827 0.02675368
v 0.16579113 0.03424942 -0.07649099
v 0.10627036 0.21220069 -0.06004619
v 0.03648680 0.20168848 0.01290740
v 0.09813720 0.20349715 -0.05730170
v 0.09407898 0.21188998 -0.05661287
v 0.14037420 0.17497200 -0.09716150
v 0.10943969 -0.13489580 0.11213740
v 0.03584210 0.20840626 0.00331285
v 0.15361357 0.19206809 -0.02614188
v 0.03639263 0.20123909 -0.00168530
v 0.07659053 0.23032093 0.05329028
v 0.06830094 0.22711575 -0.04743915
v 0.15583071 0.20979118 -0.02358310
v 0.11417992 -0.22851291 0.00913310
v 0.15009370 -0.21214011 0.07146350
v 0.15427647 0.19950819 -0.02194282
v 0.03785020 0.20286529 -0.00349740
v 0.07222407 0.21167367 -0.05050402
v 0.07276441 0.21993861 -0.05086268
v 0.07554924 0.22197037 -0.05552382
v 0.07355698 0.21697092 -0.05462320
v 0.07450032 0.22552810 -0.05196317
v 0.15947084 0.16314563 -0.01267429
v 0.13486429 0.13832883 -0.10783283
v 0.03768880 0.20714304 -0.00749375
v 0.08410640 0.22328660 0.06003699
v 0.05295854 0.21035337 -0.03466791
v -0.13346304 -0.09607838 0.10981841
v 0.00620234 0.20540273 0.00589913
v -0.16045820 0.09158160 0.08902427
v 0.15968450 -0.15268979 0.08364412
v 0.14385781 -0.00484261 -0.10643082
v 0.07747512 0.19821937 0.09386708
v -0.08172555 -0.23109450 0.08337710
v 0.15693274 -0.17147422 -0.08091062
v -0.08201060 0.19052151 0.01783992
v 0.10320120 -0.22273409 -0.00696670
v 0.00139121 0.20738399 0.00528876
v -0.08293525 0.21244409 0.01014505
v 0.16099946 0.20802660 -0.00097668
v 0.11694924 0.20211399 0.06378903
v 0.12887610 0.20461960 0.04951160
v 0.12918284 0.20108981 0.04722566
v 0.13258220 0.20257499 0.04711165
v 0.13921323 0.20349753 0.03939002
v 0.16344584 -0.08182893 0.08543153
v 0.16553221 -0.05678167 0.07231520
v 0.14785928 0.21613758 0.03384424
v 0.14915240 0.20947521 0.03285360
v 0.15364698 0.21103630 0.02162181
v 0.15339715 0.20944638 0.02417823
v 0.10088719 -0.22203872 -0.00974489
v 0.14944859 0.20965872 0.03757327
v 0.14658599 0.20969315 0.04095653
v 0.14446779 0.21031260 0.04014810
v 0.14771129 0.22355676 0.03493801
v 0.14689889 0.19949183 0.03737389
v 0.00519475 0.18752235 -0.01373055
v 0.14511970 -0.10228765 -0.10605395
v 0.16424264 0.03009040 0.08354262
v 0.14174259 0.02870128 0.10848864
v 0.14207170 -0.07756617 -0.10783466
v -0.14498326 -0.06782608 0.10461531
v 0.15826710 0.03102861 0.09370542
v 0.16487318 0.07858101 0.06839454
v -0.08941690 0.21921575 0.02666897
v -0.02882513 0.22402208 0.00865350
v -0.16157420 -0.13668040 -0.08693090
v 0.13676666 -0.07699718 -0.11001558
v -0.12702465 -0.16118170 0.10637021
v -0.15086201 -0.18830570 -0.08385497
v -0.12922791 -0.17892643 0.10288843
v -0.14293878 -0.08577738 -0.10848610
v 0.16043932 0.20910020 0.00659449
v -0.15660883 -0.17459511 -0.07438402
v -0.14721991 -0.18219215 -0.09069790
v 0.13988993 -0.10600582 -0.10905311
v 0.03152720 -0.22969573 -0.06829354
v -0.03462100 0.19130148 0.00391419
v -0.02920590 0.20737889 0.00690900
v -0.03341941 0.20464101 0.00396796
v -0.02550490 0.20282695 0.00272068
v -0.13963598 -0.05673818 -0.11059002
v 0.12971452 -0.13356315 -0.11119249
v -0.14355588 0.05762463 -0.10774423
v -0.12822586 -0.05749978 -0.11372496
v -0.16078634 0.03234282 -0.08780924
v 0.10906872 -0.23073828 -0.06517743
v -0.06617254 0.22384853 0.00789111
v -0.09211859 -0.13305105 0.11017532
v -0.13298697 0.19257603 0.09720450
v -0.08187091 0.12792764 -0.11355199
v -0.13889103 -0.15293607 0.10444573
v -0.10521177 -0.04653903 0.10795171
v -0.12748024 0.12803766 -0.11312580
v -0.13957512 0.01922904 0.10770524
v -0.16141247 -0.10262012 -0.08795998
v -0.04820578 -0.13510524 -0.11283505
v -0.06088055 -0.22973866 -0.06742009
v -0.13408048 -0.05370660 0.10966781
v -0.04222360 0.19716884 -0.06178249
v -0.08233510 0.19060785 -0.01775055
v -0.08408577 0.19337989 -0.01568410
v -0.16295035 0.11801505 0.08450770
v 0.02607884 -0.22461357 -0.09397942
v -0.13556879 -0.11537803 0.10944661
v -0.15958754 -0.13165020 -0.09125884
v 0.00757798 -0.21956573 -0.02177147
v -0.14066050 -0.08181575 0.10746151
v -0.03869218 0.19888388 -0.06730705
v -0.00747630 -0.21911037 -0.01099279
v -0.10223820 0.22518070 -0.02853680
v -0.14065735 -0.22763746 0.04606810
v 0.05689873 -0.13526289 -0.11168799
v -0.13595355 -0.23009405 0.04957443
v -0.12032460 0.22072673 -0.07346478
v -0.16552628 0.04916703 0.07610557
v -0.13662636 -0.20827885 0.09224184
v 0.16504084 0.07488198 0.07722173
v -0.16580365 -0.02262297 0.07092999
v -0.02299045 -0.22869134 -0.06597805
v 0.14581280 0.12687330 0.10572900
v -0.13014745 -0.22575061 0.08580340
v -0.10966910 -0.22932048 0.05010706
v -0.16541681 -0.08588560 0.07607158
v 0.16298001 0.12901827 0.08468208
v 0.16314040 0.12593009 0.08532250
v -0.02005185 -0.22806067 -0.09065015
v -0.12207245 0.22483206 -0.06012228
v -0.04229194 -0.22031252 -0.02919880
v 0.01857534 -0.22834449 -0.06537095
v 0.15988803 0.01449779 0.09184008
v -0.12601998 0.22548864 -0.02181586
v -0.14290799 0.21796460 -0.00487840
v -0.14632530 0.21385653 -0.00745357
v -0.13036023 -0.23150575 0.05620806
v -0.13179830 -0.20525520 0.09646210
v -0.16080425 -0.03783563 0.08868664
v 0.08980332 -0.15467291 -0.10863825
v -0.16268042 -0.08563296 0.08542280
v -0.00969812 0.13146129 -0.11288395
v -0.10780578 -0.22600353 0.00649211
v 0.15879356 0.14504642 0.08657112
v 0.08632220 -0.22621830 -0.09157130
v 0.01805677 0.07258989 -0.11266426
v -0.05677990 -0.22973995 0.08659718
v -0.05071481 -0.21834691 -0.09859752
v -0.05792673 -0.21506617 -0.10012348
v -0.08335537 0.21606486 -0.01153910
v 0.00638532 0.12570683 -0.11325010
v -0.16606139 -0.13399147 -0.00528875
v 0.15332530 0.17070245 0.08561090
v -0.10454234 -0.22834177 0.08796456
v -0.04174940 0.20336671 -0.00352730
v 0.03409616 -0.22001936 -0.02416722
v -0.14383082 0.21502125 0.06350963
v 0.04384328 -0.22032397 -0.02884989
v -0.13300442 0.00186340 0.10972116
v -0.13938580 0.22043920 -0.05216015
v 0.13011340 0.12169087 0.11251633
v -0.06727628 0.20884178 -0.00952706
v -0.06094177 0.19305165 -0.00914360
v -0.07120932 0.20536623 -0.00976739
v -0.06079274 0.20113950 -0.00684330
v -0.14026973 0.07204788 0.10781329
v -0.03927557 -0.22823317 0.08922096
v -0.15828745 0.12307442 -0.09130393
v -0.06624565 0.22354064 -0.00888468
v -0.04859858 0.18405910 -0.02221780
v 0.13057600 0.19493203 0.09697886
v 0.09082515 -0.15209062 -0.10935673
v -0.04614345 0.20120900 0.00088717
v -0.16537189 -0.13499272 -0.03893351
v 0.14735852 0.17421639 0.09182580
v -0.08288106 -0.21234772 -0.10101366
v 0.11787090 -0.21874900 -0.09670910
v -0.05028120 0.22188532 -0.01005932
v -0.10525255 -0.19638245 -0.10403140
v -0.16343379 -0.03385696 -0.07879714
v -0.11736780 -0.20940220 -0.10181860
v -0.05124671 0.19138103 0.00522271
v -0.04649690 0.20068250 -0.00182400
v -0.15616201 -0.06750468 -0.09503583
v -0.15980828 -0.05576153 -0.09038806
v -0.02847675 0.18453560 -0.02203320
v -0.03993339 0.20601752 -0.00676150
v -0.16343687 -0.10133373 -0.08165721
v -0.14020296 -0.13405945 -0.11025863
v 0.05593957 -0.21988158 -0.00980322
v -0.02695000 0.20492880 -0.00653250
v -0.02653275 0.20270877 -0.00413716
v -0.03326667 0.20392122 -0.00356471
v -0.03648499 0.22476325 0.00479773
v 0.16058922 0.07511044 0.09101437
v 0.12958738 0.09188435 0.11242062
v 0.15911595 -0.02154637 0.09219940
v 0.16520668 0.00197965 0.08006576
v 0.14913030 0.20604794 0.03926375
v 0.14415361 0.20816548 0.04466859
v 0.14464315 -0.13452895 -0.10628425
v 0.12201951 0.21294165 0.05906570
v 0.12424575 0.22213495 0.05801483
v -0.16465964 0.12662464 0.01131963
v -0.01681224 0.22121797 0.01027256
v 0.13371835 -0.00475938 -0.11039559
v 0.00846883 0.19579216 -0.01247634
v 0.14332995 0.20216906 0.03217675
v 0.14819026 0.20521894 0.02475141
v -0.16012715 -0.13918101 0.08737507
v 0.14435195 0.20394578 0.03210523
v -0.06033863 0.06185325 0.10952684
v -0.00192449 0.22222841 0.01021445
v -0.16482396 0.12703503 0.03509631
v 0.13733810 0.02351088 -0.10943419
v 0.07948922 0.12467160 0.11373960
v 0.10419140 -0.12208176 -0.11124828
v 0.13054230 0.10042039 -0.11017849
v 0.14228232 0.04021740 -0.10725417
v 0.16067826 0.17978846 0.00706713
v 0.15665023 0.22765338 -0.00353861
v 0.10419916 0.20900869 0.06371735
v 0.10094558 0.21121054 0.06043417
v 0.09582617 0.21197035 0.06030095
v 0.13079535 0.13843478 -0.10850559
v 0.15977830 0.20814800 -0.01324720
v 0.14179792 0.13076540 0.10790845
v 0.06142844 0.20443304 -0.04747010
v 0.07155177 0.20333838 -0.05410143
v -0.12192960 0.22333145 -0.06650960
v 0.01318636 0.19942623 0.01300575
v 0.02793603 0.20264671 0.00085501
v 0.12894440 -0.21277571 0.09756400
v -0.04041344 0.12601880 0.11369306
v 0.03818780 0.20955422 -0.00206757
v 0.14464155 0.13912115 -0.10277605
v 0.14258760 0.23054230 -0.03210030
v 0.14656084 0.20868506 -0.03857702
v 0.04322937 0.23017445 0.00865640
v 0.13653080 0.22550890 -0.04306750
v 0.16302384 0.10879245 -0.08585488
v -0.16557138 -0.00139751 0.07745591
v 0.04401962 0.20778222 0.02510030
v -0.00918324 0.20000565 0.08593011
v -0.16370460 -0.04363579 0.08379463
v -0.04912265 0.19791800 -0.00331635
v 0.14387445 -0.22515540 0.05203395
v 0.16571898 0.04600510 -0.07069919
v -0.16080896 -0.08819248 0.08839079
v 0.04526980 0.22874594 0.02079681
v 0.04606840 0.22504301 0.02529550
v 0.04672670 0.21703930 0.01988987
v 0.13043970 0.21146040 -0.04756180
v 0.05064077 0.20612652 0.03678861
v 0.12879443 -0.23127062 0.03830330
v 0.16537242 0.11517516 -0.07506746
v 0.06851137 -0.13554938 0.11159688
v 0.11470083 0.21087108 -0.05495450
v 0.00013565 0.12769265 0.11399430
v 0.12113645 -0.22677529 0.09067800
v 0.14482653 -0.22445304 0.00934488
v 0.16030164 0.03204015 -0.09032111
v 0.13733619 0.21681955 -0.04286782
v 0.14267530 0.20968194 -0.03746345
v 0.10055186 0.20246854 -0.06112415
v 0.14511788 0.20381091 -0.04239562
v 0.03637200 0.20595341 0.01368820
v 0.14882662 0.12524297 -0.10175315
v 0.04693040 0.21555810 -0.01120900
v 0.04622155 0.22120409 -0.01098240
v 0.04037230 0.21942635 0.00079316
v 0.04410974 0.22615657 -0.01010316
v 0.16215149 0.01755589 -0.08777561
v 0.16548120 -0.13509305 -0.07636855
v 0.05493484 0.21329150 -0.03228801
v 0.05584575 0.21669075 -0.03338430
v 0.06051901 0.21133351 -0.03862179
v 0.10983992 0.18093541 -0.10200628
v -0.07505626 0.19437431 0.09910818
v 0.13925130 0.06451364 -0.10856148
v 0.13608991 0.07949024 -0.10947317
v 0.00477297 0.22317746 0.00795886
v 0.08339740 0.20617390 0.06134859
v -0.16282231 0.00922689 0.08556645
v 0.15617583 0.20225239 -0.01420854
v 0.15392989 0.20180635 -0.01510453
v 0.15401590 0.19963431 -0.01553541
v 0.15208647 0.20486314 -0.00412740
v 0.15179340 0.19958766 -0.00860490
v 0.14485925 0.18928012 0.08949149
v -0.05843961 0.19880915 0.07025560
v 0.15728526 0.20921772 -0.00661379
v 0.15279695 0.19976695 0.00519935
v 0.04059964 -0.15233710 -0.10978687
v 0.15979217 0.20386410 -0.00116725
v 0.16056153 0.20504634 -0.00793582
v 0.13033013 0.01699606 -0.11063944
v 0.12780540 -0.13458790 0.11212111
v 0.00013530 0.22456136 -0.00767320
v 0.09345814 0.21088591 0.06360140
v 0.09909350 0.20992570 0.06176670
v 0.07628255 -0.22294698 -0.05223479
v -0.00146042 0.20636637 -0.00079066
v 0.14058392 0.18490711 0.09554726
v -0.00760300 0.20568490 -0.00530480
v -0.00719630 0.20469329 0.00025135
v -0.01360970 0.20177569 -0.00158660
v 0.11483260 0.21008520 0.05870050
v 0.09060368 0.15654731 -0.10538121
v 0.12133150 0.20958514 0.06027755
v 0.16411275 0.12710063 0.02650866
v 0.00128606 0.18597004 -0.01481937
v 0.11752725 0.22599192 0.05739681
v 0.14323740 0.22001414 0.04028432
v -0.14893665 -0.21899371 0.02212596
v 0.13909770 0.20327740 0.04779195
v 0.14167620 0.20137315 0.04719785
v 0.14373960 0.20291350 0.04296429
v 0.15872030 -0.05064445 0.09312340
v 0.16246194 -0.06290803 0.08777503
v 0.14357260 0.20588050 0.04621620
v 0.15373620 0.20608461 0.03246100
v 0.10200760 0.18907325 0.10215158
v -0.03817255 0.21296206 -0.00998335
v 0.12955933 -0.05803267 -0.11098590
v -0.02410251 -0.19562929 -0.10428647
v 0.14412614 0.06810586 0.10712165
v 0.16269344 0.06480185 0.08729469
v -0.14314493 -0.13603805 -0.10796064
v -0.14144660 -0.21364450 -0.08705125
v -0.16320341 -0.13713495 -0.08020154
v 0.12861820 -0.13692445 -0.11097465
v -0.03635387 0.19245870 -0.00095400
v -0.13234695 0.19538261 -0.09728326
v 0.12416708 -0.18517573 -0.10373355
v -0.11429899 -0.18679134 -0.10496911
v -0.15865014 0.01526672 -0.09165018
v -0.12398225 -0.13593140 -0.11352921
v 0.11103225 -0.08683410 -0.11118920
v -0.16264088 -0.01187989 -0.08314394
v 0.14267670 0.14727170 0.10367532
v -0.12282455 0.22524595 0.05511373
v -0.07972364 0.19861383 0.01622890
v -0.08308687 0.20009425 0.02157373
v -0.16247733 0.07038669 -0.08223640
v -0.08551691 0.20910888 -0.02615376
v -0.09940040 0.22476308 0.01905075
v -0.09384781 -0.19691125 0.10187340
v -0.16014823 0.10534585 -0.08852403
v -0.15900452 0.13802712 -0.08582903
v -0.05078923 -0.22756784 -0.09108870
v -0.11909825 -0.18932238 0.10196438
v -0.13335860 0.18649720 -0.10019780
v -0.13891599 -0.12361110 0.10832351
v -0.08601422 0.21230876 -0.04255283
v -0.14428078 -0.13453348 0.10518773
v -0.07050995 0.19576107 -0.06051310
v 0.01543991 -0.07630264 -0.10913208
v -0.15696515 0.15658324 -0.07969997
v -0.14104873 -0.16395700 0.10029970
v 0.16454540 -0.13495750 0.07932050
v -0.16059934 -0.12973857 0.08841463
v -0.15290326 -0.18279442 0.08159784
v -0.11383045 -0.22909689 0.01212340
v -0.14997724 -0.21574538 0.05444651
v -0.15780824 -0.17482314 0.07152578
v -0.15071260 -0.21560881 0.02272250
v -0.08529435 0.19560785 -0.01775015
v -0.14919858 0.19479218 -0.07793285
v -0.05510452 0.07077990 -0.11307009
v -0.16304148 -0.06391740 -0.08245779
v -0.14052490 -0.22718630 -0.04335538
v -0.16148964 -0.05808244 -0.08720955
v -0.16595848 0.01219797 0.07117269
v 0.04079445 -0.21452866 -0.10015868
v -0.11904273 0.22574224 -0.03133696
v -0.14123620 -0.00909379 -0.10957068
v -0.09375810 0.22246790 -0.05918280
v -0.13789023 -0.22846212 -0.06650161
v 0.13823540 0.18016779 0.09906915
v -0.12249638 -0.22542925 0.08987747
v 0.02577194 -0.23061292 -0.07715893
v -0.14882720 -0.21809261 -0.04129665
v -0.04110815 -0.22080953 0.03580580
v -0.14994895 -0.21030414 -0.07184935
v 0.02183486 -0.21989841 -0.02545250
v -0.13406861 -0.20616179 -0.09682482
v -0.11768745 -0.23122244 0.08222445
v -0.13111346 0.22453330 0.00033849
v -0.16333913 0.05177354 0.08451866
v -0.07476791 0.18898482 -0.03820401
v -0.10163107 -0.21030638 0.09936840
v 0.06774780 -0.21803081 -0.09830630
v -0.09042276 0.22076676 -0.02154199
v -0.07975327 0.20231526 -0.01484024
v 0.13520520 0.20252557 0.05157897
v 0.15294282 0.22968769 0.01880430
v -0.08367917 0.20031579 -0.01948866
v 0.16156573 -0.10425626 0.08886974
v -0.07981450 0.18634638 -0.01977317
v -0.07722380 0.18476371 -0.01989760
v -0.07406355 0.18706115 -0.01632480
v 0.15129050 0.20041790 0.01546790
v 0.15249485 0.20574825 0.01042788
v -0.12650338 -0.09344534 -0.11370785
v -0.15467780 0.16446552 0.08347795
v 0.08139936 0.07214109 0.11332785
v 0.07673776 -0.22966602 -0.08693562
v 0.13503355 0.17940170 0.10121847
v 0.15311308 0.20950100 -0.02573048
v 0.00389008 0.20017819 -0.06970003
v 0.05330660 0.07311290 -0.11234800
v 0.11886545 -0.22812464 -0.08845145
v -0.07852918 0.20704591 0.01122953
v -0.07671490 0.19643079 0.01307313
v -0.07340975 0.20391974 0.00951245
v -0.06668830 0.19524136 0.00758515
v -0.05660552 0.19817311 -0.00660392
v -0.05278911 0.19303950 -0.00784622
v -0.04911800 0.19142095 -0.00784848
v -0.12912776 0.05663456 0.11052448
v 0.13847550 0.20965261 -0.04671941
v 0.13839680 0.21119299 -0.04157940
v -0.13322740 0.21675560 0.07602520
v 0.13768653 0.21748817 -0.04661433
v -0.15071933 0.12745870 -0.09951592
v 0.13726927 0.22366512 -0.04640718
v -0.06602005 0.22197821 0.00962720
v 0.12151270 -0.22322156 -0.09308557
v -0.14566792 0.09757570 -0.10555904
v -0.12604380 0.20260808 0.09391245
v -0.10618789 0.03641987 0.10861439
v -0.16438209 -0.13560988 -0.06637620
v -0.02786020 0.19395200 -0.00023700
v -0.02547480 0.19366800 -0.00443560
v -0.03166510 0.19378915 -0.00349845
v -0.02969463 0.18940065 -0.01088874
v 0.07789121 0.13689389 -0.11020852
v 0.11338069 0.20830412 -0.05938917
v -0.04680385 0.20676670 0.00674080
v -0.02759655 0.22416747 -0.00808133
v 0.11587781 -0.01775489 -0.11133872
v -0.01543001 0.22252736 -0.00964065
v -0.06927400 0.19018590 0.04313325
v -0.13772366 -0.00230513 -0.11150860
v 0.16592842 -0.01620118 -0.06828204
v 0.16411116 0.00749571 -0.08381205
v 0.14951726 0.18800200 0.08439131
v 0.07239335 -0.23110852 0.08512928
v -0.07529215 0.07316852 0.11205983
v 0.16577982 -0.06500337 -0.07457066
v 0.09220625 0.20333586 -0.06014264
v 0.03830518 -0.21533267 0.09928545
v 0.08098915 0.21692801 -0.05374325
v 0.07978354 0.22609742 -0.05366455
v 0.02114978 0.20085897 0.01617717
v -0.01407735 0.20021186 0.06912449
v -0.12681584 0.09080981 -0.11362770
v 0.09572630 0.13120930 -0.10942445
v 0.02743265 0.20202572 0.01020285
v 0.02477313 0.20306699 0.01097124
v 0.08094766 0.20228517 -0.05911543
v 0.08336760 0.20351911 -0.05830827
v 0.00484835 0.18584627 -0.01714553
v 0.06471590 0.22906640 -0.04413160
v 0.00099649 0.19040594 -0.01126481
v 0.07730429 0.20787082 -0.05716821
v 0.05316045 0.19881210 -0.09129087
v 0.14594340 -0.22207789 -0.07083070
v -0.00761270 0.19456940 0.00170690
v -0.00013870 0.19727581 0.00119330
v -0.00486260 0.19607240 -0.00331250
v 0.00692031 0.20013039 -0.00694461
v 0.00133715 0.19643846 -0.00665542
v -0.07257995 0.19732850 0.06475245
v 0.05980088 0.20778892 -0.04667264
v -0.14089197 0.12517940 0.10763570
v 0.05125970 0.20870504 -0.03734451
v 0.05146765 0.20549879 -0.03717155
v -0.13855745 0.10770439 0.10892645
v 0.04576756 0.20195706 -0.03117396
v 0.13826582 -0.01639426 -0.10926270
v -0.00272772 0.21178024 0.00889177
v 0.14620920 -0.05725381 -0.10483909
v -0.06896701 0.19809818 0.08783622
v -0.06908997 0.20356874 0.00778479
v 0.00711050 0.18825030 -0.01824500
v 0.14769595 -0.22174489 -0.03905105
v 0.07785807 -0.23200123 0.07758295
v -0.06647227 0.19698683 0.09456855
v -0.06280258 0.12724957 0.11319389
v 0.14368711 0.09696691 -0.10628912
v 0.04018810 0.20758593 -0.02014184
v 0.04195635 0.20264018 -0.02326033
v 0.06652174 0.21132286 -0.04632966
v 0.06198014 0.20994680 -0.04230466
v 0.07070245 0.21002710 -0.05024745
v 0.07277329 0.20964956 -0.05456253
v 0.15236380 -0.21043451 -0.05102240
v 0.05470394 0.22896845 -0.03413618
v 0.03899991 0.20880978 -0.00888103
v 0.04941582 0.22971365 -0.02462305
v -0.05380710 -0.21286941 0.09962140
v -0.07511729 0.19129575 0.04529366
v -0.04517902 0.18955867 0.00570128
v 0.03648517 0.20411301 0.00926005
v -0.10376400 0.22493579 0.05710490
v -0.01762525 0.21874335 -0.01024595
v -0.14553875 -0.13320290 -0.10630085
v 0.15287333 -0.20996742 -0.00884305
v -0.13635198 0.06302698 0.10935779
v -0.07205448 0.21000793 0.00865201
v -0.11718713 -0.04125428 0.11047255
v -0.08842871 -0.18854210 0.10077832
v -0.13772775 -0.02023680 0.10855327
v 0.16118604 0.12653043 -0.08830364
v -0.14424909 0.01204405 -0.10716666
v 0.11438740 0.22965839 -0.05310690
v 0.12110726 0.20963318 -0.05592625
v 0.12353560 0.21068466 -0.05127649
v -0.16150713 0.11023215 0.08729733
v 0.08502230 -0.22654305 0.09177684
v 0.09070425 -0.23125885 0.08552435
v -0.12180150 -0.20839300 0.09892140
v -0.16512409 0.11412010 0.07487160
v -0.01223238 -0.21985884 -0.02533652
v 0.02565418 -0.16034404 -0.10655386
v 0.11538531 0.23179798 -0.03151545
v 0.13203207 0.22329750 -0.04682071
v -0.11596090 -0.22508850 -0.09355740
v 0.13431845 0.22722764 -0.04475445
v 0.14066873 0.20255704 -0.04422075
v 0.14615213 0.20072088 -0.04439157
v -0.05502740 0.06362140 -0.11075400
v -0.16549059 -0.04571597 0.07683691
v 0.13484410 0.22967560 -0.04237590
v -0.14860040 -0.21026819 0.07710028
v -0.12588557 0.22451994 -0.06097205
v -0.12808118 0.22516050 -0.05361745
v -0.16478060 -0.13703450 0.07596670
v -0.13779901 0.16704164 0.10080067
v 0.15323819 -0.18635856 0.08030204
v 0.10740144 -0.09349613 0.11184430
v -0.13490893 -0.17385014 -0.10426416
v 0.15314490 0.20515451 -0.01130878
v 0.15927740 0.20504949 -0.01515950
v 0.16239988 -0.14802302 0.07638170
v -0.12566803 -0.22745798 0.00133522
v 0.15877426 -0.16450534 0.07826512
v 0.16134911 -0.13647405 0.08823130
v -0.01041754 -0.21285620 -0.10096130
v -0.14032072 0.05907121 -0.11011134
v 0.14666092 0.20351777 0.02404808
v 0.14668268 0.20114021 0.02522919
v 0.15637680 0.21002126 0.01375260
v 0.16008313 0.22304821 0.00797946
v 0.16052953 0.21826482 0.01008116
v 0.16023620 0.20869825 0.01281368
v 0.07491501 0.19577446 0.09750785
v -0.14201335 0.14219480 -0.10482485
v 0.16045350 -0.13288282 0.09027957
v 0.14042157 0.11904762 0.10941830
v 0.15905311 -0.08825192 0.09254332
v 0.12162185 0.22287374 0.05879027
v -0.14031370 0.09312631 -0.11001409
v 0.16150901 0.14236060 0.08022151
v 0.13298380 0.20641146 0.05474405
v 0.14884723 0.22224786 0.03742057
v 0.14692900 0.21326590 0.04014685
v -0.12858385 -0.23152516 -0.05349740
v 0.10812185 0.12809550 0.11302280
v -0.11261352 -0.03348284 0.11003307
v -0.11935980 -0.19624757 -0.10398191
v 0.09343128 -0.08305898 -0.10923610
v -0.16334778 0.03653517 -0.07577699
v 0.13196232 0.16983285 0.10457631
v 0.00441420 0.20032930 -0.00086300
v 0.00736150 0.20419500 -0.00351365
v 0.00342240 0.20528040 0.00060530
v 0.10342126 0.20463195 -0.06025187
v 0.13959309 0.07962216 0.10982938
v 0.05190200 0.21682391 0.03565600
v -0.04964333 0.19711015 0.00047271
v -0.04859985 0.19422445 -0.00314065
v -0.05219455 0.19943461 0.00333527
v -0.04893773 0.19350160 0.00166542
v -0.05141355 0.19828115 -0.00541372
v 0.15469592 0.17362211 0.08115564
v 0.11436696 -0.17242193 -0.10472929
v 0.11725696 -0.18449460 -0.10379857
v 0.11638170 -0.15900126 -0.10694960
v 0.11091180 -0.17823130 -0.10345520
v 0.10004580 -0.18929360 -0.10163020
v -0.08476324 0.22167494 -0.00715972
v -0.07838846 0.22031088 -0.00860535
v -0.07671162 0.21812825 0.00815126
v -0.08206251 0.21720147 0.00885053
v -0.07796412 0.21707962 -0.00978009
v 0.13742678 0.14000244 0.10835408
v -0.08988925 0.22281852 -0.00690060
v -0.08699939 0.22351708 0.00426149
v -0.11180233 -0.08821115 0.11027128
v -0.07822589 0.22216341 0.00650899
v -0.08671930 0.22390406 0.00067070
v -0.06582360 0.21990080 -0.01053270
v 0.14614918 0.10235509 0.10554495
v -0.08504713 0.22162521 0.00750587
v -0.06511010 0.21438038 0.00989157
v 0.14775673 0.19221644 0.08408759
v -0.07206990 0.22439005 0.00433020
v 0.13768226 0.19155896 0.09520105
v -0.06604166 -0.19089196 0.10120451
v -0.13040020 0.22205689 -0.06657185
v -0.14460634 0.21366851 -0.06219023
v -0.14373645 0.20975804 -0.07433336
v -0.13693846 0.21843333 -0.06914489
v -0.14774287 0.20424128 -0.07150238
v -0.12916925 0.21821826 -0.07720750
v -0.14702550 0.20211711 -0.07731570
v -0.11419986 -0.17397027 -0.10567070
v -0.10579464 -0.15509509 -0.11027977
v -0.11171026 -0.17517312 -0.10506568
v -0.09948990 -0.16032400 -0.10727050
v -0.11613699 -0.16189282 -0.10927383
v 0.00730643 0.22473431 0.00377401
v 0.00413051 0.21936555 0.00995592
v -0.10960786 -0.03512448 0.10872394
v 0.01268190 0.22352746 0.00852660
v 0.01346369 0.22403414 0.00539332
v 0.00779939 0.22273510 -0.00194604
v 0.00818532 0.21781464 -0.00417016
v 0.00097042 0.22075126 -0.00898457
v 0.01286107 0.21593375 0.01100065
v 0.00643540 0.21274648 0.00981486
v 0.01461804 0.22068377 0.01015179
v -0.00015671 0.22534318 -0.00110792
v 0.01591800 0.22030799 0.00009455
v 0.00003430 0.22493300 0.00758390
v 0.16440856 0.12673771 0.07998516
v 0.01545871 0.22257240 0.00324229
v 0.00322166 0.20999684 -0.00430741
v -0.14567324 -0.21910017 0.07441891
v -0.14864655 -0.21756051 0.06601230
v -0.14816643 -0.21590047 0.07272313
v -0.14345700 -0.22295008 0.07275235
v -0.14114845 -0.22653701 0.06846064
v -0.14430950 -0.22415209 0.06512940
v -0.14276887 -0.21329467 0.08450668
v -0.15487274 -0.18810945 0.07356752
v -0.15613259 -0.17626873 0.07813512
v -0.16473880 -0.13008093 0.07932360
v -0.16244625 -0.13952031 0.08275654
v -0.13994893 -0.17722366 -0.09949718
v 0.10283450 0.20289207 0.06592597
v -0.16392899 -0.09838701 0.08252302
v 0.15624697 0.20415733 0.02100421
v -0.16466558 -0.05658957 0.08094108
v -0.16469240 -0.01746677 0.08145557
v 0.12590343 0.19830960 0.09385898
v -0.16024182 0.03310394 0.08934540
v -0.16491770 0.05634800 0.07980905
v -0.16076273 0.13072962 0.08628159
v -0.16439523 0.12126124 0.07961610
v -0.16315094 0.12741467 0.08234465
v -0.15538820 -0.12834090 -0.09637710
v -0.16459575 0.12836241 0.07322055
v -0.16027324 0.12373444 0.08852112
v -0.15649745 0.12636968 0.09308398
v -0.13883711 -0.21985102 -0.08547404
v -0.13300591 -0.22444944 -0.08638827
v -0.12575966 -0.22525408 -0.09077781
v -0.12407131 -0.21981671 -0.09630146
v -0.13061656 -0.22112348 -0.09200010
v -0.13215963 -0.21405506 -0.09575225
v -0.16119330 0.12895911 -0.08418365
v -0.16247993 0.12619238 -0.08018215
v 0.12596325 0.20321279 0.04768164
v -0.16100208 0.12436035 -0.08619947
v -0.15859730 0.12886800 -0.09007809
v -0.16263129 0.12050020 -0.08061603
v 0.16035681 0.21037121 0.00797892
v -0.10050620 -0.18968300 -0.10295039
v -0.10782279 -0.04086166 0.10819300
v 0.13492697 -0.13373204 -0.11059848
v 0.14249326 -0.13031121 -0.10785232
v 0.13863425 -0.14295084 -0.10793037
v 0.13941520 -0.16816937 -0.10188520
v 0.10711143 -0.07605752 -0.10930005
v 0.10919120 -0.07119613 -0.10931654
v 0.13931149 0.12336819 -0.10834799
v 0.13404400 0.12454532 -0.10991267
v 0.14046023 0.13720018 -0.10587763
v 0.14398799 0.12286102 -0.10588365
v 0.01391872 -0.23060045 0.08367410
v 0.14611853 0.12821889 -0.10388396
v 0.11410800 0.16235369 -0.10378305
v 0.11190044 0.13627067 -0.10874927
v 0.10133940 0.13149310 -0.10922260
v 0.08910615 0.18179435 -0.10223129
v 0.08559823 0.14437575 -0.10756048
v 0.09953168 0.06102368 -0.10866039
v 0.10391030 0.06624320 -0.10927730
v 0.10869362 0.06148610 -0.10885873
v 0.09872445 0.05266670 -0.10882088
v 0.05413391 0.05765548 -0.10973201
v 0.15712917 0.20918732 -0.01856460
v 0.05858540 0.06699435 -0.11134284
v 0.15441490 0.20991960 -0.01633930
v -0.13236825 0.20316291 -0.09277345
v -0.12978603 0.20972304 -0.08852775
v -0.12225467 0.19838432 -0.09864833
v -0.12508076 0.21014376 -0.08911324
v -0.12366170 0.20283289 -0.09557190
v -0.12802383 0.19814960 -0.09758807
v -0.13210205 0.12501321 -0.11276956
v -0.13732450 0.13014750 -0.11052920
v -0.13050236 0.14225435 -0.11063250
v -0.05007935 0.20215728 -0.00574527
v -0.13880435 0.12473069 -0.11053085
v 0.01192654 0.06175237 -0.11058481
v 0.08618253 0.20254216 0.06522616
v 0.00292783 0.06351880 -0.11037698
v 0.00853234 0.06944314 -0.11244601
v -0.13626348 -0.06718739 -0.11218245
v -0.13383254 -0.08574471 -0.11293285
v 0.15908259 0.18867711 -0.01210748
v 0.14518310 -0.21076746 0.08393295
v -0.10334396 -0.08102655 -0.11186761
v 0.15484241 0.22248008 -0.02333286
v -0.10589060 -0.07041420 -0.11150460
v 0.00265180 -0.15301088 -0.11005753
v -0.04478680 -0.08353583 -0.11060845
v 0.15289150 0.22651961 -0.02104950
v -0.05849332 -0.07974267 -0.11058016
v 0.14430958 0.19408664 0.08667772
v -0.04417340 -0.08148390 -0.11024150
v -0.05353963 -0.08734857 -0.11243056
v 0.07595270 -0.23091035 -0.06890085
v -0.05261403 -0.05656946 -0.11033998
v 0.13844849 -0.22886078 -0.02666254
v 0.13505645 0.19665345 0.09233460
v 0.00343512 -0.08114880 -0.10949558
v 0.01090314 -0.08449512 -0.11003525
v 0.00243730 -0.08434052 -0.10999968
v 0.15302080 0.20760734 -0.03058390
v 0.06297142 -0.08512015 -0.11006267
v 0.06190116 -0.08035575 -0.10888548
v 0.16376853 -0.08819314 -0.08467501
v 0.06375148 -0.07600960 -0.10865670
v 0.15291610 0.18580952 0.07802109
v 0.15070797 0.19162732 0.07908351
v -0.09178450 0.06321468 -0.11122515
v -0.09429469 0.06853111 -0.11296029
v -0.10532250 0.05271605 -0.11152110
v 0.16407036 -0.11115975 -0.08365227
v -0.10846148 0.05434402 -0.11225020
v -0.13211043 0.07344054 -0.11323268
v -0.13600022 0.07157441 -0.11217091
v 0.14918505 -0.21650414 0.06243960
v -0.06368678 0.06518986 -0.11179639
v 0.02158963 0.20808599 0.01018713
v -0.07006492 0.05797060 -0.11086872
v 0.12868823 -0.22166467 -0.09199429
v 0.12819581 -0.21524205 -0.09627902
v 0.12360765 -0.21795895 -0.09642055
v 0.13301580 -0.22401600 -0.08695145
v 0.13384385 -0.21738031 -0.09197380
v 0.12641221 -0.22658365 -0.08827428
v 0.13618751 -0.21962564 -0.08844735
v -0.12983855 -0.22993729 -0.01460835
v -0.13334798 -0.23018887 -0.03523947
v -0.13911825 -0.22698166 -0.00249863
v -0.14036127 -0.22695189 0.00350605
v -0.14388319 -0.22462280 0.00062466
v -0.12508618 -0.23181901 0.07166546
v -0.11745725 -0.23157041 -0.08198789
v -0.07452283 -0.23152249 -0.08392888
v 0.09247656 0.20560460 -0.06026110
v -0.05068691 -0.23123558 -0.08123468
v 0.01640165 -0.23040910 -0.08473080
v 0.07297945 -0.23093309 -0.08429220
v 0.04473275 0.21299338 0.00517942
v 0.06798771 -0.23134255 -0.08045194
v -0.07405143 0.19376810 -0.10037998
v -0.07498342 0.19017135 -0.10371851
v -0.07803112 0.19721808 -0.09485126
v -0.07173741 0.19631774 -0.09533342
v -0.08399393 0.20719426 -0.01932034
v 0.09276994 0.21016865 -0.05749139
v -0.08577895 0.20164988 -0.03935165
v 0.10192667 0.21051035 -0.05793058
v -0.08475779 0.19563961 -0.02344306
v -0.14697278 0.20264695 0.07713150
v -0.14391742 0.20157139 0.08299129
v -0.14028608 0.20997500 0.07933983
v -0.13808645 0.20694594 0.08473800
v -0.13813548 0.20201812 0.08880885
v -0.14617350 0.19438848 0.08445247
v -0.14966062 0.19290978 0.07987803
v 0.11075567 0.20363805 -0.05945529
v -0.09271145 0.21743834 -0.07431090
v -0.09574345 0.22022650 -0.07018181
v 0.04384394 0.21092634 0.00423909
v -0.08973416 0.21604786 -0.07132886
v 0.13211052 0.21177938 -0.04725837
v -0.10100394 0.22269042 -0.06589593
v -0.08930905 0.21926835 -0.05512918
v -0.11599215 0.22185459 0.06855935
v 0.04682007 0.23033047 -0.00701400
v 0.10743207 0.22301426 -0.05923198
v 0.11099850 0.21016290 -0.05733290
v 0.04206943 0.22914464 0.00255616
v 0.04197427 0.22605240 -0.00651193
v 0.05035065 0.23113134 -0.00330131
v 0.04097445 0.22615793 -0.00300704
v 0.08170750 0.23202519 -0.04643410
v 0.11936557 0.20326357 -0.05738878
v 0.11341370 0.23188951 0.04929980
v 0.12057700 0.23114161 0.05219520
v 0.10904132 0.23150837 0.05451260
v -0.01193796 -0.22889421 0.08834624
v 0.00533178 -0.22636709 0.09178253
v 0.14604968 0.19573504 -0.08166609
v -0.14701009 -0.21149673 -0.08053455
v -0.01575353 -0.23068590 0.08198475
v -0.14400390 -0.20781269 -0.08670105
v 0.14509317 -0.22457607 -0.03723376
v 0.10952743 0.21248748 -0.05849500
v 0.16403649 0.09266152 -0.08397556
v 0.07684647 -0.21473448 0.09920210
v 0.13332808 0.20985329 -0.04935731
v -0.15744877 -0.10065275 -0.09376856
v -0.09138584 -0.22223775 0.09393759
v 0.09157980 -0.23045001 0.08725870
v 0.09328260 0.23008029 -0.05468840
v 0.13398650 0.17966855 -0.10000820
v 0.07905191 -0.00555128 -0.10899590
v 0.10067652 -0.22132423 0.09562633
v 0.13131375 -0.22765970 0.08334280
v 0.13840162 -0.22102859 0.08447430
v 0.14136355 -0.22210612 0.07959809
v 0.13230972 -0.22964602 0.07738013
v 0.12479875 -0.23077886 0.08248015
v 0.14040438 -0.22651019 0.07224975
v 0.16123213 0.14592168 0.07665865
v 0.14681613 -0.22201529 0.04449161
v 0.15759990 0.07964413 0.09445390
v 0.15059645 -0.21604722 0.03282247
v 0.08157320 0.21041260 -0.05502625
v 0.13975087 -0.22835193 0.05191955
v 0.14516350 -0.13676920 0.10547169
v -0.08670735 0.21167395 0.03639185
v -0.08670793 0.19956501 0.03349217
v 0.04005748 0.22193112 -0.00769299
v -0.08698583 0.21478596 0.02780035
v -0.08540359 0.20626216 0.02692049
v 0.13343607 0.21672692 0.04879113
v 0.13867488 0.21542945 0.04435543
v 0.13414564 0.21307085 0.04956691
v 0.13923632 0.21038814 0.04695100
v 0.12740990 0.21052015 0.05300375
v 0.14175960 0.21065938 0.04189391
v 0.13496020 0.20802884 0.05286794
v 0.12535746 0.22522244 0.05400813
v 0.07236650 0.22538390 0.05410450
v 0.08459010 0.21561873 0.06106396
v 0.07727585 0.22754865 0.05597475
v 0.07272435 0.21343632 0.05454543
v 0.13694671 0.12938030 0.11032013
v 0.13224890 0.13457080 0.11094739
v 0.12750547 0.12820781 0.11237936
v 0.02251258 0.21116817 0.00861412
v -0.10854610 -0.21910000 0.09558542
v 0.05298966 -0.08848052 0.11094171
v 0.05979185 -0.08509110 0.10973431
v -0.05470552 -0.22982268 0.06602601
v -0.10902129 -0.19442815 0.10167146
v 0.07077708 0.22837715 0.05175095
v 0.13487098 0.10183425 0.11162457
v 0.15787501 0.16436523 0.07300267
v 0.05730664 0.21313710 -0.03539739
v -0.14903430 0.20921085 0.03226905
v -0.13174415 -0.15387189 0.10688967
v 0.06442680 0.22087221 0.04868755
v 0.06218790 0.21367168 0.04659402
v -0.13749868 -0.08134960 0.10883009
v 0.01946043 0.06922455 -0.11221856
v 0.02177970 0.06394560 -0.11022930
v -0.10123069 -0.21362400 0.09836929
v 0.10328662 -0.15929070 -0.10589910
v 0.05521140 -0.15837346 -0.10683815
v 0.02949126 0.06154366 0.11060817
v 0.04206608 0.06510144 0.11121827
v 0.07949418 -0.16042117 -0.10594152
v 0.01889051 0.06958801 0.11302049
v 0.04910032 -0.15511612 -0.10889839
v -0.16137211 0.14011841 0.08043684
v -0.06875073 -0.23072069 0.06814171
v 0.07143790 0.20271134 0.06010795
v -0.11806954 -0.15786358 0.10660361
v -0.11490190 -0.16372412 0.10413814
v 0.08654847 -0.19395301 0.10323578
v -0.09811997 -0.21769621 0.09665039
v 0.16346823 0.12677863 -0.01995497
v 0.04294946 -0.08952929 -0.11111515
v 0.05345840 0.20225124 0.04790123
v 0.05826386 0.23000305 0.04085615
v -0.09151078 -0.15922852 0.10467794
v 0.06683905 0.20702631 -0.05230412
v 0.15246172 0.19064595 0.07357243
v 0.08201489 -0.08746092 -0.11096137
v -0.09742737 0.22431121 -0.01045645
v -0.08655645 0.21671956 -0.01540136
v -0.08461320 0.21122820 -0.01493620
v 0.05419990 0.22712250 0.03873500
v -0.13226830 0.22428350 0.04471280
v 0.13577696 -0.23020480 0.05850631
v 0.05462890 -0.22271450 -0.05443460
v 0.04853812 -0.22383039 -0.05784637
v -0.06660855 0.18338455 -0.02169315
v 0.14728400 0.19608167 0.07888146
v 0.08093058 -0.15848659 0.10676063
v 0.15803008 0.17161390 -0.01938266
v 0.13283021 0.18712103 0.10020193
v 0.09264756 -0.15489851 0.10902582
v 0.12502515 -0.22997484 -0.00953650
v 0.13617486 0.20147114 -0.05176957
v 0.13402081 0.20732510 -0.05063125
v 0.16186192 -0.10894635 -0.08829041
v -0.04522800 -0.22339351 0.05626290
v 0.12142435 0.22929986 -0.05088565
v 0.05697631 -0.15244428 0.10938522
v 0.00897958 0.19489709 0.00879888
v -0.07540581 0.20586545 -0.01105540
v -0.06364380 0.19558250 -0.00840830
v 0.03540842 -0.08605577 -0.11025581
v 0.03887295 -0.08299903 -0.10899247
v -0.00337041 -0.21903737 0.00923076
v 0.01070182 -0.21857355 0.00741042
v 0.00349485 -0.21641419 0.00368365
v 0.00433667 -0.21626325 0.00189584
v -0.00159203 -0.21624196 -0.00320258
v 0.12115420 -0.21531150 0.09874850
v 0.01285511 0.20381415 -0.00625569
v 0.16422946 0.13133600 -0.07841201
v 0.00842060 0.21124551 -0.00379281
v 0.10667863 0.19815228 -0.09221345
v 0.15403020 0.18219570 -0.07750260
v 0.12750781 0.17975270 0.10392190
v 0.12610430 -0.21861660 0.09586069
v 0.12545960 -0.22387929 0.09238970
v 0.07506933 -0.22360528 -0.05638508
v 0.04722728 -0.22782977 -0.06378905
v 0.08518431 -0.22974019 -0.06528791
v 0.00656879 0.19451222 0.09883512
v -0.13394555 0.22310534 0.05614900
v 0.06624427 -0.08228164 0.10904332
v 0.10089498 -0.19083830 -0.10180620
v 0.08847587 -0.19478474 -0.10326144
v -0.09485651 0.22386150 0.01099646
v -0.08812105 0.21906772 0.01219971
v 0.15009720 0.20199611 -0.01555020
v -0.00303436 0.19983069 -0.06676579
v 0.13184090 0.20857129 -0.05194980
v -0.06043816 0.18370718 -0.01912740
v 0.00693057 0.18934358 -0.10216262
v -0.11245350 -0.07907030 0.10973632
v -0.11516353 -0.07572584 0.11025157
v 0.01931244 -0.21687641 -0.00032381
v 0.02533380 -0.21644375 -0.00361265
v 0.02795344 -0.15839139 0.10635455
v 0.05451671 -0.15534999 0.10858127
v 0.14663570 0.19784398 -0.07586172
v 0.14239098 0.19968648 -0.07679475
v 0.13200388 0.06776094 -0.11013274
v -0.10478637 -0.07951664 0.10777711
v 0.07167001 0.20029221 0.08572127
v -0.10735103 -0.08238414 0.10824349
v -0.02585762 0.18597925 0.10375819
v 0.10059294 0.22932582 0.05899366
v -0.07663248 0.19098607 0.01364265
v -0.04856907 0.18413190 -0.01997043
v 0.00365123 0.06531686 0.11093475
v 0.11974140 0.22648311 -0.05257400
v 0.10417902 0.23083940 -0.05338555
v 0.11169715 0.23144560 -0.05053450
v -0.08501655 0.21074293 0.01368820
v -0.00555063 -0.22273426 0.05519050
v -0.00867884 -0.22395058 0.05780870
v 0.16555625 0.07682782 -0.07696420
v -0.13029974 0.22171261 0.06319769
v 0.14731933 -0.09981055 0.10410680
v -0.03665772 0.18458438 -0.02021231
v 0.05129655 0.23112895 0.02538355
v -0.16264441 -0.13390558 -0.08470051
v -0.06002166 -0.19400101 0.10256069
v 0.11023870 -0.23031778 0.05978093
v 0.10010850 -0.22473037 0.05614343
v 0.04400229 0.20199254 0.03527957
v 0.07882710 -0.23124211 0.06952140
v 0.11309022 -0.21284811 -0.09928397
v 0.15985810 0.12889210 -0.08967480
v 0.13800956 0.20253549 0.03857439
v 0.01792273 -0.08397608 0.10846267
v 0.00472735 -0.08025365 0.10773910
v 0.10925510 -0.22869930 0.04447155
v 0.06868690 0.06669425 -0.11026075
v 0.14193916 0.19860728 0.08137459
v -0.08344483 -0.15514020 0.10708877
v -0.05677732 -0.15993381 0.10480598
v 0.10978123 -0.09181886 -0.11126983
v 0.14813281 0.20934319 -0.03068476
v 0.03917567 0.20226808 0.02150380
v 0.04360825 0.20929983 0.02175890
v 0.14783250 0.20041268 -0.03852171
v -0.11300217 0.01102734 0.11040217
v 0.03882481 0.20756021 0.01976222
v -0.10905832 0.03226234 0.10898361
v -0.03187443 0.19966317 0.08589908
v 0.12610564 0.20917308 0.05758619
v -0.03723434 0.19324762 0.10019816
v 0.15117484 0.19590046 -0.03835868
v -0.13562969 0.12665848 0.10975838
v 0.12356433 0.22886477 0.05377287
v 0.13153437 0.22855821 0.04936540
v -0.05119950 -0.15285029 0.10806074
v 0.04734621 -0.21710382 -0.00444499
v 0.16458638 0.12688721 0.07594483
v 0.06205402 -0.21962423 -0.00787538
v -0.05325934 0.22397137 -0.00825863
v 0.16522980 0.02426786 -0.08033316
v -0.02533320 0.18965623 -0.03771230
v -0.05533104 -0.18864812 0.10132445
v 0.10326290 0.21035635 -0.06059430
v 0.12669015 -0.20818005 -0.09921383
v 0.12242965 -0.20846164 -0.09995640
v -0.10978004 0.22504833 0.05236956
v -0.13227400 0.18433487 0.10015460
v 0.10611174 -0.05933945 -0.10909033
v -0.11515775 0.21950734 0.07487578
v 0.12978386 0.20192862 0.05738771
v -0.12381516 0.20923591 0.08877785
v 0.03831823 -0.19361950 0.10313946
v 0.15412284 0.20584950 -0.00438091
v -0.04021290 0.19836146 0.09222431
v -0.12725853 0.19529549 0.09793180
v 0.03907768 -0.19098219 0.10204765
v -0.12603821 0.18205090 0.10259360
v 0.07554300 0.12724983 -0.11197033
v 0.15214372 0.20864942 0.03294176
v 0.13284510 -0.14889079 -0.10859491
v -0.04344215 0.18553040 0.01120982
v -0.02635581 0.06878089 0.11211156
v -0.03419730 0.21583896 0.01023319
v -0.04702231 0.21286292 0.00971451
v 0.16465683 0.08135086 0.08099267
v -0.04400860 0.18342185 0.01508235
v 0.00888448 0.19734818 -0.05414391
v -0.05695801 -0.08769879 0.10956074
v 0.14763379 0.22355859 0.03950109
v 0.02338345 -0.15543605 0.10812794
v 0.10657628 -0.00761218 -0.10916132
v 0.08352882 0.21239910 -0.05466425
v 0.11005883 -0.01802486 -0.10964346
v -0.03485399 0.20337174 -0.00033609
v -0.04207186 0.20482564 0.00459927
v 0.08040465 0.22872388 -0.05264535
v 0.11329366 -0.05148579 -0.11095414
v -0.12171260 0.17473140 0.10444100
v 0.16488057 -0.06339442 -0.08142183
v -0.00158603 -0.22902026 0.06549316
v 0.03039389 -0.21940491 0.00985638
v 0.04641245 -0.21911099 0.00746307
v 0.14912623 0.06745628 0.10274086
v 0.04683623 -0.21692610 0.00245279
v -0.01969520 0.18759081 0.00902622
v 0.08682837 0.20945368 -0.05910698
v 0.01524555 0.19967759 -0.04394701
v 0.00483045 0.19502761 -0.05097117
v 0.01055720 0.19637500 -0.04584123
v 0.01561610 0.20038505 -0.06332190
v -0.05214964 -0.08454356 0.10808406
v -0.06921465 -0.09001235 0.10997134
v -0.01580763 0.06187382 0.11014600
v -0.01168306 -0.15355155 0.10828036
v 0.13340977 -0.09239367 -0.11076995
v 0.12711200 0.18049830 -0.10174125
v 0.12570390 0.19004388 -0.09929744
v -0.04528440 0.19205954 -0.00506231
v 0.10952295 0.19293565 -0.09782401
v 0.07749286 0.16878046 -0.10482104
v -0.04415920 0.19197160 -0.00002790
v 0.14201952 -0.22655373 0.00028506
v 0.13870653 -0.22759206 -0.00224594
v 0.12669010 -0.22789071 -0.00314170
v 0.02232171 -0.19505997 0.10326080
v -0.01922133 0.20363708 -0.00508252
v 0.08334165 0.20712171 -0.05917202
v 0.07767440 0.21111960 -0.05617510
v 0.14530120 -0.15311667 -0.10096109
v 0.12864810 0.19020126 0.10061241
v 0.11178912 0.06939283 -0.11083266
v -0.05878575 0.20459609 0.00666177
v 0.13577085 -0.23009591 -0.06962020
v 0.08978712 0.12754174 -0.11147547
v 0.10201185 -0.22214866 0.00858100
v 0.10032930 -0.22275510 0.03211931
v 0.00185211 -0.19100956 0.10192423
v 0.04277357 -0.22398965 0.05761116
v 0.13552755 -0.22961488 -0.01228475
v -0.01434710 0.20770531 -0.00747030
v -0.08404188 0.20317702 0.06642742
v -0.02688165 0.18357760 0.01575650
v 0.15048380 0.19462740 0.07151490
v 0.14639189 0.19797850 0.07431826
v -0.00878025 -0.08838603 0.10986058
v 0.13610483 -0.23022563 -0.05435127
v 0.14738761 -0.21874869 -0.07398879
v 0.14890240 -0.21204431 -0.07802650
v -0.13828551 0.18234400 0.09680980
v 0.14127100 -0.22704220 -0.06766485
v -0.01502642 0.20466876 0.00415423
v -0.08086718 0.20030625 0.08652744
v -0.00942551 0.18409654 0.01548776
v 0.11838865 0.15534542 -0.10605692
v -0.00875868 0.18377985 0.01885130
v 0.06128841 0.18876170 -0.10125793
v -0.08438820 0.20746748 0.01966864
v -0.01416266 -0.08372732 0.10790759
v 0.09508115 0.17722175 -0.10163480
v 0.06921631 0.12487844 -0.11222559
v -0.13882935 -0.20889306 -0.09165820
v -0.01441513 -0.15697447 0.10667679
v -0.04969440 0.19928033 0.07796671
v 0.01082121 -0.21659851 0.09864889
v 0.07993281 -0.21904564 0.00584663
v 0.09484550 -0.21923580 0.00512180
v 0.09660044 -0.21906157 -0.00078921
v 0.09712708 -0.22062259 -0.00623380
v 0.01428578 0.19954733 -0.01386696
v 0.01768250 0.20049183 -0.01561920
v -0.04230182 0.06587971 0.11050674
v 0.02020139 0.20660908 -0.00285274
v 0.01233089 0.20449243 0.00973790
v 0.00640222 0.20034230 0.00477243
v 0.16156486 -0.15692905 -0.07443426
v 0.00318775 0.18744447 0.00950105
v 0.01593768 0.20105956 -0.01129291
v 0.16432912 -0.13681028 -0.08188905
v 0.10307199 0.18362370 -0.10160838
v 0.10164605 0.17879105 -0.10148325
v -0.07716957 0.19298042 0.10082780
v -0.07736713 0.06984032 0.11161909
v 0.02954749 -0.22983851 0.06741174
v -0.14189373 0.12600396 -0.10847508
v 0.06824901 -0.22317381 0.05469013
v 0.11179073 -0.22775056 -0.00897288
v 0.16152341 -0.13455219 -0.08856937
v 0.10450758 0.18907002 -0.10003235
v -0.12716485 0.22533460 0.03578057
v 0.04025767 0.20127420 -0.02667297
v -0.09144250 -0.23000648 -0.06700806
v -0.07977862 0.19765927 -0.01443701
v -0.07668061 0.19482421 -0.01342785
v 0.04410608 0.20867870 -0.02596111
v 0.13112441 0.19890100 0.09064738
v 0.06324515 -0.23037210 0.06721505
v -0.07333089 0.06584902 0.10997756
v 0.06153665 0.20242114 0.05510300
v -0.09529170 0.19860150 0.09835730
v 0.15110253 -0.18749324 -0.08435853
v -0.07632632 0.19836140 0.08996279
v -0.08109677 0.19834939 0.09425337
v -0.08678495 0.20047669 0.09479038
v 0.07740552 -0.21833954 -0.00475321
v 0.05047702 -0.22943211 0.08842703
v 0.07554327 0.20464933 -0.05545355
v 0.01720333 -0.22026732 -0.03374046
v -0.07834840 0.18881420 0.10352740
v 0.07601562 -0.21785741 0.00254038
v 0.00862531 -0.22932377 0.08799325
v 0.07897410 0.19508165 -0.09674280
v -0.00324615 0.21188536 -0.00859680
v 0.07625514 0.22494357 -0.05459554
v 0.07688723 -0.22071793 0.01024681
v 0.16473849 0.11155920 0.07033575
v -0.03046810 -0.19407960 0.10309830
v 0.12451380 0.19568940 -0.09536475
v 0.11726962 0.12780298 -0.11063923
v 0.10282031 -0.22357616 -0.03810117
v 0.01651939 -0.16079340 0.10546025
v -0.09994780 0.20917399 0.08953110
v 0.13020557 0.19727970 -0.09233935
v 0.13346915 0.19123818 -0.09650822
v 0.13050283 0.18750744 -0.09922413
v -0.01973969 -0.22095487 0.09603066
v -0.00958983 -0.21054554 0.10063086
v 0.11641053 0.04100699 -0.11091406
v 0.11351978 0.02699205 -0.11072571
v -0.02902792 0.19498931 -0.09816257
v 0.11181806 0.06206049 -0.10980856
v -0.09775653 0.22451060 -0.05124825
v -0.04450971 0.19614726 0.09676389
v -0.15657277 -0.13427570 0.09314567
v 0.12207071 0.18105230 0.10420015
v -0.02397594 -0.19614718 0.10302525
v -0.05981299 -0.22314758 -0.05677232
v -0.03635392 -0.19085786 0.10161582
v -0.08770131 0.20917187 0.07760905
v -0.13368703 -0.15418558 -0.10911978
v 0.16581893 -0.13575835 -0.06055400
v 0.07081580 -0.23190622 0.07909970
v -0.16544011 -0.12954131 0.07178926
v -0.08954031 0.19623307 -0.10065191
v -0.07486890 0.19816986 0.06780096
v -0.08143092 0.20084345 0.06779367
v 0.16572081 -0.03354648 -0.07706386
v 0.04209695 0.22817655 0.00911890
v 0.04162292 0.22369223 0.00708235
v -0.12677087 -0.20173843 0.09918654
v 0.07559749 0.17538608 -0.10402669
v 0.05935267 0.19251641 -0.09927039
v 0.15325398 0.18906063 0.06250420
v -0.03426093 -0.21681056 0.09822274
v 0.11020571 0.03338145 -0.10932496
v -0.01750840 0.19886678 0.09167166
v 0.15418075 0.22094915 -0.01675375
v 0.11309886 -0.23075843 -0.05408351
v 0.10843081 0.22573309 -0.05664958
v 0.11049356 0.21797819 -0.05573868
v 0.11824707 0.20987701 -0.05472081
v 0.09381471 0.06977604 -0.11114950
v -0.00409346 0.18420570 -0.02010286
v -0.04581086 0.22411976 0.00781210
v -0.05098239 0.22261889 0.00954711
v -0.08970724 0.21657012 0.06455463
v 0.13739619 -0.22727997 -0.07704611
v -0.09531300 -0.22337451 -0.05454150
v 0.12588830 -0.23136380 -0.07842890
v -0.09956492 -0.22252285 -0.03421599
v 0.11340412 -0.01744787 -0.11099191
v -0.03147066 0.19749137 -0.09405721
v 0.10837392 0.01911217 -0.10909275
v -0.15802782 0.15466433 -0.07566053
v -0.05406854 0.18347428 0.01974224
v -0.01502122 0.19354681 -0.00503924
v -0.01899420 0.19243302 0.00308733
v -0.02123350 0.20101080 -0.00103670
v 0.16590710 -0.13575735 0.00098620
v 0.07117483 -0.16108522 0.10603107
v 0.05124640 0.19514285 -0.09720243
v 0.12652166 0.20680881 -0.05501348
v 0.12297195 0.20202122 -0.05740901
v 0.09813530 -0.20771322 -0.10096908
v -0.12809739 0.04296680 -0.11377136
v 0.13810498 -0.21002932 -0.09189547
v -0.15114675 -0.21357534 -0.02494675
v 0.13470078 -0.23022711 0.03153514
v 0.04858785 0.21620481 0.02862163
v -0.08743907 0.21429343 0.05092963
v -0.09124178 0.21958461 0.06043792
v -0.09454240 0.22130470 0.06418650
v 0.10699720 -0.22733574 -0.05382087
v 0.06942086 -0.19102739 0.10208089
v -0.08184235 0.18699135 0.01783025
v 0.11990428 0.15297295 0.10892212
v 0.05441814 -0.21711702 -0.00286785
v 0.05440747 -0.21753037 -0.00021470
v 0.08407250 -0.22499380 -0.05859960
v 0.14196627 0.20012453 0.07343140
v -0.13446665 -0.13611015 -0.11240255
v -0.12722501 -0.00023480 -0.11388021
v -0.09331534 0.22240319 0.05304575
v -0.11498196 -0.00992237 0.11049589
v -0.13105778 0.15479904 0.10630676
v -0.03807232 0.19161543 -0.00798600
v 0.00725776 0.19909751 -0.06226401
v 0.11340090 -0.07895310 -0.11090703
v -0.13016670 0.12555490 0.11088830
v 0.02734885 0.18706343 0.10280212
v 0.14486616 0.20028002 -0.05520655
v 0.14598796 0.19943285 -0.06649083
v 0.15162215 0.19439255 -0.06982055
v 0.15318695 0.18989284 -0.07339141
v -0.13611017 0.14839197 0.10572323
v -0.06195955 0.18311883 0.01661020
v 0.13500805 0.22314434 -0.04788330
v -0.04909990 0.20742133 -0.00804664
v 0.13639090 0.21146770 -0.04816805
v -0.07268689 -0.08259039 0.10770370
v 0.13644352 0.20269539 -0.04826532
v 0.02069103 -0.21681705 -0.00513326
v 0.10777292 -0.15800738 0.10715208
v 0.11993200 -0.16674030 -0.10674050
v 0.05753303 0.22485743 0.04282328
v -0.13344088 0.06478177 0.11013707
v 0.10871387 -0.19059948 0.10204827
v -0.13969555 0.19386570 0.09170695
v 0.10940331 -0.23067076 -0.08435918
v 0.02536191 0.19940289 0.09111050
v 0.11625359 -0.07217231 -0.11130749
v 0.16426269 -0.02619467 0.08400018
v -0.09661875 0.22425344 0.02822208
v -0.14553699 0.12692145 0.10411749
v 0.07261543 0.20534792 0.05718340
v 0.06267048 0.20846093 0.04833091
v -0.13720365 0.21702957 0.06988222
v 0.03378637 0.12815765 0.11394118
v 0.07075860 0.23137259 0.04616355
v -0.08567622 0.21656358 0.01138671
v 0.03302878 0.07289979 0.11342359
v 0.09198220 -0.08137580 -0.10894639
v 0.12074143 -0.20304887 0.10163587
v 0.14009064 -0.18912966 -0.09580762
v 0.14338638 -0.13348868 0.10723979
v 0.07807526 0.06516610 0.11117754
v 0.15453240 0.20399835 -0.02714888
v 0.10362920 -0.08386420 0.10983599
v 0.10785532 -0.08738674 0.11155102
v 0.08618385 0.22816620 0.05864494
v 0.12244579 0.19157174 0.10083032
v 0.13271135 -0.17815132 0.10356543
v 0.15549053 0.21468940 -0.01916469
v 0.15494442 0.22442346 -0.02019336
v 0.15631427 0.21804335 -0.02174087
v 0.01633772 -0.21883659 -0.00870743
v 0.15692463 0.21063085 -0.00308694
v -0.15033660 0.20004423 0.07053308
v 0.09528638 0.22312367 0.06027172
v -0.09192617 0.12753432 0.11235453
v -0.01003234 -0.21647937 -0.00486611
v -0.02210016 -0.21858168 0.00699668
v 0.16351810 0.12667810 -0.00113700
v 0.16075054 0.15390670 0.00341270
v 0.09072763 0.06891639 0.11273525
v 0.10811243 -0.05563925 0.11000645
v 0.09332367 0.22733183 0.05992622
v 0.10959973 -0.08017570 0.11061872
v 0.11335648 -0.08388655 0.11181686
v 0.09156471 0.22322142 0.06323363
v 0.09048885 0.22446690 0.06294135
v -0.14596462 0.21386993 0.05664083
v -0.00643450 -0.21811798 -0.00766653
v -0.00259500 -0.21677375 -0.00055717
v -0.02383055 -0.21685879 0.00426399
v 0.15852407 0.19493531 0.00074589
v 0.15985872 0.19138097 -0.00461661
v 0.16066310 0.18650759 -0.00412870
v 0.15069730 0.20412714 -0.01393855
v 0.10534050 -0.01874640 0.11000319
v 0.16508650 -0.13580760 0.06885630
v 0.16010753 0.19072695 0.00670616
v 0.15624071 0.22301695 -0.00888157
v 0.15768813 0.22311981 0.00577016
v 0.04449528 0.19255466 0.10044237
v 0.13357340 -0.13373826 0.11151735
v 0.15097526 0.20352800 0.01296233
v 0.15443058 0.19869095 0.01121530
v 0.15410734 0.20604570 0.00808255
v 0.14011425 -0.13110135 0.10929174
v 0.13986417 -0.13720342 0.10904478
v 0.15729297 0.21096704 0.00493670
v 0.01304687 -0.22222219 -0.05292991
v 0.11154053 0.21140056 0.05891201
v 0.11767795 0.21315949 0.05764610
v -0.13450973 -0.13202432 0.10975982
v 0.13615528 -0.10750499 0.11070834
v 0.15407969 0.23020637 0.01020320
v 0.15184802 0.21040552 -0.02489009
v -0.03497970 -0.21947815 0.01011638
v -0.02913913 -0.21648970 0.00239008
v 0.10617819 0.06646726 0.11165179
v 0.10609331 0.06208237 0.11058267
v 0.12614861 0.20429859 0.04935900
v 0.11632279 0.22986100 0.05573419
v 0.14659121 0.21058731 -0.03180580
v -0.12781930 -0.20693569 -0.10033104
v 0.11762855 0.20717986 0.06210530
v 0.12485330 0.21155560 0.05506250
v 0.16503428 -0.04465163 0.08123106
v 0.15406408 0.18933637 0.02954012
v 0.13755471 0.20032792 0.07903497
v 0.01257003 0.19981855 0.01090367
v 0.13492775 -0.03005056 0.11082070
v 0.16453948 0.12651415 0.05078918
v 0.12478065 0.16910995 -0.10390315
v 0.16580752 -0.10275044 -0.06929308
v 0.13532821 0.00110773 0.11105355
v -0.03676562 -0.21668990 -0.00346854
v -0.03008071 -0.21703491 -0.00091399
v 0.14492055 0.19991696 0.04757228
v -0.08807780 0.21859350 -0.02933250
v -0.09476865 0.22375224 -0.03313825
v -0.07222919 0.19783939 -0.06849454
v 0.10295284 0.21586015 -0.05683466
v -0.16387733 -0.13102372 -0.07890107
v -0.12864890 -0.21374440 -0.09787380
v 0.14215796 0.19017212 -0.09041148
v -0.08664064 -0.22442708 0.05620172
v -0.16377798 -0.08455676 -0.07817360
v -0.14548116 -0.22247758 -0.05148309
v -0.14189785 -0.22534976 -0.06915910
v -0.13877565 -0.22717347 -0.07352149
v -0.13400450 -0.22908051 -0.07755640
v -0.12889476 -0.22829340 -0.08427680
v 0.11254605 -0.18834510 0.10203470
v -0.11676586 -0.17434545 -0.10703435
v 0.11828728 -0.19347465 0.10341530
v -0.16491865 0.02232378 0.08067191
v -0.12263480 -0.21929510 0.09452313
v -0.00571682 -0.22349758 -0.05816043
v -0.15008397 -0.21261244 -0.06119043
v -0.09587725 -0.23187544 0.07810584
v -0.12048351 -0.22981584 0.08558465
v -0.11396650 -0.22394812 0.09213923
v -0.07609921 0.19760835 -0.06411008
v -0.08250918 0.19731245 -0.04941100
v -0.12738810 -0.21175375 0.09667426
v -0.03293777 -0.21889899 -0.00876217
v -0.13129370 -0.02846893 -0.11346780
v -0.08029115 0.20065057 -0.06967393
v -0.08520813 0.20652449 -0.07191596
v 0.09565240 0.20779898 -0.06122857
v -0.11254686 -0.02117589 -0.11405709
v -0.11093804 -0.03012477 -0.11366440
v 0.15223440 -0.21083059 0.03524550
v -0.11148403 -0.08324120 -0.11362102
v -0.08633608 0.20603707 -0.08579306
v 0.02243236 -0.22952907 -0.08763956
v -0.01214572 -0.22286909 -0.05687329
v -0.13939229 -0.09638996 -0.11076921
v -0.13530730 -0.22118061 0.08658216
v -0.10596700 -0.22869408 -0.06168804
v -0.10204079 -0.22923453 -0.06492537
v 0.01872533 0.21223159 -0.00024255
v -0.04592365 -0.21730902 -0.00556616
v -0.06220211 -0.21789672 -0.00099693
v -0.06496129 -0.21748002 0.00190541
v -0.06287473 -0.21778531 0.00374476
v -0.07444691 -0.21930304 0.00549401
v -0.11116976 0.00208860 -0.11382629
v -0.10782161 0.00217499 -0.11224865
v 0.04545053 0.20321586 -0.02931806
v 0.04518990 0.20671992 -0.03077413
v -0.10531934 -0.01311368 -0.11177272
v -0.13827940 0.22161679 -0.00247150
v -0.09122035 0.21040461 -0.08570300
v -0.13701707 -0.12237947 -0.11188236
v -0.11446112 0.05340997 -0.11394777
v -0.09525576 0.21544921 -0.08064571
v -0.06537749 -0.15982832 -0.10724614
v -0.13567100 0.15267836 -0.10672196
v -0.13148460 0.16096750 -0.10687528
v -0.04794654 -0.15185223 -0.11061944
v -0.02534654 -0.15999603 -0.10695807
v 0.00641307 0.18773582 0.01360486
v -0.13227705 -0.23006530 0.07401455
v -0.14931196 -0.21801426 -0.00746526
v -0.14666575 -0.22194102 -0.00458796
v 0.00530705 0.18840840 0.00891360
v -0.14397000 -0.20955653 0.08459488
v -0.09332902 -0.08195688 -0.11116707
v -0.09740945 -0.08553941 -0.11242802
v -0.09963160 0.21978130 -0.07408260
v -0.16324630 0.12783630 -0.07184810
v 0.00246558 0.19242219 0.00589333
v -0.08069249 -0.21900632 -0.00674148
v -0.06936896 -0.21793344 -0.00563239
v -0.06197360 -0.08379130 -0.11094520
v -0.05466280 0.06805925 -0.11210897
v -0.13294750 -0.23081090 0.06807860
v -0.13714510 -0.22732365 0.07492920
v 0.05848076 -0.19363801 -0.10380024
v -0.00484256 -0.19362721 -0.10424657
v 0.04830711 -0.19045522 -0.10270469
v 0.00828156 0.20714958 -0.00346124
v 0.11140230 -0.16126450 0.10610100
v 0.00652598 -0.18945575 -0.10297664
v 0.11580118 -0.16439035 0.10669918
v -0.00994230 -0.22990963 -0.07003305
v -0.08038191 -0.08727211 -0.11292490
v -0.03075595 0.06680343 -0.11118751
v -0.01882229 -0.09001222 -0.11218346
v -0.08710813 -0.21849535 -0.00428602
v -0.08142600 -0.21872535 -0.00121449
v -0.13480046 -0.22762341 0.00205488
v -0.09904755 -0.22129352 0.00615225
v -0.10183262 -0.22210066 0.00681657
v 0.06710575 0.19740511 -0.09399501
v -0.09034092 -0.22068019 -0.00881415
v -0.09474955 -0.21884840 0.00272405
v -0.10301200 -0.22298250 0.02324250
v -0.14509286 -0.22391415 0.02691170
v -0.01337818 -0.08752730 -0.11179799
v -0.14016469 -0.22341542 -0.07965425
v -0.16463555 0.12571155 -0.00786410
v -0.15139700 -0.21358531 0.03084390
v 0.13023090 0.20016589 0.08588735
v -0.14745377 0.21135819 -0.04110671
v -0.14161475 0.21769464 -0.05981585
v -0.01158879 -0.15807055 -0.10748832
v -0.12278520 0.21355200 -0.08541780
v -0.09595349 -0.21944239 -0.00602362
v -0.10119506 -0.22182913 -0.00826453
v -0.09697119 -0.21932042 0.00017982
v -0.00808175 0.19388783 -0.00603750
v -0.00987312 0.19482391 -0.00206355
v -0.06014920 -0.22408426 -0.05880355
v -0.10596690 -0.22490978 -0.00439471
v -0.01610335 0.19353000 0.00117960
v -0.00751432 -0.15495075 -0.10939325
v -0.16436834 0.12789131 -0.03344301
v -0.11164651 -0.22635419 -0.00476859
v -0.12369064 -0.22986498 0.01019207
v -0.07220700 0.06609750 -0.11133699
v -0.05350174 -0.15405737 -0.11016678
v -0.03619996 -0.19358919 -0.10428286
v -0.04318114 -0.19046756 -0.10309343
v -0.11898119 0.18379860 -0.10499361
v -0.12275010 0.19310180 -0.10149640
v -0.06347675 0.18649995 -0.10524073
v -0.13396692 -0.22936976 0.00942245
v 0.14729363 0.03619399 0.10434829
v 0.03355136 0.19716712 0.09579988
v 0.08091880 0.16487870 -0.10424765
v -0.09441055 0.20483291 -0.09415722
v -0.10250379 -0.22338879 -0.03446854
v -0.10510513 -0.22583213 -0.04078276
v -0.10924717 -0.22795873 -0.02784510
v -0.11284336 -0.22935414 -0.02908574
v -0.13766205 -0.22890460 0.06618024
v -0.12758540 0.18484460 -0.10339210
v 0.02354290 -0.19367800 -0.10422699
v -0.16543993 -0.13813834 -0.00782553
v -0.08266791 0.20250554 -0.08401167
v -0.08342943 0.20171463 -0.09027916
v -0.01746268 0.20290692 0.00231325
v -0.13452175 -0.21697178 0.09043529
v 0.16018435 0.15295359 0.05038664
v -0.05413209 -0.19735390 0.10249155
v 0.15550365 0.22962260 -0.00249630
v -0.08239185 0.20234826 -0.06779590
v -0.07796467 0.19899021 -0.06673297
v 0.11598625 0.20421309 0.06216020
v 0.12930977 0.20604429 0.04637343
v -0.10764470 -0.05123939 -0.11196634
v 0.15692362 0.22601612 0.01087080
v -0.11391950 -0.06046663 -0.11396730
v -0.08355777 -0.23040035 -0.08710915
v 0.03681454 -0.22827435 -0.08977373
v -0.14749304 -0.21584134 -0.07500376
v 0.15900196 0.20496562 0.01814916
v 0.10692141 -0.23159094 -0.08016613
v -0.07761180 -0.19358053 -0.10420140
v -0.04645896 -0.21958637 0.00832767
v 0.03660586 -0.22197757 -0.09605793
v -0.13967590 -0.13568022 0.10780984
v -0.05657545 0.19742805 0.00467535
v -0.08726147 0.21647201 -0.03879555
v -0.08475806 0.20051558 -0.04827754
v 0.14678313 0.22842162 -0.03000300
v 0.14490088 0.22679739 0.03817644
v -0.07364450 0.22432494 -0.00385890
v -0.12941564 -0.04405831 0.11017179
v -0.10278810 0.22500229 0.00891110
v -0.12430590 -0.23085217 -0.08227461
v -0.12914280 -0.23131039 -0.07240485
v -0.11312745 -0.18351330 0.10100963
v -0.11225159 -0.19044870 0.10037291
v 0.06615670 -0.18892740 -0.10242975
v -0.08413504 0.19244087 -0.02422439
v -0.08178648 0.18929960 -0.02630307
v -0.12307655 -0.20660145 -0.10183800
v -0.08828004 0.21937504 -0.01343008
v -0.12355720 -0.21183231 -0.10047261
v -0.12931336 -0.15598828 -0.10990603
v 0.01429127 0.19399005 -0.09875036
v -0.03510519 0.19143584 -0.10163910
v -0.00811654 0.19783927 -0.09341916
v -0.09492317 0.22339680 -0.01536755
v -0.15866023 0.15843650 0.07399675
v -0.11355121 -0.15669848 0.10601882
v 0.08140028 -0.21342247 -0.09999213
v -0.14898371 0.20776124 0.05935043
v -0.14654475 0.00848455 0.10277342
v 0.04954530 0.06642388 -0.11049718
v -0.14778367 -0.08461254 0.10221024
v -0.15315914 0.18095982 0.07832586
v -0.06851350 0.20026200 -0.00892550
v -0.15239260 -0.20890341 -0.02558200
v -0.03731494 0.19924867 -0.07052375
v -0.15074275 0.20358505 -0.00548324
v 0.12682395 0.19587402 0.09710720
v -0.15929730 -0.06796597 0.09048235
v 0.13665559 0.04551220 0.11083504
v -0.14435186 0.20915902 0.07363843
v 0.16569908 -0.01912900 0.07764652
v -0.16552267 -0.13645413 0.05618175
v -0.11143160 -0.22903650 0.03098535
v -0.06090382 0.21254909 -0.01006006
v -0.04837534 -0.22858660 0.06389336
v 0.15272063 0.19351460 0.02859516
v 0.11068742 0.07104061 0.11285346
v -0.13281375 0.21824911 0.07265642
v -0.14790133 -0.19151556 0.08547698
v 0.11532899 0.04177209 0.11271057
v -0.06242860 0.19302845 0.00698650
v 0.14951617 0.19753391 0.02860689
v 0.15612506 0.20774550 0.02666339
v -0.00899148 -0.22959845 0.06723738
v 0.13966928 -0.08749164 0.10928304
v 0.15941430 0.22132549 0.01158810
v 0.15704848 0.22196593 0.01250952
v 0.11320775 -0.01230501 0.11235354
v 0.11185986 0.01199820 0.11219920
v 0.15634139 0.18125197 0.02378170
v -0.12322741 0.21361156 0.08382977
v -0.10515865 0.00734079 0.10825919
v 0.06940081 0.19950475 0.09053442
v -0.14562809 -0.07962151 -0.10612991
v 0.10888000 0.03836737 0.11094983
v -0.11057326 0.06242294 0.11009047
v -0.00127031 -0.22006838 0.03139862
v 0.03301212 -0.21690412 0.00424154
v -0.12936553 -0.13381958 -0.11355298
v 0.05966911 -0.21760917 0.00450850
v 0.11489695 -0.05783100 0.11206105
v 0.11150324 -0.04286067 0.11163018
v 0.13159842 0.23035352 0.04750366
v -0.01323428 0.18491418 -0.02099312
v 0.09983690 0.21521080 0.06007345
v -0.06528810 0.21904490 0.01009385
v -0.10802692 0.06907473 0.11107385
v -0.15033880 0.20413060 0.05684200
v -0.14747343 0.21220305 0.04684650
v 0.16118226 0.20598392 0.00566439
v 0.08936973 0.20439625 0.06420110
v 0.09803240 0.20192587 0.06820250
v 0.13402824 -0.17901039 -0.10240939
v 0.00201242 0.18885252 -0.03344516
v -0.10164733 0.21483133 0.08236958
v 0.07319741 0.06147960 0.11068504
v -0.10804067 0.20459878 0.09341931
v -0.04300836 0.22462735 -0.00573493
v 0.09174535 0.23032894 0.05786920
v 0.09189460 0.23149002 0.05406777
v 0.15058080 0.23016760 -0.01966160
v 0.16562018 -0.13414664 0.04686063
v -0.00844622 0.18892202 -0.01195850
v 0.12881852 -0.17887815 0.10476875
v 0.15580177 0.19360059 -0.01857617
v 0.14836062 -0.13603835 -0.10280700
v -0.09542665 0.20779521 0.09033278
v -0.09480020 0.20292594 0.09506665
v 0.11773109 -0.15378345 0.10953997
v 0.13520260 -0.21119151 0.09397230
v 0.12625570 -0.20906091 0.09954390
v -0.12673010 -0.23031919 0.08018285
v 0.13407651 -0.21863534 0.09103119
v 0.00965395 0.19492458 -0.01581381
v 0.16572412 -0.13585464 0.02966150
v 0.15089470 -0.21259840 -0.07067075
v 0.03546071 0.20004141 0.08747579
v 0.14354837 0.22495723 -0.03567310
v 0.14881461 0.20409701 -0.03706774
v 0.14822229 0.20052593 -0.03474516
v -0.00561411 0.20660632 0.00491541
v -0.01738125 -0.16056606 0.10505666
v 0.15883850 -0.13505583 -0.09188563
v 0.02514107 0.19675829 -0.09541602
v 0.00669351 -0.19362807 0.10305750
v 0.10718460 -0.22535520 -0.00913450
v -0.00279350 0.18365060 0.01702450
v 0.00473460 0.18591080 0.01222130
v 0.10843173 -0.22556655 0.00197727
v 0.14947439 0.19834930 -0.04329015
v 0.13142190 0.05069445 0.11213731
v 0.00073102 0.18687747 0.02785914
v 0.01060616 -0.22217741 0.09542894
v 0.11241171 -0.22639520 -0.00282110
v 0.01768838 0.22014036 0.00237103
v 0.04761883 0.21005487 0.02884621
v 0.12985963 -0.23175511 0.05659380
v 0.11131285 -0.22830601 0.01402615
v 0.16513108 0.10447654 -0.06893193
v 0.01168194 0.19738722 0.02542106
v 0.01820589 0.20224543 0.01175195
v 0.00442021 0.19271700 0.04407168
v 0.00309258 0.18465360 0.01820230
v 0.05050470 0.22380290 -0.02800350
v 0.05560810 0.22562189 -0.03658890
v 0.00619235 0.19863515 0.09310052
v 0.01532817 -0.19966978 0.10267351
v -0.01247058 0.18596431 -0.02564769
v 0.12540138 0.23082426 -0.04664295
v 0.09943970 -0.22379830 0.05316440
v 0.10264145 -0.22419691 0.04476930
v 0.06869816 -0.21013057 0.10054379
v 0.15084200 0.18784750 -0.08136530
v 0.03185867 0.20114129 0.01038392
v 0.04512695 0.23082178 0.00426393
v 0.16403575 0.12850190 -0.08208800
v 0.14089860 0.20075140 -0.07125425
v 0.04421114 0.21627860 0.00543371
v 0.16607200 -0.13250060 -0.04940550
v 0.14722794 0.19192570 -0.08391471
v 0.12485031 -0.16532567 0.10764822
v 0.13545657 0.19729930 -0.08955025
v 0.07331287 -0.21810358 0.09780846
v 0.14993293 0.19382259 -0.07769564
v 0.12011284 0.19994042 0.08878779
v 0.15869139 0.15257734 -0.08249722
v 0.04885583 0.22576344 0.03079813
v 0.10430260 0.22543912 -0.05678012
v 0.01192636 0.20056198 0.06311557
v 0.00758730 0.19889735 0.06031189
v 0.05602415 0.20200286 -0.04516090
v -0.06222377 0.19884688 0.07957852
v 0.13748915 0.19465841 -0.09139417
v 0.10589440 0.20219269 -0.06267490
v 0.01146961 0.19819833 0.04666359
v 0.15089862 -0.21642871 -0.02088539
v 0.11743330 -0.23051350 0.08557270
v 0.05943881 0.23105292 0.03892483
v 0.16580077 -0.12613010 0.02411842
v 0.07303884 -0.09102483 0.11151570
v 0.05011570 0.22743578 -0.02829935
v 0.04490024 0.22712696 -0.01675895
v 0.14649200 -0.12752970 -0.10504855
v 0.15391533 0.19014870 -0.05520767
v 0.14670782 -0.22007985 0.07018312
v 0.14367683 -0.22297678 0.07356777
v 0.15137914 0.19719875 -0.02613575
v 0.10672884 0.15674845 -0.10484567
v 0.00067598 -0.18910311 0.10178815
v 0.16408390 0.09559266 0.05321605
v -0.00088593 -0.22048435 -0.09734568
v 0.14564757 0.23087373 -0.02345303
v 0.15167686 0.22412128 -0.02379051
v 0.15089740 0.21493230 -0.02447640
v -0.01818626 0.21331060 0.00982355
v -0.14532969 -0.22109067 -0.07055425
v 0.08822930 0.21987469 0.06329810
v -0.00300540 0.21530659 -0.00983720
v 0.10533950 -0.07785856 0.10942028
v 0.10100321 0.23078060 0.05764540
v -0.07474841 0.19854583 0.07722846
v 0.09614440 -0.22507830 0.05788350
v 0.13150295 -0.23157239 -0.05565330
v 0.13399930 -0.13663421 0.11110213
v -0.09347465 0.21285968 0.08240982
v -0.09585620 0.21406806 0.08232205
v 0.15263940 -0.21037240 0.02105750
v 0.10558245 0.19268280 0.10037230
v -0.04635383 -0.15549513 0.10730796
v 0.10011810 0.20592384 0.06513655
v 0.11202135 0.22605069 0.05863050
v 0.13019098 -0.23159165 -0.06928942
v 0.10546559 0.01688686 0.11032211
v 0.16300408 -0.13286930 0.08532693
v 0.08772298 0.15243583 0.10956682
v -0.09320941 0.21754918 0.07229571
v -0.08669909 0.20804765 0.07151993
v 0.12792653 0.20641942 0.05774440
v -0.10082850 0.22115619 0.07126800
v 0.10253226 -0.22459731 -0.05346963
v 0.09949782 -0.22371092 -0.05292057
v 0.13657269 0.22536106 0.04624481
v 0.13788660 0.22905390 0.04407190
v 0.15855048 -0.13619517 0.09216035
v -0.09049270 0.22050359 0.04142670
v 0.10024463 -0.22436776 -0.05543485
v 0.14794110 -0.13115692 0.10338060
v -0.08109094 0.19234792 0.03972514
v -0.08379163 0.19177974 0.02860698
v -0.08552105 0.20175798 0.05265526
v -0.08684625 0.20625045 0.05192490
v 0.07460127 0.20208905 0.06455624
v -0.08897377 0.21818402 0.04849023
v -0.06436075 -0.23160951 -0.07603290
v -0.07316480 0.18300370 0.01958570
v -0.07842900 0.18440731 0.01880020
v 0.01514016 -0.19072793 -0.10306756
v -0.10000850 0.22494900 0.05020045
v 0.00052144 -0.14487253 -0.11113465
v -0.13276674 0.01352991 -0.11316504
v 0.06774240 0.06387275 -0.10964925
v -0.14333204 -0.22501273 -0.03496732
v -0.05784381 0.18706955 -0.01413234
v -0.16455797 -0.11776085 -0.06476567
v 0.03645345 0.12775066 -0.11269013
v -0.11369442 0.02448304 -0.11412854
v -0.14877356 0.20921488 -0.01735533
v -0.08933724 -0.19057187 0.10084585
v -0.14793438 -0.21733680 -0.06624195
v -0.11296920 -0.15237315 0.10793920
v -0.09956800 -0.15797520 -0.10807540
v -0.14697595 0.21069684 0.06405810
v -0.14288071 0.21790190 0.05218731
v -0.13391041 0.22253766 -0.05978955
v -0.10023242 -0.22373314 -0.05349725
v -0.09853883 -0.22433932 -0.05718678
v -0.12889117 -0.13298447 0.11034553
v -0.12960846 -0.10309654 0.11023023
v -0.01880244 0.18645065 -0.10388259
v -0.14057660 0.22010629 0.04834900
v -0.05295500 0.19504786 0.00357650
v -0.12701820 -0.22756009 -0.00458294
v -0.13896350 0.19783430 -0.09107830
v -0.11018384 -0.22736847 -0.01071597
v -0.10990515 0.07057810 -0.11371911
v 0.15371010 0.23015349 -0.00969753
v -0.12027442 -0.21513932 0.09705640
v -0.06389639 -0.15665514 -0.10877256
v -0.04832016 -0.21755686 -0.00084949
v -0.13077850 -0.23058012 0.02767986
v -0.10958925 -0.22579060 -0.00026380
v -0.13765570 0.21115966 -0.08129156
v -0.13311220 0.20824938 -0.08829990
v -0.08577806 0.20819662 -0.05745515
v -0.04937477 -0.22962821 -0.08832836
v 0.14782650 -0.00926600 0.10354795
v 0.05292420 0.21054921 0.03701410
v -0.11272296 -0.22764089 0.00653469
v -0.09981725 0.22402699 -0.05955315
v -0.08743157 0.21354506 -0.06709427
v -0.11046944 -0.23058510 0.06134502
v -0.02175848 -0.22355580 -0.09517865
v -0.03251586 -0.23025477 -0.08652002
v 0.13192631 0.01250023 0.11187921
v -0.02778298 -0.22256274 -0.05520186
v -0.13587489 0.22248602 -0.05369071
v -0.09282103 0.20755541 -0.09069970
v -0.08425276 0.19866719 -0.09663129
v -0.07991410 -0.22088981 0.00933220
v -0.08811240 0.18764344 -0.10540125
v 0.15297461 0.22767839 0.02298990
v -0.16607029 -0.13321620 0.03353485
v 0.03379220 -0.19669530 -0.10400670
v -0.06390734 -0.22027431 -0.01150539
v -0.13318955 0.22384889 -0.05001187
v -0.07204480 0.19774021 -0.08937204
v -0.12153401 -0.22380507 -0.09400131
v -0.10450827 -0.22985103 0.06304944
v -0.09965042 -0.22350149 0.05106983
v -0.09906067 -0.22421913 0.05467025
v -0.15113810 0.19302100 -0.07043680
v -0.09298575 0.22287624 -0.05279405
v -0.14724255 -0.13665426 0.10235868
v -0.14774657 0.19504335 -0.08103800
v 0.10293542 0.09332230 0.11309772
v -0.02268707 0.19890103 -0.08981446
v -0.07868387 0.18647540 -0.02528470
v -0.12975894 0.11039401 -0.11340213
v 0.08909557 0.20980704 0.06379743
v -0.11050713 -0.23068097 -0.06355639
v 0.02610919 -0.21945539 -0.01463795
v -0.09963769 -0.22280037 -0.09573805
v -0.12041384 -0.22862878 -0.08856552
v -0.04395470 0.18570729 -0.01606180
v 0.10562322 0.21940262 -0.05977473
v -0.11497767 -0.14878372 -0.11164675
v -0.09291320 0.22252450 0.03069686
v -0.14342122 -0.22128339 -0.07718458
v -0.14455043 -0.21539614 -0.08213513
v -0.15097880 -0.20806341 -0.06481520
v -0.02895783 0.21016929 -0.00898650
v -0.07735420 -0.11358500 0.10983630
v 0.06040680 0.23104970 -0.03586205
v 0.15001169 0.22569630 0.03011000
v 0.15198922 0.20316374 0.00226179
v 0.15580159 0.19821734 0.00283516
v 0.02540901 0.20355697 -0.00454477
v -0.14594301 -0.03207467 -0.10572076
v 0.12367435 0.22413845 0.05789665
v 0.14653111 0.23093596 0.02690932
v 0.11240808 0.04589899 0.11239221
v 0.15833809 0.18857520 0.01733818
v 0.15827203 0.19273336 0.01391866
v 0.15679998 0.19568369 0.01296677
v 0.15772067 0.20430431 0.01135536
v 0.15119460 0.20575087 0.01928438
v 0.00430034 0.18777242 -0.02776786
v 0.05486745 0.20615737 -0.04267605
v 0.00189041 0.18485348 -0.01802791
v 0.14868958 -0.21822851 -0.06819164
v -0.02120065 -0.09037612 0.10996587
v 0.04401074 0.18831683 0.10268056
v 0.16540424 0.02159630 0.06513726
v 0.09885661 -0.21976132 0.00264880
v 0.05105999 0.06882529 0.11290752
v -0.03070027 0.07169684 0.11267633
v 0.16393799 0.11226629 0.04375879
v 0.13078861 0.12600100 -0.11022887
v 0.14739347 -0.21189291 0.07972615
v 0.03493669 -0.22030463 0.09672369
v 0.11511853 -0.19243637 0.10329733
v 0.06083518 0.21758237 -0.04087520
v 0.04542043 0.20907190 -0.01666217
v 0.04806161 0.20979245 -0.01916586
v 0.06299365 0.22290456 -0.04358285
v 0.11508455 -0.22941101 0.01298865
v 0.03137300 0.20092900 -0.01086000
v 0.04867400 0.23088109 -0.01507740
v 0.04380923 0.21208587 -0.00932594
v 0.12582664 -0.22895079 0.00728800
v 0.00812450 0.19439592 0.04329258
v 0.13884380 -0.22758181 0.00376445
v 0.15583364 0.17915827 -0.07095604
v 0.05031384 0.23051274 0.02867289
v 0.01452420 0.19211245 0.10070510
v 0.00536078 0.20023351 0.06656260
v 0.04980265 0.22889609 0.03114685
v 0.16510414 0.11746912 -0.07845293
v -0.14206630 0.19078760 0.09062080
v 0.00412817 0.19981258 0.08855215
v 0.16503667 0.12824390 -0.07387971
v 0.15181088 -0.21395712 -0.01038720
v 0.14996033 0.19624660 -0.07039950
v 0.06015159 -0.22240839 0.09532939
v 0.11332059 -0.23090694 0.05400615
v 0.14015844 0.18662565 -0.09393142
v 0.13079042 -0.23122718 0.07159199
v 0.13717515 -0.22904480 0.07086595
v 0.13404139 0.16112716 -0.10377384
v 0.01571757 0.20019131 0.02660052
v -0.15861908 -0.16894161 -0.05748939
v 0.13530035 -0.18220094 0.10123414
v -0.08528851 0.20350885 0.08600503
v 0.14282976 -0.22427886 -0.07455493
v 0.10835320 -0.00695281 0.11057494
v 0.14498570 -0.21712921 -0.08082320
v 0.11556188 -0.01077886 0.11247526
v -0.10164827 -0.13515233 -0.11347719
v 0.01195505 0.19694058 -0.03800120
v -0.15549710 -0.03427875 -0.09568442
v -0.09738625 0.22366481 0.05814824
v -0.01878585 0.18496822 -0.01919712
v 0.07150466 0.01268767 -0.10905964
v 0.08541495 0.07223427 -0.11166337
v -0.13221059 0.21006756 0.08550636
v -0.12571720 0.21857829 0.07527450
v -0.11602305 -0.21928811 -0.09799860
v -0.14163762 0.13729998 0.10481187
v -0.07188361 0.18515960 0.01491808
v -0.13329049 -0.23064830 -0.05850762
v -0.11085577 -0.08465247 0.10982802
v 0.14933375 -0.02811231 0.10172511
v -0.10452765 0.02431251 -0.11170883
v 0.16264883 0.13908564 0.03306179
v -0.13622251 0.22263045 0.03009124
v -0.12564321 -0.22946839 -0.01079085
v 0.15836401 0.16671973 0.03525274
v 0.12861015 0.00459871 0.11214297
v -0.02099679 -0.21999886 -0.02925281
v -0.02468702 -0.21945879 -0.01662577
v -0.14599741 -0.22267308 0.05090955
v -0.14725865 0.21016686 -0.05873780
v -0.09887908 0.21042159 -0.08863475
v -0.04615025 0.12646229 -0.11369962
v -0.09886800 0.21517856 -0.08235665
v 0.02321820 -0.21784759 -0.09871423
v -0.00873330 -0.23068986 -0.08133550
v -0.15122205 -0.21181214 0.05905050
v -0.02350228 -0.18836302 -0.10307251
v -0.09085560 0.18310950 -0.10677820
v -0.09599715 0.19260788 -0.10295062
v -0.12945908 -0.21890750 0.09255421
v -0.12831267 -0.22273798 0.09028686
v -0.08728390 0.21587651 -0.05390633
v -0.07190410 -0.22272761 0.05093131
v -0.10430574 -0.22410643 -0.02092851
v -0.14175606 -0.01554178 0.10660865
v -0.15242350 0.18983746 0.07323667
v 0.13687040 0.20430479 0.03894760
v 0.16467601 0.02658280 0.03983515
v -0.13670083 -0.22920408 -0.03770472
v 0.11155546 -0.19492702 -0.10256886
v -0.12362680 0.22434480 0.05878800
v -0.16480179 -0.10108339 -0.05255131
v -0.12668893 0.21500452 0.08137620
v -0.11832423 -0.21508424 -0.09989116
v -0.10598860 0.06145210 0.10882280
v -0.14460976 0.09083356 0.10510705
v 0.11081470 -0.22884409 -0.03724150
v 0.15274825 0.22621541 0.02433435
v 0.14983293 -0.21817098 -0.04142863
v 0.15605193 0.19309694 0.02048834
v 0.10409356 -0.22335045 0.01063342
v 0.04762920 0.21120524 -0.01432630
v 0.03548726 -0.22878501 0.06473023
v 0.10559258 -0.21023054 0.10038344
v 0.16446425 0.12489535 -0.05664142
v 0.06970415 -0.18879638 0.10202208
v -0.15194762 0.01061524 -0.09927619
v 0.13093938 0.19454793 -0.09519375
v 0.06351845 0.23031502 -0.04153790
v 0.15439767 -0.16480998 0.08779570
v 0.15149020 -0.16857702 0.09003130
v 0.16576715 -0.02722795 0.07470750
v 0.12331165 -0.23038809 -0.01576810
v -0.00466300 0.21520331 0.01035955
v 0.10500983 0.22702391 0.05954145
v -0.05510210 -0.07977198 0.10742388
v -0.03958436 0.19142603 -0.04481387
v 0.13370460 -0.20690694 -0.09644505
v -0.15013282 0.19619290 0.07633435
v 0.03471225 0.19972816 -0.08643330
v -0.09635972 0.22458491 -0.00432645
v 0.02936481 0.19910659 -0.09008877
v 0.08001896 0.18143740 0.10453358
v -0.13703774 0.21594694 -0.07485736
v -0.00132201 -0.21987488 -0.03047540
v 0.14610730 -0.05638980 0.10509100
v -0.07703722 0.19874333 -0.08678288
v -0.13784840 0.20617361 -0.08643497
v -0.14410020 0.20447607 -0.08034170
v 0.06733980 -0.20099821 -0.10282123
v -0.15755663 -0.17782774 -0.04209788
v -0.07263290 0.18471535 -0.02594830
v -0.13869405 0.22004311 0.05982302
v -0.04240208 -0.23085372 0.08317016
v -0.13414078 0.11383736 -0.11260922
v -0.09096488 0.21276402 0.07901980
v -0.09322675 0.19442810 0.10080777
v 0.15147860 -0.21360209 -0.05182670
v -0.01536035 0.19942522 -0.08565470
v -0.09536598 -0.12360454 -0.11342244
v 0.11466490 -0.23007531 0.03333320
v 0.08114795 0.23113375 -0.05032855
v 0.15117404 -0.20996726 0.06424835
v 0.14256222 -0.22573273 0.06409994
v 0.12859665 0.23131840 -0.04150940
v 0.09180487 -0.23201430 0.08102853
v 0.08299036 -0.19665096 0.10307584
v 0.09050689 -0.15246115 0.10973084
v 0.15504080 0.19821815 -0.01032828
v 0.04255340 -0.22163556 0.04380135
v 0.13012589 -0.22777445 -0.08412253
v -0.06086194 -0.23147628 0.07793564
v -0.14213555 0.15863920 0.09941440
v 0.07184538 0.10152087 -0.11200007
v -0.06004075 -0.22434106 -0.09433411
v -0.12553675 -0.22994065 -0.01312780
v 0.09943902 0.20152397 0.07457333
v -0.13760648 0.18674737 -0.09646195
v -0.11433647 -0.22912331 -0.01478660
v -0.10815988 -0.22947352 0.05940682
v -0.14844120 0.20850570 -0.05336100
v -0.14118110 0.21347229 -0.07330740
v 0.07206702 0.12768923 0.11370850
v -0.15110060 -0.20966120 0.06923285
v -0.12224127 -0.23180130 -0.07233003
v -0.15560865 0.14390764 -0.08923771
v 0.16368216 0.05360155 0.02950430
v 0.16263049 0.09432057 0.02033791
v 0.15566099 0.22537820 0.01552422
v -0.12656710 0.22523644 0.00438000
v 0.03025216 0.14929836 -0.10982901
v -0.16387781 -0.01853949 -0.06434143
v 0.06984798 -0.22398615 -0.09402568
v -0.15620853 0.06428391 -0.09437262
v 0.02726481 0.10585725 -0.11264857
v 0.10704597 -0.22256353 -0.09443790
v -0.03163325 -0.22244370 0.05322129
v -0.14975215 0.17444705 0.08701465
v 0.11994598 -0.23115957 -0.08213708
v 0.12498336 -0.23017540 -0.08319210
v 0.13963245 -0.22308424 -0.08122708
v 0.15692443 -0.11895161 0.09457526
v 0.12932630 0.20027876 -0.08555738
v 0.13245373 -0.22985773 -0.07722765
v 0.10005490 -0.22244599 -0.02782580
v 0.07347047 0.23017812 -0.04851115
v 0.13378987 0.19938698 -0.08622662
v 0.09959330 0.22924039 -0.05545094
v -0.11031410 0.22552636 0.02809455
v 0.16512665 -0.02814795 0.05444843
v -0.08626487 -0.22717447 -0.09154818
v 0.14595506 -0.21763260 0.07730209
v -0.12444175 0.15936610 -0.10866300
v 0.12666888 -0.08738319 0.11183304
v -0.16481262 -0.07513366 -0.03349742
v -0.11071235 -0.23160365 -0.07721110
v 0.11756930 0.23174253 0.03643520
v 0.06930550 0.10074196 0.11367742
v -0.15750138 -0.10255188 0.09224136
v -0.15863816 0.01041199 0.09108177
v -0.16245570 0.14233905 -0.00244555
v -0.15241867 -0.20944240 -0.00194655
v -0.16394633 0.06700406 -0.00212391
v -0.16413870 -0.01807546 -0.03458334
v -0.16395413 0.02344529 -0.01053691
v -0.01206469 0.16262099 -0.10875720
v 0.02473228 0.17581410 -0.10549679
v -0.00852578 0.11130631 -0.11298389
v -0.14905117 0.06359165 -0.10222188
v -0.04055744 0.08835732 -0.11287314
v 0.00862490 0.05619480 -0.11021372
v -0.08473536 -0.05136923 -0.11106954
v 0.00309640 -0.06082185 -0.10951395
v 0.05016286 -0.06532420 -0.10872145
v -0.01130727 -0.01576181 -0.10973326
v -0.12171550 -0.23174927 0.06341560
v -0.10829716 -0.23151829 0.07190961
v -0.06886798 -0.22134981 -0.03610006
v -0.06228133 -0.23096526 -0.07198637
v -0.02072064 -0.23060801 -0.07622187
v 0.09405661 -0.23165333 -0.07753882
v -0.01768900 -0.22133596 0.04474632
v 0.02362021 -0.22062957 0.03593524
v 0.08045766 -0.22170510 -0.03326619
v 0.05473665 0.19995331 -0.08649875
v 0.08365730 0.20093820 -0.08188790
v 0.14592320 -0.19946470 -0.08691685
v 0.15037925 -0.09066245 -0.10108122
v 0.14933441 0.16689265 -0.09038025
v 0.14882061 0.17992592 -0.08698316
v 0.15726764 -0.00958787 -0.09366306
v 0.15659918 0.11267595 -0.09407223
v 0.15296402 0.05398573 -0.09831381
v 0.14759014 0.07014188 -0.10356901
v -0.00706175 0.19039475 -0.03835132
v 0.08337302 0.23183310 -0.03669153
v 0.15001408 0.23101547 0.00312788
v -0.06498815 0.18816015 -0.03712715
v 0.16058024 0.15219500 -0.05579035
v 0.16515744 -0.08478930 0.01018947
v 0.16454498 -0.00003232 0.00098307
v 0.16487985 -0.01139017 -0.01823946
v 0.16239433 0.10304048 0.00394696
v 0.16263835 0.11247751 -0.00733382
v 0.10513952 -0.11803471 0.11181022
v 0.07735456 0.03507106 0.11020796
v -0.08161035 0.04931155 0.10879285
v -0.10417740 0.07516319 0.11151254
v -0.02815575 0.15727625 0.10948815
v -0.14844240 0.12315550 0.10162870
v -0.14699233 0.06082414 0.10302124
v 0.02007840 0.18370913 -0.10386255
v -0.01094245 0.19859933 -0.06248955
v -0.01109509 -0.21942787 0.01999478
v 0.03704206 0.16122538 -0.10772138
v 0.01298725 -0.21948025 0.02082840
v 0.11444522 -0.23163056 -0.07218965
v 0.06647419 0.03823298 -0.10929508
v -0.01211312 0.15041981 -0.11067334
v -0.14292902 0.04155113 0.10606519
v -0.07417900 -0.05991750 0.10742919
v 0.06427830 -0.22057171 -0.02160559
v 0.05974708 -0.04107552 -0.10876344
v -0.02380985 -0.22000599 0.02919395
v -0.05799208 -0.20840576 0.10057822
v -0.15543290 0.14142129 0.09039618
v -0.12076930 0.22565639 0.02864225
v 0.07450940 0.18647225 0.10328676
v 0.12004580 -0.15274980 -0.10883685
v -0.08159340 -0.01560055 0.10770590
v -0.15625036 0.14810013 0.08728570
v -0.02663826 -0.23067210 0.07617234
v 0.03309851 -0.01701351 -0.10912709
v 0.03019430 0.01630444 -0.10948083
v -0.15766803 0.08989339 0.09224899
v -0.08145385 0.00708048 0.10802182
v 0.16505049 -0.05889675 0.04288024
v -0.11157012 0.12123749 0.11174315
v 0.05570565 -0.23070760 -0.07231630
v -0.16016910 -0.16626940 -0.02169715
v 0.04093126 -0.22037475 0.02887721
v 0.06765522 -0.20961397 -0.10123355
v -0.11314043 0.12774175 0.11154941
v 0.06906489 0.18421441 -0.10251484
v -0.02827909 -0.12357312 0.11002761
v -0.05320760 0.19302382 -0.05092972
v -0.14827100 0.03245050 0.10163120
v -0.15709213 0.04662522 0.09298478
v -0.12273115 0.19533050 0.09869095
v -0.11962727 0.18811698 0.10171988
v -0.10129355 0.17866009 0.10528170
v 0.16460553 -0.00027774 0.02758495
v 0.02307064 -0.23086176 0.07750409
v 0.09729302 0.11008477 -0.11138995
v 0.05691115 -0.11607400 -0.11124820
v -0.14688621 -0.00558690 0.10278620
v -0.04311292 -0.11072299 0.10978713
v 0.08322770 -0.22107050 -0.01095040
v -0.04024074 0.19899750 -0.08506326
v 0.05165931 0.20090177 -0.07134168
v -0.12342000 -0.23150899 -0.04968920
v 0.07144610 -0.22090199 0.02329720
v 0.12478110 -0.23190050 -0.06586805
v -0.02127234 0.18067862 -0.10558927
v -0.15390400 0.19143480 0.02750090
v -0.01705570 0.22492747 0.00002720
v -0.09103295 0.11191187 0.11220448
v -0.04940510 -0.22030540 0.02649855
v 0.12888401 0.23179281 0.01978570
v -0.15591409 0.11291414 -0.09439530
v -0.14671333 -0.04600826 0.10316912
v 0.16538824 -0.10161374 0.06510746
v 0.02262181 0.20064483 -0.04208389
v 0.16304828 0.07794983 0.03004743
v -0.03150776 0.18575124 0.02564699
v -0.05198356 -0.02944265 0.10747498
v 0.14712077 -0.21077018 -0.08163648
v 0.12464453 -0.23175395 -0.04985335
v -0.16558583 -0.11749455 -0.02578401
v -0.06288469 -0.11076026 -0.11282350
v -0.15665162 -0.03307342 0.09334885
v 0.04118057 0.20128195 -0.05316141
v -0.08737105 0.18727565 0.10405225
v -0.15067754 0.20431006 0.03352639
v 0.15422025 -0.16109828 -0.08913928
v -0.01803382 0.19117552 0.04141768
v -0.15741130 0.16863545 0.04717420
v -0.04311046 -0.05778134 0.10735925
v 0.05287086 -0.22096739 0.03391457
v -0.12174138 0.22550259 -0.00945320
v -0.15998456 0.15331718 0.05574878
v 0.11921390 0.08607660 -0.11045940
v 0.03364332 -0.20878735 -0.10180886
v -0.07670208 -0.22157731 0.03427110
v -0.03523450 -0.00790285 0.10782434
v -0.04145454 0.02851626 0.10859967
v -0.14671612 -0.13054558 0.10318738
v -0.08404970 0.17619129 0.10667590
v -0.03884839 0.19931552 0.06792510
v 0.03267846 -0.20906096 0.10100497
v -0.16546036 0.08081887 0.06957269
v -0.16371018 0.02999547 -0.06331581
v 0.07349815 0.20184083 -0.06582968
v 0.14812309 -0.02421160 -0.10306598
v 0.15917292 -0.09795067 -0.09179004
v 0.15932248 -0.04313119 -0.09148046
v -0.01405570 0.19936180 0.06463450
v -0.07793290 0.16287270 0.10867670
v 0.04840834 0.17034336 0.10661474
v -0.15678260 0.17782795 0.02577745
v 0.01351673 -0.10781760 -0.11163193
v -0.00707645 -0.10701441 0.10999572
v -0.16495138 0.10649815 0.04688606
v -0.01404356 -0.04798628 0.10761398
v -0.03294607 0.02073745 -0.11017509
v 0.10347207 0.20037298 -0.08597463
v -0.16375955 0.07478132 -0.06394415
v 0.14794787 0.00832930 -0.10321089
v -0.06698347 0.18246425 0.10551724
v -0.07267730 0.17696960 0.10673970
v -0.02562544 0.09707313 0.11324742
v 0.14639585 0.04047439 -0.10451447
v -0.16558712 0.04753556 0.06523130
v -0.06363820 0.14414730 0.11127100
v -0.04975926 0.11451702 -0.11325599
v -0.15926150 0.16562370 0.01456350
v -0.14067862 -0.19033184 0.09349466
v -0.07081540 0.17973959 -0.10757461
v -0.03724650 0.19990979 0.07354280
v 0.03453628 -0.17569449 0.10369813
v -0.06055949 -0.20812359 -0.10206064
v 0.00595882 -0.02451857 0.10805736
v -0.11255457 0.22523320 -0.05218605
v -0.01215863 0.01169282 0.10848336
v 0.12514176 0.19919790 -0.08973030
v 0.02491586 -0.12048534 0.11061811
v -0.16248282 0.14121171 0.02342311
v 0.08616330 -0.22201750 0.03427740
v -0.16483794 0.06695944 0.04410261
v 0.15652022 -0.18912443 -0.03949473
v 0.10865887 0.20165253 -0.07311585
v -0.02290424 0.14251126 0.11176956
v 0.16225452 0.08305155 0.00562816
v 0.14799592 0.10067226 -0.10302835
v -0.15444155 0.18883135 0.00970510
v -0.03489844 -0.22118394 -0.04236818
v -0.15767061 0.17382340 -0.00052640
v -0.05656072 0.15704417 -0.11069369
v -0.14334383 0.21716945 -0.03641376
v 0.03684365 0.14742380 0.11079961
v 0.13851336 -0.19739450 0.09478467
v 0.16433990 -0.14491404 -0.03512755
v -0.05694311 -0.22028403 -0.02095934
v 0.16576022 -0.10038048 -0.05171818
v 0.15938709 -0.17345542 -0.02548813
v 0.06820600 0.23159690 -0.02435770
v -0.16581061 -0.06489077 0.05937618
v -0.15309830 0.19322740 -0.00130580
v 0.16394327 0.03346003 0.01494757
v -0.01185697 0.20049214 0.07479570
v 0.12378820 -0.23075745 0.02900673
v -0.16567074 -0.03930775 0.05520625
v -0.16420084 0.04844775 0.02217520
v -0.06327137 0.17298115 -0.10860010
v -0.10006570 -0.22237310 0.02864040
v 0.16576570 -0.06952391 -0.05652202
v -0.16389083 0.03860621 -0.04292142
v -0.16448573 0.00930874 0.03111048
v 0.08823620 0.23157289 -0.05045900
v 0.02833436 0.00218792 0.10886430
v -0.16417450 0.10481850 0.00262640
v 0.16534346 -0.07857501 -0.03099205
v 0.03824110 -0.05067040 0.10834880
v -0.16581084 -0.11432239 0.05387623
v -0.16408380 0.08533098 0.01118920
v 0.16585605 -0.11768407 -0.03154690
v -0.12374195 -0.23152847 0.04728417
v -0.00056800 -0.20658045 -0.10248975
v 0.16574498 0.01229226 -0.05832996
v 0.03690841 0.03553820 0.10979908
v 0.06787545 -0.11381496 0.11128809
v -0.07379475 0.10424321 -0.11307491
v 0.16569122 -0.02743782 -0.05136520
v 0.00450241 0.09833084 0.11365342
v 0.15998991 -0.16947160 0.00101204
v -0.01236820 0.17813669 0.10545160
v -0.12419885 0.21706486 -0.08031115
v -0.15942675 0.16496630 -0.00798265
v -0.15412140 0.18994315 -0.02408415
v 0.09766765 0.23193004 -0.03420315
v -0.06966115 0.14844310 -0.11167815
v 0.01533026 0.20088758 0.06751896
v -0.14493761 0.21490333 -0.05135514
v -0.15696005 0.17753775 -0.02059925
v 0.11568153 -0.23178837 0.07436165
v 0.12338663 -0.23184934 0.05884870
v 0.16538386 -0.10456456 0.04254127
v 0.06727772 -0.05198345 0.10897504
v -0.05936186 -0.02129145 -0.11048605
v -0.16485976 -0.03999252 0.02108921
v 0.16493590 -0.03795241 -0.01666822
v 0.08353058 0.23184164 -0.00422317
v -0.08106355 0.17679420 -0.10816931
v 0.16491240 0.06754975 -0.05906931
v 0.02990704 0.20127375 0.05968779
v -0.16551347 -0.07030824 0.03597032
v -0.06586998 0.01686851 -0.11071490
v 0.06599535 0.23172405 0.01599595
v -0.15882055 0.16619365 -0.02627170
v -0.14767325 0.14852322 -0.09699040
v -0.11015493 0.20450683 -0.09455258
v -0.15651948 -0.18542351 0.05223326
v -0.15600845 0.17987865 -0.03359312
v -0.16148649 0.14855410 -0.02170930
v -0.06830239 -0.22216856 -0.04733620
v -0.08316615 -0.22134106 -0.02499183
v 0.01881916 0.20054669 0.08024911
v -0.07587320 0.16062829 -0.11034070
v -0.16571381 -0.09769404 0.02864025
v 0.16434640 0.04174174 -0.03491809
v 0.15830947 -0.17599676 0.04060755
v 0.05971946 0.20149727 0.07119759
v 0.06095117 -0.01199535 0.10930024
v -0.15101763 0.19775742 -0.05429071
v 0.16490312 0.01330191 -0.03076725
v 0.16555339 -0.11042342 -0.00453887
v -0.11218113 0.12081584 -0.11348028
v 0.11890898 -0.23178120 0.07951759
v 0.15709492 0.17338849 -0.06334872
v -0.16427721 -0.00379268 0.01333054
v 0.12364786 0.23152695 -0.02039934
v 0.09466050 0.23187885 -0.00722661
v 0.16498431 -0.06674047 -0.00773240
v -0.10821666 0.18733571 -0.10453404
v 0.16339700 0.09369225 -0.04361758
v 0.02264310 0.17940201 0.10479650
v 0.03389595 0.20092978 0.07327883
v 0.16347612 0.07537739 -0.03915040
v 0.03239937 0.09803537 0.11380473
v -0.15716710 0.16571180 -0.05456530
v -0.10775601 0.14151815 -0.11179528
v 0.08205172 0.23158605 0.04633338
v -0.16459208 -0.03903205 -0.00223884
v -0.16423305 -0.00955920 -0.00348086
v 0.16311780 0.06136088 -0.02146021
v -0.16399242 0.08225734 -0.04633761
v -0.16414495 0.10807835 -0.04140426
v 0.16114380 0.14807382 -0.04534455
v 0.16491717 -0.04887545 0.00166572
v -0.16504230 -0.14051449 0.02485845
v -0.16413785 0.12226419 -0.04875152
v 0.16363600 0.03886644 -0.00814333
v 0.08306356 0.23191495 0.02891596
v -0.16523572 -0.08137468 -0.00120237
v -0.16082177 0.14769253 -0.04541813
v 0.16258700 0.09749840 -0.02883618
v 0.16285282 0.11025066 -0.02757798
v 0.16234170 0.08498830 -0.02130190
v 0.10164294 0.23188307 0.00888220
v -0.15259125 -0.20868065 0.02391990
v 0.15571479 -0.18654717 0.06355430
v -0.14579922 0.19107929 -0.08577765
v 0.16477603 -0.04410820 0.01940889
v 0.16205585 0.09370325 -0.01142010
v 0.16230901 0.07590196 -0.00195371
f 264 282 292
f 691 1368 1932
f 1739 2047 22
f 1317 1844 1142
f 1265 33 2147
f 36 32 2084
f 67 68 1790
f 762 438 21
f 2082 104 624
f 1033 685 518
f 381 87 1837
f 656 125 2140
f 1826 60 62
f 2112 1740 332
f 1291 1056 1297
f 152 153 1483
f 2084 155 12
f 166 163 158
f 865 1920 862
f 182 992 203
f 245 2430 1608
f 497 1522 144
f 437 24 170
f 215 254 1659
f 263 256 276
f 273 274 1698
f 272 1044 527
f 1658 17 2188
f 1557 1380 298
f 238 1937 215
f 301 296 300
f 1220 300 1976
f 298 653 438
f 170 24 1411
f 979 1314 1375
f 237 437 170
f 1745 405 150
f 332 333 410
f 359 348 1327
f 1368 361 103
f 647 648 239
f 1340 367 629
f 368 343 89
f 2141 1840 1841
f 1320 383 1814
f 1002 1001 1751
f 77 385 384
f 130 1208 576
f 722 1909 647
f 1980 402 398
f 593 172 142
f 741 1853 31
f 415 414 412
f 416 415 1776
f 941 1729 618
f 332 417 1473
f 64 308 427
f 64 35 308
f 1319 1685 1682
f 56 304 437
f 639 1968 1952
f 1704 988 1786
f 695 614 1201
f 446 197 6
f 452 146 524
f 146 452 453
f 1685 447 1682
f 1920 107 1558
f 851 467 1046
f 238 460 1937
f 2076 820 1323
f 471 358 250
f 238 215 1659
f 325 270 680
f 212 510 509
f 193 1540 183
f 396 126 394
f 621 595 1667
f 4 263 276
f 372 532 531
f 536 640 349
f 1540 833 1557
f 367 920 1339
f 287 550 552
f 421 168 573
f 583 316 575
f 316 1769 168
f 1616 579 581
f 581 580 583
f 588 60 590
f 594 1827 1324
f 578 1995 597
f 1270 590 1826
f 990 386 137
f 1139 287 278
f 1504 1823 112
f 986 633 501
f 282 692 292
f 1409 143 1728
f 1428 652 1448
f 160 161 664
f 160 664 49
f 692 355 292
f 264 292 827
f 292 696 827
f 702 699 1067
f 707 259 704
f 703 704 259
f 621 706 149
f 703 713 278
f 621 705 706
f 703 278 704
f 713 703 709
f 2118 713 709
f 1043 259 273
f 707 704 714
f 621 717 705
f 712 705 537
f 2118 709 1021
f 716 712 710
f 719 713 710
f 726 2067 723
f 726 2158 2067
f 727 725 722
f 730 733 1971
f 737 734 391
f 742 744 735
f 16 197 446
f 408 734 739
f 1870 680 1375
f 739 734 738
f 741 740 1055
f 322 743 735
f 322 2111 743
f 391 734 747
f 741 739 740
f 592 743 2111
f 744 737 735
f 2104 2045 446
f 739 738 749
f 739 741 408
f 752 754 753
f 756 754 752
f 754 756 755
f 646 751 757
f 761 760 649
f 471 760 761
f 1699 2128 1975
f 2197 769 393
f 214 776 771
f 772 214 773
f 782 779 778
f 779 780 1514
f 778 779 1604
f 1899 283 2089
f 784 789 785
f 784 787 789
f 795 794 310
f 134 801 799
f 134 799 800
f 151 1491 1150
f 1928 819 818
f 818 2125 1928
f 819 821 822
f 1918 2125 818
f 443 1918 818
f 35 765 34
f 826 824 825
f 824 828 825
f 1728 1820 1086
f 2120 1314 94
f 841 846 843
f 10 289 684
f 1946 1979 2095
f 258 257 2091
f 876 875 872
f 875 877 872
f 872 874 873
f 873 876 872
f 538 872 877
f 876 878 875
f 879 881 880
f 1676 885 2162
f 1938 886 1930
f 880 2055 679
f 895 896 893
f 893 1943 895
f 1501 455 464
f 901 899 455
f 455 897 901
f 897 507 901
f 904 1705 902
f 2116 908 902
f 1198 693 1201
f 905 904 903
f 911 915 487
f 2204 2301 2249
f 916 1935 913
f 917 616 451
f 921 918 87
f 923 918 1810
f 928 927 929
f 1849 1121 1485
f 2131 934 930
f 631 947 2029
f 952 948 1060
f 1488 973 312
f 1813 1328 380
f 951 953 948
f 1879 1882 960
f 962 965 961
f 967 966 968
f 969 971 967
f 968 969 967
f 1143 898 900
f 966 970 968
f 968 970 972
f 977 975 974
f 1201 693 695
f 671 336 978
f 978 988 671
f 978 708 979
f 942 982 1524
f 994 977 993
f 216 138 995
f 362 638 914
f 2166 48 1946
f 1339 919 1338
f 1998 2109 2187
f 249 1005 403
f 1309 1688 1779
f 1048 1047 1441
f 1674 1069 710
f 268 620 206
f 2166 160 49
f 2166 1656 48
f 48 1477 506
f 732 1560 731
f 716 1069 1070
f 710 1069 716
f 1362 926 105
f 1073 1361 628
f 1068 1067 2087
f 1048 1049 1733
f 52 1476 1493
f 1070 176 40
f 1398 940 914
f 957 2027 1862
f 944 2185 1823
f 380 75 1813
f 1091 1969 1102
f 279 1091 1102
f 1713 2088 1100
f 110 1122 1108
f 1020 683 1120
f 1111 625 2229
f 74 380 1328
f 1108 1122 1809
f 1775 1124 1774
f 114 374 561
f 2191 41 1736
f 1143 1532 1186
f 1124 1131 1785
f 695 693 692
f 1643 283 2277
f 1649 1296 1105
f 1143 548 689
f 1998 2187 2289
f 2029 1818 2005
f 939 1807 562
f 2372 2184 1302
f 1149 1874 917
f 1148 1171 1173
f 1139 1753 550
f 1719 1180 1263
f 463 216 219
f 1161 1166 1222
f 1185 189 1161
f 1532 1207 1186
f 1532 887 1207
f 2 454 787
f 1166 1354 1222
f 567 1364 866
f 1853 1220 1976
f 1879 659 670
f 1869 508 670
f 1228 1227 2041
f 695 692 1916
f 1185 1222 1256
f 805 1495 1234
f 684 2354 14
f 1215 1294 1245
f 1246 1215 1245
f 1252 1982 1257
f 1997 2020 1389
f 162 147 1247
f 2020 1997 1464
f 741 1055 750
f 582 1053 1257
f 1298 2003 1240
f 388 1261 1130
f 1267 2322 1778
f 137 587 1274
f 338 571 62
f 1550 1551 1534
f 692 282 694
f 1289 1246 1245
f 2029 2005 1788
f 338 572 571
f 744 870 981
f 1290 1285 931
f 2473 2265 1997
f 1233 1256 1222
f 470 659 141
f 1299 1781 147
f 1250 2310 1187
f 1443 329 54
f 1762 1301 1763
f 1056 1302 1297
f 1310 812 1211
f 1308 1334 1310
f 658 656 470
f 172 169 794
f 470 141 658
f 696 355 528
f 92 2017 1367
f 219 216 995
f 938 382 350
f 1307 406 551
f 920 1340 628
f 535 788 2163
f 2163 2447 535
f 1739 22 1342
f 1867 1348 2181
f 1133 1134 1738
f 1350 1173 1308
f 2027 957 99
f 192 191 1174
f 1791 110 363
f 1108 363 110
f 1116 811 810
f 1345 1369 1888
f 1371 1370 1382
f 276 256 930
f 362 1340 629
f 940 628 1340
f 1034 1041 1081
f 1031 1034 1081
f 1051 1453 1498
f 2169 2201 2404
f 1073 1037 1361
f 105 1361 1037
f 105 926 1361
f 1188 1167 1386
f 335 815 150
f 1142 721 1317
f 1384 1132 1178
f 1385 1198 442
f 529 1198 1385
f 1400 642 1036
f 1377 1184 1050
f 1011 2144 1517
f 2339 2483 2354
f 1558 567 1920
f 347 531 373
f 935 933 181
f 1061 1876 411
f 1713 1100 1416
f 1639 1965 1542
f 950 2189 949
f 1766 1759 1422
f 136 1429 976
f 838 1433 1434
f 510 1898 1074
f 1693 1743 1437
f 1451 1693 1907
f 213 477 507
f 1477 1650 1921
f 897 455 1022
f 1023 504 897
f 150 401 184
f 402 512 1467
f 1470 1424 1469
f 1272 1273 213
f 827 296 264
f 960 1424 1470
f 90 1912 1475
f 1476 1469 1424
f 48 1463 330
f 2191 652 2242
f 665 790 1463
f 516 1444 1712
f 1425 1481 1444
f 1488 970 973
f 2154 2459 1086
f 1484 422 673
f 676 972 1129
f 58 676 1873
f 1717 167 1223
f 1417 1870 2387
f 1062 241 188
f 500 466 1525
f 988 305 1786
f 1210 94 1058
f 1275 280 850
f 501 633 1922
f 1117 850 1030
f 1137 954 748
f 336 671 232
f 1510 1904 1851
f 1515 1517 1588
f 1516 729 445
f 1287 218 2122
f 1895 1529 833
f 833 554 1895
f 1953 1954 1955
f 1651 1530 1644
f 1935 1531 1537
f 1940 1539 1472
f 674 828 867
f 2187 2274 2289
f 757 1541 1647
f 1547 1546 1924
f 288 435 2368
f 1556 1559 910
f 1573 911 1559
f 1528 1576 1949
f 1577 1546 1593
f 1590 1572 1578
f 1571 1578 1572
f 1583 1587 1892
f 1063 1378 1061
f 1568 424 1567
f 435 288 1663
f 1577 1593 1576
f 1568 883 1602
f 1595 1631 882
f 1599 1949 1576
f 1765 2388 960
f 1967 257 1846
f 752 2161 2073
f 724 1927 2126
f 1613 1612 1614
f 424 474 476
f 1894 1620 1563
f 869 1579 643
f 823 1629 1641
f 845 853 841
f 657 1595 881
f 1617 1347 1543
f 755 1581 754
f 1641 826 1562
f 1580 1566 1640
f 199 537 1344
f 1892 1642 1583
f 1537 1644 1645
f 1549 1664 1596
f 107 865 1550
f 2487 2199 2497
f 1005 840 403
f 1652 1530 1651
f 1652 1525 1503
f 1779 1598 1360
f 2380 2240 2165
f 886 885 18
f 182 1329 633
f 1861 1871 1874
f 554 661 867
f 292 355 696
f 195 661 486
f 791 731 51
f 836 2107 2108
f 1446 1438 1740
f 1754 1446 1089
f 335 655 815
f 1478 1121 1849
f 1441 1479 1664
f 1480 1499 1050
f 1453 1050 1499
f 1453 1499 1498
f 1051 1498 1440
f 1513 1675 1676
f 1528 221 1452
f 1677 1010 461
f 1045 855 1014
f 1660 494 19
f 1441 1047 1479
f 503 1683 1022
f 1480 1050 1454
f 221 1435 1452
f 709 1683 1689
f 1689 1021 709
f 459 468 478
f 1959 459 478
f 2083 1690 1697
f 1454 1049 1441
f 1019 860 859
f 1698 1273 1272
f 1628 2190 826
f 1275 1117 1491
f 768 1702 1275
f 210 1673 268
f 1253 1254 1492
f 211 2250 220
f 307 1165 170
f 999 1003 1000
f 999 1000 249
f 855 683 1020
f 1051 1401 1079
f 651 2107 2004
f 1419 706 716
f 1096 149 1419
f 713 1672 278
f 278 1672 1753
f 287 714 278
f 962 1374 146
f 1891 1374 1883
f 249 281 999
f 2050 533 904
f 905 2050 904
f 985 1710 1719
f 1717 1223 1711
f 1504 112 900
f 1180 1719 1710
f 1718 667 664
f 1728 143 768
f 1722 49 1721
f 1656 666 665
f 1656 1722 1721
f 161 1718 664
f 1723 2042 1715
f 54 1725 1490
f 1161 614 1395
f 419 417 331
f 1863 1464 432
f 348 921 1327
f 1737 1736 1723
f 1445 1737 2040
f 887 1532 689
f 943 632 1832
f 2458 1460 2498
f 1144 1160 795
f 1733 1735 1182
f 1428 1835 652
f 57 603 590
f 479 1920 2464
f 1854 1445 1459
f 612 1333 1306
f 1372 1299 1875
f 1783 1565 1569
f 409 1449 1964
f 1739 1342 1803
f 1859 1431 1470
f 1355 1758 22
f 1850 1164 549
f 1175 190 549
f 1211 1341 2049
f 1211 811 1341
f 1853 1976 433
f 1803 1342 1749
f 1754 1429 1446
f 1646 1231 192
f 1357 1646 192
f 414 416 1206
f 1619 1616 544
f 1615 1758 1355
f 654 395 394
f 686 580 1254
f 82 119 1760
f 2100 1263 1180
f 468 1956 478
f 139 148 688
f 1032 82 133
f 579 1619 1356
f 1776 688 148
f 168 421 575
f 121 987 976
f 976 987 974
f 31 408 741
f 1776 412 688
f 687 688 1585
f 657 1917 1926
f 1541 2078 1647
f 591 179 315
f 1415 977 994
f 387 808 1259
f 1260 808 387
f 1266 1781 42
f 1256 1569 1575
f 407 2242 117
f 1781 1784 147
f 2242 652 2418
f 955 868 1840
f 1267 1038 864
f 1789 85 1784
f 1544 1790 68
f 1154 599 1312
f 109 1415 363
f 109 1108 1015
f 1026 2032 1792
f 1261 1288 1130
f 574 1800 609
f 861 862 1624
f 2009 384 137
f 1219 1203 65
f 945 345 801
f 1206 1646 1357
f 2138 1106 1793
f 1393 2018 1057
f 1092 1002 1004
f 887 689 114
f 244 269 2386
f 1932 1791 363
f 99 957 955
f 382 938 556
f 1819 932 1082
f 2028 1819 1082
f 118 1123 88
f 912 1123 98
f 1152 1205 1011
f 631 101 947
f 938 350 1811
f 1140 1099 111
f 2023 1099 938
f 2495 2493 2501
f 1338 1093 1339
f 1338 1094 627
f 1099 357 111
f 1824 95 93
f 1825 1824 93
f 919 1823 1338
f 1057 1054 1821
f 1821 1054 1811
f 2184 1083 1817
f 2180 1812 2184
f 909 689 548
f 2436 848 2209
f 918 921 1810
f 2004 2189 125
f 1804 2142 645
f 1405 268 530
f 68 569 341
f 737 69 738
f 993 987 1404
f 1060 1059 101
f 1253 742 743
f 1479 493 2305
f 2069 251 260
f 346 1670 645
f 1773 349 1670
f 1766 1422 1052
f 2189 950 1841
f 1131 1842 119
f 854 1774 347
f 1426 1842 1775
f 1248 162 1247
f 1008 830 1414
f 1756 1670 346
f 1633 1064 668
f 316 583 582
f 1780 1296 1205
f 303 177 747
f 1432 1434 1433
f 741 1292 1853
f 745 408 550
f 1438 1449 409
f 1449 1438 1446
f 1213 1230 1226
f 1754 1089 1855
f 929 1755 1855
f 1861 1762 1860
f 330 1463 1462
f 1463 1471 1436
f 1471 401 1436
f 401 1471 184
f 1360 1598 1291
f 763 1747 151
f 1865 1653 1487
f 1089 2112 1484
f 2202 2481 2467
f 331 1487 419
f 49 1722 2166
f 1474 311 422
f 1221 1325 1883
f 1487 1653 58
f 152 1654 12
f 474 1606 476
f 1134 973 1877
f 1353 1956 468
f 1671 43 1878
f 1671 1877 423
f 34 431 35
f 2101 1052 1422
f 1167 1190 1386
f 1741 1344 537
f 1387 1177 1410
f 879 880 679
f 1773 373 372
f 4 1788 1305
f 645 1670 349
f 2086 481 488
f 1148 798 1421
f 1880 1972 1382
f 1212 1164 621
f 1403 444 699
f 444 1403 441
f 1118 1135 1905
f 1884 962 1885
f 2049 1341 521
f 2052 257 1967
f 1458 395 654
f 398 1071 397
f 791 1663 288
f 1972 176 1070
f 719 712 199
f 1657 1536 78
f 867 1895 554
f 676 1129 1873
f 2146 396 398
f 1898 1091 1074
f 1474 417 311
f 1534 1533 1550
f 1655 1534 1551
f 1533 1381 1901
f 2308 2293 2318
f 2121 727 819
f 953 2141 1841
f 277 787 788
f 1515 1586 1359
f 1908 1451 266
f 1475 1912 1913
f 1475 1913 216
f 1689 503 1502
f 1679 1067 1584
f 1639 1638 1919
f 985 1007 1953
f 1523 256 263
f 1919 2061 2156
f 1639 1919 2156
f 1349 1613 1636
f 1475 1666 992
f 2066 424 1568
f 1922 1519 982
f 1924 1499 1480
f 464 899 1929
f 1433 842 1336
f 1928 2125 1927
f 1935 916 2079
f 1432 815 1434
f 498 1950 1555
f 1927 819 1928
f 473 1623 657
f 842 1433 838
f 841 1603 846
f 767 644 766
f 1892 1587 1584
f 254 522 517
f 953 2033 2141
f 2033 953 951
f 649 1322 1947
f 1947 1707 649
f 2462 2457 2238
f 2161 646 758
f 758 646 759
f 1942 1943 1635
f 1597 1596 1944
f 1548 1549 1600
f 1548 1600 1547
f 759 649 758
f 1546 1577 1545
f 1859 1759 1431
f 1556 1537 1645
f 1687 894 1309
f 939 1818 1052
f 893 896 1351
f 351 767 1518
f 2103 1515 1359
f 99 955 370
f 1598 1779 577
f 1918 2499 1959
f 1923 1610 1564
f 1687 1914 894
f 1589 2216 2217
f 1502 1021 1689
f 1964 1852 975
f 1911 1542 1543
f 403 281 249
f 521 832 255
f 952 369 1832
f 2132 867 828
f 839 837 1536
f 2000 1004 1002
f 1533 1536 1657
f 1309 1779 1686
f 402 2146 398
f 521 816 996
f 721 623 1903
f 683 856 1421
f 732 731 729
f 1593 1612 1599
f 1675 1968 18
f 1047 1048 1181
f 1377 1050 1078
f 1589 209 2216
f 447 1971 682
f 176 964 40
f 964 965 1237
f 1078 1079 1377
f 1079 1401 1136
f 1604 1973 1974
f 1048 1733 1182
f 1184 1733 1050
f 1061 1378 1881
f 439 1974 933
f 1972 1880 176
f 1881 1876 1061
f 705 1741 537
f 582 687 1053
f 287 1139 550
f 305 988 270
f 1144 1145 444
f 2092 1127 541
f 1354 1166 1395
f 1941 1609 269
f 1786 1939 1704
f 1208 1207 576
f 1376 1138 1284
f 1175 191 190
f 678 1169 423
f 1671 423 1169
f 1671 1979 43
f 1169 1979 1671
f 1772 2474 2454
f 505 425 676
f 505 676 58
f 1343 1344 177
f 1171 1352 1173
f 312 973 1984
f 1133 1984 973
f 673 311 312
f 1985 37 43
f 1738 37 928
f 1706 45 50
f 1706 1489 45
f 335 405 655
f 1161 1222 1185
f 939 1052 2101
f 419 1487 1873
f 2438 2420 2239
f 693 1198 529
f 1481 1712 1444
f 1991 35 318
f 155 46 154
f 441 224 106
f 1987 1988 2097
f 1989 2097 1988
f 2097 1989 1717
f 1711 2097 1717
f 765 1991 1990
f 1762 1750 1301
f 1317 1296 1217
f 169 1838 310
f 1455 1988 1461
f 1455 1989 1988
f 1283 1762 1763
f 1089 1446 2112
f 1228 1771 1227
f 1995 1227 1771
f 2281 1259 808
f 1236 1291 1199
f 1251 1162 1277
f 1162 1262 1277
f 1760 126 396
f 1225 1238 1168
f 1267 145 1280
f 1544 1055 740
f 1254 1569 1042
f 1770 1757 1460
f 126 1426 655
f 1215 1999 2098
f 2205 2172 2207
f 1066 1427 1854
f 599 63 594
f 2418 1835 1225
f 585 587 607
f 1773 1670 1848
f 1492 1795 340
f 2472 2441 1794
f 1517 1515 2006
f 605 607 587
f 607 605 606
f 1887 1008 1278
f 1800 385 1836
f 990 384 385
f 386 990 385
f 1059 1060 1768
f 1052 1059 1766
f 137 2008 2009
f 1793 124 2011
f 981 68 67
f 870 569 981
f 1809 120 2012
f 87 611 1837
f 1251 1193 1092
f 73 120 113
f 922 963 924
f 378 2014 963
f 561 572 887
f 345 945 116
f 556 1140 1179
f 647 1909 648
f 1823 115 564
f 466 500 2235
f 2379 368 2387
f 1862 1535 957
f 938 1140 556
f 922 921 87
f 1170 1080 1081
f 333 332 1740
f 937 112 919
f 937 920 548
f 1829 926 1362
f 360 1327 1328
f 625 1111 102
f 1811 2023 938
f 1393 1819 2028
f 2019 348 359
f 2030 108 1106
f 359 1822 2022
f 1080 1359 1031
f 2442 2429 2474
f 1746 763 1865
f 1824 1825 2021
f 2023 2026 365
f 2019 2022 1016
f 1024 1016 2022
f 1339 937 919
f 1857 1107 108
f 818 823 443
f 2001 1162 1004
f 640 1093 1040
f 648 1909 1950
f 339 647 239
f 376 1126 118
f 891 361 1813
f 2017 1202 1367
f 1152 1373 1156
f 113 1122 615
f 1303 2105 1828
f 1302 1828 2105
f 683 1421 797
f 891 1813 75
f 924 74 1328
f 645 349 640
f 1011 1517 2006
f 1390 642 1785
f 2138 1793 2011
f 2414 2213 246
f 784 468 459
f 1353 468 785
f 2012 341 569
f 1806 1215 2098
f 570 870 1796
f 565 1796 340
f 340 1795 2035
f 2006 1515 1406
f 610 1274 602
f 800 799 390
f 1774 854 1426
f 119 82 1839
f 1865 331 409
f 1080 1777 1300
f 1170 1194 1242
f 1816 1422 1759
f 1234 1298 806
f 746 740 739
f 592 148 743
f 1234 806 38
f 668 1464 1863
f 1281 594 1856
f 392 1964 975
f 1283 1261 1282
f 392 830 1746
f 1763 1261 1283
f 1337 42 2094
f 1746 1964 392
f 654 394 404
f 2397 2454 2429
f 2205 2207 2419
f 1088 1389 2020
f 2038 1318 2133
f 432 1997 2265
f 1227 2039 2041
f 1468 513 397
f 402 1467 1981
f 278 714 704
f 470 656 1460
f 1211 812 811
f 313 2412 2350
f 153 786 1483
f 737 391 735
f 355 693 528
f 692 694 1916
f 1481 1425 1482
f 355 692 693
f 339 915 226
f 1667 1916 694
f 1325 1324 613
f 528 693 529
f 417 332 410
f 930 931 276
f 320 64 317
f 35 64 320
f 1936 1708 234
f 1151 1752 1301
f 166 677 163
f 165 164 678
f 1350 1410 1177
f 1173 1350 1177
f 1497 1939 41
f 2046 1874 1371
f 198 1337 1372
f 1372 1875 198
f 29 28 306
f 1822 360 691
f 1704 690 988
f 167 1224 1223
f 426 64 427
f 1969 22 1102
f 438 653 21
f 235 2394 2411
f 1403 700 2266
f 412 750 688
f 834 1734 1380
f 1685 1380 1734
f 688 750 1585
f 688 687 686
f 583 686 582
f 1484 1855 1089
f 1855 1484 929
f 1169 678 677
f 586 1132 2053
f 1709 1397 274
f 271 1709 274
f 1090 1716 526
f 2055 880 2086
f 1017 1118 1691
f 95 1015 565
f 2056 1076 1077
f 1897 1568 1510
f 1520 1316 1617
f 1946 43 1979
f 1416 2130 266
f 1078 1453 1051
f 1745 790 667
f 1723 1724 2040
f 791 51 1627
f 791 1627 1663
f 1693 1451 1744
f 1590 846 78
f 2356 2423 1088
f 1049 1454 1050
f 1721 667 666
f 666 790 665
f 664 1721 49
f 879 1917 881
f 510 1962 1681
f 509 1680 212
f 477 901 507
f 665 48 1656
f 1659 517 890
f 1652 1681 1962
f 1680 1669 899
f 1466 513 318
f 443 823 1641
f 1003 636 1000
f 772 634 227
f 479 862 1920
f 1591 832 831
f 317 663 662
f 1624 871 861
f 487 1957 916
f 786 32 36
f 223 2066 1602
f 1592 846 1603
f 1609 2159 723
f 354 358 248
f 2330 484 660
f 184 1471 790
f 231 209 1589
f 932 1817 1083
f 1609 1941 1909
f 1902 1608 2158
f 1467 512 1717
f 1545 1577 1576
f 1546 1547 1594
f 269 1555 1941
f 1941 1950 1909
f 643 1579 1591
f 649 475 758
f 760 471 764
f 230 2394 644
f 1942 1635 2068
f 1579 479 832
f 1921 842 1756
f 403 1894 224
f 646 1570 472
f 757 1570 646
f 1580 884 1566
f 1583 1642 1948
f 636 1564 1610
f 889 2072 1938
f 1005 1000 1620
f 1594 1614 1593
f 2078 233 490
f 233 1523 490
f 2121 725 727
f 1467 1717 1989
f 894 1914 1630
f 1915 1555 244
f 1480 1454 1547
f 1745 150 790
f 1583 1626 1627
f 1526 1669 1681
f 862 479 1624
f 1028 1027 1520
f 1669 1680 1681
f 150 184 790
f 182 180 992
f 1680 899 901
f 1686 1687 1309
f 465 463 219
f 1678 1677 461
f 1693 991 2321
f 1009 180 461
f 2416 2420 555
f 1567 424 476
f 1022 455 1501
f 138 1913 1673
f 1551 865 2058
f 638 640 1396
f 2378 1362 1812
f 1452 1401 1440
f 1915 1065 2060
f 1025 2060 1065
f 32 153 46
f 1358 2389 1320
f 825 828 1561
f 1903 1105 721
f 457 1105 986
f 1533 1901 1550
f 1953 1936 2157
f 883 1568 1897
f 149 523 621
f 612 1012 1333
f 1655 839 1536
f 924 1327 921
f 866 1364 1895
f 2051 1713 533
f 1713 2051 2088
f 1395 5 1890
f 1399 711 1191
f 541 1127 792
f 1161 189 614
f 2051 2090 1149
f 2050 1726 2090
f 189 442 1201
f 1647 247 228
f 1293 132 1176
f 17 18 1968
f 2078 1541 233
f 1742 15 1731
f 1837 611 1836
f 514 1734 196
f 2046 1371 1382
f 1094 2185 944
f 183 1540 298
f 320 318 35
f 675 236 748
f 1872 1885 1886
f 720 399 844
f 413 720 489
f 399 720 413
f 1184 1377 1289
f 1376 26 1377
f 1377 26 1289
f 189 543 442
f 351 483 230
f 989 1019 859
f 1587 1627 2074
f 609 1978 2106
f 1702 1430 1210
f 1430 1702 1863
f 1836 611 609
f 131 576 607
f 1735 1289 1245
f 1294 1182 1735
f 128 607 606
f 606 605 604
f 550 1753 745
f 31 1853 617
f 1211 1307 1310
f 1308 1310 1307
f 139 743 148
f 1222 1235 1233
f 550 408 552
f 552 31 617
f 1982 1252 68
f 1490 1987 2097
f 2097 1711 1490
f 1987 1490 1725
f 1661 1745 667
f 1990 1661 765
f 1647 2078 2077
f 1256 1575 579
f 1523 233 1767
f 1247 1246 1289
f 1999 1247 147
f 1242 1777 1080
f 1463 48 665
f 1261 1279 1288
f 1993 587 585
f 60 1826 590
f 2184 2372 2180
f 1866 1484 2112
f 763 1653 1865
f 1712 1482 1730
f 1712 1730 1986
f 1250 1982 2012
f 58 151 1150
f 588 590 1552
f 62 60 338
f 85 1789 1204
f 1797 1798 1787
f 737 744 69
f 870 744 742
f 1964 1449 1852
f 1429 1450 1446
f 1225 1113 1238
f 73 80 127
f 79 76 74
f 384 2099 77
f 81 79 2014
f 2014 610 81
f 81 127 80
f 1113 1114 1238
f 1018 337 585
f 1197 2105 1303
f 120 1809 113
f 922 381 378
f 358 1703 248
f 611 87 918
f 918 2013 611
f 1312 1801 1154
f 1276 108 1109
f 2020 1288 1088
f 580 579 1575
f 1130 1288 2020
f 1128 1154 1335
f 2027 99 1831
f 1041 1170 1081
f 581 579 580
f 1813 361 1328
f 110 352 1126
f 1833 121 1418
f 984 1113 983
f 625 1811 350
f 1404 1024 691
f 103 1791 1368
f 932 1819 1815
f 1393 2028 1392
f 316 168 575
f 566 2021 2344
f 583 575 1615
f 359 2022 2019
f 1361 548 628
f 1361 926 548
f 1106 108 1107
f 955 957 868
f 2032 952 2465
f 92 1367 364
f 241 1062 1028
f 958 898 1186
f 2352 2271 2212
f 600 368 2361
f 2139 1094 944
f 161 1159 1718
f 1123 912 88
f 1809 1122 113
f 374 909 1829
f 1297 1302 2105
f 382 556 84
f 1842 126 1760
f 1326 560 1179
f 544 546 1385
f 545 543 544
f 545 544 1385
f 1172 563 115
f 831 2208 643
f 115 563 564
f 123 1426 854
f 1703 2318 248
f 1356 544 543
f 569 1809 2012
f 543 545 442
f 1754 1418 121
f 121 976 1429
f 122 132 129
f 2183 122 574
f 2106 1978 925
f 83 2009 2008
f 2016 1830 1798
f 1670 842 1848
f 838 123 1478
f 132 131 129
f 1396 536 1398
f 131 132 130
f 377 2229 2381
f 1857 1218 1265
f 565 2035 95
f 341 2012 1982
f 1780 1152 1217
f 588 1552 1553
f 1128 2397 2366
f 819 727 1611
f 534 536 372
f 531 534 372
f 1462 842 330
f 1669 1526 1651
f 1226 849 1219
f 2042 1723 1736
f 1162 2001 1262
f 529 1898 528
f 1233 1235 1782
f 2013 923 1978
f 1163 2111 314
f 2350 634 323
f 527 696 528
f 160 159 161
f 162 1248 1138
f 1777 1242 1119
f 678 423 165
f 309 165 971
f 527 274 827
f 307 1489 1706
f 2231 2381 2230
f 1769 573 168
f 595 525 526
f 1090 526 525
f 1090 525 524
f 25 171 1704
f 1217 1844 1317
f 2122 635 2064
f 619 2027 608
f 619 608 2377
f 525 523 524
f 1117 1224 1379
f 1224 1030 1223
f 989 1332 1019
f 595 523 525
f 748 237 1165
f 618 438 11
f 452 524 523
f 1319 298 1380
f 496 783 1241
f 1974 778 1604
f 1209 796 310
f 1350 1308 551
f 1557 833 834
f 1185 1356 189
f 936 597 370
f 1296 1649 1315
f 1317 1105 1296
f 289 449 480
f 1529 196 834
f 2170 215 1665
f 1897 1511 488
f 991 1701 2321
f 1883 1884 1221
f 248 2318 2197
f 873 1144 2115
f 2115 1144 1748
f 2172 255 2207
f 1536 837 1572
f 1536 1572 78
f 1360 1331 1686
f 1548 1454 1441
f 2135 2027 1831
f 1498 1545 1440
f 2050 2090 533
f 286 538 2173
f 1383 1125 15
f 1923 1560 732
f 2106 574 609
f 2116 2083 1697
f 507 897 504
f 2081 1919 1638
f 1010 1017 1691
f 986 1903 1678
f 1695 997 996
f 506 1477 43
f 2448 822 821
f 1046 856 855
f 1678 623 1677
f 725 2121 2159
f 167 64 426
f 1689 1683 503
f 461 986 1678
f 504 1023 1043
f 916 1501 1668
f 1603 1045 1014
f 1708 1936 473
f 1635 1943 1323
f 1237 453 1096
f 1831 99 2096
f 2364 228 469
f 1096 453 523
f 1954 2157 234
f 1943 1645 895
f 1581 1566 1767
f 1767 233 1581
f 1531 1644 1537
f 1951 896 895
f 234 1601 1954
f 1659 1538 238
f 2125 2126 1927
f 549 282 1175
f 767 351 644
f 1174 282 264
f 1174 264 302
f 188 241 231
f 491 2276 188
f 1582 1948 1642
f 1547 1454 1548
f 770 772 227
f 1593 1599 1576
f 1596 1614 1600
f 633 1527 1922
f 1519 490 1524
f 430 425 427
f 756 2066 223
f 1614 1618 1613
f 1620 1610 1923
f 1620 1625 1563
f 137 1274 2008
f 1948 1582 1068
f 726 478 1956
f 426 505 1150
f 158 163 159
f 1023 1022 259
f 1560 1923 1564
f 164 165 309
f 1435 1401 1452
f 669 462 1561
f 1901 107 1550
f 165 423 971
f 1150 505 58
f 279 1029 1091
f 1087 792 1076
f 1076 2056 1087
f 2292 106 224
f 1087 2056 711
f 214 772 770
f 1077 681 622
f 1076 736 681
f 2359 328 2231
f 1466 662 663
f 1551 839 1655
f 601 2231 328
f 1076 792 736
f 389 390 601
f 799 601 390
f 1210 1430 94
f 414 750 412
f 1776 415 412
f 1747 763 830
f 512 402 1980
f 2091 285 258
f 1980 397 513
f 447 682 1682
f 1376 1377 1079
f 394 395 396
f 2091 781 1684
f 1514 1513 1604
f 941 207 294
f 2047 295 1102
f 1660 1973 1851
f 1212 549 1164
f 798 1177 1387
f 1777 1844 2367
f 717 1164 1741
f 979 1058 1314
f 810 1896 1116
f 130 576 131
f 466 220 1503
f 697 859 860
f 1880 1382 1888
f 844 718 1030
f 844 1030 850
f 385 77 1799
f 296 1976 300
f 301 192 1174
f 1210 1033 280
f 1210 280 1702
f 2214 2149 1522
f 1842 1131 1124
f 546 1355 22
f 2245 1742 1262
f 229 1165 307
f 1872 1221 1885
f 378 381 379
f 2295 1138 299
f 1743 2324 2328
f 1345 1871 2133
f 76 380 74
f 211 220 466
f 1307 551 1308
f 190 191 192
f 308 678 309
f 308 309 430
f 1354 1235 1222
f 1187 2044 1249
f 311 1488 312
f 1213 1226 1858
f 77 2099 378
f 83 378 2099
f 173 2082 2293
f 2355 2228 2341
f 317 64 1717
f 151 58 1653
f 1769 1249 2044
f 596 1769 2044
f 1788 1244 1305
f 1717 663 317
f 318 320 662
f 1780 1217 1296
f 642 375 1124
f 728 1959 478
f 1959 2126 1918
f 151 1653 763
f 1774 375 347
f 1143 689 1532
f 314 2111 322
f 1465 1476 52
f 53 44 1771
f 1257 1250 1249
f 329 1457 1461
f 1455 1461 1456
f 1989 1455 1981
f 1981 1467 1989
f 1859 1469 1465
f 1784 1781 1266
f 1266 2110 1035
f 745 747 734
f 322 391 747
f 410 409 331
f 1042 1492 1254
f 1798 1830 1565
f 139 1253 743
f 954 675 748
f 746 739 749
f 1042 1795 1492
f 63 1243 400
f 1024 1822 691
f 576 1286 1018
f 338 1018 1286
f 1796 1492 340
f 1205 1152 1780
f 103 98 1791
f 219 104 173
f 802 804 377
f 1806 1216 1215
f 1219 1202 1203
f 925 2406 2139
f 1805 1857 1265
f 1406 1515 2103
f 1825 93 2016
f 1123 1126 352
f 118 1126 1123
f 957 2140 868
f 1392 119 1839
f 858 856 2211
f 1390 1785 1391
f 642 1400 641
f 2351 2332 2313
f 1103 1810 348
f 1839 2018 1393
f 361 360 1328
f 105 1400 1036
f 500 1962 2129
f 2099 2009 83
f 344 75 76
f 1095 2142 1804
f 1804 1040 627
f 2296 2136 1961
f 1367 1026 1792
f 959 1026 1202
f 102 1821 1811
f 1406 1373 1011
f 631 369 101
f 607 576 1018
f 1041 1034 2145
f 1106 1107 1806
f 1016 1024 1404
f 1016 1404 987
f 1805 1806 1107
f 1107 1857 1805
f 607 1018 585
f 1359 1080 1300
f 1507 2031 1303
f 338 337 1018
f 642 641 375
f 374 114 689
f 338 60 337
f 594 1281 599
f 1124 375 1774
f 510 2129 1962
f 118 615 376
f 2006 1406 1011
f 2183 925 2139
f 77 378 379
f 75 380 76
f 1837 379 381
f 953 1841 950
f 1154 1128 63
f 987 993 974
f 984 983 1428
f 564 1208 130
f 384 2009 2099
f 410 333 409
f 735 391 322
f 604 386 2007
f 604 2007 2010
f 383 1258 66
f 1291 1297 1199
f 864 1258 1267
f 32 46 1112
f 1402 1586 1588
f 1588 1764 1402
f 2003 800 327
f 1982 1250 1257
f 1795 1042 1565
f 1783 1798 1565
f 597 1995 2096
f 390 327 800
f 2135 1771 608
f 392 975 977
f 1246 1999 1215
f 320 317 662
f 2341 2343 593
f 1427 1428 1447
f 1168 1996 1225
f 396 1456 835
f 1280 145 1228
f 499 769 630
f 1279 2134 1288
f 817 1436 401
f 150 405 335
f 1153 1468 397
f 1153 404 1468
f 162 2182 147
f 331 1865 1487
f 1730 1868 2040
f 1730 2040 1724
f 328 142 591
f 422 1484 1866
f 1257 316 582
f 426 425 505
f 426 427 425
f 1489 1411 156
f 1864 1194 1135
f 1850 549 190
f 678 308 431
f 431 163 678
f 163 431 1159
f 426 1500 167
f 22 421 1342
f 1308 1173 1334
f 1334 1173 1352
f 1489 307 1411
f 1224 167 1500
f 301 302 296
f 1885 1221 1884
f 1410 1350 551
f 1270 2319 2310
f 768 1275 1820
f 1820 1275 1607
f 1607 1275 1491
f 170 1165 237
f 1348 2177 2181
f 1626 1663 1627
f 518 489 1033
f 237 236 61
f 56 237 61
f 1277 1742 2092
f 198 1875 1881
f 19 440 178
f 439 778 1974
f 2127 1363 2279
f 295 2047 1739
f 296 1397 1976
f 1344 1343 199
f 1163 1741 1164
f 781 1506 1684
f 1731 1127 2092
f 2052 781 2091
f 639 1952 2052
f 780 1968 1514
f 780 1952 1968
f 2050 540 1151
f 13 540 2050
f 1151 1726 2050
f 1856 594 1324
f 503 1022 1501
f 1906 733 730
f 1698 274 1044
f 454 197 10
f 1044 274 527
f 275 589 586
f 1705 1416 266
f 1061 411 1027
f 1568 492 1510
f 1695 996 816
f 71 1226 1230
f 273 271 274
f 986 1105 1903
f 902 1437 2116
f 90 1905 1
f 266 2130 1908
f 1907 1437 902
f 1 200 90
f 1898 510 511
f 528 1898 511
f 2279 1110 1692
f 1044 272 511
f 624 210 268
f 2332 2244 2273
f 1000 1005 249
f 1017 1010 1677
f 1691 1009 1010
f 2130 1915 1908
f 1227 1995 578
f 1668 1501 464
f 203 465 469
f 1929 2079 464
f 1958 465 2334
f 2155 1918 443
f 443 1641 462
f 2081 1636 1613
f 543 189 1356
f 351 1518 227
f 2152 1967 1937
f 573 1769 596
f 1979 166 158
f 163 1159 159
f 1618 1622 1919
f 2159 2121 1927
f 761 472 319
f 252 1933 1618
f 1618 1933 1926
f 1583 435 1626
f 1930 238 1938
f 2402 1601 1597
f 160 158 159
f 2430 723 2067
f 2159 1609 725
f 2304 2245 559
f 1593 1614 1612
f 2084 1112 155
f 869 1624 479
f 1596 1600 1549
f 1614 1594 1547
f 1618 1926 1622
f 1927 724 2159
f 12 36 2084
f 290 1684 1682
f 2039 578 1230
f 2091 1684 290
f 2487 1947 261
f 1617 1316 1347
f 1851 1973 1511
f 2074 1627 51
f 462 2155 443
f 1571 843 1578
f 1538 889 1938
f 153 154 46
f 2070 1559 1942
f 1559 1556 1942
f 2163 459 1959
f 1556 1645 1943
f 1637 1910 1636
f 1538 1938 238
f 1512 1604 1513
f 1944 1596 1664
f 260 1240 2172
f 152 154 153
f 235 760 764
f 1645 1644 2124
f 2124 895 1645
f 2124 1951 895
f 1603 1014 1592
f 1651 1644 1531
f 1644 1530 2124
f 2071 1665 1846
f 786 36 1654
f 2190 205 826
f 1555 269 244
f 2257 2093 2248
f 1971 733 682
f 393 767 354
f 1897 1510 1511
f 1519 1527 2077
f 746 1544 740
f 1046 852 851
f 889 1538 890
f 251 2256 1900
f 1502 1957 1311
f 733 1516 682
f 1240 1214 1298
f 1501 916 1957
f 610 602 135
f 127 603 57
f 899 464 455
f 130 132 1293
f 1104 178 440
f 20 178 217
f 178 1104 207
f 831 832 829
f 297 1509 480
f 1508 1955 1039
f 499 214 770
f 2250 1072 220
f 220 1072 1700
f 1072 520 1700
f 850 720 844
f 720 850 280
f 720 280 1033
f 1512 1513 488
f 28 24 242
f 1006 775 773
f 519 1478 123
f 477 1680 901
f 509 1681 1680
f 1706 157 2109
f 946 858 2260
f 83 2008 610
f 564 1293 1176
f 1477 1985 43
f 507 1272 213
f 507 504 1272
f 2194 928 37
f 510 1029 2129
f 127 120 73
f 1724 1715 1986
f 924 963 74
f 1730 1724 1986
f 1474 422 1866
f 74 963 79
f 1230 1346 2039
f 703 1683 709
f 2039 2178 2041
f 1683 703 259
f 259 1022 1683
f 1463 790 1471
f 663 512 1466
f 1466 512 1980
f 513 1466 1980
f 2173 2170 502
f 333 1740 1438
f 409 333 1438
f 1966 1435 221
f 1447 1448 1445
f 1025 1065 451
f 815 817 401
f 1336 842 1462
f 814 997 1695
f 1408 892 890
f 1849 838 1478
f 1849 1848 838
f 1426 126 1842
f 1662 892 1408
f 890 517 1408
f 1070 40 1419
f 40 1096 1419
f 1672 713 719
f 1049 1050 1733
f 983 1835 1428
f 1066 984 1427
f 1713 1416 533
f 363 1415 1932
f 1898 529 1969
f 1551 2058 1554
f 1341 1116 816
f 1896 814 1116
f 551 406 434
f 964 176 1888
f 1400 105 641
f 1398 531 1037
f 536 534 1398
f 702 1003 999
f 1145 873 874
f 1528 2065 221
f 1385 546 529
f 614 5 1395
f 1452 1440 1528
f 522 2177 1408
f 2177 2176 1408
f 877 2177 522
f 1149 917 2051
f 2041 1365 2314
f 2224 2314 1365
f 1213 2181 1346
f 13 1155 540
f 877 2148 2177
f 912 98 891
f 623 1142 1119
f 1103 348 2019
f 876 873 2115
f 1004 1162 1092
f 1366 1567 476
f 2115 1365 878
f 878 876 2115
f 378 963 922
f 1262 559 2245
f 824 1963 2132
f 2186 1893 456
f 1069 1412 1972
f 344 81 80
f 875 1346 2148
f 76 81 344
f 1883 1325 613
f 1189 1188 1992
f 963 2014 79
f 200 1912 90
f 2031 116 945
f 1168 1192 1996
f 2178 1346 875
f 77 1837 1799
f 1758 421 22
f 421 1994 1342
f 1992 1342 1994
f 177 303 1343
f 2041 2178 878
f 2178 2039 1346
f 738 69 67
f 1230 1213 1346
f 1850 1163 1164
f 569 570 1796
f 80 118 344
f 1214 807 1298
f 565 569 1796
f 2150 2024 2175
f 2314 1228 2041
f 1208 1186 1207
f 1208 958 1186
f 1856 1324 1325
f 421 573 1994
f 1189 573 596
f 330 842 1650
f 574 122 2010
f 1673 622 1383
f 1365 2041 878
f 131 607 128
f 128 606 604
f 1098 1710 1039
f 337 1993 585
f 1993 337 60
f 60 588 1993
f 1265 1218 33
f 1230 936 71
f 1231 1776 592
f 177 322 747
f 1356 1256 579
f 1413 2093 586
f 1163 1850 2111
f 2135 2096 1771
f 808 1260 1239
f 1236 1268 1259
f 1056 1598 577
f 388 1282 1261
f 940 1037 1073
f 1232 1281 1325
f 1283 1282 2038
f 1235 1787 1782
f 1252 1257 1053
f 327 390 1084
f 1963 567 866
f 552 408 31
f 1276 1263 2100
f 1721 666 1656
f 179 1195 315
f 434 315 1195
f 1279 540 2286
f 36 12 1654
f 812 1334 1352
f 68 341 1982
f 742 1253 870
f 1796 870 1253
f 2084 32 1112
f 1156 1217 1152
f 71 936 370
f 386 605 137
f 2258 2267 204
f 605 386 604
f 2264 456 1674
f 1200 547 1158
f 1158 547 1214
f 744 981 69
f 2148 1346 2181
f 878 2178 875
f 1187 1190 1167
f 1189 1187 1167
f 2232 1749 1188
f 611 1978 609
f 417 1474 1473
f 120 127 57
f 1831 2096 2135
f 81 610 135
f 662 1466 318
f 1886 1885 962
f 1312 388 1130
f 1680 477 212
f 2106 925 2183
f 1176 132 2183
f 2131 930 256
f 1888 1369 964
f 2046 1382 1412
f 1893 2046 1412
f 616 2046 1893
f 569 565 1809
f 118 80 615
f 788 535 277
f 1176 2139 944
f 1176 944 564
f 3 1891 5
f 1383 681 1125
f 1125 681 1127
f 1048 1182 1181
f 376 615 1122
f 2148 2181 2177
f 1662 1348 2300
f 95 2035 93
f 2054 3 5
f 3 2054 1716
f 1716 1090 3
f 1667 595 526
f 524 3 1090
f 146 3 524
f 523 595 621
f 1302 2184 1817
f 1716 1667 526
f 622 681 1383
f 456 1412 1069
f 1156 1373 2103
f 1094 2139 2406
f 2185 1338 1823
f 919 1970 1823
f 112 1823 1970
f 1075 2249 1914
f 163 677 678
f 2001 1004 1420
f 1815 1828 932
f 1075 1236 2249
f 1067 1068 1582
f 1287 495 218
f 1294 2299 1181
f 2299 2253 1181
f 1009 1691 1905
f 1905 180 1009
f 1114 1113 1066
f 510 1681 509
f 461 633 986
f 153 32 786
f 180 633 461
f 180 182 633
f 736 1127 681
f 1812 1390 1391
f 1082 1391 2028
f 875 2148 877
f 1808 1819 1393
f 2079 1668 464
f 2071 484 502
f 295 1141 279
f 2114 279 1141
f 1373 1406 2103
f 645 640 1040
f 640 536 1396
f 1951 2124 1503
f 1026 2033 2032
f 541 2244 2092
f 281 700 999
f 1384 1178 1157
f 536 349 372
f 531 532 373
f 1037 347 375
f 1700 520 2296
f 2177 1348 2176
f 497 1767 884
f 1610 1000 636
f 1105 1317 721
f 1686 1779 1360
f 838 1848 842
f 1121 347 373
f 1236 1075 1331
f 1847 346 2142
f 645 2142 346
f 511 272 528
f 1768 1060 949
f 2189 1841 1840
f 868 2140 125
f 1840 868 125
f 342 1766 1059
f 1059 1768 1765
f 201 1147 1155
f 570 569 870
f 572 561 571
f 836 2189 2004
f 2189 836 949
f 1662 2176 1348
f 1764 1588 1517
f 1008 1887 830
f 2076 1945 2471
f 869 871 1624
f 1002 1751 1425
f 1921 1756 1847
f 700 281 2266
f 1447 1854 1427
f 126 655 405
f 394 126 405
f 1760 396 835
f 1428 1448 1447
f 13 201 1155
f 1456 396 1455
f 2061 1622 1917
f 657 1631 1595
f 1736 1737 1448
f 891 75 912
f 826 1641 1628
f 1869 659 470
f 1468 1990 513
f 663 1717 512
f 1990 1468 404
f 1661 1990 404
f 404 1745 1661
f 898 115 900
f 659 1869 670
f 1542 1911 1910
f 1542 1910 1637
f 719 199 303
f 730 1563 1625
f 1721 664 667
f 666 667 790
f 376 1122 1126
f 2166 1722 1656
f 673 422 311
f 37 1738 1878
f 1878 43 37
f 1923 732 1906
f 41 1939 2063
f 1939 1497 1704
f 1572 1590 78
f 480 449 482
f 522 538 877
f 1224 1117 1030
f 979 685 1058
f 685 1033 1058
f 844 399 718
f 557 718 399
f 557 860 718
f 860 557 697
f 580 686 583
f 686 687 582
f 1932 994 691
f 691 994 1404
f 360 1368 691
f 702 701 699
f 699 2087 1067
f 1403 698 700
f 1354 1890 553
f 700 701 999
f 700 698 701
f 707 714 1709
f 2118 1674 713
f 712 706 705
f 1419 149 706
f 199 712 537
f 712 716 706
f 712 719 710
f 713 1674 710
f 259 707 273
f 189 1201 614
f 728 724 2126
f 724 723 2159
f 1909 722 725
f 722 647 339
f 726 723 724
f 722 226 727
f 1909 725 1609
f 724 728 726
f 726 1956 2158
f 2043 1971 447
f 733 1906 732
f 732 729 733
f 874 1110 1145
f 742 735 743
f 538 522 254
f 737 738 734
f 745 734 408
f 751 754 1541
f 874 286 1110
f 753 751 646
f 754 751 753
f 757 751 1541
f 753 646 2161
f 646 472 759
f 4 1305 942
f 471 761 319
f 1890 613 553
f 898 958 115
f 354 767 766
f 1880 1888 176
f 393 769 499
f 1006 773 771
f 776 630 777
f 630 776 214
f 777 771 776
f 772 773 775
f 214 771 773
f 2198 313 2374
f 2281 2249 1236
f 2481 2201 2480
f 439 783 778
f 780 779 782
f 905 13 2050
f 781 780 782
f 778 783 782
f 1514 1604 779
f 905 906 13
f 788 784 459
f 785 1574 1353
f 784 785 468
f 785 789 1574
f 731 791 445
f 2173 538 254
f 445 729 731
f 445 791 288
f 8 217 774
f 20 217 8
f 774 11 8
f 310 1761 1209
f 796 795 310
f 1748 796 2115
f 795 1160 793
f 441 793 1160
f 794 795 793
f 683 797 448
f 798 797 1421
f 792 1127 736
f 1387 448 797
f 798 1387 797
f 804 801 345
f 799 801 802
f 2222 2119 2117
f 2003 134 800
f 801 804 802
f 805 1239 1260
f 805 387 1495
f 1260 387 805
f 2122 221 635
f 806 807 38
f 1017 1864 1118
f 808 1200 1330
f 808 1239 1634
f 808 1634 1200
f 568 547 809
f 1214 547 568
f 810 812 813
f 812 810 811
f 1310 1334 812
f 2065 635 221
f 1695 816 814
f 816 521 1341
f 814 816 1116
f 819 823 818
f 822 820 823
f 819 822 823
f 1562 825 1561
f 824 826 205
f 826 825 1562
f 2208 831 829
f 829 997 2208
f 1540 193 833
f 2045 294 446
f 293 2045 1983
f 1383 15 530
f 2045 293 294
f 1188 1749 1992
f 1571 837 839
f 903 1407 906
f 843 848 845
f 843 845 841
f 985 2269 1007
f 2269 934 2149
f 1554 2436 2209
f 467 851 2210
f 1120 1410 434
f 2211 2270 2260
f 865 861 863
f 865 862 861
f 869 643 871
f 2297 2222 2117
f 872 538 874
f 1897 882 883
f 2086 881 882
f 879 2153 2061
f 880 881 2086
f 2213 1936 2214
f 246 2213 884
f 2214 497 884
f 2213 2214 884
f 2162 885 2193
f 1965 2162 2193
f 2193 86 1965
f 679 1676 2162
f 2080 1954 2331
f 2453 2215 2390
f 1949 2453 2390
f 1889 888 2216
f 886 1938 888
f 1889 886 888
f 491 2217 2072
f 2217 491 1589
f 491 2072 889
f 1287 2122 1472
f 2375 2326 2299
f 892 2218 2276
f 527 528 272
f 847 2276 2218
f 33 2219 1732
f 2220 33 1732
f 2295 2259 2221
f 894 1630 1945
f 894 893 1309
f 894 1323 893
f 1323 1943 893
f 2223 2353 2222
f 2353 2223 2378
f 2353 577 2222
f 1280 2224 1423
f 1200 1158 1330
f 2314 2224 1280
f 1423 2224 1365
f 1200 1634 547
f 116 2031 2226
f 2229 377 1111
f 2230 97 371
f 908 907 902
f 907 1407 903
f 551 434 1410
f 902 907 903
f 904 902 903
f 903 906 905
f 2323 2312 553
f 2007 386 385
f 910 487 913
f 911 487 910
f 913 487 916
f 2024 1407 907
f 911 1573 915
f 451 2088 917
f 451 1146 2186
f 917 2088 2051
f 1874 616 917
f 921 922 924
f 381 922 87
f 918 923 2013
f 2406 925 2233
f 1416 904 533
f 2194 929 927
f 929 1484 928
f 927 928 2194
f 2235 2129 1029
f 500 2129 2235
f 1371 1874 1871
f 930 934 803
f 1290 931 930
f 1871 1345 1370
f 2236 1032 133
f 990 137 384
f 2096 99 597
f 558 1321 2143
f 558 943 631
f 1285 558 631
f 558 2143 632
f 1087 711 1399
f 943 558 632
f 1399 1085 1087
f 948 949 1060
f 949 948 950
f 948 952 951
f 950 948 953
f 370 356 959
f 2409 2470 2463
f 2470 2237 2463
f 2462 2238 2239
f 989 1648 1332
f 2240 2501 2241
f 2240 2380 2501
f 1882 1879 2179
f 465 173 1696
f 961 1886 962
f 961 1369 1886
f 964 1369 961
f 969 968 972
f 969 972 309
f 967 1877 966
f 975 136 974
f 977 1414 392
f 59 232 23
f 23 232 715
f 23 56 59
f 978 979 980
f 708 978 336
f 978 270 988
f 270 978 980
f 1912 1977 711
f 270 325 1960
f 325 2195 1960
f 2407 2332 2369
f 1482 2243 1868
f 1349 1636 1910
f 887 572 1207
f 374 1829 2340
f 452 523 453
f 2397 566 2336
f 1543 1271 1617
f 2262 1315 1649
f 522 1408 517
f 669 2447 2155
f 2378 2180 2353
f 562 1818 939
f 562 2005 1818
f 1128 353 2397
f 2001 2421 2358
f 1337 2094 1372
f 1143 112 548
f 886 1889 2193
f 1829 1362 2378
f 2188 2152 460
f 865 1551 1550
f 565 1108 1809
f 357 555 111
f 555 357 2416
f 208 1563 2043
f 1405 620 268
f 598 108 2432
f 1951 1961 1351
f 1810 1103 923
f 2261 1732 2219
f 366 2373 91
f 1637 1636 1638
f 1338 627 1093
f 2420 2438 2403
f 1001 1092 1193
f 208 2043 2137
f 1658 886 18
f 932 1083 1082
f 2201 2169 2192
f 2422 1862 619
f 2445 2439 2393
f 195 674 661
f 2413 1358 1814
f 1054 1057 2018
f 2206 195 626
f 2104 2206 626
f 2206 2104 2171
f 661 554 486
f 2439 2469 2427
f 1699 492 1366
f 946 2260 2048
f 1513 2055 488
f 1676 2055 1513
f 1792 2032 2433
f 959 2033 1026
f 356 2141 959
f 1904 1510 492
f 290 682 288
f 1103 1833 1418
f 1418 2479 1103
f 1204 65 1203
f 1204 1203 85
f 2015 1784 85
f 1742 1277 1262
f 124 2015 2011
f 217 941 774
f 183 298 618
f 20 181 178
f 61 59 56
f 1834 2463 2237
f 133 2485 2236
f 121 1833 1016
f 1066 1854 2435
f 336 518 708
f 748 1165 229
f 1137 748 229
f 1772 2459 2474
f 1053 1055 1252
f 229 1295 1137
f 850 1117 1275
f 1052 101 1059
f 94 1314 1058
f 2459 1887 1278
f 1414 109 1008
f 1295 175 1845
f 2237 2486 2500
f 2002 1494 1295
f 502 286 2173
f 1694 2257 2248
f 25 30 171
f 1212 1667 694
f 1500 426 1379
f 1491 1379 426
f 1728 1772 1409
f 1728 1086 1772
f 1491 151 1607
f 1515 1588 1586
f 696 527 827
f 2243 2407 2460
f 1834 2434 1757
f 1169 677 166
f 1715 2063 1786
f 2085 175 1998
f 2241 2501 2494
f 1422 1816 1517
f 2109 1998 1706
f 1961 2119 1688
f 2460 2435 1459
f 2238 2289 2500
f 34 667 1718
f 2473 1997 1389
f 34 765 1661
f 175 2311 1845
f 1715 1724 1723
f 998 2262 501
f 1490 2062 54
f 1716 1916 1667
f 1336 817 1432
f 2306 1985 2234
f 1879 2107 659
f 2120 2346 2387
f 402 1981 2146
f 1436 1462 1463
f 2164 2380 2311
f 2388 2108 960
f 2368 660 285
f 660 258 285
f 1737 1445 1448
f 1921 1847 2234
f 1847 2306 2234
f 331 417 410
f 2151 255 2172
f 1887 1747 830
f 2154 1747 1887
f 1746 409 1964
f 45 470 50
f 1757 2309 1460
f 960 1470 2037
f 1473 1474 1866
f 1443 2059 420
f 1759 1859 1816
f 1987 1461 1988
f 2170 2173 254
f 1960 516 1712
f 155 1112 46
f 2434 2309 1757
f 1443 1442 1013
f 1755 2194 2306
f 136 1450 1429
f 2255 2271 814
f 1717 64 167
f 2063 1715 2042
f 1760 835 82
f 2136 2117 1961
f 655 123 815
f 1434 815 123
f 123 838 1434
f 2160 680 1870
f 515 908 1697
f 161 159 1159
f 1493 39 1497
f 2120 1870 1314
f 2062 1648 2059
f 2165 2002 1845
f 864 857 66
f 66 857 1179
f 1706 1998 229
f 949 836 1768
f 1077 1673 1913
f 1137 1494 954
f 1314 1870 1375
f 1848 1485 1773
f 280 1275 1702
f 690 671 988
f 1064 1464 668
f 859 697 675
f 697 236 675
f 96 284 450
f 96 47 284
f 186 762 1241
f 941 618 774
f 2486 2239 2238
f 19 181 933
f 1660 933 1974
f 1486 1684 1506
f 532 372 373
f 349 1773 372
f 185 542 440
f 1511 1973 1512
f 480 482 207
f 2144 2101 1422
f 2144 1422 1517
f 311 419 1873
f 1513 1514 1675
f 998 1012 612
f 1032 2466 1839
f 1131 119 1392
f 2052 1967 639
f 183 1983 626
f 183 626 486
f 1899 542 283
f 486 554 193
f 2036 2128 283
f 777 2263 2268
f 970 1488 1129
f 1657 196 1381
f 539 2206 2171
f 195 2206 539
f 1381 1533 1657
f 2032 2465 2433
f 14 10 684
f 1839 2466 2018
f 1785 2028 1391
f 51 731 1560
f 2474 1278 2442
f 2307 2171 277
f 2429 2454 2474
f 881 1917 657
f 2441 2472 2475
f 2025 1801 1409
f 1306 1802 1315
f 839 2209 1571
f 673 312 1984
f 476 2199 1366
f 2465 632 2143
f 943 369 631
f 2373 366 2418
f 1002 1092 1001
f 2441 2457 357
f 1232 2038 1282
f 107 1920 865
f 863 2058 865
f 1054 2023 1811
f 1082 1083 1391
f 1391 1083 1812
f 1271 2216 209
f 1094 1095 627
f 2153 2156 2061
f 51 1560 2074
f 1094 2406 1095
f 1947 2456 261
f 2185 1094 1338
f 2403 555 2420
f 2487 2497 1707
f 2415 660 2368
f 1956 1353 2477
f 511 510 212
f 1829 909 926
f 1326 111 555
f 1830 2016 93
f 1797 2021 1825
f 1111 345 116
f 2226 1111 116
f 2456 2443 2491
f 2408 1605 2483
f 1613 1349 2453
f 104 2082 173
f 377 345 1111
f 75 88 912
f 2105 1197 1297
f 1282 1281 1232
f 2424 1611 727
f 1609 723 2430
f 1836 1799 1837
f 2207 479 2419
f 2282 2373 2349
f 2027 2135 608
f 888 1938 2072
f 1196 334 1495
f 67 1790 749
f 738 67 749
f 2075 2471 1945
f 1349 1347 2215
f 137 605 587
f 53 383 1255
f 1258 383 53
f 260 2172 2205
f 1679 636 1003
f 771 515 1006
f 1263 1276 1109
f 134 334 1196
f 2426 2450 2431
f 2448 1635 1323
f 577 2372 1056
f 2353 2372 577
f 240 2215 2452
f 1285 1290 55
f 2342 1038 1267
f 2384 2431 2425
f 397 1980 398
f 1945 1323 894
f 593 142 2341
f 805 1843 1239
f 2244 2333 1193
f 1944 2402 1597
f 473 1936 2414
f 2244 1193 321
f 42 1781 2094
f 1114 2113 1238
f 2399 2394 230
f 1763 1279 1261
f 2363 2425 2198
f 2363 2198 2374
f 2003 327 2291
f 1838 1778 1761
f 1231 592 190
f 592 1850 190
f 1315 1205 1296
f 303 747 745
f 177 314 322
f 471 250 764
f 803 55 1290
f 2295 2182 162
f 90 180 1905
f 1138 2295 162
f 228 2364 1570
f 1777 1142 1844
f 1242 1194 1864
f 568 807 1214
f 2376 2360 2338
f 2288 2280 2335
f 1528 1545 1576
f 240 2064 2065
f 247 469 228
f 2290 803 934
f 2299 2326 2278
f 2205 2362 260
f 1743 1693 2321
f 469 247 203
f 1084 390 315
f 315 390 324
f 1291 1331 1360
f 2196 1696 1703
f 2267 2313 2273
f 501 457 986
f 1867 2181 1213
f 1046 1045 852
f 1524 263 4
f 1690 775 1006
f 547 1634 809
f 1251 1277 321
f 1750 1861 1874
f 1209 1423 796
f 501 1922 998
f 254 517 1659
f 1007 2149 2214
f 1628 1641 1629
f 769 2272 140
f 630 769 140
f 2285 769 2284
f 191 1175 1174
f 1175 282 1174
f 326 2292 1014
f 612 1306 2262
f 1694 2284 2197
f 997 829 996
f 769 2285 2272
f 1190 2297 2117
f 281 403 224
f 1343 303 199
f 1267 1280 2322
f 264 296 302
f 1180 1098 2100
f 2170 1665 502
f 1006 1697 1690
f 995 210 104
f 138 210 995
f 1020 1014 855
f 2342 2343 72
f 4 931 1788
f 2204 2249 2281
f 1160 444 441
f 2283 2235 279
f 2174 33 1097
f 1234 1495 1298
f 1315 1802 1205
f 2276 847 188
f 2471 1628 1629
f 1662 2254 2218
f 2219 2174 493
f 493 2174 2080
f 279 2114 2283
f 996 832 521
f 1287 267 265
f 1072 1190 520
f 1386 1190 1072
f 1386 2250 1188
f 2358 559 2001
f 1977 1912 200
f 2219 33 2174
f 1397 433 1976
f 2254 198 847
f 908 515 907
f 2175 907 515
f 2131 256 144
f 520 1190 2117
f 698 1403 699
f 701 698 699
f 1119 1864 1017
f 1905 1135 1
f 442 1198 1201
f 1076 681 1077
f 2375 1805 2326
f 1662 2218 892
f 2087 1145 1363
f 2150 650 1229
f 1408 2176 1662
f 521 255 2151
f 711 1977 1192
f 695 1916 291
f 1096 40 1237
f 1105 457 1649
f 1421 858 1148
f 2053 1413 586
f 3 1374 1891
f 2150 1229 2024
f 858 946 1148
f 792 1085 204
f 448 1120 683
f 2250 2114 1141
f 1394 1132 1384
f 1132 589 9
f 694 549 1212
f 2087 1363 1068
f 1741 705 717
f 617 433 1709
f 1145 1144 873
f 493 2080 2331
f 206 620 275
f 719 303 1753
f 2151 2049 521
f 275 2257 206
f 2257 275 2093
f 282 549 694
f 2197 2284 769
f 1119 1142 1777
f 2167 2118 2327
f 1155 1147 1157
f 194 793 441
f 2168 2203 2252
f 1166 1161 1395
f 2127 2279 2330
f 855 856 683
f 1691 1118 1905
f 1237 965 453
f 1693 1437 1907
f 266 1451 1907
f 2299 2278 2253
f 2269 2290 934
f 2114 211 2283
f 1789 1035 1204
f 1263 2290 1719
f 2272 777 140
f 630 140 777
f 1067 1582 1584
f 498 1269 2167
f 1679 702 1067
f 2300 2315 1337
f 1858 2315 2300
f 1790 1544 746
f 2273 2244 541
f 187 179 172
f 192 1231 190
f 213 1044 511
f 213 511 212
f 2258 2325 2313
f 2080 1039 1955
f 1864 1119 1242
f 1552 590 603
f 1634 1239 418
f 1143 900 112
f 1993 588 587
f 1351 1688 1309
f 2264 1674 2167
f 139 1254 1253
f 1439 2345 2280
f 1236 1259 2281
f 1843 418 1239
f 1284 1248 1247
f 1249 316 1257
f 1523 497 144
f 591 324 328
f 220 1700 1503
f 1479 2305 1664
f 2310 1250 2012
f 493 2331 2305
f 2304 559 2358
f 328 324 389
f 1014 2292 2348
f 1545 1528 1440
f 559 1262 2001
f 864 66 1258
f 1439 2361 2345
f 2338 634 2350
f 635 2065 2064
f 243 2167 2327
f 2271 2352 2208
f 1652 1526 1681
f 120 57 2012
f 1553 602 1274
f 602 1553 603
f 899 1669 1929
f 2330 2279 484
f 1696 2196 1313
f 1948 2127 2330
f 2228 2343 2341
f 1958 2364 469
f 2029 1788 631
f 576 1207 1286
f 2340 2378 2223
f 1934 1311 487
f 69 981 67
f 68 981 569
f 1501 1957 503
f 2357 2379 2246
f 1949 2065 1528
f 2345 2361 2379
f 1311 1021 1502
f 222 1021 1311
f 2230 371 2228
f 1958 1714 2364
f 1498 1924 1545
f 1545 1924 1546
f 566 2344 2336
f 1787 2323 2344
f 2344 2021 1787
f 471 319 1313
f 2488 1605 1621
f 1605 2488 2484
f 1610 1620 1000
f 1170 1041 1194
f 2402 1954 1601
f 1302 1056 2372
f 245 244 2386
f 231 241 1520
f 1433 1336 1432
f 916 1668 2079
f 2400 2376 2350
f 1140 111 1326
f 915 1573 226
f 2384 2395 2426
f 1329 182 247
f 182 203 247
f 1507 2227 2031
f 1546 1594 1593
f 1701 1902 2158
f 2158 2426 1701
f 1791 352 110
f 1609 2386 269
f 1609 2430 2386
f 7 1894 208
f 1945 2076 1323
f 1093 367 1339
f 1584 1587 1679
f 848 2436 2212
f 1947 1322 2411
f 1015 1108 565
f 923 2445 2393
f 1794 2441 357
f 1664 2305 1944
f 3 146 1374
f 955 356 370
f 1932 1368 1791
f 2457 2416 357
f 2400 2202 2467
f 1621 1605 313
f 802 601 799
f 362 940 1340
f 628 940 1073
f 1362 105 1036
f 2478 2440 2455
f 1103 2019 1833
f 2462 2239 2416
f 629 1093 638
f 638 362 629
f 2484 2483 1605
f 914 638 1396
f 2075 1628 2471
f 2477 2461 1956
f 1623 1631 657
f 1926 1917 1622
f 1623 1925 1631
f 2474 2459 1278
f 2496 2469 2439
f 637 2469 2468
f 2486 2470 2438
f 2493 2472 2102
f 1064 1633 1312
f 2360 227 2338
f 2486 2438 2239
f 2408 2483 2200
f 1918 2155 2499
f 1013 2102 100
f 1564 2074 1560
f 2494 2501 2493
f 366 117 2242
f 366 2145 117
f 2500 2486 2238
f 2496 2490 1755
f 2237 2500 2274
f 134 2034 801
f 1770 1460 2458
f 2404 2483 2339
f 89 2195 325
f 89 2160 1417
f 2160 89 325
f 817 815 1432
f 288 2368 290
f 2435 1854 1459
f 866 2132 1963
f 2132 866 867
f 277 458 787
f 1558 1364 567
f 2078 490 1519
f 1965 86 1542
f 2085 2289 2396
f 661 674 867
f 1455 2146 1981
f 1457 835 1456
f 1912 711 1913
f 1965 2298 2162
f 2164 2085 2396
f 2191 1736 1448
f 1397 296 827
f 1534 1536 1533
f 1456 1461 1457
f 2339 684 289
f 289 2169 2339
f 852 1045 1603
f 2371 1193 2333
f 1921 2234 1477
f 2165 2240 2002
f 730 1971 1563
f 2191 1465 52
f 1465 2191 407
f 197 449 10
f 248 393 354
f 2340 571 374
f 2091 257 2052
f 1311 2370 222
f 485 222 2370
f 1509 2089 2169
f 1699 1521 492
f 1270 1826 2319
f 834 833 1529
f 1235 2323 1787
f 1955 1954 2080
f 1133 928 1484
f 1983 2045 2104
f 1496 66 560
f 1806 2098 1793
f 1929 1531 1935
f 1929 1935 2079
f 18 885 1675
f 1509 1899 2089
f 673 1984 1133
f 1133 1484 673
f 1738 928 1133
f 1957 487 1311
f 445 682 1516
f 973 966 1877
f 2034 945 801
f 2043 447 1734
f 542 1899 1505
f 2057 428 306
f 2123 2057 30
f 2123 428 2057
f 782 783 1506
f 305 1712 1715
f 1844 2103 2367
f 255 832 479
f 297 1104 1505
f 207 1104 297
f 2062 1332 1648
f 1241 439 935
f 439 933 935
f 308 35 431
f 1701 2382 2321
f 47 253 262
f 1295 1845 2002
f 284 262 557
f 557 399 284
f 171 1632 436
f 1210 1058 1033
f 436 1632 1183
f 1019 1332 1223
f 979 1375 980
f 956 715 1183
f 436 715 671
f 680 980 1375
f 450 489 518
f 232 671 715
f 2374 2328 2363
f 450 336 232
f 232 96 450
f 59 96 232
f 20 8 186
f 762 186 8
f 438 762 11
f 8 11 762
f 181 19 178
f 186 935 181
f 653 1319 1486
f 432 1430 1863
f 183 618 1729
f 781 782 1506
f 668 1863 1702
f 1179 84 556
f 2124 1530 1652
f 989 954 1648
f 1511 1512 488
f 16 294 482
f 600 343 368
f 307 1706 229
f 1494 2059 954
f 554 833 193
f 1820 1728 768
f 1714 1958 1313
f 2393 2233 925
f 1715 1786 305
f 2089 2192 2169
f 2055 2086 488
f 1979 1169 166
f 2342 1267 1778
f 1699 2277 2128
f 1534 1655 1536
f 970 966 973
f 58 1873 1487
f 1543 1542 86
f 1271 1543 86
f 41 2063 2042
f 1712 1481 1482
f 839 1554 2209
f 2316 283 261
f 157 2274 2109
f 1101 1882 2179
f 2192 2480 2201
f 283 1643 261
f 1476 1424 1720
f 151 1747 2154
f 1963 2464 567
f 2332 2333 2244
f 205 2464 1963
f 2064 240 2383
f 332 1866 2112
f 476 1606 2199
f 2202 2404 2201
f 1446 1740 2112
f 2491 2192 261
f 2447 2163 2499
f 2146 1455 396
f 567 2464 1920
f 1633 668 143
f 882 223 883
f 27 1194 91
f 2037 1765 960
f 1470 1431 2037
f 1271 209 1617
f 2353 2180 2372
f 2459 2154 1887
f 2373 1225 2349
f 2437 2480 2491
f 843 846 1578
f 78 846 1592
f 863 871 2444
f 2496 1755 2306
f 2000 1425 1444
f 516 2000 1444
f 1414 830 392
f 2403 2391 1496
f 62 2340 2319
f 125 651 2004
f 651 125 658
f 836 2388 1765
f 1621 2451 2492
f 1765 1768 836
f 2400 2200 2202
f 1032 1839 82
f 2489 2495 2502
f 888 2072 2217
f 1834 1757 1770
f 2476 1420 2195
f 2411 2394 2456
f 2485 100 2236
f 252 1618 1614
f 55 1321 558
f 636 2074 1564
f 1612 1613 1599
f 2495 2472 2493
f 2449 475 649
f 2470 2486 2237
f 1409 1801 1633
f 1392 1785 1131
f 2365 1945 1630
f 2440 2075 2365
f 2408 2412 313
f 2472 1794 2102
f 1114 1066 2435
f 2068 1611 2070
f 1640 1581 755
f 1640 1566 1581
f 1398 1037 940
f 245 1608 1902
f 2463 1358 2413
f 2349 2294 2282
f 1948 435 1583
f 369 943 1832
f 2395 2384 2382
f 1417 2387 368
f 1420 2476 2421
f 2413 2409 2463
f 2362 2069 260
f 2348 1592 1014
f 637 2468 1095
f 2360 483 227
f 2427 2469 637
f 2371 2407 2417
f 2458 1862 2422
f 2026 2023 1054
f 2374 323 775
f 1651 1526 1652
f 485 243 2327
f 1064 1130 2020
f 1503 2296 1951
f 1066 1113 984
f 1519 1922 1527
f 491 889 892
f 1538 1659 890
f 2227 102 2226
f 1922 982 998
f 775 323 634
f 2338 227 634
f 2226 102 1111
f 1520 1027 1539
f 2197 2318 2293
f 203 1666 465
f 2410 2369 2351
f 1289 26 1247
f 775 634 772
f 2270 2211 467
f 2357 2423 2356
f 173 2308 1696
f 2180 2378 1812
f 832 996 829
f 461 1010 1009
f 2030 1106 2138
f 1614 1597 252
f 1046 855 1045
f 2328 1690 1743
f 2409 2391 2403
f 1025 1269 498
f 1303 1828 1507
f 814 2271 2208
f 1063 1062 188
f 118 88 344
f 945 1303 2031
f 502 1692 286
f 1966 218 495
f 1327 924 1328
f 2235 1029 279
f 114 561 887
f 2260 858 2211
f 1793 1115 1806
f 2127 1068 1363
f 1802 2337 1205
f 1027 1028 1061
f 2186 2264 1269
f 2186 456 2264
f 1674 456 1069
f 2398 2138 2011
f 441 281 224
f 493 2261 2219
f 2251 1732 2261
f 1787 2021 1797
f 1179 560 66
f 1078 1050 1453
f 2378 2340 1829
f 571 561 374
f 2024 907 2175
f 1814 383 1496
f 1844 1217 1156
f 802 2381 601
f 1383 530 268
f 617 1709 714
f 340 2035 565
f 519 1121 1478
f 1969 1091 1898
f 1139 278 1753
f 608 1255 1320
f 2258 204 1085
f 2358 343 2304
f 343 600 2304
f 1320 1255 383
f 620 1405 9
f 2359 2230 2355
f 1099 1140 938
f 1972 1412 1382
f 1727 792 204
f 1063 847 198
f 2221 267 411
f 448 1410 1120
f 2090 1726 1149
f 1339 920 937
f 2250 2232 1188
f 2335 2280 2345
f 1601 234 1708
f 44 1255 608
f 1775 1842 1124
f 26 1284 1247
f 63 1827 594
f 1234 38 805
f 1155 2286 540
f 2225 2343 2342
f 2294 2349 1996
f 1485 1121 373
f 1144 795 1748
f 1136 1138 1376
f 359 1327 360
f 2325 2351 2313
f 1188 1189 1167
f 1321 598 2143
f 1826 62 2319
f 2335 2356 2320
f 1423 1365 796
f 608 1771 44
f 1158 2252 1330
f 1803 1749 2232
f 1084 1211 2329
f 2303 745 1753
f 1778 2322 1761
f 628 548 920
f 433 617 1853
f 1992 1749 1342
f 909 548 926
f 1187 1249 1250
f 1324 400 584
f 1209 1761 2322
f 2329 1211 2049
f 2113 1399 1238
f 1615 575 1758
f 1758 575 421
f 1098 1218 2100
f 2392 2389 2422
f 1290 930 803
f 1615 581 583
f 1860 1762 1283
f 1752 1279 1763
f 1227 578 2039
f 1029 510 1074
f 1812 1083 2184
f 1752 1763 1301
f 2294 1996 1192
f 172 179 591
f 2291 2329 2049
f 593 169 172
f 169 593 2225
f 2323 553 584
f 1858 1867 1213
f 1228 145 1771
f 1333 1305 1244
f 257 2071 1846
f 2275 600 1439
f 1249 1769 316
f 2030 2398 2433
f 225 246 1580
f 364 2433 2398
f 1354 2312 1235
f 1268 1236 1199
f 1356 1185 1256
f 2336 2344 584
f 1163 314 1741
f 1741 314 1344
f 2342 1778 1838
f 1802 1306 2337
f 1352 1171 813
f 1782 1798 1783
f 1872 1369 1345
f 187 794 793
f 187 793 179
f 2467 2437 2399
f 2335 2357 2356
f 91 2282 27
f 147 1784 1793
f 1752 540 1279
f 1789 1784 1266
f 1243 2336 400
f 2182 2221 1876
f 2421 2001 1420
f 2359 2355 142
f 225 1580 1640
f 357 1099 1794
f 1726 1750 1149
f 615 73 113
f 2371 2333 2332
f 2332 2351 2369
f 603 1553 1552
f 1270 2012 57
f 1151 1301 1726
f 1553 1274 587
f 88 75 344
f 65 1035 2110
f 334 1298 1495
f 2299 1215 1216
f 124 1793 1784
f 2415 2330 660
f 572 338 1286
f 813 1896 810
f 2267 2273 1727
f 613 1891 1883
f 616 1874 2046
f 857 72 84
f 84 1179 857
f 540 1752 1151
f 2282 1977 200
f 1800 1836 609
f 385 1799 1836
f 1015 95 2442
f 127 135 603
f 1196 2034 134
f 1219 849 1202
f 370 1202 71
f 1099 2023 365
f 1143 1186 898
f 983 1113 1225
f 22 1969 546
f 1665 215 1937
f 1665 1937 1846
f 276 931 4
f 2229 97 2230
f 1793 1106 1115
f 1229 201 1407
f 1806 1805 1216
f 267 2221 2259
f 2371 2417 1193
f 1240 2151 2172
f 1102 295 279
f 2427 637 1095
f 2259 299 267
f 1138 1435 299
f 1435 1138 1401
f 2446 2425 2431
f 1804 627 1095
f 2053 650 2150
f 1359 2367 2103
f 660 2071 257
f 619 2392 2422
f 1614 1547 1600
f 1320 1814 1358
f 1815 1507 1828
f 914 940 362
f 1039 1097 1098
f 1597 1601 252
f 2027 619 1862
f 932 1828 1817
f 589 275 620
f 2029 947 1818
f 1100 2088 451
f 1815 1819 1808
f 1821 102 1808
f 2448 821 2068
f 1079 1078 1051
f 1047 1181 2253
f 2251 1047 2253
f 367 1093 629
f 1077 711 2056
f 260 1900 1240
f 2168 1900 2256
f 2247 1413 777
f 1100 1065 2130
f 2130 1416 1100
f 2379 2387 2246
f 1393 1392 1839
f 2470 2409 2438
f 711 1077 1913
f 1003 702 1679
f 2445 1103 2479
f 89 2421 2476
f 2465 952 1832
f 2463 1834 1358
f 2025 1409 1772
f 939 2101 1807
f 2025 1772 2454
f 2422 1358 1770
f 2418 366 2242
f 2423 2246 2387
f 1908 1744 1451
f 1966 221 218
f 2301 1914 2249
f 1027 1287 1472
f 1479 1047 2251
f 1862 2458 1535
f 245 1744 1908
f 1414 1415 109
f 947 101 1052
f 1333 1244 1306
f 2102 365 2026
f 2446 2431 2450
f 1772 1086 2459
f 2450 2426 2461
f 1617 209 1520
f 125 2189 1840
f 942 1524 4
f 223 755 756
f 1690 2328 775
f 1121 519 347
f 347 519 854
f 1093 627 1040
f 2417 2243 1751
f 256 1523 144
f 241 1028 1520
f 136 976 974
f 1443 2485 133
f 215 2170 254
f 2274 2434 2237
f 1847 2468 2306
f 1299 147 2182
f 1696 2334 465
f 503 1957 1502
f 1284 1138 1248
f 1949 1599 1613
f 2347 2324 1743
f 1854 1447 1445
f 2456 2394 2443
f 1859 1465 407
f 2362 2464 2069
f 1703 1696 2308
f 2308 2318 1703
f 2309 50 1460
f 1523 263 490
f 406 315 434
f 1879 960 2108
f 2108 2107 1879
f 45 1869 470
f 1549 1548 1441
f 1664 1549 1441
f 1998 2289 2085
f 1701 991 1902
f 1424 1882 1101
f 329 1987 54
f 1669 1651 1531
f 1987 1725 54
f 2348 2292 7
f 1833 2019 1016
f 1934 2370 1311
f 1508 1953 1955
f 568 38 807
f 1424 1101 2123
f 2256 2401 2203
f 1493 1720 39
f 809 38 568
f 2382 2384 2302
f 2158 1608 2067
f 2430 2067 1608
f 676 430 972
f 1877 1878 1134
f 1877 1671 1878
f 351 230 644
f 967 423 1877
f 1642 1892 1584
f 429 156 1411
f 2376 483 2360
f 28 429 1411
f 2062 1490 1332
f 1632 30 1931
f 25 1704 1497
f 242 174 1931
f 1332 1711 1223
f 2466 2236 2026
f 2477 2446 2450
f 2363 2384 2425
f 980 680 270
f 240 2065 2390
f 24 437 304
f 989 675 954
f 237 56 437
f 1776 1231 416
f 933 1660 19
f 645 1040 1804
f 472 1714 319
f 682 290 1682
f 1851 1511 1510
f 514 2043 1734
f 2036 283 542
f 1623 2414 1925
f 1975 1521 1699
f 1936 2213 2414
f 290 285 2091
f 534 531 1398
f 223 1640 755
f 641 105 1037
f 2362 2205 2419
f 16 449 197
f 435 1948 2415
f 1657 78 514
f 1529 1895 1381
f 2401 2440 2365
f 1252 1544 68
f 2128 2277 283
f 2405 2376 2400
f 2431 2384 2426
f 1895 1364 1381
f 2043 1563 1971
f 1366 492 1567
f 475 2161 758
f 1292 1220 1853
f 2443 2394 2399
f 1901 1381 1364
f 2075 1945 2365
f 1699 1366 2199
f 492 1568 1567
f 2479 2490 2445
f 2455 2440 2385
f 636 1587 2074
f 752 2066 756
f 2169 2404 2339
f 2400 2412 2200
f 277 535 2307
f 535 1264 539
f 539 2307 535
f 588 1553 587
f 2287 2288 2320
f 787 784 788
f 2200 2412 2408
f 871 2352 2444
f 1901 1364 1558
f 223 225 1640
f 2188 460 1658
f 1209 2322 1423
f 2451 1621 2198
f 252 1708 473
f 2315 42 1337
f 851 845 848
f 1910 1911 1347
f 1554 2058 2444
f 1088 2473 1389
f 753 2161 752
f 208 2137 2317
f 2155 462 669
f 2199 1606 2497
f 347 1037 531
f 462 1641 1562
f 1561 462 1562
f 2202 2200 2404
f 846 1590 1578
f 1638 1636 2081
f 258 660 257
f 205 2440 2478
f 2215 2453 1349
f 1919 2081 1618
f 2464 2419 479
f 2032 951 952
f 871 863 861
f 2032 2033 951
f 2061 1919 1622
f 2201 2481 2202
f 1568 1602 2066
f 2492 2477 1353
f 252 1601 1708
f 2437 2467 2480
f 888 2217 2216
f 2481 2480 2467
f 202 2478 2428
f 1933 473 657
f 2487 261 1643
f 2487 1707 1947
f 1930 460 238
f 86 1889 2216
f 2216 1271 86
f 2477 2450 2461
f 2354 2484 2488
f 14 2488 1574
f 1042 1569 1565
f 1563 208 1894
f 1930 886 1658
f 1889 86 2193
f 2199 1643 1699
f 2423 2387 2473
f 2198 1621 313
f 1699 1643 2277
f 2419 2464 2362
f 1614 1596 1597
f 1639 2298 1965
f 679 2298 2153
f 2430 245 2386
f 1264 669 1561
f 1561 828 1264
f 1707 2449 649
f 789 454 14
f 1264 828 674
f 2428 2069 202
f 2210 851 848
f 851 853 845
f 1783 1569 1256
f 1316 1539 1940
f 1520 1539 1316
f 458 6 2
f 2171 6 277
f 458 2 787
f 2489 2457 2482
f 2400 2350 2412
f 1256 1782 1783
f 866 1895 867
f 2483 2404 2200
f 283 2316 2089
f 2411 1322 235
f 2171 446 6
f 1254 580 1575
f 6 197 2
f 2152 1937 460
f 1948 2330 2415
f 2256 2385 2401
f 514 196 1657
f 2466 1032 2236
f 2104 626 1983
f 2471 1629 2076
f 235 764 766
f 289 10 449
f 1975 2128 2036
f 2319 2297 1190
f 1904 492 1521
f 2157 1954 1953
f 2036 542 185
f 414 1206 1220
f 139 686 1254
f 1509 1505 1899
f 494 1975 185
f 893 1351 1309
f 1053 1585 1055
f 491 188 1589
f 1505 440 542
f 19 185 440
f 2122 2064 2383
f 1505 1104 440
f 613 1324 584
f 236 237 748
f 633 1329 1527
f 1519 1524 982
f 263 1524 490
f 23 304 56
f 1953 1007 2214
f 675 989 859
f 436 1183 715
f 484 2279 1692
f 1692 502 484
f 2071 502 1665
f 2125 1918 2126
f 2302 2347 1743
f 214 499 630
f 1224 1500 1379
f 1710 985 1953
f 726 728 478
f 242 24 304
f 242 304 174
f 686 139 688
f 1674 2118 2167
f 889 890 892
f 2197 2293 1694
f 2385 2440 2401
f 305 270 1960
f 2211 856 1046
f 995 104 219
f 1931 2057 306
f 429 28 29
f 30 25 39
f 2082 1694 2293
f 1710 1508 1039
f 1044 213 1273
f 1960 1712 305
f 777 2268 771
f 2203 2204 2252
f 431 1718 1159
f 326 106 2292
f 2083 1437 1743
f 431 34 1718
f 1287 1027 267
f 2082 206 1694
f 1946 2095 2166
f 43 1946 506
f 2082 624 206
f 2211 1046 467
f 1585 1053 687
f 2179 672 1101
f 2248 2247 2272
f 2268 2175 515
f 2263 2175 2268
f 495 265 1966
f 2262 457 501
f 2485 1013 100
f 2150 2175 2263
f 2117 2119 1961
f 612 2262 998
f 1421 856 858
f 513 1990 1991
f 1991 318 513
f 451 1065 1100
f 451 2186 1269
f 1459 2040 1868
f 2311 2380 2165
f 721 1142 623
f 2262 1649 457
f 2242 407 2191
f 1921 1650 842
f 962 453 965
f 2243 1459 1868
f 1158 1900 2168
f 1852 1449 1450
f 1446 1450 1449
f 2495 2489 2482
f 1158 1240 1900
f 1764 1816 407
f 2396 2502 2380
f 123 655 1426
f 1125 1127 1731
f 656 2498 1460
f 2500 2289 2274
f 121 1429 1754
f 617 714 287
f 2204 1330 2252
f 711 1192 1168
f 1388 1178 1132
f 2418 652 1835
f 2501 2502 2495
f 295 1803 1141
f 1147 1384 1157
f 2496 2306 2468
f 2489 2396 2238
f 1135 1118 1864
f 1148 1173 798
f 1177 798 1173
f 2245 2275 9
f 946 1171 1148
f 1155 1157 2287
f 1867 1858 2300
f 1120 434 194
f 434 1195 194
f 194 1195 793
f 1008 109 1278
f 1370 1371 1871
f 2291 2151 1240
f 2102 1013 2494
f 33 2220 2147
f 2222 577 2119
f 369 952 1060
f 172 794 187
f 414 1220 1292
f 1750 1762 1861
f 1992 573 1189
f 1838 1761 310
f 573 1992 1994
f 994 1932 1415
f 33 1218 1097
f 1098 1097 1218
f 1236 1331 1291
f 1616 581 1615
f 2286 2320 2134
f 1835 983 1225
f 2291 327 2329
f 579 1616 1619
f 1219 65 1858
f 1219 1858 1226
f 1573 2070 2424
f 1230 597 936
f 1230 578 597
f 600 2275 2304
f 406 1084 315
f 2315 2110 42
f 2323 1235 2312
f 2319 2340 2297
f 1942 2068 2070
f 2479 1755 2490
f 202 205 2478
f 2143 2432 2465
f 1052 1818 947
f 2380 2502 2501
f 2435 2460 2369
f 2369 2460 2407
f 2297 2223 2222
f 1556 1943 1942
f 1598 1056 1291
f 1393 1057 1808
f 598 2290 1263
f 2025 1335 1801
f 1247 1999 1246
f 1215 2299 1294
f 1999 1793 2098
f 147 1793 1999
f 1639 2156 2153
f 1808 1057 1821
f 2326 1265 2147
f 2003 334 134
f 1001 1193 2417
f 2438 2409 2403
f 1244 2005 562
f 931 631 1788
f 1285 631 931
f 2439 2427 2233
f 63 599 1154
f 63 1128 1243
f 1253 1492 1796
f 1130 1064 1312
f 1458 1071 395
f 1114 2435 2410
f 1507 1808 2227
f 1857 2100 1218
f 1805 1265 2326
f 124 1784 2015
f 2007 385 1800
f 1243 1128 2366
f 1193 1251 321
f 1268 1199 1197
f 1197 1196 1259
f 55 2290 1321
f 2432 2143 598
f 574 2010 1800
f 1800 2010 2007
f 1373 1152 1011
f 2343 2228 72
f 396 1071 398
f 396 395 1071
f 848 2212 2210
f 2337 1807 2144
f 1205 2144 1011
f 2015 85 2017
f 1172 115 958
f 1225 2373 2418
f 2227 2226 2031
f 1798 1797 2016
f 2485 1443 1013
f 562 1807 2337
f 1615 1355 1616
f 1823 1504 115
f 370 597 99
f 92 364 2398
f 1823 564 944
f 2332 2407 2371
f 108 598 1109
f 374 689 909
f 2391 2413 1814
f 368 2379 2361
f 560 2403 1496
f 1504 900 115
f 1619 544 1356
f 1304 1303 945
f 2391 1814 1496
f 2246 2423 2357
f 2397 2021 566
f 2139 1176 2183
f 416 1646 1206
f 2393 2439 2233
f 80 73 615
f 2025 353 1335
f 2397 2429 2021
f 2429 1824 2021
f 2396 2380 2164
f 132 122 2183
f 2183 574 2106
f 414 415 416
f 2413 2391 2409
f 1658 460 1930
f 91 1041 366
f 1103 2445 923
f 383 66 1496
f 1792 2433 364
f 1646 416 1231
f 2025 2454 2397
f 2231 601 2381
f 2030 2433 2432
f 1355 546 544
f 603 135 602
f 2416 2457 2462
f 1807 2101 2144
f 2231 2230 2359
f 610 2008 1274
f 2191 1448 652
f 2475 2457 2441
f 2345 2379 2357
f 1322 649 760
f 1876 1299 2182
f 89 1417 368
f 1093 640 638
f 601 328 389
f 1220 1206 300
f 2354 2488 14
f 1777 2367 1300
f 300 1206 301
f 2003 1298 334
f 62 571 2340
f 2033 959 2141
f 759 761 649
f 1637 1638 1542
f 1542 1638 1639
f 598 1263 1109
f 1464 1997 432
f 145 1267 1258
f 2473 2120 2265
f 1392 2028 1785
f 2359 142 328
f 2475 2472 2495
f 1834 1770 1358
f 2110 1266 42
f 1034 1031 1402
f 53 1255 44
f 2111 1850 592
f 2012 1270 2310
f 593 2343 2225
f 1001 2417 1751
f 1191 1168 1238
f 1055 1544 1252
f 2323 584 2344
f 1775 1774 1426
f 400 1324 1827
f 763 1746 830
f 1748 795 796
f 1858 65 2315
f 1399 1191 1238
f 656 2140 2498
f 2314 1280 1228
f 1759 1766 1431
f 1865 409 1746
f 2225 1838 169
f 2195 1420 516
f 651 659 2107
f 1279 2286 2134
f 2241 1013 1442
f 2326 2147 2278
f 1754 1855 1755
f 592 1776 148
f 2322 1280 1423
f 1442 2240 2241
f 70 133 1457
f 2346 2120 2473
f 813 812 1352
f 1816 1859 407
f 614 695 291
f 1388 2275 2280
f 1581 1541 754
f 2294 1192 1977
f 1960 2195 516
f 1425 1751 1482
f 1726 1301 1750
f 786 1654 1483
f 1483 1654 152
f 1650 48 330
f 1354 553 2312
f 613 584 553
f 2151 2291 2049
f 2042 1736 41
f 1874 1149 1750
f 1299 1876 1875
f 813 1171 2048
f 2286 1155 2287
f 1 27 200
f 156 1869 45
f 156 508 1869
f 1868 1730 1482
f 2280 2288 1388
f 1875 1876 1881
f 156 429 508
f 432 2120 94
f 2405 483 2376
f 1733 1184 1735
f 2281 1330 2204
f 672 29 428
f 1171 946 2048
f 1738 1134 1878
f 39 2123 30
f 309 972 430
f 309 678 164
f 1881 1063 198
f 41 1493 1497
f 1803 295 1739
f 441 106 194
f 326 194 106
f 1727 204 2267
f 174 1632 1931
f 290 2368 285
f 690 1704 171
f 1876 2221 411
f 2234 1985 1477
f 229 175 1295
f 1117 1379 1491
f 15 1125 1731
f 956 23 715
f 284 47 262
f 697 253 236
f 186 181 20
f 1394 1147 650
f 1055 1585 750
f 1896 2255 814
f 1685 1734 447
f 1660 1851 1904
f 906 201 13
f 1975 2036 185
f 286 874 538
f 1025 451 1269
f 1894 7 224
f 54 2062 2059
f 201 906 1407
f 620 9 589
f 1132 586 589
f 1661 667 34
f 1075 1686 1331
f 2307 539 2171
f 40 964 1237
f 2162 2298 679
f 2053 2150 1413
f 267 299 265
f 274 1397 827
f 403 840 1894
f 840 1005 1620
f 1916 1716 291
f 1424 39 1720
f 1062 1063 1061
f 1062 1061 1028
f 535 669 1264
f 2447 669 535
f 2154 1086 1820
f 2114 2250 211
f 14 1574 789
f 1254 1575 1569
f 2048 2260 2270
f 1345 1888 1370
f 2192 2491 2480
f 1493 41 52
f 908 2116 1697
f 1476 1720 1493
f 495 1287 265
f 879 2061 1917
f 1662 2300 2254
f 1337 2254 2300
f 1595 882 881
f 2179 670 672
f 210 138 1673
f 1690 2083 1743
f 1697 1006 515
f 2251 2261 493
f 493 1479 2251
f 796 1365 2115
f 2317 78 1592
f 897 1022 1023
f 814 2208 997
f 435 2415 2368
f 1744 991 1693
f 1707 2497 2449
f 1846 1937 1967
f 1158 1214 1240
f 223 1602 883
f 1256 1233 1782
f 223 882 225
f 992 180 90
f 1475 992 90
f 1475 216 463
f 1926 1933 657
f 2491 2443 2437
f 2497 2073 2449
f 1727 2273 541
f 1570 1714 472
f 197 454 2
f 2203 2301 2204
f 1915 2060 1555
f 973 1134 1133
f 2073 475 2449
f 1700 2296 1503
f 7 2292 224
f 2448 1323 820
f 2467 2399 2405
f 2212 2436 2444
f 393 499 1518
f 231 1520 209
f 2324 2363 2328
f 1940 2383 1316
f 339 226 722
f 2350 2376 2338
f 247 2077 1527
f 351 227 483
f 1135 27 1
f 226 1573 2424
f 2123 1101 428
f 2385 2069 2428
f 235 1322 760
f 2065 1949 2390
f 471 1313 2196
f 471 2196 358
f 472 761 759
f 648 498 243
f 1701 2426 2395
f 239 648 2370
f 319 1714 1313
f 2071 660 484
f 852 1603 853
f 1566 884 1767
f 757 228 1570
f 1944 2331 2402
f 483 2399 230
f 831 643 1591
f 313 323 2374
f 2394 235 644
f 1934 915 239
f 1581 233 1541
f 1472 2122 1940
f 25 1497 39
f 239 915 339
f 911 910 1559
f 497 1523 1767
f 1522 497 2214
f 1950 498 648
f 149 1096 523
f 2301 2203 2365
f 2399 483 2405
f 1929 1669 1531
f 255 479 2207
f 2350 323 313
f 1023 259 1043
f 1941 1555 1950
f 1944 2305 2331
f 1939 1786 2063
f 1498 1499 1924
f 1902 1744 245
f 313 1605 2408
f 767 393 1518
f 2348 7 208
f 1547 1924 1480
f 2137 2043 514
f 1711 1332 1490
f 1503 1525 466
f 2424 2070 1611
f 1951 1351 896
f 2414 246 1925
f 2383 240 2452
f 1044 1273 1698
f 2390 2215 240
f 1508 1710 1953
f 1925 246 225
f 2443 2399 2437
f 2461 2426 2158
f 1592 2348 2317
f 1272 1043 1698
f 173 465 219
f 1043 1272 504
f 474 752 2073
f 2400 2467 2405
f 252 473 1933
f 245 1908 244
f 982 942 1012
f 1631 1925 225
f 242 1931 306
f 2428 2478 2455
f 2235 2283 466
f 211 466 2283
f 1913 138 216
f 2453 1949 1613
f 2256 2203 2168
f 446 294 16
f 1606 474 2073
f 244 1908 1915
f 1625 1620 1923
f 1631 225 882
f 445 288 682
f 777 2272 2247
f 1606 2073 2497
f 2083 2116 1437
f 1556 913 1537
f 729 1516 733
f 16 482 449
f 1692 1110 286
f 273 707 271
f 1959 728 2126
f 1120 326 1014
f 777 1413 2263
f 2248 2093 2247
f 2075 2190 1628
f 2093 1413 2247
f 2269 2149 1007
f 616 1146 451
f 1663 1626 435
f 1374 1884 1883
f 1890 5 1891
f 1968 1675 1514
f 1554 2444 2436
f 2053 1394 650
f 1803 2232 1141
f 1494 1137 1295
f 1180 1710 1098
f 1672 719 1753
f 123 854 519
f 792 1727 541
f 1983 183 1729
f 1305 1333 1012
f 2058 863 2444
f 444 2087 699
f 444 1145 2087
f 2456 2491 261
f 530 2245 9
f 2483 2484 2354
f 441 2266 281
f 1229 650 1147
f 201 1229 1147
f 2153 2298 1639
f 781 2052 1952
f 2113 2258 1085
f 1399 2113 1085
f 2153 879 679
f 972 970 1129
f 1387 1410 448
f 2092 1742 1731
f 1952 780 781
f 1558 107 1901
f 1388 2288 1178
f 828 824 2132
f 2278 2220 2253
f 297 480 207
f 2339 2354 684
f 1572 837 1571
f 839 1551 1554
f 718 860 1030
f 1030 860 1223
f 2192 2089 2316
f 299 2259 2295
f 1223 860 1019
f 787 454 789
f 1486 1682 1684
f 1319 1682 1486
f 1886 1369 1872
f 1289 1735 1184
f 78 2317 2137
f 1306 1315 2262
f 1388 9 2275
f 1181 1182 1294
f 1439 2280 2275
f 2295 2221 2182
f 685 708 518
f 1190 2310 2319
f 639 2188 17
f 639 1967 2188
f 1673 1077 622
f 2287 2320 2286
f 2055 1676 679
f 298 438 618
f 2133 1860 2038
f 2171 2104 446
f 2038 1872 1318
f 1872 2038 1221
f 1325 1221 2038
f 2137 514 78
f 253 61 236
f 851 852 853
f 1325 2038 1232
f 720 1033 489
f 956 304 23
f 1135 1194 27
f 480 1509 289
f 417 419 311
f 494 1904 1521
f 1973 1604 1512
f 941 294 293
f 1771 2096 1995
f 297 1505 1509
f 1557 834 1380
f 805 38 1843
f 298 1540 1557
f 1319 653 298
f 262 253 697
f 388 1281 1282
f 1788 2005 1244
f 145 1258 53
f 96 59 47
f 47 61 253
f 1288 2356 1088
f 2352 643 2208
f 1787 1798 1782
f 336 450 518
f 432 94 1430
f 59 61 47
f 697 557 262
f 590 1270 57
f 690 436 671
f 1243 2366 2336
f 387 1196 1495
f 1384 1147 1394
f 207 217 178
f 1241 935 186
f 174 304 956
f 1632 174 1183
f 1183 174 956
f 1354 1395 1890
f 65 1204 1035
f 12 155 154
f 71 1202 849
f 1632 171 30
f 608 1320 2377
f 762 21 496
f 1241 762 496
f 229 1998 175
f 77 379 1837
f 81 76 79
f 610 2014 83
f 2013 1978 611
f 306 28 242
f 668 768 143
f 668 1702 768
f 496 21 653
f 28 1411 24
f 307 170 1411
f 1304 1197 1303
f 945 1196 1304
f 2011 2015 92
f 2017 92 2015
f 1203 2017 85
f 804 345 377
f 311 1129 1488
f 783 439 1241
f 311 1873 1129
f 1276 2100 108
f 2389 2392 1320
f 45 1489 156
f 508 429 29
f 1486 496 653
f 12 154 152
f 420 1494 2002
f 29 672 508
f 1494 420 2059
f 2166 2095 160
f 1335 1154 1801
f 2403 560 555
f 1092 1162 1251
f 1041 91 1194
f 494 185 19
f 29 306 428
f 48 1650 1477
f 97 2229 625
f 625 350 97
f 382 97 350
f 1122 110 1126
f 2059 1443 54
f 1660 1904 494
f 1470 1469 1859
f 1469 1476 1465
f 430 427 308
f 102 1811 625
f 1459 1445 2040
f 1443 70 329
f 329 70 1457
f 1417 2160 1870
f 207 482 294
f 2120 2387 1870
f 1436 817 1462
f 1150 1491 426
f 157 2309 2434
f 1822 359 360
f 360 361 1368
f 1808 1507 1815
f 1808 102 2227
f 108 2030 2432
f 1081 1080 1031
f 1443 420 1442
f 2421 343 2358
f 817 1336 1462
f 2239 2420 2416
f 1358 2422 2389
f 1983 1729 293
f 1812 1362 1036
f 1036 1390 1812
f 2168 2252 1158
f 133 70 1443
f 109 363 1108
f 425 430 676
f 1801 1312 1633
f 2439 2445 2490
f 2037 342 1765
f 342 2037 1431
f 342 1431 1766
f 1101 672 428
f 494 1521 1975
f 1420 2000 516
f 994 993 1404
f 955 1840 2141
f 955 2141 356
f 1041 2145 366
f 971 423 967
f 2020 1464 1064
f 1059 1765 342
f 2490 2496 2439
f 2495 2482 2475
f 2473 2387 2346
f 1881 1378 1063
f 1773 1485 373
f 2468 1847 2142
f 1535 2498 2140
f 2164 175 2085
f 1034 1764 2145
f 2434 1834 2237
f 2494 1013 2241
f 2145 1764 407
f 1764 1034 1402
f 1756 346 1847
f 1848 1849 1485
f 2468 2469 2496
f 1755 2479 1418
f 2457 2489 2238
f 1842 1760 119
f 1031 1359 1586
f 486 193 183
f 2396 2289 2238
f 1754 1755 1418
f 1459 2243 2460
f 1670 1756 842
f 1714 1570 2364
f 125 656 658
f 1535 2140 957
f 2004 2107 836
f 1036 642 1390
f 1946 48 506
f 572 1286 1207
f 133 82 835
f 2475 2482 2457
f 929 2194 1755
f 1745 404 405
f 1647 228 757
f 1852 1450 136
f 133 835 1457
f 2236 100 2026
f 659 651 141
f 651 658 141
f 1751 2243 1482
f 2422 1770 2458
f 2432 2433 2465
f 420 2240 1442
f 2002 2240 420
f 2022 1822 1024
f 2194 37 2306
f 2026 1054 2466
f 2466 1054 2018
f 2040 1737 1723
f 2306 37 1985
f 885 1676 1675
f 50 470 1460
f 639 17 1968
f 1088 2423 2473
f 960 1882 1424
f 9 1388 1132
f 2382 1701 2395
f 41 2191 52
f 670 2179 1879
f 1099 365 1794
f 1987 329 1461
f 50 2309 157
f 2311 175 2164
f 1991 765 35
f 2160 325 680
f 2265 2120 432
f 508 672 670
f 212 477 213
f 1706 50 157
f 39 1424 2123
f 2109 2274 2187
f 1979 158 160
f 2095 1979 160
f 370 959 1202
f 1986 1715 1712
f 2406 2233 2427
f 969 309 971
f 1845 2311 2165
f 1095 2406 2427
f 2154 1820 1607
f 151 2154 1607
f 30 2057 1931
f 273 1698 1043
f 1648 954 2059
f 548 112 937
f 289 1509 2169
f 112 1970 919
f 171 436 690
f 486 626 195
f 708 685 979
f 397 1071 1458
f 399 413 284
f 413 489 450
f 450 284 413
f 485 2327 222
f 371 97 382
f 11 774 618
f 1302 1817 1828
f 941 217 207
f 1319 1380 1685
f 332 1473 1866
f 496 1486 783
f 1300 2367 1359
f 1506 783 1486
f 1973 1660 1974
f 555 560 1326
f 1729 941 293
f 397 1458 654
f 2035 1830 93
f 2016 1797 1825
f 2337 2144 1205
f 834 196 1734
f 530 9 1405
f 913 1935 1537
f 2229 2230 2381
f 488 481 1897
f 1978 2393 925
f 923 2393 1978
f 546 1969 529
f 55 558 1285
f 1381 196 1529
f 378 83 2014
f 1320 2392 2377
f 84 72 382
f 371 382 2228
f 1292 750 414
f 382 72 2228
f 2253 2220 1732
f 1197 1199 1297
f 18 17 1658
f 2152 2188 1967
f 157 2434 2274
f 674 195 1264
f 1264 195 539
f 1225 1996 2349
f 1293 564 130
f 127 81 135
f 481 2086 882
f 129 131 128
f 128 604 129
f 129 604 122
f 2010 122 604
f 404 394 405
f 730 1625 1923
f 1196 387 1259
f 1259 1268 1197
f 654 404 1153
f 1321 2290 598
f 815 401 150
f 1795 1565 1830
f 2192 2316 261
f 864 1038 857
f 1229 1407 2024
f 2282 91 2373
f 1170 1242 1080
f 2199 2487 1643
f 1266 1035 1789
f 1244 562 2337
f 848 1571 2209
f 1571 848 843
f 1244 2337 1306
f 2340 2223 2297
f 2335 2345 2357
f 1288 2320 2356
f 599 1281 388
f 142 2355 2341
f 205 2190 2440
f 2452 2215 1347
f 2351 2325 1114
f 2492 1574 1621
f 1923 1906 730
f 71 849 1226
f 390 389 324
f 2342 1838 2225
f 10 14 454
f 1771 145 53
f 1114 2325 2113
f 2464 202 2069
f 2446 2477 2492
f 819 1611 821
f 820 822 2448
f 397 654 1153
f 584 400 2336
f 2121 819 1927
f 172 591 142
f 750 1292 741
f 315 324 591
f 2288 2335 2320
f 1856 1325 1281
f 473 2414 1623
f 1283 2038 1860
f 2073 2161 475
f 303 745 2303
f 2446 2451 2425
f 1735 1245 1294
f 1189 596 2044
f 2448 2068 1635
f 2278 2147 2220
f 1897 481 882
f 2281 808 1330
f 2451 2198 2425
f 6 458 277
f 2113 2325 2258
f 975 1852 136
f 871 643 2352
f 169 310 794
f 321 2092 2244
f 2092 321 1277
f 1415 1414 977
f 2384 2347 2302
f 246 884 1580
f 987 121 1016
f 1069 1972 1070
f 1652 1503 2124
f 2245 2304 2275
f 456 1893 1412
f 1195 179 793
f 2157 1936 234
f 2331 1954 2402
f 552 617 287
f 2363 2347 2384
f 2054 5 614
f 1977 2282 2294
f 2069 2385 251
f 2054 614 291
f 1867 2300 1348
f 1716 2054 291
f 2203 2401 2365
f 1370 1888 1382
f 1934 487 915
f 2254 1337 198
f 15 1742 2245
f 358 2196 1703
f 247 1647 2077
f 1587 636 1679
f 1584 1582 1642
f 2245 530 15
f 2347 2363 2324
f 2396 2489 2502
f 1144 444 1160
f 227 1518 770
f 1120 194 326
f 836 2108 2388
f 1527 1329 247
f 2321 2382 2302
f 465 1958 469
f 1398 914 1396
f 616 1893 1146
f 117 2145 407
f 499 770 1518
f 2212 2270 2210
f 1027 1472 1539
f 1397 1709 433
f 1212 621 1667
f 717 621 1164
f 2060 1025 498
f 1401 1138 1136
f 2296 1961 1951
f 1914 1687 1075
f 886 2193 885
f 1068 2127 1948
f 964 961 965
f 1764 1517 1816
f 982 1012 998
f 2163 788 459
f 962 1884 1374
f 2254 847 2218
f 218 221 2122
f 1012 942 1305
f 545 1385 442
f 1146 1893 2186
f 1039 2080 2174
f 2271 2048 2270
f 146 453 962
f 1269 2264 2167
f 2296 520 2136
f 2131 144 1522
f 999 701 702
f 1914 2301 2365
f 1075 1687 1686
f 904 1416 1705
f 1961 1688 1351
f 2285 2248 2272
f 411 267 1027
f 1903 623 1678
f 206 2257 1694
f 2093 275 586
f 1048 1441 1049
f 1440 1401 1051
f 1363 1110 2279
f 623 1119 1677
f 1673 1383 268
f 2150 2263 1413
f 1063 188 847
f 1039 2174 1097
f 1677 1119 1017
f 1963 824 205
f 624 268 206
f 1907 902 1705
f 1907 1705 266
f 1709 271 707
f 1091 1029 1074
f 2048 2271 2255
f 1065 1915 2130
f 792 1087 1085
f 984 1428 1427
f 301 1357 192
f 1174 302 301
f 2149 934 2131
f 1966 265 299
f 2407 2243 2417
f 1120 1014 1020
f 2119 577 1688
f 1688 577 1779
f 1732 2251 2253
f 1110 1363 1145
f 1966 299 1435
f 2284 1694 2248
f 2284 2248 2285
f 210 624 104
f 2250 1386 1072
f 1206 1357 301
f 1522 2149 2131
f 1141 2232 2250
f 771 2268 515
f 1132 1394 2053
f 2000 1002 1425
f 251 1900 260
f 1168 1191 711
f 2051 533 2090
f 173 2293 2308
f 985 1719 2269
f 1355 544 1616
f 1136 1376 1079
f 491 892 2276
f 441 1403 2266
f 2118 1021 222
f 222 2327 2118
f 1102 22 2047
f 2476 2195 89
f 2048 2255 813
f 1890 1891 613
f 1896 813 2255
f 1666 1475 463
f 463 465 1666
f 2269 1719 2290
f 2282 200 27
f 203 992 1666
f 1753 303 2303
f 1791 98 352
f 2302 1743 2321
f 2000 1420 1004
f 974 993 977
f 1116 1341 811
f 500 1652 1962
f 2270 2212 2271
f 1376 1284 26
f 2288 2287 1157
f 1157 1178 2288
f 1525 1652 500
f 1187 1189 2044
f 1190 1187 2310
f 2258 2313 2267
f 243 498 2167
f 1372 2094 1299
f 498 1555 2060
f 1861 1860 1871
f 1345 2133 1318
f 1318 1872 1345
f 1208 564 563
f 920 367 1340
f 248 2197 393
f 1871 1860 2133
f 2210 2270 467
f 418 809 1634
f 1347 1349 1910
f 2334 1696 1313
f 1911 1543 1347
f 2374 775 2328
f 1299 2094 1781
f 1535 2458 2498
f 1344 314 177
f 2313 2332 2273
f 1574 2492 1353
f 1958 2334 1313
f 1586 1402 1031
f 1084 1307 1211
f 1307 1084 406
f 1298 807 806
f 1240 2003 2291
f 2134 2320 1288
f 809 418 1843
f 1843 38 809
f 1409 1633 143
f 2077 2078 1519
f 2117 2136 520
f 1123 352 98
f 2329 327 1084
f 400 1827 63
f 55 803 2290
f 2315 65 2110
f 358 354 250
f 716 1070 1419
f 2256 251 2385
f 2214 1936 1953
f 2365 1630 1914
f 2370 1934 239
f 600 2361 1439
f 250 354 766
f 1959 2499 2163
f 250 766 764
f 2155 2447 2499
f 1038 2342 72
f 1790 746 749
f 2383 1940 2122
f 1556 910 913
f 103 361 891
f 2102 2494 2493
f 103 891 98
f 72 857 1038
f 644 235 766
f 599 388 1312
f 1591 1579 832
f 1124 1785 642
f 2355 2230 2228
f 2370 648 485
f 2375 2299 1216
f 648 243 485
f 101 369 1060
f 2397 2336 2366
f 1621 1574 2488
f 1196 1197 1304
f 2034 1196 945
f 1589 188 231
f 802 377 2381
f 2103 1844 1156
f 1179 1140 1326
f 2070 1573 1559
f 2375 1216 1805
f 1857 108 2100
f 92 2398 2011
f 1830 2035 1795
f 2377 2392 619
f 1203 1202 2017
f 2385 2428 2455
f 2410 2351 1114
f 1902 991 1744
f 641 1037 375
f 1810 921 348
f 2352 2212 2444
f 1894 840 1620
f 2138 2398 2030
f 1172 1208 563
f 1335 353 1128
f 1806 1115 1106
f 821 1611 2068
f 1603 841 853
f 479 1579 869
f 2424 727 226
f 95 1824 2429
f 2429 2442 95
f 1583 1627 1587
f 2383 2452 1316
f 424 2066 752
f 474 424 752
f 2451 2446 2492
f 353 2025 2397
f 2369 2410 2435
f 1367 1792 364
f 109 1015 1278
f 208 2317 2348
f 1947 2411 2456
f 2468 2142 1095
f 2190 2075 2440
f 1367 1202 1026
f 1956 2461 2158
f 2442 1278 1015
f 2102 1794 365
f 2076 1629 820
f 2421 89 343
f 2102 2026 100
f 2081 1613 1618
f 632 2465 1832
f 820 1629 823
f 1316 2452 1347
f 202 2464 205
f 958 1208 1172

