# https://github.com/mikedh/trimesh
v 0.00546894 -0.01500859 -0.13081682
v 0.02460500 -0.01351569 -0.12628306
v -0.04670950 -0.21722050 0.12074900
v -0.02035300 -0.23659299 0.11337600
v -0.01963913 -0.22961850 0.12092987
v 0.00007875 -0.22714876 0.12383550
v -0.12214024 0.06586287 0.04820309
v -0.04281200 -0.18138701 0.11525900
v -0.03768350 -0.17866150 0.11647050
v -0.03486431 -0.18533719 0.11893287
v -0.04296162 -0.22605075 0.11879575
v -0.02195034 -0.22000353 0.12638962
v 0.07072800 -0.01800150 -0.10905700
v -0.02574100 -0.21115400 0.12687901
v -0.05497112 -0.18672056 0.11234006
v -0.05509950 -0.18146881 0.11065731
v -0.03664225 -0.20949724 0.12449750
v 0.02600228 0.10334269 -0.13277681
v -0.01908500 -0.17954600 0.12309300
v -0.00999069 -0.17859484 0.12372041
v 0.06130300 -0.04784600 -0.11744800
v 0.05235925 -0.05508300 -0.11851225
v 0.03527450 0.10740725 -0.12813613
v -0.05144200 -0.16282500 0.11385800
v 0.02620400 0.09680100 -0.13351400
v -0.04208903 -0.15587234 0.11639994
v -0.04863175 -0.16345724 0.11471900
v -0.05809338 -0.16823950 0.10882962
v 0.00635750 0.13474900 -0.10402350
v -0.01357512 0.12884875 -0.11120272
v 0.10955100 0.07311400 -0.07258150
v -0.07310231 -0.23384306 0.09530132
v 0.01142975 -0.18888751 0.12444350
v 0.05496700 0.07635900 -0.12268300
v -0.06448816 -0.16271250 0.10533609
v -0.07437600 -0.16660476 0.10116100
v 0.03924987 0.09819237 -0.12945475
v 0.05480566 0.11166803 -0.11502369
v -0.07369561 -0.17045170 0.10034748
v 0.04301362 0.11600038 -0.11441075
v 0.02889725 0.11203175 -0.12658638
v 0.07119275 0.11128575 -0.10634775
v -0.03788812 0.07001444 -0.12859543
v -0.08350500 -0.18365300 0.09640000
v 0.08111275 0.10396425 -0.10557750
v -0.09408700 -0.18237001 0.08977100
v -0.01409600 0.10594300 -0.13528700
v 0.05144025 0.06666288 -0.11898650
v 0.06890475 -0.00773562 -0.10404888
v 0.01603050 -0.23175375 0.11851325
v 0.04949412 -0.01445900 -0.11736131
v 0.07261100 -0.00395537 -0.10350762
v 0.05343575 0.10315050 -0.12339375
v 0.03035700 -0.22212499 0.12284000
v 0.06398300 0.13316000 -0.08061300
v -0.10525200 -0.22974207 0.07527156
v 0.03815750 0.06027950 -0.12214150
v 0.05048100 0.13479599 -0.08818300
v -0.09586006 -0.23017851 0.08232269
v 0.04601400 0.13590349 -0.09128200
v 0.03862950 0.13913999 -0.08812075
v -0.09177850 -0.23551150 0.07758550
v -0.01564700 0.11229500 -0.13091600
v -0.03598750 0.12098000 -0.11639300
v -0.11173628 -0.22930621 0.06556596
v 0.00189988 -0.14783175 0.12206900
v -0.01000987 -0.15118162 0.12173825
v 0.05124709 0.05800463 -0.11648987
v -0.07157738 -0.11953019 0.10128431
v -0.00512763 -0.04904737 -0.13627826
v 0.03485088 0.12700300 -0.10819800
v -0.00268344 -0.13781218 0.12114478
v 0.00092862 -0.11681063 0.12430462
v 0.02405963 -0.01783856 -0.13028824
v 0.00247350 -0.12362600 0.12458825
v -0.00329350 -0.13579676 0.12344894
v -0.09886675 -0.17845175 0.07976125
v -0.09553200 -0.18357199 0.08477600
v -0.06250950 -0.22078888 0.11370237
v -0.08829944 -0.18173529 0.09059248
v -0.04245725 -0.08735925 0.11397350
v -0.02225375 -0.08832075 0.12013838
v -0.01881000 -0.01508900 -0.13145500
v -0.05713050 -0.19641700 0.11722600
v 0.04595206 0.12182831 -0.10747025
v -0.01246300 -0.01341788 -0.13096337
v -0.09631375 -0.23642375 0.07065625
v 0.02557594 -0.17768493 0.11869994
v 0.02214600 0.12670200 -0.11223900
v 0.03304025 -0.18891850 0.11933775
v 0.03616950 -0.19208300 0.12111250
v -0.07860036 -0.05835161 0.10227628
v -0.07429200 -0.05494100 0.10690900
v -0.03007650 -0.07058950 0.11871556
v -0.02740237 -0.07429600 0.12012825
v 0.08517825 0.11176921 -0.09311748
v -0.02023250 -0.04838413 -0.13618438
v -0.02328250 -0.07792275 0.11865412
v -0.02825650 0.07695813 -0.13492525
v 0.07585932 0.06459053 -0.10011844
v 0.08491500 0.07085350 -0.09934350
v 0.01495148 -0.01737203 -0.13361798
v -0.01012713 -0.07015806 0.12179410
v 0.02628150 -0.01722600 -0.13148062
v 0.01746275 -0.01820075 -0.13487799
v -0.01873513 -0.08519375 0.11940712
v 0.01519294 -0.09115244 -0.13052282
v -0.08317550 -0.09121850 0.09497750
v 0.06504850 0.06119600 -0.10804600
v 0.01079912 0.10233831 -0.13570212
v -0.06494138 -0.08787800 0.10434475
v 0.05002875 0.10808450 -0.12180375
v -0.00914000 0.04914800 -0.13121074
v 0.04844500 0.08982500 -0.12625800
v -0.00327103 -0.08366119 0.12217531
v -0.04357100 0.04983850 -0.12547900
v -0.01336500 -0.08704600 0.12207600
v -0.05635975 -0.02313888 0.11580212
v 0.09238450 0.06699131 -0.08564425
v 0.09304787 0.06286700 -0.08283287
v -0.04355353 -0.01732812 0.11812097
v -0.06685306 -0.06342969 0.10413475
v -0.05780787 -0.06525037 0.10801187
v -0.11017562 -0.23194174 0.06384463
v -0.03592419 -0.01456256 -0.13112681
v -0.00655812 -0.04866175 0.12787913
v 0.02643206 -0.16667400 0.12013331
v 0.03207628 -0.16909763 0.11637247
v 0.03599288 -0.18004724 0.11559175
v -0.03444000 0.12783875 -0.10811412
v 0.08128150 -0.00151525 -0.09554775
v 0.09319200 0.01021300 -0.08409650
v 0.08298350 0.01119350 -0.09307087
v 0.01011063 0.11726325 -0.12082513
v 0.08490463 -0.00470163 -0.09036362
v 0.00378112 -0.07731962 -0.12934187
v 0.07920188 -0.10801600 0.09353538
v -0.00182300 -0.08689500 -0.13011099
v -0.08623757 -0.07609317 0.09231566
v -0.07923862 -0.07784697 0.09545106
v -0.00886525 -0.07796425 -0.13489451
v 0.02065981 0.10868306 -0.13198049
v -0.07515419 -0.07368881 0.10104631
v -0.00533325 -0.06999800 -0.13189475
v 0.07617500 -0.10365400 0.09517250
v -0.08289750 -0.08779750 0.09470150
v -0.01803163 -0.06855959 0.11950062
v -0.10202775 -0.22238278 -0.09301809
v -0.00853006 -0.08883090 -0.13178888
v -0.00089575 -0.05164575 0.12677599
v 0.01448003 0.12347097 -0.11509750
v 0.09405500 -0.04875700 -0.09149900
v -0.11503300 -0.16491400 0.05897400
v 0.06077712 0.09709675 -0.12021575
v 0.05359100 -0.01999700 -0.12153500
v 0.01333900 -0.07762000 0.12038700
v 0.04996938 -0.01800681 -0.12071157
v -0.01047500 -0.07687200 0.12017700
v -0.03969300 -0.00828225 0.11669125
v -0.00693575 -0.07447275 -0.13075525
v -0.01110916 -0.07790691 -0.13177046
v -0.12279575 -0.22357363 0.05044600
v 0.09712438 0.10767812 -0.08588362
v -0.04534188 -0.00253044 0.11568319
v -0.02522363 -0.05416725 -0.13321987
v 0.08733800 0.11574825 -0.08328263
v 0.04256100 -0.16509549 0.11347325
v -0.08853400 -0.02504600 0.09682200
v 0.11665063 0.10192825 -0.06238850
v 0.08679681 0.11452925 -0.08911106
v 0.11462834 0.10822656 -0.05945450
v 0.09964175 0.12219625 -0.05313088
v 0.10961600 0.11344000 -0.06172500
v 0.10105150 0.11646175 -0.06186200
v 0.00016075 -0.01673950 0.12613012
v 0.00218288 -0.01895125 0.12735243
v 0.01083113 -0.01721000 0.12611362
v 0.01420950 -0.02458650 0.12792400
v -0.03981550 -0.05509287 -0.13018712
v -0.04604613 -0.04868450 -0.13149212
v 0.07742950 0.11749300 -0.08824600
v 0.03698956 -0.13908850 -0.12279563
v -0.11635375 -0.17859900 0.06137200
v -0.12232800 -0.19199400 0.05685750
v -0.11809156 -0.18654588 0.06236494
v 0.01960967 -0.01670739 0.12426174
v 0.04183275 -0.16107824 0.11319637
v 0.04797425 -0.16313501 0.11250375
v 0.04522347 -0.20410350 -0.12830000
v 0.04526388 -0.17723875 0.11209175
v 0.05676844 -0.18020000 0.10701325
v 0.10463450 0.05780050 -0.06769350
v -0.01660638 -0.10868331 -0.13075213
v -0.01469188 -0.00478688 0.12117075
v -0.01147212 -0.07545631 -0.13121404
v 0.03046669 -0.05125094 0.12348744
v 0.03206088 -0.18795000 -0.12961450
v 0.03598403 -0.07471075 0.11613338
v 0.02117950 -0.07882050 0.11985856
v 0.04530800 -0.16973300 -0.12182500
v 0.03359225 0.12280750 -0.11044500
v -0.02477987 0.06684987 0.12455887
v -0.00698719 0.02247413 0.12367538
v -0.00042847 0.01478388 0.12110940
v 0.06124300 -0.18765500 0.10700519
v 0.10594337 0.06818987 -0.07170800
v 0.07336088 -0.19237649 0.10290950
v -0.00313731 -0.13279597 -0.13081323
v 0.00198025 -0.13609925 -0.13175724
v -0.01213200 0.07196500 0.12764600
v -0.00301137 0.03292812 0.12276250
v 0.06722025 -0.16339700 0.10293675
v -0.04254931 0.10047750 0.12285393
v -0.10277200 -0.07818200 0.07460600
v -0.10801175 -0.07943138 0.07099613
v -0.10061257 -0.08341987 0.07639863
v 0.00627106 0.02366866 0.12071484
v 0.01015044 0.02801731 0.12251500
v 0.00550175 0.12332363 0.10847294
v -0.12199600 -0.18334199 0.04701700
v 0.09001438 -0.06070637 -0.08892450
v 0.04027300 -0.01553025 -0.12234950
v 0.01244800 -0.21622799 -0.13719100
v 0.01514900 0.12091800 0.10966800
v -0.03427150 -0.08185782 -0.12949049
v -0.08106188 0.07061838 0.10151012
v 0.05871881 0.11561225 -0.10645244
v -0.03743750 -0.22709499 0.12183800
v -0.02942100 -0.07730300 -0.12920099
v -0.10929088 -0.05077688 0.07486162
v -0.10767800 -0.06762200 0.07066400
v 0.03612653 0.04968597 -0.12325644
v 0.06846725 -0.18789388 -0.11106050
v 0.06866303 -0.21978082 -0.11448244
v 0.03117300 -0.03906500 0.12500300
v 0.04403500 -0.03383000 0.12136700
v -0.08430750 0.06495266 0.09608115
v -0.07972947 0.04880822 0.09626447
v 0.01075162 -0.18654975 -0.13203375
v -0.02931600 -0.08657550 -0.12942100
v -0.00429305 0.06598225 0.12459169
v 0.01527000 0.07191500 0.12734400
v 0.07869131 -0.19214825 -0.10815156
v 0.07843256 -0.18351144 -0.10694956
v 0.06946600 -0.19267450 -0.11456175
v -0.04053944 0.11655894 -0.12171869
v 0.09205200 -0.08057800 -0.08421600
v 0.12177600 0.10243600 -0.05072600
v -0.08130375 0.10439537 0.10209238
v 0.10363700 0.01265125 -0.06858825
v 0.10860662 0.00436644 -0.06453084
v -0.00211475 -0.18562876 -0.13209550
v 0.03824138 -0.05022462 -0.12761299
v -0.01317700 -0.18412812 -0.13217363
v -0.12309041 -0.15124469 0.04087747
v -0.11948125 -0.15332150 0.05227875
v 0.02488000 -0.00140550 0.11853650
v 0.06168350 0.06789150 -0.11417100
v 0.03919900 -0.01116500 0.11623400
v 0.05193450 -0.10334650 0.11033350
v 0.10878700 -0.01636700 -0.07158100
v -0.04402700 -0.19348900 0.12188400
v -0.13456827 -0.01384347 -0.00962969
v 0.11023075 -0.01692000 -0.06561750
v 0.10159356 -0.01306462 -0.07093313
v -0.10052022 0.00609872 0.07618184
v 0.10198369 -0.00543312 -0.07114287
v 0.11156900 0.00355450 -0.05757550
v 0.04589250 -0.03641025 0.12003800
v 0.02032900 -0.04874400 -0.13328500
v 0.01153800 -0.04834700 -0.13505200
v 0.08054800 -0.18155424 -0.10338925
v 0.08380025 -0.17684975 -0.09933500
v 0.07653075 -0.17704725 -0.10252650
v 0.11118100 0.00750525 -0.05751238
v 0.07901388 0.10932138 -0.10257050
v 0.05797819 -0.01654644 0.11341725
v -0.11882100 -0.07607587 0.05041037
v -0.11746750 -0.07893934 0.05588416
v -0.11701544 -0.08349650 0.05422481
v -0.12238250 -0.08948150 0.04259375
v -0.11725993 -0.08863693 0.05539150
v -0.11138500 -0.08907025 0.06281175
v 0.04025650 0.08066050 -0.12921600
v -0.12154500 -0.09422500 0.04502550
v 0.02772225 0.07878550 -0.13288000
v 0.02239444 0.10556944 0.12643887
v -0.10451556 0.01633144 0.07173731
v -0.06491438 0.02346987 -0.11652338
v -0.10932700 0.07523500 0.07701400
v -0.10011937 0.06763382 0.08260478
v -0.10159025 0.05860863 0.07665575
v -0.04049009 -0.13054475 -0.12707791
v -0.02367637 0.11593831 0.11423156
v 0.10847219 0.10790475 -0.07120869
v -0.02009359 0.12248353 0.10840710
v -0.01458975 0.12193100 0.10991775
v 0.12987700 -0.21241650 -0.01761350
v 0.01567738 0.11200925 -0.12914813
v 0.01269700 0.10976950 0.12475100
v 0.07503068 -0.16922744 0.09656794
v 0.08418425 -0.17816837 -0.09374025
v 0.08084648 -0.17661589 -0.09789354
v 0.07420100 -0.17065200 -0.10212400
v 0.06085800 -0.23035100 -0.11195850
v 0.03770025 0.06809244 0.12086263
v 0.03873600 0.07521300 0.12372700
v 0.07075050 -0.17645262 0.09818475
v 0.12890987 -0.20684537 -0.01973400
v -0.04290472 -0.10459434 -0.12645678
v -0.00284725 0.10833362 -0.13374788
v 0.04263200 0.02924575 0.11495575
v 0.11255775 0.06204638 -0.05487375
v 0.12832651 0.07869300 -0.03177650
v -0.10631500 0.10480000 0.07926300
v -0.03758888 -0.19162582 -0.13338438
v -0.09450162 0.10745222 0.08900937
v 0.09204607 -0.17871949 -0.08995852
v -0.03616427 -0.23763689 0.04353626
v -0.04647750 0.11927500 0.10432350
v 0.01859175 -0.23565282 -0.12287538
v -0.03218756 0.12612981 0.10258050
v 0.00358700 -0.22772990 -0.13274391
v -0.02720725 0.12681262 0.10407387
v -0.02981620 -0.22506203 0.12220280
v -0.08469700 0.11485675 -0.09891038
v -0.08221368 0.11775019 -0.09417531
v 0.02486937 0.16653837 0.00220013
v -0.08944300 0.11000475 -0.10051700
v 0.10460081 -0.19338043 -0.08020187
v 0.09819450 -0.19645788 -0.09194587
v 0.09428391 -0.19565959 -0.09336194
v 0.09666053 -0.18823066 -0.08872775
v -0.12561138 -0.09273312 0.04042162
v 0.07666575 0.10147450 -0.10971325
v -0.12539899 -0.08081100 0.03507500
v 0.12996700 0.10021150 -0.02138300
v -0.03360706 -0.18407197 -0.12919144
v -0.04391363 -0.18369313 -0.12797500
v 0.06813382 -0.05622550 -0.10906056
v -0.03894369 -0.17985944 -0.12747175
v 0.06153644 -0.00680884 0.10723800
v 0.05685944 -0.01275562 0.11151825
v 0.05906200 -0.01069850 0.11213725
v -0.06050906 -0.09310894 -0.12056850
v -0.06826588 -0.07400000 -0.11660750
v -0.04927900 -0.23474975 0.10843150
v -0.06726650 -0.07110000 -0.11915000
v -0.11990150 -0.05993612 0.04951250
v -0.09343600 0.10526400 -0.10049650
v -0.03455837 -0.23508738 0.11219662
v 0.08432675 -0.22042850 -0.10291350
v -0.03901925 -0.23285975 0.11544900
v 0.05390175 0.02261975 0.11011837
v -0.11150306 0.06180191 0.06555597
v 0.05721500 0.07391625 0.11667700
v 0.05082475 0.05779587 0.11459187
v -0.13285249 -0.05568100 -0.00319000
v 0.03531100 0.04385150 0.11837900
v 0.09219656 -0.17297219 -0.08725937
v 0.08889150 -0.17604250 -0.08820650
v -0.02412775 0.13193762 0.09809150
v 0.09173919 -0.16889575 -0.08503056
v 0.05625453 -0.23688947 -0.10626416
v -0.03674375 -0.23571575 0.03761675
v -0.03644150 0.06614613 -0.12695526
v 0.06152302 -0.06010694 0.10558513
v 0.08354000 -0.05788300 0.09173975
v 0.08754162 -0.05449600 0.09207150
v 0.07416875 -0.05348225 0.10442950
v 0.07681963 -0.04768188 0.10444263
v 0.08666150 -0.05004913 0.09619500
v -0.07761300 -0.04921800 -0.11692700
v 0.05829475 0.07149500 0.11508550
v 0.11445928 0.11630747 -0.03147259
v 0.11506075 0.11610488 -0.02617575
v -0.12783900 -0.04924800 0.04511400
v -0.12357275 -0.01456534 0.04362881
v 0.00973734 0.11693791 0.11621759
v 0.10132962 -0.20897225 0.07904325
v -0.07344650 -0.05561700 -0.11517950
v 0.10058450 -0.22503175 0.07797625
v 0.10119238 0.11188456 -0.07414763
v -0.08025500 -0.05319450 -0.11358300
v 0.08531100 -0.23861000 0.07002850
v -0.12099350 0.01156934 0.04691400
v -0.12578288 0.00985656 0.03748813
v -0.11684079 -0.00165322 0.05608264
v 0.11583700 0.05001700 -0.04703750
v 0.06564578 0.00840313 0.10426753
v 0.11976022 -0.05875244 0.04816481
v 0.08811425 -0.11029378 0.08510778
v -0.11850550 0.07487875 0.06352375
v -0.02914075 -0.01968025 -0.13504100
v -0.11808713 0.06257300 0.05302012
v -0.13004157 -0.15449201 0.01627844
v -0.13243125 -0.16140150 0.01142675
v -0.13101813 -0.17102112 0.00428837
v 0.09884050 -0.18146087 -0.07908437
v 0.04529681 -0.23988850 -0.10407856
v 0.10563150 -0.12457250 -0.06752850
v 0.10732784 -0.12007016 -0.06215697
v -0.12211130 0.01450428 0.04204980
v -0.00620950 -0.23472124 -0.12628675
v -0.02939575 -0.01407013 -0.13345625
v -0.01015400 -0.23849450 -0.11942000
v -0.01959400 -0.23665100 -0.12242900
v -0.07242550 -0.06161350 -0.11649400
v 0.05437919 0.10738625 0.11456706
v -0.08613575 -0.05933294 -0.10732600
v -0.00631844 -0.19309506 0.12748156
v -0.13105500 -0.07663000 0.01907650
v 0.01092625 -0.21987888 0.12652962
v -0.12891850 -0.08027575 0.02186950
v 0.10512375 -0.07871600 -0.06552450
v 0.11709215 0.11648066 -0.02254647
v 0.09836850 0.13322550 -0.01816475
v 0.09109262 -0.01745513 -0.09035225
v -0.13041672 -0.09169278 0.01457450
v -0.13267812 -0.09415369 0.01531438
v -0.13045537 -0.09405418 0.02431825
v -0.06680175 -0.21252149 0.11312025
v -0.13155237 -0.10241734 0.01900409
v 0.01303306 -0.23854138 0.03406500
v -0.12778351 -0.00857188 0.02758213
v -0.10525385 -0.11942890 -0.08216935
v -0.12689906 0.01271469 0.02864694
v 0.08275100 -0.01747700 -0.09871800
v -0.13394025 -0.09447000 0.00491550
v -0.13101825 -0.10355438 0.00957350
v -0.13185413 -0.10639950 0.00978606
v -0.12908888 -0.10822362 0.02226525
v 0.09624575 -0.22992575 -0.08010925
v -0.12886600 0.07488400 0.04100600
v 0.12665024 0.10694563 -0.02332762
v -0.13336501 -0.22795001 -0.00799800
v 0.06833375 0.10907850 0.10507000
v -0.07287712 -0.22309425 0.10664294
v 0.07170075 0.10216975 0.10784875
v -0.08680425 -0.00357713 -0.10208888
v -0.12471797 0.10568663 0.04682000
v -0.12885900 0.10496400 0.04143600
v 0.12074494 -0.01618988 -0.03358753
v 0.03012825 -0.09116950 -0.12477600
v 0.12293700 0.00810400 -0.02361900
v -0.06741900 -0.20627201 -0.12367200
v -0.05179334 -0.21224737 -0.13034104
v -0.05583575 -0.20655300 -0.12820713
v -0.01640128 0.15283924 -0.05439369
v -0.12797213 -0.07281937 0.02882169
v -0.13150419 -0.10339362 0.00113994
v 0.07668425 0.06008800 0.09860075
v -0.05454313 -0.21810225 -0.12818381
v -0.10508281 0.11711194 0.05939388
v -0.10215150 0.12353200 0.05037325
v -0.13141425 -0.16439137 -0.00279763
v -0.13229050 -0.16103651 -0.00493000
v 0.11332075 -0.13109088 -0.05043925
v 0.07451275 0.06983600 0.10491675
v 0.08183800 0.07045400 0.10008850
v -0.08969000 -0.06036850 -0.10472050
v -0.09018049 -0.05626830 -0.10086627
v -0.12950875 0.10081512 0.03812125
v -0.10568625 -0.19428188 -0.09129225
v 0.12345113 -0.05081894 -0.04166069
v 0.02539150 0.07340000 -0.13250525
v 0.02137281 -0.08924600 -0.12652181
v -0.08786257 -0.06603482 -0.10312769
v 0.08496775 -0.00745600 0.09023675
v -0.13688187 -0.04109300 -0.00541375
v -0.12781575 0.05690825 0.02524169
v -0.10562400 0.10275300 -0.08760100
v -0.11031325 0.10916150 -0.07806725
v -0.10370447 0.11561365 -0.07534003
v 0.12633887 -0.01433988 -0.03239562
v -0.13006975 0.10783125 0.03197275
v -0.13310950 -0.15072362 -0.00669162
v -0.13112988 -0.14759549 -0.00345813
v -0.13265900 -0.17044900 -0.00775600
v -0.13030501 -0.16533449 -0.01513288
v -0.09119731 -0.05055200 -0.10473825
v -0.13046999 0.01021362 0.01217088
v -0.13124150 -0.00092050 0.01212150
v 0.11525722 -0.08891125 -0.04575016
v 0.07619466 0.11114094 0.09726428
v -0.06791150 -0.16200151 -0.11740400
v -0.13248487 0.07538038 0.02963088
v -0.12512222 0.06635075 0.03392983
v 0.01514138 0.15568750 -0.04258306
v 0.01428900 -0.08756000 -0.12784800
v 0.01249550 0.22269906 -0.02525831
v -0.13094901 -0.14979675 -0.01059900
v -0.13223450 -0.17584100 -0.01654550
v 0.00858537 -0.08796763 -0.12927499
v 0.11488750 -0.19205475 -0.06186575
v 0.10724900 -0.17164500 -0.06304100
v 0.12371650 0.11230050 -0.00752950
v -0.13490815 -0.06312553 0.00108537
v -0.12844600 -0.17026950 -0.03364650
v -0.13213387 -0.06332231 -0.00369363
v -0.07201050 -0.11039900 -0.11612200
v -0.07132681 -0.10614894 -0.11422157
v -0.13244525 -0.06901850 0.00384175
v -0.13263676 -0.06776018 -0.00849012
v -0.13112162 -0.07254788 0.01095950
v -0.13258106 -0.07687272 0.00603769
v 0.01777362 0.22558101 -0.02450413
v -0.13252787 0.00591800 0.00365500
v 0.12691900 0.10390300 0.02930075
v 0.11931287 0.11380593 0.02486506
v 0.11114850 0.12006488 0.02852063
v 0.00647519 -0.08523000 -0.13141006
v 0.12850225 0.06698663 -0.00914675
v -0.13071437 -0.16822812 -0.01768537
v 0.01270700 0.07803900 -0.13603500
v -0.06248600 -0.15472300 0.10881800
v -0.13062713 -0.11243025 -0.01409056
v -0.03405925 0.15208875 -0.05135550
v 0.09462088 0.06611487 0.08262400
v 0.08762844 0.06239981 0.08933338
v -0.00716675 0.22174925 -0.02931850
v -0.01171625 0.22291625 -0.03020775
v 0.02235775 0.24693932 -0.01595219
v 0.01757100 0.24854413 -0.01870706
v 0.11522500 -0.11966281 -0.04573075
v -0.02772000 -0.15399119 0.11982181
v 0.08448288 0.10383312 0.09684443
v 0.11577750 -0.08308575 -0.04772687
v 0.09146700 0.09858700 0.09283900
v -0.13262050 -0.00946350 0.00768900
v -0.05486781 -0.23270613 -0.11977450
v -0.06221875 -0.23058800 -0.11804500
v -0.06775450 -0.22681662 -0.11622538
v -0.09751150 -0.00337200 -0.09427550
v -0.09654231 -0.00170969 -0.09151975
v 0.02757800 0.15620153 -0.03226872
v 0.00302675 0.15865460 -0.03701247
v 0.11356313 -0.21683624 -0.06537788
v 0.10484600 -0.05658850 0.06998450
v 0.04236400 0.07276650 -0.12701499
v 0.10323600 -0.06534750 0.06832900
v 0.11927025 -0.06878850 -0.03701125
v 0.12512563 -0.05603375 -0.02824800
v 0.12121350 -0.05920600 -0.03264750
v 0.11086663 -0.18587375 0.05435750
v -0.13366450 -0.05492050 -0.01769350
v -0.07570112 -0.18032913 0.09973025
v -0.13270588 -0.07890525 -0.01117350
v -0.13172600 -0.08069550 -0.00530900
v 0.01962212 0.22185756 -0.01920537
v -0.00532356 0.19938512 -0.02760738
v 0.00059150 0.09788700 -0.13692001
v -0.13377063 -0.00693488 -0.00631825
v -0.13148844 -0.00076081 -0.01114906
v -0.13669150 -0.02176950 -0.00284300
v -0.09384806 -0.17393653 -0.09439281
v 0.02766269 0.22554712 -0.00791575
v -0.13074049 -0.13662800 -0.01869250
v -0.12905200 -0.15006162 -0.02886263
v 0.10855213 -0.06376162 0.06240600
v -0.13287844 0.00560244 -0.00478037
v -0.13123406 0.00934769 -0.00339287
v -0.13408056 0.00538600 -0.00012750
v -0.09990525 -0.17667025 -0.09170150
v 0.02271844 -0.22441612 0.12253931
v 0.09587100 0.00104925 -0.07928125
v -0.10131272 0.12081400 -0.07160225
v -0.11240650 0.11091025 -0.07493500
v 0.10644900 -0.05266175 0.07347000
v 0.11767575 -0.05184975 0.05710900
v 0.11809650 -0.16152912 -0.04378387
v 0.09499863 0.05789186 0.08066444
v 0.12649928 -0.01216216 -0.01923875
v 0.11281600 -0.12391950 0.05042600
v 0.11682600 -0.12928900 0.04169600
v 0.10986600 -0.23642126 0.03159325
v 0.12161400 -0.22808200 0.02957950
v -0.13395287 -0.04598013 -0.02315225
v 0.10413175 0.10817412 0.07105237
v 0.11122762 -0.22971299 -0.05972075
v 0.11504181 -0.22389349 -0.06006256
v 0.10603175 -0.23288099 -0.06149125
v 0.12626463 0.05908813 -0.01237750
v -0.13299125 0.10949981 0.00354000
v -0.13568600 0.10413400 0.00512600
v -0.12866101 -0.16119650 -0.03077050
v -0.12552850 -0.16242924 -0.03913213
v -0.00704700 -0.17595750 0.12114500
v 0.00231775 -0.17703700 0.12362875
v -0.00079875 0.16798951 -0.02934938
v -0.12915277 -0.06074922 -0.03098469
v 0.11713687 -0.18032563 -0.04625738
v 0.11361150 -0.17259450 -0.05030950
v -0.13001594 -0.08217125 -0.02581819
v -0.07212163 -0.23053415 -0.11237903
v -0.07903750 -0.21311450 -0.11565200
v 0.01346066 -0.17091402 0.12308028
v 0.11167687 -0.23738262 0.01733637
v -0.12697862 -0.18440525 -0.04509950
v -0.12820725 -0.19148062 -0.05145562
v 0.00447919 -0.17767437 0.12274162
v 0.12517075 -0.20470050 0.03222275
v 0.12633251 -0.21407232 0.02749069
v 0.00729194 -0.16572943 0.12264337
v 0.12000337 -0.23172225 0.01842019
v 0.02682200 0.24639450 -0.00481750
v -0.11755963 -0.23360869 -0.05232644
v 0.11757425 -0.05781962 0.04829412
v -0.10138972 -0.05710139 -0.08669853
v 0.12369537 -0.06402800 0.03746612
v -0.13442056 -0.02094681 -0.01876863
v 0.10657850 0.10167112 0.07402638
v 0.11880050 -0.16494863 0.03171944
v 0.12169319 -0.18416031 0.02608856
v -0.12992907 0.05226069 -0.01584606
v 0.11140600 0.01493175 0.05651300
v 0.11208900 0.01009800 0.05762500
v 0.10542513 0.00687969 0.06704856
v 0.11264884 0.00170694 0.05383113
v 0.11845475 -0.00584875 0.04738125
v -0.08574300 -0.18900301 -0.10779000
v -0.00653525 0.17080826 -0.02809888
v -0.05356800 -0.22599600 0.11500500
v 0.11196037 0.12157400 0.00253263
v -0.12025550 0.12005800 -0.00895325
v -0.08054400 -0.17231850 -0.10704750
v -0.09002563 -0.17755638 -0.10139950
v -0.13482051 0.07538687 -0.01457687
v -0.13148387 0.07021825 -0.01670250
v 0.09095778 -0.01627814 -0.08673011
v -0.04200094 0.15619594 0.01660031
v -0.06885466 0.14735416 0.02203828
v 0.12594563 -0.01303269 -0.01175100
v 0.12385047 -0.01119458 -0.01220653
v -0.12766244 0.05817100 -0.02510775
v -0.01058950 -0.21644901 0.12866050
v -0.12975025 0.04987900 -0.02186750
v -0.12765600 0.03901800 -0.02477100
v 0.12448712 -0.18139425 0.01765600
v 0.11615497 0.01283266 0.04600785
v 0.11654063 0.00552169 0.04604706
v 0.11734988 -0.00620337 0.04395787
v -0.01529525 0.15725413 0.03180025
v 0.13024950 0.10250350 0.01127100
v 0.07420175 0.09508850 -0.11180750
v -0.13012688 -0.04220375 -0.03429138
v -0.10523200 -0.22415900 0.07946300
v -0.12485378 -0.04775772 -0.04851544
v -0.12995800 -0.04578800 -0.03686000
v -0.12195269 0.06934237 0.05052356
v 0.12058900 -0.06626000 0.03350000
v 0.12180075 -0.07134400 0.02626975
v -0.07895891 0.14608525 0.00364616
v -0.06638425 -0.23817369 -0.10246562
v -0.05059975 0.15326038 0.01338375
v -0.02987988 0.15783863 -0.02924050
v 0.11686306 0.05859475 0.04708131
v -0.00172244 0.16275769 0.02678338
v 0.00166475 0.15824850 0.03228413
v -0.02802150 0.22646487 -0.01369575
v 0.02773350 0.06769825 -0.12854800
v -0.12081025 -0.19778275 -0.07167625
v -0.12278856 -0.21084063 -0.06816056
v -0.11852084 -0.21707745 -0.07386214
v -0.13419175 0.10524525 -0.01989225
v -0.12010769 -0.09063993 -0.05828419
v -0.12324937 -0.08510394 -0.04561944
v -0.12429009 -0.08816443 -0.04788869
v -0.11949500 -0.09552175 -0.05427250
v -0.05808006 0.15222788 0.00621506
v 0.00720950 -0.17570238 0.12106763
v -0.03619556 0.15828912 0.00762844
v 0.12500624 -0.21441349 -0.03816075
v -0.10506325 -0.23371750 -0.07632325
v -0.09761400 -0.23858362 -0.06895953
v 0.12234046 -0.01332517 0.03375955
v 0.12610325 -0.02015625 0.03618462
v -0.02082935 0.16747059 0.01568495
v -0.02806553 0.16094959 -0.02045253
v -0.02144567 0.16348200 -0.02381558
v -0.01746581 0.17343438 -0.02270588
v 0.06894550 0.10583212 -0.11275187
v -0.10033881 -0.23409125 -0.08121869
v -0.01995900 0.25062338 -0.00303925
v 0.12429525 -0.17846675 0.00175537
v -0.01497319 -0.08578262 -0.13095181
v -0.01774972 -0.08958531 -0.13302407
v 0.02835100 0.22564900 0.00120500
v 0.06535400 0.08162300 -0.11740850
v 0.02615050 0.22388674 -0.00288763
v 0.12367287 -0.12467175 0.00479612
v 0.12563281 -0.12819944 -0.00403516
v -0.09942550 0.13698649 -0.02138600
v 0.11912584 0.10800853 0.04473819
v 0.12580299 -0.19428299 -0.03578100
v -0.01939325 0.22779424 0.02080175
v -0.02317450 0.22548801 0.01738250
v -0.01276400 0.24741563 0.02198069
v -0.00398825 0.24630512 0.02572313
v -0.07571431 -0.23633975 -0.10255762
v -0.07738100 -0.23322999 -0.10274400
v -0.00155125 0.24275374 0.02701075
v -0.07928300 -0.22377275 -0.11157875
v -0.11136478 0.12730321 -0.02598534
v -0.12766875 -0.13394600 -0.03051337
v 0.12206656 -0.15779406 -0.03186088
v 0.12214380 -0.14701642 -0.02958527
v -0.10323000 -0.17927299 -0.08523900
v -0.10842784 -0.18040888 -0.07861809
v -0.11513037 -0.20062612 -0.07971125
v 0.12232575 -0.22951925 -0.01538387
v 0.11561125 -0.23594025 -0.01634350
v -0.09383184 -0.12749016 -0.09464241
v -0.02622950 0.22622600 0.01324350
v -0.11785344 0.11073650 -0.06220906
v -0.12366950 0.10663050 -0.05624750
v -0.02617338 0.22332112 0.00709306
v 0.01960516 0.16271122 0.01799841
v -0.02674494 0.17277762 0.00025094
v -0.02725100 -0.07129700 -0.13343400
v -0.02979725 0.16423172 0.00274053
v -0.03215084 0.16195831 -0.00344981
v 0.03603825 0.15725975 0.00096900
v 0.01253409 0.18649219 0.01907322
v 0.03229700 0.15769675 -0.01516325
v 0.02983038 0.16071799 -0.00120116
v -0.01012416 -0.13844948 0.12092791
v 0.12294362 -0.12429112 -0.01458837
v -0.01625138 -0.14934413 0.12006056
v -0.09150325 -0.23435500 -0.09403487
v 0.09593100 0.13135201 0.03244400
v 0.11902600 0.11326100 0.03538800
v 0.01374219 0.24303862 0.02292375
v 0.01372975 0.22265349 0.02002950
v 0.01621700 0.22575951 0.02156300
v -0.02549662 0.24486101 0.01188113
v -0.02891150 0.24373925 0.00356625
v -0.10446331 -0.09357212 -0.08180594
v -0.11430816 -0.09138606 -0.06614757
v -0.10706400 -0.11261413 -0.08336937
v -0.10527900 -0.11597893 -0.08142193
v -0.09702200 -0.19456075 -0.10102950
v -0.10096312 -0.18903112 -0.09395350
v -0.02632056 0.17128481 -0.00864481
v -0.02812778 0.16414054 -0.01245878
v 0.12584551 0.06135300 0.01500050
v -0.02777600 0.22101700 -0.00128700
v -0.03693537 -0.06167728 -0.13106856
v -0.12275800 0.11079750 -0.05200100
v 0.12694800 0.07179163 0.03111250
v 0.12333900 -0.14486100 -0.01581400
v 0.04294087 -0.23839456 -0.06108694
v 0.01986300 0.22347800 0.01457000
v 0.02282700 0.21005300 0.00963500
v 0.12602974 0.05219844 0.01175425
v 0.02673350 -0.23527350 0.11293850
v 0.12979563 0.07323913 0.01712288
v 0.03365544 -0.22839575 0.11727288
v 0.05609600 -0.23920250 -0.05733850
v 0.02915500 -0.22704349 0.12221750
v -0.12906200 0.09975650 -0.04532150
v 0.12424331 -0.14669332 -0.01853781
v -0.09697450 -0.21280400 -0.10084900
v -0.09677488 -0.22202812 -0.09786325
v -0.09009900 -0.23036550 -0.09804625
v 0.05370644 0.15052497 0.01347391
v -0.10765250 -0.05574000 -0.07907500
v -0.10414225 -0.05422681 -0.08242606
v -0.11494528 -0.05309625 -0.06706607
v -0.11355550 0.05586737 -0.06342462
v -0.01248247 -0.22495712 0.12523313
v 0.12572525 -0.13550875 -0.01450444
v 0.12637176 -0.18934475 -0.02093200
v 0.12537925 -0.12801294 -0.01112006
v 0.12908375 -0.19373925 -0.01719400
v 0.12937300 -0.19763725 -0.02088725
v -0.11674900 0.05118900 -0.06057400
v -0.11983632 0.04329469 -0.05044838
v -0.11389975 0.04498225 -0.06262212
v -0.08640125 -0.23328362 -0.09986237
v -0.12640750 -0.22688812 -0.04363063
v 0.12443119 -0.00927156 0.00528306
v 0.12693800 -0.01235150 0.00575350
v 0.12769049 -0.21456151 -0.02862400
v -0.02255275 0.17181569 -0.01686394
v 0.09390700 0.02026800 0.08274300
v 0.13127150 -0.03695300 -0.00728700
v 0.12450000 -0.13523699 -0.00972900
v -0.13209724 -0.07517075 -0.00991800
v 0.02689175 0.22582525 0.00723300
v 0.05502600 0.03545600 0.10972300
v 0.01992200 0.24221300 0.01850800
v 0.01751600 0.24594100 0.01933450
v -0.13535516 -0.21489915 -0.02955156
v -0.01117850 -0.23643500 -0.06917950
v -0.02382963 0.20348001 -0.01435250
v -0.10459787 -0.05877988 -0.07762513
v -0.11669338 -0.04860637 -0.06108650
v 0.04148925 0.15448120 0.01411997
v -0.10713100 -0.16363400 -0.08094575
v -0.10992325 0.05842775 -0.07153325
v -0.10856750 0.05669800 -0.07466075
v -0.10180400 0.05500450 -0.08203562
v 0.02306250 0.22563550 0.01445100
v 0.01052887 0.07401112 -0.13551563
v -0.09283150 0.13242200 -0.05652500
v -0.12517101 0.11467100 -0.03153000
v 0.03126950 -0.16881900 -0.12554701
v 0.10188750 0.13107499 0.00735750
v -0.11331875 -0.10168344 -0.06782062
v 0.12464200 0.11104000 0.00667400
v 0.12769625 0.10786863 0.00679987
v 0.01234625 0.24842562 0.01916437
v 0.01061150 -0.18973750 -0.13500300
v 0.02789800 0.24209650 0.00182925
v -0.00314150 0.07644800 -0.13715750
v 0.04411938 -0.16540501 -0.11991400
v 0.02988187 0.15905738 0.00627250
v 0.05278787 -0.16709162 -0.11585087
v 0.12988450 0.07044300 0.00421050
v 0.00652112 -0.23523244 -0.05820134
v 0.05825681 -0.15202706 -0.11236769
v 0.11697600 -0.15045813 -0.04211650
v 0.02252125 0.18943769 -0.01118288
v 0.06026225 -0.14603494 -0.11188434
v 0.01985463 0.16896912 -0.01736025
v 0.02713569 0.16112062 -0.01326706
v -0.12406850 0.06219550 -0.03879750
v -0.12218563 0.06275075 -0.04872863
v -0.01239287 0.24907701 0.01826788
v -0.02162650 0.24653125 0.01622262
v -0.02278044 0.24417768 -0.02001688
v -0.01409181 0.15991031 -0.03493319
v -0.01005425 0.16383700 -0.03077950
v -0.00329244 -0.23694293 -0.05971431
v -0.01497444 -0.23664644 -0.05881170
v -0.08229469 -0.13467687 0.09501044
v -0.10994850 -0.09596700 -0.07692400
v -0.09345306 0.14103268 -0.01786675
v -0.01282850 0.08297688 -0.13691275
v 0.02260875 0.20916200 -0.01400100
v 0.01952413 0.16098832 -0.02633775
v -0.02917900 -0.05030475 0.12524725
v -0.13015699 0.10553300 -0.03750400
v 0.12488500 0.05681800 -0.00846200
v -0.01293050 -0.23522376 -0.05738000
v -0.01100850 0.09976100 -0.13678750
v 0.12994926 -0.02109000 0.02119425
v 0.12710500 -0.01700588 0.02662612
v 0.12636726 -0.01648700 0.02337863
v 0.12102012 -0.00808544 0.03051187
v -0.07057745 -0.19766049 -0.12121172
v -0.08341244 -0.20085219 -0.11273962
v 0.11754850 -0.12287925 -0.04355600
v 0.11744800 -0.12916487 -0.04383288
v 0.07293400 0.07260700 -0.11056400
v -0.04269400 0.15678725 0.00032000
v -0.01368725 0.23012850 -0.02815175
v -0.02296163 0.15589009 -0.04222719
v -0.00169056 0.16179894 -0.03306758
v 0.09425269 -0.01251319 -0.08056478
v -0.10964775 -0.22427624 -0.08198350
v -0.00589900 0.20944625 -0.02842075
v -0.11012850 -0.21995451 -0.08540300
v -0.02143244 0.20183675 0.01397694
v -0.01856788 0.20459075 0.01766138
v 0.11616337 -0.07432462 -0.04462350
v 0.02217100 0.22770400 -0.01990400
v 0.10554537 0.01793787 0.06750713
v -0.00679775 0.22745700 -0.03118213
v -0.09011000 -0.00485700 -0.10163100
v 0.12189625 0.05070250 0.03523625
v -0.04061131 -0.18932888 0.12033000
v 0.01252731 0.16791876 0.02028500
v 0.03757256 0.15489376 -0.02687100
v 0.12041750 0.06042300 0.03566650
v -0.00909812 0.24487101 -0.02923475
v 0.00289350 0.24524499 -0.03031100
v -0.00258700 0.24816200 -0.02833950
v 0.00024500 0.18551500 0.02344150
v -0.08056144 -0.10986169 -0.10751063
v -0.02992575 -0.19850175 0.12588476
v 0.11426300 -0.07585000 -0.04861650
v -0.12524006 0.04758283 -0.03347044
v -0.06421925 -0.12964851 -0.11801850
v -0.01274300 -0.19901450 0.12821899
v -0.02824463 0.16082406 0.01528528
v 0.12201150 0.00640100 0.02904800
v 0.10574175 -0.17843600 -0.06586350
v 0.12140522 -0.01475338 -0.03892417
v 0.12463200 -0.01308600 -0.03601200
v 0.12544237 -0.02524338 -0.03806675
v -0.11217038 -0.18909438 0.07202312
v -0.10953850 -0.19492351 0.07758000
v -0.05217056 -0.19443925 -0.12972453
v -0.05816844 -0.18760869 -0.12403181
v -0.05203650 -0.23828575 -0.05695825
v -0.05112100 -0.23615463 -0.05576612
v 0.11980238 -0.01403362 -0.03257300
v 0.11283867 -0.00947361 -0.05062103
v 0.11069512 -0.01590719 -0.05779763
v 0.11568400 -0.00323700 -0.04852900
v -0.08964150 -0.01420019 -0.10453775
v -0.00732875 -0.15433937 -0.13143262
v 0.12128325 -0.12798844 0.02459650
v -0.06546525 -0.23878562 -0.05597453
v -0.05835813 -0.19298463 0.11596775
v -0.09453756 0.07085031 -0.09505165
v -0.09145800 0.06620700 -0.09607550
v -0.09306668 0.05994994 -0.09242181
v 0.12502851 -0.18362676 -0.00502050
v 0.02297875 -0.16372725 0.11839325
v -0.10002900 0.07908200 -0.09491900
v 0.02466722 -0.23913528 -0.11367813
v -0.08474775 0.07688575 -0.10961250
v -0.08398087 0.07189112 -0.10661125
v -0.05260548 -0.10301809 -0.12328143
v -0.02638000 0.15778349 0.02392800
v -0.03955750 0.15555400 0.01931475
v 0.04791189 -0.23575194 -0.11205506
v -0.06431782 -0.05679709 -0.12182009
v -0.02245859 -0.22875769 -0.13068241
v -0.00768900 0.11784400 -0.12144800
v 0.09702200 -0.18448851 -0.08583000
v -0.08073900 0.04752975 -0.10489525
v -0.07584950 0.05437750 -0.10832450
v -0.08197507 0.03123225 -0.10443868
v -0.12363350 -0.21630450 -0.06319825
v 0.12238431 0.07044113 -0.04224575
v 0.12012425 0.06198912 -0.03868019
v -0.07469075 -0.00788425 -0.11454250
v -0.06952737 -0.00606400 -0.11647225
v -0.08017662 -0.02331862 -0.11450850
v 0.12726900 0.10050300 -0.03485100
v 0.08499938 -0.16507225 -0.09319450
v 0.08090831 -0.16784006 -0.09629125
v 0.02871250 0.06150863 -0.12546237
v -0.06578050 -0.02328975 -0.12350250
v -0.07191400 0.06773400 -0.11103175
v 0.01182875 -0.10921487 0.12238912
v 0.10725213 0.05866400 0.06433575
v -0.01092950 -0.22792774 -0.13323000
v -0.12416075 -0.15775800 -0.04623875
v 0.02540675 -0.23331225 -0.12366612
v -0.06703600 0.07125100 -0.11830900
v -0.12700425 -0.23271200 -0.02238300
v -0.02045300 -0.19460601 -0.13745850
v -0.12668847 -0.08492663 -0.03840403
v 0.07687225 0.08010813 -0.10956525
v -0.12608451 -0.06133462 -0.03747522
v -0.13158788 0.11073063 -0.00567531
v -0.01795900 -0.17422850 -0.13145100
v -0.01115844 -0.18029566 -0.13295059
v -0.13614374 -0.20127125 -0.02679225
v -0.12788904 -0.08573022 -0.02963369
v 0.01332525 -0.22608650 -0.13280626
v 0.01789450 -0.22806375 -0.13207075
v 0.00119625 -0.13027950 0.12158725
v 0.07874300 -0.21517275 -0.10891300
v 0.08442961 -0.20600738 -0.10396914
v -0.05840400 0.13114175 -0.09442150
v 0.10940925 -0.02387950 -0.07271275
v -0.05172341 -0.05604637 0.11265484
v 0.12661512 0.09059731 -0.03880156
v -0.13064587 0.00150875 -0.02125238
v 0.12512000 0.07845750 -0.04398900
v 0.00606725 0.24342775 0.02618100
v 0.02817181 -0.22827637 -0.12764469
v 0.03430650 0.11733288 0.10909238
v 0.00688675 0.24718775 0.02357912
v -0.12729181 -0.09114160 0.02912572
v 0.00763750 -0.17955975 -0.13084824
v 0.11746000 -0.11826800 0.04134375
v -0.03214800 -0.06896400 0.11690750
v 0.10672350 0.02469500 -0.06354700
v -0.05274763 -0.07460237 0.10987812
v 0.06181175 -0.18166125 -0.11108050
v -0.05070212 -0.01104900 -0.12485813
v 0.03510106 0.14651087 0.05830850
v 0.03777678 0.14396425 0.06388431
v -0.03224639 -0.09623972 -0.13110057
v -0.02399194 -0.08703040 -0.13173668
v -0.02592725 -0.08965519 -0.13312362
v 0.01175409 -0.23692575 -0.05945180
v -0.00592925 -0.19507401 -0.13814250
v -0.00647363 -0.19161101 -0.13727000
v 0.11679550 0.10890250 -0.05210300
v 0.11210912 -0.10237432 0.05188153
v 0.11421681 -0.10205475 0.04958578
v -0.11197425 -0.23922674 -0.03766550
v 0.03363500 -0.21758001 -0.13276450
v -0.12947001 -0.22015375 -0.04639162
v 0.08159975 -0.06993175 -0.09388150
v -0.00573700 0.07331050 -0.13636400
v 0.04214475 -0.18063550 -0.12344337
v 0.10182075 -0.01721200 -0.07484450
v -0.04363550 -0.06706738 -0.12902375
v 0.04523200 -0.21713775 -0.12834063
v 0.00941669 -0.13717362 -0.12954937
v -0.02322138 -0.07850038 -0.13066162
v 0.01383514 -0.22324218 -0.13361128
v -0.03164100 -0.10050675 -0.12866300
v -0.13091263 0.06776938 0.00643088
v -0.12859125 -0.10785675 -0.02853525
v -0.00302300 -0.11103700 -0.13159449
v 0.00182281 -0.11194719 -0.13005863
v -0.04375589 -0.10191814 -0.12776102
v -0.07509450 -0.19376200 0.10755725
v -0.05990600 0.07619800 -0.12463075
v -0.02499663 -0.19218913 0.12585263
v -0.05747969 0.07051819 -0.12131325
v -0.05168794 0.06425594 -0.12161375
v -0.03408444 -0.04793362 -0.13437706
v -0.05742225 0.11065537 -0.12203744
v -0.01122869 -0.06456250 -0.13334094
v -0.00184100 -0.06456800 -0.13059901
v 0.03697706 -0.08493043 -0.12158469
v 0.07479650 0.12814149 -0.08022225
v -0.08634400 -0.05788000 0.09833800
v 0.10824656 -0.08310194 0.06037725
v 0.07943900 -0.04912200 -0.10489900
v -0.05376500 0.07366000 -0.12647600
v 0.09177800 0.10576800 0.08903600
v -0.00287213 -0.05360737 -0.13429800
v -0.08274200 -0.21602400 0.10305500
v 0.09560200 0.11090175 0.07844425
v -0.13183454 -0.08918678 -0.00419247
v 0.01446894 -0.05577800 -0.13118237
v 0.06931412 -0.05062625 -0.11179500
v 0.05642200 -0.00478400 -0.11207500
v 0.05845772 -0.00853625 -0.11286178
v -0.03889462 0.07495131 -0.13207194
v 0.02528869 -0.05672350 -0.12807512
v 0.00440275 0.20279075 0.02292138
v 0.06914175 0.13126925 -0.08209737
v 0.05599650 0.12962088 -0.09438200
v 0.04288206 -0.00928419 -0.11880706
v 0.08983737 0.13309000 -0.04705263
v 0.07857750 0.14033750 -0.04212300
v 0.01581900 0.13318500 -0.10543100
v 0.02260325 -0.23574775 -0.05760831
v -0.12939097 0.06701289 0.01971616
v -0.13072354 0.07089259 0.02651822
v 0.09980300 -0.01817900 0.08185900
v -0.03505722 -0.14186981 -0.12876725
v -0.02419344 -0.13063049 -0.13000019
v -0.09746800 -0.15002500 0.08154000
v -0.02037300 0.07151872 -0.13372588
v -0.01856712 0.06626125 -0.13030313
v 0.10435419 -0.13269331 0.06693156
v 0.10847878 -0.13588706 0.05793412
v 0.02711000 -0.01838050 -0.13214050
v 0.10196313 -0.13109250 0.06821825
v -0.12839125 0.05629525 0.01800087
v 0.00104900 0.04847462 -0.13070650
v 0.09108300 0.07427300 0.09305200
v -0.13586688 -0.18921626 -0.01534725
v -0.13299750 -0.18867631 -0.02190769
v -0.13231225 -0.18610676 -0.01794825
v -0.13281375 -0.18142800 -0.01554600
v 0.00025716 -0.22486733 -0.13376135
v -0.00254053 0.06772666 -0.13154569
v -0.04364075 -0.07679625 -0.12600026
v 0.07292756 0.06879062 -0.10669744
v -0.05673238 -0.07682662 -0.12365481
v 0.00930619 0.06460138 -0.13002118
v -0.10731331 -0.16305275 0.06894919
v -0.10215738 -0.16985825 0.07566325
v -0.02650500 -0.01778600 0.12236475
v -0.03037000 -0.15331237 -0.12993725
v 0.04143025 -0.23491424 0.10747763
v 0.05751787 -0.21584913 0.11394812
v -0.12658425 0.04955075 0.02797650
v 0.07890400 0.03452500 0.09682900
v 0.08554375 -0.21619700 -0.10307550
v -0.02938181 -0.18008669 -0.13118619
v 0.07314850 0.02904600 0.10096750
v -0.08862762 -0.05205925 0.09650563
v -0.09329633 -0.06389029 0.08651150
v -0.09673375 -0.05666100 0.08470675
v -0.13802125 -0.21421576 -0.01233475
v -0.13783249 -0.20633949 -0.01199175
v -0.12963501 0.00631406 0.02106072
v -0.08829550 -0.06243700 0.09155400
v -0.05250000 -0.15569399 0.11320100
v -0.13479500 -0.02202600 0.02142600
v -0.02648044 -0.15771203 0.11882697
v -0.07748494 -0.18311806 0.10144512
v -0.06841100 -0.18464650 0.10487150
v 0.10748450 -0.19154325 0.06836350
v 0.10168425 -0.18133475 0.06716663
v 0.08671387 -0.01689200 0.09425350
v -0.06281325 -0.14241575 0.10747800
v -0.07282913 -0.05806462 0.10009500
v -0.08208544 -0.06689922 0.09508990
v 0.07475450 -0.00262800 0.09893150
v -0.05319300 -0.14524449 0.11231300
v -0.08314591 -0.06956000 0.09219015
v -0.04820187 -0.15326525 0.11297050
v -0.02786625 -0.15187900 0.11862157
v -0.01533336 -0.02082553 0.12624708
v -0.00923513 -0.15811962 0.12100075
v 0.09998075 -0.18779862 0.07528512
v 0.09647075 -0.17970026 0.07427400
v 0.09747312 -0.17547287 0.07523800
v -0.08126150 -0.16377975 0.09504537
v 0.07271100 0.03569850 0.09990975
v -0.08718750 -0.16967376 0.09163575
v -0.02126216 -0.13828254 0.11967047
v 0.05705331 0.05457041 0.10870688
v 0.07409700 0.07529600 0.10742800
v -0.07507100 -0.22849700 0.10130800
v 0.02128431 -0.19374394 0.12536325
v 0.08220988 -0.06223050 0.09435119
v 0.08983237 -0.05970037 0.08781050
v -0.07764200 -0.14480001 0.09913900
v 0.03608488 -0.22016731 0.12167834
v -0.04335575 -0.05213875 0.12110275
v -0.05821319 -0.05347825 0.11380100
v 0.08796350 -0.18267874 -0.09757825
v 0.09417481 -0.12805019 -0.08129088
v -0.13216807 -0.16533278 0.00300359
v -0.01665400 -0.11249150 0.12141050
v -0.07138237 -0.18938650 0.10747900
v -0.05200900 -0.09222500 0.11169450
v -0.01119213 -0.10941775 0.12082513
v -0.06368100 -0.05443400 0.11245400
v -0.06748000 -0.07171400 0.10561700
v -0.11078900 -0.21823449 0.07503700
v 0.09042700 -0.16314800 -0.08710300
v 0.04879206 -0.19769463 0.11790244
v 0.01455150 -0.05139250 0.12616275
v 0.01428150 -0.04454038 0.12734149
v -0.13781451 -0.19427501 -0.01226450
v -0.13654006 -0.19090788 -0.00315688
v -0.13070950 -0.15847149 0.00945350
v 0.02788828 -0.10440900 0.11881975
v 0.03438550 -0.10609650 0.11587600
v -0.12576500 0.05206900 0.03449000
v 0.01699900 -0.11136800 0.12012700
v 0.06114412 0.06202450 0.10773137
v 0.12191550 0.10837281 -0.03741512
v -0.07894300 -0.01461800 0.10048200
v -0.09955475 -0.16233926 -0.08978425
v 0.09766700 -0.23140800 0.07143175
v -0.09575187 -0.16712038 -0.09334888
v -0.02379400 0.08627150 -0.13582575
v -0.13082600 -0.16109949 0.02080150
v -0.03411325 0.02650100 0.11948550
v -0.02601513 0.01955587 0.12094238
v -0.02227144 -0.02238261 0.12651645
v -0.07705225 0.12857226 0.07529975
v -0.09707922 0.11971025 0.06569909
v 0.07292812 -0.06574313 0.10050938
v 0.05059700 -0.18834899 0.11263700
v 0.12068450 0.00596575 -0.03361950
v 0.11196800 -0.00094000 -0.05315900
v -0.11078688 -0.16928813 -0.07481363
v -0.10892600 -0.16560400 -0.07571850
v -0.02720150 0.09919225 -0.13479125
v -0.04284513 0.03095463 0.11617337
v 0.09805837 -0.19504263 0.08162837
v 0.09454813 -0.18808563 0.08092313
v 0.00984034 -0.06658891 0.12095500
v 0.01776625 -0.11365325 0.11940375
v -0.11261122 -0.23386906 0.05084897
v -0.12403625 -0.05146687 0.05089650
v 0.00194181 -0.06339781 0.12108450
v -0.11530437 0.05492762 0.05767675
v 0.08327800 -0.16487674 0.08976800
v 0.06029750 0.03119700 0.10811825
v -0.11433850 0.04123806 0.05806775
v 0.06005050 -0.22142525 0.11081363
v 0.02894856 -0.06472556 0.11852719
v 0.02957369 -0.09966681 0.11706719
v -0.04700869 0.02350869 0.11275788
v -0.03915925 0.02489206 0.11541825
v 0.07843525 -0.11083800 0.09336200
v 0.03772175 0.11126263 0.11844012
v 0.01466044 -0.01470756 0.12318306
v -0.08996350 -0.19487450 0.09767650
v -0.06510209 -0.06855115 -0.11894237
v -0.06096581 0.03469300 0.10674437
v -0.04643488 0.03497050 0.11343700
v -0.05695350 0.03081737 0.11052800
v -0.04334575 0.06753525 0.11952075
v 0.00234200 -0.20543925 0.12849975
v 0.07951681 -0.06526894 0.09333444
v -0.01014581 0.02866787 0.12245650
v -0.01259403 0.01817506 0.12181009
v -0.12788457 -0.10110806 0.02658075
v -0.12307650 -0.07876150 0.04521963
v -0.11530544 -0.15552081 0.05688784
v 0.04158350 0.10762031 0.12060081
v -0.11395025 0.01106644 0.05776237
v -0.11156063 0.01736850 0.06210988
v -0.09712781 -0.06711513 0.08136944
v -0.10530050 -0.06555212 0.07095087
v -0.11895475 -0.17624325 0.05070037
v -0.13054700 -0.19053800 0.03915800
v -0.08542387 0.02912725 -0.10137063
v -0.08548100 0.05453500 -0.10026600
v 0.04445600 -0.05020200 0.12054100
v 0.03583456 -0.05981912 0.11599959
v 0.12002100 -0.02224200 -0.05102475
v 0.03183831 -0.06800582 0.11651681
v 0.11909400 -0.01533700 -0.04839425
v 0.11685763 -0.01622022 -0.04709530
v -0.10982800 -0.17663901 0.06709500
v -0.10991475 0.03750650 0.06540125
v -0.00422869 0.03928981 0.12103950
v 0.06716500 -0.10651594 0.10166481
v 0.04241875 0.10058750 0.12290175
v 0.06726475 -0.18471350 0.10116825
v -0.12126950 -0.02190550 0.05721725
v -0.00491250 0.05380250 0.12211750
v 0.00226450 0.04933175 0.12123200
v 0.06415219 -0.07183012 0.10377506
v 0.06096275 -0.00242088 0.10642025
v 0.04731438 -0.08173288 0.11191413
v -0.12053663 -0.16472262 0.04831625
v -0.12441225 -0.19510201 0.05412325
v 0.01192600 0.03890600 0.12070000
v -0.07214600 0.11586806 0.09432531
v 0.01072337 0.06326663 0.12432437
v 0.08650200 0.08537900 -0.10224400
v -0.13028713 -0.18789800 0.03088944
v 0.07558850 -0.21526650 0.10381125
v 0.07925700 -0.21968000 0.09854200
v 0.07373325 -0.22333451 0.10145200
v -0.06822187 0.11037225 0.10667688
v 0.02686150 0.07201400 0.12559150
v -0.11009063 -0.06723812 0.06453125
v 0.02898687 0.06670825 0.12165113
v -0.11185100 -0.07603100 0.06198300
v -0.11732362 -0.11238512 0.05309225
v -0.04436550 0.07272700 0.12181500
v 0.02373950 0.01091750 0.11923838
v -0.03772075 0.11790793 0.10793081
v 0.11824025 -0.04788000 -0.05616025
v -0.03638225 0.11232100 0.11651075
v 0.08040350 -0.19644301 0.09943550
v -0.09190250 0.06755757 0.09017178
v 0.05378819 -0.07338575 0.11098556
v 0.06312950 -0.06906200 0.10701100
v -0.09815850 0.07377450 0.08904200
v -0.12922850 -0.22843599 0.02349350
v -0.13264713 -0.21696463 0.03177888
v 0.05095416 -0.05717878 0.11233462
v 0.04389500 -0.05420400 0.11857600
v 0.04456156 -0.06172394 0.11436400
v 0.05323062 -0.06931257 0.10965344
v 0.11488237 -0.06494794 -0.04664403
v 0.01993481 -0.03542231 0.12647744
v -0.10997200 -0.05989800 0.06584500
v -0.09149850 0.04779094 0.08661975
v 0.02168050 0.06221200 0.12148600
v 0.02842750 0.08851825 0.12694475
v 0.12022419 0.02914556 -0.03568494
v -0.12909518 -0.18073675 0.03100875
v -0.12768875 -0.18517768 0.03041919
v -0.12676200 -0.16912501 0.03322400
v -0.13073200 -0.22173563 0.03373725
v -0.12869699 -0.15806863 0.02849825
v -0.12420222 -0.15844062 0.03767291
v -0.08326100 0.05252600 0.09299500
v 0.06585975 -0.05401975 0.10925400
v -0.10855600 -0.00722000 0.06631900
v -0.11045725 -0.01562575 0.06721550
v -0.10454331 -0.01700950 0.07726131
v -0.07845000 -0.06695400 -0.11105800
v -0.11211975 -0.02147975 0.07111000
v -0.12832876 -0.16736269 0.02908975
v -0.13014710 -0.17777297 0.02792900
v -0.00876731 0.10256907 0.12839144
v -0.07477406 0.09833219 0.10824569
v -0.08616012 0.11490725 0.08632450
v -0.03282600 0.10429175 -0.13255875
v 0.05141838 -0.14575613 0.10953975
v 0.01630428 -0.00501237 0.12204109
v -0.11233175 -0.04803850 0.07206575
v -0.05726862 0.10278162 0.11659250
v -0.04560687 0.10972538 0.11681013
v 0.08573587 -0.23190962 -0.09217813
v -0.07270900 0.07039600 0.10672400
v -0.07442450 0.07655350 0.10814300
v 0.08377500 -0.15874800 0.08807100
v -0.07901425 0.11851500 0.08524975
v 0.06703750 0.11646506 -0.10224294
v -0.04484475 0.06350125 0.11566725
v -0.03293725 0.04830737 0.11705437
v -0.02896787 0.05663425 0.11947063
v -0.04147944 0.05333325 0.11556047
v -0.03246650 0.05908400 0.11818150
v -0.11726300 -0.00682500 0.05224100
v 0.05167200 0.05970600 0.11204800
v 0.02277625 -0.06173487 0.11859938
v 0.01176487 0.12627199 0.10611313
v 0.05804650 -0.19503100 0.11341550
v -0.13618937 -0.19173500 0.01143600
v -0.01714600 0.02195100 0.11987800
v -0.05862481 -0.18554513 -0.12103519
v -0.01929875 0.03284275 0.11971575
v 0.00214150 0.13307349 0.09883200
v -0.08951434 -0.07517856 0.08743753
v -0.09608962 -0.07278369 0.08159719
v -0.10233181 -0.07903069 0.07810941
v -0.00152138 -0.00416500 0.12301312
v -0.12846425 -0.23283100 -0.00675625
v -0.09549644 -0.07910236 0.08464020
v -0.01752200 0.00545200 0.12201500
v -0.06543084 -0.11918816 -0.11807244
v -0.12573600 -0.02122925 0.04818025
v -0.13404663 -0.05246775 0.02603913
v -0.13090651 -0.05748400 0.02099300
v -0.05141900 0.01081812 0.11348537
v -0.02342450 -0.24143781 0.08235806
v 0.01148750 -0.05643725 0.12322100
v -0.05220150 0.05489350 0.11111000
v -0.13683763 -0.21742700 -0.00176956
v -0.00101425 0.21241887 0.02460925
v 0.00595088 -0.02868850 0.12811019
v -0.00447100 -0.02014500 0.12847400
v 0.11229425 -0.21817875 0.06194825
v 0.02435662 0.04853737 -0.12622225
v 0.01600850 0.05153825 -0.12910287
v -0.11497800 0.11420750 0.05422850
v -0.08684800 -0.06332250 0.08990500
v 0.01095809 -0.10574128 0.12027072
v -0.13571826 -0.05348700 0.01953900
v -0.13418238 -0.06184900 0.01191738
v -0.08305050 -0.09505575 0.09292112
v -0.03047062 0.10241400 0.12562263
v 0.13148700 0.08460000 -0.01672425
v 0.04562375 -0.10621300 0.11207650
v -0.04563637 -0.23153026 -0.12286408
v -0.04926200 -0.22503881 -0.12584022
v -0.13360797 -0.00790250 0.01663091
v -0.05283978 -0.22942998 -0.12319347
v -0.05476200 -0.06140587 0.10985912
v -0.01654700 -0.04045050 0.12722850
v -0.13623901 -0.02170525 0.01067675
v -0.10188562 -0.16679287 0.07765412
v -0.09300900 -0.16476813 0.08534577
v -0.06277150 0.05704100 0.10644950
v -0.13022250 -0.22974300 -0.02497975
v 0.11601350 -0.19359250 0.05568800
v -0.13563700 -0.05282100 0.00155550
v -0.07063356 -0.10957319 0.10131656
v -0.12477137 0.11441950 0.02912113
v 0.12145200 0.00150400 -0.02857725
v 0.12133100 -0.19595151 0.04427400
v 0.09862100 0.07252600 0.08512800
v 0.11558625 -0.22899713 0.04118450
v -0.13240537 0.10743731 0.01667313
v -0.05896600 -0.16373250 -0.12042400
v -0.11042825 0.12576362 0.02577250
v -0.13302781 -0.22036731 -0.03651012
v 0.12419150 -0.01552875 -0.02179425
v -0.13524462 0.07508813 0.00625387
v 0.01248563 0.05458050 -0.12905887
v -0.07093975 -0.14713626 0.10205850
v -0.13495737 -0.03847375 -0.01805188
v 0.01965175 0.24322875 -0.02236625
v 0.00952425 -0.23572899 0.11476250
v 0.01100687 0.16058902 0.02558872
v -0.11876237 0.10599963 0.05904500
v 0.11925400 -0.01445875 0.05159250
v 0.12563893 -0.01431162 -0.02699988
v -0.13625801 0.08126550 -0.00457325
v 0.11074263 -0.18026662 0.05236663
v 0.12288306 -0.18820649 0.02691594
v -0.01741648 -0.17827891 0.12063056
v 0.12290700 -0.01651100 -0.03160100
v -0.12523200 -0.17432749 -0.04109700
v -0.12677675 0.11582525 0.00013675
v -0.12788250 -0.18717150 -0.04231800
v -0.12666707 -0.22784200 0.03415881
v 0.11341962 0.07321413 0.06468812
v 0.10401522 0.06351828 0.07049543
v 0.10828800 0.06971194 0.07005819
v 0.11530950 -0.05939275 0.04974825
v 0.11716057 -0.11319631 0.03938263
v -0.13155237 -0.00773038 -0.02385888
v 0.11380384 -0.17145181 0.04591841
v 0.12042937 -0.17430931 0.03161763
v -0.08437331 -0.22324274 0.09822644
v -0.12937300 0.03822675 -0.01368300
v 0.02527975 0.03023169 0.12019581
v -0.10048450 0.06757800 -0.08602000
v 0.10947250 0.09623050 0.07173650
v 0.04108974 -0.23582569 -0.01374798
v -0.10020650 0.07568550 -0.09360050
v -0.12163450 -0.16974400 -0.05243800
v -0.08690100 0.03505300 0.09047400
v -0.07384669 -0.17202732 -0.11446406
v 0.11859247 -0.06641790 0.04265444
v 0.11880337 -0.07093800 0.03798262
v -0.02813200 -0.17946850 0.11870400
v 0.06898275 -0.23851900 -0.01084875
v -0.11669300 -0.19258475 -0.07679600
v -0.11754669 -0.18135263 -0.06125075
v -0.13095576 -0.19171125 0.03478150
v -0.11572625 -0.17060725 -0.06425650
v -0.12875175 -0.17990650 -0.02778925
v 0.01082688 0.20412913 -0.02542488
v -0.10389325 -0.00151713 0.07221050
v 0.12245950 -0.01167369 0.04203456
v -0.13331325 0.07622350 -0.02865900
v 0.12976550 -0.05035900 -0.01756750
v 0.09851850 0.10355850 -0.08833150
v -0.13273451 -0.18416987 0.00500763
v 0.03918950 -0.02030312 0.12118018
v -0.11504912 -0.16177306 -0.06626087
v -0.11031062 -0.18202913 -0.07440050
v 0.12091200 0.06613025 0.03990150
v 0.12052663 0.05825225 0.04072412
v 0.12319013 -0.07654162 0.01605638
v 0.12463544 -0.07010050 0.02327837
v 0.03755481 0.04330438 -0.12172375
v 0.08524000 0.07387100 -0.10123600
v 0.09504800 0.09726100 -0.09355200
v 0.01427700 -0.21368000 0.12742500
v -0.11384050 -0.18749525 -0.07238075
v -0.11352800 -0.15806399 -0.06786725
v -0.01961131 0.24416806 0.01946494
v -0.01494019 0.24647938 -0.02582131
v 0.12297212 0.05549494 0.02927969
v -0.12213600 -0.16409400 0.04355400
v 0.06479050 0.12579875 -0.09269300
v -0.00346475 -0.01665300 -0.13463800
v -0.03095000 0.04979500 -0.12859900
v -0.02252188 0.22278112 0.01391225
v 0.03941762 0.15575938 -0.01208681
v -0.12600088 -0.18333969 0.03799444
v 0.07698438 0.12075650 -0.08709094
v 0.00310163 0.12967588 -0.11056837
v -0.10419481 -0.17092282 -0.08215407
v -0.09007069 -0.10362206 -0.10018056
v -0.09419475 0.06159500 0.08485725
v 0.12537287 0.05887319 0.02443194
v -0.02147775 -0.01899250 -0.13589750
v 0.12965700 -0.02338688 -0.01765525
v 0.06612528 -0.01590456 -0.10759366
v 0.07730403 -0.01372041 -0.09752594
v 0.02353275 0.17076625 0.00444525
v -0.08120100 -0.19341700 -0.11413200
v 0.06800844 0.13694619 -0.06974850
v -0.07522300 -0.18020800 -0.11237900
v -0.02506575 0.12988557 -0.10847118
v -0.04950000 0.11779550 -0.11696006
v 0.01810687 0.20921488 -0.02029062
v 0.05042094 -0.06356513 -0.11567781
v 0.02634894 0.02571269 0.11860113
v -0.00368775 -0.07959588 -0.13350882
v -0.09606000 -0.21707851 -0.10124450
v 0.12357200 0.11091400 0.01549700
v 0.07574500 -0.18681750 0.09676600
v -0.02568400 0.21013150 -0.01277200
v -0.02649562 0.20612612 -0.00633737
v 0.01748925 -0.10119250 -0.12746550
v 0.12366750 -0.08596050 -0.01264600
v 0.02440875 0.16881725 -0.00447425
v 0.01927112 0.19178925 -0.01729634
v 0.06181675 0.11958500 -0.09885462
v -0.09768200 -0.21138550 0.09089800
v -0.00913475 -0.07250447 -0.13173451
v 0.09481987 -0.02232075 -0.08969037
v 0.10396578 -0.01621181 -0.07500903
v -0.10041875 -0.21772300 0.08663888
v 0.09587257 0.00492294 -0.07883200
v -0.10955500 -0.04698500 -0.07719300
v 0.11731450 0.07681950 -0.06110600
v 0.12163875 -0.14232676 -0.02795425
v 0.02314933 0.17072465 -0.00972463
v 0.02442525 0.22275224 -0.01031825
v -0.09382737 -0.10615085 -0.09492997
v 0.05456925 -0.19170150 -0.12345938
v -0.08594050 -0.12281800 -0.10282500
v -0.10007638 -0.12020900 -0.09004562
v 0.05380400 -0.18513300 -0.12130175
v 0.02754706 0.24316844 -0.00763494
v -0.01407256 0.16860229 -0.02603922
v -0.02183847 0.22611116 -0.02254719
v -0.01852856 0.22398125 -0.02263819
v -0.01730650 0.21187750 -0.02397850
v -0.01356644 0.20380953 -0.02469119
v 0.01485572 0.16661257 -0.02449120
v 0.05705450 -0.10094275 0.10700950
v 0.12107525 -0.13049838 -0.03297775
v -0.10191513 -0.00051038 -0.08363850
v 0.10205088 0.12277050 -0.04996050
v -0.01032413 -0.13526362 -0.13246050
v -0.02533744 -0.14368831 -0.12998937
v 0.00140484 0.16659249 0.02409441
v 0.02043938 0.24887513 -0.00397806
v -0.09578500 -0.06850500 -0.09518100
v -0.01339675 -0.14333400 -0.13101213
v -0.03582819 0.15410966 -0.04041309
v -0.09846675 -0.06021150 -0.08983600
v 0.09836144 0.12716831 -0.04353575
v -0.11596450 0.10686750 -0.07237550
v -0.06014144 -0.05367706 -0.12435337
v -0.06857650 -0.04750900 -0.12266600
v -0.04311250 0.15095501 -0.04738650
v 0.11403650 -0.01653812 -0.05732587
v 0.02491600 0.24330901 -0.01522875
v -0.08474675 -0.18168750 -0.10823050
v 0.11688600 -0.19555400 -0.06029700
v -0.06098125 -0.00675238 -0.12042250
v -0.01250575 0.24952382 -0.02190906
v -0.05848325 -0.22117206 -0.12407325
v -0.04552000 -0.23614950 -0.11805000
v -0.04167250 -0.23838675 -0.11434100
v 0.00392744 0.22335732 -0.02882213
v 0.00785050 0.22579101 -0.03020650
v -0.05492569 -0.10649828 -0.12458187
v -0.07850362 -0.18984787 -0.11391300
v 0.11111500 -0.14324850 -0.05656700
v -0.04868850 -0.08593675 -0.12531650
v 0.00521500 0.17471963 0.02230400
v -0.09243150 0.11441375 -0.09152400
v 0.01517656 0.24537875 -0.02530931
v -0.07415050 -0.00397450 -0.11200025
v -0.03379700 0.11229906 -0.12836331
v 0.12603375 -0.03304775 -0.03837400
v -0.02394800 0.24878301 -0.01189500
v -0.00185581 0.05356050 -0.13044006
v -0.01102331 0.19785582 0.02171775
v 0.00669694 -0.23906319 -0.11745769
v -0.12836049 -0.14603600 0.02512212
v 0.09717475 -0.22605750 -0.08368025
v -0.08104318 0.12712987 -0.08099187
v -0.12657481 -0.17622456 0.03093025
v -0.08164850 -0.01118975 -0.10891400
v -0.03985664 -0.22171308 -0.13083813
v 0.12263987 0.04698925 -0.02464550
v 0.02503200 0.20979819 -0.00626263
v -0.08109350 0.05473150 -0.10553900
v 0.11921925 0.05175250 -0.03716325
v 0.11356475 -0.05038925 -0.06423150
v -0.08733206 -0.07285650 -0.10308431
v -0.08961100 0.12608562 -0.07247087
v -0.00688125 -0.18641075 0.12525851
v -0.05363050 -0.23870850 0.09792800
v -0.11943850 -0.06422538 0.05083150
v 0.05910722 0.12820759 0.08505225
v -0.12663651 0.11492000 -0.01974600
v -0.05956388 -0.06163069 -0.12113931
v -0.05844900 -0.06718900 -0.12273200
v 0.01519663 0.11222438 0.12008050
v 0.02544100 0.11096738 0.12297075
v -0.01134500 -0.21393600 -0.13832800
v -0.04266500 -0.23703600 0.04958600
v 0.07242013 -0.12831075 -0.10255194
v -0.05994475 -0.00298825 -0.11975275
v -0.06132650 -0.01156100 -0.12278600
v 0.00077500 -0.17965350 -0.13286600
v -0.00567025 -0.16826887 -0.13182200
v 0.04617325 0.02715550 -0.11781750
v -0.05749375 -0.04814075 -0.12757476
v -0.02942450 0.24368100 -0.00382850
v -0.02763650 0.24440426 -0.01164000
v 0.05509488 -0.21675450 -0.12382425
v -0.10310700 -0.11508100 -0.08751350
v -0.09705300 -0.11921100 -0.09179800
v -0.04394394 -0.00986659 -0.12587056
v -0.07054263 -0.23785500 -0.09899063
v 0.12534350 -0.16325200 -0.00783112
v 0.01892875 -0.19294851 -0.13521737
v 0.02474750 0.20938151 0.00393400
v -0.02778988 0.24701469 -0.00290081
v 0.02511700 0.24486700 0.01025900
v 0.02141000 0.24786513 0.01054288
v -0.06278425 0.06680569 -0.11755006
v 0.12157650 -0.16274676 -0.02893325
v -0.10113338 0.11143975 0.07800850
v -0.07866950 0.10265650 -0.11268075
v 0.01794050 0.02837438 -0.12734638
v 0.02253200 0.20284969 0.00674863
v -0.08192194 0.12304863 0.08008850
v -0.06201200 0.11174075 -0.11757038
v 0.12908706 -0.05740809 0.00090938
v 0.13047700 -0.02281225 0.01069700
v 0.09626700 0.05600850 -0.07918750
v -0.02749388 0.21056101 0.00038225
v 0.00181750 -0.10220063 -0.13139637
v 0.03119837 0.01460625 -0.12361038
v -0.01659069 0.24925937 0.00155713
v -0.02588750 0.24864112 -0.00315175
v 0.12356000 -0.22330900 -0.03190200
v 0.00856875 0.03568513 -0.12925050
v -0.02831700 0.11744200 -0.12362225
v 0.08711675 0.11857050 -0.08055300
v -0.03032025 0.22585399 -0.00382775
v -0.11253800 0.10086800 0.07213800
v -0.00150200 0.24890600 0.02181800
v 0.12343463 -0.00808950 0.01825963
v -0.05905875 -0.23583925 -0.00902725
v 0.12246325 -0.13774300 0.01924150
v -0.12547874 -0.05688244 0.03603831
v 0.01487575 0.20929512 0.01905463
v 0.00848188 0.22373649 0.02286812
v -0.06669108 0.05272491 -0.11467770
v -0.02455213 0.20968762 0.01046850
v 0.10031800 -0.17115749 -0.07589912
v 0.00585188 0.21386901 0.02381625
v -0.11276200 -0.03476250 -0.06768750
v -0.02489525 0.17546000 0.00776025
v -0.02078894 0.17566194 0.01431363
v -0.02554641 0.16872869 0.00794278
v -0.13135688 0.06629406 -0.01016181
v -0.11841737 -0.05462012 -0.05240275
v -0.01086525 0.24327201 0.02503050
v -0.12338956 -0.05738081 -0.04247838
v -0.01637600 0.22250874 0.02023175
v 0.01598000 -0.20018500 0.12714550
v -0.04725750 -0.13997413 0.11295950
v -0.12310075 -0.05004750 -0.05111325
v -0.01766275 -0.23299450 -0.00305300
v -0.00941891 -0.17011473 0.12126528
v -0.05663759 -0.13882303 0.10908019
v -0.02479975 -0.23915975 0.10734450
v -0.01598484 0.11172328 0.12103584
v -0.00635300 0.20454200 0.02306600
v 0.00763413 0.22661006 0.02646337
v -0.03978025 -0.11464800 0.11667025
v 0.00318850 0.22559987 0.02723419
v -0.03615200 -0.12397900 0.11624650
v 0.11993050 0.07258350 0.05262650
v 0.00929800 -0.14871113 0.12030644
v -0.10905900 -0.22457901 0.07635100
v -0.02225700 -0.16634700 0.12026200
v -0.01400231 0.17937826 0.02018156
v -0.10785650 -0.24127275 -0.00999775
v -0.00901375 0.22755763 0.02611700
v -0.03952112 -0.23432057 -0.05301537
v -0.04416737 -0.23749401 -0.05723700
v -0.03433825 -0.23739806 -0.05751419
v -0.09761100 -0.18730000 0.08971350
v -0.13127731 0.10971788 -0.02127419
v -0.11815213 -0.07376075 -0.05747762
v 0.06294550 0.04062500 -0.10865863
v -0.01068825 -0.06323000 0.12092625
v -0.11736800 -0.06108500 -0.05111000
v 0.02348700 -0.23867400 0.10747050
v 0.01198537 -0.14019488 0.12014175
v -0.03954575 -0.02293775 0.12236550
v -0.06620050 -0.07462975 0.10353475
v -0.05734212 -0.07192350 0.10935906
v 0.08640750 -0.17495400 0.08592381
v -0.13211012 -0.17946000 -0.00435156
v 0.08741587 0.11517087 0.07916287
v 0.11567250 0.09956350 0.06160400
v 0.11251550 0.10535594 0.06272037
v -0.12351950 -0.18977900 -0.05969100
v 0.07704325 0.13593413 0.05430050
v 0.11663075 -0.07438537 0.04238700
v -0.03009578 0.01846128 0.11980028
v -0.03413862 0.02005625 0.11677375
v 0.06518350 -0.22698200 0.10421112
v -0.13586500 0.10277900 -0.00685650
v -0.12703501 -0.05680100 -0.03251413
v 0.12838697 -0.20598781 0.02416200
v 0.12680300 -0.21190500 0.02406600
v -0.11418269 -0.22175226 -0.07598688
v 0.03526750 -0.08643850 0.11674150
v -0.13056675 -0.05039625 -0.03151175
v -0.12828749 -0.21880326 0.04200850
v 0.11782575 -0.12661625 0.03706437
v 0.07125650 -0.22849375 0.09851775
v -0.11701700 -0.14947300 0.05407300
v 0.10442200 0.09539250 -0.08260750
v -0.07808100 0.03840000 0.09643775
v 0.10975600 0.05704163 -0.05845413
v -0.01287500 0.10738800 0.12578601
v 0.11415067 -0.09759109 0.04789469
v 0.11586662 -0.05935638 -0.04940106
v -0.11763550 -0.04934500 0.06421350
v 0.03137825 0.03400975 0.11769975
v -0.12479850 -0.17243600 0.03609000
v 0.03934300 0.01098850 0.11523750
v 0.02254775 0.10912925 0.12323450
v -0.13192324 -0.22456551 0.02104000
v -0.02130741 -0.23632257 0.05045313
v -0.03778725 0.09893050 -0.13250674
v -0.13489351 -0.19393700 0.02357450
v 0.06464241 -0.06623957 0.10376509
v -0.10524487 0.05466744 0.07204282
v -0.06910244 0.12338206 0.08780807
v -0.13667224 -0.04792625 -0.00575350
v 0.11733150 -0.21495050 0.05253175
v -0.10811150 0.10842900 0.07318300
v -0.01738050 0.24916475 -0.02064050
v -0.13075975 -0.09535425 -0.01369925
v -0.13391200 0.09921400 0.02168700
v -0.04010450 0.13327301 0.09171850
v 0.00183150 -0.23596901 0.05598100
v 0.05845866 0.00717644 0.10811800
v 0.09285325 -0.06751712 0.08083700
v -0.12873237 -0.12825631 0.02245919
v 0.05583712 0.10075025 0.11734444
v 0.05630469 -0.24078751 0.03383519
v 0.02415253 0.11478665 0.11471725
v 0.09896950 -0.22248675 0.07896525
v -0.12949787 -0.02206200 0.03957738
v 0.10155488 -0.22963993 0.06614625
v -0.12349600 0.00307300 0.03944800
v -0.01635863 -0.06731588 -0.13400388
v 0.09491050 -0.23629200 0.06355400
v -0.13138650 -0.01244500 0.02740300
v -0.13350350 -0.01639725 0.01522175
v 0.07654137 0.02527688 0.09798500
v -0.05667038 -0.04889638 0.11574475
v -0.13106400 -0.07922012 0.00957112
v 0.01080100 0.14107800 0.08304600
v 0.06758050 0.12294187 0.08543137
v 0.10202656 -0.01139325 0.07268763
v 0.04350300 -0.03370200 -0.12693650
v 0.09047250 -0.23115151 0.07966200
v -0.11609600 0.12106500 0.01640300
v -0.12681831 -0.12007431 0.02982662
v 0.02076750 -0.18012150 -0.12860200
v 0.12893251 -0.19205700 0.00360325
v 0.08158500 -0.12237462 -0.09445250
v 0.06271350 -0.17003781 0.10374057
v 0.04376250 0.05732756 0.11821707
v 0.04328450 0.06972300 0.12151450
v 0.08939400 0.03203950 0.08583757
v -0.12869337 0.00612237 -0.02550200
v 0.03956600 -0.23392200 -0.01070200
v 0.05154250 -0.23591501 -0.00347775
v 0.09736788 -0.14126663 -0.07843538
v 0.02430800 -0.03090850 -0.13310100
v -0.00801744 0.12947959 0.10260566
v 0.07525000 0.09503300 0.10676300
v 0.12498825 -0.16884437 0.00192650
v 0.07088062 0.05501725 0.10163687
v -0.01381375 0.22511700 0.02431200
v -0.01071163 0.22263463 0.02344150
v 0.11753931 0.11638994 -0.00911250
v -0.01313025 0.21092425 0.02176950
v -0.03690156 0.14842869 -0.06177706
v -0.00320700 0.02874625 -0.13015918
v -0.11828700 -0.03928388 -0.05920662
v -0.09945500 -0.01838000 0.08435700
v 0.07259450 -0.19844675 0.10558375
v 0.13086088 -0.05019469 -0.00423481
v -0.10550509 -0.12363882 -0.07997610
v 0.12201050 -0.17046501 -0.02639150
v -0.06637012 0.04317400 0.10416512
v 0.09621556 0.04618688 0.07909300
v -0.12756400 -0.08092600 -0.03197700
v 0.02386137 0.22379488 0.00843925
v -0.11489762 0.06025700 -0.06453375
v 0.11209413 -0.23155500 -0.05151663
v -0.02684625 0.22268750 -0.01037725
v -0.09065813 -0.14949524 -0.09772975
v 0.12611350 0.05706850 0.00658000
v -0.04596900 0.08070175 -0.13050887
v -0.10982168 0.03468775 -0.07026219
v 0.12024550 -0.12170088 -0.03021362
v -0.02839325 0.07544200 0.12634601
v -0.03325288 0.06763450 0.12225400
v -0.08873250 0.14297751 -0.00078500
v -0.11121581 0.07167156 -0.07687712
v 0.12459482 -0.07813531 -0.00265550
v 0.11494493 -0.23430988 -0.02844850
v -0.06471816 0.14998204 0.00155538
v 0.05480662 0.02812081 -0.11363031
v -0.11556556 0.00429750 -0.05887700
v -0.04863392 0.01914591 0.11381406
v -0.02328425 0.00502575 0.12088100
v -0.12823462 -0.02195800 -0.03670850
v 0.11921250 -0.18897350 -0.04880850
v 0.00350137 -0.07161425 0.12064012
v 0.02455950 -0.23344250 0.00022400
v -0.10427400 -0.19293649 0.08357200
v -0.10686219 -0.21060200 0.08058982
v 0.00761097 0.15728156 0.03263437
v -0.12095013 -0.21774012 0.05928800
v -0.09944800 -0.15829749 -0.08828700
v 0.11005500 0.12215725 0.01705150
v 0.12464800 -0.22660300 0.00950100
v 0.12707600 -0.22162475 0.01420063
v 0.12463500 -0.22174300 0.02729425
v 0.12873250 -0.21578075 0.01713675
v -0.02785512 -0.02388150 0.12611313
v -0.03335325 -0.02442206 0.12477481
v 0.03172600 0.14782000 0.05269300
v 0.01874406 0.15095812 0.04903756
v -0.05561788 -0.17415363 -0.12207900
v -0.13015488 -0.01535875 -0.02837862
v 0.03050900 -0.21486101 0.12399300
v 0.00086263 0.22616138 -0.03144662
v 0.02419125 0.20399725 -0.00301450
v 0.11624050 -0.14210463 -0.04358488
v -0.04195550 -0.07129350 0.11664100
v 0.07699350 0.11542850 0.08642600
v 0.12034666 -0.09674178 -0.03049647
v 0.00421425 -0.16190749 0.12077588
v 0.03392000 -0.19987451 0.12324375
v 0.12759213 0.06939313 -0.02054650
v 0.12266650 0.05829375 -0.02601803
v -0.03332475 -0.11256225 0.11814325
v 0.10556375 -0.16774450 -0.06847925
v 0.00832350 0.24879751 -0.02547550
v 0.01276400 0.23030099 -0.02756750
v 0.10967100 -0.15537518 -0.05944025
v 0.10622450 -0.14119931 -0.06554019
v 0.09816125 -0.12119075 -0.07612200
v 0.10048950 -0.19782950 -0.08919600
v -0.05362075 -0.15281349 -0.12286850
v 0.07156700 -0.23091200 -0.10367400
v 0.05885237 -0.02357100 -0.11938038
v 0.11576825 0.06106850 -0.04620300
v -0.13002551 -0.17361575 0.01656263
v -0.06493525 0.12908812 -0.09261513
v 0.02817100 -0.22087000 -0.13293500
v -0.04175975 -0.06261075 -0.13057999
v -0.08943287 0.11963000 0.07828487
v -0.00839637 -0.11895087 -0.13096781
v 0.10806200 -0.04627850 -0.07405250
v -0.05602225 0.03588400 -0.12053831
v 0.09154838 0.11769813 -0.07286444
v 0.10636563 -0.05069950 -0.07545475
v 0.07282675 -0.15781026 -0.10279675
v 0.07130581 -0.16437031 -0.10516813
v 0.07252200 -0.16877000 -0.10502600
v 0.00876138 -0.00734544 -0.12870938
v 0.02483837 -0.00894550 -0.12540087
v -0.12529713 -0.18484825 0.03491862
v 0.02193006 -0.22049178 -0.13347732
v -0.01299938 0.06646463 0.12413163
v 0.06898200 -0.16820399 -0.10548400
v 0.05212750 -0.17780051 -0.11738175
v 0.06300350 -0.23322150 0.09904300
v 0.06844725 -0.19673149 -0.11614850
v 0.00383481 -0.00434031 0.12215094
v 0.11973150 0.07277387 -0.05314213
v 0.05470650 -0.20533749 -0.12492100
v -0.03263119 0.03301131 0.11715788
v -0.07193937 0.00396413 0.10049912
v -0.07371912 -0.23840025 0.08596256
v -0.05549675 0.02040800 0.10923450
v -0.10546475 -0.15074851 0.07154075
v -0.02884750 -0.09292400 0.11776650
v 0.00487925 -0.02469350 -0.13618375
v -0.05200350 0.10382750 -0.12706099
v -0.08808525 -0.09064375 0.08875050
v 0.06820500 -0.06916700 -0.10513125
v -0.00915700 -0.05674800 -0.13285100
v 0.10958500 0.07852075 -0.07451125
v -0.11147787 -0.14946038 0.06368387
v -0.07212450 -0.24062188 0.07968250
v -0.10420975 -0.04393950 0.08202950
v -0.01751344 -0.01547322 -0.13384444
v -0.08262537 0.01466438 0.09291825
v -0.08642175 0.09666606 0.10006862
v 0.00410481 -0.03607431 -0.13640532
v -0.09528444 0.09987337 0.09193462
v 0.07127550 -0.17363150 -0.10557075
v 0.11461893 0.06892994 -0.05817800
v 0.09655012 0.07277437 -0.08940613
v 0.10203613 0.07893225 -0.08465025
v 0.06921800 -0.18063225 -0.10678175
v -0.07420237 -0.13888563 0.10033962
v 0.09706338 0.00093975 0.07746287
v 0.08701375 -0.12514581 -0.09005388
v -0.13201974 -0.18354049 -0.02284475
v 0.11368713 0.02536419 -0.04938469
v -0.12757500 0.11308850 0.01904825
v -0.02429025 -0.03789625 0.12662300
v -0.02293231 -0.06170981 0.12055575
v -0.01742100 -0.04978650 0.12702850
v 0.00073000 -0.09070837 0.12075344
v 0.12215700 0.01574325 -0.02913713
v -0.05033750 -0.23123750 -0.12411025
v 0.10487850 0.12618400 -0.02812850
v 0.00889037 0.17629901 -0.02577094
v 0.07677450 -0.23649500 -0.09117450
v 0.02392750 0.15608250 0.02770625
v 0.12692650 -0.02757000 -0.03325050
v 0.12716056 -0.05710562 -0.01287544
v 0.12608200 0.04301400 0.00313700
v 0.00031550 0.07187513 0.12802026
v -0.03422597 0.10576003 0.12305216
v -0.06892800 -0.21876501 -0.12024000
v -0.10127556 -0.05025106 -0.09203475
v 0.13020213 -0.20140424 -0.00728519
v 0.05641375 -0.10686287 0.10735387
v 0.11972187 -0.21973351 -0.04897375
v 0.03216038 0.06147150 0.12025862
v -0.09351256 -0.09746443 -0.09590231
v 0.06735400 -0.04936350 0.11044400
v -0.11582015 0.07641586 -0.07255010
v 0.07320725 0.03965275 -0.10143175
v 0.03677675 0.06186725 0.11886875
v 0.03720700 0.05799650 0.11997950
v 0.11022650 0.11054075 0.05769825
v 0.07361800 -0.03672200 0.10686225
v -0.04246613 0.12587388 0.09975313
v 0.04790875 -0.04559100 -0.12444125
v 0.12219575 -0.01929875 0.04711625
v 0.03476700 -0.04280200 -0.12975299
v 0.11378000 -0.01773038 0.06123369
v 0.06540275 -0.00464550 0.10739081
v -0.11886638 -0.23450013 -0.04426663
v -0.02638400 0.20594651 0.00279450
v -0.02991350 0.22647800 0.00281025
v -0.12989973 0.03396919 0.01262762
v 0.08733018 0.05342678 0.08773619
v 0.04075850 0.13930351 0.07746750
v -0.13641137 -0.05125700 0.00969788
v -0.13650556 -0.05783619 0.00916950
v -0.13638437 -0.04666094 0.01286187
v 0.10476356 -0.18131074 0.06438182
v -0.12419900 0.04253800 0.03636675
v -0.02846436 -0.23461066 -0.05694880
v 0.12319925 0.08804137 -0.04956387
v -0.12965937 0.06304438 0.00054487
v -0.04925000 0.09816400 -0.12898450
v -0.12958750 -0.06106650 -0.02040050
v 0.12640850 -0.19672249 0.02961800
v 0.12952000 -0.04944250 0.02122750
v 0.03256175 -0.07036488 -0.12335244
v 0.12301400 -0.04521700 0.04638900
v -0.12890200 0.06426700 -0.02895850
v 0.12790300 -0.19413900 0.01893800
v 0.12876113 -0.20074050 0.01882775
v -0.12376393 -0.07311906 -0.04403056
v -0.01222263 0.12258625 -0.11689488
v -0.01206453 0.16426513 0.02379856
v -0.11741825 -0.21030775 0.06735100
v -0.10985100 0.13003600 -0.00205900
v 0.13041325 -0.20045687 0.00395625
v -0.00869294 0.17386781 0.02215806
v -0.10055000 0.13349400 -0.03626700
v -0.06522475 -0.24122062 0.06376094
v -0.00129831 -0.23254538 -0.00726469
v -0.01287350 0.24956287 -0.00156000
v -0.05023825 -0.01893600 -0.12878044
v -0.12873775 -0.20981576 0.04418975
v -0.03001700 0.14295450 -0.08584850
v -0.02306900 0.22288901 -0.01722700
v 0.12370750 -0.19740701 -0.04420350
v -0.09809950 -0.04843475 -0.09759775
v 0.05250050 0.12302900 0.09517250
v -0.13290250 -0.10078875 -0.00140262
v -0.11169238 0.12754238 0.00818269
v 0.10717050 -0.16910000 0.06042950
v -0.12934418 -0.06446856 0.02095881
v -0.09840388 -0.01427937 -0.09496062
v 0.00955875 0.24356575 -0.02887337
v 0.06216875 0.01177900 -0.10878500
v 0.12903750 0.07394544 -0.02392937
v 0.07097169 0.01746031 -0.10285868
v 0.12932207 -0.04231562 -0.02222256
v 0.10278550 -0.20083500 -0.08397975
v -0.01115794 -0.23666835 0.03901519
v 0.11002969 -0.12603197 0.05508528
v -0.12361000 0.07577300 -0.05758700
v 0.09682512 -0.20916376 -0.09108888
v -0.10434800 0.13087100 0.02688150
v 0.09394325 -0.22005124 -0.09202725
v -0.03419513 -0.21176399 -0.13549475
v -0.10902550 -0.02647275 -0.07768300
v 0.06557450 -0.15917875 0.10214575
v -0.11512587 0.12438300 -0.01812125
v -0.07275000 0.11018100 0.10439200
v 0.00993050 0.10012750 0.12924349
v 0.04136569 -0.18899725 -0.12687375
v 0.06836150 -0.21297550 0.10777082
v 0.01385300 0.00652950 0.12070150
v 0.04181281 -0.13729575 -0.12035556
v -0.13126600 -0.12987375 -0.00865325
v -0.00441600 -0.23909450 0.10883675
v 0.03188281 -0.08875187 0.11658718
v -0.02571725 -0.01528250 -0.13260600
v 0.01839500 0.20287800 0.01396600
v -0.04291231 0.08125425 0.12336881
v -0.09073619 -0.08057242 0.08621961
v -0.01433400 0.02631350 -0.13025050
v 0.01599475 0.20269924 -0.02120375
v 0.00222512 -0.24098182 0.08251600
v -0.03691350 -0.05608300 0.11961200
v -0.04194150 -0.13800125 0.11470350
v -0.06025175 0.07086512 0.11396125
v -0.06793763 -0.00888075 0.10749225
v -0.08119138 -0.12266006 0.09445944
v -0.07743700 -0.15147150 0.09966100
v -0.05043575 -0.11779875 0.11240975
v -0.09730031 -0.18310615 0.08697725
v -0.06688900 0.10739250 -0.11916000
v 0.08246725 -0.02401250 -0.10253150
v -0.10774656 -0.23553269 -0.06463150
v -0.04504450 -0.08151300 0.11388750
v 0.10244844 -0.05773588 -0.07527663
v 0.01644800 0.13977300 -0.09340325
v -0.04588525 -0.15900281 -0.12561643
v 0.00305325 0.20167950 -0.02725938
v 0.13145700 -0.02834800 -0.00747600
v 0.06895650 -0.03675400 -0.11306275
v -0.01146700 0.01209800 0.12085600
v -0.01327400 0.07616238 0.12849362
v -0.13075700 0.08153713 0.03761000
v 0.00624956 -0.06712613 -0.13053244
v -0.10701572 0.06699137 0.07456613
v 0.10086700 0.09536713 0.08284400
v 0.08355550 0.04366425 -0.09253600
v 0.08350675 -0.02562200 0.09969400
v 0.07124300 -0.02454600 0.10834900
v 0.08904850 -0.19054450 0.08969712
v -0.02053563 -0.18996538 -0.13517663
v 0.11161300 -0.23254225 0.04206575
v 0.07653900 -0.22319500 -0.10775700
v -0.00967650 0.00543350 -0.13033925
v 0.09515950 -0.05056625 0.08848725
v -0.13205075 -0.20242475 0.03523213
v -0.04756600 -0.24079800 0.09396600
v -0.00620244 -0.24086538 0.10330644
v -0.12324100 0.11357588 0.03671062
v 0.07999200 0.06124900 0.09502200
v -0.06269900 -0.12482600 0.10600300
v 0.10811300 -0.02467900 0.07432350
v -0.11751125 -0.19627351 0.06668950
v 0.12380975 0.00574750 0.01770175
v 0.11906400 -0.21474700 -0.05544300
v -0.10882025 0.11799275 -0.06591850
v -0.02353744 0.24842051 0.00938512
v 0.03029750 -0.07458700 -0.12425400
v -0.01983000 0.20342425 -0.02031550
v 0.01796103 0.17254600 0.01437200
v 0.11524250 -0.03087500 -0.06317100
v 0.02223187 -0.23518750 -0.04878087
v 0.12721825 -0.18817009 -0.00948787
v 0.10160825 -0.09051938 0.06963675
v 0.13051151 -0.02240350 -0.00172100
v -0.13573401 0.08100625 0.01108550
v 0.02418300 -0.23742700 -0.06792050
v -0.03648894 0.15760869 -0.01579950
v -0.11959225 0.05105675 -0.05119700
v 0.10399356 -0.23751637 -0.04948706
v -0.02144050 0.20901901 -0.01971700
v -0.01140075 -0.03023150 -0.13704775
v 0.00893800 0.24833401 0.00581900
v -0.02657975 0.02911975 -0.12907951
v 0.00102487 0.17260399 -0.02810737
v -0.01533675 -0.24034415 -0.11138234
v 0.10313400 -0.21700300 -0.08205700
v -0.01841300 -0.24135600 0.10003000
v 0.10992650 -0.05836800 -0.06289900
v -0.12767300 -0.14624913 -0.03106463
v 0.00081062 0.13868324 -0.09756062
v 0.10920500 -0.19639975 0.06769875
v -0.05067931 -0.11180581 0.11120763
v 0.10209900 -0.04956525 0.08081100
v -0.10398700 -0.09978200 0.07320000
v -0.05514525 0.11533975 0.10531325
v 0.05706950 0.08191000 0.11710650
v 0.02121975 -0.14174975 -0.12771900
v 0.02393450 -0.13513288 -0.12653038
v 0.11183763 0.09544700 -0.07143200
v 0.09758225 0.11506300 -0.06932175
v -0.02344325 -0.03381175 -0.13619225
v 0.09137200 -0.23995000 0.05580000
v -0.09319600 -0.14287537 0.08474437
v -0.05528600 -0.24170101 0.08178412
v -0.07638219 -0.21809463 0.10682375
v -0.09097137 0.04016800 0.08600775
v -0.09386338 0.01857200 0.08332394
v -0.06481406 0.11711675 -0.10869037
v -0.02229450 0.00423875 -0.12952800
v 0.04078800 -0.22885101 -0.12276900
v -0.08643450 -0.01698050 0.09555900
v 0.13060576 -0.04978150 0.01209325
v -0.11035062 -0.17144938 0.06505000
v -0.12761974 0.07209350 -0.04384425
v 0.05252300 -0.22667500 0.11140800
v -0.11934450 -0.22578500 -0.06242300
v 0.08494675 -0.03987687 -0.10056950
v -0.13085809 -0.11287691 0.00794816
v -0.12063563 0.03952038 0.04567100
v -0.06617738 0.10505888 0.11123812
v 0.09721425 -0.05512613 -0.08387400
v 0.06084500 -0.02840775 0.11415225
v 0.08477469 -0.23450312 0.08027944
v -0.02652363 -0.10215162 0.11827425
v -0.01527750 -0.12449262 0.12017763
v 0.06202375 -0.09019800 -0.10909225
v 0.10409200 -0.22082600 0.07681100
v 0.10998432 -0.22173263 0.06372794
v 0.07125472 -0.21067913 -0.11445618
v -0.09186687 -0.10289856 0.08542888
v 0.04404613 -0.09990425 0.11271162
v 0.04256897 -0.06991841 -0.11937772
v -0.11087200 -0.23930618 0.03143112
v 0.13147850 0.07556200 -0.00920050
v -0.06060650 -0.10581550 0.10681425
v -0.08837550 0.13299525 -0.06283500
v 0.12041150 -0.22351250 0.03648809
v 0.03441938 -0.15234768 -0.12350456
v -0.04357313 -0.09843847 0.11369713
v -0.01236750 0.13567850 -0.10248900
v 0.13004662 -0.20683537 0.01517425
v 0.08818975 0.13954687 0.00925344
v 0.12920800 -0.20923300 0.01009200
v 0.13054338 -0.20773025 0.00150512
v 0.11960900 0.03497900 0.03884200
v -0.11229600 -0.03076150 -0.06841050
v -0.00030200 0.22371262 0.02492587
v -0.11542975 -0.23724125 0.03212875
v 0.05930900 -0.23757701 0.01148700
v 0.04370800 -0.21143100 0.12018800
v 0.11839432 0.02362950 0.04081800
v -0.13370550 0.08147700 -0.02961850
v -0.11179600 0.07989300 -0.08048600
v -0.10168150 0.05878200 -0.08530300
v 0.12871912 0.10537275 -0.01028569
v -0.06809562 -0.15138499 -0.11561687
v 0.10227219 -0.14665912 0.06713343
v -0.07176337 -0.08338719 -0.11446856
v 0.09604287 -0.11823800 0.07649900
v 0.08906531 -0.20997894 0.09193994
v 0.07349000 0.13931599 -0.05492300
v -0.06397500 0.12197787 -0.10197563
v 0.02314650 0.14241700 -0.08491650
v 0.01683388 -0.08500125 0.11963087
v 0.08978231 0.02122444 -0.08597544
v 0.07586700 -0.24203674 0.06295775
v 0.10300506 -0.24113387 0.01149119
v 0.10948250 -0.23935425 -0.01378175
v 0.08205231 -0.23867650 -0.07811987
v 0.06620200 -0.24105100 -0.08281800
v 0.08775488 -0.24031125 -0.06350556
v -0.06948819 -0.24017650 0.05087744
v -0.07583269 -0.24143006 0.06762350
v 0.04672706 -0.23941626 0.09646588
v 0.02599712 -0.24098237 0.09928688
v 0.02262612 -0.24195237 0.09198888
v 0.05192588 -0.24159591 0.08469050
v 0.05031400 -0.23713300 -0.04098700
v 0.05938200 -0.23734100 -0.02430900
v 0.01971550 -0.23673600 0.05628825
v 0.02123119 -0.23803593 0.04059722
v 0.00421898 -0.24098445 -0.09345353
v 0.00067200 -0.23916650 -0.08506900
v -0.02565375 -0.23318850 -0.01521300
v -0.05175172 -0.23659754 0.03451984
v -0.03764087 -0.23509344 0.02008856
v -0.08828025 -0.24074012 -0.03253463
v -0.08337665 -0.24125606 -0.06173200
v -0.07540137 -0.24066937 -0.05749981
v -0.12458850 -0.23315443 0.01999739
v 0.06016500 0.14181501 -0.06333700
v 0.06499781 0.14359362 -0.04711900
v 0.02130100 0.14547300 0.06641200
v -0.02377350 -0.21720400 -0.13597751
v 0.08013025 0.14279024 -0.00719500
v 0.06718063 0.14675325 -0.01395400
v 0.08559250 0.13742051 0.03352200
v 0.09475500 0.13520300 0.01669200
v -0.08615600 -0.23995499 0.06944600
v 0.07496800 0.14093050 0.04008000
v 0.10866700 0.12385900 -0.01909300
v 0.12187775 -0.17017800 0.02242969
v 0.12333375 -0.15929763 0.00950075
v 0.12401150 0.04343550 0.01761750
v 0.07084137 0.01933350 0.10119513
v 0.07814175 0.00766800 0.09628850
v 0.05010950 0.11650800 0.10433150
v -0.02337375 0.04995100 0.11923300
v -0.03344606 0.14586206 0.06342825
v -0.02180375 0.14395125 0.07351887
v -0.02920800 0.13916300 0.08518900
v -0.05167612 0.13988188 0.07356575
v -0.10113950 -0.10606100 0.07579300
v -0.08292837 -0.03757463 0.10127175
v -0.07472700 -0.02484800 0.10663700
v -0.05698725 0.12343875 0.09478325
v -0.03075087 0.13597700 -0.09853725
v -0.10318712 -0.03898625 -0.08957575
v -0.04653875 -0.02752125 0.12025575
v -0.09928057 0.09374218 -0.09587956
v 0.10137787 -0.16171506 -0.07376019
v 0.02495200 -0.16512400 -0.12689775
v -0.03934975 -0.02862700 -0.13347700
v -0.05496700 -0.02584500 -0.12856600
v -0.03419144 -0.23368569 -0.00346625
v 0.05183212 -0.23966038 0.02400737
v -0.10048214 -0.24141581 0.00098103
v -0.05135100 -0.23458099 -0.03501200
v 0.07271425 0.12665443 0.07603000
v 0.09292375 0.01568663 0.08275162
v 0.00017000 -0.23637600 0.02003000
v 0.02185725 -0.23445375 0.00680812
v 0.11536340 -0.14668037 0.04261160
v 0.07978088 -0.05813094 -0.09956413
v 0.10149850 -0.07219625 0.07097863
v -0.07950425 -0.23860174 -0.01818325
v -0.11936188 -0.23749763 -0.01939988
v -0.00487450 0.14813100 0.06236862
v 0.05514700 0.13966000 0.06728800
v 0.05088513 0.13444963 0.08111838
v 0.11518000 -0.20411301 0.05753900
v -0.09706500 0.13754649 0.01963300
v -0.08892575 0.13608575 0.04455150
v -0.07534950 0.14395250 0.03418800
v -0.05804000 0.14680424 0.04173500
v -0.08787300 0.14125000 0.02564725
v -0.05011650 0.14519213 0.05638619
v -0.13214400 -0.20272499 -0.04384600
v -0.12836351 -0.10203388 -0.02673388
v -0.04217025 -0.23374450 -0.02226025
v -0.13705550 -0.03691450 0.00561100
v 0.10387425 0.04532325 0.06871550
v 0.11492450 -0.03802300 0.06326350
v 0.10911950 -0.04230200 0.07253600
v -0.06592288 0.14126031 0.05841612
v -0.07927850 0.13840275 0.05204650
v -0.10911900 0.12303650 0.03685800
v 0.08843462 -0.24228415 0.02854741
v 0.10336600 -0.16101500 0.06570800
v 0.09421750 -0.08419425 0.07959950
v 0.10059800 -0.24058200 0.03419000
v -0.10599600 -0.24054100 -0.04078600
v 0.10759400 -0.10466500 0.06106650
v 0.08353181 -0.24174881 0.01253406
v -0.02974600 -0.00974700 -0.12875000
v -0.03899600 0.02407875 -0.12663500
v -0.12710862 -0.11567488 -0.03260412
v 0.06565637 0.13288887 0.07288563
v 0.11639875 -0.02613512 0.06028312
v -0.06679900 0.07946550 -0.12137700
v 0.10189387 -0.03552188 0.08192200
v -0.09152950 -0.24070650 -0.00382200
v 0.10878150 0.02454800 0.06114025
v -0.13347000 0.08027200 0.02663300
v 0.04685887 0.13117112 0.08866575
v 0.10961000 0.08052600 0.07209850
v 0.07852359 0.12904906 0.06646088
v 0.03097975 0.13415325 0.09107337
v -0.12859212 -0.19938862 -0.05403050
v 0.01606494 -0.23307981 -0.01158000
v 0.08350300 0.09422950 0.10034350
v 0.00428350 0.14209287 -0.08998225
v 0.09593087 -0.02752625 -0.08954175
v 0.06114434 -0.24027875 0.04026456
v -0.10482125 0.13303825 0.01349850
v 0.09858744 0.03508725 -0.07559650
v 0.02020900 0.13897225 0.08591900
v -0.01429169 -0.23307656 -0.02238037
v 0.12145325 -0.02785725 0.05016425
v -0.11556550 -0.23963825 -0.01055875
v -0.03296900 -0.24174801 0.08985800
v -0.10676975 -0.23843488 -0.05473325
v -0.12360875 -0.14595687 -0.04498675
v -0.03775800 -0.23310401 -0.03158400
v -0.05929600 -0.23648524 -0.04578112
v -0.04626906 0.03803175 -0.12429988
v 0.12082887 -0.15031575 0.02498350
v -0.06339950 -0.02796150 0.11303563
v -0.13051151 -0.02821044 -0.03237519
v 0.00339200 -0.23284151 -0.02434525
v 0.08818325 0.12517975 0.06160475
v -0.07049950 -0.09283475 0.10139825
v 0.04470250 0.14177662 -0.07573450
v -0.12424412 -0.10860138 -0.04387800
v -0.12727000 0.02560000 -0.02862300
v 0.09274781 -0.02755263 0.09148688
v 0.06452975 0.14128350 0.05245975
v 0.05418750 0.14538987 0.04366425
v -0.06935337 0.10042437 -0.11933587
v -0.01489225 0.14156112 -0.09139250
v 0.04202250 -0.09930825 -0.11992050
v -0.09591713 0.13954350 -0.00030187
v 0.12723750 -0.05005350 0.03204050
v 0.05996350 -0.24153125 0.05525900
v 0.05264100 -0.09499950 -0.11462450
v 0.04026413 0.12642562 0.09734237
v 0.12565500 -0.04114600 0.03960200
v -0.09145000 0.12972251 0.05628825
v -0.12650956 0.00426081 -0.03411369
v 0.08682162 0.13030325 0.05347963
v -0.11879300 -0.11382650 -0.05639200
v -0.08254125 -0.24039274 -0.07849000
v -0.13614701 -0.03395100 0.01577350
v 0.12234925 -0.09806875 0.02021675
v 0.08354037 -0.24141650 -0.01332200
v 0.09147257 -0.24200837 -0.01962625
v 0.08900850 0.12820099 -0.06022050
v -0.00157263 0.13992144 0.08670800
v 0.12058263 0.08309987 0.05221963
v -0.07565125 -0.23785837 0.00332962
v -0.12326850 -0.00627825 -0.04238275
v -0.02498300 -0.23397550 -0.05396950
v 0.11476600 0.04898350 0.04911150
v -0.11906881 -0.01618400 -0.05355144
v 0.12612550 -0.18445450 0.00829975
v 0.09411687 -0.12776987 0.07810719
v 0.09989550 -0.24182050 -0.01671000
v -0.05893400 -0.24017200 -0.07395500
v 0.09328200 0.13044500 0.04100950
v -0.13291638 0.09922762 -0.03158175
v -0.11461150 -0.11948700 -0.06523700
v -0.00561453 -0.23344617 -0.04255570
v 0.12687750 -0.22185113 -0.01023950
v 0.08147381 -0.24098550 -0.02428387
v 0.12847200 -0.03223700 0.02793731
v 0.12067012 0.01453269 0.03295087
v -0.12170700 0.03049525 -0.04512163
v -0.11639813 -0.06692538 -0.05592075
v -0.04270269 0.12875956 -0.10428869
v 0.12361625 -0.14655375 0.00756950
v -0.08024250 0.14509000 -0.02128900
v -0.00006913 -0.23711038 0.02996475
v -0.06121425 -0.24097362 -0.08291712
v -0.05417600 -0.23864900 -0.06800075
v 0.01545806 0.13368319 0.09587875
v 0.12533049 0.09727500 0.03861900
v -0.12029950 0.01375150 -0.04974700
v -0.06410925 0.13643800 0.07224175
v -0.08686463 -0.23841800 -0.08496025
v -0.07262900 0.13273500 0.07261400
v 0.04329800 0.15197057 0.02281303
v 0.12580556 0.08189569 0.03823356
v 0.04954950 -0.13741399 -0.11681700
v -0.05574375 -0.23578063 0.01808888
v -0.13078800 0.08236100 -0.04099500
v 0.06975800 0.14498550 0.01845300
v 0.12397650 -0.09893725 0.00409837
v 0.02903219 0.12542506 0.10235875
v -0.01730050 0.13964500 0.08666600
v 0.02877925 -0.13845500 0.11728900
v 0.09719200 -0.24101987 -0.03988137
v 0.09433488 -0.14283650 0.07753763
v -0.12311213 -0.23580125 0.00191275
v -0.10646162 -0.15455288 -0.07884338
v 0.12363700 0.01981600 0.01889675
v 0.09200625 -0.16011125 0.07982450
v -0.06716375 -0.24059124 -0.08962450
v -0.11515975 0.01942400 -0.06098775
v 0.12404175 0.03191156 0.01574625
v -0.08972919 0.14102282 -0.03073956
v -0.13797601 -0.20523150 -0.00033725
v -0.10671600 -0.06828213 -0.07751863
v -0.12740099 0.08538400 -0.05122050
v 0.13140269 -0.03220487 0.00676619
v -0.05280200 0.13617601 0.08054700
v 0.08474150 -0.08393325 0.08900550
v 0.03007250 -0.23751700 0.05737600
v 0.09358712 -0.17337075 0.07971650
v 0.06438325 0.08682425 0.11330875
v 0.13135649 -0.04441050 0.00660750
v -0.10888850 -0.07867550 -0.07586400
v 0.12406150 -0.16907801 -0.01785300
v -0.12469700 0.08115000 0.05265100
v -0.03619042 -0.24033289 -0.08650508
v 0.12784150 0.09775750 0.02964750
v 0.00553219 0.14750625 -0.07239131
v 0.06978328 -0.24069770 -0.05065472
v 0.12960100 0.07807600 0.02207400
v -0.00792663 0.14727762 -0.07387587
v -0.07673400 0.08927200 -0.11567300
v -0.03484650 -0.23889600 -0.07999550
v 0.12335613 -0.10162562 -0.01228975
v -0.11637200 -0.23883975 0.01001400
v 0.08614800 -0.13097912 0.08644263
v -0.06765369 0.14706931 -0.03378994
v 0.07010362 -0.09827738 -0.10368425
v -0.11982725 0.09803350 0.06040762
v -0.10788500 -0.01230500 -0.07631050
v 0.10146462 0.12987725 0.01900425
v 0.12555850 0.03612662 0.00809025
v 0.12468300 0.00250400 0.00448700
v 0.07961978 -0.24160065 -0.05956677
v -0.11940500 0.08230200 -0.06825050
v 0.07861550 -0.02335900 0.10325100
v -0.12344600 0.09837600 -0.06024400
v -0.13205101 -0.02845000 0.03357400
v -0.01377937 -0.24053800 -0.09295300
v 0.05361228 -0.24218497 0.07381834
v -0.03903650 -0.24119413 -0.09999469
v -0.10830000 0.01763300 -0.07373100
v 0.12323862 -0.18644312 -0.03200425
v -0.09036550 -0.24076875 0.01606600
v -0.13301525 -0.18365300 0.01098800
v 0.02386350 0.14775525 -0.06681550
v 0.03466200 -0.19480699 -0.13152175
v 0.07669613 0.14372750 0.00621750
v -0.10412500 -0.24083500 0.03416900
v 0.09565200 -0.20109600 0.08579100
v 0.12520587 -0.06318612 -0.01376450
v -0.05620400 0.12955000 0.08871750
v -0.13732600 -0.20061100 0.01148500
v -0.07186075 0.14335200 -0.05331075
v -0.08191375 -0.24015075 0.02935656
v 0.13137400 0.08788250 0.00729237
v -0.12011100 0.08131200 0.06151600
v 0.07827912 -0.14086725 0.09311200
v -0.08730500 0.13671912 -0.05360037
v -0.05100756 -0.24019943 -0.10297906
v 0.12473675 0.03592750 -0.00714350
v -0.03982369 -0.24054040 0.07381244
v 0.05638356 -0.24072181 -0.06880432
v 0.03601300 -0.24054207 -0.08233825
v 0.12183013 -0.07422937 -0.02443950
v 0.04710350 0.14623700 -0.05687250
v 0.05327425 0.09703100 0.11904450
v -0.13592450 -0.21400450 0.01775200
v 0.09299613 0.13716662 -0.00657387
v -0.09188800 -0.08436000 -0.09808700
v 0.09596500 -0.23802949 -0.06226850
v 0.04130950 -0.24058025 0.06703400
v 0.02511200 -0.20745300 -0.13477699
v -0.12526150 -0.02821175 0.05107275
v 0.05907100 -0.13427725 -0.11143350
v -0.07657450 -0.15146850 -0.11009950
v 0.08046400 -0.09473462 -0.09516125
v 0.01121563 0.24911888 -0.01575262
v 0.12401100 0.00773900 -0.01077750
v 0.00778225 -0.20265500 -0.13761337
v 0.01164288 -0.16189812 -0.12969574
v 0.00061600 0.24908625 -0.01589575
v -0.07504263 0.14142463 -0.05712750
v -0.10325100 -0.02309050 -0.08871000
v 0.06579162 -0.24007700 0.08296506
v 0.13169500 0.09478400 -0.00614200
v -0.11652800 0.09949075 -0.07296325
v -0.10159662 0.02525725 -0.08328975
v 0.04314425 0.08631957 0.12288800
v -0.01295400 -0.24130525 -0.10487688
v -0.09304000 -0.04008500 0.09308050
v -0.06153475 0.14372049 -0.06259350
v 0.03477100 -0.24140126 -0.09483175
v 0.06420562 -0.13796337 0.10278612
v 0.02860500 -0.24168800 0.08182000
v 0.12303775 0.03188675 -0.02309450
v -0.10678931 0.08668619 0.08050194
v -0.01689700 -0.23649649 0.05755450
v -0.07414000 0.13556924 -0.07304712
v -0.08852078 -0.24145199 0.04363678
v 0.05915225 0.14777575 -0.03020388
v 0.00213950 0.20958450 -0.02861950
v 0.01992128 -0.24069488 0.07828947
v -0.09357157 0.02765444 -0.09299931
v -0.09241400 -0.02414300 -0.10348900
v -0.02285362 -0.11739231 -0.13006738
v -0.06741725 -0.23876300 0.04222900
v -0.11929225 -0.02736075 0.06199775
v -0.07645350 -0.12731875 -0.11064875
v -0.07653050 -0.09462550 -0.11106500
v -0.09758550 0.08336800 0.09062000
v 0.06242537 -0.23642637 0.09433425
v -0.06474300 0.14094600 -0.06980000
v 0.02248075 0.05086653 0.11990566
v -0.09057325 -0.04729450 -0.10616200
v 0.02765262 -0.24115412 -0.10394700
v -0.04749575 0.13648900 -0.09188950
v 0.02240150 0.09457100 0.12819000
v 0.08225175 0.14097038 -0.02671712
v 0.11124450 -0.20328350 -0.07174050
v -0.09005862 -0.03494937 -0.10581300
v -0.04735650 -0.23955400 0.06461519
v 0.06721725 -0.23915724 -0.09105875
v 0.01402500 0.08369925 0.12904274
v -0.11119813 -0.02637000 0.07362088
v -0.05564150 -0.00144200 0.11228100
v 0.10936825 -0.09740537 -0.05833312
v 0.03941019 -0.02566081 0.12210419
v -0.09364694 -0.00231766 0.08464834
v -0.11096525 -0.10403837 0.06330525
v 0.02831425 -0.01142325 0.12094050
v -0.07709400 -0.03707100 -0.11723000
v -0.04249150 -0.16912550 -0.12701100
v -0.05655400 0.13768700 -0.08425800
v 0.09079700 0.13600449 -0.03301200
v -0.00477200 0.09286400 0.13011250
v -0.05297238 -0.13191363 -0.12304688
v 0.10400712 -0.09777494 -0.06746837
v 0.12027625 -0.03474975 -0.05211875
v -0.08417400 0.07917450 0.10183650
v -0.00072000 0.07824525 0.12936950
v -0.01896987 -0.23960513 0.07562050
v -0.10355500 -0.23878512 0.05004525
v -0.03754800 -0.19830000 -0.13448225
v -0.04661025 0.14140300 -0.08198850
v -0.04135000 0.00990875 0.11622612
v -0.07309728 0.02790231 -0.11132038
v -0.02058350 0.09784713 0.12840137
v 0.11114094 0.04121075 -0.05557463
v -0.10082550 -0.02617962 0.08551725
v -0.06535800 0.09349600 0.11424900
v 0.08143050 -0.15869901 -0.09556550
v 0.08832613 -0.09584787 -0.08752563
v -0.01944700 0.09024550 0.12893049
v -0.02820500 0.09202000 0.12752400
v -0.04538338 0.04525163 0.11325163
v 0.09496406 -0.09451500 -0.07988144
v 0.09701525 -0.07648250 -0.07720225
v -0.08689562 0.09505887 -0.10732338
v -0.04935900 0.09489200 0.12140900
v -0.05507300 0.08477150 0.11912000
v 0.03874712 -0.13599563 0.11447512
f 8 15 873
f 873 9 8
f 13 1815 155
f 355 650 7
f 41 112 23
f 84 3 262
f 20 1010 411
f 14 12 636
f 1033 253 22
f 253 21 1029
f 413 6 565
f 18 142 23
f 44 80 46
f 262 3 17
f 55 1035 58
f 856 689 949
f 940 73 75
f 78 77 1993
f 689 856 34
f 80 77 78
f 40 41 134
f 95 103 147
f 11 3 79
f 95 158 103
f 111 108 2266
f 133 132 1471
f 122 1340 1094
f 138 149 141
f 48 258 68
f 1455 144 136
f 232 57 48
f 1343 153 1068
f 149 686 141
f 101 1064 856
f 1067 153 1343
f 1147 840 99
f 175 176 1180
f 178 186 177
f 187 167 188
f 156 198 1206
f 1361 1326 1528
f 205 1299 207
f 1593 63 1525
f 210 1886 2005
f 211 1211 1303
f 1726 188 167
f 1465 85 71
f 203 217 218
f 1214 191 205
f 1579 1592 1325
f 1200 2019 1222
f 1062 1066 1049
f 438 1025 1387
f 1112 438 1387
f 1558 239 252
f 1187 411 886
f 256 1265 1429
f 1760 1686 1160
f 1470 1387 1025
f 1413 343 259
f 279 1235 278
f 334 283 282
f 71 1036 1465
f 1420 1037 1588
f 302 318 273
f 1687 1403 1227
f 60 89 1040
f 331 332 333
f 318 333 332
f 337 1334 934
f 341 1076 339
f 356 1727 357
f 4 6 5
f 1154 368 1688
f 367 369 370
f 372 370 369
f 371 370 372
f 379 1298 1304
f 382 380 1705
f 2170 1907 1096
f 271 1860 105
f 408 410 381
f 372 369 2018
f 420 429 430
f 1324 2091 2092
f 451 430 429
f 423 431 2082
f 453 1339 1512
f 1512 446 453
f 195 161 1467
f 471 1918 1139
f 456 480 479
f 486 626 2120
f 1055 1983 113
f 1621 1399 1373
f 358 500 1914
f 505 504 789
f 550 507 868
f 299 311 63
f 842 536 537
f 671 589 601
f 1097 1618 1622
f 1024 70 271
f 1961 575 574
f 1097 1093 1099
f 587 499 514
f 2020 2051 1623
f 2051 2021 1623
f 703 596 533
f 1430 1036 1035
f 4 2021 1977
f 1664 602 603
f 610 1927 391
f 1397 608 1382
f 1432 113 2047
f 617 618 641
f 619 641 618
f 340 22 1029
f 622 681 1487
f 516 1991 1106
f 629 635 637
f 35 516 1106
f 652 610 651
f 659 1366 658
f 1737 639 685
f 669 668 810
f 2385 592 1750
f 690 688 1754
f 120 1585 2010
f 1614 702 699
f 706 1569 1576
f 1768 711 712
f 405 394 125
f 1033 1453 2096
f 718 2033 874
f 725 726 723
f 692 728 691
f 683 730 2323
f 1041 2035 821
f 2045 70 97
f 838 739 738
f 107 444 1461
f 1441 755 750
f 1021 2003 2081
f 2129 133 2010
f 798 1472 768
f 782 783 634
f 1992 1627 2056
f 827 1463 726
f 800 1146 1438
f 1926 2031 1028
f 2007 1028 2031
f 690 557 688
f 694 509 732
f 821 836 835
f 1585 2129 2010
f 1047 1106 2067
f 583 820 845
f 512 490 107
f 1396 1449 621
f 853 852 446
f 1666 864 862
f 522 870 521
f 878 877 879
f 383 2064 174
f 528 883 867
f 125 1979 405
f 125 83 1979
f 83 2229 86
f 658 1366 1495
f 899 901 900
f 897 898 906
f 81 1125 82
f 174 1825 1018
f 1966 1553 2158
f 947 316 2014
f 947 2486 316
f 1847 2103 2088
f 303 273 274
f 272 274 273
f 1923 591 1931
f 2064 1825 174
f 252 254 953
f 1467 161 160
f 733 970 967
f 1833 968 957
f 268 267 566
f 1106 36 35
f 814 986 252
f 1585 120 206
f 996 265 901
f 200 1972 995
f 106 98 81
f 720 997 1820
f 597 589 671
f 686 687 982
f 1006 1822 1005
f 179 1013 165
f 647 1632 56
f 152 2198 1021
f 152 1021 2081
f 444 467 1017
f 554 553 530
f 2250 1585 192
f 1030 133 1031
f 1033 271 270
f 527 1023 485
f 1037 1031 222
f 157 222 1444
f 2198 152 2085
f 2067 1990 2094
f 974 1986 1340
f 1840 1863 31
f 1060 1652 493
f 1064 100 68
f 192 206 1675
f 974 1874 1986
f 179 1709 748
f 480 456 457
f 661 466 540
f 907 15 1124
f 387 508 1083
f 427 508 387
f 92 1094 1127
f 1313 425 1338
f 526 26 27
f 1089 547 1088
f 1362 1099 1093
f 208 1822 1006
f 36 1108 39
f 1110 452 1141
f 90 33 91
f 1005 1822 1587
f 837 1116 69
f 456 1122 1136
f 87 62 59
f 265 630 861
f 1129 1934 1781
f 1478 189 2389
f 958 72 1165
f 1344 1067 1343
f 140 143 139
f 143 122 139
f 140 1649 143
f 2178 1078 1019
f 1114 1154 1188
f 360 361 363
f 368 369 367
f 139 122 1305
f 2170 390 1907
f 128 127 671
f 1856 1078 2433
f 1723 808 197
f 1273 1148 398
f 334 971 421
f 334 421 423
f 412 336 1192
f 993 2419 2370
f 212 187 188
f 1185 1183 1845
f 1218 1188 1154
f 971 334 281
f 2179 93 2262
f 940 1329 1123
f 211 1189 203
f 1140 940 75
f 1174 1206 1251
f 1231 2084 1282
f 2423 999 2061
f 207 1214 205
f 2459 2181 2313
f 1223 1211 211
f 126 1322 1323
f 1228 1230 1229
f 306 307 1232
f 306 1232 1234
f 283 334 285
f 1841 1564 998
f 1798 974 123
f 1242 207 1747
f 94 974 1798
f 1684 1247 1248
f 198 1244 1252
f 1260 1227 1261
f 2179 118 1989
f 1559 999 2423
f 901 264 996
f 1272 1746 1270
f 1469 996 264
f 259 343 342
f 230 1281 1679
f 1287 212 1170
f 1001 956 323
f 1839 1974 204
f 2364 1578 2273
f 1195 386 1268
f 1555 2370 2419
f 1186 1293 1291
f 1150 1190 1301
f 1080 230 1197
f 1111 374 459
f 1007 917 981
f 219 379 1304
f 1149 1842 1161
f 1305 1306 214
f 214 1307 1305
f 1369 475 891
f 945 939 916
f 137 1178 392
f 1162 1090 1103
f 2093 1838 243
f 1090 1162 2055
f 1322 176 1323
f 175 1101 1323
f 1311 1773 1069
f 505 506 412
f 1041 984 752
f 129 88 90
f 759 1041 752
f 1072 1173 1973
f 1173 2079 1661
f 1071 1837 2079
f 123 974 1340
f 2364 2234 915
f 1134 1057 954
f 958 76 72
f 727 72 76
f 1348 546 358
f 934 248 1142
f 952 904 1559
f 80 39 1108
f 1102 604 1801
f 1362 1991 516
f 1820 997 1549
f 2364 2501 1578
f 254 338 953
f 67 526 1087
f 2177 108 2058
f 1850 2058 108
f 600 1377 599
f 140 1850 146
f 599 1375 1402
f 2491 192 1675
f 1612 629 615
f 947 2014 986
f 628 2116 1409
f 45 335 682
f 252 953 1558
f 63 923 299
f 665 1662 1641
f 652 651 1398
f 629 1409 1928
f 942 1061 404
f 851 642 676
f 1069 1101 194
f 326 1994 329
f 674 675 1996
f 1630 657 1417
f 1417 1416 1630
f 610 652 1419
f 678 721 887
f 851 676 850
f 96 166 163
f 1969 704 807
f 1414 800 1159
f 1404 1159 1158
f 1039 1038 2125
f 845 820 757
f 750 2326 1630
f 2487 1944 2459
f 839 1938 693
f 1869 1811 401
f 1999 1040 29
f 714 1910 717
f 1177 1176 1660
f 767 797 1619
f 797 1613 1619
f 844 749 716
f 13 1444 428
f 52 133 131
f 813 793 1574
f 772 774 692
f 630 428 1444
f 726 328 818
f 818 799 726
f 464 743 742
f 1451 130 1450
f 1539 1604 926
f 1132 196 1133
f 1455 141 1015
f 1015 141 1709
f 467 444 107
f 609 797 767
f 1463 1446 328
f 415 2500 1998
f 726 1463 328
f 1286 1988 2503
f 1455 512 494
f 1022 1011 945
f 174 173 295
f 1988 1237 2503
f 1150 1149 1659
f 926 1604 2489
f 686 982 1000
f 2492 168 1746
f 983 982 687
f 1457 812 811
f 1000 720 686
f 2485 2391 2163
f 225 1000 982
f 716 715 568
f 983 687 981
f 2136 2464 1939
f 1478 1972 1481
f 190 1155 191
f 1972 200 1481
f 606 1573 815
f 310 981 687
f 341 952 1076
f 191 1155 205
f 1833 991 1819
f 1299 205 1155
f 716 568 1502
f 1156 1157 275
f 1476 550 557
f 1359 634 573
f 1494 1493 1070
f 1495 1366 874
f 959 352 2016
f 1762 854 525
f 1843 1845 1183
f 1486 521 863
f 1486 863 1487
f 2048 1488 590
f 568 474 473
f 568 473 1502
f 537 860 1488
f 1488 842 537
f 966 929 1840
f 523 1482 1507
f 947 1966 2486
f 932 1510 931
f 2440 1317 2404
f 521 870 1795
f 521 1795 1515
f 348 1182 1065
f 1517 1007 310
f 1518 1302 896
f 2480 2499 2500
f 446 852 448
f 318 924 333
f 924 318 399
f 399 318 360
f 883 544 867
f 1333 1887 213
f 1311 1190 1150
f 458 401 855
f 1808 1523 1364
f 1535 1524 931
f 443 901 899
f 2490 1333 2497
f 881 501 885
f 373 384 481
f 1814 2016 352
f 1207 1208 890
f 1536 1966 2158
f 447 1966 1536
f 1345 1285 238
f 1810 458 1519
f 402 525 854
f 1209 1199 183
f 915 2184 2501
f 896 1447 1518
f 501 917 1517
f 2478 2483 2466
f 925 1202 1539
f 879 1427 1511
f 496 593 889
f 1414 1425 800
f 544 1678 543
f 567 1543 474
f 860 590 1488
f 198 1667 1220
f 316 2486 895
f 2445 2437 2140
f 1826 1823 1541
f 1541 1998 1826
f 968 944 321
f 274 272 244
f 1559 1558 953
f 1046 1493 1494
f 310 293 2479
f 1556 1567 978
f 772 762 707
f 1474 772 707
f 1481 1836 1478
f 779 777 802
f 204 1974 217
f 1012 1604 1575
f 997 720 229
f 723 726 799
f 83 125 1567
f 119 206 120
f 1455 136 512
f 2084 249 1276
f 490 512 136
f 939 1202 910
f 2482 1859 2453
f 753 804 734
f 735 792 733
f 43 1011 1022
f 1022 1009 1032
f 13 428 1995
f 2461 1039 2156
f 1600 692 905
f 1597 970 813
f 1312 501 1517
f 724 1602 1034
f 1040 151 1437
f 501 1312 885
f 1818 327 1533
f 1214 308 191
f 1390 908 909
f 856 1421 101
f 765 730 683
f 1605 1433 717
f 47 63 311
f 41 38 112
f 1257 1217 2456
f 672 721 722
f 1540 389 1804
f 1223 2456 1217
f 347 353 228
f 10 9 873
f 698 1614 699
f 1616 1742 1740
f 895 896 316
f 316 896 254
f 1743 2487 2434
f 1130 1733 2185
f 1676 1887 1333
f 1174 1251 1204
f 1987 1629 1627
f 647 1129 1632
f 1356 1792 1449
f 502 917 501
f 1934 1129 1779
f 1418 1419 652
f 368 1154 1114
f 249 317 1861
f 844 665 1641
f 1365 1646 756
f 1343 1068 1108
f 950 1645 2312
f 1615 1645 950
f 2185 1733 1810
f 1733 1121 1810
f 1419 1925 610
f 1128 122 143
f 2408 2388 536
f 1364 523 1507
f 1133 126 150
f 127 128 167
f 524 1523 1807
f 1933 643 659
f 1094 92 1084
f 121 159 164
f 1238 257 1682
f 2363 449 537
f 1659 1149 1177
f 1185 1176 1161
f 1263 1378 1669
f 1185 1161 1184
f 212 1726 301
f 215 1310 1307
f 649 1668 578
f 218 217 1389
f 2408 536 875
f 257 1280 1180
f 2122 345 502
f 1390 1393 908
f 1674 1751 1395
f 1228 1242 1747
f 1248 1247 1263
f 2462 2050 1959
f 989 1677 988
f 1251 1249 1204
f 330 2462 1959
f 1679 1546 230
f 1403 1687 2019
f 1241 294 1239
f 1832 1261 1227
f 1534 1832 1681
f 1551 300 1683
f 1257 1234 1232
f 538 2050 2462
f 562 563 508
f 1210 1172 288
f 312 791 1680
f 1895 1267 371
f 1245 1154 1688
f 1976 558 559
f 1821 1277 1581
f 1224 1690 1152
f 1348 1691 546
f 2377 2429 2117
f 2000 1792 1356
f 362 322 324
f 1687 2395 2019
f 506 789 548
f 1313 1711 1706
f 507 550 491
f 1300 1135 1134
f 887 655 631
f 420 419 429
f 1105 1091 2223
f 425 483 1338
f 1252 1244 1245
f 1104 1163 1103
f 417 2477 2461
f 379 300 1551
f 1681 1435 1199
f 317 1277 1577
f 1540 1537 2438
f 561 1730 965
f 573 1443 1369
f 1359 573 1369
f 263 553 1384
f 1551 224 379
f 2086 2012 277
f 591 1663 950
f 1753 948 594
f 594 948 955
f 951 584 1376
f 1218 1154 1245
f 461 1500 609
f 1984 1452 841
f 538 2462 1509
f 1454 1389 217
f 1698 2144 2445
f 2119 2428 337
f 600 1401 662
f 639 1386 614
f 1243 1246 291
f 291 292 1256
f 1249 1251 370
f 1227 1403 1832
f 371 1901 1895
f 1272 1270 1269
f 1416 750 1630
f 1739 1628 1636
f 606 1482 523
f 664 864 1666
f 592 593 571
f 850 676 849
f 386 1195 1196
f 2049 2458 2432
f 736 1426 831
f 1426 698 831
f 698 2030 831
f 1429 1221 1193
f 864 763 764
f 984 821 835
f 1213 1258 2409
f 241 1216 1225
f 970 733 793
f 821 984 1041
f 2492 1746 2467
f 1747 1973 1228
f 621 1508 1396
f 1574 1597 813
f 1573 793 792
f 753 1754 804
f 754 1754 753
f 282 281 334
f 1782 1758 1144
f 780 701 700
f 472 2117 2429
f 1580 1796 1571
f 137 1212 1178
f 703 700 701
f 1203 1267 1895
f 1889 462 609
f 590 834 622
f 820 513 2098
f 654 595 532
f 1084 1328 1094
f 626 486 1508
f 1396 1508 486
f 124 162 1166
f 537 833 860
f 443 634 1359
f 524 1496 523
f 1512 533 1888
f 853 742 1447
f 1095 122 1328
f 255 1531 1264
f 1328 122 1094
f 1706 2416 1313
f 1497 468 1271
f 156 106 115
f 1262 1273 1274
f 1406 2001 2444
f 1274 1260 1534
f 2118 910 803
f 595 700 703
f 1901 371 2011
f 785 745 744
f 368 367 1688
f 121 1789 1788
f 1648 1789 121
f 2120 626 2418
f 1515 1795 1516
f 681 1483 680
f 976 95 1798
f 1113 1802 91
f 2457 373 481
f 634 899 1351
f 389 930 1803
f 1507 1482 557
f 1106 1344 36
f 338 254 896
f 59 647 56
f 1947 2182 2447
f 2447 2182 1953
f 1551 1552 1704
f 1530 321 914
f 838 1894 1439
f 1390 1766 1393
f 19 1399 1010
f 302 304 361
f 318 361 360
f 409 1194 1702
f 1685 1698 1554
f 1224 1288 1277
f 889 593 1775
f 931 938 933
f 497 1741 811
f 53 37 23
f 23 37 18
f 900 265 902
f 901 1506 264
f 624 417 809
f 348 1065 1520
f 302 273 303
f 681 680 785
f 48 856 258
f 1326 1361 937
f 1065 1063 225
f 1580 1571 754
f 1510 978 1557
f 2403 2438 1537
f 1559 953 952
f 1563 1562 1572
f 1513 654 531
f 531 654 532
f 1052 157 155
f 74 157 1052
f 1693 315 1577
f 181 1465 1436
f 533 596 1888
f 1880 1488 2048
f 817 977 1836
f 357 1296 374
f 239 814 252
f 1478 245 1838
f 225 1063 1000
f 229 720 1000
f 1567 125 978
f 720 1709 141
f 1488 827 842
f 762 788 751
f 1587 107 1005
f 165 1852 1709
f 206 192 1585
f 1709 720 748
f 58 60 61
f 780 730 765
f 86 1857 83
f 2399 2371 2357
f 49 1031 52
f 1462 1583 2076
f 1575 1604 1539
f 817 1481 200
f 229 1000 1063
f 582 2043 2413
f 244 243 245
f 621 1518 1447
f 2154 1309 2337
f 46 1181 44
f 1633 1621 1102
f 233 977 1866
f 304 274 244
f 54 565 760
f 1829 304 244
f 1835 1829 1862
f 1491 2384 535
f 2384 2430 535
f 1867 1116 1093
f 2083 1172 1169
f 604 597 127
f 1918 403 2083
f 127 597 671
f 66 1647 67
f 1990 2067 837
f 1157 902 267
f 1874 1118 1986
f 123 1650 976
f 1789 1873 1341
f 811 624 1457
f 408 1549 1550
f 1128 1650 123
f 381 921 1549
f 2383 2432 2381
f 1504 1503 921
f 1118 1874 1875
f 363 936 935
f 1130 363 935
f 702 1628 1626
f 185 184 1222
f 1628 702 1636
f 1155 1131 1299
f 1879 416 376
f 339 338 896
f 341 339 1302
f 1185 1184 1183
f 1304 2333 362
f 1659 1177 1660
f 1186 1237 1290
f 2418 626 1146
f 1303 1842 1149
f 147 103 1168
f 406 2049 407
f 1222 184 1200
f 1644 1168 1875
f 1204 1318 1297
f 214 215 1307
f 1883 892 475
f 475 892 891
f 1374 890 443
f 1223 203 218
f 642 620 676
f 2069 1025 438
f 1170 308 1651
f 870 877 878
f 1508 621 742
f 2429 2377 2379
f 608 1397 391
f 1256 1266 1440
f 725 827 726
f 481 1889 1947
f 803 802 2118
f 2368 2123 392
f 2123 2368 2300
f 1508 742 743
f 1153 1152 2282
f 801 1755 1766
f 1893 1234 1257
f 1962 2377 1896
f 370 1251 367
f 1484 522 1485
f 759 2406 2405
f 1885 1759 755
f 832 1563 1527
f 1269 388 1295
f 297 1624 219
f 322 1697 1902
f 2336 2300 2368
f 1397 1658 1398
f 765 703 701
f 1581 1288 1152
f 2043 2335 2413
f 313 206 1863
f 2395 1300 1134
f 768 769 798
f 1572 737 2030
f 397 396 1136
f 1315 1601 1167
f 737 714 736
f 1591 1756 580
f 1700 2350 2224
f 1782 800 2338
f 1104 1103 1091
f 1711 1313 1338
f 477 456 478
f 1034 1607 1321
f 779 803 1761
f 504 505 503
f 1918 1054 1073
f 459 1141 452
f 1574 606 1496
f 1529 1625 1742
f 1919 2296 1637
f 1573 606 1574
f 1480 1565 1566
f 1479 1566 1477
f 1439 1477 838
f 549 548 955
f 1591 1892 673
f 784 776 309
f 519 941 1380
f 1663 591 546
f 598 577 576
f 134 41 299
f 1374 443 1359
f 1758 1146 1144
f 628 1409 629
f 1400 1392 2143
f 1105 1104 1091
f 668 955 948
f 1768 2043 1756
f 657 1379 1381
f 1724 639 614
f 1372 1929 1724
f 1397 651 610
f 617 641 640
f 928 663 664
f 1500 1497 2355
f 2355 2346 1500
f 1125 1847 82
f 1787 603 1786
f 2103 1847 1125
f 836 1919 1639
f 2182 2426 1953
f 851 850 1598
f 698 699 1597
f 967 970 699
f 876 750 1416
f 750 876 1441
f 1428 1441 876
f 800 1782 1144
f 679 722 745
f 1322 1254 178
f 1745 2182 1472
f 740 838 1566
f 965 554 561
f 1562 737 1572
f 684 1590 1589
f 627 743 564
f 1083 483 425
f 2375 2374 2339
f 1906 1718 1044
f 770 802 777
f 1572 1527 1563
f 1563 1595 1562
f 993 247 2495
f 713 1749 426
f 770 1755 801
f 1485 1945 660
f 2044 2032 796
f 1142 248 987
f 517 1695 1004
f 1555 1725 1869
f 1938 806 749
f 725 723 1434
f 1694 832 1527
f 656 859 1499
f 827 1488 826
f 1060 1870 1059
f 461 609 462
f 1889 481 462
f 469 1718 1868
f 1485 521 1486
f 530 1712 1338
f 859 518 1505
f 2018 2057 2235
f 1950 625 1376
f 497 811 812
f 1800 484 528
f 2018 369 569
f 1090 545 1917
f 1590 830 1589
f 1947 2457 481
f 1757 747 1595
f 1595 737 1562
f 1591 1768 1756
f 2219 2220 2324
f 381 410 462
f 1271 468 461
f 2118 909 910
f 2347 761 2379
f 1523 1954 1807
f 1954 1523 1808
f 1738 1912 452
f 1736 439 1702
f 1074 1738 1107
f 1110 1141 357
f 1296 357 1141
f 374 1141 459
f 453 447 1536
f 1337 453 1536
f 1296 1141 374
f 1951 1917 1371
f 921 381 384
f 1542 1271 2122
f 927 1201 925
f 747 1910 1595
f 1114 1188 1115
f 1803 313 929
f 712 2043 1768
f 1227 1300 1687
f 370 371 1267
f 916 939 910
f 2317 2358 2302
f 290 393 2008
f 2342 2311 1761
f 779 1761 2311
f 2220 2207 2282
f 1239 294 296
f 1239 296 322
f 322 320 1239
f 932 1524 289
f 1556 932 289
f 954 794 1081
f 792 793 733
f 1260 1274 1227
f 310 1007 981
f 1460 744 719
f 1460 719 1909
f 1389 1680 1223
f 997 229 1550
f 782 2027 1598
f 212 188 1726
f 208 1498 1493
f 828 770 2042
f 2078 1755 829
f 1777 2244 1731
f 1342 555 2287
f 1768 1591 711
f 171 248 169
f 2287 555 2215
f 197 1972 1570
f 2389 1570 1972
f 226 237 238
f 2323 1568 2286
f 683 148 765
f 778 779 2311
f 199 1978 1667
f 1857 1979 83
f 1468 428 418
f 1035 55 1448
f 1598 848 1584
f 1137 1138 260
f 1138 1137 1140
f 2121 1051 1050
f 1305 1098 1306
f 1197 1306 1079
f 1771 2298 2295
f 60 58 1035
f 49 51 1031
f 1350 455 2221
f 744 721 719
f 1528 113 1432
f 559 492 1976
f 940 1137 1329
f 2030 698 830
f 1079 1084 92
f 92 1019 1079
f 1079 1019 1080
f 40 227 38
f 276 42 1289
f 1118 1875 843
f 48 34 856
f 1583 2393 1884
f 110 311 142
f 1632 1129 65
f 41 23 142
f 11 228 3
f 1787 1664 1665
f 84 262 907
f 1990 837 69
f 1890 2108 298
f 1124 1008 907
f 78 1993 46
f 504 1753 594
f 1987 1627 1992
f 564 708 1158
f 1158 1438 564
f 604 1621 588
f 2101 603 1692
f 1801 604 912
f 1909 719 1609
f 1371 1917 545
f 588 597 604
f 589 597 588
f 1778 893 894
f 36 1344 1108
f 35 24 26
f 27 24 28
f 123 976 1798
f 94 1798 95
f 92 93 1019
f 1074 786 1729
f 262 1010 873
f 2126 326 1818
f 958 1165 1140
f 1137 940 1140
f 47 311 110
f 1095 1098 122
f 805 1062 994
f 115 1876 199
f 85 227 201
f 68 100 109
f 1032 1048 43
f 1032 99 1048
f 1137 1175 1329
f 2111 1607 1603
f 2379 1502 2429
f 298 2108 1785
f 2108 1890 1936
f 1149 1150 1301
f 1724 775 2036
f 1436 1594 166
f 163 383 295
f 86 1 1431
f 295 171 169
f 1890 775 1936
f 144 1455 1015
f 499 1405 514
f 1672 255 256
f 279 280 215
f 1404 708 709
f 206 31 1863
f 2329 2078 1409
f 281 282 280
f 149 687 686
f 256 255 1264
f 1756 2043 582
f 1832 1534 1261
f 1272 1269 1215
f 2330 2325 2272
f 1820 748 720
f 562 482 1911
f 797 1645 1613
f 1262 1534 1681
f 1534 1262 1274
f 1728 307 306
f 1898 1234 1893
f 306 1234 1898
f 1898 1893 1899
f 1218 1245 1244
f 1616 1739 697
f 697 1739 696
f 1727 1728 1898
f 298 1785 2307
f 2085 152 1826
f 344 277 2012
f 775 1724 1936
f 1002 310 687
f 1242 1162 2013
f 2042 884 828
f 1702 1194 1213
f 2409 1702 1213
f 1866 1835 1862
f 902 265 267
f 1152 1821 1581
f 396 397 1148
f 893 2026 894
f 273 1120 272
f 576 2066 2225
f 678 1610 1611
f 1127 93 92
f 1185 1772 1176
f 572 1729 1752
f 330 1812 331
f 427 387 403
f 1785 2108 2107
f 869 1752 1729
f 1914 1915 1330
f 1712 1711 1338
f 1606 399 360
f 384 373 921
f 1393 915 916
f 492 477 478
f 492 457 477
f 442 1350 476
f 502 345 917
f 520 1353 460
f 901 443 1208
f 498 500 504
f 693 704 1935
f 487 1360 1043
f 1043 1042 488
f 1807 878 879
f 1932 923 63
f 2303 2161 1657
f 534 535 440
f 440 871 534
f 315 1861 317
f 542 867 544
f 1336 1514 1513
f 546 591 358
f 531 1878 1513
f 358 591 1923
f 1935 704 1969
f 1507 868 1364
f 618 786 2194
f 1791 980 979
f 1320 1684 1248
f 1439 502 501
f 670 655 672
f 863 2444 551
f 2295 2283 2321
f 1042 471 488
f 615 629 637
f 581 2028 1892
f 955 668 669
f 1634 1933 1937
f 887 1933 678
f 1495 1937 1933
f 1645 1615 1613
f 454 455 1327
f 807 844 1641
f 1969 807 1548
f 634 783 633
f 905 692 691
f 1936 1929 1930
f 1159 1438 1158
f 1609 719 1611
f 1611 719 721
f 2306 2258 2296
f 862 864 148
f 1586 865 1605
f 1691 470 578
f 1785 1784 2307
f 2107 2108 2105
f 1910 747 717
f 740 741 810
f 2285 1414 2257
f 1462 2076 1767
f 1460 1586 1459
f 911 1750 2356
f 800 1144 1146
f 770 829 1755
f 1606 889 399
f 804 1573 792
f 1051 2197 1961
f 2192 1637 2296
f 2258 2192 2296
f 732 509 510
f 511 731 732
f 1984 1880 1406
f 970 1597 699
f 607 2080 674
f 717 697 714
f 2148 1940 2189
f 1605 866 1433
f 592 2385 1775
f 2111 1603 1628
f 1946 1775 695
f 841 1538 824
f 769 1619 648
f 592 571 706
f 2203 1657 2164
f 2164 2271 2203
f 855 1797 458
f 1946 2028 1509
f 710 663 662
f 622 1487 551
f 1404 1158 708
f 887 721 672
f 1785 1786 1784
f 1511 1427 1694
f 2299 685 639
f 1369 1374 1359
f 659 658 1933
f 643 1933 918
f 1807 879 1511
f 1512 1339 531
f 1878 1336 1513
f 1787 2107 2105
f 1900 2265 579
f 1336 1339 1337
f 1336 1878 1339
f 1655 612 1654
f 591 950 1642
f 895 1447 896
f 1784 1786 605
f 2105 1930 1664
f 908 1393 916
f 381 462 384
f 1879 417 416
f 717 747 1586
f 1207 901 1208
f 1653 2241 2193
f 408 381 1549
f 1871 1259 275
f 148 683 862
f 268 275 1157
f 2152 2153 2151
f 1506 901 1207
f 1370 1360 2039
f 1677 1020 2227
f 1023 1026 485
f 302 303 304
f 1182 1063 1065
f 1791 979 1790
f 1506 962 264
f 1506 1205 962
f 1504 1561 1503
f 1793 1774 611
f 1912 520 2023
f 1962 1896 1766
f 935 936 1828
f 2126 1818 961
f 921 1503 1820
f 1835 1828 1829
f 1827 935 1828
f 569 2057 2018
f 1388 2269 1730
f 1503 748 1820
f 543 542 544
f 476 463 442
f 1510 1556 978
f 1001 223 1833
f 2244 1392 1731
f 500 1923 504
f 630 996 1469
f 1381 1380 941
f 817 1836 1481
f 2015 1354 1707
f 314 964 1334
f 2422 985 1570
f 987 171 1492
f 2234 1009 945
f 1074 1912 1738
f 1103 1163 1162
f 1026 2265 2241
f 2131 598 2225
f 1851 340 993
f 1110 357 359
f 1352 602 1664
f 315 1367 1596
f 97 165 1013
f 630 418 428
f 285 334 1191
f 322 1902 320
f 315 317 1577
f 1683 1552 1551
f 287 1194 1552
f 287 1552 1683
f 1037 1030 1031
f 1931 1753 1923
f 246 30 1593
f 350 1578 2501
f 1932 1593 30
f 1195 288 1196
f 1385 1386 613
f 1048 1049 43
f 74 222 157
f 1212 1218 1489
f 2241 2232 2193
f 201 134 151
f 1220 1244 198
f 2259 2192 2151
f 2471 1858 266
f 1852 1024 1016
f 627 626 1508
f 5 771 12
f 351 228 353
f 1721 1357 1950
f 2015 577 1354
f 547 44 1088
f 1373 588 1621
f 1964 2249 1950
f 1357 1964 1950
f 589 588 1373
f 1794 565 54
f 2095 1175 260
f 1377 1375 599
f 600 2243 2212
f 50 760 565
f 628 1612 1360
f 1640 46 1993
f 78 46 80
f 27 1399 1087
f 1362 1093 1116
f 1116 1991 1362
f 1344 1343 1108
f 1772 1659 1176
f 1176 1659 1660
f 1185 1845 1772
f 1132 1318 196
f 2026 1222 1934
f 98 95 1997
f 605 1786 577
f 1128 143 1649
f 1128 1649 1650
f 147 974 94
f 185 1222 2026
f 1183 1751 1674
f 963 1119 1094
f 570 539 608
f 607 2256 990
f 1788 1151 1069
f 121 1788 1069
f 1379 2240 1353
f 156 158 106
f 955 2213 1695
f 1723 197 1570
f 1098 1305 122
f 906 2259 2151
f 616 2237 869
f 317 1970 1277
f 1692 603 602
f 602 1352 1692
f 1095 1079 1306
f 1310 139 1307
f 1084 1079 1095
f 1328 1084 1095
f 2212 954 600
f 176 178 177
f 1138 1140 1165
f 1168 1297 1318
f 1776 1206 1174
f 1375 499 1394
f 1316 1843 1143
f 2200 2151 2192
f 33 1113 91
f 1535 440 1524
f 1113 1544 411
f 547 1089 16
f 1671 1661 1837
f 1228 1973 1230
f 1671 1230 1661
f 40 134 201
f 1799 1653 2193
f 1799 2193 1717
f 227 85 1289
f 214 1233 1235
f 1717 2193 1547
f 1062 1048 994
f 543 465 1410
f 238 237 1266
f 104 74 1052
f 2084 1231 1970
f 504 594 789
f 101 1421 1864
f 2025 1906 1044
f 1262 1221 1429
f 1681 1832 1435
f 1924 1929 1372
f 1403 1435 1832
f 294 1624 296
f 277 343 1413
f 236 277 2470
f 1864 119 101
f 992 1358 794
f 1683 1971 287
f 1430 1594 1436
f 2209 2208 2219
f 1440 291 1256
f 603 1787 1665
f 230 1546 1255
f 86 1431 1857
f 1857 1431 1442
f 1692 1352 2205
f 394 1979 1442
f 1979 394 405
f 49 135 1445
f 514 480 586
f 1872 1357 1721
f 618 1368 620
f 1350 1872 1355
f 70 165 97
f 527 529 1023
f 355 1689 292
f 1148 1273 1264
f 1567 2229 83
f 359 357 1727
f 555 470 2215
f 1469 1468 630
f 1994 2273 1578
f 1219 1907 1699
f 1819 998 305
f 578 1363 2263
f 1705 1720 382
f 208 209 904
f 915 2234 945
f 382 1720 1145
f 957 956 1833
f 517 1949 1695
f 2091 382 2092
f 1828 822 1827
f 423 432 1191
f 519 520 572
f 1122 397 1136
f 304 1829 1828
f 1342 553 555
f 1331 1315 1314
f 2101 2092 1354
f 615 638 1388
f 960 1075 959
f 1074 1107 1077
f 1404 587 943
f 2150 1777 2195
f 356 1111 2060
f 1182 408 1550
f 1584 2038 783
f 429 419 1027
f 1541 1240 465
f 929 1956 1803
f 437 439 527
f 1881 352 1284
f 773 2385 1750
f 1059 1057 1060
f 1059 1058 1057
f 460 1353 1056
f 2023 520 459
f 1392 2244 2143
f 453 446 447
f 530 1338 563
f 624 809 1457
f 1338 483 563
f 541 1700 2199
f 1946 1509 1775
f 1374 1369 890
f 536 489 537
f 1717 485 1799
f 1439 501 881
f 2002 1443 2038
f 482 427 1911
f 567 474 568
f 853 446 596
f 1615 1663 1668
f 582 581 580
f 550 841 1452
f 1948 485 1547
f 1381 1379 1353
f 941 519 572
f 584 585 1355
f 1342 1712 530
f 1382 608 539
f 1324 1692 2205
f 557 690 1476
f 1482 606 815
f 1360 1370 628
f 2025 2270 2235
f 1475 826 824
f 2261 1600 575
f 973 1383 989
f 1271 348 346
f 1696 2238 463
f 1796 1538 1571
f 1538 690 1571
f 463 476 1696
f 1664 1930 1924
f 117 1876 115
f 1350 442 2022
f 1787 1786 1785
f 1414 943 2257
f 1664 1787 2105
f 2107 1787 1785
f 646 648 649
f 797 1500 2346
f 974 147 1874
f 919 631 632
f 1383 2288 1658
f 1855 1844 2163
f 2108 1930 2105
f 950 2312 1642
f 666 668 667
f 1930 2108 1936
f 1765 653 1769
f 148 764 765
f 2042 770 777
f 667 739 666
f 668 666 810
f 754 1602 1980
f 897 1639 1638
f 298 309 1890
f 744 745 721
f 745 722 721
f 8 9 16
f 1619 769 767
f 1707 1354 2092
f 1740 2111 1628
f 1424 743 1401
f 764 148 864
f 527 485 437
f 666 739 838
f 600 954 1057
f 1400 2289 2228
f 1348 1914 1916
f 1628 1603 1626
f 769 648 798
f 1916 2287 2215
f 2282 2221 455
f 838 740 666
f 866 1605 865
f 1909 1609 865
f 1324 2092 1692
f 1521 724 1034
f 1415 743 1424
f 135 131 566
f 839 2344 1938
f 735 1603 734
f 2296 1919 846
f 460 1056 2245
f 2284 1657 2241
f 849 677 848
f 770 828 829
f 2042 777 778
f 2205 380 1324
f 620 1368 1408
f 1368 1904 1408
f 830 1590 2030
f 1111 2245 1736
f 439 1736 527
f 2030 1590 1572
f 451 431 430
f 663 710 664
f 740 426 741
f 740 1480 426
f 1480 713 426
f 1780 1790 1882
f 1122 456 479
f 688 790 1754
f 803 779 802
f 487 7 434
f 347 1112 32
f 318 302 361
f 556 626 627
f 2205 2055 380
f 646 649 578
f 680 834 833
f 570 391 1927
f 2101 1786 603
f 580 1756 582
f 1721 1950 1376
f 533 532 595
f 2119 497 812
f 550 868 557
f 560 1382 539
f 530 563 561
f 508 482 562
f 508 563 483
f 461 468 1500
f 456 1136 478
f 1542 1497 1271
f 2082 478 1136
f 380 2091 1324
f 1051 1053 1050
f 452 1110 1738
f 887 631 919
f 1050 1053 2121
f 1348 358 1914
f 459 520 460
f 1912 2023 452
f 1139 395 471
f 1315 503 1952
f 1111 459 460
f 1390 801 1766
f 372 2018 2270
f 851 641 642
f 1163 1104 1105
f 1408 676 620
f 930 313 1803
f 352 1075 1284
f 916 910 909
f 736 2030 737
f 1312 1517 310
f 1215 378 1313
f 346 348 1520
f 387 1295 388
f 1304 1298 2319
f 505 450 1952
f 260 1212 1489
f 959 1075 352
f 312 1389 1454
f 1389 312 1680
f 1076 952 953
f 1076 953 338
f 268 251 275
f 308 1214 1458
f 1713 1077 2169
f 945 916 915
f 483 1083 508
f 1182 1550 1063
f 1652 1412 1817
f 234 959 2016
f 1214 207 1458
f 947 986 985
f 254 986 2014
f 2092 382 1145
f 1233 214 231
f 1198 1197 1255
f 1670 1383 973
f 210 241 1886
f 2080 862 674
f 1282 1887 1283
f 791 1107 1738
f 179 1503 180
f 179 748 1503
f 1558 972 239
f 186 1180 177
f 1972 1478 2389
f 1168 1164 1297
f 485 2171 437
f 2011 1092 2378
f 174 172 173
f 1402 1415 1424
f 179 165 1709
f 2015 1707 1710
f 420 423 421
f 1306 1098 1095
f 216 1982 1310
f 2293 1630 2326
f 139 1305 1307
f 720 141 686
f 912 167 187
f 174 295 383
f 108 146 1850
f 1155 91 1131
f 1575 1011 43
f 43 366 1012
f 2287 1314 2380
f 1014 1451 246
f 2357 393 2399
f 1714 1119 1118
f 709 1415 1404
f 1119 1714 1127
f 1970 1231 1224
f 601 88 671
f 2003 1029 21
f 604 127 912
f 1018 1594 1430
f 119 1864 206
f 888 851 2027
f 2024 1987 1992
f 366 43 1049
f 2407 1800 867
f 2091 380 382
f 670 672 1769
f 1593 1525 246
f 1593 1932 63
f 1637 1638 1919
f 1661 1230 1173
f 71 60 1036
f 516 1085 1099
f 1465 1430 1436
f 1124 15 1089
f 26 1099 1085
f 232 48 68
f 2130 2225 2066
f 2301 2132 2131
f 2135 2134 2133
f 2133 2134 2465
f 971 336 414
f 710 662 1401
f 2133 1881 1284
f 2465 1881 2133
f 2141 2138 2139
f 2141 2139 2140
f 1732 1400 2113
f 2113 1777 1732
f 2142 2143 2264
f 2145 2144 1698
f 2145 1698 319
f 347 351 353
f 1545 1623 347
f 1623 1545 2020
f 1901 2011 2378
f 4 351 1623
f 347 1623 351
f 2149 2150 365
f 2192 2214 1599
f 1599 2200 2192
f 1769 672 857
f 2151 1635 2152
f 2112 1166 1378
f 2112 1378 1247
f 1378 1166 162
f 684 2424 1511
f 684 1511 1527
f 1527 1511 1694
f 1941 2424 684
f 1907 390 1699
f 2309 848 677
f 1448 2155 2125
f 2395 2345 2410
f 2408 2156 2155
f 2156 2125 2155
f 1791 2157 980
f 1532 538 581
f 433 1532 581
f 1553 942 2158
f 922 2158 942
f 703 764 1456
f 703 1456 596
f 2080 992 928
f 2080 781 992
f 2080 607 781
f 312 1171 791
f 2159 1434 2390
f 2160 1434 2159
f 2161 731 2162
f 2161 2303 731
f 2161 2162 2106
f 1741 2165 624
f 1580 1446 1796
f 465 1678 1541
f 313 1816 1675
f 1863 929 313
f 313 1675 206
f 1737 2166 639
f 2166 613 1386
f 2167 2166 1737
f 2167 1737 2314
f 1428 2168 1441
f 872 1428 876
f 651 1397 1398
f 365 1960 319
f 610 391 1397
f 1397 1382 1658
f 1026 2241 1653
f 1636 702 1614
f 398 1122 479
f 1817 398 1652
f 479 1652 398
f 479 493 1652
f 1458 1651 308
f 385 1720 2087
f 589 1544 601
f 308 1170 301
f 1740 1321 2111
f 2352 1651 1458
f 2069 438 79
f 422 2069 79
f 1025 2069 422
f 35 39 28
f 16 28 39
f 35 28 24
f 39 35 36
f 1967 2263 1774
f 2436 1891 1279
f 1335 2504 1279
f 396 1148 1264
f 1891 1335 1279
f 2170 2169 390
f 969 1179 2171
f 1179 409 2171
f 1194 409 1179
f 409 437 2171
f 290 2399 393
f 874 724 1521
f 1318 1875 1168
f 1776 1168 103
f 1164 1168 1776
f 1168 1644 147
f 1216 2172 1211
f 2172 1303 1211
f 702 1626 967
f 967 1626 733
f 1624 300 219
f 2174 2173 2175
f 2176 2175 2173
f 1928 829 828
f 1619 1613 1615
f 1615 950 1663
f 649 1619 1615
f 629 1612 628
f 319 2149 365
f 1846 2177 1854
f 2178 2179 168
f 1143 168 2179
f 1027 1695 1949
f 1548 1641 951
f 1548 951 625
f 320 2059 1241
f 320 2180 2059
f 288 2070 1689
f 288 1395 2070
f 1395 288 2071
f 1610 1634 866
f 865 1609 1610
f 865 1610 866
f 1577 1821 1153
f 427 1918 1073
f 427 403 1918
f 670 653 655
f 1769 653 670
f 2001 551 2444
f 1543 1533 1522
f 320 1902 2180
f 1404 943 1414
f 1608 2110 1967
f 1745 1608 2182
f 2182 1608 1967
f 2184 2117 472
f 1705 1230 1720
f 350 2184 472
f 1606 2185 1806
f 112 682 53
f 682 112 38
f 2061 182 2102
f 182 2061 2062
f 2102 2186 2061
f 2061 2186 2423
f 1033 270 1905
f 1274 1273 1817
f 1734 1905 270
f 1905 253 1033
f 1592 1326 1325
f 1326 1592 1055
f 1437 134 1932
f 923 1932 134
f 2475 2000 1070
f 1942 394 2188
f 180 2188 2187
f 394 2187 2188
f 836 821 846
f 172 171 173
f 1602 1603 1607
f 99 994 1048
f 2286 675 2323
f 674 683 675
f 2181 2274 2104
f 1936 1724 1929
f 174 1018 2291
f 130 2313 2181
f 138 141 1455
f 136 144 1016
f 133 1471 131
f 566 131 1471
f 385 2087 2454
f 1853 2063 1473
f 1473 31 1853
f 1229 1230 1705
f 2127 61 1999
f 165 70 1852
f 2259 898 1637
f 850 848 1598
f 97 2065 2045
f 1029 2003 1021
f 426 1749 2305
f 70 2045 1860
f 2063 1853 1673
f 710 464 864
f 31 1864 1865
f 2010 100 120
f 30 29 1437
f 2017 1744 1830
f 1029 22 253
f 616 2115 2297
f 1451 64 246
f 1630 2240 1379
f 1404 1415 1394
f 319 2449 2149
f 155 1444 13
f 2397 2149 2449
f 1995 2003 1815
f 1579 1831 1830
f 1831 2 1830
f 100 2010 1897
f 1037 1560 1770
f 614 1372 1724
f 320 1241 1239
f 179 180 1013
f 2326 2320 2293
f 180 2187 1013
f 2258 2264 2252
f 638 615 637
f 1381 941 657
f 1705 2124 1229
f 232 1420 1325
f 797 2346 1645
f 1790 2203 2272
f 2272 1882 1790
f 47 847 1160
f 1753 667 948
f 876 1416 1417
f 951 1376 625
f 1679 2450 2416
f 872 876 1417
f 1602 724 1980
f 79 438 623
f 616 2216 2237
f 1089 1088 1124
f 531 532 533
f 44 1181 1088
f 2087 1720 1230
f 565 1794 413
f 1085 35 26
f 1258 1213 2460
f 287 2460 1213
f 611 2263 1363
f 263 1793 611
f 2214 2192 2258
f 729 72 727
f 1629 2089 1805
f 775 1890 776
f 776 1890 309
f 756 758 760
f 2056 2103 2099
f 73 1123 1805
f 1895 2086 269
f 69 2099 1349
f 1388 1730 562
f 1602 753 734
f 1247 2154 2112
f 574 575 1670
f 1670 973 574
f 989 988 973
f 671 88 128
f 577 1786 2101
f 958 1140 75
f 781 607 1908
f 781 1358 992
f 2255 2140 2051
f 2086 236 269
f 1921 1388 562
f 2114 1072 1131
f 1846 1067 1344
f 2113 2228 2190
f 1072 1117 1173
f 1332 108 2094
f 1547 2193 2232
f 2204 2232 2203
f 2334 912 187
f 753 1602 754
f 1175 2128 1329
f 548 594 955
f 1584 783 782
f 1939 2404 2068
f 2087 1230 1671
f 2334 1138 1165
f 2347 2377 1962
f 2004 1190 1311
f 2228 1703 2190
f 1981 1237 1763
f 1262 1681 1221
f 2075 2471 168
f 184 185 220
f 183 220 185
f 1763 2497 1981
f 1913 980 1716
f 1237 1764 1763
f 2177 2058 2472
f 1837 2087 1671
f 2227 1020 2037
f 554 530 561
f 191 1726 167
f 2376 2308 2361
f 204 217 203
f 2493 1276 1286
f 529 2009 612
f 260 1138 1335
f 1275 1676 1333
f 2478 1275 2490
f 2106 2390 2330
f 1174 1204 1297
f 731 2373 2162
f 1204 1250 1203
f 1225 242 241
f 1943 1248 1263
f 1674 1395 2071
f 2204 2242 2239
f 2251 1913 1716
f 2342 2384 1771
f 2254 2226 1635
f 1228 1229 2124
f 2453 1859 1861
f 1199 1221 1681
f 1403 1200 1435
f 795 2381 2147
f 1053 2037 2123
f 427 1073 1911
f 2019 2395 1248
f 1258 1232 307
f 1092 2270 2025
f 469 1044 1718
f 1256 2070 238
f 2034 1240 1541
f 2236 1599 2294
f 1269 1268 388
f 2195 2190 2316
f 1534 1260 1261
f 511 510 1783
f 2427 385 2454
f 221 2198 2085
f 2316 2190 424
f 215 1235 279
f 349 1167 1601
f 1233 231 1198
f 1082 2345 1134
f 1551 1704 224
f 2310 2109 2115
f 1300 1227 1274
f 2315 2369 2396
f 1968 212 1287
f 1242 2013 1458
f 1480 740 1565
f 1295 378 1215
f 969 2171 1948
f 969 1948 2280
f 2060 307 356
f 2130 2141 2382
f 1288 1581 1277
f 374 356 357
f 2373 809 2162
f 1596 2371 2399
f 416 435 375
f 1546 450 278
f 2340 2352 2223
f 297 219 1735
f 283 2472 2058
f 282 215 280
f 1153 2282 455
f 1153 455 454
f 412 1192 450
f 372 2270 2011
f 7 395 355
f 1689 355 395
f 393 434 650
f 1700 1188 2350
f 1693 1577 1327
f 2082 1136 1701
f 1546 1601 450
f 2349 2322 2324
f 2353 2060 1111
f 1077 791 1171
f 1327 1153 454
f 1298 224 2332
f 2332 224 969
f 866 1742 1616
f 2169 1077 1171
f 397 1122 1148
f 2386 2191 2236
f 1153 1821 1152
f 791 1738 1110
f 1746 1407 1270
f 2394 2349 2324
f 2175 2176 2349
f 371 372 2011
f 2467 1856 2492
f 1281 1856 2467
f 2367 2337 2254
f 1282 2084 1276
f 2294 2328 2397
f 2386 2294 2397
f 2493 1282 1276
f 1577 1153 1327
f 2352 2013 1105
f 392 2224 2350
f 1139 1918 2083
f 425 387 1083
f 1169 1689 395
f 1163 1105 2013
f 773 695 2385
f 1901 2378 2012
f 210 1834 241
f 2145 424 2248
f 1331 1330 1915
f 1697 2394 1902
f 1952 503 505
f 2292 2319 2251
f 369 1115 569
f 423 1191 334
f 336 971 281
f 1751 1183 1319
f 2300 2336 2121
f 2006 2238 487
f 1043 488 7
f 1043 7 487
f 1412 1652 1060
f 954 1082 1134
f 145 1188 1218
f 954 1081 1082
f 1552 1179 1704
f 654 2402 2341
f 386 388 1268
f 2414 2437 2351
f 1699 354 1682
f 124 2112 2485
f 124 1166 2112
f 1961 2037 1053
f 1051 1961 1053
f 1319 1183 2498
f 1219 1699 1682
f 794 1346 1081
f 2223 1051 2121
f 2220 2210 2207
f 2208 2210 2220
f 2219 2208 2220
f 1218 1212 145
f 2150 2189 1620
f 1552 1194 1179
f 1295 1215 1269
f 1582 1994 326
f 1377 1057 1058
f 345 346 1520
f 2436 1178 1212
f 1839 1280 1974
f 1680 791 359
f 980 2157 1716
f 359 1727 1899
f 1703 2228 2222
f 600 1057 1377
f 1377 1058 1870
f 2124 1242 1228
f 354 1454 1682
f 2015 576 577
f 263 611 555
f 2204 1547 2232
f 1375 1377 1405
f 1184 2498 1183
f 2025 2217 2233
f 1837 1661 2079
f 1368 1718 1906
f 918 2173 643
f 1837 1071 2454
f 1657 2203 2232
f 1164 1174 1297
f 2253 2233 2217
f 1758 1782 713
f 585 1662 1370
f 1924 1372 1347
f 2148 2252 2244
f 1067 1221 153
f 1221 1067 1193
f 1612 615 1921
f 615 1388 1921
f 256 1193 1854
f 990 2256 2226
f 2290 2222 2228
f 1249 1267 1250
f 587 1394 499
f 599 1402 600
f 2222 2301 2131
f 2210 2276 2206
f 1935 625 1950
f 1004 2268 2231
f 1232 1258 2466
f 632 653 2210
f 1236 255 1672
f 285 255 1236
f 575 2197 2261
f 1384 965 1730
f 1071 2138 2454
f 2222 2290 2301
f 1489 1218 1220
f 640 2115 616
f 1318 1204 196
f 638 2269 1388
f 2271 2272 2203
f 1199 1209 2077
f 1846 1854 1193
f 1248 1943 2019
f 674 1996 607
f 2019 1200 1403
f 1408 1904 677
f 2253 677 1904
f 2080 928 664
f 1666 2080 664
f 1316 1845 1843
f 1243 1266 237
f 2382 2141 2140
f 629 1928 635
f 1765 839 2276
f 2391 2442 2137
f 694 1900 1655
f 2298 1793 2295
f 1793 2298 1774
f 2110 1745 2263
f 2304 2116 665
f 1414 2285 2305
f 223 991 1833
f 1971 1275 2478
f 655 887 672
f 888 2310 640
f 2311 2321 2283
f 1769 2315 1765
f 1859 1276 249
f 1968 1279 212
f 1280 1238 1974
f 849 676 677
f 1529 880 1625
f 1495 874 1521
f 2306 2296 846
f 862 683 674
f 685 1569 1737
f 2299 911 685
f 1669 1378 162
f 194 1101 1308
f 2111 1321 1607
f 1724 911 2299
f 2464 2440 2404
f 844 761 2304
f 2315 2344 839
f 2488 1659 1772
f 1487 681 2032
f 1316 1772 1845
f 2498 1291 1293
f 711 2307 1784
f 2035 2306 821
f 235 196 1203
f 1254 235 236
f 2342 1771 2321
f 2302 2358 2318
f 1291 1294 1186
f 1186 1290 1293
f 2043 712 2132
f 1186 1294 1237
f 1190 204 203
f 1749 1782 2338
f 1591 298 2307
f 2301 2290 2376
f 709 708 743
f 1189 1149 1301
f 1962 1755 2078
f 542 2393 2407
f 1456 853 596
f 1080 1197 1079
f 1322 178 176
f 2067 2177 1846
f 788 762 772
f 2041 679 656
f 796 785 744
f 784 1591 673
f 1589 1941 684
f 1982 2058 1850
f 2046 1941 1589
f 150 1318 1132
f 1973 1299 1072
f 1748 787 2354
f 1938 2344 2401
f 2379 2377 2347
f 1566 838 1477
f 2077 1068 153
f 1574 1496 1597
f 164 1316 2468
f 164 2488 1316
f 1982 1850 140
f 1316 2488 1772
f 139 1982 140
f 139 1310 1982
f 1499 2041 656
f 627 1508 743
f 785 796 2032
f 2177 2094 108
f 1989 2468 1316
f 2344 2396 2425
f 1480 1566 1479
f 121 164 1989
f 1463 827 1475
f 1646 2138 756
f 673 1946 784
f 2138 1071 756
f 1322 126 1133
f 1323 176 175
f 688 1482 815
f 1447 742 621
f 996 630 265
f 2178 1019 93
f 1758 2418 1146
f 1474 823 1797
f 1490 1474 1797
f 571 707 706
f 1068 2077 1209
f 1761 2430 2384
f 1758 713 1479
f 1479 2418 1758
f 1332 2266 108
f 108 111 146
f 106 158 98
f 2146 2406 2147
f 2435 2405 2406
f 1467 160 195
f 1542 2412 1497
f 713 1480 1479
f 1340 1986 963
f 1647 1165 72
f 1341 1875 126
f 525 1800 1762
f 1464 1984 841
f 688 557 1482
f 1855 2137 2068
f 1434 536 725
f 1476 1538 841
f 592 1775 593
f 117 106 82
f 852 853 1447
f 106 81 82
f 1349 1990 69
f 2430 803 2446
f 827 536 842
f 1434 875 536
f 1518 1449 1302
f 1117 1072 2114
f 1123 1126 2088
f 491 1452 1406
f 1452 491 550
f 656 833 859
f 1514 2383 2402
f 1644 1875 1874
f 2411 2461 2159
f 727 76 73
f 417 624 2165
f 2028 538 1509
f 2068 2051 2020
f 2444 1515 1406
f 491 1406 1515
f 1109 2089 1629
f 1393 2117 913
f 1393 1766 2117
f 2418 2451 2120
f 1523 524 523
f 542 543 1884
f 91 1155 90
f 507 1364 868
f 4 1977 1365
f 1151 1788 1341
f 264 261 1469
f 1844 1545 347
f 1505 2434 2396
f 445 1156 1877
f 77 1209 893
f 1633 1399 1621
f 77 1068 1209
f 1187 1423 1617
f 4 1365 6
f 1537 1804 583
f 1334 1956 314
f 636 1187 886
f 2100 2441 1533
f 907 1008 84
f 1181 422 1008
f 1813 1356 486
f 811 1741 624
f 1997 81 98
f 228 325 3
f 3 325 12
f 37 114 284
f 465 1240 1526
f 1202 925 910
f 2388 489 536
f 401 458 1810
f 1156 275 1877
f 645 949 689
f 682 276 45
f 923 134 299
f 1766 1896 2117
f 407 404 406
f 57 232 1325
f 937 57 1325
f 346 345 2122
f 276 1411 45
f 45 1411 1422
f 758 1173 1117
f 113 1528 1055
f 1433 1616 697
f 756 1071 758
f 1341 1873 843
f 1643 1770 1560
f 1812 330 1959
f 843 1873 1648
f 1055 1592 1744
f 1201 927 2489
f 2479 293 1813
f 166 96 170
f 1648 1118 843
f 1528 1432 1049
f 323 321 404
f 1815 1903 1719
f 1719 1903 1905
f 2388 2360 489
f 404 1061 323
f 1055 1744 1983
f 1120 318 332
f 1 74 102
f 644 2359 2398
f 102 1431 1
f 522 858 870
f 2476 2487 2459
f 1995 1815 13
f 163 166 383
f 521 1485 522
f 166 181 1436
f 2100 2401 2441
f 1075 960 1963
f 234 2016 305
f 2434 2425 2396
f 80 1108 1068
f 77 80 1068
f 1070 952 2475
f 2499 247 2500
f 1957 133 1955
f 1030 1955 133
f 2096 1926 1033
f 2448 1046 293
f 1033 1926 1028
f 1038 1501 1492
f 1823 962 2034
f 981 917 240
f 323 1061 1001
f 1999 29 2054
f 49 131 135
f 131 49 52
f 1555 2494 1827
f 897 795 1639
f 1365 756 760
f 1977 1646 1365
f 1045 1046 1494
f 1450 64 1451
f 340 1029 2198
f 1919 836 846
f 1326 937 1325
f 1501 987 1492
f 2129 132 133
f 250 251 1471
f 1555 2419 1725
f 904 999 1559
f 2275 1461 444
f 2327 822 817
f 977 817 819
f 1809 823 571
f 138 1455 494
f 1622 2024 69
f 1622 69 1867
f 1723 1570 239
f 566 1471 251
f 265 861 566
f 267 265 566
f 808 1723 2186
f 808 2186 2102
f 1038 2291 2125
f 160 161 195
f 209 208 999
f 193 1822 2448
f 31 1473 1840
f 50 1365 760
f 1439 1894 2452
f 54 760 1117
f 881 2451 1479
f 993 2198 221
f 2279 2417 2327
f 630 1445 861
f 54 1117 1794
f 1461 999 1006
f 2267 2155 1448
f 2230 1567 2260
f 1618 1987 1622
f 1469 962 1468
f 172 174 2291
f 2104 2274 2054
f 2275 1017 2279
f 2424 2420 1807
f 2031 467 490
f 107 494 512
f 467 107 490
f 1851 2090 1453
f 2031 1017 467
f 2047 2073 2229
f 983 240 982
f 589 1373 20
f 981 240 983
f 1012 366 116
f 116 366 1432
f 1778 1779 1466
f 2104 2054 29
f 243 272 960
f 234 2093 959
f 1853 31 1865
f 2104 29 30
f 952 1070 1498
f 30 64 1450
f 1049 1432 366
f 2494 1555 1121
f 1869 1121 1555
f 271 1028 1024
f 119 120 100
f 31 206 1864
f 1848 1860 2045
f 169 1411 295
f 169 1673 1411
f 39 547 16
f 304 1828 936
f 1442 1848 2045
f 2363 2360 2246
f 934 964 248
f 413 1794 1423
f 1966 947 1553
f 253 1903 21
f 2474 938 1504
f 6 1365 50
f 1849 1525 1278
f 1686 1849 1278
f 938 931 1510
f 166 170 181
f 518 859 449
f 1045 1813 293
f 1830 1744 1592
f 1037 1420 1560
f 60 71 89
f 345 1520 917
f 96 1289 1465
f 201 89 85
f 1181 1008 1088
f 2477 1879 1501
f 661 1361 1066
f 1226 45 1422
f 48 57 937
f 1147 847 840
f 38 227 42
f 42 682 38
f 42 276 682
f 38 41 40
f 48 540 34
f 1124 1088 1008
f 311 299 142
f 110 515 552
f 515 110 25
f 12 771 636
f 920 364 400
f 4 5 351
f 1879 2477 417
f 2461 2477 1039
f 10 1010 1399
f 16 15 8
f 1121 401 1810
f 20 411 1544
f 2134 2458 400
f 24 27 26
f 883 415 2052
f 1240 2481 1526
f 1181 1778 1466
f 1470 1466 1779
f 50 565 6
f 903 933 2447
f 1113 33 1544
f 516 35 1085
f 2184 913 2117
f 1794 1802 1423
f 1629 1987 1100
f 1360 1003 1042
f 2441 1818 1533
f 14 882 17
f 1813 2000 1356
f 1992 2056 69
f 2024 1992 69
f 836 1639 795
f 1102 1801 1631
f 2419 993 2495
f 1809 1810 1519
f 2103 1805 2088
f 67 1647 72
f 73 76 75
f 37 284 286
f 37 286 25
f 513 1804 1803
f 111 81 1997
f 65 124 56
f 1302 1792 341
f 472 473 350
f 1522 473 474
f 1543 1522 474
f 94 95 147
f 518 1743 1505
f 158 95 98
f 2458 2049 1530
f 1649 111 976
f 1990 2266 1332
f 1876 117 82
f 912 2334 1631
f 881 885 2451
f 805 994 816
f 122 123 1340
f 855 401 854
f 126 1101 1151
f 88 129 128
f 1390 909 2118
f 56 124 87
f 384 462 481
f 1421 856 949
f 2255 1985 2140
f 1336 407 1514
f 472 1502 473
f 524 1807 2420
f 156 1776 103
f 847 1147 1160
f 1369 1883 475
f 1317 1985 2255
f 1888 596 446
f 1989 164 2468
f 1934 1222 1781
f 870 858 877
f 877 1427 879
f 2413 1284 582
f 582 1284 433
f 190 129 1155
f 2432 2435 2146
f 433 581 582
f 1526 1958 1410
f 2100 1543 567
f 1781 65 1129
f 2075 168 1143
f 2504 1138 2334
f 1514 2049 2383
f 2472 1854 2177
f 1339 453 1337
f 194 204 2004
f 194 1308 1839
f 198 199 1667
f 1588 1325 1420
f 1091 1090 1917
f 1319 1290 1988
f 1763 2496 2497
f 2005 2496 1763
f 1190 2004 204
f 2401 2425 2441
f 1156 445 902
f 1345 1988 1285
f 841 824 1464
f 2005 2478 2496
f 210 202 1834
f 2430 1761 803
f 1887 1282 213
f 2137 2163 2391
f 834 1483 622
f 168 2471 266
f 910 925 1201
f 2482 1246 226
f 96 181 170
f 1246 237 226
f 1486 1487 2032
f 1892 2028 673
f 181 96 1465
f 235 269 236
f 2117 1896 2377
f 2466 1886 242
f 1886 241 242
f 2140 2437 2382
f 660 1484 1485
f 2420 2046 1496
f 2424 1941 2046
f 2397 2136 2442
f 592 706 1576
f 469 1096 1092
f 104 102 74
f 260 1489 2095
f 260 1335 1891
f 757 820 2098
f 757 2098 2398
f 1413 2470 277
f 809 1783 1457
f 2450 2467 1272
f 2450 1281 2467
f 2466 1258 2460
f 1546 1679 349
f 2397 2449 2136
f 1922 1686 1760
f 766 2390 1434
f 2437 2414 2382
f 1946 695 776
f 2390 766 2330
f 766 1434 723
f 277 236 2086
f 290 291 1246
f 291 2008 292
f 1563 660 1595
f 297 296 1624
f 1783 809 2373
f 1258 307 2431
f 74 2 222
f 2003 21 1815
f 2341 2383 2317
f 1444 155 157
f 2436 2400 1178
f 324 322 296
f 1750 911 773
f 1576 2356 1750
f 810 741 2305
f 344 342 343
f 752 795 2040
f 1601 1546 349
f 1210 1689 1169
f 1169 1172 1210
f 396 1264 1531
f 1274 2387 1300
f 1586 747 1757
f 1458 2013 2352
f 2013 1162 1163
f 2036 775 773
f 1697 322 362
f 432 1722 1191
f 731 1783 2373
f 1860 271 70
f 224 1298 379
f 759 2361 2143
f 2142 759 2143
f 2434 2487 2455
f 1148 1122 398
f 2428 2098 1334
f 1167 1314 1315
f 804 792 735
f 2340 2336 2368
f 1170 2352 2340
f 1294 1764 1237
f 1367 441 2371
f 2357 434 393
f 419 420 421
f 431 423 420
f 431 420 430
f 432 423 2082
f 64 30 246
f 1304 2292 2333
f 818 328 718
f 352 1881 1814
f 463 441 442
f 2329 1962 2078
f 2348 1925 2354
f 455 2022 1327
f 1018 1825 1594
f 2073 2047 1983
f 835 836 795
f 1472 798 1745
f 2330 766 2325
f 1444 51 1445
f 1294 1291 1292
f 51 49 1445
f 1602 734 1603
f 1603 735 1626
f 1626 735 733
f 451 429 1949
f 857 679 2041
f 133 52 1031
f 795 897 2318
f 2294 2189 2328
f 1598 2027 851
f 2022 442 441
f 1736 2245 527
f 1442 2065 394
f 2441 2476 1818
f 509 694 2320
f 1918 471 1054
f 1976 492 478
f 504 503 498
f 789 506 505
f 1433 866 1616
f 1949 517 451
f 517 1976 451
f 897 906 2318
f 2408 2443 2156
f 2321 1771 2295
f 1610 1609 1611
f 2195 2196 2190
f 1614 1739 1636
f 553 263 555
f 2151 2200 2236
f 569 2218 2057
f 1020 541 2199
f 530 553 1342
f 2132 2301 2335
f 2290 2289 2308
f 614 1371 545
f 2315 1769 857
f 358 1923 500
f 2314 1569 762
f 569 570 2218
f 1020 560 541
f 562 1911 1921
f 559 558 2053
f 884 778 2311
f 561 563 562
f 2230 2260 116
f 1922 2234 2273
f 691 2288 905
f 1635 2151 2191
f 1752 869 2216
f 1849 2273 1994
f 2237 2216 869
f 572 1752 941
f 2214 2148 1599
f 2101 1354 577
f 1634 1529 866
f 1862 244 245
f 869 618 617
f 1039 2477 1038
f 2009 1391 612
f 1777 1940 2244
f 1391 2009 2240
f 1937 880 1529
f 1529 1634 1937
f 2288 1418 652
f 1638 1637 898
f 2256 607 1996
f 1017 2275 444
f 1793 263 1384
f 2263 611 1774
f 2063 169 1920
f 839 693 2276
f 639 2166 1386
f 2314 788 1600
f 579 2265 1026
f 598 712 605
f 1930 1929 1924
f 2308 2289 1400
f 655 632 631
f 2036 911 1724
f 1400 2143 2308
f 1546 1235 1233
f 675 2286 2226
f 418 630 1468
f 1793 1384 2295
f 2283 2295 1384
f 2284 2265 1900
f 2302 906 2153
f 2302 2153 2152
f 326 327 1818
f 649 648 1619
f 1933 887 918
f 677 2253 2281
f 610 1925 2277
f 1780 1366 659
f 1007 1517 917
f 635 828 884
f 638 884 2311
f 2311 2269 638
f 2311 2283 2269
f 2167 2314 1600
f 389 2491 1816
f 2272 2325 1882
f 2263 1745 646
f 1925 2309 2281
f 2277 1925 2281
f 678 1634 1610
f 985 1553 947
f 2303 1900 694
f 905 575 1600
f 1409 2078 1928
f 2268 2285 2257
f 616 2297 941
f 1656 1401 600
f 1426 1739 1614
f 1426 696 1739
f 2042 778 884
f 2321 2311 2342
f 2241 2265 2284
f 2286 2341 2152
f 704 1938 807
f 655 653 632
f 2253 1904 1906
f 1368 1906 1904
f 928 2243 662
f 354 312 1454
f 1433 697 717
f 612 1655 579
f 2263 646 578
f 2206 2276 2249
f 2339 2343 2109
f 332 272 1120
f 2041 2315 857
f 2355 738 739
f 2061 999 2062
f 1002 293 310
f 1767 2076 1925
f 737 1910 714
f 2252 2264 2244
f 1783 731 511
f 613 2261 2197
f 2247 1468 962
f 1046 1045 293
f 1580 754 1980
f 298 1591 784
f 2376 2335 2301
f 619 618 620
f 617 616 869
f 2188 180 1561
f 764 763 1456
f 2257 586 2053
f 2335 2043 2132
f 817 2102 2327
f 1975 2327 2102
f 745 785 680
f 745 680 679
f 2341 2402 2383
f 1754 1571 690
f 784 1946 776
f 580 1892 1591
f 519 1380 1381
f 1945 1459 1757
f 2009 1353 2240
f 1375 1405 499
f 172 1492 171
f 814 1570 985
f 2375 782 634
f 2053 558 705
f 2361 759 2405
f 2405 2376 2361
f 1498 1070 1493
f 1023 612 579
f 470 611 1363
f 2458 2134 2435
f 1889 768 1472
f 2217 2218 570
f 2189 1940 1620
f 823 1474 707
f 2344 2425 2401
f 2494 935 1827
f 1022 945 1009
f 1372 545 1347
f 998 1819 991
f 991 189 998
f 2202 643 2174
f 854 1762 1490
f 1368 1868 1718
f 2194 1868 1368
f 618 869 786
f 826 1464 824
f 1556 1510 932
f 2402 654 1513
f 445 2438 2421
f 550 1476 841
f 2231 705 517
f 1046 208 1493
f 551 2001 622
f 2446 535 2430
f 1490 855 854
f 398 1817 1273
f 2424 1807 1511
f 1515 2444 521
f 521 2444 863
f 1539 939 1575
f 903 2447 1953
f 517 705 1976
f 2207 2206 2221
f 644 2428 2119
f 465 1526 1410
f 1953 534 871
f 261 962 1469
f 1692 2092 2101
f 2452 502 1439
f 1976 705 558
f 2235 2057 2218
f 2191 2151 2236
f 2211 2209 2219
f 1355 1696 476
f 1700 539 1188
f 2120 885 1813
f 890 891 892
f 1833 1819 968
f 895 448 852
f 548 549 506
f 445 900 902
f 1351 900 445
f 234 305 1564
f 443 890 1208
f 495 924 399
f 440 903 871
f 402 2480 2469
f 1564 305 998
f 2205 1352 1347
f 2248 2222 2278
f 2245 529 527
f 885 2479 1813
f 2160 2461 2443
f 2066 576 1710
f 732 731 694
f 915 1393 913
f 492 480 457
f 1678 1253 2052
f 402 1811 2480
f 1553 2422 223
f 1188 569 1115
f 914 944 920
f 914 920 400
f 913 2184 915
f 427 482 508
f 376 1501 1879
f 1716 2202 2292
f 404 407 922
f 925 926 927
f 1135 1060 1057
f 1057 1134 1135
f 1060 1135 1412
f 2176 2211 2219
f 1045 2000 1813
f 2322 2219 2324
f 1956 966 314
f 1816 313 930
f 2093 234 1564
f 2034 1205 2481
f 2359 509 2320
f 1334 964 934
f 457 456 477
f 2494 1733 1130
f 488 471 395
f 920 944 968
f 968 2074 920
f 1092 1044 469
f 2074 305 920
f 223 1001 1061
f 1341 126 1151
f 1046 2448 1822
f 2292 2174 2333
f 2175 2333 2174
f 2224 2199 1700
f 1820 1549 921
f 1115 369 368
f 2156 1039 2125
f 1561 180 1503
f 293 1002 2448
f 1077 1713 1074
f 968 321 957
f 419 414 1715
f 506 1715 414
f 239 972 1723
f 450 505 412
f 1315 1952 1601
f 2278 2351 2248
f 439 437 409
f 1320 1081 436
f 975 250 1471
f 2345 1082 1081
f 1824 1556 289
f 1708 387 425
f 2083 1169 1139
f 964 966 1920
f 1111 1736 2353
f 2459 1944 2181
f 819 817 822
f 488 395 7
f 2495 1725 2419
f 825 1827 822
f 1559 972 1558
f 819 1835 977
f 1478 1836 977
f 1697 362 2175
f 819 822 1828
f 1835 819 1828
f 977 233 1478
f 233 245 1478
f 2127 2360 2388
f 2380 1706 1086
f 1706 1711 1086
f 1011 939 945
f 1011 1575 939
f 2391 2254 1635
f 2367 2254 2391
f 1139 1169 395
f 991 223 2415
f 995 817 200
f 1697 2349 2394
f 1720 385 1145
f 1555 2090 2370
f 2417 2279 2090
f 1556 1824 2260
f 1556 2260 1567
f 145 2350 1188
f 2409 2060 2353
f 960 272 332
f 1863 1840 929
f 1975 2102 182
f 2274 2363 2246
f 388 386 387
f 1471 132 2250
f 1920 169 248
f 2328 2149 2397
f 1871 975 2491
f 2275 2279 2327
f 825 2417 1555
f 2012 2378 1907
f 393 650 2008
f 2392 2124 380
f 2130 2066 2427
f 385 2427 2066
f 2060 2409 2431
f 938 1561 1504
f 1531 255 1722
f 1015 1852 1016
f 1015 1016 144
f 2448 1002 193
f 1016 2007 136
f 2400 2368 1178
f 355 2008 650
f 268 1157 267
f 1009 2234 1760
f 1213 1194 287
f 285 1722 255
f 292 2008 355
f 250 1871 275
f 1028 2007 1024
f 377 1679 2416
f 808 995 197
f 2450 1215 2416
f 817 808 2102
f 43 1022 1032
f 271 1033 1028
f 1853 1865 1673
f 359 1899 1680
f 60 1035 1036
f 995 808 817
f 1899 1893 2456
f 1444 222 51
f 222 1031 51
f 2034 962 1205
f 30 1437 1932
f 2 1037 222
f 1244 1220 1218
f 1579 1830 1592
f 1546 278 1235
f 349 1679 1167
f 1719 155 1815
f 151 134 1437
f 2125 2291 1448
f 1579 1588 1831
f 155 1719 1052
f 1236 283 285
f 163 276 96
f 276 163 1411
f 1192 280 279
f 151 1040 89
f 1420 68 1560
f 288 266 2071
f 2472 283 1236
f 1066 805 661
f 540 937 661
f 294 1241 1624
f 1968 2436 1279
f 466 805 286
f 2473 259 257
f 110 142 18
f 422 3 84
f 3 422 79
f 11 79 623
f 17 882 262
f 1246 1243 237
f 1025 422 1181
f 208 1006 999
f 766 799 2325
f 2499 1811 1869
f 886 411 1010
f 771 5 6
f 2482 1276 1859
f 1272 2467 1746
f 1097 1622 1093
f 1292 2172 1216
f 516 1099 1362
f 1109 1100 729
f 2072 130 1582
f 1216 241 1834
f 1539 1202 939
f 1834 1292 1216
f 729 727 1109
f 33 90 601
f 1286 226 1285
f 2482 226 1286
f 1991 1116 837
f 1116 1867 69
f 1286 1276 2482
f 1877 275 1259
f 2067 1991 837
f 73 940 1123
f 1855 2068 2020
f 1126 1876 2088
f 1751 1319 1345
f 126 1875 150
f 1293 1290 1319
f 2498 1293 1319
f 1101 1069 1151
f 1005 1461 1006
f 1003 1612 1921
f 2496 2490 2497
f 1310 215 216
f 1306 1197 1198
f 2051 2140 2139
f 1286 2503 2493
f 1137 260 1175
f 87 124 2485
f 2005 1763 202
f 2139 2138 1646
f 1764 202 1763
f 1981 2502 2503
f 1856 2433 2492
f 1943 1781 1222
f 2502 1981 2497
f 1781 1669 162
f 194 2004 1311
f 1175 1978 2128
f 1177 1149 1161
f 176 177 1180
f 216 2058 1982
f 156 1206 1776
f 203 1301 1190
f 1773 2488 159
f 1842 2172 1291
f 2172 1842 1303
f 1585 2250 2129
f 1674 1858 1843
f 2179 1989 1143
f 196 1204 1203
f 1283 1231 1282
f 231 214 1198
f 129 90 1155
f 1217 1216 1211
f 1220 1667 2095
f 1199 153 1221
f 1824 1012 116
f 1132 1133 150
f 220 1435 184
f 220 1199 1435
f 1824 116 2260
f 1989 118 121
f 1225 1217 1257
f 1211 1223 1217
f 2455 2487 2476
f 1283 2059 1231
f 1283 1241 2059
f 111 140 146
f 2466 2460 1971
f 963 1094 1340
f 242 1225 1257
f 2466 242 1232
f 2246 1999 2054
f 2127 1999 2246
f 66 2334 1647
f 1012 1575 43
f 118 2262 2183
f 1094 1119 1127
f 440 2489 1524
f 106 117 115
f 1926 2096 1017
f 1934 894 2026
f 2059 1224 1231
f 1997 95 976
f 2096 2279 1017
f 1212 260 1891
f 976 111 1997
f 1256 1689 2070
f 288 1689 1210
f 1125 1349 2099
f 2112 2154 2337
f 2112 2367 2097
f 875 2443 2408
f 290 2008 291
f 1312 2479 885
f 2051 2068 2255
f 1922 1760 2234
f 2414 2278 2382
f 2059 1690 1224
f 2065 97 1013
f 1895 1901 2086
f 2440 1554 1698
f 2088 1805 1123
f 259 342 1219
f 277 344 343
f 2416 1215 1313
f 1106 1991 2067
f 2397 2442 2386
f 1629 1100 1109
f 1337 1536 1336
f 2442 2391 2191
f 2191 2386 2442
f 2400 1968 1287
f 1640 1993 1778
f 1087 1102 67
f 685 911 1569
f 1635 2191 2391
f 26 526 1100
f 1100 1099 26
f 1099 1100 1097
f 1577 1277 1821
f 1470 647 59
f 1399 1633 1087
f 2380 1314 377
f 6 413 771
f 636 771 413
f 413 1187 636
f 1367 2371 1596
f 10 873 1010
f 2345 1320 2410
f 15 907 873
f 325 228 351
f 11 347 228
f 1690 2394 2324
f 2476 2459 961
f 1314 1167 377
f 154 53 335
f 1684 436 1309
f 2169 354 390
f 25 286 515
f 1367 1693 1327
f 645 154 335
f 414 419 971
f 971 419 421
f 335 53 682
f 466 661 805
f 392 2350 145
f 45 645 335
f 406 1530 2049
f 380 1162 2392
f 424 2145 1960
f 2316 424 365
f 2236 2294 2386
f 2349 1697 2175
f 2333 2175 362
f 368 1114 1115
f 937 1361 661
f 2351 2144 2248
f 96 276 1289
f 883 528 484
f 2064 383 1825
f 1525 63 47
f 1528 1326 1055
f 1152 2324 2282
f 1528 1066 1361
f 2349 2176 2322
f 1673 1226 1422
f 434 2006 487
f 434 7 650
f 1271 461 348
f 1081 1346 436
f 2065 1442 2045
f 2282 2324 2220
f 2322 2176 2219
f 1437 29 1040
f 2332 2280 2242
f 1030 1037 1770
f 2150 2328 2189
f 1030 1770 1955
f 2123 2037 2224
f 1525 1849 1014
f 424 2190 1703
f 2173 2211 2176
f 2207 2221 2282
f 476 1350 1355
f 1954 1516 1795
f 1547 485 1717
f 2201 990 2254
f 990 2226 2254
f 22 1453 1033
f 2003 1995 2081
f 1830 1 2017
f 2078 829 1928
f 539 541 560
f 60 1999 61
f 1353 2009 529
f 1877 1259 2438
f 1353 520 519
f 340 1851 22
f 1696 1355 585
f 781 1346 1358
f 2181 2104 1450
f 1921 1054 1003
f 1830 2 1
f 537 449 859
f 1448 55 58
f 1913 2204 2203
f 1448 58 61
f 519 1381 1353
f 611 470 555
f 559 2053 586
f 1018 1448 2291
f 870 878 1795
f 394 1942 125
f 1360 1612 1003
f 2243 992 2212
f 2148 2244 1940
f 705 2257 2053
f 1956 1334 2098
f 1677 1658 1020
f 735 734 804
f 951 1662 584
f 2275 2062 1461
f 943 587 586
f 1677 989 1383
f 1588 1037 1831
f 2122 2452 1542
f 2203 1790 979
f 2 1831 1037
f 1780 2157 1791
f 2275 2327 1975
f 790 804 1754
f 1654 612 1391
f 2267 2127 2388
f 2127 2246 2360
f 1394 587 1404
f 1402 1656 600
f 617 640 616
f 2256 675 2226
f 620 642 619
f 1803 1956 2098
f 295 1411 163
f 1730 2269 2283
f 189 991 2389
f 2389 991 2415
f 446 1512 1888
f 1641 1662 951
f 1400 1731 1392
f 1402 1394 1415
f 225 982 240
f 635 884 637
f 2159 2461 2160
f 851 888 641
f 1408 677 676
f 828 635 1928
f 1666 862 2080
f 2167 1600 2261
f 1422 1411 1673
f 2126 2313 2072
f 1555 1827 825
f 1784 605 711
f 2304 2329 2116
f 2116 2329 1409
f 712 711 605
f 102 105 1848
f 1797 1809 1519
f 105 1860 1848
f 289 1604 1824
f 2331 1418 2288
f 509 1457 510
f 1418 1925 1419
f 1862 245 233
f 1425 2305 1749
f 251 268 566
f 2164 2330 2272
f 1498 904 952
f 696 1426 697
f 961 2313 2126
f 2304 761 2329
f 496 1806 571
f 571 593 496
f 264 962 261
f 702 967 699
f 1967 1774 2298
f 2110 1608 1745
f 1833 956 1001
f 1797 823 1809
f 119 1064 101
f 464 710 1401
f 1339 1878 531
f 1604 289 2489
f 1865 1864 1421
f 1479 2451 2418
f 2343 2168 1428
f 2109 2310 2339
f 244 1862 1829
f 743 464 1401
f 2346 2355 1642
f 2434 2455 2425
f 716 761 844
f 2362 2326 750
f 1775 495 889
f 1446 718 328
f 942 1553 1061
f 900 901 265
f 799 766 723
f 784 309 298
f 2046 1589 830
f 802 801 1390
f 1160 1147 99
f 1427 858 1484
f 1460 796 744
f 2358 2383 2381
f 761 716 2379
f 1427 1484 832
f 2317 2383 2358
f 105 1052 1734
f 921 373 1504
f 2476 961 1818
f 2344 2315 2396
f 2016 1814 305
f 2134 2135 2376
f 2376 2435 2134
f 2494 1130 935
f 1761 2384 2342
f 1207 1205 1506
f 1462 2393 1583
f 1579 1325 1588
f 1536 2158 922
f 932 931 1524
f 715 749 806
f 404 321 1530
f 2001 2048 622
f 2050 1963 1812
f 1750 592 1576
f 1800 2407 1462
f 341 1792 2475
f 799 818 2325
f 1475 824 1796
f 2481 1205 892
f 1892 580 581
f 768 1889 609
f 774 1490 1762
f 725 536 827
f 890 1205 1207
f 1946 673 2028
f 316 254 2014
f 2412 1894 738
f 1759 845 757
f 889 1606 1806
f 1884 2393 542
f 400 364 2465
f 914 400 2458
f 1464 826 1984
f 1804 1537 1540
f 1490 1797 855
f 99 840 994
f 2457 2463 2474
f 633 573 634
f 633 1443 573
f 1748 2354 2076
f 1809 1806 2185
f 1479 1477 881
f 2421 2438 2403
f 1883 1526 892
f 2160 2443 1434
f 1583 1748 2076
f 528 867 1800
f 863 551 1487
f 1369 891 890
f 1502 472 2429
f 1513 1514 2402
f 525 402 484
f 201 227 40
f 1958 1883 1443
f 1866 1862 233
f 2447 2463 1947
f 1507 557 868
f 877 858 1427
f 1066 1062 805
f 1512 531 533
f 910 2446 803
f 2029 806 567
f 2401 2100 806
f 1516 491 1515
f 1406 1880 2001
f 2120 2451 885
f 2469 484 402
f 1954 1808 1516
f 540 48 937
f 889 495 399
f 486 1356 1396
f 523 1496 606
f 2146 2381 2432
f 1500 468 1497
f 2032 2044 1486
f 2134 400 2465
f 2118 802 1390
f 321 956 957
f 1741 416 2165
f 1486 1945 1485
f 1694 1427 832
f 956 321 323
f 2435 2376 2405
f 1522 329 473
f 515 805 816
f 1271 346 2122
f 2424 2046 2420
f 2458 1530 914
f 407 1336 922
f 783 2038 1443
f 783 1443 633
f 1302 339 896
f 515 286 805
f 707 571 823
f 2426 2182 1967
f 2098 2428 2398
f 2000 2475 1792
f 2156 2443 2461
f 1491 2426 2372
f 1979 1857 1442
f 2390 2106 2159
f 375 376 416
f 931 933 1535
f 1535 933 903
f 2474 2463 933
f 435 337 934
f 654 700 595
f 622 1483 681
f 2376 2135 2335
f 813 970 793
f 363 1130 2185
f 363 1606 360
f 2403 1537 1885
f 286 540 466
f 824 1538 1796
f 833 679 680
f 656 679 833
f 2479 1312 310
f 329 327 326
f 376 375 1501
f 435 1142 375
f 2372 2426 1967
f 738 1497 2412
f 1500 797 609
f 1240 2034 2481
f 583 513 820
f 331 333 330
f 2044 1945 1486
f 1474 1490 774
f 401 1121 1869
f 509 644 812
f 509 812 1457
f 1539 926 925
f 1146 626 556
f 1462 2366 1800
f 18 37 25
f 435 934 1142
f 1474 774 772
f 2381 2365 2358
f 1446 1463 1796
f 415 1998 2052
f 275 251 250
f 1438 1146 556
f 244 272 243
f 1553 223 1061
f 2147 2381 2146
f 5 12 325
f 2041 2369 2315
f 1499 1505 2041
f 1584 848 2348
f 2147 2040 795
f 795 2365 2381
f 737 1595 1910
f 2331 2366 1462
f 172 2291 1038
f 2162 809 2411
f 2411 2106 2162
f 1462 1767 2331
f 886 14 636
f 326 2072 1582
f 2027 2375 2339
f 999 904 209
f 1460 1909 1586
f 985 986 814
f 2422 2415 223
f 221 247 993
f 2327 825 822
f 2422 1570 2415
f 239 1570 814
f 351 5 325
f 995 1972 197
f 2044 796 1459
f 2313 130 2072
f 1945 1757 660
f 347 623 1112
f 2143 2361 2308
f 193 149 138
f 993 340 2198
f 1994 1582 1014
f 1013 2187 2065
f 2031 136 2007
f 2041 1505 2369
f 136 2031 490
f 19 1010 20
f 494 107 1587
f 2152 2341 2317
f 2187 394 2065
f 1938 704 693
f 1462 2407 2393
f 1445 630 1444
f 1387 59 1112
f 2343 872 2109
f 20 1373 19
f 2017 1 2073
f 738 1894 838
f 166 1594 383
f 1544 589 20
f 383 1594 1825
f 1737 1569 2314
f 698 1426 1614
f 759 2040 2406
f 1431 1848 1442
f 1897 1957 1643
f 2362 2398 2359
f 1957 1955 1770
f 253 1905 1903
f 9 28 16
f 1032 1760 99
f 271 1734 270
f 1643 1957 1770
f 510 1457 1783
f 102 104 105
f 1052 105 104
f 1642 739 667
f 1421 1226 1865
f 1321 1740 1742
f 151 89 201
f 232 68 1420
f 1064 258 856
f 2168 1885 755
f 1321 1742 1625
f 847 47 110
f 110 552 847
f 840 847 552
f 552 816 840
f 59 62 32
f 540 286 284
f 142 299 41
f 1638 1639 1919
f 53 23 112
f 114 37 53
f 154 114 53
f 1641 1548 807
f 882 14 886
f 1010 882 886
f 2320 694 1654
f 1112 59 32
f 1373 1399 19
f 80 44 547
f 701 780 765
f 80 547 39
f 1780 718 1366
f 350 2501 2184
f 729 1100 526
f 1181 1640 1778
f 67 729 526
f 46 1640 1181
f 1087 526 27
f 4 1623 2021
f 2293 2320 1654
f 1414 1159 1404
f 1621 604 1102
f 1881 305 1814
f 1881 364 305
f 1629 1805 1627
f 66 67 1631
f 1631 67 1102
f 65 56 1632
f 1938 2401 806
f 1811 2499 2480
f 59 56 87
f 67 72 729
f 2288 652 1398
f 1876 82 2088
f 1648 118 2183
f 893 185 2026
f 1650 1649 976
f 1649 140 111
f 1935 1969 625
f 1398 1658 2288
f 1647 2334 1165
f 1631 2334 66
f 1630 2293 2240
f 912 127 167
f 128 129 190
f 2276 653 1765
f 1780 659 643
f 2258 2306 2264
f 121 1069 159
f 1072 1299 1131
f 183 185 893
f 187 2504 2334
f 1731 1400 1732
f 1973 1747 1299
f 1973 1173 1230
f 1161 1176 1177
f 755 746 750
f 1133 235 1254
f 2341 2286 1568
f 1133 196 235
f 780 700 730
f 210 2005 202
f 213 1282 2502
f 1670 575 905
f 2376 2290 2308
f 1281 230 1856
f 178 1413 2473
f 178 2470 1413
f 1263 1669 1943
f 2362 750 757
f 1794 2114 1802
f 1117 2114 1794
f 339 1076 338
f 1383 1658 1677
f 216 215 283
f 2442 2136 1939
f 2474 1504 373
f 1664 603 1665
f 758 1117 760
f 1345 238 1751
f 62 87 2163
f 1844 62 2163
f 577 598 605
f 2138 2427 2454
f 238 1395 1751
f 2473 1413 259
f 75 76 958
f 1624 1241 1283
f 1283 1887 1624
f 1255 1546 1198
f 1676 300 1624
f 1771 2372 2298
f 1204 1249 1250
f 2440 1698 2484
f 2217 1927 2253
f 249 1970 317
f 1861 1859 249
f 2243 928 992
f 1252 367 1206
f 795 984 835
f 1203 1895 269
f 546 1668 1663
f 578 1668 546
f 1698 2445 1985
f 2099 2103 1125
f 1243 291 1440
f 1264 1265 256
f 560 1020 1658
f 2351 2437 2445
f 1908 607 990
f 1971 1683 300
f 1872 1721 1376
f 1376 584 1872
f 2203 980 1913
f 562 1730 561
f 1347 1352 1924
f 614 545 1372
f 1682 259 1219
f 975 1871 250
f 2225 598 576
f 1268 1407 1195
f 2362 2359 2326
f 214 1235 215
f 1172 1196 288
f 1247 1309 2154
f 2039 1696 585
f 1728 356 307
f 514 586 587
f 559 586 480
f 2202 2157 1780
f 2180 1902 2394
f 2030 736 831
f 2221 2206 1964
f 403 386 1196
f 1722 1701 1531
f 569 539 570
f 2213 1004 1695
f 1690 2324 1152
f 2202 1716 2157
f 2355 739 1642
f 392 145 137
f 763 464 742
f 1704 1179 969
f 1118 1648 2183
f 865 1586 1909
f 2239 1547 2204
f 1605 717 1586
f 1702 2409 2353
f 1777 2196 2195
f 2340 2368 1287
f 1620 1777 2150
f 1729 572 1912
f 520 1912 572
f 1300 1412 1135
f 1134 2345 2395
f 2215 470 1691
f 1371 1385 1951
f 1925 1418 1767
f 2204 1913 2242
f 1778 77 893
f 1096 2378 1092
f 1870 1060 493
f 2238 2039 487
f 576 2015 1710
f 1105 2223 2352
f 2088 82 1847
f 412 506 414
f 1298 2332 2319
f 2150 2316 365
f 2006 434 2357
f 1802 1131 91
f 549 1027 419
f 2114 1131 1802
f 2025 1044 1092
f 2189 2294 1599
f 1691 1916 2215
f 1119 963 1986
f 2336 2340 2121
f 761 2347 2329
f 478 2082 1976
f 2170 1096 2194
f 1925 2348 2309
f 2171 485 1948
f 850 849 848
f 424 1703 2248
f 2082 451 1976
f 2006 463 2238
f 431 451 2082
f 549 419 1715
f 2055 2205 1347
f 429 1027 1949
f 545 1090 1347
f 2280 2239 2242
f 1917 1951 1091
f 2223 1091 1951
f 2280 1948 2239
f 2200 1599 2236
f 786 1074 1713
f 848 2309 2348
f 503 1315 1331
f 1915 503 1331
f 2123 2224 392
f 1329 1876 1126
f 846 821 2306
f 1327 2022 441
f 800 1425 2338
f 1056 529 2245
f 480 492 559
f 2051 2139 2021
f 1646 2021 2139
f 1034 1602 1607
f 1358 1346 794
f 1346 781 946
f 1729 786 869
f 529 1056 1353
f 2337 2201 2254
f 946 2201 2337
f 1319 1988 1345
f 954 2212 794
f 2210 2206 2207
f 1360 1042 1043
f 955 1027 549
f 1349 2266 1990
f 1004 2231 517
f 344 1907 342
f 1385 2197 1951
f 2319 2292 1304
f 1086 1711 1712
f 844 807 749
f 1355 1872 584
f 1620 1940 1777
f 2446 440 535
f 2196 1777 2113
f 1522 327 329
f 1923 1753 504
f 2203 979 980
f 614 1386 1385
f 2068 2137 1939
f 965 1384 553
f 2145 2248 2144
f 553 554 965
f 1314 1330 1331
f 378 1708 425
f 1330 1314 1916
f 1916 1314 2287
f 2371 463 2357
f 767 769 768
f 2258 2148 2214
f 1625 880 1034
f 414 336 412
f 1034 1321 1625
f 2243 600 662
f 1394 1402 1375
f 1313 378 425
f 694 731 2303
f 669 810 2305
f 665 1370 1662
f 2276 1935 2249
f 653 2276 2210
f 2277 2281 1927
f 637 884 638
f 906 898 2259
f 2179 2262 118
f 657 1630 1379
f 657 941 872
f 2297 872 941
f 2284 2303 1657
f 2351 2278 2414
f 2164 2272 2271
f 518 449 1743
f 2305 1425 1414
f 2315 839 1765
f 2109 872 2297
f 2297 2115 2109
f 365 424 1960
f 2115 640 2310
f 2304 665 844
f 1882 718 1780
f 1600 788 692
f 872 1417 657
f 1708 378 1295
f 1739 1740 1628
f 1529 1742 866
f 664 710 864
f 2180 2394 1690
f 121 118 1648
f 2314 751 788
f 1704 969 224
f 906 2302 2318
f 1192 278 450
f 2306 2035 2142
f 2152 2317 2302
f 1425 1749 2338
f 857 722 679
f 2326 2359 2320
f 1242 2124 2392
f 2392 1162 1242
f 1584 782 1598
f 1110 359 791
f 356 1728 1727
f 1300 2395 1687
f 898 897 1638
f 795 2318 2365
f 464 763 864
f 123 122 1128
f 759 2142 1041
f 807 1938 749
f 746 757 750
f 1980 2033 1580
f 1580 2033 1446
f 1745 798 646
f 1576 1569 2356
f 1596 290 2439
f 367 1252 1688
f 1573 1574 793
f 307 2060 2431
f 1898 1728 306
f 695 775 776
f 1265 1264 1262
f 1262 1264 1273
f 1583 1884 1748
f 787 2002 2348
f 150 1875 1318
f 757 746 1759
f 2395 2410 1248
f 764 703 765
f 292 1689 1256
f 1568 700 654
f 654 2341 1568
f 2375 2403 2374
f 2040 759 752
f 1968 2400 2436
f 2046 1597 1496
f 2372 1967 2298
f 1475 1796 1463
f 2374 2403 1885
f 2372 1771 1491
f 853 1456 763
f 2052 1541 1678
f 1800 728 1762
f 1970 1224 1277
f 694 1655 1654
f 2002 787 1958
f 1748 1884 1410
f 1483 834 680
f 1410 1958 787
f 1884 543 1410
f 2285 2268 669
f 715 2029 568
f 2306 2142 2264
f 1538 1476 690
f 2436 1212 1891
f 1724 2299 639
f 242 1257 1232
f 533 595 703
f 2002 1958 1443
f 2454 2087 1837
f 2182 1947 1889
f 2141 2427 2138
f 1931 1642 667
f 2100 567 806
f 1477 1439 881
f 2159 2106 2411
f 590 622 2048
f 860 834 590
f 1885 845 1759
f 1351 2421 634
f 833 834 860
f 1280 257 1238
f 2413 2135 2133
f 1209 183 893
f 2001 1880 2048
f 2453 1246 2482
f 613 2166 2261
f 308 1726 191
f 634 443 899
f 238 1285 226
f 1791 1790 1780
f 1351 445 2421
f 2440 2484 1317
f 768 609 767
f 919 2209 918
f 1299 1747 207
f 1984 1406 1452
f 1259 389 1540
f 115 199 156
f 1542 1894 2412
f 2005 1886 2483
f 2443 875 1434
f 2132 712 598
f 1189 211 1303
f 1885 583 845
f 1537 583 1885
f 2259 1637 2192
f 2463 2457 1947
f 1674 1843 1183
f 236 2470 1254
f 1254 2470 178
f 178 2473 186
f 2434 1505 1743
f 1396 1356 1449
f 1370 2116 628
f 1526 1883 1958
f 507 1516 1808
f 2461 2411 417
f 2128 1978 199
f 175 1180 1839
f 1180 1280 1839
f 175 1839 1308
f 220 183 1199
f 1184 1161 1842
f 1730 2283 1384
f 2452 2122 502
f 1780 643 2202
f 199 198 156
f 1809 2185 1810
f 2457 2474 373
f 1804 389 1803
f 1237 1981 2503
f 1143 1989 1316
f 87 2485 2163
f 401 1811 402
f 944 914 321
f 449 2363 1743
f 2491 1259 1871
f 2226 2152 1635
f 1522 1533 327
f 199 1876 2128
f 1743 2363 1944
f 2 74 1
f 389 1816 930
f 363 361 304
f 2375 2421 2403
f 2433 2178 168
f 1045 1494 2000
f 1494 1070 2000
f 1069 1773 159
f 314 966 964
f 936 363 304
f 938 2474 933
f 65 162 124
f 1781 162 65
f 1069 194 1311
f 2178 2433 1078
f 1019 1078 1080
f 2257 2231 2268
f 1550 1549 997
f 93 2179 2178
f 2148 2258 2252
f 225 1520 1065
f 2255 2068 2404
f 1990 1332 2094
f 273 318 1120
f 1675 1816 2491
f 2233 2253 1906
f 1125 2266 1349
f 111 2266 1125
f 1801 912 1631
f 240 1520 225
f 2231 2257 705
f 1520 240 917
f 1779 894 1934
f 1118 1119 1986
f 1725 2495 1869
f 2093 243 960
f 960 959 2093
f 1714 1118 2183
f 1714 2183 2262
f 1714 2262 1127
f 601 90 88
f 1826 1998 2085
f 906 2151 2153
f 738 2355 1497
f 85 89 71
f 254 252 986
f 2099 69 2056
f 975 192 2491
f 2074 968 1819
f 77 1778 1993
f 1844 1855 2020
f 2113 1400 2228
f 894 1779 1778
f 100 1064 119
f 1987 2024 1622
f 1553 985 2422
f 972 1559 2423
f 2408 2267 2388
f 1802 1113 1617
f 1841 1838 1564
f 632 2210 2208
f 966 1473 1920
f 2020 1545 1844
f 1838 189 1478
f 1838 1841 189
f 1731 1732 1777
f 62 1844 32
f 1097 1100 1618
f 190 167 128
f 192 975 2250
f 1471 2250 975
f 1823 2247 962
f 1823 152 2247
f 1841 998 189
f 2492 2433 168
f 59 1387 1470
f 1617 1113 1187
f 1187 1113 411
f 1942 978 125
f 16 1089 15
f 1567 2230 2229
f 262 882 1010
f 1530 406 404
f 1658 1382 560
f 1193 1067 1846
f 608 391 570
f 1005 107 1461
f 1851 1453 22
f 1927 2217 570
f 1174 1164 1776
f 18 25 110
f 1015 1709 1852
f 1849 1922 2273
f 1994 1014 1849
f 689 154 645
f 2230 116 1432
f 1432 2047 2230
f 1024 1852 70
f 2209 2211 918
f 1450 2104 30
f 86 2073 1
f 840 816 994
f 949 1226 1421
f 941 1752 2216
f 60 1040 1999
f 1686 1278 1160
f 1278 1525 47
f 1062 1049 1048
f 973 988 574
f 1760 1160 99
f 1430 1465 1036
f 271 105 1734
f 1560 68 109
f 1643 1560 109
f 1289 85 1465
f 1226 645 45
f 949 645 1226
f 552 515 816
f 1815 21 1903
f 1025 1181 1466
f 1466 1470 1025
f 9 1399 27
f 347 32 1844
f 2343 2374 2168
f 408 1182 348
f 1633 1102 1087
f 1100 1987 1618
f 246 1525 1014
f 1368 618 2194
f 2063 1673 169
f 2212 992 794
f 1867 1093 1622
f 1078 1856 230
f 585 1370 2039
f 1627 1805 2056
f 1677 2227 988
f 1341 843 1875
f 1126 1123 1329
f 1926 1017 2031
f 1789 1341 1788
f 1789 1648 1873
f 546 1691 578
f 1363 578 470
f 1016 1024 2007
f 2047 2229 2230
f 1021 2198 1029
f 103 158 156
f 171 295 173
f 1014 1582 1451
f 1855 2163 2137
f 1582 130 1451
f 130 2181 1450
f 1322 1133 1254
f 1473 2063 1920
f 2267 61 2127
f 152 2081 2247
f 1317 2484 1985
f 2442 1939 2137
f 1237 1988 1290
f 2019 1943 1222
f 1943 1669 1781
f 167 190 191
f 2497 213 2502
f 1184 1291 2498
f 1023 529 612
f 2504 1335 1138
f 1291 1184 1842
f 1199 2077 153
f 993 2370 2090
f 202 1764 1292
f 1851 993 2090
f 212 1279 187
f 135 566 861
f 1988 1286 1285
f 1143 1843 1858
f 214 1306 1198
f 2490 2496 2478
f 1978 1175 2095
f 1978 2095 1667
f 1012 1824 1604
f 2478 2005 2483
f 186 2473 1180
f 2201 946 990
f 1200 184 1435
f 2090 1555 2417
f 1197 230 1255
f 2417 825 2327
f 1746 266 1407
f 2071 1858 1674
f 1887 1676 1624
f 1270 1407 1268
f 217 1974 1454
f 1454 1974 1238
f 248 171 987
f 415 883 2469
f 1266 1243 1440
f 204 194 1839
f 1263 1247 1378
f 883 2052 1253
f 2453 2439 290
f 2453 290 1246
f 2025 2235 2218
f 1822 208 1046
f 193 1002 687
f 961 2459 2313
f 1564 1838 2093
f 2456 1893 1257
f 1003 1054 471
f 2449 319 1554
f 1498 208 904
f 1360 487 2039
f 1561 938 2188
f 1942 2188 938
f 1557 1942 938
f 319 1685 1554
f 1819 305 2074
f 966 1840 1473
f 1245 1688 1252
f 1920 248 964
f 2126 2072 326
f 1249 370 1267
f 2497 1333 213
f 301 1170 212
f 2364 915 2501
f 1242 1458 207
f 509 2359 644
f 2500 247 221
f 1998 2500 221
f 1672 256 1854
f 1994 1578 350
f 2086 1901 2012
f 350 329 1994
f 1764 1294 1292
f 1224 1152 1288
f 137 145 1212
f 2225 2130 2222
f 1171 312 354
f 304 303 274
f 2499 1869 2495
f 1541 1823 2034
f 1684 1309 1247
f 926 2489 927
f 1907 2378 1096
f 2083 1196 1172
f 354 2169 1171
f 390 354 1699
f 2222 2248 1703
f 2145 319 1960
f 1196 2083 403
f 1121 1733 2494
f 2387 1412 1300
f 1178 2368 392
f 375 1142 1501
f 496 889 1806
f 341 2475 952
f 1952 450 1601
f 960 332 1963
f 2500 415 2480
f 404 922 942
f 1817 1412 2387
f 2278 2222 2382
f 2382 2222 2130
f 773 775 695
f 1812 332 331
f 1812 1963 332
f 1965 1075 1963
f 1702 439 409
f 1702 2353 1736
f 966 1956 929
f 489 2360 537
f 2363 537 2360
f 2050 1965 1963
f 1145 1707 2092
f 385 1710 1145
f 2486 1966 448
f 1944 2487 1743
f 2371 441 463
f 1292 1834 202
f 447 448 1966
f 908 916 909
f 1916 1914 1330
f 2332 2242 2319
f 2150 2195 2316
f 1712 1342 1086
f 417 2165 416
f 266 1746 168
f 440 1535 903
f 455 1350 2022
f 1346 946 1309
f 364 1881 2465
f 1156 902 1157
f 498 503 1915
f 2463 2447 933
f 1729 1912 1074
f 2471 2075 1858
f 2121 1053 2300
f 1915 1914 500
f 350 473 329
f 883 484 2469
f 493 479 514
f 514 479 480
f 337 2428 1334
f 2292 2202 2174
f 1054 1911 1073
f 786 1713 2194
f 1868 2194 469
f 471 1042 1003
f 1509 2462 330
f 2485 2112 2097
f 486 2120 1813
f 539 1700 541
f 2441 2455 2476
f 495 330 924
f 2485 2097 2391
f 1405 493 514
f 1096 469 2194
f 2170 2194 1713
f 2039 2238 1696
f 2199 2224 1020
f 2037 1020 2224
f 2221 1357 1350
f 1964 1357 2221
f 781 1908 946
f 1951 2197 2223
f 574 2227 1961
f 1364 1523 523
f 1808 1364 507
f 2123 2300 1053
f 1509 330 495
f 1051 2223 2197
f 583 1804 513
f 946 1908 990
f 549 1715 506
f 548 789 594
f 955 1695 1027
f 1599 2148 2189
f 2190 2196 2113
f 1090 2055 1347
f 2211 2173 918
f 643 2173 2174
f 883 1253 544
f 1678 544 1253
f 407 2049 1514
f 2227 574 988
f 2197 575 1961
f 459 452 2023
f 1111 460 2245
f 1886 2466 2483
f 613 2197 1385
f 1342 2287 1086
f 2222 2131 2225
f 1352 1664 1924
f 543 1678 465
f 2209 632 2208
f 2206 2249 1964
f 433 1284 1532
f 2241 1657 2232
f 1542 2452 1894
f 238 2070 1395
f 955 2268 2213
f 282 283 215
f 2268 1004 2213
f 2425 2455 2441
f 2407 867 542
f 1971 2478 2466
f 435 2119 337
f 716 749 715
f 716 1502 2379
f 598 2131 2132
f 1668 649 1615
f 1655 1900 579
f 1642 1931 591
f 667 668 948
f 2268 955 669
f 859 833 537
f 2244 2264 2143
f 1996 675 2256
f 525 484 1800
f 2411 809 417
f 2084 1970 249
f 2167 2261 2166
f 534 1953 2426
f 568 2029 567
f 1775 1509 495
f 2028 581 538
f 2276 693 1935
f 625 1969 1548
f 2223 2121 2340
f 1656 1402 1424
f 1401 1656 1424
f 888 640 641
f 1499 859 1505
f 1488 1880 826
f 1984 826 1880
f 646 798 648
f 1634 678 1933
f 1495 880 1937
f 1495 1521 880
f 1900 2303 2284
f 1256 238 1266
f 669 2305 2285
f 2263 1967 2110
f 2161 2164 1657
f 691 2331 2288
f 672 722 857
f 300 1676 1275
f 1275 1971 300
f 1645 2346 2312
f 1642 2312 2346
f 900 1351 899
f 2369 1505 2396
f 751 2314 762
f 1489 1220 2095
f 2356 1569 911
f 2375 634 2421
f 800 1438 1159
f 2161 2106 2164
f 2331 691 728
f 1679 1281 2450
f 1707 1145 1710
f 1748 1410 787
f 556 564 1438
f 627 564 556
f 385 2066 1710
f 1041 2142 2035
f 730 700 2323
f 715 806 2029
f 692 788 772
f 782 2375 2027
f 1566 1565 740
f 257 259 1682
f 2366 728 1800
f 688 815 790
f 1573 790 815
f 763 742 853
f 2348 2002 2038
f 1584 2348 2038
f 1569 706 762
f 796 1460 1459
f 1270 1268 1269
f 1573 804 790
f 1757 1595 660
f 1571 1754 754
f 1590 1527 1572
f 2460 287 1971
f 684 1527 1590
f 2398 2362 757
f 713 1782 1749
f 1759 746 755
f 728 774 1762
f 1766 1755 1962
f 801 802 770
f 2374 1885 2168
f 2168 755 1441
f 1554 2440 2464
f 1945 2044 1459
f 779 778 777
f 2135 2413 2335
f 1775 2385 695
f 660 1563 832
f 2450 1272 1215
f 660 832 1484
f 2182 1889 1472
f 2354 787 2348
f 826 1475 827
f 564 743 708
f 1459 1586 1757
f 830 1597 2046
f 1680 2456 1223
f 1449 1518 621
f 773 911 2036
f 2330 2164 2106
f 795 752 984
f 535 534 1491
f 1491 534 2426
f 2383 2049 2432
f 644 2119 812
f 2428 644 2398
f 700 1568 2323
f 2146 2435 2406
f 356 374 1111
f 524 2420 1496
f 858 522 1484
f 774 728 692
f 728 2366 2331
f 1701 396 1531
f 2339 888 2027
f 2339 2374 2343
f 2318 2358 2365
f 2347 1962 2329
f 2147 2406 2040
f 732 510 511
f 410 461 462
f 1415 709 743
f 2413 2133 1284
f 711 1591 2307
f 1446 2033 718
f 1883 1369 1443
f 2033 1980 724
f 1797 1519 458
f 741 426 2305
f 2098 513 1803
f 2076 2354 1925
f 871 903 1953
f 362 324 296
f 2432 2458 2435
f 1877 2438 445
f 571 1806 1809
f 507 491 1516
f 2325 818 1882
f 1882 818 718
f 2119 435 497
f 810 666 740
f 497 435 416
f 408 461 410
f 698 1597 830
f 714 697 736
f 697 1426 736
f 888 2339 2310
f 2343 1428 872
f 1741 497 416
f 910 1201 2446
f 1302 1449 1792
f 1722 432 1701
f 1807 1954 878
f 1795 878 1954
f 2331 1767 1418
f 724 874 2033
f 895 852 1447
f 1259 1540 2438
f 2446 1201 440
f 683 2323 675
f 707 762 706
f 890 892 1205
f 1526 2481 892
f 447 446 448
f 1366 718 874
f 1336 1536 922
f 1606 363 2185
f 1034 880 1521
f 1284 1075 1965
f 1965 2050 1532
f 1532 1284 1965
f 1611 721 678
f 1817 2387 1274
f 2453 315 2439
f 1739 1616 1740
f 924 330 333
f 1812 1959 2050
f 2469 2480 415
f 440 1201 2489
f 2486 448 895
f 2309 677 2281
f 2477 1501 1038
f 305 364 920
f 219 300 379
f 1933 658 1495
f 278 1192 279
f 389 1259 2491
f 1541 2052 1998
f 2399 290 1596
f 2489 289 1524
f 1142 987 1501
f 938 1510 1557
f 1835 1866 977
f 918 887 919
f 2228 2289 2290
f 1038 1492 172
f 247 2499 2495
f 928 662 663
f 1596 2439 315
f 1944 2363 2274
f 1383 1670 2288
f 2408 2155 2267
f 854 401 402
f 2059 2180 1690
f 905 2288 1670
f 2293 1654 2240
f 1550 229 1063
f 221 2085 1998
f 152 1823 1826
f 641 619 642
f 243 1838 245
f 2286 2152 2226
f 1899 1727 1898
f 1942 1557 978
f 665 2116 1370
f 2186 1723 2423
f 1723 972 2423
f 1258 2431 2409
f 1931 667 1753
f 2112 2337 2367
f 2273 2234 2364
f 2141 2130 2427
f 2253 1927 2281
f 377 1167 1679
f 2389 2415 1570
f 2240 1654 1391
f 610 2277 1927
f 2410 1320 1248
f 1822 193 138
f 138 1587 1822
f 2275 1975 182
f 616 941 2216
f 2181 1944 2274
f 2257 943 586
f 687 149 193
f 2367 2391 2097
f 182 2062 2275
f 494 1587 138
f 1461 2062 999
f 132 2129 2250
f 1195 1407 288
f 1445 135 861
f 1950 2249 1935
f 2246 2054 2274
f 2279 2096 2090
f 919 632 2209
f 336 280 1192
f 280 336 281
f 1448 61 2267
f 1453 2090 2096
f 1191 1722 285
f 2073 86 2229
f 2247 1995 1468
f 1995 2247 2081
f 585 584 1662
f 1018 1035 1448
f 1995 428 1468
f 1760 1032 1009
f 2144 2351 2445
f 1035 1018 1430
f 2073 1983 2017
f 1957 1897 2010
f 2010 133 1957
f 2017 1983 1744
f 614 1385 1371
f 1922 1849 1686
f 2047 113 1983
f 348 461 408
f 1431 102 1848
f 1026 1023 579
f 1897 1643 109
f 1897 109 100
f 1734 1052 1719
f 1719 1905 1734
f 2012 1907 344
f 1698 1685 319
f 1026 1653 1799
f 1226 1673 1865
f 315 2453 1861
f 1066 1528 1049
f 1693 1367 315
f 1377 1870 1405
f 308 301 1726
f 1064 68 258
f 2025 2218 2217
f 2233 1906 2025
f 47 1160 1278
f 1680 1899 2456
f 42 227 1289
f 362 296 297
f 297 1735 362
f 1026 1799 485
f 1054 1921 1911
f 689 34 154
f 114 34 284
f 34 540 284
f 34 114 154
f 1357 1872 1350
f 3 14 17
f 12 14 3
f 422 84 1008
f 493 1405 1870
f 873 907 262
f 2416 2380 377
f 623 438 1112
f 1706 2380 2416
f 347 11 623
f 1961 2227 2037
f 413 1423 1187
f 266 288 1407
f 9 10 1399
f 1059 1870 1058
f 28 9 27
f 380 2124 1705
f 33 601 1544
f 1617 1423 1802
f 1948 1547 2239
f 2242 1913 2251
f 1470 1779 647
f 647 1779 1129
f 1454 1238 1682
f 342 1907 1219
f 2136 1554 2464
f 2449 1554 2136
f 2089 73 1805
f 1109 727 2089
f 1429 1265 1262
f 727 73 2089
f 1106 1047 1344
f 2056 1805 2103
f 2021 1646 1977
f 569 1188 539
f 1125 81 111
f 2050 538 1532
f 758 1071 2079
f 1127 2262 93
f 500 498 1915
f 1916 1691 1348
f 1173 758 2079
f 147 1644 1874
f 1198 1546 1233
f 126 1323 1101
f 2319 2242 2251
f 2251 1716 2292
f 2018 2235 2270
f 1329 2128 1876
f 2404 1317 2255
f 1846 1047 2067
f 1047 1846 1344
f 2177 2067 2094
f 2170 1713 2169
f 1252 1206 198
f 164 159 2488
f 1251 1206 367
f 1287 2368 2400
f 175 1308 1101
f 1267 1203 1250
f 2464 2404 1939
f 1533 1543 2100
f 1170 2340 1287
f 1659 1311 1150
f 1773 1311 1659
f 2488 1773 1659
f 230 1080 1078
f 1701 1136 396
f 436 1346 1309
f 1092 2011 2270
f 218 1389 1223
f 1735 1304 362
f 2337 1309 946
f 1735 219 1304
f 1858 2071 266
f 1303 1149 1189
f 1301 203 1189
f 2032 681 785
f 187 1279 2504
f 2502 1282 2493
f 2503 2502 2493
f 1143 1858 2075
f 1367 1327 441
f 463 2006 2357
f 1771 2384 1491
f 1217 1225 1216
f 2332 969 2280
f 2058 216 283
f 1086 2287 2380
f 403 387 386
f 1292 1291 2172
f 1162 380 2055
f 1103 1090 1091
f 387 1708 1295
f 2490 1275 1333
f 1429 1193 256
f 1203 269 235
f 2328 2150 2149
f 1985 2445 2140
f 2082 1701 432
f 211 203 1223
f 2484 1698 1985
f 1651 2352 1170
f 1107 791 1077
f 1320 436 1684
f 1320 2345 1081
f 1854 2472 1236
f 1854 1236 1672
f 1180 2473 257

