case_id	scene_id	date	sequence	object_name	target_actor	target_actor_index	partner_actor	partner_actor_index	raw_frame_count	raw_fps	canonical_fps	raw_contact_key	partner_contact_person_index	contact_left_index	contact_right_index	contact_threshold_m	source_pairing_case_id	spider_git_commit	upstream_version	upstream_method_id	partner_status	target_untrimmed_npz	target_trimmed_npz	target_trim_window_json	partner_untrimmed_npz	partner_trimmed_npz	partner_trim_window_json	target_raw_contact_path	raw_contact_path	target_untrimmed_npz_sha256	target_trimmed_npz_sha256	target_trim_window_json_sha256	partner_untrimmed_npz_sha256	partner_trimmed_npz_sha256	partner_trim_window_json_sha256	target_raw_contact_path_sha256	raw_contact_path_sha256
box001_20231003_1_041_p2	box001_20231003_1_041	20231003_1	041	Box001	person2	1	person1	0	166	30	50	raw_contact_mask_3cm	0	0	1	0.03	box001_20231003_1_041_p2	4e643e74446ab053b763d2ab6a072895cf33ac27	E173	omnirt_v1_TSV_TRAJECTORY	pass	SPIDER_ROOT::workspace/core4d/results/E197/s6_downstream/rl_export/partner_reexport_v1/release/omnirt_v1_ref_fk/holosoma_dcv3_omnirt_v1_ref_fk_box001_20231003_1_041_p2/retargeted/20231003_1-041-person2-box001_with_obj_original.npz	SPIDER_ROOT::workspace/core4d/results/E197/s6_downstream/rl_export/partner_reexport_v1/release/omnirt_v1_ref_fk/holosoma_dcv3_omnirt_v1_ref_fk_box001_20231003_1_041_p2/trimmed/20231003_1-041-person2-box001_with_obj_original.npz	SPIDER_ROOT::workspace/core4d/results/E197/s6_downstream/rl_export/partner_reexport_v1/release/omnirt_v1_ref_fk/holosoma_dcv3_omnirt_v1_ref_fk_box001_20231003_1_041_p2/trim_window.json	SPIDER_ROOT::workspace/core4d/results/E197/s6_downstream/rl_export/partner_reexport_v1/release/omnirt_v1_ref_fk/holosoma_dcv3_omnirt_v1_ref_fk_box001_20231003_1_041_p1/retargeted/20231003_1-041-person1-box001_with_obj_original.npz	SPIDER_ROOT::workspace/core4d/results/E197/s6_downstream/rl_export/partner_reexport_v1/release/omnirt_v1_ref_fk/holosoma_dcv3_omnirt_v1_ref_fk_box001_20231003_1_041_p1/trimmed/20231003_1-041-person1-box001_with_obj_original.npz	SPIDER_ROOT::workspace/core4d/results/E197/s6_downstream/rl_export/partner_reexport_v1/release/omnirt_v1_ref_fk/holosoma_dcv3_omnirt_v1_ref_fk_box001_20231003_1_041_p1/trim_window.json	SPIDER_ROOT::workspace/core4d/results/E197/s6_downstream/rl_export/partner_reexport_v1/release/omnirt_v1_ref_fk/contact_masks/dcv3_omnirt_v1_ref_fk_box001_20231003_1_041_p2/raw_contact_mask_3cm.npz	SPIDER_ROOT::workspace/core4d/results/E197/s6_downstream/rl_export/partner_reexport_v1/release/omnirt_v1_ref_fk/contact_masks/dcv3_omnirt_v1_ref_fk_box001_20231003_1_041_p1/raw_contact_mask_3cm.npz	bea5ea284d05a0755d15ea15615b48f4b0fa4b841c1c55f32277b03dae1d6337	0e712dffbda67df4811e9eb61ad72ccfe7dd10e7db8c59a5772a14ad604f02d6	d498af6843dfb4acc6e8a4d89c933d3e35f8d30970514f7d3cb7d88b50316974	caf19829bd0492727199337fee486273364991668869b37a5a4f9b73245410f1	582a2d1761bd9a877ec3a03e749163cdd6a552051e1f5ceda77b4f83d2b4d5db	1d1a5cb38a3331d1e78c7c18b3b1a8943cf1bc1acc8d25c32db4bc0344d2cc06	7f96b83d4d7ef4079d90084eb09f8bdbc5f892c0065bd886317efcd03b22282a	7bb8e148f043243a5519521fc70fbd5658141d15f86f7765ff6c97a2d339cf66
box001_20231003_1_042_p1	box001_20231003_1_042	20231003_1	042	Box001	person1	0	person2	1	156	30	50	raw_contact_mask_3cm	1	0	1	0.03	box001_20231003_1_042_p1	4e643e74446ab053b763d2ab6a072895cf33ac27	E173	omnirt_v1_TSV_TRAJECTORY	pass	SPIDER_ROOT::workspace/core4d/results/E197/s6_downstream/rl_export/partner_reexport_v1/release/omnirt_v1_ref_fk/holosoma_dcv3_omnirt_v1_ref_fk_box001_20231003_1_042_p1/retargeted/20231003_1-042-person1-box001_with_obj_original.npz	SPIDER_ROOT::workspace/core4d/results/E197/s6_downstream/rl_export/partner_reexport_v1/release/omnirt_v1_ref_fk/holosoma_dcv3_omnirt_v1_ref_fk_box001_20231003_1_042_p1/trimmed/20231003_1-042-person1-box001_with_obj_original.npz	SPIDER_ROOT::workspace/core4d/results/E197/s6_downstream/rl_export/partner_reexport_v1/release/omnirt_v1_ref_fk/holosoma_dcv3_omnirt_v1_ref_fk_box001_20231003_1_042_p1/trim_window.json	SPIDER_ROOT::workspace/core4d/results/E197/s6_downstream/rl_export/partner_reexport_v1/release/omnirt_v1_ref_fk/holosoma_dcv3_omnirt_v1_ref_fk_box001_20231003_1_042_p2/retargeted/20231003_1-042-person2-box001_with_obj_original.npz	SPIDER_ROOT::workspace/core4d/results/E197/s6_downstream/rl_export/partner_reexport_v1/release/omnirt_v1_ref_fk/holosoma_dcv3_omnirt_v1_ref_fk_box001_20231003_1_042_p2/trimmed/20231003_1-042-person2-box001_with_obj_original.npz	SPIDER_ROOT::workspace/core4d/results/E197/s6_downstream/rl_export/partner_reexport_v1/release/omnirt_v1_ref_fk/holosoma_dcv3_omnirt_v1_ref_fk_box001_20231003_1_042_p2/trim_window.json	SPIDER_ROOT::workspace/core4d/results/E197/s6_downstream/rl_export/partner_reexport_v1/release/omnirt_v1_ref_fk/contact_masks/dcv3_omnirt_v1_ref_fk_box001_20231003_1_042_p1/raw_contact_mask_3cm.npz	SPIDER_ROOT::workspace/core4d/results/E197/s6_downstream/rl_export/partner_reexport_v1/release/omnirt_v1_ref_fk/contact_masks/dcv3_omnirt_v1_ref_fk_box001_20231003_1_042_p2/raw_contact_mask_3cm.npz	6e8cb9ce46f356548b15c0775f5625f2e6d08864854938991df5bffa885c7bd7	7ccf7802aa57569fda9a2376f99a21ab92e026dd4a5f6dc4d8f92d8457c5d2cc	b835bc1f303dc873a7583f594c7988512d4ea8e018ba5e1215ae8e9b3859dd3f	ff6c47c83279945515262e9a920184859daaa4a3f87194e635f586c6a0dc2fd1	1adeae51744bdb48a4704105fe7c675a97a4675261f1337429f52357e4dac22c	052c869caa3dc00937357377245db3f9bb29382a92cb6dd7b06349bf5d5b87b3	cb5d820da879141253160041b0cce9414cfe6fa4074d34f69bf4d069465215f2	68e952cabeedd065baee229cb439f6568b580d384ff52ddfe138f5027ef371ad
box001_20231003_2_037_p2	box001_20231003_2_037	20231003_2	037	Box001	person2	1	person1	0	128	30	50	raw_contact_mask_3cm	0	0	1	0.03	box001_20231003_2_037_p2	4e643e74446ab053b763d2ab6a072895cf33ac27	E173	omnirt_v1_TSV_TRAJECTORY	pass	SPIDER_ROOT::workspace/core4d/results/E197/s6_downstream/rl_export/partner_reexport_v1/release/omnirt_v1_ref_fk/holosoma_dcv3_omnirt_v1_ref_fk_box001_20231003_2_037_p2/retargeted/20231003_2-037-person2-box001_with_obj_original.npz	SPIDER_ROOT::workspace/core4d/results/E197/s6_downstream/rl_export/partner_reexport_v1/release/omnirt_v1_ref_fk/holosoma_dcv3_omnirt_v1_ref_fk_box001_20231003_2_037_p2/trimmed/20231003_2-037-person2-box001_with_obj_original.npz	SPIDER_ROOT::workspace/core4d/results/E197/s6_downstream/rl_export/partner_reexport_v1/release/omnirt_v1_ref_fk/holosoma_dcv3_omnirt_v1_ref_fk_box001_20231003_2_037_p2/trim_window.json	SPIDER_ROOT::workspace/core4d/results/E197/s6_downstream/rl_export/partner_reexport_v1/release/omnirt_v1_ref_fk/holosoma_dcv3_omnirt_v1_ref_fk_box001_20231003_2_037_p1/retargeted/20231003_2-037-person1-box001_with_obj_original.npz	SPIDER_ROOT::workspace/core4d/results/E197/s6_downstream/rl_export/partner_reexport_v1/release/omnirt_v1_ref_fk/holosoma_dcv3_omnirt_v1_ref_fk_box001_20231003_2_037_p1/trimmed/20231003_2-037-person1-box001_with_obj_original.npz	SPIDER_ROOT::workspace/core4d/results/E197/s6_downstream/rl_export/partner_reexport_v1/release/omnirt_v1_ref_fk/holosoma_dcv3_omnirt_v1_ref_fk_box001_20231003_2_037_p1/trim_window.json	SPIDER_ROOT::workspace/core4d/results/E197/s6_downstream/rl_export/partner_reexport_v1/release/omnirt_v1_ref_fk/contact_masks/dcv3_omnirt_v1_ref_fk_box001_20231003_2_037_p2/raw_contact_mask_3cm.npz	SPIDER_ROOT::workspace/core4d/results/E197/s6_downstream/rl_export/partner_reexport_v1/release/omnirt_v1_ref_fk/contact_masks/dcv3_omnirt_v1_ref_fk_box001_20231003_2_037_p1/raw_contact_mask_3cm.npz	c1beef399df3d9e6e6152f869911ec47eddd513af865446654d6904d32986d3f	a4553bcb22d38af19467003c1f9fda3918e61bbe7bf570b40be1b2db9d06949b	8b54a391f9640cc58c3777d27ea83f62cce6ce0356ab66cc4e8edc3e50c99d4b	1f99be27df7e648a4ff832ef83805d9f80bd45458cdf5b9eeffb34e85a3174e5	ce892841b2eb73652edda0815665276dc13080aeffc96a3e4f59ff176815e0d8	26f658b2c139b3eb44227a26291fb4296ed7a4140f0a0f9a9a259b5f46d4bf07	426c70687f01458b6b1b659dc02d029a5d05001bdd766d60da228409a7b0f48e	8bcd43b3255f0a6b263fff0207293a936e55f92a7175708bfd3d33d0d9d59c3c
box001_20231003_2_038_p1	box001_20231003_2_038	20231003_2	038	Box001	person1	0	person2	1	130	30	50	raw_contact_mask_3cm	1	0	1	0.03	box001_20231003_2_038_p1	4e643e74446ab053b763d2ab6a072895cf33ac27	E173	omnirt_v1_TSV_TRAJECTORY	pass	SPIDER_ROOT::workspace/core4d/results/E197/s6_downstream/rl_export/partner_reexport_v1/release/omnirt_v1_ref_fk/holosoma_dcv3_omnirt_v1_ref_fk_box001_20231003_2_038_p1/retargeted/20231003_2-038-person1-box001_with_obj_original.npz	SPIDER_ROOT::workspace/core4d/results/E197/s6_downstream/rl_export/partner_reexport_v1/release/omnirt_v1_ref_fk/holosoma_dcv3_omnirt_v1_ref_fk_box001_20231003_2_038_p1/trimmed/20231003_2-038-person1-box001_with_obj_original.npz	SPIDER_ROOT::workspace/core4d/results/E197/s6_downstream/rl_export/partner_reexport_v1/release/omnirt_v1_ref_fk/holosoma_dcv3_omnirt_v1_ref_fk_box001_20231003_2_038_p1/trim_window.json	SPIDER_ROOT::workspace/core4d/results/E197/s6_downstream/rl_export/partner_reexport_v1/release/omnirt_v1_ref_fk/holosoma_dcv3_omnirt_v1_ref_fk_box001_20231003_2_038_p2/retargeted/20231003_2-038-person2-box001_with_obj_original.npz	SPIDER_ROOT::workspace/core4d/results/E197/s6_downstream/rl_export/partner_reexport_v1/release/omnirt_v1_ref_fk/holosoma_dcv3_omnirt_v1_ref_fk_box001_20231003_2_038_p2/trimmed/20231003_2-038-person2-box001_with_obj_original.npz	SPIDER_ROOT::workspace/core4d/results/E197/s6_downstream/rl_export/partner_reexport_v1/release/omnirt_v1_ref_fk/holosoma_dcv3_omnirt_v1_ref_fk_box001_20231003_2_038_p2/trim_window.json	SPIDER_ROOT::workspace/core4d/results/E197/s6_downstream/rl_export/partner_reexport_v1/release/omnirt_v1_ref_fk/contact_masks/dcv3_omnirt_v1_ref_fk_box001_20231003_2_038_p1/raw_contact_mask_3cm.npz	SPIDER_ROOT::workspace/core4d/results/E197/s6_downstream/rl_export/partner_reexport_v1/release/omnirt_v1_ref_fk/contact_masks/dcv3_omnirt_v1_ref_fk_box001_20231003_2_038_p2/raw_contact_mask_3cm.npz	db1a1aa068966d3463e6909d21b85c8c01c7435822e93e59b81040defcd044a5	4d7892ec1ddf2ba6e469df9b99693de63fc1c4eb56cc81c461920b34cb72e52f	b6eef22a830f232a4f4033688765a974fe88f1463f96c2134cd7ca99ddbe0d07	0bd36f900c66f8d1cadde5f250bea37a8493464bb11b0521338c8159d9fc350f	14ee039c7c9565d9a3d55621180036cd0a575c2f819007545b808c397bcd0558	ae7dcefc045e18c1bbda772977a2dbbc403c133afa581e93261a2a49dcb5f063	63f85e8b2e41506a836340f010e15fbfda67b993ba6983b9413195227a37cc8a	d940121d14e7e53b1a43f838b8e7baefb975d1c29374a5863832435925128910
box001_20231003_2_038_p2	box001_20231003_2_038	20231003_2	038	Box001	person2	1	person1	0	130	30	50	raw_contact_mask_3cm	0	0	1	0.03	box001_20231003_2_038_p2	4e643e74446ab053b763d2ab6a072895cf33ac27	E173	omnirt_v1_TSV_TRAJECTORY	pass	SPIDER_ROOT::workspace/core4d/results/E197/s6_downstream/rl_export/partner_reexport_v1/release/omnirt_v1_ref_fk/holosoma_dcv3_omnirt_v1_ref_fk_box001_20231003_2_038_p2/retargeted/20231003_2-038-person2-box001_with_obj_original.npz	SPIDER_ROOT::workspace/core4d/results/E197/s6_downstream/rl_export/partner_reexport_v1/release/omnirt_v1_ref_fk/holosoma_dcv3_omnirt_v1_ref_fk_box001_20231003_2_038_p2/trimmed/20231003_2-038-person2-box001_with_obj_original.npz	SPIDER_ROOT::workspace/core4d/results/E197/s6_downstream/rl_export/partner_reexport_v1/release/omnirt_v1_ref_fk/holosoma_dcv3_omnirt_v1_ref_fk_box001_20231003_2_038_p2/trim_window.json	SPIDER_ROOT::workspace/core4d/results/E197/s6_downstream/rl_export/partner_reexport_v1/release/omnirt_v1_ref_fk/holosoma_dcv3_omnirt_v1_ref_fk_box001_20231003_2_038_p1/retargeted/20231003_2-038-person1-box001_with_obj_original.npz	SPIDER_ROOT::workspace/core4d/results/E197/s6_downstream/rl_export/partner_reexport_v1/release/omnirt_v1_ref_fk/holosoma_dcv3_omnirt_v1_ref_fk_box001_20231003_2_038_p1/trimmed/20231003_2-038-person1-box001_with_obj_original.npz	SPIDER_ROOT::workspace/core4d/results/E197/s6_downstream/rl_export/partner_reexport_v1/release/omnirt_v1_ref_fk/holosoma_dcv3_omnirt_v1_ref_fk_box001_20231003_2_038_p1/trim_window.json	SPIDER_ROOT::workspace/core4d/results/E197/s6_downstream/rl_export/partner_reexport_v1/release/omnirt_v1_ref_fk/contact_masks/dcv3_omnirt_v1_ref_fk_box001_20231003_2_038_p2/raw_contact_mask_3cm.npz	SPIDER_ROOT::workspace/core4d/results/E197/s6_downstream/rl_export/partner_reexport_v1/release/omnirt_v1_ref_fk/contact_masks/dcv3_omnirt_v1_ref_fk_box001_20231003_2_038_p1/raw_contact_mask_3cm.npz	0bd36f900c66f8d1cadde5f250bea37a8493464bb11b0521338c8159d9fc350f	14ee039c7c9565d9a3d55621180036cd0a575c2f819007545b808c397bcd0558	ae7dcefc045e18c1bbda772977a2dbbc403c133afa581e93261a2a49dcb5f063	db1a1aa068966d3463e6909d21b85c8c01c7435822e93e59b81040defcd044a5	4d7892ec1ddf2ba6e469df9b99693de63fc1c4eb56cc81c461920b34cb72e52f	b6eef22a830f232a4f4033688765a974fe88f1463f96c2134cd7ca99ddbe0d07	d940121d14e7e53b1a43f838b8e7baefb975d1c29374a5863832435925128910	63f85e8b2e41506a836340f010e15fbfda67b993ba6983b9413195227a37cc8a
box001_20231023_107_p1	box001_20231023_107	20231023	107	Box001	person1	0	person2	1	117	30	50	raw_contact_mask_3cm	1	0	1	0.03	box001_20231023_107_p1	4e643e74446ab053b763d2ab6a072895cf33ac27	E173	omnirt_v1_TSV_TRAJECTORY	pass	SPIDER_ROOT::workspace/core4d/results/E197/s6_downstream/rl_export/partner_reexport_v1/release/omnirt_v1_ref_fk/holosoma_dcv3_omnirt_v1_ref_fk_box001_20231023_107_p1/retargeted/20231023-107-person1-Box001_with_obj_original.npz	SPIDER_ROOT::workspace/core4d/results/E197/s6_downstream/rl_export/partner_reexport_v1/release/omnirt_v1_ref_fk/holosoma_dcv3_omnirt_v1_ref_fk_box001_20231023_107_p1/trimmed/20231023-107-person1-Box001_with_obj_original.npz	SPIDER_ROOT::workspace/core4d/results/E197/s6_downstream/rl_export/partner_reexport_v1/release/omnirt_v1_ref_fk/holosoma_dcv3_omnirt_v1_ref_fk_box001_20231023_107_p1/trim_window.json	SPIDER_ROOT::workspace/core4d/results/E197/s6_downstream/rl_export/partner_reexport_v1/release/omnirt_v1_ref_fk/holosoma_dcv3_omnirt_v1_ref_fk_box001_20231023_107_p2/retargeted/20231023-107-person2-Box001_with_obj_original.npz	SPIDER_ROOT::workspace/core4d/results/E197/s6_downstream/rl_export/partner_reexport_v1/release/omnirt_v1_ref_fk/holosoma_dcv3_omnirt_v1_ref_fk_box001_20231023_107_p2/trimmed/20231023-107-person2-Box001_with_obj_original.npz	SPIDER_ROOT::workspace/core4d/results/E197/s6_downstream/rl_export/partner_reexport_v1/release/omnirt_v1_ref_fk/holosoma_dcv3_omnirt_v1_ref_fk_box001_20231023_107_p2/trim_window.json	SPIDER_ROOT::workspace/core4d/results/E197/s6_downstream/rl_export/partner_reexport_v1/release/omnirt_v1_ref_fk/contact_masks/dcv3_omnirt_v1_ref_fk_box001_20231023_107_p1/raw_contact_mask_3cm.npz	SPIDER_ROOT::workspace/core4d/results/E197/s6_downstream/rl_export/partner_reexport_v1/release/omnirt_v1_ref_fk/contact_masks/dcv3_omnirt_v1_ref_fk_box001_20231023_107_p2/raw_contact_mask_3cm.npz	59f2ca2dcf00cd69f803009f3cedd00113dfaa6df75791f3add2b02cdf01214b	7133e17466b2870768522281f94bc72b4fd61244570c24d041ed4f2c161cc794	ce1611711bb3d0ca56a94f44ecfeba50e0fcea4f7e36a3d4da49bdf90a7181b1	536359f8c3afd73746e8cb6ee7a73cd9bfd3c3e8369a1ea2e1473917e94166c3	e6473276097b06230aca68f7ed5ca9efdb35038a389f4cc96c8bddca3bfba69c	ffda42bbd17d5f32d6a738ffe34fc3c49d2f8cf4d66005c932535e6b48916454	86b3bc31a08a9d6e2b5f14992a923bcb0aa54696cd900201412be1de8e5098a8	a7382d783f94314e9243fb12c081414b4652edb0ff98c61278946d74add0b706
box001_20231023_107_p2	box001_20231023_107	20231023	107	Box001	person2	1	person1	0	117	30	50	raw_contact_mask_3cm	0	0	1	0.03	box001_20231023_107_p2	4e643e74446ab053b763d2ab6a072895cf33ac27	E173	omnirt_v1_TSV_TRAJECTORY	pass	SPIDER_ROOT::workspace/core4d/results/E197/s6_downstream/rl_export/partner_reexport_v1/release/omnirt_v1_ref_fk/holosoma_dcv3_omnirt_v1_ref_fk_box001_20231023_107_p2/retargeted/20231023-107-person2-Box001_with_obj_original.npz	SPIDER_ROOT::workspace/core4d/results/E197/s6_downstream/rl_export/partner_reexport_v1/release/omnirt_v1_ref_fk/holosoma_dcv3_omnirt_v1_ref_fk_box001_20231023_107_p2/trimmed/20231023-107-person2-Box001_with_obj_original.npz	SPIDER_ROOT::workspace/core4d/results/E197/s6_downstream/rl_export/partner_reexport_v1/release/omnirt_v1_ref_fk/holosoma_dcv3_omnirt_v1_ref_fk_box001_20231023_107_p2/trim_window.json	SPIDER_ROOT::workspace/core4d/results/E197/s6_downstream/rl_export/partner_reexport_v1/release/omnirt_v1_ref_fk/holosoma_dcv3_omnirt_v1_ref_fk_box001_20231023_107_p1/retargeted/20231023-107-person1-Box001_with_obj_original.npz	SPIDER_ROOT::workspace/core4d/results/E197/s6_downstream/rl_export/partner_reexport_v1/release/omnirt_v1_ref_fk/holosoma_dcv3_omnirt_v1_ref_fk_box001_20231023_107_p1/trimmed/20231023-107-person1-Box001_with_obj_original.npz	SPIDER_ROOT::workspace/core4d/results/E197/s6_downstream/rl_export/partner_reexport_v1/release/omnirt_v1_ref_fk/holosoma_dcv3_omnirt_v1_ref_fk_box001_20231023_107_p1/trim_window.json	SPIDER_ROOT::workspace/core4d/results/E197/s6_downstream/rl_export/partner_reexport_v1/release/omnirt_v1_ref_fk/contact_masks/dcv3_omnirt_v1_ref_fk_box001_20231023_107_p2/raw_contact_mask_3cm.npz	SPIDER_ROOT::workspace/core4d/results/E197/s6_downstream/rl_export/partner_reexport_v1/release/omnirt_v1_ref_fk/contact_masks/dcv3_omnirt_v1_ref_fk_box001_20231023_107_p1/raw_contact_mask_3cm.npz	536359f8c3afd73746e8cb6ee7a73cd9bfd3c3e8369a1ea2e1473917e94166c3	e6473276097b06230aca68f7ed5ca9efdb35038a389f4cc96c8bddca3bfba69c	ffda42bbd17d5f32d6a738ffe34fc3c49d2f8cf4d66005c932535e6b48916454	59f2ca2dcf00cd69f803009f3cedd00113dfaa6df75791f3add2b02cdf01214b	7133e17466b2870768522281f94bc72b4fd61244570c24d041ed4f2c161cc794	ce1611711bb3d0ca56a94f44ecfeba50e0fcea4f7e36a3d4da49bdf90a7181b1	a7382d783f94314e9243fb12c081414b4652edb0ff98c61278946d74add0b706	86b3bc31a08a9d6e2b5f14992a923bcb0aa54696cd900201412be1de8e5098a8
box001_20231023_108_p1	box001_20231023_108	20231023	108	Box001	person1	0	person2	1	145	30	50	raw_contact_mask_3cm	1	0	1	0.03	box001_20231023_108_p1	4e643e74446ab053b763d2ab6a072895cf33ac27	E173	omnirt_v2_TSV_TRAJECTORY	pass	SPIDER_ROOT::workspace/core4d/results/E197/s6_downstream/rl_export/partner_reexport_v1/release/omnirt_v1_ref_fk/holosoma_dcv3_omnirt_v1_ref_fk_box001_20231023_108_p1/retargeted/20231023-108-person1-Box001_with_obj_original.npz	SPIDER_ROOT::workspace/core4d/results/E197/s6_downstream/rl_export/partner_reexport_v1/release/omnirt_v1_ref_fk/holosoma_dcv3_omnirt_v1_ref_fk_box001_20231023_108_p1/trimmed/20231023-108-person1-Box001_with_obj_original.npz	SPIDER_ROOT::workspace/core4d/results/E197/s6_downstream/rl_export/partner_reexport_v1/release/omnirt_v1_ref_fk/holosoma_dcv3_omnirt_v1_ref_fk_box001_20231023_108_p1/trim_window.json	SPIDER_ROOT::workspace/core4d/results/E197/s6_downstream/rl_export/partner_reexport_v1/release/omnirt_v1_ref_fk/holosoma_dcv3_omnirt_v1_ref_fk_box001_20231023_108_p2/retargeted/20231023-108-person2-Box001_with_obj_original.npz	SPIDER_ROOT::workspace/core4d/results/E197/s6_downstream/rl_export/partner_reexport_v1/release/omnirt_v1_ref_fk/holosoma_dcv3_omnirt_v1_ref_fk_box001_20231023_108_p2/trimmed/20231023-108-person2-Box001_with_obj_original.npz	SPIDER_ROOT::workspace/core4d/results/E197/s6_downstream/rl_export/partner_reexport_v1/release/omnirt_v1_ref_fk/holosoma_dcv3_omnirt_v1_ref_fk_box001_20231023_108_p2/trim_window.json	SPIDER_ROOT::workspace/core4d/results/E197/s6_downstream/rl_export/partner_reexport_v1/release/omnirt_v1_ref_fk/contact_masks/dcv3_omnirt_v1_ref_fk_box001_20231023_108_p1/raw_contact_mask_3cm.npz	SPIDER_ROOT::workspace/core4d/results/E197/s6_downstream/rl_export/partner_reexport_v1/release/omnirt_v1_ref_fk/contact_masks/dcv3_omnirt_v1_ref_fk_box001_20231023_108_p2/raw_contact_mask_3cm.npz	d47b9eb20a68f04885f249a4fe8042ad37b8c1bb10dd95ae21160cd923d0394c	ecde90a3ae7fd9e8c423cb1a87af39f43c4947091ac9826756924e79df9e122a	e653f3ed1953b9debac77634b859d8b8ebb1546bd43deb80e8ffaefb1ff8821d	788cd859163ee3ee16b87803a1da9acad8ee3ec02369290852e4238f2fcda2c3	c580f6b91d53a0fc5448114d6551bfeef538a11c0c3493df4b65aff0a7541c76	6e875d74941828de750e75bc4a78514e6c2e967a5831b8f8a4e6f4c6eebf9156	551baf6097cba5632e675c6cb19ac42e05a2989337674e9917deef3bcc41e3fb	ea684f7d17007d19a25148e034b9ca09603816411b1caf6303d85531be8bde1f
box001_20231023_110_p1	box001_20231023_110	20231023	110	Box001	person1	0	person2	1	201	30	50	raw_contact_mask_3cm	1	0	1	0.03	box001_20231023_110_p1	4e643e74446ab053b763d2ab6a072895cf33ac27	E173	omnirt_v2_TSV_TRAJECTORY	pass	SPIDER_ROOT::workspace/core4d/results/E197/s6_downstream/rl_export/partner_reexport_v1/release/omnirt_v1_ref_fk/holosoma_dcv3_omnirt_v1_ref_fk_box001_20231023_110_p1/retargeted/20231023-110-person1-Box001_with_obj_original.npz	SPIDER_ROOT::workspace/core4d/results/E197/s6_downstream/rl_export/partner_reexport_v1/release/omnirt_v1_ref_fk/holosoma_dcv3_omnirt_v1_ref_fk_box001_20231023_110_p1/trimmed/20231023-110-person1-Box001_with_obj_original.npz	SPIDER_ROOT::workspace/core4d/results/E197/s6_downstream/rl_export/partner_reexport_v1/release/omnirt_v1_ref_fk/holosoma_dcv3_omnirt_v1_ref_fk_box001_20231023_110_p1/trim_window.json	SPIDER_ROOT::workspace/core4d/results/E197/s6_downstream/rl_export/partner_reexport_v1/release/omnirt_v1_ref_fk/holosoma_dcv3_omnirt_v1_ref_fk_box001_20231023_110_p2/retargeted/20231023-110-person2-Box001_with_obj_original.npz	SPIDER_ROOT::workspace/core4d/results/E197/s6_downstream/rl_export/partner_reexport_v1/release/omnirt_v1_ref_fk/holosoma_dcv3_omnirt_v1_ref_fk_box001_20231023_110_p2/trimmed/20231023-110-person2-Box001_with_obj_original.npz	SPIDER_ROOT::workspace/core4d/results/E197/s6_downstream/rl_export/partner_reexport_v1/release/omnirt_v1_ref_fk/holosoma_dcv3_omnirt_v1_ref_fk_box001_20231023_110_p2/trim_window.json	SPIDER_ROOT::workspace/core4d/results/E197/s6_downstream/rl_export/partner_reexport_v1/release/omnirt_v1_ref_fk/contact_masks/dcv3_omnirt_v1_ref_fk_box001_20231023_110_p1/raw_contact_mask_3cm.npz	SPIDER_ROOT::workspace/core4d/results/E197/s6_downstream/rl_export/partner_reexport_v1/release/omnirt_v1_ref_fk/contact_masks/dcv3_omnirt_v1_ref_fk_box001_20231023_110_p2/raw_contact_mask_3cm.npz	3b9a60407392ba3e15787ee75ad015d80ab3b38bf09f91b9533b39e57a11117a	6f7a41567b92d042bdcec29c5a9e12922f515bad93b32ade641f6847c5694c4a	0c4252b1f3be55060c5a1c0b49ddfa96811da010780eddd20d9a5ce393c2ef9e	a91bc6befd33c78e0c47b714f4d3bc6c564cd768d710eedbae2da7a87443b8d8	d7243e3bb99bc4206acdb2e5bdb7a48f2fc83b379a24be1dda57bf53f323db93	7a7335e604ec8cd24c55109b7080000a3c1174d32fcbf028e1e944f4ea812fc7	1f110268c3af5a29f8b2ee2e8d4ee7efde4e5982116cef75476b33774d528928	45a9c1f4ad60a0a7e1797882400827fb11525c8c91ce112fec449cf8e6a54e45
box004_20231003_2_082_p1	box004_20231003_2_082	20231003_2	082	Box004	person1	0	person2	1	139	30	50	raw_contact_mask_3cm	1	0	1	0.03	box004_20231003_2_082_p1	4e643e74446ab053b763d2ab6a072895cf33ac27	E172	omnirt_v1_TSV_TRAJECTORY	pass	SPIDER_ROOT::workspace/core4d/results/E197/s6_downstream/rl_export/partner_reexport_v1/release/omnirt_v1_ref_fk/holosoma_dcv3_omnirt_v1_ref_fk_box004_20231003_2_082_p1/retargeted/20231003_2-082-person1-box004_with_obj_original.npz	SPIDER_ROOT::workspace/core4d/results/E197/s6_downstream/rl_export/partner_reexport_v1/release/omnirt_v1_ref_fk/holosoma_dcv3_omnirt_v1_ref_fk_box004_20231003_2_082_p1/trimmed/20231003_2-082-person1-box004_with_obj_original.npz	SPIDER_ROOT::workspace/core4d/results/E197/s6_downstream/rl_export/partner_reexport_v1/release/omnirt_v1_ref_fk/holosoma_dcv3_omnirt_v1_ref_fk_box004_20231003_2_082_p1/trim_window.json	SPIDER_ROOT::workspace/core4d/results/E197/s6_downstream/rl_export/partner_reexport_v1/release/omnirt_v1_ref_fk/holosoma_dcv3_omnirt_v1_ref_fk_box004_20231003_2_082_p2/retargeted/20231003_2-082-person2-box004_with_obj_original.npz	SPIDER_ROOT::workspace/core4d/results/E197/s6_downstream/rl_export/partner_reexport_v1/release/omnirt_v1_ref_fk/holosoma_dcv3_omnirt_v1_ref_fk_box004_20231003_2_082_p2/trimmed/20231003_2-082-person2-box004_with_obj_original.npz	SPIDER_ROOT::workspace/core4d/results/E197/s6_downstream/rl_export/partner_reexport_v1/release/omnirt_v1_ref_fk/holosoma_dcv3_omnirt_v1_ref_fk_box004_20231003_2_082_p2/trim_window.json	SPIDER_ROOT::workspace/core4d/results/E197/s6_downstream/rl_export/partner_reexport_v1/release/omnirt_v1_ref_fk/contact_masks/dcv3_omnirt_v1_ref_fk_box004_20231003_2_082_p1/raw_contact_mask_3cm.npz	SPIDER_ROOT::workspace/core4d/results/E197/s6_downstream/rl_export/partner_reexport_v1/release/omnirt_v1_ref_fk/contact_masks/dcv3_omnirt_v1_ref_fk_box004_20231003_2_082_p2/raw_contact_mask_3cm.npz	868f3cd14afd01086042bb58f8ef1198d730fe6fa73670c500976b27683aba0d	950af1adbe39c9a13b79840391a5252aef43248e2e5dcf49869e9816b9f78c81	6fd3f285bbf90d1e6c2b2608a6e5c8df01b770f3a2dd8baa6b4a2985bfc68584	4fa717f4e97ed17e96f8c8a3188943bc68f5743aa10d1cc181fbf161882b2439	8d282f65c6eedc86c647b6ecaab7932cbb808dc9276239dd514ea1915056dbec	d59c437059e4be03e612f2a4cd2b9b8ad7d3d80acadde07435f316be9768f5cc	c20f95917dd290e091f6de9b565f93a74eadc9d643b1ec4f9ccc147f190c2a87	e6a0463fc2648141a984c33bd5e0e73bcc588bd0216dbc7dc027a03ed849e51d
box004_20231003_2_083_p1	box004_20231003_2_083	20231003_2	083	Box004	person1	0	person2	1	121	30	50	raw_contact_mask_3cm	1	0	1	0.03	box004_20231003_2_083_p1	4e643e74446ab053b763d2ab6a072895cf33ac27	E172	omnirt_v1_TSV_TRAJECTORY	pass	SPIDER_ROOT::workspace/core4d/results/E197/s6_downstream/rl_export/partner_reexport_v1/release/omnirt_v1_ref_fk/holosoma_dcv3_omnirt_v1_ref_fk_box004_20231003_2_083_p1/retargeted/20231003_2-083-person1-box004_with_obj_original.npz	SPIDER_ROOT::workspace/core4d/results/E197/s6_downstream/rl_export/partner_reexport_v1/release/omnirt_v1_ref_fk/holosoma_dcv3_omnirt_v1_ref_fk_box004_20231003_2_083_p1/trimmed/20231003_2-083-person1-box004_with_obj_original.npz	SPIDER_ROOT::workspace/core4d/results/E197/s6_downstream/rl_export/partner_reexport_v1/release/omnirt_v1_ref_fk/holosoma_dcv3_omnirt_v1_ref_fk_box004_20231003_2_083_p1/trim_window.json	SPIDER_ROOT::workspace/core4d/results/E197/s6_downstream/rl_export/partner_reexport_v1/release/omnirt_v1_ref_fk/holosoma_dcv3_omnirt_v1_ref_fk_box004_20231003_2_083_p2/retargeted/20231003_2-083-person2-box004_with_obj_original.npz	SPIDER_ROOT::workspace/core4d/results/E197/s6_downstream/rl_export/partner_reexport_v1/release/omnirt_v1_ref_fk/holosoma_dcv3_omnirt_v1_ref_fk_box004_20231003_2_083_p2/trimmed/20231003_2-083-person2-box004_with_obj_original.npz	SPIDER_ROOT::workspace/core4d/results/E197/s6_downstream/rl_export/partner_reexport_v1/release/omnirt_v1_ref_fk/holosoma_dcv3_omnirt_v1_ref_fk_box004_20231003_2_083_p2/trim_window.json	SPIDER_ROOT::workspace/core4d/results/E197/s6_downstream/rl_export/partner_reexport_v1/release/omnirt_v1_ref_fk/contact_masks/dcv3_omnirt_v1_ref_fk_box004_20231003_2_083_p1/raw_contact_mask_3cm.npz	SPIDER_ROOT::workspace/core4d/results/E197/s6_downstream/rl_export/partner_reexport_v1/release/omnirt_v1_ref_fk/contact_masks/dcv3_omnirt_v1_ref_fk_box004_20231003_2_083_p2/raw_contact_mask_3cm.npz	a0e3a401d5127e41935fc927313200f3923b70d61789d893b0c30d7f64719a54	d696068343df86892f9a41489409bfbc08483770503ce0a41a8c03f5c16f0d4d	fc81746736b1aa1bb25af2b1f6c685264cf308c7768a7689ef31621751c5ad11	8486fff4f27b4eeeaabb0b743c1ce75974b462abb462025c00a307367696f4b8	375a5eaba395163fac52e5aa5d3bba0af250fc196a95e0112038bfc8bceddff2	238039a4f538a7dd324347451d664679e67fec8da8470583f90df7c0e41ab148	e70e9f2f56aab9964cf965ee16699e7f7e7c8602e6ce65792b4676d36ad17037	8e125c94b81b77a709b352defb4d6fce9dcbe2b52b634a15adbfb5d5d6e30b4d
box004_20231003_2_083_p2	box004_20231003_2_083	20231003_2	083	Box004	person2	1	person1	0	121	30	50	raw_contact_mask_3cm	0	0	1	0.03	box004_20231003_2_083_p2	4e643e74446ab053b763d2ab6a072895cf33ac27	E172	omnirt_v1_TSV_TRAJECTORY	pass	SPIDER_ROOT::workspace/core4d/results/E197/s6_downstream/rl_export/partner_reexport_v1/release/omnirt_v1_ref_fk/holosoma_dcv3_omnirt_v1_ref_fk_box004_20231003_2_083_p2/retargeted/20231003_2-083-person2-box004_with_obj_original.npz	SPIDER_ROOT::workspace/core4d/results/E197/s6_downstream/rl_export/partner_reexport_v1/release/omnirt_v1_ref_fk/holosoma_dcv3_omnirt_v1_ref_fk_box004_20231003_2_083_p2/trimmed/20231003_2-083-person2-box004_with_obj_original.npz	SPIDER_ROOT::workspace/core4d/results/E197/s6_downstream/rl_export/partner_reexport_v1/release/omnirt_v1_ref_fk/holosoma_dcv3_omnirt_v1_ref_fk_box004_20231003_2_083_p2/trim_window.json	SPIDER_ROOT::workspace/core4d/results/E197/s6_downstream/rl_export/partner_reexport_v1/release/omnirt_v1_ref_fk/holosoma_dcv3_omnirt_v1_ref_fk_box004_20231003_2_083_p1/retargeted/20231003_2-083-person1-box004_with_obj_original.npz	SPIDER_ROOT::workspace/core4d/results/E197/s6_downstream/rl_export/partner_reexport_v1/release/omnirt_v1_ref_fk/holosoma_dcv3_omnirt_v1_ref_fk_box004_20231003_2_083_p1/trimmed/20231003_2-083-person1-box004_with_obj_original.npz	SPIDER_ROOT::workspace/core4d/results/E197/s6_downstream/rl_export/partner_reexport_v1/release/omnirt_v1_ref_fk/holosoma_dcv3_omnirt_v1_ref_fk_box004_20231003_2_083_p1/trim_window.json	SPIDER_ROOT::workspace/core4d/results/E197/s6_downstream/rl_export/partner_reexport_v1/release/omnirt_v1_ref_fk/contact_masks/dcv3_omnirt_v1_ref_fk_box004_20231003_2_083_p2/raw_contact_mask_3cm.npz	SPIDER_ROOT::workspace/core4d/results/E197/s6_downstream/rl_export/partner_reexport_v1/release/omnirt_v1_ref_fk/contact_masks/dcv3_omnirt_v1_ref_fk_box004_20231003_2_083_p1/raw_contact_mask_3cm.npz	8486fff4f27b4eeeaabb0b743c1ce75974b462abb462025c00a307367696f4b8	375a5eaba395163fac52e5aa5d3bba0af250fc196a95e0112038bfc8bceddff2	238039a4f538a7dd324347451d664679e67fec8da8470583f90df7c0e41ab148	a0e3a401d5127e41935fc927313200f3923b70d61789d893b0c30d7f64719a54	d696068343df86892f9a41489409bfbc08483770503ce0a41a8c03f5c16f0d4d	fc81746736b1aa1bb25af2b1f6c685264cf308c7768a7689ef31621751c5ad11	8e125c94b81b77a709b352defb4d6fce9dcbe2b52b634a15adbfb5d5d6e30b4d	e70e9f2f56aab9964cf965ee16699e7f7e7c8602e6ce65792b4676d36ad17037
box021_20231011_036_p2	box021_20231011_036	20231011	036	Box021	person2	1	person1	0	201	30	50	raw_contact_mask_3cm	0	0	1	0.03	box021_20231011_036_p2	4e643e74446ab053b763d2ab6a072895cf33ac27	E170	omnirt_v1_TSV_TRAJECTORY	pass	SPIDER_ROOT::workspace/core4d/results/E197/s6_downstream/rl_export/partner_reexport_v1/release/omnirt_v1_ref_fk/holosoma_dcv3_omnirt_v1_ref_fk_box021_20231011_036_p2/retargeted/20231011-036-person2-Box021_with_obj_original.npz	SPIDER_ROOT::workspace/core4d/results/E197/s6_downstream/rl_export/partner_reexport_v1/release/omnirt_v1_ref_fk/holosoma_dcv3_omnirt_v1_ref_fk_box021_20231011_036_p2/trimmed/20231011-036-person2-Box021_with_obj_original.npz	SPIDER_ROOT::workspace/core4d/results/E197/s6_downstream/rl_export/partner_reexport_v1/release/omnirt_v1_ref_fk/holosoma_dcv3_omnirt_v1_ref_fk_box021_20231011_036_p2/trim_window.json	SPIDER_ROOT::workspace/core4d/results/E197/s6_downstream/rl_export/partner_reexport_v1/release/omnirt_v1_ref_fk/holosoma_dcv3_omnirt_v1_ref_fk_box021_20231011_036_p1/retargeted/20231011-036-person1-Box021_with_obj_original.npz	SPIDER_ROOT::workspace/core4d/results/E197/s6_downstream/rl_export/partner_reexport_v1/release/omnirt_v1_ref_fk/holosoma_dcv3_omnirt_v1_ref_fk_box021_20231011_036_p1/trimmed/20231011-036-person1-Box021_with_obj_original.npz	SPIDER_ROOT::workspace/core4d/results/E197/s6_downstream/rl_export/partner_reexport_v1/release/omnirt_v1_ref_fk/holosoma_dcv3_omnirt_v1_ref_fk_box021_20231011_036_p1/trim_window.json	SPIDER_ROOT::workspace/core4d/results/E197/s6_downstream/rl_export/partner_reexport_v1/release/omnirt_v1_ref_fk/contact_masks/dcv3_omnirt_v1_ref_fk_box021_20231011_036_p2/raw_contact_mask_3cm.npz	SPIDER_ROOT::workspace/core4d/results/E197/s6_downstream/rl_export/partner_reexport_v1/release/omnirt_v1_ref_fk/contact_masks/dcv3_omnirt_v1_ref_fk_box021_20231011_036_p1/raw_contact_mask_3cm.npz	4f437b2eedcae01832070466db09b70481e1469d48795bbb7c6496cd6c33fe8d	18549073df941a991d947a7c93eb5f1cb327a36ec068baefdc32dbbffed90e38	76456cba1ff1e2448753bc729c7009dd1037f46022cfb191d06b589a05c32f56	b4cb5b6d38310f5d2b4ff7b018efad8f79dc3ab7a96f08983b9d21d789511b8e	90ea3ab4af8d0d8007cee4dede27dfb8a665b3e51340a7ee4c078386c3ee3b9d	295a2d3a3beb79813529888e1f5d3e2118853319ae4b05b25aadea235d239c9b	137ab880db7f3b37a4e3fd14d46397176792b9b0d6219b14b30605787be9e603	03b327b46795c95de11e1222ab94eeb151037481e4b75389c9122a6515fd0559
box021_20231011_037_p1	box021_20231011_037	20231011	037	Box021	person1	0	person2	1	217	30	50	raw_contact_mask_3cm	1	0	1	0.03	box021_20231011_037_p1	4e643e74446ab053b763d2ab6a072895cf33ac27	E170	omnirt_v1_TSV_TRAJECTORY	pass	SPIDER_ROOT::workspace/core4d/results/E197/s6_downstream/rl_export/partner_reexport_v1/release/omnirt_v1_ref_fk/holosoma_dcv3_omnirt_v1_ref_fk_box021_20231011_037_p1/retargeted/20231011-037-person1-Box021_with_obj_original.npz	SPIDER_ROOT::workspace/core4d/results/E197/s6_downstream/rl_export/partner_reexport_v1/release/omnirt_v1_ref_fk/holosoma_dcv3_omnirt_v1_ref_fk_box021_20231011_037_p1/trimmed/20231011-037-person1-Box021_with_obj_original.npz	SPIDER_ROOT::workspace/core4d/results/E197/s6_downstream/rl_export/partner_reexport_v1/release/omnirt_v1_ref_fk/holosoma_dcv3_omnirt_v1_ref_fk_box021_20231011_037_p1/trim_window.json	SPIDER_ROOT::workspace/core4d/results/E197/s6_downstream/rl_export/partner_reexport_v1/release/omnirt_v1_ref_fk/holosoma_dcv3_omnirt_v1_ref_fk_box021_20231011_037_p2/retargeted/20231011-037-person2-Box021_with_obj_original.npz	SPIDER_ROOT::workspace/core4d/results/E197/s6_downstream/rl_export/partner_reexport_v1/release/omnirt_v1_ref_fk/holosoma_dcv3_omnirt_v1_ref_fk_box021_20231011_037_p2/trimmed/20231011-037-person2-Box021_with_obj_original.npz	SPIDER_ROOT::workspace/core4d/results/E197/s6_downstream/rl_export/partner_reexport_v1/release/omnirt_v1_ref_fk/holosoma_dcv3_omnirt_v1_ref_fk_box021_20231011_037_p2/trim_window.json	SPIDER_ROOT::workspace/core4d/results/E197/s6_downstream/rl_export/partner_reexport_v1/release/omnirt_v1_ref_fk/contact_masks/dcv3_omnirt_v1_ref_fk_box021_20231011_037_p1/raw_contact_mask_3cm.npz	SPIDER_ROOT::workspace/core4d/results/E197/s6_downstream/rl_export/partner_reexport_v1/release/omnirt_v1_ref_fk/contact_masks/dcv3_omnirt_v1_ref_fk_box021_20231011_037_p2/raw_contact_mask_3cm.npz	4ea96b0a64fa0380b8dfa86d2cabf54ff83d229f9c8f2daf0097c01bd0bdca4c	7f3cf0f34d589843c84bbda27bb2c278101068b1c4acab27beac7339f29008c4	fa72b1811d9474c111a0b175a7a1082a6bc26ea0abecbe479cb808aaa856f1d0	da37b4160408731990a9a101be6cb961b57c20916a594356890bdf2950208305	3e74d2e1254d0db3ed00c47b324d60968bc343a68855e88410973cea3e4b45e7	df124ea3fc53706faed95ab5b26614633c7b1f3a173510b8d48e852a029471da	3e463c7f02e31f9ef2e203b1c16142f124d868bc22db7262d4b0c02dfcdf7d03	cfc4363ae54860fa342940db0cf185645c8788e379cee2546d7950708369c2bb
box021_20231011_038_p1	box021_20231011_038	20231011	038	Box021	person1	0	person2	1	193	30	50	raw_contact_mask_3cm	1	0	1	0.03	box021_20231011_038_p1	4e643e74446ab053b763d2ab6a072895cf33ac27	E170	omnirt_v1_TSV_TRAJECTORY	pass	SPIDER_ROOT::workspace/core4d/results/E197/s6_downstream/rl_export/partner_reexport_v1/release/omnirt_v1_ref_fk/holosoma_dcv3_omnirt_v1_ref_fk_box021_20231011_038_p1/retargeted/20231011-038-person1-Box021_with_obj_original.npz	SPIDER_ROOT::workspace/core4d/results/E197/s6_downstream/rl_export/partner_reexport_v1/release/omnirt_v1_ref_fk/holosoma_dcv3_omnirt_v1_ref_fk_box021_20231011_038_p1/trimmed/20231011-038-person1-Box021_with_obj_original.npz	SPIDER_ROOT::workspace/core4d/results/E197/s6_downstream/rl_export/partner_reexport_v1/release/omnirt_v1_ref_fk/holosoma_dcv3_omnirt_v1_ref_fk_box021_20231011_038_p1/trim_window.json	SPIDER_ROOT::workspace/core4d/results/E197/s6_downstream/rl_export/partner_reexport_v1/release/omnirt_v1_ref_fk/holosoma_dcv3_omnirt_v1_ref_fk_box021_20231011_038_p2/retargeted/20231011-038-person2-Box021_with_obj_original.npz	SPIDER_ROOT::workspace/core4d/results/E197/s6_downstream/rl_export/partner_reexport_v1/release/omnirt_v1_ref_fk/holosoma_dcv3_omnirt_v1_ref_fk_box021_20231011_038_p2/trimmed/20231011-038-person2-Box021_with_obj_original.npz	SPIDER_ROOT::workspace/core4d/results/E197/s6_downstream/rl_export/partner_reexport_v1/release/omnirt_v1_ref_fk/holosoma_dcv3_omnirt_v1_ref_fk_box021_20231011_038_p2/trim_window.json	SPIDER_ROOT::workspace/core4d/results/E197/s6_downstream/rl_export/partner_reexport_v1/release/omnirt_v1_ref_fk/contact_masks/dcv3_omnirt_v1_ref_fk_box021_20231011_038_p1/raw_contact_mask_3cm.npz	SPIDER_ROOT::workspace/core4d/results/E197/s6_downstream/rl_export/partner_reexport_v1/release/omnirt_v1_ref_fk/contact_masks/dcv3_omnirt_v1_ref_fk_box021_20231011_038_p2/raw_contact_mask_3cm.npz	d8ccb2b62c64fd7e0beba7834f6c5bfaabc679e97b169b13ef448dd509bf1427	764c048984b791207ea290360b46e0ef3d92cb165efa0a034969142d4427ef89	3ee53da0661c7ffeeb02bf96a8185434c99c2707befe6a6f21a4bf1257c24b4b	f51ed343a99fe0b624f85fd9d3013ee4d754351e4d386805ade301d7dfdb5a88	209c705743ff62c7069a8374d9b3b2759c9735ad4abcbc65ff182cdf603b3c82	d56a73bd004d3d711d2cddb9c69dc3e85ecb791d3e7847ca77af5dc03ad4eb60	514e9be5bd34071648b3cc6c007e41da2697b1af1689f1c3300fd85198ec2808	e0efd2312e8b27629d9295b222b409e643080d5585b0ce4d44d356ffcabd379c
box021_20231011_038_p2	box021_20231011_038	20231011	038	Box021	person2	1	person1	0	193	30	50	raw_contact_mask_3cm	0	0	1	0.03	box021_20231011_038_p2	4e643e74446ab053b763d2ab6a072895cf33ac27	E170	omnirt_v1_TSV_TRAJECTORY	pass	SPIDER_ROOT::workspace/core4d/results/E197/s6_downstream/rl_export/partner_reexport_v1/release/omnirt_v1_ref_fk/holosoma_dcv3_omnirt_v1_ref_fk_box021_20231011_038_p2/retargeted/20231011-038-person2-Box021_with_obj_original.npz	SPIDER_ROOT::workspace/core4d/results/E197/s6_downstream/rl_export/partner_reexport_v1/release/omnirt_v1_ref_fk/holosoma_dcv3_omnirt_v1_ref_fk_box021_20231011_038_p2/trimmed/20231011-038-person2-Box021_with_obj_original.npz	SPIDER_ROOT::workspace/core4d/results/E197/s6_downstream/rl_export/partner_reexport_v1/release/omnirt_v1_ref_fk/holosoma_dcv3_omnirt_v1_ref_fk_box021_20231011_038_p2/trim_window.json	SPIDER_ROOT::workspace/core4d/results/E197/s6_downstream/rl_export/partner_reexport_v1/release/omnirt_v1_ref_fk/holosoma_dcv3_omnirt_v1_ref_fk_box021_20231011_038_p1/retargeted/20231011-038-person1-Box021_with_obj_original.npz	SPIDER_ROOT::workspace/core4d/results/E197/s6_downstream/rl_export/partner_reexport_v1/release/omnirt_v1_ref_fk/holosoma_dcv3_omnirt_v1_ref_fk_box021_20231011_038_p1/trimmed/20231011-038-person1-Box021_with_obj_original.npz	SPIDER_ROOT::workspace/core4d/results/E197/s6_downstream/rl_export/partner_reexport_v1/release/omnirt_v1_ref_fk/holosoma_dcv3_omnirt_v1_ref_fk_box021_20231011_038_p1/trim_window.json	SPIDER_ROOT::workspace/core4d/results/E197/s6_downstream/rl_export/partner_reexport_v1/release/omnirt_v1_ref_fk/contact_masks/dcv3_omnirt_v1_ref_fk_box021_20231011_038_p2/raw_contact_mask_3cm.npz	SPIDER_ROOT::workspace/core4d/results/E197/s6_downstream/rl_export/partner_reexport_v1/release/omnirt_v1_ref_fk/contact_masks/dcv3_omnirt_v1_ref_fk_box021_20231011_038_p1/raw_contact_mask_3cm.npz	f51ed343a99fe0b624f85fd9d3013ee4d754351e4d386805ade301d7dfdb5a88	209c705743ff62c7069a8374d9b3b2759c9735ad4abcbc65ff182cdf603b3c82	d56a73bd004d3d711d2cddb9c69dc3e85ecb791d3e7847ca77af5dc03ad4eb60	d8ccb2b62c64fd7e0beba7834f6c5bfaabc679e97b169b13ef448dd509bf1427	764c048984b791207ea290360b46e0ef3d92cb165efa0a034969142d4427ef89	3ee53da0661c7ffeeb02bf96a8185434c99c2707befe6a6f21a4bf1257c24b4b	e0efd2312e8b27629d9295b222b409e643080d5585b0ce4d44d356ffcabd379c	514e9be5bd34071648b3cc6c007e41da2697b1af1689f1c3300fd85198ec2808
box021_20231018_028_p2	box021_20231018_028	20231018	028	Box021	person2	1	person1	0	101	30	50	raw_contact_mask_3cm	0	0	1	0.03	box021_20231018_028_p2	4e643e74446ab053b763d2ab6a072895cf33ac27	E170	omnirt_v1_TSV_TRAJECTORY	pass	SPIDER_ROOT::workspace/core4d/results/E197/s6_downstream/rl_export/partner_reexport_v1/release/omnirt_v1_ref_fk/holosoma_dcv3_omnirt_v1_ref_fk_box021_20231018_028_p2/retargeted/20231018-028-person2-Box021_with_obj_original.npz	SPIDER_ROOT::workspace/core4d/results/E197/s6_downstream/rl_export/partner_reexport_v1/release/omnirt_v1_ref_fk/holosoma_dcv3_omnirt_v1_ref_fk_box021_20231018_028_p2/trimmed/20231018-028-person2-Box021_with_obj_original.npz	SPIDER_ROOT::workspace/core4d/results/E197/s6_downstream/rl_export/partner_reexport_v1/release/omnirt_v1_ref_fk/holosoma_dcv3_omnirt_v1_ref_fk_box021_20231018_028_p2/trim_window.json	SPIDER_ROOT::workspace/core4d/results/E197/s6_downstream/rl_export/partner_reexport_v1/release/omnirt_v1_ref_fk/holosoma_dcv3_omnirt_v1_ref_fk_box021_20231018_028_p1/retargeted/20231018-028-person1-Box021_with_obj_original.npz	SPIDER_ROOT::workspace/core4d/results/E197/s6_downstream/rl_export/partner_reexport_v1/release/omnirt_v1_ref_fk/holosoma_dcv3_omnirt_v1_ref_fk_box021_20231018_028_p1/trimmed/20231018-028-person1-Box021_with_obj_original.npz	SPIDER_ROOT::workspace/core4d/results/E197/s6_downstream/rl_export/partner_reexport_v1/release/omnirt_v1_ref_fk/holosoma_dcv3_omnirt_v1_ref_fk_box021_20231018_028_p1/trim_window.json	SPIDER_ROOT::workspace/core4d/results/E197/s6_downstream/rl_export/partner_reexport_v1/release/omnirt_v1_ref_fk/contact_masks/dcv3_omnirt_v1_ref_fk_box021_20231018_028_p2/raw_contact_mask_3cm.npz	SPIDER_ROOT::workspace/core4d/results/E197/s6_downstream/rl_export/partner_reexport_v1/release/omnirt_v1_ref_fk/contact_masks/dcv3_omnirt_v1_ref_fk_box021_20231018_028_p1/raw_contact_mask_3cm.npz	6e4c0bb0d7dcae39704f7ac8f01f43bc314378349e703d92c6273d3c024441d3	2cb1d9b8759ac96c55c7fed192cf24b5201c50bcd00932d4e2adc1459d25eb5b	64c264e902b79283b66e7cdb86a43ff29eebaae822a902b1e4a0bdb083dd31d2	944c0aeae56383c84e6af688df089cca5324c879814c312eaf2fc10c1194d393	e60c97a2bdc8394fdab7854c55251f2cefe82f9177f2cd6f5cda1d304f59e103	94ccc1cae71fabc10091791349d240c0b8688089d94a81459ccd3e7ab77c7e76	7644436cc1ee55201965cf4d5487d1a4a281f8ded9ed0ef3c60d3c109dafe84c	8142dc8c17c6d65c704e043f9462b109dfa8c6ee1437c4df90b0ea14eef301cf
box021_20231018_029_p1	box021_20231018_029	20231018	029	Box021	person1	0	person2	1	134	30	50	raw_contact_mask_3cm	1	0	1	0.03	box021_20231018_029_p1	4e643e74446ab053b763d2ab6a072895cf33ac27	E170	omnirt_v1_TSV_TRAJECTORY	pass	SPIDER_ROOT::workspace/core4d/results/E197/s6_downstream/rl_export/partner_reexport_v1/release/omnirt_v1_ref_fk/holosoma_dcv3_omnirt_v1_ref_fk_box021_20231018_029_p1/retargeted/20231018-029-person1-Box021_with_obj_original.npz	SPIDER_ROOT::workspace/core4d/results/E197/s6_downstream/rl_export/partner_reexport_v1/release/omnirt_v1_ref_fk/holosoma_dcv3_omnirt_v1_ref_fk_box021_20231018_029_p1/trimmed/20231018-029-person1-Box021_with_obj_original.npz	SPIDER_ROOT::workspace/core4d/results/E197/s6_downstream/rl_export/partner_reexport_v1/release/omnirt_v1_ref_fk/holosoma_dcv3_omnirt_v1_ref_fk_box021_20231018_029_p1/trim_window.json	SPIDER_ROOT::workspace/core4d/results/E197/s6_downstream/rl_export/partner_reexport_v1/release/omnirt_v1_ref_fk/holosoma_dcv3_omnirt_v1_ref_fk_box021_20231018_029_p2/retargeted/20231018-029-person2-Box021_with_obj_original.npz	SPIDER_ROOT::workspace/core4d/results/E197/s6_downstream/rl_export/partner_reexport_v1/release/omnirt_v1_ref_fk/holosoma_dcv3_omnirt_v1_ref_fk_box021_20231018_029_p2/trimmed/20231018-029-person2-Box021_with_obj_original.npz	SPIDER_ROOT::workspace/core4d/results/E197/s6_downstream/rl_export/partner_reexport_v1/release/omnirt_v1_ref_fk/holosoma_dcv3_omnirt_v1_ref_fk_box021_20231018_029_p2/trim_window.json	SPIDER_ROOT::workspace/core4d/results/E197/s6_downstream/rl_export/partner_reexport_v1/release/omnirt_v1_ref_fk/contact_masks/dcv3_omnirt_v1_ref_fk_box021_20231018_029_p1/raw_contact_mask_3cm.npz	SPIDER_ROOT::workspace/core4d/results/E197/s6_downstream/rl_export/partner_reexport_v1/release/omnirt_v1_ref_fk/contact_masks/dcv3_omnirt_v1_ref_fk_box021_20231018_029_p2/raw_contact_mask_3cm.npz	2dba12a83fdaac9377f80714b11fee2787118e90ba89f6c29d13c1eb5aa9a77e	413853263c66ef3a2285d0039d835e6e37cc9d7bf2e505ea71ca18fedf81b730	4ef22de2fa893cabfb4bbd710a2dbe6960c668033d67baec0ae63a7d6b18964b	f2a0e69eb14f4a7441948ee9983ace4864f72d2c2eb0d0f94f48990dd7e63290	479334b87e32d6eac1a9db931dd012a7dc7848ae092019b29052f5157d9ecca3	519326b06ee8a1bf88de58d5269dec56490c68857438aab6951298f81e96147e	42e8a2e149ec04b5ce34e0b4b63fb907ca86a0d549ae823c768a136b60010b8d	42e8a2e149ec04b5ce34e0b4b63fb907ca86a0d549ae823c768a136b60010b8d
box021_20231018_030_p1	box021_20231018_030	20231018	030	Box021	person1	0	person2	1	172	30	50	raw_contact_mask_3cm	1	0	1	0.03	box021_20231018_030_p1	4e643e74446ab053b763d2ab6a072895cf33ac27	E170	omnirt_v1_TSV_TRAJECTORY	pass	SPIDER_ROOT::workspace/core4d/results/E197/s6_downstream/rl_export/partner_reexport_v1/release/omnirt_v1_ref_fk/holosoma_dcv3_omnirt_v1_ref_fk_box021_20231018_030_p1/retargeted/20231018-030-person1-Box021_with_obj_original.npz	SPIDER_ROOT::workspace/core4d/results/E197/s6_downstream/rl_export/partner_reexport_v1/release/omnirt_v1_ref_fk/holosoma_dcv3_omnirt_v1_ref_fk_box021_20231018_030_p1/trimmed/20231018-030-person1-Box021_with_obj_original.npz	SPIDER_ROOT::workspace/core4d/results/E197/s6_downstream/rl_export/partner_reexport_v1/release/omnirt_v1_ref_fk/holosoma_dcv3_omnirt_v1_ref_fk_box021_20231018_030_p1/trim_window.json	SPIDER_ROOT::workspace/core4d/results/E197/s6_downstream/rl_export/partner_reexport_v1/release/omnirt_v1_ref_fk/holosoma_dcv3_omnirt_v1_ref_fk_box021_20231018_030_p2/retargeted/20231018-030-person2-Box021_with_obj_original.npz	SPIDER_ROOT::workspace/core4d/results/E197/s6_downstream/rl_export/partner_reexport_v1/release/omnirt_v1_ref_fk/holosoma_dcv3_omnirt_v1_ref_fk_box021_20231018_030_p2/trimmed/20231018-030-person2-Box021_with_obj_original.npz	SPIDER_ROOT::workspace/core4d/results/E197/s6_downstream/rl_export/partner_reexport_v1/release/omnirt_v1_ref_fk/holosoma_dcv3_omnirt_v1_ref_fk_box021_20231018_030_p2/trim_window.json	SPIDER_ROOT::workspace/core4d/results/E197/s6_downstream/rl_export/partner_reexport_v1/release/omnirt_v1_ref_fk/contact_masks/dcv3_omnirt_v1_ref_fk_box021_20231018_030_p1/raw_contact_mask_3cm.npz	SPIDER_ROOT::workspace/core4d/results/E197/s6_downstream/rl_export/partner_reexport_v1/release/omnirt_v1_ref_fk/contact_masks/dcv3_omnirt_v1_ref_fk_box021_20231018_030_p2/raw_contact_mask_3cm.npz	d42b0ab31716a2b5dfc61b2c10b56beefe3f412022c059324401d14c3e487944	e93a59f05920b3222ffb7aa7b3a968b71d2ef723b5b29328971d80c14ad0ef85	48ba91128c9ed91bd59cb1e2bff99334411857ae5160e59e7c12fcb30cfe81cd	b5ebd629fb6df26a78f69e7c5d65ed97616c6d09e7d240ace72ea582a5523ede	83d394c6f16fb967ac56bac0a5ffd823a2b589f30423e6189dcb243f9051d55e	e58a8ed2a39a9322264edfc59c6fc87a3744a69a73d74e8d4d59fe251f1929a7	b18182ea96e2eaf852b3abbfa9b72cc1eac35bb277a865e99876416116e655af	b18182ea96e2eaf852b3abbfa9b72cc1eac35bb277a865e99876416116e655af
box021_20231018_030_p2	box021_20231018_030	20231018	030	Box021	person2	1	person1	0	172	30	50	raw_contact_mask_3cm	0	0	1	0.03	box021_20231018_030_p2	4e643e74446ab053b763d2ab6a072895cf33ac27	E170	omnirt_v1_TSV_TRAJECTORY	pass	SPIDER_ROOT::workspace/core4d/results/E197/s6_downstream/rl_export/partner_reexport_v1/release/omnirt_v1_ref_fk/holosoma_dcv3_omnirt_v1_ref_fk_box021_20231018_030_p2/retargeted/20231018-030-person2-Box021_with_obj_original.npz	SPIDER_ROOT::workspace/core4d/results/E197/s6_downstream/rl_export/partner_reexport_v1/release/omnirt_v1_ref_fk/holosoma_dcv3_omnirt_v1_ref_fk_box021_20231018_030_p2/trimmed/20231018-030-person2-Box021_with_obj_original.npz	SPIDER_ROOT::workspace/core4d/results/E197/s6_downstream/rl_export/partner_reexport_v1/release/omnirt_v1_ref_fk/holosoma_dcv3_omnirt_v1_ref_fk_box021_20231018_030_p2/trim_window.json	SPIDER_ROOT::workspace/core4d/results/E197/s6_downstream/rl_export/partner_reexport_v1/release/omnirt_v1_ref_fk/holosoma_dcv3_omnirt_v1_ref_fk_box021_20231018_030_p1/retargeted/20231018-030-person1-Box021_with_obj_original.npz	SPIDER_ROOT::workspace/core4d/results/E197/s6_downstream/rl_export/partner_reexport_v1/release/omnirt_v1_ref_fk/holosoma_dcv3_omnirt_v1_ref_fk_box021_20231018_030_p1/trimmed/20231018-030-person1-Box021_with_obj_original.npz	SPIDER_ROOT::workspace/core4d/results/E197/s6_downstream/rl_export/partner_reexport_v1/release/omnirt_v1_ref_fk/holosoma_dcv3_omnirt_v1_ref_fk_box021_20231018_030_p1/trim_window.json	SPIDER_ROOT::workspace/core4d/results/E197/s6_downstream/rl_export/partner_reexport_v1/release/omnirt_v1_ref_fk/contact_masks/dcv3_omnirt_v1_ref_fk_box021_20231018_030_p2/raw_contact_mask_3cm.npz	SPIDER_ROOT::workspace/core4d/results/E197/s6_downstream/rl_export/partner_reexport_v1/release/omnirt_v1_ref_fk/contact_masks/dcv3_omnirt_v1_ref_fk_box021_20231018_030_p1/raw_contact_mask_3cm.npz	b5ebd629fb6df26a78f69e7c5d65ed97616c6d09e7d240ace72ea582a5523ede	83d394c6f16fb967ac56bac0a5ffd823a2b589f30423e6189dcb243f9051d55e	e58a8ed2a39a9322264edfc59c6fc87a3744a69a73d74e8d4d59fe251f1929a7	d42b0ab31716a2b5dfc61b2c10b56beefe3f412022c059324401d14c3e487944	e93a59f05920b3222ffb7aa7b3a968b71d2ef723b5b29328971d80c14ad0ef85	48ba91128c9ed91bd59cb1e2bff99334411857ae5160e59e7c12fcb30cfe81cd	b18182ea96e2eaf852b3abbfa9b72cc1eac35bb277a865e99876416116e655af	b18182ea96e2eaf852b3abbfa9b72cc1eac35bb277a865e99876416116e655af
box021_20231018_032_p1	box021_20231018_032	20231018	032	Box021	person1	0	person2	1	119	30	50	raw_contact_mask_3cm	1	0	1	0.03	box021_20231018_032_p1	4e643e74446ab053b763d2ab6a072895cf33ac27	E170	omnirt_v1_TSV_TRAJECTORY	pass	SPIDER_ROOT::workspace/core4d/results/E197/s6_downstream/rl_export/partner_reexport_v1/release/omnirt_v1_ref_fk/holosoma_dcv3_omnirt_v1_ref_fk_box021_20231018_032_p1/retargeted/20231018-032-person1-Box021_with_obj_original.npz	SPIDER_ROOT::workspace/core4d/results/E197/s6_downstream/rl_export/partner_reexport_v1/release/omnirt_v1_ref_fk/holosoma_dcv3_omnirt_v1_ref_fk_box021_20231018_032_p1/trimmed/20231018-032-person1-Box021_with_obj_original.npz	SPIDER_ROOT::workspace/core4d/results/E197/s6_downstream/rl_export/partner_reexport_v1/release/omnirt_v1_ref_fk/holosoma_dcv3_omnirt_v1_ref_fk_box021_20231018_032_p1/trim_window.json	SPIDER_ROOT::workspace/core4d/results/E197/s6_downstream/rl_export/partner_reexport_v1/release/omnirt_v1_ref_fk/holosoma_dcv3_omnirt_v1_ref_fk_box021_20231018_032_p2/retargeted/20231018-032-person2-Box021_with_obj_original.npz	SPIDER_ROOT::workspace/core4d/results/E197/s6_downstream/rl_export/partner_reexport_v1/release/omnirt_v1_ref_fk/holosoma_dcv3_omnirt_v1_ref_fk_box021_20231018_032_p2/trimmed/20231018-032-person2-Box021_with_obj_original.npz	SPIDER_ROOT::workspace/core4d/results/E197/s6_downstream/rl_export/partner_reexport_v1/release/omnirt_v1_ref_fk/holosoma_dcv3_omnirt_v1_ref_fk_box021_20231018_032_p2/trim_window.json	SPIDER_ROOT::workspace/core4d/results/E197/s6_downstream/rl_export/partner_reexport_v1/release/omnirt_v1_ref_fk/contact_masks/dcv3_omnirt_v1_ref_fk_box021_20231018_032_p1/raw_contact_mask_3cm.npz	SPIDER_ROOT::workspace/core4d/results/E197/s6_downstream/rl_export/partner_reexport_v1/release/omnirt_v1_ref_fk/contact_masks/dcv3_omnirt_v1_ref_fk_box021_20231018_032_p2/raw_contact_mask_3cm.npz	97787ebf9b95861522b24d63510bc02d3a6990582283475c5de178a9c6507957	2ffe985f4258f3e2bbe7a511345354fc51bcc04f2f6ee5443e68364c933fb567	f058c616d6c643ae24f01e24a152fa4724a17325ebca07eb9367f960ba9fba5b	108693ac12d837318d611a6ab48dada44d9692cbec7cd3478c22c74cff464a17	fbf5b75c8cc06fc07728e9df584e945177ba1fd03d684b75af7ec4770239359e	dfa4156edbc3f1f301f3c39a7d4282faaa655130857aabb3719a389ec3fe373d	f4b3aeb46a1680eb7d7624c7719386d4682cd161c463d8d9d2520fa6a763eb3a	b2222855b35985879065ac9278530a2b75325088d2b7b2c44919c1ba4a6cfba2
box021_20231018_032_p2	box021_20231018_032	20231018	032	Box021	person2	1	person1	0	119	30	50	raw_contact_mask_3cm	0	0	1	0.03	box021_20231018_032_p2	4e643e74446ab053b763d2ab6a072895cf33ac27	E170	omnirt_v1_TSV_TRAJECTORY	pass	SPIDER_ROOT::workspace/core4d/results/E197/s6_downstream/rl_export/partner_reexport_v1/release/omnirt_v1_ref_fk/holosoma_dcv3_omnirt_v1_ref_fk_box021_20231018_032_p2/retargeted/20231018-032-person2-Box021_with_obj_original.npz	SPIDER_ROOT::workspace/core4d/results/E197/s6_downstream/rl_export/partner_reexport_v1/release/omnirt_v1_ref_fk/holosoma_dcv3_omnirt_v1_ref_fk_box021_20231018_032_p2/trimmed/20231018-032-person2-Box021_with_obj_original.npz	SPIDER_ROOT::workspace/core4d/results/E197/s6_downstream/rl_export/partner_reexport_v1/release/omnirt_v1_ref_fk/holosoma_dcv3_omnirt_v1_ref_fk_box021_20231018_032_p2/trim_window.json	SPIDER_ROOT::workspace/core4d/results/E197/s6_downstream/rl_export/partner_reexport_v1/release/omnirt_v1_ref_fk/holosoma_dcv3_omnirt_v1_ref_fk_box021_20231018_032_p1/retargeted/20231018-032-person1-Box021_with_obj_original.npz	SPIDER_ROOT::workspace/core4d/results/E197/s6_downstream/rl_export/partner_reexport_v1/release/omnirt_v1_ref_fk/holosoma_dcv3_omnirt_v1_ref_fk_box021_20231018_032_p1/trimmed/20231018-032-person1-Box021_with_obj_original.npz	SPIDER_ROOT::workspace/core4d/results/E197/s6_downstream/rl_export/partner_reexport_v1/release/omnirt_v1_ref_fk/holosoma_dcv3_omnirt_v1_ref_fk_box021_20231018_032_p1/trim_window.json	SPIDER_ROOT::workspace/core4d/results/E197/s6_downstream/rl_export/partner_reexport_v1/release/omnirt_v1_ref_fk/contact_masks/dcv3_omnirt_v1_ref_fk_box021_20231018_032_p2/raw_contact_mask_3cm.npz	SPIDER_ROOT::workspace/core4d/results/E197/s6_downstream/rl_export/partner_reexport_v1/release/omnirt_v1_ref_fk/contact_masks/dcv3_omnirt_v1_ref_fk_box021_20231018_032_p1/raw_contact_mask_3cm.npz	108693ac12d837318d611a6ab48dada44d9692cbec7cd3478c22c74cff464a17	fbf5b75c8cc06fc07728e9df584e945177ba1fd03d684b75af7ec4770239359e	dfa4156edbc3f1f301f3c39a7d4282faaa655130857aabb3719a389ec3fe373d	97787ebf9b95861522b24d63510bc02d3a6990582283475c5de178a9c6507957	2ffe985f4258f3e2bbe7a511345354fc51bcc04f2f6ee5443e68364c933fb567	f058c616d6c643ae24f01e24a152fa4724a17325ebca07eb9367f960ba9fba5b	b2222855b35985879065ac9278530a2b75325088d2b7b2c44919c1ba4a6cfba2	f4b3aeb46a1680eb7d7624c7719386d4682cd161c463d8d9d2520fa6a763eb3a
box021_20231018_033_p1	box021_20231018_033	20231018	033	Box021	person1	0	person2	1	101	30	50	raw_contact_mask_3cm	1	0	1	0.03	box021_20231018_033_p1	4e643e74446ab053b763d2ab6a072895cf33ac27	E170	omnirt_v1_TSV_TRAJECTORY	pass	SPIDER_ROOT::workspace/core4d/results/E197/s6_downstream/rl_export/partner_reexport_v1/release/omnirt_v1_ref_fk/holosoma_dcv3_omnirt_v1_ref_fk_box021_20231018_033_p1/retargeted/20231018-033-person1-Box021_with_obj_original.npz	SPIDER_ROOT::workspace/core4d/results/E197/s6_downstream/rl_export/partner_reexport_v1/release/omnirt_v1_ref_fk/holosoma_dcv3_omnirt_v1_ref_fk_box021_20231018_033_p1/trimmed/20231018-033-person1-Box021_with_obj_original.npz	SPIDER_ROOT::workspace/core4d/results/E197/s6_downstream/rl_export/partner_reexport_v1/release/omnirt_v1_ref_fk/holosoma_dcv3_omnirt_v1_ref_fk_box021_20231018_033_p1/trim_window.json	SPIDER_ROOT::workspace/core4d/results/E197/s6_downstream/rl_export/partner_reexport_v1/release/omnirt_v1_ref_fk/holosoma_dcv3_omnirt_v1_ref_fk_box021_20231018_033_p2/retargeted/20231018-033-person2-Box021_with_obj_original.npz	SPIDER_ROOT::workspace/core4d/results/E197/s6_downstream/rl_export/partner_reexport_v1/release/omnirt_v1_ref_fk/holosoma_dcv3_omnirt_v1_ref_fk_box021_20231018_033_p2/trimmed/20231018-033-person2-Box021_with_obj_original.npz	SPIDER_ROOT::workspace/core4d/results/E197/s6_downstream/rl_export/partner_reexport_v1/release/omnirt_v1_ref_fk/holosoma_dcv3_omnirt_v1_ref_fk_box021_20231018_033_p2/trim_window.json	SPIDER_ROOT::workspace/core4d/results/E197/s6_downstream/rl_export/partner_reexport_v1/release/omnirt_v1_ref_fk/contact_masks/dcv3_omnirt_v1_ref_fk_box021_20231018_033_p1/raw_contact_mask_3cm.npz	SPIDER_ROOT::workspace/core4d/results/E197/s6_downstream/rl_export/partner_reexport_v1/release/omnirt_v1_ref_fk/contact_masks/dcv3_omnirt_v1_ref_fk_box021_20231018_033_p2/raw_contact_mask_3cm.npz	ad0d4c55b5f6e8c3399edb5f4cfe164732fc661f5a802edd4a07642bc8df5432	9ddcedf21b4ea5febc81d41a7a50fa63048fb00cf6469dcc0d2ee9aea85991af	50f921c106ef77dbb5e2222e8fbc61e32247866f07fc12e49d2325c1d7d7fc6d	bf7a71dc5963d1807aa60af5253083f246f8f94775bc0366434efedfb2547cc0	02ceab9397e91b41bc516a31b49aef48083394643d46bd436c36bc5df7ae4a6d	eceaee1935bcb813ec77f36072400fa099cec118c7f1f189e52e0d11b50108d9	78c0862495ae0caf8cc9f33f9e308669d20d267ef881d7cda592b94d96bb874f	2fbe790b925ed7cd8c977136addce237075669f185d97d00d847e818dbdd800c
box021_20231018_033_p2	box021_20231018_033	20231018	033	Box021	person2	1	person1	0	101	30	50	raw_contact_mask_3cm	0	0	1	0.03	box021_20231018_033_p2	4e643e74446ab053b763d2ab6a072895cf33ac27	E170	omnirt_v1_TSV_TRAJECTORY	pass	SPIDER_ROOT::workspace/core4d/results/E197/s6_downstream/rl_export/partner_reexport_v1/release/omnirt_v1_ref_fk/holosoma_dcv3_omnirt_v1_ref_fk_box021_20231018_033_p2/retargeted/20231018-033-person2-Box021_with_obj_original.npz	SPIDER_ROOT::workspace/core4d/results/E197/s6_downstream/rl_export/partner_reexport_v1/release/omnirt_v1_ref_fk/holosoma_dcv3_omnirt_v1_ref_fk_box021_20231018_033_p2/trimmed/20231018-033-person2-Box021_with_obj_original.npz	SPIDER_ROOT::workspace/core4d/results/E197/s6_downstream/rl_export/partner_reexport_v1/release/omnirt_v1_ref_fk/holosoma_dcv3_omnirt_v1_ref_fk_box021_20231018_033_p2/trim_window.json	SPIDER_ROOT::workspace/core4d/results/E197/s6_downstream/rl_export/partner_reexport_v1/release/omnirt_v1_ref_fk/holosoma_dcv3_omnirt_v1_ref_fk_box021_20231018_033_p1/retargeted/20231018-033-person1-Box021_with_obj_original.npz	SPIDER_ROOT::workspace/core4d/results/E197/s6_downstream/rl_export/partner_reexport_v1/release/omnirt_v1_ref_fk/holosoma_dcv3_omnirt_v1_ref_fk_box021_20231018_033_p1/trimmed/20231018-033-person1-Box021_with_obj_original.npz	SPIDER_ROOT::workspace/core4d/results/E197/s6_downstream/rl_export/partner_reexport_v1/release/omnirt_v1_ref_fk/holosoma_dcv3_omnirt_v1_ref_fk_box021_20231018_033_p1/trim_window.json	SPIDER_ROOT::workspace/core4d/results/E197/s6_downstream/rl_export/partner_reexport_v1/release/omnirt_v1_ref_fk/contact_masks/dcv3_omnirt_v1_ref_fk_box021_20231018_033_p2/raw_contact_mask_3cm.npz	SPIDER_ROOT::workspace/core4d/results/E197/s6_downstream/rl_export/partner_reexport_v1/release/omnirt_v1_ref_fk/contact_masks/dcv3_omnirt_v1_ref_fk_box021_20231018_033_p1/raw_contact_mask_3cm.npz	bf7a71dc5963d1807aa60af5253083f246f8f94775bc0366434efedfb2547cc0	02ceab9397e91b41bc516a31b49aef48083394643d46bd436c36bc5df7ae4a6d	eceaee1935bcb813ec77f36072400fa099cec118c7f1f189e52e0d11b50108d9	ad0d4c55b5f6e8c3399edb5f4cfe164732fc661f5a802edd4a07642bc8df5432	9ddcedf21b4ea5febc81d41a7a50fa63048fb00cf6469dcc0d2ee9aea85991af	50f921c106ef77dbb5e2222e8fbc61e32247866f07fc12e49d2325c1d7d7fc6d	2fbe790b925ed7cd8c977136addce237075669f185d97d00d847e818dbdd800c	78c0862495ae0caf8cc9f33f9e308669d20d267ef881d7cda592b94d96bb874f
box021_20231018_034_p2	box021_20231018_034	20231018	034	Box021	person2	1	person1	0	102	30	50	raw_contact_mask_3cm	0	0	1	0.03	box021_20231018_034_p2	4e643e74446ab053b763d2ab6a072895cf33ac27	E170	omnirt_v1_TSV_TRAJECTORY	pass	SPIDER_ROOT::workspace/core4d/results/E197/s6_downstream/rl_export/partner_reexport_v1/release/omnirt_v1_ref_fk/holosoma_dcv3_omnirt_v1_ref_fk_box021_20231018_034_p2/retargeted/20231018-034-person2-Box021_with_obj_original.npz	SPIDER_ROOT::workspace/core4d/results/E197/s6_downstream/rl_export/partner_reexport_v1/release/omnirt_v1_ref_fk/holosoma_dcv3_omnirt_v1_ref_fk_box021_20231018_034_p2/trimmed/20231018-034-person2-Box021_with_obj_original.npz	SPIDER_ROOT::workspace/core4d/results/E197/s6_downstream/rl_export/partner_reexport_v1/release/omnirt_v1_ref_fk/holosoma_dcv3_omnirt_v1_ref_fk_box021_20231018_034_p2/trim_window.json	SPIDER_ROOT::workspace/core4d/results/E197/s6_downstream/rl_export/partner_reexport_v1/release/omnirt_v1_ref_fk/holosoma_dcv3_omnirt_v1_ref_fk_box021_20231018_034_p1/retargeted/20231018-034-person1-Box021_with_obj_original.npz	SPIDER_ROOT::workspace/core4d/results/E197/s6_downstream/rl_export/partner_reexport_v1/release/omnirt_v1_ref_fk/holosoma_dcv3_omnirt_v1_ref_fk_box021_20231018_034_p1/trimmed/20231018-034-person1-Box021_with_obj_original.npz	SPIDER_ROOT::workspace/core4d/results/E197/s6_downstream/rl_export/partner_reexport_v1/release/omnirt_v1_ref_fk/holosoma_dcv3_omnirt_v1_ref_fk_box021_20231018_034_p1/trim_window.json	SPIDER_ROOT::workspace/core4d/results/E197/s6_downstream/rl_export/partner_reexport_v1/release/omnirt_v1_ref_fk/contact_masks/dcv3_omnirt_v1_ref_fk_box021_20231018_034_p2/raw_contact_mask_3cm.npz	SPIDER_ROOT::workspace/core4d/results/E197/s6_downstream/rl_export/partner_reexport_v1/release/omnirt_v1_ref_fk/contact_masks/dcv3_omnirt_v1_ref_fk_box021_20231018_034_p1/raw_contact_mask_3cm.npz	cbab7f6d453b43d4ddcce3205e16be94923b864f87f856bbe650bcf31bfe3db6	ed97b7b78c8f8adbc1d17e7ce08b31972cce5ca4f0cf02d5276818af0c16f22b	2d4aaf5c86ceb5a8173a3eb0e073024d584223b20761b1c570094c95b4594497	af61fef9c2bf2c1d0bd75aeb6a6b57685854b76b13927533250f6a61f0b81cf5	5c0b55091f4ecd297376dea3976b5df0b9c6751b137e53ec06572b1eb094f444	6f68d47523e6052e65fb5f4bb66e85e497ac2bb00913dba46ec43c066fb4321f	8c09a5f45912264cdb597a28eaa52f2b2562d02bbadc68329f9c51e918f68582	8c09a5f45912264cdb597a28eaa52f2b2562d02bbadc68329f9c51e918f68582
box021_20231018_035_p2	box021_20231018_035	20231018	035	Box021	person2	1	person1	0	125	30	50	raw_contact_mask_3cm	0	0	1	0.03	box021_20231018_035_p2	4e643e74446ab053b763d2ab6a072895cf33ac27	E170	omnirt_v1_TSV_TRAJECTORY	pass	SPIDER_ROOT::workspace/core4d/results/E197/s6_downstream/rl_export/partner_reexport_v1/release/omnirt_v1_ref_fk/holosoma_dcv3_omnirt_v1_ref_fk_box021_20231018_035_p2/retargeted/20231018-035-person2-Box021_with_obj_original.npz	SPIDER_ROOT::workspace/core4d/results/E197/s6_downstream/rl_export/partner_reexport_v1/release/omnirt_v1_ref_fk/holosoma_dcv3_omnirt_v1_ref_fk_box021_20231018_035_p2/trimmed/20231018-035-person2-Box021_with_obj_original.npz	SPIDER_ROOT::workspace/core4d/results/E197/s6_downstream/rl_export/partner_reexport_v1/release/omnirt_v1_ref_fk/holosoma_dcv3_omnirt_v1_ref_fk_box021_20231018_035_p2/trim_window.json	SPIDER_ROOT::workspace/core4d/results/E197/s6_downstream/rl_export/partner_reexport_v1/release/omnirt_v1_ref_fk/holosoma_dcv3_omnirt_v1_ref_fk_box021_20231018_035_p1/retargeted/20231018-035-person1-Box021_with_obj_original.npz	SPIDER_ROOT::workspace/core4d/results/E197/s6_downstream/rl_export/partner_reexport_v1/release/omnirt_v1_ref_fk/holosoma_dcv3_omnirt_v1_ref_fk_box021_20231018_035_p1/trimmed/20231018-035-person1-Box021_with_obj_original.npz	SPIDER_ROOT::workspace/core4d/results/E197/s6_downstream/rl_export/partner_reexport_v1/release/omnirt_v1_ref_fk/holosoma_dcv3_omnirt_v1_ref_fk_box021_20231018_035_p1/trim_window.json	SPIDER_ROOT::workspace/core4d/results/E197/s6_downstream/rl_export/partner_reexport_v1/release/omnirt_v1_ref_fk/contact_masks/dcv3_omnirt_v1_ref_fk_box021_20231018_035_p2/raw_contact_mask_3cm.npz	SPIDER_ROOT::workspace/core4d/results/E197/s6_downstream/rl_export/partner_reexport_v1/release/omnirt_v1_ref_fk/contact_masks/dcv3_omnirt_v1_ref_fk_box021_20231018_035_p1/raw_contact_mask_3cm.npz	4aaaff190c4f8ae9bf78a7be3344919165fa0ac3ede3aed95d27f616afa6d9d6	21d38731617ea0a2103a62261c52294be91a9ef4f0a7267d06648c795e77bf5e	db7902763862329a1b94bbce27f332ed4b5d310f0ed90c0c468e0b68d57a9066	44d5c3f209da9b15ac47fdd2aaaaced32588178003dd2d6dee6ab0e7f70793eb	0f7ee6b83b606bd28431cb6aa9faf74203ec9cda794764bdf53d099053918c81	4b7e37d1046a074fb25b45e8769330b50da41cad260ee3230070a2a68fe774ad	13701b199089658fe70a34ab590245562879f00b27b6be01e2aa266817191960	13701b199089658fe70a34ab590245562879f00b27b6be01e2aa266817191960
box021_20231020_019_p1	box021_20231020_019	20231020	019	Box021	person1	0	person2	1	142	30	50	raw_contact_mask_3cm	1	0	1	0.03	box021_20231020_019_p1	4e643e74446ab053b763d2ab6a072895cf33ac27	E170	omnirt_v2_TSV_TRAJECTORY	pass	SPIDER_ROOT::workspace/core4d/results/E197/s6_downstream/rl_export/partner_reexport_v1/release/omnirt_v1_ref_fk/holosoma_dcv3_omnirt_v1_ref_fk_box021_20231020_019_p1/retargeted/20231020-019-person1-Box021_with_obj_original.npz	SPIDER_ROOT::workspace/core4d/results/E197/s6_downstream/rl_export/partner_reexport_v1/release/omnirt_v1_ref_fk/holosoma_dcv3_omnirt_v1_ref_fk_box021_20231020_019_p1/trimmed/20231020-019-person1-Box021_with_obj_original.npz	SPIDER_ROOT::workspace/core4d/results/E197/s6_downstream/rl_export/partner_reexport_v1/release/omnirt_v1_ref_fk/holosoma_dcv3_omnirt_v1_ref_fk_box021_20231020_019_p1/trim_window.json	SPIDER_ROOT::workspace/core4d/results/E197/s6_downstream/rl_export/partner_reexport_v1/release/omnirt_v1_ref_fk/holosoma_dcv3_omnirt_v1_ref_fk_box021_20231020_019_p2/retargeted/20231020-019-person2-Box021_with_obj_original.npz	SPIDER_ROOT::workspace/core4d/results/E197/s6_downstream/rl_export/partner_reexport_v1/release/omnirt_v1_ref_fk/holosoma_dcv3_omnirt_v1_ref_fk_box021_20231020_019_p2/trimmed/20231020-019-person2-Box021_with_obj_original.npz	SPIDER_ROOT::workspace/core4d/results/E197/s6_downstream/rl_export/partner_reexport_v1/release/omnirt_v1_ref_fk/holosoma_dcv3_omnirt_v1_ref_fk_box021_20231020_019_p2/trim_window.json	SPIDER_ROOT::workspace/core4d/results/E197/s6_downstream/rl_export/partner_reexport_v1/release/omnirt_v1_ref_fk/contact_masks/dcv3_omnirt_v1_ref_fk_box021_20231020_019_p1/raw_contact_mask_3cm.npz	SPIDER_ROOT::workspace/core4d/results/E197/s6_downstream/rl_export/partner_reexport_v1/release/omnirt_v1_ref_fk/contact_masks/dcv3_omnirt_v1_ref_fk_box021_20231020_019_p2/raw_contact_mask_3cm.npz	661b05e57c5765354e825872fef64655d6a30e2898046d94ff5d2096650612db	4241f69de074ad5c86cccedfca5957c5ea450d4c92ff2645ddadb5ea1e415a8a	66e293b5a73e918ee824be237ac560126014f5e792af63a85589b40baea2f2fb	6ad442e89e5574421b5c336db493b579edf42ce05973ee6f3d6b886814053c5f	572e4c5760eef932564127f68ba88d8bfef984e8bf3d46a9527e8ef580e07d94	72fb80e377eb1644c1edf2d1e91c8f18755680e6272a523d1b2eff3b2b60ad8d	7f04b0f2ffbf1e384bc7d723b0c7474d5c923a7242763a97064b3c9d882b2763	d7ea5d1ff49191adf9a9ecce39cf8803c810036d7e283338430173f1be677341
box021_20231020_019_p2	box021_20231020_019	20231020	019	Box021	person2	1	person1	0	142	30	50	raw_contact_mask_3cm	0	0	1	0.03	box021_20231020_019_p2	4e643e74446ab053b763d2ab6a072895cf33ac27	E170	omnirt_v1_TSV_TRAJECTORY	pass	SPIDER_ROOT::workspace/core4d/results/E197/s6_downstream/rl_export/partner_reexport_v1/release/omnirt_v1_ref_fk/holosoma_dcv3_omnirt_v1_ref_fk_box021_20231020_019_p2/retargeted/20231020-019-person2-Box021_with_obj_original.npz	SPIDER_ROOT::workspace/core4d/results/E197/s6_downstream/rl_export/partner_reexport_v1/release/omnirt_v1_ref_fk/holosoma_dcv3_omnirt_v1_ref_fk_box021_20231020_019_p2/trimmed/20231020-019-person2-Box021_with_obj_original.npz	SPIDER_ROOT::workspace/core4d/results/E197/s6_downstream/rl_export/partner_reexport_v1/release/omnirt_v1_ref_fk/holosoma_dcv3_omnirt_v1_ref_fk_box021_20231020_019_p2/trim_window.json	SPIDER_ROOT::workspace/core4d/results/E197/s6_downstream/rl_export/partner_reexport_v1/release/omnirt_v1_ref_fk/holosoma_dcv3_omnirt_v1_ref_fk_box021_20231020_019_p1/retargeted/20231020-019-person1-Box021_with_obj_original.npz	SPIDER_ROOT::workspace/core4d/results/E197/s6_downstream/rl_export/partner_reexport_v1/release/omnirt_v1_ref_fk/holosoma_dcv3_omnirt_v1_ref_fk_box021_20231020_019_p1/trimmed/20231020-019-person1-Box021_with_obj_original.npz	SPIDER_ROOT::workspace/core4d/results/E197/s6_downstream/rl_export/partner_reexport_v1/release/omnirt_v1_ref_fk/holosoma_dcv3_omnirt_v1_ref_fk_box021_20231020_019_p1/trim_window.json	SPIDER_ROOT::workspace/core4d/results/E197/s6_downstream/rl_export/partner_reexport_v1/release/omnirt_v1_ref_fk/contact_masks/dcv3_omnirt_v1_ref_fk_box021_20231020_019_p2/raw_contact_mask_3cm.npz	SPIDER_ROOT::workspace/core4d/results/E197/s6_downstream/rl_export/partner_reexport_v1/release/omnirt_v1_ref_fk/contact_masks/dcv3_omnirt_v1_ref_fk_box021_20231020_019_p1/raw_contact_mask_3cm.npz	6ad442e89e5574421b5c336db493b579edf42ce05973ee6f3d6b886814053c5f	572e4c5760eef932564127f68ba88d8bfef984e8bf3d46a9527e8ef580e07d94	72fb80e377eb1644c1edf2d1e91c8f18755680e6272a523d1b2eff3b2b60ad8d	661b05e57c5765354e825872fef64655d6a30e2898046d94ff5d2096650612db	4241f69de074ad5c86cccedfca5957c5ea450d4c92ff2645ddadb5ea1e415a8a	66e293b5a73e918ee824be237ac560126014f5e792af63a85589b40baea2f2fb	d7ea5d1ff49191adf9a9ecce39cf8803c810036d7e283338430173f1be677341	7f04b0f2ffbf1e384bc7d723b0c7474d5c923a7242763a97064b3c9d882b2763
box021_20231020_020_p1	box021_20231020_020	20231020	020	Box021	person1	0	person2	1	126	30	50	raw_contact_mask_3cm	1	0	1	0.03	box021_20231020_020_p1	4e643e74446ab053b763d2ab6a072895cf33ac27	E170	omnirt_v1_TSV_TRAJECTORY	pass	SPIDER_ROOT::workspace/core4d/results/E197/s6_downstream/rl_export/partner_reexport_v1/release/omnirt_v1_ref_fk/holosoma_dcv3_omnirt_v1_ref_fk_box021_20231020_020_p1/retargeted/20231020-020-person1-Box021_with_obj_original.npz	SPIDER_ROOT::workspace/core4d/results/E197/s6_downstream/rl_export/partner_reexport_v1/release/omnirt_v1_ref_fk/holosoma_dcv3_omnirt_v1_ref_fk_box021_20231020_020_p1/trimmed/20231020-020-person1-Box021_with_obj_original.npz	SPIDER_ROOT::workspace/core4d/results/E197/s6_downstream/rl_export/partner_reexport_v1/release/omnirt_v1_ref_fk/holosoma_dcv3_omnirt_v1_ref_fk_box021_20231020_020_p1/trim_window.json	SPIDER_ROOT::workspace/core4d/results/E197/s6_downstream/rl_export/partner_reexport_v1/release/omnirt_v1_ref_fk/holosoma_dcv3_omnirt_v1_ref_fk_box021_20231020_020_p2/retargeted/20231020-020-person2-Box021_with_obj_original.npz	SPIDER_ROOT::workspace/core4d/results/E197/s6_downstream/rl_export/partner_reexport_v1/release/omnirt_v1_ref_fk/holosoma_dcv3_omnirt_v1_ref_fk_box021_20231020_020_p2/trimmed/20231020-020-person2-Box021_with_obj_original.npz	SPIDER_ROOT::workspace/core4d/results/E197/s6_downstream/rl_export/partner_reexport_v1/release/omnirt_v1_ref_fk/holosoma_dcv3_omnirt_v1_ref_fk_box021_20231020_020_p2/trim_window.json	SPIDER_ROOT::workspace/core4d/results/E197/s6_downstream/rl_export/partner_reexport_v1/release/omnirt_v1_ref_fk/contact_masks/dcv3_omnirt_v1_ref_fk_box021_20231020_020_p1/raw_contact_mask_3cm.npz	SPIDER_ROOT::workspace/core4d/results/E197/s6_downstream/rl_export/partner_reexport_v1/release/omnirt_v1_ref_fk/contact_masks/dcv3_omnirt_v1_ref_fk_box021_20231020_020_p2/raw_contact_mask_3cm.npz	df629e522c0f347143cca4a5bba8a6cd4f3ee403101aac1b3bf5241ee27c8731	062d5456fe607a138dd7c229295472b114a9c6a40ae3cb0a50a6f9e8ec9d6127	ce1961423cc93d427030a9955bc5138619ee4e657b61f0831bf51401ff97425b	7e9a53de91e803df1a481e5c33a1ccab3ede8a1a47338a7bca48c0e493653d67	3e91e97ddf3f3e56b83c7bd9f58647d3b27725797050e2b2b4bfb13a3c57738c	0371ea8add4f913e23939e8badb2b26956eb76cad8938cc972f2f2604c692f5c	8b821ea42a31cce0c3f73ed28a4e7e737b6a64547f4932955b8e8943aac72247	8b821ea42a31cce0c3f73ed28a4e7e737b6a64547f4932955b8e8943aac72247
box021_20231020_020_p2	box021_20231020_020	20231020	020	Box021	person2	1	person1	0	126	30	50	raw_contact_mask_3cm	0	0	1	0.03	box021_20231020_020_p2	4e643e74446ab053b763d2ab6a072895cf33ac27	E170	omnirt_v1_TSV_TRAJECTORY	pass	SPIDER_ROOT::workspace/core4d/results/E197/s6_downstream/rl_export/partner_reexport_v1/release/omnirt_v1_ref_fk/holosoma_dcv3_omnirt_v1_ref_fk_box021_20231020_020_p2/retargeted/20231020-020-person2-Box021_with_obj_original.npz	SPIDER_ROOT::workspace/core4d/results/E197/s6_downstream/rl_export/partner_reexport_v1/release/omnirt_v1_ref_fk/holosoma_dcv3_omnirt_v1_ref_fk_box021_20231020_020_p2/trimmed/20231020-020-person2-Box021_with_obj_original.npz	SPIDER_ROOT::workspace/core4d/results/E197/s6_downstream/rl_export/partner_reexport_v1/release/omnirt_v1_ref_fk/holosoma_dcv3_omnirt_v1_ref_fk_box021_20231020_020_p2/trim_window.json	SPIDER_ROOT::workspace/core4d/results/E197/s6_downstream/rl_export/partner_reexport_v1/release/omnirt_v1_ref_fk/holosoma_dcv3_omnirt_v1_ref_fk_box021_20231020_020_p1/retargeted/20231020-020-person1-Box021_with_obj_original.npz	SPIDER_ROOT::workspace/core4d/results/E197/s6_downstream/rl_export/partner_reexport_v1/release/omnirt_v1_ref_fk/holosoma_dcv3_omnirt_v1_ref_fk_box021_20231020_020_p1/trimmed/20231020-020-person1-Box021_with_obj_original.npz	SPIDER_ROOT::workspace/core4d/results/E197/s6_downstream/rl_export/partner_reexport_v1/release/omnirt_v1_ref_fk/holosoma_dcv3_omnirt_v1_ref_fk_box021_20231020_020_p1/trim_window.json	SPIDER_ROOT::workspace/core4d/results/E197/s6_downstream/rl_export/partner_reexport_v1/release/omnirt_v1_ref_fk/contact_masks/dcv3_omnirt_v1_ref_fk_box021_20231020_020_p2/raw_contact_mask_3cm.npz	SPIDER_ROOT::workspace/core4d/results/E197/s6_downstream/rl_export/partner_reexport_v1/release/omnirt_v1_ref_fk/contact_masks/dcv3_omnirt_v1_ref_fk_box021_20231020_020_p1/raw_contact_mask_3cm.npz	7e9a53de91e803df1a481e5c33a1ccab3ede8a1a47338a7bca48c0e493653d67	3e91e97ddf3f3e56b83c7bd9f58647d3b27725797050e2b2b4bfb13a3c57738c	0371ea8add4f913e23939e8badb2b26956eb76cad8938cc972f2f2604c692f5c	df629e522c0f347143cca4a5bba8a6cd4f3ee403101aac1b3bf5241ee27c8731	062d5456fe607a138dd7c229295472b114a9c6a40ae3cb0a50a6f9e8ec9d6127	ce1961423cc93d427030a9955bc5138619ee4e657b61f0831bf51401ff97425b	8b821ea42a31cce0c3f73ed28a4e7e737b6a64547f4932955b8e8943aac72247	8b821ea42a31cce0c3f73ed28a4e7e737b6a64547f4932955b8e8943aac72247
box021_20231020_022_p1	box021_20231020_022	20231020	022	Box021	person1	0	person2	1	141	30	50	raw_contact_mask_3cm	1	0	1	0.03	box021_20231020_022_p1	4e643e74446ab053b763d2ab6a072895cf33ac27	E170	omnirt_v1_TSV_TRAJECTORY	pass	SPIDER_ROOT::workspace/core4d/results/E197/s6_downstream/rl_export/partner_reexport_v1/release/omnirt_v1_ref_fk/holosoma_dcv3_omnirt_v1_ref_fk_box021_20231020_022_p1/retargeted/20231020-022-person1-Box021_with_obj_original.npz	SPIDER_ROOT::workspace/core4d/results/E197/s6_downstream/rl_export/partner_reexport_v1/release/omnirt_v1_ref_fk/holosoma_dcv3_omnirt_v1_ref_fk_box021_20231020_022_p1/trimmed/20231020-022-person1-Box021_with_obj_original.npz	SPIDER_ROOT::workspace/core4d/results/E197/s6_downstream/rl_export/partner_reexport_v1/release/omnirt_v1_ref_fk/holosoma_dcv3_omnirt_v1_ref_fk_box021_20231020_022_p1/trim_window.json	SPIDER_ROOT::workspace/core4d/results/E197/s6_downstream/rl_export/partner_reexport_v1/release/omnirt_v1_ref_fk/holosoma_dcv3_omnirt_v1_ref_fk_box021_20231020_022_p2/retargeted/20231020-022-person2-Box021_with_obj_original.npz	SPIDER_ROOT::workspace/core4d/results/E197/s6_downstream/rl_export/partner_reexport_v1/release/omnirt_v1_ref_fk/holosoma_dcv3_omnirt_v1_ref_fk_box021_20231020_022_p2/trimmed/20231020-022-person2-Box021_with_obj_original.npz	SPIDER_ROOT::workspace/core4d/results/E197/s6_downstream/rl_export/partner_reexport_v1/release/omnirt_v1_ref_fk/holosoma_dcv3_omnirt_v1_ref_fk_box021_20231020_022_p2/trim_window.json	SPIDER_ROOT::workspace/core4d/results/E197/s6_downstream/rl_export/partner_reexport_v1/release/omnirt_v1_ref_fk/contact_masks/dcv3_omnirt_v1_ref_fk_box021_20231020_022_p1/raw_contact_mask_3cm.npz	SPIDER_ROOT::workspace/core4d/results/E197/s6_downstream/rl_export/partner_reexport_v1/release/omnirt_v1_ref_fk/contact_masks/dcv3_omnirt_v1_ref_fk_box021_20231020_022_p2/raw_contact_mask_3cm.npz	bf9a18edccc812b889b363ac241ac03e3f83dcdbdd565c6b4394550473a719f8	c610274061260611f3d826feee6f0541e60b8e4ad46018cd4b8b72158a20c3f3	b14139a681d0c106e55206bb029d595b1620ebdb230b69fd6f4ecfcc45e25be2	e9e8fe0998fa687cbe9e6b1050a48de6ca6f5cdfb8aa81542c4248fdac014e8a	799c81b5fe7b777ca2880730d38ed4d676886aa3f8048bd8e97764b30acd2778	c285b1b36aadee5e28f125d8e835f8b3cd4f61f8af82fa59b41a05e495d8b2d4	566ac4aa2a9d1b174068a8941669f8d0b36bd41d63f3f3a606de840483b27b35	edc618e447fc0dc42f5902889052626db6d1db9283383b545d64e8bff1036ad4
box021_20231020_022_p2	box021_20231020_022	20231020	022	Box021	person2	1	person1	0	141	30	50	raw_contact_mask_3cm	0	0	1	0.03	box021_20231020_022_p2	4e643e74446ab053b763d2ab6a072895cf33ac27	E170	omnirt_v1_TSV_TRAJECTORY	pass	SPIDER_ROOT::workspace/core4d/results/E197/s6_downstream/rl_export/partner_reexport_v1/release/omnirt_v1_ref_fk/holosoma_dcv3_omnirt_v1_ref_fk_box021_20231020_022_p2/retargeted/20231020-022-person2-Box021_with_obj_original.npz	SPIDER_ROOT::workspace/core4d/results/E197/s6_downstream/rl_export/partner_reexport_v1/release/omnirt_v1_ref_fk/holosoma_dcv3_omnirt_v1_ref_fk_box021_20231020_022_p2/trimmed/20231020-022-person2-Box021_with_obj_original.npz	SPIDER_ROOT::workspace/core4d/results/E197/s6_downstream/rl_export/partner_reexport_v1/release/omnirt_v1_ref_fk/holosoma_dcv3_omnirt_v1_ref_fk_box021_20231020_022_p2/trim_window.json	SPIDER_ROOT::workspace/core4d/results/E197/s6_downstream/rl_export/partner_reexport_v1/release/omnirt_v1_ref_fk/holosoma_dcv3_omnirt_v1_ref_fk_box021_20231020_022_p1/retargeted/20231020-022-person1-Box021_with_obj_original.npz	SPIDER_ROOT::workspace/core4d/results/E197/s6_downstream/rl_export/partner_reexport_v1/release/omnirt_v1_ref_fk/holosoma_dcv3_omnirt_v1_ref_fk_box021_20231020_022_p1/trimmed/20231020-022-person1-Box021_with_obj_original.npz	SPIDER_ROOT::workspace/core4d/results/E197/s6_downstream/rl_export/partner_reexport_v1/release/omnirt_v1_ref_fk/holosoma_dcv3_omnirt_v1_ref_fk_box021_20231020_022_p1/trim_window.json	SPIDER_ROOT::workspace/core4d/results/E197/s6_downstream/rl_export/partner_reexport_v1/release/omnirt_v1_ref_fk/contact_masks/dcv3_omnirt_v1_ref_fk_box021_20231020_022_p2/raw_contact_mask_3cm.npz	SPIDER_ROOT::workspace/core4d/results/E197/s6_downstream/rl_export/partner_reexport_v1/release/omnirt_v1_ref_fk/contact_masks/dcv3_omnirt_v1_ref_fk_box021_20231020_022_p1/raw_contact_mask_3cm.npz	e9e8fe0998fa687cbe9e6b1050a48de6ca6f5cdfb8aa81542c4248fdac014e8a	799c81b5fe7b777ca2880730d38ed4d676886aa3f8048bd8e97764b30acd2778	c285b1b36aadee5e28f125d8e835f8b3cd4f61f8af82fa59b41a05e495d8b2d4	bf9a18edccc812b889b363ac241ac03e3f83dcdbdd565c6b4394550473a719f8	c610274061260611f3d826feee6f0541e60b8e4ad46018cd4b8b72158a20c3f3	b14139a681d0c106e55206bb029d595b1620ebdb230b69fd6f4ecfcc45e25be2	edc618e447fc0dc42f5902889052626db6d1db9283383b545d64e8bff1036ad4	566ac4aa2a9d1b174068a8941669f8d0b36bd41d63f3f3a606de840483b27b35
box021_20231020_023_p1	box021_20231020_023	20231020	023	Box021	person1	0	person2	1	145	30	50	raw_contact_mask_3cm	1	0	1	0.03	box021_20231020_023_p1	4e643e74446ab053b763d2ab6a072895cf33ac27	E170	omnirt_v1_TSV_TRAJECTORY	pass	SPIDER_ROOT::workspace/core4d/results/E197/s6_downstream/rl_export/partner_reexport_v1/release/omnirt_v1_ref_fk/holosoma_dcv3_omnirt_v1_ref_fk_box021_20231020_023_p1/retargeted/20231020-023-person1-Box021_with_obj_original.npz	SPIDER_ROOT::workspace/core4d/results/E197/s6_downstream/rl_export/partner_reexport_v1/release/omnirt_v1_ref_fk/holosoma_dcv3_omnirt_v1_ref_fk_box021_20231020_023_p1/trimmed/20231020-023-person1-Box021_with_obj_original.npz	SPIDER_ROOT::workspace/core4d/results/E197/s6_downstream/rl_export/partner_reexport_v1/release/omnirt_v1_ref_fk/holosoma_dcv3_omnirt_v1_ref_fk_box021_20231020_023_p1/trim_window.json	SPIDER_ROOT::workspace/core4d/results/E197/s6_downstream/rl_export/partner_reexport_v1/release/omnirt_v1_ref_fk/holosoma_dcv3_omnirt_v1_ref_fk_box021_20231020_023_p2/retargeted/20231020-023-person2-Box021_with_obj_original.npz	SPIDER_ROOT::workspace/core4d/results/E197/s6_downstream/rl_export/partner_reexport_v1/release/omnirt_v1_ref_fk/holosoma_dcv3_omnirt_v1_ref_fk_box021_20231020_023_p2/trimmed/20231020-023-person2-Box021_with_obj_original.npz	SPIDER_ROOT::workspace/core4d/results/E197/s6_downstream/rl_export/partner_reexport_v1/release/omnirt_v1_ref_fk/holosoma_dcv3_omnirt_v1_ref_fk_box021_20231020_023_p2/trim_window.json	SPIDER_ROOT::workspace/core4d/results/E197/s6_downstream/rl_export/partner_reexport_v1/release/omnirt_v1_ref_fk/contact_masks/dcv3_omnirt_v1_ref_fk_box021_20231020_023_p1/raw_contact_mask_3cm.npz	SPIDER_ROOT::workspace/core4d/results/E197/s6_downstream/rl_export/partner_reexport_v1/release/omnirt_v1_ref_fk/contact_masks/dcv3_omnirt_v1_ref_fk_box021_20231020_023_p2/raw_contact_mask_3cm.npz	f5f0ee7ec33a8246af27f6f1763a6cebbedea0093de1f360b635d5c1f9bab8c1	14c2ce611faa46c8748d51ea4cc7a07f6d8e8a4eac92d2f4ae74aa6debf2a598	93127ac597566da9619c4863ce330a6b65f79092b535f7cfee0a69f62c997256	dcab7b85db68b800b8dc082cf1505e3ee85047a2b27db7635e48b8d20ee89bae	2490c27a59a4ab394257cd197cdfc0da08af94fcf2e9c9af4720dc2782de8fc1	2512bbf13e83d466f58819a29302e7daaa687b2ed0879de0203f46be673fb9dc	ba15dcddfd006b37e777ff0294ac7f88f370ff55f9dbeeefc9c95b7a3cf9da57	ba1798cb84128ecc4796510d0efedc414a307c63f6c33d78ffac8bb06fb78ab5
box021_20231020_023_p2	box021_20231020_023	20231020	023	Box021	person2	1	person1	0	145	30	50	raw_contact_mask_3cm	0	0	1	0.03	box021_20231020_023_p2	4e643e74446ab053b763d2ab6a072895cf33ac27	E170	omnirt_v1_TSV_TRAJECTORY	pass	SPIDER_ROOT::workspace/core4d/results/E197/s6_downstream/rl_export/partner_reexport_v1/release/omnirt_v1_ref_fk/holosoma_dcv3_omnirt_v1_ref_fk_box021_20231020_023_p2/retargeted/20231020-023-person2-Box021_with_obj_original.npz	SPIDER_ROOT::workspace/core4d/results/E197/s6_downstream/rl_export/partner_reexport_v1/release/omnirt_v1_ref_fk/holosoma_dcv3_omnirt_v1_ref_fk_box021_20231020_023_p2/trimmed/20231020-023-person2-Box021_with_obj_original.npz	SPIDER_ROOT::workspace/core4d/results/E197/s6_downstream/rl_export/partner_reexport_v1/release/omnirt_v1_ref_fk/holosoma_dcv3_omnirt_v1_ref_fk_box021_20231020_023_p2/trim_window.json	SPIDER_ROOT::workspace/core4d/results/E197/s6_downstream/rl_export/partner_reexport_v1/release/omnirt_v1_ref_fk/holosoma_dcv3_omnirt_v1_ref_fk_box021_20231020_023_p1/retargeted/20231020-023-person1-Box021_with_obj_original.npz	SPIDER_ROOT::workspace/core4d/results/E197/s6_downstream/rl_export/partner_reexport_v1/release/omnirt_v1_ref_fk/holosoma_dcv3_omnirt_v1_ref_fk_box021_20231020_023_p1/trimmed/20231020-023-person1-Box021_with_obj_original.npz	SPIDER_ROOT::workspace/core4d/results/E197/s6_downstream/rl_export/partner_reexport_v1/release/omnirt_v1_ref_fk/holosoma_dcv3_omnirt_v1_ref_fk_box021_20231020_023_p1/trim_window.json	SPIDER_ROOT::workspace/core4d/results/E197/s6_downstream/rl_export/partner_reexport_v1/release/omnirt_v1_ref_fk/contact_masks/dcv3_omnirt_v1_ref_fk_box021_20231020_023_p2/raw_contact_mask_3cm.npz	SPIDER_ROOT::workspace/core4d/results/E197/s6_downstream/rl_export/partner_reexport_v1/release/omnirt_v1_ref_fk/contact_masks/dcv3_omnirt_v1_ref_fk_box021_20231020_023_p1/raw_contact_mask_3cm.npz	dcab7b85db68b800b8dc082cf1505e3ee85047a2b27db7635e48b8d20ee89bae	2490c27a59a4ab394257cd197cdfc0da08af94fcf2e9c9af4720dc2782de8fc1	2512bbf13e83d466f58819a29302e7daaa687b2ed0879de0203f46be673fb9dc	f5f0ee7ec33a8246af27f6f1763a6cebbedea0093de1f360b635d5c1f9bab8c1	14c2ce611faa46c8748d51ea4cc7a07f6d8e8a4eac92d2f4ae74aa6debf2a598	93127ac597566da9619c4863ce330a6b65f79092b535f7cfee0a69f62c997256	ba1798cb84128ecc4796510d0efedc414a307c63f6c33d78ffac8bb06fb78ab5	ba15dcddfd006b37e777ff0294ac7f88f370ff55f9dbeeefc9c95b7a3cf9da57
box023_20231008_045_p1	box023_20231008_045	20231008	045	Box023	person1	0	person2	1	178	30	50	raw_contact_mask_3cm	1	0	1	0.03	box023_20231008_045_p1	4e643e74446ab053b763d2ab6a072895cf33ac27	E173	omnirt_v1_TSV_TRAJECTORY	pass	SPIDER_ROOT::workspace/core4d/results/E197/s6_downstream/rl_export/partner_reexport_v1/release/omnirt_v1_ref_fk/holosoma_dcv3_omnirt_v1_ref_fk_box023_20231008_045_p1/retargeted/20231008-045-person1-Box023_with_obj_original.npz	SPIDER_ROOT::workspace/core4d/results/E197/s6_downstream/rl_export/partner_reexport_v1/release/omnirt_v1_ref_fk/holosoma_dcv3_omnirt_v1_ref_fk_box023_20231008_045_p1/trimmed/20231008-045-person1-Box023_with_obj_original.npz	SPIDER_ROOT::workspace/core4d/results/E197/s6_downstream/rl_export/partner_reexport_v1/release/omnirt_v1_ref_fk/holosoma_dcv3_omnirt_v1_ref_fk_box023_20231008_045_p1/trim_window.json	SPIDER_ROOT::workspace/core4d/results/E197/s6_downstream/rl_export/partner_reexport_v1/release/omnirt_v1_ref_fk/holosoma_dcv3_omnirt_v1_ref_fk_box023_20231008_045_p2/retargeted/20231008-045-person2-Box023_with_obj_original.npz	SPIDER_ROOT::workspace/core4d/results/E197/s6_downstream/rl_export/partner_reexport_v1/release/omnirt_v1_ref_fk/holosoma_dcv3_omnirt_v1_ref_fk_box023_20231008_045_p2/trimmed/20231008-045-person2-Box023_with_obj_original.npz	SPIDER_ROOT::workspace/core4d/results/E197/s6_downstream/rl_export/partner_reexport_v1/release/omnirt_v1_ref_fk/holosoma_dcv3_omnirt_v1_ref_fk_box023_20231008_045_p2/trim_window.json	SPIDER_ROOT::workspace/core4d/results/E197/s6_downstream/rl_export/partner_reexport_v1/release/omnirt_v1_ref_fk/contact_masks/dcv3_omnirt_v1_ref_fk_box023_20231008_045_p1/raw_contact_mask_3cm.npz	SPIDER_ROOT::workspace/core4d/results/E197/s6_downstream/rl_export/partner_reexport_v1/release/omnirt_v1_ref_fk/contact_masks/dcv3_omnirt_v1_ref_fk_box023_20231008_045_p2/raw_contact_mask_3cm.npz	c3a482020cb66dd966a05451a3b27818d9bc7612d9b602b831ca863f42090b1a	1d2cd8db633f9a71b4f079e0758bb6f339c60de7c08668edff9bb76c41731c79	60406276685df388eece045f8f59df114d7ffbcd4380526d31ae123c93162252	3d30a5fe0540b81df55c38cd5ae7ddd84aa7c6a50071fa7b2e7a21f165f8767d	feafa2ecb053977f9d6a4d94257ab83809451137cfe39c05c05dd6b3225c5d98	61026e4ebf7494eebb19122d944372f2e7990536c9d3e3396225881499f06354	4d4b7a14cb9155a9bf8b8b48332d569d3019203b7dfb02943672f198dadce6be	4d4b7a14cb9155a9bf8b8b48332d569d3019203b7dfb02943672f198dadce6be
box023_20231008_045_p2	box023_20231008_045	20231008	045	Box023	person2	1	person1	0	178	30	50	raw_contact_mask_3cm	0	0	1	0.03	box023_20231008_045_p2	4e643e74446ab053b763d2ab6a072895cf33ac27	E173	omnirt_v1_TSV_TRAJECTORY	pass	SPIDER_ROOT::workspace/core4d/results/E197/s6_downstream/rl_export/partner_reexport_v1/release/omnirt_v1_ref_fk/holosoma_dcv3_omnirt_v1_ref_fk_box023_20231008_045_p2/retargeted/20231008-045-person2-Box023_with_obj_original.npz	SPIDER_ROOT::workspace/core4d/results/E197/s6_downstream/rl_export/partner_reexport_v1/release/omnirt_v1_ref_fk/holosoma_dcv3_omnirt_v1_ref_fk_box023_20231008_045_p2/trimmed/20231008-045-person2-Box023_with_obj_original.npz	SPIDER_ROOT::workspace/core4d/results/E197/s6_downstream/rl_export/partner_reexport_v1/release/omnirt_v1_ref_fk/holosoma_dcv3_omnirt_v1_ref_fk_box023_20231008_045_p2/trim_window.json	SPIDER_ROOT::workspace/core4d/results/E197/s6_downstream/rl_export/partner_reexport_v1/release/omnirt_v1_ref_fk/holosoma_dcv3_omnirt_v1_ref_fk_box023_20231008_045_p1/retargeted/20231008-045-person1-Box023_with_obj_original.npz	SPIDER_ROOT::workspace/core4d/results/E197/s6_downstream/rl_export/partner_reexport_v1/release/omnirt_v1_ref_fk/holosoma_dcv3_omnirt_v1_ref_fk_box023_20231008_045_p1/trimmed/20231008-045-person1-Box023_with_obj_original.npz	SPIDER_ROOT::workspace/core4d/results/E197/s6_downstream/rl_export/partner_reexport_v1/release/omnirt_v1_ref_fk/holosoma_dcv3_omnirt_v1_ref_fk_box023_20231008_045_p1/trim_window.json	SPIDER_ROOT::workspace/core4d/results/E197/s6_downstream/rl_export/partner_reexport_v1/release/omnirt_v1_ref_fk/contact_masks/dcv3_omnirt_v1_ref_fk_box023_20231008_045_p2/raw_contact_mask_3cm.npz	SPIDER_ROOT::workspace/core4d/results/E197/s6_downstream/rl_export/partner_reexport_v1/release/omnirt_v1_ref_fk/contact_masks/dcv3_omnirt_v1_ref_fk_box023_20231008_045_p1/raw_contact_mask_3cm.npz	3d30a5fe0540b81df55c38cd5ae7ddd84aa7c6a50071fa7b2e7a21f165f8767d	feafa2ecb053977f9d6a4d94257ab83809451137cfe39c05c05dd6b3225c5d98	61026e4ebf7494eebb19122d944372f2e7990536c9d3e3396225881499f06354	c3a482020cb66dd966a05451a3b27818d9bc7612d9b602b831ca863f42090b1a	1d2cd8db633f9a71b4f079e0758bb6f339c60de7c08668edff9bb76c41731c79	60406276685df388eece045f8f59df114d7ffbcd4380526d31ae123c93162252	4d4b7a14cb9155a9bf8b8b48332d569d3019203b7dfb02943672f198dadce6be	4d4b7a14cb9155a9bf8b8b48332d569d3019203b7dfb02943672f198dadce6be
box023_20231008_046_p2	box023_20231008_046	20231008	046	Box023	person2	1	person1	0	113	30	50	raw_contact_mask_3cm	0	0	1	0.03	box023_20231008_046_p2	4e643e74446ab053b763d2ab6a072895cf33ac27	E173	omnirt_v1_TSV_TRAJECTORY	pass	SPIDER_ROOT::workspace/core4d/results/E197/s6_downstream/rl_export/partner_reexport_v1/release/omnirt_v1_ref_fk/holosoma_dcv3_omnirt_v1_ref_fk_box023_20231008_046_p2/retargeted/20231008-046-person2-Box023_with_obj_original.npz	SPIDER_ROOT::workspace/core4d/results/E197/s6_downstream/rl_export/partner_reexport_v1/release/omnirt_v1_ref_fk/holosoma_dcv3_omnirt_v1_ref_fk_box023_20231008_046_p2/trimmed/20231008-046-person2-Box023_with_obj_original.npz	SPIDER_ROOT::workspace/core4d/results/E197/s6_downstream/rl_export/partner_reexport_v1/release/omnirt_v1_ref_fk/holosoma_dcv3_omnirt_v1_ref_fk_box023_20231008_046_p2/trim_window.json	SPIDER_ROOT::workspace/core4d/results/E197/s6_downstream/rl_export/partner_reexport_v1/release/omnirt_v1_ref_fk/holosoma_dcv3_omnirt_v1_ref_fk_box023_20231008_046_p1/retargeted/20231008-046-person1-Box023_with_obj_original.npz	SPIDER_ROOT::workspace/core4d/results/E197/s6_downstream/rl_export/partner_reexport_v1/release/omnirt_v1_ref_fk/holosoma_dcv3_omnirt_v1_ref_fk_box023_20231008_046_p1/trimmed/20231008-046-person1-Box023_with_obj_original.npz	SPIDER_ROOT::workspace/core4d/results/E197/s6_downstream/rl_export/partner_reexport_v1/release/omnirt_v1_ref_fk/holosoma_dcv3_omnirt_v1_ref_fk_box023_20231008_046_p1/trim_window.json	SPIDER_ROOT::workspace/core4d/results/E197/s6_downstream/rl_export/partner_reexport_v1/release/omnirt_v1_ref_fk/contact_masks/dcv3_omnirt_v1_ref_fk_box023_20231008_046_p2/raw_contact_mask_3cm.npz	SPIDER_ROOT::workspace/core4d/results/E197/s6_downstream/rl_export/partner_reexport_v1/release/omnirt_v1_ref_fk/contact_masks/dcv3_omnirt_v1_ref_fk_box023_20231008_046_p1/raw_contact_mask_3cm.npz	bf12a7be34aa9ddd4ed65396061a60084c06ffb456e867ba8c8da31678d28d1e	39e47b00a032c20b40e9b4848126de0d6b58f2c438b1936a3b2f881612f1d83e	b52d986bc9760e5c3690c23ad3de275f990eb5568d3b96b8d550fc51c4bd8df5	df002dea2cbfc014a8adccf35e59440f9670039c07f95e224466d1cdb97ca4f2	6622f5a19486c4dab718188cd9b4f42846eea47d15fe47fb58bb0d708ea3cdab	a7fa50e83d40d62c0873b5ca8d584fd3ce750cca74654cc5486f2644819dab7d	0ec8c6055aa0813a028b6abbb33fa6ea78a94394af77ca105f44f6adf3ee0057	d5af8ac26d64f166e0297eb4ce4ba7972288ebfdd559f410fee782133a742439
box023_20231011_018_p1	box023_20231011_018	20231011	018	Box023	person1	0	person2	1	175	30	50	raw_contact_mask_3cm	1	0	1	0.03	box023_20231011_018_p1	4e643e74446ab053b763d2ab6a072895cf33ac27	E173	omnirt_v1_TSV_TRAJECTORY	pass	SPIDER_ROOT::workspace/core4d/results/E197/s6_downstream/rl_export/partner_reexport_v1/release/omnirt_v1_ref_fk/holosoma_dcv3_omnirt_v1_ref_fk_box023_20231011_018_p1/retargeted/20231011-018-person1-Box023_with_obj_original.npz	SPIDER_ROOT::workspace/core4d/results/E197/s6_downstream/rl_export/partner_reexport_v1/release/omnirt_v1_ref_fk/holosoma_dcv3_omnirt_v1_ref_fk_box023_20231011_018_p1/trimmed/20231011-018-person1-Box023_with_obj_original.npz	SPIDER_ROOT::workspace/core4d/results/E197/s6_downstream/rl_export/partner_reexport_v1/release/omnirt_v1_ref_fk/holosoma_dcv3_omnirt_v1_ref_fk_box023_20231011_018_p1/trim_window.json	SPIDER_ROOT::workspace/core4d/results/E197/s6_downstream/rl_export/partner_reexport_v1/release/omnirt_v1_ref_fk/holosoma_dcv3_omnirt_v1_ref_fk_box023_20231011_018_p2/retargeted/20231011-018-person2-Box023_with_obj_original.npz	SPIDER_ROOT::workspace/core4d/results/E197/s6_downstream/rl_export/partner_reexport_v1/release/omnirt_v1_ref_fk/holosoma_dcv3_omnirt_v1_ref_fk_box023_20231011_018_p2/trimmed/20231011-018-person2-Box023_with_obj_original.npz	SPIDER_ROOT::workspace/core4d/results/E197/s6_downstream/rl_export/partner_reexport_v1/release/omnirt_v1_ref_fk/holosoma_dcv3_omnirt_v1_ref_fk_box023_20231011_018_p2/trim_window.json	SPIDER_ROOT::workspace/core4d/results/E197/s6_downstream/rl_export/partner_reexport_v1/release/omnirt_v1_ref_fk/contact_masks/dcv3_omnirt_v1_ref_fk_box023_20231011_018_p1/raw_contact_mask_3cm.npz	SPIDER_ROOT::workspace/core4d/results/E197/s6_downstream/rl_export/partner_reexport_v1/release/omnirt_v1_ref_fk/contact_masks/dcv3_omnirt_v1_ref_fk_box023_20231011_018_p2/raw_contact_mask_3cm.npz	7b22e80035f794953cb3ebe3f7ab8d7ecb41caa0a6f4a6afedb3a955ef0de54d	a3bb8fdc8ddc3823d55e19f841d1ef3d38936259aec85e9634195c1755f6e90d	fdbfb49d96481485ab7e06b564bef9e1bfd1a99a67ad28ece88b285b0e6c6492	5f31b55ba60463004570ba6f8f2125bbca35f10a3b6fa3b3b45747f6939e5956	ecc377f5be16189b441433308e915dee089ac7f762bdd5b7244f5c47c169abb5	3b83579130dec20c8ce9b162ce2ed78b3aea47e584e6dce4001d798e3596cb9b	fd82f9f5b4fb1caf6655289523b33bc15c1ec21c286f53af066c608a0ffc2192	f055754b1689363e8e088b665950eabce02cbf7c58850760d973f6dd6426343f
box023_20231011_021_p1	box023_20231011_021	20231011	021	Box023	person1	0	person2	1	207	30	50	raw_contact_mask_3cm	1	0	1	0.03	box023_20231011_021_p1	4e643e74446ab053b763d2ab6a072895cf33ac27	E173	omnirt_v1_TSV_TRAJECTORY	pass	SPIDER_ROOT::workspace/core4d/results/E197/s6_downstream/rl_export/partner_reexport_v1/release/omnirt_v1_ref_fk/holosoma_dcv3_omnirt_v1_ref_fk_box023_20231011_021_p1/retargeted/20231011-021-person1-Box023_with_obj_original.npz	SPIDER_ROOT::workspace/core4d/results/E197/s6_downstream/rl_export/partner_reexport_v1/release/omnirt_v1_ref_fk/holosoma_dcv3_omnirt_v1_ref_fk_box023_20231011_021_p1/trimmed/20231011-021-person1-Box023_with_obj_original.npz	SPIDER_ROOT::workspace/core4d/results/E197/s6_downstream/rl_export/partner_reexport_v1/release/omnirt_v1_ref_fk/holosoma_dcv3_omnirt_v1_ref_fk_box023_20231011_021_p1/trim_window.json	SPIDER_ROOT::workspace/core4d/results/E197/s6_downstream/rl_export/partner_reexport_v1/release/omnirt_v1_ref_fk/holosoma_dcv3_omnirt_v1_ref_fk_box023_20231011_021_p2/retargeted/20231011-021-person2-Box023_with_obj_original.npz	SPIDER_ROOT::workspace/core4d/results/E197/s6_downstream/rl_export/partner_reexport_v1/release/omnirt_v1_ref_fk/holosoma_dcv3_omnirt_v1_ref_fk_box023_20231011_021_p2/trimmed/20231011-021-person2-Box023_with_obj_original.npz	SPIDER_ROOT::workspace/core4d/results/E197/s6_downstream/rl_export/partner_reexport_v1/release/omnirt_v1_ref_fk/holosoma_dcv3_omnirt_v1_ref_fk_box023_20231011_021_p2/trim_window.json	SPIDER_ROOT::workspace/core4d/results/E197/s6_downstream/rl_export/partner_reexport_v1/release/omnirt_v1_ref_fk/contact_masks/dcv3_omnirt_v1_ref_fk_box023_20231011_021_p1/raw_contact_mask_3cm.npz	SPIDER_ROOT::workspace/core4d/results/E197/s6_downstream/rl_export/partner_reexport_v1/release/omnirt_v1_ref_fk/contact_masks/dcv3_omnirt_v1_ref_fk_box023_20231011_021_p2/raw_contact_mask_3cm.npz	b9863ea6ee2d59ab6a2b8b813edb21b476661b225f54941d0beac8629e18ba93	3f4e5a89e8960c96ba849b10f6a17a20cefe69ea7f0c6e85a279867e0b985ac6	c0b230f9344e87d955c3df1206d3dac7b9d3f1ef9bdf8bbdef7fbbdf26b384a3	5f8a74e7d1d4431d0f123d986dbf51f103a7211591a54574c2a455a045a2a896	117112b9e3fb3b0b0e32c76a179ff1fd2bc2a317e1689015cf9c1f62ce693e66	bdebafe02b8ab9b2ef16ff956cbd9d784da5f0cae6feb5d60a33820e8314140f	490e8f57f2c48a0f164b11f92c4b1727161a25f6f9a8e7ce885b2e44e7530ea6	9d7ace38da787965915ab4ccfdadd7fb4faa64f2f1cee7bcc9ebe3fb25272520
box023_20231011_021_p2	box023_20231011_021	20231011	021	Box023	person2	1	person1	0	207	30	50	raw_contact_mask_3cm	0	0	1	0.03	box023_20231011_021_p2	4e643e74446ab053b763d2ab6a072895cf33ac27	E173	omnirt_v1_TSV_TRAJECTORY	pass	SPIDER_ROOT::workspace/core4d/results/E197/s6_downstream/rl_export/partner_reexport_v1/release/omnirt_v1_ref_fk/holosoma_dcv3_omnirt_v1_ref_fk_box023_20231011_021_p2/retargeted/20231011-021-person2-Box023_with_obj_original.npz	SPIDER_ROOT::workspace/core4d/results/E197/s6_downstream/rl_export/partner_reexport_v1/release/omnirt_v1_ref_fk/holosoma_dcv3_omnirt_v1_ref_fk_box023_20231011_021_p2/trimmed/20231011-021-person2-Box023_with_obj_original.npz	SPIDER_ROOT::workspace/core4d/results/E197/s6_downstream/rl_export/partner_reexport_v1/release/omnirt_v1_ref_fk/holosoma_dcv3_omnirt_v1_ref_fk_box023_20231011_021_p2/trim_window.json	SPIDER_ROOT::workspace/core4d/results/E197/s6_downstream/rl_export/partner_reexport_v1/release/omnirt_v1_ref_fk/holosoma_dcv3_omnirt_v1_ref_fk_box023_20231011_021_p1/retargeted/20231011-021-person1-Box023_with_obj_original.npz	SPIDER_ROOT::workspace/core4d/results/E197/s6_downstream/rl_export/partner_reexport_v1/release/omnirt_v1_ref_fk/holosoma_dcv3_omnirt_v1_ref_fk_box023_20231011_021_p1/trimmed/20231011-021-person1-Box023_with_obj_original.npz	SPIDER_ROOT::workspace/core4d/results/E197/s6_downstream/rl_export/partner_reexport_v1/release/omnirt_v1_ref_fk/holosoma_dcv3_omnirt_v1_ref_fk_box023_20231011_021_p1/trim_window.json	SPIDER_ROOT::workspace/core4d/results/E197/s6_downstream/rl_export/partner_reexport_v1/release/omnirt_v1_ref_fk/contact_masks/dcv3_omnirt_v1_ref_fk_box023_20231011_021_p2/raw_contact_mask_3cm.npz	SPIDER_ROOT::workspace/core4d/results/E197/s6_downstream/rl_export/partner_reexport_v1/release/omnirt_v1_ref_fk/contact_masks/dcv3_omnirt_v1_ref_fk_box023_20231011_021_p1/raw_contact_mask_3cm.npz	5f8a74e7d1d4431d0f123d986dbf51f103a7211591a54574c2a455a045a2a896	117112b9e3fb3b0b0e32c76a179ff1fd2bc2a317e1689015cf9c1f62ce693e66	bdebafe02b8ab9b2ef16ff956cbd9d784da5f0cae6feb5d60a33820e8314140f	b9863ea6ee2d59ab6a2b8b813edb21b476661b225f54941d0beac8629e18ba93	3f4e5a89e8960c96ba849b10f6a17a20cefe69ea7f0c6e85a279867e0b985ac6	c0b230f9344e87d955c3df1206d3dac7b9d3f1ef9bdf8bbdef7fbbdf26b384a3	9d7ace38da787965915ab4ccfdadd7fb4faa64f2f1cee7bcc9ebe3fb25272520	490e8f57f2c48a0f164b11f92c4b1727161a25f6f9a8e7ce885b2e44e7530ea6
box023_20231020_039_p2	box023_20231020_039	20231020	039	Box023	person2	1	person1	0	134	30	50	raw_contact_mask_3cm	0	0	1	0.03	box023_20231020_039_p2	4e643e74446ab053b763d2ab6a072895cf33ac27	E173	omnirt_v1_TSV_TRAJECTORY	pass	SPIDER_ROOT::workspace/core4d/results/E197/s6_downstream/rl_export/partner_reexport_v1/release/omnirt_v1_ref_fk/holosoma_dcv3_omnirt_v1_ref_fk_box023_20231020_039_p2/retargeted/20231020-039-person2-Box023_with_obj_original.npz	SPIDER_ROOT::workspace/core4d/results/E197/s6_downstream/rl_export/partner_reexport_v1/release/omnirt_v1_ref_fk/holosoma_dcv3_omnirt_v1_ref_fk_box023_20231020_039_p2/trimmed/20231020-039-person2-Box023_with_obj_original.npz	SPIDER_ROOT::workspace/core4d/results/E197/s6_downstream/rl_export/partner_reexport_v1/release/omnirt_v1_ref_fk/holosoma_dcv3_omnirt_v1_ref_fk_box023_20231020_039_p2/trim_window.json	SPIDER_ROOT::workspace/core4d/results/E197/s6_downstream/rl_export/partner_reexport_v1/release/omnirt_v1_ref_fk/holosoma_dcv3_omnirt_v1_ref_fk_box023_20231020_039_p1/retargeted/20231020-039-person1-Box023_with_obj_original.npz	SPIDER_ROOT::workspace/core4d/results/E197/s6_downstream/rl_export/partner_reexport_v1/release/omnirt_v1_ref_fk/holosoma_dcv3_omnirt_v1_ref_fk_box023_20231020_039_p1/trimmed/20231020-039-person1-Box023_with_obj_original.npz	SPIDER_ROOT::workspace/core4d/results/E197/s6_downstream/rl_export/partner_reexport_v1/release/omnirt_v1_ref_fk/holosoma_dcv3_omnirt_v1_ref_fk_box023_20231020_039_p1/trim_window.json	SPIDER_ROOT::workspace/core4d/results/E197/s6_downstream/rl_export/partner_reexport_v1/release/omnirt_v1_ref_fk/contact_masks/dcv3_omnirt_v1_ref_fk_box023_20231020_039_p2/raw_contact_mask_3cm.npz	SPIDER_ROOT::workspace/core4d/results/E197/s6_downstream/rl_export/partner_reexport_v1/release/omnirt_v1_ref_fk/contact_masks/dcv3_omnirt_v1_ref_fk_box023_20231020_039_p1/raw_contact_mask_3cm.npz	86ba2f21b43d84f5ba656af8bd8e695334857eedc0815aab7ff322f7335b7dd7	1c1cd927563db241b2d10565b71c1ad4a47fafa140481c743f59d98ed236a042	dc5d53d523f8d433e91de4d0cba545bfcc86dbcbb731ac2a0c6c2ea73841d56e	9ace68ced767f0671a177c70f9d56989c8a87275f542b6af57941ad6dc2a0360	3265213a9123fca0812b6e3c0e41fea8a7ae127e1effd169a8a9ebd5aa28c89a	65bb884431a6d4674ccc8a768fc208fda0e8bf026f01cb04e3ac869bb703d43d	5c1e31f77748a70c4f984251b5c0b3ba5a31d3cf5d56711dab3d413e58adfd27	5c1e31f77748a70c4f984251b5c0b3ba5a31d3cf5d56711dab3d413e58adfd27
box023_20231020_040_p1	box023_20231020_040	20231020	040	Box023	person1	0	person2	1	151	30	50	raw_contact_mask_3cm	1	0	1	0.03	box023_20231020_040_p1	4e643e74446ab053b763d2ab6a072895cf33ac27	E173	omnirt_v1_TSV_TRAJECTORY	pass	SPIDER_ROOT::workspace/core4d/results/E197/s6_downstream/rl_export/partner_reexport_v1/release/omnirt_v1_ref_fk/holosoma_dcv3_omnirt_v1_ref_fk_box023_20231020_040_p1/retargeted/20231020-040-person1-Box023_with_obj_original.npz	SPIDER_ROOT::workspace/core4d/results/E197/s6_downstream/rl_export/partner_reexport_v1/release/omnirt_v1_ref_fk/holosoma_dcv3_omnirt_v1_ref_fk_box023_20231020_040_p1/trimmed/20231020-040-person1-Box023_with_obj_original.npz	SPIDER_ROOT::workspace/core4d/results/E197/s6_downstream/rl_export/partner_reexport_v1/release/omnirt_v1_ref_fk/holosoma_dcv3_omnirt_v1_ref_fk_box023_20231020_040_p1/trim_window.json	SPIDER_ROOT::workspace/core4d/results/E197/s6_downstream/rl_export/partner_reexport_v1/release/omnirt_v1_ref_fk/holosoma_dcv3_omnirt_v1_ref_fk_box023_20231020_040_p2/retargeted/20231020-040-person2-Box023_with_obj_original.npz	SPIDER_ROOT::workspace/core4d/results/E197/s6_downstream/rl_export/partner_reexport_v1/release/omnirt_v1_ref_fk/holosoma_dcv3_omnirt_v1_ref_fk_box023_20231020_040_p2/trimmed/20231020-040-person2-Box023_with_obj_original.npz	SPIDER_ROOT::workspace/core4d/results/E197/s6_downstream/rl_export/partner_reexport_v1/release/omnirt_v1_ref_fk/holosoma_dcv3_omnirt_v1_ref_fk_box023_20231020_040_p2/trim_window.json	SPIDER_ROOT::workspace/core4d/results/E197/s6_downstream/rl_export/partner_reexport_v1/release/omnirt_v1_ref_fk/contact_masks/dcv3_omnirt_v1_ref_fk_box023_20231020_040_p1/raw_contact_mask_3cm.npz	SPIDER_ROOT::workspace/core4d/results/E197/s6_downstream/rl_export/partner_reexport_v1/release/omnirt_v1_ref_fk/contact_masks/dcv3_omnirt_v1_ref_fk_box023_20231020_040_p2/raw_contact_mask_3cm.npz	1ad733c182b517079ea039a3b793b45b856043bbc9fbb8ca09f6d2d6218ee3ea	b35e12ae6727e469c99ff3d64e237a7b2a592120a9808c8790ba1a6c9c54c700	d6a7f9021bd646fb96e0bebe111a6a86f97e439366cf9dd3fe15be72fec96b73	58ead97d84dd17c44636d19d845e7c7e282c9b12757f1db7d1724e35b2e62490	675bfa04f96b458fe68964997ca36fe1a57e98c160a2db7f38e720578dd3c77b	29971a9799cad788978e6d214b5a4515d7a01a6f4fecb0a2ab29327012e31c48	38beca33fd0e91f625adb5ebc2623ba9edc9fa0134508b50bdcdc9af43929f79	1dd4798abdd5e8b5d7ea6ef75c94be4b07d2688e7a61b884deec9f899f1fda4a
box023_20231020_040_p2	box023_20231020_040	20231020	040	Box023	person2	1	person1	0	151	30	50	raw_contact_mask_3cm	0	0	1	0.03	box023_20231020_040_p2	4e643e74446ab053b763d2ab6a072895cf33ac27	E173	omnirt_v1_TSV_TRAJECTORY	pass	SPIDER_ROOT::workspace/core4d/results/E197/s6_downstream/rl_export/partner_reexport_v1/release/omnirt_v1_ref_fk/holosoma_dcv3_omnirt_v1_ref_fk_box023_20231020_040_p2/retargeted/20231020-040-person2-Box023_with_obj_original.npz	SPIDER_ROOT::workspace/core4d/results/E197/s6_downstream/rl_export/partner_reexport_v1/release/omnirt_v1_ref_fk/holosoma_dcv3_omnirt_v1_ref_fk_box023_20231020_040_p2/trimmed/20231020-040-person2-Box023_with_obj_original.npz	SPIDER_ROOT::workspace/core4d/results/E197/s6_downstream/rl_export/partner_reexport_v1/release/omnirt_v1_ref_fk/holosoma_dcv3_omnirt_v1_ref_fk_box023_20231020_040_p2/trim_window.json	SPIDER_ROOT::workspace/core4d/results/E197/s6_downstream/rl_export/partner_reexport_v1/release/omnirt_v1_ref_fk/holosoma_dcv3_omnirt_v1_ref_fk_box023_20231020_040_p1/retargeted/20231020-040-person1-Box023_with_obj_original.npz	SPIDER_ROOT::workspace/core4d/results/E197/s6_downstream/rl_export/partner_reexport_v1/release/omnirt_v1_ref_fk/holosoma_dcv3_omnirt_v1_ref_fk_box023_20231020_040_p1/trimmed/20231020-040-person1-Box023_with_obj_original.npz	SPIDER_ROOT::workspace/core4d/results/E197/s6_downstream/rl_export/partner_reexport_v1/release/omnirt_v1_ref_fk/holosoma_dcv3_omnirt_v1_ref_fk_box023_20231020_040_p1/trim_window.json	SPIDER_ROOT::workspace/core4d/results/E197/s6_downstream/rl_export/partner_reexport_v1/release/omnirt_v1_ref_fk/contact_masks/dcv3_omnirt_v1_ref_fk_box023_20231020_040_p2/raw_contact_mask_3cm.npz	SPIDER_ROOT::workspace/core4d/results/E197/s6_downstream/rl_export/partner_reexport_v1/release/omnirt_v1_ref_fk/contact_masks/dcv3_omnirt_v1_ref_fk_box023_20231020_040_p1/raw_contact_mask_3cm.npz	58ead97d84dd17c44636d19d845e7c7e282c9b12757f1db7d1724e35b2e62490	675bfa04f96b458fe68964997ca36fe1a57e98c160a2db7f38e720578dd3c77b	29971a9799cad788978e6d214b5a4515d7a01a6f4fecb0a2ab29327012e31c48	1ad733c182b517079ea039a3b793b45b856043bbc9fbb8ca09f6d2d6218ee3ea	b35e12ae6727e469c99ff3d64e237a7b2a592120a9808c8790ba1a6c9c54c700	d6a7f9021bd646fb96e0bebe111a6a86f97e439366cf9dd3fe15be72fec96b73	1dd4798abdd5e8b5d7ea6ef75c94be4b07d2688e7a61b884deec9f899f1fda4a	38beca33fd0e91f625adb5ebc2623ba9edc9fa0134508b50bdcdc9af43929f79
box023_20231020_041_p1	box023_20231020_041	20231020	041	Box023	person1	0	person2	1	148	30	50	raw_contact_mask_3cm	1	0	1	0.03	box023_20231020_041_p1	4e643e74446ab053b763d2ab6a072895cf33ac27	E173	omnirt_v1_TSV_TRAJECTORY	pass	SPIDER_ROOT::workspace/core4d/results/E197/s6_downstream/rl_export/partner_reexport_v1/release/omnirt_v1_ref_fk/holosoma_dcv3_omnirt_v1_ref_fk_box023_20231020_041_p1/retargeted/20231020-041-person1-Box023_with_obj_original.npz	SPIDER_ROOT::workspace/core4d/results/E197/s6_downstream/rl_export/partner_reexport_v1/release/omnirt_v1_ref_fk/holosoma_dcv3_omnirt_v1_ref_fk_box023_20231020_041_p1/trimmed/20231020-041-person1-Box023_with_obj_original.npz	SPIDER_ROOT::workspace/core4d/results/E197/s6_downstream/rl_export/partner_reexport_v1/release/omnirt_v1_ref_fk/holosoma_dcv3_omnirt_v1_ref_fk_box023_20231020_041_p1/trim_window.json	SPIDER_ROOT::workspace/core4d/results/E197/s6_downstream/rl_export/partner_reexport_v1/release/omnirt_v1_ref_fk/holosoma_dcv3_omnirt_v1_ref_fk_box023_20231020_041_p2/retargeted/20231020-041-person2-Box023_with_obj_original.npz	SPIDER_ROOT::workspace/core4d/results/E197/s6_downstream/rl_export/partner_reexport_v1/release/omnirt_v1_ref_fk/holosoma_dcv3_omnirt_v1_ref_fk_box023_20231020_041_p2/trimmed/20231020-041-person2-Box023_with_obj_original.npz	SPIDER_ROOT::workspace/core4d/results/E197/s6_downstream/rl_export/partner_reexport_v1/release/omnirt_v1_ref_fk/holosoma_dcv3_omnirt_v1_ref_fk_box023_20231020_041_p2/trim_window.json	SPIDER_ROOT::workspace/core4d/results/E197/s6_downstream/rl_export/partner_reexport_v1/release/omnirt_v1_ref_fk/contact_masks/dcv3_omnirt_v1_ref_fk_box023_20231020_041_p1/raw_contact_mask_3cm.npz	SPIDER_ROOT::workspace/core4d/results/E197/s6_downstream/rl_export/partner_reexport_v1/release/omnirt_v1_ref_fk/contact_masks/dcv3_omnirt_v1_ref_fk_box023_20231020_041_p2/raw_contact_mask_3cm.npz	561ac80ca79e24621864f294a7f6d1a0daa1a50205f5560d4e748001041c4dd7	d739b6ebe700b6335375ecaaa55b00750401ba24e5777a37fbe1e0f9085ceb54	9c28317aa64691d5a10cf72f2dd795314f8ca7e55429ab4601240130d34463e2	927141e44195e8a798a7493a4b83a2633c9bb24261d2b142d804e724e24ddaac	2d0e28d9bbf1dfed0c4484266fb88503bbd3897737401b4b90332b588cfaa785	d86edc2640657d227b2d9e5215f7625305537b636f0bf1a984d6b9af1f34a133	bf7f93f85fa031bf5da86f47d610d0879652618e28068620395348e61615a54c	df9f09670598ebbf87225ca60379000f81d9943fd90955c7731201983d83457f
box023_20231020_042_p1	box023_20231020_042	20231020	042	Box023	person1	0	person2	1	160	30	50	raw_contact_mask_3cm	1	0	1	0.03	box023_20231020_042_p1	4e643e74446ab053b763d2ab6a072895cf33ac27	E173	omnirt_v1_TSV_TRAJECTORY	pass	SPIDER_ROOT::workspace/core4d/results/E197/s6_downstream/rl_export/partner_reexport_v1/release/omnirt_v1_ref_fk/holosoma_dcv3_omnirt_v1_ref_fk_box023_20231020_042_p1/retargeted/20231020-042-person1-Box023_with_obj_original.npz	SPIDER_ROOT::workspace/core4d/results/E197/s6_downstream/rl_export/partner_reexport_v1/release/omnirt_v1_ref_fk/holosoma_dcv3_omnirt_v1_ref_fk_box023_20231020_042_p1/trimmed/20231020-042-person1-Box023_with_obj_original.npz	SPIDER_ROOT::workspace/core4d/results/E197/s6_downstream/rl_export/partner_reexport_v1/release/omnirt_v1_ref_fk/holosoma_dcv3_omnirt_v1_ref_fk_box023_20231020_042_p1/trim_window.json	SPIDER_ROOT::workspace/core4d/results/E197/s6_downstream/rl_export/partner_reexport_v1/release/omnirt_v1_ref_fk/holosoma_dcv3_omnirt_v1_ref_fk_box023_20231020_042_p2/retargeted/20231020-042-person2-Box023_with_obj_original.npz	SPIDER_ROOT::workspace/core4d/results/E197/s6_downstream/rl_export/partner_reexport_v1/release/omnirt_v1_ref_fk/holosoma_dcv3_omnirt_v1_ref_fk_box023_20231020_042_p2/trimmed/20231020-042-person2-Box023_with_obj_original.npz	SPIDER_ROOT::workspace/core4d/results/E197/s6_downstream/rl_export/partner_reexport_v1/release/omnirt_v1_ref_fk/holosoma_dcv3_omnirt_v1_ref_fk_box023_20231020_042_p2/trim_window.json	SPIDER_ROOT::workspace/core4d/results/E197/s6_downstream/rl_export/partner_reexport_v1/release/omnirt_v1_ref_fk/contact_masks/dcv3_omnirt_v1_ref_fk_box023_20231020_042_p1/raw_contact_mask_3cm.npz	SPIDER_ROOT::workspace/core4d/results/E197/s6_downstream/rl_export/partner_reexport_v1/release/omnirt_v1_ref_fk/contact_masks/dcv3_omnirt_v1_ref_fk_box023_20231020_042_p2/raw_contact_mask_3cm.npz	271e24179f3ecd6c4cb2ead48f69faa8e9564a59b62905a55f2f84762502c0f0	2fe8365bc383ca0f05cb8dca397d3b606949e1d7ef6955780970bf6a06f6fd5e	0001ade53c17c4d7ffaf6f748e9dab8e7bf17774ff1335e1a33cd18588ffcfdc	84b58975ff117f122db598734bbc32a57897895e10a73fe893e9facb8428852f	fbc6b498461ce169cfe25ecff30a926af22f6852e4bcdd2053c9df538e34e448	342f74de8d660e2a6525cca0c34d3352f52fdde95d86bc98cde9927f7d562844	6763168a0a71f5777efac919c336ba1dfd979b42b954c5108c7ad0fa4e84cfa9	3e90235cd86bb5a5781568f5e00702fef7eb72a244e703babcbc75742b3e0bf4
box023_20231020_042_p2	box023_20231020_042	20231020	042	Box023	person2	1	person1	0	160	30	50	raw_contact_mask_3cm	0	0	1	0.03	box023_20231020_042_p2	4e643e74446ab053b763d2ab6a072895cf33ac27	E173	omnirt_v1_TSV_TRAJECTORY	pass	SPIDER_ROOT::workspace/core4d/results/E197/s6_downstream/rl_export/partner_reexport_v1/release/omnirt_v1_ref_fk/holosoma_dcv3_omnirt_v1_ref_fk_box023_20231020_042_p2/retargeted/20231020-042-person2-Box023_with_obj_original.npz	SPIDER_ROOT::workspace/core4d/results/E197/s6_downstream/rl_export/partner_reexport_v1/release/omnirt_v1_ref_fk/holosoma_dcv3_omnirt_v1_ref_fk_box023_20231020_042_p2/trimmed/20231020-042-person2-Box023_with_obj_original.npz	SPIDER_ROOT::workspace/core4d/results/E197/s6_downstream/rl_export/partner_reexport_v1/release/omnirt_v1_ref_fk/holosoma_dcv3_omnirt_v1_ref_fk_box023_20231020_042_p2/trim_window.json	SPIDER_ROOT::workspace/core4d/results/E197/s6_downstream/rl_export/partner_reexport_v1/release/omnirt_v1_ref_fk/holosoma_dcv3_omnirt_v1_ref_fk_box023_20231020_042_p1/retargeted/20231020-042-person1-Box023_with_obj_original.npz	SPIDER_ROOT::workspace/core4d/results/E197/s6_downstream/rl_export/partner_reexport_v1/release/omnirt_v1_ref_fk/holosoma_dcv3_omnirt_v1_ref_fk_box023_20231020_042_p1/trimmed/20231020-042-person1-Box023_with_obj_original.npz	SPIDER_ROOT::workspace/core4d/results/E197/s6_downstream/rl_export/partner_reexport_v1/release/omnirt_v1_ref_fk/holosoma_dcv3_omnirt_v1_ref_fk_box023_20231020_042_p1/trim_window.json	SPIDER_ROOT::workspace/core4d/results/E197/s6_downstream/rl_export/partner_reexport_v1/release/omnirt_v1_ref_fk/contact_masks/dcv3_omnirt_v1_ref_fk_box023_20231020_042_p2/raw_contact_mask_3cm.npz	SPIDER_ROOT::workspace/core4d/results/E197/s6_downstream/rl_export/partner_reexport_v1/release/omnirt_v1_ref_fk/contact_masks/dcv3_omnirt_v1_ref_fk_box023_20231020_042_p1/raw_contact_mask_3cm.npz	84b58975ff117f122db598734bbc32a57897895e10a73fe893e9facb8428852f	fbc6b498461ce169cfe25ecff30a926af22f6852e4bcdd2053c9df538e34e448	342f74de8d660e2a6525cca0c34d3352f52fdde95d86bc98cde9927f7d562844	271e24179f3ecd6c4cb2ead48f69faa8e9564a59b62905a55f2f84762502c0f0	2fe8365bc383ca0f05cb8dca397d3b606949e1d7ef6955780970bf6a06f6fd5e	0001ade53c17c4d7ffaf6f748e9dab8e7bf17774ff1335e1a33cd18588ffcfdc	3e90235cd86bb5a5781568f5e00702fef7eb72a244e703babcbc75742b3e0bf4	6763168a0a71f5777efac919c336ba1dfd979b42b954c5108c7ad0fa4e84cfa9
box024_20231011_027_p1	box024_20231011_027	20231011	027	Box024	person1	0	person2	1	192	30	50	raw_contact_mask_3cm	1	0	1	0.03	box024_20231011_027_p1	4e643e74446ab053b763d2ab6a072895cf33ac27	E173	omnirt_v2_TSV_TRAJECTORY	pass	SPIDER_ROOT::workspace/core4d/results/E197/s6_downstream/rl_export/partner_reexport_v1/release/omnirt_v1_ref_fk/holosoma_dcv3_omnirt_v1_ref_fk_box024_20231011_027_p1/retargeted/20231011-027-person1-Box024_with_obj_original.npz	SPIDER_ROOT::workspace/core4d/results/E197/s6_downstream/rl_export/partner_reexport_v1/release/omnirt_v1_ref_fk/holosoma_dcv3_omnirt_v1_ref_fk_box024_20231011_027_p1/trimmed/20231011-027-person1-Box024_with_obj_original.npz	SPIDER_ROOT::workspace/core4d/results/E197/s6_downstream/rl_export/partner_reexport_v1/release/omnirt_v1_ref_fk/holosoma_dcv3_omnirt_v1_ref_fk_box024_20231011_027_p1/trim_window.json	SPIDER_ROOT::workspace/core4d/results/E197/s6_downstream/rl_export/partner_reexport_v1/release/omnirt_v1_ref_fk/holosoma_dcv3_omnirt_v1_ref_fk_box024_20231011_027_p2/retargeted/20231011-027-person2-Box024_with_obj_original.npz	SPIDER_ROOT::workspace/core4d/results/E197/s6_downstream/rl_export/partner_reexport_v1/release/omnirt_v1_ref_fk/holosoma_dcv3_omnirt_v1_ref_fk_box024_20231011_027_p2/trimmed/20231011-027-person2-Box024_with_obj_original.npz	SPIDER_ROOT::workspace/core4d/results/E197/s6_downstream/rl_export/partner_reexport_v1/release/omnirt_v1_ref_fk/holosoma_dcv3_omnirt_v1_ref_fk_box024_20231011_027_p2/trim_window.json	SPIDER_ROOT::workspace/core4d/results/E197/s6_downstream/rl_export/partner_reexport_v1/release/omnirt_v1_ref_fk/contact_masks/dcv3_omnirt_v1_ref_fk_box024_20231011_027_p1/raw_contact_mask_3cm.npz	SPIDER_ROOT::workspace/core4d/results/E197/s6_downstream/rl_export/partner_reexport_v1/release/omnirt_v1_ref_fk/contact_masks/dcv3_omnirt_v1_ref_fk_box024_20231011_027_p2/raw_contact_mask_3cm.npz	f9391936451748adf0131d47b687a8ec9d63160f537e755c412ae4af59891f54	f0f2c4b78db05deb5be08a7581f3de9546ddb36b8431fc2736715fdcfb07ab98	722c4de0120e517513d72e457dac6223fcdeae8c6adc840d24403a7720cd649c	53f7012dc258e65dc85b9004a1b24aeb0746ce78a5aab626612fcaadbcd5c891	3dd570bf4806418ce5982db40aff64508ce3ab6411abcf715627f417933c5f6b	b30e58eac7ab30822a1fd7aabfe4bc6bdcbea56360293de76245aa228bc56bb7	0719df49b968d3aaf1b70e0d0967d1aec7a540691bfa04e38118438192d21f21	36b1fb5db9e0055dd7a5b3cc7eb4aa14645e204c8035ceab17850af987ff040e
box024_20231011_027_p2	box024_20231011_027	20231011	027	Box024	person2	1	person1	0	192	30	50	raw_contact_mask_3cm	0	0	1	0.03	box024_20231011_027_p2	4e643e74446ab053b763d2ab6a072895cf33ac27	E173	omnirt_v2_TSV_TRAJECTORY	pass	SPIDER_ROOT::workspace/core4d/results/E197/s6_downstream/rl_export/partner_reexport_v1/release/omnirt_v1_ref_fk/holosoma_dcv3_omnirt_v1_ref_fk_box024_20231011_027_p2/retargeted/20231011-027-person2-Box024_with_obj_original.npz	SPIDER_ROOT::workspace/core4d/results/E197/s6_downstream/rl_export/partner_reexport_v1/release/omnirt_v1_ref_fk/holosoma_dcv3_omnirt_v1_ref_fk_box024_20231011_027_p2/trimmed/20231011-027-person2-Box024_with_obj_original.npz	SPIDER_ROOT::workspace/core4d/results/E197/s6_downstream/rl_export/partner_reexport_v1/release/omnirt_v1_ref_fk/holosoma_dcv3_omnirt_v1_ref_fk_box024_20231011_027_p2/trim_window.json	SPIDER_ROOT::workspace/core4d/results/E197/s6_downstream/rl_export/partner_reexport_v1/release/omnirt_v1_ref_fk/holosoma_dcv3_omnirt_v1_ref_fk_box024_20231011_027_p1/retargeted/20231011-027-person1-Box024_with_obj_original.npz	SPIDER_ROOT::workspace/core4d/results/E197/s6_downstream/rl_export/partner_reexport_v1/release/omnirt_v1_ref_fk/holosoma_dcv3_omnirt_v1_ref_fk_box024_20231011_027_p1/trimmed/20231011-027-person1-Box024_with_obj_original.npz	SPIDER_ROOT::workspace/core4d/results/E197/s6_downstream/rl_export/partner_reexport_v1/release/omnirt_v1_ref_fk/holosoma_dcv3_omnirt_v1_ref_fk_box024_20231011_027_p1/trim_window.json	SPIDER_ROOT::workspace/core4d/results/E197/s6_downstream/rl_export/partner_reexport_v1/release/omnirt_v1_ref_fk/contact_masks/dcv3_omnirt_v1_ref_fk_box024_20231011_027_p2/raw_contact_mask_3cm.npz	SPIDER_ROOT::workspace/core4d/results/E197/s6_downstream/rl_export/partner_reexport_v1/release/omnirt_v1_ref_fk/contact_masks/dcv3_omnirt_v1_ref_fk_box024_20231011_027_p1/raw_contact_mask_3cm.npz	53f7012dc258e65dc85b9004a1b24aeb0746ce78a5aab626612fcaadbcd5c891	3dd570bf4806418ce5982db40aff64508ce3ab6411abcf715627f417933c5f6b	b30e58eac7ab30822a1fd7aabfe4bc6bdcbea56360293de76245aa228bc56bb7	f9391936451748adf0131d47b687a8ec9d63160f537e755c412ae4af59891f54	f0f2c4b78db05deb5be08a7581f3de9546ddb36b8431fc2736715fdcfb07ab98	722c4de0120e517513d72e457dac6223fcdeae8c6adc840d24403a7720cd649c	36b1fb5db9e0055dd7a5b3cc7eb4aa14645e204c8035ceab17850af987ff040e	0719df49b968d3aaf1b70e0d0967d1aec7a540691bfa04e38118438192d21f21
box024_20231011_028_p1	box024_20231011_028	20231011	028	Box024	person1	0	person2	1	179	30	50	raw_contact_mask_3cm	1	0	1	0.03	box024_20231011_028_p1	4e643e74446ab053b763d2ab6a072895cf33ac27	E173	omnirt_v1_TSV_TRAJECTORY	pass	SPIDER_ROOT::workspace/core4d/results/E197/s6_downstream/rl_export/partner_reexport_v1/release/omnirt_v1_ref_fk/holosoma_dcv3_omnirt_v1_ref_fk_box024_20231011_028_p1/retargeted/20231011-028-person1-Box024_with_obj_original.npz	SPIDER_ROOT::workspace/core4d/results/E197/s6_downstream/rl_export/partner_reexport_v1/release/omnirt_v1_ref_fk/holosoma_dcv3_omnirt_v1_ref_fk_box024_20231011_028_p1/trimmed/20231011-028-person1-Box024_with_obj_original.npz	SPIDER_ROOT::workspace/core4d/results/E197/s6_downstream/rl_export/partner_reexport_v1/release/omnirt_v1_ref_fk/holosoma_dcv3_omnirt_v1_ref_fk_box024_20231011_028_p1/trim_window.json	SPIDER_ROOT::workspace/core4d/results/E197/s6_downstream/rl_export/partner_reexport_v1/release/omnirt_v1_ref_fk/holosoma_dcv3_omnirt_v1_ref_fk_box024_20231011_028_p2/retargeted/20231011-028-person2-Box024_with_obj_original.npz	SPIDER_ROOT::workspace/core4d/results/E197/s6_downstream/rl_export/partner_reexport_v1/release/omnirt_v1_ref_fk/holosoma_dcv3_omnirt_v1_ref_fk_box024_20231011_028_p2/trimmed/20231011-028-person2-Box024_with_obj_original.npz	SPIDER_ROOT::workspace/core4d/results/E197/s6_downstream/rl_export/partner_reexport_v1/release/omnirt_v1_ref_fk/holosoma_dcv3_omnirt_v1_ref_fk_box024_20231011_028_p2/trim_window.json	SPIDER_ROOT::workspace/core4d/results/E197/s6_downstream/rl_export/partner_reexport_v1/release/omnirt_v1_ref_fk/contact_masks/dcv3_omnirt_v1_ref_fk_box024_20231011_028_p1/raw_contact_mask_3cm.npz	SPIDER_ROOT::workspace/core4d/results/E197/s6_downstream/rl_export/partner_reexport_v1/release/omnirt_v1_ref_fk/contact_masks/dcv3_omnirt_v1_ref_fk_box024_20231011_028_p2/raw_contact_mask_3cm.npz	e44ef5292a9eecf0639b2de17ca525b20f43ce06d81b8a508cd257fea0fd1297	26a26b44b74044aa84a57c4fcc718327c8f3af650c6bc6c4478b537dc7cb49df	22b8ade5077baeeb898b21d3024cab9eb86608811711c5d2c59b05e44b012053	498efeb81bc41b6dc6b3451f796263fc31fd9ef6ff1a593974e34bfde0b6f005	04a9496275629d385ddedfdb56adcff24f73a9d0a70e657e5ba78e5d405f0486	f26a23f1373eef8a05c947bbfe38d283d200786e406d688ec2e925002ce89aa9	60b881b8cd27734fcf04ae4afa3242ac51385b6b93a2cdc724921c1cd3baa6d4	f9f56ab97a952419a3ae2ba82d747b346c372e4e035cb80ba172f5ee249c9122
box024_20231011_028_p2	box024_20231011_028	20231011	028	Box024	person2	1	person1	0	179	30	50	raw_contact_mask_3cm	0	0	1	0.03	box024_20231011_028_p2	4e643e74446ab053b763d2ab6a072895cf33ac27	E173	omnirt_v1_TSV_TRAJECTORY	pass	SPIDER_ROOT::workspace/core4d/results/E197/s6_downstream/rl_export/partner_reexport_v1/release/omnirt_v1_ref_fk/holosoma_dcv3_omnirt_v1_ref_fk_box024_20231011_028_p2/retargeted/20231011-028-person2-Box024_with_obj_original.npz	SPIDER_ROOT::workspace/core4d/results/E197/s6_downstream/rl_export/partner_reexport_v1/release/omnirt_v1_ref_fk/holosoma_dcv3_omnirt_v1_ref_fk_box024_20231011_028_p2/trimmed/20231011-028-person2-Box024_with_obj_original.npz	SPIDER_ROOT::workspace/core4d/results/E197/s6_downstream/rl_export/partner_reexport_v1/release/omnirt_v1_ref_fk/holosoma_dcv3_omnirt_v1_ref_fk_box024_20231011_028_p2/trim_window.json	SPIDER_ROOT::workspace/core4d/results/E197/s6_downstream/rl_export/partner_reexport_v1/release/omnirt_v1_ref_fk/holosoma_dcv3_omnirt_v1_ref_fk_box024_20231011_028_p1/retargeted/20231011-028-person1-Box024_with_obj_original.npz	SPIDER_ROOT::workspace/core4d/results/E197/s6_downstream/rl_export/partner_reexport_v1/release/omnirt_v1_ref_fk/holosoma_dcv3_omnirt_v1_ref_fk_box024_20231011_028_p1/trimmed/20231011-028-person1-Box024_with_obj_original.npz	SPIDER_ROOT::workspace/core4d/results/E197/s6_downstream/rl_export/partner_reexport_v1/release/omnirt_v1_ref_fk/holosoma_dcv3_omnirt_v1_ref_fk_box024_20231011_028_p1/trim_window.json	SPIDER_ROOT::workspace/core4d/results/E197/s6_downstream/rl_export/partner_reexport_v1/release/omnirt_v1_ref_fk/contact_masks/dcv3_omnirt_v1_ref_fk_box024_20231011_028_p2/raw_contact_mask_3cm.npz	SPIDER_ROOT::workspace/core4d/results/E197/s6_downstream/rl_export/partner_reexport_v1/release/omnirt_v1_ref_fk/contact_masks/dcv3_omnirt_v1_ref_fk_box024_20231011_028_p1/raw_contact_mask_3cm.npz	498efeb81bc41b6dc6b3451f796263fc31fd9ef6ff1a593974e34bfde0b6f005	04a9496275629d385ddedfdb56adcff24f73a9d0a70e657e5ba78e5d405f0486	f26a23f1373eef8a05c947bbfe38d283d200786e406d688ec2e925002ce89aa9	e44ef5292a9eecf0639b2de17ca525b20f43ce06d81b8a508cd257fea0fd1297	26a26b44b74044aa84a57c4fcc718327c8f3af650c6bc6c4478b537dc7cb49df	22b8ade5077baeeb898b21d3024cab9eb86608811711c5d2c59b05e44b012053	f9f56ab97a952419a3ae2ba82d747b346c372e4e035cb80ba172f5ee249c9122	60b881b8cd27734fcf04ae4afa3242ac51385b6b93a2cdc724921c1cd3baa6d4
box024_20231011_030_p1	box024_20231011_030	20231011	030	Box024	person1	0	person2	1	202	30	50	raw_contact_mask_3cm	1	0	1	0.03	box024_20231011_030_p1	4e643e74446ab053b763d2ab6a072895cf33ac27	E173	omnirt_v1_TSV_TRAJECTORY	pass	SPIDER_ROOT::workspace/core4d/results/E197/s6_downstream/rl_export/partner_reexport_v1/release/omnirt_v1_ref_fk/holosoma_dcv3_omnirt_v1_ref_fk_box024_20231011_030_p1/retargeted/20231011-030-person1-Box024_with_obj_original.npz	SPIDER_ROOT::workspace/core4d/results/E197/s6_downstream/rl_export/partner_reexport_v1/release/omnirt_v1_ref_fk/holosoma_dcv3_omnirt_v1_ref_fk_box024_20231011_030_p1/trimmed/20231011-030-person1-Box024_with_obj_original.npz	SPIDER_ROOT::workspace/core4d/results/E197/s6_downstream/rl_export/partner_reexport_v1/release/omnirt_v1_ref_fk/holosoma_dcv3_omnirt_v1_ref_fk_box024_20231011_030_p1/trim_window.json	SPIDER_ROOT::workspace/core4d/results/E197/s6_downstream/rl_export/partner_reexport_v1/release/omnirt_v1_ref_fk/holosoma_dcv3_omnirt_v1_ref_fk_box024_20231011_030_p2/retargeted/20231011-030-person2-Box024_with_obj_original.npz	SPIDER_ROOT::workspace/core4d/results/E197/s6_downstream/rl_export/partner_reexport_v1/release/omnirt_v1_ref_fk/holosoma_dcv3_omnirt_v1_ref_fk_box024_20231011_030_p2/trimmed/20231011-030-person2-Box024_with_obj_original.npz	SPIDER_ROOT::workspace/core4d/results/E197/s6_downstream/rl_export/partner_reexport_v1/release/omnirt_v1_ref_fk/holosoma_dcv3_omnirt_v1_ref_fk_box024_20231011_030_p2/trim_window.json	SPIDER_ROOT::workspace/core4d/results/E197/s6_downstream/rl_export/partner_reexport_v1/release/omnirt_v1_ref_fk/contact_masks/dcv3_omnirt_v1_ref_fk_box024_20231011_030_p1/raw_contact_mask_3cm.npz	SPIDER_ROOT::workspace/core4d/results/E197/s6_downstream/rl_export/partner_reexport_v1/release/omnirt_v1_ref_fk/contact_masks/dcv3_omnirt_v1_ref_fk_box024_20231011_030_p2/raw_contact_mask_3cm.npz	9036830b8844f5bb52aa698383ae1cab22edf09e5c3ac1f1e455823976065b66	a89c9dd598abdb057e5453df880cdcc40836bcf78a1286d12c02363c89ee6695	555109b71e6e0bc329105d8c469430721b524fd4e227b37cf998cbac35e3f208	913f93bd8c78e3bfaae2214bbb5a323c66368c25a40ed4def5ac44acb916d878	ce88a7011f92b4a5b26fb8930b764268d7bcd0c843e4bc7bbb3e36d4c5962b5e	76df1f2a70410a1695f68588ffb5d5743637d476c9dbc18a07ded535b7b1edb0	f9bfcb3108bbd27545921ed40b6bbd7f93b7ab84f5308e1a142aa02277ecc1eb	b364046fc463c466d22619be4a77fb968132622674228c0b69aa541cc22010af
box024_20231011_031_p1	box024_20231011_031	20231011	031	Box024	person1	0	person2	1	241	30	50	raw_contact_mask_3cm	1	0	1	0.03	box024_20231011_031_p1	4e643e74446ab053b763d2ab6a072895cf33ac27	E173	omnirt_v2_TSV_TRAJECTORY	pass	SPIDER_ROOT::workspace/core4d/results/E197/s6_downstream/rl_export/partner_reexport_v1/release/omnirt_v1_ref_fk/holosoma_dcv3_omnirt_v1_ref_fk_box024_20231011_031_p1/retargeted/20231011-031-person1-Box024_with_obj_original.npz	SPIDER_ROOT::workspace/core4d/results/E197/s6_downstream/rl_export/partner_reexport_v1/release/omnirt_v1_ref_fk/holosoma_dcv3_omnirt_v1_ref_fk_box024_20231011_031_p1/trimmed/20231011-031-person1-Box024_with_obj_original.npz	SPIDER_ROOT::workspace/core4d/results/E197/s6_downstream/rl_export/partner_reexport_v1/release/omnirt_v1_ref_fk/holosoma_dcv3_omnirt_v1_ref_fk_box024_20231011_031_p1/trim_window.json	SPIDER_ROOT::workspace/core4d/results/E197/s6_downstream/rl_export/partner_reexport_v1/release/omnirt_v1_ref_fk/holosoma_dcv3_omnirt_v1_ref_fk_box024_20231011_031_p2/retargeted/20231011-031-person2-Box024_with_obj_original.npz	SPIDER_ROOT::workspace/core4d/results/E197/s6_downstream/rl_export/partner_reexport_v1/release/omnirt_v1_ref_fk/holosoma_dcv3_omnirt_v1_ref_fk_box024_20231011_031_p2/trimmed/20231011-031-person2-Box024_with_obj_original.npz	SPIDER_ROOT::workspace/core4d/results/E197/s6_downstream/rl_export/partner_reexport_v1/release/omnirt_v1_ref_fk/holosoma_dcv3_omnirt_v1_ref_fk_box024_20231011_031_p2/trim_window.json	SPIDER_ROOT::workspace/core4d/results/E197/s6_downstream/rl_export/partner_reexport_v1/release/omnirt_v1_ref_fk/contact_masks/dcv3_omnirt_v1_ref_fk_box024_20231011_031_p1/raw_contact_mask_3cm.npz	SPIDER_ROOT::workspace/core4d/results/E197/s6_downstream/rl_export/partner_reexport_v1/release/omnirt_v1_ref_fk/contact_masks/dcv3_omnirt_v1_ref_fk_box024_20231011_031_p2/raw_contact_mask_3cm.npz	4932a5c01e3c5312ecf33b111fd3148bb82b526c821953626e2c3684fa486205	b7ad66b5066a3ea022c3050d4006149424a6a8fab57fa6c8b8aa2a5f0742d055	26bcece90cab934be4052bfd8b47d05c4198af8e5a7eef5e509c5abe62a62e0a	cd5b37c4463dbc56ac3ead31119b6d74ad2d4c1fc589ab8cbfc18ae88aba1fe1	27f43333d3278c29ee28fef51ac5cff7d1c94ec1797bc49cfbdfa6149bebaafc	0f475c42684a5418add074205d45313bc1ef0b567e29d702fe33204bf579c903	48a573f8cc31045d6a3a17d9c2115ef31c3b9019105faa5ea791c9f78da2be6b	4a4a217b89c58d7dc25c28926f8f258c6c99d117fdda09afeb33abceb51054c2
