case_id	object_group	task	role	frame	raw_frame	hand	raw_active	raw_local_x	raw_local_y	raw_local_z	contact_pos_local_x	contact_pos_local_y	contact_pos_local_z	wrist_local_x	wrist_local_y	wrist_local_z	wrist5_local_x	wrist5_local_y	wrist5_local_z	sphere_center_local_x	sphere_center_local_y	sphere_center_local_z	contact_site_local_x	contact_site_local_y	contact_site_local_z	handbox_center_local_x	handbox_center_local_y	handbox_center_local_z	threebox_best_center_local_x	threebox_best_center_local_y	threebox_best_center_local_z	wrist5_to_raw_m	wrist5_vs_contact_pos_m	sphere_surface_gap_m	threebox_surface_gap_m	handbox_surface_gap_m	raw_face	wrist5_face	raw_support	wrist5_support	raw_inside	wrist5_inside	threebox_best_name	best_proxy_by_distance
box023_p2	box023	box023_person2	known_guard	0	42	left	False	nan	nan	nan	-0.05149920532679035	0.47327246752535584	0.37998461445519494	-0.03718891251535657	0.5488040778381371	0.40212488010873215	-0.04613284552250266	0.5015968213926488	0.3882872140752714	-0.05507677852964885	0.4543895649471606	0.3744495480418105	-0.05149920532679035	0.47327246752535584	0.37998461445519494	-0.048225546052649976	0.4496338247646321	0.35945391818601247	-0.05457378738203288	0.40631998748330933	0.35744770336682796	nan	0.030000000000000054	nan	nan	nan		+y	False	True	False	False	lh3	NA
box023_p2	box023	box023_person2	known_guard	0	42	right	False	nan	nan	nan	0.2840213634443645	0.44958386129431677	0.34611474441694084	0.2744034585100476	0.5259603272368694	0.3678893019279572	0.2804146490939957	0.478225036022774	0.35428020348357203	0.2864258396779438	0.4304897448086785	0.34067110503918685	0.2840213634443645	0.44958386129431677	0.34611474441694084	0.2840557359721949	0.42717751060041276	0.3240029413467044	0.28445207122689303	0.38345358689607095	0.3210827389275917	nan	0.030000000000000047	nan	nan	nan		+y	False	True	False	False	rh3	NA
box023_p2	box023	box023_person2	known_guard	1	43	left	False	nan	nan	nan	-0.06569323059957946	0.4672324513099806	0.4188426259465619	-0.04631864610999813	0.5444430157893237	0.42678958817355617	-0.05842776141598645	0.49618641298973426	0.4218227367816848	-0.07053687672197477	0.4479298101901448	0.4168558853898135	-0.06569323059957946	0.4672324513099806	0.4188426259465619	-0.06627455492607431	0.44071908231681917	0.40188045944078826	-0.07384660531384205	0.39791961998328756	0.40747363767819667	nan	0.03000000000000001	nan	nan	nan		+y	False	True	False	False	lh3	NA
box023_p2	box023	box023_person2	known_guard	1	43	right	False	nan	nan	nan	0.2880165329317505	0.4475011103608262	0.3402626093439309	0.27758960500757585	0.5241905400300575	0.36051132661372587	0.28410643496018506	0.4762596464867879	0.347855878320104	0.2906232649127942	0.4283287529435183	0.3352004300264822	0.2880165329317505	0.4475011103608262	0.3402626093439309	0.2885730767841695	0.42471134070288136	0.31855329738376137	0.28926086600203926	0.3809459820792939	0.3164116862037465	nan	0.030000000000000002	nan	nan	nan		+y	False	True	False	False	rh3	NA
box023_p2	box023	box023_person2	known_guard	2	44	left	False	nan	nan	nan	-0.07298126981400296	0.4680958837302736	0.4400539233351172	-0.05236728558507215	0.5453931000686457	0.4405055875337044	-0.06525102572815389	0.49708233985716316	0.4402232974095874	-0.07813476587123572	0.4487715796456806	0.4399410072854705	-0.07298126981400296	0.4680958837302736	0.4400539233351172	-0.07547709108067945	0.44047527610579823	0.42515812941303044	-0.08272948322062915	0.3982803651412765	0.4345072396837558	nan	0.029999999999999995	nan	nan	nan		+y	False	True	False	False	lh3	NA
box023_p2	box023	box023_person2	known_guard	2	44	right	False	nan	nan	nan	0.2914884026115633	0.4489148799054981	0.3446210537876612	0.27944972814570135	0.5257154826469741	0.3635085558896066	0.28697389968686515	0.47771510593355165	0.3517038670758907	0.2944980712280287	0.42971472922012904	0.339899178262175	0.2914884026115633	0.4489148799054981	0.3446210537876612	0.29297677417810725	0.42584752131411696	0.32325146592073356	0.2943161044403949	0.38207124959992106	0.32173146685520265	nan	0.03000000000000001	nan	nan	nan		+y	False	True	False	False	rh3	NA
box023_p2	box023	box023_person2	known_guard	3	45	left	False	nan	nan	nan	-0.07750169647426228	0.46969550726999987	0.45481342420536297	-0.05468355126179856	0.5462863126549266	0.45118288987124533	-0.06894489201958831	0.4984170592893474	0.45345197383006886	-0.08320623277737821	0.4505478059237682	0.45572105778889244	-0.07750169647426228	0.46969550726999987	0.45481342420536297	-0.08191344874791483	0.4417231069004991	0.44106231423729236	-0.08965771877558765	0.4000825581920208	0.45230973842708067	nan	0.030000000000000023	nan	nan	nan		+y	False	True	False	False	lh3	NA
box023_p2	box023	box023_person2	known_guard	3	45	right	False	nan	nan	nan	0.2941787391858898	0.4487343997561609	0.3501852696779953	0.2820011879364601	0.5260675769272222	0.3666560606182252	0.2896121574673536	0.4777343411953089	0.3563618162805816	0.2972231269982472	0.4294011054633956	0.3460675719429378	0.2941787391858898	0.4487343997561609	0.3501852696779953	0.2957560301133322	0.42501990036611836	0.32954278339567755	0.29714674789257245	0.38121915389674743	0.32937944114702844	nan	0.030000000000000027	nan	nan	nan		+y	False	True	False	False	rh3	NA
box023_p2	box023	box023_person2	known_guard	4	46	left	False	nan	nan	nan	-0.08072328063803517	0.4733424400327002	0.44328386058119246	-0.056258079071351406	0.5494647306669287	0.44066646093658474	-0.07154883005052878	0.5018882990205359	0.44230233571446465	-0.08683958102970613	0.45431186737414314	0.44393821049234444	-0.08072328063803517	0.4733424400327002	0.44328386058119246	-0.08643639934374946	0.4458763356166455	0.4290015236305916	-0.09465524622504841	0.404123000604702	0.43946685388012857	nan	0.03000000000000001	nan	nan	nan		+y	False	True	False	False	lh3	NA
box023_p2	box023	box023_person2	known_guard	4	46	right	False	nan	nan	nan	0.2919743670830667	0.4486066551593176	0.35658746387445767	0.28008623166303187	0.5265700404598426	0.3700181298563374	0.2875163163005536	0.4778429246470145	0.3616239636176625	0.2949464009380753	0.42911580883418643	0.35322979737898774	0.2919743670830667	0.4486066551593176	0.35658746387445767	0.29366679117899314	0.4241328688707338	0.33686065335460796	0.2947744551872714	0.3803486931972016	0.33833889857778254	nan	0.030000000000000103	nan	nan	nan		+y	False	True	False	False	rh3	NA
box023_p2	box023	box023_person2	known_guard	5	47	left	False	nan	nan	nan	-0.07573665315432354	0.470855255036766	0.4329559903026374	-0.0524730021109173	0.5473892774299606	0.4317958366711673	-0.06701278401304622	0.499555513434214	0.4325209326908361	-0.08155256591517512	0.4517217494384674	0.4332460287105049	-0.07573665315432354	0.470855255036766	0.4329559903026374	-0.08181400022531676	0.44381992120678454	0.4180171702960288	-0.0889109205970795	0.40160543156870626	0.4273971570627114	nan	0.03000000000000002	nan	nan	nan		+y	False	True	False	False	lh3	NA
box023_p2	box023	box023_person2	known_guard	5	47	right	False	nan	nan	nan	0.2880233005159401	0.4496494041527202	0.3619654453745827	0.2764354500986927	0.5282691091305336	0.37116673397504896	0.2836778566094722	0.4791317935194003	0.3654159285997576	0.29092026312025177	0.4299944779082667	0.35966512322446614	0.2880233005159401	0.4496494041527202	0.3619654453745827	0.28912120005506897	0.4240574193675178	0.34366728974999183	0.2903547113270455	0.38043589522774246	0.3476806735555481	nan	0.030000000000000044	nan	nan	nan		+y	False	True	False	False	rh3	NA
box023_p2	box023	box023_person2	known_guard	6	48	left	False	nan	nan	nan	-0.06844772402260053	0.4722607218003007	0.4168658905815965	-0.04537160517507401	0.5488552120720624	0.41774725256388334	-0.059794179454778086	0.5009836556522114	0.417196401324954	-0.07421675373448217	0.4531120992323603	0.4166455500860247	-0.06844772402260053	0.4722607218003007	0.4168658905815965	-0.07475924589379476	0.44570922603554974	0.4011753032683838	-0.08158300141871037	0.4031926932037717	0.4093112950585852	nan	0.029999999999999992	nan	nan	nan		+y	False	True	False	False	lh3	NA
box023_p2	box023	box023_person2	known_guard	6	48	right	False	nan	nan	nan	0.2904510819570708	0.44636582698588095	0.3665216391291572	0.27941896279572775	0.5254508945930911	0.37140471483744913	0.2863140372715672	0.47602272733858475	0.3683527925197667	0.2932091117474065	0.4265945600840784	0.36530087020208424	0.2904510819570708	0.44636582698588095	0.3665216391291572	0.29108704771758526	0.41976167351488525	0.3497052146117707	0.2921809068763762	0.3764351052459825	0.35619197975987316	nan	0.029999999999999954	nan	nan	nan		+y	False	True	False	False	rh3	NA
box023_p2	box023	box023_person2	known_guard	7	49	left	False	nan	nan	nan	-0.05868444970454638	0.46674633630991946	0.4089106131243323	-0.038987579728538196	0.5442817742678213	0.40944836197330814	-0.05129812346354335	0.4958221255441326	0.4091122689426983	-0.0636086671985484	0.447362476820444	0.4087761759120883	-0.05868444970454638	0.46674633630991946	0.4089106131243323	-0.06376043801558305	0.4398577020497427	0.3933463124269552	-0.06875107357630064	0.39712862323406134	0.40169693792287436	nan	0.0299999999999999	nan	nan	nan		+y	False	True	False	False	lh3	NA
box023_p2	box023	box023_person2	known_guard	7	49	right	False	nan	nan	nan	0.28114441599661394	0.44295867904812813	0.3714176106747739	0.2707735387880222	0.5222833945715792	0.37160311821601133	0.27725533704339206	0.4727054473694223	0.37148717600273795	0.2837371352987617	0.4231275001672653	0.3713712337894646	0.28114441599661394	0.44295867904812813	0.3714176106747739	0.28134967744876344	0.41537356763558775	0.3562519565840399	0.2822078611000933	0.3725159756296653	0.3653600022679546	nan	0.03	nan	nan	nan		+y	False	True	False	False	rh3	NA
box023_p2	box023	box023_person2	known_guard	8	50	left	False	nan	nan	nan	-0.06106939760333978	0.46356355665993826	0.40133254034938065	-0.04165100073506638	0.5409080671416058	0.4077163136393285	-0.05378749877773732	0.49256774809056353	0.40372645533311113	-0.06592399682040814	0.4442274290395214	0.3997365970268937	-0.06106939760333978	0.46356355665993826	0.40133254034938065	-0.0653249145377254	0.43771720050897783	0.3838720645469128	-0.07057680261391835	0.39454434370751207	0.38925125343976397	nan	0.029999999999999933	nan	nan	nan		+y	False	True	False	False	lh3	NA
box023_p2	box023	box023_person2	known_guard	8	50	right	False	nan	nan	nan	0.2851929665066437	0.4372517227660307	0.36565473880503624	0.27336890340640596	0.5162885763646893	0.36931087132804735	0.28075894284405456	0.4668905428655276	0.3670257885011654	0.28814898228170305	0.41749250936636606	0.36474070567428346	0.2851929665066437	0.4372517227660307	0.36565473880503624	0.28484314487605095	0.4101954750988601	0.34956702128808265	0.2871514146961248	0.3670872047047261	0.3571045992790406	nan	0.029999999999999985	nan	nan	nan		+y	False	True	False	False	rh3	NA
box023_p2	box023	box023_person2	known_guard	9	51	left	False	nan	nan	nan	-0.05410501309976173	0.4513704269948423	0.3834904798775412	-0.03938951699702666	0.5291252257793093	0.39522271923912267	-0.048586702061236046	0.4805284765390174	0.3878900696381342	-0.05778388712544543	0.43193172729872553	0.3805574200371459	-0.05410501309976173	0.4513704269948423	0.3834904798775412	-0.05558221593180397	0.42630976963068734	0.36449592565326067	-0.05894456445061882	0.38270694754809276	0.36730699035926256	nan	0.029999999999999995	nan	nan	nan		+y	False	True	False	False	lh3	NA
box023_p2	box023	box023_person2	known_guard	9	51	right	False	nan	nan	nan	0.27340355964594343	0.4301621143309896	0.3547044940195855	0.26153299945546205	0.5090068479783617	0.3612311912577846	0.26895209957451305	0.4597288894487541	0.35715200548391024	0.2763711996935639	0.4104509309191466	0.35307281971003573	0.27340355964594343	0.4301621143309896	0.3547044940195855	0.27217874482734083	0.40355033726183825	0.33793277026238866	0.2750976024859157	0.3602665033815009	0.3441340735523546	nan	0.029999999999999978	nan	nan	nan		+y	False	True	False	False	rh3	NA
box023_p2	box023	box023_person2	known_guard	10	52	left	False	nan	nan	nan	-0.05390887494560388	0.43658431123551134	0.3675279134274347	-0.044450534563101884	0.5141345301048401	0.3847471860754867	-0.05036199730216569	0.4656656433115096	0.37398514067045424	-0.05627346004122938	0.4171967565181792	0.3632230952654217	-0.05390887494560388	0.43658431123551134	0.3675279134274347	-0.05145701987184417	0.4124628921027341	0.34744913578466313	-0.05333460421271001	0.3686820639712354	0.3478059705823072	nan	0.030000000000000034	nan	nan	nan		+y	False	True	False	False	lh3	NA
box023_p2	box023	box023_person2	known_guard	10	52	right	False	nan	nan	nan	0.26808768192590615	0.4205046045916635	0.34723683546259	0.2551066354723443	0.49877919989004615	0.35746327980287224	0.2632197895058205	0.449857577828557	0.35107175209019587	0.27133294353929654	0.40093595576706775	0.34468022437751944	0.26808768192590615	0.4205046045916635	0.34723683546259	0.26654864340681794	0.39454963103978063	0.32949005332430853	0.2705491824344564	0.35112390744039884	0.33381074600769217	nan	0.030000000000000037	nan	nan	nan		+y	False	True	False	False	rh3	NA
box023_p2	box023	box023_person2	known_guard	11	53	left	False	nan	nan	nan	-0.06491197610556688	0.40460710493410074	0.35003741579251507	-0.061235451280628184	0.4828351928179671	0.36637294245209057	-0.06353327929621483	0.4339426378905506	0.3561632382898559	-0.0658311073118016	0.38505008296313414	0.34595353412762114	-0.06491197610556688	0.40460710493410074	0.35003741579251507	-0.05856729411555192	0.38021101148484665	0.3311803905560007	-0.058697600064136914	0.3364064740290388	0.33242902362948074	nan	0.03000000000000001	nan	nan	nan		+y	False	True	False	False	lh3	NA
box023_p2	box023	box023_person2	known_guard	11	53	right	False	nan	nan	nan	0.25191071066115434	0.39262347980006446	0.3236904085635047	0.2377301825792232	0.47063488378392243	0.33432683050816636	0.24659301263043015	0.4218777562940112	0.3276790667927529	0.25545584268163724	0.37312062880409996	0.3210313030773392	0.25191071066115434	0.39262347980006446	0.3236904085635047	0.24967687859690088	0.3664749296652462	0.3063053319728937	0.2551277758453144	0.32320640329195427	0.31061677170652996	nan	0.030000000000000034	nan	nan	nan		+y	False	True	False	False	rh3	NA
box023_p2	box023	box023_person2	known_guard	12	54	left	False	nan	nan	nan	-0.0712468783809501	0.37237133139016027	0.3431355361724179	-0.07150599073328003	0.45026131203057296	0.361386119084342	-0.07134404551307384	0.40158007413031505	0.34997950476438944	-0.07118210029286764	0.3528988362300571	0.3385728904444369	-0.0712468783809501	0.37237133139016027	0.3431355361724179	-0.06201923239132375	0.348557294037018	0.32473026680891826	-0.061257735229204205	0.304742658409345	0.3250640224021806	nan	0.03000000000000005	nan	nan	nan		+y	False	True	False	False	lh3	NA
box023_p2	box023	box023_person2	known_guard	12	54	right	False	nan	nan	nan	0.23656107674692387	0.3582069634851638	0.30471632025938045	0.2228249500320586	0.4354317786933451	0.3204531159603935	0.23141002922884954	0.38716626918823177	0.31061761864726034	0.23999510842564029	0.3389007596831185	0.30078212133412713	0.23656107674692387	0.3582069634851638	0.30471632025938045	0.23275657627280433	0.33285363959336417	0.28644852587456954	0.2390542569580605	0.28951748994988774	0.2881169143097266	nan	0.029999999999999992	nan	nan	nan		+y	False	True	False	False	rh3	NA
box023_p2	box023	box023_person2	known_guard	13	55	left	False	nan	nan	nan	-0.07690163757895174	0.32569554243379994	0.33410021789247196	-0.0826232188902394	0.40335745309972415	0.3524275510049668	-0.07904723057068463	0.3548187589335215	0.34097296780965747	-0.07547124225112974	0.3062800647673189	0.32951838461434824	-0.07690163757895174	0.32569554243379994	0.33410021789247196	-0.06429141236085217	0.30239784226282945	0.3170940086557823	-0.061960091385890634	0.2586382144010955	0.3173650765881715	nan	0.030000000000000002	nan	nan	nan		+y	False	True	False	False	lh3	NA
box023_p2	box023	box023_person2	known_guard	13	55	right	False	nan	nan	nan	0.22056067974626498	0.3104828973607342	0.28355910091382447	0.20735740909168188	0.3869636790241387	0.30295919576350233	0.2156094532507963	0.3391631904845109	0.29083413648245365	0.22386149740991068	0.29136270194488306	0.27870907720140503	0.22056067974626498	0.3104828973607342	0.28355910091382447	0.21546216311214428	0.28566704992973685	0.26487337341075795	0.22238946827460385	0.2423960133410814	0.2645635288768214	nan	0.030000000000000044	nan	nan	nan		+y	False	True	False	False	rh3	NA
box023_p2	box023	box023_person2	known_guard	14	56	left	False	nan	nan	nan	-0.08160309861488735	0.26535777023889356	0.33247566738499595	-0.09069331126881905	0.34381295205717743	0.3452095780084586	-0.08501192836011173	0.29477846342075	0.3372508838687945	-0.07933054545140443	0.24574397478432258	0.32929218972913027	-0.08160309861488735	0.26535777023889356	0.33247566738499595	-0.06691409475928976	0.2414108868370258	0.31827032659438864	-0.06371395182456223	0.1978276107336328	0.3215369296009436	nan	0.030000000000000006	nan	nan	nan		+z	False	True	False	False	lh3	NA
box023_p2	box023	box023_person2	known_guard	14	56	right	False	nan	nan	nan	0.20656052739009514	0.24600657792232591	0.25697857174961836	0.1957756437293223	0.3224258720562061	0.2780446052752513	0.20251619601730536	0.274663813222531	0.2648783343217307	0.20925674830528845	0.22690175438885585	0.2517120633682101	0.20656052739009514	0.24600657792232591	0.25697857174961836	0.1995787954372004	0.22137036935353466	0.23866764020043862	0.20612015851533294	0.1780561751157761	0.23741971611638235	nan	0.029999999999999957	nan	nan	nan		+y	False	True	False	False	rh3	NA
box023_p2	box023	box023_person2	known_guard	15	57	left	False	nan	nan	nan	-0.09064670846336705	0.2164490839957025	0.32515492789452854	-0.10128050451033992	0.29491489833905865	0.33655836426543717	-0.09463438198098188	0.2458737643744611	0.3294312165336193	-0.08798825945162385	0.1968326304098635	0.32230406880180135	-0.09064670846336705	0.2164490839957025	0.32515492789452854	-0.07461391336668459	0.1925162596006557	0.3124592135084316	-0.07147115728644067	0.14897201818285172	0.3162586462921239	nan	0.030000000000000065	nan	nan	nan		+z	False	True	False	False	lh3	NA
box023_p2	box023	box023_person2	known_guard	15	57	right	False	nan	nan	nan	0.19498049780605117	0.19549549186391404	0.23140950187536294	0.18639801982800988	0.27045908183591255	0.25799523583676676	0.19176206856428568	0.22360683810341347	0.2413791521108894	0.19712611730056148	0.17675459437091445	0.22476306838501206	0.19498049780605117	0.19549549186391404	0.23140950187536294	0.18673032851119656	0.17221835118838427	0.211888052224181	0.19255419050669256	0.12901097078670123	0.20745284330153999	nan	0.030000000000000044	nan	nan	nan		+y	False	True	False	False	rh3	NA
box023_p2	box023	box023_person2	known_guard	16	58	left	False	nan	nan	nan	-0.1035726515384033	0.17546288793302953	0.31113514131994185	-0.11299490541697298	0.2534683341104501	0.3261807884814743	-0.107105996742867	0.20471493024956228	0.3167772590055165	-0.10121708806876092	0.1559615263886744	0.30737372952955877	-0.1035726515384033	0.17546288793302953	0.31113514131994185	-0.08733309188339523	0.1518062265272853	0.29818713609693137	-0.08552392812166355	0.10804898413220312	0.29975053955444475	nan	0.03000000000000006	nan	nan	nan		+z	False	True	False	False	lh3	NA
box023_p2	box023	box023_person2	known_guard	16	58	right	False	nan	nan	nan	0.1846008077014043	0.1503956624010493	0.20491795930464585	0.1767559833026018	0.2218832172608653	0.23996062230728818	0.1816589985518534	0.17720349547348027	0.21805895793063673	0.18656201380110504	0.1325237736860953	0.19615729355398528	0.1846008077014043	0.1503956624010493	0.20491795930464585	0.17619476947808235	0.1296406658076312	0.18279226822614955	0.1815236442120143	0.08716583541355798	0.17341367318368323	nan	0.03	nan	nan	nan		+z	False	True	False	False	rh3	NA
box023_p2	box023	box023_person2	known_guard	17	59	left	False	nan	nan	nan	-0.12459874736083429	0.12817222962639177	0.28257377633182523	-0.13563322303398823	0.20524531034085722	0.3009580243664898	-0.128736675738267	0.15707463489431628	0.28946786934482444	-0.12184012844254577	0.10890395944777535	0.27797771432315904	-0.12459874736083429	0.12817222962639177	0.28257377633182523	-0.10701717510555935	0.10519173996045232	0.27017227732340277	-0.10539952810361918	0.06140596543811425	0.2693959181502192	nan	0.02999999999999996	nan	nan	nan		+z	False	True	False	False	lh3	NA
box023_p2	box023	box023_person2	known_guard	17	59	right	True	0.11589336520422838	-0.1568	0.1766	0.17632387960097787	0.11538245249695057	0.18917222485423044	0.1615208195545892	0.18326459515339263	0.22883182799941415	0.17077273208358207	0.14083825599311636	0.20404457603367443	0.180024644612575	0.09841191683284006	0.17925732406793454	0.17632387960097787	0.11538245249695057	0.18917222485423044	0.17101217934781615	0.09613524998597213	0.16483483378970293	0.17949687903460534	0.05489171978766755	0.15269204762209151	0.30389715545455626	0.030000000000000082	0.21315965660269037	0.1732217609980374	0.16046728547081301	-y	+z	False	True	False	False	rh3	handbox_surface
box023_p2	box023	box023_person2	known_guard	18	60	left	False	nan	nan	nan	-0.1408153323493705	0.09520722428962482	0.2560935452619895	-0.15383132814266676	0.1694074780869684	0.28301762723183027	-0.14569633077185662	0.12303231946362865	0.26619007600067973	-0.13756133340104637	0.07665716084028888	0.2493625247695293	-0.1408153323493705	0.09520722428962482	0.2560935452619895	-0.12189543263713676	0.07371608276879628	0.2430099678872635	-0.12031459146352545	0.03038578648915944	0.23665387384985256	nan	0.029999999999999995	nan	nan	nan		+z	False	True	False	False	lh3	NA
box023_p2	box023	box023_person2	known_guard	18	60	right	True	0.11348484362398181	-0.15416750431444123	0.1766	0.17456643434133207	0.10419900059229337	0.18488635130268477	0.15573258640104515	0.1667997665496998	0.23099958447178917	0.16750374136372448	0.1276742878263208	0.20217881374109894	0.17927489632640384	0.08854880910294176	0.17335804301040872	0.17456643434133207	0.10419900059229337	0.18488635130268477	0.1707398556724779	0.08744065764910587	0.15851415371895305	0.18137330822498382	0.0481143707217749	0.14236364254349337	0.28810955003702166	0.030000000000000058	0.20149562644037194	0.16239304247658845	0.1505333939959179	+z	+z	True	True	False	False	rh3	handbox_surface
box023_p2	box023	box023_person2	known_guard	19	61	left	True	0.13623957252219024	0.11584584238878838	0.1766	-0.12845654136781687	0.07495013935747387	0.2527625484860664	-0.1487163021298731	0.14545106201645316	0.2846868652069748	-0.13605395165358794	0.10138798535459112	0.264734167256407	-0.12339160117730276	0.05732490869272906	0.24478146930583924	-0.12845654136781687	0.07495013935747387	0.2527625484860664	-0.10696623178811455	0.05576485420228194	0.24006990519980695	-0.10216003894372656	0.013391033148846376	0.22998162657639096	0.28656661420351587	0.03000000000000002	0.2247394380025154	0.21770317692873248	0.18801096563065844	+z	+z	True	True	False	False	lh3	handbox_surface
box023_p2	box023	box023_person2	known_guard	19	61	right	True	0.11262195330101425	-0.15117930352992323	0.1766	0.1725741606799583	0.10333600539329224	0.1802673360488914	0.15146155462312275	0.15932422812087	0.23336702325414727	0.16465693340864498	0.12433158891613387	0.20017971875086238	0.17785231219416722	0.0893389497113978	0.1669924142475774	0.1725741606799583	0.10333600539329224	0.1802673360488914	0.1696050211524234	0.08989574485303067	0.15195618674368452	0.18144795161238098	0.053109910087389293	0.1312918811269614	0.2813714522612309	0.029999999999999992	0.1993919316408932	0.16396733961852494	0.154875318145703	+z	+z	True	True	False	False	rh3	handbox_surface
box023_p2	box023	box023_person2	known_guard	20	62	left	True	0.14107603187007986	0.11232116678336701	0.1766	-0.11272347522300157	0.06206462300387613	0.2513524894558684	-0.13821937083798627	0.12897530070503346	0.28703050112078127	-0.12228443607862079	0.08715612714181012	0.2647317438302107	-0.10634950131925544	0.045336953578586796	0.24243298653964024	-0.11272347522300157	0.06206462300387613	0.2513524894558684	-0.08963610664172979	0.04489827500511517	0.23857353510554524	-0.0821531787029176	0.0036622087353422525	0.2257670447991756	0.2788534015730731	0.029999999999999978	0.21465120708097812	0.20359692009968136	0.17510388818065806	+z	+z	True	True	False	False	lh3	handbox_surface
box023_p2	box023	box023_person2	known_guard	20	62	right	True	0.10914299679718806	-0.15049779026645926	0.1766	0.17241752389086173	0.09862016602836977	0.17981571869405694	0.1509097235388646	0.14999571480201643	0.23724365189929503	0.16435209875886284	0.11788599681848724	0.20135119364602116	0.17779447397886114	0.0857762788349581	0.1654587353927474	0.17241752389086173	0.09862016602836977	0.17981571869405694	0.16961658269489505	0.08755200654115834	0.1504792543213997	0.18165228865649116	0.052620285159163394	0.12691269345218328	0.27511910819929486	0.02999999999999994	0.19629776455748826	0.16454636421578597	0.1570911963318733	+z	+z	True	True	False	False	rh3	handbox_surface
box023_p2	box023	box023_person2	known_guard	21	63	left	True	0.13766430857747927	0.11032725250218117	0.1766	-0.10315139765341662	0.056854816141200894	0.2501520767026512	-0.1329235248164883	0.12093454492775348	0.2876675242253418	-0.11431594533956846	0.08088471443615812	0.2642203695236601	-0.09570836586264876	0.04083488394456276	0.24077321482197858	-0.10315139765341662	0.056854816141200894	0.2501520767026512	-0.07884106041686094	0.04124313986382135	0.23765028350467593	-0.06910185794347892	0.0009899560692211882	0.22332398965419573	0.2683994049310315	0.029999999999999957	0.2018138120986886	0.18731585069525156	0.15958779302837603	+z	+z	True	True	False	False	lh3	handbox_surface
box023_p2	box023	box023_person2	known_guard	21	63	right	True	0.10890618795784494	-0.14976692050075247	0.1766	0.17218088004506876	0.09979417562369747	0.17759281374506003	0.15076244901302663	0.1477479059391142	0.23793923502223221	0.1641489684080529	0.11777682449197874	0.2002227217239996	0.17753548780307932	0.0878057430448433	0.16250620842576696	0.17218088004506876	0.09979417562369747	0.17759281374506003	0.1691546953191072	0.09027729380254086	0.14773902446610424	0.18131897588787854	0.05681117037846601	0.12219465073890942	0.27420695333680906	0.030000000000000023	0.1976880825197972	0.16890329026528123	0.16256603677279605	+z	+z	True	True	False	False	rh3	handbox_surface
box023_p2	box023	box023_person2	known_guard	22	64	left	True	0.1380122184722357	0.1077631593162515	0.1766	-0.09592912361316062	0.060867152876496806	0.2491257431060836	-0.1275869561988203	0.12392012825299936	0.28683653641713064	-0.10780081083278305	0.08451201864268525	0.2632672905977263	-0.0880146654667458	0.04510390903237116	0.23969804477832177	-0.09592912361316062	0.060867152876496806	0.2491257431060836	-0.07107486108003305	0.0457845242113614	0.23705131921118466	-0.060401221127208256	0.00590564340090627	0.22234887583014507	0.26167896395828744	0.03000000000000004	0.1928902986209018	0.17538265811651008	0.14794012636283643	+z	+z	True	True	False	False	lh3	handbox_surface
box023_p2	box023	box023_person2	known_guard	22	64	right	True	0.10688550490068245	-0.1534686950286517	0.1766	0.17309738596545443	0.10078728093761406	0.1757347031011023	0.15266202694050782	0.1470637038519878	0.2377096075687298	0.1654341263310995	0.11814093953050422	0.19897529227646266	0.17820622572169112	0.08921817520902064	0.16024097698419548	0.17309738596545443	0.10078728093761406	0.1757347031011023	0.1696504169815762	0.09215076625985778	0.14565968710857324	0.18133867297880363	0.059387379516727304	0.11900614459037984	0.27874789391351046	0.03000000000000001	0.203478164420955	0.17623012290134793	0.1704653226458726	+z	+z	True	True	False	False	rh3	handbox_surface
box023_p2	box023	box023_person2	known_guard	23	65	left	True	0.14184392268038215	0.10732504171680247	0.1766	-0.09219673756922922	0.06679626797431126	0.24914063610312806	-0.12500458656853547	0.12930515777897714	0.2867741815038324	-0.10449968094396908	0.09023710165106097	0.2632532156283922	-0.0839947753194027	0.0511690455231448	0.23973224975295201	-0.09219673756922922	0.06679626797431126	0.24914063610312806	-0.06708167829686157	0.05218714285568226	0.2370237459524582	-0.0556469718710011	0.012489582981746164	0.2224030484684341	0.26169820121862225	0.030000000000000058	0.19112713323392133	0.17122099582535072	0.14337233166555996	+z	+z	True	True	False	False	lh3	handbox_surface
box023_p2	box023	box023_person2	known_guard	23	65	right	True	0.1081634830974292	-0.15676748299246554	0.1766	0.17348743692561788	0.10263036685649138	0.17435861071175737	0.1552706307305647	0.14925698177339872	0.23676138912299738	0.16665613460247286	0.12011534745033163	0.1977596526159724	0.17804163847438112	0.09097371312726459	0.15875791610894743	0.17348743692561788	0.10263036685649138	0.17435861071175737	0.16901786034211833	0.09387077079715933	0.14445426437301642	0.17970700454331792	0.0609467708705602	0.11758013940149295	0.28378376093944113	0.03000000000000007	0.20802518638942086	0.18004228756262747	0.17425803736797948	+z	+z	True	True	False	False	rh3	handbox_surface
box023_p2	box023	box023_person2	known_guard	24	66	left	True	0.13721469438379502	0.10906338385657427	0.1766	-0.0958385589812552	0.05630722261691883	0.25057548068476576	-0.12753615564998444	0.11908065242292808	0.2887167821284318	-0.10772515773202868	0.07984725879417229	0.2648784687261405	-0.08791415981407293	0.04061386516541655	0.24104015532384918	-0.0958385589812552	0.05630722261691883	0.25057548068476576	-0.07113623567140966	0.041715894588920555	0.23761785222177484	-0.06001346165778061	0.0019080051717941867	0.2230566227302354	0.261996567074486	0.030000000000000002	0.1939689964312224	0.17800371659702396	0.15027953120446083	+z	+z	True	True	False	False	lh3	handbox_surface
box023_p2	box023	box023_person2	known_guard	24	66	right	True	0.10243184415349753	-0.1568	0.1766	0.1748006265465643	0.0895346186764485	0.17576923499070368	0.15824551010775567	0.13920822270380712	0.23625444956939778	0.16859245788201108	0.10816222018670799	0.19845119045771398	0.17893940565626643	0.07711621766960881	0.16064793134603006	0.1748006265465643	0.0895346186764485	0.17576923499070368	0.16954621951061538	0.0793221270518559	0.14645927440690215	0.17951219201162918	0.045096387933652934	0.12096919120131898	0.27397021637328095	0.030000000000000002	0.1966265848409225	0.16649265175380507	0.1586896627602762	-y	+z	False	True	False	False	rh3	handbox_surface
box023_p2	box023	box023_person2	known_guard	25	67	left	True	0.14076525513820987	0.1090175899281847	0.1766	-0.10139628959008129	0.057872104720486955	0.251351736216085	-0.1302856353110744	0.12236474478593166	0.2888498039156604	-0.11222979423545376	0.08205684474502872	0.2654135116034258	-0.09417395315983312	0.04174894470412579	0.24197721929119112	-0.10139628959008129	0.057872104720486955	0.251351736216085	-0.07749485086655136	0.042340033619237306	0.23799180507252116	-0.06783097617652735	0.0019106074597092094	0.22411792341321327	0.269483239983019	0.03000000000000006	0.2029736805049886	0.18922994858069267	0.16122931178637978	+z	+z	True	True	False	False	lh3	handbox_surface
box023_p2	box023	box023_person2	known_guard	25	67	right	True	0.10256144070962413	-0.1568	0.1766	0.1733814988428275	0.08858768489725533	0.17632930920883555	0.1573802256360784	0.13919690216420222	0.23618468810989954	0.1673810213902966	0.10756614137236042	0.19877507629673452	0.1773818171445147	0.07593538058051859	0.1613654644835695	0.1733814988428275	0.08858768489725533	0.17632930920883555	0.16852972675613023	0.07852854780456245	0.14689715610249693	0.17763378110299075	0.04378314649715499	0.12179059420441109	0.2730984598134802	0.029999999999999985	0.19494068093360672	0.1643011125915406	0.15790744598052908	-y	+z	False	True	False	False	rh3	handbox_surface
box023_p2	box023	box023_person2	known_guard	26	68	left	True	0.12864576434966005	0.1156312515870146	0.1766	-0.1083579582328539	0.03827184581420507	0.25225465906321054	-0.1339024915482049	0.10386635585587643	0.29026567154767363	-0.11793715822611056	0.06286978707983182	0.26650878874488415	-0.10197182490401621	0.02187321830378723	0.2427519059420948	-0.1083579582328539	0.03827184581420507	0.25225465906321054	-0.08546211710182249	0.021968073683273033	0.2380779443833239	-0.07748585358067536	-0.018833746700607064	0.2242213849433868	0.2677134664833344	0.030000000000000006	0.20758710359427524	0.20354392932610219	0.17162460956354858	+z	+z	True	True	False	False	lh3	handbox_surface
box023_p2	box023	box023_person2	known_guard	26	68	right	True	0.08738650321679113	-0.15586316795716257	0.1766	0.17760480657661026	0.0661161205044603	0.1731249560184912	0.1626138274590416	0.11511583257103553	0.23456027780074737	0.17198318940752205	0.08449101252942597	0.19616320168683732	0.18135255135600237	0.05386619248781647	0.15776612557292727	0.17760480657661026	0.0661161205044603	0.1731249560184912	0.1716588851157848	0.05628586483345894	0.14381643064906602	0.180904438461751	0.022332441136031774	0.11769841138160074	0.2555571369617222	0.030000000000000047	0.18058780900449883	0.15414315536615802	0.1448300115361393	+z	+x	True	False	False	False	rh3	handbox_surface
box023_p2	box023	box023_person2	known_guard	27	69	left	True	0.13913410667903484	0.11451206744757923	0.1766	-0.11221699318111092	0.04990276775903045	0.25452788620927996	-0.13499021388908877	0.11625364791014951	0.29298488975554665	-0.12075695094660263	0.07478434781570012	0.26894926253913	-0.1065236880041165	0.033315047721250685	0.2449136353227132	-0.11221699318111092	0.04990276775903045	0.25452788620927996	-0.09026126826078286	0.033127333478252224	0.2394433671972639	-0.08352236926163702	-0.007928758566183726	0.22568116852743597	0.27865756733389235	0.03000000000000004	0.21759570413598162	0.21233519537664158	0.18172228925235703	+z	+z	True	True	False	False	lh3	handbox_surface
box023_p2	box023	box023_person2	known_guard	27	69	right	True	0.09698250251394842	-0.1559914058349176	0.1766	0.17542339128707024	0.07705067544482327	0.18161775086284557	0.15963503134446438	0.12496843476375392	0.24370330499724754	0.16950275630859302	0.09501983518942227	0.20489983366324635	0.17937048127272162	0.06507123561509061	0.16609636232924513	0.17542339128707024	0.07705067544482327	0.18161775086284557	0.16950447866594343	0.06738334508320817	0.15224962588067043	0.17943511819532293	0.033971530375842406	0.12568839088671768	0.26280546211292166	0.030000000000000047	0.18614994578260963	0.1571165690582251	0.1478213528802309	+z	+z	True	True	False	False	rh3	handbox_surface
box023_p2	box023	box023_person2	known_guard	28	70	left	True	0.12612258185153533	0.11154709413818803	0.1766	-0.10689826026927148	0.03898874236846674	0.2579798066640742	-0.1257974830225256	0.10743428335511047	0.29483122859550814	-0.11398546880174178	0.06465582023845817	0.27179908988836204	-0.10217345458095795	0.021877357121805815	0.2487669511812158	-0.10689826026927148	0.03898874236846674	0.2579798066640742	-0.0863767200260973	0.021159291382372786	0.24210565063951803	-0.0812521313835554	-0.020601199623484365	0.22984948696142696	0.2625138744371973	0.03000000000000011	0.20567129449776994	0.2086426225499723	0.17230161336144126	+z	+z	True	True	False	False	lh3	handbox_surface
box023_p2	box023	box023_person2	known_guard	28	70	right	True	0.08182949413784807	-0.15593570320262246	0.1766	0.17325684655504558	0.06265563474251463	0.1735501435533768	0.1572813020445235	0.1105957636354514	0.2355705113313974	0.16726601736359978	0.08063318307736592	0.19680778147013453	0.17725073268267608	0.05067060251928041	0.15804505160887164	0.17325684655504558	0.06265563474251463	0.1735501435533768	0.16833138237274775	0.05384068242299985	0.1437338059831891	0.1774804442411133	0.020237547324302153	0.11713323932807272	0.2523342859949935	0.03	0.17833235521773694	0.15343671460294256	0.14588705441765892	+z	+z	True	True	False	False	rh3	handbox_surface
box023_p2	box023	box023_person2	known_guard	29	71	left	True	0.12458761728678394	0.10720601821027537	0.1766	-0.10246454039143242	0.03639413619466348	0.26086604730969215	-0.11836136380636991	0.10466576048334865	0.2994183017482969	-0.10842584917203396	0.06199599530292042	0.2753231427241689	-0.09849033453769802	0.01932623012249224	0.251227983700041	-0.10246454039143242	0.03639413619466348	0.26086604730969215	-0.08312555154193302	0.018503831125670788	0.2436337444825302	-0.07921476104735874	-0.02318411905976537	0.23070184234271163	0.2570709641942761	0.030000000000000016	0.2011094695460391	0.20655698705208872	0.1685678496470305	+z	+z	True	True	False	False	lh3	handbox_surface
box023_p2	box023	box023_person2	known_guard	29	71	right	True	0.08221999063807099	-0.15678948674388443	0.1766	0.1771603883535131	0.06904638470824938	0.16710320393641367	0.16188435724180816	0.11162602284802862	0.23308515062912413	0.1714318766866238	0.08501374901066659	0.19184643394618006	0.1809793961314394	0.05840147517330449	0.1506077172632361	0.1771603883535131	0.06904638470824938	0.16710320393641367	0.1713894765460936	0.062255564657414046	0.1369111700888246	0.18071868756645496	0.03108887187817281	0.10755015425408625	0.258186016627133	0.029999999999999975	0.18819355370394997	0.16866997631546335	0.161785689912984	+z	+x	True	False	False	False	rh3	handbox_surface
box023_p2	box023	box023_person2	known_guard	30	72	left	True	0.12622972494820525	0.10734916421029331	0.1766	-0.10253231473115534	0.04401773438233873	0.26451946513920943	-0.11292288287167984	0.11440216139380063	0.3010990841638153	-0.10642877778385199	0.07041189451163696	0.27823682227343655	-0.09993467269602425	0.026421627629473327	0.25537456038305784	-0.10253231473115534	0.04401773438233873	0.26451946513920943	-0.08536619312921828	0.024778117024348935	0.24645920049620523	-0.08380965907722523	-0.017545758959149504	0.23520396662977086	0.2565626325639727	0.02999999999999996	0.20279444673956176	0.2134535858935704	0.1723294664296261	+z	+z	True	True	False	False	lh3	handbox_surface
box023_p2	box023	box023_person2	known_guard	30	72	right	True	0.08417627684006423	-0.15570897039575043	0.1766	0.1779206392687866	0.07540096342809612	0.16579203518815105	0.16361018705054778	0.12045224609109453	0.2303334396331128	0.17255421968694704	0.09229519442672049	0.18999506185501178	0.18149825232334627	0.06413814276234647	0.14965668407691063	0.1779206392687866	0.07540096342809612	0.16579203518815105	0.1720337726634672	0.0677911259254514	0.13581850115126584	0.18062274440912024	0.03547081428126807	0.10749725139986818	0.2636212325159675	0.03000000000000005	0.19193028406722673	0.16970457805717848	0.16305070905506142	+z	+x	True	False	False	False	rh3	handbox_surface
box023_p2	box023	box023_person2	known_guard	31	73	left	True	0.15000249681056002	0.1132938501578813	0.1766	-0.11849508662943778	0.06048032566152499	0.2696242325386322	-0.12141638273187387	0.1298227722427565	0.30941231029078	-0.11959057266785132	0.08648374312948678	0.2845447616956876	-0.1177647626038288	0.04314471401621716	0.2596772131005954	-0.11849508662943778	0.06048032566152499	0.2696242325386322	-0.10441791422077414	0.04124336556431217	0.2490625120584609	-0.1060693018295867	-0.0006620826910357325	0.2363495308426516	0.29163552000262977	0.029999999999999992	0.23900178174585024	0.25266528893797635	0.21355655185815045	+z	+z	True	True	False	False	lh3	handbox_surface
box023_p2	box023	box023_person2	known_guard	31	73	right	True	0.10474679433923165	-0.14806727956956633	0.1766	0.17774686312472318	0.09603168317490739	0.16458921784232405	0.16522649505820175	0.1395523809298861	0.23053760107041102	0.17305172509977768	0.11235194483302438	0.18931986155285668	0.18087695514135352	0.08515150873616266	0.14810212203530232	0.17774686312472318	0.09603168317490739	0.16458921784232405	0.17131159919159245	0.08938280489434723	0.13450006093112024	0.17885120512571653	0.057694094458864836	0.1051837490689492	0.26952834894046623	0.03	0.19697962193476642	0.1744135234122941	0.1709229557743871	+z	+x	True	False	False	False	rh3	handbox_surface
box023_p2	box023	box023_person2	known_guard	32	74	left	True	0.12264672274208444	0.11157283855122972	0.1766	-0.11020560045680339	0.03888022981669358	0.27282354669168024	-0.11064739389782927	0.1055940367620666	0.3169718510918605	-0.11037127299718807	0.06389790742120845	0.2893791608417479	-0.110095152096547	0.022201778080350305	0.26178647059163523	-0.11020560045680339	0.03888022981669358	0.27282354669168024	-0.09746276213393334	0.021040174021122283	0.25023230399461305	-0.11053694553757276	0.08891558502572332	0.30593477499181543	0.26322884438596156	0.030000000000000054	0.2134629035081606	0.2277090438879162	0.18543830432464514	+z	+z	True	True	False	False	lh	handbox_surface
box023_p2	box023	box023_person2	known_guard	32	74	right	True	0.08647034598335193	-0.1568	0.1766	0.18708657277695898	0.08300185355423076	0.14806541779892227	0.17979305437579313	0.12287174764469364	0.21703784804860343	0.18435150337652176	0.09795306383815434	0.17393007914255268	0.18890995237725036	0.07303438003161504	0.13082231023650195	0.18708657277695898	0.08300185355423076	0.14806541779892227	0.177919863094587	0.07755772270305744	0.11844599105260913	0.1835104164350614	0.0475848784359009	0.08696837221334651	0.27292301659064644	0.029999999999999995	0.20576026290793648	0.18955954280175263	0.18332306611719842	-y	+x	False	False	False	False	rh3	handbox_surface
box023_p2	box023	box023_person2	known_guard	33	75	left	True	0.12127265829319385	0.11070473182792943	0.1766	-0.10618076334957442	0.0271048998996694	0.273371283373957	-0.10902665201949208	0.08982435300599288	0.322951230123849	-0.10724797160079355	0.05062469481454068	0.29196376340516644	-0.10546929118209503	0.01142503662308848	0.260976296686484	-0.10618076334957442	0.0271048998996694	0.273371283373957	-0.09278942381852326	0.011679272785321071	0.24941854199425498	-0.1083151798520127	0.07414448972941196	0.310556243436376	0.26294502665324965	0.029999999999999954	0.21151047584054095	0.22666532566947611	0.18354674474628818	+z	+z	True	True	False	False	lh	handbox_surface
box023_p2	box023	box023_person2	known_guard	33	75	right	True	0.09096346568658456	-0.1568	0.1766	0.18755860547561928	0.0878906314508159	0.14933958813011414	0.1808527612481124	0.12451977912826218	0.22014451164267965	0.18504391389030422	0.10162656182985834	0.17589143444732616	0.189235066532496	0.07873334453145438	0.1316383572519728	0.18755860547561928	0.0878906314508159	0.14933958813011414	0.17807438629601668	0.0837494958209359	0.11960949983300345	0.18346329911662437	0.05528222955342868	0.08673031891600769	0.2750198550260632	0.03000000000000002	0.20914245741983728	0.19484420289875162	0.18895300103575757	-y	+x	False	False	False	False	rh3	handbox_surface
box023_p2	box023	box023_person2	known_guard	34	76	left	True	0.1163442393083229	0.10431807896172719	0.1766	-0.10055916964711252	0.0178809847726666	0.27502930652268537	-0.10637755492788833	0.07654579190897126	0.3291087554509487	-0.10274106412740343	0.039880287448780825	0.2953090998707842	-0.09910457332691852	0.0032147829885904016	0.26150944429061956	-0.10055916964711252	0.0178809847726666	0.27502930652268537	-0.08586286140354969	0.004415359289612272	0.250663198498013	-0.08556228491629303	-0.033708102031141135	0.22905475300533512	0.25737608581358534	0.030000000000000058	0.20268494425333083	0.212251831686253	0.17284219131114006	+z	+z	True	True	False	False	lh3	handbox_surface
box023_p2	box023	box023_person2	known_guard	34	76	right	True	0.08870417201579865	-0.1568	0.1761166838324381	0.1889695036320195	0.08572040532522908	0.14889737935671968	0.1836626807112075	0.12011232921520065	0.22093232366594756	0.18697944503671496	0.0986173767839685	0.17591048347268012	0.19029620936222252	0.07712242435273621	0.13088864327941271	0.1889695036320195	0.08572040532522908	0.14889737935671968	0.17903759416708562	0.08265726669691115	0.11918287239412874	0.18363608141325136	0.05520882779203939	0.08533167914133216	0.2736715333554583	0.03000000000000006	0.2090100737800074	0.19663747110809843	0.19029861006320067	-y	+x	False	False	False	False	rh3	handbox_surface
box023_p2	box023	box023_person2	known_guard	35	77	left	True	0.11976200055964505	0.09966273161684094	0.1766	-0.09130040918427135	0.0246052082954458	0.2803766271877137	-0.09768454663696753	0.07333691534942025	0.3434992342044609	-0.09369446072903242	0.04287959844068622	0.3040476048189939	-0.08970437482109732	0.012422281531952201	0.2645959754335269	-0.09130040918427135	0.0246052082954458	0.2803766271877137	-0.07628705816108058	0.015337644453189848	0.2543051232534589	-0.07583238427640965	-0.01859033784753136	0.22657249166952426	0.25501152337352123	0.029999999999999995	0.19337286257645464	0.19211747807786372	0.16123553738646304	+z	+z	True	True	False	False	lh3	handbox_surface
box023_p2	box023	box023_person2	known_guard	35	77	right	True	0.095520647764812	-0.14956271947940591	0.1766	0.1934989271746347	0.0891644019925647	0.14972547366943034	0.19144059776818417	0.11888238168383412	0.22397239254909723	0.19272705364721568	0.10030864437679073	0.17756806824930546	0.1940135095262473	0.08173490706974736	0.13116374394951352	0.1934989271746347	0.0891644019925647	0.14972547366943034	0.18180535218691266	0.08745237507355745	0.1205483107549022	0.18533498533002876	0.06232699298117165	0.08481704947724182	0.2681151263469962	0.030000000000000023	0.20546798082952422	0.1963974946963027	0.18760885524040333	+z	+x	True	False	False	False	rh3	handbox_surface
box023_p2	box023	box023_person2	known_guard	36	78	left	True	0.12189149836475321	0.09565388244429109	0.1766	-0.08304427727356699	0.03709938569611528	0.2790130640284514	-0.09404214240221506	0.08200461558069798	0.34430140365831824	-0.08716847669680995	0.053938846902833765	0.30349619138965145	-0.08029481099140494	0.025873078224969558	0.2626909791209846	-0.08304427727356699	0.03709938569611528	0.2790130640284514	-0.06614645869476846	0.029322597172580744	0.2536162718403041	-0.06367334444260732	-0.0028883331766462127	0.22400625262648538	0.24809042857830185	0.029999999999999957	0.18056522073931525	0.17066499657152148	0.142911574581374	+z	+z	True	True	False	False	lh3	handbox_surface
box023_p2	box023	box023_person2	known_guard	36	78	right	True	0.09593111188042917	-0.14560058107127435	0.1766	0.19370531671481808	0.08659038599701571	0.15560554750232536	0.19173316805068572	0.11999681255157627	0.22826999062618963	0.19296576096576848	0.09911779595497593	0.1828547136737744	0.19419835388085124	0.07823877935837559	0.1374394367213592	0.19370531671481808	0.08659038599701571	0.15560554750232536	0.18220804899377174	0.08369303945002118	0.126444001146842	0.1854494363919925	0.056751998273918844	0.09203266760703244	0.2633285564093226	0.02999999999999993	0.19757637174056952	0.1840843515641608	0.1769739109232708	+z	+x	True	False	False	False	rh3	handbox_surface
box023_p2	box023	box023_person2	known_guard	37	79	left	True	0.11758701384615496	0.09104220124198151	0.1766	-0.07625476725722546	0.033375697181454576	0.2770843893409337	-0.08868123490081	0.07910577222626713	0.3415385834503845	-0.08091469262356961	0.05052447532325933	0.30125471213197774	-0.07314815034632925	0.021943178420251393	0.260970840813571	-0.07625476725722546	0.033375697181454576	0.2770843893409337	-0.058548916280220825	0.0249294030005198	0.2524637735545867	-0.05575212992562218	-0.007582101053058715	0.2232132409753228	0.23787267779575613	0.03000000000000001	0.16971121180777465	0.15804303400591121	0.12986067612894425	+z	+z	True	True	False	False	lh3	handbox_surface
box023_p2	box023	box023_person2	known_guard	37	79	right	True	0.08915463306329437	-0.15225197968401816	0.1766	0.19542457318302392	0.07984670155283607	0.1564130351437633	0.19517992873427858	0.11810669307447254	0.22667051302233515	0.1953328315147444	0.09419419837344979	0.18275958934822775	0.19548573429521024	0.07028170367242692	0.1388486656741203	0.19542457318302392	0.07984670155283607	0.1564130351437633	0.18338037728846737	0.0751581680817546	0.12770880954804484	0.18565144328195524	0.04591109797777242	0.0951524381671342	0.2684165960712331	0.030000000000000037	0.1995049229188932	0.18087370299616373	0.1733971010921234	+z	+x	True	False	False	False	rh3	handbox_surface
box023_p2	box023	box023_person2	known_guard	38	80	left	True	0.11747228457154213	0.0955509794252841	0.1766	-0.07734046184734936	0.03885059157007381	0.2794948760203254	-0.08702113287467746	0.08223737521916959	0.3460070674820958	-0.08097071348259736	0.05512063543848469	0.3044369478184893	-0.0749202940905173	0.028003895657799878	0.2628668281548829	-0.07734046184734936	0.03885059157007381	0.2794948760203254	-0.06065897284437704	0.03126212339732596	0.2538988833389582	-0.05915138877332558	-0.0001712818602732447	0.22340164100313467	0.23949221577987312	0.02999999999999995	0.17140342926348806	0.16047182262108517	0.13246437168567046	+z	+z	True	True	False	False	lh3	handbox_surface
box023_p2	box023	box023_person2	known_guard	38	80	right	True	0.09170848302749542	-0.14910310998953805	0.1766	0.19660875797803118	0.07694547435925977	0.16370688783714535	0.19714870884941008	0.12011430821665897	0.23105791037169018	0.1968112395547983	0.09313378705578446	0.1889635212875997	0.19647377026018653	0.06615326589490994	0.14686913220350922	0.19660875797803118	0.07694547435925977	0.16370688783714535	0.18419950646572222	0.0701845492768681	0.13557722490208082	0.18615489588169307	0.03869905777845864	0.10515837473904385	0.26434477558373015	0.030000000000000023	0.19123639291737776	0.1668688174445996	0.1576842790522484	+z	+x	True	False	False	False	rh3	handbox_surface
box023_p2	box023	box023_person2	known_guard	39	81	left	True	0.11874340861538579	0.09958533017953485	0.1766	-0.08663905782185786	0.038639689495799844	0.28403824098018043	-0.08890423613271142	0.07957431437834907	0.3527348599140481	-0.08748849968842796	0.05399017382675576	0.3097994730803808	-0.08607276324414447	0.02840603327516245	0.2668640862467135	-0.08663905782185786	0.038639689495799844	0.28403824098018043	-0.07279004215968052	0.0319070661407886	0.2565812143047004	-0.07478346273938345	0.0016246847691014838	0.22496765362638046	0.24970506185169355	0.029999999999999985	0.18486966987873837	0.1798522168056865	0.15125603186581518	+z	+z	True	True	False	False	lh3	handbox_surface
box023_p2	box023	box023_person2	known_guard	39	81	right	True	0.08808750982396917	-0.1568	0.1766	0.19960545909933555	0.07202372880031477	0.16489790902484328	0.20182910036382168	0.11721987875032294	0.2308703536454822	0.2004393245735178	0.08897228503156786	0.18963757575758292	0.19904954878321404	0.06072469131281279	0.14840479786968366	0.19960545909933555	0.07202372880031477	0.16489790902484328	0.18625315228771028	0.06414999796847425	0.13749904347347885	0.18771431472464267	0.031803737149367475	0.1079685408827505	0.27054930188191173	0.030000000000000093	0.1958140249129346	0.16917381496368805	0.15790886902566112	-y	+x	False	False	False	False	rh3	handbox_surface
box023_p2	box023	box023_person2	known_guard	40	82	left	True	0.12120725623566903	0.1006239683039189	0.1766	-0.09602003806159962	0.03648022732721347	0.2877960991842665	-0.09123983751375024	0.07691682478361207	0.3566585074261478	-0.0942274628561561	0.05164395137336296	0.31361950227497193	-0.0972150881985619	0.026371077963113845	0.27058049712379606	-0.09602003806159962	0.03648022732721347	0.2877960991842665	-0.08538705905962106	0.030355751347526657	0.2588057159955705	-0.09024356757328952	0.00021147135512342543	0.22737085835781493	0.25997212206767895	0.029999999999999947	0.19910669624027627	0.2025896763641769	0.17263363116609154	+z	+z	True	True	False	False	lh3	handbox_surface
box023_p2	box023	box023_person2	known_guard	40	82	right	True	0.08866583772803882	-0.1568	0.1752296346955778	0.20119148404502815	0.07768900974084261	0.15698061500733085	0.20389554649957162	0.12262797049485219	0.22311062220974628	0.20220550746548197	0.09454112002359621	0.1817793677082367	0.2005154684313923	0.06645426955234014	0.14044811320672693	0.20119148404502815	0.07768900974084261	0.15698061500733085	0.18729111533018397	0.06950231127925213	0.1299484991856609	0.18893612045215724	0.03735976624204076	0.10020598879085198	0.2758740912469682	0.030000000000000054	0.20211616964983603	0.17672078096191418	0.16490769823997542	-y	+x	False	False	False	False	rh3	handbox_surface
box023_p2	box023	box023_person2	known_guard	41	83	left	True	0.11990381628357333	0.10714173145768566	0.1766	-0.10633831385619276	0.0321755204911381	0.29197247546326055	-0.09887602986256251	0.07303693058842457	0.36034395696293103	-0.10353995735858139	0.04749854927762048	0.317611781025637	-0.1082038848546003	0.02196016796681651	0.27487960508834286	-0.10633831385619276	0.0321755204911381	0.29197247546326055	-0.09910732765698108	0.02796013673601938	0.2616252326841613	-0.10304138832162418	-0.002668015853900164	0.23053097273919373	0.27086666747319266	0.029999999999999968	0.2125793267826162	0.22713589418474012	0.19855090875337064	+z	+z	True	True	False	False	lh3	handbox_surface
box023_p2	box023	box023_person2	known_guard	41	83	right	True	0.101919667030558	-0.15580089826193322	0.1766	0.1954966207469104	0.0996402602211788	0.1675394620320272	0.19121798076918156	0.1466763640350539	0.232109564850215	0.1938921307552621	0.11727879915138198	0.19175325058884765	0.1965662807413427	0.08788123426770994	0.1513969363274803	0.1954966207469104	0.0996402602211788	0.1675394620320272	0.1834359734498776	0.08914138546921983	0.14042319415414523	0.18948700320501063	0.05644293710039769	0.11188089780154316	0.2885499544729616	0.030000000000000037	0.21262931599422435	0.18419681826922185	0.17106466022191313	+z	+x	True	False	False	False	rh3	handbox_surface
box023_p2	box023	box023_person2	known_guard	42	84	left	True	0.12459225119121886	0.1042932705533735	0.1766	-0.14008972797493732	0.04395764937272066	0.294574257132743	-0.11311571480342257	0.08454669929846971	0.35801660607686714	-0.12997447303561926	0.05917854309487653	0.31836513798678956	-0.146833231267816	0.03381038689128346	0.278713669896712	-0.14008972797493732	0.04395764937272066	0.294574257132743	-0.14302028869074035	0.040577213534687316	0.2634134446698813	-0.11985921809630125	0.07439943681703251	0.3421560188408361	0.2948506572243837	0.030000000000000034	0.24844066579006663	0.269825640209846	0.24491958020984603	+z	+z	True	True	False	False	lh	handbox_surface
box023_p2	box023	box023_person2	known_guard	42	84	right	True	0.0979691043224615	-0.15483983165830303	0.1766	0.19365842920480889	0.09245299973700113	0.17464788302985484	0.18760584060281124	0.1416547397233891	0.23743765093456082	0.1913887084790598	0.11090365223189658	0.19819404599411958	0.1951715763553082	0.08015256474040412	0.1589504410536784	0.19365842920480889	0.09245299973700113	0.17464788302985484	0.18219028116222144	0.08079652980259262	0.1477483317873651	0.18922516524282218	0.04722233370039863	0.12047655278470867	0.28251216698272036	0.029999999999999975	0.20491420883407652	0.1753835482773476	0.1606237729418558	+z	+x	True	False	False	False	rh3	handbox_surface
box023_p2	box023	box023_person2	known_guard	43	85	left	True	0.12578247947189658	0.09487442998909044	0.1766	-0.1680901684881588	0.09841626436343043	0.2249866092024337	-0.13481066087969792	0.1222039351600391	0.29373703532046275	-0.155610353134986	0.10733664091215868	0.2507680189966946	-0.17641004539027402	0.09246934666427827	0.2077990026729265	-0.1680901684881588	0.09841626436343043	0.2249866092024337	-0.1732688573251607	0.10244785876924009	0.19419798801884938	-0.14313053778181312	0.11625701746088694	0.27654942879095556	0.2912698542340249	0.029999999999999992	0.25380830185522935	0.2554189347184377	0.22834094748867517	+z	+z	True	True	False	False	lh	handbox_surface
box023_p2	box023	box023_person2	known_guard	43	85	right	True	0.09058168511012857	-0.1568	0.1766	0.19339811290961542	0.08512323953584987	0.1708961353532568	0.18734564762716394	0.1362094530386346	0.2321624919770402	0.19112843842869617	0.10428056959939414	0.19387101908717555	0.19491122923022838	0.07235168616015367	0.15557954619731088	0.19339811290961542	0.08512323953584987	0.1708961353532568	0.1819972214167883	0.07275230378427669	0.14428867042882185	0.18894542528902486	0.03833482488065373	0.11806605086527895	0.2803051935401101	0.029999999999999964	0.202659867261147	0.17366062224970838	0.15818188260145047	-y	+x	False	False	False	False	rh3	handbox_surface
box023_p2	box023	box023_person2	known_guard	44	86	left	True	0.12173956167891192	0.10060298552776899	0.1766	-0.1709313905559103	0.09351499626950152	0.21897028805297553	-0.13935443986947038	0.11816431488703982	0.2882184452633825	-0.15909003404849534	0.10275849075107842	0.2449383470068781	-0.1788256282275203	0.0873526666151169	0.20165824875037383	-0.1709313905559103	0.09351499626950152	0.21897028805297553	-0.17616434885033266	0.0976680298786415	0.18820699458104878	-0.14724867754108034	0.11200198523265519	0.2709064059607807	0.28903293533924324	0.030000000000000023	0.25189885750895485	0.25250290145055515	0.2252629197234911	+z	+z	True	True	False	False	lh	handbox_surface
box023_p2	box023	box023_person2	known_guard	44	86	right	True	0.09002516987014596	-0.1568	0.1766	0.19079759745152383	0.07322660476725155	0.18975708722743678	0.18224945872139603	0.1275575135411504	0.24785254037183344	0.18759204542772595	0.09360069555746357	0.21154288215658554	0.19293463213405582	0.05964387757377686	0.1752332239413377	0.19079759745152383	0.07322660476725155	0.18975708722743678	0.1801463206594623	0.0589234214752318	0.16381586870710557	0.18859937189503273	0.02330195187087877	0.13973012612065477	0.27099964678046884	0.03000000000000001	0.1896668054600255	0.15924104577069978	0.14089029432246591	-y	+x	False	False	False	False	rh3	handbox_surface
box023_p2	box023	box023_person2	known_guard	45	87	left	True	0.11974315169405239	0.09905431526514391	0.1766	-0.1685348625727229	0.0808704232705161	0.2274482409154616	-0.13360607331188118	0.1065663582291823	0.2946769446614934	-0.15543656659990726	0.09050639888001596	0.2526590048202236	-0.17726705988793334	0.0744464395308495	0.21064106497895368	-0.1685348625727229	0.0808704232705161	0.2274482409154616	-0.17619349437775625	0.08506172802385499	0.19720274390765447	-0.1423382706270916	0.1001423744895157	0.2778697687249854	0.28562548284267797	0.030000000000000075	0.24996567709828366	0.24692853810490117	0.22067053615761575	+z	+z	True	True	False	False	lh	handbox_surface
box023_p2	box023	box023_person2	known_guard	45	87	right	True	0.09233301788948305	-0.15621938016331174	0.1766	0.19248004051114737	0.07177825596964148	0.18874135657625715	0.18455970088326193	0.12588544970054702	0.24713382018882632	0.1895099131506903	0.09206845361873109	0.21063853043097064	0.1944601254181188	0.05825145753691519	0.17414324067311487	0.19248004051114737	0.07177825596964148	0.18874135657625715	0.18128410375376666	0.057164350718113786	0.163205845198376	0.18983977125744078	0.02177879531633422	0.13881057536219737	0.2687914041235082	0.030000000000000086	0.18755782871206927	0.15827330820160093	0.13927645286446494	+z	+x	True	False	False	False	rh3	handbox_surface
box023_p2	box023	box023_person2	known_guard	46	88	left	True	0.11595446299594621	0.08663853892562778	0.1766	-0.16614352221803697	0.08494055871025565	0.22499071374001037	-0.12681210165101978	0.10510556084049735	0.2916721357799442	-0.1513942395054055	0.09250243450909629	0.24999624700498557	-0.17597637735979127	0.07989930817769522	0.2083203582300269	-0.16614352221803697	0.08494055871025565	0.22499071374001037	-0.1751329724674307	0.09126243160727078	0.19549095995803178	-0.13664495679277408	0.10006431030793693	0.27500178026996075	0.277302583967382	0.03000000000000004	0.24372642698286817	0.23550740197279044	0.2112443808460979	+z	+z	True	True	False	False	lh	handbox_surface
box023_p2	box023	box023_person2	known_guard	46	88	right	True	0.08940142928873247	-0.1568	0.1766	0.19807530383978325	0.06937232812856806	0.17399074539764942	0.19442543122559483	0.12050788783789153	0.23540599564638187	0.1967066016094626	0.08854816301956428	0.19702146424092404	0.19898777199333037	0.056588438201237136	0.1586369328354663	0.19807530383978325	0.06937232812856806	0.17399074539764942	0.18506904930295878	0.056028510803416906	0.148618369670845	0.19179853239932196	0.021906725617952927	0.12195596166034038	0.2685649964265626	0.02999999999999996	0.19055449246956563	0.16492454418516816	0.1464595740176551	-y	+x	False	False	False	False	rh3	handbox_surface
box023_p2	box023	box023_person2	known_guard	47	89	left	True	0.11875381272072172	0.09089781678424122	0.1766	-0.16325310604544485	0.08562499150004768	0.2290722347569058	-0.1202808821646721	0.09923661749723191	0.2951639257055684	-0.14713852209015504	0.09072935124899174	0.25385661886265426	-0.17399616201563803	0.08222208500075158	0.21254931201974012	-0.16325310604544485	0.08562499150004768	0.2290722347569058	-0.1736603488298287	0.09470811611291963	0.20078446512401268	-0.13102393813486526	0.09583371099793579	0.2786410029684027	0.27688869108344855	0.030000000000000013	0.24507654780549903	0.23223031557996657	0.2110319953119053	+z	+z	True	True	False	False	lh	handbox_surface
box023_p2	box023	box023_person2	known_guard	47	89	right	True	0.08889454085661662	-0.1568	0.1766	0.20272179508575353	0.05998397310281086	0.17460877999177446	0.2021950283744482	0.1091189729084199	0.23773939309615252	0.20252425756901407	0.07840959802991425	0.19828275990591626	0.20285348676357987	0.04770022315140859	0.15882612671568	0.20272179508575353	0.05998397310281086	0.17460877999177446	0.18816765414883488	0.04681600370876539	0.14999660553416932	0.19401284021244813	0.013806079925148871	0.12177170695884462	0.2621171676992393	0.030000000000000047	0.18478265096196772	0.1631698367463566	0.1433681415777943	-y	+x	False	False	False	False	rh3	handbox_surface
box023_p2	box023	box023_person2	known_guard	48	90	left	True	0.12207843795601657	0.09311056407746927	0.1766	-0.162113149065031	0.09137341805587804	0.2288440578822159	-0.11575190083953275	0.10038537225712486	0.2934150989490004	-0.14472768098046918	0.09475290088134564	0.25305819828226006	-0.17370346112140558	0.08912042950556641	0.21270129761551979	-0.162113149065031	0.09137341805587804	0.2288440578822159	-0.1740120118600952	0.10243206750999109	0.20187861513886415	-0.12734221289590733	0.09813238370681314	0.2772723386823043	0.2775501008046961	0.029999999999999978	0.2480036185774807	0.2283182040839368	0.211195827034556	+z	+z	True	True	False	False	lh	handbox_surface
box023_p2	box023	box023_person2	known_guard	48	90	right	True	0.08999095547456883	-0.1568	0.1766	0.20588000596795858	0.05766852006380917	0.16929109018812832	0.2073839087051816	0.10684887386123018	0.23237065167136525	0.20644396949441723	0.07611115273784208	0.19294592574434216	0.20550403028365286	0.04537343161445386	0.1535211998173191	0.20588000596795858	0.05766852006380917	0.16929109018812832	0.19012777503966852	0.043108390965799555	0.1462509636837683	0.19602098953388558	0.01063740124166736	0.11741745856964367	0.2609139682585372	0.03000000000000001	0.18398717469230108	0.16769708203531947	0.14646649622121455	-y	+x	False	False	False	False	rh3	handbox_surface
box023_p2	box023	box023_person2	known_guard	49	91	left	True	0.12289479821077294	0.0866015238891941	0.1766	-0.16239586277732662	0.09325708830429254	0.224755364287124	-0.11438409609164693	0.10001366890180165	0.28838883722668013	-0.14439145027019673	0.09579080602835839	0.2486179166394575	-0.17439880444874656	0.09156794315491523	0.20884699605223497	-0.16239586277732662	0.09325708830429254	0.224755364287124	-0.1745142867842569	0.10501164882936725	0.198184969627648	-0.12638703776306687	0.09832452375242436	0.27248046899179107	0.2769710487584427	0.029999999999999968	0.24907861885630012	0.22479501102522303	0.21106500557747512	+z	+z	True	True	False	False	lh	handbox_surface
box023_p2	box023	box023_person2	known_guard	49	91	right	True	0.09356541958724099	-0.1568	0.1766	0.20655900733189594	0.06697140478529734	0.1583625762034248	0.21161130607008463	0.11447489095680448	0.2225333879406433	0.20845361935871667	0.08478521209961253	0.18242663060488173	0.20529593264734877	0.055095533242420586	0.14231987326912018	0.20655900733189594	0.06697140478529734	0.1583625762034248	0.18960581020125056	0.05336428177339938	0.13559389424125684	0.19363580473666328	0.021517340236115342	0.10576106623801251	0.26757552723698597	0.030000000000000023	0.19198874280728406	0.17434871402133112	0.15411626066617554	-y	+x	False	False	False	False	rh3	handbox_surface
box023_p2	box023	box023_person2	known_guard	50	92	left	True	0.12051001271296442	0.0838876248109119	0.1766	-0.16111921843867652	0.08780516960489078	0.22636642301901083	-0.112077497026178	0.09428906197553628	0.28923826648351225	-0.14272857290898958	0.09023662924388283	0.24994336431819886	-0.17337964879180112	0.08618419651222936	0.2106484621528855	-0.16111921843867652	0.08780516960489078	0.22636642301901083	-0.17344136289919218	0.09954633601005389	0.19988394705375878	-0.12433792737930262	0.09266808888287488	0.27352030561738694	0.27333882253907643	0.029999999999999995	0.24586433572828853	0.22098841864909738	0.20826365190313104	+z	+z	True	True	False	False	lh	handbox_surface
box023_p2	box023	box023_person2	known_guard	50	92	right	True	0.09456735439256185	-0.1568	0.1766	0.21087499589421077	0.06646149132123982	0.15674965854285156	0.2171376124246547	0.1142800460978498	0.22057884820768256	0.21322347709312725	0.08439344936246859	0.18068560466716319	0.20930934176159988	0.05450685262708728	0.1407923611266438	0.21087499589421077	0.06646149132123982	0.15674965854285156	0.19335902290130208	0.05185961455047143	0.1350481965462765	0.19736832481782515	0.020251791442896572	0.10495937496004239	0.26883126238440663	0.030000000000000037	0.1931018235930096	0.1786804544770567	0.1574642800172545	-y	+x	False	False	False	False	rh3	handbox_surface
box023_p2	box023	box023_person2	known_guard	51	93	left	True	0.11862029655182746	0.0917232330912337	0.1766	-0.16136243405623849	0.08454914702814945	0.22532989278861773	-0.1126296270294884	0.09091522558359018	0.2884534744607591	-0.1430876314212072	0.08693642648643973	0.24900123591567072	-0.17354563581292598	0.08295762738928929	0.20954899737058238	-0.16136243405623849	0.08454914702814945	0.22532989278861773	-0.17321628669756053	0.09613879433604494	0.1985683902383849	-0.1248128287861759	0.08932370594473002	0.2726725790427237	0.2715803601947818	0.03	0.24414860921924192	0.22029063647680674	0.20854189100551077	+z	+z	True	True	False	False	lh	handbox_surface
box023_p2	box023	box023_person2	known_guard	51	93	right	True	0.09641125298457554	-0.1568	0.1766	0.20859692813977584	0.06633104743492703	0.15958322513524367	0.21656632327750036	0.11363965125023004	0.22360185325382737	0.21158545131642256	0.0840717738656656	0.18359021067971254	0.2066045793553447	0.054503896481101266	0.14357856810559774	0.20859692813977584	0.06633104743492703	0.15958322513524367	0.1906472175496463	0.052913698959087596	0.1374753030819551	0.1932372504403747	0.021106893885637648	0.10744057237648177	0.26708270339339224	0.029999999999999964	0.19058744940064404	0.1716872307028316	0.1513082937560564	-y	+x	False	False	False	False	rh3	handbox_surface
box023_p2	box023	box023_person2	known_guard	52	94	left	True	0.11843824820541038	0.09433355342450453	0.1766	-0.1641806084093995	0.0873033102171371	0.21678748159059488	-0.11764301161303949	0.09444796386829332	0.2814651903365334	-0.1467290096107645	0.08998255533632069	0.2410416223703218	-0.1758150076084895	0.08551714680434803	0.20061805440411026	-0.1641806084093995	0.0873033102171371	0.21678748159059488	-0.17434865471919664	0.09806423099086391	0.18900573966801024	-0.12927741081212948	0.09266180045550426	0.26529576315004877	0.2729200038396458	0.03000000000000001	0.24536346172153917	0.2228956752469895	0.21206229126779616	+z	+z	True	True	False	False	lh	handbox_surface
box023_p2	box023	box023_person2	known_guard	52	94	right	True	0.09523034625971165	-0.1568	0.1766	0.2115920859631074	0.06941928045663644	0.1596364195464363	0.21891453870723937	0.11774814989518602	0.22296652348288645	0.21433800574215692	0.08754260649609252	0.1833852085226051	0.20976147277707444	0.05733706309699903	0.1438038935623237	0.2115920859631074	0.06941928045663644	0.1596364195464363	0.19376200354108475	0.05502745912560117	0.13805074819933105	0.1970429327935965	0.023008611814406676	0.10831028606424935	0.27191171904017974	0.02999999999999999	0.1950462106024406	0.1777828530781352	0.15662459583955068	-y	+x	False	False	False	False	rh3	handbox_surface
box023_p2	box023	box023_person2	known_guard	53	95	left	True	0.11910111396057489	0.09815252219319048	0.1766	-0.1647665004101318	0.08653290358752377	0.2127812569121099	-0.11874945328727499	0.0981735098798212	0.2771779001417108	-0.1475101077390605	0.09089813094713534	0.23692999812321022	-0.17627076219084603	0.08362275201444948	0.19668209610470969	-0.1647665004101318	0.08653290358752377	0.2127812569121099	-0.1743719323280914	0.09507281026643918	0.18404421744221044	-0.1302537150679892	0.0952633583067469	0.2610787393343106	0.273448127442975	0.03	0.24641010446105943	0.22353917355587008	0.2148742006776825	+z	+z	True	True	False	False	lh	handbox_surface
box023_p2	box023	box023_person2	known_guard	53	95	right	True	0.09258700891300899	-0.1568	0.1766	0.2115509727108471	0.07106510997068342	0.15558474103394593	0.2188735527253343	0.1235290239389197	0.2155340325482328	0.2142969402162798	0.09073907770877207	0.17806572535180354	0.2097203277072253	0.05794913147862435	0.14059741815537427	0.2115509727108471	0.07106510997068342	0.15558474103394593	0.19365475735655283	0.05464331125212771	0.13555906824260727	0.19731941503192962	0.020977913643739625	0.1077440101643424	0.2758460634512723	0.030000000000000082	0.19725207732605604	0.1804652815516059	0.15844468380634213	-y	+x	False	False	False	False	rh3	handbox_surface
box023_p2	box023	box023_person2	known_guard	54	96	left	True	0.1192276583465822	0.09978789027355714	0.1766	-0.16197625360573725	0.07505210743994185	0.21863885641813985	-0.11517705376824838	0.09352243256883357	0.28083758618172755	-0.14442655366667895	0.08197847936327621	0.24196338007948523	-0.1736760535651095	0.07043452615771886	0.20308917397724288	-0.16197625360573725	0.07505210743994185	0.21863885641813985	-0.172187067843092	0.08066467096100136	0.1893941958928062	-0.1268768537276206	0.08890485128661058	0.2652879037408306	0.2722188275720842	0.029999999999999968	0.2455602828097187	0.22265943537840796	0.21564251032803108	+z	+z	True	True	False	False	lh	handbox_surface
box023_p2	box023	box023_person2	known_guard	54	96	right	True	0.09328729289333582	-0.1568	0.1766	0.21106447895620448	0.07128311425242652	0.15732301480439811	0.2194571702462919	0.1287033432495748	0.2123909731361208	0.21421173818998726	0.09281570012635716	0.1779734991787941	0.20896630613368264	0.0569280570031394	0.1435560252214674	0.21106447895620448	0.07128311425242652	0.15732301480439811	0.1928508880536853	0.05364646664995214	0.13866312906820968	0.19573881430855936	0.017519555928341774	0.11402631978687205	0.27736727586337295	0.03000000000000002	0.19526153535310387	0.1736137317850799	0.15144054827031703	-y	+x	False	False	False	False	rh3	handbox_surface
box023_p2	box023	box023_person2	known_guard	55	97	left	True	0.11896824076436359	0.09590228924146162	0.1766	-0.16187758376816916	0.07549041282392759	0.2199838664463453	-0.1150049473437865	0.0954047242548708	0.2816797022447121	-0.14430034510902567	0.0829582796105313	0.24311980487073287	-0.17359574287426488	0.07051183496619179	0.20455990749675357	-0.16187758376816916	0.07549041282392759	0.2199838664463453	-0.17248266280730626	0.08071235599773427	0.19080724268736846	-0.12672310644988216	0.09042614639713499	0.2662557432951205	0.2718506577758092	0.03000000000000001	0.24499172211781678	0.2217641613674775	0.21342810938418474	+z	+z	True	True	False	False	lh	handbox_surface
box023_p2	box023	box023_person2	known_guard	55	97	right	True	0.0936626966823928	-0.1568	0.1766	0.21102136319385661	0.07461569474209714	0.16107448267699004	0.21805488625223815	0.1342079110727455	0.21398286864923857	0.21365893434074967	0.09696277586609028	0.18091512741658328	0.2092629824292612	0.059717640659435085	0.1478473861839279	0.21102136319385661	0.07461569474209714	0.16107448267699004	0.193202227883453	0.0554804318631077	0.14354457397080178	0.1972128604767539	0.01872870586056715	0.12001392098492969	0.280737001109661	0.030000000000000037	0.19712350673851742	0.17689757786507637	0.15429985734447804	-y	+x	False	False	False	False	rh3	handbox_surface
box023_p2	box023	box023_person2	known_guard	56	98	left	True	0.11902969035515881	0.09356016888547442	0.1766	-0.16209170551157553	0.08244923837238315	0.2201718805502067	-0.11452616172873957	0.10114740755712334	0.2817177781696416	-0.14425462659301205	0.08946105181666075	0.24325159215749476	-0.17398309145728452	0.07777469607619814	0.20478540614534796	-0.16209170551157553	0.08244923837238315	0.2201718805502067	-0.17309492237835383	0.08830035223190787	0.19126331000278557	-0.12641754767444854	0.09647286526093836	0.26633130376478287	0.27162081851128	0.030000000000000016	0.2447882096978391	0.2205866953482252	0.21140902087689595	+z	+z	True	True	False	False	lh	handbox_surface
box023_p2	box023	box023_person2	known_guard	56	98	right	True	0.09729043461587371	-0.1568	0.1766	0.21000718822244135	0.07712055149962857	0.16646799890063585	0.21653867197866478	0.13857448791325794	0.21726911521919515	0.21245649463102514	0.10016577765473957	0.1855184175200956	0.20837431728338554	0.06175706739622121	0.15376771982099602	0.21000718822244135	0.07712055149962857	0.16646799890063585	0.19235408339439336	0.056727151856631554	0.1502367109407493	0.19701222625240936	0.01945639654649489	0.12766108976143212	0.2817342194980604	0.030000000000000002	0.19622780857469868	0.17655374138883007	0.15393537775426142	-y	+x	False	False	False	False	rh3	handbox_surface
box023_p2	box023	box023_person2	known_guard	57	99	left	True	0.11824530828766486	0.09999210131057665	0.1766	-0.16125697703451897	0.07203558150029066	0.22578986209351862	-0.1162373875323046	0.09593979767950005	0.28744880313137416	-0.14437463097118858	0.08099966256749425	0.24891196498271445	-0.17251187441007257	0.06605952745548833	0.21037512683405474	-0.16125697703451897	0.07203558150029066	0.22578986209351862	-0.17160116482742307	0.0758327481599896	0.19630103251055103	-0.1274922849078582	0.08996374363469772	0.27203406787191026	0.27305487636260034	0.030000000000000054	0.24467256073719013	0.22560404874612022	0.21415600453644967	+z	+z	True	True	False	False	lh	handbox_surface
box023_p2	box023	box023_person2	known_guard	57	99	right	True	0.1023731838131068	-0.15194679923281923	0.1766	0.20829344535348907	0.08201186193308563	0.1735492528695878	0.21258622855134082	0.14505169981710017	0.22261605276496918	0.2099032390526835	0.10565180113959104	0.19194930283035583	0.20722024955402615	0.06625190246208199	0.16128255289574245	0.20829344535348907	0.08201186193308563	0.1735492528695878	0.19140564388699371	0.0617031638621646	0.15642218329542532	0.1966075717257003	0.02345522359435472	0.1356736609399241	0.27956278863795364	0.02999999999999995	0.1925658772408289	0.16846418463763016	0.14633266837049774	+z	+x	True	False	False	False	rh3	handbox_surface
box023_p2	box023	box023_person2	known_guard	58	100	left	True	0.122428284592965	0.09532232614449825	0.1766	-0.1623405722245247	0.07929222270375087	0.22434906944028363	-0.11798148477812938	0.10216204830530148	0.2868730043602623	-0.14570591443212652	0.08786840730433237	0.24779554503527562	-0.17343034408612357	0.07357476630336315	0.208718085710289	-0.1623405722245247	0.07929222270375087	0.22434906944028363	-0.17229321557035024	0.08352446104396537	0.1947848205072883	-0.1290712566397282	0.09644459190491378	0.2712420206302676	0.2775253415920303	0.029999999999999995	0.24839044212676792	0.23034455368005968	0.21684009296258075	+z	+z	True	True	False	False	lh	handbox_surface
box023_p2	box023	box023_person2	known_guard	58	100	right	True	0.09919900199498295	-0.1568	0.1766	0.20753749178597442	0.08478152264856728	0.1660586526238907	0.21171600905100602	0.14712531520810457	0.21601655012527915	0.20910443576036125	0.10816044485839382	0.18479286418691138	0.2064928624697165	0.06919557450868305	0.15356917824854355	0.20753749178597442	0.08478152264856728	0.1660586526238907	0.1906528922275733	0.06410473263087345	0.14937458177105514	0.19633937520962597	0.026439703710044143	0.12770719439754555	0.28696753254383867	0.0300000000000001	0.20122975728131548	0.1793751557403927	0.15694354348505132	-y	+x	False	False	False	False	rh3	handbox_surface
box023_p2	box023	box023_person2	known_guard	59	101	left	True	0.12512272144016548	0.095153834283788	0.1766	-0.16408824743635722	0.08151039011782911	0.22604568232935557	-0.12302779522499145	0.11181340590027013	0.28765547455987095	-0.14869057785709505	0.09287402103624444	0.24914935441579883	-0.17435336048919864	0.07393463617221875	0.21064323427172668	-0.16408824743635722	0.08151039011782911	0.22604568232935557	-0.17334126500203934	0.0827939722010224	0.1959833163400562	-0.13329290827783288	0.10423765195465988	0.27225302650224215	0.2832707701946038	0.029999999999999964	0.25215082296088637	0.23848304325042016	0.22059110694568343	+z	+z	True	True	False	False	lh	handbox_surface
box023_p2	box023	box023_person2	known_guard	59	101	right	True	0.09623971724830935	-0.1568	0.1766	0.2063071189641265	0.09042309210653879	0.16373309480072495	0.20779854764264843	0.15478240250480974	0.21122682918280827	0.20686640471857223	0.11455783350589033	0.18154324519400616	0.20593426179449603	0.07433326450697103	0.15185966120520408	0.2063071189641265	0.09042309210653879	0.16373309480072495	0.19036932861372316	0.06929814689712227	0.14668313595762092	0.1970099489244389	0.03066086114782667	0.12709925279513276	0.2930832193400055	0.0299999999999999	0.20703611308243447	0.1834816391515647	0.16127734997957982	-y	+x	False	False	False	False	rh3	handbox_surface
box023_p2	box023	box023_person2	known_guard	60	102	left	True	0.13288033506917973	0.08556733790071033	0.1766	-0.1636129056588507	0.09903623844153693	0.22725295068664106	-0.12202315342875042	0.13225164964869512	0.28697756008493075	-0.14801674857256314	0.11149201764422131	0.24964967921099973	-0.17401034371637578	0.0907323856397474	0.21232179833706866	-0.1636129056588507	0.09903623844153693	0.22725295068664106	-0.1735359773361369	0.09915105257350174	0.19737768948088352	-0.13242059148627547	0.12394779684690561	0.2720464077353583	0.2913958068522432	0.030000000000000065	0.2590058467408663	0.24661517231506055	0.22496170969415108	+z	+z	True	True	False	False	lh	handbox_surface
box023_p2	box023	box023_person2	known_guard	60	102	right	True	0.09588750201965689	-0.1568	0.1752020314529261	0.20509942067830964	0.09258482053682776	0.1554077380410087	0.20636629891876104	0.15877408502156842	0.2003229502356865	0.20557450001847888	0.11740579471860554	0.17225094261401286	0.20478270111819677	0.07603750441564265	0.14417893499233925	0.20509942067830964	0.09258482053682776	0.1554077380410087	0.18928969760811104	0.07107416324475875	0.138724757275792	0.19578871921366067	0.03156541081162486	0.12091219521263737	0.2953451613156897	0.030000000000000058	0.20890905809418475	0.18358982840680113	0.1616613219850131	-y	+x	False	False	False	False	rh3	handbox_surface
box023_p2	box023	box023_person2	known_guard	61	103	left	True	0.13228215301232374	0.09405054370493508	0.1766	-0.16705530721426362	0.09266262556382918	0.22595933351328168	-0.12987585459889212	0.13010502857539136	0.2860904798514408	-0.1531130124834993	0.10670352669316496	0.24850851339009133	-0.1763501703681065	0.08330202481093867	0.21092654692874188	-0.16705530721426362	0.09266262556382918	0.22595933351328168	-0.17549247002995724	0.09110867750893105	0.19567053533682946	-0.13917071775273496	0.12074442782250086	0.271057693266901	0.2945867151873308	0.02999999999999999	0.2607213438398916	0.25256876507511766	0.2289135952160283	+z	+z	True	True	False	False	lh	handbox_surface
box023_p2	box023	box023_person2	known_guard	61	103	right	True	0.09448101639576491	-0.1568	0.1766	0.20139631118544069	0.09276905214434804	0.16909647329855962	0.19969818924885588	0.15966668041953666	0.2129350831424309	0.20075951545922135	0.11785566274754379	0.18553595199001138	0.20182084166958686	0.07604464507555081	0.1581368208375918	0.20139631118544069	0.09276905214434804	0.16909647329855962	0.1866837546613679	0.07084954809261465	0.1519484824378842	0.1944626742794382	0.031128394583725686	0.1351501330724054	0.29463656202250493	0.030000000000000023	0.20705905122161528	0.18179614414429657	0.15996826130666877	-y	+x	False	False	False	False	rh3	handbox_surface
box023_p2	box023	box023_person2	known_guard	62	104	left	True	0.13128146128697668	0.09885870864141959	0.1766	-0.1663781247150375	0.09165601968956426	0.2310567308037713	-0.13061205636486906	0.13139040331694982	0.29057115857152216	-0.15296584908372432	0.10655641354983386	0.25337464121667785	-0.1753196418025797	0.08172242378271789	0.21617812386183355	-0.1663781247150375	0.09165601968956426	0.2310567308037713	-0.17394563226717044	0.08884693833335976	0.20062888734925854	-0.13955357345241118	0.12145680741010345	0.2756925516295845	0.2945337563807997	0.03000000000000001	0.2596196320695992	0.25493421981862324	0.23052937216076644	+z	+z	True	True	False	False	lh	handbox_surface
box023_p2	box023	box023_person2	known_guard	62	104	right	True	0.09392737381994053	-0.1568	0.1766	0.20121992170926123	0.09244216729553702	0.16921928674558473	0.19956232283860573	0.1588133831535448	0.21385239185282276	0.20059832213276543	0.11733137324228994	0.18595670116079902	0.20163432142692517	0.07584936333103509	0.1580610104687753	0.20121992170926123	0.09244216729553702	0.16921928674558473	0.18658805746155974	0.07104584867551464	0.1513563735998206	0.1940603056398522	0.031382857448730025	0.13428362332308363	0.2943029882047981	0.03000000000000006	0.2070412553540551	0.18046894036328057	0.15879985732823262	-y	+x	False	False	False	False	rh3	handbox_surface
box023_p2	box023	box023_person2	known_guard	63	105	left	True	0.12960856043048077	0.1026104004526984	0.1766	-0.16666367659598413	0.09201992750918438	0.23320411305313438	-0.1333666033464409	0.1335814940041026	0.2929028660007719	-0.15417727412740542	0.10760551494477873	0.2555911454084984	-0.17498794490836989	0.08162953588545485	0.218279424816225	-0.16666367659598413	0.09201992750918438	0.23320411305313438	-0.17241489535598958	0.08792447302323503	0.2025257411726421	-0.14169087165882674	0.12319110238037308	0.2779781777638625	0.2946166188751943	0.030000000000000027	0.2581499670544212	0.258503310986132	0.23363344425531316	+z	+z	True	True	False	False	lh	handbox_surface
box023_p2	box023	box023_person2	known_guard	63	105	right	True	0.09500535621355306	-0.1568	0.1766	0.20079885188960075	0.09819988112606803	0.1734290415793443	0.19909744879057228	0.16388469166857722	0.2190646733980154	0.20016082572746507	0.12283168507950896	0.19054240351134596	0.2012242026643579	0.08177867849044082	0.16202013362467652	0.20079885188960075	0.09819988112606803	0.1734290415793443	0.18640441446877462	0.07764109467144706	0.1544260407963887	0.19336236766399595	0.03799870927099798	0.13709011466014856	0.2990751455483557	0.030000000000000023	0.21156223289134668	0.18192219174952123	0.16095824910959877	-y	+x	False	False	False	False	rh3	handbox_surface
box023_p2	box023	box023_person2	known_guard	64	106	left	True	0.1287118499306055	0.10094638029136054	0.1766	-0.1616779334753172	0.08590761872139929	0.24195137789428353	-0.12699514217822125	0.1296387088797436	0.2992636430859933	-0.14867188673890622	0.10230677753077848	0.2634434773411747	-0.17034863129959113	0.07497484618181324	0.2276233115963561	-0.1616779334753172	0.08590761872139929	0.24195137789428353	-0.16731661675455212	0.08009727803783188	0.21153005382830872	-0.1356658400024952	0.11870593634015757	0.28493557678806586	0.29066368470467235	0.030000000000000075	0.25449149469878307	0.25615926362269686	0.2335119984669728	+z	+z	True	True	False	False	lh	handbox_surface
box023_p2	box023	box023_person2	known_guard	64	106	right	True	0.09233899836388844	-0.1568	0.1766	0.20397852588221482	0.09288088918243798	0.17288624589031273	0.20528571187867128	0.16032601778234593	0.2158914303790759	0.20446872063088595	0.1181728124074035	0.18901319007359896	0.2036517293831007	0.076019607032461	0.16213494976812196	0.20397852588221482	0.09288088918243798	0.17288624589031273	0.18851940517708857	0.07199134196204321	0.15512054939799821	0.19394722750076476	0.031525628574379405	0.13919789406806504	0.29721576248024667	0.03000000000000008	0.2084661122544227	0.1792824722143519	0.158343358678468	-y	+x	False	False	False	False	rh3	handbox_surface
box023_p2	box023	box023_person2	known_guard	65	107	left	True	0.13378717488097233	0.09764740609353072	0.1766	-0.16243499061947728	0.08848164549354856	0.2365359707751507	-0.1297836409316259	0.1350063770344759	0.2928328509605242	-0.15019073448653295	0.10592841982139635	0.25764730084466575	-0.17059782804144002	0.07685046260831678	0.2224617507288073	-0.16243499061947728	0.08848164549354856	0.2365359707751507	-0.16639054842655646	0.080723931512498	0.20628397576436228	-0.13794647835358875	0.12337519414924412	0.27875863091418085	0.29543306038983835	0.030000000000000058	0.25852235420195313	0.2626866508587527	0.2404486141346326	+z	+z	True	True	False	False	lh	handbox_surface
box023_p2	box023	box023_person2	known_guard	65	107	right	True	0.09842622634635124	-0.1568	0.1766	0.20297581811285115	0.10226897034717734	0.1795356352603651	0.20343694286666225	0.1728279129515573	0.21723474642380278	0.2031487398955303	0.12872857382381983	0.19367280194665423	0.20286053692439837	0.08462923469608225	0.17011085746950563	0.20297581811285115	0.10226897034717734	0.1795356352603651	0.18781617124089903	0.07995415009890824	0.16331184187192013	0.19367009052827122	0.038428656548500056	0.15059055332563898	0.30460606015020814	0.029999999999999995	0.21312869391730926	0.18396874198787352	0.16397903938597622	-y	+x	False	False	False	False	rh3	handbox_surface
box023_p2	box023	box023_person2	known_guard	66	108	left	True	0.1380777356986543	0.0895905579888451	0.1766	-0.16148975239272398	0.09331204118719882	0.23106299156560078	-0.13034100613323404	0.14247256985503612	0.28595377428511265	-0.14980897254541525	0.11174723943763777	0.2516470350854177	-0.16927693895759652	0.08102190902023954	0.2173402958857228	-0.16148975239272398	0.09331204118719882	0.23106299156560078	-0.1637920826633295	0.08343350788308955	0.2012615550063616	-0.13812819269810658	0.13018243768807683	0.2722310786052347	0.29833158195461174	0.029999999999999954	0.26016139264430255	0.267972401704367	0.24527588251191065	+z	+z	True	True	False	False	lh	handbox_surface
box023_p2	box023	box023_person2	known_guard	66	108	right	True	0.10263700109429952	-0.1568	0.1766	0.20305701478984253	0.10891591234274725	0.17960867765574054	0.20399353167844622	0.1810300222667931	0.2142306083641802	0.20340820862306894	0.13595870356426443	0.1925919016714054	0.20282288556769162	0.09088738486173582	0.17095319497863062	0.20305701478984253	0.10891591234274725	0.17960867765574054	0.18797398328987835	0.08636671772614775	0.1636395339460857	0.19309226830859727	0.0441624232966345	0.1530062438588214	0.3100294110217659	0.029999999999999995	0.21724172292946858	0.1863350413105058	0.16750348534932527	-y	+x	False	False	False	False	rh3	handbox_surface
box023_p2	box023	box023_person2	known_guard	67	109	left	True	0.13572938836128723	0.09982625989548266	0.1766	-0.16331450786867988	0.08272260223256646	0.2215034578052027	-0.1347291505556598	0.13412688499942577	0.2757296236341801	-0.15259499887629735	0.10199920827013872	0.2418382699910692	-0.17046084719693486	0.06987153154085163	0.20794691634795834	-0.16331450786867988	0.08272260223256646	0.2215034578052027	-0.16391836871302073	0.07135408724983168	0.1921537732229502	-0.1418754898839148	0.12127581430771094	0.2621730821769357	0.2956208819620076	0.030000000000000034	0.25924484679057336	0.2649759068500488	0.24405189309442787	+z	+z	True	True	False	False	lh	handbox_surface
box023_p2	box023	box023_person2	known_guard	67	109	right	True	0.10134695544350407	-0.1568	0.1766	0.2004811361074689	0.10507456763493582	0.1850303952801551	0.19897853399382512	0.1797626421443877	0.21365614789835985	0.19991766031485247	0.13308259557598026	0.1957650525119819	0.20085678663587986	0.08640254900757284	0.1778739571256039	0.2004811361074689	0.10507456763493582	0.1850303952801551	0.18636892897555346	0.08102860792614569	0.17041482141338682	0.1925436250551644	0.03820377794562687	0.1634597345433403	0.30678233703146734	0.030000000000000034	0.21277615819262197	0.1855217184070196	0.1669965718633328	-y	+x	False	False	False	False	rh3	handbox_surface
box023_p2	box023	box023_person2	known_guard	68	110	left	True	0.13448102933017492	0.1052619127021493	0.1766	-0.16559251031634553	0.07075601072389634	0.21607210053325387	-0.14120040723682215	0.12811512802438796	0.2662214471876856	-0.15644547166152428	0.09226567971158067	0.23487810552866575	-0.1716905360862264	0.056416231398773456	0.20353476386964595	-0.16559251031634553	0.07075601072389634	0.21607210053325387	-0.16409549160371031	0.05629701398577339	0.18814884652855968	-0.147298433006703	0.11377534869926506	0.25368411052407763	0.2969906877921067	0.03	0.2612111976716684	0.2649644812552854	0.24480814147521057	+z	+z	True	True	False	False	lh	handbox_surface
box023_p2	box023	box023_person2	known_guard	68	110	right	True	0.10124086097061047	-0.1568	0.1766	0.19556738394784948	0.10402433505641781	0.18643844873577428	0.18974597732357704	0.18142066443001406	0.20582709036969707	0.1933843564637473	0.13304795857151644	0.19370918934849535	0.1970227356039176	0.08467525271301872	0.1815912883272936	0.19556738394784948	0.10402433505641781	0.18643844873577428	0.1832087888838154	0.07786835071099375	0.1740244574811066	0.19127310859000352	0.034817787355378556	0.17258157482948575	0.30462269647866336	0.03000000000000005	0.2098256687478221	0.1851235343841889	0.1669774600013897	-y	+x	False	False	False	False	rh3	handbox_surface
box023_p2	box023	box023_person2	known_guard	69	111	left	True	0.13890577278103627	0.11188106426364515	0.1766	-0.1642071219339862	0.06535988464830976	0.2196722867106577	-0.14062366822807867	0.12603618281732376	0.26617183027622643	-0.15536332679427084	0.08811349646169	0.23710961554774596	-0.17010298536046314	0.050190810106056256	0.20804740081926554	-0.1642071219339862	0.06535988464830976	0.2196722867106577	-0.16259480672480595	0.04930089691040173	0.19264413253006918	-0.14651953165455556	0.11086710827507025	0.2545469443848343	0.30136458620385137	0.03	0.2666718160564137	0.2672894002956846	0.24879181548817914	+z	+z	True	True	False	False	lh	handbox_surface
box023_p2	box023	box023_person2	known_guard	69	111	right	True	0.09995479430588244	-0.1568	0.1766	0.19410414426058265	0.09729539360126382	0.18930702715185097	0.18717139171937477	0.17586487233899528	0.20267766487349856	0.19150436205762972	0.12675894812791313	0.19432101629746878	0.1958373323958846	0.07765302391683099	0.18596436772143904	0.19410414426058265	0.09729539360126382	0.18930702715185097	0.1823068019579314	0.07017737169021117	0.17851753364513154	0.1907021581053608	0.027213321004267457	0.1805360756237095	0.2984979645450794	0.03000000000000002	0.2034746001420047	0.17888664626347117	0.1609249308675099	-y	+x	False	False	False	False	rh3	handbox_surface
box023_p2	box023	box023_person2	known_guard	70	112	left	True	0.14355139996952254	0.11217728849711041	0.1766	-0.16689674681634542	0.07342847260664094	0.21290156664083448	-0.14536168633429628	0.13318400823537418	0.26153814887846377	-0.15882109913557702	0.09583679846741591	0.2311402849799455	-0.17228051193685778	0.05848958869945765	0.2007424210814272	-0.16689674681634542	0.07342847260664094	0.21290156664083448	-0.16415587351310365	0.05792762641805275	0.18563944737466212	-0.15074545145480853	0.1182451243281909	0.24937900331905646	0.3076861753721926	0.03000000000000001	0.2712709482410064	0.2759170550540707	0.2553626938846609	+z	+z	True	True	False	False	lh	handbox_surface
box023_p2	box023	box023_person2	known_guard	70	112	right	True	0.10412689489033727	-0.1568	0.1766	0.19283313120888623	0.10049888583438339	0.18672590653940202	0.18554991843242238	0.1787174154770485	0.20185258602276093	0.1901019264177123	0.12983083445038282	0.19239841134566163	0.19465393440300216	0.08094425342371714	0.18294423666856227	0.19283313120888623	0.10049888583438339	0.18672590653940202	0.18142517878600353	0.07371422696654505	0.1747501711232961	0.1896211256146763	0.03068213834273743	0.175987899752735	0.2996640303821975	0.03000000000000001	0.20447539027936462	0.17981233275057412	0.1620303548303013	-y	+x	False	False	False	False	rh3	handbox_surface
box023_p2	box023	box023_person2	known_guard	71	113	left	True	0.1427858186651752	0.10766504746941216	0.1766	-0.1667917715111556	0.06974662750370793	0.2148557141097846	-0.14719315301226643	0.12955708631803978	0.26423792922164563	-0.1594422895740722	0.09217554955908235	0.2333740447767325	-0.17169142613587796	0.054794012800124976	0.20251016033181932	-0.1667917715111556	0.06974662750370793	0.2148557141097846	-0.16356627286561895	0.054691841777988144	0.18739735743736147	-0.15209280763698868	0.11460447161445683	0.25189237544368037	0.3079042807687135	0.029999999999999978	0.26994158875188934	0.27831590155604213	0.25610770418258477	+z	+z	True	True	False	False	lh	handbox_surface
box023_p2	box023	box023_person2	known_guard	71	113	right	True	0.10135665561678413	-0.1568	0.1766	0.19117106933336916	0.09259111287194341	0.1981255248709604	0.183308001561367	0.17075129407156578	0.21326349831706942	0.18822241891886837	0.12190118082180175	0.2038022649132513	0.19313683627636974	0.07305106757203778	0.1943410315094332	0.19117106933336916	0.09259111287194341	0.1981255248709604	0.18028537705676842	0.06587798852733281	0.18552043624317482	0.18836092188338752	0.02282850971399936	0.1869325685172269	0.29318931126821635	0.029999999999999957	0.1981327447656402	0.17365593406974075	0.1556958442981565	-y	+x	False	False	False	False	rh3	handbox_surface
box023_p2	box023	box023_person2	known_guard	72	114	left	True	0.14377799269592617	0.1075175696816702	0.1766	-0.16704431969471958	0.06991351622989407	0.21632846473191908	-0.1488684618084359	0.12873089177805927	0.2674181361315643	-0.16022837298736317	0.091970032060456	0.23548709150678604	-0.1715882841662904	0.05520917234285277	0.20355604688200776	-0.16704431969471958	0.06991351622989407	0.21632846473191908	-0.16379778704523654	0.05597956542535969	0.1882871237040303	-0.15341242628000676	0.11402654789101797	0.25464571828165294	0.31004723164087994	0.03000000000000001	0.27080942236411454	0.28205412019347065	0.2588225842459877	+z	+z	True	True	False	False	lh	handbox_surface
box023_p2	box023	box023_person2	known_guard	72	114	right	True	0.10355825475396842	-0.1568	0.1766	0.18952691731626276	0.09312051840077129	0.19268480330702228	0.18088182172342665	0.1696749898499651	0.21424113006566312	0.18628500646894922	0.12182844519421894	0.2007684258415126	0.1916881912144718	0.07398190053847284	0.18729572161736208	0.18952691731626276	0.09312051840077129	0.19268480330702228	0.17925764698969093	0.06764207038492835	0.17731052798850463	0.1873201784929922	0.024613532049326543	0.17530886808589438	0.29165328513204963	0.029999999999999975	0.1972682142484109	0.171088162578979	0.15272494604154727	-y	+x	False	False	False	False	rh3	handbox_surface
box023_p2	box023	box023_person2	known_guard	73	115	left	True	0.14440365600618263	0.10866651269624622	0.1766	-0.16835159023374618	0.06716576484823944	0.21434890964887707	-0.15246373427291232	0.1263059504813466	0.26582720095938417	-0.16239364424843347	0.08934333446065464	0.23365326889031726	-0.17232355422395468	0.05238071843996268	0.20147933682125033	-0.16835159023374618	0.06716576484823944	0.21434890964887707	-0.16458608292801663	0.053563400625363376	0.18620981925511315	-0.1564356982631208	0.11152090407306983	0.25295762813175743	0.31265483228588736	0.030000000000000054	0.27265027155713273	0.2852304204418004	0.2615221748414225	+z	+z	True	True	False	False	lh	handbox_surface
box023_p2	box023	box023_person2	known_guard	73	115	right	True	0.10392683487527334	-0.1568	0.1766	0.18776251868936153	0.09565167334267077	0.18122370135354138	0.1784951945506648	0.17000137405178214	0.2092636497802755	0.18428727213735027	0.12353281110858753	0.1917386820135667	0.19007934972403573	0.07706424816539297	0.17421371424685786	0.18776251868936153	0.09565167334267077	0.18122370135354138	0.1781210691160087	0.07178880689689572	0.16309682564311082	0.18603042385409363	0.0290434716918273	0.15755204487744712	0.2920162059785434	0.03000000000000004	0.19923971742967928	0.16662748151588158	0.14822015106869602	-y	+x	False	False	False	False	rh3	handbox_surface
box023_p2	box023	box023_person2	known_guard	74	116	left	True	0.14388712730973482	0.10909597560393033	0.1766	-0.1760589714824197	0.06724213511569427	0.21141729489031813	-0.1620745087837709	0.12600291706458558	0.26387304107493514	-0.17081479797042637	0.08927742834652853	0.23108819970954947	-0.17955508715708193	0.05255193962847143	0.19830335834416388	-0.1760589714824197	0.06724213511569427	0.21141729489031813	-0.17065122516726552	0.05340980486004265	0.18366058965718174	-0.16557062445843312	0.11131272157736274	0.25075910452878086	0.319998500774647	0.030000000000000023	0.27906402092451166	0.29275133980413653	0.268616538301359	+z	+z	True	True	False	False	lh	handbox_surface
box023_p2	box023	box023_person2	known_guard	74	116	right	True	0.10523711941965513	-0.1568	0.1766	0.1849462187807757	0.09851417083063635	0.17858626028913957	0.17520161485297922	0.17026577602023152	0.21259728566337435	0.18129199230785203	0.12542102277673453	0.19134039480447762	0.18738236976272482	0.08057626953323757	0.1700835039455809	0.1849462187807757	0.09851417083063635	0.17858626028913957	0.17622423833779555	0.07669268530955844	0.15764043982988188	0.18356113801741308	0.034405544888075894	0.1487841524603999	0.29266077397932533	0.030000000000000016	0.20127236261130887	0.16394424984734712	0.14724907286023683	-y	+x	False	False	False	False	rh3	handbox_surface
box023_p2	box023	box023_person2	known_guard	75	117	left	True	0.14557482625359888	0.10673431303467956	0.1766	-0.17640142148346108	0.07326159375843996	0.2063743639368752	-0.16181970171770327	0.13143887788132055	0.2593156244126	-0.17093327657130195	0.0950780753045202	0.22622733661527197	-0.18004685142490048	0.058717272727719795	0.19313904881794397	-0.17640142148346108	0.07326159375843996	0.2063743639368752	-0.17026709907984908	0.058899102531712745	0.17904122104549827	-0.16546513165914264	0.11689455685060038	0.24608030929366875	0.32058714816936357	0.030000000000000006	0.2795582699156601	0.29207862600116685	0.2677290183233174	+z	+z	True	True	False	False	lh	handbox_surface
box023_p2	box023	box023_person2	known_guard	75	117	right	True	0.10544064542727906	-0.1568	0.1766	0.18699631473371137	0.09721739069393756	0.17230520410997505	0.17997587204005353	0.1670403904296049	0.21071694830752585	0.1843636487235897	0.12340101559481281	0.1867096081840566	0.1887514254071259	0.07976164076002072	0.16270226806058735	0.18699631473371137	0.09721739069393756	0.17230520410997505	0.17772455371747947	0.07725805752247111	0.1497966049773306	0.1831782214647551	0.03530812203382058	0.13835428928048898	0.2912793397536275	0.03000000000000003	0.20118766469112953	0.16180802352386667	0.1472575064330494	-y	+x	False	False	False	False	rh3	handbox_surface
box023_p2	box023	box023_person2	known_guard	76	118	left	True	0.1461632607284248	0.09868338439410175	0.1766	-0.17493632668905418	0.07892659497039198	0.20727493024660656	-0.15710016307021174	0.1386790977924505	0.25738989481670055	-0.16824776533198826	0.10133378352866391	0.22606804196039182	-0.1793953675937648	0.06398846926487735	0.19474618910408306	-0.17493632668905418	0.07892659497039198	0.20727493024660656	-0.16909469980114225	0.062420838526492266	0.1811129890834056	-0.16155920397492238	0.12374097208693587	0.24486115367417707	0.3182898130624499	0.030000000000000013	0.27790462300774416	0.2877626169428897	0.2622047585547648	+z	+z	True	True	False	False	lh	handbox_surface
box023_p2	box023	box023_person2	known_guard	76	118	right	True	0.10372817044387528	-0.1568	0.1766	0.19162369515437572	0.09212218887422939	0.16847139524132188	0.18917846842152738	0.16042078898349174	0.21005651384569807	0.1907067351295576	0.11773416391520274	0.18406581471796293	0.19223500183758785	0.0750475388469138	0.15807511559022785	0.19162369515437572	0.09212218887422939	0.16847139524132188	0.18153303396909232	0.074127110094765	0.14469465735593307	0.18378939584836781	0.032440969892194575	0.13136646490582216	0.2880798782643518	0.029999999999999964	0.19885721170004633	0.15884446913615294	0.1470629996459223	-y	+x	False	False	False	False	rh3	handbox_surface
box023_p2	box023	box023_person2	known_guard	77	119	left	True	0.14319923259718917	0.10108772386391743	0.1766	-0.1809372519565115	0.07292829345257117	0.20226690425679794	-0.16552663718309304	0.1355612755782512	0.2495915543067408	-0.1751582714164796	0.09641566174970118	0.22001364802552653	-0.1847899056498661	0.05727004792115114	0.19043574174431227	-0.1809372519565115	0.07292829345257117	0.20226690425679794	-0.17309947895382377	0.054107656078385635	0.17828014355224567	-0.16937929087644765	0.11990303004683117	0.23776039179425507	0.32133794261041837	0.030000000000000037	0.28119222708675784	0.28793452478933484	0.25671190136438726	+z	+z	True	True	False	False	lh	handbox_surface
box023_p2	box023	box023_person2	known_guard	77	119	right	True	0.09988815607950903	-0.1568	0.1766	0.19108273300750425	0.08633935780089975	0.1795968458058524	0.18969097760749612	0.1540767273116434	0.22213755323616588	0.19056082473250122	0.1117408713674286	0.19554961109221994	0.1914306718575063	0.06940501542321387	0.16896166894827402	0.19108273300750425	0.08633935780089975	0.1795968458058524	0.18049941782325185	0.06871919176096081	0.155753591910011	0.18231647393535003	0.027207792089334534	0.14182634622775944	0.2840683371936752	0.029999999999999992	0.19414562314085637	0.15417614422598813	0.14143552700415674	-y	+x	False	False	False	False	rh3	handbox_surface
box023_p2	box023	box023_person2	known_guard	78	120	left	True	0.1451517280493134	0.10304107044793104	0.1766	-0.18445143454169188	0.07275582568820296	0.20487692501366472	-0.1704728455648348	0.13898955482129632	0.2475113263269249	-0.17920946367537047	0.09759347411311296	0.2208648255061373	-0.18794608178590616	0.0561973934049296	0.1942183246853497	-0.18445143454169188	0.07275582568820296	0.20487692501366472	-0.1753284049288085	0.051395975499593384	0.18362748039710333	-0.17396749280904908	0.12243112253802302	0.23685272599860988	0.3274129407643703	0.030000000000000034	0.2868365870279645	0.2924339369488422	0.25615837839444255	+z	+z	True	True	False	False	lh	handbox_surface
box023_p2	box023	box023_person2	known_guard	78	120	right	True	0.10049970489753633	-0.1568	0.1766	0.1909033287081982	0.08758451891943983	0.1855653321860051	0.19111819416654266	0.1550459501191905	0.2285642755836763	0.19098390325507741	0.1128825556193463	0.2016899359601318	0.19084961234361206	0.07071916111950216	0.17481559633658728	0.1909033287081982	0.08758451891943983	0.1855653321860051	0.17929271999575075	0.0700360555963196	0.16215117475445645	0.18071574441867128	0.028625695898867452	0.14788151185986748	0.2855618599257823	0.03000000000000001	0.1948086161646898	0.15499851241343102	0.14175895674839503	-y	+x	False	False	False	False	rh3	handbox_surface
box023_p2	box023	box023_person2	known_guard	79	121	left	True	0.1499843172387933	0.10147258027176344	0.1766	-0.1848104284060212	0.08270096713146342	0.21398604082792327	-0.17156662173222365	0.15241477283187976	0.25092635592608775	-0.17984400090334715	0.10884364426911956	0.22783865898973496	-0.18812138007447057	0.06527251570635935	0.20475096205338214	-0.1848104284060212	0.08270096713146342	0.21398604082792327	-0.1751893433355941	0.05941313650174411	0.19511480789155125	-0.17487757340067303	0.1349863214067757	0.24169127715154665	0.33386591950660754	0.030000000000000016	0.2912013831958465	0.2996231561973345	0.26083280257269464	+z	+z	True	True	False	False	lh	handbox_surface
box023_p2	box023	box023_person2	known_guard	79	121	right	True	0.10712725274618254	-0.1568	0.1766	0.19449542021344576	0.09749122378457456	0.18193134755050616	0.19416821709645674	0.1654889722564604	0.22407632519760412	0.19437271904457482	0.12299037946153175	0.19773571416816793	0.19457722099269303	0.0804917866666031	0.17139510313873169	0.19449542021344576	0.09749122378457456	0.18193134755050616	0.1829874991850123	0.07953300517505442	0.15877864347772402	0.18478180903124433	0.03796211562777788	0.1450269976733248	0.29383863980465597	0.03000000000000004	0.20294659499009038	0.16305498877897615	0.15021438723566458	-y	+x	False	False	False	False	rh3	handbox_surface
box023_p2	box023	box023_person2	known_guard	80	122	left	False	nan	nan	nan	-0.18486091592080103	0.10277823582496515	0.22961557417809092	-0.1709249421188274	0.1754501073689034	0.26002260824082146	-0.17963492574506096	0.130030187653942	0.24101821195161488	-0.18834490937129444	0.08461026793898059	0.22201381566240833	-0.18486091592080103	0.10277823582496515	0.22961557417809092	-0.17536440799205116	0.07763784649022228	0.2132207906428796	-0.18784855366494835	0.03631829134660197	0.20565415100160514	nan	0.030000000000000037	nan	nan	nan		+z	False	True	False	False	lh3	NA
box023_p2	box023	box023_person2	known_guard	80	122	right	True	0.11276616047572802	-0.1568	0.1766	0.19768188709467255	0.11053108213331485	0.1787810230071624	0.20048112709099278	0.18008893671605575	0.21820016964035682	0.19873160209329266	0.13661527760184272	0.19356320299461036	0.19698207709559248	0.09314161848762963	0.1689262363488638	0.19768188709467255	0.11053108213331485	0.1787810230071624	0.1848353066390751	0.09193740988279474	0.15686713949136585	0.18524220810600378	0.049841192725422256	0.14469302350122717	0.30621941894417093	0.030000000000000086	0.21385984899736687	0.17401665992919474	0.16237753976149577	-y	+x	False	False	False	False	rh3	handbox_surface
box023_p2	box023	box023_person2	known_guard	81	123	left	False	nan	nan	nan	-0.11167427002482826	0.12432674861191158	0.2570091168727765	-0.12103994527443271	0.19953269176868269	0.2826284502173322	-0.11518639824342994	0.15252897729570072	0.26661636687698487	-0.10933285121242713	0.10552526282271883	0.25060428353663755	-0.11167427002482826	0.12432674861191158	0.2570091168727765	-0.09405583207024042	0.10189758466679306	0.24368489026583845	-0.09420413801138666	0.05840394023917866	0.23832816872540288	nan	0.029999999999999985	nan	nan	nan		+z	False	True	False	False	lh3	NA
box023_p2	box023	box023_person2	known_guard	81	123	right	True	0.11400329270473834	-0.1568	0.1766	0.20283495439862625	0.11851930559516827	0.1822703035080099	0.20827501847948166	0.19163270120613027	0.21428338028971203	0.20487497842894706	0.145936828949279	0.19427520730114822	0.2014749383784124	0.1002409566924278	0.1742670343125844	0.20283495439862625	0.11851930559516827	0.1822703035080099	0.18830626039229173	0.09780530081955716	0.16353999052258278	0.1881603378906971	0.05471660099267091	0.15555194809919637	0.3165748944906449	0.030000000000000013	0.22152676653162207	0.18421128383591304	0.1718890880136748	-y	+x	False	False	False	False	rh3	handbox_surface
box023_p2	box023	box023_person2	known_guard	82	124	left	False	nan	nan	nan	-0.08096405369991218	0.1724015086451003	0.25508139630154286	-0.09869573120082152	0.24416930108486032	0.28565870130586374	-0.08761343276275317	0.1993144308100103	0.2665478856781631	-0.07653113432468485	0.1544595605351603	0.24743707005046264	-0.08096405369991218	0.1724015086451003	0.25508139630154286	-0.0613454146179527	0.15331486343574255	0.2395308097809767	-0.05603499605903096	0.11055102837588254	0.23156416484023512	nan	0.029999999999999964	nan	nan	nan		+z	False	True	False	False	lh3	NA
box023_p2	box023	box023_person2	known_guard	82	124	right	False	nan	nan	nan	0.20885808923709337	0.13752909807563551	0.17367421565307167	0.21674043803032136	0.2122549283582785	0.2011317986871177	0.21181397003455382	0.16555128443162664	0.18397080929083892	0.20688750203878634	0.11884764050497473	0.16680981989456012	0.20885808923709337	0.13752909807563551	0.17367421565307167	0.1923449363358844	0.11556560511731345	0.15831523371295483	0.19235097361056294	0.07214161647628459	0.15241410314662177	nan	0.03	nan	nan	nan		+x	False	False	False	False	rh3	NA
box023_p2	box023	box023_person2	known_guard	83	125	left	False	nan	nan	nan	-0.04289958361799423	0.25549083540134243	0.21292422606697298	-0.061850863135734756	0.3144584492687014	0.2635569182670775	-0.0500063134371469	0.27760369060160206	0.2319114856420122	-0.03816176373855908	0.2407489319345027	0.20026605301694686	-0.04289958361799423	0.25549083540134243	0.21292422606697298	-0.024835287255487407	0.24386065202347976	0.18991484108096113	-0.016605670761058115	0.20550809247819607	0.17037595281704532	nan	0.030000000000000023	nan	nan	nan		+y	False	True	False	False	lh3	NA
box023_p2	box023	box023_person2	known_guard	83	125	right	False	nan	nan	nan	0.22891272769379828	0.1827193502647972	0.1660405915351569	0.2372362254868985	0.2580412947902105	0.19167892333343933	0.2320340393662109	0.21096507946182713	0.1756549659595128	0.22683185324552324	0.16388886413344383	0.15963100858558626	0.22891272769379828	0.1827193502647972	0.1660405915351569	0.21149339529679315	0.15995972525878488	0.15301968924944148	0.2124386984316581	0.11649154538806984	0.14753426231836483	nan	0.029999999999999964	nan	nan	nan		+x	False	False	False	False	rh3	NA
box023_p2	box023	box023_person2	known_guard	84	126	left	False	nan	nan	nan	-0.03345508704499766	0.34583676022839116	0.16977503921822987	-0.043952131757800036	0.3865941088113084	0.23780922613031114	-0.037391478812298554	0.36112076594698517	0.19528785931026033	-0.03083082586679707	0.3356474230826618	0.15276649249020957	-0.03345508704499766	0.34583676022839116	0.16977503921822987	-0.020358110932581733	0.342938817938681	0.14129552178717047	-0.014521034124428388	0.31239302228268356	0.11042002230963215	nan	0.030000000000000027	nan	nan	nan		+y	False	True	False	False	lh3	NA
box023_p2	box023	box023_person2	known_guard	84	126	right	False	nan	nan	nan	0.24969550208929786	0.2206437000915826	0.17555276551669066	0.2550203773607614	0.2979785851818645	0.19532550562564513	0.25169233031609667	0.24964428200043828	0.1829675430575486	0.24836428327143203	0.20130997881901214	0.17060958048945207	0.24969550208929786	0.2206437000915826	0.17555276551669066	0.23286587671298828	0.1960160138478509	0.16549203254740932	0.23619846864755403	0.15239704626464082	0.1628947905720945	nan	0.029999999999999985	nan	nan	nan		+x	False	False	False	False	rh3	NA
box023_p2	box023	box023_person2	known_guard	85	127	left	False	nan	nan	nan	-0.021541342993876365	0.4606292574411823	0.1416137301745369	-0.0230584143271575	0.4801079052185655	0.21919130925080343	-0.02211024474385682	0.467933750357701	0.17070532232813684	-0.021162075160556088	0.4557595954968365	0.12221933540547024	-0.021541342993876365	0.4606292574411823	0.1416137301745369	-0.012960318291148529	0.4668015313391053	0.11196106054952852	-0.010668540249523127	0.44651538859505785	0.07318434418666772	nan	0.03	nan	nan	nan		+y	False	True	False	False	lh3	NA
box023_p2	box023	box023_person2	known_guard	85	127	right	False	nan	nan	nan	0.2697931279675544	0.27076464453849397	0.18495290399174172	0.27356881914785613	0.34869809698226883	0.20261985467104335	0.2712090121601675	0.2999896892049095	0.19157801049647982	0.268849205172479	0.25128128142755024	0.1805361663219163	0.2697931279675544	0.27076464453849397	0.18495290399174172	0.2533685991845415	0.24545506962759286	0.17597304653233478	0.25779524116189384	0.20188494802983595	0.17438700975255267	nan	0.029999999999999943	nan	nan	nan		+y	False	True	False	False	rh3	NA
box023_p2	box023	box023_person2	known_guard	86	128	left	False	nan	nan	nan	-0.011689262400734257	0.5790432243091387	0.12554511166054186	-0.010415957866787832	0.5747394706726598	0.2054191149419621	-0.011211773200504361	0.577429316695459	0.15549786289107445	-0.012007588534220836	0.5801191627182583	0.10557661084018678	-0.011689262400734257	0.5790432243091387	0.12554511166054186	-0.005039410044716596	0.5942599674503702	0.09880110377603343	-0.0034974756550830615	0.5864692425852104	0.055704229059609416	nan	0.030000000000000016	nan	nan	nan		+y	False	True	False	False	lh3	NA
box023_p2	box023	box023_person2	known_guard	86	128	right	False	nan	nan	nan	0.289496941595254	0.32984059743231003	0.20428421182593043	0.2893978765970783	0.4083135812036549	0.2198399504502576	0.2894597922209381	0.3592679663465644	0.21011761381005312	0.28952170784479797	0.3102223514894738	0.20039527716984862	0.289496941595254	0.32984059743231003	0.20428421182593043	0.27441846862742286	0.3035782053294195	0.19568746930924333	0.2808269521381983	0.2602270889536043	0.19540779813008977	nan	0.03000000000000003	nan	nan	nan		+y	False	True	False	False	rh3	NA
box023_p2	box023	box023_person2	known_guard	87	129	left	False	nan	nan	nan	-0.0036426429549940176	0.6864284929457286	0.1266789542178877	-0.006665357268467813	0.6604644929037019	0.20228804031206535	-0.004776160822546698	0.6766919929299685	0.15503236150320432	-0.0028869643766255256	0.6929194929562353	0.1077766826943433	-0.0036426429549940176	0.6864284929457286	0.1266789542178877	0.003503293393501935	0.7086951178590271	0.10560421164334065	0.008026349007093215	0.7130985427705231	0.0622387255642607	nan	0.03000000000000006	nan	nan	nan		+y	False	True	False	False	lh3	NA
box023_p2	box023	box023_person2	known_guard	87	129	right	False	nan	nan	nan	0.301340610274225	0.3876791433125842	0.23464282720255372	0.2967992461515921	0.4661436131145059	0.24956606380219912	0.2996375987282377	0.4171033194883048	0.24023904092742074	0.3024759513048833	0.3680630258621038	0.23091201805264241	0.301340610274225	0.3876791433125842	0.23464282720255372	0.28802510542185217	0.36074365930912844	0.2252537590948121	0.29630852733505386	0.31771315510831116	0.22572999174503375	nan	0.030000000000000023	nan	nan	nan		+y	False	True	False	False	rh3	NA
box023_p2	box023	box023_person2	known_guard	88	130	left	False	nan	nan	nan	-0.0027803406565952665	0.7671816289739766	0.13619943781948313	-0.015596104347905764	0.7229200612929289	0.20159569021535453	-0.007586252040836724	0.7505835410935836	0.1607230324679349	0.0004236002662323143	0.7782470208942386	0.11985037472051528	-0.0027803406565952665	0.7671816289739766	0.13619943781948313	0.0071913384373652476	0.7937708881828117	0.12261309627062807	0.017206044981783904	0.8089088614895128	0.08272624401447123	nan	0.030000000000000034	nan	nan	nan		+y	False	True	False	False	lh3	NA
box023_p2	box023	box023_person2	known_guard	88	130	right	False	nan	nan	nan	0.3094965324695931	0.4305540444943543	0.2658739161562413	0.29776886241970885	0.5084229056494696	0.27997718590500675	0.3050986562008865	0.4597548674275225	0.27116264231202836	0.3124284499820641	0.4110868292055755	0.26234809871904996	0.3094965324695931	0.4305540444943543	0.2658739161562413	0.29927561292350496	0.4028054850705488	0.2550791108573148	0.31044910739182036	0.36045859519202805	0.2566153747958238	nan	0.029999999999999978	nan	nan	nan		+y	False	True	False	False	rh3	NA
box023_p2	box023	box023_person2	known_guard	89	131	left	False	nan	nan	nan	0.011361476432074675	0.8499696575854074	0.1465485261764051	-0.017150210127119585	0.7952515884157492	0.19747019775044863	0.0006695939723768348	0.8294503816467856	0.16564415301667143	0.01848939807187325	0.863649174877822	0.1338181082828942	0.011361476432074675	0.8499696575854074	0.1465485261764051	0.027297743554695674	0.8765340636807913	0.14094678672283362	0.04487964330228659	0.8981679051197823	0.10713455118940629	nan	0.02999999999999996	nan	nan	nan		+y	False	True	False	False	lh3	NA
box023_p2	box023	box023_person2	known_guard	89	131	right	False	nan	nan	nan	0.3153504733268951	0.47033673649257074	0.2975222854468231	0.2990488037504598	0.5475536907871393	0.31062944144998544	0.3092373472357318	0.499293094353034	0.302437468948009	0.31942589072100386	0.45103249791892863	0.2942454964460325	0.3153504733268951	0.47033673649257074	0.2975222854468231	0.3079149532047436	0.44252771041524974	0.2847806734196987	0.3199898734160911	0.4004903915515863	0.28752408234839744	nan	0.030000000000000047	nan	nan	nan		+y	False	True	False	False	rh3	NA
box023_p2	box023	box023_person2	known_guard	90	132	left	False	nan	nan	nan	0.01737291450421108	0.9035624969306907	0.16218857266865547	-0.023857533561628196	0.8459432975118495	0.19933797388350596	0.0019114964795213503	0.8819552971486253	0.1761195981242244	0.027680526520670896	0.9179672967854011	0.15290122236494283	0.01737291450421108	0.9035624969306907	0.16218857266865547	0.038855199347777945	0.9265686813649494	0.16267712316392405	0.06172582960975621	0.9512016451479678	0.1345601366149694	nan	0.029999999999999933	nan	nan	nan		+y	False	True	False	False	lh3	NA
box023_p2	box023	box023_person2	known_guard	90	132	right	False	nan	nan	nan	0.31352180662185	0.4865960009652236	0.33428073280948417	0.2940298717126909	0.5631344555649545	0.3470058827489563	0.30621233103091533	0.5152979214401228	0.3390526640367862	0.31839479034913976	0.46746138731529085	0.3310994453246161	0.31352180662185	0.4865960009652236	0.33428073280948417	0.30847026456449217	0.45904388394042595	0.31991618136502886	0.32088938699446845	0.4171467472716588	0.32321186110276173	nan	0.030000000000000093	nan	nan	nan		+y	False	True	False	False	rh3	NA
box023_p2	box023	box023_person2	known_guard	91	133	left	False	nan	nan	nan	0.016492492979138035	0.9476214265920835	0.181757115773687	-0.02805178184803788	0.8873454306867289	0.2097323172517586	-0.00021161008105293895	0.9250179281275757	0.19224781632796384	0.027628561685932	0.9626904255684222	0.17476331540416912	0.016492492979138035	0.9476214265920835	0.181757115773687	0.039737921323560396	0.9685309071510284	0.18542528285673224	0.06364055413404492	0.9961490591150081	0.16121133248238456	nan	0.029999999999999888	nan	nan	nan		+y	False	True	False	False	lh3	NA
box023_p2	box023	box023_person2	known_guard	91	133	right	False	nan	nan	nan	0.3085046458792253	0.49258854935587215	0.3667149658862502	0.28654655973782545	0.5684866716124224	0.3792575928414231	0.30027036357620035	0.5210503452020785	0.37141845099444	0.3139941674145752	0.47361401879173465	0.363579309147457	0.3085046458792253	0.49258854935587215	0.3667149658862502	0.30564806241955655	0.4654641357604813	0.35099607006148187	0.31813131106642845	0.42360504328521204	0.35452467435681245	nan	0.030000000000000034	nan	nan	nan		+y	False	True	False	False	rh3	NA
box023_p2	box023	box023_person2	known_guard	92	134	left	False	nan	nan	nan	0.017592312344444777	0.9764657769713826	0.191820905318914	-0.027641286351621476	0.9152491632215973	0.21644706519033607	0.0006297128334199465	0.9535095468152132	0.2010557152706973	0.028900712018461366	0.9917699304088289	0.18566436535105846	0.017592312344444777	0.9764657769713826	0.191820905318914	0.041197583166019555	0.9967507224528808	0.19654572723751193	0.0653115007810009	1.0254561436069147	0.17385362862285905	nan	0.029999999999999978	nan	nan	nan		+y	False	True	False	False	lh3	NA
box023_p2	box023	box023_person2	known_guard	92	134	right	False	nan	nan	nan	0.30152766190020724	0.5046755923390593	0.41363230932505174	0.27766270919320296	0.5806883269090741	0.42087994448977584	0.2925783046350806	0.5331803678028149	0.41635017251182327	0.30749390007695837	0.4856724086965557	0.4118204005338707	0.30152766190020724	0.5046755923390593	0.41363230932505174	0.3009793043817074	0.47709785562453944	0.3984617684763434	0.3130909184085994	0.4354705234562934	0.4048602206426024	nan	0.03000000000000002	nan	nan	nan		+y	False	True	False	False	rh3	NA
box023_p2	box023	box023_person2	known_guard	93	135	left	False	nan	nan	nan	0.024976018894906186	1.0007490096330054	0.20626815782604188	-0.019891723300660673	0.9375685629048341	0.22614570449309498	0.008150615571568627	0.977056342109941	0.2137222378261868	0.03619295444379787	1.0165441213150481	0.20129877115927863	0.024976018894906186	1.0007490096330054	0.20626815782604188	0.04810968144029389	1.0210822089100478	0.2127801798089519	0.07234995833756742	1.0513836154636185	0.19241728947559253	nan	0.03000000000000018	nan	nan	nan		+y	False	True	False	False	lh3	NA
box023_p2	box023	box023_person2	known_guard	93	135	right	False	nan	nan	nan	0.284391876682246	0.5068779822526479	0.4494642271685105	0.2624001213721553	0.5837640148481792	0.4516779774028381	0.27614496844096204	0.5357102444759722	0.45029438350638334	0.2898898155097688	0.48765647410376506	0.4489107896099286	0.284391876682246	0.5068779822526479	0.4494642271685105	0.28478972135740827	0.47888172211599256	0.43507573503483055	0.2946021092828115	0.4371198858043253	0.4440273962764496	nan	0.029999999999999975	nan	nan	nan		+y	False	True	False	False	rh3	NA
box023_p2	box023	box023_person2	known_guard	94	136	left	False	nan	nan	nan	0.027518295544445636	1.014633162014417	0.21862582560942437	-0.016537630608284663	0.9500603055212794	0.23563822035977705	0.01099732323717178	0.9904183408294903	0.22500547364080664	0.03853227708262823	1.0307763761377016	0.2143727269218362	0.027518295544445636	1.014633162014417	0.21862582560942437	0.04975547542293315	1.0354912296461722	0.22646550746716737	0.07412402792509515	1.0666602899989537	0.20762202340546243	nan	0.029999999999999964	nan	nan	nan		+y	False	True	False	False	lh3	NA
box023_p2	box023	box023_person2	known_guard	94	136	right	False	nan	nan	nan	0.25936348139664944	0.5096620831209906	0.4844544018591358	0.23973234421258202	0.5871683693431116	0.48173520180857254	0.2520018049526241	0.5387269404542859	0.48343470184017456	0.26427126569266624	0.4902855115654603	0.48513420187177664	0.25936348139664944	0.5096620831209906	0.4844544018591358	0.26070995489917864	0.4812349703393223	0.47099840557825406	0.26795691712966657	0.43950966727325586	0.48226547220540145	nan	0.029999999999999985	nan	nan	nan		+y	False	True	False	False	rh3	NA
box023_p2	box023	box023_person2	known_guard	95	137	left	False	nan	nan	nan	0.026103996640075188	1.0192691701349554	0.22953917747277844	-0.01897034996205491	0.9552889597296192	0.24611735454023526	0.00920111666427642	0.9952765912329545	0.23575599387307475	0.03737258329060776	1.0352642227362896	0.22539463320591424	0.026103996640075188	1.0192691701349554	0.22953917747277844	0.048118711162922635	1.0401876071278457	0.23783273546448003	0.07341043178617702	1.0708251872106214	0.21933730033857776	nan	0.02999999999999985	nan	nan	nan		+y	False	True	False	False	lh3	NA
box023_p2	box023	box023_person2	known_guard	95	137	right	False	nan	nan	nan	0.23486252281133707	0.512295888697668	0.5040631512195455	0.21650900883507	0.5900422992215727	0.4997452610667686	0.2279799550702369	0.5414507926441322	0.5024439424122541	0.2394509013054038	0.49285928606669177	0.5051426237577397	0.23486252281133707	0.512295888697668	0.5040631512195455	0.2369796479387799	0.4838477053809019	0.49075164435231877	0.2427247835964649	0.4420396490405153	0.5025646037283458	nan	0.02999999999999999	nan	nan	nan		+y	False	True	False	False	rh3	NA
box023_p2	box023	box023_person2	known_guard	96	138	left	False	nan	nan	nan	0.026210113055161126	1.024565239299925	0.2437579604710749	-0.020174790050231407	0.9607892031569224	0.257213739073214	0.00881577439063892	1.000649225746299	0.24880387744687707	0.037806338831509245	1.0405092483356757	0.24039401582054012	0.026210113055161126	1.024565239299925	0.2437579604710749	0.04819557177237194	1.0449766351038585	0.2532987304734745	0.07446143769192083	1.0757325592244813	0.23642890578877582	nan	0.029999999999999912	nan	nan	nan		+y	False	True	False	False	lh3	NA
box023_p2	box023	box023_person2	known_guard	96	138	right	False	nan	nan	nan	0.21741144830684697	0.5094477500739469	0.5084719265818197	0.2001340322151554	0.5875006143842552	0.5054319814916582	0.21093241727246262	0.5387175741903125	0.5073319471730091	0.22173080232976988	0.48993453399637	0.5092319128543603	0.21741144830684697	0.5094477500739469	0.5084719265818197	0.2201225303613876	0.4814031159323363	0.494431766402443	0.224675030974376	0.43918436154147267	0.5052630952109719	nan	0.03000000000000007	nan	nan	nan		+y	False	True	False	False	rh3	NA
box023_p2	box023	box023_person2	known_guard	97	139	left	False	nan	nan	nan	0.016794624696960282	1.0253321402506728	0.2468670871210166	-0.029532969602191678	0.9613657963870161	0.25959739973185336	-0.0005782231652216816	1.0013447613018016	0.2516409543500804	0.028376523271748257	1.0413237262165869	0.2436845089683074	0.016794624696960282	1.0253321402506728	0.2468670871210166	0.038731938693819135	1.0456783146360216	0.2566547941249014	0.06499248001909584	1.0766328601133255	0.24014377812022566	nan	0.029999999999999943	nan	nan	nan		+y	False	True	False	False	lh3	NA
box023_p2	box023	box023_person2	known_guard	97	139	right	False	nan	nan	nan	0.20567052098690206	0.5100100024864109	0.5132043908696422	0.18840183030686425	0.5880614437805326	0.5100795174150127	0.19919476198188787	0.5392792929717065	0.5120325633241561	0.20998769365691144	0.49049714216288043	0.5139856092332997	0.20567052098690206	0.5100100024864109	0.5132043908696422	0.2091108226352241	0.482105826440843	0.4990446291593484	0.2132220131365568	0.4397920977654969	0.5096800720818006	nan	0.029999999999999947	nan	nan	nan		+y	False	True	False	False	rh3	NA
box023_p2	box023	box023_person2	known_guard	98	140	left	False	nan	nan	nan	0.012292859837667343	1.026409706258911	0.2520544444543316	-0.033932816202958155	0.9619633107572358	0.26253533093538917	-0.005041768677567215	1.0022423079457827	0.2559847768847282	0.023849278847823677	1.0425213051343298	0.24943422283406724	0.012292859837667343	1.026409706258911	0.2520544444543316	0.03420180507828347	1.0464324211150975	0.26254733605489805	0.06040998610873043	1.0779896982833583	0.24713036259346322	nan	0.03000000000000012	nan	nan	nan		+y	False	True	False	False	lh3	NA
box023_p2	box023	box023_person2	known_guard	98	140	right	False	nan	nan	nan	0.2070950449269045	0.5067569283353175	0.5068418566939703	0.18873935686095072	0.5846136907169807	0.5056614893483377	0.20021166190217185	0.5359532142284412	0.5063992189393581	0.21168396694339298	0.4872927377399017	0.5071369485303784	0.2070950449269045	0.5067569283353175	0.5068418566939703	0.2113320245131988	0.47936101667698566	0.4919257715406869	0.21579687991319182	0.43679838575986446	0.5013572975877203	nan	0.030000000000000023	nan	nan	nan		+y	False	True	False	False	rh3	NA
box023_p2	box023	box023_person2	known_guard	99	141	left	False	nan	nan	nan	0.010085102111768692	1.0267539672129506	0.2577308505881818	-0.03661346087595761	0.9622741848630002	0.2655795372926155	-0.007426859008628683	1.0025740488317192	0.2606741081023445	0.02175974285870031	1.0428739128004385	0.2557686789120734	0.010085102111768692	1.0267539672129506	0.2577308505881818	0.032135410398790885	1.046173161807945	0.26903087499694844	0.05857905966859617	1.07813867397882	0.2549116324231101	nan	0.029999999999999992	nan	nan	nan		+y	False	True	False	False	lh3	NA
box023_p2	box023	box023_person2	known_guard	99	141	right	False	nan	nan	nan	0.20939540496816925	0.50267984564243	0.4952977447240192	0.19019209429732514	0.5803189242747229	0.49714336884818144	0.20219416346660266	0.5317945001295399	0.49598985377058014	0.21419623263588025	0.48327007598435673	0.4948363386929787	0.20939540496816925	0.50267984564243	0.4952977447240192	0.2141995712838956	0.4760008868728936	0.4792936604674921	0.21897516286040872	0.4331188596436094	0.4869612307284718	nan	0.03000000000000011	nan	nan	nan		+y	False	True	False	False	rh3	NA
box023_p2	box023	box023_person2	known_guard	100	142	left	False	nan	nan	nan	0.005405908879012928	1.0320241721343817	0.270599550004483	-0.04073056791707083	0.9667687712411643	0.2742269682475202	-0.011895269919518487	1.0075533967994252	0.27195983184562195	0.016940028078033856	1.048338022357686	0.26969269544372365	0.005405908879012928	1.0320241721343817	0.270599550004483	0.02703969707324489	1.0510437199010434	0.2832978875739636	0.05338773821827492	1.0839585944491799	0.27134776928124643	nan	0.02999999999999997	nan	nan	nan		+y	False	True	False	False	lh3	NA
box023_p2	box023	box023_person2	known_guard	100	142	right	False	nan	nan	nan	0.2074704973599484	0.49872807548746867	0.48030101817706305	0.1878737642368721	0.5760554870861766	0.4863375292842287	0.20012172243879478	0.5277258548369841	0.4825647098422502	0.21236968064071743	0.47939622258779163	0.4787918904002716	0.2074704973599484	0.49872807548746867	0.48030101817706305	0.21240606302026538	0.47297737031777065	0.4628792231265584	0.21740118317701143	0.42976858241124494	0.468219222206553	nan	0.02999999999999995	nan	nan	nan		+y	False	True	False	False	rh3	NA
box023_p2	box023	box023_person2	known_guard	101	143	left	False	nan	nan	nan	0.0014757136401065615	1.0331983476764066	0.2792146193016344	-0.04526754489993653	0.9682907524523514	0.2806540161506371	-0.016053008312409585	1.0088579994673859	0.2797543931200104	0.013161528275117363	1.0494252464824203	0.27885477008938375	0.0014757136401065615	1.0331983476764066	0.2792146193016344	0.023070126537623258	1.0517346970072887	0.29267184230657756	0.049881873324067884	1.08467414234119	0.2818766238620902	nan	0.030000000000000093	nan	nan	nan		+y	False	True	False	False	lh3	NA
box023_p2	box023	box023_person2	known_guard	101	143	right	False	nan	nan	nan	0.21417327067293507	0.5005287144816533	0.46186782870818494	0.19180381874815122	0.5764335131308091	0.47361811222033434	0.20578472620114108	0.5289930139750867	0.466274185025241	0.219765633654131	0.48155251481936423	0.4589302578301475	0.21417327067293507	0.5005287144816533	0.46186782870818494	0.2198470417638293	0.47629064889397366	0.442598628774579	0.22650135366460242	0.4330306019833879	0.44477914300910076	nan	0.03	nan	nan	nan		+y	False	True	False	False	rh3	NA
box023_p2	box023	box023_person2	known_guard	102	144	left	False	nan	nan	nan	-0.0020623267281597284	1.0339739803006056	0.2811096410285267	-0.04994507133740625	0.9699059840342928	0.28270169099804204	-0.020018355956627192	1.0099484817007383	0.28170665976709497	0.009908359424151915	1.0499909793671838	0.2807116285361479	-0.0020623267281597284	1.0339739803006056	0.2811096410285267	0.019934607151745946	1.052098150031375	0.2944760592983185	0.047267079705030045	1.084575141952928	0.28358594884152943	nan	0.03000000000000013	nan	nan	nan		+y	False	True	False	False	lh3	NA
box023_p2	box023	box023_person2	known_guard	102	144	right	False	nan	nan	nan	0.21320332677751386	0.5038698129881104	0.437078959327881	0.19026263987893663	0.578382742803827	0.4550107237391026	0.2046005691905474	0.5318121616690041	0.4438033709820891	0.21893849850215819	0.4852415805341812	0.4325960182250756	0.21320332677751386	0.5038698129881104	0.437078959327881	0.2184959880256514	0.48115432162132293	0.4159372527557125	0.22580346255782954	0.43796020040086847	0.41478188447674197	nan	0.030000000000000047	nan	nan	nan		+y	False	True	False	False	rh3	NA
box023_p2	box023	box023_person2	known_guard	103	145	left	False	nan	nan	nan	-0.009052732776783057	1.0295967094214902	0.2778596054905649	-0.0570373734130116	0.9657270718209832	0.2821191425301873	-0.027046973015368733	1.0056455953213	0.27945693188042325	0.0029434273822741336	1.045564118821617	0.27679472123065924	-0.009052732776783057	1.0295967094214902	0.2778596054905649	0.01305280516811122	1.0481645168817495	0.29041322983556095	0.04037854166326744	1.0801581421297672	0.27816065319240585	nan	0.030000000000000093	nan	nan	nan		+y	False	True	False	False	lh3	NA
box023_p2	box023	box023_person2	known_guard	103	145	right	False	nan	nan	nan	0.20910459407609658	0.507919368229152	0.42321671922550197	0.18576929350297555	0.581180182515282	0.4453146113714798	0.20035385636117617	0.5353921735864507	0.4315034287802436	0.21493841921937676	0.48960416465761947	0.4176922461890075	0.20910459407609658	0.507919368229152	0.42321671922550197	0.21400873043953447	0.48628188444846976	0.4008840904040819	0.22184919488001903	0.4432996420116492	0.39748996012289345	nan	0.030000000000000034	nan	nan	nan		+y	False	True	False	False	rh3	NA
box023_p2	box023	box023_person2	known_guard	104	146	left	False	nan	nan	nan	-0.02184724335202921	1.0180677803361429	0.26887961268437843	-0.06913028532024097	0.9546415285529296	0.2807718171463259	-0.03957838409010859	0.9942829359174379	0.2733391893576087	-0.010026482859976272	1.0339243432819463	0.26590656156889153	-0.02184724335202921	1.0180677803361429	0.26887961268437843	0.0005846778482192621	1.0377883444821858	0.2788254674459035	0.027162554789672076	1.068658948400531	0.2626688639380077	nan	0.029999999999999992	nan	nan	nan		+y	False	True	False	False	lh3	NA
box023_p2	box023	box023_person2	known_guard	104	146	right	False	nan	nan	nan	0.19768544419309167	0.5106874199640127	0.4198865393495342	0.17563941838890743	0.5836190548008471	0.4442781236824118	0.18941818451652256	0.5380367830278254	0.4290333834743633	0.20319695064413773	0.492454511254804	0.41378864326631476	0.19768544419309167	0.5106874199640127	0.4198865393495342	0.20165850769090388	0.4894854235770676	0.3969590954545832	0.2090802202504159	0.4465348997682603	0.39241631490310785	nan	0.029999999999999864	nan	nan	nan		+y	False	True	False	False	rh3	NA
box023_p2	box023	box023_person2	known_guard	105	147	left	False	nan	nan	nan	-0.02824067610419021	0.9917145758370771	0.24461718703657406	-0.07330501643048862	0.9311933349486262	0.2711950844755673	-0.045139803726552095	0.969019110503908	0.2545838985761965	-0.01697459102261563	1.0068448860591899	0.23797271267682574	-0.02824067610419021	0.9917145758370771	0.24461718703657406	-0.0053732274405649694	1.0128849057723337	0.24907910231574995	0.01923443278976938	1.0405685018251574	0.22565912935500126	nan	0.029999999999999992	nan	nan	nan		+y	False	True	False	False	lh3	NA
box023_p2	box023	box023_person2	known_guard	105	147	right	False	nan	nan	nan	0.19606088932578095	0.5125318707634369	0.4241721975221757	0.17566497081572563	0.5857017799522941	0.4492754024455626	0.18841241988451024	0.5399705867092583	0.43358589936844577	0.20115986895329482	0.4942393934662224	0.417896396291329	0.19606088932578095	0.5125318707634369	0.4241721975221757	0.19923094779715692	0.4913611069404852	0.4010913167689059	0.2058837492370016	0.44831827491602455	0.3962414701505206	nan	0.029999999999999964	nan	nan	nan		+y	False	True	False	False	rh3	NA
box023_p2	box023	box023_person2	known_guard	106	148	left	False	nan	nan	nan	-0.05103614399330296	0.9370487028842467	0.21829220956697373	-0.08991637061456788	0.883482462152236	0.2632253357849365	-0.06561622897627727	0.9169613626097426	0.23514213189870978	-0.04131608733798665	0.9504402630672493	0.20705892801248307	-0.05103614399330296	0.9370487028842467	0.21829220956697373	-0.029163376925167232	0.9594681243316046	0.2151357291443301	-0.008396288919988018	0.9813077274229708	0.1833210570808555	nan	0.030000000000000072	nan	nan	nan		+y	False	True	False	False	lh3	NA
box023_p2	box023	box023_person2	known_guard	106	148	right	False	nan	nan	nan	0.1901685336972206	0.5127519667115722	0.4344352266803703	0.1707589405045999	0.586814568440709	0.4576300260373003	0.1828899362499878	0.5405254423599986	0.44313327643921907	0.1950209319953758	0.4942363162792881	0.4286365268411378	0.1901685336972206	0.5127519667115722	0.4344352266803703	0.19296366328324632	0.4909217201249493	0.4119273357869444	0.1990929766822038	0.44768759513822065	0.40822488770559484	nan	0.030000000000000072	nan	nan	nan		+y	False	True	False	False	rh3	NA
box023_p2	box023	box023_person2	known_guard	107	149	left	False	nan	nan	nan	-0.06880851695975872	0.8597157918224633	0.20262720795901112	-0.10037969005094868	0.8199581668120703	0.2644543240423212	-0.08064770686895494	0.8448066824435659	0.2258123764902524	-0.06091572368696117	0.8696551980750615	0.1871704289381836	-0.06880851695975872	0.8597157918224633	0.20262720795901112	-0.04894562286383897	0.8812820188262681	0.1911653120920817	-0.03211387096159229	0.8937431829204049	0.15267083088723987	nan	0.02999999999999998	nan	nan	nan		+y	False	True	False	False	lh3	NA
box023_p2	box023	box023_person2	known_guard	107	149	right	False	nan	nan	nan	0.1881031759764204	0.5117482499043274	0.44412381023082487	0.1687564474223371	0.5866380424571485	0.4645498491432049	0.18084815276863916	0.5398319221116353	0.4517835748229674	0.19293985811494124	0.49302580176612215	0.4390173005027299	0.1881031759764204	0.5117482499043274	0.44412381023082487	0.1909108130769181	0.48910402316553936	0.42243663113302454	0.1969839670257048	0.44575475823583144	0.4203332531179888	nan	0.030000000000000044	nan	nan	nan		+y	False	True	False	False	rh3	NA
box023_p2	box023	box023_person2	known_guard	108	150	left	False	nan	nan	nan	-0.09164513501978495	0.7366741489876197	0.2035388168603587	-0.1138719020076004	0.7327442232535489	0.2802885824169651	-0.0999801726402158	0.7352004268373431	0.23231997894408613	-0.0860884432728311	0.7376566304211375	0.18435137547120709	-0.09164513501978495	0.7366741489876197	0.2035388168603587	-0.07359284565829262	0.7488720024186657	0.18081572318028583	-0.06261527560279095	0.7406890167443619	0.13918706397727523	nan	0.030000000000000034	nan	nan	nan		+y	False	True	False	False	lh3	NA
box023_p2	box023	box023_person2	known_guard	108	150	right	False	nan	nan	nan	0.19421890080429988	0.5115173385750234	0.46657464709333807	0.17386768028656305	0.5868764988400277	0.48409106189751083	0.18658719311014862	0.5397770236744001	0.47314330264490284	0.19930670593373412	0.49267754850877227	0.46219554339229485	0.19421890080429988	0.5115173385750234	0.46657464709333807	0.19762852156319108	0.4881829677052395	0.4457213694061802	0.2040977445366879	0.44484313072083653	0.44519806051999217	nan	0.03000000000000007	nan	nan	nan		+y	False	True	False	False	rh3	NA
box023_p2	box023	box023_person2	known_guard	109	151	left	False	nan	nan	nan	-0.13550655347832724	0.5940492506158377	0.2531921259528253	-0.1406042030982978	0.6392407363086594	0.31900810873229546	-0.13741817208581622	0.6109960577506458	0.27787311949512666	-0.1342321410733346	0.5827513791926323	0.23673813025795779	-0.13550655347832724	0.5940492506158377	0.2531921259528253	-0.12239095310299654	0.5876070502965338	0.22530860308088013	-0.121069017782087	0.5550549334432215	0.19599946216400346	nan	0.030000000000000044	nan	nan	nan		+y	False	True	False	False	lh3	NA
box023_p2	box023	box023_person2	known_guard	109	151	right	False	nan	nan	nan	0.20373908339885002	0.5049469204744332	0.47185768890377344	0.1822296702279953	0.5808137727911471	0.4853323267319075	0.19567305345977948	0.533396990093201	0.47691067808932375	0.2091164366915637	0.48598020739525466	0.4684890294467399	0.20373908339885002	0.5049469204744332	0.47185768890377344	0.20819754652438338	0.4808026118909318	0.4521561144111415	0.21491269736624138	0.4375248479813443	0.4537079095209715	nan	0.030000000000000016	nan	nan	nan		+y	False	True	False	False	rh3	NA
box023_p2	box023	box023_person2	known_guard	110	152	left	False	nan	nan	nan	-0.15005698024011177	0.5116192831160122	0.33395734268081717	-0.14545918157682347	0.5813810101728006	0.37284386586695484	-0.14833280574137858	0.5377799307623079	0.34853978887561876	-0.1512064299059338	0.4941788513518151	0.3242357118842827	-0.15005698024011177	0.5116192831160122	0.33395734268081717	-0.1415118556328926	0.49289640110688937	0.3101362112922945	-0.14418854890420615	0.45073973851797083	0.2984715347684862	nan	0.030000000000000002	nan	nan	nan		+y	False	True	False	False	lh3	NA
box023_p2	box023	box023_person2	known_guard	110	152	right	False	nan	nan	nan	0.22086393028957652	0.5047267518654425	0.4767398756159148	0.19623706237225355	0.5801608792295615	0.4868990982927043	0.21162885482058041	0.5330145496269871	0.4805495841197108	0.22702064726890728	0.4858682200244126	0.47420006994671743	0.22086393028957652	0.5047267518654425	0.4767398756159148	0.22751283942464126	0.48035335163302584	0.45795938210988874	0.2353117496447798	0.43733342143018406	0.4609474872999102	nan	0.03000000000000001	nan	nan	nan		+y	False	True	False	False	rh3	NA
box023_p2	box023	box023_person2	known_guard	111	153	left	False	nan	nan	nan	-0.16596524212494929	0.4740677210532205	0.4199341932493638	-0.15771808029902082	0.5521334268693989	0.43535268530399823	-0.1628725564402261	0.5033423607342874	0.42571612776985174	-0.16802703258143128	0.45455129459917576	0.41607957023570524	-0.16596524212494929	0.4740677210532205	0.4199341932493638	-0.16052382393361136	0.44900433228486175	0.40167962457676054	-0.16363082222353226	0.4053304493365244	0.40351049206269574	nan	0.02999999999999999	nan	nan	nan		+y	False	True	False	False	lh3	NA
box023_p2	box023	box023_person2	known_guard	111	153	right	False	nan	nan	nan	0.2324074190066299	0.5111204324774798	0.48164154395928993	0.20378754777189595	0.5852969959378383	0.4905151229282663	0.22167496729360467	0.5389366437751142	0.4849691360726561	0.23956238681531336	0.49257629161239025	0.4794231492170458	0.2324074190066299	0.5111204324774798	0.48164154395928993	0.24064260969202536	0.4869310321465036	0.4632558942860055	0.25056123497289867	0.4443975430544623	0.46685996782862615	nan	0.029999999999999923	nan	nan	nan		+y	False	True	False	False	rh3	NA
box023_p2	box023	box023_person2	known_guard	112	154	left	False	nan	nan	nan	-0.1707197036136116	0.46095088189099576	0.4948683842938159	-0.1640703170717316	0.5406355819568028	0.497345122882978	-0.1682261836604066	0.49083264441567337	0.49579716126475165	-0.17238205024908168	0.441029706874544	0.49424919964652536	-0.1707197036136116	0.46095088189099576	0.4948683842938159	-0.16658979903920132	0.43354726822696255	0.4799352797181299	-0.16744513878691514	0.3905958755007868	0.48858743683109873	nan	0.029999999999999992	nan	nan	nan		+y	False	True	False	False	lh3	NA
box023_p2	box023	box023_person2	known_guard	112	154	right	False	nan	nan	nan	0.22967990745985098	0.5197542532770529	0.497146909295666	0.1978722439652414	0.5924974074042004	0.5069808337741107	0.2177520336493724	0.5470329360747332	0.5008346309750827	0.23763182333350336	0.5015684647452661	0.49468842817605474	0.22967990745985098	0.5197542532770529	0.497146909295666	0.2388743351206491	0.4961527229432457	0.47845445536905357	0.25067291171372325	0.45406055799724343	0.4815381882436245	nan	0.03000000000000001	nan	nan	nan		+y	False	True	False	False	rh3	NA
box023_p2	box023	box023_person2	known_guard	113	155	left	False	nan	nan	nan	-0.1679482644537582	0.46032612693384745	0.5301020981430897	-0.16235315830456812	0.5398066349896578	0.522922709146135	-0.16585009964781192	0.4901313174547762	0.5274098272692317	-0.16934704099105571	0.44045599991989487	0.5318969453923283	-0.1679482644537582	0.46032612693384745	0.5301020981430897	-0.1648865926009272	0.4314241356183551	0.5180061141246441	-0.1641957700525947	0.3897284317437206	0.5314747669346033	nan	0.02999999999999998	nan	nan	nan		+y	False	True	False	False	lh3	NA
box023_p2	box023	box023_person2	known_guard	113	155	right	False	nan	nan	nan	0.23048623879787333	0.5257053595745713	0.4904422390492935	0.19694708862240573	0.5977118310578835	0.4999392633216857	0.21790905748207295	0.5527077863808134	0.4940036231514405	0.23887102634174023	0.5077037417037434	0.4880679829811954	0.23048623879787333	0.5257053595745713	0.4904422390492935	0.24033995158445456	0.5022895473805413	0.47185241248960536	0.2530873219528433	0.4604865539498288	0.4750897658575176	nan	0.030000000000000082	nan	nan	nan		+y	False	True	False	False	rh3	NA
box023_p2	box023	box023_person2	known_guard	114	156	left	False	nan	nan	nan	-0.1563173103326534	0.45694153001238225	0.5395390086845402	-0.15226440993129303	0.5360394383027619	0.5282653711871159	-0.1547974726821433	0.4866032456212746	0.535311394623006	-0.15733053543299344	0.4371670529397873	0.5423574180588963	-0.1563173103326534	0.45694153001238225	0.5395390086845402	-0.15374560575797933	0.4275266024002585	0.5286229592588635	-0.151570515461597	0.38652816457147093	0.5439464916098365	nan	0.029999999999999964	nan	nan	nan		+y	False	True	False	False	lh3	NA
box023_p2	box023	box023_person2	known_guard	114	156	right	False	nan	nan	nan	0.23220445402815604	0.5230575742240935	0.4783275500201578	0.19849588753359743	0.5947415201038936	0.48951434795271276	0.21956374159269654	0.5499390539290185	0.4825225992448659	0.24063159565179565	0.5051365877541434	0.47553085053701905	0.23220445402815604	0.5230575742240935	0.4783275500201578	0.24219410568671226	0.500147597358757	0.45918813028819494	0.2549943006994317	0.4582942599032187	0.4614060841594437	nan	0.03000000000000003	nan	nan	nan		+y	False	True	False	False	rh3	NA
box023_p2	box023	box023_person2	known_guard	115	157	left	False	nan	nan	nan	-0.15531490061010317	0.45541594747956887	0.5274374753710771	-0.1513614902306586	0.534631441874783	0.5169839594987249	-0.15383237171781142	0.48512175787777423	0.523517406918945	-0.15630325320496422	0.4356120738807654	0.530050854339165	-0.15531490061010317	0.45541594747956887	0.5274374753710771	-0.15361359216978832	0.4261357286713994	0.5160013002217388	-0.15082989386233076	0.38491976194990835	0.5306269173661772	nan	0.03000000000000011	nan	nan	nan		+y	False	True	False	False	lh3	NA
box023_p2	box023	box023_person2	known_guard	115	157	right	False	nan	nan	nan	0.22433375029012065	0.519988602563057	0.4649100772159051	0.19196387434818588	0.5920289193861136	0.47765307072360913	0.2121950468118951	0.5470037213717033	0.46968869978129413	0.2324262192756043	0.5019785233572929	0.4617243288389791	0.22433375029012065	0.519988602563057	0.4649100772159051	0.23358890836216217	0.4971741982530881	0.4452931821265032	0.24578218000683288	0.4551063328093998	0.44673713209682964	nan	0.030000000000000054	nan	nan	nan		+y	False	True	False	False	rh3	NA
box023_p2	box023	box023_person2	known_guard	116	158	left	False	nan	nan	nan	-0.1589512658197924	0.4570410090143272	0.5092564005563153	-0.1531469773030576	0.5366566473105061	0.5039970875302129	-0.15677465762601683	0.4868968733753943	0.5072841581715268	-0.1604023379489761	0.4371370994402825	0.5105712288128408	-0.1589512658197924	0.4570410090143272	0.5092564005563153	-0.15889900165995943	0.4285988744680691	0.4957636611450671	-0.15651556093753918	0.38639846320131194	0.5073333657717619	nan	0.030000000000000034	nan	nan	nan		+y	False	True	False	False	lh3	NA
box023_p2	box023	box023_person2	known_guard	116	158	right	False	nan	nan	nan	0.21389819839571544	0.5138024786192236	0.44807259684631917	0.18414489829376782	0.5862661398827486	0.4643132535241927	0.20274071085748513	0.5409763515930455	0.45416284310052174	0.22133652342120233	0.4956865633033423	0.44401243267685087	0.21389819839571544	0.5138024786192236	0.44807259684631917	0.22150618561498392	0.4912880166384735	0.4274281036315511	0.23265087259969702	0.4489064590734111	0.4271717868785488	nan	0.030000000000000023	nan	nan	nan		+y	False	True	False	False	rh3	NA
box023_p2	box023	box023_person2	known_guard	117	159	left	False	nan	nan	nan	-0.16419117482222473	0.453158557508465	0.4819159565800199	-0.15808136001523612	0.5329133610403369	0.483272966755665	-0.16189999426960397	0.483066608832917	0.4824248353958868	-0.16571862852397184	0.433219856625497	0.48157670403610864	-0.16419117482222473	0.453158557508465	0.4819159565800199	-0.16478775317047314	0.4259752704935607	0.46605012009878016	-0.16226214491099775	0.3829322722919835	0.4738817977382383	nan	0.030000000000000023	nan	nan	nan		+y	False	True	False	False	lh3	NA
box023_p2	box023	box023_person2	known_guard	117	159	right	False	nan	nan	nan	0.20248036243461418	0.5108159562106924	0.4302456253653552	0.174241510526139	0.5830390580184579	0.44990245135930357	0.191890792968936	0.5378996193886044	0.43761693511308586	0.209540075411733	0.492760180758751	0.42533141886686815	0.20248036243461418	0.5108159562106924	0.4302456253653552	0.2089740024666354	0.4888724221571003	0.40862869865781476	0.21962104756016976	0.4464096895390309	0.40662297253284324	nan	0.02999999999999998	nan	nan	nan		+y	False	True	False	False	rh3	NA
box023_p2	box023	box023_person2	known_guard	118	160	left	False	nan	nan	nan	-0.17342486478722546	0.45238204740322596	0.4359509217988144	-0.16593335092625375	0.5315093680869253	0.4450473134729835	-0.17061554708936114	0.48205479265961315	0.4393620686766278	-0.17529774325246844	0.4326002172323011	0.4336768238802721	-0.17342486478722546	0.45238204740322596	0.4359509217988144	-0.17463390245595023	0.426899896637458	0.4175061397134663	-0.17277655971047315	0.38326092125124217	0.4210563046500251	nan	0.02999999999999997	nan	nan	nan		+y	False	True	False	False	lh3	NA
box023_p2	box023	box023_person2	known_guard	118	160	right	False	nan	nan	nan	0.18708097909540605	0.5045910998003452	0.40651182589240525	0.1614347912006146	0.577067120184253	0.4286364618391607	0.1774636586348593	0.5317696074443107	0.4148085643724386	0.19349252606910397	0.48647209470436836	0.40098066690571643	0.18708097909540605	0.5045910998003452	0.40651182589240525	0.19235717084281795	0.48300480920290795	0.3842144846429797	0.2017478421710164	0.4403266541124592	0.38091955854560594	nan	0.030000000000000106	nan	nan	nan		+y	False	True	False	False	rh3	NA
box023_p2	box023	box023_person2	known_guard	119	161	left	False	nan	nan	nan	-0.17506006931502938	0.45651847015527885	0.40054456061208116	-0.16776504182283555	0.5345232866554049	0.41673193769021805	-0.17232443400545666	0.4857702763428261	0.4066148270163825	-0.1768838261880779	0.43701726603024726	0.39649771634254694	-0.17506006931502938	0.45651847015527885	0.40054456061208116	-0.17586814133326295	0.43276099873101387	0.37990621433510724	-0.17409047036724842	0.38897535322256394	0.37964032102069506	nan	0.02999999999999997	nan	nan	nan		+y	False	True	False	False	lh3	NA
box023_p2	box023	box023_person2	known_guard	119	161	right	False	nan	nan	nan	0.17558255306471582	0.49966456238298956	0.394454381137345	0.15234728609877246	0.5721654540071679	0.4190255651283637	0.16686932795248707	0.5268523967420564	0.403668575133977	0.18139136980620157	0.481539339476945	0.38831158513959024	0.17558255306471582	0.49966456238298956	0.394454381137345	0.17986715348271037	0.47857430717325344	0.3714800279940654	0.18801147974689794	0.4357649878773717	0.36684340217009487	nan	0.029999999999999995	nan	nan	nan		+y	False	True	False	False	rh3	NA
box023_p2	box023	box023_person2	known_guard	120	162	left	False	nan	nan	nan	-0.17645109681010446	0.46243442602556545	0.36981737023296135	-0.169854786669113	0.5388885817893134	0.39242822512561015	-0.17397748050723266	0.4911047344369709	0.37829644081770464	-0.17810017434535233	0.44332088708462836	0.3641646565097992	-0.17645109681010446	0.46243442602556545	0.36981737023296135	-0.17614810734739053	0.44035891431630253	0.3473765202920749	-0.17449361350857684	0.39671409021440746	0.34379803665208586	nan	0.02999999999999996	nan	nan	nan		+y	False	True	False	False	lh3	NA
box023_p2	box023	box023_person2	known_guard	120	162	right	False	nan	nan	nan	0.16646906796502897	0.49816921935233327	0.386622751907986	0.14460926711769279	0.570038262384147	0.4141361988132016	0.15827164264727786	0.5251201104892634	0.3969402944974419	0.171934018176863	0.4802019585943798	0.3797443901816822	0.16646906796502897	0.49816921935233327	0.386622751907986	0.17039840990359434	0.47796833960022134	0.36280128476013085	0.17770402053998846	0.43523407200986763	0.3564078041234777	nan	0.030000000000000065	nan	nan	nan		+y	False	True	False	False	rh3	NA
box023_p2	box023	box023_person2	known_guard	121	163	left	False	nan	nan	nan	-0.17656995721692975	0.4665488220934175	0.35624570267813704	-0.1701188840864763	0.5420913586526682	0.3817742910774166	-0.1741508047930097	0.4948772733031365	0.36581892332786686	-0.17818272549954306	0.44766318795360494	0.3498635555783171	-0.17656995721692975	0.4665488220934175	0.35624570267813704	-0.17562965192686933	0.44526971063230664	0.33306538759622323	-0.174246331734406	0.4017616907040927	0.3280104698836419	nan	0.03000000000000002	nan	nan	nan		+y	False	True	False	False	lh3	NA
box023_p2	box023	box023_person2	known_guard	121	163	right	False	nan	nan	nan	0.16352897755418078	0.4976541868921958	0.3908010158288445	0.14263737548898636	0.569944103591108	0.4179618130707129	0.1556946267797329	0.5247629056542878	0.4009863147945451	0.16875187807047937	0.47958170771746766	0.3840108165183774	0.16352897755418078	0.4976541868921958	0.3908010158288445	0.16725545217680526	0.4773097313209418	0.36706930534894	0.17394331314346384	0.4344472645252076	0.3608606320783425	nan	0.029999999999999902	nan	nan	nan		+y	False	True	False	False	rh3	NA
box023_p2	box023	box023_person2	known_guard	122	164	left	False	nan	nan	nan	-0.17231591938006013	0.4687377985719338	0.34786833639732545	-0.16744727696220255	0.5438242590409836	0.3750403767188921	-0.17049017847336356	0.4968952212478276	0.3580578515179129	-0.17353307998452455	0.4499661834546713	0.34107532631693377	-0.17231591938006013	0.4687377985719338	0.34786833639732545	-0.17034035996265157	0.44791491953208384	0.32434140205836487	-0.1684062328295541	0.40452373011908455	0.3185209725666579	nan	0.030000000000000044	nan	nan	nan		+y	False	True	False	False	lh3	NA
box023_p2	box023	box023_person2	known_guard	122	164	right	False	nan	nan	nan	0.16182476652275848	0.4962098018318576	0.39635016803513134	0.14110633201704956	0.5688554468430752	0.4226818358998299	0.15405535358311762	0.5234519187110642	0.4062245434843933	0.16700437514918573	0.4780483905790533	0.3897672510689567	0.16182476652275848	0.4962098018318576	0.39635016803513134	0.16572892816852425	0.4756616007076649	0.3728234487502574	0.1721757414008632	0.4327048866653743	0.367024700114387	nan	0.03000000000000002	nan	nan	nan		+y	False	True	False	False	rh3	NA
box023_p2	box023	box023_person2	known_guard	123	165	left	False	nan	nan	nan	-0.16486548936217366	0.46801190201484544	0.3539621981994367	-0.16085931866774075	0.5434284165158068	0.3803496940429867	-0.16336317535176137	0.49629309495270596	0.3638575091407679	-0.16586703203578188	0.44915777338960516	0.3473653242385492	-0.16486548936217366	0.46801190201484544	0.3539621981994367	-0.1622832490789121	0.4469210134386333	0.3307346666884257	-0.16007964601309738	0.403471297782537	0.32547349677647547	nan	0.03000000000000004	nan	nan	nan		+y	False	True	False	False	lh3	NA
box023_p2	box023	box023_person2	known_guard	123	165	right	False	nan	nan	nan	0.16706123362220185	0.49345747742456875	0.4131165893267888	0.14577101149068972	0.5668751645492517	0.43670831793774556	0.15907740032288478	0.520989110096325	0.42196348755589763	0.1723837891550799	0.47510305564339805	0.4072186571740496	0.16706123362220185	0.49345747742456875	0.4131165893267888	0.17180174626653955	0.4722914340832735	0.39030203877129716	0.17818297522871673	0.42916274256146425	0.3858678474747141	nan	0.03000000000000014	nan	nan	nan		+y	False	True	False	False	rh3	NA
box023_p2	box023	box023_person2	known_guard	124	166	left	False	nan	nan	nan	-0.1556365078547015	0.4651538176486855	0.37377105429485297	-0.15242466175594843	0.5414281946007633	0.39768555753473395	-0.15443206556766909	0.49375670900571467	0.38273899300980835	-0.1564394693793898	0.44608522341066603	0.36779242848488275	-0.1556365078547015	0.4651538176486855	0.37377105429485297	-0.15316314386966784	0.4433828899558034	0.3511674938695895	-0.15029682077749346	0.3998320586349916	0.34722758916170937	nan	0.030000000000000002	nan	nan	nan		+y	False	True	False	False	lh3	NA
box023_p2	box023	box023_person2	known_guard	124	166	right	False	nan	nan	nan	0.17246266157856388	0.4914868650053991	0.4337879689308147	0.15110515535797583	0.5660615346475815	0.45334495171949973	0.16445359674584337	0.5194523661212175	0.44112183747657163	0.17780203813371093	0.47284319759485344	0.4288987232336435	0.17246266157856388	0.4914868650053991	0.4337879689308147	0.17764970817156264	0.4692457458182918	0.4121222187048763	0.18382173319591577	0.4259174435535449	0.409879341566179	nan	0.030000000000000013	nan	nan	nan		+y	False	True	False	False	rh3	NA
box023_p2	box023	box023_person2	known_guard	125	167	left	False	nan	nan	nan	-0.14787322413587609	0.4618673978047419	0.4088291341242026	-0.14480534521808006	0.5396338709601314	0.4273484152095424	-0.14672276954170257	0.491029825238013	0.415773864531205	-0.1486401938653251	0.44242577951589446	0.4041993138528675	-0.14787322413587609	0.4618673978047419	0.4088291341242026	-0.14564801091656043	0.4385991599868429	0.387742425018987	-0.1425227240236738	0.39489904252003977	0.3867698608131609	nan	0.030000000000000013	nan	nan	nan		+y	False	True	False	False	lh3	NA
box023_p2	box023	box023_person2	known_guard	125	167	right	False	nan	nan	nan	0.17819877486175711	0.49063543478231264	0.46243364632077033	0.15662854063747708	0.5662675175336109	0.47707991049326404	0.1701099370276521	0.5189974658140495	0.46792599538545554	0.18359133341782716	0.4717274140944881	0.4587720802776469	0.17819877486175711	0.49063543478231264	0.46243364632077033	0.1841501633592523	0.46725043008630673	0.4422173138584897	0.19004907364218065	0.42382725040913666	0.44252794564045245	nan	0.030000000000000016	nan	nan	nan		+y	False	True	False	False	rh3	NA
box023_p2	box023	box023_person2	known_guard	126	168	left	False	nan	nan	nan	-0.1406236199605882	0.460420141811465	0.4289907557904535	-0.13754834993206286	0.5389049252113938	0.44417895808427127	-0.1394703936998912	0.4898519355864383	0.4346863316506351	-0.14139243746771948	0.4407989459614827	0.42519370521699895	-0.1406236199605882	0.460420141811465	0.4289907557904535	-0.13836069868826775	0.4362709924142811	0.40892313170045536	-0.13526381508853472	0.3925673653714669	0.4098263820433894	nan	0.03000000000000002	nan	nan	nan		+y	False	True	False	False	lh3	NA
box023_p2	box023	box023_person2	known_guard	126	168	right	False	nan	nan	nan	0.18352476921745844	0.4904428762565426	0.4911853315121564	0.16141803893479667	0.5667630943029142	0.5004867719148002	0.17523474536146025	0.5190629580239319	0.4946733716631477	0.18905145178812385	0.4713628217449496	0.4888599714114955	0.18352476921745844	0.4904428762565426	0.4911853315121564	0.1906399570203074	0.4660295853897061	0.4726288528729524	0.1963062022602467	0.4226736811051654	0.475565755400517	nan	0.02999999999999992	nan	nan	nan		+y	False	True	False	False	rh3	NA
box023_p2	box023	box023_person2	known_guard	127	169	left	False	nan	nan	nan	-0.14855493349776738	0.45940508581075395	0.42956414452054625	-0.14365615614631871	0.5380698162925077	0.443270426244412	-0.14671789199097413	0.48890435974141155	0.4347040001669959	-0.14977962783562945	0.4397389031903155	0.4261375740895798	-0.14855493349776738	0.45940508581075395	0.42956414452054625	-0.1467756207881926	0.4348277108055935	0.40997336990474903	-0.14474332234723336	0.3910874645280857	0.4117267051663387	nan	0.029999999999999943	nan	nan	nan		+y	False	True	False	False	lh3	NA
box023_p2	box023	box023_person2	known_guard	127	169	right	False	nan	nan	nan	0.18442903543276978	0.48975397070654847	0.5054436046548736	0.1609451297095271	0.5660814184864279	0.5102003774465497	0.1756225707865538	0.5183767636240032	0.5072273944517521	0.19030001186358045	0.47067210876157856	0.5042544114569545	0.18442903543276978	0.48975397070654847	0.5054436046548736	0.19303180093968614	0.464730456633309	0.4883909292939456	0.19894386332164962	0.4216007150669791	0.493424722964645	nan	0.029999999999999947	nan	nan	nan		+y	False	True	False	False	rh3	NA
box023_p2	box023	box023_person2	known_guard	128	170	left	False	nan	nan	nan	-0.16693463262111255	0.4581303415192617	0.43753029342480965	-0.1584400307437411	0.5370154009283444	0.4477767143106835	-0.16374915691709824	0.48771223879766773	0.44137270125701233	-0.16905828309045542	0.43840907666699114	0.4349686882033412	-0.16693463262111255	0.4581303415192617	0.43753029342480965	-0.16595862295191424	0.4326146848268506	0.41911805742289115	-0.1661316188761932	0.3889555396286428	0.4228946536260479	nan	0.030000000000000082	nan	nan	nan		+y	False	True	False	False	lh3	NA
box023_p2	box023	box023_person2	known_guard	128	170	right	False	nan	nan	nan	0.18306367319172898	0.48957396056694924	0.5191438795751642	0.1585240539399992	0.5657110740402123	0.5201170388322279	0.17386131597233032	0.5181253781194229	0.5195088142965631	0.18919857800466144	0.4705396821986335	0.5189005897608983	0.18306367319172898	0.48957396056694924	0.5191438795751642	0.19302139233496296	0.4641793523219193	0.5034297054176804	0.19904229362228018	0.4212880289880545	0.5101042314880502	nan	0.03000000000000008	nan	nan	nan		+y	False	True	False	False	rh3	NA
box023_p2	box023	box023_person2	known_guard	129	171	left	False	nan	nan	nan	-0.1797830778621113	0.45848913813967973	0.44306204940658955	-0.16857271387411818	0.5371242858278265	0.45259311898560656	-0.17557919136661385	0.48797731852273485	0.44663620049872094	-0.18258566885910954	0.4388303512176431	0.4406792820118353	-0.1797830778621113	0.45848913813967973	0.44306204940658955	-0.1797959010095243	0.4328071126386312	0.4248564138054884	-0.1814068936365279	0.38921041008036245	0.42899716189143633	nan	0.03000000000000011	nan	nan	nan		+y	False	True	False	False	lh3	NA
box023_p2	box023	box023_person2	known_guard	129	171	right	False	nan	nan	nan	0.18076100124748495	0.4885646681056954	0.5217862583212884	0.15631073196002937	0.5647356540828463	0.52219273961186	0.1715921502646891	0.517128787847127	0.5219386888052527	0.18687356856934886	0.4695219216114076	0.5216846379986454	0.18076100124748495	0.4885646681056954	0.5217862583212884	0.1909526397796715	0.463126668659942	0.5062938002809093	0.19680046700361697	0.4202404727422768	0.5131526109924192	nan	0.030000000000000044	nan	nan	nan		+y	False	True	False	False	rh3	NA
box023_p2	box023	box023_person2	known_guard	130	172	left	False	nan	nan	nan	-0.18498233580549078	0.45812306398849584	0.45423946611054106	-0.1726373458635832	0.53676307954174	0.4621986857406123	-0.1803529645772755	0.4876130698209624	0.45722417347181776	-0.18806858329096773	0.4384630601001848	0.4522496612030233	-0.18498233580549078	0.45812306398849584	0.45423946611054106	-0.18556652644090055	0.43212108799766963	0.4365034087193479	-0.18768235515107545	0.3886304500502517	0.44145328202131334	nan	0.029999999999999995	nan	nan	nan		+y	False	True	False	False	lh3	NA
box023_p2	box023	box023_person2	known_guard	130	172	right	False	nan	nan	nan	0.17570255762417114	0.48714677732614275	0.5222567623059541	0.1520144446424387	0.5635566252752687	0.5228958552226136	0.16681951525602146	0.515800470307065	0.5224964221497014	0.18162458586960425	0.4680443153388612	0.5220969890767893	0.17570255762417114	0.48714677732614275	0.5222567623059541	0.1857305893558819	0.46168363034701215	0.50669898954078	0.19110781241485608	0.4187078824922828	0.5133800625389268	nan	0.03	nan	nan	nan		+y	False	True	False	False	rh3	NA
box023_p2	box023	box023_person2	known_guard	131	173	left	False	nan	nan	nan	-0.18304356480616796	0.4579761073715166	0.4543748475059969	-0.17188244589137	0.5368958250009694	0.46123834470911235	-0.1788581452131187	0.4875710014825614	0.4569486589571652	-0.18583384453486745	0.4382461779641533	0.452658973205218	-0.18304356480616796	0.4579761073715166	0.4543748475059969	-0.1833261232004323	0.43173883424408943	0.4369812445008595	-0.18473258694563274	0.3882888860448709	0.44250731246355834	nan	0.029999999999999964	nan	nan	nan		+y	False	True	False	False	lh3	NA
box023_p2	box023	box023_person2	known_guard	131	173	right	False	nan	nan	nan	0.17305433715169533	0.4850674231223463	0.5120875284703426	0.14956902250810244	0.5615169786531647	0.514063750935488	0.164247344160348	0.5137360064464032	0.5128286118947721	0.17892566581259356	0.4659550342396417	0.511593472854056	0.17305433715169533	0.4850674231223463	0.5120875284703426	0.18296117382353638	0.4598374376186537	0.49607878128179816	0.188249001072322	0.41674417032103694	0.5020349012024302	nan	0.029999999999999936	nan	nan	nan		+y	False	True	False	False	rh3	NA
box023_p2	box023	box023_person2	known_guard	132	174	left	False	nan	nan	nan	-0.18148611955060376	0.4570718223915633	0.4551177810025507	-0.17118275725830093	0.5361363912161845	0.46164730487878414	-0.17762235869099022	0.4867210357007962	0.45756635245613825	-0.1840619601236796	0.43730568018540794	0.4534854000334923	-0.18148611955060376	0.4570718223915633	0.4551177810025507	-0.18150863483940988	0.43076349075966286	0.43782954958006504	-0.18242780824706434	0.3873232123886518	0.4435313827243653	nan	0.030000000000000006	nan	nan	nan		+y	False	True	False	False	lh3	NA
box023_p2	box023	box023_person2	known_guard	132	174	right	False	nan	nan	nan	0.1738170313499674	0.4855007937464196	0.5034035729166991	0.1498162038844189	0.5617305254193595	0.507007499947115	0.1648167210503867	0.514086943123772	0.504755045553105	0.17981723821635454	0.4664433608281845	0.502502591159095	0.1738170313499674	0.4855007937464196	0.5034035729166991	0.18368531984704084	0.4606213350160815	0.48683230310024456	0.189360624865961	0.417472779028976	0.4919761535136646	nan	0.02999999999999999	nan	nan	nan		+y	False	True	False	False	rh3	NA
box023_p2	box023	box023_person2	known_guard	133	175	left	False	nan	nan	nan	-0.1786924429514611	0.4557956286397211	0.46315121115044827	-0.1695794441305689	0.5350820547283662	0.4686843739512544	-0.17527506839362647	0.485528038422963	0.46522614720075056	-0.18097069265668417	0.4359740221175598	0.4617679204502468	-0.1786924429514611	0.4557956286397211	0.46315121115044827	-0.178314436809242	0.42927403349103355	0.44619615679974634	-0.1785830871200978	0.3859001970351972	0.45244529306186504	nan	0.029999999999999947	nan	nan	nan		+y	False	True	False	False	lh3	NA
box023_p2	box023	box023_person2	known_guard	133	175	right	False	nan	nan	nan	0.17819416611012973	0.4860513811950243	0.5017431473246646	0.15300105523216262	0.5618232386041624	0.5066352623130618	0.1687467495308921	0.5144658277234511	0.5035776904453135	0.18449244382962154	0.4671084168427397	0.5005201185775653	0.17819416611012973	0.4860513811950243	0.5017431473246646	0.18824120302963218	0.4615467571637732	0.4847267429415117	0.1946911293273881	0.4184371641006129	0.4892464337039467	nan	0.02999999999999998	nan	nan	nan		+y	False	True	False	False	rh3	NA
box023_p2	box023	box023_person2	known_guard	134	176	left	False	nan	nan	nan	-0.1777824945100455	0.45580142555246383	0.46916478371179576	-0.16872817931358608	0.5351256378282224	0.4742331881109691	-0.1743871263113732	0.4855480051558733	0.47106543536148576	-0.18004607330916042	0.43597037248352416	0.46789768261200243	-0.1777824945100455	0.45580142555246383	0.46916478371179576	-0.1774162774066664	0.42918525579035216	0.45235832191469694	-0.1776335465421756	0.38584702426051554	0.45885170684851506	nan	0.030000000000000023	nan	nan	nan		+y	False	True	False	False	lh3	NA
box023_p2	box023	box023_person2	known_guard	134	176	right	False	nan	nan	nan	0.18300095426689356	0.4880105390698804	0.5012181694812009	0.1572922862282976	0.5635707627626598	0.5066694980512284	0.17336020375242012	0.5163456229546727	0.5032624176949612	0.18942812127654254	0.4691204831466855	0.499855337338694	0.18300095426689356	0.4880105390698804	0.5012181694812009	0.19285516515043843	0.463582096709005	0.483980904628858	0.19977067939760734	0.4205305965141496	0.4883638444613647	nan	0.02999999999999995	nan	nan	nan		+y	False	True	False	False	rh3	NA
box023_p2	box023	box023_person2	known_guard	135	177	left	False	nan	nan	nan	-0.17793858598490545	0.43947778666500115	0.4818194189086204	-0.16676343739857535	0.5181503238386744	0.4910794377385394	-0.17374790526503173	0.4689799881051286	0.48529192596984005	-0.1807323731314881	0.41980965237158285	0.47950441420114065	-0.17793858598490545	0.43947778666500115	0.4818194189086204	-0.17767359026852397	0.41368744651712547	0.4637694909797651	-0.179432451337285	0.37011892943042973	0.46814033672364547	nan	0.02999999999999999	nan	nan	nan		+y	False	True	False	False	lh3	NA
box023_p2	box023	box023_person2	known_guard	135	177	right	False	nan	nan	nan	0.1851059933452566	0.46588563212854295	0.5215324017468602	0.16091590080394927	0.5415600233768312	0.5309252677654933	0.1760347086422663	0.494263528846651	0.5250547265038478	0.1911535164805834	0.44696703431647083	0.519184185242202	0.1851059933452566	0.46588563212854295	0.5215324017468602	0.19456899314362078	0.4422233573080209	0.5030519809442906	0.2005726212167835	0.39886350859074604	0.505136720035873	nan	0.029999999999999995	nan	nan	nan		+y	False	True	False	False	rh3	NA
box025_p2	box025	box025_person2	large_box_partial_guard	0	38	left	False	nan	nan	nan	-0.14791973657560697	0.3412158583616225	0.5422162330709992	-0.12032125041326168	0.41597809840693933	0.5492113045469224	-0.1375703042647275	0.3692516983786164	0.5448393848744704	-0.15481935811619324	0.3225252983502933	0.5404674652020184	-0.14791973657560697	0.3412158583616225	0.5422162330709992	-0.15937754195461715	0.3177558728985824	0.524627613344586	-0.16690537153311447	0.27468747424581663	0.5276039172997034	nan	0.030000000000000096	nan	nan	nan		+z	False	True	False	False	lh3	NA
box025_p2	box025	box025_person2	large_box_partial_guard	0	38	right	False	nan	nan	nan	0.21712917560396658	0.3293396940088767	0.5618761689891235	0.1997152202004412	0.407415808164412	0.5609409922272943	0.21059894232764456	0.35861823681720245	0.5615254777034376	0.2214826644548479	0.3098206654699929	0.5621099631795808	0.21712917560396658	0.3293396940088767	0.5618761689891235	0.22753557447965875	0.3033977153095762	0.5473952100598664	0.22836618488715663	0.260021776595815	0.5535842483500037	nan	0.030000000000000054	nan	nan	nan		+z	False	True	False	False	rh3	NA
box025_p2	box025	box025_person2	large_box_partial_guard	1	39	left	False	nan	nan	nan	-0.14822619129533351	0.343124537754334	0.5415777030836786	-0.12007877563644419	0.41763023669507393	0.5491025829549818	-0.13767091042325	0.3710641748571115	0.5443995330354173	-0.1552630452100558	0.32449811301914905	0.5396964831158526	-0.14822619129533351	0.343124537754334	0.5415777030836786	-0.15980426601682707	0.3198563945527488	0.5238138785066419	-0.1676722254155596	0.276830525659133	0.5265126535545085	nan	0.030000000000000075	nan	nan	nan		+z	False	True	False	False	lh3	NA
box025_p2	box025	box025_person2	large_box_partial_guard	1	39	right	False	nan	nan	nan	0.21678630617491726	0.329673615229643	0.5645382648080923	0.1999896308102216	0.40788138197621665	0.5633479214935181	0.21048755291315638	0.3590015277596081	0.5640918860651271	0.22098547501609117	0.3101216735429995	0.5648358506367359	0.21678630617491726	0.329673615229643	0.5645382648080923	0.22706703176264523	0.3036206070395528	0.5501672866387842	0.2275245820458022	0.26025263023331957	0.5564502320768888	nan	0.029999999999999957	nan	nan	nan		+z	False	True	False	False	rh3	NA
box025_p2	box025	box025_person2	large_box_partial_guard	2	40	left	False	nan	nan	nan	-0.148960148748443	0.3436855148186482	0.5367548321868144	-0.1203913064059072	0.41794897240448164	0.5450470040738687	-0.13824683286999206	0.37153431141333576	0.5398643966444597	-0.15610235933407693	0.32511965042218977	0.5346817892150508	-0.148960148748443	0.3436855148186482	0.5367548321868144	-0.16058674173964366	0.3206377093287126	0.5187372639983835	-0.16873628338098254	0.27764110185865326	0.5210373255217824	nan	0.030000000000000044	nan	nan	nan		+z	False	True	False	False	lh3	NA
box025_p2	box025	box025_person2	large_box_partial_guard	2	40	right	False	nan	nan	nan	0.21715138795314534	0.32981004646065326	0.5627644446854335	0.2004527365117131	0.4080391625102507	0.5615980647575475	0.21088939366260825	0.3591459649792524	0.5623270522124764	0.22132605081350343	0.3102527674482539	0.5630560396674051	0.21715138795314534	0.32981004646065326	0.5627644446854335	0.22751039925297117	0.303772791996581	0.5484211594003593	0.22787155618247304	0.2603923831451274	0.5546240507792887	nan	0.030000000000000096	nan	nan	nan		+z	False	True	False	False	rh3	NA
box025_p2	box025	box025_person2	large_box_partial_guard	3	41	left	False	nan	nan	nan	-0.15330128459711861	0.3458946665368307	0.5328324777783406	-0.12392810405463307	0.41977433062034536	0.5417213190822218	-0.14228634189368655	0.37359954056814876	0.5361657932672961	-0.16064457973274004	0.3274247505159521	0.5306102674523702	-0.15330128459711861	0.3458946665368307	0.5328324777783406	-0.16516130792268524	0.32311457411805417	0.5146275608046571	-0.17378442027596958	0.2801936643197753	0.5165899576402506	nan	0.030000000000000044	nan	nan	nan		+z	False	True	False	False	lh3	NA
box025_p2	box025	box025_person2	large_box_partial_guard	3	41	right	False	nan	nan	nan	0.21524609312413437	0.33028958383436263	0.5606744435343257	0.19877574023409458	0.40856722806917267	0.5595177721349789	0.20906971079036946	0.3596437004224164	0.5602406917595707	0.21936368134664427	0.31072017277566005	0.5609636113841623	0.21524609312413437	0.33028958383436263	0.5606744435343257	0.22557438768498417	0.30423374611805926	0.54634275765053	0.22579193548688353	0.26084770745300245	0.5525128864833733	nan	0.02999999999999999	nan	nan	nan		+z	False	True	False	False	rh3	NA
box025_p2	box025	box025_person2	large_box_partial_guard	4	42	left	False	nan	nan	nan	-0.15231666649450623	0.34671986315547487	0.5314450200294094	-0.12301291367749624	0.42061824037878454	0.5404071578659416	-0.1413277591881275	0.3744317546142161	0.5348058217181089	-0.15964260469875874	0.32824526884964744	0.5292044855702762	-0.15231666649450623	0.34671986315547487	0.5314450200294094	-0.16416155383546552	0.3239490533531109	0.51321864818161	-0.17274144565743432	0.2810174047309437	0.515135042925858	nan	0.030000000000000037	nan	nan	nan		+z	False	True	False	False	lh3	NA
box025_p2	box025	box025_person2	large_box_partial_guard	4	42	right	False	nan	nan	nan	0.21588329529913952	0.3311421588297792	0.559532254271137	0.19967751745019116	0.409475239859245	0.5583915611740692	0.2098061286057839	0.36051706421582896	0.5591044943597365	0.21993473976137662	0.3115588885724128	0.5598174275454038	0.21588329529913952	0.3311421588297792	0.559532254271137	0.2261591776073661	0.30506205089867844	0.5452070394037984	0.22621674730491906	0.2616711830234012	0.5513467005235959	nan	0.030000000000000117	nan	nan	nan		+z	False	True	False	False	rh3	NA
box025_p2	box025	box025_person2	large_box_partial_guard	5	43	left	False	nan	nan	nan	-0.14801071798524107	0.3452377712176354	0.5331556606916998	-0.11986349431533146	0.41965029572541807	0.5415526837388706	-0.13745550910902496	0.3731424679080539	0.536304544334389	-0.15504752390271845	0.3266346400906896	0.531056404929907	-0.14801071798524107	0.3452377712176354	0.5331556606916998	-0.15953762188094275	0.32216097861456106	0.5151111630360804	-0.16742886810565083	0.27911214105600735	0.5173336354853987	nan	0.030000000000000006	nan	nan	nan		+z	False	True	False	False	lh3	NA
box025_p2	box025	box025_person2	large_box_partial_guard	5	43	right	False	nan	nan	nan	0.21671340198047426	0.3310369472392433	0.5591973941826173	0.2006146279789787	0.40939289375734245	0.5581133642468851	0.21067636172991344	0.36042042718353046	0.5587908829567176	0.22073809548084816	0.3114479606097185	0.5594684016665502	0.21671340198047426	0.3310369472392433	0.5591973941826173	0.22694822134349918	0.3049520536992428	0.5448515108177319	0.22694856232129623	0.26155718283937385	0.5509630859702469	nan	0.02999999999999997	nan	nan	nan		+z	False	True	False	False	rh3	NA
box025_p2	box025	box025_person2	large_box_partial_guard	6	44	left	False	nan	nan	nan	-0.1447062211534896	0.34209115412972285	0.535514187773308	-0.117397354956935	0.41683105295459133	0.5437709032647795	-0.13446539632978163	0.37011861618904857	0.5386104560826097	-0.15153343770262823	0.3234061794235058	0.53345000890044	-0.1447062211534896	0.34209115412972285	0.535514187773308	-0.15602273046468798	0.3188695796056944	0.5175223324063857	-0.16340674621929346	0.27573365999009386	0.5197988025164222	nan	0.030000000000000037	nan	nan	nan		+z	False	True	False	False	lh3	NA
box025_p2	box025	box025_person2	large_box_partial_guard	6	44	right	False	nan	nan	nan	0.21777408888972977	0.3292703743644439	0.5612585430220491	0.20165090338563557	0.40762144629511693	0.5601850363778804	0.21172789432569444	0.3586520263384463	0.5608559780304858	0.22180488526575332	0.3096826063817756	0.5615269196830914	0.21777408888972977	0.3292703743644439	0.5612585430220491	0.22793462560083094	0.30317326886595164	0.546882098877243	0.22797947948344272	0.2597846401969121	0.553037670195587	nan	0.030000000000000016	nan	nan	nan		+z	False	True	False	False	rh3	NA
box025_p2	box025	box025_person2	large_box_partial_guard	7	45	left	False	nan	nan	nan	-0.1449042527940807	0.338067338532109	0.540960232785344	-0.11852235381997456	0.41321953180562004	0.5484531129192377	-0.1350110406787909	0.3662494110096756	0.5437700628355542	-0.15149972753760724	0.31927929021373125	0.5390870127518707	-0.1449042527940807	0.338067338532109	0.540960232785344	-0.1560205400973986	0.31455504337296625	0.5232229303171234	-0.16283020139921076	0.2713471449685109	0.5258911871140929	nan	0.02999999999999996	nan	nan	nan		+z	False	True	False	False	lh3	NA
box025_p2	box025	box025_person2	large_box_partial_guard	7	45	right	False	nan	nan	nan	0.21807611785627076	0.3275330114935775	0.5624580365560496	0.2012280878848841	0.40573624048807305	0.5618264821896259	0.21175810661700079	0.3568592223665134	0.5622212036686407	0.2222881253491174	0.3079822042449536	0.5626159251476555	0.21807611785627076	0.3275330114935775	0.5624580365560496	0.2283951561386343	0.3015947370526254	0.5479080903067068	0.22887311856808848	0.25818144126842857	0.5538682470979057	nan	0.03000000000000008	nan	nan	nan		+z	False	True	False	False	rh3	NA
box025_p2	box025	box025_person2	large_box_partial_guard	8	46	left	False	nan	nan	nan	-0.1470260175720074	0.3342560253697109	0.5440926774024876	-0.12148670868203676	0.4097820756723995	0.55069263400071	-0.13744877673826839	0.3625782942332191	0.5465676611268209	-0.15341084479450004	0.3153745127940388	0.5424426882529318	-0.1470260175720074	0.3342560253697109	0.5440926774024876	-0.1578183024238827	0.31039323859409607	0.5266254005429645	-0.16417135982910036	0.26715283789193334	0.5298378722754651	nan	0.02999999999999997	nan	nan	nan		+z	False	True	False	False	lh3	NA
box025_p2	box025	box025_person2	large_box_partial_guard	8	46	right	False	nan	nan	nan	0.21816057791071256	0.3265343842832878	0.5644705855569646	0.2003495707346588	0.40452436584643375	0.5638954341380155	0.2114814502196924	0.3557806273694675	0.5642549037748587	0.222613329704726	0.30703688889250125	0.564614373411702	0.21816057791071256	0.3265343842832878	0.5644705855569646	0.22892356925896132	0.30076467461364564	0.5499427622965555	0.22988957309295102	0.2573449327401181	0.5557958828433026	nan	0.029999999999999957	nan	nan	nan		+z	False	True	False	False	rh3	NA
box025_p2	box025	box025_person2	large_box_partial_guard	9	47	left	False	nan	nan	nan	-0.15170473855950076	0.33301940661828455	0.5477516789405368	-0.12568984198243452	0.4084886105755809	0.5530075718367579	-0.14194915234310093	0.36132035810227064	0.5497226387766196	-0.15820846270376732	0.31415210562896045	0.5464377057164815	-0.15170473855950076	0.33301940661828455	0.5477516789405368	-0.1627347572607106	0.30894673368294345	0.5307264955022075	-0.16932057723116614	0.2658009484516616	0.5346611820211752	nan	0.029999999999999943	nan	nan	nan		+z	False	True	False	False	lh3	NA
box025_p2	box025	box025_person2	large_box_partial_guard	9	47	right	False	nan	nan	nan	0.23287737105668516	0.3293031576495768	0.5599827400952263	0.2106309602496346	0.40614732730869063	0.5602488145308244	0.22453496700404119	0.3581197212717445	0.5600825180085754	0.23843897375844778	0.31009211523479835	0.5599162214863268	0.23287737105668516	0.3293031576495768	0.5599827400952263	0.24502102162721434	0.3043302118575571	0.5451550195288166	0.24850003900563783	0.2609837229928423	0.5505812990173413	nan	0.03000000000000005	nan	nan	nan		+z	False	True	False	False	rh3	NA
box025_p2	box025	box025_person2	large_box_partial_guard	10	48	left	False	nan	nan	nan	-0.16028936900781163	0.33230422149474914	0.5473688915047384	-0.13279015657335524	0.4072442381333312	0.5526402501240796	-0.14997716434489047	0.3604067277342174	0.5493456509869913	-0.16716417211642573	0.3135692173351037	0.5460510518499031	-0.16028936900781163	0.33230422149474914	0.5473688915047384	-0.17168761718399828	0.3084203010408578	0.530320429750787	-0.1791712028305667	0.26542554465058227	0.534302945880201	nan	0.03000000000000002	nan	nan	nan		+z	False	True	False	False	lh3	NA
box025_p2	box025	box025_person2	large_box_partial_guard	10	48	right	False	nan	nan	nan	0.23912917019757968	0.3296769480175809	0.5559513807755772	0.2148735435080036	0.4058997420741993	0.5572743471766067	0.23003331018898865	0.3582604957888128	0.5564474931759633	0.24519307686997366	0.31062124950342623	0.5556206391753199	0.23912917019757968	0.3296769480175809	0.5559513807755772	0.25210512248042466	0.3052957908541628	0.5408463681760511	0.2566526881617758	0.26196481688858686	0.5455593830788678	nan	0.029999999999999975	nan	nan	nan		+z	False	True	False	False	rh3	NA
box025_p2	box025	box025_person2	large_box_partial_guard	11	49	left	False	nan	nan	nan	-0.1713409046381164	0.3327619446982596	0.5457388996441895	-0.14189956915497576	0.4069205396709435	0.551544978927715	-0.1603004038319387	0.360571417813016	0.5479161793755116	-0.17870123850890157	0.3142222959550886	0.5442873798233081	-0.1713409046381164	0.3327619446982596	0.5457388996441895	-0.18327248584277123	0.30927394300856204	0.5285062877559354	-0.1919119404802577	0.2664728434368094	0.5322264040075371	nan	0.02999999999999993	nan	nan	nan		+z	False	True	False	False	lh3	NA
box025_p2	box025	box025_person2	large_box_partial_guard	11	49	right	False	nan	nan	nan	0.24977603764417286	0.33154210017113334	0.5452225531378317	0.22199016224974044	0.4064428249062043	0.5494447045711887	0.23935633437126075	0.3596298719467849	0.5468058599253407	0.256722506492781	0.3128169189873655	0.5441670152794925	0.24977603764417286	0.33154210017113334	0.5452225531378317	0.2635322938456743	0.30827441323768784	0.5290869487800265	0.2702267031813367	0.26508869099167925	0.5323495314445728	nan	0.02999999999999995	nan	nan	nan		+z	False	True	False	False	rh3	NA
box025_p2	box025	box025_person2	large_box_partial_guard	12	50	left	False	nan	nan	nan	-0.18232286332167094	0.3323846794845708	0.539451446340432	-0.14969902461463244	0.405118717690853	0.5461927247224777	-0.1700889238065315	0.3596599438119267	0.5419794257336992	-0.19047882299843058	0.3142011699330003	0.5377661267449206	-0.18232286332167094	0.3323846794845708	0.539451446340432	-0.1951550107990377	0.3096131178317976	0.5219071100200476	-0.2056876549069983	0.26719821475138655	0.5251402154442606	nan	0.030000000000000103	nan	nan	nan		+z	False	True	False	False	lh3	NA
box025_p2	box025	box025_person2	large_box_partial_guard	12	50	right	False	nan	nan	nan	0.2638949159265835	0.3312299141742117	0.5358328535061193	0.23309039699157008	0.4048435497082675	0.5414997994774164	0.25234322132595344	0.35883502749948265	0.5379579582453556	0.2715960456603369	0.3128265052906978	0.534416117013295	0.2638949159265835	0.3312299141742117	0.5358328535061193	0.2779189037650412	0.30859918008890996	0.5190353772738707	0.28662554366628945	0.2657435605661852	0.5218737685187916	nan	0.030000000000000016	nan	nan	nan		+z	False	True	False	False	rh3	NA
box025_p2	box025	box025_person2	large_box_partial_guard	13	51	left	False	nan	nan	nan	-0.1968240852621364	0.3317448867184915	0.5297045232079214	-0.16118206424673004	0.40297854099988306	0.5371485030343651	-0.18345832738135903	0.3584575070740133	0.5324960156428379	-0.20573459051598803	0.31393647314814355	0.5278435282513103	-0.1968240852621364	0.3317448867184915	0.5297045232079214	-0.21042300466260164	0.30962005144256016	0.5119120298171046	-0.22280560467920732	0.26768472878059896	0.5148298193872519	nan	0.029999999999999933	nan	nan	nan		+z	False	True	False	False	lh3	NA
box025_p2	box025	box025_person2	large_box_partial_guard	13	51	right	False	nan	nan	nan	0.27748459671014863	0.33228425553759455	0.521408264794218	0.24392036328883235	0.4045191679894471	0.5288620999086133	0.26489800917715506	0.35937234770703924	0.5242034529621163	0.2858756550654777	0.31422552742463145	0.5195448060156191	0.27748459671014863	0.33228425553759455	0.521408264794218	0.2917918252621184	0.31037732872574675	0.5039049126373355	0.30234674973403386	0.2678977895913789	0.5060376320820058	nan	0.029999999999999985	nan	nan	nan		+z	False	True	False	False	rh3	NA
box025_p2	box025	box025_person2	large_box_partial_guard	14	52	left	False	nan	nan	nan	-0.20964876717672543	0.33088567497656335	0.5204193753013284	-0.1707559250838789	0.40044065163974357	0.5274515908359484	-0.19506395139190796	0.35696879122525593	0.523056456126811	-0.21937197769993702	0.3134969308107682	0.5186613214176735	-0.20964876717672543	0.33088567497656335	0.5204193753013284	-0.22436230111494201	0.3093656470181022	0.5027725035778275	-0.23861701354133358	0.2680425300515733	0.5058735910840347	nan	0.02999999999999999	nan	nan	nan		+z	False	True	False	False	lh3	NA
box025_p2	box025	box025_person2	large_box_partial_guard	14	52	right	False	nan	nan	nan	0.29888596104570775	0.3264089432196859	0.4925602895274532	0.263345800725094	0.3973366106160716	0.50286383270894	0.2855584009254776	0.3530068184933306	0.4964241182205108	0.30777100112586114	0.3086770263705895	0.48998440373208146	0.29888596104570775	0.3264089432196859	0.4925602895274532	0.3125131268050545	0.30502691354911277	0.4739032069999031	0.32480773990011197	0.2629807407775482	0.47509820156574156	nan	0.0300000000000001	nan	nan	nan		+z	False	True	False	False	rh3	NA
box025_p2	box025	box025_person2	large_box_partial_guard	15	53	left	False	nan	nan	nan	-0.223880558046491	0.33210902683082133	0.5072493442917065	-0.1816419072555627	0.39968077859236745	0.5143172112427743	-0.20804106399989292	0.3574484337414012	0.509899794398357	-0.23444022074422313	0.3152160888904348	0.5054823775539397	-0.223880558046491	0.33210902683082133	0.5072493442917065	-0.2393952396584905	0.31120123422514856	0.4895527166822958	-0.2557583123964912	0.27067554664416066	0.49276706927166164	nan	0.03000000000000002	nan	nan	nan		+z	False	True	False	False	lh3	NA
box025_p2	box025	box025_person2	large_box_partial_guard	15	53	right	False	nan	nan	nan	0.3094075045038039	0.3162731588988882	0.47969088754143896	0.2737954273188259	0.38721127435697583	0.4896690503896896	0.2960529755594371	0.34287495219567105	0.4834326986095329	0.3183105238000483	0.29853863003436626	0.47719634682937634	0.3094075045038039	0.3162731588988882	0.47969088754143896	0.32236056028423027	0.29448566400822584	0.46102270658441147	0.3350321500479179	0.2525719182224465	0.4627932700460469	nan	0.030000000000000037	nan	nan	nan		+z	False	True	False	False	rh3	NA
box025_p2	box025	box025_person2	large_box_partial_guard	16	54	left	False	nan	nan	nan	-0.23602823687553715	0.3285028489365737	0.5037459125852778	-0.19187184031528265	0.39507926489811246	0.5079641445051366	-0.2194695881654417	0.35346900492215066	0.505327749555225	-0.2470673360156008	0.31185874494618904	0.502691354605313	-0.23602823687553715	0.3285028489365737	0.5037459125852778	-0.25212780609753066	0.30730333059324344	0.4869412686203867	-0.2696483243300909	0.26743954339515824	0.49187315233738643	nan	0.029999999999999936	nan	nan	nan		+z	False	True	False	False	lh3	NA
box025_p2	box025	box025_person2	large_box_partial_guard	16	54	right	False	nan	nan	nan	0.31588920711501645	0.3088067372073982	0.465828887915679	0.2794893503680045	0.3792282264280303	0.47659291526353564	0.30223926083488695	0.3352147956651352	0.4698653981711253	0.32498917130176946	0.2912013649022401	0.46313788107871484	0.31588920711501645	0.3088067372073982	0.465828887915679	0.3283389628112944	0.2870011876040993	0.4468420725558862	0.34185178193637356	0.24534798313398307	0.44853925980819054	nan	0.02999999999999996	nan	nan	nan		+z	False	True	False	False	rh3	NA
box025_p2	box025	box025_person2	large_box_partial_guard	17	55	left	False	nan	nan	nan	-0.24105660268033532	0.31601585201289334	0.5016064948384479	-0.19743021857892212	0.38305377097461196	0.5032362284111559	-0.22469670864230537	0.34115507162353786	0.5022176449282134	-0.2519631987056886	0.29925637227246366	0.5011990614452707	-0.24105660268033532	0.31601585201289334	0.5016064948384479	-0.2570092044095407	0.29407008846358534	0.4856406022477744	-0.2742021166817542	0.25428226927250575	0.4921017768722237	nan	0.030000000000000044	nan	nan	nan		+z	False	True	False	False	lh3	NA
box025_p2	box025	box025_person2	large_box_partial_guard	17	55	right	False	nan	nan	nan	0.3193782305948949	0.2982316754229507	0.45253476788938296	0.2824744957150584	0.3683207614168672	0.46374344205076906	0.30553933001495626	0.32451508267066936	0.4567380206999028	0.328604164314854	0.2807094039244715	0.4497325993490364	0.3193782305948949	0.2982316754229507	0.45253476788938296	0.33099164670164544	0.2761203900062516	0.4333723778646878	0.3453297323544299	0.23475401017329908	0.4352980173000744	nan	0.02999999999999998	nan	nan	nan		+z	False	True	False	True	rh3	NA
box025_p2	box025	box025_person2	large_box_partial_guard	18	56	left	False	nan	nan	nan	-0.23184612253949313	0.2978228505695484	0.5024570374345165	-0.19169578777073223	0.3670033958117411	0.5010418420595342	-0.21678974700120782	0.3237655550353707	0.5019263391688982	-0.24188370623168334	0.2805277142590003	0.5028108362782622	-0.23184612253949313	0.2978228505695484	0.5024570374345165	-0.24636646249283786	0.2742416312755964	0.4874871479840381	-0.26164944189768846	0.23403771605281892	0.4958829390236205	nan	0.030000000000000058	nan	nan	nan		+z	False	True	False	False	lh3	NA
box025_p2	box025	box025_person2	large_box_partial_guard	18	56	right	False	nan	nan	nan	0.3219174340721557	0.2847011045682606	0.4421867882867609	0.28560108981983906	0.35530924298763744	0.4519650258118653	0.308298804977537	0.31117915647552685	0.4458536273586751	0.33099652013523484	0.26704906996341643	0.4397422289054848	0.3219174340721557	0.2847011045682606	0.4421867882867609	0.33249931195136395	0.2616685520578578	0.42351855448409864	0.34696419969093056	0.22042162345388353	0.42666880389108	nan	0.02999999999999997	nan	nan	nan		+z	False	True	False	True	rh3	NA
box025_p2	box025	box025_person2	large_box_partial_guard	19	57	left	False	nan	nan	nan	-0.23018257015741955	0.2835954232127358	0.501301124901194	-0.1910993864756975	0.3533083224897234	0.49774916379535816	-0.21552637627677376	0.3097377604416061	0.49996913948650556	-0.2399533660778501	0.2661671983934889	0.502189115177653	-0.23018257015741955	0.2835954232127358	0.501301124901194	-0.2440400146112243	0.25917866394322225	0.4870601675634993	-0.25885180205337704	0.21911151231590004	0.49684014093520956	nan	0.030000000000000023	nan	nan	nan		+z	False	True	False	False	lh3	NA
box025_p2	box025	box025_person2	large_box_partial_guard	19	57	right	False	nan	nan	nan	0.325882056167104	0.27028116648080336	0.43462458187762404	0.2898104751720962	0.34109859082528265	0.44377518042277664	0.3123552132939761	0.2968377006099831	0.43805605633205635	0.3348999514158559	0.25257681039468344	0.4323369322413359	0.325882056167104	0.27028116648080336	0.43462458187762404	0.335730757050446	0.24670510484084968	0.41623572719971214	0.3504334487597364	0.2055963737541704	0.4200264069343316	nan	0.030000000000000013	nan	nan	nan		+z	False	True	False	True	rh3	NA
box025_p2	box025	box025_person2	large_box_partial_guard	20	58	left	False	nan	nan	nan	-0.23978619987337396	0.2764506750947036	0.49720279221282154	-0.19937201048862463	0.34485162718750795	0.4878217981731955	-0.22463087885409297	0.30210103212950523	0.49368491944796183	-0.24988974721956136	0.25935043707150257	0.49954804072272807	-0.23978619987337396	0.2764506750947036	0.49720279221282154	-0.25468961705855264	0.25152616530430416	0.48505088973532834	-0.26998371097357565	0.21251598058096932	0.4978848191834532	nan	0.029999999999999978	nan	nan	nan		+z	False	True	False	False	lh3	NA
box025_p2	box025	box025_person2	large_box_partial_guard	20	58	right	False	nan	nan	nan	0.3296279524951423	0.27004212608385625	0.42125635958355256	0.29225127977779114	0.3400948490566919	0.43103390225393584	0.3156117002261356	0.29631189719866957	0.42492293808494624	0.3389721206744801	0.25252894534064735	0.4188119739159567	0.3296279524951423	0.27004212608385625	0.42125635958355256	0.33965881854297936	0.2466778253042334	0.4026964904214204	0.35527143804014	0.20588244439769748	0.40622482955383543	nan	0.029999999999999975	nan	nan	nan		+z	False	True	False	True	rh3	NA
box025_p2	box025	box025_person2	large_box_partial_guard	21	59	left	True	0.3768	0.2041666828067016	0.43781847372343025	-0.2609874150696568	0.2664486225136637	0.4876708487715873	-0.21795734084195778	0.3329541072845757	0.47647115201923246	-0.24485113723426966	0.29138817930275573	0.48347096248945426	-0.27174493362658153	0.24982225132093563	0.49047077295967606	-0.2609874150696568	0.2664486225136637	0.4876708487715873	-0.27696561997767555	0.24187557118418207	0.47618721336350645	-0.22871485939888253	0.31632773609184767	0.47927107620732123	0.6293980263761588	0.030000000000000034	0.6022784884418066	0.5662782311615114	0.5614455072926104	+x	+z	False	True	False	False	lh	handbox_surface
box025_p2	box025	box025_person2	large_box_partial_guard	21	59	right	True	0.20780885802028504	-0.3778	0.42566747353973217	0.33029084343916726	0.2713540642950126	0.4113342188754873	0.29099379102372946	0.340311430177263	0.42136533855575187	0.3155544487833781	0.29721307650085643	0.4150958887555865	0.3401151065430267	0.25411472282445	0.4088264389554212	0.33029084343916726	0.2713540642950126	0.4113342188754873	0.34086194752318794	0.24828400609108478	0.3927062361393457	0.35765661810727145	0.20795163076888248	0.39612745065277805	0.6836399082710776	0.029999999999999957	0.5958364969296275	0.5564275047495285	0.54167441869337	-y	+z	False	True	False	True	rh3	handbox_surface
box025_p2	box025	box025_person2	large_box_partial_guard	22	60	left	True	0.3400152626680516	0.21511328633998558	0.4692	-0.27975462568189363	0.25121521139586983	0.48007466362522744	-0.23544470135042883	0.31704219313102894	0.46990416307811117	-0.2631384040575943	0.2759003295465546	0.4762607259200588	-0.29083210676475985	0.23475846596208003	0.48261728876200644	-0.27975462568189363	0.25121521139586983	0.48007466362522744	-0.2959516948331194	0.22696779770481526	0.46821171095251696	-0.24652218243329505	0.30058544769723916	0.4724467882148902	0.6062501663149521	0.030000000000000082	0.5812957787284859	0.5403710303089055	0.5397645360598091	+z	+z	True	True	False	False	lh	handbox_surface
box025_p2	box025	box025_person2	large_box_partial_guard	22	60	right	True	0.18933921811758944	-0.3778	0.4244080497869356	0.3017311314887179	0.25752347683319465	0.4647590955400776	0.26409827651720696	0.3281130496759094	0.4656974092276565	0.28761881087440133	0.28399456664921263	0.4651109631729197	0.31113934523159564	0.23987608362251586	0.4645245171181829	0.3017311314887179	0.25752347683319465	0.4647590955400776	0.31369556988196934	0.23304288018554373	0.44899425587660763	0.3283983819031849	0.19251370488692593	0.4568478815481379	0.6702892315687095	0.029999999999999943	0.5808473239979515	0.5432532063497364	0.5264876606328707	-y	+z	False	True	False	True	rh3	handbox_surface
box025_p2	box025	box025_person2	large_box_partial_guard	23	61	left	True	0.33151834107292655	0.21520306686004165	0.4692	-0.2743621401112165	0.23974309181766754	0.4822486780263147	-0.22979137303593952	0.30550122704787847	0.47279804982673423	-0.2576481024579876	0.26440239252899667	0.47870469245147207	-0.2855048318800358	0.22330355801011484	0.4846113350762098	-0.2743621401112165	0.23974309181766754	0.4822486780263147	-0.290725826452825	0.21573939318763966	0.4701216838685708	-0.24093406480475874	0.28906169324032577	0.4751607068766294	0.5912935066510902	0.030000000000000075	0.5672687608867346	0.5242361729292941	0.5253681220963644	+z	+z	True	True	False	False	lh	threebox_surface
box025_p2	box025	box025_person2	large_box_partial_guard	23	61	right	True	0.1670296365149399	-0.3778	0.4252641998659541	0.2893466214951058	0.22443713775151142	0.4742154492613521	0.2563292984162381	0.297282578826262	0.47237205800317855	0.27696512534053036	0.2517541781545429	0.473524177539537	0.2976009522648227	0.20622577748282372	0.47467629707589554	0.2893466214951058	0.22443713775151142	0.4742154492613521	0.299310303131397	0.19847339048493087	0.45946463762152817	0.3115983777129605	0.157517218889006	0.4690595007882906	0.64090038257144	0.030000000000000016	0.5504802516417647	0.5149141398469658	0.497139708620746	-y	+z	False	True	False	False	rh3	handbox_surface
box025_p2	box025	box025_person2	large_box_partial_guard	24	62	left	True	0.3277566053703854	0.2120330934564593	0.4692	-0.26020370153587175	0.2347486566491922	0.4866536047391719	-0.21710766727262829	0.3010952901270455	0.474785325296188	-0.24404268868715542	0.2596286442033872	0.48220299994805293	-0.27097771010168265	0.21816199827972893	0.48962067459991787	-0.26020370153587175	0.2347486566491922	0.4866536047391719	-0.2765343666762471	0.21029099981991578	0.4754222128216946	-0.2278816758384391	0.28450863175758223	0.477752395156934	0.5739240778563436	0.03000000000000007	0.549113802168882	0.5082656592997608	0.5078046963695	+z	+z	True	True	False	False	lh	handbox_surface
box025_p2	box025	box025_person2	large_box_partial_guard	24	62	right	True	0.16106420142951647	-0.3778	0.4229105079500044	0.2896557572188285	0.21955758362808864	0.4742514117713868	0.25660595995728075	0.292395287509369	0.4727087535871085	0.2772620832457481	0.24687172258356876	0.47367291495228253	0.2979182065342154	0.20134815765776867	0.47463707631745644	0.2896557572188285	0.21955758362808864	0.4742514117713868	0.2994190267722309	0.19356377550217108	0.45941975391913104	0.31184379966170084	0.1526293742541006	0.46893111454802455	0.6374115865739867	0.03000000000000004	0.5473418159702678	0.5120448371624347	0.49404399838983987	-y	+z	False	True	False	False	rh3	handbox_surface
box025_p2	box025	box025_person2	large_box_partial_guard	25	63	left	True	0.32666486297428216	0.2096783108759815	0.4692	-0.2558343901752571	0.23229470607721292	0.4875591921575277	-0.21328500346929344	0.2989470426646037	0.47543418830649653	-0.23987837016052077	0.25728933229748446	0.48301231571339104	-0.2664717368517481	0.21563162193036514	0.49059044312028544	-0.2558343901752571	0.23229470607721292	0.4875591921575277	-0.27225604132099607	0.2078494333307736	0.47643400542158715	-0.22392235014578438	0.28228395851775595	0.4784654392692543	0.5687080309236021	0.02999999999999995	0.5435520356485829	0.5037027781449731	0.5026239410016703	+z	+z	True	True	False	False	lh	handbox_surface
box025_p2	box025	box025_person2	large_box_partial_guard	25	63	right	True	0.1610079718842936	-0.3778	0.421829650743318	0.2922375901698249	0.21807672816624027	0.47266114449430885	0.257546893867938	0.29016370287053167	0.47281498880881173	0.27922857905661735	0.24510934368034953	0.47271883611224735	0.30091026424529665	0.2000549844901675	0.4726226834156831	0.2922375901698249	0.21807672816624027	0.47266114449430885	0.30223120449958757	0.19249553509727452	0.4572758332624209	0.31578155893239784	0.1517372239565399	0.4659714721467175	0.636067505530655	0.02999999999999999	0.5467151470140934	0.5111612326311356	0.4931212719735229	-y	+z	False	True	False	False	rh3	handbox_surface
box025_p2	box025	box025_person2	large_box_partial_guard	26	64	left	True	0.32652777528368504	0.21273443770584546	0.4692	-0.25650161791001247	0.22471595765467695	0.487379123004164	-0.2138616272413907	0.2915019476627429	0.47635810969220554	-0.24051162140927929	0.2497607039077016	0.48324624301217967	-0.26716161557716794	0.20801946015266043	0.4901343763321536	-0.25650161791001247	0.22471595765467695	0.487379123004164	-0.27297707789137615	0.20049389730091044	0.4758525113367798	-0.22452162490854616	0.27480545016072644	0.47911336302019525	0.5684205474237617	0.02999999999999995	0.5440770757624586	0.5022757043653174	0.5028515495418259	+z	+z	True	True	False	False	lh	threebox_surface
box025_p2	box025	box025_person2	large_box_partial_guard	26	64	right	True	0.158861715786715	-0.3778	0.421417417779145	0.29595657217711063	0.21352726979195202	0.4699440535947358	0.25894162456667186	0.2843919877411078	0.47278753796836553	0.28207596682319613	0.24010153902288542	0.47101036023484705	0.30521030907972035	0.19581109030466312	0.4692331825013285	0.29595657217711063	0.21352726979195202	0.4699440535947358	0.3064065109656128	0.18869068398694108	0.4536676795276198	0.32148820687406027	0.1481992083657974	0.46097856308935453	0.6320154456393814	0.029999999999999975	0.5439140855673597	0.5078566705665226	0.4899237791257848	-y	+z	False	True	False	False	rh3	handbox_surface
box025_p2	box025	box025_person2	large_box_partial_guard	27	65	left	True	0.3281466909579309	0.21636477647413543	0.4692	-0.2584568930257839	0.22287056314087803	0.48655946774174724	-0.2147625981657431	0.2891193180411597	0.47646436641257617	-0.24207153245326857	0.24771384622848372	0.4827738047433081	-0.2693804667407941	0.20630837441580763	0.48908324307404	-0.2584568930257839	0.22287056314087803	0.48655946774174724	-0.27534494991851277	0.19909694881178758	0.47470111363886613	-0.22568617188075332	0.27255712931608933	0.4789881417448689	0.5712406101284265	0.0300000000000001	0.5479424543925753	0.5036262330952771	0.5063989374253758	+z	+z	True	True	False	False	lh	threebox_surface
box025_p2	box025	box025_person2	large_box_partial_guard	27	65	right	True	0.15817320525611783	-0.3778	0.4207047876359464	0.29820559951710046	0.20774118341489017	0.46810442534136054	0.2604934498568775	0.2781495248352817	0.4726276129822308	0.2840635433945169	0.23414431144753703	0.4698006207066868	0.30763363693215623	0.19013909805979226	0.466973628431143	0.29820559951710046	0.20774118341489017	0.46810442534136054	0.3086754854880637	0.18328130247085828	0.4512796436231742	0.3242880236482218	0.1428427505817755	0.4577169055579855	0.6266854221812652	0.03	0.5390959559955316	0.5028046000476245	0.48499119062363216	-y	+z	False	True	False	False	rh3	handbox_surface
box025_p2	box025	box025_person2	large_box_partial_guard	28	66	left	True	0.3280705100969891	0.21621558218427855	0.4692	-0.25842940655726265	0.2230531710624748	0.48619972334276934	-0.21469664821511894	0.2894140294442334	0.47705191909126543	-0.24202962217895874	0.2479384929556342	0.4827692967484554	-0.2693625961427986	0.20646295646703516	0.4884866744056454	-0.25842940655726265	0.2230531710624748	0.48619972334276934	-0.2755148348258766	0.19958465066388253	0.4740207062605658	-0.22562983780065485	0.2728238148487937	0.4793388701541415	0.5711432654799568	0.029999999999999926	0.5478238920863998	0.5036562117715001	0.5064955212891477	+z	+z	True	True	False	False	lh	threebox_surface
box025_p2	box025	box025_person2	large_box_partial_guard	28	66	right	True	0.15829518891723	-0.3778	0.42143277723804906	0.2977858910950594	0.20780497913495607	0.46805951594842043	0.25991190209941123	0.27811739413538883	0.47272055170932653	0.28358314522169126	0.23417213476011842	0.4698074043587603	0.30725438834397134	0.1902268753848479	0.4668942570081938	0.2977858910950594	0.20780497913495607	0.46805951594842043	0.30868512372565887	0.18360709852442356	0.45112886711477296	0.32417186868868597	0.14308421777498648	0.4573355598027393	0.6265357693435172	0.030000000000000093	0.5389907642707314	0.502149458515834	0.48469568822709347	-y	+z	False	True	False	False	rh3	handbox_surface
box025_p2	box025	box025_person2	large_box_partial_guard	29	67	left	True	0.3262186483585741	0.2111093877633152	0.4692	-0.2535508645131728	0.22219686462251115	0.4872138657457765	-0.21075619477438057	0.2893155404367271	0.4792326628982174	-0.2375028633611257	0.24736636805284215	0.4842209146779418	-0.26424953194787093	0.2054171956689571	0.4892091664576663	-0.2535508645131728	0.22219686462251115	0.4872138657457765	-0.27069757115579596	0.19896271279873715	0.4746768642601204	-0.22145486220907865	0.27253587148317304	0.4812279636101072	0.5650859574197724	0.03000000000000005	0.5408345282289908	0.4991712407681821	0.5002772177190256	+z	+z	True	True	False	False	lh	threebox_surface
box025_p2	box025	box025_person2	large_box_partial_guard	29	67	right	True	0.161662598460789	-0.3778	0.42208543491590605	0.2973237929800762	0.21245962087992826	0.46798824801596905	0.25907838968798025	0.28256098504727495	0.4727932317726508	0.2829817667455402	0.23874763244268318	0.4697901169247247	0.3068851438031002	0.19493427983809156	0.4667870020767987	0.2973237929800762	0.21245962087992826	0.46798824801596905	0.30884605681240296	0.18862868485411413	0.4509500118332648	0.3242635050342027	0.14803546321930658	0.456862609869772	0.6301785940108917	0.029999999999999936	0.5425473593595678	0.5050157601148286	0.48808000666003587	-y	+z	False	True	False	False	rh3	handbox_surface
box025_p2	box025	box025_person2	large_box_partial_guard	30	68	left	True	0.32349458458978236	0.20749721850839797	0.4692	-0.2515403896962511	0.2292074842691663	0.4878705885328638	-0.20854963508128907	0.2963735036333385	0.48150498876475284	-0.23541885671564036	0.25439474153073083	0.4854834886198222	-0.26228807834999157	0.21241597942812324	0.48946198847489153	-0.2515403896962511	0.2292074842691663	0.4878705885328638	-0.2690618484625509	0.20653396244669506	0.4748351883941464	-0.21929732373502958	0.2795819987922954	0.48309638870678057	0.5611138605836896	0.029999999999999968	0.5361536237086271	0.4964401389996213	0.4962875280510363	+z	+z	True	True	False	False	lh	handbox_surface
box025_p2	box025	box025_person2	large_box_partial_guard	30	68	right	True	0.17015080851157488	-0.3778	0.4223036938721288	0.2973530963945565	0.2176285274675487	0.467825394335295	0.25955426520209235	0.2879376862253155	0.4731046514098043	0.2831785346973824	0.24399446200171127	0.46980511573823597	0.3068028041926724	0.20005123777810704	0.4665055800666677	0.2973530963945565	0.2176285274675487	0.467825394335295	0.30906001492351054	0.19402308312443628	0.45060016215031545	0.32403098118985024	0.1532038277858101	0.45608876220478867	0.6337665224213356	0.03000000000000004	0.545432303178516	0.5072477027599005	0.49087538981132905	-y	+z	False	True	False	False	rh3	handbox_surface
box025_p2	box025	box025_person2	large_box_partial_guard	31	69	left	True	0.32353935012783935	0.21065482608470185	0.4692	-0.25943289423617905	0.23205483666191604	0.4851593173823051	-0.21750430899816572	0.29996732240175294	0.4796923236403016	-0.24370967477192407	0.2575220188143548	0.4831091947290538	-0.2699150405456823	0.21507671522695684	0.4865260658178059	-0.25943289423617905	0.23205483666191604	0.4851593173823051	-0.2770076849014115	0.2095449830563388	0.4719137524778384	-0.2279864553076691	0.28298920096679375	0.4810590720758024	0.5693517855439655	0.02999999999999996	0.543723723182753	0.5059063760778659	0.5048989608772612	+z	+z	True	True	False	False	lh	handbox_surface
box025_p2	box025	box025_person2	large_box_partial_guard	31	69	right	True	0.17954849397572054	-0.3778	0.4242768587279448	0.29188936449511343	0.23733446466566333	0.47019176907035126	0.2503246927883078	0.3056793472713532	0.47135585133545804	0.2763026126050614	0.26296379564279704	0.4706282999197663	0.30228053242181485	0.22024824401424087	0.4699007485040746	0.29188936449511343	0.23733446466566333	0.47019176907035126	0.3063450681366641	0.21430703999412287	0.45432520318072084	0.32272443805814327	0.1742978520656612	0.461497879821012	0.6496830437827845	0.02999999999999996	0.5622143372610241	0.5238804765548665	0.5077047938329277	-y	+z	False	True	False	False	rh3	handbox_surface
box025_p2	box025	box025_person2	large_box_partial_guard	32	70	left	True	0.3219890783742032	0.21522349427506574	0.4692	-0.26284971939648144	0.21963916708436224	0.4841569833704645	-0.22230015033394201	0.28845607192762757	0.4796886440105554	-0.24764363099802914	0.24544550640058668	0.4824813561104986	-0.2729871116621163	0.2024349408735459	0.48527406821044167	-0.26284971939648144	0.21963916708436224	0.4841569833704645	-0.28038140418749496	0.19722559091391287	0.470692831055903	-0.23243754259957689	0.27125184571681127	0.4808057288505327	0.5705884576678704	0.02999999999999997	0.5453306555831574	0.506944059062333	0.5070591978809283	+z	+z	True	True	False	False	lh	threebox_surface
box025_p2	box025	box025_person2	large_box_partial_guard	32	70	right	True	0.17591726359509025	-0.3778	0.4239009884728921	0.2878514685102135	0.23995466864203843	0.471136751247067	0.24392049631645935	0.3068093482628318	0.4704146052004319	0.2713773539375557	0.265025173499836	0.47086594647957875	0.298834211558652	0.22324099873684006	0.4713172877587258	0.2878514685102135	0.23995466864203843	0.471136751247067	0.30432570581124224	0.21781218206256922	0.4559945135876845	0.3214995123441163	0.1782201091106772	0.46360991222789205	0.6515692901095445	0.030000000000000037	0.5653106237480536	0.5267007575015532	0.5111458438207418	-y	+z	False	True	False	False	rh3	handbox_surface
box025_p2	box025	box025_person2	large_box_partial_guard	33	71	left	True	0.3198720081021475	0.21696573867559774	0.4692	-0.26063781115130885	0.21137885682796356	0.4853133308641136	-0.22095310453991263	0.28072323853411085	0.481253677312446	-0.24575604617203525	0.2373829999677688	0.48379096078223827	-0.2705589878041579	0.19404276140142684	0.48632824425203053	-0.26063781115130885	0.21137885682796356	0.4853133308641136	-0.27828801330908876	0.18906378166663762	0.4718404117207515	-0.23087428119276165	0.263387143107574	0.482268590700363	0.5661844721265494	0.030000000000000044	0.5411240145394035	0.502620432631866	0.503423317642862	+z	+z	True	True	False	False	lh	threebox_surface
box025_p2	box025	box025_person2	large_box_partial_guard	33	71	right	True	0.17442258305576697	-0.3778	0.42269266130747024	0.2812459188520406	0.2339353497807842	0.4744423061316186	0.23820965716214015	0.3013687714204666	0.4736588358238066	0.26510732071832793	0.25922288289566514	0.474148504766189	0.29200498427451566	0.21707699437086353	0.47463817370857164	0.2812459188520406	0.2339353497807842	0.4744423061316186	0.29807786831208305	0.21198024727675754	0.45942110380563755	0.31442400828854034	0.17197478361622887	0.4666897180533454	0.6454994800955923	0.030000000000000034	0.5586070947390378	0.519505069461086	0.5044896233770784	-y	+z	False	True	False	False	rh3	handbox_surface
box025_p2	box025	box025_person2	large_box_partial_guard	34	72	left	True	0.3199724470021013	0.2171064113216431	0.4692	-0.2625403482428434	0.20707945874029182	0.4840846383904251	-0.22278888641122832	0.2764068217987982	0.48040523441645017	-0.2476335500559877	0.23307721988723173	0.48270486190018447	-0.27247821370074715	0.18974761797566514	0.48500448938391877	-0.2625403482428434	0.20707945874029182	0.4840846383904251	-0.2806416883288936	0.18511009056329691	0.47064216410543963	-0.23272675186913208	0.25907498103417165	0.48132508540994395	0.567991211126976	0.030000000000000058	0.5432925676470892	0.5043283017035048	0.5063310588694668	+z	+z	True	True	False	False	lh	threebox_surface
box025_p2	box025	box025_person2	large_box_partial_guard	34	72	right	True	0.17589555878488977	-0.3778	0.4218246398538407	0.2803918578855763	0.22860847219424282	0.4751720759530791	0.23734414759655373	0.29603913693635453	0.47518163154441606	0.26424896652719276	0.25389497147253476	0.47517565929983047	0.2911537854578319	0.21175080600871488	0.4751696870552448	0.2803918578855763	0.22860847219424282	0.4751720759530791	0.29747930840877806	0.20699512931293315	0.4599451257654063	0.31372118554636036	0.16683884915887356	0.46658897699358465	0.6400712405031885	0.030000000000000106	0.553075704818422	0.5137176151071192	0.4991611359886382	-y	+z	False	True	False	False	rh3	handbox_surface
box025_p2	box025	box025_person2	large_box_partial_guard	35	73	left	True	0.3160854676430072	0.21816058127588822	0.4692	-0.2661859165373121	0.19871203003218957	0.4837380511048419	-0.22567309756850734	0.26767598288057903	0.4820995436358443	-0.25099360942401033	0.2245735123503356	0.48312361080396776	-0.2763141212795133	0.18147104182009213	0.4841476779720913	-0.2661859165373121	0.19871203003218957	0.4837380511048419	-0.28492644399179573	0.17758881693203998	0.46982351679847306	-0.2358013023107085	0.25043499466848174	0.48250917050309367	0.5672862348673431	0.02999999999999996	0.5437228548218496	0.5024084531711009	0.5070887922831527	+z	+z	True	True	False	False	lh	threebox_surface
box025_p2	box025	box025_person2	large_box_partial_guard	35	73	right	True	0.1765846270606244	-0.3778	0.42157284920795945	0.28390114467411226	0.21770152139592652	0.47375399924445305	0.23990845953200754	0.2844911869162082	0.47569930993339876	0.26740388774582297	0.24274764596603213	0.47448349075280766	0.2948993159596385	0.201004105015856	0.47326767157221655	0.28390114467411226	0.21770152139592652	0.47375399924445305	0.3013713321329151	0.19683321473423285	0.4579336359384604	0.31814198427116713	0.15671232129840648	0.46336735516884164	0.6293862526414741	0.02999999999999997	0.5430302793717608	0.5035619792165693	0.4897447269035667	-y	+z	False	True	False	False	rh3	handbox_surface
box025_p2	box025	box025_person2	large_box_partial_guard	36	74	left	True	0.3168517837582518	0.2202468350279014	0.4692	-0.26857546997628695	0.19825790467033053	0.4846391469428994	-0.22729422916209893	0.26678424299541187	0.48462853574522624	-0.2530950046709664	0.22395528154223604	0.4846351677437719	-0.27889578017983385	0.18112632008906018	0.48464179974231764	-0.26857546997628695	0.19825790467033053	0.4846391469428994	-0.2880503319251195	0.1779828296919408	0.47047359532623845	-0.23761453936564594	0.24965265841414155	0.48463118854464454	0.5701678161906442	0.030000000000000054	0.5472302937783091	0.5049021895971921	0.5114062471168093	+z	+z	True	True	False	False	lh	threebox_surface
box025_p2	box025	box025_person2	large_box_partial_guard	36	74	right	True	0.17244422881942684	-0.3778	0.42266381272894527	0.27699168619635656	0.21155799442246723	0.47605763315838007	0.23269132250503094	0.2781721906281164	0.47589441339374944	0.26037904981210946	0.23653831799958563	0.4759964257466437	0.288066777119188	0.194904445371055	0.47609843809953784	0.27699168619635656	0.21155799442246723	0.47605763315838007	0.2953866878519445	0.19083184952753188	0.46112349777025446	0.31199467956581284	0.15074833349738168	0.4672840595789352	0.622887204329059	0.029999999999999995	0.5366977199645434	0.4972140425323642	0.4836607449584645	-y	+z	False	True	False	False	rh3	handbox_surface
box025_p2	box025	box025_person2	large_box_partial_guard	37	75	left	True	0.3216665292972095	0.2201290688842995	0.4692	-0.2737317193410803	0.20340976580489054	0.4843800179614971	-0.23096029015950123	0.2709916044939849	0.48619658757657064	-0.2576924333979882	0.22875295531330098	0.48506123156714953	-0.2844245766364752	0.18651430613261696	0.4839258755577287	-0.2737317193410803	0.20340976580489054	0.4843800179614971	-0.2938993983100363	0.18411273435541128	0.46982319591296445	-0.24165314745489602	0.25409614482171133	0.48574244517280224	0.5796401967938581	0.030000000000000058	0.5572011465550033	0.5138877611976566	0.5217822067323094	+z	+z	True	True	False	False	lh	threebox_surface
box025_p2	box025	box025_person2	large_box_partial_guard	37	75	right	True	0.17236662644051548	-0.3778	0.42365464998103414	0.2723419660732056	0.21034349936498659	0.47706375154290964	0.2268815234042904	0.2761607979200373	0.47586735559607585	0.2552943000723624	0.23502498632313062	0.476615103062847	0.28370707674043444	0.1938891747262239	0.4773628505296182	0.2723419660732056	0.21034349936498659	0.47706375154290964	0.29161100092024844	0.19006881919386392	0.462620095221606	0.3087156562157996	0.15023737558589284	0.46905072779011703	0.6206740469091375	0.03000000000000002	0.5349015123747815	0.4954860954972224	0.4822654286993015	-y	+z	False	True	False	False	rh3	handbox_surface
box025_p2	box025	box025_person2	large_box_partial_guard	38	76	left	True	0.32014025301562443	0.21970717086467972	0.4692	-0.2702650497544679	0.20066405725829325	0.4872585440089271	-0.22789194007247976	0.2684708002057478	0.48985954126690906	-0.2543751336237224	0.22609158586358868	0.4882339179806703	-0.2808583271749649	0.18371237152142966	0.48660829469443156	-0.2702650497544679	0.20066405725829325	0.4872585440089271	-0.29079648565741406	0.18170584275015808	0.4727651659231789	-0.2384852174929768	0.2515191144688842	0.48920929195241347	0.5748660542021343	0.02999999999999997	0.5523271268131904	0.5098433010470436	0.5180425546533041	+z	+z	True	True	False	False	lh	threebox_surface
box025_p2	box025	box025_person2	large_box_partial_guard	38	76	right	True	0.16900638991636577	-0.3778	0.4243002372362317	0.26701592651465794	0.206356454918588	0.4784910935507399	0.22241927579857135	0.27273768381296143	0.47632979871194836	0.25029218249612545	0.231249415753978	0.477680607986193	0.27816508919367955	0.1897611476949947	0.47903141726043774	0.26701592651465794	0.206356454918588	0.4784910935507399	0.2865413662823547	0.18598165826603058	0.46454109601845395	0.3029278649538625	0.14588390648364247	0.471183319380587	0.6167641647234258	0.03000000000000001	0.5305486888001872	0.4909570149451175	0.4780137017503431	-y	+z	False	True	False	False	rh3	handbox_surface
box025_p2	box025	box025_person2	large_box_partial_guard	39	77	left	True	0.3221785356255054	0.221214510538926	0.4692	-0.27489728168448757	0.200813401977774	0.4877965796325034	-0.23142930263442074	0.2678344837499205	0.49212201549426554	-0.2585967895407125	0.22594630764232895	0.4894186180806642	-0.28576427644700425	0.18405813153473735	0.4867152206670629	-0.27489728168448757	0.200813401977774	0.4877965796325034	-0.2960000293306955	0.18273086581376288	0.4730078104623732	-0.24229629739693745	0.25107921330688393	0.49104065652882506	0.581146419366794	0.030000000000000037	0.5593290098184638	0.5153624626232585	0.5253740554894156	+z	+z	True	True	False	False	lh	threebox_surface
box025_p2	box025	box025_person2	large_box_partial_guard	39	77	right	True	0.16930482208721537	-0.3778	0.4245967553953973	0.26454278244512786	0.20606405786782916	0.47921860350805257	0.21977715242861282	0.2723528489391502	0.4778641488106846	0.24775567118893474	0.2309223545195745	0.4787106829965396	0.27573418994925664	0.18949186009999885	0.4795572171823947	0.26454278244512786	0.20606405786782916	0.47921860350805257	0.28456741283694825	0.18621645667233225	0.46521630111304296	0.3008966834547819	0.14596833309376275	0.4710394993236108	0.6161377749960286	0.029999999999999902	0.5297998941350975	0.49014409616195087	0.47806382942108455	-y	+z	False	True	False	False	rh3	handbox_surface
box025_p2	box025	box025_person2	large_box_partial_guard	40	78	left	True	0.3174583096401833	0.21922118517764208	0.4692	-0.2730322029716024	0.1999048291590624	0.48929047700806905	-0.2300033498457118	0.26719797696403064	0.49377935851343746	-0.2568963830493934	0.2251397595859255	0.49097380757258224	-0.283789416253075	0.18308154220782025	0.48816825663172697	-0.2730322029716024	0.1999048291590624	0.48929047700806905	-0.29439189426589496	0.1819430026317192	0.47472517091709215	-0.2407605631271844	0.25037469001278856	0.49265713813709533	0.5747977394125453	0.030000000000000044	0.5526314764808157	0.5101012123711226	0.5198912767767924	+z	+z	True	True	False	False	lh	threebox_surface
box025_p2	box025	box025_person2	large_box_partial_guard	40	78	right	True	0.1689240723186673	-0.3778	0.4229778249061711	0.2709631000140869	0.20977366681547366	0.47540522170132155	0.22400634779370796	0.2745410580758446	0.47590366953205937	0.25335431793144486	0.2340614385381128	0.4755921396378483	0.28270228806918163	0.19358181900038088	0.4752806097436372	0.2709631000140869	0.20977366681547366	0.47540522170132155	0.29074977267871094	0.19037253213237493	0.46046999067608857	0.3087404000903899	0.15077290689083617	0.4658247244668227	0.6198960819837843	0.03	0.5349429431707924	0.4957566924870464	0.4833255875043107	-y	+z	False	True	False	False	rh3	handbox_surface
box025_p2	box025	box025_person2	large_box_partial_guard	41	79	left	True	0.31468096831349285	0.22049860136987934	0.4692	-0.2717462753589688	0.19226338627398887	0.49087562931863254	-0.2299197087145625	0.260278661213192	0.4958214050601766	-0.2560613128673164	0.21776911437619	0.4927302952217115	-0.28220291702007033	0.175259567539188	0.4896391853832465	-0.2717462753589688	0.19226338627398887	0.49087562931863254	-0.2929531052898734	0.1741182538922736	0.47631416301055024	-0.24037635037566407	0.24327484247839126	0.4945849611247905	0.571233644334736	0.029999999999999968	0.5489446577539159	0.5069545296141926	0.5166765138194345	+z	+z	True	True	False	False	lh	threebox_surface
box025_p2	box025	box025_person2	large_box_partial_guard	41	79	right	True	0.17264011697618245	-0.3778	0.42186739250487637	0.27822406111623915	0.21506806860454034	0.4739007006798781	0.22884153842367147	0.277986133515149	0.47553885831041187	0.2597056151065263	0.23866234294601857	0.47451500979132827	0.2905696917893811	0.19933855237688802	0.4734911612722446	0.27822406111623915	0.21506806860454034	0.4739007006798781	0.29916234933274055	0.19703778441540673	0.4588184426749373	0.31848327831240497	0.15794185739710845	0.46314005832749794	0.624802363024597	0.029999999999999985	0.5413216609909183	0.5028820625819065	0.4917057593147223	-y	+z	False	True	False	False	rh3	handbox_surface
box025_p2	box025	box025_person2	large_box_partial_guard	42	80	left	True	0.3107589036706709	0.22274763801254815	0.4692	-0.27094734328756187	0.18710117239656168	0.49290184786394037	-0.22971996611716336	0.25540981620861986	0.4987527069638564	-0.2554870768486624	0.21271691382608346	0.49509592002640884	-0.2812541875801615	0.17002401144354706	0.4914391330889614	-0.27094734328756187	0.18710117239656168	0.49290184786394037	-0.2924459038085294	0.16920686123625106	0.47845825795235736	-0.24002681040976298	0.23833265525560535	0.4972899921888773	0.566926560108115	0.029999999999999978	0.544772107660995	0.5031365947463123	0.5137175450415884	+z	+z	True	True	False	False	lh	threebox_surface
box025_p2	box025	box025_person2	large_box_partial_guard	42	80	right	True	0.1784340952130642	-0.3778	0.42048005324639537	0.2830652605714771	0.22090959148348677	0.4718569104075733	0.2314661017692802	0.28193520417689705	0.4755177035319585	0.26371557602065326	0.24379419624351564	0.47322970782921764	0.29596505027202635	0.20565318831013424	0.47094171212647695	0.2830652605714771	0.22090959148348677	0.4718569104075733	0.3043969952723629	0.20395405905420633	0.4560947854684528	0.32519064647873447	0.165514488271118	0.45933355613423055	0.6296306868561637	0.02999999999999999	0.547308569638225	0.5095841069262453	0.49897740125121764	-y	+z	False	True	False	False	rh3	handbox_surface
box025_p2	box025	box025_person2	large_box_partial_guard	43	81	left	True	0.3105649063251972	0.2240043399248125	0.4692	-0.2679136138459777	0.18792351189414525	0.4940603920742905	-0.22749308293007942	0.2567227749699213	0.4997911931271162	-0.25275591475251585	0.21372323554756123	0.4962094424691001	-0.2780187465749523	0.1707236961252012	0.49262769181108407	-0.2679136138459777	0.18792351189414525	0.4940603920742905	-0.2897153692004818	0.17001793589114	0.480093088205159	-0.23759821565905395	0.23952295920097724	0.4983584928639098	0.5640616620099052	0.029999999999999975	0.541454478559914	0.5018815096666351	0.5124447031297378	+z	+z	True	True	False	False	lh	threebox_surface
box025_p2	box025	box025_person2	large_box_partial_guard	43	81	right	True	0.17864087045741858	-0.3778	0.4212047244698708	0.2810996906547739	0.22518464648787048	0.4726905873525615	0.22927444075115055	0.28606448743121293	0.47548136486793596	0.2616652219409151	0.24801458684162392	0.4737371289208269	0.29405600313067964	0.20996468625203482	0.4719928929737178	0.2810996906547739	0.22518464648787048	0.4726905873525615	0.3026170335892196	0.20818669585080865	0.4572293068400272	0.3235072878326369	0.16984018738124323	0.4609183085674247	0.6334797499213424	0.03000000000000005	0.5511384344016896	0.5133660097443397	0.5026215881145215	-y	+z	False	True	False	False	rh3	handbox_surface
box025_p2	box025	box025_person2	large_box_partial_guard	44	82	left	True	0.3102806350389437	0.22033162442496237	0.4692	-0.2628316440820103	0.19605493152040132	0.49366916487825224	-0.2230370169546634	0.26531900279234955	0.49801382627241214	-0.24790865890925526	0.22202895824738184	0.49529841290106214	-0.27278030086384714	0.1787389137024142	0.4925829995297122	-0.2628316440820103	0.19605493152040132	0.49366916487825224	-0.28486600969643067	0.17788077020373808	0.4804329132065872	-0.23298567373650014	0.24800298497436243	0.4969276609238721	0.5588016606779617	0.029999999999999923	0.5350100625015731	0.4993501409419504	0.5084715559858896	+z	+z	True	True	False	False	lh	threebox_surface
box025_p2	box025	box025_person2	large_box_partial_guard	44	82	right	True	0.1783008573964147	-0.3778	0.42157912533000425	0.27516350154111674	0.22655455631730212	0.4751069090320396	0.22457439632646264	0.28852612520672805	0.4756237097323112	0.2561925870856214	0.24979389465083687	0.4753007092946415	0.2878107778447803	0.2110616640949456	0.47497770885697177	0.27516350154111674	0.22655455631730212	0.4751069090320396	0.2963029463686391	0.20854571764008117	0.46028182320470706	0.3164285962202427	0.16995719860226435	0.4654151052371395	0.6346867154278966	0.030000000000000058	0.5513334273429029	0.5128653093194874	0.50101031562422	-y	+z	False	True	False	False	rh3	handbox_surface
box025_p2	box025	box025_person2	large_box_partial_guard	45	83	left	True	0.3201798706759915	0.21777702415199188	0.4692	-0.2596823861017543	0.20792242423109744	0.4946432629191088	-0.21887440648291726	0.2765891970582155	0.49906854358111685	-0.24437939374469045	0.2336724640412667	0.4963027431673619	-0.26988438100646356	0.19075573102431786	0.49353694275360677	-0.2596823861017543	0.20792242423109744	0.4946432629191088	-0.2827826984365295	0.19051176534861303	0.48222326721768866	-0.22907640138762655	0.25942250385143606	0.49796222341561486	0.5654329197523709	0.02999999999999999	0.5411837769919433	0.5081746177019968	0.5169011631927197	+z	+z	True	True	False	False	lh	threebox_surface
box025_p2	box025	box025_person2	large_box_partial_guard	45	83	right	True	0.17239514068375758	-0.3778	0.41986652900751337	0.269332243469768	0.2212763691979657	0.4776355444026541	0.22083323436265156	0.28487286992529726	0.47581038389838287	0.2511451150545993	0.24512505697071504	0.4769511092135525	0.2814569957465471	0.20537724401613278	0.478091834528722	0.269332243469768	0.2212763691979657	0.4776355444026541	0.2895923043485356	0.2018334510596168	0.463405982379883	0.3085239860396843	0.16289499055912077	0.4701775324315433	0.6304727070719847	0.030000000000000006	0.5461378803356041	0.5073038081579984	0.4939313779356662	-y	+z	False	True	False	False	rh3	handbox_surface
box025_p2	box025	box025_person2	large_box_partial_guard	46	84	left	True	0.3198206551972911	0.21538760577501315	0.4692	-0.25865243217585615	0.21240527195650377	0.49247709984808746	-0.21912589496914114	0.2819202413436886	0.4947840215079912	-0.243829980723338	0.23847338547669814	0.4933421954705513	-0.26853406647753497	0.19502652960970757	0.4919003694331116	-0.25865243217585615	0.21240527195650377	0.49247709984808746	-0.281515412172973	0.19424623817811987	0.4807065686877424	-0.22900752927081994	0.2645414989968924	0.49420729109301526	0.5646395648555835	0.03000000000000006	0.5391444294161417	0.5093969378843238	0.515838185218151	+z	+z	True	True	False	False	lh	threebox_surface
box025_p2	box025	box025_person2	large_box_partial_guard	46	84	right	True	0.17466940137476508	-0.3778	0.422104737638661	0.26106563692403295	0.22198360086055327	0.4797580496288097	0.2128796666087743	0.28572572572259136	0.4758781291593473	0.24299589805581095	0.24588689768381752	0.4783030794527613	0.2731121295028477	0.20604806964504369	0.48072802974617523	0.26106563692403295	0.22198360086055327	0.4797580496288097	0.28147325168536297	0.2021824704524693	0.46625167845735893	0.3001215228040858	0.16330963180700928	0.47410091840989166	0.6299302422600651	0.029999999999999968	0.544984226284249	0.5059983085014046	0.4921804185338315	-y	+z	False	True	False	False	rh3	handbox_surface
box025_p2	box025	box025_person2	large_box_partial_guard	47	85	left	True	0.3159422165959399	0.21416901184714737	0.4692	-0.2537552834956454	0.21061915609303317	0.4950677753273825	-0.21548207897606805	0.2807514616100256	0.49914472745781496	-0.2394028318008039	0.2369187706619053	0.49659663237629476	-0.2633235846255398	0.1930860797137851	0.4940485372947744	-0.2537552834956454	0.21061915609303317	0.4950677753273825	-0.27667502570786545	0.19254017516326927	0.4832844128456328	-0.22505038010596243	0.26321838523077756	0.4981254894252069	0.5564856240465456	0.029999999999999992	0.5301817028292021	0.5023389032251846	0.5072391121842554	+z	+z	True	True	False	False	lh	threebox_surface
box025_p2	box025	box025_person2	large_box_partial_guard	47	85	right	True	0.17604470532789454	-0.3778	0.42168808375713496	0.2612051522443427	0.21789912826896732	0.4804439822387499	0.21346040462378715	0.2819556087948884	0.4762959251897522	0.24330087188663435	0.2419203084661877	0.47888846084537573	0.2731413391494815	0.20188500813748703	0.4814809965009994	0.2612051522443427	0.21789912826896732	0.4804439822387499	0.2810004372814344	0.1975367062926732	0.4668610506897275	0.29956156565181846	0.15872650252676712	0.4752108270443836	0.6259780633573679	0.029999999999999978	0.5407940905029749	0.5020142598027516	0.4873956338771228	-y	+z	False	True	False	False	rh3	handbox_surface
box025_p2	box025	box025_person2	large_box_partial_guard	48	86	left	True	0.314595948746198	0.21956808701460417	0.4692	-0.26287675556131757	0.20382885998068995	0.49638221976053337	-0.22436475100699732	0.273765776203541	0.5014471239497486	-0.24843475385344752	0.23005520356425907	0.49828155883148906	-0.27250475669989777	0.1863446309249771	0.4951159937132295	-0.26287675556131757	0.20382885998068995	0.49638221976053337	-0.2859065201098724	0.18601866473281714	0.4844056319334234	-0.23399275214557744	0.2562815471478283	0.5001808979024447	0.563878789056164	0.02999999999999996	0.5386108010391814	0.5080251275270649	0.5148850426879829	+z	+z	True	True	False	False	lh	threebox_surface
box025_p2	box025	box025_person2	large_box_partial_guard	48	86	right	True	0.18043682285791263	-0.3778	0.42111187582156745	0.263683113414419	0.22277436943214976	0.4794678014665928	0.21358410345282833	0.2850426021397532	0.47589619169784964	0.24489598467882256	0.24612495669750098	0.4781284478033141	0.2762078659048167	0.20720731125524894	0.48036070390877866	0.263683113414419	0.22277436943214976	0.4794678014665928	0.28401954260016615	0.20312266378070024	0.46563965333071866	0.30409470916138304	0.16502860265611835	0.4737819111552918	0.6298319018700009	0.029999999999999912	0.5457483281874113	0.5074101677708093	0.49283753007323083	-y	+z	False	True	False	False	rh3	handbox_surface
box025_p2	box025	box025_person2	large_box_partial_guard	49	87	left	True	0.31462916256609763	0.223143764815705	0.4692	-0.25721686729737486	0.1999100011378266	0.49754188475935973	-0.2197716726356814	0.2703850952313018	0.5031202814164382	-0.24317491929923976	0.22633816142287982	0.49963378350576426	-0.26657816596279815	0.18229122761445776	0.4961472855950901	-0.25721686729737486	0.1999100011378266	0.49754188475935973	-0.28007487007530196	0.18188365094536393	0.4855596406601657	-0.2291329713011048	0.252766321707933	0.5017256822521686	0.5586428314171691	0.030000000000000075	0.5332641294751618	0.5028831392383255	0.5094880117122038	+z	+z	True	True	False	False	lh	threebox_surface
box025_p2	box025	box025_person2	large_box_partial_guard	49	87	right	True	0.18557897632832412	-0.3778	0.4198726712958295	0.2677731237210227	0.22178853746254398	0.4791247240651742	0.2164450309205075	0.2830741159402364	0.47604174496756185	0.24852508892082945	0.24477062939167862	0.4779686069035695	0.28060514692115146	0.20646714284312084	0.4798954688395772	0.2677731237210227	0.22178853746254398	0.4791247240651742	0.28765691610677735	0.20194188853857292	0.46492180553570844	0.30883383777717494	0.16451169754702963	0.47334706273108446	0.6284357878143144	0.03000000000000004	0.5449796664832998	0.5074796561470286	0.4919485719975753	-y	+z	False	True	False	False	rh3	handbox_surface
box025_p2	box025	box025_person2	large_box_partial_guard	50	88	left	True	0.3167801991914657	0.2255633979481782	0.4692	-0.26760795481545846	0.19771433192250515	0.49442886918808177	-0.22887757731544156	0.26764373285511456	0.4975652275720301	-0.2530840632529521	0.2239378572722337	0.4956050035820625	-0.27729054919046264	0.18023198168935278	0.49364477959209463	-0.26760795481545846	0.19771433192250515	0.49442886918808177	-0.29073520827890376	0.1796733628242383	0.48299797477239237	-0.23856017169044577	0.2501613826219622	0.496781137976043	0.5704779962522465	0.030000000000000075	0.5462990345727564	0.5127397437280139	0.5216724079030055	+z	+z	True	True	False	False	lh	threebox_surface
box025_p2	box025	box025_person2	large_box_partial_guard	50	88	right	True	0.18695623190614263	-0.3778	0.41894537554976624	0.2665727603856718	0.22801934921650677	0.48004153842803143	0.21533967152694589	0.289326632032094	0.4759687408927361	0.24736035206364962	0.25100958027235204	0.47851423935229564	0.2793810326003533	0.21269252851260997	0.4810597378118552	0.2665727603856718	0.22801934921650677	0.48004153842803143	0.28639506997550745	0.2078892507301966	0.46615511536944776	0.30752721764506225	0.1705795408714004	0.475204096142462	0.6345065764111656	0.030000000000000044	0.5509009602353837	0.5136172657342705	0.49766800029486646	-y	+z	False	True	False	False	rh3	handbox_surface
box025_p2	box025	box025_person2	large_box_partial_guard	51	89	left	True	0.31675353881316065	0.22740083129648578	0.4692	-0.2787999705176195	0.19758996318717117	0.4914438118357598	-0.23877874745712785	0.2668589154153372	0.49178139435074264	-0.2637920118699351	0.22356582027273336	0.49157040527887835	-0.28880527628274244	0.18027272513012954	0.49135941620701407	-0.2787999705176195	0.19758996318717117	0.4914438118357598	-0.30239373733021585	0.1796113034638798	0.48090276216997097	-0.24878405322225078	0.2495416773582957	0.491696998721997	0.5809890521858674	0.029999999999999943	0.5577940248618912	0.521153047143412	0.5320315924326772	+z	+z	True	True	False	False	lh	threebox_surface
box025_p2	box025	box025_person2	large_box_partial_guard	51	89	right	True	0.1874723179728637	-0.3778	0.42207332109157936	0.25246839388559966	0.22605358922836336	0.4839245618495558	0.20382584632105363	0.28911416314344224	0.4763570930566401	0.23422743854889486	0.24970130444651784	0.4810867610522124	0.26462903077673616	0.21028844574959357	0.4858164290477848	0.25246839388559966	0.22605358922836336	0.4839245618495558	0.27191469933633866	0.2047605004244948	0.4712982741364973	0.29127651694327455	0.16697106086132482	0.48214006570261164	0.6320019892992015	0.029999999999999957	0.5465436800157959	0.5090849285348059	0.49246958674911556	-y	+z	False	True	False	False	rh3	handbox_surface
box025_p2	box025	box025_person2	large_box_partial_guard	52	90	left	True	0.3240281398120034	0.2206368848648586	0.4692	-0.24943296978849944	0.20878004675904177	0.4907104459475623	-0.20940207892534335	0.27801469987833044	0.48868792668835564	-0.23442138571481583	0.23474304167877502	0.48995200122535976	-0.2594406925042884	0.1914713834792196	0.4912160757623639	-0.24943296978849944	0.20878004675904177	0.4907104459475623	-0.2735884327572288	0.19080096565368024	0.4815301400004342	-0.21940980164113236	0.2607060365985083	0.48919355650315743	0.559012971026653	0.030000000000000047	0.5346120186479122	0.49980679352153906	0.5082779006816257	+z	+z	True	True	False	False	lh	threebox_surface
box025_p2	box025	box025_person2	large_box_partial_guard	52	90	right	True	0.18613842954399162	-0.3778	0.4185376469651723	0.2838147272292997	0.24602489764768565	0.47380235142262145	0.23355179137621773	0.30817389091568975	0.4704647002721025	0.2649661262843939	0.2693307701231872	0.4725507322411769	0.29638046119257017	0.23048764933068464	0.47463676421025114	0.2838147272292997	0.24602489764768565	0.47380235142262145	0.3028043487162965	0.2253310464581672	0.4595848844670611	0.32357427471800954	0.18779050633168676	0.4685170840170752	0.6541478829704023	0.030000000000000037	0.5707368853434869	0.5336355572080314	0.5175448333084904	-y	+z	False	True	False	False	rh3	handbox_surface
box025_p2	box025	box025_person2	large_box_partial_guard	53	91	left	True	0.32349670983706846	0.22584444843981966	0.4692	-0.2864872485020171	0.2159651688030551	0.4815891832184971	-0.23928238432188237	0.2804576355335228	0.4780646218621649	-0.2687854244344666	0.24014984382698054	0.4802674727098724	-0.2982884645470509	0.19984205212043823	0.4824703235575801	-0.2864872485020171	0.2159651688030551	0.4815891832184971	-0.31220185849875676	0.20028004001358332	0.47243782629818387	-0.251083600366916	0.2643345188509059	0.47894576220124796	0.5925582333126522	0.03000000000000003	0.5724701030455702	0.5267725464364296	0.543710697109632	+z	+z	True	True	False	False	lh	threebox_surface
box025_p2	box025	box025_person2	large_box_partial_guard	53	91	right	True	0.1865644663462538	-0.3778	0.4223608916457153	0.25572441743769564	0.22859385411488947	0.48382417378117165	0.21022947001681555	0.29394952970919896	0.4761530964915901	0.2386638121548656	0.2531022324627556	0.48094751979757866	0.2670981542929156	0.21225493521631206	0.485741943103567	0.25572441743769564	0.22859385411488947	0.48382417378117165	0.2738141816910914	0.20614578528525043	0.4711820931382495	0.29142447946579275	0.16757690481190332	0.48226293422657873	0.6357549541752537	0.030000000000000044	0.548888686778536	0.511470751868623	0.49450660577614625	-y	+z	False	True	False	False	rh3	handbox_surface
box025_p2	box025	box025_person2	large_box_partial_guard	54	92	left	True	0.32244427283389115	0.22293244668606002	0.4692	-0.2613750130194772	0.20681594149843308	0.48646541373534885	-0.21864946918354924	0.2742054713282041	0.48070527717042233	-0.24535293408100417	0.2320870151845973	0.4843053625235015	-0.2720563989784592	0.18996855904099036	0.4879054478765806	-0.2613750130194772	0.20681594149843308	0.48646541373534885	-0.28636050915866995	0.1894265951650975	0.4784437316993051	-0.22933085514253124	0.2573580888707614	0.4821453113116538	0.5680718671803043	0.03000000000000009	0.545707613225042	0.5051235024103844	0.5175544887121077	+z	+z	True	True	False	False	lh	threebox_surface
box025_p2	box025	box025_person2	large_box_partial_guard	54	92	right	True	0.19023229389636417	-0.3778	0.41912186631172	0.2638907181572608	0.2387170811348049	0.48194133224566366	0.21694536590399982	0.3030178099863386	0.4740959405423263	0.2462862110622879	0.26282985445413004	0.4789993103569122	0.275627056220576	0.22264189892192143	0.48390268017149796	0.2638907181572608	0.2387170811348049	0.48194133224566366	0.28195981045061913	0.21625814649540676	0.4692889914953068	0.30065476016312465	0.17832614553012965	0.48078370010070043	0.6458590870715912	0.03000000000000004	0.5599338433450851	0.5234137279790084	0.5058873797123064	-y	+z	False	True	False	False	rh3	handbox_surface
box025_p2	box025	box025_person2	large_box_partial_guard	55	93	left	True	0.3291677373042801	0.21743941556667776	0.4692	-0.24914503399942606	0.2124810874794939	0.48684576718971023	-0.20879781857668417	0.2813179694088777	0.48105043338819975	-0.23401482821589786	0.23829491820301288	0.48467251701414366	-0.25923183785511156	0.19527186699714794	0.48829460064008784	-0.24914503399942606	0.2124810874794939	0.48684576718971023	-0.27359819813227004	0.19428973778950068	0.4789635513681107	-0.21888462243236964	0.26410874892653174	0.48249926683857736	0.5637809440543877	0.03000000000000004	0.5391265263344873	0.5041801349361027	0.512309541375523	+z	+z	True	True	False	False	lh	threebox_surface
box025_p2	box025	box025_person2	large_box_partial_guard	55	93	right	True	0.1942315138700201	-0.3778	0.4163662255476413	0.27230707358866113	0.24797652817989319	0.4786769573916148	0.2256110101807722	0.31213184257030807	0.46849986067037663	0.25479604981070275	0.2720347710762988	0.4748605461211505	0.2839810894406333	0.2319376995822895	0.48122123157192437	0.27230707358866113	0.24797652817989319	0.4786769573916148	0.29025960302968257	0.2249822497489232	0.46684702019761076	0.30882073398387655	0.1874319371017935	0.47972819272614553	0.6552670282051833	0.030000000000000044	0.569710594078734	0.534188745557784	0.5160556419313095	-y	+z	False	True	False	False	rh3	handbox_surface
box025_p2	box025	box025_person2	large_box_partial_guard	56	94	left	True	0.32195179490673126	0.21710221787204503	0.4692	-0.24930686975363192	0.2136020911349796	0.48455548317256675	-0.21081806961105096	0.2832989325429852	0.4767476306296589	-0.23487356970016407	0.2397384066629817	0.4816275384689764	-0.25892906978927716	0.1961778807829782	0.4865074463082937	-0.24930686975363192	0.2136020911349796	0.48455548317256675	-0.2733263176866684	0.19458725719358722	0.47730883035329047	-0.2204402696466962	0.2658747221909838	0.47869959376538596	0.5574238310522603	0.030000000000000037	0.5315152229738391	0.49960216771387655	0.5053918175597484	+z	+z	True	True	False	False	lh	threebox_surface
box025_p2	box025	box025_person2	large_box_partial_guard	56	94	right	True	0.1985734327920038	-0.3778	0.41629251623948416	0.26562165866994697	0.2565977412819809	0.4795695176077043	0.21867137649957308	0.3198776172399379	0.46573737016532046	0.24801530285605675	0.2803276947662147	0.4743824623168104	0.27735922921254036	0.2407777722924915	0.4830275544683002	0.26562165866994697	0.2565977412819809	0.4795695176077043	0.28420368957971515	0.23344050777420727	0.46910872263596953	0.3026781501431927	0.19652479564365266	0.48381894604312203	0.6625337749647103	0.029999999999999968	0.5771357328516382	0.5424627622541979	0.5238696147898451	-y	+z	False	True	False	False	rh3	handbox_surface
box025_p2	box025	box025_person2	large_box_partial_guard	57	95	left	True	0.3232003605045519	0.2167577454971147	0.4692	-0.2489628215085716	0.21521880123825185	0.48419558171232635	-0.2096167457892383	0.2844192828305031	0.47624701750933973	-0.2342080431138216	0.24116898183534605	0.48121487013620645	-0.2587993404384049	0.19791868084018902	0.48618272276307295	-0.2489628215085716	0.21521880123825185	0.48419558171232635	-0.27318093963779067	0.19646205577806872	0.47693755030354945	-0.2194532647190716	0.26711916243244027	0.47823415856008644	0.5580720329745386	0.030000000000000013	0.5325521222408226	0.49969991860963764	0.5061972799503637	+z	+z	True	True	False	False	lh	threebox_surface
box025_p2	box025	box025_person2	large_box_partial_guard	57	95	right	True	0.19638261564752682	-0.3778	0.4155074256355897	0.2885203970520503	0.2688573800295137	0.4717863636555643	0.23773576150978737	0.32946732236134907	0.45964734872966834	0.26947615872370173	0.291586108403952	0.46723423305835327	0.30121655593761604	0.253704894446555	0.47482111738703825	0.2885203970520503	0.2688573800295137	0.4717863636555643	0.30864842605050113	0.24732452433483526	0.46073303193270915	0.3293161682540274	0.21115860338401385	0.4743468764262134	0.675348865972075	0.030000000000000027	0.5928893378925228	0.5577687749876603	0.5402240076433414	-y	+z	False	True	False	True	rh3	handbox_surface
box025_p2	box025	box025_person2	large_box_partial_guard	58	96	left	True	0.3195451179065175	0.2177318367095821	0.4692	-0.25292299449498024	0.2133240275872279	0.4845867131482779	-0.21322016549547798	0.282310211562171	0.47654981138132835	-0.2380344336201669	0.2391938465778316	0.481572874985672	-0.26284870174485586	0.1960774815934921	0.48659593859001543	-0.25292299449498024	0.2133240275872279	0.4845867131482779	-0.2773318686210886	0.19475358901297873	0.4774904154540194	-0.2231458727453536	0.26506366556843525	0.4785590368230657	0.5581296105598542	0.03000000000000003	0.533055821463981	0.4988373757269212	0.5061824234638965	+z	+z	True	True	False	False	lh	threebox_surface
box025_p2	box025	box025_person2	large_box_partial_guard	58	96	right	True	0.19696478866763453	-0.3778	0.4153721760705234	0.2787430350367385	0.26540404222575603	0.4748816686799173	0.2290089044864531	0.32684143204016824	0.4625543254463115	0.26009273608038147	0.2884430634061606	0.4702589149673151	0.2911765676743098	0.2500446947721529	0.4779635044883189	0.2787430350367385	0.26540404222575603	0.4748816686799173	0.2985771027556727	0.24356080919553116	0.46390621896640555	0.3185864177792483	0.2070498687409386	0.4775826478611979	0.671474133074459	0.029999999999999992	0.5879517963375013	0.5525010399211217	0.5347995223501233	-y	+z	False	True	False	False	rh3	handbox_surface
box025_p2	box025	box025_person2	large_box_partial_guard	59	97	left	True	0.3205510791809533	0.21943215167950966	0.4692	-0.256830790290061	0.2122909106075552	0.484731461760857	-0.2162626074789365	0.2807668570741929	0.4766526438460048	-0.24161772173588925	0.2379693905325443	0.4817019050427874	-0.2669728359928422	0.19517192399089572	0.48675116623957015	-0.256830790290061	0.2122909106075552	0.484731461760857	-0.2815159487237222	0.19405910628017928	0.4777131977316957	-0.22640465318171774	0.26364787045753346	0.47867234832471783	0.5626132664435437	0.029999999999999964	0.5382864548712792	0.5019945868544866	0.5107875617198143	+z	+z	True	True	False	False	lh	threebox_surface
box025_p2	box025	box025_person2	large_box_partial_guard	59	97	right	True	0.19596432233329303	-0.3778	0.41611038946693035	0.27242177958920105	0.26272868580572256	0.47642224400876254	0.2234523792754266	0.32476047594838514	0.4640103608073307	0.2540582544715356	0.28599060710922103	0.47176778780822565	0.28466412966764476	0.24722073827005697	0.4795252148091204	0.27242177958920105	0.26272868580572256	0.47642224400876254	0.2921761787624996	0.24078412098822113	0.4655054058136504	0.3116526468761775	0.203960483898256	0.4791125035640612	0.6686483537913127	0.03000000000000002	0.5844604157565535	0.5485852089877409	0.5309862197581374	-y	+z	False	True	False	False	rh3	handbox_surface
box025_p2	box025	box025_person2	large_box_partial_guard	60	98	left	True	0.3166546294471809	0.22866738993761754	0.4692	-0.3036570839210347	0.20712524679443511	0.47455946940747396	-0.25885710842291115	0.2733824836452294	0.4762743339109488	-0.28685709310923846	0.23197171061348287	0.47520254359627695	-0.31485707779556577	0.19056093758173645	0.47413075328160514	-0.3036570839210347	0.20712524679443511	0.47455946940747396	-0.32835383207653285	0.19100820917092964	0.4635447749180153	-0.270057102297442	0.2568181744325308	0.4758456177850801	0.6035506178671104	0.02999999999999986	0.5826795795848982	0.5396146325856622	0.5550894074648911	+z	+z	True	True	False	False	lh	threebox_surface
box025_p2	box025	box025_person2	large_box_partial_guard	60	98	right	True	0.19519478102074828	-0.3778	0.42302435526501536	0.2439862348479569	0.2511680334955579	0.4815971476071192	0.19647510852192285	0.31354647377834854	0.46573451657951337	0.22616956247569414	0.2745599486016044	0.4756486609717671	0.2558640164294653	0.2355734234248602	0.4855628053640207	0.2439862348479569	0.2511680334955579	0.4815971476071192	0.2640774109615712	0.2288876952117838	0.4720625403137838	0.2823546881083308	0.19203422361470654	0.48716978821834145	0.6552116125167404	0.02999999999999999	0.5695310891551747	0.5334951014756706	0.5156705312405209	-y	+z	False	True	False	False	rh3	handbox_surface
box025_p2	box025	box025_person2	large_box_partial_guard	61	99	left	True	0.3222942327155197	0.21576667081025813	0.4692	-0.2553307649969347	0.21288178250246492	0.4885398475453264	-0.21439950287951637	0.28146253619888234	0.4839233549474199	-0.2399815417029028	0.2385995651386214	0.4868086628211115	-0.2655635805262893	0.1957365940783606	0.48969397069480314	-0.2553307649969347	0.21288178250246492	0.4885398475453264	-0.2799564739433293	0.19505034433659146	0.4803773701190915	-0.22463231840887102	0.264317347774778	0.48507747809689655	0.5630146113269128	0.029999999999999964	0.5385558727921816	0.503145746031323	0.5116244315659122	+z	+z	True	True	False	False	lh	threebox_surface
box025_p2	box025	box025_person2	large_box_partial_guard	61	99	right	True	0.19111322207109063	-0.3778	0.41642540309206644	0.26648432588292076	0.24746245457344923	0.4787013010257053	0.22046027633433984	0.3120161563325103	0.46799586071005367	0.24922530730220294	0.2716700927330971	0.4746867609073359	0.27799033827006586	0.2313240291336839	0.4813776611046183	0.26648432588292076	0.24746245457344923	0.4787013010257053	0.28507572662225855	0.22483029397598808	0.4671634202347681	0.30286330298370306	0.18683841381228658	0.479839592240485	0.6546623569590088	0.03000000000000001	0.5687071294304215	0.5320638612769913	0.514621611864324	-y	+z	False	True	False	False	rh3	handbox_surface
box025_p2	box025	box025_person2	large_box_partial_guard	62	100	left	True	0.3212247599145978	0.21366839199494492	0.4692	-0.2521303257694529	0.2165697446155642	0.4883472797971806	-0.21229969199338186	0.2857899154410833	0.4836474325781252	-0.23719383810342623	0.2425273086751339	0.48658483709003486	-0.26208798421347074	0.19926470190918436	0.4895222416019446	-0.2521303257694529	0.2165697446155642	0.4883472797971806	-0.27644411194296475	0.1983212440837218	0.48017147426146795	-0.22225735043739975	0.26848487273470345	0.48482239438288915	0.5594339999008074	0.030000000000000034	0.5338443433433538	0.5014073064859198	0.5077643191515905	+z	+z	True	True	False	False	lh	threebox_surface
box025_p2	box025	box025_person2	large_box_partial_guard	62	100	right	True	0.18954454779658567	-0.3778	0.41729011716732367	0.2710090483568762	0.24749028343402366	0.4776968773588623	0.22416378464434777	0.31168987171162366	0.4685353200299844	0.2534420744646781	0.27156512903812363	0.4742612933605332	0.2827203642850084	0.23144038636462372	0.47998726669108177	0.2710090483568762	0.24749028343402366	0.4776968773588623	0.28965617075788486	0.2252071545611419	0.4655838859156989	0.30802526229347643	0.18724281840230805	0.4774898434194832	0.65498372471523	0.029999999999999964	0.5695050554389404	0.5326293660920541	0.5154679418102723	-y	+z	False	True	False	False	rh3	handbox_surface
box025_p2	box025	box025_person2	large_box_partial_guard	63	101	left	True	0.3216383149859253	0.2108584641560306	0.4692	-0.2522290979145465	0.21940268605451524	0.4886222859476089	-0.21316146124727647	0.28911393668621554	0.48487244587122674	-0.2375787341643203	0.2455444050414029	0.4872160959189657	-0.26199600708136384	0.20197487339659012	0.48955974596670465	-0.2522290979145465	0.21940268605451524	0.4886222859476089	-0.2761001829329317	0.20084799582944707	0.4798526487483587	-0.22292837041409405	0.27168612402829045	0.4858099058903223	0.5605813074546575	0.030000000000000013	0.534056897344389	0.5046098627704009	0.5092356678579438	+z	+z	True	True	False	False	lh	threebox_surface
box025_p2	box025	box025_person2	large_box_partial_guard	63	101	right	True	0.19105935179743977	-0.3778	0.4159995031014454	0.27428084022286525	0.24628500444367812	0.4764448256165701	0.22664726221809833	0.31014350333586777	0.46915549329460765	0.2564182484710777	0.2702319415282493	0.47371132599583415	0.28618923472405694	0.23032037972063074	0.4782671586970607	0.27428084022286525	0.24628500444367812	0.4764448256165701	0.29316515987788255	0.22457104807332268	0.46368300216460095	0.3120164937230346	0.18651685497426157	0.47449835087575204	0.6538714224655034	0.03000000000000005	0.5686577016336013	0.5312877406843997	0.5146493153034775	-y	+z	False	True	False	False	rh3	handbox_surface
box025_p2	box025	box025_person2	large_box_partial_guard	64	102	left	True	0.32339264465403744	0.21033998253058112	0.4692	-0.2552897824449187	0.22125710472064625	0.4885766078233104	-0.21698953371486115	0.2914318620845776	0.4856449911824321	-0.2409271891711471	0.2475726387321205	0.48747725158298105	-0.2648648446274331	0.20371341537966328	0.48930951198353007	-0.2552897824449187	0.22125710472064625	0.4885766078233104	-0.2786753154232787	0.20237642523366767	0.4792145271070526	-0.22656459589737557	0.2738881727435948	0.48637789534265163	0.5658420304835384	0.029999999999999947	0.5386384098580052	0.5115602041946647	0.5150026672061473	+z	+z	True	True	False	False	lh	threebox_surface
box025_p2	box025	box025_person2	large_box_partial_guard	64	102	right	True	0.18886612430920588	-0.3778	0.4178342926333717	0.27431892419180476	0.24581370634854827	0.47575629719730733	0.2264379704021634	0.3095673572330118	0.4692075367729095	0.25636356652068926	0.2697213254302221	0.47330051203815815	0.28628916263921506	0.22987529362743234	0.4773934873034069	0.27431892419180476	0.24581370634854827	0.47575629719730733	0.29353039486962273	0.2245104746419883	0.46279214349728653	0.3124271557138279	0.18631395426373684	0.4730099920231032	0.6533883019208899	0.029999999999999968	0.5683104467436885	0.5304475001228148	0.5143999593812723	-y	+z	False	True	False	False	rh3	handbox_surface
box025_p2	box025	box025_person2	large_box_partial_guard	65	103	left	True	0.3768	0.2216210220928854	0.41737067098378516	-0.324050686712846	0.22031854797392814	0.4662015743613788	-0.2843895917604059	0.2892034932870898	0.47524932857865687	-0.30917777610568087	0.24615040246636383	0.469594482192858	-0.333965960450956	0.20309731164563777	0.4639396358070593	-0.324050686712846	0.22031854797392814	0.4662015743613788	-0.3462052826284021	0.20311270256623312	0.45191365885439816	-0.2943048654985159	0.2719822569587994	0.4729873900243373	0.6883999755008736	0.03000000000000012	0.6625307339822015	0.6305922347077634	0.6365677849049687	+x	+z	False	True	False	False	lh	threebox_surface
box025_p2	box025	box025_person2	large_box_partial_guard	65	103	right	True	0.2005887759550492	-0.30152161670923056	0.4692	0.20232089313310228	0.23102664788511582	0.4872055454387036	0.1594371824619351	0.2976009539757559	0.47585437247634416	0.18623950163141464	0.2559920126691058	0.4829488555778188	0.21304182080089404	0.21438307136245588	0.4900433386792934	0.20232089313310228	0.23102664788511582	0.4872055454387036	0.22095759088410358	0.2082008060235246	0.47613161171336227	0.23644737030424912	0.16910920319249745	0.4884758204576386	0.5578677080150092	0.029999999999999978	0.4664757208887717	0.42798099118396143	0.41261260899890967	+z	+z	True	True	False	False	rh3	handbox_surface
box025_p2	box025	box025_person2	large_box_partial_guard	66	104	left	True	0.3187560627000454	0.21282830242679399	0.4692	-0.24896955988211597	0.20921702773436354	0.4921594075952955	-0.2154379690790363	0.2818446787724858	0.493085000864262	-0.23639521333096117	0.23645239687365935	0.49250650507115795	-0.25735245758288605	0.19106011497483297	0.4919280092780539	-0.24896955988211597	0.20921702773436354	0.4921594075952955	-0.2708091880334623	0.18923934364417042	0.48143865451945833	-0.25316100873250114	0.20013857135459825	0.4920437084366747	0.5561422752281301	0.02999999999999992	0.5269674544835921	0.5057406609254417	0.505713849065977	+z	+z	True	True	False	False	lh2	handbox_surface
box025_p2	box025	box025_person2	large_box_partial_guard	66	104	right	True	0.18793531833818644	-0.3778	0.41895103203979	0.27674543193868023	0.24639445853408284	0.47432383284065605	0.22629457445318554	0.30829789194409146	0.4695619098014902	0.2578263603816197	0.26960824606283607	0.47253811170096893	0.2893581463100539	0.2309186001815807	0.47551431360044755	0.27674543193868023	0.24639445853408284	0.47432383284065605	0.29684584415476006	0.22630621855882996	0.46078080469529215	0.31727694356422514	0.18862291598417313	0.46989151552887787	0.6533710813425156	0.030000000000000006	0.56969696550955	0.5318652460306865	0.5166295863920849	-y	+z	False	True	False	False	rh3	handbox_surface
box025_p2	box025	box025_person2	large_box_partial_guard	67	105	left	True	0.3191828118971534	0.2156120634565926	0.4692	-0.25095879052319847	0.20611310732543842	0.49332071410967193	-0.21716843385025678	0.27861191457397366	0.4947817902388002	-0.23828740677084523	0.2333001600436391	0.49386861765809514	-0.25940637969143393	0.1879884055133046	0.49295544507739	-0.25095879052319847	0.20611310732543842	0.49332071410967193	-0.2729934587844334	0.18634785134123463	0.4826053132116222	-0.22561602301849226	0.26048721276183984	0.49441652120651813	0.5582960273544674	0.029999999999999995	0.5297351466593411	0.5067740356841787	0.5077204784673978	+z	+z	True	True	False	False	lh	threebox_surface
box025_p2	box025	box025_person2	large_box_partial_guard	67	105	right	True	0.1882798724546879	-0.3778	0.41888976670858263	0.2696132450506827	0.23273811805187886	0.4788002897987331	0.220465383082208	0.2957916390189057	0.4758437449253279	0.25118279681250466	0.2563831884145139	0.47769158547120616	0.2819002105428014	0.21697473781012214	0.47953942601708444	0.2696132450506827	0.23273811805187886	0.4788002897987331	0.2888278301650319	0.2122657282339164	0.46456447082227037	0.30866270145406266	0.17408504135419073	0.4728878834784906	0.6400021470668333	0.029999999999999978	0.5551447245205641	0.5169691136595572	0.5014713523616504	-y	+z	False	True	False	False	rh3	handbox_surface
box025_p2	box025	box025_person2	large_box_partial_guard	68	106	left	True	0.32110196840395605	0.2172944632115359	0.4692	-0.2528663318048887	0.20655513621053753	0.4937236270156612	-0.21836701876724463	0.2787307326877665	0.49441693292711103	-0.23992908941577232	0.2336209848894984	0.49398361673245483	-0.2614911600642998	0.18851123709123024	0.49355030053779886	-0.2528663318048887	0.20655513621053753	0.4937236270156612	-0.2754274855523722	0.18704933828207948	0.4836474196603972	-0.2269918470266557	0.2606868335684592	0.49424360644924853	0.5618154775429078	0.029999999999999933	0.5338117544042801	0.5085552081446351	0.5105429263035156	+z	+z	True	True	False	False	lh	threebox_surface
box025_p2	box025	box025_person2	large_box_partial_guard	68	106	right	True	0.1879481155170923	-0.3778	0.4193914111470427	0.2687454147923423	0.23033057917181032	0.47904096028367876	0.21977447569297415	0.29352399080409164	0.47613581829075774	0.25038131263007923	0.2540281085339158	0.47795153203633345	0.28098814956718443	0.21453222626374005	0.47976724578190905	0.2687454147923423	0.23033057917181032	0.47904096028367876	0.28788519988316713	0.20980239047292953	0.46478474538189	0.30762044168789493	0.17156580448391345	0.47308835247274555	0.6376001494619203	0.029999999999999995	0.5526268792664808	0.5144146344333697	0.49890754270208504	-y	+z	False	True	False	False	rh3	handbox_surface
box025_p2	box025	box025_person2	large_box_partial_guard	69	107	left	True	0.32182069780804956	0.21805024550894642	0.4692	-0.2527147326197027	0.20252932249695985	0.49376939653733803	-0.21911972608633626	0.2751330297139581	0.4934914858116181	-0.2401166051696903	0.22975571270333423	0.49366518001519305	-0.2611134842530443	0.18437839569271033	0.493838874218768	-0.2527147326197027	0.20252932249695985	0.49376939653733803	-0.27535836986796824	0.18276365550536303	0.48441013019558027	-0.2275184777196779	0.2569821029097086	0.49356096349304807	0.5625914107710059	0.030000000000000034	0.5344254684799866	0.5087447939969484	0.5105098394733735	+z	+z	True	True	False	False	lh	threebox_surface
box025_p2	box025	box025_person2	large_box_partial_guard	69	107	right	True	0.18780273553516577	-0.3778	0.4191977933087489	0.2693908458188219	0.23395996753507808	0.4792741334387803	0.21939348087244728	0.29631991600851537	0.4758829205570392	0.25064183396393136	0.25734494821261705	0.47800242860812736	0.2818901870554155	0.21836998041671868	0.48012193665921554	0.2693908458188219	0.23395996753507808	0.4792741334387803	0.28870564786206887	0.21350851549658006	0.46514423253845544	0.30913170622351316	0.17572596134574023	0.47384600876860106	0.64094917322986	0.03000000000000004	0.5566158960385347	0.5188983321846478	0.5030614142532371	-y	+z	False	True	False	False	rh3	handbox_surface
box025_p2	box025	box025_person2	large_box_partial_guard	70	108	left	True	0.326227434216016	0.21790042262551354	0.4692	-0.25061881633490607	0.21182225562838833	0.49412284481309754	-0.2159743273945312	0.2839212924668847	0.4929028968546181	-0.2376271329822655	0.23885939444282447	0.49366536432866764	-0.2592799385699998	0.19379749641876431	0.49442783180271743	-0.25061881633490607	0.21182225562838833	0.49412284481309754	-0.27395063012933535	0.19247085640460487	0.48562804763755874	-0.22463544962962495	0.26589653325726065	0.4932078838442379	0.564774119008418	0.030000000000000027	0.5365460579834943	0.5099881408370439	0.511788668628314	+z	+z	True	True	False	False	lh	threebox_surface
box025_p2	box025	box025_person2	large_box_partial_guard	70	108	right	True	0.18648781729130537	-0.3778	0.41904798459275716	0.27863168236772207	0.24284188964162529	0.4762427400977945	0.22679709434346224	0.3037253333470689	0.4737165241685171	0.25919371185862455	0.26567318103116666	0.47529540912431556	0.29159032937378704	0.22762102871526432	0.47687429408011395	0.27863168236772207	0.24284188964162529	0.4762427400977945	0.29816118428455163	0.22284620792944737	0.4617600319376602	0.3198757976423232	0.18572576650530012	0.4701870458278078	0.6500058881099741	0.030000000000000054	0.5671912524701113	0.5302228354398112	0.514373552462936	-y	+z	False	True	False	False	rh3	handbox_surface
box025_p2	box025	box025_person2	large_box_partial_guard	71	109	left	True	0.3287387507204623	0.21743350960292657	0.4692	-0.24751853830455978	0.21595311586058114	0.4921373759502464	-0.21404565443370568	0.2885410715669125	0.4888885712863784	-0.23496620685298958	0.24317359925045534	0.49091907420129594	-0.25588675927227345	0.1978061269339983	0.49294957711621346	-0.24751853830455978	0.21595311586058114	0.4921373759502464	-0.2706380556794465	0.19605233496000496	0.48436186298907946	-0.22241387540141916	0.27039408264032966	0.48970077245234545	0.5647101465283861	0.029999999999999864	0.5354368142659784	0.5112083021300549	0.5112347172049316	+z	+z	True	True	False	False	lh	threebox_surface
box025_p2	box025	box025_person2	large_box_partial_guard	71	109	right	True	0.1890342152558338	-0.3778	0.41889231961972323	0.27651288635872623	0.24791925370390158	0.47612765743318847	0.2257727645161342	0.3094201594898005	0.46956422670582487	0.2574853406677542	0.2709820933736137	0.4736663709104272	0.2891979168193742	0.2325440272574268	0.4777685151150294	0.27651288635872623	0.24791925370390158	0.47612765743318847	0.2962240523199289	0.22712918026706072	0.46308080528998957	0.3170346192077477	0.19002605852866566	0.47360434228946113	0.6546785149576878	0.03000000000000001	0.5713042774001527	0.5345559497298131	0.5180800661836605	-y	+z	False	True	False	False	rh3	handbox_surface
box025_p2	box025	box025_person2	large_box_partial_guard	72	110	left	True	0.322403534398298	0.2160529113585371	0.4692	-0.2478497454706946	0.21263521507894614	0.4879383242957247	-0.21543716261844306	0.2855301471008594	0.48195891309004957	-0.23569502690110028	0.2399708145871636	0.4856960450935966	-0.2559528911837577	0.19441148207346778	0.4894331770971434	-0.2478497454706946	0.21263521507894614	0.4879383242957247	-0.27046376886662693	0.19200165362098914	0.48059844328043305	-0.22354030833150595	0.26730641409538103	0.4834537658914683	0.5588543546605341	0.02999999999999993	0.5291147450453985	0.5065328725731115	0.5056149955425159	+z	+z	True	True	False	False	lh	handbox_surface
box025_p2	box025	box025_person2	large_box_partial_guard	72	110	right	True	0.19416614976317928	-0.3778	0.41647080860550784	0.27011694850588286	0.2484096482805876	0.47757666664913395	0.22066820027719544	0.31062889422642526	0.4684340886457887	0.2515736679201251	0.2717418655102768	0.47414819989787954	0.28247913556305476	0.23285483679412827	0.47986231114997024	0.27011694850588286	0.2484096482805876	0.47757666664913395	0.2897252229855035	0.22696559553935644	0.4654669291677121	0.30961680170984274	0.1897607121498802	0.4773239066803287	0.6546196908570685	0.03000000000000006	0.5702555890564769	0.5336503179398394	0.516594104557419	-y	+z	False	True	False	False	rh3	handbox_surface
box025_p2	box025	box025_person2	large_box_partial_guard	73	111	left	True	0.3280901638589714	0.21242196410428346	0.4692	-0.2477378765446527	0.22466219029139414	0.48526467094560816	-0.21485630701696715	0.2971672160361895	0.47740187073559764	-0.23540728797177063	0.2518515749456925	0.48231612086685416	-0.25595826892657436	0.2065359338551953	0.4872303709981108	-0.2477378765446527	0.22466219029139414	0.48526467094560816	-0.27039901463086413	0.2039390216852814	0.4783339516849553	-0.25184807273561366	0.21559906207329477	0.48624752097185947	0.5650275259289926	0.03000000000000008	0.5343563223493649	0.5138248557396369	0.5117713191893339	+z	+z	True	True	False	False	lh2	handbox_surface
box025_p2	box025	box025_person2	large_box_partial_guard	73	111	right	True	0.1955731464064913	-0.3778	0.41670298021933555	0.2691531470059937	0.25953105161086537	0.4775289313345505	0.22108944873808842	0.32232870040329326	0.4654319806876042	0.25112926015552917	0.28308016990802587	0.4729925748419457	0.28116907157297	0.24383163941275846	0.4805531689962871	0.2691531470059937	0.25953105161086537	0.4775289313345505	0.2884138383299674	0.23721957187465148	0.4664744657387418	0.3074250414537968	0.2001244303898647	0.48000187502189556	0.6655956724734131	0.030000000000000086	0.5807371910161565	0.5448348081026897	0.5270780720597776	-y	+z	False	True	False	False	rh3	handbox_surface
box025_p2	box025	box025_person2	large_box_partial_guard	74	112	left	True	0.32682525443366645	0.2103868994556289	0.4692	-0.24416721212659523	0.2242791113498272	0.4831556596263329	-0.2114622610224559	0.29686725912429146	0.4753232285893949	-0.2319028554625431	0.2514996667652513	0.4802184979874811	-0.25234344990263013	0.20613207440621117	0.4851137673855674	-0.24416721212659523	0.2242791113498272	0.4831556596263329	-0.26629948909191925	0.2032180363927705	0.47556585041310934	-0.24825533101461267	0.21520559287801927	0.4841347135059501	0.5603470065253727	0.029999999999999957	0.5294029164676232	0.5091878910011303	0.5080633417131896	+z	+z	True	True	False	False	lh2	handbox_surface
box025_p2	box025	box025_person2	large_box_partial_guard	74	112	right	True	0.19681002411950912	-0.3778	0.41661951334733033	0.2720885641156331	0.26656004839260933	0.4747411213429332	0.22448617107028115	0.32898001345097977	0.4593216486389903	0.25423766672362624	0.2899675352894982	0.46895881907895465	0.283989162376971	0.2509550571280167	0.4785959895189189	0.2720885641156331	0.26656004839260933	0.4747411213429332	0.2919088939372942	0.24413147658340267	0.4649896465690521	0.31035635062629857	0.20733488796046862	0.480028548634285	0.6722728748403775	0.02999999999999988	0.5877885289106544	0.5521296376386089	0.534292164574686	-y	+z	False	True	False	True	rh3	handbox_surface
box025_p2	box025	box025_person2	large_box_partial_guard	75	113	left	True	0.3294938295329966	0.22028627552290975	0.4692	-0.2609725025655167	0.22591407344790462	0.4813742456615776	-0.22401550380138485	0.29649454295265165	0.47412320664379237	-0.2471136280289673	0.2523817495121848	0.4786551060299081	-0.2702117522565497	0.2082689560717179	0.483187005416024	-0.2609725025655167	0.22591407344790462	0.4813742456615776	-0.2836617670502836	0.20584156334975692	0.4728125062699733	-0.23325475349241795	0.2788494255764649	0.4759359663982386	0.5775774221666782	0.030000000000000027	0.5499890308304296	0.5242608905869096	0.527155086516609	+z	+z	True	True	False	False	lh	threebox_surface
box025_p2	box025	box025_person2	large_box_partial_guard	75	113	right	True	0.19584848379096634	-0.3778	0.41845141699556193	0.2592791497103504	0.2623598390402442	0.4762366747003393	0.21454766395745814	0.32690549152936105	0.4609738791800895	0.24250484255301577	0.286564458723663	0.47051312638024567	0.27046202114857343	0.24622342591796487	0.4800523735804018	0.2592791497103504	0.2623598390402442	0.4762366747003393	0.27868363105805494	0.23954048349028217	0.4665557303343797	0.2952113935956027	0.20165507708200206	0.48111578578371356	0.6680324628430672	0.029999999999999978	0.581480081953165	0.5445881633594825	0.5272429730857414	-y	+z	False	True	False	False	rh3	handbox_surface
box025_p2	box025	box025_person2	large_box_partial_guard	76	114	left	True	0.32879173495038444	0.21792525065042145	0.4692	-0.2556423985813983	0.22272204975737983	0.4805856906635718	-0.21743354205982438	0.2926014306912549	0.4730388102741564	-0.24131407738580807	0.24892681760758298	0.47775561051754106	-0.2651946127117918	0.20525220452391105	0.4824724107609258	-0.2556423985813983	0.22272204975737983	0.4805856906635718	-0.2782117851140069	0.20270563213164597	0.4715869361451057	-0.22698575619021785	0.27513158545778615	0.4749255303715103	0.5710122002940369	0.029999999999999975	0.5442697570923352	0.5174549928331353	0.5217465252376071	+z	+z	True	True	False	False	lh	threebox_surface
box025_p2	box025	box025_person2	large_box_partial_guard	76	114	right	True	0.19616311177635123	-0.3778	0.4165332914352816	0.2829547079817671	0.26879700765461456	0.4701565163228731	0.23632065032435057	0.3322464967203218	0.4560346537082792	0.26546693636023583	0.2925905660542548	0.4648608178424003	0.2946132223961212	0.2529346353881878	0.4736869819765214	0.2829547079817671	0.26879700765461456	0.4701565163228731	0.30305417591773076	0.24676273747289196	0.46008279336878044	0.32069418894699364	0.20912010055923827	0.4739510302581645	0.6756937775095526	0.03000000000000012	0.5909252287917828	0.5537145186252953	0.5370597452795315	-y	+z	False	True	False	True	rh3	handbox_surface
box025_p2	box025	box025_person2	large_box_partial_guard	77	115	left	True	0.33018930539067065	0.21899024440027504	0.4692	-0.25737960938584803	0.22355284978587198	0.48045701490131937	-0.21849963137915954	0.29309116081117703	0.47319267666942455	-0.24279961763333976	0.24962971642036136	0.4777328880643588	-0.26709960388752	0.2061682720295457	0.48227309945929325	-0.25737960938584803	0.22355284978587198	0.48045701490131937	-0.2795658617417679	0.20341065284277682	0.47080953468031317	-0.2282196258808317	0.27570658305485074	0.4750087612273983	0.5738709727217468	0.030000000000000054	0.5475695357459907	0.5195802884864585	0.524692735969869	+z	+z	True	True	False	False	lh	threebox_surface
box025_p2	box025	box025_person2	large_box_partial_guard	77	115	right	True	0.19516949532053324	-0.3778	0.4169235827432138	0.2855547744097969	0.2685112655863323	0.4692115493614316	0.23906408738368104	0.33233601315249384	0.4563656310230838	0.26812076677500357	0.29244554592364286	0.46439432998455116	0.29717744616632585	0.2525550786947919	0.47242302894601856	0.2855547744097969	0.2685112655863323	0.4692115493614316	0.30560005343625357	0.24663445560585498	0.4586963440978439	0.32315664553058093	0.20868361528272888	0.4718099233463858	0.6758731032382904	0.0299999999999999	0.5909628193591988	0.5533023394299127	0.5370676739876377	-y	+z	False	True	False	True	rh3	handbox_surface
box025_p2	box025	box025_person2	large_box_partial_guard	78	116	left	True	0.3320976118733075	0.21626677783550444	0.4692	-0.25850156356503945	0.224892344521105	0.4804053947604531	-0.21879028377283247	0.29400868330187235	0.4736270490325305	-0.24360983364296182	0.25081097156389276	0.47786351511248215	-0.26842938351309115	0.20761325982591314	0.48209998119243375	-0.25850156356503945	0.224892344521105	0.4804053947604531	-0.280163623635994	0.20458176486850999	0.4699532527040301	-0.2287181037208842	0.2767295986066805	0.4753216354645111	0.576807958195201	0.03000000000000001	0.5507278627436245	0.5205696791460819	0.5255440491425513	+z	+z	True	True	False	False	lh	threebox_surface
box025_p2	box025	box025_person2	large_box_partial_guard	78	116	right	True	0.18777768878430096	-0.3778	0.41901928953224526	0.27842775310557183	0.26379294316109103	0.47023017761449337	0.23446576222072557	0.3298420240144472	0.459989949303194	0.2619420065237545	0.28856134848109966	0.46639009199775616	0.2894182508267832	0.24728067294775208	0.4727902346923181	0.27842775310557183	0.26379294316109103	0.47023017761449337	0.29795389650359	0.24183422106431202	0.45893762184610093	0.3138867341846151	0.2026156701736013	0.47027411677922043	0.6721471458702586	0.030000000000000093	0.5855690096980294	0.546611740490217	0.531446789437591	-y	+z	False	True	False	True	rh3	handbox_surface
box025_p2	box025	box025_person2	large_box_partial_guard	79	117	left	True	0.32696765154213303	0.21365936170973537	0.4692	-0.2614542956315454	0.23218170450025236	0.4789569979543917	-0.22109527498187986	0.30092794621692737	0.4722410689767766	-0.2463196628879209	0.2579615451440055	0.4764385245877861	-0.2715440507939617	0.21499514407108367	0.4806359801987954	-0.2614542956315454	0.23218170450025236	0.4789569979543917	-0.2817563837605633	0.21107073267689913	0.46741733365317073	-0.23118503014429623	0.28374138578775865	0.4739200512211804	0.5750421067901682	0.029999999999999964	0.5486224384291606	0.5165672744266474	0.5181288481767744	+z	+z	True	True	False	False	lh	threebox_surface
box025_p2	box025	box025_person2	large_box_partial_guard	79	117	right	True	0.19734242911082397	-0.3778	0.41997051821571296	0.27608873439350223	0.2564151193980384	0.4726870445350979	0.23387787627469528	0.3237963397893673	0.46385445740283027	0.2602596625989496	0.2816830770447867	0.46937482436049766	0.28664144892320415	0.23956981430020619	0.47489519131816493	0.27608873439350223	0.2564151193980384	0.4726870445350979	0.2956627070631473	0.23461884850685544	0.46116490336811156	0.3103398503422014	0.19457077750499852	0.471224706651583	0.6643171626895598	0.029999999999999912	0.5762080503027203	0.5365236038333425	0.5223109213819082	-y	+z	False	True	False	False	rh3	handbox_surface
box025_p2	box025	box025_person2	large_box_partial_guard	80	118	left	True	0.33156096130247376	0.2110729717823073	0.4692	-0.26281369999073007	0.23182610004371249	0.4798959132557551	-0.2213266200223055	0.29995313723444955	0.4737698215730042	-0.24725604500257098	0.2573737389902389	0.47759862887472365	-0.2731854699828362	0.21479434074602818	0.48142743617644274	-0.26281369999073007	0.23182610004371249	0.4798959132557551	-0.28248857181153897	0.21051469913459162	0.46765927253882755	-0.23169839001441164	0.2829213779367653	0.47530134449369194	0.5807266351726539	0.029999999999999936	0.5548814800725272	0.5199146383233488	0.5211669595605432	+z	+z	True	True	False	False	lh	threebox_surface
box025_p2	box025	box025_person2	large_box_partial_guard	80	118	right	True	0.19143631110436668	-0.3778	0.4183221526013998	0.2709931475322878	0.242741578032976	0.4734133628127356	0.23314669016989215	0.31281359902580586	0.46582669430166995	0.25680072602138954	0.26901858590528727	0.47056836212108594	0.28045476187288665	0.22522357278476854	0.475310029940502	0.2709931475322878	0.242741578032976	0.4734133628127356	0.28941332947509074	0.22011300289894328	0.46159718523691706	0.30142739081725556	0.1789717506406522	0.4707364335972668	0.6522089053509889	0.03000000000000006	0.5622167361931156	0.5224211140153119	0.508591587505176	-y	+z	False	True	False	False	rh3	handbox_surface
box025_p2	box025	box025_person2	large_box_partial_guard	81	119	left	True	0.3337440860927098	0.21093487351967505	0.4692	-0.2630701285777503	0.23607913227000724	0.48095788537096845	-0.2203512036288618	0.3033613503946802	0.47401551002565945	-0.24705053172191713	0.2613099640667596	0.47835449461647755	-0.2737498598149724	0.2192585777388389	0.4826934792072956	-0.2630701285777503	0.23607913227000724	0.48095788537096845	-0.2820359366056756	0.21424198188609309	0.4685301440287975	-0.23103093486608392	0.28654079586351194	0.4757511038619866	0.5830470329242304	0.02999999999999999	0.5577007917943926	0.5201567165513636	0.5210182848022422	+z	+z	True	True	False	False	lh	threebox_surface
box025_p2	box025	box025_person2	large_box_partial_guard	81	119	right	True	0.1876821244049924	-0.3778	0.41893121990615856	0.27308752266632524	0.23764401456924383	0.4725005602050365	0.23719585864069984	0.3088448385541452	0.46600201287946275	0.25962814865671574	0.26434432356358184	0.4700636049579463	0.2820604386727317	0.2198438085730185	0.47412519703642997	0.27308752266632524	0.23764401456924383	0.4725005602050365	0.29106520856632834	0.21480161380060378	0.46041730299882494	0.301873107892936	0.17316467166137595	0.468785130037328	0.648182137590696	0.02999999999999999	0.5575621476368814	0.5177171301362261	0.5044252483618373	-y	+z	False	True	False	False	rh3	handbox_surface
box025_p2	box025	box025_person2	large_box_partial_guard	82	120	left	True	0.33313993546973425	0.21215415461548215	0.4692	-0.26417974562316265	0.23875077835921016	0.48049353025750485	-0.22151092280396625	0.3059012302370123	0.4721156801853798	-0.24817893706596397	0.263932197813386	0.47735183648045787	-0.2748469513279617	0.2219631653897597	0.48258799277553616	-0.26417974562316265	0.23875077835921016	0.48049353025750485	-0.28236999998942763	0.2161289315561328	0.4683124605500295	-0.2321781285087653	0.28911361726756174	0.4742101427034111	0.5836771794079186	0.03000000000000007	0.5582133750262995	0.520225937763	0.5200936633381096	+z	+z	True	True	False	False	lh	handbox_surface
box025_p2	box025	box025_person2	large_box_partial_guard	82	120	right	True	0.18637485001023282	-0.3778	0.420257270973459	0.27536763831984806	0.23748132797745897	0.47204053761759673	0.239548680086064	0.30874141520428877	0.4657953635230614	0.26193552898217903	0.2642038606875201	0.469698597332146	0.284322377878294	0.2196663061707515	0.4736018311412305	0.27536763831984806	0.23748132797745897	0.47204053761759673	0.2935533183972533	0.21478950845444936	0.459984836279092	0.30424521520192577	0.17306041094982935	0.46803666415069684	0.6483230815700521	0.030000000000000006	0.5577872549867098	0.5178190441403062	0.504965469952054	-y	+z	False	True	False	False	rh3	handbox_surface
box025_p2	box025	box025_person2	large_box_partial_guard	83	121	left	True	0.33363347602890986	0.21348624773170935	0.4692	-0.2702589056979532	0.24276017595502883	0.47975756001878966	-0.22676021137162217	0.3091991115941326	0.4700760610105025	-0.2539468953255789	0.2676747768196927	0.4761269978906819	-0.28113357927953586	0.22615044204525295	0.48217793477086135	-0.2702589056979532	0.24276017595502883	0.47975756001878966	-0.28821888850047095	0.21978164602945274	0.4679069083024338	-0.2376348849532049	0.2925893776843566	0.47249643576257416	0.5901144573602445	0.03000000000000011	0.5650344225335242	0.5256454828276553	0.525892440169417	+z	+z	True	True	False	False	lh	threebox_surface
box025_p2	box025	box025_person2	large_box_partial_guard	83	121	right	True	0.1858195121676207	-0.3778	0.42137348555170123	0.27136233990950037	0.23764730045666432	0.4727222448862249	0.23682061260296083	0.30942252762692435	0.46529352767944987	0.25840919216954805	0.26456301064551185	0.46993647593368426	0.2799977717361352	0.21970349366409936	0.47457942418791865	0.27136233990950037	0.23764730045666432	0.4727222448862249	0.289333104301431	0.21454150006055586	0.4611398797076132	0.29921894976562796	0.1727233381974891	0.46974090091199167	0.6482729850326857	0.030000000000000034	0.5572156465559165	0.5173879365943986	0.5043268872856855	-y	+z	False	True	False	False	rh3	handbox_surface
box025_p2	box025	box025_person2	large_box_partial_guard	84	122	left	True	0.33426588427367443	0.21267074882532996	0.4692	-0.2693238652286405	0.24379345245796707	0.4808590455322751	-0.2264534290866842	0.3104340463434007	0.46985191368082724	-0.25324745167540685	0.26878367516500473	0.476731371087982	-0.28004147426412956	0.22713330398660872	0.48361082849513704	-0.2693238652286405	0.24379345245796707	0.4808590455322751	-0.28676560116427613	0.22021423709770768	0.46942146639787063	-0.2371710381221733	0.29377389787204233	0.4726036966436892	0.5902349548873608	0.030000000000000082	0.5646465392674097	0.5262453900457257	0.5252170334085136	+z	+z	True	True	False	False	lh	handbox_surface
box025_p2	box025	box025_person2	large_box_partial_guard	84	122	right	True	0.19370097643141404	-0.3778	0.4185626904007474	0.2731607573890151	0.23886761000645124	0.4725734620711414	0.23940540463050064	0.31102793804291096	0.4652616074624405	0.2605025001045721	0.2659277330201237	0.4698315165928786	0.28159959557864356	0.2208275279973363	0.47440142572331656	0.2731607573890151	0.23886761000645124	0.4725734620711414	0.29087395477927297	0.21558353239153927	0.46095141682332386	0.3003034776454108	0.17364683681889095	0.46948744815350285	0.6492120842709276	0.03000000000000008	0.5576175185810684	0.5179254837298404	0.504805549697499	-y	+z	False	True	False	False	rh3	handbox_surface
box025_p2	box025	box025_person2	large_box_partial_guard	85	123	left	True	0.3366136037014666	0.21198645430745125	0.4692	-0.2654350292385653	0.24419417730405327	0.48219259343288606	-0.22550227652227248	0.3123119885675994	0.4693341701561649	-0.25046024696995545	0.2697383565278831	0.4773706847041156	-0.2754182174176384	0.22716472448816663	0.48540719925206627	-0.2654350292385653	0.24419417730405327	0.48219259343288606	-0.2818153717306517	0.21956577960018708	0.4714158512400038	-0.23548546470134576	0.29528253575171287	0.47254877597534517	0.589964192507294	0.030000000000000075	0.5624344889501595	0.5287288319889198	0.5238527289579216	+z	+z	True	True	False	False	lh	handbox_surface
box025_p2	box025	box025_person2	large_box_partial_guard	85	123	right	True	0.19857202596079787	-0.3778	0.41743037265216065	0.29441035461024856	0.2639465951651976	0.46410778168875527	0.25518489405725053	0.3334105177633739	0.4580972324892431	0.2797008069028743	0.2899955661395136	0.46185382573893813	0.3042167197484981	0.2465806145156535	0.46561041898863326	0.29441035461024856	0.2639465951651976	0.46410778168875527	0.31320210558146583	0.24191722846772598	0.4517564794800855	0.3260516571788458	0.20084274234255206	0.4600173378619344	0.6741707798747244	0.029999999999999902	0.5850852462255965	0.5450249841807177	0.5320890116749021	-y	+z	False	True	False	True	rh3	handbox_surface
box025_p2	box025	box025_person2	large_box_partial_guard	86	124	left	True	0.33733838657204096	0.20964096830490908	0.4692	-0.2660394205430983	0.23651414716386632	0.4841122734885534	-0.22636845194270147	0.30527273535447835	0.47418902803456187	-0.2511628073179496	0.26229861773534585	0.4803910564433066	-0.2759571626931975	0.21932450011621335	0.48659308485205127	-0.2660394205430983	0.23651414716386632	0.4841122734885534	-0.28160457269505385	0.21187904781512093	0.47220220697011545	-0.23628619409280063	0.2880830883068254	0.47666983939805974	0.590958309018327	0.029999999999999985	0.56361854676791	0.5290292693728385	0.5240584607937548	+z	+z	True	True	False	False	lh	handbox_surface
box025_p2	box025	box025_person2	large_box_partial_guard	86	124	right	True	0.19657104344494883	-0.3778	0.4186173170681514	0.28452595121299407	0.24097605107511402	0.47197691022274707	0.24913389963643673	0.3124968682835894	0.46630457463375413	0.2712539318717849	0.26779635752829223	0.46984978437687475	0.29337396410713334	0.22309584677299515	0.47339499411999536	0.28452595121299407	0.24097605107511402	0.47197691022274707	0.3020814292075505	0.21801065585371937	0.459512024237966	0.3126832735784718	0.17626235818884592	0.4675833751735704	0.6519179061692608	0.03	0.561103279340702	0.521302453326479	0.5080085002789072	-y	+z	False	True	False	False	rh3	handbox_surface
box025_p2	box025	box025_person2	large_box_partial_guard	87	125	left	True	0.33338237676887417	0.20749248416549232	0.4692	-0.26193193379553525	0.228760472950965	0.4860960546796175	-0.22330591571167246	0.2982073208354808	0.47686750951312357	-0.2474471770140867	0.2548030409076585	0.48263535024218235	-0.2715884383165009	0.21139876097983604	0.488403190971241	-0.26193193379553525	0.228760472950965	0.4860960546796175	-0.2770887731187154	0.20399394813822178	0.4739345894578289	-0.23296242023263816	0.28084560886435184	0.47917464580474706	0.5829080270189262	0.03000000000000003	0.5552881203584713	0.5214345179320217	0.5157920990247264	+z	+z	True	True	False	False	lh	handbox_surface
box025_p2	box025	box025_person2	large_box_partial_guard	87	125	right	True	0.19376318421543517	-0.3778	0.42025252168831995	0.2858470292511901	0.23554153524076094	0.4707516650885592	0.25039169060244704	0.3071677541728426	0.46720149286788376	0.27255127725791145	0.2624013673402916	0.46942035050580583	0.2947108639133758	0.21763498050774055	0.47163920814372806	0.2858470292511901	0.23554153524076094	0.4707516650885592	0.30318732522579206	0.21284968621222922	0.45750886738243507	0.3139056620868409	0.17093741931776574	0.46450495962068783	0.6469024885871707	0.03000000000000007	0.5561137200175538	0.5160888832763841	0.503456684500152	-y	+z	False	True	False	False	rh3	handbox_surface
box025_p2	box025	box025_person2	large_box_partial_guard	88	126	left	True	0.33368552394243306	0.20789546874550632	0.4692	-0.26219193820569503	0.2266059043470559	0.48666880621256886	-0.22268860748207137	0.2957071799908165	0.47863758176389154	-0.24737818918433616	0.2525188827134662	0.4836570970443148	-0.27206777088660095	0.20933058543611574	0.48867661232473825	-0.26219193820569503	0.2266059043470559	0.48666880621256886	-0.27747637822547894	0.20214031925337833	0.47406591744787085	-0.2325644401629773	0.27843186107987633	0.48064538787606087	0.5829539393826694	0.03000000000000005	0.5560680260365121	0.5203192603742632	0.5159924767257583	+z	+z	True	True	False	False	lh	handbox_surface
box025_p2	box025	box025_person2	large_box_partial_guard	88	126	right	True	0.19241024967165893	-0.3778	0.4228991036106647	0.2869400182882088	0.23481260896900621	0.47076159302995113	0.2503154504067648	0.30589461087446645	0.46831413871788685	0.27320580533266725	0.26146835968355375	0.469843797662927	0.2960961602585697	0.21704210849264113	0.47137345660796726	0.2869400182882088	0.23481260896900621	0.47076159302995113	0.30443515562762574	0.21250241198539788	0.45708121116637246	0.31591333424424595	0.17071139649004918	0.46357956537480766	0.6460617321949452	0.029999999999999968	0.5557537989882647	0.5156226148747759	0.5032481349172981	-y	+z	False	True	False	False	rh3	handbox_surface
box025_p2	box025	box025_person2	large_box_partial_guard	89	127	left	True	0.33096383966183635	0.2107553325129025	0.4692	-0.26887949179060355	0.22578614945862513	0.4853695685936102	-0.2274459865230672	0.29404742639456843	0.48050513519191695	-0.25334192731527727	0.2513841283096039	0.4835454060679752	-0.27923786810748763	0.20872083022463928	0.4865856769440336	-0.26887949179060355	0.22578614945862513	0.4853695685936102	-0.28425722660021163	0.20201071851021873	0.4716121734458133	-0.23780436283995124	0.2769821071605826	0.48172124354234025	0.5858922418379153	0.03000000000000013	0.560452721451025	0.5209277535777819	0.5192147024052504	+z	+z	True	True	False	False	lh	handbox_surface
box025_p2	box025	box025_person2	large_box_partial_guard	89	127	right	True	0.18997104414786406	-0.3778	0.42623408378911615	0.2774395630633354	0.21757964377308986	0.4764871739659569	0.24254061687637113	0.28953913509937307	0.47451355720935445	0.2643524582432238	0.24456445302044602	0.475747067682231	0.28616429961007644	0.19958977094151895	0.4769805781551074	0.2774395630633354	0.21757964377308986	0.4764871739659569	0.29410145738893567	0.19480066508408928	0.4625416737858131	0.3046712308744253	0.1527584735572729	0.468960411044319	0.6287460876381372	0.02999999999999996	0.5375434423723541	0.4975582587735197	0.48493568343067406	-y	+z	False	True	False	False	rh3	handbox_surface
box025_p2	box025	box025_person2	large_box_partial_guard	90	128	left	True	0.33133042125217393	0.2120619667974269	0.4692	-0.2716854248899634	0.2248917799920809	0.4849872874064506	-0.23013177275286606	0.2931344742080988	0.4809588037949429	-0.25610280533855184	0.2504827903230876	0.48347660605213516	-0.2820738379242376	0.20783110643807648	0.4859944083093275	-0.2716854248899634	0.2248917799920809	0.4849872874064506	-0.2867174385971341	0.20107666164188448	0.47091993272323923	-0.24052018578714032	0.27607380065409437	0.4819659246978198	0.5888614241598347	0.03000000000000004	0.5636487085504237	0.52343597406145	0.5220607672914659	+z	+z	True	True	False	False	lh	handbox_surface
box025_p2	box025	box025_person2	large_box_partial_guard	90	128	right	True	0.1917510156082865	-0.3778	0.4268424542554844	0.2776053103716122	0.21676183558281956	0.47608203917295716	0.24151608580050257	0.28814349939303247	0.4745900802118026	0.26407185115744597	0.24352995951164946	0.4755225545625242	0.28662761651438956	0.19891641963026635	0.4764550289132458	0.2776053103716122	0.21676183558281956	0.47608203917295716	0.29432844597357305	0.19419571328177102	0.46186639891870396	0.3057104914598724	0.15235532309337826	0.46821438736676096	0.6274161091390467	0.03000000000000013	0.5365703756880511	0.4966495729657096	0.48376577243437996	-y	+z	False	True	False	False	rh3	handbox_surface
box025_p2	box025	box025_person2	large_box_partial_guard	91	129	left	True	0.33092532585851336	0.21447003325342734	0.4692	-0.2833900075772536	0.2269959681493581	0.4795731086360651	-0.24008832714810294	0.29422207833419417	0.4772035978367649	-0.267151877416322	0.25220575946867163	0.4786845420863276	-0.29421542768454106	0.21018944060314904	0.4801654863358902	-0.2833900075772536	0.2269959681493581	0.4795731086360651	-0.2986044332889622	0.20365553086250882	0.46491851879426976	-0.2509137472553905	0.27741555078798513	0.4777959755365899	0.5993415409002016	0.030000000000000058	0.5752515710531227	0.5321594751791088	0.5330325967792623	+z	+z	True	True	False	False	lh	threebox_surface
box025_p2	box025	box025_person2	large_box_partial_guard	91	129	right	True	0.189341374498766	-0.3778	0.4261205981554181	0.2756346441502479	0.2163088214507872	0.4762226467842811	0.23844409779535933	0.2871220069716591	0.47468771414358607	0.26168818926716464	0.2428637660211142	0.4756470470440205	0.2849322807389699	0.19860552507056928	0.47660637994445487	0.2756346441502479	0.2163088214507872	0.4762226467842811	0.29249819653957254	0.19388544893279033	0.46194712459987614	0.304604879238926	0.15227415080638873	0.4684582128467598	0.626825686453707	0.030000000000000082	0.536455253920154	0.49654122069288503	0.4833445643407079	-y	+z	False	True	False	False	rh3	handbox_surface
box025_p2	box025	box025_person2	large_box_partial_guard	92	130	left	True	0.3328284370625335	0.21567331148852398	0.4692	-0.28485742918300494	0.22155837187347782	0.47874058227566063	-0.24165550391172633	0.28887581024811637	0.477341960263961	-0.26865670720627555	0.24680241126396732	0.4782160990212732	-0.29565791050082474	0.20472901227981827	0.47909023777858567	-0.28485742918300494	0.22155837187347782	0.47874058227566063	-0.29996257025621464	0.1983612786697866	0.46374920655602114	-0.25245598522954593	0.27204645065445676	0.4776916157668859	0.6023576094567585	0.030000000000000016	0.5786594336856935	0.5345884236743902	0.5362621536184795	+z	+z	True	True	False	False	lh	threebox_surface
box025_p2	box025	box025_person2	large_box_partial_guard	92	130	right	True	0.19145459193411482	-0.3778	0.4267059147095817	0.2766250502879468	0.2200189407237168	0.47544604341372365	0.23780732604988847	0.28996673794379024	0.47474607981640976	0.2620684036986748	0.24624936468124442	0.4751835570647309	0.2863294813474614	0.20253199141869846	0.47562103431305214	0.2766250502879468	0.2200189407237168	0.47544604341372365	0.29367081477415646	0.1979782185360009	0.46079592237564354	0.3068641942454219	0.15665634601877287	0.46703321006364956	0.6298999934745986	0.030000000000000186	0.540067075704965	0.5000859837434357	0.4868757471902664	-y	+z	False	True	False	False	rh3	handbox_surface
box025_p2	box025	box025_person2	large_box_partial_guard	93	131	left	True	0.3368581568538349	0.21553505128980618	0.4692	-0.29164266540330563	0.2255418797835695	0.47530816690124894	-0.24687244747475529	0.29181486610311197	0.47718403228017303	-0.27485383368009925	0.2503942496533979	0.4760116164183455	-0.3028352198854432	0.20897363320368395	0.47483920055651785	-0.29164266540330563	0.2255418797835695	0.47530816690124894	-0.3066719647003348	0.20305785261823997	0.4591960456573299	-0.25806500195689286	0.2752466195232264	0.4767150659354419	0.6127422959056857	0.03	0.5897518808368738	0.5438349355084076	0.5469118605130718	+z	+z	True	True	False	False	lh	threebox_surface
box025_p2	box025	box025_person2	large_box_partial_guard	93	131	right	True	0.19511417259860442	-0.33191515859993603	0.4692	0.27512208827669354	0.2223944630531817	0.47592546890972803	0.23619721689361073	0.2922756302140766	0.4747102059581318	0.2605252615080376	0.24859990073851732	0.47546974530287944	0.28485330612246423	0.20492417126295792	0.4762292846476271	0.27512208827669354	0.2223944630531817	0.47592546890972803	0.29230765092790395	0.20033213108445966	0.46147252760461555	0.305523011655221	0.15905340811346566	0.46794457817894025	0.5842222645339774	0.029999999999999957	0.49433352736710195	0.4538363598641139	0.44271492239021826	+z	+z	True	True	False	False	rh3	handbox_surface
box025_p2	box025	box025_person2	large_box_partial_guard	94	132	left	True	0.33896242501924256	0.2146272995671127	0.4692	-0.2956559522975085	0.23073300441911687	0.473179719783487	-0.2502277100639584	0.29646588701504556	0.4771120159574492	-0.2786203614599273	0.2553828353925901	0.47465433084872277	-0.307013012855896	0.21429978377013462	0.4721966457399964	-0.2956559522975085	0.23073300441911687	0.473179719783487	-0.3106312982504685	0.2087227145034965	0.4563779961418719	-0.26158477062234586	0.2800326663660634	0.47612894191395866	0.618950128508594	0.029999999999999954	0.5959824715038832	0.549953308195315	0.553092794143288	+z	+z	True	True	False	False	lh	threebox_surface
box025_p2	box025	box025_person2	large_box_partial_guard	94	132	right	True	0.19746951540356797	-0.32980435674534025	0.4692	0.27469144135755347	0.22726962610305682	0.47590877307264556	0.23634368039965445	0.2974545985993135	0.4740329092141649	0.2603110309983413	0.25358899078915303	0.4752053241257153	0.2842783815970281	0.20972338297899273	0.4763777390372657	0.27469144135755347	0.22726962610305682	0.47590877307264556	0.2918112357393422	0.20499613926192284	0.46170377422826314	0.3046410426148933	0.16364604394390225	0.4684884511279007	0.5867988735057398	0.030000000000000044	0.4965139349728686	0.455943042972807	0.4448220348185739	+z	+z	True	True	False	False	rh3	handbox_surface
box025_p2	box025	box025_person2	large_box_partial_guard	95	133	left	True	0.34194056180946175	0.21259214300644638	0.4692	-0.2905589815378696	0.23507058316505539	0.475928102875602	-0.24616967377417656	0.3016182623395274	0.4769259769917614	-0.27391299112648465	0.2600259628554824	0.47630230566916176	-0.3016563084787927	0.2184336633714374	0.4756786343465621	-0.2905589815378696	0.23507058316505539	0.475928102875602	-0.305790052835439	0.2125108844437078	0.4601139880840594	-0.2572670007150999	0.2849813425459094	0.4766765084627215	0.6177183894584307	0.030000000000000072	0.5936559853741805	0.5503078237811097	0.5513309384388116	+z	+z	True	True	False	False	lh	threebox_surface
box025_p2	box025	box025_person2	large_box_partial_guard	95	133	right	True	0.20739757704533002	-0.3285573278662872	0.4692	0.2756685049002349	0.23642163851583284	0.47485482812256535	0.23750427591886988	0.3066753968588506	0.4720439448203242	0.2613569190322229	0.2627667978944645	0.473800746884225	0.2852095621455762	0.21885819893007843	0.4755575489481258	0.2756685049002349	0.23642163851583284	0.47485482812256535	0.292951686988309	0.21403985924306346	0.46102279496032544	0.305589219308474	0.17269872491227506	0.4682109488962324	0.5937987867672588	0.0300000000000001	0.5029546838861312	0.4622408468554093	0.4513122049383283	+z	+z	True	True	False	False	rh3	handbox_surface
box025_p2	box025	box025_person2	large_box_partial_guard	96	134	left	True	0.3768	0.20472556311306975	0.4374598551074727	-0.28108980292154495	0.25020610757520295	0.4820355999980327	-0.23844117282380772	0.3178581383791194	0.4841085396721001	-0.2650965666348936	0.27557561912667167	0.48281295237580807	-0.29175196044597934	0.23329309987422392	0.4815173650795159	-0.28108980292154495	0.25020610757520295	0.4820355999980327	-0.2962380474732468	0.22783228592218957	0.4658815120463505	-0.24910333034824214	0.30094513067814027	0.4835903047535833	0.6473853845482042	0.029999999999999975	0.6206108351031162	0.5835789138134194	0.5794970296497757	+x	+z	False	True	False	False	lh	handbox_surface
box025_p2	box025	box025_person2	large_box_partial_guard	96	134	right	True	0.22910166794629067	-0.31940674929016444	0.4692	0.2667681270552129	0.25410781124493464	0.4807712870604338	0.2305910747204897	0.3254169870082942	0.47827682593205506	0.2532017324296918	0.2808487521561945	0.47983586413729185	0.27581239013889364	0.23628051730409474	0.48139490234252846	0.2667681270552129	0.25410781124493464	0.4807712870604338	0.2836876343343032	0.2314523941910272	0.4669351055260608	0.2950588504089087	0.18968384818024078	0.47375787454129586	0.6008332561790091	0.029999999999999964	0.5077803738622375	0.4668058454135606	0.4571668235205146	+z	+z	True	True	False	False	rh3	handbox_surface
box025_p2	box025	box025_person2	large_box_partial_guard	97	135	left	True	0.3768	0.1805578135125914	0.4378611371433171	-0.24833186720553163	0.25214469374141274	0.5002460546778423	-0.21221086772988104	0.3235258490568632	0.5001823152740504	-0.2347864924021626	0.27891262698470676	0.5002221524014203	-0.25736211707444434	0.23429940491255014	0.5002619895287902	-0.24833186720553163	0.25214469374141274	0.5002460546778423	-0.26233543409801496	0.22849239971640478	0.4849006688061211	-0.2212411175987938	0.30568056022800066	0.5001982501249984	0.6225757811270339	0.03000000000000013	0.5894869942047102	0.5685677188183006	0.5528806373674271	+x	+z	False	True	False	False	lh	handbox_surface
box025_p2	box025	box025_person2	large_box_partial_guard	97	135	right	True	0.23099434830838683	-0.31316434218638867	0.4692	0.26436661166165454	0.26722705180876893	0.48384969165916347	0.2294281409988032	0.33917099953993024	0.4820134856257849	0.2512646851630853	0.29420603220795444	0.48316111439664644	0.2731012293273676	0.24924106487597866	0.4843087431675081	0.26436661166165454	0.26722705180876893	0.48384969165916347	0.2807200127416985	0.24432497563022082	0.4697415823693614	0.2914307638472048	0.2023391236056298	0.47629400241319575	0.6078688764555427	0.030000000000000023	0.5141818017644981	0.4733618995677145	0.4639560364163611	+z	+z	True	True	False	False	rh3	handbox_surface
box025_p2	box025	box025_person2	large_box_partial_guard	98	136	left	False	nan	nan	nan	-0.22386585015226418	0.26646705142402266	0.5060660635399705	-0.19205849627808716	0.33984945121738563	0.5078869534569911	-0.21193809244944792	0.2939854513465338	0.5067488972588533	-0.23181768862080843	0.24812145147568185	0.5056108410607154	-0.22386585015226418	0.26646705142402266	0.5060660635399705	-0.2365604639128772	0.2424783619609014	0.49011610036695685	-0.24656288542120683	0.2002389216022932	0.4961323124701816	nan	0.02999999999999996	nan	nan	nan		+z	False	True	False	False	lh3	NA
box025_p2	box025	box025_person2	large_box_partial_guard	98	136	right	False	nan	nan	nan	0.2616838340554813	0.28535594239760564	0.4874459660738753	0.2285396748037612	0.3581619475106031	0.48657975190704666	0.24925477433608642	0.31265819431497976	0.48712113576131466	0.2699698738684114	0.2671544411193563	0.4876625196155825	0.2616838340554813	0.28535594239760564	0.4874459660738753	0.27732586209120486	0.26218186454794673	0.47297991468956907	0.2870445219834667	0.21988460983058858	0.4790590643981438	nan	0.03000000000000002	nan	nan	nan		+z	False	True	False	False	rh3	NA
box025_p2	box025	box025_person2	large_box_partial_guard	99	137	left	False	nan	nan	nan	-0.20477070859695615	0.2783093058214687	0.5294600884687211	-0.17743272190974171	0.35348788135972264	0.530363561727171	-0.1945189635892507	0.30650127164831387	0.5297988909406399	-0.21160520526875973	0.2595146619369052	0.5292342201541087	-0.20477070859695615	0.2783093058214687	0.5294600884687211	-0.21646799725660673	0.2535772203546336	0.513887383103767	-0.22370121683531252	0.21081549178805425	0.5201745661322879	nan	0.02999999999999998	nan	nan	nan		+z	False	True	False	False	lh3	NA
box025_p2	box025	box025_person2	large_box_partial_guard	99	137	right	False	nan	nan	nan	0.23979672599152158	0.29531072780889356	0.5058504798777226	0.21247481057569167	0.3704836059894182	0.5042531934080379	0.22955100771058526	0.32350055712659026	0.5052514974515908	0.24662720484547906	0.27651750826376237	0.5062498014951439	0.23979672599152158	0.29531072780889356	0.5058504798777226	0.2533856541185883	0.2707716901126095	0.4915622249386628	0.25982161852629443	0.2279307757590664	0.4981728669196605	nan	0.03	nan	nan	nan		+z	False	True	False	False	rh3	NA
box025_p2	box025	box025_person2	large_box_partial_guard	100	138	left	False	nan	nan	nan	-0.18572655855089085	0.29047881759673055	0.549500752493515	-0.16297345164364385	0.3671737771563417	0.5499241957801735	-0.17719414346067328	0.31923942743158473	0.5496595437260119	-0.19141483527770248	0.2713050777068277	0.5493948916718502	-0.18572655855089085	0.29047881759673055	0.549500752493515	-0.1964083448300695	0.26513631399117843	0.5341818517888879	-0.20083110102737503	0.22199321887063356	0.5404688333339949	nan	0.03000000000000002	nan	nan	nan		+z	False	True	False	False	lh3	NA
box025_p2	box025	box025_person2	large_box_partial_guard	100	138	right	False	nan	nan	nan	0.22400368466014586	0.310837231234395	0.5289272314179447	0.20040476505966448	0.3872001817890855	0.5254934614384752	0.21515408980996534	0.3394733376924039	0.5276395676756438	0.2299034145602662	0.29174649359572236	0.5297856739128122	0.22400368466014586	0.310837231234395	0.5289272314179447	0.23639852785883797	0.2853332304596225	0.5152564094065937	0.24071343408286908	0.24239546076727347	0.522885019111541	nan	0.029999999999999957	nan	nan	nan		+z	False	True	False	False	rh3	NA
box025_p2	box025	box025_person2	large_box_partial_guard	101	139	left	False	nan	nan	nan	-0.17339202859572714	0.3047443422431671	0.5659277670826958	-0.1520106492170896	0.381811010600112	0.5640395816502141	-0.16537401132873814	0.33364434287702144	0.5652196975455153	-0.1787373734403867	0.28547767515393074	0.5663998134408162	-0.17339202859572714	0.3047443422431671	0.5659277670826958	-0.18424153693689937	0.2789432877679038	0.5515192445134302	-0.18763275561265264	0.23585514111433817	0.5587528342006978	nan	0.029999999999999968	nan	nan	nan		+z	False	True	False	False	lh3	NA
box025_p2	box025	box025_person2	large_box_partial_guard	101	139	right	False	nan	nan	nan	0.21636781329874644	0.32407522629075847	0.546715484794275	0.19525972671237082	0.40101450172068626	0.5408166224480436	0.20845228082885567	0.35292745457698144	0.5445034114144383	0.22164483494534046	0.3048404074332765	0.548190200380833	0.21636781329874644	0.32407522629075847	0.546715484794275	0.22822945066995226	0.29784779172517684	0.5339718274351042	0.23103401917441013	0.25501350374656717	0.542793637724106	nan	0.03000000000000004	nan	nan	nan		+z	False	True	False	False	rh3	NA
box025_p2	box025	box025_person2	large_box_partial_guard	102	140	left	False	nan	nan	nan	-0.15975110194503211	0.3184460064330464	0.5917731885981269	-0.13949812895758834	0.39580315782077696	0.5893881908317553	-0.15215623707474074	0.34745493820344525	0.5908788144357375	-0.1648143451918929	0.29910671858611365	0.5923694380397199	-0.15975110194503211	0.3184460064330464	0.5917731885981269	-0.17098246249138996	0.2926025271055968	0.577738129551614	-0.17344048307592258	0.24942376248121148	0.5848067918173929	nan	0.029999999999999877	nan	nan	nan		+z	False	True	False	False	lh3	NA
box025_p2	box025	box025_person2	large_box_partial_guard	102	140	right	False	nan	nan	nan	0.21291266466501899	0.3373327536603042	0.5700644178788905	0.19298601211484656	0.41461996706318527	0.5646224363866186	0.20544016995870426	0.3663154586863846	0.5680236748192884	0.21789432780256196	0.3180109503095839	0.5714249132519587	0.21291266466501899	0.3373327536603042	0.5700644178788905	0.22470319176631207	0.31109580904649003	0.5572744305485168	0.22672804978909086	0.268126142845737	0.5656394711634364	nan	0.030000000000000044	nan	nan	nan		+z	False	True	False	False	rh3	NA
box025_p2	box025	box025_person2	large_box_partial_guard	103	141	left	False	nan	nan	nan	-0.15144077635396813	0.32379440224168304	0.6188727105137911	-0.13112314143401116	0.4011287278884528	0.6163044838846325	-0.1438216632589843	0.3527947743592217	0.6179096255278567	-0.1565201850839572	0.30446082082999054	0.6195147671710808	-0.15144077635396813	0.32379440224168304	0.6188727105137911	-0.16349445689581504	0.29814635137022766	0.6051651199961239	-0.16568941295432082	0.25489163068858045	0.6118453050656864	nan	0.02999999999999999	nan	nan	nan		+z	False	True	False	False	lh3	NA
box025_p2	box025	box025_person2	large_box_partial_guard	103	141	right	False	nan	nan	nan	0.20569944501622675	0.342566406114457	0.5933663938413876	0.18704370806904208	0.4202277654418168	0.5888192247897519	0.1987035436610325	0.37168941586221693	0.5916612054470242	0.21036337925302293	0.32315106628261697	0.5945031861042964	0.20569944501622675	0.342566406114457	0.5933663938413876	0.21730194319265234	0.316352396237281	0.5803592692501812	0.21853325643502713	0.2732316555314893	0.5880762477125607	nan	0.03000000000000002	nan	nan	nan		+z	False	True	False	False	rh3	NA
box025_p2	box025	box025_person2	large_box_partial_guard	104	142	left	False	nan	nan	nan	-0.14333915334805117	0.3266399075181654	0.6358145768291977	-0.12276000966940359	0.40390724939637	0.6333132322847108	-0.13562197446855828	0.3556151607224921	0.6348765726250152	-0.1484839392677132	0.3073230720486143	0.6364399129653194	-0.14333915334805117	0.3266399075181654	0.6358145768291977	-0.15625468235814707	0.30126110927004945	0.6223937916144457	-0.15832734558577732	0.2579205054211579	0.62853461330767	nan	0.03	nan	nan	nan		+z	False	True	False	False	lh3	NA
box025_p2	box025	box025_person2	large_box_partial_guard	104	142	right	False	nan	nan	nan	0.20236185787780397	0.34731980667072426	0.6098874893405168	0.18425663224267805	0.4251057961261342	0.6052462988527175	0.1955723982646318	0.376489552716503	0.608147042907592	0.20688816428658552	0.3278733093068717	0.6110477869624665	0.20236185787780397	0.34731980667072426	0.6098874893405168	0.2138020249667942	0.32101458902074087	0.5969207754442053	0.21471947103758277	0.2778927221541707	0.6046750683555413	nan	0.029999999999999992	nan	nan	nan		+z	False	True	False	False	rh3	NA
box025_p2	box025	box025_person2	large_box_partial_guard	105	143	left	False	nan	nan	nan	-0.1488344556069225	0.3291485405038966	0.6382659391241263	-0.1256752842857534	0.4056567913659753	0.6350815500552504	-0.14014976636148394	0.35783913457717614	0.6370717932232978	-0.15462424843721473	0.31002147778837685	0.6390620363913453	-0.1488344556069225	0.3291485405038966	0.6382659391241263	-0.1628981711357608	0.3041961761750259	0.6252044236748031	-0.16632404735920842	0.26096737298948475	0.6315248281837779	nan	0.030000000000000103	nan	nan	nan		+z	False	True	False	False	lh3	NA
box025_p2	box025	box025_person2	large_box_partial_guard	105	143	right	False	nan	nan	nan	0.20079076447387512	0.3468971052769108	0.61237484689686	0.18254153039300314	0.4246535752953988	0.6078035422990992	0.19394730169354815	0.37605578153384384	0.6106606076726996	0.20535307299409317	0.3274579877722888	0.6135176730463	0.20079076447387512	0.3468971052769108	0.61237484689686	0.21247048639690352	0.3206737753952313	0.5994559214917363	0.21340038777803602	0.2775238217562035	0.6070508508710606	nan	0.030000000000000002	nan	nan	nan		+z	False	True	False	False	rh3	NA
box025_p2	box025	box025_person2	large_box_partial_guard	106	144	left	False	nan	nan	nan	-0.1650836926515961	0.33152937009497413	0.6331484906266207	-0.13754575163693913	0.40662585701029097	0.6316721919945941	-0.15475696477109982	0.359690552688218	0.6325948786396106	-0.1719681779052603	0.31275524836614493	0.6335175652846273	-0.1650836926515961	0.33152937009497413	0.6331484906266207	-0.18055733298715937	0.3077312811978899	0.6195385976982466	-0.1864757556094515	0.2646406782952462	0.6248851649203351	nan	0.03000000000000001	nan	nan	nan		+z	False	True	False	False	lh3	NA
box025_p2	box025	box025_person2	large_box_partial_guard	106	144	right	False	nan	nan	nan	0.20573374612529802	0.3439724480791814	0.5995488221978474	0.186283229938648	0.42156282373407855	0.5983609561259283	0.1984398025553043	0.3730688389497678	0.5991033724208779	0.21059637517196042	0.3245748541654571	0.5998457887158273	0.20573374612529802	0.3439724480791814	0.5995488221978474	0.21779405081330183	0.3185152206890463	0.5854969115681408	0.2194000444057172	0.2750969127982717	0.5912185802398503	nan	0.02999999999999993	nan	nan	nan		+z	False	True	False	False	rh3	NA
box025_p2	box025	box025_person2	large_box_partial_guard	107	145	left	False	nan	nan	nan	-0.17960482152618265	0.3305902544270323	0.6289686806781881	-0.14902029226870023	0.4045089084617181	0.6281818161417948	-0.16813562305462668	0.35830974969003954	0.6286736064770407	-0.18725095384055335	0.3121105909183609	0.6291653968122863	-0.17960482152618265	0.3305902544270323	0.6289686806781881	-0.19615322694611118	0.30762066381207	0.6152006034359433	-0.2037916294935862	0.26474403674557917	0.620065089414286	nan	0.03000000000000006	nan	nan	nan		+z	False	True	False	False	lh3	NA
box025_p2	box025	box025_person2	large_box_partial_guard	107	145	right	False	nan	nan	nan	0.21832317609800622	0.3419065189990955	0.5751068089481715	0.19585012186861023	0.4185914231867571	0.5788998688385246	0.20989578076198276	0.3706633580694686	0.5765292064070539	0.22394143965535507	0.32273529295218006	0.5741585439755833	0.21832317609800622	0.3419065189990955	0.5751068089481715	0.23101266396307496	0.31780687694120413	0.5593219517011263	0.23444468123604426	0.2742307721958164	0.5624541267541591	nan	0.030000000000000006	nan	nan	nan		+z	False	True	False	False	rh3	NA
box025_p2	box025	box025_person2	large_box_partial_guard	108	146	left	False	nan	nan	nan	-0.19842739062669193	0.3342019956216051	0.6277854545026426	-0.16473384624996942	0.40675442806627127	0.6268422611523787	-0.18579231148542105	0.36140915778835486	0.6274317569962935	-0.20685077672087268	0.31606388751043846	0.6280212528402084	-0.19842739062669193	0.3342019956216051	0.6277854545026426	-0.21598236455503314	0.31194772398784426	0.6140893948380618	-0.22541858533750503	0.26943715180162814	0.6190110363990308	nan	0.02999999999999995	nan	nan	nan		+z	False	True	False	False	lh3	NA
box025_p2	box025	box025_person2	large_box_partial_guard	108	146	right	False	nan	nan	nan	0.22895149477157178	0.3434980606092989	0.5541251972626527	0.2033904456549759	0.41890690515745066	0.5618801267898413	0.21936610135284845	0.37177637731485574	0.5570332958353486	0.23534175705072072	0.32464584947226094	0.5521864648808557	0.22895149477157178	0.3434980606092989	0.5541251972626527	0.2424094619732639	0.3207328748995438	0.5370486927519414	0.24767627891943406	0.27723846785705586	0.5380302034160284	nan	0.029999999999999933	nan	nan	nan		+z	False	True	False	False	rh3	NA
box025_p2	box025	box025_person2	large_box_partial_guard	109	147	left	False	nan	nan	nan	-0.20176745720830733	0.3357692232485289	0.6289374569613234	-0.16775227029625472	0.40813934708616767	0.6265853865833441	-0.18901176211628756	0.36290801968764347	0.6280554305695812	-0.21027125393632037	0.3176766922891193	0.6295254745558182	-0.20176745720830733	0.3357692232485289	0.6289374569613234	-0.2192022697523094	0.31322438588724566	0.6155669900353522	-0.2288963601834825	0.2708976949096187	0.6214737156516655	nan	0.03000000000000005	nan	nan	nan		+z	False	True	False	False	lh3	NA
box025_p2	box025	box025_person2	large_box_partial_guard	109	147	right	False	nan	nan	nan	0.23044976969908887	0.344090827364975	0.545064410615678	0.20433080738823073	0.4191120271002973	0.5545311628611335	0.2206551588325171	0.37222377726572087	0.5486144427077237	0.2369795102768035	0.3253355274311444	0.5426977225543143	0.23044976969908887	0.344090827364975	0.545064410615678	0.2443365797415568	0.32189822290400577	0.5275823517555444	0.24983006968728422	0.2784211501837852	0.5274037913942048	nan	0.02999999999999997	nan	nan	nan		+z	False	True	False	False	rh3	NA
box025_p2	box025	box025_person2	large_box_partial_guard	110	148	left	False	nan	nan	nan	-0.19831728423873046	0.33385270162166614	0.6302567646564324	-0.16533126673936896	0.40670009833623394	0.6279809260324962	-0.18594752767646988	0.36117047538962904	0.6294033251724563	-0.20656378861357083	0.3156408524430242	0.6308257243124166	-0.19831728423873046	0.33385270162166614	0.6302567646564324	-0.21483014010053186	0.31079655337735723	0.6165910636011072	-0.22412353695595555	0.2684343988929243	0.6228755053610682	nan	0.030000000000000006	nan	nan	nan		+z	False	True	False	False	lh3	NA
box025_p2	box025	box025_person2	large_box_partial_guard	110	148	right	False	nan	nan	nan	0.21809600534428578	0.3384396201933686	0.5543308505987734	0.19495219677089884	0.4144468149240763	0.5636727173226516	0.20941707712926577	0.36694231821738404	0.5578340506202277	0.22388195748763245	0.3194378215106916	0.5519953839178041	0.21809600534428578	0.3384396201933686	0.5543308505987734	0.23176761505373666	0.31585599017626115	0.5371831303098065	0.23531188153362645	0.27217990821591737	0.5366315801138496	nan	0.030000000000000034	nan	nan	nan		+z	False	True	False	False	rh3	NA
box025_p2	box025	box025_person2	large_box_partial_guard	111	149	left	False	nan	nan	nan	-0.18195372355625786	0.32859908930258186	0.6353276723206338	-0.15205499643427353	0.40276159717023613	0.6328805222914691	-0.17074170088551366	0.3564100297529523	0.6344099910596969	-0.189428405336754	0.31005846233566836	0.6359394598279249	-0.18195372355625786	0.32859908930258186	0.6353276723206338	-0.19728113202589442	0.30475400481781484	0.6216348179275958	-0.20485882017454787	0.26208674419407724	0.6281537963059548	nan	0.0300000000000001	nan	nan	nan		+z	False	True	False	False	lh3	NA
box025_p2	box025	box025_person2	large_box_partial_guard	111	149	right	False	nan	nan	nan	0.20514664617861306	0.33257269558904146	0.5625893938095987	0.18575081775643454	0.40962911001321134	0.5718689862525883	0.19787321052029613	0.36146885099810516	0.5660692409757199	0.20999560328415776	0.3133085919829989	0.5602694956988513	0.20514664617861306	0.33257269558904146	0.5625893938095987	0.21801162252719933	0.30939416073782433	0.5456121892809658	0.21931107319835716	0.26559638951232556	0.5448822361743254	nan	0.02999999999999999	nan	nan	nan		+z	False	True	False	False	rh3	NA
box025_p2	box025	box025_person2	large_box_partial_guard	112	150	left	False	nan	nan	nan	-0.17045506813703046	0.32976055676853905	0.632486307553305	-0.1424312437825806	0.4046718888343812	0.63076654109472	-0.1599461340041117	0.35785230629322984	0.6318413951313357	-0.17746102422564283	0.3110327237520785	0.6329162491679512	-0.17045506813703046	0.32976055676853905	0.632486307553305	-0.18508786287032408	0.30563712669795245	0.6185237431100333	-0.19162186934973857	0.26274478339271107	0.624685497001742	nan	0.030000000000000006	nan	nan	nan		+z	False	True	False	False	lh3	NA
box025_p2	box025	box025_person2	large_box_partial_guard	112	150	right	False	nan	nan	nan	0.20064305461958185	0.3332255771214913	0.573064619192579	0.18255250863485908	0.41080023985472375	0.5804743322639391	0.19385909987531086	0.3623160756464536	0.5758432615943391	0.2051656911157626	0.31383191143818334	0.5712121909247391	0.20064305461958185	0.3332255771214913	0.573064619192579	0.21352032519611885	0.30950496528500027	0.5568631981281487	0.2139528004105456	0.2656840001656385	0.5569095565403788	nan	0.030000000000000124	nan	nan	nan		+z	False	True	False	False	rh3	NA
box025_p2	box025	box025_person2	large_box_partial_guard	113	151	left	False	nan	nan	nan	-0.15805302128946797	0.329394766930567	0.629806485253019	-0.13250718555459876	0.4052026318154982	0.6290462890973479	-0.14847333288889208	0.3578227162624162	0.6295214116946423	-0.16443948022318522	0.3104428007093343	0.6299965342919368	-0.15805302128946797	0.329394766930567	0.629806485253019	-0.17192456996504515	0.3049955722095796	0.6155491643189117	-0.1770307158311764	0.26183201754017776	0.6211391901332569	nan	0.029999999999999954	nan	nan	nan		+z	False	True	False	False	lh3	NA
box025_p2	box025	box025_person2	large_box_partial_guard	113	151	right	False	nan	nan	nan	0.19887988243125862	0.33373364957001395	0.5830809835868757	0.18169525960498614	0.41168376322969075	0.5884165734101493	0.19243564887140646	0.3629649421923928	0.5850818297706032	0.20317603813782678	0.31424612115509476	0.5817470861310572	0.19887988243125862	0.33373364957001395	0.5830809835868757	0.21168657268523142	0.3094795505490837	0.5676309048386132	0.2115460987518565	0.26566965492234296	0.5686983691958262	nan	0.03000000000000002	nan	nan	nan		+z	False	True	False	False	rh3	NA
box025_p2	box025	box025_person2	large_box_partial_guard	114	152	left	False	nan	nan	nan	-0.16285094391230234	0.3305469392955508	0.6216145915660195	-0.1367020705337625	0.40614648065876124	0.6225870969414954	-0.15304511639534982	0.3588967673067548	0.6219792810818231	-0.16938816225693712	0.31164705395474823	0.6213714652221505	-0.16285094391230234	0.3305469392955508	0.6216145915660195	-0.1768984370953714	0.30658599012661786	0.6067972835748514	-0.182354635090333	0.2633497607478293	0.6114094347491144	nan	0.030000000000000127	nan	nan	nan		+z	False	True	False	False	lh3	NA
box025_p2	box025	box025_person2	large_box_partial_guard	114	152	right	False	nan	nan	nan	0.20389174694542533	0.3365096494295432	0.5883989174315225	0.1852454679527164	0.4142275070326317	0.5918990444738067	0.19689939232315942	0.3656538460307014	0.589711465072379	0.2085533166936025	0.31708018502877106	0.5875238856709515	0.20389174694542533	0.3365096494295432	0.5883989174315225	0.21734348540034087	0.31218333671039844	0.573625332560655	0.21797034756877715	0.2684087717114263	0.5755901915577188	nan	0.030000000000000037	nan	nan	nan		+z	False	True	False	False	rh3	NA
box025_p2	box025	box025_person2	large_box_partial_guard	115	153	left	False	nan	nan	nan	-0.16616287925610562	0.331798082127144	0.6143927111421443	-0.13901310189667568	0.4070178352227561	0.6166014061343428	-0.15598171274631942	0.3600054895379985	0.6152209717642187	-0.172950323595963	0.31299314385324106	0.6138405373940947	-0.16616287925610562	0.331798082127144	0.6143927111421443	-0.18036197186538064	0.3082146426231683	0.5991212044664674	-0.18645075148203383	0.26500290033019547	0.6031318972613894	nan	0.029999999999999992	nan	nan	nan		+z	False	True	False	False	lh3	NA
box025_p2	box025	box025_person2	large_box_partial_guard	115	153	right	False	nan	nan	nan	0.21001984499246557	0.3372296260463543	0.5936849110217081	0.19039959530346598	0.41476073706138794	0.5956780560028464	0.20266225135909086	0.3663037926769919	0.5944323403896349	0.21492490741471548	0.3178468482925959	0.5931866247764234	0.21001984499246557	0.3372296260463543	0.5936849110217081	0.22401511315923517	0.31284847028812296	0.5795191325136672	0.22512360034879755	0.2691190365072809	0.5821599742853982	nan	0.02999999999999995	nan	nan	nan		+z	False	True	False	False	rh3	NA
box025_p2	box025	box025_person2	large_box_partial_guard	116	154	left	False	nan	nan	nan	-0.16698967884531815	0.33451289982384375	0.610950056989627	-0.13828712830379639	0.40911755462520855	0.6141608317217702	-0.15622622239224754	0.3624896453743555	0.6121540975141806	-0.17416531648069866	0.31586173612350243	0.6101473633065911	-0.16698967884531815	0.33451289982384375	0.610950056989627	-0.18156803106780833	0.3113967847543935	0.5953254406268919	-0.1885896262725273	0.2682824150086318	0.5988271385174193	nan	0.029999999999999916	nan	nan	nan		+z	False	True	False	False	lh3	NA
box025_p2	box025	box025_person2	large_box_partial_guard	116	154	right	False	nan	nan	nan	0.21798146453102976	0.33828704809179366	0.5981634504864881	0.19795697618862823	0.4157244392432994	0.599735175104141	0.21047228140262927	0.3673260697736083	0.598752847218108	0.22298758661663012	0.31892770030391715	0.5977705193320749	0.21798146453102976	0.33828704809179366	0.5981634504864881	0.23220554968835674	0.313927627863805	0.5841894884320394	0.23351407623170464	0.27021385369660067	0.5869930351589221	nan	0.03000000000000001	nan	nan	nan		+z	False	True	False	False	rh3	NA
box025_p2	box025	box025_person2	large_box_partial_guard	117	155	left	False	nan	nan	nan	-0.16231468084136783	0.3341490286862454	0.6092041255868292	-0.13421442966979144	0.4089615553404635	0.6128731499402813	-0.1517770866520267	0.36220372618157726	0.6105800097193738	-0.16933974363426194	0.31544589702269094	0.6082868694984662	-0.16231468084136783	0.3341490286862454	0.6092041255868292	-0.1766796354319962	0.3110027981587972	0.5934271848856313	-0.18336321497518782	0.2678154039436252	0.5966817680083755	nan	0.03000000000000005	nan	nan	nan		+z	False	True	False	False	lh3	NA
box025_p2	box025	box025_person2	large_box_partial_guard	117	155	right	False	nan	nan	nan	0.22084833815402768	0.3397608736721193	0.604953159373296	0.20001677502221002	0.4169968086583489	0.6057632978108545	0.21303650197959603	0.3687243492919554	0.6052569612873805	0.22605622893698207	0.32045188992556195	0.6047506247639064	0.22084833815402768	0.3397608736721193	0.604953159373296	0.23542419534863518	0.31544051571733456	0.5912768241953568	0.23716213987808785	0.27176611004247314	0.5944378375876066	nan	0.03	nan	nan	nan		+z	False	True	False	False	rh3	NA
box025_p2	box025	box025_person2	large_box_partial_guard	118	156	left	False	nan	nan	nan	-0.15776274822524575	0.3341928863552403	0.6094990595115657	-0.1309813936382444	0.4095030664954896	0.6128360961803052	-0.1477197402551203	0.3624342039078338	0.6107504482623429	-0.16445808687199598	0.315365341320178	0.6086648003443809	-0.15776274822524575	0.3341928863552403	0.6094990595115657	-0.17175521432827953	0.3107408259112222	0.5938394452380509	-0.17766556820407398	0.26745373385180055	0.5972612786664546	nan	0.030000000000000027	nan	nan	nan		+z	False	True	False	False	lh3	NA
box025_p2	box025	box025_person2	large_box_partial_guard	118	156	right	False	nan	nan	nan	0.21937336348855851	0.34113668552485893	0.60998197105042	0.1983564671886609	0.4183265085815058	0.6098360724455228	0.21149202737609685	0.37008286917110156	0.6099272590735836	0.22462758756353282	0.32183922976069723	0.6100184457016442	0.21937336348855851	0.34113668552485893	0.60998197105042	0.2340618632851761	0.3166987086303988	0.5966399012358674	0.23589005623117532	0.2730670536077145	0.6003008517189348	nan	0.0300000000000001	nan	nan	nan		+z	False	True	False	False	rh3	NA
box025_p2	box025	box025_person2	large_box_partial_guard	119	157	left	False	nan	nan	nan	-0.15455653523986895	0.33435446047079354	0.6103224221954031	-0.12876988231989925	0.4100318776755697	0.6131467905140318	-0.14488654039488016	0.3627334919225846	0.6113815603148889	-0.16100319846986133	0.3154351061695996	0.609616330115746	-0.15455653523986895	0.33435446047079354	0.6103224221954031	-0.16829755733095894	0.31063369087651344	0.594845950774018	-0.1736155962151478	0.26729078109894977	0.5985234771641246	nan	0.03000000000000005	nan	nan	nan		+z	False	True	False	False	lh3	NA
box025_p2	box025	box025_person2	large_box_partial_guard	119	157	right	False	nan	nan	nan	0.21755928632038282	0.34183396970604457	0.6110047056745376	0.19666655544746417	0.4190557976880982	0.610472653250501	0.2097245122430382	0.37079215519931474	0.6108051860155239	0.2227824690386124	0.3225285127105312	0.6111377187805468	0.21755928632038282	0.34183396970604457	0.6110047056745376	0.23220499867730665	0.31730503873380084	0.597783048334289	0.233963946833799	0.2736896207846626	0.6016647472420552	nan	0.03000000000000012	nan	nan	nan		+z	False	True	False	False	rh3	NA
box025_p2	box025	box025_person2	large_box_partial_guard	120	158	left	False	nan	nan	nan	-0.14679824296633368	0.3364876392038791	0.6127014398721065	-0.12179339052360005	0.4124523819473288	0.6147300389548794	-0.13742142330030857	0.3649744177326727	0.6134621645281463	-0.1530494560770171	0.31749645351801653	0.612194290101413	-0.14679824296633368	0.3364876392038791	0.6127014398721065	-0.16036363545066182	0.31248782005413595	0.5975027368539056	-0.16520920987300056	0.2691261899881852	0.6015896687656116	nan	0.029999999999999978	nan	nan	nan		+z	False	True	False	False	lh3	NA
box025_p2	box025	box025_person2	large_box_partial_guard	120	158	right	False	nan	nan	nan	0.2215214195890972	0.3430889207842468	0.6074904785289985	0.20118997250853674	0.4204615082481468	0.6071514081063559	0.21389712693388702	0.3721036410832093	0.6073633271205076	0.22660428135923752	0.3237457739182719	0.6075752461346592	0.2215214195890972	0.3430889207842468	0.6074904785289985	0.2359000225972899	0.3184638285753905	0.5941548804117817	0.23736609108074264	0.2748338049635038	0.5979938712601476	nan	0.030000000000000013	nan	nan	nan		+z	False	True	False	False	rh3	NA
box025_p2	box025	box025_person2	large_box_partial_guard	121	159	left	False	nan	nan	nan	-0.1474772317430657	0.33397704061206673	0.6111628712967261	-0.12254448026169205	0.40995466927758567	0.6135624224907157	-0.13812744993755052	0.3624686513616363	0.6120627029944722	-0.15371041961340917	0.31498263344568705	0.6105629834982287	-0.1474772317430657	0.33397704061206673	0.6111628712967261	-0.1609578686775543	0.3100192672554157	0.5958230769844957	-0.16578468520290274	0.266639706041344	0.5997383135054397	nan	0.03	nan	nan	nan		+z	False	True	False	False	lh3	NA
box025_p2	box025	box025_person2	large_box_partial_guard	121	159	right	False	nan	nan	nan	0.2213067666403979	0.34080695035822445	0.6033268116581169	0.20114294420712514	0.4182230047373276	0.6037448897025062	0.2137453332279207	0.36983797075038816	0.6034835909247628	0.22634772224871605	0.3214529367634487	0.6032222921470195	0.2213067666403979	0.34080695035822445	0.6033268116581169	0.23560043912795395	0.31627425486367783	0.5897321308418514	0.2369805944054236	0.27260780942439317	0.5931676631170376	nan	0.03000000000000003	nan	nan	nan		+z	False	True	False	False	rh3	NA
box025_p2	box025	box025_person2	large_box_partial_guard	122	160	left	False	nan	nan	nan	-0.1495051314638178	0.33320343110909956	0.6099471802744755	-0.12477771095426943	0.4092335814196665	0.6127704618219982	-0.14023234877273708	0.36171473747556215	0.6110059108547966	-0.15568698659120472	0.3141958935314579	0.6092413598875949	-0.1495051314638178	0.33320343110909956	0.6099471802744755	-0.16281451835061467	0.3092620642892276	0.5944332207088588	-0.1675629185010519	0.26585854994676233	0.5981750390695554	nan	0.03000000000000007	nan	nan	nan		+z	False	True	False	False	lh3	NA
box025_p2	box025	box025_person2	large_box_partial_guard	122	160	right	False	nan	nan	nan	0.22039086813299283	0.3409154784110865	0.601076451833958	0.20012008444891025	0.41830116887547575	0.6018182335962511	0.21278932425146185	0.3699351123352325	0.6013546199948179	0.22545856405401346	0.32156905579498923	0.6008910063933847	0.22039086813299283	0.3409154784110865	0.601076451833958	0.234665205541322	0.31644599567058657	0.587348186325477	0.23612027782558032	0.2727709505022883	0.5906405049765927	nan	0.03000000000000007	nan	nan	nan		+z	False	True	False	False	rh3	NA
box025_p2	box025	box025_person2	large_box_partial_guard	123	161	left	False	nan	nan	nan	-0.15334082200403198	0.3329632687226128	0.6102158169511022	-0.12903883310454306	0.4091230361761528	0.6132329607911976	-0.14422757616672355	0.36152318151769025	0.6113472458911381	-0.15941631922890426	0.3139233268592277	0.6094615309910784	-0.15334082200403198	0.3329632687226128	0.6102158169511022	-0.16643085675385683	0.30896148196308987	0.5946088637408029	-0.17096787667927804	0.2655305616243407	0.598294535271915	nan	0.030000000000000002	nan	nan	nan		+z	False	True	False	False	lh3	NA
box025_p2	box025	box025_person2	large_box_partial_guard	123	161	right	False	nan	nan	nan	0.21774369698021886	0.33998821010068675	0.5988187674812752	0.19711049578095313	0.41727100397783456	0.6000996963680305	0.21000624653049416	0.36896925780461726	0.5992991158138083	0.2229019972800352	0.3206675116313998	0.5984985352595864	0.21774369698021886	0.33998821010068675	0.5988187674812752	0.2320521394550388	0.3156615557168489	0.5848738785129158	0.23373411645780023	0.27197686059602627	0.587920931756421	nan	0.030000000000000138	nan	nan	nan		+z	False	True	False	False	rh3	NA
box004_083_p2	box004	e091_box004_20231003_2_083_p2	E092_C1_WORK	0	16	left	False	nan	nan	nan	0.09995625347032903	0.9397364209195702	-0.33918769549809796	0.08963509561868015	0.885633811119723	-0.39720822043063214	0.09608581927596069	0.9194479422446276	-0.36094539234779827	0.10253654293324124	0.9532620733695321	-0.3246825642649644	0.09995625347032903	0.9397364209195702	-0.33918769549809796	0.09834169092400893	0.969394028872674	-0.3287554740571142	0.10032224055737778	0.9914014983739203	-0.29091155413315317	nan	0.029999999999999954	nan	nan	nan		+y	False	True	False	False	lh3	NA
box004_083_p2	box004	e091_box004_20231003_2_083_p2	E092_C1_WORK	0	16	right	False	nan	nan	nan	-0.20812696180961734	0.5195305980729633	-0.5887819024672326	-0.17674277045401343	0.5929517939699105	-0.5838462641076138	-0.19635789005126592	0.5470635465343185	-0.5869310380823756	-0.21597300964851832	0.5011752990987265	-0.5900158120571374	-0.20812696180961734	0.5195305980729633	-0.5887819024672326	-0.2229632210038754	0.49511353498240673	-0.5755656242067549	-0.2317555600616703	0.45304644501639696	-0.5841400561757089	nan	0.030000000000000016	nan	nan	nan		+y	False	True	False	False	rh3	NA
box004_083_p2	box004	e091_box004_20231003_2_083_p2	E092_C1_WORK	1	17	left	False	nan	nan	nan	0.09813853949549647	0.9383396233667322	-0.33703698404205	0.08816399388668361	0.8845204074434937	-0.3953807963729695	0.09439808489219166	0.9181574173955177	-0.35891591366614484	0.1006321758976997	0.9517944273475418	-0.3224510309593201	0.09813853949549647	0.9383396233667322	-0.33703698404205	0.0963434339744612	0.9679249911054577	-0.32643060021708736	0.09817681183190514	0.9897198953877326	-0.2884564716705624	nan	0.03000000000000004	nan	nan	nan		+y	False	True	False	False	lh3	NA
box004_083_p2	box004	e091_box004_20231003_2_083_p2	E092_C1_WORK	1	17	right	False	nan	nan	nan	-0.2101187541249126	0.5191831554110774	-0.5867317442198015	-0.1785393129058932	0.5925348889945272	-0.5820134741345777	-0.19827646366778026	0.5466900555048712	-0.5849623929378427	-0.21801361442966743	0.500845222015215	-0.5879113117411074	-0.2101187541249126	0.5191831554110774	-0.5867317442198015	-0.22507302131006876	0.49486881249269055	-0.5734592090698065	-0.23395678126102573	0.45278910083005613	-0.5818760281500243	nan	0.030000000000000124	nan	nan	nan		+y	False	True	False	False	rh3	NA
box004_083_p2	box004	e091_box004_20231003_2_083_p2	E092_C1_WORK	2	18	left	False	nan	nan	nan	0.09572288610550136	0.9348133591608669	-0.33721374692058015	0.08886314767232245	0.8810597871518703	-0.3960652336044523	0.0931504841930593	0.9146557696574932	-0.3592830544270322	0.09743782071379611	0.9482517521631163	-0.32250087524961213	0.09572288610550136	0.9348133591608669	-0.33721374692058015	0.09253383474052186	0.9642177731411962	-0.3264331089165172	0.09290005307349326	0.9857868429245058	-0.28828792994557756	nan	0.029999999999999995	nan	nan	nan		+y	False	True	False	False	lh3	NA
box004_083_p2	box004	e091_box004_20231003_2_083_p2	E092_C1_WORK	2	18	right	False	nan	nan	nan	-0.2095330586340769	0.5185840623714212	-0.5836922148927257	-0.17810354664852943	0.5920327606299839	-0.5795119636475327	-0.1977469916394966	0.5461273242183822	-0.5821246206757784	-0.21739043663046373	0.5002218878067806	-0.5847372777040242	-0.2095330586340769	0.5185840623714212	-0.5836922148927257	-0.224403646796665	0.4943219892992183	-0.5702313462044285	-0.23321451262948167	0.4521704858596231	-0.5783606493088591	nan	0.02999999999999997	nan	nan	nan		+y	False	True	False	False	rh3	NA
box004_083_p2	box004	e091_box004_20231003_2_083_p2	E092_C1_WORK	3	19	left	False	nan	nan	nan	0.09548744500820575	0.9313766575982242	-0.3352563145861125	0.08908883938479843	0.8777519375236315	-0.394277050289742	0.09308796789942801	0.9112673875702518	-0.35738909047497375	0.09708709641405758	0.9447828376168724	-0.3205011306602052	0.09548744500820575	0.9313766575982242	-0.3352563145861125	0.09210495588591594	0.9607323328756464	-0.32440205909557684	0.0922463676823836	0.9821954264382995	-0.2861956567088781	nan	0.03000000000000023	nan	nan	nan		+y	False	True	False	False	lh3	NA
box004_083_p2	box004	e091_box004_20231003_2_083_p2	E092_C1_WORK	3	19	right	False	nan	nan	nan	-0.2110293056556317	0.5181402371457442	-0.5804670247104362	-0.1794138295953052	0.5915121610566226	-0.5763411969031742	-0.19917350213300927	0.5456547086123236	-0.5789198392827128	-0.2189331746707133	0.49979725616802456	-0.5814984816622519	-0.2110293056556317	0.5181402371457442	-0.5804670247104362	-0.22581312121434682	0.49385957952032716	-0.5669442280060202	-0.2347883169529744	0.4517544818864909	-0.5751340254763023	nan	0.029999999999999933	nan	nan	nan		+y	False	True	False	False	rh3	NA
box004_083_p2	box004	e091_box004_20231003_2_083_p2	E092_C1_WORK	4	20	left	False	nan	nan	nan	0.09168327565944434	0.927474337847496	-0.33404770345034873	0.08271394362999708	0.8750884784700275	-0.3938412885597033	0.08831977614840161	0.9078296405809452	-0.3564702978663567	0.09392560866680616	0.9405708026918632	-0.3190993071730101	0.09168327565944434	0.927474337847496	-0.33404770345034873	0.08937586672304365	0.9567292616167943	-0.322653096604895	0.09077624117194533	0.9775204733353946	-0.28410211694698095	nan	0.030000000000000096	nan	nan	nan		+y	False	True	False	False	lh3	NA
box004_083_p2	box004	e091_box004_20231003_2_083_p2	E092_C1_WORK	4	20	right	False	nan	nan	nan	-0.21312699082161135	0.5134010065748574	-0.5805101040198963	-0.1825208334466583	0.587201132406625	-0.5764107677376583	-0.20164968180600396	0.5410760537617703	-0.5789728529140571	-0.2207785301653496	0.4949509751169155	-0.5815349380904559	-0.21312699082161135	0.5134010065748574	-0.5805101040198963	-0.22729767544172935	0.48880484471028596	-0.5669013536424828	-0.2358049275508681	0.4466328357350293	-0.5752448833780459	nan	0.02999999999999997	nan	nan	nan		+y	False	True	False	False	rh3	NA
box004_083_p2	box004	e091_box004_20231003_2_083_p2	E092_C1_WORK	5	21	left	False	nan	nan	nan	0.09336358122417564	0.9154913729979337	-0.3187148107250375	0.08344439210906295	0.8672052336626954	-0.38172321044600016	0.08964388530600838	0.8973840707472194	-0.3423429606203985	0.09584337850295382	0.9275629078317433	-0.30296271079479703	0.09336358122417564	0.9154913729979337	-0.3187148107250375	0.09104323560897744	0.9438713220556982	-0.3052907184423386	0.093189228342736	0.9619987047630033	-0.2654509609471019	nan	0.030000000000000037	nan	nan	nan		+y	False	True	False	False	lh3	NA
box004_083_p2	box004	e091_box004_20231003_2_083_p2	E092_C1_WORK	5	21	right	False	nan	nan	nan	-0.2046476575269653	0.509496127228475	-0.5794080315691779	-0.17660743756257336	0.584108906609875	-0.572575812505722	-0.1941325750403183	0.5374759194965001	-0.5768459494203819	-0.21165771251806323	0.49084293238312504	-0.5811160863350419	-0.2046476575269653	0.509496127228475	-0.5794080315691779	-0.2175744569815227	0.4837911986549051	-0.5666357149901415	-0.2247783898374567	0.44176372348191306	-0.5767481256768441	nan	0.030000000000000054	nan	nan	nan		+y	False	True	False	False	rh3	NA
box004_083_p2	box004	e091_box004_20231003_2_083_p2	E092_C1_WORK	6	22	left	False	nan	nan	nan	0.09555911899847845	0.8989984306997069	-0.3076550746913201	0.08460605894620282	0.8558385988083198	-0.37411754068979497	0.09145172147887508	0.8828134937404367	-0.33257849944074813	0.09829738401154735	0.9097883886725536	-0.2910394581917012	0.09555911899847845	0.8989984306997069	-0.3076550746913201	0.09332458002294343	0.9261859359953742	-0.2919433543121071	0.09621843186934802	0.941074382909374	-0.2508292042431858	nan	0.02999999999999992	nan	nan	nan		+y	False	True	False	False	lh3	NA
box004_083_p2	box004	e091_box004_20231003_2_083_p2	E092_C1_WORK	6	22	right	False	nan	nan	nan	-0.20515432837601397	0.5070604968010793	-0.5766618291092532	-0.1787843559785318	0.5821205416679616	-0.5682586023279708	-0.1952655887269581	0.5352080136261602	-0.5735106190662723	-0.2117468214753846	0.48829548558435887	-0.5787626358045735	-0.20515432837601397	0.5070604968010793	-0.5766618291092532	-0.21683332054807697	0.4805629543189023	-0.5643144021645042	-0.22338439468276064	0.438747351744039	-0.575672437949303	nan	0.030000000000000075	nan	nan	nan		+y	False	True	False	False	rh3	NA
box004_083_p2	box004	e091_box004_20231003_2_083_p2	E092_C1_WORK	7	23	left	False	nan	nan	nan	0.09531814619233285	0.862118514582743	-0.2850417231987521	0.08581262649938583	0.8312199439102369	-0.3582190654965093	0.09175357630747773	0.8505315505805533	-0.31248322656041105	0.09769452611556957	0.8698431572508696	-0.2667473876243126	0.09531814619233285	0.862118514582743	-0.2850417231987521	0.0918027091223224	0.8858178747124854	-0.264621297210118	0.09446587803236223	0.8931154288197918	-0.22149280545214872	nan	0.029999999999999943	nan	nan	nan		+y	False	True	False	False	lh3	NA
box004_083_p2	box004	e091_box004_20231003_2_083_p2	E092_C1_WORK	7	23	right	False	nan	nan	nan	-0.1980369700349169	0.49858779659982805	-0.5759467587524899	-0.1749830099755339	0.5743849119240485	-0.5648421545674148	-0.18939173501264833	0.5270117148464107	-0.5717825321830866	-0.20380046004976274	0.4796385177687729	-0.5787229097987586	-0.1980369700349169	0.49858779659982805	-0.5759467587524899	-0.20789766278475402	0.470974439006414	-0.5644904596634578	-0.21289830092062764	0.42947774303736164	-0.5776617925417918	nan	0.03	nan	nan	nan		+y	False	True	False	False	rh3	NA
box004_083_p2	box004	e091_box004_20231003_2_083_p2	E092_C1_WORK	8	24	left	False	nan	nan	nan	0.10079095427693832	0.8166970650592976	-0.2800618518727898	0.0947945439294193	0.8014467580264844	-0.3583655631408332	0.09854230039661868	0.8109781999219927	-0.3094257435983061	0.10229005686381806	0.8205096418175011	-0.26048592405577903	0.10079095427693832	0.8166970650592976	-0.2800618518727898	0.0951189183487768	0.8351813427852334	-0.2552189202565369	0.09659025042033681	0.8333177089980532	-0.21146077110746772	nan	0.030000000000000034	nan	nan	nan		+y	False	True	False	False	lh3	NA
box004_083_p2	box004	e091_box004_20231003_2_083_p2	E092_C1_WORK	8	24	right	False	nan	nan	nan	-0.19700237656002725	0.49377122947522295	-0.57162268000828	-0.17442698725072925	0.5699717301497621	-0.5624665075282973	-0.18853660556904045	0.5223464172281751	-0.5681891153282864	-0.2026462238873517	0.4747211043065881	-0.5739117231282759	-0.19700237656002725	0.49377122947522295	-0.57162268000828	-0.20578868674807146	0.466124467169145	-0.5593983250078516	-0.21095144492747647	0.42445076146274147	-0.5719328512686584	nan	0.02999999999999999	nan	nan	nan		+y	False	True	False	False	rh3	NA
box004_083_p2	box004	e091_box004_20231003_2_083_p2	E092_C1_WORK	9	25	left	False	nan	nan	nan	0.1128140404388012	0.7286820330866018	-0.25812061986076273	0.11325673374356703	0.7380228781636907	-0.3375721940168721	0.11298005042808837	0.7321848499905101	-0.2879149601693037	0.11270336711260975	0.7263468218173297	-0.2382577263217355	0.1128140404388012	0.7286820330866018	-0.25812061986076273	0.10349403786308148	0.7378672090259927	-0.22948878686214555	0.10265926001994824	0.7226439241626875	-0.18840389535890587	nan	0.029999999999999943	nan	nan	nan		+y	False	True	False	False	lh3	NA
box004_083_p2	box004	e091_box004_20231003_2_083_p2	E092_C1_WORK	9	25	right	False	nan	nan	nan	-0.18784513668573682	0.47119706708327747	-0.5450888553946451	-0.16542431788164022	0.5475545239006714	-0.536912935107993	-0.1794373296342006	0.49983111338980013	-0.5420228852871506	-0.19345034138676098	0.45210770287892893	-0.5471328354663082	-0.18784513668573682	0.47119706708327747	-0.5450888553946451	-0.1958264170510844	0.44347067983383653	-0.5324982167400908	-0.2012754419292739	0.4017740036117732	-0.5448335922031684	nan	0.029999999999999947	nan	nan	nan		+y	False	True	False	False	rh3	NA
box004_083_p2	box004	e091_box004_20231003_2_083_p2	E092_C1_WORK	10	26	left	False	nan	nan	nan	0.14251887552258613	0.5599787930086387	-0.21862170194622846	0.15434476413035747	0.5995364151987876	-0.2871442740323523	0.14695358375050036	0.5748129013299447	-0.2443176664785249	0.1395624033706433	0.5500893874611015	-0.20149105892469754	0.14251887552258613	0.5599787930086387	-0.21862170194622846	0.12696324938895379	0.5561218902366658	-0.19152634141148192	0.12228108618379654	0.5261018980952157	-0.159946427139001	nan	0.030000000000000086	nan	nan	nan		+y	False	True	False	False	lh3	NA
box004_083_p2	box004	e091_box004_20231003_2_083_p2	E092_C1_WORK	10	26	right	False	nan	nan	nan	-0.14968153808350726	0.38004707527523096	-0.5017645794701097	-0.12783435275438546	0.45611931429275215	-0.490114903764059	-0.14148884358508662	0.4085741649068014	-0.49739595108034046	-0.1551433344157878	0.36102901552085065	-0.5046769983966222	-0.14968153808350726	0.38004707527523096	-0.5017645794701097	-0.1573737816461871	0.35169454959128893	-0.49045346793235073	-0.1625507207720344	0.31057973838592984	-0.5047096163862902	nan	0.030000000000000023	nan	nan	nan		+y	False	True	False	False	rh3	NA
box004_083_p2	box004	e091_box004_20231003_2_083_p2	E092_C1_WORK	11	27	left	False	nan	nan	nan	0.18782146067726954	0.42686353206319244	-0.23514668775335282	0.19623479975126248	0.4919744811896744	-0.280860799682545	0.19097646283001687	0.45128013798562316	-0.25228947972679994	0.18571812590877135	0.41058579478157203	-0.22371815977105483	0.18782146067726954	0.42686353206319244	-0.23514668775335282	0.17108008318660745	0.40961580824622645	-0.21481803632836854	0.17087790840580447	0.36918313309192696	-0.19791917627407501	nan	0.030000000000000037	nan	nan	nan		+y	False	True	False	False	lh3	NA
box004_083_p2	box004	e091_box004_20231003_2_083_p2	E092_C1_WORK	11	27	right	False	nan	nan	nan	-0.13950669364059054	0.3097963778568901	-0.4449273934796246	-0.11899156180187431	0.38681436524375507	-0.43804560704608686	-0.13181351920107195	0.3386781231269645	-0.44234672356704785	-0.1446354766002696	0.290541881010174	-0.44664784008800906	-0.13950669364059054	0.3097963778568901	-0.4449273934796246	-0.14589481514535882	0.28185866824800493	-0.4319022695510119	-0.15077381981581742	0.23999652200446606	-0.443911524033119	nan	0.030000000000000072	nan	nan	nan		+y	False	True	False	False	rh3	NA
box004_083_p2	box004	e091_box004_20231003_2_083_p2	E092_C1_WORK	12	28	left	False	nan	nan	nan	0.20744062604549202	0.33631356379327915	-0.2350143394766043	0.2128614171528525	0.4094279813119964	-0.2670283516379854	0.2094734227107522	0.3637314703627981	-0.2470195940371222	0.20608542826865192	0.3180349594135999	-0.2270108364362591	0.20744062604549202	0.33631356379327915	-0.2350143394766043	0.1907488019863972	0.31390091561868716	-0.2205206174807924	0.19367023317681603	0.27119203987409785	-0.21114881198011262	nan	0.030000000000000013	nan	nan	nan		+y	False	True	False	False	lh3	NA
box004_083_p2	box004	e091_box004_20231003_2_083_p2	E092_C1_WORK	12	28	right	False	nan	nan	nan	-0.13894554493806754	0.24731055517577863	-0.3940942522678757	-0.1202531695565394	0.325093585330577	-0.3947229990641064	-0.1319359041699945	0.276479191483828	-0.3943300323164622	-0.1436186387834496	0.227864797637079	-0.393937065568818	-0.13894554493806754	0.24731055517577863	-0.3940942522678757	-0.1441331799410183	0.22048825263581284	-0.378453596992712	-0.14831529378245856	0.17762787886415368	-0.3865754472669234	nan	0.02999999999999997	nan	nan	nan		+y	False	True	False	False	rh3	NA
box004_083_p2	box004	e091_box004_20231003_2_083_p2	E092_C1_WORK	13	29	left	False	nan	nan	nan	0.2161007706759255	0.26519652055559023	-0.22646026813579043	0.21837593061976018	0.3410382200063843	-0.2518149574781071	0.2169539556548635	0.293637157849638	-0.2359682766391592	0.2155319806899668	0.2462360956928917	-0.2201215958002111	0.2161007706759255	0.26519652055559023	-0.22646026813579043	0.2001144374964207	0.2405149617884614	-0.2152232946015895	0.2055188792545105	0.19744602029324407	-0.2092006827367368	nan	0.029999999999999992	nan	nan	nan		+y	False	True	False	False	lh3	NA
box004_083_p2	box004	e091_box004_20231003_2_083_p2	E092_C1_WORK	13	29	right	False	nan	nan	nan	-0.1344083704260162	0.19142587064727212	-0.34813388344711266	-0.11861800305008377	0.2693830005651753	-0.3566983561743891	-0.12848698266004155	0.2206597943664858	-0.35134556071984124	-0.1383559622699993	0.1719365881677963	-0.3459927652652936	-0.1344083704260162	0.19142587064727212	-0.34813388344711266	-0.13796874149203503	0.16601871656425382	-0.3298916838215242	-0.14090600253810273	0.12247512553584712	-0.33386589390705185	nan	0.03	nan	nan	nan		+y	False	True	False	False	rh3	NA
box004_083_p2	box004	e091_box004_20231003_2_083_p2	E092_C1_WORK	14	30	left	False	nan	nan	nan	0.20935861617235196	0.20694492963489075	-0.21138390069693877	0.20799501804311796	0.28284913560123515	-0.23661665949895497	0.20884726687388921	0.2354090068722699	-0.22084618524769487	0.20969951570466047	0.1879688781433046	-0.20507571099643493	0.20935861617235196	0.20694492963489075	-0.21138390069693877	0.19461596364792288	0.18158218369262763	-0.19996474658107463	0.2019571791735754	0.13877775234024575	-0.19410806005071915	nan	0.030000000000000027	nan	nan	nan		+y	False	True	False	False	lh3	NA
box004_083_p2	box004	e091_box004_20231003_2_083_p2	E092_C1_WORK	14	30	right	False	nan	nan	nan	-0.11975799421976421	0.13912840054528655	-0.3147863892967638	-0.10997602096406639	0.21730092495001524	-0.32869212291340233	-0.11608975424887755	0.16844309719705983	-0.32000103940300306	-0.12220348753368865	0.11958526944410441	-0.3113099558926041	-0.11975799421976421	0.13912840054528655	-0.3147863892967638	-0.12067838549628565	0.1147215304669707	-0.294925998042206	-0.12067012651208968	0.07091629251476407	-0.29617788767213993	nan	0.02999999999999999	nan	nan	nan		-z	False	False	False	False	rh3	NA
box004_083_p2	box004	e091_box004_20231003_2_083_p2	E092_C1_WORK	15	31	left	True	0.1008063006639968	-0.131777	-0.16769069334477382	0.21164125420048333	0.1422331390349017	-0.19395133634929065	0.20395934749176142	0.21924929221214776	-0.2141874540376583	0.2087605391847126	0.171114196476369	-0.20153988048242855	0.21356173087766375	0.12297910074059021	-0.18889230692719858	0.21164125420048333	0.1422331390349017	-0.19395133634929065	0.19940782065397353	0.1154829938979844	-0.18273596276092138	0.209425530448318	0.07289140188855389	-0.18028334242988545	0.3233310408657881	0.03000000000000003	0.2293992954996797	0.20468288682104205	0.18585632099904104	-y	+y	False	True	False	False	lh3	handbox_surface
box004_083_p2	box004	e091_box004_20231003_2_083_p2	E092_C1_WORK	15	31	right	True	0.0776191154513534	0.131777	-0.20574006950263893	-0.12874463931747868	0.09081203838581337	-0.2894034332639452	-0.11845645862590215	0.16920668665457422	-0.30158671939186427	-0.12488657155813751	0.12021003148659869	-0.2939721655619149	-0.13131668449037281	0.07121337631862315	-0.2863576117319656	-0.12874463931747868	0.09081203838581337	-0.2894034332639452	-0.13035273319878657	0.06606009204482251	-0.2700196061313223	-0.12102850379879627	0.14960802458738404	-0.29854089785988464	0.22119505149706498	0.030000000000000013	0.1819942006296833	0.18918428288109596	0.16104713003927817	+y	-z	True	False	False	False	rh	handbox_surface
box004_083_p2	box004	e091_box004_20231003_2_083_p2	E092_C1_WORK	16	32	left	True	0.08535114619442413	-0.131777	-0.1620648739158261	0.20939211579489256	0.11113133810873171	-0.19940114916806287	0.20168412508704217	0.1884891312756099	-0.2182786149831078	0.20650161927944868	0.14014051054631105	-0.20648019884870478	0.21131911347185514	0.09179188981701217	-0.19468178271430156	0.20939211579489256	0.11113133810873171	-0.19940114916806287	0.19725817147308455	0.08426849700696724	-0.18834823421107916	0.20710736685611073	0.04159651163961802	-0.18676438414702284	0.30098054880560243	0.030000000000000034	0.20867902894047546	0.18221661768621333	0.1623235113732558	-y	+x	False	False	False	False	lh3	handbox_surface
box004_083_p2	box004	e091_box004_20231003_2_083_p2	E092_C1_WORK	16	32	right	True	0.057824815830260834	0.131777	-0.1992123973055814	-0.13095624075100565	0.0689719571105254	-0.2852811136242978	-0.11568294898160268	0.14666699530161753	-0.2966919680625697	-0.1252287563374795	0.09810759643218495	-0.2895601840386497	-0.13477456369335636	0.04954819756275237	-0.2824284000147298	-0.13095624075100565	0.0689719571105254	-0.2852811136242978	-0.1354407003698818	0.044449359799678914	-0.2660584860473372	-0.11950127192395342	0.1272432357538445	-0.29383925445300163	0.2068935996775795	0.03000000000000001	0.17534640012663888	0.16888327403527778	0.14666732532451515	+y	-z	True	False	False	False	rh	handbox_surface
box004_083_p2	box004	e091_box004_20231003_2_083_p2	E092_C1_WORK	17	33	left	True	0.07647173726282469	-0.131777	-0.16136975616325377	0.20911895094660782	0.09298169288366485	-0.20164851461312022	0.20215446981294627	0.1703948319669203	-0.22058794173791546	0.20650727052148474	0.12201162003988564	-0.20875079978491845	0.21086007123002318	0.07362840811285098	-0.19691365783192144	0.20911895094660782	0.09298169288366485	-0.20164851461312022	0.19689411403005744	0.06638526004922261	-0.190064262856686	0.20602268851268224	0.02354790870691384	-0.1886345692529833	0.28907242494968566	0.030000000000000016	0.19802212589669915	0.1720466144256284	0.15134293728397846	-y	+x	False	False	False	False	lh3	handbox_surface
box004_083_p2	box004	e091_box004_20231003_2_083_p2	E092_C1_WORK	17	33	right	True	0.05017213395416135	0.131777	-0.1960139942630273	-0.12187385427892306	0.05740690541853089	-0.2834278234109575	-0.1063464500062027	0.13507462770926873	-0.2946805844374942	-0.11605107767665293	0.08653230127755757	-0.2876476087959088	-0.12575570534710312	0.03798997484584641	-0.2806146331543233	-0.12187385427892306	0.05740690541853089	-0.2834278234109575	-0.12747857273707322	0.03306604844713074	-0.26426829886548636	-0.11022830107438278	0.11565769713658428	-0.29186739418086	0.19512549336185608	0.030000000000000013	0.1665730334766839	0.1539051403236942	0.13543181578687233	+y	-z	True	False	False	False	rh	handbox_surface
box004_083_p2	box004	e091_box004_20231003_2_083_p2	E092_C1_WORK	18	34	left	True	0.07213744132921897	-0.131777	-0.16099273999449365	0.20773734440456923	0.08509629242147206	-0.19990936270159174	0.20017922084959708	0.16245528026445427	-0.21884244930249003	0.20490304807145462	0.1141059128625904	-0.20700927017692858	0.20962687529331223	0.06575654546072653	-0.19517609105136713	0.20773734440456923	0.08509629242147206	-0.19990936270159174	0.19583741971286217	0.05849984408614301	-0.18799162406594527	0.2050844447564183	0.015683984214773183	-0.18668462856909973	0.28320069601160436	0.03000000000000004	0.19308711920529464	0.1683526513066655	0.14710366362986038	-y	+x	False	False	False	False	lh3	handbox_surface
box004_083_p2	box004	e091_box004_20231003_2_083_p2	E092_C1_WORK	18	34	right	True	0.04814532142523597	0.131777	-0.19479750393125903	-0.12026796699132586	0.051073012970710145	-0.28185667753394417	-0.1059541927180779	0.1291903990130816	-0.29148942708750447	-0.1149003016388579	0.08036703273659944	-0.2854689586165293	-0.12384641055963784	0.03154366646011726	-0.27944849014555406	-0.12026796699132586	0.051073012970710145	-0.28185667753394417	-0.12561083012044286	0.026276135651254938	-0.2632140849917786	-0.10953263628638991	0.10966105250248875	-0.2890812396991145	0.19351530334608041	0.030000000000000002	0.16631843770406357	0.15028508835308485	0.13409700062476135	+y	-z	True	False	False	False	rh	handbox_surface
box004_083_p2	box004	e091_box004_20231003_2_083_p2	E092_C1_WORK	19	35	left	True	0.0753753470096666	-0.131777	-0.15611715912534385	0.20356363195289012	0.08587415723350617	-0.19497351254270723	0.19576632680233078	0.1629363982532672	-0.21498883271005198	0.20063964252143035	0.11477249761591657	-0.20247925760546148	0.20551295824053	0.06660859697856589	-0.189969682500871	0.20356363195289012	0.08587415723350617	-0.19497351254270723	0.19229336089919682	0.05979689438407507	-0.18140999092892043	0.20082683072503155	0.01683916794769998	-0.17991761093078731	0.28040549687942906	0.030000000000000002	0.18966358981770248	0.1674056184732956	0.14626862296129992	-y	+x	False	False	False	False	lh3	handbox_surface
box004_083_p2	box004	e091_box004_20231003_2_083_p2	E092_C1_WORK	19	35	right	True	0.047898993889715885	0.131777	-0.19321372067161033	-0.12679259394482398	0.04880045250853535	-0.28050572871467033	-0.11279995432180098	0.12711844269224803	-0.28890206422274095	-0.12154535408619035	0.07816969882742758	-0.2836543545301969	-0.13029075385057973	0.029220954962607133	-0.27840664483765276	-0.12679259394482398	0.04880045250853535	-0.28050572871467033	-0.13204394606490938	0.023692174470758057	-0.2622581194796406	-0.11629811422755672	0.10753894514631986	-0.28680298034572344	0.19941072702522752	0.029999999999999978	0.1725469903220958	0.15457704190162308	0.1391674382238855	+y	-z	True	False	False	False	rh	handbox_surface
box004_083_p2	box004	e091_box004_20231003_2_083_p2	E092_C1_WORK	20	36	left	True	0.07536953906226977	-0.131777	-0.1553683225638064	0.20297665294024914	0.08829290380549497	-0.19652527870694153	0.1919975289339711	0.16457925159473083	-0.21796943821564038	0.19885948143789486	0.11690028422645841	-0.2045668385227036	0.20572143394181866	0.069221316858186	-0.19116423882976682	0.20297665294024914	0.08829290380549497	-0.19652527870694153	0.19291953431660197	0.062118969759668	-0.18221474735886473	0.20304556944552105	0.019539848836148725	-0.1800021832676069	0.2819763315080538	0.030000000000000002	0.19222569537485562	0.17127641582950903	0.14969540471840953	-y	+x	False	False	False	False	lh3	handbox_surface
box004_083_p2	box004	e091_box004_20231003_2_083_p2	E092_C1_WORK	20	36	right	True	0.041688230838124785	0.131777	-0.19197185929967245	-0.12917801406736512	0.04021531376358342	-0.279873211551977	-0.11821817294694677	0.1190280274222146	-0.28814594074963623	-0.12506807364720823	0.06977008138557013	-0.2829754850010991	-0.1319179743474697	0.020512135348925646	-0.2778050292525623	-0.12917801406736512	0.04021531376358342	-0.279873211551977	-0.1334010239239186	0.01488705245446689	-0.2616626944062626	-0.12095813322705135	0.0993248490075568	-0.2860777584502215	0.19983538958969954	0.03000000000000002	0.17335245162954066	0.15444781095674	0.1400660774605866	+y	-z	True	False	False	False	rh	handbox_surface
box004_083_p2	box004	e091_box004_20231003_2_083_p2	E092_C1_WORK	21	37	left	True	0.07042720451328273	-0.131777	-0.16281837135082075	0.2011802990729863	0.08508172683191481	-0.1995601470817875	0.18903315257863879	0.16028852036270996	-0.22398114294316085	0.196625119137606	0.11328427440596298	-0.20871802052980257	0.20421708569657324	0.06628002844921604	-0.19345489811644428	0.2011802990729863	0.08508172683191481	-0.1995601470817875	0.19171681015659292	0.059489312913624255	-0.18386038615131847	0.20223019070585557	0.01711467063320249	-0.1800825445794181	0.2794418001369091	0.030000000000000013	0.19096662755957167	0.17266133876855297	0.15057893358497174	-y	+x	False	False	False	False	lh3	handbox_surface
box004_083_p2	box004	e091_box004_20231003_2_083_p2	E092_C1_WORK	21	37	right	True	0.0403622495698557	0.131777	-0.19042858302666157	-0.12934945789293986	0.03245183546545024	-0.2797472752128515	-0.1206246819602765	0.11148185567531672	-0.2885866298585774	-0.12607766691819108	0.06208809304415016	-0.28306203320499873	-0.13153065187610566	0.012694330412983608	-0.27753743655142005	-0.12934945789293986	0.03245183546545024	-0.2797472752128515	-0.1331396295584949	0.0071751485925728	-0.26137062515409676	-0.12280587594344232	0.09172435062285009	-0.286376791197146	0.20282935104464428	0.030000000000000002	0.17652991883166191	0.15654802360348385	0.14264491205428118	+y	-z	True	False	False	False	rh	handbox_surface
box004_083_p2	box004	e091_box004_20231003_2_083_p2	E092_C1_WORK	22	38	left	True	0.06526834675969637	-0.131777	-0.16420333926550723	0.20134015465687807	0.07981224434589651	-0.198708475962835	0.18920477208122055	0.15354363291943277	-0.227281449710078	0.1967893861910065	0.10746151506097261	-0.20942334111805108	0.20437400030079247	0.06137939720251244	-0.19156523252602417	0.20134015465687807	0.07981224434589651	-0.198708475962835	0.19193746566489056	0.055190904728131054	-0.18149247058829143	0.20235729939559932	0.013064928223003704	-0.17538978802866698	0.2767267595828338	0.029999999999999995	0.18960060482008412	0.17321620629372572	0.15077558354133022	-y	+x	False	False	False	False	lh3	handbox_surface
box004_083_p2	box004	e091_box004_20231003_2_083_p2	E092_C1_WORK	22	38	right	True	0.037117531877282554	0.131777	-0.18879949088290995	-0.12751959586330408	0.027105089318087555	-0.2798361220246688	-0.11939941196460156	0.10596242998555434	-0.29058704925474294	-0.12447452690129063	0.0566765920683876	-0.2838677197359467	-0.12954964183797973	0.007390754151220871	-0.2771483902171502	-0.12751959586330408	0.027105089318087555	-0.2798361220246688	-0.13151353821041	0.0022888980330110355	-0.2608840075638417	-0.12142945793927717	0.08624809481868766	-0.28789931744722447	0.20196542493467987	0.030000000000000037	0.17595444887002792	0.155375007881296	0.14216425977153352	+y	-z	True	False	False	False	rh	handbox_surface
box004_083_p2	box004	e091_box004_20231003_2_083_p2	E092_C1_WORK	23	39	left	True	0.06757492130073657	-0.131777	-0.16132431521429644	0.2007562566381499	0.08096242034963318	-0.19533150861356138	0.18766707503117416	0.15308689411867327	-0.2273741927770123	0.19584781353553402	0.10800909801302322	-0.20734751517485556	0.2040285520398938	0.06293130190737319	-0.1873208375726986	0.2007562566381499	0.08096242034963318	-0.19533150861356138	0.19174086752742264	0.05713261603082045	-0.17684164784558976	0.2026152323298629	0.015453971285292469	-0.16877614549116549	0.27580689370862493	0.030000000000000065	0.18917929540050482	0.17293612321819743	0.15040319448717235	-y	+x	False	False	False	False	lh3	handbox_surface
box004_083_p2	box004	e091_box004_20231003_2_083_p2	E092_C1_WORK	23	39	right	True	0.03649737428120783	0.131777	-0.18812977962489136	-0.12290042537184626	0.021813483582935986	-0.2818797290553452	-0.11681759572580296	0.10079985519965771	-0.2930220933611088	-0.12061936425458003	0.051433372939206655	-0.2860581156700065	-0.12442113278335708	0.0020668906787555882	-0.27909413797890414	-0.12290042537184626	0.021813483582935986	-0.2818797290553452	-0.1257400570125276	-0.0030372938801311224	-0.26276552178608714	-0.11833830313731379	0.08105326229547727	-0.29023650228466796	0.2018185495388666	0.030000000000000016	0.1758184954045502	0.15630533846825453	0.1442408880130864	+y	-z	True	False	False	False	rh	handbox_surface
box004_083_p2	box004	e091_box004_20231003_2_083_p2	E092_C1_WORK	24	40	left	True	0.06786911163897931	-0.131777	-0.15877413586078443	0.20183536733545152	0.08123416929515061	-0.18801305706968047	0.18872203732856205	0.1518192364048091	-0.22330879161729153	0.19691786858286794	0.10770356946127255	-0.20124895752503458	0.2051136998371739	0.06358790251773597	-0.17918912343277782	0.20183536733545152	0.08123416929515061	-0.18801305706968047	0.1927397644708451	0.05817857886336617	-0.16860374167008765	0.20374583035932217	0.016954427828838887	-0.15861127195281138	0.27533367991160845	0.030000000000000006	0.18962531970353452	0.17349307701188185	0.15082716273237756	-y	+x	False	False	False	False	lh3	handbox_surface
box004_083_p2	box004	e091_box004_20231003_2_083_p2	E092_C1_WORK	24	40	right	True	0.03659253238600842	0.131777	-0.18908729699746457	-0.12040223870482625	0.0184610057157879	-0.282570873668927	-0.11463160667630967	0.0973563083992672	-0.2944969384211261	-0.11823825169413255	0.04804674422209264	-0.2870431479510016	-0.12184489671195542	-0.0012628199550819555	-0.2795893574808773	-0.12040223870482625	0.0184610057157879	-0.282570873668927	-0.12285649539016584	-0.006228650043500636	-0.26319627456298167	-0.11607426468343882	0.07763248272839735	-0.2915154222330764	0.20144149564460798	0.029999999999999995	0.1758154901343047	0.15589424812836392	0.14527632354767742	+y	-z	True	False	False	False	rh	handbox_surface
box004_083_p2	box004	e091_box004_20231003_2_083_p2	E092_C1_WORK	25	41	left	True	0.068848146275294	-0.131777	-0.15670037305491058	0.20092833458241813	0.08086931528428283	-0.18553965132319966	0.1864269978225165	0.14986904363483694	-0.22333844389287932	0.195490333297455	0.10674421341574061	-0.19971419853682956	0.20455366877239353	0.06361938319664427	-0.17608995318077977	0.20092833458241813	0.08086931528428283	-0.18553965132319966	0.1922334655201079	0.058287832753611504	-0.16540292704600001	0.20412549334702632	0.017702724512117074	-0.15392066990292566	0.273460786888472	0.030000000000000023	0.1886874341476697	0.17328692187791764	0.15051015367747714	-y	+x	False	False	False	False	lh3	handbox_surface
box004_083_p2	box004	e091_box004_20231003_2_083_p2	E092_C1_WORK	25	41	right	True	0.03224143212705404	0.131777	-0.18934646314667117	-0.11505744055359292	0.008833936223192156	-0.28354845358874137	-0.11198208216981868	0.08768462124922038	-0.2967056433242984	-0.11390418115967758	0.038402943107952774	-0.28848239973957535	-0.11582628014953651	-0.01087873503331487	-0.280259156154852	-0.11505744055359292	0.008833936223192156	-0.28354845358874137	-0.11649184750162725	-0.015625763102421725	-0.2637837589664154	-0.11275092176576225	0.06797194999271336	-0.29341634589040905	0.19976283114630333	0.030000000000000072	0.17481064011011194	0.15409549095226135	0.14548181835848348	+y	-z	True	False	False	False	rh	handbox_surface
box004_083_p2	box004	e091_box004_20231003_2_083_p2	E092_C1_WORK	26	42	left	True	0.06492992023695349	-0.131777	-0.15061027017373046	0.201760231659735	0.07259816990829626	-0.18019526264682806	0.18778183087836028	0.13953125525912086	-0.22172316166681816	0.19651833136671945	0.09769807691485546	-0.1957682247793243	0.20525483185507867	0.05586489857059013	-0.1698132878918304	0.201760231659735	0.07259816990829626	-0.18019526264682806	0.19291494683724825	0.0512451188848368	-0.1588219167620975	0.20447136595507387	0.011250374993098852	-0.14513677138043832	0.26835342690730823	0.029999999999999964	0.18509427642818516	0.17089993560425798	0.148022707449467	-y	+x	False	False	False	False	lh3	handbox_surface
box004_083_p2	box004	e091_box004_20231003_2_083_p2	E092_C1_WORK	26	42	right	True	0.030969724964588607	0.131777	-0.18682118660598832	-0.11595216862063212	-0.001792913391719039	-0.28466971495453636	-0.11243504692557021	0.07676302818738288	-0.29938684434864227	-0.1146332479849839	0.02766556470044417	-0.2901886384773261	-0.11683144904439756	-0.02143189878649458	-0.28099043260601014	-0.11595216862063212	-0.001792913391719039	-0.28466971495453636	-0.11738232389093153	-0.025853247237505178	-0.2644204542510453	-0.11331432734933569	0.05712404279260739	-0.2957075620001158	0.2066984441118531	0.030000000000000013	0.1827788663045199	0.15925884427082798	0.15410763433549068	+y	-z	True	False	False	False	rh	handbox_surface
box004_083_p2	box004	e091_box004_20231003_2_083_p2	E092_C1_WORK	27	43	left	True	0.06312542186908622	-0.131777	-0.1531318969527474	0.20220696053364842	0.072353052510635	-0.18086656229055975	0.1886872877146126	0.1401562845781895	-0.22111504261043746	0.19713708322650997	0.09777926453596791	-0.1959597424105139	0.20558687873840736	0.055402244493746367	-0.17080444221059035	0.20220696053364842	0.072353052510635	-0.18086656229055975	0.19316900272057377	0.050604024509441216	-0.15997860246959889	0.20451510355336258	0.010302617756880787	-0.14703734381494843	0.26923860851304077	0.030000000000000013	0.18588907375813246	0.1720864450700269	0.14921191331158673	-y	+x	False	False	False	False	lh3	handbox_surface
box004_083_p2	box004	e091_box004_20231003_2_083_p2	E092_C1_WORK	27	43	right	True	0.03290518917483006	0.131777	-0.1882283851802773	-0.11523024679238404	-0.001862099127946009	-0.2835537016549936	-0.11151429769578519	0.07689948301366407	-0.29707423791883675	-0.11383676588115946	0.02767349417515773	-0.2886239027539348	-0.11615923406653374	-0.0215524946633486	-0.28017356758903306	-0.11523024679238404	-0.001862099127946009	-0.2835537016549936	-0.11668692355572302	-0.026225493163019937	-0.26367203442599413	-0.11244328496993491	0.057209087478261526	-0.293694103852876	0.206033980807923	0.029999999999999968	0.18277468242525352	0.1569719391084005	0.15324212862017927	+y	-z	True	False	False	False	rh	handbox_surface
box004_083_p2	box004	e091_box004_20231003_2_083_p2	E092_C1_WORK	28	44	left	True	0.0660622807486598	-0.131777	-0.15340429486571125	0.20193658612790275	0.07094984198192172	-0.18399808432260992	0.18820189050231478	0.1398229643801915	-0.22231062988128306	0.19678607526830721	0.09677726288127289	-0.19836528890711233	0.20537026003429967	0.053731561382354305	-0.17441994793294138	0.20193658612790275	0.07094984198192172	-0.18399808432260992	0.19286732850901614	0.04847144063756377	-0.16391122779517042	0.20448138954237569	0.007908689854462119	-0.15207102504643816	0.26710906484057767	0.030000000000000002	0.1829416173907985	0.16953825845632076	0.14669090059104667	-y	+x	False	False	False	False	lh3	handbox_surface
box004_083_p2	box004	e091_box004_20231003_2_083_p2	E092_C1_WORK	28	44	right	True	0.03518385825925522	0.131777	-0.18899701364125462	-0.11227177146207203	0.00040023568353875596	-0.28198942630087986	-0.10983299166186701	0.07919022876513802	-0.29563454789387605	-0.11135722903699516	0.029946483089138463	-0.2871063468982534	-0.11288146641212327	-0.01929726258686109	-0.2785781459026307	-0.11227177146207203	0.00040023568353875596	-0.28198942630087986	-0.1138144515587439	-0.023940125782919413	-0.2620860469469285	-0.11044268661191828	0.05949273049473822	-0.2922232674956269	0.20363984313594768	0.029999999999999968	0.1797205964719636	0.15501961431131883	0.14903511142937878	+y	-z	True	False	False	False	rh	handbox_surface
box004_083_p2	box004	e091_box004_20231003_2_083_p2	E092_C1_WORK	29	45	left	True	0.06431633905973748	-0.131777	-0.15685616208417202	0.2007812226970765	0.07071967807138549	-0.18904441924378063	0.18618532759210546	0.14010896590849672	-0.22608610629422707	0.19530776203271236	0.09674066101030218	-0.20293505188769803	0.20443019647331925	0.05337235611210771	-0.17978399748116897	0.2007812226970765	0.07071967807138549	-0.18904441924378063	0.1918962957045266	0.047645083128336985	-0.16956024857985447	0.20415886855611193	0.007075779892239774	-0.15841688697274262	0.2673992116137026	0.02999999999999998	0.18331922926332805	0.1708860083697834	0.14803101929474663	-y	+x	False	False	False	False	lh3	handbox_surface
box004_083_p2	box004	e091_box004_20231003_2_083_p2	E092_C1_WORK	29	45	right	True	0.030545771867869217	0.131777	-0.19138100084470602	-0.10935154141273107	-0.0014704570011330657	-0.2835805146950605	-0.10875847060604445	0.07741627252215033	-0.2968670557098838	-0.10912913986022357	0.028112066570098224	-0.2885629675756192	-0.1094998091144027	-0.021192139381953967	-0.2802588794413548	-0.10935154141273107	-0.0014704570011330657	-0.2835805146950605	-0.10975344934970989	-0.025931728340570413	-0.26376985487832516	-0.10890673830771609	0.05769459014132946	-0.29354542045617793	0.19924817200407344	0.030000000000000006	0.17563598928308938	0.15162317688948765	0.14625951939849413	+y	-z	True	False	False	False	rh	handbox_surface
box004_083_p2	box004	e091_box004_20231003_2_083_p2	E092_C1_WORK	30	46	left	True	0.06580506323497365	-0.131777	-0.15229633780356877	0.20166972476619707	0.07656866775064211	-0.18069839918072367	0.18682891019761688	0.1458190312293365	-0.2179023960225916	0.19610441930297948	0.10253755405515251	-0.19464989799642407	0.20537992840834216	0.05925607688096846	-0.17139739997025674	0.20166972476619707	0.07656866775064211	-0.18069839918072367	0.19275400817575036	0.05336537074988708	-0.16138185777488995	0.20532775748959864	0.012934746648369168	-0.1500823432338152	0.27143149503108843	0.029999999999999954	0.18735970598791546	0.17462038076456748	0.15177475287982278	-y	+x	False	False	False	False	lh3	handbox_surface
box004_083_p2	box004	e091_box004_20231003_2_083_p2	E092_C1_WORK	30	46	right	True	0.0339743090356037	0.131777	-0.19239619245052905	-0.1074061151872968	0.0025212121831951146	-0.2823734837513029	-0.10773048531487601	0.0815426859831759	-0.2948435063053834	-0.10752775398513899	0.03215426485818792	-0.28704974220908314	-0.10732502265540197	-0.01723415626680013	-0.2792559781127829	-0.1074061151872968	0.0025212121831951146	-0.2823734837513029	-0.107708936784197	-0.022147981633083624	-0.26282056214247107	-0.10764939278298118	0.06178731753318067	-0.2917260006668633	0.19724811197615283	0.03	0.17296737024413733	0.15024063255556408	0.14272587911142032	+y	-z	True	False	False	False	rh	handbox_surface
box004_083_p2	box004	e091_box004_20231003_2_083_p2	E092_C1_WORK	31	47	left	True	0.05726013741651747	-0.131777	-0.16193043234944676	0.19985473821564656	0.06691969451509282	-0.1998301904728871	0.18531515737946294	0.1374608988939793	-0.23465172222960692	0.19440239540207768	0.09337264615717526	-0.21288826488165696	0.20348963342469253	0.049284393420371206	-0.19112480753370722	0.19985473821564656	0.06691969451509282	-0.1998301904728871	0.19091066139709206	0.0431981849760584	-0.18116725284337679	0.20319991779487895	0.002309076308573996	-0.17129463741088843	0.2685089622088246	0.029999999999999978	0.18456045112620906	0.17274046182288522	0.14987970408854753	-y	+x	False	False	False	False	lh3	handbox_surface
box004_083_p2	box004	e091_box004_20231003_2_083_p2	E092_C1_WORK	31	47	right	True	0.0338369595018804	0.131777	-0.1912607315588792	-0.11350470512792733	-0.0002576078520571365	-0.2826142819805119	-0.11372506638271639	0.07878637732799072	-0.29494310381285926	-0.11358734059847322	0.029383886590460817	-0.2872375901676423	-0.11344961481423008	-0.020018604147069075	-0.27953207652242507	-0.11350470512792733	-0.0002576078520571365	-0.2826142819805119	-0.11288991951949849	-0.024959298049670692	-0.26310976691495347	-0.11366997606901913	0.05902538103297879	-0.29186089835477247	0.20354319276798322	0.03000000000000003	0.1791878503625839	0.15701467343514755	0.15045826278595859	+y	-z	True	False	False	False	rh	handbox_surface
box004_083_p2	box004	e091_box004_20231003_2_083_p2	E092_C1_WORK	32	48	left	True	0.06015757501227633	-0.131777	-0.16307949131812868	0.19817933434504914	0.07606405485464612	-0.19228325902781407	0.18134989138495525	0.1448058460102392	-0.22958387562290253	0.19186829323501395	0.10184222653799352	-0.20627099025097215	0.20238669508507262	0.058878607065747844	-0.18295810487904202	0.19817933434504914	0.07606405485464612	-0.19228325902781407	0.19016495788828405	0.052944341034905126	-0.1724776949406129	0.20355269587004804	0.012757087331049698	-0.1612453008332424	0.27164528687799017	0.029999999999999985	0.18869194033187403	0.17729874375893862	0.15441367868732475	-y	+x	False	False	False	False	lh3	handbox_surface
box004_083_p2	box004	e091_box004_20231003_2_083_p2	E092_C1_WORK	32	48	right	True	0.0336010508401944	0.131777	-0.19144360066781	-0.11425458416137477	0.001159695423802196	-0.2840732671933874	-0.11634896912479678	0.08020789438891486	-0.29619744931000686	-0.11503997852265803	0.030802770035719455	-0.28861983548711956	-0.11373098792051925	-0.018602354317475957	-0.2810422216642325	-0.11425458416137477	0.001159695423802196	-0.2840732671933874	-0.11296034359216331	-0.023568951009296527	-0.2646362778472566	-0.1158253728839413	0.0604458446476367	-0.293166403780852	0.2042869827976941	0.029999999999999995	0.1787981484514024	0.15975468265664286	0.150685966926587	+y	-z	True	False	False	False	rh	handbox_surface
box004_083_p2	box004	e091_box004_20231003_2_083_p2	E092_C1_WORK	33	49	left	True	0.0631291123143068	-0.131777	-0.1624130329410865	0.19795786034653873	0.07669502565368777	-0.19295586297185954	0.1808917205233233	0.14359922720209936	-0.23336099490709752	0.19155805791283295	0.1017841012343421	-0.20810778744757377	0.2022243953023426	0.0599689752665849	-0.18285457998805002	0.19795786034653873	0.07669502565368777	-0.19295586297185954	0.19020002458860247	0.05471186869772548	-0.17180004673820606	0.2034737900596013	0.015016882273015016	-0.15881818366418357	0.2704307539218791	0.03	0.18776432370338653	0.1751313173952341	0.1522434800195417	-y	+x	False	False	False	False	lh3	handbox_surface
box004_083_p2	box004	e091_box004_20231003_2_083_p2	E092_C1_WORK	33	49	right	True	0.03282457804429765	0.131777	-0.19178423685932178	-0.11280138049677067	-0.001437214210116991	-0.28527439435742524	-0.11560016504783424	0.07718526769005105	-0.29978894377841936	-0.11385092470341948	0.028046216502446	-0.2907173503902981	-0.11210168435900478	-0.021092834685158993	-0.28164575700217676	-0.11280138049677067	-0.001437214210116991	-0.28527439435742524	-0.11130169847134336	-0.025553103601295625	-0.26509637660044894	-0.11490046891006835	0.05752964721500905	-0.29616030642317087	0.2050891013785108	0.03	0.17901506652018223	0.1621075079156714	0.15192637329267603	+y	-z	True	False	False	False	rh	handbox_surface
box004_083_p2	box004	e091_box004_20231003_2_083_p2	E092_C1_WORK	34	50	left	True	0.056543265479649725	-0.131777	-0.1608845777303982	0.1977946576017507	0.0704432428896094	-0.20053978210109316	0.18144225500100297	0.1380533592132826	-0.24005523603853957	0.19166250662647036	0.09579703651098684	-0.21535807732763554	0.20188275825193763	0.05354071380869106	-0.19066091861673173	0.1977946576017507	0.0704432428896094	-0.20053978210109316	0.18987886416596964	0.048358510353725265	-0.17954891339562498	0.20262511970224403	0.008313947242421939	-0.16712395862956886	0.2702119789727443	0.02999999999999999	0.1873875600935419	0.17601563418039123	0.15312820408473146	-y	+x	False	False	False	False	lh3	handbox_surface
box004_083_p2	box004	e091_box004_20231003_2_083_p2	E092_C1_WORK	34	50	right	True	0.025447407023662376	0.131777	-0.1938784151592835	-0.10941911158412546	-0.006950188059248105	-0.28626338647119887	-0.11210091154233674	0.0713377550672299	-0.3025054894757202	-0.11042478656845468	0.022407790613181124	-0.2923541750978943	-0.10874866159457261	-0.026522173840867656	-0.28220286072006845	-0.10941911158412546	-0.006950188059248105	-0.28626338647119887	-0.1076623015985585	-0.030611231250369516	-0.26557410853096375	-0.11143046155278392	0.05176576928561035	-0.2984449637245898	0.2003006546392658	0.02999999999999996	0.17554028676693506	0.15683655171255065	0.14885835507503015	+y	-z	True	False	False	False	rh	handbox_surface
box004_083_p2	box004	e091_box004_20231003_2_083_p2	E092_C1_WORK	35	51	left	True	0.06417112532548794	-0.131777	-0.15968535497983158	0.19707500250028195	0.08010191705588464	-0.1954848132745491	0.1799382915777121	0.14705300878032074	-0.23578226301597086	0.19064873590431827	0.10520857645254816	-0.21059635692758233	0.20135918023092442	0.06336414412477559	-0.18541045083919355	0.19707500250028195	0.08010191705588464	-0.1954848132745491	0.189732049679527	0.058548726327757976	-0.1737465341517929	0.20252428059183425	0.0186317391050967	-0.16096347797332727	0.27340570503118755	0.03	0.189921672835192	0.1747136005618072	0.15185455326362757	-y	+x	False	False	False	False	lh3	handbox_surface
box004_083_p2	box004	e091_box004_20231003_2_083_p2	E092_C1_WORK	35	51	right	True	0.035373972639540494	0.131777	-0.19431996849631814	-0.11213432003297837	3.141539673439202e-05	-0.28683185595308835	-0.11388664984349084	0.0782803061820397	-0.3033860225314621	-0.11279144371192057	0.02937474944122392	-0.2930396684199786	-0.11169623758035027	-0.01953080729959195	-0.28269331430849487	-0.11213432003297837	3.141539673439202e-05	-0.28683185595308835	-0.11051655430034067	-0.023564908606072677	-0.2660574992724435	-0.11344856739086273	0.05871808348571335	-0.29924748088686853	0.2053893635880927	0.03000000000000004	0.1787652673243294	0.16428270129570421	0.1529486148553979	+y	-z	True	False	False	False	rh	handbox_surface
box004_083_p2	box004	e091_box004_20231003_2_083_p2	E092_C1_WORK	36	52	left	True	0.06767654653186143	-0.131777	-0.15955328252534853	0.19701361077953183	0.08426843770211885	-0.19679241831452757	0.18004772928988072	0.15084110646844975	-0.23778313236792628	0.19065140522091267	0.10923318848949289	-0.2121639360845521	0.20125508115194465	0.06762527051053614	-0.18654473980117797	0.19701361077953183	0.08426843770211885	-0.19679241831452757	0.18976502244041235	0.06312900021919748	-0.17462050103375681	0.20226687793799752	0.02324138530313319	-0.16146393038122867	0.27563854536922006	0.029999999999999957	0.19152231607426828	0.17380355604293166	0.15099845313164856	-y	+x	False	False	False	False	lh3	handbox_surface
box004_083_p2	box004	e091_box004_20231003_2_083_p2	E092_C1_WORK	36	52	right	True	0.039067639852636574	0.131777	-0.19506680128928164	-0.10574527488970659	0.0023308931709933238	-0.28858926823909875	-0.107824030818454	0.08022088407959821	-0.30672288591583813	-0.10652480836298689	0.0315396397617202	-0.29538937486787614	-0.10522558590751974	-0.01714160455615779	-0.2840558638199138	-0.10574527488970659	0.0023308931709933238	-0.28858926823909875	-0.10386064634417459	-0.020831806633025127	-0.2673545070928064	-0.10730434183626718	0.06074838635244699	-0.30218948149665326	0.20324691420631752	0.030000000000000093	0.1756464912940272	0.16465312437131094	0.15114092628732673	+y	-z	True	False	False	False	rh	handbox_surface
box004_083_p2	box004	e091_box004_20231003_2_083_p2	E092_C1_WORK	37	53	left	True	0.0654042184276366	-0.131777	-0.1663619101305518	0.1942851524011394	0.08064089482970244	-0.21132130632774063	0.17655201134547074	0.14725437815982173	-0.2519190839384386	0.1876352245052636	0.1056209510784972	-0.2265454729317525	0.19871843766505654	0.0639875239971726	-0.2011718619250662	0.1942851524011394	0.08064089482970244	-0.21132130632774063	0.18754088773435595	0.05957107006370833	-0.18892512039476578	0.20018319818661312	0.019631165373815946	-0.17606473293167746	0.27371566863163593	0.03000000000000013	0.1893912334457109	0.17240270547604375	0.14960260689766	-y	+x	False	False	False	False	lh3	handbox_surface
box004_083_p2	box004	e091_box004_20231003_2_083_p2	E092_C1_WORK	37	53	right	True	0.03569588395246111	0.131777	-0.19714073150736325	-0.09433962961777435	-0.0020539380875127574	-0.29110451496510775	-0.09910342408256492	0.07502753008813542	-0.3119792251710909	-0.09612605254207085	0.026851612478355387	-0.2989325312923513	-0.09314868100157671	-0.021324305131424772	-0.2858858374136119	-0.09433962961777435	-0.0020539380875127574	-0.29110451496510775	-0.09139013041352465	-0.024361867202783882	-0.2690901033005192	-0.09791247546636728	0.05575716304422341	-0.30676054761959504	0.1968449399685011	0.03000000000000007	0.16889866462235942	0.1601714053911736	0.14534635405082258	+y	-z	True	False	False	False	rh	handbox_surface
box004_083_p2	box004	e091_box004_20231003_2_083_p2	E092_C1_WORK	38	54	left	True	0.06844897417135798	-0.131777	-0.1642283088419588	0.1956736443597045	0.08405981183223842	-0.2081362194095335	0.17687803860575815	0.1518769642075483	-0.2461830201692061	0.18862529220197458	0.10949124397297963	-0.22240376969441067	0.2003725457981911	0.06710552373841085	-0.19862451921961546	0.1956736443597045	0.08405981183223842	-0.2081362194095335	0.18962679643891073	0.0624076496787975	-0.1860991762727241	0.2024809441141671	0.022056675567015505	-0.17483048772069204	0.27574824969634215	0.029999999999999995	0.19112483548503195	0.17339486542057111	0.15063154794347428	-y	+x	False	False	False	False	lh3	handbox_surface
box004_083_p2	box004	e091_box004_20231003_2_083_p2	E092_C1_WORK	38	54	right	True	0.04055055072933612	0.131777	-0.19291798645267666	-0.09114659047507784	0.0026596801308959007	-0.28936334181460865	-0.09710349906327262	0.08028050180418525	-0.3077894993857172	-0.09338043119565088	0.03176748825837947	-0.2962731509037745	-0.08965736332802915	-0.016745525287426413	-0.2847568024218315	-0.09114659047507784	0.0026596801308959007	-0.28936334181460865	-0.08772608495278947	-0.020279152271306326	-0.26807748552688876	-0.09561427191622393	0.06087529638586294	-0.3031829599929401	0.19652404528937925	0.030000000000000124	0.16782426292665548	0.16095935447574736	0.1448663680674862	+y	-z	True	False	False	False	rh	handbox_surface
box004_083_p2	box004	e091_box004_20231003_2_083_p2	E092_C1_WORK	39	55	left	True	0.06945369594931103	-0.131777	-0.16545702583743638	0.19563556992761483	0.0896403306932709	-0.2022797625749949	0.17606822110982046	0.1582073205326907	-0.23855215930589294	0.18829781412094193	0.11535295188305336	-0.2158819113490816	0.2005274071320634	0.07249858323341589	-0.19321166339227028	0.19563556992761483	0.0896403306932709	-0.2022797625749949	0.19006340393086946	0.06756525208422132	-0.18053916376956403	0.20311747137384872	0.026989732582826935	-0.17035917819512347	0.2788185908804781	0.03000000000000001	0.19429316726910728	0.17500083927896923	0.15228879342938662	-y	+x	False	False	False	False	lh3	handbox_surface
box004_083_p2	box004	e091_box004_20231003_2_083_p2	E092_C1_WORK	39	55	right	True	0.04469500155256553	0.131777	-0.19128682631994148	-0.09232262876538079	0.0081536125354812	-0.2876766100656695	-0.09910312181492299	0.08618406476836468	-0.3039638270881324	-0.09486531365895913	0.03741503212281256	-0.29378431644909314	-0.09062750550299527	-0.011354000522739558	-0.2836048058100537	-0.09232262876538079	0.0081536125354812	-0.2876766100656695	-0.08876881403350302	-0.015331395207413247	-0.26701741404855717	-0.09740799855253746	0.06667645171014382	-0.2998920228325166	0.1971978652175804	0.030000000000000075	0.16753453418613684	0.16244157156480124	0.14497438687927688	+y	-z	True	False	False	False	rh	handbox_surface
box004_083_p2	box004	e091_box004_20231003_2_083_p2	E092_C1_WORK	40	56	left	True	0.07055325359282259	-0.131777	-0.16705213177738867	0.1868695394038357	0.09457639374134938	-0.21098233188061125	0.16521030027097006	0.16336294857328565	-0.24561305862057975	0.17874732472901103	0.12037135180332555	-0.22396885440809927	0.19228434918705206	0.07737975503336543	-0.20232465019561904	0.1868695394038357	0.09457639374134938	-0.21098233188061125	0.1825081519906202	0.07230107507329304	-0.18916948603285244	0.19621354934219293	0.031694480792313226	-0.18002180051983327	0.28022180796857593	0.030000000000000006	0.19455911016812083	0.17369154076624937	0.15114132602216548	-y	+x	False	False	False	False	lh3	handbox_surface
box004_083_p2	box004	e091_box004_20231003_2_083_p2	E092_C1_WORK	40	56	right	True	0.043587482767900816	0.131777	-0.1932732389425392	-0.0888221378540122	0.012482240623634623	-0.2871837784203818	-0.09889134059562793	0.09033580742074886	-0.3025926490186933	-0.0925980888821181	0.041677328172552514	-0.29296210489474867	-0.0863048371686083	-0.006981151075643939	-0.28333156077080374	-0.0888221378540122	0.012482240623634623	-0.2871837784203818	-0.0841444550790253	-0.011048772394099298	-0.26680270194926214	-0.09637403991022403	0.0708724157214703	-0.2987404313691153	0.19131735620140106	0.03000000000000006	0.16032436995969568	0.15848044563874703	0.13883078777707522	+y	-z	True	False	False	False	rh	handbox_surface
box004_083_p2	box004	e091_box004_20231003_2_083_p2	E092_C1_WORK	41	57	left	True	0.07308104753052871	-0.131777	-0.16747821648344471	0.18448726525566542	0.09821046780559345	-0.20909618953888282	0.16039615713473726	0.1673030958168748	-0.2414354422204222	0.1754530997103174	0.12412020330982393	-0.22122340929446016	0.19051004228589752	0.08093731080277305	-0.2010113763684981	0.18448726525566542	0.09821046780559345	-0.20909618953888282	0.18143226166437648	0.07551135267231347	-0.18749922467960198	0.19603375231360876	0.03492931548136119	-0.1797333831822339	0.2808059142532151	0.030000000000000006	0.1952782494258954	0.17364315504171196	0.1511538367094702	-y	+x	False	False	False	False	lh3	handbox_surface
box004_083_p2	box004	e091_box004_20231003_2_083_p2	E092_C1_WORK	41	57	right	True	0.04214518914471616	0.131777	-0.19505594200208237	-0.08481199278032962	0.013165688017888448	-0.2863972451775833	-0.097860821087461	0.09113332843155975	-0.29867629758953496	-0.08970530339550385	0.042403553173015134	-0.2910018898320652	-0.08154978570354679	-0.006326222085529379	-0.2833274820745953	-0.08481199278032962	0.013165688017888448	-0.2863972451775833	-0.07967536621191695	-0.01103824569152712	-0.2669354305552851	-0.09459861401067816	0.07164141832814191	-0.29560653448654695	0.1859510427123986	0.029999999999999947	0.15534072060818988	0.1517722829071558	0.13223824981559001	+y	-z	True	False	False	False	rh	handbox_surface
box004_083_p2	box004	e091_box004_20231003_2_083_p2	E092_C1_WORK	42	58	left	True	0.07222468986132993	-0.131777	-0.17031086652370295	0.18448090821398705	0.09589310057599772	-0.21434493769304588	0.16218988268209167	0.16573031675924357	-0.2463741964498604	0.17612177363952625	0.12208205664471493	-0.22635590972685124	0.1900536645969609	0.07843379653018617	-0.20633762300384229	0.18448090821398705	0.09589310057599772	-0.21434493769304588	0.18087228153712306	0.07321128637896956	-0.19281530963893811	0.19438192035099827	0.03221848787393242	-0.18523284989596858	0.27996441117720816	0.030000000000000006	0.19365995454235924	0.1714961940108672	0.14910014161750731	-y	+x	False	False	False	False	lh3	handbox_surface
box004_083_p2	box004	e091_box004_20231003_2_083_p2	E092_C1_WORK	42	58	right	True	0.04640905353349966	0.131777	-0.19947663693560574	-0.08663130061610244	0.024833620225247873	-0.2861775473206791	-0.09775435997356695	0.1028486632794829	-0.29995907872238436	-0.09080244787515164	0.05408926137058599	-0.29134562159631855	-0.08385053577673628	0.00532985946168909	-0.28273216447025296	-0.08663130061610244	0.024833620225247873	-0.2861775473206791	-0.082857782203102	0.0007863598991521481	-0.26621589915472027	-0.09497359513420077	0.08334490251592412	-0.29651369587195814	0.18248915363593182	0.030000000000000006	0.14971961051098376	0.14902607150126057	0.12633597913983322	+y	-z	True	False	False	False	rh	handbox_surface
box004_083_p2	box004	e091_box004_20231003_2_083_p2	E092_C1_WORK	43	59	left	True	0.07387702702754233	-0.131777	-0.1673882357088837	0.1840183405435433	0.10230399857555826	-0.2089509404888512	0.1581426411454266	0.17096028889116185	-0.24083764588087725	0.17431495326924953	0.12805010744390957	-0.22090845501086095	0.1904872653930725	0.08513992599665728	-0.20097926414084463	0.1840183405435433	0.10230399857555826	-0.2089509404888512	0.18237461317097667	0.08005602680810654	-0.1867397343426501	0.19720869567785465	0.03950818335351871	-0.1792406708497142	0.28365880325583986	0.029999999999999968	0.19855433544121065	0.17437026546093387	0.15221432571800347	-y	+x	False	False	False	False	lh3	handbox_surface
box004_083_p2	box004	e091_box004_20231003_2_083_p2	E092_C1_WORK	43	59	right	True	0.042271793711283076	0.131777	-0.19699312255913481	-0.0874520484855293	0.021465955613874967	-0.28422174447695453	-0.10173444424890914	0.09954110176922473	-0.29423597056182815	-0.09280794689679674	0.05074413542213111	-0.28797707925878213	-0.08388144954468427	0.0019471690750374946	-0.2817181879557362	-0.0874520484855293	0.021465955613874967	-0.28422174447695453	-0.08228345998228931	-0.0032707844961611596	-0.26545057111143194	-0.09816384530806418	0.08002231523038726	-0.2917324140406097	0.1819091582113574	0.02999999999999998	0.14987186517482148	0.14783117609864704	0.12584444768465497	+y	-z	True	False	False	False	rh	handbox_surface
box004_083_p2	box004	e091_box004_20231003_2_083_p2	E092_C1_WORK	44	60	left	True	0.07208488973172487	-0.131777	-0.16710231908001466	0.18450175519164605	0.09768112334411704	-0.20989288650579277	0.1568376673809106	0.165539878407935	-0.2419847485083112	0.17412772226262033	0.12312815649304878	-0.2219273347567373	0.19141777714432995	0.08071643457816256	-0.20186992100516318	0.18450175519164605	0.09768112334411704	-0.20989288650579277	0.1840713547085522	0.07596015055305118	-0.18711074739763128	0.19937062855541227	0.03561617783819141	-0.17944852505348505	0.27999135847669826	0.030000000000000047	0.19617592063538408	0.17209465852704123	0.1500454271264038	-y	+x	False	False	False	False	lh3	handbox_surface
box004_083_p2	box004	e091_box004_20231003_2_083_p2	E092_C1_WORK	44	60	right	True	0.03935195949822111	0.131777	-0.1958493747870257	-0.09255129117698022	0.017016932269267156	-0.282500672875494	-0.10687645293718061	0.09511497704446699	-0.29227232283008053	-0.09792322683705533	0.046303699059967035	-0.28616504160846407	-0.08897000073693007	-0.0025075789245329245	-0.28005776038684754	-0.09255129117698022	0.017016932269267156	-0.282500672875494	-0.08788402387681403	-0.00786808611979908	-0.26379425569767945	-0.10329516249713053	0.07559046585066703	-0.2898294103414339	0.1852217093927474	0.029999999999999943	0.153936082684892	0.14916682752703328	0.12719815480413119	+y	-z	True	False	False	False	rh	handbox_surface
box004_083_p2	box004	e091_box004_20231003_2_083_p2	E092_C1_WORK	45	61	left	True	0.07208702497204475	-0.131777	-0.16572940242113454	0.1848946290277862	0.09834912982167539	-0.20913049102357104	0.15595172724583106	0.16511036465242232	-0.24237573068752835	0.174041040859553	0.12338459288320547	-0.22159745589755497	0.19213035447327492	0.08165882111398873	-0.20081918110758165	0.1848946290277862	0.09834912982167539	-0.20913049102357104	0.1851416992908324	0.07722966192086307	-0.18578699518894123	0.20095909969787387	0.037229479134773674	-0.17740792678293948	0.2803984651126485	0.02999999999999997	0.1973793509179927	0.17286753051033749	0.15106701853429597	-y	+x	False	False	False	False	lh3	handbox_surface
box004_083_p2	box004	e091_box004_20231003_2_083_p2	E092_C1_WORK	45	61	right	True	0.03739325623238655	0.131777	-0.1950828333901214	-0.0981961887438337	0.015265693662439765	-0.2807285651911665	-0.11224523766963551	0.09333894476380673	-0.2910819070064129	-0.10346458209100941	0.044543162825452384	-0.2846110683718839	-0.09468392651238329	-0.0042526191129020835	-0.2781402297373548	-0.0981961887438337	0.015265693662439765	-0.2807285651911665	-0.09450660358929738	-0.009658311203153238	-0.2618564028679687	-0.10873297543818512	0.073820631988465	-0.2884935715526012	0.18832412969209522	0.030000000000000006	0.15699509792692667	0.15074453988502093	0.12720116770386	+y	-z	True	False	False	False	rh	handbox_surface
box004_083_p2	box004	e091_box004_20231003_2_083_p2	E092_C1_WORK	46	62	left	True	0.07360364672582213	-0.131777	-0.16632741946048374	0.18426898009934164	0.09682211612780393	-0.21097048798875334	0.15578897696048263	0.16343246638046638	-0.24491088663738747	0.17358897892226952	0.12180099747255231	-0.22369813748199113	0.1913889808840564	0.08016952856463823	-0.2024853883265948	0.18426898009934164	0.09682211612780393	-0.21097048798875334	0.18446530588498034	0.0760192328056367	-0.18734395062967565	0.19992006350529654	0.03596947609659043	-0.1785359417540453	0.2785502948175195	0.029999999999999947	0.1951573262741511	0.16962429075889818	0.14798580228896385	-y	-z	False	False	False	False	lh3	handbox_surface
box004_083_p2	box004	e091_box004_20231003_2_083_p2	E092_C1_WORK	46	62	right	True	0.04640136031940815	0.131777	-0.19675254581107468	-0.09681009718762935	0.020076099872888498	-0.2821751417918547	-0.11035602213977164	0.09819268350162143	-0.2928666000350551	-0.10188981904468274	0.0493698187336633	-0.28618443863305487	-0.0934236159495938	0.0005469539657051769	-0.27950227723105453	-0.09681009718762935	0.020076099872888498	-0.2821751417918547	-0.093342884392034	-0.004800410049944575	-0.2631984387748645	-0.10696954090173606	0.07866353759443823	-0.29019373547425503	0.19177925032489304	0.029999999999999947	0.15885369764710633	0.15521915287677926	0.12952734237278538	+y	-z	True	False	False	False	rh	handbox_surface
box004_083_p2	box004	e091_box004_20231003_2_083_p2	E092_C1_WORK	47	63	left	True	0.07368407103913333	-0.131777	-0.1596954641240523	0.18423464607892637	0.09844086689696806	-0.20557873026183074	0.15841108069254345	0.16491586578790665	-0.2418308749319731	0.17455080905903272	0.12336899148107003	-0.21917328451313406	0.19069053742552214	0.0818221171742334	-0.19651569409429517	0.18423464607892637	0.09844086689696806	-0.20557873026183074	0.18305530642542708	0.07805754928995627	-0.18161748473445735	0.19740909080104435	0.03791293536545359	-0.17147882541181453	0.2807333021318795	0.030000000000000013	0.19631448469162877	0.16939855804336076	0.14789356758848718	-y	+x	False	False	False	False	lh3	handbox_surface
box004_083_p2	box004	e091_box004_20231003_2_083_p2	E092_C1_WORK	47	63	right	True	0.051559174679960205	0.131777	-0.1989131232459481	-0.09199468193110875	0.03163063568304217	-0.2843331356180515	-0.10393618223629039	0.10972920606829864	-0.29690349258356774	-0.0964727445455519	0.06091759957751336	-0.28904701948012007	-0.08900930685481331	0.012105993086728077	-0.2811905463766725	-0.09199468193110875	0.03163063568304217	-0.2843331356180515	-0.0897528367299237	0.007033352349558057	-0.26481582661778125	-0.10095080715999498	0.09020456347198455	-0.29376090334218874	0.18723948031378243	0.030000000000000047	0.15211437913632125	0.15220208466842516	0.12386537655919726	+y	-z	True	False	False	False	rh	handbox_surface
box004_083_p2	box004	e091_box004_20231003_2_083_p2	E092_C1_WORK	48	64	left	True	0.07557605703107337	-0.131777	-0.16340374328972285	0.185482483128861	0.10733611065205349	-0.20468964494677383	0.15647303844073993	0.17492348785864237	-0.23616024330811933	0.17460394137081567	0.13268137710452435	-0.2164911193322785	0.19273484430089124	0.09043926635040635	-0.19682199535643743	0.185482483128861	0.10733611065205349	-0.20468964494677383	0.18577061138961407	0.0856227816901097	-0.18189797775445404	0.20160989242247546	0.04542428443146559	-0.17457598619351114	0.2873378231153147	0.030000000000000058	0.20342263126335747	0.1777766689578708	0.15604984112546708	-y	+y	False	True	False	False	lh3	handbox_surface
box004_083_p2	box004	e091_box004_20231003_2_083_p2	E092_C1_WORK	48	64	right	True	0.05975612630373524	0.131777	-0.19539958513143776	-0.09153587934316666	0.0415455122525197	-0.2799265317940685	-0.1049476325599053	0.11999382166330595	-0.28804980861089896	-0.09656528679944372	0.07096362828156458	-0.28297276060037985	-0.08818294103898204	0.02193343489982319	-0.2778957125898608	-0.09153587934316666	0.0415455122525197	-0.2799265317940685	-0.08858540384868431	0.015969394514121358	-0.26181204964044763	-0.10159469425572067	0.10038174431060945	-0.2860189894066913	0.1892186868045898	0.030000000000000058	0.1518840941871999	0.15485593410126133	0.12459263315680613	+y	-z	True	False	False	False	rh	handbox_surface
box004_083_p2	box004	e091_box004_20231003_2_083_p2	E092_C1_WORK	49	65	left	True	0.07448055546768692	-0.131777	-0.16469264231081657	0.18548023799613295	0.10832172283689528	-0.20344607711563056	0.15690775240216392	0.1784248197991407	-0.22931437553830333	0.1747655558983946	0.1346103841977373	-0.21314668902413286	0.19262335939462522	0.09079594859633396	-0.1969790025099624	0.18548023799613295	0.10832172283689528	-0.20344607711563056	0.18546554006921548	0.08471628003887706	-0.18261834031610938	0.20119170078864318	0.04401030544107155	-0.17860273737517496	0.2887336392144084	0.029999999999999985	0.20404497361981855	0.18128167911652393	0.1589484600019783	-y	+y	False	True	False	False	lh3	handbox_surface
box004_083_p2	box004	e091_box004_20231003_2_083_p2	E092_C1_WORK	49	65	right	True	0.06416807970920568	0.131777	-0.19687539009969562	-0.08884857251809697	0.05361838193329485	-0.27652919573511725	-0.1019869431278944	0.13238750440364921	-0.28130502686382447	-0.09377546149677105	0.08315680285967776	-0.27832013240838244	-0.08556397986564762	0.033926101315706184	-0.27533523795294046	-0.08884857251809697	0.05361838193329485	-0.27652919573511725	-0.08633389308448314	0.027224351922371628	-0.25955836384524084	-0.09870235047544502	0.11269522378606066	-0.2801110690816477	0.1842371619092529	0.030000000000000037	0.14532136535209272	0.14980588137035422	0.11798751899809795	+y	-z	True	False	False	False	rh	handbox_surface
box004_083_p2	box004	e091_box004_20231003_2_083_p2	E092_C1_WORK	50	66	left	True	0.07659077867138733	-0.131777	-0.16612472898042852	0.18478096274375874	0.116902993709694	-0.19867419599151234	0.15524267951374165	0.18877476216810643	-0.21769888317642153	0.17370410653250234	0.14385490688159858	-0.20580845368585327	0.192165533551263	0.09893505159509086	-0.193918024195285	0.18478096274375874	0.116902993709694	-0.19867419599151234	0.18470006601043476	0.09114534640330138	-0.18057588593593726	0.201351080822863	0.05060955795160723	-0.18049146896191118	0.2949215905049045	0.02999999999999993	0.20953427899924776	0.1907167026854248	0.16812447540040792	-y	+y	False	True	False	False	lh3	handbox_surface
box004_083_p2	box004	e091_box004_20231003_2_083_p2	E092_C1_WORK	50	66	right	True	0.06439733964342308	0.131777	-0.19702523691976156	-0.09212099032362972	0.061891645615336936	-0.27118843355573796	-0.10595291492760077	0.14068679983293073	-0.27114927266087047	-0.09730796205011887	0.09143982844693463	-0.27117374822016266	-0.08866300917263693	0.042192857060938435	-0.27119822377945496	-0.09212099032362972	0.061891645615336936	-0.27118843355573796	-0.08976894516247749	0.03446371717225162	-0.25591904611593896	-0.10249493377660798	0.12098801127853222	-0.27115906288458735	0.18241078293995272	0.030000000000000058	0.14223532720472692	0.14752187461416055	0.11452100465773073	+y	-z	True	False	False	False	rh	handbox_surface
box004_083_p2	box004	e091_box004_20231003_2_083_p2	E092_C1_WORK	51	67	left	True	0.07952846685825886	-0.131777	-0.16768128307419317	0.18328108536066048	0.12469867351718006	-0.19817667291654886	0.1531936923366134	0.19747614800779986	-0.21225459846627817	0.1719983129766428	0.15199022645116253	-0.20345589499769734	0.1908029336166722	0.10650430489452518	-0.19465719152911648	0.18328108536066048	0.12469867351718006	-0.19817667291654886	0.18297239203504095	0.09750190261417561	-0.18232573834505092	0.20034294581680614	0.0573571224693681	-0.18498544779338685	0.3005899767244748	0.03000000000000008	0.2143627940001681	0.19755775482723448	0.17508787637360662	-y	+y	False	True	False	False	lh3	handbox_surface
box004_083_p2	box004	e091_box004_20231003_2_083_p2	E092_C1_WORK	51	67	right	True	0.06369355742628476	0.131777	-0.1949507161484248	-0.09126006369871438	0.0677117695600648	-0.2681460007859435	-0.10628454262542517	0.14617449419465586	-0.26391919633137306	-0.09689424329623098	0.09713529129803643	-0.2665609491154795	-0.08750394396703667	0.04809608840141707	-0.26920270189958606	-0.09126006369871438	0.0677117695600648	-0.2681460007859435	-0.08853435828606647	0.03954018177895807	-0.2543652265043342	-0.10252842289374746	0.12655881303600808	-0.2649758974450157	0.17921081214112608	0.030000000000000023	0.13808651408738465	0.14436265967892536	0.11114025054029118	+y	-z	True	False	False	False	rh	handbox_surface
box004_083_p2	box004	e091_box004_20231003_2_083_p2	E092_C1_WORK	52	68	left	True	0.0845607852351704	-0.131777	-0.16535483104039952	0.18438754349361236	0.12386783751801425	-0.1946887595942426	0.15659883988682471	0.19810437461413366	-0.20549267147053085	0.17396677964106702	0.15170653892905903	-0.19874022654785067	0.1913347193953092	0.10530870324398439	-0.19198778162517047	0.18438754349361236	0.12386783751801425	-0.1946887595942426	0.18284821601160448	0.09581552498325908	-0.1804862950804597	0.19932665033608893	0.055449862226051486	-0.18490082090944004	0.29911692247788235	0.030000000000000006	0.21138021684048536	0.1937231612147698	0.1715607908914335	-y	+y	False	True	False	False	lh3	handbox_surface
box004_083_p2	box004	e091_box004_20231003_2_083_p2	E092_C1_WORK	52	68	right	True	0.07078666912350653	0.131777	-0.19956159777198187	-0.08791165791823657	0.07502104484879113	-0.2676595865820749	-0.10177832888844182	0.1535094260422636	-0.26078285379446225	-0.09311165953206356	0.10445418779634327	-0.2650808117867201	-0.08444499017568524	0.05539894955042298	-0.269378769778978	-0.08791165791823657	0.07502104484879113	-0.2676595865820749	-0.08522355685343648	0.04642504054229195	-0.25477470325804347	-0.09831166114589052	0.13388733074389553	-0.26250203699136543	0.17861121355590925	0.02999999999999998	0.13656074653129197	0.1437672530881208	0.11040566417785835	+y	-z	True	False	False	False	rh	handbox_surface
box004_083_p2	box004	e091_box004_20231003_2_083_p2	E092_C1_WORK	53	69	left	True	0.08674500206388559	-0.131777	-0.1699261667522657	0.18444311397575092	0.12345078696107978	-0.2012332639173791	0.15688131887453288	0.1979728539564359	-0.2105503976793328	0.17410744081279414	0.1513965620843383	-0.20472718907811174	0.19133356275105537	0.10482027021224077	-0.19890398047689065	0.18444311397575092	0.12345078696107978	-0.2012332639173791	0.1825343926620972	0.09497636474630734	-0.1879450801290889	0.19918226822612636	0.0547708639150359	-0.19311997220728142	0.29837991407367453	0.030000000000000002	0.2103012658185836	0.1921610656979033	0.1700889340365343	-y	+y	False	True	False	False	lh3	handbox_surface
box004_083_p2	box004	e091_box004_20231003_2_083_p2	E092_C1_WORK	53	69	right	True	0.06955546716451634	0.131777	-0.1984184242570773	-0.09682553856318252	0.06709876741403621	-0.2769032831919347	-0.10890346310774329	0.1458280247973441	-0.2694314848428915	-0.10135476026739285	0.09662223893277665	-0.27410135881104347	-0.09380605742704236	0.04741645306820925	-0.27877123277919547	-0.09682553856318252	0.06709876741403621	-0.2769032831919347	-0.09403262756713596	0.03845921715736212	-0.2641379638786781	-0.10588398197160317	0.12614571045151715	-0.27129943443015225	0.19019482024813508	0.030000000000000002	0.1506496036200956	0.15538619638258375	0.12284216355016414	+y	-z	True	False	False	False	rh	handbox_surface
box004_083_p2	box004	e091_box004_20231003_2_083_p2	E092_C1_WORK	54	70	left	True	0.08475269156556064	-0.131777	-0.16941716812446986	0.18540649270070328	0.12288345680617997	-0.1996763224743409	0.15961587869134478	0.1982605015593238	-0.20696640843424816	0.1757350124471939	0.15114984858860897	-0.20241010470930612	0.19185414620304303	0.10403919561789407	-0.1978538009843641	0.18540649270070328	0.12288345680617997	-0.1996763224743409	0.1824118036922102	0.09391996807886759	-0.18771137682486305	0.198545698355358	0.05364599527065222	-0.19388536444643162	0.29902160161062136	0.030000000000000054	0.21055448909886387	0.19105865193157065	0.16913099337983273	-y	+y	False	True	False	False	lh3	handbox_surface
box004_083_p2	box004	e091_box004_20231003_2_083_p2	E092_C1_WORK	54	70	right	True	0.07226751799269433	0.131777	-0.1978175835364054	-0.101436796803135	0.06948923528642581	-0.2786114347690231	-0.11138804846226828	0.14837098635790752	-0.26974340577079586	-0.10516851617530998	0.09906989193823147	-0.27528592389468787	-0.09894898388835167	0.04976879751855546	-0.2808284420185799	-0.101436796803135	0.06948923528642581	-0.2786114347690231	-0.09863538947856332	0.04065518928706432	-0.26629366402045257	-0.10890023554748496	0.12865054859003708	-0.2719604130203526	0.1963533674193038	0.03000000000000004	0.15719854829744206	0.1617731664666941	0.1298800837155895	+y	-z	True	False	False	False	rh	handbox_surface
box004_083_p2	box004	e091_box004_20231003_2_083_p2	E092_C1_WORK	55	71	left	True	0.08354136163103489	-0.131777	-0.1710845300913008	0.18559208510310693	0.1200302973890194	-0.2029423850725288	0.15983528407877728	0.19561043194144892	-0.20786482979337156	0.1759332847189833	0.14837284784618046	-0.20478830184284483	0.1920312853591893	0.101135263750912	-0.20171177389231804	0.18559208510310693	0.1200302973890194	-0.2029423850725288	0.18237236695121742	0.09061476532401448	-0.1922012652861767	0.19872447654109818	0.050631484425361445	-0.19957414304520935	0.29691101180388646	0.030000000000000023	0.2087589886727843	0.18786127638773498	0.16587785452071024	-y	+y	False	True	False	False	lh3	handbox_surface
box004_083_p2	box004	e091_box004_20231003_2_083_p2	E092_C1_WORK	55	71	right	True	0.07155178788399799	0.131777	-0.1965451311525919	-0.10458144521036415	0.06531689937992276	-0.2782870278924997	-0.11414260877709426	0.1442535434502438	-0.26947848804950153	-0.10816688154788788	0.09491814090629316	-0.27498382545137545	-0.1021911543186816	0.04558273836234251	-0.2804891628532492	-0.10458144521036415	0.06531689937992276	-0.2782870278924997	-0.10118400489582276	0.036565678301419526	-0.2659257070201187	-0.1117523178854117	0.12451938243266354	-0.2716806230102511	0.19952444561846355	0.03000000000000001	0.16133542335033563	0.16501649021552414	0.13409918899365075	+y	-z	True	False	False	False	rh	handbox_surface
box004_083_p2	box004	e091_box004_20231003_2_083_p2	E092_C1_WORK	56	72	left	True	0.07988434980164283	-0.131777	-0.17066425025092	0.185711329354894	0.11488421141854424	-0.20551286489161966	0.1593728846500377	0.19032022448663677	-0.20947446342249226	0.17583441259057295	0.14317271631907894	-0.2069984643406969	0.19229594053110818	0.09602520815152113	-0.20452246525890155	0.185711329354894	0.11488421141854424	-0.20551286489161966	0.18261896082761883	0.08526756732990821	-0.1952999605188039	0.19939194760219162	0.04554989969083307	-0.2031477218481047	0.29346879930695075	0.03000000000000001	0.20627444369769782	0.1849363844269089	0.16270925217279772	-y	+y	False	True	False	False	lh3	handbox_surface
box004_083_p2	box004	e091_box004_20231003_2_083_p2	E092_C1_WORK	56	72	right	True	0.06629623231372694	0.131777	-0.19496603856426784	-0.12074985595630111	0.054664344138467096	-0.27748856563537505	-0.1280551627756105	0.13389898136635056	-0.26921180566293046	-0.12348934601354222	0.08437733309892338	-0.27438478064570826	-0.11892352925147379	0.0348556848314962	-0.2795577556284861	-0.12074985595630111	0.054664344138467096	-0.27748856563537505	-0.1170213392002367	0.0260217435690549	-0.2649714907643576	-0.1262288360707832	0.11409032205937966	-0.2712809956560415	0.21112231231479867	0.030000000000000016	0.1755124386904967	0.17535363853309568	0.14698679222705002	+y	-z	True	False	False	False	rh	handbox_surface
box004_083_p2	box004	e091_box004_20231003_2_083_p2	E092_C1_WORK	57	73	left	True	0.0790395390882581	-0.131777	-0.17165129531797807	0.1859907644680208	0.11030983442832308	-0.20756275075020583	0.1610381202638319	0.18610822970755356	-0.21321684840701105	0.17663352289144996	0.13873423265803447	-0.20968303737150779	0.19222892551906803	0.09136023560851542	-0.20614922633600452	0.1859907644680208	0.11030983442832308	-0.20756275075020583	0.18220907654286528	0.08092426255525663	-0.19692325978309283	0.19842282551253648	0.0408009748213892	-0.20382613539282765	0.2900815852003935	0.029999999999999968	0.2025711194101928	0.1811477022437092	0.15897754693735122	-y	+y	False	True	False	False	lh3	handbox_surface
box004_083_p2	box004	e091_box004_20231003_2_083_p2	E092_C1_WORK	57	73	right	True	0.06537477633099281	0.131777	-0.1941726361743867	-0.1216561252672688	0.051757139934332994	-0.2779784503416841	-0.12900178718755473	0.13117890958100217	-0.2717959138764235	-0.12441074848737606	0.08154030355183392	-0.27565999916721146	-0.1198197097871973	0.03190169752266571	-0.2795240844579993	-0.1216561252672688	0.051757139934332994	-0.2779784503416841	-0.11678984143796409	0.023570303122930035	-0.26483314394868657	-0.12716537170748327	0.11132346716933489	-0.2733415479927387	0.21256166500131973	0.029999999999999978	0.17706154112405242	0.1781499273250818	0.1517337882112868	+y	-z	True	False	False	False	rh	handbox_surface
box004_083_p2	box004	e091_box004_20231003_2_083_p2	E092_C1_WORK	58	74	left	True	0.07845562944393458	-0.131777	-0.16860274992499028	0.18653307138544567	0.10557062277411094	-0.21172285602998261	0.1638170935899502	0.1817935954543491	-0.22032766797343772	0.1780145797121348	0.13415423752920025	-0.21494966050877826	0.19221206583431955	0.0865148796040514	-0.20957165304411882	0.18653307138544567	0.10557062277411094	-0.21172285602998261	0.1818313963135896	0.0767137154328607	-0.2000530267198819	0.19692874062448307	0.03591803588284384	-0.2053630446784549	0.2877141703027147	0.03000000000000002	0.19954022229711565	0.17760078416827538	0.15560141343054268	-y	+x	False	False	False	False	lh3	handbox_surface
box004_083_p2	box004	e091_box004_20231003_2_083_p2	E092_C1_WORK	58	74	right	True	0.06532756231215135	0.131777	-0.19608934576781123	-0.11337104194142504	0.048460769029088566	-0.28110233790535494	-0.12183676100308125	0.12796586183091624	-0.27840570679563853	-0.11654568658954613	0.07827517882977397	-0.28009110123921127	-0.111254612176011	0.028584495828631647	-0.281776495682784	-0.11337104194142504	0.048460769029088566	-0.28110233790535494	-0.10713377953005748	0.021059093346198217	-0.26691705344267186	-0.11972033123766718	0.10808958863045931	-0.27907986457306766	0.20735625974844968	0.030000000000000054	0.17174815653050352	0.1753039364345837	0.15116349600542658	+y	-z	True	False	False	False	rh	handbox_surface
box004_083_p2	box004	e091_box004_20231003_2_083_p2	E092_C1_WORK	59	75	left	True	0.07357128338289358	-0.131777	-0.17297990887686618	0.18554201463081546	0.09795014377508426	-0.22130483378877294	0.16325355312843984	0.1739738197075225	-0.23242351993313123	0.17718384156742462	0.1264590222497486	-0.22547434109290726	0.19111413000640934	0.07894422479197467	-0.21852516225268337	0.18554201463081546	0.09795014377508426	-0.22130483378877294	0.18103839293455173	0.06970435955762445	-0.20815550561325982	0.195494238753837	0.0285350934911311	-0.21222166093555603	0.2831555593920063	0.03000000000000001	0.19554862140777063	0.1759082203690287	0.15367518379264658	-y	+x	False	False	False	False	lh3	handbox_surface
box004_083_p2	box004	e091_box004_20231003_2_083_p2	E092_C1_WORK	59	75	right	True	0.055512790418081846	0.131777	-0.1949080982828392	-0.11522006864281109	0.04083890737912923	-0.28338681312282976	-0.12405798830314752	0.12033219591794785	-0.2817411359486622	-0.11853428851543726	0.07064889058118617	-0.2827696841825169	-0.11301058872772694	0.020965585244424528	-0.2837982324163717	-0.11522006864281109	0.04083890737912923	-0.28338681312282976	-0.10712514127903414	0.013859135469587806	-0.26933186287069094	-0.12184850838806341	0.10045887378324321	-0.28215255524220406	0.20432496108702813	0.02999999999999999	0.17041042376696164	0.17424469856984806	0.1522868961985349	+y	-z	True	False	False	False	rh	handbox_surface
box004_083_p2	box004	e091_box004_20231003_2_083_p2	E092_C1_WORK	60	76	left	True	0.07087816114179911	-0.131777	-0.16865648549629206	0.18770756473013162	0.0891480725949077	-0.21883894687707905	0.16784028804236822	0.16458755614013157	-0.23656394728446278	0.18025733597222038	0.11743787892436663	-0.22548582202984802	0.19267438390207245	0.0702882017086017	-0.21440769677523322	0.18770756473013162	0.0891480725949077	-0.21883894687707905	0.18236409310518278	0.062335693438654416	-0.20323268528487257	0.19544850975094738	0.020514604245003513	-0.20368887121893758	0.2780313530066614	0.029999999999999995	0.1903286061909783	0.17270827000100608	0.1504161138559032	-y	+x	False	False	False	False	lh3	handbox_surface
box004_083_p2	box004	e091_box004_20231003_2_083_p2	E092_C1_WORK	60	76	right	True	0.05852770939819773	0.131777	-0.19285427985161369	-0.1185039472418772	0.037208633996225975	-0.2860266305059917	-0.12572918260188246	0.11686882582159874	-0.28745834707617957	-0.12121341050187913	0.06708120593074074	-0.2865635242198122	-0.11669763840187593	0.01729358603988273	-0.28566870136344474	-0.1185039472418772	0.037208633996225975	-0.2860266305059917	-0.10978237454119334	0.010731549128526826	-0.27140214027757187	-0.12392287376188119	0.09695377786525557	-0.28710041793363256	0.21277649878039764	0.029999999999999992	0.17896482573573652	0.1824517519182632	0.16096688627287759	+y	-z	True	False	False	False	rh	handbox_surface
box004_083_p2	box004	e091_box004_20231003_2_083_p2	E092_C1_WORK	61	77	left	True	0.06830368771591115	-0.131777	-0.1679488468762639	0.19218401821348932	0.08517294608386342	-0.21563480763571266	0.1751715330029717	0.1591455141730891	-0.24090602678411954	0.1858043362595452	0.11291265911732307	-0.22511151481636535	0.19643713951611871	0.06667980406155706	-0.209317002848611	0.19218401821348932	0.08517294608386342	-0.21563480763571266	0.18566121640452138	0.06016466431927832	-0.1976611973791799	0.1973534613642935	0.01810399192776671	-0.19383957315846972	0.27739322683359935	0.030000000000000093	0.18982203584557406	0.1727605993206894	0.1504239587267709	-y	+x	False	False	False	False	lh3	handbox_surface
box004_083_p2	box004	e091_box004_20231003_2_083_p2	E092_C1_WORK	61	77	right	True	0.05786937215555416	0.131777	-0.19531253399822976	-0.11691800022877458	0.03527202637997171	-0.2891066078936324	-0.12276721620690516	0.11483169668267854	-0.29511040117503196	-0.11911145622057354	0.06510690274348675	-0.2913580303741573	-0.11545569623424194	0.015382108804295011	-0.2876056595732826	-0.11691800022877458	0.03527202637997171	-0.2891066078936324	-0.10779833965580335	0.009562293130826658	-0.2733961344699128	-0.12130491221237248	0.09494177910700183	-0.29360945285468215	0.21211283048177831	0.030000000000000002	0.17827039023316182	0.18010895808900337	0.15857023429825068	+y	-z	True	False	False	False	rh	handbox_surface
box004_083_p2	box004	e091_box004_20231003_2_083_p2	E092_C1_WORK	62	78	left	True	0.06559565555844138	-0.131777	-0.16404731700652125	0.19676564837205562	0.07576705686370025	-0.20555625549421044	0.18265881319892915	0.14805021347475825	-0.23679953431925566	0.19147558518213312	0.10287324059284703	-0.2172724850536024	0.2002923571653372	0.057696267710935785	-0.19774543578794918	0.19676564837205562	0.07576705686370025	-0.20555625549421044	0.189089155985917	0.052441601417285794	-0.18585837848239542	0.19932928138200542	0.01046132796969335	-0.17856385731596827	0.27155001492540304	0.03000000000000007	0.1849018599548422	0.16774865146228693	0.14521164339469436	-y	+x	False	False	False	False	lh3	handbox_surface
box004_083_p2	box004	e091_box004_20231003_2_083_p2	E092_C1_WORK	62	78	right	True	0.05660888629886516	0.131777	-0.19496433832079615	-0.1186797880271385	0.03122133766124645	-0.2904593754127661	-0.12298937894277814	0.11062991906521327	-0.2991602159209824	-0.12029588462050333	0.060999555687734006	-0.29372219060334726	-0.11760239029822857	0.01136919231025474	-0.28828416528571216	-0.1186797880271385	0.03122133766124645	-0.2904593754127661	-0.10909654006986072	0.005879533447956695	-0.27443028043798917	-0.12191198121386819	0.09077777371422156	-0.29698500579392834	0.21461094563155986	0.030000000000000016	0.18142212329637292	0.17954829406195785	0.1573943351760226	+y	-z	True	False	False	False	rh	handbox_surface
box004_083_p2	box004	e091_box004_20231003_2_083_p2	E092_C1_WORK	63	79	left	True	0.06371802156703119	-0.131777	-0.16236341250957242	0.19940558601181183	0.07478262092892397	-0.20442696074731254	0.1869085932546248	0.146019928217207	-0.238618644273304	0.1947192137278667	0.1014966111620301	-0.21724884206955938	0.2025298342011086	0.056973294106853235	-0.19587903986581465	0.19940558601181183	0.07478262092892397	-0.20442696074731254	0.1909651770042782	0.05226711208680772	-0.18410891154775033	0.20055082537144028	0.010479126471253783	-0.17503735327559675	0.27311224870027057	0.030000000000000013	0.18668267813522876	0.1692877478437482	0.1467285879685147	-y	+x	False	False	False	False	lh3	handbox_surface
box004_083_p2	box004	e091_box004_20231003_2_083_p2	E092_C1_WORK	63	79	right	True	0.05438408435305335	0.131777	-0.19388550542392322	-0.12093410259841562	0.030290507187792762	-0.29146985512903245	-0.12486355614239922	0.10941847947607046	-0.30257496189984884	-0.1224076476774095	0.059963496795896874	-0.2956342701680885	-0.1199517392124198	0.010508514115723303	-0.28869357843632837	-0.12093410259841562	0.030290507187792762	-0.29146985512903245	-0.11070005569206726	0.00536758462601949	-0.27518827710955557	-0.12388119275640332	0.08963648640400101	-0.29979868520714475	0.21625287716869862	0.029999999999999968	0.1825674004568189	0.17999641910230108	0.15444605271384532	+y	-z	True	False	False	False	rh	handbox_surface
box004_083_p2	box004	e091_box004_20231003_2_083_p2	E092_C1_WORK	64	80	left	True	0.06736468507778051	-0.131777	-0.15916392403903942	0.2036706720700091	0.07682296941495476	-0.20012246676379	0.1934127481833699	0.14677949024057588	-0.23755053365897386	0.19982395061251934	0.10305666472456267	-0.2141579918494839	0.20623515304166887	0.059333839208549455	-0.19076545003999407	0.2036706720700091	0.07682296941495476	-0.20012246676379	0.19400963058602078	0.05509028255659921	-0.17949805488681717	0.20289329498434913	0.013643786061646844	-0.16837681390114131	0.2751665942811927	0.029999999999999978	0.18834222492268216	0.16992996629516532	0.14746534168062853	-y	+x	False	False	False	False	lh3	handbox_surface
box004_083_p2	box004	e091_box004_20231003_2_083_p2	E092_C1_WORK	64	80	right	True	0.044791835683231494	0.131777	-0.1938304472268668	-0.10831092102967929	0.02572344466924003	-0.2926507965982879	-0.11337279160746039	0.10441807828364233	-0.30612418171669015	-0.11020912249634719	0.055233932274640914	-0.2977033160176887	-0.10704545338523401	0.006049786265639449	-0.28928245031868727	-0.10831092102967929	0.02572344466924003	-0.2926507965982879	-0.09744182191742416	0.0014330938715389479	-0.27583356999820896	-0.11210732396301515	0.08474441988004175	-0.3027558354370895	0.20167724493415645	0.03000000000000002	0.16902734879303827	0.1634729901810289	0.13446557780753296	+y	-z	True	False	False	False	rh	handbox_surface
box004_083_p2	box004	e091_box004_20231003_2_083_p2	E092_C1_WORK	65	81	left	True	0.06589140758621732	-0.131777	-0.15792576882842993	0.206179844638909	0.07537706438194207	-0.19583777255427617	0.19703966751086657	0.14448679482423243	-0.23508445802275857	0.2027522782158931	0.10129321329780097	-0.21055527960495715	0.20846488892091958	0.058099631771369495	-0.18602610118715562	0.206179844638909	0.07537706438194207	-0.19583777255427617	0.19571389078089838	0.05389859389787877	-0.17534019022325692	0.2045168788186251	0.01278838146982743	-0.16297607271985887	0.27535883432490754	0.030000000000000086	0.18910240808366563	0.17180112136033784	0.14922561268899961	-y	+x	False	False	False	False	lh3	handbox_surface
box004_083_p2	box004	e091_box004_20231003_2_083_p2	E092_C1_WORK	65	81	right	True	0.04156236515595431	0.131777	-0.1927549428560742	-0.10999739374001201	0.024125701627683138	-0.2934161030245368	-0.11354800884335647	0.10254911028982751	-0.3088161714074434	-0.11132887440376617	0.05353447987598726	-0.29919112866812675	-0.10910973996417583	0.004519849462147076	-0.2895660859288102	-0.10999739374001201	0.024125701627683138	-0.2934161030245368	-0.09944122159717095	3.5107933021845305e-05	-0.27611904856329256	-0.11266035506752034	0.08294325812429144	-0.3049661543117167	0.20205515271747507	0.02999999999999997	0.1697017593179333	0.16288313967063298	0.1323011371820239	+y	-z	True	False	False	False	rh	handbox_surface
box004_083_p2	box004	e091_box004_20231003_2_083_p2	E092_C1_WORK	66	82	left	True	0.06648352137432036	-0.131777	-0.15781529654700405	0.20584116244220346	0.07753234545938381	-0.19461731254845752	0.19583049225142604	0.14603408643317503	-0.2347084333346253	0.20208716112066194	0.1032204983245555	-0.2096514828432704	0.20834382998989778	0.060406910215935965	-0.18459453235191556	0.20584116244220346	0.07753234545938381	-0.19461731254845752	0.19547141378018262	0.055980532464259936	-0.17414783685367163	0.20503077944456632	0.01521871171171387	-0.16120542351837738	0.2762230286217937	0.029999999999999968	0.19036665737304093	0.17377270845237647	0.1511352950854787	-y	+x	False	False	False	False	lh3	handbox_surface
box004_083_p2	box004	e091_box004_20231003_2_083_p2	E092_C1_WORK	66	82	right	True	0.04403161599303618	0.131777	-0.1930864073136539	-0.11162239575086347	0.026718114124510868	-0.2939801058825064	-0.11494955306199904	0.10489117631397327	-0.31065050996127447	-0.11287007974253932	0.05603301244555926	-0.3002315074120444	-0.11079060642307953	0.0071748485771452675	-0.2898125048628144	-0.11162239575086347	0.026718114124510868	-0.2939801058825064	-0.10089509565503497	0.002852300437849913	-0.2764779477974752	-0.11411776373421517	0.08534791076660767	-0.3064829089415825	0.2045369557083524	0.030000000000000006	0.17102387798642693	0.1662687415221443	0.13374424312559577	+y	-z	True	False	False	False	rh	handbox_surface
box004_083_p2	box004	e091_box004_20231003_2_083_p2	E092_C1_WORK	67	83	left	True	0.0660742512884913	-0.131777	-0.1582652487136806	0.20410717628808864	0.0818486770092198	-0.19323133347835614	0.19290977879704205	0.15061994864020387	-0.23253948133201274	0.1999081522289462	0.10763790387083881	-0.2079718889234774	0.2069065256608503	0.06465585910147381	-0.18340429651494208	0.20410717628808864	0.0818486770092198	-0.19323133347835614	0.19439312994738614	0.06020217625580981	-0.17254128575649227	0.2042757381263858	0.019336091377186063	-0.1601836675319641	0.2787503530354153	0.030000000000000044	0.19300528669974437	0.17547702312709101	0.15284850159016633	-y	+x	False	False	False	False	lh3	handbox_surface
box004_083_p2	box004	e091_box004_20231003_2_083_p2	E092_C1_WORK	67	83	right	True	0.051562702136014923	0.131777	-0.19416325710165963	-0.1123997722541389	0.037987165191792946	-0.2926842883739214	-0.11559494682433859	0.11662317694225308	-0.30704285778202905	-0.11359796271796377	0.06747566959821547	-0.29806875190196175	-0.11160097861158898	0.018328162254177847	-0.28909464602189444	-0.1123997722541389	0.037987165191792946	-0.2926842883739214	-0.1010290154262242	0.013521470476648033	-0.2764635226961994	-0.11479615318178864	0.09696417400463804	-0.30345321543000203	0.20544843186586584	0.029999999999999964	0.1702384936910638	0.16858755022117375	0.13406667439650397	+y	-z	True	False	False	False	rh	handbox_surface
box004_083_p2	box004	e091_box004_20231003_2_083_p2	E092_C1_WORK	68	84	left	True	0.06766187577502489	-0.131777	-0.15610664667920723	0.20177841224030973	0.08360055150914183	-0.19563307934339424	0.18929220949926145	0.15152827292109555	-0.23600533968251133	0.19709608621241664	0.10907344703862445	-0.21077267697056318	0.2048999629255719	0.06661862115615337	-0.18554001425861502	0.20177841224030973	0.08360055150914183	-0.19563307934339424	0.192883335779056	0.06254215948202475	-0.17398975460133123	0.2030019962611556	0.021886843000720253	-0.1611378474369191	0.27883781583219963	0.03	0.19302559162718147	0.17375967065011924	0.1511649558716416	-y	+x	False	False	False	False	lh3	handbox_surface
box004_083_p2	box004	e091_box004_20231003_2_083_p2	E092_C1_WORK	68	84	right	True	0.049251199731911874	0.131777	-0.19596672184528205	-0.11204846354196348	0.04307144753972477	-0.29194228492705193	-0.11553659726104554	0.12167179869838994	-0.3064273710811736	-0.11335651368661924	0.07254657922422422	-0.29737419223484757	-0.11117643011219296	0.023421359750058452	-0.2883210133885215	-0.11204846354196348	0.04307144753972477	-0.29194228492705193	-0.09984023702474969	0.018577874435215757	-0.2763858827149635	-0.11466456383127503	0.10202171090872367	-0.3028060995426432	0.20058161994382537	0.03000000000000002	0.16449308696977982	0.16387364530845916	0.1261117619621788	+y	-z	True	False	False	False	rh	handbox_surface
box004_083_p2	box004	e091_box004_20231003_2_083_p2	E092_C1_WORK	69	85	left	True	0.06648072773584213	-0.131777	-0.1553806463204339	0.20170920592471245	0.08360252069993343	-0.18918559362469603	0.1886428634464359	0.1484913068287696	-0.2341157185852006	0.19680932749535873	0.10793581549824702	-0.2060343904848852	0.20497579154428158	0.0673803241677244	-0.17795306238456984	0.20170920592471245	0.08360252069993343	-0.18918559362469603	0.19319714517184472	0.06422620896568287	-0.16588076298325313	0.20341454237524623	0.024551971683285028	-0.15032527339412027	0.2775132062213447	0.03000000000000002	0.1936268384967556	0.17192801571867994	0.1494793977523587	-y	+x	False	False	False	False	lh3	handbox_surface
box004_083_p2	box004	e091_box004_20231003_2_083_p2	E092_C1_WORK	69	85	right	True	0.04800215213135359	0.131777	-0.19518379832218255	-0.11962444969670896	0.04046892797592159	-0.2925931132228492	-0.1208764790034336	0.11866833653770958	-0.3094241833968359	-0.12009396068673066	0.06979370618659209	-0.2989047645380942	-0.1193114423700278	0.020919075835474577	-0.2883853456793525	-0.11962444969670896	0.04046892797592159	-0.2925931132228492	-0.10795433257664003	0.016081195327672163	-0.2764678401836977	-0.12056347167675245	0.09911848439726256	-0.30521641585333914	0.20701756130645455	0.03000000000000001	0.17129131633394734	0.169570253061977	0.1311041577017652	+y	-z	True	False	False	False	rh	handbox_surface
box004_083_p2	box004	e091_box004_20231003_2_083_p2	E092_C1_WORK	70	86	left	True	0.06501441041856586	-0.131777	-0.1598515586381618	0.2003492875475232	0.08067948815926643	-0.19217150627481963	0.18745875824268396	0.14652187109374953	-0.23574460421093124	0.19551533905820848	0.10537038175969755	-0.2085114180008615	0.20357191987373296	0.06421889242564562	-0.18127823179079164	0.2003492875475232	0.08067948815926643	-0.19217150627481963	0.1922066164334308	0.06126436729963065	-0.168767195666661	0.2018249049853526	0.021096744216886315	-0.15412260119893134	0.2750220990474885	0.03	0.19098065398810254	0.16792806570282084	0.14565938485804691	-y	+x	False	False	False	False	lh3	handbox_surface
box004_083_p2	box004	e091_box004_20231003_2_083_p2	E092_C1_WORK	70	86	right	True	0.05599980513311519	0.131777	-0.1950933626156204	-0.13451174529439472	0.046531298434361885	-0.29082550389794637	-0.13040310761833215	0.12515228207251686	-0.3050332492579891	-0.13297100616587126	0.07601416729866997	-0.2961534084079624	-0.13553890471341032	0.02687605252482314	-0.28727356755793576	-0.13451174529439472	0.046531298434361885	-0.29082550389794637	-0.12437505195915627	0.02083489244447343	-0.27572849308997655	-0.13143026703734778	0.1054970361629781	-0.3014813129179785	0.2214330460645473	0.029999999999999992	0.1870410857511174	0.1825679974822398	0.14700769669367825	+y	-z	True	False	False	False	rh	handbox_surface
box004_083_p2	box004	e091_box004_20231003_2_083_p2	E092_C1_WORK	71	87	left	True	0.06890078731157073	-0.131777	-0.1594720578515004	0.20056779659811674	0.08998008490023734	-0.1837386481819726	0.18804996356568526	0.15749271360160694	-0.22479164834034318	0.19587360921095492	0.11529732066325094	-0.19913352324136155	0.20369725485622459	0.07310192772489493	-0.17347539814238003	0.20056779659811674	0.08998008490023734	-0.1837386481819726	0.19261366801172142	0.06999921515746949	-0.1607493365641069	0.20167485401824228	0.029163907734011715	-0.14768081936831823	0.2806079992964756	0.029999999999999985	0.19564518360334654	0.16902826810265129	0.14735824266452816	-y	+x	False	False	False	False	lh3	handbox_surface
box004_083_p2	box004	e091_box004_20231003_2_083_p2	E092_C1_WORK	71	87	right	True	0.05603663587227754	0.131777	-0.19662301689678352	-0.13512401530589818	0.059197664484039646	-0.2883684923851837	-0.1295272910337768	0.13844022071503312	-0.2978180404907646	-0.13302524370385263	0.08891362307066221	-0.2919120729247765	-0.13652319637392848	0.039387025426291314	-0.2860061053587884	-0.13512401530589818	0.059197664484039646	-0.2883684923851837	-0.12529325990382606	0.03241350030013614	-0.2750665239180684	-0.13092647210180713	0.11862958165728478	-0.29545565346436936	0.21601311902139567	0.030000000000000016	0.1815265274205618	0.17767890258175012	0.1426142490615477	+y	-z	True	False	False	False	rh	handbox_surface
box004_083_p2	box004	e091_box004_20231003_2_083_p2	E092_C1_WORK	72	88	left	True	0.06631853760032128	-0.131777	-0.1588706754768232	0.201204491320461	0.09044888892816745	-0.1757883717252274	0.189548230821013	0.15885494868927233	-0.21559719711770992	0.19683339363316807	0.11610116133858174	-0.19071668124740837	0.204118556445323	0.07334737398789123	-0.16583616537710677	0.201204491320461	0.09044888892816745	-0.1757883717252274	0.19328576628689495	0.07037899906399851	-0.15286447413793652	0.20151898534883614	0.029126303393525323	-0.14058266768663988	0.2819430414062578	0.029999999999999978	0.19721118916254182	0.16912237783434333	0.14788794315827644	-y	+x	False	False	False	False	lh3	handbox_surface
box004_083_p2	box004	e091_box004_20231003_2_083_p2	E092_C1_WORK	72	88	right	True	0.05093701606466167	0.131777	-0.19826407270494925	-0.13687514704962808	0.06342341874714741	-0.28601487758531013	-0.129365234638737	0.1428085432565222	-0.29246493357047965	-0.13405892989554397	0.09319284043816295	-0.2884336485797487	-0.13875262515235084	0.043577137619803766	-0.28440236358901777	-0.13687514704962808	0.06342341874714741	-0.28601487758531013	-0.12738766519963224	0.03586625182867333	-0.2741166505123738	-0.13124271274145977	0.1229622621291785	-0.2908524195741873	0.2093866992056702	0.030000000000000023	0.17623258135236158	0.16982077871911042	0.13544997130525618	+y	-z	True	False	False	False	rh	handbox_surface
box004_083_p2	box004	e091_box004_20231003_2_083_p2	E092_C1_WORK	73	89	left	True	0.06797481245547898	-0.131777	-0.15962436619560838	0.20165246640459145	0.09470742803201396	-0.1732456225290509	0.1909968119172379	0.1648852481116722	-0.21014454658264983	0.1976565959718339	0.1210241105618858	-0.18708271904915053	0.20431638002642985	0.07716297301209941	-0.16402089151565125	0.20165246640459145	0.09470742803201396	-0.1732456225290509	0.19363092666651072	0.07394084067952329	-0.1509876910018074	0.20106636469809205	0.03205376009551955	-0.14047102292977093	0.28544654073702697	0.03000000000000002	0.19952808420073836	0.16979554771459682	0.1488761976769605	-y	+x	False	False	False	False	lh3	handbox_surface
box004_083_p2	box004	e091_box004_20231003_2_083_p2	E092_C1_WORK	73	89	right	True	0.05588296904572978	0.131777	-0.20082229560061288	-0.13880797503127953	0.07520758130969563	-0.28353845530133887	-0.12929839753048572	0.15458240075493526	-0.2865725900696054	-0.1352418834684819	0.10497313860166049	-0.2846762558394388	-0.14118536940647805	0.05536387644838572	-0.28277992160927223	-0.13880797503127953	0.07520758130969563	-0.28353845530133887	-0.12968418981676347	0.04687637288165987	-0.27328776067744287	-0.13167579190568418	0.13473869589362536	-0.2858140563775387	0.21042491031761223	0.03	0.1766979222053071	0.17151867357760153	0.13690810272895662	+y	-z	True	False	False	False	rh	handbox_surface
box004_083_p2	box004	e091_box004_20231003_2_083_p2	E092_C1_WORK	74	90	left	True	0.06919750145349893	-0.131777	-0.1601317191415168	0.20023165304315846	0.09824544802893859	-0.17375998681317562	0.18954670363389228	0.17051024003357887	-0.20637335359195993	0.1962247970146836	0.1253447450306787	-0.1859899993552197	0.20290289039547502	0.08017925002777852	-0.16560664511847956	0.20023165304315846	0.09824544802893859	-0.17375998681317562	0.1925718470042601	0.07638441279029992	-0.1524425227132609	0.19967250555771707	0.03387771292846067	-0.14449427253649627	0.2879516908108377	0.03000000000000002	0.20066423313352166	0.17035271915874295	0.14952587118611532	-y	+x	False	False	False	False	lh3	handbox_surface
box004_083_p2	box004	e091_box004_20231003_2_083_p2	E092_C1_WORK	74	90	right	True	0.06318984518686581	0.131777	-0.1984982536154768	-0.15815944257047712	0.08349173651987978	-0.27996886552895717	-0.14471646127012056	0.1623476180429878	-0.2789509249747946	-0.1531183245828434	0.11306269209104526	-0.27958713782114625	-0.16152018789556621	0.0637777661391027	-0.2802233506674978	-0.15815944257047712	0.08349173651987978	-0.27996886552895717	-0.1500215576678356	0.054187743506595346	-0.2718430799857288	-0.14807720659520965	0.1426336476622108	-0.2792054101133353	0.23176465815855737	0.029999999999999964	0.19859100197259538	0.19120014556437784	0.1580983179893528	+y	-z	True	False	False	False	rh	handbox_surface
box004_083_p2	box004	e091_box004_20231003_2_083_p2	E092_C1_WORK	75	91	left	True	0.060976056295208164	-0.131777	-0.16179491015666275	0.20209573408207643	0.09330589155878297	-0.16777162985669944	0.19391843741287468	0.1667308866614748	-0.1984620504037292	0.19902924783112577	0.12084026472229238	-0.17928053756183562	0.20414005824937687	0.07494964278311003	-0.16009902471994203	0.20209573408207643	0.09330589155878297	-0.16777162985669944	0.1939055523611618	0.07127972252306786	-0.1468245401567388	0.1993181943621486	0.028328681295217848	-0.14001829817438308	0.2884092808749019	0.03	0.20146513141849964	0.1706758378625967	0.15001494167710835	-y	+x	False	False	False	False	lh3	handbox_surface
box004_083_p2	box004	e091_box004_20231003_2_083_p2	E092_C1_WORK	75	91	right	True	0.0734992311213268	0.131777	-0.1961299502802216	-0.1737895340174898	0.0932345023819038	-0.27596826868747115	-0.153663788492314	0.1705250695707477	-0.2713723367164045	-0.1662423794455489	0.12221846507772025	-0.27424479419832115	-0.17882097039878375	0.07391186058469286	-0.27711725168023776	-0.1737895340174898	0.0932345023819038	-0.27596826868747115	-0.16746296123962454	0.06288661500005568	-0.2704948989529441	-0.158695224873608	0.15120242777353676	-0.2725213197091712	0.25232783094103783	0.02999999999999998	0.22124306708699343	0.2069254153871301	0.1763791350667366	+y	-z	True	False	False	False	rh	handbox_surface
box004_083_p2	box004	e091_box004_20231003_2_083_p2	E092_C1_WORK	76	92	left	True	0.05878924901942053	-0.131777	-0.1575861822754838	0.20173169991060222	0.09560210149301411	-0.16071389978920086	0.19204657845110135	0.16755719951493994	-0.19430946930319726	0.19809977936328937	0.12258526325123628	-0.17331223835694948	0.20415298027547746	0.07761332698753264	-0.15231500741070172	0.20173169991060222	0.09560210149301411	-0.16071389978920086	0.19370631882022382	0.07410424859222159	-0.13916285932894037	0.20028157745452385	0.03162615448440838	-0.13063109158892713	0.2904391393577295	0.029999999999999978	0.20495628779279806	0.1749327628497396	0.15418947705702785	-y	+x	False	False	False	False	lh3	handbox_surface
box004_083_p2	box004	e091_box004_20231003_2_083_p2	E092_C1_WORK	76	92	right	True	0.06571269439250119	0.131777	-0.19652413625862108	-0.19470171580516765	0.09470699819834016	-0.2223528479196707	-0.17309119893001365	0.17119076994316107	-0.2314752500197115	-0.1865977719769849	0.12338841260264803	-0.22577374870718603	-0.20010434502395616	0.07558605526213498	-0.2200722473946605	-0.19470171580516765	0.09470699819834016	-0.2223528479196707	-0.18903573942612384	0.0657357899025753	-0.21141925887209254	-0.17849382814880213	0.15206982700695582	-0.2291946494947013	0.2541387016306289	0.03000000000000005	0.22270979860052614	0.21205154267696508	0.1893763227421852	+y	-x	True	False	False	False	rh	handbox_surface
box004_083_p2	box004	e091_box004_20231003_2_083_p2	E092_C1_WORK	77	93	left	True	0.059365817523496026	-0.131777	-0.15096605308551198	0.20177875607702042	0.09806504208547726	-0.15581174854987562	0.19181350109723072	0.17040746198932405	-0.18848081611605036	0.19804178545959927	0.1251934495494198	-0.16806264888719122	0.20427006982196785	0.07997943710951555	-0.14764448165833202	0.20177875607702042	0.09806504208547726	-0.15581174854987562	0.1939699707011355	0.07633604337798675	-0.13441349506897346	0.20058081790823326	0.03375568412076566	-0.1264370754059861	0.2925015036075063	0.030000000000000034	0.20661072430481398	0.17637536596896825	0.15564227621807736	-y	+x	False	False	False	False	lh3	handbox_surface
box004_083_p2	box004	e091_box004_20231003_2_083_p2	E092_C1_WORK	77	93	right	True	0.06468436883064443	0.131777	-0.19897539358171362	-0.19450406164068226	0.09520387926534969	-0.21193680089150094	-0.1737010268113298	0.1716724345271813	-0.22288183620697424	-0.18670292357967508	0.12387958748853654	-0.2160411891348034	-0.19970482034802034	0.07608674044989175	-0.20920054206263256	-0.19450406164068226	0.09520387926534969	-0.21193680089150094	-0.1886601661236066	0.06662958155364314	-0.20009045278864382	-0.1789017855186679	0.1525552957117234	-0.22014557737810586	0.25208962947258967	0.03000000000000001	0.22038417487857354	0.21184456565718393	0.19164697711238574	+y	-x	True	False	False	False	rh	handbox_surface
box004_083_p2	box004	e091_box004_20231003_2_083_p2	E092_C1_WORK	78	94	left	True	0.061627399501832526	-0.131777	-0.14694525353939766	0.20215885851562007	0.099470114329122	-0.1517202411092776	0.19206966436128092	0.1722311661979707	-0.1834067917617986	0.1983754107077429	0.1267555087799403	-0.163602697603973	0.20468115705420484	0.08127985136190988	-0.14379860344614734	0.20215885851562007	0.099470114329122	-0.1517202411092776	0.19423279017674136	0.0773542211278879	-0.13076608938441098	0.20106783090632355	0.03470707668093101	-0.12335549867549625	0.29294461440276753	0.03000000000000009	0.20664664593349596	0.17681158746780118	0.15590104721600212	-y	+x	False	False	False	False	lh3	handbox_surface
box004_083_p2	box004	e091_box004_20231003_2_083_p2	E092_C1_WORK	78	94	right	True	0.06763691947816063	0.131777	-0.20088650221746085	-0.19489466874651865	0.09722541163284905	-0.20760720111323347	-0.17474970545563248	0.1735819254714019	-0.22040810922288465	-0.18734030751243635	0.12585910432230632	-0.21240754165435266	-0.19993090956924017	0.07813628317321082	-0.20440697408582068	-0.19489466874651865	0.09722541163284905	-0.20760720111323347	-0.18907932604173852	0.06914681977537115	-0.19461674167436302	-0.179785946278354	0.15449279701176366	-0.21720788219547188	0.2553059774521014	0.029999999999999943	0.22291438834368338	0.21717127463033795	0.1981730409973754	+y	-x	True	False	False	False	rh	handbox_surface
box004_083_p2	box004	e091_box004_20231003_2_083_p2	E092_C1_WORK	79	95	left	True	0.06341632585198162	-0.131777	-0.14184015547361845	0.2022937995323595	0.0987102992033121	-0.14618451523678935	0.19195134479184245	0.17148157938829547	-0.177765750332634	0.1984153790046656	0.12599952927268088	-0.15802747839773118	0.20487941321748873	0.08051747915706627	-0.13828920646282827	0.2022937995323595	0.0987102992033121	-0.14618451523678935	0.19428598330386765	0.07644585739349864	-0.1254196103235028	0.2014273911181299	0.03384071480955311	-0.1180564801642726	0.2914369791557687	0.030000000000000054	0.205134004410287	0.17581967441351498	0.15474731217022936	-y	+x	False	False	False	False	lh3	handbox_surface
box004_083_p2	box004	e091_box004_20231003_2_083_p2	E092_C1_WORK	79	95	right	True	0.06296144604142836	0.131777	-0.20252037740705098	-0.19468191768999615	0.09592656475004414	-0.20325529515694613	-0.17527241351904208	0.1721249001252531	-0.21798909418791226	-0.18740335362588842	0.12450094051574752	-0.2087804697935584	-0.19953429373273468	0.0768769809062419	-0.19957184539920453	-0.19468191768999615	0.09592656475004414	-0.20325529515694613	-0.18904322282592884	0.06848452902665397	-0.18889850709373646	-0.18012478956178063	0.1530753162814509	-0.21430564443017075	0.2505487232271633	0.03000000000000001	0.21819157208436185	0.21436807105024058	0.19656977997686054	+y	-x	True	False	False	False	rh	handbox_surface
box004_083_p2	box004	e091_box004_20231003_2_083_p2	E092_C1_WORK	80	96	left	True	0.06306130946810769	-0.131777	-0.1422838791395863	0.2006658698993762	0.09956124914677604	-0.15017936047162941	0.1894196618857127	0.17105312371164313	-0.18427385675057045	0.19644854189425237	0.12637070210860119	-0.16296479657623228	0.20347742190279208	0.08168828050555929	-0.14165573640189408	0.2006658698993762	0.09956124914677604	-0.15017936047162941	0.19324683316887292	0.07812815141527092	-0.12834837374329078	0.20060829838327549	0.03583772824017511	-0.11953120279801821	0.29130755263857955	0.02999999999999999	0.20550832701868244	0.17514347913160522	0.1544679989239286	-y	+x	False	False	False	False	lh3	handbox_surface
box004_083_p2	box004	e091_box004_20231003_2_083_p2	E092_C1_WORK	80	96	right	True	0.06098668283436994	0.131777	-0.1973954273505982	-0.1972430450488117	0.09622889322844594	-0.1953712348963496	-0.1786481999241434	0.1713138668627789	-0.21577903901931028	-0.1902699781270611	0.12438575834132079	-0.20302416144245988	-0.2018917563299788	0.07745764981986272	-0.19026928386560943	-0.1972430450488117	0.09622889322844594	-0.1953712348963496	-0.19156368889438383	0.07015103220675217	-0.17867789352590527	-0.18329691120531044	0.15254262345419567	-0.21067708798857007	0.2514283651027094	0.030000000000000013	0.2185264372504972	0.21674252496758717	0.19834301697937126	+y	-x	True	False	False	False	rh	handbox_surface
box004_083_p2	box004	e091_box004_20231003_2_083_p2	E092_C1_WORK	81	97	left	True	0.06272814225020722	-0.131777	-0.14940244635781688	0.19806270999839412	0.10780471788183872	-0.14901964937927267	0.1857240469313778	0.17863295273898128	-0.18410694823142293	0.19343571134826304	0.13436530595326715	-0.16217738644882906	0.20114737576514816	0.09009765916755308	-0.1402478246662351	0.19806270999839412	0.10780471788183872	-0.14901964937927267	0.19174807531529223	0.08703297382292065	-0.12622333819786724	0.19901804957525301	0.04484927355514645	-0.11683736611780039	0.2967817291073937	0.029999999999999992	0.21167165625244466	0.1781976985065424	0.15917085088551813	-y	+x	False	False	False	False	lh3	handbox_surface
box004_083_p2	box004	e091_box004_20231003_2_083_p2	E092_C1_WORK	81	97	right	True	0.07487849354160732	0.131777	-0.19015793484801471	-0.19780563861026043	0.1010168366434828	-0.18629238220963737	-0.18033272934405645	0.17624512092231262	-0.20715868725481912	-0.1912532976354339	0.129227443248044	-0.1941172466015805	-0.20217386592681139	0.08220976557377532	-0.1810758059483419	-0.19780563861026043	0.1010168366434828	-0.18629238220963737	-0.19182155761202718	0.07517681019701714	-0.16933769625682948	-0.18470095666060737	0.15743804985260512	-0.20194211099352372	0.26617345221545596	0.030000000000000044	0.23159795042051085	0.23355698900737173	0.21365949324255923	+y	-x	True	False	False	False	rh	handbox_surface
box004_083_p2	box004	e091_box004_20231003_2_083_p2	E092_C1_WORK	82	98	left	True	0.06862013569156909	-0.131777	-0.13718907252233228	0.19921250938239526	0.10487689227544147	-0.1404080402015603	0.18691947486038693	0.17722571784620036	-0.17225970798792	0.1946026214366422	0.13200770186447608	-0.1523524156214452	0.20228576801289735	0.08678968588275172	-0.1324451232549704	0.19921250938239526	0.10487689227544147	-0.1404080402015603	0.19243134704828643	0.08285282479609138	-0.1189611743472403	0.20009897715615046	0.04035951630549526	-0.11148188641577834	0.29271809412159594	0.03000000000000003	0.20624285842981321	0.1743537076418634	0.1541628115341566	-y	+x	False	False	False	False	lh3	handbox_surface
box004_083_p2	box004	e091_box004_20231003_2_083_p2	E092_C1_WORK	82	98	right	True	0.07005825397969119	0.131777	-0.1968835601476806	-0.19511078422331335	0.10123706847924069	-0.18697252531734831	-0.17789201608493857	0.1773264716723679	-0.2046902211469593	-0.18865374617142278	0.1297705946766634	-0.19361666125345245	-0.19941547625790706	0.08221471768095888	-0.1825431013599456	-0.19511078422331335	0.10123706847924069	-0.18697252531734831	-0.18959098996705773	0.07500982404957322	-0.17046067839155332	-0.18219670811953226	0.1583041208740861	-0.20026079718955656	0.25874040525765707	0.030000000000000034	0.22436865687443408	0.22708084034122103	0.2070823021533166	+y	-x	True	False	False	False	rh	handbox_surface
box004_083_p2	box004	e091_box004_20231003_2_083_p2	E092_C1_WORK	83	99	left	True	0.06598646976240256	-0.131777	-0.13739112161437386	0.19953723732464407	0.10080241704738852	-0.13808734754106627	0.18777354540775434	0.1736648386452051	-0.16895291203268933	0.19512585285581038	0.12812582514656976	-0.14966193422542487	0.20247816030386648	0.0825868116479344	-0.13037095641816046	0.19953723732464407	0.10080241704738852	-0.13808734754106627	0.19253581830545377	0.07850709856955738	-0.11699444182375211	0.19994928099007847	0.03587150544028628	-0.11009079529103993	0.2904772480368297	0.030000000000000023	0.20422648967108042	0.17302447774714175	0.15258835530977313	-y	+x	False	False	False	False	lh3	handbox_surface
box004_083_p2	box004	e091_box004_20231003_2_083_p2	E092_C1_WORK	83	99	right	True	0.08076586632861592	0.131777	-0.19729558265269095	-0.19895794252226645	0.10422973322889538	-0.18671950277245908	-0.18042682955671738	0.18025032543686692	-0.2033768558817427	-0.19200877516018552	0.1327374553068847	-0.19296601018844045	-0.20359072076365373	0.08522458517690253	-0.18255516449513817	-0.19895794252226645	0.10422973322889538	-0.18671950277245908	-0.19416944093474595	0.07781640814811124	-0.1702761430601335	-0.18505960779810463	0.16124517738487407	-0.1992125176044218	0.2728106902441029	0.030000000000000002	0.23851876174017655	0.2402429171022252	0.22099201108400224	+y	-x	True	False	False	False	rh	handbox_surface
box004_083_p2	box004	e091_box004_20231003_2_083_p2	E092_C1_WORK	84	100	left	True	0.08667148123808188	-0.131777	-0.13047643752927499	0.20803097923632538	0.10086825235177281	-0.153344087052636	0.19826241246430396	0.17343820143352487	-0.18556485044353796	0.20436776669681733	0.12808198325742987	-0.16542687332422432	0.2104731209293307	0.08272576508133479	-0.14528889620491056	0.20803097923632538	0.10086825235177281	-0.153344087052636	0.19949000499280758	0.07863837508435159	-0.1327553502881656	0.206659408096493	0.03611194252910202	-0.12497616272323442	0.2874032702538825	0.030000000000000103	0.19810822467181033	0.16888422976779882	0.14800869128121072	-y	+x	False	False	False	False	lh3	handbox_surface
box004_083_p2	box004	e091_box004_20231003_2_083_p2	E092_C1_WORK	84	100	right	True	0.08251352555563063	0.131777	-0.20843963889982897	-0.2026047018511741	0.09376109841817494	-0.20196713467126737	-0.1828340621414297	0.1692502322862687	-0.2195884987873766	-0.19519071196001994	0.12206952361871012	-0.20857514621480833	-0.20754736177861022	0.07488881495115153	-0.19756179364224005	-0.2026047018511741	0.09376109841817494	-0.20196713467126737	-0.1985142072968937	0.06761823195310807	-0.18491439426988657	-0.1877767220688658	0.1503779488192453	-0.21518315775834929	0.2778738868517058	0.030000000000000034	0.2457869359466831	0.24164456347970484	0.22606402166364636	+y	-x	True	False	False	False	rh	handbox_surface
box004_083_p2	box004	e091_box004_20231003_2_083_p2	E092_C1_WORK	85	101	left	True	0.11032189860946622	-0.131777	-0.12843653414927175	0.2237129821389544	0.10623534552723407	-0.15562966800354883	0.21817773146874217	0.17767243290279344	-0.1912120168202671	0.22163726313762483	0.13302425329306883	-0.1689730488098182	0.2250967948065075	0.08837607368334419	-0.14673408079936928	0.2237129821389544	0.10623534552723407	-0.15562966800354883	0.21246800987355302	0.08455880431822162	-0.13576286338191837	0.21872125341207388	0.04237046383828903	-0.12569040396492742	0.2900931284026589	0.030000000000000006	0.19894869524196762	0.16982178900022363	0.14958356962932376	-y	+x	False	False	False	False	lh3	handbox_surface
box004_083_p2	box004	e091_box004_20231003_2_083_p2	E092_C1_WORK	85	101	right	True	0.05493990582410625	0.131777	-0.19861060930520552	-0.20651173453761315	0.08649010545311288	-0.19964910481646753	-0.18330005502177393	0.16095146341416722	-0.21744584903134312	-0.19780735471917338	0.11441311468850826	-0.2063228838970459	-0.2123146544165729	0.0678747659628493	-0.19519991876274864	-0.20651173453761315	0.08649010545311288	-0.19964910481646753	-0.20401926610863422	0.06044301163255689	-0.18214727426822208	-0.18910297490073372	0.14233612392390366	-0.2129966629776242	0.25346037442689756	0.030000000000000047	0.22480925802154855	0.21287597675170222	0.2019819678013446	+y	-x	True	False	False	False	rh	handbox_surface
box004_083_p2	box004	e091_box004_20231003_2_083_p2	E092_C1_WORK	86	102	left	False	nan	nan	nan	0.16063354884544107	0.21870354036589157	-0.1422375040409778	0.1752139255044546	0.2731714497424792	-0.1989883583484253	0.16610119009257113	0.2391290063821119	-0.16351907440627056	0.1569884546806877	0.20508656302174466	-0.12804979046411588	0.16063354884544107	0.21870354036589157	-0.1422375040409778	0.1415381309394624	0.20604471456635853	-0.12064743895810205	0.138590513429576	0.16986239971231729	-0.09610023527360596	nan	0.02999999999999995	nan	nan	nan		+y	False	True	False	False	lh3	NA
box004_083_p2	box004	e091_box004_20231003_2_083_p2	E092_C1_WORK	86	102	right	True	0.11862835178767511	0.131777	-0.21974220796800487	-0.22854372141614848	0.12968022932699594	-0.22638470307957279	-0.20511724144491664	0.20408161956027807	-0.2441507709481912	-0.21975879142693655	0.15758075066447674	-0.23304697853030468	-0.23440034140895635	0.1110798817686754	-0.22194318611241814	-0.22854372141614848	0.12968022932699594	-0.22638470307957279	-0.22652708856660236	0.10383160908681553	-0.2085308633935313	-0.21097386143772462	0.18548127200195755	-0.23970925398103662	0.33963025360090643	0.03000000000000003	0.3036417300432671	0.3057477386549013	0.28688770485044307	+y	-x	True	False	False	False	rh	handbox_surface
box004_083_p2	box004	e091_box004_20231003_2_083_p2	E092_C1_WORK	87	103	left	False	nan	nan	nan	0.13296160580022018	0.3002174253814322	-0.16269827448259552	0.16057934505932436	0.3351680277949419	-0.22914912751812025	0.14331825802238424	0.31332390128649834	-0.1876173443709173	0.12605717098544408	0.29147977477805476	-0.1460855612237143	0.13296160580022018	0.3002174253814322	-0.16269827448259552	0.1100669411747401	0.2957508807113753	-0.14155835782460277	0.09991818530160042	0.268285357554646	-0.10895373609908224	nan	0.029999999999999992	nan	nan	nan		+y	False	True	False	False	lh3	NA
box004_083_p2	box004	e091_box004_20231003_2_083_p2	E092_C1_WORK	87	103	right	False	nan	nan	nan	-0.23564618592955522	0.14100652688719217	-0.29859246650220167	-0.2117586421038808	0.2166774694788603	-0.30875581719303924	-0.22668835699492734	0.16938313035906769	-0.3024037230112658	-0.2416180718859738	0.12208879123927509	-0.2960516288294923	-0.23564618592955522	0.14100652688719217	-0.29859246650220167	-0.23406459647070782	0.11359227690938638	-0.28319977210375935	-0.24708150074305524	0.07202843113234059	-0.28804467615774204	nan	0.029999999999999954	nan	nan	nan		-z	False	False	False	False	rh3	NA
box004_083_p2	box004	e091_box004_20231003_2_083_p2	E092_C1_WORK	88	104	left	False	nan	nan	nan	0.11713362995976609	0.3499459880466183	-0.17413607508693993	0.1503613139791663	0.3715885003954696	-0.24361645126566198	0.12959401146704114	0.35806193017743754	-0.20019121615396065	0.1088267089549161	0.3445353599594055	-0.15676598104225942	0.11713362995976609	0.3499459880466183	-0.17413607508693993	0.09321615817176254	0.35096111885051234	-0.1536925964536266	0.07924026717472679	0.32986611749298705	-0.11791426565865121	nan	0.029999999999999975	nan	nan	nan		+y	False	True	False	False	lh3	NA
box004_083_p2	box004	e091_box004_20231003_2_083_p2	E092_C1_WORK	88	104	right	False	nan	nan	nan	-0.235518229371924	0.1396799366774882	-0.35935559770799796	-0.21078810597541403	0.2157117527428355	-0.3621094936026529	-0.22624443309823278	0.16819186770199346	-0.36038830866849353	-0.24170076022105144	0.12067198266115138	-0.3586671237343342	-0.235518229371924	0.1396799366774882	-0.35935559770799796	-0.23476974489446215	0.11106625057624792	-0.34625314348779607	-0.24778859822412763	0.07017114911324329	-0.3551169069219712	nan	0.030000000000000023	nan	nan	nan		-z	False	False	False	False	rh3	NA
box004_083_p2	box004	e091_box004_20231003_2_083_p2	E092_C1_WORK	89	105	left	False	nan	nan	nan	0.10473122571144557	0.3981915343528874	-0.18822938988351	0.13995501099071603	0.40532965389418796	-0.2597019874298002	0.11794014519117199	0.40086832918087506	-0.21503161396336887	0.09592527939162794	0.3964070044675622	-0.1703612404969375	0.10473122571144557	0.3981915343528874	-0.18822938988351	0.08118009253637588	0.40497666591280607	-0.16847292557953022	0.06499903071652194	0.3911653843762846	-0.13016058674971315	nan	0.030000000000000058	nan	nan	nan		+y	False	True	False	False	lh3	NA
box004_083_p2	box004	e091_box004_20231003_2_083_p2	E092_C1_WORK	89	105	right	False	nan	nan	nan	-0.23680698654791907	0.14881934381399575	-0.42622484722446197	-0.21064530598084652	0.2242375320078005	-0.4209652503320828	-0.22699635633526694	0.17710116438667256	-0.4242524983898198	-0.24334740668968727	0.1299647967655446	-0.4275397464475568	-0.23680698654791907	0.14881934381399575	-0.42622484722446197	-0.23734492780864946	0.11918648529627804	-0.4156143861989114	-0.25051028745095294	0.07949390622992544	-0.4287154793004795	nan	0.030000000000000037	nan	nan	nan		-z	False	False	False	False	rh3	NA
box004_083_p2	box004	e091_box004_20231003_2_083_p2	E092_C1_WORK	90	106	left	False	nan	nan	nan	0.08969155971936807	0.4451001293253175	-0.1936174686794854	0.1265679117495801	0.44010353294332133	-0.2644353243766138	0.10352019173069758	0.44322640568206895	-0.22017416456590855	0.08047247171181504	0.4463492784208166	-0.17591300475520327	0.08969155971936807	0.4451001293253175	-0.1936174686794854	0.06674270261220173	0.45662874457696667	-0.17541162473409233	0.04855051566938366	0.44915475516307657	-0.13625045286209234	nan	0.030000000000000002	nan	nan	nan		+y	False	True	False	False	lh3	NA
box004_083_p2	box004	e091_box004_20231003_2_083_p2	E092_C1_WORK	90	106	right	False	nan	nan	nan	-0.24252794319747115	0.17710122663595743	-0.482861088000913	-0.21458722552054352	0.25077759282647544	-0.4690368570762314	-0.2320501740686233	0.20472986395740167	-0.47767700140415736	-0.24951312261670305	0.1586821350883279	-0.4863171457320834	-0.24252794319747115	0.17710122663595743	-0.482861088000913	-0.2448173759147376	0.14671797811590412	-0.4749494336159193	-0.25809266163444694	0.10879336617185008	-0.49244105349112804	nan	0.030000000000000002	nan	nan	nan		-z	False	False	False	False	rh3	NA
box004_083_p2	box004	e091_box004_20231003_2_083_p2	E092_C1_WORK	91	107	left	False	nan	nan	nan	0.09141126575912063	0.47993845869460966	-0.19013365371496926	0.1281940932991312	0.4671160251983272	-0.26000932041944697	0.10520482608662456	0.47513004613350374	-0.21633702872914842	0.08221555887411798	0.4831440670686803	-0.17266473703884985	0.09141126575912063	0.47993845869460966	-0.19013365371496926	0.06931076504576059	0.4944466600322097	-0.17304296244527126	0.05037979774091407	0.4911888115961577	-0.13365491265373877	nan	0.03	nan	nan	nan		+y	False	True	False	False	lh3	NA
box004_083_p2	box004	e091_box004_20231003_2_083_p2	E092_C1_WORK	91	107	right	False	nan	nan	nan	-0.23382678185455966	0.21425139659766304	-0.5224436635893641	-0.20456876207555696	0.2856954697513811	-0.5014743362320624	-0.22285502443743369	0.2410429240303073	-0.5145801658303759	-0.24114128679931032	0.19639037830923356	-0.5276859954286895	-0.23382678185455966	0.21425139659766304	-0.5224436635893641	-0.23764170215490096	0.183495583781276	-0.5169206273762647	-0.250870666999124	0.1474036879319629	-0.5379642893926165	nan	0.03000000000000002	nan	nan	nan		-z	False	False	False	False	rh3	NA
box004_083_p2	box004	e091_box004_20231003_2_083_p2	E092_C1_WORK	92	108	left	False	nan	nan	nan	0.09130362802170175	0.5227345296017233	-0.18439254882747955	0.12902280840224994	0.5034331795989068	-0.25225064576136386	0.10544832066440733	0.5154965233506671	-0.20983933517768616	0.08187383292656474	0.5275598671024274	-0.16742802459400846	0.09130362802170175	0.5227345296017233	-0.18439254882747955	0.06952653689176236	0.5393821170782512	-0.16891262960807277	0.04957240944711656	0.5397307830008319	-0.12989821181276326	nan	0.029999999999999995	nan	nan	nan		+y	False	True	False	False	lh3	NA
box004_083_p2	box004	e091_box004_20231003_2_083_p2	E092_C1_WORK	92	108	right	False	nan	nan	nan	-0.22438780068580574	0.2690679243080102	-0.5514438878048552	-0.19326004518539913	0.33839195644963516	-0.5264390601682998	-0.21271489237315327	0.2950644363611195	-0.5420670774411469	-0.23216973956090742	0.2517369162726039	-0.557695094713994	-0.22438780068580574	0.2690679243080102	-0.5514438878048552	-0.23023570393430393	0.2384564005941245	-0.5470038189522108	-0.24356402524766352	0.2035641664889271	-0.5699244214316777	nan	0.029999999999999947	nan	nan	nan		-z	False	False	False	False	rh3	NA
box004_083_p2	box004	e091_box004_20231003_2_083_p2	E092_C1_WORK	93	109	left	False	nan	nan	nan	0.08943596675845301	0.5626922942289666	-0.18045408138501895	0.12761801490343513	0.5394955149036016	-0.24681702758532406	0.1037542348128213	0.5539935019819546	-0.20534018621013334	0.07989045472220752	0.5684914890603078	-0.16386334483494272	0.08943596675845301	0.5626922942289666	-0.18045408138501895	0.06803219667841266	0.5807049840523811	-0.1660168587436684	0.047400331272074846	0.5832433052890271	-0.1274384111198454	nan	0.03000000000000001	nan	nan	nan		+y	False	True	False	False	lh3	NA
box004_083_p2	box004	e091_box004_20231003_2_083_p2	E092_C1_WORK	93	109	right	False	nan	nan	nan	-0.21850921417764516	0.32312163299539653	-0.5689977843336999	-0.18523365118903815	0.39065293001621787	-0.541937465960169	-0.20603087805691753	0.34844586937820454	-0.5588501649436258	-0.22682810492479696	0.30623880874019116	-0.5757628639270826	-0.21850921417764516	0.32312163299539653	-0.5689977843336999	-0.22620183163285995	0.2928530561930721	-0.5650462703257139	-0.2400355129938278	0.2587604138725284	-0.5888535626436674	nan	0.02999999999999998	nan	nan	nan		+y	False	True	False	False	rh3	NA
box004_083_p2	box004	e091_box004_20231003_2_083_p2	E092_C1_WORK	94	110	left	False	nan	nan	nan	0.09088820759133454	0.6090178414857478	-0.17534326606278627	0.125937406695045	0.581553791706779	-0.24180588421710517	0.10403165725522599	0.5987188228186344	-0.20026674787065585	0.08212590781540698	0.6158838539304899	-0.15872761152420656	0.09088820759133454	0.6090178414857478	-0.17534326606278627	0.07100858159699658	0.6287576124302263	-0.16098521329458457	0.0515079912760686	0.6337039760802284	-0.12205355484433394	nan	0.030000000000000058	nan	nan	nan		+y	False	True	False	False	lh3	NA
box004_083_p2	box004	e091_box004_20231003_2_083_p2	E092_C1_WORK	94	110	right	False	nan	nan	nan	-0.21540451455148815	0.3742166071935548	-0.5763469806695809	-0.18037597393753307	0.4403028550794302	-0.547963725344951	-0.20226881182125495	0.39899895015075804	-0.5657032599228448	-0.22416164970497693	0.357695045222086	-0.5834427945007384	-0.21540451455148815	0.3742166071935548	-0.5763469806695809	-0.22472052128403705	0.344376318907231	-0.5726393154400882	-0.23892896063112185	0.3107960839985637	-0.5969488658823471	nan	0.029999999999999957	nan	nan	nan		+y	False	True	False	False	rh3	NA
box004_083_p2	box004	e091_box004_20231003_2_083_p2	E092_C1_WORK	95	111	left	False	nan	nan	nan	0.09448453160874412	0.6585949049079918	-0.1813017266259552	0.12716979922157237	0.6263441788493543	-0.24681175600900868	0.10674150696355468	0.6465008826360028	-0.2058679876446003	0.086313214705537	0.6666575864226512	-0.16492421928019182	0.09448453160874412	0.6585949049079918	-0.1813017266259552	0.07568424742199896	0.679846075183035	-0.16766542058845207	0.05711824056046984	0.6875779509486973	-0.12873040996469956	nan	0.03	nan	nan	nan		+y	False	True	False	False	lh3	NA
box004_083_p2	box004	e091_box004_20231003_2_083_p2	E092_C1_WORK	95	111	right	False	nan	nan	nan	-0.21744054532188484	0.4150241111473979	-0.5798355724502727	-0.1795230345900715	0.48070372430182845	-0.5543708754014725	-0.20322147879745486	0.4396539660803094	-0.5702863110569726	-0.22691992300483818	0.3986042078587902	-0.5862017467124727	-0.21744054532188484	0.4150241111473979	-0.5798355724502727	-0.22832424034618098	0.3859322124356738	-0.5747185244858013	-0.24385379129505316	0.3518453345906361	-0.5974646004992519	nan	0.030000000000000027	nan	nan	nan		+y	False	True	False	False	rh3	NA
box004_083_p2	box004	e091_box004_20231003_2_083_p2	E092_C1_WORK	96	112	left	False	nan	nan	nan	0.10364200732689376	0.7089913953442922	-0.19135458412789977	0.13273640710883436	0.6705960782280604	-0.2552241036569571	0.11455240724512149	0.6945931514257053	-0.2153056539512963	0.0963684073814086	0.7185902246233502	-0.17538720424563553	0.10364200732689376	0.7089913953442922	-0.19135458412789977	0.08632543858566925	0.7320816226878735	-0.17878519217117084	0.06932867580286768	0.7434645573626397	-0.14003016128478296	nan	0.03000000000000008	nan	nan	nan		+y	False	True	False	False	lh3	NA
box004_083_p2	box004	e091_box004_20231003_2_083_p2	E092_C1_WORK	96	112	right	False	nan	nan	nan	-0.2206966147236457	0.45055683867852814	-0.5740543818397198	-0.17853546338184095	0.5157869597273971	-0.554884910655481	-0.20488618297046896	0.47501813407185406	-0.5668658301456302	-0.2312369025590969	0.43424930841631093	-0.5788467496357794	-0.2206966147236457	0.45055683867852814	-0.5740543818397198	-0.23334606463362234	0.42281227359725543	-0.566230821695398	-0.2511594118082917	0.38781162688942067	-0.585675758321004	nan	0.030000000000000106	nan	nan	nan		+y	False	True	False	False	rh3	NA
box004_083_p2	box004	e091_box004_20231003_2_083_p2	E092_C1_WORK	97	113	left	False	nan	nan	nan	0.10953586612056081	0.744898081306777	-0.19721604486250238	0.13677930511337322	0.7037875322414656	-0.26020586774996224	0.11975215574286548	0.7294816254072852	-0.2208372284452999	0.10272500637235774	0.7551757185731047	-0.1814685891406375	0.10953586612056081	0.744898081306777	-0.19721604486250238	0.09302935437418915	0.768841795883943	-0.18516426623344515	0.07681767567178507	0.7818636911243386	-0.14658933546347638	nan	0.03000000000000015	nan	nan	nan		+y	False	True	False	False	lh3	NA
box004_083_p2	box004	e091_box004_20231003_2_083_p2	E092_C1_WORK	97	113	right	False	nan	nan	nan	-0.21969378727673408	0.4785835099710485	-0.571034709981626	-0.17493138813989892	0.5431768842363803	-0.5560672912150705	-0.20290788760042086	0.5028060253205479	-0.5654219279441677	-0.23088438706094294	0.4624351664047155	-0.5747765646732648	-0.21969378727673408	0.4785835099710485	-0.571034709981626	-0.2335081740124486	0.45197795538109226	-0.5614282146798641	-0.2526904930588777	0.4164990968752709	-0.5785675088027479	nan	0.029999999999999992	nan	nan	nan		+y	False	True	False	False	rh3	NA
box004_083_p2	box004	e091_box004_20231003_2_083_p2	E092_C1_WORK	98	114	left	False	nan	nan	nan	0.121729108911839	0.7945225908354825	-0.2089243437233468	0.14651380432244482	0.7484743704959009	-0.2694659019867484	0.1310233696908162	0.7772545082081393	-0.23162742807212247	0.11553293505918753	0.8060346459203779	-0.19378895415749647	0.121729108911839	0.7945225908354825	-0.2089243437233468	0.10685729383838452	0.8201429944268926	-0.19827371922785691	0.09129163824871046	0.8362010737267042	-0.16058735536538926	nan	0.030000000000000106	nan	nan	nan		+y	False	True	False	False	lh3	NA
box004_083_p2	box004	e091_box004_20231003_2_083_p2	E092_C1_WORK	98	114	right	False	nan	nan	nan	-0.21237973177896355	0.5159027705992772	-0.5686360111523426	-0.16400989793851597	0.5788839051817013	-0.5589542829513402	-0.19424104408879578	0.5395206960676864	-0.5650053630769667	-0.22447219023907544	0.5001574869536712	-0.5710564432025933	-0.21237973177896355	0.5159027705992772	-0.5686360111523426	-0.22771050819098415	0.49104793645247513	-0.5568809236560546	-0.248870203666033	0.4553831985950367	-0.5710499013492122	nan	0.030000000000000054	nan	nan	nan		+y	False	True	False	False	rh3	NA
box004_083_p2	box004	e091_box004_20231003_2_083_p2	E092_C1_WORK	99	115	left	False	nan	nan	nan	0.12578577497492185	0.8219132126797992	-0.21558945289434203	0.14878655873787885	0.7745280266372111	-0.27580247548911796	0.13441106888603074	0.8041437679138287	-0.23816933636738302	0.12003557903418258	0.8337595091904463	-0.20053619724564808	0.12578577497492185	0.8219132126797992	-0.21558945289434203	0.11171765416516666	0.8480532060373013	-0.2051108799923873	0.09691319106833649	0.8649529935083473	-0.16748590661355578	nan	0.02999999999999999	nan	nan	nan		+y	False	True	False	False	lh3	NA
box004_083_p2	box004	e091_box004_20231003_2_083_p2	E092_C1_WORK	99	115	right	False	nan	nan	nan	-0.20739497229550055	0.5357328811638263	-0.5697808909065837	-0.15833503310387925	0.5984568713391005	-0.5621112479548855	-0.1889974950986426	0.5592543774795541	-0.5669047747996969	-0.21965995709340583	0.5200518836200078	-0.5716983016445083	-0.20739497229550055	0.5357328811638263	-0.5697808909065837	-0.2230319887024429	0.5114642704015533	-0.5572311571458974	-0.24456412551138487	0.4755810452877563	-0.5702399006586034	nan	0.029999999999999926	nan	nan	nan		+y	False	True	False	False	rh3	NA
box004_083_p2	box004	e091_box004_20231003_2_083_p2	E092_C1_WORK	100	116	left	False	nan	nan	nan	0.13057433588693593	0.8514805497525052	-0.2322162622493007	0.15237227955131905	0.8005534443658974	-0.2899335004797091	0.1387485647610796	0.8323828852325272	-0.25386022658570384	0.12512484997084017	0.8642123260991572	-0.21778695269169854	0.13057433588693593	0.8514805497525052	-0.2322162622493007	0.11716945789415158	0.8784616850921876	-0.2230872235436088	0.10279660473820268	0.8976057846931632	-0.18638111903039253	nan	0.03000000000000001	nan	nan	nan		+y	False	True	False	False	lh3	NA
box004_083_p2	box004	e091_box004_20231003_2_083_p2	E092_C1_WORK	100	116	right	False	nan	nan	nan	-0.19831035697516847	0.5482942857038735	-0.5751925024360888	-0.14899457906964927	0.611117112708589	-0.5705831145473257	-0.1798169402605988	0.5718528458306418	-0.5734639819778027	-0.21063930145154824	0.5325885789526944	-0.5763448494082796	-0.19831035697516847	0.5482942857038735	-0.5751925024360888	-0.21434066038099747	0.5249585005276629	-0.5614284888196824	-0.23585733252254085	0.4884344836814438	-0.5725413273983824	nan	0.029999999999999902	nan	nan	nan		+y	False	True	False	False	rh3	NA
box004_083_p2	box004	e091_box004_20231003_2_083_p2	E092_C1_WORK	101	117	left	False	nan	nan	nan	0.1318214566937172	0.8752604775557906	-0.2499648195879904	0.15287890593527884	0.8211388050107229	-0.30498689145341107	0.1397180001593028	0.8549648503513902	-0.2705980965375232	0.1265570943833268	0.8887908956920577	-0.23620930162163525	0.1318214566937172	0.8752604775557906	-0.2499648195879904	0.1192169350085249	0.9030641167586362	-0.24227746334054037	0.10484301294602137	0.9242782246358539	-0.20672798293049022	nan	0.030000000000000002	nan	nan	nan		+y	False	True	False	False	lh3	NA
box004_083_p2	box004	e091_box004_20231003_2_083_p2	E092_C1_WORK	101	117	right	False	nan	nan	nan	-0.18602062573607628	0.5611976668656931	-0.6031012181912491	-0.13670191987091354	0.6237832520474332	-0.5959801382700073	-0.16752611103664028	0.5846672613088455	-0.6004308132207834	-0.19835030220236693	0.545551270570258	-0.6048814881715595	-0.18602062573607628	0.5611976668656931	-0.6031012181912491	-0.2033184956627075	0.5383119521347581	-0.5901395313734997	-0.2241749145119512	0.5016724990678224	-0.6020988975626637	nan	0.0299999999999999	nan	nan	nan		+y	False	True	False	False	rh3	NA
box004_083_p2	box004	e091_box004_20231003_2_083_p2	E092_C1_WORK	102	118	left	False	nan	nan	nan	0.1333355840671116	0.8905763381600528	-0.25626195849495864	0.15395792867146477	0.8355346152142138	-0.31053098868873324	0.14106896329374405	0.8699356920553631	-0.2766128448176242	0.12817999791602327	0.9043367688965126	-0.242694700946515	0.1333355840671116	0.8905763381600528	-0.25626195849495864	0.12095545918982596	0.9185838809146971	-0.2489597791778445	0.10675173098524399	0.9404003791212611	-0.2137077143162927	nan	0.030000000000000103	nan	nan	nan		+y	False	True	False	False	lh3	NA
box004_083_p2	box004	e091_box004_20231003_2_083_p2	E092_C1_WORK	102	118	right	False	nan	nan	nan	-0.17870141530734682	0.5687078829610878	-0.608754817020637	-0.12990266042074958	0.6316447826817088	-0.6011634946671665	-0.16040188222487295	0.5923092203563206	-0.6059080711380855	-0.19090110402899615	0.5529736580309326	-0.6106526476090046	-0.17870141530734682	0.5687078829610878	-0.608754817020637	-0.19644988583021147	0.5460787929274964	-0.5959527216352549	-0.2166883590209834	0.5090742308483435	-0.6078494756523106	nan	0.02999999999999993	nan	nan	nan		+y	False	True	False	False	rh3	NA
box004_083_p2	box004	e091_box004_20231003_2_083_p2	E092_C1_WORK	103	119	left	False	nan	nan	nan	0.1329281372099344	0.9074146326941318	-0.2727057191361468	0.15293395922778172	0.8501973326726399	-0.3249163278631173	0.14043032046662718	0.8859581451860723	-0.29228469740876073	0.1279266817054726	0.9217189576995047	-0.2596530669544041	0.1329281372099344	0.9074146326941318	-0.2727057191361468	0.12071819732973128	0.9357420398308905	-0.2664218398454677	0.10685618434281677	0.9589862150499666	-0.23195495022303136	nan	0.030000000000000075	nan	nan	nan		+y	False	True	False	False	lh3	NA
box004_083_p2	box004	e091_box004_20231003_2_083_p2	E092_C1_WORK	103	119	right	False	nan	nan	nan	-0.17343168339820064	0.5682419417593692	-0.6209380257103216	-0.1265204072026418	0.6325788806467103	-0.6131862220292084	-0.15583995482486604	0.5923682938421221	-0.6180310993299041	-0.18515950244709037	0.5521577070375338	-0.6228759766306	-0.17343168339820064	0.5682419417593692	-0.6209380257103216	-0.19104639232208492	0.5454645765950198	-0.6082143771140064	-0.20992208700374482	0.5076829778625559	-0.6199073286408728	nan	0.030000000000000023	nan	nan	nan		+y	False	True	False	False	rh3	NA
box004_083_p2	box004	e091_box004_20231003_2_083_p2	E092_C1_WORK	104	120	left	False	nan	nan	nan	0.13335382686602118	0.9139947701224458	-0.29838890842943433	0.1489422825676244	0.854692449987696	-0.34977212432212457	0.1391994977541224	0.8917564000719145	-0.3176576143891932	0.12945671294062036	0.9288203501561332	-0.28554310445626174	0.13335382686602118	0.9139947701224458	-0.29838890842943433	0.1227571096044144	0.9430340977313485	-0.29243585868916866	0.11109057728936857	0.9677097298602128	-0.258151477862141	nan	0.03000000000000016	nan	nan	nan		+y	False	True	False	False	lh3	NA
box004_083_p2	box004	e091_box004_20231003_2_083_p2	E092_C1_WORK	104	120	right	False	nan	nan	nan	-0.1722046594447999	0.5599838154044062	-0.6406191806190489	-0.1284183473029919	0.6263850925123722	-0.6320384308003401	-0.15578479239162188	0.5848842943198934	-0.6374013994370331	-0.18315123748025192	0.5433834961274148	-0.6427643680737261	-0.1722046594447999	0.5599838154044062	-0.6406191806190489	-0.1891156798107078	0.5365047205388145	-0.628220508819933	-0.20598128850477754	0.4978634442027664	-0.640173298218458	nan	0.029999999999999968	nan	nan	nan		+y	False	True	False	False	rh3	NA
box021_person1	box021	box021_person1	old_box021_control	0	84	left	False	nan	nan	nan	-0.23394097302879885	0.6048168171421031	0.450496503687632	-0.22705330101347893	0.6843972275889594	0.45491444973973183	-0.23135809602305382	0.6346594710596741	0.45215323345716946	-0.2356628910326288	0.5849217145303889	0.4493920171746071	-0.23394097302879885	0.6048168171421031	0.450496503687632	-0.220985270446665	0.5763222777930195	0.4471464643152492	-0.23178042406582974	0.5341616833299775	0.4522809067164514	nan	0.029999999999999912	nan	nan	nan		+y	False	True	False	False	lh3	NA
box021_person1	box021	box021_person1	old_box021_control	0	84	right	False	nan	nan	nan	0.16627634034023175	0.5975734476392085	0.4366563155240046	0.18302645144189147	0.6750929199328448	0.4471522763374893	0.17255763200335414	0.6266432497493221	0.4405923008290613	0.16208881256481694	0.5781935795657994	0.4340323253206334	0.16627634034023175	0.5975734476392085	0.4366563155240046	0.14541866897734473	0.5743042705933269	0.43285098862201266	0.144008439055683	0.5305166923207089	0.4339118413418569	nan	0.029999999999999936	nan	nan	nan		+y	False	True	False	False	rh3	NA
box021_person1	box021	box021_person1	old_box021_control	1	85	left	False	nan	nan	nan	-0.22311891065094738	0.6070990074856255	0.44863524578419933	-0.21674846215844898	0.6868448362157767	0.4484931678273328	-0.22072999246626043	0.6370036932594322	0.4485819665503744	-0.22471152277407194	0.5871625503030877	0.448670765273416	-0.22311891065094738	0.6070990074856255	0.44863524578419933	-0.21006944022536703	0.5785502695374549	0.4462493184826476	-0.22026055277642603	0.5366572853286014	0.45409359441851943	nan	0.030000000000000002	nan	nan	nan		+y	False	True	False	False	lh3	NA
box021_person1	box021	box021_person1	old_box021_control	1	85	right	False	nan	nan	nan	0.15171056303736016	0.6019773405160354	0.4469203102265059	0.16973975322564205	0.6798883878665649	0.4491150771613557	0.15847150935796595	0.6311939832724839	0.4477433478270746	0.14720326549028973	0.5824995786784031	0.44637161849279344	0.15171056303736016	0.6019773405160354	0.4469203102265059	0.13048932396378063	0.5787862445616664	0.4452441096051501	0.12820549936627723	0.5354210062356738	0.45113532493337455	nan	0.029999999999999985	nan	nan	nan		+y	False	True	False	False	rh3	NA
box021_person1	box021	box021_person1	old_box021_control	2	86	left	False	nan	nan	nan	-0.2117724959048703	0.6072759115744422	0.4465080016959652	-0.20679752381738709	0.687073870574464	0.44376293481889334	-0.2099068813720641	0.6372001461994503	0.44547860161706326	-0.21301623892674107	0.5873264218244367	0.44719426841523313	-0.2117724959048703	0.6072759115744422	0.4465080016959652	-0.19828839097967685	0.5788883423943968	0.4446813664493391	-0.20755773930852547	0.53709550419962	0.45405427544779736	nan	0.02999999999999996	nan	nan	nan		+y	False	True	False	False	lh3	NA
box021_person1	box021	box021_person1	old_box021_control	2	86	right	False	nan	nan	nan	0.14655918545375338	0.6039706837283627	0.4577146329737479	0.16451255584527827	0.6817761909949027	0.4528177430851447	0.1532916993505752	0.6331477489533152	0.45587829926552176	0.14207084285587213	0.5845193069117277	0.4589388554458988	0.14655918545375338	0.6039706837283627	0.4577146329737479	0.12534601696868689	0.5807221736923288	0.4584116493540547	0.1232188073126405	0.538035426818438	0.46809580075257123	nan	0.029999999999999936	nan	nan	nan		+y	False	True	False	False	rh3	NA
box021_person1	box021	box021_person1	old_box021_control	3	87	left	False	nan	nan	nan	-0.2210481858635867	0.5892032544465394	0.4473795819272313	-0.21395320513702437	0.6686095250461135	0.44072334891170856	-0.21838756809112583	0.6189806059213797	0.4448834945464103	-0.22282193104522727	0.5693516867966459	0.44904364018111204	-0.2210481858635867	0.5892032544465394	0.4473795819272313	-0.2084876375734868	0.5603617382874682	0.4461915843650295	-0.21845033570650188	0.519331817849457	0.4579263123410243	nan	0.030000000000000023	nan	nan	nan		+y	False	True	False	False	lh3	NA
box021_person1	box021	box021_person1	old_box021_control	3	87	right	False	nan	nan	nan	0.14472698776273651	0.5834107885913847	0.4597446481986995	0.16061810258438958	0.6609012112862308	0.4477986505300604	0.1506861558208564	0.6124696971019521	0.4552648990729598	0.14075420905732333	0.5640381829176733	0.4627311476158592	0.14472698776273651	0.5834107885913847	0.4597446481986995	0.12411614854681954	0.5599117766497301	0.46348193498022805	0.12350552185248562	0.518085997556553	0.476547060551562	nan	0.030000000000000096	nan	nan	nan		+y	False	True	False	False	rh3	NA
box021_person1	box021	box021_person1	old_box021_control	4	88	left	False	nan	nan	nan	-0.2139875203778628	0.5661898806717649	0.44134592558952707	-0.20876571148093578	0.6458407304411055	0.4360097431651785	-0.2120293420415152	0.5960589493352677	0.43934485718039634	-0.21529297260209454	0.5462771682294298	0.4426799711956142	-0.2139875203778628	0.5661898806717649	0.44134592558952707	-0.20094336130612722	0.5376394542012256	0.4389511754206608	-0.20952483956387788	0.49619013592176864	0.45029691519335674	nan	0.030000000000000124	nan	nan	nan		+y	False	True	False	False	lh3	NA
box021_person1	box021	box021_person1	old_box021_control	4	88	right	False	nan	nan	nan	0.14688369570684554	0.5676733892417691	0.45657938842496215	0.1597245716409286	0.6453475997848918	0.4423727378081496	0.1516990241821267	0.5968012181954401	0.4512518944436575	0.14367347672332478	0.5482548366059886	0.46013105107916524	0.14688369570684554	0.5676733892417691	0.45657938842496215	0.12724241441182554	0.5436757471234521	0.4619933342832871	0.12867135395929596	0.5020971782445204	0.4757645691464141	nan	0.030000000000000037	nan	nan	nan		+y	False	True	False	False	rh3	NA
box021_person1	box021	box021_person1	old_box021_control	5	89	left	False	nan	nan	nan	-0.18132749059447187	0.5357850564159979	0.41708897679091667	-0.18048052527940137	0.61561638916791	0.411966383618647	-0.18100987860132042	0.565721806197965	0.41516800435131557	-0.18153923192323945	0.51582722322802	0.418369625083984	-0.18132749059447187	0.5357850564159979	0.41708897679091667	-0.16667648355972942	0.5080127288182741	0.414840070705209	-0.1730980475557475	0.4661207816366903	0.4259864532165953	nan	0.03000000000000006	nan	nan	nan		+y	False	True	False	False	lh3	NA
box021_person1	box021	box021_person1	old_box021_control	5	89	right	False	nan	nan	nan	0.14830586412665966	0.5347222583724555	0.4297582987499462	0.16269590702289324	0.6122669753434506	0.41635145216572655	0.15370213021274726	0.5638015272365786	0.4247307312808638	0.1447083534026013	0.5153360791297067	0.43311001039600117	0.14830586412665966	0.5347222583724555	0.4297582987499462	0.12821622374188774	0.5111208802083524	0.43526818675891205	0.12894460519198997	0.4693264702838815	0.4484273253110449	nan	0.02999999999999995	nan	nan	nan		+y	False	True	False	False	rh3	NA
box021_person1	box021	box021_person1	old_box021_control	6	90	left	False	nan	nan	nan	-0.18979206506464383	0.5333016928439644	0.39543047133537385	-0.18723869245196373	0.613209367787394	0.3925592741223587	-0.1888345503348888	0.5632670709477505	0.39435377238049313	-0.1904304082178139	0.5133247741081071	0.39614827063862756	-0.18979206506464383	0.5333016928439644	0.39543047133537385	-0.1756781311486251	0.50530335698737	0.39261945291044564	-0.18312206179686796	0.46326143211099247	0.40249254842820936	nan	0.03000000000000002	nan	nan	nan		+y	False	True	False	False	lh3	NA
box021_person1	box021	box021_person1	old_box021_control	6	90	right	False	nan	nan	nan	0.14211742691371304	0.5272277205515881	0.41136257378534274	0.15574253684867587	0.6053277044360912	0.4006504826495967	0.14722684313932405	0.5565152145082768	0.407345539609438	0.13871114942997226	0.5077027245804623	0.4140405965692793	0.14211742691371304	0.5272277205515881	0.41136257378534274	0.12227906402734472	0.5032756130042185	0.41623222160975537	0.12348897529345469	0.46103421465564925	0.42783681329543843	nan	0.030000000000000044	nan	nan	nan		+y	False	True	False	False	rh3	NA
box021_person1	box021	box021_person1	old_box021_control	7	91	left	False	nan	nan	nan	-0.2222878316531594	0.5275284161372644	0.3889863286537517	-0.2126289497382919	0.6069243706285747	0.3872576266642703	-0.21866575093508409	0.5573018990715058	0.38833806540769616	-0.22470255213187626	0.5076794275144368	0.389418504151122	-0.2222878316531594	0.5275284161372644	0.3889863286537517	-0.21074929565627407	0.4984289454035595	0.3856554494940516	-0.22185137393116064	0.4570731525895345	0.3949750967304783	nan	0.030000000000000082	nan	nan	nan		+y	False	True	False	False	lh3	NA
box021_person1	box021	box021_person1	old_box021_control	7	91	right	False	nan	nan	nan	0.16168047653654638	0.51111230132984	0.40441060052730654	0.1694443622217777	0.589980418744641	0.3934770679549023	0.16459193366850813	0.5406878453603904	0.40031052581265497	0.1597395051152386	0.49139527197613975	0.4071439836704076	0.16168047653654638	0.51111230132984	0.40441060052730654	0.14379647012387323	0.48587821378128554	0.41027410699776906	0.14848906369839335	0.4437725081315812	0.42147925247610296	nan	0.03000000000000003	nan	nan	nan		+y	False	True	False	False	rh3	NA
box021_person1	box021	box021_person1	old_box021_control	8	92	left	False	nan	nan	nan	-0.25333576453962003	0.522840557202203	0.3735082637962592	-0.23608230084414072	0.6009367500097775	0.37169094173593376	-0.24686571565381532	0.5521266295050434	0.3728267680236371	-0.25764913046348986	0.5033165090003096	0.3739625943113406	-0.25333576453962003	0.522840557202203	0.3735082637962592	-0.24478744649662376	0.4927808828464677	0.3697195961976662	-0.25954228507290833	0.4526395870282512	0.37927912937308433	nan	0.03000000000000002	nan	nan	nan		+y	False	True	False	False	lh3	NA
box021_person1	box021	box021_person1	old_box021_control	8	92	right	False	nan	nan	nan	0.20705872726712743	0.49730607116231124	0.3881275516282933	0.20361516198163052	0.5758267784869192	0.3732064129529852	0.2057673902850661	0.5267513364090393	0.38253212462505276	0.20791961858850155	0.47767589433115926	0.39185783629712034	0.20705872726712743	0.49730607116231124	0.3881275516282933	0.1931337860202719	0.47037494421664433	0.3966003304294773	0.2041412901638088	0.4298518061057015	0.4091373276009403	nan	0.030000000000000037	nan	nan	nan		+y	False	True	False	False	rh3	NA
box021_person1	box021	box021_person1	old_box021_control	9	93	left	False	nan	nan	nan	-0.2751379183253213	0.5105927806080885	0.34587123977276346	-0.25310860186217693	0.5874827006982464	0.34424354056966294	-0.2668769246516422	0.5394265006418977	0.34526085257160083	-0.2806452474411075	0.49137030058554904	0.34627816457353855	-0.2751379183253213	0.5105927806080885	0.34587123977276346	-0.2683938796317555	0.4800599149443718	0.34222791404332115	-0.2857149344936703	0.44091312328733323	0.351604658005948	nan	0.029999999999999923	nan	nan	nan		+y	False	True	False	False	lh3	NA
box021_person1	box021	box021_person1	old_box021_control	9	93	right	False	nan	nan	nan	0.23939075575340338	0.4820615180075976	0.368370049164603	0.22795793763516486	0.5594539196186288	0.35164561067620703	0.23510344895906396	0.5110836686117344	0.3620983847314545	0.24224896028296306	0.46271341760483986	0.3725511587867019	0.23939075575340338	0.4820615180075976	0.368370049164603	0.22839510323278467	0.4541800814119518	0.37799806489551013	0.24363896116174036	0.41524923693458504	0.3911312408871238	nan	0.030000000000000075	nan	nan	nan		+y	False	True	False	False	rh3	NA
box021_person1	box021	box021_person1	old_box021_control	10	94	left	False	nan	nan	nan	-0.283680201748257	0.4761664471171916	0.31221063687016753	-0.2601241554891782	0.5526125930524927	0.3111620872629444	-0.27484668440110244	0.5048337518429294	0.3118174307674589	-0.28956921331302665	0.45705491063336634	0.31247277427197334	-0.283680201748257	0.4761664471171916	0.31221063687016753	-0.27744230456608865	0.44550742462555204	0.30872857648707014	-0.2957527098974263	0.4067069389134566	0.3176540978173516	nan	0.03	nan	nan	nan		+y	False	True	False	False	lh3	NA
box021_person1	box021	box021_person1	old_box021_control	10	94	right	False	nan	nan	nan	0.25278471629094384	0.44383653152960817	0.3408567829489538	0.23787851322070597	0.5205050352334452	0.32354361888678534	0.24719489013960466	0.472587220418547	0.33436434642564056	0.2565112670585033	0.42466940560364885	0.3451850739644959	0.25278471629094384	0.44383653152960817	0.3408567829489538	0.24313370834566278	0.41565167794896174	0.35102780267086214	0.26021636934803194	0.3775216826003288	0.36424719432468483	nan	0.029999999999999964	nan	nan	nan		+y	False	True	False	False	rh3	NA
box021_person1	box021	box021_person1	old_box021_control	11	95	left	False	nan	nan	nan	-0.27739243201894737	0.4272954835263913	0.2754820933930985	-0.255020057527367	0.504092641104044	0.2741884753653672	-0.2690027915846047	0.4560944176180111	0.2749969866326993	-0.2829855256418425	0.40809619413197806	0.2758054979000313	-0.27739243201894737	0.4272954835263913	0.2754820933930985	-0.27059015321864155	0.3967053707254372	0.27248446635533785	-0.288504349242895	0.3577124886396818	0.2813754895450896	nan	0.030000000000000075	nan	nan	nan		+y	False	True	False	False	lh3	NA
box021_person1	box021	box021_person1	old_box021_control	11	95	right	False	nan	nan	nan	0.2523244344001097	0.3924056874584234	0.30401737326596007	0.2379448877585093	0.4692534459776288	0.2870571064945926	0.24693210440950958	0.4212235969031255	0.2976572732266972	0.25591932106050974	0.3731937478286221	0.3082574399588019	0.2523244344001097	0.3924056874584234	0.30401737326596007	0.24251802883826518	0.36428070010667235	0.3142054576946575	0.2593825754085003	0.3259615390448057	0.32715517322824744	nan	0.030000000000000106	nan	nan	nan		+y	False	True	False	False	rh3	NA
box021_person1	box021	box021_person1	old_box021_control	12	96	left	False	nan	nan	nan	-0.261113750566227	0.37962449298433704	0.25609712801671936	-0.241885460187305	0.45727505775069427	0.25528310064026216	-0.2539031416741312	0.408743454771721	0.25579186775054796	-0.2659208231609575	0.3602118517927477	0.25630063486083365	-0.261113750566227	0.37962449298433704	0.25609712801671936	-0.2529388523018849	0.3493295281858588	0.25356771857253674	-0.26959088765545797	0.30966688716865615	0.2619342107905196	nan	0.030000000000000047	nan	nan	nan		+y	False	True	False	False	lh3	NA
box021_person1	box021	box021_person1	old_box021_control	12	96	right	False	nan	nan	nan	0.23901537437220402	0.3458921402289373	0.2823077474075157	0.22862783139896453	0.4240835222912986	0.26895833835104643	0.2351200457572391	0.3752139085023228	0.2773017190113397	0.24161226011551384	0.3263442947133469	0.28564509967163304	0.23901537437220402	0.3458921402289373	0.2823077474075157	0.22766614664934098	0.31778860080289806	0.29081443123433426	0.24241063610479205	0.2781174722954848	0.3021840293605739	nan	0.030000000000000027	nan	nan	nan		+y	False	True	False	False	rh3	NA
box021_person1	box021	box021_person1	old_box021_control	13	97	left	False	nan	nan	nan	-0.23719155390276167	0.3249145867888079	0.25279844306247873	-0.2207129229485157	0.4031956737718511	0.2520730861661871	-0.23101206729491944	0.3542699944074491	0.25252643422636933	-0.24131121164132313	0.30534431504304715	0.2529797822865516	-0.23719155390276167	0.3249145867888079	0.25279844306247873	-0.22787188150604082	0.2949169017910134	0.2507261575848982	-0.24336210636108044	0.2547323351836797	0.2588296819064993	nan	0.03000000000000001	nan	nan	nan		+y	False	True	False	False	lh3	NA
box021_person1	box021	box021_person1	old_box021_control	13	97	right	False	nan	nan	nan	0.2237700981054148	0.2879503219986776	0.2651019134018528	0.21910875694076978	0.3674421643784192	0.2574000374212159	0.22202209516867297	0.31775976289108065	0.26221370990911397	0.22493543339657607	0.26807736140374216	0.26702738239701196	0.2237700981054148	0.2879503219986776	0.2651019134018528	0.2102441715259981	0.2601361370097776	0.27096689349365893	0.22184830997081692	0.21881709505426755	0.2798295629977124	nan	0.029999999999999975	nan	nan	nan		+y	False	True	False	False	rh3	NA
box021_person1	box021	box021_person1	old_box021_control	14	98	left	False	nan	nan	nan	-0.22344301505691283	0.28256720164916094	0.24800256066097076	-0.209075955215599	0.36126601048722146	0.2482942436850422	-0.21805536761642014	0.31207925496343364	0.24811194179499754	-0.22703478001724128	0.2628924994396459	0.24792963990495293	-0.22344301505691283	0.28256720164916094	0.24800256066097076	-0.21328858534358608	0.25285380391499823	0.24576351662427484	-0.22779957694988848	0.21218573287195253	0.2532436694401813	nan	0.030000000000000047	nan	nan	nan		+y	False	True	False	False	lh3	NA
box021_person1	box021	box021_person1	old_box021_control	14	98	right	False	nan	nan	nan	0.20262640253598593	0.2465062737997653	0.25315846643162493	0.20220704794213049	0.326442598584342	0.2499949048849995	0.20246914456329013	0.2764823955939815	0.25197213085164044	0.20273124118444993	0.2265221926036211	0.2539493568182813	0.20262640253598593	0.2465062737997653	0.25315846643162493	0.18749675311252462	0.21913225173156714	0.25672696640202636	0.19663565876364544	0.17683392639670445	0.26364059390658773	nan	0.029999999999999964	nan	nan	nan		+y	False	True	False	False	rh3	NA
box021_person1	box021	box021_person1	old_box021_control	15	99	left	False	nan	nan	nan	-0.1978666760551658	0.24258760284932118	0.24669137592013227	-0.18658125344182344	0.32178489741660155	0.24603733489565577	-0.19363464257516239	0.2722865883120513	0.24644611053595358	-0.20068803170850139	0.22278827920750113	0.2468548861762514	-0.1978666760551658	0.24258760284932118	0.24669137592013227	-0.18650497655901035	0.21326420760376913	0.24525539481235384	-0.19963799505730068	0.17218277031423204	0.2530176690447614	nan	0.030000000000000044	nan	nan	nan		+y	False	True	False	False	lh3	NA
box021_person1	box021	box021_person1	old_box021_control	15	99	right	False	nan	nan	nan	0.17058905616665473	0.20319318383425444	0.2656000269589604	0.17955845790348504	0.2825215943798829	0.26044705570078475	0.17395258181796616	0.2329413377888651	0.2636676627371446	0.16834670573244717	0.18336108119784733	0.2668882697735044	0.17058905616665473	0.20319318383425444	0.2656000269589604	0.15234678598700535	0.17788151777147954	0.26978532357031854	0.15644959361863625	0.13499091559496756	0.27778715975833307	nan	0.030000000000000034	nan	nan	nan		+y	False	True	False	False	rh3	NA
box021_person1	box021	box021_person1	old_box021_control	16	100	left	True	0.1596	0.1857322843067434	0.243994686285689	-0.1996813648629073	0.20741424800562977	0.2657776741674067	-0.18450760279746284	0.2843290322114834	0.24984428421585397	-0.19399120408836562	0.2362572920828249	0.2598026529355745	-0.2034748053792684	0.1881855519541664	0.269761021655295	-0.1996813648629073	0.20741424800562977	0.2657776741674067	-0.18975292365214338	0.17848515245316582	0.27323054284668136	-0.20157808512108785	0.1977998999798981	0.2677693479113509	0.3575323871050527	0.029999999999999995	0.31399620446059945	0.3129733636603633	0.27245839632178764	+x	-x	False	False	False	False	lh2	handbox_surface
box021_person1	box021	box021_person1	old_box021_control	16	100	right	True	0.1596	-0.1788515596255457	0.22842074968657733	0.14283842695864565	0.18142032482401713	0.2662925595598854	0.16355743275275858	0.25841417673707273	0.25976036494444554	0.15060805413143796	0.21029301929141297	0.26384298657909544	0.13765867551011735	0.1621718618457532	0.26792560821374534	0.14283842695864565	0.18142032482401713	0.2662925595598854	0.12153000309483397	0.1592384742580223	0.27299286894183333	0.11978725667425577	0.11609312585011479	0.28047002840112234	0.3908568705516508	0.029999999999999995	0.2940044034014871	0.2725728734901563	0.2564863676026835	+x	+y	False	True	False	False	rh3	handbox_surface
box021_person1	box021	box021_person1	old_box021_control	17	101	left	True	0.1596	0.17765387387624496	0.24082197068488512	-0.17643352558657066	0.19919520193183377	0.265607814392835	-0.16877956838601552	0.2778485368344984	0.2531551099531824	-0.17356329163636247	0.228690202520333	0.26093805022796523	-0.1783470148867094	0.1795318682061676	0.26872099050274817	-0.17643352558657066	0.19919520193183377	0.265607814392835	-0.16402279152301816	0.17134167838197767	0.27342872685693337	-0.17739027023664	0.1893635350690007	0.26716440244779155	0.33764943712618095	0.030000000000000002	0.2891018534899781	0.2899505775660935	0.2529763793257167	+x	+y	False	True	False	False	lh2	handbox_surface
box021_person1	box021	box021_person1	old_box021_control	17	101	right	True	0.1596	-0.16603637462581822	0.23876005692326635	0.10582509799291454	0.16907609920161606	0.26584647119192584	0.14162994826383837	0.24051595784456042	0.26205710526174075	0.11925191684451092	0.1958660461927202	0.26442545896810643	0.09687388542518358	0.15121613454087993	0.26679381267447216	0.10582509799291454	0.16907609920161606	0.26584647119192584	0.08071788959293001	0.1513174246739962	0.27257217809065515	0.0704643910314428	0.109053880815444	0.2779689174461929	0.3650480007762869	0.02999999999999995	0.2746068568033293	0.24892767077298797	0.2300120890263162	+x	+z	False	True	False	True	rh3	handbox_surface
box021_person1	box021	box021_person1	old_box021_control	18	102	left	True	0.1596	0.15456046550760266	0.245180493131512	-0.11837704453025753	0.1841954716354127	0.2675406882210235	-0.13410428435687186	0.26252327167188205	0.2633681986904158	-0.12427475946523792	0.2135683966490887	0.26597600464704557	-0.11444523457360396	0.16461352162629536	0.2685838106036755	-0.11837704453025753	0.1841954716354127	0.2675406882210235	-0.09853833394015575	0.16049791727387608	0.27352928115374975	-0.09957256881785344	0.11712456307928787	0.2797014825469526	0.2906875785069559	0.030000000000000006	0.22522639735049044	0.21056751443469965	0.18529459260680148	+x	+y	False	True	False	False	lh3	handbox_surface
box021_person1	box021	box021_person1	old_box021_control	18	102	right	True	0.12551956450435875	-0.15432245998610214	0.2647	0.11839262700674309	0.12392561739803548	0.27029166396519055	0.14669125286392987	0.19843028542590505	0.2633460022507149	0.1290046117031881	0.15186486790848658	0.2676870408222622	0.1113179705424464	0.10529945039106815	0.27202807939380946	0.11839262700674309	0.12392561739803548	0.27029166396519055	0.09546372566319739	0.10395921636920333	0.278451681185736	0.08970757000555182	0.06105412627628015	0.2852697515923028	0.3062217296830522	0.03000000000000005	0.21011328756246278	0.18225035935216277	0.16768849475089204	+z	+z	True	True	False	False	rh3	handbox_surface
box021_person1	box021	box021_person1	old_box021_control	19	103	left	False	nan	nan	nan	-0.08228465999648829	0.14050031165426868	0.3098962434471268	-0.09692707374644126	0.2182063358112104	0.29775649347869704	-0.08777556515272066	0.16964007071312182	0.3053438372089657	-0.07862405655900001	0.12107380561503328	0.3129311809392343	-0.08228465999648829	0.14050031165426868	0.3098962434471268	-0.06284552831928483	0.1172847877988307	0.31850852407792596	-0.06453459904579954	0.07475055637892782	0.3289200447885945	nan	0.03000000000000001	nan	nan	nan		+z	False	True	False	False	lh3	NA
box021_person1	box021	box021_person1	old_box021_control	19	103	right	True	0.11731405833633915	-0.15760303769908132	0.2647	0.13213408658594944	0.100234169213062	0.27638010512106986	0.16012070022440958	0.17509997271136668	0.272936135956748	0.14262906670037204	0.12830884552492627	0.2750886166844491	0.12513743317633438	0.08151771833848581	0.2772410974121503	0.13213408658594944	0.100234169213062	0.27638010512106986	0.10900436827422683	0.0798842256269991	0.282851078368598	0.10327992785502646	0.03676179052353351	0.2881569751391945	0.2872183454687148	0.030000000000000065	0.18957716979329609	0.163443008896717	0.1508068953933179	+z	+z	True	True	False	False	rh3	handbox_surface
box021_person1	box021	box021_person1	old_box021_control	20	104	left	False	nan	nan	nan	-0.049386005044233246	0.12028547706463937	0.32914065436581563	-0.0679656021700116	0.1962901405024983	0.3124646324678459	-0.05635335396640011	0.14878722585383644	0.322887146154077	-0.04474110576278864	0.10128431120517463	0.333309659840308	-0.049386005044233246	0.12028547706463937	0.32914065436581563	-0.028789399928431623	0.09863919730820334	0.33905176915273777	-0.028310245485407944	0.05676684997464818	0.3519703799800501	nan	0.02999999999999999	nan	nan	nan		+z	False	True	False	False	lh3	NA
box021_person1	box021	box021_person1	old_box021_control	20	104	right	True	0.10619820119374249	-0.15793598378235463	0.2647	0.13508650205984984	0.08517990874555662	0.2753236386910457	0.1605723950284597	0.16100050005063454	0.274017042448548	0.1446437119230785	0.11361263048496081	0.2748336651001091	0.12871502881769742	0.06622476091928711	0.2756502877516701	0.13508650205984984	0.08517990874555662	0.2753236386910457	0.11257985505155217	0.06391802725202392	0.2810122943938158	0.10824916741229193	0.020512820657850574	0.28521935429285367	0.27444379820666365	0.029999999999999978	0.17555477337730158	0.15021819655378296	0.14149056543273938	+z	+z	True	True	False	False	rh3	handbox_surface
box021_person1	box021	box021_person1	old_box021_control	21	105	left	False	nan	nan	nan	-0.028675435691755784	0.1185448138800338	0.32673900885267904	-0.04972044922466505	0.19353647860008638	0.3084809249467789	-0.03656731576659676	0.1466666881500535	0.3198922273879666	-0.023414182308528462	0.09979689770002065	0.3313035298291542	-0.028675435691755784	0.1185448138800338	0.32673900885267904	-0.0074069216225576264	0.09780340234530012	0.33715322618980237	-0.00557952814701512	0.05623578368303377	0.3509084898275394	nan	0.02999999999999996	nan	nan	nan		+z	False	True	False	False	lh3	NA
box021_person1	box021	box021_person1	old_box021_control	21	105	right	True	0.10544818891414323	-0.1601579691614638	0.2647	0.14040674902818176	0.0841712047878158	0.27492225363298445	0.16369347146893704	0.16070466850260076	0.27432434913816056	0.14913926994346505	0.11287125368086016	0.27469803944742544	0.13458506841799298	0.06503783885911958	0.2750717297566905	0.14040674902818176	0.0841712047878158	0.27492225363298445	0.11853180732325677	0.062214365493106515	0.2804323989575871	0.11546139278475315	0.018663320209724703	0.28421990172225586	0.2766836241633871	0.03000000000000005	0.17730966208107196	0.15205136486960588	0.14552694049560097	+z	+z	True	True	False	False	rh3	handbox_surface
box021_person1	box021	box021_person1	old_box021_control	22	106	left	True	0.1596	0.007759378582244853	0.24796451610043713	-0.011216575329232264	0.121124011269985	0.31309366152516716	-0.034615961588208184	0.19538277308917656	0.29470602938332197	-0.019991345176348253	0.14897104695218186	0.30619829947197524	-0.00536672876448827	0.10255932081518712	0.3176905695606285	-0.011216575329232264	0.121124011269985	0.31309366152516716	0.010623951360522702	0.10110857369716211	0.3237419204716912	0.013716612359541627	0.05959770501677904	0.3374421684714478	0.2357646285426094	0.030000000000000002	0.15263951534130482	0.1233749581306915	0.10274153963695896	+x	+z	False	True	False	False	lh3	handbox_surface
box021_person1	box021	box021_person1	old_box021_control	22	106	right	True	0.10996550699363672	-0.1657052013556039	0.2647	0.14442304982035986	0.08565636804787903	0.27583060432835954	0.166987013010997	0.16237719923425165	0.27364391111629605	0.15288453601684882	0.11442667974276874	0.27501059437383574	0.13878205902270058	0.06647616025128585	0.27637727763137543	0.14442304982035986	0.08565636804787903	0.27583060432835954	0.1228248315016466	0.06359829817092512	0.28198983209378703	0.12020802967389808	0.020091745012171886	0.286550352715895	0.2835881207250224	0.029999999999999978	0.18425400137746473	0.15981053695646533	0.15231071830133072	+z	+z	True	True	False	False	rh3	handbox_surface
box021_person1	box021	box021_person1	old_box021_control	23	107	left	True	0.1596	0.00438264459361812	0.24741194558741136	0.0015620261747059118	0.1281839963684024	0.29639333852846145	-0.021878521427596605	0.20288639257687813	0.2799588403975142	-0.0072281791761575395	0.15619739494658078	0.29023040172935627	0.007422163075281527	0.10950839731628341	0.3005019630611982	0.0015620261747059118	0.1281839963684024	0.29639333852846145	0.023301383238553415	0.10793871456520224	0.30681162461923756	0.0263534058236154	0.06602188358995502	0.31922444078006634	0.22959263920767178	0.030000000000000002	0.142426785796469	0.10771300360092316	0.08896512487035718	+x	+z	False	True	False	False	lh3	handbox_surface
box021_person1	box021	box021_person1	old_box021_control	23	107	right	True	0.11523268705872593	-0.17258989063869717	0.2647	0.15169409515939727	0.08857353182668573	0.27638590166383764	0.17473215675020715	0.16511975243742882	0.27323569082176546	0.160333368255951	0.1172783645557144	0.27520457259806064	0.14593457976169483	0.06943697667399996	0.27717345437435564	0.15169409515939727	0.08857353182668573	0.27638590166383764	0.13007979567760686	0.06670570518682117	0.2831385147777441	0.12726160270206788	0.023247779902844847	0.28803061926055684	0.29354390278010234	0.030000000000000034	0.19428507482196217	0.17006301210471875	0.16199475634009874	+z	+z	True	True	False	False	rh3	handbox_surface
box021_person1	box021	box021_person1	old_box021_control	24	108	left	True	0.1596	0.007171199411558666	0.24685050731437355	0.004479579127931515	0.13372224827193635	0.2883367327472507	-0.016794545221705464	0.20944201558362074	0.27371043890976215	-0.0034982175031823396	0.16211716101381798	0.2828518725581925	0.009798110215340787	0.11479230644401522	0.29199330620662284	0.004479579127931515	0.13372224827193635	0.2883367327472507	0.02555179832761793	0.1126300911653079	0.2984409028022019	0.027353061953889805	0.07032238429712477	0.30972039546873004	0.22782751780455116	0.029999999999999985	0.13989676446367572	0.103345030709468	0.08639784904492913	+x	+z	False	True	False	False	lh3	handbox_surface
box021_person1	box021	box021_person1	old_box021_control	24	108	right	True	0.11730355977371637	-0.17481685325432275	0.2647	0.1541792602448537	0.09097465401112993	0.2763746237348362	0.17931453818473644	0.16685676753967424	0.27319301261372664	0.16360498947230975	0.11943044658433406	0.2751815195644201	0.1478954407598831	0.07200412562899389	0.2771700265151136	0.1541792602448537	0.09097465401112993	0.2763746237348362	0.13216010683886162	0.06966960425032552	0.28360160829818143	0.12823793513212095	0.026264210142080625	0.28819012650306874	0.29805227411790286	0.030000000000000047	0.19902200778340462	0.17405341095794002	0.16551048234349403	+z	+z	True	True	False	False	rh3	handbox_surface
box021_person1	box021	box021_person1	old_box021_control	25	109	left	True	0.1596	0.006143914727121618	0.24492446762784725	0.006791837031889045	0.13666223766158345	0.27934688950400144	-0.007777063008057307	0.2140958492848433	0.26549831764246207	0.0013284995169091827	0.1656998420203059	0.2741536750559242	0.010434062041875627	0.11730383475576853	0.2828090324693863	0.006791837031889045	0.13666223766158345	0.27934688950400144	0.0258936217339343	0.11371907693439486	0.28933412951077003	0.023962353209315754	0.07128652856549773	0.30011200530875204	0.22663254039618955	0.03000000000000004	0.13984795263824934	0.10353107002942837	0.08710137319552409	+x	+z	False	True	False	False	lh3	handbox_surface
box021_person1	box021	box021_person1	old_box021_control	25	109	right	True	0.11635956842090119	-0.2089	0.23123335383422786	0.15461865914058	0.08837311764122391	0.27704062397197476	0.18645245243357042	0.1616544996390487	0.27298492957174686	0.16655633162545144	0.1158536358904082	0.27551973857188927	0.14666021081733246	0.0700527721417677	0.2780545475720317	0.15461865914058	0.08837311764122391	0.27704062397197476	0.13104251837607547	0.06913340018540637	0.2851014196385561	0.12334559937902102	0.026245182762112563	0.2897730801689094	0.33158094476822053	0.03000000000000001	0.23447320119520282	0.21264159772800634	0.19683050913027053	-y	+x	False	False	False	False	rh3	handbox_surface
box021_person1	box021	box021_person1	old_box021_control	26	110	left	True	0.1596	0.007461988613747626	0.2450037994181884	0.0022267116248908033	0.13953169521700068	0.274939021475814	-0.007833273483914856	0.21735083407023403	0.25935125936087916	-0.0015457827909113057	0.1687138722869632	0.2690936106827134	0.004741707902092188	0.1200769105036923	0.2788359620045477	0.0022267116248908033	0.13953169521700068	0.274939021475814	0.019928276976112186	0.11576429340282353	0.28555867123602674	0.015520623594845798	0.07374941914230963	0.2972092720125328	0.22923885426824192	0.03000000000000001	0.14444234746841833	0.11027829789994294	0.09304259048894176	+x	+z	False	True	False	False	lh3	handbox_surface
box021_person1	box021	box021_person1	old_box021_control	26	110	right	True	0.11547198712889359	-0.17306603114954508	0.2647	0.14559929642893413	0.09164189208909543	0.27834358976162604	0.1827841744142151	0.16220755370492043	0.27219767649013776	0.15954362567341446	0.11810401519502983	0.27603887228481794	0.1363030769326139	0.07400047668513923	0.2798800680794981	0.14559929642893413	0.09164189208909543	0.27834358976162604	0.1207927762419256	0.07440655473459809	0.28720684370101013	0.10997344697032478	0.03232563296693228	0.2929168616696397	0.29470472550841836	0.030000000000000027	0.19840738326977114	0.1707573911476773	0.15628984128492535	+z	+z	True	True	False	False	rh3	handbox_surface
box021_person1	box021	box021_person1	old_box021_control	27	111	left	True	0.1596	0.010199959215260594	0.24499166528586108	0.0025830280553355107	0.13967238905247756	0.2798753280773029	-0.009197559081196502	0.2162534478060174	0.2599615336898576	-0.0018346921208640039	0.16839028608505502	0.27240765518201093	0.005528174839468542	0.12052712436409262	0.2848537766741643	0.0025830280553355107	0.13967238905247756	0.2798753280773029	0.020808421581748057	0.11693416697959172	0.29178415059177637	0.017333170870531895	0.07555260073245032	0.30578065634633295	0.2276773502949214	0.030000000000000002	0.14364709809963205	0.11151027702474721	0.09375974785448102	+x	+z	False	True	False	False	lh3	handbox_surface
box021_person1	box021	box021_person1	old_box021_control	27	111	right	True	0.11861437486775363	-0.1701853277011972	0.2647	0.14400976949902736	0.09518444508642344	0.2804091586347759	0.18004174459612565	0.16595742943517705	0.2707716560032238	0.1575217601604392	0.12172431421720604	0.2767950951479438	0.1350017757247529	0.07749119899923504	0.28281853429266385	0.14400976949902736	0.09518444508642344	0.2804091586347759	0.119609844243459	0.07797741417503168	0.2903860971753746	0.10950891003957614	0.03601638240469988	0.2979827483378166	0.29473940184827974	0.030000000000000013	0.19887846445635338	0.17440091231126584	0.15730660169980254	+z	+z	True	True	False	False	rh3	handbox_surface
box021_person1	box021	box021_person1	old_box021_control	28	112	left	True	0.1596	0.009917908083129845	0.2460224653081215	0.004470363316958417	0.1372787658346404	0.2869580477494333	-0.011955965972867869	0.2115214791143454	0.2620945156003255	-0.0016895101667264516	0.16511978331452978	0.27763422319351777	0.008576945639414975	0.11871808751471416	0.2931739307867102	0.004470363316958417	0.1372787658346404	0.2869580477494333	0.02401026908613891	0.11654698401573213	0.3003519669314512	0.023045507443842015	0.07602035323728408	0.31699753687154647	0.2260558147930959	0.030000000000000047	0.14201224619675612	0.1120935030788146	0.091446225719234	+x	+z	False	True	False	False	lh3	handbox_surface
box021_person1	box021	box021_person1	old_box021_control	28	112	right	True	0.1197457524384091	-0.16729553413774395	0.2647	0.1465989977127624	0.09500955541691355	0.2828810637183575	0.17853308344090807	0.16707879930717306	0.26923415000888673	0.15857427986081707	0.12203552187576085	0.2777634710773059	0.13861547628072607	0.0769922444443487	0.2862927921457252	0.1465989977127624	0.09500955541691355	0.2828810637183575	0.12349450015631942	0.07699817964529627	0.2944027868266306	0.11586706488797012	0.03491457964610135	0.3039557450198136	0.29221698922593486	0.030000000000000006	0.19596510710892984	0.17638006029000255	0.15764426538599463	+z	+z	True	True	False	False	rh3	handbox_surface
box021_person1	box021	box021_person1	old_box021_control	29	113	left	True	0.1596	0.007758968417932198	0.24697804628574827	0.002831112063224744	0.13760467513316169	0.2954632038242484	-0.014871564186161422	0.21015411239908205	0.2667718391650393	-0.003807391530295083	0.1648107141078818	0.284703942077045	0.007256781125571258	0.11946731581668159	0.30263604498905067	0.002831112063224744	0.13760467513316169	0.2954632038242484	0.022552535056850093	0.11804692926762633	0.31028115974520265	0.022212468250491762	0.07831715383186956	0.3287701528032696	0.22976176715078503	0.030000000000000002	0.146939137896048	0.12114727551613054	0.09548722930545991	+x	+z	False	True	False	False	lh3	handbox_surface
box021_person1	box021	box021_person1	old_box021_control	29	113	right	True	0.11523993949834208	-0.16791780577000817	0.2647	0.14368444042630646	0.0950118579831869	0.28319350429635737	0.17630710062304703	0.16671402971306898	0.2692450057783626	0.15591793800008413	0.12190017238189267	0.27796281735210926	0.1355287753771213	0.07708631505071636	0.28668062892585605	0.14368444042630646	0.0950118579831869	0.28319350429635737	0.12038692809540892	0.07727308476620183	0.29474942969650825	0.11235270010007109	0.035312618520763984	0.3045083548878498	0.2929591479136277	0.030000000000000002	0.1968234270251274	0.17756364753215487	0.15851302320242272	+z	+z	True	True	False	False	rh3	handbox_surface
box021_person1	box021	box021_person1	old_box021_control	30	114	left	True	0.1596	0.008568874302397817	0.24691758146391413	0.0025495569252366825	0.12781324194174967	0.29813630434863797	-0.014503594904492746	0.20060922657883945	0.2696769538045938	-0.00384537501091186	0.15511173618065832	0.2874640478946214	0.006812844882669026	0.10961424578247725	0.305251141984649	0.0025495569252366825	0.12781324194174967	0.29813630434863797	0.0220804271585978	0.10804156976468014	0.3129227120651796	0.021379164725539187	0.06824801194104439	0.3312637739931771	0.22323354792670616	0.030000000000000002	0.14224173883270208	0.11937606638078802	0.09413891944519719	+x	+z	False	True	False	False	lh3	handbox_surface
box021_person1	box021	box021_person1	old_box021_control	30	114	right	True	0.10044786700497196	-0.1715356137795704	0.2647	0.16066848571671222	0.07540958267806619	0.2907194618044487	0.1924804569264363	0.14748134438550725	0.27680329666682874	0.17259797492035875	0.10243649331835657	0.2855008998778413	0.15271549291428116	0.057391642251205924	0.29419850308885376	0.16066848571671222	0.07540958267806619	0.2907194618044487	0.13752387482348974	0.05740773110674372	0.3021753727028104	0.12995333422915115	0.015372240861088739	0.31198203588774326	0.2840757486580083	0.02999999999999995	0.18666380153386197	0.17145203773352694	0.15351164716547108	+z	+x	True	False	False	False	rh3	handbox_surface
box021_person1	box021	box021_person1	old_box021_control	31	115	left	True	0.1596	0.017575830541475806	0.24692259724074417	0.0025291459183961916	0.1312019169011563	0.29197751396639204	-0.016682422679497204	0.2051630185388801	0.26829901999944544	-0.004675192305813832	0.15893733001530266	0.28309807872878706	0.007332038067869538	0.1127116414917253	0.29789713745812874	0.0025291459183961916	0.1312019169011563	0.29197751396639204	0.02287441690214789	0.11099018801099658	0.30496087754360496	0.02345434702491442	0.07021700305397319	0.3210115671058253	0.21972272936929527	0.029999999999999957	0.13664072038679037	0.10865088508402222	0.08767669995963756	+x	+z	False	True	False	False	lh3	handbox_surface
box021_person1	box021	box021_person1	old_box021_control	31	115	right	True	0.10419303622464435	-0.17275304149805717	0.2647	0.1802712811135366	0.0723839942947002	0.2812304277766468	0.20980698342186002	0.14600027690180511	0.27082440912084144	0.19134716947915784	0.09999010027236452	0.2773281707807198	0.17288735553645573	0.05397992364292399	0.2838319324405982	0.1802712811135366	0.0723839942947002	0.2812304277766468	0.15752451904179085	0.053160714638144965	0.2914298347399492	0.15123262193459813	0.01054080206878885	0.2994561197634667	0.2866079814370368	0.029999999999999975	0.18768209403791042	0.16743996254893087	0.1555719134419727	+z	+x	True	False	False	False	rh3	handbox_surface
box021_person1	box021	box021_person1	old_box021_control	32	116	left	True	0.1596	0.019072352615361526	0.24711414406452265	0.006228889672286804	0.12968660983817062	0.29440315748178636	-0.01592841528399707	0.20421589387020064	0.2755765895856655	-0.0020800996863196675	0.15763509135018183	0.287343194520741	0.011768215911357788	0.11105428883016313	0.2991097994558165	0.006228889672286804	0.12968660983817062	0.29440315748178636	0.027666097497267228	0.1093980572665088	0.3053499616330084	0.030026377372179884	0.0678818551989749	0.319179191933697	0.21669901638189615	0.03000000000000001	0.13170982680148297	0.10027998366957193	0.08090490165464163	+x	+z	False	True	False	False	lh3	handbox_surface
box021_person1	box021	box021_person1	old_box021_control	32	116	right	True	0.10517569874817295	-0.1763469275015512	0.2647	0.17761117145866848	0.07376631400224257	0.27925923601867114	0.20838220770442192	0.14730067088785836	0.27248858717373586	0.189150310050826	0.10134169783434849	0.27672024270182044	0.16991841239723013	0.05538272478083865	0.2809518982299049	0.17761117145866848	0.07376631400224257	0.27925923601867114	0.15433657898049807	0.05449359351203905	0.28808154624827553	0.14726734389987342	0.011694151415446169	0.2943024657543502	0.29035701165803457	0.030000000000000002	0.19115218206277196	0.16908703745419293	0.1592948736037743	+z	+x	True	False	False	False	rh3	handbox_surface
box021_person1	box021	box021_person1	old_box021_control	33	117	left	True	0.1596	0.02361037589281714	0.2473924062789006	0.004896459337911405	0.13167129379216846	0.2980078917489403	-0.020357203847347398	0.20627270131594952	0.28397640960355536	-0.0045736643565606645	0.15964682161358637	0.292746085944421	0.011209875134226064	0.11302094191122324	0.30151576228528654	0.004896459337911405	0.13167129379216846	0.2980078917489403	0.02745483715122166	0.11157167385745274	0.30684738465417116	0.03173350864253246	0.06954610926759335	0.3185075071699386	0.2179813361088584	0.030000000000000037	0.13150266151989548	0.09693427561153181	0.0793380908567035	+x	+z	False	True	False	False	lh3	handbox_surface
box021_person1	box021	box021_person1	old_box021_control	33	117	right	True	0.10944668148974666	-0.1760671343281736	0.2647	0.16016474727978228	0.0884861923041894	0.2775505459193967	0.1944349235214587	0.16066103064614048	0.2735073132179964	0.17301606337041084	0.11555175668242106	0.2760343336563716	0.15159720321936312	0.07044248271870168	0.2785613540947468	0.16016474727978228	0.0884861923041894	0.2775505459193967	0.13600313554657398	0.07002935552622902	0.28570770611833984	0.1268886452683519	0.027411280161234383	0.2903002965701039	0.2986822911161168	0.029999999999999975	0.20047114587516052	0.1737782292696184	0.16318083737419584	+z	+x	True	False	False	False	rh3	handbox_surface
box021_person1	box021	box021_person1	old_box021_control	34	118	left	True	0.1596	0.017736528560830373	0.24706017011306214	0.009728658217639392	0.12090388883087747	0.30251396782558554	-0.018882061561768793	0.19517311444335325	0.2944202146401125	-0.00100036169963865	0.14875484843555586	0.2994788103810331	0.01688133816249144	0.10233658242775857	0.30453740612195385	0.009728658217639392	0.12090388883087747	0.30251396782558554	0.033390592669999275	0.1012041204559394	0.30907474139702606	0.03974472200491554	0.0587312351905242	0.3177978499906257	0.21378959321817706	0.029999999999999985	0.1255830806490139	0.08865020609849487	0.07218806077371634	+x	+z	False	True	False	False	lh3	handbox_surface
box021_person1	box021	box021_person1	old_box021_control	34	118	right	True	0.1060356238604082	-0.17821902198764356	0.2647	0.16146763959599508	0.08258226491132754	0.2747434364142603	0.19361552027742315	0.15583387058523113	0.27558962427024836	0.17352309485153056	0.11005161703904139	0.27506075686025583	0.15343066942563807	0.06426936349285164	0.27453188945026324	0.16146763959599508	0.08258226491132754	0.2747434364142603	0.1376727242122071	0.0630108973665005	0.2812041749331496	0.12974395907693642	0.01995808070006105	0.2832180836752416	0.2962462917039608	0.03000000000000003	0.19727226590790498	0.16864987106981633	0.1628581526747753	+z	+x	True	False	False	False	rh3	handbox_surface
box021_person1	box021	box021_person1	old_box021_control	35	119	left	True	0.1596	0.018580575570096673	0.24695025442417062	0.006365184642986853	0.11608202035360443	0.30245156368720877	-0.022353403837335657	0.19061617533679143	0.29799035122419404	-0.004404286037134073	0.1440323284722996	0.3007786090135782	0.013544831763067453	0.09744848160780768	0.3035668668029624	0.006365184642986853	0.11608202035360443	0.30245156368720877	0.03010253826175071	0.09612749441142679	0.30787066910327326	0.03656323399005097	0.053312566826603326	0.3146201100076997	0.21338472274881456	0.03000000000000006	0.12537873180275377	0.08793791694441554	0.0719164931768163	+x	+z	False	True	False	False	lh3	handbox_surface
box021_person1	box021	box021_person1	old_box021_control	35	119	right	True	0.10835410273468432	-0.17167874491992544	0.2647	0.15013395025612775	0.08613062276343685	0.27253409315477717	0.1837389698280539	0.158578883678851	0.27721940530046546	0.16273583259560007	0.11329872060671711	0.27429108520941026	0.14173269536314623	0.06801855753458333	0.2713627651183551	0.15013395025612775	0.08613062276343685	0.27253409315477717	0.12572767707647287	0.06686265987443012	0.2774388870845688	0.11684527434314648	0.023949351017068313	0.2775693190647804	0.29027834455251483	0.029999999999999968	0.19210187873878104	0.15892900633933077	0.1543704617621501	+z	+z	True	True	False	False	rh3	handbox_surface
box021_person1	box021	box021_person1	old_box021_control	36	120	left	False	nan	nan	nan	-0.025321191409386924	0.1338282658619253	0.3058764231312107	-0.052776308230087825	0.20896840706934	0.3062956363126014	-0.03561686021714976	0.16200581881470577	0.30603362807423223	-0.018457412204211716	0.11504323056007157	0.30577161983586304	-0.025321191409386924	0.1338282658619253	0.3058764231312107	-0.0018875913973304184	0.11318079061954468	0.3098210298923371	0.0038864787178892507	0.06992838217212746	0.3138587079022848	nan	0.029999999999999964	nan	nan	nan		+z	False	True	False	False	lh3	NA
box021_person1	box021	box021_person1	old_box021_control	36	120	right	True	0.1264191690029785	-0.12499786445139663	0.2647	0.10488639327883138	0.11404750696492355	0.27472726791426505	0.1424140995392296	0.1841480094002824	0.2835358331290724	0.11895928312648069	0.1403351953781831	0.2780304798698178	0.09550446671373186	0.0965223813560838	0.2725251266105632	0.10488639327883138	0.11404750696492355	0.27472726791426505	0.07924321778239701	0.09608079554024127	0.2779834004280084	0.06790244229756347	0.053794488637061655	0.27605435201013395	0.265772429400375	0.02999999999999996	0.17380386664825664	0.13889134767266703	0.1289728506858125	+z	+z	True	True	False	False	rh3	handbox_surface
box021_person1	box021	box021_person1	old_box021_control	37	121	left	False	nan	nan	nan	-0.07076927628780454	0.15007020796385545	0.3320530297872995	-0.09652500992881682	0.22554457216350057	0.3383983062408944	-0.08042767640318418	0.17837309453872238	0.33443250845739764	-0.06433034287755147	0.13120161691394408	0.3304667106739008	-0.07076927628780454	0.15007020796385545	0.3320530297872995	-0.04768114569052148	0.12874276406994745	0.33381090588779927	-0.04273605068809013	0.08521072570941284	0.33477071706900985	nan	0.030000000000000006	nan	nan	nan		+z	False	True	False	False	lh3	NA
box021_person1	box021	box021_person1	old_box021_control	37	121	right	False	nan	nan	nan	0.05191414187146583	0.1425217985944926	0.3005307968944347	0.09040097223929126	0.21119945850664934	0.3147484942195423	0.06634670325940034	0.16827592106155134	0.30586243339135005	0.04229243427950945	0.12535238361645348	0.2969763725631577	0.05191414187146583	0.1425217985944926	0.3005307968944347	0.025726719797638575	0.12507555612422125	0.3014391562404693	0.013580708733748371	0.08321413895992094	0.296904585021701	nan	0.02999999999999997	nan	nan	nan		+z	False	True	False	False	rh3	NA
box021_person1	box021	box021_person1	old_box021_control	38	122	left	True	0.1596	0.010825587050439558	0.24682844546021296	0.00873724011261615	0.10010811253509162	0.2953712996237325	-0.017778061841399923	0.17481917695623916	0.30610422165580264	-0.0012059981201398991	0.128124761693022	0.2993961453857588	0.015366065601120152	0.0814303464298047	0.292688069115715	0.00873724011261615	0.10010811253509162	0.2953712996237325	0.03223657725380627	0.0791671289527889	0.294853490353722	0.03794508234421099	0.035728184029646406	0.29391295885147695	0.20586653073947625	0.03000000000000007	0.11700767934745608	0.07805386309865388	0.05731712650855665	+x	+z	False	True	False	False	lh3	handbox_surface
box021_person1	box021	box021_person1	old_box021_control	38	122	right	True	0.11415876538097258	-0.17160456123368129	0.2647	0.14224838526273337	0.08645880846060804	0.27125843644792774	0.1779830989937537	0.15768385317071976	0.2783311474277859	0.15564890291186595	0.11316820022689993	0.27391070306537457	0.13331470682997826	0.06865254728308	0.26949025870296317	0.14224838526273337	0.08645880846060804	0.27125843644792774	0.11751919942153978	0.0675927961971121	0.276108025792515	0.10747090463630009	0.024971575912439734	0.2743964413627651	0.28792671677559906	0.02999999999999996	0.1910671584104186	0.15400033005982997	0.15055565451864739	+z	+z	True	True	False	False	rh3	handbox_surface
box021_person1	box021	box021_person1	old_box021_control	39	123	left	True	0.1596	0.011536526980006205	0.24698958015587097	0.007434682785907184	0.09751272362237598	0.2963434058578684	-0.01689504417725661	0.17241486602850478	0.3104051784655411	-0.0016889648252792293	0.1256010270246743	0.3016165705857457	0.013517114526698158	0.07878718802084378	0.2928279627059502	0.007434682785907184	0.09751272362237598	0.2963434058578684	0.030383640876509396	0.07605181765665793	0.2943974861277432	0.03498673263546744	0.03254839074400729	0.291813504892521	0.20496084608596798	0.030000000000000002	0.11722445441215483	0.07864554776378448	0.055186084548238375	+x	+z	False	True	False	False	lh3	handbox_surface
box021_person1	box021	box021_person1	old_box021_control	39	123	right	True	0.11180048666142152	-0.17306239835394183	0.2647	0.14276901682041454	0.07853498850371532	0.2704321099946952	0.1794452447080816	0.14909378775375165	0.27916767845501844	0.15652260227828968	0.10499453822247892	0.2737079481673164	0.13359995984849773	0.06089528869120622	0.26824821787961445	0.14276901682041454	0.07853498850371532	0.2704321099946952	0.11796276112433761	0.05975434316813349	0.2752190304061642	0.10740940474822946	0.01732645178536797	0.27222455717754607	0.28177450334211795	0.03	0.18499788554127605	0.14679287741221939	0.14475092754430544	+z	+z	True	True	False	False	rh3	handbox_surface
box021_person1	box021	box021_person1	old_box021_control	40	124	left	True	0.1596	0.005656567366654674	0.24707916076820097	0.01016675333993777	0.09656684119764879	0.29459646837896536	-0.012366716360479629	0.1714469195845989	0.3114848254341847	0.0017167022022812441	0.12464687059275507	0.3009296022746726	0.015800120765042124	0.07784682160091126	0.2903743791151605	0.01016675333993777	0.09656684119764879	0.29459646837896536	0.03262299115440452	0.07470645018361005	0.2916211610262462	0.036258051229092085	0.03122776265623233	0.28752193731196063	0.20490411912834836	0.02999999999999999	0.11662627045608974	0.07742217002271018	0.0530314371840555	+x	+z	False	True	False	False	lh3	handbox_surface
box021_person1	box021	box021_person1	old_box021_control	40	124	right	True	0.10914109464883813	-0.17203882697961675	0.2647	0.13949442796042338	0.07202455399539677	0.26988357218327674	0.17854381903906852	0.14115239074806182	0.2797063641633569	0.15413794961491534	0.09794749277764617	0.2735671191758068	0.1297320801907621	0.05474259480723054	0.26742787418825675	0.13949442796042338	0.07202455399539677	0.26988357218327674	0.1142753771087144	0.05384288386618667	0.27482360389950106	0.10235012221008162	0.011863063850297196	0.27082996208507065	0.2738538946507556	0.03000000000000003	0.17773063748832435	0.13819742889473394	0.13680549430478617	+z	+z	True	True	False	False	rh3	handbox_surface
box021_person1	box021	box021_person1	old_box021_control	41	125	left	True	0.1596	0.002703120223169532	0.24694353831245044	0.011949265032961693	0.09872342141097817	0.29145881220978326	-0.009349700981185639	0.17349360810486156	0.31032076408359593	0.003962152777656438	0.12676224142118442	0.29853204416246304	0.017274006536498528	0.08003087473750736	0.28674332424133014	0.011949265032961693	0.09872342141097817	0.29145881220978326	0.03407227593558462	0.07665270484582294	0.2876551791027773	0.037081255157252385	0.0332318100022998	0.28255758153716093	0.2056092871838869	0.029999999999999995	0.11679416354773035	0.07734224424945116	0.05228508126154996	+x	+z	False	True	False	False	lh3	handbox_surface
box021_person1	box021	box021_person1	old_box021_control	41	125	right	True	0.10831956704391006	-0.1705265776097425	0.2647	0.13687846213691046	0.07338484613487915	0.2699688389962118	0.1774928967255274	0.14165349480569595	0.27944825415262026	0.1521088751076418	0.09898558938643548	0.2735236196798649	0.1267248534897562	0.05631768396717491	0.2675989852071097	0.13687846213691046	0.07338484613487915	0.2699688389962118	0.11161931753328279	0.055491937728998846	0.27569570642767965	0.09882152366031688	0.013804981375143936	0.2713505585771831	0.27318888689683374	0.030000000000000013	0.17760816702122445	0.1373244553062689	0.13625569934481122	+z	+z	True	True	False	False	rh3	handbox_surface
box021_person1	box021	box021_person1	old_box021_control	42	126	left	True	0.1596	0.014871931070793896	0.24751885264935364	0.00030235389048658675	0.10628776591187863	0.2947196989699491	-0.021264013308381263	0.18003842823893543	0.31698473012115236	-0.007785033809088843	0.13394426428452497	0.3030690856516503	0.0056939456902035755	0.0878501003301145	0.2891534411821483	0.00030235389048658675	0.10628776591187863	0.2947196989699491	0.022518725936607975	0.08453894907385208	0.28977666901212074	0.025734251926024666	0.04139892324745089	0.2827758026215567	0.21279520311050498	0.030000000000000044	0.1253463022249034	0.086786232495282	0.06005939774052481	+x	+z	False	True	False	False	lh3	handbox_surface
box021_person1	box021	box021_person1	old_box021_control	42	126	right	True	0.110368327656354	-0.1639622909653164	0.2647	0.13165458105632938	0.08255605496465399	0.26870818644695826	0.16975275309183926	0.15194416213207323	0.28027624035742416	0.1459413955696456	0.10857659515243621	0.27304620666338303	0.12213003804745191	0.0652090281727992	0.2658161729693418	0.13165458105632938	0.08255605496465399	0.26870818644695826	0.10735874661505897	0.06334929776417511	0.2743464906734109	0.0961300692860479	0.02141793735651566	0.2683345036716183	0.2749773568364073	0.030000000000000054	0.1794756570726524	0.13835234290006082	0.13783412088562572	+z	+z	True	True	False	False	rh3	handbox_surface
box021_person1	box021	box021_person1	old_box021_control	43	127	left	False	nan	nan	nan	-0.02384342567763074	0.11109499243943638	0.32804541445254587	-0.0460997270857671	0.1831362998725794	0.3547794203430509	-0.032189538705681885	0.13811048272686505	0.3380706666614853	-0.018279350325596657	0.0930846655811506	0.3213619129799197	-0.02384342567763074	0.11109499243943638	0.32804541445254587	-0.0013812170570800214	0.09010649665580664	0.3212672145043951	0.0024466681414849895	0.047458243110177066	0.3119458771366133	nan	0.030000000000000037	nan	nan	nan		+z	False	True	False	False	lh3	NA
box021_person1	box021	box021_person1	old_box021_control	43	127	right	False	nan	nan	nan	0.11539013313006877	0.08669765724880264	0.3085616131754483	0.14883837057112598	0.15820282421060033	0.32153182943625486	0.1279332221704652	0.11351209485947682	0.31342544427325075	0.10702807376980447	0.06882136550835317	0.3053190591102466	0.11539013313006877	0.08669765724880264	0.3085616131754483	0.09251675777183105	0.06574993145428798	0.3139448326271139	0.08408160917779886	0.023315978422241136	0.3069681524584062	nan	0.030000000000000023	nan	nan	nan		+z	False	True	False	False	rh3	NA
box021_person1	box021	box021_person1	old_box021_control	44	128	left	True	0.1596	0.016895944507506658	0.24654517279539503	0.0075783451710803714	0.1047584348639384	0.2939010872847368	-0.017072867825799636	0.17755690322895593	0.3160979497091875	-0.001665859702749637	0.1320578605008199	0.3022249106939057	0.013741148420300369	0.086558817772684	0.2883518716786241	0.0075783451710803714	0.1047584348639384	0.2939010872847368	0.0307467340760635	0.08440248712871642	0.28758658704654966	0.0363382296341847	0.041377592934939	0.2814215872130156	0.20583774584211884	0.02999999999999991	0.11695963753920281	0.07851257256691273	0.052451226974688285	+x	+z	False	True	False	False	lh3	handbox_surface
box021_person1	box021	box021_person1	old_box021_control	44	128	right	True	0.11435952272683268	-0.17632825605425553	0.2647	0.15232112811558032	0.09126457328210523	0.27302932099772353	0.18017255864746584	0.16615807361191523	0.27693590846971133	0.16276541456503743	0.11934963590578394	0.274494291299719	0.14535827048260894	0.07254119819965267	0.27205267412972656	0.15232112811558032	0.09126457328210523	0.27302932099772353	0.13221277446647497	0.06896603476463535	0.2824848411533378	0.1270601689587493	0.02554463826593873	0.2795695108992293	0.2997740387369268	0.02999999999999995	0.20090035759225672	0.16772228045286278	0.16609864353896556	+z	+z	True	True	False	False	rh3	handbox_surface
box021_person1	box021	box021_person1	old_box021_control	45	129	left	True	0.1596	0.012304154447913117	0.2458596265246528	0.011230982535192866	0.10059185783327015	0.2945464372598921	-0.013579344825024913	0.17427642505603466	0.31338873567257897	0.0019271097751112026	0.12822357054180689	0.3016122991646497	0.017433564375247308	0.082170716027579	0.2898358626567204	0.011230982535192866	0.10059185783327015	0.2945464372598921	0.03442162869057876	0.0801959933183248	0.2884460760006402	0.04042010983646151	0.03695281091264277	0.2846435813877447	0.2034856551354954	0.03000000000000008	0.11439750968173322	0.07581270489103605	0.049996479094178745	+x	+z	False	True	False	False	lh3	handbox_surface
box021_person1	box021	box021_person1	old_box021_control	45	129	right	True	0.11605067886741183	-0.17829411171094772	0.2647	0.15603372679141594	0.09471935559733873	0.27691298241610596	0.1804780610970145	0.17082975106947199	0.2738013556017806	0.16520035215601542	0.12326075389938868	0.275746122360734	0.14992264321501633	0.07569175672930546	0.2776908891196873	0.15603372679141594	0.09471935559733873	0.27691298241610596	0.1378924554606731	0.07224245959729003	0.28942941116448156	0.1346082111959125	0.028543020659118245	0.2896267535172111	0.3057336163670145	0.030000000000000013	0.20656362668202793	0.1778514265824102	0.17315339140617853	+z	+z	True	True	False	False	rh3	handbox_surface
box021_person1	box021	box021_person1	old_box021_control	46	130	left	True	0.1392425324311006	0.009111892287769282	0.2647	0.016370791786900915	0.08862647269932994	0.29439048718367256	-0.008757363936185477	0.1618762341438186	0.3144665485075931	0.006947733390743515	0.1160951332410132	0.3019190101801427	0.02265283071767252	0.0703140323382077	0.28937147185269246	0.016370791786900915	0.08862647269932994	0.29439048718367256	0.03966341890378217	0.06835534099835539	0.2882629666846964	0.045710337500142216	0.02520664889743885	0.28356842609173083	0.1741625172555159	0.029999999999999992	0.08396843663997054	0.048440655784163386	0.025449789077869208	+z	+z	True	True	False	False	lh3	handbox_surface
box021_person1	box021	box021_person1	old_box021_control	46	130	right	True	0.11213243468918586	-0.17870443256080235	0.2647	0.1561367228326052	0.08638132039354894	0.2756704185409652	0.17996475572292728	0.1627445868824275	0.27473426699006387	0.16507223516647598	0.11501754532687843	0.2753193617093772	0.1501797146100247	0.06729050377132925	0.27590445642869055	0.1561367228326052	0.08638132039354894	0.2756704185409652	0.13848288396127834	0.0633191974054109	0.2878136481069013	0.13550729270628803	0.01961734406290831	0.2864869834848403	0.29864358960463405	0.030000000000000044	0.19917191666455225	0.17077197851278944	0.16768539057654497	+z	+z	True	True	False	False	rh3	handbox_surface
box021_person1	box021	box021_person1	old_box021_control	47	131	left	True	0.1596	0.017501080432613707	0.2467379771370317	0.011446787684320406	0.08608467314993062	0.29620766902159706	-0.012849564777372261	0.15833193190598252	0.32049801400254113	0.002335655511185654	0.11317739518345012	0.3053165483894511	0.017520875799743593	0.0680228584609176	0.2901350827763611	0.011446787684320406	0.08608467314993062	0.29620766902159706	0.034497127861094545	0.0660247212156005	0.28863852692773617	0.04017367556048262	0.023145441559890453	0.28159880048889785	0.19317732853979616	0.030000000000000013	0.10691474234922672	0.07103723011743919	0.04229216159470185	+x	+z	False	True	False	False	lh3	handbox_surface
box021_person1	box021	box021_person1	old_box021_control	47	131	right	True	0.1149207295796079	-0.1760525160195117	0.2647	0.1544716115427913	0.08806682505005785	0.27416926717563656	0.17681827826309238	0.16485301101103955	0.27629250339832245	0.1628516115629042	0.116861644785426	0.2749654807591437	0.14888494486271603	0.06887027855981244	0.273638458119965	0.1544716115427913	0.08806682505005785	0.27416926717563656	0.13788487537103594	0.06400881150626586	0.2858769456560657	0.13564650893640487	0.02039153016372858	0.28227296842305416	0.29698729794887513	0.030000000000000016	0.1974280486483	0.1681829382551724	0.16648005385068437	+z	+z	True	True	False	False	rh3	handbox_surface
box021_person1	box021	box021_person1	old_box021_control	48	132	left	True	0.1596	0.015904308064911964	0.24717519966930454	0.014662606341167561	0.0845846054881516	0.29768393766828044	-0.009011288345119805	0.1554375710424663	0.32630917098683465	0.0057848958338098	0.11115446757101954	0.3084184001627383	0.020581080012739412	0.06687136409957291	0.290527629338642	0.014662606341167561	0.0845846054881516	0.29768393766828044	0.03752492060822854	0.06491874834397217	0.28865174994610787	0.04295002999433228	0.022480327547992247	0.2791669097048676	0.19100368782375335	0.029999999999999947	0.10428329162128831	0.06882765428820271	0.040353467888137075	+x	+z	False	True	False	False	lh3	handbox_surface
box021_person1	box021	box021_person1	old_box021_control	48	132	right	True	0.11209081957507826	-0.17697758049899062	0.2647	0.15613326001567543	0.08606680404851236	0.2722205674578325	0.1778129294632114	0.1628678644587908	0.2778409813662864	0.16426313605850143	0.1148672017023668	0.2743282226735027	0.15071334265379147	0.0668665389459427	0.2708154639807191	0.15613326001567543	0.08606680404851236	0.2722205674578325	0.14033225291128357	0.061165505357569434	0.2832310654437186	0.13835158049901056	0.0178080185325784	0.2771753705272133	0.2966277636655995	0.030000000000000044	0.19695961770406933	0.1681332228188092	0.1666616690071462	+z	+z	True	True	False	False	rh3	handbox_surface
box021_person1	box021	box021_person1	old_box021_control	49	133	left	True	0.1596	0.016204732174010344	0.2477599611273205	0.014797098863862976	0.08812805349920301	0.29788416746400187	-0.007666981162474493	0.15924406996830306	0.32683027791319696	0.006373068853986426	0.11479655967511557	0.30873895888245007	0.02041311887044734	0.07034904938192797	0.29064763985170305	0.014797098863862976	0.08812805349920301	0.29788416746400187	0.03731484076347626	0.06815554685279294	0.2886612588169856	0.04206394258736092	0.025667126518326713	0.2790386949560497	0.1921386974184351	0.030000000000000058	0.10538322931014683	0.07017538764851831	0.04184756206972434	+x	+z	False	True	False	False	lh3	handbox_surface
box021_person1	box021	box021_person1	old_box021_control	49	133	right	True	0.11035452045314574	-0.17640070382389209	0.2647	0.15944598576678962	0.08773070769830967	0.27235550799291586	0.1803656974363465	0.16476391235274773	0.2776706791406849	0.16729087764287345	0.11661815944372392	0.2743486971733292	0.15421605784940035	0.0684724065347001	0.2710267152059736	0.15944598576678962	0.08773070769830967	0.27235550799291586	0.14431238468544152	0.06258502623288241	0.28374174485395515	0.14266121012599636	0.019236075380515003	0.2775281910818314	0.298655152906868	0.030000000000000002	0.1988507624355445	0.1707931327724322	0.1693538789307288	+z	+x	True	False	False	False	rh3	handbox_surface
box021_person1	box021	box021_person1	old_box021_control	50	134	left	True	0.13619108077521755	0.005013681434656241	0.2647	0.018799197145048307	0.07725338003212423	0.2954864137977714	-0.0014299440067089884	0.1506434222969896	0.32007672783853885	0.011213269213139317	0.10477464588144872	0.3047077815630592	0.023856482432987627	0.05890586946590786	0.28933883528757964	0.018799197145048307	0.07725338003212423	0.2954864137977714	0.040702261603305895	0.05584774952236397	0.28820173702205004	0.04381333983182054	0.012769686097695992	0.2807845131649692	0.16484030452470655	0.03000000000000001	0.0770059137199303	0.04425372085263238	0.01832852326020979	+z	+z	True	True	False	False	lh3	handbox_surface
box021_person1	box021	box021_person1	old_box021_control	50	134	right	True	0.10435991979007213	-0.17751474719952262	0.2647	0.16047839153473537	0.07396247144826569	0.2737456862003406	0.1841066746599073	0.15033573182428414	0.2767171060787167	0.16933899770667485	0.10260244408927262	0.27485996865473167	0.1545713207534424	0.054869156354261	0.2730028312307467	0.16047839153473537	0.07396247144826569	0.2737456862003406	0.14449010294081127	0.04972027333605699	0.28589755957162066	0.14130247364331547	0.0062889056623725	0.2809963873280876	0.287734506768793	0.030000000000000016	0.18789157283107955	0.16020060584077891	0.15865935461435715	+z	+x	True	False	False	False	rh3	handbox_surface
box021_person1	box021	box021_person1	old_box021_control	51	135	left	True	0.13934824450267483	0.0011441795040313231	0.2647	0.018795395601661453	0.08050039170310284	0.2963289865612564	0.0030361566127474816	0.15524669434528507	0.3200910703885135	0.012885680980818713	0.10853025519392122	0.30523976799647784	0.02273520534888994	0.061813816042557236	0.2903884656044421	0.018795395601661453	0.08050039170310284	0.2963289865612564	0.03936185532467533	0.05790894456210072	0.28873563312244876	0.04011308865178863	0.014598190386012238	0.2821002893411235	0.1707864807700027	0.03000000000000004	0.08393768313476836	0.05236101473573362	0.025694936931510308	+z	+z	True	True	False	False	lh3	handbox_surface
box021_person1	box021	box021_person1	old_box021_control	51	135	right	True	0.10730611410335601	-0.17838407784336074	0.2647	0.16191034493874423	0.07703417977760102	0.27530882043343524	0.18850288575776164	0.15248504556368714	0.27524861313396104	0.17188254774587577	0.10532825444738325	0.27528624269613233	0.15526220973398988	0.0581714633310795	0.27532387225830374	0.16191034493874423	0.07703417977760102	0.27530882043343524	0.14588464356147382	0.053626397274947654	0.2889554383873764	0.1407657114338769	0.010273903383649655	0.2851052468098275	0.2911612470955943	0.02999999999999994	0.19160127861877624	0.16268053670994323	0.160708834800342	+z	+x	True	False	False	False	rh3	handbox_surface
box021_person1	box021	box021_person1	old_box021_control	52	136	left	True	0.14219065937767822	0.010659410412545669	0.2647	0.01415021760682282	0.0866821583423153	0.29683417818103974	0.0007319850047551454	0.16097825878324662	0.32329245652842753	0.00911838038104745	0.11454319600766448	0.30675603256131023	0.017504775757339743	0.06810813323208235	0.2902196085941928	0.01415021760682282	0.0866821583423153	0.29683417818103974	0.03400310602903768	0.06369447468976616	0.2885612713463705	0.033332920535868865	0.02066548125969984	0.2802866026696348	0.17397925802154615	0.029999999999999957	0.08963586842420306	0.060962501517476085	0.03332170024347087	+z	+z	True	True	False	False	lh3	handbox_surface
box021_person1	box021	box021_person1	old_box021_control	52	136	right	True	0.10479773230817438	-0.17929932158385958	0.2647	0.16542775343293106	0.07784777751838538	0.27275113222135655	0.19217605207525607	0.1530986019408749	0.27742466872775573	0.17545836542380294	0.1060668366768189	0.27450370841125626	0.1587406787723498	0.059035071412762916	0.27158274809475674	0.16542775343293106	0.07784777751838538	0.27275113222135655	0.14925881301271493	0.053699472544664874	0.2848508140555822	0.14407723223322466	0.010670958777038409	0.27835740266552	0.2941477214791456	0.02999999999999995	0.1944596011197786	0.1657395830920111	0.1642957497173172	+z	+x	True	False	False	False	rh3	handbox_surface
box021_person1	box021	box021_person1	old_box021_control	53	137	left	True	0.14151350062542337	0.004496849063048509	0.2647	0.012576286052134351	0.08694197427830548	0.29515201589967505	-0.0012500768580359161	0.16084795406709376	0.3224785202523268	0.007391399960820498	0.11465671669910103	0.30539945503191945	0.01603287677967693	0.0684654793311084	0.2883203898115123	0.012576286052134351	0.08694197427830548	0.29515201589967505	0.03253376467956178	0.06383326798532737	0.28749052086212834	0.03171690599375121	0.02100879600525413	0.27822710316534727	0.17827052466454943	0.02999999999999997	0.09281209834582384	0.06151256366932039	0.03328953216301629	+z	+z	True	True	False	False	lh3	handbox_surface
box021_person1	box021	box021_person1	old_box021_control	53	137	right	True	0.1043974885082393	-0.17700994366035247	0.2647	0.16140738852247705	0.08049510513184155	0.26941474610216515	0.18838978622316058	0.15509948917937058	0.2797169834907592	0.17152578766023338	0.10847174914966488	0.27327808512288787	0.15466178909730613	0.0618440091199593	0.2668391867550166	0.16140738852247705	0.08049510513184155	0.26941474610216515	0.14423804279998634	0.055965691943373135	0.2791358069494589	0.13916306202407017	0.013378254181237776	0.27013464686388505	0.29339323274589724	0.02999999999999995	0.19409483155622181	0.16487262858812993	0.1616449172862796	+z	+x	True	False	False	False	rh3	handbox_surface
box021_person1	box021	box021_person1	old_box021_control	54	138	left	True	0.1380358338078563	-0.0035586780816462497	0.2647	0.017528338484677775	0.08184186746293255	0.2946826508128295	0.004397067426223685	0.15599202207741802	0.32168865553469317	0.012604111837757505	0.10964817544336458	0.3048099025835285	0.020811156249291297	0.06330432880931115	0.2879311496323636	0.017528338484677775	0.08184186746293255	0.2946826508128295	0.03725429339941039	0.05843830982720909	0.28732249058339115	0.035951900160332534	0.015610435999410515	0.2781306158480242	0.1736597617373626	0.03000000000000006	0.08693784368263953	0.05435938123717895	0.026684167322088212	+z	+z	True	True	False	False	lh3	handbox_surface
box021_person1	box021	box021_person1	old_box021_control	54	138	right	True	0.10466104015772525	-0.17567788994229036	0.2647	0.16032365984088792	0.07642355132917596	0.2693021518233578	0.1883921253944059	0.15058636918186696	0.27988693758498634	0.17084933442345718	0.10423460802393507	0.2732714464839685	0.15330654345250844	0.05788284686600318	0.2666559553829507	0.16032365984088792	0.07642355132917596	0.2693021518233578	0.14263824220252902	0.05218574054995014	0.27882749168569737	0.13697938758698566	0.009679225864541383	0.2697920203839292	0.2877592162039764	0.030000000000000044	0.18858086371437216	0.1588889065057787	0.1555172747963097	+z	+x	True	False	False	False	rh3	handbox_surface
box021_person1	box021	box021_person1	old_box021_control	55	139	left	True	0.1353102442805306	-0.02007116376498428	0.2647	0.02156610347233544	0.0763835096659355	0.2963127618153638	0.011719557392090366	0.15079770633902992	0.3239817492162002	0.017873648692243543	0.10428883341834588	0.3066886320906775	0.02402773999239672	0.05777996049766184	0.28939551496515475	0.02156610347233544	0.0763835096659355	0.2963127618153638	0.04028274941364106	0.05243585553275251	0.28811466495481425	0.03735178259630448	0.009695033318680593	0.2788926740694102	0.1761244108795003	0.030000000000000002	0.08803789975579417	0.055429317905230036	0.030179675015271575	+z	+z	True	True	False	False	lh3	handbox_surface
box021_person1	box021	box021_person1	old_box021_control	55	139	right	True	0.1017195799660085	-0.1749795430777064	0.2647	0.1598541842489923	0.06901976562439718	0.26998622666642924	0.19043741178301243	0.14232999227893917	0.27948764032240936	0.17132289457424987	0.09651110061985045	0.2735492567874218	0.15220837736548729	0.05069220896076163	0.26761087325243427	0.1598541842489923	0.06901976562439718	0.26998622666642924	0.14196440667574226	0.045237190164033936	0.28024890325480384	0.13471052865784666	0.0029445432392664677	0.2713506204033628	0.28041059246301187	0.030000000000000054	0.18126895925318026	0.1511400444041136	0.1481195835140813	+z	+x	True	False	False	False	rh3	handbox_surface
box021_person1	box021	box021_person1	old_box021_control	56	140	left	True	0.1329550142547762	-0.023959334351867267	0.2647	0.026096830218059596	0.07001145591766932	0.29723155367081483	0.018120562353171197	0.1436301808726913	0.32750798818586935	0.023105729768726463	0.09761847777580258	0.3085852166139604	0.028090897184281725	0.05160677467891375	0.2896624450420514	0.026096830218059596	0.07001145591766932	0.29723155367081483	0.044208745857607555	0.04592085044016331	0.2881423839891137	0.040222585629242046	0.00361085326820055	0.27744714056729264	0.16962883581838997	0.03000000000000009	0.08164286363302682	0.05039820632148941	0.025801093173594577	+z	+z	True	True	False	False	lh3	handbox_surface
box021_person1	box021	box021_person1	old_box021_control	56	140	right	True	0.09961790651503291	-0.17796807219207175	0.2647	0.18218838078641622	0.056916235117929787	0.2690456436157629	0.20608274340500543	0.13246787518780487	0.2800460580535663	0.19114876676838716	0.085248100144133	0.2731707990299391	0.17621479013176894	0.03802832510046111	0.26629554000631217	0.18218838078641622	0.056916235117929787	0.2690456436157629	0.16654476046379962	0.03141099252665112	0.2788301881359561	0.1630962622854215	-0.011168204743912289	0.2690533794534683	0.27880531952286586	0.030000000000000096	0.17918130807520327	0.15109168014107843	0.14875523723186065	+z	+x	True	False	False	False	rh3	handbox_surface
box021_person1	box021	box021_person1	old_box021_control	57	141	left	True	0.13601733838672092	-0.022388231896527395	0.2647	0.02635151922807102	0.07266599074695944	0.29721119544535485	0.0176986398856552	0.14454777641652175	0.3312426010590041	0.02310668947466511	0.0996216603730453	0.3099729725504734	0.028514739063675014	0.05469554432956886	0.28870334404194276	0.02635151922807102	0.07266599074695944	0.29721119544535485	0.04465391064510015	0.049029054762899614	0.2873456244221947	0.04086266126569746	0.0073880055140721325	0.2742283453022855	0.17229297865244012	0.030000000000000075	0.08444284266439063	0.05397708682665717	0.029639232309723106	+z	+z	True	True	False	False	lh3	handbox_surface
box021_person1	box021	box021_person1	old_box021_control	57	141	right	True	0.10058304106557353	-0.17765638151344043	0.2647	0.1805933240054783	0.05926140212797023	0.2691342710903511	0.2033974092929987	0.13482011656008874	0.28220539833956226	0.18914485598829847	0.0875959200400147	0.2740359438088053	0.17489230268359823	0.040371723519940644	0.2658664892780484	0.1805933240054783	0.05926140212797023	0.2691342710903511	0.1650340123655946	0.033389257679437574	0.2780515313665257	0.1622728645744384	-0.009010722594480138	0.2673238147617405	0.2798019628033607	0.030000000000000047	0.18034643831389902	0.1521660649678496	0.14896846244714362	+z	+x	True	False	False	False	rh3	handbox_surface
box021_person1	box021	box021_person1	old_box021_control	58	142	left	True	0.14121582713259986	-0.019854456394921838	0.2647	0.026369668859994793	0.07723864005068501	0.2972395223603506	0.01981014343463216	0.14911743734457827	0.33174185743752227	0.023909846825483794	0.10419318903589506	0.3101778980142899	0.028009550216335423	0.05926894072721172	0.2886139385910575	0.026369668859994793	0.07723864005068501	0.2972395223603506	0.04397131010462024	0.0531166735107181	0.28727334347123173	0.038947047076927845	0.011703614689684583	0.273852132422154	0.17668262665169238	0.030000000000000047	0.09017150054246288	0.060216537406451	0.034426949845292175	+z	+z	True	True	False	False	lh3	handbox_surface
box021_person1	box021	box021_person1	old_box021_control	58	142	right	True	0.10250342020908326	-0.17490293042906313	0.2647	0.1820494683889604	0.05999212800817465	0.26900868018599206	0.2063910566741408	0.13494864561336323	0.2827566817956016	0.19117756399590305	0.08810082211012031	0.2741641807895956	0.17596407131766525	0.041252998606877415	0.2655716797835895	0.1820494683889604	0.05999212800817465	0.26900868018599206	0.16569401512217416	0.034481271024714065	0.2775335199095995	0.16213439635374421	-0.007814484264424514	0.26663102631177776	0.27771144798879965	0.02999999999999995	0.1782993927813486	0.1504524403179279	0.14670225099703266	+z	+x	True	False	False	False	rh3	handbox_surface
box021_person1	box021	box021_person1	old_box021_control	59	143	left	True	0.14199690639011742	-0.016432914307823027	0.2647	0.024965713295047848	0.08914002881819834	0.2944895580639344	0.019811326263269098	0.16242259210824705	0.3261612838136729	0.0230328181581308	0.11662099005196663	0.3063664552200862	0.026254310052992502	0.07081938799568621	0.28657162662649954	0.024965713295047848	0.08914002881819834	0.2944895580639344	0.04200051546726069	0.06401461059984165	0.28615045498171143	0.035905725881641044	0.022364951359584502	0.2739614028861961	0.18328090256450452	0.030000000000000006	0.09658676923723576	0.0642496675848364	0.03704208159065576	+z	+z	True	True	False	False	lh3	handbox_surface
box021_person1	box021	box021_person1	old_box021_control	59	143	right	True	0.1058203358930083	-0.17373790950657597	0.2647	0.1827070209350681	0.059571704312577904	0.2680829619075963	0.20822448682882602	0.1340969259856213	0.28204183969002006	0.19227607064522734	0.08751866243996916	0.2733175410760052	0.17632765446162865	0.04094039889431692	0.2645932424619901	0.1827070209350681	0.059571704312577904	0.2680829619075963	0.16510867295231607	0.03469158504265997	0.2759731698451875	0.16106523563581132	-0.007700985397195518	0.2656297296981575	0.2753249942722292	0.029999999999999985	0.17596032719656285	0.14840480924744218	0.14412972504225258	+z	+x	True	False	False	False	rh3	handbox_surface
box021_person1	box021	box021_person1	old_box021_control	60	144	left	True	0.1419040381626822	-0.014924694570607935	0.2647	0.023004067057903123	0.10440368037590181	0.2854800324805982	0.017129557867911448	0.18214297569532398	0.3034269571479718	0.02080112611165624	0.13355591612068515	0.29221012923086326	0.024472694355401035	0.0849688565460463	0.2809933013137548	0.023004067057903123	0.10440368037590181	0.2854800324805982	0.040002167763440705	0.0780067957108599	0.2831820293703788	0.0338478473606701	0.034945726987460915	0.277863921935544	0.19356966257344319	0.030000000000000047	0.10503004138159898	0.0668253875422044	0.04013175312432353	+z	+z	True	True	False	False	lh3	handbox_surface
box021_person1	box021	box021_person1	old_box021_control	60	144	right	True	0.1092620021556929	-0.1750747695383319	0.2647	0.1699520420311892	0.07113271663698932	0.2714388797791817	0.20076469873875114	0.1447294402357968	0.2772786111208343	0.18150678829652492	0.09873148798654206	0.2736287790323015	0.16224887785429867	0.05273353573728743	0.26997894694376834	0.1699520420311892	0.07113271663698932	0.2714388797791817	0.14938384659818807	0.04920436199724732	0.2807702337714693	0.14247363835720744	0.0061610708119965935	0.2762991853581992	0.28331766425572513	0.029999999999999964	0.1839489265409961	0.1534472832902144	0.15203988149635447	+z	+x	True	False	False	False	rh3	handbox_surface
box021_person1	box021	box021_person1	old_box021_control	61	145	left	True	0.1596	-0.014028070720672648	0.24768307570693998	0.018924392904393683	0.11849758522992551	0.2870337562712594	0.01606813160996259	0.19798956106703103	0.2955700053849501	0.01785329491898202	0.1483070761688401	0.29023484968889335	0.019638458228001476	0.09862459127064917	0.2848996939928368	0.018924392904393683	0.11849758522992551	0.2870337562712594	0.034764852302485154	0.09132821455148858	0.28841828106511674	0.026817405299335167	0.048234857619293685	0.28795542001007723	0.21967130396566592	0.030000000000000047	0.13348005914966354	0.09626463620847271	0.07303414370332835	+x	+z	False	True	False	False	lh3	handbox_surface
box021_person1	box021	box021_person1	old_box021_control	61	145	right	True	0.10945182171469997	-0.1716689201663684	0.2647	0.15969455380817357	0.07659461394701436	0.2729956140460296	0.19589463541924235	0.1479064441709927	0.2750393756413374	0.17326958441232432	0.10333655028100625	0.27376202464426996	0.15064453340540637	0.058766656391019696	0.2724846736472027	0.15969455380817357	0.07659461394701436	0.2729956140460296	0.13669082530880286	0.05724981191309392	0.28235428261059986	0.12664085791456117	0.014612987069180888	0.28110308697843195	0.2824585560792335	0.029999999999999995	0.1842178378850829	0.14990417308428391	0.1470974612586098	+z	+x	True	False	False	False	rh3	handbox_surface
box021_person1	box021	box021_person1	old_box021_control	62	146	left	True	0.1596	-0.009527382433141326	0.24802861831222012	0.01594961147895119	0.1223597003760652	0.2940064336329335	0.011083841016965973	0.20198573833378194	0.300007963185266	0.014124947555706723	0.152219464610209	0.2962570072150581	0.017166054094447495	0.1024531908866359	0.2925060512448503	0.01594961147895119	0.1223597003760652	0.2940064336329335	0.03246694449822047	0.09565567322679591	0.2962612972322113	0.025606816676078538	0.05238290040619411	0.2971664737841389	0.2228250679530879	0.030000000000000002	0.1365618390441316	0.09993661924638784	0.0788655664104796	+x	+z	False	True	False	False	lh3	handbox_surface
box021_person1	box021	box021_person1	old_box021_control	62	146	right	True	0.11317642122937543	-0.16556739834811016	0.2647	0.15198198040357672	0.07873695443097449	0.2716275844544762	0.1879578142074743	0.15008472937463038	0.27553071047137156	0.1654729180800383	0.10549237003484542	0.273091256710812	0.14298802195260232	0.060900010695060465	0.2706518029502523	0.15198198040357672	0.07873695443097449	0.2716275844544762	0.12851387860509567	0.059387932954269376	0.2797418394280359	0.11858204684843855	0.016739975241007597	0.27801656010250975	0.2761860510740173	0.029999999999999968	0.17849867145076903	0.14242661351808658	0.13993359402162162	+z	+x	True	False	False	False	rh3	handbox_surface
box021_person1	box021	box021_person1	old_box021_control	63	147	left	True	0.14286591010186953	-0.0103778938046289	0.2647	0.011999911136495482	0.12251331792553401	0.30177576993985106	0.0026596409311319216	0.20196178239210077	0.3026129356316176	0.008497309809484144	0.15230649210049652	0.3020897070742635	0.014334978687836375	0.10265120180889228	0.30156647851690943	0.011999911136495482	0.12251331792553401	0.30177576993985106	0.029912065331722797	0.09696983838098457	0.3059825680991743	0.02542084146534459	0.05352338774005081	0.3095390271241991	0.21428747130189815	0.02999999999999996	0.12508544777795538	0.08551276560067667	0.06849182455293382	+z	+z	True	True	False	False	lh3	handbox_surface
box021_person1	box021	box021_person1	old_box021_control	63	147	right	True	0.1146623774464807	-0.1674307507080365	0.2647	0.15356588254156708	0.08461540936778418	0.27080591220070255	0.18411972006930277	0.15839811993886302	0.2755571891988511	0.16502357161446793	0.11228392583193875	0.2725876410750081	0.14592742315963317	0.06616973172501445	0.2696180929511654	0.15356588254156708	0.08461540936778418	0.27080591220070255	0.13107435521838517	0.06375085875974248	0.2778613565170323	0.12429695447634607	0.02048268929822293	0.2763126413925384	0.2843215873471743	0.029999999999999964	0.18573475796894262	0.1521293850747247	0.1498889828891578	+z	+x	True	False	False	False	rh3	handbox_surface
box021_person1	box021	box021_person1	old_box021_control	64	148	left	True	0.1596	-0.020062804771076262	0.24797694335262574	0.015233312482529073	0.12549050169704426	0.30852743859138804	0.0046927679601890294	0.20473522573369382	0.3054991332025872	0.01128060828665156	0.15520727321078787	0.3073918240705877	0.01786844861311408	0.10567932068788187	0.30928451493858816	0.015233312482529073	0.12549050169704426	0.30852743859138804	0.03365443936627875	0.10045558992286517	0.3135201375309966	0.029942599231611404	0.05719810126526679	0.3194720686262061	0.23716738866192386	0.03000000000000006	0.14914199232516917	0.110514508402268	0.09509181117235102	+x	+z	False	True	False	False	lh3	handbox_surface
box021_person1	box021	box021_person1	old_box021_control	64	148	right	True	0.11718045219688003	-0.17226861630456733	0.2647	0.15994221902335545	0.0855251661309548	0.2720371262340577	0.18784132786786825	0.16046916989172	0.2742812354088625	0.17040438484004772	0.11362916754124178	0.2728786671746095	0.15296744181222724	0.06678916519076354	0.2714760989403565	0.15994221902335545	0.0855251661309548	0.2720371262340577	0.13827540787450457	0.06409147984500409	0.279919001311809	0.13305669097449235	0.0205805631155668	0.27974211946620586	0.2909247676130419	0.03000000000000002	0.19181655657966812	0.16139232484418345	0.1582917152112929	+z	+x	True	False	False	False	rh3	handbox_surface
box021_person1	box021	box021_person1	old_box021_control	65	149	left	True	0.1596	-0.02641362857322486	0.2480323301230854	0.019615113972413258	0.1275059325506407	0.3133186611426245	0.00924064089849999	0.20650864861798102	0.30618135335734165	0.015724686569695768	0.1571319510758933	0.3106421707231433	0.022208732240891566	0.10775525353380558	0.31510298808894516	0.019615113972413258	0.1275059325506407	0.3133186611426245	0.03792062872057825	0.10273769195048035	0.3198343463166476	0.034053857840878415	0.05983377088522506	0.32787892250809186	0.24147272674851653	0.030000000000000023	0.15341121537977842	0.11576561625093992	0.09981231227872554	+x	+z	False	True	False	False	lh3	handbox_surface
box021_person1	box021	box021_person1	old_box021_control	65	149	right	True	0.11722983442593286	-0.16141568229252168	0.2647	0.1413124223621654	0.09049141962813431	0.2713055584927661	0.17453860312363614	0.16318158357340234	0.2747928178201079	0.15377224014771693	0.11775023110760979	0.2726132807405193	0.13300587717179768	0.07231887864181728	0.2704337436609307	0.1413124223621654	0.09049141962813431	0.2713055584927661	0.1178308806851621	0.07071920160251242	0.2782808120884593	0.10943609370035391	0.02771013944829742	0.2778178952488779	0.2816586136310115	0.029999999999999985	0.18433651938239765	0.14869600677159353	0.14452090150988892	+z	+z	True	True	False	False	rh3	handbox_surface
box021_person1	box021	box021_person1	old_box021_control	66	150	left	True	0.1596	-0.014872381525730801	0.24806551891531003	0.008322965829238636	0.13002931672140178	0.3106906553286897	0.0011735632037690453	0.20885351803229749	0.29904456887021297	0.005641939844687539	0.1595883922129877	0.3063233729067609	0.010110316485606048	0.11032326639367791	0.313602176943309	0.008322965829238636	0.13002931672140178	0.3106906553286897	0.025675559805517948	0.10491715995351505	0.3183899300133061	0.020139220124274958	0.06276433079553587	0.32901544189847215	0.23986167557988156	0.03000000000000004	0.1557089431227361	0.12228846649561122	0.10506139574194735	+x	+z	False	True	False	False	lh3	handbox_surface
box021_person1	box021	box021_person1	old_box021_control	66	150	right	True	0.11616883510364132	-0.16462913634892481	0.2647	0.1426579768952086	0.09416601512690845	0.2743235703060401	0.1759061297078401	0.16691630390947373	0.27292506517510234	0.15512603419994545	0.12144737342037043	0.2737991308819385	0.13434593869205075	0.07597844293126711	0.2746731965887747	0.1426579768952086	0.09416601512690845	0.2743235703060401	0.11944319207066109	0.07479829522210221	0.2830952724866167	0.11108256925007232	0.031828888785821643	0.28514375106140916	0.288860220497765	0.030000000000000013	0.19149923178373873	0.1587651305810803	0.15085962062587077	+z	+z	True	True	False	False	rh3	handbox_surface
box021_person1	box021	box021_person1	old_box021_control	67	151	left	True	0.1596	0.006560953040186089	0.24791729578354038	0.0052654404000933444	0.1330757902236521	0.3068420138765569	0.0002412330127523856	0.21151654903949726	0.2919489048484392	0.0033813626298404816	0.162491074779594	0.3012570979910128	0.006521492246928567	0.11346560051969078	0.3105652911335862	0.0052654404000933444	0.1330757902236521	0.3068420138765569	0.02200656377858208	0.10779582319130736	0.31530781689691356	0.015422056332348253	0.06631949889003771	0.3278286934659125	0.22707619872410287	0.029999999999999985	0.14694264269071766	0.12007725207003822	0.10154253173365618	+x	+z	False	True	False	False	lh3	handbox_surface
box021_person1	box021	box021_person1	old_box021_control	67	151	right	True	0.11459286134580078	-0.16880787837067576	0.2647	0.151133531282409	0.09065028170957781	0.2774635343781268	0.182286515708865	0.16411061957381715	0.27171285422732677	0.16281590044232996	0.11819790840866759	0.27530702932157686	0.143345285175795	0.07228519724351798	0.2789012044158269	0.151133531282409	0.09065028170957781	0.2774635343781268	0.12874432936628885	0.07110253060986615	0.2878359319991555	0.12164880964952311	0.028067985528015753	0.292095943437283	0.29122206684172147	0.030000000000000034	0.19321646159762923	0.1655205957037666	0.1549727153005901	+z	+z	True	True	False	False	rh3	handbox_surface
box021_person1	box021	box021_person1	old_box021_control	68	152	left	True	0.1596	0.012177572452866742	0.2478872582502919	0.00029069853889719015	0.1349113536558533	0.30300405687272225	-0.0030431721610429136	0.21339940295457233	0.28788746256587106	-0.0009595029735803476	0.16434437214287292	0.29733533400765316	0.0011241662138822103	0.11528934133117355	0.306783205449435	0.00029069853889719015	0.1349113536558533	0.30300405687272225	0.016483646953170453	0.10930086936514626	0.31154239874675327	0.00900762383757037	0.06801181769717207	0.3241811034526981	0.226669806368487	0.029999999999999954	0.14802868320499146	0.12322053575141939	0.1039388924442386	+x	+z	False	True	False	False	lh3	handbox_surface
box021_person1	box021	box021_person1	old_box021_control	68	152	right	True	0.11402661277529717	-0.1695861562554941	0.2647	0.1520121052664586	0.09216486324757592	0.27782994685359524	0.18211228551845957	0.1660358305190126	0.2717423082983442	0.16329967286095895	0.11986647597436467	0.2755470823953761	0.14448706020345836	0.07369712142971674	0.27935185649240807	0.1520121052664586	0.09216486324757592	0.27782994685359524	0.1300523481669527	0.07230547405355092	0.28852346343499835	0.12358585636913112	0.029173230749117218	0.29279666355453887	0.29381681359563344	0.02999999999999998	0.1956201721305832	0.1685141820682153	0.15816539597659396	+z	+z	True	True	False	False	rh3	handbox_surface
box021_person1	box021	box021_person1	old_box021_control	69	153	left	True	0.1596	0.018635035602792806	0.24775592840508018	-0.0036640039319010185	0.13324663793084707	0.3004336357456461	-0.0061473175825219805	0.21225628673782676	0.28813288175613894	-0.004595246550883878	0.1628752562334644	0.295820852999581	-0.0030431755192457787	0.11349422572910214	0.3035088242430228	-0.0036640039319010185	0.13324663793084707	0.3004336357456461	0.012251627113071917	0.10717284456949587	0.30804032714858565	0.0043301608229625145	0.0655423394213378	0.3192011953421244	0.22377568503697043	0.029999999999999954	0.14636561279592708	0.12262916232514959	0.10281606560477201	+x	+z	False	True	False	False	lh3	handbox_surface
box021_person1	box021	box021_person1	old_box021_control	69	153	right	True	0.11497227770726517	-0.16951420255363198	0.2647	0.14910351153425724	0.09554059016156148	0.2757343118797503	0.17898471179273612	0.16970033845951935	0.2730056485629906	0.1603089616311868	0.1233504957732957	0.2747110631359654	0.14163321146963748	0.07700065308707202	0.27641647770894034	0.14910351153425724	0.09554059016156148	0.2757343118797503	0.12727371364223183	0.0751272660771795	0.28562034706707967	0.12094031872283287	0.03182137570340798	0.28784613583415064	0.29652212028860886	0.030000000000000034	0.19822903796804847	0.16778919923776722	0.16048535629859914	+z	+z	True	True	False	False	rh3	handbox_surface
box021_person1	box021	box021_person1	old_box021_control	70	154	left	True	0.1596	0.02186391429741399	0.24763744034423255	-0.005493218330400064	0.12987517391373146	0.29893700303356785	-0.00878512452642389	0.20934728938702388	0.2903727625070376	-0.006727683153908991	0.1596772172162161	0.2957254128361191	-0.004670241781394108	0.1100071450454084	0.3010780631652006	-0.005493218330400064	0.12987517391373146	0.29893700303356785	0.010610546675660049	0.10366675912980948	0.3056302468699444	0.003020305665272549	0.06145265073922612	0.3146175078599243	0.22129134131980197	0.03	0.1439325697996725	0.12006747219347974	0.1001337154353474	+x	+z	False	True	False	False	lh3	handbox_surface
box021_person1	box021	box021_person1	old_box021_control	70	154	right	True	0.1159010392399234	-0.16888747730425396	0.2647	0.14586543606401706	0.09783766332410683	0.272765239420346	0.1748330558829399	0.17237223177393912	0.2751051342948271	0.15672829349611314	0.12578812649279394	0.2736426999982764	0.13862353110928635	0.07920402121164878	0.2721802657017256	0.14586543606401706	0.09783766332410683	0.272765239420346	0.12420208572689674	0.07657125295641265	0.2810969025286225	0.11839479052227013	0.0331390551976979	0.28047586455875556	0.29762484447121257	0.030000000000000037	0.19924216667247102	0.16558407100463152	0.16236773896183512	+z	+z	True	True	False	False	rh3	handbox_surface
box021_person1	box021	box021_person1	old_box021_control	71	155	left	True	0.1596	0.017442346158954215	0.24750852747545862	-0.00903741651871816	0.1344512148485051	0.29483898318773694	-0.014457624496505865	0.2136640159530471	0.28504339812865037	-0.011069994510388556	0.16415601526270834	0.2911656387905793	-0.007682364524271243	0.11464801457236957	0.2972878794525085	-0.00903741651871816	0.1344512148485051	0.29483898318773694	0.007771916927165043	0.10878705678927696	0.3018965370221592	0.001325861037860711	0.06653280366439873	0.31156297495142654	0.22925769582817226	0.030000000000000013	0.1497756625212016	0.1222308141432683	0.10161181339178997	+x	+z	False	True	False	False	lh3	handbox_surface
box021_person1	box021	box021_person1	old_box021_control	71	155	right	True	0.1177572981457347	-0.16919349488365515	0.2647	0.14661633845504138	0.10336827306544867	0.27366464900763626	0.17305239282576507	0.1788712843722638	0.2743206314091497	0.15652985884406276	0.1316819023055044	0.27391064240820373	0.14000732486236048	0.0844925202387449	0.27350065340725793	0.14661633845504138	0.10336827306544867	0.27366464900763626	0.12598337446550653	0.08146536640497934	0.28291240791102057	0.12166294071614217	0.03785573445763082	0.2829077667956701	0.30350313347708924	0.030000000000000058	0.2048119099609903	0.1727215721146725	0.16897559387316877	+z	+z	True	True	False	False	rh3	handbox_surface
box021_person1	box021	box021_person1	old_box021_control	72	156	left	True	0.1596	0.018808398102203056	0.24742334179398773	-0.013524433148660758	0.143879494845508	0.29089451295802016	-0.021374924312942526	0.22219878093023165	0.27659558937410145	-0.016468367335266423	0.17324922712727936	0.2855324166140507	-0.011561810357590326	0.12429967332432702	0.2944692438539998	-0.013524433148660758	0.143879494845508	0.29089451295802016	0.0040280063061516515	0.11921015122716684	0.29951699059122144	-0.0011576837976348408	0.07738051261721833	0.31150880103911865	0.2372853582286533	0.029999999999999985	0.15648993044097304	0.12713646419935412	0.10709115245313026	+x	+z	False	True	False	False	lh3	handbox_surface
box021_person1	box021	box021_person1	old_box021_control	72	156	right	True	0.12027672079289753	-0.16885353667815295	0.2647	0.13833355290738197	0.11704528100096633	0.2670349708040408	0.16423343376894128	0.19259654916439625	0.26243040239271875	0.1480460082304667	0.14537700656225253	0.2653082576497949	0.1318585826919921	0.09815746396010885	0.26818611290687133	0.13833355290738197	0.11704528100096633	0.2670349708040408	0.11809236378759624	0.09563103263848348	0.2781120551673907	0.11408722446810729	0.05207865188579089	0.2808716126880406	0.3154557617278835	0.030000000000000013	0.2172848049741979	0.1849724704961712	0.1789324224262393	+z	+z	True	True	False	False	rh3	handbox_surface
box021_person1	box021	box021_person1	old_box021_control	73	157	left	True	0.1596	0.01805367587168318	0.2474793462464537	-0.017110117085356688	0.14557151805043034	0.29007746909805293	-0.02725847033762048	0.22279231854768305	0.271802926782833	-0.020915749554955603	0.17452931823690004	0.2832245157298454	-0.01457302877229073	0.12626631792611712	0.29464610467685803	-0.017110117085356688	0.14557151805043034	0.29007746909805293	0.0011459568530276453	0.12191111021476211	0.2999725502657746	-0.002822266790742123	0.08060688976872306	0.31406609986719636	0.24155388556674284	0.029999999999999954	0.16040656585037066	0.13057878435835657	0.11142790070042209	+x	+z	False	True	False	False	lh3	handbox_surface
box021_person1	box021	box021_person1	old_box021_control	73	157	right	True	0.1189529318171317	-0.17057057587928937	0.2647	0.14548074702512684	0.11808308265258236	0.26882521920833274	0.16739679838229038	0.19434864058424745	0.2586639512617618	0.1536992662840632	0.14668266687695675	0.2650147437283687	0.14000173418583595	0.09901669316966606	0.2713655361949756	0.14548074702512684	0.11808308265258236	0.26882521920833274	0.12656187169841654	0.09648229320241489	0.28172714229784657	0.12483909694212153	0.053069664315740034	0.2874579248092245	0.3191504768316288	0.029999999999999992	0.22048988352098714	0.19457316231298083	0.18504173102353116	+z	+z	True	True	False	False	rh3	handbox_surface
box021_person1	box021	box021_person1	old_box021_control	74	158	left	True	0.1596	0.03412428560346934	0.24774775667189558	-0.03097862783315105	0.15291464786947107	0.29408247718173564	-0.04051954330629813	0.22929553955681073	0.27228958116075763	-0.03455647113558121	0.18155748225222343	0.2859101411738688	-0.028593398964864267	0.13381942494763613	0.29953070118698016	-0.03097862783315105	0.15291464786947107	0.29408247718173564	-0.012919790420849932	0.1295985004658012	0.3050937181415963	-0.01722337317755771	0.08900707693891992	0.32103828077050584	0.24675828324246465	0.030000000000000034	0.1691742447584883	0.1443270820530766	0.12468046357120074	+x	+z	False	True	False	False	lh3	handbox_surface
box021_person1	box021	box021_person1	old_box021_control	74	158	right	True	0.11863012454782391	-0.16643071350968863	0.2647	0.14091239288441537	0.11951927970233751	0.2701585924886178	0.16254630528313513	0.19530352091036401	0.2564209573628697	0.1490251100339353	0.14793837015534744	0.26500697931646217	0.1355039147847354	0.1005732194003309	0.2735930012700548	0.14091239288441537	0.11951927970233751	0.2701585924886178	0.1222111678338803	0.09847089736901521	0.2842372057252021	0.1206472526817269	0.05534358925187864	0.29185663036701287	0.31583519459268006	0.030000000000000034	0.2176843485487463	0.1936988897928847	0.1813970877860728	+z	+z	True	True	False	False	rh3	handbox_surface
box021_person1	box021	box021_person1	old_box021_control	75	159	left	True	0.1596	0.05272328327528121	0.24919592755939501	-0.04929155321686733	0.1661225605603861	0.29533790170920615	-0.057185313505235674	0.2425373139715006	0.2730113701911143	-0.05225171332500546	0.19477809308955404	0.2869654523899218	-0.04731811314477524	0.1470188722076075	0.30091953458872917	-0.04929155321686733	0.1661225605603861	0.29533790170920615	-0.031762790634319145	0.14252210701467885	0.30659724630253304	-0.036963753620610176	0.10212746105846206	0.32277241640973203	0.25785122539176214	0.029999999999999985	0.18319968945865522	0.16084829420725527	0.14051002925834755	+x	+z	False	True	False	False	lh3	handbox_surface
box021_person1	box021	box021_person1	old_box021_control	75	159	right	True	0.1596	-0.16365502812118243	0.23004272828938208	0.1416583186943462	0.12623879846503674	0.2698043138447428	0.16227299048164942	0.2021770658151848	0.25536773326071216	0.14938882061458492	0.15471564872134225	0.2643905961257314	0.1365046507475204	0.10725423162749975	0.2734134589907505	0.1416583186943462	0.12623879846503674	0.2698043138447428	0.12348580884925298	0.1050613701715843	0.28437325288337806	0.12249383094013798	0.06194289778978366	0.29213723943627223	0.3203809171634786	0.029999999999999985	0.22532933453637588	0.20328640030588013	0.1841666464067462	+x	+z	False	True	False	True	rh3	handbox_surface
box021_person1	box021	box021_person1	old_box021_control	76	160	left	False	nan	nan	nan	-0.06058181669023111	0.1792949514643314	0.30543070227442565	-0.06778414489485415	0.25508294743609056	0.280848063379923	-0.06328268976696473	0.20771544995374103	0.29621221268898723	-0.05878123463907535	0.16034795247139158	0.3115763619980513	-0.06058181669023111	0.1792949514643314	0.30543070227442565	-0.043352874937316495	0.15596530565117367	0.3176741886331794	-0.04900117484932741	0.11605069369699152	0.33485947380860603	nan	0.029999999999999947	nan	nan	nan		+z	False	True	False	False	lh3	NA
box021_person1	box021	box021_person1	old_box021_control	76	160	right	True	0.1596	-0.16482291991940193	0.23293332418963905	0.14203395498072213	0.13294133733716568	0.2687948769488002	0.16284775373930613	0.2089107354851066	0.2548150226478141	0.14983912951519113	0.1614298616426435	0.2635524315859304	0.13683050529107613	0.11394898780018047	0.27228984052404676	0.14203395498072213	0.13294133733716568	0.2687948769488002	0.1237048196927438	0.11172996207958318	0.2831161173693365	0.12260345210027344	0.06858634095117724	0.29072408117449644	0.3278317888907947	0.029999999999999992	0.23245559261748666	0.20906644117807233	0.19105871198239693	+x	+z	False	True	False	True	rh3	handbox_surface
box021_person1	box021	box021_person1	old_box021_control	77	161	left	False	nan	nan	nan	-0.08454439335625828	0.1871856533879898	0.3196252979090796	-0.09101624436621523	0.26224868737503254	0.29272444154417954	-0.08697133748499213	0.2153342911331308	0.309537476772242	-0.08292643060376904	0.1684198948912291	0.3263505120003046	-0.08454439335625828	0.1871856533879898	0.3196252979090796	-0.06768909664149175	0.16422636742289204	0.33303357619302604	-0.07384635754309003	0.1248017493449242	0.3511499001442506	nan	0.030000000000000002	nan	nan	nan		+z	False	True	False	False	lh3	NA
box021_person1	box021	box021_person1	old_box021_control	77	161	right	True	0.13121142825613882	-0.16173991374868377	0.2647	0.14114288439805	0.13671650872726798	0.2676399840226784	0.16047612564336522	0.21358394561307117	0.25679457349298834	0.1483928498650432	0.1655417975594442	0.26357295507404466	0.13630957408672123	0.11749964950581723	0.27035133665510086	0.14114288439805	0.13671650872726798	0.2676399840226784	0.12274025623032579	0.11462133845765334	0.28045108448996925	0.12247892938786507	0.07126265948606485	0.28680897989850984	0.32773432843622724	0.030000000000000034	0.22934326980162534	0.20274451870693022	0.19259477607487585	+z	+z	True	True	False	True	rh3	handbox_surface
box021_person1	box021	box021_person1	old_box021_control	78	162	left	False	nan	nan	nan	-0.10633681070744577	0.1826179454013817	0.3294561039617024	-0.11394041100733843	0.2563547909864086	0.2993718412044172	-0.1091881608199055	0.2102692624957668	0.3181745054277205	-0.10443591063247261	0.16418373400512498	0.3369771696510238	-0.10633681070744577	0.1826179454013817	0.3294561039617024	-0.08924608304706665	0.1606189048529605	0.34411765261446675	-0.09488469585004136	0.12183213689803268	0.3637188322518868	nan	0.029999999999999985	nan	nan	nan		+z	False	True	False	False	lh3	NA
box021_person1	box021	box021_person1	old_box021_control	78	162	right	False	nan	nan	nan	0.14319241494219814	0.13134906881405298	0.311152555160313	0.15778327856246896	0.2080940166611114	0.29390959489338253	0.1486639887997997	0.16012842425669988	0.304686445060214	0.1395446990371305	0.11216283185228834	0.31546329522704547	0.14319241494219814	0.13134906881405298	0.311152555160313	0.12576992123888553	0.10925723162675233	0.3252729308902159	0.12813892573425167	0.06674309980524577	0.33563645254408925	nan	0.030000000000000013	nan	nan	nan		+z	False	True	False	False	rh3	NA
box021_person1	box021	box021_person1	old_box021_control	79	163	left	False	nan	nan	nan	-0.12005729010967672	0.19267158635582288	0.34018778020537793	-0.12943046650314805	0.2654065832122073	0.30822273998017824	-0.12357223125722847	0.21994721017696703	0.32820089012092796	-0.11771399601130889	0.1744878371417268	0.3481790402616779	-0.12005729010967672	0.19267158635582288	0.34018778020537793	-0.10258394891939565	0.17160620373901445	0.3557423219461428	-0.10737191782388192	0.13310267523444785	0.3761130659771644	nan	0.03000000000000006	nan	nan	nan		+z	False	True	False	False	lh3	NA
box021_person1	box021	box021_person1	old_box021_control	79	163	right	False	nan	nan	nan	0.14848155069788996	0.15690018730877103	0.37109219182432873	0.15989391267447373	0.231766449842132	0.34530846190793946	0.15276118643910885	0.18497503575878138	0.3614232931056827	0.14562846020374398	0.13818362167543077	0.3775381243034261	0.14848155069788996	0.15690018730877103	0.37109219182432873	0.13165180705482193	0.13571230188166156	0.38717978977871875	0.13573033154815714	0.09489564833789046	0.4026016119586958	nan	0.03000000000000002	nan	nan	nan		+z	False	True	False	False	rh3	NA
box021_person1	box021	box021_person1	old_box021_control	80	164	left	False	nan	nan	nan	-0.12450837952874531	0.2273054381727476	0.35632218765426105	-0.13524051067113982	0.3016448035769544	0.3287816700040375	-0.12853292870714322	0.25518270019932515	0.3459944935354271	-0.12182534674314667	0.20872059682169591	0.36320731706681697	-0.12450837952874531	0.2273054381727476	0.35632218765426105	-0.10676048483235857	0.20575398076068446	0.37086724465558285	-0.1108851940699774	0.16593693902192128	0.38869989804167177	nan	0.03000000000000006	nan	nan	nan		+z	False	True	False	False	lh3	NA
box021_person1	box021	box021_person1	old_box021_control	80	164	right	False	nan	nan	nan	0.14154593342579516	0.20236607174983315	0.429141877252314	0.15523116925553243	0.27672275223344694	0.40299233829381137	0.14667789686194663	0.2302498269311883	0.41933580014287547	0.13812462446836085	0.18377690162892968	0.4356792619919398	0.14154593342579516	0.20236607174983315	0.429141877252314	0.12346523596428928	0.1815333424320609	0.4443097161354157	0.12617666348646148	0.14097445153102373	0.4606831915629348	nan	0.030000000000000016	nan	nan	nan		+z	False	True	False	False	rh3	NA
box021_person1	box021	box021_person1	old_box021_control	81	165	left	False	nan	nan	nan	-0.11299212029556557	0.27281693439208116	0.3532481820617041	-0.13089599085319428	0.34926476655868766	0.3379125902543411	-0.11970607175467636	0.3014848714545586	0.347497335133943	-0.1085161526561584	0.25370497635042955	0.3570820800135449	-0.11299212029556557	0.27281693439208116	0.3532481820617041	-0.09307264827598478	0.2509578770150235	0.3640374364825311	-0.09324249099110314	0.20863034352181561	0.3753848867575136	nan	0.030000000000000054	nan	nan	nan		+y	False	True	False	False	lh3	NA
box021_person1	box021	box021_person1	old_box021_control	81	165	right	False	nan	nan	nan	0.11151089729806891	0.2539878737027399	0.45640871569034097	0.13288150437591942	0.3287738921968069	0.43769111459059495	0.11952487495226286	0.28203263063801504	0.4493896152779363	0.10616824552860628	0.23529136907922316	0.46108811596527743	0.11151089729806891	0.2539878737027399	0.45640871569034097	0.09056983298829895	0.23355331710912638	0.46802242699647784	0.08878974029250816	0.19183800527715275	0.48133145388282067	nan	0.030000000000000037	nan	nan	nan		+z	False	True	False	False	rh3	NA
box021_person1	box021	box021_person1	old_box021_control	82	166	left	False	nan	nan	nan	-0.07487878337193965	0.32374519565489657	0.3244050800218387	-0.10723784954347623	0.39688222382505917	0.32637128116692954	-0.08701343318626586	0.3511715812187075	0.32514240545124795	-0.06678901682905548	0.30546093861235585	0.3239135297355661	-0.07487878337193965	0.32374519565489657	0.3244050800218387	-0.050606085990115304	0.3043600862782339	0.32951051459441977	-0.04235617374226428	0.26137234909514284	0.33160979201533103	nan	0.029999999999999964	nan	nan	nan		+y	False	True	False	False	lh3	NA
box021_person1	box021	box021_person1	old_box021_control	82	166	right	False	nan	nan	nan	0.08733134173077664	0.2969908735445311	0.4458387894471518	0.11600758197163812	0.37134698092401974	0.4388500455672874	0.09808493182109969	0.32487441381183935	0.44321801049220266	0.08016228167056128	0.27840184669965895	0.447585975417118	0.08733134173077664	0.2969908735445311	0.4458387894471518	0.0636907386218204	0.2772152837908613	0.45224390478141074	0.05733364632105757	0.23460089941760098	0.46024814052715246	nan	0.030000000000000002	nan	nan	nan		+z	False	True	False	False	rh3	NA
box021_person1	box021	box021_person1	old_box021_control	83	167	left	False	nan	nan	nan	-0.01503889262551622	0.4114842181039289	0.23360398738713395	-0.06471098827030639	0.46957514473108186	0.2572287023664423	-0.03366592849231253	0.4332683155891113	0.24246325550437461	-0.0026208687143186647	0.39696148644714063	0.22769780864230693	-0.01503889262551622	0.4114842181039289	0.23360398738713395	0.013884110422927875	0.3991827775085407	0.23183022870920492	0.03320342490545937	0.36117521055360013	0.2217009390993428	nan	0.03000000000000005	nan	nan	nan		+y	False	True	False	False	lh3	NA
box021_person1	box021	box021_person1	old_box021_control	83	167	right	False	nan	nan	nan	0.06043194111364293	0.36403084834581306	0.37223132633593736	0.09892740313229186	0.43341685148533804	0.38241376083327666	0.07486773937063629	0.3900505995231349	0.37604973927243973	0.05080807560898072	0.34668434756093186	0.3696857177116026	0.06043194111364293	0.36403084834581306	0.37223132633593736	0.03375716634878869	0.34733090586012916	0.37149248932756207	0.0208342112014544	0.30545840568366245	0.37109609667175186	nan	0.030000000000000054	nan	nan	nan		+y	False	True	False	False	rh3	NA
box021_person1	box021	box021_person1	old_box021_control	84	168	left	False	nan	nan	nan	0.035907989790318486	0.5286707380914554	0.15525391541733682	-0.022438390197940285	0.5685967585672305	0.19269203544537378	0.01402809729472145	0.543642995769871	0.16929321042785064	0.05049458478738318	0.5186892329725116	0.1458943854103275	0.035907989790318486	0.5286707380914554	0.15525391541733682	0.06647959486888769	0.5236628941337771	0.14965836113511888	0.09228874257162006	0.49358705657559276	0.13095687841470446	nan	0.029999999999999936	nan	nan	nan		+y	False	True	False	False	lh3	NA
box021_person1	box021	box021_person1	old_box021_control	84	168	right	False	nan	nan	nan	0.04765959131691025	0.4659568587894934	0.27003070209500607	0.09544151744099402	0.5214517484013402	0.3022363656162183	0.06557781361344166	0.48676744239393605	0.2821078259154607	0.0357141097858893	0.4520831363865317	0.26197928621470284	0.04765959131691025	0.4659568587894934	0.27003070209500607	0.019017486291246083	0.4560153032489004	0.2615588155850291	-0.0009063624200667121	0.41904651438423113	0.24903623317108478	nan	0.030000000000000086	nan	nan	nan		+y	False	True	False	False	rh3	NA
box021_person1	box021	box021_person1	old_box021_control	85	169	left	False	nan	nan	nan	0.06791503848779283	0.6030810778411319	0.11102647647567579	0.004006897773395591	0.6218367784945582	0.15534321421016895	0.043949485719893884	0.6101144655861667	0.12764525312611072	0.08389207366639219	0.5983921526777752	0.09994729204205227	0.06791503848779283	0.6030810778411319	0.11102647647567579	0.09863653709387518	0.6057681495342567	0.10470342855381182	0.12938500806680311	0.5859925793452263	0.08053998669559463	nan	0.029999999999999933	nan	nan	nan		+y	False	True	False	False	lh3	NA
box021_person1	box021	box021_person1	old_box021_control	85	169	right	False	nan	nan	nan	0.024898266573644922	0.5360520155020518	0.21019893168229503	0.08097186039725206	0.5724216446315614	0.25416485203757766	0.04592586425749759	0.5496906264256178	0.2266861518155261	0.010879868117743129	0.5269596082196745	0.19920745159347433	0.024898266573644922	0.5360520155020518	0.21019893168229503	-0.00461858603924757	0.5343202378163134	0.1993945841415241	-0.030857227182224535	0.5057515604500038	0.17900266043591023	nan	0.029999999999999992	nan	nan	nan		+y	False	True	False	False	rh3	NA
box021_person1	box021	box021_person1	old_box021_control	86	170	left	False	nan	nan	nan	0.08353898748178834	0.620616438111645	0.10672669135519601	0.017544817954924737	0.6201031320639812	0.151942906426352	0.058791173909214504	0.620423948343771	0.1236827720068796	0.10003752986350427	0.6207447646235609	0.09542263758740702	0.08353898748178834	0.620616438111645	0.10672669135519601	0.11316093201721113	0.6299374678505864	0.10156233539769197	0.14691867482053805	0.6201837076584149	0.07537660399970086	nan	0.03000000000000008	nan	nan	nan		+y	False	True	False	False	lh3	NA
box021_person1	box021	box021_person1	old_box021_control	86	170	right	False	nan	nan	nan	0.005729680981950156	0.566502512201708	0.190801725376052	0.0684034977770744	0.5798501314671677	0.23869570984462113	0.02923236228012174	0.5715078694262554	0.20876196955176546	-0.009938773216830904	0.5631656073853432	0.17882822925890976	0.005729680981950156	0.566502512201708	0.190801725376052	-0.02336551695547845	0.5736036823436605	0.18110531328174134	-0.05531200078183257	0.5563042622645262	0.1565977959867576	nan	0.030000000000000044	nan	nan	nan		+y	False	True	False	False	rh3	NA
box021_person1	box021	box021_person1	old_box021_control	87	171	left	False	nan	nan	nan	0.06783804820869134	0.6181178335317121	0.1011667155540983	0.0038297968479973454	0.603836583771198	0.14698144749726288	0.0438349539484311	0.6127623648715192	0.11834724003278488	0.08384011104886487	0.6216881459718406	0.08971303256830708	0.06783804820869134	0.6181178335317121	0.1011667155540983	0.09575534220641295	0.631932174403605	0.09660596473546916	0.1297767334680573	0.629684102560559	0.06907589616453534	nan	0.029999999999999916	nan	nan	nan		+y	False	True	False	False	lh3	NA
box021_person1	box021	box021_person1	old_box021_control	87	171	right	False	nan	nan	nan	-0.002629627755281604	0.5773912000997473	0.18648963733203242	0.06270155761480248	0.5730913518387453	0.23246079702016814	0.021869566758499933	0.5757787570018715	0.20372882221508337	-0.018962424097802626	0.5784661621649977	0.1749968474099984	-0.002629627755281604	0.5773912000997473	0.18648963733203242	-0.03013520572883505	0.5908160253398617	0.17912792452053544	-0.06540058761215922	0.5827806980122641	0.1543841874691628	nan	0.03000000000000005	nan	nan	nan		+y	False	True	False	False	rh3	NA
box021_d003_029_p2	box021	d003_box021_20231018_029_p2	known_D003_fail	0	59	left	False	nan	nan	nan	-0.3577413135169988	0.4611100285707569	-0.26182413317955083	-0.3631862914523866	0.5393799128929104	-0.24619795567256442	-0.35978318024276923	0.4904612351915644	-0.2559643166144309	-0.3563800690331518	0.44154255749021853	-0.2657306775562974	-0.3577413135169988	0.4611100285707569	-0.26182413317955083	-0.34114833943837	0.43436459353361095	-0.26242967575399645	-0.34780070981879146	0.3912964798346199	-0.26704455567032886	nan	0.02999999999999997	nan	nan	nan		+y	False	True	False	False	lh3	NA
box021_d003_029_p2	box021	d003_box021_20231018_029_p2	known_D003_fail	0	59	right	False	nan	nan	nan	-0.4372925332686865	0.48214042316307876	0.12553363564360034	-0.42801064324365606	0.5588901259070974	0.10495865942810922	-0.4338118245093001	0.5109215616920858	0.11781801956279127	-0.43961300577494417	0.46295299747707414	0.13067737969747306	-0.4372925332686865	0.48214042316307876	0.12553363564360034	-0.42510522239402326	0.45404815824336725	0.1328323802774987	-0.43804667846707457	0.4124165750411853	0.13728166816376658	nan	0.030000000000000044	nan	nan	nan		-x	False	False	False	False	rh3	NA
box021_d003_029_p2	box021	d003_box021_20231018_029_p2	known_D003_fail	1	60	left	False	nan	nan	nan	-0.3607332070964219	0.464723546997733	-0.25710712225913157	-0.3645558927617146	0.5426943637762786	-0.2396160157992515	-0.3621667142209067	0.4939626032896875	-0.25054795733667656	-0.35977753568009874	0.4452308428030966	-0.2614798988741015	-0.3607332070964219	0.464723546997733	-0.25710712225913157	-0.3445794582261064	0.4377529593807119	-0.2587367132928161	-0.3520176604619933	0.39490422252489427	-0.2641286019478841	nan	0.029999999999999947	nan	nan	nan		+y	False	True	False	False	lh3	NA
box021_d003_029_p2	box021	d003_box021_20231018_029_p2	known_D003_fail	1	60	right	False	nan	nan	nan	-0.41842009911414946	0.47343425262145283	0.12865481732700498	-0.41032812625092374	0.5507923785233505	0.10994010834911869	-0.41538560929043983	0.5024435498346644	0.1216368014602976	-0.4204430923299558	0.4540947211459785	0.1333334945714765	-0.41842009911414946	0.47343425262145283	0.12865481732700498	-0.40583477264638074	0.44515741441151707	0.13440003677055967	-0.418494559870713	0.40338408937822334	0.1382968650966766	nan	0.03000000000000001	nan	nan	nan		-x	False	False	False	False	rh3	NA
box021_d003_029_p2	box021	d003_box021_20231018_029_p2	known_D003_fail	2	61	left	False	nan	nan	nan	-0.3713263208513587	0.4622546419865573	-0.2553842792187402	-0.3733830053538707	0.5404216100808464	-0.2384817602406854	-0.3720975775398007	0.49156725502191567	-0.24904583460196958	-0.37081214972573073	0.44271289996298496	-0.25960990896325387	-0.3713263208513587	0.4622546419865573	-0.2553842792187402	-0.35557074880153533	0.4350911125509508	-0.25760157123682575	-0.36374170779717385	0.39228029088655486	-0.2621713133981052	nan	0.029999999999999936	nan	nan	nan		+y	False	True	False	False	lh3	NA
box021_d003_029_p2	box021	d003_box021_20231018_029_p2	known_D003_fail	2	61	right	False	nan	nan	nan	-0.3996871668668862	0.468920148696761	0.13352981280601242	-0.39285534912086456	0.5460084817622399	0.1132637038684059	-0.397125235212128	0.4978282735963156	0.12593002195441003	-0.4013951213033916	0.44964806543039126	0.1385963400404141	-0.3996871668668862	0.468920148696761	0.13352981280601242	-0.38678954207902366	0.4406431171960302	0.13853364456217673	-0.39926377966838283	0.3989888476177527	0.14399087741135932	nan	0.029999999999999985	nan	nan	nan		-x	False	False	False	False	rh3	NA
box021_d003_029_p2	box021	d003_box021_20231018_029_p2	known_D003_fail	3	62	left	False	nan	nan	nan	-0.38582816042038426	0.462540357211793	-0.25070249195583827	-0.3856154262403515	0.5408551124808125	-0.2343698910814449	-0.38574838510287196	0.49190839043767526	-0.24457776662794073	-0.3858813439653925	0.4429616683945381	-0.25478564217443656	-0.38582816042038426	0.462540357211793	-0.25070249195583827	-0.3706969367866132	0.43507611707786736	-0.25349056496789935	-0.379858478128393	0.39239001027746384	-0.25728213619591367	nan	0.02999999999999998	nan	nan	nan		-x	False	False	False	False	lh3	NA
box021_d003_029_p2	box021	d003_box021_20231018_029_p2	known_D003_fail	3	62	right	False	nan	nan	nan	-0.3799358443466355	0.4645035735766662	0.13906541470689565	-0.37641918075793684	0.5415021418628769	0.11764454733235484	-0.37861709550087347	0.49337803668399527	0.13103258944144294	-0.3808150102438102	0.44525393150511355	0.14442063155053084	-0.3799358443466355	0.4645035735766662	0.13906541470689565	-0.3660416019765737	0.4365883593058697	0.14338611014667155	-0.3770948939817167	0.3947196209190092	0.15011661158768425	nan	0.03000000000000001	nan	nan	nan		-x	False	False	False	False	rh3	NA
box021_d003_029_p2	box021	d003_box021_20231018_029_p2	known_D003_fail	4	63	left	False	nan	nan	nan	-0.3921914960272139	0.4602788139757232	-0.25005338000874444	-0.38978361925903227	0.5384963472555648	-0.2334335238996766	-0.39128854223914583	0.4896103889556638	-0.24382093396784402	-0.39279346521925934	0.4407244306557628	-0.2542083440360115	-0.3921914960272139	0.4602788139757232	-0.25005338000874444	-0.3777946173532377	0.4324563470653531	-0.25316014446358565	-0.38807623741869895	0.39002858157051734	-0.2569793812792915	nan	0.02999999999999999	nan	nan	nan		-x	False	False	False	False	lh3	NA
box021_d003_029_p2	box021	d003_box021_20231018_029_p2	known_D003_fail	4	63	right	False	nan	nan	nan	-0.3653580798362884	0.458458018642526	0.14626255590172468	-0.36402417215408844	0.5351867781950967	0.12365905732696507	-0.36485786445546337	0.48723130347474003	0.1377862439361898	-0.36569155675683834	0.43927582875438337	0.15191343054541454	-0.3653580798362884	0.458458018642526	0.14626255590172468	-0.35078243434726064	0.4308899893458489	0.1505674237488876	-0.36078637181492984	0.38891454178894086	0.15821263175430034	nan	0.03000000000000003	nan	nan	nan		+y	False	True	False	False	rh3	NA
box021_d003_029_p2	box021	d003_box021_20231018_029_p2	known_D003_fail	5	64	left	False	nan	nan	nan	-0.3914377995357348	0.4582511254931808	-0.2514513399304355	-0.38839177383814133	0.5364702121671622	-0.23494388078804188	-0.3902955398991373	0.48758328299592385	-0.2452610427520378	-0.39219930596013325	0.43869635382468547	-0.2555782047160339	-0.3914377995357348	0.4582511254931808	-0.2514513399304355	-0.3772453480869749	0.4303336751310109	-0.2546454052178195	-0.3878292641796811	0.3879682970547094	-0.2583290211728677	nan	0.030000000000000054	nan	nan	nan		-x	False	False	False	False	lh3	NA
box021_d003_029_p2	box021	d003_box021_20231018_029_p2	known_D003_fail	5	64	right	False	nan	nan	nan	-0.35391588059770096	0.4577125083483846	0.14841899177279066	-0.3540397733430672	0.5341649868212428	0.12486048617619565	-0.35396234037721325	0.48638218777570646	0.13958455217406746	-0.3538849074113593	0.43859938873017	0.1543086181719395	-0.35391588059770096	0.4577125083483846	0.14841899177279066	-0.3388964724511106	0.4303905138405037	0.152766814554743	-0.3481939602591443	0.38838783478293093	0.16112132473498728	nan	0.030000000000000044	nan	nan	nan		+y	False	True	False	False	rh3	NA
box021_d003_029_p2	box021	d003_box021_20231018_029_p2	known_D003_fail	6	65	left	False	nan	nan	nan	-0.39272891896651807	0.4519870049612976	-0.2561895019301311	-0.390571733982536	0.5303429168679339	-0.24019895402756294	-0.3919199745975248	0.4813704719262862	-0.25019304646666807	-0.39326821521251365	0.43239802698463853	-0.2601871389057733	-0.39272891896651807	0.4519870049612976	-0.2561895019301311	-0.37815635625630145	0.4242917689195146	-0.2595992061044587	-0.3881177245499275	0.3817344856686465	-0.2627713268357401	nan	0.02999999999999993	nan	nan	nan		-x	False	False	False	False	lh3	NA
box021_d003_029_p2	box021	d003_box021_20231018_029_p2	known_D003_fail	6	65	right	False	nan	nan	nan	-0.3456698039626165	0.4602782879765373	0.15232926052983933	-0.34714973788120085	0.5360030582095991	0.1265694280624761	-0.34622477918208555	0.48867507681393546	0.14266932335457816	-0.3452998204829703	0.4413470954182718	0.15876921864667998	-0.3456698039626165	0.4602782879765373	0.15232926052983933	-0.3303683910405464	0.4331301650497379	0.1567816477597976	-0.3391214234063156	0.39137099799636604	0.16678277566209848	nan	0.029999999999999968	nan	nan	nan		+y	False	True	False	False	rh3	NA
box021_d003_029_p2	box021	d003_box021_20231018_029_p2	known_D003_fail	7	66	left	False	nan	nan	nan	-0.38713655655493373	0.4485323816762611	-0.2556383410501754	-0.3848768752314893	0.5268866056830707	-0.23965367900785595	-0.38628917605864205	0.4779152156788146	-0.24964409278430552	-0.3877014768857948	0.4289438256745587	-0.2596345065607552	-0.38713655655493373	0.4485323816762611	-0.2556383410501754	-0.3725759976330206	0.4208523399959905	-0.25921845031801605	-0.38253051794456666	0.3782860012561451	-0.2622889384813957	nan	0.029999999999999933	nan	nan	nan		-x	False	False	False	False	lh3	NA
box021_d003_029_p2	box021	d003_box021_20231018_029_p2	known_D003_fail	7	66	right	False	nan	nan	nan	-0.3369567713228224	0.45858077647792594	0.15334257811930874	-0.3387090872382948	0.5342046334632296	0.1273048815315009	-0.33761388979112456	0.4869397228474148	0.14357844189888078	-0.3365186923439543	0.4396748122316001	0.15985200226626065	-0.3369567713228224	0.45858077647792594	0.15334257811930874	-0.32166023707311714	0.43139697917542785	0.15758931475702065	-0.330348200229399	0.38971022862979643	0.16794307219319796	nan	0.030000000000000058	nan	nan	nan		+y	False	True	False	False	rh3	NA
box021_d003_029_p2	box021	d003_box021_20231018_029_p2	known_D003_fail	8	67	left	False	nan	nan	nan	-0.3774876400058581	0.4445865905689356	-0.25471462499983105	-0.3770494771359792	0.5230628460024073	-0.23918126263233397	-0.3773233289296535	0.4740151863564875	-0.24888961411201962	-0.3775971807233278	0.4249675267105677	-0.2585979655917053	-0.3774876400058581	0.4445865905689356	-0.25471462499983105	-0.36228269037191974	0.4172400211915942	-0.2581767653536222	-0.3712307921072729	0.3744323765967254	-0.26097865854981395	nan	0.030000000000000002	nan	nan	nan		-x	False	False	False	False	lh3	NA
box021_d003_029_p2	box021	d003_box021_20231018_029_p2	known_D003_fail	8	67	right	False	nan	nan	nan	-0.33163633852213353	0.4570806924739617	0.14956230557187639	-0.3339569214694755	0.5327770685091607	0.12378104202793343	-0.33250655712738675	0.4854668334871613	0.1398943317428978	-0.331056192785298	0.43815659846516186	0.156007621457862	-0.33163633852213353	0.4570806924739617	0.14956230557187639	-0.31619812616135345	0.42993648389506967	0.15354113801806746	-0.32462015141363815	0.3881889694905561	0.16386977295210456	nan	0.02999999999999992	nan	nan	nan		+y	False	True	False	False	rh3	NA
box021_d003_029_p2	box021	d003_box021_20231018_029_p2	known_D003_fail	9	68	left	False	nan	nan	nan	-0.35099456215354125	0.4398932839563655	-0.25276644632052087	-0.35602654348975604	0.5183427397230149	-0.2379218495341981	-0.3528815551546218	0.46931182986885905	-0.2471997225256499	-0.34973656681948756	0.4202809200147032	-0.2564775955171016	-0.35099456215354125	0.4398932839563655	-0.25276644632052087	-0.33397800336616973	0.41355522634687425	-0.255551264861243	-0.34008541359395755	0.37024303729273145	-0.25822846219379164	nan	0.030000000000000002	nan	nan	nan		+y	False	True	False	False	lh3	NA
box021_d003_029_p2	box021	d003_box021_20231018_029_p2	known_D003_fail	9	68	right	False	nan	nan	nan	-0.3285582172407048	0.45599655229702457	0.14128842472863967	-0.33127680562688266	0.5319291720232185	0.11625152119198473	-0.32957768788552144	0.4844712846943473	0.13189958590239403	-0.3278785701441603	0.4370133973654761	0.14754765061280334	-0.3285582172407048	0.45599655229702457	0.14128842472863967	-0.31298152836337534	0.4288922660896434	0.14499004609137334	-0.3211869228974958	0.3870040092363016	0.15491534740839583	nan	0.03000000000000002	nan	nan	nan		+y	False	True	False	False	rh3	NA
box021_d003_029_p2	box021	d003_box021_20231018_029_p2	known_D003_fail	10	69	left	False	nan	nan	nan	-0.33103490183990786	0.4382454740865326	-0.2551176621717748	-0.3436550468851957	0.5156819624303615	-0.2394868524674776	-0.3357674562318908	0.46728415721546845	-0.2492561085326633	-0.32787986557858595	0.41888635200057533	-0.25902536459784914	-0.33103490183990786	0.4382454740865326	-0.2551176621717748	-0.3117084947263282	0.41347639682664467	-0.2571163031309212	-0.31394635528213993	0.3698708838175689	-0.26085325125174924	nan	0.030000000000000047	nan	nan	nan		+y	False	True	False	False	lh3	NA
box021_d003_029_p2	box021	d003_box021_20231018_029_p2	known_D003_fail	10	69	right	False	nan	nan	nan	-0.3268660008200761	0.4528808699779535	0.13998010120023666	-0.3327134645409008	0.5290301880310339	0.11616648055816606	-0.32905879971538543	0.48143686424785864	0.13104999345946017	-0.32540413488987	0.4338435404646834	0.14593350636075444	-0.3268660008200761	0.4528808699779535	0.13998010120023666	-0.31046770706121074	0.42612787661204754	0.14250019557695087	-0.317132598543375	0.38392754349802377	0.15225607967334168	nan	0.030000000000000006	nan	nan	nan		+y	False	True	False	False	rh3	NA
box021_d003_029_p2	box021	d003_box021_20231018_029_p2	known_D003_fail	11	70	left	False	nan	nan	nan	-0.3206281199414099	0.42394041244843017	-0.26408018168466946	-0.3376701954598672	0.5006325618137966	-0.24898442440841684	-0.32701889826083136	0.45269996846044247	-0.2584192727060746	-0.3163676010617955	0.40476737510708855	-0.26785412100373246	-0.3206281199414099	0.42394041244843017	-0.26408018168466946	-0.30042242598843527	0.3998009293770346	-0.2639156981467986	-0.3007501200060393	0.356233962456126	-0.2686300990475482	nan	0.029999999999999933	nan	nan	nan		+y	False	True	False	False	lh3	NA
box021_d003_029_p2	box021	d003_box021_20231018_029_p2	known_D003_fail	11	70	right	False	nan	nan	nan	-0.32093213076838023	0.43544428349897224	0.14358302483799484	-0.3300848623348826	0.5113213530539368	0.11994200496526893	-0.32436440510581865	0.463898184582084	0.1347176423857227	-0.3186439478767547	0.416475016110231	0.14949327980617647	-0.32093213076838023	0.43544428349897224	0.14358302483799484	-0.3039849295070771	0.408940129663626	0.14472309798783609	-0.30909589515004243	0.36672769618205797	0.1553275620321159	nan	0.030000000000000013	nan	nan	nan		+y	False	True	False	False	rh3	NA
box021_d003_029_p2	box021	d003_box021_20231018_029_p2	known_D003_fail	12	71	left	False	nan	nan	nan	-0.3139239561269859	0.3974333127227126	-0.2718350810156288	-0.3338421428061618	0.47351736010378276	-0.257189823300977	-0.3213932761316769	0.4259648304906139	-0.2663431093726344	-0.308944409457192	0.37841230087744504	-0.2754963954442918	-0.3139239561269859	0.3974333127227126	-0.2718350810156288	-0.2938126577938563	0.3733609160932022	-0.2691766668686044	-0.2930014540995389	0.329978928324346	-0.27532147375725663	nan	0.029999999999999992	nan	nan	nan		+y	False	True	False	False	lh3	NA
box021_d003_029_p2	box021	d003_box021_20231018_029_p2	known_D003_fail	12	71	right	False	nan	nan	nan	-0.29933140477455245	0.40412241804374177	0.16943272406022797	-0.3124163822421885	0.4790704797506262	0.1447027541643204	-0.304238271324916	0.43222794118382335	0.16015898534926265	-0.29606016040764344	0.38538540261702064	0.17561521653420492	-0.29933140477455245	0.40412241804374177	0.16943272406022797	-0.2820246991829606	0.3778273979077952	0.16926711753280702	-0.28518772793533	0.3359527533506526	0.1817961063280157	nan	0.029999999999999905	nan	nan	nan		+y	False	True	False	False	rh3	NA
box021_d003_029_p2	box021	d003_box021_20231018_029_p2	known_D003_fail	13	72	left	False	nan	nan	nan	-0.3012790198367655	0.3317577851536404	-0.2773912678592758	-0.3157426545579368	0.4094100634926391	-0.2647055696358749	-0.30670288285720476	0.36087738953076487	-0.2726341310255005	-0.29766311115647276	0.3123447155688907	-0.2805626924151261	-0.3012790198367655	0.3317577851536404	-0.2773912678592758	-0.2850729448410534	0.30550823970326274	-0.27111940507445564	-0.2875315478177953	0.2624077974728322	-0.2786507208196477	nan	0.029999999999999936	nan	nan	nan		-x	False	False	False	False	lh3	NA
box021_d003_029_p2	box021	d003_box021_20231018_029_p2	known_D003_fail	13	72	right	False	nan	nan	nan	-0.2802215303719433	0.33707457022229714	0.2113073765494528	-0.2896189905699992	0.41205044869307644	0.18503371313224187	-0.2837455779462143	0.36519052464883933	0.20145475276799885	-0.2778721653224293	0.3183306006046023	0.2178757924037556	-0.2802215303719433	0.33707457022229714	0.2113073765494528	-0.26534638833188307	0.3093479371087049	0.21033705012082976	-0.2706100412217286	0.2683510911334481	0.22489791363375708	nan	0.029999999999999912	nan	nan	nan		-x	False	False	False	False	rh3	NA
box021_d003_029_p2	box021	d003_box021_20231018_029_p2	known_D003_fail	14	73	left	False	nan	nan	nan	-0.2861673331664238	0.25941375337838835	-0.28290093564792335	-0.29478363763431253	0.33850765706903146	-0.2745394946063376	-0.28939844734188214	0.28907396726237955	-0.27976539525732863	-0.2840132570494516	0.23964027745572755	-0.2849912959083198	-0.2861673331664238	0.25941375337838835	-0.28290093564792335	-0.2752395526472408	0.23177765847134135	-0.27251625283509967	-0.28036520974526535	0.18898431625670023	-0.28044538061334795	nan	0.030000000000000054	nan	nan	nan		-x	False	False	False	False	lh3	NA
box021_d003_029_p2	box021	d003_box021_20231018_029_p2	known_D003_fail	14	73	right	False	nan	nan	nan	-0.2520060371921909	0.2821872470390124	0.2497523236371164	-0.26210229402219415	0.35613560701036223	0.22094771193047685	-0.2557921335034421	0.3099178820282686	0.23895059424712664	-0.2494819729846901	0.2637001570461749	0.2569534765637762	-0.2520060371921909	0.2821872470390124	0.2497523236371164	-0.2386332065094596	0.253733823849997	0.24815617945077173	-0.2433558764727622	0.2138316398875616	0.2656484140522024	nan	0.029999999999999992	nan	nan	nan		-x	False	False	False	False	rh3	NA
box021_d003_029_p2	box021	d003_box021_20231018_029_p2	known_D003_fail	15	74	left	False	nan	nan	nan	-0.25185970240575944	0.1903158235049289	-0.2886464832602574	-0.26271959876367873	0.2691569625351506	-0.2805139899456262	-0.25593216353997916	0.21988125064126204	-0.2855967982672707	-0.24914472831627957	0.17060553874737347	-0.2906796065889152	-0.25185970240575944	0.1903158235049289	-0.2886464832602574	-0.24360960903437986	0.1623986183831992	-0.2766641052214669	-0.24640391097620515	0.11984172688838512	-0.2867396413792227	nan	0.030000000000000044	nan	nan	nan		-x	False	False	False	False	lh3	NA
box021_d003_029_p2	box021	d003_box021_20231018_029_p2	known_D003_fail	15	74	right	False	nan	nan	nan	-0.2110704514824527	0.20352219612075376	0.27056307852418765	-0.22633070433442218	0.27757770188345415	0.24443059396713446	-0.21679304630194127	0.23129301078176642	0.26076339681529287	-0.20725538826946033	0.18500831968007872	0.2770961996634509	-0.2110704514824527	0.20352219612075376	0.27056307852418765	-0.1978062682610996	0.17524764456318848	0.26661481997202113	-0.1993130240331311	0.1351478699817592	0.2842274272028606	nan	0.030000000000000006	nan	nan	nan		-x	False	False	False	False	rh3	NA
box021_d003_029_p2	box021	d003_box021_20231018_029_p2	known_D003_fail	16	75	left	True	0.1596	0.19529137832388474	-0.2367688243523442	-0.19837097311861426	0.12733627150943885	-0.2971770293360463	-0.2148824255051312	0.20510158604401513	-0.2882367946956014	-0.2045627677635581	0.15649826445990492	-0.2938244413458795	-0.19424311002198502	0.10789494287579479	-0.2994120879961574	-0.19837097311861426	0.12733627150943885	-0.2971770293360463	-0.18987884700217075	0.09954516645506072	-0.2850712439510067	-0.19630704157029966	0.11761560719261682	-0.29829455866610183	0.3706410265189107	0.029999999999999975	0.3198205807131494	0.3194421414015283	0.2958973689889426	+x	-x	False	False	False	False	lh2	handbox_surface
box021_d003_029_p2	box021	d003_box021_20231018_029_p2	known_D003_fail	16	75	right	True	0.13786622447782262	0.18032019250408568	0.2647	-0.17605067669023083	0.14321685895094044	0.271916775682443	-0.1953495460592362	0.2170334704009386	0.24786139135547625	-0.18328775270360784	0.17089808824468977	0.2628960065598304	-0.1712259593479795	0.12476270608844092	0.27793062176418487	-0.17605067669023083	0.14321685895094044	0.271916775682443	-0.1626818584294531	0.1152363466510384	0.2664998394957113	-0.17363831801910515	0.1339897825196907	0.27492369872331396	0.3212972261014058	0.030000000000000054	0.2643241348533309	0.2628944771615204	0.2407773834072135	+z	-x	True	False	False	False	rh2	handbox_surface
box021_d003_029_p2	box021	d003_box021_20231018_029_p2	known_D003_fail	17	76	left	True	0.114505064270534	0.2089	-0.23845057909218506	-0.16923751262024717	0.09008733979890543	-0.29717712266749396	-0.18999380361139082	0.16657922809626383	-0.28630663928378836	-0.17702112174192602	0.11877179791041485	-0.2931006913986044	-0.16404843987246126	0.07096436772456582	-0.2998947435134204	-0.16923751262024717	0.09008733979890543	-0.29717712266749396	-0.15969071390242806	0.06237411513251454	-0.2856946325742567	-0.1666429762463542	0.08052585376173566	-0.2985359330904572	0.3099955559648828	0.03000000000000003	0.26684961521672906	0.2601454075902612	0.2361888654781617	+y	-x	True	False	False	False	lh2	handbox_surface
box021_d003_029_p2	box021	d003_box021_20231018_029_p2	known_D003_fail	17	76	right	True	0.10007712961185689	0.17382961035766156	0.2647	-0.155977681600915	0.11700977176981366	0.27729585229630604	-0.18185041820412917	0.18911205235202366	0.25423370505228343	-0.16567995782712033	0.1440481269881424	0.26864754707979743	-0.14950949745011147	0.09898420162426116	0.28306138910731166	-0.155977681600915	0.11700977176981366	0.27729585229630604	-0.14147583494188629	0.08978575627958874	0.2710088027520595	-0.15274358952551323	0.10799698669703742	0.2801786207018088	0.2674497137850111	0.03000000000000008	0.2112134380666315	0.21079758647985872	0.18766955323168236	+z	-x	True	False	False	False	rh2	handbox_surface
box021_d003_029_p2	box021	d003_box021_20231018_029_p2	known_D003_fail	18	77	left	True	0.09776091062420289	0.2089	-0.231587172409642	-0.1775961872150811	0.07585406965293186	-0.29440622270083133	-0.19740245527837588	0.15182427745117916	-0.2790361455215833	-0.18502353773881663	0.10434289757727461	-0.28864244375861337	-0.1726446201992574	0.05686151770337006	-0.2982487419956434	-0.1775961872150811	0.07585406965293186	-0.29440622270083133	-0.1683960978007171	0.04739615341211028	-0.28458190980334125	-0.17512040370716925	0.06635779367815095	-0.2963274823482374	0.30684611109107823	0.030000000000000013	0.2672989380042885	0.2568246689873076	0.2325322718269371	+y	-x	True	False	False	False	lh2	handbox_surface
box021_d003_029_p2	box021	d003_box021_20231018_029_p2	known_D003_fail	18	77	right	True	0.08915810225378691	0.17068401347246548	0.2647	-0.15128459973657996	0.09919128295409256	0.2870957292253909	-0.1814627557649579	0.16953896670619922	0.26384745424765393	-0.16260140824722172	0.12557166436113254	0.2783776261087394	-0.14374006072948545	0.08160436201606588	0.29290779796982513	-0.15128459973657996	0.09919128295409256	0.2870957292253909	-0.13535372955661257	0.07277560803837053	0.28081902133337294	-0.14751233023303273	0.09039782248507924	0.2900017635976079	0.25613483290255684	0.03000000000000005	0.20094305826398745	0.20046571718456976	0.1775973843605382	+z	+z	True	True	False	False	rh2	handbox_surface
box021_d003_029_p2	box021	d003_box021_20231018_029_p2	known_D003_fail	19	78	left	True	0.10168339704744243	0.2089	-0.22788592027325208	-0.16466398436423546	0.07471901807007618	-0.29584459587531586	-0.18590278407157038	0.15052502515453933	-0.2816191722646797	-0.17262853425448602	0.10314627072674985	-0.29051006202132723	-0.1593542844374017	0.055767516298960415	-0.2994009517779748	-0.16466398436423546	0.07471901807007618	-0.29584459587531586	-0.15528000820216073	0.046486072302260595	-0.2855560813775421	-0.16200913440081854	0.06524326718451831	-0.2976227738266453	0.3005872087090148	0.030000000000000023	0.26097367806705696	0.250505425817785	0.22625440523859613	+y	-z	True	False	False	False	lh2	handbox_surface
box021_d003_029_p2	box021	d003_box021_20231018_029_p2	known_D003_fail	19	78	right	True	0.09952237712768956	0.16394745238383548	0.2647	-0.13928642079887654	0.10605149312442681	0.28699920756026787	-0.1718914170847029	0.1748763151671364	0.2625031244449898	-0.15151329440606143	0.1318608013904429	0.27781317639203856	-0.13113517172741995	0.0888452876137494	0.2931232283390873	-0.13928642079887654	0.10605149312442681	0.28699920756026787	-0.12280565402815195	0.07988999731842465	0.2810883673706405	-0.13521079626314822	0.0974483903690881	0.2900612179496776	0.2534174756197012	0.030000000000000013	0.19423578752143655	0.1929242675318394	0.1699963894977543	+z	+z	True	True	False	False	rh2	handbox_surface
box021_d003_029_p2	box021	d003_box021_20231018_029_p2	known_D003_fail	20	79	left	True	0.10054103127204032	0.2089	-0.22568833449585735	-0.16481191820230207	0.06978299674182026	-0.29636090329698417	-0.1890329501109461	0.14468793701611204	-0.28212743794994916	-0.17389480516804356	0.09787234934467968	-0.291023353791846	-0.15875666022514107	0.051056761673247325	-0.2999192696337429	-0.16481191820230207	0.06978299674182026	-0.29636090329698417	-0.15459070777732398	0.041849776526731296	-0.286051983286946	-0.16178428921372157	0.06041987920753379	-0.29814008646536355	0.30316799349373197	0.03000000000000005	0.26250601983432004	0.25330130849955834	0.22902087809005323	+y	-z	True	False	False	False	lh2	handbox_surface
box021_d003_029_p2	box021	d003_box021_20231018_029_p2	known_D003_fail	20	79	right	True	0.10411333145964088	0.16062613205484896	0.2647	-0.1352115709790411	0.10573920248568283	0.28848036223523177	-0.16896359020306148	0.17391733484787242	0.263730746765388	-0.14786857818804874	0.13130600212150392	0.2791992564340403	-0.126773566173036	0.0886946693951355	0.2946677661026928	-0.1352115709790411	0.10573920248568283	0.28848036223523177	-0.1192520793561777	0.07928342928371969	0.28245008369010305	-0.1309925685760386	0.0972169359404092	0.2915740641689622	0.25409600793035836	0.030000000000000044	0.19368209171786438	0.1923649833657719	0.1687574979688798	+z	+z	True	True	False	False	rh2	handbox_surface
box021_d003_029_p2	box021	d003_box021_20231018_029_p2	known_D003_fail	21	80	left	True	0.09634519059597219	0.2089	-0.2256930977454087	-0.1641729974048425	0.05655329637329379	-0.29616962777888045	-0.1948807385060468	0.12874179463531488	-0.2804898524254011	-0.17568840031779412	0.08362398322155169	-0.29028971202132575	-0.1564960621295414	0.03850617180778851	-0.30008957161725025	-0.1641729974048425	0.05655329637329379	-0.29616962777888045	-0.15181077129311338	0.029305459781270887	-0.2863848164609961	-0.16033452976719195	0.047529734090541176	-0.2981295996980654	0.3063806089510628	0.029999999999999968	0.2638432587938883	0.2571760088335372	0.23280180065455758	+y	-x	True	False	False	False	lh2	handbox_surface
box021_d003_029_p2	box021	d003_box021_20231018_029_p2	known_D003_fail	21	80	right	True	0.10542006755758081	0.161079591497124	0.2647	-0.13142341484225367	0.10690181700888243	0.28990731784776874	-0.17002053646696388	0.1722434476899294	0.26459460360711495	-0.14589733545152	0.13140492851427504	0.2804150500075235	-0.12177413443607607	0.0905664093386207	0.2962354964079323	-0.13142341484225367	0.10690181700888243	0.28990731784776874	-0.1144289950333414	0.08107683224118448	0.28397120590370784	-0.12659877463916488	0.09873411317375154	0.2930714071278504	0.2535507552249123	0.030000000000000047	0.18996625140079082	0.18690517604942766	0.1629375480996864	+z	+z	True	True	False	False	rh2	handbox_surface
box021_d003_029_p2	box021	d003_box021_20231018_029_p2	known_D003_fail	22	81	left	True	0.09560048810479836	0.1702208832756273	-0.2647	-0.1479043859883621	0.05810724155600811	-0.29800735023503755	-0.18879821915856923	0.1252073953556046	-0.28299856051974864	-0.1632395734271898	0.08326979923085681	-0.29237905409180426	-0.13768092769581033	0.04133220310610899	-0.3017595476638599	-0.1479043859883621	0.05810724155600811	-0.29800735023503755	-0.13234487242552465	0.03265553299309414	-0.28795131548837594	-0.14279265684208622	0.04971972233105856	-0.2998834489494488	0.27445363635022435	0.03000000000000001	0.21908348315499931	0.22243187397731395	0.1976585622727297	-z	-z	False	False	False	False	lh2	handbox_surface
box021_d003_029_p2	box021	d003_box021_20231018_029_p2	known_D003_fail	22	81	right	True	0.10348889759651289	0.15910873751530305	0.2647	-0.12360573609622529	0.1108453317828986	0.2891371028305518	-0.16965618946881722	0.1715737899903464	0.2648181779380941	-0.1408746561109473	0.13361850361069152	0.2800175059958801	-0.11209312275307731	0.09566321723103668	0.29521683405366633	-0.12360573609622529	0.1108453317828986	0.2891371028305518	-0.10411371159122448	0.0869612620206883	0.2827660934759742	-0.1178494294246513	0.10325427450696767	0.29217696844210905	0.24616645668121484	0.030000000000000023	0.1767867251468026	0.16926336085705174	0.14336326513152284	+z	+z	True	True	False	False	rh2	handbox_surface
box021_d003_029_p2	box021	d003_box021_20231018_029_p2	known_D003_fail	23	82	left	True	0.09530238640007105	0.16595646502001687	-0.2647	-0.13388207905559874	0.052968680087126956	-0.29901360226918994	-0.18275979800057382	0.11462072508437837	-0.2845224346698235	-0.1522112236599644	0.07608819696109624	-0.2935794144194275	-0.12166264931935497	0.037555668837814124	-0.30263639416903154	-0.13388207905559874	0.052968680087126956	-0.29901360226918994	-0.11566535957063208	0.029428634003647078	-0.28876523032515033	-0.12777236418747687	0.045262174462470564	-0.3008249982191108	0.26490246006043494	0.030000000000000054	0.20495050732937076	0.20690549238548897	0.18212859155207997	-z	-z	False	False	False	False	lh2	handbox_surface
box021_d003_029_p2	box021	d003_box021_20231018_029_p2	known_D003_fail	23	82	right	True	0.11303400619476532	0.15808873807255192	0.2647	-0.12362554736196202	0.10156339831455656	0.3003824040988746	-0.17324803099342437	0.15939844328908792	0.2760366305223541	-0.1422339787237604	0.12325154018000584	0.29125273900767934	-0.11121992645409645	0.08710463707092371	0.3064688474930046	-0.12362554736196202	0.10156339831455656	0.3003824040988746	-0.10322262816008837	0.07845827007462755	0.2939908858939366	-0.11742273690802925	0.09433401769274014	0.30342562579593957	0.25899888499794554	0.03000000000000008	0.18889999063286594	0.18044246360284005	0.15335878099759334	+z	+z	True	True	False	False	rh2	handbox_surface
box021_d003_029_p2	box021	d003_box021_20231018_029_p2	known_D003_fail	24	83	left	True	0.11385971660695667	0.18267995545392862	-0.2647	-0.14490801298487105	0.06418296615099754	-0.3004905875824511	-0.19243304551456272	0.12728363667958645	-0.28785426446636136	-0.16272990018350542	0.08784571759921837	-0.2957519664139175	-0.1330267548524481	0.04840779851885029	-0.30364966836147356	-0.14490801298487105	0.06418296615099754	-0.3004905875824511	-0.1273810232230811	0.0404346996654429	-0.2895436138120022	-0.1389673839186596	0.05629538233492392	-0.3020701279719623	0.29404008808995663	0.029999999999999992	0.2337234896569943	0.23504527155422913	0.2102696524301047	-z	-z	False	False	False	False	lh2	handbox_surface
box021_d003_029_p2	box021	d003_box021_20231018_029_p2	known_D003_fail	24	83	right	True	0.11220127088008748	0.1716831508848131	0.2647	-0.15080224570619596	0.11309181230982385	0.2881011514736948	-0.1978083629145458	0.1729886601722835	0.26354931730318426	-0.1684295396593272	0.13555313025824622	0.2788942136597533	-0.13905071640410852	0.09811760034420892	0.29423911001632236	-0.15080224570619596	0.11309181230982385	0.2881011514736948	-0.13044815650823918	0.08989848907034777	0.2818755287790081	-0.14492648105515224	0.10560470632701639	0.2911701307450086	0.2833028519374694	0.030000000000000065	0.21346159181398033	0.20459561195972087	0.17650613850862795	+z	-x	True	False	False	False	rh2	handbox_surface
box021_d003_029_p2	box021	d003_box021_20231018_029_p2	known_D003_fail	25	84	left	True	0.09952057707387515	0.16911359303779835	-0.2647	-0.1448275577190211	0.05493380329395711	-0.2999577858201718	-0.18063661666100136	0.12500713509925526	-0.2855550267999568	-0.1582559548222637	0.08121130272094396	-0.29455675118759117	-0.13587529298352605	0.03741547034263259	-0.3035584755752256	-0.1448275577190211	0.05493380329395711	-0.2999577858201718	-0.13192043775317913	0.028120554535865445	-0.2896880384457834	-0.1403514253512736	0.04617463681829485	-0.3017581306976986	0.27398353715292345	0.030000000000000065	0.22251714126920946	0.22676018314082536	0.2019079245807013	-z	-z	False	False	False	False	lh2	handbox_surface
box021_d003_029_p2	box021	d003_box021_20231018_029_p2	known_D003_fail	25	84	right	True	0.0962982499131926	0.16163038353046283	0.2647	-0.1310966892905513	0.1033882099617148	0.2891805331654336	-0.17369138097810896	0.16790220803501912	0.2685981063736383	-0.14706969867338543	0.12758095923920396	0.2814621231185104	-0.12044801636866191	0.08725971044338875	0.29432613986338246	-0.1310966892905513	0.1033882099617148	0.2891805331654336	-0.11192739937779947	0.07961397162462926	0.28154499234384633	-0.1257723528296066	0.09532396020255178	0.29175333651440805	0.24630933897285656	0.030000000000000072	0.1810576748903912	0.17589974785757784	0.15265898500148448	+z	+z	True	True	False	False	rh2	handbox_surface
box021_d003_029_p2	box021	d003_box021_20231018_029_p2	known_D003_fail	26	85	left	True	0.09899465605015764	0.2089	-0.22780894029556892	-0.17366773196101548	0.049841325343894925	-0.2974109547279829	-0.19452400860292765	0.12555533410287045	-0.28216613258137163	-0.18148883570173252	0.07823407862851074	-0.2916941464230037	-0.16845366280053742	0.030912823154150983	-0.3012221602646357	-0.17366773196101548	0.049841325343894925	-0.2974109547279829	-0.16552602690925772	0.021111106474441477	-0.28744606995829347	-0.17106069738077642	0.04037707424902296	-0.2993165574963093	0.31595235671717614	0.029999999999999995	0.27954140747991774	0.26734204579321685	0.242535904067121	+y	-x	True	False	False	False	lh2	handbox_surface
box021_d003_029_p2	box021	d003_box021_20231018_029_p2	known_D003_fail	26	85	right	True	0.0958219626125521	0.1667136250281548	0.2647	-0.14339964155585117	0.09996327226452721	0.2844203376681934	-0.17635104142702943	0.1704136421786999	0.2656866614276379	-0.15575641650754302	0.12638216098234198	0.277395209077985	-0.1351617915880566	0.08235067978598405	0.2891037567283321	-0.14339964155585117	0.09996327226452721	0.2844203376681934	-0.1269813782377788	0.07435671703625721	0.2763133945411079	-0.1392807165719539	0.09115697602525566	0.28676204719826265	0.2551067936498493	0.030000000000000058	0.1971156502065305	0.1963201934046062	0.17324516208722474	+z	+z	True	True	False	False	rh2	handbox_surface
box021_d003_029_p2	box021	d003_box021_20231018_029_p2	known_D003_fail	27	86	left	True	0.08792171126564303	0.2089	-0.22960667351877953	-0.1913711749488395	0.044611398307726674	-0.29171237409470196	-0.2064026016720728	0.12140737568792134	-0.27508606756304277	-0.197007959970052	0.07340988982529968	-0.2854775091453298	-0.18761331826803118	0.025412403962678007	-0.29586895072761676	-0.1913711749488395	0.044611398307726674	-0.29171237409470196	-0.18332187726168386	0.015622391579790056	-0.28244641156613015	-0.18949224660843536	0.03501190113520234	-0.29379066241115936	0.3204122934271448	0.02999999999999999	0.28760619037656726	0.2704439045669193	0.24642892076020698	+y	-x	True	False	False	False	lh2	handbox_surface
box021_d003_029_p2	box021	d003_box021_20231018_029_p2	known_D003_fail	27	86	right	True	0.09378039638093197	0.1647766527899569	0.2647	-0.13280348579297313	0.09906506477921356	0.28280518808525196	-0.16540616159984514	0.1699594348841807	0.26516847020317563	-0.14502948922055015	0.12565045356857624	0.2761914188794732	-0.12465281684125512	0.08134147225297177	0.28721436755577107	-0.13280348579297313	0.09906506477921356	0.28280518808525196	-0.11562630682850661	0.07399033022717866	0.27460886098871184	-0.12872815131711415	0.09020326851609269	0.28500977782051146	0.24226653428479888	0.03000000000000005	0.18490720452179643	0.18389211828455918	0.16173443257797995	+z	+z	True	True	False	False	rh2	handbox_surface
box021_d003_029_p2	box021	d003_box021_20231018_029_p2	known_D003_fail	28	87	left	True	0.09308797561922016	0.2089	-0.23258319071149294	-0.20070623354356398	0.04811266970841879	-0.28446847778628875	-0.21737729221351973	0.12406826923526759	-0.2656849024253555	-0.20695788054479738	0.07659601953098708	-0.27742463702593867	-0.19653846887607504	0.02912376982670657	-0.2891643716265221	-0.20070623354356398	0.04811266970841879	-0.28446847778628875	-0.18985300324337798	0.019653198867111685	-0.2765137510534828	-0.19862235120981947	0.03861821976756268	-0.2868164247064054	0.3309722259596937	0.03000000000000001	0.2955494180577454	0.27961757068080084	0.2564263980524627	+y	-x	True	False	False	False	lh2	handbox_surface
box021_d003_029_p2	box021	d003_box021_20231018_029_p2	known_D003_fail	28	87	right	True	0.091392534212232	0.16507709452433178	0.2647	-0.1312819559459418	0.0946526058198765	0.287001331061098	-0.1685147009701595	0.16325433127294156	0.2694649128742536	-0.14524423533002342	0.12037825286477591	0.28042517424103136	-0.12197376968988737	0.07750217445661019	0.29138543560780905	-0.1312819559459418	0.0946526058198765	0.287001331061098	-0.11104838770230611	0.07174122225091542	0.27947479221566046	-0.1266278628179146	0.08607739013824332	0.28919338333445344	0.24133426663035518	0.030000000000000016	0.18217807549227794	0.18063089779367072	0.16120260462189767	+z	+z	True	True	False	False	rh2	handbox_surface
box021_d003_029_p2	box021	d003_box021_20231018_029_p2	known_D003_fail	29	88	left	True	0.09207509061205493	0.2089	-0.23261350204518058	-0.2095147145257761	0.057272918721323146	-0.27635087840799416	-0.22420840349151555	0.13312708279532656	-0.25560861967823495	-0.21502484788792842	0.0857182302490744	-0.26857253138433446	-0.20584129228434128	0.038309377702822285	-0.28153644309043396	-0.2095147145257761	0.057272918721323146	-0.27635087840799416	-0.19723563347521947	0.028995548128453567	-0.2699770062083751	-0.2076780034050587	0.04779114821207271	-0.27894366074921406	0.3328320483617492	0.02999999999999997	0.2967690669225383	0.28089176272077254	0.25927813300696423	+y	-x	True	False	False	False	lh2	handbox_surface
box021_d003_029_p2	box021	d003_box021_20231018_029_p2	known_D003_fail	29	88	right	True	0.09069874988119848	0.16527396950137513	0.2647	-0.1300624021276187	0.09510756308422219	0.28896242775307385	-0.17027266406668393	0.16136139312113176	0.2691239590563206	-0.1451412503547682	0.11995274934806326	0.28152300199179126	-0.12000983664285235	0.07854410557499476	0.2939220449272622	-0.1300624021276187	0.09510756308422219	0.28896242775307385	-0.10681584887452525	0.07454122958267341	0.2837087379963444	-0.09431121808701316	0.03458908104080772	0.29666737232494983	0.2407437062593777	0.030000000000000023	0.17972615358592237	0.17755383673581546	0.15898636278770328	+z	+z	True	True	False	False	rh3	handbox_surface
box021_d003_029_p2	box021	d003_box021_20231018_029_p2	known_D003_fail	30	89	left	True	0.08647804266787248	0.2089	-0.22796408129667198	-0.21244793841859738	0.06147943445170765	-0.27199445633528	-0.22684677563463126	0.13663736247954117	-0.24867152038396448	-0.2178475023746101	0.08966365746214518	-0.26324835535353663	-0.20884822911458895	0.0426899524447493	-0.277825190323109	-0.21244793841859738	0.06147943445170765	-0.27199445633528	-0.1989320189396399	0.033435944614102535	-0.2673153149315418	-0.2106480837665932	0.052084693448228477	-0.2749098233291945	0.32874963535025964	0.030000000000000006	0.2925339646029182	0.27694135697975264	0.2568472074464195	+y	-x	True	False	False	False	lh2	handbox_surface
box021_d003_029_p2	box021	d003_box021_20231018_029_p2	known_D003_fail	30	89	right	True	0.0942976602390246	0.16666214287683898	0.2647	-0.1280106030599208	0.09707955618923077	0.2943582829032353	-0.17103392811161205	0.16086058406922743	0.27242716382399973	-0.144144349954305	0.12099744164422947	0.2861341132485219	-0.11725477179699799	0.08113429921923161	0.29984106267304406	-0.1280106030599208	0.09707955618923077	0.2943582829032353	-0.10316782209325394	0.07813088624880042	0.2905161859189506	-0.08898213121521883	0.03889786393426843	0.30393267958481074	0.24371967170183417	0.029999999999999992	0.18087732202809975	0.1758970046333463	0.15556887249787263	+z	+z	True	True	False	False	rh3	handbox_surface
box021_d003_029_p2	box021	d003_box021_20231018_029_p2	known_D003_fail	31	90	left	True	0.09209818824065627	0.2089	-0.23167216545257976	-0.21053629843174534	0.07382464354251579	-0.2702198462452452	-0.2290871407688677	0.1478960493001853	-0.2463599825057785	-0.21749286430816622	0.10160142070164185	-0.26127239734294533	-0.20589858784746473	0.05530679210309839	-0.2761848121801119	-0.21053629843174534	0.07382464354251579	-0.2702198462452452	-0.19381378084246237	0.04735328336903706	-0.2669585179956217	-0.20821744313960505	0.06456571782280704	-0.2732023292126786	0.3289920647457887	0.029999999999999964	0.2881927376359	0.27812978655709886	0.2594368526064503	+y	-x	True	False	False	False	lh2	handbox_surface
box021_d003_029_p2	box021	d003_box021_20231018_029_p2	known_D003_fail	31	90	right	True	0.10623877143715187	0.16335386959736486	0.2647	-0.12442788882726685	0.12178142755685682	0.28400099941031914	-0.17235650800452673	0.1807524023475259	0.2589955680803166	-0.1424011210187393	0.1438955431033577	0.2746239626615682	-0.1124457340329519	0.10703868385918963	0.2902523572428197	-0.12442788882726685	0.12178142755685682	0.28400099941031914	-0.0971959378773685	0.10606565099232336	0.28244768606723825	-0.07982504615275944	0.06833672340371139	0.29642074269816115	0.24959749122403593	0.029999999999999992	0.17726028257945492	0.15610664340738678	0.13296936539850254	+z	+z	True	True	False	False	rh3	handbox_surface
box021_d003_029_p2	box021	d003_box021_20231018_029_p2	known_D003_fail	32	91	left	True	0.08855109507242719	0.16849229295843143	-0.2647	-0.2111021306831444	0.07255085322552737	-0.26769985727802253	-0.2295951773732478	0.14591241707700156	-0.2416981616913161	-0.21803702319193316	0.10006143966983021	-0.25794922143300764	-0.2064788690106186	0.05421046226265886	-0.27420028117469913	-0.2111021306831444	0.07255085322552737	-0.26769985727802253	-0.19268110087863746	0.04703384792022894	-0.266951614603128	-0.2087904998468815	0.06338065774409317	-0.27095006922636083	0.3142047564152205	0.030000000000000044	0.2665332081732008	0.2632373898615112	0.24340518797962785	-z	-x	False	False	False	False	lh2	handbox_surface
box021_d003_029_p2	box021	d003_box021_20231018_029_p2	known_D003_fail	32	91	right	True	0.11069619895382954	0.1657595416911035	0.2647	-0.12288023337360514	0.12244063211347747	0.2876294792627175	-0.17002112167298847	0.1804874675608582	0.25919883479429645	-0.1405580664858739	0.14420819540624527	0.27696798758705965	-0.11109501129875925	0.10792892325163234	0.2947371403798228	-0.12288023337360514	0.12244063211347747	0.2876294792627175	-0.09529861445869665	0.10727361385928313	0.28806927832535895	-0.07824522331876159	0.06987441138987409	0.3032662409556455	0.252475087776539	0.029999999999999992	0.18116650098272657	0.16034820192834234	0.13536072532471566	+z	+z	True	True	False	False	rh3	handbox_surface
box021_d003_029_p2	box021	d003_box021_20231018_029_p2	known_D003_fail	33	92	left	True	0.09902526507070922	0.2089	-0.2313874418261953	-0.2083962928871305	0.08917342872101262	-0.2635127245957426	-0.2397300150688362	0.15708902636947145	-0.23512840761801093	-0.22014643870527015	0.11464177783918462	-0.2528686057290932	-0.2005628623417041	0.07219452930889791	-0.27060880384017555	-0.2083962928871305	0.08917342872101262	-0.2635127245957426	-0.1840584205949215	0.0694760522360485	-0.266782754841384	-0.20447957761441732	0.08068397901495522	-0.2670607642179591	0.33349157311512734	0.029999999999999985	0.28163194514639855	0.28312455683350185	0.2476393613691352	+y	-x	True	False	False	False	lh2	handbox_surface
box021_d003_029_p2	box021	d003_box021_20231018_029_p2	known_D003_fail	33	92	right	True	0.11455345775291692	0.1490866321465472	0.2647	-0.1178314757444159	0.1426822285087762	0.2674338177745863	-0.1702037434876774	0.19788859492092267	0.24274773507611072	-0.13747107614813894	0.16338461591333117	0.2581765367626579	-0.10473840880860052	0.12888063690573967	0.2736053384492051	-0.1178314757444159	0.1426822285087762	0.2674338177745863	-0.08935821148337583	0.12933199757892233	0.26601180358817655	-0.06906927179560551	0.09293669005216267	0.27958407989999723	0.252514066143747	0.03000000000000008	0.17040079409249143	0.13599213836405477	0.11088188375749362	+z	+z	True	True	False	True	rh3	handbox_surface
box021_d003_029_p2	box021	d003_box021_20231018_029_p2	known_D003_fail	34	93	left	True	0.10412584293838907	0.16650532749884006	-0.2647	-0.19142923177960802	0.11314955210212076	-0.2719506134311441	-0.2249280057105129	0.17800390391960041	-0.2392130937410285	-0.20399127200369738	0.13746993403367555	-0.25967404354735074	-0.1830545382968818	0.09693596414775081	-0.280134993353673	-0.19142923177960802	0.11314955210212076	-0.2719506134311441	-0.16631661063272637	0.09484679128381161	-0.27698816953213806	-0.15695010154651726	0.054823714996237415	-0.2921814390264465	0.30952297302813525	0.029999999999999954	0.2458896867133752	0.23277056070105193	0.20596360558648683	-z	-x	False	False	False	False	lh3	handbox_surface
box021_d003_029_p2	box021	d003_box021_20231018_029_p2	known_D003_fail	34	93	right	True	0.11307862281227607	0.1562256602536287	0.2647	-0.12427342407260708	0.140170157800925	0.26825178578875586	-0.17340771539045174	0.19801295692645327	0.24295293194086443	-0.14269878331679878	0.16186120747299812	0.2587647155957966	-0.11198985124314587	0.12570945801954297	0.27457649925072874	-0.12427342407260708	0.140170157800925	0.26825178578875586	-0.09613294965938064	0.12606192296863367	0.26803047690672116	-0.07776286046702825	0.0884792432890405	0.28108988650562416	0.25590832045781203	0.02999999999999999	0.17734247700303918	0.14646189161394685	0.12013904408995961	+z	+z	True	True	False	True	rh3	handbox_surface
box021_d003_029_p2	box021	d003_box021_20231018_029_p2	known_D003_fail	35	94	left	True	0.10220876199356146	0.16704614988960778	-0.2647	-0.19575051788763081	0.11071216179713675	-0.27106771263904456	-0.22743590731007476	0.17580101183534813	-0.23701660843005717	-0.20763253892104727	0.13512048056146603	-0.2582985485606743	-0.18782917053201978	0.09443994928758392	-0.2795804886912915	-0.19575051788763081	0.11071216179713675	-0.27106771263904456	-0.1711105273567762	0.0919300392900872	-0.27664575052698326	-0.1628071948800574	0.05193992986484803	-0.29252842611544017	0.31154752237024297	0.03000000000000002	0.24935779865115698	0.23828463945028994	0.2110648033148629	-z	-x	False	False	False	False	lh3	handbox_surface
box021_d003_029_p2	box021	d003_box021_20231018_029_p2	known_D003_fail	35	94	right	True	0.11177702355294457	0.1559322897648954	0.2647	-0.12824364004940683	0.13779363192829397	0.268711692169312	-0.1739306848977279	0.19816658001117757	0.2428698448512711	-0.14537628186752719	0.1604334874593753	0.2590209994250467	-0.11682187883732655	0.12270039490757303	0.27517215399882217	-0.12824364004940683	0.13779363192829397	0.268711692169312	-0.10095505018948092	0.12209941136724596	0.26866842158197407	-0.08479444645859342	0.08362303387123277	0.28204262921245876	0.25725538734279124	0.029999999999999947	0.1812390170780439	0.15372015305704181	0.12809423833324582	+z	+z	True	True	False	True	rh3	handbox_surface
box021_d003_029_p2	box021	d003_box021_20231018_029_p2	known_D003_fail	36	95	left	True	0.10286089049392622	0.17000910020074106	-0.2647	-0.19816880904048195	0.11294828489171525	-0.26385301955734825	-0.22979490705565456	0.17734492115407624	-0.2284572124267306	-0.21002859579617175	0.1370970234901006	-0.25057959188336665	-0.1902622845366888	0.0968491258261251	-0.27270197134000274	-0.19816880904048195	0.11294828489171525	-0.26385301955734825	-0.17376277268955378	0.09377775077525048	-0.26913011887765004	-0.165712885430905	0.05429298374749416	-0.28635121215875603	0.3149324075887852	0.03000000000000004	0.25222112622358034	0.24038157001897437	0.214595250263196	-z	-x	False	False	False	False	lh3	handbox_surface
box021_d003_029_p2	box021	d003_box021_20231018_029_p2	known_D003_fail	36	95	right	True	0.1123599954945643	0.15533086946834873	0.2647	-0.13135572124972575	0.13622984258899204	0.2692403481787212	-0.17454700064877446	0.19826117165171328	0.2430367682976113	-0.147552451024369	0.15949159098751253	0.2594140057233051	-0.12055790139996356	0.12072201032331176	0.2757912431489988	-0.13135572124972575	0.13622984258899204	0.2692403481787212	-0.10459314881797617	0.11965825502930949	0.2695935768481877	-0.08995254383501011	0.08057078677788343	0.2829460552448117	0.2599994869120143	0.03	0.18573615653879055	0.16036090361042973	0.13478009017645523	+z	+z	True	True	False	True	rh3	handbox_surface
box021_d003_029_p2	box021	d003_box021_20231018_029_p2	known_D003_fail	37	96	left	True	0.10493143244846775	0.16922500841683125	-0.2647	-0.20870295873893277	0.11504971164412922	-0.26457030125589176	-0.23575230118091844	0.1811164987569058	-0.22846610878394666	-0.2188464621546774	0.13982475681142043	-0.25103122907891234	-0.20194062312843633	0.09853301486593509	-0.27359634937387806	-0.20870295873893277	0.11504971164412922	-0.26457030125589176	-0.18523407967842523	0.0952394290607722	-0.27148233319451237	-0.17951796349786311	0.055095475984566565	-0.2881016777404148	0.3253971959415139	0.030000000000000006	0.26503485756083656	0.25605480107921486	0.22803810074261752	-z	-x	False	False	False	False	lh3	handbox_surface
box021_d003_029_p2	box021	d003_box021_20231018_029_p2	known_D003_fail	37	96	right	True	0.10905930676721155	0.15385463748266023	0.2647	-0.13538557284617464	0.1343747764531046	0.2696530783892696	-0.17534589948842005	0.19817809906694295	0.2425918825901272	-0.15037069533701664	0.15830102243329397	0.25950512996459124	-0.1253954911856133	0.118423945799645	0.27641837733905517	-0.13538557284617464	0.1343747764531046	0.2696530783892696	-0.10946960486407652	0.11651726783203639	0.2703235687360617	-0.09683295758989764	0.07689692657851398	0.2841442008680671	0.25952010135173315	0.02999999999999997	0.1874062058238944	0.16517434478711154	0.14032429247422348	+z	+z	True	True	False	True	rh3	handbox_surface
box021_d003_029_p2	box021	d003_box021_20231018_029_p2	known_D003_fail	38	97	left	True	0.0993744116278204	0.17221269217792828	-0.2647	-0.21257322879910592	0.10806480930499557	-0.26186239858591853	-0.23382795723999722	0.1771201154131198	-0.22751707550959252	-0.22054375196444015	0.13396054909554214	-0.24898290243229623	-0.20725954668888305	0.09080098277796449	-0.27044872935500003	-0.21257322879910592	0.10806480930499557	-0.26186239858591853	-0.1906762476826192	0.0866211351815886	-0.26905286616341645	-0.18815828134433446	0.04552560789735714	-0.28406056580926325	0.322580044334104	0.02999999999999997	0.26730946835792824	0.2663655709483851	0.23285182808912108	-z	-x	False	False	False	False	lh3	handbox_surface
box021_d003_029_p2	box021	d003_box021_20231018_029_p2	known_D003_fail	38	97	right	True	0.10598867583386065	0.15529643856566716	0.2647	-0.1406947462046565	0.13415797823125208	0.27056375453841247	-0.17542149190025974	0.1998468962608782	0.24091549689163053	-0.15371727584050773	0.15879132249236186	0.2594456579208692	-0.13201305978075567	0.1177357487238455	0.277975818950108	-0.1406947462046565	0.13415797823125208	0.27056375453841247	-0.11611515630944076	0.11457140765005291	0.27234913442978326	-0.10662197309062695	0.0745458651871966	0.2874587866704514	0.25978260846221973	0.03000000000000001	0.19131282383196985	0.17442876396954982	0.15021870695318226	+z	+z	True	True	False	True	rh3	handbox_surface
box021_d003_029_p2	box021	d003_box021_20231018_029_p2	known_D003_fail	39	98	left	True	0.09465808379551852	0.2089	-0.22185249935970447	-0.22369255411031216	0.1060382771743937	-0.252027406165179	-0.2335595750395712	0.1780953088456005	-0.2187043498120129	-0.22739268695878428	0.13305966405109626	-0.2395312600327417	-0.2212257988779974	0.08802401925659205	-0.26035817025347047	-0.22369255411031216	0.1060382771743937	-0.252027406165179	-0.20513784534729895	0.08205877807810243	-0.2604960643658874	-0.22245917649415475	0.09703114821549287	-0.25619278820932473	0.33133215068752014	0.03000000000000006	0.29040610562173425	0.2855230846422064	0.24571076660741417	+y	-x	True	False	False	False	lh2	handbox_surface
box021_d003_029_p2	box021	d003_box021_20231018_029_p2	known_D003_fail	39	98	right	True	0.10858231623410383	0.15035687502382772	0.2647	-0.12688471452712166	0.13236202074911382	0.2697242566634579	-0.154126303758777	0.201996581435551	0.24128267136761575	-0.1371003104889924	0.1584749810065278	0.25905866217751716	-0.12007431721920789	0.11495338057750448	0.27683465298741855	-0.12688471452712166	0.13236202074911382	0.2697242566634579	-0.10490284753203874	0.10984743978207848	0.27065631631556963	-0.0999744381904334	0.06888898522205149	0.2854408335319545	0.24588143771080803	0.030000000000000013	0.18169918697383913	0.17336720843078732	0.14916298328826144	+z	+z	True	True	False	True	rh3	handbox_surface
box021_d003_029_p2	box021	d003_box021_20231018_029_p2	known_D003_fail	40	99	left	True	0.0933551429129824	0.2089	-0.22310558629985885	-0.22302973716118552	0.10277297874910953	-0.25250775289418154	-0.2302770606413257	0.17549416773764356	-0.219963859850046	-0.22574748346623813	0.13004342461980975	-0.24030379300263072	-0.22121790629115048	0.08459268150197603	-0.2606437261552154	-0.22302973716118552	0.10277297874910953	-0.25250775289418154	-0.20536876485742103	0.07801772489792827	-0.2606489585763236	-0.222123821726168	0.09368283012554278	-0.2565757395246985	0.32915136936765016	0.02999999999999999	0.29031988578623386	0.2825872941406522	0.2433746181439752	+y	-x	True	False	False	False	lh2	handbox_surface
box021_d003_029_p2	box021	d003_box021_20231018_029_p2	known_D003_fail	40	99	right	True	0.10715930849706115	0.15423461637911434	0.2647	-0.13221472449427008	0.13245840181029064	0.2702252644853145	-0.1581672777844623	0.20221106861489857	0.2408819440977871	-0.1419469319780922	0.15861565186201862	0.25922151933999166	-0.12572658617172205	0.11502023510913856	0.2775610945821964	-0.13221472449427008	0.13245840181029064	0.2702252644853145	-0.11028699866488709	0.10994628269614933	0.27205744920523883	-0.10601673005234027	0.06892379776985125	0.2868691575589079	0.24920498844507402	0.030000000000000034	0.18651430271321606	0.1796195044440046	0.15356699456498876	+z	+z	True	True	False	True	rh3	handbox_surface
box021_d003_029_p2	box021	d003_box021_20231018_029_p2	known_D003_fail	41	100	left	True	0.092877639230738	0.2089	-0.224064085198361	-0.21550209027337006	0.10029220323692764	-0.25896164756931744	-0.22758543992697555	0.1719666803330755	-0.22554365848944485	-0.22003334639347208	0.12717013214798306	-0.24642990166436518	-0.2124812528599686	0.08237358396289063	-0.26731614483928556	-0.21550209027337006	0.10029220323692764	-0.25896164756931744	-0.19626410777921105	0.07676898679937309	-0.267181749995449	-0.21399167156666934	0.09133289359990913	-0.26313889620430153	0.3241809463395617	0.029999999999999978	0.28335225752534154	0.2783000344277323	0.23855185036630075	+y	-x	True	False	False	False	lh2	handbox_surface
box021_d003_029_p2	box021	d003_box021_20231018_029_p2	known_D003_fail	41	100	right	True	0.11800797515669388	0.15721388419900023	0.2647	-0.13604359310181321	0.13701716544662404	0.2705072807263971	-0.16523756627355077	0.20481422631205407	0.23966460787761412	-0.1469913330412148	0.1624410632711603	0.25894127840810355	-0.12874509980887885	0.12006790023026657	0.27821794893859286	-0.13604359310181321	0.13701716544662404	0.2705072807263971	-0.11292968270250929	0.11580484222097873	0.273107676336588	-0.1066804459687577	0.07528041691843826	0.28857325624974206	0.2651134089796206	0.030000000000000023	0.19989925784899276	0.1875250535385128	0.16252224375080604	+z	+z	True	True	False	True	rh3	handbox_surface
box021_d003_029_p2	box021	d003_box021_20231018_029_p2	known_D003_fail	42	101	left	True	0.09448362650244321	0.2089	-0.2259608801167414	-0.2143081564873924	0.10003910586051808	-0.25960009661545025	-0.2296780106912401	0.17037117872548027	-0.2247121745181094	-0.22007185181383526	0.12641363318487886	-0.24651712582894744	-0.21046569293643047	0.08245608764427756	-0.2683220771397854	-0.2143081564873924	0.10003910586051808	-0.25960009661545025	-0.19397298007600744	0.07772579883013105	-0.26852246712979394	-0.21238692471191142	0.09124759675239781	-0.2639610868776178	0.3258400050437669	0.029999999999999978	0.2828312206078015	0.2809235827061912	0.24065595368086054	+y	-x	True	False	False	False	lh2	handbox_surface
box021_d003_029_p2	box021	d003_box021_20231018_029_p2	known_D003_fail	42	101	right	True	0.1203739346484286	0.15445183709290247	0.2647	-0.12995005760600925	0.1368975847414384	0.270532802968966	-0.16294467586471867	0.2030707763218731	0.23999653138874327	-0.14232303945302524	0.16171253158410132	0.25908170112638246	-0.12170140304133184	0.12035428684632968	0.2781668708640217	-0.12995005760600925	0.1368975847414384	0.270532802968966	-0.10572597639740001	0.11693595038582677	0.2729212357935131	-0.09721374298522434	0.07679128462819029	0.28829699143185766	0.26285734376042785	0.029999999999999884	0.19483559516805837	0.17822462588713836	0.1535469382225646	+z	+z	True	True	False	True	rh3	handbox_surface
box021_d003_029_p2	box021	d003_box021_20231018_029_p2	known_D003_fail	43	102	left	True	0.10061460103589531	0.2089	-0.22743927485353266	-0.2186390739032759	0.10994899392174688	-0.25581894514350256	-0.23042210652886413	0.18029255166000976	-0.2195843756432589	-0.22305771113787146	0.13632782807359545	-0.24223098158091116	-0.21569331574687894	0.09236310448718106	-0.2648775875185635	-0.2186390739032759	0.10994899392174688	-0.25581894514350256	-0.19941802450659524	0.08695996512348005	-0.2654660991752635	-0.21716619482507743	0.10115604920446403	-0.26034826633103303	0.33203807069963637	0.029999999999999968	0.28916540727265916	0.28689513024298596	0.24677953051523044	+y	-x	True	False	False	False	lh2	handbox_surface
box021_d003_029_p2	box021	d003_box021_20231018_029_p2	known_D003_fail	43	102	right	True	0.11185078369600683	0.14799848794332493	0.2647	-0.12375032002092168	0.13064718691755534	0.27017231067805536	-0.15620758717985916	0.19824075426545487	0.24228619474631743	-0.13592179520552325	0.1559947746730176	0.25971501720365364	-0.11563600323118721	0.1137487950805804	0.2771438396609898	-0.12375032002092168	0.13064718691755534	0.27017231067805536	-0.09970893297133554	0.11038403582442136	0.27171956127657415	-0.09153131360546786	0.0696049679817793	0.28552754213178927	0.24795169188867874	0.029999999999999943	0.1803869111585103	0.1656287201008005	0.14084690376861037	+z	+z	True	True	False	True	rh3	handbox_surface
box021_d003_029_p2	box021	d003_box021_20231018_029_p2	known_D003_fail	44	103	left	True	0.10374660545859637	0.2089	-0.2267886417238055	-0.21795332011240154	0.11602772664514334	-0.25718674004498343	-0.2279845732424468	0.18683794953703897	-0.22133585031207678	-0.22171504003616846	0.14258156022960414	-0.24374265639514342	-0.21544550682989028	0.09832517092216943	-0.2661494624782101	-0.21795332011240154	0.11602772664514334	-0.25718674004498343	-0.19942672321478896	0.09217561105742479	-0.2660666924825354	-0.21669941347114588	0.10717644878365633	-0.26166810126159673	0.3325821052841171	0.029999999999999978	0.29008774100699025	0.28628753627913656	0.24718912121362846	+y	-x	True	False	False	False	lh2	handbox_surface
box021_d003_029_p2	box021	d003_box021_20231018_029_p2	known_D003_fail	44	103	right	True	0.10984699834397985	0.15443537664454343	0.2647	-0.13081426842270866	0.13106111094078796	0.2704002735301082	-0.1642686380822797	0.1981571702557297	0.2424910640270321	-0.14335965704504786	0.15622213318389114	0.25993431996645466	-0.1224506760078159	0.11428709611205254	0.2773775759058772	-0.13081426842270866	0.13106111094078796	0.2704002735301082	-0.10623907076207921	0.11149978288094688	0.2724959052682875	-0.09733557349978791	0.07073586307943953	0.2858935448672037	0.2532578025222734	0.030000000000000054	0.18608222057117685	0.1712389354511158	0.14567976507494543	+z	+z	True	True	False	True	rh3	handbox_surface
box021_d003_029_p2	box021	d003_box021_20231018_029_p2	known_D003_fail	45	104	left	True	0.10887843460841844	0.2089	-0.2269354661568316	-0.21501080190289742	0.11741304077404287	-0.26005195266954734	-0.22879554234041552	0.18754323933967104	-0.2241112211770496	-0.22018007956696664	0.14371186523615345	-0.24657417835986067	-0.21156461679351787	0.09988049113263575	-0.2690371355426717	-0.21501080190289742	0.11741304077404287	-0.26005195266954734	-0.19534860329408002	0.09430302691717622	-0.26843866664538735	-0.2132877093482076	0.1086467659533393	-0.2645445441061095	0.3360277930205996	0.030000000000000013	0.2910887759374968	0.2899953588048553	0.25120392620818405	+y	-x	True	False	False	False	lh2	handbox_surface
box021_d003_029_p2	box021	d003_box021_20231018_029_p2	known_D003_fail	45	104	right	True	0.10791210573912065	0.1539082838948033	0.2647	-0.13281351529147567	0.1332120334227223	0.27010667141420724	-0.17044755558088	0.19815948105927003	0.24243885514704588	-0.14692628040000227	0.1575673262864277	0.2597312403140217	-0.12340500521912466	0.11697517151358548	0.2770236254809975	-0.13281351529147567	0.1332120334227223	0.27010667141420724	-0.10716132011110861	0.11504806794719982	0.27184241579002355	-0.09576746639684516	0.07493512032967992	0.2853182348329564	0.25491308364623694	0.03000000000000002	0.18457095377993565	0.1648294027901862	0.1394016396341707	+z	+z	True	True	False	True	rh3	handbox_surface
box021_d003_029_p2	box021	d003_box021_20231018_029_p2	known_D003_fail	46	105	left	True	0.11026814747638639	0.2089	-0.2250823439992559	-0.2154160387854614	0.1189903101195531	-0.25986133268720085	-0.23055067687432068	0.1891040532659421	-0.22443527233720648	-0.22109152806878363	0.1452829637994489	-0.24657656005595294	-0.21163237926324657	0.10146187433295582	-0.2687178477746994	-0.2154160387854614	0.1189903101195531	-0.25986133268720085	-0.19535871828922216	0.09608784554704228	-0.26787337218571416	-0.21352420902435393	0.11022609222625446	-0.26428959023095017	0.33809519842232977	0.02999999999999996	0.29215048904223045	0.2922162190312572	0.25338624705221374	+y	-x	True	False	False	False	lh2	handbox_surface
box021_d003_029_p2	box021	d003_box021_20231018_029_p2	known_D003_fail	46	105	right	True	0.10915875816795009	0.15449128443241256	0.2647	-0.13301760969787974	0.13423935630678802	0.2701171981303232	-0.17194586212175827	0.1982786107504211	0.24212496610916365	-0.14761570435683413	0.15825407672315045	0.2596201111223884	-0.12328554659191016	0.1182295426958798	0.2771152561356131	-0.13301760969787974	0.13423935630678802	0.2701171981303232	-0.10710940020842229	0.1164267953604972	0.27168401703845063	-0.09497520548490106	0.07667099346271343	0.2855657929256216	0.2568522697616744	0.030000000000000013	0.18558312187840337	0.1644164069261979	0.13896306605889897	+z	+z	True	True	False	True	rh3	handbox_surface
box021_d003_029_p2	box021	d003_box021_20231018_029_p2	known_D003_fail	47	106	left	True	0.09550453436361826	0.17859696557712618	-0.2647	-0.19238150655262792	0.11599233087885964	-0.27070355037321964	-0.2168365105749823	0.18433342545406	-0.2370665533233914	-0.20155213306101075	0.14162024134455978	-0.25808967647953407	-0.18626775554703937	0.09890705723505958	-0.2791127996356767	-0.19238150655262792	0.11599233087885964	-0.27070355037321964	-0.1696326077742596	0.09520068739847604	-0.27712281292166474	-0.16539560891188737	0.054227894976815696	-0.2920791389318015	0.29942217381724273	0.029999999999999975	0.2431788424262583	0.24198855435288139	0.20859197779496155	-z	-x	False	False	False	False	lh3	handbox_surface
box021_d003_029_p2	box021	d003_box021_20231018_029_p2	known_D003_fail	47	106	right	True	0.10567123065636015	0.1521552063489694	0.2647	-0.14242543886209305	0.14162267581329946	0.27217717636128036	-0.1786329541733797	0.20190736972408985	0.23403570922818162	-0.15600325710382554	0.1642294360298458	0.25787412618636835	-0.13337356003427134	0.12655150233560186	0.28171254314455507	-0.14242543886209305	0.14162267581329946	0.27217717636128036	-0.11708577798867921	0.12362613162562079	0.27717753155137564	-0.10651610962714052	0.08597940210481306	0.2969631838029449	0.2620418232272508	0.02999999999999994	0.1910132532450805	0.1697268344241294	0.1435687989029284	+z	-x	True	False	False	True	rh3	handbox_surface
box021_d003_029_p2	box021	d003_box021_20231018_029_p2	known_D003_fail	48	107	left	True	0.13153313764985056	0.17239609768289815	-0.2647	-0.16707900630691797	0.06701382361131789	-0.2975895954054808	-0.19559610430598257	0.1392440706477693	-0.2783654820380208	-0.1777729180565672	0.09410016624998709	-0.2903805528926833	-0.15994973180715186	0.04895626185220499	-0.3023956237473457	-0.16707900630691797	0.06701382361131789	-0.2975895954054808	-0.14366948000993454	0.04596803492229161	-0.2978735371554896	-0.16351436905703484	0.05798504273176138	-0.29999260957641316	0.3200937046748696	0.029999999999999954	0.268779886922776	0.2705934446696145	0.23425379665702165	-z	-x	False	False	False	False	lh2	handbox_surface
box021_d003_029_p2	box021	d003_box021_20231018_029_p2	known_D003_fail	48	107	right	True	0.10594218166732666	0.2089	0.19072759771321696	-0.15283997492971474	0.17128121977834615	0.2632208078608846	-0.18685813994520942	0.2187614933446829	0.20855465680701574	-0.16559678681052525	0.1890863223657224	0.24272100121568374	-0.14433543367584112	0.1594111513867619	0.27688734562435174	-0.15283997492971474	0.17128121977834615	0.2632208078608846	-0.12768253249970404	0.1560606815403506	0.2744642892626665	-0.11810802764815523	0.12495401591362947	0.30380999386045787	0.2771810008481484	0.030000000000000023	0.21927965582092718	0.21753757640205	0.1839842916979581	+y	-x	True	False	False	False	rh3	handbox_surface
box021_d003_029_p2	box021	d003_box021_20231018_029_p2	known_D003_fail	49	108	left	False	nan	nan	nan	-0.14904901857037367	0.04535531879300237	-0.3251608274618375	-0.17908836581258103	0.11840731395157246	-0.31247053114479484	-0.16031377378620149	0.07274981697746619	-0.3204019663429465	-0.14153918175982186	0.027092320003359798	-0.3283334015410982	-0.14904901857037367	0.04535531879300237	-0.3251608274618375	-0.12540899509985734	0.024679188002270865	-0.3230024318197697	-0.11852294755178538	-0.018393856904965485	-0.32721060452233336	nan	0.030000000000000065	nan	nan	nan		-z	False	False	False	False	lh3	NA
box021_d003_029_p2	box021	d003_box021_20231018_029_p2	known_D003_fail	49	108	right	True	0.09910261637763573	0.2089	0.12836153582279652	-0.13407153088489399	0.19772273837499285	0.24005488602979286	-0.17023510185379861	0.23092379805349111	0.1768893434373176	-0.14763286999823322	0.21017313575442972	0.21636780755761462	-0.1250306381426678	0.18942247345536836	0.2558462716779117	-0.13407153088489399	0.19772273837499285	0.24005488602979286	-0.10799004855144514	0.18781863198583118	0.2546371534744655	-0.09653511516445826	0.1634167164009123	0.2891885237047761	0.26196397648617353	0.030000000000000047	0.20858740823599375	0.21919910028317108	0.1778052182393331	+y	+y	True	True	False	False	rh3	handbox_surface
box021_d003_029_p2	box021	d003_box021_20231018_029_p2	known_D003_fail	50	109	left	False	nan	nan	nan	-0.12565569717221314	0.045508179965507725	-0.3533587429465835	-0.15816029756693448	0.11793965751313444	-0.3435031854561549	-0.13784492232023365	0.07266998404586773	-0.3496629088876728	-0.11752954707353284	0.02740031057860113	-0.35582263231919065	-0.12565569717221314	0.045508179965507725	-0.3533587429465835	-0.1019258313698416	0.025285622942127467	-0.34900519010467757	-0.0938432469633249	-0.017637260785610738	-0.35257050183246547	nan	0.03000000000000002	nan	nan	nan		-z	False	False	False	False	lh3	NA
box021_d003_029_p2	box021	d003_box021_20231018_029_p2	known_D003_fail	50	109	right	True	0.1033455638669243	0.2089	0.08251704937543444	-0.11459066183209052	0.21539947297195816	0.2089634214516827	-0.15046929817388988	0.2364100735085667	0.14061667230189517	-0.12804515046026524	0.2232784481731864	0.18333339052051234	-0.1056210027466407	0.21014682283780603	0.22605010873912956	-0.11459066183209052	0.21539947297195816	0.2089634214516827	-0.08865911099756273	0.21267772384553743	0.22660213798421217	-0.14149963908844007	0.23115742337441456	0.1577033595893421	0.2528088944056296	0.030000000000000034	0.20351591598902108	0.21985765047068276	0.18571376035416656	+y	+y	True	True	False	False	rh	handbox_surface
box021_d003_029_p2	box021	d003_box021_20231018_029_p2	known_D003_fail	51	110	left	False	nan	nan	nan	-0.11334634146360102	0.04539320591664355	-0.36176739372991035	-0.1493613147136233	0.11629964400824488	-0.3530956730839203	-0.12685195643235941	0.07198312020099401	-0.35851549848766406	-0.10434259815109548	0.02766659639374314	-0.36393532389140787	-0.11334634146360102	0.04539320591664355	-0.36176739372991035	-0.0891986619030785	0.026026909722345667	-0.3560360841529686	-0.07916171012290123	-0.016471325413344118	-0.359720263196354	nan	0.02999999999999999	nan	nan	nan		-z	False	False	False	False	lh3	NA
box021_d003_029_p2	box021	d003_box021_20231018_029_p2	known_D003_fail	51	110	right	True	0.1596	0.15802896833813654	0.05323649242115295	-0.06290508389959885	0.20848296061360702	0.14300854122065454	-0.11810058218315367	0.22552804851413571	0.087664869968258	-0.0836033957559319	0.21487486857630522	0.12225466450100583	-0.0491062093287101	0.20422168863847484	0.15684445903375366	-0.06290508389959885	0.20848296061360702	0.14300854122065454	-0.03439025929576425	0.21295343358111585	0.15557425716385176	-0.0074866442073565	0.1938607791750386	0.18442095906910774	0.25911938591766626	0.02999999999999997	0.187542964464752	0.19145952789243342	0.1700988583760224	+x	+y	False	True	False	False	rh3	handbox_surface
box021_d003_029_p2	box021	d003_box021_20231018_029_p2	known_D003_fail	52	111	left	False	nan	nan	nan	-0.10964750674476526	0.02401315913204206	-0.35754548502517125	-0.14719306344072455	0.09408231989276927	-0.3485652911142426	-0.12372709050574998	0.050289094417314724	-0.354177912308573	-0.10026111757077542	0.00649586894186018	-0.35979053350290335	-0.10964750674476526	0.02401315913204206	-0.35754548502517125	-0.0856124827443199	0.004756319767624324	-0.3510260122780292	-0.0747284037011851	-0.03744373090060584	-0.3556201512497303	nan	0.02999999999999998	nan	nan	nan		-z	False	False	False	False	lh3	NA
box021_d003_029_p2	box021	d003_box021_20231018_029_p2	known_D003_fail	52	111	right	True	0.10806555859979393	0.2089	0.03211504264851939	-0.0337552835188259	0.20140808592644158	0.1312931638390683	-0.0983704089374128	0.2111438732934969	0.08514015731204155	-0.057985955550795984	0.20505900618908726	0.11398578639143328	-0.017601502164179165	0.19897413908467762	0.14283141547082498	-0.0337552835188259	0.20140808592644158	0.1312931638390683	-0.004045760344450859	0.20866927972034116	0.13874949439400652	0.028630868866471298	0.19329458099856725	0.16357534202369275	0.18517742104850934	0.02999999999999999	0.11777618450451842	0.13856165154112332	0.11368441802808985	+y	+y	True	True	False	True	rh3	handbox_surface
box021_d003_029_p2	box021	d003_box021_20231018_029_p2	known_D003_fail	53	112	left	True	0.11556606726857963	0.17755491304947144	-0.2647	-0.1754117037068114	0.11950533740993055	-0.26373536580224405	-0.20470697818873626	0.18968688835891928	-0.2389092344197029	-0.1863974316375332	0.14582341901580134	-0.25442556653379117	-0.1680878850863301	0.10195994967268339	-0.2699418986478793	-0.1754117037068114	0.11950533740993055	-0.26373536580224405	-0.15455833138179365	0.0960601332387822	-0.2611915438829551	-0.1485810993549026	0.05523346017496511	-0.275951931064415	0.3037999446482543	0.030000000000000023	0.24360115918697256	0.2408907192310833	0.2224307362083191	-z	-x	False	False	False	False	lh3	handbox_surface
box021_d003_029_p2	box021	d003_box021_20231018_029_p2	known_D003_fail	53	112	right	True	0.11595719094963289	0.15805834565007945	0.2647	-0.12542903074476303	0.15388920832172218	0.27165470672088343	-0.1725558300949874	0.2055824383440192	0.23283622204070062	-0.14310158050109717	0.17327416958008351	0.2570977749658149	-0.11364733090720693	0.14096590081614782	0.2813593278909291	-0.12542903074476303	0.15388920832172218	0.27165470672088343	-0.09679250035165525	0.14297236533338817	0.27884840077320994	-0.07840608392061574	0.10784005790605097	0.2975065580659673	0.25961656763176894	0.02999999999999999	0.18084176687351555	0.15248260229468194	0.12318507159512164	+z	+z	True	True	False	True	rh3	handbox_surface
box021_d003_029_p2	box021	d003_box021_20231018_029_p2	known_D003_fail	54	113	left	True	0.11523646323737899	0.1799352989912796	-0.2647	-0.17159211275650943	0.11958198842886887	-0.2716876459837984	-0.20490383104014462	0.18908823643986705	-0.25025843898901357	-0.1840840071128726	0.14564683143299323	-0.2636516933607541	-0.1632641831856006	0.1022054264261193	-0.27704494773249466	-0.17159211275650943	0.11958198842886887	-0.2716876459837984	-0.15039337838904893	0.0967689291039387	-0.2670844132757155	-0.14200487239233536	0.05601359486317806	-0.28083393195735273	0.3012798398914229	0.030000000000000013	0.23940791433810443	0.2358552103378312	0.21740531033783123	-z	-x	False	False	False	False	lh3	handbox_surface
box021_d003_029_p2	box021	d003_box021_20231018_029_p2	known_D003_fail	54	113	right	True	0.11959389321727813	0.15657794172043507	0.2647	-0.12486487603525993	0.13878544490356198	0.2710154157066297	-0.1693270641124557	0.19783613685248444	0.24041918045224708	-0.14153819656420835	0.16092945438440798	0.2595418274862362	-0.113749329015961	0.12402277191633138	0.2786644745202254	-0.12486487603525993	0.13878544490356198	0.2710154157066297	-0.09729393124238689	0.12385111745494497	0.27380583409669756	-0.08152808635008367	0.08585504769351747	0.28891222299088304	0.261219277083053	0.030000000000000027	0.18601674726974537	0.15897637599759895	0.13122550443624986	+z	+z	True	True	False	True	rh3	handbox_surface
box021_d003_029_p2	box021	d003_box021_20231018_029_p2	known_D003_fail	55	114	left	True	0.10995789333566122	0.17876910404063887	-0.2647	-0.1624601814918343	0.10889184133257171	-0.2816445975723078	-0.1930059162789447	0.18131972526555637	-0.26677315798813783	-0.17391483203700073	0.1360522978074409	-0.276067807728244	-0.15482374779505675	0.09078487034932553	-0.2853624574683503	-0.1624601814918343	0.10889184133257171	-0.2816445975723078	-0.14409034795547673	0.08467584192518163	-0.2734503096558688	-0.15864196464344554	0.09983835584094859	-0.28350352752032904	0.2872937117268905	0.029999999999999975	0.2297811287538088	0.2283951590721861	0.2087319193158431	-z	-x	False	False	False	False	lh2	handbox_surface
box021_d003_029_p2	box021	d003_box021_20231018_029_p2	known_D003_fail	55	114	right	True	0.12724556659642167	0.1665101763848663	0.2647	-0.133318548682624	0.1319690236201824	0.2683807964346227	-0.1713732367129881	0.1975080177911318	0.2427589120001801	-0.14758905669401054	0.15654614643428844	0.25877258977170675	-0.12380487667503298	0.11558427507744504	0.2747862675432333	-0.133318548682624	0.1319690236201824	0.2683807964346227	-0.10838143090792697	0.11276488989395948	0.2678160196450534	-0.09706381933719122	0.07268250418242599	0.2814461404042986	0.27507905453535403	0.03000000000000003	0.20636205897854842	0.18940881470434698	0.1672111249019227	+z	+z	True	True	False	True	rh3	handbox_surface
box021_d003_029_p2	box021	d003_box021_20231018_029_p2	known_D003_fail	56	115	left	True	0.10567280127600319	0.2089	-0.23643400432252082	-0.17507204291332695	0.09527831321324115	-0.2844694060748102	-0.19558345406970384	0.1713240752173162	-0.27045783608449	-0.1827638220969683	0.12379547396476931	-0.2792150673284401	-0.16994419012423273	0.0762668727122224	-0.2879722985723902	-0.17507204291332695	0.09527831321324115	-0.2844694060748102	-0.16147814733798224	0.06841190097060422	-0.2752817152765186	-0.1725081165187798	0.08577259296273178	-0.28622085232360023	0.3037576096271484	0.03000000000000004	0.2601813472419637	0.25247433439780215	0.23175414876169823	+y	-x	True	False	False	False	lh2	handbox_surface
box021_d003_029_p2	box021	d003_box021_20231018_029_p2	known_D003_fail	56	115	right	True	0.11818813576656058	0.1622810920586998	0.2647	-0.13993279217679538	0.12611628713796819	0.266392282449579	-0.16994906606655413	0.19689200382867797	0.24426037722902963	-0.15118889488545495	0.15265718089698435	0.258092817991873	-0.1324287237043557	0.10842235796529075	0.27192525875471635	-0.13993279217679538	0.12611628713796819	0.266392282449579	-0.11861668997816062	0.10317224606277654	0.26320287277017473	-0.11222226670425274	0.061798296788811415	0.27615562693194556	0.2696298558450715	0.030000000000000034	0.20644059322439995	0.2010399548529781	0.18229440811453282	+z	+z	True	True	False	True	rh3	handbox_surface
box021_d003_029_p2	box021	d003_box021_20231018_029_p2	known_D003_fail	57	116	left	True	0.10603701650435092	0.2089	-0.2257463832375212	-0.18261347505851275	0.08780364766101709	-0.28595911169020966	-0.1991365880848213	0.16483763872086868	-0.2720756338366408	-0.18880964244337844	0.11669139430846143	-0.2807528074951214	-0.17848269680193568	0.06854514989605416	-0.28942998115360186	-0.18261347505851275	0.08780364766101709	-0.28595911169020966	-0.17138610508257113	0.0600090421440422	-0.276345692241919	-0.1805480859302242	0.07817439877853563	-0.2876945464219058	0.3137876446991235	0.02999999999999998	0.2735839177881522	0.26201611364594396	0.24034354527789004	+y	-x	True	False	False	False	lh2	handbox_surface
box021_d003_029_p2	box021	d003_box021_20231018_029_p2	known_D003_fail	57	116	right	True	0.11104999783254053	0.16622233947425014	0.2647	-0.14098166724324315	0.12240063088057908	0.2695074855814008	-0.16693851371672494	0.19541831229976067	0.2496414260496516	-0.15071548467079887	0.14978226141277215	0.26205771325699484	-0.13449245562487275	0.1041462105257837	0.2744740004643381	-0.14098166724324315	0.12240063088057908	0.2695074855814008	-0.12249668547915732	0.09748454754529137	0.2641715875017695	-0.137737061434058	0.11327342070318139	0.27199074302286946	0.26229453992812324	0.030000000000000006	0.20345625523981348	0.2024787025005026	0.18402880250050258	+z	+z	True	True	False	True	rh2	handbox_surface
box021_d003_029_p2	box021	d003_box021_20231018_029_p2	known_D003_fail	58	117	left	True	0.10465083416478632	0.2089	-0.21917844364200154	-0.18787757943373812	0.08108273962549127	-0.2870388976084981	-0.2032630683437523	0.15852222734148588	-0.2741388017451273	-0.19364713777499346	0.11012254751898926	-0.2822013616597341	-0.1840312072062346	0.061722867696492566	-0.29026392157434083	-0.18787757943373812	0.08108273962549127	-0.2870388976084981	-0.17725854291836662	0.05319924942269146	-0.27700102913430114	-0.18595439331998637	0.07140280366099191	-0.2886514095914195	0.3204848723067812	0.030000000000000016	0.28174022134208127	0.2685877301459927	0.2469903113706262	+y	-x	True	False	False	False	lh2	handbox_surface
box021_d003_029_p2	box021	d003_box021_20231018_029_p2	known_D003_fail	58	117	right	True	0.11167203121394155	0.16448351967114613	0.2647	-0.1362464583208307	0.12182306825714928	0.2697854038428014	-0.1599320034629683	0.19505829732979166	0.24797723624445955	-0.14512853774913226	0.14928627915939016	0.26160734099342325	-0.13032507203529625	0.10351426098898867	0.2752374457423869	-0.1362464583208307	0.12182306825714928	0.2697854038428014	-0.11966219123046602	0.09562306397788659	0.26435406618547735	-0.1332857651780635	0.11266866462306897	0.27251142479259416	0.2572684451670308	0.02999999999999999	0.19978167716637635	0.19856107689979471	0.17874482281140688	+z	+z	True	True	False	True	rh2	handbox_surface
box021_d003_029_p2	box021	d003_box021_20231018_029_p2	known_D003_fail	59	118	left	True	0.1064494717398679	0.2089	-0.21787233833401565	-0.19004905556907142	0.07536827789889253	-0.28683235072729274	-0.20500631176286724	0.1528606092835439	-0.27374728046670377	-0.19565802664174484	0.10442790216813676	-0.28192544937957187	-0.18630974152062243	0.055995195052729665	-0.29010361829243997	-0.19004905556907142	0.07536827789889253	-0.28683235072729274	-0.179717221599496	0.04736936856967846	-0.27681606153871197	-0.18817939854484692	0.06568173647581109	-0.28846798450986644	0.3260155837355032	0.030000000000000006	0.2880905117410075	0.2740994339800304	0.2522954557429726	+y	-x	True	False	False	False	lh2	handbox_surface
box021_d003_029_p2	box021	d003_box021_20231018_029_p2	known_D003_fail	59	118	right	True	0.11261625782881667	0.1610974933761401	0.2647	-0.13373451925447116	0.12323734069376824	0.2687781236783068	-0.157976742062696	0.1958773261546634	0.24563191134113746	-0.1428253528075555	0.15047733524160392	0.2600982940518683	-0.1276739635524149	0.10507734432854442	0.27456467676259916	-0.13373451925447116	0.12323734069376824	0.2687781236783068	-0.11734610469549571	0.09686401803927569	0.263596879782195	-0.13070424140344303	0.11415734251115632	0.27167140022045305	0.2557036955167828	0.03000000000000002	0.19693108236588336	0.1952230300385675	0.17480576967046282	+z	+z	True	True	False	True	rh2	handbox_surface
box021_d003_029_p2	box021	d003_box021_20231018_029_p2	known_D003_fail	60	119	left	True	0.10966954090086625	0.2089	-0.22410675689612963	-0.17217274130594343	0.08602538929718681	-0.28892457374083924	-0.19001217605258314	0.16288617122214916	-0.27572704481290083	-0.1788625293359333	0.1148481825190477	-0.28397550039286235	-0.16771288261928347	0.0668101938159462	-0.2922239559728238	-0.17217274130594343	0.08602538929718681	-0.28892457374083924	-0.16135368878178238	0.05825941795839229	-0.2787751548410998	-0.16994281196261338	0.07641779155656653	-0.2905742648568315	0.3093230776623066	0.03000000000000002	0.26901485029601313	0.2576775956714966	0.23541416114378588	+y	-x	True	False	False	False	lh2	handbox_surface
box021_d003_029_p2	box021	d003_box021_20231018_029_p2	known_D003_fail	60	119	right	True	0.11355464523620189	0.16041860402278726	0.2647	-0.13307091026582699	0.12425928781661436	0.26876640797046014	-0.1583798765416987	0.1963942805717547	0.2451867759491023	-0.14256177261927883	0.15130991009979203	0.2599240459624509	-0.12674366869685907	0.10622553962782932	0.27466131597579957	-0.13307091026582699	0.12425928781661436	0.26876640797046014	-0.11642299335375726	0.09803198677581863	0.263671988424516	-0.129907289481343	0.11524241372222184	0.2717138619731298	0.25632283850073684	0.030000000000000054	0.19653477589086227	0.19436630745229536	0.17386249285387342	+z	+z	True	True	False	True	rh2	handbox_surface
box021_d003_029_p2	box021	d003_box021_20231018_029_p2	known_D003_fail	61	120	left	True	0.10836792375383342	0.2089	-0.22782335740618453	-0.1668261563310977	0.08419096168018195	-0.290924102629083	-0.18334868015700911	0.16132207122053807	-0.2775900054532043	-0.17302210276581445	0.1131151277578155	-0.2859238161881285	-0.16269552537461981	0.06490818429509293	-0.2942576269230527	-0.1668261563310977	0.08419096168018195	-0.290924102629083	-0.15719051895871203	0.05604233532882632	-0.2806371646556455	-0.16476084085285878	0.07454957298763744	-0.2925908647760678	0.30287085050537976	0.030000000000000002	0.26404227201071095	0.25142399268371	0.2283871002279945	+y	-x	True	False	False	False	lh2	handbox_surface
box021_d003_029_p2	box021	d003_box021_20231018_029_p2	known_D003_fail	61	120	right	True	0.11332523083830069	0.1630287354301823	0.2647	-0.1349994949906877	0.11194692103532897	0.28323465741061565	-0.1599496672375334	0.18352240883839302	0.25765266275409665	-0.1443558095832548	0.13878772896147798	0.273641409414421	-0.12876195192897621	0.09405304908456293	0.28963015607474535	-0.1349994949906877	0.11194692103532897	0.28323465741061565	-0.11781974446981919	0.08587086406479728	0.2792505649397878	-0.13188072345983198	0.10299998505994598	0.2864324067426805	0.2589731526426386	0.030000000000000013	0.20295328036805016	0.20224856403133926	0.18336107327688841	+z	+z	True	True	False	False	rh2	handbox_surface
box021_d003_029_p2	box021	d003_box021_20231018_029_p2	known_D003_fail	62	121	left	True	0.10957553575603048	0.2089	-0.2310031602381051	-0.16784855141389382	0.08129203182302526	-0.29162045307355533	-0.18211364059426147	0.15900056118423345	-0.27905495685595993	-0.1731979598565317	0.11043273033347835	-0.28690839199195706	-0.16428227911880194	0.06186489948272319	-0.2947618271279542	-0.16784855141389382	0.08129203182302526	-0.29162045307355533	-0.15916753317299384	0.05294886488506135	-0.28102250156689274	-0.16606541526634785	0.07157846565287425	-0.29319114010075475	0.30460145757034573	0.03000000000000002	0.26730520190459284	0.2532338414619924	0.22997335123337875	+y	-x	True	False	False	False	lh2	handbox_surface
box021_d003_029_p2	box021	d003_box021_20231018_029_p2	known_D003_fail	62	121	right	True	0.11900685248391983	0.1617454937850548	0.2647	-0.13036913355786936	0.11463692578513776	0.28323091513278426	-0.15545439724447055	0.18569041222035876	0.2563584085289421	-0.13977610744034485	0.14128198319834565	0.27315372515634345	-0.12409781763621908	0.09687355417633249	0.2899490417837448	-0.13036913355786936	0.11463692578513776	0.28323091513278426	-0.11285770780922749	0.08869109583723925	0.279893034896716	-0.12723347559704418	0.10575523998073509	0.28658997845826456	0.259728398681613	0.029999999999999992	0.2028749953906407	0.20223163843691297	0.18367184458943203	+z	+z	True	True	False	False	rh2	handbox_surface
box021_d003_029_p2	box021	d003_box021_20231018_029_p2	known_D003_fail	63	122	left	True	0.10534409065340572	0.2089	-0.23367219900131045	-0.1741959237886982	0.07190816235731445	-0.2933116563458291	-0.1883505223127002	0.14974504173903996	-0.28143447028434804	-0.17950389823519894	0.10109699212546153	-0.28885771157277373	-0.1706572741576977	0.05244894251188306	-0.2962809528611994	-0.1741959237886982	0.07190816235731445	-0.2933116563458291	-0.16608434448695997	0.043534239354245344	-0.28235106600784016	-0.17242659897319798	0.06217855243459876	-0.29479630460351425	0.3095243222728314	0.030000000000000016	0.2733783277008991	0.2585418520545993	0.23486511204338717	+y	-x	True	False	False	False	lh2	handbox_surface
box021_d003_029_p2	box021	d003_box021_20231018_029_p2	known_D003_fail	63	122	right	True	0.11568592935075761	0.16457868442411924	0.2647	-0.1342691629876472	0.11170108420937197	0.2850401744556786	-0.1616253295917128	0.1815244806722176	0.25717741337349426	-0.14452772546417186	0.13788485788293905	0.2745916390498595	-0.12743012133663087	0.09424523509366052	0.2920058647262247	-0.1342691629876472	0.11170108420937197	0.2850401744556786	-0.11558092704644646	0.08651792898932265	0.282294978929907	-0.13084964216213907	0.10297315965151624	0.28852301959095167	0.2617662144942441	0.02999999999999999	0.20455415621238626	0.2041586298161135	0.18570872981611344	+z	+z	True	True	False	False	rh2	handbox_surface
box021_d003_029_p2	box021	d003_box021_20231018_029_p2	known_D003_fail	64	123	left	True	0.1033192561641013	0.2089	-0.23443765917333934	-0.17505291668631437	0.07001936368034267	-0.2938083127748947	-0.18890967720330737	0.14785204472690572	-0.28155825362896864	-0.18024920188018673	0.09920661907280383	-0.28921454059517243	-0.1715887265570661	0.0505611934187019	-0.2968708275613762	-0.17505291668631437	0.07001936368034267	-0.2938083127748947	-0.1673486430456972	0.0415007478804599	-0.28292968756584974	-0.17332082162169024	0.060290278549522285	-0.29533957016813545	0.3089404715396733	0.030000000000000006	0.2733318375112176	0.25824365195614346	0.23435571960088658	+y	-x	True	False	False	False	lh2	handbox_surface
box021_d003_029_p2	box021	d003_box021_20231018_029_p2	known_D003_fail	64	123	right	True	0.11574815166514933	0.1646329161746833	0.2647	-0.1333113805152928	0.11046435613990323	0.2856987638466079	-0.16072825113893668	0.1800670588593535	0.2573477677555673	-0.14359270699915927	0.13656536965969707	0.27506714031246765	-0.1264571628593818	0.09306368046004065	0.2927865128693681	-0.1333113805152928	0.11046435613990323	0.2856987638466079	-0.11444104606501652	0.08538746255796854	0.28324164074817754	-0.1298842716873373	0.10176401829997196	0.28924263835798797	0.26106119155931656	0.030000000000000002	0.20411497809036427	0.20385916342502702	0.18540926342502703	+z	+z	True	True	False	False	rh2	handbox_surface
box021_d003_029_p2	box021	d003_box021_20231018_029_p2	known_D003_fail	65	124	left	True	0.10408430960909429	0.2089	-0.23404774128455783	-0.17517602874646837	0.07044381846283543	-0.2941541406077768	-0.18827114645908427	0.14833130759576382	-0.28142398237385435	-0.18008669788869935	0.09965162688768357	-0.2893803312700559	-0.17190224931831435	0.050971946179603336	-0.29733668016625736	-0.17517602874646837	0.07044381846283543	-0.2941541406077768	-0.16803608896324845	0.0417293849613642	-0.283406381097475	-0.17353913903239135	0.06070788232121938	-0.29574541038701707	0.3094350724215053	0.030000000000000013	0.2742149606000032	0.2590124078624825	0.2349625830722531	+y	-x	True	False	False	False	lh2	handbox_surface
box021_d003_029_p2	box021	d003_box021_20231018_029_p2	known_D003_fail	65	124	right	True	0.11514025069793514	0.1628750801238951	0.2647	-0.13089314182679543	0.10978246193031939	0.28605285923778134	-0.15775083257378164	0.1795450690173492	0.25755999872571683	-0.1409647758569153	0.13594343958795554	0.27536803654575714	-0.1241787191400489	0.09234181015856191	0.29317607436579746	-0.13089314182679543	0.10978246193031939	0.28605285923778134	-0.11221746727489482	0.08455484356010744	0.2836520220287561	-0.12753593048342216	0.10106213604444064	0.28961446680178937	0.2577380548005267	0.030000000000000037	0.20111630434442707	0.2009395287390801	0.1824896287390801	+z	+z	True	True	False	False	rh2	handbox_surface
box021_d003_029_p2	box021	d003_box021_20231018_029_p2	known_D003_fail	66	125	left	True	0.10331456113344827	0.2089	-0.23173996962374255	-0.179413343956323	0.07019170281944073	-0.29450456301137296	-0.19172269936647987	0.1480169900132388	-0.2806588256677245	-0.18402935223513184	0.09937618551711501	-0.2893124115075048	-0.17633600510378383	0.050735381020991246	-0.29796599734728507	-0.179413343956323	0.07019170281944073	-0.29450456301137296	-0.17301435657853084	0.04117392671725121	-0.28411065149877324	-0.17787467453005343	0.06046354192021602	-0.29623528017932904	0.31285232387391765	0.03000000000000002	0.2780341028637403	0.2628795938975769	0.23861681891331554	+y	-x	True	False	False	False	lh2	handbox_surface
box021_d003_029_p2	box021	d003_box021_20231018_029_p2	known_D003_fail	66	125	right	True	0.11480081944696961	0.16177550841606816	0.2647	-0.13035024062811953	0.10984063061876684	0.28617400110412955	-0.15702200328967855	0.17960429439032824	0.257509592969755	-0.14035215162620415	0.13600200453310235	0.27542484805373907	-0.12368229996272978	0.09239971467587647	0.2933401031377232	-0.13035024062811953	0.10984063061876684	0.28617400110412955	-0.11170750463034937	0.08458060137624861	0.28385950653935543	-0.12701627029542464	0.10112017264732166	0.2897570521209264	0.2566755432752581	0.029999999999999992	0.20001490857187293	0.19984749429731186	0.18139759429731186	+z	+z	True	True	False	False	rh2	handbox_surface
box021_d003_029_p2	box021	d003_box021_20231018_029_p2	known_D003_fail	67	126	left	True	0.10372523678807131	0.2089	-0.22416221295186572	-0.18000491621411066	0.07256716677172359	-0.29500348202920484	-0.19142185083151086	0.15035730339505662	-0.2802268705074384	-0.18428626669563572	0.10173846800547348	-0.2894622527085424	-0.17715068255976057	0.05311963261589035	-0.2986976349096464	-0.18000491621411066	0.07256716677172359	-0.29500348202920484	-0.17440461422310236	0.04327873536501461	-0.2849120911808771	-0.17857779938693558	0.06284339969380696	-0.2968505584694256	0.3141628801602489	0.03000000000000003	0.27971856796098454	0.264373962217521	0.24006157415862184	+y	-x	True	False	False	False	lh2	handbox_surface
box021_d003_029_p2	box021	d003_box021_20231018_029_p2	known_D003_fail	67	126	right	True	0.1129112919572509	0.16146345921692618	0.2647	-0.131840686827926	0.10886160103400136	0.28606058820104546	-0.15727774348691986	0.1792623948933154	0.2578349903773412	-0.1413795830750487	0.13526189873124414	0.27547598901715636	-0.12548142266317752	0.09126140256917284	0.2931169876569716	-0.131840686827926	0.10886160103400136	0.28606058820104546	-0.11369609833077195	0.08325970879708708	0.2835516860379126	-0.12866105474555178	0.1000615018015871	0.28958878792900855	0.25586420780538127	0.03	0.200133844829459	0.2000431051654321	0.18159320516543218	+z	+z	True	True	False	False	rh2	handbox_surface
box021_d003_029_p2	box021	d003_box021_20231018_029_p2	known_D003_fail	68	127	left	True	0.10609177530691333	0.2089	-0.2232037791035548	-0.18126194406936824	0.07523026406607836	-0.2950945186773491	-0.1896455316559118	0.1533072930654392	-0.27980749797965476	-0.1844057894143221	0.10450914994083867	-0.28936188591571377	-0.17916604717273235	0.055711006816238126	-0.2989162738517727	-0.18126194406936824	0.07523026406607836	-0.2950945186773491	-0.1770147035263984	0.045655290785395534	-0.2851802023052156	-0.18021399562105034	0.06547063544115823	-0.29700539626456085	0.3156947572925653	0.030000000000000023	0.2825225928857806	0.26628657474878725	0.24196440846296322	+y	-x	True	False	False	False	lh2	handbox_surface
box021_d003_029_p2	box021	d003_box021_20231018_029_p2	known_D003_fail	68	127	right	True	0.11121543658522651	0.16740494250279037	0.2647	-0.1453795551834926	0.11189841397686702	0.2852286467783735	-0.16577508930723436	0.18388214412708356	0.25690260255281844	-0.15302788047989574	0.13889231278319822	0.2746063801937904	-0.14028067165255717	0.09390248143931289	0.2923101578347623	-0.1453795551834926	0.11189841397686702	0.2852286467783735	-0.12893571916859367	0.08515935468734971	0.2828621021807393	-0.1428301134180249	0.10290044770808997	0.2887694023065679	0.2659617209969307	0.029999999999999995	0.21346769262435106	0.21298113056503354	0.19452949819459864	+z	+z	True	True	False	False	rh2	handbox_surface
box021_d003_029_p2	box021	d003_box021_20231018_029_p2	known_D003_fail	69	128	left	True	0.12024555242494805	0.2089	-0.22810594874179319	-0.18023651268389043	0.08751826717795554	-0.2941507665538929	-0.18499983220234387	0.1659569742861133	-0.279161436536652	-0.1820227575033105	0.11693278234351469	-0.28852976779742756	-0.17904568280427707	0.06790859040091607	-0.297898099058203	-0.18023651268389043	0.08751826717795554	-0.2941507665538929	-0.17680436049398232	0.05785938264183199	-0.28417165510407427	-0.1796410977440838	0.0777134287894358	-0.29602443280604795	0.32167551697266167	0.029999999999999985	0.28811945420451684	0.2719875333315142	0.24773721574514176	+y	-x	True	False	False	False	lh2	handbox_surface
box021_d003_029_p2	box021	d003_box021_20231018_029_p2	known_D003_fail	69	128	right	True	0.12159850696810746	0.17130900291747103	0.2647	-0.14907928651671454	0.12240332145687044	0.268838344960483	-0.16229571556955766	0.19710380928889457	0.2434382835284945	-0.15403544741153072	0.15041600439387948	0.2593133219234874	-0.1457751792535038	0.1037281994988644	0.2751883603184801	-0.14907928651671454	0.12240332145687044	0.268838344960483	-0.13590943301084857	0.09406954014411952	0.26500045972756675	-0.14742723288510917	0.11306576047786746	0.27201335263948156	0.2764771428074358	0.029999999999999985	0.2259816276069972	0.22413183437983902	0.20380758524997036	+z	+z	True	True	False	True	rh2	handbox_surface
box021_d003_029_p2	box021	d003_box021_20231018_029_p2	known_D003_fail	70	129	left	True	0.14322280800648302	0.2089	-0.23785147281606311	-0.1975796864099575	0.12334648516832988	-0.2946978353453518	-0.1997802697565536	0.20205568758108702	-0.28055503192869125	-0.198404905164931	0.15286243607311384	-0.2893942840641041	-0.19702954057330843	0.10366918456514061	-0.2982335361995169	-0.1975796864099575	0.12334648516832988	-0.2946978353453518	-0.19507179675204364	0.09370267855360315	-0.284403808690922	-0.19730461349163295	0.11350783486673528	-0.2964656857724344	0.35000909183754214	0.030000000000000016	0.31123562782426767	0.30056744077987163	0.2759850225994807	+y	-x	True	False	False	False	lh2	handbox_surface
box021_d003_029_p2	box021	d003_box021_20231018_029_p2	known_D003_fail	70	129	right	True	0.1596	0.18874590439708677	0.24697618924271358	-0.1806097663479715	0.15674855467249044	0.2673904281355622	-0.18540077141660563	0.23229932666411976	0.24152293653121132	-0.18240639324870928	0.18508009416935145	0.2576901187839306	-0.17941201508081292	0.1378608616745831	0.27385730103664996	-0.1806097663479715	0.15674855467249044	0.2673904281355622	-0.17078789448487483	0.12707161029819777	0.2636772928544487	-0.1800108907143922	0.14730470817353677	0.27062386458610604	0.3421938039676211	0.03000000000000002	0.2938619317593944	0.2910466926796966	0.2710283917064675	+x	-x	False	False	False	False	rh2	handbox_surface
box021_d003_029_p2	box021	d003_box021_20231018_029_p2	known_D003_fail	71	130	left	False	nan	nan	nan	-0.2203820903677443	0.1747219420135287	-0.2961949709725731	-0.22317203210368453	0.25373002146006113	-0.2839499880293235	-0.2214283185187219	0.20434997180597836	-0.29160310236885445	-0.21968460493375924	0.15496992215189556	-0.2992562167083854	-0.2203820903677443	0.1747219420135287	-0.2961949709725731	-0.21772838312737464	0.14535011581008364	-0.2851829126151755	-0.22367111101734383	0.10413747619250203	-0.2988436551603969	nan	0.029999999999999992	nan	nan	nan		-x	False	False	False	False	lh3	NA
box021_d003_029_p2	box021	d003_box021_20231018_029_p2	known_D003_fail	71	130	right	False	nan	nan	nan	-0.23066577090922305	0.21824329166955272	0.2673691331397277	-0.22787939616921477	0.29367866347673394	0.24087874250235564	-0.22962088038171996	0.2465315560972457	0.2574352366507132	-0.23136236459422518	0.1993844487177574	0.2739917307990708	-0.23066577090922305	0.21824329166955272	0.2673691331397277	-0.22387783043228618	0.18770067603176563	0.263897813219328	-0.23505244367556666	0.1490516965776309	0.281271660632114	nan	0.029999999999999995	nan	nan	nan		-x	False	False	False	False	rh3	NA
box021_d003_029_p2	box021	d003_box021_20231018_029_p2	known_D003_fail	72	131	left	False	nan	nan	nan	-0.2864331021843861	0.24664065599979493	-0.3044885782380005	-0.283762202560586	0.3260532587948738	-0.2951877819005561	-0.2854315148254611	0.2764203820479495	-0.3010007796114589	-0.2871008270903362	0.2267875053010252	-0.30681377732236165	-0.2864331021843861	0.24664065599979493	-0.3044885782380005	-0.2863306877039738	0.2175974004936361	-0.2923440079785028	-0.29485643126637223	0.17643387842380376	-0.30472503028784187	nan	0.03	nan	nan	nan		-x	False	False	False	False	lh3	NA
box021_d003_029_p2	box021	d003_box021_20231018_029_p2	known_D003_fail	72	131	right	False	nan	nan	nan	-0.31059256870823726	0.30801443747290935	0.2563234222007087	-0.3008782368340097	0.3824525215206306	0.22867195931821802	-0.3069496942554019	0.33592871899080484	0.2459541236197747	-0.3130211516767942	0.28940491646097904	0.2632362879213314	-0.31059256870823726	0.30801443747290935	0.2563234222007087	-0.305292625869548	0.27705907134362434	0.25416622920648185	-0.32032094749446693	0.23956654234306055	0.27116405219019585	nan	0.03000000000000003	nan	nan	nan		-x	False	False	False	False	rh3	NA
box021_d003_029_p2	box021	d003_box021_20231018_029_p2	known_D003_fail	73	132	left	False	nan	nan	nan	-0.33416852697257865	0.30864090129884125	-0.3104696515809397	-0.32388610016589486	0.38711931789914217	-0.2988330787661114	-0.3303126169200723	0.33807030752395406	-0.3061059367753791	-0.33673913367424974	0.289021297148766	-0.3133787947846467	-0.33416852697257865	0.30864090129884125	-0.3104696515809397	-0.33643412835133185	0.27932437377383174	-0.2992259853560087	-0.3490764593303022	0.2395523335164525	-0.312596469531732	nan	0.029999999999999947	nan	nan	nan		-x	False	False	False	False	lh3	NA
box021_d003_029_p2	box021	d003_box021_20231018_029_p2	known_D003_fail	73	132	right	False	nan	nan	nan	-0.38227207465782964	0.39254635410146643	0.24329705813983893	-0.3648081872245804	0.4645336861257293	0.21308387122175068	-0.37572311687036114	0.4195416036105651	0.2319671130455558	-0.38663804651614203	0.37454952109540074	0.25085035486936097	-0.38227207465782964	0.39254635410146643	0.24329705813983893	-0.3774705955219029	0.36146209513247674	0.24459790800121362	-0.39682222392217825	0.3255475916338817	0.2606019413869844	nan	0.03000000000000009	nan	nan	nan		-x	False	False	False	False	rh3	NA
box021_d003_029_p2	box021	d003_box021_20231018_029_p2	known_D003_fail	74	133	left	False	nan	nan	nan	-0.3659508371390971	0.3749441389801328	-0.27505663155832505	-0.3471450576438875	0.4520654008810652	-0.26512417866967075	-0.35889866982839347	0.40386461219298236	-0.27133196172507973	-0.3706522820128994	0.3556638235048996	-0.2775397447804887	-0.3659508371390971	0.3749441389801328	-0.27505663155832505	-0.3702917050736584	0.3460542379750834	-0.2633287906912752	-0.38773493504160966	0.30767305030011916	-0.27528837792721433	nan	0.029999999999999905	nan	nan	nan		-x	False	False	False	False	lh3	NA
box021_d003_029_p2	box021	d003_box021_20231018_029_p2	known_D003_fail	74	133	right	False	nan	nan	nan	-0.4289494872910116	0.4554307048173298	0.19780028670326266	-0.4071619366508393	0.5279909314025619	0.17210366912425645	-0.42077915580094705	0.48264078978679187	0.18816405511113532	-0.4343963749510547	0.43729064817102165	0.20422444109801421	-0.4289494872910116	0.4554307048173298	0.19780028670326266	-0.4229871463923376	0.4247519134857666	0.2015738554846953	-0.444235493897459	0.3878623266071628	0.21197252252106827	nan	0.03000000000000001	nan	nan	nan		-x	False	False	False	False	rh3	NA
box026_039_p2	box026	e091_box026_20231018_039_p2	E092_C2_FAIL_low_support	0	19	left	False	nan	nan	nan	0.5943730895501746	0.5003725910120406	-0.3657882132645742	0.563748262313582	0.5704757333453333	-0.3891905505779061	0.5828887793364524	0.5266612693870253	-0.37456408975707367	0.6020292963593228	0.4828468054287174	-0.35993762893624126	0.5943730895501746	0.5003725910120406	-0.3657882132645742	0.5968402072611764	0.47724857579176105	-0.3445701781010149	0.6122278015657454	0.4363131355208012	-0.3417549983109534	nan	0.029999999999999964	nan	nan	nan		+y	False	True	False	False	lh3	NA
box026_039_p2	box026	e091_box026_20231018_039_p2	E092_C2_FAIL_low_support	0	19	right	False	nan	nan	nan	0.2052597415902356	0.48799894763323765	-0.6129756002489629	0.23505830438268527	0.5613270459353373	-0.6013551159689495	0.21643420263740423	0.515496984496525	-0.6086179186439579	0.19781010089212323	0.4696669230577128	-0.6158807213189662	0.2052597415902356	0.48799894763323765	-0.6129756002489629	0.18543098069335218	0.46488514633254097	-0.6050037749478204	0.17906334453060768	0.4223204280367469	-0.6132599322867038	nan	0.03000000000000001	nan	nan	nan		+y	False	True	False	False	rh3	NA
box026_039_p2	box026	e091_box026_20231018_039_p2	E092_C2_FAIL_low_support	1	20	left	False	nan	nan	nan	0.5666850962449672	0.5047718802409623	-0.39331126764393937	0.5343917176980011	0.5746695683786329	-0.41502418764635474	0.5545750792898549	0.5309835132925887	-0.40145361264484514	0.5747584408817087	0.48729745820654463	-0.38788303764333554	0.5666850962449672	0.5047718802409623	-0.39331126764393937	0.5702109968516624	0.48152708771267516	-0.37237662145303624	0.5861708362085309	0.44075975488530095	-0.3704474590040062	nan	0.029999999999999954	nan	nan	nan		+y	False	True	False	False	lh3	NA
box026_039_p2	box026	e091_box026_20231018_039_p2	E092_C2_FAIL_low_support	1	20	right	False	nan	nan	nan	0.17985906410310404	0.4812859141733393	-0.6435866090445075	0.2083175953440418	0.5546983989327529	-0.629419072877006	0.19053101331845568	0.5088155959581193	-0.6382737829816945	0.1727444312928696	0.46293279298348594	-0.6471284930863829	0.17985906410310404	0.4812859141733393	-0.6435866090445075	0.16052955163420488	0.4575116593009141	-0.6363663375204275	0.15492781870472874	0.4151663329028996	-0.6461622595463644	nan	0.029999999999999954	nan	nan	nan		-z	False	False	False	False	rh3	NA
box026_039_p2	box026	e091_box026_20231018_039_p2	E092_C2_FAIL_low_support	2	21	left	False	nan	nan	nan	0.543722488160923	0.5053274613059503	-0.42532580329798464	0.5087774521377688	0.5746100559729705	-0.4447877285251005	0.5306180996522402	0.5313084343060829	-0.4326240252581531	0.5524587471667115	0.48800681263919515	-0.42046032199120575	0.543722488160923	0.5053274613059503	-0.42532580329798464	0.5488899681342808	0.4820531569582759	-0.40476818491047506	0.5658163480237738	0.4416391840704462	-0.4039794991885074	nan	0.030000000000000006	nan	nan	nan		+y	False	True	False	False	lh3	NA
box026_039_p2	box026	e091_box026_20231018_039_p2	E092_C2_FAIL_low_support	2	21	right	False	nan	nan	nan	0.1453893722735273	0.4722807360441176	-0.6644343357279132	0.17428016513025676	0.5454221890503509	-0.6497493113749707	0.15622341959480082	0.4997087809214551	-0.6589274515955598	0.1381666740593449	0.45399537279255925	-0.6681055918161488	0.1453893722735273	0.4722807360441176	-0.6644343357279132	0.12624853731254246	0.44838605500507567	-0.6571097044781785	0.12034870356753957	0.4062234755757808	-0.6675008076705988	nan	0.03000000000000002	nan	nan	nan		-z	False	False	False	False	rh3	NA
box026_039_p2	box026	e091_box026_20231018_039_p2	E092_C2_FAIL_low_support	3	22	left	False	nan	nan	nan	0.514557313689575	0.4963620023674366	-0.4456718015570874	0.47856422295773965	0.5660446529779982	-0.4614460090952257	0.5010599046651368	0.5224929963463972	-0.45158712938388923	0.523555586372534	0.4789413397147962	-0.44172824967255286	0.514557313689575	0.4963620023674366	-0.4456718015570874	0.5209788949001054	0.4726657193666015	-0.4259674560310214	0.5378538788007913	0.43223806930486225	-0.42708709648529886	nan	0.029999999999999964	nan	nan	nan		+y	False	True	False	False	lh3	NA
box026_039_p2	box026	e091_box026_20231018_039_p2	E092_C2_FAIL_low_support	3	22	right	False	nan	nan	nan	0.1165996674000654	0.4593278910069633	-0.6567746532969008	0.14345016559752186	0.5334805090901072	-0.6433418584289743	0.1266686042241116	0.4871351227881423	-0.6517373552214282	0.10988704285070125	0.4407897364861774	-0.6601328520138823	0.1165996674000654	0.4593278910069633	-0.6567746532969008	0.09858716670494111	0.43480961279202895	-0.6486887754849978	0.09377817962932572	0.39243056214069444	-0.658756341084684	nan	0.030000000000000082	nan	nan	nan		-z	False	False	False	False	rh3	NA
box026_039_p2	box026	e091_box026_20231018_039_p2	E092_C2_FAIL_low_support	4	23	left	False	nan	nan	nan	0.48332595385523386	0.4838083079238704	-0.4361808790282141	0.44743957394647227	0.5537383928726681	-0.45107889755746755	0.4698685613894483	0.5100320897796695	-0.44176763597668417	0.4922975488324243	0.466325786686671	-0.43245637439590084	0.48332595385523386	0.4838083079238704	-0.4361808790282141	0.4903275064427616	0.4602230931730122	-0.4165409281008396	0.5067070571320818	0.4196025668280888	-0.4179889352096213	nan	0.02999999999999996	nan	nan	nan		+y	False	True	False	False	lh3	NA
box026_039_p2	box026	e091_box026_20231018_039_p2	E092_C2_FAIL_low_support	4	23	right	False	nan	nan	nan	0.07366195819141665	0.4514572774201668	-0.6214679484134927	0.10182341923429054	0.5257072104883692	-0.6117788023573041	0.08422250608249437	0.4793010023207427	-0.617834518642422	0.06662159293069818	0.4328947941531161	-0.62389023492754	0.07366195819141665	0.4514572774201668	-0.6214679484134927	0.05609025167732452	0.4272914996756842	-0.6115569502754301	0.050344629924568625	0.38471389091740876	-0.6201941506903382	nan	0.030000000000000002	nan	nan	nan		-z	False	False	False	False	rh3	NA
box026_039_p2	box026	e091_box026_20231018_039_p2	E092_C2_FAIL_low_support	5	24	left	False	nan	nan	nan	0.4456130225803526	0.46550100910419967	-0.3984663241631823	0.41278035725117557	0.536800798598122	-0.4139051099154566	0.43330077308191123	0.4922384301644206	-0.4042558688202851	0.45382118891264683	0.44767606173071917	-0.39460662772511373	0.4456130225803526	0.46550100910419967	-0.3984663241631823	0.4509343353975093	0.44143099654233753	-0.3788875118630589	0.4660020936289855	0.4003015768097033	-0.3802092759283447	nan	0.030000000000000054	nan	nan	nan		+y	False	True	False	False	lh3	NA
box026_039_p2	box026	e091_box026_20231018_039_p2	E092_C2_FAIL_low_support	5	24	right	False	nan	nan	nan	0.040326437485913795	0.4516519681677442	-0.5821256523989552	0.07068455896251519	0.5252928975375935	-0.5746826703381953	0.051710733039639245	0.4792673166814377	-0.5793345341261702	0.03273690711676342	0.43324173582528186	-0.583986397914145	0.040326437485913795	0.4516519681677442	-0.5821256523989552	0.02196961243974153	0.4283689800252144	-0.5715470416543991	0.014976841435397648	0.3857239492927064	-0.5788249998440328	nan	0.029999999999999985	nan	nan	nan		-z	False	False	False	False	rh3	NA
box026_039_p2	box026	e091_box026_20231018_039_p2	E092_C2_FAIL_low_support	6	25	left	False	nan	nan	nan	0.40318342003554075	0.4597472946649475	-0.3400118853393763	0.3727924860057384	0.5318726091260468	-0.356574800018977	0.39178681977436486	0.4867942875878597	-0.3462229783442266	0.41078115354299133	0.44171596604967267	-0.3358711566694761	0.40318342003554075	0.4597472946649475	-0.3400118853393763	0.4070372305056191	0.43548336472465254	-0.3203288567456138	0.4211648137293092	0.3940089969188286	-0.32116657583615155	nan	0.029999999999999936	nan	nan	nan		+y	False	True	False	False	lh3	NA
box026_039_p2	box026	e091_box026_20231018_039_p2	E092_C2_FAIL_low_support	6	25	right	False	nan	nan	nan	0.0016495721878502314	0.46399813272417156	-0.5342184805295751	0.03410127842208255	0.5366552687809966	-0.5259827448303735	0.013818962025687406	0.4912445587454809	-0.5311300796423747	-0.00646335437070785	0.44583384870996523	-0.5362774144543756	0.0016495721878502314	0.46399813272417156	-0.5342184805295751	-0.017240024480049992	0.441069977746007	-0.5238040475192227	-0.025478495644225007	0.3987489268428858	-0.5316476698481143	nan	0.029999999999999957	nan	nan	nan		+y	False	True	False	False	rh3	NA
box026_039_p2	box026	e091_box026_20231018_039_p2	E092_C2_FAIL_low_support	7	26	left	False	nan	nan	nan	0.33538538930559925	0.47401662520708504	-0.26827442400923324	0.3085335350904251	0.5451174960258991	-0.2932472911656764	0.3253159439749089	0.5006794517641402	-0.2776392491928994	0.3420983528593928	0.45624140750238146	-0.26203120722012246	0.33538538930559925	0.47401662520708504	-0.26827442400923324	0.33688921972283564	0.45141814922296397	-0.2464098603689271	0.34986458118046854	0.40973198177356135	-0.24262607861863444	nan	0.02999999999999991	nan	nan	nan		+y	False	True	False	False	lh3	NA
box026_039_p2	box026	e091_box026_20231018_039_p2	E092_C2_FAIL_low_support	7	26	right	False	nan	nan	nan	-0.0529167879660781	0.485601519167932	-0.4935621787387112	-0.020750108081477394	0.5584601574879787	-0.48601741052820563	-0.04085428300935282	0.5129235085379495	-0.4907328906597716	-0.060958457937228365	0.4673868595879203	-0.4954483707913376	-0.0529167879660781	0.485601519167932	-0.4935621787387112	-0.07164090899503549	0.462660854401961	-0.48287991494801136	-0.0797312760167166	0.42024958029506226	-0.4903829781884351	nan	0.030000000000000075	nan	nan	nan		+y	False	True	False	False	rh3	NA
box026_039_p2	box026	e091_box026_20231018_039_p2	E092_C2_FAIL_low_support	8	27	left	False	nan	nan	nan	0.2775361106169883	0.48445943244957446	-0.22161078776000936	0.2567972837088941	0.5555209729938211	-0.25194490244882956	0.26975905052645294	0.511107510153667	-0.23298608076831692	0.28272081734401194	0.46669404731351277	-0.2140272590878043	0.2775361106169883	0.48445943244957446	-0.22161078776000936	0.2762499537142802	0.46306257140011553	-0.19855581208096193	0.286334034418239	0.42095885427452434	-0.19177334302655835	nan	0.030000000000000006	nan	nan	nan		+y	False	True	False	False	lh3	NA
box026_039_p2	box026	e091_box026_20231018_039_p2	E092_C2_FAIL_low_support	8	27	right	False	nan	nan	nan	-0.09528263244135361	0.5017396389836244	-0.4534544956093666	-0.06313327462612799	0.5747642135647817	-0.44763811363174527	-0.08322662326064402	0.5291238544515584	-0.4512733523677586	-0.10331997189516005	0.4834834953383351	-0.45490859110377196	-0.09528263244135361	0.5017396389836244	-0.4534544956093666	-0.11311147640733034	0.4786187095462509	-0.44168451206245174	-0.12142303798643626	0.43619742970336983	-0.4488830625078199	nan	0.030000000000000047	nan	nan	nan		+y	False	True	False	False	rh3	NA
box026_039_p2	box026	e091_box026_20231018_039_p2	E092_C2_FAIL_low_support	9	28	left	False	nan	nan	nan	0.2564939052002903	0.4847370241646891	-0.20155150460124216	0.2366950671604215	0.5554246171864067	-0.23335197952013406	0.2490693409353395	0.5112448715478333	-0.21347668269582662	0.26144361471025745	0.46706512590925975	-0.19360138587151915	0.2564939052002903	0.4847370241646891	-0.20155150460124216	0.2546357272612895	0.4636877509492536	-0.1782172585718831	0.2643970404379441	0.42164923757189354	-0.17060846602651192	nan	0.030000000000000065	nan	nan	nan		+y	False	True	False	False	lh3	NA
box026_039_p2	box026	e091_box026_20231018_039_p2	E092_C2_FAIL_low_support	9	28	right	False	nan	nan	nan	-0.12739894156067244	0.49517292626807946	-0.4163472932249825	-0.09519954188908561	0.568349901947431	-0.41346131137940445	-0.11532416668382739	0.5226142921478363	-0.4152650500328907	-0.13544879147856917	0.4768786823482415	-0.417068788686377	-0.12739894156067244	0.49517292626807946	-0.4163472932249825	-0.14368358772656747	0.4718374397150291	-0.4028846436161645	-0.15251302022906107	0.4294271227143726	-0.40950826056565215	nan	0.029999999999999985	nan	nan	nan		+y	False	True	False	False	rh3	NA
box026_039_p2	box026	e091_box026_20231018_039_p2	E092_C2_FAIL_low_support	10	29	left	False	nan	nan	nan	0.2769233266041275	0.48922317899349893	-0.24011161154291025	0.25172361700829005	0.5596797187611285	-0.2684109161325623	0.2674734355056884	0.51564438140636	-0.25072385076402975	0.28322325400308684	0.47160904405159154	-0.23303678539549721	0.2769233266041275	0.48922317899349893	-0.24011161154291025	0.2773446088136124	0.46733006592584136	-0.21749467347834386	0.2897929681489567	0.42569247940517746	-0.21185877918355098	nan	0.03000000000000005	nan	nan	nan		+y	False	True	False	False	lh3	NA
box026_039_p2	box026	e091_box026_20231018_039_p2	E092_C2_FAIL_low_support	10	29	right	False	nan	nan	nan	-0.14185324333216703	0.47378740593653257	-0.3929772755246811	-0.11170118120769816	0.5477281783364508	-0.397836835848996	-0.13054622003549124	0.5015151955865019	-0.39479961064629915	-0.14939125886328422	0.45530221283655303	-0.3917623854436023	-0.14185324333216703	0.47378740593653257	-0.3929772755246811	-0.15459777004117836	0.4504294591926459	-0.37615583293556737	-0.16338295799330854	0.4076771888244268	-0.38009664743440347	nan	0.029999999999999995	nan	nan	nan		+y	False	True	False	False	rh3	NA
box026_039_p2	box026	e091_box026_20231018_039_p2	E092_C2_FAIL_low_support	11	30	left	False	nan	nan	nan	0.29152241845530985	0.49701675453479915	-0.2958400509690632	0.25694003360046896	0.5655748794198444	-0.318286479860943	0.27855402413474456	0.5227260513666911	-0.30425746180351815	0.30016801466902004	0.4798772233135379	-0.29022844374609325	0.29152241845530985	0.49701675453479915	-0.2958400509690632	0.2961165919172719	0.474329521552503	-0.2745047563679071	0.3131761226277008	0.4340369082400571	-0.27207755833244684	nan	0.030000000000000027	nan	nan	nan		+y	False	True	False	False	lh3	NA
box026_039_p2	box026	e091_box026_20231018_039_p2	E092_C2_FAIL_low_support	11	30	right	False	nan	nan	nan	-0.14861154676825494	0.43482619899884695	-0.3770803783779988	-0.12603473696697662	0.5106134826255004	-0.38918720701683224	-0.1401452430927756	0.46324643035884205	-0.3816204391175613	-0.15425574921857463	0.4158793780921835	-0.37405367121829053	-0.14861154676825494	0.43482619899884695	-0.3770803783779988	-0.15577528846919628	0.41112855290452943	-0.35763610049640926	-0.16176260862584232	0.3677383460349079	-0.35901744515255607	nan	0.030000000000000027	nan	nan	nan		+y	False	True	False	False	rh3	NA
box026_039_p2	box026	e091_box026_20231018_039_p2	E092_C2_FAIL_low_support	12	31	left	False	nan	nan	nan	0.2779351926290815	0.49322082030163894	-0.34254179064067153	0.23719686725051062	0.5605351472385731	-0.3570045094161034	0.26265832061211747	0.5184636929029892	-0.3479653101814585	0.2881197739737243	0.47639223856740537	-0.3389261109468136	0.2779351926290815	0.49322082030163894	-0.34254179064067153	0.28554077214001256	0.4693337134367575	-0.3235004395373928	0.30550483856487226	0.4303743778192204	-0.32550537991894996	nan	0.029999999999999954	nan	nan	nan		+y	False	True	False	False	lh3	NA
box026_039_p2	box026	e091_box026_20231018_039_p2	E092_C2_FAIL_low_support	12	31	right	False	nan	nan	nan	-0.16805477740039085	0.39504364980786383	-0.3480227039187861	-0.15280271501396347	0.4712693843100203	-0.3669174649007961	-0.1623352540054806	0.42362830024617254	-0.3551082392870398	-0.1718677929969977	0.3759872161823247	-0.3432990136732835	-0.16805477740039085	0.39504364980786383	-0.3480227039187861	-0.16974968107450675	0.3718782382444707	-0.32677491399748176	-0.17338551335829008	0.32822449849484236	-0.32551083433950195	nan	0.030000000000000034	nan	nan	nan		+y	False	True	False	False	rh3	NA
box026_039_p2	box026	e091_box026_20231018_039_p2	E092_C2_FAIL_low_support	13	32	left	False	nan	nan	nan	0.26073024069861517	0.46613759763528345	-0.3404906159767619	0.2180646431804543	0.5326156662715571	-0.3531521000449581	0.24473064162930483	0.49106687337388605	-0.3452386725023355	0.27139664007815545	0.449518080476215	-0.33732524495971283	0.26073024069861517	0.46613759763528345	-0.3404906159767619	0.2681722595171306	0.4413315698843762	-0.32259399313791925	0.2899093030398182	0.40341817327581025	-0.3258326444627866	nan	0.02999999999999997	nan	nan	nan		+y	False	True	False	False	lh3	NA
box026_039_p2	box026	e091_box026_20231018_039_p2	E092_C2_FAIL_low_support	13	32	right	False	nan	nan	nan	-0.18718519304262254	0.349781596990488	-0.30506651684183256	-0.17679204857214337	0.4245908909088043	-0.33143983842745617	-0.18328776386619283	0.37783508220985657	-0.3149565124364414	-0.18978347916024232	0.3310792735109089	-0.2984731864454267	-0.18718519304262254	0.349781596990488	-0.30506651684183256	-0.18499936654834767	0.32820638975909355	-0.2822474422908103	-0.18742221527115457	0.2847236000307031	-0.2773645159746787	nan	0.029999999999999978	nan	nan	nan		+y	False	True	False	False	rh3	NA
box026_039_p2	box026	e091_box026_20231018_039_p2	E092_C2_FAIL_low_support	14	33	left	False	nan	nan	nan	0.24070127756354157	0.40368600293987056	-0.30173356924625017	0.2031483239076419	0.47392833101154075	-0.30920290782404325	0.22661891994257916	0.4300268759667468	-0.30453457121292254	0.25008951597751644	0.38612542092195307	-0.29986623460180184	0.24070127756354157	0.40368600293987056	-0.30173356924625017	0.24435571493660574	0.3759522166448695	-0.28729424962449296	0.26478373835134206	0.33770054041734743	-0.29361237363890635	nan	0.02999999999999997	nan	nan	nan		+y	False	True	False	False	lh3	NA
box026_039_p2	box026	e091_box026_20231018_039_p2	E092_C2_FAIL_low_support	14	33	right	False	nan	nan	nan	-0.18902504185556684	0.2907488082383331	-0.2628459762787353	-0.18510653527887028	0.36659532239266895	-0.2879846237531823	-0.18755560188930567	0.31919125104620905	-0.27227296908165294	-0.19000466849974104	0.27178717969974914	-0.2565613144101236	-0.18902504185556684	0.2907488082383331	-0.2628459762787353	-0.1821382671746317	0.2684957758665418	-0.24167164151563503	-0.1828790198107546	0.2248330440273493	-0.23799967994494206	nan	0.030000000000000013	nan	nan	nan		+y	False	True	False	False	rh3	NA
box026_039_p2	box026	e091_box026_20231018_039_p2	E092_C2_FAIL_low_support	15	34	left	False	nan	nan	nan	0.2236910027777855	0.3344164693264354	-0.2586566661637337	0.196676531801669	0.4092810734424037	-0.2667504544263398	0.21356057616174182	0.36249069586992355	-0.2616918367622109	0.2304446205218146	0.31570031829744327	-0.25663321909808207	0.2236910027777855	0.3344164693264354	-0.2586566661637337	0.22093588450620122	0.3054176319253348	-0.2467198106898741	0.23798325549781485	0.2654484558807348	-0.2524000989307792	nan	0.030000000000000054	nan	nan	nan		+y	False	True	False	False	lh3	NA
box026_039_p2	box026	e091_box026_20231018_039_p2	E092_C2_FAIL_low_support	15	34	right	False	nan	nan	nan	-0.1725603913230977	0.2646515201039085	-0.23774298054978546	-0.17934220567352982	0.33843307453223487	-0.2679139802060148	-0.17510357170450977	0.29231960301453086	-0.24905710542087142	-0.1708649377354897	0.2462061314968269	-0.23020023063572811	-0.1725603913230977	0.2646515201039085	-0.23774298054978546	-0.1596690220301309	0.2444655305278765	-0.2173146670977532	-0.15670729133668537	0.20123305540752054	-0.21078416832866156	nan	0.02999999999999995	nan	nan	nan		+y	False	True	False	False	rh3	NA
box026_039_p2	box026	e091_box026_20231018_039_p2	E092_C2_FAIL_low_support	16	35	left	False	nan	nan	nan	0.2132314997249956	0.2773019424553928	-0.23644404225660237	0.19517757975050393	0.3542542301997873	-0.2487891378195609	0.20646127973456121	0.30615905035954066	-0.24107345309271183	0.2177449797186185	0.25806387051929414	-0.23335776836586275	0.2132314997249956	0.2773019424553928	-0.23644404225660237	0.20574878107960104	0.24883856738069174	-0.22527010083289442	0.21968065438540083	0.20738463816458858	-0.22807869917497825	nan	0.029999999999999968	nan	nan	nan		+y	False	True	False	False	lh3	NA
box026_039_p2	box026	e091_box026_20231018_039_p2	E092_C2_FAIL_low_support	16	35	right	True	0.15139507518040005	-0.197247	-0.234485	-0.12320575198630332	0.25428579917192	-0.22905830281525705	-0.1536613712599614	0.32071224734349546	-0.2616156712280602	-0.13462660921392505	0.27919571723626074	-0.2412673159700582	-0.11559184716788871	0.23767918712902608	-0.22091896071205624	-0.12320575198630332	0.25428579917192	-0.22905830281525705	-0.10139296190848375	0.23985937624190423	-0.2115352300718397	-0.08733202902999732	0.19926991878019232	-0.20286042301598062	0.5557446055169193	0.029999999999999933	0.46051625084571585	0.42045880723766077	0.4119194734351116	-y	+y	False	True	False	False	rh3	handbox_surface
box026_039_p2	box026	e091_box026_20231018_039_p2	E092_C2_FAIL_low_support	17	36	left	True	0.14320650436915297	-0.197247	0.22353658720831227	0.20588164457095293	0.23208295051269975	-0.26584000515949446	0.19897028178817733	0.31177694969388287	-0.26688860374544615	0.2032898835274121	0.2619682002056434	-0.2662332296292263	0.2076094852666468	0.212159450717404	-0.2655778555130064	0.20588164457095293	0.23208295051269975	-0.26584000515949446	0.1929778635602101	0.203476687675246	-0.26335285256847657	0.20361649022097533	0.16155740805119137	-0.2704244283817501	0.6740646007884262	0.029999999999999975	0.5910883900961639	0.5609176327870665	0.5347333202110981	-y	+y	False	True	False	False	lh3	handbox_surface
box026_039_p2	box026	e091_box026_20231018_039_p2	E092_C2_FAIL_low_support	17	36	right	True	0.1436078930844742	-0.197247	-0.22156297617688064	-0.09362970247335133	0.23519828597052153	-0.2519469702978775	-0.13695771294295142	0.2964348691141378	-0.27974561043802115	-0.1098777063994514	0.25816200464937766	-0.26237146035043135	-0.08279769985595138	0.21988914018461747	-0.2449973102628416	-0.09362970247335133	0.23519828597052153	-0.2519469702978775	-0.06746251092682885	0.22400618256465918	-0.23849362588743875	-0.04748810194818285	0.185600983186681	-0.23167234927691124	0.5227978988500288	0.03000000000000006	0.42519598059840424	0.3868652486242373	0.38603475527251924	-y	+y	False	True	False	False	rh3	handbox_surface
box026_039_p2	box026	e091_box026_20231018_039_p2	E092_C2_FAIL_low_support	18	37	left	True	0.14417438202777152	-0.197247	0.2008524147682853	0.2207282408201265	0.1934395764820317	-0.2709291153427045	0.2168437998017855	0.27333190421407777	-0.26947066152774457	0.21927157543824863	0.22339919938154895	-0.27038219516209455	0.2216993510747117	0.17346649454902013	-0.27129372879644437	0.2207282408201265	0.1934395764820317	-0.2709291153427045	0.20660358498381254	0.16531145524007831	-0.27149005991514935	0.2166422083306014	0.12329084313858939	-0.27883225072084294	0.6361170262683665	0.029999999999999978	0.555277289140706	0.5318256381879578	0.5009907824748361	-y	-z	False	False	False	False	lh3	handbox_surface
box026_039_p2	box026	e091_box026_20231018_039_p2	E092_C2_FAIL_low_support	18	37	right	True	0.1361999478647377	-0.197247	-0.22332337271949518	-0.10688689098686786	0.1845667298737107	-0.2819282659990467	-0.1473627772361726	0.2506295637522591	-0.30186327571232924	-0.1220653483303571	0.20934029257816633	-0.2894038946415276	-0.0967679194245417	0.1680510214040736	-0.276944513570726	-0.10688689098686786	0.1845667298737107	-0.2819282659990467	-0.08019934666579667	0.17037346000873432	-0.27313601733578574	-0.06365863721903472	0.1299235813300379	-0.2698682331044841	0.48619011207784935	0.029999999999999975	0.38656832040040867	0.3569986633701201	0.3545611620503788	-y	-z	False	False	False	False	rh3	handbox_surface
box026_039_p2	box026	e091_box026_20231018_039_p2	E092_C2_FAIL_low_support	19	38	left	True	0.14405356288364832	-0.197247	0.2048275063976544	0.21952874945582315	0.18077472623298177	-0.2678857500569675	0.21885869946088546	0.26075835162376565	-0.2664124196965118	0.2192774807077215	0.21076858575452573	-0.2673332511717967	0.2196962619545575	0.16077881988528578	-0.2682540826470814	0.21952874945582315	0.18077472623298177	-0.2678857500569675	0.20431871849131217	0.15325523950572467	-0.26941695031710405	0.21305443557833695	0.11086034259073967	-0.2762560678371469	0.6285468455254307	0.030000000000000013	0.5480890364488848	0.528357904568697	0.4954881693730741	-y	-z	False	False	False	False	lh3	handbox_surface
box026_039_p2	box026	e091_box026_20231018_039_p2	E092_C2_FAIL_low_support	19	38	right	True	0.13258231702417053	-0.197247	-0.22788629188587156	-0.0970817255940497	0.18193774346395908	-0.2807471061763713	-0.14086997591158182	0.24560333289222827	-0.3014662243255643	-0.11350231946312422	0.20581233949956004	-0.28851677548231863	-0.08613466301466674	0.16602134610689182	-0.27556732663907313	-0.0970817255940497	0.18193774346395908	-0.2807471061763713	-0.06956239573667676	0.16913618437284078	-0.27239341615677487	-0.05126921740616889	0.12951855459748599	-0.26835990584230135	0.47612029468826955	0.030000000000000023	0.3767018745162502	0.3446922419304365	0.3433221632478593	-y	-z	False	False	False	False	rh3	handbox_surface
box026_039_p2	box026	e091_box026_20231018_039_p2	E092_C2_FAIL_low_support	20	39	left	True	0.14394010868105728	-0.197247	0.20738490498518727	0.22619597301587918	0.17909544189127097	-0.266879352185222	0.22652061350693098	0.259094544416102	-0.26707481004037514	0.2263177132000236	0.2090951053380826	-0.2669526488809044	0.2261148128931162	0.15909566626006322	-0.2668304877214338	0.22619597301587918	0.17909544189127097	-0.266879352185222	0.21069389054498963	0.1517396316996531	-0.26841455697143574	0.2191214571920154	0.10910584740770395	-0.2740492817444122	0.6299968978531053	0.029999999999999985	0.548843064992461	0.5293236886763775	0.4963585233329799	-y	-z	False	False	False	False	lh3	handbox_surface
box026_039_p2	box026	e091_box026_20231018_039_p2	E092_C2_FAIL_low_support	20	39	right	True	0.1405242130159966	-0.197247	-0.23261723397499534	-0.09464042726912132	0.1799258965391743	-0.28202128538178867	-0.13784485099963217	0.24294536381133536	-0.30572623243609565	-0.1108420861680629	0.2035581967662347	-0.29091064052715376	-0.08383932133649363	0.16417102972113404	-0.27609504861821194	-0.09464042726912132	0.1799258965391743	-0.28202128538178867	-0.06729376264034416	0.16733133637662934	-0.2728281055239252	-0.04924982566226004	0.1278162388683258	-0.26704540934082927	0.4766843225529506	0.030000000000000034	0.37761233392033666	0.3439702326002135	0.34182863543990427	-y	-z	False	False	False	False	rh3	handbox_surface
box026_039_p2	box026	e091_box026_20231018_039_p2	E092_C2_FAIL_low_support	21	40	left	True	0.14419106739785248	-0.197247	0.2082733516213161	0.22624416009729473	0.17282498867781282	-0.2661914540543436	0.22831600243083347	0.25277105549038087	-0.268273249083966	0.22702110097237174	0.20280476373252587	-0.26697212719045205	0.2257261995139101	0.15283847197467082	-0.26567100529693805	0.22624416009729473	0.17282498867781282	-0.2661914540543436	0.21016595465935992	0.14578092797882763	-0.26725063143083266	0.21772013229843773	0.10285305611202476	-0.2717833770771613	0.626706066077621	0.030000000000000034	0.5448370103747483	0.5253611606887422	0.4924348391596334	-y	-z	False	False	False	False	lh3	handbox_surface
box026_039_p2	box026	e091_box026_20231018_039_p2	E092_C2_FAIL_low_support	21	40	right	True	0.141629764108085	-0.197247	-0.234485	-0.09686764584830918	0.17819662339674097	-0.2824777044293186	-0.1395447669624737	0.2407936436416024	-0.30817354825417353	-0.11287156626612083	0.201670505988564	-0.2921136458636392	-0.08619836556976808	0.1625473683355256	-0.27605374347310485	-0.09686764584830918	0.17819662339674097	-0.2824777044293186	-0.0696071365232011	0.165650153865452	-0.27296832476806127	-0.05193479183048363	0.12617735380298006	-0.26589354871537274	0.47668350566225115	0.029999999999999968	0.3778850366540075	0.34350945747739986	0.3401178243266066	-y	-z	False	False	False	False	rh3	handbox_surface
box026_039_p2	box026	e091_box026_20231018_039_p2	E092_C2_FAIL_low_support	22	41	left	True	0.1416696219506442	-0.197247	0.20535395055700514	0.22689118091222615	0.17077085546927162	-0.26567112293523415	0.22883532440689938	0.2507064063355199	-0.26822612073984375	0.2276202347227286	0.20074668704411475	-0.2666292471119628	0.22640514503855785	0.15078696775270958	-0.26503237348408176	0.22689118091222615	0.17077085546927162	-0.26567112293523415	0.2108757012474616	0.14368968651929645	-0.266732473640756	0.2185576836115767	0.10074935417637408	-0.2709191872859072	0.6233414968094853	0.030000000000000037	0.5412453343812219	0.5215455465883588	0.48873234108322167	-y	-z	False	False	False	False	lh3	handbox_surface
box026_039_p2	box026	e091_box026_20231018_039_p2	E092_C2_FAIL_low_support	22	41	right	True	0.14086540151018564	-0.197247	-0.234485	-0.09606982070142683	0.17620730209126673	-0.28312454598275966	-0.1393194384959846	0.23772651735943515	-0.31041660917727487	-0.11228842737438592	0.19927700781682986	-0.29335906968070286	-0.08525741625278736	0.16082749827422455	-0.2763015301841309	-0.09606982070142683	0.17620730209126673	-0.28312454598275966	-0.0687026337498694	0.1641693490201423	-0.27327049442405	-0.050653875290283916	0.12505971419949838	-0.2651992522538997	0.4741142330017193	0.029999999999999905	0.37555551603056997	0.3402249857012553	0.3367630684058498	-y	-z	False	False	False	False	rh3	handbox_surface
box026_039_p2	box026	e091_box026_20231018_039_p2	E092_C2_FAIL_low_support	23	42	left	True	0.14376064108559802	-0.197247	0.2026172544554521	0.22573869634535806	0.1720793847333249	-0.266122195453081	0.22888668198666226	0.25199273062220573	-0.2681089856398483	0.22691919096084712	0.20204688944165522	-0.26686724177311877	0.22495169993503203	0.15210104826110465	-0.2656254979063892	0.22573869634535806	0.1720793847333249	-0.266122195453081	0.20931316063313957	0.14525170266875725	-0.26734244850831573	0.21633589699146724	0.10223139418224289	-0.2718533018285049	0.6219056574447558	0.030000000000000002	0.5398197368690945	0.5207370170476899	0.4876814130656716	-y	-z	False	False	False	False	lh3	handbox_surface
box026_039_p2	box026	e091_box026_20231018_039_p2	E092_C2_FAIL_low_support	23	42	right	True	0.14053558709823089	-0.197247	-0.2303358834230857	-0.09501202443585334	0.17611273269522085	-0.28325349701260194	-0.13811181616505816	0.2376711403085789	-0.3106938032245747	-0.11117444633430512	0.19919713555023014	-0.29354361184209166	-0.0842370765035521	0.1607231307918813	-0.27639342045960874	-0.09501202443585334	0.17611273269522085	-0.28325349701260194	-0.0676610735895711	0.16401641849278978	-0.27342587072615204	-0.049734790184312504	0.12487584346591804	-0.2652325858082467	0.4738365862559248	0.02999999999999998	0.37519014753362717	0.3401273276186747	0.33686261835948295	-y	-z	False	False	False	False	rh3	handbox_surface
box026_039_p2	box026	e091_box026_20231018_039_p2	E092_C2_FAIL_low_support	24	43	left	True	0.1458789941984649	-0.197247	0.19999558785238541	0.2187324787111128	0.18236663684492857	-0.26622164363699913	0.22227338431031932	0.26220942531187413	-0.2626732471878831	0.22006031831081518	0.21230768252003315	-0.2648909949685806	0.21784725231131113	0.16240593972819223	-0.2671087427492782	0.2187324787111128	0.18236663684492857	-0.26622164363699913	0.20219209648243844	0.15577381959934275	-0.26942314212707014	0.2090511327206091	0.11312952874040577	-0.2768279814184762	0.623985129396608	0.03000000000000001	0.543899084775988	0.5286676195380836	0.4939779189145981	-y	-z	False	False	False	False	lh3	handbox_surface
box026_039_p2	box026	e091_box026_20231018_039_p2	E092_C2_FAIL_low_support	24	43	right	True	0.13499652136034127	-0.197247	-0.21911443487206572	-0.09384587512963292	0.17858706987965375	-0.2838581584364393	-0.13673992232797308	0.2410709996016612	-0.30946790738955865	-0.10993114282901051	0.20201854352540652	-0.2934618142938591	-0.08312236333004783	0.16296608744915186	-0.2774557211981595	-0.09384587512963292	0.17858706987965375	-0.2838581584364393	-0.06664587220796749	0.1662236426094446	-0.27394437635786606	-0.04862898890836496	0.1268610446548346	-0.2671293953352927	0.4742679282418096	0.029999999999999995	0.375127065614991	0.3416549609704844	0.33995657972420334	-y	-z	False	False	False	False	rh3	handbox_surface
box026_039_p2	box026	e091_box026_20231018_039_p2	E092_C2_FAIL_low_support	25	44	left	True	0.14581629371931573	-0.197247	0.19887463179238574	0.21312053871508804	0.18130666223316744	-0.2656470714611805	0.21621431796367116	0.26097404330157425	-0.2590488199001759	0.2142807059333067	0.21118193013382	-0.2631727271258038	0.2123470939029423	0.16138981696606577	-0.2672966343514317	0.21312053871508804	0.18130666223316744	-0.2656470714611805	0.19670973051418578	0.15475143749793743	-0.26971120474692845	0.203751283424083	0.11246983669305169	-0.2788269236929637	0.6204750829754072	0.030000000000000023	0.5419141519128892	0.5286536967373581	0.49317851429422244	-y	-z	False	False	False	False	lh3	handbox_surface
box026_039_p2	box026	e091_box026_20231018_039_p2	E092_C2_FAIL_low_support	25	44	right	True	0.1355522848239233	-0.197247	-0.22531668666934537	-0.11764726112333793	0.13012823970123022	-0.2855176784244706	-0.14556692175688377	0.20226776590634915	-0.3059231019439323	-0.12811713386091766	0.15718056202814984	-0.2931697122442688	-0.1106673459649514	0.11209335814995054	-0.2804163225446052	-0.11764726112333793	0.13012823970123022	-0.2855176784244706	-0.09438467558851149	0.11170005395728243	-0.2750185521595263	-0.08453457015566315	0.0690938903735169	-0.27216260826284533	0.4469278377484347	0.030000000000000072	0.34918859407520114	0.322770509082299	0.30969846384121824	-y	-z	False	False	False	False	rh3	handbox_surface
box026_039_p2	box026	e091_box026_20231018_039_p2	E092_C2_FAIL_low_support	26	45	left	True	0.14361930563774464	-0.197247	0.20192936057322655	0.21089443408357328	0.17872007984485302	-0.26475191025062256	0.21137909791755527	0.258474323387319	-0.2585048519079266	0.2110761830213165	0.20862792117327775	-0.2624092633721115	0.2107732681250778	0.15878151895923648	-0.2663136748362965	0.21089443408357328	0.17872007984485302	-0.26475191025062256	0.19538240976922888	0.15163736195421051	-0.26886472671100115	0.2038651515938055	0.10956130690459984	-0.27770001100237574	0.62039925824521	0.029999999999999968	0.5420451850995678	0.5285319410281474	0.49313390613392516	-y	-z	False	False	False	False	lh3	handbox_surface
box026_039_p2	box026	e091_box026_20231018_039_p2	E092_C2_FAIL_low_support	26	45	right	True	0.13021575321582143	-0.197247	-0.23037763058511648	-0.13308756610545236	0.1125881099463584	-0.28456294152103984	-0.1522447433186112	0.18772208807682073	-0.3042578111960298	-0.14027150756038698	0.14076335174528176	-0.2919485176491611	-0.12829827180216277	0.0938046154137428	-0.2796392241022924	-0.13308756610545236	0.1125881099463584	-0.28456294152103984	-0.1128770992520815	0.09173873432330416	-0.2724048934209793	-0.10701848346458145	0.04834372373706356	-0.27066827452775044	0.4372703171529472	0.03000000000000001	0.3423866059918454	0.31686766463041943	0.2990927487176412	-y	-z	False	False	False	False	rh3	handbox_surface
box026_039_p2	box026	e091_box026_20231018_039_p2	E092_C2_FAIL_low_support	27	46	left	True	0.1416351057130253	-0.197247	0.20437191770305174	0.2077464071808718	0.17437396518012926	-0.2644082233818493	0.2048375033901433	0.25424735111798047	-0.26097595043824995	0.20665556825934864	0.20432648490682348	-0.2631211210279995	0.20847363312855396	0.15440561869566644	-0.2652662916177492	0.2077464071808718	0.17437396518012926	-0.2644082233818493	0.19340509747316534	0.14652966974700526	-0.26757584293133024	0.20368288372162321	0.10456654370749757	-0.2749159198201036	0.6197085327732229	0.03000000000000003	0.5404972486274975	0.5246743628634479	0.49012935219996917	-y	-z	False	False	False	False	lh3	handbox_surface
box026_039_p2	box026	e091_box026_20231018_039_p2	E092_C2_FAIL_low_support	27	46	right	True	0.12890419572304	-0.197247	-0.2323034519213675	-0.1430214455262123	0.1029288657708259	-0.2848183543684253	-0.15625120620156457	0.17933430033057068	-0.30449532065414786	-0.14798260577946928	0.13158090373073017	-0.2921972167255712	-0.13971400535737413	0.08382750713088966	-0.27989911279699464	-0.1430214455262123	0.1029288657708259	-0.2848183543684253	-0.12537613900317848	0.08085044106583318	-0.27095603536473944	-0.12174858756852452	0.03719373704874697	-0.2697731436286663	0.43402920890264696	0.029999999999999954	0.3416937112652411	0.3181886314648952	0.2985245014621653	-y	-z	False	False	False	False	rh3	handbox_surface
box026_039_p2	box026	e091_box026_20231018_039_p2	E092_C2_FAIL_low_support	28	47	left	True	0.138983372663961	-0.197247	0.20426533817034004	0.19990494289680352	0.17224830025995236	-0.26459473218462065	0.19454504991757096	0.2520678714472807	-0.2642667036459264	0.1978949830295913	0.20218063945520048	-0.26447172148261033	0.20124491614161166	0.15229340746312023	-0.26467673931929425	0.19990494289680352	0.17224830025995236	-0.26459473218462065	0.18641365605593438	0.14387383090188502	-0.26656613623635383	0.19794089189216726	0.10198999176336218	-0.2723350545841821	0.6186496973964498	0.030000000000000002	0.5381850629572275	0.5198266705342783	0.4863218480374878	-y	-z	False	False	False	False	lh3	handbox_surface
box026_039_p2	box026	e091_box026_20231018_039_p2	E092_C2_FAIL_low_support	28	47	right	True	0.12216911969556545	-0.197247	-0.22486621286081493	-0.15225991193548538	0.09818137964486147	-0.2884404418601701	-0.16118518285901598	0.17409612811271064	-0.3120474430251799	-0.15560688853180935	0.12664941032030488	-0.2972930672970487	-0.1500285942046027	0.07920269252789919	-0.2825386915689176	-0.15225991193548538	0.09818137964486147	-0.2884404418601701	-0.13695474875766564	0.07625897854414719	-0.271823045012724	-0.13453786431511752	0.032607556753614445	-0.26879348841774586	0.4327979258368059	0.029999999999999957	0.34222715708066975	0.3203385075185062	0.29974915669512925	-y	-z	False	False	False	False	rh3	handbox_surface
box026_039_p2	box026	e091_box026_20231018_039_p2	E092_C2_FAIL_low_support	29	48	left	True	0.13842054075277646	-0.197247	0.2043831923366879	0.19785856097864832	0.17045683855125274	-0.2655741758596236	0.19042955662124067	0.24992640877627226	-0.27099610379240824	0.19507268434462047	0.20025792738563503	-0.26760739883441786	0.19971581206800026	0.1505894459949978	-0.2642186938764275	0.19785856097864832	0.17045683855125274	-0.2655741758596236	0.1851091144572905	0.14167396205229385	-0.2654772235289873	0.197722530425171	0.09979601244845596	-0.26822543030966023	0.6196730999676038	0.02999999999999997	0.5368006741735454	0.5143488138213987	0.48282039333410204	-y	-z	False	False	False	False	lh3	handbox_surface
box026_039_p2	box026	e091_box026_20231018_039_p2	E092_C2_FAIL_low_support	29	48	right	True	0.11880315050421587	-0.197247	-0.22061192662474208	-0.16155850943945446	0.09666527854595461	-0.29309963795300575	-0.163951902234326	0.17134738694446466	-0.3216803019775288	-0.1624560317375313	0.12467106919539594	-0.30381738696220195	-0.16096016124073653	0.07799475144632713	-0.28595447194687507	-0.16155850943945446	0.09666527854595461	-0.29309963795300575	-0.14971120741493027	0.07526009443612686	-0.27328961281748704	-0.14948472036700355	0.03179925577154376	-0.26767086081245917	0.435500998276418	0.030000000000000117	0.34786326868274753	0.3250907347132844	0.3035355850704733	-y	-z	False	False	False	False	rh3	handbox_surface
box026_039_p2	box026	e091_box026_20231018_039_p2	E092_C2_FAIL_low_support	30	49	left	True	0.13758237990116645	-0.197247	0.1971724660053224	0.19227594101514392	0.16853900816410436	-0.2677468511925726	0.18553904535307347	0.24740213499348823	-0.27937532759883044	0.1897496051418675	0.19811268072512334	-0.27210752984491926	0.19396016493066154	0.14882322645675833	-0.26483973209100814	0.19227594101514392	0.16853900816410436	-0.2677468511925726	0.1792913671736522	0.13994738323502465	-0.26552613239466577	0.1915832294601137	0.09788851587964453	-0.26491346264438215	0.6158363508575864	0.030000000000000037	0.5299985581658517	0.504299107099431	0.4749004797480419	-y	-z	False	False	False	False	lh3	handbox_surface
box026_039_p2	box026	e091_box026_20231018_039_p2	E092_C2_FAIL_low_support	30	49	right	True	0.12087947193164221	-0.197247	-0.2184548303809079	-0.17219617069058532	0.09956247232016466	-0.2972302391813594	-0.16219156849268662	0.17219525025643426	-0.32923629336056687	-0.1684444448663733	0.1267997640462658	-0.3092325094985622	-0.17469732124006002	0.08140427783609734	-0.28922872563655755	-0.17219617069058532	0.09956247232016466	-0.2972302391813594	-0.16667753707513	0.07871172966963677	-0.27430059064838747	-0.17128560011496413	0.035805708361910625	-0.2666648026427085	0.443796373516266	0.030000000000000082	0.3623361729839074	0.33818910922759743	0.31654002298830325	-y	-z	False	False	False	False	rh3	handbox_surface
box026_039_p2	box026	e091_box026_20231018_039_p2	E092_C2_FAIL_low_support	31	50	left	True	0.12864567003888	-0.197247	0.22035208212014756	0.21018993968378444	0.16925897191047062	-0.27101319057792633	0.19667591806154872	0.24707941887602355	-0.28371552318557425	0.205122181575446	0.19844163952255303	-0.27577656530579436	0.21356844508934333	0.1498038601690824	-0.26783760742601437	0.21018993968378444	0.16925897191047062	-0.27101319057792633	0.19959245504590875	0.13987780893905796	-0.26708224314671086	0.21497867258659722	0.09884781639421657	-0.2666157804251878	0.6391883846415749	0.03000000000000009	0.5549672307204329	0.5249405323439847	0.4982566397559705	-y	-z	False	False	False	False	lh3	handbox_surface
box026_039_p2	box026	e091_box026_20231018_039_p2	E092_C2_FAIL_low_support	31	50	right	True	0.11674269206539606	-0.197247	-0.234485	-0.21343600153373618	0.10291343212813557	-0.2955825834790424	-0.19032362975980058	0.1728006631875358	-0.3269129713769506	-0.20476886211851036	0.12912114377541067	-0.307331478940758	-0.21921409447722007	0.0854416243632855	-0.28774998650456546	-0.21343600153373618	0.10291343212813557	-0.2955825834790424	-0.214344327983396	0.08261010521735718	-0.27154246227883405	-0.2246898451293663	0.04072231101787781	-0.26387114296659736	0.46388840709725054	0.03000000000000002	0.3922860833847016	0.37323290533022047	0.3534917237448918	-y	-z	False	False	False	False	rh3	handbox_surface
box026_039_p2	box026	e091_box026_20231018_039_p2	E092_C2_FAIL_low_support	32	51	left	True	0.12579031947776287	-0.197247	0.21543150015312382	0.2119515754015369	0.16703613515570617	-0.2763038321144229	0.19473988648602772	0.2434644808028071	-0.2925046267345335	0.20549719205822098	0.19569676477336906	-0.2823791300969643	0.21625449763041424	0.147929048743931	-0.27225363345939524	0.2119515754015369	0.16703613515570617	-0.2763038321144229	0.20275123716552482	0.1377257515303052	-0.2694287354616842	0.21941045813701374	0.09722124095237986	-0.2679225663557948	0.6391974744950234	0.030000000000000013	0.5542905441109995	0.5197035359921497	0.49770478181843414	-y	-z	False	False	False	False	lh3	handbox_surface
box026_039_p2	box026	e091_box026_20231018_039_p2	E092_C2_FAIL_low_support	32	51	right	True	0.11288692350530895	-0.197247	-0.22870072371487982	-0.2386564766181732	0.1094846470332181	-0.2882590948445088	-0.20788661808260972	0.17548035456409627	-0.32139189420104064	-0.2271177796673369	0.13423303735729739	-0.30068389460320827	-0.2463489412520641	0.09298572015049858	-0.2799758950053758	-0.2386564766181732	0.1094846470332181	-0.2882590948445088	-0.2441088216450434	0.09146021094510393	-0.26303273550909834	-0.257416908517532	0.05079310873634422	-0.25356976612087806	0.48027470289101487	0.029999999999999985	0.41466609685321887	0.3985284142246309	0.3818690621090341	-y	-z	False	False	False	False	rh3	handbox_surface
box026_039_p2	box026	e091_box026_20231018_039_p2	E092_C2_FAIL_low_support	33	52	left	True	0.12584390671741447	-0.197247	0.21158403468949233	0.21323845222986484	0.16496957027401676	-0.28562416129987617	0.1923001670804418	0.2388838500470682	-0.30794606669866637	0.20538659529883121	0.192687425188911	-0.2939948758244226	0.2184730235172206	0.1464910003307539	-0.2800436849501786	0.21323845222986484	0.16496957027401676	-0.28562416129987617	0.20573911965028238	0.1366622466625173	-0.27407136048256947	0.22325014928322878	0.09666679534423805	-0.27031087102627205	0.6434173839822823	0.02999999999999999	0.5569874635184818	0.5177499999563538	0.5031947630143618	-y	-z	False	False	False	False	lh3	handbox_surface
box026_039_p2	box026	e091_box026_20231018_039_p2	E092_C2_FAIL_low_support	33	52	right	True	0.1135844265841303	-0.197247	-0.22247945896746554	-0.25375111680727713	0.11730235636979328	-0.2813228557613671	-0.2181422923430771	0.179377880189735	-0.31708094523434716	-0.24039780763320212	0.1405806778022714	-0.2947321393137346	-0.26265332292332716	0.10178347541480783	-0.2723833333931221	-0.25375111680727713	0.11730235636979328	-0.2813228557613671	-0.26249778260221057	0.10202206803892687	-0.2552271435866988	-0.2775087857789466	0.06260971424655067	-0.24331906565285974	0.49462249428022353	0.02999999999999999	0.4331816077459219	0.4195336651514786	0.4062660650299835	-y	-z	False	False	False	False	rh3	handbox_surface
box026_039_p2	box026	e091_box026_20231018_039_p2	E092_C2_FAIL_low_support	34	53	left	True	0.12646747407758208	-0.197247	0.2104094650547163	0.22134248617284386	0.16785206833551322	-0.2895132894844448	0.19635974873076234	0.240931130646901	-0.3103774568914689	0.21197395963206328	0.19525671670228362	-0.2973373522620788	0.22758817053336422	0.14958230275766626	-0.2842972476326888	0.22134248617284386	0.16785206833551322	-0.2895132894844448	0.21592714645849237	0.13970772718101762	-0.276490927077138	0.23447295316558303	0.10006555568393928	-0.2742627308359691	0.6474390760467893	0.029999999999999978	0.5625770907249552	0.5234305568836105	0.5053966609951993	-y	-z	False	False	False	False	lh3	handbox_surface
box026_039_p2	box026	e091_box026_20231018_039_p2	E092_C2_FAIL_low_support	34	53	right	True	0.11564520210259988	-0.197247	-0.2194404785580791	-0.2644466216300436	0.13049119746991172	-0.26813102634996955	-0.22535801890503762	0.19085728974566019	-0.30317408615305286	-0.24978839560816637	0.1531284820733173	-0.28127217377612584	-0.27421877231129516	0.11539967440097454	-0.2593702613991987	-0.2644466216300436	0.13049119746991172	-0.26813102634996955	-0.27504131527756553	0.11604895708797788	-0.24224373743878	-0.29165750856312905	0.07728806026498747	-0.23032899169746912	0.510027304472497	0.02999999999999995	0.4513344683118509	0.4404337997008476	0.4287227132513144	-y	-z	False	False	False	False	rh3	handbox_surface
box026_039_p2	box026	e091_box026_20231018_039_p2	E092_C2_FAIL_low_support	35	54	left	True	0.12694072520124144	-0.197247	0.21170185827900317	0.22774330442984064	0.16531499847750483	-0.2935868404988231	0.19978404948511844	0.2361020347382492	-0.3182338597984483	0.2172585838255698	0.191860137075284	-0.30282947273618255	0.23473311816602122	0.14761823941231877	-0.2874250856739168	0.22774330442984064	0.16531499847750483	-0.2935868404988231	0.22397395239997014	0.13833867975064149	-0.2778045092663564	0.2433139617801554	0.09920891241351878	-0.2739008044585237	0.651386344887323	0.030000000000000034	0.5661809308277649	0.5270582464647375	0.5041926522022381	-y	-z	False	False	False	False	lh3	handbox_surface
box026_039_p2	box026	e091_box026_20231018_039_p2	E092_C2_FAIL_low_support	35	54	right	True	0.11428384610086736	-0.197247	-0.21788991843108063	-0.2613835813598351	0.13128566939699368	-0.27168357630145035	-0.22218424222900296	0.19064571560290625	-0.3082868101222202	-0.24668382918577303	0.15354568672421093	-0.285409788984239	-0.27118341614254315	0.11644565784551564	-0.2625327678462579	-0.2613835813598351	0.13128566939699368	-0.27168357630145035	-0.2725917926443496	0.1178908117227139	-0.24549328505463014	-0.28892955610315857	0.07943322933922854	-0.23228124470170813	0.5078504746286521	0.030000000000000044	0.448980037528076	0.4374149737867483	0.4268132975670419	-y	-z	False	False	False	False	rh3	handbox_surface
box026_039_p2	box026	e091_box026_20231018_039_p2	E092_C2_FAIL_low_support	36	55	left	True	0.1278677819406381	-0.197247	0.21027746797960442	0.23253052629081666	0.1633627970093464	-0.2981771744152747	0.2028735143498759	0.23184096683649769	-0.3270077467276435	0.22140914681296392	0.18904211069452811	-0.30898863903241297	0.23994477927605184	0.14624325455255863	-0.29096953133718245	0.23253052629081666	0.1633627970093464	-0.2981771744152747	0.2298458313098346	0.137860907104881	-0.27991634776177093	0.24949544598704623	0.09915674246154699	-0.2738919101773571	0.6539163202388841	0.029999999999999975	0.567895915691621	0.528370251316308	0.5034980541650879	-y	-z	False	False	False	False	lh3	handbox_surface
box026_039_p2	box026	e091_box026_20231018_039_p2	E092_C2_FAIL_low_support	36	55	right	True	0.11606899576817982	-0.197247	-0.21642943982863544	-0.2643636528716264	0.140443377254463	-0.2729702266623061	-0.22340231154786805	0.19648928690979797	-0.31273232580036214	-0.24900314987521704	0.16146059337521357	-0.2878810138390771	-0.27460398820256604	0.12643189984062925	-0.2630297018777921	-0.2643636528716264	0.140443377254463	-0.2729702266623061	-0.2764386304939168	0.12913993988187228	-0.24618581352908797	-0.2936465204833577	0.09195163408237977	-0.23064925658166477	0.5167728093643092	0.02999999999999996	0.4594752153242558	0.449730180148909	0.43995709787054665	-y	-z	False	False	False	False	rh3	handbox_surface
box026_039_p2	box026	e091_box026_20231018_039_p2	E092_C2_FAIL_low_support	37	56	left	True	0.12574014575129636	-0.197247	0.21011841665736103	0.24319663831038546	0.1655767511264808	-0.29936725451614016	0.21006750685879202	0.23219649052747546	-0.3287657403854262	0.2307732140160379	0.19055915340185384	-0.3103916867171224	0.2514789211732838	0.1489218162762322	-0.29201763304881856	0.24319663831038546	0.1655767511264808	-0.29936725451614016	0.24245996635938216	0.14092076363189712	-0.2798083342746433	0.26323240967076783	0.1028282831465236	-0.27365349103891323	0.6575380793234438	0.030000000000000065	0.5727228126712844	0.5337746946950451	0.5073535352319796	-y	-z	False	False	False	False	lh3	handbox_surface
box026_039_p2	box026	e091_box026_20231018_039_p2	E092_C2_FAIL_low_support	37	56	right	True	0.12073798004649672	-0.197247	-0.21584074358394542	-0.26054411565453806	0.14694261379360263	-0.2764712532791738	-0.21889457628723732	0.20330731799028773	-0.31505021116183124	-0.24492553839180028	0.16807937786735955	-0.2909383624851703	-0.2709565004963633	0.13285143774443134	-0.2668265138085094	-0.26054411565453806	0.14694261379360263	-0.2764712532791738	-0.2732416869274836	0.1355132045232837	-0.250030416389888	-0.29062929435801205	0.09819370156679459	-0.23501735624785713	0.5223148700228563	0.029999999999999975	0.4647709135668479	0.45454255697295604	0.44523694020601723	-y	-z	False	False	False	False	rh3	handbox_surface
box026_039_p2	box026	e091_box026_20231018_039_p2	E092_C2_FAIL_low_support	38	57	left	True	0.12363037457562225	-0.197247	0.21127848025815418	0.254388416195939	0.1568860428157502	-0.29554171506173316	0.21709949263312855	0.22211063924028612	-0.3230242222396325	0.2404050698598851	0.18134526647495114	-0.3058476552534454	0.2637106470866416	0.14057989370961613	-0.28867108826725824	0.254388416195939	0.1568860428157502	-0.29554171506173316	0.2560072887831831	0.13259728247394328	-0.2755805743499843	0.2782156432224106	0.09514345526280987	-0.2706395839381427	0.6514505919273802	0.029999999999999954	0.5694344710532308	0.5327276082037863	0.5049127894691849	-y	-z	False	False	False	False	lh3	handbox_surface
box026_039_p2	box026	e091_box026_20231018_039_p2	E092_C2_FAIL_low_support	38	57	right	True	0.1185345446518015	-0.197247	-0.21113880658037112	-0.2564978099744653	0.14533199774485137	-0.2751677017897392	-0.2138150639806359	0.20266129481531148	-0.31110563289091947	-0.24049178022677928	0.16683048414627397	-0.28864442595268175	-0.2671684964729226	0.13099967347723632	-0.26618321901444414	-0.2564978099744653	0.14533199774485137	-0.2751677017897392	-0.2701067302490853	0.13333685838735454	-0.2494404499221365	-0.28778724485424045	0.09563742213449546	-0.23577962720096393	0.5171648068579167	0.030000000000000034	0.4594532382093027	0.44905187197085605	0.44001073044867933	-y	-z	False	False	False	False	rh3	handbox_surface
box026_039_p2	box026	e091_box026_20231018_039_p2	E092_C2_FAIL_low_support	39	58	left	True	0.12269557143998534	-0.197247	0.21081649438549832	0.26513652155712497	0.15640448775250404	-0.28996255458512	0.22360766064298065	0.21854431301281446	-0.3184931667024889	0.24956319871432084	0.17970692222512052	-0.3006615341291334	0.2755187367856611	0.1408695314374265	-0.28282990155577775	0.26513652155712497	0.15640448775250404	-0.28996255458512	0.2692185449026969	0.133648261488093	-0.26859662335058604	0.2929297822181518	0.0972134864912818	-0.2630560492096127	0.6479193066920728	0.030000000000000117	0.5675471422679884	0.5343542750811154	0.5060548869038097	-y	-z	False	False	False	False	lh3	handbox_surface
box026_039_p2	box026	e091_box026_20231018_039_p2	E092_C2_FAIL_low_support	39	58	right	True	0.11906542418189403	-0.197247	-0.20801601727461638	-0.2514411626895522	0.14230745915907891	-0.2774064178771749	-0.20885485295331987	0.20037779649422857	-0.3122523953327093	-0.23547129653846507	0.16408383565976006	-0.29047365942300035	-0.26208774012361025	0.12778987482529153	-0.2686949235132912	-0.2514411626895522	0.14230745915907891	-0.2774064178771749	-0.26533898855814725	0.12998395157657644	-0.25199069115343137	-0.28278853108575613	0.09198672078698	-0.238868569152584	0.5128893856246173	0.030000000000000047	0.454587588351728	0.4434112868760218	0.43455943721395957	-y	-z	False	False	False	False	rh3	handbox_surface
box026_039_p2	box026	e091_box026_20231018_039_p2	E092_C2_FAIL_low_support	40	59	left	True	0.12490542902713762	-0.197247	0.211616968707376	0.27357268376789806	0.1636199497743795	-0.282788131613449	0.23014149406354062	0.22400682556980053	-0.3122356610944174	0.25728598762876403	0.1862650281976624	-0.29383095516881225	0.28443048119398745	0.14852323082552416	-0.2754262492432069	0.27357268376789806	0.1636199497743795	-0.282788131613449	0.27894169354010384	0.14201825820884828	-0.2605271248643526	0.30318040587138484	0.1060298140343228	-0.25438462729999245	0.6481386362644278	0.030000000000000034	0.5682365169946137	0.5378919827401741	0.5099206542034594	-y	-z	False	False	False	False	lh3	handbox_surface
box026_039_p2	box026	e091_box026_20231018_039_p2	E092_C2_FAIL_low_support	40	59	right	True	0.11868232408275615	-0.197247	-0.21038591239266052	-0.2501836862555064	0.144050775728575	-0.2773508701252365	-0.20740189430485215	0.20246015730286776	-0.3113811863388658	-0.23414051427401103	0.1659542938189348	-0.29011223870534747	-0.26087913424316994	0.12944843033500186	-0.2688432910718292	-0.2501836862555064	0.144050775728575	-0.2773508701252365	-0.2643832445842475	0.13156835269389242	-0.25218066499381764	-0.2818218468337973	0.09343643654915154	-0.23944024543172154	0.5125967442397491	0.030000000000000016	0.45419645969633266	0.4428755187241667	0.43438423519059566	-y	-z	False	False	False	False	rh3	handbox_surface
box026_039_p2	box026	e091_box026_20231018_039_p2	E092_C2_FAIL_low_support	41	60	left	True	0.12605763393931574	-0.197247	0.2158350718186831	0.2734427861804297	0.17038001576596692	-0.28098851196113306	0.22872930195462607	0.22933677768754895	-0.31139911129936887	0.2566752295957534	0.19248880148656017	-0.29239248671297147	0.28462115723688064	0.15564082528557138	-0.2733858621265742	0.2734427861804297	0.17038001576596692	-0.28098851196113306	0.28005032561819215	0.1501624126634747	-0.2577807392701097	0.3043192561662096	0.11432587377143398	-0.25091232924999146	0.6536437887003032	0.029999999999999964	0.5737061250024622	0.5463548603166569	0.5191829437682887	-y	-z	False	False	False	False	lh3	handbox_surface
box026_039_p2	box026	e091_box026_20231018_039_p2	E092_C2_FAIL_low_support	41	60	right	True	0.11900910555303795	-0.197247	-0.2134901087129469	-0.25374936973703316	0.14305725415934104	-0.2753644249890762	-0.21089208227138873	0.20066137573313608	-0.3106492388443108	-0.23767788693741645	0.16465879974951425	-0.28859623018478914	-0.2644636916034443	0.1286562237658923	-0.26654322152526744	-0.25374936973703316	0.14305725415934104	-0.2753644249890762	-0.2677475533697296	0.13101702493840467	-0.2498681251948233	-0.28535145330298306	0.09320070062377551	-0.23643330140079524	0.5136558653288835	0.030000000000000054	0.45604241936728457	0.4458289267707367	0.4372008815110845	-y	-z	False	False	False	False	rh3	handbox_surface
box026_039_p2	box026	e091_box026_20231018_039_p2	E092_C2_FAIL_low_support	42	61	left	True	0.12554131758373321	-0.197247	0.22087697024702777	0.27476530776535224	0.17114394736053828	-0.27922016567608626	0.2287868556293748	0.22761621541667162	-0.3123391161391651	0.2575233882143607	0.19232104788158827	-0.2916397720997409	0.28625992079934665	0.15702588034650505	-0.27094042806031665	0.27476530776535224	0.17114394736053828	-0.27922016567608626	0.2821465168572851	0.15258990462898223	-0.25488342356530946	0.30687951524037543	0.11745691631329994	-0.24625988085353	0.6571574712988991	0.030000000000000047	0.5770758299012902	0.5524075787447374	0.5261406187144235	-y	-z	False	False	False	False	lh3	handbox_surface
box026_039_p2	box026	e091_box026_20231018_039_p2	E092_C2_FAIL_low_support	42	61	right	True	0.1184310688621179	-0.197247	-0.21230525573286355	-0.25304452427187984	0.13521814373961363	-0.276733277190032	-0.20958137557195353	0.1902332029970601	-0.3152598648923936	-0.23674584350940744	0.1558487909611561	-0.2911807475784176	-0.26391031144686133	0.1214643789252521	-0.26710163026444156	-0.25304452427187984	0.13521814373961363	-0.276733277190032	-0.26760570158269054	0.12506292966138263	-0.2507367137584123	-0.2853754116743767	0.08827080342273443	-0.23489237666269877	0.5069996251380594	0.030000000000000075	0.45076393322085023	0.4427763899311951	0.434601213050574	-y	-z	False	False	False	False	rh3	handbox_surface
box026_039_p2	box026	e091_box026_20231018_039_p2	E092_C2_FAIL_low_support	43	62	left	True	0.12410767448655402	-0.197247	0.21614086260650295	0.2824662298552932	0.18195075766841068	-0.27065103991989026	0.23489222528496143	0.23617245720344543	-0.30524470102527845	0.26462597814141875	0.20228389499404875	-0.2836236628344108	0.29435973099787616	0.16839533278465194	-0.2620026246435432	0.2824662298552932	0.18195075766841068	-0.27065103991989026	0.29035472649492894	0.16425338462004602	-0.2458400267631655	0.3161001292641551	0.13009878022659344	-0.2362979724305404	0.6550838958530184	0.029999999999999995	0.5755407841781154	0.5537132455692386	0.528152296396802	-y	-z	False	False	False	False	lh3	handbox_surface
box026_039_p2	box026	e091_box026_20231018_039_p2	E092_C2_FAIL_low_support	43	62	right	True	0.11962246131709599	-0.197247	-0.2153108266912619	-0.2538782039773349	0.1382010799708551	-0.277167632819372	-0.20766396575162424	0.18910922292948232	-0.3180651286561739	-0.23654786464269342	0.1572916335803403	-0.2925041937581727	-0.2654317635337626	0.1254740442311983	-0.2669432588601715	-0.2538782039773349	0.1382010799708551	-0.277167632819372	-0.2700873928568758	0.13064879774782182	-0.25126005097550197	-0.2891129162591489	0.09561183438877753	-0.23306920641697906	0.5084424841753925	0.029999999999999957	0.45505597364732514	0.4520024753858722	0.4432789120219058	-y	-z	False	False	False	False	rh3	handbox_surface
box026_039_p2	box026	e091_box026_20231018_039_p2	E092_C2_FAIL_low_support	44	63	left	True	0.12645436711887426	-0.197247	0.20764280871662683	0.282949147315541	0.18950466524985887	-0.26793761310890035	0.23351416950174275	0.24164395874167482	-0.3031182475932807	0.26441103063536664	0.2090569003092899	-0.28113035104054296	0.2953078917689906	0.17646984187690487	-0.2591424544878052	0.282949147315541	0.18950466524985887	-0.26793761310890035	0.29140330501556544	0.1723101861898099	-0.242959845527582	0.3183665232392472	0.13921317795323804	-0.2330610337443366	0.6503953429370108	0.03000000000000006	0.5713407057597674	0.5511625741767064	0.5259461720290782	-y	-z	False	False	False	False	lh3	handbox_surface
box026_039_p2	box026	e091_box026_20231018_039_p2	E092_C2_FAIL_low_support	44	63	right	True	0.11503088853021294	-0.197247	-0.21587539123047236	-0.24853606271956438	0.13048979122621468	-0.2804852242193677	-0.20255454183494478	0.17957000668037812	-0.32380764552877983	-0.231292992387832	0.14889487202152601	-0.29673113221039726	-0.26003144294071934	0.11821973736267388	-0.2696546188920147	-0.24853606271956438	0.13048979122621468	-0.2804852242193677	-0.264946347261909	0.12424187851687159	-0.25435777283348787	-0.28369483893401487	0.09006339769180423	-0.23433799070636965	0.49627822530322174	0.03000000000000009	0.4430347048621768	0.44088553013919957	0.43288841510848947	-y	-z	False	False	False	False	rh3	handbox_surface
box026_039_p2	box026	e091_box026_20231018_039_p2	E092_C2_FAIL_low_support	45	64	left	True	0.12854052312859796	-0.197247	0.20892473817097929	0.28102742613805626	0.19472027284384824	-0.2673442524701802	0.23082294237259543	0.24690622554316016	-0.3013462546275351	0.26220074472600846	0.21429000510609017	-0.28009500327918824	0.2935785470794215	0.18167378466902018	-0.2588437519308414	0.28102742613805626	0.19472027284384824	-0.2673442524701802	0.28994204587176925	0.17736857441115642	-0.2426367661064499	0.31720310851790007	0.14431959822467225	-0.2334165056796163	0.6529686584646675	0.02999999999999997	0.5742001848252815	0.5543566028638858	0.5291228165125261	-y	-z	False	False	False	False	lh3	handbox_surface
box026_039_p2	box026	e091_box026_20231018_039_p2	E092_C2_FAIL_low_support	45	64	right	True	0.11223298915344444	-0.197247	-0.21147814479739657	-0.24851729646374257	0.12873369279346575	-0.2805660739644308	-0.20173177737671583	0.17645124993310016	-0.3245450455802291	-0.2309727268061076	0.14662777672082858	-0.2970581883203552	-0.26021367623549924	0.11680430350855714	-0.2695713310604812	-0.24851729646374257	0.12873369279346575	-0.2805660739644308	-0.26522107310832693	0.12321006055912458	-0.2544614594173169	-0.2844359627601548	0.08964453646743772	-0.23385539778428613	0.49331933813859336	0.029999999999999978	0.4406317948166069	0.43931008374121605	0.43080991047576406	-y	-z	False	False	False	False	rh3	handbox_surface
box026_039_p2	box026	e091_box026_20231018_039_p2	E092_C2_FAIL_low_support	46	65	left	True	0.13083493802141674	-0.197247	0.2085338172800258	0.2774528873120122	0.19680472072315458	-0.26948988773868926	0.22729753828827218	0.25036622888159205	-0.30135845858992866	0.25864463142810973	0.21689028628256862	-0.2814406018079041	0.2899917245679472	0.18341434368354523	-0.26152274502587947	0.2774528873120122	0.19680472072315458	-0.26948988773868926	0.28678569835523315	0.17902040483388254	-0.2452488375904012	0.31362500006190813	0.14532008781058514	-0.23722673796891663	0.654155899597915	0.03	0.5754495287756042	0.5556706785622091	0.5304309887049933	-y	-z	False	False	False	False	lh3	handbox_surface
box026_039_p2	box026	e091_box026_20231018_039_p2	E092_C2_FAIL_low_support	46	65	right	True	0.11109148447318201	-0.197247	-0.21160985204788896	-0.2550444306122967	0.1353180176615683	-0.2762228538301887	-0.20632420583109684	0.18209180667037192	-0.31910119753688154	-0.23677434631934677	0.15285818853986963	-0.29230223272019845	-0.26722448680759675	0.12362457040936747	-0.26550326790351547	-0.2550444306122967	0.1353180176615683	-0.2762228538301887	-0.2728088919231368	0.13031174603569784	-0.2507211141513066	-0.26113445870994667	0.12947129403546795	-0.270863060866852	0.5000955304480124	0.02999999999999995	0.44898500888872417	0.4479523160029581	0.4405899576203022	-y	-z	False	False	False	False	rh2	handbox_surface
box026_039_p2	box026	e091_box026_20231018_039_p2	E092_C2_FAIL_low_support	47	66	left	True	0.13110999849909308	-0.197247	0.20781577319983885	0.27353401462265803	0.19780364732297245	-0.2718521794584004	0.22486650277989487	0.2541429196861116	-0.30113288437864694	0.25528369768162185	0.21893087445914963	-0.28283244380349293	0.28570089258334885	0.1837188292321877	-0.26453200322833886	0.27353401462265803	0.19780364732297245	-0.2718521794584004	0.2829234402731713	0.17928400239722372	-0.24819053953874629	0.3083638724863943	0.1442162794346788	-0.24159866719954692	0.6552547623684679	0.030000000000000065	0.5762154018171237	0.5560921176316559	0.5308924928496517	-y	-z	False	False	False	False	lh3	handbox_surface
box026_039_p2	box026	e091_box026_20231018_039_p2	E092_C2_FAIL_low_support	47	66	right	True	0.11199947804048167	-0.197247	-0.21290898470412586	-0.25203056960426107	0.1393542007827944	-0.27665101976071277	-0.20401586415339834	0.18884092270042296	-0.317217661405224	-0.23402505506018756	0.15791172150190508	-0.2918635103774045	-0.2640342459669767	0.12698252030338728	-0.26650935934958503	-0.25203056960426107	0.1393542007827944	-0.27665101976071277	-0.2694466976204117	0.13273524303396805	-0.2512769099014467	-0.2892490439084028	0.09834567522511528	-0.2326841458434427	0.5021001016636985	0.029999999999999975	0.4493987821262839	0.44797329991112617	0.4397385708740807	-y	-z	False	False	False	False	rh3	handbox_surface
box026_039_p2	box026	e091_box026_20231018_039_p2	E092_C2_FAIL_low_support	48	67	left	True	0.13052334437753738	-0.197247	0.2095372821697609	0.2695816579642913	0.19313412449784564	-0.2740055711422369	0.22414024857776943	0.2527433943398845	-0.3019664949800773	0.2525411294443456	0.2154876006886102	-0.284490917581427	0.2809420103109218	0.17823180703733588	-0.26701534018277684	0.2695816579642913	0.19313412449784564	-0.2740055711422369	0.2785990551527622	0.17424567901291116	-0.2504912150800838	0.30150391863986065	0.1373716174440705	-0.24448418769838948	0.6552114564227307	0.02999999999999996	0.575070005252564	0.554590845253446	0.5298171552950637	-y	-z	False	False	False	False	lh3	handbox_surface
box026_039_p2	box026	e091_box026_20231018_039_p2	E092_C2_FAIL_low_support	48	67	right	True	0.11696441250885696	-0.197247	-0.21813007857965583	-0.2516228773710919	0.14954586727180133	-0.27675463488674823	-0.20435586632750277	0.20170960101889182	-0.31476482494899183	-0.23389774822974596	0.16910726742696028	-0.2910084561600896	-0.26343963013198923	0.13650493383502876	-0.26725208737118733	-0.2516228773710919	0.14954586727180133	-0.27675463488674823	-0.26852905003076144	0.14118838417383153	-0.2515492511329866	-0.2880107922502435	0.10559919865133294	-0.23498610644833715	0.5124753291806955	0.030000000000000034	0.4584393383126795	0.4544908824319061	0.44698629439178783	-y	-z	False	False	False	False	rh3	handbox_surface
box026_039_p2	box026	e091_box026_20231018_039_p2	E092_C2_FAIL_low_support	49	68	left	True	0.12950765797893848	-0.197247	0.21098008115776912	0.2638401027708569	0.1856084607894528	-0.27625216207340625	0.22204423680969723	0.24813774103798591	-0.30351375960834875	0.24816665303542207	0.2090569408826527	-0.28647526114900973	0.2742890692611469	0.16997614072731945	-0.2694367626896707	0.2638401027708569	0.1856084607894528	-0.27625216207340625	0.2726066219224896	0.16666917662135403	-0.2526838905399704	0.2926103423583832	0.12812699626242754	-0.24678769958204771	0.6531651147100122	0.02999999999999997	0.5717835925712739	0.5514605762312574	0.5273973678288473	-y	-z	False	False	False	False	lh3	handbox_surface
box026_039_p2	box026	e091_box026_20231018_039_p2	E092_C2_FAIL_low_support	49	68	right	True	0.11951817737410173	-0.197247	-0.21863347629672075	-0.24651821204065005	0.15282940398252665	-0.2782852745175721	-0.2018051534957235	0.20963144358219515	-0.31255290783059314	-0.22975081508630268	0.17413016883240232	-0.29113563700995493	-0.2576964766768818	0.1386288940826096	-0.2697183661893168	-0.24651821204065005	0.15282940398252665	-0.2782852745175721	-0.2622923981417707	0.14161401374606886	-0.2534585219591528	-0.2803934822858791	0.10409760933573985	-0.23984469366457115	0.5149430977616501	0.02999999999999992	0.4576545847640246	0.44820705226286117	0.44162667263899485	-y	-z	False	False	False	False	rh3	handbox_surface
box026_039_p2	box026	e091_box026_20231018_039_p2	E092_C2_FAIL_low_support	50	69	left	True	0.12918496046988684	-0.197247	0.21256026444817752	0.26250497433667375	0.177629088878427	-0.2709789835638005	0.2230382534840437	0.24239559407349454	-0.2964284973107836	0.2477049540169375	0.20191652832657733	-0.2805225512189192	0.27237165454983125	0.16143746257966013	-0.26461660512705476	0.26250497433667375	0.177629088878427	-0.2709789835638005	0.271424341360609	0.1583214301390346	-0.24776969723687528	0.2894089273815849	0.11868762974084544	-0.2426579365264816	0.6453752197928794	0.03000000000000005	0.5638849549510245	0.544443935696622	0.5207703260818134	-y	-z	False	False	False	False	lh3	handbox_surface
box026_039_p2	box026	e091_box026_20231018_039_p2	E092_C2_FAIL_low_support	50	69	right	True	0.12052505772689814	-0.197247	-0.21667380371369868	-0.2486072640609455	0.15675707032056585	-0.2724139949555544	-0.2041882509175657	0.21658378043886148	-0.30152955828154354	-0.23195013413217808	0.17919208661492672	-0.2833323312028004	-0.25971201734679045	0.14180039279099194	-0.2651351041240571	-0.2486072640609455	0.15675707032056585	-0.2724139949555544	-0.26426988894354253	0.14328825656027097	-0.24866003095828967	-0.282203561661857	0.10463016627106894	-0.23844232055281805	0.5199889480504256	0.03000000000000004	0.46174394520739187	0.4505928196671005	0.44314527726607894	-y	-z	False	False	False	False	rh3	handbox_surface
box026_039_p2	box026	e091_box026_20231018_039_p2	E092_C2_FAIL_low_support	51	70	left	True	0.12807838322475548	-0.197247	0.21585955235619725	0.26319172781234573	0.16730696810102846	-0.26668760074048947	0.2247741003795554	0.23223678472312625	-0.2932997185790993	0.2487851175250494	0.1916556493343151	-0.2766671449299682	0.27279613467054337	0.15107451394550403	-0.2600345712808369	0.26319172781234573	0.16730696810102846	-0.26668760074048947	0.27206644770856947	0.1484507440344641	-0.24309323856168094	0.2892327544167116	0.10856886765137466	-0.23716302641744302	0.6390601958378483	0.029999999999999923	0.5572448612982028	0.5385541734691611	0.5153473933497079	-y	-z	False	False	False	False	lh3	handbox_surface
box026_039_p2	box026	e091_box026_20231018_039_p2	E092_C2_FAIL_low_support	51	70	right	True	0.12241311915690208	-0.197247	-0.21573765375495604	-0.23782544753942347	0.14761637109890144	-0.2761520413574948	-0.19581349608357	0.21085111353157648	-0.30137828333572575	-0.2220709657434784	0.17132939951115458	-0.28561188209933147	-0.24832843540338678	0.1318076854907327	-0.2698454808629372	-0.23782544753942347	0.14761637109890144	-0.2761520413574948	-0.2527831684935779	0.1319975354136782	-0.25327637473111114	-0.26924821037703317	0.09211247198359383	-0.2456245593347487	0.5093135132833024	0.030000000000000037	0.4486521265125938	0.4342182356477768	0.4255148211763378	-y	-z	False	False	False	False	rh3	handbox_surface
box026_039_p2	box026	e091_box026_20231018_039_p2	E092_C2_FAIL_low_support	52	71	left	True	0.1255443324640844	-0.197247	0.21482065478725712	0.2629176995976236	0.16388480905662242	-0.26741810529120386	0.22461664013982643	0.22838203098363943	-0.2952234502469387	0.2485548023009497	0.1880712672792538	-0.27784510964960446	0.2724929644620729	0.14776050357486825	-0.2604667690522701	0.2629176995976236	0.16388480905662242	-0.26741810529120386	0.27181791921762755	0.1454892194474635	-0.24347233030777943	0.28887376164844497	0.10568006408192428	-0.23678331289360052	0.6374333676838153	0.03000000000000002	0.5554107805689104	0.5374129288847108	0.5145941913315344	-y	-z	False	False	False	False	lh3	handbox_surface
box026_039_p2	box026	e091_box026_20231018_039_p2	E092_C2_FAIL_low_support	52	71	right	True	0.12514111743096043	-0.197247	-0.21515455813475343	-0.23648524479791821	0.1441003779964677	-0.27766367057074254	-0.19583044011885267	0.2082755776818407	-0.30273817159966704	-0.2212396930432686	0.16816607787848253	-0.2870666084565892	-0.24664894596768455	0.12805657807512438	-0.2713950453135114	-0.23648524479791821	0.1441003779964677	-0.27766367057074254	-0.25066862483396096	0.12787803005880347	-0.25471492929701794	-0.2664986813616883	0.08767106613784362	-0.24741592042639787	0.5086037026319215	0.030000000000000002	0.44720545205030793	0.43182702552307806	0.42221867980750005	-y	-z	False	False	False	False	rh3	handbox_surface
box026_039_p2	box026	e091_box026_20231018_039_p2	E092_C2_FAIL_low_support	53	72	left	True	0.12667372929950185	-0.197247	0.21715595648998834	0.2643298616928732	0.16831305693858553	-0.2690526002177324	0.22591221923657287	0.23210862847259628	-0.29827946800661465	0.24992324577176056	0.19223639626383954	-0.28001267563856325	0.2739342723069482	0.1523641640550829	-0.26174588327051196	0.2643298616928732	0.16831305693858553	-0.2690526002177324	0.2730194987043	0.15030840941360255	-0.24473522696278438	0.2903079549072184	0.11073899340897034	-0.23726634718855927	0.6434783664183558	0.03000000000000002	0.5609505754844575	0.5426541338011689	0.5200049172658958	-y	-z	False	False	False	False	lh3	handbox_surface
box026_039_p2	box026	e091_box026_20231018_039_p2	E092_C2_FAIL_low_support	53	72	right	True	0.12626872388469715	-0.197247	-0.21315838590268485	-0.23571583701672527	0.14532138448093315	-0.2801106053580263	-0.1956598764625824	0.20938029399951366	-0.30641604463159205	-0.22069485180892176	0.1693434755504008	-0.2899751450856135	-0.245729827155261	0.12930665710128797	-0.27353424553963485	-0.23571583701672527	0.14532138448093315	-0.2801106053580263	-0.24965205518904032	0.1293596697525486	-0.25683007585612044	-0.26515574289130583	0.08916185285551145	-0.24881525506905997	0.5105615674076327	0.02999999999999993	0.44866367159534953	0.4325737873954123	0.42287922772630715	-y	-z	False	False	False	False	rh3	handbox_surface
box026_039_p2	box026	e091_box026_20231018_039_p2	E092_C2_FAIL_low_support	54	73	left	True	0.12860902395641854	-0.197247	0.21862679717546762	0.26524607895353275	0.17877766646907242	-0.2698825648119355	0.22693321823994542	0.2428690276323378	-0.2985953168253029	0.2508787561859375	0.20281192690529698	-0.2806498468169482	0.2748242941319296	0.16275482617825615	-0.2627043768085937	0.26524607895353275	0.17877766646907242	-0.2698825648119355	0.2737304608079489	0.16044733879532377	-0.24573663103767113	0.29107098764706546	0.12082922731688392	-0.23865673430583376	0.6513633391989647	0.029999999999999992	0.5685951172884018	0.5494739108947504	0.5266444338312961	-y	-z	False	False	False	False	lh3	handbox_surface
box026_039_p2	box026	e091_box026_20231018_039_p2	E092_C2_FAIL_low_support	54	73	right	True	0.1267148744919761	-0.197247	-0.21063060752273727	-0.23138077778743465	0.1477506855478397	-0.28366396029068736	-0.19293058158731277	0.21280370128709564	-0.30992586340908806	-0.21696195421238898	0.17214556645006066	-0.2935121739600876	-0.24099332683746508	0.1314874316130258	-0.27709848451108715	-0.23138077778743465	0.1477506855478397	-0.28366396029068736	-0.2449183834579377	0.13143304086432	-0.2603949836780779	-0.25941604261328144	0.09085648928777512	-0.2524057716344985	0.51130615563668	0.029999999999999985	0.44768828248634746	0.42929912146382937	0.4192177911067649	-y	-z	False	False	False	False	rh3	handbox_surface
box026_039_p2	box026	e091_box026_20231018_039_p2	E092_C2_FAIL_low_support	55	74	left	True	0.13019242402246442	-0.197247	0.21095161252837144	0.26143916598195177	0.18870305781064575	-0.27419218396564526	0.2224557453723775	0.25393052721921905	-0.29920558341735226	0.2468203832533614	0.21316335883886073	-0.28357220876003536	0.27118502113434534	0.17239619045850238	-0.26793883410271846	0.26143916598195177	0.18870305781064575	-0.27419218396564526	0.2702480330822327	0.1691969693256762	-0.2511069475939762	0.28791467319737857	0.12938870502443028	-0.2462483998404009	0.6531405310791042	0.03	0.5711691078661418	0.5513123478063836	0.5277491633716552	-y	-z	False	False	False	False	lh3	handbox_surface
box026_039_p2	box026	e091_box026_20231018_039_p2	E092_C2_FAIL_low_support	55	74	right	True	0.12469611361227871	-0.197247	-0.21125570014985112	-0.22360559363369115	0.140653986301969	-0.2865836721652354	-0.18982900869913608	0.20891304925134205	-0.31107535719163426	-0.21093937428323298	0.16625113490798388	-0.29576805405013495	-0.23204973986732996	0.1235892205646257	-0.28046075090863587	-0.22360559363369115	0.140653986301969	-0.2865836721652354	-0.23535149507788747	0.12256403679516457	-0.2636541040487119	-0.24726234999815389	0.08090650494626413	-0.25707780241086026	0.5019207235990639	0.030000000000000037	0.43476058364063963	0.41218852173842924	0.40044998476713967	-y	-z	False	False	False	False	rh3	handbox_surface
box026_039_p2	box026	e091_box026_20231018_039_p2	E092_C2_FAIL_low_support	56	75	left	True	0.13011036529530517	-0.197247	0.20374068822292776	0.25819433354380394	0.192711754586183	-0.27646867023431904	0.21816813412188737	0.2584847975580017	-0.29818986214600446	0.2431845087605852	0.21737664570061496	-0.28461411720120106	0.26820088339928305	0.17626849384322826	-0.2710383722563977	0.25819433354380394	0.192711754586183	-0.27646867023431904	0.2674187801952073	0.1722793579199526	-0.2543680250772445	0.2856535516814396	0.13253628990891558	-0.2514705745039501	0.6505297421911733	0.029999999999999995	0.5696756987334638	0.5496578585690874	0.5254249240882206	-y	-z	False	False	False	False	lh3	handbox_surface
box026_039_p2	box026	e091_box026_20231018_039_p2	E092_C2_FAIL_low_support	56	75	right	True	0.12501782371918255	-0.197247	-0.21512639750991588	-0.2356212073923909	0.1376285783225868	-0.2804788123065023	-0.20131167966902108	0.20478786676718533	-0.3071712509926645	-0.22275513449612727	0.1628133114893112	-0.290488476813813	-0.2441985893232333	0.12083875621143704	-0.2738057026349617	-0.2356212073923909	0.1376285783225868	-0.2804788123065023	-0.24796208714380608	0.12058263753546157	-0.2570669316142397	-0.25996994653313965	0.07923645252094098	-0.24889561192052884	0.5062300873838044	0.02999999999999989	0.44085901113707565	0.4202258205882107	0.41028836136293056	-y	-z	False	False	False	False	rh3	handbox_surface
box026_039_p2	box026	e091_box026_20231018_039_p2	E092_C2_FAIL_low_support	57	76	left	True	0.13741444185488344	-0.197247	0.18450602124850662	0.23693002950703446	0.19036414694577036	-0.2906313383880508	0.1973067013575333	0.2570805260304376	-0.3100971193430484	0.22207128145097152	0.21538278910252065	-0.29793100624617497	0.2468358615444097	0.1736850521746036	-0.2857648931493015	0.23693002950703446	0.19036414694577036	-0.2906313383880508	0.24646429112412516	0.16942161418247767	-0.2691483231717228	0.2641700222927366	0.1293716748317416	-0.26743864258841776	0.6404495365312498	0.030000000000000138	0.5588664610124989	0.5369891155781331	0.5124463666929259	-y	-z	False	False	False	False	lh3	handbox_surface
box026_039_p2	box026	e091_box026_20231018_039_p2	E092_C2_FAIL_low_support	57	76	right	True	0.11989241974663267	-0.197247	-0.22298560194376962	-0.24608825796466954	0.1322659038505182	-0.2767111495623707	-0.21407166444261427	0.19968539223014942	-0.30551306487840935	-0.23408203539389882	0.15754821199287983	-0.28751186780588517	-0.2540924063451834	0.11541103175561036	-0.269510670733361	-0.24608825796466954	0.1322659038505182	-0.2767111495623707	-0.2574501169446948	0.1153965495126795	-0.25268386064646786	-0.26824775169649795	0.07394472262551453	-0.24343057477662894	0.5053129686948644	0.029999999999999926	0.4396777276884199	0.41870676242957655	0.4092262183110983	-y	-z	False	False	False	False	rh3	handbox_surface
box026_039_p2	box026	e091_box026_20231018_039_p2	E092_C2_FAIL_low_support	58	77	left	True	0.13643443549833004	-0.197247	0.17004115865585548	0.2183851312165617	0.18714876246614148	-0.2969803788156404	0.1796794680068089	0.25482310185519913	-0.31492628151647545	0.2038705075129044	0.21252663973703814	-0.3037100923284536	0.22806154701899992	0.17023017761887713	-0.29249390314043167	0.2183851312165617	0.18714876246614148	-0.2969803788156404	0.22780466115522785	0.16570685317473102	-0.27594401155360593	0.24484868258114048	0.12534400583635336	-0.27507484282340877	0.6300018312999515	0.030000000000000075	0.5478073996089813	0.5242990320521769	0.4994833297188773	-y	-z	False	False	False	False	lh3	handbox_surface
box026_039_p2	box026	e091_box026_20231018_039_p2	E092_C2_FAIL_low_support	58	77	right	True	0.11971710388489491	-0.197247	-0.2306594518503693	-0.27064227237679994	0.13976263592851462	-0.2612043615212543	-0.23582036280077287	0.2040692182591379	-0.29364042297195725	-0.25758405628578973	0.16387760430249837	-0.27336788456526795	-0.2793477497708067	0.12368599034585875	-0.25309534615857865	-0.27064227237679994	0.13976263592851462	-0.2612043615212543	-0.2812816508599949	0.12410678863245968	-0.23605131719577088	-0.2945685559241642	0.08376347580182275	-0.22526514866515168	0.5240144611780706	0.030000000000000086	0.4625954653223053	0.4469533925888534	0.4373221050242681	-y	-z	False	False	False	False	rh3	handbox_surface
box026_039_p2	box026	e091_box026_20231018_039_p2	E092_C2_FAIL_low_support	59	78	left	True	0.13336825969755686	-0.197247	0.21271445906463346	0.2622703474923329	0.20475343915671748	-0.2706458038413326	0.22122400220444305	0.2711061756915801	-0.2883238097481772	0.24687796800937423	0.22963571535729096	-0.27727505605639935	0.2725319338143054	0.18816525502300174	-0.2662263023646216	0.2622703474923329	0.20475343915671748	-0.2706458038413326	0.27166224051965193	0.18304463484488923	-0.24987245729765212	0.2906148244125218	0.14353459951830375	-0.2494598579939775	0.659699197726049	0.030000000000000013	0.580312134956977	0.5594540541258114	0.5341654213624186	-y	-z	False	False	False	False	lh3	handbox_surface
box026_039_p2	box026	e091_box026_20231018_039_p2	E092_C2_FAIL_low_support	59	78	right	True	0.11907633526377735	-0.197247	-0.2099385986603961	-0.23655390582809246	0.13419964107007712	-0.27745930405327257	-0.20030567463681856	0.2004928373013776	-0.30375146769459843	-0.22296081913136476	0.15905958965681483	-0.2873188654187697	-0.24561596362591098	0.11762634201225201	-0.27088626314294123	-0.23655390582809246	0.13419964107007712	-0.27745930405327257	-0.2496083247418378	0.1174804746394712	-0.2541992699046315	-0.26270247060996255	0.07644098087483163	-0.2461513221269569	0.4999315018111912	0.030000000000000034	0.4356545193708046	0.4165250344885908	0.406767752925203	-y	-z	False	False	False	False	rh3	handbox_surface
box026_039_p2	box026	e091_box026_20231018_039_p2	E092_C2_FAIL_low_support	60	79	left	True	0.1324351056716203	-0.197247	0.21084183860310188	0.26037957219735136	0.20397875749697042	-0.27144503052726676	0.2197274638846487	0.2707703310832124	-0.2883651897347306	0.24513503158008784	0.22902559759181124	-0.27779009023006573	0.270542599275527	0.18728086410040995	-0.26721499072540084	0.26037957219735136	0.20397875749697042	-0.27144503052726676	0.26998836009401556	0.1822131047449852	-0.2508309741252236	0.288475568187173	0.14248114532251166	-0.25074095589979833	0.6581570957094256	0.0300000000000001	0.5788669892169549	0.5586442429529233	0.5335356254337185	-y	-z	False	False	False	False	lh3	handbox_surface
box026_039_p2	box026	e091_box026_20231018_039_p2	E092_C2_FAIL_low_support	60	79	right	True	0.12010427175477825	-0.197247	-0.21303659925898727	-0.24001795394677475	0.13743482453700478	-0.27538302815285126	-0.20271703576516076	0.2030099496244332	-0.3020015268441122	-0.2260301096286695	0.16202549644479047	-0.2853649651620741	-0.24934318349217824	0.12104104326514774	-0.26872840348003596	-0.24001795394677475	0.13743482453700478	-0.27538302815285126	-0.25358715126741715	0.12115867065811609	-0.25210339613492605	-0.2672108272574258	0.08036144720165105	-0.24371005480573374	0.5041003165954023	0.03000000000000003	0.4408159306006724	0.4229132777607312	0.4139503481629321	-y	-z	False	False	False	False	rh3	handbox_surface
box026_039_p2	box026	e091_box026_20231018_039_p2	E092_C2_FAIL_low_support	61	80	left	True	0.13324964923907073	-0.197247	0.21178165646889371	0.2604457974543774	0.2046273216020738	-0.27095297481607594	0.22007334323693847	0.271651254670574	-0.28762202807323517	0.2453061271228378	0.22976129650276145	-0.2772038697875107	0.2705389110087371	0.18787133833494876	-0.26678571150178615	0.2604457974543774	0.2046273216020738	-0.27095297481607594	0.2701320430418293	0.18285592584917404	-0.25038127728524767	0.2883422234219682	0.14299613564963176	-0.2503766210008286	0.6587864482563057	0.030000000000000086	0.5794372102168064	0.5594417655886224	0.5344461323927673	-y	-z	False	False	False	False	lh3	handbox_surface
box026_039_p2	box026	e091_box026_20231018_039_p2	E092_C2_FAIL_low_support	61	80	right	True	0.12001785250794053	-0.197247	-0.21298127687495708	-0.238400548687191	0.13862999067077927	-0.2760209535130291	-0.2009442066787503	0.20396767713865735	-0.30300259857725725	-0.2243544204340257	0.1631316230962335	-0.2861390704121147	-0.2477646341893011	0.12229556905380977	-0.26927554224697203	-0.238400548687191	0.13862999067077927	-0.2760209535130291	-0.25235690480521994	0.12267582925386433	-0.25274731122619365	-0.26590830021276146	0.08194507376664277	-0.24392510017371735	0.5038026172135062	0.030000000000000006	0.4404492382219493	0.42249443984757395	0.41415655152821457	-y	-z	False	False	False	False	rh3	handbox_surface
box026_039_p2	box026	e091_box026_20231018_039_p2	E092_C2_FAIL_low_support	62	81	left	True	0.13304099489226662	-0.197247	0.21093667105480884	0.2611202972761773	0.2051780486753412	-0.2696677326902906	0.22084986924193326	0.2723674243054367	-0.28591212952048145	0.24601888676333578	0.2303740645366271	-0.27575938150161217	0.2711879042847382	0.18838070476781738	-0.2656066334827429	0.2611202972761773	0.2051780486753412	-0.2696677326902906	0.2709081413352477	0.18335029293222727	-0.24920413198552768	0.2889699349026902	0.14342352532381206	-0.24940010999552564	0.6576449090969014	0.030000000000000106	0.5784002039773352	0.5588263326049427	0.5339319072731746	-y	-z	False	False	False	False	lh3	handbox_surface
box026_039_p2	box026	e091_box026_20231018_039_p2	E092_C2_FAIL_low_support	62	81	right	True	0.1188079242903969	-0.197247	-0.213735635195301	-0.23927759325094372	0.13941920674267066	-0.27513933393058754	-0.20174124188477777	0.20483586121054084	-0.30181673343554355	-0.22520146148863143	0.16395045216812199	-0.28514335874494606	-0.2486616810924852	0.12306504312570303	-0.26846998405434863	-0.23927759325094372	0.13941920674267066	-0.27513933393058754	-0.25331010410123506	0.1233998077916743	-0.25195647249393405	-0.26688428068752124	0.08264308817917267	-0.24329057932946144	0.5038899879332289	0.030000000000000072	0.4405400746082192	0.42259847659419203	0.4143578048303759	-y	-z	False	False	False	False	rh3	handbox_surface
box026_039_p2	box026	e091_box026_20231018_039_p2	E092_C2_FAIL_low_support	63	82	left	True	0.13462173391994087	-0.197247	0.20839953626731542	0.2613032512532482	0.20384765110329237	-0.26927676326550914	0.2214803401760157	0.27124942839782434	-0.28574297627497636	0.24636965959928597	0.22912331758874177	-0.2754515931440593	0.2712589790225563	0.18699720677965934	-0.2651602100131422	0.2613032512532482	0.20384765110329237	-0.26927676326550914	0.27109858631792344	0.18212074386627197	-0.24870968571923724	0.2887960296857946	0.14203066976715648	-0.24871446882770962	0.6545159753948133	0.029999999999999947	0.5749577429636129	0.5555998177930996	0.5309414449331321	-y	-z	False	False	False	False	lh3	handbox_surface
box026_039_p2	box026	e091_box026_20231018_039_p2	E092_C2_FAIL_low_support	63	82	right	True	0.11866070266846647	-0.197247	-0.21228025825803176	-0.23736713315894464	0.13747017798696703	-0.2756775411473614	-0.20015543463522628	0.2033959929769687	-0.30154405252566635	-0.22341274621255033	0.16219235860821765	-0.2853774829142258	-0.24667005778987425	0.1209887242394666	-0.2692109133027852	-0.23736713315894464	0.13747017798696703	-0.2756775411473614	-0.2511438732267556	0.12101655202242545	-0.25264588481029476	-0.2646004181235135	0.08009660515969076	-0.2445870067185061	0.5015516934459284	0.03	0.437833619385864	0.41940011074453226	0.4105451440939994	-y	-z	False	False	False	False	rh3	handbox_surface
box026_039_p2	box026	e091_box026_20231018_039_p2	E092_C2_FAIL_low_support	64	83	left	True	0.13690721012764198	-0.197247	0.20671507310861212	0.260417929092579	0.2024775029297355	-0.26922601623777576	0.22059071054825	0.2700310297610333	-0.28504732072493416	0.24548272213845565	0.22781007549147222	-0.2751590054204601	0.27037473372866133	0.18558912122191099	-0.26527069011598614	0.260417929092579	0.2024775029297355	-0.26922601623777576	0.2703717073594304	0.18065552443429247	-0.24883642775079345	0.2879713023810275	0.14052372363271592	-0.2491625955113987	0.6516630930105034	0.030000000000000016	0.5722118901589175	0.5529820563302933	0.5283144479359193	-y	-z	False	False	False	False	lh3	handbox_surface
box026_039_p2	box026	e091_box026_20231018_039_p2	E092_C2_FAIL_low_support	64	83	right	True	0.11613874546220537	-0.197247	-0.2114900335632947	-0.23496635592836523	0.13561694733433852	-0.2760923574849482	-0.19924614536030297	0.20308229851005116	-0.3000191823413949	-0.22157127696534187	0.16091645402523075	-0.28506491680611573	-0.24389640857038078	0.11875060954041033	-0.2701106512708366	-0.23496635592836523	0.13561694733433852	-0.2760923574849482	-0.24804348299192205	0.11805456517840798	-0.2534753495334433	-0.2607344501762288	0.07664444545242706	-0.24679646458814164	0.49773726251054656	0.030000000000000037	0.4326139017837503	0.41242526258250667	0.4024333959131009	-y	-z	False	False	False	False	rh3	handbox_surface
box026_039_p2	box026	e091_box026_20231018_039_p2	E092_C2_FAIL_low_support	65	84	left	True	0.1376893054410186	-0.197247	0.2113817568517726	0.2684687628515684	0.196708487722424	-0.2616558226963544	0.23101883078526034	0.26557830402198196	-0.27760734272091825	0.2544250383267029	0.2225346688347583	-0.26763764270556584	0.2778312458681454	0.17949103364753452	-0.25766794269021337	0.2684687628515684	0.196708487722424	-0.2616558226963544	0.27743130813525535	0.17445903071294852	-0.24126841945977082	0.29376550614784	0.1337958422354699	-0.24160404431050136	0.6475364591853694	0.030000000000000086	0.567720754146822	0.5473373794301089	0.5224257022030215	-y	-z	False	False	False	False	lh3	handbox_surface
box026_039_p2	box026	e091_box026_20231018_039_p2	E092_C2_FAIL_low_support	65	84	right	True	0.1187951429083604	-0.197247	-0.21396694448297787	-0.22932999183892142	0.14480866944191054	-0.27638307145421753	-0.19171383807872944	0.21252285225891346	-0.2963784314588564	-0.2152239341788494	0.1702014879982867	-0.2838813314559572	-0.23873403027896936	0.1278801237376598	-0.2713842314530578	-0.22932999183892142	0.14480866944191054	-0.27638307145421753	-0.24314875457005988	0.12645131722935332	-0.25486500964023395	-0.2568850270730404	0.08507060075065598	-0.2504585042970709	0.5014729870055075	0.030000000000000093	0.4366533685416589	0.41685821663592654	0.40643195675316357	-y	-z	False	False	False	False	rh3	handbox_surface
box026_039_p2	box026	e091_box026_20231018_039_p2	E092_C2_FAIL_low_support	66	85	left	True	0.13466386372634054	-0.197247	0.21540246435741156	0.27189197093275974	0.17833794633715783	-0.25771265479783534	0.2388349186369548	0.24864566444934538	-0.27679290813393115	0.2594955763218329	0.20470334062922815	-0.2648677497988713	0.280156234006711	0.16076101680911095	-0.25294259146381143	0.27189197093275974	0.17833794633715783	-0.25771265479783534	0.27938015951810224	0.15646250716475305	-0.23634904183947866	0.2931709184550033	0.11489290945606769	-0.23486678673591416	0.6385972998746534	0.030000000000000006	0.5571942532843814	0.5354297267417951	0.510830725359564	-y	-z	False	False	False	False	lh3	handbox_surface
box026_039_p2	box026	e091_box026_20231018_039_p2	E092_C2_FAIL_low_support	66	85	right	True	0.1225146959155841	-0.197247	-0.21599690532981278	-0.22556363181841715	0.15068856112582119	-0.2768978683870734	-0.18612434266476874	0.21827068776755484	-0.29354715154388183	-0.21077389838579896	0.17603185861647128	-0.28314134957087667	-0.23542345410682916	0.1337930294653877	-0.2727355475978714	-0.22556363181841715	0.15068856112582119	-0.2768978683870734	-0.23944563176397154	0.13143190462184967	-0.25622303282048464	-0.25451254857730615	0.09033468321930092	-0.2541081856307963	0.5049027329831448	0.03000000000000001	0.4408426365713712	0.4223612475253119	0.4106141253022236	-y	-z	False	False	False	False	rh3	handbox_surface
box026_039_p2	box026	e091_box026_20231018_039_p2	E092_C2_FAIL_low_support	67	86	left	True	0.1347845132376344	-0.197247	0.21478547668315373	0.27413560041747814	0.1669931732524265	-0.2587046286768332	0.24498467462660162	0.23834974043847704	-0.28011639751916567	0.2632040032458995	0.19375188594719542	-0.26673404199270784	0.28142333186519736	0.1491540314559139	-0.25335168646625006	0.27413560041747814	0.1669931732524265	-0.2587046286768332	0.28038007149674016	0.14543144985981335	-0.23663405027049314	0.2918904690534192	0.10324332814904628	-0.23379033781765943	0.6334293497239958	0.02999999999999999	0.5505406074894351	0.5273461195863448	0.5030276790310777	-y	-z	False	False	False	False	lh3	handbox_surface
box026_039_p2	box026	e091_box026_20231018_039_p2	E092_C2_FAIL_low_support	67	86	right	True	0.1268565419367732	-0.197247	-0.21354057945229832	-0.21414488597951054	0.15836866706265787	-0.27673547485086475	-0.17552583839733574	0.2268830001237807	-0.29137635354837643	-0.199662743136195	0.18406154196057897	-0.2822258043624316	-0.22379964787505421	0.1412400837973771	-0.2730752551764869	-0.21414488597951054	0.15836866706265787	-0.27673547485086475	-0.22865567875510154	0.13879812247375312	-0.2568003740128115	-0.24280367894610774	0.09734493169978929	-0.2554099664616071	0.5066840315399929	0.030000000000000027	0.4409965854917784	0.4201239623931506	0.4089581456249227	-y	-z	False	False	False	False	rh3	handbox_surface
box026_039_p2	box026	e091_box026_20231018_039_p2	E092_C2_FAIL_low_support	68	87	left	True	0.13246678102096157	-0.197247	0.21675839360626115	0.27511884878743176	0.16224918552869164	-0.25887952882153953	0.2470020831879802	0.23265938702181518	-0.28441090203026537	0.26457506168763745	0.188653011088613	-0.2684537937748117	0.2821480401872947	0.1446466351554108	-0.252496685519358	0.27511884878743176	0.16224918552869164	-0.25887952882153953	0.2813648246841664	0.14205325595553836	-0.23555306360103637	0.2920692325050334	0.09990390954458647	-0.230143644386015	0.633878760617535	0.030000000000000016	0.5495799082612685	0.5276400695482635	0.5046038976043741	-y	-z	False	False	False	False	lh3	handbox_surface
box026_039_p2	box026	e091_box026_20231018_039_p2	E092_C2_FAIL_low_support	68	87	right	True	0.12785031040417208	-0.197247	-0.21241115264034724	-0.21336628186976903	0.16401161730600963	-0.2806801076551892	-0.17427869255580594	0.23262644590451115	-0.29349282235665736	-0.19870843587703282	0.18974217803044774	-0.2854848756682398	-0.22313817919825985	0.14685791015638422	-0.2774769289798221	-0.21336628186976903	0.16401161730600963	-0.2806801076551892	-0.22728468844041985	0.14362577178513158	-0.26114365892880176	-0.24206952534595633	0.10237218420331567	-0.2612712411059743	0.51160630144926	0.03000000000000007	0.4458171681958868	0.4253839642475461	0.4124614464076464	-y	-z	False	False	False	False	rh3	handbox_surface
box026_039_p2	box026	e091_box026_20231018_039_p2	E092_C2_FAIL_low_support	69	88	left	True	0.13324231508541062	-0.197247	0.2181820576019322	0.2766991961431246	0.16771470992279391	-0.25905870957784394	0.24709184758671743	0.2365322715254666	-0.28712199745581307	0.26559644043447195	0.1935212955237962	-0.2695824425320824	0.28410103328222647	0.15051031952212582	-0.25204288760835164	0.2766991961431246	0.16771470992279391	-0.25905870957784394	0.2834447384804911	0.14855497142867624	-0.23500847370953026	0.29499847942663365	0.10686060293837549	-0.22804397284772104	0.6388518473593648	0.03000000000000005	0.5539908983049452	0.5335871140356254	0.5114539224561679	-y	-z	False	False	False	False	lh3	handbox_surface
box026_039_p2	box026	e091_box026_20231018_039_p2	E092_C2_FAIL_low_support	69	88	right	True	0.12939292928444798	-0.197247	-0.21368462167764618	-0.21283785318761153	0.16715100228680782	-0.2828959920980615	-0.17417863275604883	0.23584422532757954	-0.29656002458831277	-0.19834064552577546	0.19291096092709722	-0.2880200042819057	-0.22250265829550217	0.1499776965266149	-0.27947998397549867	-0.21283785318761153	0.16715100228680782	-0.2828959920980615	-0.22632791654449994	0.14676118162551793	-0.26306543557704143	-0.24100649948382605	0.10547005211023086	-0.26284635990309624	0.5149352188767051	0.030000000000000054	0.4487228931341972	0.42784745434874044	0.4145894878493101	-y	-z	False	False	False	False	rh3	handbox_surface
box026_039_p2	box026	e091_box026_20231018_039_p2	E092_C2_FAIL_low_support	70	89	left	True	0.13682125986894247	-0.197247	0.22018241169019448	0.27854269005855886	0.18619214243020407	-0.26044129972150715	0.2470278055046363	0.2541582928839566	-0.2885022056949573	0.26672460835083794	0.21167944885036122	-0.2709641394615509	0.2864214111970395	0.16920060481676596	-0.25342607322814453	0.27854269005855886	0.18619214243020407	-0.26044129972150715	0.28560564421127493	0.16711876123318012	-0.23641355379602869	0.2984519124298309	0.12578991201336157	-0.22953509605230957	0.65216612548064	0.029999999999999926	0.5672269026379024	0.5470011215097266	0.5249513102429764	-y	-z	False	False	False	False	lh3	handbox_surface
box026_039_p2	box026	e091_box026_20231018_039_p2	E092_C2_FAIL_low_support	70	89	right	True	0.12861525485797376	-0.197247	-0.21416470934873638	-0.19394498265045326	0.16427975026047095	-0.28642116742228785	-0.16093254838540094	0.23591876852394913	-0.2997639649603101	-0.1815653198010587	0.19114438210927526	-0.2914247164990463	-0.20219809121671647	0.14636999569460146	-0.28308546803778234	-0.19394498265045326	0.16427975026047095	-0.28642116742228785	-0.20501618185980539	0.14245624251331035	-0.2666186265352638	-0.21670411502663536	0.10022190012284574	-0.2669631683157773	0.5030198438406049	0.030000000000000013	0.4319337928072592	0.4060449959218825	0.3910146160042489	-y	-z	False	False	False	False	rh3	handbox_surface
box026_039_p2	box026	e091_box026_20231018_039_p2	E092_C2_FAIL_low_support	71	90	left	True	0.13609262027914898	-0.197247	0.22329894951573223	0.28253091154719484	0.18974845530978432	-0.2567989216657845	0.24906218123785318	0.2561059430335282	-0.28640513578501525	0.2699801376811916	0.2146325132061882	-0.26790125196049597	0.29089809412453005	0.17315908337884833	-0.24939736813597677	0.28253091154719484	0.18974845530978432	-0.2567989216657845	0.2896911646153692	0.171197649860947	-0.23239379599291018	0.3040190564585573	0.13049584776720183	-0.224746025889069	0.6548650537670613	0.029999999999999968	0.5701670823721915	0.5505923558848409	0.5285542159773626	-y	-z	False	False	False	False	lh3	handbox_surface
box026_039_p2	box026	e091_box026_20231018_039_p2	E092_C2_FAIL_low_support	71	90	right	True	0.12212758786991564	-0.197247	-0.21363734319848232	-0.1861681383506621	0.14350940459596914	-0.28608037737805786	-0.1569098805686228	0.21621208324046878	-0.30215130981753857	-0.17519629168239734	0.17077290908765652	-0.29210697704286315	-0.1934827027961719	0.12533373493484423	-0.2820626442681877	-0.1861681383506621	0.14350940459596914	-0.28608037737805786	-0.19540713947647953	0.1216289158275702	-0.26541972304769085	-0.20525478515403384	0.07893665303518083	-0.2644919622052843	0.4795806775429932	0.030000000000000023	0.4064539494318307	0.37885399531895964	0.3632159865168742	-y	-z	False	False	False	False	rh3	handbox_surface
box026_039_p2	box026	e091_box026_20231018_039_p2	E092_C2_FAIL_low_support	72	91	left	True	0.12612542225268283	-0.197247	0.21901692164634992	0.28340938558650774	0.17942182940532178	-0.254465672904507	0.2492338356666523	0.24469872073679666	-0.2856258918667396	0.27059355436656196	0.20390066365462486	-0.26615075501534424	0.29195327306647156	0.16310260657245298	-0.24667561816394878	0.28340938558650774	0.17942182940532178	-0.254465672904507	0.29048849825419765	0.16136750747783693	-0.22966770142523887	0.30543406110124355	0.12105834015480325	-0.22116977539482552	0.6458933067692709	0.029999999999999985	0.5617354466576288	0.543366841621078	0.5212312843797788	-y	-z	False	False	False	False	lh3	handbox_surface
box026_039_p2	box026	e091_box026_20231018_039_p2	E092_C2_FAIL_low_support	72	91	right	True	0.10529730208749773	-0.197247	-0.21163237336565233	-0.18547908745551747	0.12309339405192993	-0.28507197944836554	-0.15810407847993818	0.19547540966096247	-0.30535627632946866	-0.17521345908967526	0.15023664990531713	-0.29267859077877917	-0.19232283969941233	0.10499789014967191	-0.28000090522808985	-0.18547908745551747	0.12309339405192993	-0.28507197944836554	-0.1950363175454278	0.10252702055513742	-0.26323940740325963	-0.2033182768951991	0.05966427454497613	-0.25941052744915627	0.45387185795628904	0.029999999999999995	0.37965565115319133	0.3499463081266644	0.336127019234436	-y	-z	False	False	False	False	rh3	handbox_surface
box026_039_p2	box026	e091_box026_20231018_039_p2	E092_C2_FAIL_low_support	73	92	left	True	0.12109011300469674	-0.197247	0.2177595505858257	0.2827789828190898	0.16622760025212477	-0.25387527055863457	0.2509014436903095	0.23219960296223724	-0.2859925144863132	0.2708249056457972	0.19096710126841693	-0.26591923703151404	0.2907483676012848	0.14973459957459664	-0.24584595957671496	0.2827789828190898	0.16622760025212477	-0.25387527055863457	0.289560702149912	0.14848046737533088	-0.22877428803840097	0.30287196147483286	0.10775818630791069	-0.21955909592100933	0.6380249729766835	0.030000000000000016	0.5534154645426118	0.5354293995149749	0.513366595232678	-y	-z	False	False	False	False	lh3	handbox_surface
box026_039_p2	box026	e091_box026_20231018_039_p2	E092_C2_FAIL_low_support	73	92	right	True	0.0984822612940091	-0.197247	-0.20439922908351102	-0.18611702041904407	0.12487156263737857	-0.2864632934299343	-0.1575573255849771	0.1968626578535577	-0.30650390321506826	-0.17540713485626905	0.15186822334344582	-0.2939785220993595	-0.1932569441275608	0.10687378883333379	-0.2814531409836507	-0.18611702041904407	0.12487156263737857	-0.2864632934299343	-0.1955593466523261	0.10422383706048864	-0.2646575264929169	-0.20477763830809143	0.06152147382363668	-0.26119379427997136	0.4526823281628379	0.03000000000000004	0.378413962797354	0.34929034334943593	0.33434420077947286	-y	-z	False	False	False	False	rh3	handbox_surface
box026_039_p2	box026	e091_box026_20231018_039_p2	E092_C2_FAIL_low_support	74	93	left	True	0.1206729622224405	-0.197247	0.2148401987803626	0.275750062463197	0.1532484618205461	-0.25848650376149035	0.24545608222519877	0.2200881310693047	-0.29034138370250284	0.2643898198739476	0.17831333778883054	-0.27043208373937	0.28332355752269656	0.1365385445083564	-0.2505227837762371	0.275750062463197	0.1532484618205461	-0.25848650376149035	0.2833878748714696	0.13586442678736427	-0.23337732389653168	0.29493116354645066	0.09468695911002291	-0.2238074645372069	0.6302295539525223	0.02999999999999996	0.5453408363351548	0.5280954219604583	0.5060718595784016	-y	-z	False	False	False	False	lh3	handbox_surface
box026_039_p2	box026	e091_box026_20231018_039_p2	E092_C2_FAIL_low_support	74	93	right	True	0.10129472747062179	-0.197247	-0.20373719915069669	-0.19297535388021514	0.13335296228789548	-0.28711286154525634	-0.16356834588734118	0.20561868241801354	-0.3048016595536712	-0.18194772588288738	0.16045260733668973	-0.2937461607984119	-0.20032710587843375	0.11528653225536602	-0.28269066204315246	-0.19297535388021514	0.13335296228789548	-0.28711286154525634	-0.20217046174815653	0.1119228038102039	-0.2659663283347334	-0.21215328357589916	0.06929150873622032	-0.2641272751608724	0.46505581347558356	0.030000000000000006	0.3914596113344592	0.3638239940198674	0.347795680525511	-y	-z	False	False	False	False	rh3	handbox_surface
box026_039_p2	box026	e091_box026_20231018_039_p2	E092_C2_FAIL_low_support	75	94	left	True	0.11554164202724096	-0.197247	0.21479886820945654	0.2750277024314844	0.15042826677835233	-0.25638102953030945	0.24475965852874562	0.21771588619669255	-0.2873038656116669	0.2636771859679573	0.17566112406022988	-0.2679770930608185	0.2825947134071691	0.1336063619237673	-0.2486503205099701	0.2750277024314844	0.15042826677835233	-0.25638102953030945	0.28318095418293654	0.13292938813266253	-0.2315148778793089	0.2944004924025025	0.09158327441823721	-0.22229346753363952	0.6277557145491945	0.030000000000000044	0.543427187006478	0.5268648670518284	0.5047277830173161	-y	-z	False	False	False	False	lh3	handbox_surface
box026_039_p2	box026	e091_box026_20231018_039_p2	E092_C2_FAIL_low_support	75	94	right	True	0.10424127573288709	-0.197247	-0.2057617493896106	-0.1918950566340634	0.13601357492247382	-0.28763471091123216	-0.16357717594302434	0.20962172923070138	-0.3010487801113016	-0.18127585137492364	0.16361663278805916	-0.2926649868612582	-0.19897452680682315	0.11761153634541695	-0.28428119361121496	-0.1918950566340634	0.13601357492247382	-0.28763471091123216	-0.19994686738228526	0.11293085409412786	-0.2678020633133631	-0.20974011218537142	0.07022822956705654	-0.2688240137194955	0.468289188455111	0.030000000000000075	0.39411825445510396	0.3677492645860992	0.34998832104088845	-y	-z	False	False	False	False	rh3	handbox_surface
box026_039_p2	box026	e091_box026_20231018_039_p2	E092_C2_FAIL_low_support	76	95	left	True	0.11044651389525573	-0.197247	0.21774837391548504	0.27770245606176097	0.1447250344764784	-0.25088146942148154	0.246114893906306	0.21093530550818929	-0.2827942556831458	0.26585712025346525	0.16955388611336994	-0.26284876426960563	0.2855993466006247	0.12817246671855068	-0.2429032728560655	0.27770245606176097	0.1447250344764784	-0.25088146942148154	0.2864920866650994	0.12789759523659686	-0.22576988945536525	0.298353571391522	0.08690454781772414	-0.21580551243978616	0.6242346961310937	0.03000000000000004	0.5405728437690326	0.5242588604155685	0.5020028935394855	-y	-z	False	False	False	False	lh3	handbox_surface
box026_039_p2	box026	e091_box026_20231018_039_p2	E092_C2_FAIL_low_support	76	95	right	True	0.10936724398328392	-0.197247	-0.21210530765790642	-0.1867273157840906	0.1299639794467545	-0.28743937340484993	-0.15995200285442981	0.20442874019077473	-0.299190204220353	-0.1766865734354679	0.15788826472576206	-0.2918459349606635	-0.19342114401650595	0.11134778926074948	-0.2845016657009741	-0.1867273157840906	0.1299639794467545	-0.28743937340484993	-0.1937678632634018	0.10608384692823	-0.2681741838133853	-0.2029682346626017	0.06329376131023329	-0.27037143364604116	0.46293240365556065	0.029999999999999968	0.38835235202323004	0.36254649610331585	0.3441325903714517	-y	-z	False	False	False	False	rh3	handbox_surface
box026_039_p2	box026	e091_box026_20231018_039_p2	E092_C2_FAIL_low_support	77	96	left	True	0.10851463947116563	-0.197247	0.22217737172611615	0.2795278797161219	0.14020921390918673	-0.25024103943161896	0.24745214019150358	0.2046775703080491	-0.28509757335537717	0.26749947739439	0.16438484755876015	-0.26331223965302825	0.28754681459727655	0.12409212480947109	-0.2415269059506794	0.2795278797161219	0.14020921390918673	-0.25024103943161896	0.288748856989921	0.12473721020853835	-0.22442239412414963	0.3007367650106704	0.08431305294670462	-0.21248124104472366	0.6259024960928891	0.030000000000000044	0.5418893562140326	0.5232906858288331	0.5011243857905331	-y	-z	False	False	False	False	lh3	handbox_surface
box026_039_p2	box026	e091_box026_20231018_039_p2	E092_C2_FAIL_low_support	77	96	right	True	0.10293202295847767	-0.197247	-0.2124909310123185	-0.18765309335828456	0.1235022247586395	-0.2892023958085822	-0.16084313704264036	0.19771985376384082	-0.3023541936780579	-0.17759935973991797	0.15133383563558991	-0.2941343200096355	-0.19435558243719556	0.1049478175073391	-0.28591444634121316	-0.18765309335828456	0.1235022247586395	-0.2892023958085822	-0.1934274865290864	0.09949942519026123	-0.26967038197756454	-0.20341047809400645	0.056869686517491816	-0.2715442624465181	0.4548319454678256	0.029999999999999905	0.3802239424456058	0.35664569168140936	0.3371067057384375	-y	-z	False	False	False	False	rh3	handbox_surface
box026_039_p2	box026	e091_box026_20231018_039_p2	E092_C2_FAIL_low_support	78	97	left	True	0.10515252895477978	-0.197247	0.21932956814974788	0.28191113169019144	0.1388108249300961	-0.25512159861403566	0.24932895260280377	0.19964724980623344	-0.2955855457053352	0.269692814532421	0.1616244842586476	-0.27029557877327304	0.29005667646203837	0.12360171871106174	-0.24500561184121075	0.28191113169019144	0.1388108249300961	-0.25512159861403566	0.2919257634635399	0.12607722481895917	-0.22812948227308164	0.3038553819026205	0.08699126218083832	-0.21230591458247974	0.6289634586296459	0.030000000000000016	0.5439196944378524	0.5188193959650409	0.4974034788710489	-y	-z	False	False	False	False	lh3	handbox_surface
box026_039_p2	box026	e091_box026_20231018_039_p2	E092_C2_FAIL_low_support	78	97	right	True	0.10606536654679549	-0.197247	-0.22000650331461505	-0.1991708172562516	0.12282962443093047	-0.2929033169496957	-0.16883898608998263	0.19441220609069884	-0.31176900063790464	-0.18779638056890066	0.1496730925533436	-0.299977948332774	-0.2067537750478188	0.10493397901598837	-0.2881868960276435	-0.1991708172562516	0.12282962443093047	-0.2929033169496957	-0.2049624293008957	0.10021081907766376	-0.27178876172773647	-0.21769454608599015	0.058291411353904504	-0.27072922118308757	0.4616315728515569	0.030000000000000034	0.3902473456791709	0.370623834441786	0.3512633500469741	-y	-z	False	False	False	False	rh3	handbox_surface
box026_039_p2	box026	e091_box026_20231018_039_p2	E092_C2_FAIL_low_support	79	98	left	True	0.10145037374470024	-0.197247	0.22506882244078313	0.2919070549048619	0.13438872489307774	-0.25234839992470093	0.2605755071989821	0.19411732786969746	-0.29536965170583274	0.2801577245151569	0.15678695100931017	-0.26848136934262534	0.29973994183133185	0.11945657414892279	-0.2415930869794181	0.2919070549048619	0.13438872489307774	-0.25234839992470093	0.302449986160826	0.12289684091400402	-0.2250025598561783	0.3131572492915312	0.08433563851472001	-0.20714753950667977	0.6331414908976484	0.030000000000000106	0.5478237569672129	0.5190738891417371	0.49836861691696127	-y	-z	False	False	False	False	lh3	handbox_surface
box026_039_p2	box026	e091_box026_20231018_039_p2	E092_C2_FAIL_low_support	79	98	right	True	0.11105802775506785	-0.197247	-0.21288039289599833	-0.19548243764756665	0.1217183945910995	-0.29474859478092247	-0.16221870104541514	0.19179976907073149	-0.31429660691280636	-0.18300853642175985	0.14799891002096155	-0.30207909933037896	-0.2037983717981046	0.1041980509711915	-0.28986159174795145	-0.19548243764756665	0.1217183945910995	-0.29474859478092247	-0.20115261792049893	0.09897801469629823	-0.2737318931886562	-0.2163251904703377	0.057880692402731096	-0.27260525641296046	0.46219724337400914	0.030000000000000072	0.3926395554752141	0.378616534828075	0.3582847442017638	-y	-z	False	False	False	False	rh3	handbox_surface
box026_039_p2	box026	e091_box026_20231018_039_p2	E092_C2_FAIL_low_support	80	99	left	True	0.09954438756479686	-0.197247	0.2272160795764909	0.29522867718225676	0.12886989820988462	-0.2519293593110248	0.264926429067898	0.18898690757215084	-0.2951464733349046	0.28386533413937215	0.15141377672073447	-0.26813577706997976	0.3028042392108465	0.11384064586931808	-0.24112508080505482	0.29522867718225676	0.12886989820988462	-0.2519293593110248	0.30667860826329196	0.11763031162532898	-0.22484463044848088	0.3161708744610469	0.07907624498298045	-0.20630024063166563	0.6331761290926553	0.030000000000000054	0.5478574522503011	0.5169559670181212	0.49683261382789023	-y	-z	False	False	False	False	lh3	handbox_surface
box026_039_p2	box026	e091_box026_20231018_039_p2	E092_C2_FAIL_low_support	80	99	right	True	0.1107613010666651	-0.197247	-0.20713917717866578	-0.19305069111525375	0.12577495017071474	-0.2960772921876585	-0.15716274497718905	0.1947927490455896	-0.31474809186144564	-0.1795927113134795	0.15165662474879277	-0.3030788420653287	-0.20202267764976997	0.10852050045199603	-0.29140959226921176	-0.19305069111525375	0.12577495017071474	-0.2960772921876585	-0.19870027240572807	0.1024462523003474	-0.27570987568921085	-0.21605318511185279	0.06220688536989646	-0.27534117858323875	0.46394354308111746	0.029999999999999957	0.3954537961830358	0.3866550812931649	0.36552353498107365	-y	-z	False	False	False	False	rh3	handbox_surface
box026_039_p2	box026	e091_box026_20231018_039_p2	E092_C2_FAIL_low_support	81	100	left	True	0.10181894238148186	-0.197247	0.22905728042913195	0.29814796025959217	0.1248178258828772	-0.24761911043207804	0.2682788523562849	0.18676116160755482	-0.2884952593744681	0.2869470447958519	0.14804657677963123	-0.2629476662854743	0.30561523723541906	0.10933199195170776	-0.23740007319648054	0.29814796025959217	0.1248178258828772	-0.24761911043207804	0.3102645213150481	0.1126720995618895	-0.221224375232899	0.31912827901578633	0.07346479140841378	-0.20377059762773003	0.6289427128606063	0.029999999999999916	0.5442272888834102	0.5135479297111161	0.49336867427066944	-y	-z	False	False	False	False	lh3	handbox_surface
box026_039_p2	box026	e091_box026_20231018_039_p2	E092_C2_FAIL_low_support	81	100	right	True	0.12592602848308623	-0.197247	-0.21209841982699054	-0.1981188651421995	0.1399290393179899	-0.295604467345453	-0.158838557957249	0.20822745515479443	-0.30947471830348766	-0.183388749947843	0.16554094525679156	-0.300805811454716	-0.2079389419384371	0.12285443535878869	-0.29213690460594427	-0.1981188651421995	0.1399290393179899	-0.295604467345453	-0.20421465641330658	0.1150364773855972	-0.27732389686401304	-0.22409835397909916	0.07606840945719524	-0.2798918573281452	0.48493270327831495	0.030000000000000037	0.4194005820608153	0.4185585053203876	0.3971397784754346	-y	-z	False	False	False	False	rh3	handbox_surface
box026_039_p2	box026	e091_box026_20231018_039_p2	E092_C2_FAIL_low_support	82	101	left	True	0.10484283977337909	-0.197247	0.2322940778550918	0.29811578359567137	0.1260267638833659	-0.2477063701961566	0.26681190199423643	0.18885782101692247	-0.286077260935923	0.2863768279951333	0.14958841030844963	-0.262095454223569	0.30594175399603	0.11031899959997671	-0.23811364751121497	0.29811578359567137	0.1260267638833659	-0.2477063701961566	0.3115382649256334	0.11339289862928521	-0.22218707926560263	0.32085286105582833	0.0738571683765316	-0.20573782705698965	0.6306111322776373	0.03	0.5469263317158699	0.5162728470498403	0.4961609841416236	-y	-z	False	False	False	False	lh3	handbox_surface
box026_039_p2	box026	e091_box026_20231018_039_p2	E092_C2_FAIL_low_support	82	101	right	True	0.12159929922508456	-0.197247	-0.215494626966967	-0.19698839826727127	0.1461523364278665	-0.2937869071947242	-0.1572963237253233	0.21490474237099996	-0.30366850097240167	-0.1821038703140407	0.1719344886565415	-0.29749250486135326	-0.20691141690275827	0.1289642349420831	-0.2913165087503049	-0.19698839826727127	0.1461523364278665	-0.2937869071947242	-0.2022619397099478	0.11960947506054773	-0.2777044994460857	-0.2231794028932879	0.08142067388903339	-0.2826584238461902	0.4850301420880495	0.029999999999999995	0.419128999498468	0.42353992550828073	0.40159445858391485	-y	-z	False	False	False	False	rh3	handbox_surface
box026_039_p2	box026	e091_box026_20231018_039_p2	E092_C2_FAIL_low_support	83	102	left	True	0.10356378431652283	-0.197247	0.22915566130855186	0.29429823579587666	0.12371410489958853	-0.25052987543187266	0.26104020208009593	0.1871833390779359	-0.28610457860946914	0.28182647315245885	0.1475150677164688	-0.2638703891234713	0.3026127442248219	0.10784679635500169	-0.2416361996374735	0.29429823579587666	0.12371410489958853	-0.25052987543187266	0.3094991193132938	0.11076528046398307	-0.2261932188838691	0.3194682976004815	0.07102036674764389	-0.21065710341478466	0.6274656611893217	0.03000000000000001	0.5452711057559442	0.5143134534139261	0.49455101570751714	-y	-z	False	False	False	False	lh3	handbox_surface
box026_039_p2	box026	e091_box026_20231018_039_p2	E092_C2_FAIL_low_support	83	102	right	True	0.12332406277051708	-0.197247	-0.2185915812760226	-0.1967753045217237	0.14910122633909173	-0.28899866702035637	-0.15681457886506092	0.21821415544538436	-0.2941506991768461	-0.18179003240047517	0.17501857475395147	-0.2909306790790401	-0.2067654859358894	0.1318229940625186	-0.28771065898123394	-0.1967753045217237	0.14910122633909173	-0.28899866702035637	-0.2008202340479103	0.1206685454230542	-0.2761068568696917	-0.22308730981915179	0.08368630728377194	-0.2836538805686744	0.4867332064795432	0.030000000000000006	0.42119382217970996	0.42858978109224827	0.4066782518214374	-y	-z	False	False	False	False	rh3	handbox_surface
box026_039_p2	box026	e091_box026_20231018_039_p2	E092_C2_FAIL_low_support	84	103	left	True	0.10305797905655172	-0.197247	0.22510499664001563	0.29553653163454635	0.12272911577796149	-0.2552451110465773	0.26065037600801155	0.1848054754000449	-0.2917071697058323	0.2824542232745958	0.14600775063624277	-0.26891838304379795	0.30425807054118004	0.10721002587244055	-0.24612959638176352	0.29553653163454635	0.12272911577796149	-0.2552451110465773	0.3123942903196011	0.11084048753836462	-0.23146511406157283	0.3228849001777112	0.07182340660670421	-0.21449372442233333	0.6277467132117115	0.029999999999999975	0.5460181197555294	0.5126540598837958	0.49423474328587297	-y	-z	False	False	False	False	lh3	handbox_surface
box026_039_p2	box026	e091_box026_20231018_039_p2	E092_C2_FAIL_low_support	84	103	right	True	0.12734248858050368	-0.197247	-0.2154190206275055	-0.19692277358805152	0.15950214182019568	-0.28640377937611816	-0.15615906001373878	0.22826484654360496	-0.28956765275421303	-0.18163638099768417	0.18528815609147414	-0.28759023189290367	-0.2071137019816297	0.14231146563934335	-0.28561281103159436	-0.19692277358805152	0.15950214182019568	-0.28640377937611816	-0.19990539245424296	0.12984167226838275	-0.2762875499119939	-0.22404870110416264	0.09422631220171533	-0.28460096934458284	0.49700077588194774	0.03000000000000002	0.4317551901162793	0.4311433866608109	0.40716992708617755	-y	-z	False	False	False	False	rh3	handbox_surface
box026_039_p2	box026	e091_box026_20231018_039_p2	E092_C2_FAIL_low_support	85	104	left	True	0.10031492762742635	-0.197247	0.23229396128750598	0.3058147465245996	0.12076049541103277	-0.2527276349625558	0.26980877853096125	0.1806583105928943	-0.2916611938196735	0.2923125085269852	0.14322217610423085	-0.2673277195339749	0.31481623852300916	0.10578604161556743	-0.24299424524827629	0.3058147465245996	0.12076049541103277	-0.2527276349625558	0.32346202294933474	0.1102638963491265	-0.2288653884456773	0.3344576038349047	0.07230264650894594	-0.20993249966794514	0.6343533360007325	0.029999999999999992	0.5531075492469864	0.518339959957122	0.501178271031802	-y	-z	False	False	False	False	lh3	handbox_surface
box026_039_p2	box026	e091_box026_20231018_039_p2	E092_C2_FAIL_low_support	85	104	right	True	0.12681836233491087	-0.197247	-0.20665063969386832	-0.18521530398731378	0.15877285024048102	-0.283276176696359	-0.14515891916537535	0.22796397261732126	-0.28611776414528617	-0.17019415967908688	0.18471952113179613	-0.28434177198970667	-0.19522940019279833	0.141475069646271	-0.2825657798341273	-0.18521530398731378	0.15877285024048102	-0.283276176696359	-0.18698378037227878	0.12843781813500402	-0.2750520727122586	-0.21188443276937297	0.09328449805348105	-0.2830936997460668	0.49005180699192596	0.030000000000000016	0.4235087225353639	0.41493304322023455	0.38848128616383376	-y	-z	False	False	False	False	rh3	handbox_surface
box026_039_p2	box026	e091_box026_20231018_039_p2	E092_C2_FAIL_low_support	86	105	left	True	0.10258130251030771	-0.197247	0.234485	0.3096007177515654	0.1228078359028059	-0.2501499259591803	0.272677285430391	0.18089067283126692	-0.29093036489705176	0.29575443063112505	0.14458889975097883	-0.26544259056088215	0.318831575831859	0.10828712667069065	-0.23995481622471246	0.3096007177515654	0.1228078359028059	-0.2501499259591803	0.32753742209756087	0.11336030943574482	-0.22606610054110712	0.3390717756797705	0.0762218271066099	-0.20586448219903336	0.6356848555617414	0.030000000000000047	0.5543247657438889	0.5187470462702074	0.5023104394145606	-y	-z	False	False	False	False	lh3	handbox_surface
box026_039_p2	box026	e091_box026_20231018_039_p2	E092_C2_FAIL_low_support	86	105	right	True	0.126734132404004	-0.197247	-0.20618668181700647	-0.18207775862543626	0.15827505678891182	-0.2797859504733812	-0.1429914846531166	0.2280329582172207	-0.2822554393433918	-0.16742040588581636	0.18443426982452762	-0.2807120087996352	-0.19184932711851624	0.14083558143183456	-0.2791685782558784	-0.18207775862543626	0.15827505678891182	-0.2797859504733812	-0.18284638181229304	0.1274994751850886	-0.2732094496371576	-0.208107357991755	0.09254027592407658	-0.28096854993263687	0.48760794547795155	0.02999999999999999	0.42023569596189164	0.4068715184778017	0.37912389953040126	-y	-z	False	False	False	False	rh3	handbox_surface
box026_039_p2	box026	e091_box026_20231018_039_p2	E092_C2_FAIL_low_support	87	106	left	True	0.10523618192120697	-0.197247	0.22998173901543123	0.30470556825097206	0.12561781738923372	-0.2487899593455885	0.26643737450850524	0.1788826072658739	-0.29459833747761144	0.290354995597547	0.14559211359297378	-0.2659681011450971	0.31427261668658885	0.11230161992007368	-0.23733786481258287	0.30470556825097206	0.12561781738923372	-0.2487899593455885	0.3227437821365313	0.11880259755503794	-0.2239064832150295	0.335180750899735	0.08389382708081165	-0.2005160339275408	0.6306931717891079	0.029999999999999995	0.5482509433973473	0.5109192376487302	0.4960456302346489	-y	-z	False	False	False	False	lh3	handbox_surface
box026_039_p2	box026	e091_box026_20231018_039_p2	E092_C2_FAIL_low_support	87	106	right	True	0.11922506425879219	-0.197247	-0.21125008945711368	-0.18483403736875462	0.14742362023454283	-0.279002665861523	-0.14813931614749284	0.2181704326652787	-0.2859586679736682	-0.17107351691078143	0.17395367489606878	-0.2816111666535775	-0.1940077176740701	0.12973691712685892	-0.27726366533348684	-0.18483403736875462	0.14742362023454283	-0.279002665861523	-0.1842564788858481	0.11686593222523349	-0.271461333245179	-0.20884468305900825	0.08095749232914971	-0.2766062654773987	0.4764597448437918	0.030000000000000034	0.40759266814166756	0.3922796247583608	0.36435395191729	-y	-z	False	False	False	False	rh3	handbox_surface
box026_039_p2	box026	e091_box026_20231018_039_p2	E092_C2_FAIL_low_support	88	107	left	True	0.10598067790859352	-0.197247	0.2287681259902889	0.3026099896638183	0.11537958977784447	-0.25569903062800103	0.260900651437588	0.1623171742449143	-0.3052691251319117	0.28696898782898195	0.13298118395299566	-0.27428781606696756	0.3130373242203759	0.10364519366107705	-0.24330650700202344	0.3026099896638183	0.11537958977784447	-0.25569903062800103	0.32194477815449796	0.11179768520954372	-0.23111554674971468	0.33634976343528755	0.08002363781372193	-0.2045953680727522	0.6283889739992625	0.030000000000000072	0.5468777312841249	0.5094712899840467	0.49683697914885067	-y	-z	False	False	False	False	lh3	handbox_surface
box026_039_p2	box026	e091_box026_20231018_039_p2	E092_C2_FAIL_low_support	88	107	right	True	0.10935413712023262	-0.197247	-0.20382600047505822	-0.1900891833120776	0.13758431213045585	-0.27807933046050864	-0.15274934349957214	0.20712806396098543	-0.29109481908407414	-0.1760867433823881	0.16366321906690443	-0.2829601386943458	-0.19942414326520397	0.12019837417282353	-0.2748254583046173	-0.1900891833120776	0.13758431213045585	-0.27807933046050864	-0.18947468315082158	0.10736489693750847	-0.26928234786112376	-0.21508542986425258	0.0718378747816848	-0.2708271835889263	0.4668992335833736	0.03000000000000001	0.398504754750273	0.38254869906189837	0.35430355711042416	-y	-z	False	False	False	False	rh3	handbox_surface
box026_039_p2	box026	e091_box026_20231018_039_p2	E092_C2_FAIL_low_support	89	108	left	True	0.107470171907066	-0.197247	0.22513997034999195	0.30513403100767617	0.12360090987973708	-0.23606599774625986	0.2651540209753915	0.1633642986866389	-0.2928151978147152	0.29014152724556946	0.1385121806823253	-0.25734694777193057	0.3151290335157473	0.11366006267801161	-0.22187869772914595	0.30513403100767617	0.12360090987973708	-0.23606599774625986	0.322556705708643	0.12338134559365035	-0.2098474172412389	0.3364334341188044	0.09500092587024242	-0.17947634958032985	0.615545837149812	0.029999999999999957	0.5327616099563602	0.49478582280585715	0.4840902636525266	-y	-z	False	False	False	False	lh3	handbox_surface
box026_039_p2	box026	e091_box026_20231018_039_p2	E092_C2_FAIL_low_support	89	108	right	True	0.11780923601059222	-0.197247	-0.20257735783861613	-0.18518177303560646	0.13538845031158062	-0.28491763055619007	-0.14860217916752325	0.20355993679983217	-0.30527891102742327	-0.17146442533507522	0.160952757744675	-0.2925531107329025	-0.19432667150262722	0.11834557868951767	-0.27982731043838177	-0.18518177303560646	0.13538845031158062	-0.28491763055619007	-0.1844338685589296	0.10664227407909586	-0.2721084323451194	-0.20920430018365652	0.07054460533049438	-0.27014624072685917	0.46912893079148876	0.030000000000000044	0.40054972606768563	0.3887059052473648	0.36178556018348296	-y	-z	False	False	False	False	rh3	handbox_surface
box026_039_p2	box026	e091_box026_20231018_039_p2	E092_C2_FAIL_low_support	90	109	left	True	0.10729299801754033	-0.197247	0.2265303884563247	0.3105130721219519	0.13029577144951016	-0.22402104981258916	0.27051815220150865	0.1695834407232164	-0.2810901782762096	0.29551497715178565	0.14502864742715008	-0.24542197298644688	0.32051180210206276	0.12047385413108364	-0.20975376769668405	0.3105130721219519	0.13029577144951016	-0.22402104981258916	0.32660065143727907	0.13015511832687116	-0.19696219221693576	0.3410416239142043	0.10151357019245184	-0.16710363230032013	0.6126329763588437	0.030000000000000096	0.5303039414609918	0.4924205436684553	0.4805337424070593	-y	-z	False	False	False	False	lh3	handbox_surface
box026_039_p2	box026	e091_box026_20231018_039_p2	E092_C2_FAIL_low_support	90	109	right	True	0.1242641207793436	-0.197247	-0.2066069114618292	-0.1851990209305319	0.14070570514542383	-0.28896427985013695	-0.1484611546111759	0.20846192600909075	-0.3103984514593948	-0.17142232106077337	0.16611428796929897	-0.29700209420360857	-0.19438348751037088	0.12376664992950709	-0.2836057369478225	-0.1851990209305319	0.14070570514542383	-0.28896427985013695	-0.1848717452586983	0.11271779042792873	-0.2745577851929816	-0.20906719349567213	0.07624450889098949	-0.2723792107864283	0.4771091977165148	0.030000000000000034	0.40881900662030324	0.4011490306056316	0.3756263783933172	-y	-z	False	False	False	False	rh3	handbox_surface
box026_039_p2	box026	e091_box026_20231018_039_p2	E092_C2_FAIL_low_support	91	110	left	True	0.11172870135053835	-0.197247	0.22805426194748912	0.3073178408458256	0.13085859114960424	-0.22349693155232822	0.26550241184557954	0.17473407931455115	-0.2757119814499679	0.2916370549707333	0.14731189921145935	-0.24307757526394308	0.31777169809588707	0.11988971910836754	-0.21044316907791832	0.3073178408458256	0.13085859114960424	-0.22349693155232822	0.32337047557630894	0.12824831110016982	-0.19654306128880378	0.33916598735647996	0.09696111804271919	-0.17023665666753346	0.610780696127801	0.03000000000000005	0.5290590748192323	0.4921459037943923	0.47740445536222903	-y	-z	False	False	False	False	lh3	handbox_surface
box026_039_p2	box026	e091_box026_20231018_039_p2	E092_C2_FAIL_low_support	91	110	right	True	0.12258481167420361	-0.197247	-0.20832218838376054	-0.18972902867881108	0.14638594167481364	-0.28701169408545657	-0.15402899794398778	0.2163480834170465	-0.3022040121565211	-0.17634151715325236	0.17262174482815096	-0.2927088133621058	-0.19865403636251694	0.12889540623925538	-0.2832136145676905	-0.18972902867881108	0.14638594167481364	-0.28701169408545657	-0.1891683503791026	0.1174334142329592	-0.2746660728990316	-0.21249453002970578	0.08035706881123254	-0.27596995977387895	0.4829916572180601	0.030000000000000006	0.4138663518206012	0.40422153451559417	0.37829435292718905	-y	-z	False	False	False	False	rh3	handbox_surface
box026_039_p2	box026	e091_box026_20231018_039_p2	E092_C2_FAIL_low_support	92	111	left	True	0.10827877681871603	-0.197247	0.22297475799266012	0.30826940177923146	0.12823916853271125	-0.21292888227834947	0.26517647619389306	0.17725841873788015	-0.25919023627733584	0.29210955468472954	0.14662138735964955	-0.2302768900279694	0.319042633175566	0.11598435598141896	-0.20136354377860285	0.30826940177923146	0.12823916853271125	-0.21292888227834947	0.32384779272141206	0.1224183784655249	-0.18619979878197737	0.34082104295052457	0.08837958759703357	-0.1644355377382217	0.5978932004543672	0.029999999999999995	0.51797735858614	0.4848036131968396	0.46718843311061015	-y	-z	False	False	False	True	lh3	handbox_surface
box026_039_p2	box026	e091_box026_20231018_039_p2	E092_C2_FAIL_low_support	92	111	right	True	0.1263997818367207	-0.197247	-0.21806571429621077	-0.19323810909119266	0.15254637077581717	-0.28582548042894207	-0.15772191551419232	0.22378167552023	-0.2938336857067602	-0.17991953649981757	0.17925961005497196	-0.2888285574081239	-0.20211715748544276	0.1347375445897139	-0.28382342910948755	-0.19323810909119266	0.15254637077581717	-0.28582548042894207	-0.19323099959371456	0.12296669646875187	-0.2750542044948296	-0.2155742409382519	0.08566603351345212	-0.2805228676971751	0.4905059960556338	0.02999999999999996	0.4216579208764611	0.41437511456186427	0.38923148895737353	-y	-z	False	False	False	False	rh3	handbox_surface
box026_039_p2	box026	e091_box026_20231018_039_p2	E092_C2_FAIL_low_support	93	112	left	True	0.10929237536998539	-0.197247	0.22257481843537588	0.3007402271644045	0.12090637924818935	-0.23495344653041472	0.2576990414661179	0.17626718360780969	-0.2734584809329634	0.28459978252754703	0.14166668088304699	-0.24939283443137045	0.3115005235889762	0.10706617815828427	-0.22532718792977752	0.3007402271644045	0.12090637924818935	-0.23495344653041472	0.3177597032387094	0.11182542607764678	-0.21007603730878793	0.33402635483581206	0.07505399021939044	-0.1926498754637253	0.6069173217552358	0.030000000000000013	0.528023228696632	0.49769515113971885	0.4787447988230271	-y	-z	False	False	False	False	lh3	handbox_surface
box026_039_p2	box026	e091_box026_20231018_039_p2	E092_C2_FAIL_low_support	93	112	right	True	0.1234340794879031	-0.197247	-0.20773464367106945	-0.18939296052359134	0.16219350106170394	-0.27904221368612586	-0.15349708465200168	0.2336855697739125	-0.2784337675830947	-0.17593200707174522	0.1890030268287822	-0.2788140463974893	-0.19836692949148876	0.1443204838836518	-0.2791943252118838	-0.18939296052359134	0.16219350106170394	-0.27904221368612586	-0.188997944552958	0.13126873581567208	-0.2731702102148596	-0.21229907329226774	0.09539523992926384	-0.282689446542831	0.49382326646201913	0.030000000000000082	0.42469013209953915	0.4095155156337899	0.38173441109750844	-y	-z	False	False	False	False	rh3	handbox_surface
box026_039_p2	box026	e091_box026_20231018_039_p2	E092_C2_FAIL_low_support	94	113	left	True	0.10398959358100986	-0.197247	0.22655205916925028	0.30024379422807834	0.12086416480526732	-0.22806337169426052	0.2588798423966905	0.17715011241271522	-0.2670622895103009	0.2847323122913079	0.1419713951580603	-0.24268796587527572	0.3105847821859253	0.10679267790340535	-0.21831364224025052	0.30024379422807834	0.12086416480526732	-0.22806337169426052	0.3163098128153651	0.11123753926613301	-0.2027607454789457	0.33176553972955913	0.0740665094850055	-0.18544460802066434	0.6065667738049845	0.030000000000000058	0.5270850803693283	0.49708072054495744	0.4777173523417321	-y	-z	False	False	False	False	lh3	handbox_surface
box026_039_p2	box026	e091_box026_20231018_039_p2	E092_C2_FAIL_low_support	94	113	right	True	0.1255586280957171	-0.197247	-0.21093252085697892	-0.1783682060515258	0.1574614489952674	-0.2792215594434643	-0.14412459300296038	0.22975530815138712	-0.2782352057060854	-0.1655268511583138	0.18457164617881225	-0.2788516767919472	-0.1869291093136672	0.13938798420623735	-0.2794681478778091	-0.1783682060515258	0.1574614489952674	-0.2792215594434643	-0.17755296179554642	0.12665162513950207	-0.27281315100722936	-0.19960598265041188	0.0901076637818495	-0.2827463945545841	0.4849012750501781	0.029999999999999936	0.4144015835394066	0.39932599617925324	0.3720056051382411	-y	-z	False	False	False	False	rh3	handbox_surface
box026_039_p2	box026	e091_box026_20231018_039_p2	E092_C2_FAIL_low_support	95	114	left	True	0.1086908885818288	-0.197247	0.23021926293089395	0.3016557350546144	0.13353061393214083	-0.23573790771939407	0.26087144329623374	0.1918605101614935	-0.2722654966302464	0.2863616256452217	0.15540432501814808	-0.24943575356096367	0.3118518079942096	0.11894813987480256	-0.22660601049168091	0.3016557350546144	0.13353061393214083	-0.23573790771939407	0.3172146251026736	0.12249143096417331	-0.21069655899809225	0.33247426568653343	0.08442330780077023	-0.19525716347957892	0.6212880030159194	0.029999999999999933	0.5415598499683191	0.5133118546555885	0.49310993707606604	-y	-z	False	False	False	False	lh3	handbox_surface
box026_039_p2	box026	e091_box026_20231018_039_p2	E092_C2_FAIL_low_support	95	114	right	True	0.12510222583269512	-0.197247	-0.2134169989523369	-0.1728233658111982	0.16259333640457482	-0.2794601212463578	-0.14040274230739558	0.23568158112424317	-0.276812168183604	-0.16066563199727224	0.1900014281744504	-0.27846713884782515	-0.18092852168714887	0.14432127522465774	-0.2801221095120463	-0.1728233658111982	0.16259333640457482	-0.2794601212463578	-0.17135973184708075	0.13172100919180743	-0.2734822657786586	-0.19232136330692629	0.094799343342948	-0.2843389119178943	0.485650218153697	0.029999999999999926	0.4134363784191797	0.3963684723115139	0.36900524216355285	-y	-z	False	False	False	False	rh3	handbox_surface
box026_039_p2	box026	e091_box026_20231018_039_p2	E092_C2_FAIL_low_support	96	115	left	True	0.10461068138926435	-0.197247	0.23241833409525436	0.30439117719331704	0.12695091206128722	-0.24427938046619466	0.26448699250367974	0.18634776862893543	-0.2800518485685993	0.2894271079347031	0.1492247332741553	-0.25769405600459644	0.3143672233657264	0.1121016979193752	-0.23533626344059358	0.30439117719331704	0.12695091206128722	-0.24427938046619466	0.3194600062702512	0.11522415301577478	-0.21925089113007334	0.33429642808100096	0.07671782443556767	-0.2045010839097624	0.6280206432979822	0.030000000000000034	0.5487393316980764	0.5224639178757307	0.5017080330319358	-y	-z	False	False	False	False	lh3	handbox_surface
box026_039_p2	box026	e091_box026_20231018_039_p2	E092_C2_FAIL_low_support	96	115	right	True	0.1237644612755434	-0.197247	-0.2097004134747682	-0.1702382909769538	0.16590880137404532	-0.2801570051401457	-0.1372553940234686	0.23875382697434808	-0.27776310584255237	-0.15786970461939687	0.19322568597415885	-0.2792592929035482	-0.17848401521532511	0.1476975449739696	-0.280755479964544	-0.1702382909769538	0.16590880137404532	-0.2801570051401457	-0.16904776053940276	0.13506060776219314	-0.2739967165049642	-0.19024636036417403	0.09824341704377501	-0.2847475304731546	0.48644132184529754	0.030000000000000006	0.41410096220781156	0.39679401617859983	0.36940001157820324	-y	-z	False	False	False	False	rh3	handbox_surface
box026_039_p2	box026	e091_box026_20231018_039_p2	E092_C2_FAIL_low_support	97	116	left	True	0.10726703284373908	-0.197247	0.22882878917172078	0.295622352267881	0.13832477380732458	-0.23504863928631417	0.256081442572145	0.19684402417222904	-0.2726254113292036	0.28079451113198	0.16026949269416366	-0.2491399288023977	0.30550757969181497	0.12369496121609842	-0.2256544462755918	0.295622352267881	0.13832477380732458	-0.23504863928631417	0.3090988568091899	0.1265969297316469	-0.20912850686777956	0.3244489303356346	0.08839955932987371	-0.19410353754893606	0.6215978793651362	0.029999999999999895	0.5406420812865582	0.5147926860301982	0.4936143241795479	-y	-z	False	False	False	False	lh3	handbox_surface
box026_039_p2	box026	e091_box026_20231018_039_p2	E092_C2_FAIL_low_support	97	116	right	True	0.12531864993128464	-0.197247	-0.21595366171767094	-0.17984671861982585	0.16940889795788527	-0.281178433824913	-0.14941392666719322	0.24335387828914187	-0.2787319960517726	-0.16843442163758865	0.19713826558210645	-0.2802610196599854	-0.18745491660798405	0.150922652875071	-0.281790043268198	-0.17984671861982585	0.16940889795788527	-0.281178433824913	-0.17787779685531616	0.13871744479150006	-0.2744601291632722	-0.19740715283866314	0.10104389604923543	-0.2854042667695765	0.4959496355981494	0.02999999999999993	0.4226349968469415	0.40605983737177	0.37931413243543605	-y	-z	False	False	False	False	rh3	handbox_surface
box026_039_p2	box026	e091_box026_20231018_039_p2	E092_C2_FAIL_low_support	98	117	left	True	0.11623025639350659	-0.197247	0.2246769500640289	0.2890962017472617	0.14879972747651493	-0.2391105531361736	0.24857398438508368	0.20440640903177953	-0.2799253404866401	0.273900370236445	0.16965223305973914	-0.2544160983925985	0.2992267560878062	0.13489805708769875	-0.2289068562985569	0.2890962017472617	0.14879972747651493	-0.2391105531361736	0.30169408620972765	0.13824744791419394	-0.21225995781654083	0.3182647694372457	0.10121409026721738	-0.19569624915350056	0.6237027024941726	0.029999999999999957	0.5412244305190105	0.5144848615387546	0.493362541103691	-y	-z	False	False	False	False	lh3	handbox_surface
box026_039_p2	box026	e091_box026_20231018_039_p2	E092_C2_FAIL_low_support	98	117	right	True	0.1218634963379499	-0.197247	-0.2123012577331725	-0.17879605060017348	0.15796992656552514	-0.28274153737827	-0.1532681869837093	0.23374150506326555	-0.285386546100366	-0.1692231017439994	0.18638426850217774	-0.28373341564905596	-0.1851780165042895	0.13902703194109	-0.28208028519774603	-0.17879605060017348	0.15796992656552514	-0.28274153737827	-0.17493133545349823	0.12803626385085828	-0.27379629388100135	-0.19181768620868933	0.08847103504670414	-0.2821575136337281	0.4868335556841085	0.02999999999999994	0.41067757470954674	0.3929355449114736	0.36699762056044805	-y	-z	False	False	False	False	rh3	handbox_surface
box026_039_p2	box026	e091_box026_20231018_039_p2	E092_C2_FAIL_low_support	99	118	left	True	0.11792270436836552	-0.197247	0.2265100284820609	0.2874923220764258	0.150548038234961	-0.24550276693327616	0.24897567193503478	0.20532192625677265	-0.2892782035714152	0.2730485782734042	0.17108824624314034	-0.2619185556725783	0.2971214846117735	0.13685456622950803	-0.23455890777374142	0.2874923220764258	0.150548038234961	-0.24550276693327616	0.2981256269586511	0.1401632567934808	-0.21775207491300333	0.3142696171735633	0.10347650073576645	-0.2000357808362986	0.631108051128412	0.029999999999999995	0.5469259781394948	0.5209181249650003	0.4996067457876698	-y	-z	False	False	False	False	lh3	handbox_surface
box026_039_p2	box026	e091_box026_20231018_039_p2	E092_C2_FAIL_low_support	99	118	right	True	0.12159625597311675	-0.197247	-0.19903563482811612	-0.16218647478082315	0.1516417703023918	-0.28369123481221536	-0.1412025074031193	0.22854497792325867	-0.29044177336208676	-0.1543174870141842	0.18048047316021687	-0.28622268676841706	-0.16743246662524913	0.13241596839717507	-0.28200360017474746	-0.16218647478082315	0.1516417703023918	-0.28369123481221536	-0.15640515629664836	0.12244661728580818	-0.2734346776496675	-0.17109462072383758	0.08161606419548866	-0.27956262486604755	0.47582351725750743	0.02999999999999999	0.39620506327588867	0.3742734898264152	0.34846713494742404	-y	-z	False	False	False	False	rh3	handbox_surface
box026_039_p2	box026	e091_box026_20231018_039_p2	E092_C2_FAIL_low_support	100	119	left	True	0.1251945955135669	-0.197247	0.222147267171352	0.28097975092457156	0.14831153752798149	-0.25445718477029594	0.24360915120176727	0.20627356977676845	-0.2950014950239989	0.2669657760285199	0.17004729962127657	-0.26966130111543457	0.2903224008552725	0.1338210294657847	-0.2443211072068702	0.28097975092457156	0.14831153752798149	-0.25445718477029594	0.2902433024910832	0.13548226433264857	-0.22724306844137965	0.306323443182481	0.09759112791123004	-0.21220629944175734	0.6299839982088326	0.030000000000000023	0.5453704531855668	0.5253661542991668	0.5033668523183814	-y	-z	False	False	False	False	lh3	handbox_surface
box026_039_p2	box026	e091_box026_20231018_039_p2	E092_C2_FAIL_low_support	100	119	right	True	0.11788150919019069	-0.197247	-0.18978657111217842	-0.1492815250705193	0.14951048325204797	-0.2774455302399415	-0.13347653402934873	0.22791995833149656	-0.2789140246913571	-0.14335465343008036	0.1789140364068412	-0.27799621565922245	-0.15323277283081196	0.12990811448218573	-0.2770784066270877	-0.1492815250705193	0.14951048325204797	-0.2774455302399415	-0.140839370230416	0.11996690780216795	-0.27059828705755284	-0.15375106872789535	0.07896053537607213	-0.27909720641640773	0.4663929666733295	0.02999999999999999	0.38376639726375517	0.35306840600458655	0.3258795972789543	-y	-z	False	False	False	False	rh3	handbox_surface
box026_039_p2	box026	e091_box026_20231018_039_p2	E092_C2_FAIL_low_support	101	120	left	True	0.13444938663646527	-0.197247	0.21604439101761452	0.2784810433523775	0.14552066031923644	-0.24850137825042493	0.24333836756469815	0.21047397886664404	-0.2792594462677933	0.2653025399319977	0.1698781547745143	-0.26003565375693805	0.28726671229929734	0.12928233068238462	-0.2408118612460829	0.2784810433523775	0.14552066031923644	-0.24850137825042493	0.2857325287531119	0.12736156583463812	-0.22383003834169551	0.3013398118349661	0.08724455028066437	-0.21561716163771477	0.6152687510577269	0.03000000000000003	0.5319726574771853	0.5123652160912069	0.4896368381856378	-y	-z	False	False	False	False	lh3	handbox_surface
box026_039_p2	box026	e091_box026_20231018_039_p2	E092_C2_FAIL_low_support	101	120	right	True	0.1237034274529651	-0.197247	-0.1929271643004571	-0.15193833249159178	0.15722735794956336	-0.2719120548476792	-0.13690466730308795	0.23508253130954562	-0.2613025830376844	-0.14630070804590284	0.18642304795955666	-0.26793350291893114	-0.15569674878871773	0.13776356460956782	-0.27456442280017795	-0.15193833249159178	0.15722735794956336	-0.2719120548476792	-0.14315133442560776	0.12707295821170572	-0.26979582958942216	-0.15574088993627264	0.08774383382410925	-0.2844651593237572	0.4751114497891298	0.02999999999999996	0.3938030856801867	0.3609682641695348	0.3327311859337033	-y	-z	False	False	False	False	rh3	handbox_surface
box026_039_p2	box026	e091_box026_20231018_039_p2	E092_C2_FAIL_low_support	102	121	left	True	0.1303390960862877	-0.197247	0.2167775766242463	0.27866226056218335	0.14139667843979087	-0.2463726433231075	0.24539597641845518	0.211479327965464	-0.2659117470571689	0.2661874040082853	0.1676776720119183	-0.25369980722338054	0.2869788315981154	0.12387601605837249	-0.24148786738959205	0.27866226056218335	0.14139667843979087	-0.2463726433231075	0.2842088867147355	0.11858177908399424	-0.22540297304390658	0.2994708060463134	0.07751706681848233	-0.22431817316520788	0.6107157667199884	0.030000000000000027	0.5310879583684741	0.5057116795184616	0.4789452682528628	-y	-z	False	False	False	False	lh3	handbox_surface
box026_039_p2	box026	e091_box026_20231018_039_p2	E092_C2_FAIL_low_support	102	121	right	True	0.12401983721902388	-0.197247	-0.20123245525278072	-0.15222889760022387	0.15481640447294842	-0.269179548842835	-0.1387830602252869	0.2312358349671732	-0.24970443394650899	-0.14718670858462254	0.1834736909082827	-0.2618763807567128	-0.15559035694395812	0.13571154684939224	-0.27404832756691644	-0.15222889760022387	0.15481640447294842	-0.269179548842835	-0.14312252221300015	0.1246903056776363	-0.2698648710939377	-0.15448655552311127	0.0870310782179008	-0.2891808619297295	0.4713585903247675	0.029999999999999968	0.3908462383425631	0.3579834951321938	0.329455989711196	-y	-z	False	False	False	False	rh3	handbox_surface
box026_039_p2	box026	e091_box026_20231018_039_p2	E092_C2_FAIL_low_support	103	122	left	True	0.13769214398725013	-0.197247	0.22095209674418265	0.27739076777107147	0.1462530654572338	-0.2564745842239774	0.2464748298299022	0.21851022814772048	-0.27141135834486146	0.26579729104313293	0.17334950146616626	-0.2620758745193089	0.2851197522563637	0.12818877478461216	-0.25274039069375637	0.27739076777107147	0.1462530654572338	-0.2564745842239774	0.28059833888980557	0.12114106138128944	-0.23776334416037614	0.29564802928917144	0.08002973100912762	-0.2397072834145456	0.6221484683129068	0.029999999999999992	0.5433194045745968	0.5126753118290553	0.4842188662371319	-y	-z	False	False	False	False	lh3	handbox_surface
box026_039_p2	box026	e091_box026_20231018_039_p2	E092_C2_FAIL_low_support	103	122	right	True	0.12507893621216754	-0.197247	-0.20355638034621013	-0.15327056947861006	0.15011538702890628	-0.27008104932559285	-0.14238419565363375	0.2275701410734278	-0.2532808129925662	-0.14918817929424397	0.17916091979560184	-0.26378096070070783	-0.15599216293485413	0.13075169851777588	-0.2742811084088494	-0.15327056947861006	0.15011538702890628	-0.27008104932559285	-0.14352373936130944	0.1202011983383928	-0.26902360639160655	-0.1531363765388263	0.08151636969980856	-0.2872320496969138	0.46960874439466604	0.02999999999999999	0.38770549021528616	0.3552896095516716	0.32735322013618223	-y	-z	False	False	False	False	rh3	handbox_surface
box026_039_p2	box026	e091_box026_20231018_039_p2	E092_C2_FAIL_low_support	104	123	left	True	0.13937770309777675	-0.197247	0.2195560270432451	0.27942398438644006	0.15748593326057397	-0.26212075605017576	0.2486950907935805	0.23081693815665555	-0.2709694180670901	0.26790064928911783	0.18498506009660454	-0.2654390043065187	0.287106207784655	0.13915318203655358	-0.2599085905459471	0.27942398438644006	0.15748593326057397	-0.26212075605017576	0.2808767894569695	0.1300388686701488	-0.24677279955083112	0.2971993488190255	0.08975048252740082	-0.2523255973856793	0.6307453336310582	0.029999999999999957	0.5540489326960173	0.5215742245193201	0.4926071398843971	-y	-z	False	False	False	False	lh3	handbox_surface
box026_039_p2	box026	e091_box026_20231018_039_p2	E092_C2_FAIL_low_support	104	123	right	True	0.12273083648593396	-0.197247	-0.2027677070003031	-0.15370092749370892	0.14419661601378425	-0.27085405956256975	-0.1483193637162468	0.22233302098233085	-0.2545524955302323	-0.15168284107716065	0.17349776787698923	-0.26474097305044314	-0.1550463184380745	0.12466251477164765	-0.27492945057065415	-0.15370092749370892	0.14419661601378425	-0.27085405956256975	-0.14211976206382163	0.11497449136512644	-0.26914478889655763	-0.14863961887359664	0.0755964470816606	-0.2872369768099979	0.4653979319322187	0.030000000000000023	0.38126929027384654	0.3472971671644056	0.3200646368674599	-y	-z	False	False	False	False	rh3	handbox_surface
box026_039_p2	box026	e091_box026_20231018_039_p2	E092_C2_FAIL_low_support	105	124	left	True	0.14246899018271572	-0.197247	0.2146428900872256	0.2681666382513851	0.15977350346795938	-0.27429215825556746	0.23892408337460086	0.23415111186540916	-0.2778760602288183	0.25720068017259107	0.18766510661700303	-0.2756361214955365	0.27547727697058116	0.1411791013685969	-0.2733961827622547	0.2681666382513851	0.15977350346795938	-0.27429215825556746	0.267836732745367	0.13074328777609953	-0.26212049012211525	0.2844567564477231	0.09106953097684056	-0.27049792406551826	0.6337934992620563	0.029999999999999964	0.5586095358023658	0.5260922966510637	0.49808706566561173	-y	-z	False	False	False	False	lh3	handbox_surface
box026_039_p2	box026	e091_box026_20231018_039_p2	E092_C2_FAIL_low_support	105	124	right	True	0.12094789174217163	-0.197247	-0.19952020212883936	-0.15208122069241556	0.13270814884424398	-0.271970454826819	-0.15311913108221778	0.21158424187627603	-0.25864811681785926	-0.15247043708859134	0.162286683731256	-0.2669745780734591	-0.151821743094965	0.11298912558623594	-0.275301039329059	-0.15208122069241556	0.13270814884424398	-0.271970454826819	-0.13841363643706553	0.1045359615424652	-0.2687296877629582	-0.14134590779408773	0.06412488212036103	-0.2854273706122335	0.4566969948576979	0.030000000000000006	0.3699910268026089	0.33486421333551464	0.3087907168016606	-y	-z	False	False	False	False	rh3	handbox_surface
box026_039_p2	box026	e091_box026_20231018_039_p2	E092_C2_FAIL_low_support	106	125	left	True	0.1443216391809504	-0.197247	0.20905585096253393	0.26815837972869777	0.16904858325425007	-0.27518551997325247	0.23905460850869645	0.24356424057115827	-0.27580786666355533	0.25724446552119723	0.19699195474809061	-0.2754188999821161	0.27543432253369815	0.15041966892502298	-0.2750299333006767	0.26815837972869777	0.16904858325425007	-0.27518551997325247	0.26662740369721827	0.1390982034007055	-0.26561250451681817	0.2843349106227918	0.10021332552735264	-0.2753502679748664	0.6347375067320484	0.03	0.5602472408320313	0.528778536886018	0.5022959659466371	-y	-z	False	False	False	False	lh3	handbox_surface
box026_039_p2	box026	e091_box026_20231018_039_p2	E092_C2_FAIL_low_support	106	125	right	True	0.12349313972150126	-0.197247	-0.19501704159619834	-0.14794969886950146	0.13149047513045029	-0.27510317140240625	-0.1550374620274278	0.2106080929100665	-0.2656075845171366	-0.15060761005372383	0.1611595817978064	-0.2715423263204302	-0.14617775808001987	0.11171107068554631	-0.27747706812372375	-0.14794969886950146	0.13149047513045029	-0.27510317140240625	-0.13229316582889394	0.10460047494720734	-0.2703304959263909	-0.13195098154781668	0.0633429413948038	-0.28510090563620866	0.4576490119135547	0.030000000000000044	0.3683026877008247	0.332102360377348	0.30755995126448404	-y	-z	False	False	False	False	rh3	handbox_surface
box026_039_p2	box026	e091_box026_20231018_039_p2	E092_C2_FAIL_low_support	107	126	left	True	0.14220644693755813	-0.197247	0.2068856112946517	0.26220540478866194	0.15975381898885901	-0.27448332138517556	0.23679740231917107	0.235608531101496	-0.27377900553322493	0.25267740386260285	0.1881993360310979	-0.27421920294069413	0.26855740540603473	0.14079014096069978	-0.27465940034816316	0.26220540478866194	0.15975381898885901	-0.27448332138517556	0.25827140812974353	0.12945295177579627	-0.2669075123634503	0.27512232938253806	0.09027842963105039	-0.2769979451377486	0.6262863183593904	0.030000000000000016	0.5517634681607595	0.5221389615240958	0.49811620061471523	-y	-z	False	False	False	False	lh3	handbox_surface
box026_039_p2	box026	e091_box026_20231018_039_p2	E092_C2_FAIL_low_support	107	126	right	True	0.12424227743012142	-0.197247	-0.1913287300731827	-0.14237983969432016	0.12693228690855546	-0.27759209830805615	-0.15294590673147684	0.20605816231632978	-0.27235243531128955	-0.1463421148332539	0.15660449018647082	-0.27562722468426865	-0.13973832293503094	0.10715081805661185	-0.2789020140572478	-0.14237983969432016	0.12693228690855546	-0.27759209830805615	-0.12571913325923373	0.10101310847153089	-0.27114270933394785	-0.1233585140709179	0.05910611452977883	-0.2837402290787039	0.45335750422533155	0.029999999999999992	0.36232616831160036	0.3263947442582484	0.3032166161569582	-y	-z	False	False	False	False	rh3	handbox_surface
box026_039_p2	box026	e091_box026_20231018_039_p2	E092_C2_FAIL_low_support	108	127	left	True	0.14198975917415457	-0.197247	0.209998855525537	0.25632193058451025	0.16339939980093898	-0.27174981812033894	0.23128196606471796	0.23913673619304346	-0.2656788994850125	0.24693194388958817	0.19180090094797816	-0.26947322363209153	0.26258192171445827	0.1444650657029129	-0.27326754777917056	0.25632193058451025	0.16339939980093898	-0.27174981812033894	0.2516116243101778	0.13255164816946494	-0.2675975898035703	0.26910346847788147	0.0943510785655742	-0.2800541316776529	0.6263103113127032	0.030000000000000002	0.5540331299491503	0.5282958345733009	0.5081713199376219	-y	-z	False	False	False	False	lh3	handbox_surface
box026_039_p2	box026	e091_box026_20231018_039_p2	E092_C2_FAIL_low_support	108	127	right	True	0.12735872738879886	-0.197247	-0.19670402027743475	-0.1344114039345398	0.12519613311247121	-0.2791634891286946	-0.14916346671991235	0.2036863292373426	-0.27450884028526296	-0.13994342747905453	0.15462995665929796	-0.2774179958124077	-0.13072338823819663	0.10557358408125335	-0.2803271513395526	-0.1344114039345398	0.12519613311247121	-0.2791634891286946	-0.11696104796265631	0.10009014535554932	-0.2716700237681528	-0.11172647338213293	0.05840891622379783	-0.2841496285268449	0.44920215991407203	0.030000000000000006	0.35657042759951124	0.3216497956988291	0.30012283110015336	-y	-z	False	False	False	False	rh3	handbox_surface
box026_039_p2	box026	e091_box026_20231018_039_p2	E092_C2_FAIL_low_support	109	128	left	True	0.14014187717064255	-0.197247	0.20981719457195325	0.25416334795481077	0.15611111083424653	-0.2696099418847619	0.23110374091199135	0.23231692130645237	-0.2618042405514424	0.24551599531375357	0.1846882897613237	-0.2666828038847671	0.25992824971551565	0.13705965821619503	-0.2715613672180917	0.25416334795481077	0.15611111083424653	-0.2696099418847619	0.24846799973212144	0.12529832789980985	-0.266585510968491	0.2652272347245474	0.08701480003951008	-0.2797731226911646	0.6197019597102781	0.029999999999999936	0.5481931431621321	0.5238717003187545	0.5055492924913486	-y	-z	False	False	False	False	lh3	handbox_surface
box026_039_p2	box026	e091_box026_20231018_039_p2	E092_C2_FAIL_low_support	109	128	right	True	0.1326951009172973	-0.197247	-0.20464807321391135	-0.14414642713049325	0.1255148177491289	-0.27843312336219495	-0.1552300047358762	0.2045282565481659	-0.2725995312770135	-0.14830276873251183	0.15514485729876779	-0.27624552633025196	-0.14137553272914746	0.10576145804936962	-0.2798915213834904	-0.14414642713049325	0.1255148177491289	-0.27843312336219495	-0.12801782559661665	0.099482574309114	-0.2711414786953838	-0.12458034774702888	0.05781716276996873	-0.28428086206040715	0.45636171961608796	0.030000000000000013	0.36544002499671174	0.3322305549607431	0.30966999698399017	-y	-z	False	False	False	False	rh3	handbox_surface
box026_039_p2	box026	e091_box026_20231018_039_p2	E092_C2_FAIL_low_support	110	129	left	True	0.14096622054361982	-0.197247	0.216044203680958	0.2557469475127502	0.16128129703208724	-0.2715391964172627	0.23153424805270764	0.2372692188808514	-0.2652478596782402	0.24666718521523426	0.1897767677253738	-0.2691799451401292	0.2618001223777608	0.14228431656989618	-0.2731120306020183	0.2557469475127502	0.16128129703208724	-0.2715391964172627	0.2507600458922001	0.1304828378718111	-0.26734426000660516	0.2677505428097488	0.09210695420998435	-0.2799548957391288	0.629605086793303	0.030000000000000013	0.5575822317201613	0.5321543513370238	0.512067698254713	-y	-z	False	False	False	False	lh3	handbox_surface
box026_039_p2	box026	e091_box026_20231018_039_p2	E092_C2_FAIL_low_support	110	129	right	True	0.12532434639717538	-0.197247	-0.20618982764255378	-0.15578565731328697	0.1281956912944706	-0.2750887671838712	-0.1649842610446819	0.20704564990550292	-0.26518575166175606	-0.15923513371256004	0.15776442577360766	-0.27137513636307803	-0.1534860063804382	0.10848320164171246	-0.2775645210644001	-0.15578565731328697	0.1281956912944706	-0.2750887671838712	-0.13966253510712434	0.10163070635829502	-0.2700564641751371	-0.13792107638537413	0.06052070281058569	-0.2851362883695224	0.4596262988810831	0.029999999999999947	0.3698815498124704	0.33482536582691774	0.3108298511685818	-y	-z	False	False	False	False	rh3	handbox_surface
box026_039_p2	box026	e091_box026_20231018_039_p2	E092_C2_FAIL_low_support	111	130	left	True	0.14136764568352972	-0.197247	0.21780214589857563	0.2564275272019738	0.16334973228766458	-0.2699167074578354	0.23280077512643407	0.2392250775305456	-0.26071298154739064	0.24756749517364646	0.19180298675374496	-0.26646531024141856	0.26233421522085887	0.14438089597694428	-0.27221763893544654	0.2564275272019738	0.16334973228766458	-0.2699167074578354	0.25117774206650045	0.13245138196358267	-0.26695977168048585	0.26790846777823374	0.09446597720895285	-0.2810169907758614	0.6302009753254225	0.029999999999999995	0.5594767590187871	0.5358684430026254	0.5165717760073665	-y	-z	False	False	False	False	lh3	handbox_surface
box026_039_p2	box026	e091_box026_20231018_039_p2	E092_C2_FAIL_low_support	111	130	right	True	0.13015614253176092	-0.197247	-0.2112604611277128	-0.1571949060743023	0.1317899330259461	-0.27417201088312654	-0.1641684370571705	0.2104652862482287	-0.2614614380801391	-0.15980998019287787	0.16129319048430205	-0.26940554608200634	-0.1554515233285853	0.1121210947203754	-0.27734965408387346	-0.1571949060743023	0.1317899330259461	-0.27417201088312654	-0.14202758332483842	0.10455301406494276	-0.26980392960742516	-0.14121130174647253	0.0640045396872635	-0.2864057692022805	0.4647712033084902	0.02999999999999995	0.37620199231667956	0.3421144586267216	0.3175196420805426	-y	-z	False	False	False	False	rh3	handbox_surface
box026_039_p2	box026	e091_box026_20231018_039_p2	E092_C2_FAIL_low_support	112	131	left	True	0.13985938205155937	-0.197247	0.21506811382040364	0.2537281864979957	0.16379132760049467	-0.27039905042852574	0.2314151288842111	0.23998178482018065	-0.2605430021038099	0.2453607898928265	0.19236274905787693	-0.2667030323067573	0.25930645090144183	0.14474371329557317	-0.2728630625097047	0.2537281864979957	0.16379132760049467	-0.27039905042852574	0.24804163809386204	0.13296515583368032	-0.26749697059502653	0.26397982865417946	0.09478776241596844	-0.2819494540979392	0.6285139146097798	0.030000000000000023	0.5577022980638848	0.5339816598223569	0.5146300361746384	-y	-z	False	False	False	False	lh3	handbox_surface
box026_039_p2	box026	e091_box026_20231018_039_p2	E092_C2_FAIL_low_support	112	131	right	True	0.13358188395117493	-0.197247	-0.20800706150808815	-0.15597467241733082	0.13584752759522165	-0.2736536146822634	-0.162209894098305	0.2142861988553461	-0.25921419428062553	-0.1583128805476961	0.16526202931776834	-0.26823883203164917	-0.15441586699708726	0.11623785978019051	-0.27726346978267274	-0.15597467241733082	0.13584752759522165	-0.2736536146822634	-0.14100622634386004	0.10839995383831601	-0.2699720545631531	-0.14063614377054118	0.06821201195926013	-0.2874437040079063	0.46930077355483335	0.030000000000000034	0.3812909829219236	0.3466950806371724	0.32159132529787354	-y	-z	False	False	False	False	rh3	handbox_surface
box026_039_p2	box026	e091_box026_20231018_039_p2	E092_C2_FAIL_low_support	113	132	left	True	0.1395975849155635	-0.197247	0.209569146739045	0.248827409307885	0.16370925360155955	-0.2712171420611439	0.22830175864028054	0.2403469439425932	-0.26095253861710815	0.24113029030753336	0.19244838747944715	-0.2673679157696305	0.2539588219747861	0.14454983101630114	-0.2737832929221528	0.248827409307885	0.16370925360155955	-0.2712171420611439	0.24248298848239838	0.13300851432816704	-0.2683492685691626	0.2574398330454366	0.09452945731224498	-0.28304853854396855	0.6242117804730806	0.029999999999999978	0.5529371005013155	0.5287178622522937	0.5098011059579948	-y	-z	False	False	False	False	lh3	handbox_surface
box026_039_p2	box026	e091_box026_20231018_039_p2	E092_C2_FAIL_low_support	113	132	right	True	0.13421127402825497	-0.197247	-0.20203522891657708	-0.14872581187917988	0.13810952919990827	-0.27382650133508896	-0.15645468038570215	0.21632321357463657	-0.2588971956533344	-0.1516241375691257	0.1674396608404314	-0.26822801170443106	-0.14679359475254927	0.11855610810622617	-0.2775588277555277	-0.14872581187917988	0.13810952919990827	-0.27382650133508896	-0.1332245348668132	0.11093442355201875	-0.27033342075804534	-0.13210314997067765	0.07086877891823595	-0.28805213357528886	0.46805953425946567	0.030000000000000013	0.3794172252596029	0.34355844897344945	0.31859557979853104	-y	-z	False	False	False	False	rh3	handbox_surface
box026_039_p2	box026	e091_box026_20231018_039_p2	E092_C2_FAIL_low_support	114	133	left	True	0.1397561463872743	-0.197247	0.20336074881110297	0.24369246054552257	0.16541503045968747	-0.2720265207007257	0.22506469145715527	0.24239639578349426	-0.2607626132227202	0.23670704713738483	0.194283042456115	-0.26780255539647363	0.2483494028176144	0.14616968912873574	-0.2748424975702271	0.24369246054552257	0.16541503045968747	-0.2720265207007257	0.23668287210027922	0.13484031343371936	-0.2693686805023715	0.2505620207590269	0.09617649747529196	-0.2846294843459095	0.6202339159815	0.029999999999999985	0.5486700782266735	0.5241850126710892	0.5056139748182317	-y	-z	False	False	False	False	lh3	handbox_surface
box026_039_p2	box026	e091_box026_20231018_039_p2	E092_C2_FAIL_low_support	114	133	right	True	0.13327515211127772	-0.197247	-0.19619408721001452	-0.14600494231028074	0.14361682270973414	-0.27360871822199617	-0.15448993274959016	0.22144034645681518	-0.25713133709414876	-0.14918681372502174	0.17280064411488955	-0.2674297002990534	-0.1438836947004534	0.12416094177296386	-0.277728063503958	-0.14600494231028074	0.14361682270973414	-0.27360871822199617	-0.1300928785849308	0.11659243509143911	-0.27087627064476	-0.12875880592719505	0.07686939332065991	-0.2893361290008421	0.470950670061375	0.030000000000000016	0.38216649649301015	0.34498758933238827	0.3199094178064396	-y	-z	False	False	False	False	rh3	handbox_surface
box026_039_p2	box026	e091_box026_20231018_039_p2	E092_C2_FAIL_low_support	115	134	left	True	0.1406881428838746	-0.197247	0.1978514756411699	0.23575763714164688	0.17417649511507496	-0.27414576678687397	0.21798622924692956	0.25111675521151217	-0.2613249463087541	0.22909335918112794	0.2030290926512389	-0.26933795910757896	0.2402004891153263	0.15494143009096567	-0.27735097190640384	0.23575763714164688	0.17417649511507496	-0.27414576678687397	0.22863249121827817	0.14361324588601312	-0.2716695079064956	0.2417863726119577	0.10506805755951353	-0.28784533638807236	0.62153230049416	0.02999999999999999	0.5497972686646979	0.5250247012555437	0.506262790755651	-y	-z	False	False	False	False	lh3	handbox_surface
box026_039_p2	box026	e091_box026_20231018_039_p2	E092_C2_FAIL_low_support	115	134	right	True	0.13572647218899797	-0.197247	-0.1975994918085491	-0.15245066861471523	0.15100710625379704	-0.2730017278168479	-0.1604207858491479	0.2284028750665221	-0.2543906504392046	-0.15543946257762747	0.18003051955856897	-0.26602257380023164	-0.15045813930610705	0.13165816405061578	-0.2776544971612587	-0.15245066861471523	0.15100710625379704	-0.2730017278168479	-0.13651791392290696	0.12390874049358926	-0.2713273715338362	-0.1356873671080884	0.08465743408559603	-0.2907981523389306	0.4814536805156127	0.030000000000000058	0.3932708457340603	0.35574113686046605	0.3302506117373587	-y	-z	False	False	False	False	rh3	handbox_surface
box026_039_p2	box026	e091_box026_20231018_039_p2	E092_C2_FAIL_low_support	116	135	left	True	0.14609833390354585	-0.197247	0.18839139609128183	0.23230372596513307	0.18884866721581559	-0.2763893702758429	0.2147216714700038	0.2656454437530695	-0.2624923751611646	0.2257104555294596	0.2176474584172858	-0.2711779971078386	0.23669923958891545	0.16964947308150213	-0.27986361905451246	0.23230372596513307	0.18884866721581559	-0.2763893702758429	0.225326323967053	0.1582493972549604	-0.2739373700455023	0.2381038658729608	0.11985911090090365	-0.2907698951800741	0.6242431647207359	0.030000000000000002	0.5517344142392412	0.525839836891939	0.5066094295720109	-y	-z	False	False	False	False	lh3	handbox_surface
box026_039_p2	box026	e091_box026_20231018_039_p2	E092_C2_FAIL_low_support	116	135	right	True	0.1434491817667071	-0.197247	-0.21090381428766683	-0.15932667860008703	0.1666131926710069	-0.27459767735034263	-0.1654472692481923	0.2439879982865333	-0.25521526712669323	-0.16162190009312652	0.19562874477682932	-0.26732927351647406	-0.15779653093806073	0.14726949126712532	-0.27944327990625506	-0.15932667860008703	0.1666131926710069	-0.27459767735034263	-0.1440770165018973	0.1391119102440507	-0.27314687113667246	-0.14414500159553628	0.10005385774193028	-0.29301971896164314	0.5006031844387923	0.030000000000000013	0.4127507434086912	0.3762077087133755	0.35064591814499046	-y	-z	False	False	False	False	rh3	handbox_surface
box026_039_p2	box026	e091_box026_20231018_039_p2	E092_C2_FAIL_low_support	117	136	left	False	nan	nan	nan	0.20705716587467152	0.24010273219533307	-0.2768105137915969	0.1890846219364305	0.31727155838467497	-0.2657669668547142	0.20031746189783114	0.2690410420163363	-0.2726691836902659	0.21155030185923182	0.22081052564799758	-0.27957140052581764	0.20705716587467152	0.24010273219533307	-0.2768105137915969	0.20123807774575744	0.20959301192847155	-0.2716814838155207	0.21306114154912376	0.17045716315142484	-0.28746166343146173	nan	0.029999999999999978	nan	nan	nan		+y	False	True	False	False	lh3	NA
box026_039_p2	box026	e091_box026_20231018_039_p2	E092_C2_FAIL_low_support	117	136	right	False	nan	nan	nan	-0.16558316973291656	0.21656177620719858	-0.2766712765696866	-0.17405826923888043	0.29337080002989885	-0.2559699107266349	-0.168761332047653	0.24536516014071116	-0.2689082643785422	-0.16346439485642558	0.19735952025152345	-0.2818466180304495	-0.16558316973291656	0.21656177620719858	-0.2766712765696866	-0.14915605978365407	0.18971107685856103	-0.27626192206596356	-0.14847053079044276	0.15092756391150436	-0.2966539631945694	nan	0.029999999999999975	nan	nan	nan		+y	False	True	False	False	rh3	NA
box026_039_p2	box026	e091_box026_20231018_039_p2	E092_C2_FAIL_low_support	118	137	left	False	nan	nan	nan	0.1997461385088251	0.30503590341406356	-0.2638185156009338	0.17798596761973975	0.381738418927013	-0.2572443938448696	0.19158607442541814	0.33379934673141964	-0.2613532199424097	0.20518618123109642	0.28586027453582613	-0.2654620460399497	0.1997461385088251	0.30503590341406356	-0.2638185156009338	0.19619948575330948	0.2747620305214503	-0.25594923099409755	0.20916499902831942	0.23519564507875632	-0.26961708285257974	nan	0.030000000000000044	nan	nan	nan		+y	False	True	False	False	lh3	NA
box026_039_p2	box026	e091_box026_20231018_039_p2	E092_C2_FAIL_low_support	118	137	right	False	nan	nan	nan	-0.1908474439538459	0.27364180458439225	-0.22408215094186087	-0.19514429606208014	0.35338856457033513	-0.21939265910325179	-0.19245876349443375	0.3035468395791209	-0.22232359150238243	-0.18977323092678738	0.2537051145879065	-0.22525452390151307	-0.1908474439538459	0.27364180458439225	-0.22408215094186087	-0.17613126511463323	0.24655772478903973	-0.2176896342295566	-0.17726245062320478	0.204495730397597	-0.22993607106094702	nan	0.03000000000000005	nan	nan	nan		+y	False	True	False	False	rh3	NA
box026_039_p2	box026	e091_box026_20231018_039_p2	E092_C2_FAIL_low_support	119	138	left	False	nan	nan	nan	0.1912001003405066	0.3720434818047781	-0.24556180002105357	0.16656751433319072	0.44804541363933376	-0.24967787387944576	0.1819628805877631	0.4005442062427364	-0.24710532771795068	0.19735824684233552	0.35304299884613904	-0.24453278155645558	0.1912001003405066	0.3720434818047781	-0.24556180002105357	0.18933388631490067	0.3432654947169447	-0.2329381527551945	0.203265925536225	0.30251609556007575	-0.24104976895662722	nan	0.029999999999999957	nan	nan	nan		+y	False	True	False	False	lh3	NA
box026_039_p2	box026	e091_box026_20231018_039_p2	E092_C2_FAIL_low_support	119	138	right	False	nan	nan	nan	-0.22439614791522164	0.34615374313973496	-0.21075990478381823	-0.22065322776018967	0.42565277874303437	-0.2188774097489165	-0.22299255285708464	0.37596588149097226	-0.21380396914573008	-0.22533187795397963	0.3262789842389101	-0.20873052854254368	-0.22439614791522164	0.34615374313973496	-0.21075990478381823	-0.21325862288131148	0.3192683433318381	-0.19875538975011672	-0.21771654032632543	0.2760440310291997	-0.20443447118316788	nan	0.030000000000000044	nan	nan	nan		+y	False	True	False	False	rh3	NA
box026_039_p2	box026	e091_box026_20231018_039_p2	E092_C2_FAIL_low_support	120	139	left	False	nan	nan	nan	0.18433770097130883	0.4259033092203514	-0.1931697408654344	0.15879264773331925	0.4996593728392673	-0.21070522872607597	0.17475830600706274	0.4535618330774449	-0.199745548813175	0.1907239642808062	0.40746429331562234	-0.1887858689002739	0.18433770097130883	0.4259033092203514	-0.1931697408654344	0.1826289801260194	0.39970638232934186	-0.1757969730822147	0.19722783938628768	0.3583938603184387	-0.1765469059506933	nan	0.030000000000000034	nan	nan	nan		+y	False	True	False	False	lh3	NA
box026_039_p2	box026	e091_box026_20231018_039_p2	E092_C2_FAIL_low_support	120	139	right	False	nan	nan	nan	-0.25711067157739603	0.4073682953682211	-0.19788935522550474	-0.24405378970825967	0.48497262046543327	-0.2122798577206103	-0.2522143408764699	0.43646991727967566	-0.20328579366116928	-0.2603748920446802	0.38796721409391816	-0.1942917296017284	-0.25711067157739603	0.4073682953682211	-0.19788935522550474	-0.25074274192673573	0.38099788742455537	-0.18191973955214896	-0.25868753243254766	0.33797277536737336	-0.18440694766396637	nan	0.030000000000000013	nan	nan	nan		+y	False	True	False	False	rh3	NA
box026_039_p2	box026	e091_box026_20231018_039_p2	E092_C2_FAIL_low_support	121	140	left	False	nan	nan	nan	0.14693985397500967	0.46659090240424905	-0.15291091211207752	0.12205314005705575	0.5377742848443601	-0.1796237841918599	0.13760733625577695	0.49328467081929067	-0.1629282391419959	0.15316153245449815	0.4487950567942213	-0.146232694092132	0.14693985397500967	0.46659090240424905	-0.15291091211207752	0.14556384644132855	0.4431812308615183	-0.13190839684750938	0.15927070068760305	0.40180116114746295	-0.1274111151083906	nan	0.02999999999999999	nan	nan	nan		+y	False	True	False	False	lh3	NA
box026_039_p2	box026	e091_box026_20231018_039_p2	E092_C2_FAIL_low_support	121	140	right	False	nan	nan	nan	-0.2997047145175434	0.4438402284084848	-0.19618390622146736	-0.2810160262560504	0.5205726423345713	-0.20894594305499997	-0.29269645641948355	0.47261488363076726	-0.200969670034042	-0.3043768865829167	0.4246571249269631	-0.1929933970130841	-0.2997047145175434	0.4438402284084848	-0.19618390622146736	-0.2966853821911355	0.417291679750506	-0.17953951484288455	-0.30647977122568976	0.37471249744511215	-0.18293794765075766	nan	0.02999999999999995	nan	nan	nan		+y	False	True	False	False	rh3	NA
box026_039_p2	box026	e091_box026_20231018_039_p2	E092_C2_FAIL_low_support	122	141	left	False	nan	nan	nan	0.09288809042306201	0.49761277348072835	-0.15094739363498993	0.06652012365192234	0.5627554102755981	-0.18917261043970895	0.08300010288388461	0.5220412622788045	-0.16528184993675954	0.09948008211584689	0.48132711428201097	-0.14139108943381024	0.09288809042306201	0.49761277348072835	-0.15094739363498993	0.0934513583827047	0.4791183127274478	-0.12547879696064007	0.10677077894975491	0.4390074217991845	-0.11389764716415172	nan	0.030000000000000058	nan	nan	nan		+y	False	True	False	False	lh3	NA
box026_039_p2	box026	e091_box026_20231018_039_p2	E092_C2_FAIL_low_support	122	141	right	False	nan	nan	nan	-0.33739705089155453	0.46007878104793787	-0.20930411129349585	-0.3203961395178457	0.5364358413878548	-0.22605428588093174	-0.33102170912641377	0.4887126786754068	-0.21558542676378428	-0.3416472787349818	0.44098951596295866	-0.2051165676466368	-0.33739705089155453	0.46007878104793787	-0.20930411129349585	-0.3342514794478562	0.4346763180799429	-0.19097932416354443	-0.3427262613688436	0.3916955573993019	-0.19211881993403987	nan	0.03000000000000006	nan	nan	nan		+y	False	True	False	False	rh3	NA
box026_135_p2	box026	e091_box026_20231020_135_p2	E092_C3_FAIL_inside_risk	0	34	left	False	nan	nan	nan	-0.32605376853987894	0.47388473147655225	-0.17562858122939232	-0.33569118467439596	0.5501517630064293	-0.15348224717901524	-0.32966779959032283	0.5024848683002562	-0.16732370596050092	-0.3236444145062497	0.45481797359408294	-0.1811651647419866	-0.32605376853987894	0.47388473147655225	-0.17562858122939232	-0.3079824432744184	0.44828336027161586	-0.17863004112195846	-0.312251478127137	0.4054313684073283	-0.18674765780415145	nan	0.03000000000000004	nan	nan	nan		+y	False	True	False	False	lh3	NA
box026_135_p2	box026	e091_box026_20231020_135_p2	E092_C3_FAIL_inside_risk	0	34	right	False	nan	nan	nan	-0.33613083595819365	0.4636794925696235	0.1533418099279605	-0.3406381662971429	0.5417469988344521	0.13645547110610345	-0.3378210848352996	0.4929548074189342	0.1470094328697641	-0.3350040033734564	0.44416261600341633	0.15756339463342475	-0.33613083595819365	0.4636794925696235	0.1533418099279605	-0.3191517639615624	0.43763481653373904	0.15827775281912534	-0.3249824118492276	0.3943041403428063	0.1612647603437889	nan	0.030000000000000058	nan	nan	nan		+y	False	True	False	False	rh3	NA
box026_135_p2	box026	e091_box026_20231020_135_p2	E092_C3_FAIL_inside_risk	1	35	left	False	nan	nan	nan	-0.32634711402850114	0.4734460115982398	-0.1752132574851732	-0.33598541576979435	0.5497064727189077	-0.15304469395013837	-0.3299614771814861	0.5020436845184902	-0.16690004615953513	-0.3239375385931779	0.4543808963180729	-0.18075539836893184	-0.32634711402850114	0.4734460115982398	-0.1752132574851732	-0.30827401879247357	0.4478473460448119	-0.17822711155976287	-0.3125411174151609	0.40499691866095033	-0.18635399954190973	nan	0.02999999999999997	nan	nan	nan		+y	False	True	False	False	lh3	NA
box026_135_p2	box026	e091_box026_20231020_135_p2	E092_C3_FAIL_inside_risk	1	35	right	False	nan	nan	nan	-0.3366612231012098	0.463536727809934	0.15426348618378383	-0.341275608967648	0.5415850351410801	0.13731741980191894	-0.3383916178011242	0.4928048430591138	0.1479087112905845	-0.33550762663460043	0.4440246509771475	0.15850000277925005	-0.3366612231012098	0.463536727809934	0.15426348618378383	-0.3196525816285949	0.4374916318088303	0.1590942891662215	-0.3254751552009825	0.3941669302648933	0.16218201341374	nan	0.030000000000000016	nan	nan	nan		+y	False	True	False	False	rh3	NA
box026_135_p2	box026	e091_box026_20231020_135_p2	E092_C3_FAIL_inside_risk	2	36	left	False	nan	nan	nan	-0.32749398892785575	0.4742880347197343	-0.17504079494493974	-0.3369983194127855	0.5505251556643725	-0.15273453815215057	-0.33105811285970443	0.5028769550739737	-0.16667594864764373	-0.3251179063066234	0.4552287544835747	-0.180617359143137	-0.32749398892785575	0.4742880347197343	-0.17504079494493974	-0.3094514806683773	0.4486791252156004	-0.17814939842969382	-0.31377965489516996	0.40584352630269194	-0.1863220320042935	nan	0.030000000000000096	nan	nan	nan		+y	False	True	False	False	lh3	NA
box026_135_p2	box026	e091_box026_20231020_135_p2	E092_C3_FAIL_inside_risk	2	36	right	False	nan	nan	nan	-0.3357037286695873	0.46400573715713017	0.15479363427857928	-0.34073323442559306	0.5420539765691926	0.13796578841145504	-0.3375897933280894	0.4932738269366536	0.14848319207840768	-0.334446352230586	0.4444936773041146	0.15900059574536032	-0.3357037286695873	0.46400573715713017	0.15479363427857928	-0.3185652346150227	0.4380117361819609	0.15943707080235678	-0.32421740537491045	0.3946655354474843	0.1625396528711074	nan	0.03000000000000003	nan	nan	nan		+y	False	True	False	False	rh3	NA
box026_135_p2	box026	e091_box026_20231020_135_p2	E092_C3_FAIL_inside_risk	3	37	left	False	nan	nan	nan	-0.3285916975635011	0.4747489180215361	-0.1706880489909645	-0.3373570843530442	0.5514305464867438	-0.14963820694040375	-0.33187871760957977	0.503504528695989	-0.1627943582220042	-0.32640035086611535	0.4555785109052342	-0.1759505095036047	-0.3285916975635011	0.4747489180215361	-0.1706880489909645	-0.31078976534602515	0.4489275574067139	-0.1734010383446839	-0.31552446688096875	0.40600336446596297	-0.18085153011837826	nan	0.030000000000000054	nan	nan	nan		+y	False	True	False	False	lh3	NA
box026_135_p2	box026	e091_box026_20231020_135_p2	E092_C3_FAIL_inside_risk	3	37	right	False	nan	nan	nan	-0.3348437786369493	0.46571520369566044	0.15593985844796204	-0.3399721970066018	0.5437062192332808	0.1388781814953149	-0.33676693552556897	0.4949618345222681	0.14954172959071935	-0.33356167404453624	0.4462174498112554	0.16020527768612386	-0.3348437786369493	0.46571520369566044	0.15593985844796204	-0.31768052699806654	0.4397294032457036	0.16053752481919925	-0.3233274396131637	0.39639711748934797	0.16383776071270673	nan	0.030000000000000082	nan	nan	nan		+y	False	True	False	False	rh3	NA
box026_135_p2	box026	e091_box026_20231020_135_p2	E092_C3_FAIL_inside_risk	4	38	left	False	nan	nan	nan	-0.3300806585004897	0.4747584162112826	-0.17056010083261555	-0.33846349935858705	0.5514485034354782	-0.14938562325480753	-0.3332242238222762	0.503517198920356	-0.16261967174093755	-0.32798494828596525	0.4555858944052337	-0.17585372022706755	-0.3300806585004897	0.4747584162112826	-0.17056010083261555	-0.3124030292580341	0.44885793570650795	-0.1733310753719729	-0.3173471174553299	0.40596771116834396	-0.18084094866470807	nan	0.03000000000000001	nan	nan	nan		+y	False	True	False	False	lh3	NA
box026_135_p2	box026	e091_box026_20231020_135_p2	E092_C3_FAIL_inside_risk	4	38	right	False	nan	nan	nan	-0.3341247346628076	0.46485807451679545	0.15612049139047562	-0.33941443391249104	0.5429049149549009	0.13936609556499707	-0.33610837188143894	0.494125639681085	0.14983759295592117	-0.3328023098503867	0.4453463644072691	0.16030909034684526	-0.3341247346628076	0.46485807451679545	0.15612049139047562	-0.3169174935013335	0.43886118204419294	0.16048512210619667	-0.32252675650461554	0.39551660934331584	0.16368673948561666	nan	0.03000000000000005	nan	nan	nan		+y	False	True	False	False	rh3	NA
box026_135_p2	box026	e091_box026_20231020_135_p2	E092_C3_FAIL_inside_risk	5	39	left	False	nan	nan	nan	-0.33160544662133357	0.474323668500393	-0.1710600950096775	-0.33911765017225454	0.5511313170782938	-0.14998518296375835	-0.3344225229529289	0.5031265367171058	-0.1631570029924578	-0.3297273957336033	0.45512175635591773	-0.1763288230211573	-0.33160544662133357	0.474323668500393	-0.1710600950096775	-0.3142256512323003	0.4482178358620743	-0.17378772775715962	-0.3196587915317783	0.4053781872552521	-0.18124822771627008	nan	0.03000000000000006	nan	nan	nan		+y	False	True	False	False	lh3	NA
box026_135_p2	box026	e091_box026_20231020_135_p2	E092_C3_FAIL_inside_risk	5	39	right	False	nan	nan	nan	-0.33597365673599494	0.46482350450913607	0.15768486311825042	-0.3405559766357358	0.5428556407282144	0.14065582728460294	-0.33769202669839776	0.49408555559129036	0.1512989746806326	-0.33482807676105975	0.4453154704543665	0.16194212207666228	-0.33597365673599494	0.46482350450913607	0.15768486311825042	-0.31900725391804036	0.4386749275537487	0.1620860750573515	-0.32503082817141143	0.3953999103916143	0.16547068888124666	nan	0.02999999999999994	nan	nan	nan		+y	False	True	False	False	rh3	NA
box026_135_p2	box026	e091_box026_20231020_135_p2	E092_C3_FAIL_inside_risk	6	40	left	False	nan	nan	nan	-0.332215112556323	0.47250436701746784	-0.17433000054412967	-0.33855833417433756	0.5492996128797446	-0.15282991327786005	-0.33459382066307847	0.5013025842158215	-0.16626746781927854	-0.33062930715181943	0.4533055555518985	-0.17970502236069705	-0.332215112556323	0.47250436701746784	-0.17433000054412967	-0.3152895166347997	0.4460985726694717	-0.17702629308433188	-0.32142389625402296	0.4034166254072708	-0.18483874023638738	nan	0.029999999999999888	nan	nan	nan		+y	False	True	False	False	lh3	NA
box026_135_p2	box026	e091_box026_20231020_135_p2	E092_C3_FAIL_inside_risk	6	40	right	False	nan	nan	nan	-0.3424796745232324	0.46154069725667907	0.15844242785066448	-0.34495739473905046	0.5396905188213454	0.14151711272972942	-0.34340881960416425	0.4908468803434289	0.1520954346803138	-0.34186024446927793	0.44200324186551254	0.16267375663089823	-0.3424796745232324	0.46154069725667907	0.15844242785066448	-0.32620710335221337	0.43498322046111915	0.1630120472706178	-0.3333146043546549	0.391859980454517	0.16622697631168215	nan	0.029999999999999978	nan	nan	nan		+y	False	True	False	False	rh3	NA
box026_135_p2	box026	e091_box026_20231020_135_p2	E092_C3_FAIL_inside_risk	7	41	left	False	nan	nan	nan	-0.33767766393445653	0.4704686710225044	-0.18192871246755588	-0.34237040035008864	0.5470344415303389	-0.1592205418790866	-0.33943744009031845	0.4991808349629423	-0.17341314849687986	-0.33650447983054843	0.45132722839554573	-0.18760575511467317	-0.33767766393445653	0.4704686710225044	-0.18192871246755588	-0.32134014954235224	0.44373474184005507	-0.18499374425617934	-0.3284041064223801	0.4013318912404434	-0.19350916204591967	nan	0.029999999999999975	nan	nan	nan		+y	False	True	False	False	lh3	NA
box026_135_p2	box026	e091_box026_20231020_135_p2	E092_C3_FAIL_inside_risk	7	41	right	False	nan	nan	nan	-0.34595822011688376	0.4597789073532345	0.15770476342255893	-0.3475564056458313	0.5378572985469526	0.14034934260899803	-0.34655753969023906	0.48905830405087886	0.15119648061747362	-0.345558673734647	0.440259309554805	0.16204361862594918	-0.34595822011688376	0.4597789073532345	0.15770476342255893	-0.32997000091289247	0.43311393991160807	0.1626377063502569	-0.33747582886797756	0.39006728130128954	0.1659714575559023	nan	0.03000000000000004	nan	nan	nan		+y	False	True	False	False	rh3	NA
box026_135_p2	box026	e091_box026_20231020_135_p2	E092_C3_FAIL_inside_risk	8	42	left	False	nan	nan	nan	-0.3459924577333229	0.4646105629571241	-0.1837867376393353	-0.3454302708695019	0.5413159764937068	-0.1610719081195704	-0.34578163765939	0.4933750930333427	-0.1752686765694235	-0.34613300444927814	0.44543420957297847	-0.1894654450192766	-0.3459924577333229	0.4646105629571241	-0.1837867376393353	-0.3315948258428037	0.4367632172636067	-0.1866582006254339	-0.34159712378058416	0.39498319241420893	-0.19530673376448593	nan	0.03000000000000008	nan	nan	nan		+y	False	True	False	False	lh3	NA
box026_135_p2	box026	e091_box026_20231020_135_p2	E092_C3_FAIL_inside_risk	8	42	right	False	nan	nan	nan	-0.34905714005548727	0.4566061046787243	0.16139170236223158	-0.34785476903710355	0.5344887058491239	0.14314739533602128	-0.3486062509235934	0.4858120801176241	0.15455008722740274	-0.3493577328100832	0.4371354543861244	0.16595277911878417	-0.34905714005548727	0.4566061046787243	0.16139170236223158	-0.3340200398729995	0.42949819578777193	0.1668711605076556	-0.3429687619170218	0.38675773054963664	0.17056428559521747	nan	0.029999999999999957	nan	nan	nan		+y	False	True	False	False	rh3	NA
box026_135_p2	box026	e091_box026_20231020_135_p2	E092_C3_FAIL_inside_risk	9	43	left	False	nan	nan	nan	-0.3421249717265189	0.46062777871038507	-0.18564838037070483	-0.34068635407428927	0.5370819183904069	-0.16213891621180918	-0.3415854901069328	0.4892980810903932	-0.17683233131111895	-0.3424846261395763	0.44151424379037957	-0.1915257464104288	-0.3421249717265189	0.46062777871038507	-0.18564838037070483	-0.32819711010492264	0.4325328125201533	-0.18842314366315074	-0.33877102063343256	0.3910434311022677	-0.19776322993716172	nan	0.029999999999999923	nan	nan	nan		+y	False	True	False	False	lh3	NA
box026_135_p2	box026	e091_box026_20231020_135_p2	E092_C3_FAIL_inside_risk	9	43	right	False	nan	nan	nan	-0.3543337872681267	0.45256557718825025	0.16752318882654926	-0.3507896074072604	0.5303198076967056	0.14903756124315864	-0.3530047198203018	0.48172341362892096	0.1605910784827778	-0.35521983223334325	0.4331270195611364	0.17214459572239693	-0.3543337872681267	0.45256557718825025	0.16752318882654926	-0.3401144311953033	0.4250515521029341	0.1731593137705738	-0.3503156071656141	0.38260083783918536	0.17694600562839632	nan	0.02999999999999994	nan	nan	nan		+y	False	True	False	False	rh3	NA
box026_135_p2	box026	e091_box026_20231020_135_p2	E092_C3_FAIL_inside_risk	10	44	left	False	nan	nan	nan	-0.3366192231936733	0.4515777461822699	-0.19244695391276567	-0.3360976255333113	0.5278855381699752	-0.16842927671779503	-0.33642362407103754	0.48019316817765945	-0.1834403249646517	-0.3367496226087638	0.4325007981853436	-0.1984513732115083	-0.3366192231936733	0.4515777461822699	-0.19244695391276567	-0.3225969871815338	0.4234948630583974	-0.19484285428224535	-0.3328004686526103	0.38206777290715843	-0.20484778973332238	nan	0.030000000000000047	nan	nan	nan		+y	False	True	False	False	lh3	NA
box026_135_p2	box026	e091_box026_20231020_135_p2	E092_C3_FAIL_inside_risk	10	44	right	False	nan	nan	nan	-0.35217298737939634	0.4450558689653821	0.1700427247896759	-0.3489753981845495	0.5226759685517905	0.15094048503782923	-0.35097389143132873	0.4741634063102852	0.16287938488273337	-0.35297238467810804	0.4256508440687799	0.17481828472763752	-0.35217298737939634	0.4450558689653821	0.1700427247896759	-0.33784474648269347	0.41759995909181535	0.17568649070672435	-0.34794172043848653	0.37516685587629184	0.17992312101187974	nan	0.029999999999999954	nan	nan	nan		+y	False	True	False	False	rh3	NA
box026_135_p2	box026	e091_box026_20231020_135_p2	E092_C3_FAIL_inside_risk	11	45	left	False	nan	nan	nan	-0.330357546642332	0.4362931539706364	-0.20119224308698672	-0.32924668739912694	0.5125072793429264	-0.1768987648370809	-0.32994097442613013	0.4648734509852452	-0.19208218874327204	-0.3306352614531334	0.41723962262756387	-0.20726561264946317	-0.330357546642332	0.4362931539706364	-0.20119224308698672	-0.3169327149625118	0.4078712222573395	-0.2029183537331761	-0.32760491100090877	0.3667380995797942	-0.2136227461223653	nan	0.030000000000000037	nan	nan	nan		+y	False	True	False	False	lh3	NA
box026_135_p2	box026	e091_box026_20231020_135_p2	E092_C3_FAIL_inside_risk	11	45	right	False	nan	nan	nan	-0.3483962135209534	0.43455911292408556	0.17205374330853881	-0.3437150150950039	0.5120074553840854	0.15256424276348965	-0.3466407641112223	0.46360224134658556	0.1647451806041454	-0.3495665131274408	0.4151970273090857	0.1769261184448011	-0.3483962135209534	0.43455911292408556	0.17205374330853881	-0.33462434737786695	0.4067822964521173	0.1775091752369288	-0.3456593276165269	0.3646242694447585	0.1821347711861005	nan	0.03000000000000006	nan	nan	nan		+y	False	True	False	False	rh3	NA
box026_135_p2	box026	e091_box026_20231020_135_p2	E092_C3_FAIL_inside_risk	12	46	left	False	nan	nan	nan	-0.32387724160321973	0.4132135271097818	-0.20915970868478595	-0.3225178111198929	0.48934092777723576	-0.18460831735195232	-0.32336745517197213	0.4417613023600771	-0.19995293693497335	-0.32421709922405123	0.3941816769429184	-0.21529755651799434	-0.32387724160321973	0.4132135271097818	-0.20915970868478595	-0.3114412046889548	0.3842958403177573	-0.20951204712309962	-0.3224430798789158	0.3435978033868447	-0.2214720679501841	nan	0.030000000000000058	nan	nan	nan		+y	False	True	False	False	lh3	NA
box026_135_p2	box026	e091_box026_20231020_135_p2	E092_C3_FAIL_inside_risk	12	46	right	False	nan	nan	nan	-0.3433187681713964	0.4117178241134233	0.17697307179768723	-0.3377624582340525	0.48928232979253417	0.15818810763388458	-0.3412351519448924	0.44080451374308993	0.16992871023626127	-0.3447078456557323	0.3923266976936456	0.1816693128386379	-0.3433187681713964	0.4117178241134233	0.17697307179768723	-0.32991707104051365	0.3836291329686742	0.18170567274143654	-0.3416041193489634	0.341633967709673	0.18620957822567352	nan	0.030000000000000065	nan	nan	nan		+y	False	True	False	False	rh3	NA
box026_135_p2	box026	e091_box026_20231020_135_p2	E092_C3_FAIL_inside_risk	13	47	left	False	nan	nan	nan	-0.32309397654480915	0.3731704362424086	-0.2185383835536146	-0.3191361727738996	0.4501656441012414	-0.19718250014678482	-0.32160980013071805	0.4020436391894708	-0.21052992727605346	-0.32408342748753655	0.3539216342777003	-0.22387735440532205	-0.32309397654480915	0.3731704362424086	-0.2185383835536146	-0.31323598216724013	0.34340424578681883	-0.2157445298489485	-0.32564649036443843	0.3030945394328602	-0.22764076563404465	nan	0.02999999999999989	nan	nan	nan		+y	False	True	False	False	lh3	NA
box026_135_p2	box026	e091_box026_20231020_135_p2	E092_C3_FAIL_inside_risk	13	47	right	False	nan	nan	nan	-0.3367401302000995	0.3799697946880983	0.1812555680920526	-0.33007177130964305	0.4573624086245954	0.16212662933987937	-0.33423949561617833	0.40899202491428466	0.17408221605998767	-0.33840721992271355	0.36062164120397394	0.18603780278009588	-0.3367401302000995	0.3799697946880983	0.1812555680920526	-0.32390362767915687	0.3514941082110439	0.18517182275641486	-0.3365199852340284	0.3098538412869358	0.19040459070870103	nan	0.02999999999999999	nan	nan	nan		+y	False	True	False	False	rh3	NA
box026_135_p2	box026	e091_box026_20231020_135_p2	E092_C3_FAIL_inside_risk	14	48	left	False	nan	nan	nan	-0.31623696610336044	0.30919386146287076	-0.21918632425333737	-0.30049100833046893	0.3858947294528851	-0.2027838347047137	-0.3103322319385261	0.33795668695912606	-0.2130353906726035	-0.3201734555465832	0.2900186444653671	-0.2232869466404933	-0.31623696610336044	0.30919386146287076	-0.21918632425333737	-0.31311271969009274	0.2785596549471379	-0.21264444062472412	-0.33123027252479287	0.2402441559230987	-0.22378402678087933	nan	0.02999999999999993	nan	nan	nan		+y	False	True	False	False	lh3	NA
box026_135_p2	box026	e091_box026_20231020_135_p2	E092_C3_FAIL_inside_risk	14	48	right	False	nan	nan	nan	-0.33301731975029947	0.32261964757678097	0.18293716697361387	-0.3147648216720689	0.3985553823366479	0.16559904422680763	-0.326172632970963	0.35109554811173105	0.17643537094356151	-0.33758044426985706	0.3036357138868142	0.1872716976603154	-0.33301731975029947	0.32261964757678097	0.18293716697361387	-0.32482055679398514	0.2923230622283073	0.1853677144770473	-0.34378693280786676	0.2531058827298818	0.19013799549540772	nan	0.029999999999999975	nan	nan	nan		+y	False	True	False	False	rh3	NA
box026_135_p2	box026	e091_box026_20231020_135_p2	E092_C3_FAIL_inside_risk	15	49	left	False	nan	nan	nan	-0.3308164108282457	0.2565645794164926	-0.1853130940662626	-0.31666386724387685	0.3349303324893052	-0.17766363294645135	-0.3255092069841074	0.2859517368187973	-0.18244454614633335	-0.33435454672433795	0.23697314114828946	-0.1872254593462154	-0.3308164108282457	0.2565645794164926	-0.1853130940662626	-0.3283094651322061	0.22707758199863004	-0.17457791952339766	-0.3453139692778814	0.18742390735878917	-0.18224906625821202	nan	0.03000000000000002	nan	nan	nan		+y	False	True	False	False	lh3	NA
box026_135_p2	box026	e091_box026_20231020_135_p2	E092_C3_FAIL_inside_risk	15	49	right	False	nan	nan	nan	-0.3365516917235778	0.27087706747202944	0.16800931725805027	-0.32085411841653094	0.348779082224761	0.15879724421583596	-0.33066510173343516	0.30009032300430377	0.1645547898672199	-0.3404760850503394	0.25140156378384654	0.17031233551860386	-0.3365516917235778	0.27087706747202944	0.16800931725805027	-0.32763992973334694	0.24073134288182005	0.16633798393805624	-0.3455217953296219	0.2007394849198618	0.1675026072475908	nan	0.030000000000000023	nan	nan	nan		+y	False	True	False	False	rh3	NA
box026_135_p2	box026	e091_box026_20231020_135_p2	E092_C3_FAIL_inside_risk	16	50	left	True	0.14809671998256566	-0.15553600823635466	-0.234485	-0.35510462120358177	0.21053063931648375	-0.1735151136296691	-0.33610552172983943	0.28823635850997514	-0.17259022238789637	-0.3479799589009283	0.23967028401404303	-0.17316827941400428	-0.3598543960720173	0.19110420951811088	-0.17374633644011228	-0.35510462120358177	0.21053063931648375	-0.1735151136296691	-0.35568137042931613	0.182282338708333	-0.15963301584180353	-0.3747364690887594	0.14316023186174623	-0.1648077174634269	0.6372125430261123	0.030000000000000034	0.5679506146262829	0.5558066127775015	0.523921546808314	-z	+y	False	True	False	False	lh3	handbox_surface
box026_135_p2	box026	e091_box026_20231020_135_p2	E092_C3_FAIL_inside_risk	16	50	right	True	0.14701121869894962	0.12464018657293151	-0.234485	-0.34549840551613253	0.22600344360988828	0.1803444030957418	-0.32886885334454163	0.30291916784842	0.1659419949833989	-0.339262323451786	0.2548468401993377	0.1749435000536132	-0.34965579355903037	0.20677451255025533	0.1839450051238275	-0.34549840551613253	0.22600344360988828	0.1803444030957418	-0.33710094166445526	0.19566440544128988	0.18029025727501496	-0.33302624138743936	0.2836902367887871	0.1695425970114846	0.6488816741907276	0.03	0.604605100619407	0.614741283663215	0.5784455410885351	-z	+y	False	True	False	False	rh	handbox_surface
box026_135_p2	box026	e091_box026_20231020_135_p2	E092_C3_FAIL_inside_risk	17	51	left	True	0.14294580101945267	-0.15632765612008287	-0.234485	-0.3505900644055529	0.15938909760287498	-0.1652853856732437	-0.335130086181557	0.23775777362775727	-0.16968307727459614	-0.3447925725715545	0.18877735111220584	-0.16693452002375087	-0.35445505896155194	0.13979692859665444	-0.1641859627729056	-0.3505900644055529	0.15938909760287498	-0.1652853856732437	-0.35129837144605136	0.13245732252081074	-0.14900074389102508	-0.35252256168355245	0.14959301309976472	-0.16473567422307464	0.6012896593448291	0.029999999999999975	0.53312892212491	0.5260252282988723	0.49236262420517857	-z	-x	False	False	False	False	lh2	handbox_surface
box026_135_p2	box026	e091_box026_20231020_135_p2	E092_C3_FAIL_inside_risk	17	51	right	True	0.13702089047561833	0.13523014941514294	-0.234485	-0.3264569351181362	0.17802280313741525	0.20567461466202844	-0.3214870254669126	0.2544884020703423	0.18268957218028775	-0.3245932189989274	0.20669740273726286	0.19705522373137566	-0.3276994125309422	0.1589064034041835	0.21142087528246364	-0.3264569351181362	0.17802280313741525	0.20567461466202844	-0.3139283281039246	0.14924141937723884	0.20805022469709303	-0.32272950287971847	0.23537200233711053	0.18843583280072293	0.6359419148487633	0.029999999999999985	0.5944824083253809	0.5983061778215157	0.5658636808499217	-z	+y	False	True	False	False	rh	handbox_surface
box026_135_p2	box026	e091_box026_20231020_135_p2	E092_C3_FAIL_inside_risk	18	52	left	True	0.13595813134839244	-0.1511904255292666	-0.234485	-0.3485229444962462	0.13923613638226548	-0.15871669956535286	-0.33553634808660454	0.21776147218599548	-0.16678639290553193	-0.34365297084263047	0.16868313730866422	-0.16174283456792002	-0.35176959359865656	0.11960480243133294	-0.1566992762303081	-0.3485229444962462	0.13923613638226548	-0.15871669956535286	-0.3489106612010901	0.11318682164855347	-0.14104483934718395	-0.35014626904745133	0.12942046940679927	-0.1577079878978305	0.5810656831884564	0.030000000000000027	0.5132574970567476	0.5080876538844349	0.4746842701995661	-z	-x	False	False	False	False	lh2	handbox_surface
box026_135_p2	box026	e091_box026_20231020_135_p2	E092_C3_FAIL_inside_risk	18	52	right	True	0.12279603017747433	0.12864209545560928	-0.234485	-0.3190041946270007	0.15089282627659276	0.21028588675791735	-0.32047649241375636	0.2260887675838783	0.18302047368313723	-0.319556306297034	0.17909130426682482	0.20006135685487478	-0.31863612018031173	0.13209384094977136	0.21710224002661238	-0.3190041946270007	0.15089282627659276	0.21028588675791735	-0.3041344256334706	0.12341489692259723	0.21413698223864572	-0.32010841796706746	0.2072897822570569	0.18983682695183224	0.6221344296130688	0.030000000000000013	0.5815103271295795	0.5836920579416132	0.5532817403046649	-z	-x	False	False	False	False	rh	handbox_surface
box026_135_p2	box026	e091_box026_20231020_135_p2	E092_C3_FAIL_inside_risk	19	53	left	True	0.13700191057101	-0.14853375700935836	-0.234485	-0.34845862825320895	0.13371548237602296	-0.16353538300226042	-0.33791326900937096	0.21278945232818725	-0.1695439331121148	-0.34450411853676965	0.16336822110808455	-0.16578858929345583	-0.3510949680641685	0.11394698988798188	-0.16203324547479678	-0.34845862825320895	0.13371548237602296	-0.16353538300226042	-0.34810588306160345	0.10722479013272597	-0.14653154340026386	-0.3497767981586886	0.12383123613200242	-0.1627843142385286	0.5777976262193174	0.030000000000000016	0.5089131973383434	0.5028436718935171	0.46865641795914964	-z	-x	False	False	False	False	lh2	handbox_surface
box026_135_p2	box026	e091_box026_20231020_135_p2	E092_C3_FAIL_inside_risk	19	53	right	True	0.12341530478483159	0.13055444172551245	-0.234485	-0.30762524422081006	0.14402909241176987	0.21976848018030234	-0.3167381695449876	0.21705796863106097	0.18840388501021565	-0.3110425912173767	0.17141492099400404	0.20800675699151985	-0.30534701288976573	0.12577187335694706	0.227609628972824	-0.30762524422081006	0.14402909241176987	0.21976848018030234	-0.2900669570115911	0.11842447206994006	0.22497304887858346	-0.31445993821394325	0.1988007495762382	0.19624503380273733	0.6214677764535814	0.030000000000000023	0.5803899143731791	0.5841424634256468	0.553865420778598	-z	-x	False	False	False	True	rh	handbox_surface
box026_135_p2	box026	e091_box026_20231020_135_p2	E092_C3_FAIL_inside_risk	20	54	left	True	0.14012294347511983	-0.15113528019933506	-0.234485	-0.3476133085405852	0.13878837302987956	-0.16861002018206658	-0.3360855576448538	0.2178665819011921	-0.1723178282934758	-0.34329040195468596	0.16844270135662176	-0.17000044822384502	-0.35049524626451806	0.11901882081205135	-0.16768306815421424	-0.3476133085405852	0.13878837302987956	-0.16861002018206658	-0.34820775107081064	0.11190858560092502	-0.1522351787549816	-0.34905427740255157	0.12890359692096548	-0.16814654416814043	0.5830753006711806	0.029999999999999992	0.5140495940030438	0.5082256088075102	0.473881571566952	-z	-x	False	False	False	False	lh2	handbox_surface
box026_135_p2	box026	e091_box026_20231020_135_p2	E092_C3_FAIL_inside_risk	20	54	right	True	0.1298852045554576	0.1343938421792403	-0.234485	-0.30574631441159533	0.14369297164980685	0.22585067953236979	-0.319045121564188	0.21385141320184173	0.1897822056624115	-0.3107333670938176	0.1700023872318199	0.21232500183113542	-0.30242161262344713	0.12615336126179816	0.23486779799985938	-0.30574631441159533	0.14369297164980685	0.22585067953236979	-0.28645781678341725	0.12001586429286192	0.2334878265364069	-0.31572041977603993	0.19631180281383304	0.19879932412990106	0.6285315202114754	0.03	0.5881607467522603	0.5910161548972569	0.5642203740748528	-z	-x	False	False	False	True	rh	handbox_surface
box026_135_p2	box026	e091_box026_20231020_135_p2	E092_C3_FAIL_inside_risk	21	55	left	True	0.1422013959922283	-0.1522061145264565	-0.234485	-0.34704669173235086	0.1415696873260355	-0.17351543477872333	-0.33743501735056936	0.22098748749565592	-0.1741702109212754	-0.34344231383918283	0.17135136238964316	-0.17376097583218034	-0.34944961032779626	0.1217152372836304	-0.17335174074308535	-0.34704669173235086	0.1415696873260355	-0.17351543477872333	-0.3478323501218111	0.1141768741728795	-0.1580225882242307	-0.3482481510300736	0.131642462304833	-0.17343358776090428	0.5867083269208493	0.03000000000000002	0.5161191521052183	0.5101373660063244	0.47460419332263704	-z	-x	False	False	False	False	lh2	handbox_surface
box026_135_p2	box026	e091_box026_20231020_135_p2	E092_C3_FAIL_inside_risk	21	55	right	True	0.13436202243972162	0.13583224183857429	-0.234485	-0.3073219799899388	0.14156983077385066	0.23492544397549509	-0.3251526174505261	0.2080351504577439	0.1941280219115095	-0.31400846903765905	0.16649432565531064	0.2196264107015005	-0.30286432062479207	0.12495350085287739	0.2451247994914915	-0.3073219799899388	0.14156983077385066	0.23492544397549509	-0.2863134932340238	0.12042786112722906	0.2450564938516764	-0.3206949580853793	0.19141882053677062	0.2043273774275059	0.6389001755681081	0.030000000000000016	0.5990845721809065	0.6017701421153937	0.5788739005215835	-z	-x	False	False	False	True	rh	handbox_surface
box026_135_p2	box026	e091_box026_20231020_135_p2	E092_C3_FAIL_inside_risk	22	56	left	True	0.14135833965441602	-0.1540531197688146	-0.234485	-0.34467429894570806	0.13922263175294736	-0.1651097055708817	-0.3349624041908012	0.21859991690947173	-0.16732909770600193	-0.34103233841261804	0.16898911368664396	-0.16594197762155183	-0.3471022726344347	0.11937831046381628	-0.16455485753710164	-0.34467429894570806	0.13922263175294736	-0.1651097055708817	-0.347044909863086	0.11233595363330011	-0.1489078998234167	-0.3458882857900713	0.1293004711083818	-0.1648322815539917	0.584598320899604	0.02999999999999997	0.5141353929878378	0.5117266924884207	0.47658834752125706	-z	-x	False	False	False	False	lh2	handbox_surface
box026_135_p2	box026	e091_box026_20231020_135_p2	E092_C3_FAIL_inside_risk	22	56	right	True	0.13243932144800083	0.13226349879662216	-0.234485	-0.31400958422364433	0.13451664837528288	0.23612551519189928	-0.3340117332982935	0.1974125992046515	0.1909147487566224	-0.32151039012663785	0.1581026299362961	0.21917147777867046	-0.30900904695498205	0.1187926606679407	0.24742820680071848	-0.31400958422364433	0.13451664837528288	0.23612551519189928	-0.2921738888496762	0.11599153567991727	0.24920221871629988	-0.3290111960296312	0.18168861149730933	0.20221744036544165	0.642294481657207	0.030000000000000002	0.6036807051875532	0.6055210114757147	0.5887877230277209	-z	-x	False	False	False	False	rh	handbox_surface
box026_135_p2	box026	e091_box026_20231020_135_p2	E092_C3_FAIL_inside_risk	23	57	left	True	0.14020889687942062	-0.1526903158082801	-0.234485	-0.34341835802061743	0.14138198748793493	-0.16352561148361275	-0.33304346944554547	0.2207023811808818	-0.16432362868314382	-0.33952777480496554	0.17112713512279001	-0.16382486793343687	-0.34601208016438545	0.12155188906469819	-0.16332610718372997	-0.34341835802061743	0.14138198748793493	-0.16352561148361275	-0.34728042940657056	0.114395979031881	-0.14778231074554365	-0.34471521909250147	0.1314669382763166	-0.16342585933367137	0.5830933629788395	0.029999999999999975	0.5127461359066479	0.5127787988946647	0.4781359328488898	-z	-x	False	False	False	False	lh2	handbox_surface
box026_135_p2	box026	e091_box026_20231020_135_p2	E092_C3_FAIL_inside_risk	23	57	right	True	0.132553924543005	0.130889863238593	-0.234485	-0.31900352307928587	0.13130184651806198	0.2387329150825756	-0.3397748990397606	0.19199986402918282	0.19093855756070613	-0.32679278906446396	0.15406360308473227	0.22081003101187455	-0.31381067908916727	0.11612734214028178	0.25068150446304294	-0.31900352307928587	0.13130184651806198	0.2387329150825756	-0.29699434688643234	0.11444631219178152	0.253648165459063	-0.3345820550496419	0.1768253596514026	0.2028871469411735	0.647170758598179	0.030000000000000002	0.6094284104114503	0.6103732828940079	0.5955288217439829	-z	-x	False	False	False	False	rh	handbox_surface
box026_135_p2	box026	e091_box026_20231020_135_p2	E092_C3_FAIL_inside_risk	24	58	left	True	0.1391492189414127	-0.1525970153520798	-0.234485	-0.34230126222653257	0.14345258640608538	-0.1634295054138977	-0.332142642862512	0.22280051391646938	-0.1625875716731594	-0.33849177996502483	0.1732080592224794	-0.1631137802611208	-0.34484091706753767	0.12361560452848942	-0.16363998884908224	-0.34230126222653257	0.14345258640608538	-0.1634295054138977	-0.34730070109000966	0.11629235865094506	-0.14831860189197155	-0.34357108964703514	0.1335340954672874	-0.16353474713149	0.5825664953135299	0.03000000000000002	0.511746276124928	0.513849501531944	0.47937078935962385	-z	-x	False	False	False	False	lh2	handbox_surface
box026_135_p2	box026	e091_box026_20231020_135_p2	E092_C3_FAIL_inside_risk	24	58	right	True	0.1329103934837883	0.13279624757981992	-0.234485	-0.3269143946115068	0.12864056900861884	0.2394248515411141	-0.3472490659126367	0.18793878765429425	0.18972351948125202	-0.33453989634943054	0.15087740100074712	0.2207868520186658	-0.3218307267862243	0.11381601434719998	0.2518501845560796	-0.3269143946115068	0.12864056900861884	0.2394248515411141	-0.30520908793208007	0.11302021433390241	0.2560339379005109	-0.3421653980873543	0.1731142329928754	0.2021488524962175	0.6527703737262418	0.030000000000000016	0.6160868167552835	0.6132791650846408	0.6000552325313223	-z	-x	False	False	False	False	rh	handbox_surface
box026_135_p2	box026	e091_box026_20231020_135_p2	E092_C3_FAIL_inside_risk	25	59	left	True	0.1387013062038082	-0.1546373018572462	-0.234485	-0.3421624550899951	0.15318931827284185	-0.16088344421687034	-0.3335134935061111	0.23264963889300339	-0.15752890841267414	-0.3389190944960386	0.18298693850540243	-0.1596254932902968	-0.34432469548596606	0.13332423811780147	-0.1617220781679194	-0.3421624550899951	0.15318931827284185	-0.16088344421687034	-0.34767230085521195	0.125592545567457	-0.14677417415068533	-0.34324357528798066	0.1432567781953217	-0.16130276119239487	0.5896739103860352	0.030000000000000013	0.5170365152322663	0.5200507343471313	0.4847162213366312	-z	-x	False	False	False	False	lh2	handbox_surface
box026_135_p2	box026	e091_box026_20231020_135_p2	E092_C3_FAIL_inside_risk	25	59	right	True	0.1338234690407247	0.13608287513616538	-0.234485	-0.32576841169450765	0.12860367326453068	0.24437561131782626	-0.34799623389017065	0.18579802936599915	0.19304599461775318	-0.3341038450178813	0.1500515568025814	0.22512700505529887	-0.320211456145592	0.1143050842391636	0.25720801549284456	-0.32576841169450765	0.12860367326453068	0.24437561131782626	-0.30383276776317564	0.11486252841273159	0.26229169435473726	-0.34243927834125487	0.17149944034063208	0.20587839879277148	0.6560444272307716	0.03000000000000006	0.6196148198402903	0.6143153642177999	0.5999117452969852	-z	-x	False	False	False	False	rh	handbox_surface
box026_135_p2	box026	e091_box026_20231020_135_p2	E092_C3_FAIL_inside_risk	26	60	left	True	0.13682051604348777	-0.15183442068721364	-0.234485	-0.34075126291918345	0.15210841655690602	-0.16293013427814385	-0.33430075781613316	0.2317960698845651	-0.1600545663261829	-0.33833232350553955	0.18199128655477823	-0.16185179629615848	-0.342363889194946	0.13218650322499126	-0.16364902626613406	-0.34075126291918345	0.15210841655690602	-0.16293013427814385	-0.3462735709375067	0.12452351586927969	-0.1488025324252371	-0.3415575760570647	0.14214745989094865	-0.16328958027213897	0.5852225269309133	0.03000000000000005	0.5115187571386008	0.5159436712789426	0.4804537533686404	-z	-x	False	False	False	False	lh2	handbox_surface
box026_135_p2	box026	e091_box026_20231020_135_p2	E092_C3_FAIL_inside_risk	26	60	right	True	0.1361182164805464	0.13878144015602614	-0.234485	-0.31583170926062315	0.13681898367574666	0.24503558987141266	-0.34088930282727614	0.192330338545299	0.1931645335375085	-0.325228306848118	0.15763574175182882	0.2255839437461986	-0.30956731086895983	0.12294114495835859	0.2580033539548887	-0.31583170926062315	0.13681898367574666	0.24503558987141266	-0.29323335782501825	0.1243582506912959	0.263063962337859	-0.3346249044356129	0.1784524998279109	0.20613229762098456	0.6518124977904722	0.030000000000000006	0.6144029522977397	0.6110234630496727	0.5943756296331016	-z	-x	False	False	False	False	rh	handbox_surface
box026_135_p2	box026	e091_box026_20231020_135_p2	E092_C3_FAIL_inside_risk	27	61	left	True	0.13420826104127812	-0.14947255366200488	-0.234485	-0.33938760685992836	0.14759335050599964	-0.16382928073821437	-0.3343213972348879	0.2273637968397645	-0.1605112373769702	-0.3374877782505382	0.17750726788116145	-0.1625850144777478	-0.34065415926618847	0.12765073892255838	-0.16465879157852542	-0.33938760685992836	0.14759335050599964	-0.16382928073821437	-0.34488298869341877	0.11987195022056789	-0.1499607368121668	-0.3400208830630585	0.13762204471427905	-0.16424403615836985	0.5784311239016169	0.03	0.5042267919324125	0.5094529148943094	0.47398301593556896	-z	-x	False	False	False	False	lh2	handbox_surface
box026_135_p2	box026	e091_box026_20231020_135_p2	E092_C3_FAIL_inside_risk	27	61	right	True	0.13748754814843733	0.1356094510059234	-0.234485	-0.306957356812332	0.14389308668726208	0.24752942888813034	-0.33355443001129387	0.1994218724805241	0.19644959289020364	-0.3169312592619427	0.16471638135973535	0.22837449038890784	-0.3003080885125915	0.13001089023894657	0.26029938788761203	-0.306957356812332	0.14389308668726208	0.24752942888813034	-0.28384405018635805	0.13145691750400207	0.26491028964831265	-0.3269051617115534	0.1855396760322086	0.2092195518896853	0.6492939039956968	0.03000000000000001	0.6106874857747919	0.6104408793051159	0.5918740102065031	-z	-x	False	False	False	False	rh	handbox_surface
box026_135_p2	box026	e091_box026_20231020_135_p2	E092_C3_FAIL_inside_risk	28	62	left	True	0.12728295765620481	-0.14980671330975018	-0.234485	-0.3373072319234448	0.142601695854224	-0.1660836894783533	-0.33174938045460933	0.22234602062817066	-0.16292885930896467	-0.33522303762263156	0.172505817644454	-0.16490062816483256	-0.33869669479065373	0.12266561466073732	-0.16687239702070047	-0.3373072319234448	0.142601695854224	-0.1660836894783533	-0.34377203578986043	0.11500757876650215	-0.15238030380080714	-0.33800196335704924	0.1326336552574807	-0.16647804324952686	0.5680133344232922	0.030000000000000006	0.4940125642719922	0.5014843764903064	0.4668996196014644	-z	-x	False	False	False	False	lh2	handbox_surface
box026_135_p2	box026	e091_box026_20231020_135_p2	E092_C3_FAIL_inside_risk	28	62	right	True	0.13878379655572062	0.1250550460817837	-0.234485	-0.29717247883128706	0.1460584571678211	0.2429558743217978	-0.32642349516055247	0.20153867731342134	0.19329378398821656	-0.30814160995476153	0.16686353972242118	0.22433259044670484	-0.2898597247489707	0.13218840213142108	0.2553713969051931	-0.29717247883128706	0.1460584571678211	0.2429558743217978	-0.2733214952980864	0.13398173687936357	0.2595769747510459	-0.31911074107823606	0.18766862227702133	0.20570930657161188	0.6418752608010213	0.02999999999999998	0.6009573278748418	0.6064864504791047	0.5839361792121082	-z	-x	False	False	False	True	rh	handbox_surface
box026_135_p2	box026	e091_box026_20231020_135_p2	E092_C3_FAIL_inside_risk	29	63	left	True	0.12519284854329055	-0.15177555913091367	-0.234485	-0.3367605649245166	0.14493909350578632	-0.16957510162210013	-0.32720898284690514	0.2242359068425783	-0.16501629975706764	-0.33317872164541235	0.17467539850708327	-0.16786555092271294	-0.3391484604439196	0.12511489017158836	-0.1707148020883583	-0.3367605649245166	0.14493909350578632	-0.16957510162210013	-0.345282761826618	0.11756088403650516	-0.15658211997323768	-0.33795451268421806	0.13502699183868735	-0.1701449518552292	0.5666682231212401	0.029999999999999964	0.49437837051869277	0.5040068621426875	0.4710160451293713	-z	-x	False	False	False	False	lh2	handbox_surface
box026_135_p2	box026	e091_box026_20231020_135_p2	E092_C3_FAIL_inside_risk	29	63	right	True	0.13606304431951896	0.11785240066837899	-0.234485	-0.30054185425895424	0.1357258328996492	0.23267702580247446	-0.32841683378022063	0.19466592039775024	0.18631916128732265	-0.31099497157942907	0.15782836571143707	0.21529282660929247	-0.2935731093786377	0.12099081102512395	0.24426649193126238	-0.30054185425895424	0.1357258328996492	0.23267702580247446	-0.2769721800167225	0.12208178614642617	0.24846588301940895	-0.321448088899904	0.17993089852322502	0.19790862741611057	0.635420365325197	0.02999999999999999	0.5932729321295301	0.6021504606181202	0.5777501436383251	-z	-x	False	False	False	True	rh	handbox_surface
box026_135_p2	box026	e091_box026_20231020_135_p2	E092_C3_FAIL_inside_risk	30	64	left	True	0.13114181991410936	-0.15058599893159694	-0.234485	-0.33659844321597354	0.14936820623499064	-0.16872141236170252	-0.3274171762843982	0.22864648012719008	-0.16318429883527288	-0.33315546811663277	0.17909755894456542	-0.1666449947892914	-0.33889375994886733	0.12954863776194078	-0.17010569074330992	-0.33659844321597354	0.14936820623499064	-0.16872141236170252	-0.3455010728174698	0.12186458244260742	-0.1562592443972064	-0.33774610158242035	0.13945842199846567	-0.16941355155250618	0.5734679470672932	0.02999999999999999	0.5009569461154961	0.5115775720357789	0.47876180908954014	-z	-x	False	False	False	False	lh2	handbox_surface
box026_135_p2	box026	e091_box026_20231020_135_p2	E092_C3_FAIL_inside_risk	30	64	right	True	0.13713026234832543	0.12021031080307344	-0.234485	-0.3050643909203629	0.1322795618834043	0.2281904842130208	-0.333970972369207	0.1916992741323038	0.18309383971257784	-0.3159043589636794	0.15456195397674163	0.2112792425253547	-0.29783774555815196	0.1174246338211794	0.2394646453381315	-0.3050643909203629	0.1322795618834043	0.2281904842130208	-0.28133075500037935	0.11885723072545844	0.2439236695297295	-0.3267443270069959	0.17684434607007896	0.1943680008376886	0.6364952186860839	0.029999999999999995	0.593298681962366	0.6042250588367045	0.5780844034160608	-z	-x	False	False	False	False	rh	handbox_surface
box026_135_p2	box026	e091_box026_20231020_135_p2	E092_C3_FAIL_inside_risk	31	65	left	True	0.13382614592405803	-0.1543853388565087	-0.234485	-0.33676999168662	0.14727610063655333	-0.16583484709785346	-0.3290472287242465	0.22681289715136327	-0.16205901177454785	-0.33387395557572996	0.17710239932960706	-0.1644189088516139	-0.3387006824272133	0.12739190150785082	-0.1667788059286799	-0.33676999168662	0.14727610063655333	-0.16583484709785346	-0.3448262082369679	0.11985724007116465	-0.15263199793188273	-0.3377353370569166	0.13733400107220206	-0.1663068265132667	0.5775264172654553	0.03000000000000002	0.5043141216085777	0.5142529849209733	0.48082577029210455	-z	-x	False	False	False	False	lh2	handbox_surface
box026_135_p2	box026	e091_box026_20231020_135_p2	E092_C3_FAIL_inside_risk	31	65	right	True	0.1369557190538181	0.12412705608302434	-0.234485	-0.29731717072195535	0.14190880106657255	0.2305917058357011	-0.32903414791472485	0.1974391474476918	0.18252493988929844	-0.30921103716924386	0.16273268095949223	0.2125666686058001	-0.28938792642376293	0.1280262144712927	0.24260839732230177	-0.29731717072195535	0.14190880106657255	0.2305917058357011	-0.27299511751999095	0.13052526366485373	0.24701822013942012	-0.32110490361653243	0.18355656085241207	0.1945416313758991	0.6327798693336742	0.029999999999999954	0.5898454635642779	0.599855624218186	0.5736371160930928	-z	-x	False	False	False	True	rh	handbox_surface
box026_135_p2	box026	e091_box026_20231020_135_p2	E092_C3_FAIL_inside_risk	32	66	left	True	0.1355588235301961	-0.15596763668926578	-0.234485	-0.337044086365249	0.14194911123540707	-0.16244659873146386	-0.3324226956267434	0.22178990677259425	-0.16042419530209315	-0.33531106483830947	0.17188940956185234	-0.16168819744544982	-0.3381994340498755	0.12198891235111034	-0.16295219958880655	-0.337044086365249	0.14194911123540707	-0.16244659873146386	-0.3432241404880398	0.1144807930434943	-0.14836433354943757	-0.3376217602075623	0.13196901179325873	-0.1626993991601352	0.5783667253662186	0.03000000000000008	0.5039166645935181	0.5117341869766384	0.4769709993163339	-z	-x	False	False	False	False	lh2	handbox_surface
box026_135_p2	box026	e091_box026_20231020_135_p2	E092_C3_FAIL_inside_risk	32	66	right	True	0.1365247062909932	0.13164599127275842	-0.234485	-0.300818307977413	0.14679451559944792	0.23553949818576916	-0.3317358484415488	0.1998015148550136	0.18421344513696175	-0.312412385651464	0.16667214032028502	0.2162922282924664	-0.2930889228613791	0.1335427657855565	0.24837101144797105	-0.300818307977413	0.14679451559944792	0.23553949818576916	-0.2767673815476984	0.1362677175008478	0.2529095018578921	-0.32400646332551486	0.1865497650411222	0.1970449583991636	0.637158891632133	0.03000000000000003	0.5963136977493728	0.601300652341007	0.5784077836825137	-z	-x	False	False	False	True	rh	handbox_surface
box026_135_p2	box026	e091_box026_20231020_135_p2	E092_C3_FAIL_inside_risk	33	67	left	True	0.13449779715283114	-0.15317514073164976	-0.234485	-0.33676406913731016	0.13380842986440153	-0.15875149152044032	-0.3340236937055125	0.21376147474429763	-0.15872055729782514	-0.3357364283503861	0.16379082169436254	-0.1587398911869596	-0.3374491629952595	0.11382016864442748	-0.15875922507609416	-0.33676406913731016	0.13380842986440153	-0.15875149152044032	-0.341532910469257	0.10653532436761416	-0.14376991500721842	-0.33710661606628484	0.12381429925441453	-0.15875535829826723	0.5721232119747967	0.029999999999999995	0.4974986953497485	0.5041852399594645	0.4690025148158532	-z	-x	False	False	False	False	lh2	handbox_surface
box026_135_p2	box026	e091_box026_20231020_135_p2	E092_C3_FAIL_inside_risk	33	67	right	True	0.1350085395036751	0.13268284859144416	-0.234485	-0.30459985158127156	0.14766451988685553	0.23883717813136598	-0.3338839958497245	0.19867220303154673	0.18460937018493287	-0.3155814056819415	0.16679240106611476	0.2185017501514536	-0.29727881551415836	0.13491259910068273	0.2523941301179743	-0.30459985158127156	0.14766451988685553	0.23883717813136598	-0.28101576601845163	0.13765431897070024	0.2571282785271758	-0.32656295978261135	0.18592028224537394	0.19816632217154115	0.6398372887579894	0.03000000000000006	0.6010980083213917	0.6008785125384566	0.5815872405911222	-z	-x	False	False	False	False	rh	handbox_surface
box026_135_p2	box026	e091_box026_20231020_135_p2	E092_C3_FAIL_inside_risk	34	68	left	True	0.133868925187096	-0.15158858227367794	-0.234485	-0.33725879755626514	0.1287688470478471	-0.1552065477573045	-0.3364920667097562	0.2087345119504794	-0.157421171989297	-0.3369712734888243	0.15875597138633418	-0.15603703184430168	-0.3374504802678924	0.10877743082218902	-0.15465289169930632	-0.33725879755626514	0.1287688470478471	-0.1552065477573045	-0.3407216479798484	0.1018157379757963	-0.13931471513159008	-0.3373546389120788	0.11877313893501809	-0.1549297197283054	0.569349030370097	0.029999999999999954	0.4943396074599153	0.500196879924305	0.4645704052832925	-z	-x	False	False	False	False	lh2	handbox_surface
box026_135_p2	box026	e091_box026_20231020_135_p2	E092_C3_FAIL_inside_risk	34	68	right	True	0.1336658924368102	0.12488793754526153	-0.234485	-0.3015636875697242	0.14791031876103403	0.23734711339054348	-0.3324343375054428	0.19748826481088277	0.18267508911830171	-0.31314018129561866	0.16650204852972733	0.2168451042884528	-0.2938460250857946	0.13551583224857186	0.25101511945860394	-0.3015636875697242	0.14791031876103403	0.23734711339054348	-0.2774984456236661	0.1384686499317349	0.25531087100695904	-0.3247166750215132	0.18509377829842055	0.1963430951863622	0.6364481634777822	0.030000000000000002	0.5969851294767119	0.5989570088398805	0.578755837258593	-z	-x	False	False	False	True	rh	handbox_surface
box026_135_p2	box026	e091_box026_20231020_135_p2	E092_C3_FAIL_inside_risk	35	69	left	True	0.136326391109097	-0.1546718537983971	-0.234485	-0.33789146529434605	0.1284490378650288	-0.15549981462516976	-0.33783948593250507	0.20839493172320644	-0.15844113292874418	-0.3378719730336557	0.15842874806184537	-0.15660280898901016	-0.33790446013480635	0.10846256440048432	-0.15476448504927617	-0.33789146529434605	0.1284490378650288	-0.15549981462516976	-0.34078235084603237	0.10161382099729217	-0.13929717032560254	-0.3378979627145761	0.11845580113275658	-0.15513214983722298	0.5735518382130608	0.029999999999999978	0.49816966608559204	0.5031512159742101	0.4670331711262617	-z	-x	False	False	False	False	lh2	handbox_surface
box026_135_p2	box026	e091_box026_20231020_135_p2	E092_C3_FAIL_inside_risk	35	69	right	True	0.13371952617947286	0.1168478082990082	-0.234485	-0.30043099995501543	0.14217654856724252	0.23033245262132457	-0.33254018943852304	0.19253939108211549	0.17711042668718416	-0.3124719460113308	0.1610626145103199	0.21037419289602188	-0.29240370258413867	0.1295858379385243	0.24363795910485966	-0.30043099995501543	0.14217654856724252	0.23033245262132457	-0.27594026275007133	0.13243359129283164	0.24754454553918817	-0.3245128920676461	0.17994868045339724	0.19041593317071925	0.6316181444893747	0.030000000000000058	0.5905816322017121	0.5970216611163562	0.5746384715251737	-z	-x	False	False	False	True	rh	handbox_surface
box026_135_p2	box026	e091_box026_20231020_135_p2	E092_C3_FAIL_inside_risk	36	70	left	True	0.13741111601537234	-0.16390268712056788	-0.234485	-0.33693881783691765	0.13067825668967423	-0.16126301545061925	-0.3338792010917422	0.2105539828759879	-0.164504482954958	-0.3357914615574768	0.1606316540095418	-0.16247856576474626	-0.3377037220232114	0.11070932514309574	-0.16045264857453453	-0.33693881783691765	0.13067825668967423	-0.16126301545061925	-0.3411409119073416	0.10404103955052331	-0.14502069928528327	-0.33732126993006456	0.12069379091638496	-0.1608578320125769	0.578297626283922	0.029999999999999936	0.5037387973237129	0.509362859184339	0.47383518297122523	-z	-x	False	False	False	False	lh2	handbox_surface
box026_135_p2	box026	e091_box026_20231020_135_p2	E092_C3_FAIL_inside_risk	36	70	right	True	0.13531393156502486	0.10988819700588762	-0.234485	-0.3004854153252695	0.14141487420551405	0.22703770583087188	-0.33200305025490623	0.19148296765032843	0.1731876853365075	-0.3123045284238833	0.16019040924731942	0.20684394814548523	-0.29260600659286023	0.12889785084431046	0.24050021095446303	-0.3004854153252695	0.14141487420551405	0.22703770583087188	-0.2761141784052984	0.13160980010176096	0.2443836246798791	-0.324123641522497	0.1789659442891248	0.18665019046009862	0.6306059298408351	0.029999999999999957	0.589599711567759	0.5961535518256688	0.5739816606898376	-z	-x	False	False	False	True	rh	handbox_surface
box026_135_p2	box026	e091_box026_20231020_135_p2	E092_C3_FAIL_inside_risk	37	71	left	True	0.13910247857403035	-0.16564139928860103	-0.234485	-0.33790865502342904	0.14083801002341392	-0.17065822286590931	-0.3284442607248443	0.2202756400264422	-0.1709551741462385	-0.33435950716145985	0.17062712127454954	-0.17076957959603278	-0.3402747535980752	0.12097860252265687	-0.170583985045827	-0.33790865502342904	0.14083801002341392	-0.17065822286590931	-0.34489229018186024	0.11411779700948335	-0.1555495888318943	-0.3390917043107522	0.1309083062730354	-0.17062110395586813	0.5842109419170253	0.029999999999999985	0.5121715893527952	0.5189123977776536	0.4850042609690867	-z	-x	False	False	False	False	lh2	handbox_surface
box026_135_p2	box026	e091_box026_20231020_135_p2	E092_C3_FAIL_inside_risk	37	71	right	True	0.13550911679924635	0.10997219005687511	-0.234485	-0.30619358171070793	0.13980108584681877	0.2172745163628204	-0.33474080800140216	0.1922416817288724	0.16402942480835858	-0.3168987915697181	0.15946630930258887	0.19730760702989722	-0.2990567751380342	0.12669093687630534	0.23058578925143589	-0.30619358171070793	0.13980108584681877	0.2172745163628204	-0.28265687090002417	0.1289095150133571	0.23511756814494927	-0.32760400142872864	0.17913153275835897	0.17734069769697403	0.6273495348530718	0.029999999999999912	0.5867243280615323	0.5920042424013803	0.5700638553815583	-z	-x	False	False	False	False	rh	handbox_surface
box026_135_p2	box026	e091_box026_20231020_135_p2	E092_C3_FAIL_inside_risk	38	72	left	True	0.14137614441336002	-0.15921692995617323	-0.234485	-0.33797299656626206	0.16370434486041543	-0.16998251604290066	-0.31956587982088946	0.24150609730424016	-0.16714255657276153	-0.3310703277867474	0.19288000202684968	-0.16891753124159847	-0.34257477575260525	0.14425390674945923	-0.17069250591043544	-0.33797299656626206	0.16370434486041543	-0.16998251604290066	-0.3491493987554868	0.13765916112734922	-0.1562803919621161	-0.34027388615943366	0.15397912580493733	-0.170337510976668	0.59285496672084	0.029999999999999957	0.5247804138646934	0.5361003598094143	0.505677506581206	-z	-x	False	False	False	False	lh2	handbox_surface
box026_135_p2	box026	e091_box026_20231020_135_p2	E092_C3_FAIL_inside_risk	38	72	right	True	0.1342709717415837	0.11838374200663762	-0.234485	-0.3237422945274162	0.13689664630440815	0.21551514270848676	-0.34522713856544734	0.1936177207460419	0.1633507756477419	-0.33179911104167803	0.15816704922002084	0.19595350506070744	-0.3183710835179085	0.12271637769399972	0.22855623447367296	-0.3237422945274162	0.13689664630440815	0.21551514270848676	-0.30224371679685275	0.12368251611260503	0.23433469336047605	-0.3398559275559396	0.1794374521356335	0.1763918674129281	0.6356739260323074	0.030000000000000072	0.5975421119467362	0.5958045145577014	0.5774361774220715	-z	-x	False	False	False	False	rh	handbox_surface
box026_135_p2	box026	e091_box026_20231020_135_p2	E092_C3_FAIL_inside_risk	39	73	left	True	0.14147884660972423	-0.16441579482492877	-0.234485	-0.33769005601310476	0.17009096002278842	-0.16837124225117367	-0.31476927422643214	0.24671394314711734	-0.16648544814349775	-0.3290947628431025	0.19882457869441172	-0.1676640694607952	-0.3434202514597728	0.1509352142417061	-0.16884269077809272	-0.33769005601310476	0.17009096002278842	-0.16837124225117367	-0.3501305627333001	0.14484249072274513	-0.15427300277032904	-0.3405551537364389	0.1605130871322473	-0.1686069665146332	0.5982040852635969	0.029999999999999968	0.5321359866800377	0.5444224718142672	0.5153567354486926	-z	-x	False	False	False	False	lh2	handbox_surface
box026_135_p2	box026	e091_box026_20231020_135_p2	E092_C3_FAIL_inside_risk	39	73	right	True	0.1328349183312106	0.12228424487100005	-0.234485	-0.3269882034149041	0.1405338270410778	0.21578856602620863	-0.3446393893832057	0.1970228819271568	0.161960856507876	-0.33360739815301715	0.16171722262335747	0.19560317495683388	-0.32257540692282866	0.12641156331955805	0.22924549340579178	-0.3269882034149041	0.1405338270410778	0.21578856602620863	-0.3065952417644788	0.12684536089780266	0.2354794415190477	-0.34022659289113016	0.18290061820563705	0.17541778388745916	0.6356879993985183	0.030000000000000054	0.5999704374969255	0.5921379394001682	0.5778020490021462	-z	-x	False	False	False	False	rh	handbox_surface
box026_135_p2	box026	e091_box026_20231020_135_p2	E092_C3_FAIL_inside_risk	40	74	left	True	0.14276169822742577	-0.1662663237791557	-0.234485	-0.3345135297271157	0.18394719651745078	-0.18095569014660065	-0.30920226237887366	0.25966257513320695	-0.175805817692014	-0.32502180447152484	0.21234046349835936	-0.1790244879761307	-0.34084134656417625	0.16501835186351171	-0.18224315826024728	-0.3345135297271157	0.18394719651745078	-0.18095569014660065	-0.3476517262257171	0.1584860528656454	-0.16791231164960205	-0.3376774381456458	0.17448277419048125	-0.18159942420342395	0.6043512001840077	0.030000000000000034	0.5385156338413933	0.5485630223311709	0.5189182174818687	-z	+y	False	True	False	False	lh2	handbox_surface
box026_135_p2	box026	e091_box026_20231020_135_p2	E092_C3_FAIL_inside_risk	40	74	right	True	0.135439773310982	0.12651171890274931	-0.234485	-0.3242665072570406	0.14669463184481704	0.21736674745111373	-0.3413094631583375	0.20254968214702213	0.16268813179668634	-0.33065761572002705	0.16764027570814397	0.1968622665807035	-0.32000576828171634	0.13273086926926575	0.23103640136472064	-0.3242665072570406	0.14669463184481704	0.21736674745111373	-0.30397079071973143	0.13297809576577757	0.23713839624769625	-0.33704872418301324	0.18858591957147083	0.1763577857102932	0.636395159184184	0.03000000000000002	0.6012906373628605	0.5922956191465374	0.5793766988912782	-z	-x	False	False	False	False	rh	handbox_surface
box026_135_p2	box026	e091_box026_20231020_135_p2	E092_C3_FAIL_inside_risk	41	75	left	True	0.14235710300811574	-0.16749323406762617	-0.234485	-0.3359046144299981	0.18601789978141053	-0.17653816512153409	-0.31015818169131254	0.26167337740077357	-0.17288167672166188	-0.32624970215299093	0.21438870388867157	-0.17516698197158204	-0.3423412226146695	0.16710403037656976	-0.17745228722150216	-0.3359046144299981	0.18601789978141053	-0.17653816512153409	-0.3486026456156266	0.1606873233649509	-0.16282198240445114	-0.3391229185223337	0.17656096507899013	-0.17699522617151817	0.6074082479217554	0.029999999999999923	0.5417267330127524	0.5509715172927946	0.5211685189666179	-z	+y	False	True	False	False	lh2	handbox_surface
box026_135_p2	box026	e091_box026_20231020_135_p2	E092_C3_FAIL_inside_risk	41	75	right	True	0.13439004504236726	0.12560210588507745	-0.234485	-0.3245996880823793	0.14434493911895066	0.2155385069901704	-0.3423074312204739	0.20081934089963793	0.1617139979216358	-0.33124009175916486	0.16552283978670837	0.19535431608946993	-0.3201727522978558	0.13022633867377884	0.22899463425730407	-0.3245996880823793	0.14434493911895066	0.2155385069901704	-0.3039430264083023	0.13011926756955725	0.23456244363213002	-0.3378804954359504	0.18670074045446614	0.17517012518876948	0.6349542715419131	0.02999999999999999	0.5992011180103874	0.592708174880295	0.5794879625749455	-z	-x	False	False	False	False	rh	handbox_surface
box026_135_p2	box026	e091_box026_20231020_135_p2	E092_C3_FAIL_inside_risk	42	76	left	True	0.1430282051495855	-0.17565871174496353	-0.234485	-0.3326619393459404	0.19081530686371717	-0.1870335965285546	-0.30236684708220807	0.2648052919185492	-0.18426060242151382	-0.3213012797470408	0.21856155125927915	-0.1859937237384143	-0.34023571241187356	0.17231781060000917	-0.1877268450553148	-0.3326619393459404	0.19081530686371717	-0.1870335965285546	-0.3468519412183877	0.16645866146211863	-0.17301898138755167	-0.336448825878907	0.1815665587318632	-0.18738022079193473	0.6110342790555846	0.029999999999999968	0.5473424471557174	0.5574264328266139	0.5289965634823127	-z	+y	False	True	False	False	lh2	handbox_surface
box026_135_p2	box026	e091_box026_20231020_135_p2	E092_C3_FAIL_inside_risk	42	76	right	True	0.13565661812216528	0.11513969104132224	-0.234485	-0.3249228508362789	0.14269746918515472	0.1998559111924729	-0.3409715848613352	0.20035701888352045	0.14677282099630304	-0.33094112609567516	0.16431980032204188	0.1799497523689092	-0.3209106673300149	0.1282825817605633	0.2131266837415154	-0.3249228508362789	0.14269746918515472	0.1998559111924729	-0.3046023592448301	0.1273743676697068	0.21838312764111778	-0.3369594013550713	0.18594213145892907	0.16004359354534553	0.6260098258247389	0.030000000000000065	0.5895175065184258	0.5860113566204839	0.5724312881402056	-z	-x	False	False	False	False	rh	handbox_surface
box026_135_p2	box026	e091_box026_20231020_135_p2	E092_C3_FAIL_inside_risk	43	77	left	True	0.14219189007373476	-0.16420858423033213	-0.234485	-0.3351623258179647	0.1919876407050284	-0.17080447565937532	-0.301820608855793	0.26470821658764476	-0.17058595034029428	-0.32265918195715027	0.21925785666100955	-0.1707225286647199	-0.34349775505850777	0.17380749673437437	-0.1708591069891455	-0.3351623258179647	0.1919876407050284	-0.17080447565937532	-0.3497287757854175	0.16846220783751967	-0.15579167080312895	-0.3393300404382361	0.1828975687197014	-0.1708317913242604	0.6059692097862055	0.030000000000000044	0.545144987915425	0.5575082406259736	0.5314550821456403	-z	+y	False	True	False	False	lh2	handbox_surface
box026_135_p2	box026	e091_box026_20231020_135_p2	E092_C3_FAIL_inside_risk	43	77	right	True	0.1291899596730064	0.12189929819959108	-0.234485	-0.33474909441571826	0.14101750692150877	0.20541302350929957	-0.34954758941324193	0.19945623401256674	0.15282101155134986	-0.3402985300397897	0.16293202958065553	0.18569101902506843	-0.3310494706663375	0.1264078251487443	0.21856102649878698	-0.33474909441571826	0.14101750692150877	0.20541302350929957	-0.3146004725455397	0.12444963677539807	0.22303449573666942	-0.34584796566386095	0.18484655223980226	0.16596901454083723	0.6313881642707182	0.030000000000000054	0.5958261083145172	0.5912906931154605	0.5796906408922646	-z	-x	False	False	False	False	rh	handbox_surface
box026_135_p2	box026	e091_box026_20231020_135_p2	E092_C3_FAIL_inside_risk	44	78	left	True	0.14340028422647175	-0.1694668142969599	-0.234485	-0.3368439481037948	0.19329917611363295	-0.174961281879788	-0.30255462297374985	0.2655226415846765	-0.17779204458249903	-0.323985451180028	0.22038297566527423	-0.1760228178933046	-0.34541627938630604	0.17524330974587207	-0.17425359120411024	-0.3368439481037948	0.19329917611363295	-0.174961281879788	-0.3503669410610084	0.1699908367676295	-0.15868670832714465	-0.3411301137450504	0.18427124292975247	-0.17460743654194913	0.6114328345221157	0.02999999999999997	0.5511609810070568	0.5607444526034359	0.5343189226233785	-z	+y	False	True	False	False	lh2	handbox_surface
box026_135_p2	box026	e091_box026_20231020_135_p2	E092_C3_FAIL_inside_risk	44	78	right	True	0.1292086916408371	0.1184952067420725	-0.234485	-0.33384277902444004	0.1403902697051911	0.19375200122489858	-0.3480303563254892	0.1999366416923645	0.14224528094985164	-0.3391631205123334	0.1627201592003811	0.174436981121756	-0.3302958846991776	0.12550367670839774	0.20662868129366035	-0.33384277902444004	0.1403902697051911	0.19375200122489858	-0.3137592240903034	0.12236674247571913	0.20996251803719668	-0.3444834620002268	0.18505004869557112	0.1551219610186134	0.6233339293541835	0.02999999999999995	0.5870045950800749	0.582692376350692	0.5688371565300725	-z	-x	False	False	False	False	rh	handbox_surface
box026_135_p2	box026	e091_box026_20231020_135_p2	E092_C3_FAIL_inside_risk	45	79	left	True	0.14474183106624422	-0.17338098498911278	-0.234485	-0.3369052896692922	0.19721877645542568	-0.18115802518976637	-0.2995803787744518	0.2678708039151135	-0.18504930293977928	-0.32290844808372704	0.22371328675280858	-0.18261725434602122	-0.3462365173930025	0.17955576959050373	-0.18018520575226313	-0.3369052896692922	0.19721877645542568	-0.18115802518976637	-0.350186393334597	0.1741162703300313	-0.1643980054383686	-0.34157090353114733	0.18838727302296474	-0.18067161547101476	0.6156873453941689	0.029999999999999968	0.5571017699235511	0.5645512223232018	0.5388114321871528	-z	+y	False	True	False	False	lh2	handbox_surface
box026_135_p2	box026	e091_box026_20231020_135_p2	E092_C3_FAIL_inside_risk	45	79	right	True	0.1302050047030755	0.12098925950988614	-0.234485	-0.3315223584178506	0.14187069662084037	0.18740629363136496	-0.3443224724547074	0.20097350467614802	0.13503249139569629	-0.3363224011816719	0.16403424964158073	0.16776611779298917	-0.32832232990863663	0.12709499460701343	0.20049974419028208	-0.3315223584178506	0.14187069662084037	0.18740629363136496	-0.31188770056936793	0.12286455852990262	0.20303397720721908	-0.3411224439454932	0.18619780266232108	0.14812594195461348	0.6175003266255806	0.03000000000000004	0.5820572159745369	0.5733904480635958	0.5568845866727832	-z	-x	False	False	False	False	rh	handbox_surface
box026_135_p2	box026	e091_box026_20231020_135_p2	E092_C3_FAIL_inside_risk	46	80	left	True	0.1460918817089721	-0.1809060195230203	-0.234485	-0.3376572385089234	0.19846521555124277	-0.18783932584068413	-0.2980948128253798	0.2678393733011022	-0.19253407935196698	-0.32282132887759446	0.2244805247074401	-0.18959985840741522	-0.34754784492980945	0.18112167611377794	-0.1866656374628634	-0.3376572385089234	0.19846521555124277	-0.18783932584068413	-0.35039724967374003	0.1752707103578595	-0.170788847540526	-0.34260254171936644	0.18979344583251034	-0.18725248165177377	0.6214760858162631	0.030000000000000047	0.5640284387205199	0.5690648629296564	0.5436833377150406	-z	+y	False	True	False	False	lh2	handbox_surface
box026_135_p2	box026	e091_box026_20231020_135_p2	E092_C3_FAIL_inside_risk	46	80	right	True	0.13162199701036384	0.12027935961789891	-0.234485	-0.33269785647997624	0.1449561899893119	0.18981822082547298	-0.34289566065201493	0.20284147056785762	0.13554761107754607	-0.33652203304449074	0.16666317020626653	0.16946674217000038	-0.3301484054369666	0.13048486984467544	0.2033858732624547	-0.33269785647997624	0.1449561899893119	0.18981822082547298	-0.3140346494725772	0.12492990763851401	0.2053620391244268	-0.34034620960900525	0.18837015042322117	0.1491152635145278	0.6200703998441441	0.029999999999999978	0.5864487085908676	0.5712226059610501	0.5540452087511731	-z	-x	False	False	False	False	rh	handbox_surface
box026_135_p2	box026	e091_box026_20231020_135_p2	E092_C3_FAIL_inside_risk	47	81	left	True	0.14529285579500834	-0.17438897976904358	-0.234485	-0.34287154341499176	0.19269164015069654	-0.17981617156004417	-0.30458451830585376	0.26268468731115413	-0.1857387603087424	-0.32851390899906496	0.21893903283586816	-0.18203714234080604	-0.352443299692276	0.1751933783605821	-0.17833552437286965	-0.34287154341499176	0.19269164015069654	-0.17981617156004417	-0.3536359243610628	0.16871157292042324	-0.16249288537095372	-0.34765742155363394	0.18394250925563935	-0.1790758479664569	0.6180214831519978	0.030000000000000075	0.5608206522441213	0.5635238126944897	0.5381813965828592	-z	+y	False	True	False	False	lh2	handbox_surface
box026_135_p2	box026	e091_box026_20231020_135_p2	E092_C3_FAIL_inside_risk	47	81	right	True	0.12927669123212288	0.12970702549922578	-0.234485	-0.3358546594112213	0.14785243658485067	0.19420684743315372	-0.34774298520939306	0.20481709921856464	0.1393097170824362	-0.34031278158553563	0.16921418507249342	0.17362042355163465	-0.3328825779616781	0.1336112709264222	0.2079311300208331	-0.3358546594112213	0.14785243658485067	0.19420684743315372	-0.316875769698293	0.12751407352297117	0.2089421893407405	-0.34477090375985014	0.19057593356013616	0.1530339996701156	0.6233980472948027	0.02999999999999999	0.5897956434180485	0.5730579274901927	0.5527526864287686	-z	-x	False	False	False	False	rh	handbox_surface
box026_135_p2	box026	e091_box026_20231020_135_p2	E092_C3_FAIL_inside_risk	48	82	left	True	0.1458693703265407	-0.18039580596370908	-0.234485	-0.34075962806253063	0.18957691155857884	-0.19316492107662486	-0.3022597563420819	0.2596337486802293	-0.19629532840148423	-0.32632217616736225	0.21584822547919777	-0.1943388238234471	-0.3503845959926429	0.17206270227816628	-0.19238231924540994	-0.34075962806253063	0.18957691155857884	-0.19316492107662486	-0.35087118897712527	0.16455211748321763	-0.17696221194309067	-0.34557211202758664	0.1808198069183726	-0.1927736201610174	0.6177263993840881	0.03000000000000006	0.5601373901395754	0.5601890185635028	0.5347916634377706	-z	+y	False	True	False	False	lh2	handbox_surface
box026_135_p2	box026	e091_box026_20231020_135_p2	E092_C3_FAIL_inside_risk	48	82	right	True	0.12982248567038732	0.12760814403268392	-0.234485	-0.33104942385391	0.1479677733895804	0.19885721692173283	-0.3428477739598663	0.2045269930837987	0.143523198430768	-0.33547380514364356	0.16917748077491224	0.17810695998762102	-0.328099836327421	0.1338279684660258	0.2126907215444741	-0.33104942385391	0.1479677733895804	0.19885721692173283	-0.3123349287806531	0.12706912210063684	0.2131397802897693	-0.3398981864333774	0.19038718816024414	0.15735670305350918	0.6232662139478689	0.029999999999999995	0.5900762963418243	0.5715624974228227	0.55024015866453	-z	-x	False	False	False	False	rh	handbox_surface
box026_135_p2	box026	e091_box026_20231020_135_p2	E092_C3_FAIL_inside_risk	49	83	left	True	0.14627706065343907	-0.18072658117177565	-0.234485	-0.3402183865723478	0.19058388911856627	-0.1952052028471725	-0.30077333531480405	0.2600943553677528	-0.19872415341665267	-0.32542649235076904	0.2166503139620112	-0.19652480931072755	-0.3500796493867337	0.17320627255626966	-0.19432546520480243	-0.3402183865723478	0.19058388911856627	-0.1952052028471725	-0.35001950499170154	0.16541244399784402	-0.17903893567834298	-0.34514901797954084	0.18189508083741793	-0.19476533402598736	0.6179430514053285	0.02999999999999992	0.5609429079586314	0.5604527146432056	0.5355687197694068	-z	+y	False	True	False	False	lh2	handbox_surface
box026_135_p2	box026	e091_box026_20231020_135_p2	E092_C3_FAIL_inside_risk	49	83	right	True	0.13344200341296034	0.12903435333154215	-0.234485	-0.33117263190328977	0.15006645178565667	0.19984434684660637	-0.34065222443172166	0.20805019302848304	0.1455486464921598	-0.33472747910145173	0.17181035475171655	0.1794834592136889	-0.3288027337711818	0.13557051647495008	0.21341827193521803	-0.33117263190328977	0.15006645178565667	0.19984434684660637	-0.3134850443142427	0.12783848573418338	0.2134106410495249	-0.3382823262996137	0.19355425771777648	0.15912257158077145	0.6264042910765114	0.02999999999999998	0.5936849069951444	0.573383216680891	0.5515087170847178	-z	-x	False	False	False	False	rh	handbox_surface
box026_135_p2	box026	e091_box026_20231020_135_p2	E092_C3_FAIL_inside_risk	50	84	left	True	0.14561826385477286	-0.1774459421026511	-0.234485	-0.34356840064433336	0.18250356935691625	-0.19021121804609734	-0.30801912912388885	0.25393216027694815	-0.1960597814205041	-0.33023742382416665	0.20928929095192822	-0.19240442931149992	-0.3524557185244444	0.1646464216269083	-0.18874907720249567	-0.34356840064433336	0.18250356935691625	-0.19021121804609734	-0.35116364562252217	0.1569502001043604	-0.1734675822559373	-0.3480120595843889	0.1735749954919123	-0.18948014762429655	0.614632858226475	0.030000000000000023	0.5559675336841976	0.5537004655965742	0.5278691399583003	-z	+y	False	True	False	False	lh2	handbox_surface
box026_135_p2	box026	e091_box026_20231020_135_p2	E092_C3_FAIL_inside_risk	50	84	right	True	0.13134322969222978	0.13032268226141122	-0.234485	-0.33308865862869214	0.1485872367362627	0.1995989154284975	-0.3439034039336609	0.2081650317205502	0.1473157668163599	-0.33714418811805535	0.1709289098553705	0.17999273469894586	-0.33038497230244995	0.13369278799019083	0.21266970258153192	-0.33308865862869214	0.1485872367362627	0.1995989154284975	-0.31531253994853753	0.12555933999962746	0.21162817743668932	-0.34119971760741874	0.19327058297447833	0.16038655396939427	0.6268342036991368	0.030000000000000002	0.5927687128125024	0.5753705891106146	0.5495843309564334	-z	-x	False	False	False	False	rh	handbox_surface
box026_135_p2	box026	e091_box026_20231020_135_p2	E092_C3_FAIL_inside_risk	51	85	left	True	0.14685493455045442	-0.17438494713112276	-0.234485	-0.3480814982628669	0.17964492558949974	-0.17968514211450526	-0.31648328565843065	0.2527895378433965	-0.18685582258653508	-0.33623216853620336	0.207074155184711	-0.1823741472915164	-0.355981051413976	0.16135877252602557	-0.17789247199649785	-0.3480814982628669	0.17964492558949974	-0.17968514211450526	-0.353033330803042	0.1534398296089697	-0.1629583951189005	-0.3520312748384214	0.1705018490577627	-0.1787888070555016	0.6177375954871663	0.029999999999999975	0.5572648419724837	0.5527432191343224	0.5257737468516192	-z	-x	False	False	False	False	lh2	handbox_surface
box026_135_p2	box026	e091_box026_20231020_135_p2	E092_C3_FAIL_inside_risk	51	85	right	True	0.13055015784320662	0.13326686111031016	-0.234485	-0.3304114653600697	0.14793908763608837	0.20546793327870141	-0.342315623845984	0.20932438776863763	0.15556667138705094	-0.33487552479228755	0.17095857518579438	0.18675496006933248	-0.32743542573859125	0.13259276260295108	0.21794324875161405	-0.3304114653600697	0.14793908763608837	0.20546793327870141	-0.31280262309198825	0.1239238528154934	0.21567453596496827	-0.3393395842245055	0.19397806273550033	0.16804198685996358	0.6288758504871025	0.03000000000000004	0.5937721409365349	0.578527732307621	0.5493660724157271	-z	-x	False	False	False	False	rh	handbox_surface
box026_135_p2	box026	e091_box026_20231020_135_p2	E092_C3_FAIL_inside_risk	52	86	left	True	0.14717926038601434	-0.17437778716404143	-0.234485	-0.34850524462087895	0.17365523217750647	-0.17800093840651912	-0.31964104575057833	0.2480126742948243	-0.18415145264074928	-0.33768117004451625	0.20153927297150062	-0.18030738124435544	-0.3557212943384541	0.15506587164817695	-0.17646330984796155	-0.34850524462087895	0.17365523217750647	-0.17800093840651912	-0.35137088325853233	0.14657972643518632	-0.16219850600180122	-0.3521132694796664	0.1643605519128417	-0.17723212412724038	0.6159046090688558	0.02999999999999996	0.5539938814275014	0.5475246246546528	0.5201426942902176	-z	-x	False	False	False	False	lh2	handbox_surface
box026_135_p2	box026	e091_box026_20231020_135_p2	E092_C3_FAIL_inside_risk	52	86	right	True	0.13051998996872097	0.1335249732649327	-0.234485	-0.3265042521464745	0.14851199906219426	0.21219773555938715	-0.33842819749791875	0.21085861059845268	0.16350770005721624	-0.3309757316532661	0.17189197838829118	0.1939389722460731	-0.3235232658086134	0.13292534617812968	0.22437024443492987	-0.3265042521464745	0.14851199906219426	0.21219773555938715	-0.30960545777534165	0.12346307049607656	0.22102720294975137	-0.33544721116005766	0.19527195771438813	0.17568020893275893	0.630870373494142	0.030000000000000002	0.5955259661818137	0.580446750523492	0.5491760890165944	-z	-x	False	False	False	False	rh	handbox_surface
box026_135_p2	box026	e091_box026_20231020_135_p2	E092_C3_FAIL_inside_risk	53	87	left	True	0.14731478286649363	-0.17324660058810093	-0.234485	-0.3481225073277387	0.1701355633336852	-0.17868265882046377	-0.3227040766762235	0.24591134428882777	-0.18213727947291872	-0.33859059583342055	0.19855148119186367	-0.17997814156513436	-0.3544771149906174	0.15119161809489962	-0.17781900365735007	-0.3481225073277387	0.1701355633336852	-0.17868265882046377	-0.34861491412448375	0.14200131551681894	-0.16456765257762515	-0.3715560666992514	0.10468272966815216	-0.16576775036806496	0.6142547096125569	0.029999999999999985	0.5502218770077819	0.5412983630196804	0.5139092985925172	-z	-x	False	False	False	False	lh3	handbox_surface
box026_135_p2	box026	e091_box026_20231020_135_p2	E092_C3_FAIL_inside_risk	53	87	right	True	0.13063335421146477	0.13528291215583474	-0.234485	-0.3295688901755208	0.14662200212290524	0.20975182752912952	-0.33922889808836376	0.21086815443331794	0.1630708232508252	-0.33319139314283697	0.17071430923930997	0.19224645092476544	-0.32715388819731	0.13056046404530205	0.22142207859870555	-0.3295688901755208	0.14662200212290524	0.20975182752912952	-0.3139986248603044	0.12033277303248177	0.21732948150320386	-0.3368138961101529	0.19480661635571478	0.17474107432040123	0.6312594643773068	0.029999999999999954	0.5960980770322671	0.5803465290972104	0.548263626780835	-z	-x	False	False	False	False	rh	handbox_surface
box026_135_p2	box026	e091_box026_20231020_135_p2	E092_C3_FAIL_inside_risk	54	88	left	True	0.14783508173678678	-0.17787849470348396	-0.234485	-0.3461030227810022	0.17242283080176327	-0.18647053653830004	-0.3210738582661029	0.24837943422285316	-0.18850408526340856	-0.33671708608791506	0.200906557084672	-0.18723311731021575	-0.35236031390972716	0.15343367994649082	-0.18596214935702285	-0.3461030227810022	0.17242283080176327	-0.18647053653830004	-0.34600417726692817	0.14387121824094093	-0.17321129765928678	-0.368849360919815	0.10650588276718845	-0.1747419363199469	0.616848165450383	0.030000000000000016	0.5519282830468997	0.5402912423290868	0.5151045868156586	-z	-x	False	False	False	False	lh3	handbox_surface
box026_135_p2	box026	e091_box026_20231020_135_p2	E092_C3_FAIL_inside_risk	54	88	right	True	0.1325497480757589	0.13383868300184845	-0.234485	-0.33240766990136056	0.15287436375116004	0.20751175000417066	-0.3362194874980829	0.21856279444074525	0.16200900151411912	-0.33383710150013146	0.17750752525975452	0.19044821932040132	-0.3314547155021799	0.13645225607876377	0.21888743712668352	-0.33240766990136056	0.15287436375116004	0.20751175000417066	-0.3195021439421114	0.12499564168317286	0.214382108326476	-0.33526653309890225	0.20214068676834895	0.17338468863663198	0.6324491300677632	0.030000000000000058	0.5987322558118008	0.5791980982456723	0.5488567425528221	-z	-x	False	False	False	False	rh	handbox_surface
box026_135_p2	box026	e091_box026_20231020_135_p2	E092_C3_FAIL_inside_risk	55	89	left	True	0.14841517019000933	-0.17668445896871912	-0.234485	-0.3486424424234498	0.17702913694589448	-0.18191810301211853	-0.32393095107881476	0.25309416594953166	-0.18377647816258427	-0.3393756331692116	0.2055535228222584	-0.1826149936935432	-0.3548203152596085	0.15801287969498518	-0.1814535092245021	-0.3486424424234498	0.17702913694589448	-0.18191810301211853	-0.34855475989919743	0.14849251632039584	-0.16862655077165362	-0.3712166704989904	0.11102424061582404	-0.17035272851536587	0.6218812106179973	0.030000000000000013	0.5566964655724893	0.5449832342259443	0.5192060832238422	-z	-x	False	False	False	False	lh3	handbox_surface
box026_135_p2	box026	e091_box026_20231020_135_p2	E092_C3_FAIL_inside_risk	55	89	right	True	0.13007594639527265	0.13614401880109156	-0.234485	-0.3355355624052212	0.1450150096137463	0.20340745421219764	-0.33793952804482613	0.214035314822874	0.1630290141972284	-0.3364370495200729	0.1708976240671692	0.1882655392065841	-0.33493457099532	0.12775993331146443	0.2135020642159399	-0.3355355624052212	0.1450150096137463	0.20340745421219764	-0.3234267980697841	0.11631272431057886	0.20793892335037192	-0.3373385366349249	0.1967802385205921	0.17312362420097072	0.6305237559651177	0.03000000000000008	0.5957534234351225	0.5789348583745997	0.5464214718746516	-z	-x	False	False	False	False	rh	handbox_surface
box026_135_p2	box026	e091_box026_20231020_135_p2	E092_C3_FAIL_inside_risk	56	90	left	True	0.1476905077037748	-0.17758095398937443	-0.234485	-0.34898145330162966	0.1782230816606458	-0.1822803738848095	-0.32436834356105454	0.2543118651683464	-0.18444644249329736	-0.33975153714891404	0.20675637547603354	-0.1830926496129924	-0.35513473073677343	0.15920088578372066	-0.1817388567326876	-0.34898145330162966	0.1782230816606458	-0.1822803738848095	-0.3493716622316019	0.14991748174109423	-0.1685089354670206	-0.3718702018278861	0.11236414768228271	-0.1705030224790222	0.6228612233789107	0.030000000000000006	0.557484471935967	0.5465027555588577	0.5191925264255995	-z	-x	False	False	False	False	lh3	handbox_surface
box026_135_p2	box026	e091_box026_20231020_135_p2	E092_C3_FAIL_inside_risk	56	90	right	True	0.12881443347497226	0.1341109951072573	-0.234485	-0.34666725616203303	0.13541641190751266	0.1876270583591499	-0.3453195658949581	0.20774024308004058	0.1534591322372484	-0.3461618723118799	0.16253784859721063	0.17481408606343682	-0.3470041787288018	0.11733545411438072	0.1961690398896253	-0.34666725616203303	0.13541641190751266	0.1876270583591499	-0.33578404657405286	0.10596562026459914	0.18990393968578728	-0.3456564884617269	0.1896592852869086	0.1620011137677238	0.6276434648035691	0.03000000000000002	0.5919872838058274	0.577477439610185	0.5434155020161768	-z	-x	False	False	False	False	rh	handbox_surface
box026_135_p2	box026	e091_box026_20231020_135_p2	E092_C3_FAIL_inside_risk	57	91	left	True	0.1481974574476293	-0.17320792017063372	-0.234485	-0.3514152976973296	0.1788475053293671	-0.17677581899455416	-0.3273315951664311	0.2550915984019372	-0.17938609559761368	-0.34238390924824275	0.20743904023158088	-0.1777546727207015	-0.3574362233300543	0.15978648206122456	-0.17612324984378933	-0.3514152976973296	0.1788475053293671	-0.17677581899455416	-0.35213456053442715	0.15079821641412927	-0.1625023534647543	-0.3742406633870118	0.11302306342343126	-0.16468675249195083	0.6235226666656561	0.03000000000000001	0.5582407294286013	0.5487799103034334	0.5196450384689385	-z	-x	False	False	False	False	lh3	handbox_surface
box026_135_p2	box026	e091_box026_20231020_135_p2	E092_C3_FAIL_inside_risk	57	91	right	True	0.13009251250944492	0.13481069925281944	-0.234485	-0.35872407251455746	0.12839494174936547	0.17725690724711196	-0.3543955447804462	0.2029634023273679	0.14860715097097676	-0.35710087461426576	0.1563581144661164	0.16651324864356126	-0.35980620444808525	0.10975282660486486	0.18441934631614576	-0.35872407251455746	0.12839494174936547	0.17725690724711196	-0.34865141641336594	0.09857358044356807	0.17771031307197327	-0.355477676713974	0.1843212871828673	0.15576959004001056	0.631364619672857	0.030000000000000054	0.5950655014964237	0.5821725912496832	0.547233475421291	-z	-x	False	False	False	False	rh	handbox_surface
box026_135_p2	box026	e091_box026_20231020_135_p2	E092_C3_FAIL_inside_risk	58	92	left	True	0.1488706869681661	-0.16910944681381754	-0.234485	-0.3514119219716577	0.18314724006255198	-0.178727326346236	-0.3268407660776889	0.25923355291408184	-0.18139777475304464	-0.34219773851141944	0.21167960738187572	-0.17972874449878926	-0.3575547109451499	0.16412566184966956	-0.17805971424453385	-0.3514119219716577	0.18314724006255198	-0.178727326346236	-0.3532799961700374	0.15544652058895797	-0.16388845154575682	-0.35448331645840375	0.1736364509561108	-0.1783935202953849	0.6238162788952879	0.030000000000000086	0.55884820289643	0.5506024868355612	0.5204976831043008	-z	-x	False	False	False	False	lh2	handbox_surface
box026_135_p2	box026	e091_box026_20231020_135_p2	E092_C3_FAIL_inside_risk	58	92	right	True	0.1307939250188478	0.12899197137825175	-0.234485	-0.3622705990705536	0.12453964126776579	0.16722984914375033	-0.35663443284994895	0.2004956075801341	0.14275690874239907	-0.36015703673782673	0.1530231286349039	0.1580524964932436	-0.36367964062570457	0.10555064968967363	0.1733480842440881	-0.3622705990705536	0.12453964126776579	0.16722984914375033	-0.35228459589205374	0.09469429885440546	0.16651371741420087	-0.35804347440510015	0.18150661600204201	0.1488751438427369	0.6290437421372864	0.03000000000000001	0.5913902301156374	0.582065019497758	0.5453023449223865	-z	-x	False	False	False	False	rh	handbox_surface
box026_135_p2	box026	e091_box026_20231020_135_p2	E092_C3_FAIL_inside_risk	59	93	left	True	0.1486948977889677	-0.16501131000505015	-0.234485	-0.35327743365638625	0.1885371484220631	-0.17022884006352915	-0.32659041210684975	0.26370072131690203	-0.17641270539977497	-0.34326980057531	0.21672348825762774	-0.17254778956462127	-0.35994918904377027	0.16974625519835337	-0.16868287372946764	-0.35327743365638625	0.1885371484220631	-0.17022884006352915	-0.35641148477627976	0.16181599966807264	-0.15388351355242183	-0.35661331135007823	0.17914170181020828	-0.1694558568964984	0.6257690777577768	0.030000000000000103	0.5624633493953283	0.556136750748731	0.5267199317493417	-z	+y	False	True	False	False	lh2	handbox_surface
box026_135_p2	box026	e091_box026_20231020_135_p2	E092_C3_FAIL_inside_risk	59	93	right	True	0.13064839421616517	0.12502937343610832	-0.234485	-0.36782200950683225	0.12547103757154313	0.15499169164715837	-0.35933861581925863	0.2022088900822455	0.13403139528505198	-0.36464073687399223	0.15424773226305652	0.14713158051136851	-0.3699428579287256	0.10628657444386756	0.16023176573768497	-0.36782200950683225	0.12547103757154313	0.15499169164715837	-0.358468046102011	0.09545011153384873	0.15350006958834228	-0.361459464241152	0.18302442695456989	0.13927146937557855	0.625936298987184	0.029999999999999995	0.5877650189470034	0.5798936913283554	0.5427910896002016	-z	-x	False	False	False	False	rh	handbox_surface
box026_135_p2	box026	e091_box026_20231020_135_p2	E092_C3_FAIL_inside_risk	60	94	left	True	0.1479670855716249	-0.16173159288412267	-0.234485	-0.3530569860132012	0.18830114840108444	-0.160675495691019	-0.3261019804174531	0.2630329253393532	-0.1700876786993359	-0.3429488589147956	0.21632556475293518	-0.16420506431913787	-0.35979573741213816	0.16961820416651727	-0.15832244993893976	-0.3530569860132012	0.18830114840108444	-0.160675495691019	-0.3571848735174251	0.16268861548844887	-0.1428437692333444	-0.35642636171266956	0.17895967628380086	-0.1594989728149794	0.6235903690331592	0.030000000000000023	0.5610781508463087	0.5570486650015217	0.5277081546461673	-z	+y	False	True	False	False	lh2	handbox_surface
box026_135_p2	box026	e091_box026_20231020_135_p2	E092_C3_FAIL_inside_risk	60	94	right	True	0.12724833522969015	0.128377828645604	-0.234485	-0.37629181136349393	0.1159076215835702	0.1475508258857549	-0.36691220709421296	0.19356540497107044	0.13077907275461859	-0.37277445976251355	0.1450292903538828	0.14126141846157875	-0.3786367124308141	0.09649317573669515	0.15174376416853896	-0.37629181136349393	0.1159076215835702	0.1475508258857549	-0.3668059198721007	0.08599138721041272	0.14509840841525273	-0.36925710816153307	0.1741509591241954	0.1349720110374026	0.6256879714966089	0.03000000000000002	0.5872667971962363	0.5801911153694629	0.5434719510570772	-z	-x	False	False	False	False	rh	handbox_surface
box026_135_p2	box026	e091_box026_20231020_135_p2	E092_C3_FAIL_inside_risk	61	95	left	True	0.14752857437604808	-0.1633912845647906	-0.234485	-0.35236679314197694	0.1907452693712071	-0.1565489223954398	-0.3242841854001952	0.2648262923960654	-0.16765608990167838	-0.3418358152388087	0.218525653005529	-0.16071411021027926	-0.3593874450774222	0.1722250136149925	-0.15377213051888014	-0.35236679314197694	0.1907452693712071	-0.1565489223954398	-0.35735942649502644	0.1658161867221178	-0.13798481141789523	-0.3558771191096996	0.1814851414930998	-0.15516052645716	0.6251241454355925	0.030000000000000106	0.5632835540615192	0.560797334356378	0.5318297546582752	-z	+y	False	True	False	False	lh2	handbox_surface
box026_135_p2	box026	e091_box026_20231020_135_p2	E092_C3_FAIL_inside_risk	61	95	right	True	0.12887093319877677	0.13418951316966812	-0.234485	-0.38143181429219564	0.11267331548957052	0.14528888290162414	-0.3696052546329262	0.19058064177017925	0.13148377520800125	-0.3769968544199695	0.1418885628447988	0.14011196751651556	-0.384388454207013	0.09319648391941837	0.14874015982502983	-0.38143181429219564	0.11267331548957052	0.14528888290162414	-0.3727396906526396	0.0826058522086622	0.1419166126882957	-0.3725618945477436	0.1711038102000271	0.13493505213140702	0.6295112246725666	0.03000000000000006	0.5918544619539526	0.5827795940109232	0.5475598773243904	-z	-x	False	False	False	False	rh	handbox_surface
box026_135_p2	box026	e091_box026_20231020_135_p2	E092_C3_FAIL_inside_risk	62	96	left	True	0.14698834618712664	-0.16597035148109557	-0.234485	-0.35162766282056107	0.1922245834851021	-0.1551195570615482	-0.32292716485102774	0.26601586183603887	-0.16657069917207126	-0.34086497608198607	0.2198963128667034	-0.15941373535299438	-0.35880278731294435	0.1737767638973679	-0.15225677153391748	-0.35162766282056107	0.1922245834851021	-0.1551195570615482	-0.3572361708258349	0.16760132437533384	-0.13632457063756556	-0.35521522506675285	0.18300067369123504	-0.15368816429773283	0.6265218603365795	0.030000000000000027	0.564828638477376	0.5632158553816289	0.5342994211463457	-z	+y	False	True	False	False	lh2	handbox_surface
box026_135_p2	box026	e091_box026_20231020_135_p2	E092_C3_FAIL_inside_risk	62	96	right	True	0.12970042265365947	0.1406686777092374	-0.234485	-0.38506106156847986	0.11095691007410928	0.14447164806741772	-0.37080625533086536	0.18897161204632382	0.1339594277826903	-0.3797155092293743	0.14021242331368977	0.14052956546064488	-0.3886247631278834	0.09145323458105567	0.14709970313859955	-0.38506106156847986	0.11095691007410928	0.14447164806741772	-0.3772722316205021	0.08080342554196118	0.13988045361316154	-0.3743699568902689	0.1694679365532702	0.13658748285387212	0.6325667744451722	0.03000000000000012	0.5955153319071107	0.5848368896390693	0.5506919496340205	-z	-x	False	False	False	False	rh	handbox_surface
box026_135_p2	box026	e091_box026_20231020_135_p2	E092_C3_FAIL_inside_risk	63	97	left	True	0.14622114997887634	-0.17392414673114318	-0.234485	-0.3485600014616328	0.1940039330521237	-0.1638155273959743	-0.31797917099674117	0.26711286777886395	-0.1747652521047874	-0.33709219003729857	0.22141978357465128	-0.16792167416177917	-0.35620520907785574	0.1757266993704386	-0.1610780962187711	-0.3485600014616328	0.1940039330521237	-0.1638155273959743	-0.3559402462626739	0.1699203081827767	-0.14493371694943663	-0.35238260526974435	0.18486531621128113	-0.16244681180737258	0.6279484725786574	0.029999999999999926	0.5665034744243563	0.5666291632760251	0.5378889548990272	-z	+y	False	True	False	False	lh2	handbox_surface
box026_135_p2	box026	e091_box026_20231020_135_p2	E092_C3_FAIL_inside_risk	63	97	right	True	0.13329087513470128	0.1446634420338593	-0.234485	-0.389175910355704	0.11256246857028611	0.14071611705618486	-0.3735384787653655	0.19061077751957195	0.13272035546554695	-0.383311873509327	0.14183058442626828	0.13771770645969567	-0.39308526825328854	0.09305039133296461	0.14271505745384427	-0.389175910355704	0.11256246857028611	0.14071611705618486	-0.38166564788988455	0.08242983500639198	0.13555879991406655	-0.3774478366629501	0.17109870028225052	0.1347192958632064	0.6367270056191369	0.03000000000000001	0.5996273044398996	0.5891276151052558	0.5554006457936965	-z	-x	False	False	False	False	rh	handbox_surface
box026_135_p2	box026	e091_box026_20231020_135_p2	E092_C3_FAIL_inside_risk	64	98	left	True	0.14674587574779493	-0.1840002186887084	-0.234485	-0.3460657223242555	0.20231972364464684	-0.17239237768558704	-0.31726123229354414	0.2762353799633088	-0.18272567846762688	-0.33526403856273884	0.23003809476414505	-0.17626736547885202	-0.3532668448319333	0.18384080956498133	-0.16980905249007708	-0.3460657223242555	0.20231972364464684	-0.17239237768558704	-0.35384434903116957	0.17831018703582052	-0.15357624406856527	-0.34966628357809443	0.1930802666048141	-0.17110071508783212	0.6380835176289773	0.029999999999999954	0.5741015309984261	0.5740773194899328	0.5433279785650643	-z	+y	False	True	False	False	lh2	handbox_surface
box026_135_p2	box026	e091_box026_20231020_135_p2	E092_C3_FAIL_inside_risk	64	98	right	True	0.14079660058727775	0.15341594184941093	-0.234485	-0.3945553653927509	0.12319128467329957	0.14135435556695075	-0.3798428964040289	0.20139187585299367	0.13309537285706147	-0.3890381895219801	0.15251650636568487	0.1382572370507422	-0.39823348263993136	0.10364113687837603	0.14341910124442306	-0.3945553653927509	0.12319128467329957	0.14135435556695075	-0.3864606174109138	0.09313043142757242	0.13668555217044762	-0.3835210136512095	0.18184172805807014	0.1351601185345338	0.6478136221753155	0.03000000000000004	0.6101836650290521	0.6010274418345632	0.5669177482124683	-z	-x	False	False	False	False	rh	handbox_surface
box026_135_p2	box026	e091_box026_20231020_135_p2	E092_C3_FAIL_inside_risk	65	99	left	True	0.15305064896783455	-0.19073164929699085	-0.234485	-0.3161375824085738	0.2438379677114767	-0.19210035886805438	-0.2961358768760658	0.32094984754198314	-0.19942768885901188	-0.3086369428338832	0.27275492264791656	-0.19484810761466348	-0.32113800879170085	0.22455999775385005	-0.1902685263703151	-0.3161375824085738	0.2438379677114767	-0.19210035886805438	-0.3220312485194702	0.21862686338668788	-0.17419291113233326	-0.3186377956001373	0.23419898273266337	-0.19118444261918474	0.6553978318814292	0.03000000000000001	0.5818837961193771	0.5776652005010249	0.5399963821351058	-z	+y	False	True	False	False	lh2	handbox_surface
box026_135_p2	box026	e091_box026_20231020_135_p2	E092_C3_FAIL_inside_risk	65	99	right	True	0.1579866245553702	0.15900019911767566	-0.234485	-0.38544997392767805	0.16151916000454236	0.14129517953707302	-0.3748192526024077	0.24006624208336863	0.13046265162311982	-0.38146345343070154	0.19097431578410223	0.13723298156934055	-0.3881076542589956	0.14188238948483575	0.1440033115155613	-0.38544997392767805	0.16151916000454236	0.14129517953707302	-0.37543888238034795	0.13182673259111033	0.13827601272570764	-0.3774769329337253	0.22042947156366208	0.13317078360160814	0.6558986115229715	0.030000000000000047	0.6146543332547446	0.6151099869578341	0.5762309978138236	-z	-x	False	False	False	False	rh	handbox_surface
box026_135_p2	box026	e091_box026_20231020_135_p2	E092_C3_FAIL_inside_risk	66	100	left	False	nan	nan	nan	-0.24358799281976148	0.28656589834188306	-0.20804043235881822	-0.24395375944487524	0.3665480900205684	-0.20968822756757421	-0.24372515530417918	0.31655922022139005	-0.20865835556210172	-0.2434965511634829	0.2665703504222118	-0.2076284835566293	-0.24358799281976148	0.28656589834188306	-0.20804043235881822	-0.2424071452199749	0.2594801539280374	-0.19204106317114053	-0.24933840938508195	0.21671741323619834	-0.19865310911061615	nan	0.030000000000000002	nan	nan	nan		+y	False	True	False	False	lh3	NA
box026_135_p2	box026	e091_box026_20231020_135_p2	E092_C3_FAIL_inside_risk	66	100	right	False	nan	nan	nan	-0.3731396368207061	0.22619311975858392	0.1365866095354257	-0.35824814853170117	0.30394907532850274	0.12508639432234187	-0.3675553287123294	0.2553516030973035	0.1322740288305193	-0.37686250889295736	0.20675413086610422	0.1394616633386967	-0.3731396368207061	0.22619311975858392	0.1365866095354257	-0.3642281984903406	0.19604373489846458	0.13498086131534226	-0.3818781124307146	0.15603619987425982	0.137869433123385	nan	0.029999999999999992	nan	nan	nan		+y	False	True	False	False	rh3	NA
box026_135_p2	box026	e091_box026_20231020_135_p2	E092_C3_FAIL_inside_risk	67	101	left	False	nan	nan	nan	-0.21023160867377033	0.3468124866997162	-0.22487512460403816	-0.22239088756289752	0.4257324588616981	-0.2199976323335728	-0.21479133825719293	0.3764074762604594	-0.22304606500261367	-0.20719178895148854	0.32708249365922076	-0.2260944976716544	-0.21023160867377033	0.3468124866997162	-0.22487512460403816	-0.20450763198752067	0.3190573746108968	-0.2111674037963312	-0.2053239724033209	0.2763752395320297	-0.2210660147768974	nan	0.030000000000000013	nan	nan	nan		+y	False	True	False	False	lh3	NA
box026_135_p2	box026	e091_box026_20231020_135_p2	E092_C3_FAIL_inside_risk	67	101	right	False	nan	nan	nan	-0.3607895686961942	0.2866747621540656	0.13101170401383364	-0.3443285366801431	0.36440305228532105	0.12166572422368126	-0.3546166816901749	0.3158228709532864	0.12750696159252647	-0.36490482670020674	0.26724268962125175	0.13334819896137165	-0.3607895686961942	0.2866747621540656	0.13101170401383364	-0.3521198497525272	0.2564476842099812	0.1295497531576598	-0.37035546563229665	0.2166149036779647	0.1306802736039641	nan	0.030000000000000093	nan	nan	nan		+y	False	True	False	False	rh3	NA
box026_135_p2	box026	e091_box026_20231020_135_p2	E092_C3_FAIL_inside_risk	68	102	left	False	nan	nan	nan	-0.18423809458256543	0.4162915004319367	-0.24420423179823994	-0.2147503565546741	0.4888944656412199	-0.23013969084714528	-0.19568019282210616	0.4435176123854178	-0.23893002894157944	-0.17661002908953824	0.39814075912961583	-0.2477203670360136	-0.18423809458256543	0.4162915004319367	-0.24420423179823994	-0.17028268485186981	0.3899756470166317	-0.2340192347838913	-0.1617549353388139	0.3493639301482667	-0.24810396080735497	nan	0.029999999999999912	nan	nan	nan		+y	False	True	False	False	lh3	NA
box026_135_p2	box026	e091_box026_20231020_135_p2	E092_C3_FAIL_inside_risk	68	102	right	False	nan	nan	nan	-0.34315454364335646	0.34060876559188846	0.12479102080630278	-0.33431643144586926	0.4197260185331852	0.11689494204482109	-0.3398402515692988	0.37027773544487474	0.12182999127074717	-0.3453640716927283	0.3208294523565643	0.12676504049667323	-0.34315454364335646	0.34060876559188846	0.12479102080630278	-0.33140780688881205	0.31143651150015944	0.12338697852316752	-0.34553307385592247	0.2699522628185753	0.12337637955400217	nan	0.030000000000000047	nan	nan	nan		+y	False	True	False	False	rh3	NA
box026_135_p2	box026	e091_box026_20231020_135_p2	E092_C3_FAIL_inside_risk	69	103	left	False	nan	nan	nan	-0.17774667901152963	0.4667320820347605	-0.2651426200504942	-0.22076241545174927	0.5311310010646337	-0.2450820705493114	-0.1938775801766119	0.490881676670963	-0.2576199139875506	-0.16699274490147464	0.45063235227729215	-0.2701577574257899	-0.17774667901152963	0.4667320820347605	-0.2651426200504942	-0.15814460954187134	0.4433528331118383	-0.2573849555684202	-0.14291010685708952	0.40587181227761754	-0.27422231198449054	nan	0.030000000000000023	nan	nan	nan		+y	False	True	False	False	lh3	NA
box026_135_p2	box026	e091_box026_20231020_135_p2	E092_C3_FAIL_inside_risk	69	103	right	False	nan	nan	nan	-0.3311186175415873	0.37825141793075473	0.12524022009022992	-0.33322059912335356	0.4576810125251404	0.1159385441121354	-0.33190686063474956	0.40803751590364934	0.12175209159844445	-0.3305931221461457	0.35839401928215836	0.12756563908475363	-0.3311186175415873	0.37825141793075473	0.12524022009022992	-0.31549087975013995	0.3509415611113868	0.12427943919263086	-0.32380131590601735	0.30792060982468716	0.12505440318683075	nan	0.03	nan	nan	nan		+y	False	True	False	False	rh3	NA
box026_135_p2	box026	e091_box026_20231020_135_p2	E092_C3_FAIL_inside_risk	70	104	left	False	nan	nan	nan	-0.2078732997306597	0.5183373049672904	-0.2836234482815326	-0.25695924621655714	0.5725628217227867	-0.25121722680813324	-0.22628052966287118	0.5386718737506014	-0.27147111522900785	-0.1956018131091852	0.5047809257784164	-0.29172500364988235	-0.2078732997306597	0.5183373049672904	-0.2836234482815326	-0.1834113525197043	0.4986571847876562	-0.281317418300528	-0.16527863587974728	0.4655281115581073	-0.3035453885208589	nan	0.029999999999999936	nan	nan	nan		+y	False	True	False	False	lh3	NA
box026_135_p2	box026	e091_box026_20231020_135_p2	E092_C3_FAIL_inside_risk	70	104	right	False	nan	nan	nan	-0.3009872965260759	0.4011787666733178	0.1256758573249534	-0.3192292035954506	0.4789555062600657	0.12143184911012816	-0.3078280116770915	0.4303450440183483	0.12408435424439397	-0.2964268197587322	0.3817345817766308	0.12673685937865964	-0.3009872965260759	0.4011787666733178	0.1256758573249534	-0.28064133817857373	0.3775247563330115	0.12149167978950061	-0.28045103457297044	0.3337128958597041	0.12051657245646434	nan	0.03000000000000003	nan	nan	nan		+y	False	True	False	False	rh3	NA
box026_135_p2	box026	e091_box026_20231020_135_p2	E092_C3_FAIL_inside_risk	71	105	left	False	nan	nan	nan	-0.23546434463144575	0.5349371613767326	-0.29228683658885934	-0.2768382283905879	0.5905678540873935	-0.2523690739860152	-0.25097955104112407	0.5557986711432303	-0.2773176756127928	-0.22512087369166026	0.5210294881990674	-0.30226627723957034	-0.23546434463144575	0.5349371613767326	-0.29228683658885934	-0.2112220222265358	0.5149502932418806	-0.29424813016355433	-0.19804620743244294	0.48108650417190685	-0.31874415556045904	nan	0.029999999999999926	nan	nan	nan		+y	False	True	False	False	lh3	NA
box026_135_p2	box026	e091_box026_20231020_135_p2	E092_C3_FAIL_inside_risk	71	105	right	False	nan	nan	nan	-0.29303588547006804	0.4242068318338097	0.12056056564307864	-0.3098993496611062	0.5024063961019775	0.11988846167323783	-0.2993596845417073	0.4535316684343726	0.12030852665438833	-0.2888200194223084	0.4046569407667677	0.12072859163553878	-0.29303588547006804	0.4242068318338097	0.12056056564307864	-0.27370230197588163	0.40027357915016215	0.11389801859560507	-0.2745611035492812	0.35650471696895447	0.11189418947969156	nan	0.029999999999999985	nan	nan	nan		+y	False	True	False	False	rh3	NA
box026_135_p2	box026	e091_box026_20231020_135_p2	E092_C3_FAIL_inside_risk	72	106	left	False	nan	nan	nan	-0.2639680112202587	0.5346717014650143	-0.2849918371786462	-0.2925652020626882	0.5969605259614271	-0.24373286216984663	-0.2746919577861697	0.5580300106511692	-0.26951972155034637	-0.2568187135096511	0.5190994953409112	-0.2953065809308462	-0.2639680112202587	0.5346717014650143	-0.2849918371786462	-0.24290622539041215	0.511565091966459	-0.28866573715668786	-0.23733859794862894	0.47524184036361616	-0.3125411739815039	nan	0.030000000000000034	nan	nan	nan		+y	False	True	False	False	lh3	NA
box026_135_p2	box026	e091_box026_20231020_135_p2	E092_C3_FAIL_inside_risk	72	106	right	False	nan	nan	nan	-0.3009907340505939	0.4392677355553268	0.10983823383549089	-0.3145457116884927	0.5180314819073566	0.11337869169135804	-0.306073850664806	0.468804140437338	0.11116590553144105	-0.2976019896411191	0.4195767989673193	0.10895311937152406	-0.3009907340505939	0.4392677355553268	0.10983823383549089	-0.28272200055390867	0.41492946592224383	0.10178344795377803	-0.28543692613966387	0.37140009167546606	0.09750689272163397	nan	0.03000000000000003	nan	nan	nan		+y	False	True	False	False	rh3	NA
box026_135_p2	box026	e091_box026_20231020_135_p2	E092_C3_FAIL_inside_risk	73	107	left	False	nan	nan	nan	-0.33798569212640756	0.5215550213878137	-0.26256936140493703	-0.3518695090838524	0.5906279679661574	-0.22467255840418948	-0.34319212348544936	0.5474573763546926	-0.24835806027965665	-0.33451473788704617	0.5042867847432279	-0.27204356215512393	-0.33798569212640756	0.5215550213878137	-0.26256936140493703	-0.3202349797226736	0.4960026480428335	-0.2673652128943362	-0.3229239714899595	0.45697150116871477	-0.2871073622929234	nan	0.03000000000000006	nan	nan	nan		+y	False	True	False	False	lh3	NA
box026_135_p2	box026	e091_box026_20231020_135_p2	E092_C3_FAIL_inside_risk	73	107	right	False	nan	nan	nan	-0.3187424281605261	0.4473578082801707	0.10647663459263634	-0.3308759019098695	0.5262270874771346	0.11217010574171127	-0.3232924808165298	0.47693378797903213	0.1086116862735394	-0.3157090597231901	0.4276404884809298	0.10505326680536756	-0.3187424281605261	0.4473578082801707	0.10647663459263634	-0.30175107040052446	0.42290149040372366	0.09627076151368756	-0.3054421158633171	0.37945085949635005	0.09192507111415496	nan	0.029999999999999954	nan	nan	nan		+y	False	True	False	False	rh3	NA
box026_135_p2	box026	e091_box026_20231020_135_p2	E092_C3_FAIL_inside_risk	74	108	left	False	nan	nan	nan	-0.40295922300815085	0.5056739946411084	-0.22158377322517514	-0.4020725691031704	0.5803719590568267	-0.19295812114525102	-0.4026267277937831	0.5336857312970027	-0.21084915369520366	-0.403180886484396	0.4869995035371788	-0.22874018624515627	-0.40295922300815085	0.5056739946411084	-0.22158377322517514	-0.38928610128730073	0.4775560818235783	-0.2252499002145593	-0.39977858455519705	0.43698592657193625	-0.23807112728689014	nan	0.029999999999999912	nan	nan	nan		+y	False	True	False	False	lh3	NA
box026_135_p2	box026	e091_box026_20231020_135_p2	E092_C3_FAIL_inside_risk	74	108	right	False	nan	nan	nan	-0.34275614595408355	0.4474668293270405	0.09497061942232646	-0.35088209958779204	0.5264935994031722	0.10439073029625172	-0.3458033785667243	0.47710186810558985	0.09850316100004844	-0.3407246575456565	0.4277101368080077	0.09261559170384516	-0.34275614595408355	0.4474668293270405	0.09497061942232646	-0.3277177352389339	0.4227372624408739	0.08259030065862409	-0.33366888702777797	0.3796788747324722	0.07702027298859397	nan	0.029999999999999978	nan	nan	nan		+y	False	True	False	False	rh3	NA
box026_135_p2	box026	e091_box026_20231020_135_p2	E092_C3_FAIL_inside_risk	75	109	left	False	nan	nan	nan	-0.44735988089579215	0.49660151947223136	-0.1703877393566157	-0.44105683936072354	0.573898977844512	-0.15075677920198427	-0.44499624032014146	0.5255880663618366	-0.1630261292986288	-0.4489356412795592	0.4772771548791611	-0.1752954793952735	-0.44735988089579215	0.49660151947223136	-0.1703877393566157	-0.4348653778573534	0.4678008649395151	-0.1727161418603242	-0.4478133280026696	0.4264578939280499	-0.17931333072295744	nan	0.030000000000000023	nan	nan	nan		+y	False	True	False	False	lh3	NA
box026_135_p2	box026	e091_box026_20231020_135_p2	E092_C3_FAIL_inside_risk	75	109	right	False	nan	nan	nan	-0.3759046723202336	0.4532797809123962	0.11355736828286034	-0.3798720602353192	0.5327335117591654	0.12200511873255926	-0.37739244278839074	0.4830749299799346	0.11672527470149745	-0.37491282534146225	0.4334163482007038	0.11144543067043565	-0.3759046723202336	0.4532797809123962	0.11355736828286034	-0.3628847407892732	0.42770244893132	0.10062450164144149	-0.3710965054559271	0.3848715244538313	0.09631811134689501	nan	0.029999999999999992	nan	nan	nan		+y	False	True	False	False	rh3	NA
box026_135_p2	box026	e091_box026_20231020_135_p2	E092_C3_FAIL_inside_risk	76	110	left	False	nan	nan	nan	-0.47610996296862423	0.4918604480432514	-0.1589084869712783	-0.467002511067314	0.5698649890197683	-0.14366559003833881	-0.47269466850563296	0.5211121509094453	-0.15319240062142594	-0.47838682594395165	0.4723593127991222	-0.16271921120451321	-0.47610996296862423	0.4918604480432514	-0.1589084869712783	-0.4640545148566611	0.4629491642170268	-0.16204147344570619	-0.4777558602750129	0.4214161125812103	-0.16481497690763214	nan	0.030000000000000044	nan	nan	nan		+y	False	True	False	False	lh3	NA
box026_135_p2	box026	e091_box026_20231020_135_p2	E092_C3_FAIL_inside_risk	76	110	right	False	nan	nan	nan	-0.3975430801032863	0.45212095812591646	0.10194630607136575	-0.3949363914485825	0.5315528562289309	0.11109937867075949	-0.3965655718577724	0.48190791991454696	0.10537870829613842	-0.39819475226696227	0.43226298360016285	0.09965803792151733	-0.3975430801032863	0.45212095812591646	0.10194630607136575	-0.38791629986322057	0.4258593437746423	0.08750226640857646	-0.39954974933739607	0.38375347850839625	0.08400582086798192	nan	0.03000000000000009	nan	nan	nan		+y	False	True	False	False	rh3	NA
box026_135_p2	box026	e091_box026_20231020_135_p2	E092_C3_FAIL_inside_risk	77	111	left	False	nan	nan	nan	-0.4914222327953926	0.48965581251921564	-0.17372516155252815	-0.4804580427340654	0.5679427044853536	-0.16143902780014843	-0.48731066152239483	0.5190133970065174	-0.1691178613953858	-0.49416328031072454	0.47008408952768127	-0.17679669499062306	-0.4914222327953926	0.48965581251921564	-0.17372516155252815	-0.47988052347777654	0.4605891993072487	-0.17732136904421375	-0.4939897881287245	0.4191015399759948	-0.1776624557385402	nan	0.03000000000000008	nan	nan	nan		+y	False	True	False	False	lh3	NA
box026_135_p2	box026	e091_box026_20231020_135_p2	E092_C3_FAIL_inside_risk	77	111	right	False	nan	nan	nan	-0.41551149768805257	0.45311934823912325	0.07558450222590761	-0.4066757778864068	0.5321521577178017	0.08428766725328321	-0.4121981027624354	0.48275665179362764	0.07884818911117344	-0.417720427638464	0.4333611458694536	0.07340871096906369	-0.41551149768805257	0.45311934823912325	0.07558450222590761	-0.4088875947527645	0.4262893397592	0.06050961838632436	-0.42366186020863816	0.3851055526377573	0.05804325943417102	nan	0.030000000000000006	nan	nan	nan		+y	False	True	False	False	rh3	NA
box026_135_p2	box026	e091_box026_20231020_135_p2	E092_C3_FAIL_inside_risk	78	112	left	False	nan	nan	nan	-0.4789090693436338	0.48736871319923586	-0.18878156985882963	-0.4692412408024711	0.5658092277879833	-0.1763872662337286	-0.4752836336406978	0.5167839061700161	-0.18413370599941675	-0.4813260264789247	0.46775858455204905	-0.19188014576510487	-0.4789090693436338	0.48736871319923586	-0.18878156985882963	-0.46686817182306656	0.45857030998744897	-0.1928657497349165	-0.4801076979979863	0.4167958935152359	-0.19302897038133615	nan	0.030000000000000006	nan	nan	nan		+y	False	True	False	False	lh3	NA
box026_135_p2	box026	e091_box026_20231020_135_p2	E092_C3_FAIL_inside_risk	78	112	right	False	nan	nan	nan	-0.40029009529231546	0.4508938899095349	0.06191860391551127	-0.3925037344637626	0.5300310545292315	0.07067541617812269	-0.3973702099816082	0.4805703266419212	0.0652024085139906	-0.4022366854994537	0.4311095987546108	0.0597294008498584	-0.40029009529231546	0.4508938899095349	0.06191860391551127	-0.3936150340335037	0.42422025461005786	0.04659090659962569	-0.4077866924485757	0.38281253685187105	0.04434787834954569	nan	0.030000000000000072	nan	nan	nan		+y	False	True	False	False	rh3	NA
box026_135_p2	box026	e091_box026_20231020_135_p2	E092_C3_FAIL_inside_risk	79	113	left	False	nan	nan	nan	-0.4553218561772153	0.48739894658315946	-0.20519316299878573	-0.4506867606604997	0.5659997474373936	-0.19103583293185705	-0.45358369535844695	0.5168742469034973	-0.19988416422368746	-0.4564806300563944	0.467748746369601	-0.20873249551551784	-0.4553218561772153	0.48739894658315946	-0.20519316299878573	-0.44146411752073883	0.4595372761402893	-0.20995784193564876	-0.45198341784495044	0.4170099074481008	-0.21104448756206562	nan	0.03000000000000003	nan	nan	nan		+y	False	True	False	False	lh3	NA
box026_135_p2	box026	e091_box026_20231020_135_p2	E092_C3_FAIL_inside_risk	79	113	right	False	nan	nan	nan	-0.3592994319904033	0.45093945881481007	0.040097578003423125	-0.3620499617819603	0.5299637591858364	0.052246427197300827	-0.3603308806622371	0.4805735714539449	0.04465339645112723	-0.3586117995425141	0.4311833837220535	0.037060365704953725	-0.3592994319904033	0.45093945881481007	0.040097578003423125	-0.34925321781557805	0.4260700503233656	0.023618389008056677	-0.35780296151296304	0.38327543452910084	0.019619775543855102	nan	0.030000000000000006	nan	nan	nan		+y	False	True	False	False	rh3	NA
box026_135_p2	box026	e091_box026_20231020_135_p2	E092_C3_FAIL_inside_risk	80	114	left	False	nan	nan	nan	-0.43694112774941524	0.4900270552039152	-0.21643808861229605	-0.43540911462709236	0.5686436640427798	-0.20170439421917205	-0.4363666228285441	0.5195082835184894	-0.2109129532148746	-0.437324131029996	0.47037290299419904	-0.22012151221057705	-0.43694112774941524	0.4900270552039152	-0.21643808861229605	-0.4219981815200243	0.462854436015624	-0.22185739579526167	-0.4306336521724029	0.4199070728944964	-0.2230262471389402	nan	0.02999999999999996	nan	nan	nan		+y	False	True	False	False	lh3	NA
box026_135_p2	box026	e091_box026_20231020_135_p2	E092_C3_FAIL_inside_risk	80	114	right	False	nan	nan	nan	-0.3166740563127536	0.45315258525420954	0.028718883557222404	-0.3283136164839044	0.5311262057459057	0.04230693516292008	-0.321038891376935	0.48239269293859566	0.033814402909358984	-0.31376416626996584	0.4336591801312855	0.02532187065579798	-0.3166740563127536	0.45315258525420954	0.028718883557222404	-0.3045421373592399	0.42986227322793585	0.011359290355479819	-0.3080632283781476	0.3863925783358167	0.007063511971014326	nan	0.030000000000000034	nan	nan	nan		+y	False	True	False	False	rh3	NA
box026_135_p2	box026	e091_box026_20231020_135_p2	E092_C3_FAIL_inside_risk	81	115	left	False	nan	nan	nan	-0.42450404096244526	0.4932649913270652	-0.22945189631471452	-0.4239907950202255	0.57160278672809	-0.21323689121727493	-0.42431157373411293	0.5226416646024495	-0.22337126940317467	-0.4246323524480004	0.47368054247680913	-0.2335056475890743	-0.42450404096244526	0.4932649913270652	-0.22945189631471452	-0.409218051727673	0.4664459134578953	-0.2356233921845605	-0.4171860546452637	0.4233939866484248	-0.23748244931304197	nan	0.030000000000000093	nan	nan	nan		+y	False	True	False	False	lh3	NA
box026_135_p2	box026	e091_box026_20231020_135_p2	E092_C3_FAIL_inside_risk	81	115	right	False	nan	nan	nan	-0.2938877998793074	0.45550407178441804	0.026865725581485738	-0.30956560311366804	0.5327378063471111	0.040619151745323726	-0.2997669760921925	0.48446672224542797	0.032023260392924975	-0.2899683490707173	0.4361956381437448	0.02342736904052623	-0.2938877998793074	0.45550407178441804	0.026865725581485738	-0.2812764350526523	0.43284651459950796	0.0090173041519212	-0.2823412874236619	0.3892069380791846	0.0051547119574739024	nan	0.030000000000000002	nan	nan	nan		+y	False	True	False	False	rh3	NA
