# https://github.com/mikedh/trimesh
v 0.13380300 0.13415575 0.06796125
v 0.06154875 0.18487100 -0.10035050
v 0.14152768 0.11756112 -0.06347269
v 0.14330800 0.19372000 0.04707700
v 0.12998500 0.13478725 0.06775725
v 0.14109488 0.13582669 -0.02943788
v 0.12974375 0.17770125 0.12185200
v -0.14220075 0.18882000 -0.09595175
v 0.12955800 0.19095400 0.13262725
v 0.13297100 0.19412924 0.12793376
v -0.13985300 0.18898199 -0.11179900
v 0.12879284 0.17375034 0.13028525
v 0.12826829 0.12041000 0.07286278
v 0.12606837 0.11693063 0.07351350
v 0.13094382 0.11788694 0.07412118
v 0.06223325 0.18957175 -0.14164481
v 0.12909475 0.17663100 0.13201900
v 0.13181800 0.17274401 0.13130900
v 0.13822600 0.13498600 0.01605400
v 0.13801463 0.12355787 0.00274450
v 0.13991250 0.11909600 -0.01036100
v 0.10954338 -0.18748088 0.09105212
v 0.10952600 -0.19292299 0.08370900
v 0.14096500 0.11974500 0.00145600
v 0.13101600 0.13984650 0.04787650
v 0.14051713 0.13533075 -0.05653388
v 0.13591212 0.18419474 0.10690037
v 0.14127250 0.13684525 -0.06639037
v 0.11040816 -0.18882084 0.08497187
v 0.14557813 0.11884688 -0.05096925
v 0.05729275 0.19556600 0.07529250
v 0.14336978 0.11892031 -0.04216047
v 0.14032450 0.18713775 0.08110525
v 0.05208875 0.19547288 0.09479950
v 0.13693471 0.11747053 0.07068025
v 0.04373950 0.19528100 0.10868700
v 0.13292600 0.11915131 0.07547944
v 0.14628300 0.12188600 -0.04758000
v 0.14515200 0.11853700 -0.03098050
v 0.05156562 0.18829587 -0.14106588
v 0.14083487 0.18888250 0.11086263
v 0.04798000 0.19665900 0.12234100
v 0.01556625 0.16613388 0.12801225
v 0.01648100 0.17254899 0.13517700
v 0.11190200 -0.16509646 0.08994593
v 0.01543663 0.17825963 0.13549012
v 0.13924950 0.13650700 0.07022037
v 0.01726800 0.17794649 0.13374925
v 0.01635500 0.17260641 0.12971790
v 0.14237325 0.11776875 0.07325275
v 0.13869800 0.12028400 0.07561700
v 0.01523200 0.17195299 0.12793700
v 0.01694025 0.18579026 0.14126225
v 0.01412625 0.18373032 0.13950606
v 0.14278175 0.11640200 0.06980600
v -0.13275300 0.19187699 -0.13192400
v -0.14003401 0.18690300 -0.10973625
v 0.12626372 0.17735797 0.11947335
v -0.13497999 0.17007250 -0.09427350
v -0.13557249 0.15922454 -0.09059159
v 0.12846944 0.17802413 0.11351337
v -0.14297438 0.18577087 -0.08080250
v -0.14295650 0.18676500 -0.08998337
v -0.13619050 0.15318374 -0.09031975
v -0.13697113 0.15241012 -0.08681100
v -0.13617501 0.15491401 -0.08144600
v -0.13948600 0.13540626 -0.07170487
v -0.13996200 0.13624801 -0.06896400
v -0.12878825 0.15817063 -0.11910275
v -0.14419472 0.18931088 0.03668253
v 0.13503000 0.18747400 0.03647000
v -0.14489000 0.18415700 0.05059500
v -0.14260800 0.18060701 0.05031300
v 0.03107975 0.18764588 -0.13448700
v -0.14236200 0.11560100 -0.03721600
v -0.14476037 0.12187975 -0.01909900
v -0.13275599 0.13651051 -0.07144550
v -0.13680938 0.17827062 0.00261512
v -0.14049275 0.11603325 -0.01821912
v -0.13183512 0.13528788 -0.07623175
v -0.14497000 0.18763199 -0.04856750
v -0.13204512 0.13416176 -0.06876200
v 0.13561399 0.18674850 0.02381250
v -0.14478457 0.18926644 -0.04693794
v -0.13318500 0.13351400 -0.06345800
v -0.14139600 0.18433575 -0.09451613
v -0.13266565 0.14113991 -0.05039113
v -0.13530000 0.13809200 -0.04644050
v -0.13302025 0.13679475 -0.05861875
v -0.13080919 0.11861956 -0.08010231
v 0.13451225 0.11988325 -0.07252575
v -0.14641000 0.11530875 0.06346262
v -0.14564334 0.13042125 0.06598997
v 0.01500275 0.18763950 -0.01265600
v 0.13702676 0.12533288 -0.06787875
v -0.14772300 0.11821100 0.06355000
v -0.14310250 0.18820851 0.11839600
v -0.13604826 0.18911275 -0.12504725
v -0.14115022 0.11711203 0.03873203
v -0.14417988 0.11657150 0.04360488
v 0.13734281 0.13218306 -0.06624869
v 0.13543326 0.13590425 -0.06530925
v 0.11291762 -0.15965042 0.08401261
v -0.12846150 0.12934175 -0.03627125
v -0.13156800 0.12925249 -0.03610950
v -0.13550971 0.12593107 -0.02979053
v -0.13245700 0.12975600 -0.02632750
v -0.12912671 0.13030191 -0.02579331
v 0.11105071 -0.18620983 0.06072231
v -0.13466169 0.12838475 -0.02153013
v -0.13268100 0.13398300 -0.02440300
v -0.13435724 0.12938824 -0.01335725
v -0.13373554 0.12609307 -0.01167644
v -0.14487788 0.11604212 0.06809463
v -0.14346875 0.11828738 0.06966750
v -0.13643201 0.17531650 0.08245600
v -0.12740925 0.13009025 -0.06123100
v -0.13985676 0.18645249 0.12310575
v -0.12963951 0.13348688 -0.01009163
v 0.12023488 0.17555575 0.13781676
v -0.04089700 0.18954000 -0.14293800
v -0.03951978 0.18285368 -0.13492163
v -0.13487357 0.18488547 0.12759469
v -0.13618106 0.18437096 0.12398703
v -0.13333724 0.18546575 0.13052262
v 0.10683165 -0.19430971 0.09229406
v -0.10433175 0.18882675 -0.14271575
v -0.11030800 0.19051650 -0.14086650
v -0.12681325 0.18347225 0.12997875
v -0.12870049 0.18418400 0.13248301
v -0.12809788 0.18703163 0.13309675
v 0.10768350 -0.19618775 0.08482500
v -0.12722275 0.16969150 0.12646499
v -0.12802057 0.16579519 0.12477897
v -0.13538812 0.17632794 0.12535974
v 0.12120800 0.18561500 0.14113300
v 0.12041600 0.17865799 0.13964500
v 0.12311431 0.18387000 0.14027987
v -0.12490000 0.18583250 0.13357700
v -0.12645487 0.16865282 0.12262231
v -0.12599975 0.17324613 0.12714875
v -0.12638350 0.17034712 0.13119562
v -0.02378400 0.18714400 0.13223401
v -0.09120150 0.18827476 -0.11204363
v -0.09123444 0.18886299 -0.09421562
v -0.09335506 0.13135844 -0.13306187
v -0.00596512 0.18651418 -0.13323888
v 0.12080538 0.18174587 0.12568600
v -0.03099106 0.18596062 0.13942732
v 0.11219838 -0.17050625 0.07319062
v -0.03081778 0.18996419 0.14031453
v -0.08781450 0.13007225 -0.13157700
v -0.09038700 0.12984000 -0.12971100
v -0.07086350 0.18892650 -0.14308076
v -0.08946806 0.19037987 -0.14241238
v -0.11110462 0.11858081 0.12724319
v -0.05906720 0.19079576 -0.14182165
v -0.10960444 0.11403562 0.12324350
v -0.10682400 0.11958300 0.12776150
v -0.07737716 0.14256825 -0.13128878
v -0.07904500 0.14807700 -0.13391601
v -0.07556850 0.14699100 -0.13005175
v -0.03474525 0.18838787 0.03504569
v -0.03578700 0.18886800 0.02947100
v -0.09656212 0.13352488 0.12870724
v -0.09372650 0.13532124 0.12909400
v -0.05687019 0.18953744 -0.14307524
v 0.13230103 0.15227681 -0.02005994
v -0.08860900 0.18676300 0.14060301
v -0.08134519 0.18825157 0.14097275
v 0.13000999 0.13503088 -0.00983425
v 0.11239325 -0.13798456 0.09567659
v -0.02975556 0.19041550 -0.14113419
v -0.07407250 0.18383062 0.13580063
v -0.05277688 0.16876863 -0.13352375
v -0.03628650 0.18779001 -0.13995124
v -0.02919262 0.19165026 -0.14002313
v 0.05277900 0.19570000 0.13649601
v 0.04612625 0.16077444 0.13124369
v 0.13822988 0.19716756 -0.04820637
v -0.03678088 0.18561037 0.02918375
v -0.03997263 0.18897188 -0.09852275
v -0.05030500 0.18783832 0.14107193
v 0.14142175 0.19587675 -0.03539825
v -0.07051400 0.15555350 0.12932600
v -0.03930550 0.18742549 -0.07842650
v -0.04033288 0.18811537 -0.07525788
v -0.06700419 0.15986988 0.12942769
v -0.06636125 0.15530063 0.12619437
v -0.03924594 0.18789643 -0.09445089
v -0.03905737 0.18686788 -0.08750662
v -0.03797513 0.18840726 -0.08237975
v -0.03201950 0.18379800 -0.08510450
v 0.12892500 0.13551600 -0.03972000
v -0.02016419 0.18769550 -0.13968757
v -0.01856812 0.18561031 -0.13318044
v -0.03182664 0.18403649 0.13402389
v -0.00995225 0.19105674 -0.14144275
v 0.08683800 0.19132106 -0.13931143
v 0.08330100 0.18806399 -0.13289601
v -0.02218000 0.18781437 -0.13489038
v -0.09073787 -0.19904688 0.10214569
v 0.06707250 0.19010350 0.03670562
v 0.06547600 0.18915576 0.03366825
v -0.00012306 0.18779962 -0.13535112
v 0.10605957 0.11749769 0.12897994
v 0.12862100 0.11694100 -0.07175400
v 0.12902412 0.13323276 -0.06555063
v -0.03412844 0.18680200 0.14098118
v -0.00592944 0.19188875 -0.13961588
v -0.00785188 0.18876700 -0.14063238
v 0.00377950 0.19165537 -0.14014262
v 0.13151100 0.13342100 -0.06830100
v -0.00355113 0.18757600 -0.13955112
v 0.13814349 0.17395850 -0.09052800
v 0.13525157 0.16875881 -0.09136938
v -0.01412944 0.18688644 0.13359082
v 0.02399325 0.18862125 -0.14103700
v -0.01614725 0.18578710 0.14179169
v 0.13845150 0.17746051 -0.09192400
v -0.00422481 0.18458670 0.14003435
v 0.01889775 0.18768001 -0.13998251
v -0.00341950 0.18607962 0.13224500
v 0.01599300 0.18859001 -0.01850700
v 0.14030288 0.18434000 -0.09414513
v 0.01546406 0.18765657 -0.00373619
v 0.01557500 0.18500499 -0.00800850
v 0.01725425 0.18866450 -0.00482200
v 0.13787900 0.19564225 -0.08865700
v -0.04032900 0.18637700 -0.14018300
v 0.13988625 0.19580075 -0.07004950
v 0.00614550 0.18450925 0.14012712
v 0.06039725 0.19122125 0.10543363
v 0.13755575 0.18827906 -0.09821728
v 0.13579893 0.18258069 -0.10531250
v 0.01413450 0.17580412 0.13088875
v -0.09531312 0.18376300 0.13408519
v 0.01273700 0.18604125 0.13400650
v 0.01539900 0.18272400 0.13481000
v 0.01748600 0.17812100 0.13237201
v 0.01273300 0.18680599 0.13595800
v 0.13697425 0.18772650 -0.10663287
v 0.05138031 0.18730669 -0.13515969
v 0.02710050 0.19312793 0.12150375
v 0.04448650 0.16640800 -0.13170306
v 0.04562112 0.16655150 -0.12972763
v 0.04535225 0.15661301 -0.13040325
v 0.04826636 0.16023597 -0.12924469
v 0.02152600 0.18605950 0.13377850
v 0.02533300 0.18408200 0.13274799
v 0.02374300 0.18428101 0.13515501
v 0.02509850 0.18197188 0.13371900
v -0.06016150 0.18515050 -0.13561150
v 0.03772025 0.19423600 0.10708800
v 0.13406350 0.18573700 -0.10822550
v 0.13401419 0.18782084 -0.10580850
v 0.04345119 0.19294150 0.13941798
v 0.06709075 0.18743987 -0.13963431
v 0.13443024 0.18342049 -0.10418900
v 0.07081350 0.18552224 -0.13367975
v 0.06607025 0.18411724 -0.09616525
v 0.07589488 0.19083799 -0.14119475
v 0.07764772 0.18911709 -0.14007550
v 0.07896750 0.18714212 -0.13436900
v -0.14014819 0.18544938 -0.09744256
v 0.04971950 0.15697750 0.12791762
v 0.04946575 0.15811349 0.12953994
v 0.06430566 0.18752587 0.02259259
v 0.07666675 0.18888950 -0.09432800
v -0.09667885 0.18828946 0.14014594
v 0.12998025 0.19282299 -0.12896475
v 0.13473575 0.18967751 -0.12235738
v 0.06287225 0.19639112 0.09149013
v -0.11121763 0.19124062 0.13552044
v 0.06326775 0.19633649 0.13366325
v -0.14062056 0.19093512 -0.08694881
v 0.08678237 0.19503112 0.13393825
v 0.10964100 0.19856299 0.01621000
v 0.06795250 0.18615325 0.13408138
v 0.06740850 0.18694350 0.13614500
v 0.06713200 0.18294650 0.13575400
v 0.09818318 0.18892343 -0.13831849
v 0.10171662 0.18887869 -0.13426487
v 0.08353157 0.19519006 0.05963319
v 0.12374038 0.20070113 -0.00149763
v 0.08361907 0.19096750 0.00856237
v -0.08968188 0.18895794 -0.14330250
v 0.10969700 0.19118600 -0.13997550
v 0.11544375 0.19754900 -0.00621000
v 0.10799375 0.19366226 -0.13796949
v 0.10757863 0.18801950 -0.13629262
v 0.12582125 0.19941425 -0.04561875
v 0.11603056 0.19080988 -0.13766982
v 0.12218225 0.19911900 -0.02256650
v -0.13747101 0.18694501 -0.11758100
v 0.11168306 0.18705656 -0.13076712
v 0.11803962 0.18805531 -0.13466544
v -0.12168763 0.11378738 0.11592450
v 0.06668487 0.19400725 0.12402462
v 0.11843425 0.19585837 -0.12427238
v -0.14455359 0.18899532 -0.02418325
v 0.11190456 0.11466963 -0.12335550
v 0.11987406 0.17973788 -0.12683156
v 0.11956800 0.19446100 -0.13500100
v 0.12390538 0.18779238 -0.13362093
v 0.12265025 0.18387163 -0.13018075
v 0.12425550 0.19459175 -0.11163450
v 0.12516300 0.11963800 -0.11897000
v 0.12459850 0.19822524 -0.07134200
v 0.09567300 0.18615501 0.13519301
v 0.10245575 0.18192326 0.13398625
v 0.11076575 0.18329875 0.13279174
v 0.10173550 0.18375801 0.13657326
v 0.09876356 0.18408969 0.13953856
v 0.11101013 0.19784887 0.12178100
v 0.12631831 0.11603118 -0.10956031
v 0.11531431 0.19267869 -0.08703618
v 0.11140700 0.18327925 0.13976288
v 0.11996700 0.19439600 0.13799800
v -0.13703388 0.17974487 -0.09474375
v 0.13525000 0.18594438 -0.09356650
v 0.13440900 0.18085800 -0.09124200
v 0.11407200 0.19259875 -0.11939462
v 0.14318675 0.18861969 -0.09567381
v 0.13058197 0.13471282 -0.04789669
v -0.14285287 0.18512687 -0.04781825
v 0.11348400 0.18329699 0.13050500
v 0.11763900 0.17996925 0.13680425
v 0.13238300 0.11878675 -0.09924400
v 0.13433437 0.13882613 -0.06110575
v -0.12682432 0.14831676 0.11949556
v 0.13256247 0.14949119 -0.03584222
v 0.11444888 0.19586299 -0.13288212
v -0.13878299 0.18429400 -0.10783600
v 0.13276775 0.14164899 -0.04533875
v 0.11369300 0.11915050 0.12796400
v 0.08429375 0.20040976 0.07224137
v 0.14241600 0.19687849 -0.01656750
v 0.13926125 0.19850326 -0.00538825
v 0.12711500 0.13325800 0.00591600
v 0.12322000 0.17348425 0.13636275
v -0.03816100 0.17172000 -0.13246500
v -0.13201299 0.18510351 0.12731250
v 0.10373431 -0.19946663 0.09007819
v 0.10785863 -0.18855000 0.09499525
v 0.12710574 0.13332938 0.06725763
v 0.13531788 0.20060250 0.09220850
v 0.14005800 0.13555600 -0.03856600
v 0.14040551 0.13739724 -0.03371725
v 0.13910025 0.13555962 -0.03370288
v 0.13925000 0.13287000 -0.03446900
v -0.12939769 0.12962213 0.01286869
v 0.06778482 0.18000799 0.13741362
v 0.13819188 0.13718869 -0.02866391
v -0.13039599 0.12841100 0.00108200
v 0.06784650 0.17145750 0.13356750
v 0.06716300 0.15423501 0.12949400
v -0.13396899 0.13795000 0.04142750
v -0.13542475 0.13661663 0.05154087
v 0.13803744 0.12383306 -0.00853906
v 0.13696237 0.13277362 0.00511537
v 0.11467563 -0.13240644 0.08549669
v 0.13527113 0.13235472 0.01015078
v 0.13780200 0.12219000 0.01748400
v 0.14208774 0.19450812 0.06875862
v 0.13928987 0.19686763 0.06104294
v 0.14026400 0.19696766 0.08802240
v -0.13150038 0.13478912 -0.02116862
v -0.12479575 0.11452950 -0.10914700
v -0.12926969 0.11794675 -0.10541268
v -0.12517500 0.11918300 -0.11886800
v 0.08837000 0.19975825 0.06568675
v -0.13397197 0.13296160 -0.01178156
v -0.13214000 0.13417250 -0.00755600
v 0.08044900 0.19240400 0.14277300
v 0.14138500 0.18470800 0.06012200
v 0.13239349 0.13795000 0.06838700
v -0.14293975 0.11667225 0.02944575
v -0.13886550 0.12489125 0.02540812
v -0.13656038 0.12775537 0.03038731
v -0.13393418 0.13135982 0.02292381
v -0.13641053 0.12731066 0.01891709
v -0.13934800 0.11730900 0.01266600
v 0.13765597 0.13753794 0.02816175
v 0.07484500 0.18323025 0.14130175
v 0.14304797 0.12520850 -0.01478484
v 0.11541843 -0.12846456 0.07429825
v 0.14305522 0.11913087 -0.01227591
v 0.14181012 0.11761125 -0.00988350
v 0.13765925 0.13123700 0.01945806
v 0.13998775 0.12748250 0.02392288
v 0.07227281 0.18444468 0.13948831
v 0.13909601 0.11675400 0.01813300
v 0.13986944 0.12837613 0.02807319
v 0.13871700 0.13072100 0.02922550
v 0.13702787 0.13180625 0.03558100
v 0.07640912 0.18795426 0.13628066
v -0.13463899 0.13432600 -0.01812000
v 0.13569701 0.13564301 0.02945300
v 0.07638387 0.18716162 0.13440794
v 0.10401950 0.18676776 -0.13186499
v 0.13764393 0.13435271 -0.02167956
v 0.14299956 0.13543575 -0.03388700
v 0.14067650 0.13733850 -0.02306350
v 0.11045450 0.18880150 -0.13843250
v -0.13897949 0.11833875 0.00021000
v 0.11481034 -0.12040556 0.09126984
v -0.13623574 0.12062150 -0.00854062
v -0.14286900 0.18240200 0.11694700
v -0.14421800 0.18643001 0.11558100
v -0.13208599 0.13775100 -0.06031700
v 0.13952924 0.13507874 0.03231775
v 0.13292612 0.18057226 0.08042325
v 0.13637094 0.18242279 -0.09081769
v 0.13755141 0.18549597 -0.09366397
v 0.12056162 0.18683375 -0.13127463
v 0.11997100 0.18656600 -0.13549601
v 0.06478562 0.18885744 -0.03100444
v 0.06516200 0.18888000 -0.03634700
v 0.06243787 0.18927801 -0.04029400
v 0.06920325 0.18750051 -0.09460950
v 0.10875791 -0.19513562 0.03798673
v 0.04419000 0.15642975 -0.12756175
v 0.13565156 0.12621824 0.06219587
v 0.13606587 0.12032537 0.06627113
v 0.10636898 -0.17004086 0.10092977
v 0.01728550 0.18306150 0.13252650
v 0.00150608 0.18511696 0.14160381
v -0.04052200 0.18445700 -0.08194200
v -0.03361550 0.18700600 0.04051025
v 0.06875000 0.15293700 0.13294700
v 0.14304000 0.11960813 0.00414675
v 0.14312600 0.13483299 0.00814100
v -0.12583750 0.16597575 0.12246812
v -0.13370827 0.15356891 -0.07842836
v -0.13372712 0.15545575 -0.08429675
v 0.13499650 0.13596715 0.00461548
v 0.09352275 0.18940026 -0.09323300
v 0.14132425 0.13361794 -0.05867675
v 0.09281950 0.18638475 -0.09373987
v 0.14115800 0.13794300 -0.05884200
v -0.14612800 0.11809362 0.04352600
v -0.14206187 0.11514400 0.00895812
v -0.14330925 0.19052701 0.07972300
v -0.13504051 0.15962100 -0.03493100
v 0.14336188 0.13344394 0.02603844
v 0.14142001 0.11707900 0.03654025
v 0.14127375 0.11901225 0.04697606
v 0.13871551 0.18168825 -0.10468350
v -0.14346126 0.11582800 -0.01858700
v -0.14119457 0.11786281 -0.02194650
v 0.06793000 0.18810000 0.03781500
v 0.08582650 0.18838000 -0.13832700
v -0.14086725 0.11676600 -0.04293025
v -0.13767500 0.11930100 -0.04069100
v -0.13804744 0.11970650 -0.05288831
v -0.03247900 0.18616000 0.13288800
v -0.04154650 0.16931775 -0.13380350
v -0.08848412 0.18969913 -0.06494228
v 0.08173800 0.19971700 0.08610100
v 0.13267550 0.17075700 0.07336150
v 0.13104722 0.16441922 0.07400987
v -0.13654950 0.13249400 0.03556950
v -0.13113113 0.12901001 -0.04971150
v -0.12911150 0.12839100 -0.04171650
v -0.13364787 0.12625638 -0.04106988
v -0.12164800 0.19043800 -0.14079800
v -0.11999697 0.19105706 -0.13676481
v -0.14126487 0.13566075 -0.01634075
v -0.12230800 0.18931800 -0.13800250
v -0.13267152 0.16076553 -0.04111350
v -0.13056672 0.12840015 0.04549908
v -0.13095103 0.12984419 0.03716047
v -0.13538849 0.12517300 0.04601175
v -0.13435957 0.13735799 0.02902169
v 0.07583325 0.19932251 0.08045200
v -0.13383625 0.13687401 0.01929400
v -0.13330728 0.14136365 0.01184244
v -0.13369524 0.17484450 -0.05107025
v 0.14383750 0.13148250 0.06823050
v 0.14265469 0.11825231 0.05689756
v 0.13547701 0.18030800 0.06127950
v 0.13446607 0.18237807 0.06138762
v 0.08591793 0.18879357 -0.09380631
v 0.10500350 0.19560450 -0.13233951
v 0.13502599 0.18572000 0.06085500
v -0.14480750 0.18565275 0.03395400
v -0.02544191 0.18669738 0.13805847
v 0.01843100 0.18572025 -0.09781975
v -0.12329137 0.16081785 0.12465022
v -0.12537400 0.16106550 0.12568800
v 0.10437275 0.19512300 -0.12683550
v -0.13631099 0.13368000 0.02668000
v 0.10160100 0.19286200 -0.12317200
v 0.13397175 0.17527325 -0.10537950
v 0.13968600 0.17861199 -0.10358400
v 0.13957000 0.17576800 -0.10459500
v 0.01476650 0.18553200 0.02989450
v -0.14311682 0.18970326 0.01264950
v -0.12764050 0.19237025 -0.14102875
v -0.12758212 0.19197288 -0.13655025
v -0.12577251 0.19289576 -0.14292049
v -0.14473400 0.11649400 -0.07120100
v -0.12295812 0.15385474 0.12543350
v -0.14425331 0.11878344 -0.07296388
v 0.13423835 0.17081872 -0.10533147
v 0.13486350 0.16978644 -0.10903650
v 0.01639000 0.18689001 -0.08744700
v 0.01446425 0.18861875 -0.08989800
v 0.01724100 0.18903200 -0.08419400
v 0.05805150 0.19636050 0.12697200
v 0.05399425 0.19479799 0.11443038
v 0.05218834 0.19485456 0.10581540
v 0.08422057 0.18420613 0.13570957
v 0.08788128 0.18404834 0.13808206
v -0.13498844 0.12078316 0.06221784
v -0.09957675 -0.20332275 0.04879825
v -0.10070675 -0.20228125 0.02630900
v 0.13241394 0.13398412 0.04197300
v 0.13571250 0.12924813 0.04142863
v 0.12768200 0.13442224 0.04308700
v 0.13365738 0.13272300 0.04515400
v -0.08335075 -0.20229663 -0.10434312
v 0.10115015 -0.20245589 -0.00015296
v -0.08866075 -0.20508400 0.08861275
v -0.02359466 -0.20447566 0.09390143
v 0.11198191 -0.15620467 -0.09922664
v 0.10435150 -0.16305532 -0.10667890
v -0.13096385 0.12416469 -0.00014272
v -0.12907687 0.11993276 -0.00435831
v -0.13081183 0.12458917 -0.00991698
v -0.12796721 0.12471443 0.00387312
v -0.13305876 0.12168287 -0.00523213
v 0.13445824 0.14659981 -0.07574394
v 0.13713500 0.14837100 -0.07024400
v -0.09092031 -0.18799135 -0.11202487
v 0.09483077 -0.09318017 -0.11547161
v 0.09904232 -0.11941614 -0.11298121
v 0.07877100 0.02883500 -0.12290400
v 0.06652387 0.03860150 -0.12198650
v -0.13633706 0.12468225 -0.07668418
v -0.13818485 0.11658969 -0.07324418
v -0.13307710 0.12052435 -0.07786834
v -0.10700385 -0.06330041 -0.11409283
v -0.10546687 -0.03437183 -0.11774073
v -0.10024440 -0.03930611 -0.12003358
v -0.14391975 0.18641113 -0.02194725
v -0.14199676 0.12130881 0.01810694
v -0.14440946 0.12571847 0.02286644
v -0.14369924 0.11492825 0.01389400
v -0.14153332 0.12402056 0.02212134
v -0.13454551 0.18670750 -0.12679675
v -0.14435284 0.12270512 0.01720228
v -0.13894075 0.12250275 -0.03156750
v -0.14253290 0.12411216 -0.02858798
v -0.14328794 0.11889219 -0.03477588
v -0.13979268 0.12173437 -0.02378369
v -0.14067662 0.12305138 -0.02577375
v 0.13545594 0.13174219 -0.04654394
v 0.13529572 0.13363744 -0.04346547
v 0.13660656 0.13297231 -0.05181162
v 0.13966125 0.12632987 -0.05718744
v -0.11375418 -0.09214763 0.10074878
v 0.08432900 0.13390900 0.12762900
v 0.13368350 0.15539731 -0.05832462
v 0.11785931 -0.06062226 -0.10255031
v 0.12120750 -0.03841679 -0.09779704
v 0.12871109 0.11924081 0.10077275
v 0.11122214 0.05600936 0.11932980
v 0.11462661 0.05362039 0.11616576
v 0.14185506 0.12601081 0.03089700
v -0.14193681 0.19053462 -0.04229075
v 0.14182106 0.12436806 0.02158019
v 0.14358038 0.11938825 -0.02771225
v 0.14193457 0.12638564 -0.02377134
v 0.14447437 0.12961900 -0.01855550
v 0.06599531 0.18754750 -0.06039337
v 0.06504650 0.18848337 -0.07038838
v 0.12233325 0.17899950 -0.12672475
v 0.12636174 0.18379419 -0.12609006
v 0.09613400 0.19367100 0.14157300
v 0.09356438 0.18798424 0.14300907
v -0.10549700 0.17119224 0.13146999
v 0.13067450 0.18752649 -0.12690200
v 0.06553550 0.18908550 -0.07850000
v 0.10704187 0.12366325 0.13154200
v 0.09428753 0.19393262 0.12945825
v 0.14047424 0.18632574 -0.10600450
v 0.10951510 -0.04351202 -0.11342289
v -0.12367650 0.01082100 0.09525038
v 0.10301138 -0.05239009 -0.11611196
v 0.10586401 -0.11747836 -0.10975862
v 0.12080600 0.19754475 0.12933651
v 0.12628983 0.06790444 -0.09982717
v 0.11517943 0.18068106 0.13565031
v 0.12294889 0.02513187 -0.10357536
v 0.10324191 0.06855319 0.12428001
v 0.14330600 0.19207025 -0.09849125
v 0.10142621 -0.00355001 0.12001084
v 0.09686750 -0.01854877 0.12022533
v 0.13494487 0.20086263 0.00828287
v 0.14025100 0.19928400 0.02503400
v 0.09661000 -0.18769456 -0.10882413
v 0.11865025 0.11507013 0.11784963
v 0.06524559 -0.20420748 0.08543295
v 0.14492600 0.18912400 -0.06726000
v 0.13321525 0.17199625 0.05820475
v 0.13210274 0.18276750 0.10728375
v 0.12959337 0.16487537 0.10896625
v 0.13417600 0.13130938 0.06689019
v -0.14299300 0.18453400 -0.03199875
v 0.12879469 0.12903838 0.07010888
v 0.14036874 0.18702425 0.02315700
v 0.13942425 0.18459913 0.05888737
v 0.12966287 0.11856175 0.08336775
v -0.10599023 0.01919180 -0.12153166
v 0.11904122 0.07215957 0.11259714
v 0.12120892 0.07050178 0.10832108
v 0.14395575 0.18929638 0.03789325
v 0.11537467 0.01414119 0.11129355
v 0.11927011 -0.09870337 -0.09083841
v 0.09741975 0.02616150 -0.12169988
v 0.13618900 0.13559701 0.05676400
v 0.13717499 0.13426401 0.06151100
v 0.12234842 0.06699403 0.10444669
v 0.09138883 -0.15648259 0.11191136
v 0.06532910 0.17909212 -0.13232268
v 0.11422875 -0.15906581 -0.09407600
v -0.08726900 0.18837400 -0.06551300
v 0.14471175 0.12019150 -0.00995100
v -0.12427369 0.05899198 0.10485187
v 0.09181500 -0.18828499 0.10924750
v -0.12543148 0.04498917 0.09783382
v 0.11979425 -0.01017567 0.09686282
v 0.11819151 -0.02693889 0.10033101
v -0.11335245 0.06625469 0.11783426
v 0.10296363 -0.19407538 0.09909087
v 0.06283262 0.18308724 -0.13288562
v -0.08900513 0.19006819 -0.07958081
v -0.09958234 0.06215431 -0.12631316
v -0.12520200 0.11686200 0.11712900
v 0.06733482 0.18675213 -0.13591300
v -0.13439162 0.19149899 -0.01855350
v -0.13194101 0.15105250 -0.07602975
v -0.13304269 0.14921047 -0.07285331
v -0.14407593 0.18294163 0.06450700
v -0.14042024 0.18205500 0.04949163
v -0.14202499 0.11616100 0.01627150
v 0.10236800 -0.20170350 0.08275900
v -0.14318563 0.12270281 0.02658725
v -0.11871094 0.13750075 -0.12762113
v -0.12729275 0.12674125 -0.03442425
v -0.12920050 0.13461749 -0.01566900
v -0.13596487 0.11729438 0.06810800
v -0.13317899 0.18959901 0.08854400
v -0.13543101 0.13534500 0.06694850
v -0.13494521 0.11799090 0.07098397
v 0.05941375 0.18962525 -0.10026275
v -0.12740666 0.12273066 -0.01248053
v -0.13418999 0.13462301 0.07005650
v -0.13620538 0.13179162 0.06894750
v 0.05762560 0.18938053 -0.10946650
v -0.12982050 0.12819438 0.05820500
v -0.13296600 0.12520701 0.10721450
v -0.13064601 0.11630325 0.07104750
v -0.10381269 0.11537328 -0.12858026
v -0.12907550 0.11575806 0.06820194
v -0.09560700 0.18749499 -0.14271075
v -0.12192700 0.18975250 -0.05048925
v -0.11899965 0.00095769 -0.10397709
v -0.12138372 0.02652022 -0.09978560
v -0.11832850 0.18989600 0.13582151
v -0.08946025 0.19057976 -0.10871375
v -0.09298600 0.18760701 -0.06131600
v -0.12857312 0.12978426 0.00555112
v -0.12245325 0.19013076 0.03016500
v -0.11598216 0.11545260 0.12126707
v -0.13525151 0.13756850 0.06056900
v -0.10063655 0.01104508 -0.12310231
v -0.10791291 0.06542897 0.12024411
v -0.10490431 0.08477516 0.12229688
v -0.12718876 0.12731525 -0.07138100
v -0.11776637 -0.00042312 0.10743350
v -0.12660199 0.11629050 -0.07480612
v -0.10861962 0.02378391 0.11702103
v -0.13265100 0.13725400 0.00766600
v -0.13402919 0.13774081 0.00114956
v -0.13473199 0.16617450 0.03695675
v -0.13811934 0.17606309 0.04918834
v -0.13193899 0.11955144 -0.07317175
v -0.08872800 0.18906100 0.12392700
v -0.13054328 0.11759106 -0.07754019
v -0.12941188 0.13076712 -0.05802281
v -0.09924307 -0.02446488 0.11693291
v -0.09837848 0.05650297 0.12127145
v -0.10500585 -0.01707486 0.11565662
v -0.11109246 -0.00182822 0.11354723
v -0.09381431 -0.12037090 -0.11668327
v -0.09676768 -0.12227501 -0.11541704
v -0.13936301 0.17546350 0.04906600
v -0.14297999 0.11715500 -0.00110100
v -0.11501755 -0.11236426 0.09491964
v -0.10859000 -0.18863200 0.09269200
v -0.14488125 0.11918775 -0.00202550
v -0.04160616 0.16828676 -0.13071500
v 0.10885850 -0.13215700 0.10302925
v -0.09475616 -0.07125179 0.11477397
v -0.06676506 0.18986194 0.14033538
v -0.13382612 0.15956670 -0.08991883
v -0.13217901 0.15563175 -0.08664300
v -0.03723200 0.18609600 -0.09665300
v -0.03849750 0.18915351 -0.08880900
v -0.04126500 0.18596449 -0.08626350
v -0.13103525 0.16100125 -0.11299325
v -0.10411225 -0.15776305 0.10325003
v -0.03253450 0.18805775 -0.06701125
v -0.09623231 -0.12447800 0.11083097
v -0.14523700 0.11878500 -0.06980700
v -0.01075769 0.18623357 0.13917419
v 0.14400350 0.11943850 0.03645800
v -0.01389016 -0.19136558 0.10817843
v 0.14156744 0.13574244 0.06392913
v 0.03971700 0.16083300 0.12817299
v 0.06225228 0.18818547 -0.08164850
v 0.06304725 0.18808056 -0.03345013
v 0.07684100 0.19087850 -0.12063250
v 0.08969600 0.18478601 0.14222600
v 0.01997800 0.19228449 0.13946974
v 0.13953818 0.11883656 0.05915231
v 0.14354976 0.11847025 -0.00524500
v 0.10391475 0.19775750 0.02958950
v 0.09455300 0.19530550 0.10205325
v 0.11813500 0.19085400 -0.11331400
v 0.05504332 -0.18491080 -0.11183774
v 0.11039400 0.20247351 0.09789000
v 0.10579750 0.19923837 0.10587600
v 0.10317147 0.01023116 -0.12008598
v 0.09932480 -0.02156205 -0.11905966
v -0.11595871 0.01492033 0.11118826
v 0.13422875 0.17493574 0.12713075
v 0.13494051 0.18283013 0.12483937
v 0.13765763 0.18342425 0.12097512
v 0.13466001 0.17940000 -0.10748000
v 0.13618000 0.16679500 -0.10602950
v 0.11017650 0.18147750 0.13162450
v 0.14553174 0.11652325 -0.06448675
v 0.13321400 0.12024350 -0.10097725
v 0.13720250 0.18526775 0.00627200
v 0.09507676 -0.10128097 0.11503989
v 0.12361034 -0.00082862 -0.09426625
v 0.12564801 0.11594562 0.09230250
v 0.12549187 0.19111849 0.13854706
v 0.13934125 0.12340969 -0.06132922
v 0.14387400 0.18911375 0.02380062
v 0.14264925 0.11994962 -0.07120025
v 0.13329700 0.18308188 0.09983487
v 0.09829317 -0.06045495 0.11701304
v 0.14078763 0.11932506 -0.03518019
v 0.14348049 0.11676950 -0.05426500
v 0.13454375 0.13466075 0.01378212
v 0.10955994 -0.13557735 -0.10501879
v 0.11799597 -0.09957400 -0.09620469
v 0.13492513 0.13562649 0.07223000
v 0.13103332 0.13551475 0.07405281
v 0.13259700 0.13778700 0.03834500
v 0.11974192 0.02422875 0.10457543
v 0.09574206 -0.16650188 0.10968938
v 0.11342056 -0.15687899 0.04643175
v 0.13281463 0.17030807 0.05065525
v -0.14282094 0.19066276 -0.01666225
v -0.14507763 0.18655275 0.02861650
v -0.14308250 0.11521050 -0.06457400
v -0.14450094 0.11891925 -0.05461019
v -0.14349432 0.11783067 -0.04727017
v -0.13203381 0.16183904 -0.10595719
v -0.14515825 0.19004300 0.09522350
v -0.14532700 0.18725568 0.08198988
v -0.14134237 0.13571812 0.00265275
v -0.13207237 0.15425637 -0.04102250
v -0.13420901 0.13675649 -0.03778025
v -0.14596100 0.11536900 0.05332900
v -0.11434750 0.19016050 -0.14004549
v 0.11150663 -0.18092838 0.03232275
v -0.13257000 0.12987000 0.00468300
v -0.13327025 0.12808700 0.05446313
v -0.12994719 0.12328031 0.06534675
v 0.04284475 0.19719550 -0.13283600
v -0.13192225 0.11734962 0.10575888
v -0.12989201 0.11548025 0.08294725
v 0.13333900 0.11901500 -0.07397800
v 0.13395013 0.12854737 -0.07199337
v -0.12399950 0.17771275 0.13042925
v -0.12835006 0.09431075 0.09002225
v 0.14178662 0.19225524 -0.09009363
v 0.14126256 0.18789731 -0.10148575
v -0.08708425 0.19024225 -0.10279350
v -0.08907100 0.19067951 -0.09820200
v 0.10796046 -0.00438199 -0.11730144
v -0.09372956 0.19012719 0.13938713
v -0.10449000 0.15079001 0.13063900
v 0.13601600 0.19809601 -0.06804300
v -0.12049547 0.00995678 0.10464803
v 0.11687875 0.19603275 -0.07627425
v -0.11808671 -0.05317143 0.09895386
v 0.11059547 0.03489083 -0.11861825
v 0.12468700 0.16626900 -0.12382400
v 0.12713601 0.19595325 -0.09303750
v -0.09598802 -0.07529820 -0.11907375
v -0.11817488 -0.07713903 0.09327380
v -0.09881092 0.00694345 0.11868811
v -0.08805823 -0.16038303 -0.11516986
v 0.10749850 0.20445000 0.07763650
v 0.10168900 0.19998950 0.04734100
v -0.06894400 0.18073888 0.13243063
v -0.09979171 -0.07904942 0.11307244
v -0.05741287 0.18362950 0.13529626
v -0.03144625 0.18474901 0.01648850
v -0.08650072 -0.20461363 0.06664144
v -0.08331328 -0.20484947 0.08187278
v -0.02916200 0.18420915 0.13156982
v -0.00604400 0.18947200 -0.11858600
v -0.07974400 -0.20432299 0.09486707
v 0.03114594 0.13631432 -0.12712181
v -0.02128184 -0.18733312 -0.11275928
v 0.00338763 -0.19121350 -0.11137878
v 0.06522900 0.18704200 -0.09502700
v 0.06306344 0.18959656 -0.09111287
v 0.06233781 0.19704887 -0.12985300
v 0.07865468 0.18743449 -0.09542325
v 0.06036094 0.19375674 0.09832225
v 0.07066812 0.19306050 0.14168763
v 0.06236775 0.18917200 0.11564675
v 0.06067787 0.15472113 0.13167287
v 0.06334600 0.18960500 0.10165100
v 0.09571700 0.19249800 -0.13902400
v 0.12671438 0.19083250 -0.13300237
v 0.09899241 -0.08103522 -0.11553016
v 0.11810350 0.19867450 0.12140875
v 0.13042638 0.13570100 -0.06269287
v 0.13016701 0.12208363 -0.06923088
v 0.12883280 0.12442660 -0.06768117
v 0.12798600 0.11604100 -0.06879900
v 0.13003650 0.13567249 -0.05565425
v 0.09756500 0.18990099 0.12272300
v 0.13314275 0.16470069 -0.03702888
v 0.13258874 0.16551775 -0.00908712
v 0.09999625 0.19038275 0.12250000
v 0.13440575 0.15112451 -0.03307250
v 0.13301775 0.18327650 0.06072725
v 0.12979449 0.13585450 0.03652950
v 0.13764928 0.12129147 -0.06627688
v 0.13401750 0.18498875 0.08027225
v 0.01397750 0.19137350 0.12494087
v 0.13300100 0.18415549 0.09133175
v 0.14608575 0.18886849 -0.00931125
v 0.14535978 0.18825641 -0.00056584
v 0.12161750 -0.05263850 -0.09122650
v 0.00826975 0.18298274 0.13205481
v 0.14440507 0.13528162 -0.06504544
v 0.14191175 0.12029375 0.03306425
v 0.13702437 0.18601507 0.09479838
v 0.00416425 0.18685962 0.13333963
v 0.11257100 -0.18755500 -0.09089300
v 0.01220450 0.18568450 0.00109800
v 0.11610957 -0.00707720 0.10767517
v 0.01769450 0.18451899 -0.09645200
v 0.01469894 0.18631113 -0.09311503
v 0.01533100 0.18961599 -0.09413550
v 0.01489900 0.18832999 -0.09880400
v -0.13149776 0.19297038 -0.13196300
v -0.12754050 0.18378200 -0.13139801
v 0.01505228 0.17788625 -0.13150090
v -0.13328975 0.16676950 -0.07631975
v 0.01206531 0.18836069 -0.13959481
v 0.01418809 0.19098282 -0.14053100
v -0.14375700 0.11549500 0.03199900
v -0.13129455 0.12943932 -0.07057611
v -0.02517428 0.18510641 0.14020713
v -0.02122550 0.18708150 0.13833600
v -0.12946901 0.13422000 -0.06827200
v -0.12793019 0.12911619 -0.05079212
v 0.11132400 -0.18824272 0.01982677
v -0.12802850 0.11693700 -0.07631800
v -0.12931900 0.18912800 0.08328600
v -0.12335875 0.11403613 -0.11266719
v -0.13577300 0.15443000 0.08743500
v -0.12820256 0.12697381 0.01487731
v -0.13021390 0.13229409 0.02621019
v 0.00706512 0.19239494 -0.13912700
v -0.13349387 0.11724263 0.09757600
v -0.11355500 0.19034863 0.00623513
v -0.10547525 0.11764844 -0.13071650
v -0.12471075 0.16740525 0.13015625
v -0.03351828 0.18286428 0.13521765
v -0.12804200 0.08291600 0.09530400
v -0.10550810 0.05569398 -0.12420226
v -0.07521150 0.18755551 -0.14221218
v 0.01590350 0.18969625 0.04118450
v -0.11545600 0.12522399 0.12660301
v -0.11319507 -0.07975331 -0.10374598
v -0.09464306 -0.03549332 -0.12182461
v -0.10046884 -0.10987303 0.11038186
v -0.09967574 -0.04981126 0.11523031
v -0.11066175 -0.14291225 0.09799050
v -0.03399700 0.17566900 0.13113426
v -0.09616482 -0.20370090 0.00364999
v -0.11380950 -0.15090913 0.08919250
v -0.07767013 -0.20422626 -0.08940000
v -0.02159287 0.19156612 -0.14016625
v -0.09606100 -0.20485801 0.08097825
v -0.09437741 -0.16557668 0.10799559
v -0.00787200 0.18712801 -0.10648500
v 0.01198300 0.18634100 -0.13277800
v -0.13837975 0.19125050 -0.07249125
v 0.02655469 0.19168763 -0.14158781
v -0.13347137 0.19172651 -0.11734550
v 0.01465719 0.18726462 -0.08011556
v -0.13306619 0.18085957 -0.11317162
v 0.01147500 0.18532901 -0.02525000
v 0.01151200 0.18605176 0.02082300
v -0.13890500 0.18289550 -0.07426650
v 0.04470988 0.19568637 0.13420862
v -0.11309703 -0.10789844 -0.09796602
v 0.06718350 0.18736351 -0.03808650
v -0.07720131 0.19110712 0.13817513
v 0.07577750 0.18910301 0.04929550
v 0.06850600 0.18093801 0.13406025
v -0.13540612 0.18192412 -0.09946863
v 0.06932463 0.18370725 0.14087050
v 0.10661300 0.19110300 -0.13835700
v -0.07185850 0.18619700 -0.13755600
v 0.08214245 0.18252350 0.13556439
v 0.08266000 0.18493669 0.13916838
v 0.08251800 0.17790601 0.13375200
v 0.09239925 0.02507350 -0.12249600
v 0.10717506 0.06463028 -0.12209284
v -0.08138800 0.12640300 -0.12938599
v 0.12092400 0.19268200 0.13954000
v 0.09079975 -0.18660362 -0.11077325
v 0.13405113 0.16240263 -0.10176638
v -0.13605849 0.19182450 -0.08341050
v 0.14177600 0.18799324 -0.10961350
v 0.14270200 0.18806151 -0.10388100
v 0.09535438 0.00817950 0.12200537
v 0.13041125 0.20300876 0.04679975
v 0.14375900 0.19259150 -0.06564150
v 0.13193300 0.17209101 0.03899000
v 0.13270000 0.14713401 0.03128700
v -0.14285275 0.18367700 0.00038763
v 0.13158850 0.14163850 0.01250700
v 0.13147338 0.14024501 0.03229162
v 0.13313100 0.20311899 0.07504400
v 0.13963625 0.13170187 -0.02440947
v 0.13859113 0.12924762 -0.01249225
v 0.14512224 0.11945388 -0.06948288
v 0.12928487 0.12946750 0.10784675
v 0.13613118 0.12894100 0.05214244
v 0.11589415 -0.15351884 -0.08967344
v -0.13082474 0.11893075 0.11077650
v 0.05582075 0.17334574 -0.13364676
v -0.12987600 0.11487313 0.09896663
v -0.14371538 0.18884575 0.00574237
v -0.11921116 0.02826156 -0.10850475
v -0.13510850 0.17591050 -0.09444175
v -0.13341850 0.16539900 0.10964350
v -0.13291863 0.17010687 -0.09596725
v -0.13422050 0.14864475 0.10591375
v -0.14381374 0.13334213 -0.01681050
v -0.14440787 0.13165863 -0.06822038
v -0.14268263 0.13605750 -0.00109913
v -0.13762200 0.12073700 -0.01945900
v -0.13257638 0.19123575 -0.09902813
v -0.13122700 0.12839399 0.06015250
v -0.13332351 0.13686749 -0.02716250
v -0.13727000 0.19096676 -0.05016275
v -0.13243750 0.13941950 -0.02658500
v -0.13511463 0.12697956 0.03847650
v -0.12812884 0.13293266 -0.01968759
v -0.10587850 0.18373688 -0.13817437
v -0.13114426 0.12981375 0.01065775
v -0.13148300 0.13322100 0.03771350
v -0.13351700 0.13354801 0.03827300
v 0.11425038 -0.07553537 0.10223562
v -0.12383737 0.18967438 0.05058075
v -0.14491850 0.18444949 0.08690300
v 0.12845850 0.19587475 -0.12224800
v -0.11685300 0.18910301 -0.12314000
v -0.09228950 0.13440850 -0.13418050
v -0.11598875 -0.05085259 -0.10194916
v -0.11696403 0.11780009 0.12431997
v 0.10339025 -0.18892187 0.10143819
v 0.11585919 -0.08750403 0.09588728
v -0.11194868 0.18535456 0.13735807
v 0.10125333 -0.18302353 0.10443982
v -0.12209412 -0.00059435 0.09893787
v -0.09273836 -0.00923358 -0.12336645
v -0.10801037 -0.15667927 -0.10055166
v -0.03781987 0.18593663 -0.09224625
v -0.07226037 0.17474012 0.13116150
v -0.06802725 0.18590775 0.13992725
v 0.14411600 0.11841000 0.01784800
v -0.09944388 -0.15431179 0.10684813
v -0.03681294 0.18835990 0.00303188
v -0.08959361 -0.15703736 0.10983705
v -0.00691400 0.18720201 -0.07613900
v -0.03912823 -0.19223690 -0.11203115
v 0.13823900 0.12153825 0.05096519
v 0.13054775 0.11919275 0.07770000
v 0.11735331 -0.08138769 0.08639313
v 0.01458963 0.18854913 0.03228350
v 0.01627675 0.18924899 0.02015150
v 0.01686944 0.19027284 0.09590372
v 0.01494137 0.18990874 -0.10565037
v 0.02566300 0.19150713 0.09485362
v 0.02427950 0.18910749 0.10753400
v 0.05372050 0.19168825 -0.14164437
v 0.04750600 0.18626501 -0.13279000
v 0.08066150 0.19649725 -0.13342351
v 0.08152056 0.18549328 -0.09529850
v 0.04181142 -0.18977338 -0.11128259
v 0.09021900 0.18986399 -0.06815100
v 0.14589050 0.18631275 -0.04276750
v 0.14302850 0.19641750 0.02643500
v 0.10468500 0.20280249 0.05782900
v 0.09676687 0.20058288 0.09346075
v 0.10672587 0.19584475 0.12224537
v 0.11920062 0.11685038 -0.12028525
v 0.13355251 0.19688524 -0.08841175
v 0.14300551 0.19550450 0.00824700
v 0.13504587 0.13588551 -0.06876625
v 0.13515857 0.18219718 0.00912306
v 0.10072584 -0.14809097 -0.11024922
v 0.14012450 0.19817600 0.04300950
v 0.13270637 0.18052912 0.07296550
v 0.13408913 0.19873025 -0.04722688
v 0.12536415 0.08170719 -0.10604870
v 0.13323225 0.17998600 0.12551101
v 0.13236134 0.12277818 0.06974666
v 0.03949500 0.17306125 -0.13186824
v 0.10048300 0.20342600 0.08209800
v 0.12213200 0.20314001 0.02461500
v 0.14479750 0.11952250 0.06923250
v -0.13727294 0.13199738 -0.07468144
v -0.14231862 0.18274112 0.01581963
v 0.08816987 0.19776650 0.09463137
v -0.14536674 0.13395406 0.06220044
v -0.13415812 0.12265569 0.00050275
v -0.13634194 0.12322725 0.00747787
v -0.13515501 0.13658825 0.03776000
v 0.11653297 -0.12614948 0.03336825
v -0.12670951 0.16639251 0.13170800
v -0.12765650 0.11326300 0.10644400
v -0.12884399 0.11364050 0.10282250
v -0.09040025 0.18855651 -0.01849875
v -0.10966262 -0.11462568 -0.10481422
v -0.11038794 -0.15202737 -0.09549490
v -0.08375137 0.17676163 0.13161750
v 0.03127625 0.16209225 0.13015637
v 0.03498350 0.16018525 0.12789150
v -0.03833869 0.17909187 -0.13345174
v -0.06999350 0.12296400 0.12434800
v -0.08071644 -0.20331182 -0.04752598
v 0.04250088 0.15193544 -0.12911125
v 0.01906425 0.16563375 0.12996300
v 0.11762883 -0.10398319 0.04952544
v 0.01483525 0.18580587 -0.13544412
v 0.00295450 0.18615501 0.13971150
v 0.01163575 0.18733250 0.11148100
v 0.08275400 0.18650900 -0.11022150
v 0.01951125 0.17136300 -0.13025975
v 0.06394663 0.18939850 0.11765587
v 0.13250674 0.20266525 0.02472550
v 0.08693000 -0.19060400 -0.11053400
v 0.10275575 0.19087687 -0.08041150
v 0.12094350 0.18506150 -0.12716950
v 0.11303587 0.08755575 -0.12091287
v 0.11881975 0.20484474 0.08205425
v 0.11733325 0.20378201 0.09363800
v 0.10028762 0.11757713 0.12794538
v -0.03585950 0.18924312 0.08263350
v -0.04418000 0.19180250 0.13176550
v -0.05002800 0.14388999 0.12549201
v 0.13872400 0.11857900 -0.07077900
v 0.13095444 0.14072306 0.06336363
v 0.14159051 0.18643750 0.05426350
v 0.14241800 0.18874200 0.06221200
v 0.14344250 0.18715650 0.05465600
v 0.10431471 -0.20034571 0.02619235
v 0.08704562 -0.18747544 0.11054181
v 0.09813806 -0.11776616 0.11272188
v -0.03974919 0.19084932 -0.11536387
v -0.14266101 0.11582475 -0.07318325
v -0.14038526 0.11748675 -0.05373275
v -0.12371688 0.16963637 -0.12657219
v -0.13267200 0.16436300 -0.05111500
v -0.13225076 0.12484950 -0.07371525
v -0.13420013 0.12574531 -0.06916387
v -0.13377003 0.12723191 -0.05872747
v -0.11528233 -0.13725445 0.08614030
v -0.14279650 0.19201800 0.09716287
v -0.08960260 -0.11464489 -0.11795664
v -0.12543701 0.11766700 -0.11621500
v -0.13262087 0.13447425 0.02751650
v -0.13426401 0.14487800 0.06135250
v 0.01261850 0.18551700 -0.01684150
v 0.11755719 -0.08809650 0.07328572
v 0.12941375 0.20362601 0.08396250
v -0.11797375 0.04228725 -0.11287400
v -0.10615262 0.11961163 -0.13251087
v -0.12719308 0.07454414 0.08275423
v -0.11700088 0.17890374 0.13389587
v -0.09087600 0.18750300 -0.09818900
v -0.11509577 -0.03383316 -0.10732995
v -0.11319619 0.16229551 0.12914887
v -0.11124830 -0.11924923 -0.10092603
v -0.08688306 0.18478100 0.13794388
v -0.10486528 -0.07500969 0.11113984
v -0.10647842 -0.09764323 0.10792319
v -0.09484532 -0.20380269 -0.06111977
v -0.08975456 -0.12006324 0.11215361
v -0.12734324 0.08041258 0.06766105
v -0.02650656 0.18665990 0.00297925
v -0.10145550 0.12051550 -0.13264351
v 0.01572300 0.18278325 -0.13293213
v 0.01466244 0.18682975 -0.10349219
v -0.12870584 0.17480566 0.12874325
v 0.03051050 0.19527251 -0.13703901
v -0.00275613 0.18679382 0.13831501
v 0.05071300 0.16546699 -0.12806600
v -0.12841469 0.12432375 0.03495025
v 0.05524100 0.19106862 -0.11188163
v -0.12653685 0.10535929 -0.01944416
v 0.07721637 0.19500875 -0.13769588
v 0.08920988 0.19473150 -0.13617375
v -0.03148300 0.18691701 0.11667800
v -0.03142900 0.18808974 0.10638300
v 0.09000650 0.18980549 -0.09094300
v -0.13979788 0.11730912 0.05642537
v 0.08785225 0.03964600 -0.12242025
v 0.07955994 0.00904722 -0.12083080
v -0.12802450 0.13237800 -0.06125850
v -0.13868181 0.12026863 0.03509731
v 0.08964425 0.19702350 0.05840475
v 0.11410475 0.12214200 -0.12768038
v 0.11880625 0.12527201 -0.12543225
v 0.10177050 0.19093651 0.11928400
v 0.09996825 0.09211675 0.12645625
v 0.13473162 0.17287350 -0.09130187
v 0.13143744 0.12115025 -0.10876256
v 0.12863800 0.11657100 -0.10138200
v -0.14460000 0.11885100 -0.03744800
v 0.13342400 0.14943025 -0.06558950
v 0.11093872 -0.07938273 -0.10926578
v 0.12747900 0.13477850 0.00125800
v 0.13331294 0.18418306 0.04389606
v 0.13310425 0.16749576 0.06773900
v 0.12673700 0.12378450 0.11443800
v 0.08385687 -0.16769212 0.11205775
v 0.12476450 0.11997900 0.11731900
v 0.14414226 0.12140175 0.04713825
v 0.12499250 0.11428931 0.10478244
v -0.03499291 0.18573369 0.01905164
v 0.10381562 -0.19929481 -0.09458838
v 0.11346800 -0.07158000 0.10627400
v -0.14266388 0.11622844 -0.01231281
v -0.13137121 0.12978731 -0.08587472
v -0.11605400 0.18260901 -0.13438600
v -0.14310300 0.11482675 0.06177300
v -0.14278381 0.13388599 0.06657875
v 0.13129750 0.17947088 0.12012812
v -0.12589119 0.05220039 0.07114083
v 0.09826975 -0.20359600 0.08441425
v -0.09008675 0.18806718 -0.07212631
v 0.14393900 0.18642201 0.00812400
v 0.14043425 0.11985850 -0.05020200
v 0.11539587 0.11732953 0.12422328
v 0.14075875 0.18507850 0.00970800
v -0.10258536 -0.09681480 -0.11436972
v -0.09090637 0.16681024 0.13125350
v -0.12996376 0.19133687 -0.11589425
v -0.08969792 -0.06908053 -0.12051325
v -0.11037375 -0.18810500 0.08819500
v -0.08365463 -0.20419888 -0.08379875
v -0.03630575 0.18822725 0.01512450
v -0.04967038 0.16573399 0.12921637
v -0.03475963 0.18932612 0.11414325
v -0.01588150 0.18461674 -0.09274987
v -0.14241976 0.13461412 -0.04521725
v 0.01309875 0.18600924 0.04141725
v 0.09896875 0.19068675 0.11421700
v 0.11928850 0.18716376 -0.12872849
v -0.13374425 0.17892650 -0.09875600
v 0.06076500 0.17600051 -0.13394125
v 0.03995728 -0.20333871 -0.09783684
v -0.13185975 0.17738976 -0.11465550
v 0.07811200 0.19785701 0.09125625
v 0.06962200 0.19585550 0.12877050
v 0.03105842 -0.20446983 0.09284292
v -0.10238700 -0.14858600 -0.10929600
v 0.07795100 0.19048500 0.14319150
v 0.12149575 0.16670400 -0.12408700
v -0.01230250 -0.20461769 0.08518581
v 0.05696375 -0.18557525 0.11050350
v 0.12279300 0.18143526 0.12740199
v 0.13494726 0.17285074 -0.06393950
v -0.13548088 0.17844450 -0.08043850
v 0.09972166 -0.20286369 0.05137903
v 0.10538200 -0.14468314 0.10536806
v 0.14179724 0.13249543 -0.06982862
v 0.11035127 -0.00904085 0.11433939
v 0.13962200 0.18654600 0.08821200
v 0.04843450 0.17220387 -0.13173263
v 0.14349037 0.11988813 0.07258713
v -0.14010300 0.19145501 -0.00270700
v -0.14048150 0.13590050 0.01271875
v -0.13530400 0.17606050 0.02785300
v -0.11942125 0.19032550 -0.01491375
v -0.11327837 0.13860001 -0.13104913
v -0.13083425 0.16274901 0.12055112
v -0.02485900 0.19143049 0.13870075
v -0.10442675 0.12366394 -0.13355219
v 0.10768873 -0.19776778 -0.01551570
v -0.11301586 -0.12022085 -0.09347880
v 0.11239766 -0.16863303 0.01805747
v -0.09022200 -0.18890449 0.10718400
v -0.08782850 0.18139650 0.13222151
v -0.11170315 -0.03573637 0.10996985
v -0.10604300 -0.18747801 -0.09801600
v -0.10848700 -0.18831700 -0.08600000
v -0.08887622 -0.20447688 -0.09007586
v 0.13443725 0.13752763 -0.01063513
v -0.03614400 0.18924850 0.04361200
v -0.10371344 0.11770681 0.12443581
v -0.05829475 -0.18880428 0.10820209
v 0.01579900 0.18758200 -0.04516000
v -0.06291300 0.18643400 -0.13755500
v -0.03171036 -0.18558434 0.10863160
v 0.00768216 -0.20390771 -0.09507678
v 0.05284625 0.17793851 -0.13337301
v -0.10875615 -0.09055691 -0.10941442
v -0.05426325 0.18951200 0.12119050
v 0.06081750 0.18607700 -0.10747300
v 0.07298882 0.18547368 -0.09481238
v 0.03526343 -0.20336519 0.09821211
v -0.11682806 -0.05311875 -0.09762488
v 0.02484331 -0.18648784 0.10963190
v 0.12012350 0.19136424 -0.13785875
v 0.11549475 0.11639582 -0.12260975
v 0.08459869 -0.20404613 0.09650288
v 0.12365025 0.19284625 -0.10145625
v 0.13020250 0.19874100 -0.06930350
v 0.08210400 -0.20253100 -0.07650800
v 0.08817175 -0.20373662 -0.09614425
v 0.13835290 0.12587638 -0.03594909
v 0.11916525 0.17920651 0.13424475
v 0.13263100 0.13952599 -0.02958700
v 0.12795974 0.13543232 0.03082388
v 0.12964649 0.20088850 0.10405250
v 0.13872300 0.19952901 0.07229800
v -0.13627274 0.19125563 0.07196075
v 0.08123363 -0.20438907 0.08747772
v 0.14138688 0.13615328 0.02951537
v 0.13142712 0.17514850 0.08107475
v 0.06392050 0.18902551 -0.02642750
v 0.05586737 0.18021800 -0.13399325
v -0.10543789 -0.14596350 -0.10633709
v -0.14561351 0.11799350 0.03205500
v -0.14134088 0.19136238 0.07663137
v -0.13260062 0.15802263 -0.03466150
v 0.09423200 -0.20450249 0.08511950
v 0.09167194 -0.20356557 0.09566494
v -0.13046350 0.13229400 -0.11003800
v -0.14155050 0.19061112 0.01878438
v 0.13328882 0.17800497 0.05981128
v 0.07081363 0.18816625 -0.06662013
v -0.04246787 0.18947662 -0.10560700
v -0.10413246 -0.20005210 0.03543548
v -0.10762350 -0.19808251 0.07917550
v 0.13359500 0.17463300 0.07664700
v -0.10723876 -0.19616053 0.02473266
v 0.06384493 0.18839625 -0.05187094
v 0.06616641 0.18870385 0.02800134
v 0.12819751 0.13519000 -0.02001050
v 0.13295881 0.13620093 -0.01423175
v 0.13725400 0.13313250 -0.00407850
v 0.13655099 0.13653301 -0.00081950
v 0.13450487 0.13520463 0.03584575
v 0.11811328 -0.05497059 0.09352678
v 0.13490012 0.13839050 -0.00009213
v 0.14187300 0.13444032 -0.00095094
v 0.13876337 0.13631363 -0.01533600
v 0.13996559 0.13555938 -0.00593544
v -0.09048550 0.18811950 -0.08483700
v 0.14308432 0.13477875 -0.01201506
v 0.13986699 0.13702950 0.00819800
v 0.13221450 0.13932650 0.00671000
v 0.07548191 -0.20388876 -0.08974741
v 0.05007797 -0.20212993 -0.10134566
v 0.13623725 0.19777951 0.10669600
v 0.14692350 0.19138850 -0.01494450
v -0.09160550 -0.19939412 -0.10545962
v -0.09411975 -0.20211625 -0.09904675
v -0.09300432 -0.19563788 -0.10812300
v -0.09829994 -0.20110257 -0.09595294
v -0.09853950 -0.19541857 -0.10396503
v -0.09899319 -0.19837557 -0.10018444
v -0.08697432 -0.19617856 -0.11016569
v -0.10014600 -0.19002450 -0.10558100
v 0.09674319 -0.20119244 -0.09872144
v 0.09930400 -0.19487850 -0.10497150
v 0.09103050 -0.20061088 -0.10277662
v 0.09834875 -0.20310213 -0.09084494
v 0.09649300 -0.20404901 -0.08635600
v 0.10500193 -0.20084128 -0.05119412
v 0.10083549 -0.20308657 -0.06629454
v 0.11031617 -0.19325988 -0.00729556
v 0.09657341 -0.20379372 0.02058106
v -0.09185841 -0.20356770 0.09436759
v -0.08318000 -0.20303850 0.09833800
v -0.09633581 -0.20428012 0.08762906
v -0.09396788 -0.20123038 0.09835362
v -0.01691697 -0.20477216 0.09017097
v 0.09507106 -0.19723813 0.10371875
v 0.09980153 -0.19936885 0.09703053
v 0.09827112 -0.19277638 0.10443650
v 0.09710569 -0.20188038 0.09516612
v 0.11017735 -0.18406010 -0.09721397
v 0.10664950 -0.18816601 -0.10140975
v 0.14065325 0.13593706 0.04858719
v 0.13616425 0.13724124 0.05486450
v 0.13213618 0.13970087 0.05402669
v 0.14321688 0.13266812 0.05491263
v 0.13551925 0.15293688 -0.07886369
v 0.13544661 0.15179276 -0.06840096
v 0.13596250 0.15460862 -0.08652075
v 0.13405025 0.14984225 -0.08955150
v 0.13354750 0.13965300 -0.08043050
v -0.11946950 0.18589775 0.13675524
v 0.01258644 -0.19517966 -0.10949478
v -0.09669400 -0.18560800 -0.10930900
v -0.08440331 -0.18815094 -0.11375794
v 0.11645583 0.06333821 -0.11679831
v 0.11430264 -0.00336996 -0.11304466
v -0.14192125 0.12905662 -0.07391188
v -0.14196800 0.11851900 -0.07486000
v 0.11212700 -0.17596850 -0.00522950
v -0.11806411 -0.06175439 0.04281610
v -0.12945800 0.12886199 0.04952800
v -0.12292900 0.12061850 -0.12232650
v -0.11759726 -0.08210765 0.06197741
v 0.14016187 0.12666212 -0.01564875
v -0.11623950 0.12753075 -0.12868862
v -0.11455312 0.11486700 -0.12388712
v -0.12191000 0.11821600 -0.12207150
v -0.11269755 -0.03306380 -0.11121970
v -0.11554302 0.05093205 -0.11696727
v -0.14541869 0.12270612 0.01385544
v -0.14587750 0.12945850 0.02596600
v 0.10189678 -0.12646848 0.10998331
v -0.14477400 0.12761775 -0.03199900
v 0.13727900 0.12586100 -0.04503300
v -0.13412151 0.17759825 -0.06782350
v -0.11742716 0.07448229 0.11564190
v -0.12201294 0.06897281 0.11015790
v -0.11062513 -0.09844927 0.10405378
v 0.12283700 0.12462500 -0.12233500
v 0.11958150 0.17945850 0.12559649
v 0.11672619 0.14031893 0.12693106
v 0.13354613 0.15817237 -0.03988525
v 0.12325769 0.11684243 0.11314691
v 0.12304662 0.11268113 0.11015406
v 0.14417399 0.13083300 0.02100400
v 0.14179818 0.11794256 0.02044938
v 0.14520276 0.12816750 -0.02696300
v 0.14736319 0.12062857 -0.05809919
v 0.14733425 0.12830275 -0.05710775
v 0.14519706 0.13391812 -0.05032913
v 0.14657925 0.12003350 -0.06803262
v 0.12520100 0.17084500 -0.12414800
v 0.09827725 0.18966325 0.11939200
v 0.09828600 0.18324231 0.13489328
v 0.08658775 -0.19710051 -0.10728675
v -0.09792100 0.14025100 0.13036500
v 0.13098988 0.18550350 -0.12016363
v 0.11916607 0.03936157 -0.11183558
v 0.09542925 0.19511800 0.13686851
v 0.13987488 0.18476588 -0.11102375
v 0.02981236 -0.19281358 0.10858842
v 0.13936000 0.19241275 -0.11225525
v 0.10617550 0.11506625 0.12638387
v 0.12159347 0.04273112 -0.10874514
v 0.13383199 0.17787200 -0.02118400
v 0.13343300 0.17490000 -0.02192800
v -0.07467950 0.18335275 -0.13620199
v 0.14215849 0.18509588 -0.09177525
v 0.13248290 0.14926541 -0.02730669
v 0.09730638 -0.19298938 -0.10698225
v -0.13775660 0.11819847 -0.06792831
v 0.11568217 -0.06702472 0.10031635
v 0.13445856 0.15317762 -0.02277662
v 0.13849437 0.18336162 -0.02235088
v 0.11245850 0.11499050 0.12359000
v 0.08531132 -0.20213921 0.10127600
v 0.13100600 0.16011500 0.04217300
v 0.13108400 0.17045800 0.05604200
v 0.12658137 0.13382438 0.06318000
v 0.11654500 -0.13050850 0.01210875
v 0.13973100 0.18899600 0.11863200
v 0.12136975 0.12700562 0.12244100
v 0.14368600 0.18630800 -0.01046500
v 0.11422825 -0.10914900 -0.10240488
v 0.13114250 0.18270119 0.12790956
v 0.12750900 0.18862151 0.13772000
v 0.12518574 0.18327250 0.13673775
v 0.12808526 0.16732749 0.11421250
v 0.13812400 0.18669100 0.05656200
v 0.10642000 -0.19379351 -0.09902900
v 0.13906975 0.18582925 0.06616325
v -0.10553775 0.18119575 0.13385201
v -0.11610031 0.11343744 0.12021400
v -0.08698662 0.18964826 -0.03209862
v -0.09027050 0.18856850 -0.03625150
v -0.08776625 0.19000950 -0.05792625
v 0.11855519 -0.06266675 0.07201369
v 0.14456800 0.18993349 0.04460350
v 0.13856575 0.13312174 0.07371450
v 0.14445150 0.13132812 -0.00519525
v 0.14040600 0.12002475 -0.02943875
v 0.10406369 -0.05885511 0.11457175
v 0.10651644 -0.09304925 0.10976331
v 0.11189542 -0.19121890 -0.04255308
v 0.11046669 -0.19534022 -0.06247375
v 0.14410450 0.12845950 0.03449850
v 0.09665050 -0.18860251 0.10701300
v 0.11058868 -0.07451162 0.10771425
v -0.11930625 0.17255625 0.12796825
v 0.13159600 0.13601200 0.01542150
v -0.12166113 0.11892775 0.12201987
v -0.13746400 0.18124300 -0.05158900
v -0.11061788 0.11363075 -0.12598975
v -0.13303424 0.16963437 -0.06883062
v -0.13747025 0.17978100 -0.04747350
v -0.13553800 0.17652275 -0.04782350
v -0.12866150 0.17958638 -0.12600832
v -0.12788975 0.17790750 -0.12284775
v -0.12631044 0.05485237 0.03176922
v -0.12563024 0.05643113 0.03643725
v 0.14000700 0.18132301 -0.03893300
v -0.13490400 0.16419800 -0.04825300
v -0.12854950 0.16451401 -0.12070450
v 0.13588201 0.11929450 -0.06868025
v -0.09954581 0.14498137 -0.13529144
v -0.13241175 0.16024774 -0.06778475
v -0.09367450 0.18795550 -0.11464300
v -0.13899313 0.13668412 -0.04202575
v 0.13410249 0.13818049 -0.04513050
v -0.13365325 0.17250225 -0.02650050
v 0.14399301 0.19285350 -0.03461775
v -0.14123724 0.19037025 0.03357225
v -0.13033193 0.12014006 -0.10503325
v -0.13176399 0.13200299 -0.10267300
v -0.13452449 0.17445999 0.00363150
v -0.13531625 0.17327701 0.00663100
v -0.11291908 0.00288355 -0.11493774
v -0.14448218 0.13389550 0.03702185
v -0.12188400 0.16879401 0.12450800
v -0.14023162 0.17882074 0.07203688
v -0.13716251 0.17414799 0.05493250
v -0.12482375 0.13366987 -0.12101106
v -0.11632162 -0.04558706 0.10342443
v -0.12706549 0.11658000 -0.09746825
v -0.13486525 0.15366763 0.04582025
v -0.11593550 0.15061174 -0.13115375
v -0.09532163 0.17491706 -0.13588369
v -0.09497400 0.17987125 -0.13721649
v -0.12509450 0.19160050 0.12718700
v -0.13658200 0.17351601 0.09958200
v -0.13359800 0.16707237 0.11128963
v -0.14302225 0.13305657 -0.07092300
v -0.11244400 0.17885438 -0.13334894
v -0.10104725 0.17828700 -0.13686369
v -0.12840338 0.13035876 0.01979650
v -0.10608888 0.15244463 -0.13405487
v -0.10356037 0.16189112 -0.13538849
v -0.12757300 0.15473250 0.12223500
v -0.13488001 0.15308200 -0.07475900
v 0.11324219 -0.16343118 -0.00876488
v -0.12525450 0.05649475 0.02319225
v -0.12745900 0.12249500 0.11672488
v -0.11124050 0.19165550 0.13219351
v -0.08867269 0.19058999 -0.11677313
v -0.09438000 0.18730600 -0.09788300
v -0.12785700 0.19024700 0.11421100
v -0.12450150 0.19173737 0.10309850
v 0.11231194 -0.18716395 -0.02697181
v -0.07832350 0.17225625 -0.13496324
v -0.12016313 0.11551859 -0.11878994
v -0.10203625 0.19084625 -0.13562188
v -0.12614550 0.11407800 -0.07422850
v -0.12681849 0.12455150 -0.05658175
v -0.13809000 0.17560451 0.12117050
v -0.13281301 0.14035299 0.00023300
v -0.14099056 0.17897081 0.08682144
v -0.08337975 0.19123450 0.13028400
v -0.13381250 0.15252413 0.00802112
v -0.13566776 0.17493574 0.04765900
v -0.12780763 0.19054475 -0.04896250
v -0.08504150 0.19014449 0.11674550
v -0.08797125 0.18842550 0.11862425
v -0.09418900 0.13029900 0.12486900
v -0.14235200 0.13583951 0.06279850
v -0.06127650 0.17526525 -0.13576862
v -0.13651974 0.17918025 0.03309925
v -0.12196413 0.19124418 -0.12753201
v -0.13700800 0.17896500 0.04940100
v -0.10456500 -0.18695600 -0.10086300
v -0.13922812 0.13786012 -0.00037837
v -0.10459756 -0.19419335 -0.09581394
v -0.12858599 0.13223401 -0.11483875
v -0.10881953 -0.18912423 -0.03121107
v -0.10159650 -0.18287213 -0.10531925
v -0.10695151 -0.19458790 -0.03293645
v -0.14688350 0.13152400 0.06168350
v 0.09777600 0.19139300 0.14297900
v -0.10167415 -0.20076320 -0.05124503
v -0.10404512 -0.19885854 -0.02916508
v 0.09939175 0.20334275 0.07249950
v -0.07292137 0.16002637 0.13044600
v -0.09884062 -0.20249376 -0.08596413
v -0.03847000 0.19153900 -0.13438401
v 0.08731712 0.19039263 0.10375638
v 0.08881456 0.19318876 0.05274606
v -0.11856075 -0.08282653 0.08365820
v -0.06761625 0.14883719 0.12636843
v -0.14539801 0.13090150 -0.00079900
v -0.11062600 -0.19241825 0.07884825
v -0.09507769 -0.20357312 -0.09130875
v -0.03702675 0.18904275 -0.11123075
v -0.05651294 0.17985325 0.13185987
v -0.10867331 -0.19566076 0.08434968
v -0.12989250 0.17030050 -0.11750600
v -0.03575762 0.18764387 -0.07202275
v -0.07008300 -0.18584301 -0.11427700
v -0.08044575 -0.19247575 -0.11298450
v -0.07944700 -0.19707599 -0.11052400
v -0.05819500 0.15224800 0.12609500
v -0.04045244 0.18800700 0.02151469
v 0.09334312 0.01804188 -0.12142950
v -0.08207375 -0.19980575 -0.10804287
v -0.08101250 -0.20395400 -0.10058200
v -0.04589047 0.18549812 0.13964322
v 0.00773000 0.18590800 0.04166500
v -0.03256962 0.18895049 0.04705537
v -0.03201300 0.18875600 0.09512000
v 0.08591000 0.18973012 0.00556725
v -0.05461656 -0.19876568 -0.10848547
v -0.04422500 0.12589781 0.12401019
v -0.03648125 0.12284687 0.12419462
v -0.02969700 0.17502449 0.13055401
v -0.02923350 0.17052850 0.12706850
v 0.11523075 -0.06628075 0.10284600
v 0.01418500 0.17336001 -0.12838100
v 0.01187300 0.19001600 -0.12306400
v 0.01235400 0.19036201 -0.11614850
v 0.01217587 0.18985575 -0.11357600
v 0.01179400 0.18721449 -0.10756900
v 0.02341988 0.19360812 -0.13213225
v 0.00047750 0.19249487 0.13626462
v -0.00749800 0.19049750 0.13967501
v -0.01096850 0.19171450 0.12876537
v -0.03737020 -0.19658475 0.10565366
v -0.00689029 -0.19997890 0.10337364
v 0.02510100 0.16673200 -0.12852000
v 0.01296000 0.18689850 0.00765300
v 0.01745481 0.18808843 0.00333769
v 0.01861725 0.18825975 0.01121300
v 0.02186150 0.18782149 -0.01190000
v 0.03396875 0.16541649 -0.12856625
v 0.03769213 0.18472207 -0.13328238
v 0.03349575 0.17388649 -0.13152049
v -0.01943519 -0.19897687 -0.10726578
v -0.01919280 -0.20159809 -0.10380694
v 0.02141300 0.19422400 0.13654400
v 0.06093875 0.19571163 -0.13815588
v 0.05735925 0.19716126 -0.13431850
v 0.03044694 0.19533500 0.12842037
v 0.05534700 0.19455300 -0.12027825
v 0.06594262 0.19165562 0.09863113
v 0.05712231 0.17666644 -0.13249338
v 0.05769119 0.18992819 -0.09497356
v -0.08730425 0.18406250 0.13410775
v 0.06528700 0.19040599 -0.11734300
v 0.02185900 0.18211600 0.13876200
v 0.06728519 0.18815269 -0.08587444
v -0.13970250 0.19133288 -0.01660963
v 0.02963489 -0.19776165 -0.10741333
v 0.06425184 0.18892059 -0.01275981
v 0.11249650 -0.19251950 -0.08305000
v 0.05789575 0.19066888 0.04982050
v 0.06661013 0.18750601 0.14236075
v 0.07298275 0.18891025 -0.05937325
v 0.06987888 0.18797538 -0.07489300
v 0.07364637 0.18793488 -0.05085963
v -0.00418919 -0.20240188 0.09998847
v 0.02500036 -0.19783676 0.10584401
v 0.08219269 0.18906493 -0.05552556
v 0.04413944 -0.20035043 -0.10450399
v 0.06639600 0.18975900 0.10418400
v 0.05540781 0.19365987 0.14004950
v 0.06717300 0.15175401 0.12835599
v 0.07389100 0.18878512 0.02606937
v 0.07278500 0.02000600 -0.12127200
v 0.03168700 0.18519600 -0.13249101
v 0.08792488 -0.19361606 0.10874325
v 0.08808125 0.18954875 0.01623475
v 0.08059850 0.19455975 0.13814600
v 0.10106375 0.18985724 -0.11960000
v 0.10243788 0.18798649 -0.09053013
v 0.09597350 0.19015850 -0.03987050
v 0.09030075 0.19079500 0.04629100
v 0.09447875 0.19485775 0.04674713
v 0.08055437 0.18622150 0.14224268
v 0.07227675 0.15235300 0.13202463
v 0.09956212 0.12565838 -0.12840162
v 0.10613450 0.12306050 -0.12996100
v 0.10829700 0.11944100 -0.12860300
v 0.10443825 0.11577525 -0.12554225
v 0.10838284 -0.19814253 -0.08663934
v 0.05223370 -0.20088795 0.10311927
v 0.11519612 0.17333062 -0.12814137
v 0.11536200 0.19689000 -0.03151400
v 0.11490300 0.19661050 -0.01735950
v 0.11897010 -0.08390619 0.03751241
v 0.09945000 0.12269975 0.13180825
v 0.08804500 0.13481100 0.12892400
v 0.09341100 0.12538150 0.12822700
v 0.12242887 0.11561125 -0.11545825
v 0.10138200 0.12745875 0.13282725
v 0.13211399 0.15766050 -0.11107300
v 0.01164400 0.18574999 -0.08107200
v 0.13032800 0.12161450 0.09847100
v 0.13655750 0.18870781 0.12171281
v 0.09200830 -0.20405416 0.00976680
v 0.13203050 0.20008674 -0.02852975
v 0.12962800 0.20111950 -0.00270400
v 0.13698100 0.19494499 -0.11050900
v 0.13345949 0.19728400 -0.10138700
v 0.13468081 0.16315518 -0.08969363
v 0.13425738 0.16653387 -0.07680675
v 0.10364300 0.11889100 0.13121951
v 0.13597099 0.17368899 -0.07851900
v 0.09770425 0.13358399 -0.13051949
v 0.13366237 0.12205025 -0.09326875
v 0.09565788 0.19208901 0.00972425
v -0.13373600 0.11855550 0.07358250
v 0.14267699 0.19153300 0.07199500
v 0.13507375 0.18273625 -0.00987625
v 0.13395999 0.18219849 0.00559100
v 0.13414100 0.18097299 -0.00932800
v 0.13281888 0.17326841 -0.00137681
v 0.13347401 0.18523450 0.02624700
v 0.13002101 0.19696100 0.12190250
v 0.12686218 0.19469343 0.13168712
v 0.13551113 0.16629088 -0.01056850
v 0.10620784 0.06027615 0.12261710
v -0.13320374 0.14008576 0.02280150
v 0.12166450 0.17444526 0.13469025
v 0.11900300 -0.10339150 0.00753675
v 0.14452299 0.19298588 0.02460575
v 0.12230875 0.11817550 0.11939875
v -0.12587650 0.11526400 -0.10386600
v 0.14459500 0.18931501 0.02074400
v 0.14505374 0.19285375 -0.02521600
v 0.14315300 0.19440950 -0.00240100
v 0.13946375 0.13764074 -0.05041500
v 0.14224094 0.13681924 -0.04397319
v 0.13135201 0.17829363 0.09327325
v 0.13111851 0.18089300 0.10344550
v 0.13960800 0.13697837 0.01599837
v 0.10310937 -0.18856962 -0.10467169
v 0.10573647 0.00089697 0.11840680
v -0.14442225 0.18673600 0.10906725
v 0.13475899 0.13576449 0.06210700
v 0.12830774 0.13573000 0.05820175
v 0.13398699 0.17376600 0.12545501
v 0.13829181 0.18515906 0.10067350
v 0.13368601 0.18130550 0.11164900
v 0.14004238 0.19160119 0.11475525
v 0.13252231 0.17829269 0.08488950
v -0.13961650 0.17947800 0.00610300
v 0.13101475 0.16554125 0.06090525
v 0.11402579 -0.07524666 -0.10649797
v -0.14533432 0.18643819 0.04977188
v 0.14417607 0.18628331 -0.07081381
v -0.12436200 0.17731351 -0.12852950
v -0.13218257 0.13238782 -0.08916594
v -0.13159281 0.14015649 -0.08463344
v 0.13316076 0.18506224 0.05270250
v 0.12308175 0.16781101 0.12200900
v -0.13957825 0.19123700 0.09097925
v -0.13223025 0.13948876 -0.03884050
v 0.12663400 0.13307250 0.04229725
v -0.11272575 0.17402075 -0.13235125
v -0.11207463 0.18861824 -0.12373787
v -0.08567738 0.18966974 0.10291025
v 0.07541375 0.19009838 0.05387825
v 0.08210753 0.18965136 0.04259136
v 0.07978988 0.18883856 0.03679219
v 0.12394800 0.20074549 0.10990000
v -0.12202800 0.19019499 0.00347400
v -0.12577525 0.19090649 0.12980600
v 0.13346462 0.13696450 -0.06983762
v -0.08906250 0.18236962 -0.13812700
v -0.08890238 0.17539462 -0.13635901
v -0.11093750 0.02318352 -0.11869333
v 0.13399725 0.13805775 -0.10090650
v -0.08978550 0.16692650 -0.13542600
v -0.09063100 0.18958688 -0.05515800
v -0.09028275 0.18870576 0.00901125
v 0.12953487 0.11885063 -0.11013062
v 0.12876518 0.12994787 -0.11519963
v 0.12197100 0.20508550 0.07220800
v 0.12661500 0.20351900 0.02845800
v 0.13496463 0.18024576 -0.11384925
v 0.13029313 0.18238525 -0.11879031
v -0.06875150 0.16536351 -0.13460700
v -0.07316800 0.15328875 -0.13343300
v -0.06454688 0.15564363 -0.13002875
v 0.12762712 0.15661487 -0.11843838
v 0.12374713 0.16183776 -0.12249538
v 0.12728050 0.17240626 -0.12043975
v 0.09664125 0.17780650 0.13412926
v -0.05677800 0.18108600 -0.13428800
v -0.06006163 0.17132187 -0.13427962
v 0.12890238 0.19593000 -0.11145725
v -0.05491269 0.16276725 -0.13127993
v -0.10022675 -0.14093637 -0.11181275
v 0.08742200 0.14026400 -0.12705700
v 0.12069950 0.19058850 -0.09650550
v 0.08954956 0.13671800 0.13248891
v -0.11040574 -0.18956061 0.04874269
v -0.09851199 -0.20265660 -0.02887986
v -0.03306975 0.18750750 -0.13420799
v -0.03793000 0.18689699 -0.13515700
v -0.03826425 0.18925850 -0.11777981
v 0.06688581 0.19155450 0.14201719
v 0.05294600 0.17196999 0.13309801
v 0.11167675 0.19621199 -0.05258675
v -0.10537525 -0.20044599 0.08188287
v -0.10325769 -0.19987606 0.09067962
v -0.10498725 -0.18896826 0.09789425
v 0.11520550 0.19677450 -0.06570950
v -0.04976350 0.19183275 0.13663387
v -0.06378500 0.16209050 0.13021800
v 0.09461481 0.19149925 0.02315412
v -0.02584544 0.17218512 -0.12949562
v -0.00725250 0.17673369 -0.13059412
v -0.02669525 0.17016800 -0.12905900
v -0.08708365 -0.19431685 0.10599353
v 0.09978338 0.18959850 -0.08609512
v -0.08431200 -0.20087899 0.10158600
v -0.03327675 0.16552626 0.12704200
v 0.07938612 0.19158050 0.12364662
v 0.08460050 0.18545026 -0.13224712
v -0.00139662 0.17541032 -0.12921262
v -0.07166438 -0.19805253 0.10433672
v -0.00753612 0.17358500 0.12775788
v -0.13250799 0.15705800 -0.09341100
v -0.01226825 0.17701219 0.13058975
v 0.01247900 0.18435501 -0.09726600
v 0.03062112 0.19520076 -0.12964500
v 0.01708100 0.19399050 0.13063200
v 0.06415650 0.18828601 0.11419350
v -0.04351522 -0.20270497 -0.10233894
v 0.03763900 0.19430099 -0.14032000
v 0.01561081 0.18965109 0.03042284
v 0.02240925 0.18952525 0.04805975
v 0.03818525 0.19067974 -0.11221250
v -0.11258267 -0.13167372 -0.08539388
v 0.01604175 0.19124524 0.08537100
v 0.07843287 0.18986037 0.00985625
v 0.06320025 0.18848576 0.04740675
v 0.02861575 0.19152699 0.11405250
v 0.01626600 0.16083400 0.12707400
v 0.06676850 0.18982950 0.00209250
v 0.04412600 0.19425900 0.08992100
v -0.12861325 0.19007149 -0.07023550
v 0.05595700 0.16886701 -0.13131300
v 0.05063800 0.16839150 -0.13058349
v 0.06654400 0.15734699 -0.12786400
v 0.06585000 0.18726300 -0.02303300
v 0.06508100 0.18976501 -0.01233300
v 0.10994850 -0.06544475 0.10939825
v 0.05415250 0.18180799 0.13819188
v 0.04942256 0.19055425 0.14173487
v 0.07216162 0.15626875 -0.13030849
v 0.06172675 0.18986075 0.00660600
v 0.07988072 0.15210871 -0.13078466
v 0.06374788 0.18968643 0.01118988
v -0.12005050 0.18834651 -0.09931500
v 0.01432750 0.19016950 0.05343850
v 0.06259768 0.19281894 0.05894850
v 0.06521450 0.19290288 -0.14091900
v 0.07140750 0.17379574 0.13323262
v 0.08513287 0.18999188 0.05000950
v 0.07778563 0.19170313 0.09979688
v 0.06160662 0.19173425 -0.11679200
v 0.11995475 -0.02046253 0.08429682
v 0.07267744 0.19470938 -0.12582900
v 0.10468875 0.19331175 -0.04380725
v 0.09333375 0.18962950 -0.00106375
v 0.11974449 -0.04604864 0.04713925
v 0.10221837 0.19405344 0.00873313
v 0.09661250 0.13847651 0.13347350
v 0.12847675 0.13280275 -0.04932875
v 0.02276550 0.18828151 0.11399975
v 0.07971300 -0.19832399 0.10668300
v 0.13541500 0.17438500 -0.03843600
v 0.04046875 0.14495625 -0.12774526
v 0.13549376 0.16898274 -0.00842975
v 0.13266975 0.16070050 -0.01698975
v 0.11998837 -0.07682113 0.01298437
v 0.00473425 0.18768337 0.11678825
v 0.12641972 0.12025778 0.04123569
v 0.13428424 0.13839975 0.01656388
v 0.12578125 0.11637625 0.06854944
v 0.14501999 0.18745500 -0.01870000
v 0.00171075 0.17455375 0.12819400
v 0.14585513 0.13184412 -0.06540562
v 0.10477600 -0.20123707 -0.08619863
v 0.13942049 0.11927100 0.03616650
v 0.11690575 -0.13199550 -0.01854000
v 0.14222924 0.19282238 0.08578225
v 0.14192000 0.18981287 0.08270288
v 0.14177306 0.18918300 0.09688532
v 0.14137088 0.19190700 0.10415300
v 0.02990863 0.19118001 -0.11729062
v 0.10951366 -0.19500440 -0.09163547
v 0.13887988 0.13740294 0.06638688
v 0.00921975 0.18458325 0.03052300
v -0.04658859 -0.20414521 -0.09592603
v -0.13570450 0.16983438 0.05038550
v -0.12869050 0.12068575 -0.11225413
v -0.03602122 -0.19707334 -0.10936075
v -0.13984938 0.13613676 -0.05062937
v 0.01217100 0.18797199 -0.13455699
v -0.12743287 0.14661887 -0.11842725
v -0.13328297 0.15651312 -0.03039247
v 0.07488050 0.14912750 -0.12698551
v -0.13432918 0.16198596 -0.04348572
v -0.11908837 0.16079199 -0.12826313
v 0.11319400 -0.17092800 -0.03549500
v -0.12091750 0.15642600 -0.12776300
v -0.07098830 -0.19327094 0.10704505
v -0.14184313 0.13123763 0.06855575
v -0.05111063 -0.19531487 -0.11087663
v -0.13296001 0.15357025 0.00495175
v -0.13957600 0.19096813 0.11487825
v -0.13523050 0.14839950 0.09226050
v -0.13413900 0.11872200 0.09978500
v -0.12842000 0.14115350 0.11631050
v -0.03340350 0.17935775 0.13219251
v -0.09334325 0.18737026 -0.08793600
v -0.10988875 0.17994501 0.13461401
v -0.11008200 0.15312213 0.12930512
v -0.09663238 0.18830962 -0.02240337
v 0.11891131 -0.10981087 -0.01821119
v -0.01371400 0.17882450 -0.13234800
v -0.03458706 0.18631156 0.00562756
v -0.03797144 0.18813688 -0.01145831
v -0.09978225 -0.18775626 0.10291950
v -0.10236600 -0.20223138 0.08543950
v -0.05020900 0.16207100 -0.12930000
v 0.11434850 0.20499849 0.06538800
v -0.10720800 -0.19284950 -0.08791600
v -0.03422400 0.18440875 -0.08018625
v -0.09228387 -0.20423885 0.00157616
v -0.09760562 -0.19753094 0.09988768
v 0.11987394 -0.09275619 -0.01124069
v -0.05533850 0.12180100 0.12370550
v -0.03550900 0.18939100 0.10072075
v -0.03331825 0.16989724 0.12888101
v -0.00315875 0.18389250 -0.08665250
v 0.01263862 0.19219762 -0.13453975
v -0.01454575 0.19206525 0.13220300
v 0.01586800 0.18857500 -0.07010300
v 0.01234950 0.18687150 -0.03478400
v 0.00697825 0.18792000 0.14146499
v 0.13888375 0.19758788 0.05204100
v 0.13472800 0.20104800 0.05197500
v 0.13131237 0.13648875 0.00052087
v 0.03585925 0.13755850 -0.12808162
v 0.04724200 0.19711350 -0.12780949
v 0.02008888 0.18837400 0.10620275
v 0.04444525 0.19639049 -0.13704200
v 0.05892575 0.18940775 -0.06469600
v 0.06692675 0.18734825 -0.04494075
v 0.06870925 0.18777725 -0.03132875
v -0.11359850 -0.09782719 -0.01407981
v 0.07649875 0.19270524 0.05783450
v 0.06742300 0.19135199 0.12210900
v 0.09848000 0.19175400 -0.06364300
v 0.09108775 0.19016699 -0.05360475
v 0.09559244 0.11892075 -0.12595162
v 0.10536025 0.19195674 -0.03252225
v 0.10204181 0.19064794 -0.02130275
v 0.10119700 0.18995699 -0.01033900
v -0.07529075 0.13739419 -0.12946901
v 0.10879475 0.19633487 0.13145937
v 0.11066300 0.18883100 0.14146200
v 0.13463962 0.15501188 -0.10226413
v 0.08075563 -0.19223900 0.10997713
v 0.12760200 0.13319001 -0.01943300
v 0.13685650 0.20126501 0.03679050
v 0.12574451 0.20347250 0.09331000
v 0.05921388 0.18957181 -0.07619319
v -0.10023950 0.19009225 0.10276500
v -0.10755875 0.19011025 0.09483800
v -0.11369149 -0.10130809 -0.05694972
v -0.09797419 0.18901075 0.08901306
v 0.13309206 0.17165519 0.03251206
v 0.13237500 0.16252600 0.03122200
v 0.13101000 0.15206499 0.03395300
v 0.13128024 0.14309625 0.03450525
v 0.12016256 -0.01831537 0.06864137
v 0.14473100 0.19285201 0.00630100
v -0.11764400 0.14415294 0.12584025
v -0.12011425 0.15538782 0.12533575
v 0.11521825 0.20155375 0.02323700
v 0.13792306 0.13753156 0.04120481
v 0.10836500 -0.19845681 -0.07138000
v 0.11373075 -0.18556049 -0.08482350
v -0.12960325 0.15454137 0.11718787
v -0.13216200 0.16188499 0.11672525
v -0.13294025 0.17098700 -0.06254900
v 0.04420700 0.19087601 -0.14180399
v -0.14437576 0.13291575 0.00307225
v -0.12402750 0.19085900 -0.09481350
v -0.13357151 0.13915806 -0.02155150
v -0.14304000 0.18340699 0.11359550
v -0.13586649 0.17191499 0.05947550
v -0.12785037 0.12860724 -0.02352159
v -0.13478950 0.15911287 0.06167087
v -0.13550100 0.15875851 0.05676650
v -0.10690906 0.18943281 -0.09501700
v -0.13245174 0.14579837 0.11011537
v -0.07869650 0.19099812 -0.13856375
v -0.09240013 0.19052875 -0.13212225
v -0.13232251 0.15178938 -0.03072163
v -0.13190900 0.14115387 -0.06983950
v -0.13511288 0.17601100 -0.02150488
v -0.13729376 0.17894413 -0.01262575
v 0.11335200 -0.18818150 -0.07305300
v -0.11944400 0.19029251 0.12393100
v -0.12480175 0.19126500 -0.13343525
v -0.10806350 0.12582301 0.12884749
v 0.12031400 -0.08019200 -0.00553100
v 0.11795762 -0.12611225 -0.05134587
v 0.02370200 0.19223350 -0.13571750
v 0.03118894 0.19228062 0.08970957
v 0.02092325 0.18905374 0.11823400
v 0.04038400 0.19091100 0.07085600
v 0.06070575 0.19424126 0.06454075
v 0.06471650 0.19008000 0.05490500
v 0.13335200 0.17220375 0.06593200
v 0.13398901 0.18197000 0.06984600
v 0.09555425 0.18981799 -0.07628225
v 0.14589663 0.18865487 -0.03510062
v 0.07560062 0.01170269 -0.12129597
v 0.09207913 0.19103250 0.01373888
v 0.08987287 0.18991837 0.03407088
v -0.14440900 0.18468700 0.09911150
v 0.10836913 0.12891075 -0.13004738
v 0.09209400 0.18975450 0.11231550
v 0.11945225 0.19006024 -0.10514600
v 0.11614600 0.18962200 -0.09273900
v 0.02076700 0.17615700 0.13535000
v -0.12243400 0.18888563 -0.10899775
v 0.14301419 0.11718462 -0.02947144
v 0.14340299 0.18364200 -0.05819500
v 0.13259350 0.17683250 0.00820050
v 0.13165700 0.14387649 -0.00147800
v 0.13293612 0.17818847 0.02857997
v 0.13193350 0.16720250 0.02662100
v -0.11215538 -0.12412575 -0.05046894
v 0.13157681 0.13239506 -0.11034138
v 0.04595531 -0.19594170 0.10746776
v 0.12874725 0.20393775 0.06434300
v -0.13352425 0.19096725 0.03585300
v -0.14083700 0.18324199 0.04031200
v -0.13423000 0.16973400 0.00671500
v -0.14097799 0.18155000 0.10704600
v -0.11148394 0.15150918 -0.13193437
v 0.03889100 0.13753225 -0.12720600
v -0.12467988 0.04555187 0.02875013
v 0.12146494 0.02403853 0.09525453
v -0.06749737 0.18187925 -0.13516550
v 0.06108525 0.18991324 0.02872412
v -0.08912188 0.12859713 0.12532701
v -0.10165513 -0.19987756 -0.09163694
v -0.10452000 -0.19764200 -0.08664000
v 0.01769125 0.19274837 0.12592037
v -0.03677700 0.18917750 -0.12248700
v 0.03462275 0.19102424 0.08105850
v -0.03472200 0.18751974 -0.04107325
v 0.11632712 -0.15061863 -0.07039494
v -0.09137950 -0.20454700 0.04329644
v -0.05250375 0.14040588 0.12493625
v -0.02330700 0.18767112 -0.04469712
v -0.00528925 0.18739356 -0.04365962
v 0.04440725 0.19680250 0.12768725
v -0.01139263 0.18369301 0.13218662
v 0.02316600 0.19082899 -0.11687700
v 0.01068075 0.18418725 -0.00903600
v 0.03965313 0.18760812 -0.13934237
v -0.11364794 -0.09735841 -0.03881025
v 0.06998850 0.18926249 0.00519950
v 0.01877875 0.16211075 -0.12833574
v 0.07674850 0.19762875 0.06780450
v 0.09045512 0.19144188 -0.12200738
v 0.11199200 0.18926550 -0.11399450
v -0.02589813 0.19159500 0.13442038
v 0.11909863 -0.10988694 -0.04629631
v 0.01286100 0.18909800 0.04986875
v 0.07570325 -0.20273900 0.07688800
v 0.13419500 0.17800900 0.03592650
v -0.11132475 -0.18918587 0.08005287
v -0.13320225 0.15484349 -0.06117975
v -0.08373912 0.13012263 0.12548663
v -0.14026450 0.19294150 0.09948150
v -0.13565800 0.16445175 0.08182775
v -0.13586301 0.15433200 0.09956000
v -0.12631600 0.19060776 -0.02893125
v 0.00304725 0.18642326 0.00827250
v -0.05309700 0.19155812 -0.13173901
v -0.10995250 -0.18756001 0.01932600
v -0.12266875 0.14031275 0.12223600
v -0.03881088 0.18801425 -0.04032019
v -0.01246900 0.19155763 -0.13471512
v -0.00191525 0.18650524 -0.04834450
v 0.01606350 0.19086351 -0.11393450
v 0.09829225 0.18592125 -0.09629900
v 0.12072072 -0.03548931 0.01611087
v 0.12131812 0.01196528 0.07297753
v -0.13229676 0.15492481 -0.05602938
v -0.12000500 0.17261331 -0.12955806
v 0.12047150 0.18854874 0.13889925
v 0.13277151 0.14973600 -0.04745100
v 0.11258450 0.12266450 0.12919649
v 0.11846591 -0.12111591 -0.07172250
v 0.14294475 0.19266100 -0.06138075
v 0.12036400 -0.08474600 -0.03866863
v 0.12065542 -0.01969711 0.03665166
v 0.14008351 0.19404350 0.10933350
v 0.11575987 -0.16128312 -0.08374694
v -0.12438500 0.16308600 -0.12357450
v -0.12514775 0.15656300 -0.12213150
v -0.11383925 0.19075824 -0.13219149
v -0.09336500 0.12930350 -0.13031401
v -0.01479975 0.18422362 0.02913062
v -0.10722844 -0.19020675 -0.09258500
v 0.13194950 0.16356875 -0.00575100
v 0.13205875 0.15921675 -0.01382650
v 0.13703550 0.17634401 -0.07579400
v -0.03337625 0.18512949 0.03538475
v -0.01131850 0.18354499 -0.08727750
v -0.03267450 0.19057800 0.12607400
v 0.04284350 0.13178299 -0.12638000
v 0.10064600 0.18966199 -0.02826100
v 0.06814650 0.15991651 0.13298599
v 0.11610900 0.18905100 -0.09588425
v 0.12128288 0.00303262 0.04141156
v 0.06476850 0.18826750 0.01473800
v 0.13705300 0.19993900 -0.02097600
v 0.12376063 0.07980123 0.09853153
v 0.13201100 0.13977000 -0.01050200
v 0.05824250 0.18934575 -0.03968500
v 0.12314381 0.05391519 0.07481650
v 0.12106481 -0.06201975 -0.03725281
v 0.12130761 -0.03304936 -0.01047533
v 0.12030950 -0.08549919 -0.07160794
v -0.03006925 0.11751625 0.12335225
v -0.03321450 0.19210000 0.13544901
v 0.11862944 -0.11764422 -0.08440569
v -0.08758200 0.18914700 0.02394700
v 0.08610850 -0.19869456 0.10575550
v -0.10403743 -0.19546075 0.09523031
v -0.09998038 -0.19225325 0.10159537
v -0.09286356 -0.19288337 0.10521025
v -0.08459300 -0.18855999 0.10804400
v -0.05584288 0.18755038 -0.08400363
v -0.11451937 -0.09337428 0.01408094
v 0.03777000 0.17901400 0.13600300
v 0.04625725 0.19101675 0.06006125
v -0.09658450 0.11185288 -0.12907113
v 0.08863538 -0.20380625 -0.08154200
v 0.12205291 0.02509459 0.04934627
v 0.12329253 0.06262481 0.08951534
v -0.13477901 0.12532701 0.09971800
v 0.12731875 0.12718825 -0.01114425
v -0.06272650 -0.20275450 0.05774550
v 0.00166000 -0.20138501 0.00200300
v 0.00845950 -0.20077050 -0.01854675
v 0.07666700 -0.20246500 0.06303200
v -0.06618700 0.18930538 0.06140463
v -0.05483100 0.18755150 -0.07275950
v -0.05258950 0.18801875 -0.06238325
v -0.00575950 0.18554600 0.02056800
v 0.00684275 -0.18115819 -0.11234781
v 0.02659706 -0.17043224 -0.11177891
v 0.02436237 -0.15138163 -0.11132812
v -0.00549725 -0.15565893 -0.11165538
v 0.04272400 -0.13856649 -0.11195600
v 0.08935405 -0.11497565 -0.11459710
v 0.08379300 0.15907650 -0.13163100
v 0.07112350 -0.04505450 -0.11775566
v 0.06197872 -0.01264013 -0.11933725
v 0.03418306 0.05814034 -0.12263516
v -0.00844300 0.02483013 -0.12143800
v -0.06523450 0.10070750 -0.12708387
v -0.04028225 -0.13401943 -0.11397659
v -0.07211802 -0.10949358 -0.11763619
v -0.08653358 -0.00891798 -0.12328483
v -0.07112259 0.02822125 -0.12410762
v -0.11095788 -0.16464888 -0.07408538
v -0.11451200 -0.15338349 0.08103800
v -0.11274150 -0.17590868 0.08205281
v -0.11187188 -0.15070331 -0.00133363
v -0.11938898 -0.02968108 0.00041536
v -0.12199075 0.00987355 -0.00413222
v -0.11434925 -0.10888619 0.03604150
v -0.13479926 0.19123399 0.01841450
v -0.12233316 -0.00387126 0.05608176
v -0.12450175 0.01916600 0.08994400
v -0.11568106 -0.07815042 -0.07767030
v -0.11880508 -0.02848885 -0.06553651
v -0.12366325 0.05007917 -0.04019159
v -0.12180731 0.02444422 -0.06742391
v -0.12432925 0.06732737 -0.05943988
v -0.05459937 -0.14718319 0.10955444
v -0.02876300 -0.15094200 0.10851300
v -0.07525900 0.01093174 0.11877066
v -0.09365394 -0.00386537 0.11845956
v -0.08292725 0.11841700 0.12413825
v -0.05123554 -0.04699460 0.11568612
v -0.05484663 0.05668853 0.12041122
v 0.00118559 -0.09662788 0.11281072
v -0.12041666 -0.05064242 0.08871857
v -0.01704488 -0.10435903 0.11203042
v -0.00451650 -0.12280400 0.11051450
v -0.00635394 0.02798894 0.11924443
v 0.06202694 -0.07208244 0.11642469
v 0.07604150 0.12816975 0.12734550
v 0.13051257 0.13678387 0.09975681
v 0.13059799 0.15232900 0.08305900
v 0.12651637 0.07386994 -0.07448955
v 0.12550412 0.04213288 -0.09332012
v 0.12344155 0.05511530 0.04907589
v 0.12501632 0.08252972 0.03604044
v 0.12303460 0.01782347 -0.02936691
v -0.11166200 -0.13035150 -0.02696125
v -0.06400550 0.18894413 -0.10016350
v -0.06888638 0.19105463 -0.12342900
v 0.08705666 -0.20398957 0.05704541
v -0.11141875 -0.16011700 -0.03773950
v -0.10961225 -0.17649925 -0.08870269
v -0.11220700 -0.11619400 -0.02386300
v -0.11289000 -0.11385287 0.01029075
v -0.11605281 -0.12589450 0.08023612
v -0.12086978 -0.03281075 0.06576661
v -0.05285900 0.18823050 -0.04518550
v -0.10609200 0.18966800 0.10810800
v -0.07632350 0.18837750 -0.03744838
v -0.08569719 -0.06306184 -0.12075309
v -0.11531850 -0.07959650 0.00360450
v -0.07598625 0.18819569 0.02098606
v -0.11780327 -0.05420961 0.01629505
v -0.11354900 -0.12221500 0.03620400
v -0.11236800 -0.12828487 0.01372288
v -0.06851841 0.06490119 -0.12554003
v -0.07749575 0.18886951 -0.06311200
v -0.06067450 0.14453700 -0.12895501
v -0.08467850 0.18958449 0.08942350
v -0.11057775 -0.17035837 -0.04794088
v -0.08418612 0.18892738 0.04889675
v -0.05729800 0.19000199 -0.11752400
v -0.08167250 0.18875113 -0.01369612
v -0.07834800 0.16884775 0.13073975
v -0.11008775 0.18966587 0.11847800
v -0.11258325 -0.15520775 0.02574075
v -0.05414413 0.19144900 -0.12496675
v -0.07396794 0.06848650 0.12134068
v -0.11181141 -0.16280618 0.01077409
v -0.11698422 -0.05601315 -0.02320524
v -0.11399292 -0.14606355 0.05917449
v -0.11000900 -0.17524925 -0.02640763
v -0.08135375 0.14260900 0.12776124
v -0.05839600 0.18738775 -0.02252975
v -0.06856500 0.11998750 -0.12814800
v -0.09370898 0.04775950 -0.12598786
v -0.05658250 0.18863650 0.04482700
v -0.11055725 -0.17557088 0.01313850
v -0.06563314 -0.02196427 -0.12148988
v -0.06877961 -0.05587062 -0.12002657
v -0.12261865 -0.01238734 0.09029869
v -0.06466325 0.18922751 0.08823900
v -0.11301438 -0.16893993 0.06328175
v -0.05657025 0.18745425 0.01166825
v -0.13279000 0.16013899 -0.02456000
v 0.12184010 0.00022184 0.00239842
v -0.11154357 -0.17694563 0.04799200
v -0.13375349 0.16420825 0.00065575
v -0.03780869 0.05897041 -0.12402559
v -0.09220100 0.18859500 0.06123800
v -0.08109637 0.19042344 -0.12384719
v -0.07816550 0.18941100 -0.10126150
v -0.10473300 0.16639900 0.13080150
v -0.12015799 -0.02966425 0.03591078
v -0.11694059 -0.05604789 -0.05228800
v -0.08147381 -0.12780777 -0.11735913
v -0.06454650 0.14494775 0.12544450
v -0.05262150 0.03827281 -0.12353144
v -0.05744825 0.19070987 0.12753776
v -0.07741600 0.15722400 -0.13458724
v -0.09132978 -0.03862616 0.11675561
v -0.08737075 0.18904625 0.06741925
v -0.04485600 0.18765600 -0.05488600
v -0.04820500 0.18745475 -0.00259375
v -0.08112695 -0.16122507 -0.11562633
v -0.05086000 0.18879899 0.07373400
v -0.05188000 0.18870901 0.10628700
v -0.05044388 0.18870650 0.08837163
v -0.03159250 0.18891925 -0.11994900
v -0.04641460 -0.00080756 -0.12153941
v -0.03645756 0.08769619 -0.12540415
v -0.08547582 -0.07486890 0.11479164
v -0.11779463 -0.04291413 -0.09126463
v -0.13398600 0.19143900 0.05151600
v -0.00335325 0.11132263 -0.12584363
v -0.04343300 0.18938237 0.05598288
v -0.05596275 -0.09283803 -0.11718441
v -0.07116586 -0.03341639 0.11665265
v -0.02007700 0.14531538 -0.12789375
v -0.06756247 -0.00981747 0.11766103
v 0.12241178 0.02216191 0.01450466
v -0.07670200 -0.20276000 -0.07735700
v -0.04373444 -0.04758281 -0.11906000
v -0.02054855 0.00606998 -0.12093967
v -0.08471417 -0.20404743 0.01532148
v -0.07392758 -0.12411614 0.11176214
v -0.02739875 0.18619224 -0.01689225
v -0.02357000 0.18624425 -0.02652525
v -0.06293172 -0.08306534 0.11393863
v -0.02493050 0.18992400 0.05832050
v -0.07373969 -0.20239513 -0.06016575
v -0.04261588 -0.15742144 -0.11339447
v -0.03081405 -0.09393469 -0.11551182
v -0.04566394 -0.20254619 -0.08113439
v -0.03293750 0.18934800 0.06647825
v -0.12150697 -0.00529577 0.02252563
v 0.12198287 -0.02283323 -0.03869653
v -0.01461630 0.06990159 -0.12384871
v -0.01398200 0.18786301 -0.06724400
v -0.01941950 0.18729749 -0.04825175
v 0.12174401 -0.04919800 -0.07454056
v -0.07941631 -0.20309404 0.02736375
v -0.09776425 0.18952975 0.03618175
v -0.02793471 -0.02576023 -0.11955708
v -0.10528450 0.18905251 -0.00244000
v -0.04716834 0.01180075 0.11829460
v -0.05693475 -0.20203926 -0.06253988
v -0.06358781 -0.20231293 0.00389975
v -0.07616900 -0.20310999 0.07231000
v -0.03950000 0.09623150 0.12216625
v -0.07038950 -0.17802399 0.10857675
v -0.04685852 -0.01204713 0.11725001
v -0.02743800 0.18845899 0.08358500
v -0.00910800 0.18621600 -0.03506500
v -0.03414600 -0.18049601 -0.11337200
v -0.00785838 0.18649738 0.00532437
v -0.05526433 -0.12024600 0.11143388
v -0.03083273 0.07286247 0.12106105
v -0.00509975 0.18453263 -0.01015125
v -0.09067150 0.18961300 -0.04580650
v -0.04612750 -0.20454334 0.08364084
v -0.04180238 0.03641089 0.11945933
v -0.01264578 -0.05910200 -0.11701922
v -0.02860375 0.14336875 0.12508500
v 0.00096300 0.19050425 0.08082475
v -0.11961167 -0.02011888 -0.03257000
v -0.00766000 0.18898037 0.08729525
v -0.01183311 -0.20324314 0.07811812
v -0.03743459 -0.20300135 0.07432469
v -0.00609150 0.18830100 0.10435450
v -0.11406425 0.18877475 0.07119125
v 0.00028343 -0.20374727 -0.08841690
v -0.03959363 -0.20176750 -0.01174169
v -0.00940600 0.19054888 0.12453525
v -0.01388869 -0.09768534 -0.11443906
v -0.12455925 0.03273987 0.05862619
v -0.12526332 0.03617672 0.08566767
v -0.00594700 0.15130837 0.12590612
v -0.00191025 0.19045700 0.05543575
v -0.12101391 -0.00195962 -0.01966783
v 0.01190100 0.18683700 -0.05103200
v 0.01711391 0.08258063 -0.12399219
v 0.00346100 -0.05754794 -0.11673737
v -0.05021450 -0.17266500 0.10834100
v 0.02262200 0.12378200 -0.12610300
v -0.02578469 -0.05812440 0.11507358
v -0.09200600 0.15386163 -0.13520050
v -0.01989169 -0.00233500 0.11764344
v 0.00254900 0.18446501 -0.01855200
v -0.03633491 -0.10448434 0.11215667
v -0.01405162 -0.13006675 -0.11250862
v -0.02447216 -0.03230492 0.11621629
v 0.00405300 -0.01388313 -0.11933031
v -0.10728050 0.18946750 0.05306850
v 0.01320516 0.04095344 -0.12189684
v -0.01536500 -0.20144799 -0.03565475
v -0.10874213 0.18889037 -0.01634688
v 0.01583150 0.19050451 0.06375000
v -0.12354387 0.02992356 0.01552237
v -0.01441350 0.05120425 0.12019200
v -0.02583437 -0.20249963 0.05651687
v -0.00306906 0.10209437 0.12274244
v 0.03683500 0.18864600 -0.08058700
v -0.01315222 -0.20197894 -0.07217888
v -0.00292263 0.13185474 0.12458062
v -0.03290600 -0.20176101 0.01086000
v -0.02566200 -0.12977850 0.10999025
v 0.01289366 -0.04299537 -0.11754575
v 0.00185384 0.06260717 0.12096192
v 0.00454400 -0.12107900 -0.11233600
v -0.00137422 -0.01559441 0.11729372
v -0.00685269 0.00981491 0.11841853
v 0.03128575 0.18738499 -0.04188150
v 0.03194388 0.18747738 -0.01851613
v 0.02793800 0.18766400 0.00905200
v 0.03303092 0.01069867 -0.12032092
v -0.01219100 -0.20086449 -0.00881250
v -0.00199816 -0.06977653 0.11464965
v -0.12691975 0.06197537 0.08937612
v 0.00759734 -0.20246096 -0.08127511
v 0.02532600 0.18846987 0.02525363
v -0.11990295 -0.00781064 -0.07822412
v -0.11923678 -0.01442247 -0.09506656
v 0.03734600 0.10454300 -0.12492700
v 0.03510400 -0.01916458 -0.11884315
v -0.02104331 -0.16933975 0.10815269
v -0.11243700 0.19027901 -0.04630200
v 0.02873975 0.12636200 0.12500063
v 0.02088642 -0.08149831 -0.11487459
v 0.00310475 -0.13960338 -0.11160650
v -0.12589225 0.06006750 0.05493319
v -0.00656850 -0.20166962 0.02880925
v -0.12414950 0.18956700 -0.05689300
v 0.00247842 -0.04151502 0.11619031
v -0.12830700 0.19116950 -0.01304575
v -0.12169585 0.01667618 -0.04755031
v 0.03660838 0.18921688 0.03881300
v 0.03157100 0.09875600 0.12345200
v -0.12270253 0.02787758 -0.02548620
v -0.01156975 -0.15672293 0.10828637
v 0.04659650 0.18805850 -0.06621050
v 0.04210600 0.18761225 -0.04167550
v 0.01417650 -0.20146175 -0.04819544
v 0.04747425 0.18931425 -0.09227250
v 0.02312591 0.06734269 0.12172063
v -0.09962150 0.18731850 -0.06514400
v -0.00242900 -0.20098700 0.01645000
v 0.03275644 0.17351818 0.13333063
v 0.01532044 -0.20195000 -0.07620487
v -0.12692538 0.07416300 0.07139850
v 0.01749583 0.01106725 0.11895443
v 0.06771000 0.11670725 -0.12558763
v 0.05008975 0.18833725 -0.01664525
v -0.12437981 0.05397564 -0.01320389
v 0.04171738 0.19024862 0.05054000
v 0.04661975 0.18825576 0.00089025
v 0.05746062 0.06983387 -0.12326781
v 0.03533456 -0.04740614 -0.11714464
v 0.03673194 -0.10952543 -0.11315094
v 0.04861700 0.18886250 0.02436350
v 0.01166780 -0.05523334 0.11569592
v 0.12383561 0.05335106 0.01761415
v 0.02403350 -0.13498531 -0.11168825
v 0.12516662 0.10242625 0.07735475
v 0.03167245 -0.01475670 0.11816403
v 0.04408793 -0.07896369 -0.11522719
v 0.05357039 0.04167670 -0.12185626
v -0.12507665 0.06232807 0.00569605
v 0.05948100 0.18948175 -0.02311575
v 0.01634750 -0.15332051 0.10887300
v -0.11689400 0.18935899 0.02440800
v 0.01228800 -0.16328301 0.10852900
v 0.02496744 -0.09507628 0.11346357
v 0.01526575 -0.12528925 0.11071075
v -0.12596200 0.07078731 0.02458125
v -0.12667400 0.07376050 0.05123025
v 0.07633900 0.18525375 -0.10495250
v 0.01054400 -0.17670751 0.10878200
v 0.04244567 0.07274991 0.12268244
v -0.12119748 0.01756972 -0.08438350
v 0.05455738 0.01104662 -0.12042675
v -0.10777587 0.18755899 -0.11422425
v 0.04530772 0.01124291 0.11994162
v 0.07029300 0.18747801 -0.01715100
v 0.07513893 0.09004150 -0.12439387
v 0.01778950 -0.20076175 0.00149300
v 0.02464437 -0.20175925 0.03586000
v 0.05760544 -0.16746238 -0.11202300
v 0.04353797 -0.20248866 0.07123812
v 0.07505362 0.05860181 -0.12295575
v -0.13341101 0.15334751 0.01201950
v 0.05750650 0.11826550 0.12568951
v 0.08019287 0.18899362 -0.00612525
v 0.03727553 -0.05262703 0.11649256
v -0.11741250 0.18915600 0.04365700
v 0.05183419 -0.20193838 -0.07350725
v 0.03165250 -0.20128100 -0.01401625
v 0.06303666 -0.12071934 -0.11346622
v 0.08652025 0.18916900 -0.03955100
v 0.04302488 -0.20157172 0.00233906
v 0.04489436 -0.11765698 0.11262889
v 0.10060600 0.18780801 -0.11337900
v 0.08752100 0.18853700 -0.02724200
v 0.07358713 -0.20242213 -0.07947094
v 0.05570556 0.05130081 0.12231418
v 0.03833950 -0.13997750 0.11061375
v 0.06474578 -0.09542500 -0.11479779
v -0.10591175 0.18825650 -0.08482000
v -0.11455975 0.19067082 -0.03109162
v 0.10126825 0.13965450 -0.13121325
v 0.09625422 0.07072906 -0.12368762
v 0.07708828 -0.02593141 -0.11898465
v -0.12826197 0.10634372 0.05918250
v 0.07107306 -0.07218008 -0.11627170
v 0.04558050 -0.15443800 0.11022475
v 0.05631200 -0.03530989 0.11812869
v 0.07206700 0.16105300 0.13287500
v 0.06319450 0.01386572 0.12092263
v 0.05593544 -0.20183669 -0.05302575
v -0.12635368 0.08515444 0.02081762
v -0.12706070 0.09631594 0.02049892
v 0.10684975 0.17814025 -0.13100649
v -0.12505208 0.07119741 -0.02283117
v -0.12269334 0.04493198 -0.08600172
v -0.12327162 0.05346813 -0.07037187
v 0.07588844 -0.14323400 -0.11312831
v 0.07283722 0.06133503 0.12378566
v -0.12069150 0.18961149 -0.00506000
v -0.13485301 0.16309500 0.04605450
v 0.07714056 -0.17602028 -0.11207862
v 0.11187918 0.14329244 -0.12919401
v 0.09466700 -0.00597800 -0.12031900
v 0.09275752 -0.05247684 -0.11779375
v -0.12592228 0.08640603 -0.01305441
v -0.12451247 0.06962562 -0.04628763
v 0.10388983 0.07159503 -0.12319991
v 0.06948419 -0.02719956 0.11921182
v 0.08179288 -0.05722750 0.11829300
v 0.12355959 0.03954128 -0.00876731
v -0.11186500 0.18820700 -0.06383400
v 0.06953794 -0.12839700 0.11347975
v 0.12332059 -0.00319103 -0.07547025
v 0.07566275 -0.10625644 0.11518665
v 0.09208472 0.04300716 0.12393840
v 0.08885984 -0.06945991 0.11781056
v 0.06902700 -0.16732250 0.11124000
v 0.08687931 -0.12005562 0.11482541
v 0.07783769 -0.20219213 -0.04203025
v 0.08897975 -0.02241322 0.12045693
v -0.12559968 0.08917262 -0.03831575
v -0.12412159 0.07374123 -0.08810449
v -0.12381188 0.06528144 -0.07438534
v 0.08529250 -0.18451500 -0.11161100
v -0.12478775 0.08023438 -0.07148363
v -0.13397101 0.15189600 0.03864900
v 0.07929429 -0.20259625 0.01287711
v -0.13438700 0.12505700 0.08340500
v 0.08425137 -0.20306724 -0.03768288
v 0.13416375 0.17075025 -0.06261125
v 0.12794425 0.09846225 -0.09636475
v 0.13386425 0.16256049 -0.06358300
v 0.12739657 0.09518625 -0.07466982
v 0.12585557 0.10148256 0.03456025
v -0.12726800 0.11507100 -0.00063200
v 0.12762526 0.10524338 -0.05869169
v 0.12751862 0.11698306 -0.02871894
v 0.12662189 0.09001686 -0.03561831
v 0.12544002 0.07698708 -0.00642444
v 0.13146950 0.15522251 0.00892650
v 0.12660344 0.11661962 0.01646487
v 0.12601744 0.08995032 0.00004856
v 0.12464511 0.03624931 -0.06600907
v 0.13320175 0.13601249 -0.02913850
v 0.12496978 0.05788628 -0.03471062
v 0.12646937 0.10568307 0.00733725
f 827 826 658
f 658 826 2
f 1083 746 3
f 22 126 29
f 126 23 29
f 5 1 612
f 20 21 24
f 393 364 20
f 38 32 30
f 35 15 1038
f 387 362 103
f 39 574 1979
f 48 240 46
f 52 43 49
f 53 54 44
f 42 513 36
f 42 36 2011
f 442 781 96
f 96 781 92
f 1105 94 224
f 781 100 99
f 104 107 106
f 104 108 107
f 107 111 110
f 118 124 123
f 350 354 2497
f 128 155 127
f 134 140 133
f 287 668 127
f 131 139 1338
f 1051 142 135
f 1219 491 134
f 988 152 146
f 160 161 162
f 1232 430 163
f 320 921 62
f 91 755 1083
f 167 157 121
f 164 1232 163
f 816 174 814
f 192 191 190
f 712 192 190
f 120 341 137
f 519 520 522
f 1288 992 407
f 198 211 195
f 198 210 211
f 1288 407 1009
f 228 94 226
f 513 512 233
f 232 428 1067
f 232 241 54
f 240 427 238
f 1172 344 1326
f 1936 16 40
f 1936 40 218
f 248 247 245
f 1609 178 257
f 254 1783 36
f 36 1783 244
f 828 1018 1585
f 180 2074 184
f 263 258 16
f 261 1243 1019
f 155 157 154
f 1197 299 511
f 275 277 1197
f 279 280 281
f 401 1764 283
f 290 293 288
f 199 1133 1134
f 333 986 304
f 302 1626 1248
f 1050 1668 1065
f 417 836 305
f 303 1075 306
f 306 579 303
f 307 1975 1250
f 317 807 1739
f 315 1146 1026
f 319 593 1386
f 649 1172 1207
f 595 318 314
f 321 415 414
f 1150 207 842
f 234 795 324
f 1395 220 225
f 148 327 1367
f 213 208 841
f 213 839 208
f 1667 341 120
f 123 130 125
f 1406 1684 346
f 215 322 220
f 352 784 675
f 784 355 675
f 21 20 360
f 760 363 390
f 20 364 363
f 367 365 1259
f 229 801 231
f 754 619 613
f 614 1416 376
f 378 379 1142
f 380 1142 379
f 380 379 381
f 229 231 794
f 21 386 388
f 940 744 506
f 468 502 501
f 712 190 182
f 501 1955 468
f 394 390 391
f 395 390 394
f 1831 520 395
f 242 235 449
f 354 6 953
f 6 354 404
f 92 114 96
f 96 115 93
f 408 406 79
f 410 409 97
f 1263 413 1689
f 1332 480 1433
f 1432 1431 1316
f 252 240 48
f 250 252 251
f 251 249 250
f 1007 729 424
f 248 423 247
f 1852 1346 1495
f 520 519 396
f 186 429 192
f 389 388 730
f 730 24 389
f 66 436 435
f 743 449 235
f 75 454 455
f 1156 461 462
f 1188 469 1455
f 1160 720 1433
f 472 474 473
f 292 294 285
f 1666 478 477
f 1443 479 1449
f 289 285 294
f 771 70 499
f 304 986 271
f 744 507 506
f 8 276 11
f 323 300 492
f 1277 518 517
f 1289 1290 1292
f 1318 525 822
f 1691 1405 607
f 300 333 485
f 632 1434 767
f 648 548 550
f 558 451 76
f 439 559 561
f 569 570 604
f 1376 38 1375
f 310 1381 313
f 318 582 314
f 229 1647 1028
f 588 242 449
f 597 1390 1147
f 1471 1671 684
f 113 119 531
f 674 2370 669
f 1403 1326 1323
f 1273 1214 499
f 1952 78 949
f 1096 682 877
f 1272 1519 1843
f 1007 448 729
f 1895 1585 1584
f 720 448 447
f 1586 2011 36
f 730 630 432
f 630 1427 1372
f 736 735 1025
f 836 272 584
f 460 1040 476
f 595 328 318
f 329 747 1653
f 339 2074 601
f 476 1527 337
f 58 7 1204
f 354 1291 404
f 559 562 1361
f 1822 2043 1812
f 759 1175 3
f 483 486 614
f 764 763 377
f 25 765 951
f 1258 1662 1299
f 777 646 985
f 1167 470 782
f 87 780 1701
f 105 465 104
f 477 1049 475
f 663 973 785
f 1438 899 1927
f 234 321 256
f 1720 1027 308
f 625 634 1996
f 1616 831 375
f 624 623 522
f 304 836 1247
f 283 296 401
f 1530 177 2035
f 1287 396 519
f 930 405 282
f 1895 1775 1127
f 494 828 1809
f 832 512 511
f 2052 2023 2050
f 1134 1018 485
f 1074 1618 1760
f 1590 1131 2368
f 843 1815 839
f 1149 747 329
f 247 423 1063
f 952 1259 1890
f 13 346 612
f 390 19 760
f 395 860 1831
f 223 862 217
f 2050 2055 2084
f 867 869 489
f 2055 621 2084
f 868 1013 869
f 550 553 1357
f 1270 1271 1249
f 887 1482 352
f 392 385 929
f 173 909 198
f 198 195 173
f 908 2246 1183
f 874 212 875
f 428 219 221
f 453 282 283
f 1056 923 1115
f 392 929 353
f 291 282 405
f 278 289 1813
f 813 1929 278
f 537 939 2477
f 1916 578 724
f 1351 21 360
f 641 961 1052
f 1836 1835 1833
f 424 729 425
f 1317 1270 2164
f 494 323 492
f 980 352 381
f 2164 1643 1317
f 490 1928 1466
f 1112 797 796
f 290 288 930
f 11 98 295
f 815 717 707
f 1007 957 520
f 740 1685 1170
f 498 1011 920
f 1930 1330 1329
f 54 46 44
f 347 1299 367
f 830 273 513
f 421 829 1243
f 282 453 263
f 397 280 279
f 1029 1023 1669
f 838 315 1909
f 1451 851 840
f 1033 602 1914
f 854 1034 852
f 449 496 588
f 801 1035 180
f 1077 812 1078
f 1042 55 1160
f 172 45 407
f 611 301 81
f 762 958 628
f 1249 1261 1270
f 2097 2158 2078
f 1551 209 183
f 913 205 1846
f 1579 1017 1039
f 1017 74 243
f 1884 915 875
f 222 874 218
f 2013 1771 1563
f 31 1786 476
f 228 226 1575
f 638 1017 243
f 872 1070 1562
f 2019 284 1900
f 2019 337 372
f 1196 1025 460
f 397 400 514
f 416 306 1075
f 1390 1079 1147
f 415 234 225
f 1656 1418 1086
f 1092 503 505
f 1092 772 503
f 1093 774 772
f 500 467 470
f 82 1097 877
f 690 1096 1097
f 85 1098 1097
f 880 1141 85
f 1354 1102 371
f 364 393 391
f 789 667 961
f 897 167 230
f 412 19 390
f 680 681 158
f 1614 1817 2086
f 1403 1249 1271
f 533 530 529
f 1565 1013 2041
f 1013 1125 869
f 1124 1070 872
f 1563 1771 1567
f 248 246 1129
f 262 263 16
f 652 104 465
f 881 652 465
f 930 282 835
f 417 416 297
f 416 417 305
f 732 1045 1531
f 411 88 87
f 587 1026 847
f 1650 336 586
f 120 1255 1667
f 328 120 137
f 1448 1022 1827
f 754 613 1174
f 1358 1267 96
f 1585 1895 787
f 763 764 1426
f 442 96 1267
f 75 774 454
f 465 466 464
f 1851 1703 1483
f 531 119 659
f 130 129 139
f 666 896 1440
f 1863 1173 1293
f 2046 1851 1094
f 815 696 1117
f 1853 2057 1450
f 1403 2086 1817
f 2039 198 909
f 195 211 214
f 1709 1915 1078
f 1915 1107 1077
f 1988 945 1072
f 77 411 1950
f 2012 217 143
f 214 211 874
f 1795 257 728
f 1247 417 293
f 807 803 309
f 1803 1133 262
f 31 476 337
f 803 1752 309
f 2158 2245 2386
f 292 309 1752
f 285 289 278
f 184 2051 180
f 101 102 213
f 102 101 439
f 1584 1133 1803
f 34 1786 36
f 28 859 1209
f 1087 4 1889
f 847 844 587
f 1211 1835 861
f 32 38 39
f 50 1213 51
f 862 223 858
f 781 99 1168
f 111 107 108
f 693 117 881
f 123 124 343
f 1463 1462 1991
f 129 123 343
f 133 140 141
f 1510 166 165
f 1591 1226 1057
f 698 808 1101
f 799 170 708
f 167 121 230
f 181 164 163
f 429 191 192
f 1771 787 1127
f 1127 787 1895
f 74 1124 1066
f 2245 2210 2160
f 241 238 239
f 277 275 1616
f 279 281 927
f 296 1191 1075
f 309 1251 1028
f 292 1251 309
f 593 1909 1386
f 2096 1252 1297
f 234 324 225
f 1396 332 848
f 338 2074 339
f 410 1940 409
f 599 600 757
f 1259 365 366
f 1939 687 1502
f 379 382 381
f 383 1048 382
f 386 21 1351
f 651 1469 2057
f 389 21 388
f 111 368 398
f 354 350 349
f 96 114 115
f 418 1264 1791
f 924 420 419
f 1038 424 425
f 239 238 427
f 142 141 1126
f 18 740 17
f 31 337 1963
f 456 455 454
f 471 445 1850
f 509 917 510
f 84 63 81
f 1275 578 577
f 711 1276 182
f 2466 2261 2265
f 1280 1277 1278
f 2007 517 1877
f 2100 1283 340
f 1284 402 1286
f 1403 1244 1249
f 1286 1285 361
f 1684 521 623
f 519 522 623
f 957 624 522
f 181 163 430
f 1415 1699 1157
f 1290 1289 1295
f 1296 1289 1982
f 1292 1294 1291
f 898 1010 498
f 252 250 240
f 1303 1301 1305
f 1467 116 985
f 1305 1301 1306
f 1301 1303 1307
f 1306 1302 1304
f 1306 1301 1302
f 1309 1310 1163
f 1320 525 1318
f 1321 1318 1319
f 637 1325 1323
f 637 1324 126
f 637 126 345
f 1328 528 761
f 1292 1291 1231
f 1329 1330 722
f 1710 1214 891
f 1329 722 1332
f 377 1330 1331
f 25 1331 1330
f 534 1333 535
f 1334 535 1333
f 534 1337 1336
f 1337 534 1152
f 1581 1339 1596
f 1341 536 811
f 1308 1340 536
f 1343 1342 1385
f 542 543 692
f 1406 14 1826
f 541 543 1345
f 1166 543 80
f 542 1345 543
f 543 541 80
f 1345 505 541
f 1043 541 1344
f 541 505 1344
f 1034 854 413
f 1353 1354 1349
f 651 1352 1349
f 548 648 383
f 383 551 548
f 1313 1643 2096
f 650 549 551
f 1358 553 549
f 1357 553 1358
f 750 857 567
f 553 548 551
f 555 76 1360
f 555 556 554
f 554 558 555
f 76 555 558
f 1360 556 555
f 26 561 325
f 2469 757 600
f 351 560 1254
f 559 439 562
f 1254 559 1361
f 26 325 843
f 1077 1107 1722
f 838 1709 1078
f 956 1157 1641
f 1157 568 1641
f 1824 2487 2494
f 1370 1161 568
f 1371 1161 1370
f 1372 571 391
f 1372 391 573
f 860 571 720
f 391 571 394
f 1001 573 1373
f 1372 573 1001
f 574 1374 575
f 836 304 271
f 1502 1857 2212
f 314 310 313
f 1547 1162 1184
f 272 836 271
f 790 207 329
f 1387 1384 272
f 795 242 588
f 2497 402 1284
f 1387 497 507
f 496 449 506
f 173 176 121
f 1260 984 2238
f 338 184 2074
f 598 1389 1646
f 1827 1401 1448
f 595 1204 1255
f 840 213 841
f 173 121 177
f 1915 1258 1107
f 1658 1659 1657
f 332 1369 848
f 1395 324 1694
f 794 946 606
f 752 938 2047
f 1404 769 1405
f 1415 61 1699
f 1175 758 1361
f 606 1968 1022
f 769 607 1405
f 483 849 486
f 482 1966 1274
f 1409 1368 336
f 1670 336 1176
f 336 1159 1409
f 2495 2492 2491
f 71 1085 1416
f 1412 1413 138
f 1414 17 1412
f 602 1033 1023
f 1 610 612
f 614 486 1416
f 2492 2498 2491
f 1328 1327 1417
f 1174 613 1177
f 619 1669 1425
f 377 1839 1330
f 1 624 610
f 630 576 1427
f 630 386 576
f 863 1838 1417
f 2284 2321 1422
f 1630 296 303
f 1203 1158 2470
f 741 1037 1170
f 448 481 729
f 797 145 639
f 125 130 131
f 1130 472 473
f 1702 2494 340
f 994 1325 991
f 365 367 1833
f 8 84 276
f 473 982 981
f 1891 1257 1154
f 552 918 295
f 964 320 966
f 964 966 59
f 568 751 615
f 1206 1441 1362
f 918 1445 1094
f 1195 918 1094
f 1847 714 69
f 1442 1443 1951
f 72 73 646
f 1123 146 2059
f 2028 1441 1453
f 1396 2493 2076
f 1268 70 444
f 2030 1494 655
f 455 466 106
f 2157 2156 2496
f 1046 1465 1523
f 134 893 1051
f 443 383 648
f 140 1466 1436
f 876 378 99
f 2051 184 1458
f 1468 1467 73
f 477 686 1215
f 978 653 368
f 1262 1930 1329
f 657 115 114
f 1477 1478 1992
f 973 516 785
f 1167 979 1480
f 1452 1483 1484
f 657 665 890
f 668 1713 1475
f 1475 1714 1474
f 1338 139 792
f 1446 1447 2399
f 274 1490 1476
f 672 274 1711
f 2076 1256 335
f 1111 792 1436
f 1456 335 1256
f 1491 144 673
f 450 451 79
f 158 677 1420
f 557 451 558
f 778 1937 1465
f 358 678 1104
f 1093 1398 456
f 1498 468 2058
f 684 1500 682
f 544 1199 1240
f 1503 1477 985
f 1199 544 1178
f 1505 1857 686
f 1393 1392 1659
f 1393 1821 845
f 1492 2406 1800
f 370 692 90
f 772 1092 542
f 1513 1515 1990
f 1236 897 230
f 647 1515 689
f 1517 778 687
f 1228 1518 2061
f 1269 1848 445
f 2209 1457 1848
f 1365 1470 563
f 949 301 547
f 1305 1518 1308
f 170 169 1000
f 1616 1524 581
f 2001 1525 1526
f 645 644 1950
f 335 1152 2048
f 335 1712 1152
f 230 121 176
f 122 230 176
f 1523 1535 1358
f 1937 1535 1523
f 1337 1712 1653
f 64 436 65
f 436 64 709
f 711 190 998
f 190 191 998
f 1428 574 575
f 191 713 998
f 1542 186 187
f 1545 1544 1856
f 1377 403 1294
f 718 503 773
f 1547 1184 1003
f 1439 1442 326
f 56 552 98
f 430 1552 2065
f 1136 1186 1135
f 1558 1557 2082
f 2054 367 1299
f 422 1222 1316
f 967 965 1478
f 1570 1885 1568
f 1772 1570 1568
f 1575 864 1574
f 1576 1575 1574
f 787 828 1585
f 1589 960 1212
f 856 1827 855
f 2406 1498 1704
f 724 578 585
f 1281 577 1896
f 1802 1599 1963
f 1264 1597 1791
f 1437 760 19
f 233 832 1608
f 729 35 425
f 1614 1434 632
f 1150 2486 2484
f 1620 1532 1621
f 304 1247 333
f 101 753 562
f 1624 1625 1626
f 1627 1624 1626
f 1755 731 1813
f 1427 433 1372
f 1290 433 1427
f 1025 732 736
f 622 1548 935
f 2021 1975 733
f 1074 803 317
f 1973 2455 1144
f 1079 1635 1636
f 1083 790 91
f 1198 1261 1249
f 605 1261 1198
f 507 1639 1729
f 742 741 1170
f 1170 1687 742
f 1642 1408 10
f 742 1408 1642
f 744 1911 1639
f 136 328 137
f 1645 601 2074
f 601 1645 1723
f 1646 1647 598
f 259 321 1148
f 1648 215 1649
f 1711 118 125
f 322 321 414
f 547 301 611
f 1378 746 955
f 1429 757 1090
f 589 1343 1153
f 206 336 1650
f 1641 615 1008
f 2070 1623 2441
f 328 136 2047
f 1820 1659 1660
f 435 1486 66
f 1661 1981 1031
f 1661 1031 83
f 774 1093 454
f 752 1663 938
f 1663 319 938
f 1667 1255 7
f 2445 2488 1132
f 531 530 533
f 1031 1658 748
f 1661 83 71
f 338 1673 184
f 1300 1673 338
f 75 556 1151
f 1692 566 1411
f 612 1038 13
f 1663 752 9
f 644 435 710
f 9 752 1413
f 604 1370 1176
f 1667 7 12
f 1300 1674 855
f 229 1028 801
f 441 1675 1676
f 1678 854 756
f 2424 2443 2472
f 759 32 1175
f 58 608 1687
f 1170 58 1687
f 1412 9 1413
f 2042 440 1618
f 1371 604 617
f 757 1429 1681
f 483 614 482
f 255 242 256
f 6 351 953
f 1 5 1683
f 1684 5 346
f 1251 801 1028
f 384 1679 1825
f 319 581 938
f 749 1090 757
f 2475 671 2448
f 1839 377 47
f 1683 623 624
f 632 767 626
f 446 1262 1332
f 446 1332 1433
f 341 17 137
f 1026 1146 847
f 1414 137 17
f 1412 138 1414
f 1314 1222 1088
f 769 1274 607
f 582 727 314
f 1426 1213 480
f 1267 378 876
f 916 1514 870
f 921 1439 326
f 501 502 500
f 501 870 1514
f 1527 476 1040
f 60 64 65
f 1527 1024 337
f 1024 372 337
f 1195 1541 775
f 1143 1024 813
f 1022 1448 1980
f 1458 1968 606
f 606 1022 1694
f 1847 1461 714
f 99 378 1142
f 1693 72 646
f 1693 777 444
f 99 1138 1168
f 137 1414 138
f 117 880 682
f 2114 2454 2450
f 776 444 777
f 985 1682 777
f 1463 1216 1513
f 967 664 1946
f 88 780 87
f 684 682 883
f 690 883 682
f 1367 1699 58
f 148 1367 58
f 1215 1511 1049
f 1465 1511 1215
f 2046 1167 1480
f 1703 1851 2046
f 987 1704 2058
f 537 2114 2457
f 1169 656 1511
f 977 380 463
f 1258 1709 1662
f 355 784 1047
f 352 980 784
f 516 1138 785
f 981 888 473
f 472 1348 663
f 785 474 663
f 839 213 102
f 840 207 1451
f 473 474 977
f 789 961 890
f 790 1083 207
f 474 1142 977
f 1712 791 790
f 1712 1030 791
f 1053 793 895
f 504 331 2037
f 1716 1653 747
f 794 231 946
f 2451 2442 2468
f 1173 459 639
f 459 1173 629
f 674 459 629
f 438 440 484
f 322 1148 321
f 1054 1421 1422
f 990 156 899
f 1721 308 1366
f 1035 801 1251
f 507 1731 1724
f 1634 1638 1740
f 1727 1728 162
f 1729 1730 806
f 1729 806 1379
f 1379 579 1731
f 1910 1524 582
f 1512 1733 1734
f 263 1133 199
f 1591 1057 1116
f 1221 1993 1483
f 1736 1873 1728
f 1516 1266 1521
f 1190 1974 1380
f 419 418 924
f 1807 1131 662
f 1440 892 666
f 1718 2351 2433
f 1144 2455 1630
f 1276 711 1538
f 1060 1743 196
f 1067 221 1128
f 905 814 999
f 173 177 909
f 1162 164 181
f 430 817 181
f 141 792 1126
f 151 1220 708
f 1737 1199 1178
f 202 1761 1759
f 1765 1562 1758
f 1560 1882 1762
f 1560 1762 2288
f 205 913 147
f 913 196 147
f 926 1805 1707
f 1235 2040 2010
f 1052 298 641
f 917 508 1640
f 1840 1189 498
f 1738 1798 1652
f 1006 1339 1844
f 1960 1780 1014
f 1626 1973 1144
f 452 204 203
f 249 427 250
f 48 251 252
f 664 959 1946
f 1017 638 1265
f 53 1600 1888
f 1607 1581 1596
f 1242 2 261
f 826 827 1594
f 826 1594 421
f 287 154 897
f 203 1599 1782
f 1019 1243 829
f 832 233 512
f 2073 1781 1799
f 832 511 1071
f 1706 1782 1964
f 1896 2077 420
f 834 1608 1588
f 485 835 1134
f 357 431 833
f 291 283 282
f 1746 1200 831
f 385 1200 929
f 1760 1618 438
f 1618 440 438
f 1971 1805 1620
f 1620 1805 1532
f 654 786 665
f 1616 1386 277
f 227 94 1105
f 844 1380 1773
f 1973 1626 1625
f 1763 587 844
f 305 580 306
f 1725 579 580
f 584 305 836
f 1646 271 986
f 296 283 1191
f 475 1666 477
f 1773 832 1071
f 1909 593 838
f 1629 1604 1244
f 1716 747 1149
f 1783 1816 1961
f 1623 564 1635
f 784 980 382
f 841 842 840
f 1392 845 1818
f 1816 1015 1894
f 603 1397 939
f 1382 1310 1311
f 1471 370 1671
f 423 1819 1063
f 593 319 1663
f 1671 370 369
f 1396 1400 168
f 692 543 90
f 693 85 1141
f 1456 1256 354
f 1014 1780 1012
f 82 880 85
f 340 1257 1702
f 2445 2458 2392
f 3 851 1083
f 471 1269 445
f 1098 1398 1097
f 238 862 858
f 13 14 346
f 2138 2449 2448
f 1729 1379 1731
f 1573 1580 1578
f 1174 1410 856
f 615 751 14
f 14 751 1826
f 390 363 364
f 1926 1672 856
f 1209 859 1829
f 1829 955 1209
f 1829 1378 955
f 2071 2042 1976
f 82 85 1097
f 1680 1328 1417
f 1315 1830 1314
f 1964 1802 1706
f 204 452 1282
f 444 776 1268
f 391 1373 573
f 1831 860 447
f 2054 1833 367
f 1688 1836 2054
f 433 446 1372
f 502 468 467
f 1317 524 1207
f 1330 1839 722
f 773 503 772
f 1971 1707 1805
f 1774 1194 1841
f 1426 480 47
f 1332 722 480
f 508 867 1770
f 1435 983 1164
f 1770 867 866
f 376 1085 1087
f 1087 619 1425
f 871 552 56
f 871 1444 552
f 320 1206 921
f 552 1445 918
f 759 30 32
f 949 1690 1044
f 1565 1566 1125
f 1563 1564 2041
f 1188 968 469
f 403 1676 349
f 1676 1377 441
f 645 1486 435
f 955 1083 755
f 1453 873 1486
f 645 1453 1486
f 68 1845 89
f 1044 1690 1513
f 1267 1358 650
f 650 378 1267
f 1570 2298 1885
f 1216 1463 1991
f 700 1468 73
f 646 73 1467
f 1473 1853 1851
f 879 219 878
f 2423 1619 1903
f 2057 1473 651
f 1511 1046 1169
f 653 374 373
f 373 374 113
f 2400 2437 2445
f 1168 1138 654
f 477 478 686
f 486 849 1698
f 1698 71 486
f 2083 1220 2022
f 143 488 457
f 1904 2435 2409
f 1484 1474 1717
f 1381 1732 311
f 788 664 1860
f 131 1711 125
f 1717 2311 1484
f 1987 1388 1605
f 1484 2311 1452
f 664 788 959
f 961 788 890
f 490 1466 434
f 264 200 1764
f 453 200 264
f 197 1862 820
f 1861 1489 1438
f 1928 1865 1114
f 1054 1422 1866
f 1556 1549 1545
f 993 169 270
f 2217 583 1114
f 1869 1003 1184
f 1162 1869 1184
f 683 802 1470
f 242 234 256
f 274 925 1490
f 1749 1750 1540
f 838 1078 735
f 1521 1340 1308
f 902 1117 1118
f 1537 1304 1302
f 1537 1119 1529
f 1529 1119 1742
f 1525 1529 1742
f 1874 1722 1723
f 1988 1072 1723
f 1341 1544 536
f 1544 1307 536
f 1230 1537 1302
f 517 906 1877
f 1549 1774 523
f 523 1774 1550
f 209 878 219
f 1736 175 705
f 181 817 1162
f 1000 169 1116
f 1881 1186 1136
f 1191 416 1075
f 875 212 889
f 1846 874 1066
f 874 222 1066
f 1846 1066 913
f 417 1247 836
f 1770 1640 508
f 2363 2378 2137
f 868 509 510
f 307 733 1975
f 1640 1886 917
f 489 1125 866
f 1849 1904 2376
f 1748 1752 1902
f 1936 218 915
f 2015 218 40
f 2002 853 1772
f 933 1622 385
f 1131 1893 1778
f 1068 1816 1894
f 1961 1816 1068
f 2372 1977 1064
f 1589 1239 1265
f 960 1788 1789
f 2115 2434 1798
f 1789 1790 1129
f 258 40 16
f 1916 1896 578
f 725 1264 418
f 1786 34 476
f 1603 1281 1897
f 1591 169 237
f 2042 1019 440
f 282 263 199
f 1806 1608 1531
f 1763 1901 299
f 1900 1802 2019
f 400 279 927
f 2393 1797 1597
f 353 281 392
f 353 356 1804
f 1652 1798 2434
f 1202 1198 1322
f 1073 1339 1020
f 1903 1902 1021
f 1652 1625 1624
f 1624 1627 1904
f 1907 1632 1906
f 289 1632 1907
f 2367 2373 2420
f 273 830 1588
f 495 259 940
f 506 495 940
f 642 264 260
f 414 415 322
f 1987 1912 1388
f 598 943 942
f 1243 261 421
f 1054 1719 2085
f 795 588 943
f 1221 1452 146
f 1123 1221 146
f 1113 1355 1240
f 1584 1585 1018
f 1018 1133 1584
f 1665 1390 597
f 257 1583 728
f 1072 945 1914
f 1988 952 1890
f 952 1988 1107
f 330 1030 1712
f 102 843 839
f 194 2497 1283
f 1343 1692 1153
f 1391 596 566
f 603 1680 1397
f 270 672 1338
f 1410 1174 748
f 748 1174 1177
f 1296 950 1825
f 1924 948 1923
f 1296 1679 1289
f 1825 1679 1296
f 1678 756 608
f 1176 1370 1670
f 1592 1069 726
f 954 953 1351
f 954 1286 402
f 350 351 6
f 1163 1830 1312
f 1312 1830 1315
f 17 12 18
f 19 412 399
f 1114 1436 1466
f 1083 955 746
f 2073 1799 268
f 1377 1829 859
f 1210 570 569
f 396 395 520
f 1007 520 1831
f 1488 2399 2392
f 1163 1417 1838
f 1287 850 412
f 627 1193 1589
f 758 32 39
f 218 874 875
f 74 1017 1579
f 203 1998 1599
f 626 767 1090
f 1861 2037 331
f 212 874 211
f 1838 863 1598
f 788 641 959
f 1598 1628 1838
f 1628 1598 1432
f 44 1977 53
f 1589 1193 960
f 638 1589 1265
f 1332 1262 1329
f 267 723 266
f 1431 1598 1953
f 43 1064 44
f 1435 1430 1208
f 2115 1798 1788
f 149 209 1551
f 1792 1797 1785
f 1325 994 1434
f 195 176 173
f 132 649 1088
f 344 126 1324
f 1060 122 1744
f 301 962 770
f 1743 1060 1744
f 1214 1595 770
f 1478 965 1933
f 59 709 60
f 70 771 1693
f 1764 2115 1788
f 1935 479 1362
f 979 127 1474
f 710 435 436
f 159 158 1233
f 1535 970 968
f 1535 1937 970
f 469 970 1517
f 778 970 1937
f 974 1455 469
f 1992 1682 1972
f 1599 1998 2384
f 557 971 451
f 692 883 542
f 96 93 1523
f 112 110 398
f 455 106 554
f 107 557 106
f 110 971 557
f 79 971 408
f 686 687 778
f 1949 976 1939
f 976 974 1939
f 409 124 118
f 409 118 97
f 1941 116 1468
f 142 1051 893
f 1167 782 979
f 153 2095 892
f 1497 1102 1354
f 468 1498 128
f 1497 885 370
f 666 2095 640
f 1858 97 1476
f 1500 652 881
f 359 656 678
f 381 888 1103
f 1501 409 1934
f 1472 1944 2453
f 516 786 654
f 661 657 1655
f 155 287 127
f 135 1501 134
f 116 1467 1468
f 1592 726 1809
f 974 687 1939
f 1498 1947 155
f 778 1215 686
f 469 1517 687
f 1269 1949 1848
f 1700 1268 776
f 1950 80 77
f 144 1948 1454
f 1338 792 1111
f 504 1928 490
f 690 1398 542
f 89 77 68
f 1338 1111 993
f 1951 1443 1457
f 406 1048 383
f 1112 796 144
f 990 1438 641
f 406 1047 1048
f 1362 479 1439
f 501 500 470
f 633 631 1053
f 1360 969 718
f 153 146 152
f 1955 501 1514
f 918 1195 1192
f 1713 931 1394
f 276 914 941
f 406 408 533
f 406 533 1047
f 1047 533 529
f 531 533 408
f 408 113 531
f 112 373 113
f 86 63 8
f 700 689 1842
f 1046 93 1169
f 100 781 442
f 900 1240 1055
f 159 1956 156
f 1727 162 161
f 554 75 455
f 1728 1873 162
f 455 1098 466
f 1875 2061 1518
f 455 456 1098
f 1118 1227 1365
f 932 934 514
f 705 175 458
f 1621 1143 813
f 450 76 451
f 1273 70 1459
f 1526 1525 1277
f 1273 499 70
f 429 713 191
f 1000 1551 183
f 1433 720 571
f 446 1433 571
f 824 2109 1020
f 1301 1307 1549
f 523 1550 1302
f 1550 1230 1302
f 717 1002 911
f 798 591 737
f 517 910 1872
f 1320 1872 910
f 2066 193 1876
f 1870 1003 1869
f 1876 1883 2066
f 721 1246 1237
f 68 1479 1188
f 67 1479 68
f 1210 1430 1793
f 1479 67 1043
f 962 499 770
f 488 879 878
f 320 928 1192
f 265 928 320
f 1769 1559 1767
f 731 813 278
f 1844 1581 1556
f 611 81 326
f 424 957 1007
f 2013 1837 1771
f 424 624 957
f 301 84 81
f 1007 1831 447
f 1105 1235 1887
f 265 57 334
f 740 1170 1037
f 334 57 295
f 742 1642 741
f 1976 317 1739
f 1011 1576 1574
f 1010 1011 498
f 898 1776 1010
f 49 236 52
f 43 1784 1064
f 1784 43 52
f 1894 1015 1012
f 1015 1014 1012
f 244 1783 1961
f 1039 245 247
f 1582 1581 1607
f 658 2 662
f 1592 1809 1807
f 807 309 1028
f 1131 1587 1893
f 261 2401 1242
f 2224 988 1452
f 724 1594 827
f 1790 1849 1129
f 31 1963 1962
f 1603 1601 577
f 1599 1802 1964
f 847 1146 1380
f 607 1965 1691
f 1966 482 376
f 1019 829 484
f 852 1966 1418
f 1034 1966 852
f 199 1134 835
f 2338 2380 2377
f 2346 2347 2237
f 1458 1673 1968
f 602 1023 1029
f 1970 1615 1755
f 812 1077 1874
f 1416 486 71
f 1040 1078 812
f 844 1773 1763
f 581 1386 1616
f 1040 735 1078
f 1975 2071 1739
f 1976 1739 2071
f 1975 1739 1250
f 812 1874 1527
f 235 259 743
f 1684 1406 521
f 521 1406 1702
f 1079 1634 1635
f 633 895 2343
f 316 1720 329
f 180 1644 2074
f 215 1148 322
f 1336 1148 1648
f 216 215 1648
f 2377 2365 2366
f 1397 1382 1073
f 1038 610 424
f 790 791 91
f 631 1364 1052
f 213 840 95
f 2095 2200 640
f 1658 1031 1981
f 1660 1658 1981
f 506 497 496
f 1456 1675 330
f 1982 1289 2076
f 1605 1571 1572
f 752 136 138
f 1604 1572 1319
f 1209 1030 28
f 461 1279 1263
f 1263 462 461
f 953 351 1254
f 2373 2328 2344
f 756 854 861
f 1681 1210 569
f 1926 1029 1669
f 4 1023 1033
f 741 1412 1037
f 1783 1015 1816
f 18 12 1685
f 1387 496 497
f 496 1387 942
f 424 610 624
f 1328 527 1327
f 861 854 1211
f 1417 1327 863
f 1413 752 138
f 1830 1628 1931
f 495 743 259
f 1315 1314 524
f 366 1889 1890
f 1638 1814 1740
f 1033 1890 1889
f 1323 1434 1614
f 1725 1731 579
f 1384 1725 580
f 148 58 1204
f 1146 1190 1380
f 1379 303 579
f 602 339 601
f 306 580 579
f 2002 1586 244
f 55 1042 50
f 244 1961 853
f 2260 2323 2130
f 422 1316 23
f 426 706 1208
f 11 295 57
f 1083 1451 207
f 572 84 301
f 795 598 324
f 928 265 334
f 795 943 598
f 278 1813 731
f 1180 941 972
f 216 1148 215
f 962 771 499
f 771 949 1044
f 1479 1043 1344
f 322 225 220
f 1035 1644 180
f 64 60 709
f 2337 2338 2366
f 1150 316 329
f 76 450 704
f 339 602 1029
f 1621 813 1620
f 1268 1459 70
f 689 73 647
f 1596 1382 1607
f 838 735 315
f 315 735 736
f 1842 689 1506
f 1468 700 1842
f 1842 1941 1468
f 1048 1047 784
f 2352 1784 2329
f 475 1049 358
f 493 982 463
f 1993 1851 1483
f 357 1610 1623
f 357 1623 431
f 1622 1200 385
f 1478 1940 1992
f 1735 807 1647
f 381 352 1482
f 1708 1707 1971
f 1646 1735 1647
f 1933 1219 1934
f 1901 1763 1773
f 793 1053 961
f 1863 145 1945
f 1113 670 963
f 200 283 1764
f 315 736 1146
f 1041 285 1929
f 897 1236 931
f 1055 1115 900
f 494 1809 2020
f 735 1040 1025
f 551 549 553
f 1874 1024 1527
f 1024 1874 1041
f 174 1116 1057
f 702 563 804
f 1059 723 1058
f 799 708 925
f 638 1764 627
f 238 858 240
f 813 1024 1929
f 1518 1306 2000
f 1929 1024 1041
f 1578 1063 823
f 52 2302 1784
f 1745 2003 1091
f 1745 1091 1538
f 1539 816 814
f 183 170 1000
f 1583 257 922
f 176 195 201
f 1743 201 196
f 855 1827 1022
f 1968 855 1022
f 1960 1786 2004
f 708 183 151
f 1064 1059 1058
f 1753 1220 2083
f 44 1064 1977
f 149 1551 894
f 1892 1819 1994
f 2264 2010 2040
f 820 143 457
f 878 209 149
f 1559 820 1862
f 1882 1560 1559
f 1568 1583 1772
f 1965 1156 1691
f 1767 1559 1560
f 1319 1766 1761
f 513 233 830
f 420 924 1897
f 875 915 218
f 872 913 1124
f 1070 1573 2018
f 261 2 826
f 1569 728 1568
f 1769 1828 236
f 1776 898 1777
f 232 862 241
f 1936 1775 1895
f 1775 1936 915
f 1613 1579 1580
f 1580 1579 1039
f 1039 1063 1578
f 428 53 1888
f 53 428 54
f 249 239 427
f 1016 16 1936
f 1265 1239 1017
f 240 236 49
f 1607 1298 1582
f 1582 1298 1194
f 1798 1796 1789
f 1067 862 232
f 266 723 1059
f 54 241 46
f 723 179 1058
f 2260 2300 2323
f 1959 915 1884
f 1796 1849 1790
f 452 203 1782
f 1802 1963 2019
f 511 299 1071
f 2339 1575 1576
f 1780 2322 2303
f 1588 1196 273
f 1010 1776 1011
f 1382 1596 1339
f 1143 284 372
f 1531 1045 1806
f 1074 1902 1752
f 333 290 485
f 485 492 300
f 385 397 933
f 1617 323 494
f 2021 1617 2426
f 1074 1752 803
f 514 934 310
f 1631 1748 1810
f 1766 1572 1571
f 1905 1631 1810
f 217 879 143
f 303 1379 1630
f 615 37 1008
f 1248 1637 1342
f 1731 507 1729
f 1723 285 1041
f 1723 1041 1874
f 1722 1988 1723
f 1077 1722 1874
f 1638 1634 1650
f 206 1079 1390
f 1725 1387 1724
f 271 1389 942
f 1650 586 1638
f 1575 226 864
f 1448 1818 1205
f 1343 1385 1692
f 211 210 212
f 1862 197 894
f 1402 1176 206
f 206 1176 336
f 1392 1448 1401
f 1392 1401 1657
f 1385 1391 566
f 2271 2258 2328
f 1238 1841 1194
f 521 1702 1257
f 2327 2013 510
f 188 185 189
f 1754 1185 905
f 708 170 183
f 528 1680 603
f 1155 947 2026
f 1034 1274 1966
f 2272 2330 2325
f 1156 462 1691
f 8 11 57
f 1570 853 2298
f 608 58 61
f 9 10 1663
f 265 8 57
f 8 265 86
f 2307 2268 2317
f 83 1085 71
f 993 270 1338
f 1419 993 1864
f 1119 1877 906
f 852 1418 1211
f 403 404 1294
f 1291 1294 404
f 1086 366 365
f 2027 1540 1182
f 1124 1580 1070
f 502 467 500
f 55 35 729
f 865 1793 1561
f 1520 1522 2036
f 524 1088 1207
f 2101 2293 2273
f 1873 1736 705
f 468 782 470
f 23 132 422
f 276 941 56
f 2256 2121 2315
f 1845 68 1188
f 871 1695 1444
f 1951 1952 547
f 1860 1655 890
f 1444 1695 1094
f 479 1095 1449
f 1449 1850 445
f 2028 2045 1362
f 2309 1562 2018
f 780 88 1455
f 665 657 654
f 1100 1700 776
f 877 1097 1096
f 2253 2310 2145
f 1269 471 779
f 1655 660 661
f 1354 371 1349
f 409 135 124
f 135 409 1501
f 1887 1235 2010
f 1938 1492 1800
f 888 381 1482
f 381 382 980
f 493 381 1103
f 221 219 719
f 217 719 879
f 119 653 978
f 2281 2314 2253
f 1112 1492 145
f 1863 1293 145
f 1233 1510 165
f 1705 1509 1508
f 1496 1717 1714
f 583 1864 1111
f 155 1947 157
f 976 1701 974
f 993 237 169
f 1220 1569 1568
f 408 971 113
f 161 160 988
f 166 1510 1999
f 1510 2144 1999
f 1999 2029 166
f 1999 2144 2029
f 113 971 110
f 1520 1229 1875
f 1518 2000 2001
f 112 113 110
f 557 107 110
f 1522 1280 1536
f 678 656 660
f 373 112 398
f 110 111 398
f 1868 342 1060
f 1753 1081 1504
f 542 883 690
f 504 2037 1927
f 925 1220 1753
f 451 971 79
f 298 1052 1364
f 509 508 917
f 205 195 214
f 201 205 147
f 1756 1868 1757
f 140 1436 792
f 106 557 558
f 558 554 106
f 2041 1564 1565
f 1565 1125 1013
f 1567 1771 1127
f 428 221 1067
f 1165 704 450
f 862 1067 1128
f 968 970 469
f 74 1613 1124
f 1219 1933 1485
f 1933 1946 1485
f 1961 1068 1823
f 1936 1895 1016
f 245 1212 246
f 1954 1493 1476
f 472 1130 1348
f 423 248 1129
f 266 1059 1784
f 662 1590 658
f 2377 1896 1916
f 453 264 263
f 119 978 659
f 1942 659 978
f 872 196 913
f 1794 1600 1593
f 1218 1473 1993
f 770 499 1214
f 1019 484 440
f 474 1138 1142
f 1477 1992 1972
f 1581 1582 1556
f 409 1940 1934
f 1992 1940 1682
f 1738 1624 1904
f 1805 284 1532
f 690 682 1096
f 117 1141 880
f 1142 380 977
f 1532 1143 1621
f 1052 961 1053
f 1262 446 1679
f 1679 446 433
f 1143 372 1024
f 1040 460 1025
f 1506 689 1515
f 732 1025 1045
f 39 1979 758
f 412 396 1287
f 648 550 443
f 1626 1144 1248
f 2060 2108 817
f 1248 1144 308
f 1146 736 1190
f 587 1909 1026
f 1909 587 1386
f 1637 1248 1027
f 1523 93 1046
f 580 584 1384
f 646 1467 985
f 1850 1449 1095
f 1311 1298 1607
f 242 255 235
f 255 259 235
f 2046 1094 1695
f 321 259 256
f 2132 1459 676
f 1459 2132 1273
f 1648 1335 1336
f 1845 1188 1455
f 6 404 403
f 535 1152 534
f 1334 1152 535
f 6 403 350
f 350 403 349
f 1152 1334 565
f 1151 556 1360
f 1151 773 774
f 231 180 2051
f 838 593 1709
f 1662 1709 593
f 340 171 1154
f 360 954 1351
f 770 572 301
f 1154 1257 340
f 851 95 840
f 946 2051 606
f 1458 606 2051
f 71 1155 1661
f 1661 1155 2026
f 1921 2026 947
f 95 753 101
f 851 753 95
f 575 953 1428
f 1922 948 1984
f 2059 146 153
f 184 1673 1458
f 361 363 437
f 1680 1417 1310
f 1315 1313 1312
f 1159 1157 1409
f 1670 1159 336
f 856 1674 1926
f 1029 1926 1674
f 339 1029 1674
f 608 756 27
f 1817 1614 1912
f 1299 10 2054
f 1979 1428 758
f 1428 1979 574
f 377 763 47
f 851 1451 1083
f 1295 433 1290
f 1833 1834 365
f 1429 1430 1210
f 1833 2054 1836
f 1107 1258 347
f 1163 1838 1628
f 1553 2254 2303
f 952 1107 347
f 1931 1222 1314
f 1793 1164 1561
f 1001 630 1372
f 1001 432 630
f 2289 2254 2259
f 1316 882 23
f 945 1988 1890
f 265 320 86
f 921 326 62
f 945 1890 1914
f 918 1192 928
f 35 50 15
f 949 78 1690
f 1687 41 742
f 68 77 67
f 27 41 1687
f 1441 873 1453
f 2028 1362 1441
f 1935 1362 2045
f 771 1513 1990
f 690 1097 1398
f 943 588 942
f 1450 1094 2056
f 900 1115 923
f 450 79 1165
f 1951 1462 1952
f 1165 701 704
f 550 704 701
f 550 1357 704
f 395 396 412
f 390 395 412
f 384 1930 1262
f 384 1262 1679
f 1098 693 464
f 1087 1086 376
f 106 466 105
f 128 782 468
f 4 1087 1425
f 527 628 1327
f 1858 2030 1100
f 97 1858 1100
f 1766 1759 1761
f 1168 92 781
f 93 115 1855
f 495 506 743
f 981 982 1103
f 615 1641 568
f 311 312 313
f 2060 817 2065
f 887 1130 1482
f 1474 1481 979
f 1474 1484 1481
f 7 1170 1685
f 1920 2226 2214
f 1711 131 672
f 1108 1356 1464
f 2059 892 1123
f 897 931 668
f 1713 668 931
f 1714 1717 1474
f 1825 765 384
f 993 1111 1864
f 157 167 154
f 2090 1225 1759
f 674 1173 1863
f 1173 674 629
f 1197 277 587
f 1423 459 1718
f 1965 1279 461
f 1034 413 1965
f 1361 758 1254
f 1361 3 1175
f 1496 1394 1726
f 835 485 290
f 353 1804 927
f 281 353 927
f 1394 931 1997
f 1756 1757 1765
f 1437 437 760
f 1456 354 349
f 1675 1456 1676
f 1031 1177 83
f 1177 1031 748
f 1199 1266 1240
f 1922 1921 947
f 1983 1922 1984
f 2026 1921 1983
f 1983 1921 1922
f 1661 2026 1983
f 1997 1733 1512
f 1881 1080 2232
f 1727 1726 1734
f 1256 2076 1231
f 392 280 397
f 1244 1403 1629
f 752 2047 136
f 2061 1875 1229
f 202 2089 1878
f 1537 1529 2000
f 2063 1821 2062
f 458 1060 342
f 342 705 458
f 1657 1659 1392
f 2234 2268 2203
f 1742 1119 906
f 2087 1540 1750
f 194 1283 1913
f 1540 1278 1749
f 1395 2064 1651
f 194 1913 1815
f 1815 325 194
f 862 238 241
f 1162 1547 164
f 1553 430 1232
f 198 2039 210
f 195 205 201
f 1888 219 428
f 196 1868 1060
f 1205 1651 2064
f 1128 719 217
f 1135 1186 2067
f 272 942 1387
f 1077 1078 1915
f 1988 1722 1107
f 1072 601 1723
f 489 866 867
f 1027 1720 316
f 1149 1720 308
f 1886 510 917
f 1721 1729 1986
f 1871 911 1002
f 913 1066 1124
f 1568 1885 1220
f 869 1125 489
f 214 874 205
f 1538 711 1187
f 1127 1775 915
f 898 1189 1801
f 898 498 1189
f 2024 1801 1189
f 1771 1893 787
f 1837 1893 1771
f 1576 2345 2339
f 1884 875 889
f 1748 294 292
f 787 1893 828
f 1586 2002 1772
f 239 251 48
f 239 48 46
f 1584 1016 1895
f 1080 2259 2230
f 2259 2240 2230
f 423 2068 1819
f 1819 2068 1994
f 250 427 240
f 2093 1593 1977
f 1590 662 1131
f 296 1075 303
f 1803 16 1016
f 258 642 243
f 642 638 243
f 638 627 1589
f 662 1242 1807
f 1906 1905 2069
f 1755 1813 1654
f 638 260 1764
f 1811 1813 1907
f 1794 1593 2093
f 2069 1905 1810
f 2393 1264 725
f 1758 2243 1873
f 512 513 42
f 511 512 42
f 42 2011 275
f 275 511 42
f 421 269 829
f 261 1019 2042
f 288 405 930
f 1603 1606 1601
f 267 266 833
f 357 833 266
f 2019 1963 337
f 273 1196 460
f 1436 1114 1111
f 1555 286 1654
f 286 1555 2017
f 802 804 1470
f 275 831 1616
f 2088 2087 1878
f 2070 833 431
f 1871 1751 2088
f 1806 1045 1196
f 284 1805 1706
f 385 392 397
f 1610 564 1623
f 539 935 1548
f 1123 892 1109
f 290 1247 293
f 1247 290 333
f 2021 323 1617
f 665 667 789
f 2021 733 323
f 1802 1900 1706
f 1631 1905 1632
f 375 582 1524
f 1860 890 788
f 1901 1071 299
f 806 1730 1201
f 1631 1632 294
f 1632 289 294
f 1384 584 272
f 259 255 256
f 242 795 234
f 1604 1629 1572
f 878 149 488
f 801 180 231
f 1150 329 207
f 1751 1871 715
f 982 977 463
f 1877 1230 1183
f 1103 982 493
f 148 1204 312
f 922 275 2011
f 1311 1309 1253
f 516 654 1138
f 1998 1799 1797
f 1079 1636 1147
f 168 1400 2063
f 1821 2063 1400
f 2468 1147 1636
f 922 257 178
f 1665 597 599
f 91 791 755
f 101 213 95
f 137 138 136
f 102 439 26
f 330 1675 441
f 791 1030 1209
f 883 1471 684
f 881 465 464
f 693 881 464
f 1169 93 1855
f 703 2087 1751
f 1402 1665 569
f 2393 420 2077
f 1891 1437 1257
f 2497 354 402
f 811 2229 1341
f 513 34 36
f 850 1257 1437
f 1786 31 1962
f 682 880 877
f 1766 1854 1759
f 377 1331 1084
f 1350 2170 1347
f 1684 1683 5
f 724 827 1590
f 1018 828 492
f 1033 1889 4
f 1087 1889 366
f 953 402 354
f 9 1642 10
f 741 9 1412
f 157 1947 2035
f 1037 1412 17
f 15 615 14
f 361 437 1286
f 2163 2035 1947
f 82 877 880
f 1803 1016 1584
f 2191 2035 2163
f 24 21 389
f 756 861 1686
f 10 1408 1688
f 37 15 50
f 1762 1882 1185
f 1089 1614 632
f 1836 1688 41
f 41 1835 1836
f 41 1688 1408
f 524 1314 1088
f 43 44 46
f 703 1182 1540
f 763 1426 47
f 49 43 240
f 43 46 240
f 35 55 50
f 51 37 50
f 1793 1430 1435
f 435 644 645
f 2105 2206 2232
f 51 1213 1426
f 2213 2120 2235
f 1892 1994 823
f 709 1768 710
f 70 1693 444
f 873 964 59
f 66 59 60
f 509 868 869
f 72 647 73
f 1613 74 1579
f 509 867 508
f 67 77 1043
f 776 1682 410
f 69 1450 2057
f 2057 1847 69
f 1840 498 920
f 1241 2231 1705
f 411 77 89
f 509 869 867
f 778 1465 1215
f 1100 410 97
f 469 687 974
f 273 460 34
f 476 34 460
f 269 484 829
f 1235 1105 224
f 104 106 105
f 1168 654 114
f 1686 861 1835
f 1500 659 652
f 97 118 1711
f 1835 33 1834
f 1476 97 1711
f 123 125 118
f 675 532 887
f 129 130 123
f 24 432 393
f 1051 135 134
f 786 973 663
f 434 140 134
f 1126 135 142
f 1945 145 1492
f 698 811 536
f 144 1454 1112
f 988 146 1452
f 153 892 2059
f 796 673 144
f 457 488 149
f 2035 2191 1530
f 1715 616 545
f 860 395 571
f 1363 298 1364
f 155 154 287
f 1715 544 1464
f 563 904 1365
f 995 631 633
f 937 153 152
f 1565 1564 1538
f 393 1373 391
f 2188 999 1057
f 159 156 158
f 162 1908 160
f 122 1733 253
f 430 2065 817
f 1869 1162 817
f 30 759 746
f 697 685 636
f 1539 1862 816
f 1220 925 708
f 2465 2439 2470
f 905 1539 814
f 253 1733 1997
f 1341 1543 1544
f 517 1749 1277
f 1673 1300 1968
f 855 1968 1300
f 2008 189 2221
f 1116 174 1000
f 175 1734 458
f 852 1211 854
f 2001 2000 1525
f 2144 695 2192
f 850 521 1257
f 849 483 1274
f 190 711 182
f 1528 185 188
f 186 192 187
f 366 1890 1259
f 189 1534 2221
f 1278 1277 1749
f 193 713 429
f 703 1540 2087
f 846 1821 1664
f 7 1255 1204
f 1758 1873 705
f 2088 1751 2087
f 1750 1878 2087
f 1878 2089 2088
f 1870 1869 1122
f 1526 1522 2001
f 911 1871 2089
f 1878 1321 202
f 196 201 147
f 207 840 842
f 1225 911 2089
f 2089 1759 1225
f 1318 1321 1750
f 2001 1522 1875
f 2088 2089 1871
f 1761 202 1321
f 209 151 183
f 1759 1854 2090
f 2203 2204 2123
f 872 1765 1757
f 1234 2090 1854
f 584 580 305
f 222 74 1066
f 151 1888 1569
f 1769 1767 1828
f 2018 1562 1070
f 1074 317 1618
f 94 228 224
f 226 94 227
f 227 864 226
f 2190 2128 2193
f 279 400 397
f 52 236 1828
f 1997 1734 1726
f 236 240 858
f 241 239 46
f 721 1237 1234
f 2015 243 74
f 1772 1583 1586
f 275 178 831
f 1587 828 1893
f 254 1014 1015
f 245 246 248
f 1571 1605 1388
f 1571 1388 721
f 254 1015 1783
f 834 830 233
f 1239 1589 1212
f 1212 960 1789
f 922 178 275
f 254 1960 1014
f 53 1593 1600
f 826 421 261
f 2094 1962 1963
f 922 2011 1583
f 1872 1750 1749
f 264 258 263
f 258 264 642
f 264 1764 260
f 239 249 251
f 257 1795 1609
f 924 418 1898
f 1898 418 1791
f 1792 1785 1597
f 268 1799 1998
f 1282 268 1998
f 1998 203 204
f 1275 1601 1606
f 2161 2165 2128
f 494 492 828
f 453 283 200
f 2020 1809 726
f 2186 2191 2163
f 1796 1798 1738
f 672 799 274
f 1114 583 1111
f 2165 2161 1985
f 1608 1806 1588
f 149 197 457
f 197 820 457
f 1588 1806 1196
f 1617 494 2020
f 1970 286 1615
f 808 901 1181
f 1654 1970 1755
f 1388 1246 721
f 2042 1618 1976
f 375 1200 1622
f 1572 1629 1605
f 405 288 293
f 283 291 297
f 1470 1365 683
f 293 297 405
f 283 297 1191
f 1531 1974 1190
f 176 1744 122
f 1636 1635 564
f 732 1190 736
f 1753 1504 1490
f 803 807 317
f 1145 308 1144
f 308 1027 1248
f 1040 812 1527
f 315 1026 1909
f 1731 1725 1724
f 1027 316 1637
f 311 745 312
f 314 313 595
f 312 595 313
f 1987 1605 1817
f 744 940 1911
f 234 415 321
f 959 641 1489
f 788 961 641
f 1817 1912 1987
f 1735 986 300
f 1395 1651 220
f 843 325 1815
f 307 1250 1735
f 1368 1367 327
f 312 327 148
f 330 1712 335
f 1250 807 1735
f 1861 331 1485
f 1250 1739 807
f 2047 318 328
f 1381 311 313
f 786 663 667
f 330 335 1456
f 170 270 169
f 799 270 170
f 1028 1647 807
f 996 1181 901
f 2099 1655 1860
f 1035 292 1644
f 1251 292 1035
f 532 530 2488
f 599 1681 1665
f 1299 347 1258
f 2163 2162 2186
f 591 538 837
f 485 1018 492
f 343 124 135
f 1650 1079 206
f 413 854 1689
f 1899 2168 2092
f 1406 346 14
f 1817 1629 1403
f 952 347 1259
f 350 348 351
f 566 762 1411
f 324 598 794
f 1049 359 358
f 1703 1480 1481
f 20 1285 360
f 361 1285 20
f 361 20 363
f 347 367 1259
f 893 133 142
f 653 398 368
f 370 885 369
f 133 893 134
f 1411 628 527
f 4 1669 1023
f 1425 1669 4
f 613 619 1087
f 141 140 792
f 613 1087 1085
f 1087 366 1086
f 1416 1085 376
f 9 741 1642
f 1048 784 382
f 380 381 493
f 1350 2169 1533
f 364 391 390
f 1377 38 1376
f 2166 1779 1223
f 1279 413 1263
f 1503 985 116
f 1700 1260 1268
f 1931 1314 1830
f 305 306 416
f 1851 1853 2056
f 725 419 420
f 470 1167 2046
f 657 890 1655
f 1038 425 35
f 2179 2178 2168
f 133 141 142
f 491 434 134
f 131 130 139
f 474 472 663
f 1851 2056 1094
f 1514 2058 468
f 443 701 406
f 1165 406 701
f 1165 79 406
f 1513 1690 1463
f 1326 1403 1271
f 2086 1403 1323
f 1614 2086 1323
f 448 1007 447
f 456 454 1093
f 467 468 470
f 1160 448 720
f 1444 1094 1445
f 479 1443 1442
f 1047 529 355
f 1442 1439 479
f 542 1093 772
f 1093 542 1398
f 1271 1270 1326
f 689 700 73
f 105 466 465
f 501 470 871
f 1172 1326 1270
f 503 718 505
f 505 718 969
f 1400 1396 848
f 1172 649 344
f 344 1324 1326
f 1820 1660 846
f 100 876 99
f 86 320 62
f 970 778 1517
f 62 326 81
f 345 126 22
f 931 253 1997
f 515 933 514
f 786 516 973
f 590 809 995
f 1504 1705 1508
f 1281 1603 577
f 1998 204 1282
f 1891 1154 171
f 171 340 1283
f 1284 1891 171
f 519 623 521
f 522 520 957
f 521 850 519
f 2101 2272 2325
f 1194 1298 1253
f 523 1302 1301
f 1533 2169 1099
f 1303 1305 1308
f 1309 1312 1253
f 1163 1312 1309
f 1311 1310 1309
f 1317 1315 524
f 1316 1222 1432
f 2341 2103 2102
f 2102 2103 2410
f 153 2199 2120
f 822 1319 1318
f 526 1244 822
f 1244 1604 822
f 1323 1326 1324
f 1323 1324 637
f 991 1325 637
f 532 529 530
f 659 530 531
f 937 2199 153
f 529 532 355
f 2106 2107 2227
f 187 2106 2227
f 1811 2427 2417
f 920 2034 2108
f 2108 1840 920
f 2108 2060 1840
f 1336 1335 534
f 1335 1333 534
f 1006 825 1339
f 824 2279 2109
f 2112 2111 2110
f 2354 2387 2111
f 2450 2412 2113
f 837 538 537
f 592 538 591
f 2376 1904 2409
f 1139 539 540
f 2190 2179 2128
f 2436 2116 2117
f 2117 2116 2349
f 2348 2118 2306
f 2353 2334 2307
f 2334 2299 2307
f 1043 80 541
f 542 1092 1345
f 2239 2235 2199
f 697 1227 1117
f 2095 2120 2180
f 2165 1985 2125
f 2165 2125 2184
f 2127 2126 2207
f 2126 2127 1099
f 1221 1109 1218
f 1349 892 1353
f 1352 1109 1349
f 892 1349 1109
f 1109 1352 1218
f 2179 2161 2128
f 2129 2130 2304
f 2304 2290 2129
f 1947 2215 2163
f 550 548 553
f 1358 549 650
f 554 556 75
f 2133 2205 2134
f 2237 2135 2136
f 2139 2138 2137
f 560 351 348
f 1254 560 559
f 1363 1364 739
f 2281 2140 2141
f 2140 2275 2141
f 2190 2195 2178
f 2142 695 2143
f 1784 2302 2329
f 1880 2146 2274
f 2150 2147 2149
f 2403 2369 2375
f 2418 2152 2440
f 564 2153 1636
f 1366 1145 1730
f 1678 956 2154
f 609 956 1678
f 2154 1084 2155
f 1956 899 156
f 2053 2072 1925
f 1369 2048 565
f 1369 332 2048
f 762 566 567
f 2157 2484 2156
f 1159 568 1157
f 772 774 773
f 1370 568 1159
f 1161 751 568
f 2081 2050 2084
f 617 604 570
f 2181 2107 2106
f 860 720 447
f 1957 1822 1879
f 575 1351 953
f 1867 1852 1958
f 2466 2496 2160
f 1376 1375 1378
f 38 30 1375
f 1376 1829 1377
f 1378 1829 1376
f 671 1671 369
f 2099 1859 2481
f 2481 1655 2099
f 1356 1497 1353
f 2458 2445 1132
f 670 369 963
f 890 665 789
f 1133 263 262
f 2392 2444 2445
f 734 2109 2110
f 2351 1718 669
f 1594 269 421
f 1489 1861 959
f 1338 672 131
f 526 1322 1198
f 139 129 792
f 1466 140 434
f 1792 1597 1797
f 1454 1492 1112
f 2374 1110 1121
f 640 896 666
f 1171 2343 1110
f 1245 2347 670
f 1171 2300 2301
f 1355 1464 544
f 2215 796 2216
f 1866 1422 2321
f 2390 2353 2382
f 1423 2284 1421
f 2284 1422 1421
f 896 679 616
f 2393 2077 2377
f 2356 2293 2325
f 2216 796 639
f 1423 2181 459
f 683 631 802
f 2134 2205 590
f 459 2181 639
f 2085 2187 1421
f 2181 2216 639
f 2219 1919 2016
f 1347 2170 2218
f 2148 590 2205
f 995 804 802
f 1528 1383 166
f 253 931 1236
f 2353 2383 2334
f 2214 2185 2318
f 2085 2176 2187
f 545 808 1178
f 1779 1985 1919
f 583 1057 1419
f 169 1591 1116
f 1227 697 739
f 1779 2125 1985
f 1227 739 683
f 1734 175 1727
f 2343 2301 633
f 1199 1521 1266
f 2301 2343 1171
f 2169 2131 2178
f 702 809 907
f 175 1736 1727
f 1521 1199 1340
f 1245 2237 2347
f 2002 244 853
f 2348 2309 2068
f 2201 2208 2185
f 1063 1039 247
f 2326 2333 2362
f 2365 2327 2337
f 2345 1777 2361
f 1741 1522 1536
f 1000 174 816
f 999 2188 1754
f 188 2188 1528
f 185 2197 1534
f 1751 1365 904
f 1780 1960 2004
f 1880 1061 2144
f 2192 1880 2144
f 2304 2130 2363
f 1354 1353 1497
f 2113 2387 2383
f 2003 177 1530
f 2204 2241 2122
f 2007 910 517
f 1171 2374 2355
f 1750 1321 1878
f 1171 2355 2300
f 1564 821 2233
f 2007 525 910
f 2249 2007 1877
f 2254 1232 2240
f 1546 1762 1185
f 2262 2213 2235
f 2349 2332 2317
f 2273 818 2266
f 2277 2291 2259
f 2277 1554 2291
f 1575 2339 228
f 1577 228 2339
f 819 2273 2292
f 2285 525 819
f 2283 2278 2252
f 824 1006 1543
f 84 8 63
f 1757 1868 872
f 1563 889 821
f 1564 1563 821
f 2291 2289 2259
f 2304 2363 2360
f 2013 2327 1778
f 678 660 1104
f 2305 2040 1235
f 2313 1105 919
f 228 1577 224
f 2082 2282 2326
f 660 1859 1104
f 2119 2262 2319
f 1498 2058 1704
f 1574 864 2034
f 2328 2320 2271
f 1105 2014 227
f 2326 2329 2082
f 2309 2306 2239
f 1189 1840 1552
f 2337 1886 1235
f 2291 1012 2289
f 2322 1801 2303
f 1011 2345 1576
f 1776 2345 1011
f 2319 2340 2119
f 657 661 115
f 115 661 1855
f 1012 1068 1894
f 2310 2316 2145
f 1819 1892 823
f 853 1961 1823
f 2309 823 2068
f 2014 864 227
f 2282 2324 2333
f 1977 1593 53
f 2330 2371 2356
f 1239 1212 1017
f 2361 1777 2379
f 2322 2379 1777
f 2068 2376 2348
f 2297 2330 2272
f 1807 1587 1131
f 760 437 363
f 2011 1586 1583
f 1020 825 824
f 2141 2364 2394
f 2364 2350 2396
f 1597 1264 2393
f 1849 2376 2068
f 2257 2315 2121
f 1602 269 1594
f 1601 1275 577
f 1198 1244 526
f 2198 2038 2171
f 2414 2391 2381
f 2398 2397 2147
f 2360 2137 2138
f 2313 2283 2014
f 1785 2408 1791
f 2422 2113 2383
f 1791 1597 1785
f 1221 1483 1452
f 1566 1770 1125
f 2115 1764 401
f 2282 2082 2274
f 1746 1795 1600
f 1611 1615 268
f 889 1563 1884
f 926 1706 1805
f 341 12 17
f 2031 886 1477
f 2438 2431 2390
f 431 1623 2070
f 2441 934 1804
f 1565 912 1566
f 10 1299 1662
f 874 1846 205
f 1732 934 2441
f 416 1191 297
f 2450 2431 2114
f 219 879 719
f 1201 1145 1630
f 1500 684 1499
f 1630 1145 1144
f 1380 844 847
f 938 581 1524
f 2292 2285 819
f 2406 1492 1454
f 2293 2292 2273
f 1646 1389 271
f 938 1524 1910
f 1385 1637 1391
f 1297 1252 2428
f 491 1219 1485
f 586 745 311
f 1910 582 318
f 1252 2482 2472
f 2468 944 1147
f 506 507 497
f 2298 2067 1885
f 814 174 999
f 589 592 591
f 944 597 1147
f 2432 2464 2370
f 220 1651 215
f 1136 2294 1554
f 328 595 1255
f 2049 1368 745
f 845 1392 1393
f 2479 478 1666
f 845 848 1369
f 1821 848 845
f 332 2076 2048
f 2048 2076 335
f 2076 332 1396
f 478 2479 2415
f 2465 2471 2467
f 794 606 324
f 2156 2491 2498
f 1032 528 603
f 1005 1883 1876
f 1982 2493 950
f 1982 950 1296
f 1153 1692 761
f 761 592 1153
f 1130 667 663
f 1402 604 1176
f 1130 2437 667
f 2495 2499 2487
f 947 1404 1923
f 849 769 947
f 769 1404 947
f 769 849 1274
f 2449 2139 2476
f 2164 1261 2025
f 2498 2386 2463
f 1965 607 1274
f 1085 83 613
f 676 984 2395
f 1006 1856 1544
f 1544 1543 1006
f 2249 818 2007
f 155 128 1498
f 686 1502 687
f 1685 740 18
f 686 1857 1502
f 1946 965 967
f 1826 2075 2388
f 956 609 1157
f 1545 1856 1556
f 1417 1163 1310
f 1972 985 1477
f 2252 2005 2251
f 1086 1418 376
f 2213 2222 2180
f 2097 2072 2245
f 958 762 621
f 2030 655 1700
f 2488 530 659
f 325 559 560
f 478 2415 1505
f 1427 1294 1290
f 887 352 675
f 2233 1538 1564
f 1505 686 478
f 1090 1359 1429
f 2236 2242 2225
f 1182 907 2127
f 346 5 612
f 571 1372 446
f 2240 1232 2201
f 2006 1958 1852
f 1996 634 1808
f 1160 481 448
f 1925 1808 1812
f 767 1434 1359
f 1530 1091 2003
f 1487 1224 1346
f 1484 1483 1703
f 706 1435 1208
f 1484 1703 1481
f 1288 635 992
f 994 1208 1359
f 705 342 1756
f 1120 2236 707
f 426 1208 994
f 1276 712 182
f 1276 2091 712
f 387 768 1050
f 882 109 23
f 2475 2478 1671
f 84 572 914
f 1180 987 1514
f 717 815 902
f 643 2033 975
f 1214 643 1595
f 1094 1450 1195
f 1449 1457 1443
f 1459 1268 2238
f 903 815 707
f 647 1990 1515
f 1460 1272 1843
f 1272 1460 1461
f 1462 1457 2212
f 1365 1751 715
f 189 185 1534
f 1462 1463 78
f 1502 2212 2209
f 398 653 373
f 2232 2206 2231
f 1472 2453 688
f 1993 1473 1851
f 1989 2238 676
f 651 1218 1352
f 707 694 903
f 1858 1476 1493
f 2208 2228 2198
f 2204 2122 2174
f 2032 967 1477
f 1182 703 907
f 657 114 654
f 2124 2180 2222
f 1934 1219 1501
f 2202 2036 2211
f 2476 2478 2475
f 2452 1710 2269
f 1482 1130 473
f 1440 1353 892
f 2459 2447 2474
f 2447 2458 2474
f 1946 1861 1485
f 904 702 703
f 1943 116 1941
f 1941 1944 1943
f 907 703 702
f 2359 1217 2033
f 669 1718 674
f 2321 2284 1217
f 1507 2351 669
f 1713 1714 1475
f 1091 1276 1538
f 1446 2399 1488
f 1260 655 884
f 1108 1113 963
f 1995 1446 1488
f 2479 688 2415
f 1948 144 1491
f 2215 1947 1491
f 1875 1518 2001
f 1469 651 1349
f 1516 1308 1518
f 796 2215 1491
f 1504 1241 1705
f 1991 1857 1505
f 298 1363 1420
f 2136 2219 2194
f 2290 2136 2194
f 810 695 694
f 545 544 1715
f 2267 2318 2185
f 692 370 1471
f 988 160 152
f 156 990 677
f 688 1513 1216
f 2170 2205 2133
f 2187 2173 1423
f 2185 2208 2176
f 2180 2124 2095
f 901 640 996
f 1710 643 1214
f 158 681 1233
f 1460 370 90
f 546 808 545
f 1682 1940 410
f 1100 776 410
f 695 1233 681
f 1504 691 1490
f 1223 1056 2166
f 1228 2166 1056
f 1899 2016 2167
f 1453 411 87
f 685 696 694
f 87 2028 1453
f 411 1453 1950
f 694 680 685
f 680 694 681
f 681 694 695
f 32 758 1175
f 1509 691 1508
f 2198 2173 2176
f 2168 1899 2167
f 1533 809 2148
f 80 1043 77
f 2182 2199 1908
f 997 1266 1516
f 2125 2166 2184
f 2105 2201 2185
f 2238 1989 1459
f 2166 2125 1779
f 2171 2107 2181
f 1516 1518 1228
f 2106 2091 2216
f 2216 2091 2162
f 174 1057 999
f 2357 1787 1507
f 2016 1985 2167
f 1985 2016 1919
f 2126 2195 2207
f 2056 1853 1450
f 1463 1690 78
f 2143 810 694
f 907 1099 2127
f 185 1528 166
f 166 2197 185
f 1118 1365 715
f 1233 165 159
f 2211 1741 2027
f 902 815 1117
f 2230 2240 2105
f 2123 2200 2124
f 1081 2223 1504
f 2473 944 2468
f 2092 1347 2175
f 1278 1536 1280
f 2357 1507 669
f 1876 429 1542
f 1990 72 487
f 429 186 1542
f 187 716 1542
f 2220 2122 2229
f 1990 487 771
f 69 714 1541
f 1541 1450 69
f 1754 188 189
f 1541 1195 1450
f 1082 1546 2008
f 2008 1546 189
f 1514 987 2058
f 1260 2238 1268
f 717 911 1004
f 1092 505 1345
f 2229 2122 2121
f 911 1225 1004
f 2255 1062 2246
f 561 26 439
f 2249 2266 818
f 65 66 60
f 2214 2226 2185
f 2252 2278 2005
f 1554 2277 1080
f 1554 1881 1136
f 2266 2272 2273
f 2090 2275 2250
f 2246 2258 2271
f 2163 2215 2162
f 1595 643 770
f 2279 824 1543
f 1442 611 326
f 2465 2425 2430
f 2243 2309 2239
f 1559 143 820
f 2201 1547 2208
f 2016 2194 2219
f 1187 1883 1770
f 1457 445 1848
f 2257 2287 2299
f 2312 2286 2270
f 2276 2312 2270
f 914 572 975
f 2060 1552 1840
f 2073 268 1781
f 56 916 870
f 2298 853 1823
f 22 29 45
f 1070 1580 1573
f 2101 2325 2293
f 680 158 636
f 2237 1779 2135
f 1779 2237 1223
f 1886 2327 510
f 1240 1355 544
f 1780 2289 1012
f 2299 2334 2315
f 172 345 22
f 728 1583 1568
f 2354 2111 2112
f 2194 2129 2290
f 2151 2336 2375
f 2366 2338 2377
f 2085 1421 1054
f 2118 2348 2381
f 2102 2371 2341
f 1587 1809 828
f 2382 2353 2332
f 706 172 983
f 2335 2358 2389
f 2189 1954 691
f 1106 1009 387
f 2418 2389 2358
f 2384 2361 1599
f 638 642 260
f 2390 2383 2353
f 387 1050 1065
f 1246 2402 1237
f 1594 724 585
f 577 578 1896
f 1020 2109 734
f 1599 2094 1963
f 1106 387 1065
f 1950 1453 645
f 1797 2384 1998
f 1747 2093 2372
f 2382 2349 2116
f 422 132 1088
f 561 559 325
f 1898 2423 924
f 1747 353 2093
f 1609 1795 1746
f 929 1600 1794
f 2020 726 1617
f 2344 2428 2373
f 2373 2428 2420
f 2405 1969 2117
f 2394 2430 2398
f 1297 2296 1238
f 2296 2428 2344
f 2389 2418 2440
f 2037 1438 1927
f 1555 1811 2417
f 2443 2421 2420
f 2293 2413 2025
f 2292 2293 2025
f 2426 2042 2021
f 1811 2069 2427
f 2446 2434 401
f 1535 704 1357
f 562 753 3
f 2378 2130 2323
f 1627 2435 1904
f 1187 998 193
f 429 1876 193
f 2446 1630 2455
f 582 1622 727
f 515 1622 933
f 655 1920 884
f 2424 2104 2411
f 1346 1224 783
f 731 1620 813
f 1549 1307 1545
f 1975 2021 2071
f 733 307 300
f 1918 1920 655
f 1633 1424 1065
f 605 1198 1202
f 1244 1198 1249
f 1814 1732 2441
f 2461 2468 2442
f 1180 1978 987
f 734 1073 1020
f 2395 1719 891
f 738 537 2457
f 1636 2451 2468
f 2269 1710 891
f 753 851 3
f 2346 2138 2404
f 1639 1986 1729
f 1208 1430 1359
f 1036 1637 316
f 939 1073 2477
f 1647 229 598
f 1649 215 1651
f 2138 2139 2449
f 2486 2156 2484
f 1648 1334 1333
f 2485 1334 1648
f 2318 984 2295
f 704 1535 76
f 2484 2157 594
f 1465 1937 1523
f 2464 669 2370
f 348 194 325
f 194 348 2497
f 748 1658 1657
f 1847 1272 1461
f 1661 1984 1981
f 2493 1981 1984
f 1946 1933 965
f 1933 1934 1478
f 1820 1664 1393
f 2139 2478 2476
f 2225 2142 2143
f 1822 1668 1879
f 2494 2487 2499
f 13 1038 15
f 1177 613 83
f 562 3 1361
f 856 855 1674
f 2469 749 757
f 771 1044 1513
f 1289 1679 1295
f 1286 1891 1284
f 1286 437 1891
f 1132 659 1500
f 2411 2410 2424
f 982 473 977
f 978 108 1942
f 127 782 128
f 1442 1951 611
f 10 593 1663
f 756 1686 27
f 884 984 1260
f 1944 1472 1943
f 10 1662 593
f 2245 2072 2210
f 1858 1494 2030
f 338 339 1300
f 17 740 1037
f 2453 1941 1842
f 2453 1842 1506
f 2453 1506 688
f 692 1471 883
f 1991 1505 2415
f 2052 2081 2079
f 2072 2097 2044
f 766 625 618
f 1710 2359 643
f 2075 625 1996
f 2357 2464 1787
f 914 975 1507
f 2023 1867 1958
f 1879 1867 2023
f 1270 1317 1172
f 1848 1949 2209
f 1822 1633 1668
f 941 914 1787
f 89 1845 88
f 635 766 865
f 80 1950 1697
f 1633 1065 1668
f 1395 225 324
f 992 172 407
f 1283 1284 171
f 501 871 56
f 120 328 1255
f 1989 676 1459
f 972 1978 1180
f 775 1192 1195
f 1768 966 775
f 709 59 966
f 1800 1978 972
f 1541 714 775
f 2033 1507 975
f 2023 1958 2050
f 646 777 1693
f 547 1952 949
f 1847 1519 1272
f 1180 1514 916
f 1682 776 777
f 1166 1696 1461
f 1697 644 710
f 78 1952 1462
f 770 643 572
f 2246 1062 1183
f 1696 1166 1697
f 1697 1166 80
f 90 1461 1460
f 90 1166 1461
f 916 941 1180
f 918 928 334
f 1701 779 2045
f 2044 2078 1996
f 206 1390 1402
f 56 98 11
f 1100 2030 1700
f 976 779 1701
f 1949 779 976
f 86 62 63
f 1049 477 1215
f 1513 688 1506
f 1703 2046 1480
f 1787 1945 1938
f 643 975 572
f 1408 742 41
f 1945 1787 2432
f 1943 2031 116
f 768 387 150
f 886 2031 1943
f 1477 886 2032
f 1320 1318 1872
f 2474 1132 1499
f 671 2475 1671
f 2043 1957 2080
f 2488 2445 1130
f 2437 1130 2445
f 1946 959 1861
f 2378 2458 2447
f 2458 2378 2392
f 1088 649 1207
f 598 229 794
f 2404 2138 2448
f 1718 2433 2284
f 2269 1866 2321
f 1996 2078 2098
f 2251 2005 1870
f 1435 706 983
f 2355 2400 1447
f 1996 2098 2075
f 1110 895 793
f 1113 989 670
f 1995 2300 2355
f 673 796 1491
f 990 641 677
f 39 38 1374
f 459 674 1718
f 1904 1849 1738
f 1668 1832 1867
f 348 325 560
f 1956 1865 899
f 1161 625 2075
f 2185 2085 2267
f 1645 2074 1644
f 2133 2218 2170
f 697 1363 739
f 697 636 1363
f 937 1908 2199
f 344 132 126
f 1835 1211 33
f 1509 1705 2172
f 162 2182 1908
f 625 766 634
f 1419 1226 237
f 563 1470 804
f 800 2188 1179
f 1383 165 166
f 2044 1996 1808
f 695 2144 1233
f 1377 1374 38
f 2023 2052 1879
f 2168 2178 2131
f 1550 1841 1230
f 1099 809 1533
f 1841 908 1230
f 2179 2168 2161
f 1365 1227 683
f 1681 1429 1210
f 1057 1179 2188
f 2190 2178 2179
f 2091 2186 2162
f 2204 2174 2123
f 2195 2169 2178
f 2196 1520 2202
f 2196 2202 2193
f 1101 1181 2174
f 698 1101 811
f 2190 2193 2207
f 2207 2195 2190
f 41 27 1686
f 1304 2000 1306
f 1747 356 353
f 863 1327 628
f 177 121 157
f 2220 2229 1101
f 2229 811 1101
f 1230 1119 1537
f 37 615 15
f 37 764 1008
f 2003 1745 2233
f 1538 2233 1745
f 10 1688 2054
f 393 20 24
f 518 1277 1742
f 506 449 743
f 1742 906 518
f 201 1743 176
f 2222 2234 2124
f 1754 189 1546
f 2229 1543 1341
f 2233 177 2003
f 1080 2230 2232
f 1232 1547 2201
f 1723 1645 285
f 2242 2244 2225
f 821 2039 177
f 2213 2248 2222
f 2067 1186 1241
f 1081 1753 2083
f 362 1009 407
f 765 1930 384
f 2274 1557 1880
f 2160 2210 2261
f 1319 1761 1321
f 894 816 1862
f 1409 1157 1699
f 2090 1234 2275
f 2274 2082 1557
f 2298 1135 2067
f 285 1645 292
f 196 872 1868
f 2262 2119 2213
f 1644 292 1645
f 1205 1980 1448
f 2160 2463 2245
f 1766 1571 1854
f 757 1681 599
f 2283 2280 2034
f 2302 1767 1560
f 525 526 822
f 623 1683 1684
f 2435 2414 2409
f 1012 2291 1554
f 2294 1012 1554
f 223 1769 858
f 1573 1578 2018
f 39 1374 574
f 2024 2303 1801
f 728 1569 1888
f 1578 823 2018
f 13 15 14
f 1084 2154 764
f 2320 2341 2297
f 2337 1235 2338
f 1776 1777 2345
f 898 1801 1777
f 2151 2333 2324
f 1685 12 7
f 2259 2254 2240
f 2350 2141 2308
f 819 2007 818
f 525 2007 819
f 2340 2349 2317
f 2460 737 622
f 2337 2366 2365
f 1310 1397 1680
f 2310 2342 2358
f 1634 1740 1635
f 2159 2386 2492
f 2352 266 1784
f 36 244 1586
f 2004 2094 2379
f 1681 569 1665
f 1058 2372 1064
f 936 737 2460
f 1406 1826 1824
f 1789 1788 1798
f 1796 1790 1789
f 1824 1702 1406
f 2118 2391 2340
f 2068 1129 1849
f 3 746 759
f 1242 2401 1069
f 2160 2496 2498
f 1764 1788 627
f 2340 2391 2405
f 2340 2117 2349
f 310 314 515
f 1674 1300 339
f 1134 1133 1018
f 1157 609 1415
f 1606 269 1275
f 2421 2103 2367
f 2371 2410 2411
f 834 1588 830
f 834 233 1608
f 1609 831 178
f 1903 1021 1606
f 1603 924 2423
f 540 539 1612
f 1773 1608 832
f 1069 1617 726
f 2471 2469 2467
f 2430 2425 2398
f 2397 2398 2425
f 1069 2401 2426
f 438 484 1137
f 2430 2394 2439
f 2062 2493 2063
f 1804 934 927
f 929 1746 1600
f 1164 1399 1561
f 1200 1746 929
f 2493 2062 1981
f 1967 1074 1760
f 1548 1969 539
f 1548 1140 1969
f 733 300 323
f 284 1143 1532
f 1197 587 1763
f 2443 2424 2421
f 1203 2396 2402
f 1246 1203 2402
f 317 1976 1618
f 600 599 597
f 592 1032 538
f 2042 2071 2021
f 1974 1773 1380
f 635 1399 992
f 2436 2457 2116
f 1626 302 1627
f 934 1732 310
f 2460 622 2435
f 1815 2491 2489
f 805 798 936
f 936 798 737
f 1213 50 1042
f 1638 1732 1814
f 2454 2477 734
f 1638 311 1732
f 2428 1252 2443
f 1246 1388 1203
f 1252 2472 2443
f 2114 2477 2454
f 2487 1824 1826
f 1036 1391 1637
f 2470 2471 2465
f 1716 1149 1986
f 839 1815 208
f 208 1815 841
f 841 2489 842
f 1313 2096 1297
f 2096 2482 1252
f 292 1752 1748
f 565 845 1369
f 1036 594 596
f 2469 944 2473
f 1659 1820 1393
f 1231 1289 1292
f 1821 1400 848
f 2268 2247 2203
f 1664 1820 846
f 951 1984 948
f 350 2497 348
f 2499 2495 2100
f 2494 2499 2100
f 1397 1073 939
f 2480 2164 2104
f 2157 2466 750
f 1256 1291 354
f 1622 515 727
f 1149 1721 1986
f 1702 1824 2494
f 1607 1382 1311
f 730 432 24
f 1405 1691 1404
f 1691 2155 1404
f 1911 1986 1639
f 1209 755 791
f 1924 25 951
f 2155 1084 25
f 2155 1691 462
f 537 2477 2114
f 1387 507 1724
f 765 1825 951
f 749 2471 1158
f 1729 1721 1366
f 1827 856 1410
f 1081 2083 2067
f 955 755 1209
f 567 857 621
f 1677 1678 2154
f 626 749 1158
f 1174 856 754
f 859 441 1377
f 567 621 762
f 1628 1830 1163
f 1201 1379 806
f 394 571 395
f 1833 1835 1834
f 41 1686 1835
f 2052 2079 1957
f 2080 1957 2079
f 1832 1487 1852
f 1407 1487 1832
f 1832 1050 1407
f 1668 1050 1832
f 1042 1433 480
f 1213 1042 480
f 1160 55 481
f 983 1399 1164
f 1224 1487 1407
f 1346 882 1495
f 768 783 1224
f 2451 1636 2416
f 1009 362 387
f 783 150 109
f 276 84 914
f 501 56 870
f 1139 622 935
f 2435 622 1139
f 320 964 1206
f 1444 1445 552
f 972 941 1938
f 1620 731 1755
f 873 1441 1206
f 1693 487 72
f 1852 1487 1346
f 1768 709 966
f 1768 1696 1697
f 1845 1455 88
f 2446 1973 2434
f 1457 2209 2212
f 1166 90 543
f 418 419 725
f 843 102 26
f 1620 1755 1971
f 330 28 1030
f 1473 2057 1853
f 1657 1401 1827
f 1978 1800 2406
f 1839 480 722
f 1497 1108 885
f 2433 2351 2033
f 1217 2433 2033
f 659 1942 652
f 1385 566 1692
f 1859 2099 967
f 1481 1480 979
f 1839 47 480
f 168 2063 2493
f 168 2493 1396
f 1993 1221 1218
f 1475 127 668
f 1474 127 1475
f 1123 1109 1221
f 2392 2399 2444
f 1494 1918 655
f 372 284 2019
f 1900 284 1706
f 2421 2424 2410
f 670 2404 671
f 2347 2404 670
f 1140 2117 1969
f 1658 1660 1659
f 1310 1382 1397
f 895 1110 2343
f 674 1863 2370
f 1283 2100 1913
f 1913 2100 2490
f 1773 1071 1901
f 1773 1974 1608
f 1747 2070 356
f 1920 2214 884
f 2414 1139 540
f 1660 1981 2062
f 1927 1865 1928
f 2269 891 1719
f 2301 2134 633
f 2064 1395 1694
f 2423 1606 1603
f 1394 1496 1713
f 2407 2429 2403
f 600 597 944
f 616 546 545
f 800 2217 1865
f 1786 254 36
f 2352 1610 266
f 1956 800 1865
f 1747 179 2070
f 357 266 1610
f 160 1908 152
f 152 1908 937
f 1960 254 1786
f 2177 2218 2129
f 1913 2490 1815
f 2085 2185 2176
f 800 1956 1383
f 2173 2181 1423
f 2172 1705 1917
f 841 1815 2489
f 2194 1899 2175
f 800 1179 2217
f 2385 2418 2358
f 546 901 808
f 1347 2092 2131
f 1347 2131 1350
f 1985 2161 2167
f 2168 2131 2092
f 1612 2405 2391
f 2185 2226 2105
f 1508 691 1504
f 2061 2166 1228
f 2186 1091 2191
f 2198 2176 2208
f 1117 696 697
f 261 2042 2401
f 1069 1592 1242
f 1227 1118 1117
f 1340 1199 1737
f 2410 2371 2102
f 230 122 1236
f 253 1236 122
f 1737 536 1340
f 2221 2029 1061
f 2144 1061 2029
f 1276 2186 2091
f 1303 1308 536
f 1795 1888 1600
f 1660 2062 846
f 552 295 98
f 1002 902 1118
f 1253 1298 1311
f 940 1336 1716
f 940 1716 1911
f 2228 1547 1003
f 523 1301 1549
f 1551 1000 816
f 2384 1797 2380
f 1495 1431 1953
f 1754 905 999
f 1434 1323 1325
f 1004 1120 717
f 1910 318 2047
f 177 2233 821
f 1538 912 1565
f 1183 1230 908
f 1872 1318 1750
f 2231 1881 2232
f 1558 1762 1557
f 576 386 575
f 1538 1187 912
f 1187 711 998
f 1869 817 1122
f 2272 2101 2273
f 2255 2246 2271
f 2090 2250 1120
f 1554 1080 1881
f 1122 817 2108
f 798 805 589
f 805 1343 589
f 2278 2010 2009
f 2287 2257 2247
f 1557 1762 1082
f 1962 2094 2004
f 1640 1883 1005
f 2268 2234 2248
f 2108 2034 1122
f 790 329 1653
f 1136 1068 2294
f 2298 1823 1135
f 2462 2473 2461
f 2307 2287 2268
f 1068 1135 1823
f 2034 864 2283
f 2477 1073 734
f 1013 2013 2041
f 1013 868 510
f 1059 1064 1784
f 2353 2307 2332
f 719 1128 221
f 1105 1887 919
f 709 710 436
f 2316 2312 2276
f 2034 920 1574
f 1552 2024 1189
f 2141 2150 2331
f 2018 823 2309
f 2316 2310 2335
f 1767 2302 52
f 1581 1844 1339
f 2341 2330 2297
f 2356 2325 2330
f 278 1929 285
f 1582 1194 1774
f 2118 2340 2319
f 1795 728 1888
f 1238 2296 1841
f 2365 1590 2368
f 2361 2384 2345
f 2292 1202 2285
f 1852 1953 2006
f 2377 2380 1797
f 2320 2103 2341
f 824 825 1006
f 1932 1953 1598
f 1281 1896 420
f 1932 2055 1953
f 2113 2111 2387
f 2362 2369 2403
f 924 1603 1897
f 2296 2344 2258
f 2410 2103 2421
f 1781 2017 1799
f 2397 2418 2385
f 66 65 436
f 2308 2141 2275
f 1828 1767 52
f 232 54 428
f 2427 1898 1791
f 2017 2417 1785
f 926 1708 452
f 1782 926 452
f 2336 2151 2312
f 833 2070 179
f 1610 2352 2416
f 738 2457 2456
f 1612 1969 2405
f 268 1615 1781
f 926 1707 1708
f 333 300 986
f 2416 2403 2429
f 822 1604 1319
f 1652 1624 1738
f 2412 734 2110
f 1902 1074 1967
f 290 930 835
f 2024 1552 430
f 1903 1810 1902
f 1810 1903 1619
f 1708 1971 1615
f 1555 1654 1811
f 1531 1608 1974
f 2434 1625 1652
f 397 514 933
f 296 1630 2446
f 2416 1636 2153
f 1907 1813 289
f 1732 1381 310
f 2438 2114 2431
f 1297 2428 2296
f 622 2456 1548
f 622 737 2456
f 2470 2439 2396
f 1145 1201 1730
f 2467 2425 2465
f 2104 2424 2480
f 2253 2314 2310
f 507 744 1639
f 940 259 1148
f 538 939 537
f 1780 2303 2254
f 1605 1629 1817
f 915 1959 1127
f 598 942 1389
f 496 942 588
f 2431 2450 2422
f 1716 1336 1653
f 2439 2465 2430
f 2450 2454 2412
f 2006 2050 1958
f 2489 2491 2486
f 336 1368 2049
f 596 567 566
f 1155 849 947
f 947 1923 1922
f 864 2014 2283
f 2313 2014 1105
f 2022 1885 2067
f 341 1667 12
f 2480 2482 2164
f 950 951 1825
f 1924 951 948
f 2306 2319 2262
f 1678 608 61
f 61 609 1678
f 61 1415 609
f 866 1125 1770
f 1254 1428 953
f 402 953 954
f 1286 954 1285
f 954 360 1285
f 850 399 412
f 1377 1676 403
f 1432 1931 1628
f 1640 1005 1886
f 443 550 701
f 1377 1427 1374
f 1377 1294 1427
f 2283 2313 2278
f 2313 919 2278
f 2442 2451 2429
f 621 2055 958
f 1844 1856 1006
f 626 1089 632
f 296 2446 401
f 297 291 405
f 1808 1925 2044
f 1359 1090 767
f 1431 1432 1598
f 1832 1852 1867
f 143 879 488
f 2425 2152 2397
f 1808 1424 1812
f 1339 1073 1382
f 2275 2140 2250
f 1434 994 1359
f 1431 1495 882
f 882 1316 1431
f 1088 1222 422
f 1050 768 1224
f 344 649 132
f 23 126 132
f 172 22 45
f 949 962 301
f 1136 1135 1068
f 1267 876 442
f 320 1192 966
f 876 100 442
f 873 1206 964
f 2039 821 889
f 487 1693 771
f 1787 1938 941
f 2440 2442 2389
f 2442 2407 2389
f 1787 914 1507
f 2259 1080 2277
f 831 1200 375
f 1697 710 1768
f 445 1457 1449
f 1455 974 780
f 1682 985 1972
f 693 1098 85
f 2256 2279 1543
f 1847 1469 1519
f 96 1523 1358
f 2266 2255 2272
f 1349 371 1469
f 1843 371 1102
f 1843 1102 370
f 974 1701 780
f 2243 1758 1562
f 1949 1939 1502
f 2033 2351 1507
f 1941 2453 1944
f 1671 1499 684
f 688 2479 1472
f 1472 1104 1943
f 1862 1539 905
f 2278 2009 2005
f 660 2481 1859
f 2145 2242 2253
f 2488 659 1132
f 2481 660 1655
f 1498 2406 1454
f 1062 2266 2249
f 2449 2476 2475
f 2419 2395 984
f 2318 2419 984
f 1005 716 2263
f 1046 1511 1465
f 671 2404 2448
f 2437 2400 1121
f 1121 667 2437
f 667 1121 793
f 1542 1005 1876
f 525 1320 910
f 2360 2363 2137
f 1493 2172 1494
f 1954 2189 1493
f 1948 1947 1498
f 1447 2400 2399
f 1494 1917 1918
f 1494 2172 1917
f 1491 1947 1948
f 1715 1464 1356
f 2378 2323 2392
f 1870 1122 2251
f 1452 2311 2224
f 884 2214 2295
f 2250 2236 1120
f 631 1052 1053
f 1112 145 797
f 299 1197 1763
f 1245 670 989
f 1061 1880 2221
f 1713 1496 1714
f 2219 2136 2135
f 672 270 799
f 1865 2217 1114
f 576 1374 1427
f 923 1245 989
f 923 989 900
f 923 1223 1245
f 2286 2282 2146
f 2177 2129 2194
f 679 640 901
f 901 546 679
f 2194 2016 1899
f 1779 1919 2135
f 2175 1347 2177
f 1540 2027 1536
f 1615 1611 1708
f 1278 1540 1536
f 1726 1394 1997
f 1056 1223 923
f 1920 2183 2226
f 1920 1705 2183
f 1307 1303 536
f 2423 1898 2427
f 2173 2171 2181
f 2175 1899 2092
f 2027 1741 1536
f 707 2225 694
f 2431 2383 2390
f 1241 1504 2223
f 808 698 699
f 2183 2105 2226
f 702 804 809
f 2116 2390 2382
f 1228 997 1516
f 1873 2243 2182
f 2027 2127 2207
f 1308 1516 1521
f 2124 2203 2123
f 903 694 696
f 696 815 903
f 1641 2154 956
f 1060 1733 122
f 1733 1060 1734
f 458 1734 1060
f 1525 2000 1529
f 1741 2036 1522
f 2240 2201 2105
f 2105 2232 2230
f 2228 2038 2198
f 2142 2192 695
f 2197 2029 1534
f 1525 1742 1277
f 2038 2228 1870
f 707 2236 2225
f 193 998 713
f 2211 2193 2202
f 1230 1877 1119
f 1307 1544 1545
f 1120 707 717
f 2281 2250 2140
f 517 1872 1749
f 1871 1002 715
f 2126 1099 2169
f 575 1374 576
f 2126 2169 2195
f 452 1708 1282
f 1282 1708 1611
f 1880 2192 2146
f 1183 2249 1877
f 274 799 925
f 1522 1520 1875
f 2009 2264 716
f 2066 1883 1187
f 2258 2246 908
f 2090 1120 1004
f 702 904 563
f 2066 1187 193
f 716 2264 2263
f 2256 1543 2229
f 1765 1758 1756
f 2146 2282 2274
f 2271 2272 2255
f 2165 2184 2193
f 2408 1785 2417
f 143 1559 2012
f 2296 2258 908
f 2010 919 1887
f 1552 2060 2065
f 2305 1886 1005
f 2012 223 217
f 2286 2324 2282
f 74 222 2015
f 1127 1959 1567
f 525 2285 1322
f 2307 2299 2287
f 1736 1728 1727
f 1580 1124 1613
f 2257 2121 2241
f 224 2338 1235
f 2319 2306 2118
f 979 782 127
f 2331 2149 2314
f 2339 2338 1577
f 2328 2258 2344
f 2342 2314 2149
f 358 359 678
f 2174 1181 996
f 2123 2174 996
f 1375 30 746
f 1212 1789 246
f 1129 246 1789
f 746 1378 1375
f 243 2015 258
f 2338 2339 2380
f 2331 2150 2149
f 1590 2365 1916
f 1786 1962 2004
f 2 1242 662
f 724 1590 1916
f 627 1788 1193
f 1587 1807 1809
f 2367 2103 2320
f 1351 575 386
f 532 675 355
f 2154 1641 1008
f 1510 1233 2144
f 2362 2416 2352
f 1275 269 1602
f 1115 997 1056
f 1055 997 1115
f 2371 2411 2356
f 2412 2111 2113
f 2405 2117 2340
f 2389 2407 2375
f 1967 484 269
f 1021 1967 269
f 2042 2426 2401
f 1606 1021 269
f 2408 2417 2427
f 286 2017 1781
f 1297 1238 1194
f 825 1020 1339
f 438 1137 1760
f 1967 1760 1137
f 1612 539 1969
f 165 1383 159
f 2113 2422 2450
f 1654 286 1970
f 1971 1755 1615
f 1897 1281 420
f 1885 2022 1220
f 2104 2413 2411
f 1313 1253 1312
f 2436 1140 2456
f 1625 2434 1973
f 2440 2461 2442
f 1548 2456 1140
f 2200 2123 996
f 273 34 513
f 605 2292 2025
f 2456 2457 2436
f 2425 2467 2152
f 1630 1379 1201
f 2440 2462 2461
f 1347 2218 2177
f 1203 2470 2396
f 308 1145 1366
f 2428 2443 2420
f 1560 2288 2302
f 2081 2084 857
f 857 2084 621
f 986 1735 1646
f 1729 1366 1730
f 2471 2470 1158
f 578 1602 585
f 1343 805 1342
f 2441 1623 1740
f 745 327 312
f 2394 2398 2150
f 940 1148 1336
f 216 1648 1148
f 2483 565 2485
f 2483 1205 1818
f 565 2483 845
f 2489 1150 842
f 538 1032 939
f 1032 603 939
f 668 287 897
f 2224 1727 161
f 2147 2397 2385
f 1448 1392 1818
f 1726 2224 1717
f 2104 2025 2413
f 1694 324 606
f 1694 1205 2064
f 691 1509 2189
f 2469 600 944
f 2124 2200 2095
f 1205 1694 1980
f 2493 1982 2076
f 16 1803 262
f 1289 1231 2076
f 58 1699 61
f 2260 2133 2300
f 1409 1367 1368
f 1890 1033 1914
f 1841 1550 1774
f 153 2120 2095
f 2130 2129 2260
f 330 441 28
f 2396 2350 2402
f 570 620 617
f 2141 2394 2150
f 2134 2300 2133
f 2265 857 750
f 2466 2265 750
f 1158 1203 1912
f 786 667 665
f 2383 2387 2334
f 1669 1672 1926
f 2388 2078 2159
f 1788 960 1193
f 1089 1158 1912
f 1995 2323 2300
f 827 658 1590
f 2210 2043 2080
f 2053 2043 2210
f 1928 504 1927
f 2109 2112 2110
f 1466 1928 1114
f 2318 2267 2419
f 1715 1440 616
f 1440 896 616
f 1429 1359 1430
f 2376 2381 2348
f 628 958 863
f 1925 2072 2044
f 1488 2323 1995
f 1957 2043 1822
f 2354 2334 2387
f 1812 2043 2053
f 2363 2130 2378
f 1438 2037 1861
f 635 865 1399
f 2360 2138 2346
f 1164 1793 1435
f 2335 2389 2375
f 1812 1633 1822
f 1633 1812 1424
f 661 660 656
f 783 882 1346
f 1220 151 1569
f 768 150 783
f 2342 2149 2147
f 1476 1711 274
f 172 706 345
f 706 426 345
f 11 276 56
f 949 771 962
f 66 873 59
f 1719 2395 2419
f 1535 1360 76
f 119 113 374
f 1095 479 1935
f 1008 764 2154
f 1454 1948 1498
f 1469 371 1519
f 1519 371 1843
f 1843 370 1460
f 374 653 119
f 1857 1462 2212
f 1991 1462 1857
f 2137 2459 2139
f 1216 1991 688
f 2415 688 1991
f 1104 2479 358
f 1104 1472 2479
f 1218 651 1473
f 1669 619 754
f 2349 2382 2332
f 2464 2432 1787
f 669 2464 2357
f 967 1478 1477
f 1934 1940 1478
f 885 963 369
f 2372 2093 1977
f 1493 1494 1858
f 1130 663 1348
f 1202 1322 2285
f 2432 1863 1945
f 2475 2448 2449
f 1219 134 1501
f 2004 2379 2322
f 1217 2284 2433
f 2295 984 884
f 1440 1715 1353
f 1485 504 491
f 2474 1499 2478
f 2370 1863 2432
f 2323 1488 2392
f 978 368 111
f 670 671 369
f 1447 1446 1995
f 2032 1859 967
f 2341 2371 2330
f 2360 2136 2290
f 988 2224 161
f 1859 2032 886
f 899 1438 990
f 677 298 1420
f 2284 1423 1718
f 2189 2172 1493
f 1669 754 1672
f 899 1865 1927
f 590 633 2134
f 590 995 633
f 683 1364 631
f 2157 750 594
f 1719 1054 2269
f 2218 2260 2129
f 679 546 616
f 881 117 1500
f 785 1138 474
f 1705 1920 1918
f 1917 1705 1918
f 108 978 111
f 2177 2194 2175
f 693 1141 117
f 2112 2109 2279
f 856 1672 754
f 682 1500 117
f 583 2217 1179
f 545 1178 544
f 2173 2187 2176
f 99 1142 1138
f 652 1942 108
f 804 995 809
f 2132 891 1214
f 808 699 1178
f 108 104 652
f 1506 1515 1513
f 1502 2209 1949
f 997 1228 1056
f 2352 2329 2326
f 1179 1057 583
f 2265 2081 857
f 89 88 411
f 2045 87 1701
f 1229 2166 2061
f 2166 1229 2184
f 2045 779 1095
f 2337 2327 1886
f 2028 87 2045
f 380 493 463
f 2196 2193 2184
f 1095 471 1850
f 699 536 1737
f 2231 2206 2183
f 1705 2231 2183
f 1490 925 1753
f 2045 1095 1935
f 2046 1695 470
f 2315 2354 2112
f 2143 695 810
f 2091 2106 187
f 2122 2220 2174
f 1280 1522 1526
f 694 2225 2143
f 2027 2207 2211
f 2120 2213 2180
f 192 712 2091
f 187 192 2091
f 176 1743 1744
f 774 75 1151
f 1486 873 66
f 2199 2235 2120
f 1547 2228 2208
f 187 2227 716
f 2038 2227 2171
f 2182 2239 2199
f 1360 1535 968
f 1868 1756 342
f 775 966 1192
f 2225 2244 2142
f 2222 2248 2234
f 1081 2067 2223
f 1546 1185 1754
f 1188 1479 969
f 1479 1344 505
f 1362 1439 921
f 1183 1062 2249
f 969 1479 505
f 2270 2146 2142
f 1241 1186 2231
f 1068 1012 2294
f 2204 2257 2241
f 1881 2231 1186
f 407 103 362
f 1082 2008 1557
f 407 45 103
f 2250 2253 2236
f 2090 1004 1225
f 1759 2089 202
f 2255 2266 1062
f 2213 2119 2248
f 1551 816 894
f 2229 2121 2256
f 905 1185 1882
f 2280 2283 1122
f 1122 2283 2251
f 2276 2270 2244
f 2083 2022 2067
f 1559 905 1882
f 889 210 2039
f 1577 2338 224
f 2040 1005 2263
f 209 219 151
f 2146 2270 2286
f 2253 2250 2281
f 2272 2271 2297
f 379 378 650
f 650 551 379
f 1399 983 992
f 1005 2040 2305
f 2012 1559 1769
f 1424 1106 1065
f 872 1562 1765
f 1770 1566 912
f 1884 1563 1567
f 1234 2308 2275
f 1234 1854 721
f 2239 2306 2262
f 1769 223 2012
f 2112 2256 2315
f 382 379 551
f 617 618 1371
f 2119 2317 2248
f 2013 1778 1837
f 2326 2282 2333
f 634 635 1288
f 634 1288 1009
f 634 1009 1808
f 2342 2310 2314
f 1580 1039 1578
f 1778 1893 1837
f 1780 2004 2322
f 443 406 383
f 1370 604 1371
f 1433 1042 1160
f 1322 526 525
f 1879 1668 1867
f 2334 2354 2315
f 2289 1780 2254
f 2310 2358 2335
f 2368 1131 1778
f 2369 2333 2151
f 2365 2368 2327
f 222 218 2015
f 551 383 382
f 1330 1930 765
f 765 25 1330
f 1495 1953 1852
f 2286 2151 2324
f 1129 2068 423
f 2384 2380 2339
f 2151 2375 2369
f 2373 2367 2328
f 1797 2393 2377
f 434 491 490
f 179 723 267
f 2376 2409 2381
f 2150 2398 2147
f 2412 2110 2111
f 2017 1785 1797
f 1964 1782 1599
f 1317 1207 1172
f 2414 540 2391
f 540 1612 2391
f 2420 2421 2367
f 1738 1849 1796
f 2416 2362 2403
f 275 1197 511
f 2409 2414 2381
f 2053 1925 1812
f 1222 1931 1432
f 199 835 282
f 2418 2397 2152
f 2297 2271 2320
f 2431 2422 2383
f 2429 2407 2442
f 2434 2115 401
f 1025 1196 1045
f 1140 2436 2117
f 2312 2151 2286
f 2427 2069 2423
f 1748 1902 1810
f 932 514 400
f 2081 2052 2050
f 2454 734 2412
f 1524 1616 375
f 2446 2455 1973
f 2268 2248 2317
f 1793 620 1210
f 1297 1194 1253
f 340 2494 2100
f 1906 1632 1905
f 2462 2440 2152
f 2457 2114 2438
f 37 51 764
f 764 51 1426
f 307 1735 300
f 1854 1571 721
f 302 1248 1076
f 737 591 738
f 1385 1342 1637
f 1572 1766 1319
f 1841 2296 908
f 311 1638 586
f 1387 1725 1384
f 2116 2457 2438
f 1563 2041 2013
f 1150 2484 594
f 316 1150 1036
f 1036 1150 594
f 2145 2316 2276
f 745 586 2049
f 225 322 415
f 1649 2483 2485
f 1253 1313 1297
f 620 570 1210
f 491 504 490
f 1335 1648 1333
f 1337 1653 1336
f 1084 1331 25
f 375 1622 582
f 594 567 596
f 2156 2486 2491
f 62 81 63
f 594 750 567
f 1283 2497 1284
f 2158 2159 2078
f 1678 1677 854
f 2495 2490 2100
f 592 528 1032
f 1687 608 27
f 151 219 1888
f 2025 2104 2164
f 2157 2496 2466
f 2498 2463 2160
f 2210 2080 2261
f 1410 1657 1827
f 1089 626 1158
f 1034 1965 1274
f 1371 618 625
f 1371 625 1161
f 1923 25 1924
f 2155 25 1923
f 519 850 1287
f 2155 462 1677
f 1699 1367 1409
f 2075 751 1161
f 1328 1680 528
f 2075 1826 751
f 7 58 1170
f 462 1263 1677
f 1689 1677 1263
f 1689 854 1677
f 1313 1317 1643
f 859 28 441
f 1317 1313 1315
f 1489 641 1438
f 641 298 677
f 761 1411 527
f 527 1328 761
f 297 293 417
f 1826 2388 2159
f 639 145 1293
f 1418 1966 376
f 1084 764 377
f 2303 2024 1553
f 1677 2154 2155
f 2388 2098 2078
f 2075 2098 2388
f 2158 2097 2245
f 1261 2164 1270
f 628 1411 762
f 2463 2386 2245
f 365 1656 1086
f 617 865 618
f 2386 2159 2158
f 2072 2053 2210
f 865 766 618
f 620 865 617
f 2050 2006 2055
f 620 1793 865
f 1279 1965 413
f 958 2055 1932
f 1957 1879 2052
f 1965 461 1156
f 766 635 634
f 2280 1122 2034
f 393 1001 1373
f 758 1428 1254
f 55 729 481
f 1399 865 1561
f 432 1001 393
f 1402 569 604
f 1808 1009 1424
f 1424 1009 1106
f 1407 1050 1224
f 2487 2159 2495
f 994 991 426
f 919 2010 2278
f 761 1692 1411
f 109 29 23
f 150 29 109
f 103 29 150
f 29 103 45
f 334 295 918
f 56 941 916
f 2495 2159 2492
f 1362 921 1206
f 730 388 630
f 470 1695 871
f 605 2025 1261
f 714 1461 775
f 611 1951 547
f 1938 1800 972
f 1404 2155 1923
f 2132 1214 1273
f 749 2469 2471
f 1955 1514 468
f 388 386 630
f 528 592 761
f 1770 912 1187
f 1098 456 1398
f 471 1095 779
f 349 1676 1456
f 1469 1847 2057
f 748 1657 1410
f 779 1949 1269
f 2359 2033 643
f 1102 1497 370
f 891 2132 2395
f 1234 1237 2308
f 1938 1945 1492
f 1710 2452 2359
f 1891 437 1437
f 1503 116 2031
f 1503 2031 1477
f 1231 1291 1256
f 2479 1666 358
f 358 1666 475
f 1497 1356 1108
f 2488 1130 532
f 1130 887 532
f 2139 2474 2478
f 1108 963 885
f 2458 1132 2474
f 967 2099 664
f 1860 664 2099
f 2498 2496 2156
f 2459 2474 2139
f 1356 1353 1715
f 2122 2241 2121
f 2447 2137 2378
f 793 961 667
f 510 2013 1013
f 1683 624 1
f 1121 1110 793
f 2355 1121 2400
f 2346 2404 2347
f 905 1559 1862
f 2264 2009 2010
f 633 1053 895
f 2264 2040 2263
f 2419 2267 1719
f 894 197 149
f 2290 2304 2360
f 639 1293 1173
f 2490 2495 2491
f 1717 2224 2311
f 2490 2491 1815
f 679 896 640
f 846 2062 1821
f 2273 819 818
f 631 995 802
f 1113 900 989
f 1664 1821 1393
f 993 1419 237
f 1245 1223 2237
f 2267 2085 1719
f 2218 2133 2260
f 1402 1390 1665
f 1420 636 158
f 2283 2252 2251
f 1418 33 1211
f 2215 2216 2162
f 2106 2216 2181
f 482 614 376
f 1383 1956 159
f 1726 1727 2224
f 845 2483 1818
f 1350 1533 2170
f 1533 2148 2170
f 2482 2480 2472
f 1150 2489 2486
f 162 1873 2182
f 1226 1591 237
f 1057 1226 1419
f 1651 1205 2483
f 1651 2483 1649
f 1649 2485 1648
f 699 1737 1178
f 2169 1350 2131
f 2047 938 1910
f 2171 2173 2198
f 1082 1762 1546
f 2165 2193 2128
f 1099 907 809
f 1229 2196 2184
f 798 589 591
f 1520 2196 1229
f 2473 2468 2461
f 1305 1306 1518
f 610 1038 612
f 1149 308 1721
f 1650 1634 1079
f 2174 2220 1101
f 536 699 698
f 1091 2186 1276
f 2206 2105 2183
f 1741 2211 2036
f 2480 2424 2472
f 1530 2191 1091
f 2029 2221 1534
f 738 837 537
f 1280 1526 1277
f 591 837 738
f 703 1751 904
f 2124 2234 2203
f 1758 705 1756
f 2141 2314 2281
f 1118 715 1002
f 2254 1553 1232
f 517 518 906
f 2038 1870 2005
f 1003 1870 2228
f 1241 2223 2067
f 1542 716 1005
f 2038 2005 2009
f 2242 2236 2253
f 2203 2247 2204
f 2435 1627 2460
f 2243 2239 2182
f 1248 1342 1076
f 1880 1557 2221
f 2146 2192 2142
f 936 1076 805
f 2244 2270 2142
f 2239 2262 2235
f 2247 2257 2204
f 2244 2242 2276
f 1582 1549 1556
f 1582 1774 1549
f 2145 2276 2242
f 212 210 889
f 1553 2024 430
f 1748 1631 294
f 1556 1856 1844
f 1762 1558 2082
f 1762 2082 2288
f 2008 2221 1557
f 2268 2287 2247
f 1562 2309 2243
f 1640 1770 1883
f 737 738 2456
f 2256 2112 2279
f 1884 1567 1959
f 1547 1232 164
f 2441 1740 1814
f 2305 1235 1886
f 2329 2302 2288
f 2082 2329 2288
f 314 727 515
f 177 2039 909
f 2317 2332 2307
f 862 1128 217
f 858 1769 236
f 515 514 310
f 1643 2164 2482
f 2362 2352 2326
f 483 482 1274
f 2096 1643 2482
f 2335 2375 2336
f 2342 2385 2358
f 2377 1916 2365
f 1058 1747 2372
f 1610 2153 564
f 2077 1896 2377
f 2379 1599 2361
f 2381 2391 2118
f 1811 1907 1906
f 1811 1906 2069
f 2069 1810 1619
f 1594 585 1602
f 1602 578 1275
f 179 1747 1058
f 2364 2396 2394
f 2293 2356 2413
f 1139 935 539
f 2411 2413 2356
f 179 267 833
f 2153 1610 2416
f 1706 926 1782
f 1967 1137 484
f 605 1202 2292
f 2396 2439 2394
f 286 1781 1615
f 2227 2038 2009
f 2009 716 2227
f 2441 1804 356
f 2070 2441 356
f 400 927 934
f 2423 2069 1619
f 932 400 934
f 2435 1139 2414
f 2451 2416 2429
f 1811 1654 1813
f 1002 717 902
f 1531 1190 732
f 2423 1903 1606
f 1902 1967 1021
f 302 936 1627
f 1627 936 2460
f 1635 1740 1623
f 1694 1022 1980
f 1076 936 302
f 1555 2417 2017
f 1011 1574 920
f 281 280 392
f 1069 2426 1617
f 1076 1342 805
f 2116 2438 2390
f 2469 2462 2152
f 2467 2469 2152
f 1911 1716 1986
f 2473 2462 2469
f 1720 1149 329
f 1036 596 1391
f 745 1368 327
f 1204 595 312
f 353 929 1794
f 1746 831 1609
f 1072 1914 602
f 1152 1712 1337
f 1334 2485 565
f 565 2048 1152
f 589 1153 592
f 2049 586 336
f 1203 1388 1912
f 1791 2408 2427
f 946 231 2051
f 1712 790 1653
f 601 1072 602
f 2403 2375 2407
f 1661 1983 1984
f 2493 1984 950
f 2093 353 1794
f 1698 1155 71
f 849 1155 1698
f 101 562 439
f 951 950 1984
f 1772 853 1570
f 948 1922 1923
f 2386 2498 2492
f 1826 2159 2487
f 1611 268 1282
f 2466 2160 2261
f 19 399 1437
f 1437 399 850
f 1797 1799 2017
f 2141 2331 2314
f 1258 1915 1709
f 2127 2027 1182
f 1159 1670 1370
f 188 1754 2188
f 1912 1614 1089
f 2261 2079 2265
f 2079 2081 2265
f 626 1090 749
f 1292 1290 1294
f 1295 1679 433
f 2261 2080 2079
f 1834 1656 365
f 1656 33 1418
f 1656 1834 33
f 2078 2044 2097
f 2000 1304 1537
f 2006 1953 2055
f 958 1932 863
f 863 1932 1598
f 2171 2227 2107
f 2379 2094 1599
f 2385 2342 2147
f 2393 725 420
f 2350 1237 2402
f 983 172 992
f 783 109 882
f 991 345 426
f 637 345 991
f 150 387 103
f 2299 2315 2257
f 1188 969 968
f 1360 968 969
f 773 1360 718
f 1360 773 1151
f 1461 1768 775
f 1768 1461 1696
f 647 72 1990
f 1535 1357 1358
f 1950 644 1697
f 1807 1242 1592
f 1462 1951 1457
f 2211 2207 2193
f 466 1098 464
f 92 1168 114
f 1700 655 1260
f 2406 1704 987
f 987 1978 2406
f 676 2395 2132
f 359 1049 1511
f 656 359 1511
f 1169 661 656
f 1169 1855 661
f 1499 1671 2478
f 157 2035 177
f 1104 1859 1943
f 1859 886 1943
f 888 981 1103
f 2238 984 676
f 1132 1500 1499
f 2321 1217 2359
f 2452 2321 2359
f 1482 473 888
f 2362 2333 2369
f 1520 2036 2202
f 135 792 343
f 792 129 343
f 792 135 1126
f 2137 2447 2459
f 2269 2321 2452
f 2399 2445 2444
f 2445 2399 2400
f 331 504 1485
f 1490 1954 1476
f 2340 2317 2119
f 2295 2214 2318
f 1181 1101 808
f 892 2095 666
f 2355 2374 1121
f 1464 1355 1108
f 1108 1355 1113
f 1447 1995 2355
f 685 697 696
f 2136 2360 2346
f 1110 2374 1171
f 258 2015 40
f 587 277 1386
f 2269 1054 1866
f 2345 2384 2339
f 2136 2346 2237
f 1954 1490 691
f 639 796 797
f 2328 2367 2320
f 2300 2134 2301
f 1420 1363 636
f 166 2029 2197
f 581 319 1386
f 942 272 271
f 1383 1528 800
f 2188 800 1528
f 1423 1421 2187
f 900 1113 1240
f 1994 2068 823
f 1717 1496 1726
f 1063 1819 823
f 1419 1864 583
f 2200 996 640
f 2350 2364 2141
f 2219 2135 1919
f 158 156 677
f 2327 2368 1778
f 2205 2170 2148
f 1212 245 1039
f 1212 1039 1017
f 2308 1237 2350
f 636 685 680
f 683 739 1364
f 2309 2348 2306
f 809 590 2148
f 2335 2312 2316
f 2172 2189 1509
f 1240 1266 1055
f 2335 2336 2312
f 897 154 167
f 1512 1734 1997
f 2322 1777 1801
f 997 1055 1266
f 2168 2167 2161
