# https://github.com/mikedh/trimesh
v 0.16217700 -0.41965851 0.26630899
v -0.19873863 -0.22801855 0.19707379
v 0.16594918 -0.42621061 0.25089511
v -0.26714212 -0.37155488 -0.19721213
v 0.00534400 -0.05547700 0.15310100
v 0.16347182 -0.42665976 0.26041180
v 0.16050294 -0.42454153 0.24888085
v 0.00252650 -0.05604000 0.16678800
v 0.17389050 -0.42549613 0.26564887
v 0.17487763 -0.42837724 0.25217950
v -0.25353631 -0.40624237 -0.22443238
v -0.25754926 -0.38909075 -0.19779725
v 0.00893425 -0.05653250 0.16423050
v -0.25720564 -0.40947562 -0.22319475
v -0.27962655 -0.41189349 -0.22007032
v 0.17245437 -0.33179349 -0.23309568
v -0.28339899 -0.41035399 -0.21805800
v -0.27686164 -0.41280305 -0.21029812
v -0.26540276 -0.40952238 -0.20940968
v -0.27652237 -0.40854400 -0.19996525
v 0.00892250 -0.05430350 0.15566750
v -0.24089925 -0.30387175 0.22806226
v -0.24423254 -0.37873426 0.19646633
v 0.17824900 -0.42686301 0.23626851
v -0.15051618 0.19229919 -0.26441252
v 0.09927862 0.21037225 -0.23136750
v -0.17596950 -0.06447200 -0.12498450
v -0.19832741 -0.01566194 -0.06202191
v 0.18267937 -0.42908970 0.25847182
v -0.18236265 -0.13646644 -0.23060942
v -0.17634974 -0.05404000 -0.13246650
v -0.17615657 -0.06725232 -0.14548512
v 0.13717350 0.16080999 -0.23123582
v 0.17512347 -0.30365586 -0.23108950
v -0.17781974 -0.09660750 -0.23068838
v -0.23260431 0.37710449 -0.23124738
v -0.23978791 0.38042679 -0.21749026
v -0.22679335 0.34879705 -0.23416230
v -0.28262001 -0.41324288 0.22029138
v -0.19736838 -0.01495330 -0.11503831
v 0.00367809 -0.01857966 0.17309381
v -0.25643212 0.36041480 -0.23531631
v -0.17743613 -0.06818250 -0.19969074
v 0.16036212 -0.42336187 0.23900050
v -0.17240193 -0.01685450 -0.09038944
v -0.17448083 -0.01666477 -0.05586616
v 0.16431475 -0.41957963 0.24195850
v -0.22949691 0.34817716 -0.20181972
v -0.22943451 0.34009749 -0.20516750
v -0.22079831 0.32260007 -0.23428921
v -0.21617228 0.30430898 -0.23449653
v 0.18569538 0.05261581 -0.23066702
v -0.06828050 0.19369200 -0.23480050
v -0.20976000 0.28095600 -0.23505551
v -0.21270697 0.29015580 -0.23511393
v -0.22544338 0.30201855 -0.20862210
v -0.24247834 0.30066326 -0.23454140
v -0.17881937 -0.04061487 -0.18042725
v -0.17632425 -0.04302537 -0.17121463
v -0.23702663 0.29404989 -0.20368876
v -0.10190886 -0.06744767 -0.14584740
v -0.21405201 0.28032261 -0.20173663
v -0.15279634 -0.01956725 -0.11734284
v -0.21223044 0.26974744 -0.20352809
v -0.21532799 0.28387111 -0.20336187
v -0.19486406 -0.04341017 -0.23180813
v -0.19172426 -0.04589994 -0.22725263
v -0.19587287 -0.01196575 -0.16630863
v -0.14003292 -0.01914798 -0.12878986
v 0.18481788 -0.42952663 0.24226774
v 0.20898041 -0.00340775 -0.22861053
v 0.20977113 -0.07146637 0.23502050
v -0.17582287 -0.01901288 -0.17115000
v -0.18118925 -0.04165775 -0.22763450
v 0.19355038 -0.04477362 0.26232851
v 0.16917913 -0.41793832 0.24549407
v 0.21030763 -0.01791744 -0.22123842
v 0.17604400 -0.42370951 0.24496850
v 0.17505126 -0.27333263 -0.23190588
v 0.16033512 -0.41786426 0.23970875
v -0.17861767 0.21587636 -0.23287073
v -0.20729621 0.25077915 -0.20223184
v 0.19332163 -0.01128863 -0.22708713
v 0.20835000 -0.07003150 0.23423649
v -0.18273149 0.20070787 0.26394826
v 0.20485747 -0.04664269 -0.26111802
v 0.18573950 -0.01866600 -0.21556550
v 0.17867741 -0.42651013 0.24104291
v 0.21792443 -0.02867708 -0.19147733
v 0.22831015 -0.02879681 -0.19076538
v 0.22128038 -0.02687944 -0.19845974
v 0.22071250 -0.02318750 -0.17593850
v 0.18594068 -0.01760997 -0.19878046
v 0.20640831 -0.01565881 -0.22430356
v -0.19402078 0.20644163 -0.24011397
v 0.14265950 0.19076712 -0.25948688
v -0.20013151 0.21503875 -0.20007075
v 0.19821601 -0.36445501 -0.26138800
v -0.07853928 -0.02524502 -0.11265028
v -0.19216947 0.20104578 -0.20156516
v -0.08244125 -0.02210825 -0.11441300
v -0.18726468 0.19870894 -0.21397206
v -0.10877850 -0.01756600 -0.14455600
v -0.20867600 0.21666600 0.23267700
v -0.19621879 0.20309606 -0.20183165
v 0.18592750 -0.04155475 -0.20391124
v 0.18392099 -0.06710000 0.12840600
v -0.19619894 0.20043397 0.19419651
v -0.19457231 0.19680797 0.20063309
v -0.19198591 0.19808094 0.19246188
v 0.20966050 -0.02532175 -0.11920375
v 0.21325922 -0.01889720 -0.12588437
v 0.20928675 -0.02242075 -0.13716425
v 0.21002063 -0.03218850 -0.13553044
v -0.20257525 0.20058000 -0.17792749
v -0.22768176 0.24027337 -0.25867087
v 0.18450612 -0.03519225 0.17355751
v -0.03895713 -0.01838078 0.17254366
v -0.20485945 0.19982985 0.17044815
v 0.17113525 -0.41774762 0.23451720
v 0.18012221 -0.05846944 0.13466631
v 0.18377206 -0.06222256 0.13084744
v 0.18457781 -0.05555975 0.17402656
v 0.17281887 -0.41563949 0.23536475
v -0.17334475 0.20498687 0.22974156
v 0.18491675 -0.04355350 -0.16595088
v -0.20088075 0.21356462 0.19992912
v -0.16728149 0.22411674 0.26423949
v 0.18402338 -0.01801937 0.21943188
v 0.19343600 -0.01822300 0.22675399
v 0.07781891 0.21933040 0.26299694
v -0.20007885 0.20000653 -0.14775437
v 0.17736687 -0.23103528 -0.23218328
v 0.18006268 -0.04941844 0.14129406
v 0.16834500 0.16855299 0.26410401
v -0.28418526 -0.41210061 0.21530350
v 0.18121016 -0.17709072 -0.23068434
v -0.18185666 0.22781947 0.23187150
v 0.18414375 -0.02157275 0.17940800
v 0.18628649 -0.06917813 -0.23033412
v 0.20533524 -0.01692463 0.22883931
v 0.18017587 -0.41992074 0.23485437
v 0.20826963 -0.01857650 0.23422626
v 0.12001581 0.17460813 0.23419631
v 0.11285000 0.17758550 0.23301700
v 0.17542912 -0.01718812 0.17776613
v 0.21179751 -0.10190100 -0.25913650
v 0.18297476 -0.01947488 -0.07713200
v 0.21214674 -0.01852225 -0.05420219
v 0.13660181 0.15977769 0.23491700
v 0.13055874 0.16374600 0.23703475
v 0.20826875 -0.01901125 0.21805525
v -0.21211234 0.19801660 0.12352432
v 0.18292813 -0.04971487 -0.14262775
v 0.14455076 0.14548469 0.23884210
v 0.05649606 -0.02093203 0.00630159
v 0.21262437 -0.01278262 -0.22646549
v 0.01114925 -0.06813250 -0.15347400
v 0.20836233 -0.02090423 0.20635714
v -0.06735878 -0.01850203 -0.14504132
v -0.28005999 -0.41399801 0.19973500
v 0.18560275 -0.02270750 0.17380825
v 0.04485637 -0.02126187 -0.00488363
v 0.06161600 -0.01827700 0.00945900
v 0.05279700 -0.01816100 -0.01287500
v -0.23425360 0.36309198 0.20201823
v -0.18341146 0.20141725 -0.06973672
v -0.00257150 -0.05645675 0.16252901
v -0.23060082 0.38014776 0.23030750
v 0.06155875 -0.01983575 0.00552850
v 0.18554725 -0.06906300 -0.16476224
v 0.18414651 -0.11543044 -0.23068294
v -0.27912587 -0.40813914 0.22687112
v -0.21874499 -0.21718875 0.22873200
v -0.14108375 0.21019988 0.22810400
v -0.25905225 -0.34847274 -0.19763425
v -0.21787913 0.19613466 0.07854899
v -0.28135699 -0.40760526 0.22574875
v 0.01061588 -0.06903738 0.15969338
v 0.00883900 -0.05281550 -0.15285750
v 0.00171613 -0.05412506 -0.15008806
v -0.25332099 0.37758899 0.20466100
v 0.21020956 -0.02528550 0.17072797
v 0.21044059 -0.02083456 0.18547206
v 0.03631697 0.19599743 0.23420647
v 0.20842016 -0.06988835 -0.07695750
v 0.18472700 -0.02038500 -0.03059100
v 0.25906461 -0.03332287 0.21909088
v 0.20953999 -0.03007322 0.15177643
v -0.23262650 0.29423949 0.26458400
v -0.24191999 0.27684399 0.21406800
v 0.00675872 -0.06931794 0.15353334
v 0.13714741 -0.03073647 -0.11719122
v 0.07740331 0.18952100 0.26492125
v -0.00301763 -0.06949063 0.15492338
v 0.20863800 -0.02099400 0.16090600
v 0.21131963 -0.02511294 0.14414775
v 0.20717224 -0.02695337 0.12873963
v -0.24075200 0.28471476 0.21433550
v 0.00946825 -0.01924425 -0.11349100
v 0.12122406 -0.03305600 -0.11583150
v 0.13081338 -0.03197950 -0.12072966
v 0.21305788 -0.01902588 0.03349125
v -0.21939525 0.33501294 0.23473556
v -0.22372860 0.35426837 0.23513088
v 0.20858403 -0.14623864 -0.26168314
v 0.20754212 -0.02672931 0.09343606
v -0.20476137 0.27327174 0.23346488
v -0.19974312 0.27603087 0.23428801
v 0.17305949 -0.01726250 0.10680450
v 0.00514525 0.19609874 0.23367751
v 0.20544307 -0.22009526 -0.26117471
v -0.21223037 0.27162537 0.20083857
v 0.20993894 -0.01956209 0.05447056
v -0.22526400 0.32082689 0.20186034
v 0.20942025 -0.06950625 0.03794350
v -0.17581637 0.05344600 -0.23060113
v -0.18515925 -0.15257275 0.19742800
v 0.01246025 -0.01889831 -0.14469919
v -0.01037795 -0.01820264 -0.16907956
v 0.18085900 -0.01971900 0.03507600
v -0.04141448 0.19307171 0.26418832
v -0.04510025 0.21594638 0.23073903
v -0.20058724 0.28613776 0.23445575
v -0.22166881 0.30942830 0.20156682
v -0.05949775 0.20794387 0.22693500
v 0.18254025 -0.01745000 0.09038300
v -0.21513875 0.27829239 0.20175962
v -0.21271300 0.29456374 0.26486251
v -0.21846975 0.29139376 0.20188776
v -0.23092437 0.29676670 0.20271119
v -0.23314312 0.30519170 0.20368956
v 0.21150875 0.04511306 0.23514150
v 0.21032450 -0.03764125 0.06271600
v 0.11325125 0.20736150 -0.26086724
v 0.00471573 0.19449262 0.26398826
v 0.16489275 -0.35325125 0.23467176
v 0.04828006 -0.01992062 -0.14421938
v -0.04541100 0.19691575 0.22870700
v 0.20950882 -0.01996817 0.08903977
v 0.17509025 -0.35087150 0.23506024
v -0.18461356 0.20293559 0.05664394
v 0.04137128 -0.01812992 -0.14338124
v -0.22302891 0.19499509 -0.00325031
v 0.12988375 -0.06896237 -0.14436451
v -0.22420412 0.30328232 0.20267044
v 0.03212988 -0.01902797 -0.11199003
v -0.21197701 0.29673299 0.23613800
v 0.20708294 -0.02485450 0.11546362
v 0.21136303 0.01430683 0.26612014
v 0.17839685 -0.02007331 0.10012500
v 0.17846949 -0.02158350 0.10219900
v -0.22069597 0.19634421 0.04243739
v 0.17495801 -0.34191662 0.23353863
v 0.18384963 -0.01871249 0.02692791
v -0.20930222 0.25499350 0.20108871
v -0.23969825 0.27675939 0.21871725
v 0.20350154 -0.23593578 -0.26197058
v 0.23439200 -0.02101700 0.20907000
v -0.04277400 0.20214801 0.22676800
v -0.12133000 0.20110650 0.22606599
v -0.10464087 0.20939350 0.22617388
v 0.00584537 -0.05373450 -0.16271862
v -0.22666503 0.32634348 0.20002250
v -0.12534256 0.21815850 0.23256575
v 0.20886925 -0.04573463 0.11573987
v 0.04446622 0.19392610 0.26474845
v -0.24348228 -0.29893905 -0.19872919
v -0.22192751 -0.31358999 -0.22930710
v 0.00516500 -0.06816025 -0.16258851
v 0.16969725 -0.33289364 0.23338762
v -0.22868399 0.34066087 0.20190451
v -0.18231031 -0.12677531 0.19781525
v 0.19091199 -0.00660100 0.23432399
v 0.20986822 -0.06926019 -0.06973503
v 0.20880738 -0.03125325 0.23454350
v -0.20234150 -0.23814200 -0.23046850
v 0.12986550 -0.01873050 0.14694250
v 0.12704726 0.20070624 -0.25962299
v 0.18362349 -0.04829897 0.14235616
v 0.18205416 -0.04468653 0.14481568
v 0.18398400 -0.04939500 0.14754900
v 0.17623851 -0.05229338 0.14711501
v 0.13324057 -0.02999475 -0.11933082
v -0.19785430 -0.01630826 0.04530030
v 0.18068124 -0.30423301 0.23141950
v -0.15520225 0.19273575 0.23114525
v -0.22553737 0.23834687 0.23329701
v 0.18451500 -0.01837100 0.23469099
v 0.18368991 -0.01951866 -0.04765062
v 0.18453075 -0.06665325 -0.14228199
v 0.18596250 -0.06957600 -0.14590900
v -0.21272235 0.19644168 -0.09888322
v -0.20889831 0.19524828 -0.08839940
v 0.07024678 -0.01854503 0.10156935
v 0.18923706 -0.04800469 0.21071625
v 0.18719456 -0.04313597 0.20895532
v 0.13125876 0.16388975 0.26566225
v 0.15783508 -0.06619531 0.12346158
v -0.19656463 0.20606975 0.23612025
v 0.12204137 0.16875274 0.26230600
v 0.09243225 -0.01784773 0.17439371
v 0.16699800 -0.06509100 0.14766850
v -0.11559161 -0.01999594 -0.14247553
v 0.18616806 -0.04465387 0.21835381
v 0.09616362 -0.01887216 0.14670619
v 0.18396300 -0.06844050 0.17318450
v -0.19117537 -0.04925862 0.22592187
v 0.18412788 -0.04953744 -0.13117869
v -0.20214050 -0.24468812 -0.22950788
v 0.19397876 -0.03784313 0.26606151
v 0.02517837 -0.02228175 0.07003438
v 0.18519326 -0.05104075 -0.14189924
v 0.19755743 -0.03839553 0.26214305
v -0.11208563 -0.02317631 -0.11159481
v 0.19653299 -0.38781601 -0.23176800
v 0.13182200 -0.06564800 0.14734900
v -0.17506693 -0.01276281 -0.17090063
v 0.07548700 0.19369450 0.23226351
v 0.07253250 0.19157450 0.23432900
v -0.18431894 -0.03623319 -0.23191181
v -0.11578175 -0.02185625 -0.10799250
v -0.17658347 -0.01654506 -0.17000759
v -0.19807275 -0.01866750 -0.19990675
v -0.19291282 -0.03880450 0.22468813
v -0.18600607 -0.03890985 0.22513175
v 0.11351162 -0.01902363 -0.16759475
v -0.18620175 -0.05188688 -0.23195875
v -0.17615750 -0.07101650 -0.23162501
v -0.19412568 -0.21209575 -0.20017426
v -0.20048556 -0.06872912 0.11395743
v -0.19851901 -0.01549625 -0.14933500
v 0.20952401 -0.09250500 0.23532949
v -0.19030800 -0.03392000 0.22975750
v 0.12252350 -0.01968650 -0.20318300
v 0.09183685 0.20755884 0.23359072
v -0.26780599 -0.41447401 0.22187901
v 0.17069975 -0.03400744 -0.16634412
v 0.20935634 -0.02016488 -0.09621543
v 0.21189199 -0.01813175 -0.09839900
v -0.17614825 -0.01881150 -0.09188750
v 0.08900600 0.21376400 -0.26299599
v -0.14402813 -0.06685088 -0.14622469
v -0.17630531 -0.06768956 -0.16318031
v -0.19845550 -0.06838050 -0.20014025
v 0.13575819 0.19423419 -0.26199293
v -0.17839225 -0.05817838 0.16939650
v 0.15689981 -0.01847766 -0.16763578
v -0.21062225 0.13431922 0.20006725
v 0.13680238 0.19413050 0.23467156
v 0.18110788 -0.02020469 -0.16516775
v 0.21095838 -0.06382263 -0.22989488
v 0.19358413 -0.04596400 -0.20777987
v -0.17872424 -0.10584750 -0.20012575
v 0.18557100 -0.01741750 -0.16859250
v 0.20950200 -0.02104100 -0.16073200
v -0.17676149 -0.06368125 -0.09165425
v -0.17818651 -0.06960500 0.14853425
v -0.19960181 0.20631762 -0.20283863
v -0.19847104 -0.01593341 -0.02266499
v -0.07948870 -0.01878397 0.14405531
v 0.00520019 -0.06943869 0.16764838
v -0.00282900 -0.06962025 0.16640781
v -0.18770960 0.20102456 -0.23658745
v -0.18908946 0.19715190 -0.23096037
v -0.11355563 -0.01730000 0.17117138
v -0.12331600 -0.02110800 0.14523900
v -0.19922151 -0.01784775 0.08652775
v 0.18611063 -0.01734437 -0.22136025
v -0.19737782 -0.01610637 0.06800319
v -0.15894225 0.19148150 -0.24099050
v -0.19684564 -0.01632872 0.08578178
v 0.19639000 -0.41198400 -0.23148300
v 0.20263450 -0.19710387 0.23436950
v -0.19955307 -0.06771193 -0.03258822
v 0.19318888 -0.42452013 -0.23489812
v 0.19040175 -0.42531276 -0.25997999
v -0.21239631 0.25846389 -0.20349576
v 0.16011825 0.17367350 -0.26199925
v 0.17458232 -0.22442125 0.23366196
v -0.14578556 -0.01959425 0.12044347
v -0.21504916 -0.18110704 -0.20062761
v -0.17951725 -0.01892769 0.19680719
v -0.17759882 -0.02924578 0.19751063
v -0.19768950 -0.01805100 0.19789900
v -0.19978975 -0.02065000 0.20010963
v -0.19917563 -0.00271569 0.19880344
v 0.18025351 -0.24093249 0.23060350
v -0.19994669 -0.06903569 0.07904772
v 0.17602301 -0.25421900 0.23175751
v -0.17930900 -0.06941700 0.19804101
v -0.18352215 -0.08266138 0.19766828
v -0.17569725 -0.05385775 0.14353712
v -0.20100901 -0.06959700 0.19007300
v -0.17843550 -0.09526975 0.19842081
v -0.22775468 -0.23966222 -0.20068075
v -0.20338894 0.25801569 -0.23585172
v -0.20193200 -0.10242500 0.22947925
v -0.20941313 -0.13457838 0.22679637
v -0.20924163 -0.12479581 0.22045694
v -0.20844825 -0.13862400 0.20560700
v -0.17704450 -0.01927500 0.08953050
v -0.19039899 -0.18490309 0.19743580
v -0.23808350 -0.36487174 -0.21629526
v -0.23699600 -0.36557999 -0.22753838
v -0.23653537 -0.36792788 -0.20105650
v -0.23466681 -0.35368407 -0.19794619
v -0.24089324 -0.37326613 -0.19832250
v -0.24536499 -0.38640001 -0.22802900
v 0.16970211 -0.42088360 0.24042769
v 0.16553469 -0.42659393 0.23741244
v 0.16311662 -0.42048225 0.24828388
v -0.24168979 -0.37948421 -0.20208640
v -0.24776238 -0.39759231 -0.21688007
v -0.17695326 -0.06617375 0.09235225
v -0.27871287 -0.40268099 -0.19635150
v -0.22404054 -0.22948560 0.22732800
v -0.27558374 -0.38951576 -0.19771300
v -0.22901675 0.32882500 -0.20401976
v -0.07866140 0.19315711 -0.26396546
v -0.19991075 -0.06843975 0.03271150
v -0.27160072 -0.38685405 0.22736162
v -0.25767350 -0.41062462 0.19980213
v -0.26364124 -0.41220212 0.19761038
v -0.22495081 0.29890445 -0.26282161
v -0.23393403 0.30740413 -0.26650253
v -0.22210994 0.30276963 -0.26658374
v -0.22463775 0.32796639 -0.20380887
v 0.15832697 0.17423193 -0.23080556
v -0.04655825 0.19480656 -0.26344556
v -0.19615637 0.19959991 -0.16893318
v -0.23356144 0.36098355 -0.20494212
v -0.24266969 0.38012692 -0.20506613
v -0.13352819 -0.01898387 0.17060107
v -0.17950925 -0.01677763 0.17759162
v 0.20751612 0.07592472 -0.23008281
v -0.25454450 0.37303451 -0.26739451
v -0.25014049 0.33452725 -0.23509499
v -0.23210250 0.37132600 -0.26619449
v 0.07316528 0.19022182 -0.25834331
v -0.22057207 0.31141689 -0.20290938
v 0.18528469 0.04943250 -0.23191506
v -0.25421324 -0.40581337 0.19944938
v -0.26054230 -0.35355952 0.22666347
v -0.24580997 -0.30956984 0.22618443
v -0.23187606 0.29966792 -0.20677444
v 0.18674575 0.02190200 -0.23049137
v 0.19372311 -0.42187715 -0.25369272
v -0.21165501 -0.28492087 0.19850750
v -0.20971456 -0.27250943 0.19675705
v -0.27161863 -0.41092700 -0.22660238
v -0.19142918 -0.01737331 0.15982918
v 0.16778213 -0.42148975 0.24528626
v -0.23675075 -0.37269157 -0.20829313
v -0.19778413 0.24725351 -0.23594899
v -0.18619050 -0.16735426 0.19925450
v -0.19337119 -0.01506494 0.14678444
v -0.18953937 0.23883487 -0.23466524
v -0.23605612 -0.35858724 -0.22356850
v -0.21180013 -0.14462963 0.22212562
v 0.19197451 -0.37236851 0.23522644
v -0.23212400 0.25525400 -0.26581299
v -0.16818050 0.22332899 -0.23410399
v -0.17975575 0.22948299 -0.23336925
v -0.19574475 -0.01645776 0.10799456
v 0.16586374 -0.33992708 0.26563835
v -0.13791609 0.19338383 -0.23377971
v 0.17575063 -0.17260025 0.26606786
v 0.16906001 -0.42514601 -0.25729749
v 0.17880499 -0.42869756 -0.24598175
v 0.16876425 -0.31109175 0.23488200
v 0.19734550 -0.30117425 0.23582800
v -0.22383888 -0.23156872 -0.19865277
v 0.19191194 -0.30804539 0.23401900
v -0.27020660 -0.37796837 0.22431578
v 0.19557799 -0.41391519 -0.23737925
v 0.17084165 -0.26095206 0.26596376
v 0.19093500 -0.42627099 -0.23330501
v -0.20065226 -0.07129550 0.19798763
v -0.18872437 0.20325975 -0.26499039
v -0.19834299 -0.04397350 0.22983700
v -0.19061412 -0.04993081 0.22944818
v 0.18719225 -0.01736338 -0.22907375
v 0.18810084 -0.01476787 -0.22532050
v 0.20662825 -0.04036219 -0.25653112
v 0.19436251 -0.04162425 -0.25802201
v -0.22857250 0.24401750 -0.23555450
v -0.07289675 -0.06884375 0.14490700
v -0.16608094 0.19178800 -0.25471732
v -0.18036249 0.19594675 -0.25703800
v 0.19381294 -0.04346978 -0.26146215
v 0.19834550 -0.27115476 0.23521174
v 0.20305237 -0.04736637 -0.25703600
v 0.23221681 -0.02297144 -0.16560856
v -0.17774689 -0.06498063 0.19760521
v -0.17836550 -0.04131981 0.19682047
v -0.19978166 -0.06952978 0.13731450
v -0.16192150 0.19456050 -0.23477900
v -0.18220043 0.20283988 -0.23359475
v 0.18532588 -0.25340325 0.23473288
v -0.17648800 -0.06533900 0.12788500
v -0.19626203 -0.21935979 -0.22943734
v 0.21136349 -0.02806875 -0.18148300
v 0.17611125 -0.21898875 0.23334400
v -0.15612768 -0.06578404 0.11343545
v -0.20831327 -0.15248491 -0.19947357
v -0.19060101 -0.01171050 0.17696249
v -0.18073726 -0.01304600 0.18151575
v -0.19088756 -0.19202042 -0.23027095
v -0.17478250 -0.02296650 0.20045650
v 0.20046182 -0.21759053 0.23470682
v -0.19889809 -0.06918481 0.02909975
v 0.16316150 -0.02411800 -0.16487999
v -0.15994579 -0.01901883 0.10622308
v -0.19189376 0.19110425 -0.21030819
v -0.19633600 0.20265518 -0.18747550
v 0.12120825 0.19483037 0.23238456
v -0.18903750 -0.17018700 -0.23113312
v 0.18528606 -0.02730325 -0.16758950
v -0.25650176 -0.40949550 0.22631350
v -0.17916638 0.19823550 -0.15665187
v -0.13078794 -0.02037700 0.13740274
v 0.14176588 -0.01901194 -0.16674331
v 0.10706712 0.19075476 0.22980213
v 0.09632818 0.19474168 0.22989063
v -0.19873336 -0.06873140 -0.08012068
v 0.11618687 0.20684531 0.26361883
v -0.19899647 -0.06772069 -0.12954175
v -0.20522299 0.09235900 0.19960700
v 0.13786513 -0.01845687 -0.13789643
v -0.24351150 0.38083699 0.20294926
v -0.17663850 -0.06565800 -0.10021150
v -0.20050880 0.00736575 0.22779088
v 0.20395200 -0.15812594 0.23408015
v 0.00393359 0.22322440 0.23394938
v 0.13822085 0.15511262 0.25971171
v 0.13502735 0.15615165 0.25599113
v -0.20712550 0.19817543 -0.11087650
v 0.14740226 -0.03210400 -0.12260875
v -0.19846383 -0.01611372 0.01318439
v 0.14540288 0.14080888 0.24841900
v -0.15057978 -0.06416616 -0.11846728
v 0.21014126 -0.03363769 -0.00207575
v 0.20759037 -0.02267925 -0.01288962
v 0.13461637 -0.03321576 -0.11868442
v 0.16157500 0.12720899 0.25284299
v 0.14887799 0.13700651 0.25384250
v 0.18443450 -0.06698287 -0.12330800
v 0.17283928 -0.06655072 -0.13516276
v 0.18013336 -0.08202376 0.26464322
v -0.16824760 -0.05376841 -0.14283396
v -0.16520225 -0.05898883 -0.13766818
v -0.17295501 -0.06683000 -0.17075400
v -0.17588237 -0.05673888 -0.17072068
v -0.17385051 -0.04478550 -0.14511999
v -0.17123444 -0.05889675 -0.14666994
v -0.01223100 0.20865075 0.22829725
v -0.15932028 -0.05654708 -0.14548080
v 0.17477882 0.09873625 0.23688547
v -0.17551257 -0.03888213 -0.14200824
v -0.28397301 -0.41096601 0.20092499
v -0.17314337 -0.04315462 -0.13992757
v -0.17747116 -0.06808344 0.16959424
v -0.12465362 -0.06650188 -0.14568426
v 0.20986450 -0.02477550 0.04338063
v 0.21084701 -0.02904394 0.03296281
v 0.18468025 -0.07008025 0.23474374
v -0.25876349 0.36655951 0.20367250
v 0.19917138 -0.32376888 -0.26228350
v -0.19206737 -0.01498275 -0.16455375
v -0.06674044 0.21498506 0.22898924
v 0.21178375 -0.01868056 0.09415238
v 0.18495713 -0.07042562 0.20495237
v 0.14852813 -0.07010756 0.17157032
v 0.20966412 -0.06125856 0.01370563
v -0.03148478 0.19386783 0.23471673
v -0.11255600 -0.03005150 -0.10915300
v 0.21132950 -0.01877362 0.11828850
v -0.17819400 -0.04292625 -0.23199925
v -0.06777163 -0.06729400 -0.14509413
v 0.17705785 -0.24812768 -0.23099938
v 0.20799281 -0.01998331 0.12563537
v -0.19429800 0.18658300 0.22951800
v -0.19588600 0.19027300 0.23160000
v 0.16417199 -0.06723925 0.14708126
v -0.19178756 0.20211244 0.23358762
v -0.19622768 0.20100537 0.23230584
v -0.19435243 0.18804394 0.21202375
v -0.18184453 0.20010801 0.23093891
v -0.22405250 0.29848176 0.26464075
v -0.22500125 0.30059776 0.26131251
v 0.19040537 -0.04084178 0.21345297
v -0.18602869 0.19971102 0.22724247
v 0.16872250 -0.05962675 0.14502887
v -0.06149056 -0.02210956 -0.11270662
v 0.21509190 -0.02205428 0.16957325
v 0.19521131 0.00676350 0.23331043
v -0.20083000 0.25752601 0.23443399
v 0.15701924 0.17907999 -0.25995475
v 0.14984362 -0.01677937 0.13062075
v 0.20708349 -0.02444975 0.19225137
v -0.13424812 0.18895419 0.26292500
v -0.18098469 0.19984131 0.19909118
v 0.18471871 -0.06924123 0.03101845
v -0.17693725 0.20257938 0.20613737
v -0.17743759 0.20987156 0.22926453
v -0.17436500 0.21037000 0.21339600
v 0.21064600 -0.01755400 0.20827299
v 0.20952100 -0.00922400 0.23073100
v -0.20158519 0.20134483 0.16555712
v 0.18990438 -0.00421312 0.23053207
v 0.20889713 -0.01367250 0.22599338
v 0.20427400 -0.01620900 0.22146200
v -0.00359100 -0.06874100 -0.15245651
v 0.00509375 -0.06856888 -0.14762850
v -0.00296438 -0.06845100 -0.15918376
v 0.17271031 -0.06509513 0.10592756
v 0.18120709 -0.01846616 0.19738366
v -0.28110251 -0.40880501 0.19620150
v 0.13999476 -0.01865950 0.13895550
v -0.17836501 0.21100950 0.22542000
v 0.18203124 -0.01816775 0.18367550
v -0.00207338 -0.05841622 -0.15483198
v 0.19375406 0.00154722 0.23033459
v 0.01023716 -0.06365106 -0.15967515
v 0.20661825 -0.13949850 0.23536925
v -0.15592200 0.19655600 0.22865500
v -0.14547175 0.21965550 0.23362850
v -0.19876300 0.20440149 0.20089400
v 0.20736593 0.00501544 0.23254356
v 0.19952124 0.00781962 0.22231212
v -0.05010962 -0.06767156 -0.14522344
v -0.18818550 0.19552937 0.22250588
v 0.19347416 -0.36430246 0.23658217
v -0.18722400 0.19949400 0.20619200
v 0.17246956 -0.35622439 -0.23105182
v -0.15661757 -0.06557072 -0.11394175
v 0.24277137 -0.03425112 0.19621225
v 0.20485450 -0.03730300 0.26626849
v 0.18451431 -0.04894488 0.21236050
v -0.18162325 -0.13348749 0.20011887
v 0.21568525 -0.02198131 0.15499789
v 0.02643095 -0.02028075 0.07149647
v -0.16075273 -0.01599266 -0.16894346
v 0.06986287 -0.02044112 -0.03136175
v -0.10789963 -0.02228113 -0.07897575
v 0.20982794 -0.06757869 0.04996500
v -0.22150788 0.19576187 0.01768348
v -0.18299057 -0.04782888 -0.22768475
v -0.11260800 -0.01971000 -0.06134300
v -0.17661263 -0.04045506 -0.18228738
v 0.19122832 -0.40175536 0.23655921
v -0.21210262 0.30352136 0.23516300
v -0.15463018 -0.05903563 -0.14491343
v 0.03102856 -0.01997497 0.17238744
v -0.22829768 0.30966505 0.20294775
v -0.20911331 -0.15057813 0.22857778
v -0.19426262 -0.21241313 0.19914313
v -0.22264224 0.20495787 -0.00528350
v -0.17593031 -0.06578588 -0.11928431
v 0.18449774 -0.06859662 -0.03236431
v -0.01909800 0.21417700 0.22963500
v 0.19598231 -0.38098118 -0.26231155
v 0.20614925 -0.15403894 0.23665132
v 0.16178393 -0.06614072 -0.11270384
v 0.11079250 -0.06849750 -0.16707601
v 0.19574669 -0.41818139 -0.25885695
v 0.04098750 -0.01795294 -0.17237231
v -0.02344828 0.22200038 0.23319675
v 0.15828054 -0.06711872 -0.14176100
v 0.16908319 -0.06832293 -0.14286138
v 0.17435925 -0.42774764 -0.23539537
v 0.17083900 -0.42456076 -0.23259950
v -0.12614900 -0.06773350 0.14448126
v 0.18917981 -0.23549350 0.23190981
v -0.17577450 -0.05242100 0.13728274
v -0.23813437 -0.37780562 -0.21956962
v -0.17972369 -0.04259016 0.17257191
v -0.18011899 0.19675100 -0.24228500
v 0.07781925 -0.01836688 -0.16778751
v -0.20076728 -0.06875469 0.16334590
v 0.20870174 -0.02054337 -0.00000038
v 0.21132599 -0.02146187 0.00714609
v -0.20068456 -0.06703632 0.22825387
v 0.20283490 0.10184979 0.23462103
v 0.18343593 -0.31605592 0.23497194
v -0.21076900 -0.28036499 -0.22812800
v -0.22634999 -0.33450100 -0.22622700
v -0.24322313 -0.38877824 -0.22259600
v -0.21153450 -0.16258401 0.22708800
v -0.24039100 -0.38432699 -0.21113250
v 0.18046699 -0.42348537 0.23538750
v 0.10834412 0.17823400 0.26504901
v -0.24693608 -0.37963483 -0.19806923
v -0.24717049 -0.38997149 -0.19985400
v -0.22069775 -0.30860776 0.19649325
v -0.22566549 -0.33364800 0.20178349
v -0.22470231 -0.32740337 0.19803503
v -0.23321213 -0.34482989 0.19641775
v 0.15995613 0.17534287 -0.23497513
v -0.18662658 0.19584003 -0.09207752
v -0.28089926 -0.41566074 0.21159150
v 0.13287294 0.19419999 -0.23122357
v -0.28171849 -0.40911281 -0.20142594
v 0.08667350 0.21648251 -0.25957850
v -0.25263536 0.34248483 -0.26677766
v 0.17536238 0.09904875 -0.23272032
v 0.06846597 0.21990781 0.23449144
v -0.25367951 0.37683949 -0.20421825
v -0.21696846 0.31622696 -0.23498678
v 0.10012094 0.21128288 0.26558530
v 0.14213000 0.19078299 0.26556200
v -0.22472499 0.29519099 -0.26668000
v -0.23616301 -0.27578500 0.22579600
v 0.12391850 0.19028850 0.23429900
v -0.22221275 0.30010125 -0.20377025
v -0.15570912 -0.06497812 -0.14630200
v 0.19619231 -0.04168625 -0.20557831
v 0.18581749 -0.03756150 -0.21104801
v 0.19687088 0.00527000 -0.22562437
v 0.20668800 0.00024800 -0.22662050
v 0.19445175 0.00257266 -0.22904247
v 0.21343940 -0.02557144 -0.17425035
v 0.25921670 -0.03963706 -0.19263200
v 0.19522101 -0.04679600 -0.25754499
v 0.22601350 -0.02301850 -0.20524800
v -0.22176890 0.22485341 -0.23616625
v -0.20887905 0.21549429 -0.23922561
v -0.19852924 0.20880112 -0.23503663
v 0.18351351 -0.01526000 -0.19874850
v -0.18208766 0.20498388 -0.22781444
v -0.22089225 0.21389775 -0.23435675
v 0.21364807 -0.01769056 -0.15193844
v 0.21037175 -0.01791675 -0.22862124
v -0.22382000 0.23466100 -0.26359600
v -0.25884238 -0.41317213 0.21797888
v -0.19267881 0.18751843 -0.22853975
v 0.18747063 0.00165350 -0.23027900
v -0.20023900 0.20278050 -0.19451600
v -0.27227563 -0.41588050 0.20465812
v -0.14633484 0.22038019 -0.23644584
v 0.19074163 0.00922988 -0.22991063
v -0.21630344 0.29394087 -0.20300969
v 0.21066450 -0.06895656 -0.20135725
v -0.22794674 0.29560426 -0.20597824
v -0.22786753 0.30859861 -0.20401698
v 0.08136619 0.20288457 0.23240550
v 0.20836328 -0.02712875 -0.08055612
v 0.20830025 -0.02321162 -0.05995075
v 0.18183325 -0.05220289 0.26581889
v 0.15491487 -0.01761637 -0.12143312
v 0.15181325 -0.01616100 -0.12257750
v -0.23373225 0.29565588 -0.26667100
v -0.23327300 0.29851195 -0.26293820
v 0.15190619 0.14342675 0.23466513
v -0.23850162 0.37820125 0.22519749
v 0.17544501 -0.05110925 -0.13835002
v 0.13055234 0.16472600 -0.23308106
v 0.20972024 -0.01899769 -0.02627641
v 0.20958425 -0.04061106 -0.05456181
v 0.01019862 0.21283226 0.23245674
v 0.20290400 0.09698569 -0.23013137
v 0.17541358 -0.05368077 -0.13340145
v -0.00487363 0.21868899 0.23240219
v -0.16150893 -0.01813169 -0.10653912
v 0.14341877 0.15357919 -0.26081914
v 0.16485800 0.12200250 0.26520100
v 0.20957412 -0.02006125 0.01380725
v 0.19357520 0.12150118 -0.23036224
v -0.23455606 0.37591374 -0.23702388
v 0.17845312 -0.14715219 0.26659319
v -0.25873601 -0.40705201 -0.22861800
v -0.26150396 -0.40156788 -0.20178477
v 0.21269506 -0.01853191 0.06122422
v 0.18214053 -0.13503712 -0.23326840
v 0.18744862 -0.41205394 0.26627851
v 0.19018051 -0.41221541 0.26455250
v -0.20284581 0.22453156 -0.20303087
v 0.08963869 -0.01719984 0.17895503
v 0.16499153 -0.36780223 0.26664495
v 0.01718250 0.19533813 0.26491049
v 0.17040201 -0.36558601 0.23304750
v 0.19416496 -0.33649114 0.23543228
v -0.17668338 0.06292138 -0.20238450
v -0.22080401 0.33185649 0.26511681
v -0.18194625 -0.03856977 0.22971551
v -0.07829681 0.21763456 0.23029400
v -0.18394412 -0.04604250 0.22557263
v 0.20084250 -0.04928038 0.26182836
v -0.17542350 -0.05379500 0.20037401
v -0.17811012 -0.06881656 0.13017288
v 0.18946899 -0.24306500 0.23108800
v 0.25624996 -0.03929617 0.16519304
v -0.17766801 -0.05304000 0.14074750
v 0.21701838 -0.02026887 -0.17186631
v 0.16915612 -0.42481574 -0.24009851
v -0.19435152 -0.01673803 0.13467316
v -0.24051988 0.28350207 0.22299412
v 0.17070484 -0.41493127 -0.26229584
v 0.17261569 -0.42378831 -0.26216930
v -0.23883849 0.29958400 0.26444674
v 0.16085175 -0.01866413 0.11942813
v 0.20816025 -0.07040863 0.16976844
v -0.00069400 -0.05376700 -0.16106300
v 0.20914949 -0.02008937 0.19781837
v -0.05064819 -0.06924763 0.17045791
v 0.02295975 -0.06747559 -0.14424609
v 0.20971294 -0.00738916 0.22822596
v 0.20617025 -0.00608675 0.23100550
v -0.20524475 0.23549891 0.20125690
v 0.20361251 -0.17941500 0.23477100
v 0.18410325 -0.06993775 0.15165275
v -0.20228700 0.22504251 0.20008001
v -0.15713625 0.20697500 0.22800337
v 0.21228419 0.01348919 -0.22998637
v 0.18416651 -0.03967850 0.21384899
v -0.09947791 -0.02283894 -0.11320969
v -0.17734168 -0.01643709 -0.20043778
v -0.19624212 -0.01677375 -0.19996087
v -0.19539157 0.20010225 -0.23416337
v 0.04915194 -0.01774025 0.17406593
v -0.16506125 -0.01970375 -0.09011900
v 0.20673212 -0.12603387 0.23485550
v -0.19720513 -0.01582700 -0.16108912
v 0.00745250 -0.01978300 0.10034631
v 0.18961500 -0.01766200 0.22080851
v 0.00534700 -0.02288400 0.09846300
v -0.17551354 -0.01734453 -0.01847194
v 0.19649838 -0.35024938 -0.23079474
v 0.20617412 -0.04473837 0.26577988
v -0.10622225 -0.02830425 -0.11428975
v 0.18539134 -0.07013725 0.17229238
v 0.19661050 -0.20116088 0.23509288
v -0.11329690 -0.02787225 -0.14604463
v -0.20917393 0.19924945 0.14254509
v -0.17380150 -0.03824344 -0.22664128
v 0.18407212 -0.06760750 0.09549425
v 0.19062363 -0.29636151 0.23450451
v -0.09388980 0.19069330 0.26393327
v 0.23827100 -0.02885200 -0.22083825
v -0.20040756 0.20043547 0.19155185
v -0.22044963 -0.31260476 -0.19886900
v -0.23240581 -0.34668413 -0.22878151
v 0.16493876 -0.38996455 0.23396599
v 0.21062069 -0.03637694 -0.18669507
v -0.25719124 -0.40448049 -0.20930837
v -0.26644450 -0.38800126 -0.19520800
v -0.20406157 -0.25624016 0.19913153
v -0.27036700 -0.39902762 -0.19604374
v -0.27016819 -0.41251880 -0.21827413
v -0.20826200 0.21716300 -0.26300800
v -0.18805875 0.23836175 0.23099224
v -0.20875300 0.20875700 0.12941200
v -0.22870134 0.22838749 0.20344609
v 0.17286831 0.10823262 -0.26071858
v 0.20046134 0.00165025 0.22796385
v -0.25896201 0.37142101 -0.23584799
v -0.18079226 0.20020132 0.16788712
v -0.04763669 -0.01957088 -0.14534731
v -0.03217267 -0.01831863 -0.14400317
v -0.21061653 0.19734062 0.09099019
v 0.24380068 -0.03031963 0.20785850
v 0.18598181 -0.00034306 -0.23351599
v -0.23206000 0.30216700 0.26233175
v 0.19103307 -0.00364125 -0.22879057
v 0.20582150 -0.03422950 -0.26157251
v 0.21381657 -0.02392869 -0.20842631
v -0.05872700 0.22177500 0.23463000
v 0.21357900 -0.04059600 -0.25882551
v 0.21195579 -0.05491009 -0.26138744
v 0.17100400 0.16592100 0.23648199
v 0.20631576 -0.06964788 -0.22981513
v -0.21419550 0.30746600 0.23905499
v -0.20293622 0.19918966 -0.15883459
v 0.18624638 -0.04154525 -0.21399188
v 0.17135659 -0.01912869 -0.10438300
v 0.17544176 -0.01798413 -0.09803575
v 0.12724344 -0.01764394 -0.14090165
v 0.18238238 -0.04749700 -0.13263613
v 0.01550169 0.19521093 0.23577388
v -0.21702443 0.32443956 0.23472981
v 0.13315800 -0.06717000 -0.14218751
v -0.24051026 0.37900424 0.22060651
v -0.19162600 0.19554600 -0.01659312
v 0.16649087 0.11991550 0.23564200
v -0.00199888 0.20299363 0.22981524
v 0.16732225 -0.06471550 -0.14054863
v 0.20930700 0.06729366 0.23477231
v 0.09366313 0.21391650 -0.23477975
v -0.25492856 0.37551069 0.23353982
v -0.26005700 0.36886001 0.23122101
v 0.22055353 -0.02014781 0.02555819
v 0.18323013 -0.01790687 -0.00278487
v 0.15458512 0.13867700 0.26548925
v 0.21231700 -0.04832700 0.01468300
v 0.02917519 0.22322626 0.23423058
v 0.09833013 -0.01823987 -0.16857150
v 0.24683487 -0.03018362 0.16487813
v 0.06962488 0.21377362 0.23313169
v 0.21260050 0.04327600 0.26487851
v 0.00719087 -0.05698125 -0.14923012
v -0.16896451 0.22542424 0.23409025
v 0.15537688 -0.01810850 0.17433077
v 0.18061200 -0.03003450 -0.16414049
v 0.14003737 -0.01983462 0.14127487
v -0.19767401 0.20111024 0.16963226
v 0.18289427 -0.00102713 0.26568186
v 0.17706801 -0.25089279 -0.26172349
v -0.22946715 0.23990013 0.20146887
v -0.25494513 -0.39214092 0.22750574
v -0.17809409 0.19979382 -0.19459496
v -0.13388366 -0.02012372 -0.13668975
v 0.02659650 -0.02218375 -0.11119000
v 0.20284200 -0.04218562 0.26012325
v 0.18421251 -0.02081750 0.09503950
v 0.23162025 -0.02475375 -0.21165800
v -0.19703150 -0.01520925 -0.14018776
v -0.13130969 -0.06842320 -0.16931899
v -0.25918886 0.42605746 0.05854750
v -0.25851950 -0.40797800 0.19638400
v -0.11523600 -0.02006600 0.00512800
v -0.00083000 -0.02138200 -0.13337100
v 0.14975300 0.18421949 0.23440950
v -0.25517774 -0.40893364 0.22439237
v 0.18601325 -0.04794925 -0.20963199
v -0.23504201 0.26867700 -0.26647550
v -0.17490754 -0.01725059 0.02349516
v 0.20913821 -0.06951138 0.00256366
v -0.04972350 -0.06851525 0.14508601
v 0.21324663 0.04463337 -0.25974607
v -0.20329912 0.05759563 0.22793162
v 0.00168037 0.19617346 -0.26246125
v 0.04278303 0.19575401 -0.26249653
v 0.05626250 0.19346237 -0.26100281
v -0.05874050 0.21652375 0.23313075
v 0.17762300 0.15364701 -0.26172999
v 0.15271500 0.14321800 -0.23108225
v 0.17104200 0.16457100 -0.25926200
v 0.02078850 0.22398862 -0.26317087
v 0.11091675 0.17867699 -0.23127250
v -0.27162912 -0.38597700 -0.19584213
v -0.06274907 0.19371381 -0.26198426
v 0.13303749 0.19661300 -0.23448500
v 0.24159300 -0.02316400 0.02018700
v -0.17695446 -0.06040506 -0.00378738
v 0.22729369 -0.02022650 -0.09187087
v 0.23823684 -0.02290619 -0.07648715
v 0.11167200 -0.06939250 -0.16156051
v -0.16483159 -0.06447359 0.14125121
v 0.18902875 -0.26848564 0.23391475
v 0.20972200 -0.06004225 0.04518075
v -0.20420100 -0.10454100 0.21255800
v -0.20613763 0.00978100 0.03003900
v 0.17910038 0.08815675 0.26606575
v 0.10282166 -0.01237984 0.21912888
v 0.10792706 -0.00789644 0.22365150
v 0.01169738 0.00667513 0.19606718
v -0.23554049 0.42347100 0.13543800
v 0.27972984 -0.03456550 0.11291637
v 0.27983364 -0.03566275 0.07219665
v 0.28184128 -0.02206494 -0.02051402
v 0.05905959 0.00017577 -0.20538384
v 0.19664818 0.11862969 0.26684743
v -0.20329100 0.33486399 -0.23298100
v -0.24779600 0.43000600 -0.07386625
v 0.16571480 0.12362005 -0.23107378
v -0.21884793 0.37615338 -0.23153888
v 0.01513550 -0.01691450 -0.17720550
v 0.09336581 0.18524712 -0.23177221
v 0.08574469 0.18728487 -0.25396806
v 0.18940499 -0.42715850 0.25582600
v 0.18863225 -0.42695269 0.23684925
v 0.27835461 -0.01751650 0.16836125
v 0.01032244 -0.01448981 -0.18159069
v 0.26200461 -0.04147400 0.10638437
v 0.25424099 -0.03765219 0.11648987
v -0.17648937 0.03008631 -0.23263951
v 0.17780399 -0.19909875 0.23396026
v -0.12449387 -0.04398075 0.14494137
v -0.18655676 0.27321801 0.22599375
v -0.17636503 0.03568889 0.20075025
v -0.11533087 -0.00002912 0.18706438
v -0.19702625 0.01946088 0.08619300
v -0.20283724 -0.09355228 -0.20099232
v -0.13095406 -0.00373737 -0.17775907
v -0.00061800 -0.01323250 0.18938237
v -0.17496200 -0.05401000 -0.13014700
v -0.01253150 -0.00152987 0.19282150
v -0.07105415 -0.04394738 -0.14561915
v -0.12678500 -0.02201400 -0.12666599
v -0.17396806 -0.02077019 -0.20169681
v -0.17688437 -0.06750225 -0.18332481
v -0.20491225 0.00085463 -0.13801774
v 0.11592144 0.00490656 0.22399475
v 0.05313187 -0.01884453 0.18160474
v -0.18993600 0.02158400 -0.08023200
v -0.17650512 -0.03658350 -0.20022966
v -0.18825357 0.00031063 -0.16736344
v -0.02329537 0.01821912 0.17818119
v -0.16636775 -0.01850150 -0.07973725
v -0.19177100 0.02304600 -0.03775300
v 0.21030781 -0.06913143 -0.15890332
v -0.07043200 -0.00078363 0.18861763
v -0.02979144 -0.01865081 0.17843087
v 0.17574935 -0.18474540 0.23561284
v -0.15050951 0.21924201 0.23213550
v 0.09711931 -0.01721600 -0.19327791
v -0.18672931 -0.17076100 -0.22682087
v -0.12828302 0.00092662 -0.17725971
v 0.18217744 0.05552894 0.26568139
v -0.17612000 -0.00333500 0.18386850
v -0.17728162 -0.03747875 0.09008225
v -0.19977918 0.05637431 -0.23288794
v -0.24070625 0.28929576 0.23349576
v -0.22264865 0.19929038 0.04683978
v 0.19931537 -0.25304806 0.23487738
v -0.06026325 0.00517100 -0.17767225
v 0.18311051 0.04366162 0.23564588
v -0.27961701 -0.40589899 -0.22852300
v -0.20309412 0.19943325 -0.13252924
v 0.21253450 -0.04336700 0.03782750
v 0.18623701 0.14157900 -0.26069501
v 0.11987212 0.17303181 -0.26200163
v -0.23848949 0.41652501 -0.18769801
v 0.27261460 -0.04136044 0.12403616
v -0.19476150 0.30612400 -0.23183350
v 0.17671204 0.09078341 0.26523042
v 0.11877500 0.20439263 -0.23464900
v -0.24035569 0.42813042 -0.00411119
v -0.25982651 0.42820299 -0.03459987
v 0.26764232 -0.04303969 0.09534787
v -0.21424600 0.15509175 -0.20513400
v 0.25747201 -0.04182850 0.04716787
v 0.06236575 0.19190162 0.25544193
v -0.14625263 0.19170144 -0.24514413
v -0.19092688 0.20227337 -0.26090237
v 0.12690262 0.00637913 -0.22443038
v 0.23370175 -0.02347881 -0.02403712
v -0.24271099 0.41235301 0.18775600
v -0.20039412 0.21082887 -0.19919275
v -0.20537584 0.20449775 -0.16205199
v 0.13614200 0.19614400 0.26393801
v -0.18496284 0.19647782 -0.15956806
v 0.15554550 0.18129601 0.26310199
v -0.17390431 0.21217412 -0.12818144
v 0.10818300 -0.01483800 -0.19775750
v 0.28408512 -0.01722513 0.06105475
v -0.17085326 0.21506201 -0.17196976
v -0.23545267 0.26808465 -0.20544674
v -0.21862850 0.22818349 -0.24138699
v 0.21007100 -0.06910300 -0.11794087
v -0.20812263 0.24322063 -0.19570887
v 0.18455712 -0.02723612 -0.09054600
v -0.21509001 0.35739613 0.23199113
v 0.13007325 -0.01663750 -0.10801450
v -0.12889449 0.19147250 -0.23691750
v 0.13759772 -0.06925469 -0.16588663
v 0.24307001 -0.02331600 0.10250550
v -0.25797087 0.36141026 -0.26195550
v -0.20814656 0.33402854 -0.23636109
v -0.23854651 0.36643311 -0.19012725
v -0.22616206 0.30604744 0.20741212
v 0.16671351 0.11980500 -0.23677750
v -0.25192600 0.40486401 -0.18939801
v 0.04807219 -0.02115344 -0.11078656
v -0.00498675 -0.01878200 -0.13908724
v -0.22466899 0.30939201 0.26484600
v -0.19990601 0.19259150 0.05474550
v 0.18923175 -0.42488599 0.26394713
v 0.22790231 -0.01259381 0.22620393
v 0.19015950 -0.39390114 0.26648939
v -0.17599151 0.23309037 0.21669374
v -0.06939286 -0.01141462 -0.17805296
v 0.20908825 -0.06953012 0.13448265
v -0.19866724 -0.01296375 0.14528750
v -0.17956662 -0.06930525 0.04490750
v -0.20159182 0.01078200 0.10434756
v -0.07764906 -0.06399256 0.14533594
v -0.19626550 0.01426200 0.12620351
v -0.13124694 0.00647588 0.18207237
v -0.11228600 -0.01880400 0.14364100
v 0.12805988 -0.00757475 0.22788750
v -0.17594668 -0.01748366 0.05943784
v 0.00041700 -0.05879300 0.15343399
v -0.11212975 -0.02121175 0.01902950
v -0.17077607 -0.01875913 -0.09851850
v 0.21067457 -0.06672160 0.01803969
v -0.20042050 -0.05797675 -0.20189437
v -0.20050441 -0.05488620 -0.23054533
v -0.20158125 0.01504319 -0.06859788
v 0.05075031 -0.01422156 0.20018984
v -0.19376250 0.01980900 -0.08228050
v -0.20484531 -0.00572700 0.04415337
v -0.17457561 -0.02080425 -0.23168407
v 0.13914759 -0.01510275 0.22376934
v 0.20304394 -0.21155418 0.23728575
v -0.20245463 -0.00600925 0.10942025
v -0.18049499 0.19642800 0.26111451
v -0.15919396 -0.06828766 0.14405866
v -0.17471400 -0.06971700 0.16666600
v -0.15343250 0.18978550 0.26228350
v -0.06380900 -0.02287150 -0.12182700
v 0.15294100 -0.01753325 0.18031175
v -0.21748100 -0.30633149 0.20477600
v -0.17333950 0.20929700 0.18886200
v -0.17860299 0.22568651 0.22538750
v 0.18342200 -0.00355413 0.23539224
v -0.03383762 -0.02142750 -0.11432550
v -0.04996475 -0.00249225 -0.18051068
v -0.21343863 0.19188875 0.01944662
v -0.18513367 0.19933346 0.09379284
v -0.24474750 0.42936355 0.03968819
v -0.17777801 0.22919700 -0.23724350
v 0.26496300 -0.04333600 0.12748800
v 0.23628500 -0.02361700 -0.17672825
v -0.22743285 0.31275234 0.19156109
v -0.01335538 -0.01192819 -0.18160063
v 0.24198949 -0.02918988 -0.14975737
v 0.20969474 -0.05114775 -0.03644750
v -0.02532900 0.21713901 0.23326200
v 0.28267649 -0.01139650 0.05417338
v 0.27702424 -0.01077550 0.16004100
v 0.13187262 -0.02220912 -0.14309900
v 0.19120085 0.13364263 0.26600274
v 0.27743977 -0.03751634 0.02146013
v 0.07065719 0.19070993 0.24843629
v 0.24527401 -0.03024850 -0.00057925
v 0.25200275 -0.03834350 0.01499800
v 0.11431362 0.17511874 0.24873537
v 0.20988500 -0.02992000 -0.09028500
v 0.27810872 -0.00369745 0.00805638
v 0.18501703 -0.06868666 -0.08725180
v 0.14778388 -0.01826262 -0.18858187
v 0.25875700 -0.04202000 0.15256500
v 0.21153000 -0.01826975 0.12767750
v 0.26487914 -0.03687362 0.20926763
v -0.09686931 0.19111438 0.23296387
v -0.10219003 0.19251999 0.23033790
v 0.24855062 -0.03587116 -0.17126746
v 0.27590942 -0.02968238 -0.13402607
v -0.25413400 0.36329100 -0.06320300
v -0.24294207 0.29578504 -0.23691353
v 0.17638837 -0.25063390 -0.25162211
v -0.25450519 0.42928332 0.00449962
v -0.06986787 -0.06839337 -0.14755926
v 0.02526200 0.22451350 -0.23470350
v -0.23793501 0.42592257 -0.13075919
v -0.00426494 -0.02023441 0.14623359
v -0.26210213 -0.41446862 0.20805600
v -0.05805800 -0.02141863 0.05833663
v -0.20424324 -0.25817674 0.22532825
v -0.17523275 -0.04066156 -0.09369700
v -0.03502939 -0.01904720 0.14538673
v 0.18250500 -0.28128624 0.23035775
v -0.19285150 -0.07022525 0.19765200
v 0.02205987 -0.06976906 0.17045376
v 0.27533913 -0.02392012 -0.15166000
v -0.12160200 -0.06815000 0.17012100
v -0.19815426 0.00117619 0.16206969
v -0.17845100 -0.01803525 0.18507525
v 0.27916703 -0.03179506 -0.02371669
v -0.17350850 -0.06847800 0.14448249
v -0.17842263 -0.10088837 0.20069724
v 0.17499650 -0.28214988 0.23071988
v -0.23407094 0.25793174 -0.25798789
v -0.21544787 0.17053688 0.23227499
v -0.25718236 -0.34948725 0.22774819
v -0.05697175 0.01681231 0.17698337
v -0.01727813 0.19563231 -0.25070149
v -0.24820912 0.43011561 -0.00820350
v -0.26193392 0.42668855 0.00874916
v -0.18566875 0.13221499 0.20198312
v -0.17447856 -0.04016159 -0.20231681
v -0.10466166 0.19169630 -0.25679454
v -0.23626068 0.42586458 0.09575938
v -0.24543700 0.42843899 0.07992900
v -0.24305531 0.30764088 -0.02264244
v 0.22271000 -0.01965244 -0.15983112
v 0.18479937 -0.01947613 0.26636288
v 0.17910101 -0.01859300 -0.19229700
v 0.15100563 -0.02010937 0.18669850
v 0.26519981 -0.04366044 -0.05147094
v 0.13003699 -0.01908200 -0.18973000
v -0.11933350 0.18911600 0.23839501
v 0.20979725 -0.06963862 -0.20365812
v -0.09012405 -0.01767288 -0.16971351
v 0.21278524 0.00590975 0.23762037
v 0.05377388 -0.06764494 -0.14406562
v 0.27532300 -0.04066744 0.07475737
v 0.22997326 -0.02163000 0.03989044
v 0.20938826 -0.05564600 0.07476737
v 0.20825057 0.08033150 0.26596624
v -0.24163300 0.29803601 0.20227601
v -0.18925187 0.29150325 0.22451675
v 0.28001049 -0.03009250 0.15612049
v 0.13107701 -0.06783500 -0.14291400
v 0.25943550 -0.04082512 0.18335463
v 0.13179800 -0.06550800 -0.14276800
v 0.24013500 -0.02496175 0.08728525
v -0.17166835 0.21801640 0.16892022
v 0.20612174 0.00066950 0.22671050
v 0.20946488 -0.06969137 -0.15576912
v -0.01260100 -0.01923900 -0.00659200
v -0.19756763 0.19616491 -0.13438991
v -0.17282000 0.22544526 -0.22178587
v 0.18957850 0.13894451 0.26248401
v 0.06517500 0.02217200 -0.19088800
v 0.01815937 0.01407109 0.19275884
v 0.25232586 -0.03808644 -0.06195094
v -0.22005300 0.24842988 -0.12093400
v 0.24382412 -0.02975688 0.14649856
v -0.10822600 0.02103800 0.16496199
v -0.08179300 0.01543112 0.17847337
v -0.22363350 0.20807894 -0.20561919
v -0.24773131 0.41938588 0.15379812
v -0.14906301 -0.02197900 0.10571200
v 0.28011382 -0.01477863 -0.08405087
v -0.19760300 -0.01271000 0.16474199
v 0.18482819 0.14509812 0.23503312
v 0.17189725 -0.27822050 0.26676062
v 0.16263050 -0.41651022 0.23514272
v -0.23208119 0.25267908 -0.23354250
v -0.20533600 -0.11698100 0.22748950
v -0.18014713 0.20259863 -0.26567650
v -0.16759650 0.19308800 -0.26307449
v 0.14238524 -0.00686825 -0.22814175
v 0.24253325 -0.02580325 -0.12779525
v 0.12303337 -0.01285625 -0.22442275
v 0.18522723 -0.10194349 -0.26187927
v 0.26182050 -0.04284750 -0.09773550
v 0.06394025 0.20698163 0.23406343
v 0.15357663 -0.03100300 -0.16640162
v -0.17697218 -0.01968266 0.04455469
v -0.17931335 -0.11550825 -0.21847506
v -0.03975675 0.21937250 0.23331268
v 0.00163989 0.01707233 -0.17660074
v 0.01901900 -0.01425200 0.19126876
v -0.20499100 -0.01078800 -0.15405400
v 0.02580594 -0.00659556 0.19900763
v -0.25023937 0.35322380 0.08213312
v 0.03710050 -0.02261975 -0.09779025
v -0.06732915 0.22114848 0.26326254
v 0.23227350 -0.00259500 0.22332150
v -0.19770674 0.26315987 0.23456988
v 0.25226411 -0.03791125 0.18826750
v -0.09261987 -0.01875562 -0.14592962
v 0.15329200 -0.01403900 -0.20425625
v 0.20872524 -0.02884300 0.20488849
v 0.13244300 -0.02005800 0.14794700
v -0.12753800 0.19542600 0.22754700
v -0.20809890 0.22317882 0.17141677
v -0.05338625 -0.06872425 -0.16796926
v 0.21157104 -0.03450206 0.23636587
v 0.24293651 -0.03636850 0.17734700
v 0.18045762 -0.17831331 -0.25957525
v 0.03446137 -0.04087155 -0.14435706
v 0.27325800 -0.03476000 0.19515049
v 0.08454631 -0.01923588 0.18620087
v -0.08118475 0.19530074 0.26441801
v -0.09254650 -0.01869562 -0.00920338
v -0.20632251 0.00997600 -0.02728200
v 0.17952999 -0.01799500 0.04796500
v -0.01106387 0.19438550 0.23695076
v 0.09198745 -0.04359519 -0.14370912
v -0.22184800 0.19453549 -0.03206000
v -0.09777488 0.01822600 0.17353974
v -0.19527139 0.19319998 -0.02935653
v 0.18027735 0.08134466 0.23502581
v -0.13267644 -0.01636112 0.17902362
v 0.24546812 -0.02788325 0.02083525
v 0.17479973 -0.37852418 0.23497641
v 0.25907826 -0.04340063 -0.00204456
v -0.22558050 -0.33112150 0.22602300
v -0.24689500 0.39657301 -0.20958500
v -0.00418650 0.22453600 -0.23607750
v -0.21121299 0.36872938 -0.22898337
v 0.21320957 0.00121394 -0.23235269
v 0.15009224 0.00270675 -0.22754376
v 0.23878548 -0.03208628 -0.21096735
v -0.19019806 0.23873512 -0.26520163
v 0.25708538 -0.04019225 -0.14204837
v -0.03957088 0.19709100 -0.23277113
v -0.17917663 0.20730294 -0.08797556
v 0.25192505 -0.03899112 -0.01781413
v 0.27326173 -0.04026681 -0.02702066
v -0.25389564 0.39992547 -0.17384152
v -0.23677413 0.37465951 -0.20358087
v 0.02597219 0.01387525 -0.18756762
v 0.02133294 -0.00120138 -0.19220887
v 0.12448025 0.17229225 -0.26258901
v 0.07262489 -0.01780417 -0.14328986
v 0.11169650 -0.01818912 -0.07928350
v -0.28287849 -0.40605751 -0.20213850
v 0.24710225 -0.02576400 0.10714875
v 0.23800181 -0.02969312 -0.18166675
v -0.23234241 -0.27264407 -0.19814529
v -0.19054869 0.19755344 0.00904900
v 0.24378800 -0.02653450 0.15634049
v -0.22197451 0.20651682 0.03320903
v -0.21957825 -0.20250513 -0.20320612
v 0.20039275 -0.23903300 0.23530900
v 0.24325275 -0.03698238 -0.19081675
v -0.21667682 0.20785895 0.08263370
v 0.06397109 -0.01896425 -0.01484859
v -0.15028200 -0.02135544 0.11811437
v -0.20309857 0.19926153 0.13538513
v 0.13167650 0.01161875 -0.22149649
v 0.24819750 -0.03578550 -0.21459450
v 0.03453350 -0.02208175 -0.00809675
v 0.17767988 -0.12807857 0.23738192
v -0.19953063 -0.01967775 -0.20180725
v -0.19768550 0.00939250 -0.13335600
v 0.11148625 -0.00154300 0.22523437
v 0.10776300 -0.01826000 0.19913800
v -0.20935676 0.21985550 -0.26573637
v 0.16282022 -0.01821031 0.19757096
v -0.16959099 -0.06615350 0.13341150
v -0.20680225 -0.13844475 0.19761263
v 0.15848012 0.13535556 -0.26158226
v 0.07164425 -0.02059756 0.02115450
v 0.27915376 -0.00792025 -0.04375288
v -0.21941137 0.33473364 -0.23643337
v 0.18480718 0.06927525 -0.26159987
v -0.07198475 -0.01816675 -0.13694550
v 0.23893525 -0.02410925 0.20847175
v -0.20420781 0.25865361 -0.26527366
v 0.18275650 0.01911375 0.23771231
v -0.21516262 0.27016550 0.19651300
v -0.18094106 0.09037531 -0.20183051
v -0.26307976 0.39417824 0.04525775
v 0.14494400 -0.01285450 -0.22651350
v 0.18094300 -0.01877550 -0.17883125
v -0.22450300 0.30063999 0.20773900
v -0.24918500 0.39231700 0.19862400
v 0.07443950 0.01901500 -0.19992775
v 0.28123251 -0.00904900 0.09679275
v 0.18556875 0.12220425 0.26597950
v 0.28325111 -0.02454175 0.10597912
v 0.18343587 -0.05013663 -0.09174988
v 0.09718278 -0.01947488 -0.14360100
v -0.21219802 0.33011216 0.23490554
v 0.17232426 0.10453700 0.26411650
v -0.01871219 0.00485369 -0.18179581
v 0.28179857 -0.01480150 -0.00780475
v -0.19347818 0.19436112 0.06682263
v 0.21546325 -0.02217550 0.14412975
v 0.18516099 -0.02063100 -0.08825900
v 0.08231725 -0.00661987 -0.21380176
v -0.21069962 0.24295537 0.19113512
v -0.19726419 0.19559710 0.13896284
v -0.15370224 0.22044313 0.26261526
v -0.20402075 0.20373300 0.18122500
v 0.01385237 -0.01846375 -0.00663387
v 0.27871799 -0.03252563 -0.06934112
v -0.12117750 -0.01678500 -0.17003250
v 0.13061400 -0.00110600 -0.22729400
v -0.20582531 0.00469619 -0.09271768
v -0.17285213 0.22648962 -0.26535830
v -0.18408275 0.27173451 -0.22707975
v 0.21387400 0.01185500 -0.25958300
v -0.17441775 -0.01792125 0.08950300
v 0.21199037 0.04478700 -0.26135525
v -0.26139638 0.42672524 -0.07179475
v -0.23981394 0.37933105 -0.23560968
v 0.04506775 0.22077875 -0.26357725
v -0.23223625 0.40971762 -0.20447612
v -0.05683063 -0.01805169 -0.16949885
v -0.22121499 -0.30609074 0.22798713
v -0.19338974 0.23869725 -0.26611099
v 0.24312350 -0.02853900 -0.16501150
v -0.20653363 0.09836482 -0.20335276
v 0.23669450 -0.02496100 0.14291225
v 0.20884000 -0.06990400 0.19759600
v -0.23890887 -0.33874625 -0.22941449
v -0.23379681 -0.35451624 -0.20555544
v -0.21581313 -0.29886588 -0.20218749
v -0.21882975 -0.29769349 -0.19828101
v -0.20061626 -0.24191426 -0.20014125
v -0.11035025 -0.02010050 0.04295600
v -0.11718994 -0.01939294 0.04155988
v -0.25961599 0.36833099 0.23804200
v 0.05926538 -0.06926675 -0.14810887
v -0.19639812 -0.06895025 -0.15907650
v -0.13042849 -0.06824750 -0.14930925
v 0.04189350 -0.07016537 0.15000474
v 0.01638250 -0.02117925 -0.06667475
v 0.01825525 -0.02106125 0.06424125
v 0.19098900 -0.28237101 0.23408300
v 0.20952031 -0.05087019 0.14129537
v 0.21168201 -0.05292900 0.04784400
v 0.20931201 -0.05258000 0.06357000
v 0.21087199 -0.04692025 -0.01830775
v -0.25084701 -0.32774851 -0.22942150
v -0.24769190 -0.31142628 -0.22907357
v -0.21083112 -0.15431149 0.21469113
v -0.19687760 0.02181900 0.03438294
v -0.20323862 0.01642422 0.04371344
v -0.17828637 -0.03844813 0.18095826
v -0.25833851 0.42423451 -0.10775150
v -0.25295132 0.41989511 -0.14862238
v -0.24446487 0.42095676 -0.16141374
v 0.19122225 -0.07537875 -0.26219237
v -0.17910200 0.09415100 -0.23087387
v -0.18044674 0.07929550 -0.23313600
v -0.23032537 0.37439501 0.23544687
v -0.23741449 0.37683526 0.23157662
v -0.20317334 0.30414522 -0.23723944
v -0.24094032 -0.37388775 0.22545938
v 0.14168750 0.15174094 0.26398900
v 0.04100613 0.22221537 0.26530051
v -0.22011538 0.31281412 -0.26653194
v -0.24726485 0.32174331 -0.20577255
v -0.20875950 0.30585563 -0.23796019
v -0.03661144 0.19502901 -0.23605141
v 0.03865050 -0.00781000 -0.19639963
v -0.18415903 0.12957713 -0.23278140
v -0.18120675 0.21164587 -0.04948825
v -0.24885243 0.32285750 -0.26506093
v -0.20459744 0.19414313 -0.09667987
v -0.05262150 0.22312699 -0.23490800
v -0.26422495 0.42520180 -0.05233688
v 0.18259388 0.07335038 -0.25948399
v -0.04537031 0.22306065 -0.26343745
v -0.25715899 0.36617351 -0.20442800
v 0.01978489 0.19714129 -0.23244268
v -0.26477751 0.41802600 -0.07734150
v -0.12433750 0.21884462 -0.23373762
v 0.17167525 0.11301519 0.23468906
v 0.00503275 0.22425576 0.26344350
v 0.15565443 0.13323800 0.26222113
v -0.00391775 0.19596757 -0.23493543
v -0.25951701 0.36747101 -0.23942475
v -0.21401063 0.20248163 -0.10168694
v -0.23254725 0.37415850 0.26539400
v -0.24342400 0.37865701 0.26567799
v -0.23793450 0.37887651 0.26325750
v 0.17690450 0.09739450 -0.23088600
v -0.25212249 0.42866799 -0.09494050
v -0.23210600 0.37395501 -0.26398700
v -0.24356638 0.37251574 -0.17813963
v -0.25846300 0.37312299 0.22958601
v -0.24807675 0.38579801 -0.19516601
v -0.25753826 0.41078970 -0.14456162
v 0.20909888 0.07727712 -0.23293599
v -0.25337008 0.37699893 -0.23712701
v -0.01009500 0.22470400 -0.26083899
v -0.20308982 0.19230813 -0.05652131
v -0.25900701 0.36865199 -0.26484925
v 0.02424619 0.20112368 -0.26361537
v 0.19279003 0.09374893 0.23473500
v -0.22640775 0.37396711 -0.23436406
v 0.09548756 -0.01735417 -0.11065569
v 0.05946019 -0.01454563 -0.19890431
v -0.25185701 0.37771901 -0.26396701
v -0.24536103 0.41300157 -0.19162744
v 0.02844381 -0.01928991 -0.16846657
v -0.23970400 0.40180251 -0.21550463
v -0.23793450 0.38993651 -0.22372951
v -0.24074644 0.37972695 -0.26536226
v -0.22228375 0.34314349 0.23900799
v 0.18142891 -0.17004251 -0.26165679
v 0.17965300 0.14864950 -0.23056450
v 0.18393193 -0.06710606 -0.09210031
v 0.03679600 0.22275899 -0.23197301
v 0.24615282 -0.02968263 0.07320025
v 0.06959050 0.22002000 -0.23451550
v 0.18451138 -0.02044800 0.01417025
v -0.22462934 -0.32481596 0.22729003
v -0.21814321 0.19596267 -0.06436794
v 0.18242513 0.06235538 0.23521456
v -0.24894300 -0.31847599 0.19717036
v -0.24788594 0.31878930 0.23232988
v 0.20649727 -0.17913817 -0.23110436
v -0.22060107 -0.31634614 0.21746425
v -0.21459065 -0.29622111 0.22473185
v -0.17492375 0.25768974 0.19381313
v 0.26547155 -0.04225575 0.16008119
v -0.22940792 -0.24987327 0.19807920
v -0.21000338 -0.27829826 0.22719918
v -0.21334356 0.19229269 -0.01898894
v -0.19715175 -0.22695138 0.22575182
v -0.22096094 -0.22162756 0.19717143
v -0.26837590 -0.37053138 -0.22768034
v -0.19289163 -0.20097800 0.22839762
v -0.21721856 -0.19406219 0.19931544
v 0.20309843 -0.19272663 -0.23036569
v -0.18740925 -0.17590763 0.22700287
v 0.16251606 -0.38530430 0.23690128
v -0.18161687 0.11507300 -0.20390825
v -0.20247374 0.29629323 0.23388581
v 0.18327899 -0.01820834 0.06095134
v 0.15002300 0.15196700 -0.26231399
v -0.20483038 0.10537475 -0.20177899
v -0.20153391 0.06640768 -0.20159988
v 0.08951144 -0.01874350 -0.10865937
v 0.19257413 -0.37937850 0.26596561
v 0.05899462 -0.01849000 -0.11148250
v -0.17893700 -0.10935875 0.22689125
v 0.16720419 -0.31159988 0.23725525
v -0.18374400 -0.13204300 0.22920901
v 0.07669713 -0.06757443 -0.14368650
v -0.21035688 -0.27920249 -0.19988537
v -0.22992900 -0.24774162 -0.22889763
v -0.19501269 0.29148963 0.23069157
v -0.17567444 -0.04316481 0.22906962
v 0.16886087 -0.28346011 0.26250061
v 0.19891478 0.03972292 0.23484032
v 0.20021571 -0.25669912 0.26594260
v -0.22655876 -0.24027655 -0.23014152
v -0.19710299 -0.02415125 0.23011625
v 0.17345762 -0.20358010 0.23810856
v -0.19656207 -0.21758497 -0.19911897
v -0.17780399 -0.02481100 0.17007600
v -0.19754431 -0.22771110 -0.21998465
v -0.23971350 0.37025589 0.19731399
v -0.14216925 -0.06961950 0.14587100
v -0.21710819 0.19557312 0.03529950
v -0.18897563 -0.17658976 -0.19949044
v -0.22388799 0.19816200 0.02493550
v 0.20590851 -0.21933268 -0.25875470
v -0.19539300 -0.00777550 0.17292300
v -0.21807337 -0.19452913 -0.22957607
v -0.20040850 -0.00461275 0.15797213
v 0.18694600 -0.22488175 0.23499388
v 0.18013300 -0.20536600 0.23522200
v 0.04532113 -0.06699532 -0.16806425
v -0.19024438 -0.00042206 0.17507425
v 0.20093624 -0.21078426 0.26659858
v -0.19914444 -0.01800019 0.14346613
v 0.25621751 -0.01235650 0.22000051
v 0.22497287 -0.02353881 0.16340406
v 0.27273461 -0.03040262 0.20716037
v 0.27040094 -0.02646869 0.21376975
v -0.14098160 -0.05253103 0.12859572
v -0.20752206 -0.13982522 -0.23102939
v -0.25004524 0.33004799 0.26487324
v 0.26294106 -0.02223644 0.22038546
v -0.20002112 -0.01367206 0.10718769
v -0.15032697 -0.01484678 0.18297103
v -0.13616857 -0.01638519 0.17308219
v -0.16058651 -0.01782950 0.17096651
v 0.03729900 0.22421700 0.23751950
v -0.17729896 0.00325225 0.19861116
v -0.14862232 -0.00914231 0.18600032
v 0.25451499 -0.04154000 0.17174000
v 0.23980676 -0.03299538 0.17171550
v 0.22291988 -0.02413425 0.17357394
v -0.17535238 0.01630775 0.22845450
v -0.03030575 -0.01635472 -0.17591885
v 0.04910081 -0.06893906 -0.16684850
v -0.20093313 0.04269950 0.19915099
v -0.20088400 -0.01369900 0.05736103
v 0.19151001 -0.42341501 -0.26231900
v -0.20937918 0.19443256 0.08665389
v -0.20337600 0.05584750 0.20211563
v -0.17768604 0.05760525 0.22958572
v -0.23809201 0.27353376 0.21509475
v -0.17433082 0.02430556 -0.20366788
v -0.17616341 0.02827109 -0.20128587
v -0.21329741 0.20247328 0.11814331
v 0.24839513 -0.02812413 0.22252338
v -0.17481101 0.03569375 -0.22989775
v -0.17704962 -0.06773937 -0.04866737
v -0.09760375 -0.01696550 0.17994162
v -0.19887044 0.01560444 0.10345638
v -0.02008106 -0.06851462 0.14575481
v -0.04240350 -0.06962325 0.14739163
v 0.22357525 -0.02067938 0.20495750
v -0.10265319 0.21851687 0.26448837
v -0.12665485 0.21867275 0.26258805
v -0.17780051 0.20410675 0.14250176
v -0.18524231 0.19806497 0.11810935
v -0.10776956 -0.00883656 0.18749475
v 0.05654300 -0.01833475 -0.00434275
v 0.00554400 -0.06884300 -0.16639400
v -0.11486300 -0.01354100 -0.17481001
v -0.20147721 0.05918584 0.23088959
v -0.18809190 0.19658281 0.13596609
v -0.01815828 -0.06771387 0.17123547
v 0.01005006 -0.06917531 0.14659972
v 0.20894815 -0.06948848 0.09426530
v -0.19930656 -0.01901981 -0.01568925
v -0.09186897 -0.01400894 0.18483721
v -0.18147349 -0.13546425 -0.20068724
v -0.20198449 0.25931650 0.26299050
v 0.19515350 -0.38368151 -0.23067375
v -0.18758357 0.19750169 0.15922222
v -0.23245160 0.24833412 0.23122780
v -0.17829446 -0.06875484 -0.06190728
v -0.23879850 0.27350450 0.26193500
v -0.11890550 0.18865100 0.26082000
v -0.01570483 -0.06800105 -0.16869962
v -0.05947363 -0.02202437 0.14585701
v 0.18369550 -0.05830463 0.09491512
v 0.20841201 -0.03972112 0.17641582
v -0.18073738 0.06243663 0.19911781
v -0.20004664 0.00939795 -0.23190147
v -0.20422415 0.21004702 0.16334988
v -0.11519475 -0.02206450 0.06696950
v -0.20860653 0.11027382 0.20205122
v -0.19474766 0.19694600 0.16394600
v -0.20360619 -0.09672631 -0.23091374
v -0.14033684 -0.00896478 -0.17595075
v -0.03866231 -0.01763300 0.18253496
v 0.17226931 -0.33691469 -0.24953619
v -0.11823850 -0.02078019 0.06946119
v -0.13466218 0.18954772 0.23456219
v -0.17945406 -0.06871013 -0.14480500
v -0.23140925 0.25167426 0.23329662
v -0.18010768 0.08501028 0.20113926
v 0.18760869 -0.01580400 0.22395325
v -0.21027695 0.12715998 0.23057592
v -0.18710533 0.12630181 0.19999516
v -0.18235044 0.10400231 0.23053588
v -0.20485500 0.01428400 -0.02121850
v -0.17746915 -0.09807360 -0.20592186
v -0.20149072 -0.01467972 -0.04117197
v 0.17943650 -0.13875100 0.23508750
v -0.20057701 0.00426938 -0.22970775
v 0.18027917 -0.09497780 0.23549590
v 0.00083000 -0.01936894 0.17769524
v 0.06816603 -0.06996828 0.17086150
v -0.11651500 -0.01844834 0.02152641
v -0.16438113 0.00002775 -0.17479438
v 0.09594850 -0.06785250 0.17233101
v 0.18388724 -0.06833863 0.14841263
v -0.18916620 0.14875543 0.23132084
v -0.17517480 -0.06437967 -0.20237239
v -0.08809400 -0.02145650 -0.10143900
v 0.02742656 -0.01944031 0.17690413
v -0.20439871 -0.00981342 -0.12181481
v -0.20723806 0.19785143 -0.13046969
v -0.20633158 -0.00324080 -0.12431697
v -0.19863112 -0.01818462 -0.13536088
v -0.19989012 -0.01303031 -0.13449207
v -0.11582350 -0.01803400 -0.01191450
v -0.16886850 0.19238800 0.26198649
v 0.03155350 -0.01818175 0.18390538
v 0.12186450 -0.01627350 0.20685001
v -0.11379825 -0.02092212 -0.09260100
v -0.08357440 -0.06772702 -0.16963460
v -0.19814837 0.00416975 -0.20095988
v 0.12662894 -0.06867287 0.14750344
v 0.17441151 -0.30111769 -0.26129428
v 0.02993225 -0.02042550 0.09822500
v 0.18223213 -0.03902450 0.23591584
v 0.06773136 -0.02053552 0.14720368
v -0.21343300 0.14504699 0.20415799
v 0.06747068 0.00220287 0.21259700
v 0.09413175 -0.01664394 0.21046725
v 0.10833300 -0.01731350 0.21042275
v -0.20005350 -0.00422100 -0.16235700
v -0.11591980 -0.01950906 -0.07309319
v 0.19375938 -0.04882013 0.26625445
v -0.10170494 -0.02169681 -0.07251888
v 0.03543350 -0.01915300 0.14645299
v 0.09633603 0.18340187 0.25825062
v -0.12368750 -0.03766625 -0.14616375
v 0.18407825 -0.05210375 0.23426075
v -0.20309131 -0.00040894 -0.15189700
v 0.17821412 -0.28454211 -0.26270112
v -0.21290000 0.17259844 0.20057544
v -0.03293712 -0.02051125 0.09929287
v 0.11450625 -0.02002000 0.18561000
v -0.19837150 0.20650201 0.26217100
v -0.14305700 -0.01600100 -0.16915028
v 0.11869797 -0.01954347 0.17332187
v -0.22209150 0.19607775 0.22994600
v -0.16633978 0.00484494 -0.17132731
v 0.06381840 -0.06959414 0.14850035
v 0.05793988 -0.06814087 0.14666681
v -0.22636038 0.23877500 0.26183736
v -0.18040501 -0.00665500 -0.17264850
v 0.21079375 -0.07230050 0.26508451
v -0.17273726 0.19475412 0.23458588
v 0.17398982 -0.34542155 -0.26268199
v 0.02709975 -0.01866925 0.03291525
v 0.17282651 -0.34077460 -0.26199490
v -0.20117953 0.03096469 -0.20285776
v -0.03278591 -0.01962670 0.17175268
v -0.23739175 0.27519700 0.26426074
v -0.20113450 0.21047218 0.19203074
v 0.17134525 -0.36651263 -0.26172149
v -0.17679825 -0.02069025 -0.02487450
v -0.11671612 -0.02358019 0.09489225
v -0.20327875 0.27241176 -0.23715800
v -0.06749525 -0.01868862 0.17188050
v -0.17669512 0.20320675 0.18369763
v -0.09767337 -0.01971875 0.14424574
v 0.04876331 -0.02226463 -0.01545409
v -0.20188272 -0.01426422 -0.00635953
v -0.26749259 0.41950378 -0.00825478
v -0.21762784 0.20005997 0.08758559
v 0.20755924 -0.13731600 0.26331449
v 0.19361313 -0.17915519 0.23508750
v -0.00077600 -0.02196000 -0.11075700
v 0.25261599 -0.03526837 0.21226388
v -0.21029601 0.19218101 0.06237600
v -0.19363426 0.25289825 0.23330550
v -0.19221450 0.01220431 0.14639544
v -0.17504124 0.20892288 0.15135001
v 0.25384918 -0.03742006 0.19987206
v 0.23439400 -0.03047900 0.17534401
v -0.15273950 0.00848069 0.17692937
v -0.15942119 -0.01681369 0.17921744
v -0.17619450 0.01606675 0.22984301
v -0.20021024 -0.01966575 0.13648075
v -0.17629431 -0.01711144 0.17207162
v -0.18636887 -0.17040113 -0.20123650
v -0.17247762 -0.01113512 0.18429062
v -0.17741150 -0.06791625 0.05230163
v 0.25150612 -0.02138275 0.22520313
v 0.26579431 -0.03289200 0.21698597
v -0.20552824 0.27120200 0.23499575
v 0.16845800 -0.41790500 -0.23262700
v 0.24682063 -0.01234975 0.22473225
v -0.17757800 -0.06807412 0.08656225
v -0.11255237 0.21493199 0.22868675
v 0.19467691 0.02394759 0.23313856
v -0.20413609 0.07521618 -0.23231295
v 0.15309700 -0.01739300 0.10116900
v -0.20057100 -0.02114700 0.19530401
v -0.24061091 0.28710839 -0.26514244
v 0.17088175 -0.26514453 0.23489359
v 0.26768926 -0.01912750 0.21212751
v 0.19288488 -0.38101375 0.26416114
v 0.07815591 -0.01887106 -0.04056047
v -0.18438500 -0.15702525 0.22688775
v -0.22284144 -0.32021931 -0.22322150
v 0.27517578 -0.03743666 0.16470306
v 0.27282900 -0.02448300 0.20673163
v 0.22951125 -0.02231900 0.14257126
v -0.23480275 -0.27861050 0.19673838
v -0.21592528 0.19437756 -0.02904963
v -0.18650837 0.25825053 -0.23335817
v 0.04064400 0.22422500 -0.26072600
v -0.19386475 0.26467630 -0.23636353
v 0.07525550 0.18997137 0.23608069
v 0.10552631 0.17986663 -0.25711712
v -0.24151400 0.41073251 -0.20171775
v -0.21922299 0.38647500 -0.22546300
v 0.07573450 0.18968850 -0.23533900
v 0.06316125 0.19498700 -0.23180175
v 0.19276007 0.06467906 0.23467632
v -0.22340450 0.19794275 -0.01831938
v -0.22639044 0.36346087 -0.23503107
v -0.24789324 0.38978949 -0.20467800
v 0.03141950 0.19604300 -0.23521900
v -0.25523865 0.41385296 -0.15429422
v 0.20438950 0.09818687 -0.26056913
v 0.18729851 -0.06992625 -0.03874962
v -0.22027944 0.20341825 -0.05060669
v -0.21191250 0.19346638 -0.05747081
v -0.20523587 0.32374063 0.23259149
v -0.26330560 0.41159338 -0.09341819
v 0.17973275 -0.01961075 0.01050250
v 0.18929425 0.03026325 -0.26182926
v 0.21254775 0.04939925 -0.23285250
v 0.21172681 0.03916037 -0.23013112
v -0.10825853 0.21868922 -0.26484734
v -0.25846475 0.37256524 0.26252326
v -0.24560075 0.32391524 -0.20390175
v -0.09159300 0.19246937 -0.23618813
v -0.21165188 0.19539025 -0.07123762
v -0.01318950 0.21821100 0.23340750
v -0.20961051 0.27417326 -0.23599149
v -0.25058600 0.42831850 0.07467800
v -0.25367424 0.42859837 0.04669262
v -0.11997000 0.19176599 -0.26460576
v -0.23998450 0.28796551 -0.22070751
v 0.18241650 -0.06806700 -0.16627251
v 0.20834312 0.08418150 0.23702562
v 0.20371625 0.10515825 0.26340449
v 0.27016953 -0.04314978 0.05402134
v -0.00700750 0.22421999 0.23636401
v 0.24259400 -0.02092500 -0.22573300
v 0.22903293 -0.01629963 -0.22418100
v -0.26323551 0.42450351 0.04958050
v -0.25007999 0.37927899 0.23766249
v 0.24183474 -0.02619000 -0.22394200
v -0.25921300 0.37160176 0.20780525
v -0.26315406 0.41720194 0.06842181
v 0.19344343 0.12818737 0.23464394
v 0.22615975 -0.02031231 -0.22003663
v 0.25692216 -0.03750687 -0.20587313
v 0.13031650 0.16222988 0.26313868
v -0.24208400 0.42293200 0.13966800
v 0.04541075 0.22329000 0.26340401
v 0.24180087 -0.03528150 -0.20699231
v -0.22794150 0.37030450 0.23435450
v 0.21690650 -0.02093600 -0.21077438
v 0.20350000 0.10579875 0.23833875
v -0.23143119 0.25935632 -0.20339562
v 0.26752251 -0.03789200 -0.15600838
v 0.09493825 0.18448325 0.23590450
v 0.23790225 -0.03566625 -0.19799624
v 0.12694176 0.16657238 0.25117749
v 0.24821825 -0.03772400 -0.18978313
v 0.21067125 -0.03231600 -0.20689350
v -0.17340200 0.20345099 -0.20792501
v -0.19830599 0.20805100 -0.24960124
v -0.21171319 0.15424806 -0.20227994
v -0.17307501 0.20856901 -0.21820550
v -0.25673875 0.41083100 0.13349868
v -0.22365651 0.20946456 -0.23289099
v -0.21372625 0.15449119 -0.23269799
v -0.23988150 0.39233801 0.21936551
v 0.14007509 0.17221613 0.23462056
v -0.21465163 0.25035974 -0.16649619
v -0.21027930 0.20941748 -0.11976253
v 0.23594731 -0.02337184 -0.11412091
v 0.21044962 -0.03073075 -0.16731906
v -0.20030650 0.21215150 -0.18946400
v -0.22252920 0.21195395 -0.20311250
v 0.18641813 -0.06193300 -0.26180044
v -0.17349531 0.20583363 -0.16851825
v 0.26647550 -0.04285800 -0.09312150
v -0.17708550 0.20189203 -0.13257597
v 0.13137025 -0.02076063 -0.18313062
v -0.22348601 0.40029401 0.20917401
v 0.18564750 -0.06026475 -0.23100357
v -0.23636125 0.39762074 0.21832575
v 0.10877337 0.20925584 0.23496248
v 0.07837600 0.21975900 0.23698300
v 0.11461200 0.19915976 0.23389700
v -0.25559351 0.40503299 0.15206800
v -0.20474507 0.21142516 -0.15679522
v 0.10442138 0.20341550 0.23130138
v 0.18551290 -0.06360050 -0.25989389
v 0.10717575 -0.01825538 -0.20517913
v -0.19090788 0.17545681 -0.20370738
v 0.17204197 0.15055528 0.23458534
v 0.10555094 -0.01546625 -0.21733418
v 0.14046775 -0.01917263 -0.21502888
v -0.18920672 0.19486350 -0.12397953
v 0.23354425 -0.02180675 -0.14363851
v 0.23737051 -0.02441656 -0.00676512
v -0.25745013 0.39368051 0.10361738
v 0.27345902 -0.03262491 -0.14403924
v -0.18163675 0.20161925 -0.22182900
v -0.21527763 0.20720163 -0.08556800
v -0.24564600 0.37822601 0.23344700
v 0.17352800 0.16037950 -0.23371550
v 0.26652756 -0.03573313 -0.18690756
v -0.25334436 0.42244101 0.11441753
v -0.19256866 0.19376987 -0.09118138
v -0.18236600 0.21330725 -0.00885900
v -0.23073950 0.37401649 0.26342899
v 0.26649350 -0.03032863 -0.19952062
v 0.25452912 -0.02120856 -0.22068837
v -0.15280460 0.22074097 -0.26473716
v -0.26495928 0.42463562 0.01433109
v -0.26783401 0.41746899 -0.03196900
v -0.18524431 0.20531456 0.01997937
v -0.17955600 0.09984200 -0.20625900
v -0.25905076 0.37071651 -0.20889676
v -0.25729176 0.37393725 -0.20561776
v 0.09791550 -0.01803700 -0.06601500
v -0.21698013 0.19362563 0.01056188
v -0.24477531 0.42724431 -0.11868006
v -0.21716310 0.35863733 -0.23606235
v -0.24786822 0.37943655 -0.23484725
v 0.05466994 0.19390900 -0.23340394
v -0.23944350 0.38264549 -0.22266550
v 0.27005976 -0.03981625 0.18099324
v 0.13150594 -0.01785778 -0.00344550
v -0.22963350 0.38854837 -0.22726950
v 0.25146174 -0.03812800 0.14906549
v -0.26380199 -0.36066875 0.19813401
v -0.23115160 -0.34811974 0.22422449
v 0.20225157 -0.27952382 -0.23350638
v 0.17375700 -0.42237914 0.23368694
v 0.16099231 -0.40972495 0.26336437
v -0.06116969 0.19159317 0.26224405
v 0.23088762 -0.01997188 0.22257425
v -0.20534569 -0.11484832 0.20300987
v -0.17570250 -0.06470925 0.22750625
v -0.20108099 -0.06884300 0.20101300
v 0.22950976 -0.02084950 0.21361776
v -0.20858900 -0.26397926 -0.19853850
v -0.05516531 -0.02207137 -0.12668262
v 0.03455612 -0.02269638 -0.02242387
v -0.19878137 0.25198913 0.26437724
v 0.13571601 -0.01763775 0.10213450
v -0.19741701 -0.01744100 0.18615250
v -0.18383425 0.23453462 0.26280200
v 0.18800800 -0.42456201 -0.23080499
v -0.17859937 0.20372887 0.21911851
v 0.20102248 -0.25173268 0.26159739
v -0.17377321 -0.00520741 -0.22441362
v -0.17730400 -0.06804463 0.01747300
v -0.20632800 0.21364300 0.23869251
v 0.06086375 -0.02001800 0.09913538
v -0.08574900 -0.01967700 0.17112701
v -0.21431699 0.22110000 0.26243201
v -0.19360250 0.18091050 0.20206399
v -0.03096669 -0.01174862 0.18872921
v -0.12463000 -0.02176200 -0.14605799
v 0.05610400 -0.01873925 0.18781938
v -0.20164549 0.01939150 0.02283350
v 0.18550350 0.14205700 -0.23356250
v 0.20990500 -0.05576850 0.26635799
v -0.20477982 -0.01043247 -0.06687438
v -0.20057049 0.01921850 -0.02532450
v -0.17825450 -0.07994450 -0.20036800
v -0.19853675 -0.05497500 -0.19992062
v -0.11217200 -0.01973700 -0.04575187
v -0.20481925 -0.00962737 -0.00119450
v 0.17527950 -0.17098425 0.26330549
v -0.19063619 -0.00570131 0.17790444
v 0.15315400 -0.01762600 0.21967199
v 0.15365300 -0.00963050 0.22915751
v 0.18215550 -0.01688700 0.20739050
v 0.21250400 -0.02266575 0.26516849
v 0.08045350 -0.01927325 0.04035725
v 0.08834022 0.18855266 -0.26255772
v -0.23079924 0.40174374 -0.21681350
v 0.19560701 0.12203950 -0.23359750
v -0.25022382 0.42394656 -0.13296132
v 0.20390600 0.09948900 -0.23383600
v -0.01018837 -0.02029556 -0.11336906
v -0.11338875 0.21997188 -0.26257074
v -0.20777875 0.26836300 -0.26442125
v -0.07396743 0.19558582 -0.26453751
v 0.24610919 -0.01129950 -0.22283906
v -0.09744125 0.19411625 -0.23320937
v 0.25415701 -0.02898400 -0.22015999
v -0.24263100 0.29363376 0.20504850
v -0.25615537 0.41602537 0.12351888
v -0.19719875 0.19390425 0.02429350
v -0.02069219 -0.00530825 -0.18307856
v 0.23900312 -0.02439756 0.11516669
v 0.27805400 -0.03259625 -0.09148100
v -0.25962800 0.36747900 0.26350749
v 0.12663688 0.20192988 0.23704538
v 0.27255812 -0.03917275 -0.09774268
v 0.11897850 -0.00723375 -0.22542325
v 0.00846294 -0.00805569 -0.18727957
v -0.19090475 0.19746925 -0.18020250
v -0.25798100 0.37189299 0.26541099
v 0.12365987 -0.01912637 -0.21799250
v -0.22330700 0.39278600 0.22004950
v -0.20592116 0.19934334 -0.15230075
v 0.27046767 -0.04248619 -0.01877937
v 0.19499038 0.12827849 0.23808712
v -0.22291012 0.38274825 0.22812575
v -0.19997925 0.32497156 0.22829932
v 0.07015113 -0.01739641 -0.18446556
v 0.21226300 -0.01845600 0.00108800
v -0.22006001 0.20914400 -0.06116000
v 0.19739676 0.12256300 0.26326975
v -0.24220100 0.38078901 0.23705825
v 0.04246213 0.21049012 0.23411506
v 0.23674238 -0.02208981 -0.05374413
v 0.21211749 0.05561300 0.23774050
v -0.20820799 0.27925500 0.26350400
v 0.12315437 -0.02042475 -0.21039388
v 0.13576099 -0.01849200 -0.20628449
v 0.24553625 -0.03167175 0.13458125
v 0.15141213 0.18488812 0.23732001
v -0.25191867 0.40286094 0.18005006
v -0.24881200 0.41632438 0.16557500
v 0.22687194 -0.02381412 0.19606119
v 0.18587200 -0.02154650 -0.22748899
v -0.17048463 0.21491919 -0.18929450
v -0.26073149 0.41125819 0.09737413
v -0.17483938 0.21816550 -0.22739938
v -0.17988876 0.23180600 0.23399726
v 0.26079401 -0.03415325 -0.21058425
v -0.13080999 0.19126500 -0.26213813
v -0.23808876 0.33869874 -0.15353701
v 0.26224151 -0.02775431 -0.21274938
v 0.18659012 0.00941750 -0.26011676
v -0.23241000 0.25255600 0.26308599
v 0.10971400 -0.01941350 0.10092700
v -0.23515201 0.26153049 -0.23824149
v -0.25909114 0.40550351 -0.12777993
v -0.11464000 -0.02048150 -0.03425950
v -0.20674475 -0.00590850 -0.05127338
v -0.18982400 0.02203650 0.09971700
v -0.12971787 -0.02150750 0.12586032
v -0.19347550 0.00515587 0.16353112
v 0.24455482 -0.02920916 -0.04065816
v -0.20975387 -0.14511500 -0.22943249
v -0.11081769 -0.00406088 0.18796350
v -0.18330775 0.09181987 0.23108150
v -0.20467301 0.01049900 0.06592100
v -0.17793700 0.06603600 0.22486500
v -0.08000975 -0.02178762 0.09711087
v -0.18470475 0.12699625 0.22881950
v 0.26297426 -0.02201394 -0.21067651
v -0.19768625 0.00232200 -0.15817975
v 0.26301780 -0.03985772 -0.16056231
v 0.09969837 0.21391074 0.23920588
v -0.18354701 0.13207600 -0.22973600
v -0.21199900 0.36817926 0.22611950
v -0.18726300 0.15515751 -0.20520988
v -0.25450999 0.34470025 0.20599625
v -0.18523356 0.20518000 -0.01227625
v -0.12531801 0.21901400 0.23597001
v -0.07450482 0.19145350 0.23685007
v -0.07720375 -0.00688838 -0.17948174
v -0.20880081 0.11721388 -0.23175438
v -0.11745350 -0.01842775 -0.04682525
v 0.09803900 0.21425700 0.26360899
v -0.24025901 0.40504101 0.20673400
v -0.17654575 -0.03102725 -0.09050025
v -0.04439437 -0.00882850 0.18940100
v -0.17065024 0.21395338 -0.21254137
v -0.26694849 0.41391450 0.03548150
v 0.25767949 -0.01664750 -0.21570151
v 0.20094050 0.10467150 -0.26136687
v -0.04476538 0.22101849 -0.23289062
v -0.23260400 0.37418699 -0.23973000
v -0.23533250 0.37796849 -0.26396999
v 0.04693350 0.22332075 -0.23498926
v -0.21095756 0.21892338 -0.13263375
v -0.24421149 0.40150851 0.20592125
v 0.18999200 0.13516501 -0.25878799
v -0.25377300 0.41248801 0.15652999
v 0.24320149 -0.02434700 -0.06111200
v 0.08424250 -0.01841650 -0.20072749
v -0.24941100 0.37886050 0.26381299
v 0.05365675 -0.01632587 -0.19197206
v -0.23550776 0.26316175 0.23650850
v 0.00841600 -0.01925375 -0.03255000
v -0.24151312 0.28702363 0.23835437
v -0.14953700 -0.02075400 -0.10947100
v -0.20110488 0.19209838 -0.00962494
v 0.21098700 0.06807600 0.26457801
v -0.20699787 -0.12616250 -0.20391163
v 0.24533525 -0.03031875 -0.10446075
v -0.16154826 0.22260900 -0.23653625
v 0.18603700 0.04570075 -0.25897700
v -0.26177749 0.40057451 -0.09174100
v -0.22811000 0.36844200 0.26436099
v 0.18301050 -0.17822374 -0.26226324
v -0.22737013 0.41236225 0.18349326
v -0.09179700 -0.02076000 0.00043300
v 0.17967975 0.07362475 0.26319689
v 0.22518337 -0.02021656 0.07913344
v 0.21127126 -0.10102050 -0.23371975
v -0.24716824 0.36278868 0.13889681
v -0.24912000 0.40320501 0.19376300
v 0.26723450 -0.02532000 -0.19998150
v -0.24670316 0.35073987 -0.10596895
v 0.11616175 0.17401625 -0.23492175
v 0.20793074 0.08567850 -0.25876874
v -0.27820751 -0.39437550 -0.22342549
v 0.20129088 -0.07080162 0.20688450
v -0.04988275 -0.02136862 0.01150563
v -0.17083862 0.23433575 0.15770550
v 0.15456088 -0.01943737 -0.06076188
v -0.03406750 -0.02076600 -0.04666450
v -0.02251750 -0.02235850 -0.09357700
v -0.05329800 -0.02202650 -0.07093300
v 0.11253150 -0.01959687 0.02999713
v 0.10900225 -0.01953262 0.06489888
v -0.08809850 -0.02140825 0.06890800
v -0.00062769 -0.02025888 -0.06096800
v 0.03647700 -0.01879700 0.05554400
v -0.01274350 -0.02166750 0.03228550
v 0.14686137 -0.04906550 -0.16664444
v -0.02974763 0.02528437 -0.05040088
v -0.20725158 -0.00052642 -0.05133681
v -0.20705725 0.00364525 0.00916563
v -0.23331356 0.29597494 -0.10592175
v -0.25240862 0.34555370 0.00382562
v -0.22384350 0.21664000 0.04191300
v -0.22990838 0.31057161 0.17747200
v -0.24024400 0.29783025 0.04347075
v -0.19174500 0.31727237 0.21661276
v -0.19100951 0.32511300 0.20754676
v -0.20684400 0.38275725 0.19832025
v -0.20994288 0.37840375 0.21336463
v -0.21441050 0.39547613 0.19864237
v -0.08887969 0.00787881 0.18446213
v -0.23655675 0.41765326 0.16954800
v -0.23220375 0.42112926 0.14852500
v -0.22530225 0.41809338 0.14907788
v -0.17470050 -0.03066300 0.22745501
v 0.21223313 -0.03763288 0.24108399
v 0.28409201 -0.02566100 0.05580600
v -0.22454213 0.40074024 -0.21487813
v -0.22503451 0.40928644 -0.19957969
v 0.15564862 0.01028100 -0.22333699
v 0.18704601 0.01182900 -0.22044800
v -0.03087572 0.02132897 -0.16088806
v -0.02873887 0.02345150 -0.14353950
v 0.09286650 0.00982400 -0.21459600
v 0.10424788 0.01436119 -0.21421963
v 0.02321250 0.00753550 -0.19077200
v -0.17340900 0.23984300 0.20342050
v -0.19882925 0.35124189 0.08174387
v -0.19880150 0.36338863 -0.09571838
v -0.18511251 0.28055149 -0.07151200
v 0.26603824 -0.00464675 0.18859126
v 0.26324600 0.00256300 0.17400500
v 0.27404186 -0.01400638 -0.15540412
v 0.26906699 -0.00636888 -0.16519526
v -0.16954750 0.02336100 0.12252650
v -0.14894219 0.02469294 0.06494900
v 0.07448431 0.02353719 0.17740776
v -0.14765400 0.02502912 -0.05264287
v -0.08631306 0.02514000 -0.05932144
v 0.27365494 0.00245131 0.02217169
v 0.26412168 0.01063658 0.02950081
v 0.27264780 0.00218050 -0.05595094
v 0.22641650 0.02309375 0.12831625
v 0.26645800 0.00639319 -0.11565094
v 0.19194688 0.02754025 -0.09651837
v 0.17125562 0.02803338 -0.06084837
v 0.12167837 0.02715163 0.06490775
v 0.08524117 0.02696666 -0.01354317
v -0.22221474 0.22649100 0.07784750
v -0.17199263 0.22011563 0.14044400
v 0.21753612 0.00769763 0.21702901
v 0.24684951 -0.00147838 0.21310112
v 0.18626700 0.03916900 0.26620725
v 0.09057000 -0.01930300 -0.02023300
v -0.22166200 0.28324026 0.18699674
v 0.03107400 -0.02295325 -0.07203575
v 0.04299650 -0.01798075 -0.12983675
v 0.16780800 0.02542400 0.17188500
v 0.20532000 0.02311200 0.17671825
v 0.21104363 0.01997875 0.19041125
v 0.21639501 0.01345425 0.20751512
v 0.17242700 -0.01788088 0.06418838
v 0.13796231 -0.02006637 0.01035206
v 0.14399600 0.02703700 0.10363500
v -0.04226413 0.01158900 -0.17488074
v -0.04236175 0.01731225 -0.16851351
v -0.04858487 0.02466238 -0.10430875
v -0.18024001 0.21358219 0.05110900
v -0.17718512 0.25876737 0.20822363
v 0.13644475 -0.01900400 0.04063800
v 0.01663137 0.02572137 -0.05850900
v 0.00029450 0.02495750 -0.11093425
v 0.12530175 0.02517412 0.16559801
v 0.23580500 0.00959950 0.20240700
v 0.27067220 -0.01276106 0.19382818
v 0.26008013 -0.00844613 0.20868300
v -0.11834800 0.02223600 -0.15286100
v 0.18987937 0.02094900 0.19965288
v -0.17801769 0.20856862 0.11026163
v -0.18355544 0.27867320 0.21768956
v 0.06923325 -0.02094000 -0.09478475
v -0.21295300 0.24072550 0.17891900
v -0.17169675 0.22881825 0.13065951
v 0.12641551 -0.01954200 0.05635250
v -0.11078350 0.02385456 -0.14225188
v -0.22403300 0.20882800 0.00574000
v -0.11265650 0.01782650 -0.16375275
v -0.22144724 0.24777150 0.12223987
v -0.21649624 0.23029324 0.12697425
v 0.22800963 0.01518863 0.19341651
v 0.19141525 0.01573050 0.21357501
v -0.17120799 0.23242749 0.19025400
v -0.09723187 0.00617887 -0.17635874
v 0.24871799 0.00322400 0.20252900
v -0.17253301 0.24412750 0.13733549
v 0.09529650 -0.02016025 0.01609825
v 0.16413875 0.02288850 0.19881301
v 0.27997324 -0.02489375 0.16421138
v -0.23168337 0.27623236 0.08748300
v 0.18139675 0.02423925 0.18343049
v 0.00677350 0.02537788 0.05579688
v 0.13531300 -0.01847500 -0.02448750
v 0.01415513 -0.02158137 -0.09000587
v -0.09740900 0.01438700 -0.16960900
v 0.19541200 0.02534400 0.15317900
v -0.17106800 0.24022800 0.16812199
v 0.15715550 0.02094400 0.20754451
v -0.17779869 0.22321481 0.06406131
v 0.23012625 0.01847500 0.17546238
v 0.17174751 0.01507287 0.21858762
v -0.22965024 0.25503287 0.05717437
v 0.25416276 -0.03602200 0.09724450
v 0.13432987 -0.01835112 -0.06444250
v -0.18376251 0.29436725 0.20718975
v -0.18107200 0.29044300 0.14716300
v -0.18212700 0.29802501 0.17496200
v -0.12680900 0.02504087 -0.11115062
v 0.24881449 0.00939100 0.18368725
v 0.27205363 -0.00407750 0.16340876
v 0.22546813 0.02195038 0.15403637
v -0.18454149 0.30878901 0.18431050
v 0.24486338 0.01425681 0.16875507
v -0.17877574 0.23534749 0.04897087
v 0.02462650 -0.02207650 -0.03447000
v 0.28288838 -0.01833588 0.11320987
v 0.25256881 -0.03774944 0.05767838
v 0.12637800 -0.01808850 0.11253350
v 0.13801751 0.02777888 0.00744475
v 0.16774724 -0.01930275 -0.02069687
v -0.22352199 0.21288200 -0.02889300
v 0.13646650 0.02329050 0.19678050
v 0.18042950 0.02707175 0.07990200
v -0.23169300 0.25389650 0.01149250
v -0.14453550 0.02406450 -0.13325299
v -0.14379300 0.00788975 -0.17258374
v 0.23773393 -0.02522613 0.06363544
v -0.21615225 0.39953226 -0.20361200
v -0.22215125 0.41223875 -0.18273550
v -0.21697301 0.39227626 -0.21670212
v 0.20835750 0.08576500 0.26377401
v 0.15749063 0.01103663 0.22430663
v 0.25657576 0.01046025 0.15362568
v -0.22898450 0.41604599 -0.18341650
v 0.14480038 0.01641025 0.21763512
v -0.01082581 -0.02071750 -0.04539731
v 0.09043300 -0.01945375 0.07078925
v 0.21572900 0.02438100 0.13783599
v 0.02386400 0.02472300 0.11340575
v -0.18048362 0.22645526 0.01301412
v 0.06702800 -0.02087550 0.04405400
v -0.22809200 0.23743699 -0.01232800
v 0.10252962 -0.01793550 0.11826412
v -0.14946850 0.01533912 -0.16219600
v 0.05414138 0.02574038 -0.14391038
v 0.11956550 0.02072750 0.20592050
v -0.18275462 0.27271670 0.06916775
v -0.18594150 0.31155899 0.19655401
v 0.15379076 0.00363975 0.22878350
v 0.12695000 0.02780000 -0.09002500
v -0.24358401 0.36883351 0.18572150
v 0.01685700 0.02191187 -0.17116512
v 0.20313050 0.02608675 0.08945688
v -0.14752725 0.02114487 -0.14876063
v 0.17058632 0.02767738 0.03134825
v -0.16824250 0.02093500 -0.13590150
v 0.08374912 -0.01846675 -0.17734650
v 0.24577218 0.01745187 0.13661131
v 0.26487094 -0.04428350 0.01624931
v 0.13352862 0.01168275 0.22247750
v 0.05052337 -0.02147375 0.04134088
v 0.08947250 -0.01882825 0.12746650
v 0.05768800 -0.02089900 0.06586800
v 0.10814000 0.01561550 0.21434550
v 0.08832187 0.01860763 0.20557225
v 0.03373713 0.02420988 -0.16425313
v 0.07124165 0.02196700 0.19028163
v -0.16607313 0.01731406 -0.15107638
v -0.22776587 0.25174743 -0.05822181
v -0.02464025 -0.02065300 -0.01975450
v 0.24615499 0.01894600 0.10977700
v 0.27677199 -0.00321500 0.12068200
v 0.26820126 0.00630212 0.11649906
v -0.18058006 0.22483282 -0.02371381
v 0.15336224 -0.00375575 0.23024100
v -0.20206375 0.34652513 0.22280337
v -0.11059978 0.02489916 0.00738828
v -0.17189901 0.00838025 -0.16592225
v -0.16330412 0.02484200 -0.07176487
v -0.21777999 0.22635075 0.23660475
v 0.10252613 0.01079925 0.21774019
v 0.13222000 0.02760800 -0.15237600
v 0.13038850 -0.00016063 0.22829451
v -0.16534750 0.02390950 -0.11255500
v 0.27756724 -0.00188344 0.08689012
v -0.20019475 0.35221675 0.21389601
v -0.18742625 0.31695050 0.13818225
v -0.17347351 0.02222875 -0.11688400
v -0.18217576 0.01155100 -0.15327124
v -0.21084188 0.22027737 0.26373437
v 0.25983524 0.01304150 0.10407662
v -0.21853900 0.21795800 -0.07970250
v -0.01586350 -0.02044100 0.00003600
v 0.04354525 0.01807787 0.19397457
v -0.18071000 0.01784950 -0.13391951
v -0.18233800 0.25514826 0.02488600
v -0.04430287 0.02399925 0.12321337
v -0.06508250 -0.02133000 -0.04746350
v 0.22461125 -0.02002187 -0.03669412
v 0.27227399 0.00444125 0.08546712
v 0.21801987 0.02525312 0.02709600
v -0.18526275 0.27483276 -0.01116300
v -0.07687750 -0.02188931 -0.07324444
v -0.07801500 0.02490813 0.06741332
v 0.06784725 0.00993444 0.20975712
v -0.19316825 0.31874111 -0.00089100
v 0.00928675 0.02346275 0.14963751
v 0.24036750 0.02104075 0.06396312
v -0.19870199 0.36629900 0.18389100
v 0.00153013 0.02235550 0.16832162
v 0.00914725 0.02055781 0.17922425
v 0.25078925 0.01768925 0.07830800
v -0.23674400 0.28538960 -0.04309988
v -0.17764662 0.22080193 -0.07232169
v -0.19189313 0.00928412 -0.14788988
v 0.18490051 -0.06682700 -0.23457600
v -0.24352813 0.30736786 0.01417425
v -0.07651725 -0.02080587 -0.02399175
v -0.18410550 0.02412100 -0.04990800
v -0.19048150 0.01663350 -0.11726350
v 0.19811225 0.02703775 -0.00547725
v -0.24237600 0.38707700 0.21745349
v -0.24787037 0.38272199 0.19021262
v -0.18175399 0.24828950 -0.02450650
v -0.00431950 -0.02122475 0.07358394
v 0.07825250 0.02489506 -0.18487631
v -0.19851901 0.35734451 0.20186450
v -0.01583644 -0.02165256 0.05602325
v -0.21676449 0.38078550 0.22411825
v -0.14809194 -0.01966231 -0.07812750
v -0.25109550 0.39039049 0.18218900
v -0.03061581 -0.02084194 0.11623988
v 0.18586349 0.14535400 0.23742925
v -0.04397000 -0.02071300 0.02941700
v 0.23100525 0.02328106 0.01015894
v -0.19643450 0.36100900 0.16935299
v 0.24774402 0.01874747 -0.01582797
v 0.03026338 -0.00022725 0.20203206
v -0.19650063 0.33583713 0.06523112
v -0.18783550 0.29072449 0.00253700
v 0.11251000 0.02678500 -0.17808400
v -0.17702325 0.23546600 -0.07420675
v -0.19639400 0.36113900 0.14754200
v -0.19327299 0.34292799 0.12750675
v -0.05090444 0.02141638 0.16512388
v -0.18879300 0.29967076 0.04863275
v -0.21792200 0.39227450 0.21297026
v -0.00512337 -0.04863781 0.14633425
v -0.18994731 0.02341881 0.02384344
v -0.02084250 0.01192713 0.18617500
v 0.09989025 0.01994063 -0.20632012
v -0.17336375 0.22451937 -0.11528687
v -0.11793900 0.02480250 0.10614350
v 0.10248812 0.00017825 -0.22080076
v 0.25316799 -0.03795900 -0.12676349
v -0.24931926 0.33563974 0.03150050
v -0.20327625 0.38050851 0.18331100
v -0.14215812 -0.01779469 -0.03939369
v -0.21073012 0.39939049 -0.18076138
v -0.21653774 0.40758601 -0.17938650
v -0.18068326 0.25301376 -0.05265000
v -0.18330812 0.26741201 -0.04276587
v -0.03828547 0.00727847 0.18713585
v -0.03078625 -0.01994500 0.13296451
v -0.20813926 0.39042026 -0.19491300
v -0.20068650 0.37687901 0.15926750
v -0.25792950 0.40416649 0.11745150
v 0.26513150 0.00931978 -0.04699850
v 0.21295400 -0.04767100 -0.23322700
v -0.22155587 0.40689889 0.19017351
v 0.10700937 0.02369088 -0.19931374
v -0.17551650 0.24238250 -0.09684050
v -0.16042750 -0.01765450 0.01930600
v -0.17309800 0.23034000 -0.11894550
v -0.19920126 0.36492699 0.11599875
v -0.20879699 0.39689949 0.16314749
v -0.10228500 0.02334100 0.15296599
v -0.21539725 0.40394726 0.17923625
v 0.12108125 0.02555550 -0.19413625
v -0.18027499 0.26416701 -0.07825500
v -0.07981700 -0.02169850 0.12736750
v -0.25729600 0.36718649 -0.02626750
v -0.14158088 0.02387975 0.13508788
v 0.28010899 -0.02583900 -0.09447350
v -0.16233450 0.02458650 0.10489250
v 0.16908075 0.02768675 -0.14356676
v 0.23276338 0.02330963 -0.05625050
v 0.21663475 0.02589800 -0.11030350
v -0.18113300 0.02390200 0.09645100
v -0.16995600 0.22865200 -0.18232800
v -0.19636725 0.33240175 0.00480700
v -0.20687699 0.38858700 0.10567775
v 0.12970412 0.01973988 -0.21115212
v 0.25385800 0.01589300 -0.10491300
v -0.21160850 0.38758749 -0.21271551
v -0.22088650 0.41138399 0.17287000
v -0.20908000 0.39768925 0.14541849
v 0.14761400 0.02678725 -0.18106750
v -0.18799275 0.29815599 -0.05247150
v -0.15023975 -0.01871450 0.05821788
v -0.21568750 0.40838051 0.15854050
v 0.14177650 0.01661525 -0.21662812
v 0.15253276 0.02433150 -0.19861175
v 0.20017700 0.11206425 -0.25799775
v -0.20431425 0.36310300 0.01226600
v 0.27990851 -0.01817687 -0.10150025
v -0.26485351 0.39323199 0.00346750
v 0.27617800 -0.00586500 -0.10680800
v -0.16696800 0.01237000 0.16794100
v -0.11420125 0.01291300 0.17873000
v -0.13403125 -0.02134212 0.08118787
v -0.21882574 0.41291201 0.14506125
v 0.22953725 0.02361288 -0.12569000
v -0.18569912 0.29328713 -0.08160062
v -0.15423837 0.02011737 0.15280038
v 0.24104300 0.02111250 -0.10691800
v -0.18378624 0.02198887 0.11646637
v 0.17867525 0.02605725 -0.17914875
v -0.17226601 0.24932425 -0.17515200
v -0.12314250 -0.02322750 0.10448950
v -0.21026456 0.38475257 0.04281844
v -0.19213912 0.32287914 -0.06096925
v -0.16969401 0.23036425 -0.20176326
v 0.27604675 -0.01626000 -0.14441875
v -0.11592700 -0.02160000 0.13668200
v 0.18778525 0.02691950 -0.15419374
v 0.16897975 0.01787575 -0.21298450
v -0.17233275 0.02040850 0.14076149
v -0.17103975 0.23254088 -0.21222487
v -0.17845175 0.27799001 -0.14124475
v -0.21192762 0.39594400 0.07861275
v -0.21453625 0.40632150 0.10183950
v -0.22557619 0.29451212 -0.16930474
v -0.22759806 0.42145380 0.10974431
v -0.15693100 -0.01962550 0.08227850
v -0.22217950 0.41638100 0.09536962
v 0.18580700 0.02303275 -0.19355799
v -0.18717350 0.01886475 0.13033125
v 0.18526250 0.01901325 -0.20712376
v 0.25942600 0.01150075 -0.12886550
v 0.20998213 0.02502500 -0.15822338
v -0.20287775 0.00131613 0.10553207
v -0.18047437 0.01427600 0.15534012
v 0.27099049 -0.00128800 -0.13884550
v 0.24384150 0.01926775 -0.13158025
v -0.26428199 0.39345050 -0.03244500
v 0.20592025 0.02294100 -0.18090625
v -0.22833981 0.31583267 -0.18308465
v -0.26718295 0.40639356 -0.00468238
v -0.17586362 0.25409663 -0.21735312
v -0.22026175 0.41260770 0.07666925
v -0.17324738 0.25756556 -0.19615731
v -0.17594050 0.00410750 0.17736150
v 0.22761250 0.02205200 -0.15622550
v -0.21723551 0.40234825 0.04892750
v -0.19347601 0.33931601 -0.09421300
v 0.26423487 0.00430450 -0.15258799
v 0.24014901 0.01842600 -0.15567300
v -0.20081638 0.35741782 -0.04718881
v -0.23761450 0.42615500 0.04317900
v 0.20718762 0.01465238 -0.20942275
v -0.18061225 0.00766950 0.16997950
v 0.25270861 0.01328450 -0.15096113
v 0.22919925 0.01853475 -0.17575988
v 0.21604100 0.01829550 -0.19270951
v 0.26108500 -0.00628213 -0.18995063
v 0.25948176 0.00315125 -0.17322750
v 0.22158775 0.00734087 -0.21603300
v 0.23285006 -0.00153919 -0.22151044
v 0.22423288 0.01194425 -0.20422874
v 0.25002325 0.01087413 -0.17156562
v 0.23631163 0.01273325 -0.18889663
v -0.22890975 0.41962168 0.04921031
v 0.25005850 -0.00951800 -0.21716025
v -0.18260525 0.30125850 -0.20637850
v 0.24492012 0.00617062 -0.19475175
v 0.23634450 0.00163475 -0.21457274
v -0.17961963 0.29347938 -0.19623375
v -0.21609981 0.40098569 -0.01770181
v -0.21970028 0.40931672 -0.02545600
v -0.21401438 0.40069401 -0.05987563
v -0.20999900 0.26557350 -0.26643950
v -0.22450300 0.41522881 0.00414625
v -0.18141775 0.30693099 -0.17929424
v -0.10100050 0.22025301 -0.23549700
v -0.23029813 0.33352357 -0.19177738
v -0.23317638 0.42385364 0.01111700
v -0.20894200 0.38682300 -0.05493200
v -0.18628626 0.32778350 -0.15372625
v -0.19991399 -0.03512000 0.22612651
v -0.24978881 0.38201851 -0.15591162
v -0.18646650 0.30790550 -0.21544950
v -0.22501425 0.41699624 -0.05108150
v -0.19140249 0.34689650 -0.13450301
v -0.18685900 0.32479411 -0.20023562
v -0.24061094 0.42803603 -0.06586137
v -0.18714125 0.33494624 -0.17592050
v -0.23254375 0.42383355 -0.06467666
v -0.18925750 0.34161651 -0.18736926
v -0.19512275 0.36698750 -0.16568275
v -0.19874750 0.36002001 -0.20849600
v 0.21210700 0.06180550 -0.25861400
v -0.22188188 0.41663775 -0.10235150
v -0.21217012 0.40527651 -0.11534513
v -0.19764601 0.37288550 -0.13770349
v -0.20300682 0.34993213 -0.22637343
v -0.23306824 0.42532051 -0.11570300
v -0.19538601 0.36227363 -0.18838125
v -0.20482825 0.39116949 -0.12338300
v -0.20312575 0.36312276 -0.21803625
v -0.22257949 0.41802749 -0.14365751
v -0.22904775 0.42239174 -0.13987075
v -0.20479737 0.39343849 -0.15233600
v -0.20040025 0.38217449 -0.16767401
v -0.21247201 0.40625051 -0.15321501
v -0.20264125 0.38393250 -0.18250126
v -0.23419812 0.42228425 -0.15496562
v -0.20289850 0.37493351 -0.20355825
f 8 5 21
f 3 7 411
f 11 772 409
f 772 11 14
f 451 850 15
f 62 65 64
f 74 579 649
f 867 1799 77
f 831 315 817
f 1347 876 1053
f 623 616 804
f 163 164 156
f 170 156 164
f 642 189 197
f 189 198 197
f 233 630 1719
f 239 1250 260
f 261 260 1250
f 130 274 611
f 1435 1434 1436
f 290 1347 187
f 117 307 123
f 379 1492 1290
f 569 98 663
f 359 1040 97
f 89 91 90
f 936 938 1022
f 481 325 334
f 392 391 495
f 692 1872 142
f 694 695 413
f 409 689 11
f 346 379 342
f 1290 1023 1916
f 423 920 443
f 849 847 941
f 454 677 405
f 459 843 688
f 460 400 401
f 471 1164 286
f 489 490 1225
f 374 1096 833
f 517 144 524
f 284 193 539
f 636 34 16
f 201 545 193
f 551 552 562
f 626 823 333
f 73 554 59
f 1021 895 566
f 571 935 226
f 234 1390 1021
f 321 579 74
f 584 586 587
f 586 593 589
f 210 1721 251
f 261 262 226
f 133 581 137
f 299 617 837
f 134 122 280
f 281 282 283
f 261 226 260
f 251 252 210
f 560 555 562
f 260 557 886
f 797 452 457
f 1761 1934 1940
f 203 565 566
f 448 667 476
f 673 796 672
f 284 202 201
f 284 201 193
f 393 794 676
f 489 371 679
f 489 679 490
f 377 470 469
f 682 1949 683
f 403 218 456
f 454 405 404
f 410 120 124
f 76 78 3
f 677 691 689
f 416 849 941
f 519 904 351
f 503 89 723
f 89 503 845
f 866 485 486
f 90 726 1796
f 726 90 91
f 729 728 95
f 1801 679 95
f 371 467 498
f 732 727 728
f 739 105 100
f 426 754 753
f 169 756 1406
f 1405 169 1406
f 154 757 887
f 566 543 768
f 449 450 848
f 15 704 17
f 704 1293 17
f 882 665 1198
f 450 2 848
f 413 408 694
f 472 1388 492
f 788 786 326
f 64 378 82
f 792 388 675
f 1449 1365 342
f 796 673 1715
f 365 364 499
f 864 801 190
f 286 1154 838
f 615 181 901
f 609 808 809
f 522 1081 367
f 175 261 814
f 98 667 663
f 611 1611 130
f 729 364 820
f 104 587 300
f 305 816 592
f 639 311 314
f 765 822 45
f 2012 936 1022
f 739 100 516
f 1179 907 750
f 914 75 789
f 1377 1502 1880
f 302 903 146
f 14 11 414
f 12 847 849
f 1149 740 424
f 283 134 281
f 127 810 813
f 141 613 612
f 798 199 191
f 405 677 689
f 231 232 1333
f 899 1231 708
f 144 150 145
f 879 757 154
f 565 214 207
f 226 223 557
f 234 207 266
f 877 876 1347
f 625 180 263
f 524 1828 517
f 712 1044 1042
f 902 1006 814
f 339 111 112
f 353 718 875
f 719 875 718
f 820 365 737
f 725 491 486
f 349 909 1662
f 105 102 100
f 740 1149 736
f 366 1894 1687
f 427 425 426
f 478 672 470
f 113 356 733
f 393 358 794
f 400 1876 401
f 412 76 3
f 19 14 846
f 772 14 451
f 88 142 24
f 337 702 736
f 702 161 740
f 950 1388 1154
f 1215 1787 1845
f 2038 2006 1820
f 347 678 1398
f 1364 1459 1862
f 2334 2203 2204
f 2334 2204 2335
f 6 1 7
f 1532 2164 973
f 687 277 310
f 1114 1477 1134
f 755 885 155
f 433 432 1287
f 505 1305 1534
f 1017 1109 2159
f 1236 1335 1288
f 1611 129 826
f 1074 803 1581
f 957 2313 1649
f 1549 1576 1073
f 377 667 448
f 638 1697 862
f 322 315 577
f 1134 793 1868
f 1195 1532 1257
f 696 450 449
f 444 475 422
f 258 206 212
f 1392 895 1119
f 709 1862 1445
f 1413 50 1322
f 1471 714 1478
f 1779 1761 2023
f 547 541 546
f 1801 490 679
f 339 340 149
f 523 513 1232
f 1230 1272 1284
f 2486 2335 2204
f 963 1124 1337
f 682 544 759
f 958 1175 1176
f 1157 2045 2099
f 337 520 173
f 1727 1304 645
f 404 405 459
f 633 593 586
f 1377 1880 1296
f 1690 165 163
f 586 584 633
f 664 1096 374
f 556 555 32
f 1900 1001 1904
f 558 654 552
f 27 987 552
f 1652 1992 998
f 811 664 374
f 109 635 588
f 1154 286 1164
f 80 410 124
f 124 47 80
f 19 18 850
f 416 1293 704
f 745 446 60
f 141 152 613
f 1712 1070 1561
f 598 1714 1585
f 1326 1280 1369
f 1111 1345 1297
f 95 728 1801
f 1133 1180 1332
f 940 969 2047
f 883 2297 531
f 749 544 760
f 537 541 547
f 155 151 150
f 524 145 525
f 947 2032 2021
f 1346 1135 1732
f 787 262 1718
f 1179 1010 907
f 970 1742 440
f 334 325 326
f 452 1218 457
f 462 735 116
f 9 10 29
f 12 773 695
f 20 849 416
f 1091 1239 1237
f 651 59 58
f 90 92 89
f 831 101 99
f 113 112 111
f 853 1303 1560
f 207 198 266
f 1342 1027 954
f 234 1191 1391
f 1272 1031 1033
f 135 1206 871
f 1161 1125 1285
f 1281 1230 1209
f 992 344 1608
f 809 808 856
f 856 630 809
f 380 978 1525
f 794 358 791
f 55 54 1766
f 489 1035 371
f 411 44 1221
f 475 178 422
f 423 424 920
f 1692 2010 1778
f 471 271 237
f 1225 490 480
f 490 1036 480
f 1534 1305 979
f 320 319 1795
f 541 155 885
f 556 551 555
f 249 240 578
f 606 593 621
f 278 905 1249
f 861 1306 153
f 141 612 609
f 288 1166 104
f 570 1673 318
f 975 1114 1134
f 732 728 729
f 254 237 271
f 89 92 723
f 71 742 722
f 795 723 92
f 1225 25 489
f 2067 2408 1210
f 1839 1157 1140
f 846 414 695
f 462 1315 735
f 359 105 739
f 113 114 1812
f 206 870 869
f 1369 1280 1358
f 746 60 446
f 65 743 716
f 1170 2471 965
f 436 1759 1758
f 544 543 760
f 1189 1125 960
f 768 203 566
f 18 704 15
f 778 359 97
f 695 773 846
f 411 24 3
f 1071 776 777
f 399 398 1223
f 102 365 731
f 800 469 799
f 582 1346 197
f 594 134 283
f 998 2253 1669
f 1311 324 819
f 1168 2325 999
f 1001 996 1092
f 522 979 1305
f 448 476 376
f 300 587 586
f 453 3 24
f 414 846 14
f 597 274 1107
f 38 1322 50
f 624 597 856
f 597 630 856
f 164 165 1574
f 369 484 483
f 1140 2359 1933
f 1954 1983 1038
f 1121 1336 1047
f 757 763 887
f 1480 1447 2029
f 1135 582 578
f 530 751 752
f 1346 642 197
f 339 748 111
f 226 557 260
f 63 765 1086
f 77 94 157
f 2382 2421 2357
f 2008 1897 988
f 390 950 1154
f 1860 965 1147
f 273 641 218
f 971 777 1069
f 6 7 10
f 1235 1120 223
f 1375 454 404
f 1376 1377 842
f 1304 165 1690
f 1446 1275 1146
f 1670 1385 1580
f 2060 1386 2026
f 319 525 145
f 1016 792 1301
f 1301 792 675
f 1390 1391 951
f 1319 1063 937
f 1933 1936 1839
f 1400 1399 1919
f 319 747 525
f 1828 525 336
f 1403 217 1404
f 1415 1833 1453
f 309 763 879
f 1409 298 536
f 669 1775 535
f 1420 1427 1146
f 1190 944 2202
f 1267 1447 701
f 36 38 770
f 1416 1403 1404
f 437 1459 439
f 26 1466 1464
f 703 429 943
f 136 561 161
f 736 1149 423
f 924 736 423
f 23 443 920
f 22 445 1167
f 204 1460 881
f 1474 1475 1468
f 1297 1999 1854
f 70 971 29
f 44 80 1488
f 407 694 408
f 142 120 410
f 409 772 843
f 220 668 1456
f 1297 1267 884
f 1262 221 1491
f 888 233 1507
f 1494 1493 1371
f 399 460 657
f 456 218 641
f 1163 641 273
f 472 783 474
f 286 838 474
f 1502 1378 1880
f 1758 815 1277
f 563 495 391
f 358 563 391
f 900 1192 250
f 396 382 1300
f 393 1162 358
f 1504 1244 1699
f 1521 1218 507
f 1409 536 537
f 977 217 1562
f 1527 1910 1011
f 1529 368 1707
f 1720 1013 1597
f 1301 511 1096
f 1545 1254 1546
f 372 1552 370
f 434 366 1540
f 799 469 1683
f 1551 1555 529
f 1681 1536 1590
f 257 1557 798
f 1111 1571 1572
f 856 808 1201
f 1698 1350 1554
f 137 775 133
f 1575 1592 1550
f 1695 626 534
f 839 1591 1874
f 529 1555 1600
f 146 618 1103
f 1253 276 609
f 2476 2493 2483
f 1106 138 621
f 1379 1606 1380
f 1606 1379 1599
f 768 683 1949
f 1396 1001 1900
f 1582 28 40
f 1252 1641 1592
f 56 716 746
f 1990 1627 1614
f 1086 341 1152
f 1597 1089 1619
f 651 554 992
f 1597 66 1089
f 779 1664 1258
f 68 998 1673
f 1588 1166 1609
f 323 318 644
f 812 1670 1626
f 824 1652 68
f 1620 1646 1659
f 1659 567 1620
f 993 1660 1238
f 1238 1660 1652
f 779 1258 995
f 854 909 1648
f 670 671 887
f 1166 1588 1612
f 955 1239 1091
f 1663 827 825
f 1651 1314 1639
f 352 872 1486
f 341 1086 45
f 41 655 821
f 874 132 1020
f 303 121 594
f 1597 1013 66
f 586 589 1675
f 1120 669 662
f 35 1616 1234
f 357 637 542
f 1610 1596 1613
f 110 906 1601
f 80 1873 1488
f 1145 614 615
f 362 8 13
f 139 129 618
f 1352 1598 1560
f 610 835 906
f 837 617 1594
f 532 1563 1589
f 1604 1583 1564
f 1486 829 1473
f 1883 1585 1956
f 1578 1572 858
f 615 623 181
f 301 693 1129
f 1569 1242 1570
f 515 102 105
f 470 377 478
f 1557 199 1928
f 1712 1716 1070
f 1722 386 385
f 500 792 1016
f 479 1878 386
f 209 224 208
f 224 248 208
f 1393 1394 1509
f 1211 793 1298
f 2069 1299 1303
f 1729 688 269
f 782 1271 844
f 2457 1326 1369
f 1286 1064 1747
f 412 410 47
f 4 941 847
f 575 895 951
f 1478 1482 1733
f 233 1955 1187
f 1193 232 231
f 246 230 231
f 916 1279 726
f 444 1167 445
f 1734 1480 1859
f 561 1869 619
f 215 232 1193
f 920 424 619
f 924 520 736
f 337 39 702
f 379 346 599
f 1365 1736 342
f 785 1956 2036
f 1740 1455 1024
f 770 1439 2015
f 36 1864 1458
f 249 578 582
f 966 1063 707
f 1756 255 221
f 1412 1424 1856
f 2023 1761 1940
f 1435 2023 1940
f 1463 548 292
f 890 891 1381
f 293 1469 1433
f 201 202 545
f 887 549 670
f 1686 397 1766
f 926 462 1723
f 721 1925 1776
f 764 669 535
f 1970 1769 1174
f 292 291 671
f 885 1428 559
f 878 1291 1340
f 761 764 535
f 734 1277 157
f 680 897 327
f 1279 1308 1789
f 1056 371 1035
f 1315 1224 480
f 537 1786 1797
f 490 1801 1036
f 1840 731 1803
f 493 86 491
f 867 845 1799
f 1020 1204 1419
f 145 1657 1795
f 1941 1331 484
f 1818 167 701
f 1425 1464 1282
f 1485 690 1395
f 748 339 149
f 350 923 715
f 523 348 513
f 739 115 1041
f 351 513 348
f 1983 1954 2021
f 352 2042 2344
f 62 743 65
f 869 147 206
f 712 1042 527
f 1229 1815 1402
f 209 208 1244
f 874 1943 115
f 1946 2304 1942
f 1124 1206 135
f 713 754 425
f 1818 1283 167
f 1826 1961 2020
f 2020 1929 1804
f 1797 151 537
f 493 491 725
f 1347 1053 1132
f 1810 1433 1841
f 1410 1788 1429
f 1788 1542 1429
f 1409 547 1430
f 1790 205 1054
f 1927 1308 1780
f 2232 897 680
f 880 185 320
f 1434 2036 1848
f 211 886 761
f 742 738 722
f 157 1277 71
f 669 868 1775
f 742 447 738
f 662 669 1765
f 1268 559 1428
f 716 745 60
f 1762 1412 1049
f 974 1938 1453
f 1291 2123 243
f 1410 1429 1242
f 1422 1323 1757
f 240 214 774
f 1421 1030 1363
f 1414 1431 1282
f 1065 1497 1495
f 1745 1469 1265
f 571 787 868
f 1062 246 1333
f 404 1729 842
f 180 158 901
f 1747 37 433
f 437 1448 1454
f 1297 242 1111
f 1867 36 1458
f 1457 1867 1458
f 2011 1850 1925
f 1023 1290 766
f 1859 1110 1517
f 520 1408 1468
f 1067 591 590
f 1137 1138 239
f 445 22 417
f 1368 1468 1479
f 14 19 850
f 1479 1481 1484
f 776 9 1069
f 623 804 181
f 601 805 159
f 1934 1590 1536
f 1382 1188 615
f 200 1696 1921
f 1485 1876 1318
f 844 237 782
f 1271 782 241
f 952 1876 400
f 1389 189 1595
f 286 474 686
f 804 180 181
f 395 495 1163
f 497 394 681
f 270 804 616
f 178 39 173
f 173 39 337
f 625 270 158
f 158 270 1575
f 153 1560 1693
f 814 1006 175
f 139 622 162
f 162 146 903
f 1105 607 605
f 620 600 905
f 1560 153 835
f 790 496 384
f 1722 385 1885
f 1322 38 1746
f 1317 674 1099
f 383 384 1160
f 1975 1884 295
f 1910 508 1011
f 1509 1522 1535
f 448 376 377
f 478 376 1887
f 380 1511 1005
f 978 380 1005
f 1543 981 510
f 103 160 1324
f 1106 852 138
f 368 465 372
f 1548 1556 1706
f 296 592 297
f 402 514 1305
f 514 402 1361
f 522 1305 381
f 285 368 370
f 779 302 146
f 23 699 698
f 375 528 526
f 1666 1355 73
f 1520 569 212
f 276 72 84
f 927 1083 1233
f 360 1582 540
f 540 1691 360
f 416 704 20
f 323 73 818
f 75 314 311
f 1987 1397 953
f 1678 1676 1683
f 75 311 1654
f 20 773 849
f 1615 953 1397
f 28 1582 360
f 773 20 19
f 995 1258 1899
f 1579 1622 1625
f 307 1625 574
f 28 1903 1631
f 2480 2484 2463
f 717 32 343
f 1979 1633 1631
f 1905 1628 43
f 552 654 717
f 46 341 45
f 79 16 34
f 349 1600 1648
f 1656 1148 1153
f 1148 1656 1647
f 8 21 13
f 779 995 821
f 1579 1156 1622
f 47 76 412
f 1873 1499 1488
f 195 168 363
f 1602 1535 1984
f 1156 806 362
f 799 1683 1676
f 99 577 831
f 1539 1564 1583
f 1902 1674 1914
f 908 1661 1644
f 1694 1508 1889
f 405 409 843
f 1706 1556 1986
f 511 833 1096
f 1705 1541 1540
f 1912 1082 1095
f 585 107 303
f 101 831 817
f 508 435 1539
f 1896 629 109
f 1513 435 1160
f 1709 1518 330
f 1667 903 302
f 297 816 640
f 1892 2255 104
f 300 1892 104
f 358 1717 791
f 388 390 380
f 103 1324 1102
f 814 627 125
f 125 589 606
f 1103 1181 1664
f 386 1722 479
f 110 603 109
f 838 472 474
f 289 1646 1107
f 123 139 117
f 287 627 1250
f 1163 273 395
f 1591 839 602
f 1977 1755 1443
f 289 274 130
f 1352 1682 1598
f 835 119 1352
f 17 2049 1483
f 17 1483 1019
f 1575 1252 1592
f 1388 838 1154
f 445 417 714
f 1870 1273 1468
f 589 593 606
f 1468 1368 520
f 736 520 337
f 481 308 325
f 136 702 39
f 109 629 108
f 1607 1138 1137
f 769 1901 1462
f 940 758 33
f 1688 858 1701
f 1459 437 1454
f 2477 1444 1758
f 1446 939 1423
f 37 1864 36
f 1425 1863 1743
f 857 1454 1448
f 266 189 1389
f 1184 1137 2001
f 42 1856 857
f 1861 1060 1413
f 388 792 500
f 1426 1749 1443
f 1461 1661 908
f 926 706 437
f 430 1924 932
f 1407 1060 1026
f 2035 1755 1977
f 1394 268 1503
f 710 1413 51
f 1713 1537 1712
f 1559 1558 784
f 753 754 713
f 1546 793 1545
f 1303 1299 1015
f 447 863 738
f 1519 648 1015
f 1737 458 455
f 1780 1776 1927
f 458 464 455
f 464 1280 455
f 1780 1777 1776
f 1769 1970 25
f 1073 1117 1549
f 1391 1390 234
f 1376 687 1502
f 1491 227 251
f 1796 1789 1308
f 977 1404 217
f 243 219 238
f 493 485 86
f 1295 1139 1115
f 90 1295 1115
f 851 1036 1801
f 1267 1930 2029
f 1814 1793 1049
f 653 881 873
f 656 225 246
f 97 1040 1813
f 1228 1226 1331
f 868 1235 223
f 796 469 672
f 215 264 1116
f 1235 868 669
f 1196 245 671
f 669 1120 1235
f 144 517 715
f 348 523 327
f 205 1460 204
f 751 877 752
f 150 1797 145
f 1467 893 187
f 150 755 155
f 749 759 544
f 291 313 154
f 894 1409 1430
f 759 1949 682
f 962 1415 1289
f 71 722 721
f 212 206 147
f 1034 1126 194
f 1222 1142 1976
f 126 171 1771
f 789 830 914
f 884 167 1297
f 874 1020 1632
f 899 747 319
f 1291 238 1340
f 145 524 144
f 1002 1185 744
f 1945 1219 2308
f 1043 1204 1939
f 774 2041 572
f 2022 1833 1941
f 115 1943 1041
f 1027 1010 954
f 2040 1010 1027
f 1823 1825 1828
f 1960 135 871
f 1745 1519 659
f 575 1087 928
f 925 106 353
f 219 922 1066
f 222 781 1259
f 868 787 265
f 1346 582 1135
f 913 247 1065
f 845 503 1812
f 1329 1494 1559
f 466 1220 477
f 494 1836 1178
f 802 210 252
f 1966 1804 1929
f 257 798 191
f 87 369 1964
f 1536 1681 801
f 724 1798 1302
f 638 862 1963
f 2455 2456 2479
f 170 164 1574
f 867 77 1791
f 1315 851 735
f 1968 902 138
f 2079 1175 958
f 1814 1214 1032
f 1927 1785 1308
f 1306 1350 1601
f 1560 835 1352
f 1103 618 1181
f 1327 1107 1646
f 906 110 108
f 841 906 108
f 1056 53 1926
f 287 589 627
f 615 632 1145
f 1246 103 834
f 283 303 594
f 602 85 1101
f 746 716 441
f 441 716 743
f 832 307 574
f 1059 706 1418
f 48 1061 1287
f 432 48 1287
f 857 1448 1432
f 1445 857 1857
f 1445 1857 709
f 762 436 1444
f 433 1442 1747
f 1043 1835 1204
f 67 328 66
f 43 1173 997
f 1918 762 1920
f 332 1634 917
f 769 762 1918
f 917 1635 332
f 758 940 2047
f 821 995 1630
f 987 562 552
f 703 943 1028
f 702 740 736
f 1167 444 422
f 1644 1676 1678
f 418 4 176
f 417 174 657
f 1979 1631 1903
f 1618 333 823
f 1621 118 41
f 1223 400 399
f 1223 398 684
f 824 68 570
f 783 471 686
f 391 392 1155
f 1687 1680 118
f 396 473 382
f 1502 687 1378
f 1164 1724 390
f 830 789 1654
f 950 390 500
f 285 540 1582
f 1691 540 1552
f 1695 534 811
f 1083 402 1233
f 504 1524 675
f 195 1084 168
f 1543 383 385
f 316 1586 373
f 452 1885 1160
f 945 1891 1563
f 1218 452 508
f 1310 1005 1511
f 508 1539 1710
f 1539 1573 1544
f 457 1218 1075
f 488 929 1567
f 931 1510 1577
f 1011 1710 1544
f 1510 931 533
f 1159 1523 1521
f 435 1708 1541
f 1715 1887 636
f 1705 1539 435
f 1529 452 797
f 806 1158 1100
f 573 307 832
f 1076 1717 358
f 1505 2081 1548
f 949 676 1317
f 386 387 385
f 393 949 1099
f 1512 1378 330
f 1566 1580 1567
f 1008 518 30
f 237 844 1488
f 1567 192 195
f 1483 1394 1393
f 1620 1005 1310
f 176 268 418
f 828 927 1233
f 35 30 518
f 1019 772 451
f 15 1019 451
f 20 18 19
f 698 697 23
f 838 1388 472
f 1408 520 924
f 101 595 99
f 1671 1670 1580
f 1457 1740 1366
f 1746 38 36
f 38 2014 770
f 655 41 1680
f 1644 1678 1605
f 1627 1986 1614
f 1000 46 45
f 1923 439 1439
f 438 1142 57
f 54 55 1413
f 1769 1924 420
f 1737 464 458
f 779 821 302
f 84 72 567
f 61 1145 580
f 469 800 377
f 314 75 914
f 579 1094 329
f 478 377 376
f 1499 1511 1724
f 92 90 1115
f 92 1115 494
f 121 122 134
f 1798 1295 1302
f 584 583 633
f 85 1637 1101
f 394 391 1155
f 1049 1214 1814
f 359 739 1040
f 516 115 739
f 1352 119 841
f 1009 985 1624
f 712 135 1044
f 1334 1826 2306
f 1562 1890 1094
f 431 1204 132
f 1611 611 1912
f 1943 1433 1041
f 1953 896 708
f 138 902 125
f 1824 896 1542
f 902 814 125
f 622 139 618
f 1792 1783 1945
f 616 623 614
f 756 1807 2297
f 1830 1046 1007
f 165 164 163
f 148 1347 290
f 1699 598 852
f 693 194 1657
f 191 1557 257
f 1772 888 685
f 1720 2003 1806
f 1752 1841 1433
f 1779 890 1761
f 624 611 274
f 1057 666 1771
f 196 596 183
f 204 1341 205
f 272 1515 264
f 1716 1537 1530
f 533 2465 684
f 292 1751 1132
f 2119 954 1010
f 648 1519 244
f 216 928 1087
f 224 1244 1504
f 968 220 1549
f 1489 1329 784
f 1021 1390 895
f 1328 228 230
f 1727 1858 1292
f 244 1745 1265
f 1956 785 229
f 226 262 571
f 262 787 571
f 1550 1526 666
f 609 612 808
f 895 575 1119
f 1410 1242 1569
f 568 1193 854
f 775 137 172
f 1465 1294 1058
f 1536 1940 1934
f 1480 1753 1447
f 576 880 1263
f 189 266 198
f 1963 862 259
f 1244 598 1699
f 608 1568 259
f 1105 1701 1200
f 156 170 1320
f 1253 609 1187
f 701 884 1267
f 2455 2468 2458
f 390 1154 1164
f 276 143 609
f 129 1913 618
f 629 1682 1352
f 1193 568 531
f 1779 1952 1842
f 617 299 317
f 1124 963 1951
f 1952 1405 1406
f 1373 84 2050
f 1948 1007 335
f 1835 701 1846
f 1997 1831 1489
f 63 912 69
f 899 319 1231
f 140 1821 172
f 649 328 67
f 332 824 1634
f 1995 1416 820
f 1824 708 896
f 1945 1783 1219
f 1638 1630 995
f 874 431 132
f 1334 2018 2044
f 984 345 1088
f 1680 41 118
f 105 1831 515
f 1152 2007 357
f 1994 1935 1823
f 983 1396 1900
f 532 1589 660
f 664 534 626
f 179 362 13
f 487 727 1805
f 1302 1295 90
f 652 972 692
f 83 865 738
f 796 1715 469
f 720 722 865
f 1785 1927 1969
f 1165 462 116
f 1162 1099 358
f 497 331 389
f 1113 463 741
f 1926 741 463
f 142 78 76
f 308 788 325
f 1880 1378 1512
f 394 1155 479
f 1737 1735 464
f 473 396 268
f 1056 1763 53
f 1728 1498 1500
f 398 657 174
f 780 466 1873
f 1069 9 29
f 2460 741 1427
f 2 403 658
f 972 24 692
f 120 1872 1221
f 412 3 453
f 1478 1485 1482
f 689 414 11
f 411 7 44
f 1852 1171 1421
f 1019 15 17
f 691 695 414
f 1414 1282 53
f 1973 2034 1757
f 695 691 413
f 1056 467 371
f 428 419 441
f 619 161 561
f 161 424 740
f 279 346 235
f 6 9 1
f 926 1723 706
f 440 934 1916
f 1916 934 933
f 1432 1142 438
f 1459 2015 439
f 695 694 12
f 49 432 709
f 1059 1448 706
f 1060 1407 1413
f 1444 1920 762
f 1444 436 1758
f 1274 1455 1457
f 49 419 428
f 642 196 189
f 1901 769 1918
f 1762 1424 1412
f 1023 1739 1916
f 1479 1500 1368
f 1767 1176 1768
f 451 14 850
f 1872 411 1221
f 70 10 88
f 657 690 417
f 1927 1776 1850
f 1318 1482 1485
f 1071 1 776
f 1849 1972 2045
f 1374 843 772
f 2465 533 386
f 399 400 460
f 1113 464 463
f 1308 840 1780
f 1502 1377 1376
f 252 227 915
f 94 77 734
f 1509 1394 1503
f 1224 25 1225
f 1498 1505 1500
f 1036 1315 480
f 1505 786 1500
f 495 790 1163
f 484 83 483
f 308 482 788
f 486 491 866
f 325 788 326
f 786 1505 1706
f 485 493 486
f 728 1050 1801
f 495 496 790
f 500 390 388
f 1277 734 352
f 1840 1803 1800
f 1099 1162 393
f 501 791 415
f 1836 494 1118
f 356 723 795
f 733 356 795
f 1722 1529 1707
f 1505 1548 1706
f 1099 674 1516
f 1525 1524 504
f 1910 1521 507
f 1708 435 1513
f 737 102 515
f 126 338 904
f 431 516 100
f 1941 369 1834
f 1008 509 518
f 1857 1856 1424
f 1695 374 833
f 1584 1518 1709
f 1695 811 374
f 1216 381 514
f 362 806 363
f 711 131 1410
f 2297 1807 1334
f 1814 1032 1802
f 1687 1004 1604
f 828 1233 1684
f 1007 1948 1830
f 5 8 168
f 1618 1005 1620
f 536 1786 537
f 1738 194 1126
f 1772 685 1792
f 31 660 32
f 2460 1427 1420
f 1132 1053 1339
f 344 32 1608
f 1403 1416 1995
f 626 333 664
f 1674 1902 1528
f 1430 547 546
f 1055 1495 1452
f 1004 1621 1638
f 344 553 918
f 1371 1802 1032
f 562 31 560
f 562 987 31
f 2202 1270 1465
f 557 662 764
f 668 680 1456
f 1999 1297 167
f 1384 564 343
f 1602 1089 66
f 58 59 554
f 1381 891 1472
f 2004 1978 1636
f 2206 1192 2030
f 1360 930 1758
f 1480 1734 1753
f 650 2004 1653
f 1658 1898 564
f 649 67 74
f 819 324 824
f 955 1650 1095
f 240 249 207
f 1188 1382 245
f 289 1659 1646
f 306 1647 1656
f 912 990 69
f 1145 632 580
f 1859 1517 648
f 305 640 1659
f 56 446 745
f 305 296 640
f 1181 1314 1664
f 1461 2037 1661
f 177 253 1517
f 1884 1721 210
f 188 1712 1561
f 184 183 596
f 839 1874 222
f 628 2000 265
f 1526 1550 1592
f 1755 1853 1426
f 1506 1909 1511
f 601 183 184
f 1360 1758 1277
f 183 601 1595
f 196 1595 189
f 858 1587 1578
f 125 606 138
f 623 615 614
f 1138 1607 1250
f 810 127 629
f 837 107 299
f 618 1913 1316
f 287 1250 1607
f 721 157 71
f 837 604 812
f 601 1248 1595
f 1494 1679 1642
f 162 622 146
f 835 153 1306
f 1968 138 852
f 624 856 611
f 239 1138 1250
f 539 193 545
f 615 807 632
f 628 175 1006
f 1921 1696 1108
f 1893 1975 295
f 1975 1893 2238
f 628 265 175
f 631 856 1201
f 1436 1434 1848
f 1672 2265 1974
f 1719 1107 1018
f 738 865 722
f 1327 1018 1107
f 1531 1546 1703
f 819 818 1642
f 1532 1713 1257
f 825 827 1645
f 247 913 200
f 568 854 1928
f 1014 2027 1381
f 956 2313 1239
f 332 1635 1238
f 1978 2004 1907
f 1625 1622 574
f 1631 1635 28
f 1636 921 1623
f 656 1062 232
f 513 351 904
f 868 935 571
f 2461 428 62
f 179 13 21
f 354 1584 1234
f 275 928 186
f 361 367 1689
f 1772 1955 888
f 285 1582 368
f 1539 1269 1564
f 372 465 1538
f 255 893 1467
f 1116 264 1515
f 1159 1527 1982
f 478 673 672
f 879 763 757
f 501 1317 676
f 1513 678 347
f 563 1158 1894
f 1518 1512 330
f 1342 885 559
f 891 1441 1781
f 1489 1831 1329
f 1142 1418 1723
f 310 277 502
f 81 731 499
f 549 763 548
f 86 870 491
f 481 684 398
f 237 1499 471
f 298 1409 894
f 407 842 1377
f 294 538 1419
f 407 1375 842
f 142 652 692
f 88 78 142
f 1453 2022 2024
f 1946 1790 1054
f 723 356 1812
f 619 424 161
f 178 173 422
f 2427 2453 2459
f 235 342 705
f 379 599 936
f 766 1492 1319
f 1473 2042 352
f 1861 1451 967
f 1807 169 1822
f 336 747 899
f 351 355 519
f 1061 1440 1442
f 1421 1363 1399
f 50 1413 710
f 420 1924 430
f 48 49 428
f 2034 1422 1757
f 2461 48 428
f 1039 2018 2006
f 1759 815 1758
f 115 516 431
f 1851 1922 1760
f 1828 336 1823
f 420 1174 1769
f 455 397 1686
f 942 1414 53
f 1354 1161 1936
f 2044 1962 2020
f 2011 1991 1850
f 100 1840 1939
f 721 722 720
f 1793 60 1049
f 1976 487 1222
f 25 1035 489
f 1962 1215 1929
f 1302 1785 724
f 1278 865 1226
f 1964 483 863
f 778 97 82
f 364 729 95
f 1796 726 1279
f 92 1178 795
f 83 738 483
f 1815 1829 1973
f 116 735 1050
f 1279 916 840
f 1785 1969 724
f 840 1308 1279
f 1834 369 87
f 106 719 718
f 157 1777 1784
f 1427 741 1926
f 1991 2045 1972
f 1825 1823 517
f 1142 1222 57
f 462 1165 1723
f 1852 919 1171
f 871 2308 1219
f 1832 871 1219
f 524 525 1828
f 513 904 338
f 1766 54 1686
f 56 746 446
f 1026 1735 1407
f 538 293 1632
f 1750 930 1362
f 433 709 432
f 1427 2013 1146
f 1861 1413 1746
f 1818 701 521
f 1464 1146 2013
f 887 763 549
f 701 167 884
f 933 932 1449
f 1034 194 267
f 1867 1451 36
f 320 267 880
f 1464 2016 1146
f 294 1469 293
f 1843 1462 1901
f 1843 429 1462
f 700 429 1843
f 1753 1764 294
f 272 264 215
f 346 342 235
f 39 178 136
f 702 136 161
f 1871 2042 1473
f 1408 1870 1468
f 665 1463 1132
f 1733 619 1471
f 389 331 1707
f 174 417 22
f 313 879 154
f 1483 1393 1019
f 886 239 260
f 406 408 413
f 576 239 211
f 364 498 499
f 730 87 93
f 254 241 237
f 780 1220 466
f 911 521 1043
f 471 1724 1164
f 1751 604 661
f 482 786 788
f 533 684 481
f 492 1016 1301
f 1301 472 492
f 233 1719 1507
f 533 481 1510
f 1986 786 1706
f 198 249 582
f 869 870 1360
f 1909 1506 477
f 477 468 1909
f 198 582 197
f 234 266 1191
f 196 1547 596
f 1218 508 507
f 748 749 760
f 1887 673 478
f 175 1718 262
f 499 731 365
f 1068 1345 1578
f 674 488 1567
f 1713 1712 188
f 600 802 252
f 1277 352 2344
f 800 1553 377
f 1679 1494 1371
f 2046 1141 2035
f 183 1595 196
f 180 901 181
f 387 1555 1551
f 216 1581 803
f 354 1518 1584
f 514 381 1305
f 984 2031 506
f 1324 1066 1881
f 522 2400 1081
f 931 1577 1612
f 1570 1351 128
f 285 1552 540
f 1306 906 835
f 143 152 141
f 923 1960 871
f 21 192 179
f 732 729 820
f 671 154 887
f 637 357 532
f 296 305 592
f 1664 779 1103
f 2265 1672 1895
f 1679 1311 1642
f 644 73 323
f 295 825 1645
f 322 577 1640
f 1654 789 75
f 558 552 551
f 556 558 551
f 717 343 564
f 61 564 1384
f 917 1634 40
f 541 885 546
f 1668 1612 1588
f 1173 43 1628
f 67 66 74
f 1653 646 1655
f 1608 660 1589
f 400 1223 952
f 1671 1580 1566
f 991 997 1173
f 1580 192 1567
f 1311 819 1642
f 585 1626 1643
f 468 550 1909
f 1637 85 1665
f 522 381 1981
f 1891 1076 1589
f 488 1078 929
f 918 1641 1252
f 1711 1076 1891
f 633 583 635
f 1896 109 588
f 1362 1360 870
f 768 892 203
f 834 304 1898
f 1521 1527 1159
f 1523 1075 1218
f 673 1887 1715
f 1160 435 452
f 764 662 1765
f 629 1662 909
f 1524 1301 675
f 510 790 384
f 358 1099 1516
f 1249 306 278
f 108 110 109
f 618 1316 1181
f 1484 1487 1500
f 119 610 841
f 408 406 407
f 1484 1481 1487
f 410 412 453
f 47 410 44
f 80 44 410
f 10 70 29
f 88 10 78
f 7 1 1873
f 4 418 941
f 773 19 846
f 1293 416 418
f 427 713 425
f 281 280 282
f 1736 705 342
f 1509 1535 518
f 605 603 1688
f 858 1688 603
f 1466 2016 1464
f 746 1762 60
f 1022 1750 2012
f 1022 2379 1750
f 1457 1455 1740
f 1863 969 1743
f 1864 1274 1458
f 615 901 158
f 1425 1748 1863
f 1180 730 93
f 1432 42 857
f 160 859 860
f 613 152 1879
f 709 1857 1424
f 609 809 630
f 153 1693 177
f 1325 1875 1879
f 1411 1326 2457
f 862 1697 188
f 1407 1735 1737
f 1014 1472 1588
f 1176 1112 1170
f 216 647 1581
f 1850 1991 1972
f 815 742 71
f 1554 1517 1698
f 1845 1767 919
f 916 1784 840
f 1716 1243 1201
f 864 1067 801
f 480 1224 1225
f 256 213 1328
f 248 1714 208
f 727 1050 728
f 1796 1302 90
f 1257 1865 1730
f 648 1517 253
f 868 265 2000
f 1472 1014 1381
f 226 935 223
f 517 350 715
f 247 1497 1065
f 222 236 781
f 336 708 1823
f 1824 1823 708
f 240 572 578
f 1161 1285 1936
f 1937 1348 2329
f 2005 711 527
f 1928 1998 568
f 1754 1490 1504
f 2017 1827 1810
f 915 1491 1467
f 521 701 1835
f 1835 1043 521
f 566 234 1021
f 1185 1002 1202
f 353 106 718
f 703 1028 26
f 233 888 1955
f 2274 1954 1038
f 878 1123 530
f 1783 1792 685
f 886 211 239
f 880 576 211
f 1196 882 1198
f 879 313 309
f 538 1020 1419
f 1473 352 1486
f 896 535 1542
f 301 298 693
f 1520 212 147
f 1062 1333 232
f 544 682 543
f 1341 1754 1054
f 1077 1523 1159
f 891 890 1441
f 1229 2037 1461
f 732 1013 1720
f 959 1189 960
f 1196 670 882
f 1752 1433 1469
f 894 1430 767
f 1265 1764 1753
f 1764 1265 1469
f 214 565 203
f 1779 1842 890
f 545 202 539
f 935 868 223
f 1058 1294 1932
f 18 20 704
f 182 568 1781
f 531 568 182
f 255 1467 1491
f 1491 221 255
f 1745 659 1752
f 1433 1632 293
f 248 1490 653
f 1196 1501 245
f 359 1329 1831
f 231 1333 246
f 1110 1859 1480
f 244 1859 648
f 236 222 1874
f 756 2297 883
f 878 530 752
f 1067 864 591
f 820 1416 1404
f 196 642 1547
f 1547 642 1531
f 190 590 591
f 2018 1334 1807
f 259 1325 1879
f 922 1102 1881
f 908 1255 1461
f 509 1008 1709
f 862 1561 1325
f 691 454 413
f 691 677 454
f 413 454 406
f 88 24 70
f 1569 1570 128
f 525 747 336
f 1601 906 1306
f 1185 872 352
f 1041 1040 739
f 2396 2456 2454
f 24 972 70
f 2345 2038 1820
f 1800 1816 521
f 816 297 592
f 1624 985 1673
f 730 1247 1834
f 365 102 737
f 1836 1118 1227
f 1840 1800 911
f 102 731 1840
f 142 1872 120
f 1473 829 316
f 323 570 318
f 570 68 1673
f 1964 369 483
f 355 1332 93
f 1815 1973 1757
f 771 1179 750
f 1315 1036 851
f 2004 650 1907
f 1967 81 464
f 65 378 64
f 921 1085 1623
f 533 931 1555
f 660 1608 32
f 716 56 745
f 1282 1926 53
f 1360 1362 930
f 1077 1397 1987
f 366 1687 1564
f 241 782 237
f 1715 636 16
f 1566 1567 929
f 1540 1269 1705
f 430 942 420
f 1596 981 1543
f 979 522 367
f 526 512 375
f 50 710 51
f 1922 1423 1760
f 213 228 1328
f 48 432 49
f 1541 1708 1513
f 415 505 674
f 2424 2010 1692
f 1322 1746 1413
f 2477 1750 2048
f 1155 392 479
f 939 1365 1423
f 686 471 286
f 37 36 1364
f 427 439 1411
f 2048 1750 2379
f 777 776 1069
f 1305 505 1012
f 7 47 44
f 178 475 136
f 346 96 599
f 662 223 1120
f 223 662 557
f 2068 2357 1177
f 442 2034 1973
f 863 442 1973
f 1115 1370 494
f 1372 1211 1298
f 1372 1959 1211
f 299 107 585
f 404 459 688
f 1375 406 454
f 1375 407 406
f 1376 842 1729
f 1304 2120 1574
f 1133 730 1180
f 1057 948 666
f 2053 1055 148
f 2273 1978 1907
f 1858 1727 2122
f 1203 2211 1353
f 1387 2061 312
f 949 1317 1099
f 497 389 358
f 389 1076 358
f 16 1605 1683
f 354 506 1518
f 697 1474 1273
f 698 1475 1474
f 266 1389 1074
f 1391 647 951
f 338 126 2063
f 1143 908 79
f 1318 218 403
f 1478 714 417
f 1485 417 690
f 1223 1878 952
f 1878 1876 952
f 1311 1089 1088
f 1395 460 401
f 1395 690 460
f 1980 2364 1396
f 2364 2324 1396
f 1396 983 1980
f 563 1894 434
f 2115 2155 2154
f 1536 1067 785
f 2023 1436 1952
f 2023 1952 1779
f 1929 1215 1845
f 182 1441 890
f 2261 2072 2073
f 2076 2075 2074
f 2322 2075 2076
f 2006 2038 1039
f 994 1313 2258
f 957 2325 2338
f 2338 988 957
f 1213 2077 2338
f 2078 2038 2079
f 2080 2079 2038
f 1398 496 347
f 495 347 496
f 790 510 2081
f 790 2081 1877
f 1548 2081 510
f 1157 2359 1140
f 1140 1933 1839
f 1125 1161 2083
f 1354 961 1161
f 1799 744 352
f 1455 1401 1024
f 1862 1459 1454
f 2015 1459 1364
f 1862 1454 1445
f 2203 2085 2204
f 2205 2085 2203
f 2085 2084 1366
f 1186 73 1355
f 1592 1641 1186
f 2087 720 2086
f 2086 2377 2087
f 2377 2086 1307
f 2329 2090 1037
f 902 1886 128
f 902 1968 1886
f 248 873 1956
f 1072 2093 2135
f 1743 1464 1425
f 2096 2337 2355
f 2033 1358 1113
f 2183 2259 2254
f 2308 871 1206
f 2098 2160 2097
f 1744 888 1507
f 2045 2100 2099
f 2275 2260 2106
f 1131 2106 2260
f 2111 2112 2296
f 2401 2416 2393
f 1172 1610 1613
f 2455 2454 2456
f 2333 46 2305
f 41 821 1630
f 55 1923 51
f 1000 45 822
f 1030 1421 1171
f 2405 2459 2464
f 1411 1923 1326
f 40 1635 917
f 2405 2431 2389
f 1686 54 1413
f 447 1759 52
f 2448 2462 2435
f 1625 307 1667
f 2028 822 765
f 1620 72 333
f 1357 993 1633
f 1671 1249 1643
f 2445 2451 2452
f 2442 2441 2451
f 956 1239 955
f 824 1238 1652
f 1852 1778 919
f 2446 2439 2433
f 1203 2039 1260
f 2412 2440 2436
f 567 307 573
f 2415 2432 2438
f 2422 2429 2439
f 324 1634 824
f 2051 2062 2309
f 2415 2110 2432
f 1172 1613 1896
f 2406 2396 2430
f 1647 1249 1671
f 909 349 1648
f 2398 2404 2427
f 1052 2423 62
f 68 1652 998
f 1926 467 1056
f 1176 1767 1787
f 317 585 1643
f 2449 1925 2444
f 2363 2388 2416
f 863 483 738
f 919 1778 1845
f 2039 2268 2051
f 2293 2273 2245
f 2378 2414 2402
f 2407 2367 2406
f 994 2280 1649
f 2363 2416 2401
f 157 94 734
f 2080 2387 2409
f 2377 2402 2087
f 2423 1440 1061
f 2365 2398 2394
f 2408 1052 1809
f 2452 2444 2443
f 865 1278 720
f 2290 2264 1992
f 81 499 463
f 1082 2258 1313
f 1669 1624 998
f 1794 1844 1839
f 1157 2399 2381
f 123 307 139
f 2361 2401 2373
f 1787 2079 958
f 2007 1152 341
f 1217 2383 1321
f 2374 2397 2281
f 378 778 82
f 2371 2376 2387
f 2374 2096 2389
f 2218 2237 295
f 1838 2342 1966
f 845 867 89
f 1048 1816 1965
f 1800 1965 1816
f 733 1178 1836
f 1626 282 122
f 2020 1962 1929
f 364 365 820
f 2296 2363 2111
f 1101 1675 1607
f 2350 2341 2318
f 162 903 1667
f 1814 359 778
f 2347 2355 2336
f 1039 2038 2078
f 2237 620 306
f 41 1630 1621
f 130 129 289
f 1821 863 2291
f 1840 911 1939
f 1700 1079 1159
f 1820 2076 2345
f 1677 1309 2236
f 1045 2327 2289
f 755 923 871
f 1886 852 1883
f 1253 1187 2082
f 2002 1603 985
f 2322 1820 1942
f 1822 1820 2006
f 1130 114 111
f 947 1954 946
f 2210 2207 2176
f 612 613 1875
f 909 256 810
f 2187 2318 2311
f 1914 1187 900
f 1554 1350 1306
f 2296 2112 2230
f 1830 335 1046
f 2159 2201 2170
f 748 149 749
f 229 1883 1956
f 180 625 158
f 2183 2105 2133
f 2232 335 1183
f 1948 335 2232
f 2169 2122 1386
f 222 1259 839
f 1047 961 1344
f 645 1304 1690
f 1068 1578 1350
f 732 820 1404
f 1456 1367 220
f 1202 292 1185
f 320 1953 1231
f 2442 2446 2432
f 2438 2432 2446
f 1547 1531 1703
f 1124 1951 1206
f 1493 359 1802
f 1571 1111 2145
f 1517 1110 1698
f 1738 1795 1657
f 2215 2299 2277
f 2198 2296 2230
f 1771 2063 126
f 2053 148 290
f 535 896 761
f 548 309 313
f 1241 2169 913
f 2135 2146 1072
f 760 1130 748
f 890 1842 182
f 2154 2155 2148
f 1783 685 1428
f 1570 1242 868
f 2177 2071 2199
f 1855 1995 1489
f 476 373 376
f 247 200 2123
f 211 1953 185
f 2191 1336 1122
f 1507 1018 1744
f 1242 1429 1775
f 2063 1771 666
f 2149 2052 2116
f 1491 915 227
f 1616 35 1628
f 2118 2142 2160
f 1093 1552 1538
f 1188 245 1501
f 221 1262 2136
f 975 1134 976
f 1859 244 1734
f 1109 1343 1931
f 948 245 1382
f 1538 1097 1093
f 1947 1054 1754
f 1343 1288 2092
f 2186 2246 2109
f 251 2128 1262
f 1236 1288 1343
f 1122 2247 2185
f 1343 1017 2131
f 1292 1495 1055
f 1447 1753 1419
f 1265 1734 244
f 230 225 1116
f 2179 2053 2168
f 2192 2178 1465
f 1866 2195 893
f 1031 975 1033
f 1268 1470 559
f 2024 974 1453
f 1065 1495 2147
f 1291 243 238
f 2450 2453 2404
f 2134 242 1854
f 566 895 543
f 1058 2041 1199
f 1116 225 215
f 2191 973 2164
f 2172 2182 2187
f 2041 1058 572
f 1734 1265 1753
f 774 572 240
f 2125 2126 2186
f 1291 1452 1497
f 1504 1194 1947
f 2069 2177 2199
f 2134 2215 2174
f 1263 880 236
f 1198 665 751
f 572 1058 578
f 1062 656 246
f 1058 1732 578
f 1932 1294 1959
f 671 245 292
f 2168 187 2195
f 1489 784 1855
f 1341 653 1490
f 1289 1415 1938
f 1998 1472 891
f 1116 2226 2070
f 2122 2147 1858
f 2161 2189 2222
f 1732 1932 1372
f 653 873 248
f 775 1255 133
f 668 2024 1948
f 2257 2220 2138
f 1193 230 228
f 1435 1436 2023
f 2083 1338 959
f 1947 2072 2251
f 2117 2118 2127
f 1806 732 1720
f 1137 576 2001
f 1790 1460 205
f 2177 2165 2071
f 1123 1198 530
f 1504 1699 980
f 1243 2118 2117
f 171 1057 1771
f 275 1051 1130
f 1530 1537 2142
f 1531 1346 898
f 1531 642 1346
f 1489 1995 1997
f 1429 1542 1775
f 2133 2089 2151
f 1701 2145 2116
f 661 187 1347
f 151 541 537
f 194 1738 1657
f 793 1546 898
f 1345 1111 1572
f 1934 2027 1590
f 1207 1335 1236
f 1693 1303 1015
f 1545 1197 1254
f 1943 1632 1433
f 2150 2128 1884
f 1240 2165 2043
f 1554 861 1517
f 1284 1127 1983
f 607 1200 2158
f 2222 2314 2181
f 1055 752 877
f 1693 1560 1303
f 2225 2114 2194
f 1515 2298 2226
f 1963 259 1568
f 1792 1945 1951
f 1515 166 531
f 184 1963 805
f 1304 1574 165
f 2083 961 1047
f 151 1797 150
f 190 801 1681
f 597 1107 1719
f 2248 2275 2266
f 1795 319 145
f 1996 2261 2075
f 1186 1456 1592
f 2445 2436 2440
f 1696 2169 2060
f 810 256 1349
f 1805 1806 1032
f 1121 1131 2260
f 1046 335 1007
f 1344 1121 1047
f 2446 2433 2438
f 2298 2297 1334
f 263 270 625
f 2201 2219 2153
f 1072 1106 621
f 2194 2112 2225
f 2043 2226 2306
f 2287 2312 2283
f 2182 2319 2318
f 1309 1882 1690
f 2193 600 2218
f 175 262 261
f 856 2207 2224
f 2302 2074 2075
f 1350 1587 1601
f 872 1185 140
f 609 143 141
f 509 330 1514
f 1335 2090 1288
f 1320 2216 2236
f 2239 2210 2221
f 835 610 119
f 2044 2018 1039
f 1335 1207 2326
f 171 925 1821
f 2219 2243 2229
f 1335 2091 2090
f 1679 1720 1619
f 1886 1883 128
f 603 110 1587
f 1108 2055 2056
f 1042 1960 1935
f 2311 2341 2284
f 1044 135 1960
f 620 278 306
f 2043 2306 2342
f 1043 1939 911
f 1626 122 107
f 2317 2327 2347
f 2107 2106 2343
f 2017 1809 1827
f 287 1675 589
f 1399 1749 1426
f 103 1102 304
f 2107 2369 2312
f 1214 1222 1805
f 667 1553 663
f 1039 2078 1215
f 304 1102 990
f 2362 2310 2312
f 1139 2330 1118
f 87 730 1834
f 639 1902 250
f 2240 2269 2239
f 2351 2376 2353
f 2042 147 869
f 1178 733 795
f 2333 828 46
f 117 1667 307
f 1387 2062 1677
f 817 315 990
f 997 991 818
f 1052 97 1813
f 2316 2257 2373
f 2353 2376 2371
f 2290 2270 2264
f 92 494 1178
f 2082 72 1253
f 2285 2103 2282
f 1037 1307 1278
f 2290 2295 2270
f 1613 629 1896
f 994 2256 2280
f 918 1252 1145
f 724 1993 1281
f 98 569 1520
f 1799 734 77
f 307 1659 640
f 655 1667 302
f 1645 827 643
f 2401 2111 2363
f 1929 1778 1782
f 2028 322 1640
f 74 66 321
f 1902 830 1654
f 2373 2401 2393
f 2372 2407 2387
f 1644 79 908
f 1648 1668 854
f 1969 1849 1844
f 2269 2286 999
f 2067 1971 2408
f 574 1622 1670
f 2409 2387 2411
f 2391 2420 2388
f 1793 65 60
f 2100 2045 2441
f 1970 1174 1056
f 2388 2429 2416
f 2388 2420 2433
f 993 1090 1312
f 2046 1971 2067
f 926 2457 1369
f 651 58 554
f 2443 2444 720
f 2445 2440 2447
f 1280 1326 455
f 2394 2427 2459
f 2102 2328 2279
f 2455 2458 2448
f 919 1144 1171
f 1768 1144 919
f 442 447 52
f 1564 1269 1540
f 1924 1851 1760
f 1165 1976 1723
f 741 2460 1922
f 717 558 556
f 55 1766 1923
f 344 1384 32
f 918 1384 344
f 1396 2324 1001
f 2046 2466 1971
f 51 1923 2014
f 664 333 1694
f 1422 442 52
f 1363 1030 965
f 1618 823 626
f 1437 436 762
f 1420 1275 1446
f 1084 195 5
f 1563 532 357
f 2390 1212 2358
f 1448 437 706
f 1861 964 1060
f 1274 1064 1455
f 16 1683 1715
f 1274 1457 1458
f 1233 1891 1684
f 984 506 345
f 1891 945 1684
f 2386 2410 2375
f 1024 2209 1366
f 2418 2390 2403
f 2413 2403 2392
f 1909 1310 1511
f 429 700 943
f 475 561 136
f 1540 366 1564
f 443 924 423
f 2348 1636 1623
f 1887 1586 636
f 2418 1982 2437
f 417 1485 1478
f 418 1483 2049
f 9 776 1
f 1982 1700 1159
f 4 407 176
f 386 1555 387
f 674 1534 979
f 403 456 658
f 1728 1500 1487
f 1365 1449 1924
f 401 1876 1485
f 330 509 1709
f 1300 382 1522
f 1399 1438 1919
f 634 472 1726
f 1726 472 1889
f 477 1220 771
f 269 687 1729
f 268 1296 473
f 1100 1158 563
f 502 277 518
f 1503 1522 1509
f 358 1100 563
f 261 1250 627
f 2414 2436 2087
f 391 394 358
f 481 334 1510
f 1378 687 310
f 563 347 495
f 1286 1442 1440
f 627 814 261
f 476 316 373
f 472 1301 1096
f 1300 1522 1503
f 380 1724 1511
f 686 474 783
f 504 388 380
f 415 1317 501
f 1374 277 269
f 176 1377 1296
f 507 508 1910
f 405 843 459
f 1523 1218 1521
f 1482 1318 403
f 1726 1071 777
f 658 456 1487
f 694 407 4
f 1488 1221 44
f 465 1529 797
f 2428 1527 1011
f 848 658 1481
f 1553 800 799
f 18 15 850
f 2467 2481 2485
f 1104 1479 1475
f 1005 833 978
f 698 1104 1475
f 698 1474 697
f 696 698 699
f 1005 1695 833
f 1471 444 445
f 1012 402 1305
f 697 1273 1870
f 697 443 23
f 619 23 920
f 370 368 372
f 26 1028 889
f 1159 1079 1565
f 1159 1565 1077
f 1700 2418 2413
f 2209 2085 1366
f 1492 936 2012
f 1916 970 440
f 1739 2047 969
f 1867 1917 2084
f 1457 1366 1917
f 1005 1618 1695
f 937 758 766
f 2384 2390 2418
f 1462 937 769
f 2493 2485 2370
f 2488 2334 2490
f 1860 2492 1401
f 1567 195 363
f 1579 806 1156
f 2483 2493 2491
f 981 1610 1988
f 2482 2487 1147
f 933 1863 1748
f 2475 2489 2480
f 1286 1443 1064
f 1448 1059 1432
f 1586 829 636
f 2475 2474 2483
f 1748 1431 932
f 857 1856 1857
f 2474 2475 2472
f 1682 629 127
f 1379 2059 1599
f 2031 984 1602
f 1694 1096 664
f 50 2014 38
f 2356 361 1689
f 1363 1438 1399
f 52 1437 707
f 2470 2474 2453
f 2480 2469 2475
f 2461 1061 48
f 2475 2469 2464
f 2475 2464 2472
f 2348 927 828
f 1380 1606 2375
f 52 1759 436
f 1142 1432 1059
f 2066 953 1261
f 2356 2339 361
f 2464 2469 2431
f 1990 1614 1988
f 2434 2095 2463
f 1988 1610 1172
f 1663 2307 1989
f 1900 1904 1397
f 2421 1853 1755
f 1988 1172 1990
f 2397 2095 2434
f 2059 1150 1989
f 31 987 27
f 31 27 660
f 2339 1153 361
f 1638 1237 1004
f 1379 1380 2309
f 2452 2451 2449
f 2446 2451 2447
f 2452 2443 2445
f 60 65 716
f 1925 2449 2011
f 2366 2434 2380
f 750 550 771
f 1850 1776 1925
f 328 329 518
f 564 1898 542
f 1757 870 866
f 2394 2459 2405
f 2100 2432 2419
f 2433 2429 2388
f 2420 2415 2438
f 2425 1205 1359
f 464 1359 1205
f 2099 2419 2383
f 1205 2425 2404
f 2339 2307 1656
f 2039 1636 1260
f 2393 2422 2412
f 1636 2333 2004
f 2423 1052 2408
f 2414 2087 2402
f 2394 2398 2427
f 2028 2305 822
f 1844 1157 1839
f 1844 1849 1157
f 2374 2389 2397
f 992 997 651
f 2307 1663 825
f 25 1970 1035
f 916 77 1784
f 1899 1650 1091
f 2079 2080 1175
f 916 726 1791
f 1809 1210 2408
f 1090 1092 1312
f 34 829 1486
f 1845 1778 1929
f 999 1208 2269
f 1899 1651 1650
f 2371 2387 2080
f 778 378 1793
f 98 316 476
f 1226 1356 1278
f 990 322 2028
f 1649 956 1313
f 2337 2096 2374
f 2345 2353 2371
f 1676 1661 569
f 1661 258 569
f 2371 2038 2345
f 1821 1964 863
f 2362 2363 2310
f 646 2278 1655
f 2051 2268 2062
f 723 1812 503
f 1281 2330 1139
f 2327 2365 2349
f 2225 2112 2361
f 1354 2359 961
f 1964 719 519
f 1230 1993 1817
f 2265 1895 1665
f 1813 1827 1809
f 1602 984 1089
f 106 519 719
f 2076 2074 2353
f 1673 998 1624
f 1816 1048 1045
f 1207 2301 2346
f 925 875 1964
f 2264 2253 998
f 639 314 914
f 2318 2341 2311
f 2336 2337 2299
f 1252 614 1145
f 305 289 816
f 515 1831 737
f 1817 1936 1944
f 1816 1045 1818
f 519 126 904
f 519 106 171
f 1958 1183 335
f 2005 1994 131
f 2268 1203 1353
f 1629 99 595
f 2235 2239 2256
f 2256 994 2235
f 2249 2336 2299
f 2083 1161 961
f 1830 1957 335
f 283 282 1626
f 2222 2321 2314
f 2298 1334 2306
f 121 134 594
f 1051 1812 114
f 2276 2296 2228
f 841 629 1352
f 144 1808 150
f 1624 1669 2201
f 171 126 519
f 1601 1587 110
f 1783 1428 1219
f 1832 1219 1428
f 1013 977 579
f 2107 2287 2266
f 2238 2212 1975
f 2235 2210 2239
f 1974 1681 1590
f 600 620 2237
f 1002 1812 1051
f 751 876 877
f 2026 1309 1353
f 2314 2262 2181
f 1946 1996 2304
f 2234 1230 1182
f 2060 2026 2211
f 145 1797 1129
f 1914 2082 1187
f 629 909 810
f 127 813 1251
f 607 1072 621
f 1184 2001 1591
f 1451 1861 1746
f 1890 1562 1558
f 1102 1108 595
f 1020 538 1632
f 1309 1690 163
f 2025 1590 2027
f 1288 2090 2092
f 2073 2284 2302
f 633 635 605
f 1609 2025 1014
f 229 1681 1883
f 2232 1819 897
f 1842 1406 883
f 284 539 202
f 638 1702 1697
f 182 1781 1441
f 2114 2064 2167
f 2338 1168 1213
f 1245 1702 638
f 604 1751 812
f 2176 2157 2173
f 1189 1774 1944
f 922 1921 1108
f 2176 631 2157
f 546 885 767
f 1751 186 803
f 191 199 1557
f 1581 647 1191
f 1054 205 1341
f 1392 1119 760
f 2148 2155 1251
f 2180 2223 2073
f 1122 973 2191
f 2124 2163 2166
f 1447 1846 701
f 1272 2234 1031
f 1536 801 1067
f 2089 2220 2241
f 1751 1202 186
f 1371 1032 2003
f 2122 1727 645
f 1083 2410 1361
f 1866 893 1756
f 2134 1847 2215
f 2192 1033 975
f 2144 2127 2126
f 2030 1955 1772
f 2138 2220 2089
f 1537 1725 2142
f 2196 1950 659
f 1200 2116 2052
f 2171 2125 2186
f 968 974 2024
f 1928 1472 1998
f 2136 2128 2150
f 2147 2122 1241
f 973 2185 2141
f 2149 2189 2161
f 785 1940 1536
f 1256 238 219
f 1292 2179 1727
f 354 1905 345
f 1294 976 1959
f 1532 1195 2164
f 1476 2172 2187
f 1955 2030 900
f 2037 206 258
f 2052 2149 2161
f 1328 230 1116
f 2030 1192 900
f 1930 1267 1297
f 1025 959 1730
f 1684 2007 341
f 2118 2160 2140
f 1031 1114 975
f 2118 2140 2127
f 1549 1117 974
f 2127 2156 2126
f 1025 1865 1477
f 873 881 1956
f 2139 2124 2130
f 2156 2140 2184
f 1444 2048 1920
f 2196 659 2152
f 251 227 252
f 2141 1725 1731
f 1117 1938 974
f 216 575 951
f 1241 913 1065
f 787 1718 265
f 2113 2194 2114
f 964 1861 1276
f 2052 2172 2158
f 1537 1533 1725
f 1199 1465 1058
f 1327 1010 1018
f 1956 1790 2036
f 1264 1340 238
f 199 1472 1928
f 1367 1549 220
f 1391 1191 647
f 1199 2202 1465
f 2173 2144 2163
f 1696 913 2169
f 1072 980 1106
f 253 177 1015
f 1472 199 798
f 2490 2486 2479
f 1245 1254 1197
f 860 859 219
f 1940 785 1435
f 1520 147 2042
f 1744 1268 1450
f 1188 807 615
f 2183 2133 2151
f 2382 2010 2424
f 2168 2053 187
f 543 895 1392
f 2134 1854 1847
f 2173 2163 2197
f 1476 2187 2223
f 1882 645 1690
f 807 1256 632
f 2420 2369 2415
f 1251 1349 2148
f 1588 1557 854
f 808 612 1070
f 1202 1751 292
f 944 1270 2202
f 1528 1508 1674
f 1883 852 598
f 1198 751 530
f 2143 2200 2151
f 2226 1116 1515
f 1143 133 1255
f 767 1430 546
f 2201 2159 1009
f 1577 1627 1166
f 1419 1846 1447
f 2407 2406 2426
f 1947 1996 1054
f 1013 1404 977
f 1309 163 156
f 1248 159 143
f 167 1417 1999
f 1010 1179 2119
f 1417 1847 1999
f 614 1252 616
f 2185 2247 2248
f 138 606 621
f 298 894 1124
f 1179 639 250
f 2066 1097 2417
f 680 1232 2063
f 1373 1074 1595
f 2242 2221 2197
f 1182 1944 2234
f 1607 1184 602
f 610 906 841
f 1236 2227 1207
f 1666 1603 1576
f 1542 535 1775
f 320 1738 1126
f 1124 767 1337
f 2247 1336 2260
f 2218 600 2237
f 2187 2284 2223
f 1128 1127 1284
f 775 1829 1255
f 2189 2281 2222
f 732 1404 1013
f 1797 1786 301
f 206 1229 1402
f 818 991 1559
f 832 812 803
f 2214 2167 2272
f 1129 1797 301
f 2103 2214 2282
f 1951 1945 1206
f 953 1615 1261
f 1810 1950 2267
f 2483 2491 2489
f 817 990 101
f 1121 2260 1336
f 749 149 759
f 84 1248 276
f 1657 145 1129
f 1665 1892 300
f 531 2298 1515
f 2071 2165 1240
f 1124 712 298
f 1051 114 1130
f 2241 2220 2316
f 2266 2275 2107
f 2298 531 2297
f 1208 2280 2239
f 1640 1629 646
f 315 322 990
f 1821 140 171
f 292 140 1185
f 1899 1664 1314
f 2270 996 2263
f 1995 737 1997
f 2302 2075 2261
f 295 306 2307
f 340 1954 149
f 1806 1805 732
f 579 329 328
f 2301 2241 2316
f 1283 1818 1045
f 63 990 2028
f 2254 2294 2104
f 1643 1626 1670
f 1649 2280 957
f 1802 359 1814
f 2102 2279 2252
f 1809 2017 1210
f 564 61 1658
f 2307 306 1656
f 2332 2074 2302
f 1627 1896 583
f 521 1816 1818
f 1228 1331 1833
f 2325 1208 999
f 1978 1260 1636
f 1824 1994 1823
f 348 1332 355
f 2339 1656 1153
f 100 1939 431
f 2330 1209 2032
f 1593 1148 2323
f 2336 2317 2347
f 112 946 340
f 542 637 564
f 1826 2342 2306
f 1168 999 2320
f 2361 2257 2225
f 32 560 31
f 560 32 555
f 2341 2351 2332
f 1826 2020 1804
f 1811 946 1836
f 2296 2276 2363
f 2327 1048 2365
f 345 528 1906
f 2094 2350 2319
f 1579 1625 655
f 2365 1048 1965
f 30 35 1234
f 2331 2382 2068
f 341 46 828
f 542 1086 357
f 2358 2328 2360
f 1798 1139 1295
f 357 2007 1684
f 1965 2398 2365
f 1979 2066 2065
f 1302 1308 1785
f 2367 2407 2372
f 1566 2323 1671
f 2391 2312 2369
f 2364 2101 2360
f 118 1004 1687
f 2387 2407 2411
f 1157 1849 2045
f 2399 1157 2099
f 1397 1565 983
f 840 1784 1777
f 2281 2434 2366
f 1080 2077 2385
f 2417 1987 2066
f 2380 2396 2314
f 62 82 1052
f 1927 1972 1969
f 1849 1969 1972
f 664 811 534
f 1222 1770 57
f 2110 2419 2432
f 2413 2418 2403
f 2412 2436 2414
f 60 1762 1049
f 1709 1008 1584
f 1078 979 1593
f 397 1326 1923
f 2436 2445 2443
f 1175 2435 1112
f 2451 2445 2447
f 2454 2430 2396
f 1523 1077 2417
f 62 441 743
f 982 1011 1544
f 1097 1523 2417
f 1851 741 1922
f 368 1529 465
f 386 533 1555
f 1141 2421 2035
f 1541 1705 435
f 505 415 1012
f 504 380 1525
f 746 441 419
f 1220 1528 771
f 2450 2425 2467
f 1398 678 1513
f 1076 389 512
f 2035 2466 2046
f 510 384 383
f 949 393 676
f 277 1509 518
f 1030 1170 965
f 2462 2468 2473
f 380 390 1724
f 42 1432 438
f 1880 1512 473
f 1422 52 707
f 790 1877 1163
f 1506 1511 1499
f 1878 684 386
f 2467 2476 2470
f 965 1438 1363
f 2468 2482 2473
f 1748 1425 1431
f 1442 433 1287
f 218 1318 273
f 1439 2014 1923
f 2477 2048 1444
f 1748 932 933
f 2489 2488 2480
f 268 176 1296
f 37 1747 1864
f 2478 2479 2486
f 1063 966 937
f 2481 1276 2485
f 36 1451 1746
f 2015 1364 770
f 1401 2492 1024
f 967 1451 1867
f 2490 2335 2486
f 1873 1 780
f 410 24 142
f 2209 1024 2492
f 2047 1023 758
f 649 579 328
f 2084 2205 1741
f 1739 969 970
f 2209 2204 2085
f 939 1446 1736
f 766 758 1023
f 1733 2 450
f 2049 17 1293
f 1368 174 22
f 700 96 943
f 889 235 705
f 699 619 1733
f 910 1368 1167
f 1471 1869 475
f 475 444 1471
f 1167 1368 22
f 1149 424 423
f 599 96 700
f 1028 279 235
f 235 889 1028
f 938 700 1843
f 1901 2019 1022
f 937 1462 429
f 1739 970 1916
f 2085 2205 2084
f 758 937 33
f 2016 1736 1146
f 2375 1083 927
f 410 453 24
f 142 76 124
f 1872 692 24
f 1221 124 120
f 971 972 652
f 2493 2370 2340
f 2491 2340 2334
f 1221 1488 844
f 142 461 652
f 777 971 1726
f 2204 2209 2492
f 2492 2487 2204
f 315 831 577
f 1918 1920 2379
f 1401 1400 1919
f 1445 1454 857
f 652 634 1726
f 2484 2488 2479
f 1393 277 1374
f 1026 964 2481
f 932 1924 1449
f 1496 1726 1889
f 1873 1506 1499
f 1528 1220 780
f 392 273 1318
f 1026 1060 964
f 1757 1323 1362
f 1286 2035 1977
f 1500 786 398
f 709 419 49
f 709 1424 419
f 1359 1026 2467
f 57 1856 42
f 1762 419 1424
f 2450 2470 2453
f 334 786 1510
f 326 786 334
f 1426 1853 1421
f 753 926 426
f 384 1513 1160
f 2448 2458 2462
f 1543 510 383
f 1976 1142 1723
f 57 1770 1412
f 457 1075 797
f 2411 2448 2435
f 373 1887 376
f 1984 1535 1522
f 1541 1513 434
f 1924 1358 1851
f 1326 397 455
f 979 1078 674
f 1525 978 833
f 1175 2409 2435
f 2425 2450 2404
f 464 1358 1280
f 2399 2099 2383
f 1358 1924 1224
f 2420 2438 2433
f 794 501 676
f 982 1080 1011
f 1972 1927 1850
f 402 1012 1233
f 2407 2426 2411
f 2389 2431 2397
f 64 82 62
f 1582 1707 368
f 285 370 1552
f 2419 2110 2383
f 2410 1216 1361
f 926 1369 1224
f 1711 1891 1233
f 1793 378 65
f 1224 1315 926
f 2281 2397 2434
f 2010 2382 1330
f 77 916 1791
f 2009 2404 2398
f 1565 1397 1077
f 2413 2392 1980
f 2203 2340 2370
f 1993 1844 1794
f 2402 2368 2378
f 2314 2396 2094
f 1573 1583 2008
f 2094 2396 2350
f 655 1680 1894
f 1987 953 2066
f 2347 2349 2405
f 945 1563 1684
f 1685 2395 1606
f 2257 2361 2373
f 2376 2351 2372
f 1798 1281 1139
f 316 829 1586
f 1813 1809 1052
f 2371 2080 2038
f 1794 1936 1817
f 1356 1037 1278
f 33 937 429
f 1815 491 870
f 2101 2358 2360
f 1039 1215 1962
f 1683 1605 1678
f 1993 1230 1281
f 912 1898 304
f 1207 2346 2326
f 2329 1356 1937
f 345 1383 528
f 1960 350 1935
f 1002 845 1812
f 552 717 27
f 717 660 27
f 925 171 106
f 335 1834 1958
f 28 1617 1903
f 1582 40 1634
f 1310 550 1646
f 527 711 712
f 1334 2044 1961
f 1334 1961 1826
f 708 336 899
f 986 988 1897
f 556 32 717
f 1944 1182 1817
f 344 992 554
f 1237 1239 986
f 32 1384 343
f 2222 2281 2321
f 2249 2289 2317
f 2104 2294 2102
f 2063 1232 338
f 2039 2051 1085
f 2230 2112 2194
f 1990 1896 1627
f 16 79 1644
f 877 1347 148
f 1631 1633 1238
f 2305 1653 2004
f 918 1145 1384
f 775 172 1821
f 2300 827 1663
f 1283 2289 1417
f 1661 1676 1644
f 2227 2241 2301
f 1145 61 1384
f 918 553 1641
f 1312 1092 2295
f 1038 944 2274
f 2198 2228 2296
f 59 651 73
f 2246 2283 2109
f 755 1428 885
f 2215 2277 2271
f 182 1842 883
f 1285 1125 1944
f 1246 1658 61
f 1089 1311 1619
f 2208 2266 2233
f 956 955 1082
f 1127 1128 1270
f 551 562 555
f 1658 834 1898
f 1639 1911 1651
f 2104 2252 2105
f 2285 2242 2103
f 2328 2352 2272
f 803 1373 2050
f 276 1253 72
f 1902 1914 250
f 1342 954 767
f 2232 680 668
f 1101 1637 1675
f 661 1467 187
f 1101 1607 602
f 1495 1292 2147
f 1999 1847 1854
f 2224 2235 994
f 101 1102 595
f 2202 1199 2041
f 603 635 109
f 882 1463 665
f 2243 2219 2253
f 2055 2211 2054
f 2238 2236 2216
f 2265 1883 1681
f 1108 2056 1629
f 2088 1236 2132
f 2174 2189 2149
f 2243 2231 2229
f 2172 2181 2182
f 2146 2072 1194
f 1132 1751 661
f 2239 2221 2240
f 2104 2105 2183
f 2156 2184 2188
f 2224 2207 2235
f 750 907 1327
f 1569 1259 1410
f 1074 1389 1595
f 2218 1884 2193
f 1192 954 2119
f 1744 1470 1268
f 128 1259 1569
f 611 856 2224
f 234 565 207
f 1593 367 361
f 859 160 1246
f 618 146 622
f 616 1575 270
f 2143 2088 2132
f 1598 853 1560
f 659 1299 2152
f 2123 922 243
f 2058 2212 1915
f 219 859 989
f 1135 578 1732
f 1009 1109 985
f 600 252 905
f 1688 1701 1105
f 1017 1343 1109
f 1108 1696 2055
f 608 805 1568
f 1186 1576 1549
f 2162 1320 170
f 1346 1298 898
f 1298 1346 1732
f 2143 2132 2153
f 2159 2131 1017
f 2197 2163 2124
f 2163 2144 2166
f 1329 1559 784
f 2157 2117 2127
f 1703 638 1963
f 1547 1703 1963
f 607 2158 2093
f 1243 631 1201
f 1699 1106 980
f 1613 1596 529
f 1721 1884 2128
f 2157 2144 2173
f 1303 853 2155
f 2170 2131 2159
f 928 216 803
f 200 913 1696
f 2145 1701 1571
f 2103 2124 2139
f 1697 1702 1136
f 834 103 304
f 862 1325 259
f 648 253 1015
f 1901 938 1843
f 590 229 1067
f 1882 2190 2122
f 2153 2132 2170
f 1597 1619 1720
f 2144 2157 2127
f 1875 1325 1561
f 2129 2162 170
f 647 216 951
f 1681 229 190
f 1244 224 209
f 263 804 270
f 861 153 177
f 1530 2118 1243
f 1875 1070 612
f 2169 1386 2060
f 170 1866 2129
f 200 1921 2123
f 2133 2137 2138
f 900 250 1914
f 927 2348 2375
f 2210 2173 2221
f 2128 251 1721
f 1298 1732 1372
f 2129 221 2057
f 2151 2089 2088
f 659 1519 1299
f 1297 1345 1930
f 2147 1241 1065
f 605 1688 1105
f 231 230 1193
f 576 1263 1874
f 242 1297 1854
f 2154 2165 2115
f 2142 2141 2097
f 1592 1456 1526
f 1580 1385 1156
f 251 1262 1491
f 2135 2180 2146
f 2064 2252 2167
f 1888 621 593
f 968 1549 974
f 1094 579 977
f 605 635 603
f 1938 1117 1931
f 1727 2179 2168
f 2236 2061 1677
f 288 1672 1609
f 959 1195 1730
f 2070 2121 1116
f 928 275 1119
f 121 303 107
f 238 1256 1264
f 1685 1599 1989
f 2141 2185 2097
f 2178 975 976
f 1294 2178 976
f 1501 1196 1264
f 316 1871 1473
f 221 2129 1756
f 1588 854 1668
f 2264 2270 2243
f 1639 1316 1913
f 1311 1679 1619
f 2238 1893 2061
f 1673 985 1603
f 2097 2185 2098
f 296 297 640
f 1025 1031 1774
f 2412 2378 2393
f 991 836 1890
f 2054 2245 2273
f 1353 2062 2268
f 832 803 573
f 1756 2129 1866
f 1343 1289 1931
f 559 1470 1027
f 79 133 1143
f 1772 2206 2030
f 2269 1208 2239
f 1613 1662 629
f 1095 1650 1911
f 1095 1082 955
f 1387 643 827
f 2196 2152 2217
f 2089 2241 2088
f 2171 2213 2228
f 812 832 574
f 2008 1985 1573
f 1655 2278 650
f 1897 2008 1583
f 819 323 818
f 1465 1270 2192
f 573 84 567
f 2165 2070 2043
f 1260 2293 1203
f 2320 2286 2285
f 1088 324 1311
f 1128 1033 2192
f 670 548 1463
f 1085 2051 2309
f 1264 1198 1123
f 548 670 549
f 332 1238 824
f 1342 767 885
f 1515 272 166
f 1090 993 1357
f 999 2286 2320
f 267 320 1034
f 2088 2241 2227
f 2303 1989 1150
f 1202 1051 186
f 1906 1088 345
f 2037 1229 206
f 2208 2248 2266
f 1979 2065 1633
f 1128 1284 1033
f 1000 2305 46
f 531 166 272
f 1053 751 1339
f 2043 2070 2226
f 1605 16 1644
f 2083 960 1125
f 2325 1168 2338
f 660 717 564
f 2333 1636 2348
f 1047 1336 2191
f 2191 1338 1047
f 2065 1261 1357
f 1123 878 1340
f 1380 1623 1085
f 1270 1837 1127
f 2356 2307 2339
f 711 267 194
f 345 1608 1383
f 1266 1168 1212
f 2289 2249 1417
f 693 298 711
f 988 1003 2008
f 2249 2299 2215
f 2274 1949 149
f 149 1949 759
f 1385 1622 1156
f 2348 1623 2375
f 1566 1593 2323
f 1003 1985 2008
f 2284 2187 2311
f 2310 2276 2109
f 2298 2306 2226
f 1989 2307 2395
f 21 5 192
f 1542 1788 1824
f 1535 328 518
f 2182 2318 2187
f 8 363 168
f 2356 2400 2395
f 1486 872 140
f 122 121 107
f 2413 1980 1079
f 131 711 2005
f 2006 1807 1822
f 910 1167 422
f 1577 1166 1612
f 381 1216 1981
f 737 1831 1997
f 1589 1563 1891
f 2249 2317 2336
f 1819 1133 1332
f 1348 1937 1833
f 1822 1942 1820
f 2090 2329 962
f 1937 1228 1833
f 372 1538 1552
f 382 506 2031
f 2385 1266 2384
f 655 1894 1158
f 1011 1704 2428
f 1097 1538 1075
f 339 112 340
f 1544 1710 1539
f 786 1986 1577
f 415 1717 1012
f 2327 2349 2347
f 1301 1524 511
f 875 719 1964
f 1885 385 1160
f 2032 1227 2330
f 2392 2101 2364
f 1937 1356 1226
f 473 1518 506
f 1933 2359 1354
f 1378 1514 330
f 2336 2355 2337
f 519 93 87
f 2372 2351 2341
f 2091 2326 2368
f 2350 2367 2341
f 1330 1240 1838
f 395 392 495
f 2107 2343 2369
f 2315 2337 2374
f 1794 1817 1993
f 1839 1936 1794
f 1838 1966 1330
f 254 271 783
f 826 130 1611
f 1488 1499 237
f 634 461 783
f 2343 2108 2110
f 2078 2079 1787
f 727 487 1050
f 1395 401 1485
f 867 1791 91
f 1791 726 91
f 1330 1966 1782
f 2344 869 1277
f 2321 2366 2380
f 2391 2388 2362
f 1394 1483 418
f 418 268 1394
f 2381 2399 1217
f 2046 2288 1141
f 735 851 1050
f 863 1973 1829
f 1408 697 1870
f 1290 342 379
f 889 705 1466
f 1174 1763 1056
f 2016 1466 1736
f 33 703 940
f 33 429 703
f 1224 1924 1769
f 2379 2019 1918
f 2205 2203 2370
f 2084 1741 1867
f 1113 1358 464
f 1319 937 766
f 1867 1457 1917
f 970 969 1742
f 2429 2433 2439
f 1920 2048 2379
f 1770 1049 1412
f 1147 2487 2492
f 1742 969 1863
f 1176 1175 1112
f 2446 2442 2451
f 2482 1147 965
f 1323 2012 1362
f 2484 2480 2488
f 707 1437 966
f 1282 1464 2013
f 1768 1170 1144
f 1971 2423 2408
f 870 1757 1362
f 1399 1400 1749
f 815 1759 447
f 2479 2456 2484
f 2477 930 1750
f 1692 1852 1421
f 1171 1144 1030
f 430 932 1169
f 1359 2467 2425
f 1029 2473 2471
f 426 926 437
f 55 51 1413
f 2469 2480 2095
f 2035 2421 1755
f 1426 1421 1399
f 436 1437 52
f 2423 1971 1440
f 2034 442 1422
f 1411 439 1923
f 1169 1431 1414
f 42 438 57
f 1061 2461 2423
f 2474 2472 2453
f 1924 1760 1365
f 2431 2469 2095
f 713 2457 753
f 1853 1692 1421
f 2095 2480 2463
f 1762 746 419
f 1442 1287 1061
f 707 855 1422
f 2471 2482 965
f 1422 855 1323
f 1362 2012 1750
f 280 281 134
f 2461 62 2423
f 1853 2424 1692
f 2488 2490 2479
f 2448 2430 2455
f 1364 36 770
f 1860 1147 2492
f 2448 2426 2430
f 2452 2449 2444
f 769 937 966
f 2011 2449 2441
f 1212 2390 2384
f 1276 967 1741
f 1867 1741 967
f 2205 1276 1741
f 2335 2490 2334
f 2439 2447 2440
f 2411 2426 2448
f 2334 2340 2203
f 721 720 2444
f 1366 2084 1917
f 2436 2443 2087
f 943 279 1028
f 943 96 279
f 278 620 905
f 346 279 96
f 2412 2422 2440
f 1869 561 475
f 520 1368 910
f 1113 741 2033
f 157 721 1777
f 418 416 941
f 840 1777 1780
f 1393 772 1019
f 1500 1479 1484
f 2 1482 403
f 1787 958 1176
f 2343 2110 2415
f 2415 2369 2343
f 5 168 1084
f 658 1487 1481
f 2110 2108 2383
f 971 652 1726
f 1271 461 142
f 2096 2405 2389
f 487 1165 116
f 117 139 162
f 1376 1729 687
f 1071 1528 780
f 268 396 1503
f 2378 2373 2393
f 1071 1508 1528
f 1071 1496 1508
f 392 395 273
f 1815 1757 491
f 786 482 398
f 1131 2383 2108
f 498 679 371
f 2354 2373 2378
f 1474 1468 1273
f 1685 1606 1599
f 502 1514 310
f 2354 2316 2373
f 778 1793 1814
f 1214 1049 1222
f 1829 2291 863
f 415 791 1717
f 1514 502 509
f 1037 2091 1307
f 1513 384 1398
f 2301 2316 2354
f 961 1217 1344
f 1344 1217 1321
f 1707 421 389
f 2301 2354 2346
f 1711 1233 1717
f 1048 2327 1045
f 1800 521 911
f 1527 2428 2437
f 1717 1233 1012
f 1982 1527 2437
f 1539 1705 1269
f 2403 2390 2101
f 1823 350 517
f 1820 2322 2076
f 1335 2326 2091
f 1827 1813 1040
f 2314 2094 2319
f 1548 981 1988
f 1185 352 744
f 979 367 1593
f 601 159 1248
f 1833 1331 1941
f 2331 2068 2292
f 1584 1008 30
f 1093 1097 2066
f 1216 2395 1981
f 1981 2395 2400
f 30 1234 1584
f 1994 2005 527
f 2332 2302 2284
f 1081 2400 1689
f 1093 1908 1552
f 874 115 431
f 1986 1556 1614
f 2292 2071 2331
f 1984 2031 1602
f 1704 2385 2384
f 2101 2390 2358
f 820 737 1995
f 2071 1240 2331
f 298 712 711
f 179 1580 1156
f 1810 1827 1041
f 2384 1266 1212
f 1903 1691 1908
f 2092 2090 962
f 1903 1908 1979
f 1833 1415 1348
f 2267 1210 2017
f 131 1788 1410
f 1599 2059 1989
f 349 529 1600
f 1153 1148 1593
f 341 828 1684
f 2261 1996 2251
f 28 360 1617
f 1266 1213 1168
f 1433 1810 1041
f 267 711 1410
f 755 1832 1428
f 1231 319 320
f 140 292 171
f 1053 876 751
f 1129 693 1657
f 1810 1841 1950
f 1204 1835 1419
f 1628 354 1616
f 2233 2266 2246
f 2181 2262 2182
f 2213 2109 2276
f 291 154 671
f 1436 1848 1405
f 1452 752 1055
f 1417 2249 1847
f 538 294 293
f 548 313 291
f 1001 1092 1904
f 1193 531 272
f 892 944 1190
f 1646 1620 1310
f 1790 1405 1848
f 1618 626 1695
f 2328 2272 2279
f 2320 2285 2272
f 291 292 548
f 1173 1628 836
f 1003 2077 982
f 275 186 1051
f 1337 767 954
f 1493 1329 359
f 957 2280 1208
f 805 601 184
f 785 1434 1435
f 1773 1192 2206
f 1689 367 1081
f 825 295 2307
f 307 567 1659
f 1434 785 2036
f 1640 646 1653
f 1660 1992 1652
f 69 990 63
f 2309 2062 2303
f 203 774 214
f 1646 550 750
f 1744 1450 888
f 2164 1338 2191
f 329 1094 836
f 2194 2113 2130
f 581 133 79
f 1665 85 2265
f 2213 2171 2186
f 1194 2072 1947
f 2282 2214 2272
f 73 644 1666
f 1673 1603 318
f 85 1883 2265
f 1195 1338 2164
f 288 2255 1672
f 2243 2253 2264
f 2255 288 104
f 1248 1373 1595
f 1074 1373 803
f 812 1626 837
f 2214 2103 2139
f 2054 2211 2245
f 611 2224 2250
f 2148 2070 2165
f 1031 1025 1114
f 1609 1974 2025
f 826 129 130
f 2137 2064 2114
f 1477 1114 1025
f 274 289 1107
f 2025 1974 1590
f 980 1194 1504
f 1603 1073 1576
f 2126 2125 2144
f 128 1006 902
f 128 1351 1006
f 2229 2231 2200
f 1068 1110 1930
f 2190 1882 1309
f 2136 2057 221
f 2143 2229 2200
f 143 159 152
f 1482 2 1733
f 1184 1607 1137
f 977 1562 1094
f 2158 1476 2093
f 256 228 213
f 1014 1588 1609
f 1603 2002 1073
f 2002 1109 1073
f 2162 1915 1320
f 1304 1727 2120
f 1477 1865 1136
f 2025 2027 1014
f 909 228 256
f 263 180 804
f 1531 898 1546
f 1243 2117 631
f 266 1581 1191
f 861 177 1517
f 1881 1066 922
f 1550 1382 1575
f 1703 1546 1254
f 631 2117 2157
f 229 590 190
f 1699 852 1106
f 1702 1245 1197
f 1718 175 265
f 864 190 591
f 1254 638 1703
f 1349 1328 2121
f 1187 609 233
f 1257 1713 1136
f 2064 2137 2133
f 1679 1371 1720
f 1661 2037 258
f 2158 1200 2052
f 1963 1568 805
f 2000 1570 868
f 2057 2136 2058
f 798 1557 1588
f 2357 1141 1177
f 1241 2122 2169
f 858 1571 1701
f 2155 2115 1303
f 2150 1884 1975
f 2214 2130 2167
f 2060 2055 1696
f 2153 2170 2201
f 2120 1866 1574
f 1264 1256 1188
f 1188 1501 1264
f 2001 1874 1591
f 2221 2173 2197
f 856 2176 2207
f 1955 900 1187
f 1570 628 1351
f 2134 2116 2145
f 2125 2166 2144
f 1494 1329 1493
f 1559 1494 1642
f 242 2134 2145
f 1117 1073 1931
f 1328 1116 2121
f 127 1251 1682
f 852 1886 1968
f 2368 2402 2377
f 2119 250 1192
f 859 1246 989
f 1291 247 2123
f 4 847 12
f 1587 858 603
f 2026 1353 2211
f 1262 2128 2136
f 602 839 1259
f 418 2049 1293
f 2201 1009 1624
f 207 214 240
f 2156 2175 2126
f 2124 2171 2130
f 1611 1911 129
f 1669 2253 2219
f 1666 1576 1355
f 991 1890 1558
f 1626 107 837
f 881 653 1341
f 287 1607 1675
f 627 589 125
f 108 629 841
f 128 1883 85
f 2221 2242 2240
f 2245 2211 1203
f 1752 1469 1745
f 1013 579 321
f 321 66 1013
f 2250 2258 1082
f 2178 2192 975
f 1754 1341 1490
f 1195 959 1338
f 1675 1098 586
f 1289 1938 1931
f 2188 2184 2208
f 1871 1520 2042
f 307 640 139
f 2175 2188 2186
f 1242 1775 868
f 1264 1196 1198
f 1774 1189 1025
f 1025 1189 959
f 267 781 236
f 2167 2252 2279
f 1659 289 305
f 255 1756 893
f 830 639 914
f 2180 2073 2072
f 295 2237 306
f 956 1082 1313
f 2088 2227 1236
f 882 670 1463
f 1387 312 643
f 774 1190 2041
f 2188 2233 2186
f 994 1649 1313
f 2130 2230 2194
f 680 2063 666
f 573 2050 84
f 1670 812 574
f 72 2082 333
f 1461 1255 1229
f 954 1192 1337
f 1031 2234 1774
f 1803 731 1967
f 2092 1289 1343
f 2278 1907 650
f 1792 2206 1772
f 1653 1655 650
f 1312 1660 993
f 2208 2098 2248
f 2313 956 1649
f 824 570 819
f 2053 1292 1055
f 2189 2215 2271
f 2261 2251 2072
f 2073 2223 2284
f 1260 1978 2293
f 680 327 1232
f 1086 542 1898
f 1952 1406 1842
f 1786 536 298
f 1452 878 752
f 1001 2324 2294
f 45 1086 765
f 1379 2309 1150
f 2104 2102 2252
f 28 1635 40
f 2077 1080 982
f 1177 2217 2199
f 1905 354 1628
f 986 1239 988
f 35 518 329
f 1148 1647 2323
f 1486 140 172
f 1284 1209 1230
f 1237 986 1004
f 1943 874 1632
f 1231 1953 708
f 984 1088 1089
f 1577 1986 1627
f 2352 1212 2320
f 1004 986 1604
f 2022 1957 1830
f 1788 131 1824
f 135 712 1124
f 1535 66 328
f 2364 2360 2102
f 1909 550 1310
f 1600 1612 1648
f 513 338 1232
f 1535 1602 66
f 715 1808 144
f 532 660 637
f 2066 1261 2065
f 1941 1957 2022
f 2327 2317 2289
f 983 1900 1397
f 1808 715 923
f 528 1383 526
f 947 2021 1954
f 2287 2107 2312
f 1825 517 1828
f 1685 1989 2395
f 1808 923 755
f 1209 2330 1281
f 362 363 8
f 1564 1687 1604
f 2386 1606 2395
f 351 348 355
f 1811 947 946
f 2067 2244 2288
f 350 1960 923
f 925 1964 1821
f 2403 2101 2392
f 1691 1552 1908
f 925 353 875
f 1566 929 1593
f 2319 2350 2318
f 2410 1083 2375
f 972 971 70
f 983 1079 1980
f 1393 1374 772
f 1354 1936 1933
f 2106 1131 2108
f 2077 1213 2385
f 1676 1553 799
f 2351 2353 2074
f 1083 1361 402
f 2331 1240 1330
f 2372 2341 2367
f 1544 1985 982
f 2346 2354 2368
f 1215 2078 1787
f 1965 1800 2009
f 2368 2377 1307
f 1141 2288 1177
f 1370 1115 1139
f 2355 2347 2405
f 387 1551 1543
f 2361 2111 2401
f 1522 382 1984
f 1567 363 1100
f 1910 1527 1521
f 487 116 1050
f 1205 2009 1803
f 1567 1100 1516
f 2086 720 1278
f 1529 1885 452
f 499 467 1926
f 674 1317 415
f 462 926 1315
f 1222 1049 1770
f 2367 2396 2406
f 1398 384 496
f 463 464 81
f 1510 786 1577
f 1035 1970 1056
f 2355 2405 2096
f 2378 2412 2414
f 500 1016 492
f 1782 1778 2010
f 472 1096 1889
f 310 1514 1378
f 1277 815 71
f 1296 1880 473
f 2442 2432 2100
f 2427 2404 2453
f 447 742 815
f 926 753 2457
f 1728 456 641
f 1926 2013 1427
f 1377 176 407
f 57 1412 1856
f 1763 942 53
f 1763 420 942
f 124 76 47
f 1872 24 411
f 691 414 689
f 12 694 4
f 706 1723 1418
f 1481 1479 1151
f 449 848 1151
f 449 1151 1104
f 2014 50 51
f 2472 2464 2459
f 1475 1479 1468
f 1104 698 696
f 1471 619 1869
f 2035 1286 2466
f 699 23 619
f 675 388 504
f 938 599 700
f 1365 939 1736
f 2455 2479 2478
f 1449 342 1916
f 1901 1918 2019
f 1438 965 1860
f 762 769 1437
f 1146 1736 1446
f 1438 1860 1919
f 1319 1492 2012
f 1443 1749 1064
f 1276 2205 2370
f 427 437 439
f 2482 2478 2487
f 37 1862 433
f 1553 1676 663
f 1064 1274 1747
f 2493 2340 2491
f 1749 1455 1064
f 934 1863 933
f 1455 1400 1401
f 2478 2486 2487
f 2491 2488 2489
f 1364 1862 37
f 2483 2489 2475
f 2204 2487 2486
f 1439 439 2015
f 1747 1442 1286
f 769 966 1437
f 2483 2470 2476
f 433 1862 709
f 1169 932 1431
f 1420 1446 1423
f 1916 342 1290
f 1736 1466 705
f 2483 2474 2470
f 1286 1440 2466
f 173 520 910
f 1281 1798 724
f 1026 2481 2467
f 426 437 427
f 2456 2463 2484
f 714 1471 445
f 1029 2471 1170
f 2460 1420 1922
f 124 1221 1271
f 124 1271 142
f 1221 844 1271
f 1282 2013 1926
f 690 657 460
f 1726 1496 1071
f 441 62 428
f 2435 2462 1029
f 174 1500 398
f 2464 2431 2405
f 461 1271 783
f 641 1498 1728
f 2380 2463 2456
f 442 863 447
f 641 1163 1498
f 271 471 783
f 2454 2455 2430
f 455 1686 1737
f 1223 684 1878
f 2439 2446 2447
f 681 394 1722
f 1889 1508 1496
f 1735 1359 464
f 684 2465 386
f 1991 2011 2441
f 2422 2439 2440
f 473 1512 1518
f 2406 2430 2426
f 563 1513 347
f 2421 2382 2424
f 2100 2419 2099
f 794 791 501
f 1141 2357 2421
f 1369 1358 1224
f 518 509 502
f 477 771 468
f 2393 2416 2422
f 452 435 508
f 1165 487 1976
f 514 1361 1216
f 1205 2404 2009
f 1538 465 1075
f 2067 2288 2046
f 481 482 308
f 488 674 1078
f 2350 2396 2367
f 1548 510 981
f 1308 1302 1796
f 866 870 86
f 2349 2394 2405
f 2365 2394 2349
f 375 421 1582
f 2331 1330 2382
f 1541 434 1540
f 2312 2391 2362
f 2315 2374 2281
f 434 1894 366
f 1573 1539 1583
f 1800 1803 2009
f 404 688 1729
f 679 364 95
f 667 98 476
f 2342 1804 1966
f 494 1370 1118
f 1370 1139 1118
f 1551 529 1596
f 2106 2108 2343
f 550 468 771
f 1216 2410 2386
f 2337 2315 2277
f 1937 1226 1228
f 362 179 1156
f 519 355 93
f 512 1608 1076
f 526 1608 512
f 2307 2356 2395
f 1836 946 112
f 1815 870 1402
f 1133 1247 730
f 375 1582 1906
f 1213 1266 2385
f 1321 1131 1121
f 1234 1616 354
f 2032 947 1811
f 2244 2067 1210
f 1617 1691 1903
f 652 461 634
f 871 1832 755
f 1042 1935 527
f 1041 1827 1040
f 2360 2328 2102
f 1829 1815 1229
f 2032 1209 2021
f 131 1994 1824
f 1528 1902 771
f 1045 2289 1283
f 1807 2006 2018
f 1904 1090 1615
f 1380 1085 2309
f 333 1674 1694
f 431 1939 1204
f 2304 2075 2322
f 553 344 554
f 748 1130 111
f 43 1608 345
f 2283 2310 2109
f 997 992 43
f 2232 1183 1819
f 988 2313 957
f 1453 1833 2022
f 1090 1357 1615
f 687 269 277
f 1625 1667 655
f 2246 2266 2287
f 775 1821 2291
f 2288 2217 1177
f 2333 2305 2004
f 349 1662 1613
f 995 1899 1638
f 1402 870 206
f 1795 1738 320
f 1989 2303 2300
f 2287 2283 2246
f 1906 324 1088
f 1086 1898 63
f 554 73 1186
f 877 148 1055
f 2273 2293 1978
f 955 1091 1650
f 1405 1790 169
f 1846 1419 1835
f 269 688 843
f 2217 2288 2244
f 570 323 819
f 167 1283 1417
f 1270 944 1837
f 2285 2282 2272
f 1166 1627 104
f 1898 912 63
f 767 1124 894
f 1428 685 1450
f 1911 1650 1651
f 989 1246 61
f 2062 1387 2300
f 73 997 818
f 1893 295 1645
f 1944 1125 1189
f 1992 2264 998
f 171 292 1057
f 2061 1893 1645
f 1629 2278 646
f 1292 2053 2179
f 830 1902 639
f 1677 2061 1387
f 968 2024 668
f 1227 1811 1836
f 585 303 1626
f 891 1781 1998
f 2240 2242 2269
f 1765 669 764
f 635 583 588
f 187 893 2195
f 275 760 1119
f 1895 2255 1892
f 1450 685 888
f 1082 1912 2250
f 203 1190 774
f 2109 2213 2186
f 303 283 1626
f 215 1193 272
f 2055 2054 2056
f 2263 2200 2231
f 1888 633 605
f 282 280 122
f 2242 2197 2103
f 2219 2201 1669
f 1950 1752 659
f 137 1486 172
f 2212 2238 1915
f 2130 2171 2198
f 2200 2183 2151
f 2218 295 1884
f 2195 1866 2168
f 991 1558 1559
f 1252 1575 616
f 624 274 597
f 2184 2160 2098
f 1578 1587 1350
f 1320 1915 2216
f 2154 2148 2165
f 225 656 215
f 1309 156 1320
f 2166 2125 2171
f 613 1879 1875
f 813 1349 1251
f 948 1550 666
f 2142 2097 2160
f 805 608 159
f 1554 1306 861
f 1526 1456 680
f 853 1251 2155
f 2070 2148 2121
f 234 566 565
f 1561 862 188
f 2352 2358 1212
f 973 1731 1532
f 909 854 1193
f 1109 1009 2159
f 2133 2105 2064
f 241 783 1271
f 184 596 1963
f 1714 598 208
f 1244 208 598
f 1865 1025 1730
f 1254 1245 638
f 2131 2170 2132
f 2029 1930 1110
f 1372 1932 1959
f 1134 1868 976
f 1959 976 1868
f 632 1256 219
f 1745 244 1519
f 1327 907 1010
f 224 1504 1490
f 2150 2058 2136
f 1959 1868 1211
f 1537 1716 1712
f 1109 1931 1073
f 575 216 1087
f 1887 373 1586
f 1537 1713 1533
f 1533 1713 1532
f 1349 2121 2148
f 2142 2118 1530
f 1067 229 785
f 915 1594 252
f 2001 576 1874
f 793 1211 1868
f 2172 1476 2158
f 1072 2146 980
f 2057 2162 2129
f 909 1193 228
f 1532 1731 1533
f 1716 1530 1243
f 219 1066 860
f 2167 2113 2114
f 242 2145 1111
f 1507 1719 1018
f 1720 1371 2003
f 1545 1477 1197
f 951 895 1390
f 922 2123 1921
f 2384 2437 2428
f 1874 1263 236
f 170 1574 1866
f 1197 1136 1702
f 2029 1110 1480
f 1291 1497 247
f 1751 803 812
f 1882 2122 645
f 1015 177 1693
f 1713 188 1136
f 837 915 1467
f 1200 607 1105
f 1003 2338 2077
f 973 2141 1731
f 1928 854 1557
f 1698 1068 1350
f 2103 2197 2124
f 217 1403 1855
f 1549 1367 1186
f 2057 2058 1915
f 1058 1932 1732
f 2177 2115 2165
f 2116 2174 2149
f 968 668 220
f 608 259 152
f 2162 2057 1915
f 2147 1292 1858
f 2193 1884 802
f 1143 1255 908
f 409 405 689
f 1947 1754 1504
f 2175 2186 2126
f 881 1460 1956
f 2058 2150 1975
f 2072 2146 2180
f 973 1122 2185
f 2214 2139 2130
f 989 632 219
f 1465 2178 1294
f 881 1341 204
f 2058 1975 2212
f 1251 1598 1682
f 2029 1447 1267
f 1342 559 1027
f 1309 1320 2236
f 2235 2207 2210
f 670 1196 671
f 2161 2222 2181
f 2202 2041 1190
f 1956 1460 1790
f 621 1888 607
f 245 1057 292
f 607 1888 605
f 1629 595 1108
f 2200 2259 2183
f 1974 1609 1672
f 1764 1469 294
f 1761 890 1381
f 2138 2137 2257
f 2186 2233 2246
f 7 80 47
f 2137 2225 2257
f 2236 2238 2061
f 1069 29 971
f 2104 2183 2254
f 1094 1890 836
f 1004 118 1621
f 867 91 89
f 963 1337 1192
f 2270 2231 2243
f 665 1339 751
f 768 1949 892
f 85 1259 128
f 960 2083 959
f 1611 1912 1095
f 963 1773 1951
f 779 146 1103
f 1640 99 1629
f 1034 320 1126
f 639 1179 311
f 1264 1123 1340
f 2279 2272 2167
f 1953 211 896
f 2256 2239 2280
f 1666 644 318
f 2364 2294 2324
f 990 912 304
f 803 2050 573
f 1338 2083 1047
f 2260 2275 2248
f 2263 2231 2270
f 577 99 1640
f 587 104 584
f 2286 2242 2285
f 2022 1830 1948
f 1127 1837 1038
f 1790 1946 169
f 1946 1054 1996
f 1173 836 991
f 1092 996 2270
f 2300 1387 827
f 1092 2270 2295
f 1674 333 2082
f 585 317 299
f 1312 2295 2290
f 2375 1623 1380
f 1660 1312 2290
f 169 1946 1822
f 1899 1314 1651
f 2304 1996 2075
f 553 1186 1641
f 771 1902 1654
f 2107 2275 2106
f 1946 1942 1822
f 1942 2304 2322
f 2262 2319 2182
f 2039 1203 2268
f 821 655 302
f 2271 2277 2315
f 1238 1633 993
f 34 581 79
f 744 1799 1002
f 1834 335 1957
f 1958 1247 1183
f 111 114 113
f 2332 2284 2341
f 35 329 1628
f 957 1208 2325
f 1962 2044 1039
f 3 78 10
f 1227 2032 1811
f 43 992 1608
f 2342 1826 1804
f 2329 1037 1356
f 564 637 660
f 484 369 1941
f 2076 2353 2345
f 1840 100 102
f 2090 2091 1037
f 634 783 472
f 2310 2363 2276
f 1261 1615 1357
f 2321 2380 2314
f 345 1905 43
f 2364 2102 2294
f 1226 83 1331
f 1670 1622 1385
f 732 1805 727
f 828 2333 2348
f 2326 2346 2368
f 377 1553 667
f 1222 487 1805
f 529 349 1613
f 484 1331 83
f 1226 865 83
f 2368 2354 2378
f 2363 2362 2388
f 1796 1279 1789
f 2376 2372 2387
f 1966 1929 1782
f 86 485 866
f 81 1967 731
f 1965 2009 2398
f 1563 357 1684
f 2375 1606 2386
f 1330 1782 2010
f 724 1844 1993
f 463 499 1926
f 1908 1093 1979
f 179 192 1580
f 1844 724 1969
f 2409 1175 2080
f 1967 464 1205
f 1600 1555 931
f 1687 1894 1680
f 2385 1704 1080
f 982 1985 1003
f 506 354 345
f 364 679 498
f 2409 2411 2435
f 1277 869 1360
f 1991 2441 2045
f 1589 1076 1608
f 2033 1851 1358
f 2087 2443 720
f 2441 2442 2100
f 919 1767 1768
f 1508 1694 1674
f 1544 1573 1985
f 6 10 9
f 2449 2451 2441
f 1551 1596 1543
f 1889 1096 1694
f 1988 1556 1548
f 469 1715 1683
f 1582 421 1707
f 806 1579 1158
f 1029 1170 1112
f 1075 465 797
f 1567 1516 674
f 1579 655 1158
f 1359 1735 1026
f 1142 1059 1418
f 2466 1440 1971
f 331 1722 1707
f 2467 2470 2450
f 430 1169 1414
f 512 389 421
f 1029 2462 2473
f 1529 1722 1885
f 1922 1420 1423
f 1760 1423 1365
f 358 1516 1100
f 2467 2485 2476
f 1420 1146 1275
f 2468 2478 2482
f 2081 1505 1877
f 2473 2482 2471
f 1063 855 707
f 1864 1747 1274
f 1163 1877 1498
f 1063 1319 855
f 1276 1861 967
f 1318 479 392
f 440 1742 1863
f 2012 855 1319
f 770 2014 1439
f 934 440 1863
f 1393 1509 277
f 1743 969 26
f 1873 466 1506
f 1743 26 1464
f 2019 2379 1022
f 766 1290 1492
f 352 734 1799
f 703 26 940
f 843 1374 269
f 889 1466 26
f 1901 1022 938
f 924 697 1408
f 1 1071 780
f 1498 1877 1505
f 2359 2381 1217
f 699 1733 696
f 3 10 7
f 2 658 848
f 1478 1733 1471
f 450 696 1733
f 1104 1151 1479
f 773 12 849
f 1368 1500 174
f 1481 1151 848
f 449 1104 696
f 7 1873 80
f 924 443 697
f 173 910 422
f 938 936 599
f 379 936 1492
f 1375 404 842
f 456 1728 1487
f 1023 2047 1739
f 1916 933 1449
f 969 940 26
f 1740 1024 1366
f 398 399 657
f 2485 1276 2370
f 783 241 254
f 855 2012 1323
f 2488 2491 2334
f 1400 1455 1749
f 479 1722 394
f 964 1276 2481
f 2476 2485 2493
f 1876 1878 479
f 1876 479 1318
f 1506 466 477
f 1919 1860 1401
f 1499 1724 471
f 398 482 481
f 681 331 497
f 1286 1977 1443
f 1503 396 1300
f 1755 1426 1443
f 2468 2455 2478
f 1758 930 2477
f 382 473 506
f 563 434 1513
f 1425 1282 1431
f 2462 2458 2468
f 1717 1076 1711
f 383 1160 385
f 2457 427 1411
f 2459 2453 2472
f 387 1543 385
f 1414 942 430
f 427 2457 713
f 1170 1030 1144
f 1011 508 1710
f 470 672 469
f 2031 1984 382
f 1029 1112 2435
f 2397 2431 2095
f 1097 1075 1523
f 1413 1407 1737
f 1174 420 1763
f 1737 1686 1413
f 2434 2463 2380
f 1982 2418 1700
f 1170 1768 1176
f 1011 1080 1704
f 2456 2396 2380
f 2421 2424 1853
f 2437 2384 2418
f 397 1923 1766
f 1925 721 2444
f 2428 1704 2384
f 1852 1692 1778
f 1700 2413 1079
f 2417 1077 1987
f 1981 2400 522
f 2429 2422 2416
f 741 1851 2033
f 1777 721 1776
f 1565 1079 983
f 1593 929 1078
f 981 1596 1610
f 1216 2386 2395
f 1224 1769 25
f 2369 2420 2391
f 1845 1787 1767
f 157 1784 77
f 528 375 1906
f 2400 2356 1689
f 1614 1556 1988
f 1980 2392 2364
f 2399 2383 1217
f 1979 1093 2066
f 1897 1583 1604
f 192 5 195
f 1205 1803 1967
f 491 1757 866
f 2068 2382 2357
f 557 761 886
f 360 1691 1617
f 931 1612 1600
f 498 467 499
f 1383 1608 526
f 1153 1593 361
f 497 358 394
f 851 1801 1050
f 1052 82 97
f 1307 2086 1278
f 2359 1157 2381
f 2383 1131 1321
f 493 725 486
f 1003 988 2338
f 986 1897 1604
f 357 1086 1152
f 2320 1212 1168
f 1397 1904 1615
f 1307 2091 2368
f 1964 519 87
f 1676 569 663
f 2361 2112 2111
f 1379 1150 2059
f 492 1388 950
f 1906 1582 1634
f 316 98 1871
f 845 1002 1799
f 113 733 112
f 1638 1621 1630
f 113 1812 356
f 1834 1247 1958
f 2257 2316 2220
f 2281 2366 2321
f 548 763 309
f 654 558 717
f 1989 2300 1663
f 1935 350 1823
f 1091 1237 1638
f 1636 2039 921
f 822 2305 1000
f 1838 2043 2342
f 2320 2272 2352
f 2313 988 1239
f 1904 1092 1090
f 1628 329 836
f 1133 1819 1247
f 527 1935 1994
f 1240 2043 1838
f 1638 1899 1091
f 1635 1631 1238
f 2323 1647 1671
f 768 543 683
f 105 359 1831
f 1150 2309 2303
f 1042 1044 1960
f 512 421 375
f 1990 1172 1896
f 2292 2068 1177
f 1209 1983 2021
f 324 1906 1634
f 583 584 1627
f 651 997 73
f 2273 1907 2278
f 1954 2274 149
f 104 1627 584
f 2305 2028 1640
f 1653 2305 1640
f 681 1722 331
f 1204 1020 132
f 1214 1805 1032
f 1645 643 2061
f 583 1896 588
f 327 523 1232
f 2245 1203 2293
f 1643 1249 317
f 1665 1098 1637
f 169 1807 756
f 2227 2301 1207
f 2189 2315 2281
f 1810 2267 2017
f 2292 1177 2199
f 1819 327 897
f 750 1327 1646
f 1098 1675 1637
f 2267 2244 1210
f 2263 2294 2259
f 1642 818 1559
f 2291 1829 775
f 2278 2056 2273
f 258 212 569
f 1127 1038 1983
f 1629 2056 2278
f 2271 2315 2189
f 98 1520 1871
f 182 883 531
f 2255 1895 1672
f 1837 944 1038
f 1892 1665 1895
f 2294 2254 2259
f 1181 1639 1314
f 1002 1051 1202
f 580 632 989
f 2056 2054 2273
f 2274 944 1949
f 602 1259 85
f 2042 869 2344
f 1249 905 317
f 1255 1829 1229
f 1639 1913 1911
f 1786 298 301
f 962 1348 1415
f 1674 2082 1914
f 2062 1353 1677
f 816 289 129
f 816 129 139
f 2261 2073 2302
f 2263 2259 2200
f 306 1249 1647
f 2258 2224 994
f 1436 1405 1952
f 1912 611 2250
f 1289 2092 962
f 2003 1032 1806
f 661 1347 1132
f 593 633 1888
f 2105 2252 2064
f 160 103 1246
f 1911 1913 129
f 2196 2244 2267
f 1095 1911 1611
f 2228 2213 2276
f 1667 117 162
f 581 1486 137
f 1949 944 892
f 267 1410 781
f 1525 833 1524
f 896 211 761
f 1774 2234 1944
f 1184 1591 602
f 1792 1773 2206
f 1998 1781 568
f 1752 1950 1841
f 2219 2229 2143
f 682 683 543
f 2215 1847 2249
f 1190 203 892
f 1179 250 2119
f 1948 2232 668
f 665 1132 1339
f 2196 2217 2244
f 853 1598 1251
f 2130 2198 2230
f 511 1524 833
f 1938 1415 1453
f 1351 628 1006
f 2352 2328 2358
f 2153 2219 2143
f 860 1324 160
f 1571 858 1572
f 1102 922 1108
f 1074 1581 266
f 1934 1761 1381
f 628 1570 2000
f 2198 2171 2228
f 985 1109 2002
f 259 1879 152
f 856 631 2176
f 1875 1561 1070
f 2132 1236 2131
f 1956 1585 1714
f 2190 1386 2122
f 1070 1716 808
f 1495 1497 1452
f 1186 1367 1456
f 609 630 233
f 2069 2199 2152
f 1963 596 1547
f 2156 2188 2175
f 950 500 492
f 1714 248 1956
f 1575 1382 615
f 1572 1578 1345
f 860 1066 1324
f 798 1588 1472
f 2151 2088 2143
f 2135 1476 2180
f 680 666 1526
f 2161 2181 2172
f 2160 2184 2140
f 2116 1200 1701
f 1865 1257 1136
f 225 230 246
f 2134 2174 2116
f 1110 1068 1698
f 2120 1727 2168
f 793 1477 1545
f 1866 2120 2168
f 1562 217 784
f 1533 1731 1725
f 1303 2115 2069
f 2140 2156 2127
f 806 1100 363
f 1010 2040 1018
f 980 2146 1194
f 1550 948 1382
f 239 576 1137
f 224 1490 248
f 243 922 219
f 2171 2124 2166
f 2142 1725 2141
f 2093 1476 2135
f 2133 2138 2089
f 186 928 803
f 1345 1068 1930
f 1519 1015 1299
f 2152 1299 2069
f 1134 1477 793
f 1195 1257 1730
f 2172 2052 2161
f 1470 1744 1018
f 793 898 1298
f 1381 2027 1934
f 2167 2130 2113
f 2069 2115 2177
f 784 217 1855
f 198 207 249
f 1197 1477 1136
f 656 232 215
f 1470 1018 2040
f 210 802 1884
f 630 597 1719
f 1562 784 1558
f 928 1119 575
f 256 1328 1349
f 781 1410 1259
f 2040 1027 1470
f 807 1188 1256
f 1716 1201 808
f 948 1057 245
f 2180 1476 2223
f 188 1697 1136
f 1072 607 2093
f 604 1467 661
f 2208 2184 2098
f 1493 1802 1371
f 1236 1343 2131
f 600 2193 802
f 2137 2114 2225
f 837 1467 604
f 252 1594 617
f 2152 2199 2217
f 813 810 1349
f 608 152 159
f 2176 2173 2210
f 1386 2190 2026
f 2060 2211 2055
f 1883 598 1585
f 915 837 1594
f 267 236 880
f 2174 2215 2189
f 158 1575 615
f 292 1132 1463
f 1270 1128 2192
f 543 1392 760
f 1855 1403 1995
f 185 880 211
f 1268 1428 1450
f 2188 2208 2233
f 1419 1753 294
f 2026 2190 1309
f 1186 1355 1576
f 1353 1309 1677
f 764 761 557
f 276 1248 143
f 2267 1950 2196
f 1773 963 1192
f 1102 1324 1881
f 2185 2248 2098
f 2216 1915 2238
f 1848 2036 1790
f 1947 2251 1996
f 2053 290 187
f 101 990 1102
f 1291 878 1452
f 1166 288 1609
f 760 275 1130
f 252 317 905
f 2250 2224 2258
f 1336 2247 1122
f 1681 1974 2265
f 2022 1948 2024
f 640 816 139
f 317 252 617
f 1953 320 185
f 1639 1181 1316
f 1033 1284 1272
f 2260 2248 2247
f 1230 2234 1272
f 883 1406 756
f 1373 1248 84
f 693 711 194
f 2061 643 312
f 1792 1951 1773
f 586 1665 300
f 1409 537 547
f 318 1603 1666
f 586 1098 1665
f 2199 2071 2292
f 674 505 1534
f 2242 2286 2269
f 996 2294 2263
f 1258 1664 1899
f 150 1808 755
f 1658 1246 834
f 61 580 989
f 2303 2062 2300
f 1660 2290 1992
f 1654 311 1179
f 1209 1284 1983
f 1206 1945 2308
f 1654 1179 771
f 961 2359 1217
f 425 754 426
f 34 1486 581
f 63 2028 765
f 946 1954 340
f 1648 1612 1668
f 1819 1332 327
f 1944 1936 1285
f 1348 962 2329
f 1230 1817 1182
f 1620 567 72
f 1332 348 327
f 1001 2294 996
f 2299 2337 2277
f 553 554 1186
f 1247 1819 1183
f 2319 2262 2314
f 1941 1834 1957
f 2283 2312 2310
f 1344 1321 1121
f 155 541 151
f 1961 2044 2020
f 1633 2065 1357
f 34 636 829
f 93 1332 1180
f 1670 1671 1643
f 921 2039 1085
f 2332 2351 2074
f 1620 333 1618
f 1118 2330 1227
f 733 1836 112

